Event_ID,Competition_ID,Season_ID,Season_Format,Competition_Phase,Competition_Stage,Competition_Type,Team_ID,Equipo,Condicion,Tiempo,Fecha,Jornada,Goals,Ball possession,Expected goals,Big chances,Total shots,Goalkeeper saves,Corner kicks,Fouls,Passes,Tackles,Free kicks,Yellow cards,Red cards,Shots on target,Hit woodwork,Shots off target,Blocked shots,Shots inside box,Shots outside box,Big chances scored,Big chances missed,Through balls,Touches in penalty area,Fouled in final third,Offsides,Accurate passes,Throw-ins,Final third entries,Final third phase,Long balls,Crosses,Duels,Dispossessed,Ground duels,Aerial duels,Dribbles,Tackles won,Total tackles,Interceptions,Recoveries,Clearances,Errors lead to a shot,Total saves,Goals prevented,Big saves,High claims,Punches,Goal kicks
9595336,182,37169,NORMAL,REGULAR,Round 1,LEAGUE,1686,Dijon,Local,ALL,26/07/2021,1,1,49%,0.00,0,9,3,2,13,382,10,19,2,,1,0,4,4,6,3,0,0,0,,2,4,317,23,47,,27/49 (55%),5/14 (36%),52%,10,40/80 (50%),18/31 (58%),12/21 (57%),70%,10,7,,12,,3,,,,,9
9595336,182,37169,NORMAL,REGULAR,Round 1,LEAGUE,1686,Dijon,Local,1ST,26/07/2021,1,0,42%,0.00,0,1,1,0,,184,4,11,2,,0,0,0,1,1,0,0,0,0,,0,1,150,4,18,,14/28 (50%),0/2 (0%),51%,5,21/42 (50%),5/9 (56%),6/10 (60%),50%,4,5,,10,,1,,,,,6
9595336,182,37169,NORMAL,REGULAR,Round 1,LEAGUE,1686,Dijon,Local,2ND,26/07/2021,1,1,59%,0.00,0,8,2,2,,198,6,8,0,,1,0,4,3,5,3,0,0,0,,2,3,167,19,29,,13/21 (62%),5/12 (42%),53%,5,19/38 (50%),13/22 (59%),6/11 (55%),83%,6,2,,2,,2,,,,,3
9595336,182,37169,NORMAL,REGULAR,Round 1,LEAGUE,1657,Sochaux,Visita,ALL,26/07/2021,1,3,51%,0.00,7,13,0,2,20,394,19,12,2,,6,0,4,3,10,3,2,5,3,,4,3,314,26,48,,25/59 (42%),2/10 (20%),48%,9,40/80 (50%),13/31 (42%),11/12 (92%),63%,19,12,,9,,0,,,,,5
9595336,182,37169,NORMAL,REGULAR,Round 1,LEAGUE,1657,Sochaux,Visita,1ST,26/07/2021,1,0,58%,0.00,4,7,0,1,,253,9,8,1,,1,0,3,3,4,3,0,4,0,,4,2,211,14,30,,10/26 (38%),2/9 (22%),49%,3,21/42 (50%),4/9 (44%),5/6 (83%),89%,9,6,,2,,0,,,,,1
9595336,182,37169,NORMAL,REGULAR,Round 1,LEAGUE,1657,Sochaux,Visita,2ND,26/07/2021,1,3,41%,0.00,3,6,0,1,,141,10,4,1,,5,0,1,0,6,0,2,1,3,,0,1,103,12,18,,15/33 (45%),0/1 (0%),47%,6,19/38 (50%),9/22 (41%),6/6 (100%),40%,10,6,,7,,0,,,,,4
9595335,182,37169,NORMAL,REGULAR,Round 2,LEAGUE,1657,Sochaux,Local,ALL,31/07/2021,2,0,67%,0.00,1,12,2,8,8,607,22,8,3,,3,1,6,3,5,7,0,1,0,,4,3,508,30,75,,40/70 (57%),5/42 (12%),56%,11,45/84 (54%),18/28 (64%),15/25 (60%),55%,22,6,,4,,2,,,,,6
9595335,182,37169,NORMAL,REGULAR,Round 2,LEAGUE,1657,Sochaux,Local,1ST,31/07/2021,2,0,69%,0.00,0,6,1,4,,312,6,4,1,,2,1,3,1,3,3,0,0,0,,1,3,264,12,28,,17/31 (55%),2/16 (13%),49%,5,13/28 (46%),6/11 (55%),3/4 (75%),83%,6,3,,0,,1,,,,,4
9595335,182,37169,NORMAL,REGULAR,Round 2,LEAGUE,1657,Sochaux,Local,2ND,31/07/2021,2,0,65%,0.00,1,6,1,4,,295,16,4,2,,1,0,3,2,2,4,0,1,0,,3,0,244,18,47,,23/39 (59%),3/26 (12%),60%,6,32/56 (57%),12/17 (71%),12/21 (57%),44%,16,3,,4,,1,,,,,2
9595335,182,37169,NORMAL,REGULAR,Round 2,LEAGUE,1662,Le Havre,Visita,ALL,31/07/2021,2,2,33%,0.00,2,10,3,3,9,319,21,8,0,,4,0,4,2,4,6,2,0,1,,1,0,220,18,70,,23/66 (35%),1/4 (25%),44%,14,39/84 (46%),10/28 (36%),10/18 (56%),57%,21,9,,32,,3,,,,,13
9595335,182,37169,NORMAL,REGULAR,Round 2,LEAGUE,1662,Le Havre,Visita,1ST,31/07/2021,2,2,31%,0.00,2,6,2,1,,147,6,5,0,,3,0,2,1,3,3,2,0,1,,0,0,98,9,43,,15/36 (42%),1/1 (100%),51%,3,15/28 (54%),5/11 (45%),4/7 (57%),17%,6,3,,10,,2,,,,,4
9595335,182,37169,NORMAL,REGULAR,Round 2,LEAGUE,1662,Le Havre,Visita,2ND,31/07/2021,2,0,35%,0.00,0,4,1,2,,172,15,3,0,,1,0,2,1,1,3,0,0,0,,1,0,122,9,27,,8/30 (27%),0/3 (0%),40%,11,24/56 (43%),5/17 (29%),6/11 (55%),73%,15,6,,22,,1,,,,,9
9595414,182,37169,NORMAL,REGULAR,Round 3,LEAGUE,1667,Stade Malherbe Caen,Local,ALL,07/08/2021,3,1,49%,0.00,1,15,5,3,13,383,14,10,0,1,5,0,4,6,8,7,0,1,0,,5,0,306,30,53,,28/57 (49%),2/17 (12%),45%,5,36/84 (43%),17/35 (49%),12/28 (43%),43%,14,9,,18,,5,,,,,8
9595414,182,37169,NORMAL,REGULAR,Round 3,LEAGUE,1667,Stade Malherbe Caen,Local,1ST,07/08/2021,3,0,48%,0.00,0,7,3,1,,198,9,7,0,0,1,0,2,4,2,5,0,0,0,,2,0,156,15,23,,14/28 (50%),0/4 (0%),51%,1,19/36 (53%),7/15 (47%),3/4 (75%),44%,9,5,,14,,3,,,,,5
9595414,182,37169,NORMAL,REGULAR,Round 3,LEAGUE,1667,Stade Malherbe Caen,Local,2ND,07/08/2021,3,1,49%,0.00,1,8,2,2,,185,5,3,0,1,4,0,2,2,6,2,0,1,0,,3,0,150,15,30,,14/29 (48%),2/13 (15%),40%,4,17/48 (35%),10/20 (50%),9/24 (38%),40%,5,4,,4,,2,,,,,3
9595414,182,37169,NORMAL,REGULAR,Round 3,LEAGUE,1657,Sochaux,Visita,ALL,07/08/2021,3,2,51%,0.00,2,17,4,7,10,406,21,12,1,0,7,0,7,3,7,10,2,0,1,,3,1,327,17,58,,20/53 (38%),6/19 (32%),55%,9,48/84 (57%),18/35 (51%),15/20 (75%),62%,21,11,,26,,4,,,,,10
9595414,182,37169,NORMAL,REGULAR,Round 3,LEAGUE,1657,Sochaux,Visita,1ST,07/08/2021,3,0,52%,0.00,0,8,1,4,,209,2,8,1,0,3,0,4,1,1,7,0,0,1,,3,1,175,12,32,,13/25 (52%),3/12 (25%),49%,7,17/36 (47%),8/15 (53%),7/9 (78%),50%,2,6,,4,,1,,,,,5
9595414,182,37169,NORMAL,REGULAR,Round 3,LEAGUE,1657,Sochaux,Visita,2ND,07/08/2021,3,2,51%,0.00,2,9,3,3,,197,19,4,0,0,4,0,3,2,6,3,2,0,0,,0,0,152,5,26,,7/28 (25%),3/7 (43%),60%,2,31/48 (65%),10/20 (50%),8/11 (73%),63%,19,5,,22,,3,,,,,5
9595394,182,37169,NORMAL,REGULAR,Round 4,LEAGUE,1657,Sochaux,Local,ALL,14/08/2021,4,1,52%,0.00,3,11,2,4,16,399,19,10,2,,2,0,6,3,6,5,,3,,,2,0,315,27,61,,27/63 (43%),2/10 (20%),41%,3,30/69 (43%),17/47 (36%),2/5 (40%),37%,19,5,,25,,2,,,,,6
9595394,182,37169,NORMAL,REGULAR,Round 4,LEAGUE,1657,Sochaux,Local,1ST,14/08/2021,4,1,54%,0.00,1,5,0,2,,202,4,5,1,,0,0,3,2,2,3,,1,,,0,0,167,12,31,,13/26 (50%),1/8 (13%),40%,2,10/24 (42%),6/16 (38%),1/1 (100%),25%,4,1,,16,,0,,,,,2
9595394,182,37169,NORMAL,REGULAR,Round 4,LEAGUE,1657,Sochaux,Local,2ND,14/08/2021,4,0,49%,0.00,2,6,2,2,,197,15,5,1,,2,0,3,1,4,2,,2,,,2,0,148,15,30,,14/37 (38%),1/2 (50%),41%,1,20/45 (44%),11/31 (35%),1/4 (25%),40%,15,4,,9,,2,,,,,4
9595394,182,37169,NORMAL,REGULAR,Round 4,LEAGUE,6918,USL Dunkerque,Visita,ALL,14/08/2021,4,0,48%,0.00,1,13,2,10,10,356,6,16,3,,2,1,5,6,8,5,,1,,,3,1,265,17,55,,27/57 (47%),7/26 (27%),59%,10,39/69 (57%),30/47 (64%),17/26 (65%),50%,6,13,,11,,2,,,,,9
9595394,182,37169,NORMAL,REGULAR,Round 4,LEAGUE,6918,USL Dunkerque,Visita,1ST,14/08/2021,4,0,46%,0.00,1,5,0,5,,161,2,6,2,,0,1,2,3,4,1,,1,,,2,1,123,7,22,,16/32 (50%),3/14 (21%),60%,2,14/24 (58%),10/16 (63%),6/8 (75%),50%,2,5,,8,,0,,,,,4
9595394,182,37169,NORMAL,REGULAR,Round 4,LEAGUE,6918,USL Dunkerque,Visita,2ND,14/08/2021,4,0,51%,0.00,0,8,2,5,,195,4,10,1,,2,0,3,3,4,4,,0,,,1,0,142,10,33,,11/25 (44%),4/12 (33%),59%,8,25/45 (56%),20/31 (65%),11/18 (61%),50%,4,8,,3,,2,,,,,5
9595466,182,37169,NORMAL,REGULAR,Round 5,LEAGUE,1676,Amiens SC,Local,ALL,21/08/2021,5,0,41%,0.00,0,7,2,5,10,363,17,13,2,1,2,1,2,3,3,4,,0,0,,1,0,279,27,53,,34/63 (54%),4/14 (29%),54%,9,39/76 (51%),16/26 (62%),9/16 (56%),53%,17,11,,17,,2,,,,,9
9595466,182,37169,NORMAL,REGULAR,Round 5,LEAGUE,1676,Amiens SC,Local,1ST,21/08/2021,5,0,33%,0.00,0,2,2,2,,148,13,6,0,0,1,1,1,0,1,1,,0,0,,1,0,107,16,25,,18/34 (53%),1/5 (20%),58%,4,24/42 (57%),10/17 (59%),5/11 (45%),46%,13,7,,9,,2,,,,,4
9595466,182,37169,NORMAL,REGULAR,Round 5,LEAGUE,1676,Amiens SC,Local,2ND,21/08/2021,5,0,50%,0.00,0,5,0,3,,215,4,7,2,1,1,0,1,3,2,3,,0,0,,0,0,172,11,28,,16/29 (55%),3/9 (33%),49%,5,15/34 (44%),6/9 (67%),4/5 (80%),75%,4,4,,8,,0,,,,,5
9595466,182,37169,NORMAL,REGULAR,Round 5,LEAGUE,1657,Sochaux,Visita,ALL,21/08/2021,5,0,59%,0.00,3,13,2,7,13,514,16,10,5,1,3,1,6,4,6,7,,3,1,,0,2,438,16,45,,32/57 (56%),7/22 (32%),46%,7,37/76 (49%),10/26 (38%),11/21 (52%),75%,16,18,,18,,2,,,,,4
9595466,182,37169,NORMAL,REGULAR,Round 5,LEAGUE,1657,Sochaux,Visita,1ST,21/08/2021,5,0,67%,0.00,1,6,1,2,,305,10,6,1,0,2,0,2,2,2,4,,1,1,,0,1,262,14,28,,26/38 (68%),3/11 (27%),42%,5,18/42 (43%),7/17 (41%),2/10 (20%),80%,10,10,,8,,1,,,,,2
9595466,182,37169,NORMAL,REGULAR,Round 5,LEAGUE,1657,Sochaux,Visita,2ND,21/08/2021,5,0,50%,0.00,2,7,1,5,,209,6,4,4,1,1,1,4,2,4,3,,2,0,,0,1,176,2,17,,6/19 (32%),4/11 (36%),51%,2,19/34 (56%),3/9 (33%),9/11 (82%),67%,6,8,,10,,1,,,,,2
9595435,182,37169,NORMAL,REGULAR,Round 6,LEAGUE,1657,Sochaux,Local,ALL,28/08/2021,6,1,50%,0.00,1,10,0,4,10,455,14,14,2,,3,0,5,2,5,5,,1,,,3,2,345,25,61,,26/76 (34%),6/16 (38%),47%,11,35/72 (49%),16/37 (43%),7/13 (54%),50%,14,11,,14,,0,,,,,7
9595435,182,37169,NORMAL,REGULAR,Round 6,LEAGUE,1657,Sochaux,Local,1ST,28/08/2021,6,1,55%,0.00,1,6,0,1,,279,9,6,0,,3,0,2,1,3,3,,1,,,3,1,219,13,30,,16/37 (43%),3/8 (38%),60%,7,19/33 (58%),12/19 (63%),4/7 (57%),56%,9,5,,2,,0,,,,,3
9595435,182,37169,NORMAL,REGULAR,Round 6,LEAGUE,1657,Sochaux,Local,2ND,28/08/2021,6,0,43%,0.00,0,4,0,3,,176,5,8,2,,0,0,3,1,2,2,,0,,,0,1,126,12,31,,10/39 (26%),3/8 (38%),35%,4,16/39 (41%),4/18 (22%),3/6 (50%),40%,5,6,,12,,0,,,,,4
9595435,182,37169,NORMAL,REGULAR,Round 6,LEAGUE,1671,Grenoble Foot 38,Visita,ALL,28/08/2021,6,0,50%,0.00,0,5,2,0,15,460,17,10,1,,0,0,3,2,2,3,,0,,,1,1,354,30,70,,27/59 (46%),1/8 (13%),53%,7,37/72 (51%),21/37 (57%),10/17 (59%),35%,17,18,,8,,2,,,,,7
9595435,182,37169,NORMAL,REGULAR,Round 6,LEAGUE,1671,Grenoble Foot 38,Visita,1ST,28/08/2021,6,0,45%,0.00,0,3,2,0,,225,10,2,0,,0,0,2,1,2,1,,0,,,0,1,178,11,28,,17/32 (53%),1/2 (50%),40%,4,14/33 (42%),7/19 (37%),2/7 (29%),30%,10,9,,6,,2,,,,,4
9595435,182,37169,NORMAL,REGULAR,Round 6,LEAGUE,1671,Grenoble Foot 38,Visita,2ND,28/08/2021,6,0,57%,0.00,0,2,0,0,,235,7,8,1,,0,0,1,1,0,2,,0,,,1,0,176,19,42,,10/27 (37%),0/6 (0%),65%,3,23/39 (59%),14/18 (78%),8/10 (80%),43%,7,9,,2,,0,,,,,3
9595442,182,37169,NORMAL,REGULAR,Round 7,LEAGUE,1660,Ajaccio,Local,ALL,11/09/2021,7,1,46%,0.00,1,11,1,5,13,363,11,7,5,,5,0,1,5,7,4,1,0,,,1,1,265,31,62,,28/65 (43%),5/15 (33%),47%,7,26/65 (40%),22/38 (58%),10/22 (45%),45%,11,13,,17,,1,,,,,8
9595442,182,37169,NORMAL,REGULAR,Round 7,LEAGUE,1660,Ajaccio,Local,1ST,11/09/2021,7,0,53%,0.00,0,7,0,4,,203,4,6,2,,2,0,1,4,4,3,0,0,,,1,1,151,17,31,,11/26 (42%),3/9 (33%),49%,0,11/28 (39%),15/25 (60%),3/9 (33%),25%,4,5,,2,,0,,,,,2
9595442,182,37169,NORMAL,REGULAR,Round 7,LEAGUE,1660,Ajaccio,Local,2ND,11/09/2021,7,1,40%,0.00,1,4,1,1,,160,7,1,3,,3,0,0,1,3,1,1,0,,,0,0,114,14,31,,17/39 (44%),2/6 (33%),44%,7,15/37 (41%),7/13 (54%),7/13 (54%),57%,7,8,,15,,1,,,,,6
9595442,182,37169,NORMAL,REGULAR,Round 7,LEAGUE,1657,Sochaux,Visita,ALL,11/09/2021,7,0,54%,0.00,1,7,4,6,8,425,19,12,2,,1,1,4,2,6,1,0,1,,,2,6,306,25,53,,27/71 (38%),7/20 (35%),53%,5,39/65 (60%),16/38 (42%),8/14 (57%),53%,19,10,,13,,4,,,,,6
9595442,182,37169,NORMAL,REGULAR,Round 7,LEAGUE,1657,Sochaux,Visita,1ST,11/09/2021,7,0,47%,0.00,0,2,2,0,,189,6,9,1,,0,0,2,0,2,0,0,0,,,2,5,131,11,21,,13/39 (33%),3/4 (75%),51%,3,17/28 (61%),10/25 (40%),2/3 (67%),50%,6,7,,9,,2,,,,,4
9595442,182,37169,NORMAL,REGULAR,Round 7,LEAGUE,1657,Sochaux,Visita,2ND,11/09/2021,7,0,60%,0.00,1,5,2,6,,236,13,3,1,,1,1,2,2,4,1,0,1,,,0,1,175,14,32,,14/32 (44%),4/16 (25%),56%,2,22/37 (59%),6/13 (46%),6/11 (55%),54%,13,3,,4,,2,,,,,2
9595509,182,37169,NORMAL,REGULAR,Round 8,LEAGUE,1657,Sochaux,Local,ALL,18/09/2021,8,2,47%,0.00,2,12,2,3,10,417,16,12,1,,4,0,5,3,7,5,1,1,,,2,5,327,29,61,,34/79 (43%),2/13 (15%),52%,9,35/66 (53%),13/26 (50%),7/16 (44%),63%,16,20,,16,,2,,,,,7
9595509,182,37169,NORMAL,REGULAR,Round 8,LEAGUE,1657,Sochaux,Local,1ST,18/09/2021,8,1,50%,0.00,1,5,2,2,,229,6,5,1,,2,0,2,1,4,1,1,0,,,2,1,184,18,35,,18/38 (47%),2/9 (22%),47%,6,15/33 (45%),7/14 (50%),4/10 (40%),50%,6,10,,5,,2,,,,,3
9595509,182,37169,NORMAL,REGULAR,Round 8,LEAGUE,1657,Sochaux,Local,2ND,18/09/2021,8,1,44%,0.00,1,7,0,1,,188,10,7,0,,2,0,3,2,3,4,0,1,,,0,4,143,11,26,,16/41 (39%),0/4 (0%),58%,3,20/33 (61%),6/12 (50%),3/6 (50%),70%,10,10,,11,,0,,,,,4
9595509,182,37169,NORMAL,REGULAR,Round 8,LEAGUE,6070,Paris FC,Visita,ALL,18/09/2021,8,0,53%,0.00,0,6,2,3,13,472,18,10,2,,2,0,3,1,3,3,0,0,,,1,0,351,21,82,,44/81 (54%),4/17 (24%),48%,11,31/66 (47%),13/26 (50%),3/8 (38%),56%,18,13,,7,,2,,,,,9
9595509,182,37169,NORMAL,REGULAR,Round 8,LEAGUE,6070,Paris FC,Visita,1ST,18/09/2021,8,0,50%,0.00,0,3,1,0,,229,12,3,1,,2,0,1,0,2,1,0,0,,,0,0,165,9,36,,17/42 (40%),2/6 (33%),53%,2,18/33 (55%),7/14 (50%),3/7 (43%),67%,12,6,,4,,1,,,,,5
9595509,182,37169,NORMAL,REGULAR,Round 8,LEAGUE,6070,Paris FC,Visita,2ND,18/09/2021,8,0,56%,0.00,0,3,1,3,,243,6,7,1,,0,0,2,1,1,2,0,0,,,1,0,186,12,46,,27/39 (69%),2/11 (18%),42%,9,13/33 (39%),6/12 (50%),0/1 (0%),33%,6,7,,3,,1,,,,,4
9595533,182,37169,NORMAL,REGULAR,Round 9,LEAGUE,1654,Guingamp,Local,ALL,21/09/2021,9,1,58%,0.00,0,17,0,5,17,413,9,18,5,,3,1,9,5,11,6,0,0,0,,8,4,331,24,57,,37/60 (62%),8/23 (35%),58%,7,45/81 (56%),22/34 (65%),18/27 (67%),56%,9,9,,16,,0,,,,,6
9595533,182,37169,NORMAL,REGULAR,Round 9,LEAGUE,1654,Guingamp,Local,1ST,21/09/2021,9,1,58%,0.00,0,8,0,1,,235,6,8,2,,3,1,5,0,6,2,0,0,0,,5,3,203,11,23,,15/28 (54%),5/10 (50%),53%,4,26/47 (55%),5/12 (42%),12/17 (71%),50%,6,5,,11,,0,,,,,4
9595533,182,37169,NORMAL,REGULAR,Round 9,LEAGUE,1654,Guingamp,Local,2ND,21/09/2021,9,0,58%,0.00,0,9,0,4,,178,3,10,3,,0,0,4,5,5,4,0,0,0,,3,1,128,13,34,,22/32 (69%),3/13 (23%),64%,3,19/34 (56%),17/22 (77%),6/10 (60%),67%,3,4,,5,,0,,,,,2
9595533,182,37169,NORMAL,REGULAR,Round 9,LEAGUE,1657,Sochaux,Visita,ALL,21/09/2021,9,2,42%,0.00,3,5,2,2,18,301,16,15,5,,2,0,3,0,4,1,2,1,1,,3,2,228,22,52,,27/64 (42%),2/14 (14%),42%,7,36/81 (44%),12/34 (35%),6/8 (75%),63%,16,8,,22,,2,,,,,8
9595533,182,37169,NORMAL,REGULAR,Round 9,LEAGUE,1657,Sochaux,Visita,1ST,21/09/2021,9,0,42%,0.00,0,1,2,2,,170,9,7,0,,0,0,1,0,0,1,0,0,0,,0,0,137,10,24,,13/29 (45%),0/9 (0%),47%,4,21/47 (45%),7/12 (58%),5/7 (71%),67%,9,4,,10,,2,,,,,3
9595533,182,37169,NORMAL,REGULAR,Round 9,LEAGUE,1657,Sochaux,Visita,2ND,21/09/2021,9,2,42%,0.00,3,4,0,0,,131,7,8,5,,2,0,2,0,4,0,2,1,1,,3,2,91,12,28,,14/35 (40%),2/5 (40%),36%,3,15/34 (44%),5/22 (23%),1/1 (100%),57%,7,4,,12,,0,,,,,5
9595506,182,37169,NORMAL,REGULAR,Round 10,LEAGUE,1657,Sochaux,Local,ALL,24/09/2021,10,0,51%,0.00,2,12,2,4,12,421,10,12,0,,4,0,6,2,8,4,,2,,,0,1,330,22,48,,18/58 (31%),3/21 (14%),48%,12,30/65 (46%),16/30 (53%),9/16 (56%),80%,10,11,,10,,2,,,,,7
9595506,182,37169,NORMAL,REGULAR,Round 10,LEAGUE,1657,Sochaux,Local,1ST,24/09/2021,10,0,54%,0.00,2,6,2,4,,221,6,5,0,,3,0,2,1,4,2,,2,,,0,1,178,14,26,,9/23 (39%),0/13 (0%),49%,6,15/30 (50%),7/15 (47%),5/9 (56%),83%,6,6,,4,,2,,,,,5
9595506,182,37169,NORMAL,REGULAR,Round 10,LEAGUE,1657,Sochaux,Local,2ND,24/09/2021,10,0,49%,0.00,0,6,0,0,,200,4,7,0,,1,0,4,1,4,2,,0,,,0,0,152,8,22,,9/35 (26%),3/8 (38%),48%,6,15/35 (43%),9/15 (60%),4/7 (57%),75%,4,5,,6,,0,,,,,2
9595506,182,37169,NORMAL,REGULAR,Round 10,LEAGUE,1646,Auxerre,Visita,ALL,24/09/2021,10,0,49%,0.00,0,6,4,5,12,406,19,12,2,,1,2,4,1,3,3,,0,,,1,0,302,28,59,,28/73 (38%),1/16 (6%),52%,8,35/65 (54%),14/30 (47%),5/7 (71%),63%,19,9,,20,,4,,,,,10
9595506,182,37169,NORMAL,REGULAR,Round 10,LEAGUE,1646,Auxerre,Visita,1ST,24/09/2021,10,0,46%,0.00,0,4,3,3,,187,10,2,0,,1,1,3,0,1,3,,0,,,0,0,136,12,25,,10/31 (32%),1/10 (10%),51%,4,15/30 (50%),8/15 (53%),3/5 (60%),60%,10,5,,13,,3,,,,,6
9595506,182,37169,NORMAL,REGULAR,Round 10,LEAGUE,1646,Auxerre,Visita,2ND,24/09/2021,10,0,51%,0.00,0,2,1,2,,219,9,10,2,,0,1,1,1,2,0,,0,,,1,0,166,16,34,,18/42 (43%),0/6 (0%),52%,4,20/35 (57%),6/15 (40%),2/2 (100%),67%,9,4,,7,,1,,,,,4
9595358,182,37169,NORMAL,REGULAR,Round 11,LEAGUE,1657,Sochaux,Local,ALL,02/10/2021,11,1,58%,0.00,3,9,3,3,10,504,19,8,3,,1,0,7,1,6,3,1,2,1,,0,1,418,21,70,,27/61 (44%),5/18 (28%),46%,12,34/74 (46%),12/25 (48%),7/15 (47%),37%,19,11,,10,,3,,,,,7
9595358,182,37169,NORMAL,REGULAR,Round 11,LEAGUE,1657,Sochaux,Local,1ST,02/10/2021,11,0,58%,0.00,0,4,0,2,,271,8,3,0,,0,0,3,1,3,1,0,0,1,,0,0,234,12,34,,14/32 (44%),3/11 (27%),40%,6,15/38 (39%),4/9 (44%),4/9 (44%),50%,8,2,,3,,0,,,,,4
9595358,182,37169,NORMAL,REGULAR,Round 11,LEAGUE,1657,Sochaux,Local,2ND,02/10/2021,11,1,58%,0.00,3,5,3,1,,233,11,5,3,,1,0,4,0,3,2,1,2,0,,0,1,184,9,36,,13/29 (45%),2/7 (29%),52%,6,19/36 (53%),8/16 (50%),3/6 (50%),27%,11,9,,7,,3,,,,,3
9595358,182,37169,NORMAL,REGULAR,Round 11,LEAGUE,1665,Chamois Niortais,Visita,ALL,02/10/2021,11,0,42%,0.00,0,6,0,4,9,369,20,10,1,,3,1,3,0,3,3,0,0,0,,1,0,267,28,62,,22/65 (34%),2/9 (22%),54%,9,40/74 (54%),13/25 (52%),10/20 (50%),55%,20,4,,15,,0,,,,,9
9595358,182,37169,NORMAL,REGULAR,Round 11,LEAGUE,1665,Chamois Niortais,Visita,1ST,02/10/2021,11,0,42%,0.00,0,2,0,2,,200,11,4,0,,0,1,2,0,1,1,0,0,0,,0,0,145,11,28,,7/34 (21%),1/5 (20%),60%,4,23/38 (61%),5/9 (56%),8/12 (67%),73%,11,1,,9,,0,,,,,5
9595358,182,37169,NORMAL,REGULAR,Round 11,LEAGUE,1665,Chamois Niortais,Visita,2ND,02/10/2021,11,0,42%,0.00,0,4,0,2,,169,9,6,1,,3,0,1,0,2,2,0,0,0,,1,0,122,17,34,,15/31 (48%),1/4 (25%),48%,5,17/36 (47%),8/16 (50%),2/8 (25%),33%,9,3,,6,,0,,,,,4
9595372,182,37169,NORMAL,REGULAR,Round 12,LEAGUE,6925,Rodez AF,Local,ALL,16/10/2021,12,0,40%,0.00,,5,0,1,15,304,13,17,3,,1,0,0,4,4,1,,,,,,2,216,27,63,,38/70 (54%),4/12 (33%),52%,13,37/84 (44%),23/32 (72%),7/16 (44%),69%,13,15,,11,,0,,,,,7
9595372,182,37169,NORMAL,REGULAR,Round 12,LEAGUE,6925,Rodez AF,Local,1ST,16/10/2021,12,0,41%,0.00,,1,0,0,,169,9,8,1,,0,0,0,1,0,1,,,,,,2,117,11,34,,24/44 (55%),2/6 (33%),57%,6,21/44 (48%),13/16 (81%),4/9 (44%),56%,9,8,,8,,0,,,,,5
9595372,182,37169,NORMAL,REGULAR,Round 12,LEAGUE,6925,Rodez AF,Local,2ND,16/10/2021,12,0,38%,0.00,,4,0,1,,135,4,9,2,,1,0,0,3,4,0,,,,,,0,99,16,29,,14/26 (54%),2/6 (33%),46%,7,16/40 (40%),10/16 (63%),3/7 (43%),100%,4,7,,3,,0,,,,,2
9595372,182,37169,NORMAL,REGULAR,Round 12,LEAGUE,1657,Sochaux,Visita,ALL,16/10/2021,12,1,60%,0.00,,7,1,3,18,465,22,14,1,,1,0,4,2,5,2,,,,,,2,382,26,60,,55/102 (54%),1/14 (7%),48%,5,47/84 (56%),9/32 (28%),11/19 (58%),50%,22,10,,15,,1,,,,,7
9595372,182,37169,NORMAL,REGULAR,Round 12,LEAGUE,1657,Sochaux,Visita,1ST,16/10/2021,12,0,59%,0.00,,5,0,0,,247,11,5,0,,0,0,3,2,3,2,,,,,,1,206,14,32,,30/54 (56%),0/6 (0%),43%,4,23/44 (52%),3/16 (19%),7/12 (58%),45%,11,4,,8,,0,,,,,4
9595372,182,37169,NORMAL,REGULAR,Round 12,LEAGUE,1657,Sochaux,Visita,2ND,16/10/2021,12,1,62%,0.00,,2,1,3,,218,11,9,1,,1,0,1,0,2,0,,,,,,1,176,12,28,,25/48 (52%),1/8 (13%),54%,1,24/40 (60%),6/16 (38%),4/7 (57%),55%,11,6,,7,,1,,,,,3
9595354,182,37169,NORMAL,REGULAR,Round 13,LEAGUE,1657,Sochaux,Local,ALL,23/10/2021,13,1,71%,0.00,3,9,2,7,15,633,21,14,2,,4,0,2,3,7,2,1,2,1,,3,3,532,24,67,,24/57 (42%),0/23 (0%),48%,11,45/97 (46%),16/31 (52%),10/23 (43%),57%,21,11,,6,,2,,,,,6
9595354,182,37169,NORMAL,REGULAR,Round 13,LEAGUE,1657,Sochaux,Local,1ST,23/10/2021,13,0,67%,0.00,2,5,2,3,,279,14,8,0,,2,0,1,2,5,0,0,2,1,,1,1,218,11,30,,13/32 (41%),0/8 (0%),55%,4,28/50 (56%),10/19 (53%),6/8 (75%),71%,14,5,,2,,2,,,,,2
9595354,182,37169,NORMAL,REGULAR,Round 13,LEAGUE,1657,Sochaux,Local,2ND,23/10/2021,13,1,74%,0.00,1,4,0,4,,354,7,6,2,,2,0,1,1,2,2,1,0,0,,2,2,314,13,37,,11/25 (44%),0/15 (0%),39%,7,17/47 (36%),6/12 (50%),4/15 (27%),29%,7,6,,4,,0,,,,,4
9595354,182,37169,NORMAL,REGULAR,Round 13,LEAGUE,210099,Quevilly - Rouen Métropole,Visita,ALL,23/10/2021,13,1,29%,0.00,1,7,3,0,14,265,24,15,2,,3,0,3,1,4,3,0,1,0,,1,3,153,25,49,,15/67 (22%),0/2 (0%),52%,9,52/97 (54%),15/31 (48%),13/25 (52%),71%,24,15,,14,,3,,,,,10
9595354,182,37169,NORMAL,REGULAR,Round 13,LEAGUE,210099,Quevilly - Rouen Métropole,Visita,1ST,23/10/2021,13,1,33%,0.00,1,4,2,0,,142,6,8,1,,3,0,0,1,3,1,0,1,0,,1,2,82,14,27,,5/34 (15%),0/0 (0%),45%,7,22/50 (44%),9/19 (47%),8/15 (53%),67%,6,6,,7,,2,,,,,7
9595354,182,37169,NORMAL,REGULAR,Round 13,LEAGUE,210099,Quevilly - Rouen Métropole,Visita,2ND,23/10/2021,13,0,26%,0.00,0,3,1,0,,123,18,7,1,,0,0,3,0,1,2,0,0,0,,0,1,71,11,22,,10/33 (30%),0/2 (0%),61%,2,30/47 (64%),6/12 (50%),5/10 (50%),72%,18,9,,7,,1,,,,,3
9595352,182,37169,NORMAL,REGULAR,Round 14,LEAGUE,1675,Nancy,Local,ALL,30/10/2021,14,0,36%,0.00,1,9,2,5,14,307,13,13,1,,3,0,5,1,6,3,,1,,,2,0,226,20,46,,26/68 (38%),1/13 (8%),42%,6,31/74 (42%),13/31 (42%),6/21 (29%),69%,13,15,,16,,2,,,,,12
9595352,182,37169,NORMAL,REGULAR,Round 14,LEAGUE,1675,Nancy,Local,1ST,30/10/2021,14,0,41%,0.00,0,3,2,3,,167,6,3,1,,0,0,2,1,2,1,,0,,,0,0,124,9,23,,14/36 (39%),0/7 (0%),37%,4,13/38 (34%),6/14 (43%),4/15 (27%),83%,6,8,,12,,2,,,,,7
9595352,182,37169,NORMAL,REGULAR,Round 14,LEAGUE,1675,Nancy,Local,2ND,30/10/2021,14,0,31%,0.00,1,6,0,2,,140,7,10,0,,3,0,3,0,4,2,,1,,,2,0,102,11,23,,12/32 (38%),1/6 (17%),47%,2,18/36 (50%),7/17 (41%),2/6 (33%),57%,7,7,,4,,0,,,,,5
9595352,182,37169,NORMAL,REGULAR,Round 14,LEAGUE,1657,Sochaux,Visita,ALL,30/10/2021,14,0,64%,0.00,1,13,3,5,13,551,21,14,2,,2,0,6,5,9,4,,1,,,4,1,474,25,60,,48/70 (69%),6/23 (26%),58%,5,43/74 (58%),18/31 (58%),8/16 (50%),57%,21,4,,14,,3,,,,,6
9595352,182,37169,NORMAL,REGULAR,Round 14,LEAGUE,1657,Sochaux,Visita,1ST,30/10/2021,14,0,59%,0.00,1,11,0,3,,236,15,8,0,,2,0,5,4,8,3,,1,,,2,0,199,14,29,,28/40 (70%),4/16 (25%),63%,2,25/38 (66%),8/14 (57%),2/6 (33%),47%,15,2,,7,,0,,,,,2
9595352,182,37169,NORMAL,REGULAR,Round 14,LEAGUE,1657,Sochaux,Visita,2ND,30/10/2021,14,0,69%,0.00,0,2,3,2,,315,6,6,2,,0,0,1,1,1,1,,0,,,2,1,275,11,31,,20/30 (67%),2/7 (29%),53%,3,18/36 (50%),10/17 (59%),6/10 (60%),83%,6,2,,7,,3,,,,,4
9595421,182,37169,NORMAL,REGULAR,Round 15,LEAGUE,1657,Sochaux,Local,ALL,06/11/2021,15,0,61%,0.00,1,19,1,7,15,543,14,14,0,,7,2,8,4,11,8,,1,,,4,1,444,35,83,,58/94 (62%),8/30 (27%),47%,11,34/70 (49%),20/45 (44%),7/11 (64%),57%,14,16,,6,,1,,,,,7
9595421,182,37169,NORMAL,REGULAR,Round 15,LEAGUE,1657,Sochaux,Local,1ST,06/11/2021,15,0,61%,0.00,1,9,0,2,,307,11,3,0,,4,1,3,2,5,4,,1,,,2,0,253,18,49,,31/51 (61%),4/13 (31%),51%,5,19/35 (54%),7/16 (44%),5/5 (100%),55%,11,8,,4,,0,,,,,3
9595421,182,37169,NORMAL,REGULAR,Round 15,LEAGUE,1657,Sochaux,Local,2ND,06/11/2021,15,0,61%,0.00,0,10,1,5,,236,3,11,0,,3,1,5,2,6,4,,0,,,2,1,191,17,34,,27/43 (63%),4/17 (24%),44%,6,15/35 (43%),13/29 (45%),2/6 (33%),67%,3,8,,2,,1,,,,,4
9595421,182,37169,NORMAL,REGULAR,Round 15,LEAGUE,1663,Nîmes Olympique,Visita,ALL,06/11/2021,15,1,39%,0.00,2,9,7,2,14,349,15,15,1,,2,0,5,2,4,5,,2,,,3,1,250,21,42,,13/47 (28%),2/12 (17%),53%,5,36/70 (51%),25/45 (56%),8/17 (47%),47%,15,13,,34,,7,,,,,12
9595421,182,37169,NORMAL,REGULAR,Round 15,LEAGUE,1663,Nîmes Olympique,Visita,1ST,06/11/2021,15,0,39%,0.00,0,3,4,1,,195,5,8,0,,0,0,1,2,0,3,,0,,,2,1,147,8,25,,8/24 (33%),1/7 (14%),49%,5,16/35 (46%),9/16 (56%),4/10 (40%),40%,5,6,,14,,4,,,,,7
9595421,182,37169,NORMAL,REGULAR,Round 15,LEAGUE,1663,Nîmes Olympique,Visita,2ND,06/11/2021,15,1,39%,0.00,2,6,3,1,,154,10,7,1,,2,0,4,0,4,2,,2,,,1,0,103,13,17,,5/23 (22%),1/5 (20%),56%,0,20/35 (57%),16/29 (55%),4/7 (57%),50%,10,7,,20,,3,,,,,5
9595378,182,37169,NORMAL,REGULAR,Round 16,LEAGUE,1681,Toulouse,Local,ALL,20/11/2021,16,4,60%,0.00,5,12,6,8,14,481,18,8,1,,6,0,3,3,9,3,2,3,,,1,5,379,21,57,,26/62 (42%),4/13 (31%),56%,7,30/60 (50%),17/24 (71%),4/7 (57%),61%,18,4,,8,,6,,,,,5
9595378,182,37169,NORMAL,REGULAR,Round 16,LEAGUE,1681,Toulouse,Local,1ST,20/11/2021,16,1,61%,0.00,2,4,2,6,,219,6,3,0,,1,0,2,1,2,2,0,2,,,0,4,180,7,25,,14/27 (52%),2/9 (22%),47%,3,12/30 (40%),9/15 (60%),3/4 (75%),83%,6,2,,6,,2,,,,,1
9595378,182,37169,NORMAL,REGULAR,Round 16,LEAGUE,1681,Toulouse,Local,2ND,20/11/2021,16,3,59%,0.00,3,8,4,2,,262,12,5,1,,5,0,1,2,7,1,2,1,,,1,1,199,14,32,,12/35 (34%),2/4 (50%),67%,4,18/30 (60%),8/9 (89%),1/3 (33%),50%,12,2,,2,,4,,,,,4
9595378,182,37169,NORMAL,REGULAR,Round 16,LEAGUE,1657,Sochaux,Visita,ALL,20/11/2021,16,1,40%,0.00,1,13,2,4,8,326,10,14,3,,7,0,5,1,6,7,1,0,,,3,1,242,25,72,,20/60 (33%),0/11 (0%),44%,12,30/60 (50%),7/24 (29%),6/12 (50%),70%,10,15,,13,,2,,,,,6
9595378,182,37169,NORMAL,REGULAR,Round 16,LEAGUE,1657,Sochaux,Visita,1ST,20/11/2021,16,1,39%,0.00,1,5,0,3,,139,4,10,1,,3,0,1,1,1,4,1,0,,,2,1,99,13,26,,8/27 (30%),0/8 (0%),53%,4,18/30 (60%),6/15 (40%),4/6 (67%),75%,4,6,,7,,0,,,,,4
9595378,182,37169,NORMAL,REGULAR,Round 16,LEAGUE,1657,Sochaux,Visita,2ND,20/11/2021,16,0,41%,0.00,0,8,2,1,,187,6,4,2,,4,0,4,0,5,3,0,0,,,1,0,143,12,46,,12/33 (36%),0/3 (0%),33%,8,12/30 (40%),1/9 (11%),2/6 (33%),67%,6,9,,6,,2,,,,,2
9595473,182,37169,NORMAL,REGULAR,Round 17,LEAGUE,1657,Sochaux,Local,ALL,03/12/2021,17,2,67%,0.00,3,14,1,10,14,612,19,10,1,0,6,1,5,3,7,7,,3,,,2,1,536,24,74,,39/56 (70%),2/34 (6%),52%,8,36/68 (53%),17/33 (52%),7/14 (50%),74%,19,6,,10,,1,,,,,6
9595473,182,37169,NORMAL,REGULAR,Round 17,LEAGUE,1657,Sochaux,Local,1ST,03/12/2021,17,0,62%,0.00,2,8,1,5,,280,13,4,0,0,2,1,4,2,5,3,,2,,,1,1,234,11,31,,17/28 (61%),1/13 (8%),57%,7,20/35 (57%),13/23 (57%),3/5 (60%),77%,13,2,,5,,1,,,,,4
9595473,182,37169,NORMAL,REGULAR,Round 17,LEAGUE,1657,Sochaux,Local,2ND,03/12/2021,17,2,71%,0.00,1,6,0,5,,332,6,6,1,0,4,0,1,1,2,4,,1,,,1,0,302,13,43,,22/28 (79%),1/21 (5%),47%,1,16/33 (48%),4/10 (40%),4/9 (44%),67%,6,4,,5,,0,,,,,2
9595473,182,37169,NORMAL,REGULAR,Round 17,LEAGUE,1685,Pau FC,Visita,ALL,03/12/2021,17,1,33%,0.00,1,6,4,3,10,314,15,12,3,1,2,1,3,1,3,3,,1,,,2,0,228,15,52,,22/62 (35%),0/11 (0%),48%,10,32/68 (47%),16/33 (48%),7/16 (44%),53%,15,15,,33,,4,,,,,8
9595473,182,37169,NORMAL,REGULAR,Round 17,LEAGUE,1685,Pau FC,Visita,1ST,03/12/2021,17,0,38%,0.00,0,3,2,2,,174,9,4,0,0,1,0,1,1,1,2,,0,,,1,0,121,7,31,,11/37 (30%),0/6 (0%),43%,6,15/35 (43%),10/23 (43%),3/10 (30%),44%,9,5,,14,,2,,,,,4
9595473,182,37169,NORMAL,REGULAR,Round 17,LEAGUE,1685,Pau FC,Visita,2ND,03/12/2021,17,1,29%,0.00,1,3,2,1,,140,6,8,3,1,1,1,2,0,2,1,,1,,,1,0,107,8,21,,11/25 (44%),0/5 (0%),53%,4,17/33 (52%),6/10 (60%),4/6 (67%),67%,6,10,,19,,2,,,,,4
9595476,182,37169,NORMAL,REGULAR,Round 18,LEAGUE,1655,Bastia,Local,ALL,11/12/2021,18,2,47%,0.00,2,11,2,7,15,325,15,11,2,,3,1,5,3,7,4,2,0,,,2,4,213,30,65,,28/67 (42%),7/29 (24%),55%,7,39/71 (55%),24/44 (55%),13/17 (76%),80%,15,14,,23,,2,,,,,4
9595476,182,37169,NORMAL,REGULAR,Round 18,LEAGUE,1655,Bastia,Local,1ST,11/12/2021,18,2,49%,0.00,2,8,0,3,,167,7,4,1,,2,0,4,2,5,3,2,0,,,1,3,113,18,31,,15/31 (48%),4/17 (24%),57%,3,16/28 (57%),12/21 (57%),5/6 (83%),71%,7,7,,8,,0,,,,,0
9595476,182,37169,NORMAL,REGULAR,Round 18,LEAGUE,1655,Bastia,Local,2ND,11/12/2021,18,0,46%,0.00,0,3,2,4,,158,8,7,1,,1,1,1,1,2,1,0,0,,,1,1,100,12,34,,13/36 (36%),3/12 (25%),53%,4,23/43 (53%),12/23 (52%),8/11 (73%),88%,8,7,,15,,2,,,,,4
9595476,182,37169,NORMAL,REGULAR,Round 18,LEAGUE,1657,Sochaux,Visita,ALL,11/12/2021,18,2,53%,0.00,2,14,2,7,12,370,11,14,1,,4,1,4,6,8,6,1,1,,,3,3,254,34,65,,23/69 (33%),8/24 (33%),45%,10,32/71 (45%),20/44 (45%),7/12 (58%),82%,11,8,,26,,2,,,,,7
9595476,182,37169,NORMAL,REGULAR,Round 18,LEAGUE,1657,Sochaux,Visita,1ST,11/12/2021,18,0,51%,0.00,0,3,1,3,,183,4,6,0,,0,0,0,3,2,1,0,0,,,0,3,122,15,29,,10/37 (27%),3/8 (38%),43%,6,12/28 (43%),9/21 (43%),2/3 (67%),75%,4,5,,20,,1,,,,,3
9595476,182,37169,NORMAL,REGULAR,Round 18,LEAGUE,1657,Sochaux,Visita,2ND,11/12/2021,18,2,54%,0.00,2,11,1,4,,187,7,8,1,,4,1,4,3,6,5,1,1,,,3,0,132,19,36,,13/32 (41%),5/16 (31%),47%,4,20/43 (47%),11/23 (48%),5/9 (56%),86%,7,3,,6,,1,,,,,4
9986694,335,39554,NORMAL,REGULAR,Round of 64,CUP,1657,Sochaux,Local,ALL,18/12/2021,6,0,36%,0.00,0,7,2,1,11,344,17,11,1,,2,0,4,1,3,4,,0,,,1,4,253,23,29,,23/52 (44%),0/5 (0%),53%,6,36/66 (55%),12/25 (48%),9/15 (60%),29%,17,17,,21,,2,,,,,15
9986694,335,39554,NORMAL,REGULAR,Round of 64,CUP,1657,Sochaux,Local,1ST,18/12/2021,6,0,34%,0.00,0,3,2,1,,165,10,4,0,,1,0,1,1,1,2,,0,,,0,2,119,14,12,,10/26 (38%),0/3 (0%),49%,4,16/33 (48%),8/16 (50%),3/6 (50%),30%,10,9,,12,,2,,,,,10
9986694,335,39554,NORMAL,REGULAR,Round of 64,CUP,1657,Sochaux,Local,2ND,18/12/2021,6,0,39%,0.00,0,4,0,0,,179,7,7,1,,1,0,3,0,2,2,,0,,,1,2,134,9,17,,13/26 (50%),0/2 (0%),57%,2,20/33 (61%),4/9 (44%),6/9 (67%),29%,7,8,,9,,0,,,,,5
9986694,335,39554,NORMAL,REGULAR,Round of 64,CUP,1647,Nantes,Visita,ALL,18/12/2021,6,0,64%,0.00,1,10,2,4,12,596,12,10,2,,2,1,6,2,5,5,,1,,,3,3,505,19,60,,23/47 (49%),5/18 (28%),47%,11,30/66 (45%),13/25 (52%),8/14 (57%),58%,12,15,,6,,2,,,,,5
9986694,335,39554,NORMAL,REGULAR,Round of 64,CUP,1647,Nantes,Visita,1ST,18/12/2021,6,0,66%,0.00,0,8,1,4,,320,7,5,0,,2,0,5,1,3,5,,0,,,1,2,282,7,22,,14/22 (64%),3/12 (25%),51%,5,17/33 (52%),8/16 (50%),5/10 (50%),57%,7,5,,3,,1,,,,,0
9986694,335,39554,NORMAL,REGULAR,Round of 64,CUP,1647,Nantes,Visita,2ND,18/12/2021,6,0,61%,0.00,1,2,1,0,,276,5,5,2,,0,1,1,1,2,0,,1,,,2,1,223,12,38,,9/25 (36%),2/6 (33%),43%,6,13/33 (39%),5/9 (56%),3/4 (75%),60%,5,10,,3,,1,,,,,5
9595425,182,37169,NORMAL,REGULAR,Round 19,LEAGUE,1657,Sochaux,Local,ALL,21/12/2021,19,1,62%,0.00,3,14,1,6,17,501,23,18,2,0,6,0,5,3,9,5,1,2,,,2,5,386,19,70,,28/58 (48%),5/26 (19%),56%,5,51/85 (60%),23/47 (49%),11/19 (58%),61%,23,6,,15,,1,,,,,4
9595425,182,37169,NORMAL,REGULAR,Round 19,LEAGUE,1657,Sochaux,Local,1ST,21/12/2021,19,0,62%,0.00,0,3,1,1,,269,12,9,1,0,1,0,1,1,3,0,0,0,,,1,3,207,14,32,,18/35 (51%),0/7 (0%),55%,1,25/43 (58%),11/23 (48%),5/10 (50%),58%,12,2,,10,,1,,,,,1
9595425,182,37169,NORMAL,REGULAR,Round 19,LEAGUE,1657,Sochaux,Local,2ND,21/12/2021,19,1,63%,0.00,3,11,0,5,,232,11,9,1,0,5,0,4,2,6,5,1,2,,,1,2,179,5,38,,10/23 (43%),5/19 (26%),58%,4,26/42 (62%),12/24 (50%),6/9 (67%),64%,11,4,,5,,0,,,,,3
9595425,182,37169,NORMAL,REGULAR,Round 19,LEAGUE,5061,Valenciennes,Visita,ALL,21/12/2021,19,1,38%,0.00,2,6,5,8,18,301,13,16,3,1,2,0,2,2,3,3,1,1,,,1,2,189,24,64,,35/90 (39%),3/12 (25%),44%,12,34/85 (40%),24/47 (51%),5/16 (31%),62%,13,15,,19,,5,,,,,10
9595425,182,37169,NORMAL,REGULAR,Round 19,LEAGUE,5061,Valenciennes,Visita,1ST,21/12/2021,19,1,38%,0.00,2,4,1,2,,163,6,10,1,0,2,0,1,1,2,2,1,1,,,1,1,115,12,34,,17/41 (41%),3/6 (50%),45%,4,18/43 (42%),12/23 (52%),2/10 (20%),50%,6,10,,10,,1,,,,,3
9595425,182,37169,NORMAL,REGULAR,Round 19,LEAGUE,5061,Valenciennes,Visita,2ND,21/12/2021,19,0,37%,0.00,0,2,4,6,,138,7,6,2,1,0,0,1,1,1,1,0,0,,,0,1,74,12,30,,18/49 (37%),0/6 (0%),42%,8,16/42 (38%),12/24 (50%),3/6 (50%),71%,7,5,,9,,4,,,,,7
9595454,182,37169,NORMAL,REGULAR,Round 20,LEAGUE,1662,Le Havre,Local,ALL,08/01/2022,20,0,51%,0.00,1,9,1,9,9,416,12,14,1,,3,0,5,1,5,4,,1,1,,0,1,334,31,69,,27/54 (50%),4/24 (17%),50%,5,32/63 (51%),11/23 (48%),6/19 (32%),75%,12,12,,13,,1,,,,,6
9595454,182,37169,NORMAL,REGULAR,Round 20,LEAGUE,1662,Le Havre,Local,1ST,08/01/2022,20,0,48%,0.00,1,4,1,3,,213,9,7,0,,2,0,2,0,3,1,,1,1,,0,0,177,15,29,,16/26 (62%),1/9 (11%),56%,2,19/34 (56%),5/9 (56%),3/8 (38%),78%,9,8,,11,,1,,,,,5
9595454,182,37169,NORMAL,REGULAR,Round 20,LEAGUE,1662,Le Havre,Local,2ND,08/01/2022,20,0,55%,0.00,0,5,0,6,,203,3,7,1,,1,0,3,1,2,3,,0,0,,0,1,157,16,40,,11/28 (39%),3/15 (20%),44%,3,13/29 (45%),6/14 (43%),3/11 (27%),67%,3,4,,2,,0,,,,,1
9595454,182,37169,NORMAL,REGULAR,Round 20,LEAGUE,1657,Sochaux,Visita,ALL,08/01/2022,20,1,49%,0.00,1,6,3,3,14,416,18,9,2,,2,0,2,2,1,5,,1,0,,1,3,327,22,47,,25/61 (41%),0/8 (0%),50%,10,31/63 (49%),12/23 (52%),6/8 (75%),61%,18,18,,21,,3,,,,,7
9595454,182,37169,NORMAL,REGULAR,Round 20,LEAGUE,1657,Sochaux,Visita,1ST,08/01/2022,20,0,52%,0.00,1,5,2,3,,235,7,3,0,,1,0,2,2,1,4,,1,0,,1,2,194,8,27,,13/26 (50%),0/7 (0%),44%,7,15/34 (44%),4/9 (44%),5/7 (71%),71%,7,9,,7,,2,,,,,2
9595454,182,37169,NORMAL,REGULAR,Round 20,LEAGUE,1657,Sochaux,Visita,2ND,08/01/2022,20,1,45%,0.00,0,1,1,0,,181,11,6,2,,1,0,0,0,0,1,,0,0,,0,1,133,14,20,,12/35 (34%),0/1 (0%),56%,3,16/29 (55%),8/14 (57%),1/1 (100%),55%,11,9,,14,,1,,,,,5
9595515,182,37169,NORMAL,REGULAR,Round 21,LEAGUE,1657,Sochaux,Local,ALL,15/01/2022,21,3,66%,0.00,4,19,0,4,14,552,20,14,7,0,7,0,7,5,10,9,2,2,3,,2,1,463,27,72,,33/59 (56%),9/24 (38%),58%,8,45/83 (54%),22/33 (67%),11/23 (48%),60%,20,8,,6,,0,,,,,7
9595515,182,37169,NORMAL,REGULAR,Round 21,LEAGUE,1657,Sochaux,Local,1ST,15/01/2022,21,0,58%,0.00,1,5,0,2,,265,9,4,3,0,2,0,3,0,2,3,0,1,2,,1,0,219,12,28,,18/32 (56%),3/7 (43%),45%,4,16/40 (40%),7/11 (64%),3/12 (25%),67%,9,5,,3,,0,,,,,2
9595515,182,37169,NORMAL,REGULAR,Round 21,LEAGUE,1657,Sochaux,Local,2ND,15/01/2022,21,3,76%,0.00,3,14,0,2,,287,11,10,4,0,5,0,4,5,8,6,2,1,1,,1,1,244,15,44,,15/27 (56%),6/17 (35%),68%,4,29/43 (67%),15/22 (68%),8/11 (73%),55%,11,3,,3,,0,,,,,5
9595515,182,37169,NORMAL,REGULAR,Round 21,LEAGUE,1667,Stade Malherbe Caen,Visita,ALL,15/01/2022,21,2,34%,0.00,1,5,3,1,14,280,20,12,5,1,2,0,2,1,3,2,1,0,0,,2,0,190,12,39,,22/65 (34%),2/7 (29%),42%,10,38/83 (46%),11/33 (33%),6/16 (38%),45%,20,8,,18,,3,,,,,15
9595515,182,37169,NORMAL,REGULAR,Round 21,LEAGUE,1667,Stade Malherbe Caen,Visita,1ST,15/01/2022,21,2,42%,0.00,1,3,1,1,,190,13,7,2,0,2,0,1,0,3,0,1,0,0,,1,0,143,7,15,,15/31 (48%),1/4 (25%),55%,5,24/40 (60%),4/11 (36%),4/8 (50%),54%,13,3,,6,,1,,,,,7
9595515,182,37169,NORMAL,REGULAR,Round 21,LEAGUE,1667,Stade Malherbe Caen,Visita,2ND,15/01/2022,21,0,24%,0.00,0,2,2,0,,90,7,5,3,1,0,0,1,1,0,2,0,0,0,,1,0,47,5,24,,7/34 (21%),1/3 (33%),32%,5,14/43 (33%),7/22 (32%),2/8 (25%),29%,7,5,,12,,2,,,,,8
9595686,182,37169,NORMAL,REGULAR,Round 22,LEAGUE,6918,USL Dunkerque,Local,ALL,22/01/2022,22,0,36%,0.00,0,4,3,2,20,312,14,14,5,,0,0,2,2,2,2,,0,,,1,1,191,25,63,,25/81 (31%),2/11 (18%),52%,8,38/72 (53%),27/52 (52%),10/13 (77%),64%,14,16,,25,,3,,,,,9
9595686,182,37169,NORMAL,REGULAR,Round 22,LEAGUE,6918,USL Dunkerque,Local,1ST,22/01/2022,22,0,37%,0.00,0,2,1,0,,179,6,10,1,,0,0,2,0,1,1,,0,,,0,1,115,11,33,,11/44 (25%),1/3 (33%),59%,2,23/38 (61%),18/31 (58%),7/8 (88%),83%,6,8,,10,,1,,,,,4
9595686,182,37169,NORMAL,REGULAR,Round 22,LEAGUE,6918,USL Dunkerque,Local,2ND,22/01/2022,22,0,34%,0.00,0,2,2,2,,133,8,4,4,,0,0,0,2,1,1,,0,,,1,0,76,14,30,,14/37 (38%),1/8 (13%),44%,6,15/34 (44%),9/21 (43%),3/5 (60%),50%,8,8,,15,,2,,,,,5
9595686,182,37169,NORMAL,REGULAR,Round 22,LEAGUE,1657,Sochaux,Visita,ALL,22/01/2022,22,0,64%,0.00,4,14,0,3,15,568,11,18,1,,3,1,9,2,9,5,,4,,,7,1,455,25,68,,46/90 (51%),4/20 (20%),48%,5,34/72 (47%),25/52 (48%),5/14 (36%),73%,11,5,,14,,0,,,,,7
9595686,182,37169,NORMAL,REGULAR,Round 22,LEAGUE,1657,Sochaux,Visita,1ST,22/01/2022,22,0,63%,0.00,1,4,0,0,,299,3,10,1,,1,0,3,0,2,2,,1,,,3,0,234,16,35,,20/42 (48%),2/10 (20%),41%,3,15/38 (39%),13/31 (42%),2/5 (40%),33%,3,3,,4,,0,,,,,4
9595686,182,37169,NORMAL,REGULAR,Round 22,LEAGUE,1657,Sochaux,Visita,2ND,22/01/2022,22,0,66%,0.00,3,10,0,3,,269,8,8,0,,2,1,6,2,7,3,,3,,,4,1,221,9,33,,26/48 (54%),2/10 (20%),56%,2,19/34 (56%),12/21 (57%),3/9 (33%),88%,8,2,,10,,0,,,,,3
9595669,182,37169,NORMAL,REGULAR,Round 23,LEAGUE,1657,Sochaux,Local,ALL,05/02/2022,23,1,60%,0.00,2,13,3,10,13,565,19,12,0,0,6,0,5,2,8,5,1,1,1,,5,2,480,24,71,,38/65 (58%),4/36 (11%),49%,2,36/64 (56%),3/15 (20%),4/7 (57%),47%,19,9,,10,,3,,,,,2
9595669,182,37169,NORMAL,REGULAR,Round 23,LEAGUE,1657,Sochaux,Local,1ST,05/02/2022,23,1,61%,0.00,2,5,1,4,,271,9,9,0,0,4,0,1,0,2,3,1,1,1,,4,2,237,6,33,,23/36 (64%),1/18 (6%),53%,0,20/32 (63%),0/6 (0%),1/3 (33%),33%,9,6,,3,,1,,,,,1
9595669,182,37169,NORMAL,REGULAR,Round 23,LEAGUE,1657,Sochaux,Local,2ND,05/02/2022,23,0,59%,0.00,0,8,2,6,,294,10,3,0,0,2,0,4,2,6,2,0,0,0,,1,0,243,18,38,,15/29 (52%),3/18 (17%),46%,2,16/32 (50%),3/9 (33%),3/4 (75%),60%,10,3,,7,,2,,,,,1
9595669,182,37169,NORMAL,REGULAR,Round 23,LEAGUE,1676,Amiens SC,Visita,ALL,05/02/2022,23,1,40%,0.00,0,8,5,1,13,396,5,13,5,1,4,0,2,2,4,4,0,0,1,,2,1,312,27,33,,18/40 (45%),1/6 (17%),51%,7,28/64 (44%),12/15 (80%),10/23 (43%),80%,5,17,,30,,5,,,,,6
9595669,182,37169,NORMAL,REGULAR,Round 23,LEAGUE,1676,Amiens SC,Visita,1ST,05/02/2022,23,1,39%,0.00,0,4,3,0,,186,2,5,3,0,2,0,1,1,3,1,0,0,0,,1,1,151,12,12,,7/16 (44%),0/0 (0%),47%,4,12/32 (38%),6/6 (100%),5/11 (45%),100%,2,9,,15,,3,,,,,2
9595669,182,37169,NORMAL,REGULAR,Round 23,LEAGUE,1676,Amiens SC,Visita,2ND,05/02/2022,23,0,41%,0.00,0,4,2,1,,210,3,8,2,1,2,0,1,1,1,3,0,0,1,,1,0,161,15,21,,11/24 (46%),1/6 (17%),54%,3,16/32 (50%),6/9 (67%),5/12 (42%),67%,3,8,,15,,2,,,,,4
9595567,182,37169,NORMAL,REGULAR,Round 24,LEAGUE,1671,Grenoble Foot 38,Local,ALL,12/02/2022,24,1,50%,0.00,1,15,2,5,14,400,20,11,3,0,4,1,7,4,7,8,1,0,1,,1,0,315,13,55,,20/53 (38%),2/13 (15%),53%,5,50/91 (55%),14/30 (47%),19/28 (68%),55%,20,10,,19,,2,,,,,8
9595567,182,37169,NORMAL,REGULAR,Round 24,LEAGUE,1671,Grenoble Foot 38,Local,1ST,12/02/2022,24,1,39%,0.00,1,4,1,2,,174,12,6,2,0,3,1,1,0,2,2,1,0,0,,0,0,117,8,27,,9/30 (30%),0/3 (0%),49%,3,28/56 (50%),9/20 (45%),10/16 (63%),50%,12,5,,14,,1,,,,,4
9595567,182,37169,NORMAL,REGULAR,Round 24,LEAGUE,1671,Grenoble Foot 38,Local,2ND,12/02/2022,24,0,64%,0.00,0,11,1,3,,226,8,5,1,0,1,0,6,4,5,6,0,0,1,,1,0,198,5,28,,11/23 (48%),2/10 (20%),60%,2,22/35 (63%),5/10 (50%),9/12 (75%),63%,8,5,,5,,1,,,,,4
9595567,182,37169,NORMAL,REGULAR,Round 24,LEAGUE,1657,Sochaux,Visita,ALL,12/02/2022,24,3,50%,0.00,3,13,3,8,11,394,14,13,2,1,5,1,5,3,9,4,1,2,1,,3,3,318,17,45,,27/48 (56%),4/21 (19%),47%,10,41/91 (45%),16/30 (53%),15/25 (60%),57%,14,5,,9,,3,,,,,11
9595567,182,37169,NORMAL,REGULAR,Round 24,LEAGUE,1657,Sochaux,Visita,1ST,12/02/2022,24,1,61%,0.00,1,7,2,5,,265,9,5,1,0,2,0,3,2,5,2,0,1,0,,1,2,219,8,26,,11/16 (69%),3/16 (19%),51%,6,28/56 (50%),11/20 (55%),15/21 (71%),33%,9,4,,5,,2,,,,,2
9595567,182,37169,NORMAL,REGULAR,Round 24,LEAGUE,1657,Sochaux,Visita,2ND,12/02/2022,24,2,36%,0.00,2,6,1,3,,129,5,8,1,1,3,1,2,1,4,2,1,1,1,,2,1,99,9,19,,16/32 (50%),1/5 (20%),40%,4,13/35 (37%),5/10 (50%),0/4 (0%),100%,5,1,,4,,1,,,,,9
9595577,182,37169,NORMAL,REGULAR,Round 25,LEAGUE,1657,Sochaux,Local,ALL,19/02/2022,25,0,64%,0.00,2,11,2,13,14,448,21,13,3,0,5,1,4,2,5,6,0,2,,,1,1,330,27,68,,36/82 (44%),6/40 (15%),56%,6,45/76 (59%),18/36 (50%),11/17 (65%),52%,21,7,,11,,2,,,,,9
9595577,182,37169,NORMAL,REGULAR,Round 25,LEAGUE,1657,Sochaux,Local,1ST,19/02/2022,25,0,61%,0.00,0,2,1,3,,222,15,8,1,0,0,0,1,1,2,0,0,0,,,1,1,161,13,30,,14/35 (40%),3/15 (20%),53%,5,27/45 (60%),5/15 (33%),4/7 (57%),47%,15,3,,4,,1,,,,,5
9595577,182,37169,NORMAL,REGULAR,Round 25,LEAGUE,1657,Sochaux,Local,2ND,19/02/2022,25,0,66%,0.00,2,9,1,10,,226,6,5,2,0,5,1,3,1,3,6,0,2,,,0,0,169,14,38,,22/47 (47%),3/25 (12%),60%,1,18/31 (58%),13/21 (62%),7/10 (70%),67%,6,4,,7,,1,,,,,4
9595577,182,37169,NORMAL,REGULAR,Round 25,LEAGUE,1660,Ajaccio,Visita,ALL,19/02/2022,25,1,36%,0.00,2,7,5,5,13,267,12,12,2,1,3,1,3,1,4,3,1,1,,,0,1,167,30,51,,23/68 (34%),0/11 (0%),44%,9,31/76 (41%),18/36 (50%),7/19 (37%),67%,12,17,,27,,5,,,,,9
9595577,182,37169,NORMAL,REGULAR,Round 25,LEAGUE,1660,Ajaccio,Visita,1ST,19/02/2022,25,0,39%,0.00,1,3,0,2,,144,8,6,2,0,1,1,1,1,2,1,0,1,,,0,0,97,18,26,,15/34 (44%),0/5 (0%),47%,8,18/45 (40%),10/15 (67%),4/11 (36%),63%,8,8,,9,,0,,,,,3
9595577,182,37169,NORMAL,REGULAR,Round 25,LEAGUE,1660,Ajaccio,Visita,2ND,19/02/2022,25,1,34%,0.00,1,4,5,3,,123,4,6,0,1,2,0,2,0,2,2,1,0,,,0,1,70,12,25,,8/34 (24%),0/6 (0%),40%,1,13/31 (42%),8/21 (38%),3/8 (38%),75%,4,9,,18,,5,,,,,6
9595652,182,37169,NORMAL,REGULAR,Round 26,LEAGUE,6070,Paris FC,Local,ALL,26/02/2022,26,3,56%,0.00,1,9,4,7,10,451,15,15,1,,4,0,1,4,3,6,1,,0,,1,2,346,31,81,,31/72 (43%),3/18 (17%),55%,11,40/75 (53%),14/24 (58%),11/18 (61%),73%,15,6,,14,,4,,,,,2
9595652,182,37169,NORMAL,REGULAR,Round 26,LEAGUE,6070,Paris FC,Local,1ST,26/02/2022,26,0,55%,0.00,0,2,1,3,,255,9,6,0,,1,0,0,1,0,2,0,,0,,0,1,201,11,36,,18/39 (46%),1/10 (10%),54%,5,20/34 (59%),1/5 (20%),6/9 (67%),67%,9,5,,7,,1,,,,,1
9595652,182,37169,NORMAL,REGULAR,Round 26,LEAGUE,6070,Paris FC,Local,2ND,26/02/2022,26,3,56%,0.00,1,7,3,4,,196,6,9,1,,3,0,1,3,3,4,1,,0,,1,1,145,20,45,,13/33 (39%),2/8 (25%),55%,6,20/41 (49%),13/19 (68%),5/9 (56%),83%,6,1,,7,,3,,,,,1
9595652,182,37169,NORMAL,REGULAR,Round 26,LEAGUE,1657,Sochaux,Visita,ALL,26/02/2022,26,1,44%,0.00,1,7,1,6,15,358,18,8,1,,5,0,1,1,6,1,1,,1,,2,4,253,25,55,,21/64 (33%),5/15 (33%),45%,7,35/75 (47%),10/24 (42%),9/17 (53%),83%,18,4,,16,,1,,,,,12
9595652,182,37169,NORMAL,REGULAR,Round 26,LEAGUE,1657,Sochaux,Visita,1ST,26/02/2022,26,1,45%,0.00,1,3,1,4,,206,8,3,0,,2,0,1,0,3,0,1,,1,,0,3,158,11,28,,12/32 (38%),4/9 (44%),46%,3,14/34 (41%),4/5 (80%),3/9 (33%),88%,8,3,,8,,1,,,,,7
9595652,182,37169,NORMAL,REGULAR,Round 26,LEAGUE,1657,Sochaux,Visita,2ND,26/02/2022,26,0,44%,0.00,0,4,0,2,,152,10,5,1,,3,0,0,1,3,1,0,,0,,2,1,95,14,27,,9/32 (28%),1/6 (17%),45%,4,21/41 (51%),6/19 (32%),6/8 (75%),80%,10,1,,8,,0,,,,,5
9595599,182,37169,NORMAL,REGULAR,Round 27,LEAGUE,1657,Sochaux,Local,ALL,05/03/2022,27,1,51%,0.00,2,17,3,9,9,501,16,8,,,5,1,8,4,7,10,,2,2,,3,1,403,18,62,,23/62 (37%),7/20 (35%),50%,6,40/78 (51%),13/27 (48%),16/28 (57%),44%,16,14,,15,,3,,,,,11
9595599,182,37169,NORMAL,REGULAR,Round 27,LEAGUE,1657,Sochaux,Local,1ST,05/03/2022,27,0,59%,0.00,0,9,1,6,,297,7,2,,,2,0,4,3,3,6,,0,2,,1,0,248,12,31,,9/23 (39%),5/13 (38%),45%,3,20/37 (54%),3/14 (21%),11/19 (58%),29%,7,7,,5,,1,,,,,4
9595599,182,37169,NORMAL,REGULAR,Round 27,LEAGUE,1657,Sochaux,Local,2ND,05/03/2022,27,1,43%,0.00,2,8,2,3,,204,9,6,,,3,1,4,1,4,4,,2,0,,2,1,155,6,31,,14/39 (36%),2/7 (29%),56%,3,20/41 (49%),10/13 (77%),5/9 (56%),56%,9,7,,10,,2,,,,,7
9595599,182,37169,NORMAL,REGULAR,Round 27,LEAGUE,1654,Guingamp,Visita,ALL,05/03/2022,27,0,49%,0.00,1,16,3,3,8,466,17,9,,,3,0,12,1,7,9,,1,0,,5,1,361,28,70,,26/61 (43%),7/20 (35%),50%,9,38/78 (49%),14/27 (52%),11/18 (61%),65%,17,10,,19,,3,,,,,7
9595599,182,37169,NORMAL,REGULAR,Round 27,LEAGUE,1654,Guingamp,Visita,1ST,05/03/2022,27,0,41%,0.00,0,7,1,3,,205,10,3,,,1,0,5,1,4,3,,0,0,,3,1,155,12,24,,12/29 (41%),4/7 (57%),55%,3,17/37 (46%),11/14 (79%),3/7 (43%),60%,10,6,,13,,1,,,,,4
9595599,182,37169,NORMAL,REGULAR,Round 27,LEAGUE,1654,Guingamp,Visita,2ND,05/03/2022,27,0,57%,0.00,1,9,2,0,,261,7,6,,,2,0,7,0,3,6,,1,0,,2,0,206,16,46,,14/32 (44%),3/13 (23%),44%,6,21/41 (51%),3/13 (23%),8/11 (73%),71%,7,4,,6,,2,,,,,3
9595607,182,37169,NORMAL,REGULAR,Round 28,LEAGUE,1646,Auxerre,Local,ALL,12/03/2022,28,3,48%,0.00,3,12,1,5,14,438,17,13,1,,4,0,8,0,8,4,2,1,2,,1,1,358,17,62,,36/72 (50%),3/8 (38%),51%,9,33/66 (50%),10/19 (53%),3/5 (60%),65%,17,5,,21,,1,,,,,9
9595607,182,37169,NORMAL,REGULAR,Round 28,LEAGUE,1646,Auxerre,Local,1ST,12/03/2022,28,2,54%,0.00,1,6,1,3,,261,5,5,1,,2,0,4,0,4,2,1,0,2,,0,0,227,6,28,,23/38 (61%),2/5 (40%),48%,4,12/24 (50%),3/7 (43%),2/2 (100%),40%,5,3,,12,,1,,,,,5
9595607,182,37169,NORMAL,REGULAR,Round 28,LEAGUE,1646,Auxerre,Local,2ND,12/03/2022,28,1,41%,0.00,2,6,0,2,,177,12,8,0,,2,0,4,0,4,2,1,1,0,,1,1,131,11,34,,13/34 (38%),1/3 (33%),52%,5,21/42 (50%),7/12 (58%),1/3 (33%),75%,12,2,,9,,0,,,,,4
9595607,182,37169,NORMAL,REGULAR,Round 28,LEAGUE,1657,Sochaux,Visita,ALL,12/03/2022,28,2,52%,0.00,6,14,1,7,13,464,11,13,2,,4,1,5,5,9,5,2,4,1,,3,2,396,16,63,,39/65 (60%),2/25 (8%),49%,8,33/66 (50%),9/19 (47%),9/18 (50%),91%,11,7,,6,,1,,,,,10
9595607,182,37169,NORMAL,REGULAR,Round 28,LEAGUE,1657,Sochaux,Visita,1ST,12/03/2022,28,1,46%,0.00,5,10,0,5,,221,4,6,0,,3,1,4,3,8,2,1,4,0,,1,0,187,7,35,,15/30 (50%),2/10 (20%),52%,3,12/24 (50%),4/7 (57%),2/4 (50%),75%,4,5,,4,,0,,,,,5
9595607,182,37169,NORMAL,REGULAR,Round 28,LEAGUE,1657,Sochaux,Visita,2ND,12/03/2022,28,1,59%,0.00,1,4,1,2,,243,7,7,2,,1,0,1,2,1,3,1,0,1,,2,2,209,9,28,,24/35 (69%),0/15 (0%),48%,5,21/42 (50%),5/12 (42%),7/14 (50%),100%,7,2,,2,,1,,,,,5
9595585,182,37169,NORMAL,REGULAR,Round 29,LEAGUE,1665,Chamois Niortais,Local,ALL,15/03/2022,29,1,40%,0.00,2,10,1,1,14,358,13,18,2,,3,0,2,5,3,7,1,1,,,6,1,273,18,50,,21/45 (47%),0/13 (0%),53%,7,36/75 (48%),18/27 (67%),6/16 (38%),46%,13,13,,15,,1,,,,,5
9595585,182,37169,NORMAL,REGULAR,Round 29,LEAGUE,1665,Chamois Niortais,Local,1ST,15/03/2022,29,0,40%,0.00,0,5,0,1,,166,6,7,1,,1,0,1,3,0,5,0,0,,,4,1,137,11,15,,6/12 (50%),0/6 (0%),50%,5,15/36 (42%),7/8 (88%),3/8 (38%),33%,6,3,,5,,0,,,,,3
9595585,182,37169,NORMAL,REGULAR,Round 29,LEAGUE,1665,Chamois Niortais,Local,2ND,15/03/2022,29,1,39%,0.00,2,5,1,0,,192,7,11,1,,2,0,1,2,3,2,1,1,,,2,0,136,7,35,,15/33 (45%),0/7 (0%),55%,2,21/39 (54%),11/19 (58%),3/8 (38%),57%,7,10,,10,,1,,,,,2
9595585,182,37169,NORMAL,REGULAR,Round 29,LEAGUE,1657,Sochaux,Visita,ALL,15/03/2022,29,1,60%,0.00,1,7,2,2,19,550,17,13,4,,2,0,3,2,4,3,1,0,,,1,1,446,27,69,,29/69 (42%),4/15 (27%),47%,5,39/75 (52%),9/27 (33%),9/17 (53%),53%,17,3,,10,,2,,,,,4
9595585,182,37169,NORMAL,REGULAR,Round 29,LEAGUE,1657,Sochaux,Visita,1ST,15/03/2022,29,1,60%,0.00,1,2,1,0,,254,10,8,2,,1,0,1,0,1,1,1,0,,,0,0,215,15,25,,14/31 (45%),1/5 (20%),50%,2,21/36 (58%),1/8 (13%),3/7 (43%),40%,10,0,,7,,1,,,,,1
9595585,182,37169,NORMAL,REGULAR,Round 29,LEAGUE,1657,Sochaux,Visita,2ND,15/03/2022,29,0,61%,0.00,0,5,1,2,,296,7,5,2,,1,0,2,2,3,2,0,0,,,1,1,231,12,44,,15/38 (39%),3/10 (30%),45%,3,18/39 (46%),8/19 (42%),6/10 (60%),71%,7,3,,3,,1,,,,,3
9595630,182,37169,NORMAL,REGULAR,Round 30,LEAGUE,1657,Sochaux,Local,ALL,19/03/2022,30,2,60%,0.00,4,18,4,5,11,563,19,18,4,,7,1,7,4,11,7,2,2,1,,1,1,485,19,54,,33/57 (58%),4/17 (24%),60%,3,41/66 (62%),12/22 (55%),5/9 (56%),42%,19,3,,20,,4,,,,,6
9595630,182,37169,NORMAL,REGULAR,Round 30,LEAGUE,1657,Sochaux,Local,1ST,19/03/2022,30,2,69%,0.00,3,10,0,3,,370,6,9,1,,5,0,3,2,6,4,2,1,1,,0,1,341,8,32,,19/26 (73%),2/11 (18%),63%,2,18/27 (67%),2/5 (40%),3/4 (75%),50%,6,1,,9,,0,,,,,4
9595630,182,37169,NORMAL,REGULAR,Round 30,LEAGUE,1657,Sochaux,Local,2ND,19/03/2022,30,0,49%,0.00,1,8,4,2,,193,13,9,3,,2,1,4,2,5,3,0,1,0,,1,0,144,11,22,,14/31 (45%),2/6 (33%),59%,1,23/39 (59%),10/17 (59%),2/5 (40%),38%,13,2,,11,,4,,,,,2
9595630,182,37169,NORMAL,REGULAR,Round 30,LEAGUE,6925,Rodez AF,Visita,ALL,19/03/2022,30,0,40%,0.00,0,5,5,3,18,362,7,8,4,,4,0,1,0,3,2,0,0,0,,2,0,282,21,64,,22/50 (44%),6/16 (38%),40%,13,25/66 (38%),10/22 (45%),10/16 (63%),57%,7,10,,15,,5,,,,,4
9595630,182,37169,NORMAL,REGULAR,Round 30,LEAGUE,6925,Rodez AF,Visita,1ST,19/03/2022,30,0,31%,0.00,0,1,3,0,,162,3,3,3,,0,0,1,0,1,0,0,0,0,,1,0,128,6,20,,11/23 (48%),2/8 (25%),37%,4,9/27 (33%),3/5 (60%),3/5 (60%),67%,3,3,,9,,3,,,,,2
9595630,182,37169,NORMAL,REGULAR,Round 30,LEAGUE,6925,Rodez AF,Visita,2ND,19/03/2022,30,0,51%,0.00,0,4,2,3,,200,4,5,1,,4,0,0,0,2,2,0,0,0,,1,0,154,15,44,,11/27 (41%),4/8 (50%),41%,9,16/39 (41%),7/17 (41%),7/11 (64%),50%,4,7,,6,,2,,,,,2
9595645,182,37169,NORMAL,REGULAR,Round 31,LEAGUE,210099,Quevilly - Rouen Métropole,Local,ALL,02/04/2022,31,0,44%,0.00,0,11,2,9,8,377,16,10,2,,2,0,5,4,5,6,0,0,,,,1,279,26,67,,15/52 (29%),4/26 (15%),62%,5,40/64 (63%),14/23 (61%),14/21 (67%),63%,16,5,,10,,2,,,,,10
9595645,182,37169,NORMAL,REGULAR,Round 31,LEAGUE,210099,Quevilly - Rouen Métropole,Local,1ST,02/04/2022,31,0,33%,0.00,0,6,0,5,,135,9,4,0,,2,0,1,3,3,3,0,0,,,,1,81,11,37,,5/31 (16%),1/15 (7%),60%,1,17/26 (65%),9/17 (53%),4/7 (57%),67%,9,2,,5,,0,,,,,5
9595645,182,37169,NORMAL,REGULAR,Round 31,LEAGUE,210099,Quevilly - Rouen Métropole,Local,2ND,02/04/2022,31,0,54%,0.00,0,5,2,4,,242,7,6,2,,0,0,4,1,2,3,0,0,,,,0,198,15,30,,10/21 (48%),3/11 (27%),64%,4,23/38 (61%),5/6 (83%),10/14 (71%),57%,7,3,,5,,2,,,,,5
9595645,182,37169,NORMAL,REGULAR,Round 31,LEAGUE,1657,Sochaux,Visita,ALL,02/04/2022,31,2,56%,0.00,3,11,2,3,11,515,12,7,0,,4,0,4,3,6,5,2,1,,,,1,418,22,74,,36/81 (44%),3/13 (23%),38%,12,24/64 (38%),9/23 (39%),5/9 (56%),58%,12,7,,20,,2,,,,,8
9595645,182,37169,NORMAL,REGULAR,Round 31,LEAGUE,1657,Sochaux,Visita,1ST,02/04/2022,31,1,67%,0.00,2,4,2,2,,298,4,3,0,,1,0,2,1,4,0,1,1,,,,1,248,13,38,,16/35 (46%),2/6 (33%),40%,8,9/26 (35%),8/17 (47%),2/3 (67%),50%,4,4,,15,,2,,,,,3
9595645,182,37169,NORMAL,REGULAR,Round 31,LEAGUE,1657,Sochaux,Visita,2ND,02/04/2022,31,1,46%,0.00,1,7,0,1,,217,8,4,0,,3,0,2,2,2,5,1,0,,,,0,170,9,36,,20/46 (43%),1/7 (14%),36%,4,15/38 (39%),1/6 (17%),3/6 (50%),63%,8,3,,5,,0,,,,,5
9595612,182,37169,NORMAL,REGULAR,Round 32,LEAGUE,1657,Sochaux,Local,ALL,09/04/2022,32,1,52%,0.00,2,9,3,6,15,449,24,12,2,0,3,0,3,3,6,3,1,1,,,2,1,362,28,54,,40/74 (54%),5/16 (31%),48%,10,41/84 (49%),11/25 (44%),5/16 (31%),88%,24,10,,20,,3,,,,,10
9595612,182,37169,NORMAL,REGULAR,Round 32,LEAGUE,1657,Sochaux,Local,1ST,09/04/2022,32,1,55%,0.00,1,6,2,5,,238,7,6,1,0,2,0,1,3,4,2,1,0,,,1,0,193,17,25,,25/38 (66%),2/10 (20%),43%,5,15/36 (42%),7/15 (47%),2/8 (25%),100%,7,6,,9,,2,,,,,5
9595612,182,37169,NORMAL,REGULAR,Round 32,LEAGUE,1657,Sochaux,Local,2ND,09/04/2022,32,0,49%,0.00,1,3,1,1,,211,17,6,1,0,1,0,2,0,2,1,0,1,,,1,1,169,11,29,,15/36 (42%),3/6 (50%),52%,5,26/48 (54%),4/10 (40%),3/8 (38%),82%,17,4,,11,,1,,,,,5
9595612,182,37169,NORMAL,REGULAR,Round 32,LEAGUE,1675,Nancy,Visita,ALL,09/04/2022,32,0,48%,0.00,0,14,3,6,13,412,21,15,1,1,3,0,8,3,7,7,0,0,,,2,0,323,22,58,,24/61 (39%),3/15 (20%),52%,18,43/84 (51%),14/25 (56%),9/15 (60%),76%,21,16,,10,,3,,,,,7
9595612,182,37169,NORMAL,REGULAR,Round 32,LEAGUE,1675,Nancy,Visita,1ST,09/04/2022,32,0,45%,0.00,0,5,2,2,,192,11,7,1,0,2,0,3,0,4,1,0,0,,,1,0,144,8,22,,12/33 (36%),2/7 (29%),57%,6,21/36 (58%),8/15 (53%),4/5 (80%),73%,11,6,,8,,2,,,,,3
9595612,182,37169,NORMAL,REGULAR,Round 32,LEAGUE,1675,Nancy,Visita,2ND,09/04/2022,32,0,51%,0.00,0,9,1,4,,220,10,8,0,1,1,0,5,3,3,6,0,0,,,1,0,179,14,36,,12/28 (43%),1/8 (13%),48%,12,22/48 (46%),6/10 (60%),5/10 (50%),80%,10,10,,2,,1,,,,,4
9595616,182,37169,NORMAL,REGULAR,Round 33,LEAGUE,1663,Nîmes Olympique,Local,ALL,16/04/2022,33,1,37%,0.00,2,9,3,4,14,338,11,13,1,,4,2,4,1,7,2,1,1,,,1,2,242,32,48,,25/68 (37%),5/11 (45%),50%,3,31/54 (57%),14/36 (39%),7/9 (78%),45%,11,19,,9,,3,,,,,3
9595616,182,37169,NORMAL,REGULAR,Round 33,LEAGUE,1663,Nîmes Olympique,Local,1ST,16/04/2022,33,1,37%,0.00,1,6,1,2,,174,6,3,1,,2,2,4,0,5,1,1,0,,,0,0,125,18,15,,14/40 (35%),3/6 (50%),45%,3,11/24 (46%),7/16 (44%),2/2 (100%),50%,6,11,,4,,1,,,,,2
9595616,182,37169,NORMAL,REGULAR,Round 33,LEAGUE,1663,Nîmes Olympique,Local,2ND,16/04/2022,33,0,37%,0.00,1,3,2,2,,164,5,10,0,,2,0,0,1,2,1,0,1,,,1,2,117,14,33,,11/28 (39%),2/5 (40%),54%,0,20/30 (67%),7/20 (35%),5/7 (71%),40%,5,8,,5,,2,,,,,1
9595616,182,37169,NORMAL,REGULAR,Round 33,LEAGUE,1657,Sochaux,Visita,ALL,16/04/2022,33,3,63%,0.00,5,12,3,2,15,569,5,13,2,,6,2,4,2,7,5,2,3,,,3,4,475,22,42,,32/63 (51%),2/14 (14%),50%,6,23/54 (43%),22/36 (61%),7/12 (58%),80%,5,10,,9,,3,,,,,5
9595616,182,37169,NORMAL,REGULAR,Round 33,LEAGUE,1657,Sochaux,Visita,1ST,16/04/2022,33,1,63%,0.00,3,7,1,1,,290,3,6,0,,2,2,4,1,4,3,1,2,,,2,2,241,9,20,,15/28 (54%),1/8 (13%),55%,3,13/24 (54%),9/16 (56%),4/7 (57%),100%,3,5,,4,,1,,,,,5
9595616,182,37169,NORMAL,REGULAR,Round 33,LEAGUE,1657,Sochaux,Visita,2ND,16/04/2022,33,2,63%,0.00,2,5,2,1,,279,2,7,2,,4,0,0,1,3,2,1,1,,,1,2,234,13,22,,17/35 (49%),1/6 (17%),46%,3,10/30 (33%),13/20 (65%),3/5 (60%),50%,2,5,,5,,2,,,,,0
9595694,182,37169,NORMAL,REGULAR,Round 34,LEAGUE,1657,Sochaux,Local,ALL,19/04/2022,34,1,45%,0.00,1,10,5,5,15,408,19,17,4,,3,1,2,5,3,7,1,0,0,,1,1,322,15,59,,26/68 (38%),3/15 (20%),48%,5,42/71 (59%),5/27 (19%),6/12 (50%),58%,19,10,,5,,5,,,,,12
9595694,182,37169,NORMAL,REGULAR,Round 34,LEAGUE,1657,Sochaux,Local,1ST,19/04/2022,34,1,35%,0.00,1,5,4,3,,164,11,3,2,,1,0,1,3,1,4,1,0,0,,1,1,125,5,24,,12/37 (32%),1/6 (17%),45%,3,15/29 (52%),3/11 (27%),1/3 (33%),64%,11,8,,4,,4,,,,,5
9595694,182,37169,NORMAL,REGULAR,Round 34,LEAGUE,1657,Sochaux,Local,2ND,19/04/2022,34,0,56%,0.00,0,5,1,2,,244,8,14,2,,2,1,1,2,2,3,0,0,0,,0,0,197,10,35,,14/31 (45%),2/9 (22%),50%,2,27/42 (64%),2/16 (13%),5/9 (56%),50%,8,2,,1,,1,,,,,7
9595694,182,37169,NORMAL,REGULAR,Round 34,LEAGUE,1681,Toulouse,Visita,ALL,19/04/2022,34,1,55%,0.00,7,18,2,4,18,493,11,15,2,,6,1,4,8,12,6,1,6,1,,1,2,413,18,78,,22/44 (50%),5/17 (29%),52%,11,29/71 (41%),22/27 (81%),4/12 (33%),45%,11,11,,14,,2,,,,,4
9595694,182,37169,NORMAL,REGULAR,Round 34,LEAGUE,1681,Toulouse,Visita,1ST,19/04/2022,34,0,65%,0.00,2,9,0,2,,302,5,7,0,,4,0,1,4,5,4,0,2,1,,1,1,259,12,53,,10/20 (50%),2/10 (20%),55%,6,14/29 (48%),8/11 (73%),3/8 (38%),20%,5,3,,5,,0,,,,,3
9595694,182,37169,NORMAL,REGULAR,Round 34,LEAGUE,1681,Toulouse,Visita,2ND,19/04/2022,34,1,44%,0.00,5,9,2,2,,191,6,8,2,,2,1,3,4,7,2,1,4,0,,0,1,154,6,25,,12/24 (50%),3/7 (43%),50%,5,15/42 (36%),14/16 (88%),1/4 (25%),67%,6,8,,9,,2,,,,,1
9595646,182,37169,NORMAL,REGULAR,Round 35,LEAGUE,1685,Pau FC,Local,ALL,22/04/2022,35,0,52%,0.00,2,12,1,4,11,482,13,10,1,,2,0,4,6,6,6,,2,,,1,2,408,32,58,,24/47 (51%),3/20 (15%),52%,5,31/60 (52%),14/27 (52%),8/17 (47%),54%,13,17,,6,,1,,,,,7
9595646,182,37169,NORMAL,REGULAR,Round 35,LEAGUE,1685,Pau FC,Local,1ST,22/04/2022,35,0,49%,0.00,0,5,1,3,,247,6,7,1,,1,0,1,3,1,4,,0,,,0,0,215,11,32,,12/23 (52%),1/11 (9%),59%,2,16/25 (64%),1/4 (25%),3/5 (60%),33%,6,9,,2,,1,,,,,3
9595646,182,37169,NORMAL,REGULAR,Round 35,LEAGUE,1685,Pau FC,Local,2ND,22/04/2022,35,0,56%,0.00,2,7,0,1,,235,7,3,0,,1,0,3,3,5,2,,2,,,1,2,193,21,26,,12/24 (50%),2/9 (22%),48%,3,15/35 (43%),13/23 (57%),5/12 (42%),71%,7,8,,4,,0,,,,,4
9595646,182,37169,NORMAL,REGULAR,Round 35,LEAGUE,1657,Sochaux,Visita,ALL,22/04/2022,35,1,48%,0.00,0,6,2,3,10,446,14,11,1,,2,0,3,1,5,1,,0,,,2,1,370,15,46,,29/62 (47%),3/10 (30%),48%,9,29/60 (48%),13/27 (48%),4/8 (50%),43%,14,7,,13,,2,,,,,6
9595646,182,37169,NORMAL,REGULAR,Round 35,LEAGUE,1657,Sochaux,Visita,1ST,22/04/2022,35,1,51%,0.00,0,3,1,2,,262,4,3,0,,2,0,1,0,2,1,,0,,,1,1,229,5,20,,10/19 (53%),1/4 (25%),41%,6,9/25 (36%),3/4 (75%),2/2 (100%),50%,4,3,,6,,1,,,,,2
9595646,182,37169,NORMAL,REGULAR,Round 35,LEAGUE,1657,Sochaux,Visita,2ND,22/04/2022,35,0,44%,0.00,0,3,1,1,,184,10,8,1,,0,0,2,1,3,0,,0,,,1,0,141,10,26,,19/43 (44%),2/6 (33%),52%,3,20/35 (57%),10/23 (43%),2/6 (33%),40%,10,4,,7,,1,,,,,4
9595707,182,37169,NORMAL,REGULAR,Round 36,LEAGUE,1657,Sochaux,Local,ALL,30/04/2022,36,2,57%,0.00,,9,0,5,17,442,13,14,2,,2,0,4,3,2,7,,,,,6,1,376,16,46,,38/46 (83%),4/19 (21%),49%,9,34/75 (45%),16/28 (57%),7/16 (44%),46%,13,11,,4,,0,,,,,2
9595707,182,37169,NORMAL,REGULAR,Round 36,LEAGUE,1657,Sochaux,Local,1ST,30/04/2022,36,0,56%,0.00,,3,0,2,,240,4,6,0,,0,0,2,1,0,3,,,,,3,0,213,11,21,,21/26 (81%),1/7 (14%),43%,4,14/35 (40%),4/7 (57%),4/7 (57%),75%,4,5,,0,,0,,,,,1
9595707,182,37169,NORMAL,REGULAR,Round 36,LEAGUE,1657,Sochaux,Local,2ND,30/04/2022,36,2,58%,0.00,,6,0,3,,202,9,8,2,,2,0,2,2,2,4,,,,,3,1,163,5,25,,17/20 (85%),3/12 (25%),52%,5,20/40 (50%),12/21 (57%),3/9 (33%),33%,9,6,,4,,0,,,,,1
9595707,182,37169,NORMAL,REGULAR,Round 36,LEAGUE,1655,Bastia,Visita,ALL,30/04/2022,36,1,43%,0.00,,4,2,1,15,342,18,17,3,,0,0,2,2,2,2,,,,,1,2,252,15,48,,19/57 (33%),2/5 (40%),51%,9,41/75 (55%),12/28 (43%),8/12 (67%),50%,18,12,,11,,2,,,,,9
9595707,182,37169,NORMAL,REGULAR,Round 36,LEAGUE,1655,Bastia,Visita,1ST,30/04/2022,36,0,44%,0.00,,2,0,0,,188,7,10,2,,0,0,1,1,0,2,,,,,1,1,148,8,30,,10/28 (36%),1/3 (33%),57%,4,21/35 (60%),3/7 (43%),5/5 (100%),57%,7,7,,4,,0,,,,,4
9595707,182,37169,NORMAL,REGULAR,Round 36,LEAGUE,1655,Bastia,Visita,2ND,30/04/2022,36,1,42%,0.00,,2,2,1,,154,11,7,1,,0,0,1,1,2,0,,,,,0,1,104,7,18,,9/29 (31%),1/2 (50%),48%,5,20/40 (50%),9/21 (43%),3/7 (43%),45%,11,5,,7,,2,,,,,5
9595571,182,37169,NORMAL,REGULAR,Round 37,LEAGUE,5061,Valenciennes,Local,ALL,07/05/2022,37,1,27%,0.00,2,6,4,2,13,251,25,11,3,,1,0,2,3,4,2,1,1,1,,1,3,168,8,49,,16/61 (26%),1/7 (14%),49%,9,43/86 (50%),11/25 (44%),7/18 (39%),80%,25,16,,29,,4,,,,,8
9595571,182,37169,NORMAL,REGULAR,Round 37,LEAGUE,5061,Valenciennes,Local,1ST,07/05/2022,37,0,29%,0.00,0,1,2,1,,146,12,5,1,,0,0,0,1,1,0,0,0,0,,1,3,100,6,21,,9/30 (30%),1/5 (20%),52%,3,20/38 (53%),5/10 (50%),3/8 (38%),92%,12,4,,10,,2,,,,,5
9595571,182,37169,NORMAL,REGULAR,Round 37,LEAGUE,5061,Valenciennes,Local,2ND,07/05/2022,37,1,26%,0.00,2,5,2,1,,105,13,6,2,,1,0,2,2,3,2,1,1,1,,0,0,68,2,28,,7/31 (23%),0/2 (0%),46%,6,23/48 (48%),6/15 (40%),4/10 (40%),69%,13,12,,19,,2,,,,,3
9595571,182,37169,NORMAL,REGULAR,Round 37,LEAGUE,1657,Sochaux,Visita,ALL,07/05/2022,37,0,73%,0.00,0,14,0,4,11,656,20,13,3,,4,0,6,4,4,10,0,0,0,,2,3,573,29,94,,33/54 (61%),5/28 (18%),51%,15,43/86 (50%),14/25 (56%),10/20 (50%),70%,20,4,,5,,0,,,,,7
9595571,182,37169,NORMAL,REGULAR,Round 37,LEAGUE,1657,Sochaux,Visita,1ST,07/05/2022,37,0,71%,0.00,0,8,0,1,,363,8,5,1,,2,0,4,2,1,7,0,0,0,,1,1,326,9,49,,17/27 (63%),2/11 (18%),48%,9,18/38 (47%),5/10 (50%),5/8 (63%),75%,8,1,,2,,0,,,,,5
9595571,182,37169,NORMAL,REGULAR,Round 37,LEAGUE,1657,Sochaux,Visita,2ND,07/05/2022,37,0,74%,0.00,0,6,0,3,,293,12,8,2,,2,0,2,2,3,3,0,0,0,,1,2,247,20,45,,16/27 (59%),3/17 (18%),54%,6,25/48 (52%),9/15 (60%),5/12 (42%),67%,12,3,,3,,0,,,,,2
9595543,182,37169,NORMAL,REGULAR,Round 38,LEAGUE,1657,Sochaux,Local,ALL,14/05/2022,38,2,49%,0.00,3,16,1,8,4,444,15,5,0,,9,1,6,1,11,5,1,2,2,,2,,366,27,51,,35/50 (70%),5/23 (22%),48%,8,34/64 (53%),4/15 (27%),14/22 (64%),47%,15,6,,16,,1,,,,,6
9595543,182,37169,NORMAL,REGULAR,Round 38,LEAGUE,1657,Sochaux,Local,1ST,14/05/2022,38,1,50%,0.00,2,6,0,3,,247,7,1,0,,3,0,3,0,6,0,1,1,2,,0,,207,18,20,,23/29 (79%),2/8 (25%),36%,7,12/29 (41%),2/10 (20%),4/8 (50%),71%,7,2,,9,,0,,,,,3
9595543,182,37169,NORMAL,REGULAR,Round 38,LEAGUE,1657,Sochaux,Local,2ND,14/05/2022,38,1,48%,0.00,1,10,1,5,,197,8,4,0,,6,1,3,1,5,5,0,1,0,,2,,159,9,31,,12/21 (57%),3/15 (20%),60%,1,22/35 (63%),2/5 (40%),10/14 (71%),25%,8,4,,7,,1,,,,,3
9595543,182,37169,NORMAL,REGULAR,Round 38,LEAGUE,1686,Dijon,Visita,ALL,14/05/2022,38,2,51%,0.00,0,12,7,3,5,471,16,4,1,,3,0,6,3,6,6,0,0,0,,0,,396,22,51,,27/45 (60%),5/14 (36%),52%,7,30/64 (47%),11/15 (73%),10/18 (56%),50%,16,13,,21,,7,,,,,13
9595543,182,37169,NORMAL,REGULAR,Round 38,LEAGUE,1686,Dijon,Visita,1ST,14/05/2022,38,0,50%,0.00,0,5,2,2,,254,11,1,0,,0,0,3,2,3,2,0,0,0,,0,,217,10,30,,14/26 (54%),4/7 (57%),64%,5,17/29 (59%),8/10 (80%),5/7 (71%),55%,11,9,,11,,2,,,,,6
9595543,182,37169,NORMAL,REGULAR,Round 38,LEAGUE,1686,Dijon,Visita,2ND,14/05/2022,38,2,52%,0.00,0,7,5,1,,217,5,3,1,,3,0,3,1,3,4,0,0,0,,0,,179,12,21,,13/19 (68%),1/7 (14%),40%,2,13/35 (37%),3/5 (60%),5/11 (45%),40%,5,4,,10,,5,,,,,7
10313006,34,37167,NORMAL,PLAYOFF,Qualification round 1,LEAGUE,6070,Paris FC,Local,ALL,17/05/2022,1,1,43%,0.00,4,6,1,6,6,389,12,7,4,1,2,0,4,0,4,2,1,3,1,,2,1,302,16,41,,28/67 (42%),1/14 (7%),57%,2,24/43 (56%),15/26 (58%),5/8 (63%),50%,12,11,,18,,1,,,,,11
10313006,34,37167,NORMAL,PLAYOFF,Qualification round 1,LEAGUE,6070,Paris FC,Local,1ST,17/05/2022,1,1,48%,0.00,4,6,0,4,,199,4,1,2,1,2,0,4,0,4,2,1,3,1,,2,0,163,8,17,,14/28 (50%),1/10 (10%),50%,0,7/14 (50%),5/10 (50%),2/2 (100%),25%,4,2,,11,,0,,,,,3
10313006,34,37167,NORMAL,PLAYOFF,Qualification round 1,LEAGUE,6070,Paris FC,Local,2ND,17/05/2022,1,0,39%,0.00,0,0,1,2,,190,8,6,2,0,0,0,0,0,0,0,0,0,0,,0,1,139,8,24,,14/39 (36%),0/4 (0%),60%,2,17/29 (59%),10/16 (63%),3/6 (50%),63%,8,9,,7,,1,,,,,8
10313006,34,37167,NORMAL,PLAYOFF,Qualification round 1,LEAGUE,1657,Sochaux,Visita,ALL,17/05/2022,1,2,57%,0.00,0,10,1,4,9,514,5,6,2,0,3,0,6,1,3,7,0,0,0,,0,4,442,24,67,,42/64 (66%),2/18 (11%),43%,7,19/43 (44%),11/26 (42%),8/13 (62%),60%,5,11,,11,,1,,,,,8
10313006,34,37167,NORMAL,PLAYOFF,Qualification round 1,LEAGUE,1657,Sochaux,Visita,1ST,17/05/2022,1,1,52%,0.00,0,4,1,4,,215,0,5,1,0,1,0,2,1,2,2,0,0,0,,0,3,189,8,23,,16/24 (67%),0/13 (0%),50%,2,7/14 (50%),5/10 (50%),2/4 (50%),0%,0,6,,6,,1,,,,,7
10313006,34,37167,NORMAL,PLAYOFF,Qualification round 1,LEAGUE,1657,Sochaux,Visita,2ND,17/05/2022,1,1,61%,0.00,0,6,0,0,,299,5,1,1,0,2,0,4,0,1,5,0,0,0,,0,1,253,16,44,,26/40 (65%),2/5 (40%),40%,5,12/29 (41%),6/16 (38%),6/9 (67%),60%,5,5,,5,,0,,,,,1
10319262,34,37167,NORMAL,PLAYOFF,Qualification round 2,LEAGUE,1646,Auxerre,Local,ALL,20/05/2022,2,5,61%,0.00,2,22,0,2,17,843,20,12,2,,5,0,12,5,9,13,,2,,,2,1,715,22,112,,60/114 (53%),7/14 (50%),46%,8,41/91 (45%),20/43 (47%),9/27 (33%),75%,20,6,,11,,0,,,,,6
10319262,34,37167,NORMAL,PLAYOFF,Qualification round 2,LEAGUE,1646,Auxerre,Local,1ST,20/05/2022,2,,62%,0.00,0,8,0,2,,329,3,7,0,,3,0,4,1,3,5,,0,,,1,1,287,14,43,,26/49 (53%),1/4 (25%),46%,4,15/31 (48%),7/17 (41%),5/12 (42%),67%,3,1,,5,,0,,,,,4
10319262,34,37167,NORMAL,PLAYOFF,Qualification round 2,LEAGUE,1646,Auxerre,Local,2ND,20/05/2022,2,,56%,0.00,2,10,0,0,,300,11,3,1,,2,0,6,2,3,7,,2,,,1,0,256,3,42,,21/37 (57%),4/7 (57%),44%,3,16/35 (46%),3/8 (38%),2/7 (29%),73%,11,3,,2,,0,,,,,2
10319262,34,37167,NORMAL,PLAYOFF,Qualification round 2,LEAGUE,1657,Sochaux,Visita,ALL,20/05/2022,2,4,39%,0.00,1,7,5,2,12,526,26,16,3,,1,0,3,3,3,4,,1,,,2,10,408,23,65,,44/95 (46%),1/10 (10%),54%,11,50/91 (55%),23/43 (53%),8/17 (47%),42%,26,16,,18,,5,,,,,24
10319262,34,37167,NORMAL,PLAYOFF,Qualification round 2,LEAGUE,1657,Sochaux,Visita,1ST,20/05/2022,2,,38%,0.00,0,1,3,1,,197,11,2,0,,0,0,1,0,1,0,,0,,,0,2,159,9,21,,19/34 (56%),0/5 (0%),54%,2,16/31 (52%),10/17 (59%),3/4 (75%),36%,11,5,,7,,3,,,,,7
10319262,34,37167,NORMAL,PLAYOFF,Qualification round 2,LEAGUE,1657,Sochaux,Visita,2ND,20/05/2022,2,,44%,0.00,0,3,2,1,,241,8,8,1,,0,0,2,1,1,2,,0,,,1,6,200,6,22,,19/35 (54%),1/3 (33%),56%,6,19/35 (54%),5/8 (63%),3/8 (38%),50%,8,8,,8,,2,,,,,11
10389546,182,42272,NORMAL,REGULAR,Round 1,LEAGUE,1657,Sochaux,Local,ALL,01/08/2022,1,0,67%,0.00,3,10,0,5,12,560,9,11,2,0,1,0,7,2,4,6,,3,1,,3,5,499,26,64,,29/47 (62%),7/30 (23%),45%,3,29/58 (50%),15/39 (38%),9/15 (60%),89%,9,10,,8,,0,,,,,9
10389546,182,42272,NORMAL,REGULAR,Round 1,LEAGUE,1657,Sochaux,Local,1ST,01/08/2022,1,0,59%,0.00,3,4,0,1,,249,7,7,1,0,0,0,4,0,4,0,,3,0,,2,1,217,10,18,,11/22 (50%),4/8 (50%),51%,2,20/36 (56%),6/15 (40%),6/9 (67%),86%,7,5,,4,,0,,,,,6
10389546,182,42272,NORMAL,REGULAR,Round 1,LEAGUE,1657,Sochaux,Local,2ND,01/08/2022,1,0,75%,0.00,0,6,0,4,,311,2,4,1,0,1,0,3,2,0,6,,0,1,,1,4,282,16,46,,18/25 (72%),3/22 (14%),39%,1,9/22 (41%),9/24 (38%),3/6 (50%),100%,2,5,,4,,0,,,,,3
10389546,182,42272,NORMAL,REGULAR,Round 1,LEAGUE,6070,Paris FC,Visita,ALL,01/08/2022,1,0,33%,0.00,0,2,1,2,11,282,9,12,3,2,0,0,1,1,2,0,,0,0,,2,0,211,15,38,,27/51 (53%),3/9 (33%),55%,4,29/58 (50%),24/39 (62%),9/14 (64%),33%,9,10,,19,,1,,,,,11
10389546,182,42272,NORMAL,REGULAR,Round 1,LEAGUE,6070,Paris FC,Visita,1ST,01/08/2022,1,0,41%,0.00,0,1,0,2,,173,5,7,1,1,0,0,0,1,1,0,,0,0,,1,0,142,6,20,,14/23 (61%),1/5 (20%),49%,3,16/36 (44%),9/15 (60%),4/8 (50%),40%,5,4,,4,,0,,,,,4
10389546,182,42272,NORMAL,REGULAR,Round 1,LEAGUE,6070,Paris FC,Visita,2ND,01/08/2022,1,0,25%,0.00,0,1,1,0,,109,4,5,2,1,0,0,1,0,1,0,,0,0,,1,0,69,9,18,,13/28 (46%),2/4 (50%),61%,1,13/22 (59%),15/24 (63%),5/6 (83%),25%,4,6,,15,,1,,,,,7
10389673,182,42272,NORMAL,REGULAR,Round 2,LEAGUE,1671,Grenoble Foot 38,Local,ALL,06/08/2022,2,1,42%,0.00,2,12,5,4,12,326,12,19,2,,5,0,4,3,8,4,,2,1,,3,1,227,19,54,,31/75 (41%),7/17 (41%),54%,13,45/83 (54%),17/32 (53%),14/26 (54%),67%,12,17,,20,,5,,,,,14
10389673,182,42272,NORMAL,REGULAR,Round 2,LEAGUE,1671,Grenoble Foot 38,Local,1ST,06/08/2022,2,1,42%,0.00,0,4,2,1,,184,4,7,2,,1,0,2,1,3,1,,0,0,,0,0,133,10,32,,13/35 (37%),3/7 (43%),50%,8,18/36 (50%),7/14 (50%),7/11 (64%),100%,4,11,,11,,2,,,,,6
10389673,182,42272,NORMAL,REGULAR,Round 2,LEAGUE,1671,Grenoble Foot 38,Local,2ND,06/08/2022,2,0,43%,0.00,2,8,3,3,,142,8,12,0,,4,0,2,2,5,3,,2,1,,3,1,94,9,22,,18/40 (45%),4/10 (40%),57%,5,27/47 (57%),10/18 (56%),7/15 (47%),50%,8,6,,9,,3,,,,,8
10389673,182,42272,NORMAL,REGULAR,Round 2,LEAGUE,1657,Sochaux,Visita,ALL,06/08/2022,2,0,58%,0.00,4,15,4,6,19,449,25,11,3,,5,0,5,5,13,2,,4,0,,1,0,346,24,71,,27/68 (40%),6/18 (33%),46%,8,38/83 (46%),15/32 (47%),2/6 (33%),64%,25,15,,11,,4,,,,,3
10389673,182,42272,NORMAL,REGULAR,Round 2,LEAGUE,1657,Sochaux,Visita,1ST,06/08/2022,2,0,58%,0.00,1,7,0,4,,258,12,4,0,,2,0,2,3,5,2,,1,0,,0,0,203,17,40,,18/37 (49%),4/9 (44%),50%,4,18/36 (50%),7/14 (50%),2/2 (100%),58%,12,7,,5,,0,,,,,0
10389673,182,42272,NORMAL,REGULAR,Round 2,LEAGUE,1657,Sochaux,Visita,2ND,06/08/2022,2,0,57%,0.00,3,8,4,2,,191,13,7,3,,3,0,3,2,8,0,,3,0,,1,0,143,7,31,,9/31 (29%),2/9 (22%),43%,4,20/47 (43%),8/18 (44%),0/4 (0%),69%,13,8,,6,,4,,,,,3
10389555,182,42272,NORMAL,REGULAR,Round 3,LEAGUE,1657,Sochaux,Local,ALL,13/08/2022,3,0,56%,0.00,0,15,3,4,12,471,23,18,2,0,4,0,6,5,8,7,0,,2,,5,2,389,23,63,,30/55 (55%),4/19 (21%),48%,15,50/104 (48%),11/23 (48%),9/19 (47%),43%,23,16,,5,,3,,,,,7
10389555,182,42272,NORMAL,REGULAR,Round 3,LEAGUE,1657,Sochaux,Local,1ST,13/08/2022,3,0,58%,0.00,0,6,3,1,,250,14,7,1,0,2,0,3,1,3,3,0,,0,,1,2,208,12,33,,19/33 (58%),2/10 (20%),43%,11,26/56 (46%),3/12 (25%),5/10 (50%),43%,14,5,,3,,3,,,,,5
10389555,182,42272,NORMAL,REGULAR,Round 3,LEAGUE,1657,Sochaux,Local,2ND,13/08/2022,3,0,54%,0.00,0,9,0,3,,221,9,11,1,0,2,0,3,4,5,4,0,,2,,4,0,181,11,30,,11/22 (50%),2/9 (22%),54%,4,24/48 (50%),8/11 (73%),4/9 (44%),44%,9,11,,2,,0,,,,,2
10389555,182,42272,NORMAL,REGULAR,Round 3,LEAGUE,1676,Amiens SC,Visita,ALL,13/08/2022,3,1,44%,0.00,1,7,4,3,18,378,25,12,9,1,4,1,3,0,4,3,1,,1,,1,3,278,22,56,,29/62 (47%),5/13 (38%),52%,11,54/104 (52%),12/23 (52%),18/30 (60%),60%,25,9,,24,,4,,,,,10
10389555,182,42272,NORMAL,REGULAR,Round 3,LEAGUE,1676,Amiens SC,Visita,1ST,13/08/2022,3,0,42%,0.00,0,5,2,2,,186,16,8,2,0,3,1,2,0,3,2,0,,0,,1,2,140,10,29,,19/35 (54%),5/7 (71%),57%,7,30/56 (54%),9/12 (75%),7/14 (50%),50%,16,6,,13,,2,,,,,4
10389555,182,42272,NORMAL,REGULAR,Round 3,LEAGUE,1676,Amiens SC,Visita,2ND,13/08/2022,3,1,46%,0.00,1,2,2,1,,192,9,4,7,1,1,0,1,0,1,1,1,,1,,0,1,138,12,27,,10/27 (37%),0/6 (0%),46%,4,24/48 (50%),3/11 (27%),11/16 (69%),78%,9,3,,11,,2,,,,,6
10389604,182,42272,NORMAL,REGULAR,Round 4,LEAGUE,1685,Pau FC,Local,ALL,20/08/2022,4,0,49%,0.00,1,14,3,7,17,459,13,15,2,,2,0,8,4,8,6,0,1,2,,2,3,381,15,46,,24/49 (49%),3/19 (16%),42%,10,35/79 (44%),8/24 (33%),7/20 (35%),69%,13,8,,7,,3,,,,,2
10389604,182,42272,NORMAL,REGULAR,Round 4,LEAGUE,1685,Pau FC,Local,1ST,20/08/2022,4,0,47%,0.00,1,6,3,1,,224,6,8,1,,1,0,4,1,3,3,0,1,1,,1,2,187,4,22,,12/29 (41%),1/7 (14%),47%,4,18/39 (46%),5/10 (50%),4/8 (50%),83%,6,4,,3,,3,,,,,0
10389604,182,42272,NORMAL,REGULAR,Round 4,LEAGUE,1685,Pau FC,Local,2ND,20/08/2022,4,0,50%,0.00,0,8,0,6,,235,7,7,1,,1,0,4,3,5,3,0,0,1,,1,1,194,11,24,,12/20 (60%),2/12 (17%),37%,6,17/40 (43%),3/14 (21%),3/12 (25%),57%,7,4,,4,,0,,,,,2
10389604,182,42272,NORMAL,REGULAR,Round 4,LEAGUE,1657,Sochaux,Visita,ALL,20/08/2022,4,3,51%,0.00,2,10,2,4,16,490,23,17,2,,6,0,2,2,6,4,2,0,0,,3,0,417,15,51,,37/63 (59%),4/13 (31%),58%,5,44/79 (56%),16/24 (67%),4/12 (33%),43%,23,9,,16,,2,,,,,10
10389604,182,42272,NORMAL,REGULAR,Round 4,LEAGUE,1657,Sochaux,Visita,1ST,20/08/2022,4,1,53%,0.00,0,5,1,3,,252,8,11,1,,4,0,0,1,3,2,0,0,0,,2,0,221,9,30,,17/27 (63%),1/7 (14%),53%,3,21/39 (54%),5/10 (50%),2/5 (40%),63%,8,2,,6,,1,,,,,5
10389604,182,42272,NORMAL,REGULAR,Round 4,LEAGUE,1657,Sochaux,Visita,2ND,20/08/2022,4,2,50%,0.00,2,5,1,1,,238,15,6,1,,2,0,2,1,3,2,2,0,0,,1,0,196,6,21,,20/36 (56%),3/6 (50%),63%,2,23/40 (57%),11/14 (79%),2/7 (29%),33%,15,7,,10,,1,,,,,5
10389591,182,42272,NORMAL,REGULAR,Round 5,LEAGUE,1657,Sochaux,Local,ALL,27/08/2022,5,3,54%,0.00,1,15,3,3,18,493,20,11,1,,4,0,6,5,5,10,1,,2,,2,4,435,8,61,,39/62 (63%),5/24 (21%),50%,9,39/80 (49%),14/26 (54%),9/12 (75%),40%,20,13,,8,,3,,,,,9
10389591,182,42272,NORMAL,REGULAR,Round 5,LEAGUE,1657,Sochaux,Local,1ST,27/08/2022,5,1,53%,0.00,0,7,1,1,,268,7,5,1,,2,0,3,2,1,6,0,,0,,1,2,241,7,34,,24/34 (71%),1/14 (7%),47%,5,16/37 (43%),6/10 (60%),4/6 (67%),57%,7,7,,2,,1,,,,,3
10389591,182,42272,NORMAL,REGULAR,Round 5,LEAGUE,1657,Sochaux,Local,2ND,27/08/2022,5,2,55%,0.00,1,8,2,2,,225,13,6,0,,2,0,3,3,4,4,1,,2,,1,2,194,1,27,,15/28 (54%),4/10 (40%),53%,4,23/43 (53%),8/16 (50%),5/6 (83%),31%,13,6,,6,,2,,,,,6
10389591,182,42272,NORMAL,REGULAR,Round 5,LEAGUE,1665,Chamois Niortais,Visita,ALL,27/08/2022,5,0,46%,0.00,0,9,2,5,14,425,12,17,3,,3,0,5,1,7,2,0,,0,,1,1,360,7,36,,21/36 (58%),4/15 (27%),50%,11,41/80 (51%),12/26 (46%),12/21 (57%),58%,12,8,,12,,2,,,,,9
10389591,182,42272,NORMAL,REGULAR,Round 5,LEAGUE,1665,Chamois Niortais,Visita,1ST,27/08/2022,5,0,47%,0.00,0,2,1,1,,244,7,10,1,,1,0,1,0,2,0,0,,0,,1,0,208,3,18,,9/20 (45%),0/4 (0%),53%,5,21/37 (57%),4/10 (40%),4/6 (67%),57%,7,6,,8,,1,,,,,4
10389591,182,42272,NORMAL,REGULAR,Round 5,LEAGUE,1665,Chamois Niortais,Visita,2ND,27/08/2022,5,0,45%,0.00,0,7,1,4,,181,5,7,2,,2,0,4,1,5,2,0,,0,,0,1,152,4,18,,12/16 (75%),4/11 (36%),47%,6,20/43 (47%),8/16 (50%),8/15 (53%),60%,5,2,,4,,1,,,,,5
10389404,182,42272,NORMAL,REGULAR,Round 6,LEAGUE,1654,Guingamp,Local,ALL,30/08/2022,6,1,43%,0.00,2,15,3,4,13,404,13,17,2,,7,0,5,3,8,7,1,1,,,3,1,339,17,38,,25/40 (63%),9/20 (45%),56%,4,35/64 (55%),17/29 (59%),5/14 (36%),38%,13,8,,9,,3,,,,,7
10389404,182,42272,NORMAL,REGULAR,Round 6,LEAGUE,1654,Guingamp,Local,1ST,30/08/2022,6,1,41%,0.00,2,7,2,2,,203,8,7,1,,3,0,3,1,4,3,1,1,,,1,1,171,5,20,,11/20 (55%),4/7 (57%),57%,4,18/32 (56%),8/14 (57%),3/7 (43%),50%,8,4,,6,,2,,,,,4
10389404,182,42272,NORMAL,REGULAR,Round 6,LEAGUE,1654,Guingamp,Local,2ND,30/08/2022,6,0,46%,0.00,0,8,1,2,,201,5,10,1,,4,0,2,2,4,4,0,0,,,2,0,168,12,18,,14/20 (70%),5/13 (38%),55%,0,17/32 (53%),9/15 (60%),2/7 (29%),20%,5,4,,3,,1,,,,,3
10389404,182,42272,NORMAL,REGULAR,Round 6,LEAGUE,1657,Sochaux,Visita,ALL,30/08/2022,6,2,57%,0.00,3,9,6,2,18,551,13,12,4,,5,0,2,2,4,5,2,1,,,1,2,466,10,40,,36/74 (49%),4/10 (40%),44%,8,29/64 (45%),12/29 (41%),4/9 (44%),62%,13,6,,17,,6,,,,,9
10389404,182,42272,NORMAL,REGULAR,Round 6,LEAGUE,1657,Sochaux,Visita,1ST,30/08/2022,6,1,59%,0.00,2,5,2,2,,303,8,3,2,,3,0,1,1,2,3,1,1,,,1,1,262,6,23,,23/38 (61%),3/7 (43%),43%,7,14/32 (44%),6/14 (43%),3/4 (75%),75%,8,4,,5,,2,,,,,3
10389404,182,42272,NORMAL,REGULAR,Round 6,LEAGUE,1657,Sochaux,Visita,2ND,30/08/2022,6,1,54%,0.00,1,4,4,0,,248,5,9,2,,2,0,1,1,2,2,1,0,,,0,1,204,4,17,,13/36 (36%),1/3 (33%),45%,1,15/32 (47%),6/15 (40%),1/5 (20%),40%,5,2,,12,,4,,,,,6
10389411,182,42272,NORMAL,REGULAR,Round 7,LEAGUE,1657,Sochaux,Local,ALL,02/09/2022,7,4,69%,0.00,3,23,3,11,14,541,15,10,2,0,7,0,2,14,16,7,3,,,,6,2,465,21,57,,33/49 (67%),7/27 (26%),52%,8,33/64 (52%),13/25 (52%),8/13 (62%),53%,15,0,,7,,3,,,,,11
10389411,182,42272,NORMAL,REGULAR,Round 7,LEAGUE,1657,Sochaux,Local,1ST,02/09/2022,7,1,71%,0.00,1,10,2,7,,288,5,8,1,0,1,0,2,7,6,4,1,,,,5,0,248,17,25,,18/27 (67%),4/19 (21%),53%,6,17/33 (52%),9/16 (56%),4/5 (80%),40%,5,0,,3,,2,,,,,6
10389411,182,42272,NORMAL,REGULAR,Round 7,LEAGUE,1657,Sochaux,Local,2ND,02/09/2022,7,3,68%,0.00,2,13,1,4,,253,10,2,1,0,6,0,0,7,10,3,2,,,,1,2,217,4,32,,15/22 (68%),3/8 (38%),50%,2,16/31 (52%),4/9 (44%),4/8 (50%),60%,10,0,,4,,1,,,,,5
10389411,182,42272,NORMAL,REGULAR,Round 7,LEAGUE,1673,Stade Lavallois,Visita,ALL,02/09/2022,7,1,31%,0.00,0,12,3,6,10,236,13,13,3,1,4,0,7,1,6,6,0,,,,1,2,172,8,30,,17/44 (39%),5/12 (42%),48%,6,31/64 (48%),12/25 (48%),5/14 (36%),92%,13,10,,31,,3,,,,,3
10389411,182,42272,NORMAL,REGULAR,Round 7,LEAGUE,1673,Stade Lavallois,Visita,1ST,02/09/2022,7,1,29%,0.00,0,6,0,2,,124,7,6,2,1,3,0,3,0,2,4,0,,,,0,1,89,3,12,,9/24 (38%),1/3 (33%),47%,3,16/33 (48%),7/16 (44%),3/5 (60%),100%,7,3,,21,,0,,,,,2
10389411,182,42272,NORMAL,REGULAR,Round 7,LEAGUE,1673,Stade Lavallois,Visita,2ND,02/09/2022,7,0,32%,0.00,0,6,3,4,,112,6,7,1,0,1,0,4,1,4,2,0,,,,1,1,83,5,18,,8/20 (40%),4/9 (44%),50%,3,15/31 (48%),5/9 (56%),2/9 (22%),83%,6,7,,10,,3,,,,,1
10389424,182,42272,NORMAL,REGULAR,Round 8,LEAGUE,1686,Dijon,Local,ALL,10/09/2022,8,0,54%,0.00,4,17,4,6,15,505,22,11,2,,3,1,9,5,12,5,0,4,,,4,1,412,24,67,,26/49 (53%),7/22 (32%),52%,8,43/79 (54%),10/22 (45%),10/13 (77%),82%,22,11,,9,,4,,,,,7
10389424,182,42272,NORMAL,REGULAR,Round 8,LEAGUE,1686,Dijon,Local,1ST,10/09/2022,8,0,48%,0.00,2,9,2,2,,221,11,6,1,,1,1,5,3,6,3,0,2,,,2,0,178,10,27,,15/22 (68%),3/9 (33%),51%,7,20/40 (50%),7/13 (54%),3/3 (100%),82%,11,5,,8,,2,,,,,5
10389424,182,42272,NORMAL,REGULAR,Round 8,LEAGUE,1686,Dijon,Local,2ND,10/09/2022,8,0,59%,0.00,2,8,2,4,,284,11,5,1,,2,0,4,2,6,2,0,2,,,2,1,234,14,40,,11/27 (41%),4/13 (31%),54%,1,23/39 (59%),3/9 (33%),7/10 (70%),82%,11,6,,1,,2,,,,,2
10389424,182,42272,NORMAL,REGULAR,Round 8,LEAGUE,1657,Sochaux,Visita,ALL,10/09/2022,8,2,46%,0.00,3,14,3,2,11,445,11,15,3,,6,0,4,4,8,6,2,1,,,1,1,372,24,47,,34/59 (58%),3/9 (33%),48%,16,36/79 (46%),12/22 (55%),11/17 (65%),55%,11,11,,14,,3,,,,,9
10389424,182,42272,NORMAL,REGULAR,Round 8,LEAGUE,1657,Sochaux,Visita,1ST,10/09/2022,8,1,52%,0.00,2,7,1,2,,243,7,9,1,,3,0,3,1,4,3,1,1,,,1,0,206,10,19,,21/31 (68%),2/7 (29%),49%,7,20/40 (50%),6/13 (46%),5/9 (56%),57%,7,5,,3,,1,,,,,4
10389424,182,42272,NORMAL,REGULAR,Round 8,LEAGUE,1657,Sochaux,Visita,2ND,10/09/2022,8,1,41%,0.00,1,7,2,0,,202,4,6,2,,3,0,1,3,4,3,1,0,,,0,1,166,14,28,,13/28 (46%),1/2 (50%),46%,9,16/39 (41%),6/9 (67%),6/8 (75%),50%,4,6,,11,,2,,,,,5
10389684,182,42272,NORMAL,REGULAR,Round 9,LEAGUE,1657,Sochaux,Local,ALL,17/09/2022,9,3,59%,0.00,5,16,2,6,15,583,19,11,1,,9,0,4,3,10,6,3,2,1,,2,2,510,21,39,,50/67 (75%),2/22 (9%),48%,13,37/81 (46%),9/14 (64%),7/16 (44%),68%,19,13,,14,,2,,,,,8
10389684,182,42272,NORMAL,REGULAR,Round 9,LEAGUE,1657,Sochaux,Local,1ST,17/09/2022,9,2,65%,0.00,2,9,0,1,,294,9,7,1,,6,0,1,2,7,2,2,0,1,,2,1,253,12,23,,24/32 (75%),2/12 (17%),56%,10,20/39 (51%),5/6 (83%),4/6 (67%),89%,9,8,,6,,0,,,,,3
10389684,182,42272,NORMAL,REGULAR,Round 9,LEAGUE,1657,Sochaux,Local,2ND,17/09/2022,9,1,54%,0.00,3,7,2,5,,289,10,4,0,,3,0,3,1,3,4,1,2,0,,0,1,257,9,16,,26/35 (74%),0/10 (0%),42%,3,17/42 (40%),4/8 (50%),3/10 (30%),50%,10,5,,8,,2,,,,,5
10389684,182,42272,NORMAL,REGULAR,Round 9,LEAGUE,1663,Nîmes Olympique,Visita,ALL,17/09/2022,9,1,41%,0.00,1,13,5,1,12,393,22,14,1,,3,0,7,3,3,10,0,1,0,,4,2,316,15,43,,14/36 (39%),1/12 (8%),52%,11,44/81 (54%),5/14 (36%),8/16 (50%),64%,22,17,,15,,5,,,,,5
10389684,182,42272,NORMAL,REGULAR,Round 9,LEAGUE,1663,Nîmes Olympique,Visita,1ST,17/09/2022,9,1,35%,0.00,0,5,4,1,,153,12,6,0,,1,0,3,1,0,5,0,0,0,,2,0,107,7,18,,8/24 (33%),0/5 (0%),44%,5,19/39 (49%),1/6 (17%),1/5 (20%),42%,12,11,,7,,4,,,,,2
10389684,182,42272,NORMAL,REGULAR,Round 9,LEAGUE,1663,Nîmes Olympique,Visita,2ND,17/09/2022,9,0,46%,0.00,1,8,1,0,,240,10,8,1,,2,0,4,2,3,5,0,1,0,,2,2,209,8,25,,6/12 (50%),1/7 (14%),58%,6,25/42 (60%),4/8 (50%),7/11 (64%),90%,10,6,,8,,1,,,,,3
10389649,182,42272,NORMAL,REGULAR,Round 10,LEAGUE,5061,Valenciennes,Local,ALL,01/10/2022,10,2,41%,0.00,3,9,6,2,8,349,19,14,4,,6,1,0,3,6,3,2,1,,,6,3,260,13,45,,25/62 (40%),1/9 (11%),54%,13,40/71 (56%),7/16 (44%),7/10 (70%),58%,19,9,,28,,6,,,,,12
10389649,182,42272,NORMAL,REGULAR,Round 10,LEAGUE,5061,Valenciennes,Local,1ST,01/10/2022,10,1,44%,0.00,1,4,2,1,,184,10,5,1,,3,0,0,1,3,1,1,0,,,3,1,135,8,22,,14/33 (42%),0/5 (0%),54%,8,17/30 (57%),3/7 (43%),2/2 (100%),50%,10,2,,7,,2,,,,,6
10389649,182,42272,NORMAL,REGULAR,Round 10,LEAGUE,5061,Valenciennes,Local,2ND,01/10/2022,10,1,37%,0.00,2,5,4,1,,165,9,9,3,,3,1,0,2,3,2,1,1,,,3,2,125,5,23,,11/29 (38%),1/4 (25%),54%,5,23/41 (56%),4/9 (44%),5/8 (63%),67%,9,7,,21,,4,,,,,6
10389649,182,42272,NORMAL,REGULAR,Round 10,LEAGUE,1657,Sochaux,Visita,ALL,01/10/2022,10,1,59%,0.00,1,21,4,7,14,487,16,8,2,,7,1,10,4,13,8,0,1,,,2,1,409,26,51,,44/65 (68%),11/34 (32%),46%,11,31/71 (44%),9/16 (56%),7/15 (47%),44%,16,6,,7,,4,,,,,4
10389649,182,42272,NORMAL,REGULAR,Round 10,LEAGUE,1657,Sochaux,Visita,1ST,01/10/2022,10,1,56%,0.00,0,9,2,0,,228,8,2,0,,3,0,5,1,5,4,0,0,,,0,0,188,16,22,,26/40 (65%),4/10 (40%),46%,5,13/30 (43%),4/7 (57%),3/8 (38%),25%,8,4,,5,,2,,,,,3
10389649,182,42272,NORMAL,REGULAR,Round 10,LEAGUE,1657,Sochaux,Visita,2ND,01/10/2022,10,0,63%,0.00,1,12,2,7,,259,8,6,2,,4,1,5,3,8,4,0,1,,,2,1,221,10,29,,18/25 (72%),7/24 (29%),46%,6,18/41 (44%),5/9 (56%),4/7 (57%),63%,8,2,,2,,2,,,,,1
10389645,182,42272,NORMAL,REGULAR,Round 11,LEAGUE,1657,Sochaux,Local,ALL,10/10/2022,11,2,54%,0.00,3,7,4,2,15,424,25,16,4,0,5,0,2,0,4,3,1,2,1,,1,1,357,12,47,,38/62 (61%),1/11 (9%),55%,10,50/91 (55%),15/27 (56%),9/14 (64%),52%,25,8,,18,,4,,,,,14
10389645,182,42272,NORMAL,REGULAR,Round 11,LEAGUE,1657,Sochaux,Local,1ST,10/10/2022,11,1,56%,0.00,0,2,0,1,,233,10,11,2,0,2,0,0,0,1,1,0,0,0,,1,0,206,5,18,,23/32 (72%),1/6 (17%),55%,6,23/47 (49%),10/13 (77%),2/5 (40%),50%,10,6,,9,,0,,,,,7
10389645,182,42272,NORMAL,REGULAR,Round 11,LEAGUE,1657,Sochaux,Local,2ND,10/10/2022,11,1,53%,0.00,3,5,4,1,,191,15,5,2,0,3,0,2,0,3,2,1,2,1,,0,1,151,7,29,,15/30 (50%),0/5 (0%),55%,4,27/44 (61%),5/14 (36%),7/9 (78%),53%,15,2,,9,,4,,,,,7
10389645,182,42272,NORMAL,REGULAR,Round 11,LEAGUE,1678,Saint-Étienne,Visita,ALL,10/10/2022,11,1,46%,0.00,4,16,3,4,17,344,15,14,2,1,5,2,10,1,11,5,1,3,0,,2,3,283,18,47,,16/27 (59%),7/22 (32%),45%,13,41/91 (45%),12/27 (44%),12/24 (50%),80%,15,6,,10,,3,,,,,3
10389645,182,42272,NORMAL,REGULAR,Round 11,LEAGUE,1678,Saint-Étienne,Visita,1ST,10/10/2022,11,0,44%,0.00,0,4,1,3,,178,9,7,2,0,0,1,4,0,2,2,0,0,0,,0,3,151,7,22,,10/15 (67%),2/12 (17%),45%,7,24/47 (51%),3/13 (23%),8/11 (73%),89%,9,2,,7,,1,,,,,1
10389645,182,42272,NORMAL,REGULAR,Round 11,LEAGUE,1678,Saint-Étienne,Visita,2ND,10/10/2022,11,1,47%,0.00,4,12,2,1,,166,6,7,0,1,5,1,6,1,9,3,1,3,0,,2,0,132,11,25,,6/12 (50%),5/10 (50%),45%,6,17/44 (39%),9/14 (64%),4/13 (31%),67%,6,4,,3,,2,,,,,2
10389620,182,42272,NORMAL,REGULAR,Round 12,LEAGUE,1651,Metz,Local,ALL,15/10/2022,12,0,51%,0.00,2,24,4,7,16,412,7,13,1,,6,0,13,5,8,16,,2,,,3,1,349,18,60,,23/40 (58%),3/27 (11%),45%,7,29/61 (48%),4/13 (31%),9/11 (82%),29%,7,12,,22,,4,,,,,10
10389620,182,42272,NORMAL,REGULAR,Round 12,LEAGUE,1651,Metz,Local,1ST,15/10/2022,12,0,53%,0.00,2,11,2,3,,218,4,9,1,,4,0,5,2,5,6,,2,,,2,0,184,10,30,,12/24 (50%),3/14 (21%),45%,3,16/34 (47%),3/8 (38%),3/4 (75%),25%,4,8,,11,,2,,,,,5
10389620,182,42272,NORMAL,REGULAR,Round 12,LEAGUE,1651,Metz,Local,2ND,15/10/2022,12,0,49%,0.00,0,13,2,4,,194,3,4,0,,2,0,8,3,3,10,,0,,,1,1,165,8,30,,11/16 (69%),0/13 (0%),44%,4,13/27 (48%),1/5 (20%),6/7 (86%),33%,3,4,,11,,2,,,,,5
10389620,182,42272,NORMAL,REGULAR,Round 12,LEAGUE,1657,Sochaux,Visita,ALL,15/10/2022,12,0,49%,0.00,0,19,7,7,13,391,9,16,1,,3,1,8,8,4,15,,0,,,3,2,323,12,41,,35/63 (56%),7/28 (25%),55%,3,32/61 (52%),9/13 (69%),7/11 (64%),33%,9,7,,31,,7,,,,,13
10389620,182,42272,NORMAL,REGULAR,Round 12,LEAGUE,1657,Sochaux,Visita,1ST,15/10/2022,12,0,47%,0.00,0,8,5,3,,187,4,12,1,,1,1,3,4,2,6,,0,,,1,0,153,6,23,,19/34 (56%),4/16 (25%),55%,1,18/34 (53%),5/8 (63%),2/5 (40%),25%,4,4,,11,,5,,,,,5
10389620,182,42272,NORMAL,REGULAR,Round 12,LEAGUE,1657,Sochaux,Visita,2ND,15/10/2022,12,0,51%,0.00,0,11,2,4,,204,5,4,0,,2,0,5,4,2,9,,0,,,2,2,170,6,18,,16/29 (55%),3/12 (25%),56%,2,14/27 (52%),4/5 (80%),5/6 (83%),40%,5,3,,20,,2,,,,,8
10389456,182,42272,NORMAL,REGULAR,Round 13,LEAGUE,1657,Sochaux,Local,ALL,22/10/2022,13,2,60%,0.00,3,10,2,2,15,525,21,16,2,,5,0,4,1,4,6,2,1,1,,5,2,453,21,72,,37/53 (70%),3/15 (20%),50%,6,45/90 (50%),9/18 (50%),8/18 (44%),71%,21,16,,9,,2,,,,,4
10389456,182,42272,NORMAL,REGULAR,Round 13,LEAGUE,1657,Sochaux,Local,1ST,22/10/2022,13,0,59%,0.00,1,3,1,1,,260,11,10,1,,2,0,1,0,1,2,0,1,1,,2,0,227,4,26,,21/25 (84%),1/8 (13%),48%,3,22/46 (48%),4/8 (50%),1/3 (33%),82%,11,8,,6,,1,,,,,1
10389456,182,42272,NORMAL,REGULAR,Round 13,LEAGUE,1657,Sochaux,Local,2ND,22/10/2022,13,2,61%,0.00,2,7,1,1,,265,10,6,1,,3,0,3,1,3,4,2,0,0,,3,2,226,17,46,,16/28 (57%),2/7 (29%),52%,3,23/44 (52%),5/10 (50%),7/15 (47%),60%,10,8,,3,,1,,,,,3
10389456,182,42272,NORMAL,REGULAR,Round 13,LEAGUE,210099,Quevilly - Rouen Métropole,Visita,ALL,22/10/2022,13,2,40%,0.00,1,12,3,2,17,348,16,14,3,,4,1,6,2,10,2,1,0,1,,2,1,273,24,48,,25/52 (48%),3/8 (38%),50%,12,45/90 (50%),9/18 (50%),15/24 (63%),50%,16,10,,17,,3,,,,,7
10389456,182,42272,NORMAL,REGULAR,Round 13,LEAGUE,210099,Quevilly - Rouen Métropole,Visita,1ST,22/10/2022,13,1,41%,0.00,0,6,2,2,,179,5,10,2,,2,0,2,2,5,1,0,0,0,,2,0,144,12,17,,8/20 (40%),2/5 (40%),52%,8,24/46 (52%),4/8 (50%),9/12 (75%),20%,5,6,,10,,2,,,,,3
10389456,182,42272,NORMAL,REGULAR,Round 13,LEAGUE,210099,Quevilly - Rouen Métropole,Visita,2ND,22/10/2022,13,1,39%,0.00,1,6,1,0,,169,11,4,1,,2,1,4,0,5,1,1,0,1,,0,1,129,12,31,,17/32 (53%),1/3 (33%),48%,4,21/44 (48%),5/10 (50%),6/12 (50%),64%,11,4,,7,,1,,,,,4
10389454,182,42272,NORMAL,REGULAR,Round 14,LEAGUE,210894,Annecy FC,Local,ALL,05/11/2022,14,2,54%,0.00,1,11,5,5,12,469,13,12,0,,6,0,2,3,8,3,1,0,2,,2,3,343,34,74,,22/59 (37%),4/15 (27%),53%,5,32/64 (50%),17/29 (59%),7/18 (39%),54%,13,4,,15,,5,,,,,5
10389454,182,42272,NORMAL,REGULAR,Round 14,LEAGUE,210894,Annecy FC,Local,1ST,05/11/2022,14,0,52%,0.00,0,4,3,0,,246,6,6,0,,1,0,2,1,3,1,0,0,0,,0,3,186,18,49,,14/32 (44%),1/6 (17%),57%,1,17/29 (59%),11/20 (55%),5/9 (56%),50%,6,1,,5,,3,,,,,1
10389454,182,42272,NORMAL,REGULAR,Round 14,LEAGUE,210894,Annecy FC,Local,2ND,05/11/2022,14,2,57%,0.00,1,7,2,5,,223,7,6,0,,5,0,0,2,5,2,1,0,2,,2,0,157,16,25,,8/27 (30%),3/9 (33%),48%,4,15/35 (43%),6/9 (67%),2/9 (22%),57%,7,3,,10,,2,,,,,4
10389454,182,42272,NORMAL,REGULAR,Round 14,LEAGUE,1657,Sochaux,Visita,ALL,05/11/2022,14,1,46%,0.00,3,9,4,2,13,394,16,12,4,,6,0,3,0,8,1,1,2,2,,0,8,286,29,56,,48/111 (43%),3/11 (27%),47%,9,32/64 (50%),12/29 (41%),5/9 (56%),50%,16,8,,17,,4,,,,,6
10389454,182,42272,NORMAL,REGULAR,Round 14,LEAGUE,1657,Sochaux,Visita,1ST,05/11/2022,14,1,48%,0.00,1,5,1,1,,226,5,6,0,,4,0,1,0,4,1,1,0,0,,0,6,167,12,25,,29/62 (47%),3/7 (43%),43%,4,12/29 (41%),9/20 (45%),2/4 (50%),40%,5,6,,8,,1,,,,,4
10389454,182,42272,NORMAL,REGULAR,Round 14,LEAGUE,1657,Sochaux,Visita,2ND,05/11/2022,14,0,43%,0.00,2,4,3,1,,168,11,6,4,,2,0,2,0,4,0,0,2,2,,0,2,119,17,31,,19/49 (39%),0/4 (0%),52%,5,20/35 (57%),3/9 (33%),3/5 (60%),55%,11,2,,9,,3,,,,,2
10389471,182,42272,NORMAL,REGULAR,Round 15,LEAGUE,1657,Sochaux,Local,ALL,12/11/2022,15,1,56%,0.00,4,12,5,7,19,533,22,10,3,,4,0,6,2,6,6,1,3,1,,4,4,442,11,59,,37/66 (56%),3/21 (14%),47%,8,37/78 (47%),10/22 (45%),6/12 (50%),64%,22,12,,16,,5,,,,,8
10389471,182,42272,NORMAL,REGULAR,Round 15,LEAGUE,1657,Sochaux,Local,1ST,12/11/2022,15,1,66%,0.00,2,8,0,6,,310,11,5,1,,2,0,4,2,4,4,1,1,1,,3,2,263,6,32,,18/28 (64%),2/12 (17%),51%,5,17/34 (50%),7/13 (54%),1/3 (33%),64%,11,5,,2,,0,,,,,1
10389471,182,42272,NORMAL,REGULAR,Round 15,LEAGUE,1657,Sochaux,Local,2ND,12/11/2022,15,0,47%,0.00,2,4,5,1,,223,11,5,2,,2,0,2,0,2,2,0,2,0,,1,2,179,5,27,,19/38 (50%),1/9 (11%),43%,3,20/44 (45%),3/9 (33%),5/9 (56%),64%,11,7,,14,,5,,,,,7
10389471,182,42272,NORMAL,REGULAR,Round 15,LEAGUE,1655,Bastia,Visita,ALL,12/11/2022,15,0,44%,0.00,1,13,3,4,10,405,14,19,4,,5,1,7,1,8,5,0,1,1,,3,3,327,11,45,,18/44 (41%),5/22 (23%),53%,13,41/78 (53%),12/22 (55%),8/17 (47%),57%,14,13,,17,,3,,,,,10
10389471,182,42272,NORMAL,REGULAR,Round 15,LEAGUE,1655,Bastia,Visita,1ST,12/11/2022,15,0,34%,0.00,1,4,1,0,,161,7,9,4,,0,1,3,1,4,0,0,1,0,,1,3,120,3,14,,6/27 (22%),2/4 (50%),49%,7,17/34 (50%),6/13 (46%),1/5 (20%),57%,7,8,,10,,1,,,,,7
10389471,182,42272,NORMAL,REGULAR,Round 15,LEAGUE,1655,Bastia,Visita,2ND,12/11/2022,15,0,53%,0.00,0,9,2,4,,244,7,10,0,,5,0,4,0,4,5,0,0,1,,2,0,207,8,31,,12/17 (71%),3/18 (17%),57%,6,24/44 (55%),6/9 (67%),7/12 (58%),57%,7,5,,7,,2,,,,,3
10389457,182,42272,NORMAL,REGULAR,Round 16,LEAGUE,1657,Sochaux,Local,ALL,26/12/2022,16,1,65%,0.00,1,12,2,6,20,522,21,19,1,,6,0,4,2,3,9,,1,,,1,4,447,16,44,,27/52 (52%),2/21 (10%),58%,8,42/76 (55%),19/30 (63%),2/3 (67%),67%,21,4,,22,,2,,,,,7
10389457,182,42272,NORMAL,REGULAR,Round 16,LEAGUE,1657,Sochaux,Local,1ST,26/12/2022,16,0,59%,0.00,0,4,2,3,,222,11,11,0,,1,0,2,1,1,3,,0,,,1,1,183,8,21,,16/31 (52%),1/9 (11%),58%,4,23/42 (55%),10/15 (67%),1/2 (50%),55%,11,1,,16,,2,,,,,5
10389457,182,42272,NORMAL,REGULAR,Round 16,LEAGUE,1657,Sochaux,Local,2ND,26/12/2022,16,1,69%,0.00,1,8,0,3,,300,10,8,1,,5,0,2,1,2,6,,1,,,0,3,264,8,23,,11/21 (52%),1/12 (8%),57%,4,19/34 (56%),9/15 (60%),1/1 (100%),80%,10,3,,6,,0,,,,,2
10389457,182,42272,NORMAL,REGULAR,Round 16,LEAGUE,6925,Rodez AF,Visita,ALL,26/12/2022,16,0,35%,0.00,2,9,5,6,19,284,9,19,1,,2,0,6,1,7,2,,2,,,3,1,200,19,44,,18/52 (35%),4/15 (27%),42%,11,34/76 (45%),11/30 (37%),6/16 (38%),44%,9,7,,15,,5,,,,,8
10389457,182,42272,NORMAL,REGULAR,Round 16,LEAGUE,6925,Rodez AF,Visita,1ST,26/12/2022,16,0,41%,0.00,2,7,1,4,,152,5,11,0,,2,0,4,1,5,2,,2,,,2,0,109,10,23,,10/27 (37%),3/10 (30%),42%,6,19/42 (45%),5/15 (33%),3/8 (38%),60%,5,3,,5,,1,,,,,4
10389457,182,42272,NORMAL,REGULAR,Round 16,LEAGUE,6925,Rodez AF,Visita,2ND,26/12/2022,16,0,31%,0.00,0,2,4,2,,132,4,8,1,,0,0,2,0,2,0,,0,,,1,1,91,9,21,,8/25 (32%),1/5 (20%),43%,5,15/34 (44%),6/15 (40%),3/8 (38%),25%,4,4,,10,,4,,,,,4
10524107,182,42272,NORMAL,REGULAR,Round 17,LEAGUE,1645,Bordeaux,Local,ALL,30/12/2022,17,2,37%,0.00,2,11,4,4,19,297,13,15,1,1,4,0,4,3,5,6,1,1,0,,2,1,233,11,25,,16/39 (41%),7/12 (58%),56%,7,36/69 (52%),14/20 (70%),8/15 (53%),69%,13,12,,22,,4,,,,,9
10524107,182,42272,NORMAL,REGULAR,Round 17,LEAGUE,1645,Bordeaux,Local,1ST,30/12/2022,17,2,40%,0.00,2,7,2,4,,169,9,7,0,0,3,0,1,3,4,3,1,1,0,,1,1,140,5,9,,6/12 (50%),5/9 (56%),61%,2,21/37 (57%),7/9 (78%),5/8 (63%),56%,9,5,,6,,2,,,,,3
10524107,182,42272,NORMAL,REGULAR,Round 17,LEAGUE,1645,Bordeaux,Local,2ND,30/12/2022,17,0,33%,0.00,0,4,2,0,,128,4,8,1,1,1,0,3,0,1,3,0,0,0,,1,0,93,6,16,,10/27 (37%),2/3 (67%),51%,5,15/32 (47%),7/11 (64%),3/7 (43%),100%,4,7,,16,,2,,,,,6
10524107,182,42272,NORMAL,REGULAR,Round 17,LEAGUE,1657,Sochaux,Visita,ALL,30/12/2022,17,1,63%,0.00,1,15,2,4,15,507,14,18,3,0,5,0,5,5,6,9,0,1,2,,4,2,441,18,61,,23/45 (51%),5/26 (19%),44%,7,33/69 (48%),6/20 (30%),1/7 (14%),64%,14,12,,7,,2,,,,,4
10524107,182,42272,NORMAL,REGULAR,Round 17,LEAGUE,1657,Sochaux,Visita,1ST,30/12/2022,17,0,60%,0.00,1,6,1,2,,258,5,10,0,0,2,0,1,3,3,3,0,1,2,,2,2,230,10,25,,13/25 (52%),1/7 (14%),39%,6,16/37 (43%),2/9 (22%),1/4 (25%),60%,5,6,,4,,1,,,,,1
10524107,182,42272,NORMAL,REGULAR,Round 17,LEAGUE,1657,Sochaux,Visita,2ND,30/12/2022,17,1,67%,0.00,0,9,1,2,,249,9,8,3,0,3,0,4,2,3,6,0,0,0,,2,0,211,8,36,,10/20 (50%),4/19 (21%),49%,1,17/32 (53%),4/11 (36%),0/3 (0%),67%,9,6,,3,,1,,,,,3
10389483,182,42272,NORMAL,REGULAR,Round 18,LEAGUE,1662,Le Havre,Local,ALL,10/01/2023,18,1,51%,0.00,,8,4,3,10,523,16,9,1,,3,0,4,1,4,4,,,,,4,2,442,21,55,,18/44 (41%),4/11 (36%),56%,5,31/57 (54%),13/21 (62%),6/14 (43%),69%,16,15,,17,,4,,,,,4
10389483,182,42272,NORMAL,REGULAR,Round 18,LEAGUE,1662,Le Havre,Local,1ST,10/01/2023,18,0,54%,0.00,,2,1,1,,298,7,5,0,,2,0,0,0,1,1,,,,,1,1,262,10,32,,9/20 (45%),1/5 (20%),55%,3,16/30 (53%),5/8 (63%),4/9 (44%),71%,7,7,,5,,1,,,,,1
10389483,182,42272,NORMAL,REGULAR,Round 18,LEAGUE,1662,Le Havre,Local,2ND,10/01/2023,18,1,47%,0.00,,6,3,2,,225,9,4,1,,1,0,4,1,3,3,,,,,3,1,180,11,23,,9/24 (38%),3/6 (50%),58%,2,15/27 (56%),8/13 (62%),2/5 (40%),67%,9,8,,12,,3,,,,,3
10389483,182,42272,NORMAL,REGULAR,Round 18,LEAGUE,1657,Sochaux,Visita,ALL,10/01/2023,18,0,49%,0.00,,5,3,4,10,497,13,10,5,,4,0,0,1,2,3,,,,,2,3,412,17,48,,27/58 (47%),6/20 (30%),44%,8,26/57 (46%),8/21 (38%),3/11 (27%),62%,13,8,,8,,3,,,,,6
10389483,182,42272,NORMAL,REGULAR,Round 18,LEAGUE,1657,Sochaux,Visita,1ST,10/01/2023,18,0,46%,0.00,,2,2,1,,249,8,5,1,,1,0,0,1,1,1,,,,,1,2,209,8,21,,15/32 (47%),3/8 (38%),45%,3,14/30 (47%),3/8 (38%),1/5 (20%),63%,8,3,,4,,2,,,,,2
10389483,182,42272,NORMAL,REGULAR,Round 18,LEAGUE,1657,Sochaux,Visita,2ND,10/01/2023,18,0,53%,0.00,,3,1,3,,248,5,5,4,,3,0,0,0,1,2,,,,,1,1,203,9,27,,12/26 (46%),3/12 (25%),42%,5,12/27 (44%),5/13 (38%),2/6 (33%),60%,5,5,,4,,1,,,,,4
10988030,182,42272,NORMAL,REGULAR,Round 19,LEAGUE,1657,Sochaux,Local,ALL,20/01/2023,19,1,50%,0.00,3,11,0,3,17,436,20,15,2,,3,0,6,2,8,3,1,2,1,,2,0,356,21,41,,32/60 (53%),4/16 (25%),45%,12,42/87 (48%),7/22 (32%),7/16 (44%),60%,20,15,,14,,0,,,,,6
10988030,182,42272,NORMAL,REGULAR,Round 19,LEAGUE,1657,Sochaux,Local,1ST,20/01/2023,19,1,52%,0.00,2,5,0,2,,257,12,6,1,,3,0,2,0,4,1,1,1,1,,0,0,214,10,18,,15/28 (54%),1/6 (17%),49%,5,19/34 (56%),1/7 (14%),1/2 (50%),58%,12,12,,6,,0,,,,,2
10988030,182,42272,NORMAL,REGULAR,Round 19,LEAGUE,1657,Sochaux,Local,2ND,20/01/2023,19,0,47%,0.00,1,6,0,1,,179,8,9,1,,0,0,4,2,4,2,0,1,0,,2,0,142,11,23,,17/32 (53%),3/10 (30%),43%,7,23/53 (43%),6/15 (40%),6/14 (43%),63%,8,3,,8,,0,,,,,4
10988030,182,42272,NORMAL,REGULAR,Round 19,LEAGUE,1667,Stade Malherbe Caen,Visita,ALL,20/01/2023,19,2,50%,0.00,3,10,2,4,15,442,21,17,1,,2,0,4,4,6,4,2,1,1,,5,1,361,24,60,,28/48 (58%),3/14 (21%),55%,4,45/87 (52%),15/22 (68%),7/23 (30%),67%,21,14,,11,,2,,,,,7
10988030,182,42272,NORMAL,REGULAR,Round 19,LEAGUE,1667,Stade Malherbe Caen,Visita,1ST,20/01/2023,19,0,48%,0.00,0,4,2,3,,227,6,7,0,,0,0,1,3,2,2,0,0,0,,2,0,188,15,26,,5/11 (45%),2/9 (22%),51%,3,15/34 (44%),6/7 (86%),2/11 (18%),67%,6,7,,4,,2,,,,,2
10988030,182,42272,NORMAL,REGULAR,Round 19,LEAGUE,1667,Stade Malherbe Caen,Visita,2ND,20/01/2023,19,2,53%,0.00,3,6,0,1,,215,15,10,1,,2,0,3,1,4,2,2,1,1,,3,1,173,9,34,,23/37 (62%),1/5 (20%),57%,1,30/53 (57%),9/15 (60%),5/12 (42%),67%,15,7,,7,,0,,,,,5
10389487,182,42272,NORMAL,REGULAR,Round 20,LEAGUE,1678,Saint-Étienne,Local,ALL,28/01/2023,20,2,48%,0.00,1,14,3,8,17,398,13,17,2,,5,0,5,4,9,5,1,0,,,7,4,321,17,56,,18/39 (46%),4/18 (22%),47%,9,44/90 (49%),12/29 (41%),14/28 (50%),69%,13,6,,9,,3,,,,,7
10389487,182,42272,NORMAL,REGULAR,Round 20,LEAGUE,1678,Saint-Étienne,Local,1ST,28/01/2023,20,0,52%,0.00,0,5,2,6,,233,8,13,1,,1,0,1,3,3,2,0,0,,,5,2,196,7,21,,9/16 (56%),2/13 (15%),51%,6,29/55 (53%),5/12 (42%),8/18 (44%),75%,8,2,,1,,2,,,,,3
10389487,182,42272,NORMAL,REGULAR,Round 20,LEAGUE,1678,Saint-Étienne,Local,2ND,28/01/2023,20,2,43%,0.00,1,9,1,2,,165,5,4,1,,4,0,4,1,6,3,1,0,,,2,2,125,10,35,,9/23 (39%),2/5 (40%),42%,3,15/35 (43%),7/17 (41%),6/10 (60%),60%,5,4,,8,,1,,,,,4
10389487,182,42272,NORMAL,REGULAR,Round 20,LEAGUE,1657,Sochaux,Visita,ALL,28/01/2023,20,3,52%,0.00,5,12,3,2,17,442,23,16,4,,6,1,4,2,10,2,3,2,,,0,0,352,13,61,,32/71 (45%),6/15 (40%),53%,7,46/90 (51%),17/29 (59%),7/13 (54%),57%,23,16,,31,,3,,,,,6
10389487,182,42272,NORMAL,REGULAR,Round 20,LEAGUE,1657,Sochaux,Visita,1ST,28/01/2023,20,1,48%,0.00,2,3,1,0,,226,16,5,2,,3,0,0,0,3,0,1,1,,,0,0,180,6,25,,18/36 (50%),1/4 (25%),49%,5,26/55 (47%),7/12 (58%),5/8 (63%),56%,16,8,,19,,1,,,,,1
10389487,182,42272,NORMAL,REGULAR,Round 20,LEAGUE,1657,Sochaux,Visita,2ND,28/01/2023,20,2,57%,0.00,3,9,2,2,,216,7,11,2,,3,1,4,2,7,2,2,1,,,0,0,172,7,36,,14/35 (40%),5/11 (45%),58%,2,20/35 (57%),10/17 (59%),2/5 (40%),57%,7,8,,12,,2,,,,,5
10389504,182,42272,NORMAL,REGULAR,Round 21,LEAGUE,1657,Sochaux,Local,ALL,31/01/2023,21,4,49%,0.00,,11,3,5,13,452,13,18,1,,4,0,2,5,7,4,,,1,,4,4,387,12,51,,44/65 (68%),3/11 (27%),63%,8,36/61 (59%),21/30 (70%),5/9 (56%),54%,13,9,,15,,3,,,,,4
10389504,182,42272,NORMAL,REGULAR,Round 21,LEAGUE,1657,Sochaux,Local,1ST,31/01/2023,21,2,58%,0.00,,5,2,3,,270,8,7,0,,2,0,1,2,3,2,,,1,,3,4,241,6,27,,26/31 (84%),2/9 (22%),71%,3,19/28 (68%),13/17 (76%),4/6 (67%),63%,8,3,,8,,2,,,,,2
10389504,182,42272,NORMAL,REGULAR,Round 21,LEAGUE,1657,Sochaux,Local,2ND,31/01/2023,21,2,41%,0.00,,6,1,2,,182,5,11,1,,2,0,1,3,4,2,,,0,,1,0,146,6,24,,18/34 (53%),1/2 (50%),54%,5,17/33 (52%),8/13 (62%),1/3 (33%),40%,5,6,,7,,1,,,,,2
10389504,182,42272,NORMAL,REGULAR,Round 21,LEAGUE,5061,Valenciennes,Visita,ALL,31/01/2023,21,0,51%,0.00,,11,1,2,18,458,12,13,2,,3,0,6,2,9,2,,,0,,4,1,395,16,47,,15/39 (38%),5/17 (29%),37%,6,25/61 (41%),9/30 (30%),0/7 (0%),67%,12,10,,8,,1,,,,,4
10389504,182,42272,NORMAL,REGULAR,Round 21,LEAGUE,5061,Valenciennes,Visita,1ST,31/01/2023,21,0,42%,0.00,,6,1,2,,200,5,4,1,,2,0,3,1,5,1,,,0,,2,1,166,6,17,,7/21 (33%),2/6 (33%),29%,2,9/28 (32%),4/17 (24%),0/6 (0%),80%,5,6,,4,,1,,,,,3
10389504,182,42272,NORMAL,REGULAR,Round 21,LEAGUE,5061,Valenciennes,Visita,2ND,31/01/2023,21,0,59%,0.00,,5,0,0,,258,7,9,1,,1,0,3,1,4,1,,,0,,2,0,229,10,30,,8/18 (44%),3/11 (27%),46%,4,16/33 (48%),5/13 (38%),0/1 (0%),57%,7,4,,4,,0,,,,,1
10389510,182,42272,NORMAL,REGULAR,Round 22,LEAGUE,6925,Rodez AF,Local,ALL,03/02/2023,22,1,54%,0.00,1,15,1,5,13,408,12,14,1,,2,0,7,6,12,3,1,0,,,4,0,315,20,75,,43/77 (56%),12/29 (41%),52%,10,35/76 (46%),30/49 (61%),9/18 (50%),50%,12,10,,14,,1,,,,,7
10389510,182,42272,NORMAL,REGULAR,Round 22,LEAGUE,6925,Rodez AF,Local,1ST,03/02/2023,22,1,54%,0.00,1,8,0,3,,232,6,6,0,,1,0,4,3,5,3,1,0,,,1,0,185,7,44,,25/39 (64%),4/11 (36%),52%,9,17/37 (46%),15/24 (63%),5/6 (83%),50%,6,4,,6,,0,,,,,4
10389510,182,42272,NORMAL,REGULAR,Round 22,LEAGUE,6925,Rodez AF,Local,2ND,03/02/2023,22,0,53%,0.00,0,7,1,2,,176,6,8,1,,1,0,3,3,7,0,0,0,,,3,0,130,13,31,,18/38 (47%),8/18 (44%),52%,1,18/39 (46%),15/25 (60%),4/12 (33%),50%,6,6,,8,,1,,,,,3
10389510,182,42272,NORMAL,REGULAR,Round 22,LEAGUE,1657,Sochaux,Visita,ALL,03/02/2023,22,2,46%,0.00,4,17,1,7,14,355,19,13,1,,3,1,7,7,9,8,2,2,,,3,5,273,22,42,,33/61 (54%),8/22 (36%),48%,4,41/76 (54%),19/49 (39%),10/18 (56%),74%,19,13,,31,,1,,,,,8
10389510,182,42272,NORMAL,REGULAR,Round 22,LEAGUE,1657,Sochaux,Visita,1ST,03/02/2023,22,1,46%,0.00,1,3,0,2,,197,10,4,1,,1,0,2,0,2,1,1,0,,,0,4,147,12,20,,17/36 (47%),3/10 (30%),48%,2,20/37 (54%),9/24 (38%),6/10 (60%),70%,10,7,,11,,0,,,,,4
10389510,182,42272,NORMAL,REGULAR,Round 22,LEAGUE,1657,Sochaux,Visita,2ND,03/02/2023,22,1,47%,0.00,3,14,1,5,,158,9,9,0,,2,1,5,7,7,7,1,2,,,3,1,126,10,22,,16/25 (64%),5/12 (42%),48%,2,21/39 (54%),10/25 (40%),4/8 (50%),78%,9,6,,20,,1,,,,,4
10389512,182,42272,NORMAL,REGULAR,Round 23,LEAGUE,1657,Sochaux,Local,ALL,11/02/2023,23,1,58%,0.00,,14,1,3,19,529,20,23,2,,8,1,5,1,9,5,,,1,,6,2,438,20,75,,43/70 (61%),5/23 (22%),59%,8,55/97 (57%),20/30 (67%),12/16 (75%),35%,20,9,,9,,1,,,,,5
10389512,182,42272,NORMAL,REGULAR,Round 23,LEAGUE,1657,Sochaux,Local,1ST,11/02/2023,23,0,55%,0.00,,6,1,1,,247,11,13,1,,3,0,3,0,2,4,,,1,,4,2,206,8,36,,21/35 (60%),2/9 (22%),62%,4,31/51 (61%),8/12 (67%),7/9 (78%),18%,11,2,,4,,1,,,,,2
10389512,182,42272,NORMAL,REGULAR,Round 23,LEAGUE,1657,Sochaux,Local,2ND,11/02/2023,23,1,62%,0.00,,8,0,2,,282,9,10,1,,5,1,2,1,7,1,,,0,,2,0,232,12,39,,22/35 (63%),3/14 (21%),56%,4,24/46 (52%),12/18 (67%),5/7 (71%),56%,9,7,,5,,0,,,,,3
10389512,182,42272,NORMAL,REGULAR,Round 23,LEAGUE,1662,Le Havre,Visita,ALL,11/02/2023,23,1,42%,0.00,,9,7,4,25,381,12,18,3,,2,0,4,3,5,4,,,1,,0,0,289,12,42,,16/52 (31%),0/10 (0%),41%,11,42/97 (43%),10/30 (33%),13/22 (59%),58%,12,13,,18,,7,,,,,5
10389512,182,42272,NORMAL,REGULAR,Round 23,LEAGUE,1662,Le Havre,Visita,1ST,11/02/2023,23,1,45%,0.00,,7,3,4,,202,6,9,1,,2,0,2,3,4,3,,,1,,0,0,163,5,25,,10/24 (42%),0/8 (0%),38%,6,20/51 (39%),4/12 (33%),5/10 (50%),50%,6,4,,7,,3,,,,,3
10389512,182,42272,NORMAL,REGULAR,Round 23,LEAGUE,1662,Le Havre,Visita,2ND,11/02/2023,23,0,38%,0.00,,2,4,0,,179,6,9,2,,0,0,2,0,1,1,,,0,,0,0,126,7,17,,6/28 (21%),0/2 (0%),44%,5,22/46 (48%),6/18 (33%),8/12 (67%),67%,6,9,,11,,4,,,,,2
10389668,182,42272,NORMAL,REGULAR,Round 24,LEAGUE,210099,Quevilly - Rouen Métropole,Local,ALL,18/02/2023,24,0,50%,0.00,2,14,3,4,21,391,5,16,3,0,5,1,6,3,9,5,,2,2,,3,,296,19,66,,38/81 (47%),6/17 (35%),56%,3,32/64 (50%),23/34 (68%),11/14 (79%),60%,5,8,,15,,3,,,,,8
10389668,182,42272,NORMAL,REGULAR,Round 24,LEAGUE,210099,Quevilly - Rouen Métropole,Local,1ST,18/02/2023,24,0,52%,0.00,1,8,2,1,,227,3,9,0,0,3,1,2,3,4,4,,1,0,,2,,176,8,37,,21/45 (47%),4/7 (57%),68%,1,19/31 (61%),15/19 (79%),7/9 (78%),100%,3,4,,10,,2,,,,,4
10389668,182,42272,NORMAL,REGULAR,Round 24,LEAGUE,210099,Quevilly - Rouen Métropole,Local,2ND,18/02/2023,24,0,47%,0.00,1,6,1,3,,164,2,7,3,0,2,0,4,0,5,1,,1,2,,1,,120,11,29,,17/36 (47%),2/10 (20%),44%,2,13/33 (39%),8/15 (53%),4/5 (80%),0%,2,4,,5,,1,,,,,4
10389668,182,42272,NORMAL,REGULAR,Round 24,LEAGUE,1657,Sochaux,Visita,ALL,18/02/2023,24,0,50%,0.00,1,9,5,4,16,385,6,21,2,1,3,0,6,0,2,7,,1,1,,5,,293,19,54,,26/68 (38%),3/23 (13%),44%,3,32/64 (50%),11/34 (32%),5/7 (71%),33%,6,7,,15,,5,,,,,8
10389668,182,42272,NORMAL,REGULAR,Round 24,LEAGUE,1657,Sochaux,Visita,1ST,18/02/2023,24,0,48%,0.00,1,6,3,2,,203,3,7,1,0,2,0,4,0,2,4,,1,1,,3,,156,9,31,,8/31 (26%),2/13 (15%),32%,2,12/31 (39%),4/19 (21%),2/3 (67%),33%,3,4,,9,,3,,,,,4
10389668,182,42272,NORMAL,REGULAR,Round 24,LEAGUE,1657,Sochaux,Visita,2ND,18/02/2023,24,0,53%,0.00,0,3,2,2,,182,3,14,1,1,1,0,2,0,0,3,,0,0,,2,,137,10,23,,18/37 (49%),1/10 (10%),56%,1,20/33 (61%),7/15 (47%),3/4 (75%),33%,3,3,,6,,2,,,,,4
10389533,182,42272,NORMAL,REGULAR,Round 25,LEAGUE,1657,Sochaux,Local,ALL,25/02/2023,25,5,49%,0.00,4,11,1,2,8,497,18,14,0,,7,0,3,1,6,5,3,1,2,,4,4,398,22,43,,41/84 (49%),2/6 (33%),47%,5,46/95 (48%),11/26 (42%),14/34 (41%),61%,18,14,,16,,1,,,,,13
10389533,182,42272,NORMAL,REGULAR,Round 25,LEAGUE,1657,Sochaux,Local,1ST,25/02/2023,25,3,48%,0.00,2,5,0,1,,235,7,11,0,,3,0,1,1,3,2,2,0,1,,4,3,185,13,28,,25/49 (51%),1/4 (25%),50%,2,24/49 (49%),9/17 (53%),6/17 (35%),57%,7,2,,5,,0,,,,,8
10389533,182,42272,NORMAL,REGULAR,Round 25,LEAGUE,1657,Sochaux,Local,2ND,25/02/2023,25,2,49%,0.00,2,6,1,1,,262,11,3,0,,4,0,2,0,3,3,1,1,1,,0,1,213,9,15,,16/35 (46%),1/2 (50%),44%,3,22/46 (48%),2/9 (22%),8/17 (47%),64%,11,12,,11,,1,,,,,5
10389533,182,42272,NORMAL,REGULAR,Round 25,LEAGUE,210894,Annecy FC,Visita,ALL,25/02/2023,25,1,51%,0.00,2,7,2,2,14,508,25,8,1,,2,0,5,0,4,3,1,1,0,,2,0,398,19,60,,7/30 (23%),1/15 (7%),53%,6,49/95 (52%),15/26 (58%),16/28 (57%),72%,25,5,,7,,2,,,,,5
10389533,182,42272,NORMAL,REGULAR,Round 25,LEAGUE,210894,Annecy FC,Visita,1ST,25/02/2023,25,0,52%,0.00,1,3,0,1,,245,13,2,1,,0,0,3,0,2,1,0,1,0,,0,0,186,11,27,,0/13 (0%),1/8 (13%),50%,3,25/49 (51%),8/17 (47%),10/14 (71%),69%,13,2,,3,,0,,,,,3
10389533,182,42272,NORMAL,REGULAR,Round 25,LEAGUE,210894,Annecy FC,Visita,2ND,25/02/2023,25,1,51%,0.00,1,4,2,1,,263,12,6,0,,2,0,2,0,2,2,1,0,0,,2,0,212,8,33,,7/17 (41%),0/7 (0%),56%,3,24/46 (52%),7/9 (78%),6/14 (43%),75%,12,3,,4,,2,,,,,2
10389565,182,42272,NORMAL,REGULAR,Round 26,LEAGUE,1667,Stade Malherbe Caen,Local,ALL,06/03/2023,26,0,44%,0.00,2,17,2,5,17,414,13,9,2,,6,0,7,4,10,7,,2,0,,2,3,326,24,60,,19/39 (49%),5/22 (23%),44%,10,31/76 (41%),12/22 (55%),9/14 (64%),77%,13,6,,8,,2,,,,,6
10389565,182,42272,NORMAL,REGULAR,Round 26,LEAGUE,1667,Stade Malherbe Caen,Local,1ST,06/03/2023,26,0,44%,0.00,0,8,1,3,,228,5,2,1,,3,0,2,3,5,3,,0,0,,0,1,180,12,30,,7/17 (41%),2/8 (25%),49%,3,14/30 (47%),6/11 (55%),7/9 (78%),60%,5,2,,5,,1,,,,,1
10389565,182,42272,NORMAL,REGULAR,Round 26,LEAGUE,1667,Stade Malherbe Caen,Local,2ND,06/03/2023,26,0,43%,0.00,2,9,1,2,,186,8,7,1,,3,0,5,1,5,4,,2,0,,2,2,146,12,30,,12/22 (55%),3/14 (21%),40%,7,17/46 (37%),6/11 (55%),2/5 (40%),88%,8,4,,3,,1,,,,,5
10389565,182,42272,NORMAL,REGULAR,Round 26,LEAGUE,1657,Sochaux,Visita,ALL,06/03/2023,26,0,56%,0.00,4,7,6,0,10,556,15,16,1,,1,1,5,1,4,3,,4,1,,1,1,458,21,62,,21/59 (36%),2/8 (25%),56%,6,45/76 (59%),10/22 (45%),14/21 (67%),47%,15,10,,21,,6,,,,,10
10389565,182,42272,NORMAL,REGULAR,Round 26,LEAGUE,1657,Sochaux,Visita,1ST,06/03/2023,26,0,56%,0.00,2,4,3,0,,302,5,5,0,,1,1,2,1,2,2,,2,1,,0,1,248,10,44,,10/33 (30%),0/1 (0%),51%,2,16/30 (53%),5/11 (45%),6/9 (67%),60%,5,6,,8,,3,,,,,4
10389565,182,42272,NORMAL,REGULAR,Round 26,LEAGUE,1657,Sochaux,Visita,2ND,06/03/2023,26,0,57%,0.00,2,3,3,0,,254,10,11,1,,0,0,3,0,2,1,,2,0,,1,0,210,11,18,,11/26 (42%),2/7 (29%),60%,4,29/46 (63%),5/11 (45%),8/12 (67%),40%,10,4,,13,,3,,,,,6
10524123,182,42272,NORMAL,REGULAR,Round 27,LEAGUE,1657,Sochaux,Local,ALL,11/03/2023,27,1,57%,0.00,0,9,2,3,14,546,17,17,2,,3,0,2,4,2,7,0,,0,,3,3,456,25,82,,35/67 (52%),5/23 (22%),53%,12,43/81 (53%),18/34 (53%),9/14 (64%),47%,17,11,,12,,2,,,,,11
10524123,182,42272,NORMAL,REGULAR,Round 27,LEAGUE,1657,Sochaux,Local,1ST,11/03/2023,27,1,56%,0.00,0,3,0,0,,280,8,6,0,,2,0,0,1,1,2,0,,0,,2,1,235,16,38,,20/33 (61%),1/10 (10%),49%,8,19/40 (48%),8/15 (53%),5/8 (63%),50%,8,4,,3,,0,,,,,7
10524123,182,42272,NORMAL,REGULAR,Round 27,LEAGUE,1657,Sochaux,Local,2ND,11/03/2023,27,0,59%,0.00,0,6,2,3,,266,9,11,2,,1,0,2,3,1,5,0,,0,,1,2,221,9,44,,15/34 (44%),4/13 (31%),57%,4,24/41 (59%),10/19 (53%),4/6 (67%),44%,9,7,,9,,2,,,,,4
10524123,182,42272,NORMAL,REGULAR,Round 27,LEAGUE,1645,Bordeaux,Visita,ALL,11/03/2023,27,1,43%,0.00,1,12,2,2,19,408,17,14,2,,3,0,7,2,5,7,1,,1,,0,2,316,15,52,,22/57 (39%),0/10 (0%),47%,10,38/81 (47%),16/34 (47%),7/14 (50%),47%,17,7,,18,,2,,,,,9
10524123,182,42272,NORMAL,REGULAR,Round 27,LEAGUE,1645,Bordeaux,Visita,1ST,11/03/2023,27,1,44%,0.00,1,8,1,2,,221,11,5,0,,1,0,5,2,4,4,1,,1,,0,1,174,7,21,,12/33 (36%),0/4 (0%),51%,5,21/40 (53%),7/15 (47%),5/8 (63%),64%,11,3,,8,,1,,,,,5
10524123,182,42272,NORMAL,REGULAR,Round 27,LEAGUE,1645,Bordeaux,Visita,2ND,11/03/2023,27,0,41%,0.00,0,4,1,0,,187,6,9,2,,2,0,2,0,1,3,0,,0,,0,1,142,8,31,,10/24 (42%),0/6 (0%),43%,5,17/41 (41%),9/19 (47%),2/6 (33%),17%,6,4,,10,,1,,,,,4
10389706,182,42272,NORMAL,REGULAR,Round 28,LEAGUE,1657,Sochaux,Local,ALL,18/03/2023,28,1,57%,0.00,2,18,3,9,12,451,21,21,2,,4,0,9,5,14,4,,2,3,,8,,368,26,59,,22/41 (54%),5/32 (16%),57%,14,55/93 (59%),18/36 (50%),13/20 (65%),76%,21,9,,2,,3,,,,,4
10389706,182,42272,NORMAL,REGULAR,Round 28,LEAGUE,1657,Sochaux,Local,1ST,18/03/2023,28,0,54%,0.00,0,6,2,3,,228,11,8,1,,2,0,3,1,5,1,,0,1,,3,,183,13,27,,15/27 (56%),1/14 (7%),54%,4,24/43 (56%),10/20 (50%),5/10 (50%),73%,11,3,,2,,2,,,,,2
10389706,182,42272,NORMAL,REGULAR,Round 28,LEAGUE,1657,Sochaux,Local,2ND,18/03/2023,28,1,61%,0.00,2,12,1,6,,223,10,13,1,,2,0,6,4,9,3,,2,2,,5,,185,13,32,,7/14 (50%),4/18 (22%),59%,10,31/50 (62%),8/16 (50%),8/10 (80%),80%,10,6,,0,,1,,,,,2
10389706,182,42272,NORMAL,REGULAR,Round 28,LEAGUE,1671,Grenoble Foot 38,Visita,ALL,18/03/2023,28,0,43%,0.00,1,7,3,1,22,354,21,12,4,,3,0,3,1,5,2,,1,0,,1,,269,14,38,,24/63 (38%),1/6 (17%),43%,5,38/93 (41%),18/36 (50%),5/21 (24%),43%,21,8,,22,,3,,,,,16
10389706,182,42272,NORMAL,REGULAR,Round 28,LEAGUE,1671,Grenoble Foot 38,Visita,1ST,18/03/2023,28,0,46%,0.00,1,3,2,1,,200,9,5,1,,2,0,1,0,2,1,,1,0,,1,,157,6,22,,11/30 (37%),0/4 (0%),46%,1,19/43 (44%),10/20 (50%),5/15 (33%),67%,9,5,,6,,2,,,,,6
10389706,182,42272,NORMAL,REGULAR,Round 28,LEAGUE,1671,Grenoble Foot 38,Visita,2ND,18/03/2023,28,0,39%,0.00,0,4,1,0,,154,12,7,3,,1,0,2,1,3,1,,0,0,,0,,112,8,16,,13/33 (39%),1/2 (50%),41%,4,19/50 (38%),8/16 (50%),0/6 (0%),25%,12,3,,16,,1,,,,,10
10389525,182,42272,NORMAL,REGULAR,Round 29,LEAGUE,1655,Bastia,Local,ALL,01/04/2023,29,3,48%,0.00,3,14,1,12,14,328,27,6,4,,6,0,7,1,9,5,2,1,1,,0,0,231,28,62,,25/60 (42%),5/28 (18%),55%,2,46/84 (55%),17/31 (55%),13/25 (52%),74%,27,3,,21,,1,,,,,6
10389525,182,42272,NORMAL,REGULAR,Round 29,LEAGUE,1655,Bastia,Local,1ST,01/04/2023,29,1,42%,0.00,0,3,1,2,,158,14,3,2,,1,0,2,0,2,1,0,0,0,,0,0,106,14,29,,12/29 (41%),0/8 (0%),58%,2,23/38 (61%),6/12 (50%),6/6 (100%),64%,14,2,,9,,1,,,,,1
10389525,182,42272,NORMAL,REGULAR,Round 29,LEAGUE,1655,Bastia,Local,2ND,01/04/2023,29,2,54%,0.00,3,11,0,10,,170,13,3,2,,5,0,5,1,7,4,2,1,1,,0,0,125,14,33,,13/31 (42%),5/20 (25%),52%,0,23/46 (50%),11/19 (58%),7/19 (37%),85%,13,1,,12,,0,,,,,5
10389525,182,42272,NORMAL,REGULAR,Round 29,LEAGUE,1657,Sochaux,Visita,ALL,01/04/2023,29,2,52%,0.00,3,14,3,4,7,372,14,13,0,,3,0,6,5,9,5,2,1,0,,5,5,279,31,47,,19/55 (35%),7/17 (41%),45%,20,38/84 (45%),14/31 (45%),11/18 (61%),64%,14,15,,21,,3,,,,,11
10389525,182,42272,NORMAL,REGULAR,Round 29,LEAGUE,1657,Sochaux,Visita,1ST,01/04/2023,29,2,58%,0.00,3,8,0,2,,217,2,8,0,,3,0,1,4,5,3,2,1,0,,2,3,174,16,17,,10/23 (43%),3/8 (38%),42%,10,15/38 (39%),6/12 (50%),5/9 (56%),50%,2,9,,8,,0,,,,,6
10389525,182,42272,NORMAL,REGULAR,Round 29,LEAGUE,1657,Sochaux,Visita,2ND,01/04/2023,29,0,46%,0.00,0,6,3,2,,155,12,5,0,,0,0,5,1,4,2,0,0,0,,3,2,105,15,30,,9/32 (28%),4/9 (44%),48%,10,23/46 (50%),8/19 (42%),6/9 (67%),67%,12,6,,13,,3,,,,,5
10389585,182,42272,NORMAL,REGULAR,Round 30,LEAGUE,1665,Chamois Niortais,Local,ALL,08/04/2023,30,0,36%,0.00,2,19,1,5,10,353,10,10,1,,2,0,9,8,12,7,0,2,4,,1,0,272,22,64,,35/56 (63%),5/16 (31%),42%,14,36/81 (44%),8/24 (33%),16/22 (73%),80%,10,15,,15,,1,,,,,7
10389585,182,42272,NORMAL,REGULAR,Round 30,LEAGUE,1665,Chamois Niortais,Local,1ST,08/04/2023,30,0,33%,0.00,1,7,0,1,,171,4,4,0,,2,0,2,3,4,3,0,1,2,,0,0,127,11,24,,18/29 (62%),1/2 (50%),41%,4,17/39 (44%),5/15 (33%),9/11 (82%),100%,4,6,,9,,0,,,,,4
10389585,182,42272,NORMAL,REGULAR,Round 30,LEAGUE,1665,Chamois Niortais,Local,2ND,08/04/2023,30,0,40%,0.00,1,12,1,4,,182,6,6,1,,0,0,7,5,8,4,0,1,2,,1,0,145,11,40,,17/27 (63%),4/14 (29%),43%,10,19/42 (45%),3/9 (33%),7/11 (64%),67%,6,9,,6,,1,,,,,3
10389585,182,42272,NORMAL,REGULAR,Round 30,LEAGUE,1657,Sochaux,Visita,ALL,08/04/2023,30,3,64%,0.00,2,13,2,4,10,630,20,9,1,,4,0,4,5,10,3,1,1,0,,2,1,538,18,64,,22/55 (40%),13/26 (50%),58%,5,45/81 (56%),16/24 (67%),16/21 (76%),45%,20,9,,16,,2,,,,,10
10389585,182,42272,NORMAL,REGULAR,Round 30,LEAGUE,1657,Sochaux,Visita,1ST,08/04/2023,30,3,67%,0.00,2,9,2,3,,339,6,7,0,,3,0,3,3,8,1,1,1,0,,1,0,295,9,46,,12/26 (46%),11/20 (55%),59%,1,22/39 (56%),10/15 (67%),9/12 (75%),17%,6,3,,8,,2,,,,,3
10389585,182,42272,NORMAL,REGULAR,Round 30,LEAGUE,1657,Sochaux,Visita,2ND,08/04/2023,30,0,60%,0.00,0,4,0,1,,291,14,2,1,,1,0,1,2,2,2,0,0,0,,1,1,243,9,18,,10/29 (34%),2/6 (33%),57%,4,23/42 (55%),6/9 (67%),7/9 (78%),57%,14,6,,8,,0,,,,,7
10389636,182,42272,NORMAL,REGULAR,Round 31,LEAGUE,1657,Sochaux,Local,ALL,15/04/2023,31,2,68%,0.00,3,21,2,11,15,555,20,6,4,,5,0,9,7,13,8,2,1,1,,2,1,465,26,81,,23/48 (48%),8/46 (17%),51%,14,39/82 (48%),21/36 (58%),13/21 (62%),65%,20,16,,10,,2,,,,,2
10389636,182,42272,NORMAL,REGULAR,Round 31,LEAGUE,1657,Sochaux,Local,1ST,15/04/2023,31,0,66%,0.00,0,6,1,7,,267,8,4,2,,2,0,1,3,3,3,0,0,1,,1,0,219,16,41,,12/26 (46%),3/20 (15%),51%,10,18/42 (43%),14/21 (67%),6/11 (55%),75%,8,11,,5,,1,,,,,2
10389636,182,42272,NORMAL,REGULAR,Round 31,LEAGUE,1657,Sochaux,Local,2ND,15/04/2023,31,2,70%,0.00,3,15,1,4,,288,12,2,2,,3,0,8,4,10,5,2,1,0,,1,1,246,10,40,,11/22 (50%),5/26 (19%),51%,4,21/40 (53%),7/15 (47%),7/10 (70%),58%,12,5,,5,,1,,,,,0
10389636,182,42272,NORMAL,REGULAR,Round 31,LEAGUE,1685,Pau FC,Visita,ALL,15/04/2023,31,3,32%,0.00,2,10,3,2,7,276,22,15,2,,5,1,3,2,8,2,2,0,0,,2,4,176,15,54,,23/74 (31%),4/6 (67%),49%,11,43/82 (52%),15/36 (42%),6/15 (40%),59%,22,13,,38,,3,,,,,11
10389636,182,42272,NORMAL,REGULAR,Round 31,LEAGUE,1685,Pau FC,Visita,1ST,15/04/2023,31,2,34%,0.00,1,6,2,1,,145,15,8,1,,3,1,3,0,4,2,1,0,0,,1,0,93,11,29,,12/36 (33%),2/2 (100%),49%,6,24/42 (57%),7/21 (33%),1/3 (33%),53%,15,5,,20,,2,,,,,3
10389636,182,42272,NORMAL,REGULAR,Round 31,LEAGUE,1685,Pau FC,Visita,2ND,15/04/2023,31,1,30%,0.00,1,4,1,1,,131,7,7,1,,2,0,0,2,4,0,1,0,0,,1,4,83,4,25,,11/38 (29%),2/4 (50%),49%,5,19/40 (48%),8/15 (53%),5/12 (42%),71%,7,8,,18,,1,,,,,8
10389588,182,42272,NORMAL,REGULAR,Round 32,LEAGUE,1673,Stade Lavallois,Local,ALL,22/04/2023,32,2,20%,0.00,5,10,5,0,18,167,18,9,1,,8,1,1,1,10,0,2,3,2,,1,2,81,20,34,,19/54 (35%),2/4 (50%),48%,4,33/72 (46%),16/31 (52%),7/18 (39%),72%,18,9,,51,,5,,,,,9
10389588,182,42272,NORMAL,REGULAR,Round 32,LEAGUE,1673,Stade Lavallois,Local,1ST,22/04/2023,32,2,17%,0.00,4,6,3,0,,72,10,5,1,,5,1,1,0,6,0,2,2,1,,1,0,31,7,17,,9/31 (29%),2/3 (67%),50%,1,19/35 (54%),6/15 (40%),4/8 (50%),70%,10,7,,24,,3,,,,,4
10389588,182,42272,NORMAL,REGULAR,Round 32,LEAGUE,1673,Stade Lavallois,Local,2ND,22/04/2023,32,0,23%,0.00,1,4,2,0,,95,8,4,0,,3,0,0,1,4,0,0,1,1,,0,2,50,13,17,,10/23 (43%),0/1 (0%),45%,3,14/37 (38%),10/16 (63%),3/10 (30%),75%,8,2,,27,,2,,,,,5
10389588,182,42272,NORMAL,REGULAR,Round 32,LEAGUE,1657,Sochaux,Visita,ALL,22/04/2023,32,1,80%,0.00,4,25,6,10,9,648,15,17,2,,6,0,8,11,15,10,0,4,2,,4,2,565,22,92,,27/51 (53%),6/39 (15%),52%,9,39/72 (54%),15/31 (48%),7/16 (44%),60%,15,8,,8,,6,,,,,3
10389588,182,42272,NORMAL,REGULAR,Round 32,LEAGUE,1657,Sochaux,Visita,1ST,22/04/2023,32,0,83%,0.00,0,11,3,8,,353,5,7,1,,3,0,3,5,6,5,0,0,2,,2,1,312,11,35,,16/25 (64%),1/17 (6%),50%,4,16/35 (46%),9/15 (60%),4/10 (40%),60%,5,3,,3,,3,,,,,1
10389588,182,42272,NORMAL,REGULAR,Round 32,LEAGUE,1657,Sochaux,Visita,2ND,22/04/2023,32,1,77%,0.00,4,14,3,2,,295,10,10,1,,3,0,5,6,9,5,0,4,0,,2,1,253,11,57,,11/26 (42%),5/22 (23%),55%,5,23/37 (62%),6/16 (38%),3/6 (50%),60%,10,5,,5,,3,,,,,2
10389607,182,42272,NORMAL,REGULAR,Round 33,LEAGUE,1657,Sochaux,Local,ALL,01/05/2023,33,0,64%,0.00,1,4,4,3,11,579,11,17,3,1,2,0,1,1,1,3,0,1,0,,2,0,498,12,56,,32/62 (52%),2/14 (14%),49%,9,36/70 (51%),9/22 (41%),8/17 (47%),64%,11,11,,13,,4,,,,,8
10389607,182,42272,NORMAL,REGULAR,Round 33,LEAGUE,1657,Sochaux,Local,1ST,01/05/2023,33,0,60%,0.00,1,2,4,0,,280,6,9,0,1,2,0,0,0,1,1,0,1,0,,1,0,238,6,21,,11/32 (34%),1/6 (17%),47%,5,17/32 (53%),4/13 (31%),2/5 (40%),83%,6,7,,6,,4,,,,,4
10389607,182,42272,NORMAL,REGULAR,Round 33,LEAGUE,1657,Sochaux,Local,2ND,01/05/2023,33,0,67%,0.00,0,2,0,3,,299,5,8,3,0,0,0,1,1,0,2,0,0,0,,1,0,260,6,35,,21/30 (70%),1/8 (13%),51%,4,19/38 (50%),5/9 (56%),6/12 (50%),40%,5,4,,7,,0,,,,,4
10389607,182,42272,NORMAL,REGULAR,Round 33,LEAGUE,1686,Dijon,Visita,ALL,01/05/2023,33,2,36%,0.00,3,17,2,6,18,327,18,11,2,0,6,1,6,5,12,5,1,2,3,,3,3,250,17,41,,17/46 (37%),5/13 (38%),51%,4,34/70 (49%),13/22 (59%),5/12 (42%),56%,18,11,,16,,2,,,,,7
10389607,182,42272,NORMAL,REGULAR,Round 33,LEAGUE,1686,Dijon,Visita,1ST,01/05/2023,33,2,40%,0.00,3,10,2,4,,181,8,5,1,0,6,1,3,1,7,3,1,2,2,,2,2,142,10,24,,11/22 (50%),4/8 (50%),53%,2,15/32 (47%),9/13 (69%),2/6 (33%),50%,8,4,,8,,2,,,,,3
10389607,182,42272,NORMAL,REGULAR,Round 33,LEAGUE,1686,Dijon,Visita,2ND,01/05/2023,33,0,33%,0.00,0,7,0,2,,146,10,6,1,0,0,0,3,4,5,2,0,0,1,,1,1,108,7,17,,6/24 (25%),1/5 (20%),49%,2,19/38 (50%),4/9 (44%),3/6 (50%),60%,10,7,,8,,0,,,,,4
10389396,182,42272,NORMAL,REGULAR,Round 34,LEAGUE,1676,Amiens SC,Local,ALL,06/05/2023,34,1,43%,0.00,,13,3,6,13,379,23,13,2,,6,0,4,3,9,4,,,1,,4,4,306,20,58,,22/51 (43%),3/17 (18%),50%,10,45/93 (48%),12/22 (55%),10/23 (43%),65%,23,13,,11,,3,,,,,7
10389396,182,42272,NORMAL,REGULAR,Round 34,LEAGUE,1676,Amiens SC,Local,1ST,06/05/2023,34,0,43%,0.00,,6,1,2,,210,11,4,0,,4,0,1,1,3,3,,,1,,2,0,169,11,36,,13/30 (43%),1/7 (14%),50%,6,21/46 (46%),9/14 (64%),6/14 (43%),45%,11,7,,9,,1,,,,,5
10389396,182,42272,NORMAL,REGULAR,Round 34,LEAGUE,1676,Amiens SC,Local,2ND,06/05/2023,34,1,44%,0.00,,7,2,4,,169,12,9,2,,2,0,3,2,6,1,,,0,,2,4,137,9,22,,9/21 (43%),2/10 (20%),49%,4,24/47 (51%),3/8 (38%),4/9 (44%),83%,12,6,,2,,2,,,,,2
10389396,182,42272,NORMAL,REGULAR,Round 34,LEAGUE,1657,Sochaux,Visita,ALL,06/05/2023,34,0,57%,0.00,,6,5,5,13,499,23,13,1,,3,0,2,1,3,3,,,1,,2,1,420,26,49,,26/51 (51%),4/16 (25%),50%,16,48/93 (52%),10/22 (45%),12/19 (63%),70%,23,5,,17,,5,,,,,4
10389396,182,42272,NORMAL,REGULAR,Round 34,LEAGUE,1657,Sochaux,Visita,1ST,06/05/2023,34,0,57%,0.00,,3,4,2,,271,14,5,0,,1,0,2,0,2,1,,,1,,2,1,232,15,29,,12/25 (48%),2/11 (18%),50%,8,25/46 (54%),5/14 (36%),6/9 (67%),57%,14,2,,8,,4,,,,,1
10389396,182,42272,NORMAL,REGULAR,Round 34,LEAGUE,1657,Sochaux,Visita,2ND,06/05/2023,34,0,56%,0.00,,3,1,3,,228,9,8,1,,2,0,0,1,1,2,,,0,,0,0,188,11,20,,14/26 (54%),2/5 (40%),51%,8,23/47 (49%),5/8 (63%),6/10 (60%),89%,9,3,,9,,1,,,,,3
10389405,182,42272,NORMAL,REGULAR,Round 35,LEAGUE,1657,Sochaux,Local,ALL,13/05/2023,35,0,58%,0.00,2,9,2,5,11,550,20,17,2,,6,0,1,2,4,5,,2,,,0,1,460,16,74,,32/67 (48%),4/21 (19%),58%,13,63/103 (61%),17/34 (50%),27/39 (69%),70%,20,10,,6,,2,,,,,6
10389405,182,42272,NORMAL,REGULAR,Round 35,LEAGUE,1657,Sochaux,Local,1ST,13/05/2023,35,0,53%,0.00,2,6,2,2,,232,9,8,1,,5,0,0,1,4,2,,2,,,0,0,194,8,31,,14/29 (48%),3/11 (27%),51%,10,32/61 (52%),8/18 (44%),15/22 (68%),78%,9,5,,4,,2,,,,,5
10389405,182,42272,NORMAL,REGULAR,Round 35,LEAGUE,1657,Sochaux,Local,2ND,13/05/2023,35,0,63%,0.00,0,3,0,3,,318,11,9,1,,1,0,1,1,0,3,,0,,,0,1,266,8,43,,18/38 (47%),1/10 (10%),69%,3,31/42 (74%),9/16 (56%),12/17 (71%),64%,11,5,,2,,0,,,,,1
10389405,182,42272,NORMAL,REGULAR,Round 35,LEAGUE,1654,Guingamp,Visita,ALL,13/05/2023,35,1,42%,0.00,0,10,6,5,17,394,25,10,2,,3,1,5,2,6,4,,0,,,1,1,305,11,60,,26/65 (40%),5/13 (38%),42%,10,40/103 (39%),17/34 (50%),5/15 (33%),52%,25,10,,21,,6,,,,,9
10389405,182,42272,NORMAL,REGULAR,Round 35,LEAGUE,1654,Guingamp,Visita,1ST,13/05/2023,35,0,47%,0.00,0,8,5,5,,207,17,9,0,,2,1,4,2,5,3,,0,,,1,1,166,5,29,,15/35 (43%),3/10 (30%),49%,4,29/61 (48%),10/18 (56%),3/8 (38%),53%,17,4,,8,,5,,,,,2
10389405,182,42272,NORMAL,REGULAR,Round 35,LEAGUE,1654,Guingamp,Visita,2ND,13/05/2023,35,1,37%,0.00,0,2,1,0,,187,8,1,2,,1,0,1,0,1,1,,0,,,0,0,139,6,31,,11/30 (37%),2/3 (67%),31%,6,11/42 (26%),7/16 (44%),2/7 (29%),50%,8,6,,13,,1,,,,,7
10389712,182,42272,NORMAL,REGULAR,Round 36,LEAGUE,6070,Paris FC,Local,ALL,20/05/2023,36,2,52%,0.00,2,9,3,5,16,504,22,10,1,,4,1,5,0,6,3,1,1,,,0,2,421,15,59,,32/56 (57%),6/15 (40%),51%,7,41/80 (51%),7/14 (50%),9/15 (60%),68%,22,8,,10,,3,,,,,3
10389712,182,42272,NORMAL,REGULAR,Round 36,LEAGUE,6070,Paris FC,Local,1ST,20/05/2023,36,0,43%,0.00,0,1,0,2,,220,11,4,0,,0,1,1,0,1,0,0,0,,,0,2,176,9,26,,18/30 (60%),4/9 (44%),52%,3,19/36 (53%),4/8 (50%),4/7 (57%),55%,11,1,,5,,0,,,,,1
10389712,182,42272,NORMAL,REGULAR,Round 36,LEAGUE,6070,Paris FC,Local,2ND,20/05/2023,36,2,61%,0.00,2,8,3,3,,284,11,6,1,,4,0,4,0,5,3,1,1,,,0,0,245,6,33,,14/26 (54%),2/6 (33%),50%,4,22/44 (50%),3/6 (50%),5/8 (63%),82%,11,7,,5,,3,,,,,2
10389712,182,42272,NORMAL,REGULAR,Round 36,LEAGUE,1657,Sochaux,Visita,ALL,20/05/2023,36,1,48%,0.00,1,10,2,3,10,477,13,16,1,,4,0,2,4,7,3,0,1,,,1,2,414,21,51,,30/50 (60%),4/10 (40%),49%,17,39/80 (49%),7/14 (50%),10/15 (67%),69%,13,10,,17,,2,,,,,8
10389712,182,42272,NORMAL,REGULAR,Round 36,LEAGUE,1657,Sochaux,Visita,1ST,20/05/2023,36,1,57%,0.00,0,5,0,3,,290,6,10,0,,1,0,1,3,3,2,0,0,,,1,0,263,7,23,,16/24 (67%),4/9 (44%),48%,11,17/36 (47%),4/8 (50%),1/1 (100%),83%,6,5,,10,,0,,,,,1
10389712,182,42272,NORMAL,REGULAR,Round 36,LEAGUE,1657,Sochaux,Visita,2ND,20/05/2023,36,0,39%,0.00,1,5,2,0,,187,7,6,1,,3,0,1,1,4,1,0,1,,,0,2,151,14,28,,14/26 (54%),0/1 (0%),50%,6,22/44 (50%),3/6 (50%),9/14 (64%),57%,7,5,,7,,2,,,,,7
10389628,182,42272,NORMAL,REGULAR,Round 37,LEAGUE,1657,Sochaux,Local,ALL,26/05/2023,37,0,52%,0.00,1,9,8,3,11,527,20,11,2,1,3,0,5,1,3,6,0,1,0,,0,1,469,18,57,,36/53 (68%),4/16 (25%),53%,9,45/87 (52%),10/16 (63%),15/26 (58%),65%,20,2,,20,,8,,,,,6
10389628,182,42272,NORMAL,REGULAR,Round 37,LEAGUE,1657,Sochaux,Local,1ST,26/05/2023,37,0,54%,0.00,1,5,6,2,,285,10,6,1,0,2,0,2,1,1,4,0,1,0,,0,1,255,6,26,,15/25 (60%),3/8 (38%),52%,4,22/46 (48%),8/12 (67%),7/13 (54%),60%,10,2,,11,,6,,,,,3
10389628,182,42272,NORMAL,REGULAR,Round 37,LEAGUE,1657,Sochaux,Local,2ND,26/05/2023,37,0,50%,0.00,0,4,2,1,,242,10,5,1,1,1,0,3,0,2,2,0,0,0,,0,0,214,12,31,,21/28 (75%),1/8 (13%),56%,5,23/41 (56%),2/4 (50%),8/13 (62%),70%,10,0,,9,,2,,,,,3
10389628,182,42272,NORMAL,REGULAR,Round 37,LEAGUE,1651,Metz,Visita,ALL,26/05/2023,37,1,48%,0.00,4,14,3,5,11,482,20,11,0,0,9,1,3,2,14,0,1,3,3,,1,0,438,11,46,,15/36 (42%),5/19 (26%),47%,13,42/87 (48%),6/16 (38%),11/18 (61%),60%,20,13,,18,,3,,,,,12
10389628,182,42272,NORMAL,REGULAR,Round 37,LEAGUE,1651,Metz,Visita,1ST,26/05/2023,37,0,46%,0.00,2,9,2,2,,242,10,6,0,0,6,1,2,1,9,0,0,2,1,,1,0,218,8,31,,11/23 (48%),4/12 (33%),48%,6,24/46 (52%),4/12 (33%),8/12 (67%),70%,10,5,,8,,2,,,,,6
10389628,182,42272,NORMAL,REGULAR,Round 37,LEAGUE,1651,Metz,Visita,2ND,26/05/2023,37,1,50%,0.00,2,5,1,3,,240,10,5,0,0,3,0,1,1,5,0,1,1,2,,0,0,220,3,15,,4/13 (31%),1/7 (14%),44%,7,18/41 (44%),2/4 (50%),3/6 (50%),50%,10,8,,10,,1,,,,,6
10389435,182,42272,NORMAL,REGULAR,Round 38,LEAGUE,1663,Nîmes Olympique,Local,ALL,02/06/2023,38,3,58%,0.00,3,9,5,3,16,553,17,22,2,,5,0,2,2,9,0,2,1,0,,2,0,484,13,37,,22/45 (49%),4/9 (44%),52%,5,52/98 (53%),5/11 (45%),13/27 (48%),65%,17,7,59,8,,5,,,,,11
10389435,182,42272,NORMAL,REGULAR,Round 38,LEAGUE,1663,Nîmes Olympique,Local,1ST,02/06/2023,38,1,64%,0.00,1,5,4,3,,333,9,13,1,,2,0,2,1,5,0,0,1,0,,0,0,296,10,22,,17/25 (68%),3/5 (60%),53%,2,28/52 (54%),4/8 (50%),6/16 (38%),56%,9,6,28,3,,4,,,,,6
10389435,182,42272,NORMAL,REGULAR,Round 38,LEAGUE,1663,Nîmes Olympique,Local,2ND,02/06/2023,38,2,51%,0.00,2,4,1,0,,220,8,9,1,,3,0,0,1,4,0,2,0,0,,2,0,188,3,15,,5/20 (25%),1/4 (25%),51%,3,24/46 (52%),1/3 (33%),7/11 (64%),75%,8,1,31,5,,1,,,,,5
10389435,182,42272,NORMAL,REGULAR,Round 38,LEAGUE,1657,Sochaux,Visita,ALL,02/06/2023,38,1,42%,0.00,3,15,2,5,23,387,19,16,2,,6,0,7,2,7,8,1,2,1,,6,5,335,11,53,,21/41 (51%),6/17 (35%),48%,11,46/98 (47%),6/11 (55%),11/17 (65%),47%,19,9,67,11,,2,,,,,4
10389435,182,42272,NORMAL,REGULAR,Round 38,LEAGUE,1657,Sochaux,Visita,1ST,02/06/2023,38,1,36%,0.00,2,8,1,2,,182,12,6,1,,5,0,2,1,4,4,1,1,1,,2,3,151,4,26,,8/20 (40%),3/9 (33%),47%,6,24/52 (46%),4/8 (50%),6/9 (67%),50%,12,5,36,9,,1,,,,,3
10389435,182,42272,NORMAL,REGULAR,Round 38,LEAGUE,1657,Sochaux,Visita,2ND,02/06/2023,38,0,49%,0.00,1,7,1,3,,205,7,10,1,,1,0,5,1,3,4,0,1,0,,4,2,184,7,27,,13/21 (62%),3/8 (38%),49%,5,22/46 (48%),2/3 (67%),5/8 (63%),43%,7,4,31,2,,1,,,,,1
11558942,183,53055,NORMAL,REGULAR,Round 3,LEAGUE,52874,Red Star FC,Local,ALL,25/08/2023,3,2,,,,,,5,,,,,3,,,,,,,,,,,,,,,,,,,,,,,,,,,,,,,,,,,,
11558942,183,53055,NORMAL,REGULAR,Round 3,LEAGUE,52874,Red Star FC,Local,1ST,25/08/2023,3,,,,,,,,,,,,,,,,,,,,,,,,,,,,,,,,,,,,,,,,,,,,,,,,
11558942,183,53055,NORMAL,REGULAR,Round 3,LEAGUE,52874,Red Star FC,Local,2ND,25/08/2023,3,,,,,,,,,,,,,,,,,,,,,,,,,,,,,,,,,,,,,,,,,,,,,,,,
11558942,183,53055,NORMAL,REGULAR,Round 3,LEAGUE,1657,Sochaux,Visita,ALL,25/08/2023,3,0,,,,,,7,,,,,2,,,,,,,,,,,,,,,,,,,,,,,,,,,,,,,,,,,,
11558942,183,53055,NORMAL,REGULAR,Round 3,LEAGUE,1657,Sochaux,Visita,1ST,25/08/2023,3,,,,,,,,,,,,,,,,,,,,,,,,,,,,,,,,,,,,,,,,,,,,,,,,
11558942,183,53055,NORMAL,REGULAR,Round 3,LEAGUE,1657,Sochaux,Visita,2ND,25/08/2023,3,,,,,,,,,,,,,,,,,,,,,,,,,,,,,,,,,,,,,,,,,,,,,,,,
11562842,183,53055,NORMAL,REGULAR,Round 6,LEAGUE,1664,FC Martigues,Local,ALL,15/09/2023,6,1,,,,,,1,,,,,2,,,,,,,,,,,,,,,,,,,,,,,,,,,,,,,,,,,,
11562842,183,53055,NORMAL,REGULAR,Round 6,LEAGUE,1664,FC Martigues,Local,1ST,15/09/2023,6,,,,,,,,,,,,,,,,,,,,,,,,,,,,,,,,,,,,,,,,,,,,,,,,
11562842,183,53055,NORMAL,REGULAR,Round 6,LEAGUE,1664,FC Martigues,Local,2ND,15/09/2023,6,,,,,,,,,,,,,,,,,,,,,,,,,,,,,,,,,,,,,,,,,,,,,,,,
11562842,183,53055,NORMAL,REGULAR,Round 6,LEAGUE,1657,Sochaux,Visita,ALL,15/09/2023,6,2,,,,,,3,,,,,1,,,,,,,,,,,,,,,,,,,,,,,,,,,,,,,,,,,,
11562842,183,53055,NORMAL,REGULAR,Round 6,LEAGUE,1657,Sochaux,Visita,1ST,15/09/2023,6,,,,,,,,,,,,,,,,,,,,,,,,,,,,,,,,,,,,,,,,,,,,,,,,
11562842,183,53055,NORMAL,REGULAR,Round 6,LEAGUE,1657,Sochaux,Visita,2ND,15/09/2023,6,,,,,,,,,,,,,,,,,,,,,,,,,,,,,,,,,,,,,,,,,,,,,,,,
11633560,183,53055,NORMAL,REGULAR,Round 7,LEAGUE,1657,Sochaux,Local,ALL,25/09/2023,7,0,,,,,,2,,,,,1,,,,,,,,,,,,,,,,,,,,,,,,,,,,,,,,,,,,
11633560,183,53055,NORMAL,REGULAR,Round 7,LEAGUE,1657,Sochaux,Local,1ST,25/09/2023,7,,,,,,,,,,,,,,,,,,,,,,,,,,,,,,,,,,,,,,,,,,,,,,,,
11633560,183,53055,NORMAL,REGULAR,Round 7,LEAGUE,1657,Sochaux,Local,2ND,25/09/2023,7,,,,,,,,,,,,,,,,,,,,,,,,,,,,,,,,,,,,,,,,,,,,,,,,
11633560,183,53055,NORMAL,REGULAR,Round 7,LEAGUE,4493,FC Rouen,Visita,ALL,25/09/2023,7,1,,,,,,4,,,,,2,,,,,,,,,,,,,,,,,,,,,,,,,,,,,,,,,,,,
11633560,183,53055,NORMAL,REGULAR,Round 7,LEAGUE,4493,FC Rouen,Visita,1ST,25/09/2023,7,,,,,,,,,,,,,,,,,,,,,,,,,,,,,,,,,,,,,,,,,,,,,,,,
11633560,183,53055,NORMAL,REGULAR,Round 7,LEAGUE,4493,FC Rouen,Visita,2ND,25/09/2023,7,,,,,,,,,,,,,,,,,,,,,,,,,,,,,,,,,,,,,,,,,,,,,,,,
11692092,183,53055,NORMAL,REGULAR,Round 1,LEAGUE,39126,FC Versailles 78,Local,ALL,03/10/2023,1,1,,,,,,5,,,,,1,,,,,,,,,,,,,,,,,,,,,,,,,,,,,,,,,,,,
11692092,183,53055,NORMAL,REGULAR,Round 1,LEAGUE,39126,FC Versailles 78,Local,1ST,03/10/2023,1,,,,,,,,,,,,,,,,,,,,,,,,,,,,,,,,,,,,,,,,,,,,,,,,
11692092,183,53055,NORMAL,REGULAR,Round 1,LEAGUE,39126,FC Versailles 78,Local,2ND,03/10/2023,1,,,,,,,,,,,,,,,,,,,,,,,,,,,,,,,,,,,,,,,,,,,,,,,,
11692092,183,53055,NORMAL,REGULAR,Round 1,LEAGUE,1657,Sochaux,Visita,ALL,03/10/2023,1,1,,,,,,6,,,,,2,,,,,,,,,,,,,,,,,,,,,,,,,,,,,,,,,,,,
11692092,183,53055,NORMAL,REGULAR,Round 1,LEAGUE,1657,Sochaux,Visita,1ST,03/10/2023,1,,,,,,,,,,,,,,,,,,,,,,,,,,,,,,,,,,,,,,,,,,,,,,,,
11692092,183,53055,NORMAL,REGULAR,Round 1,LEAGUE,1657,Sochaux,Visita,2ND,03/10/2023,1,,,,,,,,,,,,,,,,,,,,,,,,,,,,,,,,,,,,,,,,,,,,,,,,
11562852,183,53055,NORMAL,REGULAR,Round 10,LEAGUE,1666,Châteauroux,Local,ALL,11/10/2023,10,1,,,,,,6,,,,,1,,,,,,,,,,,,,,,,,,,,,,,,,,,,,,,,,,,,
11562852,183,53055,NORMAL,REGULAR,Round 10,LEAGUE,1666,Châteauroux,Local,1ST,11/10/2023,10,,,,,,,,,,,,,,,,,,,,,,,,,,,,,,,,,,,,,,,,,,,,,,,,
11562852,183,53055,NORMAL,REGULAR,Round 10,LEAGUE,1666,Châteauroux,Local,2ND,11/10/2023,10,,,,,,,,,,,,,,,,,,,,,,,,,,,,,,,,,,,,,,,,,,,,,,,,
11562852,183,53055,NORMAL,REGULAR,Round 10,LEAGUE,1657,Sochaux,Visita,ALL,11/10/2023,10,1,,,,,,3,,,,,2,,,,,,,,,,,,,,,,,,,,,,,,,,,,,,,,,,,,
11562852,183,53055,NORMAL,REGULAR,Round 10,LEAGUE,1657,Sochaux,Visita,1ST,11/10/2023,10,,,,,,,,,,,,,,,,,,,,,,,,,,,,,,,,,,,,,,,,,,,,,,,,
11562852,183,53055,NORMAL,REGULAR,Round 10,LEAGUE,1657,Sochaux,Visita,2ND,11/10/2023,10,,,,,,,,,,,,,,,,,,,,,,,,,,,,,,,,,,,,,,,,,,,,,,,,
11562851,183,53055,NORMAL,REGULAR,Round 12,LEAGUE,1675,Nancy,Local,ALL,03/11/2023,12,1,,,,,,3,,,,,1,1,,,,,,,,,,,,,,,,,,,,,,,,,,,,,,,,,,,
11562851,183,53055,NORMAL,REGULAR,Round 12,LEAGUE,1675,Nancy,Local,1ST,03/11/2023,12,,,,,,,,,,,,,,,,,,,,,,,,,,,,,,,,,,,,,,,,,,,,,,,,
11562851,183,53055,NORMAL,REGULAR,Round 12,LEAGUE,1675,Nancy,Local,2ND,03/11/2023,12,,,,,,,,,,,,,,,,,,,,,,,,,,,,,,,,,,,,,,,,,,,,,,,,
11562851,183,53055,NORMAL,REGULAR,Round 12,LEAGUE,1657,Sochaux,Visita,ALL,03/11/2023,12,1,,,,,,6,,,,,2,0,,,,,,,,,,,,,,,,,,,,,,,,,,,,,,,,,,,
11562851,183,53055,NORMAL,REGULAR,Round 12,LEAGUE,1657,Sochaux,Visita,1ST,03/11/2023,12,,,,,,,,,,,,,,,,,,,,,,,,,,,,,,,,,,,,,,,,,,,,,,,,
11562851,183,53055,NORMAL,REGULAR,Round 12,LEAGUE,1657,Sochaux,Visita,2ND,03/11/2023,12,,,,,,,,,,,,,,,,,,,,,,,,,,,,,,,,,,,,,,,,,,,,,,,,
11848573,183,53055,NORMAL,REGULAR,Round 14,LEAGUE,1665,Chamois Niortais,Local,ALL,27/11/2023,14,4,,,,,,8,,,,,3,,,,,,,,,,,,,,,,,,,,,,,,,,,,,,,,,,,,
11848573,183,53055,NORMAL,REGULAR,Round 14,LEAGUE,1665,Chamois Niortais,Local,1ST,27/11/2023,14,,,,,,,,,,,,,,,,,,,,,,,,,,,,,,,,,,,,,,,,,,,,,,,,
11848573,183,53055,NORMAL,REGULAR,Round 14,LEAGUE,1665,Chamois Niortais,Local,2ND,27/11/2023,14,,,,,,,,,,,,,,,,,,,,,,,,,,,,,,,,,,,,,,,,,,,,,,,,
11848573,183,53055,NORMAL,REGULAR,Round 14,LEAGUE,1657,Sochaux,Visita,ALL,27/11/2023,14,2,,,,,,6,,,,,0,,,,,,,,,,,,,,,,,,,,,,,,,,,,,,,,,,,,
11848573,183,53055,NORMAL,REGULAR,Round 14,LEAGUE,1657,Sochaux,Visita,1ST,27/11/2023,14,,,,,,,,,,,,,,,,,,,,,,,,,,,,,,,,,,,,,,,,,,,,,,,,
11848573,183,53055,NORMAL,REGULAR,Round 14,LEAGUE,1657,Sochaux,Visita,2ND,27/11/2023,14,,,,,,,,,,,,,,,,,,,,,,,,,,,,,,,,,,,,,,,,,,,,,,,,
11562848,183,53055,NORMAL,REGULAR,Round 16,LEAGUE,1686,Dijon,Local,ALL,15/12/2023,16,0,,,,,,7,,,,,1,,,,,,,,,,,,,,,,,,,,,,,,,,,,,,,,,,,,
11562848,183,53055,NORMAL,REGULAR,Round 16,LEAGUE,1686,Dijon,Local,1ST,15/12/2023,16,,,,,,,,,,,,,,,,,,,,,,,,,,,,,,,,,,,,,,,,,,,,,,,,
11562848,183,53055,NORMAL,REGULAR,Round 16,LEAGUE,1686,Dijon,Local,2ND,15/12/2023,16,,,,,,,,,,,,,,,,,,,,,,,,,,,,,,,,,,,,,,,,,,,,,,,,
11562848,183,53055,NORMAL,REGULAR,Round 16,LEAGUE,1657,Sochaux,Visita,ALL,15/12/2023,16,3,,,,,,5,,,,,1,,,,,,,,,,,,,,,,,,,,,,,,,,,,,,,,,,,,
11562848,183,53055,NORMAL,REGULAR,Round 16,LEAGUE,1657,Sochaux,Visita,1ST,15/12/2023,16,,,,,,,,,,,,,,,,,,,,,,,,,,,,,,,,,,,,,,,,,,,,,,,,
11562848,183,53055,NORMAL,REGULAR,Round 16,LEAGUE,1657,Sochaux,Visita,2ND,15/12/2023,16,,,,,,,,,,,,,,,,,,,,,,,,,,,,,,,,,,,,,,,,,,,,,,,,
11896595,335,56287,NORMAL,REGULAR,Round of 64,CUP,1657,Sochaux,Local,ALL,06/01/2024,32,2,45%,0.00,4,12,2,2,20,403,23,17,2,,5,0,6,1,10,2,2,2,1,,5,1,321,22,47,,17/33 (52%),4/11 (36%),57%,5,48/86 (56%),12/20 (60%),8/16 (50%),70%,23,12,62,17,,2,,,,,6
11896595,335,56287,NORMAL,REGULAR,Round of 64,CUP,1657,Sochaux,Local,1ST,06/01/2024,32,0,50%,0.00,1,5,0,2,,262,12,7,1,,2,0,2,1,4,1,0,1,1,,2,1,217,9,22,,11/22 (50%),1/4 (25%),57%,3,23/43 (53%),10/15 (67%),4/8 (50%),75%,12,7,34,6,,0,,,,,4
11896595,335,56287,NORMAL,REGULAR,Round of 64,CUP,1657,Sochaux,Local,2ND,06/01/2024,32,2,38%,0.00,3,7,2,0,,141,11,10,1,,3,0,4,0,6,1,2,1,0,,3,0,104,13,25,,6/11 (55%),3/7 (43%),56%,2,25/43 (58%),2/5 (40%),4/8 (50%),64%,11,5,28,11,,2,,,,,2
11896595,335,56287,NORMAL,REGULAR,Round of 64,CUP,1656,Lorient,Visita,ALL,06/01/2024,32,1,55%,0.00,0,9,3,4,17,499,13,19,3,,3,0,5,1,3,6,0,0,0,,4,1,425,21,54,,20/44 (45%),3/16 (19%),43%,5,38/86 (44%),8/20 (40%),6/24 (25%),69%,13,9,63,16,,3,,,,,7
11896595,335,56287,NORMAL,REGULAR,Round of 64,CUP,1656,Lorient,Visita,1ST,06/01/2024,32,1,50%,0.00,0,4,2,2,,260,7,9,1,,1,0,2,1,1,3,0,0,0,,0,0,223,12,21,,11/21 (52%),1/9 (11%),43%,3,20/43 (47%),5/15 (33%),4/13 (31%),86%,7,8,34,7,,2,,,,,2
11896595,335,56287,NORMAL,REGULAR,Round of 64,CUP,1656,Lorient,Visita,2ND,06/01/2024,32,0,62%,0.00,0,5,1,2,,239,6,10,2,,2,0,3,0,2,3,0,0,0,,4,1,202,9,33,,9/23 (39%),2/7 (29%),44%,2,18/43 (42%),3/5 (60%),2/11 (18%),50%,6,1,29,9,,1,,,,,5
11958534,335,56287,NORMAL,REGULAR,Round of 32,CUP,1657,Sochaux,Local,ALL,21/01/2024,6,2,29%,0.00,2,4,4,2,7,242,29,11,2,,3,0,1,0,3,1,2,0,1,,5,0,140,16,49,,15/66 (23%),0/3 (0%),46%,9,47/92 (51%),9/30 (30%),7/17 (41%),62%,29,7,69,36,,4,,,,,12
11958534,335,56287,NORMAL,REGULAR,Round of 32,CUP,1657,Sochaux,Local,1ST,21/01/2024,6,2,27%,0.00,2,3,0,2,,115,16,5,1,,3,0,0,0,3,0,2,0,1,,2,0,71,7,25,,4/26 (15%),0/1 (0%),48%,6,25/50 (50%),6/15 (40%),4/8 (50%),50%,16,2,31,15,,0,,,,,3
11958534,335,56287,NORMAL,REGULAR,Round of 32,CUP,1657,Sochaux,Local,2ND,21/01/2024,6,0,30%,0.00,0,1,4,0,,127,13,6,1,,0,0,1,0,0,1,0,0,0,,3,0,69,9,24,,11/40 (28%),0/2 (0%),44%,3,22/42 (52%),3/15 (20%),3/9 (33%),77%,13,5,38,21,,4,,,,,9
11958534,335,56287,NORMAL,REGULAR,Round of 32,CUP,1682,Stade de Reims,Visita,ALL,21/01/2024,6,2,71%,0.00,2,19,1,12,11,588,19,7,1,,6,0,6,7,11,8,1,1,0,,2,1,484,35,71,,28/56 (50%),7/30 (23%),54%,15,45/92 (49%),21/30 (70%),19/33 (58%),47%,19,8,72,5,,1,,,,,3
11958534,335,56287,NORMAL,REGULAR,Round of 32,CUP,1682,Stade de Reims,Visita,1ST,21/01/2024,6,1,73%,0.00,1,6,1,8,,290,10,4,0,,1,0,2,3,3,3,1,0,0,,2,1,243,21,34,,12/27 (44%),5/16 (31%),52%,8,25/50 (50%),9/15 (60%),11/19 (58%),50%,10,2,32,4,,1,,,,,0
11958534,335,56287,NORMAL,REGULAR,Round of 32,CUP,1682,Stade de Reims,Visita,2ND,21/01/2024,6,1,70%,0.00,1,13,0,4,,298,9,3,1,,5,0,4,4,8,5,0,1,0,,0,0,241,14,37,,16/29 (55%),2/14 (14%),56%,7,20/42 (48%),12/15 (80%),8/14 (57%),44%,9,6,40,1,,0,,,,,3
11995532,335,56287,NORMAL,REGULAR,Round of 16,CUP,1657,Sochaux,Local,ALL,06/02/2024,5,1,42%,0.00,1,5,7,3,7,406,14,10,0,,1,0,4,0,1,4,1,0,0,,3,1,344,12,21,,21/32 (66%),1/6 (17%),49%,9,32/66 (48%),5/9 (56%),8/20 (40%),43%,14,5,54,12,,7,,,,,6
11995532,335,56287,NORMAL,REGULAR,Round of 16,CUP,1657,Sochaux,Local,1ST,06/02/2024,5,0,46%,0.00,0,1,4,3,,243,7,4,0,,0,0,1,0,0,1,0,0,0,,0,1,210,6,9,,11/19 (58%),1/3 (33%),49%,6,16/31 (52%),1/4 (25%),5/11 (45%),71%,7,1,31,7,,4,,,,,4
11995532,335,56287,NORMAL,REGULAR,Round of 16,CUP,1657,Sochaux,Local,2ND,06/02/2024,5,1,37%,0.00,1,4,3,0,,163,7,6,0,,1,0,3,0,1,3,1,0,0,,3,0,134,6,12,,10/13 (77%),0/3 (0%),50%,3,16/35 (46%),4/5 (80%),3/9 (33%),14%,7,4,23,5,,3,,,,,2
11995532,335,56287,NORMAL,REGULAR,Round of 16,CUP,1658,Stade Rennais,Visita,ALL,06/02/2024,5,6,58%,0.00,5,19,0,5,12,575,21,7,1,,13,0,3,3,15,4,2,3,1,,2,1,517,14,45,,32/42 (76%),5/16 (31%),51%,5,34/66 (52%),4/9 (44%),6/15 (40%),76%,21,13,55,10,,0,,,,,6
11995532,335,56287,NORMAL,REGULAR,Round of 16,CUP,1658,Stade Rennais,Visita,1ST,06/02/2024,5,4,54%,0.00,2,12,0,2,,290,12,1,1,,8,0,1,3,9,3,1,1,0,,1,1,261,5,31,,15/20 (75%),5/11 (45%),51%,3,15/31 (48%),3/4 (75%),2/6 (33%),75%,12,3,32,5,,0,,,,,3
11995532,335,56287,NORMAL,REGULAR,Round of 16,CUP,1658,Stade Rennais,Visita,2ND,06/02/2024,5,2,63%,0.00,3,7,0,3,,285,9,6,0,,5,0,2,0,6,1,1,2,1,,1,0,256,9,14,,17/22 (77%),0/5 (0%),50%,2,19/35 (54%),1/5 (20%),4/9 (44%),78%,9,10,23,5,,0,,,,,3
12051837,183,53055,NORMAL,REGULAR,Round 18,LEAGUE,6921,US Orléans,Local,ALL,27/02/2024,18,0,,,,,,8,,,,,4,1,,,,,,,,,,,,,,,,,,,,,,,,,,,,,,,,,,,
12051837,183,53055,NORMAL,REGULAR,Round 18,LEAGUE,6921,US Orléans,Local,1ST,27/02/2024,18,,,,,,,,,,,,,,,,,,,,,,,,,,,,,,,,,,,,,,,,,,,,,,,,
12051837,183,53055,NORMAL,REGULAR,Round 18,LEAGUE,6921,US Orléans,Local,2ND,27/02/2024,18,,,,,,,,,,,,,,,,,,,,,,,,,,,,,,,,,,,,,,,,,,,,,,,,
12051837,183,53055,NORMAL,REGULAR,Round 18,LEAGUE,1657,Sochaux,Visita,ALL,27/02/2024,18,0,,,,,,6,,,,,3,1,,,,,,,,,,,,,,,,,,,,,,,,,,,,,,,,,,,
12051837,183,53055,NORMAL,REGULAR,Round 18,LEAGUE,1657,Sochaux,Visita,1ST,27/02/2024,18,,,,,,,,,,,,,,,,,,,,,,,,,,,,,,,,,,,,,,,,,,,,,,,,
12051837,183,53055,NORMAL,REGULAR,Round 18,LEAGUE,1657,Sochaux,Visita,2ND,27/02/2024,18,,,,,,,,,,,,,,,,,,,,,,,,,,,,,,,,,,,,,,,,,,,,,,,,
12104551,183,53055,NORMAL,REGULAR,Round 23,LEAGUE,4493,FC Rouen,Local,ALL,04/03/2024,23,1,,,,,,7,,,,,3,,,,,,,,,,,,,,,,,,,,,,,,,,,,,,,,,,,,
12104551,183,53055,NORMAL,REGULAR,Round 23,LEAGUE,4493,FC Rouen,Local,1ST,04/03/2024,23,,,,,,,,,,,,,,,,,,,,,,,,,,,,,,,,,,,,,,,,,,,,,,,,
12104551,183,53055,NORMAL,REGULAR,Round 23,LEAGUE,4493,FC Rouen,Local,2ND,04/03/2024,23,,,,,,,,,,,,,,,,,,,,,,,,,,,,,,,,,,,,,,,,,,,,,,,,
12104551,183,53055,NORMAL,REGULAR,Round 23,LEAGUE,1657,Sochaux,Visita,ALL,04/03/2024,23,0,,,,,,5,,,,,3,,,,,,,,,,,,,,,,,,,,,,,,,,,,,,,,,,,,
12104551,183,53055,NORMAL,REGULAR,Round 23,LEAGUE,1657,Sochaux,Visita,1ST,04/03/2024,23,,,,,,,,,,,,,,,,,,,,,,,,,,,,,,,,,,,,,,,,,,,,,,,,
12104551,183,53055,NORMAL,REGULAR,Round 23,LEAGUE,1657,Sochaux,Visita,2ND,04/03/2024,23,,,,,,,,,,,,,,,,,,,,,,,,,,,,,,,,,,,,,,,,,,,,,,,,
11562857,183,53055,NORMAL,REGULAR,Round 25,LEAGUE,35066,Avranches,Local,ALL,15/03/2024,25,0,,,,,,3,,,,,2,1,,,,,,,,,,,,,,,,,,,,,,,,,,,,,,,,,,,
11562857,183,53055,NORMAL,REGULAR,Round 25,LEAGUE,35066,Avranches,Local,1ST,15/03/2024,25,,,,,,,,,,,,,,,,,,,,,,,,,,,,,,,,,,,,,,,,,,,,,,,,
11562857,183,53055,NORMAL,REGULAR,Round 25,LEAGUE,35066,Avranches,Local,2ND,15/03/2024,25,,,,,,,,,,,,,,,,,,,,,,,,,,,,,,,,,,,,,,,,,,,,,,,,
11562857,183,53055,NORMAL,REGULAR,Round 25,LEAGUE,1657,Sochaux,Visita,ALL,15/03/2024,25,1,,,,,,10,,,,,4,0,,,,,,,,,,,,,,,,,,,,,,,,,,,,,,,,,,,
11562857,183,53055,NORMAL,REGULAR,Round 25,LEAGUE,1657,Sochaux,Visita,1ST,15/03/2024,25,,,,,,,,,,,,,,,,,,,,,,,,,,,,,,,,,,,,,,,,,,,,,,,,
11562857,183,53055,NORMAL,REGULAR,Round 25,LEAGUE,1657,Sochaux,Visita,2ND,15/03/2024,25,,,,,,,,,,,,,,,,,,,,,,,,,,,,,,,,,,,,,,,,,,,,,,,,
12572322,183,64124,NORMAL,REGULAR,Round 1,LEAGUE,1657,Sochaux,Local,ALL,16/08/2024,1,2,53%,1.73,,10,1,3,17,327,4,3,3,0,3,0,4,3,9,1,,,1,18,,2,250,22,,43/65 (66%),37/65 (56%),3/8 (37%),36%,4,26/102 (25%),32/57 (56%),9/10 (90%),,4,8,,15,0,1,,,1,,8
12572322,183,64124,NORMAL,REGULAR,Round 1,LEAGUE,1657,Sochaux,Local,1ST,16/08/2024,1,,,,,,,,,,,,,,,,,,,,,,,,,,,,,,,,,,,,,,,,,,,,,,,,
12572322,183,64124,NORMAL,REGULAR,Round 1,LEAGUE,1657,Sochaux,Local,2ND,16/08/2024,1,,,,,,,,,,,,,,,,,,,,,,,,,,,,,,,,,,,,,,,,,,,,,,,,
12572322,183,64124,NORMAL,REGULAR,Round 1,LEAGUE,210099,Quevilly - Rouen Métropole,Visita,ALL,16/08/2024,1,0,47%,0.51,,7,2,4,15,315,2,3,4,0,1,0,5,1,5,2,,,5,14,,3,244,20,,32/49 (65%),23/43 (53%),4/13 (30%),33%,6,36/105 (34%),21/63 (33%),12/18 (67%),,2,9,,14,3,2,,,0,,9
12572322,183,64124,NORMAL,REGULAR,Round 1,LEAGUE,210099,Quevilly - Rouen Métropole,Visita,1ST,16/08/2024,1,,,,,,,,,,,,,,,,,,,,,,,,,,,,,,,,,,,,,,,,,,,,,,,,
12572322,183,64124,NORMAL,REGULAR,Round 1,LEAGUE,210099,Quevilly - Rouen Métropole,Visita,2ND,16/08/2024,1,,,,,,,,,,,,,,,,,,,,,,,,,,,,,,,,,,,,,,,,,,,,,,,,
12572298,183,64124,NORMAL,REGULAR,Round 3,LEAGUE,1657,Sochaux,Local,ALL,30/08/2024,3,0,61%,0.62,,10,0,4,6,372,3,6,1,0,1,0,7,2,5,5,,,2,14,,1,300,37,,33/44 (75%),23/41 (56%),3/15 (20%),45%,11,42/108 (39%),25/39 (64%),13/21 (62%),,3,16,,15,1,0,,,1,,5
12572298,183,64124,NORMAL,REGULAR,Round 3,LEAGUE,1657,Sochaux,Local,1ST,30/08/2024,3,,,,,,,,,,,,,,,,,,,,,,,,,,,,,,,,,,,,,,,,,,,,,,,,
12572298,183,64124,NORMAL,REGULAR,Round 3,LEAGUE,1657,Sochaux,Local,2ND,30/08/2024,3,,,,,,,,,,,,,,,,,,,,,,,,,,,,,,,,,,,,,,,,,,,,,,,,
12572298,183,64124,NORMAL,REGULAR,Round 3,LEAGUE,1672,Le Mans,Visita,ALL,30/08/2024,3,1,39%,0.66,,8,1,2,19,304,5,0,4,0,1,0,3,4,3,5,,,1,9,,3,225,24,,24/37 (65%),19/44 (43%),2/10 (20%),30%,5,30/100 (30%),12/40 (30%),5/7 (71%),,5,16,,13,2,1,,,0,,14
12572298,183,64124,NORMAL,REGULAR,Round 3,LEAGUE,1672,Le Mans,Visita,1ST,30/08/2024,3,,,,,,,,,,,,,,,,,,,,,,,,,,,,,,,,,,,,,,,,,,,,,,,,
12572298,183,64124,NORMAL,REGULAR,Round 3,LEAGUE,1672,Le Mans,Visita,2ND,30/08/2024,3,,,,,,,,,,,,,,,,,,,,,,,,,,,,,,,,,,,,,,,,,,,,,,,,
12572286,183,64124,NORMAL,REGULAR,Round 4,LEAGUE,327159,Paris 13 Atletico,Local,ALL,06/09/2024,4,1,52%,0.66,,12,2,4,10,413,0,5,1,0,3,0,7,2,4,8,,,0,17,,1,347,18,,31/46 (67%),23/41 (56%),4/19 (21%),42%,6,50/113 (44%),16/43 (37%),14/19 (74%),,0,9,,10,2,2,,,,,2
12572286,183,64124,NORMAL,REGULAR,Round 4,LEAGUE,327159,Paris 13 Atletico,Local,1ST,06/09/2024,4,,,,,,,,,,,,,,,,,,,,,,,,,,,,,,,,,,,,,,,,,,,,,,,,
12572286,183,64124,NORMAL,REGULAR,Round 4,LEAGUE,327159,Paris 13 Atletico,Local,2ND,06/09/2024,4,,,,,,,,,,,,,,,,,,,,,,,,,,,,,,,,,,,,,,,,,,,,,,,,
12572286,183,64124,NORMAL,REGULAR,Round 4,LEAGUE,1657,Sochaux,Visita,ALL,06/09/2024,4,1,48%,1.15,,9,3,5,26,368,2,4,5,1,3,1,1,4,5,4,,,0,9,,0,306,18,,39/56 (70%),23/39 (58%),2/7 (28%),34%,11,22/91 (24%),25/45 (56%),5/6 (83%),,2,9,,7,3,3,,,,,12
12572286,183,64124,NORMAL,REGULAR,Round 4,LEAGUE,1657,Sochaux,Visita,1ST,06/09/2024,4,,,,,,,,,,,,,,,,,,,,,,,,,,,,,,,,,,,,,,,,,,,,,,,,
12572286,183,64124,NORMAL,REGULAR,Round 4,LEAGUE,1657,Sochaux,Visita,2ND,06/09/2024,4,,,,,,,,,,,,,,,,,,,,,,,,,,,,,,,,,,,,,,,,,,,,,,,,
12572280,183,64124,NORMAL,REGULAR,Round 5,LEAGUE,1657,Sochaux,Local,ALL,13/09/2024,5,2,52%,1.59,,8,2,1,24,322,0,4,3,0,3,0,3,2,6,2,,,1,9,,3,238,19,,27/62 (44%),27/49 (55%),5/11 (45%),29%,12,38/136 (28%),19/56 (34%),4/5 (80%),,0,18,,17,6,2,,,0,,6
12572280,183,64124,NORMAL,REGULAR,Round 5,LEAGUE,1657,Sochaux,Local,1ST,13/09/2024,5,,,,,,,,,,,,,,,,,,,,,,,,,,,,,,,,,,,,,,,,,,,,,,,,
12572280,183,64124,NORMAL,REGULAR,Round 5,LEAGUE,1657,Sochaux,Local,2ND,13/09/2024,5,,,,,,,,,,,,,,,,,,,,,,,,,,,,,,,,,,,,,,,,,,,,,,,,
12572280,183,64124,NORMAL,REGULAR,Round 5,LEAGUE,1675,Nancy,Visita,ALL,13/09/2024,5,3,48%,1.94,,12,2,6,22,307,2,6,3,0,5,0,4,3,9,3,,,4,22,,2,224,19,,36/53 (68%),27/47 (57%),8/18 (44%),46%,5,50/125 (40%),37/62 (60%),22/29 (76%),,2,18,,15,0,2,,,1,,5
12572280,183,64124,NORMAL,REGULAR,Round 5,LEAGUE,1675,Nancy,Visita,1ST,13/09/2024,5,,,,,,,,,,,,,,,,,,,,,,,,,,,,,,,,,,,,,,,,,,,,,,,,
12572280,183,64124,NORMAL,REGULAR,Round 5,LEAGUE,1675,Nancy,Visita,2ND,13/09/2024,5,,,,,,,,,,,,,,,,,,,,,,,,,,,,,,,,,,,,,,,,,,,,,,,,
12572279,183,64124,NORMAL,REGULAR,Round 6,LEAGUE,59792,Aubagne FC,Local,ALL,20/09/2024,6,0,47%,0.35,,11,3,4,13,327,4,3,2,0,4,0,4,3,1,10,,,2,13,,0,237,27,,22/35 (63%),20/35 (57%),0/18 (0%),44%,4,68/157 (43%),15/30 (50%),32/39 (82%),,4,27,,12,3,3,,,1,,6
12572279,183,64124,NORMAL,REGULAR,Round 6,LEAGUE,59792,Aubagne FC,Local,1ST,20/09/2024,6,,,,,,,,,,,,,,,,,,,,,,,,,,,,,,,,,,,,,,,,,,,,,,,,
12572279,183,64124,NORMAL,REGULAR,Round 6,LEAGUE,59792,Aubagne FC,Local,2ND,20/09/2024,6,,,,,,,,,,,,,,,,,,,,,,,,,,,,,,,,,,,,,,,,,,,,,,,,
12572279,183,64124,NORMAL,REGULAR,Round 6,LEAGUE,1657,Sochaux,Visita,ALL,20/09/2024,6,1,53%,1.19,,12,4,7,13,403,1,4,3,0,4,0,3,5,8,4,,,0,19,,4,308,21,,33/64 (52%),32/69 (46%),7/16 (43%),29%,15,41/156 (26%),14/31 (45%),17/23 (74%),,1,23,,25,5,4,,,2,,5
12572279,183,64124,NORMAL,REGULAR,Round 6,LEAGUE,1657,Sochaux,Visita,1ST,20/09/2024,6,,,,,,,,,,,,,,,,,,,,,,,,,,,,,,,,,,,,,,,,,,,,,,,,
12572279,183,64124,NORMAL,REGULAR,Round 6,LEAGUE,1657,Sochaux,Visita,2ND,20/09/2024,6,,,,,,,,,,,,,,,,,,,,,,,,,,,,,,,,,,,,,,,,,,,,,,,,
12572264,183,64124,NORMAL,REGULAR,Round 7,LEAGUE,1657,Sochaux,Local,ALL,27/09/2024,7,0,56%,1.69,,18,1,3,14,471,2,5,2,0,6,1,7,4,8,10,,,0,16,,1,389,36,,40/63 (63%),32/54 (59%),6/25 (24%),32%,7,36/121 (30%),14/34 (41%),11/12 (92%),,2,11,,9,0,1,,,0,,8
12572264,183,64124,NORMAL,REGULAR,Round 7,LEAGUE,1657,Sochaux,Local,1ST,27/09/2024,7,,,,,,,,,,,,,,,,,,,,,,,,,,,,,,,,,,,,,,,,,,,,,,,,
12572264,183,64124,NORMAL,REGULAR,Round 7,LEAGUE,1657,Sochaux,Local,2ND,27/09/2024,7,,,,,,,,,,,,,,,,,,,,,,,,,,,,,,,,,,,,,,,,,,,,,,,,
12572264,183,64124,NORMAL,REGULAR,Round 7,LEAGUE,6921,US Orléans,Visita,ALL,27/09/2024,7,0,44%,0.66,,6,6,4,12,324,3,1,4,0,1,0,4,1,4,2,,,0,9,,0,251,27,,14/27 (52%),38/53 (71%),2/19 (10%),39%,11,45/139 (32%),28/44 (64%),13/15 (87%),,3,20,,20,7,6,,,1,,11
12572264,183,64124,NORMAL,REGULAR,Round 7,LEAGUE,6921,US Orléans,Visita,1ST,27/09/2024,7,,,,,,,,,,,,,,,,,,,,,,,,,,,,,,,,,,,,,,,,,,,,,,,,
12572264,183,64124,NORMAL,REGULAR,Round 7,LEAGUE,6921,US Orléans,Visita,2ND,27/09/2024,7,,,,,,,,,,,,,,,,,,,,,,,,,,,,,,,,,,,,,,,,,,,,,,,,
12572254,183,64124,NORMAL,REGULAR,Round 8,LEAGUE,1663,Nîmes Olympique,Local,ALL,04/10/2024,8,1,47%,1.01,,12,3,6,16,313,0,1,4,1,3,0,5,4,6,6,,,0,16,,2,233,24,,27/51 (53%),28/55 (50%),3/16 (18%),41%,11,52/130 (40%),17/38 (45%),24/34 (71%),,0,15,,13,1,3,,,2,,5
12572254,183,64124,NORMAL,REGULAR,Round 8,LEAGUE,1663,Nîmes Olympique,Local,1ST,04/10/2024,8,,,,,,,,,,,,,,,,,,,,,,,,,,,,,,,,,,,,,,,,,,,,,,,,
12572254,183,64124,NORMAL,REGULAR,Round 8,LEAGUE,1663,Nîmes Olympique,Local,2ND,04/10/2024,8,,,,,,,,,,,,,,,,,,,,,,,,,,,,,,,,,,,,,,,,,,,,,,,,
12572254,183,64124,NORMAL,REGULAR,Round 8,LEAGUE,1657,Sochaux,Visita,ALL,04/10/2024,8,1,53%,1.74,,7,2,5,15,385,2,5,3,0,4,0,1,2,6,1,,,2,8,,0,301,25,,39/57 (68%),27/52 (51%),2/11 (18%),34%,6,40/136 (29%),19/35 (54%),13/18 (72%),,2,14,,20,3,2,,,1,,8
12572254,183,64124,NORMAL,REGULAR,Round 8,LEAGUE,1657,Sochaux,Visita,1ST,04/10/2024,8,,,,,,,,,,,,,,,,,,,,,,,,,,,,,,,,,,,,,,,,,,,,,,,,
12572254,183,64124,NORMAL,REGULAR,Round 8,LEAGUE,1657,Sochaux,Visita,2ND,04/10/2024,8,,,,,,,,,,,,,,,,,,,,,,,,,,,,,,,,,,,,,,,,,,,,,,,,
12572244,183,64124,NORMAL,REGULAR,Round 9,LEAGUE,1657,Sochaux,Local,ALL,18/10/2024,9,2,47%,1.24,,10,5,8,10,340,3,1,1,0,5,0,1,4,4,6,,,3,7,,3,254,24,,35/50 (70%),32/63 (50%),1/11 (9%),36%,4,26/98 (27%),25/42 (60%),8/9 (89%),,3,12,,12,3,5,,,2,,5
12572244,183,64124,NORMAL,REGULAR,Round 9,LEAGUE,1657,Sochaux,Local,1ST,18/10/2024,9,,,,,,,,,,,,,,,,,,,,,,,,,,,,,,,,,,,,,,,,,,,,,,,,
12572244,183,64124,NORMAL,REGULAR,Round 9,LEAGUE,1657,Sochaux,Local,2ND,18/10/2024,9,,,,,,,,,,,,,,,,,,,,,,,,,,,,,,,,,,,,,,,,,,,,,,,,
12572244,183,64124,NORMAL,REGULAR,Round 9,LEAGUE,5061,Valenciennes,Visita,ALL,18/10/2024,9,0,53%,0.60,,8,3,1,16,376,4,3,2,0,4,0,1,3,5,3,,,2,15,,1,307,43,,40/55 (73%),23/37 (62%),6/20 (30%),31%,5,29/101 (29%),16/44 (36%),12/20 (60%),,4,15,,25,3,3,,,1,,3
12572244,183,64124,NORMAL,REGULAR,Round 9,LEAGUE,5061,Valenciennes,Visita,1ST,18/10/2024,9,,,,,,,,,,,,,,,,,,,,,,,,,,,,,,,,,,,,,,,,,,,,,,,,
12572244,183,64124,NORMAL,REGULAR,Round 9,LEAGUE,5061,Valenciennes,Visita,2ND,18/10/2024,9,,,,,,,,,,,,,,,,,,,,,,,,,,,,,,,,,,,,,,,,,,,,,,,,
12572233,183,64124,NORMAL,REGULAR,Round 10,LEAGUE,4493,FC Rouen,Local,ALL,23/10/2024,10,0,49%,0.49,,9,1,5,11,432,1,2,2,0,1,1,6,1,7,2,,,0,17,,3,370,17,,42/55 (76%),22/39 (56%),5/22 (22%),37%,2,42/110 (38%),12/33 (36%),15/23 (65%),,1,14,,8,2,1,,,0,,5
12572233,183,64124,NORMAL,REGULAR,Round 10,LEAGUE,4493,FC Rouen,Local,1ST,23/10/2024,10,,,,,,,,,,,,,,,,,,,,,,,,,,,,,,,,,,,,,,,,,,,,,,,,
12572233,183,64124,NORMAL,REGULAR,Round 10,LEAGUE,4493,FC Rouen,Local,2ND,23/10/2024,10,,,,,,,,,,,,,,,,,,,,,,,,,,,,,,,,,,,,,,,,,,,,,,,,
12572233,183,64124,NORMAL,REGULAR,Round 10,LEAGUE,1657,Sochaux,Visita,ALL,23/10/2024,10,0,51%,0.48,,7,1,1,17,445,1,1,3,0,1,0,3,3,4,3,,,1,10,,1,371,20,,27/48 (56%),33/56 (58%),3/8 (37%),38%,8,39/120 (33%),22/39 (56%),11/16 (69%),,1,22,,21,2,1,,,1,,8
12572233,183,64124,NORMAL,REGULAR,Round 10,LEAGUE,1657,Sochaux,Visita,1ST,23/10/2024,10,,,,,,,,,,,,,,,,,,,,,,,,,,,,,,,,,,,,,,,,,,,,,,,,
12572233,183,64124,NORMAL,REGULAR,Round 10,LEAGUE,1657,Sochaux,Visita,2ND,23/10/2024,10,,,,,,,,,,,,,,,,,,,,,,,,,,,,,,,,,,,,,,,,,,,,,,,,
12572227,183,64124,NORMAL,REGULAR,Round 11,LEAGUE,1657,Sochaux,Local,ALL,01/11/2024,11,1,50%,2.22,,9,3,4,10,393,2,3,4,1,3,1,5,0,8,1,,,2,16,,0,336,20,,22/35 (63%),23/44 (52%),3/8 (37%),37%,9,39/104 (38%),10/28 (36%),19/21 (90%),,2,14,,16,2,3,,,2,,10
12572227,183,64124,NORMAL,REGULAR,Round 11,LEAGUE,1657,Sochaux,Local,1ST,01/11/2024,11,,,,,,,,,,,,,,,,,,,,,,,,,,,,,,,,,,,,,,,,,,,,,,,,
12572227,183,64124,NORMAL,REGULAR,Round 11,LEAGUE,1657,Sochaux,Local,2ND,01/11/2024,11,,,,,,,,,,,,,,,,,,,,,,,,,,,,,,,,,,,,,,,,,,,,,,,,
12572227,183,64124,NORMAL,REGULAR,Round 11,LEAGUE,6917,US Concarneau,Visita,ALL,01/11/2024,11,0,50%,0.81,,8,2,10,14,367,3,4,2,1,3,1,3,1,5,3,,,1,13,,1,298,27,,26/47 (55%),34/48 (70%),4/23 (17%),34%,2,36/119 (30%),15/28 (54%),14/25 (56%),,3,9,,8,0,2,,,0,,10
12572227,183,64124,NORMAL,REGULAR,Round 11,LEAGUE,6917,US Concarneau,Visita,1ST,01/11/2024,11,,,,,,,,,,,,,,,,,,,,,,,,,,,,,,,,,,,,,,,,,,,,,,,,
12572227,183,64124,NORMAL,REGULAR,Round 11,LEAGUE,6917,US Concarneau,Visita,2ND,01/11/2024,11,,,,,,,,,,,,,,,,,,,,,,,,,,,,,,,,,,,,,,,,,,,,,,,,
12572229,183,64124,NORMAL,REGULAR,Round 12,LEAGUE,39126,FC Versailles 78,Local,ALL,08/11/2024,12,1,48%,1.30,,10,1,5,14,430,0,2,2,0,3,0,4,3,4,6,,,0,13,,4,355,23,,36/52 (69%),23/47 (48%),1/13 (7%),37%,10,45/129 (35%),16/33 (48%),15/23 (65%),,0,9,,20,1,1,,,,,4
12572229,183,64124,NORMAL,REGULAR,Round 12,LEAGUE,39126,FC Versailles 78,Local,1ST,08/11/2024,12,,,,,,,,,,,,,,,,,,,,,,,,,,,,,,,,,,,,,,,,,,,,,,,,
12572229,183,64124,NORMAL,REGULAR,Round 12,LEAGUE,39126,FC Versailles 78,Local,2ND,08/11/2024,12,,,,,,,,,,,,,,,,,,,,,,,,,,,,,,,,,,,,,,,,,,,,,,,,
12572229,183,64124,NORMAL,REGULAR,Round 12,LEAGUE,1657,Sochaux,Visita,ALL,08/11/2024,12,1,52%,0.93,,4,2,4,11,407,1,2,4,0,2,0,1,1,1,3,,,0,13,,1,350,31,,27/36 (75%),29/39 (74%),2/13 (15%),34%,11,41/130 (32%),15/32 (47%),7/21 (33%),,1,19,,22,3,2,,,,,8
12572229,183,64124,NORMAL,REGULAR,Round 12,LEAGUE,1657,Sochaux,Visita,1ST,08/11/2024,12,,,,,,,,,,,,,,,,,,,,,,,,,,,,,,,,,,,,,,,,,,,,,,,,
12572229,183,64124,NORMAL,REGULAR,Round 12,LEAGUE,1657,Sochaux,Visita,2ND,08/11/2024,12,,,,,,,,,,,,,,,,,,,,,,,,,,,,,,,,,,,,,,,,,,,,,,,,
12572209,183,64124,NORMAL,REGULAR,Round 13,LEAGUE,1657,Sochaux,Local,ALL,22/11/2024,13,2,55%,1.73,,12,3,5,12,411,2,4,2,0,3,0,5,4,10,2,,,0,,,5,344,14,,,25/47 (53%),6/12 (50%),33%,5,36/124 (29%),17/34 (50%),16/23 (70%),,2,20,,17,,3,,,,,8
12572209,183,64124,NORMAL,REGULAR,Round 13,LEAGUE,1657,Sochaux,Local,1ST,22/11/2024,13,,,,,,,,,,,,,,,,,,,,,,,,,,,,,,,,,,,,,,,,,,,,,,,,
12572209,183,64124,NORMAL,REGULAR,Round 13,LEAGUE,1657,Sochaux,Local,2ND,22/11/2024,13,,,,,,,,,,,,,,,,,,,,,,,,,,,,,,,,,,,,,,,,,,,,,,,,
12572209,183,64124,NORMAL,REGULAR,Round 13,LEAGUE,32934,FC Villefranche Beaujolais,Visita,ALL,22/11/2024,13,1,45%,0.87,,10,1,3,15,340,1,5,1,0,4,1,4,1,6,4,,,0,,,2,263,23,,,24/36 (66%),4/23 (17%),38%,4,49/122 (40%),10/33 (30%),14/15 (93%),,1,17,,9,,1,,,,,8
12572209,183,64124,NORMAL,REGULAR,Round 13,LEAGUE,32934,FC Villefranche Beaujolais,Visita,1ST,22/11/2024,13,,,,,,,,,,,,,,,,,,,,,,,,,,,,,,,,,,,,,,,,,,,,,,,,
12572209,183,64124,NORMAL,REGULAR,Round 13,LEAGUE,32934,FC Villefranche Beaujolais,Visita,2ND,22/11/2024,13,,,,,,,,,,,,,,,,,,,,,,,,,,,,,,,,,,,,,,,,,,,,,,,,
12572204,183,64124,NORMAL,REGULAR,Round 14,LEAGUE,1657,Sochaux,Local,ALL,06/12/2024,14,2,70%,1.97,,13,0,7,13,587,7,3,2,0,5,1,3,4,9,4,,,0,,,4,501,25,,,29/52 (55%),7/23 (30%),45%,7,49/122 (40%),26/44 (59%),19/25 (76%),,7,10,,10,,0,,,,,7
12572204,183,64124,NORMAL,REGULAR,Round 14,LEAGUE,1657,Sochaux,Local,1ST,06/12/2024,14,,,,,,,,,,,,,,,,,,,,,,,,,,,,,,,,,,,,,,,,,,,,,,,,
12572204,183,64124,NORMAL,REGULAR,Round 14,LEAGUE,1657,Sochaux,Local,2ND,06/12/2024,14,,,,,,,,,,,,,,,,,,,,,,,,,,,,,,,,,,,,,,,,,,,,,,,,
12572204,183,64124,NORMAL,REGULAR,Round 14,LEAGUE,1666,Châteauroux,Visita,ALL,06/12/2024,14,2,30%,0.82,,6,3,4,11,255,3,4,3,0,2,0,2,2,3,3,,,3,,,1,181,27,,,24/45 (53%),1/8 (12%),33%,11,40/125 (32%),18/46 (39%),13/22 (59%),,3,18,,22,,3,,,,,5
12572204,183,64124,NORMAL,REGULAR,Round 14,LEAGUE,1666,Châteauroux,Visita,1ST,06/12/2024,14,,,,,,,,,,,,,,,,,,,,,,,,,,,,,,,,,,,,,,,,,,,,,,,,
12572204,183,64124,NORMAL,REGULAR,Round 14,LEAGUE,1666,Châteauroux,Visita,2ND,06/12/2024,14,,,,,,,,,,,,,,,,,,,,,,,,,,,,,,,,,,,,,,,,,,,,,,,,
12572195,183,64124,NORMAL,REGULAR,Round 15,LEAGUE,1686,Dijon,Local,ALL,13/12/2024,15,0,50%,1.40,,9,0,3,13,420,6,4,2,1,2,0,4,3,6,3,,,0,,,3,358,23,,,27/45 (60%),9/28 (32%),37%,6,43/120 (36%),14/34 (41%),24/32 (75%),,6,15,,10,,0,,,,,5
12572195,183,64124,NORMAL,REGULAR,Round 15,LEAGUE,1686,Dijon,Local,1ST,13/12/2024,15,,,,,,,,,,,,,,,,,,,,,,,,,,,,,,,,,,,,,,,,,,,,,,,,
12572195,183,64124,NORMAL,REGULAR,Round 15,LEAGUE,1686,Dijon,Local,2ND,13/12/2024,15,,,,,,,,,,,,,,,,,,,,,,,,,,,,,,,,,,,,,,,,,,,,,,,,
12572195,183,64124,NORMAL,REGULAR,Round 15,LEAGUE,1657,Sochaux,Visita,ALL,13/12/2024,15,0,50%,0.43,,5,2,1,19,418,1,2,4,1,0,0,1,4,3,2,,,2,,,1,353,16,,,23/41 (56%),6/15 (40%),37%,3,36/107 (34%),16/32 (50%),13/22 (59%),,1,20,,10,,2,,,,,5
12572195,183,64124,NORMAL,REGULAR,Round 15,LEAGUE,1657,Sochaux,Visita,1ST,13/12/2024,15,,,,,,,,,,,,,,,,,,,,,,,,,,,,,,,,,,,,,,,,,,,,,,,,
12572195,183,64124,NORMAL,REGULAR,Round 15,LEAGUE,1657,Sochaux,Visita,2ND,13/12/2024,15,,,,,,,,,,,,,,,,,,,,,,,,,,,,,,,,,,,,,,,,,,,,,,,,
13204701,335,68468,NORMAL,REGULAR,Round of 64,CUP,1657,Sochaux,Local,ALL,22/12/2024,32,0,51%,0.00,2,16,7,5,13,429,15,9,1,0,3,0,8,5,9,7,,2,1,38,1,2,353,21,52,110/146 (75%),35/52 (67%),6/22 (27%),50%,7,33/75 (44%),18/26 (69%),9/15 (60%),60%,15,7,57,20,,7,,2,2,1,7
13204701,335,68468,NORMAL,REGULAR,Round of 64,CUP,1657,Sochaux,Local,1ST,22/12/2024,32,0,43%,0.00,2,5,3,1,,185,6,6,0,0,1,0,3,1,4,1,,2,1,,1,1,145,12,15,,17/28 (61%),4/9 (44%),50%,3,15/37 (41%),8/9 (89%),3/5 (60%),50%,6,2,27,16,,3,,,,,3
13204701,335,68468,NORMAL,REGULAR,Round of 64,CUP,1657,Sochaux,Local,2ND,22/12/2024,32,0,59%,0.00,0,11,4,4,,244,9,3,1,0,2,0,5,4,5,6,,0,0,,0,1,208,9,37,,18/24 (75%),2/13 (15%),51%,4,18/38 (47%),10/17 (59%),6/10 (60%),67%,9,5,30,4,,4,,,,,4
13204701,335,68468,NORMAL,REGULAR,Round of 64,CUP,1680,Clermont Foot,Visita,ALL,22/12/2024,32,0,49%,0.00,2,16,3,4,9,409,13,13,1,1,7,0,6,3,11,5,,2,1,25,1,3,346,15,40,78/105 (74%),22/42 (52%),7/22 (32%),50%,10,42/75 (56%),8/26 (31%),16/21 (76%),62%,13,17,57,36,,3,,0,1,1,11
13204701,335,68468,NORMAL,REGULAR,Round of 64,CUP,1680,Clermont Foot,Visita,1ST,22/12/2024,32,0,57%,0.00,1,6,1,2,,243,5,7,0,0,3,0,1,2,4,2,,1,0,,1,3,214,10,23,,13/21 (62%),2/14 (14%),50%,5,22/37 (59%),1/9 (11%),10/11 (91%),60%,5,10,28,11,,1,,,,,5
13204701,335,68468,NORMAL,REGULAR,Round of 64,CUP,1680,Clermont Foot,Visita,2ND,22/12/2024,32,0,41%,0.00,1,10,2,2,,166,8,6,1,1,4,0,5,1,7,3,,1,1,,0,0,132,5,17,,9/21 (43%),5/8 (63%),49%,5,20/38 (53%),7/17 (41%),6/10 (60%),63%,8,7,29,25,,2,,,,,6
12572180,183,64124,NORMAL,REGULAR,Round 16,LEAGUE,1657,Sochaux,Local,ALL,10/01/2025,16,1,68%,1.62,,19,3,12,11,584,8,2,1,0,4,1,9,5,12,7,,,3,,,3,503,22,,,22/43 (51%),5/20 (25%),38%,2,48/132 (36%),17/37 (46%),17/30 (57%),,8,14,,9,,3,,,,,10
12572180,183,64124,NORMAL,REGULAR,Round 16,LEAGUE,1657,Sochaux,Local,1ST,10/01/2025,16,,,,,,,,,,,,,,,,,,,,,,,,,,,,,,,,,,,,,,,,,,,,,,,,
12572180,183,64124,NORMAL,REGULAR,Round 16,LEAGUE,1657,Sochaux,Local,2ND,10/01/2025,16,,,,,,,,,,,,,,,,,,,,,,,,,,,,,,,,,,,,,,,,,,,,,,,,
12572180,183,64124,NORMAL,REGULAR,Round 16,LEAGUE,1711,US Boulogne Côte-d'Opale,Visita,ALL,10/01/2025,16,1,32%,1.52,,14,4,5,10,246,2,0,1,0,4,1,7,2,9,5,,,0,,,0,183,17,,,18/41 (43%),3/9 (33%),30%,4,35/132 (27%),16/35 (46%),9/19 (47%),,2,11,,30,,4,,,,,10
12572180,183,64124,NORMAL,REGULAR,Round 16,LEAGUE,1711,US Boulogne Côte-d'Opale,Visita,1ST,10/01/2025,16,,,,,,,,,,,,,,,,,,,,,,,,,,,,,,,,,,,,,,,,,,,,,,,,
12572180,183,64124,NORMAL,REGULAR,Round 16,LEAGUE,1711,US Boulogne Côte-d'Opale,Visita,2ND,10/01/2025,16,,,,,,,,,,,,,,,,,,,,,,,,,,,,,,,,,,,,,,,,,,,,,,,,
13262280,335,68468,NORMAL,REGULAR,Round of 32,CUP,1654,Guingamp,Local,ALL,14/01/2025,6,2,76%,0.00,4,28,4,10,9,661,21,11,1,1,11,0,5,12,14,14,1,3,0,48,3,2,585,28,96,204/256 (80%),47/55 (85%),10/45 (22%),52%,17,37/76 (49%),20/33 (61%),5/13 (38%),57%,21,6,62,11,1,4,,,1,0,2
13262280,335,68468,NORMAL,REGULAR,Round of 32,CUP,1654,Guingamp,Local,1ST,14/01/2025,6,1,76%,0.00,2,16,1,6,,338,9,6,0,0,7,0,1,8,8,8,1,1,0,,2,2,300,12,46,,23/25 (92%),3/20 (15%),53%,10,18/37 (49%),10/16 (63%),3/7 (43%),33%,9,4,30,6,,1,,,,,1
13262280,335,68468,NORMAL,REGULAR,Round of 32,CUP,1654,Guingamp,Local,2ND,14/01/2025,6,1,75%,0.00,2,12,3,4,,323,12,5,1,1,4,0,4,4,6,6,0,2,0,,1,0,285,16,50,,24/30 (80%),7/25 (28%),52%,7,19/39 (49%),10/17 (59%),2/6 (33%),75%,12,2,32,5,,3,,,,,1
13262280,335,68468,NORMAL,REGULAR,Round of 32,CUP,1657,Sochaux,Visita,ALL,14/01/2025,6,2,24%,0.00,1,10,8,3,11,219,25,9,1,0,6,0,1,3,6,4,0,1,1,12,1,0,153,7,42,41/69 (59%),22/50 (44%),0/9 (0%),48%,13,39/76 (51%),13/33 (39%),5/13 (38%),68%,25,16,55,52,0,8,,,0,1,9
13262280,335,68468,NORMAL,REGULAR,Round of 32,CUP,1657,Sochaux,Visita,1ST,14/01/2025,6,2,24%,0.00,0,3,6,1,,108,14,3,1,0,3,0,0,0,2,1,0,0,1,,0,0,71,3,17,,11/26 (42%),0/3 (0%),47%,3,19/37 (51%),6/16 (38%),2/8 (25%),71%,14,7,29,30,,6,,,,,4
13262280,335,68468,NORMAL,REGULAR,Round of 32,CUP,1657,Sochaux,Visita,2ND,14/01/2025,6,0,25%,0.00,1,7,2,2,,111,11,6,0,0,3,0,1,3,4,3,0,1,0,,1,0,82,4,25,,11/24 (46%),0/6 (0%),48%,10,20/39 (51%),7/17 (41%),3/5 (60%),64%,11,9,26,22,,2,,,,,5
12572181,183,64124,NORMAL,REGULAR,Round 17,LEAGUE,35056,Bourg-en-Bresse,Local,ALL,18/01/2025,17,1,43%,1.46,,9,6,2,10,334,4,2,1,0,5,0,3,1,6,3,,,1,,,3,262,21,,,30/54 (55%),5/14 (35%),39%,6,38/95 (40%),16/42 (38%),10/13 (77%),,4,16,,19,,6,,,,,11
12572181,183,64124,NORMAL,REGULAR,Round 17,LEAGUE,35056,Bourg-en-Bresse,Local,1ST,18/01/2025,17,,,,,,,,,,,,,,,,,,,,,,,,,,,,,,,,,,,,,,,,,,,,,,,,
12572181,183,64124,NORMAL,REGULAR,Round 17,LEAGUE,35056,Bourg-en-Bresse,Local,2ND,18/01/2025,17,,,,,,,,,,,,,,,,,,,,,,,,,,,,,,,,,,,,,,,,,,,,,,,,
12572181,183,64124,NORMAL,REGULAR,Round 17,LEAGUE,1657,Sochaux,Visita,ALL,18/01/2025,17,1,57%,1.93,,16,4,8,16,471,1,3,3,0,7,1,6,2,7,9,,,0,,,3,384,22,,,30/52 (57%),9/26 (34%),34%,8,31/106 (29%),20/40 (50%),11/18 (61%),,1,12,,8,,4,,,,,4
12572181,183,64124,NORMAL,REGULAR,Round 17,LEAGUE,1657,Sochaux,Visita,1ST,18/01/2025,17,,,,,,,,,,,,,,,,,,,,,,,,,,,,,,,,,,,,,,,,,,,,,,,,
12572181,183,64124,NORMAL,REGULAR,Round 17,LEAGUE,1657,Sochaux,Visita,2ND,18/01/2025,17,,,,,,,,,,,,,,,,,,,,,,,,,,,,,,,,,,,,,,,,,,,,,,,,
12572155,183,64124,NORMAL,REGULAR,Round 19,LEAGUE,1672,Le Mans,Local,ALL,31/01/2025,19,1,55%,1.44,,17,7,7,14,405,3,2,1,0,3,0,6,8,8,9,,,2,,,2,314,25,,,23/46 (50%),7/23 (30%),41%,4,38/109 (35%),27/49 (55%),16/20 (80%),,3,15,,18,,7,,,,,5
12572155,183,64124,NORMAL,REGULAR,Round 19,LEAGUE,1672,Le Mans,Local,1ST,31/01/2025,19,,,,,,,,,,,,,,,,,,,,,,,,,,,,,,,,,,,,,,,,,,,,,,,,
12572155,183,64124,NORMAL,REGULAR,Round 19,LEAGUE,1672,Le Mans,Local,2ND,31/01/2025,19,,,,,,,,,,,,,,,,,,,,,,,,,,,,,,,,,,,,,,,,,,,,,,,,
12572155,183,64124,NORMAL,REGULAR,Round 19,LEAGUE,1657,Sochaux,Visita,ALL,31/01/2025,19,1,45%,1.98,,13,2,6,11,317,1,4,2,1,8,0,4,1,9,4,,,2,,,2,247,19,,,29/55 (52%),4/10 (40%),39%,6,41/113 (36%),22/47 (47%),14/22 (64%),,1,17,,18,,2,,,,,10
12572155,183,64124,NORMAL,REGULAR,Round 19,LEAGUE,1657,Sochaux,Visita,1ST,31/01/2025,19,,,,,,,,,,,,,,,,,,,,,,,,,,,,,,,,,,,,,,,,,,,,,,,,
12572155,183,64124,NORMAL,REGULAR,Round 19,LEAGUE,1657,Sochaux,Visita,2ND,31/01/2025,19,,,,,,,,,,,,,,,,,,,,,,,,,,,,,,,,,,,,,,,,,,,,,,,,
12572139,183,64124,NORMAL,REGULAR,Round 20,LEAGUE,1657,Sochaux,Local,ALL,07/02/2025,20,0,49%,0.99,,13,4,6,15,381,1,3,1,0,5,0,4,4,6,7,,,0,,,3,308,20,,,20/34 (58%),4/17 (23%),40%,12,57/144 (40%),25/58 (43%),21/28 (75%),,1,18,,16,,4,,,,,5
12572139,183,64124,NORMAL,REGULAR,Round 20,LEAGUE,1657,Sochaux,Local,1ST,07/02/2025,20,,,,,,,,,,,,,,,,,,,,,,,,,,,,,,,,,,,,,,,,,,,,,,,,
12572139,183,64124,NORMAL,REGULAR,Round 20,LEAGUE,1657,Sochaux,Local,2ND,07/02/2025,20,,,,,,,,,,,,,,,,,,,,,,,,,,,,,,,,,,,,,,,,,,,,,,,,
12572139,183,64124,NORMAL,REGULAR,Round 20,LEAGUE,327159,Paris 13 Atletico,Visita,ALL,07/02/2025,20,0,51%,0.76,,10,5,4,12,435,3,4,0,0,4,1,2,3,5,5,,,0,,,2,365,16,,,27/50 (54%),6/17 (35%),41%,2,47/120 (39%),28/59 (47%),9/14 (64%),,3,17,,34,,5,,,,,11
12572139,183,64124,NORMAL,REGULAR,Round 20,LEAGUE,327159,Paris 13 Atletico,Visita,1ST,07/02/2025,20,,,,,,,,,,,,,,,,,,,,,,,,,,,,,,,,,,,,,,,,,,,,,,,,
12572139,183,64124,NORMAL,REGULAR,Round 20,LEAGUE,327159,Paris 13 Atletico,Visita,2ND,07/02/2025,20,,,,,,,,,,,,,,,,,,,,,,,,,,,,,,,,,,,,,,,,,,,,,,,,
12570317,183,64124,NORMAL,REGULAR,Round 21,LEAGUE,1675,Nancy,Local,ALL,14/02/2025,21,1,55%,1.10,,14,0,10,12,354,3,4,2,0,4,0,6,4,9,5,,,3,,,3,286,20,,,22/36 (61%),12/36 (33%),43%,6,64/141 (45%),16/43 (37%),33/39 (85%),,3,15,,13,,0,,,,,3
12570317,183,64124,NORMAL,REGULAR,Round 21,LEAGUE,1675,Nancy,Local,1ST,14/02/2025,21,,,,,,,,,,,,,,,,,,,,,,,,,,,,,,,,,,,,,,,,,,,,,,,,
12570317,183,64124,NORMAL,REGULAR,Round 21,LEAGUE,1675,Nancy,Local,2ND,14/02/2025,21,,,,,,,,,,,,,,,,,,,,,,,,,,,,,,,,,,,,,,,,,,,,,,,,
12570317,183,64124,NORMAL,REGULAR,Round 21,LEAGUE,1657,Sochaux,Visita,ALL,14/02/2025,21,0,45%,0.23,,4,3,2,16,310,5,0,3,0,0,0,3,1,1,3,,,0,,,0,247,22,,,23/49 (46%),2/6 (33%),30%,4,32/137 (23%),24/45 (53%),9/14 (64%),,5,13,,24,,3,,,,,11
12570317,183,64124,NORMAL,REGULAR,Round 21,LEAGUE,1657,Sochaux,Visita,1ST,14/02/2025,21,,,,,,,,,,,,,,,,,,,,,,,,,,,,,,,,,,,,,,,,,,,,,,,,
12570317,183,64124,NORMAL,REGULAR,Round 21,LEAGUE,1657,Sochaux,Visita,2ND,14/02/2025,21,,,,,,,,,,,,,,,,,,,,,,,,,,,,,,,,,,,,,,,,,,,,,,,,
12570332,183,64124,NORMAL,REGULAR,Round 22,LEAGUE,1657,Sochaux,Local,ALL,21/02/2025,22,0,58%,0.49,,13,3,8,4,485,6,4,2,1,1,0,7,5,4,9,,,1,,,2,417,21,,,27/40 (67%),3/17 (17%),40%,5,49/128 (38%),14/26 (54%),27/32 (84%),,6,14,,9,,3,,,,,6
12570332,183,64124,NORMAL,REGULAR,Round 22,LEAGUE,1657,Sochaux,Local,1ST,21/02/2025,22,,,,,,,,,,,,,,,,,,,,,,,,,,,,,,,,,,,,,,,,,,,,,,,,
12570332,183,64124,NORMAL,REGULAR,Round 22,LEAGUE,1657,Sochaux,Local,2ND,21/02/2025,22,,,,,,,,,,,,,,,,,,,,,,,,,,,,,,,,,,,,,,,,,,,,,,,,
12570332,183,64124,NORMAL,REGULAR,Round 22,LEAGUE,59792,Aubagne FC,Visita,ALL,21/02/2025,22,1,42%,0.58,,9,1,7,15,339,1,3,2,0,4,0,1,4,3,6,,,2,,,2,277,17,,,22/37 (59%),0/9 (0%),32%,1,39/131 (30%),12/28 (43%),21/33 (64%),,1,18,,25,,1,,,,,13
12570332,183,64124,NORMAL,REGULAR,Round 22,LEAGUE,59792,Aubagne FC,Visita,1ST,21/02/2025,22,,,,,,,,,,,,,,,,,,,,,,,,,,,,,,,,,,,,,,,,,,,,,,,,
12570332,183,64124,NORMAL,REGULAR,Round 22,LEAGUE,59792,Aubagne FC,Visita,2ND,21/02/2025,22,,,,,,,,,,,,,,,,,,,,,,,,,,,,,,,,,,,,,,,,,,,,,,,,
12572131,183,64124,NORMAL,REGULAR,Round 23,LEAGUE,6921,US Orléans,Local,ALL,28/02/2025,23,4,40%,2.26,,11,5,2,19,344,2,2,1,0,7,0,2,2,9,2,,,0,,,4,254,15,,,33/49 (67%),4/16 (25%),28%,6,36/129 (28%),13/45 (29%),8/12 (67%),,2,24,,20,,5,,,,,9
12572131,183,64124,NORMAL,REGULAR,Round 23,LEAGUE,6921,US Orléans,Local,1ST,28/02/2025,23,,,,,,,,,,,,,,,,,,,,,,,,,,,,,,,,,,,,,,,,,,,,,,,,
12572131,183,64124,NORMAL,REGULAR,Round 23,LEAGUE,6921,US Orléans,Local,2ND,28/02/2025,23,,,,,,,,,,,,,,,,,,,,,,,,,,,,,,,,,,,,,,,,,,,,,,,,
12572131,183,64124,NORMAL,REGULAR,Round 23,LEAGUE,1657,Sochaux,Visita,ALL,28/02/2025,23,2,60%,1.80,,18,3,8,11,506,1,4,3,0,7,0,4,7,11,7,,,3,,,0,417,30,,,34/46 (73%),5/17 (29%),41%,14,48/129 (37%),24/45 (53%),24/33 (73%),,1,24,,5,,3,,,,,4
12572131,183,64124,NORMAL,REGULAR,Round 23,LEAGUE,1657,Sochaux,Visita,1ST,28/02/2025,23,,,,,,,,,,,,,,,,,,,,,,,,,,,,,,,,,,,,,,,,,,,,,,,,
12572131,183,64124,NORMAL,REGULAR,Round 23,LEAGUE,1657,Sochaux,Visita,2ND,28/02/2025,23,,,,,,,,,,,,,,,,,,,,,,,,,,,,,,,,,,,,,,,,,,,,,,,,
12572115,183,64124,NORMAL,REGULAR,Round 24,LEAGUE,1657,Sochaux,Local,ALL,07/03/2025,24,1,57%,1.61,,19,5,9,15,477,4,3,2,0,4,0,7,8,15,4,,,4,,,1,394,30,,,28/52 (53%),10/25 (40%),35%,5,48/138 (35%),17/45 (38%),23/33 (70%),,4,9,,9,,5,,,,,2
12572115,183,64124,NORMAL,REGULAR,Round 24,LEAGUE,1657,Sochaux,Local,1ST,07/03/2025,24,,,,,,,,,,,,,,,,,,,,,,,,,,,,,,,,,,,,,,,,,,,,,,,,
12572115,183,64124,NORMAL,REGULAR,Round 24,LEAGUE,1657,Sochaux,Local,2ND,07/03/2025,24,,,,,,,,,,,,,,,,,,,,,,,,,,,,,,,,,,,,,,,,,,,,,,,,
12572115,183,64124,NORMAL,REGULAR,Round 24,LEAGUE,1663,Nîmes Olympique,Visita,ALL,07/03/2025,24,1,43%,1.65,,8,3,5,20,315,4,0,4,0,6,1,1,0,6,2,,,1,,,0,252,23,,,39/60 (65%),3/5 (60%),34%,3,37/137 (27%),26/46 (57%),8/13 (62%),,4,17,,29,,3,,,,,9
12572115,183,64124,NORMAL,REGULAR,Round 24,LEAGUE,1663,Nîmes Olympique,Visita,1ST,07/03/2025,24,,,,,,,,,,,,,,,,,,,,,,,,,,,,,,,,,,,,,,,,,,,,,,,,
12572115,183,64124,NORMAL,REGULAR,Round 24,LEAGUE,1663,Nîmes Olympique,Visita,2ND,07/03/2025,24,,,,,,,,,,,,,,,,,,,,,,,,,,,,,,,,,,,,,,,,,,,,,,,,
12570287,183,64124,NORMAL,REGULAR,Round 25,LEAGUE,5061,Valenciennes,Local,ALL,14/03/2025,25,1,45%,0.93,,7,2,5,20,409,5,0,4,0,3,0,3,1,4,3,,,0,,,2,331,21,,,21/46 (45%),6/13 (46%),33%,14,51/152 (34%),9/27 (33%),17/29 (59%),,5,20,,11,,2,,,,,7
12570287,183,64124,NORMAL,REGULAR,Round 25,LEAGUE,5061,Valenciennes,Local,1ST,14/03/2025,25,,,,,,,,,,,,,,,,,,,,,,,,,,,,,,,,,,,,,,,,,,,,,,,,
12570287,183,64124,NORMAL,REGULAR,Round 25,LEAGUE,5061,Valenciennes,Local,2ND,14/03/2025,25,,,,,,,,,,,,,,,,,,,,,,,,,,,,,,,,,,,,,,,,,,,,,,,,
12570287,183,64124,NORMAL,REGULAR,Round 25,LEAGUE,1657,Sochaux,Visita,ALL,14/03/2025,25,0,55%,0.10,,7,2,2,9,497,2,4,2,0,2,0,4,1,1,6,,,1,,,1,413,28,,,26/48 (54%),1/6 (16%),37%,11,56/151 (37%),11/26 (42%),11/17 (65%),,2,21,,16,,2,,,,,5
12570287,183,64124,NORMAL,REGULAR,Round 25,LEAGUE,1657,Sochaux,Visita,1ST,14/03/2025,25,,,,,,,,,,,,,,,,,,,,,,,,,,,,,,,,,,,,,,,,,,,,,,,,
12570287,183,64124,NORMAL,REGULAR,Round 25,LEAGUE,1657,Sochaux,Visita,2ND,14/03/2025,25,,,,,,,,,,,,,,,,,,,,,,,,,,,,,,,,,,,,,,,,,,,,,,,,
12570294,183,64124,NORMAL,REGULAR,Round 26,LEAGUE,1657,Sochaux,Local,ALL,21/03/2025,26,2,59%,2.20,,17,2,6,14,456,6,3,1,0,3,1,6,7,10,7,,,0,,,0,394,20,,,30/44 (68%),4/7 (57%),40%,8,51/149 (34%),31/53 (58%),29/42 (69%),,6,12,,17,,2,,,,,9
12570294,183,64124,NORMAL,REGULAR,Round 26,LEAGUE,1657,Sochaux,Local,1ST,21/03/2025,26,,,,,,,,,,,,,,,,,,,,,,,,,,,,,,,,,,,,,,,,,,,,,,,,
12570294,183,64124,NORMAL,REGULAR,Round 26,LEAGUE,1657,Sochaux,Local,2ND,21/03/2025,26,,,,,,,,,,,,,,,,,,,,,,,,,,,,,,,,,,,,,,,,,,,,,,,,
12570294,183,64124,NORMAL,REGULAR,Round 26,LEAGUE,4493,FC Rouen,Visita,ALL,21/03/2025,26,1,41%,0.32,,6,1,3,20,345,3,2,1,0,3,0,3,0,3,3,,,0,,,1,274,19,,,30/45 (66%),5/9 (55%),27%,10,35/138 (25%),17/49 (35%),11/14 (79%),,3,18,,17,,1,,,,,12
12570294,183,64124,NORMAL,REGULAR,Round 26,LEAGUE,4493,FC Rouen,Visita,1ST,21/03/2025,26,,,,,,,,,,,,,,,,,,,,,,,,,,,,,,,,,,,,,,,,,,,,,,,,
12570294,183,64124,NORMAL,REGULAR,Round 26,LEAGUE,4493,FC Rouen,Visita,2ND,21/03/2025,26,,,,,,,,,,,,,,,,,,,,,,,,,,,,,,,,,,,,,,,,,,,,,,,,
12570305,183,64124,NORMAL,REGULAR,Round 27,LEAGUE,6917,US Concarneau,Local,ALL,28/03/2025,27,1,55%,1.22,,11,3,2,17,456,7,0,1,0,3,1,5,2,7,4,,,2,,,6,366,23,,,30/52 (57%),6/24 (25%),38%,4,41/118 (35%),16/31 (52%),9/13 (69%),,7,18,,18,,3,,,,,7
12570305,183,64124,NORMAL,REGULAR,Round 27,LEAGUE,6917,US Concarneau,Local,1ST,28/03/2025,27,,,,,,,,,,,,,,,,,,,,,,,,,,,,,,,,,,,,,,,,,,,,,,,,
12570305,183,64124,NORMAL,REGULAR,Round 27,LEAGUE,6917,US Concarneau,Local,2ND,28/03/2025,27,,,,,,,,,,,,,,,,,,,,,,,,,,,,,,,,,,,,,,,,,,,,,,,,
12570305,183,64124,NORMAL,REGULAR,Round 27,LEAGUE,1657,Sochaux,Visita,ALL,28/03/2025,27,1,45%,0.87,,7,2,6,9,368,2,3,0,0,4,0,3,0,3,4,,,3,,,2,283,29,,,18/38 (47%),2/8 (25%),30%,8,24/96 (25%),14/28 (50%),8/14 (57%),,2,20,,19,,2,,,,,9
12570305,183,64124,NORMAL,REGULAR,Round 27,LEAGUE,1657,Sochaux,Visita,1ST,28/03/2025,27,,,,,,,,,,,,,,,,,,,,,,,,,,,,,,,,,,,,,,,,,,,,,,,,
12570305,183,64124,NORMAL,REGULAR,Round 27,LEAGUE,1657,Sochaux,Visita,2ND,28/03/2025,27,,,,,,,,,,,,,,,,,,,,,,,,,,,,,,,,,,,,,,,,,,,,,,,,
12570312,183,64124,NORMAL,REGULAR,Round 28,LEAGUE,1657,Sochaux,Local,ALL,04/04/2025,28,0,52%,0.70,,6,3,5,13,352,7,5,1,0,1,1,1,3,4,2,,,1,,,3,281,25,,,26/48 (54%),3/10 (30%),42%,3,64/156 (41%),15/31 (48%),34/47 (72%),,7,19,,16,,3,,,,,10
12570312,183,64124,NORMAL,REGULAR,Round 28,LEAGUE,1657,Sochaux,Local,1ST,04/04/2025,28,,,,,,,,,,,,,,,,,,,,,,,,,,,,,,,,,,,,,,,,,,,,,,,,
12570312,183,64124,NORMAL,REGULAR,Round 28,LEAGUE,1657,Sochaux,Local,2ND,04/04/2025,28,,,,,,,,,,,,,,,,,,,,,,,,,,,,,,,,,,,,,,,,,,,,,,,,
12570312,183,64124,NORMAL,REGULAR,Round 28,LEAGUE,39126,FC Versailles 78,Visita,ALL,04/04/2025,28,0,48%,0.90,,13,1,5,25,359,4,0,3,0,3,0,6,4,6,7,,,2,,,1,295,16,,,22/41 (53%),4/17 (23%),36%,5,47/137 (34%),11/24 (46%),22/32 (69%),,4,21,,14,,1,,,,,9
12570312,183,64124,NORMAL,REGULAR,Round 28,LEAGUE,39126,FC Versailles 78,Visita,1ST,04/04/2025,28,,,,,,,,,,,,,,,,,,,,,,,,,,,,,,,,,,,,,,,,,,,,,,,,
12570312,183,64124,NORMAL,REGULAR,Round 28,LEAGUE,39126,FC Versailles 78,Visita,2ND,04/04/2025,28,,,,,,,,,,,,,,,,,,,,,,,,,,,,,,,,,,,,,,,,,,,,,,,,
12570319,183,64124,NORMAL,REGULAR,Round 29,LEAGUE,32934,FC Villefranche Beaujolais,Local,ALL,11/04/2025,29,0,57%,0.57,,8,2,4,12,421,3,4,1,0,3,0,5,0,4,4,,,6,,,0,346,23,,,30/52 (57%),1/13 (7%),50%,5,77/139 (55%),17/47 (36%),14/25 (56%),,3,13,,11,,2,,,,,8
12570319,183,64124,NORMAL,REGULAR,Round 29,LEAGUE,32934,FC Villefranche Beaujolais,Local,1ST,11/04/2025,29,,,,,,,,,,,,,,,,,,,,,,,,,,,,,,,,,,,,,,,,,,,,,,,,
12570319,183,64124,NORMAL,REGULAR,Round 29,LEAGUE,32934,FC Villefranche Beaujolais,Local,2ND,11/04/2025,29,,,,,,,,,,,,,,,,,,,,,,,,,,,,,,,,,,,,,,,,,,,,,,,,
12570319,183,64124,NORMAL,REGULAR,Round 29,LEAGUE,1657,Sochaux,Visita,ALL,11/04/2025,29,1,43%,2.20,,12,3,8,19,341,0,4,2,0,3,0,5,4,7,5,,,4,,,1,270,17,,,28/53 (52%),2/7 (28%),46%,7,61/137 (45%),24/47 (51%),7/11 (64%),,0,13,,10,,3,,,,,13
12570319,183,64124,NORMAL,REGULAR,Round 29,LEAGUE,1657,Sochaux,Visita,1ST,11/04/2025,29,,,,,,,,,,,,,,,,,,,,,,,,,,,,,,,,,,,,,,,,,,,,,,,,
12570319,183,64124,NORMAL,REGULAR,Round 29,LEAGUE,1657,Sochaux,Visita,2ND,11/04/2025,29,,,,,,,,,,,,,,,,,,,,,,,,,,,,,,,,,,,,,,,,,,,,,,,,
12570252,183,64124,NORMAL,REGULAR,Round 30,LEAGUE,1666,Châteauroux,Local,ALL,18/04/2025,30,1,45%,0.86,,8,2,5,16,339,5,3,0,0,3,0,4,1,5,3,,,1,,,1,284,22,,,18/33 (54%),1/9 (11%),35%,10,49/146 (34%),14/33 (42%),12/18 (67%),,5,14,,10,,2,,,,,8
12570252,183,64124,NORMAL,REGULAR,Round 30,LEAGUE,1666,Châteauroux,Local,1ST,18/04/2025,30,,,,,,,,,,,,,,,,,,,,,,,,,,,,,,,,,,,,,,,,,,,,,,,,
12570252,183,64124,NORMAL,REGULAR,Round 30,LEAGUE,1666,Châteauroux,Local,2ND,18/04/2025,30,,,,,,,,,,,,,,,,,,,,,,,,,,,,,,,,,,,,,,,,,,,,,,,,
12570252,183,64124,NORMAL,REGULAR,Round 30,LEAGUE,1657,Sochaux,Visita,ALL,18/04/2025,30,0,55%,0.47,,8,2,1,18,419,0,4,1,0,2,0,5,1,3,5,,,0,,,3,353,24,,,35/59 (59%),0/11 (0%),38%,7,52/146 (36%),16/30 (53%),11/13 (85%),,0,8,,12,,2,,,,,10
12570252,183,64124,NORMAL,REGULAR,Round 30,LEAGUE,1657,Sochaux,Visita,1ST,18/04/2025,30,,,,,,,,,,,,,,,,,,,,,,,,,,,,,,,,,,,,,,,,,,,,,,,,
12570252,183,64124,NORMAL,REGULAR,Round 30,LEAGUE,1657,Sochaux,Visita,2ND,18/04/2025,30,,,,,,,,,,,,,,,,,,,,,,,,,,,,,,,,,,,,,,,,,,,,,,,,
12570271,183,64124,NORMAL,REGULAR,Round 31,LEAGUE,1657,Sochaux,Local,ALL,25/04/2025,31,1,44%,0.61,,7,3,3,9,291,6,6,4,1,1,0,3,3,4,3,,,1,,,5,226,23,,,21/34 (61%),2/7 (28%),42%,5,53/133 (40%),22/44 (50%),19/24 (79%),,6,11,,17,,3,,,,,8
12570271,183,64124,NORMAL,REGULAR,Round 31,LEAGUE,1657,Sochaux,Local,1ST,25/04/2025,31,,,,,,,,,,,,,,,,,,,,,,,,,,,,,,,,,,,,,,,,,,,,,,,,
12570271,183,64124,NORMAL,REGULAR,Round 31,LEAGUE,1657,Sochaux,Local,2ND,25/04/2025,31,,,,,,,,,,,,,,,,,,,,,,,,,,,,,,,,,,,,,,,,,,,,,,,,
12570271,183,64124,NORMAL,REGULAR,Round 31,LEAGUE,1686,Dijon,Visita,ALL,25/04/2025,31,2,56%,1.18,,11,0,5,19,450,3,3,4,0,5,0,5,1,4,7,,,6,,,6,384,20,,,33/49 (67%),3/14 (21%),30%,5,38/135 (28%),16/42 (38%),13/20 (65%),,3,19,,18,,0,,,,,7
12570271,183,64124,NORMAL,REGULAR,Round 31,LEAGUE,1686,Dijon,Visita,1ST,25/04/2025,31,,,,,,,,,,,,,,,,,,,,,,,,,,,,,,,,,,,,,,,,,,,,,,,,
12570271,183,64124,NORMAL,REGULAR,Round 31,LEAGUE,1686,Dijon,Visita,2ND,25/04/2025,31,,,,,,,,,,,,,,,,,,,,,,,,,,,,,,,,,,,,,,,,,,,,,,,,
12570276,183,64124,NORMAL,REGULAR,Round 32,LEAGUE,1711,US Boulogne Côte-d'Opale,Local,ALL,02/05/2025,32,2,58%,1.14,,10,4,5,11,420,1,5,2,0,5,0,2,3,5,5,,,2,,,10,336,24,,,26/44 (59%),6/23 (26%),39%,9,37/111 (33%),23/40 (57%),13/24 (54%),,1,8,,13,,4,,,,,3
12570276,183,64124,NORMAL,REGULAR,Round 32,LEAGUE,1711,US Boulogne Côte-d'Opale,Local,1ST,02/05/2025,32,,,,,,,,,,,,,,,,,,,,,,,,,,,,,,,,,,,,,,,,,,,,,,,,
12570276,183,64124,NORMAL,REGULAR,Round 32,LEAGUE,1711,US Boulogne Côte-d'Opale,Local,2ND,02/05/2025,32,,,,,,,,,,,,,,,,,,,,,,,,,,,,,,,,,,,,,,,,,,,,,,,,
12570276,183,64124,NORMAL,REGULAR,Round 32,LEAGUE,1657,Sochaux,Visita,ALL,02/05/2025,32,3,42%,1.73,,9,3,4,10,279,1,1,5,0,7,0,1,1,8,1,,,1,,,4,214,18,,,19/46 (41%),2/6 (33%),39%,9,38/102 (37%),18/39 (46%),12/16 (75%),,1,11,,27,,3,,,,,11
12570276,183,64124,NORMAL,REGULAR,Round 32,LEAGUE,1657,Sochaux,Visita,1ST,02/05/2025,32,,,,,,,,,,,,,,,,,,,,,,,,,,,,,,,,,,,,,,,,,,,,,,,,
12570276,183,64124,NORMAL,REGULAR,Round 32,LEAGUE,1657,Sochaux,Visita,2ND,02/05/2025,32,,,,,,,,,,,,,,,,,,,,,,,,,,,,,,,,,,,,,,,,,,,,,,,,
12570257,183,64124,NORMAL,REGULAR,Round 33,LEAGUE,1657,Sochaux,Local,ALL,09/05/2025,33,0,59%,1.07,,9,4,7,11,665,2,0,3,0,2,0,5,2,6,3,,,1,,,4,587,28,,,16/30 (53%),4/18 (22%),37%,9,38/112 (34%),15/30 (50%),21/30 (70%),,2,21,,4,,4,,,,,5
12570257,183,64124,NORMAL,REGULAR,Round 33,LEAGUE,1657,Sochaux,Local,1ST,09/05/2025,33,,,,,,,,,,,,,,,,,,,,,,,,,,,,,,,,,,,,,,,,,,,,,,,,
12570257,183,64124,NORMAL,REGULAR,Round 33,LEAGUE,1657,Sochaux,Local,2ND,09/05/2025,33,,,,,,,,,,,,,,,,,,,,,,,,,,,,,,,,,,,,,,,,,,,,,,,,
12570257,183,64124,NORMAL,REGULAR,Round 33,LEAGUE,35056,Bourg-en-Bresse,Visita,ALL,09/05/2025,33,1,41%,1.30,,12,2,3,8,398,2,1,1,0,5,0,6,1,8,4,,,5,,,4,341,13,,,40/55 (72%),4/12 (33%),37%,2,35/98 (36%),14/34 (41%),17/22 (77%),,2,19,,19,,2,,,,,6
12570257,183,64124,NORMAL,REGULAR,Round 33,LEAGUE,35056,Bourg-en-Bresse,Visita,1ST,09/05/2025,33,,,,,,,,,,,,,,,,,,,,,,,,,,,,,,,,,,,,,,,,,,,,,,,,
12570257,183,64124,NORMAL,REGULAR,Round 33,LEAGUE,35056,Bourg-en-Bresse,Visita,2ND,09/05/2025,33,,,,,,,,,,,,,,,,,,,,,,,,,,,,,,,,,,,,,,,,,,,,,,,,
12570256,183,64124,NORMAL,REGULAR,Round 34,LEAGUE,210099,Quevilly - Rouen Métropole,Local,ALL,16/05/2025,34,1,39%,1.72,,12,2,4,10,372,2,2,2,0,6,0,4,2,6,6,,,1,,,2,306,13,,,20/41 (48%),5/10 (50%),37%,2,53/140 (38%),6/18 (33%),14/17 (82%),,2,20,,12,,2,,,,,4
12570256,183,64124,NORMAL,REGULAR,Round 34,LEAGUE,210099,Quevilly - Rouen Métropole,Local,1ST,16/05/2025,34,,,,,,,,,,,,,,,,,,,,,,,,,,,,,,,,,,,,,,,,,,,,,,,,
12570256,183,64124,NORMAL,REGULAR,Round 34,LEAGUE,210099,Quevilly - Rouen Métropole,Local,2ND,16/05/2025,34,,,,,,,,,,,,,,,,,,,,,,,,,,,,,,,,,,,,,,,,,,,,,,,,
12570256,183,64124,NORMAL,REGULAR,Round 34,LEAGUE,1657,Sochaux,Visita,ALL,16/05/2025,34,0,61%,0.67,,9,5,2,13,662,0,2,2,0,2,0,2,5,5,4,,,1,,,0,593,17,,,15/30 (50%),2/9 (22%),34%,12,50/169 (30%),15/22 (68%),13/19 (68%),,0,11,,10,,5,,,,,5
12570256,183,64124,NORMAL,REGULAR,Round 34,LEAGUE,1657,Sochaux,Visita,1ST,16/05/2025,34,,,,,,,,,,,,,,,,,,,,,,,,,,,,,,,,,,,,,,,,,,,,,,,,
12570256,183,64124,NORMAL,REGULAR,Round 34,LEAGUE,1657,Sochaux,Visita,2ND,16/05/2025,34,,,,,,,,,,,,,,,,,,,,,,,,,,,,,,,,,,,,,,,,,,,,,,,,
14217460,183,78599,NORMAL,REGULAR,Round 1,LEAGUE,181754,Le Puy-en-Velay,Local,ALL,08/08/2025,1,0,48%,0.51,,12,2,6,9,377,1,2,1,0,2,0,6,4,6,6,,,3,,,2,303,33,,,33/62 (53%),8/18 (44%),40%,7,45/113 (40%),10/22 (45%),16/21 (76%),,1,19,,11,,2,,,,,11
14217460,183,78599,NORMAL,REGULAR,Round 1,LEAGUE,181754,Le Puy-en-Velay,Local,1ST,08/08/2025,1,,,,,,,,,,,,,,,,,,,,,,,,,,,,,,,,,,,,,,,,,,,,,,,,
14217460,183,78599,NORMAL,REGULAR,Round 1,LEAGUE,181754,Le Puy-en-Velay,Local,2ND,08/08/2025,1,,,,,,,,,,,,,,,,,,,,,,,,,,,,,,,,,,,,,,,,,,,,,,,,
14217460,183,78599,NORMAL,REGULAR,Round 1,LEAGUE,1657,Sochaux,Visita,ALL,08/08/2025,1,1,52%,0.95,,9,2,4,20,367,0,2,2,0,3,0,4,2,3,6,,,0,,,0,292,27,,,21/56 (37%),2/17 (11%),31%,6,28/97 (29%),8/18 (44%),5/6 (83%),,0,19,,5,,2,,,,,8
14217460,183,78599,NORMAL,REGULAR,Round 1,LEAGUE,1657,Sochaux,Visita,1ST,08/08/2025,1,,,,,,,,,,,,,,,,,,,,,,,,,,,,,,,,,,,,,,,,,,,,,,,,
14217460,183,78599,NORMAL,REGULAR,Round 1,LEAGUE,1657,Sochaux,Visita,2ND,08/08/2025,1,,,,,,,,,,,,,,,,,,,,,,,,,,,,,,,,,,,,,,,,,,,,,,,,
14217474,183,78599,NORMAL,REGULAR,Round 2,LEAGUE,1657,Sochaux,Local,ALL,15/08/2025,2,5,45%,1.77,,15,3,5,13,199,1,7,4,0,6,0,7,2,7,8,,,0,,,3,151,25,,,24/46 (52%),4/11 (36%),41%,12,40/100 (40%),16/34 (47%),13/16 (81%),,1,12,,17,,3,,,,,9
14217474,183,78599,NORMAL,REGULAR,Round 2,LEAGUE,1657,Sochaux,Local,1ST,15/08/2025,2,,,,,,,,,,,,,,,,,,,,,,,,,,,,,,,,,,,,,,,,,,,,,,,,
14217474,183,78599,NORMAL,REGULAR,Round 2,LEAGUE,1657,Sochaux,Local,2ND,15/08/2025,2,,,,,,,,,,,,,,,,,,,,,,,,,,,,,,,,,,,,,,,,,,,,,,,,
14217474,183,78599,NORMAL,REGULAR,Round 2,LEAGUE,6921,US Orléans,Visita,ALL,15/08/2025,2,0,55%,0.50,,8,1,3,19,381,2,0,5,0,3,0,3,2,5,3,,,3,,,3,313,19,,,31/51 (60%),3/12 (25%),32%,3,29/99 (29%),14/32 (44%),11/14 (79%),,2,12,,14,,1,,,,,9
14217474,183,78599,NORMAL,REGULAR,Round 2,LEAGUE,6921,US Orléans,Visita,1ST,15/08/2025,2,,,,,,,,,,,,,,,,,,,,,,,,,,,,,,,,,,,,,,,,,,,,,,,,
14217474,183,78599,NORMAL,REGULAR,Round 2,LEAGUE,6921,US Orléans,Visita,2ND,15/08/2025,2,,,,,,,,,,,,,,,,,,,,,,,,,,,,,,,,,,,,,,,,,,,,,,,,
14217481,183,78599,NORMAL,REGULAR,Round 3,LEAGUE,4493,FC Rouen,Local,ALL,22/08/2025,3,3,40%,0.46,,8,1,0,10,324,2,2,1,0,5,0,3,0,4,4,,,2,,,2,255,24,,,30/50 (60%),4/12 (33%),33%,8,30/122 (25%),23/36 (64%),4/8 (50%),,2,17,,15,,1,,,,,8
14217481,183,78599,NORMAL,REGULAR,Round 3,LEAGUE,4493,FC Rouen,Local,1ST,22/08/2025,3,,,,,,,,,,,,,,,,,,,,,,,,,,,,,,,,,,,,,,,,,,,,,,,,
14217481,183,78599,NORMAL,REGULAR,Round 3,LEAGUE,4493,FC Rouen,Local,2ND,22/08/2025,3,,,,,,,,,,,,,,,,,,,,,,,,,,,,,,,,,,,,,,,,,,,,,,,,
14217481,183,78599,NORMAL,REGULAR,Round 3,LEAGUE,1657,Sochaux,Visita,ALL,22/08/2025,3,1,60%,1.03,,6,2,7,10,453,0,1,2,0,2,0,3,1,5,1,,,0,,,1,365,27,,,15/36 (41%),5/24 (20%),42%,7,54/123 (44%),14/38 (37%),25/32 (78%),,0,11,,15,,2,,,,,7
14217481,183,78599,NORMAL,REGULAR,Round 3,LEAGUE,1657,Sochaux,Visita,1ST,22/08/2025,3,,,,,,,,,,,,,,,,,,,,,,,,,,,,,,,,,,,,,,,,,,,,,,,,
14217481,183,78599,NORMAL,REGULAR,Round 3,LEAGUE,1657,Sochaux,Visita,2ND,22/08/2025,3,,,,,,,,,,,,,,,,,,,,,,,,,,,,,,,,,,,,,,,,,,,,,,,,
14217494,183,78599,NORMAL,REGULAR,Round 4,LEAGUE,1657,Sochaux,Local,ALL,29/08/2025,4,2,56%,1.53,,11,1,2,16,463,0,0,1,0,5,0,2,4,7,4,,,0,,,0,399,15,,,27/47 (57%),3/15 (20%),35%,9,39/104 (38%),8/28 (29%),10/13 (77%),,0,8,,8,,1,,,,,7
14217494,183,78599,NORMAL,REGULAR,Round 4,LEAGUE,1657,Sochaux,Local,1ST,29/08/2025,4,,,,,,,,,,,,,,,,,,,,,,,,,,,,,,,,,,,,,,,,,,,,,,,,
14217494,183,78599,NORMAL,REGULAR,Round 4,LEAGUE,1657,Sochaux,Local,2ND,29/08/2025,4,,,,,,,,,,,,,,,,,,,,,,,,,,,,,,,,,,,,,,,,,,,,,,,,
14217494,183,78599,NORMAL,REGULAR,Round 4,LEAGUE,211608,Stade Briochin,Visita,ALL,29/08/2025,4,0,44%,0.19,,4,3,2,10,391,4,2,2,0,1,1,0,2,3,1,,,0,,,1,329,21,,,48/67 (71%),4/10 (40%),40%,9,32/92 (35%),14/23 (61%),1/5 (20%),,4,13,,4,,3,,,,,11
14217494,183,78599,NORMAL,REGULAR,Round 4,LEAGUE,211608,Stade Briochin,Visita,1ST,29/08/2025,4,,,,,,,,,,,,,,,,,,,,,,,,,,,,,,,,,,,,,,,,,,,,,,,,
14217494,183,78599,NORMAL,REGULAR,Round 4,LEAGUE,211608,Stade Briochin,Visita,2ND,29/08/2025,4,,,,,,,,,,,,,,,,,,,,,,,,,,,,,,,,,,,,,,,,,,,,,,,,
14217504,183,78599,NORMAL,REGULAR,Round 5,LEAGUE,327159,Paris 13 Atletico,Local,ALL,05/09/2025,5,1,61%,0.37,,10,1,9,14,419,1,2,3,0,2,0,5,3,6,4,,,0,,,2,328,27,,,33/51 (64%),3/15 (20%),41%,9,42/118 (36%),25/44 (57%),17/22 (77%),,1,10,,10,,1,,,,,6
14217504,183,78599,NORMAL,REGULAR,Round 5,LEAGUE,327159,Paris 13 Atletico,Local,1ST,05/09/2025,5,,,,,,,,,,,,,,,,,,,,,,,,,,,,,,,,,,,,,,,,,,,,,,,,
14217504,183,78599,NORMAL,REGULAR,Round 5,LEAGUE,327159,Paris 13 Atletico,Local,2ND,05/09/2025,5,,,,,,,,,,,,,,,,,,,,,,,,,,,,,,,,,,,,,,,,,,,,,,,,
14217504,183,78599,NORMAL,REGULAR,Round 5,LEAGUE,1657,Sochaux,Visita,ALL,05/09/2025,5,3,39%,1.13,,10,1,6,12,252,1,5,0,0,4,1,4,1,5,5,,,0,,,2,178,17,,,19/48 (39%),3/10 (30%),32%,10,34/117 (29%),18/42 (43%),7/9 (78%),,1,8,,7,,1,,,,,8
14217504,183,78599,NORMAL,REGULAR,Round 5,LEAGUE,1657,Sochaux,Visita,1ST,05/09/2025,5,,,,,,,,,,,,,,,,,,,,,,,,,,,,,,,,,,,,,,,,,,,,,,,,
14217504,183,78599,NORMAL,REGULAR,Round 5,LEAGUE,1657,Sochaux,Visita,2ND,05/09/2025,5,,,,,,,,,,,,,,,,,,,,,,,,,,,,,,,,,,,,,,,,,,,,,,,,
14217513,183,78599,NORMAL,REGULAR,Round 6,LEAGUE,1657,Sochaux,Local,ALL,12/09/2025,6,1,39%,1.59,,12,1,6,8,289,3,6,0,0,2,0,2,8,4,8,,,0,,,1,213,22,,,17/38 (44%),4/14 (28%),39%,5,40/110 (36%),15/31 (48%),26/34 (76%),,3,12,,19,,1,,,,,7
14217513,183,78599,NORMAL,REGULAR,Round 6,LEAGUE,1657,Sochaux,Local,1ST,12/09/2025,6,,,,,,,,,,,,,,,,,,,,,,,,,,,,,,,,,,,,,,,,,,,,,,,,
14217513,183,78599,NORMAL,REGULAR,Round 6,LEAGUE,1657,Sochaux,Local,2ND,12/09/2025,6,,,,,,,,,,,,,,,,,,,,,,,,,,,,,,,,,,,,,,,,,,,,,,,,
14217513,183,78599,NORMAL,REGULAR,Round 6,LEAGUE,1667,Stade Malherbe Caen,Visita,ALL,12/09/2025,6,1,61%,0.75,,7,1,8,13,448,1,1,4,0,2,0,3,2,3,4,,,0,,,4,375,32,,,23/44 (52%),9/17 (52%),33%,6,34/113 (30%),15/32 (47%),17/24 (71%),,1,15,,17,,1,,,,,7
14217513,183,78599,NORMAL,REGULAR,Round 6,LEAGUE,1667,Stade Malherbe Caen,Visita,1ST,12/09/2025,6,,,,,,,,,,,,,,,,,,,,,,,,,,,,,,,,,,,,,,,,,,,,,,,,
14217513,183,78599,NORMAL,REGULAR,Round 6,LEAGUE,1667,Stade Malherbe Caen,Visita,2ND,12/09/2025,6,,,,,,,,,,,,,,,,,,,,,,,,,,,,,,,,,,,,,,,,,,,,,,,,
14217527,183,78599,NORMAL,REGULAR,Round 7,LEAGUE,32934,FC Villefranche Beaujolais,Local,ALL,19/09/2025,7,1,49%,1.40,,9,1,2,12,306,2,3,0,0,2,0,4,3,4,5,,,2,,,1,250,17,,,20/42 (47%),3/9 (33%),40%,5,39/99 (39%),14/32 (44%),5/8 (63%),,2,14,,15,,1,,,,,12
14217527,183,78599,NORMAL,REGULAR,Round 7,LEAGUE,32934,FC Villefranche Beaujolais,Local,1ST,19/09/2025,7,,,,,,,,,,,,,,,,,,,,,,,,,,,,,,,,,,,,,,,,,,,,,,,,
14217527,183,78599,NORMAL,REGULAR,Round 7,LEAGUE,32934,FC Villefranche Beaujolais,Local,2ND,19/09/2025,7,,,,,,,,,,,,,,,,,,,,,,,,,,,,,,,,,,,,,,,,,,,,,,,,
14217527,183,78599,NORMAL,REGULAR,Round 7,LEAGUE,1657,Sochaux,Visita,ALL,19/09/2025,7,0,51%,0.62,,9,1,5,15,302,0,3,2,1,0,0,6,3,2,7,,,2,,,1,243,33,,,22/44 (50%),9/19 (47%),40%,10,37/105 (35%),18/31 (58%),6/8 (75%),,0,3,,6,,1,,,,,9
14217527,183,78599,NORMAL,REGULAR,Round 7,LEAGUE,1657,Sochaux,Visita,1ST,19/09/2025,7,,,,,,,,,,,,,,,,,,,,,,,,,,,,,,,,,,,,,,,,,,,,,,,,
14217527,183,78599,NORMAL,REGULAR,Round 7,LEAGUE,1657,Sochaux,Visita,2ND,19/09/2025,7,,,,,,,,,,,,,,,,,,,,,,,,,,,,,,,,,,,,,,,,,,,,,,,,
14217539,183,78599,NORMAL,REGULAR,Round 9,LEAGUE,6917,US Concarneau,Local,ALL,03/10/2025,9,1,38%,1.07,,13,2,6,12,251,5,1,2,0,5,0,7,1,8,5,,,1,,,2,164,27,,,24/52 (46%),7/14 (50%),38%,5,39/107 (36%),18/43 (42%),7/10 (70%),,5,12,,26,,2,,,,,8
14217539,183,78599,NORMAL,REGULAR,Round 9,LEAGUE,6917,US Concarneau,Local,1ST,03/10/2025,9,,,,,,,,,,,,,,,,,,,,,,,,,,,,,,,,,,,,,,,,,,,,,,,,
14217539,183,78599,NORMAL,REGULAR,Round 9,LEAGUE,6917,US Concarneau,Local,2ND,03/10/2025,9,,,,,,,,,,,,,,,,,,,,,,,,,,,,,,,,,,,,,,,,,,,,,,,,
14217539,183,78599,NORMAL,REGULAR,Round 9,LEAGUE,1657,Sochaux,Visita,ALL,03/10/2025,9,0,62%,0.93,,8,4,3,13,456,4,2,3,0,2,0,2,4,3,5,,,0,,,1,354,44,,,14/51 (27%),7/17 (41%),34%,14,30/107 (28%),21/40 (53%),6/8 (75%),,4,17,,0,,4,,,,,14
14217539,183,78599,NORMAL,REGULAR,Round 9,LEAGUE,1657,Sochaux,Visita,1ST,03/10/2025,9,,,,,,,,,,,,,,,,,,,,,,,,,,,,,,,,,,,,,,,,,,,,,,,,
14217539,183,78599,NORMAL,REGULAR,Round 9,LEAGUE,1657,Sochaux,Visita,2ND,03/10/2025,9,,,,,,,,,,,,,,,,,,,,,,,,,,,,,,,,,,,,,,,,,,,,,,,,
14217554,183,78599,NORMAL,REGULAR,Round 10,LEAGUE,1657,Sochaux,Local,ALL,17/10/2025,10,2,48%,0.57,,9,3,8,20,360,0,3,1,0,3,0,3,3,3,6,,,0,,,0,283,18,,,24/45 (53%),4/12 (33%),34%,8,55/158 (35%),7/24 (29%),14/23 (61%),,0,13,,26,,3,,,,,10
14217554,183,78599,NORMAL,REGULAR,Round 10,LEAGUE,1657,Sochaux,Local,1ST,17/10/2025,10,,,,,,,,,,,,,,,,,,,,,,,,,,,,,,,,,,,,,,,,,,,,,,,,
14217554,183,78599,NORMAL,REGULAR,Round 10,LEAGUE,1657,Sochaux,Local,2ND,17/10/2025,10,,,,,,,,,,,,,,,,,,,,,,,,,,,,,,,,,,,,,,,,,,,,,,,,
14217554,183,78599,NORMAL,REGULAR,Round 10,LEAGUE,59792,Aubagne FC,Visita,ALL,17/10/2025,10,0,52%,0.47,,11,1,3,14,403,5,3,2,0,3,0,4,4,3,8,,,2,,,1,329,37,,,26/44 (59%),0/10 (0%),36%,13,52/162 (32%),15/23 (65%),19/27 (70%),,5,20,,24,,1,,,,,10
14217554,183,78599,NORMAL,REGULAR,Round 10,LEAGUE,59792,Aubagne FC,Visita,1ST,17/10/2025,10,,,,,,,,,,,,,,,,,,,,,,,,,,,,,,,,,,,,,,,,,,,,,,,,
14217554,183,78599,NORMAL,REGULAR,Round 10,LEAGUE,59792,Aubagne FC,Visita,2ND,17/10/2025,10,,,,,,,,,,,,,,,,,,,,,,,,,,,,,,,,,,,,,,,,,,,,,,,,
14217564,183,78599,NORMAL,REGULAR,Round 11,LEAGUE,210099,Quevilly - Rouen Métropole,Local,ALL,21/10/2025,11,1,45%,0.97,,8,7,3,7,477,4,2,1,0,3,0,0,5,4,4,,,0,,,3,396,25,,,32/61 (52%),6/10 (60%),32%,1,38/128 (30%),12/25 (48%),7/14 (50%),,4,14,,9,,7,,,,,6
14217564,183,78599,NORMAL,REGULAR,Round 11,LEAGUE,210099,Quevilly - Rouen Métropole,Local,1ST,21/10/2025,11,,,,,,,,,,,,,,,,,,,,,,,,,,,,,,,,,,,,,,,,,,,,,,,,
14217564,183,78599,NORMAL,REGULAR,Round 11,LEAGUE,210099,Quevilly - Rouen Métropole,Local,2ND,21/10/2025,11,,,,,,,,,,,,,,,,,,,,,,,,,,,,,,,,,,,,,,,,,,,,,,,,
14217564,183,78599,NORMAL,REGULAR,Round 11,LEAGUE,1657,Sochaux,Visita,ALL,21/10/2025,11,1,55%,1.69,,17,2,7,13,496,2,3,0,0,6,2,6,3,13,4,,,2,,,0,419,23,,,23/35 (65%),5/13 (38%),35%,12,40/125 (32%),17/34 (50%),18/27 (67%),,2,25,,16,,2,,,,,1
14217564,183,78599,NORMAL,REGULAR,Round 11,LEAGUE,1657,Sochaux,Visita,1ST,21/10/2025,11,,,,,,,,,,,,,,,,,,,,,,,,,,,,,,,,,,,,,,,,,,,,,,,,
14217564,183,78599,NORMAL,REGULAR,Round 11,LEAGUE,1657,Sochaux,Visita,2ND,21/10/2025,11,,,,,,,,,,,,,,,,,,,,,,,,,,,,,,,,,,,,,,,,,,,,,,,,
14217570,183,78599,NORMAL,REGULAR,Round 12,LEAGUE,1657,Sochaux,Local,ALL,31/10/2025,12,2,35%,1.49,,13,2,5,14,275,4,3,3,0,4,0,4,5,8,5,,,0,,,2,212,17,,,21/41 (51%),1/4 (25%),40%,2,45/111 (41%),9/21 (43%),17/20 (85%),,4,17,,15,,2,,,,,11
14217570,183,78599,NORMAL,REGULAR,Round 12,LEAGUE,1657,Sochaux,Local,1ST,31/10/2025,12,,,,,,,,,,,,,,,,,,,,,,,,,,,,,,,,,,,,,,,,,,,,,,,,
14217570,183,78599,NORMAL,REGULAR,Round 12,LEAGUE,1657,Sochaux,Local,2ND,31/10/2025,12,,,,,,,,,,,,,,,,,,,,,,,,,,,,,,,,,,,,,,,,,,,,,,,,
14217570,183,78599,NORMAL,REGULAR,Round 12,LEAGUE,39126,FC Versailles 78,Visita,ALL,31/10/2025,12,0,65%,0.67,,10,2,3,17,568,1,3,3,0,1,0,6,3,5,5,,,2,,,3,488,17,,,20/32 (62%),3/13 (23%),39%,2,40/101 (40%),8/20 (40%),13/17 (76%),,1,10,,13,,2,,,,,9
14217570,183,78599,NORMAL,REGULAR,Round 12,LEAGUE,39126,FC Versailles 78,Visita,1ST,31/10/2025,12,,,,,,,,,,,,,,,,,,,,,,,,,,,,,,,,,,,,,,,,,,,,,,,,
14217570,183,78599,NORMAL,REGULAR,Round 12,LEAGUE,39126,FC Versailles 78,Visita,2ND,31/10/2025,12,,,,,,,,,,,,,,,,,,,,,,,,,,,,,,,,,,,,,,,,,,,,,,,,
14217587,183,78599,NORMAL,REGULAR,Round 13,LEAGUE,83361,FC Fleury,Local,ALL,07/11/2025,13,0,60%,2.06,,13,3,5,16,416,1,1,3,0,4,0,6,3,7,6,,,0,,,2,328,22,,,31/56 (55%),7/24 (29%),33%,14,35/126 (28%),21/39 (54%),13/15 (87%),,1,18,,18,,3,,,,,6
14217587,183,78599,NORMAL,REGULAR,Round 13,LEAGUE,83361,FC Fleury,Local,1ST,07/11/2025,13,,,,,,,,,,,,,,,,,,,,,,,,,,,,,,,,,,,,,,,,,,,,,,,,
14217587,183,78599,NORMAL,REGULAR,Round 13,LEAGUE,83361,FC Fleury,Local,2ND,07/11/2025,13,,,,,,,,,,,,,,,,,,,,,,,,,,,,,,,,,,,,,,,,,,,,,,,,
14217587,183,78599,NORMAL,REGULAR,Round 13,LEAGUE,1657,Sochaux,Visita,ALL,07/11/2025,13,0,40%,1.57,,9,4,5,10,289,1,4,3,0,2,0,4,3,5,4,,,1,,,5,213,21,,,20/42 (47%),2/13 (15%),40%,7,47/122 (39%),17/38 (45%),10/11 (91%),,1,16,,20,,4,,,,,12
14217587,183,78599,NORMAL,REGULAR,Round 13,LEAGUE,1657,Sochaux,Visita,1ST,07/11/2025,13,,,,,,,,,,,,,,,,,,,,,,,,,,,,,,,,,,,,,,,,,,,,,,,,
14217587,183,78599,NORMAL,REGULAR,Round 13,LEAGUE,1657,Sochaux,Visita,2ND,07/11/2025,13,,,,,,,,,,,,,,,,,,,,,,,,,,,,,,,,,,,,,,,,,,,,,,,,
14217618,183,78599,NORMAL,REGULAR,Round 14,LEAGUE,1657,Sochaux,Local,ALL,21/11/2025,14,0,37%,0.81,,8,4,2,13,289,1,2,3,0,1,0,5,2,7,1,,,0,,,2,205,17,,,25/45 (55%),2/10 (20%),37%,3,54/136 (40%),14/46 (30%),20/30 (67%),,1,26,,17,,4,,,,,8
14217618,183,78599,NORMAL,REGULAR,Round 14,LEAGUE,1657,Sochaux,Local,1ST,21/11/2025,14,,,,,,,,,,,,,,,,,,,,,,,,,,,,,,,,,,,,,,,,,,,,,,,,
14217618,183,78599,NORMAL,REGULAR,Round 14,LEAGUE,1657,Sochaux,Local,2ND,21/11/2025,14,,,,,,,,,,,,,,,,,,,,,,,,,,,,,,,,,,,,,,,,,,,,,,,,
14217618,183,78599,NORMAL,REGULAR,Round 14,LEAGUE,1686,Dijon,Visita,ALL,21/11/2025,14,1,63%,1.22,,15,1,5,20,481,0,3,2,0,5,0,6,4,9,6,,,1,,,1,407,18,,,40/55 (72%),7/23 (30%),43%,7,50/144 (35%),37/55 (67%),23/26 (88%),,0,11,,12,,1,,,,,6
14217618,183,78599,NORMAL,REGULAR,Round 14,LEAGUE,1686,Dijon,Visita,1ST,21/11/2025,14,,,,,,,,,,,,,,,,,,,,,,,,,,,,,,,,,,,,,,,,,,,,,,,,
14217618,183,78599,NORMAL,REGULAR,Round 14,LEAGUE,1686,Dijon,Visita,2ND,21/11/2025,14,,,,,,,,,,,,,,,,,,,,,,,,,,,,,,,,,,,,,,,,,,,,,,,,
14217633,183,78599,NORMAL,REGULAR,Round 15,LEAGUE,35056,Bourg-en-Bresse,Local,ALL,05/12/2025,15,1,54%,0.81,,9,0,4,7,472,0,2,2,0,3,0,4,2,4,5,,,2,,,2,397,35,,,27/50 (54%),3/16 (18%),34%,12,30/105 (29%),15/26 (58%),11/18 (61%),,0,14,,17,,0,,,,,4
14217633,183,78599,NORMAL,REGULAR,Round 15,LEAGUE,35056,Bourg-en-Bresse,Local,1ST,05/12/2025,15,,,,,,,,,,,,,,,,,,,,,,,,,,,,,,,,,,,,,,,,,,,,,,,,
14217633,183,78599,NORMAL,REGULAR,Round 15,LEAGUE,35056,Bourg-en-Bresse,Local,2ND,05/12/2025,15,,,,,,,,,,,,,,,,,,,,,,,,,,,,,,,,,,,,,,,,,,,,,,,,
14217633,183,78599,NORMAL,REGULAR,Round 15,LEAGUE,1657,Sochaux,Visita,ALL,05/12/2025,15,3,46%,1.40,,7,3,2,12,372,1,2,2,0,3,0,1,3,5,2,,,0,,,3,289,28,,,19/41 (46%),6/13 (46%),37%,5,36/95 (38%),9/24 (38%),6/7 (86%),,1,20,,25,,3,,,,,6
14217633,183,78599,NORMAL,REGULAR,Round 15,LEAGUE,1657,Sochaux,Visita,1ST,05/12/2025,15,,,,,,,,,,,,,,,,,,,,,,,,,,,,,,,,,,,,,,,,,,,,,,,,
14217633,183,78599,NORMAL,REGULAR,Round 15,LEAGUE,1657,Sochaux,Visita,2ND,05/12/2025,15,,,,,,,,,,,,,,,,,,,,,,,,,,,,,,,,,,,,,,,,,,,,,,,,
15171811,335,85565,NORMAL,REGULAR,Round of 64,CUP,181748,Stade Béthunois,Local,ALL,20/12/2025,32,2,38%,0.00,2,10,1,3,21,262,24,7,2,,3,1,6,1,6,4,1,1,0,19,3,1,180,18,61,73/111 (66%),27/55 (49%),6/15 (40%),48%,6,34/76 (45%),15/26 (58%),3/12 (25%),46%,24,9,55,21,,1,,,1,0,9
15171811,335,85565,NORMAL,REGULAR,Round of 64,CUP,181748,Stade Béthunois,Local,1ST,20/12/2025,32,1,37%,0.00,1,3,1,1,9,129,13,4,0,,1,0,2,0,1,2,1,0,0,,2,0,77,9,27,,14/28 (50%),2/4 (50%),56%,3,18/35 (51%),11/17 (65%),1/4 (25%),38%,13,6,27,11,,1,,,,,6
15171811,335,85565,NORMAL,REGULAR,Round of 64,CUP,181748,Stade Béthunois,Local,2ND,20/12/2025,32,1,38%,0.00,1,7,0,2,12,133,11,3,2,,2,1,4,1,5,2,0,1,0,,1,1,103,9,34,,13/27 (48%),4/11 (36%),40%,3,16/41 (39%),4/9 (44%),2/8 (25%),55%,11,3,28,10,,0,,,,,3
15171811,335,85565,NORMAL,REGULAR,Round of 64,CUP,1657,Sochaux,Visita,ALL,20/12/2025,32,4,62%,0.00,3,9,1,4,7,455,15,20,3,,5,0,4,0,4,5,3,0,1,18,5,2,369,25,79,95/146 (65%),29/66 (44%),2/10 (20%),52%,8,42/76 (55%),11/26 (42%),9/25 (36%),60%,15,10,52,8,,1,,,0,2,9
15171811,335,85565,NORMAL,REGULAR,Round of 64,CUP,1657,Sochaux,Visita,1ST,20/12/2025,32,0,63%,0.00,0,5,0,2,4,225,6,9,3,,1,0,4,0,1,4,0,0,0,,3,1,177,18,40,,13/35 (37%),2/6 (33%),44%,3,17/35 (49%),6/17 (35%),4/14 (29%),83%,6,4,22,1,,0,,,,,5
15171811,335,85565,NORMAL,REGULAR,Round of 64,CUP,1657,Sochaux,Visita,2ND,20/12/2025,32,4,62%,0.00,3,4,1,2,3,230,9,11,0,,4,0,0,0,3,1,3,0,1,,2,1,192,7,39,,16/31 (52%),0/4 (0%),60%,5,25/41 (61%),5/9 (56%),5/11 (45%),44%,9,6,30,7,,1,,,,,4
15262366,335,85565,NORMAL,REGULAR,Round of 32,CUP,1657,Sochaux,Local,ALL,11/01/2026,6,0,36%,0.00,1,9,4,4,14,274,19,18,,,0,0,5,4,4,5,0,1,0,13,3,0,214,20,62,63/96 (66%),24/51 (47%),3/24 (13%),47%,18,47/95 (49%),5/16 (31%),11/18 (61%),37%,19,8,35,22,,4,,,1,0,11
15262366,335,85565,NORMAL,REGULAR,Round of 32,CUP,1657,Sochaux,Local,1ST,11/01/2026,6,0,38%,0.00,1,7,3,3,5,158,9,8,,,0,0,4,3,3,4,0,1,0,,2,0,125,13,30,,12/26 (46%),2/14 (14%),46%,11,22/46 (48%),3/8 (38%),6/8 (75%),33%,9,6,19,5,,3,,,,,5
15262366,335,85565,NORMAL,REGULAR,Round of 32,CUP,1657,Sochaux,Local,2ND,11/01/2026,6,0,34%,0.00,0,2,1,1,9,116,10,10,,,0,0,1,1,1,1,0,0,0,,1,0,89,7,32,,12/25 (48%),1/10 (10%),47%,7,25/49 (51%),2/8 (25%),5/10 (50%),40%,10,2,16,17,,1,,,,,6
15262366,335,85565,NORMAL,REGULAR,Round of 32,CUP,1648,RC Lens,Visita,ALL,11/01/2026,6,3,64%,0.00,9,24,0,5,18,501,25,14,,,7,0,11,6,19,5,3,6,2,48,3,2,429,15,40,81/105 (77%),24/46 (52%),9/23 (39%),53%,9,48/95 (51%),11/16 (69%),9/19 (47%),68%,25,3,51,26,,0,,,1,1,6
15262366,335,85565,NORMAL,REGULAR,Round of 32,CUP,1648,RC Lens,Visita,1ST,11/01/2026,6,1,62%,0.00,6,13,0,2,8,271,13,5,,,4,0,4,5,11,2,1,5,0,,1,2,237,2,18,,10/23 (43%),4/11 (36%),54%,5,24/46 (52%),5/8 (63%),6/10 (60%),62%,13,3,28,18,,0,,,,,4
15262366,335,85565,NORMAL,REGULAR,Round of 32,CUP,1648,RC Lens,Visita,2ND,11/01/2026,6,2,66%,0.00,3,11,0,3,10,230,12,9,,,3,0,7,1,8,3,2,1,2,,2,0,192,13,22,,14/23 (61%),5/12 (42%),53%,4,24/49 (49%),6/8 (75%),3/9 (33%),75%,12,0,23,8,,0,,,,,2
14217674,183,78599,NORMAL,REGULAR,Round 17,LEAGUE,1657,Sochaux,Local,ALL,16/01/2026,17,1,45%,0.89,,13,0,8,14,316,1,4,0,0,6,0,4,3,5,8,,,3,,,4,234,21,,,23/39 (58%),2/16 (12%),40%,0,68/158 (43%),7/28 (25%),29/48 (60%),,1,31,,13,,0,,,,,11
14217674,183,78599,NORMAL,REGULAR,Round 17,LEAGUE,1657,Sochaux,Local,1ST,16/01/2026,17,,,,,,,,,,,,,,,,,,,,,,,,,,,,,,,,,,,,,,,,,,,,,,,,
14217674,183,78599,NORMAL,REGULAR,Round 17,LEAGUE,1657,Sochaux,Local,2ND,16/01/2026,17,,,,,,,,,,,,,,,,,,,,,,,,,,,,,,,,,,,,,,,,,,,,,,,,
14217674,183,78599,NORMAL,REGULAR,Round 17,LEAGUE,1666,Châteauroux,Visita,ALL,16/01/2026,17,0,55%,0.77,,9,5,4,17,396,2,0,1,0,0,0,5,4,5,4,,,0,,,4,307,22,,,22/47 (46%),4/16 (25%),38%,6,51/142 (36%),13/23 (57%),20/32 (63%),,2,23,,16,,5,,,,,8
14217674,183,78599,NORMAL,REGULAR,Round 17,LEAGUE,1666,Châteauroux,Visita,1ST,16/01/2026,17,,,,,,,,,,,,,,,,,,,,,,,,,,,,,,,,,,,,,,,,,,,,,,,,
14217674,183,78599,NORMAL,REGULAR,Round 17,LEAGUE,1666,Châteauroux,Visita,2ND,16/01/2026,17,,,,,,,,,,,,,,,,,,,,,,,,,,,,,,,,,,,,,,,,,,,,,,,,
14217696,183,78599,NORMAL,REGULAR,Round 18,LEAGUE,6921,US Orléans,Local,ALL,23/01/2026,18,1,47%,0.92,,6,2,3,13,361,6,3,3,1,2,0,2,2,4,2,,,4,,,3,284,22,,,27/52 (51%),4/13 (30%),46%,5,44/101 (44%),14/24 (58%),13/17 (76%),,6,11,,7,,2,,,,,6
14217696,183,78599,NORMAL,REGULAR,Round 18,LEAGUE,6921,US Orléans,Local,1ST,23/01/2026,18,,,,,,,,,,,,,,,,,,,,,,,,,,,,,,,,,,,,,,,,,,,,,,,,
14217696,183,78599,NORMAL,REGULAR,Round 18,LEAGUE,6921,US Orléans,Local,2ND,23/01/2026,18,,,,,,,,,,,,,,,,,,,,,,,,,,,,,,,,,,,,,,,,,,,,,,,,
14217696,183,78599,NORMAL,REGULAR,Round 18,LEAGUE,1657,Sochaux,Visita,ALL,23/01/2026,18,2,53%,1.39,,8,1,4,16,395,0,2,2,0,4,0,3,1,6,2,,,1,,,4,322,28,,,22/35 (62%),0/8 (0%),34%,5,35/96 (36%),5/19 (26%),12/18 (67%),,0,11,,10,,1,,,,,7
14217696,183,78599,NORMAL,REGULAR,Round 18,LEAGUE,1657,Sochaux,Visita,1ST,23/01/2026,18,,,,,,,,,,,,,,,,,,,,,,,,,,,,,,,,,,,,,,,,,,,,,,,,
14217696,183,78599,NORMAL,REGULAR,Round 18,LEAGUE,1657,Sochaux,Visita,2ND,23/01/2026,18,,,,,,,,,,,,,,,,,,,,,,,,,,,,,,,,,,,,,,,,,,,,,,,,
14217720,183,78599,NORMAL,REGULAR,Round 19,LEAGUE,1657,Sochaux,Local,ALL,30/01/2026,19,1,42%,2.04,,14,3,6,14,281,2,1,1,0,5,1,4,4,10,4,,,0,,,1,193,18,,,24/54 (44%),4/8 (50%),38%,4,40/115 (35%),22/46 (48%),13/18 (72%),,2,12,,20,,3,,,,,9
14217720,183,78599,NORMAL,REGULAR,Round 19,LEAGUE,1657,Sochaux,Local,1ST,30/01/2026,19,,,,,,,,,,,,,,,,,,,,,,,,,,,,,,,,,,,,,,,,,,,,,,,,
14217720,183,78599,NORMAL,REGULAR,Round 19,LEAGUE,1657,Sochaux,Local,2ND,30/01/2026,19,,,,,,,,,,,,,,,,,,,,,,,,,,,,,,,,,,,,,,,,,,,,,,,,
14217720,183,78599,NORMAL,REGULAR,Round 19,LEAGUE,4493,FC Rouen,Visita,ALL,30/01/2026,19,1,58%,0.90,,9,4,9,10,356,3,3,1,0,4,0,4,1,8,1,,,2,,,4,260,30,,,37/69 (53%),5/22 (22%),42%,5,49/120 (41%),18/39 (46%),14/21 (67%),,3,19,,10,,4,,,,,5
14217720,183,78599,NORMAL,REGULAR,Round 19,LEAGUE,4493,FC Rouen,Visita,1ST,30/01/2026,19,,,,,,,,,,,,,,,,,,,,,,,,,,,,,,,,,,,,,,,,,,,,,,,,
14217720,183,78599,NORMAL,REGULAR,Round 19,LEAGUE,4493,FC Rouen,Visita,2ND,30/01/2026,19,,,,,,,,,,,,,,,,,,,,,,,,,,,,,,,,,,,,,,,,,,,,,,,,
14217750,183,78599,NORMAL,REGULAR,Round 20,LEAGUE,211608,Stade Briochin,Local,ALL,06/02/2026,20,1,42%,1.19,,9,2,6,21,303,4,3,6,0,7,0,1,1,6,3,,,3,,,0,201,27,,,37/78 (47%),7/18 (38%),35%,5,41/129 (32%),16/32 (50%),12/14 (86%),,4,20,,12,,2,,,,,7
14217750,183,78599,NORMAL,REGULAR,Round 20,LEAGUE,211608,Stade Briochin,Local,1ST,06/02/2026,20,,,,,,,,,,,,,,,,,,,,,,,,,,,,,,,,,,,,,,,,,,,,,,,,
14217750,183,78599,NORMAL,REGULAR,Round 20,LEAGUE,211608,Stade Briochin,Local,2ND,06/02/2026,20,,,,,,,,,,,,,,,,,,,,,,,,,,,,,,,,,,,,,,,,,,,,,,,,
14217750,183,78599,NORMAL,REGULAR,Round 20,LEAGUE,1657,Sochaux,Visita,ALL,06/02/2026,20,1,58%,0.74,,8,6,3,11,449,1,3,4,0,3,0,4,1,4,4,,,2,,,3,352,28,,,14/38 (36%),4/14 (28%),39%,5,47/122 (39%),16/37 (43%),17/26 (65%),,1,20,,15,,6,,,,,6
14217750,183,78599,NORMAL,REGULAR,Round 20,LEAGUE,1657,Sochaux,Visita,1ST,06/02/2026,20,,,,,,,,,,,,,,,,,,,,,,,,,,,,,,,,,,,,,,,,,,,,,,,,
14217750,183,78599,NORMAL,REGULAR,Round 20,LEAGUE,1657,Sochaux,Visita,2ND,06/02/2026,20,,,,,,,,,,,,,,,,,,,,,,,,,,,,,,,,,,,,,,,,,,,,,,,,
14217771,183,78599,NORMAL,REGULAR,Round 21,LEAGUE,1657,Sochaux,Local,ALL,13/02/2026,21,1,70%,1.19,,17,1,6,6,617,0,4,2,0,5,0,8,4,9,8,,,1,,,3,504,37,,,17/40 (42%),12/34 (35%),41%,10,44/112 (39%),16/31 (52%),15/26 (58%),,0,14,,6,,1,,,,,3
14217771,183,78599,NORMAL,REGULAR,Round 21,LEAGUE,1657,Sochaux,Local,1ST,13/02/2026,21,,,,,,,,,,,,,,,,,,,,,,,,,,,,,,,,,,,,,,,,,,,,,,,,
14217771,183,78599,NORMAL,REGULAR,Round 21,LEAGUE,1657,Sochaux,Local,2ND,13/02/2026,21,,,,,,,,,,,,,,,,,,,,,,,,,,,,,,,,,,,,,,,,,,,,,,,,
14217771,183,78599,NORMAL,REGULAR,Round 21,LEAGUE,327159,Paris 13 Atletico,Visita,ALL,13/02/2026,21,1,30%,1.88,,6,4,2,16,216,1,1,1,0,2,0,3,1,5,1,,,1,,,2,146,14,,,21/42 (50%),2/6 (33%),32%,6,33/103 (32%),10/31 (32%),7/8 (88%),,1,17,,38,,4,,,,,16
14217771,183,78599,NORMAL,REGULAR,Round 21,LEAGUE,327159,Paris 13 Atletico,Visita,1ST,13/02/2026,21,,,,,,,,,,,,,,,,,,,,,,,,,,,,,,,,,,,,,,,,,,,,,,,,
14217771,183,78599,NORMAL,REGULAR,Round 21,LEAGUE,327159,Paris 13 Atletico,Visita,2ND,13/02/2026,21,,,,,,,,,,,,,,,,,,,,,,,,,,,,,,,,,,,,,,,,,,,,,,,,
14217803,183,78599,NORMAL,REGULAR,Round 22,LEAGUE,1667,Stade Malherbe Caen,Local,ALL,20/02/2026,22,1,61%,1.26,,12,1,5,10,531,1,1,1,0,5,0,6,1,7,5,,,0,,,2,449,30,,,26/44 (59%),6/25 (24%),42%,8,45/113 (40%),19/39 (49%),16/23 (70%),,1,27,,11,,1,,,,,6
14217803,183,78599,NORMAL,REGULAR,Round 22,LEAGUE,1667,Stade Malherbe Caen,Local,1ST,20/02/2026,22,,,,,,,,,,,,,,,,,,,,,,,,,,,,,,,,,,,,,,,,,,,,,,,,
14217803,183,78599,NORMAL,REGULAR,Round 22,LEAGUE,1667,Stade Malherbe Caen,Local,2ND,20/02/2026,22,,,,,,,,,,,,,,,,,,,,,,,,,,,,,,,,,,,,,,,,,,,,,,,,
14217803,183,78599,NORMAL,REGULAR,Round 22,LEAGUE,1657,Sochaux,Visita,ALL,20/02/2026,22,3,39%,1.17,,8,4,4,13,323,2,0,2,0,4,0,2,2,6,2,,,0,,,3,256,16,,,27/42 (64%),5/17 (29%),34%,3,35/115 (30%),20/44 (45%),11/17 (65%),,2,21,,30,,4,,,,,8
14217803,183,78599,NORMAL,REGULAR,Round 22,LEAGUE,1657,Sochaux,Visita,1ST,20/02/2026,22,,,,,,,,,,,,,,,,,,,,,,,,,,,,,,,,,,,,,,,,,,,,,,,,
14217803,183,78599,NORMAL,REGULAR,Round 22,LEAGUE,1657,Sochaux,Visita,2ND,20/02/2026,22,,,,,,,,,,,,,,,,,,,,,,,,,,,,,,,,,,,,,,,,,,,,,,,,
14217549,183,78599,NORMAL,REGULAR,Round 23,LEAGUE,1657,Sochaux,Local,ALL,27/02/2026,23,2,52%,3.72,,18,1,9,16,339,1,2,3,0,5,2,8,3,11,7,,,4,,,1,289,11,,,19/32 (59%),4/10 (40%),40%,5,50/126 (40%),14/32 (44%),23/29 (79%),,1,17,,20,,1,,,,,6
14217549,183,78599,NORMAL,REGULAR,Round 23,LEAGUE,1657,Sochaux,Local,1ST,27/02/2026,23,,,,,,,,,,,,,,,,,,,,,,,,,,,,,,,,,,,,,,,,,,,,,,,,
14217549,183,78599,NORMAL,REGULAR,Round 23,LEAGUE,1657,Sochaux,Local,2ND,27/02/2026,23,,,,,,,,,,,,,,,,,,,,,,,,,,,,,,,,,,,,,,,,,,,,,,,,
14217549,183,78599,NORMAL,REGULAR,Round 23,LEAGUE,32934,FC Villefranche Beaujolais,Visita,ALL,27/02/2026,23,1,48%,0.58,,5,3,2,19,348,4,5,2,0,2,0,1,2,2,3,,,1,,,2,279,24,,,15/27 (55%),2/13 (15%),34%,6,38/130 (29%),18/33 (55%),11/19 (58%),,4,16,,13,,3,,,,,11
14217549,183,78599,NORMAL,REGULAR,Round 23,LEAGUE,32934,FC Villefranche Beaujolais,Visita,1ST,27/02/2026,23,,,,,,,,,,,,,,,,,,,,,,,,,,,,,,,,,,,,,,,,,,,,,,,,
14217549,183,78599,NORMAL,REGULAR,Round 23,LEAGUE,32934,FC Villefranche Beaujolais,Visita,2ND,27/02/2026,23,,,,,,,,,,,,,,,,,,,,,,,,,,,,,,,,,,,,,,,,,,,,,,,,
14217615,183,78599,NORMAL,REGULAR,Round 25,LEAGUE,1657,Sochaux,Local,ALL,13/03/2026,25,2,58%,2.92,,17,1,10,7,477,1,3,0,0,6,0,4,7,10,7,,,0,,,3,398,15,,,28/50 (56%),4/17 (23%),37%,5,32/92 (35%),14/31 (45%),14/16 (88%),,1,24,,9,,1,,,,,6
14217615,183,78599,NORMAL,REGULAR,Round 25,LEAGUE,1657,Sochaux,Local,1ST,13/03/2026,25,,,,,,,,,,,,,,,,,,,,,,,,,,,,,,,,,,,,,,,,,,,,,,,,
14217615,183,78599,NORMAL,REGULAR,Round 25,LEAGUE,1657,Sochaux,Local,2ND,13/03/2026,25,,,,,,,,,,,,,,,,,,,,,,,,,,,,,,,,,,,,,,,,,,,,,,,,
14217615,183,78599,NORMAL,REGULAR,Round 25,LEAGUE,6917,US Concarneau,Visita,ALL,13/03/2026,25,0,42%,0.24,,6,4,3,14,362,2,0,2,1,1,0,2,3,2,4,,,2,,,3,278,17,,,27/51 (52%),5/17 (29%),32%,5,28/98 (29%),12/27 (44%),12/13 (92%),,2,18,,23,,4,,,,,9
14217615,183,78599,NORMAL,REGULAR,Round 25,LEAGUE,6917,US Concarneau,Visita,1ST,13/03/2026,25,,,,,,,,,,,,,,,,,,,,,,,,,,,,,,,,,,,,,,,,,,,,,,,,
14217615,183,78599,NORMAL,REGULAR,Round 25,LEAGUE,6917,US Concarneau,Visita,2ND,13/03/2026,25,,,,,,,,,,,,,,,,,,,,,,,,,,,,,,,,,,,,,,,,,,,,,,,,
14217621,183,78599,NORMAL,REGULAR,Round 26,LEAGUE,59792,Aubagne FC,Local,ALL,20/03/2026,26,1,52%,1.05,,9,5,2,12,370,3,7,1,0,3,0,5,1,6,3,,,0,,,4,285,19,,,30/53 (56%),4/9 (44%),39%,5,45/118 (38%),10/22 (45%),14/18 (78%),,3,21,,20,,5,,,,,9
14217621,183,78599,NORMAL,REGULAR,Round 26,LEAGUE,59792,Aubagne FC,Local,1ST,20/03/2026,26,,,,,,,,,,,,,,,,,,,,,,,,,,,,,,,,,,,,,,,,,,,,,,,,
14217621,183,78599,NORMAL,REGULAR,Round 26,LEAGUE,59792,Aubagne FC,Local,2ND,20/03/2026,26,,,,,,,,,,,,,,,,,,,,,,,,,,,,,,,,,,,,,,,,,,,,,,,,
14217621,183,78599,NORMAL,REGULAR,Round 26,LEAGUE,1657,Sochaux,Visita,ALL,20/03/2026,26,4,48%,2.52,,18,2,3,18,349,0,3,1,0,9,0,9,0,10,8,,,0,,,2,272,34,,,18/34 (52%),4/18 (22%),37%,4,39/104 (38%),8/23 (35%),7/8 (88%),,0,10,,17,,2,,,,,7
14217621,183,78599,NORMAL,REGULAR,Round 26,LEAGUE,1657,Sochaux,Visita,1ST,20/03/2026,26,,,,,,,,,,,,,,,,,,,,,,,,,,,,,,,,,,,,,,,,,,,,,,,,
14217621,183,78599,NORMAL,REGULAR,Round 26,LEAGUE,1657,Sochaux,Visita,2ND,20/03/2026,26,,,,,,,,,,,,,,,,,,,,,,,,,,,,,,,,,,,,,,,,,,,,,,,,
14217654,183,78599,NORMAL,REGULAR,Round 27,LEAGUE,1657,Sochaux,Local,ALL,27/03/2026,27,2,58%,1.94,,19,0,14,10,468,0,3,0,0,10,0,5,4,10,9,,,2,,,0,385,19,,,27/43 (62%),6/20 (30%),46%,3,53/120 (44%),14/25 (56%),28/38 (74%),,0,16,,7,,0,,,,,4
14217654,183,78599,NORMAL,REGULAR,Round 27,LEAGUE,1657,Sochaux,Local,1ST,27/03/2026,27,,,,,,,,,,,,,,,,,,,,,,,,,,,,,,,,,,,,,,,,,,,,,,,,
14217654,183,78599,NORMAL,REGULAR,Round 27,LEAGUE,1657,Sochaux,Local,2ND,27/03/2026,27,,,,,,,,,,,,,,,,,,,,,,,,,,,,,,,,,,,,,,,,,,,,,,,,
14217654,183,78599,NORMAL,REGULAR,Round 27,LEAGUE,210099,Quevilly - Rouen Métropole,Visita,ALL,27/03/2026,27,0,42%,0.69,,5,8,2,15,347,0,2,1,0,0,0,4,1,4,1,,,1,,,2,273,22,,,26/45 (57%),3/12 (25%),33%,4,39/122 (32%),9/23 (39%),8/12 (67%),,0,21,,32,,8,,,,,8
14217654,183,78599,NORMAL,REGULAR,Round 27,LEAGUE,210099,Quevilly - Rouen Métropole,Visita,1ST,27/03/2026,27,,,,,,,,,,,,,,,,,,,,,,,,,,,,,,,,,,,,,,,,,,,,,,,,
14217654,183,78599,NORMAL,REGULAR,Round 27,LEAGUE,210099,Quevilly - Rouen Métropole,Visita,2ND,27/03/2026,27,,,,,,,,,,,,,,,,,,,,,,,,,,,,,,,,,,,,,,,,,,,,,,,,
14217675,183,78599,NORMAL,REGULAR,Round 28,LEAGUE,39126,FC Versailles 78,Local,ALL,03/04/2026,28,1,47%,1.45,,12,3,5,9,376,4,2,2,0,3,0,3,6,7,5,,,0,,,4,290,31,,,27/58 (46%),2/10 (20%),38%,6,58/160 (36%),10/18 (56%),20/33 (61%),,4,13,,22,,3,,,,,10
14217675,183,78599,NORMAL,REGULAR,Round 28,LEAGUE,39126,FC Versailles 78,Local,1ST,03/04/2026,28,,,,,,,,,,,,,,,,,,,,,,,,,,,,,,,,,,,,,,,,,,,,,,,,
14217675,183,78599,NORMAL,REGULAR,Round 28,LEAGUE,39126,FC Versailles 78,Local,2ND,03/04/2026,28,,,,,,,,,,,,,,,,,,,,,,,,,,,,,,,,,,,,,,,,,,,,,,,,
14217675,183,78599,NORMAL,REGULAR,Round 28,LEAGUE,1657,Sochaux,Visita,ALL,03/04/2026,28,0,53%,0.81,,13,3,5,9,422,1,0,0,0,2,0,8,3,5,8,,,0,,,0,333,35,,,12/34 (35%),1/18 (5%),32%,8,52/166 (31%),9/22 (41%),21/35 (60%),,1,12,,19,,3,,,,,6
14217675,183,78599,NORMAL,REGULAR,Round 28,LEAGUE,1657,Sochaux,Visita,1ST,03/04/2026,28,,,,,,,,,,,,,,,,,,,,,,,,,,,,,,,,,,,,,,,,,,,,,,,,
14217675,183,78599,NORMAL,REGULAR,Round 28,LEAGUE,1657,Sochaux,Visita,2ND,03/04/2026,28,,,,,,,,,,,,,,,,,,,,,,,,,,,,,,,,,,,,,,,,,,,,,,,,
14217695,183,78599,NORMAL,REGULAR,Round 29,LEAGUE,1657,Sochaux,Local,ALL,10/04/2026,29,2,40%,1.57,,14,0,9,11,283,5,5,2,0,3,1,6,4,8,6,,,0,,,1,209,20,,,22/43 (51%),9/31 (29%),39%,8,64/160 (40%),8/23 (35%),24/33 (73%),,5,6,,13,,0,,,,,11
14217695,183,78599,NORMAL,REGULAR,Round 29,LEAGUE,1657,Sochaux,Local,1ST,10/04/2026,29,,,,,,,,,,,,,,,,,,,,,,,,,,,,,,,,,,,,,,,,,,,,,,,,
14217695,183,78599,NORMAL,REGULAR,Round 29,LEAGUE,1657,Sochaux,Local,2ND,10/04/2026,29,,,,,,,,,,,,,,,,,,,,,,,,,,,,,,,,,,,,,,,,,,,,,,,,
14217695,183,78599,NORMAL,REGULAR,Round 29,LEAGUE,83361,FC Fleury,Visita,ALL,10/04/2026,29,2,60%,1.25,,10,2,1,18,440,5,2,2,1,2,0,5,3,3,7,,,2,,,2,366,29,,,28/50 (56%),3/10 (30%),30%,15,42/154 (27%),12/24 (50%),9/13 (69%),,5,15,,27,,2,,,,,9
14217695,183,78599,NORMAL,REGULAR,Round 29,LEAGUE,83361,FC Fleury,Visita,1ST,10/04/2026,29,,,,,,,,,,,,,,,,,,,,,,,,,,,,,,,,,,,,,,,,,,,,,,,,
14217695,183,78599,NORMAL,REGULAR,Round 29,LEAGUE,83361,FC Fleury,Visita,2ND,10/04/2026,29,,,,,,,,,,,,,,,,,,,,,,,,,,,,,,,,,,,,,,,,,,,,,,,,
14217709,183,78599,NORMAL,REGULAR,Round 30,LEAGUE,1686,Dijon,Local,ALL,17/04/2026,30,0,63%,1.37,,10,2,3,12,439,4,3,2,0,3,0,5,2,7,3,,,0,,,1,358,38,,,22/40 (55%),6/15 (40%),37%,7,40/126 (32%),26/52 (50%),17/26 (65%),,4,10,,22,,2,,,,,6
14217709,183,78599,NORMAL,REGULAR,Round 30,LEAGUE,1686,Dijon,Local,1ST,17/04/2026,30,,,,,,,,,,,,,,,,,,,,,,,,,,,,,,,,,,,,,,,,,,,,,,,,
14217709,183,78599,NORMAL,REGULAR,Round 30,LEAGUE,1686,Dijon,Local,2ND,17/04/2026,30,,,,,,,,,,,,,,,,,,,,,,,,,,,,,,,,,,,,,,,,,,,,,,,,
14217709,183,78599,NORMAL,REGULAR,Round 30,LEAGUE,1657,Sochaux,Visita,ALL,17/04/2026,30,0,37%,0.67,,10,3,7,11,255,1,2,2,0,2,0,3,5,6,4,,,0,,,0,187,34,,,19/38 (50%),2/13 (15%),31%,9,40/137 (29%),20/53 (38%),15/23 (65%),,1,14,,24,,3,,,,,6
14217709,183,78599,NORMAL,REGULAR,Round 30,LEAGUE,1657,Sochaux,Visita,1ST,17/04/2026,30,,,,,,,,,,,,,,,,,,,,,,,,,,,,,,,,,,,,,,,,,,,,,,,,
14217709,183,78599,NORMAL,REGULAR,Round 30,LEAGUE,1657,Sochaux,Visita,2ND,17/04/2026,30,,,,,,,,,,,,,,,,,,,,,,,,,,,,,,,,,,,,,,,,,,,,,,,,
14217740,183,78599,NORMAL,REGULAR,Round 31,LEAGUE,1657,Sochaux,Local,ALL,24/04/2026,31,2,69%,1.83,,11,1,5,15,493,0,2,2,0,3,2,4,2,8,3,,,0,,,1,420,26,,,26/40 (65%),10/27 (37%),43%,7,23/67 (34%),24/42 (57%),,,0,9,,17,,1,,,,,8
14217740,183,78599,NORMAL,REGULAR,Round 31,LEAGUE,1657,Sochaux,Local,1ST,24/04/2026,31,,,,,,,,,,,,,,,,,,,,,,,,,,,,,,,,,,,,,,,,,,,,,,,,
14217740,183,78599,NORMAL,REGULAR,Round 31,LEAGUE,1657,Sochaux,Local,2ND,24/04/2026,31,,,,,,,,,,,,,,,,,,,,,,,,,,,,,,,,,,,,,,,,,,,,,,,,
14217740,183,78599,NORMAL,REGULAR,Round 31,LEAGUE,35056,Bourg-en-Bresse,Visita,ALL,24/04/2026,31,1,31%,0.94,,8,1,1,16,221,0,3,3,0,2,0,5,1,5,3,,,0,,,1,160,16,,,19/42 (45%),4/8 (50%),40%,7,27/69 (39%),18/41 (44%),,,0,12,,32,,1,,,,,14
14217740,183,78599,NORMAL,REGULAR,Round 31,LEAGUE,35056,Bourg-en-Bresse,Visita,1ST,24/04/2026,31,,,,,,,,,,,,,,,,,,,,,,,,,,,,,,,,,,,,,,,,,,,,,,,,
14217740,183,78599,NORMAL,REGULAR,Round 31,LEAGUE,35056,Bourg-en-Bresse,Visita,2ND,24/04/2026,31,,,,,,,,,,,,,,,,,,,,,,,,,,,,,,,,,,,,,,,,,,,,,,,,
14217766,183,78599,NORMAL,REGULAR,Round 32,LEAGUE,1657,Sochaux,Local,ALL,02/05/2026,32,1,54%,1.03,,11,2,5,15,356,0,6,3,1,3,2,4,2,5,6,,,1,,,2,292,23,,,16/35 (45%),3/13 (23%),35%,6,34/97 (35%),7/20 (35%),12/15 (80%),,0,6,,1,,2,,,,,11
14217766,183,78599,NORMAL,REGULAR,Round 32,LEAGUE,1657,Sochaux,Local,1ST,02/05/2026,32,,,,,,,,,,,,,,,,,,,,,,,,,,,,,,,,,,,,,,,,,,,,,,,,
14217766,183,78599,NORMAL,REGULAR,Round 32,LEAGUE,1657,Sochaux,Local,2ND,02/05/2026,32,,,,,,,,,,,,,,,,,,,,,,,,,,,,,,,,,,,,,,,,,,,,,,,,
14217766,183,78599,NORMAL,REGULAR,Round 32,LEAGUE,5061,Valenciennes,Visita,ALL,02/05/2026,32,1,46%,1.45,,12,2,3,14,290,5,5,2,1,3,0,7,2,5,7,,,0,,,1,246,10,,,28/47 (59%),2/8 (25%),40%,2,40/101 (40%),11/26 (42%),16/20 (80%),,5,16,,28,,2,,,,,10
14217766,183,78599,NORMAL,REGULAR,Round 32,LEAGUE,5061,Valenciennes,Visita,1ST,02/05/2026,32,,,,,,,,,,,,,,,,,,,,,,,,,,,,,,,,,,,,,,,,,,,,,,,,
14217766,183,78599,NORMAL,REGULAR,Round 32,LEAGUE,5061,Valenciennes,Visita,2ND,02/05/2026,32,,,,,,,,,,,,,,,,,,,,,,,,,,,,,,,,,,,,,,,,,,,,,,,,
14217776,183,78599,NORMAL,REGULAR,Round 33,LEAGUE,1666,Châteauroux,Local,ALL,09/05/2026,33,2,46%,0.60,,9,4,6,14,260,0,1,3,0,3,0,4,2,4,5,,,0,,,0,186,19,,,17/38 (44%),3/10 (30%),30%,7,28/102 (27%),15/38 (39%),8/10 (80%),,0,15,,29,,4,,,,,13
14217776,183,78599,NORMAL,REGULAR,Round 33,LEAGUE,1666,Châteauroux,Local,1ST,09/05/2026,33,,,,,,,,,,,,,,,,,,,,,,,,,,,,,,,,,,,,,,,,,,,,,,,,
14217776,183,78599,NORMAL,REGULAR,Round 33,LEAGUE,1666,Châteauroux,Local,2ND,09/05/2026,33,,,,,,,,,,,,,,,,,,,,,,,,,,,,,,,,,,,,,,,,,,,,,,,,
14217776,183,78599,NORMAL,REGULAR,Round 33,LEAGUE,1657,Sochaux,Visita,ALL,09/05/2026,33,1,54%,1.90,,18,1,9,14,339,3,4,1,0,5,2,6,5,12,6,,,4,,,1,261,27,,,23/45 (51%),3/20 (15%),41%,8,38/106 (36%),22/39 (56%),17/24 (71%),,3,14,,12,,1,,,,,4
14217776,183,78599,NORMAL,REGULAR,Round 33,LEAGUE,1657,Sochaux,Visita,1ST,09/05/2026,33,,,,,,,,,,,,,,,,,,,,,,,,,,,,,,,,,,,,,,,,,,,,,,,,
14217776,183,78599,NORMAL,REGULAR,Round 33,LEAGUE,1657,Sochaux,Visita,2ND,09/05/2026,33,,,,,,,,,,,,,,,,,,,,,,,,,,,,,,,,,,,,,,,,,,,,,,,,
14215634,183,78599,NORMAL,REGULAR,Round 34,LEAGUE,1657,Sochaux,Local,ALL,15/05/2026,34,2,53%,1.29,,18,2,5,9,487,0,2,0,0,6,0,10,2,5,13,,,0,,,2,427,20,,,24/46 (52%),2/10 (20%),44%,12,55/124 (44%),8/19 (42%),17/25 (68%),,0,14,,6,,2,,,,,4
14215634,183,78599,NORMAL,REGULAR,Round 34,LEAGUE,1657,Sochaux,Local,1ST,15/05/2026,34,,,,,,,,,,,,,,,,,,,,,,,,,,,,,,,,,,,,,,,,,,,,,,,,
14215634,183,78599,NORMAL,REGULAR,Round 34,LEAGUE,1657,Sochaux,Local,2ND,15/05/2026,34,,,,,,,,,,,,,,,,,,,,,,,,,,,,,,,,,,,,,,,,,,,,,,,,
14215634,183,78599,NORMAL,REGULAR,Round 34,LEAGUE,181754,Le Puy-en-Velay,Visita,ALL,15/05/2026,34,2,47%,0.96,,7,4,3,6,437,2,0,2,1,4,0,2,1,4,3,,,0,,,3,365,18,,,23/54 (42%),1/6 (16%),32%,22,35/123 (28%),11/20 (55%),7/12 (58%),,2,19,,24,,4,,,,,13
14215634,183,78599,NORMAL,REGULAR,Round 34,LEAGUE,181754,Le Puy-en-Velay,Visita,1ST,15/05/2026,34,,,,,,,,,,,,,,,,,,,,,,,,,,,,,,,,,,,,,,,,,,,,,,,,
14215634,183,78599,NORMAL,REGULAR,Round 34,LEAGUE,181754,Le Puy-en-Velay,Visita,2ND,15/05/2026,34,,,,,,,,,,,,,,,,,,,,,,,,,,,,,,,,,,,,,,,,,,,,,,,,
16386236,182,96109,NORMAL,REGULAR,Round 1,LEAGUE,1657,Sochaux,Local,ALL,08/08/2026,1,0,53%,0.00,0,14,4,6,14,495,7,10,0,,2,0,7,5,5,9,0,0,,16,2,2,424,19,57,86/124 (69%),30/64 (47%),2/25 (8%),36%,4,21/55 (38%),4/14 (29%),4/15 (27%),57%,7,5,51,6,,4,,1,,,5
16386236,182,96109,NORMAL,REGULAR,Round 1,LEAGUE,1657,Sochaux,Local,1ST,08/08/2026,1,0,56%,0.00,0,6,0,2,6,253,3,4,0,,1,0,2,3,3,3,0,0,,,0,1,217,11,31,,14/34 (41%),1/9 (11%),28%,2,7/23 (30%),1/6 (17%),1/7 (14%),67%,3,1,23,4,,0,,,,,2
16386236,182,96109,NORMAL,REGULAR,Round 1,LEAGUE,1657,Sochaux,Local,2ND,08/08/2026,1,0,50%,0.00,0,8,4,4,8,242,4,6,0,,1,0,5,2,2,6,0,0,,,2,1,207,8,26,,16/30 (53%),1/16 (6%),43%,2,13/31 (42%),4/9 (44%),3/8 (38%),50%,4,4,28,2,,4,,,,,3
16386236,182,96109,NORMAL,REGULAR,Round 1,LEAGUE,1678,Saint-Étienne,Visita,ALL,08/08/2026,1,3,47%,0.00,4,14,2,1,10,458,15,14,1,,7,0,6,1,8,6,3,1,,23,0,5,391,17,43,58/87 (67%),20/45 (44%),3/6 (50%),64%,5,34/55 (62%),10/14 (71%),5/7 (71%),40%,15,7,42,32,,2,,0,,,13
16386236,182,96109,NORMAL,REGULAR,Round 1,LEAGUE,1678,Saint-Étienne,Visita,1ST,08/08/2026,1,3,44%,0.00,3,7,1,1,4,204,8,6,0,,3,0,3,1,5,2,3,1,,,0,3,171,10,22,,9/23 (39%),2/5 (40%),72%,1,16/24 (67%),5/5 (100%),2/4 (50%),38%,8,4,20,11,,1,,,,,5
16386236,182,96109,NORMAL,REGULAR,Round 1,LEAGUE,1678,Saint-Étienne,Visita,2ND,08/08/2026,1,0,50%,0.00,1,7,1,0,6,254,7,8,1,,4,0,3,0,3,4,0,1,,,0,2,220,7,21,,11/22 (50%),1/1 (100%),57%,4,18/31 (58%),5/9 (56%),3/3 (100%),43%,7,3,22,21,,1,,,,,8