Event_ID,Competition_ID,Season_ID,Season_Format,Competition_Phase,Competition_Stage,Competition_Type,Team_ID,Equipo,Condicion,Tiempo,Fecha,Jornada,Goals,Ball possession,Expected goals,Big chances,Total shots,Goalkeeper saves,Corner kicks,Fouls,Passes,Tackles,Free kicks,Yellow cards,Red cards,Shots on target,Hit woodwork,Shots off target,Blocked shots,Shots inside box,Shots outside box,Big chances scored,Big chances missed,Through balls,Touches in penalty area,Fouled in final third,Offsides,Accurate passes,Throw-ins,Final third entries,Final third phase,Long balls,Crosses,Duels,Dispossessed,Ground duels,Aerial duels,Dribbles,Tackles won,Total tackles,Interceptions,Recoveries,Clearances,Errors lead to a shot,Total saves,Goals prevented,Big saves,High claims,Punches,Goal kicks
9440258,390,36162,CALENDAR,REGULAR,Round 1,LEAGUE,2017,Confiança,Local,ALL,29/05/2021,1,3,52%,0.00,4,13,0,2,20,434,10,9,4,0,5,1,3,5,6,7,3,1,1,,2,8,363,13,53,,24/45 (53%),0/9 (0%),51%,2,23/56 (41%),19/27 (70%),4/12 (33%),60%,10,11,,19,,0,,,,,8
9440258,390,36162,CALENDAR,REGULAR,Round 1,LEAGUE,2017,Confiança,Local,1ST,29/05/2021,1,1,33%,0.00,2,4,0,0,,134,5,6,1,0,1,0,1,2,2,2,1,1,1,,2,2,101,9,19,,7/24 (29%),0/1 (0%),47%,1,12/31 (39%),8/12 (67%),1/7 (14%),40%,5,8,,14,,0,,,,,2
9440258,390,36162,CALENDAR,REGULAR,Round 1,LEAGUE,2017,Confiança,Local,2ND,29/05/2021,1,,69%,0.00,2,9,0,2,,300,5,3,3,0,4,1,2,3,4,5,2,0,0,,0,6,262,4,34,,17/21 (81%),0/8 (0%),55%,1,11/25 (44%),11/15 (73%),3/5 (60%),80%,5,3,,5,,0,,,,,6
9440258,390,36162,CALENDAR,REGULAR,Round 1,LEAGUE,1954,Cruzeiro,Visita,ALL,29/05/2021,1,1,48%,0.00,1,10,2,2,10,398,10,20,4,2,1,1,6,3,3,7,1,0,0,,3,1,320,24,71,,18/53 (34%),5/20 (25%),49%,7,33/56 (59%),8/27 (30%),5/8 (63%),30%,10,8,,16,,2,,,,,7
9440258,390,36162,CALENDAR,REGULAR,Round 1,LEAGUE,1954,Cruzeiro,Visita,1ST,29/05/2021,1,0,67%,0.00,0,5,0,1,,260,7,10,4,2,0,0,2,3,2,3,0,0,0,,1,0,220,13,39,,11/22 (50%),4/18 (22%),53%,4,19/31 (61%),4/12 (33%),3/4 (75%),29%,7,2,,4,,0,,,,,4
9440258,390,36162,CALENDAR,REGULAR,Round 1,LEAGUE,1954,Cruzeiro,Visita,2ND,29/05/2021,1,,31%,0.00,1,5,2,1,,138,3,10,0,0,1,1,4,0,1,4,1,0,0,,2,1,100,11,32,,7/31 (23%),1/2 (50%),45%,3,14/25 (56%),4/15 (27%),2/4 (50%),33%,3,6,,12,,2,,,,,3
9540289,390,36162,CALENDAR,REGULAR,Round 2,LEAGUE,1960,Goiás,Local,ALL,04/06/2021,2,2,40%,0.00,1,16,3,6,25,304,13,15,3,,5,0,6,5,8,8,,1,,,2,5,228,16,42,,18/58 (31%),3/20 (15%),47%,4,39/81 (48%),12/28 (43%),11/20 (55%),38%,13,18,,21,,3,,,,,5
9540289,390,36162,CALENDAR,REGULAR,Round 2,LEAGUE,1960,Goiás,Local,1ST,04/06/2021,2,1,44%,0.00,0,8,0,3,,174,6,8,0,,2,0,3,3,4,4,,0,,,2,3,137,8,23,,12/28 (43%),1/12 (8%),55%,1,21/40 (53%),8/13 (62%),7/14 (50%),50%,6,9,,10,,0,,,,,1
9540289,390,36162,CALENDAR,REGULAR,Round 2,LEAGUE,1960,Goiás,Local,2ND,04/06/2021,2,,37%,0.00,1,8,3,3,,130,7,7,3,,3,0,3,2,4,4,,1,,,0,2,91,8,19,,6/30 (20%),2/8 (25%),39%,3,18/41 (44%),4/15 (27%),4/6 (67%),29%,7,9,,11,,3,,,,,4
9540289,390,36162,CALENDAR,REGULAR,Round 2,LEAGUE,2017,Confiança,Visita,ALL,04/06/2021,2,0,60%,0.00,0,13,3,10,15,446,13,25,4,,3,0,6,4,8,5,,0,,,9,4,363,22,53,,17/42 (40%),8/31 (26%),53%,2,42/81 (52%),16/28 (57%),5/16 (31%),38%,13,13,,10,,3,,,,,13
9540289,390,36162,CALENDAR,REGULAR,Round 2,LEAGUE,2017,Confiança,Visita,1ST,04/06/2021,2,0,56%,0.00,0,3,1,4,,226,8,9,1,,0,0,2,1,2,1,,0,,,4,2,187,9,28,,12/29 (41%),1/13 (8%),45%,1,19/40 (48%),5/13 (38%),3/8 (38%),50%,8,5,,4,,1,,,,,10
9540289,390,36162,CALENDAR,REGULAR,Round 2,LEAGUE,2017,Confiança,Visita,2ND,04/06/2021,2,,63%,0.00,0,10,2,6,,220,5,16,3,,3,0,4,3,6,4,,0,,,5,2,176,13,25,,5/13 (38%),7/18 (39%),61%,1,23/41 (56%),11/15 (73%),2/8 (25%),20%,5,8,,6,,2,,,,,3
9540270,390,36162,CALENDAR,REGULAR,Round 3,LEAGUE,22032,Clube De Regatas Brasil,Local,ALL,12/06/2021,3,3,56%,0.00,4,17,1,2,15,505,12,22,5,,6,0,6,5,7,10,2,2,2,,4,0,440,26,53,,35/62 (56%),5/18 (28%),53%,7,43/80 (54%),9/18 (50%),9/15 (60%),42%,12,7,,4,,1,,,,,8
9540270,390,36162,CALENDAR,REGULAR,Round 3,LEAGUE,22032,Clube De Regatas Brasil,Local,1ST,12/06/2021,3,2,57%,0.00,4,8,1,0,,259,6,9,3,,4,0,2,2,3,5,2,2,2,,2,0,226,10,20,,17/31 (55%),1/5 (20%),50%,5,20/40 (50%),5/10 (50%),5/5 (100%),50%,6,3,,3,,1,,,,,1
9540270,390,36162,CALENDAR,REGULAR,Round 3,LEAGUE,22032,Clube De Regatas Brasil,Local,2ND,12/06/2021,3,,56%,0.00,0,9,0,2,,246,6,13,2,,2,0,4,3,4,5,0,0,0,,2,0,214,16,33,,18/31 (58%),4/13 (31%),56%,2,23/40 (57%),4/8 (50%),4/10 (40%),33%,6,4,,1,,0,,,,,7
9540270,390,36162,CALENDAR,REGULAR,Round 3,LEAGUE,2017,Confiança,Visita,ALL,12/06/2021,3,2,44%,0.00,2,11,3,1,24,393,13,15,2,,3,0,7,1,6,5,2,0,0,,3,1,337,22,40,,18/37 (49%),3/11 (27%),47%,8,37/80 (46%),9/18 (50%),9/13 (69%),54%,13,10,,12,,3,,,,,7
9540270,390,36162,CALENDAR,REGULAR,Round 3,LEAGUE,2017,Confiança,Visita,1ST,12/06/2021,3,2,43%,0.00,2,5,2,0,,201,5,10,1,,3,0,1,1,3,2,2,0,0,,2,0,175,10,17,,9/20 (45%),1/4 (25%),50%,5,20/40 (50%),5/10 (50%),5/6 (83%),40%,5,5,,4,,2,,,,,2
9540270,390,36162,CALENDAR,REGULAR,Round 3,LEAGUE,2017,Confiança,Visita,2ND,12/06/2021,3,,44%,0.00,0,6,1,1,,192,8,5,1,,0,0,6,0,3,3,0,0,0,,1,1,162,12,23,,9/17 (53%),2/7 (29%),44%,3,17/40 (43%),4/8 (50%),4/7 (57%),63%,8,5,,8,,1,,,,,5
9540290,390,36162,CALENDAR,REGULAR,Round 4,LEAGUE,2017,Confiança,Local,ALL,15/06/2021,4,1,65%,0.00,3,27,1,10,19,496,9,11,5,0,9,3,13,5,13,14,1,2,,,2,0,415,23,73,,27/46 (59%),5/24 (21%),40%,9,28/75 (37%),13/28 (46%),8/18 (44%),78%,9,4,,6,,1,,,,,8
9540290,390,36162,CALENDAR,REGULAR,Round 4,LEAGUE,2017,Confiança,Local,1ST,15/06/2021,4,1,60%,0.00,2,10,0,5,,256,1,5,3,0,3,2,4,3,6,4,1,1,,,2,0,210,13,29,,15/25 (60%),1/7 (14%),33%,6,11/35 (31%),2/5 (40%),5/10 (50%),0%,1,4,,2,,0,,,,,6
9540290,390,36162,CALENDAR,REGULAR,Round 4,LEAGUE,2017,Confiança,Local,2ND,15/06/2021,4,,70%,0.00,1,17,1,5,,240,8,6,2,0,6,1,9,2,7,10,0,1,,,0,0,205,10,44,,12/21 (57%),4/17 (24%),44%,3,17/40 (43%),11/23 (48%),3/8 (38%),88%,8,0,,4,,1,,,,,2
9540290,390,36162,CALENDAR,REGULAR,Round 4,LEAGUE,1986,Grêmio Esportivo Brasil,Visita,ALL,15/06/2021,4,1,35%,0.00,0,4,7,4,12,275,19,17,3,1,1,0,3,0,2,2,0,0,,,0,3,185,11,45,,26/71 (37%),3/13 (23%),60%,1,47/75 (63%),15/28 (54%),11/19 (58%),74%,19,11,,32,,7,,,,,12
9540290,390,36162,CALENDAR,REGULAR,Round 4,LEAGUE,1986,Grêmio Esportivo Brasil,Visita,1ST,15/06/2021,4,1,40%,0.00,0,2,2,2,,171,11,8,2,1,0,0,2,0,1,1,0,0,,,0,1,125,5,19,,13/32 (41%),2/7 (29%),67%,0,24/35 (69%),3/5 (60%),5/6 (83%),73%,11,8,,15,,2,,,,,2
9540290,390,36162,CALENDAR,REGULAR,Round 4,LEAGUE,1986,Grêmio Esportivo Brasil,Visita,2ND,15/06/2021,4,,30%,0.00,0,2,5,2,,104,8,9,1,0,1,0,1,0,1,1,0,0,,,0,2,60,6,26,,13/39 (33%),1/6 (17%),56%,1,23/40 (57%),12/23 (52%),6/13 (46%),75%,8,3,,17,,5,,,,,10
9540274,390,36162,CALENDAR,REGULAR,Round 5,LEAGUE,2005,Sampaio Corrêa,Local,ALL,19/06/2021,5,3,51%,0.00,2,16,0,5,23,375,4,14,0,,6,0,8,2,11,5,2,0,,,4,4,309,25,43,,26/56 (46%),3/23 (13%),39%,5,30/68 (44%),7/27 (26%),12/18 (67%),75%,4,19,,11,,0,,,,,7
9540274,390,36162,CALENDAR,REGULAR,Round 5,LEAGUE,2005,Sampaio Corrêa,Local,1ST,19/06/2021,5,0,54%,0.00,0,6,0,3,,211,1,4,0,,1,0,4,1,4,2,0,0,,,1,1,172,13,21,,7/22 (32%),2/10 (20%),36%,2,13/29 (45%),2/13 (15%),8/11 (73%),100%,1,9,,3,,0,,,,,5
9540274,390,36162,CALENDAR,REGULAR,Round 5,LEAGUE,2005,Sampaio Corrêa,Local,2ND,19/06/2021,5,,49%,0.00,2,10,0,2,,164,3,10,0,,5,0,4,1,7,3,2,0,,,3,3,137,12,22,,19/34 (56%),1/13 (8%),42%,3,17/39 (44%),5/14 (36%),4/7 (57%),67%,3,10,,8,,0,,,,,2
9540274,390,36162,CALENDAR,REGULAR,Round 5,LEAGUE,2017,Confiança,Visita,ALL,19/06/2021,5,1,49%,0.00,2,8,3,1,14,371,11,22,1,,1,0,5,2,4,4,1,1,,,5,2,284,22,55,,21/55 (38%),1/11 (9%),61%,2,38/68 (56%),20/27 (74%),6/8 (75%),45%,11,3,,27,,3,,,,,11
9540274,390,36162,CALENDAR,REGULAR,Round 5,LEAGUE,2017,Confiança,Visita,1ST,19/06/2021,5,1,46%,0.00,1,5,1,1,,189,5,9,1,,1,0,3,1,3,2,1,0,,,3,1,144,8,25,,10/32 (31%),1/3 (33%),64%,1,16/29 (55%),11/13 (85%),3/3 (100%),40%,5,3,,12,,1,,,,,6
9540274,390,36162,CALENDAR,REGULAR,Round 5,LEAGUE,2017,Confiança,Visita,2ND,19/06/2021,5,,51%,0.00,1,3,2,0,,182,6,13,0,,0,0,2,1,1,2,0,1,,,2,1,140,14,30,,11/23 (48%),0/8 (0%),58%,1,22/39 (56%),9/14 (64%),3/5 (60%),50%,6,0,,15,,2,,,,,5
9540279,390,36162,CALENDAR,REGULAR,Round 6,LEAGUE,2017,Confiança,Local,ALL,22/06/2021,6,1,39%,0.00,0,16,2,6,18,305,14,15,3,,3,0,6,7,7,9,,0,1,,4,2,217,26,68,,17/70 (24%),4/18 (22%),45%,5,38/87 (44%),14/29 (48%),9/19 (47%),36%,14,15,,19,,2,,,,,8
9540279,390,36162,CALENDAR,REGULAR,Round 6,LEAGUE,2017,Confiança,Local,1ST,22/06/2021,6,1,39%,0.00,0,10,2,5,,166,5,6,0,,2,0,4,4,5,5,,0,0,,2,1,116,9,31,,11/37 (30%),3/8 (38%),50%,3,13/31 (42%),9/13 (69%),2/5 (40%),40%,5,5,,14,,2,,,,,2
9540279,390,36162,CALENDAR,REGULAR,Round 6,LEAGUE,2017,Confiança,Local,2ND,22/06/2021,6,,39%,0.00,0,6,0,1,,139,9,9,3,,1,0,2,3,2,4,,0,1,,2,1,101,17,37,,6/33 (18%),1/10 (10%),42%,2,25/56 (45%),5/16 (31%),7/14 (50%),33%,9,10,,5,,0,,,,,6
9540279,390,36162,CALENDAR,REGULAR,Round 6,LEAGUE,2021,Vila Nova FC,Visita,ALL,22/06/2021,6,0,61%,0.00,1,10,2,5,17,488,15,18,5,,2,0,6,2,3,7,,1,0,,4,4,400,22,58,,17/52 (33%),3/19 (16%),55%,8,49/87 (56%),15/29 (52%),16/22 (73%),67%,15,9,,21,,2,,,,,13
9540279,390,36162,CALENDAR,REGULAR,Round 6,LEAGUE,2021,Vila Nova FC,Visita,1ST,22/06/2021,6,0,61%,0.00,0,6,1,2,,270,6,7,2,,2,0,4,0,1,5,,0,0,,3,3,228,10,31,,8/30 (27%),1/10 (10%),50%,1,18/31 (58%),4/13 (31%),5/9 (56%),50%,6,5,,9,,1,,,,,5
9540279,390,36162,CALENDAR,REGULAR,Round 6,LEAGUE,2021,Vila Nova FC,Visita,2ND,22/06/2021,6,,61%,0.00,1,4,1,3,,218,9,11,3,,0,0,2,2,2,2,,1,0,,1,1,172,12,27,,9/22 (41%),2/9 (22%),58%,7,31/56 (55%),11/16 (69%),11/13 (85%),78%,9,4,,12,,1,,,,,8
9540448,390,36162,CALENDAR,REGULAR,Round 7,LEAGUE,39634,Operário-PR,Local,ALL,25/06/2021,7,0,64%,0.00,2,25,4,8,25,506,2,15,3,,5,0,14,6,13,12,,2,1,,1,1,427,19,65,,28/54 (52%),6/20 (30%),53%,2,29/70 (41%),28/38 (74%),12/21 (57%),100%,2,17,,9,,4,,,,,6
9540448,390,36162,CALENDAR,REGULAR,Round 7,LEAGUE,39634,Operário-PR,Local,1ST,25/06/2021,7,0,66%,0.00,1,10,2,2,,298,2,7,1,,0,0,8,2,3,7,,1,0,,0,0,256,10,38,,14/30 (47%),3/9 (33%),56%,1,16/33 (48%),15/22 (68%),7/8 (88%),100%,2,6,,3,,2,,,,,3
9540448,390,36162,CALENDAR,REGULAR,Round 7,LEAGUE,39634,Operário-PR,Local,2ND,25/06/2021,7,,61%,0.00,1,15,2,6,,208,0,8,2,,5,0,6,4,10,5,,1,1,,1,1,171,9,27,,14/24 (58%),3/11 (27%),49%,1,13/37 (35%),13/16 (81%),5/13 (38%),0%,0,11,,6,,2,,,,,3
9540448,390,36162,CALENDAR,REGULAR,Round 7,LEAGUE,2017,Confiança,Visita,ALL,25/06/2021,7,0,36%,0.00,2,11,5,2,15,283,11,24,0,,4,0,4,3,3,8,,2,0,,5,2,199,24,39,,15/58 (26%),3/12 (25%),47%,0,41/70 (59%),10/38 (26%),6/8 (75%),36%,11,10,,21,,5,,,,,16
9540448,390,36162,CALENDAR,REGULAR,Round 7,LEAGUE,2017,Confiança,Visita,1ST,25/06/2021,7,0,34%,0.00,0,4,0,0,,152,2,11,0,,2,0,2,0,0,4,,0,0,,2,2,119,14,15,,10/27 (37%),1/5 (20%),44%,0,17/33 (52%),7/22 (32%),4/6 (67%),50%,2,5,,10,,0,,,,,8
9540448,390,36162,CALENDAR,REGULAR,Round 7,LEAGUE,2017,Confiança,Visita,2ND,25/06/2021,7,,39%,0.00,2,7,5,2,,131,9,13,0,,2,0,2,3,3,4,,2,0,,3,0,80,10,24,,5/31 (16%),2/7 (29%),51%,0,24/37 (65%),3/16 (19%),2/2 (100%),33%,9,5,,11,,5,,,,,8
9540424,390,36162,CALENDAR,REGULAR,Round 8,LEAGUE,2017,Confiança,Local,ALL,29/06/2021,8,0,38%,0.00,2,11,2,4,14,348,8,15,3,1,3,0,4,4,7,4,,2,1,,0,3,288,18,46,,18/38 (47%),3/18 (17%),41%,11,29/78 (37%),15/30 (50%),7/23 (30%),75%,8,7,,11,,2,,,,,11
9540424,390,36162,CALENDAR,REGULAR,Round 8,LEAGUE,2017,Confiança,Local,1ST,29/06/2021,8,0,38%,0.00,1,5,1,1,,159,4,7,1,0,1,0,2,2,3,2,,1,0,,0,2,128,7,21,,12/20 (60%),0/4 (0%),45%,5,17/44 (39%),10/16 (63%),6/18 (33%),100%,4,4,,9,,1,,,,,7
9540424,390,36162,CALENDAR,REGULAR,Round 8,LEAGUE,2017,Confiança,Local,2ND,29/06/2021,8,,39%,0.00,1,6,1,3,,189,4,8,2,1,2,0,2,2,4,2,,1,1,,0,1,160,11,25,,6/18 (33%),3/14 (21%),35%,6,12/34 (35%),5/14 (36%),1/5 (20%),50%,4,3,,2,,1,,,,,4
9540424,390,36162,CALENDAR,REGULAR,Round 8,LEAGUE,1982,Coritiba,Visita,ALL,29/06/2021,8,1,62%,0.00,0,11,3,3,16,571,27,14,3,0,3,0,4,4,3,8,,0,0,,3,4,509,17,71,,46/75 (61%),3/18 (17%),59%,5,49/78 (63%),15/30 (50%),9/12 (75%),59%,27,8,,11,,3,,,,,9
9540424,390,36162,CALENDAR,REGULAR,Round 8,LEAGUE,1982,Coritiba,Visita,1ST,29/06/2021,8,1,62%,0.00,0,8,1,1,,257,17,8,2,0,2,0,2,4,3,5,,0,0,,3,0,225,10,35,,21/36 (58%),3/13 (23%),55%,2,27/44 (61%),6/16 (38%),2/4 (50%),47%,17,5,,3,,1,,,,,4
9540424,390,36162,CALENDAR,REGULAR,Round 8,LEAGUE,1982,Coritiba,Visita,2ND,29/06/2021,8,,61%,0.00,0,3,2,2,,314,10,6,1,0,1,0,2,0,0,3,,0,0,,0,4,284,7,36,,25/39 (64%),0/5 (0%),65%,3,22/34 (65%),9/14 (64%),7/8 (88%),80%,10,3,,8,,2,,,,,5
9540396,390,36162,CALENDAR,REGULAR,Round 9,LEAGUE,1974,Vasco da Gama,Local,ALL,03/07/2021,9,1,41%,0.00,3,11,3,1,25,332,13,14,2,,6,0,3,2,6,5,1,2,,,1,4,248,27,64,,23/57 (40%),3/12 (25%),44%,6,40/83 (48%),8/25 (32%),13/19 (68%),77%,13,8,,23,,3,,,,,8
9540396,390,36162,CALENDAR,REGULAR,Round 9,LEAGUE,1974,Vasco da Gama,Local,1ST,03/07/2021,9,1,46%,0.00,1,3,2,0,,192,8,6,0,,1,0,1,1,2,1,1,0,,,0,2,152,13,29,,11/24 (46%),0/4 (0%),44%,4,19/39 (49%),3/11 (27%),5/9 (56%),63%,8,3,,11,,2,,,,,1
9540396,390,36162,CALENDAR,REGULAR,Round 9,LEAGUE,1974,Vasco da Gama,Local,2ND,03/07/2021,9,,36%,0.00,2,8,1,1,,140,5,8,2,,5,0,2,1,4,4,0,2,,,1,2,96,14,35,,12/33 (36%),3/8 (38%),45%,2,21/44 (48%),5/14 (36%),8/10 (80%),100%,5,5,,12,,1,,,,,7
9540396,390,36162,CALENDAR,REGULAR,Round 9,LEAGUE,2017,Confiança,Visita,ALL,03/07/2021,9,0,59%,0.00,0,16,5,4,15,479,12,25,3,,3,0,8,5,9,7,0,0,,,6,2,386,31,87,,30/51 (59%),3/22 (14%),56%,7,43/83 (52%),17/25 (68%),7/13 (54%),83%,12,6,,9,,5,,,,,6
9540396,390,36162,CALENDAR,REGULAR,Round 9,LEAGUE,2017,Confiança,Visita,1ST,03/07/2021,9,0,54%,0.00,0,7,0,2,,223,8,10,1,,2,0,3,2,4,3,0,0,,,4,0,179,13,37,,17/25 (68%),2/13 (15%),56%,5,20/39 (51%),8/11 (73%),3/6 (50%),88%,8,2,,4,,0,,,,,3
9540396,390,36162,CALENDAR,REGULAR,Round 9,LEAGUE,2017,Confiança,Visita,2ND,03/07/2021,9,,64%,0.00,0,9,5,2,,256,4,15,2,,1,0,5,3,5,4,0,0,,,2,2,207,18,50,,13/26 (50%),1/9 (11%),55%,2,23/44 (52%),9/14 (64%),4/7 (57%),75%,4,4,,5,,5,,,,,3
9540477,390,36162,CALENDAR,REGULAR,Round 10,LEAGUE,2017,Confiança,Local,ALL,10/07/2021,10,1,40%,0.00,2,13,1,5,22,332,18,14,4,0,6,1,5,2,8,5,1,1,,,2,,250,19,58,,28/54 (52%),5/20 (25%),54%,4,44/84 (52%),16/28 (57%),12/17 (71%),61%,18,14,,15,,1,,,,,7
9540477,390,36162,CALENDAR,REGULAR,Round 10,LEAGUE,2017,Confiança,Local,1ST,10/07/2021,10,1,33%,0.00,1,3,0,2,,144,8,3,1,0,2,0,0,1,1,2,1,0,,,1,,107,11,26,,11/30 (37%),1/5 (20%),41%,2,15/30 (50%),1/9 (11%),4/4 (100%),50%,8,8,,8,,0,,,,,6
9540477,390,36162,CALENDAR,REGULAR,Round 10,LEAGUE,2017,Confiança,Local,2ND,10/07/2021,10,,48%,0.00,1,10,1,3,,188,10,11,3,0,4,1,5,1,7,3,0,1,,,1,,143,8,32,,17/24 (71%),4/15 (27%),60%,2,29/54 (54%),15/19 (79%),8/13 (62%),70%,10,6,,7,,1,,,,,1
9540477,390,36162,CALENDAR,REGULAR,Round 10,LEAGUE,1962,Vitória,Visita,ALL,10/07/2021,10,1,60%,0.00,0,14,5,5,14,513,9,21,2,1,3,0,7,4,6,8,0,0,,,2,,439,21,73,,44/78 (56%),4/19 (21%),46%,9,40/84 (48%),12/28 (43%),11/20 (55%),22%,9,5,,14,,5,,,,,10
9540477,390,36162,CALENDAR,REGULAR,Round 10,LEAGUE,1962,Vitória,Visita,1ST,10/07/2021,10,1,67%,0.00,0,10,1,2,,298,2,9,0,0,2,0,5,3,4,6,0,0,,,0,,263,10,38,,22/35 (63%),2/11 (18%),59%,3,15/30 (50%),8/9 (89%),4/9 (44%),0%,2,2,,5,,1,,,,,4
9540477,390,36162,CALENDAR,REGULAR,Round 10,LEAGUE,1962,Vitória,Visita,2ND,10/07/2021,10,,52%,0.00,0,4,4,3,,215,7,12,2,1,1,0,2,1,2,2,0,0,,,2,,176,11,35,,22/43 (51%),2/8 (25%),40%,6,25/54 (46%),4/19 (21%),7/11 (64%),29%,7,3,,9,,4,,,,,6
9540479,390,36162,CALENDAR,REGULAR,Round 11,LEAGUE,7315,Avaí,Local,ALL,13/07/2021,11,2,65%,0.00,,22,1,12,16,459,15,17,4,,7,0,7,8,11,11,,,2,,2,0,381,23,78,,37/71 (52%),5/32 (16%),57%,4,42/71 (59%),16/31 (52%),10/13 (77%),67%,15,11,,15,,1,,,,,8
9540479,390,36162,CALENDAR,REGULAR,Round 11,LEAGUE,7315,Avaí,Local,1ST,13/07/2021,11,0,61%,0.00,,10,0,8,,229,9,7,3,,2,0,2,6,3,7,,,2,,0,0,191,9,44,,19/38 (50%),1/16 (6%),55%,1,20/33 (61%),6/14 (43%),4/5 (80%),56%,9,9,,10,,0,,,,,0
9540479,390,36162,CALENDAR,REGULAR,Round 11,LEAGUE,7315,Avaí,Local,2ND,13/07/2021,11,,69%,0.00,,12,1,4,,230,6,10,1,,5,0,5,2,8,4,,,0,,2,0,190,14,34,,18/33 (55%),4/16 (25%),58%,3,22/38 (58%),10/17 (59%),6/8 (75%),83%,6,2,,5,,1,,,,,8
9540479,390,36162,CALENDAR,REGULAR,Round 11,LEAGUE,2017,Confiança,Visita,ALL,13/07/2021,11,1,35%,0.00,,6,5,5,17,252,7,14,2,,2,0,2,2,2,4,,,0,,2,1,169,35,46,,23/54 (43%),2/20 (10%),43%,4,29/71 (41%),15/31 (48%),8/19 (42%),71%,7,16,,30,,5,,,,,13
9540479,390,36162,CALENDAR,REGULAR,Round 11,LEAGUE,2017,Confiança,Visita,1ST,13/07/2021,11,0,39%,0.00,,1,2,4,,147,2,7,1,,0,0,0,1,0,1,,,0,,0,0,97,19,22,,12/26 (46%),1/12 (8%),45%,2,13/33 (39%),8/14 (57%),4/11 (36%),50%,2,5,,18,,2,,,,,9
9540479,390,36162,CALENDAR,REGULAR,Round 11,LEAGUE,2017,Confiança,Visita,2ND,13/07/2021,11,,31%,0.00,,5,3,1,,105,5,7,1,,2,0,2,1,2,3,,,0,,2,1,72,16,24,,11/28 (39%),1/8 (13%),42%,2,16/38 (42%),7/17 (41%),4/8 (50%),80%,5,11,,12,,3,,,,,4
9540435,390,36162,CALENDAR,REGULAR,Round 12,LEAGUE,2017,Confiança,Local,ALL,16/07/2021,12,1,54%,0.00,1,16,4,8,14,400,18,19,2,1,3,1,8,5,9,7,0,1,,,4,3,308,27,84,,31/70 (44%),5/29 (17%),57%,3,42/75 (56%),16/26 (62%),5/14 (36%),56%,18,16,,8,,4,,,,,2
9540435,390,36162,CALENDAR,REGULAR,Round 12,LEAGUE,2017,Confiança,Local,1ST,16/07/2021,12,0,51%,0.00,1,8,1,2,,190,9,10,0,0,0,1,5,3,3,5,0,1,,,1,2,149,11,41,,12/33 (36%),1/13 (8%),57%,2,22/40 (55%),7/11 (64%),3/7 (43%),56%,9,9,,2,,1,,,,,0
9540435,390,36162,CALENDAR,REGULAR,Round 12,LEAGUE,2017,Confiança,Local,2ND,16/07/2021,12,,58%,0.00,0,8,3,6,,210,9,9,2,1,3,0,3,2,6,2,0,0,,,3,1,159,16,43,,19/37 (51%),4/16 (25%),58%,1,20/35 (57%),9/15 (60%),2/7 (29%),56%,9,7,,6,,3,,,,,2
9540435,390,36162,CALENDAR,REGULAR,Round 12,LEAGUE,1972,Guarani,Visita,ALL,16/07/2021,12,4,46%,0.00,2,12,1,4,19,351,12,13,3,0,8,0,2,2,4,8,2,0,,,4,2,262,21,60,,23/73 (32%),1/12 (8%),43%,12,33/75 (44%),10/26 (38%),8/14 (57%),58%,12,18,,20,,1,,,,,14
9540435,390,36162,CALENDAR,REGULAR,Round 12,LEAGUE,1972,Guarani,Visita,1ST,16/07/2021,12,2,49%,0.00,2,4,0,1,,191,6,5,3,0,3,0,0,1,2,2,2,0,,,1,0,147,9,33,,11/37 (30%),0/4 (0%),43%,6,18/40 (45%),4/11 (36%),7/10 (70%),67%,6,6,,9,,0,,,,,9
9540435,390,36162,CALENDAR,REGULAR,Round 12,LEAGUE,1972,Guarani,Visita,2ND,16/07/2021,12,,42%,0.00,0,8,1,3,,160,6,8,0,0,5,0,2,1,2,6,0,0,,,3,2,115,12,27,,12/36 (33%),1/8 (13%),42%,6,15/35 (43%),6/15 (40%),1/4 (25%),50%,6,12,,11,,1,,,,,5
9540942,390,36162,CALENDAR,REGULAR,Round 13,LEAGUE,2022,Londrina,Local,ALL,20/07/2021,13,0,66%,0.00,0,8,4,2,20,523,10,17,7,,1,0,5,2,4,4,,0,,,1,0,453,25,60,,32/53 (60%),4/25 (16%),49%,9,35/80 (44%),20/33 (61%),9/17 (53%),40%,10,11,,14,,4,,,,,10
9540942,390,36162,CALENDAR,REGULAR,Round 13,LEAGUE,2022,Londrina,Local,1ST,20/07/2021,13,0,67%,0.00,0,3,1,2,,295,7,8,4,,1,0,1,1,2,1,,0,,,0,0,258,13,32,,19/29 (66%),2/8 (25%),55%,2,20/42 (48%),8/9 (89%),5/9 (56%),29%,7,9,,9,,1,,,,,3
9540942,390,36162,CALENDAR,REGULAR,Round 13,LEAGUE,2022,Londrina,Local,2ND,20/07/2021,13,,65%,0.00,0,5,3,0,,228,3,9,3,,0,0,4,1,2,3,,0,,,1,0,195,12,28,,13/24 (54%),2/17 (12%),44%,7,15/38 (39%),12/24 (50%),4/8 (50%),67%,3,2,,5,,3,,,,,7
9540942,390,36162,CALENDAR,REGULAR,Round 13,LEAGUE,2017,Confiança,Visita,ALL,20/07/2021,13,0,34%,0.00,1,14,1,7,17,258,17,20,2,,4,0,9,1,6,8,,1,,,3,1,189,27,42,,19/45 (42%),5/17 (29%),51%,4,45/80 (56%),13/33 (39%),8/14 (57%),65%,17,13,,22,,1,,,,,11
9540942,390,36162,CALENDAR,REGULAR,Round 13,LEAGUE,2017,Confiança,Visita,1ST,20/07/2021,13,0,33%,0.00,0,4,1,3,,134,6,10,1,,1,0,3,0,2,2,,0,,,1,1,103,13,26,,10/23 (43%),1/9 (11%),45%,3,22/42 (52%),1/9 (11%),6/10 (60%),50%,6,8,,11,,1,,,,,2
9540942,390,36162,CALENDAR,REGULAR,Round 13,LEAGUE,2017,Confiança,Visita,2ND,20/07/2021,13,,35%,0.00,1,10,0,4,,124,11,10,1,,3,0,6,1,4,6,,1,,,2,0,86,14,16,,9/22 (41%),4/8 (50%),56%,1,23/38 (61%),12/24 (50%),2/4 (50%),73%,11,5,,11,,0,,,,,9
9540740,390,36162,CALENDAR,REGULAR,Round 14,LEAGUE,2017,Confiança,Local,ALL,24/07/2021,14,0,56%,0.00,1,22,1,10,14,454,10,17,4,0,9,0,8,5,12,10,,1,,,5,1,377,30,78,,39/66 (59%),8/38 (21%),48%,8,33/65 (51%),18/42 (43%),8/16 (50%),40%,10,8,,11,,1,,,,,10
9540740,390,36162,CALENDAR,REGULAR,Round 14,LEAGUE,2017,Confiança,Local,1ST,24/07/2021,14,0,45%,0.00,0,10,1,5,,196,5,6,3,0,2,0,5,3,5,5,,0,,,1,0,157,17,35,,17/31 (55%),4/15 (27%),46%,4,14/30 (47%),9/20 (45%),5/8 (63%),60%,5,3,,6,,1,,,,,5
9540740,390,36162,CALENDAR,REGULAR,Round 14,LEAGUE,2017,Confiança,Local,2ND,24/07/2021,14,,69%,0.00,1,12,0,5,,258,5,11,1,0,7,0,3,2,7,5,,1,,,4,1,220,13,43,,22/35 (63%),4/23 (17%),49%,4,19/35 (54%),9/22 (41%),3/8 (38%),20%,5,5,,5,,0,,,,,5
9540740,390,36162,CALENDAR,REGULAR,Round 14,LEAGUE,1958,Botafogo,Visita,ALL,24/07/2021,14,1,44%,0.00,1,11,9,3,17,367,16,14,5,1,2,0,7,2,5,6,,1,,,1,3,279,16,60,,35/70 (50%),4/14 (29%),52%,7,32/65 (49%),24/42 (57%),2/5 (40%),56%,16,10,,27,,9,,,,,16
9540740,390,36162,CALENDAR,REGULAR,Round 14,LEAGUE,1958,Botafogo,Visita,1ST,24/07/2021,14,1,55%,0.00,1,7,2,0,,249,7,9,1,0,2,0,4,1,3,4,,1,,,0,2,206,6,35,,24/38 (63%),2/8 (25%),54%,3,16/30 (53%),11/20 (55%),0/2 (0%),57%,7,7,,11,,2,,,,,6
9540740,390,36162,CALENDAR,REGULAR,Round 14,LEAGUE,1958,Botafogo,Visita,2ND,24/07/2021,14,,31%,0.00,0,4,7,3,,118,9,5,4,1,0,0,3,1,2,2,,0,,,1,1,73,10,25,,11/32 (34%),2/6 (33%),51%,4,16/35 (46%),13/22 (59%),2/3 (67%),56%,9,3,,16,,7,,,,,10
9540588,390,36162,CALENDAR,REGULAR,Round 15,LEAGUE,21884,Brusque,Local,ALL,31/07/2021,15,3,51%,0.00,4,7,2,1,15,426,20,19,1,,4,0,2,1,6,1,3,1,,,4,0,323,25,46,,42/88 (48%),4/15 (27%),56%,7,54/92 (59%),17/34 (50%),15/24 (63%),45%,20,8,,25,,2,,,,,8
9540588,390,36162,CALENDAR,REGULAR,Round 15,LEAGUE,21884,Brusque,Local,1ST,31/07/2021,15,3,53%,0.00,4,6,1,0,,225,6,7,0,,3,0,2,1,6,0,3,1,,,1,0,176,14,27,,22/40 (55%),3/7 (43%),55%,4,20/40 (50%),10/15 (67%),7/15 (47%),50%,6,2,,9,,1,,,,,2
9540588,390,36162,CALENDAR,REGULAR,Round 15,LEAGUE,21884,Brusque,Local,2ND,31/07/2021,15,,49%,0.00,0,1,1,1,,201,14,12,1,,1,0,0,0,0,1,0,0,,,3,0,147,11,19,,20/48 (42%),1/8 (13%),58%,3,34/52 (65%),7/19 (37%),8/9 (89%),43%,14,6,,16,,1,,,,,6
9540588,390,36162,CALENDAR,REGULAR,Round 15,LEAGUE,2017,Confiança,Visita,ALL,31/07/2021,15,0,49%,0.00,0,14,1,4,19,404,16,15,2,,2,0,5,7,3,11,0,0,,,3,1,309,25,65,,24/59 (41%),4/24 (17%),44%,14,38/92 (41%),17/34 (50%),8/14 (57%),50%,16,14,,17,,1,,,,,6
9540588,390,36162,CALENDAR,REGULAR,Round 15,LEAGUE,2017,Confiança,Visita,1ST,31/07/2021,15,0,47%,0.00,0,6,0,2,,193,12,6,1,,1,0,2,3,2,4,0,0,,,1,0,146,8,26,,11/29 (38%),3/13 (23%),45%,4,20/40 (50%),5/15 (33%),2/4 (50%),50%,12,10,,7,,0,,,,,4
9540588,390,36162,CALENDAR,REGULAR,Round 15,LEAGUE,2017,Confiança,Visita,2ND,31/07/2021,15,,51%,0.00,0,8,1,2,,211,4,9,1,,1,0,3,4,1,7,0,0,,,2,1,163,17,39,,13/30 (43%),1/11 (9%),42%,10,18/52 (35%),12/19 (63%),6/10 (60%),50%,4,4,,10,,1,,,,,2
9540689,390,36162,CALENDAR,REGULAR,Round 16,LEAGUE,2011,Náutico,Local,ALL,07/08/2021,16,0,67%,0.00,1,26,1,16,12,496,8,13,2,1,5,1,14,7,15,11,0,1,,,7,2,431,31,96,,29/38 (76%),13/45 (29%),55%,14,42/82 (51%),23/37 (62%),21/33 (64%),63%,8,7,,5,,1,,,,,2
9540689,390,36162,CALENDAR,REGULAR,Round 16,LEAGUE,2011,Náutico,Local,1ST,07/08/2021,16,0,66%,0.00,1,9,0,6,,272,5,4,1,0,0,1,8,1,5,4,0,1,,,1,2,232,10,56,,16/20 (80%),5/20 (25%),50%,5,18/38 (47%),13/24 (54%),9/15 (60%),60%,5,6,,3,,0,,,,,1
9540689,390,36162,CALENDAR,REGULAR,Round 16,LEAGUE,2011,Náutico,Local,2ND,07/08/2021,16,,68%,0.00,0,17,1,10,,224,3,9,1,1,5,0,6,6,10,7,0,0,,,6,0,199,21,40,,13/18 (72%),8/25 (32%),60%,9,24/44 (55%),10/13 (77%),12/18 (67%),67%,3,1,,2,,1,,,,,1
9540689,390,36162,CALENDAR,REGULAR,Round 16,LEAGUE,2017,Confiança,Visita,ALL,07/08/2021,16,4,33%,0.00,3,9,5,2,14,263,26,12,4,1,5,1,2,2,5,4,2,1,,,2,5,164,12,30,,20/66 (30%),1/6 (17%),45%,6,40/82 (49%),14/37 (38%),3/5 (60%),81%,26,17,,39,,5,,,,,19
9540689,390,36162,CALENDAR,REGULAR,Round 16,LEAGUE,2017,Confiança,Visita,1ST,07/08/2021,16,2,34%,0.00,2,3,0,1,,148,11,7,1,0,2,1,1,0,2,1,2,0,,,2,3,94,6,18,,16/41 (39%),0/4 (0%),50%,3,20/38 (53%),11/24 (46%),2/4 (50%),73%,11,12,,14,,0,,,,,11
9540689,390,36162,CALENDAR,REGULAR,Round 16,LEAGUE,2017,Confiança,Visita,2ND,07/08/2021,16,,32%,0.00,1,6,5,1,,115,15,5,3,1,3,0,1,2,3,3,0,1,,,0,2,70,6,12,,4/25 (16%),1/2 (50%),40%,3,20/44 (45%),3/13 (23%),1/1 (100%),87%,15,5,,25,,5,,,,,8
9540713,390,36162,CALENDAR,REGULAR,Round 17,LEAGUE,2017,Confiança,Local,ALL,10/08/2021,17,0,39%,0.00,2,12,2,6,19,321,10,11,1,,3,1,7,2,7,5,0,2,1,,1,1,247,17,47,,19/49 (39%),5/18 (28%),40%,6,28/66 (42%),11/31 (35%),7/14 (50%),60%,10,10,,13,,2,,,,,12
9540713,390,36162,CALENDAR,REGULAR,Round 17,LEAGUE,2017,Confiança,Local,1ST,10/08/2021,17,0,37%,0.00,0,4,1,0,,148,7,6,1,,1,0,3,0,2,2,0,0,0,,1,0,113,13,27,,10/23 (43%),1/4 (25%),41%,5,17/37 (46%),4/14 (29%),4/8 (50%),57%,7,4,,5,,1,,,,,5
9540713,390,36162,CALENDAR,REGULAR,Round 17,LEAGUE,2017,Confiança,Local,2ND,10/08/2021,17,,41%,0.00,2,8,1,6,,173,3,5,0,,2,1,4,2,5,3,0,2,1,,0,1,134,4,20,,9/26 (35%),4/14 (29%),39%,1,11/29 (38%),7/17 (41%),3/6 (50%),67%,3,6,,8,,1,,,,,7
9540713,390,36162,CALENDAR,REGULAR,Round 17,LEAGUE,2010,CSA,Visita,ALL,10/08/2021,17,2,61%,0.00,2,9,3,6,12,506,13,18,4,,4,0,5,0,7,2,2,0,1,,3,2,428,25,66,,22/45 (49%),6/25 (24%),60%,2,38/66 (58%),20/31 (65%),7/15 (47%),69%,13,9,,14,,3,,,,,7
9540713,390,36162,CALENDAR,REGULAR,Round 17,LEAGUE,2010,CSA,Visita,1ST,10/08/2021,17,0,63%,0.00,0,3,1,3,,253,9,9,2,,1,0,2,0,2,1,0,0,0,,3,0,214,14,32,,9/21 (43%),4/12 (33%),59%,1,20/37 (54%),10/14 (71%),2/8 (25%),89%,9,5,,7,,1,,,,,2
9540713,390,36162,CALENDAR,REGULAR,Round 17,LEAGUE,2010,CSA,Visita,2ND,10/08/2021,17,,59%,0.00,2,6,2,3,,253,4,9,2,,3,0,3,0,5,1,2,0,1,,0,2,214,11,34,,13/24 (54%),2/13 (15%),61%,1,18/29 (62%),10/17 (59%),5/7 (71%),25%,4,4,,7,,2,,,,,5
9540766,390,36162,CALENDAR,REGULAR,Round 18,LEAGUE,1969,Ponte Preta,Local,ALL,14/08/2021,18,4,43%,0.00,5,13,1,3,15,374,9,18,4,0,8,0,3,2,9,4,4,1,,,5,1,300,18,53,,41/73 (56%),5/9 (56%),53%,14,39/73 (53%),11/22 (50%),12/14 (86%),100%,9,13,,18,,1,,,,,13
9540766,390,36162,CALENDAR,REGULAR,Round 18,LEAGUE,1969,Ponte Preta,Local,1ST,14/08/2021,18,2,44%,0.00,3,9,1,2,,202,5,8,0,0,5,0,2,2,7,2,2,1,,,2,1,166,10,25,,20/34 (59%),3/5 (60%),62%,6,19/30 (63%),5/9 (56%),6/7 (86%),100%,5,9,,7,,1,,,,,6
9540766,390,36162,CALENDAR,REGULAR,Round 18,LEAGUE,1969,Ponte Preta,Local,2ND,14/08/2021,18,,41%,0.00,2,4,0,1,,172,4,10,4,0,3,0,1,0,2,2,2,0,,,3,0,134,8,28,,21/39 (54%),2/4 (50%),46%,8,20/43 (47%),6/13 (46%),6/7 (86%),100%,4,4,,11,,0,,,,,7
9540766,390,36162,CALENDAR,REGULAR,Round 18,LEAGUE,2017,Confiança,Visita,ALL,14/08/2021,18,2,57%,0.00,0,9,4,2,18,502,16,15,4,1,3,0,5,1,4,5,0,0,,,5,1,418,25,74,,34/61 (56%),2/13 (15%),47%,7,34/73 (47%),11/22 (50%),4/6 (67%),63%,16,8,,3,,4,,,,,11
9540766,390,36162,CALENDAR,REGULAR,Round 18,LEAGUE,2017,Confiança,Visita,1ST,14/08/2021,18,1,56%,0.00,0,4,3,1,,261,7,3,1,0,2,0,2,0,2,2,0,0,,,1,0,223,14,39,,16/30 (53%),1/5 (20%),38%,4,11/30 (37%),4/9 (44%),1/2 (50%),57%,7,4,,2,,3,,,,,5
9540766,390,36162,CALENDAR,REGULAR,Round 18,LEAGUE,2017,Confiança,Visita,2ND,14/08/2021,18,,59%,0.00,0,5,1,1,,241,9,12,3,1,1,0,3,1,2,3,0,0,,,4,1,195,11,35,,18/31 (58%),1/8 (13%),54%,3,23/43 (53%),7/13 (54%),3/4 (75%),67%,9,4,,1,,1,,,,,6
9540885,390,36162,CALENDAR,REGULAR,Round 19,LEAGUE,2017,Confiança,Local,ALL,17/08/2021,19,1,35%,0.00,0,14,6,6,21,266,11,8,3,,4,0,6,4,9,5,,0,,,3,2,186,25,60,,27/62 (44%),2/15 (13%),39%,6,22/66 (33%),15/30 (50%),3/12 (25%),73%,11,7,,27,,6,,,,,12
9540885,390,36162,CALENDAR,REGULAR,Round 19,LEAGUE,2017,Confiança,Local,1ST,17/08/2021,19,1,37%,0.00,0,8,0,6,,147,5,5,1,,3,0,1,4,6,2,,0,,,2,1,109,13,35,,14/28 (50%),2/11 (18%),44%,3,10/27 (37%),7/12 (58%),0/4 (0%),80%,5,6,,12,,0,,,,,6
9540885,390,36162,CALENDAR,REGULAR,Round 19,LEAGUE,2017,Confiança,Local,2ND,17/08/2021,19,,33%,0.00,0,6,6,0,,119,6,3,2,,1,0,5,0,3,3,,0,,,1,1,77,12,25,,13/34 (38%),0/4 (0%),35%,3,12/39 (31%),8/18 (44%),3/8 (38%),67%,6,1,,15,,6,,,,,6
9540885,390,36162,CALENDAR,REGULAR,Round 19,LEAGUE,2012,Remo,Visita,ALL,17/08/2021,19,2,65%,0.00,1,18,3,7,9,500,15,21,4,,7,0,8,3,8,10,,1,,,6,0,420,36,70,,22/56 (39%),7/23 (30%),61%,8,44/66 (67%),15/30 (50%),8/11 (73%),87%,15,6,,12,,3,,,,,8
9540885,390,36162,CALENDAR,REGULAR,Round 19,LEAGUE,2012,Remo,Visita,1ST,17/08/2021,19,1,63%,0.00,0,3,2,2,,260,7,9,2,,0,0,3,0,2,1,,0,,,1,0,223,20,33,,10/26 (38%),3/10 (30%),56%,4,17/27 (63%),5/12 (42%),1/2 (50%),71%,7,5,,7,,2,,,,,3
9540885,390,36162,CALENDAR,REGULAR,Round 19,LEAGUE,2012,Remo,Visita,2ND,17/08/2021,19,,67%,0.00,1,15,1,5,,240,8,12,2,,7,0,5,3,6,9,,1,,,5,0,197,16,37,,12/30 (40%),4/13 (31%),65%,4,27/39 (69%),10/18 (56%),7/9 (78%),100%,8,1,,5,,1,,,,,5
9540658,390,36162,CALENDAR,REGULAR,Round 20,LEAGUE,1954,Cruzeiro,Local,ALL,20/08/2021,20,1,62%,0.00,1,20,1,13,18,480,11,21,0,,6,0,7,7,9,11,1,,,,7,1,409,15,60,,16/34 (47%),4/26 (15%),56%,3,45/82 (55%),14/24 (58%),13/22 (59%),64%,11,7,,7,,1,,,,,5
9540658,390,36162,CALENDAR,REGULAR,Round 20,LEAGUE,1954,Cruzeiro,Local,1ST,20/08/2021,20,0,69%,0.00,0,8,0,5,,283,5,9,0,,2,0,4,2,5,3,0,,,,4,0,244,11,33,,9/17 (53%),2/14 (14%),59%,2,22/39 (56%),11/17 (65%),8/11 (73%),60%,5,4,,3,,0,,,,,3
9540658,390,36162,CALENDAR,REGULAR,Round 20,LEAGUE,1954,Cruzeiro,Local,2ND,20/08/2021,20,,55%,0.00,1,12,1,8,,197,6,12,0,,4,0,3,5,4,8,1,,,,3,1,165,4,27,,7/17 (41%),2/12 (17%),52%,1,23/43 (53%),3/7 (43%),5/11 (45%),67%,6,3,,4,,1,,,,,2
9540658,390,36162,CALENDAR,REGULAR,Round 20,LEAGUE,2017,Confiança,Visita,ALL,20/08/2021,20,0,38%,0.00,0,4,5,2,23,302,12,18,2,,1,0,2,1,0,4,0,,,,0,0,221,19,50,,19/56 (34%),0/7 (0%),44%,5,37/82 (45%),10/24 (42%),7/13 (54%),50%,12,8,,20,,5,,,,,8
9540658,390,36162,CALENDAR,REGULAR,Round 20,LEAGUE,2017,Confiança,Visita,1ST,20/08/2021,20,0,31%,0.00,0,1,2,0,,136,5,10,0,,0,0,1,0,0,1,0,,,,0,0,94,11,25,,9/30 (30%),0/1 (0%),41%,2,17/39 (44%),6/17 (35%),2/5 (40%),20%,5,5,,12,,2,,,,,5
9540658,390,36162,CALENDAR,REGULAR,Round 20,LEAGUE,2017,Confiança,Visita,2ND,20/08/2021,20,,45%,0.00,0,3,3,2,,166,7,8,2,,1,0,1,1,0,3,0,,,,0,0,127,8,25,,10/26 (38%),0/6 (0%),48%,3,20/43 (47%),4/7 (57%),5/8 (63%),71%,7,3,,8,,3,,,,,3
9540771,390,36162,CALENDAR,REGULAR,Round 21,LEAGUE,2017,Confiança,Local,ALL,26/08/2021,21,1,46%,0.00,1,7,6,7,14,335,13,20,2,,3,0,3,1,5,2,0,1,,,2,0,226,29,52,,15/63 (24%),3/18 (17%),45%,4,40/77 (52%),11/37 (30%),7/18 (39%),62%,13,9,,19,,6,,,,,8
9540771,390,36162,CALENDAR,REGULAR,Round 21,LEAGUE,2017,Confiança,Local,1ST,26/08/2021,21,0,41%,0.00,1,4,3,3,,162,8,9,0,,1,0,3,0,3,1,0,1,,,1,0,104,14,28,,9/34 (26%),2/6 (33%),43%,1,20/39 (51%),6/22 (27%),3/11 (27%),38%,8,2,,12,,3,,,,,6
9540771,390,36162,CALENDAR,REGULAR,Round 21,LEAGUE,2017,Confiança,Local,2ND,26/08/2021,21,,53%,0.00,0,3,3,4,,173,5,11,2,,2,0,0,1,2,1,0,0,,,1,0,122,15,24,,6/29 (21%),1/12 (8%),47%,3,20/38 (53%),5/15 (33%),4/7 (57%),100%,5,7,,7,,3,,,,,2
9540771,390,36162,CALENDAR,REGULAR,Round 21,LEAGUE,1960,Goiás,Visita,ALL,26/08/2021,21,2,54%,0.00,1,18,2,5,21,396,15,13,2,,8,1,7,3,9,9,1,0,,,2,3,312,21,79,,26/60 (43%),6/24 (25%),55%,7,37/77 (48%),26/37 (70%),9/15 (60%),53%,15,23,,14,,2,,,,,6
9540771,390,36162,CALENDAR,REGULAR,Round 21,LEAGUE,1960,Goiás,Visita,1ST,26/08/2021,21,1,59%,0.00,1,10,1,4,,233,9,5,0,,4,0,5,1,5,5,1,0,,,0,0,191,9,43,,19/33 (58%),3/15 (20%),57%,4,19/39 (49%),16/22 (73%),5/9 (56%),56%,9,11,,7,,1,,,,,3
9540771,390,36162,CALENDAR,REGULAR,Round 21,LEAGUE,1960,Goiás,Visita,2ND,26/08/2021,21,,47%,0.00,0,8,1,1,,163,6,8,2,,4,1,2,2,4,4,0,0,,,2,3,121,12,36,,7/27 (26%),3/9 (33%),53%,3,18/38 (47%),10/15 (67%),4/6 (67%),50%,6,12,,7,,1,,,,,3
9540892,390,36162,CALENDAR,REGULAR,Round 22,LEAGUE,2017,Confiança,Local,ALL,01/09/2021,22,1,55%,0.00,2,19,2,7,16,435,16,8,4,,7,0,8,4,9,10,1,1,0,,4,2,361,25,62,,21/44 (48%),15/34 (44%),49%,6,34/72 (47%),16/31 (52%),10/21 (48%),38%,16,6,,8,,2,,,,,5
9540892,390,36162,CALENDAR,REGULAR,Round 22,LEAGUE,2017,Confiança,Local,1ST,01/09/2021,22,0,53%,0.00,1,10,0,5,,220,10,5,2,,3,0,4,3,4,6,0,1,0,,2,0,181,15,25,,9/20 (45%),7/15 (47%),57%,3,19/36 (53%),9/13 (69%),4/8 (50%),30%,10,3,,3,,0,,,,,2
9540892,390,36162,CALENDAR,REGULAR,Round 22,LEAGUE,2017,Confiança,Local,2ND,01/09/2021,22,,57%,0.00,1,9,2,2,,215,6,3,2,,4,0,4,1,5,4,1,0,0,,2,2,180,10,37,,12/24 (50%),8/19 (42%),41%,3,15/36 (42%),7/18 (39%),6/13 (46%),50%,6,3,,5,,2,,,,,3
9540892,390,36162,CALENDAR,REGULAR,Round 22,LEAGUE,22032,Clube De Regatas Brasil,Visita,ALL,01/09/2021,22,2,45%,0.00,1,12,6,4,8,374,17,16,1,,5,1,6,1,5,7,1,0,2,,2,3,293,16,47,,23/81 (28%),2/11 (18%),51%,8,38/72 (53%),15/31 (48%),5/13 (38%),71%,17,14,,12,,6,,,,,7
9540892,390,36162,CALENDAR,REGULAR,Round 22,LEAGUE,22032,Clube De Regatas Brasil,Visita,1ST,01/09/2021,22,1,47%,0.00,0,2,3,0,,199,7,8,0,,1,0,1,0,0,2,0,0,0,,1,2,162,7,19,,14/40 (35%),2/6 (33%),43%,5,17/36 (47%),4/13 (31%),2/7 (29%),43%,7,9,,4,,3,,,,,4
9540892,390,36162,CALENDAR,REGULAR,Round 22,LEAGUE,22032,Clube De Regatas Brasil,Visita,2ND,01/09/2021,22,,43%,0.00,1,10,3,4,,175,10,8,1,,4,1,5,1,5,5,1,0,2,,1,1,131,9,28,,9/41 (22%),0/5 (0%),59%,3,21/36 (58%),11/18 (61%),3/6 (50%),90%,10,5,,8,,3,,,,,3
9540712,390,36162,CALENDAR,REGULAR,Round 23,LEAGUE,1986,Grêmio Esportivo Brasil,Local,ALL,07/09/2021,23,1,59%,0.00,0,12,1,12,11,367,7,16,1,,4,0,3,5,9,3,0,,,,4,1,272,23,55,,26/71 (37%),8/27 (30%),49%,7,26/52 (50%),19/40 (48%),5/10 (50%),71%,7,11,,18,,1,,,,,9
9540712,390,36162,CALENDAR,REGULAR,Round 23,LEAGUE,1986,Grêmio Esportivo Brasil,Local,1ST,07/09/2021,23,1,57%,0.00,0,4,1,3,,213,6,10,1,,2,0,0,2,3,1,0,,,,2,0,167,8,23,,20/43 (47%),5/9 (56%),57%,4,17/29 (59%),7/13 (54%),2/4 (50%),67%,6,6,,8,,1,,,,,5
9540712,390,36162,CALENDAR,REGULAR,Round 23,LEAGUE,1986,Grêmio Esportivo Brasil,Local,2ND,07/09/2021,23,,60%,0.00,0,8,0,9,,154,1,6,0,,2,0,3,3,6,2,0,,,,2,1,105,15,32,,6/28 (21%),3/18 (17%),42%,3,9/23 (39%),12/27 (44%),3/6 (50%),100%,1,5,,10,,0,,,,,4
9540712,390,36162,CALENDAR,REGULAR,Round 23,LEAGUE,2017,Confiança,Visita,ALL,07/09/2021,23,1,41%,0.00,1,7,3,3,18,259,12,10,2,,2,0,3,2,4,3,1,,,,2,1,168,19,49,,16/58 (28%),1/19 (5%),51%,6,26/52 (50%),21/40 (53%),5/6 (83%),67%,12,6,,28,,3,,,,,12
9540712,390,36162,CALENDAR,REGULAR,Round 23,LEAGUE,2017,Confiança,Visita,1ST,07/09/2021,23,1,43%,0.00,1,5,1,2,,154,6,4,1,,2,0,2,1,3,2,1,,,,2,1,111,12,30,,12/30 (40%),1/11 (9%),43%,5,12/29 (41%),6/13 (46%),2/3 (67%),83%,6,1,,4,,1,,,,,5
9540712,390,36162,CALENDAR,REGULAR,Round 23,LEAGUE,2017,Confiança,Visita,2ND,07/09/2021,23,,40%,0.00,0,2,2,1,,105,6,6,1,,0,0,1,1,1,1,0,,,,0,0,57,7,19,,4/28 (14%),0/8 (0%),58%,1,14/23 (61%),15/27 (56%),3/3 (100%),50%,6,5,,24,,2,,,,,7
9540600,390,36162,CALENDAR,REGULAR,Round 24,LEAGUE,2017,Confiança,Local,ALL,17/09/2021,24,2,41%,0.00,3,9,3,2,15,290,17,12,4,,4,1,5,0,3,6,1,2,1,,4,1,216,24,51,,19/49 (39%),1/15 (7%),50%,12,38/79 (48%),13/24 (54%),9/17 (53%),76%,17,10,,23,,3,,,,,4
9540600,390,36162,CALENDAR,REGULAR,Round 24,LEAGUE,2017,Confiança,Local,1ST,17/09/2021,24,1,48%,0.00,1,7,1,1,,189,7,6,1,,2,1,5,0,1,6,0,1,0,,1,0,142,21,28,,8/19 (42%),1/10 (10%),48%,8,19/43 (44%),8/13 (62%),6/11 (55%),100%,7,4,,5,,1,,,,,0
9540600,390,36162,CALENDAR,REGULAR,Round 24,LEAGUE,2017,Confiança,Local,2ND,17/09/2021,24,,31%,0.00,2,2,2,1,,101,10,6,3,,2,0,0,0,2,0,1,1,1,,3,1,74,3,23,,11/30 (37%),0/5 (0%),51%,4,19/36 (53%),5/11 (45%),3/6 (50%),60%,10,6,,18,,2,,,,,4
9540600,390,36162,CALENDAR,REGULAR,Round 24,LEAGUE,2005,Sampaio Corrêa,Visita,ALL,17/09/2021,24,0,59%,0.00,0,9,2,5,13,409,20,15,3,,3,1,3,3,6,3,0,0,0,,3,2,331,25,74,,47/76 (62%),6/27 (22%),50%,10,41/79 (52%),11/24 (46%),6/13 (46%),65%,20,9,,11,,2,,,,,8
9540600,390,36162,CALENDAR,REGULAR,Round 24,LEAGUE,2005,Sampaio Corrêa,Visita,1ST,17/09/2021,24,0,52%,0.00,0,3,1,3,,201,13,5,1,,1,1,1,1,3,0,0,0,0,,0,0,149,8,36,,24/44 (55%),3/10 (30%),52%,2,24/43 (56%),5/13 (38%),6/11 (55%),54%,13,8,,8,,1,,,,,8
9540600,390,36162,CALENDAR,REGULAR,Round 24,LEAGUE,2005,Sampaio Corrêa,Visita,2ND,17/09/2021,24,,69%,0.00,0,6,1,2,,208,7,10,2,,2,0,2,2,3,3,0,0,0,,3,2,182,17,38,,23/32 (72%),3/17 (18%),49%,8,17/36 (47%),6/11 (55%),0/2 (0%),86%,7,1,,3,,1,,,,,0
9540897,390,36162,CALENDAR,REGULAR,Round 25,LEAGUE,2021,Vila Nova FC,Local,ALL,21/09/2021,25,0,51%,0.00,1,14,0,6,27,336,17,23,2,,1,1,9,4,11,3,,1,1,,7,3,272,17,48,,32/49 (65%),7/19 (37%),51%,3,49/94 (52%),8/18 (44%),9/17 (53%),71%,17,7,,10,,0,,,,,7
9540897,390,36162,CALENDAR,REGULAR,Round 25,LEAGUE,2021,Vila Nova FC,Local,1ST,21/09/2021,25,0,49%,0.00,0,6,0,2,,147,14,14,1,,0,0,3,3,4,2,,0,0,,5,2,124,9,29,,15/21 (71%),5/10 (50%),57%,2,36/58 (62%),3/10 (30%),8/11 (73%),79%,14,5,,6,,0,,,,,2
9540897,390,36162,CALENDAR,REGULAR,Round 25,LEAGUE,2021,Vila Nova FC,Local,2ND,21/09/2021,25,,53%,0.00,1,8,0,4,,189,3,9,1,,1,1,6,1,7,1,,1,1,,2,1,148,8,19,,17/28 (61%),2/9 (22%),41%,1,13/36 (36%),5/8 (63%),1/6 (17%),33%,3,2,,4,,0,,,,,5
9540897,390,36162,CALENDAR,REGULAR,Round 25,LEAGUE,2017,Confiança,Visita,ALL,21/09/2021,25,0,49%,0.00,0,8,1,6,26,323,11,26,3,,0,0,2,6,2,6,,0,0,,2,1,254,16,42,,22/50 (44%),3/16 (19%),49%,9,45/94 (48%),10/18 (56%),9/17 (53%),91%,11,15,,10,,1,,,,,10
9540897,390,36162,CALENDAR,REGULAR,Round 25,LEAGUE,2017,Confiança,Visita,1ST,21/09/2021,25,0,51%,0.00,0,2,0,4,,152,5,14,1,,0,0,1,1,0,2,,0,0,,1,0,125,11,18,,8/15 (53%),1/10 (10%),43%,7,22/58 (38%),7/10 (70%),4/11 (36%),100%,5,5,,5,,0,,,,,5
9540897,390,36162,CALENDAR,REGULAR,Round 25,LEAGUE,2017,Confiança,Visita,2ND,21/09/2021,25,,47%,0.00,0,6,1,2,,171,6,12,2,,0,0,1,5,2,4,,0,0,,1,1,129,5,24,,14/35 (40%),2/6 (33%),59%,2,23/36 (64%),3/8 (38%),5/6 (83%),83%,6,10,,5,,1,,,,,5
9540556,390,36162,CALENDAR,REGULAR,Round 26,LEAGUE,2017,Confiança,Local,ALL,25/09/2021,26,1,47%,0.00,2,6,5,3,22,335,13,13,5,,2,0,2,2,4,2,1,1,,,2,3,260,23,54,,20/48 (42%),2/8 (25%),41%,5,31/79 (39%),12/26 (46%),5/22 (23%),54%,13,8,,24,,5,,,,,5
9540556,390,36162,CALENDAR,REGULAR,Round 26,LEAGUE,2017,Confiança,Local,1ST,25/09/2021,26,0,46%,0.00,0,2,2,2,,182,7,7,2,,0,0,1,1,1,1,0,0,,,0,3,146,6,27,,9/24 (38%),1/5 (20%),42%,2,16/34 (47%),3/11 (27%),2/7 (29%),57%,7,3,,12,,2,,,,,3
9540556,390,36162,CALENDAR,REGULAR,Round 26,LEAGUE,2017,Confiança,Local,2ND,25/09/2021,26,,48%,0.00,2,4,3,1,,153,6,6,3,,2,0,1,1,3,1,1,1,,,2,0,114,17,27,,11/24 (46%),1/3 (33%),40%,3,15/45 (33%),9/15 (60%),3/15 (20%),50%,6,5,,12,,3,,,,,2
9540556,390,36162,CALENDAR,REGULAR,Round 26,LEAGUE,39634,Operário-PR,Visita,ALL,25/09/2021,26,0,53%,0.00,0,13,1,7,14,372,22,20,3,,5,0,3,5,4,9,0,0,,,4,2,289,20,65,,34/67 (51%),4/22 (18%),59%,9,48/79 (61%),14/26 (54%),6/10 (60%),68%,22,13,,10,,1,,,,,5
9540556,390,36162,CALENDAR,REGULAR,Round 26,LEAGUE,39634,Operário-PR,Visita,1ST,25/09/2021,26,0,54%,0.00,0,8,0,4,,212,7,10,1,,2,0,3,3,2,6,0,0,,,1,2,172,9,32,,21/36 (58%),1/11 (9%),58%,5,18/34 (53%),8/11 (73%),1/3 (33%),57%,7,6,,6,,0,,,,,3
9540556,390,36162,CALENDAR,REGULAR,Round 26,LEAGUE,39634,Operário-PR,Visita,2ND,25/09/2021,26,,52%,0.00,0,5,1,3,,160,15,10,2,,3,0,0,2,2,3,0,0,,,3,0,117,11,33,,13/31 (42%),3/11 (27%),60%,4,30/45 (67%),6/15 (40%),5/7 (71%),73%,15,7,,4,,1,,,,,2
9540678,390,36162,CALENDAR,REGULAR,Round 27,LEAGUE,1982,Coritiba,Local,ALL,28/09/2021,27,1,69%,0.00,2,21,0,7,17,577,10,14,5,,5,1,11,5,14,7,1,1,0,,3,2,498,26,69,,42/56 (75%),14/37 (38%),48%,11,34/73 (47%),16/31 (52%),10/14 (71%),50%,10,5,,3,,0,,,,,5
9540678,390,36162,CALENDAR,REGULAR,Round 27,LEAGUE,1982,Coritiba,Local,1ST,28/09/2021,27,0,68%,0.00,0,11,0,5,,294,5,5,1,,1,1,7,3,8,3,0,0,0,,1,0,254,14,36,,21/26 (81%),6/20 (30%),48%,7,13/29 (45%),6/11 (55%),3/4 (75%),40%,5,1,,0,,0,,,,,2
9540678,390,36162,CALENDAR,REGULAR,Round 27,LEAGUE,1982,Coritiba,Local,2ND,28/09/2021,27,,70%,0.00,2,10,0,2,,283,5,9,4,,4,0,4,2,6,4,1,1,0,,2,2,244,12,33,,21/30 (70%),8/17 (47%),48%,4,21/44 (48%),10/20 (50%),7/10 (70%),60%,5,4,,3,,0,,,,,3
9540678,390,36162,CALENDAR,REGULAR,Round 27,LEAGUE,2017,Confiança,Visita,ALL,28/09/2021,27,1,31%,0.00,0,5,4,1,14,260,15,16,1,,1,0,3,1,3,2,0,0,1,,3,1,179,22,50,,23/61 (38%),5/11 (45%),52%,2,39/73 (53%),15/31 (48%),8/16 (50%),73%,15,9,,32,,4,,,,,13
9540678,390,36162,CALENDAR,REGULAR,Round 27,LEAGUE,2017,Confiança,Visita,1ST,28/09/2021,27,1,32%,0.00,0,3,1,1,,139,8,4,0,,1,0,1,1,2,1,0,0,0,,0,0,103,6,22,,12/30 (40%),3/6 (50%),52%,2,16/29 (55%),5/11 (45%),4/7 (57%),75%,8,3,,23,,1,,,,,7
9540678,390,36162,CALENDAR,REGULAR,Round 27,LEAGUE,2017,Confiança,Visita,2ND,28/09/2021,27,,30%,0.00,0,2,3,0,,121,7,12,1,,0,0,2,0,1,1,0,0,1,,3,1,76,16,28,,11/31 (35%),2/5 (40%),52%,0,23/44 (52%),10/20 (50%),4/9 (44%),71%,7,6,,9,,3,,,,,6
9540679,390,36162,CALENDAR,REGULAR,Round 28,LEAGUE,2017,Confiança,Local,ALL,03/10/2021,28,1,40%,0.00,2,11,,6,11,334,10,10,1,,1,0,6,4,6,5,1,1,,,1,1,272,24,59,,25/56 (45%),3/22 (14%),44%,7,24/49 (49%),5/17 (29%),4/10 (40%),80%,10,9,,19,,,,,,,6
9540679,390,36162,CALENDAR,REGULAR,Round 28,LEAGUE,2017,Confiança,Local,1ST,03/10/2021,28,0,31%,0.00,0,5,,4,,144,6,5,1,,0,0,3,2,2,3,0,0,,,1,1,118,6,23,,11/22 (50%),1/12 (8%),56%,2,14/23 (61%),4/9 (44%),3/5 (60%),83%,6,8,,12,,,,,,,1
9540679,390,36162,CALENDAR,REGULAR,Round 28,LEAGUE,2017,Confiança,Local,2ND,03/10/2021,28,,52%,0.00,2,6,,2,,190,4,5,0,,1,0,3,2,4,2,1,1,,,0,0,154,18,36,,14/34 (41%),2/10 (20%),32%,5,10/26 (38%),1/8 (13%),1/5 (20%),75%,4,1,,7,,,,,,,5
9540679,390,36162,CALENDAR,REGULAR,Round 28,LEAGUE,1974,Vasco da Gama,Visita,ALL,03/10/2021,28,2,60%,0.00,1,7,,3,12,516,13,10,2,,2,0,5,0,4,3,1,0,,,1,1,459,22,56,,21/45 (47%),4/18 (22%),56%,4,25/49 (51%),12/17 (71%),2/8 (25%),62%,13,4,,23,,,,,,,10
9540679,390,36162,CALENDAR,REGULAR,Round 28,LEAGUE,1974,Vasco da Gama,Visita,1ST,03/10/2021,28,0,69%,0.00,0,1,,2,,339,4,4,1,,0,0,1,0,1,0,0,0,,,0,0,311,10,31,,12/22 (55%),1/9 (11%),44%,2,9/23 (39%),5/9 (56%),1/5 (20%),50%,4,2,,7,,,,,,,5
9540679,390,36162,CALENDAR,REGULAR,Round 28,LEAGUE,1974,Vasco da Gama,Visita,2ND,03/10/2021,28,,48%,0.00,1,6,,1,,177,9,6,1,,2,0,4,0,3,3,1,0,,,1,1,148,12,25,,9/23 (39%),3/9 (33%),68%,2,16/26 (62%),7/8 (88%),1/3 (33%),67%,9,2,,16,,,,,,,5
9540677,390,36162,CALENDAR,REGULAR,Round 29,LEAGUE,1962,Vitória,Local,ALL,09/10/2021,29,0,66%,0.00,2,29,2,12,15,501,6,14,1,,8,0,15,6,10,19,,2,,,4,1,440,22,80,,32/42 (76%),10/42 (24%),53%,8,31/70 (44%),28/41 (68%),11/21 (52%),67%,6,8,,14,,2,,,,,2
9540677,390,36162,CALENDAR,REGULAR,Round 29,LEAGUE,1962,Vitória,Local,1ST,09/10/2021,29,0,65%,0.00,1,18,1,8,,249,3,8,0,,5,0,10,3,7,11,,1,,,1,0,224,13,33,,17/22 (77%),6/20 (30%),47%,6,16/36 (44%),12/24 (50%),5/10 (50%),67%,3,3,,8,,1,,,,,0
9540677,390,36162,CALENDAR,REGULAR,Round 29,LEAGUE,1962,Vitória,Local,2ND,09/10/2021,29,,68%,0.00,1,11,1,4,,252,3,6,1,,3,0,5,3,3,8,,1,,,3,1,216,9,47,,15/20 (75%),4/22 (18%),61%,2,15/34 (44%),16/17 (94%),6/11 (55%),67%,3,5,,6,,1,,,,,2
9540677,390,36162,CALENDAR,REGULAR,Round 29,LEAGUE,2017,Confiança,Visita,ALL,09/10/2021,29,1,34%,0.00,2,5,8,4,14,264,18,15,1,,3,0,2,0,3,2,,2,,,2,0,180,14,46,,32/73 (44%),2/10 (20%),47%,3,39/70 (56%),13/41 (32%),6/9 (67%),72%,18,8,,42,,8,,,,,17
9540677,390,36162,CALENDAR,REGULAR,Round 29,LEAGUE,2017,Confiança,Visita,1ST,09/10/2021,29,1,35%,0.00,0,2,5,2,,138,11,7,0,,2,0,0,0,1,1,,0,,,2,0,98,8,24,,21/39 (54%),2/6 (33%),53%,2,20/36 (56%),12/24 (50%),2/3 (67%),82%,11,3,,18,,5,,,,,11
9540677,390,36162,CALENDAR,REGULAR,Round 29,LEAGUE,2017,Confiança,Visita,2ND,09/10/2021,29,,32%,0.00,2,3,3,2,,126,7,8,1,,1,0,2,0,2,1,,2,,,0,0,82,6,22,,11/34 (32%),0/4 (0%),39%,1,19/34 (56%),1/17 (6%),4/6 (67%),57%,7,5,,24,,3,,,,,6
9540744,390,36162,CALENDAR,REGULAR,Round 30,LEAGUE,2017,Confiança,Local,ALL,16/10/2021,30,3,34%,0.00,4,11,5,3,13,246,12,8,1,,4,1,5,2,7,4,2,2,,,2,4,171,23,42,,16/48 (33%),1/9 (11%),49%,5,26/52 (50%),12/26 (46%),6/12 (50%),67%,12,6,,28,,5,,,,,10
9540744,390,36162,CALENDAR,REGULAR,Round 30,LEAGUE,2017,Confiança,Local,1ST,16/10/2021,30,1,35%,0.00,1,5,3,3,,126,4,5,0,,1,0,2,2,2,3,1,0,,,1,3,97,13,21,,7/16 (44%),0/7 (0%),47%,1,11/21 (52%),4/11 (36%),2/6 (33%),75%,4,2,,7,,3,,,,,7
9540744,390,36162,CALENDAR,REGULAR,Round 30,LEAGUE,2017,Confiança,Local,2ND,16/10/2021,30,,32%,0.00,3,6,2,0,,120,8,3,1,,3,1,3,0,5,1,1,2,,,1,1,74,10,21,,9/32 (28%),1/2 (50%),50%,4,15/31 (48%),8/15 (53%),4/6 (67%),63%,8,4,,21,,2,,,,,3
9540744,390,36162,CALENDAR,REGULAR,Round 30,LEAGUE,7315,Avaí,Visita,ALL,16/10/2021,30,1,66%,0.00,2,15,1,9,10,484,11,11,2,,6,0,5,4,8,7,1,1,,,5,0,398,32,84,,29/52 (56%),7/30 (23%),51%,8,26/52 (50%),14/26 (54%),4/8 (50%),82%,11,7,,6,,1,,,,,3
9540744,390,36162,CALENDAR,REGULAR,Round 30,LEAGUE,7315,Avaí,Visita,1ST,16/10/2021,30,0,65%,0.00,1,7,0,6,,242,5,4,0,,3,0,3,1,3,4,0,1,,,2,0,210,8,40,,12/24 (50%),3/12 (25%),53%,3,10/21 (48%),7/11 (64%),1/2 (50%),80%,5,5,,4,,0,,,,,2
9540744,390,36162,CALENDAR,REGULAR,Round 30,LEAGUE,7315,Avaí,Visita,2ND,16/10/2021,30,,68%,0.00,1,8,1,3,,242,6,7,2,,3,0,2,3,5,3,1,0,,,3,0,188,24,44,,17/28 (61%),4/18 (22%),50%,5,16/31 (52%),7/15 (47%),3/6 (50%),83%,6,2,,2,,1,,,,,1
9540486,390,36162,CALENDAR,REGULAR,Round 31,LEAGUE,1972,Guarani,Local,ALL,22/10/2021,31,1,56%,0.00,1,8,1,7,24,454,14,10,3,2,2,0,4,2,7,1,1,,,,2,3,385,16,50,,20/46 (43%),5/17 (29%),42%,5,28/67 (42%),10/23 (43%),4/9 (44%),50%,14,7,,13,,1,,,,,13
9540486,390,36162,CALENDAR,REGULAR,Round 31,LEAGUE,1972,Guarani,Local,1ST,22/10/2021,31,1,67%,0.00,1,7,1,4,,299,5,5,0,0,2,0,3,2,6,1,1,,,,1,2,260,13,29,,12/19 (63%),4/13 (31%),45%,3,13/32 (41%),7/12 (58%),3/5 (60%),60%,5,4,,4,,1,,,,,4
9540486,390,36162,CALENDAR,REGULAR,Round 31,LEAGUE,1972,Guarani,Local,2ND,22/10/2021,31,,42%,0.00,0,1,0,3,,155,9,5,3,2,0,0,1,0,1,0,0,,,,1,1,125,3,21,,8/27 (30%),1/4 (25%),39%,2,15/35 (43%),3/11 (27%),1/4 (25%),44%,9,3,,9,,0,,,,,9
9540486,390,36162,CALENDAR,REGULAR,Round 31,LEAGUE,2017,Confiança,Visita,ALL,22/10/2021,31,2,44%,0.00,2,11,1,3,10,350,10,23,1,0,3,0,5,3,7,4,2,,,,3,0,290,14,60,,18/40 (45%),6/20 (30%),58%,6,39/67 (58%),13/23 (57%),6/14 (43%),60%,10,7,,18,,1,,,,,11
9540486,390,36162,CALENDAR,REGULAR,Round 31,LEAGUE,2017,Confiança,Visita,1ST,22/10/2021,31,0,33%,0.00,0,2,1,2,,147,5,10,0,0,1,0,1,0,0,2,0,,,,1,0,106,11,24,,5/24 (21%),0/5 (0%),55%,2,19/32 (59%),5/12 (42%),4/7 (57%),40%,5,5,,11,,1,,,,,7
9540486,390,36162,CALENDAR,REGULAR,Round 31,LEAGUE,2017,Confiança,Visita,2ND,22/10/2021,31,,58%,0.00,2,9,0,1,,203,5,13,1,0,2,0,4,3,7,2,2,,,,2,0,184,3,36,,13/16 (81%),6/15 (40%),61%,4,20/35 (57%),8/11 (73%),2/7 (29%),80%,5,2,,7,,0,,,,,4
9540902,390,36162,CALENDAR,REGULAR,Round 32,LEAGUE,2017,Confiança,Local,ALL,30/10/2021,32,0,63%,0.00,0,18,4,5,19,453,11,32,1,,9,1,5,4,8,10,,0,0,,8,1,378,19,64,,29/47 (62%),7/27 (26%),56%,10,48/84 (57%),14/27 (52%),7/11 (64%),91%,11,21,,4,,4,,,,,5
9540902,390,36162,CALENDAR,REGULAR,Round 32,LEAGUE,2017,Confiança,Local,1ST,30/10/2021,32,0,57%,0.00,0,6,1,2,,200,3,15,1,,3,1,2,1,2,4,,0,0,,2,0,162,11,23,,11/27 (41%),3/11 (27%),51%,4,19/36 (53%),7/15 (47%),2/3 (67%),100%,3,10,,3,,1,,,,,1
9540902,390,36162,CALENDAR,REGULAR,Round 32,LEAGUE,2017,Confiança,Local,2ND,30/10/2021,32,,69%,0.00,0,12,3,3,,253,8,17,0,,6,0,3,3,6,6,,0,0,,6,1,216,8,41,,18/20 (90%),4/16 (25%),60%,6,29/48 (60%),7/12 (58%),5/8 (63%),88%,8,11,,1,,3,,,,,4
9540902,390,36162,CALENDAR,REGULAR,Round 32,LEAGUE,2022,Londrina,Visita,ALL,30/10/2021,32,2,37%,0.00,2,15,9,5,32,271,14,17,3,,6,0,4,5,10,5,,2,1,,1,1,196,14,43,,34/71 (48%),3/10 (30%),44%,9,36/84 (43%),13/27 (48%),6/8 (75%),86%,14,15,,34,,9,,,,,6
9540902,390,36162,CALENDAR,REGULAR,Round 32,LEAGUE,2022,Londrina,Visita,1ST,30/10/2021,32,2,43%,0.00,1,6,3,2,,157,5,11,1,,3,0,2,1,5,1,,1,1,,0,0,121,8,25,,22/42 (52%),2/6 (33%),49%,3,17/36 (47%),8/15 (53%),2/2 (100%),80%,5,6,,10,,3,,,,,3
9540902,390,36162,CALENDAR,REGULAR,Round 32,LEAGUE,2022,Londrina,Visita,2ND,30/10/2021,32,,31%,0.00,1,9,6,3,,114,9,6,2,,3,0,2,4,5,4,,1,0,,1,1,75,6,18,,12/29 (41%),1/4 (25%),40%,6,19/48 (40%),5/12 (42%),4/6 (67%),89%,9,9,,24,,6,,,,,3
9540868,390,36162,CALENDAR,REGULAR,Round 33,LEAGUE,1958,Botafogo,Local,ALL,03/11/2021,33,1,47%,0.00,5,12,1,9,14,397,12,10,2,,4,0,4,4,10,2,1,4,,,6,2,323,19,56,,31/51 (61%),6/21 (29%),52%,4,34/63 (54%),16/34 (47%),12/17 (71%),67%,12,18,,12,,1,,,,,10
9540868,390,36162,CALENDAR,REGULAR,Round 33,LEAGUE,1958,Botafogo,Local,1ST,03/11/2021,33,0,54%,0.00,2,5,1,5,,225,3,6,1,,1,0,3,1,4,1,0,2,,,4,1,193,10,31,,16/23 (70%),6/17 (35%),55%,3,16/28 (57%),8/16 (50%),7/8 (88%),67%,3,6,,5,,1,,,,,4
9540868,390,36162,CALENDAR,REGULAR,Round 33,LEAGUE,1958,Botafogo,Local,2ND,03/11/2021,33,,40%,0.00,3,7,0,4,,172,9,4,1,,3,0,1,3,6,1,1,2,,,2,1,130,9,25,,15/28 (54%),0/4 (0%),49%,1,18/35 (51%),8/18 (44%),5/9 (56%),67%,9,12,,7,,0,,,,,6
9540868,390,36162,CALENDAR,REGULAR,Round 33,LEAGUE,2017,Confiança,Visita,ALL,03/11/2021,33,0,53%,0.00,1,6,3,3,14,449,9,13,3,,1,1,4,1,2,4,0,1,,,2,1,369,16,58,,32/63 (51%),3/15 (20%),48%,7,29/63 (46%),18/34 (53%),9/14 (64%),78%,9,8,,19,,3,,,,,8
9540868,390,36162,CALENDAR,REGULAR,Round 33,LEAGUE,2017,Confiança,Visita,1ST,03/11/2021,33,0,46%,0.00,1,3,1,1,,199,4,5,1,,1,0,1,1,2,1,0,1,,,0,1,163,6,23,,17/35 (49%),1/6 (17%),45%,3,12/28 (43%),8/16 (50%),4/4 (100%),75%,4,3,,10,,1,,,,,5
9540868,390,36162,CALENDAR,REGULAR,Round 33,LEAGUE,2017,Confiança,Visita,2ND,03/11/2021,33,,60%,0.00,0,3,2,2,,250,5,8,2,,0,1,3,0,0,3,0,0,,,2,0,206,10,35,,15/28 (54%),2/9 (22%),51%,4,17/35 (49%),10/18 (56%),5/10 (50%),80%,5,5,,9,,2,,,,,3
9540762,390,36162,CALENDAR,REGULAR,Round 34,LEAGUE,2017,Confiança,Local,ALL,06/11/2021,34,3,53%,0.00,4,15,3,6,14,412,10,17,5,,7,0,5,3,11,4,3,1,1,,6,2,326,12,54,,30/70 (43%),8/24 (33%),50%,6,33/66 (50%),18/35 (51%),6/13 (46%),40%,10,11,,26,,3,,,,,10
9540762,390,36162,CALENDAR,REGULAR,Round 34,LEAGUE,2017,Confiança,Local,1ST,06/11/2021,34,0,65%,0.00,1,8,1,5,,251,6,8,3,,3,0,2,3,5,3,0,1,0,,2,0,208,8,29,,16/29 (55%),4/17 (24%),51%,3,19/36 (53%),9/19 (47%),5/10 (50%),17%,6,7,,6,,1,,,,,2
9540762,390,36162,CALENDAR,REGULAR,Round 34,LEAGUE,2017,Confiança,Local,2ND,06/11/2021,34,,41%,0.00,3,7,2,1,,161,4,9,2,,4,0,3,0,6,1,3,0,1,,4,2,118,4,25,,14/41 (34%),4/7 (57%),50%,3,14/30 (47%),9/16 (56%),1/3 (33%),75%,4,4,,20,,2,,,,,8
9540762,390,36162,CALENDAR,REGULAR,Round 34,LEAGUE,21884,Brusque,Visita,ALL,06/11/2021,34,2,47%,0.00,2,12,4,6,17,367,13,12,3,,5,0,5,2,8,4,2,0,0,,4,2,280,20,72,,37/60 (62%),6/22 (27%),50%,2,33/66 (50%),17/35 (49%),8/16 (50%),69%,13,5,,16,,4,,,,,8
9540762,390,36162,CALENDAR,REGULAR,Round 34,LEAGUE,21884,Brusque,Visita,1ST,06/11/2021,34,1,35%,0.00,1,4,3,4,,138,8,7,1,,2,0,1,1,3,1,1,0,0,,2,2,94,9,26,,18/35 (51%),3/7 (43%),49%,1,17/36 (47%),10/19 (53%),2/7 (29%),50%,8,4,,12,,3,,,,,5
9540762,390,36162,CALENDAR,REGULAR,Round 34,LEAGUE,21884,Brusque,Visita,2ND,06/11/2021,34,,59%,0.00,1,8,1,2,,229,5,5,2,,3,0,4,1,5,3,1,0,0,,2,0,186,11,46,,19/25 (76%),3/15 (20%),50%,1,16/30 (53%),7/16 (44%),6/9 (67%),100%,5,1,,4,,1,,,,,3
9540730,390,36162,CALENDAR,REGULAR,Round 35,LEAGUE,2017,Confiança,Local,ALL,09/11/2021,35,0,41%,0.00,2,19,1,6,19,291,17,11,3,,3,0,7,9,11,8,,2,,,2,1,211,17,54,,30/64 (47%),9/25 (36%),50%,5,39/80 (49%),15/29 (52%),10/19 (53%),76%,17,17,,9,,1,,,,,10
9540730,390,36162,CALENDAR,REGULAR,Round 35,LEAGUE,2017,Confiança,Local,1ST,09/11/2021,35,0,38%,0.00,1,8,1,2,,151,12,6,0,,0,0,3,5,3,5,,1,,,1,0,110,5,23,,15/33 (45%),3/8 (38%),56%,3,23/40 (57%),4/8 (50%),4/7 (57%),83%,12,9,,4,,1,,,,,4
9540730,390,36162,CALENDAR,REGULAR,Round 35,LEAGUE,2017,Confiança,Local,2ND,09/11/2021,35,,45%,0.00,1,11,0,4,,140,5,5,3,,3,0,4,4,8,3,,1,,,1,1,101,12,31,,15/31 (48%),6/17 (35%),44%,2,16/40 (40%),11/21 (52%),6/12 (50%),60%,5,8,,5,,0,,,,,6
9540730,390,36162,CALENDAR,REGULAR,Round 35,LEAGUE,2011,Náutico,Visita,ALL,09/11/2021,35,0,59%,0.00,0,13,3,5,12,435,14,18,2,,1,0,7,5,7,6,,0,,,1,4,342,20,59,,38/66 (58%),5/16 (31%),50%,15,41/80 (51%),14/29 (48%),9/12 (75%),71%,14,10,,15,,3,,,,,11
9540730,390,36162,CALENDAR,REGULAR,Round 35,LEAGUE,2011,Náutico,Visita,1ST,09/11/2021,35,0,62%,0.00,0,4,0,1,,255,6,7,1,,1,0,3,0,2,2,,0,,,0,2,213,11,35,,21/34 (62%),1/7 (14%),44%,10,17/40 (43%),4/8 (50%),4/7 (57%),67%,6,5,,3,,0,,,,,5
9540730,390,36162,CALENDAR,REGULAR,Round 35,LEAGUE,2011,Náutico,Visita,2ND,09/11/2021,35,,55%,0.00,0,9,3,4,,180,8,11,1,,0,0,4,5,5,4,,0,,,1,2,129,9,24,,17/32 (53%),4/9 (44%),56%,5,24/40 (60%),10/21 (48%),5/5 (100%),75%,8,5,,12,,3,,,,,6
9540523,390,36162,CALENDAR,REGULAR,Round 36,LEAGUE,2010,CSA,Local,ALL,12/11/2021,36,0,66%,0.00,2,12,4,10,12,423,12,13,2,0,3,1,6,3,5,7,,2,,,6,2,355,31,81,,50/68 (74%),8/42 (19%),53%,11,33/60 (55%),15/31 (48%),8/11 (73%),58%,12,5,,17,,4,,,,,5
9540523,390,36162,CALENDAR,REGULAR,Round 36,LEAGUE,2010,CSA,Local,1ST,12/11/2021,36,0,57%,0.00,1,8,3,3,,182,7,9,1,0,1,1,4,3,4,4,,1,,,4,1,156,12,29,,28/33 (85%),4/16 (25%),47%,7,19/37 (51%),6/16 (38%),3/5 (60%),29%,7,4,,13,,3,,,,,1
9540523,390,36162,CALENDAR,REGULAR,Round 36,LEAGUE,2010,CSA,Local,2ND,12/11/2021,36,,74%,0.00,1,4,1,7,,241,5,4,1,0,2,0,2,0,1,3,,1,,,2,1,199,19,52,,22/35 (63%),4/26 (15%),61%,4,14/23 (61%),9/15 (60%),5/6 (83%),100%,5,1,,4,,1,,,,,4
9540523,390,36162,CALENDAR,REGULAR,Round 36,LEAGUE,2017,Confiança,Visita,ALL,12/11/2021,36,0,34%,0.00,1,15,3,7,13,228,14,12,3,1,4,0,5,6,8,7,,1,,,2,2,151,16,50,,13/56 (23%),4/15 (27%),47%,5,27/60 (45%),16/31 (52%),1/8 (13%),64%,14,11,,37,,3,,,,,17
9540523,390,36162,CALENDAR,REGULAR,Round 36,LEAGUE,2017,Confiança,Visita,1ST,12/11/2021,36,0,43%,0.00,0,10,1,6,,136,9,8,1,0,3,0,2,5,7,3,,0,,,2,2,98,5,20,,5/22 (23%),3/12 (25%),53%,2,18/37 (49%),10/16 (63%),1/6 (17%),78%,9,9,,11,,1,,,,,5
9540523,390,36162,CALENDAR,REGULAR,Round 36,LEAGUE,2017,Confiança,Visita,2ND,12/11/2021,36,,26%,0.00,1,5,2,1,,92,5,4,2,1,1,0,3,1,1,4,,1,,,0,0,53,11,30,,8/34 (24%),1/3 (33%),39%,3,9/23 (39%),6/15 (40%),0/2 (0%),40%,5,2,,26,,2,,,,,12
9540608,390,36162,CALENDAR,REGULAR,Round 37,LEAGUE,2017,Confiança,Local,ALL,20/11/2021,37,0,55%,0.00,0,12,4,5,7,455,12,9,3,1,3,1,6,3,4,8,0,,0,,4,2,399,20,52,,23/50 (46%),3/24 (13%),56%,6,32/52 (62%),5/14 (36%),11/13 (85%),83%,12,11,,18,,4,,,,,6
9540608,390,36162,CALENDAR,REGULAR,Round 37,LEAGUE,2017,Confiança,Local,1ST,20/11/2021,37,0,51%,0.00,0,5,0,2,,229,5,4,1,0,2,0,1,2,1,4,0,,0,,1,1,200,12,20,,13/26 (50%),1/7 (14%),54%,2,14/23 (61%),1/5 (20%),5/5 (100%),80%,5,6,,14,,0,,,,,3
9540608,390,36162,CALENDAR,REGULAR,Round 37,LEAGUE,2017,Confiança,Local,2ND,20/11/2021,37,,60%,0.00,0,7,4,3,,226,7,5,2,1,1,1,5,1,3,4,0,,0,,3,1,199,8,32,,10/24 (42%),2/17 (12%),58%,4,18/29 (62%),4/9 (44%),6/8 (75%),86%,7,5,,4,,4,,,,,3
9540608,390,36162,CALENDAR,REGULAR,Round 37,LEAGUE,1969,Ponte Preta,Visita,ALL,20/11/2021,37,1,45%,0.00,1,10,3,6,10,372,8,7,3,0,5,0,5,0,5,5,1,,1,,2,0,319,18,36,,35/57 (61%),2/14 (14%),44%,10,20/52 (38%),9/14 (64%),5/7 (71%),50%,8,15,,29,,3,,,,,14
9540608,390,36162,CALENDAR,REGULAR,Round 37,LEAGUE,1969,Ponte Preta,Visita,1ST,20/11/2021,37,0,49%,0.00,0,3,2,5,,216,2,3,1,0,0,0,3,0,2,1,0,,1,,0,0,188,10,19,,17/30 (57%),1/10 (10%),46%,4,9/23 (39%),4/5 (80%),4/5 (80%),100%,2,8,,10,,2,,,,,4
9540608,390,36162,CALENDAR,REGULAR,Round 37,LEAGUE,1969,Ponte Preta,Visita,2ND,20/11/2021,37,,40%,0.00,1,7,1,1,,156,6,4,2,0,5,0,2,0,3,4,1,,0,,2,0,131,8,17,,18/27 (67%),1/4 (25%),42%,6,11/29 (38%),5/9 (56%),1/2 (50%),33%,6,7,,19,,1,,,,,10
9540500,390,36162,CALENDAR,REGULAR,Round 38,LEAGUE,2012,Remo,Local,ALL,28/11/2021,38,0,63%,0.00,1,17,3,10,13,441,20,11,1,,6,0,11,0,11,6,,1,,,5,1,347,27,69,,32/63 (51%),13/41 (32%),51%,13,39/86 (45%),32/52 (62%),8/16 (50%),40%,20,11,,5,,3,,,,,9
9540500,390,36162,CALENDAR,REGULAR,Round 38,LEAGUE,2012,Remo,Local,1ST,28/11/2021,38,0,61%,0.00,0,9,0,5,,230,11,4,0,,3,0,6,0,5,4,,0,,,2,1,183,16,38,,21/36 (58%),6/13 (46%),52%,5,18/40 (45%),15/24 (63%),3/7 (43%),27%,11,9,,2,,0,,,,,2
9540500,390,36162,CALENDAR,REGULAR,Round 38,LEAGUE,2012,Remo,Local,2ND,28/11/2021,38,,66%,0.00,1,8,3,5,,211,9,7,1,,3,0,5,0,6,2,,1,,,3,0,164,11,31,,11/27 (41%),7/28 (25%),51%,8,21/46 (46%),17/28 (61%),5/9 (56%),56%,9,2,,3,,3,,,,,7
9540500,390,36162,CALENDAR,REGULAR,Round 38,LEAGUE,2017,Confiança,Visita,ALL,28/11/2021,38,0,37%,0.00,2,11,6,4,12,274,21,12,2,,3,0,6,2,4,7,,2,,,2,0,175,26,58,,19/83 (23%),3/8 (38%),49%,9,47/86 (55%),20/52 (38%),14/25 (56%),52%,21,14,,27,,6,,,,,17
9540500,390,36162,CALENDAR,REGULAR,Round 38,LEAGUE,2017,Confiança,Visita,1ST,28/11/2021,38,0,39%,0.00,0,2,3,2,,154,9,5,0,,0,0,1,1,0,2,,0,,,0,0,95,14,32,,10/45 (22%),2/4 (50%),48%,5,22/40 (55%),9/24 (38%),8/14 (57%),44%,9,8,,8,,3,,,,,10
9540500,390,36162,CALENDAR,REGULAR,Round 38,LEAGUE,2017,Confiança,Visita,2ND,28/11/2021,38,,34%,0.00,2,9,3,2,,120,12,7,2,,3,0,5,1,4,5,,2,,,2,0,80,12,26,,9/38 (24%),1/4 (25%),49%,4,25/46 (54%),11/28 (39%),6/11 (55%),58%,12,6,,19,,3,,,,,7
10148866,1281,40640,CALENDAR,REGULAR,Round 5,LEAGUE,283918,Manaus,Local,ALL,07/05/2022,5,0,,,,,,4,,,,,2,,,,,,,,,,,,,,,,,,,,,,,,,,,,,,,,,,,,
10148866,1281,40640,CALENDAR,REGULAR,Round 5,LEAGUE,283918,Manaus,Local,1ST,07/05/2022,5,,,,,,,,,,,,,,,,,,,,,,,,,,,,,,,,,,,,,,,,,,,,,,,,
10148866,1281,40640,CALENDAR,REGULAR,Round 5,LEAGUE,283918,Manaus,Local,2ND,07/05/2022,5,,,,,,,,,,,,,,,,,,,,,,,,,,,,,,,,,,,,,,,,,,,,,,,,
10148866,1281,40640,CALENDAR,REGULAR,Round 5,LEAGUE,2017,Confiança,Visita,ALL,07/05/2022,5,0,,,,,,7,,,,,3,,,,,,,,,,,,,,,,,,,,,,,,,,,,,,,,,,,,
10148866,1281,40640,CALENDAR,REGULAR,Round 5,LEAGUE,2017,Confiança,Visita,1ST,07/05/2022,5,,,,,,,,,,,,,,,,,,,,,,,,,,,,,,,,,,,,,,,,,,,,,,,,
10148866,1281,40640,CALENDAR,REGULAR,Round 5,LEAGUE,2017,Confiança,Visita,2ND,07/05/2022,5,,,,,,,,,,,,,,,,,,,,,,,,,,,,,,,,,,,,,,,,,,,,,,,,
10148873,1281,40640,CALENDAR,REGULAR,Round 6,LEAGUE,2017,Confiança,Local,ALL,17/05/2022,6,1,,,,,,6,,,,,1,,,,,,,,,,,,,,,,,,,,,,,,,,,,,,,,,,,,
10148873,1281,40640,CALENDAR,REGULAR,Round 6,LEAGUE,2017,Confiança,Local,1ST,17/05/2022,6,,,,,,,,,,,,,,,,,,,,,,,,,,,,,,,,,,,,,,,,,,,,,,,,
10148873,1281,40640,CALENDAR,REGULAR,Round 6,LEAGUE,2017,Confiança,Local,2ND,17/05/2022,6,,,,,,,,,,,,,,,,,,,,,,,,,,,,,,,,,,,,,,,,,,,,,,,,
10148873,1281,40640,CALENDAR,REGULAR,Round 6,LEAGUE,32672,Ferroviário,Visita,ALL,17/05/2022,6,0,,,,,,6,,,,,3,,,,,,,,,,,,,,,,,,,,,,,,,,,,,,,,,,,,
10148873,1281,40640,CALENDAR,REGULAR,Round 6,LEAGUE,32672,Ferroviário,Visita,1ST,17/05/2022,6,,,,,,,,,,,,,,,,,,,,,,,,,,,,,,,,,,,,,,,,,,,,,,,,
10148873,1281,40640,CALENDAR,REGULAR,Round 6,LEAGUE,32672,Ferroviário,Visita,2ND,17/05/2022,6,,,,,,,,,,,,,,,,,,,,,,,,,,,,,,,,,,,,,,,,,,,,,,,,
10148884,1281,40640,CALENDAR,REGULAR,Round 7,LEAGUE,1962,Vitória,Local,ALL,22/05/2022,7,3,,,,,,3,,,,,5,,,,,,,,,,,,,,,,,,,,,,,,,,,,,,,,,,,,
10148884,1281,40640,CALENDAR,REGULAR,Round 7,LEAGUE,1962,Vitória,Local,1ST,22/05/2022,7,,,,,,,,,,,,,,,,,,,,,,,,,,,,,,,,,,,,,,,,,,,,,,,,
10148884,1281,40640,CALENDAR,REGULAR,Round 7,LEAGUE,1962,Vitória,Local,2ND,22/05/2022,7,,,,,,,,,,,,,,,,,,,,,,,,,,,,,,,,,,,,,,,,,,,,,,,,
10148884,1281,40640,CALENDAR,REGULAR,Round 7,LEAGUE,2017,Confiança,Visita,ALL,22/05/2022,7,0,,,,,,3,,,,,1,,,,,,,,,,,,,,,,,,,,,,,,,,,,,,,,,,,,
10148884,1281,40640,CALENDAR,REGULAR,Round 7,LEAGUE,2017,Confiança,Visita,1ST,22/05/2022,7,,,,,,,,,,,,,,,,,,,,,,,,,,,,,,,,,,,,,,,,,,,,,,,,
10148884,1281,40640,CALENDAR,REGULAR,Round 7,LEAGUE,2017,Confiança,Visita,2ND,22/05/2022,7,,,,,,,,,,,,,,,,,,,,,,,,,,,,,,,,,,,,,,,,,,,,,,,,
10148893,1281,40640,CALENDAR,REGULAR,Round 8,LEAGUE,2017,Confiança,Local,ALL,28/05/2022,8,1,,,,,,7,,,,,5,,,,,,,,,,,,,,,,,,,,,,,,,,,,,,,,,,,,
10148893,1281,40640,CALENDAR,REGULAR,Round 8,LEAGUE,2017,Confiança,Local,1ST,28/05/2022,8,,,,,,,,,,,,,,,,,,,,,,,,,,,,,,,,,,,,,,,,,,,,,,,,
10148893,1281,40640,CALENDAR,REGULAR,Round 8,LEAGUE,2017,Confiança,Local,2ND,28/05/2022,8,,,,,,,,,,,,,,,,,,,,,,,,,,,,,,,,,,,,,,,,,,,,,,,,
10148893,1281,40640,CALENDAR,REGULAR,Round 8,LEAGUE,32794,AA Aparecidense,Visita,ALL,28/05/2022,8,1,,,,,,1,,,,,4,,,,,,,,,,,,,,,,,,,,,,,,,,,,,,,,,,,,
10148893,1281,40640,CALENDAR,REGULAR,Round 8,LEAGUE,32794,AA Aparecidense,Visita,1ST,28/05/2022,8,,,,,,,,,,,,,,,,,,,,,,,,,,,,,,,,,,,,,,,,,,,,,,,,
10148893,1281,40640,CALENDAR,REGULAR,Round 8,LEAGUE,32794,AA Aparecidense,Visita,2ND,28/05/2022,8,,,,,,,,,,,,,,,,,,,,,,,,,,,,,,,,,,,,,,,,,,,,,,,,
10148903,1281,40640,CALENDAR,REGULAR,Round 9,LEAGUE,2017,Confiança,Local,ALL,04/06/2022,9,2,,,,,,2,,,,,6,,,,,,,,,,,,,,,,,,,,,,,,,,,,,,,,,,,,
10148903,1281,40640,CALENDAR,REGULAR,Round 9,LEAGUE,2017,Confiança,Local,1ST,04/06/2022,9,,,,,,,,,,,,,,,,,,,,,,,,,,,,,,,,,,,,,,,,,,,,,,,,
10148903,1281,40640,CALENDAR,REGULAR,Round 9,LEAGUE,2017,Confiança,Local,2ND,04/06/2022,9,,,,,,,,,,,,,,,,,,,,,,,,,,,,,,,,,,,,,,,,,,,,,,,,
10148903,1281,40640,CALENDAR,REGULAR,Round 9,LEAGUE,1979,Botafogo-SP,Visita,ALL,04/06/2022,9,1,,,,,,2,,,,,2,,,,,,,,,,,,,,,,,,,,,,,,,,,,,,,,,,,,
10148903,1281,40640,CALENDAR,REGULAR,Round 9,LEAGUE,1979,Botafogo-SP,Visita,1ST,04/06/2022,9,,,,,,,,,,,,,,,,,,,,,,,,,,,,,,,,,,,,,,,,,,,,,,,,
10148903,1281,40640,CALENDAR,REGULAR,Round 9,LEAGUE,1979,Botafogo-SP,Visita,2ND,04/06/2022,9,,,,,,,,,,,,,,,,,,,,,,,,,,,,,,,,,,,,,,,,,,,,,,,,
10148922,1281,40640,CALENDAR,REGULAR,Round 11,LEAGUE,2017,Confiança,Local,ALL,18/06/2022,11,2,,,,,,4,,,,,3,,,,,,,,,,,,,,,,,,,,,,,,,,,,,,,,,,,,
10148922,1281,40640,CALENDAR,REGULAR,Round 11,LEAGUE,2017,Confiança,Local,1ST,18/06/2022,11,,,,,,,,,,,,,,,,,,,,,,,,,,,,,,,,,,,,,,,,,,,,,,,,
10148922,1281,40640,CALENDAR,REGULAR,Round 11,LEAGUE,2017,Confiança,Local,2ND,18/06/2022,11,,,,,,,,,,,,,,,,,,,,,,,,,,,,,,,,,,,,,,,,,,,,,,,,
10148922,1281,40640,CALENDAR,REGULAR,Round 11,LEAGUE,34010,Campinense,Visita,ALL,18/06/2022,11,3,,,,,,8,,,,,5,,,,,,,,,,,,,,,,,,,,,,,,,,,,,,,,,,,,
10148922,1281,40640,CALENDAR,REGULAR,Round 11,LEAGUE,34010,Campinense,Visita,1ST,18/06/2022,11,,,,,,,,,,,,,,,,,,,,,,,,,,,,,,,,,,,,,,,,,,,,,,,,
10148922,1281,40640,CALENDAR,REGULAR,Round 11,LEAGUE,34010,Campinense,Visita,2ND,18/06/2022,11,,,,,,,,,,,,,,,,,,,,,,,,,,,,,,,,,,,,,,,,,,,,,,,,
10148933,1281,40640,CALENDAR,REGULAR,Round 12,LEAGUE,21838,ABC,Local,ALL,25/06/2022,12,0,,,,,,3,,,,,1,,,,,,,,,,,,,,,,,,,,,,,,,,,,,,,,,,,,
10148933,1281,40640,CALENDAR,REGULAR,Round 12,LEAGUE,21838,ABC,Local,1ST,25/06/2022,12,,,,,,,,,,,,,,,,,,,,,,,,,,,,,,,,,,,,,,,,,,,,,,,,
10148933,1281,40640,CALENDAR,REGULAR,Round 12,LEAGUE,21838,ABC,Local,2ND,25/06/2022,12,,,,,,,,,,,,,,,,,,,,,,,,,,,,,,,,,,,,,,,,,,,,,,,,
10148933,1281,40640,CALENDAR,REGULAR,Round 12,LEAGUE,2017,Confiança,Visita,ALL,25/06/2022,12,0,,,,,,6,,,,,3,,,,,,,,,,,,,,,,,,,,,,,,,,,,,,,,,,,,
10148933,1281,40640,CALENDAR,REGULAR,Round 12,LEAGUE,2017,Confiança,Visita,1ST,25/06/2022,12,,,,,,,,,,,,,,,,,,,,,,,,,,,,,,,,,,,,,,,,,,,,,,,,
10148933,1281,40640,CALENDAR,REGULAR,Round 12,LEAGUE,2017,Confiança,Visita,2ND,25/06/2022,12,,,,,,,,,,,,,,,,,,,,,,,,,,,,,,,,,,,,,,,,,,,,,,,,
10148942,1281,40640,CALENDAR,REGULAR,Round 13,LEAGUE,2017,Confiança,Local,ALL,02/07/2022,13,1,,,,,,3,,,,,,,,,,,,,,,,,,,,,,,,,,,,,,,,,,,,,,,,,
10148942,1281,40640,CALENDAR,REGULAR,Round 13,LEAGUE,2017,Confiança,Local,1ST,02/07/2022,13,,,,,,,,,,,,,,,,,,,,,,,,,,,,,,,,,,,,,,,,,,,,,,,,
10148942,1281,40640,CALENDAR,REGULAR,Round 13,LEAGUE,2017,Confiança,Local,2ND,02/07/2022,13,,,,,,,,,,,,,,,,,,,,,,,,,,,,,,,,,,,,,,,,,,,,,,,,
10148942,1281,40640,CALENDAR,REGULAR,Round 13,LEAGUE,6982,Volta Redonda,Visita,ALL,02/07/2022,13,0,,,,,,6,,,,,,,,,,,,,,,,,,,,,,,,,,,,,,,,,,,,,,,,,
10148942,1281,40640,CALENDAR,REGULAR,Round 13,LEAGUE,6982,Volta Redonda,Visita,1ST,02/07/2022,13,,,,,,,,,,,,,,,,,,,,,,,,,,,,,,,,,,,,,,,,,,,,,,,,
10148942,1281,40640,CALENDAR,REGULAR,Round 13,LEAGUE,6982,Volta Redonda,Visita,2ND,02/07/2022,13,,,,,,,,,,,,,,,,,,,,,,,,,,,,,,,,,,,,,,,,,,,,,,,,
10148959,1281,40640,CALENDAR,REGULAR,Round 14,LEAGUE,1997,Paysandu SC,Local,ALL,09/07/2022,14,1,,,,,,8,,,,,5,,,,,,,,,,,,,,,,,,,,,,,,,,,,,,,,,,,,
10148959,1281,40640,CALENDAR,REGULAR,Round 14,LEAGUE,1997,Paysandu SC,Local,1ST,09/07/2022,14,,,,,,,,,,,,,,,,,,,,,,,,,,,,,,,,,,,,,,,,,,,,,,,,
10148959,1281,40640,CALENDAR,REGULAR,Round 14,LEAGUE,1997,Paysandu SC,Local,2ND,09/07/2022,14,,,,,,,,,,,,,,,,,,,,,,,,,,,,,,,,,,,,,,,,,,,,,,,,
10148959,1281,40640,CALENDAR,REGULAR,Round 14,LEAGUE,2017,Confiança,Visita,ALL,09/07/2022,14,0,,,,,,4,,,,,4,,,,,,,,,,,,,,,,,,,,,,,,,,,,,,,,,,,,
10148959,1281,40640,CALENDAR,REGULAR,Round 14,LEAGUE,2017,Confiança,Visita,1ST,09/07/2022,14,,,,,,,,,,,,,,,,,,,,,,,,,,,,,,,,,,,,,,,,,,,,,,,,
10148959,1281,40640,CALENDAR,REGULAR,Round 14,LEAGUE,2017,Confiança,Visita,2ND,09/07/2022,14,,,,,,,,,,,,,,,,,,,,,,,,,,,,,,,,,,,,,,,,,,,,,,,,
10148962,1281,40640,CALENDAR,REGULAR,Round 15,LEAGUE,2017,Confiança,Local,ALL,17/07/2022,15,1,,,,,,4,,,,,0,,,,,,,,,,,,,,,,,,,,,,,,,,,,,,,,,,,,
10148962,1281,40640,CALENDAR,REGULAR,Round 15,LEAGUE,2017,Confiança,Local,1ST,17/07/2022,15,,,,,,,,,,,,,,,,,,,,,,,,,,,,,,,,,,,,,,,,,,,,,,,,
10148962,1281,40640,CALENDAR,REGULAR,Round 15,LEAGUE,2017,Confiança,Local,2ND,17/07/2022,15,,,,,,,,,,,,,,,,,,,,,,,,,,,,,,,,,,,,,,,,,,,,,,,,
10148962,1281,40640,CALENDAR,REGULAR,Round 15,LEAGUE,480379,EC São José,Visita,ALL,17/07/2022,15,0,,,,,,5,,,,,4,,,,,,,,,,,,,,,,,,,,,,,,,,,,,,,,,,,,
10148962,1281,40640,CALENDAR,REGULAR,Round 15,LEAGUE,480379,EC São José,Visita,1ST,17/07/2022,15,,,,,,,,,,,,,,,,,,,,,,,,,,,,,,,,,,,,,,,,,,,,,,,,
10148962,1281,40640,CALENDAR,REGULAR,Round 15,LEAGUE,480379,EC São José,Visita,2ND,17/07/2022,15,,,,,,,,,,,,,,,,,,,,,,,,,,,,,,,,,,,,,,,,,,,,,,,,
10148976,1281,40640,CALENDAR,REGULAR,Round 16,LEAGUE,21982,Mirassol,Local,ALL,25/07/2022,16,3,,,,,,2,,,,,6,,,,,,,,,,,,,,,,,,,,,,,,,,,,,,,,,,,,
10148976,1281,40640,CALENDAR,REGULAR,Round 16,LEAGUE,21982,Mirassol,Local,1ST,25/07/2022,16,,,,,,,,,,,,,,,,,,,,,,,,,,,,,,,,,,,,,,,,,,,,,,,,
10148976,1281,40640,CALENDAR,REGULAR,Round 16,LEAGUE,21982,Mirassol,Local,2ND,25/07/2022,16,,,,,,,,,,,,,,,,,,,,,,,,,,,,,,,,,,,,,,,,,,,,,,,,
10148976,1281,40640,CALENDAR,REGULAR,Round 16,LEAGUE,2017,Confiança,Visita,ALL,25/07/2022,16,1,,,,,,3,,,,,1,,,,,,,,,,,,,,,,,,,,,,,,,,,,,,,,,,,,
10148976,1281,40640,CALENDAR,REGULAR,Round 16,LEAGUE,2017,Confiança,Visita,1ST,25/07/2022,16,,,,,,,,,,,,,,,,,,,,,,,,,,,,,,,,,,,,,,,,,,,,,,,,
10148976,1281,40640,CALENDAR,REGULAR,Round 16,LEAGUE,2017,Confiança,Visita,2ND,25/07/2022,16,,,,,,,,,,,,,,,,,,,,,,,,,,,,,,,,,,,,,,,,,,,,,,,,
10148982,1281,40640,CALENDAR,REGULAR,Round 17,LEAGUE,2017,Confiança,Local,ALL,30/07/2022,17,1,,,,,,1,,,,,3,,,,,,,,,,,,,,,,,,,,,,,,,,,,,,,,,,,,
10148982,1281,40640,CALENDAR,REGULAR,Round 17,LEAGUE,2017,Confiança,Local,1ST,30/07/2022,17,,,,,,,,,,,,,,,,,,,,,,,,,,,,,,,,,,,,,,,,,,,,,,,,
10148982,1281,40640,CALENDAR,REGULAR,Round 17,LEAGUE,2017,Confiança,Local,2ND,30/07/2022,17,,,,,,,,,,,,,,,,,,,,,,,,,,,,,,,,,,,,,,,,,,,,,,,,
10148982,1281,40640,CALENDAR,REGULAR,Round 17,LEAGUE,228199,AA Altos,Visita,ALL,30/07/2022,17,0,,,,,,3,,,,,3,,,,,,,,,,,,,,,,,,,,,,,,,,,,,,,,,,,,
10148982,1281,40640,CALENDAR,REGULAR,Round 17,LEAGUE,228199,AA Altos,Visita,1ST,30/07/2022,17,,,,,,,,,,,,,,,,,,,,,,,,,,,,,,,,,,,,,,,,,,,,,,,,
10148982,1281,40640,CALENDAR,REGULAR,Round 17,LEAGUE,228199,AA Altos,Visita,2ND,30/07/2022,17,,,,,,,,,,,,,,,,,,,,,,,,,,,,,,,,,,,,,,,,,,,,,,,,
10148994,1281,40640,CALENDAR,REGULAR,Round 18,LEAGUE,1986,Grêmio Esportivo Brasil,Local,ALL,07/08/2022,18,1,,,,,,4,,,,,3,,,,,,,,,,,,,,,,,,,,,,,,,,,,,,,,,,,,
10148994,1281,40640,CALENDAR,REGULAR,Round 18,LEAGUE,1986,Grêmio Esportivo Brasil,Local,1ST,07/08/2022,18,,,,,,,,,,,,,,,,,,,,,,,,,,,,,,,,,,,,,,,,,,,,,,,,
10148994,1281,40640,CALENDAR,REGULAR,Round 18,LEAGUE,1986,Grêmio Esportivo Brasil,Local,2ND,07/08/2022,18,,,,,,,,,,,,,,,,,,,,,,,,,,,,,,,,,,,,,,,,,,,,,,,,
10148994,1281,40640,CALENDAR,REGULAR,Round 18,LEAGUE,2017,Confiança,Visita,ALL,07/08/2022,18,0,,,,,,5,,,,,3,,,,,,,,,,,,,,,,,,,,,,,,,,,,,,,,,,,,
10148994,1281,40640,CALENDAR,REGULAR,Round 18,LEAGUE,2017,Confiança,Visita,1ST,07/08/2022,18,,,,,,,,,,,,,,,,,,,,,,,,,,,,,,,,,,,,,,,,,,,,,,,,
10148994,1281,40640,CALENDAR,REGULAR,Round 18,LEAGUE,2017,Confiança,Visita,2ND,07/08/2022,18,,,,,,,,,,,,,,,,,,,,,,,,,,,,,,,,,,,,,,,,,,,,,,,,
10149002,1281,40640,CALENDAR,REGULAR,Round 19,LEAGUE,2017,Confiança,Local,ALL,13/08/2022,19,1,,,,,,8,,,,,5,,,,,,,,,,,,,,,,,,,,,,,,,,,,,,,,,,,,
10149002,1281,40640,CALENDAR,REGULAR,Round 19,LEAGUE,2017,Confiança,Local,1ST,13/08/2022,19,,,,,,,,,,,,,,,,,,,,,,,,,,,,,,,,,,,,,,,,,,,,,,,,
10149002,1281,40640,CALENDAR,REGULAR,Round 19,LEAGUE,2017,Confiança,Local,2ND,13/08/2022,19,,,,,,,,,,,,,,,,,,,,,,,,,,,,,,,,,,,,,,,,,,,,,,,,
10149002,1281,40640,CALENDAR,REGULAR,Round 19,LEAGUE,212493,Atlético Cearense,Visita,ALL,13/08/2022,19,0,,,,,,1,,,,,3,,,,,,,,,,,,,,,,,,,,,,,,,,,,,,,,,,,,
10149002,1281,40640,CALENDAR,REGULAR,Round 19,LEAGUE,212493,Atlético Cearense,Visita,1ST,13/08/2022,19,,,,,,,,,,,,,,,,,,,,,,,,,,,,,,,,,,,,,,,,,,,,,,,,
10149002,1281,40640,CALENDAR,REGULAR,Round 19,LEAGUE,212493,Atlético Cearense,Visita,2ND,13/08/2022,19,,,,,,,,,,,,,,,,,,,,,,,,,,,,,,,,,,,,,,,,,,,,,,,,
10921331,1596,47716,CALENDAR,REGULAR,Semifinals,CUP,2017,Confiança,Local,ALL,05/01/2023,28,1,,,,,,2,,,,,2,,,,,,,,,,,,,,,,,,,,,,,,,,,,,,,,,,,,
10921331,1596,47716,CALENDAR,REGULAR,Semifinals,CUP,2017,Confiança,Local,1ST,05/01/2023,28,,,,,,,,,,,,,,,,,,,,,,,,,,,,,,,,,,,,,,,,,,,,,,,,
10921331,1596,47716,CALENDAR,REGULAR,Semifinals,CUP,2017,Confiança,Local,2ND,05/01/2023,28,,,,,,,,,,,,,,,,,,,,,,,,,,,,,,,,,,,,,,,,,,,,,,,,
10921331,1596,47716,CALENDAR,REGULAR,Semifinals,CUP,21864,Sousa EC,Visita,ALL,05/01/2023,28,0,,,,,,5,,,,,1,,,,,,,,,,,,,,,,,,,,,,,,,,,,,,,,,,,,
10921331,1596,47716,CALENDAR,REGULAR,Semifinals,CUP,21864,Sousa EC,Visita,1ST,05/01/2023,28,,,,,,,,,,,,,,,,,,,,,,,,,,,,,,,,,,,,,,,,,,,,,,,,
10921331,1596,47716,CALENDAR,REGULAR,Semifinals,CUP,21864,Sousa EC,Visita,2ND,05/01/2023,28,,,,,,,,,,,,,,,,,,,,,,,,,,,,,,,,,,,,,,,,,,,,,,,,
10915763,11665,47680,CALENDAR,REGULAR,Round 1,LEAGUE,306484,América-SE,Local,ALL,15/01/2023,1,0,,,,,,2,,,,,3,,,,,,,,,,,,,,,,,,,,,,,,,,,,,,,,,,,,
10915763,11665,47680,CALENDAR,REGULAR,Round 1,LEAGUE,306484,América-SE,Local,1ST,15/01/2023,1,,,,,,,,,,,,,,,,,,,,,,,,,,,,,,,,,,,,,,,,,,,,,,,,
10915763,11665,47680,CALENDAR,REGULAR,Round 1,LEAGUE,306484,América-SE,Local,2ND,15/01/2023,1,,,,,,,,,,,,,,,,,,,,,,,,,,,,,,,,,,,,,,,,,,,,,,,,
10915763,11665,47680,CALENDAR,REGULAR,Round 1,LEAGUE,2017,Confiança,Visita,ALL,15/01/2023,1,3,,,,,,8,,,,,1,,,,,,,,,,,,,,,,,,,,,,,,,,,,,,,,,,,,
10915763,11665,47680,CALENDAR,REGULAR,Round 1,LEAGUE,2017,Confiança,Visita,1ST,15/01/2023,1,,,,,,,,,,,,,,,,,,,,,,,,,,,,,,,,,,,,,,,,,,,,,,,,
10915763,11665,47680,CALENDAR,REGULAR,Round 1,LEAGUE,2017,Confiança,Visita,2ND,15/01/2023,1,,,,,,,,,,,,,,,,,,,,,,,,,,,,,,,,,,,,,,,,,,,,,,,,
10970873,11665,47680,CALENDAR,REGULAR,Round 2,LEAGUE,2017,Confiança,Local,ALL,21/01/2023,2,2,,,,,,2,,,,,2,0,,,,,,,,,,,,,,,,,,,,,,,,,,,,,,,,,,,
10970873,11665,47680,CALENDAR,REGULAR,Round 2,LEAGUE,2017,Confiança,Local,1ST,21/01/2023,2,,,,,,,,,,,,,,,,,,,,,,,,,,,,,,,,,,,,,,,,,,,,,,,,
10970873,11665,47680,CALENDAR,REGULAR,Round 2,LEAGUE,2017,Confiança,Local,2ND,21/01/2023,2,,,,,,,,,,,,,,,,,,,,,,,,,,,,,,,,,,,,,,,,,,,,,,,,
10970873,11665,47680,CALENDAR,REGULAR,Round 2,LEAGUE,375797,Atlético Gloriense,Visita,ALL,21/01/2023,2,1,,,,,,1,,,,,5,1,,,,,,,,,,,,,,,,,,,,,,,,,,,,,,,,,,,
10970873,11665,47680,CALENDAR,REGULAR,Round 2,LEAGUE,375797,Atlético Gloriense,Visita,1ST,21/01/2023,2,,,,,,,,,,,,,,,,,,,,,,,,,,,,,,,,,,,,,,,,,,,,,,,,
10970873,11665,47680,CALENDAR,REGULAR,Round 2,LEAGUE,375797,Atlético Gloriense,Visita,2ND,21/01/2023,2,,,,,,,,,,,,,,,,,,,,,,,,,,,,,,,,,,,,,,,,,,,,,,,,
10989870,11665,47680,CALENDAR,REGULAR,Round 4,LEAGUE,2017,Confiança,Local,ALL,04/02/2023,4,2,,,,,,18,,,,,3,0,,,,,,,,,,,,,,,,,,,,,,,,,,,,,,,,,,,
10989870,11665,47680,CALENDAR,REGULAR,Round 4,LEAGUE,2017,Confiança,Local,1ST,04/02/2023,4,,,,,,,,,,,,,,,,,,,,,,,,,,,,,,,,,,,,,,,,,,,,,,,,
10989870,11665,47680,CALENDAR,REGULAR,Round 4,LEAGUE,2017,Confiança,Local,2ND,04/02/2023,4,,,,,,,,,,,,,,,,,,,,,,,,,,,,,,,,,,,,,,,,,,,,,,,,
10989870,11665,47680,CALENDAR,REGULAR,Round 4,LEAGUE,214032,Estanciano,Visita,ALL,04/02/2023,4,0,,,,,,0,,,,,2,1,,,,,,,,,,,,,,,,,,,,,,,,,,,,,,,,,,,
10989870,11665,47680,CALENDAR,REGULAR,Round 4,LEAGUE,214032,Estanciano,Visita,1ST,04/02/2023,4,,,,,,,,,,,,,,,,,,,,,,,,,,,,,,,,,,,,,,,,,,,,,,,,
10989870,11665,47680,CALENDAR,REGULAR,Round 4,LEAGUE,214032,Estanciano,Visita,2ND,04/02/2023,4,,,,,,,,,,,,,,,,,,,,,,,,,,,,,,,,,,,,,,,,,,,,,,,,
10970858,11665,47680,CALENDAR,REGULAR,Round 6,LEAGUE,307476,AD Freipaulistano,Local,ALL,18/02/2023,6,0,,,,,,6,,,,,3,,,,,,,,,,,,,,,,,,,,,,,,,,,,,,,,,,,,
10970858,11665,47680,CALENDAR,REGULAR,Round 6,LEAGUE,307476,AD Freipaulistano,Local,1ST,18/02/2023,6,,,,,,,,,,,,,,,,,,,,,,,,,,,,,,,,,,,,,,,,,,,,,,,,
10970858,11665,47680,CALENDAR,REGULAR,Round 6,LEAGUE,307476,AD Freipaulistano,Local,2ND,18/02/2023,6,,,,,,,,,,,,,,,,,,,,,,,,,,,,,,,,,,,,,,,,,,,,,,,,
10970858,11665,47680,CALENDAR,REGULAR,Round 6,LEAGUE,2017,Confiança,Visita,ALL,18/02/2023,6,1,,,,,,5,,,,,4,,,,,,,,,,,,,,,,,,,,,,,,,,,,,,,,,,,,
10970858,11665,47680,CALENDAR,REGULAR,Round 6,LEAGUE,2017,Confiança,Visita,1ST,18/02/2023,6,,,,,,,,,,,,,,,,,,,,,,,,,,,,,,,,,,,,,,,,,,,,,,,,
10970858,11665,47680,CALENDAR,REGULAR,Round 6,LEAGUE,2017,Confiança,Visita,2ND,18/02/2023,6,,,,,,,,,,,,,,,,,,,,,,,,,,,,,,,,,,,,,,,,,,,,,,,,
10970859,11665,47680,CALENDAR,REGULAR,Round 7,LEAGUE,2017,Confiança,Local,ALL,27/02/2023,7,3,,,,,,6,,,,,1,,,,,,,,,,,,,,,,,,,,,,,,,,,,,,,,,,,,
10970859,11665,47680,CALENDAR,REGULAR,Round 7,LEAGUE,2017,Confiança,Local,1ST,27/02/2023,7,,,,,,,,,,,,,,,,,,,,,,,,,,,,,,,,,,,,,,,,,,,,,,,,
10970859,11665,47680,CALENDAR,REGULAR,Round 7,LEAGUE,2017,Confiança,Local,2ND,27/02/2023,7,,,,,,,,,,,,,,,,,,,,,,,,,,,,,,,,,,,,,,,,,,,,,,,,
10970859,11665,47680,CALENDAR,REGULAR,Round 7,LEAGUE,307387,Dorense FC,Visita,ALL,27/02/2023,7,2,,,,,,3,,,,,1,,,,,,,,,,,,,,,,,,,,,,,,,,,,,,,,,,,,
10970859,11665,47680,CALENDAR,REGULAR,Round 7,LEAGUE,307387,Dorense FC,Visita,1ST,27/02/2023,7,,,,,,,,,,,,,,,,,,,,,,,,,,,,,,,,,,,,,,,,,,,,,,,,
10970859,11665,47680,CALENDAR,REGULAR,Round 7,LEAGUE,307387,Dorense FC,Visita,2ND,27/02/2023,7,,,,,,,,,,,,,,,,,,,,,,,,,,,,,,,,,,,,,,,,,,,,,,,,
10970847,11665,47680,CALENDAR,REGULAR,Round 8,LEAGUE,2017,Confiança,Local,ALL,04/03/2023,8,2,,,,,,1,,,,,1,,,,,,,,,,,,,,,,,,,,,,,,,,,,,,,,,,,,
10970847,11665,47680,CALENDAR,REGULAR,Round 8,LEAGUE,2017,Confiança,Local,1ST,04/03/2023,8,,,,,,,,,,,,,,,,,,,,,,,,,,,,,,,,,,,,,,,,,,,,,,,,
10970847,11665,47680,CALENDAR,REGULAR,Round 8,LEAGUE,2017,Confiança,Local,2ND,04/03/2023,8,,,,,,,,,,,,,,,,,,,,,,,,,,,,,,,,,,,,,,,,,,,,,,,,
10970847,11665,47680,CALENDAR,REGULAR,Round 8,LEAGUE,144856,Lagarto FC,Visita,ALL,04/03/2023,8,0,,,,,,5,,,,,2,,,,,,,,,,,,,,,,,,,,,,,,,,,,,,,,,,,,
10970847,11665,47680,CALENDAR,REGULAR,Round 8,LEAGUE,144856,Lagarto FC,Visita,1ST,04/03/2023,8,,,,,,,,,,,,,,,,,,,,,,,,,,,,,,,,,,,,,,,,,,,,,,,,
10970847,11665,47680,CALENDAR,REGULAR,Round 8,LEAGUE,144856,Lagarto FC,Visita,2ND,04/03/2023,8,,,,,,,,,,,,,,,,,,,,,,,,,,,,,,,,,,,,,,,,,,,,,,,,
10970883,11665,47680,CALENDAR,REGULAR,Round 9,LEAGUE,394885,Falcon-SE FC,Local,ALL,15/03/2023,9,0,,,,,,0,,,,,6,,,,,,,,,,,,,,,,,,,,,,,,,,,,,,,,,,,,
10970883,11665,47680,CALENDAR,REGULAR,Round 9,LEAGUE,394885,Falcon-SE FC,Local,1ST,15/03/2023,9,,,,,,,,,,,,,,,,,,,,,,,,,,,,,,,,,,,,,,,,,,,,,,,,
10970883,11665,47680,CALENDAR,REGULAR,Round 9,LEAGUE,394885,Falcon-SE FC,Local,2ND,15/03/2023,9,,,,,,,,,,,,,,,,,,,,,,,,,,,,,,,,,,,,,,,,,,,,,,,,
10970883,11665,47680,CALENDAR,REGULAR,Round 9,LEAGUE,2017,Confiança,Visita,ALL,15/03/2023,9,2,,,,,,2,,,,,1,,,,,,,,,,,,,,,,,,,,,,,,,,,,,,,,,,,,
10970883,11665,47680,CALENDAR,REGULAR,Round 9,LEAGUE,2017,Confiança,Visita,1ST,15/03/2023,9,,,,,,,,,,,,,,,,,,,,,,,,,,,,,,,,,,,,,,,,,,,,,,,,
10970883,11665,47680,CALENDAR,REGULAR,Round 9,LEAGUE,2017,Confiança,Visita,2ND,15/03/2023,9,,,,,,,,,,,,,,,,,,,,,,,,,,,,,,,,,,,,,,,,,,,,,,,,
11162347,11665,47680,CALENDAR,REGULAR,Semifinals,LEAGUE,144856,Lagarto FC,Local,ALL,01/04/2023,28,0,,,,,,9,,,,,4,,,,,,,,,,,,,,,,,,,,,,,,,,,,,,,,,,,,
11162347,11665,47680,CALENDAR,REGULAR,Semifinals,LEAGUE,144856,Lagarto FC,Local,1ST,01/04/2023,28,,,,,,,,,,,,,,,,,,,,,,,,,,,,,,,,,,,,,,,,,,,,,,,,
11162347,11665,47680,CALENDAR,REGULAR,Semifinals,LEAGUE,144856,Lagarto FC,Local,2ND,01/04/2023,28,,,,,,,,,,,,,,,,,,,,,,,,,,,,,,,,,,,,,,,,,,,,,,,,
11162347,11665,47680,CALENDAR,REGULAR,Semifinals,LEAGUE,2017,Confiança,Visita,ALL,01/04/2023,28,0,,,,,,4,,,,,2,,,,,,,,,,,,,,,,,,,,,,,,,,,,,,,,,,,,
11162347,11665,47680,CALENDAR,REGULAR,Semifinals,LEAGUE,2017,Confiança,Visita,1ST,01/04/2023,28,,,,,,,,,,,,,,,,,,,,,,,,,,,,,,,,,,,,,,,,,,,,,,,,
11162347,11665,47680,CALENDAR,REGULAR,Semifinals,LEAGUE,2017,Confiança,Visita,2ND,01/04/2023,28,,,,,,,,,,,,,,,,,,,,,,,,,,,,,,,,,,,,,,,,,,,,,,,,
11203211,11665,47680,CALENDAR,FINAL,Final,LEAGUE,21853,AO Itabaiana,Local,ALL,16/04/2023,29,2,,,,,,7,,,,,2,,,,,,,,,,,,,,,,,,,,,,,,,,,,,,,,,,,,
11203211,11665,47680,CALENDAR,FINAL,Final,LEAGUE,21853,AO Itabaiana,Local,1ST,16/04/2023,29,,,,,,,,,,,,,,,,,,,,,,,,,,,,,,,,,,,,,,,,,,,,,,,,
11203211,11665,47680,CALENDAR,FINAL,Final,LEAGUE,21853,AO Itabaiana,Local,2ND,16/04/2023,29,,,,,,,,,,,,,,,,,,,,,,,,,,,,,,,,,,,,,,,,,,,,,,,,
11203211,11665,47680,CALENDAR,FINAL,Final,LEAGUE,2017,Confiança,Visita,ALL,16/04/2023,29,0,,,,,,7,,,,,5,,,,,,,,,,,,,,,,,,,,,,,,,,,,,,,,,,,,
11203211,11665,47680,CALENDAR,FINAL,Final,LEAGUE,2017,Confiança,Visita,1ST,16/04/2023,29,,,,,,,,,,,,,,,,,,,,,,,,,,,,,,,,,,,,,,,,,,,,,,,,
11203211,11665,47680,CALENDAR,FINAL,Final,LEAGUE,2017,Confiança,Visita,2ND,16/04/2023,29,,,,,,,,,,,,,,,,,,,,,,,,,,,,,,,,,,,,,,,,,,,,,,,,
11114166,1281,49328,CALENDAR,REGULAR,Round 1,LEAGUE,2010,CSA,Local,ALL,04/05/2023,1,0,68%,2.20,,23,0,15,9,613,4,3,0,0,6,0,12,5,15,8,,,2,32,,0,540,32,,90/98 (92%),21/33 (63%),21/44 (47%),44%,5,43/103 (42%),27/53 (51%),24/34 (71%),,4,14,,13,0,0,,,,,4
11114166,1281,49328,CALENDAR,REGULAR,Round 1,LEAGUE,2010,CSA,Local,1ST,04/05/2023,1,,,,,,,,,,,,,,,,,,,,,,,,,,,,,,,,,,,,,,,,,,,,,,,,
11114166,1281,49328,CALENDAR,REGULAR,Round 1,LEAGUE,2010,CSA,Local,2ND,04/05/2023,1,,,,,,,,,,,,,,,,,,,,,,,,,,,,,,,,,,,,,,,,,,,,,,,,
11114166,1281,49328,CALENDAR,REGULAR,Round 1,LEAGUE,2017,Confiança,Visita,ALL,04/05/2023,1,1,32%,0.51,,4,7,3,14,274,2,0,2,0,1,0,2,1,1,3,,,0,3,,0,226,25,,12/22 (55%),13/32 (40%),0/4 (0%),33%,2,30/107 (28%),24/52 (46%),10/19 (53%),,2,18,,56,5,7,,,,,18
11114166,1281,49328,CALENDAR,REGULAR,Round 1,LEAGUE,2017,Confiança,Visita,1ST,04/05/2023,1,,,,,,,,,,,,,,,,,,,,,,,,,,,,,,,,,,,,,,,,,,,,,,,,
11114166,1281,49328,CALENDAR,REGULAR,Round 1,LEAGUE,2017,Confiança,Visita,2ND,04/05/2023,1,,,,,,,,,,,,,,,,,,,,,,,,,,,,,,,,,,,,,,,,,,,,,,,,
11114180,1281,49328,CALENDAR,REGULAR,Round 2,LEAGUE,2017,Confiança,Local,ALL,08/05/2023,2,2,46%,1.36,,10,4,7,11,393,1,3,1,0,6,0,4,0,7,3,,,1,15,,4,337,21,,36/58 (62%),19/35 (54%),4/14 (28%),41%,12,34/96 (35%),21/37 (57%),12/16 (75%),,1,14,,19,0,4,,,1,,10
11114180,1281,49328,CALENDAR,REGULAR,Round 2,LEAGUE,2017,Confiança,Local,1ST,08/05/2023,2,,,,,,,,,,,,,,,,,,,,,,,,,,,,,,,,,,,,,,,,,,,,,,,,
11114180,1281,49328,CALENDAR,REGULAR,Round 2,LEAGUE,2017,Confiança,Local,2ND,08/05/2023,2,,,,,,,,,,,,,,,,,,,,,,,,,,,,,,,,,,,,,,,,,,,,,,,,
11114180,1281,49328,CALENDAR,REGULAR,Round 2,LEAGUE,228199,AA Altos,Visita,ALL,08/05/2023,2,1,54%,0.84,,12,4,5,12,437,4,5,2,0,5,0,3,4,7,5,,,1,10,,1,364,24,,43/65 (66%),19/41 (46%),3/18 (16%),43%,6,40/94 (43%),16/35 (46%),14/18 (78%),,4,14,,14,3,4,,,0,,9
11114180,1281,49328,CALENDAR,REGULAR,Round 2,LEAGUE,228199,AA Altos,Visita,1ST,08/05/2023,2,,,,,,,,,,,,,,,,,,,,,,,,,,,,,,,,,,,,,,,,,,,,,,,,
11114180,1281,49328,CALENDAR,REGULAR,Round 2,LEAGUE,228199,AA Altos,Visita,2ND,08/05/2023,2,,,,,,,,,,,,,,,,,,,,,,,,,,,,,,,,,,,,,,,,,,,,,,,,
11114193,1281,49328,CALENDAR,REGULAR,Round 3,LEAGUE,2017,Confiança,Local,ALL,13/05/2023,3,1,38%,0.39,,10,1,2,13,304,4,4,0,0,1,0,7,2,4,6,,,3,11,,0,255,9,,19/33 (58%),19/36 (52%),2/12 (16%),37%,6,45/129 (35%),21/45 (47%),12/16 (75%),,4,6,,21,4,1,,,1,,15
11114193,1281,49328,CALENDAR,REGULAR,Round 3,LEAGUE,2017,Confiança,Local,1ST,13/05/2023,3,,,,,,,,,,,,,,,,,,,,,,,,,,,,,,,,,,,,,,,,,,,,,,,,
11114193,1281,49328,CALENDAR,REGULAR,Round 3,LEAGUE,2017,Confiança,Local,2ND,13/05/2023,3,,,,,,,,,,,,,,,,,,,,,,,,,,,,,,,,,,,,,,,,,,,,,,,,
11114193,1281,49328,CALENDAR,REGULAR,Round 3,LEAGUE,1985,Figueirense,Visita,ALL,13/05/2023,3,0,62%,0.62,,14,0,5,18,573,3,5,2,0,1,0,9,4,4,10,,,0,5,,0,519,25,,59/71 (83%),22/34 (64%),12/25 (48%),38%,6,47/131 (36%),20/45 (44%),19/24 (79%),,3,8,,8,2,0,,,2,,12
11114193,1281,49328,CALENDAR,REGULAR,Round 3,LEAGUE,1985,Figueirense,Visita,1ST,13/05/2023,3,,,,,,,,,,,,,,,,,,,,,,,,,,,,,,,,,,,,,,,,,,,,,,,,
11114193,1281,49328,CALENDAR,REGULAR,Round 3,LEAGUE,1985,Figueirense,Visita,2ND,13/05/2023,3,,,,,,,,,,,,,,,,,,,,,,,,,,,,,,,,,,,,,,,,,,,,,,,,
11114202,1281,49328,CALENDAR,REGULAR,Round 4,LEAGUE,47504,São Bernardo,Local,ALL,20/05/2023,4,3,47%,1.89,,9,2,4,23,330,3,1,5,0,4,0,5,0,6,3,,,1,12,,1,256,32,,19/44 (43%),32/60 (53%),4/14 (28%),34%,13,44/125 (35%),18/53 (34%),14/18 (78%),,3,15,,15,3,2,,,,,5
11114202,1281,49328,CALENDAR,REGULAR,Round 4,LEAGUE,47504,São Bernardo,Local,1ST,20/05/2023,4,,,,,,,,,,,,,,,,,,,,,,,,,,,,,,,,,,,,,,,,,,,,,,,,
11114202,1281,49328,CALENDAR,REGULAR,Round 4,LEAGUE,47504,São Bernardo,Local,2ND,20/05/2023,4,,,,,,,,,,,,,,,,,,,,,,,,,,,,,,,,,,,,,,,,,,,,,,,,
11114202,1281,49328,CALENDAR,REGULAR,Round 4,LEAGUE,2017,Confiança,Visita,ALL,20/05/2023,4,1,53%,1.38,,8,2,3,17,345,2,6,5,0,3,2,2,1,5,3,,,2,8,,4,271,29,,19/41 (46%),17/40 (42%),5/8 (62%),46%,5,51/125 (41%),32/53 (60%),15/24 (63%),,2,21,,28,1,2,,,,,8
11114202,1281,49328,CALENDAR,REGULAR,Round 4,LEAGUE,2017,Confiança,Visita,1ST,20/05/2023,4,,,,,,,,,,,,,,,,,,,,,,,,,,,,,,,,,,,,,,,,,,,,,,,,
11114202,1281,49328,CALENDAR,REGULAR,Round 4,LEAGUE,2017,Confiança,Visita,2ND,20/05/2023,4,,,,,,,,,,,,,,,,,,,,,,,,,,,,,,,,,,,,,,,,,,,,,,,,
11114224,1281,49328,CALENDAR,REGULAR,Round 5,LEAGUE,2012,Remo,Local,ALL,30/05/2023,5,1,59%,0.60,,14,0,9,21,438,5,4,6,0,3,0,8,3,1,13,,,0,8,,1,359,28,,49/56 (88%),19/33 (57%),3/24 (12%),44%,3,58/135 (43%),19/40 (48%),30/39 (77%),,5,16,,12,1,0,,,,,7
11114224,1281,49328,CALENDAR,REGULAR,Round 5,LEAGUE,2012,Remo,Local,1ST,30/05/2023,5,,,,,,,,,,,,,,,,,,,,,,,,,,,,,,,,,,,,,,,,,,,,,,,,
11114224,1281,49328,CALENDAR,REGULAR,Round 5,LEAGUE,2012,Remo,Local,2ND,30/05/2023,5,,,,,,,,,,,,,,,,,,,,,,,,,,,,,,,,,,,,,,,,,,,,,,,,
11114224,1281,49328,CALENDAR,REGULAR,Round 5,LEAGUE,2017,Confiança,Visita,ALL,30/05/2023,5,0,41%,0.22,,5,2,1,17,318,7,7,4,0,0,1,3,1,1,4,,,1,4,,3,253,15,,14/28 (50%),18/42 (42%),2/5 (40%),31%,7,35/125 (28%),15/36 (42%),11/16 (69%),,7,13,,17,2,2,,,,,16
11114224,1281,49328,CALENDAR,REGULAR,Round 5,LEAGUE,2017,Confiança,Visita,1ST,30/05/2023,5,,,,,,,,,,,,,,,,,,,,,,,,,,,,,,,,,,,,,,,,,,,,,,,,
11114224,1281,49328,CALENDAR,REGULAR,Round 5,LEAGUE,2017,Confiança,Visita,2ND,30/05/2023,5,,,,,,,,,,,,,,,,,,,,,,,,,,,,,,,,,,,,,,,,,,,,,,,,
11114265,1281,49328,CALENDAR,REGULAR,Round 6,LEAGUE,2017,Confiança,Local,ALL,04/06/2023,6,2,40%,0.99,,5,2,6,10,298,5,8,2,1,3,0,1,1,2,3,,,2,3,,2,240,20,,24/35 (69%),17/37 (45%),1/9 (11%),46%,4,51/106 (48%),14/33 (42%),13/20 (65%),,5,10,,5,1,2,,,0,,9
11114265,1281,49328,CALENDAR,REGULAR,Round 6,LEAGUE,2017,Confiança,Local,1ST,04/06/2023,6,,,,,,,,,,,,,,,,,,,,,,,,,,,,,,,,,,,,,,,,,,,,,,,,
11114265,1281,49328,CALENDAR,REGULAR,Round 6,LEAGUE,2017,Confiança,Local,2ND,04/06/2023,6,,,,,,,,,,,,,,,,,,,,,,,,,,,,,,,,,,,,,,,,,,,,,,,,
11114265,1281,49328,CALENDAR,REGULAR,Round 6,LEAGUE,336664,Amazonas FC,Visita,ALL,04/06/2023,6,3,60%,2.30,,15,1,4,25,553,3,1,3,0,5,0,7,3,8,7,,,1,10,,3,498,16,,60/70 (86%),18/31 (58%),2/12 (16%),36%,1,33/97 (34%),14/31 (45%),14/25 (56%),,3,12,,22,0,1,,,1,,4
11114265,1281,49328,CALENDAR,REGULAR,Round 6,LEAGUE,336664,Amazonas FC,Visita,1ST,04/06/2023,6,,,,,,,,,,,,,,,,,,,,,,,,,,,,,,,,,,,,,,,,,,,,,,,,
11114265,1281,49328,CALENDAR,REGULAR,Round 6,LEAGUE,336664,Amazonas FC,Visita,2ND,04/06/2023,6,,,,,,,,,,,,,,,,,,,,,,,,,,,,,,,,,,,,,,,,,,,,,,,,
11114291,1281,49328,CALENDAR,REGULAR,Round 7,LEAGUE,343540,Pouso Alegre FC,Local,ALL,07/06/2023,7,1,52%,0.81,,16,3,7,17,417,5,1,3,0,3,0,8,5,6,10,,,0,14,,0,348,29,,41/55 (75%),26/43 (60%),8/24 (33%),37%,4,54/141 (38%),11/32 (34%),21/27 (78%),,5,14,,13,6,3,,,,,8
11114291,1281,49328,CALENDAR,REGULAR,Round 7,LEAGUE,343540,Pouso Alegre FC,Local,1ST,07/06/2023,7,,,,,,,,,,,,,,,,,,,,,,,,,,,,,,,,,,,,,,,,,,,,,,,,
11114291,1281,49328,CALENDAR,REGULAR,Round 7,LEAGUE,343540,Pouso Alegre FC,Local,2ND,07/06/2023,7,,,,,,,,,,,,,,,,,,,,,,,,,,,,,,,,,,,,,,,,,,,,,,,,
11114291,1281,49328,CALENDAR,REGULAR,Round 7,LEAGUE,2017,Confiança,Visita,ALL,07/06/2023,7,1,48%,1.74,,17,2,6,7,424,6,6,1,0,4,1,6,6,9,8,,,1,12,,0,362,24,,30/48 (63%),18/40 (45%),6/10 (60%),34%,3,45/155 (29%),23/41 (56%),18/28 (64%),,6,17,,27,2,2,,,,,15
11114291,1281,49328,CALENDAR,REGULAR,Round 7,LEAGUE,2017,Confiança,Visita,1ST,07/06/2023,7,,,,,,,,,,,,,,,,,,,,,,,,,,,,,,,,,,,,,,,,,,,,,,,,
11114291,1281,49328,CALENDAR,REGULAR,Round 7,LEAGUE,2017,Confiança,Visita,2ND,07/06/2023,7,,,,,,,,,,,,,,,,,,,,,,,,,,,,,,,,,,,,,,,,,,,,,,,,
11114320,1281,49328,CALENDAR,REGULAR,Round 8,LEAGUE,2017,Confiança,Local,ALL,12/06/2023,8,2,57%,3.31,,23,2,4,13,432,4,7,1,0,9,0,9,5,14,9,,,1,16,,1,372,25,,37/49 (76%),26/44 (59%),8/20 (40%),43%,8,48/120 (40%),25/48 (52%),20/29 (69%),,4,14,,12,1,2,,,0,,8
11114320,1281,49328,CALENDAR,REGULAR,Round 8,LEAGUE,2017,Confiança,Local,1ST,12/06/2023,8,,,,,,,,,,,,,,,,,,,,,,,,,,,,,,,,,,,,,,,,,,,,,,,,
11114320,1281,49328,CALENDAR,REGULAR,Round 8,LEAGUE,2017,Confiança,Local,2ND,12/06/2023,8,,,,,,,,,,,,,,,,,,,,,,,,,,,,,,,,,,,,,,,,,,,,,,,,
11114320,1281,49328,CALENDAR,REGULAR,Round 8,LEAGUE,2011,Náutico,Visita,ALL,12/06/2023,8,2,43%,0.32,,13,8,6,17,352,5,4,2,1,4,0,6,3,1,12,,,2,9,,2,293,18,,28/46 (61%),21/39 (53%),4/6 (66%),35%,6,38/119 (32%),22/52 (42%),15/19 (79%),,5,7,,18,5,8,,,2,,11
11114320,1281,49328,CALENDAR,REGULAR,Round 8,LEAGUE,2011,Náutico,Visita,1ST,12/06/2023,8,,,,,,,,,,,,,,,,,,,,,,,,,,,,,,,,,,,,,,,,,,,,,,,,
11114320,1281,49328,CALENDAR,REGULAR,Round 8,LEAGUE,2011,Náutico,Visita,2ND,12/06/2023,8,,,,,,,,,,,,,,,,,,,,,,,,,,,,,,,,,,,,,,,,,,,,,,,,
11114344,1281,49328,CALENDAR,REGULAR,Round 9,LEAGUE,2023,América-RN,Local,ALL,17/06/2023,9,0,64%,1.49,,16,7,4,14,623,5,3,3,0,0,0,8,8,6,10,,,0,18,,4,545,27,,66/85 (78%),10/28 (35%),14/33 (42%),39%,9,46/133 (35%),24/44 (55%),14/23 (61%),,5,11,,12,3,7,,,0,,11
11114344,1281,49328,CALENDAR,REGULAR,Round 9,LEAGUE,2023,América-RN,Local,1ST,17/06/2023,9,,,,,,,,,,,,,,,,,,,,,,,,,,,,,,,,,,,,,,,,,,,,,,,,
11114344,1281,49328,CALENDAR,REGULAR,Round 9,LEAGUE,2023,América-RN,Local,2ND,17/06/2023,9,,,,,,,,,,,,,,,,,,,,,,,,,,,,,,,,,,,,,,,,,,,,,,,,
11114344,1281,49328,CALENDAR,REGULAR,Round 9,LEAGUE,2017,Confiança,Visita,ALL,17/06/2023,9,1,36%,0.94,,14,0,4,11,309,2,1,2,0,8,0,6,0,5,9,,,0,6,,2,245,20,,16/30 (53%),16/37 (43%),1/4 (25%),39%,22,55/146 (38%),22/48 (46%),15/18 (83%),,2,19,,19,8,0,,,2,,12
11114344,1281,49328,CALENDAR,REGULAR,Round 9,LEAGUE,2017,Confiança,Visita,1ST,17/06/2023,9,,,,,,,,,,,,,,,,,,,,,,,,,,,,,,,,,,,,,,,,,,,,,,,,
11114344,1281,49328,CALENDAR,REGULAR,Round 9,LEAGUE,2017,Confiança,Visita,2ND,17/06/2023,9,,,,,,,,,,,,,,,,,,,,,,,,,,,,,,,,,,,,,,,,,,,,,,,,
11114377,1281,49328,CALENDAR,REGULAR,Round 10,LEAGUE,283918,Manaus,Local,ALL,24/06/2023,10,3,39%,1.30,,15,4,4,16,263,1,2,3,0,6,1,1,7,10,5,,,4,16,,0,197,29,,24/40 (60%),16/30 (53%),5/11 (45%),31%,7,33/110 (30%),14/41 (34%),15/24 (63%),,1,13,,20,2,4,,,,,11
11114377,1281,49328,CALENDAR,REGULAR,Round 10,LEAGUE,283918,Manaus,Local,1ST,24/06/2023,10,,,,,,,,,,,,,,,,,,,,,,,,,,,,,,,,,,,,,,,,,,,,,,,,
11114377,1281,49328,CALENDAR,REGULAR,Round 10,LEAGUE,283918,Manaus,Local,2ND,24/06/2023,10,,,,,,,,,,,,,,,,,,,,,,,,,,,,,,,,,,,,,,,,,,,,,,,,
11114377,1281,49328,CALENDAR,REGULAR,Round 10,LEAGUE,2017,Confiança,Visita,ALL,24/06/2023,10,3,61%,1.60,,18,3,6,13,393,1,6,3,0,7,1,9,1,9,9,,,4,16,,0,332,17,,38/58 (66%),25/49 (51%),10/19 (52%),42%,2,47/122 (39%),24/44 (55%),18/27 (67%),,1,8,,27,3,3,,,,,5
11114377,1281,49328,CALENDAR,REGULAR,Round 10,LEAGUE,2017,Confiança,Visita,1ST,24/06/2023,10,,,,,,,,,,,,,,,,,,,,,,,,,,,,,,,,,,,,,,,,,,,,,,,,
11114377,1281,49328,CALENDAR,REGULAR,Round 10,LEAGUE,2017,Confiança,Visita,2ND,24/06/2023,10,,,,,,,,,,,,,,,,,,,,,,,,,,,,,,,,,,,,,,,,,,,,,,,,
11114182,1281,49328,CALENDAR,REGULAR,Round 11,LEAGUE,2017,Confiança,Local,ALL,01/07/2023,11,1,48%,0.87,,10,1,2,14,385,3,5,3,0,3,0,6,1,6,4,,,4,14,,3,324,28,,32/50 (64%),26/45 (57%),3/7 (42%),47%,7,60/145 (41%),32/49 (65%),22/35 (63%),,3,15,,17,2,1,,,0,,10
11114182,1281,49328,CALENDAR,REGULAR,Round 11,LEAGUE,2017,Confiança,Local,1ST,01/07/2023,11,,,,,,,,,,,,,,,,,,,,,,,,,,,,,,,,,,,,,,,,,,,,,,,,
11114182,1281,49328,CALENDAR,REGULAR,Round 11,LEAGUE,2017,Confiança,Local,2ND,01/07/2023,11,,,,,,,,,,,,,,,,,,,,,,,,,,,,,,,,,,,,,,,,,,,,,,,,
11114182,1281,49328,CALENDAR,REGULAR,Round 11,LEAGUE,32766,Ypiranga FC,Visita,ALL,01/07/2023,11,1,52%,1.33,,10,2,3,23,419,1,5,5,0,2,0,5,3,4,6,,,4,11,,3,348,22,,48/62 (77%),27/50 (54%),3/15 (20%),32%,7,44/140 (31%),17/46 (37%),12/19 (63%),,1,20,,13,3,2,,,1,,10
11114182,1281,49328,CALENDAR,REGULAR,Round 11,LEAGUE,32766,Ypiranga FC,Visita,1ST,01/07/2023,11,,,,,,,,,,,,,,,,,,,,,,,,,,,,,,,,,,,,,,,,,,,,,,,,
11114182,1281,49328,CALENDAR,REGULAR,Round 11,LEAGUE,32766,Ypiranga FC,Visita,2ND,01/07/2023,11,,,,,,,,,,,,,,,,,,,,,,,,,,,,,,,,,,,,,,,,,,,,,,,,
11114245,1281,49328,CALENDAR,REGULAR,Round 12,LEAGUE,2017,Confiança,Local,ALL,10/07/2023,12,0,49%,1.78,,15,8,9,19,414,2,1,4,0,5,1,7,2,9,6,,,1,16,,3,356,27,,46/63 (73%),15/30 (50%),11/27 (40%),33%,9,25/109 (23%),24/39 (62%),8/14 (57%),,2,8,,17,1,8,,,1,,11
11114245,1281,49328,CALENDAR,REGULAR,Round 12,LEAGUE,2017,Confiança,Local,1ST,10/07/2023,12,,,,,,,,,,,,,,,,,,,,,,,,,,,,,,,,,,,,,,,,,,,,,,,,
11114245,1281,49328,CALENDAR,REGULAR,Round 12,LEAGUE,2017,Confiança,Local,2ND,10/07/2023,12,,,,,,,,,,,,,,,,,,,,,,,,,,,,,,,,,,,,,,,,,,,,,,,,
11114245,1281,49328,CALENDAR,REGULAR,Round 12,LEAGUE,6982,Volta Redonda,Visita,ALL,10/07/2023,12,1,51%,2.30,,16,5,7,5,399,1,3,2,0,9,0,6,1,8,8,,,1,10,,2,333,22,,27/44 (61%),28/47 (59%),3/15 (20%),46%,7,51/108 (47%),16/37 (43%),12/18 (67%),,1,13,,24,1,5,,,1,,10
11114245,1281,49328,CALENDAR,REGULAR,Round 12,LEAGUE,6982,Volta Redonda,Visita,1ST,10/07/2023,12,,,,,,,,,,,,,,,,,,,,,,,,,,,,,,,,,,,,,,,,,,,,,,,,
11114245,1281,49328,CALENDAR,REGULAR,Round 12,LEAGUE,6982,Volta Redonda,Visita,2ND,10/07/2023,12,,,,,,,,,,,,,,,,,,,,,,,,,,,,,,,,,,,,,,,,,,,,,,,,
11114331,1281,49328,CALENDAR,REGULAR,Round 13,LEAGUE,21884,Brusque,Local,ALL,15/07/2023,13,4,58%,2.02,,14,6,5,23,475,1,0,2,0,10,0,4,0,9,5,,,1,14,,1,413,8,,48/57 (84%),38/58 (65%),6/20 (30%),36%,6,36/108 (33%),16/35 (46%),11/13 (85%),,1,15,,11,2,6,,,,,13
11114331,1281,49328,CALENDAR,REGULAR,Round 13,LEAGUE,21884,Brusque,Local,1ST,15/07/2023,13,,,,,,,,,,,,,,,,,,,,,,,,,,,,,,,,,,,,,,,,,,,,,,,,
11114331,1281,49328,CALENDAR,REGULAR,Round 13,LEAGUE,21884,Brusque,Local,2ND,15/07/2023,13,,,,,,,,,,,,,,,,,,,,,,,,,,,,,,,,,,,,,,,,,,,,,,,,
11114331,1281,49328,CALENDAR,REGULAR,Round 13,LEAGUE,2017,Confiança,Visita,ALL,15/07/2023,13,0,42%,1.82,,20,6,3,10,337,1,7,5,0,6,1,12,1,11,9,,,0,21,,3,279,20,,32/52 (62%),16/31 (51%),5/16 (31%),40%,6,47/115 (41%),13/34 (38%),21/29 (72%),,1,17,,7,2,6,,,,,8
11114331,1281,49328,CALENDAR,REGULAR,Round 13,LEAGUE,2017,Confiança,Visita,1ST,15/07/2023,13,,,,,,,,,,,,,,,,,,,,,,,,,,,,,,,,,,,,,,,,,,,,,,,,
11114331,1281,49328,CALENDAR,REGULAR,Round 13,LEAGUE,2017,Confiança,Visita,2ND,15/07/2023,13,,,,,,,,,,,,,,,,,,,,,,,,,,,,,,,,,,,,,,,,,,,,,,,,
11114385,1281,49328,CALENDAR,REGULAR,Round 14,LEAGUE,2017,Confiança,Local,ALL,22/07/2023,14,1,48%,1.36,,14,4,2,19,322,7,2,1,0,4,2,7,1,6,8,,,2,9,,4,262,25,,42/56 (75%),29/47 (61%),3/10 (30%),28%,5,28/102 (27%),5/13 (38%),8/9 (89%),,7,17,,20,4,4,,,,,8
11114385,1281,49328,CALENDAR,REGULAR,Round 14,LEAGUE,2017,Confiança,Local,1ST,22/07/2023,14,,,,,,,,,,,,,,,,,,,,,,,,,,,,,,,,,,,,,,,,,,,,,,,,
11114385,1281,49328,CALENDAR,REGULAR,Round 14,LEAGUE,2017,Confiança,Local,2ND,22/07/2023,14,,,,,,,,,,,,,,,,,,,,,,,,,,,,,,,,,,,,,,,,,,,,,,,,
11114385,1281,49328,CALENDAR,REGULAR,Round 14,LEAGUE,39634,Operário-PR,Visita,ALL,22/07/2023,14,0,52%,0.94,,12,3,4,17,377,3,1,3,0,4,1,4,3,5,7,,,2,7,,1,300,35,,29/49 (59%),19/43 (44%),4/12 (33%),34%,4,45/139 (32%),10/20 (50%),16/30 (53%),,3,8,,11,3,3,,,,,13
11114385,1281,49328,CALENDAR,REGULAR,Round 14,LEAGUE,39634,Operário-PR,Visita,1ST,22/07/2023,14,,,,,,,,,,,,,,,,,,,,,,,,,,,,,,,,,,,,,,,,,,,,,,,,
11114385,1281,49328,CALENDAR,REGULAR,Round 14,LEAGUE,39634,Operário-PR,Visita,2ND,22/07/2023,14,,,,,,,,,,,,,,,,,,,,,,,,,,,,,,,,,,,,,,,,,,,,,,,,
11114394,1281,49328,CALENDAR,REGULAR,Round 15,LEAGUE,480379,EC São José,Local,ALL,29/07/2023,15,2,38%,2.04,,11,5,1,14,306,2,2,2,0,5,0,6,0,7,4,,,0,14,,2,214,35,,28/48 (58%),24/61 (39%),7/16 (43%),36%,4,41/119 (34%),27/66 (41%),16/24 (67%),,2,16,,20,1,5,,,,,11
11114394,1281,49328,CALENDAR,REGULAR,Round 15,LEAGUE,480379,EC São José,Local,1ST,29/07/2023,15,,,,,,,,,,,,,,,,,,,,,,,,,,,,,,,,,,,,,,,,,,,,,,,,
11114394,1281,49328,CALENDAR,REGULAR,Round 15,LEAGUE,480379,EC São José,Local,2ND,29/07/2023,15,,,,,,,,,,,,,,,,,,,,,,,,,,,,,,,,,,,,,,,,,,,,,,,,
11114394,1281,49328,CALENDAR,REGULAR,Round 15,LEAGUE,2017,Confiança,Visita,ALL,29/07/2023,15,0,62%,0.47,,12,4,3,13,549,2,4,4,0,5,0,7,0,4,8,,,0,12,,0,464,31,,36/56 (64%),36/62 (58%),3/15 (20%),42%,11,49/129 (38%),36/69 (52%),27/37 (73%),,2,19,,25,3,4,,,,,11
11114394,1281,49328,CALENDAR,REGULAR,Round 15,LEAGUE,2017,Confiança,Visita,1ST,29/07/2023,15,,,,,,,,,,,,,,,,,,,,,,,,,,,,,,,,,,,,,,,,,,,,,,,,
11114394,1281,49328,CALENDAR,REGULAR,Round 15,LEAGUE,2017,Confiança,Visita,2ND,29/07/2023,15,,,,,,,,,,,,,,,,,,,,,,,,,,,,,,,,,,,,,,,,,,,,,,,,
11114417,1281,49328,CALENDAR,REGULAR,Round 16,LEAGUE,2017,Confiança,Local,ALL,07/08/2023,16,3,36%,0.80,,8,4,2,12,267,2,4,1,1,3,0,2,3,5,3,,,2,12,,0,215,10,,23/35 (66%),27/42 (64%),3/8 (37%),39%,12,32/101 (32%),30/56 (54%),13/15 (87%),,2,19,,21,3,4,,,,,14
11114417,1281,49328,CALENDAR,REGULAR,Round 16,LEAGUE,2017,Confiança,Local,1ST,07/08/2023,16,,,,,,,,,,,,,,,,,,,,,,,,,,,,,,,,,,,,,,,,,,,,,,,,
11114417,1281,49328,CALENDAR,REGULAR,Round 16,LEAGUE,2017,Confiança,Local,2ND,07/08/2023,16,,,,,,,,,,,,,,,,,,,,,,,,,,,,,,,,,,,,,,,,,,,,,,,,
11114417,1281,49328,CALENDAR,REGULAR,Round 16,LEAGUE,274286,Floresta,Visita,ALL,07/08/2023,16,1,64%,2.05,,18,0,5,14,499,4,1,2,1,5,1,7,5,8,10,,,5,19,,2,424,23,,64/87 (74%),25/45 (55%),13/22 (59%),36%,3,31/101 (31%),25/54 (46%),10/13 (77%),,4,6,,10,1,0,,,,,5
11114417,1281,49328,CALENDAR,REGULAR,Round 16,LEAGUE,274286,Floresta,Visita,1ST,07/08/2023,16,,,,,,,,,,,,,,,,,,,,,,,,,,,,,,,,,,,,,,,,,,,,,,,,
11114417,1281,49328,CALENDAR,REGULAR,Round 16,LEAGUE,274286,Floresta,Visita,2ND,07/08/2023,16,,,,,,,,,,,,,,,,,,,,,,,,,,,,,,,,,,,,,,,,,,,,,,,,
11114438,1281,49328,CALENDAR,REGULAR,Round 18,LEAGUE,49196,Botafogo-PB,Local,ALL,19/08/2023,18,2,54%,2.42,,20,4,8,7,374,3,5,4,1,5,0,12,3,11,9,,,4,20,,1,310,28,,33/46 (72%),30/47 (63%),12/26 (46%),41%,7,63/149 (42%),20/51 (39%),26/41 (63%),,3,16,,12,6,4,,,1,,6
11114438,1281,49328,CALENDAR,REGULAR,Round 18,LEAGUE,49196,Botafogo-PB,Local,1ST,19/08/2023,18,,,,,,,,,,,,,,,,,,,,,,,,,,,,,,,,,,,,,,,,,,,,,,,,
11114438,1281,49328,CALENDAR,REGULAR,Round 18,LEAGUE,49196,Botafogo-PB,Local,2ND,19/08/2023,18,,,,,,,,,,,,,,,,,,,,,,,,,,,,,,,,,,,,,,,,,,,,,,,,
11114438,1281,49328,CALENDAR,REGULAR,Round 18,LEAGUE,2017,Confiança,Visita,ALL,19/08/2023,18,3,46%,2.42,,15,4,4,26,348,4,1,3,1,7,0,4,4,7,8,,,1,13,,0,295,17,,27/42 (64%),22/36 (61%),4/8 (50%),34%,15,44/152 (29%),26/52 (50%),15/22 (68%),,4,17,,28,2,4,,,0,,18
11114438,1281,49328,CALENDAR,REGULAR,Round 18,LEAGUE,2017,Confiança,Visita,1ST,19/08/2023,18,,,,,,,,,,,,,,,,,,,,,,,,,,,,,,,,,,,,,,,,,,,,,,,,
11114438,1281,49328,CALENDAR,REGULAR,Round 18,LEAGUE,2017,Confiança,Visita,2ND,19/08/2023,18,,,,,,,,,,,,,,,,,,,,,,,,,,,,,,,,,,,,,,,,,,,,,,,,
11114447,1281,49328,CALENDAR,REGULAR,Round 19,LEAGUE,2017,Confiança,Local,ALL,26/08/2023,19,1,37%,1.05,,5,5,3,21,234,9,1,4,0,3,0,1,1,3,2,,,0,6,,2,185,32,,16/29 (55%),17/37 (45%),2/4 (50%),27%,15,34/138 (25%),16/42 (38%),7/8 (88%),,9,10,,16,2,5,,,,,12
11114447,1281,49328,CALENDAR,REGULAR,Round 19,LEAGUE,2017,Confiança,Local,1ST,26/08/2023,19,,,,,,,,,,,,,,,,,,,,,,,,,,,,,,,,,,,,,,,,,,,,,,,,
11114447,1281,49328,CALENDAR,REGULAR,Round 19,LEAGUE,2017,Confiança,Local,2ND,26/08/2023,19,,,,,,,,,,,,,,,,,,,,,,,,,,,,,,,,,,,,,,,,,,,,,,,,
11114447,1281,49328,CALENDAR,REGULAR,Round 19,LEAGUE,1997,Paysandu SC,Visita,ALL,26/08/2023,19,0,63%,1.88,,19,2,7,14,413,3,6,1,0,5,1,11,2,13,6,,,1,21,,1,348,30,,29/39 (74%),18/30 (60%),3/7 (42%),46%,5,60/132 (45%),21/41 (51%),23/31 (74%),,3,10,,15,0,2,,,,,5
11114447,1281,49328,CALENDAR,REGULAR,Round 19,LEAGUE,1997,Paysandu SC,Visita,1ST,26/08/2023,19,,,,,,,,,,,,,,,,,,,,,,,,,,,,,,,,,,,,,,,,,,,,,,,,
11114447,1281,49328,CALENDAR,REGULAR,Round 19,LEAGUE,1997,Paysandu SC,Visita,2ND,26/08/2023,19,,,,,,,,,,,,,,,,,,,,,,,,,,,,,,,,,,,,,,,,,,,,,,,,
11902255,1596,57252,CALENDAR,PLAYOFF,Qualification Round 1,CUP,2017,Confiança,Local,ALL,06/01/2024,1,1,50%,1.04,,11,1,4,19,394,8,4,2,0,3,0,6,2,8,3,,,0,12,,0,337,15,,27/45 (60%),17/36 (47%),5/11 (45%),40%,8,47/124 (38%),11/20 (55%),18/23 (78%),,8,9,,12,,1,,,,,10
11902255,1596,57252,CALENDAR,PLAYOFF,Qualification Round 1,CUP,2017,Confiança,Local,1ST,06/01/2024,1,,,,,,,,,,,,,,,,,,,,,,,,,,,,,,,,,,,,,,,,,,,,,,,,
11902255,1596,57252,CALENDAR,PLAYOFF,Qualification Round 1,CUP,2017,Confiança,Local,2ND,06/01/2024,1,,,,,,,,,,,,,,,,,,,,,,,,,,,,,,,,,,,,,,,,,,,,,,,,
11902255,1596,57252,CALENDAR,PLAYOFF,Qualification Round 1,CUP,324839,Retrô,Visita,ALL,06/01/2024,1,1,50%,0.40,,7,2,2,14,364,2,4,1,0,2,0,4,1,3,4,,,0,4,,0,315,24,,26/34 (76%),15/23 (65%),1/8 (12%),34%,10,44/124 (35%),6/20 (30%),14/20 (70%),,2,10,,15,,2,,,,,13
11902255,1596,57252,CALENDAR,PLAYOFF,Qualification Round 1,CUP,324839,Retrô,Visita,1ST,06/01/2024,1,,,,,,,,,,,,,,,,,,,,,,,,,,,,,,,,,,,,,,,,,,,,,,,,
11902255,1596,57252,CALENDAR,PLAYOFF,Qualification Round 1,CUP,324839,Retrô,Visita,2ND,06/01/2024,1,,,,,,,,,,,,,,,,,,,,,,,,,,,,,,,,,,,,,,,,,,,,,,,,
11969532,11665,57008,CALENDAR,REGULAR,Round 3,LEAGUE,2017,Confiança,Local,ALL,27/01/2024,3,2,,,,,,4,,,,,4,,,,,,,,,,,,,,,,,,,,,,,,,,,,,,,,,,,,
11969532,11665,57008,CALENDAR,REGULAR,Round 3,LEAGUE,2017,Confiança,Local,1ST,27/01/2024,3,,,,,,,,,,,,,,,,,,,,,,,,,,,,,,,,,,,,,,,,,,,,,,,,
11969532,11665,57008,CALENDAR,REGULAR,Round 3,LEAGUE,2017,Confiança,Local,2ND,27/01/2024,3,,,,,,,,,,,,,,,,,,,,,,,,,,,,,,,,,,,,,,,,,,,,,,,,
11969532,11665,57008,CALENDAR,REGULAR,Round 3,LEAGUE,486062,AD Carmópolis,Visita,ALL,27/01/2024,3,1,,,,,,3,,,,,2,,,,,,,,,,,,,,,,,,,,,,,,,,,,,,,,,,,,
11969532,11665,57008,CALENDAR,REGULAR,Round 3,LEAGUE,486062,AD Carmópolis,Visita,1ST,27/01/2024,3,,,,,,,,,,,,,,,,,,,,,,,,,,,,,,,,,,,,,,,,,,,,,,,,
11969532,11665,57008,CALENDAR,REGULAR,Round 3,LEAGUE,486062,AD Carmópolis,Visita,2ND,27/01/2024,3,,,,,,,,,,,,,,,,,,,,,,,,,,,,,,,,,,,,,,,,,,,,,,,,
11993978,11665,57008,CALENDAR,REGULAR,Round 4,LEAGUE,2017,Confiança,Local,ALL,30/01/2024,4,1,,,,,,4,,,,,2,,,,,,,,,,,,,,,,,,,,,,,,,,,,,,,,,,,,
11993978,11665,57008,CALENDAR,REGULAR,Round 4,LEAGUE,2017,Confiança,Local,1ST,30/01/2024,4,,,,,,,,,,,,,,,,,,,,,,,,,,,,,,,,,,,,,,,,,,,,,,,,
11993978,11665,57008,CALENDAR,REGULAR,Round 4,LEAGUE,2017,Confiança,Local,2ND,30/01/2024,4,,,,,,,,,,,,,,,,,,,,,,,,,,,,,,,,,,,,,,,,,,,,,,,,
11993978,11665,57008,CALENDAR,REGULAR,Round 4,LEAGUE,394885,Falcon-SE FC,Visita,ALL,30/01/2024,4,0,,,,,,2,,,,,3,,,,,,,,,,,,,,,,,,,,,,,,,,,,,,,,,,,,
11993978,11665,57008,CALENDAR,REGULAR,Round 4,LEAGUE,394885,Falcon-SE FC,Visita,1ST,30/01/2024,4,,,,,,,,,,,,,,,,,,,,,,,,,,,,,,,,,,,,,,,,,,,,,,,,
11993978,11665,57008,CALENDAR,REGULAR,Round 4,LEAGUE,394885,Falcon-SE FC,Visita,2ND,30/01/2024,4,,,,,,,,,,,,,,,,,,,,,,,,,,,,,,,,,,,,,,,,,,,,,,,,
12011850,11665,57008,CALENDAR,REGULAR,Round 5,LEAGUE,2016,Sergipe,Local,ALL,04/02/2024,5,2,,,,,,7,,,,,,,,,,,,,,,,,,,,,,,,,,,,,,,,,,,,,,,,,
12011850,11665,57008,CALENDAR,REGULAR,Round 5,LEAGUE,2016,Sergipe,Local,1ST,04/02/2024,5,,,,,,,,,,,,,,,,,,,,,,,,,,,,,,,,,,,,,,,,,,,,,,,,
12011850,11665,57008,CALENDAR,REGULAR,Round 5,LEAGUE,2016,Sergipe,Local,2ND,04/02/2024,5,,,,,,,,,,,,,,,,,,,,,,,,,,,,,,,,,,,,,,,,,,,,,,,,
12011850,11665,57008,CALENDAR,REGULAR,Round 5,LEAGUE,2017,Confiança,Visita,ALL,04/02/2024,5,1,,,,,,2,,,,,,,,,,,,,,,,,,,,,,,,,,,,,,,,,,,,,,,,,
12011850,11665,57008,CALENDAR,REGULAR,Round 5,LEAGUE,2017,Confiança,Visita,1ST,04/02/2024,5,,,,,,,,,,,,,,,,,,,,,,,,,,,,,,,,,,,,,,,,,,,,,,,,
12011850,11665,57008,CALENDAR,REGULAR,Round 5,LEAGUE,2017,Confiança,Visita,2ND,04/02/2024,5,,,,,,,,,,,,,,,,,,,,,,,,,,,,,,,,,,,,,,,,,,,,,,,,
12076736,11665,57008,CALENDAR,REGULAR,Round 8,LEAGUE,2017,Confiança,Local,ALL,22/02/2024,8,4,,,,,,7,,,,,1,,,,,,,,,,,,,,,,,,,,,,,,,,,,,,,,,,,,
12076736,11665,57008,CALENDAR,REGULAR,Round 8,LEAGUE,2017,Confiança,Local,1ST,22/02/2024,8,,,,,,,,,,,,,,,,,,,,,,,,,,,,,,,,,,,,,,,,,,,,,,,,
12076736,11665,57008,CALENDAR,REGULAR,Round 8,LEAGUE,2017,Confiança,Local,2ND,22/02/2024,8,,,,,,,,,,,,,,,,,,,,,,,,,,,,,,,,,,,,,,,,,,,,,,,,
12076736,11665,57008,CALENDAR,REGULAR,Round 8,LEAGUE,375797,Atlético Gloriense,Visita,ALL,22/02/2024,8,0,,,,,,1,,,,,1,,,,,,,,,,,,,,,,,,,,,,,,,,,,,,,,,,,,
12076736,11665,57008,CALENDAR,REGULAR,Round 8,LEAGUE,375797,Atlético Gloriense,Visita,1ST,22/02/2024,8,,,,,,,,,,,,,,,,,,,,,,,,,,,,,,,,,,,,,,,,,,,,,,,,
12076736,11665,57008,CALENDAR,REGULAR,Round 8,LEAGUE,375797,Atlético Gloriense,Visita,2ND,22/02/2024,8,,,,,,,,,,,,,,,,,,,,,,,,,,,,,,,,,,,,,,,,,,,,,,,,
12024187,373,58134,CALENDAR,PLAYOFF,Round 1,CUP,49195,Murici,Local,ALL,28/02/2024,1,2,,,,,,3,,,,,2,,,,,,,,,,,,,,,,,,,,,,,,,,,,,,,,,,,,
12024187,373,58134,CALENDAR,PLAYOFF,Round 1,CUP,49195,Murici,Local,1ST,28/02/2024,1,,,,,,,,,,,,,,,,,,,,,,,,,,,,,,,,,,,,,,,,,,,,,,,,
12024187,373,58134,CALENDAR,PLAYOFF,Round 1,CUP,49195,Murici,Local,2ND,28/02/2024,1,,,,,,,,,,,,,,,,,,,,,,,,,,,,,,,,,,,,,,,,,,,,,,,,
12024187,373,58134,CALENDAR,PLAYOFF,Round 1,CUP,2017,Confiança,Visita,ALL,28/02/2024,1,1,,,,,,2,,,,,2,,,,,,,,,,,,,,,,,,,,,,,,,,,,,,,,,,,,
12024187,373,58134,CALENDAR,PLAYOFF,Round 1,CUP,2017,Confiança,Visita,1ST,28/02/2024,1,,,,,,,,,,,,,,,,,,,,,,,,,,,,,,,,,,,,,,,,,,,,,,,,
12024187,373,58134,CALENDAR,PLAYOFF,Round 1,CUP,2017,Confiança,Visita,2ND,28/02/2024,1,,,,,,,,,,,,,,,,,,,,,,,,,,,,,,,,,,,,,,,,,,,,,,,,
12075221,11665,57008,CALENDAR,REGULAR,Round 7,LEAGUE,2017,Confiança,Local,ALL,03/03/2024,7,0,,,,,,10,,,,,0,,,,,,,,,,,,,,,,,,,,,,,,,,,,,,,,,,,,
12075221,11665,57008,CALENDAR,REGULAR,Round 7,LEAGUE,2017,Confiança,Local,1ST,03/03/2024,7,,,,,,,,,,,,,,,,,,,,,,,,,,,,,,,,,,,,,,,,,,,,,,,,
12075221,11665,57008,CALENDAR,REGULAR,Round 7,LEAGUE,2017,Confiança,Local,2ND,03/03/2024,7,,,,,,,,,,,,,,,,,,,,,,,,,,,,,,,,,,,,,,,,,,,,,,,,
12075221,11665,57008,CALENDAR,REGULAR,Round 7,LEAGUE,21853,AO Itabaiana,Visita,ALL,03/03/2024,7,1,,,,,,1,,,,,1,,,,,,,,,,,,,,,,,,,,,,,,,,,,,,,,,,,,
12075221,11665,57008,CALENDAR,REGULAR,Round 7,LEAGUE,21853,AO Itabaiana,Visita,1ST,03/03/2024,7,,,,,,,,,,,,,,,,,,,,,,,,,,,,,,,,,,,,,,,,,,,,,,,,
12075221,11665,57008,CALENDAR,REGULAR,Round 7,LEAGUE,21853,AO Itabaiana,Visita,2ND,03/03/2024,7,,,,,,,,,,,,,,,,,,,,,,,,,,,,,,,,,,,,,,,,,,,,,,,,
12112067,11665,57008,CALENDAR,REGULAR,Round 9,LEAGUE,144856,Lagarto FC,Local,ALL,13/03/2024,9,0,,,,,,7,,,,,4,,,,,,,,,,,,,,,,,,,,,,,,,,,,,,,,,,,,
12112067,11665,57008,CALENDAR,REGULAR,Round 9,LEAGUE,144856,Lagarto FC,Local,1ST,13/03/2024,9,,,,,,,,,,,,,,,,,,,,,,,,,,,,,,,,,,,,,,,,,,,,,,,,
12112067,11665,57008,CALENDAR,REGULAR,Round 9,LEAGUE,144856,Lagarto FC,Local,2ND,13/03/2024,9,,,,,,,,,,,,,,,,,,,,,,,,,,,,,,,,,,,,,,,,,,,,,,,,
12112067,11665,57008,CALENDAR,REGULAR,Round 9,LEAGUE,2017,Confiança,Visita,ALL,13/03/2024,9,2,,,,,,3,,,,,7,,,,,,,,,,,,,,,,,,,,,,,,,,,,,,,,,,,,
12112067,11665,57008,CALENDAR,REGULAR,Round 9,LEAGUE,2017,Confiança,Visita,1ST,13/03/2024,9,,,,,,,,,,,,,,,,,,,,,,,,,,,,,,,,,,,,,,,,,,,,,,,,
12112067,11665,57008,CALENDAR,REGULAR,Round 9,LEAGUE,2017,Confiança,Visita,2ND,13/03/2024,9,,,,,,,,,,,,,,,,,,,,,,,,,,,,,,,,,,,,,,,,,,,,,,,,
12146597,1281,59016,CALENDAR,REGULAR,Round 2,LEAGUE,480379,EC São José,Local,ALL,29/04/2024,2,1,63%,1.58,,17,1,5,11,364,2,4,2,2,4,0,8,5,7,10,,,3,15,,3,279,41,,46/70 (66%),23/46 (50%),7/18 (38%),36%,13,56/163 (34%),26/64 (41%),17/20 (85%),,2,9,,15,1,1,,,0,,4
12146597,1281,59016,CALENDAR,REGULAR,Round 2,LEAGUE,480379,EC São José,Local,1ST,29/04/2024,2,,,,,,,,,,,,,,,,,,,,,,,,,,,,,,,,,,,,,,,,,,,,,,,,
12146597,1281,59016,CALENDAR,REGULAR,Round 2,LEAGUE,480379,EC São José,Local,2ND,29/04/2024,2,,,,,,,,,,,,,,,,,,,,,,,,,,,,,,,,,,,,,,,,,,,,,,,,
12146597,1281,59016,CALENDAR,REGULAR,Round 2,LEAGUE,2017,Confiança,Visita,ALL,29/04/2024,2,2,37%,0.40,,7,3,2,15,246,2,1,3,0,3,0,3,1,2,5,,,0,3,,0,188,28,,13/27 (48%),21/34 (61%),1/5 (20%),35%,7,48/160 (30%),32/64 (50%),9/12 (75%),,2,15,,50,5,3,,,1,,14
12146597,1281,59016,CALENDAR,REGULAR,Round 2,LEAGUE,2017,Confiança,Visita,1ST,29/04/2024,2,,,,,,,,,,,,,,,,,,,,,,,,,,,,,,,,,,,,,,,,,,,,,,,,
12146597,1281,59016,CALENDAR,REGULAR,Round 2,LEAGUE,2017,Confiança,Visita,2ND,29/04/2024,2,,,,,,,,,,,,,,,,,,,,,,,,,,,,,,,,,,,,,,,,,,,,,,,,
12146602,1281,59016,CALENDAR,REGULAR,Round 3,LEAGUE,2017,Confiança,Local,ALL,04/05/2024,3,0,61%,2.49,,13,4,10,18,445,0,4,2,0,5,1,2,5,6,7,,,0,11,,2,387,22,,20/30 (67%),15/26 (57%),5/12 (41%),39%,5,35/94 (37%),11/23 (48%),16/20 (80%),,0,12,,15,6,4,,,0,,13
12146602,1281,59016,CALENDAR,REGULAR,Round 3,LEAGUE,2017,Confiança,Local,1ST,04/05/2024,3,,,,,,,,,,,,,,,,,,,,,,,,,,,,,,,,,,,,,,,,,,,,,,,,
12146602,1281,59016,CALENDAR,REGULAR,Round 3,LEAGUE,2017,Confiança,Local,2ND,04/05/2024,3,,,,,,,,,,,,,,,,,,,,,,,,,,,,,,,,,,,,,,,,,,,,,,,,
12146602,1281,59016,CALENDAR,REGULAR,Round 3,LEAGUE,87202,Tombense,Visita,ALL,04/05/2024,3,2,39%,1.76,,18,6,6,17,250,2,6,3,0,6,0,8,4,7,11,,,1,13,,2,195,18,,27/45 (60%),20/41 (48%),5/14 (35%),38%,4,40/110 (36%),11/21 (52%),12/19 (63%),,2,11,,16,3,6,,,1,,4
12146602,1281,59016,CALENDAR,REGULAR,Round 3,LEAGUE,87202,Tombense,Visita,1ST,04/05/2024,3,,,,,,,,,,,,,,,,,,,,,,,,,,,,,,,,,,,,,,,,,,,,,,,,
12146602,1281,59016,CALENDAR,REGULAR,Round 3,LEAGUE,87202,Tombense,Visita,2ND,04/05/2024,3,,,,,,,,,,,,,,,,,,,,,,,,,,,,,,,,,,,,,,,,,,,,,,,,
12146634,1281,59016,CALENDAR,REGULAR,Round 5,LEAGUE,35285,Ferroviária,Local,ALL,18/05/2024,5,1,32%,0.42,,6,3,3,18,305,2,4,2,0,2,0,3,1,2,4,,,0,5,,1,234,25,,23/44 (52%),17/35 (48%),1/7 (14%),38%,7,45/132 (34%),20/35 (57%),13/18 (72%),,2,19,,8,3,3,,,,,5
12146634,1281,59016,CALENDAR,REGULAR,Round 5,LEAGUE,35285,Ferroviária,Local,1ST,18/05/2024,5,,,,,,,,,,,,,,,,,,,,,,,,,,,,,,,,,,,,,,,,,,,,,,,,
12146634,1281,59016,CALENDAR,REGULAR,Round 5,LEAGUE,35285,Ferroviária,Local,2ND,18/05/2024,5,,,,,,,,,,,,,,,,,,,,,,,,,,,,,,,,,,,,,,,,,,,,,,,,
12146634,1281,59016,CALENDAR,REGULAR,Round 5,LEAGUE,2017,Confiança,Visita,ALL,18/05/2024,5,0,68%,0.38,,9,1,6,13,634,0,0,3,0,3,0,3,3,3,6,,,0,5,,2,561,30,,54/72 (75%),17/34 (50%),6/16 (37%),35%,11,48/144 (33%),16/35 (46%),9/12 (75%),,0,17,,14,1,1,,,,,7
12146634,1281,59016,CALENDAR,REGULAR,Round 5,LEAGUE,2017,Confiança,Visita,1ST,18/05/2024,5,,,,,,,,,,,,,,,,,,,,,,,,,,,,,,,,,,,,,,,,,,,,,,,,
12146634,1281,59016,CALENDAR,REGULAR,Round 5,LEAGUE,2017,Confiança,Visita,2ND,18/05/2024,5,,,,,,,,,,,,,,,,,,,,,,,,,,,,,,,,,,,,,,,,,,,,,,,,
12146637,1281,59016,CALENDAR,REGULAR,Round 6,LEAGUE,2017,Confiança,Local,ALL,25/05/2024,6,0,58%,1.73,,17,5,3,12,470,3,1,3,0,5,2,5,5,11,6,,,2,17,,4,382,20,,39/69 (57%),35/64 (54%),5/17 (29%),42%,3,39/117 (33%),37/60 (62%),14/18 (78%),,3,15,,29,3,5,,,,,11
12146637,1281,59016,CALENDAR,REGULAR,Round 6,LEAGUE,2017,Confiança,Local,1ST,25/05/2024,6,,,,,,,,,,,,,,,,,,,,,,,,,,,,,,,,,,,,,,,,,,,,,,,,
12146637,1281,59016,CALENDAR,REGULAR,Round 6,LEAGUE,2017,Confiança,Local,2ND,25/05/2024,6,,,,,,,,,,,,,,,,,,,,,,,,,,,,,,,,,,,,,,,,,,,,,,,,
12146637,1281,59016,CALENDAR,REGULAR,Round 6,LEAGUE,21838,ABC,Visita,ALL,25/05/2024,6,0,42%,0.91,,13,5,4,13,299,0,3,0,0,5,0,6,2,4,9,,,0,8,,1,229,30,,34/57 (60%),29/49 (59%),7/15 (46%),34%,4,34/93 (37%),19/60 (32%),13/17 (76%),,0,21,,16,5,5,,,,,9
12146637,1281,59016,CALENDAR,REGULAR,Round 6,LEAGUE,21838,ABC,Visita,1ST,25/05/2024,6,,,,,,,,,,,,,,,,,,,,,,,,,,,,,,,,,,,,,,,,,,,,,,,,
12146637,1281,59016,CALENDAR,REGULAR,Round 6,LEAGUE,21838,ABC,Visita,2ND,25/05/2024,6,,,,,,,,,,,,,,,,,,,,,,,,,,,,,,,,,,,,,,,,,,,,,,,,
12146647,1281,59016,CALENDAR,REGULAR,Round 7,LEAGUE,2017,Confiança,Local,ALL,01/06/2024,7,3,43%,0.80,,15,3,5,19,368,3,2,4,0,4,0,7,4,5,10,,,0,8,,2,312,15,,22/37 (59%),21/38 (55%),1/12 (8%),38%,5,47/118 (40%),11/34 (32%),14/18 (78%),,3,24,,28,0,3,,,0,,11
12146647,1281,59016,CALENDAR,REGULAR,Round 7,LEAGUE,2017,Confiança,Local,1ST,01/06/2024,7,,,,,,,,,,,,,,,,,,,,,,,,,,,,,,,,,,,,,,,,,,,,,,,,
12146647,1281,59016,CALENDAR,REGULAR,Round 7,LEAGUE,2017,Confiança,Local,2ND,01/06/2024,7,,,,,,,,,,,,,,,,,,,,,,,,,,,,,,,,,,,,,,,,,,,,,,,,
12146647,1281,59016,CALENDAR,REGULAR,Round 7,LEAGUE,32794,AA Aparecidense,Visita,ALL,01/06/2024,7,1,57%,1.26,,10,1,5,19,460,1,1,4,0,4,0,5,1,7,3,,,3,18,,0,394,24,,48/61 (79%),21/37 (56%),7/29 (24%),36%,7,36/117 (31%),18/33 (55%),17/25 (68%),,1,5,,15,1,1,,,1,,10
12146647,1281,59016,CALENDAR,REGULAR,Round 7,LEAGUE,32794,AA Aparecidense,Visita,1ST,01/06/2024,7,,,,,,,,,,,,,,,,,,,,,,,,,,,,,,,,,,,,,,,,,,,,,,,,
12146647,1281,59016,CALENDAR,REGULAR,Round 7,LEAGUE,32794,AA Aparecidense,Visita,2ND,01/06/2024,7,,,,,,,,,,,,,,,,,,,,,,,,,,,,,,,,,,,,,,,,,,,,,,,,
12146661,1281,59016,CALENDAR,REGULAR,Round 8,LEAGUE,274286,Floresta,Local,ALL,10/06/2024,8,1,34%,1.61,,9,3,4,22,244,4,7,1,0,3,0,4,2,4,5,,,0,9,,1,186,19,,21/41 (51%),13/31 (41%),2/6 (33%),30%,4,30/119 (25%),14/26 (54%),9/12 (75%),,4,22,,10,2,3,,,,,10
12146661,1281,59016,CALENDAR,REGULAR,Round 8,LEAGUE,274286,Floresta,Local,1ST,10/06/2024,8,,,,,,,,,,,,,,,,,,,,,,,,,,,,,,,,,,,,,,,,,,,,,,,,
12146661,1281,59016,CALENDAR,REGULAR,Round 8,LEAGUE,274286,Floresta,Local,2ND,10/06/2024,8,,,,,,,,,,,,,,,,,,,,,,,,,,,,,,,,,,,,,,,,,,,,,,,,
12146661,1281,59016,CALENDAR,REGULAR,Round 8,LEAGUE,2017,Confiança,Visita,ALL,10/06/2024,8,0,66%,1.09,,15,2,9,17,511,0,8,2,3,2,0,5,8,3,12,,,1,11,,1,452,26,,48/55 (87%),15/23 (65%),10/22 (45%),41%,9,47/120 (39%),16/32 (50%),21/27 (78%),,0,9,,8,0,2,,,,,9
12146661,1281,59016,CALENDAR,REGULAR,Round 8,LEAGUE,2017,Confiança,Visita,1ST,10/06/2024,8,,,,,,,,,,,,,,,,,,,,,,,,,,,,,,,,,,,,,,,,,,,,,,,,
12146661,1281,59016,CALENDAR,REGULAR,Round 8,LEAGUE,2017,Confiança,Visita,2ND,10/06/2024,8,,,,,,,,,,,,,,,,,,,,,,,,,,,,,,,,,,,,,,,,,,,,,,,,
12146677,1281,59016,CALENDAR,REGULAR,Round 10,LEAGUE,2017,Confiança,Local,ALL,27/06/2024,10,0,56%,1.25,,17,6,4,15,493,5,1,3,0,7,0,7,3,9,8,,,3,18,,1,422,26,,65/82 (79%),20/33 (60%),9/20 (45%),36%,10,48/145 (33%),16/31 (52%),24/33 (73%),,5,12,,23,0,6,,,1,,10
12146677,1281,59016,CALENDAR,REGULAR,Round 10,LEAGUE,2017,Confiança,Local,1ST,27/06/2024,10,,,,,,,,,,,,,,,,,,,,,,,,,,,,,,,,,,,,,,,,,,,,,,,,
12146677,1281,59016,CALENDAR,REGULAR,Round 10,LEAGUE,2017,Confiança,Local,2ND,27/06/2024,10,,,,,,,,,,,,,,,,,,,,,,,,,,,,,,,,,,,,,,,,,,,,,,,,
12146677,1281,59016,CALENDAR,REGULAR,Round 10,LEAGUE,2010,CSA,Visita,ALL,27/06/2024,10,1,44%,2.32,,14,7,8,15,281,3,5,2,0,6,0,6,2,7,7,,,0,14,,2,230,25,,33/44 (75%),22/34 (64%),4/5 (80%),36%,11,51/146 (35%),14/30 (47%),15/27 (56%),,3,12,,16,7,7,,,0,,11
12146677,1281,59016,CALENDAR,REGULAR,Round 10,LEAGUE,2010,CSA,Visita,1ST,27/06/2024,10,,,,,,,,,,,,,,,,,,,,,,,,,,,,,,,,,,,,,,,,,,,,,,,,
12146677,1281,59016,CALENDAR,REGULAR,Round 10,LEAGUE,2010,CSA,Visita,2ND,27/06/2024,10,,,,,,,,,,,,,,,,,,,,,,,,,,,,,,,,,,,,,,,,,,,,,,,,
12146688,1281,59016,CALENDAR,REGULAR,Round 11,LEAGUE,2011,Náutico,Local,ALL,01/07/2024,11,2,60%,0.76,,13,0,11,12,356,3,5,1,0,4,0,7,2,6,7,,,0,10,,1,283,33,,30/52 (58%),21/46 (45%),6/10 (60%),39%,10,45/122 (37%),23/51 (45%),7/11 (64%),,3,10,,17,0,0,,,,,8
12146688,1281,59016,CALENDAR,REGULAR,Round 11,LEAGUE,2011,Náutico,Local,1ST,01/07/2024,11,,,,,,,,,,,,,,,,,,,,,,,,,,,,,,,,,,,,,,,,,,,,,,,,
12146688,1281,59016,CALENDAR,REGULAR,Round 11,LEAGUE,2011,Náutico,Local,2ND,01/07/2024,11,,,,,,,,,,,,,,,,,,,,,,,,,,,,,,,,,,,,,,,,,,,,,,,,
12146688,1281,59016,CALENDAR,REGULAR,Round 11,LEAGUE,2017,Confiança,Visita,ALL,01/07/2024,11,1,40%,0.38,,5,2,0,25,260,3,2,3,1,1,0,3,1,3,2,,,1,11,,1,203,24,,30/44 (68%),15/21 (71%),4/13 (30%),40%,8,43/124 (35%),27/50 (54%),9/16 (56%),,3,13,,13,5,2,,,,,16
12146688,1281,59016,CALENDAR,REGULAR,Round 11,LEAGUE,2017,Confiança,Visita,1ST,01/07/2024,11,,,,,,,,,,,,,,,,,,,,,,,,,,,,,,,,,,,,,,,,,,,,,,,,
12146688,1281,59016,CALENDAR,REGULAR,Round 11,LEAGUE,2017,Confiança,Visita,2ND,01/07/2024,11,,,,,,,,,,,,,,,,,,,,,,,,,,,,,,,,,,,,,,,,,,,,,,,,
12146697,1281,59016,CALENDAR,REGULAR,Round 12,LEAGUE,2017,Confiança,Local,ALL,07/07/2024,12,2,40%,0.41,,7,3,4,18,282,6,2,0,0,3,0,3,1,2,5,,,0,6,,1,223,17,,21/32 (66%),20/41 (48%),1/10 (10%),33%,8,37/127 (29%),18/35 (51%),15/23 (65%),,6,28,,49,1,3,,,0,,18
12146697,1281,59016,CALENDAR,REGULAR,Round 12,LEAGUE,2017,Confiança,Local,1ST,07/07/2024,12,,,,,,,,,,,,,,,,,,,,,,,,,,,,,,,,,,,,,,,,,,,,,,,,
12146697,1281,59016,CALENDAR,REGULAR,Round 12,LEAGUE,2017,Confiança,Local,2ND,07/07/2024,12,,,,,,,,,,,,,,,,,,,,,,,,,,,,,,,,,,,,,,,,,,,,,,,,
12146697,1281,59016,CALENDAR,REGULAR,Round 12,LEAGUE,32766,Ypiranga FC,Visita,ALL,07/07/2024,12,0,60%,1.11,,21,1,7,11,526,6,4,1,0,3,0,12,6,5,16,,,1,13,,2,446,28,,57/70 (81%),16/26 (61%),8/35 (22%),37%,5,44/128 (34%),18/39 (46%),17/23 (74%),,6,13,,12,0,1,,,1,,7
12146697,1281,59016,CALENDAR,REGULAR,Round 12,LEAGUE,32766,Ypiranga FC,Visita,1ST,07/07/2024,12,,,,,,,,,,,,,,,,,,,,,,,,,,,,,,,,,,,,,,,,,,,,,,,,
12146697,1281,59016,CALENDAR,REGULAR,Round 12,LEAGUE,32766,Ypiranga FC,Visita,2ND,07/07/2024,12,,,,,,,,,,,,,,,,,,,,,,,,,,,,,,,,,,,,,,,,,,,,,,,,
12146715,1281,59016,CALENDAR,REGULAR,Round 13,LEAGUE,49196,Botafogo-PB,Local,ALL,13/07/2024,13,3,54%,1.93,,16,6,7,17,357,6,8,2,0,6,1,7,2,7,9,,,0,10,,0,299,33,,41/55 (75%),19/33 (57%),4/18 (22%),34%,8,35/123 (28%),26/54 (48%),15/23 (65%),,6,20,,10,2,6,,,3,,5
12146715,1281,59016,CALENDAR,REGULAR,Round 13,LEAGUE,49196,Botafogo-PB,Local,1ST,13/07/2024,13,,,,,,,,,,,,,,,,,,,,,,,,,,,,,,,,,,,,,,,,,,,,,,,,
12146715,1281,59016,CALENDAR,REGULAR,Round 13,LEAGUE,49196,Botafogo-PB,Local,2ND,13/07/2024,13,,,,,,,,,,,,,,,,,,,,,,,,,,,,,,,,,,,,,,,,,,,,,,,,
12146715,1281,59016,CALENDAR,REGULAR,Round 13,LEAGUE,2017,Confiança,Visita,ALL,13/07/2024,13,3,46%,1.70,,15,3,5,18,275,1,6,3,0,6,2,5,2,6,9,,,1,13,,2,220,16,,23/35 (66%),17/34 (50%),4/9 (44%),44%,7,50/115 (43%),22/46 (48%),22/27 (81%),,1,12,,28,4,3,,,2,,14
12146715,1281,59016,CALENDAR,REGULAR,Round 13,LEAGUE,2017,Confiança,Visita,1ST,13/07/2024,13,,,,,,,,,,,,,,,,,,,,,,,,,,,,,,,,,,,,,,,,,,,,,,,,
12146715,1281,59016,CALENDAR,REGULAR,Round 13,LEAGUE,2017,Confiança,Visita,2ND,13/07/2024,13,,,,,,,,,,,,,,,,,,,,,,,,,,,,,,,,,,,,,,,,,,,,,,,,
12523784,1281,59016,CALENDAR,REGULAR,Round 14,LEAGUE,2017,Confiança,Local,ALL,22/07/2024,14,1,63%,1.67,,10,1,6,18,450,3,6,3,0,3,0,5,2,4,6,,,1,11,,1,389,26,,47/59 (80%),20/35 (57%),4/17 (23%),35%,6,47/132 (36%),13/36 (36%),30/43 (70%),,3,4,,9,0,1,,,,,12
12523784,1281,59016,CALENDAR,REGULAR,Round 14,LEAGUE,2017,Confiança,Local,1ST,22/07/2024,14,,,,,,,,,,,,,,,,,,,,,,,,,,,,,,,,,,,,,,,,,,,,,,,,
12523784,1281,59016,CALENDAR,REGULAR,Round 14,LEAGUE,2017,Confiança,Local,2ND,22/07/2024,14,,,,,,,,,,,,,,,,,,,,,,,,,,,,,,,,,,,,,,,,,,,,,,,,
12523784,1281,59016,CALENDAR,REGULAR,Round 14,LEAGUE,32672,Ferroviário,Visita,ALL,22/07/2024,14,1,37%,1.60,,13,2,4,18,240,3,6,4,1,2,0,9,2,8,5,,,0,17,,1,190,22,,19/30 (63%),21/38 (55%),8/14 (57%),37%,4,41/128 (32%),21/36 (58%),15/26 (58%),,3,13,,22,3,2,,,,,9
12523784,1281,59016,CALENDAR,REGULAR,Round 14,LEAGUE,32672,Ferroviário,Visita,1ST,22/07/2024,14,,,,,,,,,,,,,,,,,,,,,,,,,,,,,,,,,,,,,,,,,,,,,,,,
12523784,1281,59016,CALENDAR,REGULAR,Round 14,LEAGUE,32672,Ferroviário,Visita,2ND,22/07/2024,14,,,,,,,,,,,,,,,,,,,,,,,,,,,,,,,,,,,,,,,,,,,,,,,,
12146728,1281,59016,CALENDAR,REGULAR,Round 15,LEAGUE,2017,Confiança,Local,ALL,28/07/2024,15,4,37%,2.70,,14,3,5,15,276,5,2,4,0,7,0,3,4,9,5,,,1,14,,3,222,7,,24/47 (51%),10/32 (31%),3/9 (33%),41%,10,44/120 (37%),21/37 (57%),12/14 (86%),,5,10,,31,1,3,,,1,,13
12146728,1281,59016,CALENDAR,REGULAR,Round 15,LEAGUE,2017,Confiança,Local,1ST,28/07/2024,15,,,,,,,,,,,,,,,,,,,,,,,,,,,,,,,,,,,,,,,,,,,,,,,,
12146728,1281,59016,CALENDAR,REGULAR,Round 15,LEAGUE,2017,Confiança,Local,2ND,28/07/2024,15,,,,,,,,,,,,,,,,,,,,,,,,,,,,,,,,,,,,,,,,,,,,,,,,
12146728,1281,59016,CALENDAR,REGULAR,Round 15,LEAGUE,6982,Volta Redonda,Visita,ALL,28/07/2024,15,1,63%,1.29,,12,3,5,11,473,1,5,3,0,4,0,5,3,5,7,,,1,14,,5,397,19,,45/74 (61%),25/48 (52%),9/23 (39%),41%,3,51/128 (40%),16/35 (46%),17/27 (63%),,1,6,,8,3,3,,,0,,5
12146728,1281,59016,CALENDAR,REGULAR,Round 15,LEAGUE,6982,Volta Redonda,Visita,1ST,28/07/2024,15,,,,,,,,,,,,,,,,,,,,,,,,,,,,,,,,,,,,,,,,,,,,,,,,
12146728,1281,59016,CALENDAR,REGULAR,Round 15,LEAGUE,6982,Volta Redonda,Visita,2ND,28/07/2024,15,,,,,,,,,,,,,,,,,,,,,,,,,,,,,,,,,,,,,,,,,,,,,,,,
12460634,1281,59016,CALENDAR,REGULAR,Round 4,LEAGUE,2000,Caxias,Local,ALL,31/07/2024,4,1,60%,1.69,,20,1,9,8,353,0,8,1,0,6,0,10,4,9,11,,,2,12,,3,297,36,,42/58 (72%),39/59 (66%),7/18 (38%),38%,10,42/112 (38%),25/64 (39%),25/36 (69%),,0,10,,7,4,1,,,0,,5
12460634,1281,59016,CALENDAR,REGULAR,Round 4,LEAGUE,2000,Caxias,Local,1ST,31/07/2024,4,,,,,,,,,,,,,,,,,,,,,,,,,,,,,,,,,,,,,,,,,,,,,,,,
12460634,1281,59016,CALENDAR,REGULAR,Round 4,LEAGUE,2000,Caxias,Local,2ND,31/07/2024,4,,,,,,,,,,,,,,,,,,,,,,,,,,,,,,,,,,,,,,,,,,,,,,,,
12460634,1281,59016,CALENDAR,REGULAR,Round 4,LEAGUE,2017,Confiança,Visita,ALL,31/07/2024,4,0,40%,0.48,,7,5,1,13,256,1,0,2,0,1,0,4,2,1,6,,,0,2,,0,204,13,,25/32 (78%),18/32 (56%),1/1 (100%),42%,0,37/109 (34%),36/62 (58%),18/29 (62%),,1,7,,29,2,5,,,1,,15
12460634,1281,59016,CALENDAR,REGULAR,Round 4,LEAGUE,2017,Confiança,Visita,1ST,31/07/2024,4,,,,,,,,,,,,,,,,,,,,,,,,,,,,,,,,,,,,,,,,,,,,,,,,
12460634,1281,59016,CALENDAR,REGULAR,Round 4,LEAGUE,2017,Confiança,Visita,2ND,31/07/2024,4,,,,,,,,,,,,,,,,,,,,,,,,,,,,,,,,,,,,,,,,,,,,,,,,
12146748,1281,59016,CALENDAR,REGULAR,Round 17,LEAGUE,2017,Confiança,Local,ALL,10/08/2024,17,1,40%,1.86,,9,5,2,14,306,4,3,2,0,3,1,4,1,8,1,,,0,15,,0,247,24,,24/38 (63%),32/48 (66%),6/13 (46%),38%,4,33/101 (33%),21/40 (53%),14/20 (70%),,4,21,,16,4,5,,,2,,13
12146748,1281,59016,CALENDAR,REGULAR,Round 17,LEAGUE,2017,Confiança,Local,1ST,10/08/2024,17,,,,,,,,,,,,,,,,,,,,,,,,,,,,,,,,,,,,,,,,,,,,,,,,
12146748,1281,59016,CALENDAR,REGULAR,Round 17,LEAGUE,2017,Confiança,Local,2ND,10/08/2024,17,,,,,,,,,,,,,,,,,,,,,,,,,,,,,,,,,,,,,,,,,,,,,,,,
12146748,1281,59016,CALENDAR,REGULAR,Round 17,LEAGUE,2012,Remo,Visita,ALL,10/08/2024,17,0,60%,0.94,,14,3,5,14,385,1,6,5,0,5,1,5,3,6,8,,,3,18,,2,319,23,,41/60 (68%),18/40 (45%),7/18 (38%),44%,7,55/119 (46%),14/36 (39%),28/37 (76%),,1,12,,14,4,3,,,0,,9
12146748,1281,59016,CALENDAR,REGULAR,Round 17,LEAGUE,2012,Remo,Visita,1ST,10/08/2024,17,,,,,,,,,,,,,,,,,,,,,,,,,,,,,,,,,,,,,,,,,,,,,,,,
12146748,1281,59016,CALENDAR,REGULAR,Round 17,LEAGUE,2012,Remo,Visita,2ND,10/08/2024,17,,,,,,,,,,,,,,,,,,,,,,,,,,,,,,,,,,,,,,,,,,,,,,,,
12146758,1281,59016,CALENDAR,REGULAR,Round 18,LEAGUE,2017,Confiança,Local,ALL,18/08/2024,18,2,34%,0.96,,10,2,1,15,287,2,4,2,0,5,0,3,2,4,6,,,0,8,,3,226,19,,22/34 (65%),17/39 (43%),5/10 (50%),35%,5,42/119 (35%),6/17 (35%),12/13 (92%),,2,19,,19,2,2,,,,,7
12146758,1281,59016,CALENDAR,REGULAR,Round 18,LEAGUE,2017,Confiança,Local,1ST,18/08/2024,18,,,,,,,,,,,,,,,,,,,,,,,,,,,,,,,,,,,,,,,,,,,,,,,,
12146758,1281,59016,CALENDAR,REGULAR,Round 18,LEAGUE,2017,Confiança,Local,2ND,18/08/2024,18,,,,,,,,,,,,,,,,,,,,,,,,,,,,,,,,,,,,,,,,,,,,,,,,
12146758,1281,59016,CALENDAR,REGULAR,Round 18,LEAGUE,47504,São Bernardo,Visita,ALL,18/08/2024,18,0,66%,0.41,,8,3,7,17,559,0,1,4,1,1,0,3,4,3,5,,,1,6,,4,475,31,,50/69 (72%),21/46 (45%),4/22 (18%),34%,2,36/118 (31%),10/17 (59%),10/14 (71%),,0,9,,8,4,3,,,,,7
12146758,1281,59016,CALENDAR,REGULAR,Round 18,LEAGUE,47504,São Bernardo,Visita,1ST,18/08/2024,18,,,,,,,,,,,,,,,,,,,,,,,,,,,,,,,,,,,,,,,,,,,,,,,,
12146758,1281,59016,CALENDAR,REGULAR,Round 18,LEAGUE,47504,São Bernardo,Visita,2ND,18/08/2024,18,,,,,,,,,,,,,,,,,,,,,,,,,,,,,,,,,,,,,,,,,,,,,,,,
12146770,1281,59016,CALENDAR,REGULAR,Round 19,LEAGUE,2005,Sampaio Corrêa,Local,ALL,24/08/2024,19,1,58%,2.27,,22,2,12,14,456,5,5,4,0,7,1,12,2,12,10,,,1,22,,1,391,19,,53/74 (72%),25/43 (58%),12/29 (41%),43%,2,55/132 (42%),21/43 (49%),34/45 (76%),,5,19,,9,2,2,,,1,,2
12146770,1281,59016,CALENDAR,REGULAR,Round 19,LEAGUE,2005,Sampaio Corrêa,Local,1ST,24/08/2024,19,,,,,,,,,,,,,,,,,,,,,,,,,,,,,,,,,,,,,,,,,,,,,,,,
12146770,1281,59016,CALENDAR,REGULAR,Round 19,LEAGUE,2005,Sampaio Corrêa,Local,2ND,24/08/2024,19,,,,,,,,,,,,,,,,,,,,,,,,,,,,,,,,,,,,,,,,,,,,,,,,
12146770,1281,59016,CALENDAR,REGULAR,Round 19,LEAGUE,2017,Confiança,Visita,ALL,24/08/2024,19,0,42%,0.44,,8,6,4,19,289,4,3,2,0,2,0,2,4,3,5,,,1,6,,2,237,9,,27/33 (82%),16/26 (61%),2/8 (25%),38%,5,49/138 (36%),17/35 (49%),24/34 (71%),,4,23,,41,4,6,,,1,,18
12146770,1281,59016,CALENDAR,REGULAR,Round 19,LEAGUE,2017,Confiança,Visita,1ST,24/08/2024,19,,,,,,,,,,,,,,,,,,,,,,,,,,,,,,,,,,,,,,,,,,,,,,,,
12146770,1281,59016,CALENDAR,REGULAR,Round 19,LEAGUE,2017,Confiança,Visita,2ND,24/08/2024,19,,,,,,,,,,,,,,,,,,,,,,,,,,,,,,,,,,,,,,,,,,,,,,,,
13350551,1596,69430,CALENDAR,GROUP,"Copa do Nordeste, Group B",CUP,2010,CSA,Local,ALL,21/01/2025,1,2,42%,2.47,,18,4,5,17,317,4,2,4,0,5,0,7,6,13,5,,,3,22,,0,252,20,,23/34 (68%),19/36 (52%),4/9 (44%),32%,10,44/145 (30%),12/28 (43%),20/24 (83%),,4,27,,33,5,4,,,,,10
13350551,1596,69430,CALENDAR,GROUP,"Copa do Nordeste, Group B",CUP,2010,CSA,Local,1ST,21/01/2025,1,,,,,,,,,,,,,,,,,,,,,,,,,,,,,,,,,,,,,,,,,,,,,,,,
13350551,1596,69430,CALENDAR,GROUP,"Copa do Nordeste, Group B",CUP,2010,CSA,Local,2ND,21/01/2025,1,,,,,,,,,,,,,,,,,,,,,,,,,,,,,,,,,,,,,,,,,,,,,,,,
13350551,1596,69430,CALENDAR,GROUP,"Copa do Nordeste, Group B",CUP,2017,Confiança,Visita,ALL,21/01/2025,1,1,58%,1.72,,17,4,10,11,428,4,0,3,0,5,0,5,7,9,8,,,3,16,,2,354,26,,36/53 (68%),36/59 (61%),3/24 (12%),46%,6,60/138 (43%),16/27 (59%),21/25 (84%),,4,13,,13,2,4,,,,,8
13350551,1596,69430,CALENDAR,GROUP,"Copa do Nordeste, Group B",CUP,2017,Confiança,Visita,1ST,21/01/2025,1,,,,,,,,,,,,,,,,,,,,,,,,,,,,,,,,,,,,,,,,,,,,,,,,
13350551,1596,69430,CALENDAR,GROUP,"Copa do Nordeste, Group B",CUP,2017,Confiança,Visita,2ND,21/01/2025,1,,,,,,,,,,,,,,,,,,,,,,,,,,,,,,,,,,,,,,,,,,,,,,,,
13350559,1596,69430,CALENDAR,GROUP,"Copa do Nordeste, Group B",CUP,2017,Confiança,Local,ALL,05/02/2025,2,1,44%,0.91,,16,1,7,11,370,2,2,1,0,4,0,7,5,5,11,,,3,16,,3,310,30,,37/56 (66%),27/51 (52%),4/12 (33%),37%,9,33/98 (34%),19/42 (45%),13/27 (48%),,2,7,,5,3,1,,,1,,1
13350559,1596,69430,CALENDAR,GROUP,"Copa do Nordeste, Group B",CUP,2017,Confiança,Local,1ST,05/02/2025,2,,,,,,,,,,,,,,,,,,,,,,,,,,,,,,,,,,,,,,,,,,,,,,,,
13350559,1596,69430,CALENDAR,GROUP,"Copa do Nordeste, Group B",CUP,2017,Confiança,Local,2ND,05/02/2025,2,,,,,,,,,,,,,,,,,,,,,,,,,,,,,,,,,,,,,,,,,,,,,,,,
13350559,1596,69430,CALENDAR,GROUP,"Copa do Nordeste, Group B",CUP,2011,Náutico,Visita,ALL,05/02/2025,2,0,56%,0.32,,6,3,3,12,465,2,4,3,0,1,0,0,5,2,4,,,1,5,,2,397,20,,48/67 (72%),39/63 (61%),3/6 (50%),39%,3,35/97 (36%),20/42 (48%),5/7 (71%),,2,9,,22,5,3,,,1,,8
13350559,1596,69430,CALENDAR,GROUP,"Copa do Nordeste, Group B",CUP,2011,Náutico,Visita,1ST,05/02/2025,2,,,,,,,,,,,,,,,,,,,,,,,,,,,,,,,,,,,,,,,,,,,,,,,,
13350559,1596,69430,CALENDAR,GROUP,"Copa do Nordeste, Group B",CUP,2011,Náutico,Visita,2ND,05/02/2025,2,,,,,,,,,,,,,,,,,,,,,,,,,,,,,,,,,,,,,,,,,,,,,,,,
13350531,1596,69430,CALENDAR,GROUP,"Copa do Nordeste, Group B",CUP,2001,Ceará,Local,ALL,12/02/2025,3,1,64%,2.02,,22,2,12,10,574,5,2,3,0,8,1,6,7,7,15,,,2,26,,2,495,29,,67/83 (81%),32/50 (64%),7/22 (31%),38%,2,43/114 (38%),14/35 (40%),13/19 (68%),,5,11,,6,1,2,,,0,,4
13350531,1596,69430,CALENDAR,GROUP,"Copa do Nordeste, Group B",CUP,2001,Ceará,Local,1ST,12/02/2025,3,,,,,,,,,,,,,,,,,,,,,,,,,,,,,,,,,,,,,,,,,,,,,,,,
13350531,1596,69430,CALENDAR,GROUP,"Copa do Nordeste, Group B",CUP,2001,Ceará,Local,2ND,12/02/2025,3,,,,,,,,,,,,,,,,,,,,,,,,,,,,,,,,,,,,,,,,,,,,,,,,
13350531,1596,69430,CALENDAR,GROUP,"Copa do Nordeste, Group B",CUP,2017,Confiança,Visita,ALL,12/02/2025,3,1,36%,0.79,,9,8,5,11,318,3,1,5,0,3,0,4,2,5,4,,,1,7,,0,246,17,,29/40 (73%),16/33 (48%),2/6 (33%),30%,9,26/136 (19%),28/43 (65%),3/10 (30%),,3,19,,22,2,8,,,1,,11
13350531,1596,69430,CALENDAR,GROUP,"Copa do Nordeste, Group B",CUP,2017,Confiança,Visita,1ST,12/02/2025,3,,,,,,,,,,,,,,,,,,,,,,,,,,,,,,,,,,,,,,,,,,,,,,,,
13350531,1596,69430,CALENDAR,GROUP,"Copa do Nordeste, Group B",CUP,2017,Confiança,Visita,2ND,12/02/2025,3,,,,,,,,,,,,,,,,,,,,,,,,,,,,,,,,,,,,,,,,,,,,,,,,
13350537,1596,69430,CALENDAR,GROUP,"Copa do Nordeste, Group B",CUP,2023,América-RN,Local,ALL,18/02/2025,4,2,50%,0.91,,14,9,3,22,499,3,3,3,0,4,0,5,5,6,8,,,2,11,,0,434,9,,72/93 (77%),23/40 (57%),3/13 (23%),34%,4,29/103 (28%),20/39 (51%),19/23 (83%),,3,13,,14,1,9,,,0,,5
13350537,1596,69430,CALENDAR,GROUP,"Copa do Nordeste, Group B",CUP,2023,América-RN,Local,1ST,18/02/2025,4,,,,,,,,,,,,,,,,,,,,,,,,,,,,,,,,,,,,,,,,,,,,,,,,
13350537,1596,69430,CALENDAR,GROUP,"Copa do Nordeste, Group B",CUP,2023,América-RN,Local,2ND,18/02/2025,4,,,,,,,,,,,,,,,,,,,,,,,,,,,,,,,,,,,,,,,,,,,,,,,,
13350537,1596,69430,CALENDAR,GROUP,"Copa do Nordeste, Group B",CUP,2017,Confiança,Visita,ALL,18/02/2025,4,1,50%,1.64,,15,3,6,12,484,3,2,2,1,10,0,3,2,8,7,,,3,15,,0,412,21,,39/53 (74%),28/53 (52%),3/13 (23%),41%,11,59/149 (40%),21/45 (47%),28/31 (90%),,3,20,,23,6,3,,,1,,8
13350537,1596,69430,CALENDAR,GROUP,"Copa do Nordeste, Group B",CUP,2017,Confiança,Visita,1ST,18/02/2025,4,,,,,,,,,,,,,,,,,,,,,,,,,,,,,,,,,,,,,,,,,,,,,,,,
13350537,1596,69430,CALENDAR,GROUP,"Copa do Nordeste, Group B",CUP,2017,Confiança,Visita,2ND,18/02/2025,4,,,,,,,,,,,,,,,,,,,,,,,,,,,,,,,,,,,,,,,,,,,,,,,,
13458055,373,71944,CALENDAR,PLAYOFF,Round 1,CUP,35282,Parnahyba SC,Local,ALL,26/02/2025,1,0,,,,0,0,5,0,,,0,2,0,0,,0,0,,,,,,,,0,,0,,,,,,,,,,,,,,,,0,,,,,0
13458055,373,71944,CALENDAR,PLAYOFF,Round 1,CUP,35282,Parnahyba SC,Local,1ST,26/02/2025,1,,,,,,,,,,,,,,,,,,,,,,,,,,,,,,,,,,,,,,,,,,,,,,,,
13458055,373,71944,CALENDAR,PLAYOFF,Round 1,CUP,35282,Parnahyba SC,Local,2ND,26/02/2025,1,,,,,,,,,,,,,,,,,,,,,,,,,,,,,,,,,,,,,,,,,,,,,,,,
13458055,373,71944,CALENDAR,PLAYOFF,Round 1,CUP,2017,Confiança,Visita,ALL,26/02/2025,1,5,,,,0,0,6,0,,,0,1,0,0,,0,0,,,,,,,,0,,0,,,,,,,,,,,,,,,,0,,,,,0
13458055,373,71944,CALENDAR,PLAYOFF,Round 1,CUP,2017,Confiança,Visita,1ST,26/02/2025,1,,,,,,,,,,,,,,,,,,,,,,,,,,,,,,,,,,,,,,,,,,,,,,,,
13458055,373,71944,CALENDAR,PLAYOFF,Round 1,CUP,2017,Confiança,Visita,2ND,26/02/2025,1,,,,,,,,,,,,,,,,,,,,,,,,,,,,,,,,,,,,,,,,,,,,,,,,
13541810,373,71944,CALENDAR,REGULAR,Round 2,CUP,2001,Ceará,Local,ALL,12/03/2025,2,2,68%,2.38,,28,4,13,10,,,13,5,0,11,,8,9,,,,,,,,1,,25,,,,,,,,,,,,,,,,4,,,,,2
13541810,373,71944,CALENDAR,REGULAR,Round 2,CUP,2001,Ceará,Local,1ST,12/03/2025,2,,,,,,,,,,,,,,,,,,,,,,,,,,,,,,,,,,,,,,,,,,,,,,,,
13541810,373,71944,CALENDAR,REGULAR,Round 2,CUP,2001,Ceará,Local,2ND,12/03/2025,2,,,,,,,,,,,,,,,,,,,,,,,,,,,,,,,,,,,,,,,,,,,,,,,,
13541810,373,71944,CALENDAR,REGULAR,Round 2,CUP,2017,Confiança,Visita,ALL,12/03/2025,2,2,32%,0.67,,6,9,2,10,,,11,3,0,6,,0,0,,,,,,,,3,,23,,,,,,,,,,,,,,,,9,,,,,12
13541810,373,71944,CALENDAR,REGULAR,Round 2,CUP,2017,Confiança,Visita,1ST,12/03/2025,2,,,,,,,,,,,,,,,,,,,,,,,,,,,,,,,,,,,,,,,,,,,,,,,,
13541810,373,71944,CALENDAR,REGULAR,Round 2,CUP,2017,Confiança,Visita,2ND,12/03/2025,2,,,,,,,,,,,,,,,,,,,,,,,,,,,,,,,,,,,,,,,,,,,,,,,,
13350543,1596,69430,CALENDAR,GROUP,"Copa do Nordeste, Group B",CUP,2017,Confiança,Local,ALL,19/03/2025,6,2,60%,0.95,,14,1,5,16,536,3,2,1,0,6,0,6,2,6,8,,,1,18,,2,464,24,,77/96 (80%),19/36 (52%),5/16 (31%),32%,9,45/145 (31%),9/19 (47%),7/11 (64%),,3,8,,8,1,1,,,1,,5
13350543,1596,69430,CALENDAR,GROUP,"Copa do Nordeste, Group B",CUP,2017,Confiança,Local,1ST,19/03/2025,6,,,,,,,,,,,,,,,,,,,,,,,,,,,,,,,,,,,,,,,,,,,,,,,,
13350543,1596,69430,CALENDAR,GROUP,"Copa do Nordeste, Group B",CUP,2017,Confiança,Local,2ND,19/03/2025,6,,,,,,,,,,,,,,,,,,,,,,,,,,,,,,,,,,,,,,,,,,,,,,,,
13350543,1596,69430,CALENDAR,GROUP,"Copa do Nordeste, Group B",CUP,2005,Sampaio Corrêa,Visita,ALL,19/03/2025,6,0,40%,0.40,,6,4,3,18,378,4,6,2,1,1,0,4,1,2,4,,,0,5,,1,310,22,,33/53 (62%),21/40 (52%),0/6 (0%),32%,14,41/140 (29%),10/18 (56%),10/15 (67%),,4,17,,18,2,4,,,0,,8
13350543,1596,69430,CALENDAR,GROUP,"Copa do Nordeste, Group B",CUP,2005,Sampaio Corrêa,Visita,1ST,19/03/2025,6,,,,,,,,,,,,,,,,,,,,,,,,,,,,,,,,,,,,,,,,,,,,,,,,
13350543,1596,69430,CALENDAR,GROUP,"Copa do Nordeste, Group B",CUP,2005,Sampaio Corrêa,Visita,2ND,19/03/2025,6,,,,,,,,,,,,,,,,,,,,,,,,,,,,,,,,,,,,,,,,,,,,,,,,
13557225,1281,72841,CALENDAR,REGULAR,Round 1,LEAGUE,49196,Botafogo-PB,Local,ALL,12/04/2025,1,3,38%,0.92,,10,9,3,22,273,6,1,2,0,4,0,5,1,3,7,,,1,5,,1,220,13,,17/29 (59%),22/39 (56%),1/6 (16%),28%,4,25/114 (22%),16/29 (55%),7/9 (78%),,6,21,,36,5,9,,,2,,14
13557225,1281,72841,CALENDAR,REGULAR,Round 1,LEAGUE,49196,Botafogo-PB,Local,1ST,12/04/2025,1,,,,,,,,,,,,,,,,,,,,,,,,,,,,,,,,,,,,,,,,,,,,,,,,
13557225,1281,72841,CALENDAR,REGULAR,Round 1,LEAGUE,49196,Botafogo-PB,Local,2ND,12/04/2025,1,,,,,,,,,,,,,,,,,,,,,,,,,,,,,,,,,,,,,,,,,,,,,,,,
13557225,1281,72841,CALENDAR,REGULAR,Round 1,LEAGUE,2017,Confiança,Visita,ALL,12/04/2025,1,0,62%,2.74,,29,1,12,10,481,4,5,1,0,8,0,9,12,9,20,,,3,24,,1,409,29,,55/69 (80%),27/48 (56%),6/18 (33%),47%,5,58/117 (50%),11/27 (41%),23/28 (82%),,4,7,,12,2,1,,,0,,5
13557225,1281,72841,CALENDAR,REGULAR,Round 1,LEAGUE,2017,Confiança,Visita,1ST,12/04/2025,1,,,,,,,,,,,,,,,,,,,,,,,,,,,,,,,,,,,,,,,,,,,,,,,,
13557225,1281,72841,CALENDAR,REGULAR,Round 1,LEAGUE,2017,Confiança,Visita,2ND,12/04/2025,1,,,,,,,,,,,,,,,,,,,,,,,,,,,,,,,,,,,,,,,,,,,,,,,,
13557230,1281,72841,CALENDAR,REGULAR,Round 2,LEAGUE,2017,Confiança,Local,ALL,20/04/2025,2,2,56%,1.29,,23,0,5,12,447,1,2,4,0,6,0,12,5,4,19,,,1,10,,0,377,17,,58/74 (78%),23/42 (54%),5/16 (31%),39%,6,53/137 (39%),12/27 (44%),18/25 (72%),,1,15,,12,0,0,,,,,6
13557230,1281,72841,CALENDAR,REGULAR,Round 2,LEAGUE,2017,Confiança,Local,1ST,20/04/2025,2,,,,,,,,,,,,,,,,,,,,,,,,,,,,,,,,,,,,,,,,,,,,,,,,
13557230,1281,72841,CALENDAR,REGULAR,Round 2,LEAGUE,2017,Confiança,Local,2ND,20/04/2025,2,,,,,,,,,,,,,,,,,,,,,,,,,,,,,,,,,,,,,,,,,,,,,,,,
13557230,1281,72841,CALENDAR,REGULAR,Round 2,LEAGUE,2000,Caxias,Visita,ALL,20/04/2025,2,1,44%,0.77,,8,4,4,13,349,2,2,1,0,1,0,6,1,4,4,,,1,8,,1,278,21,,28/45 (62%),29/52 (55%),2/6 (33%),34%,9,41/129 (32%),13/29 (45%),14/19 (74%),,2,19,,17,6,4,,,,,14
13557230,1281,72841,CALENDAR,REGULAR,Round 2,LEAGUE,2000,Caxias,Visita,1ST,20/04/2025,2,,,,,,,,,,,,,,,,,,,,,,,,,,,,,,,,,,,,,,,,,,,,,,,,
13557230,1281,72841,CALENDAR,REGULAR,Round 2,LEAGUE,2000,Caxias,Visita,2ND,20/04/2025,2,,,,,,,,,,,,,,,,,,,,,,,,,,,,,,,,,,,,,,,,,,,,,,,,
13557248,1281,72841,CALENDAR,REGULAR,Round 3,LEAGUE,2017,Confiança,Local,ALL,26/04/2025,3,1,45%,1.32,,20,2,3,13,351,4,6,2,0,6,1,7,6,9,11,,,2,17,,1,287,27,,36/53 (68%),15/35 (42%),5/16 (31%),33%,10,45/134 (34%),8/25 (32%),24/35 (69%),,4,16,,14,1,2,,,0,,10
13557248,1281,72841,CALENDAR,REGULAR,Round 3,LEAGUE,2017,Confiança,Local,1ST,26/04/2025,3,,,,,,,,,,,,,,,,,,,,,,,,,,,,,,,,,,,,,,,,,,,,,,,,
13557248,1281,72841,CALENDAR,REGULAR,Round 3,LEAGUE,2017,Confiança,Local,2ND,26/04/2025,3,,,,,,,,,,,,,,,,,,,,,,,,,,,,,,,,,,,,,,,,,,,,,,,,
13557248,1281,72841,CALENDAR,REGULAR,Round 3,LEAGUE,1969,Ponte Preta,Visita,ALL,26/04/2025,3,2,55%,0.85,,10,5,3,11,408,1,2,2,0,4,0,6,0,4,6,,,1,11,,4,325,30,,37/64 (58%),32/60 (53%),6/12 (50%),38%,4,41/119 (34%),12/19 (63%),14/17 (82%),,1,9,,21,8,5,,,1,,9
13557248,1281,72841,CALENDAR,REGULAR,Round 3,LEAGUE,1969,Ponte Preta,Visita,1ST,26/04/2025,3,,,,,,,,,,,,,,,,,,,,,,,,,,,,,,,,,,,,,,,,,,,,,,,,
13557248,1281,72841,CALENDAR,REGULAR,Round 3,LEAGUE,1969,Ponte Preta,Visita,2ND,26/04/2025,3,,,,,,,,,,,,,,,,,,,,,,,,,,,,,,,,,,,,,,,,,,,,,,,,
13557265,1281,72841,CALENDAR,REGULAR,Round 4,LEAGUE,135324,Maringá FC,Local,ALL,03/05/2025,4,3,50%,2.99,,27,2,10,20,274,3,3,0,1,12,0,8,7,13,14,,,1,22,,1,226,24,,50/59 (85%),37/50 (74%),6/13 (46%),35%,7,43/137 (31%),22/45 (49%),13/16 (81%),,3,8,,9,4,2,,,1,,8
13557265,1281,72841,CALENDAR,REGULAR,Round 4,LEAGUE,135324,Maringá FC,Local,1ST,03/05/2025,4,,,,,,,,,,,,,,,,,,,,,,,,,,,,,,,,,,,,,,,,,,,,,,,,
13557265,1281,72841,CALENDAR,REGULAR,Round 4,LEAGUE,135324,Maringá FC,Local,2ND,03/05/2025,4,,,,,,,,,,,,,,,,,,,,,,,,,,,,,,,,,,,,,,,,,,,,,,,,
13557265,1281,72841,CALENDAR,REGULAR,Round 4,LEAGUE,2017,Confiança,Visita,ALL,03/05/2025,4,2,50%,0.71,,9,11,1,13,289,4,4,3,0,3,0,5,1,4,5,,,2,10,,4,213,23,,28/53 (53%),16/41 (39%),0/4 (0%),34%,6,38/130 (29%),22/45 (49%),7/9 (78%),,4,10,,10,7,11,,,3,,11
13557265,1281,72841,CALENDAR,REGULAR,Round 4,LEAGUE,2017,Confiança,Visita,1ST,03/05/2025,4,,,,,,,,,,,,,,,,,,,,,,,,,,,,,,,,,,,,,,,,,,,,,,,,
13557265,1281,72841,CALENDAR,REGULAR,Round 4,LEAGUE,2017,Confiança,Visita,2ND,03/05/2025,4,,,,,,,,,,,,,,,,,,,,,,,,,,,,,,,,,,,,,,,,,,,,,,,,
13557275,1281,72841,CALENDAR,REGULAR,Round 5,LEAGUE,2011,Náutico,Local,ALL,10/05/2025,5,2,48%,0.96,,15,2,3,21,310,10,5,3,0,5,0,5,5,6,9,,,2,14,,1,248,17,,39/56 (70%),31/52 (59%),7/13 (53%),41%,7,59/141 (42%),14/36 (39%),22/30 (73%),,10,21,,15,2,2,,,0,,12
13557275,1281,72841,CALENDAR,REGULAR,Round 5,LEAGUE,2011,Náutico,Local,1ST,10/05/2025,5,,,,,,,,,,,,,,,,,,,,,,,,,,,,,,,,,,,,,,,,,,,,,,,,
13557275,1281,72841,CALENDAR,REGULAR,Round 5,LEAGUE,2011,Náutico,Local,2ND,10/05/2025,5,,,,,,,,,,,,,,,,,,,,,,,,,,,,,,,,,,,,,,,,,,,,,,,,
13557275,1281,72841,CALENDAR,REGULAR,Round 5,LEAGUE,2017,Confiança,Visita,ALL,10/05/2025,5,0,52%,0.39,,14,3,7,20,399,6,5,2,1,2,0,9,3,4,10,,,1,16,,1,333,22,,39/54 (72%),23/35 (65%),4/12 (33%),40%,4,45/128 (35%),21/37 (57%),21/27 (78%),,6,13,,13,1,3,,,1,,9
13557275,1281,72841,CALENDAR,REGULAR,Round 5,LEAGUE,2017,Confiança,Visita,1ST,10/05/2025,5,,,,,,,,,,,,,,,,,,,,,,,,,,,,,,,,,,,,,,,,,,,,,,,,
13557275,1281,72841,CALENDAR,REGULAR,Round 5,LEAGUE,2017,Confiança,Visita,2ND,10/05/2025,5,,,,,,,,,,,,,,,,,,,,,,,,,,,,,,,,,,,,,,,,,,,,,,,,
13557293,1281,72841,CALENDAR,REGULAR,Round 6,LEAGUE,2017,Confiança,Local,ALL,19/05/2025,6,0,66%,1.80,,20,1,4,14,565,5,0,3,0,5,3,5,7,11,9,,,0,18,,1,484,25,,68/90 (76%),18/35 (51%),9/19 (47%),43%,14,57/151 (38%),23/33 (70%),15/17 (88%),,5,11,,14,3,1,,,0,,7
13557293,1281,72841,CALENDAR,REGULAR,Round 6,LEAGUE,2017,Confiança,Local,1ST,19/05/2025,6,,,,,,,,,,,,,,,,,,,,,,,,,,,,,,,,,,,,,,,,,,,,,,,,
13557293,1281,72841,CALENDAR,REGULAR,Round 6,LEAGUE,2017,Confiança,Local,2ND,19/05/2025,6,,,,,,,,,,,,,,,,,,,,,,,,,,,,,,,,,,,,,,,,,,,,,,,,
13557293,1281,72841,CALENDAR,REGULAR,Round 6,LEAGUE,2022,Londrina,Visita,ALL,19/05/2025,6,2,34%,0.76,,10,5,3,22,242,2,2,3,0,3,0,5,2,3,7,,,0,12,,2,186,24,,27/48 (56%),20/43 (46%),4/11 (36%),35%,11,54/149 (36%),9/31 (29%),16/20 (80%),,2,22,,19,7,5,,,1,,12
13557293,1281,72841,CALENDAR,REGULAR,Round 6,LEAGUE,2022,Londrina,Visita,1ST,19/05/2025,6,,,,,,,,,,,,,,,,,,,,,,,,,,,,,,,,,,,,,,,,,,,,,,,,
13557293,1281,72841,CALENDAR,REGULAR,Round 6,LEAGUE,2022,Londrina,Visita,2ND,19/05/2025,6,,,,,,,,,,,,,,,,,,,,,,,,,,,,,,,,,,,,,,,,,,,,,,,,
13557312,1281,72841,CALENDAR,REGULAR,Round 7,LEAGUE,2010,CSA,Local,ALL,24/05/2025,7,0,52%,1.81,,20,2,4,18,336,6,2,4,1,5,0,13,2,12,8,,,3,24,,0,285,20,,38/45 (84%),22/32 (68%),8/14 (57%),43%,10,64/155 (41%),19/37 (51%),22/26 (85%),,6,15,,31,3,2,,,0,,8
13557312,1281,72841,CALENDAR,REGULAR,Round 7,LEAGUE,2010,CSA,Local,1ST,24/05/2025,7,,,,,,,,,,,,,,,,,,,,,,,,,,,,,,,,,,,,,,,,,,,,,,,,
13557312,1281,72841,CALENDAR,REGULAR,Round 7,LEAGUE,2010,CSA,Local,2ND,24/05/2025,7,,,,,,,,,,,,,,,,,,,,,,,,,,,,,,,,,,,,,,,,,,,,,,,,
13557312,1281,72841,CALENDAR,REGULAR,Round 7,LEAGUE,2017,Confiança,Visita,ALL,24/05/2025,7,0,48%,0.95,,12,5,9,21,334,6,5,4,0,2,0,5,5,4,8,,,0,11,,1,270,24,,40/50 (80%),23/41 (56%),4/15 (26%),30%,18,42/153 (27%),15/35 (43%),12/14 (86%),,6,15,,8,8,5,,,1,,14
13557312,1281,72841,CALENDAR,REGULAR,Round 7,LEAGUE,2017,Confiança,Visita,1ST,24/05/2025,7,,,,,,,,,,,,,,,,,,,,,,,,,,,,,,,,,,,,,,,,,,,,,,,,
13557312,1281,72841,CALENDAR,REGULAR,Round 7,LEAGUE,2017,Confiança,Visita,2ND,24/05/2025,7,,,,,,,,,,,,,,,,,,,,,,,,,,,,,,,,,,,,,,,,,,,,,,,,
13557316,1281,72841,CALENDAR,REGULAR,Round 8,LEAGUE,2017,Confiança,Local,ALL,01/06/2025,8,4,,,,,,,,,,,0,0,,,,,,,,,,,,,,,,,,,,,,,,,,,,,,,,,,,
13557316,1281,72841,CALENDAR,REGULAR,Round 8,LEAGUE,2017,Confiança,Local,1ST,01/06/2025,8,,,,,,,,,,,,,,,,,,,,,,,,,,,,,,,,,,,,,,,,,,,,,,,,
13557316,1281,72841,CALENDAR,REGULAR,Round 8,LEAGUE,2017,Confiança,Local,2ND,01/06/2025,8,,,,,,,,,,,,,,,,,,,,,,,,,,,,,,,,,,,,,,,,,,,,,,,,
13557316,1281,72841,CALENDAR,REGULAR,Round 8,LEAGUE,21884,Brusque,Visita,ALL,01/06/2025,8,1,,,,,,,,,,,2,0,,,,,,,,,,,,,,,,,,,,,,,,,,,,,,,,,,,
13557316,1281,72841,CALENDAR,REGULAR,Round 8,LEAGUE,21884,Brusque,Visita,1ST,01/06/2025,8,,,,,,,,,,,,,,,,,,,,,,,,,,,,,,,,,,,,,,,,,,,,,,,,
13557316,1281,72841,CALENDAR,REGULAR,Round 8,LEAGUE,21884,Brusque,Visita,2ND,01/06/2025,8,,,,,,,,,,,,,,,,,,,,,,,,,,,,,,,,,,,,,,,,,,,,,,,,
13961674,1596,69430,CALENDAR,GROUP,"Copa do Nordeste, Group B",CUP,2017,Confiança,Local,ALL,04/06/2025,5,2,53%,1.40,,15,3,7,16,483,0,2,2,0,5,0,6,4,9,6,,,2,19,,1,410,25,,42/58 (72%),30/52 (57%),2/14 (14%),38%,6,41/114 (36%),10/17 (59%),14/20 (70%),,0,13,,7,4,3,,,,,5
13961674,1596,69430,CALENDAR,GROUP,"Copa do Nordeste, Group B",CUP,2017,Confiança,Local,1ST,04/06/2025,5,,,,,,,,,,,,,,,,,,,,,,,,,,,,,,,,,,,,,,,,,,,,,,,,
13961674,1596,69430,CALENDAR,GROUP,"Copa do Nordeste, Group B",CUP,2017,Confiança,Local,2ND,04/06/2025,5,,,,,,,,,,,,,,,,,,,,,,,,,,,,,,,,,,,,,,,,,,,,,,,,
13961674,1596,69430,CALENDAR,GROUP,"Copa do Nordeste, Group B",CUP,1955,Bahia,Visita,ALL,04/06/2025,5,0,47%,0.59,,9,4,2,10,347,1,2,3,0,2,1,4,2,4,5,,,0,9,,1,286,17,,30/45 (67%),20/33 (60%),0/6 (0%),37%,13,43/114 (38%),7/18 (39%),13/18 (72%),,1,14,,21,2,4,,,,,10
13961674,1596,69430,CALENDAR,GROUP,"Copa do Nordeste, Group B",CUP,1955,Bahia,Visita,1ST,04/06/2025,5,,,,,,,,,,,,,,,,,,,,,,,,,,,,,,,,,,,,,,,,,,,,,,,,
13961674,1596,69430,CALENDAR,GROUP,"Copa do Nordeste, Group B",CUP,1955,Bahia,Visita,2ND,04/06/2025,5,,,,,,,,,,,,,,,,,,,,,,,,,,,,,,,,,,,,,,,,,,,,,,,,
13858020,1596,69430,CALENDAR,GROUP,"Copa do Nordeste, Group B",CUP,61724,Juazeirense,Local,ALL,07/06/2025,7,0,73%,0.30,,5,0,1,17,536,2,3,5,0,2,0,2,1,1,4,,,0,10,,3,438,25,,46/77 (60%),32/66 (48%),3/12 (25%),34%,3,30/98 (31%),17/39 (44%),3/8 (38%),,2,12,,15,,0,,,,,5
13858020,1596,69430,CALENDAR,GROUP,"Copa do Nordeste, Group B",CUP,61724,Juazeirense,Local,1ST,07/06/2025,7,,,,,,,,,,,,,,,,,,,,,,,,,,,,,,,,,,,,,,,,,,,,,,,,
13858020,1596,69430,CALENDAR,GROUP,"Copa do Nordeste, Group B",CUP,61724,Juazeirense,Local,2ND,07/06/2025,7,,,,,,,,,,,,,,,,,,,,,,,,,,,,,,,,,,,,,,,,,,,,,,,,
13858020,1596,69430,CALENDAR,GROUP,"Copa do Nordeste, Group B",CUP,2017,Confiança,Visita,ALL,07/06/2025,7,0,27%,0.02,,2,2,1,9,183,1,3,1,1,0,0,1,1,0,2,,,2,3,,1,115,28,,14/41 (34%),18/49 (36%),0/3 (0%),41%,3,34/93 (37%),23/43 (53%),6/13 (46%),,1,10,,13,,2,,,,,5
13858020,1596,69430,CALENDAR,GROUP,"Copa do Nordeste, Group B",CUP,2017,Confiança,Visita,1ST,07/06/2025,7,,,,,,,,,,,,,,,,,,,,,,,,,,,,,,,,,,,,,,,,,,,,,,,,
13858020,1596,69430,CALENDAR,GROUP,"Copa do Nordeste, Group B",CUP,2017,Confiança,Visita,2ND,07/06/2025,7,,,,,,,,,,,,,,,,,,,,,,,,,,,,,,,,,,,,,,,,,,,,,,,,
13557330,1281,72841,CALENDAR,REGULAR,Round 9,LEAGUE,32766,Ypiranga FC,Local,ALL,15/06/2025,9,1,45%,0.98,,12,6,7,19,296,1,5,5,0,6,0,4,2,6,6,,,1,15,,0,230,26,,34/46 (74%),24/41 (58%),4/9 (44%),39%,12,44/136 (32%),26/43 (60%),18/21 (86%),,1,12,,22,2,6,,,,,7
13557330,1281,72841,CALENDAR,REGULAR,Round 9,LEAGUE,32766,Ypiranga FC,Local,1ST,15/06/2025,9,,,,,,,,,,,,,,,,,,,,,,,,,,,,,,,,,,,,,,,,,,,,,,,,
13557330,1281,72841,CALENDAR,REGULAR,Round 9,LEAGUE,32766,Ypiranga FC,Local,2ND,15/06/2025,9,,,,,,,,,,,,,,,,,,,,,,,,,,,,,,,,,,,,,,,,,,,,,,,,
13557330,1281,72841,CALENDAR,REGULAR,Round 9,LEAGUE,2017,Confiança,Visita,ALL,15/06/2025,9,0,55%,0.64,,10,5,7,12,389,4,2,2,0,5,0,5,0,4,6,,,0,15,,1,317,23,,45/69 (65%),28/50 (56%),3/11 (27%),40%,6,54/137 (39%),20/47 (43%),13/17 (76%),,4,6,,23,0,5,,,,,5
13557330,1281,72841,CALENDAR,REGULAR,Round 9,LEAGUE,2017,Confiança,Visita,1ST,15/06/2025,9,,,,,,,,,,,,,,,,,,,,,,,,,,,,,,,,,,,,,,,,,,,,,,,,
13557330,1281,72841,CALENDAR,REGULAR,Round 9,LEAGUE,2017,Confiança,Visita,2ND,15/06/2025,9,,,,,,,,,,,,,,,,,,,,,,,,,,,,,,,,,,,,,,,,,,,,,,,,
13557341,1281,72841,CALENDAR,REGULAR,Round 10,LEAGUE,1985,Figueirense,Local,ALL,29/06/2025,10,1,34%,1.51,,12,5,8,22,236,10,4,2,0,5,1,3,3,7,5,,,0,20,,1,178,16,,26/38 (68%),19/35 (54%),4/14 (28%),36%,3,44/135 (33%),18/35 (51%),14/22 (64%),,10,20,,22,5,5,,,0,,12
13557341,1281,72841,CALENDAR,REGULAR,Round 10,LEAGUE,1985,Figueirense,Local,1ST,29/06/2025,10,,,,,,,,,,,,,,,,,,,,,,,,,,,,,,,,,,,,,,,,,,,,,,,,
13557341,1281,72841,CALENDAR,REGULAR,Round 10,LEAGUE,1985,Figueirense,Local,2ND,29/06/2025,10,,,,,,,,,,,,,,,,,,,,,,,,,,,,,,,,,,,,,,,,,,,,,,,,
13557341,1281,72841,CALENDAR,REGULAR,Round 10,LEAGUE,2017,Confiança,Visita,ALL,29/06/2025,10,1,66%,2.12,,23,4,10,15,547,5,2,1,0,6,0,10,7,10,13,,,0,27,,2,473,23,,48/63 (76%),15/36 (41%),10/20 (50%),37%,6,49/133 (37%),14/33 (42%),5/12 (42%),,5,13,,10,3,4,,,2,,5
13557341,1281,72841,CALENDAR,REGULAR,Round 10,LEAGUE,2017,Confiança,Visita,1ST,29/06/2025,10,,,,,,,,,,,,,,,,,,,,,,,,,,,,,,,,,,,,,,,,,,,,,,,,
13557341,1281,72841,CALENDAR,REGULAR,Round 10,LEAGUE,2017,Confiança,Visita,2ND,29/06/2025,10,,,,,,,,,,,,,,,,,,,,,,,,,,,,,,,,,,,,,,,,,,,,,,,,
13557346,1281,72841,CALENDAR,REGULAR,Round 11,LEAGUE,2017,Confiança,Local,ALL,05/07/2025,11,1,59%,1.31,,13,1,4,12,463,5,7,4,0,7,0,3,3,7,6,,,1,8,,1,395,23,,45/62 (73%),18/33 (54%),4/13 (30%),47%,7,46/106 (43%),18/29 (62%),14/19 (74%),,5,23,,11,1,1,,,1,,7
13557346,1281,72841,CALENDAR,REGULAR,Round 11,LEAGUE,2017,Confiança,Local,1ST,05/07/2025,11,,,,,,,,,,,,,,,,,,,,,,,,,,,,,,,,,,,,,,,,,,,,,,,,
13557346,1281,72841,CALENDAR,REGULAR,Round 11,LEAGUE,2017,Confiança,Local,2ND,05/07/2025,11,,,,,,,,,,,,,,,,,,,,,,,,,,,,,,,,,,,,,,,,,,,,,,,,
13557346,1281,72841,CALENDAR,REGULAR,Round 11,LEAGUE,21838,ABC,Visita,ALL,05/07/2025,11,1,41%,0.67,,10,6,6,15,286,12,3,4,1,2,0,3,5,5,5,,,0,17,,1,230,14,,26/36 (72%),19/35 (54%),4/16 (25%),37%,2,40/126 (32%),20/36 (56%),15/21 (71%),,12,13,,25,4,6,,,1,,5
13557346,1281,72841,CALENDAR,REGULAR,Round 11,LEAGUE,21838,ABC,Visita,1ST,05/07/2025,11,,,,,,,,,,,,,,,,,,,,,,,,,,,,,,,,,,,,,,,,,,,,,,,,
13557346,1281,72841,CALENDAR,REGULAR,Round 11,LEAGUE,21838,ABC,Visita,2ND,05/07/2025,11,,,,,,,,,,,,,,,,,,,,,,,,,,,,,,,,,,,,,,,,,,,,,,,,
14011920,1596,69430,CALENDAR,PLAYOFF,Quarterfinals,CUP,1962,Vitória,Local,ALL,08/07/2025,27,0,61%,1.10,,21,3,5,13,562,9,5,2,0,8,0,6,7,9,12,,,0,19,,1,489,21,,61/78 (78%),11/24 (45%),11/29 (37%),41%,9,60/152 (39%),13/25 (52%),41/52 (79%),,9,13,,10,1,3,,,0,,6
14011920,1596,69430,CALENDAR,PLAYOFF,Quarterfinals,CUP,1962,Vitória,Local,1ST,08/07/2025,27,,,,,,,,,,,,,,,,,,,,,,,,,,,,,,,,,,,,,,,,,,,,,,,,
14011920,1596,69430,CALENDAR,PLAYOFF,Quarterfinals,CUP,1962,Vitória,Local,2ND,08/07/2025,27,,,,,,,,,,,,,,,,,,,,,,,,,,,,,,,,,,,,,,,,,,,,,,,,
14011920,1596,69430,CALENDAR,PLAYOFF,Quarterfinals,CUP,2017,Confiança,Visita,ALL,08/07/2025,27,1,39%,0.52,,12,8,1,9,337,2,2,1,0,4,0,4,4,2,10,,,0,5,,0,266,17,,24/42 (57%),22/57 (38%),0/4 (0%),39%,5,55/142 (39%),9/21 (43%),21/32 (66%),,2,18,,17,7,8,,,1,,13
14011920,1596,69430,CALENDAR,PLAYOFF,Quarterfinals,CUP,2017,Confiança,Visita,1ST,08/07/2025,27,,,,,,,,,,,,,,,,,,,,,,,,,,,,,,,,,,,,,,,,,,,,,,,,
14011920,1596,69430,CALENDAR,PLAYOFF,Quarterfinals,CUP,2017,Confiança,Visita,2ND,08/07/2025,27,,,,,,,,,,,,,,,,,,,,,,,,,,,,,,,,,,,,,,,,,,,,,,,,
13557355,1281,72841,CALENDAR,REGULAR,Round 12,LEAGUE,21853,AO Itabaiana,Local,ALL,12/07/2025,12,0,49%,0.18,,9,3,3,27,318,10,5,4,0,2,0,3,4,2,7,,,2,8,,0,253,19,,32/50 (64%),26/46 (56%),5/13 (38%),38%,8,44/137 (32%),25/42 (60%),12/16 (75%),,10,12,,32,6,3,,,,,7
13557355,1281,72841,CALENDAR,REGULAR,Round 12,LEAGUE,21853,AO Itabaiana,Local,1ST,12/07/2025,12,,,,,,,,,,,,,,,,,,,,,,,,,,,,,,,,,,,,,,,,,,,,,,,,
13557355,1281,72841,CALENDAR,REGULAR,Round 12,LEAGUE,21853,AO Itabaiana,Local,2ND,12/07/2025,12,,,,,,,,,,,,,,,,,,,,,,,,,,,,,,,,,,,,,,,,,,,,,,,,
13557355,1281,72841,CALENDAR,REGULAR,Round 12,LEAGUE,2017,Confiança,Visita,ALL,12/07/2025,12,0,51%,0.92,,18,2,8,21,307,1,4,2,0,3,1,8,6,6,12,,,1,9,,0,245,22,,26/47 (55%),17/36 (47%),0/6 (0%),42%,8,56/135 (41%),19/40 (48%),11/12 (92%),,1,11,,11,2,2,,,,,6
13557355,1281,72841,CALENDAR,REGULAR,Round 12,LEAGUE,2017,Confiança,Visita,1ST,12/07/2025,12,,,,,,,,,,,,,,,,,,,,,,,,,,,,,,,,,,,,,,,,,,,,,,,,
13557355,1281,72841,CALENDAR,REGULAR,Round 12,LEAGUE,2017,Confiança,Visita,2ND,12/07/2025,12,,,,,,,,,,,,,,,,,,,,,,,,,,,,,,,,,,,,,,,,,,,,,,,,
14172878,27958,78307,CALENDAR,GROUP,"Copa Governo do Estado de Sergipe, Grupo B",CUP,2017,Confiança,Local,ALL,17/07/2025,1,1,,,,,,4,,,,20,3,0,7,,4,,,,,,,,,1,,,,,,,,,,,,,,,,,,,,,,,
14172878,27958,78307,CALENDAR,GROUP,"Copa Governo do Estado de Sergipe, Grupo B",CUP,2017,Confiança,Local,1ST,17/07/2025,1,,,,,,,,,,,,,,,,,,,,,,,,,,,,,,,,,,,,,,,,,,,,,,,,
14172878,27958,78307,CALENDAR,GROUP,"Copa Governo do Estado de Sergipe, Grupo B",CUP,2017,Confiança,Local,2ND,17/07/2025,1,,,,,,,,,,,,,,,,,,,,,,,,,,,,,,,,,,,,,,,,,,,,,,,,
14172878,27958,78307,CALENDAR,GROUP,"Copa Governo do Estado de Sergipe, Grupo B",CUP,394885,Falcon-SE FC,Visita,ALL,17/07/2025,1,2,,,,,,7,,,,7,3,0,4,,4,,,,,,,,,2,,,,,,,,,,,,,,,,,,,,,,,
14172878,27958,78307,CALENDAR,GROUP,"Copa Governo do Estado de Sergipe, Grupo B",CUP,394885,Falcon-SE FC,Visita,1ST,17/07/2025,1,,,,,,,,,,,,,,,,,,,,,,,,,,,,,,,,,,,,,,,,,,,,,,,,
14172878,27958,78307,CALENDAR,GROUP,"Copa Governo do Estado de Sergipe, Grupo B",CUP,394885,Falcon-SE FC,Visita,2ND,17/07/2025,1,,,,,,,,,,,,,,,,,,,,,,,,,,,,,,,,,,,,,,,,,,,,,,,,
13557366,1281,72841,CALENDAR,REGULAR,Round 13,LEAGUE,2017,Confiança,Local,ALL,20/07/2025,13,3,51%,1.96,,20,2,7,16,422,6,4,4,0,12,0,7,1,10,10,,,2,18,,2,362,23,,46/63 (73%),29/53 (54%),10/19 (52%),37%,9,50/139 (36%),19/43 (44%),24/35 (69%),,6,8,,21,2,2,,,0,,7
13557366,1281,72841,CALENDAR,REGULAR,Round 13,LEAGUE,2017,Confiança,Local,1ST,20/07/2025,13,,,,,,,,,,,,,,,,,,,,,,,,,,,,,,,,,,,,,,,,,,,,,,,,
13557366,1281,72841,CALENDAR,REGULAR,Round 13,LEAGUE,2017,Confiança,Local,2ND,20/07/2025,13,,,,,,,,,,,,,,,,,,,,,,,,,,,,,,,,,,,,,,,,,,,,,,,,
13557366,1281,72841,CALENDAR,REGULAR,Round 13,LEAGUE,87202,Tombense,Visita,ALL,20/07/2025,13,2,49%,0.82,,18,9,3,18,364,4,5,5,0,3,0,4,11,8,10,,,0,14,,1,305,25,,36/50 (72%),20/42 (47%),1/6 (16%),48%,5,43/92 (47%),13/24 (54%),16/21 (76%),,4,12,,18,6,9,,,1,,10
13557366,1281,72841,CALENDAR,REGULAR,Round 13,LEAGUE,87202,Tombense,Visita,1ST,20/07/2025,13,,,,,,,,,,,,,,,,,,,,,,,,,,,,,,,,,,,,,,,,,,,,,,,,
13557366,1281,72841,CALENDAR,REGULAR,Round 13,LEAGUE,87202,Tombense,Visita,2ND,20/07/2025,13,,,,,,,,,,,,,,,,,,,,,,,,,,,,,,,,,,,,,,,,,,,,,,,,
13557378,1281,72841,CALENDAR,REGULAR,Round 14,LEAGUE,47504,São Bernardo,Local,ALL,27/07/2025,14,1,70%,3.31,,19,3,9,18,446,2,10,5,1,8,0,6,5,10,9,,,2,24,,0,384,17,,41/52 (79%),17/28 (60%),7/17 (41%),48%,4,53/120 (44%),23/37 (62%),32/41 (78%),,2,9,,7,2,3,,,1,,10
13557378,1281,72841,CALENDAR,REGULAR,Round 14,LEAGUE,47504,São Bernardo,Local,1ST,27/07/2025,14,,,,,,,,,,,,,,,,,,,,,,,,,,,,,,,,,,,,,,,,,,,,,,,,
13557378,1281,72841,CALENDAR,REGULAR,Round 14,LEAGUE,47504,São Bernardo,Local,2ND,27/07/2025,14,,,,,,,,,,,,,,,,,,,,,,,,,,,,,,,,,,,,,,,,,,,,,,,,
13557378,1281,72841,CALENDAR,REGULAR,Round 14,LEAGUE,2017,Confiança,Visita,ALL,27/07/2025,14,1,30%,0.27,,9,7,3,16,184,4,4,6,1,4,0,5,0,4,5,,,0,6,,4,136,25,,13/32 (41%),12/33 (36%),2/8 (25%),36%,4,40/111 (36%),12/33 (36%),15/21 (71%),,4,10,,15,0,7,,,1,,11
13557378,1281,72841,CALENDAR,REGULAR,Round 14,LEAGUE,2017,Confiança,Visita,1ST,27/07/2025,14,,,,,,,,,,,,,,,,,,,,,,,,,,,,,,,,,,,,,,,,,,,,,,,,
13557378,1281,72841,CALENDAR,REGULAR,Round 14,LEAGUE,2017,Confiança,Visita,2ND,27/07/2025,14,,,,,,,,,,,,,,,,,,,,,,,,,,,,,,,,,,,,,,,,,,,,,,,,
14179326,27958,78307,CALENDAR,GROUP,"Copa Governo do Estado de Sergipe, Grupo B",CUP,2017,Confiança,Local,ALL,31/07/2025,3,0,52%,,,,,4,15,,,27,0,0,4,,9,,,,,,,,,1,,,,,,,,,,,,,,,,,,,,,,,
14179326,27958,78307,CALENDAR,GROUP,"Copa Governo do Estado de Sergipe, Grupo B",CUP,2017,Confiança,Local,1ST,31/07/2025,3,,,,,,,,,,,,,,,,,,,,,,,,,,,,,,,,,,,,,,,,,,,,,,,,
14179326,27958,78307,CALENDAR,GROUP,"Copa Governo do Estado de Sergipe, Grupo B",CUP,2017,Confiança,Local,2ND,31/07/2025,3,,,,,,,,,,,,,,,,,,,,,,,,,,,,,,,,,,,,,,,,,,,,,,,,
14179326,27958,78307,CALENDAR,GROUP,"Copa Governo do Estado de Sergipe, Grupo B",CUP,144856,Lagarto FC,Visita,ALL,31/07/2025,3,1,48%,,,,,4,26,,,15,2,0,8,,5,,,,,,,,,2,,,,,,,,,,,,,,,,,,,,,,,
14179326,27958,78307,CALENDAR,GROUP,"Copa Governo do Estado de Sergipe, Grupo B",CUP,144856,Lagarto FC,Visita,1ST,31/07/2025,3,,,,,,,,,,,,,,,,,,,,,,,,,,,,,,,,,,,,,,,,,,,,,,,,
14179326,27958,78307,CALENDAR,GROUP,"Copa Governo do Estado de Sergipe, Grupo B",CUP,144856,Lagarto FC,Visita,2ND,31/07/2025,3,,,,,,,,,,,,,,,,,,,,,,,,,,,,,,,,,,,,,,,,,,,,,,,,
13557386,1281,72841,CALENDAR,REGULAR,Round 15,LEAGUE,2017,Confiança,Local,ALL,04/08/2025,15,2,50%,1.86,,22,1,6,16,321,1,4,3,0,9,0,7,6,14,8,,,1,,,4,261,24,,,23/42 (54%),5/13 (38%),34%,8,39/127 (31%),26/61 (43%),10/15 (67%),,1,11,,21,,1,,,,,11
13557386,1281,72841,CALENDAR,REGULAR,Round 15,LEAGUE,2017,Confiança,Local,1ST,04/08/2025,15,,,,,,,,,,,,,,,,,,,,,,,,,,,,,,,,,,,,,,,,,,,,,,,,
13557386,1281,72841,CALENDAR,REGULAR,Round 15,LEAGUE,2017,Confiança,Local,2ND,04/08/2025,15,,,,,,,,,,,,,,,,,,,,,,,,,,,,,,,,,,,,,,,,,,,,,,,,
13557386,1281,72841,CALENDAR,REGULAR,Round 15,LEAGUE,21872,Anápolis FC,Visita,ALL,04/08/2025,15,0,50%,0.54,,11,7,5,16,303,8,2,6,0,1,0,4,6,4,7,,,1,,,2,237,18,,,22/45 (48%),5/13 (38%),37%,7,41/115 (36%),27/64 (42%),9/13 (69%),,8,17,,17,,7,,,,,10
13557386,1281,72841,CALENDAR,REGULAR,Round 15,LEAGUE,21872,Anápolis FC,Visita,1ST,04/08/2025,15,,,,,,,,,,,,,,,,,,,,,,,,,,,,,,,,,,,,,,,,,,,,,,,,
13557386,1281,72841,CALENDAR,REGULAR,Round 15,LEAGUE,21872,Anápolis FC,Visita,2ND,04/08/2025,15,,,,,,,,,,,,,,,,,,,,,,,,,,,,,,,,,,,,,,,,,,,,,,,,
14287120,27958,78307,CALENDAR,GROUP,"Copa Governo do Estado de Sergipe, Grupo B",CUP,144856,Lagarto FC,Local,ALL,06/08/2025,4,2,56%,,,,,2,11,,,30,1,0,3,,9,,,,,,,,,1,,,,,,,,,,,,,,,,,,,,,,,
14287120,27958,78307,CALENDAR,GROUP,"Copa Governo do Estado de Sergipe, Grupo B",CUP,144856,Lagarto FC,Local,1ST,06/08/2025,4,,,,,,,,,,,,,,,,,,,,,,,,,,,,,,,,,,,,,,,,,,,,,,,,
14287120,27958,78307,CALENDAR,GROUP,"Copa Governo do Estado de Sergipe, Grupo B",CUP,144856,Lagarto FC,Local,2ND,06/08/2025,4,,,,,,,,,,,,,,,,,,,,,,,,,,,,,,,,,,,,,,,,,,,,,,,,
14287120,27958,78307,CALENDAR,GROUP,"Copa Governo do Estado de Sergipe, Grupo B",CUP,2017,Confiança,Visita,ALL,06/08/2025,4,4,44%,,,,,2,30,,,11,6,0,5,,10,,,,,,,,,2,,,,,,,,,,,,,,,,,,,,,,,
14287120,27958,78307,CALENDAR,GROUP,"Copa Governo do Estado de Sergipe, Grupo B",CUP,2017,Confiança,Visita,1ST,06/08/2025,4,,,,,,,,,,,,,,,,,,,,,,,,,,,,,,,,,,,,,,,,,,,,,,,,
14287120,27958,78307,CALENDAR,GROUP,"Copa Governo do Estado de Sergipe, Grupo B",CUP,2017,Confiança,Visita,2ND,06/08/2025,4,,,,,,,,,,,,,,,,,,,,,,,,,,,,,,,,,,,,,,,,,,,,,,,,
13557397,1281,72841,CALENDAR,REGULAR,Round 16,LEAGUE,2025,Ituano,Local,ALL,09/08/2025,16,1,57%,2.04,,12,1,8,18,471,1,2,3,0,3,0,6,3,6,6,,,0,,,1,368,36,,,29/50 (58%),9/32 (28%),38%,5,45/122 (37%),19/43 (44%),16/30 (53%),,1,6,,9,,1,,,,,6
13557397,1281,72841,CALENDAR,REGULAR,Round 16,LEAGUE,2025,Ituano,Local,1ST,09/08/2025,16,,,,,,,,,,,,,,,,,,,,,,,,,,,,,,,,,,,,,,,,,,,,,,,,
13557397,1281,72841,CALENDAR,REGULAR,Round 16,LEAGUE,2025,Ituano,Local,2ND,09/08/2025,16,,,,,,,,,,,,,,,,,,,,,,,,,,,,,,,,,,,,,,,,,,,,,,,,
13557397,1281,72841,CALENDAR,REGULAR,Round 16,LEAGUE,2017,Confiança,Visita,ALL,09/08/2025,16,2,43%,1.59,,11,2,5,13,324,6,1,6,0,3,0,3,5,6,5,,,0,,,1,253,27,,,24/52 (46%),3/8 (37%),36%,10,36/125 (29%),27/46 (59%),11/17 (65%),,6,20,,43,,2,,,,,11
13557397,1281,72841,CALENDAR,REGULAR,Round 16,LEAGUE,2017,Confiança,Visita,1ST,09/08/2025,16,,,,,,,,,,,,,,,,,,,,,,,,,,,,,,,,,,,,,,,,,,,,,,,,
13557397,1281,72841,CALENDAR,REGULAR,Round 16,LEAGUE,2017,Confiança,Visita,2ND,09/08/2025,16,,,,,,,,,,,,,,,,,,,,,,,,,,,,,,,,,,,,,,,,,,,,,,,,
14287132,27958,78307,CALENDAR,GROUP,"Copa Governo do Estado de Sergipe, Grupo B",CUP,2017,Confiança,Local,ALL,12/08/2025,5,3,54%,,,,,3,24,,,22,4,0,6,,4,,,,,,,,,3,,,,,,,,,,,,,,,,,,,,,,,
14287132,27958,78307,CALENDAR,GROUP,"Copa Governo do Estado de Sergipe, Grupo B",CUP,2017,Confiança,Local,1ST,12/08/2025,5,,,,,,,,,,,,,,,,,,,,,,,,,,,,,,,,,,,,,,,,,,,,,,,,
14287132,27958,78307,CALENDAR,GROUP,"Copa Governo do Estado de Sergipe, Grupo B",CUP,2017,Confiança,Local,2ND,12/08/2025,5,,,,,,,,,,,,,,,,,,,,,,,,,,,,,,,,,,,,,,,,,,,,,,,,
14287132,27958,78307,CALENDAR,GROUP,"Copa Governo do Estado de Sergipe, Grupo B",CUP,307366,AA Guarany,Visita,ALL,12/08/2025,5,0,46%,,,,,3,22,,,24,1,1,3,,2,,,,,,,,,2,,,,,,,,,,,,,,,,,,,,,,,
14287132,27958,78307,CALENDAR,GROUP,"Copa Governo do Estado de Sergipe, Grupo B",CUP,307366,AA Guarany,Visita,1ST,12/08/2025,5,,,,,,,,,,,,,,,,,,,,,,,,,,,,,,,,,,,,,,,,,,,,,,,,
14287132,27958,78307,CALENDAR,GROUP,"Copa Governo do Estado de Sergipe, Grupo B",CUP,307366,AA Guarany,Visita,2ND,12/08/2025,5,,,,,,,,,,,,,,,,,,,,,,,,,,,,,,,,,,,,,,,,,,,,,,,,
13557406,1281,72841,CALENDAR,REGULAR,Round 17,LEAGUE,2017,Confiança,Local,ALL,17/08/2025,17,1,68%,2.13,,13,0,5,8,530,3,4,2,0,6,0,6,1,7,6,,,1,,,0,451,29,,,13/24 (54%),14/31 (45%),42%,9,33/78 (42%),15/35 (43%),15/16 (94%),,3,8,,12,,0,,,,,6
13557406,1281,72841,CALENDAR,REGULAR,Round 17,LEAGUE,2017,Confiança,Local,1ST,17/08/2025,17,,,,,,,,,,,,,,,,,,,,,,,,,,,,,,,,,,,,,,,,,,,,,,,,
13557406,1281,72841,CALENDAR,REGULAR,Round 17,LEAGUE,2017,Confiança,Local,2ND,17/08/2025,17,,,,,,,,,,,,,,,,,,,,,,,,,,,,,,,,,,,,,,,,,,,,,,,,
13557406,1281,72841,CALENDAR,REGULAR,Round 17,LEAGUE,274286,Floresta,Visita,ALL,17/08/2025,17,0,32%,0.31,,11,5,3,11,245,5,0,0,1,0,0,5,6,3,8,,,0,,,0,187,16,,,17/35 (48%),5/8 (62%),29%,7,24/82 (29%),11/36 (31%),2/4 (50%),,5,13,,16,,5,,,,,16
13557406,1281,72841,CALENDAR,REGULAR,Round 17,LEAGUE,274286,Floresta,Visita,1ST,17/08/2025,17,,,,,,,,,,,,,,,,,,,,,,,,,,,,,,,,,,,,,,,,,,,,,,,,
13557406,1281,72841,CALENDAR,REGULAR,Round 17,LEAGUE,274286,Floresta,Visita,2ND,17/08/2025,17,,,,,,,,,,,,,,,,,,,,,,,,,,,,,,,,,,,,,,,,,,,,,,,,
14302298,1596,69430,CALENDAR,PLAYOFF,Semifinals,CUP,2010,CSA,Local,ALL,20/08/2025,28,0,65%,1.14,,16,2,9,16,372,3,8,4,0,3,1,5,7,7,9,,,1,13,,0,294,34,,45/58 (78%),18/33 (54%),4/25 (16%),45%,7,45/103 (44%),21/41 (51%),22/30 (73%),,3,5,,7,1,2,,,0,,2
14302298,1596,69430,CALENDAR,PLAYOFF,Semifinals,CUP,2010,CSA,Local,1ST,20/08/2025,28,,,,,,,,,,,,,,,,,,,,,,,,,,,,,,,,,,,,,,,,,,,,,,,,
14302298,1596,69430,CALENDAR,PLAYOFF,Semifinals,CUP,2010,CSA,Local,2ND,20/08/2025,28,,,,,,,,,,,,,,,,,,,,,,,,,,,,,,,,,,,,,,,,,,,,,,,,
14302298,1596,69430,CALENDAR,PLAYOFF,Semifinals,CUP,2017,Confiança,Visita,ALL,20/08/2025,28,1,35%,1.16,,7,3,1,19,202,5,3,7,0,3,0,2,2,5,2,,,2,5,,2,143,18,,17/33 (52%),12/38 (31%),1/1 (100%),35%,5,37/114 (32%),18/43 (42%),9/17 (53%),,5,15,,36,2,3,,,3,,8
14302298,1596,69430,CALENDAR,PLAYOFF,Semifinals,CUP,2017,Confiança,Visita,1ST,20/08/2025,28,,,,,,,,,,,,,,,,,,,,,,,,,,,,,,,,,,,,,,,,,,,,,,,,
14302298,1596,69430,CALENDAR,PLAYOFF,Semifinals,CUP,2017,Confiança,Visita,2ND,20/08/2025,28,,,,,,,,,,,,,,,,,,,,,,,,,,,,,,,,,,,,,,,,,,,,,,,,
14357645,1281,72841,CALENDAR,REGULAR,Round 18,LEAGUE,1972,Guarani,Local,ALL,25/08/2025,18,1,44%,0.90,,10,5,3,22,338,6,4,5,0,2,1,6,1,3,7,,,0,,,2,277,28,,,17/39 (43%),2/10 (20%),38%,3,45/129 (35%),17/30 (57%),24/37 (65%),,6,13,,20,,5,,,,,9
14357645,1281,72841,CALENDAR,REGULAR,Round 18,LEAGUE,1972,Guarani,Local,1ST,25/08/2025,18,,,,,,,,,,,,,,,,,,,,,,,,,,,,,,,,,,,,,,,,,,,,,,,,
14357645,1281,72841,CALENDAR,REGULAR,Round 18,LEAGUE,1972,Guarani,Local,2ND,25/08/2025,18,,,,,,,,,,,,,,,,,,,,,,,,,,,,,,,,,,,,,,,,,,,,,,,,
14357645,1281,72841,CALENDAR,REGULAR,Round 18,LEAGUE,2017,Confiança,Visita,ALL,25/08/2025,18,0,56%,0.65,,10,1,1,11,418,6,4,4,1,5,0,3,2,2,8,,,1,,,1,356,26,,,18/44 (40%),0/5 (0%),38%,7,43/125 (34%),17/32 (53%),10/21 (48%),,6,14,,18,,1,,,,,12
14357645,1281,72841,CALENDAR,REGULAR,Round 18,LEAGUE,2017,Confiança,Visita,1ST,25/08/2025,18,,,,,,,,,,,,,,,,,,,,,,,,,,,,,,,,,,,,,,,,,,,,,,,,
14357645,1281,72841,CALENDAR,REGULAR,Round 18,LEAGUE,2017,Confiança,Visita,2ND,25/08/2025,18,,,,,,,,,,,,,,,,,,,,,,,,,,,,,,,,,,,,,,,,,,,,,,,,
13557426,1281,72841,CALENDAR,REGULAR,Round 19,LEAGUE,2017,Confiança,Local,ALL,30/08/2025,19,1,52%,1.79,,15,1,6,14,353,1,4,0,0,5,1,7,2,10,5,,,1,,,1,288,24,,,15/34 (44%),7/17 (41%),46%,8,52/127 (41%),26/42 (62%),15/20 (75%),,1,15,,18,,1,,,,,7
13557426,1281,72841,CALENDAR,REGULAR,Round 19,LEAGUE,2017,Confiança,Local,1ST,30/08/2025,19,,,,,,,,,,,,,,,,,,,,,,,,,,,,,,,,,,,,,,,,,,,,,,,,
13557426,1281,72841,CALENDAR,REGULAR,Round 19,LEAGUE,2017,Confiança,Local,2ND,30/08/2025,19,,,,,,,,,,,,,,,,,,,,,,,,,,,,,,,,,,,,,,,,,,,,,,,,
13557426,1281,72841,CALENDAR,REGULAR,Round 19,LEAGUE,324839,Retrô,Visita,ALL,30/08/2025,19,0,48%,0.16,,6,4,9,27,347,1,2,3,0,1,0,3,2,1,5,,,0,,,0,283,28,,,22/42 (52%),4/7 (57%),30%,8,39/133 (29%),14/41 (34%),5/10 (50%),,1,16,,14,,4,,,,,11
13557426,1281,72841,CALENDAR,REGULAR,Round 19,LEAGUE,324839,Retrô,Visita,1ST,30/08/2025,19,,,,,,,,,,,,,,,,,,,,,,,,,,,,,,,,,,,,,,,,,,,,,,,,
13557426,1281,72841,CALENDAR,REGULAR,Round 19,LEAGUE,324839,Retrô,Visita,2ND,30/08/2025,19,,,,,,,,,,,,,,,,,,,,,,,,,,,,,,,,,,,,,,,,,,,,,,,,
14553320,1596,69430,CALENDAR,FINAL,Final,CUP,2017,Confiança,Local,ALL,03/09/2025,29,1,38%,1.24,,13,4,6,12,330,10,2,1,0,5,0,6,2,8,5,,,0,9,,0,284,12,,35/46 (76%),13/24 (54%),5/7 (71%),32%,13,39/115 (34%),3/15 (20%),5/5 (100%),,10,15,,6,3,4,,,,,4
14553320,1596,69430,CALENDAR,FINAL,Final,CUP,2017,Confiança,Local,1ST,03/09/2025,29,,,,,,,,,,,,,,,,,,,,,,,,,,,,,,,,,,,,,,,,,,,,,,,,
14553320,1596,69430,CALENDAR,FINAL,Final,CUP,2017,Confiança,Local,2ND,03/09/2025,29,,,,,,,,,,,,,,,,,,,,,,,,,,,,,,,,,,,,,,,,,,,,,,,,
14553320,1596,69430,CALENDAR,FINAL,Final,CUP,1955,Bahia,Visita,ALL,03/09/2025,29,4,62%,1.63,,13,4,4,14,549,6,2,1,0,7,0,4,2,7,6,,,1,20,,3,491,21,,49/59 (83%),14/28 (50%),6/13 (46%),41%,3,33/92 (36%),12/16 (75%),9/12 (75%),,6,8,,11,4,4,,,,,10
14553320,1596,69430,CALENDAR,FINAL,Final,CUP,1955,Bahia,Visita,1ST,03/09/2025,29,,,,,,,,,,,,,,,,,,,,,,,,,,,,,,,,,,,,,,,,,,,,,,,,
14553320,1596,69430,CALENDAR,FINAL,Final,CUP,1955,Bahia,Visita,2ND,03/09/2025,29,,,,,,,,,,,,,,,,,,,,,,,,,,,,,,,,,,,,,,,,,,,,,,,,
14578140,1596,69430,CALENDAR,FINAL,Final,CUP,1955,Bahia,Local,ALL,06/09/2025,29,5,72%,2.84,,20,1,12,9,663,1,1,1,0,5,1,6,8,17,3,,,6,30,,0,614,21,,79/89 (89%),14/23 (60%),8/18 (44%),35%,6,39/112 (35%),8/20 (40%),17/25 (68%),,1,9,,5,0,1,,,,,2
14578140,1596,69430,CALENDAR,FINAL,Final,CUP,1955,Bahia,Local,1ST,06/09/2025,29,,,,,,,,,,,,,,,,,,,,,,,,,,,,,,,,,,,,,,,,,,,,,,,,
14578140,1596,69430,CALENDAR,FINAL,Final,CUP,1955,Bahia,Local,2ND,06/09/2025,29,,,,,,,,,,,,,,,,,,,,,,,,,,,,,,,,,,,,,,,,,,,,,,,,
14578140,1596,69430,CALENDAR,FINAL,Final,CUP,2017,Confiança,Visita,ALL,06/09/2025,29,0,28%,0.05,,3,0,1,15,278,8,0,2,0,1,0,2,0,0,3,,,0,1,,0,232,8,,21/28 (75%),13/29 (44%),0/1 (0%),35%,6,39/116 (34%),9/19 (47%),7/13 (54%),,8,12,,20,4,0,,,,,11
14578140,1596,69430,CALENDAR,FINAL,Final,CUP,2017,Confiança,Visita,1ST,06/09/2025,29,,,,,,,,,,,,,,,,,,,,,,,,,,,,,,,,,,,,,,,,,,,,,,,,
14578140,1596,69430,CALENDAR,FINAL,Final,CUP,2017,Confiança,Visita,2ND,06/09/2025,29,,,,,,,,,,,,,,,,,,,,,,,,,,,,,,,,,,,,,,,,,,,,,,,,
15162881,11665,86866,CALENDAR,REGULAR,Round 1,LEAGUE,829655,Desportiva Aracaju,Local,ALL,10/01/2026,1,0,50%,,,,,,,,,,2,,,,,,,,,,,,,,,,,,,,,,,,,,,,,,,,,,,,
15162881,11665,86866,CALENDAR,REGULAR,Round 1,LEAGUE,829655,Desportiva Aracaju,Local,1ST,10/01/2026,1,,,,,,,,,,,,,,,,,,,,,,,,,,,,,,,,,,,,,,,,,,,,,,,,
15162881,11665,86866,CALENDAR,REGULAR,Round 1,LEAGUE,829655,Desportiva Aracaju,Local,2ND,10/01/2026,1,,,,,,,,,,,,,,,,,,,,,,,,,,,,,,,,,,,,,,,,,,,,,,,,
15162881,11665,86866,CALENDAR,REGULAR,Round 1,LEAGUE,2017,Confiança,Visita,ALL,10/01/2026,1,3,50%,,,,,,,,,,4,,,,,,,,,,,,,,,,,,,,,,,,,,,,,,,,,,,,
15162881,11665,86866,CALENDAR,REGULAR,Round 1,LEAGUE,2017,Confiança,Visita,1ST,10/01/2026,1,,,,,,,,,,,,,,,,,,,,,,,,,,,,,,,,,,,,,,,,,,,,,,,,
15162881,11665,86866,CALENDAR,REGULAR,Round 1,LEAGUE,2017,Confiança,Visita,2ND,10/01/2026,1,,,,,,,,,,,,,,,,,,,,,,,,,,,,,,,,,,,,,,,,,,,,,,,,
15321811,11665,86866,CALENDAR,REGULAR,Round 2,LEAGUE,2017,Confiança,Local,ALL,18/01/2026,2,2,59%,,,,,2,18,,,22,3,0,,,,,,,,,,,,2,,,,,,,,,,,,,,,,,,,,,,,
15321811,11665,86866,CALENDAR,REGULAR,Round 2,LEAGUE,2017,Confiança,Local,1ST,18/01/2026,2,,,,,,,,,,,,,,,,,,,,,,,,,,,,,,,,,,,,,,,,,,,,,,,,
15321811,11665,86866,CALENDAR,REGULAR,Round 2,LEAGUE,2017,Confiança,Local,2ND,18/01/2026,2,,,,,,,,,,,,,,,,,,,,,,,,,,,,,,,,,,,,,,,,,,,,,,,,
15321811,11665,86866,CALENDAR,REGULAR,Round 2,LEAGUE,144856,Lagarto FC,Visita,ALL,18/01/2026,2,2,41%,,,,,4,21,,,18,0,0,,,,,,,,,,,,1,,,,,,,,,,,,,,,,,,,,,,,
15321811,11665,86866,CALENDAR,REGULAR,Round 2,LEAGUE,144856,Lagarto FC,Visita,1ST,18/01/2026,2,,,,,,,,,,,,,,,,,,,,,,,,,,,,,,,,,,,,,,,,,,,,,,,,
15321811,11665,86866,CALENDAR,REGULAR,Round 2,LEAGUE,144856,Lagarto FC,Visita,2ND,18/01/2026,2,,,,,,,,,,,,,,,,,,,,,,,,,,,,,,,,,,,,,,,,,,,,,,,,
15321828,11665,86866,CALENDAR,REGULAR,Round 3,LEAGUE,2017,Confiança,Local,ALL,21/01/2026,3,0,67%,,,,,5,19,,,21,4,0,,,,,,,,,,,,1,,,,,,,,,,,,,,,,,,,,,,,
15321828,11665,86866,CALENDAR,REGULAR,Round 3,LEAGUE,2017,Confiança,Local,1ST,21/01/2026,3,,,,,,,,,,,,,,,,,,,,,,,,,,,,,,,,,,,,,,,,,,,,,,,,
15321828,11665,86866,CALENDAR,REGULAR,Round 3,LEAGUE,2017,Confiança,Local,2ND,21/01/2026,3,,,,,,,,,,,,,,,,,,,,,,,,,,,,,,,,,,,,,,,,,,,,,,,,
15321828,11665,86866,CALENDAR,REGULAR,Round 3,LEAGUE,394885,Falcon-SE FC,Visita,ALL,21/01/2026,3,0,33%,,,,,3,21,,,19,2,0,,,,,,,,,,,,2,,,,,,,,,,,,,,,,,,,,,,,
15321828,11665,86866,CALENDAR,REGULAR,Round 3,LEAGUE,394885,Falcon-SE FC,Visita,1ST,21/01/2026,3,,,,,,,,,,,,,,,,,,,,,,,,,,,,,,,,,,,,,,,,,,,,,,,,
15321828,11665,86866,CALENDAR,REGULAR,Round 3,LEAGUE,394885,Falcon-SE FC,Visita,2ND,21/01/2026,3,,,,,,,,,,,,,,,,,,,,,,,,,,,,,,,,,,,,,,,,,,,,,,,,
15321832,11665,86866,CALENDAR,REGULAR,Round 5,LEAGUE,2016,Sergipe,Local,ALL,31/01/2026,5,1,41%,,,,,4,20,,,16,5,0,,,,,,,,,,,,1,,,,,,,,,,,,,,,,,,,,,,,
15321832,11665,86866,CALENDAR,REGULAR,Round 5,LEAGUE,2016,Sergipe,Local,1ST,31/01/2026,5,,,,,,,,,,,,,,,,,,,,,,,,,,,,,,,,,,,,,,,,,,,,,,,,
15321832,11665,86866,CALENDAR,REGULAR,Round 5,LEAGUE,2016,Sergipe,Local,2ND,31/01/2026,5,,,,,,,,,,,,,,,,,,,,,,,,,,,,,,,,,,,,,,,,,,,,,,,,
15321832,11665,86866,CALENDAR,REGULAR,Round 5,LEAGUE,2017,Confiança,Visita,ALL,31/01/2026,5,0,59%,,,,,6,16,,,20,5,0,,,,,,,,,,,,1,,,,,,,,,,,,,,,,,,,,,,,
15321832,11665,86866,CALENDAR,REGULAR,Round 5,LEAGUE,2017,Confiança,Visita,1ST,31/01/2026,5,,,,,,,,,,,,,,,,,,,,,,,,,,,,,,,,,,,,,,,,,,,,,,,,
15321832,11665,86866,CALENDAR,REGULAR,Round 5,LEAGUE,2017,Confiança,Visita,2ND,31/01/2026,5,,,,,,,,,,,,,,,,,,,,,,,,,,,,,,,,,,,,,,,,,,,,,,,,
15321831,11665,86866,CALENDAR,REGULAR,Round 7,LEAGUE,2017,Confiança,Local,ALL,08/02/2026,7,1,54%,,,,,8,21,,,18,3,0,,,,,,,,,,,,2,,,,,,,,,,,,,,,,,,,,,,,
15321831,11665,86866,CALENDAR,REGULAR,Round 7,LEAGUE,2017,Confiança,Local,1ST,08/02/2026,7,,,,,,,,,,,,,,,,,,,,,,,,,,,,,,,,,,,,,,,,,,,,,,,,
15321831,11665,86866,CALENDAR,REGULAR,Round 7,LEAGUE,2017,Confiança,Local,2ND,08/02/2026,7,,,,,,,,,,,,,,,,,,,,,,,,,,,,,,,,,,,,,,,,,,,,,,,,
15321831,11665,86866,CALENDAR,REGULAR,Round 7,LEAGUE,21853,AO Itabaiana,Visita,ALL,08/02/2026,7,0,46%,,,,,3,17,,,22,1,1,,,,,,,,,,,,4,,,,,,,,,,,,,,,,,,,,,,,
15321831,11665,86866,CALENDAR,REGULAR,Round 7,LEAGUE,21853,AO Itabaiana,Visita,1ST,08/02/2026,7,,,,,,,,,,,,,,,,,,,,,,,,,,,,,,,,,,,,,,,,,,,,,,,,
15321831,11665,86866,CALENDAR,REGULAR,Round 7,LEAGUE,21853,AO Itabaiana,Visita,2ND,08/02/2026,7,,,,,,,,,,,,,,,,,,,,,,,,,,,,,,,,,,,,,,,,,,,,,,,,
15321839,11665,86866,CALENDAR,REGULAR,Round 8,LEAGUE,307387,Dorense FC,Local,ALL,11/02/2026,8,1,43%,,,,,1,16,,,22,3,0,,,,,,,,,,,,2,,,,,,,,,,,,,,,,,,,,,,,
15321839,11665,86866,CALENDAR,REGULAR,Round 8,LEAGUE,307387,Dorense FC,Local,1ST,11/02/2026,8,,,,,,,,,,,,,,,,,,,,,,,,,,,,,,,,,,,,,,,,,,,,,,,,
15321839,11665,86866,CALENDAR,REGULAR,Round 8,LEAGUE,307387,Dorense FC,Local,2ND,11/02/2026,8,,,,,,,,,,,,,,,,,,,,,,,,,,,,,,,,,,,,,,,,,,,,,,,,
15321839,11665,86866,CALENDAR,REGULAR,Round 8,LEAGUE,2017,Confiança,Visita,ALL,11/02/2026,8,2,57%,,,,,0,22,,,16,2,0,,,,,,,,,,,,4,,,,,,,,,,,,,,,,,,,,,,,
15321839,11665,86866,CALENDAR,REGULAR,Round 8,LEAGUE,2017,Confiança,Visita,1ST,11/02/2026,8,,,,,,,,,,,,,,,,,,,,,,,,,,,,,,,,,,,,,,,,,,,,,,,,
15321839,11665,86866,CALENDAR,REGULAR,Round 8,LEAGUE,2017,Confiança,Visita,2ND,11/02/2026,8,,,,,,,,,,,,,,,,,,,,,,,,,,,,,,,,,,,,,,,,,,,,,,,,
15601730,11665,86866,CALENDAR,REGULAR,Semifinals,LEAGUE,21853,AO Itabaiana,Local,ALL,28/02/2026,28,0,53%,,,,,4,,,,,2,1,0,,4,,,,,,,,,,,,,,,,,,,,,,,,,,,,,,,,
15601730,11665,86866,CALENDAR,REGULAR,Semifinals,LEAGUE,21853,AO Itabaiana,Local,1ST,28/02/2026,28,,,,,,,,,,,,,,,,,,,,,,,,,,,,,,,,,,,,,,,,,,,,,,,,
15601730,11665,86866,CALENDAR,REGULAR,Semifinals,LEAGUE,21853,AO Itabaiana,Local,2ND,28/02/2026,28,,,,,,,,,,,,,,,,,,,,,,,,,,,,,,,,,,,,,,,,,,,,,,,,
15601730,11665,86866,CALENDAR,REGULAR,Semifinals,LEAGUE,2017,Confiança,Visita,ALL,28/02/2026,28,2,47%,,,,,5,,,,,5,0,3,,4,,,,,,,,,,,,,,,,,,,,,,,,,,,,,,,,
15601730,11665,86866,CALENDAR,REGULAR,Semifinals,LEAGUE,2017,Confiança,Visita,1ST,28/02/2026,28,,,,,,,,,,,,,,,,,,,,,,,,,,,,,,,,,,,,,,,,,,,,,,,,
15601730,11665,86866,CALENDAR,REGULAR,Semifinals,LEAGUE,2017,Confiança,Visita,2ND,28/02/2026,28,,,,,,,,,,,,,,,,,,,,,,,,,,,,,,,,,,,,,,,,,,,,,,,,
15677056,373,89353,CALENDAR,REGULAR,Round 3,CUP,2017,Confiança,Local,ALL,11/03/2026,3,2,44%,,,,,4,,,,13,4,0,7,,9,,,,,,,,,0,,13,,,,,,,,,,,,,,,,,,,,,6
15677056,373,89353,CALENDAR,REGULAR,Round 3,CUP,2017,Confiança,Local,1ST,11/03/2026,3,,,,,,,,,,,,,,,,,,,,,,,,,,,,,,,,,,,,,,,,,,,,,,,,
15677056,373,89353,CALENDAR,REGULAR,Round 3,CUP,2017,Confiança,Local,2ND,11/03/2026,3,,,,,,,,,,,,,,,,,,,,,,,,,,,,,,,,,,,,,,,,,,,,,,,,
15677056,373,89353,CALENDAR,REGULAR,Round 3,CUP,87202,Tombense,Visita,ALL,11/03/2026,3,0,56%,,,,,6,,,,17,2,0,2,,7,,,,,,,,,4,,30,,,,,,,,,,,,,,,,,,,,,8
15677056,373,89353,CALENDAR,REGULAR,Round 3,CUP,87202,Tombense,Visita,1ST,11/03/2026,3,,,,,,,,,,,,,,,,,,,,,,,,,,,,,,,,,,,,,,,,,,,,,,,,
15677056,373,89353,CALENDAR,REGULAR,Round 3,CUP,87202,Tombense,Visita,2ND,11/03/2026,3,,,,,,,,,,,,,,,,,,,,,,,,,,,,,,,,,,,,,,,,,,,,,,,,
15730741,373,89353,CALENDAR,REGULAR,Round 4,CUP,2021,Vila Nova FC,Local,ALL,18/03/2026,4,0,52%,0.34,,10,1,4,23,387,13,14,2,1,1,0,6,3,5,5,,,,,3,3,329,18,74,,34/58 (59%),3/29 (10%),45%,9,31/76 (41%),10/16 (63%),4/13 (31%),77%,13,16,57,23,,1,,,,,6
15730741,373,89353,CALENDAR,REGULAR,Round 4,CUP,2021,Vila Nova FC,Local,1ST,18/03/2026,4,0,48%,0.00,,3,0,2,11,206,8,4,0,0,0,0,1,2,2,1,,,,,0,2,174,9,40,,13/28 (46%),1/9 (11%),42%,4,14/36 (39%),4/7 (57%),2/6 (33%),75%,8,11,29,10,,0,,,,,3
15730741,373,89353,CALENDAR,REGULAR,Round 4,CUP,2021,Vila Nova FC,Local,2ND,18/03/2026,4,0,57%,0.00,,7,1,2,12,181,5,10,2,0,1,0,5,1,3,4,,,,,3,1,155,9,34,,21/30 (70%),2/20 (10%),47%,5,17/40 (43%),6/9 (67%),2/7 (29%),80%,5,5,28,13,,1,,,,,3
15730741,373,89353,CALENDAR,REGULAR,Round 4,CUP,2017,Confiança,Visita,ALL,18/03/2026,4,0,48%,0.35,,9,1,6,14,375,18,23,4,2,1,1,7,1,3,6,,,,,2,0,301,19,49,,37/74 (50%),2/13 (15%),55%,7,45/76 (59%),6/16 (38%),5/11 (45%),56%,18,8,46,26,,1,,,,,15
15730741,373,89353,CALENDAR,REGULAR,Round 4,CUP,2017,Confiança,Visita,1ST,18/03/2026,4,0,52%,0.00,,4,0,4,4,230,8,11,0,0,0,0,3,1,1,3,,,,,0,0,190,10,27,,24/45 (53%),1/7 (14%),58%,6,22/36 (61%),3/7 (43%),3/5 (60%),25%,8,3,25,10,,0,,,,,5
15730741,373,89353,CALENDAR,REGULAR,Round 4,CUP,2017,Confiança,Visita,2ND,18/03/2026,4,0,43%,0.00,,5,1,2,10,145,10,12,3,0,1,1,4,0,2,3,,,,,2,0,111,9,22,,13/29 (45%),1/6 (17%),53%,1,23/40 (57%),3/9 (33%),2/6 (33%),80%,10,5,21,16,,1,,,,,10
15756807,1596,91324,CALENDAR,REGULAR,Round 1,CUP,21864,Sousa EC,Local,ALL,26/03/2026,1,4,48%,2.00,,12,7,6,11,364,2,0,3,0,6,0,4,2,9,3,,,0,12,,2,294,9,,24/39 (62%),28/48 (58%),10/21 (47%),40%,2,46/115 (40%),16/37 (43%),18/24 (75%),,2,16,,26,4,7,,,0,,7
15756807,1596,91324,CALENDAR,REGULAR,Round 1,CUP,21864,Sousa EC,Local,1ST,26/03/2026,1,,,,,,,,,,,,,,,,,,,,,,,,,,,,,,,,,,,,,,,,,,,,,,,,
15756807,1596,91324,CALENDAR,REGULAR,Round 1,CUP,21864,Sousa EC,Local,2ND,26/03/2026,1,,,,,,,,,,,,,,,,,,,,,,,,,,,,,,,,,,,,,,,,,,,,,,,,
15756807,1596,91324,CALENDAR,REGULAR,Round 1,CUP,2017,Confiança,Visita,ALL,26/03/2026,1,1,52%,2.26,,19,2,9,7,387,1,5,1,0,8,0,5,6,10,9,,,5,19,,1,323,22,,51/70 (73%),27/41 (65%),8/24 (33%),40%,6,40/112 (36%),21/39 (54%),19/22 (86%),,1,8,,13,1,2,,,1,,6
15756807,1596,91324,CALENDAR,REGULAR,Round 1,CUP,2017,Confiança,Visita,1ST,26/03/2026,1,,,,,,,,,,,,,,,,,,,,,,,,,,,,,,,,,,,,,,,,,,,,,,,,
15756807,1596,91324,CALENDAR,REGULAR,Round 1,CUP,2017,Confiança,Visita,2ND,26/03/2026,1,,,,,,,,,,,,,,,,,,,,,,,,,,,,,,,,,,,,,,,,,,,,,,,,
15846624,1596,91324,CALENDAR,REGULAR,Round 2,CUP,2017,Confiança,Local,ALL,29/03/2026,2,2,51%,1.59,,19,2,7,23,462,1,2,4,0,2,0,10,7,6,13,,,1,27,,1,400,22,,37/53 (70%),18/32 (56%),8/15 (53%),30%,8,28/101 (28%),10/24 (42%),12/17 (71%),,1,10,,14,0,2,,,,,6
15846624,1596,91324,CALENDAR,REGULAR,Round 2,CUP,2017,Confiança,Local,1ST,29/03/2026,2,,,,,,,,,,,,,,,,,,,,,,,,,,,,,,,,,,,,,,,,,,,,,,,,
15846624,1596,91324,CALENDAR,REGULAR,Round 2,CUP,2017,Confiança,Local,2ND,29/03/2026,2,,,,,,,,,,,,,,,,,,,,,,,,,,,,,,,,,,,,,,,,,,,,,,,,
15846624,1596,91324,CALENDAR,REGULAR,Round 2,CUP,375317,Fluminense-PI,Visita,ALL,29/03/2026,2,0,49%,0.19,,8,0,3,13,378,1,2,2,0,2,0,2,4,3,5,,,1,5,,0,312,21,,31/42 (74%),20/41 (48%),2/15 (13%),42%,3,43/92 (47%),4/19 (21%),12/14 (86%),,1,9,,12,6,0,,,,,13
15846624,1596,91324,CALENDAR,REGULAR,Round 2,CUP,375317,Fluminense-PI,Visita,1ST,29/03/2026,2,,,,,,,,,,,,,,,,,,,,,,,,,,,,,,,,,,,,,,,,,,,,,,,,
15846624,1596,91324,CALENDAR,REGULAR,Round 2,CUP,375317,Fluminense-PI,Visita,2ND,29/03/2026,2,,,,,,,,,,,,,,,,,,,,,,,,,,,,,,,,,,,,,,,,,,,,,,,,
15617756,1281,90642,CALENDAR,REGULAR,Round 1,LEAGUE,2017,Confiança,Local,ALL,05/04/2026,1,0,57%,0.33,,7,6,5,18,388,4,2,0,0,3,0,2,1,2,5,,,0,,,2,308,26,,,20/54 (37%),3/12 (25%),45%,6,47/114 (41%),17/26 (65%),17/23 (74%),,4,12,,23,,6,,,,,5
15617756,1281,90642,CALENDAR,REGULAR,Round 1,LEAGUE,2017,Confiança,Local,1ST,05/04/2026,1,,,,,,,,,,,,,,,,,,,,,,,,,,,,,,,,,,,,,,,,,,,,,,,,
15617756,1281,90642,CALENDAR,REGULAR,Round 1,LEAGUE,2017,Confiança,Local,2ND,05/04/2026,1,,,,,,,,,,,,,,,,,,,,,,,,,,,,,,,,,,,,,,,,,,,,,,,,
15617756,1281,90642,CALENDAR,REGULAR,Round 1,LEAGUE,336664,Amazonas FC,Visita,ALL,05/04/2026,1,1,43%,1.34,,15,4,5,20,303,3,3,4,0,7,1,3,4,9,6,,,2,,,2,235,27,,,16/40 (40%),4/13 (30%),32%,8,38/115 (33%),8/26 (31%),12/17 (71%),,3,12,,20,,4,,,,,7
15617756,1281,90642,CALENDAR,REGULAR,Round 1,LEAGUE,336664,Amazonas FC,Visita,1ST,05/04/2026,1,,,,,,,,,,,,,,,,,,,,,,,,,,,,,,,,,,,,,,,,,,,,,,,,
15617756,1281,90642,CALENDAR,REGULAR,Round 1,LEAGUE,336664,Amazonas FC,Visita,2ND,05/04/2026,1,,,,,,,,,,,,,,,,,,,,,,,,,,,,,,,,,,,,,,,,,,,,,,,,
15871857,1596,91324,CALENDAR,REGULAR,Round 3,CUP,21853,AO Itabaiana,Local,ALL,09/04/2026,3,0,63%,1.39,,12,2,8,9,431,1,5,2,0,1,0,10,1,7,5,,,0,10,,1,343,35,,32/61 (52%),20/51 (39%),4/17 (23%),45%,5,47/109 (43%),17/31 (55%),7/15 (47%),,1,7,,9,3,2,,,,,7
15871857,1596,91324,CALENDAR,REGULAR,Round 3,CUP,21853,AO Itabaiana,Local,1ST,09/04/2026,3,,,,,,,,,,,,,,,,,,,,,,,,,,,,,,,,,,,,,,,,,,,,,,,,
15871857,1596,91324,CALENDAR,REGULAR,Round 3,CUP,21853,AO Itabaiana,Local,2ND,09/04/2026,3,,,,,,,,,,,,,,,,,,,,,,,,,,,,,,,,,,,,,,,,,,,,,,,,
15871857,1596,91324,CALENDAR,REGULAR,Round 3,CUP,2017,Confiança,Visita,ALL,09/04/2026,3,1,37%,0.50,,8,1,3,19,239,3,4,3,0,3,0,3,2,5,3,,,0,6,,2,178,18,,15/32 (47%),7/29 (24%),1/4 (25%),29%,9,25/96 (26%),13/31 (42%),6/10 (60%),,3,10,,19,1,1,,,,,15
15871857,1596,91324,CALENDAR,REGULAR,Round 3,CUP,2017,Confiança,Visita,1ST,09/04/2026,3,,,,,,,,,,,,,,,,,,,,,,,,,,,,,,,,,,,,,,,,,,,,,,,,
15871857,1596,91324,CALENDAR,REGULAR,Round 3,CUP,2017,Confiança,Visita,2ND,09/04/2026,3,,,,,,,,,,,,,,,,,,,,,,,,,,,,,,,,,,,,,,,,,,,,,,,,
15617575,1281,90642,CALENDAR,REGULAR,Round 2,LEAGUE,2000,Caxias,Local,ALL,12/04/2026,2,1,,,,,,,,,,,3,0,,,,,,,,,,,,,,,,,,,,,,,,,,,,,,,,,,,
15617575,1281,90642,CALENDAR,REGULAR,Round 2,LEAGUE,2000,Caxias,Local,1ST,12/04/2026,2,,,,,,,,,,,,,,,,,,,,,,,,,,,,,,,,,,,,,,,,,,,,,,,,
15617575,1281,90642,CALENDAR,REGULAR,Round 2,LEAGUE,2000,Caxias,Local,2ND,12/04/2026,2,,,,,,,,,,,,,,,,,,,,,,,,,,,,,,,,,,,,,,,,,,,,,,,,
15617575,1281,90642,CALENDAR,REGULAR,Round 2,LEAGUE,2017,Confiança,Visita,ALL,12/04/2026,2,0,,,,,,,,,,,4,0,,,,,,,,,,,,,,,,,,,,,,,,,,,,,,,,,,,
15617575,1281,90642,CALENDAR,REGULAR,Round 2,LEAGUE,2017,Confiança,Visita,1ST,12/04/2026,2,,,,,,,,,,,,,,,,,,,,,,,,,,,,,,,,,,,,,,,,,,,,,,,,
15617575,1281,90642,CALENDAR,REGULAR,Round 2,LEAGUE,2017,Confiança,Visita,2ND,12/04/2026,2,,,,,,,,,,,,,,,,,,,,,,,,,,,,,,,,,,,,,,,,,,,,,,,,
15745658,1596,91324,CALENDAR,REGULAR,Round 4,CUP,2019,ASA,Local,ALL,15/04/2026,4,1,46%,1.56,,10,2,4,13,410,7,1,1,0,6,0,3,1,6,4,,,2,13,,2,341,25,,32/44 (73%),26/43 (60%),1/12 (8%),39%,9,47/128 (37%),16/33 (48%),17/26 (65%),,7,12,,17,6,2,,,,,6
15745658,1596,91324,CALENDAR,REGULAR,Round 4,CUP,2019,ASA,Local,1ST,15/04/2026,4,,,,,,,,,,,,,,,,,,,,,,,,,,,,,,,,,,,,,,,,,,,,,,,,
15745658,1596,91324,CALENDAR,REGULAR,Round 4,CUP,2019,ASA,Local,2ND,15/04/2026,4,,,,,,,,,,,,,,,,,,,,,,,,,,,,,,,,,,,,,,,,,,,,,,,,
15745658,1596,91324,CALENDAR,REGULAR,Round 4,CUP,2017,Confiança,Visita,ALL,15/04/2026,4,1,54%,0.95,,13,5,2,10,469,7,1,2,0,3,0,3,7,6,7,,,1,11,,1,408,26,,51/71 (72%),16/26 (61%),7/14 (50%),37%,5,44/126 (35%),15/30 (50%),18/27 (67%),,7,10,,20,1,5,,,,,8
15745658,1596,91324,CALENDAR,REGULAR,Round 4,CUP,2017,Confiança,Visita,1ST,15/04/2026,4,,,,,,,,,,,,,,,,,,,,,,,,,,,,,,,,,,,,,,,,,,,,,,,,
15745658,1596,91324,CALENDAR,REGULAR,Round 4,CUP,2017,Confiança,Visita,2ND,15/04/2026,4,,,,,,,,,,,,,,,,,,,,,,,,,,,,,,,,,,,,,,,,,,,,,,,,
15617580,1281,90642,CALENDAR,REGULAR,Round 3,LEAGUE,2017,Confiança,Local,ALL,18/04/2026,3,1,48%,0.69,,17,2,2,17,426,3,3,1,0,5,1,9,2,7,10,,,0,,,0,378,24,,,18/31 (58%),4/7 (57%),36%,13,28/91 (31%),18/35 (51%),9/11 (82%),,3,5,,15,,2,,,,,7
15617580,1281,90642,CALENDAR,REGULAR,Round 3,LEAGUE,2017,Confiança,Local,1ST,18/04/2026,3,,,,,,,,,,,,,,,,,,,,,,,,,,,,,,,,,,,,,,,,,,,,,,,,
15617580,1281,90642,CALENDAR,REGULAR,Round 3,LEAGUE,2017,Confiança,Local,2ND,18/04/2026,3,,,,,,,,,,,,,,,,,,,,,,,,,,,,,,,,,,,,,,,,,,,,,,,,
15617580,1281,90642,CALENDAR,REGULAR,Round 3,LEAGUE,1976,Santa Cruz,Visita,ALL,18/04/2026,3,0,52%,0.80,,10,4,5,7,385,2,4,2,0,2,0,4,4,5,5,,,1,,,2,338,12,,,32/46 (69%),7/12 (58%),42%,9,41/92 (45%),12/34 (35%),6/7 (86%),,2,6,,4,,4,,,,,16
15617580,1281,90642,CALENDAR,REGULAR,Round 3,LEAGUE,1976,Santa Cruz,Visita,1ST,18/04/2026,3,,,,,,,,,,,,,,,,,,,,,,,,,,,,,,,,,,,,,,,,,,,,,,,,
15617580,1281,90642,CALENDAR,REGULAR,Round 3,LEAGUE,1976,Santa Cruz,Visita,2ND,18/04/2026,3,,,,,,,,,,,,,,,,,,,,,,,,,,,,,,,,,,,,,,,,,,,,,,,,
15908995,373,89353,CALENDAR,REGULAR,Round 5,CUP,5926,Grêmio,Local,ALL,21/04/2026,5,2,69%,2.75,2,22,0,11,11,559,13,11,0,0,7,1,12,3,14,8,1,1,,,4,3,508,20,70,,40/50 (80%),14/46 (30%),53%,10,36/70 (51%),13/22 (59%),12/21 (57%),62%,13,6,53,6,,0,,,,,4
15908995,373,89353,CALENDAR,REGULAR,Round 5,CUP,5926,Grêmio,Local,1ST,21/04/2026,5,0,62%,0.00,1,11,0,5,7,256,10,5,0,0,2,1,7,2,7,4,0,1,,,1,2,231,11,24,,21/27 (78%),7/17 (41%),47%,9,22/45 (49%),3/8 (38%),7/10 (70%),80%,10,5,28,2,,0,,,,,3
15908995,373,89353,CALENDAR,REGULAR,Round 5,CUP,5926,Grêmio,Local,2ND,21/04/2026,5,2,76%,0.00,1,11,0,6,4,303,3,6,0,0,5,0,5,1,7,4,1,0,,,3,1,277,9,46,,19/23 (83%),7/29 (24%),62%,1,14/25 (56%),10/14 (71%),5/11 (45%),0%,3,1,25,4,,0,,,,,1
15908995,373,89353,CALENDAR,REGULAR,Round 5,CUP,2017,Confiança,Visita,ALL,21/04/2026,5,0,31%,0.27,1,4,4,0,11,267,19,11,1,1,0,0,3,1,3,1,0,1,,,2,0,200,17,25,,14/48 (29%),1/3 (33%),47%,6,34/70 (49%),9/22 (41%),6/13 (46%),53%,19,13,44,38,,4,,,,,15
15908995,373,89353,CALENDAR,REGULAR,Round 5,CUP,2017,Confiança,Visita,1ST,21/04/2026,5,0,38%,0.00,1,3,2,0,5,164,12,7,0,1,0,0,2,1,2,1,0,1,,,1,0,129,13,13,,9/23 (39%),1/1 (100%),53%,6,23/45 (51%),5/8 (63%),5/9 (56%),58%,12,7,23,13,,2,,,,,8
15908995,373,89353,CALENDAR,REGULAR,Round 5,CUP,2017,Confiança,Visita,2ND,21/04/2026,5,0,24%,0.00,0,1,2,0,6,103,7,4,1,0,0,0,1,0,1,0,0,0,,,1,0,71,4,12,,5/25 (20%),0/2 (0%),38%,0,11/25 (44%),4/14 (29%),1/4 (25%),43%,7,6,21,25,,2,,,,,7
15617591,1281,90642,CALENDAR,REGULAR,Round 4,LEAGUE,21884,Brusque,Local,ALL,25/04/2026,4,2,52%,1.41,,15,3,6,13,358,5,5,1,0,5,0,6,4,6,9,,,0,,,2,298,16,,,26/45 (57%),6/16 (37%),44%,5,53/113 (47%),12/32 (38%),25/28 (89%),,5,6,,12,,3,,,,,8
15617591,1281,90642,CALENDAR,REGULAR,Round 4,LEAGUE,21884,Brusque,Local,1ST,25/04/2026,4,,,,,,,,,,,,,,,,,,,,,,,,,,,,,,,,,,,,,,,,,,,,,,,,
15617591,1281,90642,CALENDAR,REGULAR,Round 4,LEAGUE,21884,Brusque,Local,2ND,25/04/2026,4,,,,,,,,,,,,,,,,,,,,,,,,,,,,,,,,,,,,,,,,,,,,,,,,
15617591,1281,90642,CALENDAR,REGULAR,Round 4,LEAGUE,2017,Confiança,Visita,ALL,25/04/2026,4,1,48%,1.46,,15,3,9,17,336,1,4,3,0,4,0,6,5,9,6,,,1,,,3,284,27,,,16/35 (45%),5/14 (35%),31%,6,23/103 (22%),21/36 (58%),12/15 (80%),,1,5,,14,,3,,,,,12
15617591,1281,90642,CALENDAR,REGULAR,Round 4,LEAGUE,2017,Confiança,Visita,1ST,25/04/2026,4,,,,,,,,,,,,,,,,,,,,,,,,,,,,,,,,,,,,,,,,,,,,,,,,
15617591,1281,90642,CALENDAR,REGULAR,Round 4,LEAGUE,2017,Confiança,Visita,2ND,25/04/2026,4,,,,,,,,,,,,,,,,,,,,,,,,,,,,,,,,,,,,,,,,,,,,,,,,
15868489,1596,91324,CALENDAR,REGULAR,Round 5,CUP,2017,Confiança,Local,ALL,29/04/2026,5,2,44%,0.68,,12,2,4,18,351,3,2,4,0,5,0,4,3,3,9,,,0,11,,0,296,17,,25/33 (76%),18/36 (50%),4/16 (25%),37%,2,35/102 (34%),14/30 (47%),13/14 (93%),,3,8,,13,5,2,,,1,,7
15868489,1596,91324,CALENDAR,REGULAR,Round 5,CUP,2017,Confiança,Local,1ST,29/04/2026,5,,,,,,,,,,,,,,,,,,,,,,,,,,,,,,,,,,,,,,,,,,,,,,,,
15868489,1596,91324,CALENDAR,REGULAR,Round 5,CUP,2017,Confiança,Local,2ND,29/04/2026,5,,,,,,,,,,,,,,,,,,,,,,,,,,,,,,,,,,,,,,,,,,,,,,,,
15868489,1596,91324,CALENDAR,REGULAR,Round 5,CUP,1962,Vitória,Visita,ALL,29/04/2026,5,2,56%,1.08,,12,3,2,10,434,5,7,3,0,4,2,5,1,6,6,,,1,11,,0,385,13,,38/47 (81%),23/39 (58%),2/6 (33%),38%,13,44/125 (35%),15/30 (50%),14/19 (74%),,5,20,,12,6,3,,,0,,5
15868489,1596,91324,CALENDAR,REGULAR,Round 5,CUP,1962,Vitória,Visita,1ST,29/04/2026,5,,,,,,,,,,,,,,,,,,,,,,,,,,,,,,,,,,,,,,,,,,,,,,,,
15868489,1596,91324,CALENDAR,REGULAR,Round 5,CUP,1962,Vitória,Visita,2ND,29/04/2026,5,,,,,,,,,,,,,,,,,,,,,,,,,,,,,,,,,,,,,,,,,,,,,,,,
15617605,1281,90642,CALENDAR,REGULAR,Round 5,LEAGUE,2017,Confiança,Local,ALL,02/05/2026,5,0,66%,0.50,,11,4,6,10,518,7,3,1,0,2,0,5,4,4,7,,,2,,,0,436,35,,,25/50 (50%),8/22 (36%),43%,7,49/114 (43%),16/34 (47%),16/17 (94%),,7,6,,13,,4,,,,,8
15617605,1281,90642,CALENDAR,REGULAR,Round 5,LEAGUE,2017,Confiança,Local,1ST,02/05/2026,5,,,,,,,,,,,,,,,,,,,,,,,,,,,,,,,,,,,,,,,,,,,,,,,,
15617605,1281,90642,CALENDAR,REGULAR,Round 5,LEAGUE,2017,Confiança,Local,2ND,02/05/2026,5,,,,,,,,,,,,,,,,,,,,,,,,,,,,,,,,,,,,,,,,,,,,,,,,
15617605,1281,90642,CALENDAR,REGULAR,Round 5,LEAGUE,135526,Inter de Limeira,Visita,ALL,02/05/2026,5,1,34%,1.08,,9,3,2,20,240,1,2,4,0,5,0,3,1,3,6,,,0,,,1,186,20,,,21/36 (58%),3/14 (21%),33%,8,37/110 (34%),11/34 (32%),17/21 (81%),,1,12,,39,,3,,,,,14
15617605,1281,90642,CALENDAR,REGULAR,Round 5,LEAGUE,135526,Inter de Limeira,Visita,1ST,02/05/2026,5,,,,,,,,,,,,,,,,,,,,,,,,,,,,,,,,,,,,,,,,,,,,,,,,
15617605,1281,90642,CALENDAR,REGULAR,Round 5,LEAGUE,135526,Inter de Limeira,Visita,2ND,02/05/2026,5,,,,,,,,,,,,,,,,,,,,,,,,,,,,,,,,,,,,,,,,,,,,,,,,
16098256,1596,91324,CALENDAR,PLAYOFF,Quarterfinals,CUP,2017,Confiança,Local,ALL,07/05/2026,27,1,56%,0.94,,11,5,2,11,515,4,5,1,0,2,0,4,5,3,8,,,1,6,,1,446,24,,48/69 (70%),18/36 (50%),1/7 (14%),34%,9,39/114 (34%),5/14 (36%),7/11 (64%),,4,16,,11,0,5,,,0,,6
16098256,1596,91324,CALENDAR,PLAYOFF,Quarterfinals,CUP,2017,Confiança,Local,1ST,07/05/2026,27,,,,,,,,,,,,,,,,,,,,,,,,,,,,,,,,,,,,,,,,,,,,,,,,
16098256,1596,91324,CALENDAR,PLAYOFF,Quarterfinals,CUP,2017,Confiança,Local,2ND,07/05/2026,27,,,,,,,,,,,,,,,,,,,,,,,,,,,,,,,,,,,,,,,,,,,,,,,,
16098256,1596,91324,CALENDAR,PLAYOFF,Quarterfinals,CUP,2020,Fortaleza,Visita,ALL,07/05/2026,27,2,44%,0.86,,10,1,6,18,404,3,3,5,0,7,0,2,1,6,4,,,2,10,,2,338,20,,35/53 (66%),10/30 (33%),2/8 (25%),41%,2,36/94 (38%),10/16 (63%),7/14 (50%),,3,16,,21,2,1,,,1,,5
16098256,1596,91324,CALENDAR,PLAYOFF,Quarterfinals,CUP,2020,Fortaleza,Visita,1ST,07/05/2026,27,,,,,,,,,,,,,,,,,,,,,,,,,,,,,,,,,,,,,,,,,,,,,,,,
16098256,1596,91324,CALENDAR,PLAYOFF,Quarterfinals,CUP,2020,Fortaleza,Visita,2ND,07/05/2026,27,,,,,,,,,,,,,,,,,,,,,,,,,,,,,,,,,,,,,,,,,,,,,,,,
15617609,1281,90642,CALENDAR,REGULAR,Round 6,LEAGUE,2025,Ituano,Local,ALL,10/05/2026,6,1,44%,1.66,,17,3,7,23,289,2,7,3,0,5,1,7,4,12,5,,,0,,,4,209,19,,,15/43 (34%),11/20 (55%),32%,5,33/123 (27%),21/44 (48%),10/13 (77%),,2,16,,24,,3,,,,,9
15617609,1281,90642,CALENDAR,REGULAR,Round 6,LEAGUE,2025,Ituano,Local,1ST,10/05/2026,6,,,,,,,,,,,,,,,,,,,,,,,,,,,,,,,,,,,,,,,,,,,,,,,,
15617609,1281,90642,CALENDAR,REGULAR,Round 6,LEAGUE,2025,Ituano,Local,2ND,10/05/2026,6,,,,,,,,,,,,,,,,,,,,,,,,,,,,,,,,,,,,,,,,,,,,,,,,
15617609,1281,90642,CALENDAR,REGULAR,Round 6,LEAGUE,2017,Confiança,Visita,ALL,10/05/2026,6,0,56%,0.76,,11,5,3,16,409,3,8,3,0,3,0,5,3,4,7,,,0,,,1,318,29,,,20/51 (39%),3/11 (27%),46%,9,64/141 (45%),25/49 (51%),16/17 (94%),,3,16,,20,,5,,,,,9
15617609,1281,90642,CALENDAR,REGULAR,Round 6,LEAGUE,2017,Confiança,Visita,1ST,10/05/2026,6,,,,,,,,,,,,,,,,,,,,,,,,,,,,,,,,,,,,,,,,,,,,,,,,
15617609,1281,90642,CALENDAR,REGULAR,Round 6,LEAGUE,2017,Confiança,Visita,2ND,10/05/2026,6,,,,,,,,,,,,,,,,,,,,,,,,,,,,,,,,,,,,,,,,,,,,,,,,
15910047,373,89353,CALENDAR,REGULAR,Round 5,CUP,2017,Confiança,Local,ALL,14/05/2026,5,0,51%,0.00,0,16,3,3,14,490,11,17,4,0,2,0,9,5,7,9,0,,0,,3,0,432,10,59,,22/36 (61%),4/15 (27%),58%,4,35/61 (57%),6/10 (60%),7/15 (47%),82%,11,8,50,11,,3,,,,,7
15910047,373,89353,CALENDAR,REGULAR,Round 5,CUP,2017,Confiança,Local,1ST,14/05/2026,5,0,51%,0.00,0,6,2,0,9,261,8,5,3,0,1,0,4,1,3,3,0,,0,,0,0,227,9,28,,12/18 (67%),1/8 (13%),53%,2,17/33 (52%),4/7 (57%),4/9 (44%),75%,8,6,25,7,,2,,,,,4
15910047,373,89353,CALENDAR,REGULAR,Round 5,CUP,2017,Confiança,Local,2ND,14/05/2026,5,0,51%,0.00,0,10,1,3,5,229,3,12,1,0,1,0,5,4,4,6,0,,0,,3,0,205,1,31,,10/18 (56%),3/7 (43%),65%,2,18/28 (64%),2/3 (67%),3/6 (50%),100%,3,2,25,4,,1,,,,,3
15910047,373,89353,CALENDAR,REGULAR,Round 5,CUP,5926,Grêmio,Visita,ALL,14/05/2026,5,3,49%,0.00,3,14,2,2,17,480,12,12,3,1,6,0,4,4,10,4,3,,1,,3,2,421,8,48,,20/46 (43%),1/5 (20%),42%,5,26/61 (43%),4/10 (40%),3/9 (33%),42%,12,10,46,22,,2,,,,,14
15910047,373,89353,CALENDAR,REGULAR,Round 5,CUP,5926,Grêmio,Visita,1ST,14/05/2026,5,1,49%,0.00,1,7,1,1,5,254,7,8,0,0,3,0,3,1,4,3,1,,0,,1,1,224,5,26,,10/22 (45%),0/3 (0%),47%,4,16/33 (48%),3/7 (43%),1/5 (20%),57%,7,6,23,11,,1,,,,,6
15910047,373,89353,CALENDAR,REGULAR,Round 5,CUP,5926,Grêmio,Visita,2ND,14/05/2026,5,2,49%,0.00,2,7,1,1,12,226,5,4,3,1,3,0,1,3,6,1,2,,1,,2,1,197,3,22,,10/24 (42%),1/2 (50%),35%,1,10/28 (36%),1/3 (33%),2/4 (50%),20%,5,4,23,11,,1,,,,,8
15617631,1281,90642,CALENDAR,REGULAR,Round 7,LEAGUE,2017,Confiança,Local,ALL,18/05/2026,7,2,45%,1.09,,10,3,8,17,292,6,5,1,0,4,0,3,3,7,3,,,1,,,0,245,26,,,20/37 (54%),2/7 (28%),33%,15,41/115 (36%),12/44 (27%),6/7 (86%),,6,7,,18,,3,,,,,11
15617631,1281,90642,CALENDAR,REGULAR,Round 7,LEAGUE,2017,Confiança,Local,1ST,18/05/2026,7,,,,,,,,,,,,,,,,,,,,,,,,,,,,,,,,,,,,,,,,,,,,,,,,
15617631,1281,90642,CALENDAR,REGULAR,Round 7,LEAGUE,2017,Confiança,Local,2ND,18/05/2026,7,,,,,,,,,,,,,,,,,,,,,,,,,,,,,,,,,,,,,,,,,,,,,,,,
15617631,1281,90642,CALENDAR,REGULAR,Round 7,LEAGUE,21858,Maranhão AC,Visita,ALL,18/05/2026,7,1,55%,1.56,,13,2,7,20,369,6,2,3,0,3,1,7,2,8,5,,,0,,,3,314,11,,,24/41 (58%),3/11 (27%),43%,9,43/119 (36%),28/45 (62%),9/14 (64%),,6,10,,20,,2,,,,,7
15617631,1281,90642,CALENDAR,REGULAR,Round 7,LEAGUE,21858,Maranhão AC,Visita,1ST,18/05/2026,7,,,,,,,,,,,,,,,,,,,,,,,,,,,,,,,,,,,,,,,,,,,,,,,,
15617631,1281,90642,CALENDAR,REGULAR,Round 7,LEAGUE,21858,Maranhão AC,Visita,2ND,18/05/2026,7,,,,,,,,,,,,,,,,,,,,,,,,,,,,,,,,,,,,,,,,,,,,,,,,
15617633,1281,90642,CALENDAR,REGULAR,Round 8,LEAGUE,2017,Confiança,Local,ALL,24/05/2026,8,0,54%,1.26,,14,2,9,15,407,1,1,0,0,5,0,6,3,7,7,,,0,,,1,328,34,,,26/47 (55%),11/26 (42%),35%,10,30/94 (32%),22/52 (42%),9/9 (100%),,1,10,,15,,2,,,,,5
15617633,1281,90642,CALENDAR,REGULAR,Round 8,LEAGUE,2017,Confiança,Local,1ST,24/05/2026,8,,,,,,,,,,,,,,,,,,,,,,,,,,,,,,,,,,,,,,,,,,,,,,,,
15617633,1281,90642,CALENDAR,REGULAR,Round 8,LEAGUE,2017,Confiança,Local,2ND,24/05/2026,8,,,,,,,,,,,,,,,,,,,,,,,,,,,,,,,,,,,,,,,,,,,,,,,,
15617633,1281,90642,CALENDAR,REGULAR,Round 8,LEAGUE,1985,Figueirense,Visita,ALL,24/05/2026,8,0,46%,0.30,,10,6,2,10,335,2,5,2,0,2,0,3,5,2,8,,,0,,,3,266,26,,,24/49 (48%),2/11 (18%),40%,13,38/106 (36%),27/53 (51%),10/11 (91%),,2,14,,15,,6,,,,,13
15617633,1281,90642,CALENDAR,REGULAR,Round 8,LEAGUE,1985,Figueirense,Visita,1ST,24/05/2026,8,,,,,,,,,,,,,,,,,,,,,,,,,,,,,,,,,,,,,,,,,,,,,,,,
15617633,1281,90642,CALENDAR,REGULAR,Round 8,LEAGUE,1985,Figueirense,Visita,2ND,24/05/2026,8,,,,,,,,,,,,,,,,,,,,,,,,,,,,,,,,,,,,,,,,,,,,,,,,
15617647,1281,90642,CALENDAR,REGULAR,Round 9,LEAGUE,274286,Floresta,Local,ALL,30/05/2026,9,1,35%,0.60,,16,3,8,13,248,0,1,1,0,5,0,5,6,6,10,,,0,,,2,191,15,,,16/36 (44%),5/9 (55%),35%,2,26/80 (33%),25/64 (39%),9/9 (100%),,0,12,,40,,3,,,,,14
15617647,1281,90642,CALENDAR,REGULAR,Round 9,LEAGUE,274286,Floresta,Local,1ST,30/05/2026,9,,,,,,,,,,,,,,,,,,,,,,,,,,,,,,,,,,,,,,,,,,,,,,,,
15617647,1281,90642,CALENDAR,REGULAR,Round 9,LEAGUE,274286,Floresta,Local,2ND,30/05/2026,9,,,,,,,,,,,,,,,,,,,,,,,,,,,,,,,,,,,,,,,,,,,,,,,,
15617647,1281,90642,CALENDAR,REGULAR,Round 9,LEAGUE,2017,Confiança,Visita,ALL,30/05/2026,9,0,65%,0.68,,21,4,11,8,569,1,5,1,0,3,0,10,8,8,13,,,1,,,1,495,30,,,26/44 (59%),15/32 (46%),46%,2,24/61 (39%),27/48 (56%),15/16 (94%),,1,6,,14,,4,,,,,8
15617647,1281,90642,CALENDAR,REGULAR,Round 9,LEAGUE,2017,Confiança,Visita,1ST,30/05/2026,9,,,,,,,,,,,,,,,,,,,,,,,,,,,,,,,,,,,,,,,,,,,,,,,,
15617647,1281,90642,CALENDAR,REGULAR,Round 9,LEAGUE,2017,Confiança,Visita,2ND,30/05/2026,9,,,,,,,,,,,,,,,,,,,,,,,,,,,,,,,,,,,,,,,,,,,,,,,,
15617654,1281,90642,CALENDAR,REGULAR,Round 10,LEAGUE,6982,Volta Redonda,Local,ALL,14/06/2026,10,1,39%,0.60,,8,6,3,17,260,3,2,3,0,5,0,3,0,4,4,,,2,,,2,186,20,,,17/42 (40%),1/4 (25%),39%,9,42/133 (32%),31/54 (57%),13/23 (57%),,3,17,,44,,6,,,,,21
15617654,1281,90642,CALENDAR,REGULAR,Round 10,LEAGUE,6982,Volta Redonda,Local,1ST,14/06/2026,10,,,,,,,,,,,,,,,,,,,,,,,,,,,,,,,,,,,,,,,,,,,,,,,,
15617654,1281,90642,CALENDAR,REGULAR,Round 10,LEAGUE,6982,Volta Redonda,Local,2ND,14/06/2026,10,,,,,,,,,,,,,,,,,,,,,,,,,,,,,,,,,,,,,,,,,,,,,,,,
15617654,1281,90642,CALENDAR,REGULAR,Round 10,LEAGUE,2017,Confiança,Visita,ALL,14/06/2026,10,0,61%,1.93,,15,4,9,17,492,5,5,2,0,6,0,8,1,9,6,,,2,,,1,405,29,,,34/46 (73%),14/34 (41%),35%,8,49/126 (39%),15/54 (28%),15/22 (68%),,5,19,,13,,4,,,,,2
15617654,1281,90642,CALENDAR,REGULAR,Round 10,LEAGUE,2017,Confiança,Visita,1ST,14/06/2026,10,,,,,,,,,,,,,,,,,,,,,,,,,,,,,,,,,,,,,,,,,,,,,,,,
15617654,1281,90642,CALENDAR,REGULAR,Round 10,LEAGUE,2017,Confiança,Visita,2ND,14/06/2026,10,,,,,,,,,,,,,,,,,,,,,,,,,,,,,,,,,,,,,,,,,,,,,,,,
15617667,1281,90642,CALENDAR,REGULAR,Round 11,LEAGUE,2017,Confiança,Local,ALL,22/06/2026,11,2,42%,1.72,,14,6,8,20,314,4,5,3,1,6,0,7,1,8,6,,,2,,,2,257,10,,,27/42 (64%),7/14 (50%),35%,4,35/97 (36%),11/34 (32%),15/19 (79%),,4,16,,22,,6,,,,,8
15617667,1281,90642,CALENDAR,REGULAR,Round 11,LEAGUE,2017,Confiança,Local,1ST,22/06/2026,11,,,,,,,,,,,,,,,,,,,,,,,,,,,,,,,,,,,,,,,,,,,,,,,,
15617667,1281,90642,CALENDAR,REGULAR,Round 11,LEAGUE,2017,Confiança,Local,2ND,22/06/2026,11,,,,,,,,,,,,,,,,,,,,,,,,,,,,,,,,,,,,,,,,,,,,,,,,
15617667,1281,90642,CALENDAR,REGULAR,Round 11,LEAGUE,1972,Guarani,Visita,ALL,22/06/2026,11,0,58%,1.51,,16,4,4,17,465,2,3,4,1,6,0,5,5,7,9,,,3,,,0,404,15,,,18/36 (50%),6/11 (54%),44%,0,43/110 (39%),24/40 (60%),18/23 (78%),,2,11,,11,,4,,,,,10
15617667,1281,90642,CALENDAR,REGULAR,Round 11,LEAGUE,1972,Guarani,Visita,1ST,22/06/2026,11,,,,,,,,,,,,,,,,,,,,,,,,,,,,,,,,,,,,,,,,,,,,,,,,
15617667,1281,90642,CALENDAR,REGULAR,Round 11,LEAGUE,1972,Guarani,Visita,2ND,22/06/2026,11,,,,,,,,,,,,,,,,,,,,,,,,,,,,,,,,,,,,,,,,,,,,,,,,
15617679,1281,90642,CALENDAR,REGULAR,Round 12,LEAGUE,32766,Ypiranga FC,Local,ALL,28/06/2026,12,1,68%,2.49,,25,1,9,15,504,2,2,1,0,9,1,6,9,14,11,,,1,,,2,399,34,,,38/79 (48%),10/33 (30%),44%,6,46/109 (42%),22/43 (51%),21/23 (91%),,2,6,,16,,1,,,,,10
15617679,1281,90642,CALENDAR,REGULAR,Round 12,LEAGUE,32766,Ypiranga FC,Local,1ST,28/06/2026,12,,,,,,,,,,,,,,,,,,,,,,,,,,,,,,,,,,,,,,,,,,,,,,,,
15617679,1281,90642,CALENDAR,REGULAR,Round 12,LEAGUE,32766,Ypiranga FC,Local,2ND,28/06/2026,12,,,,,,,,,,,,,,,,,,,,,,,,,,,,,,,,,,,,,,,,,,,,,,,,
15617679,1281,90642,CALENDAR,REGULAR,Round 12,LEAGUE,2017,Confiança,Visita,ALL,28/06/2026,12,1,32%,1.14,,11,8,1,10,216,4,3,3,0,2,0,6,3,7,4,,,1,,,2,142,30,,,26/56 (46%),3/13 (23%),31%,11,28/109 (26%),22/48 (46%),5/9 (56%),,4,20,,46,,8,,,,,9
15617679,1281,90642,CALENDAR,REGULAR,Round 12,LEAGUE,2017,Confiança,Visita,1ST,28/06/2026,12,,,,,,,,,,,,,,,,,,,,,,,,,,,,,,,,,,,,,,,,,,,,,,,,
15617679,1281,90642,CALENDAR,REGULAR,Round 12,LEAGUE,2017,Confiança,Visita,2ND,28/06/2026,12,,,,,,,,,,,,,,,,,,,,,,,,,,,,,,,,,,,,,,,,,,,,,,,,
15617683,1281,90642,CALENDAR,REGULAR,Round 13,LEAGUE,2017,Confiança,Local,ALL,04/07/2026,13,1,58%,0.75,,18,2,10,16,389,4,9,0,0,5,0,8,5,10,8,,,1,,,1,311,27,,,17/40 (42%),16/32 (50%),43%,12,58/143 (41%),23/43 (53%),21/24 (88%),,4,19,,19,,2,,,,,7
15617683,1281,90642,CALENDAR,REGULAR,Round 13,LEAGUE,2017,Confiança,Local,1ST,04/07/2026,13,,,,,,,,,,,,,,,,,,,,,,,,,,,,,,,,,,,,,,,,,,,,,,,,
15617683,1281,90642,CALENDAR,REGULAR,Round 13,LEAGUE,2017,Confiança,Local,2ND,04/07/2026,13,,,,,,,,,,,,,,,,,,,,,,,,,,,,,,,,,,,,,,,,,,,,,,,,
15617683,1281,90642,CALENDAR,REGULAR,Round 13,LEAGUE,257673,Barra FC,Visita,ALL,04/07/2026,13,2,42%,1.04,,16,4,2,16,262,1,4,4,1,4,2,7,3,4,12,,,2,,,0,189,23,,,17/36 (47%),2/6 (33%),33%,10,42/138 (30%),17/40 (43%),12/16 (75%),,1,15,,21,,4,,,,,15
15617683,1281,90642,CALENDAR,REGULAR,Round 13,LEAGUE,257673,Barra FC,Visita,1ST,04/07/2026,13,,,,,,,,,,,,,,,,,,,,,,,,,,,,,,,,,,,,,,,,,,,,,,,,
15617683,1281,90642,CALENDAR,REGULAR,Round 13,LEAGUE,257673,Barra FC,Visita,2ND,04/07/2026,13,,,,,,,,,,,,,,,,,,,,,,,,,,,,,,,,,,,,,,,,,,,,,,,,
15617705,1281,90642,CALENDAR,REGULAR,Round 14,LEAGUE,49196,Botafogo-PB,Local,ALL,12/07/2026,14,2,51%,1.05,,14,3,5,10,428,4,0,1,0,2,0,8,4,5,9,,,1,,,1,364,18,,,15/35 (42%),11/26 (42%),36%,7,29/89 (33%),13/25 (52%),9/10 (90%),,4,16,,20,,3,,,,,10
15617705,1281,90642,CALENDAR,REGULAR,Round 14,LEAGUE,49196,Botafogo-PB,Local,1ST,12/07/2026,14,,,,,,,,,,,,,,,,,,,,,,,,,,,,,,,,,,,,,,,,,,,,,,,,
15617705,1281,90642,CALENDAR,REGULAR,Round 14,LEAGUE,49196,Botafogo-PB,Local,2ND,12/07/2026,14,,,,,,,,,,,,,,,,,,,,,,,,,,,,,,,,,,,,,,,,,,,,,,,,
15617705,1281,90642,CALENDAR,REGULAR,Round 14,LEAGUE,2017,Confiança,Visita,ALL,12/07/2026,14,0,49%,0.52,,7,0,8,8,383,0,5,0,0,3,0,3,1,2,5,,,3,,,1,324,12,,,18/30 (60%),5/18 (27%),40%,5,29/78 (37%),17/35 (49%),9/11 (82%),,0,19,,12,,0,,,,,12
15617705,1281,90642,CALENDAR,REGULAR,Round 14,LEAGUE,2017,Confiança,Visita,1ST,12/07/2026,14,,,,,,,,,,,,,,,,,,,,,,,,,,,,,,,,,,,,,,,,,,,,,,,,
15617705,1281,90642,CALENDAR,REGULAR,Round 14,LEAGUE,2017,Confiança,Visita,2ND,12/07/2026,14,,,,,,,,,,,,,,,,,,,,,,,,,,,,,,,,,,,,,,,,,,,,,,,,
15617708,1281,90642,CALENDAR,REGULAR,Round 15,LEAGUE,2017,Confiança,Local,ALL,25/07/2026,15,1,70%,0.56,,7,1,3,13,507,0,5,1,0,2,0,5,0,4,3,,,1,,,1,440,21,,,26/41 (63%),3/15 (20%),48%,8,47/108 (44%),27/46 (59%),8/19 (42%),,0,9,,11,,1,,,,,4
15617708,1281,90642,CALENDAR,REGULAR,Round 15,LEAGUE,2017,Confiança,Local,1ST,25/07/2026,15,,,,,,,,,,,,,,,,,,,,,,,,,,,,,,,,,,,,,,,,,,,,,,,,
15617708,1281,90642,CALENDAR,REGULAR,Round 15,LEAGUE,2017,Confiança,Local,2ND,25/07/2026,15,,,,,,,,,,,,,,,,,,,,,,,,,,,,,,,,,,,,,,,,,,,,,,,,
15617708,1281,90642,CALENDAR,REGULAR,Round 15,LEAGUE,21853,AO Itabaiana,Visita,ALL,25/07/2026,15,1,30%,0.60,,7,1,7,17,233,4,4,1,0,2,0,2,3,4,3,,,2,,,3,174,17,,,21/40 (52%),6/14 (42%),50%,7,59/109 (54%),17/43 (40%),3/10 (30%),,4,15,,14,,1,,,,,11
15617708,1281,90642,CALENDAR,REGULAR,Round 15,LEAGUE,21853,AO Itabaiana,Visita,1ST,25/07/2026,15,,,,,,,,,,,,,,,,,,,,,,,,,,,,,,,,,,,,,,,,,,,,,,,,
15617708,1281,90642,CALENDAR,REGULAR,Round 15,LEAGUE,21853,AO Itabaiana,Visita,2ND,25/07/2026,15,,,,,,,,,,,,,,,,,,,,,,,,,,,,,,,,,,,,,,,,,,,,,,,,
16503426,1281,90642,CALENDAR,REGULAR,Round 16,LEAGUE,1997,Paysandu SC,Local,ALL,10/08/2026,16,2,,,,,,,,,,,3,0,,,,,,,,,,,,,,,,,,,,,,,,,,,,,,,,,,,
16503426,1281,90642,CALENDAR,REGULAR,Round 16,LEAGUE,1997,Paysandu SC,Local,1ST,10/08/2026,16,,,,,,,,,,,,,,,,,,,,,,,,,,,,,,,,,,,,,,,,,,,,,,,,
16503426,1281,90642,CALENDAR,REGULAR,Round 16,LEAGUE,1997,Paysandu SC,Local,2ND,10/08/2026,16,,,,,,,,,,,,,,,,,,,,,,,,,,,,,,,,,,,,,,,,,,,,,,,,
16503426,1281,90642,CALENDAR,REGULAR,Round 16,LEAGUE,2017,Confiança,Visita,ALL,10/08/2026,16,1,,,,,,,,,,,3,0,,,,,,,,,,,,,,,,,,,,,,,,,,,,,,,,,,,
16503426,1281,90642,CALENDAR,REGULAR,Round 16,LEAGUE,2017,Confiança,Visita,1ST,10/08/2026,16,,,,,,,,,,,,,,,,,,,,,,,,,,,,,,,,,,,,,,,,,,,,,,,,
16503426,1281,90642,CALENDAR,REGULAR,Round 16,LEAGUE,2017,Confiança,Visita,2ND,10/08/2026,16,,,,,,,,,,,,,,,,,,,,,,,,,,,,,,,,,,,,,,,,,,,,,,,,