Event_ID,Competition_ID,Season_ID,Season_Format,Competition_Phase,Competition_Stage,Competition_Type,Team_ID,Equipo,Condicion,Tiempo,Fecha,Jornada,Goals,Ball possession,Expected goals,Big chances,Total shots,Goalkeeper saves,Corner kicks,Fouls,Passes,Tackles,Free kicks,Yellow cards,Red cards,Shots on target,Hit woodwork,Shots off target,Blocked shots,Shots inside box,Shots outside box,Big chances scored,Big chances missed,Through balls,Touches in penalty area,Fouled in final third,Offsides,Accurate passes,Throw-ins,Final third entries,Final third phase,Long balls,Crosses,Duels,Dispossessed,Ground duels,Aerial duels,Dribbles,Tackles won,Total tackles,Interceptions,Recoveries,Clearances,Errors lead to a shot,Total saves,Goals prevented,Big saves,High claims,Punches,Goal kicks
9603257,54,37225,NORMAL,REGULAR,Round 1,LEAGUE,6195,SD Ponferradina,Local,ALL,14/08/2021,1,1,49%,0.00,2,6,3,3,13,383,18,12,2,0,2,0,3,1,5,1,1,1,1,,4,1,278,14,69,,32/80 (40%),0/9 (0%),42%,4,33/77 (43%),21/53 (40%),4/17 (24%),78%,18,8,,18,,3,,,,,8
9603257,54,37225,NORMAL,REGULAR,Round 1,LEAGUE,6195,SD Ponferradina,Local,1ST,14/08/2021,1,0,48%,0.00,0,1,2,1,,201,9,7,0,0,0,0,1,0,0,1,0,0,1,,1,0,153,7,41,,17/41 (41%),0/5 (0%),42%,2,18/38 (47%),8/24 (33%),2/9 (22%),56%,9,5,,6,,2,,,,,4
9603257,54,37225,NORMAL,REGULAR,Round 1,LEAGUE,6195,SD Ponferradina,Local,2ND,14/08/2021,1,,51%,0.00,2,5,1,2,,182,9,5,2,0,2,0,2,1,5,0,1,1,0,,3,1,125,7,28,,15/39 (38%),0/4 (0%),41%,2,15/39 (38%),13/29 (45%),2/8 (25%),100%,9,3,,12,,1,,,,,4
9603257,54,37225,NORMAL,REGULAR,Round 1,LEAGUE,24322,AD Alcorcón,Visita,ALL,14/08/2021,1,0,51%,0.00,1,11,1,7,12,382,17,13,2,1,3,0,6,2,7,4,0,1,1,,2,0,277,30,62,,25/54 (46%),8/22 (36%),58%,10,44/77 (57%),32/53 (60%),14/22 (64%),59%,17,7,,8,,1,,,,,8
9603257,54,37225,NORMAL,REGULAR,Round 1,LEAGUE,24322,AD Alcorcón,Visita,1ST,14/08/2021,1,0,52%,0.00,0,7,0,4,,214,9,7,1,0,2,0,5,0,5,2,0,0,1,,1,0,161,18,36,,14/26 (54%),4/9 (44%),58%,6,20/38 (53%),16/24 (67%),4/7 (57%),56%,9,4,,5,,0,,,,,4
9603257,54,37225,NORMAL,REGULAR,Round 1,LEAGUE,24322,AD Alcorcón,Visita,2ND,14/08/2021,1,,49%,0.00,1,4,1,3,,168,8,6,1,1,1,0,1,2,2,2,0,1,0,,1,0,116,12,26,,11/28 (39%),4/13 (31%),59%,4,24/39 (62%),16/29 (55%),10/15 (67%),63%,8,3,,3,,1,,,,,4
9603896,54,37225,NORMAL,REGULAR,Round 2,LEAGUE,24322,AD Alcorcón,Local,ALL,21/08/2021,2,0,63%,0.00,1,16,3,3,13,465,13,10,,,5,1,7,4,11,5,0,1,0,,2,,373,28,52,,28/55 (51%),11/22 (50%),45%,9,34/84 (40%),27/52 (52%),11/27 (41%),62%,13,9,,9,,3,,,,,6
9603896,54,37225,NORMAL,REGULAR,Round 2,LEAGUE,24322,AD Alcorcón,Local,1ST,21/08/2021,2,0,60%,0.00,1,6,2,1,,229,5,6,,,1,0,3,2,5,1,0,1,0,,0,,177,14,21,,14/30 (47%),5/11 (45%),43%,6,18/46 (39%),15/30 (50%),7/16 (44%),100%,5,5,,4,,2,,,,,6
9603896,54,37225,NORMAL,REGULAR,Round 2,LEAGUE,24322,AD Alcorcón,Local,2ND,21/08/2021,2,,66%,0.00,0,10,1,2,,236,8,4,,,4,1,4,2,6,4,0,0,0,,2,,196,14,31,,14/25 (56%),6/11 (55%),47%,3,16/38 (42%),12/22 (55%),4/11 (36%),38%,8,4,,5,,1,,,,,0
9603896,54,37225,NORMAL,REGULAR,Round 2,LEAGUE,35097,CF Fuenlabrada,Visita,ALL,21/08/2021,2,2,37%,0.00,3,12,5,1,11,282,25,13,,,5,1,2,5,6,6,1,2,2,,3,,173,22,60,,21/66 (32%),2/7 (29%),55%,3,50/84 (60%),25/52 (48%),12/22 (55%),60%,25,12,,17,,5,,,,,10
9603896,54,37225,NORMAL,REGULAR,Round 2,LEAGUE,35097,CF Fuenlabrada,Visita,1ST,21/08/2021,2,0,40%,0.00,0,5,1,0,,161,15,7,,,2,0,1,2,1,4,0,0,0,,1,,99,9,40,,14/40 (35%),1/3 (33%),57%,2,28/46 (61%),15/30 (50%),6/9 (67%),47%,15,10,,7,,1,,,,,5
9603896,54,37225,NORMAL,REGULAR,Round 2,LEAGUE,35097,CF Fuenlabrada,Visita,2ND,21/08/2021,2,,34%,0.00,3,7,4,1,,121,10,6,,,3,1,1,3,5,2,1,2,2,,2,,74,13,20,,7/26 (27%),1/4 (25%),53%,1,22/38 (58%),10/22 (45%),6/13 (46%),80%,10,2,,10,,4,,,,,5
9603879,54,37225,NORMAL,REGULAR,Round 3,LEAGUE,2830,Málaga CF,Local,ALL,27/08/2021,3,1,53%,0.00,2,19,3,6,26,319,24,13,3,1,7,1,10,2,9,10,,2,1,,5,4,245,17,57,,30/68 (44%),3/27 (11%),46%,7,42/93 (45%),16/34 (47%),6/14 (43%),67%,24,8,,22,,3,,,,,7
9603879,54,37225,NORMAL,REGULAR,Round 3,LEAGUE,2830,Málaga CF,Local,1ST,27/08/2021,3,1,57%,0.00,1,9,1,4,,177,11,7,0,0,5,0,3,1,6,3,,1,0,,4,2,143,6,29,,18/33 (55%),1/18 (6%),53%,3,21/38 (55%),8/17 (47%),3/7 (43%),64%,11,5,,9,,1,,,,,4
9603879,54,37225,NORMAL,REGULAR,Round 3,LEAGUE,2830,Málaga CF,Local,2ND,27/08/2021,3,,49%,0.00,1,10,2,2,,142,13,6,3,1,2,1,7,1,3,7,,1,1,,1,2,102,11,28,,12/35 (34%),2/9 (22%),40%,4,21/55 (38%),8/17 (47%),3/7 (43%),69%,13,3,,13,,2,,,,,3
9603879,54,37225,NORMAL,REGULAR,Round 3,LEAGUE,24322,AD Alcorcón,Visita,ALL,27/08/2021,3,0,47%,0.00,0,11,6,2,14,292,15,26,4,0,3,0,5,3,2,9,,0,0,,3,0,223,22,35,,25/46 (54%),1/15 (7%),54%,19,51/93 (55%),18/34 (53%),11/16 (69%),73%,15,3,,27,,6,,,,,14
9603879,54,37225,NORMAL,REGULAR,Round 3,LEAGUE,24322,AD Alcorcón,Visita,1ST,27/08/2021,3,0,43%,0.00,0,7,4,1,,142,7,7,3,0,1,0,3,3,2,5,,0,0,,0,0,106,12,16,,11/23 (48%),1/5 (20%),47%,9,17/38 (45%),9/17 (53%),3/5 (60%),71%,7,2,,19,,4,,,,,6
9603879,54,37225,NORMAL,REGULAR,Round 3,LEAGUE,24322,AD Alcorcón,Visita,2ND,27/08/2021,3,,51%,0.00,0,4,2,1,,150,8,19,1,0,2,0,2,0,0,4,,0,0,,3,0,117,10,19,,14/23 (61%),0/10 (0%),60%,10,34/55 (62%),9/17 (53%),8/11 (73%),75%,8,1,,8,,2,,,,,8
9603870,54,37225,NORMAL,REGULAR,Round 4,LEAGUE,24322,AD Alcorcón,Local,ALL,05/09/2021,4,1,38%,0.00,2,8,2,4,12,288,14,11,2,,2,1,5,1,5,3,1,1,0,,1,0,182,28,58,,29/75 (39%),6/16 (38%),50%,8,29/61 (48%),24/45 (53%),5/13 (38%),71%,14,4,,17,,2,,,,,16
9603870,54,37225,NORMAL,REGULAR,Round 4,LEAGUE,24322,AD Alcorcón,Local,1ST,05/09/2021,4,1,39%,0.00,1,6,2,2,,158,9,5,0,,2,1,3,1,4,2,1,0,0,,0,0,102,12,29,,12/42 (29%),4/7 (57%),55%,4,16/30 (53%),11/19 (58%),3/6 (50%),78%,9,1,,4,,2,,,,,10
9603870,54,37225,NORMAL,REGULAR,Round 4,LEAGUE,24322,AD Alcorcón,Local,2ND,05/09/2021,4,,37%,0.00,1,2,0,2,,130,5,6,2,,0,0,2,0,1,1,0,1,0,,1,0,80,16,29,,17/33 (52%),2/9 (22%),46%,4,13/31 (42%),13/26 (50%),2/7 (29%),60%,5,3,,13,,0,,,,,6
9603870,54,37225,NORMAL,REGULAR,Round 4,LEAGUE,2815,Real Zaragoza,Visita,ALL,05/09/2021,4,2,62%,0.00,3,15,1,4,11,474,16,11,2,,4,0,8,3,11,4,2,1,1,,4,4,376,21,78,,42/82 (51%),7/21 (33%),50%,11,32/61 (52%),21/45 (47%),5/8 (63%),75%,16,5,,23,,1,,,,,8
9603870,54,37225,NORMAL,REGULAR,Round 4,LEAGUE,2815,Real Zaragoza,Visita,1ST,05/09/2021,4,0,61%,0.00,1,8,1,0,,249,7,3,0,,2,0,5,1,5,3,0,1,1,,0,4,204,8,37,,18/38 (47%),2/6 (33%),45%,6,14/30 (47%),8/19 (42%),4/7 (57%),57%,7,2,,9,,1,,,,,5
9603870,54,37225,NORMAL,REGULAR,Round 4,LEAGUE,2815,Real Zaragoza,Visita,2ND,05/09/2021,4,,63%,0.00,2,7,0,4,,225,9,8,2,,2,0,3,2,6,1,2,0,0,,4,0,172,13,41,,24/44 (55%),5/15 (33%),54%,5,18/31 (58%),13/26 (50%),1/1 (100%),89%,9,3,,14,,0,,,,,3
9603902,54,37225,NORMAL,REGULAR,Round 5,LEAGUE,35092,Mirandés,Local,ALL,11/09/2021,5,1,58%,0.00,1,15,3,6,9,511,17,13,4,1,7,0,3,5,10,5,1,0,,,2,1,438,24,72,,25/55 (45%),0/18 (0%),47%,10,43/77 (56%),7/30 (23%),13/23 (57%),88%,17,3,,19,,3,,,,,8
9603902,54,37225,NORMAL,REGULAR,Round 5,LEAGUE,35092,Mirandés,Local,1ST,11/09/2021,5,1,47%,0.00,1,9,1,2,,215,12,7,2,0,4,0,2,3,8,1,1,0,,,1,0,172,11,37,,16/35 (46%),0/6 (0%),50%,6,23/41 (56%),6/17 (35%),4/6 (67%),83%,12,3,,16,,1,,,,,2
9603902,54,37225,NORMAL,REGULAR,Round 5,LEAGUE,35092,Mirandés,Local,2ND,11/09/2021,5,0,68%,0.00,0,6,2,4,,296,5,6,2,1,3,0,1,2,2,4,0,0,,,1,1,266,13,35,,9/20 (45%),0/12 (0%),43%,4,20/36 (56%),1/13 (8%),9/17 (53%),100%,5,0,,3,,2,,,,,6
9603902,54,37225,NORMAL,REGULAR,Round 5,LEAGUE,24322,AD Alcorcón,Visita,ALL,11/09/2021,5,3,42%,0.00,3,13,6,2,16,372,20,9,3,0,6,0,7,0,9,4,2,1,,,3,0,303,15,43,,21/36 (58%),9/20 (45%),53%,11,34/77 (44%),23/30 (77%),6/12 (50%),60%,20,15,,23,,6,,,,,4
9603902,54,37225,NORMAL,REGULAR,Round 5,LEAGUE,24322,AD Alcorcón,Visita,1ST,11/09/2021,5,1,53%,0.00,1,4,3,1,,232,8,5,1,0,2,0,2,0,2,2,1,0,,,1,0,189,11,22,,8/17 (47%),3/12 (25%),50%,8,18/41 (44%),11/17 (65%),5/9 (56%),75%,8,9,,7,,3,,,,,1
9603902,54,37225,NORMAL,REGULAR,Round 5,LEAGUE,24322,AD Alcorcón,Visita,2ND,11/09/2021,5,2,32%,0.00,2,9,3,1,,140,12,4,2,0,4,0,5,0,7,2,1,1,,,2,0,114,4,21,,13/19 (68%),6/8 (75%),57%,3,16/36 (44%),12/13 (92%),1/3 (33%),50%,12,6,,16,,3,,,,,3
9603894,54,37225,NORMAL,REGULAR,Round 6,LEAGUE,24322,AD Alcorcón,Local,ALL,17/09/2021,6,0,54%,0.00,1,10,2,5,14,447,14,7,4,,1,1,6,3,9,1,0,1,0,,0,3,351,25,52,,20/64 (31%),8/22 (36%),41%,13,27/69 (39%),17/38 (45%),6/11 (55%),57%,14,11,,9,,2,,,,,7
9603894,54,37225,NORMAL,REGULAR,Round 6,LEAGUE,24322,AD Alcorcón,Local,1ST,17/09/2021,6,0,50%,0.00,0,4,1,1,,207,5,3,1,,1,0,3,0,4,0,0,0,0,,0,1,163,11,21,,10/33 (30%),4/7 (57%),36%,5,9/28 (32%),8/19 (42%),1/4 (25%),40%,5,6,,6,,1,,,,,2
9603894,54,37225,NORMAL,REGULAR,Round 6,LEAGUE,24322,AD Alcorcón,Local,2ND,17/09/2021,6,,59%,0.00,1,6,1,4,,240,9,4,3,,0,1,3,3,5,1,0,1,0,,0,2,188,14,31,,10/31 (32%),4/15 (27%),45%,8,18/41 (44%),9/19 (47%),5/7 (71%),67%,9,5,,3,,1,,,,,5
9603894,54,37225,NORMAL,REGULAR,Round 6,LEAGUE,2858,Almería,Visita,ALL,17/09/2021,6,4,46%,0.00,4,16,1,2,7,385,18,14,2,,5,2,7,4,13,3,1,3,3,,3,7,299,17,55,,30/60 (50%),3/9 (33%),59%,7,42/69 (61%),21/38 (55%),11/18 (61%),67%,18,19,,16,,1,,,,,7
9603894,54,37225,NORMAL,REGULAR,Round 6,LEAGUE,2858,Almería,Visita,1ST,17/09/2021,6,3,50%,0.00,4,8,1,2,,208,8,8,1,,3,2,3,2,7,1,1,3,2,,1,3,169,9,28,,17/29 (59%),2/7 (29%),64%,1,19/28 (68%),11/19 (58%),4/8 (50%),50%,8,10,,6,,1,,,,,3
9603894,54,37225,NORMAL,REGULAR,Round 6,LEAGUE,2858,Almería,Visita,2ND,17/09/2021,6,,41%,0.00,0,8,0,0,,177,10,6,1,,2,0,4,2,6,2,0,0,1,,2,4,130,8,27,,13/31 (42%),1/2 (50%),55%,6,23/41 (56%),10/19 (53%),7/10 (70%),80%,10,9,,10,,0,,,,,4
9603965,54,37225,NORMAL,REGULAR,Round 7,LEAGUE,2831,Real Valladolid,Local,ALL,26/09/2021,7,2,59%,0.00,4,19,4,10,11,534,18,8,2,,8,0,8,3,14,5,1,3,1,,1,0,455,24,72,,41/58 (71%),9/34 (26%),52%,4,37/68 (54%),11/24 (46%),12/20 (60%),61%,18,8,,7,,4,,,,,4
9603965,54,37225,NORMAL,REGULAR,Round 7,LEAGUE,2831,Real Valladolid,Local,1ST,26/09/2021,7,1,58%,0.00,1,9,2,8,,245,7,2,1,,1,0,5,3,5,4,1,0,0,,0,0,206,9,38,,18/24 (75%),5/19 (26%),48%,0,12/27 (44%),7/13 (54%),3/9 (33%),71%,7,6,,4,,2,,,,,1
9603965,54,37225,NORMAL,REGULAR,Round 7,LEAGUE,2831,Real Valladolid,Local,2ND,26/09/2021,7,,60%,0.00,3,10,2,2,,289,11,6,1,,7,0,3,0,9,1,0,3,1,,1,0,249,15,34,,23/34 (68%),4/15 (27%),56%,4,25/41 (61%),4/11 (36%),9/11 (82%),55%,11,2,,3,,2,,,,,3
9603965,54,37225,NORMAL,REGULAR,Round 7,LEAGUE,24322,AD Alcorcón,Visita,ALL,26/09/2021,7,0,41%,0.00,2,10,6,0,9,392,12,11,1,,4,1,2,4,6,4,0,2,0,,0,2,315,17,37,,29/61 (48%),2/6 (33%),48%,13,31/68 (46%),13/24 (54%),8/13 (62%),67%,12,13,,30,,6,,,,,16
9603965,54,37225,NORMAL,REGULAR,Round 7,LEAGUE,24322,AD Alcorcón,Visita,1ST,26/09/2021,7,0,42%,0.00,2,5,0,0,,190,6,5,0,,2,1,1,2,4,1,0,2,0,,0,1,141,13,13,,9/27 (33%),1/4 (25%),52%,6,15/27 (56%),6/13 (46%),4/5 (80%),50%,6,5,,15,,0,,,,,10
9603965,54,37225,NORMAL,REGULAR,Round 7,LEAGUE,24322,AD Alcorcón,Visita,2ND,26/09/2021,7,,40%,0.00,0,5,6,0,,202,6,6,1,,2,0,1,2,2,3,0,0,0,,0,1,174,4,24,,20/34 (59%),1/2 (50%),44%,7,16/41 (39%),7/11 (64%),4/8 (50%),83%,6,8,,15,,6,,,,,6
9603966,54,37225,NORMAL,REGULAR,Round 8,LEAGUE,24322,AD Alcorcón,Local,ALL,02/10/2021,8,1,62%,0.00,2,15,3,5,9,561,14,9,5,,6,1,7,2,9,6,1,1,0,,3,3,493,25,55,,42/61 (69%),6/27 (22%),49%,6,31/71 (44%),13/19 (68%),8/19 (42%),14%,14,12,,10,,3,,,,,1
9603966,54,37225,NORMAL,REGULAR,Round 8,LEAGUE,24322,AD Alcorcón,Local,1ST,02/10/2021,8,1,61%,0.00,1,5,2,1,,297,5,3,3,,2,0,2,1,3,2,1,0,0,,1,1,267,10,23,,14/25 (56%),2/8 (25%),45%,2,11/29 (38%),6/9 (67%),3/8 (38%),0%,5,6,,5,,2,,,,,0
9603966,54,37225,NORMAL,REGULAR,Round 8,LEAGUE,24322,AD Alcorcón,Local,2ND,02/10/2021,8,,63%,0.00,1,10,1,4,,264,9,6,2,,4,1,5,1,6,4,0,1,0,,2,2,226,15,32,,28/36 (78%),4/19 (21%),52%,4,20/42 (48%),7/10 (70%),5/11 (45%),22%,9,6,,5,,1,,,,,1
9603966,54,37225,NORMAL,REGULAR,Round 8,LEAGUE,24360,Real Sociedad B,Visita,ALL,02/10/2021,8,4,38%,0.00,3,10,5,3,10,348,17,9,0,,7,0,3,0,5,5,3,0,1,,2,0,263,13,42,,17/51 (33%),1/9 (11%),51%,6,40/71 (56%),6/19 (32%),14/22 (64%),47%,17,2,,29,,5,,,,,8
9603966,54,37225,NORMAL,REGULAR,Round 8,LEAGUE,24360,Real Sociedad B,Visita,1ST,02/10/2021,8,2,39%,0.00,1,5,1,2,,187,7,4,0,,4,0,1,0,2,3,1,0,1,,1,0,153,7,20,,9/22 (41%),1/5 (20%),55%,3,18/29 (62%),3/9 (33%),7/9 (78%),57%,7,1,,12,,1,,,,,2
9603966,54,37225,NORMAL,REGULAR,Round 8,LEAGUE,24360,Real Sociedad B,Visita,2ND,02/10/2021,8,,37%,0.00,2,5,4,1,,161,10,5,0,,3,0,2,0,3,2,2,0,0,,1,0,110,6,22,,8/29 (28%),0/4 (0%),48%,3,22/42 (52%),3/10 (30%),7/13 (54%),40%,10,1,,17,,4,,,,,6
9603942,54,37225,NORMAL,REGULAR,Round 9,LEAGUE,24322,AD Alcorcón,Local,ALL,10/10/2021,9,1,58%,0.00,1,12,0,7,21,471,22,13,1,,4,1,7,1,8,4,,1,,,2,0,381,17,54,,26/66 (39%),2/16 (13%),47%,6,40/78 (51%),16/40 (40%),5/13 (38%),41%,22,11,,17,,0,,,,,7
9603942,54,37225,NORMAL,REGULAR,Round 9,LEAGUE,24322,AD Alcorcón,Local,1ST,10/10/2021,9,0,56%,0.00,1,5,0,2,,222,14,6,1,,1,1,4,0,4,1,,1,,,1,0,171,9,18,,14/34 (41%),1/9 (11%),54%,2,24/38 (63%),8/21 (38%),4/4 (100%),43%,14,6,,10,,0,,,,,4
9603942,54,37225,NORMAL,REGULAR,Round 9,LEAGUE,24322,AD Alcorcón,Local,2ND,10/10/2021,9,,59%,0.00,0,7,0,5,,249,8,7,0,,3,0,3,1,4,3,,0,,,1,0,210,8,36,,12/32 (38%),1/7 (14%),41%,4,16/40 (40%),8/19 (42%),1/9 (11%),38%,8,5,,7,,0,,,,,3
9603942,54,37225,NORMAL,REGULAR,Round 9,LEAGUE,2854,Burgos Club de Fútbol,Visita,ALL,10/10/2021,9,0,42%,0.00,0,4,3,6,13,335,14,20,3,,0,0,3,1,3,1,,0,,,5,1,252,27,80,,37/72 (51%),4/19 (21%),53%,11,38/78 (49%),24/40 (60%),5/16 (31%),43%,14,7,,16,,3,,,,,9
9603942,54,37225,NORMAL,REGULAR,Round 9,LEAGUE,2854,Burgos Club de Fútbol,Visita,1ST,10/10/2021,9,0,44%,0.00,0,2,1,5,,167,2,10,3,,0,0,1,1,1,1,,0,,,1,1,121,13,46,,21/40 (53%),2/10 (20%),46%,7,14/38 (37%),13/21 (62%),3/10 (30%),0%,2,3,,9,,1,,,,,3
9603942,54,37225,NORMAL,REGULAR,Round 9,LEAGUE,2854,Burgos Club de Fútbol,Visita,2ND,10/10/2021,9,,41%,0.00,0,2,2,1,,168,12,10,0,,0,0,2,0,2,0,,0,,,4,0,131,14,34,,16/32 (50%),2/9 (22%),59%,4,24/40 (60%),11/19 (58%),2/6 (33%),50%,12,4,,7,,2,,,,,6
9603834,54,37225,NORMAL,REGULAR,Round 10,LEAGUE,2852,Sporting Gijón,Local,ALL,16/10/2021,10,1,47%,0.00,5,19,2,7,13,401,21,14,2,0,9,0,6,4,15,4,1,4,1,,4,3,314,15,57,,25/55 (45%),6/23 (26%),57%,10,47/89 (53%),18/26 (69%),12/19 (63%),48%,21,7,,18,,2,,,,,2
9603834,54,37225,NORMAL,REGULAR,Round 10,LEAGUE,2852,Sporting Gijón,Local,1ST,16/10/2021,10,0,42%,0.00,2,5,2,3,,180,8,5,2,0,3,0,2,0,4,1,0,2,0,,2,0,143,6,28,,13/22 (59%),2/8 (25%),50%,8,22/51 (43%),11/15 (73%),9/15 (60%),50%,8,3,,12,,2,,,,,1
9603834,54,37225,NORMAL,REGULAR,Round 10,LEAGUE,2852,Sporting Gijón,Local,2ND,16/10/2021,10,,53%,0.00,3,14,0,4,,221,13,9,0,0,6,0,4,4,11,3,1,2,1,,2,3,171,9,29,,12/33 (36%),4/15 (27%),65%,2,25/38 (66%),7/11 (64%),3/4 (75%),46%,13,4,,6,,0,,,,,1
9603834,54,37225,NORMAL,REGULAR,Round 10,LEAGUE,24322,AD Alcorcón,Visita,ALL,16/10/2021,10,0,53%,0.00,0,8,8,6,16,459,17,12,4,1,2,1,3,3,3,5,0,0,0,,0,3,362,24,33,,34/68 (50%),3/19 (16%),43%,13,42/89 (47%),8/26 (31%),13/21 (62%),41%,17,10,,14,,8,,,,,13
9603834,54,37225,NORMAL,REGULAR,Round 10,LEAGUE,24322,AD Alcorcón,Visita,1ST,16/10/2021,10,0,58%,0.00,0,4,3,4,,251,14,9,3,0,2,0,2,0,2,2,0,0,0,,0,1,205,12,20,,17/32 (53%),2/13 (15%),50%,5,29/51 (57%),4/15 (27%),6/9 (67%),50%,14,5,,4,,3,,,,,6
9603834,54,37225,NORMAL,REGULAR,Round 10,LEAGUE,24322,AD Alcorcón,Visita,2ND,16/10/2021,10,,47%,0.00,0,4,5,2,,208,3,3,1,1,0,1,1,3,1,3,0,0,0,,0,2,157,12,13,,17/36 (47%),1/6 (17%),35%,8,13/38 (34%),4/11 (36%),7/12 (58%),0%,3,5,,10,,5,,,,,7
9603841,54,37225,NORMAL,REGULAR,Round 11,LEAGUE,24322,AD Alcorcón,Local,ALL,20/10/2021,11,3,49%,0.00,2,8,8,2,15,411,12,15,4,,5,0,2,1,4,4,2,0,0,,2,1,325,15,46,,42/68 (62%),6/17 (35%),48%,12,32/71 (45%),14/25 (56%),5/10 (50%),58%,12,13,,18,,8,,,,,13
9603841,54,37225,NORMAL,REGULAR,Round 11,LEAGUE,24322,AD Alcorcón,Local,1ST,20/10/2021,11,2,49%,0.00,2,5,6,1,,200,6,7,1,,4,0,0,1,3,2,2,0,0,,1,0,158,5,18,,20/31 (65%),3/5 (60%),46%,9,17/41 (41%),8/13 (62%),4/6 (67%),67%,6,6,,12,,6,,,,,8
9603841,54,37225,NORMAL,REGULAR,Round 11,LEAGUE,24322,AD Alcorcón,Local,2ND,20/10/2021,11,,50%,0.00,0,3,2,1,,211,6,8,3,,1,0,2,0,1,2,0,0,0,,1,1,167,10,28,,22/37 (59%),3/12 (25%),50%,3,15/30 (50%),6/12 (50%),1/4 (25%),50%,6,7,,6,,2,,,,,5
9603841,54,37225,NORMAL,REGULAR,Round 11,LEAGUE,2845,Leganés,Visita,ALL,20/10/2021,11,3,51%,0.00,7,22,2,4,15,415,17,13,2,,11,2,5,6,13,9,3,4,1,,3,0,328,31,55,,27/55 (49%),6/22 (27%),52%,8,39/71 (55%),11/25 (44%),9/13 (69%),76%,17,12,,17,,2,,,,,3
9603841,54,37225,NORMAL,REGULAR,Round 11,LEAGUE,2845,Leganés,Visita,1ST,20/10/2021,11,2,51%,0.00,4,14,2,4,,205,11,5,0,,8,2,2,4,8,6,2,2,1,,1,0,169,19,23,,14/23 (61%),3/14 (21%),54%,3,24/41 (59%),5/13 (38%),8/11 (73%),82%,11,8,,5,,2,,,,,0
9603841,54,37225,NORMAL,REGULAR,Round 11,LEAGUE,2845,Leganés,Visita,2ND,20/10/2021,11,,50%,0.00,3,8,0,0,,210,6,8,2,,3,0,3,2,5,3,1,2,0,,2,0,159,12,32,,13/32 (41%),3/8 (38%),50%,5,15/30 (50%),6/12 (50%),1/2 (50%),67%,6,4,,12,,0,,,,,3
9603822,54,37225,NORMAL,REGULAR,Round 12,LEAGUE,6577,UD Las Palmas,Local,ALL,24/10/2021,12,3,66%,0.00,2,23,1,9,17,569,22,11,0,0,11,0,10,2,12,11,1,1,,,2,4,489,18,59,,24/36 (67%),5/16 (31%),49%,9,40/85 (47%),14/26 (54%),7/17 (41%),68%,22,10,,6,,1,,,,,2
9603822,54,37225,NORMAL,REGULAR,Round 12,LEAGUE,6577,UD Las Palmas,Local,1ST,24/10/2021,12,1,71%,0.00,0,10,1,4,,333,11,7,0,0,4,0,6,0,4,6,0,0,,,0,1,285,11,33,,15/21 (71%),3/9 (33%),53%,4,25/46 (54%),5/11 (45%),7/12 (58%),73%,11,4,,0,,1,,,,,0
9603822,54,37225,NORMAL,REGULAR,Round 12,LEAGUE,6577,UD Las Palmas,Local,2ND,24/10/2021,12,,60%,0.00,2,13,0,5,,236,11,4,0,0,7,0,4,2,8,5,1,1,,,2,3,204,7,26,,9/15 (60%),2/7 (29%),44%,5,15/39 (38%),9/15 (60%),0/5 (0%),64%,11,6,,6,,0,,,,,2
9603822,54,37225,NORMAL,REGULAR,Round 12,LEAGUE,24322,AD Alcorcón,Visita,ALL,24/10/2021,12,0,34%,0.00,0,2,8,2,11,295,19,17,1,1,1,0,1,0,1,1,0,0,,,1,1,216,21,30,,22/57 (39%),1/7 (14%),51%,11,45/85 (53%),12/26 (46%),9/20 (45%),58%,19,16,,21,,8,,,,,10
9603822,54,37225,NORMAL,REGULAR,Round 12,LEAGUE,24322,AD Alcorcón,Visita,1ST,24/10/2021,12,0,29%,0.00,0,1,3,0,,140,9,9,0,1,1,0,0,0,1,0,0,0,,,1,0,98,10,10,,12/31 (39%),1/1 (100%),47%,6,21/46 (46%),6/11 (55%),3/8 (38%),78%,9,9,,12,,3,,,,,7
9603822,54,37225,NORMAL,REGULAR,Round 12,LEAGUE,24322,AD Alcorcón,Visita,2ND,24/10/2021,12,,40%,0.00,0,1,5,2,,155,10,8,1,0,0,0,1,0,0,1,0,0,,,0,1,118,11,20,,10/26 (38%),0/6 (0%),56%,5,24/39 (62%),6/15 (40%),6/12 (50%),40%,10,7,,9,,5,,,,,3
9604023,54,37225,NORMAL,REGULAR,Round 13,LEAGUE,24322,AD Alcorcón,Local,ALL,01/11/2021,13,0,53%,0.00,0,6,1,3,15,431,10,16,2,,0,0,4,2,1,5,0,,,,1,3,348,25,48,,27/58 (47%),1/16 (6%),41%,10,31/68 (46%),10/32 (31%),6/10 (60%),60%,10,6,,14,,1,,,,,5
9604023,54,37225,NORMAL,REGULAR,Round 13,LEAGUE,24322,AD Alcorcón,Local,1ST,01/11/2021,13,0,49%,0.00,0,2,0,2,,217,4,5,0,,0,0,1,1,1,1,0,,,,0,3,176,10,27,,14/31 (45%),1/9 (11%),35%,4,10/25 (40%),4/15 (27%),1/4 (25%),50%,4,5,,5,,0,,,,,4
9604023,54,37225,NORMAL,REGULAR,Round 13,LEAGUE,24322,AD Alcorcón,Local,2ND,01/11/2021,13,,57%,0.00,0,4,1,1,,214,6,11,2,,0,0,3,1,0,4,0,,,,1,0,172,15,21,,13/27 (48%),0/7 (0%),45%,6,21/43 (49%),6/17 (35%),5/6 (83%),67%,6,1,,9,,1,,,,,1
9604023,54,37225,NORMAL,REGULAR,Round 13,LEAGUE,24368,UD Ibiza,Visita,ALL,01/11/2021,13,2,47%,0.00,1,10,0,6,16,382,14,12,1,,3,0,4,3,7,3,1,,,,4,1,286,24,68,,26/76 (34%),8/15 (53%),59%,7,37/68 (54%),22/32 (69%),11/14 (79%),36%,14,6,,10,,0,,,,,6
9604023,54,37225,NORMAL,REGULAR,Round 13,LEAGUE,24368,UD Ibiza,Visita,1ST,01/11/2021,13,0,51%,0.00,0,4,0,2,,228,7,5,0,,0,0,3,1,3,1,0,,,,1,1,173,12,38,,11/44 (25%),4/6 (67%),65%,3,15/25 (60%),11/15 (73%),3/4 (75%),29%,7,3,,6,,0,,,,,1
9604023,54,37225,NORMAL,REGULAR,Round 13,LEAGUE,24368,UD Ibiza,Visita,2ND,01/11/2021,13,,43%,0.00,1,6,0,4,,154,7,7,1,,3,0,1,2,4,2,1,,,,3,0,113,12,30,,15/32 (47%),4/9 (44%),55%,4,22/43 (51%),11/17 (65%),8/10 (80%),43%,7,3,,4,,0,,,,,5
9603861,54,37225,NORMAL,REGULAR,Round 14,LEAGUE,24264,Girona FC,Local,ALL,04/11/2021,14,3,59%,0.00,3,16,2,8,11,459,20,11,1,,6,0,5,5,11,5,1,2,1,,1,2,381,16,45,,20/38 (53%),8/22 (36%),61%,5,41/66 (62%),20/34 (59%),10/14 (71%),60%,20,4,,12,,2,,,,,9
9603861,54,37225,NORMAL,REGULAR,Round 14,LEAGUE,24264,Girona FC,Local,1ST,04/11/2021,14,0,61%,0.00,0,6,1,3,,254,7,5,0,,1,0,2,3,2,4,0,0,1,,1,1,210,7,28,,8/20 (40%),1/9 (11%),55%,2,15/26 (58%),9/18 (50%),3/5 (60%),43%,7,1,,6,,1,,,,,5
9603861,54,37225,NORMAL,REGULAR,Round 14,LEAGUE,24264,Girona FC,Local,2ND,04/11/2021,14,,56%,0.00,3,10,1,5,,205,13,6,1,,5,0,3,2,9,1,1,2,0,,0,1,171,9,17,,12/18 (67%),7/13 (54%),66%,3,26/40 (65%),11/16 (69%),7/9 (78%),69%,13,3,,6,,1,,,,,4
9603861,54,37225,NORMAL,REGULAR,Round 14,LEAGUE,24322,AD Alcorcón,Visita,ALL,04/11/2021,14,1,41%,0.00,3,13,3,4,12,313,9,11,3,,3,0,7,3,7,6,1,2,0,,2,1,244,19,46,,22/52 (42%),9/26 (35%),39%,11,25/66 (38%),14/34 (41%),6/15 (40%),78%,9,8,,25,,3,,,,,8
9603861,54,37225,NORMAL,REGULAR,Round 14,LEAGUE,24322,AD Alcorcón,Visita,1ST,04/11/2021,14,1,39%,0.00,3,9,1,1,,155,4,6,0,,2,0,4,3,6,3,1,2,0,,1,0,117,11,24,,11/28 (39%),4/13 (31%),45%,2,11/26 (42%),9/18 (50%),1/6 (17%),75%,4,2,,17,,1,,,,,4
9603861,54,37225,NORMAL,REGULAR,Round 14,LEAGUE,24322,AD Alcorcón,Visita,2ND,04/11/2021,14,,44%,0.00,0,4,2,3,,158,5,5,3,,1,0,3,0,1,3,0,0,0,,1,1,127,8,22,,11/24 (46%),5/13 (38%),34%,9,14/40 (35%),5/16 (31%),5/9 (56%),80%,5,6,,8,,2,,,,,4
9604030,54,37225,NORMAL,REGULAR,Round 15,LEAGUE,24322,AD Alcorcón,Local,ALL,07/11/2021,15,2,60%,0.00,4,12,0,5,7,389,10,16,1,,5,0,3,4,8,4,1,3,,,2,4,252,36,70,,38/96 (40%),3/25 (12%),60%,2,28/46 (61%),52/88 (59%),5/14 (36%),50%,10,6,,18,,0,,,,,4
9604030,54,37225,NORMAL,REGULAR,Round 15,LEAGUE,24322,AD Alcorcón,Local,1ST,07/11/2021,15,0,57%,0.00,1,4,0,1,,198,7,4,0,,1,0,2,1,1,3,0,1,,,0,2,121,17,32,,19/54 (35%),0/10 (0%),57%,0,15/21 (71%),28/54 (52%),4/6 (67%),43%,7,4,,15,,0,,,,,3
9604030,54,37225,NORMAL,REGULAR,Round 15,LEAGUE,24322,AD Alcorcón,Local,2ND,07/11/2021,15,,63%,0.00,3,8,0,4,,191,3,12,1,,4,0,1,3,7,1,1,2,,,2,2,131,19,38,,19/42 (45%),3/15 (20%),63%,2,13/25 (52%),24/34 (71%),1/8 (13%),67%,3,2,,3,,0,,,,,1
9604030,54,37225,NORMAL,REGULAR,Round 15,LEAGUE,54103,SD Amorebieta,Visita,ALL,07/11/2021,15,2,40%,0.00,0,4,3,2,16,267,11,6,2,,2,0,1,1,1,3,0,0,,,2,2,124,27,77,,23/85 (27%),2/13 (15%),40%,4,18/46 (39%),36/88 (41%),2/8 (25%),45%,11,5,,28,,3,,,,,7
9604030,54,37225,NORMAL,REGULAR,Round 15,LEAGUE,54103,SD Amorebieta,Visita,1ST,07/11/2021,15,1,43%,0.00,0,2,1,1,,152,2,3,0,,1,0,0,1,0,2,0,0,,,2,1,69,21,46,,14/45 (31%),1/8 (13%),43%,2,6/21 (29%),26/54 (48%),2/7 (29%),0%,2,3,,13,,1,,,,,4
9604030,54,37225,NORMAL,REGULAR,Round 15,LEAGUE,54103,SD Amorebieta,Visita,2ND,07/11/2021,15,,37%,0.00,0,2,2,1,,115,9,3,2,,1,0,1,0,1,1,0,0,,,0,1,55,6,31,,9/40 (23%),1/5 (20%),37%,2,12/25 (48%),10/34 (29%),0/1 (0%),56%,9,2,,15,,2,,,,,3
9603916,54,37225,NORMAL,REGULAR,Round 16,LEAGUE,2839,Eibar,Local,ALL,13/11/2021,16,2,54%,0.00,3,12,4,3,13,458,16,18,1,,3,1,5,4,7,5,2,1,1,,2,0,323,16,52,,43/97 (44%),5/17 (29%),55%,5,40/77 (52%),45/78 (58%),6/14 (43%),50%,16,5,,32,,4,,,,,10
9603916,54,37225,NORMAL,REGULAR,Round 16,LEAGUE,2839,Eibar,Local,1ST,13/11/2021,16,2,57%,0.00,3,5,3,1,,251,10,8,0,,2,0,2,1,5,0,2,1,1,,2,0,176,8,31,,25/52 (48%),3/10 (30%),57%,1,20/35 (57%),21/37 (57%),2/6 (33%),60%,10,4,,13,,3,,,,,4
9603916,54,37225,NORMAL,REGULAR,Round 16,LEAGUE,2839,Eibar,Local,2ND,13/11/2021,16,,51%,0.00,0,7,1,2,,207,6,10,1,,1,1,3,3,2,5,0,0,0,,0,0,147,8,21,,18/45 (40%),2/7 (29%),53%,4,20/42 (48%),24/41 (59%),4/8 (50%),33%,6,1,,19,,1,,,,,6
9603916,54,37225,NORMAL,REGULAR,Round 16,LEAGUE,24322,AD Alcorcón,Visita,ALL,13/11/2021,16,1,46%,0.00,4,13,1,2,18,381,13,11,3,,5,1,8,0,10,3,1,3,0,,0,2,250,36,67,,30/76 (39%),6/23 (26%),45%,8,37/77 (48%),33/78 (42%),13/21 (62%),31%,13,7,,17,,1,,,,,10
9603916,54,37225,NORMAL,REGULAR,Round 16,LEAGUE,24322,AD Alcorcón,Visita,1ST,13/11/2021,16,1,43%,0.00,3,8,0,2,,185,5,4,3,,4,1,4,0,8,0,1,2,0,,0,2,123,18,26,,16/39 (41%),4/13 (31%),43%,6,15/35 (43%),16/37 (43%),6/10 (60%),20%,5,4,,9,,0,,,,,6
9603916,54,37225,NORMAL,REGULAR,Round 16,LEAGUE,24322,AD Alcorcón,Visita,2ND,13/11/2021,16,,49%,0.00,1,5,1,0,,196,8,7,0,,1,0,4,0,2,3,0,1,0,,0,0,127,18,41,,14/37 (38%),2/10 (20%),47%,2,22/42 (52%),17/41 (41%),7/11 (64%),38%,8,3,,8,,1,,,,,4
9603901,54,37225,NORMAL,REGULAR,Round 17,LEAGUE,2822,CD Tenerife,Local,ALL,21/11/2021,17,1,57%,0.00,1,7,1,6,13,413,11,14,1,,3,0,2,2,1,6,1,,,,3,2,315,18,65,,42/75 (56%),2/19 (11%),50%,5,28/52 (54%),21/46 (46%),3/5 (60%),55%,11,11,,18,,1,,,,,7
9603901,54,37225,NORMAL,REGULAR,Round 17,LEAGUE,2822,CD Tenerife,Local,1ST,21/11/2021,17,0,57%,0.00,0,5,0,4,,189,3,10,0,,1,0,2,2,0,5,0,,,,3,2,146,10,35,,22/35 (63%),2/12 (17%),58%,1,14/24 (58%),14/24 (58%),1/2 (50%),0%,3,5,,8,,0,,,,,2
9603901,54,37225,NORMAL,REGULAR,Round 17,LEAGUE,2822,CD Tenerife,Local,2ND,21/11/2021,17,,57%,0.00,1,2,1,2,,224,8,4,1,,2,0,0,0,1,1,1,,,,0,0,169,8,30,,20/40 (50%),0/7 (0%),42%,4,14/28 (50%),7/22 (32%),2/3 (67%),75%,8,6,,10,,1,,,,,5
9603901,54,37225,NORMAL,REGULAR,Round 17,LEAGUE,24322,AD Alcorcón,Visita,ALL,21/11/2021,17,0,43%,0.00,0,11,2,5,15,309,7,13,4,,1,0,8,2,3,8,0,,,,1,0,205,33,56,,27/69 (39%),3/16 (19%),50%,7,24/52 (46%),25/46 (54%),4/8 (50%),29%,7,24,,15,,2,,,,,5
9603901,54,37225,NORMAL,REGULAR,Round 17,LEAGUE,24322,AD Alcorcón,Visita,1ST,21/11/2021,17,0,43%,0.00,0,2,1,2,,146,2,5,4,,0,0,1,1,0,2,0,,,,0,0,89,15,25,,9/34 (26%),1/6 (17%),42%,3,10/24 (42%),10/24 (42%),3/3 (100%),0%,2,10,,8,,1,,,,,4
9603901,54,37225,NORMAL,REGULAR,Round 17,LEAGUE,24322,AD Alcorcón,Visita,2ND,21/11/2021,17,,43%,0.00,0,9,1,3,,163,5,8,0,,1,0,7,1,3,6,0,,,,1,0,116,18,31,,18/35 (51%),2/10 (20%),58%,4,14/28 (50%),15/22 (68%),1/5 (20%),40%,5,14,,7,,1,,,,,1
9603981,54,37225,NORMAL,REGULAR,Round 18,LEAGUE,24322,AD Alcorcón,Local,ALL,26/11/2021,18,1,67%,0.00,0,19,1,5,17,443,15,11,4,,3,0,10,6,8,11,0,,,,2,3,315,30,74,,41/84 (49%),8/30 (27%),47%,3,35/71 (49%),37/82 (45%),9/17 (53%),60%,15,10,,6,,1,,,,,8
9603981,54,37225,NORMAL,REGULAR,Round 18,LEAGUE,24322,AD Alcorcón,Local,1ST,26/11/2021,18,0,66%,0.00,0,9,0,0,,227,6,4,1,,1,0,5,3,3,6,0,,,,0,2,169,16,36,,21/42 (50%),4/13 (31%),46%,2,14/33 (42%),16/32 (50%),4/9 (44%),50%,6,5,,2,,0,,,,,3
9603981,54,37225,NORMAL,REGULAR,Round 18,LEAGUE,24322,AD Alcorcón,Local,2ND,26/11/2021,18,,67%,0.00,0,10,1,5,,216,9,7,3,,2,0,5,3,5,5,0,,,,2,1,146,14,38,,20/42 (48%),4/17 (24%),48%,1,21/38 (55%),21/50 (42%),5/8 (63%),67%,9,5,,4,,1,,,,,5
9603981,54,37225,NORMAL,REGULAR,Round 18,LEAGUE,24332,CD Lugo,Visita,ALL,26/11/2021,18,1,33%,0.00,1,13,2,2,14,226,11,15,3,,2,0,8,3,7,6,1,,,,4,4,126,15,45,,30/74 (41%),4/13 (31%),53%,11,36/71 (51%),45/82 (55%),10/14 (71%),73%,11,6,,47,,2,,,,,6
9603981,54,37225,NORMAL,REGULAR,Round 18,LEAGUE,24332,CD Lugo,Visita,1ST,26/11/2021,18,1,34%,0.00,1,7,1,0,,121,7,8,1,,1,0,4,2,5,2,1,,,,3,4,67,7,24,,12/37 (32%),2/4 (50%),54%,5,19/33 (58%),16/32 (50%),4/5 (80%),57%,7,4,,19,,1,,,,,2
9603981,54,37225,NORMAL,REGULAR,Round 18,LEAGUE,24332,CD Lugo,Visita,2ND,26/11/2021,18,,33%,0.00,0,6,1,2,,105,4,7,2,,1,0,4,1,2,4,0,,,,1,0,59,8,21,,18/37 (49%),2/9 (22%),52%,6,17/38 (45%),29/50 (58%),6/9 (67%),100%,4,2,,28,,1,,,,,4
9604008,54,37225,NORMAL,REGULAR,Round 19,LEAGUE,2851,Real Oviedo,Local,ALL,05/12/2021,19,3,57%,0.00,3,13,2,2,16,437,10,16,1,,8,1,3,2,8,5,2,1,2,,2,2,322,22,64,,22/61 (36%),2/17 (12%),49%,3,31/64 (48%),24/48 (50%),5/11 (45%),70%,10,4,,11,,2,,,,,8
9604008,54,37225,NORMAL,REGULAR,Round 19,LEAGUE,2851,Real Oviedo,Local,1ST,05/12/2021,19,0,59%,0.00,0,7,1,1,,257,6,8,1,,4,0,2,1,4,3,0,0,1,,2,1,199,8,28,,11/32 (34%),2/10 (20%),46%,2,15/31 (48%),13/30 (43%),1/4 (25%),83%,6,2,,6,,1,,,,,3
9604008,54,37225,NORMAL,REGULAR,Round 19,LEAGUE,2851,Real Oviedo,Local,2ND,05/12/2021,19,,54%,0.00,3,6,1,1,,180,4,8,0,,4,1,1,1,4,2,2,1,1,,0,1,123,14,36,,11/29 (38%),0/7 (0%),53%,1,16/33 (48%),11/18 (61%),4/7 (57%),50%,4,2,,5,,1,,,,,5
9604008,54,37225,NORMAL,REGULAR,Round 19,LEAGUE,24322,AD Alcorcón,Visita,ALL,05/12/2021,19,1,43%,0.00,1,8,5,2,16,341,9,15,2,,3,0,4,1,4,4,1,0,0,,1,1,216,18,59,,32/80 (40%),2/6 (33%),51%,5,33/64 (52%),24/48 (50%),9/14 (64%),11%,9,10,,20,,5,,,,,8
9604008,54,37225,NORMAL,REGULAR,Round 19,LEAGUE,24322,AD Alcorcón,Visita,1ST,05/12/2021,19,0,41%,0.00,0,3,4,0,,184,5,7,1,,1,0,2,0,1,2,0,0,0,,0,1,115,8,36,,20/49 (41%),1/2 (50%),54%,2,16/31 (52%),17/30 (57%),4/8 (50%),0%,5,5,,13,,4,,,,,7
9604008,54,37225,NORMAL,REGULAR,Round 19,LEAGUE,24322,AD Alcorcón,Visita,2ND,05/12/2021,19,,46%,0.00,1,5,1,2,,157,4,8,1,,2,0,2,1,3,2,1,0,0,,1,0,101,10,23,,12/31 (39%),1/4 (25%),47%,3,17/33 (52%),7/18 (39%),5/6 (83%),25%,4,5,,7,,1,,,,,1
9604005,54,37225,NORMAL,REGULAR,Round 20,LEAGUE,24322,AD Alcorcón,Local,ALL,12/12/2021,20,1,38%,0.00,2,11,4,7,13,301,11,15,3,,3,0,6,2,9,2,0,2,0,,2,0,217,16,60,,40/75 (53%),11/31 (35%),53%,10,36/69 (52%),24/44 (55%),12/17 (71%),45%,11,12,,23,,4,,,,,9
9604005,54,37225,NORMAL,REGULAR,Round 20,LEAGUE,24322,AD Alcorcón,Local,1ST,12/12/2021,20,1,35%,0.00,1,7,4,3,,134,2,4,2,,2,0,4,1,5,2,0,1,0,,1,0,97,6,28,,17/33 (52%),7/17 (41%),48%,5,13/29 (45%),10/19 (53%),7/11 (64%),100%,2,9,,13,,4,,,,,4
9604005,54,37225,NORMAL,REGULAR,Round 20,LEAGUE,24322,AD Alcorcón,Local,2ND,12/12/2021,20,,40%,0.00,1,4,0,4,,167,9,11,1,,1,0,2,1,4,0,0,1,0,,1,0,120,10,32,,23/42 (55%),4/14 (29%),57%,5,23/40 (57%),14/25 (56%),5/6 (83%),33%,9,3,,10,,0,,,,,5
9604005,54,37225,NORMAL,REGULAR,Round 20,LEAGUE,24329,FC Cartagena,Visita,ALL,12/12/2021,20,1,62%,0.00,2,11,2,5,15,533,15,12,2,,5,0,4,2,9,2,1,1,1,,1,2,432,22,67,,33/73 (45%),4/20 (20%),47%,5,33/69 (48%),20/44 (45%),8/14 (57%),67%,15,11,,36,,2,,,,,6
9604005,54,37225,NORMAL,REGULAR,Round 20,LEAGUE,24329,FC Cartagena,Visita,1ST,12/12/2021,20,1,65%,0.00,2,10,1,1,,277,9,6,1,,5,0,3,2,9,1,1,1,1,,1,1,227,13,36,,20/40 (50%),2/9 (22%),52%,1,16/29 (55%),9/19 (47%),2/3 (67%),56%,9,7,,15,,1,,,,,5
9604005,54,37225,NORMAL,REGULAR,Round 20,LEAGUE,24329,FC Cartagena,Visita,2ND,12/12/2021,20,,60%,0.00,0,1,1,4,,256,6,6,1,,0,0,1,0,0,1,0,0,0,,0,1,205,9,31,,13/33 (39%),2/11 (18%),43%,4,17/40 (43%),11/25 (44%),6/11 (55%),83%,6,4,,21,,1,,,,,1
9998643,329,39457,NORMAL,REGULAR,Round 2,CUP,2852,Sporting Gijón,Local,ALL,15/12/2021,8,2,61%,0.00,4,19,1,5,17,714,19,13,4,,9,1,8,2,9,10,1,3,4,,3,4,590,31,81,,44/93 (47%),3/23 (13%),54%,10,55/99 (56%),20/40 (50%),23/30 (77%),53%,19,20,,20,,1,,,,,9
9998643,329,39457,NORMAL,REGULAR,Round 2,CUP,2852,Sporting Gijón,Local,1ST,15/12/2021,8,1,62%,0.00,0,4,1,3,,323,6,4,0,,1,0,1,2,1,3,0,0,0,,1,0,274,16,33,,19/36 (53%),2/7 (29%),55%,5,16/33 (48%),10/14 (71%),6/10 (60%),50%,6,6,,4,,1,,,,,2
9998643,329,39457,NORMAL,REGULAR,Round 2,CUP,2852,Sporting Gijón,Local,2ND,15/12/2021,8,,57%,0.00,1,7,0,1,,206,9,5,2,,2,1,5,0,2,5,0,1,0,,2,1,168,10,23,,12/26 (46%),1/11 (9%),54%,4,23/42 (55%),7/14 (50%),9/11 (82%),67%,9,9,,10,,0,,,,,5
9998643,329,39457,NORMAL,REGULAR,Round 2,CUP,24322,AD Alcorcón,Visita,ALL,15/12/2021,8,1,39%,0.00,2,10,8,5,17,455,17,16,6,,2,0,5,3,3,7,1,1,0,,3,3,331,23,74,,37/80 (46%),1/16 (6%),46%,10,44/99 (44%),20/40 (50%),11/20 (55%),41%,17,27,,23,,8,,,,,12
9998643,329,39457,NORMAL,REGULAR,Round 2,CUP,24322,AD Alcorcón,Visita,1ST,15/12/2021,8,0,38%,0.00,0,3,1,1,,193,9,4,1,,1,0,1,1,0,3,0,0,0,,1,2,153,8,21,,12/25 (48%),0/5 (0%),45%,3,17/33 (52%),4/14 (29%),4/7 (57%),56%,9,9,,8,,1,,,,,1
9998643,329,39457,NORMAL,REGULAR,Round 2,CUP,24322,AD Alcorcón,Visita,2ND,15/12/2021,8,,43%,0.00,1,6,2,3,,154,6,8,1,,1,0,3,2,2,4,1,0,0,,1,0,102,12,34,,12/34 (35%),0/7 (0%),46%,3,19/42 (45%),7/14 (50%),5/11 (45%),33%,6,10,,5,,2,,,,,6
9603991,54,37225,NORMAL,REGULAR,Round 21,LEAGUE,24265,Huesca,Local,ALL,19/12/2021,21,0,58%,0.00,,11,4,7,11,433,14,18,1,,4,1,4,3,5,6,,,,,2,1,315,28,66,,39/92 (42%),5/20 (25%),54%,3,38/65 (58%),16/35 (46%),6/11 (55%),79%,14,15,,25,,4,,,,,9
9603991,54,37225,NORMAL,REGULAR,Round 21,LEAGUE,24265,Huesca,Local,1ST,19/12/2021,21,0,58%,0.00,,3,2,3,,218,6,8,1,,2,0,1,0,2,1,,,,,0,1,160,10,32,,19/42 (45%),0/4 (0%),54%,1,16/29 (55%),9/17 (53%),2/3 (67%),100%,6,7,,14,,2,,,,,5
9603991,54,37225,NORMAL,REGULAR,Round 21,LEAGUE,24265,Huesca,Local,2ND,19/12/2021,21,,58%,0.00,,8,2,4,,215,8,10,0,,2,1,3,3,3,5,,,,,2,0,155,18,34,,20/50 (40%),5/16 (31%),54%,2,22/36 (61%),7/18 (39%),4/8 (50%),63%,8,8,,11,,2,,,,,4
9603991,54,37225,NORMAL,REGULAR,Round 21,LEAGUE,24322,AD Alcorcón,Visita,ALL,19/12/2021,21,0,42%,0.00,,9,4,3,18,306,8,11,1,,4,0,4,1,2,7,,,,,2,2,203,29,58,,23/65 (35%),4/15 (27%),46%,4,27/65 (42%),19/35 (54%),8/18 (44%),63%,8,13,,25,,4,,,,,9
9603991,54,37225,NORMAL,REGULAR,Round 21,LEAGUE,24322,AD Alcorcón,Visita,1ST,19/12/2021,21,0,42%,0.00,,6,2,2,,148,2,6,0,,2,0,3,1,1,5,,,,,1,1,99,16,31,,14/33 (42%),3/9 (33%),46%,1,13/29 (45%),8/17 (47%),5/10 (50%),100%,2,8,,10,,2,,,,,4
9603991,54,37225,NORMAL,REGULAR,Round 21,LEAGUE,24322,AD Alcorcón,Visita,2ND,19/12/2021,21,,42%,0.00,,3,2,1,,158,6,5,1,,2,0,1,0,1,2,,,,,1,1,104,13,27,,9/32 (28%),1/6 (17%),46%,3,14/36 (39%),11/18 (61%),3/8 (38%),50%,6,5,,15,,2,,,,,5
9604101,54,37225,NORMAL,REGULAR,Round 22,LEAGUE,24322,AD Alcorcón,Local,ALL,03/01/2022,22,0,44%,0.00,0,13,1,7,16,331,14,14,4,,3,0,5,5,12,1,0,0,0,,1,2,221,21,68,,37/76 (49%),8/29 (28%),64%,6,42/71 (59%),39/55 (71%),14/19 (74%),57%,14,13,,8,,1,,,,,6
9604101,54,37225,NORMAL,REGULAR,Round 22,LEAGUE,24322,AD Alcorcón,Local,1ST,03/01/2022,22,0,36%,0.00,0,3,0,1,,154,8,7,1,,0,0,2,1,3,0,0,0,0,,0,1,95,11,31,,19/43 (44%),1/8 (13%),58%,4,20/39 (51%),13/18 (72%),5/9 (56%),50%,8,9,,4,,0,,,,,4
9604101,54,37225,NORMAL,REGULAR,Round 22,LEAGUE,24322,AD Alcorcón,Local,2ND,03/01/2022,22,,52%,0.00,0,10,1,6,,177,6,7,3,,3,0,3,4,9,1,0,0,0,,1,1,126,10,37,,18/33 (55%),7/21 (33%),70%,2,22/32 (69%),26/37 (70%),9/10 (90%),67%,6,4,,4,,1,,,,,2
9604101,54,37225,NORMAL,REGULAR,Round 22,LEAGUE,2830,Málaga CF,Visita,ALL,03/01/2022,22,1,56%,0.00,2,6,3,3,15,459,11,15,5,,2,0,2,2,3,3,1,1,1,,2,1,342,23,65,,40/103 (39%),1/7 (14%),36%,11,29/71 (41%),16/55 (29%),4/7 (57%),64%,11,3,,19,,3,,,,,9
9604101,54,37225,NORMAL,REGULAR,Round 22,LEAGUE,2830,Málaga CF,Visita,1ST,03/01/2022,22,0,64%,0.00,0,3,0,2,,282,8,8,1,,0,0,2,1,1,2,0,0,0,,0,0,212,13,34,,27/60 (45%),1/3 (33%),42%,8,19/39 (49%),5/18 (28%),3/3 (100%),63%,8,3,,6,,0,,,,,5
9604101,54,37225,NORMAL,REGULAR,Round 22,LEAGUE,2830,Málaga CF,Visita,2ND,03/01/2022,22,,48%,0.00,2,3,3,1,,177,3,7,4,,2,0,0,1,2,1,1,1,1,,2,1,130,10,31,,13/43 (30%),0/4 (0%),30%,3,10/32 (31%),11/37 (30%),1/4 (25%),67%,3,0,,13,,3,,,,,4
9604064,54,37225,NORMAL,REGULAR,Round 23,LEAGUE,24368,UD Ibiza,Local,ALL,08/01/2022,23,6,70%,0.00,4,16,3,2,19,578,19,11,,,10,0,6,0,12,4,3,1,3,,4,1,485,19,71,,36/69 (52%),3/25 (12%),47%,8,37/75 (49%),18/41 (44%),8/14 (57%),68%,19,12,,9,,3,,,,,6
9604064,54,37225,NORMAL,REGULAR,Round 23,LEAGUE,24368,UD Ibiza,Local,1ST,08/01/2022,23,2,66%,0.00,1,6,2,1,,277,12,4,,,4,0,2,0,5,1,1,0,1,,1,1,232,9,34,,16/29 (55%),0/9 (0%),48%,5,22/41 (54%),8/21 (38%),6/9 (67%),67%,12,4,,5,,2,,,,,5
9604064,54,37225,NORMAL,REGULAR,Round 23,LEAGUE,24368,UD Ibiza,Local,2ND,08/01/2022,23,,74%,0.00,3,10,1,1,,301,7,7,,,6,0,4,0,7,3,2,1,2,,3,0,253,10,37,,20/40 (50%),3/16 (19%),46%,3,15/34 (44%),10/20 (50%),2/5 (40%),71%,7,8,,4,,1,,,,,1
9604064,54,37225,NORMAL,REGULAR,Round 23,LEAGUE,24322,AD Alcorcón,Visita,ALL,08/01/2022,23,2,30%,0.00,4,11,4,2,11,247,14,18,,,5,2,6,0,6,5,2,2,0,,3,1,152,21,46,,24/63 (38%),5/13 (38%),53%,9,38/75 (51%),23/41 (56%),7/17 (41%),64%,14,10,,12,,4,,,,,7
9604064,54,37225,NORMAL,REGULAR,Round 23,LEAGUE,24322,AD Alcorcón,Visita,1ST,08/01/2022,23,2,34%,0.00,4,8,2,1,,138,8,10,,,4,1,4,0,5,3,2,2,0,,2,1,91,6,29,,16/33 (48%),4/9 (44%),52%,6,19/41 (46%),13/21 (62%),1/7 (14%),63%,8,4,,5,,2,,,,,3
9604064,54,37225,NORMAL,REGULAR,Round 23,LEAGUE,24322,AD Alcorcón,Visita,2ND,08/01/2022,23,,26%,0.00,0,3,2,1,,109,6,8,,,1,1,2,0,1,2,0,0,0,,1,0,61,15,17,,8/30 (27%),1/4 (25%),54%,3,19/34 (56%),10/20 (50%),6/10 (60%),67%,6,6,,7,,2,,,,,4
9604073,54,37225,NORMAL,REGULAR,Round 24,LEAGUE,24322,AD Alcorcón,Local,ALL,23/01/2022,24,0,57%,0.00,1,13,5,6,15,446,10,8,2,0,7,0,5,1,4,9,,1,,,3,1,346,16,72,,36/69 (52%),5/26 (19%),44%,4,25/60 (42%),16/33 (48%),7/12 (58%),60%,10,10,,19,,5,,,,,7
9604073,54,37225,NORMAL,REGULAR,Round 24,LEAGUE,24322,AD Alcorcón,Local,1ST,23/01/2022,24,0,44%,0.00,1,7,1,3,,157,6,6,1,0,4,0,3,0,2,5,,1,,,2,0,110,5,34,,12/30 (40%),2/9 (22%),55%,2,16/35 (46%),11/14 (79%),4/6 (67%),50%,6,5,,10,,1,,,,,5
9604073,54,37225,NORMAL,REGULAR,Round 24,LEAGUE,24322,AD Alcorcón,Local,2ND,23/01/2022,24,,68%,0.00,0,6,4,3,,289,4,2,1,0,3,0,2,1,2,4,,0,,,1,1,236,11,38,,24/39 (62%),3/17 (18%),32%,2,9/25 (36%),5/19 (26%),3/6 (50%),75%,4,5,,9,,4,,,,,2
9604073,54,37225,NORMAL,REGULAR,Round 24,LEAGUE,35092,Mirandés,Visita,ALL,23/01/2022,24,0,43%,0.00,0,9,7,4,8,342,9,15,2,1,5,0,2,2,5,4,,0,,,1,3,231,27,79,,20/85 (24%),2/16 (13%),56%,4,35/60 (58%),17/33 (52%),11/17 (65%),44%,9,10,,18,,7,,,,,8
9604073,54,37225,NORMAL,REGULAR,Round 24,LEAGUE,35092,Mirandés,Visita,1ST,23/01/2022,24,0,56%,0.00,0,5,4,4,,201,4,10,2,1,1,0,2,2,3,2,,0,,,1,1,154,10,38,,14/42 (33%),1/10 (10%),45%,3,19/35 (54%),3/14 (21%),5/8 (63%),25%,4,4,,6,,4,,,,,5
9604073,54,37225,NORMAL,REGULAR,Round 24,LEAGUE,35092,Mirandés,Visita,2ND,23/01/2022,24,,32%,0.00,0,4,3,0,,141,5,5,0,0,4,0,0,0,2,2,,0,,,0,2,77,17,41,,6/43 (14%),1/6 (17%),68%,1,16/25 (64%),14/19 (74%),6/9 (67%),60%,5,6,,12,,3,,,,,3
9604162,54,37225,NORMAL,REGULAR,Round 25,LEAGUE,2845,Leganés,Local,ALL,30/01/2022,25,1,60%,0.00,1,11,2,4,26,445,11,13,4,,4,0,4,3,9,2,1,,,,4,4,337,24,76,,44/84 (52%),10/26 (38%),48%,5,34/79 (43%),29/52 (56%),10/20 (50%),64%,11,4,,6,,2,,,,,9
9604162,54,37225,NORMAL,REGULAR,Round 25,LEAGUE,2845,Leganés,Local,1ST,30/01/2022,25,0,65%,0.00,0,4,0,3,,263,5,8,1,,0,0,3,1,3,1,0,,,,2,1,207,16,40,,26/44 (59%),6/18 (33%),45%,4,18/42 (43%),13/27 (48%),5/11 (45%),80%,5,3,,2,,0,,,,,2
9604162,54,37225,NORMAL,REGULAR,Round 25,LEAGUE,2845,Leganés,Local,2ND,30/01/2022,25,,54%,0.00,1,7,2,1,,182,6,5,3,,4,0,1,2,6,1,1,,,,2,3,130,8,36,,18/40 (45%),4/8 (50%),52%,1,16/37 (43%),16/25 (64%),5/9 (56%),50%,6,1,,4,,2,,,,,7
9604162,54,37225,NORMAL,REGULAR,Round 25,LEAGUE,24322,AD Alcorcón,Visita,ALL,30/01/2022,25,0,40%,0.00,0,14,3,1,17,303,15,24,4,,2,2,7,5,9,5,0,,,,3,2,186,16,61,,24/79 (30%),3/10 (30%),52%,4,45/79 (57%),23/52 (44%),7/14 (50%),60%,15,7,,19,,3,,,,,6
9604162,54,37225,NORMAL,REGULAR,Round 25,LEAGUE,24322,AD Alcorcón,Visita,1ST,30/01/2022,25,0,35%,0.00,0,2,0,0,,150,10,11,0,,0,0,1,1,1,1,0,,,,1,1,91,5,26,,13/38 (34%),0/3 (0%),55%,1,24/42 (57%),14/27 (52%),4/8 (50%),70%,10,5,,11,,0,,,,,4
9604162,54,37225,NORMAL,REGULAR,Round 25,LEAGUE,24322,AD Alcorcón,Visita,2ND,30/01/2022,25,,46%,0.00,0,12,3,1,,153,5,13,4,,2,2,6,4,8,4,0,,,,2,1,95,11,35,,11/41 (27%),3/7 (43%),48%,3,21/37 (57%),9/25 (36%),3/6 (50%),40%,5,2,,8,,3,,,,,2
9604136,54,37225,NORMAL,REGULAR,Round 26,LEAGUE,2854,Burgos Club de Fútbol,Local,ALL,04/02/2022,26,3,53%,0.00,3,17,0,7,14,439,22,9,1,,6,0,8,3,6,11,2,1,2,,4,2,352,31,69,,35/60 (58%),7/26 (27%),41%,12,35/84 (42%),15/39 (38%),4/15 (27%),41%,22,4,,11,,0,,,,,8
9604136,54,37225,NORMAL,REGULAR,Round 26,LEAGUE,2854,Burgos Club de Fútbol,Local,1ST,04/02/2022,26,2,71%,0.00,1,8,0,6,,278,5,7,0,,4,0,3,1,2,6,1,0,1,,3,0,238,19,42,,19/29 (66%),3/18 (17%),46%,7,15/36 (42%),9/16 (56%),3/9 (33%),60%,5,1,,5,,0,,,,,3
9604136,54,37225,NORMAL,REGULAR,Round 26,LEAGUE,2854,Burgos Club de Fútbol,Local,2ND,04/02/2022,26,,38%,0.00,2,9,0,1,,161,17,2,1,,2,0,5,2,4,5,1,1,1,,1,2,114,12,27,,16/31 (52%),4/8 (50%),37%,5,20/48 (42%),6/23 (26%),1/6 (17%),35%,17,3,,6,,0,,,,,5
9604136,54,37225,NORMAL,REGULAR,Round 26,LEAGUE,24322,AD Alcorcón,Visita,ALL,04/02/2022,26,1,47%,0.00,1,11,3,2,9,393,23,14,3,,1,0,6,4,3,8,1,0,0,,4,2,301,21,49,,38/69 (55%),2/12 (17%),59%,16,49/84 (58%),24/39 (62%),12/18 (67%),52%,23,15,,19,,3,,,,,13
9604136,54,37225,NORMAL,REGULAR,Round 26,LEAGUE,24322,AD Alcorcón,Visita,1ST,04/02/2022,26,1,29%,0.00,1,4,2,2,,114,13,5,2,,1,0,3,0,1,3,1,0,0,,1,1,74,4,21,,18/33 (55%),0/6 (0%),54%,5,21/36 (58%),7/16 (44%),3/3 (100%),62%,13,10,,14,,2,,,,,7
9604136,54,37225,NORMAL,REGULAR,Round 26,LEAGUE,24322,AD Alcorcón,Visita,2ND,04/02/2022,26,,62%,0.00,0,7,1,0,,279,10,9,1,,0,0,3,4,2,5,0,0,0,,3,1,227,17,28,,20/36 (56%),2/6 (33%),63%,11,28/48 (58%),17/23 (74%),9/15 (60%),40%,10,5,,5,,1,,,,,6
9604135,54,37225,NORMAL,REGULAR,Round 27,LEAGUE,24322,AD Alcorcón,Local,ALL,13/02/2022,27,0,58%,0.00,,12,1,7,6,514,18,11,1,,3,0,8,1,4,8,,,,,2,1,423,33,77,,45/72 (63%),2/25 (8%),54%,11,44/78 (56%),16/33 (48%),15/25 (60%),61%,18,7,,6,,1,,,,,4
9604135,54,37225,NORMAL,REGULAR,Round 27,LEAGUE,24322,AD Alcorcón,Local,1ST,13/02/2022,27,0,55%,0.00,,2,1,2,,249,7,8,1,,1,0,1,0,0,2,,,,,1,0,202,13,42,,20/35 (57%),0/9 (0%),59%,5,20/34 (59%),10/17 (59%),5/9 (56%),43%,7,5,,3,,1,,,,,1
9604135,54,37225,NORMAL,REGULAR,Round 27,LEAGUE,24322,AD Alcorcón,Local,2ND,13/02/2022,27,,62%,0.00,,10,0,5,,265,11,3,0,,2,0,7,1,4,6,,,,,1,1,221,20,35,,25/37 (68%),2/16 (13%),50%,6,24/44 (55%),6/16 (38%),10/16 (63%),73%,11,2,,3,,0,,,,,3
9604135,54,37225,NORMAL,REGULAR,Round 27,LEAGUE,2822,CD Tenerife,Visita,ALL,13/02/2022,27,2,42%,0.00,,7,3,2,11,373,21,6,1,,2,0,3,2,3,4,,,,,1,0,276,24,60,,38/87 (44%),1/8 (13%),46%,8,34/78 (44%),17/33 (52%),7/17 (41%),62%,21,10,,20,,3,,,,,17
9604135,54,37225,NORMAL,REGULAR,Round 27,LEAGUE,2822,CD Tenerife,Visita,1ST,13/02/2022,27,1,45%,0.00,,3,1,1,,205,9,3,0,,2,0,1,0,1,2,,,,,0,0,161,14,26,,21/42 (50%),1/5 (20%),41%,2,14/34 (41%),7/17 (41%),2/7 (29%),56%,9,3,,4,,1,,,,,8
9604135,54,37225,NORMAL,REGULAR,Round 27,LEAGUE,2822,CD Tenerife,Visita,2ND,13/02/2022,27,,38%,0.00,,4,2,1,,168,12,3,1,,0,0,2,2,2,2,,,,,1,0,115,10,34,,17/45 (38%),0/3 (0%),50%,6,20/44 (45%),10/16 (63%),5/10 (50%),67%,12,7,,16,,2,,,,,9
9604125,54,37225,NORMAL,REGULAR,Round 28,LEAGUE,35097,CF Fuenlabrada,Local,ALL,20/02/2022,28,2,44%,0.00,3,17,2,4,21,302,15,11,2,,10,1,5,2,9,8,1,2,,,2,3,189,24,64,,25/63 (40%),4/14 (29%),46%,8,34/88 (39%),26/43 (60%),9/19 (47%),40%,15,5,,23,,2,,,,,8
9604125,54,37225,NORMAL,REGULAR,Round 28,LEAGUE,35097,CF Fuenlabrada,Local,1ST,20/02/2022,28,1,49%,0.00,2,11,2,1,,174,5,6,1,,6,1,4,1,5,6,0,2,,,1,2,115,13,40,,16/35 (46%),3/9 (33%),44%,4,13/41 (32%),15/23 (65%),2/6 (33%),20%,5,2,,4,,2,,,,,5
9604125,54,37225,NORMAL,REGULAR,Round 28,LEAGUE,35097,CF Fuenlabrada,Local,2ND,20/02/2022,28,,40%,0.00,1,6,0,3,,128,10,5,1,,4,0,1,1,4,2,1,0,,,1,1,74,11,24,,9/28 (32%),1/5 (20%),48%,4,21/47 (45%),11/20 (55%),7/13 (54%),50%,10,3,,19,,0,,,,,3
9604125,54,37225,NORMAL,REGULAR,Round 28,LEAGUE,24322,AD Alcorcón,Visita,ALL,20/02/2022,28,2,56%,0.00,2,11,8,6,12,373,18,20,3,,4,0,1,6,6,5,2,0,,,3,2,266,28,62,,31/75 (41%),5/23 (22%),54%,8,54/88 (61%),17/43 (40%),16/23 (70%),61%,18,13,,16,,8,,,,,8
9604125,54,37225,NORMAL,REGULAR,Round 28,LEAGUE,24322,AD Alcorcón,Visita,1ST,20/02/2022,28,0,51%,0.00,0,3,5,1,,185,8,11,3,,2,0,0,1,2,1,0,0,,,1,2,125,11,27,,17/42 (40%),2/7 (29%),56%,3,28/41 (68%),8/23 (35%),9/11 (82%),50%,8,8,,7,,5,,,,,4
9604125,54,37225,NORMAL,REGULAR,Round 28,LEAGUE,24322,AD Alcorcón,Visita,2ND,20/02/2022,28,,60%,0.00,2,8,3,5,,188,10,9,0,,2,0,1,5,4,4,2,0,,,2,0,141,17,35,,14/33 (42%),3/16 (19%),52%,5,26/47 (55%),9/20 (45%),7/12 (58%),70%,10,5,,9,,3,,,,,4
9604091,54,37225,NORMAL,REGULAR,Round 29,LEAGUE,24322,AD Alcorcón,Local,ALL,27/02/2022,29,2,54%,0.00,4,18,1,4,10,380,13,13,2,,7,1,7,4,10,8,2,2,2,,5,1,295,20,59,,21/60 (35%),5/28 (18%),48%,5,32/63 (51%),17/39 (44%),6/12 (50%),85%,13,7,,15,,1,,,,,8
9604091,54,37225,NORMAL,REGULAR,Round 29,LEAGUE,24322,AD Alcorcón,Local,1ST,27/02/2022,29,0,47%,0.00,1,8,1,1,,164,7,6,0,,3,0,3,2,4,4,0,1,1,,1,0,124,5,24,,7/30 (23%),2/11 (18%),41%,0,15/30 (50%),4/16 (25%),2/5 (40%),71%,7,5,,7,,1,,,,,5
9604091,54,37225,NORMAL,REGULAR,Round 29,LEAGUE,24322,AD Alcorcón,Local,2ND,27/02/2022,29,,60%,0.00,3,10,0,3,,216,6,7,2,,4,1,4,2,6,4,2,1,1,,4,1,171,15,35,,14/30 (47%),3/17 (18%),54%,5,17/33 (52%),13/23 (57%),4/7 (57%),100%,6,2,,8,,0,,,,,3
9604091,54,37225,NORMAL,REGULAR,Round 29,LEAGUE,6195,SD Ponferradina,Visita,ALL,27/02/2022,29,2,46%,0.00,1,9,5,4,15,334,11,10,2,,3,0,5,1,5,4,1,0,1,,3,0,234,28,52,,33/74 (45%),3/17 (18%),52%,8,31/63 (49%),22/39 (56%),10/15 (67%),55%,11,9,,29,,5,,,,,10
9604091,54,37225,NORMAL,REGULAR,Round 29,LEAGUE,6195,SD Ponferradina,Visita,1ST,27/02/2022,29,2,53%,0.00,1,7,3,3,,188,3,6,0,,3,0,3,1,3,4,1,0,0,,3,0,143,15,26,,21/34 (62%),2/10 (20%),59%,5,15/30 (50%),12/16 (75%),6/8 (75%),33%,3,2,,10,,3,,,,,6
9604091,54,37225,NORMAL,REGULAR,Round 29,LEAGUE,6195,SD Ponferradina,Visita,2ND,27/02/2022,29,,40%,0.00,0,2,2,1,,146,8,4,2,,0,0,2,0,2,0,0,0,1,,0,0,91,13,26,,12/40 (30%),1/7 (14%),46%,3,16/33 (48%),10/23 (43%),4/7 (57%),63%,8,7,,19,,2,,,,,4
9604158,54,37225,NORMAL,REGULAR,Round 30,LEAGUE,24332,CD Lugo,Local,ALL,06/03/2022,30,1,45%,0.00,1,7,4,6,13,339,20,12,2,,3,0,3,1,3,4,1,0,,,4,0,230,22,53,,26/68 (38%),6/23 (26%),50%,6,38/77 (49%),27/52 (52%),6/15 (40%),50%,20,18,,25,,4,,,,,9
9604158,54,37225,NORMAL,REGULAR,Round 30,LEAGUE,24332,CD Lugo,Local,1ST,06/03/2022,30,0,46%,0.00,0,2,4,2,,187,17,6,1,,1,0,1,0,1,1,0,0,,,1,0,129,12,28,,14/35 (40%),1/8 (13%),57%,2,24/43 (56%),17/29 (59%),1/7 (14%),53%,17,9,,10,,4,,,,,4
9604158,54,37225,NORMAL,REGULAR,Round 30,LEAGUE,24332,CD Lugo,Local,2ND,06/03/2022,30,,42%,0.00,1,5,0,4,,152,3,6,1,,2,0,2,1,2,3,1,0,,,3,0,101,10,25,,12/33 (36%),5/15 (33%),42%,4,14/34 (41%),10/23 (43%),5/8 (63%),33%,3,9,,15,,0,,,,,5
9604158,54,37225,NORMAL,REGULAR,Round 30,LEAGUE,24322,AD Alcorcón,Visita,ALL,06/03/2022,30,0,55%,0.00,1,19,2,6,13,435,15,13,0,,4,0,7,8,12,7,0,1,,,0,1,318,41,76,,21/61 (34%),5/21 (24%),50%,11,39/77 (51%),25/52 (48%),11/20 (55%),47%,15,5,,18,,2,,,,,5
9604158,54,37225,NORMAL,REGULAR,Round 30,LEAGUE,24322,AD Alcorcón,Visita,1ST,06/03/2022,30,0,54%,0.00,1,10,1,3,,217,8,7,0,,4,0,3,3,6,4,0,1,,,0,0,154,24,38,,11/31 (35%),2/8 (25%),43%,9,19/43 (44%),12/29 (41%),4/12 (33%),38%,8,4,,10,,1,,,,,1
9604158,54,37225,NORMAL,REGULAR,Round 30,LEAGUE,24322,AD Alcorcón,Visita,2ND,06/03/2022,30,,58%,0.00,0,9,1,3,,218,7,6,0,,0,0,4,5,6,3,0,0,,,0,1,164,17,38,,10/30 (33%),3/13 (23%),58%,2,20/34 (59%),13/23 (57%),7/8 (88%),57%,7,1,,8,,1,,,,,4
9604167,54,37225,NORMAL,REGULAR,Round 31,LEAGUE,24322,AD Alcorcón,Local,ALL,13/03/2022,31,1,38%,0.00,,18,1,7,7,265,19,16,1,,4,0,8,6,9,9,,,,,5,6,185,19,48,,26/61 (43%),6/21 (29%),55%,4,38/72 (53%),23/38 (61%),4/14 (29%),84%,19,20,,16,,1,,,,,11
9604167,54,37225,NORMAL,REGULAR,Round 31,LEAGUE,24322,AD Alcorcón,Local,1ST,13/03/2022,31,0,43%,0.00,,11,0,5,,135,9,8,1,,2,0,6,3,5,6,,,,,4,3,94,11,21,,15/33 (45%),4/15 (27%),53%,0,18/34 (53%),11/21 (52%),2/7 (29%),89%,9,8,,6,,0,,,,,3
9604167,54,37225,NORMAL,REGULAR,Round 31,LEAGUE,24322,AD Alcorcón,Local,2ND,13/03/2022,31,,34%,0.00,,7,1,2,,130,10,8,0,,2,0,2,3,4,3,,,,,1,3,91,8,27,,11/28 (39%),2/6 (33%),58%,4,20/38 (53%),12/17 (71%),2/7 (29%),80%,10,12,,10,,1,,,,,8
9604167,54,37225,NORMAL,REGULAR,Round 31,LEAGUE,24265,Huesca,Visita,ALL,13/03/2022,31,0,62%,0.00,,11,3,6,16,438,14,7,3,,1,0,7,3,9,2,,,,,0,1,353,34,51,,33/64 (52%),7/20 (35%),45%,10,34/72 (47%),15/38 (39%),13/22 (59%),64%,14,7,,17,,3,,,,,9
9604167,54,37225,NORMAL,REGULAR,Round 31,LEAGUE,24265,Huesca,Visita,1ST,13/03/2022,31,0,57%,0.00,,4,2,3,,194,5,4,2,,0,0,2,2,4,0,,,,,0,1,155,15,17,,13/29 (45%),1/5 (20%),47%,4,16/34 (47%),10/21 (48%),7/12 (58%),80%,5,5,,11,,2,,,,,6
9604167,54,37225,NORMAL,REGULAR,Round 31,LEAGUE,24265,Huesca,Visita,2ND,13/03/2022,31,,66%,0.00,,7,1,3,,244,9,3,1,,1,0,5,1,5,2,,,,,0,0,198,19,34,,20/35 (57%),6/15 (40%),42%,6,18/38 (47%),5/17 (29%),6/10 (60%),56%,9,2,,6,,1,,,,,3
9604276,54,37225,NORMAL,REGULAR,Round 32,LEAGUE,54103,SD Amorebieta,Local,ALL,20/03/2022,32,0,48%,0.00,,13,1,6,13,388,16,8,1,0,2,0,4,7,8,5,,,0,,2,1,279,27,79,,24/68 (35%),4/30 (13%),45%,6,31/72 (43%),23/47 (49%),8/19 (42%),56%,16,7,,18,,1,,,,,8
9604276,54,37225,NORMAL,REGULAR,Round 32,LEAGUE,54103,SD Amorebieta,Local,1ST,20/03/2022,32,0,47%,0.00,,3,1,0,,181,8,4,0,0,1,0,0,2,2,1,,,0,,1,1,122,15,41,,12/37 (32%),1/8 (13%),47%,2,15/34 (44%),14/28 (50%),4/9 (44%),75%,8,0,,12,,1,,,,,4
9604276,54,37225,NORMAL,REGULAR,Round 32,LEAGUE,54103,SD Amorebieta,Local,2ND,20/03/2022,32,,50%,0.00,,10,0,6,,207,8,4,1,0,1,0,4,5,6,4,,,0,,1,0,157,12,38,,12/31 (39%),3/22 (14%),44%,4,16/38 (42%),9/19 (47%),4/10 (40%),38%,8,7,,6,,0,,,,,4
9604276,54,37225,NORMAL,REGULAR,Round 32,LEAGUE,24322,AD Alcorcón,Visita,ALL,20/03/2022,32,0,52%,0.00,,13,1,5,9,433,17,13,2,1,1,1,7,5,7,6,,,1,,2,3,327,25,42,,36/72 (50%),3/19 (16%),55%,14,41/72 (57%),24/47 (51%),11/13 (85%),65%,17,17,,36,,1,,,,,8
9604276,54,37225,NORMAL,REGULAR,Round 32,LEAGUE,24322,AD Alcorcón,Visita,1ST,20/03/2022,32,0,53%,0.00,,8,1,4,,209,7,6,0,1,1,1,3,4,5,3,,,1,,2,1,163,17,22,,12/29 (41%),2/12 (17%),53%,8,19/34 (56%),14/28 (50%),6/6 (100%),86%,7,12,,15,,1,,,,,0
9604276,54,37225,NORMAL,REGULAR,Round 32,LEAGUE,24322,AD Alcorcón,Visita,2ND,20/03/2022,32,,50%,0.00,,5,0,1,,224,10,7,2,0,0,0,4,1,2,3,,,0,,0,2,164,8,20,,24/43 (56%),1/7 (14%),56%,6,22/38 (58%),10/19 (53%),5/7 (71%),50%,10,5,,21,,0,,,,,8
9604270,54,37225,NORMAL,REGULAR,Round 33,LEAGUE,24322,AD Alcorcón,Local,ALL,27/03/2022,33,1,48%,0.00,2,9,0,4,15,385,17,15,1,,2,1,5,2,6,3,1,1,0,,2,5,301,16,73,,34/66 (52%),6/19 (32%),48%,8,37/81 (46%),18/33 (55%),5/14 (36%),53%,17,12,,14,,0,,,,,4
9604270,54,37225,NORMAL,REGULAR,Round 33,LEAGUE,24322,AD Alcorcón,Local,1ST,27/03/2022,33,1,37%,0.00,1,6,0,1,,143,6,7,0,,2,1,2,2,4,2,1,0,0,,2,3,106,7,31,,13/28 (46%),2/8 (25%),44%,2,16/38 (42%),5/10 (50%),3/9 (33%),50%,6,8,,10,,0,,,,,3
9604270,54,37225,NORMAL,REGULAR,Round 33,LEAGUE,24322,AD Alcorcón,Local,2ND,27/03/2022,33,,58%,0.00,1,3,0,3,,242,11,8,1,,0,0,3,0,2,1,0,1,0,,0,2,195,9,42,,21/38 (55%),4/11 (36%),52%,6,21/43 (49%),13/23 (57%),2/5 (40%),55%,11,4,,4,,0,,,,,1
9604270,54,37225,NORMAL,REGULAR,Round 33,LEAGUE,2831,Real Valladolid,Visita,ALL,27/03/2022,33,2,52%,0.00,1,9,1,5,15,423,17,15,2,,2,0,2,5,6,3,0,1,2,,2,0,336,18,42,,23/57 (40%),1/13 (8%),52%,6,44/81 (54%),15/33 (45%),12/23 (52%),47%,17,9,,21,,1,,,,,12
9604270,54,37225,NORMAL,REGULAR,Round 33,LEAGUE,2831,Real Valladolid,Visita,1ST,27/03/2022,33,2,63%,0.00,0,6,1,4,,250,8,9,1,,2,0,1,3,3,3,0,0,1,,0,0,204,8,19,,14/30 (47%),1/9 (11%),56%,1,22/38 (58%),5/10 (50%),5/10 (50%),50%,8,3,,6,,1,,,,,4
9604270,54,37225,NORMAL,REGULAR,Round 33,LEAGUE,2831,Real Valladolid,Visita,2ND,27/03/2022,33,,42%,0.00,1,3,0,1,,173,9,6,1,,0,0,1,2,3,0,0,1,1,,2,0,132,10,23,,9/27 (33%),0/4 (0%),48%,5,22/43 (51%),10/23 (43%),7/13 (54%),44%,9,6,,15,,0,,,,,8
9604176,54,37225,NORMAL,REGULAR,Round 34,LEAGUE,24360,Real Sociedad B,Local,ALL,02/04/2022,34,2,28%,0.00,2,10,6,1,8,258,6,16,3,2,5,1,3,2,6,4,1,1,1,,5,0,187,9,42,,19/54 (35%),0/4 (0%),44%,6,31/59 (53%),4/20 (20%),9/16 (56%),17%,6,4,,11,,6,,,,,10
9604176,54,37225,NORMAL,REGULAR,Round 34,LEAGUE,24360,Real Sociedad B,Local,1ST,02/04/2022,34,2,45%,0.00,2,8,5,1,,172,4,7,2,2,5,1,2,1,5,3,1,1,1,,3,0,133,3,20,,9/23 (39%),0/2 (0%),40%,6,18/40 (45%),1/8 (13%),7/11 (64%),25%,4,2,,6,,5,,,,,4
9604176,54,37225,NORMAL,REGULAR,Round 34,LEAGUE,24360,Real Sociedad B,Local,2ND,02/04/2022,34,,16%,0.00,0,2,1,0,,86,2,9,1,0,0,0,1,1,1,1,0,0,0,,2,0,54,6,22,,10/31 (32%),0/2 (0%),52%,0,13/19 (68%),3/12 (25%),2/5 (40%),0%,2,2,,5,,1,,,,,6
9604176,54,37225,NORMAL,REGULAR,Round 34,LEAGUE,24322,AD Alcorcón,Visita,ALL,02/04/2022,34,4,72%,0.00,8,18,3,2,19,662,13,8,3,0,10,0,7,1,13,5,3,5,1,,2,6,602,12,71,,34/51 (67%),6/21 (29%),56%,5,28/59 (47%),16/20 (80%),7/8 (88%),62%,13,7,,11,,3,,,,,5
9604176,54,37225,NORMAL,REGULAR,Round 34,LEAGUE,24322,AD Alcorcón,Visita,1ST,02/04/2022,34,2,55%,0.00,4,10,3,0,,208,10,7,2,0,7,0,2,1,7,3,1,3,0,,2,2,177,4,28,,15/26 (58%),2/8 (25%),60%,4,22/40 (55%),7/8 (88%),5/5 (100%),50%,10,4,,9,,3,,,,,3
9604176,54,37225,NORMAL,REGULAR,Round 34,LEAGUE,24322,AD Alcorcón,Visita,2ND,02/04/2022,34,,84%,0.00,4,8,0,2,,454,3,1,1,0,3,0,5,0,6,2,2,2,1,,0,4,425,8,43,,19/25 (76%),4/13 (31%),48%,1,6/19 (32%),9/12 (75%),2/3 (67%),100%,3,3,,2,,0,,,,,2
9604175,54,37225,NORMAL,REGULAR,Round 35,LEAGUE,24322,AD Alcorcón,Local,ALL,09/04/2022,35,1,45%,0.00,1,11,4,3,8,364,13,13,1,,1,0,6,4,6,5,1,,,,1,2,283,21,44,,30/75 (40%),4/19 (21%),53%,5,29/57 (51%),19/34 (56%),4/11 (36%),69%,13,11,,17,,4,,,,,11
9604175,54,37225,NORMAL,REGULAR,Round 35,LEAGUE,24322,AD Alcorcón,Local,1ST,09/04/2022,35,1,49%,0.00,1,4,2,3,,219,9,4,1,,1,0,1,2,2,2,1,,,,0,1,179,7,15,,19/39 (49%),2/10 (20%),57%,2,15/26 (58%),9/16 (56%),2/4 (50%),67%,9,8,,6,,2,,,,,8
9604175,54,37225,NORMAL,REGULAR,Round 35,LEAGUE,24322,AD Alcorcón,Local,2ND,09/04/2022,35,,39%,0.00,0,7,2,0,,145,4,9,0,,0,0,5,2,4,3,0,,,,1,1,104,14,29,,11/36 (31%),2/9 (22%),49%,3,14/31 (45%),10/18 (56%),2/7 (29%),75%,4,3,,11,,2,,,,,3
9604175,54,37225,NORMAL,REGULAR,Round 35,LEAGUE,2852,Sporting Gijón,Visita,ALL,09/04/2022,35,1,55%,0.00,0,13,0,5,14,458,12,8,2,,5,0,4,4,11,2,0,,,,0,3,373,29,64,,35/65 (54%),5/21 (24%),47%,7,28/57 (49%),15/34 (44%),8/14 (57%),50%,12,5,,14,,0,,,,,9
9604175,54,37225,NORMAL,REGULAR,Round 35,LEAGUE,2852,Sporting Gijón,Visita,1ST,09/04/2022,35,0,51%,0.00,0,7,0,0,,236,4,3,1,,2,0,2,3,6,1,0,,,,0,1,196,14,31,,17/32 (53%),1/6 (17%),43%,6,11/26 (42%),7/16 (44%),4/7 (57%),50%,4,4,,6,,0,,,,,3
9604175,54,37225,NORMAL,REGULAR,Round 35,LEAGUE,2852,Sporting Gijón,Visita,2ND,09/04/2022,35,,61%,0.00,0,6,0,5,,222,8,5,1,,3,0,2,1,5,1,0,,,,0,2,177,15,33,,18/33 (55%),4/15 (27%),51%,1,17/31 (55%),8/18 (44%),4/7 (57%),50%,8,1,,8,,0,,,,,6
9604229,54,37225,NORMAL,REGULAR,Round 36,LEAGUE,24329,FC Cartagena,Local,ALL,16/04/2022,36,3,55%,0.00,2,10,1,5,12,501,22,18,1,,3,1,5,2,6,4,2,,,,3,2,410,22,66,,32/57 (56%),2/14 (14%),62%,7,49/82 (60%),25/38 (66%),9/14 (64%),45%,22,9,,19,,1,,,,,8
9604229,54,37225,NORMAL,REGULAR,Round 36,LEAGUE,24329,FC Cartagena,Local,1ST,16/04/2022,36,1,57%,0.00,1,4,1,2,,285,10,9,1,,1,0,1,2,3,1,1,,,,0,0,243,8,27,,13/25 (52%),1/5 (20%),65%,2,22/36 (61%),13/18 (72%),3/5 (60%),40%,10,6,,13,,1,,,,,5
9604229,54,37225,NORMAL,REGULAR,Round 36,LEAGUE,24329,FC Cartagena,Local,2ND,16/04/2022,36,,53%,0.00,1,6,0,3,,216,12,9,0,,2,1,4,0,3,3,1,,,,3,2,167,14,39,,19/32 (59%),1/9 (11%),59%,5,27/46 (59%),12/20 (60%),6/9 (67%),50%,12,3,,6,,0,,,,,3
9604229,54,37225,NORMAL,REGULAR,Round 36,LEAGUE,24322,AD Alcorcón,Visita,ALL,16/04/2022,36,1,45%,0.00,1,15,0,4,18,395,12,11,0,,2,0,6,7,6,9,1,,,,3,1,316,25,40,,40/75 (53%),2/21 (10%),38%,8,33/82 (40%),13/38 (34%),10/24 (42%),50%,12,18,,23,,0,,,,,4
9604229,54,37225,NORMAL,REGULAR,Round 36,LEAGUE,24322,AD Alcorcón,Visita,1ST,16/04/2022,36,1,43%,0.00,1,12,0,4,,202,4,5,0,,2,0,4,6,4,8,1,,,,3,0,169,8,20,,19/33 (58%),1/15 (7%),35%,4,14/36 (39%),5/18 (28%),5/11 (45%),25%,4,9,,5,,0,,,,,2
9604229,54,37225,NORMAL,REGULAR,Round 36,LEAGUE,24322,AD Alcorcón,Visita,2ND,16/04/2022,36,,47%,0.00,0,3,0,0,,193,8,6,0,,0,0,2,1,2,1,0,,,,0,1,147,17,20,,21/42 (50%),1/6 (17%),41%,4,19/46 (41%),8/20 (40%),5/13 (38%),63%,8,9,,18,,0,,,,,2
9604235,54,37225,NORMAL,REGULAR,Round 37,LEAGUE,24322,AD Alcorcón,Local,ALL,24/04/2022,37,1,52%,0.00,4,11,2,8,16,383,16,11,3,1,2,0,7,2,9,2,1,3,1,,1,0,295,22,45,,36/62 (58%),9/26 (35%),52%,7,34/72 (47%),23/38 (61%),7/14 (50%),38%,16,12,,15,,2,,,,,7
9604235,54,37225,NORMAL,REGULAR,Round 37,LEAGUE,24322,AD Alcorcón,Local,1ST,24/04/2022,37,0,53%,0.00,3,7,0,2,,212,6,5,2,0,1,0,5,1,5,2,0,3,1,,0,0,176,9,18,,18/27 (67%),5/12 (42%),48%,4,13/31 (42%),10/17 (59%),2/5 (40%),50%,6,4,,10,,0,,,,,3
9604235,54,37225,NORMAL,REGULAR,Round 37,LEAGUE,24322,AD Alcorcón,Local,2ND,24/04/2022,37,,51%,0.00,1,4,2,6,,171,10,6,2,1,1,0,2,1,4,0,1,0,0,,1,0,119,13,27,,18/35 (51%),4/14 (29%),55%,3,21/41 (51%),13/21 (62%),5/9 (56%),30%,10,8,,5,,2,,,,,4
9604235,54,37225,NORMAL,REGULAR,Round 37,LEAGUE,2851,Real Oviedo,Visita,ALL,24/04/2022,37,2,48%,0.00,1,6,1,5,11,366,14,15,3,0,4,0,1,1,4,2,1,0,0,,4,2,289,15,51,,33/66 (50%),3/16 (19%),48%,8,38/72 (53%),15/38 (39%),9/17 (53%),57%,14,13,,28,,1,,,,,8
9604235,54,37225,NORMAL,REGULAR,Round 37,LEAGUE,2851,Real Oviedo,Visita,1ST,24/04/2022,37,0,47%,0.00,0,2,1,4,,194,7,9,1,0,0,0,1,1,1,1,0,0,0,,2,2,159,6,26,,17/30 (57%),2/10 (20%),52%,4,18/31 (58%),7/17 (41%),2/4 (50%),57%,7,4,,12,,1,,,,,4
9604235,54,37225,NORMAL,REGULAR,Round 37,LEAGUE,2851,Real Oviedo,Visita,2ND,24/04/2022,37,,49%,0.00,1,4,0,1,,172,7,6,2,0,4,0,0,0,3,1,1,0,0,,2,0,130,9,25,,16/36 (44%),1/6 (17%),45%,4,20/41 (49%),8/21 (38%),7/13 (54%),57%,7,9,,16,,0,,,,,4
9604203,54,37225,NORMAL,REGULAR,Round 38,LEAGUE,24322,AD Alcorcón,Local,ALL,01/05/2022,38,0,43%,0.00,0,5,4,2,15,412,16,16,4,,1,0,2,2,2,3,0,0,,,1,1,337,15,49,,16/45 (36%),1/10 (10%),46%,8,37/78 (47%),12/29 (41%),5/17 (29%),50%,16,8,,18,,4,,,,,7
9604203,54,37225,NORMAL,REGULAR,Round 38,LEAGUE,24322,AD Alcorcón,Local,1ST,01/05/2022,38,0,42%,0.00,0,0,3,0,,201,6,8,1,,0,0,0,0,0,0,0,0,,,0,0,166,8,23,,6/15 (40%),0/1 (0%),46%,4,18/39 (46%),8/17 (47%),4/13 (31%),50%,6,4,,12,,3,,,,,3
9604203,54,37225,NORMAL,REGULAR,Round 38,LEAGUE,24322,AD Alcorcón,Local,2ND,01/05/2022,38,0,45%,0.00,0,5,1,2,,211,10,8,3,,1,0,2,2,2,3,0,0,,,1,1,171,7,26,,10/30 (33%),1/9 (11%),45%,4,19/39 (49%),4/12 (33%),1/4 (25%),50%,10,4,,6,,1,,,,,4
9604203,54,37225,NORMAL,REGULAR,Round 38,LEAGUE,24264,Girona FC,Visita,ALL,01/05/2022,38,1,57%,0.00,4,12,1,4,16,536,20,15,3,,5,2,6,1,7,5,1,3,,,2,0,473,19,56,,30/50 (60%),3/14 (21%),54%,6,41/78 (53%),17/29 (59%),6/16 (38%),50%,20,13,,11,,1,,,,,6
9604203,54,37225,NORMAL,REGULAR,Round 38,LEAGUE,24264,Girona FC,Visita,1ST,01/05/2022,38,1,58%,0.00,4,9,0,2,,277,13,8,1,,4,2,4,1,6,3,1,3,,,2,0,248,11,29,,17/28 (61%),1/7 (14%),54%,1,21/39 (54%),9/17 (53%),0/5 (0%),46%,13,5,,3,,0,,,,,1
9604203,54,37225,NORMAL,REGULAR,Round 38,LEAGUE,24264,Girona FC,Visita,2ND,01/05/2022,38,0,55%,0.00,0,3,1,2,,259,7,7,2,,1,0,2,0,1,2,0,0,,,0,0,225,8,27,,13/22 (59%),2/7 (29%),55%,5,20/39 (51%),8/12 (67%),6/11 (55%),57%,7,8,,8,,1,,,,,5
9604275,54,37225,NORMAL,REGULAR,Round 39,LEAGUE,2815,Real Zaragoza,Local,ALL,08/05/2022,39,0,48%,0.00,3,20,2,7,12,347,22,10,3,,6,1,11,3,15,5,0,3,,,3,0,269,19,47,,22/48 (46%),11/23 (48%),60%,7,38/69 (55%),24/35 (69%),6/9 (67%),59%,22,6,,23,,2,,,,,6
9604275,54,37225,NORMAL,REGULAR,Round 39,LEAGUE,2815,Real Zaragoza,Local,1ST,08/05/2022,39,0,42%,0.00,2,11,2,4,,158,8,5,1,,4,1,5,2,8,3,0,2,,,2,0,122,6,17,,12/25 (48%),5/8 (63%),57%,4,15/30 (50%),14/21 (67%),2/3 (67%),75%,8,2,,19,,2,,,,,3
9604275,54,37225,NORMAL,REGULAR,Round 39,LEAGUE,2815,Real Zaragoza,Local,2ND,08/05/2022,39,0,54%,0.00,1,9,0,3,,189,14,5,2,,2,0,6,1,7,2,0,1,,,1,0,147,13,30,,10/23 (43%),6/15 (40%),62%,3,23/39 (59%),10/14 (71%),4/6 (67%),50%,14,4,,4,,0,,,,,3
9604275,54,37225,NORMAL,REGULAR,Round 39,LEAGUE,24322,AD Alcorcón,Visita,ALL,08/05/2022,39,3,52%,0.00,2,13,6,4,10,387,10,12,5,,5,0,5,3,8,5,1,1,,,0,1,303,27,43,,21/58 (36%),4/21 (19%),40%,11,31/69 (45%),11/35 (31%),9/20 (45%),50%,10,6,,22,,6,,,,,16
9604275,54,37225,NORMAL,REGULAR,Round 39,LEAGUE,24322,AD Alcorcón,Visita,1ST,08/05/2022,39,1,58%,0.00,2,9,4,3,,218,5,5,1,,3,0,4,2,4,5,1,1,,,0,1,173,15,24,,15/31 (48%),3/15 (20%),43%,3,15/30 (50%),7/21 (33%),5/10 (50%),60%,5,3,,4,,4,,,,,5
9604275,54,37225,NORMAL,REGULAR,Round 39,LEAGUE,24322,AD Alcorcón,Visita,2ND,08/05/2022,39,2,46%,0.00,0,4,2,1,,169,5,7,4,,2,0,1,1,4,0,0,0,,,0,0,130,12,19,,6/27 (22%),1/6 (17%),38%,8,16/39 (41%),4/14 (29%),4/10 (40%),40%,5,3,,18,,2,,,,,11
9604265,54,37225,NORMAL,REGULAR,Round 40,LEAGUE,24322,AD Alcorcón,Local,ALL,15/05/2022,40,0,45%,0.00,2,12,6,7,15,364,10,11,1,,4,0,5,3,6,6,,2,2,,2,6,285,21,56,,29/62 (47%),6/24 (25%),45%,8,28/66 (42%),10/19 (53%),7/14 (50%),30%,10,8,,12,,6,,,,,8
9604265,54,37225,NORMAL,REGULAR,Round 40,LEAGUE,24322,AD Alcorcón,Local,1ST,15/05/2022,40,0,34%,0.00,1,3,4,1,,163,3,5,1,,1,0,2,0,2,1,,1,1,,0,3,118,7,27,,9/27 (33%),1/5 (20%),36%,2,10/31 (32%),4/8 (50%),2/7 (29%),33%,3,5,,8,,4,,,,,5
9604265,54,37225,NORMAL,REGULAR,Round 40,LEAGUE,24322,AD Alcorcón,Local,2ND,15/05/2022,40,0,60%,0.00,1,9,2,6,,201,7,6,0,,3,0,3,3,4,5,,1,1,,2,3,167,14,29,,20/35 (57%),5/19 (26%),52%,6,18/35 (51%),6/11 (55%),5/7 (71%),29%,7,3,,4,,2,,,,,3
9604265,54,37225,NORMAL,REGULAR,Round 40,LEAGUE,6577,UD Las Palmas,Visita,ALL,15/05/2022,40,2,55%,0.00,0,11,4,7,12,466,15,15,1,,8,0,1,2,5,6,,0,0,,1,2,393,17,60,,32/70 (46%),1/11 (9%),55%,6,38/66 (58%),9/19 (47%),8/12 (67%),60%,15,14,,18,,4,,,,,4
9604265,54,37225,NORMAL,REGULAR,Round 40,LEAGUE,6577,UD Las Palmas,Visita,1ST,15/05/2022,40,1,66%,0.00,0,7,1,5,,323,7,9,0,,5,0,1,1,2,5,,0,0,,1,1,282,8,31,,21/39 (54%),1/9 (11%),64%,2,21/31 (68%),4/8 (50%),5/6 (83%),71%,7,8,,4,,1,,,,,3
9604265,54,37225,NORMAL,REGULAR,Round 40,LEAGUE,6577,UD Las Palmas,Visita,2ND,15/05/2022,40,1,40%,0.00,0,4,3,2,,143,8,6,1,,3,0,0,1,3,1,,0,0,,0,1,111,9,29,,11/31 (35%),0/2 (0%),48%,4,17/35 (49%),5/11 (45%),3/6 (50%),50%,8,6,,14,,3,,,,,1
9604242,54,37225,NORMAL,REGULAR,Round 41,LEAGUE,2858,Almería,Local,ALL,21/05/2022,41,1,63%,0.00,4,15,5,9,11,484,9,8,3,,3,1,8,4,11,4,0,4,1,,1,2,395,36,91,,43/76 (57%),9/38 (24%),43%,11,27/63 (43%),13/29 (45%),10/20 (50%),44%,9,6,,11,,5,,,,,6
9604242,54,37225,NORMAL,REGULAR,Round 41,LEAGUE,2858,Almería,Local,1ST,21/05/2022,41,0,64%,0.00,2,6,1,4,,251,3,5,2,,1,1,3,2,4,2,0,2,0,,1,2,209,15,40,,21/35 (60%),5/16 (31%),50%,3,12/29 (41%),8/11 (73%),4/9 (44%),33%,3,3,,8,,1,,,,,4
9604242,54,37225,NORMAL,REGULAR,Round 41,LEAGUE,2858,Almería,Local,2ND,21/05/2022,41,1,63%,0.00,2,9,4,5,,233,6,3,1,,2,0,5,2,7,2,0,2,1,,0,0,186,21,51,,22/41 (54%),4/22 (18%),38%,8,15/34 (44%),5/18 (28%),6/11 (55%),50%,6,3,,3,,4,,,,,2
9604242,54,37225,NORMAL,REGULAR,Round 41,LEAGUE,24322,AD Alcorcón,Visita,ALL,21/05/2022,41,1,37%,0.00,3,10,2,4,9,290,21,10,4,,6,0,3,1,4,6,1,2,2,,1,5,213,24,39,,29/61 (48%),3/12 (25%),57%,8,36/63 (57%),16/29 (55%),5/6 (83%),52%,21,14,,30,,2,,,,,11
9604242,54,37225,NORMAL,REGULAR,Round 41,LEAGUE,24322,AD Alcorcón,Visita,1ST,21/05/2022,41,0,36%,0.00,0,4,1,1,,148,8,5,2,,1,0,2,1,1,3,0,0,0,,0,1,116,13,17,,10/24 (42%),0/6 (0%),50%,3,17/29 (59%),3/11 (27%),4/4 (100%),50%,8,5,,9,,1,,,,,4
9604242,54,37225,NORMAL,REGULAR,Round 41,LEAGUE,24322,AD Alcorcón,Visita,2ND,21/05/2022,41,1,37%,0.00,3,6,1,3,,142,13,5,2,,5,0,1,0,3,3,1,2,2,,1,4,97,11,22,,19/37 (51%),3/6 (50%),62%,5,19/34 (56%),13/18 (72%),1/2 (50%),54%,13,9,,21,,1,,,,,7
9604281,54,37225,NORMAL,REGULAR,Round 42,LEAGUE,24322,AD Alcorcón,Local,ALL,29/05/2022,42,1,48%,0.00,1,5,1,3,11,383,12,17,3,,2,0,3,0,4,1,,1,,,2,3,273,14,60,,32/82 (39%),5/20 (25%),57%,5,32/57 (56%),23/40 (57%),3/13 (23%),92%,12,9,,21,,1,,,,,11
9604281,54,37225,NORMAL,REGULAR,Round 42,LEAGUE,24322,AD Alcorcón,Local,1ST,29/05/2022,42,0,56%,0.00,1,2,1,3,,218,7,8,2,,0,0,2,0,2,0,,1,,,1,1,159,7,38,,17/41 (41%),2/10 (20%),52%,3,16/28 (57%),11/24 (46%),1/5 (20%),100%,7,3,,13,,1,,,,,2
9604281,54,37225,NORMAL,REGULAR,Round 42,LEAGUE,24322,AD Alcorcón,Local,2ND,29/05/2022,42,1,41%,0.00,0,3,0,0,,165,5,9,1,,2,0,1,0,2,1,,0,,,1,2,114,7,22,,15/41 (37%),3/10 (30%),62%,2,16/29 (55%),12/16 (75%),2/8 (25%),80%,5,6,,8,,0,,,,,9
9604281,54,37225,NORMAL,REGULAR,Round 42,LEAGUE,2839,Eibar,Visita,ALL,29/05/2022,42,0,52%,0.00,1,19,1,4,18,405,15,8,4,,1,0,12,6,12,7,,1,,,2,3,305,21,63,,30/67 (45%),9/25 (36%),43%,6,25/57 (44%),17/40 (43%),2/8 (25%),33%,15,4,,12,,1,,,,,9
9604281,54,37225,NORMAL,REGULAR,Round 42,LEAGUE,2839,Eibar,Visita,1ST,29/05/2022,42,0,44%,0.00,0,6,0,2,,161,7,5,2,,1,0,2,3,2,4,,0,,,2,2,111,11,29,,14/31 (45%),3/12 (25%),48%,4,12/28 (43%),13/24 (54%),0/3 (0%),29%,7,2,,6,,0,,,,,6
9604281,54,37225,NORMAL,REGULAR,Round 42,LEAGUE,2839,Eibar,Visita,2ND,29/05/2022,42,0,59%,0.00,1,13,1,2,,244,8,3,2,,0,0,10,3,10,3,,1,,,0,1,194,10,34,,16/36 (44%),6/13 (46%),38%,2,13/29 (45%),4/16 (25%),2/5 (40%),38%,8,2,,6,,1,,,,,3
10523329,17073,44519,NORMAL,GROUP,"Primera Federacion, Group 1",LEAGUE,24322,AD Alcorcón,Local,ALL,03/12/2022,14,1,,,,,,3,,,,,3,,,,,,,,,,,,,,,,,,,,,,,,,,,,,,,,,,,,
10523329,17073,44519,NORMAL,GROUP,"Primera Federacion, Group 1",LEAGUE,24322,AD Alcorcón,Local,1ST,03/12/2022,14,,,,,,,,,,,,,,,,,,,,,,,,,,,,,,,,,,,,,,,,,,,,,,,,
10523329,17073,44519,NORMAL,GROUP,"Primera Federacion, Group 1",LEAGUE,24322,AD Alcorcón,Local,2ND,03/12/2022,14,,,,,,,,,,,,,,,,,,,,,,,,,,,,,,,,,,,,,,,,,,,,,,,,
10523329,17073,44519,NORMAL,GROUP,"Primera Federacion, Group 1",LEAGUE,35097,CF Fuenlabrada,Visita,ALL,03/12/2022,14,1,,,,,,4,,,,,4,,,,,,,,,,,,,,,,,,,,,,,,,,,,,,,,,,,,
10523329,17073,44519,NORMAL,GROUP,"Primera Federacion, Group 1",LEAGUE,35097,CF Fuenlabrada,Visita,1ST,03/12/2022,14,,,,,,,,,,,,,,,,,,,,,,,,,,,,,,,,,,,,,,,,,,,,,,,,
10523329,17073,44519,NORMAL,GROUP,"Primera Federacion, Group 1",LEAGUE,35097,CF Fuenlabrada,Visita,2ND,03/12/2022,14,,,,,,,,,,,,,,,,,,,,,,,,,,,,,,,,,,,,,,,,,,,,,,,,
11390485,54,52563,NORMAL,REGULAR,Round 1,LEAGUE,35092,Mirandés,Local,ALL,14/08/2023,1,4,38%,0.00,5,17,6,2,14,350,16,6,1,,6,0,7,4,9,8,3,2,3,,3,0,256,14,49,,18/66 (27%),0/6 (0%),42%,9,30/68 (44%),12/32 (38%),8/17 (47%),56%,16,9,68,27,,6,,,,,11
11390485,54,52563,NORMAL,REGULAR,Round 1,LEAGUE,35092,Mirandés,Local,1ST,14/08/2023,1,2,43%,0.00,4,9,1,2,,171,7,5,0,,3,0,4,2,5,4,2,2,2,,3,0,130,6,18,,7/30 (23%),0/5 (0%),39%,5,13/32 (41%),4/12 (33%),1/4 (25%),43%,7,6,29,11,,1,,,,,7
11390485,54,52563,NORMAL,REGULAR,Round 1,LEAGUE,35092,Mirandés,Local,2ND,14/08/2023,1,2,35%,0.00,1,8,5,0,,179,9,1,1,,3,0,3,2,4,4,1,0,1,,0,0,126,8,31,,11/36 (31%),0/1 (0%),45%,4,17/36 (47%),8/20 (40%),7/13 (54%),67%,9,3,39,16,,5,,,,,4
11390485,54,52563,NORMAL,REGULAR,Round 1,LEAGUE,24322,AD Alcorcón,Visita,ALL,14/08/2023,1,0,62%,0.00,0,18,2,5,6,551,18,14,1,,6,0,6,6,7,11,0,0,0,,3,6,445,19,73,,34/77 (44%),3/25 (12%),58%,9,38/68 (56%),20/32 (63%),6/13 (46%),78%,18,6,64,13,,2,,,,,9
11390485,54,52563,NORMAL,REGULAR,Round 1,LEAGUE,24322,AD Alcorcón,Visita,1ST,14/08/2023,1,0,57%,0.00,0,6,1,3,,226,8,8,1,,1,0,3,2,1,5,0,0,0,,1,1,174,9,32,,15/41 (37%),1/10 (10%),61%,5,19/32 (59%),8/12 (67%),3/5 (60%),88%,8,1,25,8,,1,,,,,4
11390485,54,52563,NORMAL,REGULAR,Round 1,LEAGUE,24322,AD Alcorcón,Visita,2ND,14/08/2023,1,0,65%,0.00,0,12,1,2,,325,10,6,0,,5,0,3,4,6,6,0,0,0,,2,5,271,10,41,,19/36 (53%),2/15 (13%),55%,4,19/36 (53%),12/20 (60%),3/8 (38%),70%,10,5,39,5,,1,,,,,5
11390478,54,52563,NORMAL,REGULAR,Round 2,LEAGUE,24322,AD Alcorcón,Local,ALL,19/08/2023,2,0,50%,0.00,1,15,2,8,12,356,10,15,2,,3,0,5,7,4,11,0,1,,,3,2,280,14,57,,30/62 (48%),5/27 (19%),49%,7,30/59 (51%),20/43 (47%),6/11 (55%),50%,10,10,60,17,,2,,,,,5
11390478,54,52563,NORMAL,REGULAR,Round 2,LEAGUE,24322,AD Alcorcón,Local,1ST,19/08/2023,2,0,49%,0.00,1,9,0,3,,168,5,8,1,,3,0,4,2,2,7,0,1,,,1,0,128,5,33,,22/44 (50%),1/11 (9%),49%,4,17/34 (50%),11/23 (48%),4/8 (50%),40%,5,7,36,3,,0,,,,,4
11390478,54,52563,NORMAL,REGULAR,Round 2,LEAGUE,24322,AD Alcorcón,Local,2ND,19/08/2023,2,0,51%,0.00,0,6,2,5,,188,5,7,1,,0,0,1,5,2,4,0,0,,,2,2,152,9,24,,8/18 (44%),4/16 (25%),49%,3,13/25 (52%),9/20 (45%),2/3 (67%),60%,5,3,24,14,,2,,,,,1
11390478,54,52563,NORMAL,REGULAR,Round 2,LEAGUE,2845,Leganés,Visita,ALL,19/08/2023,2,2,50%,0.00,1,7,3,5,16,371,12,12,4,,4,0,2,1,3,4,1,0,,,4,2,277,28,45,,20/56 (36%),2/15 (13%),51%,7,29/59 (49%),23/43 (53%),6/9 (67%),42%,12,6,57,16,,3,,,,,7
11390478,54,52563,NORMAL,REGULAR,Round 2,LEAGUE,2845,Leganés,Visita,1ST,19/08/2023,2,0,51%,0.00,0,2,3,3,,180,8,5,1,,0,0,1,1,1,1,0,0,,,2,1,130,15,23,,10/27 (37%),2/6 (33%),51%,3,17/34 (50%),12/23 (52%),4/6 (67%),38%,8,3,34,5,,3,,,,,5
11390478,54,52563,NORMAL,REGULAR,Round 2,LEAGUE,2845,Leganés,Visita,2ND,19/08/2023,2,2,49%,0.00,1,5,0,2,,191,4,7,3,,4,0,1,0,2,3,1,0,,,2,1,147,13,22,,10/29 (34%),0/9 (0%),51%,4,12/25 (48%),11/20 (55%),2/3 (67%),50%,4,3,23,11,,0,,,,,2
11390459,54,52563,NORMAL,REGULAR,Round 3,LEAGUE,2831,Real Valladolid,Local,ALL,26/08/2023,3,0,72%,0.00,0,28,3,10,10,574,12,20,1,,2,0,10,16,15,13,0,0,,,5,4,488,16,80,,27/51 (53%),12/39 (31%),58%,11,44/74 (59%),20/36 (56%),12/17 (71%),67%,12,8,52,6,,3,,,,,5
11390459,54,52563,NORMAL,REGULAR,Round 3,LEAGUE,2831,Real Valladolid,Local,1ST,26/08/2023,3,0,73%,0.00,0,11,1,6,,305,5,10,0,,0,0,3,8,6,5,0,0,,,2,3,264,7,36,,17/28 (61%),3/17 (18%),59%,8,22/37 (59%),10/17 (59%),7/8 (88%),60%,5,3,23,6,,1,,,,,1
11390459,54,52563,NORMAL,REGULAR,Round 3,LEAGUE,2831,Real Valladolid,Local,2ND,26/08/2023,3,0,71%,0.00,0,17,2,4,,269,7,10,1,,2,0,7,8,9,8,0,0,,,3,1,224,9,44,,10/23 (43%),9/22 (41%),57%,3,22/37 (59%),10/19 (53%),5/9 (56%),71%,7,5,29,0,,2,,,,,4
11390459,54,52563,NORMAL,REGULAR,Round 3,LEAGUE,24322,AD Alcorcón,Visita,ALL,26/08/2023,3,2,28%,0.00,5,12,2,3,20,228,16,9,4,,5,0,3,4,8,4,1,4,,,1,3,143,16,44,,32/73 (44%),2/7 (29%),42%,10,30/74 (41%),16/36 (44%),5/7 (71%),63%,16,6,51,33,,2,,,,,14
11390459,54,52563,NORMAL,REGULAR,Round 3,LEAGUE,24322,AD Alcorcón,Visita,1ST,26/08/2023,3,1,27%,0.00,1,4,0,2,,114,9,3,2,,2,0,0,2,2,2,0,1,,,0,2,72,8,21,,14/34 (41%),0/3 (0%),41%,3,15/37 (41%),7/17 (41%),3/5 (60%),78%,9,4,24,13,,0,,,,,4
11390459,54,52563,NORMAL,REGULAR,Round 3,LEAGUE,24322,AD Alcorcón,Visita,2ND,26/08/2023,3,1,29%,0.00,4,8,2,1,,114,7,6,2,,3,0,3,2,6,2,1,3,,,1,1,71,8,23,,18/39 (46%),2/4 (50%),43%,7,15/37 (41%),9/19 (47%),2/2 (100%),43%,7,2,27,20,,2,,,,,10
11390455,54,52563,NORMAL,REGULAR,Round 4,LEAGUE,24322,AD Alcorcón,Local,ALL,01/09/2023,4,1,45%,0.00,1,12,1,3,11,389,14,8,3,,3,0,2,7,8,4,0,1,,,1,3,287,30,70,,40/81 (49%),6/19 (32%),52%,13,29/63 (46%),25/41 (61%),7/11 (64%),29%,14,9,68,9,,1,,,,,9
11390455,54,52563,NORMAL,REGULAR,Round 4,LEAGUE,24322,AD Alcorcón,Local,1ST,01/09/2023,4,0,44%,0.00,0,6,1,1,,188,9,2,0,,1,0,1,4,4,2,0,0,,,0,3,143,19,35,,18/34 (53%),3/9 (33%),62%,7,18/32 (56%),13/18 (72%),7/8 (88%),11%,9,5,29,7,,1,,,,,6
11390455,54,52563,NORMAL,REGULAR,Round 4,LEAGUE,24322,AD Alcorcón,Local,2ND,01/09/2023,4,1,47%,0.00,1,6,0,2,,201,5,6,3,,2,0,1,3,4,2,0,1,,,1,0,144,11,35,,22/47 (47%),3/10 (30%),43%,6,11/31 (35%),12/23 (52%),0/3 (0%),60%,5,4,39,2,,0,,,,,3
11390455,54,52563,NORMAL,REGULAR,Round 4,LEAGUE,2843,Racing de Ferrol,Visita,ALL,01/09/2023,4,1,55%,0.00,2,7,2,1,9,481,17,11,1,,2,0,5,0,6,1,1,1,,,1,0,377,28,58,,14/62 (23%),4/12 (33%),48%,7,34/63 (54%),16/41 (39%),6/13 (46%),53%,17,7,73,18,,2,,,,,4
11390455,54,52563,NORMAL,REGULAR,Round 4,LEAGUE,2843,Racing de Ferrol,Visita,1ST,01/09/2023,4,0,56%,0.00,1,5,1,1,,250,8,4,0,,1,0,4,0,5,0,0,1,,,1,0,197,13,28,,7/27 (26%),2/8 (25%),38%,6,14/32 (44%),5/18 (28%),2/5 (40%),38%,8,4,32,10,,1,,,,,3
11390455,54,52563,NORMAL,REGULAR,Round 4,LEAGUE,2843,Racing de Ferrol,Visita,2ND,01/09/2023,4,1,53%,0.00,1,2,1,0,,231,9,7,1,,1,0,1,0,1,1,1,0,,,0,0,180,15,30,,7/35 (20%),2/4 (50%),57%,1,20/31 (65%),11/23 (48%),4/8 (50%),67%,9,3,41,8,,1,,,,,1
11390439,54,52563,NORMAL,REGULAR,Round 5,LEAGUE,47321,CD Eldense,Local,ALL,11/09/2023,5,2,59%,0.00,1,17,2,5,14,473,13,6,0,0,3,0,8,6,8,9,1,0,0,,1,4,383,19,64,,24/62 (39%),3/15 (20%),45%,6,26/58 (45%),21/47 (45%),7/12 (58%),69%,13,7,76,16,,2,,,,,6
11390439,54,52563,NORMAL,REGULAR,Round 5,LEAGUE,47321,CD Eldense,Local,1ST,11/09/2023,5,0,61%,0.00,0,12,0,2,,237,8,3,0,0,0,0,7,5,4,8,0,0,0,,1,2,194,13,31,,12/27 (44%),1/7 (14%),56%,1,15/26 (58%),12/22 (55%),4/6 (67%),63%,8,5,37,4,,0,,,,,4
11390439,54,52563,NORMAL,REGULAR,Round 5,LEAGUE,47321,CD Eldense,Local,2ND,11/09/2023,5,2,58%,0.00,1,5,2,3,,236,5,3,0,0,3,0,1,1,4,1,1,0,0,,0,2,189,6,33,,12/35 (34%),2/8 (25%),35%,5,11/32 (34%),9/25 (36%),3/6 (50%),80%,5,2,39,12,,2,,,,,2
11390439,54,52563,NORMAL,REGULAR,Round 5,LEAGUE,24322,AD Alcorcón,Visita,ALL,11/09/2023,5,2,41%,0.00,2,13,1,2,7,320,11,12,3,1,4,0,5,4,6,7,1,1,1,,0,2,225,17,59,,30/65 (46%),1/12 (8%),55%,11,32/58 (55%),26/47 (55%),9/11 (82%),64%,11,4,66,18,,1,,,,,10
11390439,54,52563,NORMAL,REGULAR,Round 5,LEAGUE,24322,AD Alcorcón,Visita,1ST,11/09/2023,5,0,39%,0.00,0,2,0,0,,154,3,4,1,1,0,0,1,1,1,1,0,0,1,,0,0,102,9,23,,13/33 (39%),1/3 (33%),44%,7,11/26 (42%),10/22 (45%),4/5 (80%),67%,3,2,32,10,,0,,,,,8
11390439,54,52563,NORMAL,REGULAR,Round 5,LEAGUE,24322,AD Alcorcón,Visita,2ND,11/09/2023,5,2,42%,0.00,2,11,1,2,,166,8,8,2,0,4,0,4,3,5,6,1,1,0,,0,2,123,8,36,,17/32 (53%),0/9 (0%),65%,4,21/32 (66%),16/25 (64%),5/6 (83%),63%,8,2,34,8,,1,,,,,2
11390428,54,52563,NORMAL,REGULAR,Round 6,LEAGUE,24322,AD Alcorcón,Local,ALL,16/09/2023,6,0,29%,0.00,1,10,3,3,10,246,13,16,6,1,1,0,7,2,6,4,,1,2,,2,2,184,18,46,,28/56 (50%),5/18 (28%),49%,9,35/73 (48%),14/28 (50%),7/15 (47%),85%,13,6,47,21,,3,,,,,11
11390428,54,52563,NORMAL,REGULAR,Round 6,LEAGUE,24322,AD Alcorcón,Local,1ST,16/09/2023,6,0,33%,0.00,1,5,2,2,,128,7,10,3,1,0,0,3,2,3,2,,1,2,,2,1,96,8,21,,14/30 (47%),2/7 (29%),59%,5,16/29 (55%),10/15 (67%),0/0 (0%),86%,7,2,24,13,,2,,,,,5
11390428,54,52563,NORMAL,REGULAR,Round 6,LEAGUE,24322,AD Alcorcón,Local,2ND,16/09/2023,6,0,26%,0.00,0,5,1,1,,118,6,6,3,0,1,0,4,0,3,2,,0,0,,0,1,88,10,25,,14/26 (54%),3/11 (27%),40%,4,19/44 (43%),4/13 (31%),7/15 (47%),83%,6,4,23,8,,1,,,,,6
11390428,54,52563,NORMAL,REGULAR,Round 6,LEAGUE,2849,Levante UD,Visita,ALL,16/09/2023,6,2,71%,0.00,1,21,1,6,16,625,17,10,3,0,5,1,10,6,6,15,,1,3,,4,2,565,25,69,,24/39 (62%),5/17 (29%),51%,6,38/73 (52%),14/28 (50%),11/18 (61%),53%,17,7,49,14,,1,,,,,8
11390428,54,52563,NORMAL,REGULAR,Round 6,LEAGUE,2849,Levante UD,Visita,1ST,16/09/2023,6,1,67%,0.00,0,10,0,3,,261,5,3,0,0,3,1,5,2,3,7,,0,0,,1,2,232,17,22,,8/19 (42%),3/9 (33%),41%,3,13/29 (45%),5/15 (33%),5/9 (56%),60%,5,2,24,3,,0,,,,,3
11390428,54,52563,NORMAL,REGULAR,Round 6,LEAGUE,2849,Levante UD,Visita,2ND,16/09/2023,6,1,74%,0.00,1,11,1,3,,364,12,7,3,0,2,0,5,4,3,8,,1,3,,3,0,333,8,47,,16/20 (80%),2/8 (25%),60%,3,25/44 (57%),9/13 (69%),6/9 (67%),50%,12,5,25,11,,1,,,,,5
11390421,54,52563,NORMAL,REGULAR,Round 7,LEAGUE,24322,AD Alcorcón,Local,ALL,23/09/2023,7,0,65%,0.00,0,19,0,4,15,546,16,7,2,,3,0,11,5,11,8,0,,0,,1,1,447,38,90,,56/94 (60%),7/34 (21%),52%,8,31/67 (46%),27/44 (61%),8/18 (44%),63%,16,8,70,7,,0,,,,,7
11390421,54,52563,NORMAL,REGULAR,Round 7,LEAGUE,24322,AD Alcorcón,Local,1ST,23/09/2023,7,0,66%,0.00,0,8,0,1,,264,3,6,1,,1,0,6,1,3,5,0,,0,,1,1,214,17,33,,26/46 (57%),3/9 (33%),53%,3,12/26 (46%),14/23 (61%),3/5 (60%),100%,3,5,28,5,,0,,,,,4
11390421,54,52563,NORMAL,REGULAR,Round 7,LEAGUE,24322,AD Alcorcón,Local,2ND,23/09/2023,7,0,64%,0.00,0,11,0,3,,282,13,1,1,,2,0,5,4,8,3,0,,0,,0,0,233,21,57,,30/48 (63%),4/25 (16%),52%,5,19/41 (46%),13/21 (62%),5/13 (38%),54%,13,3,42,2,,0,,,,,3
11390421,54,52563,NORMAL,REGULAR,Round 7,LEAGUE,24265,Huesca,Visita,ALL,23/09/2023,7,2,35%,0.00,2,6,3,2,7,312,18,14,1,,2,0,4,0,5,1,2,,1,,1,3,207,17,53,,19/78 (24%),2/6 (33%),48%,9,36/67 (54%),17/44 (39%),5/12 (42%),72%,18,14,74,28,,3,,,,,13
11390421,54,52563,NORMAL,REGULAR,Round 7,LEAGUE,24265,Huesca,Visita,1ST,23/09/2023,7,2,34%,0.00,2,4,1,1,,135,5,7,1,,2,0,2,0,3,1,2,,0,,1,1,84,11,24,,6/34 (18%),1/5 (20%),47%,1,14/26 (54%),9/23 (39%),3/5 (60%),80%,5,6,30,7,,1,,,,,6
11390421,54,52563,NORMAL,REGULAR,Round 7,LEAGUE,24265,Huesca,Visita,2ND,23/09/2023,7,0,36%,0.00,0,2,2,1,,177,13,7,0,,0,0,2,0,2,0,0,,1,,0,2,123,6,29,,13/44 (30%),1/1 (100%),48%,8,22/41 (54%),8/21 (38%),2/7 (29%),69%,13,8,44,21,,2,,,,,7
11390401,54,52563,NORMAL,REGULAR,Round 8,LEAGUE,24338,Villarreal B U23,Local,ALL,30/09/2023,8,2,68%,0.00,3,25,2,7,16,535,15,12,2,,8,1,9,8,16,9,2,1,1,,2,,456,18,47,,18/39 (46%),9/26 (35%),47%,4,38/82 (46%),17/35 (49%),11/25 (44%),67%,15,7,69,16,,2,,,,,5
11390401,54,52563,NORMAL,REGULAR,Round 8,LEAGUE,24338,Villarreal B U23,Local,1ST,30/09/2023,8,1,61%,0.00,2,9,2,2,,231,5,8,2,,4,1,3,2,8,1,1,1,0,,1,,184,10,22,,9/25 (36%),6/12 (50%),39%,2,16/42 (38%),6/14 (43%),3/11 (27%),80%,5,4,32,9,,2,,,,,2
11390401,54,52563,NORMAL,REGULAR,Round 8,LEAGUE,24338,Villarreal B U23,Local,2ND,30/09/2023,8,1,74%,0.00,1,16,0,5,,304,10,4,0,,4,0,6,6,8,8,1,0,1,,1,,272,8,25,,9/14 (64%),3/14 (21%),54%,2,22/40 (55%),11/21 (52%),8/14 (57%),60%,10,3,37,7,,0,,,,,3
11390401,54,52563,NORMAL,REGULAR,Round 8,LEAGUE,24322,AD Alcorcón,Visita,ALL,30/09/2023,8,2,32%,0.00,2,10,6,4,13,260,18,16,3,,5,0,4,1,7,3,1,1,1,,2,,176,20,58,,32/72 (44%),3/10 (30%),53%,4,44/82 (54%),18/35 (51%),11/22 (50%),28%,18,14,67,35,,6,,,,,9
11390401,54,52563,NORMAL,REGULAR,Round 8,LEAGUE,24322,AD Alcorcón,Visita,1ST,30/09/2023,8,2,39%,0.00,2,7,3,3,,148,10,9,2,,5,0,1,1,5,2,1,1,1,,2,,102,13,31,,18/38 (47%),3/8 (38%),61%,1,26/42 (62%),8/14 (57%),7/11 (64%),40%,10,7,37,17,,3,,,,,1
11390401,54,52563,NORMAL,REGULAR,Round 8,LEAGUE,24322,AD Alcorcón,Visita,2ND,30/09/2023,8,0,26%,0.00,0,3,3,1,,112,8,7,1,,0,0,3,0,2,1,0,0,0,,0,,74,7,27,,14/34 (41%),0/2 (0%),46%,3,18/40 (45%),10/21 (48%),4/11 (36%),13%,8,7,30,18,,3,,,,,8
11390391,54,52563,NORMAL,REGULAR,Round 9,LEAGUE,24322,AD Alcorcón,Local,ALL,03/10/2023,9,1,59%,0.00,2,23,2,6,10,417,11,10,0,,6,0,13,4,11,12,1,1,0,,4,,324,25,76,,48/79 (61%),10/34 (29%),49%,13,26/58 (45%),21/38 (55%),6/12 (50%),45%,11,7,73,24,,2,,,,,7
11390391,54,52563,NORMAL,REGULAR,Round 9,LEAGUE,24322,AD Alcorcón,Local,1ST,03/10/2023,9,0,56%,0.00,0,8,1,1,,213,7,8,0,,0,0,6,2,2,6,0,0,0,,3,,162,13,33,,25/36 (69%),3/9 (33%),57%,7,16/29 (55%),10/17 (59%),2/3 (67%),57%,7,4,29,12,,1,,,,,4
11390391,54,52563,NORMAL,REGULAR,Round 9,LEAGUE,24322,AD Alcorcón,Local,2ND,03/10/2023,9,1,61%,0.00,2,15,1,5,,204,4,2,0,,6,0,7,2,9,6,1,1,0,,1,,162,12,43,,23/43 (53%),7/25 (28%),42%,6,10/29 (34%),11/21 (52%),4/9 (44%),25%,4,3,44,12,,1,,,,,3
11390391,54,52563,NORMAL,REGULAR,Round 9,LEAGUE,2848,Albacete Balompié,Visita,ALL,03/10/2023,9,2,41%,0.00,2,9,5,1,11,312,19,9,6,,4,0,1,4,6,3,1,1,1,,2,,203,32,67,,19/79 (24%),1/12 (8%),51%,6,32/58 (55%),17/38 (45%),4/9 (44%),47%,19,10,64,27,,5,,,,,14
11390391,54,52563,NORMAL,REGULAR,Round 9,LEAGUE,2848,Albacete Balompié,Visita,1ST,03/10/2023,9,1,44%,0.00,0,4,0,1,,167,8,3,3,,2,0,1,1,2,2,0,0,0,,1,,116,20,32,,5/32 (16%),0/7 (0%),43%,4,13/29 (45%),7/17 (41%),2/5 (40%),50%,8,8,27,9,,0,,,,,7
11390391,54,52563,NORMAL,REGULAR,Round 9,LEAGUE,2848,Albacete Balompié,Visita,2ND,03/10/2023,9,1,39%,0.00,2,5,5,0,,145,11,6,3,,2,0,0,3,4,1,1,1,1,,1,,87,12,35,,14/47 (30%),1/5 (20%),58%,2,19/29 (66%),10/21 (48%),2/4 (50%),45%,11,2,37,18,,5,,,,,7
11390379,54,52563,NORMAL,REGULAR,Round 10,LEAGUE,2815,Real Zaragoza,Local,ALL,08/10/2023,10,0,65%,0.00,2,15,0,6,12,495,15,17,5,,5,1,5,5,11,4,0,2,4,,2,5,422,22,72,,34/54 (63%),7/34 (21%),53%,6,38/69 (55%),24/48 (50%),6/15 (40%),40%,15,14,61,9,,0,,,,,7
11390379,54,52563,NORMAL,REGULAR,Round 10,LEAGUE,2815,Real Zaragoza,Local,1ST,08/10/2023,10,0,56%,0.00,0,5,0,3,,204,8,10,2,,0,1,4,1,2,3,0,0,2,,2,3,171,11,22,,15/23 (65%),1/15 (7%),58%,3,21/35 (60%),11/20 (55%),3/7 (43%),38%,8,4,35,5,,0,,,,,1
11390379,54,52563,NORMAL,REGULAR,Round 10,LEAGUE,2815,Real Zaragoza,Local,2ND,08/10/2023,10,0,72%,0.00,2,10,0,3,,291,7,7,3,,5,0,1,4,9,1,0,2,2,,0,2,251,11,50,,19/31 (61%),6/19 (32%),48%,3,17/34 (50%),13/28 (46%),3/8 (38%),43%,7,10,26,4,,0,,,,,6
11390379,54,52563,NORMAL,REGULAR,Round 10,LEAGUE,24322,AD Alcorcón,Visita,ALL,08/10/2023,10,2,35%,0.00,2,11,5,1,18,282,15,11,4,,2,0,7,2,6,5,2,0,0,,1,1,186,17,42,,37/76 (49%),1/7 (14%),47%,4,31/69 (45%),24/48 (50%),5/16 (31%),73%,15,13,64,35,,5,,,,,9
11390379,54,52563,NORMAL,REGULAR,Round 10,LEAGUE,24322,AD Alcorcón,Visita,1ST,08/10/2023,10,1,44%,0.00,1,4,0,1,,162,7,5,1,,1,0,2,1,2,2,1,0,0,,0,0,116,10,20,,24/44 (55%),1/6 (17%),42%,2,14/35 (40%),9/20 (45%),2/8 (25%),57%,7,5,35,19,,0,,,,,5
11390379,54,52563,NORMAL,REGULAR,Round 10,LEAGUE,24322,AD Alcorcón,Visita,2ND,08/10/2023,10,1,28%,0.00,1,7,5,0,,120,8,6,3,,1,0,5,1,4,3,1,0,0,,1,1,70,7,22,,13/32 (41%),0/1 (0%),52%,2,17/34 (50%),15/28 (54%),3/8 (38%),88%,8,8,29,16,,5,,,,,4
11390366,54,52563,NORMAL,REGULAR,Round 11,LEAGUE,324871,FC Andorra,Local,ALL,15/10/2023,11,2,64%,0.00,2,12,3,3,6,510,17,12,0,,3,0,8,1,7,5,2,,1,,4,2,450,23,54,,25/44 (57%),3/13 (23%),55%,7,38/66 (58%),14/29 (48%),9/14 (64%),65%,17,6,44,17,,3,,,,,11
11390366,54,52563,NORMAL,REGULAR,Round 11,LEAGUE,324871,FC Andorra,Local,1ST,15/10/2023,11,0,65%,0.00,0,6,1,2,,259,4,5,0,,1,0,4,1,4,2,0,,0,,1,0,231,10,32,,13/19 (68%),2/8 (25%),64%,4,12/20 (60%),9/13 (69%),3/4 (75%),75%,4,3,21,6,,1,,,,,2
11390366,54,52563,NORMAL,REGULAR,Round 11,LEAGUE,324871,FC Andorra,Local,2ND,15/10/2023,11,2,64%,0.00,2,6,2,1,,251,13,7,0,,2,0,4,0,3,3,2,,1,,3,2,219,13,22,,12/25 (48%),1/5 (20%),50%,3,26/46 (57%),5/16 (31%),6/10 (60%),62%,13,3,23,11,,2,,,,,9
11390366,54,52563,NORMAL,REGULAR,Round 11,LEAGUE,24322,AD Alcorcón,Visita,ALL,15/10/2023,11,0,36%,0.00,0,12,1,2,15,280,12,6,1,,3,2,7,2,6,6,0,,0,,2,1,206,26,51,,31/66 (47%),3/10 (30%),45%,9,28/66 (42%),15/29 (52%),10/18 (56%),58%,12,5,44,11,,1,,,,,15
11390366,54,52563,NORMAL,REGULAR,Round 11,LEAGUE,24322,AD Alcorcón,Visita,1ST,15/10/2023,11,0,35%,0.00,0,1,1,1,,141,5,2,1,,1,0,0,0,0,1,0,,0,,1,1,106,13,22,,20/39 (51%),0/6 (0%),36%,3,8/20 (40%),4/13 (31%),1/2 (50%),60%,5,1,19,4,,1,,,,,10
11390366,54,52563,NORMAL,REGULAR,Round 11,LEAGUE,24322,AD Alcorcón,Visita,2ND,15/10/2023,11,0,36%,0.00,0,11,0,1,,139,7,4,0,,2,2,7,2,6,5,0,,0,,1,0,100,13,29,,11/27 (41%),3/4 (75%),50%,6,20/46 (43%),11/16 (69%),9/16 (56%),57%,7,4,25,7,,0,,,,,5
11390360,54,52563,NORMAL,REGULAR,Round 12,LEAGUE,24322,AD Alcorcón,Local,ALL,23/10/2023,12,1,53%,0.00,1,19,5,6,7,438,5,9,2,,2,0,9,8,12,7,,1,,,2,2,362,18,48,,35/66 (53%),9/27 (33%),50%,6,19/44 (43%),19/32 (59%),6/9 (67%),40%,5,14,51,35,,5,,,,,9
11390360,54,52563,NORMAL,REGULAR,Round 12,LEAGUE,24322,AD Alcorcón,Local,1ST,23/10/2023,12,1,53%,0.00,0,14,3,4,,219,2,1,1,,2,0,7,5,10,4,,0,,,0,0,186,9,21,,22/39 (56%),5/12 (42%),47%,3,7/19 (37%),10/17 (59%),4/5 (80%),50%,2,6,21,18,,3,,,,,7
11390360,54,52563,NORMAL,REGULAR,Round 12,LEAGUE,24322,AD Alcorcón,Local,2ND,23/10/2023,12,0,53%,0.00,1,5,2,2,,219,3,8,1,,0,0,2,3,2,3,,1,,,2,2,176,9,27,,13/27 (48%),4/15 (27%),53%,3,12/25 (48%),9/15 (60%),2/4 (50%),33%,3,8,30,17,,2,,,,,2
11390360,54,52563,NORMAL,REGULAR,Round 12,LEAGUE,24329,FC Cartagena,Visita,ALL,23/10/2023,12,1,47%,0.00,0,16,1,7,9,391,9,7,3,,6,0,5,5,10,6,,0,,,1,0,295,23,64,,25/71 (35%),5/28 (18%),50%,3,25/44 (57%),13/32 (41%),9/11 (82%),44%,9,7,52,23,,1,,,,,6
11390360,54,52563,NORMAL,REGULAR,Round 12,LEAGUE,24329,FC Cartagena,Visita,1ST,23/10/2023,12,0,47%,0.00,0,10,1,3,,194,4,3,0,,3,0,4,3,8,2,,0,,,0,0,156,12,35,,16/36 (44%),4/15 (27%),53%,1,12/19 (63%),7/17 (41%),5/6 (83%),75%,4,4,25,9,,1,,,,,3
11390360,54,52563,NORMAL,REGULAR,Round 12,LEAGUE,24329,FC Cartagena,Visita,2ND,23/10/2023,12,1,47%,0.00,0,6,0,4,,197,5,4,3,,3,0,1,2,2,4,,0,,,1,0,139,11,29,,9/35 (26%),1/13 (8%),47%,2,13/25 (52%),6/15 (40%),4/5 (80%),20%,5,3,27,14,,0,,,,,3
11390344,54,52563,NORMAL,REGULAR,Round 13,LEAGUE,2851,Real Oviedo,Local,ALL,29/10/2023,13,2,50%,0.00,2,12,3,6,9,448,10,13,1,,4,1,5,3,11,1,2,,,,2,1,383,17,49,,16/39 (41%),6/27 (22%),52%,7,32/67 (48%),14/21 (67%),10/17 (59%),50%,10,8,65,12,,3,,,,,5
11390344,54,52563,NORMAL,REGULAR,Round 13,LEAGUE,2851,Real Oviedo,Local,1ST,29/10/2023,13,1,66%,0.00,1,7,2,2,,298,5,5,1,,2,1,4,1,7,0,1,,,,1,1,265,12,34,,9/23 (39%),3/14 (21%),54%,3,16/29 (55%),4/8 (50%),6/10 (60%),60%,5,1,33,1,,2,,,,,3
11390344,54,52563,NORMAL,REGULAR,Round 13,LEAGUE,2851,Real Oviedo,Local,2ND,29/10/2023,13,1,34%,0.00,1,5,1,4,,150,5,8,0,,2,0,1,2,4,1,1,,,,1,0,118,5,15,,7/16 (44%),3/13 (23%),51%,4,16/38 (42%),10/13 (77%),4/7 (57%),40%,5,7,32,11,,1,,,,,2
11390344,54,52563,NORMAL,REGULAR,Round 13,LEAGUE,24322,AD Alcorcón,Visita,ALL,29/10/2023,13,0,50%,0.00,0,6,2,2,14,468,14,9,5,,3,0,0,3,1,5,0,,,,1,1,385,16,48,,38/70 (54%),2/13 (15%),48%,6,35/67 (52%),7/21 (33%),12/16 (75%),86%,14,8,62,26,,2,,,,,8
11390344,54,52563,NORMAL,REGULAR,Round 13,LEAGUE,24322,AD Alcorcón,Visita,1ST,29/10/2023,13,0,34%,0.00,0,3,1,0,,159,7,2,1,,2,0,0,1,1,2,0,,,,0,1,126,8,19,,17/34 (50%),1/3 (33%),46%,3,13/29 (45%),4/8 (50%),4/6 (67%),71%,7,4,27,15,,1,,,,,5
11390344,54,52563,NORMAL,REGULAR,Round 13,LEAGUE,24322,AD Alcorcón,Visita,2ND,29/10/2023,13,0,66%,0.00,0,3,1,2,,309,7,7,4,,1,0,0,2,0,3,0,,,,1,0,259,8,29,,21/36 (58%),1/10 (10%),49%,3,22/38 (58%),3/13 (23%),8/10 (80%),100%,7,4,35,11,,1,,,,,3
11390337,54,52563,NORMAL,REGULAR,Round 14,LEAGUE,24322,AD Alcorcón,Local,ALL,05/11/2023,14,3,46%,0.00,2,17,2,3,18,409,23,7,3,,6,1,6,5,9,8,2,0,,,1,1,319,24,53,,38/85 (45%),1/13 (8%),43%,6,42/90 (47%),10/30 (33%),12/21 (57%),65%,23,11,62,29,,2,,,,,9
11390337,54,52563,NORMAL,REGULAR,Round 14,LEAGUE,24322,AD Alcorcón,Local,1ST,05/11/2023,14,1,55%,0.00,1,9,0,1,,271,9,4,0,,3,0,3,3,6,3,1,0,,,1,0,224,17,36,,18/45 (40%),1/9 (11%),43%,4,20/43 (47%),5/15 (33%),7/13 (54%),56%,9,3,27,4,,0,,,,,5
11390337,54,52563,NORMAL,REGULAR,Round 14,LEAGUE,24322,AD Alcorcón,Local,2ND,05/11/2023,14,2,36%,0.00,1,8,2,2,,138,14,3,3,,3,1,3,2,3,5,1,0,,,0,1,95,7,17,,20/40 (50%),0/4 (0%),44%,2,22/47 (47%),5/15 (33%),5/8 (63%),71%,14,8,35,25,,2,,,,,4
11390337,54,52563,NORMAL,REGULAR,Round 14,LEAGUE,2835,Real Racing Club,Visita,ALL,05/11/2023,14,1,54%,0.00,2,10,3,3,7,482,15,18,1,,3,0,3,4,8,2,1,1,,,5,3,376,24,59,,18/40 (45%),3/13 (23%),57%,12,48/90 (53%),20/30 (67%),16/27 (59%),73%,15,8,59,8,,3,,,,,7
11390337,54,52563,NORMAL,REGULAR,Round 14,LEAGUE,2835,Real Racing Club,Visita,1ST,05/11/2023,14,0,45%,0.00,0,4,2,0,,230,10,5,1,,0,0,3,1,4,0,0,0,,,0,1,174,12,24,,13/29 (45%),1/3 (33%),57%,4,23/43 (53%),10/15 (67%),8/13 (62%),80%,10,5,30,4,,2,,,,,4
11390337,54,52563,NORMAL,REGULAR,Round 14,LEAGUE,2835,Real Racing Club,Visita,2ND,05/11/2023,14,1,64%,0.00,2,6,1,3,,252,5,13,0,,3,0,0,3,4,2,1,1,,,5,2,202,12,35,,5/11 (45%),2/10 (20%),56%,8,25/47 (53%),10/15 (67%),8/14 (57%),60%,5,3,29,4,,1,,,,,3
11390321,54,52563,NORMAL,REGULAR,Round 15,LEAGUE,2854,Burgos Club de Fútbol,Local,ALL,12/11/2023,15,4,49%,0.00,5,15,1,5,14,406,18,6,1,,7,1,4,4,9,6,4,1,,,1,3,321,36,80,,23/62 (37%),11/29 (38%),45%,6,32/71 (45%),18/40 (45%),8/17 (47%),50%,18,5,60,12,,1,,,,,5
11390321,54,52563,NORMAL,REGULAR,Round 15,LEAGUE,2854,Burgos Club de Fútbol,Local,1ST,12/11/2023,15,0,52%,0.00,1,7,1,3,,233,6,3,0,,3,1,3,1,3,4,0,1,,,0,1,187,19,44,,13/35 (37%),3/13 (23%),43%,1,13/26 (50%),8/23 (35%),4/9 (44%),33%,6,1,30,3,,1,,,,,2
11390321,54,52563,NORMAL,REGULAR,Round 15,LEAGUE,2854,Burgos Club de Fútbol,Local,2ND,12/11/2023,15,4,46%,0.00,4,8,0,2,,173,12,3,1,,4,0,1,3,6,2,4,0,,,1,2,134,17,36,,10/27 (37%),8/16 (50%),47%,5,19/45 (42%),10/17 (59%),4/8 (50%),58%,12,4,30,9,,0,,,,,3
11390321,54,52563,NORMAL,REGULAR,Round 15,LEAGUE,24322,AD Alcorcón,Visita,ALL,12/11/2023,15,2,51%,0.00,1,9,3,2,7,444,15,14,0,,3,0,1,5,5,4,1,0,,,3,0,357,17,45,,31/69 (45%),1/10 (10%),55%,6,39/71 (55%),22/40 (55%),11/23 (48%),73%,15,8,53,24,,3,,,,,13
11390321,54,52563,NORMAL,REGULAR,Round 15,LEAGUE,24322,AD Alcorcón,Visita,1ST,12/11/2023,15,2,48%,0.00,1,6,3,2,,227,6,3,0,,3,0,0,3,3,3,1,0,,,0,0,180,6,18,,17/39 (44%),1/3 (33%),57%,4,13/26 (50%),15/23 (65%),5/7 (71%),100%,6,6,25,11,,3,,,,,9
11390321,54,52563,NORMAL,REGULAR,Round 15,LEAGUE,24322,AD Alcorcón,Visita,2ND,12/11/2023,15,0,54%,0.00,0,3,0,0,,217,9,11,0,,0,0,1,2,2,1,0,0,,,3,0,177,11,27,,14/30 (47%),0/7 (0%),53%,2,26/45 (58%),7/17 (41%),6/16 (38%),56%,9,2,28,13,,0,,,,,4
11390317,54,52563,NORMAL,REGULAR,Round 16,LEAGUE,24322,AD Alcorcón,Local,ALL,18/11/2023,16,0,34%,0.00,2,15,2,5,14,271,14,10,2,,2,1,8,5,9,6,,2,0,,0,2,211,10,24,,17/42 (40%),5/12 (42%),47%,5,34/75 (45%),9/16 (56%),10/18 (56%),50%,14,10,50,29,,2,,,,,14
11390317,54,52563,NORMAL,REGULAR,Round 16,LEAGUE,24322,AD Alcorcón,Local,1ST,18/11/2023,16,0,33%,0.00,0,4,1,1,,144,5,3,1,,0,0,4,0,1,3,,0,0,,0,0,114,9,12,,8/19 (42%),1/5 (20%),39%,3,11/32 (34%),4/6 (67%),3/6 (50%),60%,5,3,19,13,,1,,,,,8
11390317,54,52563,NORMAL,REGULAR,Round 16,LEAGUE,24322,AD Alcorcón,Local,2ND,18/11/2023,16,0,36%,0.00,2,11,1,4,,127,9,7,1,,2,1,4,5,8,3,,2,0,,0,2,97,1,12,,9/23 (39%),4/7 (57%),53%,2,23/43 (53%),5/10 (50%),7/12 (58%),44%,9,7,31,16,,1,,,,,6
11390317,54,52563,NORMAL,REGULAR,Round 16,LEAGUE,2852,Sporting Gijón,Visita,ALL,18/11/2023,16,0,66%,0.00,0,16,2,7,10,514,13,13,2,,2,0,8,6,10,6,,0,1,,3,1,447,24,75,,24/54 (44%),6/32 (19%),53%,4,41/75 (55%),7/16 (44%),15/25 (60%),62%,13,9,45,8,,2,,,,,11
11390317,54,52563,NORMAL,REGULAR,Round 16,LEAGUE,2852,Sporting Gijón,Visita,1ST,18/11/2023,16,0,67%,0.00,0,8,0,4,,290,6,7,0,,1,0,4,3,4,4,,0,0,,2,1,259,7,29,,14/27 (52%),3/16 (19%),61%,2,21/32 (66%),2/6 (33%),8/11 (73%),83%,6,6,24,4,,0,,,,,4
11390317,54,52563,NORMAL,REGULAR,Round 16,LEAGUE,2852,Sporting Gijón,Visita,2ND,18/11/2023,16,0,64%,0.00,0,8,2,3,,224,7,6,2,,1,0,4,3,6,2,,0,1,,1,0,188,17,46,,10/27 (37%),3/16 (19%),47%,2,20/43 (47%),5/10 (50%),7/14 (50%),43%,7,3,21,4,,2,,,,,7
11390300,54,52563,NORMAL,REGULAR,Round 17,LEAGUE,2814,Espanyol,Local,ALL,26/11/2023,17,2,65%,0.00,3,23,1,8,16,611,14,10,2,0,9,0,6,8,15,8,2,1,0,,2,1,540,26,70,,28/51 (55%),10/37 (27%),48%,8,29/66 (44%),20/37 (54%),6/15 (40%),79%,14,8,55,11,,1,,,,,3
11390300,54,52563,NORMAL,REGULAR,Round 17,LEAGUE,2814,Espanyol,Local,1ST,26/11/2023,17,1,66%,0.00,2,14,0,6,,289,10,4,0,0,4,0,3,7,10,4,1,1,0,,1,0,250,15,37,,9/21 (43%),8/26 (31%),49%,6,17/33 (52%),10/22 (45%),3/5 (60%),80%,10,4,29,4,,0,,,,,2
11390300,54,52563,NORMAL,REGULAR,Round 17,LEAGUE,2814,Espanyol,Local,2ND,26/11/2023,17,1,64%,0.00,1,9,1,2,,322,4,6,2,0,5,0,3,1,5,4,1,0,0,,1,1,290,11,33,,19/30 (63%),2/11 (18%),46%,2,12/33 (36%),10/15 (67%),3/10 (30%),75%,4,4,26,7,,1,,,,,1
11390300,54,52563,NORMAL,REGULAR,Round 17,LEAGUE,24322,AD Alcorcón,Visita,ALL,26/11/2023,17,0,35%,0.00,1,6,7,2,11,336,17,16,2,1,1,0,1,4,3,3,0,1,1,,1,4,256,18,34,,33/69 (48%),2/7 (29%),52%,4,37/66 (56%),17/37 (46%),5/15 (33%),71%,17,11,48,27,,7,,,,,14
11390300,54,52563,NORMAL,REGULAR,Round 17,LEAGUE,24322,AD Alcorcón,Visita,1ST,26/11/2023,17,0,34%,0.00,0,2,3,1,,156,8,5,0,0,0,0,0,2,0,2,0,0,1,,0,1,113,12,16,,17/39 (44%),0/2 (0%),51%,3,16/33 (48%),12/22 (55%),4/11 (36%),88%,8,8,23,15,,3,,,,,8
11390300,54,52563,NORMAL,REGULAR,Round 17,LEAGUE,24322,AD Alcorcón,Visita,2ND,26/11/2023,17,0,36%,0.00,1,4,4,1,,180,9,11,2,1,1,0,1,2,3,1,0,1,0,,1,3,143,6,18,,16/30 (53%),2/5 (40%),54%,1,21/33 (64%),5/15 (33%),1/4 (25%),56%,9,3,25,12,,4,,,,,6
11390287,54,52563,NORMAL,REGULAR,Round 18,LEAGUE,24322,AD Alcorcón,Local,ALL,03/12/2023,18,0,41%,0.00,1,10,6,4,12,377,13,11,3,1,2,0,5,3,7,3,0,1,0,,2,2,287,22,51,,27/58 (47%),7/17 (41%),47%,11,33/71 (46%),15/31 (48%),9/15 (60%),77%,13,4,52,22,,6,,,,,11
11390287,54,52563,NORMAL,REGULAR,Round 18,LEAGUE,24322,AD Alcorcón,Local,1ST,03/12/2023,18,0,46%,0.00,0,7,4,3,,199,8,6,1,0,2,0,4,1,5,2,0,0,0,,1,0,157,13,26,,12/27 (44%),4/9 (44%),52%,5,19/38 (50%),13/23 (57%),5/9 (56%),75%,8,2,24,13,,4,,,,,6
11390287,54,52563,NORMAL,REGULAR,Round 18,LEAGUE,24322,AD Alcorcón,Local,2ND,03/12/2023,18,0,38%,0.00,1,3,2,1,,178,5,5,2,1,0,0,1,2,2,1,0,1,0,,1,2,130,9,25,,15/31 (48%),3/8 (38%),39%,6,14/33 (42%),2/8 (25%),4/6 (67%),80%,5,2,28,9,,2,,,,,5
11390287,54,52563,NORMAL,REGULAR,Round 18,LEAGUE,2846,Elche,Visita,ALL,03/12/2023,18,2,59%,0.00,2,22,2,4,11,545,17,12,1,0,9,1,8,5,13,9,1,1,2,,2,2,467,22,51,,38/70 (54%),5/19 (26%),53%,5,38/71 (54%),16/31 (52%),9/17 (53%),41%,17,7,68,14,,2,,,,,6
11390287,54,52563,NORMAL,REGULAR,Round 18,LEAGUE,2846,Elche,Visita,1ST,03/12/2023,18,1,54%,0.00,1,11,2,2,,240,9,6,1,0,5,0,4,2,7,4,0,1,1,,1,1,202,13,27,,14/34 (41%),4/11 (36%),48%,3,19/38 (50%),10/23 (43%),4/9 (44%),56%,9,4,33,7,,2,,,,,5
11390287,54,52563,NORMAL,REGULAR,Round 18,LEAGUE,2846,Elche,Visita,2ND,03/12/2023,18,1,62%,0.00,1,11,0,2,,305,8,6,0,0,4,1,4,3,6,5,1,0,1,,1,1,265,9,24,,24/36 (67%),1/8 (13%),61%,2,19/33 (58%),6/8 (75%),5/8 (63%),25%,8,3,35,7,,0,,,,,1
11836707,329,55373,NORMAL,REGULAR,Round 2,CUP,24322,AD Alcorcón,Local,ALL,06/12/2023,2,0,,,,,,3,,,,,5,0,,,,,,,,,,,,,,,,,,,,,,,,,,,,,,,,,,,
11836707,329,55373,NORMAL,REGULAR,Round 2,CUP,24322,AD Alcorcón,Local,1ST,06/12/2023,2,,,,,,,,,,,,,,,,,,,,,,,,,,,,,,,,,,,,,,,,,,,,,,,,
11836707,329,55373,NORMAL,REGULAR,Round 2,CUP,24322,AD Alcorcón,Local,2ND,06/12/2023,2,,,,,,,,,,,,,,,,,,,,,,,,,,,,,,,,,,,,,,,,,,,,,,,,
11836707,329,55373,NORMAL,REGULAR,Round 2,CUP,24329,FC Cartagena,Visita,ALL,06/12/2023,2,0,,,,,,6,,,,,2,1,,,,,,,,,,,,,,,,,,,,,,,,,,,,,,,,,,,
11836707,329,55373,NORMAL,REGULAR,Round 2,CUP,24329,FC Cartagena,Visita,1ST,06/12/2023,2,,,,,,,,,,,,,,,,,,,,,,,,,,,,,,,,,,,,,,,,,,,,,,,,
11836707,329,55373,NORMAL,REGULAR,Round 2,CUP,24329,FC Cartagena,Visita,2ND,06/12/2023,2,,,,,,,,,,,,,,,,,,,,,,,,,,,,,,,,,,,,,,,,,,,,,,,,
11390281,54,52563,NORMAL,REGULAR,Round 19,LEAGUE,2822,CD Tenerife,Local,ALL,11/12/2023,19,1,49%,0.00,3,14,2,3,13,406,4,17,1,,5,0,7,2,11,3,1,2,,,1,2,316,19,45,,32/65 (49%),6/17 (35%),54%,2,28/49 (57%),25/50 (50%),7/11 (64%),0%,4,14,49,15,,2,,,,,8
11390281,54,52563,NORMAL,REGULAR,Round 19,LEAGUE,2822,CD Tenerife,Local,1ST,11/12/2023,19,0,63%,0.00,2,9,1,2,,232,2,8,0,,3,0,5,1,7,2,0,2,,,0,1,201,8,21,,20/31 (65%),4/10 (40%),63%,2,14/24 (58%),16/24 (67%),4/6 (67%),0%,2,3,20,9,,1,,,,,6
11390281,54,52563,NORMAL,REGULAR,Round 19,LEAGUE,2822,CD Tenerife,Local,2ND,11/12/2023,19,1,38%,0.00,1,5,1,1,,174,2,9,1,,2,0,2,1,4,1,1,0,,,1,1,115,11,24,,12/34 (35%),2/7 (29%),45%,0,14/25 (56%),9/26 (35%),3/5 (60%),0%,2,11,29,6,,1,,,,,2
11390281,54,52563,NORMAL,REGULAR,Round 19,LEAGUE,24322,AD Alcorcón,Visita,ALL,11/12/2023,19,0,51%,0.00,0,11,4,3,19,427,6,12,5,,2,0,4,5,5,6,0,0,,,0,0,318,27,47,,37/80 (46%),5/13 (38%),46%,3,21/49 (43%),25/50 (50%),3/4 (75%),67%,6,8,41,13,,4,,,,,12
11390281,54,52563,NORMAL,REGULAR,Round 19,LEAGUE,24322,AD Alcorcón,Visita,1ST,11/12/2023,19,0,37%,0.00,0,6,3,2,,136,4,6,1,,1,0,3,2,1,5,0,0,,,0,0,90,11,19,,10/34 (29%),2/5 (40%),37%,1,10/24 (42%),8/24 (33%),0/1 (0%),75%,4,5,17,8,,3,,,,,7
11390281,54,52563,NORMAL,REGULAR,Round 19,LEAGUE,24322,AD Alcorcón,Visita,2ND,11/12/2023,19,0,62%,0.00,0,5,1,1,,291,2,6,4,,1,0,1,3,4,1,0,0,,,0,0,228,16,28,,27/46 (59%),3/8 (38%),55%,2,11/25 (44%),17/26 (65%),3/3 (100%),50%,2,3,24,5,,1,,,,,5
11390273,54,52563,NORMAL,REGULAR,Round 20,LEAGUE,24322,AD Alcorcón,Local,ALL,17/12/2023,20,1,31%,0.00,1,6,7,2,18,230,10,7,1,,3,0,3,0,1,5,1,0,,,1,3,147,24,48,,30/75 (40%),1/9 (11%),43%,1,23/55 (42%),17/37 (46%),6/10 (60%),60%,10,6,39,29,,7,,,,,16
11390273,54,52563,NORMAL,REGULAR,Round 20,LEAGUE,24322,AD Alcorcón,Local,1ST,17/12/2023,20,1,39%,0.00,1,5,3,1,,146,6,5,0,,2,0,3,0,1,4,1,0,,,0,1,106,13,22,,17/37 (46%),1/6 (17%),47%,0,11/26 (42%),9/17 (53%),0/2 (0%),67%,6,3,19,10,,3,,,,,6
11390273,54,52563,NORMAL,REGULAR,Round 20,LEAGUE,24322,AD Alcorcón,Local,2ND,17/12/2023,20,0,23%,0.00,0,1,4,1,,84,4,2,1,,1,0,0,0,0,1,0,0,,,1,2,41,11,26,,13/38 (34%),0/3 (0%),41%,1,12/29 (41%),8/20 (40%),6/8 (75%),50%,4,3,20,19,,4,,,,,10
11390273,54,52563,NORMAL,REGULAR,Round 20,LEAGUE,2839,Eibar,Visita,ALL,17/12/2023,20,0,69%,0.00,1,18,2,13,9,484,5,18,2,,7,0,5,6,11,7,0,1,,,3,1,414,21,68,,46/68 (68%),11/44 (25%),57%,6,32/55 (58%),20/37 (54%),9/13 (69%),80%,5,4,39,23,,2,,,,,6
11390273,54,52563,NORMAL,REGULAR,Round 20,LEAGUE,2839,Eibar,Visita,1ST,17/12/2023,20,0,61%,0.00,0,7,1,4,,220,2,8,1,,3,0,1,3,3,4,0,0,,,2,0,176,9,32,,26/42 (62%),5/15 (33%),53%,4,15/26 (58%),8/17 (47%),5/7 (71%),100%,2,3,18,9,,1,,,,,6
11390273,54,52563,NORMAL,REGULAR,Round 20,LEAGUE,2839,Eibar,Visita,2ND,17/12/2023,20,0,77%,0.00,1,11,1,9,,264,3,10,1,,4,0,4,3,8,3,0,1,,,1,1,238,12,36,,20/26 (77%),6/29 (21%),59%,2,17/29 (59%),12/20 (60%),4/6 (67%),67%,3,1,21,14,,1,,,,,0
11390258,54,52563,NORMAL,REGULAR,Round 21,LEAGUE,54103,SD Amorebieta,Local,ALL,21/12/2023,21,1,70%,0.00,1,7,3,9,12,541,6,19,3,,2,0,3,2,5,2,1,0,,,2,0,450,24,57,,32/73 (44%),3/22 (14%),53%,13,32/65 (49%),23/38 (61%),8/13 (62%),33%,6,7,50,13,,3,,,,,8
11390258,54,52563,NORMAL,REGULAR,Round 21,LEAGUE,54103,SD Amorebieta,Local,1ST,21/12/2023,21,1,70%,0.00,1,5,1,5,,246,3,12,1,,2,0,1,2,4,1,1,0,,,1,0,205,9,23,,16/36 (44%),3/13 (23%),64%,7,19/33 (58%),13/17 (76%),5/6 (83%),0%,3,4,18,10,,1,,,,,3
11390258,54,52563,NORMAL,REGULAR,Round 21,LEAGUE,54103,SD Amorebieta,Local,2ND,21/12/2023,21,0,70%,0.00,0,2,2,4,,295,3,7,2,,0,0,2,0,1,1,0,0,,,1,0,245,15,34,,16/37 (43%),0/9 (0%),43%,6,13/32 (41%),10/21 (48%),3/7 (43%),67%,3,3,32,3,,2,,,,,5
11390258,54,52563,NORMAL,REGULAR,Round 21,LEAGUE,24322,AD Alcorcón,Visita,ALL,21/12/2023,21,2,30%,0.00,3,12,1,3,19,237,18,10,4,,5,2,5,2,6,6,2,1,,,5,2,149,15,54,,27/61 (44%),2/13 (15%),47%,3,33/65 (51%),15/38 (39%),5/8 (63%),78%,18,6,52,24,,1,,,,,8
11390258,54,52563,NORMAL,REGULAR,Round 21,LEAGUE,24322,AD Alcorcón,Visita,1ST,21/12/2023,21,1,30%,0.00,1,5,1,1,,107,8,4,3,,2,1,2,1,2,3,1,0,,,3,2,69,10,23,,9/25 (36%),1/7 (14%),36%,2,14/33 (42%),4/17 (24%),2/3 (67%),75%,8,1,20,8,,1,,,,,4
11390258,54,52563,NORMAL,REGULAR,Round 21,LEAGUE,24322,AD Alcorcón,Visita,2ND,21/12/2023,21,1,30%,0.00,2,7,0,2,,130,10,6,1,,3,1,3,1,4,3,1,1,,,2,0,80,5,31,,18/36 (50%),1/6 (17%),57%,1,19/32 (59%),11/21 (52%),3/5 (60%),80%,10,5,32,16,,0,,,,,4
11390250,54,52563,NORMAL,REGULAR,Round 22,LEAGUE,24322,AD Alcorcón,Local,ALL,13/01/2024,22,0,52%,0.00,,14,2,3,10,393,38,5,0,,2,0,9,3,7,7,,,,,2,3,312,23,66,,42/84 (50%),6/29 (21%),55%,10,50/93 (54%),22/39 (56%),7/20 (35%),55%,38,8,56,24,,2,,,,,14
11390250,54,52563,NORMAL,REGULAR,Round 22,LEAGUE,24322,AD Alcorcón,Local,1ST,13/01/2024,22,0,46%,0.00,,4,0,0,,186,25,1,0,,0,0,2,2,2,2,,,,,0,1,139,11,29,,17/44 (39%),0/5 (0%),56%,8,26/48 (54%),12/20 (60%),0/7 (0%),68%,25,3,24,20,,0,,,,,11
11390250,54,52563,NORMAL,REGULAR,Round 22,LEAGUE,24322,AD Alcorcón,Local,2ND,13/01/2024,22,0,58%,0.00,,10,2,3,,207,13,4,0,,2,0,7,1,5,5,,,,,2,2,173,12,37,,25/40 (63%),6/24 (25%),53%,2,24/45 (53%),10/19 (53%),7/13 (54%),31%,13,5,32,4,,2,,,,,3
11390250,54,52563,NORMAL,REGULAR,Round 22,LEAGUE,35092,Mirandés,Visita,ALL,13/01/2024,22,0,48%,0.00,,12,2,3,7,374,23,9,1,,2,0,9,1,4,8,,,,,1,1,294,21,42,,21/56 (38%),4/14 (29%),45%,21,43/93 (46%),17/39 (44%),11/28 (39%),52%,23,4,54,23,,2,,,,,13
11390250,54,52563,NORMAL,REGULAR,Round 22,LEAGUE,35092,Mirandés,Visita,1ST,13/01/2024,22,0,54%,0.00,,8,0,3,,212,15,3,0,,0,0,7,1,2,6,,,,,1,1,169,13,26,,12/29 (41%),4/12 (33%),44%,14,22/48 (46%),8/20 (40%),4/15 (27%),60%,15,3,32,6,,0,,,,,3
11390250,54,52563,NORMAL,REGULAR,Round 22,LEAGUE,35092,Mirandés,Visita,2ND,13/01/2024,22,0,42%,0.00,,4,2,0,,162,8,6,1,,2,0,2,0,2,2,,,,,0,0,125,8,16,,9/27 (33%),0/2 (0%),47%,7,21/45 (47%),9/19 (47%),7/13 (54%),38%,8,1,22,17,,2,,,,,10
11390240,54,52563,NORMAL,REGULAR,Round 23,LEAGUE,2848,Albacete Balompié,Local,ALL,20/01/2024,23,0,65%,0.00,0,16,2,3,19,496,12,12,2,,2,0,8,6,7,9,,0,1,23,3,0,419,23,66,123/164 (75%),32/51 (63%),4/21 (19%),37%,11,29/77 (38%),11/31 (35%),5/17 (29%),75%,12,9,58,8,,2,,,1,0,8
11390240,54,52563,NORMAL,REGULAR,Round 23,LEAGUE,2848,Albacete Balompié,Local,1ST,20/01/2024,23,0,65%,0.00,0,8,1,0,,242,7,7,1,,0,0,6,2,2,6,,0,0,,2,0,207,11,30,,18/26 (69%),3/7 (43%),39%,6,16/41 (39%),7/18 (39%),2/12 (17%),71%,7,5,30,5,,1,,,,,2
11390240,54,52563,NORMAL,REGULAR,Round 23,LEAGUE,2848,Albacete Balompié,Local,2ND,20/01/2024,23,0,64%,0.00,0,8,1,3,,254,5,5,1,,2,0,2,4,5,3,,0,1,,1,0,212,12,36,,14/25 (56%),1/14 (7%),35%,5,13/36 (36%),4/13 (31%),3/5 (60%),80%,5,4,28,3,,1,,,,,6
11390240,54,52563,NORMAL,REGULAR,Round 23,LEAGUE,24322,AD Alcorcón,Visita,ALL,20/01/2024,23,1,35%,0.00,1,15,2,2,12,270,23,19,4,,3,1,9,3,11,4,,1,0,21,2,2,195,17,39,41/74 (55%),40/76 (53%),4/12 (33%),63%,7,48/77 (62%),20/31 (65%),7/12 (58%),70%,23,12,44,19,,2,,,0,2,13
11390240,54,52563,NORMAL,REGULAR,Round 23,LEAGUE,24322,AD Alcorcón,Visita,1ST,20/01/2024,23,0,35%,0.00,1,6,0,1,,126,16,8,1,,1,0,3,2,6,0,,1,0,,1,1,82,10,18,,18/35 (51%),3/6 (50%),61%,3,25/41 (61%),11/18 (61%),2/6 (33%),75%,16,7,21,8,,0,,,,,7
11390240,54,52563,NORMAL,REGULAR,Round 23,LEAGUE,24322,AD Alcorcón,Visita,2ND,20/01/2024,23,1,36%,0.00,0,9,2,1,,144,7,11,3,,2,1,6,1,5,4,,0,0,,1,1,113,7,21,,22/41 (54%),1/6 (17%),65%,4,23/36 (64%),9/13 (69%),5/6 (83%),57%,7,5,23,11,,2,,,,,6
11390229,54,52563,NORMAL,REGULAR,Round 24,LEAGUE,24322,AD Alcorcón,Local,ALL,27/01/2024,24,0,49%,0.00,,9,1,4,12,346,24,8,0,,2,0,2,5,6,3,,,,17,1,0,222,34,74,67/121 (55%),36/82 (44%),6/22 (27%),48%,9,36/65 (55%),23/58 (40%),4/12 (33%),71%,24,7,56,16,,1,,,3,0,10
11390229,54,52563,NORMAL,REGULAR,Round 24,LEAGUE,24322,AD Alcorcón,Local,1ST,27/01/2024,24,0,53%,0.00,,5,0,2,,202,11,2,0,,2,0,1,2,3,2,,,,,1,0,137,20,34,,22/44 (50%),4/16 (25%),51%,6,16/29 (55%),11/24 (46%),3/6 (50%),91%,11,5,31,8,,0,,,,,5
11390229,54,52563,NORMAL,REGULAR,Round 24,LEAGUE,24322,AD Alcorcón,Local,2ND,27/01/2024,24,0,44%,0.00,,4,1,2,,144,13,6,0,,0,0,1,3,3,1,,,,,0,0,85,14,40,,14/38 (37%),2/6 (33%),46%,3,20/36 (56%),12/34 (35%),1/6 (17%),54%,13,2,25,8,,1,,,,,5
11390229,54,52563,NORMAL,REGULAR,Round 24,LEAGUE,2815,Real Zaragoza,Visita,ALL,27/01/2024,24,0,51%,0.00,,5,2,0,8,374,17,12,1,,1,0,0,4,4,1,,,,10,2,1,266,23,73,57/123 (46%),29/75 (39%),1/11 (9%),52%,19,29/65 (45%),35/58 (60%),3/8 (38%),53%,17,21,62,30,,2,,,0,1,6
11390229,54,52563,NORMAL,REGULAR,Round 24,LEAGUE,2815,Real Zaragoza,Visita,1ST,27/01/2024,24,0,47%,0.00,,0,2,0,,189,9,2,0,,0,0,0,0,0,0,,,,,0,1,130,15,38,,10/32 (31%),0/3 (0%),49%,10,13/29 (45%),13/24 (54%),2/3 (67%),44%,9,15,36,18,,2,,,,,2
11390229,54,52563,NORMAL,REGULAR,Round 24,LEAGUE,2815,Real Zaragoza,Visita,2ND,27/01/2024,24,0,56%,0.00,,5,0,0,,185,8,10,1,,1,0,0,4,4,1,,,,,2,0,136,8,35,,19/43 (44%),1/8 (13%),54%,9,16/36 (44%),22/34 (65%),1/5 (20%),63%,8,6,26,12,,0,,,,,4
11390211,54,52563,NORMAL,REGULAR,Round 25,LEAGUE,24265,Huesca,Local,ALL,03/02/2024,25,1,51%,0.00,3,11,4,4,8,441,12,15,1,,3,0,7,1,6,5,1,2,,17,5,0,363,18,59,66/105 (63%),30/70 (43%),5/15 (33%),47%,6,35/69 (51%),17/41 (41%),8/18 (44%),50%,12,2,55,15,,4,,1,1,,4
11390211,54,52563,NORMAL,REGULAR,Round 25,LEAGUE,24265,Huesca,Local,1ST,03/02/2024,25,0,49%,0.00,0,6,3,3,,211,4,6,0,,0,0,5,1,1,5,0,0,,,3,0,179,5,25,,15/30 (50%),1/6 (17%),49%,3,14/31 (45%),7/12 (58%),4/9 (44%),75%,4,1,25,7,,3,,,,,2
11390211,54,52563,NORMAL,REGULAR,Round 25,LEAGUE,24265,Huesca,Local,2ND,03/02/2024,25,1,54%,0.00,3,5,1,1,,230,8,9,1,,3,0,2,0,5,0,1,2,,,2,0,184,13,34,,15/40 (38%),4/9 (44%),46%,3,21/38 (55%),10/29 (34%),4/9 (44%),38%,8,1,30,8,,1,,,,,2
11390211,54,52563,NORMAL,REGULAR,Round 25,LEAGUE,24322,AD Alcorcón,Visita,ALL,03/02/2024,25,0,49%,0.00,0,8,2,5,15,415,16,8,2,,4,0,1,3,5,3,0,0,,13,0,1,326,15,48,87/129 (67%),49/82 (60%),5/18 (28%),53%,6,34/69 (49%),24/41 (59%),10/16 (63%),63%,16,4,46,17,,2,,0,0,,12
11390211,54,52563,NORMAL,REGULAR,Round 25,LEAGUE,24322,AD Alcorcón,Visita,1ST,03/02/2024,25,0,51%,0.00,0,5,0,2,,224,8,3,1,,3,0,1,1,4,1,0,0,,,0,0,188,6,21,,25/39 (64%),3/9 (33%),51%,1,17/31 (55%),5/12 (42%),6/9 (67%),63%,8,2,22,7,,0,,,,,7
11390211,54,52563,NORMAL,REGULAR,Round 25,LEAGUE,24322,AD Alcorcón,Visita,2ND,03/02/2024,25,0,46%,0.00,0,3,2,3,,191,8,5,1,,1,0,0,2,1,2,0,0,,,0,1,138,9,27,,24/43 (56%),2/9 (22%),54%,5,17/38 (45%),19/29 (66%),4/7 (57%),63%,8,2,24,10,,2,,,,,5
11390208,54,52563,NORMAL,REGULAR,Round 26,LEAGUE,24322,AD Alcorcón,Local,ALL,11/02/2024,26,1,26%,0.00,1,6,2,4,17,222,14,3,3,,1,0,4,1,2,4,1,0,,12,0,3,155,16,43,35/75 (47%),22/54 (41%),2/10 (20%),39%,6,20/57 (35%),11/22 (50%),3/9 (33%),43%,14,11,45,32,0,2,,1,1,2,12
11390208,54,52563,NORMAL,REGULAR,Round 26,LEAGUE,24322,AD Alcorcón,Local,1ST,11/02/2024,26,1,28%,0.00,1,4,1,2,,115,10,1,0,,1,0,2,1,2,2,1,0,,,0,2,82,8,21,,11/27 (41%),2/5 (40%),43%,2,12/29 (41%),7/15 (47%),1/6 (17%),40%,10,3,19,22,,1,,,,,9
11390208,54,52563,NORMAL,REGULAR,Round 26,LEAGUE,24322,AD Alcorcón,Local,2ND,11/02/2024,26,0,24%,0.00,0,2,1,2,,107,4,2,3,,0,0,2,0,0,2,0,0,,,0,1,73,8,22,,11/27 (41%),0/5 (0%),34%,4,8/28 (29%),4/7 (57%),2/3 (67%),50%,4,8,26,10,,1,,,,,3
11390208,54,52563,NORMAL,REGULAR,Round 26,LEAGUE,324871,FC Andorra,Visita,ALL,11/02/2024,26,0,74%,0.00,1,13,0,6,3,635,12,17,1,,3,0,7,3,8,5,0,1,,22,2,0,561,21,88,158/201 (79%),25/46 (54%),3/28 (11%),61%,3,37/57 (65%),11/22 (50%),9/20 (45%),67%,12,3,44,14,1,0,,0,0,0,7
11390208,54,52563,NORMAL,REGULAR,Round 26,LEAGUE,324871,FC Andorra,Visita,1ST,11/02/2024,26,0,72%,0.00,1,9,0,5,,299,7,8,0,,2,0,5,2,7,2,0,1,,,1,0,260,13,34,,9/22 (41%),2/16 (13%),57%,2,17/29 (59%),8/15 (53%),2/10 (20%),86%,7,1,21,9,,0,,,,,2
11390208,54,52563,NORMAL,REGULAR,Round 26,LEAGUE,324871,FC Andorra,Visita,2ND,11/02/2024,26,0,76%,0.00,0,4,0,1,,336,5,9,1,,1,0,2,1,1,3,0,0,,,1,0,301,8,54,,16/24 (67%),1/12 (8%),66%,1,20/28 (71%),3/7 (43%),7/10 (70%),40%,5,2,23,5,,0,,,,,5
11390190,54,52563,NORMAL,REGULAR,Round 27,LEAGUE,2845,Leganés,Local,ALL,18/02/2024,27,3,60%,0.00,3,12,5,5,23,442,11,15,3,,6,0,4,2,8,4,2,1,2,30,1,0,363,28,55,92/130 (71%),15/44 (34%),1/15 (7%),43%,7,32/78 (41%),19/41 (46%),6/16 (38%),55%,11,9,43,14,,5,,3,1,0,9
11390190,54,52563,NORMAL,REGULAR,Round 27,LEAGUE,2845,Leganés,Local,1ST,18/02/2024,27,1,62%,0.00,1,4,3,2,,241,5,7,2,,2,0,1,1,3,1,1,0,1,,1,0,200,18,33,,4/17 (24%),1/7 (14%),42%,4,15/38 (39%),9/19 (47%),3/7 (43%),40%,5,3,22,4,,3,,,,,4
11390190,54,52563,NORMAL,REGULAR,Round 27,LEAGUE,2845,Leganés,Local,2ND,18/02/2024,27,2,59%,0.00,2,8,2,3,,201,6,8,1,,4,0,3,1,5,3,1,1,1,,0,0,163,10,22,,11/27 (41%),0/8 (0%),44%,3,17/40 (43%),10/22 (45%),3/9 (33%),67%,6,6,21,10,,2,,,,,5
11390190,54,52563,NORMAL,REGULAR,Round 27,LEAGUE,24322,AD Alcorcón,Visita,ALL,18/02/2024,27,0,40%,0.00,2,16,2,3,15,290,17,23,5,,5,2,6,5,11,5,0,2,1,26,0,1,215,16,50,55/85 (65%),23/64 (36%),6/12 (50%),57%,5,46/78 (59%),22/41 (54%),9/15 (60%),71%,17,11,38,27,,2,,0,0,1,7
11390190,54,52563,NORMAL,REGULAR,Round 27,LEAGUE,24322,AD Alcorcón,Visita,1ST,18/02/2024,27,0,38%,0.00,1,9,1,3,,147,8,14,2,,3,1,4,2,6,3,0,1,0,,0,0,111,6,25,,10/35 (29%),4/8 (50%),58%,3,23/38 (61%),10/19 (53%),4/6 (67%),63%,8,9,21,12,,1,,,,,2
11390190,54,52563,NORMAL,REGULAR,Round 27,LEAGUE,24322,AD Alcorcón,Visita,2ND,18/02/2024,27,0,41%,0.00,1,7,1,0,,143,9,9,3,,2,1,2,3,5,2,0,1,1,,0,1,104,10,25,,13/29 (45%),2/4 (50%),56%,2,23/40 (57%),12/22 (55%),5/9 (56%),78%,9,2,17,15,,1,,,,,5
11390186,54,52563,NORMAL,REGULAR,Round 28,LEAGUE,24322,AD Alcorcón,Local,ALL,25/02/2024,28,1,46%,0.00,1,6,3,3,13,286,10,9,2,,2,0,3,1,1,5,,1,,11,3,1,158,36,73,45/111 (41%),27/87 (31%),2/20 (10%),50%,6,24/53 (45%),28/50 (56%),5/12 (42%),40%,10,8,38,16,,3,,1,1,1,13
11390186,54,52563,NORMAL,REGULAR,Round 28,LEAGUE,24322,AD Alcorcón,Local,1ST,25/02/2024,28,0,54%,0.00,0,4,2,2,,169,7,5,0,,1,0,2,1,0,4,,0,,,1,1,106,21,34,,16/46 (35%),0/12 (0%),45%,4,13/29 (45%),11/24 (46%),1/7 (14%),57%,7,3,23,1,,2,,,,,5
11390186,54,52563,NORMAL,REGULAR,Round 28,LEAGUE,24322,AD Alcorcón,Local,2ND,25/02/2024,28,1,38%,0.00,1,2,1,1,,117,3,4,2,,1,0,1,0,1,1,,1,,,2,0,52,15,39,,11/41 (27%),2/8 (25%),56%,2,11/24 (46%),17/26 (65%),4/5 (80%),0%,3,5,15,15,,1,,,,,8
11390186,54,52563,NORMAL,REGULAR,Round 28,LEAGUE,2822,CD Tenerife,Visita,ALL,25/02/2024,28,1,54%,0.00,1,12,1,4,9,336,13,13,3,,4,0,5,3,6,6,,1,,10,3,2,217,16,83,62/124 (50%),18/82 (22%),4/17 (24%),50%,8,29/53 (55%),22/50 (44%),4/6 (67%),62%,13,10,45,35,,1,,0,1,0,18
11390186,54,52563,NORMAL,REGULAR,Round 28,LEAGUE,2822,CD Tenerife,Visita,1ST,25/02/2024,28,0,46%,0.00,0,3,1,2,,151,10,5,0,,2,0,0,1,1,2,,0,,,2,1,98,12,46,,11/36 (31%),1/7 (14%),55%,6,16/29 (55%),13/24 (54%),2/3 (67%),70%,10,6,22,21,,1,,,,,7
11390186,54,52563,NORMAL,REGULAR,Round 28,LEAGUE,2822,CD Tenerife,Visita,2ND,25/02/2024,28,1,62%,0.00,1,9,0,2,,185,3,8,3,,2,0,5,2,5,4,,1,,,1,1,119,4,37,,7/46 (15%),3/10 (30%),44%,2,13/24 (54%),9/26 (35%),2/3 (67%),33%,3,4,23,14,,0,,,,,11
11390167,54,52563,NORMAL,REGULAR,Round 29,LEAGUE,2846,Elche,Local,ALL,04/03/2024,29,3,65%,0.00,4,17,1,5,14,508,17,14,1,,6,0,5,6,10,7,3,1,,27,2,1,444,23,42,83/108 (77%),47/71 (66%),4/20 (20%),50%,15,41/91 (45%),30/50 (60%),9/25 (36%),76%,17,7,57,12,,1,,,,,8
11390167,54,52563,NORMAL,REGULAR,Round 29,LEAGUE,2846,Elche,Local,1ST,04/03/2024,29,3,64%,0.00,4,9,1,4,,220,9,5,0,,5,0,2,2,8,1,3,1,,,2,0,189,12,17,,22/34 (65%),4/13 (31%),45%,8,18/44 (41%),15/29 (52%),3/13 (23%),78%,9,4,28,7,,1,,,,,5
11390167,54,52563,NORMAL,REGULAR,Round 29,LEAGUE,2846,Elche,Local,2ND,04/03/2024,29,0,66%,0.00,0,8,0,1,,288,8,9,1,,1,0,3,4,2,6,0,0,,,0,1,255,11,25,,25/37 (68%),0/7 (0%),56%,7,23/47 (49%),15/21 (71%),6/12 (50%),75%,8,3,29,5,,0,,,,,3
11390167,54,52563,NORMAL,REGULAR,Round 29,LEAGUE,24322,AD Alcorcón,Visita,ALL,04/03/2024,29,0,35%,0.00,0,7,3,0,15,278,31,14,3,,1,0,3,3,3,4,0,0,,15,1,1,195,22,49,51/93 (55%),22/58 (38%),1/8 (13%),50%,8,50/91 (55%),20/50 (40%),5/14 (36%),52%,31,9,54,24,,3,,,,,8
11390167,54,52563,NORMAL,REGULAR,Round 29,LEAGUE,24322,AD Alcorcón,Visita,1ST,04/03/2024,29,0,36%,0.00,0,5,2,0,,128,18,5,2,,1,0,2,2,3,2,0,0,,,1,0,83,10,30,,10/26 (38%),1/5 (20%),55%,5,26/44 (59%),14/29 (48%),3/7 (43%),50%,18,5,27,13,,2,,,,,3
11390167,54,52563,NORMAL,REGULAR,Round 29,LEAGUE,24322,AD Alcorcón,Visita,2ND,04/03/2024,29,0,34%,0.00,0,2,1,0,,150,13,9,1,,0,0,1,1,0,2,0,0,,,0,1,112,12,19,,12/32 (38%),0/3 (0%),44%,3,24/47 (51%),6/21 (29%),2/7 (29%),54%,13,4,27,11,,1,,,,,5
11390161,54,52563,NORMAL,REGULAR,Round 30,LEAGUE,24322,AD Alcorcón,Local,ALL,10/03/2024,30,1,37%,0.00,0,15,1,4,11,279,17,13,2,1,5,0,5,5,6,9,0,,,14,5,0,183,21,65,42/87 (48%),37/88 (42%),1/18 (6%),50%,7,34/64 (53%),24/53 (45%),5/10 (50%),53%,17,7,50,34,,1,,0,1,0,14
11390161,54,52563,NORMAL,REGULAR,Round 30,LEAGUE,24322,AD Alcorcón,Local,1ST,10/03/2024,30,0,37%,0.00,0,8,1,2,,148,8,6,1,0,3,0,3,2,2,6,0,,,,2,0,99,10,35,,19/43 (44%),0/8 (0%),49%,4,16/30 (53%),9/21 (43%),3/6 (50%),50%,8,5,28,16,,1,,,,,6
11390161,54,52563,NORMAL,REGULAR,Round 30,LEAGUE,24322,AD Alcorcón,Local,2ND,10/03/2024,30,1,38%,0.00,0,7,0,2,,131,9,7,1,1,2,0,2,3,4,3,0,,,,3,0,84,11,30,,18/45 (40%),1/10 (10%),50%,3,18/34 (53%),15/32 (47%),2/4 (50%),56%,9,2,22,18,,0,,,,,8
11390161,54,52563,NORMAL,REGULAR,Round 30,LEAGUE,2814,Espanyol,Visita,ALL,10/03/2024,30,1,63%,0.00,1,13,4,6,13,456,12,11,4,1,2,0,7,4,8,5,1,,,24,1,2,362,31,76,97/144 (67%),29/72 (40%),6/34 (18%),50%,8,30/64 (47%),29/53 (55%),7/16 (44%),58%,12,6,56,14,,4,,2,2,2,5
11390161,54,52563,NORMAL,REGULAR,Round 30,LEAGUE,2814,Espanyol,Visita,1ST,10/03/2024,30,0,63%,0.00,0,5,3,3,,242,7,6,2,0,1,0,4,0,3,2,0,,,,1,2,193,12,40,,11/34 (32%),3/15 (20%),51%,5,14/30 (47%),12/21 (57%),1/4 (25%),86%,7,4,30,8,,3,,,,,3
11390161,54,52563,NORMAL,REGULAR,Round 30,LEAGUE,2814,Espanyol,Visita,2ND,10/03/2024,30,1,62%,0.00,1,8,1,3,,214,5,5,2,1,1,0,3,4,5,3,1,,,,0,0,169,19,36,,18/38 (47%),3/19 (16%),50%,3,16/34 (47%),17/32 (53%),6/12 (50%),20%,5,2,26,6,,1,,,,,2
11390145,54,52563,NORMAL,REGULAR,Round 31,LEAGUE,2852,Sporting Gijón,Local,ALL,16/03/2024,31,1,61%,0.00,3,11,2,12,12,429,18,10,2,,3,0,4,4,7,4,1,2,2,22,2,0,356,17,33,66/92 (72%),19/41 (46%),3/24 (13%),48%,10,35/71 (49%),17/37 (46%),8/13 (62%),61%,18,5,44,19,,2,,0,1,0,3
11390145,54,52563,NORMAL,REGULAR,Round 31,LEAGUE,2852,Sporting Gijón,Local,1ST,16/03/2024,31,1,61%,0.00,2,5,0,6,,211,6,3,1,,1,0,2,2,3,2,1,1,0,,1,0,180,6,14,,6/16 (38%),2/12 (17%),44%,2,14/29 (48%),7/19 (37%),4/6 (67%),83%,6,0,20,10,,0,,,,,3
11390145,54,52563,NORMAL,REGULAR,Round 31,LEAGUE,2852,Sporting Gijón,Local,2ND,16/03/2024,31,0,60%,0.00,1,6,2,6,,218,12,7,1,,2,0,2,2,4,2,0,1,2,,1,0,176,11,19,,13/25 (52%),1/12 (8%),52%,8,21/42 (50%),10/18 (56%),4/7 (57%),50%,12,5,24,9,,2,,,,,0
11390145,54,52563,NORMAL,REGULAR,Round 31,LEAGUE,24322,AD Alcorcón,Visita,ALL,16/03/2024,31,0,39%,0.00,0,10,3,4,11,273,15,12,2,,2,0,5,3,5,5,0,0,0,15,3,1,195,21,55,65/106 (61%),29/58 (50%),5/24 (21%),52%,13,36/71 (51%),20/37 (54%),10/15 (67%),53%,15,6,35,25,,3,,1,2,1,9
11390145,54,52563,NORMAL,REGULAR,Round 31,LEAGUE,24322,AD Alcorcón,Visita,1ST,16/03/2024,31,0,39%,0.00,0,5,0,3,,129,4,7,2,,0,0,4,1,3,2,0,0,0,,2,1,93,10,27,,20/34 (59%),4/15 (27%),56%,5,15/29 (52%),12/19 (63%),5/6 (83%),50%,4,2,16,12,,0,,,,,6
11390145,54,52563,NORMAL,REGULAR,Round 31,LEAGUE,24322,AD Alcorcón,Visita,2ND,16/03/2024,31,0,40%,0.00,0,5,3,1,,144,11,5,0,,2,0,1,2,2,3,0,0,0,,1,0,102,11,28,,9/24 (38%),1/9 (11%),48%,8,21/42 (50%),8/18 (44%),5/9 (56%),55%,11,4,19,13,,3,,,,,3
11390140,54,52563,NORMAL,REGULAR,Round 32,LEAGUE,24322,AD Alcorcón,Local,ALL,23/03/2024,32,1,30%,0.00,1,11,2,3,17,243,20,8,2,,6,0,4,1,4,7,,1,0,13,1,2,178,8,49,60/91 (66%),29/62 (47%),5/16 (31%),49%,3,32/69 (46%),16/28 (57%),6/13 (46%),65%,20,9,51,17,1,2,,1,1,,16
11390140,54,52563,NORMAL,REGULAR,Round 32,LEAGUE,24322,AD Alcorcón,Local,1ST,23/03/2024,32,0,30%,0.00,1,7,1,2,,127,12,5,0,,3,0,3,1,3,4,,1,0,,1,0,94,3,29,,15/31 (48%),4/11 (36%),53%,1,20/38 (53%),4/7 (57%),4/8 (50%),75%,12,4,30,2,,1,,,,,6
11390140,54,52563,NORMAL,REGULAR,Round 32,LEAGUE,24322,AD Alcorcón,Local,2ND,23/03/2024,32,1,31%,0.00,0,4,1,1,,116,8,3,2,,3,0,1,0,1,3,,0,0,,0,2,84,5,20,,14/31 (45%),1/5 (20%),46%,2,12/31 (39%),12/21 (57%),2/5 (40%),50%,8,5,21,15,,1,,,,,10
11390140,54,52563,NORMAL,REGULAR,Round 32,LEAGUE,2851,Real Oviedo,Visita,ALL,23/03/2024,32,0,70%,0.00,0,11,5,3,8,566,10,17,2,,2,0,2,7,5,6,,0,1,20,2,2,511,26,62,95/123 (77%),22/36 (61%),5/28 (18%),51%,11,37/69 (54%),12/28 (43%),10/19 (53%),80%,10,1,52,12,0,5,,1,1,,6
11390140,54,52563,NORMAL,REGULAR,Round 32,LEAGUE,2851,Real Oviedo,Visita,1ST,23/03/2024,32,0,70%,0.00,0,7,3,0,,312,5,10,1,,1,0,1,5,2,5,,0,1,,1,0,288,8,30,,11/16 (69%),2/9 (22%),47%,6,18/38 (47%),3/7 (43%),3/9 (33%),80%,5,1,28,5,,3,,,,,6
11390140,54,52563,NORMAL,REGULAR,Round 32,LEAGUE,2851,Real Oviedo,Visita,2ND,23/03/2024,32,0,69%,0.00,0,4,2,3,,254,5,7,1,,1,0,1,2,3,1,,0,0,,1,2,223,18,32,,11/20 (55%),3/19 (16%),54%,5,19/31 (61%),9/21 (43%),7/10 (70%),80%,5,0,24,7,,2,,,,,0
11390127,54,52563,NORMAL,REGULAR,Round 33,LEAGUE,24322,AD Alcorcón,Local,ALL,31/03/2024,33,1,55%,0.00,2,11,4,4,8,434,12,12,3,0,4,0,5,2,7,4,0,2,1,25,3,3,338,23,84,98/151 (65%),34/78 (44%),8/27 (30%),51%,5,24/52 (46%),23/41 (56%),3/16 (19%),58%,12,8,54,16,,4,,2,0,,4
11390127,54,52563,NORMAL,REGULAR,Round 33,LEAGUE,24322,AD Alcorcón,Local,1ST,31/03/2024,33,1,48%,0.00,1,3,3,2,,209,6,6,1,0,2,0,1,0,2,1,0,1,1,,2,1,159,9,42,,11/34 (32%),2/7 (29%),46%,4,12/26 (46%),7/15 (47%),1/7 (14%),83%,6,3,26,8,,3,,,,,3
11390127,54,52563,NORMAL,REGULAR,Round 33,LEAGUE,24322,AD Alcorcón,Local,2ND,31/03/2024,33,0,63%,0.00,1,8,1,2,,225,6,6,2,0,2,0,4,2,5,3,0,1,0,,1,2,179,14,42,,23/44 (52%),6/20 (30%),54%,1,12/26 (46%),16/26 (62%),2/9 (22%),33%,6,5,28,8,,1,,,,,1
11390127,54,52563,NORMAL,REGULAR,Round 33,LEAGUE,54103,SD Amorebieta,Visita,ALL,31/03/2024,33,1,45%,0.00,1,8,3,2,12,361,18,8,3,1,5,0,3,0,5,3,1,0,0,8,4,0,270,19,46,64/89 (72%),35/76 (46%),4/16 (25%),49%,5,28/52 (54%),18/41 (44%),3/10 (30%),50%,18,3,52,28,,3,,0,3,,9
11390127,54,52563,NORMAL,REGULAR,Round 33,LEAGUE,54103,SD Amorebieta,Visita,1ST,31/03/2024,33,1,52%,0.00,1,6,1,2,,223,10,3,2,0,4,0,2,0,4,2,1,0,0,,2,0,185,11,30,,17/33 (52%),3/12 (25%),54%,2,14/26 (54%),8/15 (53%),1/5 (20%),80%,10,2,25,14,,1,,,,,2
11390127,54,52563,NORMAL,REGULAR,Round 33,LEAGUE,54103,SD Amorebieta,Visita,2ND,31/03/2024,33,0,37%,0.00,0,2,2,0,,138,8,5,2,1,1,0,1,0,1,1,0,0,0,,2,0,85,8,16,,18/43 (42%),1/4 (25%),46%,3,14/26 (54%),10/26 (38%),2/5 (40%),13%,8,1,27,14,,2,,,,,7
11390109,54,52563,NORMAL,REGULAR,Round 34,LEAGUE,2835,Real Racing Club,Local,ALL,08/04/2024,34,0,65%,0.00,4,21,3,13,10,499,11,17,2,0,10,1,6,5,16,5,,4,1,,2,4,415,23,62,,17/40 (43%),4/26 (15%),53%,10,45/87 (52%),18/33 (55%),17/28 (61%),73%,11,6,53,21,,3,,,,,2
11390109,54,52563,NORMAL,REGULAR,Round 34,LEAGUE,2835,Real Racing Club,Local,1ST,08/04/2024,34,0,61%,0.00,0,4,3,5,,210,7,11,1,0,2,0,1,1,2,2,,0,0,,1,3,169,13,24,,6/14 (43%),0/10 (0%),56%,6,22/39 (56%),7/13 (54%),4/8 (50%),71%,7,2,24,14,,3,,,,,2
11390109,54,52563,NORMAL,REGULAR,Round 34,LEAGUE,2835,Real Racing Club,Local,2ND,08/04/2024,34,0,68%,0.00,4,17,0,8,,289,4,6,1,0,8,1,5,4,14,3,,4,1,,1,1,246,10,38,,11/26 (42%),4/16 (25%),50%,4,23/48 (48%),11/20 (55%),13/20 (65%),75%,4,4,29,7,,0,,,,,0
11390109,54,52563,NORMAL,REGULAR,Round 34,LEAGUE,24322,AD Alcorcón,Visita,ALL,08/04/2024,34,1,35%,0.00,0,9,9,3,18,263,21,10,8,2,4,0,2,3,5,4,,0,0,,0,1,174,24,47,,22/67 (33%),4/17 (24%),47%,8,42/87 (48%),15/33 (45%),11/14 (79%),67%,21,7,54,26,,9,,,,,8
11390109,54,52563,NORMAL,REGULAR,Round 34,LEAGUE,24322,AD Alcorcón,Visita,1ST,08/04/2024,34,0,39%,0.00,0,8,2,2,,129,10,5,4,0,3,0,2,3,4,4,,0,0,,0,0,84,14,23,,10/31 (32%),3/9 (33%),44%,6,17/39 (44%),6/13 (46%),2/3 (67%),80%,10,5,24,10,,2,,,,,1
11390109,54,52563,NORMAL,REGULAR,Round 34,LEAGUE,24322,AD Alcorcón,Visita,2ND,08/04/2024,34,1,32%,0.00,0,1,7,1,,134,11,5,4,2,1,0,0,0,1,0,,0,0,,0,1,90,10,24,,12/36 (33%),1/8 (13%),50%,2,25/48 (52%),9/20 (45%),9/11 (82%),55%,11,2,30,16,,7,,,,,7
11390105,54,52563,NORMAL,REGULAR,Round 35,LEAGUE,24322,AD Alcorcón,Local,ALL,15/04/2024,35,1,42%,0.00,2,7,4,2,12,318,17,8,3,,3,0,2,2,2,5,,2,0,18,1,1,220,13,71,71/117 (61%),35/88 (40%),6/21 (29%),45%,6,27/68 (40%),25/48 (52%),2/15 (13%),47%,17,8,52,24,1,4,,,1,1,11
11390105,54,52563,NORMAL,REGULAR,Round 35,LEAGUE,24322,AD Alcorcón,Local,1ST,15/04/2024,35,0,45%,0.00,1,1,2,1,,181,10,6,1,,0,0,1,0,1,0,,1,0,,0,0,139,2,32,,22/48 (46%),3/11 (27%),48%,4,18/40 (45%),12/23 (52%),2/8 (25%),40%,10,3,26,11,,2,,,,,5
11390105,54,52563,NORMAL,REGULAR,Round 35,LEAGUE,24322,AD Alcorcón,Local,2ND,15/04/2024,35,1,38%,0.00,1,6,2,1,,137,7,2,2,,3,0,1,2,1,5,,1,0,,1,1,81,11,39,,13/40 (33%),3/10 (30%),42%,2,9/28 (32%),13/25 (52%),0/7 (0%),57%,7,5,26,13,,2,,,,,6
11390105,54,52563,NORMAL,REGULAR,Round 35,LEAGUE,24338,Villarreal B U23,Visita,ALL,15/04/2024,35,0,58%,0.00,0,20,2,7,8,440,19,12,1,,4,0,7,9,10,10,,0,1,26,4,1,346,28,67,97/144 (67%),30/72 (42%),3/18 (17%),55%,11,41/68 (60%),23/48 (48%),12/18 (67%),32%,19,5,56,20,0,2,,,2,0,6
11390105,54,52563,NORMAL,REGULAR,Round 35,LEAGUE,24338,Villarreal B U23,Visita,1ST,15/04/2024,35,0,55%,0.00,0,8,0,3,,222,10,4,1,,2,0,3,3,3,5,,0,1,,2,1,175,13,34,,16/40 (40%),1/7 (14%),52%,7,22/40 (55%),11/23 (48%),8/11 (73%),20%,10,2,26,6,,0,,,,,5
11390105,54,52563,NORMAL,REGULAR,Round 35,LEAGUE,24338,Villarreal B U23,Visita,2ND,15/04/2024,35,0,62%,0.00,0,12,2,4,,218,9,8,0,,2,0,4,6,7,5,,0,0,,2,0,171,15,33,,14/32 (44%),2/11 (18%),58%,4,19/28 (68%),12/25 (48%),4/7 (57%),44%,9,3,30,14,,2,,,,,1
11390092,54,52563,NORMAL,REGULAR,Round 36,LEAGUE,2839,Eibar,Local,ALL,21/04/2024,36,2,71%,0.00,2,16,3,5,14,653,7,10,1,0,5,1,6,5,11,5,1,1,0,22,3,,569,20,62,89/123 (72%),25/52 (48%),5/23 (22%),47%,7,22/56 (39%),23/39 (59%),5/11 (45%),71%,7,9,54,23,,3,,1,1,0,5
11390092,54,52563,NORMAL,REGULAR,Round 36,LEAGUE,2839,Eibar,Local,1ST,21/04/2024,36,1,72%,0.00,1,10,1,3,,340,3,5,0,0,3,1,5,2,8,2,0,1,0,,2,,303,6,28,,12/23 (52%),4/16 (25%),64%,3,11/22 (50%),14/17 (82%),3/6 (50%),67%,3,3,27,12,,1,,,,,3
11390092,54,52563,NORMAL,REGULAR,Round 36,LEAGUE,2839,Eibar,Local,2ND,21/04/2024,36,1,70%,0.00,1,6,2,2,,313,4,5,1,0,2,0,1,3,3,3,1,0,0,,1,,266,14,34,,13/29 (45%),1/7 (14%),36%,4,11/34 (32%),9/22 (41%),2/5 (40%),75%,4,6,27,11,,2,,,,,2
11390092,54,52563,NORMAL,REGULAR,Round 36,LEAGUE,24322,AD Alcorcón,Visita,ALL,21/04/2024,36,0,29%,0.00,1,14,3,5,11,257,13,14,5,1,3,0,6,5,9,5,0,1,1,14,1,,160,22,64,55/104 (53%),26/74 (35%),3/19 (16%),53%,2,34/56 (61%),16/39 (41%),8/13 (62%),54%,13,15,46,14,,3,,0,0,2,7
11390092,54,52563,NORMAL,REGULAR,Round 36,LEAGUE,24322,AD Alcorcón,Visita,1ST,21/04/2024,36,0,28%,0.00,1,8,2,2,,133,6,3,2,0,1,0,4,3,6,2,0,1,1,,0,,86,10,34,,10/37 (27%),1/9 (11%),36%,1,11/22 (50%),3/17 (18%),2/4 (50%),50%,6,7,23,4,,2,,,,,5
11390092,54,52563,NORMAL,REGULAR,Round 36,LEAGUE,24322,AD Alcorcón,Visita,2ND,21/04/2024,36,0,30%,0.00,0,6,1,3,,124,7,11,3,1,2,0,2,2,3,3,0,0,0,,1,,74,12,30,,16/37 (43%),2/10 (20%),64%,1,23/34 (68%),13/22 (59%),6/9 (67%),57%,7,8,23,10,,1,,,,,2
11390087,54,52563,NORMAL,REGULAR,Round 37,LEAGUE,24322,AD Alcorcón,Local,ALL,28/04/2024,37,0,57%,0.00,1,12,1,3,11,397,18,16,2,,4,1,7,1,2,10,,1,0,10,2,0,311,25,59,68/117 (58%),33/72 (46%),3/22 (14%),62%,6,40/66 (61%),39/62 (63%),8/12 (67%),72%,18,9,43,26,,1,,1,1,,5
11390087,54,52563,NORMAL,REGULAR,Round 37,LEAGUE,24322,AD Alcorcón,Local,1ST,28/04/2024,37,0,60%,0.00,0,5,0,2,,205,8,6,1,,3,0,1,1,0,5,,0,0,,1,0,163,10,27,,19/40 (48%),0/11 (0%),64%,1,17/25 (68%),21/34 (62%),4/6 (67%),88%,8,4,20,13,,0,,,,,2
11390087,54,52563,NORMAL,REGULAR,Round 37,LEAGUE,24322,AD Alcorcón,Local,2ND,28/04/2024,37,0,55%,0.00,1,7,1,1,,192,10,10,1,,1,1,6,0,2,5,,1,0,,1,0,148,15,32,,14/32 (44%),3/11 (27%),59%,5,23/41 (56%),18/28 (64%),4/6 (67%),60%,10,5,23,13,,1,,,,,3
11390087,54,52563,NORMAL,REGULAR,Round 37,LEAGUE,47321,CD Eldense,Visita,ALL,28/04/2024,37,0,43%,0.00,0,8,4,2,16,290,10,11,2,,1,0,1,6,5,3,,0,1,15,3,1,198,30,63,63/118 (53%),23/70 (33%),3/19 (16%),38%,4,26/66 (39%),23/62 (37%),6/20 (30%),60%,10,1,42,26,,4,,3,0,,8
11390087,54,52563,NORMAL,REGULAR,Round 37,LEAGUE,47321,CD Eldense,Visita,1ST,28/04/2024,37,0,40%,0.00,0,4,3,1,,133,3,6,0,,0,0,0,4,3,1,,0,0,,2,1,86,20,33,,13/36 (36%),2/10 (20%),36%,1,8/25 (32%),13/34 (38%),0/7 (0%),67%,3,1,20,14,,3,,,,,3
11390087,54,52563,NORMAL,REGULAR,Round 37,LEAGUE,47321,CD Eldense,Visita,2ND,28/04/2024,37,0,45%,0.00,0,4,1,1,,157,7,5,2,,1,0,1,2,2,2,,0,1,,1,0,112,10,30,,10/34 (29%),1/9 (11%),41%,3,18/41 (44%),10/28 (36%),6/13 (46%),57%,7,0,22,12,,1,,,,,5
11390067,54,52563,NORMAL,REGULAR,Round 38,LEAGUE,24329,FC Cartagena,Local,ALL,04/05/2024,38,1,46%,0.00,2,11,1,0,10,330,9,19,1,,4,0,6,1,6,5,1,1,0,16,2,1,241,22,65,66/112 (59%),27/77 (35%),1/14 (7%),43%,8,28/66 (42%),19/43 (44%),7/16 (44%),78%,9,7,41,25,,1,,,1,,13
11390067,54,52563,NORMAL,REGULAR,Round 38,LEAGUE,24329,FC Cartagena,Local,1ST,04/05/2024,38,1,53%,0.00,2,5,0,0,,172,4,12,1,,1,0,3,1,3,2,1,1,0,,1,1,138,9,32,,13/31 (42%),0/7 (0%),43%,3,16/32 (50%),6/19 (32%),2/7 (29%),75%,4,3,15,9,,0,,,,,5
11390067,54,52563,NORMAL,REGULAR,Round 38,LEAGUE,24329,FC Cartagena,Local,2ND,04/05/2024,38,0,40%,0.00,0,6,1,0,,158,5,7,0,,3,0,3,0,3,3,0,0,0,,1,0,103,13,33,,14/46 (30%),1/7 (14%),43%,5,12/34 (35%),13/24 (54%),5/9 (56%),80%,5,4,26,16,,1,,,,,8
11390067,54,52563,NORMAL,REGULAR,Round 38,LEAGUE,24322,AD Alcorcón,Visita,ALL,04/05/2024,38,0,54%,0.00,1,10,3,7,19,379,17,10,3,,1,1,6,3,4,6,0,1,2,20,1,2,291,20,65,54/100 (54%),31/67 (46%),5/24 (21%),57%,3,38/66 (58%),24/43 (56%),13/19 (68%),35%,17,9,47,18,,3,,,1,,11
11390067,54,52563,NORMAL,REGULAR,Round 38,LEAGUE,24322,AD Alcorcón,Visita,1ST,04/05/2024,38,0,47%,0.00,0,2,0,2,,151,8,6,1,,0,0,0,2,0,2,0,0,0,,0,1,111,9,26,,10/27 (37%),1/8 (13%),57%,2,16/32 (50%),13/19 (68%),4/6 (67%),38%,8,5,17,7,,0,,,,,6
11390067,54,52563,NORMAL,REGULAR,Round 38,LEAGUE,24322,AD Alcorcón,Visita,2ND,04/05/2024,38,0,60%,0.00,1,8,3,5,,228,9,4,2,,1,1,6,1,4,4,0,1,2,,1,1,180,11,39,,21/40 (53%),4/16 (25%),57%,1,22/34 (65%),11/24 (46%),9/13 (69%),33%,9,4,30,11,,3,,,,,5
11390053,54,52563,NORMAL,REGULAR,Round 39,LEAGUE,2843,Racing de Ferrol,Local,ALL,11/05/2024,39,2,64%,0.00,1,19,2,5,16,495,15,11,,0,7,0,6,6,10,9,1,0,,32,1,2,421,21,74,90/124 (73%),33/55 (60%),7/23 (30%),46%,10,34/77 (44%),22/45 (49%),8/22 (36%),60%,15,5,50,14,,2,,,1,1,8
11390053,54,52563,NORMAL,REGULAR,Round 39,LEAGUE,2843,Racing de Ferrol,Local,1ST,11/05/2024,39,0,63%,0.00,0,7,1,2,,241,10,7,,0,2,0,2,3,1,6,0,0,,,1,1,206,9,26,,17/28 (61%),2/8 (25%),45%,6,17/36 (47%),9/22 (41%),0/6 (0%),50%,10,2,19,7,,1,,,,,4
11390053,54,52563,NORMAL,REGULAR,Round 39,LEAGUE,2843,Racing de Ferrol,Local,2ND,11/05/2024,39,2,65%,0.00,1,12,1,3,,254,5,4,,0,5,0,4,3,9,3,1,0,,,0,1,215,12,48,,16/27 (59%),5/15 (33%),47%,4,17/41 (41%),13/23 (57%),8/16 (50%),80%,5,3,31,7,,1,,,,,4
11390053,54,52563,NORMAL,REGULAR,Round 39,LEAGUE,24322,AD Alcorcón,Visita,ALL,11/05/2024,39,1,36%,0.00,2,12,5,2,11,284,24,16,,1,3,0,7,2,6,6,1,1,,12,1,1,185,26,55,44/90 (49%),28/79 (35%),2/7 (29%),54%,5,43/77 (56%),23/45 (51%),6/16 (38%),58%,24,10,50,14,,5,,,2,0,11
11390053,54,52563,NORMAL,REGULAR,Round 39,LEAGUE,24322,AD Alcorcón,Visita,1ST,11/05/2024,39,0,37%,0.00,1,6,2,2,,140,12,8,,1,1,0,4,1,2,4,0,1,,,1,1,99,14,27,,12/33 (36%),1/5 (20%),55%,3,19/36 (53%),13/22 (59%),1/8 (13%),50%,12,6,26,4,,2,,,,,4
11390053,54,52563,NORMAL,REGULAR,Round 39,LEAGUE,24322,AD Alcorcón,Visita,2ND,11/05/2024,39,1,35%,0.00,1,6,3,0,,144,12,8,,0,2,0,3,1,4,2,1,0,,,0,0,86,12,28,,16/46 (35%),1/2 (50%),53%,2,24/41 (59%),10/23 (43%),5/8 (63%),67%,12,4,24,10,,3,,,,,7
11390050,54,52563,NORMAL,REGULAR,Round 40,LEAGUE,24322,AD Alcorcón,Local,ALL,19/05/2024,40,1,39%,0.00,0,16,4,4,14,268,20,11,2,,9,0,5,2,9,7,0,0,,19,4,2,188,21,55,63/104 (61%),31/69 (45%),3/20 (15%),43%,13,33/76 (43%),16/38 (42%),4/11 (36%),80%,20,5,46,22,,4,,1,1,0,20
11390050,54,52563,NORMAL,REGULAR,Round 40,LEAGUE,24322,AD Alcorcón,Local,1ST,19/05/2024,40,1,39%,0.00,0,7,3,1,,123,14,5,1,,5,0,1,1,4,3,0,0,,,2,1,86,12,26,,14/30 (47%),0/8 (0%),45%,6,20/46 (43%),9/18 (50%),1/8 (13%),71%,14,0,25,10,,3,,,,,8
11390050,54,52563,NORMAL,REGULAR,Round 40,LEAGUE,24322,AD Alcorcón,Local,2ND,19/05/2024,40,0,40%,0.00,0,9,1,3,,145,6,6,1,,4,0,4,1,5,4,0,0,,,2,1,102,9,29,,17/39 (44%),3/12 (25%),40%,7,13/30 (43%),7/20 (35%),3/3 (100%),100%,6,5,21,12,,1,,,,,12
11390050,54,52563,NORMAL,REGULAR,Round 40,LEAGUE,2831,Real Valladolid,Visita,ALL,19/05/2024,40,1,61%,0.00,4,16,9,6,11,409,20,14,3,,5,1,8,3,12,4,1,3,,29,2,0,350,12,66,97/132 (73%),30/53 (57%),9/33 (27%),57%,11,43/76 (57%),22/38 (58%),9/18 (50%),60%,20,3,46,26,,9,,2,1,1,8
11390050,54,52563,NORMAL,REGULAR,Round 40,LEAGUE,2831,Real Valladolid,Visita,1ST,19/05/2024,40,0,61%,0.00,1,6,4,2,,189,13,8,2,,3,0,2,1,4,2,0,1,,,1,0,164,6,29,,12/23 (52%),4/16 (25%),55%,10,26/46 (57%),9/18 (50%),5/9 (56%),54%,13,3,22,13,,4,,,,,4
11390050,54,52563,NORMAL,REGULAR,Round 40,LEAGUE,2831,Real Valladolid,Visita,2ND,19/05/2024,40,1,60%,0.00,3,10,5,4,,220,7,6,1,,2,1,6,2,8,2,1,2,,,1,0,186,6,37,,18/30 (60%),5/17 (29%),60%,1,17/30 (57%),13/20 (65%),4/9 (44%),71%,7,0,24,13,,5,,,,,4
11390038,54,52563,NORMAL,REGULAR,Round 41,LEAGUE,2849,Levante UD,Local,ALL,26/05/2024,41,2,61%,0.00,1,16,4,12,10,520,15,10,3,,4,0,5,7,8,8,0,1,,24,1,1,446,14,55,116/144 (81%),35/63 (56%),3/24 (13%),40%,13,34/82 (41%),9/26 (35%),9/24 (38%),93%,15,10,63,13,,4,,2,1,,13
11390038,54,52563,NORMAL,REGULAR,Round 41,LEAGUE,2849,Levante UD,Local,1ST,26/05/2024,41,0,66%,0.00,0,5,1,4,,325,9,3,0,,0,0,3,2,4,1,0,0,,,0,0,287,7,27,,16/29 (55%),1/11 (9%),41%,5,15/39 (38%),4/7 (57%),3/12 (25%),89%,9,6,33,1,,1,,,,,8
11390038,54,52563,NORMAL,REGULAR,Round 41,LEAGUE,2849,Levante UD,Local,2ND,26/05/2024,41,2,54%,0.00,1,11,3,8,,195,6,7,3,,4,0,2,5,4,7,0,1,,,1,1,159,7,28,,19/34 (56%),2/13 (15%),39%,8,19/43 (44%),5/19 (26%),6/12 (50%),100%,6,4,30,12,,3,,,,,5
11390038,54,52563,NORMAL,REGULAR,Round 41,LEAGUE,24322,AD Alcorcón,Visita,ALL,26/05/2024,41,2,39%,0.00,1,20,2,6,10,331,27,10,1,,6,2,9,5,11,9,1,0,,26,1,3,255,21,51,61/85 (72%),38/63 (60%),6/23 (26%),60%,9,48/82 (59%),17/26 (65%),12/18 (67%),70%,27,17,61,21,,2,,1,0,,4
11390038,54,52563,NORMAL,REGULAR,Round 41,LEAGUE,24322,AD Alcorcón,Visita,1ST,26/05/2024,41,0,34%,0.00,0,8,0,2,,167,14,4,0,,1,2,4,3,3,5,0,0,,,0,3,135,11,24,,13/26 (50%),0/6 (0%),59%,6,24/39 (62%),3/7 (43%),7/10 (70%),71%,14,8,32,10,,0,,,,,2
11390038,54,52563,NORMAL,REGULAR,Round 41,LEAGUE,24322,AD Alcorcón,Visita,2ND,26/05/2024,41,2,46%,0.00,1,12,2,4,,164,13,6,1,,5,0,5,2,8,4,1,0,,,1,0,120,10,27,,25/37 (68%),6/17 (35%),61%,3,24/43 (56%),14/19 (74%),5/8 (63%),69%,13,9,29,11,,2,,,,,2
11390028,54,52563,NORMAL,REGULAR,Round 42,LEAGUE,24322,AD Alcorcón,Local,ALL,02/06/2024,42,1,41%,0.00,4,12,8,2,11,398,9,3,,,5,0,6,1,9,3,1,3,0,21,0,3,321,12,57,78/116 (67%),29/62 (47%),6/20 (30%),39%,9,17/48 (35%),12/27 (44%),5/9 (56%),89%,9,9,56,14,,8,,1,0,,13
11390028,54,52563,NORMAL,REGULAR,Round 42,LEAGUE,24322,AD Alcorcón,Local,1ST,02/06/2024,42,0,44%,0.00,2,7,2,2,,218,5,3,,,2,0,4,1,4,3,0,2,0,,0,2,179,7,33,,14/33 (42%),2/7 (29%),38%,4,10/26 (38%),5/14 (36%),2/4 (50%),80%,5,7,25,6,,2,,,,,7
11390028,54,52563,NORMAL,REGULAR,Round 42,LEAGUE,24322,AD Alcorcón,Local,2ND,02/06/2024,42,1,38%,0.00,2,5,6,0,,180,4,0,,,3,0,2,0,5,0,1,1,0,,0,1,142,5,24,,15/29 (52%),4/13 (31%),40%,5,7/22 (32%),7/13 (54%),3/5 (60%),100%,4,2,31,8,,6,,,,,6
11390028,54,52563,NORMAL,REGULAR,Round 42,LEAGUE,2854,Burgos Club de Fútbol,Visita,ALL,02/06/2024,42,1,59%,0.00,2,20,4,5,3,588,13,11,,,9,1,8,3,9,11,0,2,3,20,3,0,515,9,67,141/182 (77%),25/57 (44%),1/17 (6%),61%,4,31/48 (65%),15/27 (56%),8/13 (62%),69%,13,4,61,12,,4,,0,1,,9
11390028,54,52563,NORMAL,REGULAR,Round 42,LEAGUE,2854,Burgos Club de Fútbol,Visita,1ST,02/06/2024,42,0,56%,0.00,2,8,2,2,,279,6,6,,,2,1,4,2,4,4,0,2,2,,2,0,237,2,29,,12/31 (39%),0/5 (0%),62%,3,16/26 (62%),9/14 (64%),5/7 (71%),67%,6,2,28,4,,2,,,,,5
11390028,54,52563,NORMAL,REGULAR,Round 42,LEAGUE,2854,Burgos Club de Fútbol,Visita,2ND,02/06/2024,42,1,62%,0.00,0,12,2,3,,309,7,5,,,7,0,4,1,5,7,0,0,1,,1,0,278,7,38,,13/26 (50%),1/12 (8%),60%,1,15/22 (68%),6/13 (46%),3/6 (50%),71%,7,2,33,8,,2,,,,,4
12597910,17073,64430,NORMAL,GROUP,"Primera Federacion, Group 2",LEAGUE,43759,Yeclano Deportivo,Local,ALL,25/08/2024,1,1,40%,1.20,,10,3,0,16,210,3,1,3,0,4,0,3,3,7,3,,,0,11,,3,148,23,,24/44 (55%),31/57 (54%),6/11 (54%),43%,5,38/95 (40%),26/51 (51%),6/8 (75%),,3,12,,10,2,3,,,,,3
12597910,17073,64430,NORMAL,GROUP,"Primera Federacion, Group 2",LEAGUE,43759,Yeclano Deportivo,Local,1ST,25/08/2024,1,,,,,,,,,,,,,,,,,,,,,,,,,,,,,,,,,,,,,,,,,,,,,,,,
12597910,17073,64430,NORMAL,GROUP,"Primera Federacion, Group 2",LEAGUE,43759,Yeclano Deportivo,Local,2ND,25/08/2024,1,,,,,,,,,,,,,,,,,,,,,,,,,,,,,,,,,,,,,,,,,,,,,,,,
12597910,17073,64430,NORMAL,GROUP,"Primera Federacion, Group 2",LEAGUE,24322,AD Alcorcón,Visita,ALL,25/08/2024,1,1,60%,0.74,,8,4,3,14,440,4,6,4,0,4,0,2,2,4,4,,,0,5,,0,372,32,,35/61 (57%),18/43 (41%),4/8 (50%),35%,11,36/118 (31%),24/51 (47%),8/10 (80%),,4,7,,4,9,4,,,,,7
12597910,17073,64430,NORMAL,GROUP,"Primera Federacion, Group 2",LEAGUE,24322,AD Alcorcón,Visita,1ST,25/08/2024,1,,,,,,,,,,,,,,,,,,,,,,,,,,,,,,,,,,,,,,,,,,,,,,,,
12597910,17073,64430,NORMAL,GROUP,"Primera Federacion, Group 2",LEAGUE,24322,AD Alcorcón,Visita,2ND,25/08/2024,1,,,,,,,,,,,,,,,,,,,,,,,,,,,,,,,,,,,,,,,,,,,,,,,,
12597897,17073,64430,NORMAL,GROUP,"Primera Federacion, Group 2",LEAGUE,24322,AD Alcorcón,Local,ALL,31/08/2024,2,4,58%,1.98,,12,3,7,20,433,0,2,2,0,7,0,3,2,8,4,,,0,13,,1,373,18,,36/49 (73%),14/30 (46%),7/15 (46%),44%,5,51/128 (40%),15/22 (68%),20/28 (71%),,0,17,,10,2,3,,,,,4
12597897,17073,64430,NORMAL,GROUP,"Primera Federacion, Group 2",LEAGUE,24322,AD Alcorcón,Local,1ST,31/08/2024,2,,,,,,,,,,,,,,,,,,,,,,,,,,,,,,,,,,,,,,,,,,,,,,,,
12597897,17073,64430,NORMAL,GROUP,"Primera Federacion, Group 2",LEAGUE,24322,AD Alcorcón,Local,2ND,31/08/2024,2,,,,,,,,,,,,,,,,,,,,,,,,,,,,,,,,,,,,,,,,,,,,,,,,
12597897,17073,64430,NORMAL,GROUP,"Primera Federacion, Group 2",LEAGUE,2877,Hércules CF,Visita,ALL,31/08/2024,2,1,42%,1.06,,10,3,3,18,288,7,2,3,0,4,0,2,4,5,5,,,0,11,,2,231,10,,30/46 (65%),23/42 (54%),4/16 (25%),36%,9,49/132 (37%),8/23 (35%),18/26 (69%),,7,13,,6,1,3,,,,,7
12597897,17073,64430,NORMAL,GROUP,"Primera Federacion, Group 2",LEAGUE,2877,Hércules CF,Visita,1ST,31/08/2024,2,,,,,,,,,,,,,,,,,,,,,,,,,,,,,,,,,,,,,,,,,,,,,,,,
12597897,17073,64430,NORMAL,GROUP,"Primera Federacion, Group 2",LEAGUE,2877,Hércules CF,Visita,2ND,31/08/2024,2,,,,,,,,,,,,,,,,,,,,,,,,,,,,,,,,,,,,,,,,,,,,,,,,
12597859,17073,64430,NORMAL,GROUP,"Primera Federacion, Group 2",LEAGUE,35097,CF Fuenlabrada,Local,ALL,08/09/2024,3,0,43%,0.94,,10,3,3,11,299,4,2,2,0,5,0,5,0,5,5,,,1,,,2,242,17,,,35/47 (74%),5/14 (35%),39%,2,35/98 (36%),15/29 (52%),10/16 (63%),,4,12,,22,,3,,,,,13
12597859,17073,64430,NORMAL,GROUP,"Primera Federacion, Group 2",LEAGUE,35097,CF Fuenlabrada,Local,1ST,08/09/2024,3,,,,,,,,,,,,,,,,,,,,,,,,,,,,,,,,,,,,,,,,,,,,,,,,
12597859,17073,64430,NORMAL,GROUP,"Primera Federacion, Group 2",LEAGUE,35097,CF Fuenlabrada,Local,2ND,08/09/2024,3,,,,,,,,,,,,,,,,,,,,,,,,,,,,,,,,,,,,,,,,,,,,,,,,
12597859,17073,64430,NORMAL,GROUP,"Primera Federacion, Group 2",LEAGUE,24322,AD Alcorcón,Visita,ALL,08/09/2024,3,0,57%,0.93,,14,5,8,14,427,0,3,0,0,3,0,10,1,6,8,,,0,,,3,362,27,,,23/35 (65%),8/23 (34%),37%,11,45/124 (36%),14/32 (44%),20/30 (67%),,0,13,,2,,5,,,,,8
12597859,17073,64430,NORMAL,GROUP,"Primera Federacion, Group 2",LEAGUE,24322,AD Alcorcón,Visita,1ST,08/09/2024,3,,,,,,,,,,,,,,,,,,,,,,,,,,,,,,,,,,,,,,,,,,,,,,,,
12597859,17073,64430,NORMAL,GROUP,"Primera Federacion, Group 2",LEAGUE,24322,AD Alcorcón,Visita,2ND,08/09/2024,3,,,,,,,,,,,,,,,,,,,,,,,,,,,,,,,,,,,,,,,,,,,,,,,,
12597848,17073,64430,NORMAL,GROUP,"Primera Federacion, Group 2",LEAGUE,24322,AD Alcorcón,Local,ALL,14/09/2024,4,2,60%,2.01,,13,3,4,13,521,3,2,4,0,5,0,7,1,7,6,,,1,,,2,459,21,,,18/29 (62%),5/17 (29%),42%,15,60/147 (41%),12/21 (57%),18/24 (75%),,3,10,,9,,3,,,,,7
12597848,17073,64430,NORMAL,GROUP,"Primera Federacion, Group 2",LEAGUE,24322,AD Alcorcón,Local,1ST,14/09/2024,4,,,,,,,,,,,,,,,,,,,,,,,,,,,,,,,,,,,,,,,,,,,,,,,,
12597848,17073,64430,NORMAL,GROUP,"Primera Federacion, Group 2",LEAGUE,24322,AD Alcorcón,Local,2ND,14/09/2024,4,,,,,,,,,,,,,,,,,,,,,,,,,,,,,,,,,,,,,,,,,,,,,,,,
12597848,17073,64430,NORMAL,GROUP,"Primera Federacion, Group 2",LEAGUE,24326,Atlético Madrileño,Visita,ALL,14/09/2024,4,3,40%,1.38,,12,3,4,14,318,1,1,4,0,6,0,3,3,8,4,,,0,,,2,267,16,,,24/42 (57%),7/16 (43%),35%,14,55/160 (34%),9/21 (43%),18/25 (72%),,1,14,,24,,3,,,,,9
12597848,17073,64430,NORMAL,GROUP,"Primera Federacion, Group 2",LEAGUE,24326,Atlético Madrileño,Visita,1ST,14/09/2024,4,,,,,,,,,,,,,,,,,,,,,,,,,,,,,,,,,,,,,,,,,,,,,,,,
12597848,17073,64430,NORMAL,GROUP,"Primera Federacion, Group 2",LEAGUE,24326,Atlético Madrileño,Visita,2ND,14/09/2024,4,,,,,,,,,,,,,,,,,,,,,,,,,,,,,,,,,,,,,,,,,,,,,,,,
12597819,17073,64430,NORMAL,GROUP,"Primera Federacion, Group 2",LEAGUE,6585,CD Alcoyano,Local,ALL,22/09/2024,5,2,52%,2.13,,16,4,5,16,322,2,3,3,0,7,1,4,4,11,5,,,1,,,2,233,24,,,32/58 (55%),3/24 (12%),43%,5,49/134 (37%),38/67 (57%),25/34 (74%),,2,17,,22,,4,,,,,10
12597819,17073,64430,NORMAL,GROUP,"Primera Federacion, Group 2",LEAGUE,6585,CD Alcoyano,Local,1ST,22/09/2024,5,,,,,,,,,,,,,,,,,,,,,,,,,,,,,,,,,,,,,,,,,,,,,,,,
12597819,17073,64430,NORMAL,GROUP,"Primera Federacion, Group 2",LEAGUE,6585,CD Alcoyano,Local,2ND,22/09/2024,5,,,,,,,,,,,,,,,,,,,,,,,,,,,,,,,,,,,,,,,,,,,,,,,,
12597819,17073,64430,NORMAL,GROUP,"Primera Federacion, Group 2",LEAGUE,24322,AD Alcorcón,Visita,ALL,22/09/2024,5,1,48%,0.86,,12,5,5,12,282,1,2,1,0,5,0,6,1,7,5,,,0,,,6,198,23,,,35/74 (47%),3/11 (27%),34%,9,46/152 (30%),27/62 (44%),10/14 (71%),,1,26,,13,,5,,,,,10
12597819,17073,64430,NORMAL,GROUP,"Primera Federacion, Group 2",LEAGUE,24322,AD Alcorcón,Visita,1ST,22/09/2024,5,,,,,,,,,,,,,,,,,,,,,,,,,,,,,,,,,,,,,,,,,,,,,,,,
12597819,17073,64430,NORMAL,GROUP,"Primera Federacion, Group 2",LEAGUE,24322,AD Alcorcón,Visita,2ND,22/09/2024,5,,,,,,,,,,,,,,,,,,,,,,,,,,,,,,,,,,,,,,,,,,,,,,,,
12597805,17073,64430,NORMAL,GROUP,"Primera Federacion, Group 2",LEAGUE,24322,AD Alcorcón,Local,ALL,29/09/2024,6,2,56%,1.30,,16,2,7,12,408,0,1,2,0,5,0,5,6,11,5,,,0,,,2,338,20,,,22/39 (56%),6/23 (26%),41%,13,56/135 (41%),13/32 (41%),18/26 (69%),,0,6,,18,,2,,,,,13
12597805,17073,64430,NORMAL,GROUP,"Primera Federacion, Group 2",LEAGUE,24322,AD Alcorcón,Local,1ST,29/09/2024,6,,,,,,,,,,,,,,,,,,,,,,,,,,,,,,,,,,,,,,,,,,,,,,,,
12597805,17073,64430,NORMAL,GROUP,"Primera Federacion, Group 2",LEAGUE,24322,AD Alcorcón,Local,2ND,29/09/2024,6,,,,,,,,,,,,,,,,,,,,,,,,,,,,,,,,,,,,,,,,,,,,,,,,
12597805,17073,64430,NORMAL,GROUP,"Primera Federacion, Group 2",LEAGUE,7762,Sevilla Atlético,Visita,ALL,29/09/2024,6,2,44%,2.01,,11,3,5,9,336,1,1,0,0,2,1,6,2,6,5,,,0,,,0,276,13,,,18/38 (47%),6/17 (35%),39%,14,46/135 (34%),22/36 (61%),7/9 (78%),,1,11,,21,,3,,,,,9
12597805,17073,64430,NORMAL,GROUP,"Primera Federacion, Group 2",LEAGUE,7762,Sevilla Atlético,Visita,1ST,29/09/2024,6,,,,,,,,,,,,,,,,,,,,,,,,,,,,,,,,,,,,,,,,,,,,,,,,
12597805,17073,64430,NORMAL,GROUP,"Primera Federacion, Group 2",LEAGUE,7762,Sevilla Atlético,Visita,2ND,29/09/2024,6,,,,,,,,,,,,,,,,,,,,,,,,,,,,,,,,,,,,,,,,,,,,,,,,
12597764,17073,64430,NORMAL,GROUP,"Primera Federacion, Group 2",LEAGUE,4487,Real Murcia,Local,ALL,06/10/2024,7,3,48%,2.03,,14,3,4,8,363,4,2,4,0,8,0,6,0,11,3,,,1,,,1,285,20,,,24/45 (53%),7/24 (29%),36%,7,40/127 (31%),16/25 (64%),12/12 (100%),,4,7,,1,,3,,,,,8
12597764,17073,64430,NORMAL,GROUP,"Primera Federacion, Group 2",LEAGUE,4487,Real Murcia,Local,1ST,06/10/2024,7,,,,,,,,,,,,,,,,,,,,,,,,,,,,,,,,,,,,,,,,,,,,,,,,
12597764,17073,64430,NORMAL,GROUP,"Primera Federacion, Group 2",LEAGUE,4487,Real Murcia,Local,2ND,06/10/2024,7,,,,,,,,,,,,,,,,,,,,,,,,,,,,,,,,,,,,,,,,,,,,,,,,
12597764,17073,64430,NORMAL,GROUP,"Primera Federacion, Group 2",LEAGUE,24322,AD Alcorcón,Visita,ALL,06/10/2024,7,1,52%,0.26,,9,5,1,8,444,0,2,1,0,4,0,5,0,3,6,,,2,,,1,379,27,,,17/45 (37%),4/11 (36%),32%,10,36/114 (32%),11/30 (37%),15/18 (83%),,0,11,,2,,5,,,,,10
12597764,17073,64430,NORMAL,GROUP,"Primera Federacion, Group 2",LEAGUE,24322,AD Alcorcón,Visita,1ST,06/10/2024,7,,,,,,,,,,,,,,,,,,,,,,,,,,,,,,,,,,,,,,,,,,,,,,,,
12597764,17073,64430,NORMAL,GROUP,"Primera Federacion, Group 2",LEAGUE,24322,AD Alcorcón,Visita,2ND,06/10/2024,7,,,,,,,,,,,,,,,,,,,,,,,,,,,,,,,,,,,,,,,,,,,,,,,,
12597746,17073,64430,NORMAL,GROUP,"Primera Federacion, Group 2",LEAGUE,24322,AD Alcorcón,Local,ALL,12/10/2024,8,1,31%,0.60,,3,11,4,15,221,9,0,4,1,1,0,2,0,1,2,,,0,,,3,153,16,,,11/35 (31%),1/14 (7%),33%,11,30/106 (28%),11/17 (65%),5/7 (71%),,9,7,,6,,11,,,,,14
12597746,17073,64430,NORMAL,GROUP,"Primera Federacion, Group 2",LEAGUE,24322,AD Alcorcón,Local,1ST,12/10/2024,8,,,,,,,,,,,,,,,,,,,,,,,,,,,,,,,,,,,,,,,,,,,,,,,,
12597746,17073,64430,NORMAL,GROUP,"Primera Federacion, Group 2",LEAGUE,24322,AD Alcorcón,Local,2ND,12/10/2024,8,,,,,,,,,,,,,,,,,,,,,,,,,,,,,,,,,,,,,,,,,,,,,,,,
12597746,17073,64430,NORMAL,GROUP,"Primera Federacion, Group 2",LEAGUE,24358,Betis Deportivo,Visita,ALL,12/10/2024,8,2,69%,1.86,,24,1,7,15,505,2,6,4,0,13,1,4,6,14,10,,,1,,,2,446,17,,,33/51 (64%),13/24 (54%),44%,13,62/144 (43%),12/23 (52%),15/19 (79%),,2,20,,6,,1,,,,,7
12597746,17073,64430,NORMAL,GROUP,"Primera Federacion, Group 2",LEAGUE,24358,Betis Deportivo,Visita,1ST,12/10/2024,8,,,,,,,,,,,,,,,,,,,,,,,,,,,,,,,,,,,,,,,,,,,,,,,,
12597746,17073,64430,NORMAL,GROUP,"Primera Federacion, Group 2",LEAGUE,24358,Betis Deportivo,Visita,2ND,12/10/2024,8,,,,,,,,,,,,,,,,,,,,,,,,,,,,,,,,,,,,,,,,,,,,,,,,
12597730,17073,64430,NORMAL,GROUP,"Primera Federacion, Group 2",LEAGUE,24322,AD Alcorcón,Local,ALL,20/10/2024,9,2,47%,1.29,,10,5,4,18,379,3,7,4,0,5,0,3,2,5,5,,,1,,,1,316,14,,,22/44 (50%),3/7 (42%),36%,1,45/121 (37%),7/23 (30%),14/22 (64%),,3,10,,11,,5,,,,,13
12597730,17073,64430,NORMAL,GROUP,"Primera Federacion, Group 2",LEAGUE,24322,AD Alcorcón,Local,1ST,20/10/2024,9,,,,,,,,,,,,,,,,,,,,,,,,,,,,,,,,,,,,,,,,,,,,,,,,
12597730,17073,64430,NORMAL,GROUP,"Primera Federacion, Group 2",LEAGUE,24322,AD Alcorcón,Local,2ND,20/10/2024,9,,,,,,,,,,,,,,,,,,,,,,,,,,,,,,,,,,,,,,,,,,,,,,,,
12597730,17073,64430,NORMAL,GROUP,"Primera Federacion, Group 2",LEAGUE,5069,Real Madrid Castilla U21,Visita,ALL,20/10/2024,9,1,53%,2.81,,19,3,4,17,416,4,3,5,0,6,0,9,4,11,8,,,0,,,1,345,23,,,33/51 (64%),5/16 (31%),38%,13,48/138 (35%),14/24 (58%),20/23 (87%),,4,17,,13,,3,,,,,5
12597730,17073,64430,NORMAL,GROUP,"Primera Federacion, Group 2",LEAGUE,5069,Real Madrid Castilla U21,Visita,1ST,20/10/2024,9,,,,,,,,,,,,,,,,,,,,,,,,,,,,,,,,,,,,,,,,,,,,,,,,
12597730,17073,64430,NORMAL,GROUP,"Primera Federacion, Group 2",LEAGUE,5069,Real Madrid Castilla U21,Visita,2ND,20/10/2024,9,,,,,,,,,,,,,,,,,,,,,,,,,,,,,,,,,,,,,,,,,,,,,,,,
12597703,17073,64430,NORMAL,GROUP,"Primera Federacion, Group 2",LEAGUE,202076,Recreativo de Huelva,Local,ALL,27/10/2024,10,1,48%,1.68,,11,3,4,14,345,3,5,4,0,6,0,3,2,9,2,,,0,,,3,268,15,,,31/57 (54%),5/14 (35%),39%,7,52/141 (37%),24/50 (48%),13/21 (62%),,3,22,,7,,3,,,,,9
12597703,17073,64430,NORMAL,GROUP,"Primera Federacion, Group 2",LEAGUE,202076,Recreativo de Huelva,Local,1ST,27/10/2024,10,,,,,,,,,,,,,,,,,,,,,,,,,,,,,,,,,,,,,,,,,,,,,,,,
12597703,17073,64430,NORMAL,GROUP,"Primera Federacion, Group 2",LEAGUE,202076,Recreativo de Huelva,Local,2ND,27/10/2024,10,,,,,,,,,,,,,,,,,,,,,,,,,,,,,,,,,,,,,,,,,,,,,,,,
12597703,17073,64430,NORMAL,GROUP,"Primera Federacion, Group 2",LEAGUE,24322,AD Alcorcón,Visita,ALL,27/10/2024,10,0,52%,1.03,,8,5,1,20,438,3,2,5,0,3,0,4,1,5,3,,,2,,,0,356,19,,,33/59 (55%),9/24 (37%),36%,11,49/133 (37%),16/47 (34%),18/20 (90%),,3,7,,12,,5,,,,,9
12597703,17073,64430,NORMAL,GROUP,"Primera Federacion, Group 2",LEAGUE,24322,AD Alcorcón,Visita,1ST,27/10/2024,10,,,,,,,,,,,,,,,,,,,,,,,,,,,,,,,,,,,,,,,,,,,,,,,,
12597703,17073,64430,NORMAL,GROUP,"Primera Federacion, Group 2",LEAGUE,24322,AD Alcorcón,Visita,2ND,27/10/2024,10,,,,,,,,,,,,,,,,,,,,,,,,,,,,,,,,,,,,,,,,,,,,,,,,
12970182,329,66885,NORMAL,PLAYOFF,Round 1,CUP,263916,Salamanca UDS,Local,ALL,30/10/2024,1,1,,,,,,,,,,,3,0,,,,,,,,,,,,,,,,,,,,,,,,,,,,,,,,,,,
12970182,329,66885,NORMAL,PLAYOFF,Round 1,CUP,263916,Salamanca UDS,Local,1ST,30/10/2024,1,,,,,,,,,,,,,,,,,,,,,,,,,,,,,,,,,,,,,,,,,,,,,,,,
12970182,329,66885,NORMAL,PLAYOFF,Round 1,CUP,263916,Salamanca UDS,Local,2ND,30/10/2024,1,,,,,,,,,,,,,,,,,,,,,,,,,,,,,,,,,,,,,,,,,,,,,,,,
12970182,329,66885,NORMAL,PLAYOFF,Round 1,CUP,24322,AD Alcorcón,Visita,ALL,30/10/2024,1,0,,,,,,,,,,,3,0,,,,,,,,,,,,,,,,,,,,,,,,,,,,,,,,,,,
12970182,329,66885,NORMAL,PLAYOFF,Round 1,CUP,24322,AD Alcorcón,Visita,1ST,30/10/2024,1,,,,,,,,,,,,,,,,,,,,,,,,,,,,,,,,,,,,,,,,,,,,,,,,
12970182,329,66885,NORMAL,PLAYOFF,Round 1,CUP,24322,AD Alcorcón,Visita,2ND,30/10/2024,1,,,,,,,,,,,,,,,,,,,,,,,,,,,,,,,,,,,,,,,,,,,,,,,,
12597685,17073,64430,NORMAL,GROUP,"Primera Federacion, Group 2",LEAGUE,24322,AD Alcorcón,Local,ALL,03/11/2024,11,2,58%,1.13,,15,3,6,17,424,2,3,4,0,5,0,7,3,10,5,,,1,,,2,350,24,,,19/42 (45%),14/28 (50%),48%,6,65/139 (47%),16/27 (59%),28/35 (80%),,2,9,,2,,3,,,,,8
12597685,17073,64430,NORMAL,GROUP,"Primera Federacion, Group 2",LEAGUE,24322,AD Alcorcón,Local,1ST,03/11/2024,11,,,,,,,,,,,,,,,,,,,,,,,,,,,,,,,,,,,,,,,,,,,,,,,,
12597685,17073,64430,NORMAL,GROUP,"Primera Federacion, Group 2",LEAGUE,24322,AD Alcorcón,Local,2ND,03/11/2024,11,,,,,,,,,,,,,,,,,,,,,,,,,,,,,,,,,,,,,,,,,,,,,,,,
12597685,17073,64430,NORMAL,GROUP,"Primera Federacion, Group 2",LEAGUE,24351,Mérida AD,Visita,ALL,03/11/2024,11,2,42%,0.94,,11,4,4,13,290,5,1,4,0,5,0,5,1,6,5,,,1,,,1,228,15,,,19/36 (52%),3/13 (23%),32%,8,33/110 (30%),12/28 (43%),10/11 (91%),,5,16,,18,,4,,,,,9
12597685,17073,64430,NORMAL,GROUP,"Primera Federacion, Group 2",LEAGUE,24351,Mérida AD,Visita,1ST,03/11/2024,11,,,,,,,,,,,,,,,,,,,,,,,,,,,,,,,,,,,,,,,,,,,,,,,,
12597685,17073,64430,NORMAL,GROUP,"Primera Federacion, Group 2",LEAGUE,24351,Mérida AD,Visita,2ND,03/11/2024,11,,,,,,,,,,,,,,,,,,,,,,,,,,,,,,,,,,,,,,,,,,,,,,,,
12597655,17073,64430,NORMAL,GROUP,"Primera Federacion, Group 2",LEAGUE,24338,Villarreal B U23,Local,ALL,10/11/2024,12,4,46%,3.57,,19,3,4,9,328,4,4,3,0,10,0,6,3,10,9,,,2,,,2,281,22,,,26/42 (61%),4/9 (44%),38%,3,52/141 (37%),11/22 (50%),19/26 (73%),,4,19,,19,,3,,,,,3
12597655,17073,64430,NORMAL,GROUP,"Primera Federacion, Group 2",LEAGUE,24338,Villarreal B U23,Local,1ST,10/11/2024,12,,,,,,,,,,,,,,,,,,,,,,,,,,,,,,,,,,,,,,,,,,,,,,,,
12597655,17073,64430,NORMAL,GROUP,"Primera Federacion, Group 2",LEAGUE,24338,Villarreal B U23,Local,2ND,10/11/2024,12,,,,,,,,,,,,,,,,,,,,,,,,,,,,,,,,,,,,,,,,,,,,,,,,
12597655,17073,64430,NORMAL,GROUP,"Primera Federacion, Group 2",LEAGUE,24322,AD Alcorcón,Visita,ALL,10/11/2024,12,0,54%,0.59,,7,6,5,17,464,1,2,8,1,3,0,3,1,5,2,,,1,,,0,394,31,,,14/34 (41%),5/23 (21%),33%,4,46/145 (32%),10/23 (43%),18/26 (69%),,1,11,,11,,6,,,,,9
12597655,17073,64430,NORMAL,GROUP,"Primera Federacion, Group 2",LEAGUE,24322,AD Alcorcón,Visita,1ST,10/11/2024,12,,,,,,,,,,,,,,,,,,,,,,,,,,,,,,,,,,,,,,,,,,,,,,,,
12597655,17073,64430,NORMAL,GROUP,"Primera Federacion, Group 2",LEAGUE,24322,AD Alcorcón,Visita,2ND,10/11/2024,12,,,,,,,,,,,,,,,,,,,,,,,,,,,,,,,,,,,,,,,,,,,,,,,,
12597635,17073,64430,NORMAL,GROUP,"Primera Federacion, Group 2",LEAGUE,2869,AD Ceuta,Local,ALL,17/11/2024,13,0,76%,0.48,,6,1,6,12,649,3,4,2,1,2,1,2,1,5,1,,,2,,,2,569,34,,,23/37 (62%),17/46 (36%),39%,6,41/106 (39%),13/31 (42%),27/40 (68%),,3,10,,4,,1,,,,,2
12597635,17073,64430,NORMAL,GROUP,"Primera Federacion, Group 2",LEAGUE,2869,AD Ceuta,Local,1ST,17/11/2024,13,,,,,,,,,,,,,,,,,,,,,,,,,,,,,,,,,,,,,,,,,,,,,,,,
12597635,17073,64430,NORMAL,GROUP,"Primera Federacion, Group 2",LEAGUE,2869,AD Ceuta,Local,2ND,17/11/2024,13,,,,,,,,,,,,,,,,,,,,,,,,,,,,,,,,,,,,,,,,,,,,,,,,
12597635,17073,64430,NORMAL,GROUP,"Primera Federacion, Group 2",LEAGUE,24322,AD Alcorcón,Visita,ALL,17/11/2024,13,2,24%,0.54,,6,2,0,12,152,2,3,1,0,3,0,1,2,2,4,,,0,,,2,92,21,,,15/49 (30%),0/1 (0%),34%,7,30/109 (28%),20/37 (54%),3/6 (50%),,2,12,,27,,2,,,,,14
12597635,17073,64430,NORMAL,GROUP,"Primera Federacion, Group 2",LEAGUE,24322,AD Alcorcón,Visita,1ST,17/11/2024,13,,,,,,,,,,,,,,,,,,,,,,,,,,,,,,,,,,,,,,,,,,,,,,,,
12597635,17073,64430,NORMAL,GROUP,"Primera Federacion, Group 2",LEAGUE,24322,AD Alcorcón,Visita,2ND,17/11/2024,13,,,,,,,,,,,,,,,,,,,,,,,,,,,,,,,,,,,,,,,,,,,,,,,,
12597627,17073,64430,NORMAL,GROUP,"Primera Federacion, Group 2",LEAGUE,24322,AD Alcorcón,Local,ALL,24/11/2024,14,1,43%,1.09,,15,5,7,14,332,7,2,3,0,3,0,10,2,6,9,,,1,,,3,278,18,,,24/49 (48%),2/15 (13%),37%,4,43/132 (33%),20/36 (56%),27/41 (66%),,7,21,,20,,5,,,,,9
12597627,17073,64430,NORMAL,GROUP,"Primera Federacion, Group 2",LEAGUE,24322,AD Alcorcón,Local,1ST,24/11/2024,14,,,,,,,,,,,,,,,,,,,,,,,,,,,,,,,,,,,,,,,,,,,,,,,,
12597627,17073,64430,NORMAL,GROUP,"Primera Federacion, Group 2",LEAGUE,24322,AD Alcorcón,Local,2ND,24/11/2024,14,,,,,,,,,,,,,,,,,,,,,,,,,,,,,,,,,,,,,,,,,,,,,,,,
12597627,17073,64430,NORMAL,GROUP,"Primera Federacion, Group 2",LEAGUE,4489,Algeciras CF,Visita,ALL,24/11/2024,14,1,57%,1.09,,10,2,6,9,450,7,4,2,0,6,0,3,1,6,4,,,1,,,0,396,14,,,19/35 (54%),7/14 (50%),34%,8,52/151 (34%),14/38 (37%),23/27 (85%),,7,16,,19,,2,,,,,12
12597627,17073,64430,NORMAL,GROUP,"Primera Federacion, Group 2",LEAGUE,4489,Algeciras CF,Visita,1ST,24/11/2024,14,,,,,,,,,,,,,,,,,,,,,,,,,,,,,,,,,,,,,,,,,,,,,,,,
12597627,17073,64430,NORMAL,GROUP,"Primera Federacion, Group 2",LEAGUE,4489,Algeciras CF,Visita,2ND,24/11/2024,14,,,,,,,,,,,,,,,,,,,,,,,,,,,,,,,,,,,,,,,,,,,,,,,,
12597597,17073,64430,NORMAL,GROUP,"Primera Federacion, Group 2",LEAGUE,291903,CF Intercity,Local,ALL,01/12/2024,15,0,72%,1.85,,18,5,12,11,576,3,6,6,1,6,1,3,8,9,9,,,3,,,0,496,25,,,31/47 (65%),9/34 (26%),43%,5,58/134 (43%),11/23 (48%),29/36 (81%),,3,10,,6,,5,,,,,2
12597597,17073,64430,NORMAL,GROUP,"Primera Federacion, Group 2",LEAGUE,291903,CF Intercity,Local,1ST,01/12/2024,15,,,,,,,,,,,,,,,,,,,,,,,,,,,,,,,,,,,,,,,,,,,,,,,,
12597597,17073,64430,NORMAL,GROUP,"Primera Federacion, Group 2",LEAGUE,291903,CF Intercity,Local,2ND,01/12/2024,15,,,,,,,,,,,,,,,,,,,,,,,,,,,,,,,,,,,,,,,,,,,,,,,,
12597597,17073,64430,NORMAL,GROUP,"Primera Federacion, Group 2",LEAGUE,24322,AD Alcorcón,Visita,ALL,01/12/2024,15,2,28%,1.58,,8,6,1,18,235,3,1,0,0,6,0,2,0,6,2,,,0,,,2,176,15,,,19/50 (38%),1/1 (100%),29%,4,37/129 (29%),7/22 (32%),12/17 (71%),,3,21,,26,,6,,,,,7
12597597,17073,64430,NORMAL,GROUP,"Primera Federacion, Group 2",LEAGUE,24322,AD Alcorcón,Visita,1ST,01/12/2024,15,,,,,,,,,,,,,,,,,,,,,,,,,,,,,,,,,,,,,,,,,,,,,,,,
12597597,17073,64430,NORMAL,GROUP,"Primera Federacion, Group 2",LEAGUE,24322,AD Alcorcón,Visita,2ND,01/12/2024,15,,,,,,,,,,,,,,,,,,,,,,,,,,,,,,,,,,,,,,,,,,,,,,,,
12597583,17073,64430,NORMAL,GROUP,"Primera Federacion, Group 2",LEAGUE,24322,AD Alcorcón,Local,ALL,07/12/2024,16,1,35%,2.64,,14,1,4,13,270,6,3,1,0,5,0,5,4,6,8,,,1,,,2,217,20,,,24/45 (53%),6/21 (28%),43%,7,58/136 (43%),12/26 (46%),29/34 (85%),,6,13,,21,,1,,,,,4
12597583,17073,64430,NORMAL,GROUP,"Primera Federacion, Group 2",LEAGUE,24322,AD Alcorcón,Local,1ST,07/12/2024,16,,,,,,,,,,,,,,,,,,,,,,,,,,,,,,,,,,,,,,,,,,,,,,,,
12597583,17073,64430,NORMAL,GROUP,"Primera Federacion, Group 2",LEAGUE,24322,AD Alcorcón,Local,2ND,07/12/2024,16,,,,,,,,,,,,,,,,,,,,,,,,,,,,,,,,,,,,,,,,,,,,,,,,
12597583,17073,64430,NORMAL,GROUP,"Primera Federacion, Group 2",LEAGUE,24323,Antequera,Visita,ALL,07/12/2024,16,2,65%,0.60,,5,4,2,17,555,8,4,4,0,3,0,2,0,3,2,,,4,,,1,490,18,,,16/36 (44%),3/13 (23%),31%,7,39/143 (27%),13/23 (57%),18/23 (78%),,8,13,,25,,4,,,,,7
12597583,17073,64430,NORMAL,GROUP,"Primera Federacion, Group 2",LEAGUE,24323,Antequera,Visita,1ST,07/12/2024,16,,,,,,,,,,,,,,,,,,,,,,,,,,,,,,,,,,,,,,,,,,,,,,,,
12597583,17073,64430,NORMAL,GROUP,"Primera Federacion, Group 2",LEAGUE,24323,Antequera,Visita,2ND,07/12/2024,16,,,,,,,,,,,,,,,,,,,,,,,,,,,,,,,,,,,,,,,,,,,,,,,,
12597558,17073,64430,NORMAL,GROUP,"Primera Federacion, Group 2",LEAGUE,77413,Atlético Sanluqueño,Local,ALL,14/12/2024,17,1,64%,0.93,,13,2,3,10,553,3,6,2,0,3,1,6,3,4,9,,,1,,,3,473,28,,,20/45 (44%),11/28 (39%),40%,12,56/155 (36%),22/36 (61%),22/28 (79%),,3,12,,9,,2,,,,,2
12597558,17073,64430,NORMAL,GROUP,"Primera Federacion, Group 2",LEAGUE,77413,Atlético Sanluqueño,Local,1ST,14/12/2024,17,,,,,,,,,,,,,,,,,,,,,,,,,,,,,,,,,,,,,,,,,,,,,,,,
12597558,17073,64430,NORMAL,GROUP,"Primera Federacion, Group 2",LEAGUE,77413,Atlético Sanluqueño,Local,2ND,14/12/2024,17,,,,,,,,,,,,,,,,,,,,,,,,,,,,,,,,,,,,,,,,,,,,,,,,
12597558,17073,64430,NORMAL,GROUP,"Primera Federacion, Group 2",LEAGUE,24322,AD Alcorcón,Visita,ALL,14/12/2024,17,2,36%,1.01,,7,2,6,23,270,2,0,5,0,4,0,0,3,6,1,,,4,,,4,200,20,,,22/48 (45%),2/7 (28%),33%,5,37/113 (33%),10/26 (38%),12/16 (75%),,2,17,,19,,2,,,,,8
12597558,17073,64430,NORMAL,GROUP,"Primera Federacion, Group 2",LEAGUE,24322,AD Alcorcón,Visita,1ST,14/12/2024,17,,,,,,,,,,,,,,,,,,,,,,,,,,,,,,,,,,,,,,,,,,,,,,,,
12597558,17073,64430,NORMAL,GROUP,"Primera Federacion, Group 2",LEAGUE,24322,AD Alcorcón,Visita,2ND,14/12/2024,17,,,,,,,,,,,,,,,,,,,,,,,,,,,,,,,,,,,,,,,,,,,,,,,,
12597544,17073,64430,NORMAL,GROUP,"Primera Federacion, Group 2",LEAGUE,24322,AD Alcorcón,Local,ALL,22/12/2024,18,1,37%,1.75,,13,0,4,18,287,1,1,2,0,4,2,2,5,11,2,,,6,,,0,223,24,,,30/58 (51%),5/10 (50%),35%,8,47/140 (34%),12/25 (48%),19/29 (66%),,1,14,,11,,0,,,,,9
12597544,17073,64430,NORMAL,GROUP,"Primera Federacion, Group 2",LEAGUE,24322,AD Alcorcón,Local,1ST,22/12/2024,18,,,,,,,,,,,,,,,,,,,,,,,,,,,,,,,,,,,,,,,,,,,,,,,,
12597544,17073,64430,NORMAL,GROUP,"Primera Federacion, Group 2",LEAGUE,24322,AD Alcorcón,Local,2ND,22/12/2024,18,,,,,,,,,,,,,,,,,,,,,,,,,,,,,,,,,,,,,,,,,,,,,,,,
12597544,17073,64430,NORMAL,GROUP,"Primera Federacion, Group 2",LEAGUE,24368,UD Ibiza,Visita,ALL,22/12/2024,18,2,63%,1.38,,9,3,2,15,525,1,2,5,0,2,1,4,2,6,3,,,6,,,3,454,18,,,26/43 (60%),4/13 (30%),34%,5,41/132 (31%),12/20 (60%),8/13 (62%),,1,12,,13,,3,,,,,4
12597544,17073,64430,NORMAL,GROUP,"Primera Federacion, Group 2",LEAGUE,24368,UD Ibiza,Visita,1ST,22/12/2024,18,,,,,,,,,,,,,,,,,,,,,,,,,,,,,,,,,,,,,,,,,,,,,,,,
12597544,17073,64430,NORMAL,GROUP,"Primera Federacion, Group 2",LEAGUE,24368,UD Ibiza,Visita,2ND,22/12/2024,18,,,,,,,,,,,,,,,,,,,,,,,,,,,,,,,,,,,,,,,,,,,,,,,,
12597518,17073,64430,NORMAL,GROUP,"Primera Federacion, Group 2",LEAGUE,24348,Marbella FC,Local,ALL,12/01/2025,19,3,56%,1.13,,12,1,8,16,451,3,3,3,0,5,1,1,5,4,8,,,1,,,3,365,20,,,29/53 (54%),9/39 (23%),37%,9,44/121 (36%),15/35 (43%),12/15 (80%),,3,8,,6,,1,,,,,6
12597518,17073,64430,NORMAL,GROUP,"Primera Federacion, Group 2",LEAGUE,24348,Marbella FC,Local,1ST,12/01/2025,19,,,,,,,,,,,,,,,,,,,,,,,,,,,,,,,,,,,,,,,,,,,,,,,,
12597518,17073,64430,NORMAL,GROUP,"Primera Federacion, Group 2",LEAGUE,24348,Marbella FC,Local,2ND,12/01/2025,19,,,,,,,,,,,,,,,,,,,,,,,,,,,,,,,,,,,,,,,,,,,,,,,,
12597518,17073,64430,NORMAL,GROUP,"Primera Federacion, Group 2",LEAGUE,24322,AD Alcorcón,Visita,ALL,12/01/2025,19,3,44%,0.61,,7,2,5,15,354,2,3,2,0,3,0,2,2,5,2,,,0,,,2,285,17,,,30/53 (56%),0/6 (0%),40%,14,46/133 (35%),26/44 (59%),8/10 (80%),,2,19,,16,,2,,,,,4
12597518,17073,64430,NORMAL,GROUP,"Primera Federacion, Group 2",LEAGUE,24322,AD Alcorcón,Visita,1ST,12/01/2025,19,,,,,,,,,,,,,,,,,,,,,,,,,,,,,,,,,,,,,,,,,,,,,,,,
12597518,17073,64430,NORMAL,GROUP,"Primera Federacion, Group 2",LEAGUE,24322,AD Alcorcón,Visita,2ND,12/01/2025,19,,,,,,,,,,,,,,,,,,,,,,,,,,,,,,,,,,,,,,,,,,,,,,,,
12597507,17073,64430,NORMAL,GROUP,"Primera Federacion, Group 2",LEAGUE,24322,AD Alcorcón,Local,ALL,17/01/2025,20,2,52%,2.05,,18,0,5,15,413,2,3,1,0,5,0,5,8,9,9,,,0,,,1,351,19,,,29/44 (65%),5/19 (26%),33%,21,47/144 (33%),13/35 (37%),17/25 (68%),,2,13,,7,,0,,,,,8
12597507,17073,64430,NORMAL,GROUP,"Primera Federacion, Group 2",LEAGUE,24322,AD Alcorcón,Local,1ST,17/01/2025,20,,,,,,,,,,,,,,,,,,,,,,,,,,,,,,,,,,,,,,,,,,,,,,,,
12597507,17073,64430,NORMAL,GROUP,"Primera Federacion, Group 2",LEAGUE,24322,AD Alcorcón,Local,2ND,17/01/2025,20,,,,,,,,,,,,,,,,,,,,,,,,,,,,,,,,,,,,,,,,,,,,,,,,
12597507,17073,64430,NORMAL,GROUP,"Primera Federacion, Group 2",LEAGUE,35097,CF Fuenlabrada,Visita,ALL,17/01/2025,20,1,48%,0.24,,8,3,6,12,373,3,4,4,0,1,1,4,2,4,4,,,3,,,4,307,20,,,34/55 (61%),3/13 (23%),43%,12,59/145 (41%),19/34 (56%),10/14 (71%),,3,8,,20,,3,,,,,8
12597507,17073,64430,NORMAL,GROUP,"Primera Federacion, Group 2",LEAGUE,35097,CF Fuenlabrada,Visita,1ST,17/01/2025,20,,,,,,,,,,,,,,,,,,,,,,,,,,,,,,,,,,,,,,,,,,,,,,,,
12597507,17073,64430,NORMAL,GROUP,"Primera Federacion, Group 2",LEAGUE,35097,CF Fuenlabrada,Visita,2ND,17/01/2025,20,,,,,,,,,,,,,,,,,,,,,,,,,,,,,,,,,,,,,,,,,,,,,,,,
12597485,17073,64430,NORMAL,GROUP,"Primera Federacion, Group 2",LEAGUE,24326,Atlético Madrileño,Local,ALL,26/01/2025,21,2,55%,2.47,,12,5,1,11,476,4,2,3,0,6,0,3,3,5,7,,,2,,,3,418,19,,,27/40 (67%),4/12 (33%),35%,12,42/134 (31%),16/31 (52%),13/14 (93%),,4,13,,29,,5,,,,,1
12597485,17073,64430,NORMAL,GROUP,"Primera Federacion, Group 2",LEAGUE,24326,Atlético Madrileño,Local,1ST,26/01/2025,21,,,,,,,,,,,,,,,,,,,,,,,,,,,,,,,,,,,,,,,,,,,,,,,,
12597485,17073,64430,NORMAL,GROUP,"Primera Federacion, Group 2",LEAGUE,24326,Atlético Madrileño,Local,2ND,26/01/2025,21,,,,,,,,,,,,,,,,,,,,,,,,,,,,,,,,,,,,,,,,,,,,,,,,
12597485,17073,64430,NORMAL,GROUP,"Primera Federacion, Group 2",LEAGUE,24322,AD Alcorcón,Visita,ALL,26/01/2025,21,1,45%,2.11,,10,4,5,16,398,3,3,3,0,6,1,2,1,8,2,,,3,,,3,325,16,,,22/46 (47%),8/20 (40%),41%,7,46/115 (40%),15/33 (45%),13/20 (65%),,3,17,,10,,4,,,,,8
12597485,17073,64430,NORMAL,GROUP,"Primera Federacion, Group 2",LEAGUE,24322,AD Alcorcón,Visita,1ST,26/01/2025,21,,,,,,,,,,,,,,,,,,,,,,,,,,,,,,,,,,,,,,,,,,,,,,,,
12597485,17073,64430,NORMAL,GROUP,"Primera Federacion, Group 2",LEAGUE,24322,AD Alcorcón,Visita,2ND,26/01/2025,21,,,,,,,,,,,,,,,,,,,,,,,,,,,,,,,,,,,,,,,,,,,,,,,,
12597469,17073,64430,NORMAL,GROUP,"Primera Federacion, Group 2",LEAGUE,24322,AD Alcorcón,Local,ALL,01/02/2025,22,1,54%,1.07,,14,1,3,14,359,2,5,4,0,5,1,4,4,4,10,,,0,,,2,283,23,,,18/42 (42%),4/16 (25%),39%,8,56/144 (39%),14/35 (40%),20/24 (83%),,2,11,,17,,1,,,,,7
12597469,17073,64430,NORMAL,GROUP,"Primera Federacion, Group 2",LEAGUE,24322,AD Alcorcón,Local,1ST,01/02/2025,22,,,,,,,,,,,,,,,,,,,,,,,,,,,,,,,,,,,,,,,,,,,,,,,,
12597469,17073,64430,NORMAL,GROUP,"Primera Federacion, Group 2",LEAGUE,24322,AD Alcorcón,Local,2ND,01/02/2025,22,,,,,,,,,,,,,,,,,,,,,,,,,,,,,,,,,,,,,,,,,,,,,,,,
12597469,17073,64430,NORMAL,GROUP,"Primera Federacion, Group 2",LEAGUE,202076,Recreativo de Huelva,Visita,ALL,01/02/2025,22,0,46%,1.06,,8,5,7,18,302,0,7,3,0,1,0,2,5,4,4,,,2,,,0,221,22,,,26/55 (47%),5/17 (29%),36%,7,47/137 (34%),17/37 (46%),15/23 (65%),,0,15,,19,,5,,,,,7
12597469,17073,64430,NORMAL,GROUP,"Primera Federacion, Group 2",LEAGUE,202076,Recreativo de Huelva,Visita,1ST,01/02/2025,22,,,,,,,,,,,,,,,,,,,,,,,,,,,,,,,,,,,,,,,,,,,,,,,,
12597469,17073,64430,NORMAL,GROUP,"Primera Federacion, Group 2",LEAGUE,202076,Recreativo de Huelva,Visita,2ND,01/02/2025,22,,,,,,,,,,,,,,,,,,,,,,,,,,,,,,,,,,,,,,,,,,,,,,,,
12597438,17073,64430,NORMAL,GROUP,"Primera Federacion, Group 2",LEAGUE,24351,Mérida AD,Local,ALL,08/02/2025,23,2,51%,0.29,,9,0,3,11,312,2,4,2,0,1,0,4,4,4,5,,,0,,,3,263,19,,,14/32 (43%),4/9 (44%),35%,10,41/117 (35%),11/29 (38%),15/18 (83%),,2,5,,10,,0,,,,,4
12597438,17073,64430,NORMAL,GROUP,"Primera Federacion, Group 2",LEAGUE,24351,Mérida AD,Local,1ST,08/02/2025,23,,,,,,,,,,,,,,,,,,,,,,,,,,,,,,,,,,,,,,,,,,,,,,,,
12597438,17073,64430,NORMAL,GROUP,"Primera Federacion, Group 2",LEAGUE,24351,Mérida AD,Local,2ND,08/02/2025,23,,,,,,,,,,,,,,,,,,,,,,,,,,,,,,,,,,,,,,,,,,,,,,,,
12597438,17073,64430,NORMAL,GROUP,"Primera Federacion, Group 2",LEAGUE,24322,AD Alcorcón,Visita,ALL,08/02/2025,23,1,49%,0.34,,4,1,8,12,239,3,2,1,1,0,0,1,2,3,1,,,0,,,2,173,10,,,22/39 (56%),2/15 (13%),41%,6,41/109 (38%),17/31 (55%),17/19 (89%),,3,11,,6,,1,,,,,9
12597438,17073,64430,NORMAL,GROUP,"Primera Federacion, Group 2",LEAGUE,24322,AD Alcorcón,Visita,1ST,08/02/2025,23,,,,,,,,,,,,,,,,,,,,,,,,,,,,,,,,,,,,,,,,,,,,,,,,
12597438,17073,64430,NORMAL,GROUP,"Primera Federacion, Group 2",LEAGUE,24322,AD Alcorcón,Visita,2ND,08/02/2025,23,,,,,,,,,,,,,,,,,,,,,,,,,,,,,,,,,,,,,,,,,,,,,,,,
12597423,17073,64430,NORMAL,GROUP,"Primera Federacion, Group 2",LEAGUE,24322,AD Alcorcón,Local,ALL,14/02/2025,24,0,46%,0.24,,10,4,4,17,352,5,1,3,0,3,0,4,3,2,8,,,1,,,4,291,14,,,27/46 (58%),2/10 (20%),35%,12,41/125 (33%),9/16 (56%),11/15 (73%),,5,14,,12,,4,,,,,8
12597423,17073,64430,NORMAL,GROUP,"Primera Federacion, Group 2",LEAGUE,24322,AD Alcorcón,Local,1ST,14/02/2025,24,,,,,,,,,,,,,,,,,,,,,,,,,,,,,,,,,,,,,,,,,,,,,,,,
12597423,17073,64430,NORMAL,GROUP,"Primera Federacion, Group 2",LEAGUE,24322,AD Alcorcón,Local,2ND,14/02/2025,24,,,,,,,,,,,,,,,,,,,,,,,,,,,,,,,,,,,,,,,,,,,,,,,,
12597423,17073,64430,NORMAL,GROUP,"Primera Federacion, Group 2",LEAGUE,2869,AD Ceuta,Visita,ALL,14/02/2025,24,0,54%,1.83,,10,3,2,15,509,1,2,3,0,4,0,4,2,7,3,,,2,,,2,433,23,,,17/33 (51%),11/27 (40%),39%,8,54/129 (42%),3/15 (20%),16/25 (64%),,1,10,,9,,3,,,,,8
12597423,17073,64430,NORMAL,GROUP,"Primera Federacion, Group 2",LEAGUE,2869,AD Ceuta,Visita,1ST,14/02/2025,24,,,,,,,,,,,,,,,,,,,,,,,,,,,,,,,,,,,,,,,,,,,,,,,,
12597423,17073,64430,NORMAL,GROUP,"Primera Federacion, Group 2",LEAGUE,2869,AD Ceuta,Visita,2ND,14/02/2025,24,,,,,,,,,,,,,,,,,,,,,,,,,,,,,,,,,,,,,,,,,,,,,,,,
12597392,17073,64430,NORMAL,GROUP,"Primera Federacion, Group 2",LEAGUE,5069,Real Madrid Castilla U21,Local,ALL,22/02/2025,25,2,49%,0.68,,6,4,5,10,377,5,3,3,0,3,0,2,1,6,0,,,5,,,4,315,19,,,16/35 (45%),1/8 (12%),37%,8,37/113 (33%),15/25 (60%),5/11 (45%),,5,15,,16,,4,,,,,4
12597392,17073,64430,NORMAL,GROUP,"Primera Federacion, Group 2",LEAGUE,5069,Real Madrid Castilla U21,Local,1ST,22/02/2025,25,,,,,,,,,,,,,,,,,,,,,,,,,,,,,,,,,,,,,,,,,,,,,,,,
12597392,17073,64430,NORMAL,GROUP,"Primera Federacion, Group 2",LEAGUE,5069,Real Madrid Castilla U21,Local,2ND,22/02/2025,25,,,,,,,,,,,,,,,,,,,,,,,,,,,,,,,,,,,,,,,,,,,,,,,,
12597392,17073,64430,NORMAL,GROUP,"Primera Federacion, Group 2",LEAGUE,24322,AD Alcorcón,Visita,ALL,22/02/2025,25,1,51%,0.99,,8,1,4,24,417,0,3,6,1,4,0,2,2,6,2,,,3,,,2,330,31,,,14/33 (42%),3/18 (16%),42%,8,48/114 (42%),10/23 (43%),14/22 (64%),,0,10,,10,,1,,,,,9
12597392,17073,64430,NORMAL,GROUP,"Primera Federacion, Group 2",LEAGUE,24322,AD Alcorcón,Visita,1ST,22/02/2025,25,,,,,,,,,,,,,,,,,,,,,,,,,,,,,,,,,,,,,,,,,,,,,,,,
12597392,17073,64430,NORMAL,GROUP,"Primera Federacion, Group 2",LEAGUE,24322,AD Alcorcón,Visita,2ND,22/02/2025,25,,,,,,,,,,,,,,,,,,,,,,,,,,,,,,,,,,,,,,,,,,,,,,,,
12597390,17073,64430,NORMAL,GROUP,"Primera Federacion, Group 2",LEAGUE,24322,AD Alcorcón,Local,ALL,01/03/2025,26,0,52%,0.28,,9,2,7,17,438,1,4,2,0,1,0,4,4,3,6,,,0,,,1,363,25,,,19/33 (57%),2/13 (15%),39%,12,52/134 (39%),14/34 (41%),22/30 (73%),,1,16,,11,,2,,,,,11
12597390,17073,64430,NORMAL,GROUP,"Primera Federacion, Group 2",LEAGUE,24322,AD Alcorcón,Local,1ST,01/03/2025,26,,,,,,,,,,,,,,,,,,,,,,,,,,,,,,,,,,,,,,,,,,,,,,,,
12597390,17073,64430,NORMAL,GROUP,"Primera Federacion, Group 2",LEAGUE,24322,AD Alcorcón,Local,2ND,01/03/2025,26,,,,,,,,,,,,,,,,,,,,,,,,,,,,,,,,,,,,,,,,,,,,,,,,
12597390,17073,64430,NORMAL,GROUP,"Primera Federacion, Group 2",LEAGUE,6585,CD Alcoyano,Visita,ALL,01/03/2025,26,0,48%,0.34,,9,1,1,12,338,2,3,4,0,2,0,3,4,4,5,,,0,,,2,270,25,,,17/43 (39%),5/17 (29%),36%,10,52/155 (34%),18/36 (50%),12/21 (57%),,2,22,,20,,1,,,,,10
12597390,17073,64430,NORMAL,GROUP,"Primera Federacion, Group 2",LEAGUE,6585,CD Alcoyano,Visita,1ST,01/03/2025,26,,,,,,,,,,,,,,,,,,,,,,,,,,,,,,,,,,,,,,,,,,,,,,,,
12597390,17073,64430,NORMAL,GROUP,"Primera Federacion, Group 2",LEAGUE,6585,CD Alcoyano,Visita,2ND,01/03/2025,26,,,,,,,,,,,,,,,,,,,,,,,,,,,,,,,,,,,,,,,,,,,,,,,,
12597378,17073,64430,NORMAL,GROUP,"Primera Federacion, Group 2",LEAGUE,24322,AD Alcorcón,Local,ALL,09/03/2025,27,3,42%,1.11,,9,2,2,11,348,1,2,5,0,5,0,3,1,6,3,,,2,,,2,287,22,,,15/42 (35%),7/11 (63%),31%,8,38/133 (29%),11/23 (48%),13/20 (65%),,1,13,,16,,2,,,,,11
12597378,17073,64430,NORMAL,GROUP,"Primera Federacion, Group 2",LEAGUE,24322,AD Alcorcón,Local,1ST,09/03/2025,27,,,,,,,,,,,,,,,,,,,,,,,,,,,,,,,,,,,,,,,,,,,,,,,,
12597378,17073,64430,NORMAL,GROUP,"Primera Federacion, Group 2",LEAGUE,24322,AD Alcorcón,Local,2ND,09/03/2025,27,,,,,,,,,,,,,,,,,,,,,,,,,,,,,,,,,,,,,,,,,,,,,,,,
12597378,17073,64430,NORMAL,GROUP,"Primera Federacion, Group 2",LEAGUE,291903,CF Intercity,Visita,ALL,09/03/2025,27,0,58%,0.45,,5,2,5,10,461,3,3,2,0,2,1,1,1,2,3,,,1,,,2,379,23,,,21/52 (40%),10/23 (43%),42%,9,52/126 (41%),9/19 (47%),20/24 (83%),,3,14,,7,,2,,,,,4
12597378,17073,64430,NORMAL,GROUP,"Primera Federacion, Group 2",LEAGUE,291903,CF Intercity,Visita,1ST,09/03/2025,27,,,,,,,,,,,,,,,,,,,,,,,,,,,,,,,,,,,,,,,,,,,,,,,,
12597378,17073,64430,NORMAL,GROUP,"Primera Federacion, Group 2",LEAGUE,291903,CF Intercity,Visita,2ND,09/03/2025,27,,,,,,,,,,,,,,,,,,,,,,,,,,,,,,,,,,,,,,,,,,,,,,,,
12597362,17073,64430,NORMAL,GROUP,"Primera Federacion, Group 2",LEAGUE,24323,Antequera,Local,ALL,15/03/2025,28,1,42%,0.35,,5,2,3,19,272,1,0,3,0,1,0,3,1,3,2,,,0,,,0,190,20,,,15/43 (34%),3/9 (33%),37%,9,48/147 (33%),19/31 (61%),11/20 (55%),,1,23,,20,,2,,,,,7
12597362,17073,64430,NORMAL,GROUP,"Primera Federacion, Group 2",LEAGUE,24323,Antequera,Local,1ST,15/03/2025,28,,,,,,,,,,,,,,,,,,,,,,,,,,,,,,,,,,,,,,,,,,,,,,,,
12597362,17073,64430,NORMAL,GROUP,"Primera Federacion, Group 2",LEAGUE,24323,Antequera,Local,2ND,15/03/2025,28,,,,,,,,,,,,,,,,,,,,,,,,,,,,,,,,,,,,,,,,,,,,,,,,
12597362,17073,64430,NORMAL,GROUP,"Primera Federacion, Group 2",LEAGUE,24322,AD Alcorcón,Visita,ALL,15/03/2025,28,0,58%,1.12,,13,0,7,14,420,4,5,0,0,2,1,5,5,7,6,,,4,,,4,327,31,,,28/61 (45%),7/25 (28%),39%,9,61/150 (41%),10/30 (33%),17/23 (74%),,4,15,,7,,0,,,,,5
12597362,17073,64430,NORMAL,GROUP,"Primera Federacion, Group 2",LEAGUE,24322,AD Alcorcón,Visita,1ST,15/03/2025,28,,,,,,,,,,,,,,,,,,,,,,,,,,,,,,,,,,,,,,,,,,,,,,,,
12597362,17073,64430,NORMAL,GROUP,"Primera Federacion, Group 2",LEAGUE,24322,AD Alcorcón,Visita,2ND,15/03/2025,28,,,,,,,,,,,,,,,,,,,,,,,,,,,,,,,,,,,,,,,,,,,,,,,,
12597358,17073,64430,NORMAL,GROUP,"Primera Federacion, Group 2",LEAGUE,24322,AD Alcorcón,Local,ALL,23/03/2025,29,2,55%,2.82,,14,0,11,11,398,6,6,2,0,6,0,5,3,10,4,,,0,,,1,338,18,,,21/35 (60%),8/30 (26%),47%,2,69/137 (50%),9/28 (32%),51/67 (76%),,6,15,,10,,0,,,,,5
12597358,17073,64430,NORMAL,GROUP,"Primera Federacion, Group 2",LEAGUE,24322,AD Alcorcón,Local,1ST,23/03/2025,29,,,,,,,,,,,,,,,,,,,,,,,,,,,,,,,,,,,,,,,,,,,,,,,,
12597358,17073,64430,NORMAL,GROUP,"Primera Federacion, Group 2",LEAGUE,24322,AD Alcorcón,Local,2ND,23/03/2025,29,,,,,,,,,,,,,,,,,,,,,,,,,,,,,,,,,,,,,,,,,,,,,,,,
12597358,17073,64430,NORMAL,GROUP,"Primera Federacion, Group 2",LEAGUE,24338,Villarreal B U23,Visita,ALL,23/03/2025,29,1,45%,1.52,,7,5,2,19,314,4,1,4,0,1,0,3,3,6,1,,,1,,,3,257,18,,,22/45 (48%),1/10 (10%),41%,6,53/146 (36%),26/43 (60%),17/21 (81%),,4,18,,31,,5,,,,,8
12597358,17073,64430,NORMAL,GROUP,"Primera Federacion, Group 2",LEAGUE,24338,Villarreal B U23,Visita,1ST,23/03/2025,29,,,,,,,,,,,,,,,,,,,,,,,,,,,,,,,,,,,,,,,,,,,,,,,,
12597358,17073,64430,NORMAL,GROUP,"Primera Federacion, Group 2",LEAGUE,24338,Villarreal B U23,Visita,2ND,23/03/2025,29,,,,,,,,,,,,,,,,,,,,,,,,,,,,,,,,,,,,,,,,,,,,,,,,
12597348,17073,64430,NORMAL,GROUP,"Primera Federacion, Group 2",LEAGUE,24358,Betis Deportivo,Local,ALL,28/03/2025,30,1,60%,2.45,,16,4,5,14,477,1,5,5,1,3,1,7,5,9,7,,,0,,,1,421,10,,,22/39 (56%),8/22 (36%),41%,15,55/141 (39%),12/21 (57%),16/22 (73%),,1,13,,3,,4,,,,,3
12597348,17073,64430,NORMAL,GROUP,"Primera Federacion, Group 2",LEAGUE,24358,Betis Deportivo,Local,1ST,28/03/2025,30,,,,,,,,,,,,,,,,,,,,,,,,,,,,,,,,,,,,,,,,,,,,,,,,
12597348,17073,64430,NORMAL,GROUP,"Primera Federacion, Group 2",LEAGUE,24358,Betis Deportivo,Local,2ND,28/03/2025,30,,,,,,,,,,,,,,,,,,,,,,,,,,,,,,,,,,,,,,,,,,,,,,,,
12597348,17073,64430,NORMAL,GROUP,"Primera Federacion, Group 2",LEAGUE,24322,AD Alcorcón,Visita,ALL,28/03/2025,30,2,40%,1.42,,10,4,2,16,293,0,4,3,0,5,1,3,1,7,3,,,0,,,6,218,14,,,21/40 (52%),2/7 (28%),36%,9,53/147 (36%),11/26 (42%),11/17 (65%),,0,18,,9,,4,,,,,10
12597348,17073,64430,NORMAL,GROUP,"Primera Federacion, Group 2",LEAGUE,24322,AD Alcorcón,Visita,1ST,28/03/2025,30,,,,,,,,,,,,,,,,,,,,,,,,,,,,,,,,,,,,,,,,,,,,,,,,
12597348,17073,64430,NORMAL,GROUP,"Primera Federacion, Group 2",LEAGUE,24322,AD Alcorcón,Visita,2ND,28/03/2025,30,,,,,,,,,,,,,,,,,,,,,,,,,,,,,,,,,,,,,,,,,,,,,,,,
12597343,17073,64430,NORMAL,GROUP,"Primera Federacion, Group 2",LEAGUE,24322,AD Alcorcón,Local,ALL,06/04/2025,31,3,56%,1.08,,11,0,8,27,396,6,2,3,0,5,0,3,3,6,5,,,1,,,1,338,24,,,16/28 (57%),9/24 (37%),37%,2,53/138 (38%),10/32 (31%),25/36 (69%),,6,5,,11,,0,,,,,6
12597343,17073,64430,NORMAL,GROUP,"Primera Federacion, Group 2",LEAGUE,24322,AD Alcorcón,Local,1ST,06/04/2025,31,,,,,,,,,,,,,,,,,,,,,,,,,,,,,,,,,,,,,,,,,,,,,,,,
12597343,17073,64430,NORMAL,GROUP,"Primera Federacion, Group 2",LEAGUE,24322,AD Alcorcón,Local,2ND,06/04/2025,31,,,,,,,,,,,,,,,,,,,,,,,,,,,,,,,,,,,,,,,,,,,,,,,,
12597343,17073,64430,NORMAL,GROUP,"Primera Federacion, Group 2",LEAGUE,77413,Atlético Sanluqueño,Visita,ALL,06/04/2025,31,1,44%,0.50,,4,2,2,15,352,5,5,3,0,1,0,1,2,3,1,,,0,,,4,298,21,,,18/42 (42%),4/8 (50%),34%,9,39/138 (28%),19/30 (63%),4/8 (50%),,5,14,,25,,2,,,,,5
12597343,17073,64430,NORMAL,GROUP,"Primera Federacion, Group 2",LEAGUE,77413,Atlético Sanluqueño,Visita,1ST,06/04/2025,31,,,,,,,,,,,,,,,,,,,,,,,,,,,,,,,,,,,,,,,,,,,,,,,,
12597343,17073,64430,NORMAL,GROUP,"Primera Federacion, Group 2",LEAGUE,77413,Atlético Sanluqueño,Visita,2ND,06/04/2025,31,,,,,,,,,,,,,,,,,,,,,,,,,,,,,,,,,,,,,,,,,,,,,,,,
12597331,17073,64430,NORMAL,GROUP,"Primera Federacion, Group 2",LEAGUE,4489,Algeciras CF,Local,ALL,13/04/2025,32,2,42%,0.64,,5,0,1,15,262,4,2,4,0,2,0,2,1,3,2,,,1,,,1,201,27,,,25/48 (52%),1/8 (12%),35%,10,38/125 (30%),19/35 (54%),10/15 (67%),,4,16,,15,,0,,,,,8
12597331,17073,64430,NORMAL,GROUP,"Primera Federacion, Group 2",LEAGUE,4489,Algeciras CF,Local,1ST,13/04/2025,32,,,,,,,,,,,,,,,,,,,,,,,,,,,,,,,,,,,,,,,,,,,,,,,,
12597331,17073,64430,NORMAL,GROUP,"Primera Federacion, Group 2",LEAGUE,4489,Algeciras CF,Local,2ND,13/04/2025,32,,,,,,,,,,,,,,,,,,,,,,,,,,,,,,,,,,,,,,,,,,,,,,,,
12597331,17073,64430,NORMAL,GROUP,"Primera Federacion, Group 2",LEAGUE,24322,AD Alcorcón,Visita,ALL,13/04/2025,32,0,58%,0.65,,9,0,7,10,449,4,3,1,0,0,0,4,5,6,3,,,2,,,5,375,24,,,20/48 (41%),5/17 (29%),41%,6,52/125 (42%),15/37 (41%),17/24 (71%),,4,12,,9,,0,,,,,5
12597331,17073,64430,NORMAL,GROUP,"Primera Federacion, Group 2",LEAGUE,24322,AD Alcorcón,Visita,1ST,13/04/2025,32,,,,,,,,,,,,,,,,,,,,,,,,,,,,,,,,,,,,,,,,,,,,,,,,
12597331,17073,64430,NORMAL,GROUP,"Primera Federacion, Group 2",LEAGUE,24322,AD Alcorcón,Visita,2ND,13/04/2025,32,,,,,,,,,,,,,,,,,,,,,,,,,,,,,,,,,,,,,,,,,,,,,,,,
12597320,17073,64430,NORMAL,GROUP,"Primera Federacion, Group 2",LEAGUE,24322,AD Alcorcón,Local,ALL,20/04/2025,33,2,61%,1.85,,16,1,4,14,490,2,3,4,0,5,1,8,2,10,6,,,2,,,0,424,19,,,16/30 (53%),12/30 (40%),48%,5,46/94 (49%),12/26 (46%),22/25 (88%),,2,12,,13,,1,,,,,6
12597320,17073,64430,NORMAL,GROUP,"Primera Federacion, Group 2",LEAGUE,24322,AD Alcorcón,Local,1ST,20/04/2025,33,,,,,,,,,,,,,,,,,,,,,,,,,,,,,,,,,,,,,,,,,,,,,,,,
12597320,17073,64430,NORMAL,GROUP,"Primera Federacion, Group 2",LEAGUE,24322,AD Alcorcón,Local,2ND,20/04/2025,33,,,,,,,,,,,,,,,,,,,,,,,,,,,,,,,,,,,,,,,,,,,,,,,,
12597320,17073,64430,NORMAL,GROUP,"Primera Federacion, Group 2",LEAGUE,4487,Real Murcia,Visita,ALL,20/04/2025,33,1,39%,0.21,,2,3,1,14,309,3,2,7,2,1,0,1,0,2,0,,,0,,,1,246,20,,,15/46 (32%),1/8 (12%),37%,2,32/94 (34%),14/29 (48%),9/12 (75%),,3,14,,21,,3,,,,,14
12597320,17073,64430,NORMAL,GROUP,"Primera Federacion, Group 2",LEAGUE,4487,Real Murcia,Visita,1ST,20/04/2025,33,,,,,,,,,,,,,,,,,,,,,,,,,,,,,,,,,,,,,,,,,,,,,,,,
12597320,17073,64430,NORMAL,GROUP,"Primera Federacion, Group 2",LEAGUE,4487,Real Murcia,Visita,2ND,20/04/2025,33,,,,,,,,,,,,,,,,,,,,,,,,,,,,,,,,,,,,,,,,,,,,,,,,
12597307,17073,64430,NORMAL,GROUP,"Primera Federacion, Group 2",LEAGUE,2877,Hércules CF,Local,ALL,27/04/2025,34,2,60%,1.37,,11,2,4,15,430,3,5,4,0,6,0,3,2,5,6,,,0,,,6,358,17,,,27/51 (52%),5/19 (26%),47%,8,51/127 (40%),22/27 (81%),17/23 (74%),,3,16,,17,,2,,,,,12
12597307,17073,64430,NORMAL,GROUP,"Primera Federacion, Group 2",LEAGUE,2877,Hércules CF,Local,1ST,27/04/2025,34,,,,,,,,,,,,,,,,,,,,,,,,,,,,,,,,,,,,,,,,,,,,,,,,
12597307,17073,64430,NORMAL,GROUP,"Primera Federacion, Group 2",LEAGUE,2877,Hércules CF,Local,2ND,27/04/2025,34,,,,,,,,,,,,,,,,,,,,,,,,,,,,,,,,,,,,,,,,,,,,,,,,
12597307,17073,64430,NORMAL,GROUP,"Primera Federacion, Group 2",LEAGUE,24322,AD Alcorcón,Visita,ALL,27/04/2025,34,0,40%,1.06,,11,4,2,15,292,4,4,2,0,2,0,8,1,6,5,,,2,,,0,233,15,,,17/28 (60%),1/10 (10%),33%,14,48/135 (36%),7/30 (23%),14/20 (70%),,4,20,,16,,4,,,,,7
12597307,17073,64430,NORMAL,GROUP,"Primera Federacion, Group 2",LEAGUE,24322,AD Alcorcón,Visita,1ST,27/04/2025,34,,,,,,,,,,,,,,,,,,,,,,,,,,,,,,,,,,,,,,,,,,,,,,,,
12597307,17073,64430,NORMAL,GROUP,"Primera Federacion, Group 2",LEAGUE,24322,AD Alcorcón,Visita,2ND,27/04/2025,34,,,,,,,,,,,,,,,,,,,,,,,,,,,,,,,,,,,,,,,,,,,,,,,,
12597303,17073,64430,NORMAL,GROUP,"Primera Federacion, Group 2",LEAGUE,24322,AD Alcorcón,Local,ALL,03/05/2025,35,2,46%,1.10,,6,3,2,18,289,3,3,4,0,3,0,2,1,3,3,,,1,,,1,232,21,,,17/34 (50%),2/5 (40%),33%,6,28/99 (28%),24/57 (42%),6/9 (67%),,3,13,,33,,3,,,,,10
12597303,17073,64430,NORMAL,GROUP,"Primera Federacion, Group 2",LEAGUE,24322,AD Alcorcón,Local,1ST,03/05/2025,35,,,,,,,,,,,,,,,,,,,,,,,,,,,,,,,,,,,,,,,,,,,,,,,,
12597303,17073,64430,NORMAL,GROUP,"Primera Federacion, Group 2",LEAGUE,24322,AD Alcorcón,Local,2ND,03/05/2025,35,,,,,,,,,,,,,,,,,,,,,,,,,,,,,,,,,,,,,,,,,,,,,,,,
12597303,17073,64430,NORMAL,GROUP,"Primera Federacion, Group 2",LEAGUE,43759,Yeclano Deportivo,Visita,ALL,03/05/2025,35,0,54%,1.13,,12,1,6,15,275,5,8,3,0,3,0,5,4,8,4,,,0,,,2,214,23,,,21/34 (61%),8/21 (38%),44%,6,43/98 (44%),25/55 (45%),14/15 (93%),,5,11,,7,,1,,,,,4
12597303,17073,64430,NORMAL,GROUP,"Primera Federacion, Group 2",LEAGUE,43759,Yeclano Deportivo,Visita,1ST,03/05/2025,35,,,,,,,,,,,,,,,,,,,,,,,,,,,,,,,,,,,,,,,,,,,,,,,,
12597303,17073,64430,NORMAL,GROUP,"Primera Federacion, Group 2",LEAGUE,43759,Yeclano Deportivo,Visita,2ND,03/05/2025,35,,,,,,,,,,,,,,,,,,,,,,,,,,,,,,,,,,,,,,,,,,,,,,,,
12597284,17073,64430,NORMAL,GROUP,"Primera Federacion, Group 2",LEAGUE,24368,UD Ibiza,Local,ALL,10/05/2025,36,2,58%,1.38,,10,3,3,19,495,5,0,2,0,5,0,2,3,8,2,,,2,,,4,419,25,,,14/39 (35%),5/17 (29%),35%,6,40/105 (38%),3/15 (20%),13/17 (76%),,5,29,,11,,3,,,,,2
12597284,17073,64430,NORMAL,GROUP,"Primera Federacion, Group 2",LEAGUE,24368,UD Ibiza,Local,1ST,10/05/2025,36,,,,,,,,,,,,,,,,,,,,,,,,,,,,,,,,,,,,,,,,,,,,,,,,
12597284,17073,64430,NORMAL,GROUP,"Primera Federacion, Group 2",LEAGUE,24368,UD Ibiza,Local,2ND,10/05/2025,36,,,,,,,,,,,,,,,,,,,,,,,,,,,,,,,,,,,,,,,,,,,,,,,,
12597284,17073,64430,NORMAL,GROUP,"Primera Federacion, Group 2",LEAGUE,24322,AD Alcorcón,Visita,ALL,10/05/2025,36,0,42%,0.85,,4,3,0,12,377,1,5,1,0,3,1,0,0,4,0,,,2,,,4,299,27,,,21/51 (41%),0/5 (0%),35%,4,31/106 (29%),12/15 (80%),8/11 (73%),,1,19,,15,,3,,,,,5
12597284,17073,64430,NORMAL,GROUP,"Primera Federacion, Group 2",LEAGUE,24322,AD Alcorcón,Visita,1ST,10/05/2025,36,,,,,,,,,,,,,,,,,,,,,,,,,,,,,,,,,,,,,,,,,,,,,,,,
12597284,17073,64430,NORMAL,GROUP,"Primera Federacion, Group 2",LEAGUE,24322,AD Alcorcón,Visita,2ND,10/05/2025,36,,,,,,,,,,,,,,,,,,,,,,,,,,,,,,,,,,,,,,,,,,,,,,,,
12597274,17073,64430,NORMAL,GROUP,"Primera Federacion, Group 2",LEAGUE,24322,AD Alcorcón,Local,ALL,17/05/2025,37,3,46%,1.73,,16,2,4,13,400,2,0,2,0,8,0,5,3,13,3,,,3,,,1,326,23,,,17/48 (35%),1/8 (12%),39%,6,47/126 (37%),10/20 (50%),11/16 (69%),,2,18,,13,,2,,,,,13
12597274,17073,64430,NORMAL,GROUP,"Primera Federacion, Group 2",LEAGUE,24322,AD Alcorcón,Local,1ST,17/05/2025,37,,,,,,,,,,,,,,,,,,,,,,,,,,,,,,,,,,,,,,,,,,,,,,,,
12597274,17073,64430,NORMAL,GROUP,"Primera Federacion, Group 2",LEAGUE,24322,AD Alcorcón,Local,2ND,17/05/2025,37,,,,,,,,,,,,,,,,,,,,,,,,,,,,,,,,,,,,,,,,,,,,,,,,
12597274,17073,64430,NORMAL,GROUP,"Primera Federacion, Group 2",LEAGUE,24348,Marbella FC,Visita,ALL,17/05/2025,37,1,54%,1.12,,11,6,3,12,433,5,3,2,0,3,1,6,1,7,4,,,2,,,0,369,25,,,17/27 (62%),4/12 (33%),33%,6,38/121 (31%),9/21 (43%),13/21 (62%),,5,6,,24,,6,,,,,9
12597274,17073,64430,NORMAL,GROUP,"Primera Federacion, Group 2",LEAGUE,24348,Marbella FC,Visita,1ST,17/05/2025,37,,,,,,,,,,,,,,,,,,,,,,,,,,,,,,,,,,,,,,,,,,,,,,,,
12597274,17073,64430,NORMAL,GROUP,"Primera Federacion, Group 2",LEAGUE,24348,Marbella FC,Visita,2ND,17/05/2025,37,,,,,,,,,,,,,,,,,,,,,,,,,,,,,,,,,,,,,,,,,,,,,,,,
12597443,17073,64430,NORMAL,GROUP,"Primera Federacion, Group 2",LEAGUE,7762,Sevilla Atlético,Local,ALL,24/05/2025,38,1,49%,0.52,,5,8,1,5,348,3,4,0,0,2,0,2,1,2,3,,,0,,,3,282,16,,,31/53 (58%),4/10 (40%),35%,5,29/93 (31%),13/25 (52%),8/13 (62%),,3,19,,9,,8,,,,,6
12597443,17073,64430,NORMAL,GROUP,"Primera Federacion, Group 2",LEAGUE,7762,Sevilla Atlético,Local,1ST,24/05/2025,38,,,,,,,,,,,,,,,,,,,,,,,,,,,,,,,,,,,,,,,,,,,,,,,,
12597443,17073,64430,NORMAL,GROUP,"Primera Federacion, Group 2",LEAGUE,7762,Sevilla Atlético,Local,2ND,24/05/2025,38,,,,,,,,,,,,,,,,,,,,,,,,,,,,,,,,,,,,,,,,,,,,,,,,
12597443,17073,64430,NORMAL,GROUP,"Primera Federacion, Group 2",LEAGUE,24322,AD Alcorcón,Visita,ALL,24/05/2025,38,1,51%,1.24,,14,1,5,16,394,1,1,3,0,8,0,4,2,7,7,,,3,,,3,326,18,,,25/44 (56%),3/5 (60%),41%,6,41/102 (40%),11/22 (50%),17/26 (65%),,1,9,,13,,1,,,,,7
12597443,17073,64430,NORMAL,GROUP,"Primera Federacion, Group 2",LEAGUE,24322,AD Alcorcón,Visita,1ST,24/05/2025,38,,,,,,,,,,,,,,,,,,,,,,,,,,,,,,,,,,,,,,,,,,,,,,,,
12597443,17073,64430,NORMAL,GROUP,"Primera Federacion, Group 2",LEAGUE,24322,AD Alcorcón,Visita,2ND,24/05/2025,38,,,,,,,,,,,,,,,,,,,,,,,,,,,,,,,,,,,,,,,,,,,,,,,,
14099038,17073,77727,NORMAL,GROUP,"Primera Federacion, Group 2",LEAGUE,24338,Villarreal B U23,Local,ALL,01/09/2025,1,1,58%,1.06,,16,3,5,9,512,1,0,2,0,6,1,5,4,7,9,,,1,,,5,450,14,,,30/51 (58%),7/20 (35%),42%,3,40/95 (42%),11/25 (44%),20/22 (91%),,1,9,,1,,3,,,,,6
14099038,17073,77727,NORMAL,GROUP,"Primera Federacion, Group 2",LEAGUE,24338,Villarreal B U23,Local,1ST,01/09/2025,1,,,,,,,,,,,,,,,,,,,,,,,,,,,,,,,,,,,,,,,,,,,,,,,,
14099038,17073,77727,NORMAL,GROUP,"Primera Federacion, Group 2",LEAGUE,24338,Villarreal B U23,Local,2ND,01/09/2025,1,,,,,,,,,,,,,,,,,,,,,,,,,,,,,,,,,,,,,,,,,,,,,,,,
14099038,17073,77727,NORMAL,GROUP,"Primera Federacion, Group 2",LEAGUE,24322,AD Alcorcón,Visita,ALL,01/09/2025,1,0,42%,1.31,,8,5,1,12,342,0,4,1,0,2,1,3,2,5,3,,,0,,,3,287,13,,,21/39 (53%),3/6 (50%),37%,6,33/93 (35%),9/20 (45%),5/7 (71%),,0,3,,19,,5,,,,,7
14099038,17073,77727,NORMAL,GROUP,"Primera Federacion, Group 2",LEAGUE,24322,AD Alcorcón,Visita,1ST,01/09/2025,1,,,,,,,,,,,,,,,,,,,,,,,,,,,,,,,,,,,,,,,,,,,,,,,,
14099038,17073,77727,NORMAL,GROUP,"Primera Federacion, Group 2",LEAGUE,24322,AD Alcorcón,Visita,2ND,01/09/2025,1,,,,,,,,,,,,,,,,,,,,,,,,,,,,,,,,,,,,,,,,,,,,,,,,
14099073,17073,77727,NORMAL,GROUP,"Primera Federacion, Group 2",LEAGUE,24322,AD Alcorcón,Local,ALL,06/09/2025,2,2,46%,0.70,,13,0,7,18,285,1,2,2,0,5,0,5,3,7,6,,,1,,,1,232,32,,,23/46 (50%),2/4 (50%),30%,10,31/123 (25%),19/43 (44%),8/12 (67%),,1,12,,9,,0,,,,,6
14099073,17073,77727,NORMAL,GROUP,"Primera Federacion, Group 2",LEAGUE,24322,AD Alcorcón,Local,1ST,06/09/2025,2,,,,,,,,,,,,,,,,,,,,,,,,,,,,,,,,,,,,,,,,,,,,,,,,
14099073,17073,77727,NORMAL,GROUP,"Primera Federacion, Group 2",LEAGUE,24322,AD Alcorcón,Local,2ND,06/09/2025,2,,,,,,,,,,,,,,,,,,,,,,,,,,,,,,,,,,,,,,,,,,,,,,,,
14099073,17073,77727,NORMAL,GROUP,"Primera Federacion, Group 2",LEAGUE,43751,CD Teruel,Visita,ALL,06/09/2025,2,1,54%,0.33,,5,3,1,11,374,0,3,4,0,1,0,3,1,2,3,,,2,,,6,293,17,,,22/52 (42%),3/16 (18%),39%,3,46/121 (38%),17/39 (44%),10/12 (83%),,0,1,,13,,3,,,,,8
14099073,17073,77727,NORMAL,GROUP,"Primera Federacion, Group 2",LEAGUE,43751,CD Teruel,Visita,1ST,06/09/2025,2,,,,,,,,,,,,,,,,,,,,,,,,,,,,,,,,,,,,,,,,,,,,,,,,
14099073,17073,77727,NORMAL,GROUP,"Primera Federacion, Group 2",LEAGUE,43751,CD Teruel,Visita,2ND,06/09/2025,2,,,,,,,,,,,,,,,,,,,,,,,,,,,,,,,,,,,,,,,,,,,,,,,,
14099095,17073,77727,NORMAL,GROUP,"Primera Federacion, Group 2",LEAGUE,24323,Antequera,Local,ALL,13/09/2025,3,1,57%,0.72,,10,0,5,14,415,1,1,1,0,2,1,6,1,6,4,,,1,,,0,352,14,,,27/39 (69%),4/25 (16%),41%,5,44/109 (40%),13/29 (45%),11/15 (73%),,1,9,,12,,0,,,,,6
14099095,17073,77727,NORMAL,GROUP,"Primera Federacion, Group 2",LEAGUE,24323,Antequera,Local,1ST,13/09/2025,3,,,,,,,,,,,,,,,,,,,,,,,,,,,,,,,,,,,,,,,,,,,,,,,,
14099095,17073,77727,NORMAL,GROUP,"Primera Federacion, Group 2",LEAGUE,24323,Antequera,Local,2ND,13/09/2025,3,,,,,,,,,,,,,,,,,,,,,,,,,,,,,,,,,,,,,,,,,,,,,,,,
14099095,17073,77727,NORMAL,GROUP,"Primera Federacion, Group 2",LEAGUE,24322,AD Alcorcón,Visita,ALL,13/09/2025,3,2,43%,0.91,,7,2,5,8,347,0,3,0,0,2,0,2,3,3,4,,,1,,,3,291,13,,,24/47 (51%),2/8 (25%),33%,12,31/113 (27%),18/35 (51%),4/6 (67%),,0,18,,11,,2,,,,,14
14099095,17073,77727,NORMAL,GROUP,"Primera Federacion, Group 2",LEAGUE,24322,AD Alcorcón,Visita,1ST,13/09/2025,3,,,,,,,,,,,,,,,,,,,,,,,,,,,,,,,,,,,,,,,,,,,,,,,,
14099095,17073,77727,NORMAL,GROUP,"Primera Federacion, Group 2",LEAGUE,24322,AD Alcorcón,Visita,2ND,13/09/2025,3,,,,,,,,,,,,,,,,,,,,,,,,,,,,,,,,,,,,,,,,,,,,,,,,
14099113,17073,77727,NORMAL,GROUP,"Primera Federacion, Group 2",LEAGUE,24322,AD Alcorcón,Local,ALL,20/09/2025,4,1,51%,0.78,,11,1,5,12,464,4,4,1,0,5,0,4,2,6,5,,,1,,,2,405,9,,,20/48 (41%),1/8 (12%),34%,10,38/118 (32%),10/23 (43%),10/14 (71%),,4,13,,12,,1,,,,,8
14099113,17073,77727,NORMAL,GROUP,"Primera Federacion, Group 2",LEAGUE,24322,AD Alcorcón,Local,1ST,20/09/2025,4,,,,,,,,,,,,,,,,,,,,,,,,,,,,,,,,,,,,,,,,,,,,,,,,
14099113,17073,77727,NORMAL,GROUP,"Primera Federacion, Group 2",LEAGUE,24322,AD Alcorcón,Local,2ND,20/09/2025,4,,,,,,,,,,,,,,,,,,,,,,,,,,,,,,,,,,,,,,,,,,,,,,,,
14099113,17073,77727,NORMAL,GROUP,"Primera Federacion, Group 2",LEAGUE,263407,Juventud Torremolinos CF,Visita,ALL,20/09/2025,4,1,49%,0.44,,9,4,8,15,396,1,1,1,0,1,0,5,3,3,6,,,0,,,2,322,15,,,18/39 (46%),4/14 (28%),40%,9,44/110 (40%),11/25 (44%),9/10 (90%),,1,7,,1,,4,,,,,6
14099113,17073,77727,NORMAL,GROUP,"Primera Federacion, Group 2",LEAGUE,263407,Juventud Torremolinos CF,Visita,1ST,20/09/2025,4,,,,,,,,,,,,,,,,,,,,,,,,,,,,,,,,,,,,,,,,,,,,,,,,
14099113,17073,77727,NORMAL,GROUP,"Primera Federacion, Group 2",LEAGUE,263407,Juventud Torremolinos CF,Visita,2ND,20/09/2025,4,,,,,,,,,,,,,,,,,,,,,,,,,,,,,,,,,,,,,,,,,,,,,,,,
14099137,17073,77727,NORMAL,GROUP,"Primera Federacion, Group 2",LEAGUE,2877,Hércules CF,Local,ALL,28/09/2025,5,0,,,,,,,,,,,2,0,,,,,,,,,,,,,,,,,,,,,,,,,,,,,,,,,,,
14099137,17073,77727,NORMAL,GROUP,"Primera Federacion, Group 2",LEAGUE,2877,Hércules CF,Local,1ST,28/09/2025,5,,,,,,,,,,,,,,,,,,,,,,,,,,,,,,,,,,,,,,,,,,,,,,,,
14099137,17073,77727,NORMAL,GROUP,"Primera Federacion, Group 2",LEAGUE,2877,Hércules CF,Local,2ND,28/09/2025,5,,,,,,,,,,,,,,,,,,,,,,,,,,,,,,,,,,,,,,,,,,,,,,,,
14099137,17073,77727,NORMAL,GROUP,"Primera Federacion, Group 2",LEAGUE,24322,AD Alcorcón,Visita,ALL,28/09/2025,5,0,,,,,,,,,,,4,0,,,,,,,,,,,,,,,,,,,,,,,,,,,,,,,,,,,
14099137,17073,77727,NORMAL,GROUP,"Primera Federacion, Group 2",LEAGUE,24322,AD Alcorcón,Visita,1ST,28/09/2025,5,,,,,,,,,,,,,,,,,,,,,,,,,,,,,,,,,,,,,,,,,,,,,,,,
14099137,17073,77727,NORMAL,GROUP,"Primera Federacion, Group 2",LEAGUE,24322,AD Alcorcón,Visita,2ND,28/09/2025,5,,,,,,,,,,,,,,,,,,,,,,,,,,,,,,,,,,,,,,,,,,,,,,,,
14099153,17073,77727,NORMAL,GROUP,"Primera Federacion, Group 2",LEAGUE,24322,AD Alcorcón,Local,ALL,04/10/2025,6,0,66%,1.24,,16,1,2,22,521,3,3,1,0,4,0,5,7,8,8,,,0,,,0,451,25,,,22/37 (59%),13/32 (40%),46%,6,44/109 (40%),21/32 (66%),20/23 (87%),,3,7,,10,,1,,,,,12
14099153,17073,77727,NORMAL,GROUP,"Primera Federacion, Group 2",LEAGUE,24322,AD Alcorcón,Local,1ST,04/10/2025,6,,,,,,,,,,,,,,,,,,,,,,,,,,,,,,,,,,,,,,,,,,,,,,,,
14099153,17073,77727,NORMAL,GROUP,"Primera Federacion, Group 2",LEAGUE,24322,AD Alcorcón,Local,2ND,04/10/2025,6,,,,,,,,,,,,,,,,,,,,,,,,,,,,,,,,,,,,,,,,,,,,,,,,
14099153,17073,77727,NORMAL,GROUP,"Primera Federacion, Group 2",LEAGUE,77413,Atlético Sanluqueño,Visita,ALL,04/10/2025,6,0,34%,0.41,,5,4,1,10,219,3,3,4,0,1,0,3,1,3,2,,,0,,,1,166,16,,,23/41 (56%),3/9 (33%),35%,9,36/98 (37%),7/24 (29%),5/7 (71%),,3,17,,20,,4,,,,,10
14099153,17073,77727,NORMAL,GROUP,"Primera Federacion, Group 2",LEAGUE,77413,Atlético Sanluqueño,Visita,1ST,04/10/2025,6,,,,,,,,,,,,,,,,,,,,,,,,,,,,,,,,,,,,,,,,,,,,,,,,
14099153,17073,77727,NORMAL,GROUP,"Primera Federacion, Group 2",LEAGUE,77413,Atlético Sanluqueño,Visita,2ND,04/10/2025,6,,,,,,,,,,,,,,,,,,,,,,,,,,,,,,,,,,,,,,,,,,,,,,,,
14099176,17073,77727,NORMAL,GROUP,"Primera Federacion, Group 2",LEAGUE,2840,Gimnàstic de Tarragona,Local,ALL,12/10/2025,7,1,63%,1.87,,16,3,3,9,461,0,3,3,0,7,0,5,4,9,7,,,3,,,0,398,29,,,26/47 (55%),7/10 (70%),37%,9,34/103 (33%),18/34 (53%),10/19 (53%),,0,10,,17,,3,,,,,7
14099176,17073,77727,NORMAL,GROUP,"Primera Federacion, Group 2",LEAGUE,2840,Gimnàstic de Tarragona,Local,1ST,12/10/2025,7,,,,,,,,,,,,,,,,,,,,,,,,,,,,,,,,,,,,,,,,,,,,,,,,
14099176,17073,77727,NORMAL,GROUP,"Primera Federacion, Group 2",LEAGUE,2840,Gimnàstic de Tarragona,Local,2ND,12/10/2025,7,,,,,,,,,,,,,,,,,,,,,,,,,,,,,,,,,,,,,,,,,,,,,,,,
14099176,17073,77727,NORMAL,GROUP,"Primera Federacion, Group 2",LEAGUE,24322,AD Alcorcón,Visita,ALL,12/10/2025,7,2,37%,0.95,,12,6,4,22,295,1,2,2,0,5,1,4,2,5,7,,,1,,,2,218,28,,,20/47 (42%),5/14 (35%),40%,7,41/101 (41%),11/29 (38%),8/12 (67%),,1,4,,17,,6,,,,,8
14099176,17073,77727,NORMAL,GROUP,"Primera Federacion, Group 2",LEAGUE,24322,AD Alcorcón,Visita,1ST,12/10/2025,7,,,,,,,,,,,,,,,,,,,,,,,,,,,,,,,,,,,,,,,,,,,,,,,,
14099176,17073,77727,NORMAL,GROUP,"Primera Federacion, Group 2",LEAGUE,24322,AD Alcorcón,Visita,2ND,12/10/2025,7,,,,,,,,,,,,,,,,,,,,,,,,,,,,,,,,,,,,,,,,,,,,,,,,
14099228,17073,77727,NORMAL,GROUP,"Primera Federacion, Group 2",LEAGUE,24322,AD Alcorcón,Local,ALL,17/10/2025,8,0,58%,0.82,,14,0,5,17,471,2,3,2,0,4,0,4,6,8,6,,,0,,,3,390,21,,,23/35 (65%),10/27 (37%),45%,4,56/118 (47%),12/30 (40%),21/25 (84%),,2,10,,16,,0,,,,,12
14099228,17073,77727,NORMAL,GROUP,"Primera Federacion, Group 2",LEAGUE,24322,AD Alcorcón,Local,1ST,17/10/2025,8,,,,,,,,,,,,,,,,,,,,,,,,,,,,,,,,,,,,,,,,,,,,,,,,
14099228,17073,77727,NORMAL,GROUP,"Primera Federacion, Group 2",LEAGUE,24322,AD Alcorcón,Local,2ND,17/10/2025,8,,,,,,,,,,,,,,,,,,,,,,,,,,,,,,,,,,,,,,,,,,,,,,,,
14099228,17073,77727,NORMAL,GROUP,"Primera Federacion, Group 2",LEAGUE,24335,CE Sabadell,Visita,ALL,17/10/2025,8,3,42%,0.72,,11,5,2,14,325,2,3,1,0,3,0,5,3,4,7,,,3,,,0,261,20,,,36/59 (61%),2/9 (22%),40%,4,40/112 (36%),18/30 (60%),12/17 (71%),,2,27,,20,,5,,,,,8
14099228,17073,77727,NORMAL,GROUP,"Primera Federacion, Group 2",LEAGUE,24335,CE Sabadell,Visita,1ST,17/10/2025,8,,,,,,,,,,,,,,,,,,,,,,,,,,,,,,,,,,,,,,,,,,,,,,,,
14099228,17073,77727,NORMAL,GROUP,"Primera Federacion, Group 2",LEAGUE,24335,CE Sabadell,Visita,2ND,17/10/2025,8,,,,,,,,,,,,,,,,,,,,,,,,,,,,,,,,,,,,,,,,,,,,,,,,
14099258,17073,77727,NORMAL,GROUP,"Primera Federacion, Group 2",LEAGUE,4489,Algeciras CF,Local,ALL,25/10/2025,9,1,36%,0.65,,7,3,4,11,212,1,1,6,1,2,0,3,2,7,0,,,0,,,2,158,11,,,20/41 (48%),3/9 (33%),32%,3,31/87 (36%),6/28 (21%),7/13 (54%),,1,16,,26,,3,,,,,7
14099258,17073,77727,NORMAL,GROUP,"Primera Federacion, Group 2",LEAGUE,4489,Algeciras CF,Local,1ST,25/10/2025,9,,,,,,,,,,,,,,,,,,,,,,,,,,,,,,,,,,,,,,,,,,,,,,,,
14099258,17073,77727,NORMAL,GROUP,"Primera Federacion, Group 2",LEAGUE,4489,Algeciras CF,Local,2ND,25/10/2025,9,,,,,,,,,,,,,,,,,,,,,,,,,,,,,,,,,,,,,,,,,,,,,,,,
14099258,17073,77727,NORMAL,GROUP,"Primera Federacion, Group 2",LEAGUE,24322,AD Alcorcón,Visita,ALL,25/10/2025,9,0,64%,0.93,,12,2,9,12,479,1,2,3,1,3,0,1,8,5,7,,,1,,,3,420,17,,,17/37 (45%),9/25 (36%),45%,5,33/80 (41%),16/28 (57%),16/24 (67%),,1,11,,13,,2,,,,,6
14099258,17073,77727,NORMAL,GROUP,"Primera Federacion, Group 2",LEAGUE,24322,AD Alcorcón,Visita,1ST,25/10/2025,9,,,,,,,,,,,,,,,,,,,,,,,,,,,,,,,,,,,,,,,,,,,,,,,,
14099258,17073,77727,NORMAL,GROUP,"Primera Federacion, Group 2",LEAGUE,24322,AD Alcorcón,Visita,2ND,25/10/2025,9,,,,,,,,,,,,,,,,,,,,,,,,,,,,,,,,,,,,,,,,,,,,,,,,
14099278,17073,77727,NORMAL,GROUP,"Primera Federacion, Group 2",LEAGUE,24322,AD Alcorcón,Local,ALL,31/10/2025,10,0,49%,0.89,,8,5,5,5,346,3,2,0,1,1,0,2,5,3,5,,,0,,,0,284,19,,,22/41 (53%),5/19 (26%),41%,4,38/96 (40%),17/37 (46%),13/15 (87%),,3,6,,19,,5,,,,,6
14099278,17073,77727,NORMAL,GROUP,"Primera Federacion, Group 2",LEAGUE,24322,AD Alcorcón,Local,1ST,31/10/2025,10,,,,,,,,,,,,,,,,,,,,,,,,,,,,,,,,,,,,,,,,,,,,,,,,
14099278,17073,77727,NORMAL,GROUP,"Primera Federacion, Group 2",LEAGUE,24322,AD Alcorcón,Local,2ND,31/10/2025,10,,,,,,,,,,,,,,,,,,,,,,,,,,,,,,,,,,,,,,,,,,,,,,,,
14099278,17073,77727,NORMAL,GROUP,"Primera Federacion, Group 2",LEAGUE,7762,Sevilla Atlético,Visita,ALL,31/10/2025,10,0,51%,0.47,,16,1,10,16,336,2,4,1,0,4,1,5,6,6,10,,,0,,,2,276,16,,,31/53 (58%),5/19 (26%),38%,4,26/83 (31%),20/36 (56%),15/21 (71%),,2,10,,20,,1,,,,,9
14099278,17073,77727,NORMAL,GROUP,"Primera Federacion, Group 2",LEAGUE,7762,Sevilla Atlético,Visita,1ST,31/10/2025,10,,,,,,,,,,,,,,,,,,,,,,,,,,,,,,,,,,,,,,,,,,,,,,,,
14099278,17073,77727,NORMAL,GROUP,"Primera Federacion, Group 2",LEAGUE,7762,Sevilla Atlético,Visita,2ND,31/10/2025,10,,,,,,,,,,,,,,,,,,,,,,,,,,,,,,,,,,,,,,,,,,,,,,,,
14102913,17073,77727,NORMAL,GROUP,"Primera Federacion, Group 2",LEAGUE,24348,Marbella FC,Local,ALL,09/11/2025,11,1,60%,1.02,,10,5,5,10,506,2,4,5,0,3,0,3,4,6,4,,,1,,,3,424,19,,,31/51 (60%),4/25 (16%),33%,6,34/111 (31%),11/24 (46%),7/12 (58%),,2,16,,11,,5,,,,,3
14102913,17073,77727,NORMAL,GROUP,"Primera Federacion, Group 2",LEAGUE,24348,Marbella FC,Local,1ST,09/11/2025,11,,,,,,,,,,,,,,,,,,,,,,,,,,,,,,,,,,,,,,,,,,,,,,,,
14102913,17073,77727,NORMAL,GROUP,"Primera Federacion, Group 2",LEAGUE,24348,Marbella FC,Local,2ND,09/11/2025,11,,,,,,,,,,,,,,,,,,,,,,,,,,,,,,,,,,,,,,,,,,,,,,,,
14102913,17073,77727,NORMAL,GROUP,"Primera Federacion, Group 2",LEAGUE,24322,AD Alcorcón,Visita,ALL,09/11/2025,11,2,40%,1.38,,9,2,1,12,337,2,2,4,0,6,0,2,1,6,3,,,1,,,2,276,22,,,18/41 (43%),2/8 (25%),31%,6,29/108 (27%),14/27 (52%),8/11 (73%),,2,15,,23,,2,,,,,10
14102913,17073,77727,NORMAL,GROUP,"Primera Federacion, Group 2",LEAGUE,24322,AD Alcorcón,Visita,1ST,09/11/2025,11,,,,,,,,,,,,,,,,,,,,,,,,,,,,,,,,,,,,,,,,,,,,,,,,
14102913,17073,77727,NORMAL,GROUP,"Primera Federacion, Group 2",LEAGUE,24322,AD Alcorcón,Visita,2ND,09/11/2025,11,,,,,,,,,,,,,,,,,,,,,,,,,,,,,,,,,,,,,,,,,,,,,,,,
14102931,17073,77727,NORMAL,GROUP,"Primera Federacion, Group 2",LEAGUE,24322,AD Alcorcón,Local,ALL,16/11/2025,12,0,31%,0.67,,9,11,7,14,208,5,2,2,1,3,0,4,2,5,4,,,5,,,4,129,20,,,26/55 (47%),1/12 (8%),39%,7,41/114 (36%),9/13 (69%),11/16 (69%),,5,14,,16,,11,,,,,5
14102931,17073,77727,NORMAL,GROUP,"Primera Federacion, Group 2",LEAGUE,24322,AD Alcorcón,Local,1ST,16/11/2025,12,,,,,,,,,,,,,,,,,,,,,,,,,,,,,,,,,,,,,,,,,,,,,,,,
14102931,17073,77727,NORMAL,GROUP,"Primera Federacion, Group 2",LEAGUE,24322,AD Alcorcón,Local,2ND,16/11/2025,12,,,,,,,,,,,,,,,,,,,,,,,,,,,,,,,,,,,,,,,,,,,,,,,,
14102931,17073,77727,NORMAL,GROUP,"Primera Federacion, Group 2",LEAGUE,24326,Atlético Madrileño,Visita,ALL,16/11/2025,12,1,69%,1.90,,17,3,5,14,511,1,3,3,0,12,0,2,3,7,10,,,1,,,2,444,20,,,23/43 (53%),2/13 (15%),39%,5,47/114 (41%),3/12 (25%),17/26 (65%),,1,18,,22,,3,,,,,7
14102931,17073,77727,NORMAL,GROUP,"Primera Federacion, Group 2",LEAGUE,24326,Atlético Madrileño,Visita,1ST,16/11/2025,12,,,,,,,,,,,,,,,,,,,,,,,,,,,,,,,,,,,,,,,,,,,,,,,,
14102931,17073,77727,NORMAL,GROUP,"Primera Federacion, Group 2",LEAGUE,24326,Atlético Madrileño,Visita,2ND,16/11/2025,12,,,,,,,,,,,,,,,,,,,,,,,,,,,,,,,,,,,,,,,,,,,,,,,,
14102954,17073,77727,NORMAL,GROUP,"Primera Federacion, Group 2",LEAGUE,24322,AD Alcorcón,Local,ALL,23/11/2025,13,1,49%,2.09,,10,1,3,15,392,3,1,3,0,7,0,2,1,8,2,,,2,,,1,324,16,,,22/55 (40%),4/14 (28%),45%,8,41/101 (41%),21/34 (62%),17/24 (71%),,3,14,,21,,1,,,,,11
14102954,17073,77727,NORMAL,GROUP,"Primera Federacion, Group 2",LEAGUE,24322,AD Alcorcón,Local,1ST,23/11/2025,13,,,,,,,,,,,,,,,,,,,,,,,,,,,,,,,,,,,,,,,,,,,,,,,,
14102954,17073,77727,NORMAL,GROUP,"Primera Federacion, Group 2",LEAGUE,24322,AD Alcorcón,Local,2ND,23/11/2025,13,,,,,,,,,,,,,,,,,,,,,,,,,,,,,,,,,,,,,,,,,,,,,,,,
14102954,17073,77727,NORMAL,GROUP,"Primera Federacion, Group 2",LEAGUE,254156,SD Tarazona,Visita,ALL,23/11/2025,13,0,51%,0.42,,7,6,3,13,381,3,2,5,0,1,0,4,2,5,2,,,0,,,2,317,19,,,36/65 (55%),10/27 (37%),39%,1,42/99 (42%),11/34 (32%),26/33 (79%),,3,9,,12,,6,,,,,5
14102954,17073,77727,NORMAL,GROUP,"Primera Federacion, Group 2",LEAGUE,254156,SD Tarazona,Visita,1ST,23/11/2025,13,,,,,,,,,,,,,,,,,,,,,,,,,,,,,,,,,,,,,,,,,,,,,,,,
14102954,17073,77727,NORMAL,GROUP,"Primera Federacion, Group 2",LEAGUE,254156,SD Tarazona,Visita,2ND,23/11/2025,13,,,,,,,,,,,,,,,,,,,,,,,,,,,,,,,,,,,,,,,,,,,,,,,,
14102983,17073,77727,NORMAL,GROUP,"Primera Federacion, Group 2",LEAGUE,4487,Real Murcia,Local,ALL,30/11/2025,14,2,55%,0.82,,10,3,3,9,420,2,2,1,0,1,0,4,5,5,5,,,1,,,1,359,15,,,11/27 (40%),4/16 (25%),44%,5,42/92 (46%),3/10 (30%),16/18 (89%),,2,13,,5,,3,,,,,11
14102983,17073,77727,NORMAL,GROUP,"Primera Federacion, Group 2",LEAGUE,4487,Real Murcia,Local,1ST,30/11/2025,14,,,,,,,,,,,,,,,,,,,,,,,,,,,,,,,,,,,,,,,,,,,,,,,,
14102983,17073,77727,NORMAL,GROUP,"Primera Federacion, Group 2",LEAGUE,4487,Real Murcia,Local,2ND,30/11/2025,14,,,,,,,,,,,,,,,,,,,,,,,,,,,,,,,,,,,,,,,,,,,,,,,,
14102983,17073,77727,NORMAL,GROUP,"Primera Federacion, Group 2",LEAGUE,24322,AD Alcorcón,Visita,ALL,30/11/2025,14,1,45%,0.97,,9,1,1,12,348,0,3,2,0,3,0,4,2,4,5,,,1,,,1,293,6,,,18/30 (60%),2/16 (12%),40%,6,31/81 (38%),7/13 (54%),13/16 (81%),,0,14,,8,,1,,,,,8
14102983,17073,77727,NORMAL,GROUP,"Primera Federacion, Group 2",LEAGUE,24322,AD Alcorcón,Visita,1ST,30/11/2025,14,,,,,,,,,,,,,,,,,,,,,,,,,,,,,,,,,,,,,,,,,,,,,,,,
14102983,17073,77727,NORMAL,GROUP,"Primera Federacion, Group 2",LEAGUE,24322,AD Alcorcón,Visita,2ND,30/11/2025,14,,,,,,,,,,,,,,,,,,,,,,,,,,,,,,,,,,,,,,,,,,,,,,,,
14102999,17073,77727,NORMAL,GROUP,"Primera Federacion, Group 2",LEAGUE,24322,AD Alcorcón,Local,ALL,06/12/2025,15,1,45%,3.27,,15,5,4,17,372,3,4,4,0,8,0,4,3,8,7,,,0,,,4,309,12,,,14/39 (35%),3/10 (30%),33%,5,43/132 (33%),4/10 (40%),19/23 (83%),,3,12,,17,,5,,,,,10
14102999,17073,77727,NORMAL,GROUP,"Primera Federacion, Group 2",LEAGUE,24322,AD Alcorcón,Local,1ST,06/12/2025,15,,,,,,,,,,,,,,,,,,,,,,,,,,,,,,,,,,,,,,,,,,,,,,,,
14102999,17073,77727,NORMAL,GROUP,"Primera Federacion, Group 2",LEAGUE,24322,AD Alcorcón,Local,2ND,06/12/2025,15,,,,,,,,,,,,,,,,,,,,,,,,,,,,,,,,,,,,,,,,,,,,,,,,
14102999,17073,77727,NORMAL,GROUP,"Primera Federacion, Group 2",LEAGUE,47321,CD Eldense,Visita,ALL,06/12/2025,15,1,55%,0.88,,9,8,5,16,474,2,2,3,0,6,0,2,1,8,1,,,1,,,0,412,12,,,20/39 (51%),1/15 (6%),41%,5,48/119 (40%),9/18 (50%),19/23 (83%),,2,12,,16,,8,,,,,11
14102999,17073,77727,NORMAL,GROUP,"Primera Federacion, Group 2",LEAGUE,47321,CD Eldense,Visita,1ST,06/12/2025,15,,,,,,,,,,,,,,,,,,,,,,,,,,,,,,,,,,,,,,,,,,,,,,,,
14102999,17073,77727,NORMAL,GROUP,"Primera Federacion, Group 2",LEAGUE,47321,CD Eldense,Visita,2ND,06/12/2025,15,,,,,,,,,,,,,,,,,,,,,,,,,,,,,,,,,,,,,,,,,,,,,,,,
14102650,17073,77727,NORMAL,GROUP,"Primera Federacion, Group 2",LEAGUE,24358,Betis Deportivo,Local,ALL,12/12/2025,16,2,61%,0.80,,12,2,4,14,419,8,6,4,0,5,0,3,4,6,6,,,0,,,2,356,9,,,25/44 (56%),5/20 (25%),50%,8,81/173 (47%),23/31 (74%),26/30 (87%),,8,12,,17,,2,,,,,7
14102650,17073,77727,NORMAL,GROUP,"Primera Federacion, Group 2",LEAGUE,24358,Betis Deportivo,Local,1ST,12/12/2025,16,,,,,,,,,,,,,,,,,,,,,,,,,,,,,,,,,,,,,,,,,,,,,,,,
14102650,17073,77727,NORMAL,GROUP,"Primera Federacion, Group 2",LEAGUE,24358,Betis Deportivo,Local,2ND,12/12/2025,16,,,,,,,,,,,,,,,,,,,,,,,,,,,,,,,,,,,,,,,,,,,,,,,,
14102650,17073,77727,NORMAL,GROUP,"Primera Federacion, Group 2",LEAGUE,24322,AD Alcorcón,Visita,ALL,12/12/2025,16,1,39%,1.03,,10,5,0,32,304,5,4,3,0,2,1,5,2,7,3,,,2,,,4,246,18,,,22/42 (52%),7/13 (53%),29%,8,52/172 (30%),7/29 (24%),18/29 (62%),,5,18,,13,,5,,,,,4
14102650,17073,77727,NORMAL,GROUP,"Primera Federacion, Group 2",LEAGUE,24322,AD Alcorcón,Visita,1ST,12/12/2025,16,,,,,,,,,,,,,,,,,,,,,,,,,,,,,,,,,,,,,,,,,,,,,,,,
14102650,17073,77727,NORMAL,GROUP,"Primera Federacion, Group 2",LEAGUE,24322,AD Alcorcón,Visita,2ND,12/12/2025,16,,,,,,,,,,,,,,,,,,,,,,,,,,,,,,,,,,,,,,,,,,,,,,,,
14102689,17073,77727,NORMAL,GROUP,"Primera Federacion, Group 2",LEAGUE,24322,AD Alcorcón,Local,ALL,21/12/2025,17,2,65%,3.77,,25,2,11,11,516,1,2,4,0,4,0,10,11,12,13,,,2,,,3,448,16,,,25/40 (62%),9/31 (29%),41%,4,59/144 (41%),14/30 (47%),36/48 (75%),,1,13,,9,,2,,,,,7
14102689,17073,77727,NORMAL,GROUP,"Primera Federacion, Group 2",LEAGUE,24322,AD Alcorcón,Local,1ST,21/12/2025,17,,,,,,,,,,,,,,,,,,,,,,,,,,,,,,,,,,,,,,,,,,,,,,,,
14102689,17073,77727,NORMAL,GROUP,"Primera Federacion, Group 2",LEAGUE,24322,AD Alcorcón,Local,2ND,21/12/2025,17,,,,,,,,,,,,,,,,,,,,,,,,,,,,,,,,,,,,,,,,,,,,,,,,
14102689,17073,77727,NORMAL,GROUP,"Primera Federacion, Group 2",LEAGUE,24368,UD Ibiza,Visita,ALL,21/12/2025,17,2,35%,1.07,,7,2,2,7,248,1,3,6,0,3,0,2,2,2,5,,,0,,,1,178,14,,,27/47 (57%),3/14 (21%),33%,8,44/147 (30%),18/36 (50%),17/19 (89%),,1,13,,11,,2,,,,,16
14102689,17073,77727,NORMAL,GROUP,"Primera Federacion, Group 2",LEAGUE,24368,UD Ibiza,Visita,1ST,21/12/2025,17,,,,,,,,,,,,,,,,,,,,,,,,,,,,,,,,,,,,,,,,,,,,,,,,
14102689,17073,77727,NORMAL,GROUP,"Primera Federacion, Group 2",LEAGUE,24368,UD Ibiza,Visita,2ND,21/12/2025,17,,,,,,,,,,,,,,,,,,,,,,,,,,,,,,,,,,,,,,,,,,,,,,,,
14102739,17073,77727,NORMAL,GROUP,"Primera Federacion, Group 2",LEAGUE,24322,AD Alcorcón,Local,ALL,03/01/2026,18,1,53%,2.85,,28,0,8,11,427,3,2,3,0,8,1,13,6,13,15,,,0,,,0,349,22,,,20/42 (47%),6/27 (22%),45%,11,50/122 (41%),22/38 (58%),28/33 (85%),,3,15,,5,,0,,,,,8
14102739,17073,77727,NORMAL,GROUP,"Primera Federacion, Group 2",LEAGUE,24322,AD Alcorcón,Local,1ST,03/01/2026,18,,,,,,,,,,,,,,,,,,,,,,,,,,,,,,,,,,,,,,,,,,,,,,,,
14102739,17073,77727,NORMAL,GROUP,"Primera Federacion, Group 2",LEAGUE,24322,AD Alcorcón,Local,2ND,03/01/2026,18,,,,,,,,,,,,,,,,,,,,,,,,,,,,,,,,,,,,,,,,,,,,,,,,
14102739,17073,77727,NORMAL,GROUP,"Primera Federacion, Group 2",LEAGUE,24329,FC Cartagena,Visita,ALL,03/01/2026,18,1,47%,0.64,,9,8,1,10,422,2,0,2,0,1,0,2,6,8,1,,,0,,,2,356,18,,,25/48 (52%),3/11 (27%),28%,8,35/121 (29%),11/40 (28%),7/9 (78%),,2,14,,21,,8,,,,,16
14102739,17073,77727,NORMAL,GROUP,"Primera Federacion, Group 2",LEAGUE,24329,FC Cartagena,Visita,1ST,03/01/2026,18,,,,,,,,,,,,,,,,,,,,,,,,,,,,,,,,,,,,,,,,,,,,,,,,
14102739,17073,77727,NORMAL,GROUP,"Primera Federacion, Group 2",LEAGUE,24329,FC Cartagena,Visita,2ND,03/01/2026,18,,,,,,,,,,,,,,,,,,,,,,,,,,,,,,,,,,,,,,,,,,,,,,,,
14102797,17073,77727,NORMAL,GROUP,"Primera Federacion, Group 2",LEAGUE,135672,CE Europa,Local,ALL,10/01/2026,19,0,58%,0.87,,10,2,4,9,344,0,5,2,0,3,0,6,1,4,6,,,1,,,1,268,22,,,22/48 (45%),2/7 (28%),41%,10,46/103 (45%),8/28 (29%),9/10 (90%),,0,14,,5,,2,,,,,8
14102797,17073,77727,NORMAL,GROUP,"Primera Federacion, Group 2",LEAGUE,135672,CE Europa,Local,1ST,10/01/2026,19,,,,,,,,,,,,,,,,,,,,,,,,,,,,,,,,,,,,,,,,,,,,,,,,
14102797,17073,77727,NORMAL,GROUP,"Primera Federacion, Group 2",LEAGUE,135672,CE Europa,Local,2ND,10/01/2026,19,,,,,,,,,,,,,,,,,,,,,,,,,,,,,,,,,,,,,,,,,,,,,,,,
14102797,17073,77727,NORMAL,GROUP,"Primera Federacion, Group 2",LEAGUE,24322,AD Alcorcón,Visita,ALL,10/01/2026,19,0,42%,0.99,,12,3,7,20,252,0,2,2,0,2,0,6,4,6,6,,,0,,,2,176,18,,,23/48 (47%),3/8 (37%),40%,5,31/101 (31%),28/43 (65%),16/20 (80%),,0,15,,13,,3,,,,,12
14102797,17073,77727,NORMAL,GROUP,"Primera Federacion, Group 2",LEAGUE,24322,AD Alcorcón,Visita,1ST,10/01/2026,19,,,,,,,,,,,,,,,,,,,,,,,,,,,,,,,,,,,,,,,,,,,,,,,,
14102797,17073,77727,NORMAL,GROUP,"Primera Federacion, Group 2",LEAGUE,24322,AD Alcorcón,Visita,2ND,10/01/2026,19,,,,,,,,,,,,,,,,,,,,,,,,,,,,,,,,,,,,,,,,,,,,,,,,
14102838,17073,77727,NORMAL,GROUP,"Primera Federacion, Group 2",LEAGUE,24335,CE Sabadell,Local,ALL,24/01/2026,21,0,71%,0.92,,22,2,8,13,515,1,7,2,0,1,0,8,13,5,17,,,7,,,1,432,25,,,25/46 (54%),12/31 (38%),47%,9,65/130 (50%),15/39 (38%),30/38 (79%),,1,14,,9,,2,,,,,4
14102838,17073,77727,NORMAL,GROUP,"Primera Federacion, Group 2",LEAGUE,24335,CE Sabadell,Local,1ST,24/01/2026,21,,,,,,,,,,,,,,,,,,,,,,,,,,,,,,,,,,,,,,,,,,,,,,,,
14102838,17073,77727,NORMAL,GROUP,"Primera Federacion, Group 2",LEAGUE,24335,CE Sabadell,Local,2ND,24/01/2026,21,,,,,,,,,,,,,,,,,,,,,,,,,,,,,,,,,,,,,,,,,,,,,,,,
14102838,17073,77727,NORMAL,GROUP,"Primera Federacion, Group 2",LEAGUE,24322,AD Alcorcón,Visita,ALL,24/01/2026,21,0,29%,0.67,,5,1,1,10,218,3,3,6,0,2,0,2,1,5,0,,,2,,,2,141,12,,,25/58 (43%),0/2 (0%),30%,8,32/130 (25%),20/43 (47%),4/10 (40%),,3,22,,33,,1,,,,,12
14102838,17073,77727,NORMAL,GROUP,"Primera Federacion, Group 2",LEAGUE,24322,AD Alcorcón,Visita,1ST,24/01/2026,21,,,,,,,,,,,,,,,,,,,,,,,,,,,,,,,,,,,,,,,,,,,,,,,,
14102838,17073,77727,NORMAL,GROUP,"Primera Federacion, Group 2",LEAGUE,24322,AD Alcorcón,Visita,2ND,24/01/2026,21,,,,,,,,,,,,,,,,,,,,,,,,,,,,,,,,,,,,,,,,,,,,,,,,
14103178,17073,77727,NORMAL,GROUP,"Primera Federacion, Group 2",LEAGUE,24322,AD Alcorcón,Local,ALL,01/02/2026,22,1,49%,0.57,,12,0,11,12,328,2,4,2,0,4,0,5,3,6,6,,,4,,,0,259,39,,,28/46 (60%),6/21 (28%),43%,13,54/128 (42%),22/46 (48%),32/44 (73%),,2,17,,9,,0,,,,,5
14103178,17073,77727,NORMAL,GROUP,"Primera Federacion, Group 2",LEAGUE,24322,AD Alcorcón,Local,1ST,01/02/2026,22,,,,,,,,,,,,,,,,,,,,,,,,,,,,,,,,,,,,,,,,,,,,,,,,
14103178,17073,77727,NORMAL,GROUP,"Primera Federacion, Group 2",LEAGUE,24322,AD Alcorcón,Local,2ND,01/02/2026,22,,,,,,,,,,,,,,,,,,,,,,,,,,,,,,,,,,,,,,,,,,,,,,,,
14103178,17073,77727,NORMAL,GROUP,"Primera Federacion, Group 2",LEAGUE,2840,Gimnàstic de Tarragona,Visita,ALL,01/02/2026,22,1,51%,0.36,,4,4,1,15,344,5,4,4,0,1,1,1,1,4,0,,,1,,,0,265,18,,,24/55 (43%),1/6 (16%),35%,5,42/129 (33%),19/45 (42%),5/8 (63%),,5,9,,34,,4,,,,,7
14103178,17073,77727,NORMAL,GROUP,"Primera Federacion, Group 2",LEAGUE,2840,Gimnàstic de Tarragona,Visita,1ST,01/02/2026,22,,,,,,,,,,,,,,,,,,,,,,,,,,,,,,,,,,,,,,,,,,,,,,,,
14103178,17073,77727,NORMAL,GROUP,"Primera Federacion, Group 2",LEAGUE,2840,Gimnàstic de Tarragona,Visita,2ND,01/02/2026,22,,,,,,,,,,,,,,,,,,,,,,,,,,,,,,,,,,,,,,,,,,,,,,,,
14103212,17073,77727,NORMAL,GROUP,"Primera Federacion, Group 2",LEAGUE,24326,Atlético Madrileño,Local,ALL,07/02/2026,23,0,60%,0.94,,7,3,4,16,234,2,3,1,1,1,0,5,1,4,3,,,0,,,0,142,23,,,28/71 (39%),3/8 (37%),35%,13,37/110 (34%),13/32 (41%),11/21 (52%),,2,15,,38,,3,,,,,6
14103212,17073,77727,NORMAL,GROUP,"Primera Federacion, Group 2",LEAGUE,24326,Atlético Madrileño,Local,1ST,07/02/2026,23,,,,,,,,,,,,,,,,,,,,,,,,,,,,,,,,,,,,,,,,,,,,,,,,
14103212,17073,77727,NORMAL,GROUP,"Primera Federacion, Group 2",LEAGUE,24326,Atlético Madrileño,Local,2ND,07/02/2026,23,,,,,,,,,,,,,,,,,,,,,,,,,,,,,,,,,,,,,,,,,,,,,,,,
14103212,17073,77727,NORMAL,GROUP,"Primera Federacion, Group 2",LEAGUE,24322,AD Alcorcón,Visita,ALL,07/02/2026,23,0,40%,1.12,,8,1,5,14,217,0,5,4,1,2,0,4,2,8,0,,,0,,,5,97,42,,,19/62 (30%),4/17 (23%),46%,5,57/126 (45%),17/33 (52%),16/25 (64%),,0,11,,16,,1,,,,,10
14103212,17073,77727,NORMAL,GROUP,"Primera Federacion, Group 2",LEAGUE,24322,AD Alcorcón,Visita,1ST,07/02/2026,23,,,,,,,,,,,,,,,,,,,,,,,,,,,,,,,,,,,,,,,,,,,,,,,,
14103212,17073,77727,NORMAL,GROUP,"Primera Federacion, Group 2",LEAGUE,24322,AD Alcorcón,Visita,2ND,07/02/2026,23,,,,,,,,,,,,,,,,,,,,,,,,,,,,,,,,,,,,,,,,,,,,,,,,
14103235,17073,77727,NORMAL,GROUP,"Primera Federacion, Group 2",LEAGUE,24322,AD Alcorcón,Local,ALL,15/02/2026,24,1,59%,2.52,,21,0,12,17,471,0,4,1,0,4,1,11,4,12,9,,,3,,,5,411,14,,,13/25 (52%),5/22 (22%),36%,8,38/107 (36%),15/38 (39%),21/28 (75%),,0,6,,12,,0,,,,,4
14103235,17073,77727,NORMAL,GROUP,"Primera Federacion, Group 2",LEAGUE,24322,AD Alcorcón,Local,1ST,15/02/2026,24,,,,,,,,,,,,,,,,,,,,,,,,,,,,,,,,,,,,,,,,,,,,,,,,
14103235,17073,77727,NORMAL,GROUP,"Primera Federacion, Group 2",LEAGUE,24322,AD Alcorcón,Local,2ND,15/02/2026,24,,,,,,,,,,,,,,,,,,,,,,,,,,,,,,,,,,,,,,,,,,,,,,,,
14103235,17073,77727,NORMAL,GROUP,"Primera Federacion, Group 2",LEAGUE,4487,Real Murcia,Visita,ALL,15/02/2026,24,0,41%,0.23,,2,4,4,9,278,4,5,1,1,0,0,2,0,1,1,,,0,,,0,221,17,,,23/54 (42%),2/10 (20%),42%,12,40/105 (38%),22/42 (52%),13/16 (81%),,4,5,,9,,4,,,,,15
14103235,17073,77727,NORMAL,GROUP,"Primera Federacion, Group 2",LEAGUE,4487,Real Murcia,Visita,1ST,15/02/2026,24,,,,,,,,,,,,,,,,,,,,,,,,,,,,,,,,,,,,,,,,,,,,,,,,
14103235,17073,77727,NORMAL,GROUP,"Primera Federacion, Group 2",LEAGUE,4487,Real Murcia,Visita,2ND,15/02/2026,24,,,,,,,,,,,,,,,,,,,,,,,,,,,,,,,,,,,,,,,,,,,,,,,,
14103270,17073,77727,NORMAL,GROUP,"Primera Federacion, Group 2",LEAGUE,47321,CD Eldense,Local,ALL,22/02/2026,25,2,65%,1.36,,12,2,4,11,525,0,3,1,0,5,0,6,1,7,5,,,3,,,0,465,17,,,26/34 (76%),4/18 (22%),45%,4,46/117 (39%),19/26 (73%),24/28 (86%),,0,15,,13,,2,,,,,7
14103270,17073,77727,NORMAL,GROUP,"Primera Federacion, Group 2",LEAGUE,47321,CD Eldense,Local,1ST,22/02/2026,25,,,,,,,,,,,,,,,,,,,,,,,,,,,,,,,,,,,,,,,,,,,,,,,,
14103270,17073,77727,NORMAL,GROUP,"Primera Federacion, Group 2",LEAGUE,47321,CD Eldense,Local,2ND,22/02/2026,25,,,,,,,,,,,,,,,,,,,,,,,,,,,,,,,,,,,,,,,,,,,,,,,,
14103270,17073,77727,NORMAL,GROUP,"Primera Federacion, Group 2",LEAGUE,24322,AD Alcorcón,Visita,ALL,22/02/2026,25,2,35%,1.11,,10,4,9,18,299,3,3,3,0,4,1,2,3,6,4,,,0,,,1,233,17,,,14/31 (45%),3/18 (16%),35%,3,42/116 (36%),7/23 (30%),13/15 (87%),,3,8,,14,,4,,,,,12
14103270,17073,77727,NORMAL,GROUP,"Primera Federacion, Group 2",LEAGUE,24322,AD Alcorcón,Visita,1ST,22/02/2026,25,,,,,,,,,,,,,,,,,,,,,,,,,,,,,,,,,,,,,,,,,,,,,,,,
14103270,17073,77727,NORMAL,GROUP,"Primera Federacion, Group 2",LEAGUE,24322,AD Alcorcón,Visita,2ND,22/02/2026,25,,,,,,,,,,,,,,,,,,,,,,,,,,,,,,,,,,,,,,,,,,,,,,,,
14102807,17073,77727,NORMAL,GROUP,"Primera Federacion, Group 2",LEAGUE,24322,AD Alcorcón,Local,ALL,28/02/2026,26,3,42%,2.40,,11,4,7,23,332,2,4,3,0,7,1,3,0,10,1,,,0,,,3,262,15,,,24/46 (52%),4/14 (28%),28%,8,42/151 (28%),9/30 (30%),13/18 (72%),,2,11,,21,,4,,,,,10
14102807,17073,77727,NORMAL,GROUP,"Primera Federacion, Group 2",LEAGUE,24322,AD Alcorcón,Local,1ST,28/02/2026,26,,,,,,,,,,,,,,,,,,,,,,,,,,,,,,,,,,,,,,,,,,,,,,,,
14102807,17073,77727,NORMAL,GROUP,"Primera Federacion, Group 2",LEAGUE,24322,AD Alcorcón,Local,2ND,28/02/2026,26,,,,,,,,,,,,,,,,,,,,,,,,,,,,,,,,,,,,,,,,,,,,,,,,
14102807,17073,77727,NORMAL,GROUP,"Primera Federacion, Group 2",LEAGUE,24358,Betis Deportivo,Visita,ALL,28/02/2026,26,0,58%,1.27,,10,4,2,14,443,6,4,3,1,4,0,4,2,8,2,,,1,,,0,378,21,,,16/37 (43%),10/21 (47%),38%,5,59/163 (36%),16/31 (52%),18/21 (86%),,6,12,,17,,4,,,,,7
14102807,17073,77727,NORMAL,GROUP,"Primera Federacion, Group 2",LEAGUE,24358,Betis Deportivo,Visita,1ST,28/02/2026,26,,,,,,,,,,,,,,,,,,,,,,,,,,,,,,,,,,,,,,,,,,,,,,,,
14102807,17073,77727,NORMAL,GROUP,"Primera Federacion, Group 2",LEAGUE,24358,Betis Deportivo,Visita,2ND,28/02/2026,26,,,,,,,,,,,,,,,,,,,,,,,,,,,,,,,,,,,,,,,,,,,,,,,,
14102872,17073,77727,NORMAL,GROUP,"Primera Federacion, Group 2",LEAGUE,263407,Juventud Torremolinos CF,Local,ALL,08/03/2026,27,1,51%,0.88,,18,3,6,11,380,2,2,2,0,4,0,6,8,10,8,,,3,,,2,296,19,,,42/73 (57%),3/11 (27%),36%,6,40/114 (35%),18/43 (42%),23/33 (70%),,2,21,,16,,3,,,,,10
14102872,17073,77727,NORMAL,GROUP,"Primera Federacion, Group 2",LEAGUE,263407,Juventud Torremolinos CF,Local,1ST,08/03/2026,27,,,,,,,,,,,,,,,,,,,,,,,,,,,,,,,,,,,,,,,,,,,,,,,,
14102872,17073,77727,NORMAL,GROUP,"Primera Federacion, Group 2",LEAGUE,263407,Juventud Torremolinos CF,Local,2ND,08/03/2026,27,,,,,,,,,,,,,,,,,,,,,,,,,,,,,,,,,,,,,,,,,,,,,,,,
14102872,17073,77727,NORMAL,GROUP,"Primera Federacion, Group 2",LEAGUE,24322,AD Alcorcón,Visita,ALL,08/03/2026,27,0,49%,0.71,,11,3,4,13,371,2,2,3,0,3,0,5,3,7,4,,,2,,,1,284,19,,,27/54 (50%),6/23 (26%),41%,7,40/113 (35%),22/38 (58%),19/24 (79%),,2,18,,21,,3,,,,,9
14102872,17073,77727,NORMAL,GROUP,"Primera Federacion, Group 2",LEAGUE,24322,AD Alcorcón,Visita,1ST,08/03/2026,27,,,,,,,,,,,,,,,,,,,,,,,,,,,,,,,,,,,,,,,,,,,,,,,,
14102872,17073,77727,NORMAL,GROUP,"Primera Federacion, Group 2",LEAGUE,24322,AD Alcorcón,Visita,2ND,08/03/2026,27,,,,,,,,,,,,,,,,,,,,,,,,,,,,,,,,,,,,,,,,,,,,,,,,
14102889,17073,77727,NORMAL,GROUP,"Primera Federacion, Group 2",LEAGUE,24322,AD Alcorcón,Local,ALL,15/03/2026,28,0,61%,1.28,,17,1,8,12,479,2,3,3,0,4,1,8,4,7,10,,,0,,,1,409,21,,,20/39 (51%),9/22 (40%),42%,5,47/109 (43%),8/20 (40%),18/24 (75%),,2,11,,13,,1,,,,,10
14102889,17073,77727,NORMAL,GROUP,"Primera Federacion, Group 2",LEAGUE,24322,AD Alcorcón,Local,1ST,15/03/2026,28,,,,,,,,,,,,,,,,,,,,,,,,,,,,,,,,,,,,,,,,,,,,,,,,
14102889,17073,77727,NORMAL,GROUP,"Primera Federacion, Group 2",LEAGUE,24322,AD Alcorcón,Local,2ND,15/03/2026,28,,,,,,,,,,,,,,,,,,,,,,,,,,,,,,,,,,,,,,,,,,,,,,,,
14102889,17073,77727,NORMAL,GROUP,"Primera Federacion, Group 2",LEAGUE,4489,Algeciras CF,Visita,ALL,15/03/2026,28,0,39%,0.97,,10,4,1,14,251,2,3,9,1,1,0,5,4,5,5,,,1,,,1,199,16,,,24/50 (48%),3/11 (27%),39%,3,38/102 (37%),11/23 (48%),19/23 (83%),,2,9,,14,,4,,,,,12
14102889,17073,77727,NORMAL,GROUP,"Primera Federacion, Group 2",LEAGUE,4489,Algeciras CF,Visita,1ST,15/03/2026,28,,,,,,,,,,,,,,,,,,,,,,,,,,,,,,,,,,,,,,,,,,,,,,,,
14102889,17073,77727,NORMAL,GROUP,"Primera Federacion, Group 2",LEAGUE,4489,Algeciras CF,Visita,2ND,15/03/2026,28,,,,,,,,,,,,,,,,,,,,,,,,,,,,,,,,,,,,,,,,,,,,,,,,
14103015,17073,77727,NORMAL,GROUP,"Primera Federacion, Group 2",LEAGUE,43751,CD Teruel,Local,ALL,21/03/2026,29,1,42%,0.58,,12,4,9,13,202,4,7,5,0,4,0,3,5,5,7,,,0,,,0,131,25,,,17/45 (37%),4/16 (25%),39%,2,34/97 (35%),14/25 (56%),7/12 (58%),,4,14,,9,,4,,,,,12
14103015,17073,77727,NORMAL,GROUP,"Primera Federacion, Group 2",LEAGUE,43751,CD Teruel,Local,1ST,21/03/2026,29,,,,,,,,,,,,,,,,,,,,,,,,,,,,,,,,,,,,,,,,,,,,,,,,
14103015,17073,77727,NORMAL,GROUP,"Primera Federacion, Group 2",LEAGUE,43751,CD Teruel,Local,2ND,21/03/2026,29,,,,,,,,,,,,,,,,,,,,,,,,,,,,,,,,,,,,,,,,,,,,,,,,
14103015,17073,77727,NORMAL,GROUP,"Primera Federacion, Group 2",LEAGUE,24322,AD Alcorcón,Visita,ALL,21/03/2026,29,2,58%,2.85,,8,3,5,14,320,2,5,3,0,3,2,1,2,7,1,,,2,,,1,247,18,,,28/60 (46%),2/9 (22%),30%,6,29/107 (27%),11/26 (42%),4/7 (57%),,2,15,,6,,3,,,,,12
14103015,17073,77727,NORMAL,GROUP,"Primera Federacion, Group 2",LEAGUE,24322,AD Alcorcón,Visita,1ST,21/03/2026,29,,,,,,,,,,,,,,,,,,,,,,,,,,,,,,,,,,,,,,,,,,,,,,,,
14103015,17073,77727,NORMAL,GROUP,"Primera Federacion, Group 2",LEAGUE,24322,AD Alcorcón,Visita,2ND,21/03/2026,29,,,,,,,,,,,,,,,,,,,,,,,,,,,,,,,,,,,,,,,,,,,,,,,,
14103037,17073,77727,NORMAL,GROUP,"Primera Federacion, Group 2",LEAGUE,24368,UD Ibiza,Local,ALL,29/03/2026,30,2,60%,1.67,,17,0,6,14,538,4,2,4,0,8,1,4,4,9,8,,,2,,,1,460,26,,,32/52 (61%),12/32 (37%),41%,6,56/127 (44%),12/35 (34%),27/34 (79%),,4,18,,7,,0,,,,,2
14103037,17073,77727,NORMAL,GROUP,"Primera Federacion, Group 2",LEAGUE,24368,UD Ibiza,Local,1ST,29/03/2026,30,,,,,,,,,,,,,,,,,,,,,,,,,,,,,,,,,,,,,,,,,,,,,,,,
14103037,17073,77727,NORMAL,GROUP,"Primera Federacion, Group 2",LEAGUE,24368,UD Ibiza,Local,2ND,29/03/2026,30,,,,,,,,,,,,,,,,,,,,,,,,,,,,,,,,,,,,,,,,,,,,,,,,
14103037,17073,77727,NORMAL,GROUP,"Primera Federacion, Group 2",LEAGUE,24322,AD Alcorcón,Visita,ALL,29/03/2026,30,2,40%,1.31,,5,6,0,13,344,2,1,3,0,2,0,1,2,4,1,,,0,,,4,272,16,,,25/52 (48%),5/14 (35%),34%,3,35/120 (29%),19/35 (54%),11/20 (55%),,2,24,,24,,6,,,,,11
14103037,17073,77727,NORMAL,GROUP,"Primera Federacion, Group 2",LEAGUE,24322,AD Alcorcón,Visita,1ST,29/03/2026,30,,,,,,,,,,,,,,,,,,,,,,,,,,,,,,,,,,,,,,,,,,,,,,,,
14103037,17073,77727,NORMAL,GROUP,"Primera Federacion, Group 2",LEAGUE,24322,AD Alcorcón,Visita,2ND,29/03/2026,30,,,,,,,,,,,,,,,,,,,,,,,,,,,,,,,,,,,,,,,,,,,,,,,,
14102813,17073,77727,NORMAL,GROUP,"Primera Federacion, Group 2",LEAGUE,24322,AD Alcorcón,Local,ALL,05/04/2026,31,4,50%,2.46,,16,1,4,14,313,1,4,1,0,9,0,3,4,13,3,,,0,,,4,246,20,,,18/42 (42%),6/18 (33%),42%,2,24/58 (41%),9/20 (45%),10/14 (71%),,1,3,,13,,1,,,,,9
14102813,17073,77727,NORMAL,GROUP,"Primera Federacion, Group 2",LEAGUE,24322,AD Alcorcón,Local,1ST,05/04/2026,31,,,,,,,,,,,,,,,,,,,,,,,,,,,,,,,,,,,,,,,,,,,,,,,,
14102813,17073,77727,NORMAL,GROUP,"Primera Federacion, Group 2",LEAGUE,24322,AD Alcorcón,Local,2ND,05/04/2026,31,,,,,,,,,,,,,,,,,,,,,,,,,,,,,,,,,,,,,,,,,,,,,,,,
14102813,17073,77727,NORMAL,GROUP,"Primera Federacion, Group 2",LEAGUE,2877,Hércules CF,Visita,ALL,05/04/2026,31,0,50%,0.15,,5,5,2,9,365,1,2,0,0,1,0,3,1,0,5,,,1,,,0,305,17,,,21/43 (48%),1/10 (10%),40%,7,39/106 (37%),16/29 (55%),4/5 (80%),,1,13,,8,,5,,,,,9
14102813,17073,77727,NORMAL,GROUP,"Primera Federacion, Group 2",LEAGUE,2877,Hércules CF,Visita,1ST,05/04/2026,31,,,,,,,,,,,,,,,,,,,,,,,,,,,,,,,,,,,,,,,,,,,,,,,,
14102813,17073,77727,NORMAL,GROUP,"Primera Federacion, Group 2",LEAGUE,2877,Hércules CF,Visita,2ND,05/04/2026,31,,,,,,,,,,,,,,,,,,,,,,,,,,,,,,,,,,,,,,,,,,,,,,,,
14606583,17073,77727,NORMAL,GROUP,"Primera Federacion, Group 2",LEAGUE,254156,SD Tarazona,Local,ALL,11/04/2026,32,2,34%,1.30,,9,2,2,16,202,3,3,3,0,4,1,1,3,6,3,,,2,,,1,138,22,,,35/58 (60%),0/5 (0%),36%,11,38/128 (30%),24/40 (60%),13/18 (72%),,3,13,,36,,2,,,,,9
14606583,17073,77727,NORMAL,GROUP,"Primera Federacion, Group 2",LEAGUE,254156,SD Tarazona,Local,1ST,11/04/2026,32,,,,,,,,,,,,,,,,,,,,,,,,,,,,,,,,,,,,,,,,,,,,,,,,
14606583,17073,77727,NORMAL,GROUP,"Primera Federacion, Group 2",LEAGUE,254156,SD Tarazona,Local,2ND,11/04/2026,32,,,,,,,,,,,,,,,,,,,,,,,,,,,,,,,,,,,,,,,,,,,,,,,,
14606583,17073,77727,NORMAL,GROUP,"Primera Federacion, Group 2",LEAGUE,24322,AD Alcorcón,Visita,ALL,11/04/2026,32,0,66%,1.14,,15,2,11,9,456,1,6,3,0,2,2,7,4,8,7,,,0,,,3,365,30,,,29/59 (49%),6/28 (21%),38%,12,47/127 (37%),15/33 (45%),22/24 (92%),,1,9,,8,,2,,,,,5
14606583,17073,77727,NORMAL,GROUP,"Primera Federacion, Group 2",LEAGUE,24322,AD Alcorcón,Visita,1ST,11/04/2026,32,,,,,,,,,,,,,,,,,,,,,,,,,,,,,,,,,,,,,,,,,,,,,,,,
14606583,17073,77727,NORMAL,GROUP,"Primera Federacion, Group 2",LEAGUE,24322,AD Alcorcón,Visita,2ND,11/04/2026,32,,,,,,,,,,,,,,,,,,,,,,,,,,,,,,,,,,,,,,,,,,,,,,,,
14606598,17073,77727,NORMAL,GROUP,"Primera Federacion, Group 2",LEAGUE,24322,AD Alcorcón,Local,ALL,19/04/2026,33,2,59%,2.44,,15,4,2,8,440,1,3,3,0,10,1,2,2,12,3,,,1,,,1,379,20,,,33/53 (62%),10/23 (43%),48%,3,35/70 (50%),10/23 (43%),15/18 (83%),,1,7,,5,,4,,,,,4
14606598,17073,77727,NORMAL,GROUP,"Primera Federacion, Group 2",LEAGUE,24322,AD Alcorcón,Local,1ST,19/04/2026,33,,,,,,,,,,,,,,,,,,,,,,,,,,,,,,,,,,,,,,,,,,,,,,,,
14606598,17073,77727,NORMAL,GROUP,"Primera Federacion, Group 2",LEAGUE,24322,AD Alcorcón,Local,2ND,19/04/2026,33,,,,,,,,,,,,,,,,,,,,,,,,,,,,,,,,,,,,,,,,,,,,,,,,
14606598,17073,77727,NORMAL,GROUP,"Primera Federacion, Group 2",LEAGUE,24338,Villarreal B U23,Visita,ALL,19/04/2026,33,3,41%,1.20,,10,8,5,11,284,0,2,5,0,7,0,2,1,6,4,,,0,,,0,242,16,,,21/41 (51%),3/3 (100%),30%,5,16/70 (23%),12/22 (55%),4/8 (50%),,0,14,,15,,8,,,,,11
14606598,17073,77727,NORMAL,GROUP,"Primera Federacion, Group 2",LEAGUE,24338,Villarreal B U23,Visita,1ST,19/04/2026,33,,,,,,,,,,,,,,,,,,,,,,,,,,,,,,,,,,,,,,,,,,,,,,,,
14606598,17073,77727,NORMAL,GROUP,"Primera Federacion, Group 2",LEAGUE,24338,Villarreal B U23,Visita,2ND,19/04/2026,33,,,,,,,,,,,,,,,,,,,,,,,,,,,,,,,,,,,,,,,,,,,,,,,,
14606627,17073,77727,NORMAL,GROUP,"Primera Federacion, Group 2",LEAGUE,77413,Atlético Sanluqueño,Local,ALL,25/04/2026,34,0,45%,1.12,,11,5,3,13,293,2,3,4,0,3,1,3,4,6,5,,,0,,,4,222,17,,,36/64 (56%),3/19 (15%),43%,4,49/119 (41%),21/43 (49%),19/23 (83%),,2,8,,4,,5,,,,,8
14606627,17073,77727,NORMAL,GROUP,"Primera Federacion, Group 2",LEAGUE,77413,Atlético Sanluqueño,Local,1ST,25/04/2026,34,,,,,,,,,,,,,,,,,,,,,,,,,,,,,,,,,,,,,,,,,,,,,,,,
14606627,17073,77727,NORMAL,GROUP,"Primera Federacion, Group 2",LEAGUE,77413,Atlético Sanluqueño,Local,2ND,25/04/2026,34,,,,,,,,,,,,,,,,,,,,,,,,,,,,,,,,,,,,,,,,,,,,,,,,
14606627,17073,77727,NORMAL,GROUP,"Primera Federacion, Group 2",LEAGUE,24322,AD Alcorcón,Visita,ALL,25/04/2026,34,1,55%,2.10,,13,3,5,14,452,2,1,1,0,6,1,3,3,10,3,,,0,,,6,388,19,,,29/54 (53%),3/8 (37%),37%,4,34/114 (30%),25/45 (56%),12/22 (55%),,2,12,,12,,3,,,,,6
14606627,17073,77727,NORMAL,GROUP,"Primera Federacion, Group 2",LEAGUE,24322,AD Alcorcón,Visita,1ST,25/04/2026,34,,,,,,,,,,,,,,,,,,,,,,,,,,,,,,,,,,,,,,,,,,,,,,,,
14606627,17073,77727,NORMAL,GROUP,"Primera Federacion, Group 2",LEAGUE,24322,AD Alcorcón,Visita,2ND,25/04/2026,34,,,,,,,,,,,,,,,,,,,,,,,,,,,,,,,,,,,,,,,,,,,,,,,,
14606644,17073,77727,NORMAL,GROUP,"Primera Federacion, Group 2",LEAGUE,24322,AD Alcorcón,Local,ALL,01/05/2026,35,0,67%,1.64,,15,4,10,6,495,0,6,4,1,5,0,6,4,13,2,,,3,,,3,436,17,,,32/45 (71%),9/33 (27%),39%,13,53/134 (40%),14/34 (41%),24/32 (75%),,0,9,,11,,4,,,,,12
14606644,17073,77727,NORMAL,GROUP,"Primera Federacion, Group 2",LEAGUE,24322,AD Alcorcón,Local,1ST,01/05/2026,35,,,,,,,,,,,,,,,,,,,,,,,,,,,,,,,,,,,,,,,,,,,,,,,,
14606644,17073,77727,NORMAL,GROUP,"Primera Federacion, Group 2",LEAGUE,24322,AD Alcorcón,Local,2ND,01/05/2026,35,,,,,,,,,,,,,,,,,,,,,,,,,,,,,,,,,,,,,,,,,,,,,,,,
14606644,17073,77727,NORMAL,GROUP,"Primera Federacion, Group 2",LEAGUE,135672,CE Europa,Visita,ALL,01/05/2026,35,1,33%,1.28,,9,7,2,14,216,1,0,5,0,5,0,3,1,6,3,,,4,,,2,160,17,,,19/36 (52%),0/7 (0%),37%,6,40/126 (32%),20/36 (56%),11/13 (85%),,1,19,,26,,7,,,,,12
14606644,17073,77727,NORMAL,GROUP,"Primera Federacion, Group 2",LEAGUE,135672,CE Europa,Visita,1ST,01/05/2026,35,,,,,,,,,,,,,,,,,,,,,,,,,,,,,,,,,,,,,,,,,,,,,,,,
14606644,17073,77727,NORMAL,GROUP,"Primera Federacion, Group 2",LEAGUE,135672,CE Europa,Visita,2ND,01/05/2026,35,,,,,,,,,,,,,,,,,,,,,,,,,,,,,,,,,,,,,,,,,,,,,,,,
14102687,17073,77727,NORMAL,GROUP,"Primera Federacion, Group 2",LEAGUE,24329,FC Cartagena,Local,ALL,08/05/2026,36,2,45%,1.02,,8,2,4,10,397,2,3,2,0,5,0,1,2,5,3,,,0,,,3,337,11,,,32/49 (65%),5/18 (27%),34%,3,35/105 (33%),9/22 (41%),6/12 (50%),,2,20,,10,,2,,,,,7
14102687,17073,77727,NORMAL,GROUP,"Primera Federacion, Group 2",LEAGUE,24329,FC Cartagena,Local,1ST,08/05/2026,36,,,,,,,,,,,,,,,,,,,,,,,,,,,,,,,,,,,,,,,,,,,,,,,,
14102687,17073,77727,NORMAL,GROUP,"Primera Federacion, Group 2",LEAGUE,24329,FC Cartagena,Local,2ND,08/05/2026,36,,,,,,,,,,,,,,,,,,,,,,,,,,,,,,,,,,,,,,,,,,,,,,,,
14102687,17073,77727,NORMAL,GROUP,"Primera Federacion, Group 2",LEAGUE,24322,AD Alcorcón,Visita,ALL,08/05/2026,36,1,55%,1.38,,10,3,2,13,470,1,2,2,0,3,0,6,1,8,2,,,0,,,2,405,18,,,18/31 (58%),5/18 (27%),44%,6,35/86 (41%),12/20 (60%),16/20 (80%),,1,12,,10,,3,,,,,3
14102687,17073,77727,NORMAL,GROUP,"Primera Federacion, Group 2",LEAGUE,24322,AD Alcorcón,Visita,1ST,08/05/2026,36,,,,,,,,,,,,,,,,,,,,,,,,,,,,,,,,,,,,,,,,,,,,,,,,
14102687,17073,77727,NORMAL,GROUP,"Primera Federacion, Group 2",LEAGUE,24322,AD Alcorcón,Visita,2ND,08/05/2026,36,,,,,,,,,,,,,,,,,,,,,,,,,,,,,,,,,,,,,,,,,,,,,,,,
14102724,17073,77727,NORMAL,GROUP,"Primera Federacion, Group 2",LEAGUE,24322,AD Alcorcón,Local,ALL,16/05/2026,37,6,50%,2.46,,22,4,4,12,449,0,3,2,0,10,0,8,4,14,8,,,1,,,3,392,17,,,19/32 (59%),7/23 (30%),35%,6,33/95 (35%),5/12 (42%),13/21 (62%),,0,12,,7,,4,,,,,6
14102724,17073,77727,NORMAL,GROUP,"Primera Federacion, Group 2",LEAGUE,24322,AD Alcorcón,Local,1ST,16/05/2026,37,,,,,,,,,,,,,,,,,,,,,,,,,,,,,,,,,,,,,,,,,,,,,,,,
14102724,17073,77727,NORMAL,GROUP,"Primera Federacion, Group 2",LEAGUE,24322,AD Alcorcón,Local,2ND,16/05/2026,37,,,,,,,,,,,,,,,,,,,,,,,,,,,,,,,,,,,,,,,,,,,,,,,,
14102724,17073,77727,NORMAL,GROUP,"Primera Federacion, Group 2",LEAGUE,24348,Marbella FC,Visita,ALL,16/05/2026,37,2,50%,1.43,,12,6,7,4,418,2,0,1,1,5,1,4,2,7,5,,,0,,,1,357,14,,,28/46 (60%),9/13 (69%),40%,6,36/90 (40%),5/12 (42%),12/17 (71%),,2,11,,8,,6,,,,,12
14102724,17073,77727,NORMAL,GROUP,"Primera Federacion, Group 2",LEAGUE,24348,Marbella FC,Visita,1ST,16/05/2026,37,,,,,,,,,,,,,,,,,,,,,,,,,,,,,,,,,,,,,,,,,,,,,,,,
14102724,17073,77727,NORMAL,GROUP,"Primera Federacion, Group 2",LEAGUE,24348,Marbella FC,Visita,2ND,16/05/2026,37,,,,,,,,,,,,,,,,,,,,,,,,,,,,,,,,,,,,,,,,,,,,,,,,
14102784,17073,77727,NORMAL,GROUP,"Primera Federacion, Group 2",LEAGUE,7762,Sevilla Atlético,Local,ALL,23/05/2026,38,1,43%,0.73,,10,3,4,13,311,0,4,0,0,3,0,3,4,5,5,,,0,,,0,251,16,,,27/46 (58%),2/9 (22%),35%,8,34/100 (34%),12/30 (40%),7/9 (78%),,0,17,,6,,3,,,,,7
14102784,17073,77727,NORMAL,GROUP,"Primera Federacion, Group 2",LEAGUE,7762,Sevilla Atlético,Local,1ST,23/05/2026,38,,,,,,,,,,,,,,,,,,,,,,,,,,,,,,,,,,,,,,,,,,,,,,,,
14102784,17073,77727,NORMAL,GROUP,"Primera Federacion, Group 2",LEAGUE,7762,Sevilla Atlético,Local,2ND,23/05/2026,38,,,,,,,,,,,,,,,,,,,,,,,,,,,,,,,,,,,,,,,,,,,,,,,,
14102784,17073,77727,NORMAL,GROUP,"Primera Federacion, Group 2",LEAGUE,24322,AD Alcorcón,Visita,ALL,23/05/2026,38,1,57%,1.51,,13,2,5,18,447,2,3,3,0,4,0,4,5,7,6,,,3,,,1,384,18,,,30/44 (68%),1/13 (7%),40%,4,36/97 (37%),16/33 (48%),15/20 (75%),,2,8,,11,,2,,,,,5
14102784,17073,77727,NORMAL,GROUP,"Primera Federacion, Group 2",LEAGUE,24322,AD Alcorcón,Visita,1ST,23/05/2026,38,,,,,,,,,,,,,,,,,,,,,,,,,,,,,,,,,,,,,,,,,,,,,,,,
14102784,17073,77727,NORMAL,GROUP,"Primera Federacion, Group 2",LEAGUE,24322,AD Alcorcón,Visita,2ND,23/05/2026,38,,,,,,,,,,,,,,,,,,,,,,,,,,,,,,,,,,,,,,,,,,,,,,,,