Event_ID,Competition_ID,Season_ID,Season_Format,Competition_Phase,Competition_Stage,Competition_Type,Team_ID,Equipo,Condicion,Tiempo,Fecha,Jornada,Goals,Ball possession,Expected goals,Big chances,Total shots,Goalkeeper saves,Corner kicks,Fouls,Passes,Tackles,Free kicks,Yellow cards,Red cards,Shots on target,Hit woodwork,Shots off target,Blocked shots,Shots inside box,Shots outside box,Big chances scored,Big chances missed,Through balls,Touches in penalty area,Fouled in final third,Offsides,Accurate passes,Throw-ins,Final third entries,Final third phase,Long balls,Crosses,Duels,Dispossessed,Ground duels,Aerial duels,Dribbles,Tackles won,Total tackles,Interceptions,Recoveries,Clearances,Errors lead to a shot,Total saves,Goals prevented,Big saves,High claims,Punches,Goal kicks
9643883,52,37466,NORMAL,REGULAR,Round 1,LEAGUE,24759,Yeni Malatyaspor,Local,ALL,16/08/2021,1,1,40%,0.00,1,16,3,8,7,349,9,10,2,,3,0,10,3,12,4,0,1,1,,4,2,299,13,37,,36/44 (82%),9/27 (33%),53%,9,25/49 (51%),8/13 (62%),6/11 (55%),44%,9,6,,6,,3,,,,,5
9643883,52,37466,NORMAL,REGULAR,Round 1,LEAGUE,24759,Yeni Malatyaspor,Local,1ST,16/08/2021,1,1,44%,0.00,1,8,0,4,,177,7,5,0,,3,0,4,1,5,3,0,1,0,,3,1,153,8,16,,20/23 (87%),4/17 (24%),59%,4,13/24 (54%),4/5 (80%),1/4 (25%),57%,7,2,,3,,0,,,,,3
9643883,52,37466,NORMAL,REGULAR,Round 1,LEAGUE,24759,Yeni Malatyaspor,Local,2ND,16/08/2021,1,,37%,0.00,0,8,3,4,,172,2,5,2,,0,0,6,2,7,1,0,0,1,,1,1,146,5,21,,16/21 (76%),5/10 (50%),48%,5,12/25 (48%),4/8 (50%),5/7 (71%),0%,2,4,,3,,3,,,,,2
9643883,52,37466,NORMAL,REGULAR,Round 1,LEAGUE,3051,Trabzonspor,Visita,ALL,16/08/2021,1,5,60%,0.00,6,14,2,2,11,556,14,6,1,,8,1,2,4,11,3,4,2,2,,1,1,493,20,57,,34/53 (64%),2/4 (50%),47%,4,24/49 (49%),5/13 (38%),4/9 (44%),57%,14,5,,19,,2,,,,,11
9643883,52,37466,NORMAL,REGULAR,Round 1,LEAGUE,3051,Trabzonspor,Visita,1ST,16/08/2021,1,4,56%,0.00,3,6,2,2,,242,7,1,1,,4,0,0,2,6,0,3,0,2,,0,1,215,11,24,,20/29 (69%),1/3 (33%),41%,3,11/24 (46%),1/5 (20%),3/7 (43%),43%,7,2,,12,,2,,,,,6
9643883,52,37466,NORMAL,REGULAR,Round 1,LEAGUE,3051,Trabzonspor,Visita,2ND,16/08/2021,1,,63%,0.00,3,8,0,0,,314,7,5,0,,4,1,2,2,5,3,1,2,0,,1,0,278,9,33,,14/24 (58%),1/1 (100%),52%,1,13/25 (52%),4/8 (50%),1/2 (50%),71%,7,3,,7,,0,,,,,5
9643898,52,37466,NORMAL,REGULAR,Round 2,LEAGUE,3054,Göztepe,Local,ALL,22/08/2021,2,0,68%,0.00,2,10,2,4,8,534,21,9,1,,3,1,5,2,6,4,0,2,,,2,5,468,21,63,,47/56 (84%),8/41 (20%),55%,3,48/83 (58%),11/25 (44%),18/28 (64%),52%,21,11,,11,,2,,,,,7
9643898,52,37466,NORMAL,REGULAR,Round 2,LEAGUE,3054,Göztepe,Local,1ST,22/08/2021,2,0,60%,0.00,1,5,1,3,,221,14,6,1,,1,0,2,2,4,1,0,1,,,1,1,193,12,29,,21/25 (84%),4/20 (20%),57%,3,29/49 (59%),6/12 (50%),9/13 (69%),57%,14,4,,9,,1,,,,,5
9643898,52,37466,NORMAL,REGULAR,Round 2,LEAGUE,3054,Göztepe,Local,2ND,22/08/2021,2,,74%,0.00,1,5,1,1,,313,7,3,0,,2,1,3,0,2,3,0,1,,,1,4,275,9,34,,26/31 (84%),4/21 (19%),51%,0,19/34 (56%),5/13 (38%),9/15 (60%),43%,7,7,,2,,1,,,,,2
9643898,52,37466,NORMAL,REGULAR,Round 2,LEAGUE,24759,Yeni Malatyaspor,Visita,ALL,22/08/2021,2,1,32%,0.00,1,12,3,1,11,265,13,8,1,,3,0,7,2,7,5,1,0,,,0,1,197,24,39,,29/64 (45%),4/10 (40%),45%,4,35/83 (42%),14/25 (56%),14/31 (45%),62%,13,12,,29,,3,,,,,11
9643898,52,37466,NORMAL,REGULAR,Round 2,LEAGUE,24759,Yeni Malatyaspor,Visita,1ST,22/08/2021,2,0,40%,0.00,0,8,1,1,,151,7,4,1,,1,0,5,2,5,3,0,0,,,0,0,124,16,21,,16/28 (57%),3/8 (38%),43%,3,20/49 (41%),6/12 (50%),9/20 (45%),43%,7,5,,18,,1,,,,,5
9643898,52,37466,NORMAL,REGULAR,Round 2,LEAGUE,24759,Yeni Malatyaspor,Visita,2ND,22/08/2021,2,,26%,0.00,1,4,2,0,,114,6,4,0,,2,0,2,0,2,2,1,0,,,0,1,73,8,18,,13/36 (36%),1/2 (50%),49%,1,15/34 (44%),8/13 (62%),5/11 (45%),83%,6,7,,11,,2,,,,,6
9643901,52,37466,NORMAL,REGULAR,Round 3,LEAGUE,24759,Yeni Malatyaspor,Local,ALL,28/08/2021,3,2,46%,0.00,3,9,4,1,5,374,11,9,1,,3,0,5,1,6,3,2,1,2,,1,4,301,23,39,,22/51 (43%),0/8 (0%),54%,9,35/68 (51%),9/14 (64%),15/26 (58%),36%,11,11,,28,,4,,,,,15
9643901,52,37466,NORMAL,REGULAR,Round 3,LEAGUE,24759,Yeni Malatyaspor,Local,1ST,28/08/2021,3,1,49%,0.00,1,3,0,1,,217,5,3,0,,1,0,1,1,1,2,1,0,2,,1,2,186,11,15,,11/20 (55%),0/7 (0%),55%,0,12/23 (52%),5/8 (63%),4/9 (44%),20%,5,4,,11,,0,,,,,7
9643901,52,37466,NORMAL,REGULAR,Round 3,LEAGUE,24759,Yeni Malatyaspor,Local,2ND,28/08/2021,3,,43%,0.00,2,6,4,0,,157,6,6,1,,2,0,4,0,5,1,1,1,0,,0,2,115,12,24,,11/31 (35%),0/1 (0%),53%,9,23/45 (51%),4/6 (67%),11/17 (65%),50%,6,7,,17,,4,,,,,8
9643901,52,37466,NORMAL,REGULAR,Round 3,LEAGUE,5138,Gaziantep FK,Visita,ALL,28/08/2021,3,0,54%,0.00,0,20,1,6,9,433,20,5,3,,4,2,10,6,6,14,0,0,0,,2,2,362,20,57,,23/48 (48%),3/17 (18%),46%,5,33/68 (49%),5/14 (36%),8/14 (57%),55%,20,19,,11,,1,,,,,7
9643901,52,37466,NORMAL,REGULAR,Round 3,LEAGUE,5138,Gaziantep FK,Visita,1ST,28/08/2021,3,0,51%,0.00,0,6,0,3,,235,5,2,0,,0,2,4,2,2,4,0,0,0,,0,1,200,4,26,,12/28 (43%),2/4 (50%),45%,2,11/23 (48%),3/8 (38%),4/7 (57%),80%,5,11,,8,,0,,,,,4
9643901,52,37466,NORMAL,REGULAR,Round 3,LEAGUE,5138,Gaziantep FK,Visita,2ND,28/08/2021,3,,57%,0.00,0,14,1,3,,198,15,3,3,,4,0,6,4,4,10,0,0,0,,2,1,162,16,31,,11/20 (55%),1/13 (8%),47%,3,22/45 (49%),2/6 (33%),4/7 (57%),47%,15,8,,3,,1,,,,,3
9643909,52,37466,NORMAL,REGULAR,Round 4,LEAGUE,3050,Beşiktaş JK,Local,ALL,11/09/2021,4,3,68%,0.00,3,16,2,9,14,642,31,10,1,,9,0,3,4,8,8,2,1,1,,1,2,574,21,52,,39/55 (71%),4/12 (33%),52%,9,49/96 (51%),8/13 (62%),8/17 (47%),58%,31,11,,11,,2,,,,,3
9643909,52,37466,NORMAL,REGULAR,Round 4,LEAGUE,3050,Beşiktaş JK,Local,1ST,11/09/2021,4,2,76%,0.00,3,11,0,4,,368,12,6,1,,5,0,2,4,6,5,2,1,1,,1,1,335,13,28,,20/26 (77%),2/4 (50%),55%,3,22/40 (55%),4/7 (57%),4/8 (50%),50%,12,4,,6,,0,,,,,0
9643909,52,37466,NORMAL,REGULAR,Round 4,LEAGUE,3050,Beşiktaş JK,Local,2ND,11/09/2021,4,1,61%,0.00,0,5,2,5,,274,19,4,0,,4,0,1,0,2,3,0,0,0,,0,1,239,8,24,,19/29 (66%),2/8 (25%),50%,6,27/56 (48%),4/6 (67%),4/9 (44%),63%,19,7,,5,,2,,,,,3
9643909,52,37466,NORMAL,REGULAR,Round 4,LEAGUE,24759,Yeni Malatyaspor,Visita,ALL,11/09/2021,4,0,32%,0.00,0,6,6,3,10,286,18,14,0,,2,1,2,2,2,4,0,0,0,,1,0,217,28,41,,28/54 (52%),0/9 (0%),48%,23,47/96 (49%),5/13 (38%),15/23 (65%),72%,18,4,,17,,6,,,,,5
9643909,52,37466,NORMAL,REGULAR,Round 4,LEAGUE,24759,Yeni Malatyaspor,Visita,1ST,11/09/2021,4,0,24%,0.00,0,1,3,1,,113,7,6,0,,0,0,0,1,1,0,0,0,0,,0,0,77,11,19,,12/26 (46%),0/4 (0%),45%,10,18/40 (45%),3/7 (43%),5/7 (71%),71%,7,3,,8,,3,,,,,2
9643909,52,37466,NORMAL,REGULAR,Round 4,LEAGUE,24759,Yeni Malatyaspor,Visita,2ND,11/09/2021,4,0,39%,0.00,0,5,3,2,,173,11,8,0,,2,1,2,1,1,4,0,0,0,,1,0,140,17,22,,16/28 (57%),0/5 (0%),50%,13,29/56 (52%),2/6 (33%),10/16 (63%),73%,11,1,,9,,3,,,,,3
9643918,52,37466,NORMAL,REGULAR,Round 5,LEAGUE,24759,Yeni Malatyaspor,Local,ALL,17/09/2021,5,3,32%,0.00,2,8,1,2,13,245,24,13,7,1,4,0,3,1,6,2,2,0,1,,1,3,176,15,36,,34/67 (51%),5/11 (45%),55%,6,43/76 (57%),10/20 (50%),6/14 (43%),54%,24,13,,14,,1,,,,,12
9643918,52,37466,NORMAL,REGULAR,Round 5,LEAGUE,24759,Yeni Malatyaspor,Local,1ST,17/09/2021,5,3,37%,0.00,2,4,0,0,,154,15,8,0,0,4,0,0,0,3,1,2,0,1,,0,2,117,7,17,,22/37 (59%),2/6 (33%),60%,5,26/42 (62%),3/6 (50%),3/8 (38%),53%,15,8,,4,,0,,,,,9
9643918,52,37466,NORMAL,REGULAR,Round 5,LEAGUE,24759,Yeni Malatyaspor,Local,2ND,17/09/2021,5,,26%,0.00,0,4,1,2,,91,9,5,7,1,0,0,3,1,3,1,0,0,0,,1,1,59,8,19,,12/30 (40%),3/5 (60%),50%,1,17/34 (50%),7/14 (50%),3/6 (50%),56%,9,5,,10,,1,,,,,3
9643918,52,37466,NORMAL,REGULAR,Round 5,LEAGUE,4954,Fatih Karagümrük,Visita,ALL,17/09/2021,5,4,68%,0.00,5,12,1,5,13,523,14,12,3,0,5,0,3,4,8,4,3,2,1,,2,2,448,24,56,,28/44 (64%),5/17 (29%),45%,12,33/76 (43%),10/20 (50%),8/20 (40%),79%,14,4,,8,,1,,,,,4
9643918,52,37466,NORMAL,REGULAR,Round 5,LEAGUE,4954,Fatih Karagümrük,Visita,1ST,17/09/2021,5,2,63%,0.00,2,4,1,1,,260,10,5,1,0,2,0,2,0,3,1,1,1,0,,1,1,225,12,30,,9/14 (64%),4/9 (44%),40%,7,16/42 (38%),3/6 (50%),1/9 (11%),70%,10,1,,2,,1,,,,,0
9643918,52,37466,NORMAL,REGULAR,Round 5,LEAGUE,4954,Fatih Karagümrük,Visita,2ND,17/09/2021,5,,74%,0.00,3,8,0,4,,263,4,7,2,0,3,0,1,4,5,3,2,1,1,,1,1,223,12,26,,19/30 (63%),1/8 (13%),50%,5,17/34 (50%),7/14 (50%),7/11 (64%),100%,4,3,,6,,0,,,,,4
9643924,52,37466,NORMAL,REGULAR,Round 6,LEAGUE,24759,Yeni Malatyaspor,Local,ALL,21/09/2021,6,0,54%,0.00,0,9,2,5,7,516,11,13,2,,3,1,4,2,5,4,0,0,,,0,0,423,20,71,,23/54 (43%),4/23 (17%),51%,12,38/71 (54%),17/36 (47%),15/23 (65%),27%,11,2,,17,,2,,,,,8
9643924,52,37466,NORMAL,REGULAR,Round 6,LEAGUE,24759,Yeni Malatyaspor,Local,1ST,21/09/2021,6,0,54%,0.00,0,4,1,3,,263,7,6,0,,2,0,1,1,1,3,0,0,,,0,0,213,10,31,,10/26 (38%),1/6 (17%),52%,7,24/41 (59%),3/11 (27%),11/16 (69%),43%,7,2,,9,,1,,,,,4
9643924,52,37466,NORMAL,REGULAR,Round 6,LEAGUE,24759,Yeni Malatyaspor,Local,2ND,21/09/2021,6,,54%,0.00,0,5,1,2,,253,4,7,2,,1,1,3,1,4,1,0,0,,,0,0,210,10,40,,13/28 (46%),3/17 (18%),51%,5,14/30 (47%),14/25 (56%),4/7 (57%),0%,4,0,,8,,1,,,,,4
9643924,52,37466,NORMAL,REGULAR,Round 6,LEAGUE,3076,Sivasspor,Visita,ALL,21/09/2021,6,1,46%,0.00,2,11,3,6,15,433,20,6,3,,4,1,5,2,6,5,1,1,,,2,4,348,17,52,,31/57 (54%),7/24 (29%),49%,6,33/71 (46%),19/36 (53%),7/12 (58%),60%,20,12,,27,,3,,,,,13
9643924,52,37466,NORMAL,REGULAR,Round 6,LEAGUE,3076,Sivasspor,Visita,1ST,21/09/2021,6,0,46%,0.00,1,6,2,3,,217,12,3,0,,1,1,3,2,3,3,0,1,,,0,2,182,5,23,,18/29 (62%),3/13 (23%),48%,4,17/41 (41%),8/11 (73%),2/5 (40%),58%,12,9,,12,,2,,,,,7
9643924,52,37466,NORMAL,REGULAR,Round 6,LEAGUE,3076,Sivasspor,Visita,2ND,21/09/2021,6,,46%,0.00,1,5,1,3,,216,8,3,3,,3,0,2,0,3,2,1,0,,,2,2,166,12,29,,13/28 (46%),4/11 (36%),49%,2,16/30 (53%),11/25 (44%),5/7 (71%),63%,8,3,,15,,1,,,,,6
9643931,52,37466,NORMAL,REGULAR,Round 7,LEAGUE,3056,Antalyaspor,Local,ALL,25/09/2021,7,1,52%,0.00,0,17,2,8,12,436,19,10,2,,2,0,7,8,9,8,,0,0,,,3,361,19,68,,25/56 (45%),7/27 (26%),49%,13,42/87 (48%),10/19 (53%),13/19 (68%),74%,19,15,,6,,2,,,,,12
9643931,52,37466,NORMAL,REGULAR,Round 7,LEAGUE,3056,Antalyaspor,Local,1ST,25/09/2021,7,0,58%,0.00,0,7,1,3,,265,13,6,0,,0,0,3,4,4,3,,0,0,,,1,222,12,42,,12/32 (38%),4/14 (29%),49%,7,23/46 (50%),2/5 (40%),4/9 (44%),69%,13,3,,3,,1,,,,,10
9643931,52,37466,NORMAL,REGULAR,Round 7,LEAGUE,3056,Antalyaspor,Local,2ND,25/09/2021,7,,44%,0.00,0,10,1,5,,171,6,4,2,,2,0,4,4,5,5,,0,0,,,2,139,7,26,,13/24 (54%),3/13 (23%),49%,6,19/41 (46%),8/14 (57%),9/10 (90%),83%,6,12,,3,,1,,,,,2
9643931,52,37466,NORMAL,REGULAR,Round 7,LEAGUE,24759,Yeni Malatyaspor,Visita,ALL,25/09/2021,7,0,48%,0.00,1,9,1,2,10,420,19,11,1,,2,0,6,1,4,5,,1,1,,,1,334,21,51,,31/58 (53%),2/7 (29%),51%,8,45/87 (52%),9/19 (47%),15/26 (58%),58%,19,12,,16,,1,,,,,6
9643931,52,37466,NORMAL,REGULAR,Round 7,LEAGUE,24759,Yeni Malatyaspor,Visita,1ST,25/09/2021,7,0,42%,0.00,0,6,0,1,,192,12,4,0,,1,0,5,0,2,4,,0,0,,,0,152,9,29,,18/27 (67%),1/4 (25%),51%,5,23/46 (50%),3/5 (60%),7/15 (47%),50%,12,8,,10,,0,,,,,2
9643931,52,37466,NORMAL,REGULAR,Round 7,LEAGUE,24759,Yeni Malatyaspor,Visita,2ND,25/09/2021,7,,56%,0.00,1,3,1,1,,228,7,7,1,,1,0,1,1,2,1,,1,1,,,1,182,12,22,,13/31 (42%),1/3 (33%),51%,3,22/41 (54%),6/14 (43%),8/11 (73%),71%,7,4,,6,,1,,,,,4
9643938,52,37466,NORMAL,REGULAR,Round 8,LEAGUE,24759,Yeni Malatyaspor,Local,ALL,03/10/2021,8,0,53%,0.00,2,15,4,7,9,410,13,3,2,,2,0,9,4,9,6,0,2,,,2,5,335,24,58,,30/49 (61%),8/24 (33%),53%,11,25/60 (42%),26/37 (70%),9/16 (56%),77%,13,7,,22,,4,,,,,10
9643938,52,37466,NORMAL,REGULAR,Round 8,LEAGUE,24759,Yeni Malatyaspor,Local,1ST,03/10/2021,8,0,53%,0.00,0,6,1,2,,251,5,1,1,,1,0,3,2,3,3,0,0,,,0,2,212,15,28,,15/23 (65%),2/8 (25%),54%,8,15/32 (47%),10/14 (71%),8/10 (80%),100%,5,5,,8,,1,,,,,6
9643938,52,37466,NORMAL,REGULAR,Round 8,LEAGUE,24759,Yeni Malatyaspor,Local,2ND,03/10/2021,8,,54%,0.00,2,9,3,5,,159,8,2,1,,1,0,6,2,6,3,0,2,,,2,3,123,9,30,,15/26 (58%),6/16 (38%),51%,3,10/28 (36%),16/23 (70%),1/6 (17%),63%,8,2,,14,,3,,,,,4
9643938,52,37466,NORMAL,REGULAR,Round 8,LEAGUE,3091,Hatayspor,Visita,ALL,03/10/2021,8,2,47%,0.00,3,15,2,5,6,357,18,8,3,,6,0,6,3,8,7,1,2,,,0,2,270,26,49,,22/59 (37%),3/21 (14%),47%,7,35/60 (58%),11/37 (30%),9/16 (56%),61%,18,10,,14,,2,,,,,9
9643938,52,37466,NORMAL,REGULAR,Round 8,LEAGUE,3091,Hatayspor,Visita,1ST,03/10/2021,8,1,47%,0.00,0,5,1,0,,218,10,2,2,,2,0,2,1,1,4,0,0,,,0,1,172,13,24,,10/27 (37%),0/9 (0%),46%,4,17/32 (53%),4/14 (29%),5/7 (71%),60%,10,3,,6,,1,,,,,5
9643938,52,37466,NORMAL,REGULAR,Round 8,LEAGUE,3091,Hatayspor,Visita,2ND,03/10/2021,8,,46%,0.00,3,10,1,5,,139,8,6,1,,4,0,4,2,7,3,1,2,,,0,1,98,13,25,,12/32 (38%),3/12 (25%),49%,3,18/28 (64%),7/23 (30%),4/9 (44%),63%,8,7,,8,,1,,,,,4
9643950,52,37466,NORMAL,REGULAR,Round 9,LEAGUE,3101,Adana Demirspor,Local,ALL,16/10/2021,9,0,66%,0.00,0,25,5,7,7,532,7,12,2,,6,1,12,7,12,13,0,0,1,,9,3,456,21,80,,26/42 (62%),5/33 (15%),57%,8,30/57 (53%),20/30 (67%),11/19 (58%),71%,7,6,,11,,5,,,,,0
9643950,52,37466,NORMAL,REGULAR,Round 9,LEAGUE,3101,Adana Demirspor,Local,1ST,16/10/2021,9,0,60%,0.00,0,7,1,2,,249,5,2,1,,1,1,5,1,4,3,0,0,0,,1,3,214,9,35,,17/24 (71%),0/10 (0%),54%,3,13/25 (52%),6/10 (60%),6/9 (67%),80%,5,2,,9,,1,,,,,0
9643950,52,37466,NORMAL,REGULAR,Round 9,LEAGUE,3101,Adana Demirspor,Local,2ND,16/10/2021,9,,71%,0.00,0,18,4,5,,283,2,10,1,,5,0,7,6,8,10,0,0,1,,8,0,242,12,45,,9/18 (50%),5/23 (22%),60%,5,17/32 (53%),14/20 (70%),5/10 (50%),50%,2,4,,2,,4,,,,,0
9643950,52,37466,NORMAL,REGULAR,Round 9,LEAGUE,24759,Yeni Malatyaspor,Visita,ALL,16/10/2021,9,2,34%,0.00,2,9,6,3,12,289,16,6,2,,6,0,1,2,5,4,1,1,1,,0,2,197,16,49,,20/75 (27%),0/6 (0%),43%,3,27/57 (47%),10/30 (33%),5/9 (56%),50%,16,3,,37,,6,,,,,15
9643950,52,37466,NORMAL,REGULAR,Round 9,LEAGUE,24759,Yeni Malatyaspor,Visita,1ST,16/10/2021,9,1,40%,0.00,2,5,1,2,,164,6,3,1,,2,0,1,2,4,1,1,1,1,,0,1,125,9,19,,13/36 (36%),0/4 (0%),46%,1,12/25 (48%),4/10 (40%),3/7 (43%),33%,6,2,,12,,1,,,,,5
9643950,52,37466,NORMAL,REGULAR,Round 9,LEAGUE,24759,Yeni Malatyaspor,Visita,2ND,16/10/2021,9,,29%,0.00,0,4,5,1,,125,10,3,1,,4,0,0,0,1,3,0,0,0,,0,1,72,7,30,,7/39 (18%),0/2 (0%),40%,2,15/32 (47%),6/20 (30%),2/2 (100%),60%,10,1,,25,,5,,,,,10
9643956,52,37466,NORMAL,REGULAR,Round 10,LEAGUE,24759,Yeni Malatyaspor,Local,ALL,22/10/2021,10,2,54%,0.00,3,13,2,6,18,435,18,13,2,,5,0,5,3,9,4,2,1,,,4,0,350,18,53,,33/61 (54%),5/16 (31%),53%,7,41/89 (46%),22/29 (76%),10/20 (50%),44%,18,12,,20,,2,,,,,8
9643956,52,37466,NORMAL,REGULAR,Round 10,LEAGUE,24759,Yeni Malatyaspor,Local,1ST,22/10/2021,10,0,64%,0.00,1,6,0,2,,271,6,6,0,,2,0,3,1,3,3,0,1,,,2,0,224,11,31,,17/33 (52%),3/10 (30%),54%,2,16/36 (44%),12/16 (75%),4/8 (50%),17%,6,5,,10,,0,,,,,4
9643956,52,37466,NORMAL,REGULAR,Round 10,LEAGUE,24759,Yeni Malatyaspor,Local,2ND,22/10/2021,10,,44%,0.00,2,7,2,4,,164,12,7,2,,3,0,2,2,6,1,2,0,,,2,0,126,7,22,,16/28 (57%),2/6 (33%),53%,5,25/53 (47%),10/13 (77%),6/12 (50%),58%,12,7,,10,,2,,,,,4
9643956,52,37466,NORMAL,REGULAR,Round 10,LEAGUE,3070,Altay,Visita,ALL,22/10/2021,10,1,46%,0.00,1,10,3,3,14,355,17,17,3,,3,0,4,3,4,6,1,0,,,3,3,265,27,60,,22/48 (46%),0/21 (0%),47%,12,48/89 (54%),7/29 (24%),14/20 (70%),59%,17,12,,13,,3,,,,,9
9643956,52,37466,NORMAL,REGULAR,Round 10,LEAGUE,3070,Altay,Visita,1ST,22/10/2021,10,0,36%,0.00,0,3,2,2,,148,6,6,0,,0,0,2,1,2,1,0,0,,,1,3,98,10,24,,8/27 (30%),0/12 (0%),46%,4,20/36 (56%),4/16 (25%),8/10 (80%),67%,6,6,,8,,2,,,,,6
9643956,52,37466,NORMAL,REGULAR,Round 10,LEAGUE,3070,Altay,Visita,2ND,22/10/2021,10,,56%,0.00,1,7,1,1,,207,11,11,3,,3,0,2,2,2,5,1,0,,,2,0,167,17,36,,14/21 (67%),0/9 (0%),47%,8,28/53 (53%),3/13 (23%),6/10 (60%),55%,11,6,,5,,1,,,,,3
9643964,52,37466,NORMAL,REGULAR,Round 11,LEAGUE,6063,Kasımpaşa,Local,ALL,30/10/2021,11,2,56%,0.00,1,15,4,5,15,499,20,15,1,,5,0,8,2,9,6,1,0,3,,3,1,404,27,62,,35/62 (56%),5/21 (24%),57%,7,37/67 (55%),18/30 (60%),2/4 (50%),50%,20,10,,18,,4,,,,,5
9643964,52,37466,NORMAL,REGULAR,Round 11,LEAGUE,6063,Kasımpaşa,Local,1ST,30/10/2021,11,0,56%,0.00,0,4,2,0,,276,9,5,0,,1,0,3,0,1,3,0,0,1,,0,1,229,13,33,,22/32 (69%),2/10 (20%),48%,3,15/32 (47%),5/10 (50%),1/2 (50%),44%,9,5,,7,,2,,,,,4
9643964,52,37466,NORMAL,REGULAR,Round 11,LEAGUE,6063,Kasımpaşa,Local,2ND,30/10/2021,11,,54%,0.00,1,11,2,5,,223,11,10,1,,4,0,5,2,8,3,1,0,2,,3,0,175,14,29,,13/30 (43%),3/11 (27%),64%,4,22/35 (63%),13/20 (65%),1/2 (50%),55%,11,5,,11,,2,,,,,1
9643964,52,37466,NORMAL,REGULAR,Round 11,LEAGUE,24759,Yeni Malatyaspor,Visita,ALL,30/10/2021,11,0,44%,0.00,1,5,3,5,17,397,9,14,0,,4,0,1,0,4,1,0,1,0,,1,6,303,17,46,,32/74 (43%),2/19 (11%),43%,6,30/67 (45%),12/30 (40%),7/21 (33%),67%,9,20,,16,,3,,,,,13
9643964,52,37466,NORMAL,REGULAR,Round 11,LEAGUE,24759,Yeni Malatyaspor,Visita,1ST,30/10/2021,11,0,44%,0.00,1,3,1,4,,209,4,9,0,,2,0,1,0,2,1,0,1,0,,0,2,159,8,25,,20/44 (45%),0/10 (0%),52%,2,17/32 (53%),5/10 (50%),4/11 (36%),50%,4,11,,7,,1,,,,,7
9643964,52,37466,NORMAL,REGULAR,Round 11,LEAGUE,24759,Yeni Malatyaspor,Visita,2ND,30/10/2021,11,,46%,0.00,0,2,2,1,,188,5,5,0,,2,0,0,0,2,0,0,0,0,,1,4,144,9,21,,12/30 (40%),2/9 (22%),36%,4,13/35 (37%),7/20 (35%),3/10 (30%),80%,5,9,,9,,2,,,,,6
9643973,52,37466,NORMAL,REGULAR,Round 12,LEAGUE,24759,Yeni Malatyaspor,Local,ALL,06/11/2021,12,1,33%,0.00,2,5,3,6,11,357,9,12,3,,1,0,4,0,4,1,1,1,0,,1,1,288,27,43,,28/60 (47%),7/21 (33%),54%,4,27/50 (54%),9/17 (53%),6/12 (50%),56%,9,5,,9,,3,,,,,9
9643973,52,37466,NORMAL,REGULAR,Round 12,LEAGUE,24759,Yeni Malatyaspor,Local,1ST,06/11/2021,12,0,32%,0.00,0,2,2,3,,176,4,7,2,,0,0,2,0,1,1,0,0,0,,1,0,140,13,20,,16/33 (48%),4/11 (36%),51%,1,13/25 (52%),5/10 (50%),2/6 (33%),75%,4,2,,2,,2,,,,,6
9643973,52,37466,NORMAL,REGULAR,Round 12,LEAGUE,24759,Yeni Malatyaspor,Local,2ND,06/11/2021,12,,35%,0.00,2,3,1,3,,181,5,5,1,,1,0,2,0,3,0,1,1,0,,0,1,148,14,23,,12/27 (44%),3/10 (30%),56%,3,14/25 (56%),4/7 (57%),4/6 (67%),40%,5,3,,7,,1,,,,,3
9643973,52,37466,NORMAL,REGULAR,Round 12,LEAGUE,3086,Başakşehir FK,Visita,ALL,06/11/2021,12,3,67%,0.00,2,11,0,3,12,753,10,8,1,,7,0,3,1,9,2,1,1,1,,1,3,684,16,54,,23/40 (58%),0/6 (0%),46%,6,23/50 (46%),8/17 (47%),6/9 (67%),80%,10,4,,13,,0,,,,,4
9643973,52,37466,NORMAL,REGULAR,Round 12,LEAGUE,3086,Başakşehir FK,Visita,1ST,06/11/2021,12,1,68%,0.00,0,5,0,0,,399,5,5,0,,3,0,2,0,5,0,0,0,0,,0,0,361,10,30,,8/18 (44%),0/1 (0%),49%,2,12/25 (48%),5/10 (50%),3/5 (60%),80%,5,2,,7,,0,,,,,2
9643973,52,37466,NORMAL,REGULAR,Round 12,LEAGUE,3086,Başakşehir FK,Visita,2ND,06/11/2021,12,,65%,0.00,2,6,0,3,,354,5,3,1,,4,0,1,1,4,2,1,1,1,,1,3,323,6,24,,15/22 (68%),0/5 (0%),44%,4,11/25 (44%),3/7 (43%),3/4 (75%),80%,5,2,,6,,0,,,,,2
9643487,52,37466,NORMAL,REGULAR,Round 13,LEAGUE,5765,Giresunspor,Local,ALL,20/11/2021,13,1,54%,0.00,3,8,3,3,15,481,15,14,0,,3,0,3,2,5,3,1,2,1,,5,4,398,15,51,,27/54 (50%),1/12 (8%),49%,4,35/69 (51%),14/31 (45%),6/12 (50%),60%,15,14,,19,,3,,,,,7
9643487,52,37466,NORMAL,REGULAR,Round 13,LEAGUE,5765,Giresunspor,Local,1ST,20/11/2021,13,0,60%,0.00,0,3,1,3,,298,6,7,0,,1,0,1,1,1,2,0,0,0,,4,3,255,6,26,,15/28 (54%),0/9 (0%),56%,1,16/29 (55%),7/12 (58%),3/4 (75%),67%,6,4,,5,,1,,,,,5
9643487,52,37466,NORMAL,REGULAR,Round 13,LEAGUE,5765,Giresunspor,Local,2ND,20/11/2021,13,,46%,0.00,3,5,2,0,,183,9,7,0,,2,0,2,1,4,1,1,2,1,,1,1,143,9,25,,12/26 (46%),1/3 (33%),44%,3,19/40 (48%),7/19 (37%),3/8 (38%),56%,9,10,,14,,2,,,,,2
9643487,52,37466,NORMAL,REGULAR,Round 13,LEAGUE,24759,Yeni Malatyaspor,Visita,ALL,20/11/2021,13,0,46%,0.00,0,10,2,7,16,393,10,13,2,,3,1,3,4,5,5,0,0,1,,1,1,312,18,59,,38/72 (53%),6/27 (22%),51%,9,34/69 (49%),17/31 (55%),11/17 (65%),70%,10,14,,10,,2,,,,,6
9643487,52,37466,NORMAL,REGULAR,Round 13,LEAGUE,24759,Yeni Malatyaspor,Visita,1ST,20/11/2021,13,0,40%,0.00,0,2,1,2,,192,2,6,0,,1,0,0,1,1,1,0,0,0,,0,0,158,6,29,,20/36 (56%),3/11 (27%),44%,4,13/29 (45%),5/12 (42%),5/7 (71%),100%,2,12,,8,,1,,,,,2
9643487,52,37466,NORMAL,REGULAR,Round 13,LEAGUE,24759,Yeni Malatyaspor,Visita,2ND,20/11/2021,13,,54%,0.00,0,8,1,5,,201,8,7,2,,2,1,3,3,4,4,0,0,1,,1,1,154,12,30,,18/36 (50%),3/16 (19%),56%,5,21/40 (53%),12/19 (63%),6/10 (60%),63%,8,2,,2,,1,,,,,4
9643488,52,37466,NORMAL,REGULAR,Round 14,LEAGUE,24759,Yeni Malatyaspor,Local,ALL,28/11/2021,14,0,36%,0.00,0,7,2,4,8,311,8,13,5,,2,0,4,1,5,2,,0,1,,1,0,241,13,43,,27/55 (49%),2/14 (14%),46%,12,36/69 (52%),7/24 (29%),15/19 (79%),63%,8,8,,35,,2,,,,,11
9643488,52,37466,NORMAL,REGULAR,Round 14,LEAGUE,24759,Yeni Malatyaspor,Local,1ST,28/11/2021,14,0,42%,0.00,0,4,0,3,,180,3,9,1,,2,0,1,1,3,1,,0,0,,0,0,145,10,20,,13/29 (45%),1/11 (9%),45%,8,17/32 (53%),3/12 (25%),5/7 (71%),67%,3,4,,8,,0,,,,,3
9643488,52,37466,NORMAL,REGULAR,Round 14,LEAGUE,24759,Yeni Malatyaspor,Local,2ND,28/11/2021,14,,30%,0.00,0,3,2,1,,131,5,4,4,,0,0,3,0,2,1,,0,1,,1,0,96,3,23,,14/26 (54%),1/3 (33%),47%,4,19/37 (51%),4/12 (33%),10/12 (83%),60%,5,4,,27,,2,,,,,8
9643488,52,37466,NORMAL,REGULAR,Round 14,LEAGUE,3061,Galatasaray,Visita,ALL,28/11/2021,14,0,64%,0.00,1,13,2,7,13,545,16,6,2,,2,1,6,5,7,6,,1,0,,4,4,484,16,66,,32/42 (76%),5/32 (16%),54%,5,33/69 (48%),17/24 (71%),11/14 (79%),44%,16,7,,8,,2,,,,,7
9643488,52,37466,NORMAL,REGULAR,Round 14,LEAGUE,3061,Galatasaray,Visita,1ST,28/11/2021,14,0,58%,0.00,0,2,2,1,,251,10,2,0,,0,0,1,1,0,2,,0,0,,0,3,224,6,28,,11/16 (69%),1/10 (10%),55%,1,15/32 (47%),9/12 (75%),3/5 (60%),40%,10,3,,7,,2,,,,,4
9643488,52,37466,NORMAL,REGULAR,Round 14,LEAGUE,3061,Galatasaray,Visita,2ND,28/11/2021,14,,70%,0.00,1,11,0,6,,294,6,4,2,,2,1,5,4,7,4,,1,0,,4,1,260,10,38,,21/26 (81%),4/22 (18%),53%,4,18/37 (49%),8/12 (67%),8/9 (89%),50%,6,4,,1,,0,,,,,3
9950117,96,38334,NORMAL,PLAYOFF,"Turkiye Kupasi, Knockout stage",LEAGUE,24759,Yeni Malatyaspor,Local,ALL,02/12/2021,4,3,,,,,,13,,,,,3,0,,,,,,,,,,,,,,,,,,,,,,,,,,,,,,,,,,,
9950117,96,38334,NORMAL,PLAYOFF,"Turkiye Kupasi, Knockout stage",LEAGUE,24759,Yeni Malatyaspor,Local,1ST,02/12/2021,4,,,,,,,,,,,,,,,,,,,,,,,,,,,,,,,,,,,,,,,,,,,,,,,,
9950117,96,38334,NORMAL,PLAYOFF,"Turkiye Kupasi, Knockout stage",LEAGUE,24759,Yeni Malatyaspor,Local,2ND,02/12/2021,4,,,,,,,,,,,,,,,,,,,,,,,,,,,,,,,,,,,,,,,,,,,,,,,,
9950117,96,38334,NORMAL,PLAYOFF,"Turkiye Kupasi, Knockout stage",LEAGUE,24748,Akhisarspor,Visita,ALL,02/12/2021,4,1,,,,,,4,,,,,2,0,,,,,,,,,,,,,,,,,,,,,,,,,,,,,,,,,,,
9950117,96,38334,NORMAL,PLAYOFF,"Turkiye Kupasi, Knockout stage",LEAGUE,24748,Akhisarspor,Visita,1ST,02/12/2021,4,,,,,,,,,,,,,,,,,,,,,,,,,,,,,,,,,,,,,,,,,,,,,,,,
9950117,96,38334,NORMAL,PLAYOFF,"Turkiye Kupasi, Knockout stage",LEAGUE,24748,Akhisarspor,Visita,2ND,02/12/2021,4,,,,,,,,,,,,,,,,,,,,,,,,,,,,,,,,,,,,,,,,,,,,,,,,
9644000,52,37466,NORMAL,REGULAR,Round 15,LEAGUE,3085,Konyaspor,Local,ALL,06/12/2021,15,0,55%,0.00,,17,4,4,12,532,15,8,2,,5,0,4,8,10,7,,,,,2,4,473,26,56,,22/39 (56%),4/28 (14%),48%,7,37/73 (51%),10/24 (42%),14/19 (74%),53%,15,9,,7,,4,,,,,9
9644000,52,37466,NORMAL,REGULAR,Round 15,LEAGUE,3085,Konyaspor,Local,1ST,06/12/2021,15,0,53%,0.00,,4,2,1,,274,10,3,0,,1,0,2,1,2,2,,,,,0,4,243,14,27,,16/23 (70%),1/7 (14%),50%,4,18/37 (49%),6/11 (55%),5/8 (63%),60%,10,3,,5,,2,,,,,5
9644000,52,37466,NORMAL,REGULAR,Round 15,LEAGUE,3085,Konyaspor,Local,2ND,06/12/2021,15,,58%,0.00,,13,2,3,,258,5,5,2,,4,0,2,7,8,5,,,,,2,0,230,12,29,,6/16 (38%),3/21 (14%),47%,3,19/36 (53%),4/13 (31%),9/11 (82%),40%,5,6,,2,,2,,,,,4
9644000,52,37466,NORMAL,REGULAR,Round 15,LEAGUE,24759,Yeni Malatyaspor,Visita,ALL,06/12/2021,15,0,45%,0.00,,8,5,2,9,440,12,12,2,,4,0,4,0,4,4,,,,,1,2,376,17,42,,33/58 (57%),4/12 (33%),52%,13,36/73 (49%),14/24 (58%),13/15 (87%),83%,12,9,,20,,5,,,,,9
9644000,52,37466,NORMAL,REGULAR,Round 15,LEAGUE,24759,Yeni Malatyaspor,Visita,1ST,06/12/2021,15,0,47%,0.00,,5,1,2,,242,7,5,0,,2,0,3,0,2,3,,,,,1,1,213,6,18,,16/23 (70%),3/9 (33%),50%,8,19/37 (51%),5/11 (45%),8/10 (80%),100%,7,5,,8,,1,,,,,3
9644000,52,37466,NORMAL,REGULAR,Round 15,LEAGUE,24759,Yeni Malatyaspor,Visita,2ND,06/12/2021,15,,42%,0.00,,3,4,0,,198,5,7,2,,2,0,1,0,2,1,,,,,0,1,163,11,24,,17/35 (49%),1/3 (33%),53%,5,17/36 (47%),9/13 (69%),5/5 (100%),60%,5,4,,12,,4,,,,,6
9644007,52,37466,NORMAL,REGULAR,Round 16,LEAGUE,24759,Yeni Malatyaspor,Local,ALL,12/12/2021,16,2,43%,0.00,2,19,7,8,6,355,10,10,4,1,7,2,8,4,13,6,1,1,0,,6,0,307,15,46,,24/34 (71%),6/30 (20%),57%,5,47/79 (59%),8/17 (47%),27/38 (71%),40%,10,5,,15,,7,,,,,4
9644007,52,37466,NORMAL,REGULAR,Round 16,LEAGUE,24759,Yeni Malatyaspor,Local,1ST,12/12/2021,16,2,49%,0.00,2,15,1,5,,177,4,3,3,0,7,1,5,3,11,4,1,1,0,,3,0,151,8,21,,11/16 (69%),6/17 (35%),51%,3,19/36 (53%),7/15 (47%),12/16 (75%),50%,4,5,,10,,1,,,,,2
9644007,52,37466,NORMAL,REGULAR,Round 16,LEAGUE,24759,Yeni Malatyaspor,Local,2ND,12/12/2021,16,,39%,0.00,0,4,6,3,,178,6,7,1,1,0,1,3,1,2,2,0,0,0,,3,0,156,7,25,,13/18 (72%),0/13 (0%),64%,2,28/43 (65%),1/2 (50%),15/22 (68%),33%,6,0,,5,,6,,,,,2
9644007,52,37466,NORMAL,REGULAR,Round 16,LEAGUE,6362,Alanyaspor,Visita,ALL,12/12/2021,16,6,57%,0.00,9,20,5,5,10,496,16,5,3,0,13,0,2,5,9,11,5,4,4,,3,1,443,11,43,,19/34 (56%),3/14 (21%),43%,7,32/79 (41%),9/17 (53%),11/14 (79%),63%,16,8,,24,,5,,,,,10
9644007,52,37466,NORMAL,REGULAR,Round 16,LEAGUE,6362,Alanyaspor,Visita,1ST,12/12/2021,16,3,51%,0.00,5,8,5,3,,197,7,3,1,0,4,0,1,3,5,3,3,2,1,,2,1,163,5,18,,10/18 (56%),1/8 (13%),49%,2,17/36 (47%),8/15 (53%),7/9 (78%),57%,7,4,,14,,5,,,,,5
9644007,52,37466,NORMAL,REGULAR,Round 16,LEAGUE,6362,Alanyaspor,Visita,2ND,12/12/2021,16,,61%,0.00,4,12,0,2,,299,9,2,2,0,9,0,1,2,4,8,2,2,3,,1,0,280,6,25,,9/16 (56%),2/6 (33%),36%,5,15/43 (35%),1/2 (50%),4/5 (80%),67%,9,4,,10,,0,,,,,5
9644023,52,37466,NORMAL,REGULAR,Round 17,LEAGUE,3064,Çaykur Rizespor,Local,ALL,19/12/2021,17,1,63%,0.00,2,14,2,7,17,503,17,9,2,,5,0,6,3,5,9,1,1,,,2,5,424,20,64,,24/47 (51%),6/26 (23%),43%,9,37/90 (41%),12/24 (50%),11/21 (52%),59%,17,10,,14,,2,,,,,7
9644023,52,37466,NORMAL,REGULAR,Round 17,LEAGUE,3064,Çaykur Rizespor,Local,1ST,19/12/2021,17,0,61%,0.00,1,7,2,3,,235,11,5,0,,3,0,4,0,2,5,0,1,,,0,1,196,16,29,,8/20 (40%),3/11 (27%),42%,8,20/48 (42%),5/11 (45%),4/9 (44%),55%,11,5,,3,,2,,,,,3
9644023,52,37466,NORMAL,REGULAR,Round 17,LEAGUE,3064,Çaykur Rizespor,Local,2ND,19/12/2021,17,,65%,0.00,1,7,0,4,,268,6,4,2,,2,0,2,3,3,4,1,0,,,2,4,228,4,35,,16/27 (59%),3/15 (20%),44%,1,17/42 (40%),7/13 (54%),7/12 (58%),67%,6,5,,11,,0,,,,,4
9644023,52,37466,NORMAL,REGULAR,Round 17,LEAGUE,24759,Yeni Malatyaspor,Visita,ALL,19/12/2021,17,0,37%,0.00,0,8,4,1,9,298,19,17,2,,2,1,4,2,4,4,0,0,,,2,5,222,18,40,,27/58 (47%),3/13 (23%),57%,8,53/90 (59%),12/24 (50%),18/27 (67%),58%,19,11,,24,,4,,,,,7
9644023,52,37466,NORMAL,REGULAR,Round 17,LEAGUE,24759,Yeni Malatyaspor,Visita,1ST,19/12/2021,17,0,39%,0.00,0,4,3,1,,154,13,7,1,,2,1,1,1,2,2,0,0,,,1,2,116,13,23,,13/27 (48%),1/4 (25%),58%,5,28/48 (58%),6/11 (55%),8/14 (57%),54%,13,6,,9,,3,,,,,5
9644023,52,37466,NORMAL,REGULAR,Round 17,LEAGUE,24759,Yeni Malatyaspor,Visita,2ND,19/12/2021,17,,35%,0.00,0,4,1,0,,144,6,10,1,,0,0,3,1,2,2,0,0,,,1,3,106,5,17,,14/31 (45%),2/9 (22%),56%,3,25/42 (60%),6/13 (46%),10/13 (77%),67%,6,5,,15,,1,,,,,2
9644027,52,37466,NORMAL,REGULAR,Round 18,LEAGUE,24759,Yeni Malatyaspor,Local,ALL,23/12/2021,18,2,44%,0.00,1,13,3,2,13,370,16,14,2,,5,0,7,1,7,6,1,,,,4,3,290,20,51,,33/58 (57%),3/13 (23%),53%,10,44/88 (50%),13/19 (68%),14/26 (54%),50%,16,12,,19,,3,,,,,6
9644027,52,37466,NORMAL,REGULAR,Round 18,LEAGUE,24759,Yeni Malatyaspor,Local,1ST,23/12/2021,18,2,47%,0.00,1,9,1,0,,208,11,6,0,,4,0,5,0,5,4,1,,,,2,1,170,12,26,,14/23 (61%),2/3 (67%),56%,4,23/44 (52%),5/6 (83%),6/10 (60%),55%,11,4,,10,,1,,,,,2
9644027,52,37466,NORMAL,REGULAR,Round 18,LEAGUE,24759,Yeni Malatyaspor,Local,2ND,23/12/2021,18,,41%,0.00,0,4,2,2,,162,5,8,2,,1,0,2,1,2,2,0,,,,2,2,120,8,25,,19/35 (54%),1/10 (10%),51%,6,21/44 (48%),8/13 (62%),8/16 (50%),40%,5,8,,9,,2,,,,,4
9644027,52,37466,NORMAL,REGULAR,Round 18,LEAGUE,3072,Kayserispor,Visita,ALL,23/12/2021,18,2,56%,0.00,1,9,3,2,15,469,22,12,2,,5,0,2,2,5,4,1,,,,3,2,388,20,39,,25/51 (49%),4/23 (17%),47%,12,44/88 (50%),6/19 (32%),12/16 (75%),77%,22,10,,14,,3,,,,,12
9644027,52,37466,NORMAL,REGULAR,Round 18,LEAGUE,3072,Kayserispor,Visita,1ST,23/12/2021,18,0,53%,0.00,0,1,2,1,,236,8,5,0,,1,0,0,0,0,1,0,,,,1,1,190,11,17,,9/23 (39%),0/9 (0%),44%,8,21/44 (48%),1/6 (17%),9/12 (75%),100%,8,4,,5,,2,,,,,6
9644027,52,37466,NORMAL,REGULAR,Round 18,LEAGUE,3072,Kayserispor,Visita,2ND,23/12/2021,18,,59%,0.00,1,8,1,1,,233,14,7,2,,4,0,2,2,5,3,1,,,,2,1,198,9,22,,16/28 (57%),4/14 (29%),49%,4,23/44 (52%),5/13 (38%),3/4 (75%),64%,14,6,,9,,1,,,,,6
9644040,52,37466,NORMAL,REGULAR,Round 19,LEAGUE,3052,Fenerbahçe,Local,ALL,26/12/2021,19,2,66%,0.00,2,17,1,3,15,690,23,9,1,,8,0,5,4,7,10,2,,2,,1,7,623,24,56,,34/49 (69%),1/10 (10%),48%,10,38/76 (50%),2/7 (29%),5/10 (50%),48%,23,13,,12,,1,,,,,9
9644040,52,37466,NORMAL,REGULAR,Round 19,LEAGUE,3052,Fenerbahçe,Local,1ST,26/12/2021,19,1,63%,0.00,1,9,1,2,,340,8,2,0,,4,0,2,3,4,5,1,,1,,0,4,303,13,25,,14/22 (64%),1/7 (14%),42%,3,13/31 (42%),1/2 (50%),2/5 (40%),50%,8,10,,6,,1,,,,,3
9644040,52,37466,NORMAL,REGULAR,Round 19,LEAGUE,3052,Fenerbahçe,Local,2ND,26/12/2021,19,,70%,0.00,1,8,0,1,,350,15,7,1,,4,0,3,1,3,5,1,,1,,1,3,320,11,31,,20/27 (74%),0/3 (0%),52%,7,25/45 (56%),1/5 (20%),3/5 (60%),47%,15,3,,6,,0,,,,,6
9644040,52,37466,NORMAL,REGULAR,Round 19,LEAGUE,24759,Yeni Malatyaspor,Visita,ALL,26/12/2021,19,0,34%,0.00,0,8,6,1,10,335,15,15,1,,1,0,7,0,5,3,0,,0,,1,3,276,18,35,,31/49 (63%),3/13 (23%),52%,15,38/76 (50%),5/7 (71%),8/17 (47%),73%,15,20,,11,,6,,,,,7
9644040,52,37466,NORMAL,REGULAR,Round 19,LEAGUE,24759,Yeni Malatyaspor,Visita,1ST,26/12/2021,19,0,37%,0.00,0,4,3,0,,189,6,7,0,,1,0,3,0,4,0,0,,0,,0,2,153,7,19,,20/29 (69%),2/9 (22%),58%,6,18/31 (58%),1/2 (50%),5/8 (63%),50%,6,8,,5,,3,,,,,4
9644040,52,37466,NORMAL,REGULAR,Round 19,LEAGUE,24759,Yeni Malatyaspor,Visita,2ND,26/12/2021,19,,30%,0.00,0,4,3,1,,146,9,8,1,,0,0,4,0,1,3,0,,0,,1,1,123,11,16,,11/20 (55%),1/4 (25%),48%,9,20/45 (44%),4/5 (80%),3/9 (33%),89%,9,12,,6,,3,,,,,3
9644045,52,37466,NORMAL,REGULAR,Round 20,LEAGUE,3051,Trabzonspor,Local,ALL,07/01/2022,20,1,71%,0.00,4,24,0,7,9,669,17,10,0,,7,0,7,10,15,9,1,3,,,6,6,595,21,73,,24/42 (57%),9/25 (36%),55%,11,38/71 (54%),13/21 (62%),11/16 (69%),82%,17,19,,4,,0,,,,,6
9644045,52,37466,NORMAL,REGULAR,Round 20,LEAGUE,3051,Trabzonspor,Local,1ST,07/01/2022,20,1,71%,0.00,2,7,0,5,,359,8,4,0,,1,0,3,3,4,3,1,1,,,3,3,319,14,41,,13/19 (68%),4/17 (24%),57%,6,18/32 (56%),6/10 (60%),6/7 (86%),75%,8,11,,1,,0,,,,,1
9644045,52,37466,NORMAL,REGULAR,Round 20,LEAGUE,3051,Trabzonspor,Local,2ND,07/01/2022,20,,70%,0.00,2,17,0,2,,310,9,6,0,,6,0,4,7,11,6,0,2,,,3,3,276,7,32,,11/23 (48%),5/8 (63%),54%,5,20/39 (51%),7/11 (64%),5/9 (56%),89%,9,8,,3,,0,,,,,5
9644045,52,37466,NORMAL,REGULAR,Round 20,LEAGUE,24759,Yeni Malatyaspor,Visita,ALL,07/01/2022,20,0,29%,0.00,1,3,7,2,12,280,16,8,2,,0,0,3,0,3,0,0,1,,,0,0,205,23,24,,18/50 (36%),2/4 (50%),45%,7,33/71 (46%),8/21 (38%),9/19 (47%),69%,16,7,,15,,7,,,,,9
9644045,52,37466,NORMAL,REGULAR,Round 20,LEAGUE,24759,Yeni Malatyaspor,Visita,1ST,07/01/2022,20,0,29%,0.00,1,2,0,1,,145,7,2,1,,0,0,2,0,2,0,0,1,,,0,0,105,13,13,,6/21 (29%),1/2 (50%),43%,3,14/32 (44%),4/10 (40%),5/10 (50%),71%,7,5,,12,,0,,,,,3
9644045,52,37466,NORMAL,REGULAR,Round 20,LEAGUE,24759,Yeni Malatyaspor,Visita,2ND,07/01/2022,20,,30%,0.00,0,1,7,1,,135,9,6,1,,0,0,1,0,1,0,0,0,,,0,0,100,10,11,,12/29 (41%),1/2 (50%),46%,4,19/39 (49%),4/11 (36%),4/9 (44%),67%,9,2,,3,,7,,,,,6
9644058,52,37466,NORMAL,REGULAR,Round 21,LEAGUE,24759,Yeni Malatyaspor,Local,ALL,14/01/2022,21,1,62%,0.00,0,14,1,3,7,478,13,14,1,,2,1,7,5,7,7,0,,1,,3,2,373,33,65,,29/60 (48%),1/15 (7%),47%,18,34/74 (46%),20/40 (50%),7/17 (41%),69%,13,4,,15,,1,,,,,9
9644058,52,37466,NORMAL,REGULAR,Round 21,LEAGUE,24759,Yeni Malatyaspor,Local,1ST,14/01/2022,21,1,53%,0.00,0,4,1,0,,198,6,8,0,,1,0,1,2,3,1,0,,1,,0,2,146,14,25,,17/33 (52%),1/2 (50%),47%,13,18/37 (49%),9/20 (45%),4/7 (57%),83%,6,2,,10,,1,,,,,4
9644058,52,37466,NORMAL,REGULAR,Round 21,LEAGUE,24759,Yeni Malatyaspor,Local,2ND,14/01/2022,21,,71%,0.00,0,10,0,3,,280,7,6,1,,1,1,6,3,4,6,0,,0,,3,0,227,19,40,,12/27 (44%),0/13 (0%),47%,5,16/37 (43%),11/20 (55%),3/10 (30%),57%,7,2,,5,,0,,,,,5
9644058,52,37466,NORMAL,REGULAR,Round 21,LEAGUE,3054,Göztepe,Visita,ALL,14/01/2022,21,2,38%,0.00,2,11,1,6,14,286,28,6,1,,3,0,3,5,7,4,2,,2,,1,4,178,30,64,,14/59 (24%),4/17 (24%),53%,7,40/74 (54%),20/40 (50%),6/12 (50%),79%,28,13,,18,,1,,,,,10
9644058,52,37466,NORMAL,REGULAR,Round 21,LEAGUE,3054,Göztepe,Visita,1ST,14/01/2022,21,1,47%,0.00,1,8,0,5,,165,16,2,0,,2,0,2,4,5,3,1,,1,,1,3,118,18,35,,10/25 (40%),4/15 (27%),53%,3,19/37 (51%),11/20 (55%),1/4 (25%),75%,16,6,,5,,0,,,,,2
9644058,52,37466,NORMAL,REGULAR,Round 21,LEAGUE,3054,Göztepe,Visita,2ND,14/01/2022,21,,29%,0.00,1,3,1,1,,121,12,4,1,,1,0,1,1,2,1,1,,1,,0,1,60,12,29,,4/34 (12%),0/2 (0%),53%,4,21/37 (57%),9/20 (45%),5/8 (63%),83%,12,7,,13,,1,,,,,8
9644068,52,37466,NORMAL,REGULAR,Round 23,LEAGUE,24759,Yeni Malatyaspor,Local,ALL,22/01/2022,23,1,37%,0.00,1,11,3,3,13,357,15,12,2,,4,1,6,1,8,3,1,0,0,,3,2,274,16,46,,25/61 (41%),2/13 (15%),53%,6,36/67 (54%),5/11 (45%),9/18 (50%),27%,15,9,,25,,3,,,,,16
9644068,52,37466,NORMAL,REGULAR,Round 23,LEAGUE,24759,Yeni Malatyaspor,Local,1ST,22/01/2022,23,0,34%,0.00,0,5,2,1,,168,7,7,0,,1,1,4,0,4,1,0,0,0,,1,1,127,8,22,,9/29 (31%),1/4 (25%),57%,2,18/32 (56%),3/5 (60%),4/9 (44%),29%,7,5,,13,,2,,,,,8
9644068,52,37466,NORMAL,REGULAR,Round 23,LEAGUE,24759,Yeni Malatyaspor,Local,2ND,22/01/2022,23,,39%,0.00,1,6,1,2,,189,8,5,2,,3,0,2,1,4,2,1,0,0,,2,1,147,8,24,,16/32 (50%),1/9 (11%),49%,4,18/35 (51%),2/6 (33%),5/9 (56%),25%,8,4,,12,,1,,,,,8
9644068,52,37466,NORMAL,REGULAR,Round 23,LEAGUE,3050,Beşiktaş JK,Visita,ALL,22/01/2022,23,1,63%,0.00,5,19,3,6,12,625,15,11,2,,4,3,10,5,12,7,1,4,3,,2,4,550,20,94,,32/53 (60%),3/22 (14%),47%,11,31/67 (46%),6/11 (55%),5/9 (56%),40%,15,15,,11,,3,,,,,8
9644068,52,37466,NORMAL,REGULAR,Round 23,LEAGUE,3050,Beşiktaş JK,Visita,1ST,22/01/2022,23,0,66%,0.00,1,7,1,6,,328,7,5,0,,2,0,5,0,4,3,0,1,2,,1,3,297,5,50,,18/27 (67%),1/16 (6%),43%,5,14/32 (44%),2/5 (40%),2/4 (50%),57%,7,5,,4,,1,,,,,5
9644068,52,37466,NORMAL,REGULAR,Round 23,LEAGUE,3050,Beşiktaş JK,Visita,2ND,22/01/2022,23,,61%,0.00,4,12,2,0,,297,8,6,2,,2,3,5,5,8,4,1,3,1,,1,1,253,15,44,,14/26 (54%),2/6 (33%),51%,6,17/35 (49%),4/6 (67%),3/5 (60%),25%,8,10,,7,,2,,,,,3
9643539,52,37466,NORMAL,REGULAR,Round 24,LEAGUE,4954,Fatih Karagümrük,Local,ALL,05/02/2022,24,1,46%,0.00,2,15,5,5,10,458,11,11,1,,7,0,4,4,9,6,1,1,,,3,2,387,7,65,,38/58 (66%),4/13 (31%),45%,7,26/61 (43%),14/27 (52%),4/10 (40%),45%,11,8,,15,,5,,,,,7
9643539,52,37466,NORMAL,REGULAR,Round 24,LEAGUE,4954,Fatih Karagümrük,Local,1ST,05/02/2022,24,0,47%,0.00,0,8,1,2,,269,8,5,1,,2,0,4,2,6,2,0,0,,,1,1,235,3,31,,19/26 (73%),2/6 (33%),52%,3,17/35 (49%),8/13 (62%),4/8 (50%),50%,8,4,,7,,1,,,,,2
9643539,52,37466,NORMAL,REGULAR,Round 24,LEAGUE,4954,Fatih Karagümrük,Local,2ND,05/02/2022,24,,45%,0.00,2,7,4,3,,189,3,6,0,,5,0,0,2,3,4,1,1,,,2,1,152,4,34,,19/32 (59%),2/7 (29%),38%,4,9/26 (35%),6/14 (43%),0/2 (0%),33%,3,4,,8,,4,,,,,5
9643539,52,37466,NORMAL,REGULAR,Round 24,LEAGUE,24759,Yeni Malatyaspor,Visita,ALL,05/02/2022,24,0,54%,0.00,0,13,6,5,13,527,13,10,5,,5,0,5,3,10,3,0,0,,,4,2,454,16,49,,33/50 (66%),9/22 (41%),55%,6,35/61 (57%),13/27 (48%),12/17 (71%),46%,13,8,,15,,6,,,,,8
9643539,52,37466,NORMAL,REGULAR,Round 24,LEAGUE,24759,Yeni Malatyaspor,Visita,1ST,05/02/2022,24,0,53%,0.00,0,4,2,1,,302,7,3,1,,1,0,1,2,4,0,0,0,,,0,1,258,9,20,,21/30 (70%),2/5 (40%),48%,3,18/35 (51%),5/13 (38%),8/13 (62%),29%,7,3,,7,,2,,,,,6
9643539,52,37466,NORMAL,REGULAR,Round 24,LEAGUE,24759,Yeni Malatyaspor,Visita,2ND,05/02/2022,24,,55%,0.00,0,9,4,4,,225,6,7,4,,4,0,4,1,6,3,0,0,,,4,1,196,7,29,,12/20 (60%),7/17 (41%),62%,3,17/26 (65%),8/14 (57%),4/4 (100%),67%,6,5,,8,,4,,,,,2
9643548,52,37466,NORMAL,REGULAR,Round 25,LEAGUE,3076,Sivasspor,Local,ALL,13/02/2022,25,2,50%,0.00,3,14,4,6,16,402,18,12,2,,5,0,6,3,10,4,1,2,1,,4,5,318,20,54,,25/60 (42%),7/25 (28%),44%,6,35/76 (46%),11/28 (39%),6/13 (46%),78%,18,7,,11,,4,,,,,11
9643548,52,37466,NORMAL,REGULAR,Round 25,LEAGUE,3076,Sivasspor,Local,1ST,13/02/2022,25,0,52%,0.00,0,6,3,4,,213,7,3,0,,1,0,3,2,4,2,0,0,1,,1,1,174,8,31,,13/28 (46%),2/15 (13%),33%,1,11/31 (35%),3/12 (25%),1/4 (25%),71%,7,2,,6,,3,,,,,4
9643548,52,37466,NORMAL,REGULAR,Round 25,LEAGUE,3076,Sivasspor,Local,2ND,13/02/2022,25,,48%,0.00,3,8,1,2,,189,11,9,2,,4,0,3,1,6,2,1,2,0,,3,4,144,12,23,,12/32 (38%),5/10 (50%),52%,5,24/45 (53%),8/16 (50%),5/9 (56%),82%,11,5,,5,,1,,,,,7
9643548,52,37466,NORMAL,REGULAR,Round 25,LEAGUE,24759,Yeni Malatyaspor,Visita,ALL,13/02/2022,25,1,50%,0.00,1,14,3,2,12,418,13,15,1,,5,1,5,4,9,5,1,0,0,,3,2,343,15,57,,28/55 (51%),3/9 (33%),56%,11,41/76 (54%),17/28 (61%),15/22 (68%),54%,13,11,,13,,3,,,,,9
9643548,52,37466,NORMAL,REGULAR,Round 25,LEAGUE,24759,Yeni Malatyaspor,Visita,1ST,13/02/2022,25,1,48%,0.00,1,11,1,2,,204,4,9,0,,4,0,4,3,8,3,1,0,0,,2,2,171,4,25,,17/27 (63%),3/8 (38%),67%,4,20/31 (65%),9/12 (75%),8/11 (73%),25%,4,8,,11,,1,,,,,6
9643548,52,37466,NORMAL,REGULAR,Round 25,LEAGUE,24759,Yeni Malatyaspor,Visita,2ND,13/02/2022,25,,52%,0.00,0,3,2,0,,214,9,6,1,,1,1,1,1,1,2,0,0,0,,1,0,172,11,32,,11/28 (39%),0/1 (0%),48%,7,21/45 (47%),8/16 (50%),7/11 (64%),67%,9,3,,2,,2,,,,,3
9643583,52,37466,NORMAL,REGULAR,Round 26,LEAGUE,24759,Yeni Malatyaspor,Local,ALL,19/02/2022,26,1,43%,0.00,2,15,2,9,7,447,16,7,1,,3,1,8,4,8,7,,2,1,,2,1,378,18,54,,35/54 (65%),5/26 (19%),62%,1,34/55 (62%),10/16 (63%),11/19 (58%),63%,16,6,,6,,2,,,,,10
9643583,52,37466,NORMAL,REGULAR,Round 26,LEAGUE,24759,Yeni Malatyaspor,Local,1ST,19/02/2022,26,0,38%,0.00,0,5,2,3,,222,9,4,1,,0,0,5,0,1,4,,0,1,,1,1,189,7,19,,18/27 (67%),2/8 (25%),71%,0,18/26 (69%),4/5 (80%),5/8 (63%),67%,9,4,,3,,2,,,,,5
9643583,52,37466,NORMAL,REGULAR,Round 26,LEAGUE,24759,Yeni Malatyaspor,Local,2ND,19/02/2022,26,,48%,0.00,2,10,0,6,,225,7,3,0,,3,1,3,4,7,3,,2,0,,1,0,189,11,35,,17/27 (63%),3/18 (17%),55%,1,16/29 (55%),6/11 (55%),6/11 (55%),57%,7,2,,3,,0,,,,,5
9643583,52,37466,NORMAL,REGULAR,Round 26,LEAGUE,3056,Antalyaspor,Visita,ALL,19/02/2022,26,2,57%,0.00,2,10,2,2,7,639,9,6,1,,4,1,5,1,3,7,,2,0,,0,5,556,18,52,,26/58 (45%),0/4 (0%),38%,6,21/55 (38%),6/16 (38%),6/16 (38%),67%,9,7,,20,,2,,,,,11
9643583,52,37466,NORMAL,REGULAR,Round 26,LEAGUE,3056,Antalyaspor,Visita,1ST,19/02/2022,26,1,62%,0.00,1,6,0,2,,379,3,3,1,,3,1,2,1,1,5,,1,0,,0,2,348,9,23,,13/25 (52%),0/3 (0%),29%,4,8/26 (31%),1/5 (20%),2/7 (29%),33%,3,4,,5,,0,,,,,5
9643583,52,37466,NORMAL,REGULAR,Round 26,LEAGUE,3056,Antalyaspor,Visita,2ND,19/02/2022,26,,52%,0.00,1,4,2,0,,260,6,3,0,,1,0,3,0,2,2,,1,0,,0,3,208,9,29,,13/33 (39%),0/1 (0%),45%,2,13/29 (45%),5/11 (45%),4/9 (44%),83%,6,3,,15,,2,,,,,6
10102161,52,37466,NORMAL,REGULAR,Round 22,LEAGUE,5138,Gaziantep FK,Local,ALL,23/02/2022,22,0,43%,0.00,1,16,1,6,16,325,10,11,2,,6,0,6,4,9,7,,1,,,1,2,206,27,65,,28/73 (38%),7/22 (32%),44%,2,24/55 (44%),18/40 (45%),3/10 (30%),70%,10,11,,19,,1,,,,,7
10102161,52,37466,NORMAL,REGULAR,Round 22,LEAGUE,5138,Gaziantep FK,Local,1ST,23/02/2022,22,0,37%,0.00,0,7,0,3,,129,6,5,2,,1,0,4,2,5,2,,0,,,1,1,60,13,38,,9/41 (22%),3/8 (38%),42%,2,12/28 (43%),9/22 (41%),1/3 (33%),67%,6,5,,10,,0,,,,,4
10102161,52,37466,NORMAL,REGULAR,Round 22,LEAGUE,5138,Gaziantep FK,Local,2ND,23/02/2022,22,0,49%,0.00,1,9,1,3,,196,4,6,0,,5,0,2,2,4,5,,1,,,0,1,146,14,27,,19/32 (59%),4/14 (29%),47%,0,12/27 (44%),9/18 (50%),2/7 (29%),75%,4,6,,9,,1,,,,,3
10102161,52,37466,NORMAL,REGULAR,Round 22,LEAGUE,24759,Yeni Malatyaspor,Visita,ALL,23/02/2022,22,0,57%,0.00,1,10,6,4,13,437,9,13,3,,1,1,4,5,5,5,,1,,,2,1,317,26,58,,26/66 (39%),2/16 (13%),56%,6,31/55 (56%),22/40 (55%),9/13 (69%),33%,9,8,,24,,6,,,,,7
10102161,52,37466,NORMAL,REGULAR,Round 22,LEAGUE,24759,Yeni Malatyaspor,Visita,1ST,23/02/2022,22,0,63%,0.00,1,6,1,1,,227,4,5,1,,0,1,4,2,3,3,,1,,,1,1,161,13,31,,11/29 (38%),1/6 (17%),58%,2,16/28 (57%),13/22 (59%),7/11 (64%),75%,4,3,,10,,1,,,,,1
10102161,52,37466,NORMAL,REGULAR,Round 22,LEAGUE,24759,Yeni Malatyaspor,Visita,2ND,23/02/2022,22,0,51%,0.00,0,4,5,3,,210,5,8,2,,1,0,0,3,2,2,,0,,,1,0,156,13,27,,15/37 (41%),1/10 (10%),53%,4,15/27 (56%),9/18 (50%),2/2 (100%),0%,5,5,,14,,5,,,,,6
9643555,52,37466,NORMAL,REGULAR,Round 27,LEAGUE,3091,Hatayspor,Local,ALL,27/02/2022,27,5,51%,0.00,5,13,5,2,10,462,17,8,1,,8,0,4,1,8,5,4,1,1,,1,2,364,23,77,,38/84 (45%),1/10 (10%),51%,13,35/67 (52%),10/22 (45%),10/12 (83%),53%,17,8,,14,,5,,,,,10
9643555,52,37466,NORMAL,REGULAR,Round 27,LEAGUE,3091,Hatayspor,Local,1ST,27/02/2022,27,3,51%,0.00,2,7,2,0,,227,5,7,0,,4,0,2,1,3,4,2,0,1,,1,1,176,13,42,,16/39 (41%),0/3 (0%),58%,7,17/31 (55%),9/14 (64%),5/6 (83%),40%,5,3,,5,,2,,,,,4
9643555,52,37466,NORMAL,REGULAR,Round 27,LEAGUE,3091,Hatayspor,Local,2ND,27/02/2022,27,,51%,0.00,3,6,3,2,,235,12,1,1,,4,0,2,0,5,1,2,1,0,,0,1,188,10,35,,22/45 (49%),1/7 (14%),43%,6,18/36 (50%),1/8 (13%),5/6 (83%),58%,12,5,,9,,3,,,,,6
9643555,52,37466,NORMAL,REGULAR,Round 27,LEAGUE,24759,Yeni Malatyaspor,Visita,ALL,27/02/2022,27,2,49%,0.00,3,14,3,4,8,435,15,8,0,,7,0,6,1,9,5,2,1,0,,3,2,338,16,61,,23/44 (52%),5/20 (25%),49%,8,32/67 (48%),12/22 (55%),9/18 (50%),60%,15,7,,10,,3,,,,,9
9643555,52,37466,NORMAL,REGULAR,Round 27,LEAGUE,24759,Yeni Malatyaspor,Visita,1ST,27/02/2022,27,0,49%,0.00,0,3,1,2,,209,8,3,0,,2,0,1,0,2,1,0,0,0,,1,1,162,5,22,,10/22 (45%),1/11 (9%),42%,3,14/31 (45%),5/14 (36%),3/5 (60%),63%,8,4,,6,,1,,,,,6
9643555,52,37466,NORMAL,REGULAR,Round 27,LEAGUE,24759,Yeni Malatyaspor,Visita,2ND,27/02/2022,27,,49%,0.00,3,11,2,2,,226,7,5,0,,5,0,5,1,7,4,2,1,0,,2,1,176,11,39,,13/22 (59%),4/9 (44%),57%,5,18/36 (50%),7/8 (88%),6/13 (46%),57%,7,3,,4,,2,,,,,3
9643574,52,37466,NORMAL,REGULAR,Round 28,LEAGUE,24759,Yeni Malatyaspor,Local,ALL,04/03/2022,28,1,43%,0.00,0,15,2,5,13,405,16,11,1,,5,1,5,5,7,8,,0,,,0,1,324,10,53,,43/81 (53%),7/23 (30%),51%,5,32/65 (49%),17/32 (53%),5/8 (63%),63%,16,9,,34,,2,,,,,15
9643574,52,37466,NORMAL,REGULAR,Round 28,LEAGUE,24759,Yeni Malatyaspor,Local,1ST,04/03/2022,28,0,46%,0.00,0,11,1,4,,216,7,4,0,,3,0,4,4,6,5,,0,,,0,1,174,5,29,,22/38 (58%),6/16 (38%),54%,2,15/29 (52%),10/17 (59%),4/6 (67%),43%,7,8,,14,,1,,,,,9
9643574,52,37466,NORMAL,REGULAR,Round 28,LEAGUE,24759,Yeni Malatyaspor,Local,2ND,04/03/2022,28,,40%,0.00,0,4,1,1,,189,9,7,1,,2,1,1,1,1,3,,0,,,0,0,150,5,24,,21/43 (49%),1/7 (14%),47%,3,17/36 (47%),7/15 (47%),1/2 (50%),78%,9,1,,20,,1,,,,,6
9643574,52,37466,NORMAL,REGULAR,Round 28,LEAGUE,3101,Adana Demirspor,Visita,ALL,04/03/2022,28,0,57%,0.00,2,20,4,6,11,537,8,12,0,,2,0,10,8,6,14,,2,,,3,0,453,16,72,,22/47 (47%),5/27 (19%),49%,12,33/65 (51%),15/32 (47%),13/17 (76%),50%,8,9,,11,,4,,,,,6
9643574,52,37466,NORMAL,REGULAR,Round 28,LEAGUE,3101,Adana Demirspor,Visita,1ST,04/03/2022,28,0,54%,0.00,1,10,3,3,,262,4,3,0,,1,0,6,3,2,8,,1,,,2,0,216,6,31,,16/29 (55%),1/9 (11%),46%,5,14/29 (48%),7/17 (41%),7/9 (78%),50%,4,3,,9,,3,,,,,5
9643574,52,37466,NORMAL,REGULAR,Round 28,LEAGUE,3101,Adana Demirspor,Visita,2ND,04/03/2022,28,,60%,0.00,1,10,1,3,,275,4,9,0,,1,0,4,5,4,6,,1,,,1,0,237,10,41,,6/18 (33%),4/18 (22%),53%,7,19/36 (53%),8/15 (53%),6/8 (75%),50%,4,6,,2,,1,,,,,1
9644101,52,37466,NORMAL,REGULAR,Round 29,LEAGUE,3070,Altay,Local,ALL,12/03/2022,29,1,53%,0.00,3,8,1,3,16,471,18,11,4,,1,1,5,2,4,4,1,2,0,,3,3,391,17,49,,15/38 (39%),4/18 (22%),47%,10,36/80 (45%),9/15 (60%),7/17 (41%),67%,18,11,,10,,1,,,,,6
9644101,52,37466,NORMAL,REGULAR,Round 29,LEAGUE,3070,Altay,Local,1ST,12/03/2022,29,1,56%,0.00,2,4,0,1,,261,5,7,0,,1,0,3,0,2,2,1,1,0,,3,2,219,6,25,,3/14 (21%),2/11 (18%),45%,4,14/32 (44%),3/6 (50%),2/4 (50%),60%,5,3,,4,,0,,,,,2
9644101,52,37466,NORMAL,REGULAR,Round 29,LEAGUE,3070,Altay,Local,2ND,12/03/2022,29,,50%,0.00,1,4,1,2,,210,13,4,4,,0,1,2,2,2,2,0,1,0,,0,1,172,11,24,,12/24 (50%),2/7 (29%),49%,6,22/48 (46%),6/9 (67%),5/13 (38%),69%,13,8,,6,,1,,,,,4
9644101,52,37466,NORMAL,REGULAR,Round 29,LEAGUE,24759,Yeni Malatyaspor,Visita,ALL,12/03/2022,29,0,47%,0.00,1,6,0,2,13,423,20,15,4,,1,0,3,2,4,2,0,1,1,,2,4,343,13,63,,31/69 (45%),4/14 (29%),53%,14,44/80 (55%),6/15 (40%),9/13 (69%),55%,20,13,,17,,0,,,,,8
9644101,52,37466,NORMAL,REGULAR,Round 29,LEAGUE,24759,Yeni Malatyaspor,Visita,1ST,12/03/2022,29,0,44%,0.00,1,2,0,1,,209,6,5,3,,0,0,1,1,2,0,0,1,1,,0,2,170,6,21,,12/30 (40%),1/5 (20%),55%,5,18/32 (56%),3/6 (50%),7/7 (100%),67%,6,9,,10,,0,,,,,4
9644101,52,37466,NORMAL,REGULAR,Round 29,LEAGUE,24759,Yeni Malatyaspor,Visita,2ND,12/03/2022,29,,50%,0.00,0,4,0,1,,214,14,10,1,,1,0,2,1,2,2,0,0,0,,2,2,173,7,42,,19/39 (49%),3/9 (33%),51%,9,26/48 (54%),3/9 (33%),2/6 (33%),50%,14,4,,7,,0,,,,,4
9643531,52,37466,NORMAL,REGULAR,Round 30,LEAGUE,24759,Yeni Malatyaspor,Local,ALL,19/03/2022,30,0,37%,0.00,2,8,4,3,11,323,11,15,1,,2,1,4,2,6,2,0,2,0,,1,3,237,20,54,,25/64 (39%),2/5 (40%),51%,7,33/62 (53%),7/16 (44%),7/13 (54%),55%,11,17,,14,,4,,,,,10
9643531,52,37466,NORMAL,REGULAR,Round 30,LEAGUE,24759,Yeni Malatyaspor,Local,1ST,19/03/2022,30,0,40%,0.00,1,5,1,3,,173,3,9,0,,2,0,2,1,5,0,0,1,0,,0,2,128,7,30,,14/32 (44%),2/4 (50%),46%,4,14/29 (48%),5/12 (42%),2/6 (33%),100%,3,12,,7,,1,,,,,5
9643531,52,37466,NORMAL,REGULAR,Round 30,LEAGUE,24759,Yeni Malatyaspor,Local,2ND,19/03/2022,30,,35%,0.00,1,3,3,0,,150,8,6,1,,0,1,2,1,1,2,0,1,0,,1,1,109,13,24,,11/32 (34%),0/1 (0%),57%,3,19/33 (58%),2/4 (50%),5/7 (71%),38%,8,5,,7,,3,,,,,5
9643531,52,37466,NORMAL,REGULAR,Round 30,LEAGUE,6063,Kasımpaşa,Visita,ALL,19/03/2022,30,2,63%,0.00,4,14,2,4,15,532,13,10,0,,6,2,5,3,12,2,1,3,3,,1,1,443,19,53,,34/62 (55%),5/17 (29%),49%,4,29/62 (47%),9/16 (56%),6/13 (46%),77%,13,16,,14,,2,,,,,3
9643531,52,37466,NORMAL,REGULAR,Round 30,LEAGUE,6063,Kasımpaşa,Visita,1ST,19/03/2022,30,0,60%,0.00,2,6,2,1,,252,8,5,0,,1,2,3,2,5,1,0,2,1,,0,0,210,11,25,,18/26 (69%),2/9 (22%),54%,2,15/29 (52%),7/12 (58%),2/3 (67%),75%,8,10,,10,,2,,,,,2
9643531,52,37466,NORMAL,REGULAR,Round 30,LEAGUE,6063,Kasımpaşa,Visita,2ND,19/03/2022,30,,65%,0.00,2,8,0,3,,280,5,5,0,,5,0,2,1,7,1,1,1,2,,1,1,233,8,28,,16/36 (44%),3/8 (38%),43%,2,14/33 (42%),2/4 (50%),4/10 (40%),80%,5,6,,4,,0,,,,,1
9643516,52,37466,NORMAL,REGULAR,Round 31,LEAGUE,3086,Başakşehir FK,Local,ALL,04/04/2022,31,1,56%,0.00,10,28,2,12,17,544,15,10,0,,11,3,12,5,20,8,,10,,,2,1,487,12,55,,21/38 (55%),7/26 (27%),42%,6,34/79 (43%),7/18 (39%),9/14 (64%),53%,15,4,,7,,2,,,,,3
9643516,52,37466,NORMAL,REGULAR,Round 31,LEAGUE,3086,Başakşehir FK,Local,1ST,04/04/2022,31,1,61%,0.00,5,16,2,8,,265,8,6,0,,7,0,6,3,13,3,,5,,,0,1,244,3,29,,12/16 (75%),5/17 (29%),46%,3,19/42 (45%),4/8 (50%),5/8 (63%),50%,8,2,,3,,2,,,,,0
9643516,52,37466,NORMAL,REGULAR,Round 31,LEAGUE,3086,Başakşehir FK,Local,2ND,04/04/2022,31,,53%,0.00,5,12,0,4,,279,7,4,0,,4,3,6,2,7,5,,5,,,2,0,243,9,26,,9/22 (41%),2/9 (22%),38%,3,15/37 (41%),3/10 (30%),4/6 (67%),57%,7,2,,4,,0,,,,,3
9643516,52,37466,NORMAL,REGULAR,Round 31,LEAGUE,24759,Yeni Malatyaspor,Visita,ALL,04/04/2022,31,0,44%,0.00,0,7,10,1,12,432,11,17,1,,2,1,2,3,2,5,,0,,,1,3,361,17,46,,26/51 (51%),4/10 (40%),58%,7,45/79 (57%),11/18 (61%),17/25 (68%),55%,11,11,,19,,10,,,,,15
9643516,52,37466,NORMAL,REGULAR,Round 31,LEAGUE,24759,Yeni Malatyaspor,Visita,1ST,04/04/2022,31,0,39%,0.00,0,3,6,1,,180,6,10,0,,2,0,0,1,1,2,,0,,,1,1,147,10,26,,12/21 (57%),2/4 (50%),54%,3,23/42 (55%),4/8 (50%),7/12 (58%),50%,6,3,,14,,6,,,,,8
9643516,52,37466,NORMAL,REGULAR,Round 31,LEAGUE,24759,Yeni Malatyaspor,Visita,2ND,04/04/2022,31,,47%,0.00,0,4,4,0,,252,5,7,1,,0,1,2,2,1,3,,0,,,0,2,214,7,20,,14/30 (47%),2/6 (33%),62%,4,22/37 (59%),7/10 (70%),10/13 (77%),60%,5,8,,5,,4,,,,,7
9643596,52,37466,NORMAL,REGULAR,Round 32,LEAGUE,24759,Yeni Malatyaspor,Local,ALL,10/04/2022,32,0,47%,0.00,1,10,2,4,12,374,11,17,3,,4,1,5,1,5,5,,1,1,,4,2,294,24,57,,33/64 (52%),4/20 (20%),49%,8,39/79 (49%),14/29 (48%),11/27 (41%),64%,11,5,,12,,2,,,,,11
9643596,52,37466,NORMAL,REGULAR,Round 32,LEAGUE,24759,Yeni Malatyaspor,Local,1ST,10/04/2022,32,0,43%,0.00,1,6,1,3,,176,5,5,1,,3,1,3,0,2,4,,1,1,,1,2,136,12,28,,16/28 (57%),1/11 (9%),47%,3,14/29 (48%),6/14 (43%),4/12 (33%),80%,5,3,,6,,1,,,,,6
9643596,52,37466,NORMAL,REGULAR,Round 32,LEAGUE,24759,Yeni Malatyaspor,Local,2ND,10/04/2022,32,,52%,0.00,0,4,1,1,,198,6,12,2,,1,0,2,1,3,1,,0,0,,3,0,158,12,29,,17/36 (47%),3/9 (33%),51%,5,25/50 (50%),8/15 (53%),7/15 (47%),50%,6,2,,6,,1,,,,,5
9643596,52,37466,NORMAL,REGULAR,Round 32,LEAGUE,5765,Giresunspor,Visita,ALL,10/04/2022,32,1,53%,0.00,2,12,5,4,18,424,24,10,1,,4,0,6,2,10,2,,2,0,,2,1,341,14,56,,27/57 (47%),2/13 (15%),51%,4,40/79 (51%),15/29 (52%),6/13 (46%),58%,24,9,,14,,5,,,,,10
9643596,52,37466,NORMAL,REGULAR,Round 32,LEAGUE,5765,Giresunspor,Visita,1ST,10/04/2022,32,1,57%,0.00,1,6,3,2,,239,11,3,0,,2,0,3,1,5,1,,1,0,,1,0,196,6,33,,12/26 (46%),2/7 (29%),53%,3,15/29 (52%),8/14 (57%),1/3 (33%),64%,11,3,,7,,3,,,,,4
9643596,52,37466,NORMAL,REGULAR,Round 32,LEAGUE,5765,Giresunspor,Visita,2ND,10/04/2022,32,,48%,0.00,1,6,2,2,,185,13,7,1,,2,0,3,1,5,1,,1,0,,1,1,145,8,23,,15/31 (48%),0/6 (0%),49%,1,25/50 (50%),7/15 (47%),5/10 (50%),54%,13,6,,7,,2,,,,,6
9644121,52,37466,NORMAL,REGULAR,Round 33,LEAGUE,3061,Galatasaray,Local,ALL,18/04/2022,33,2,66%,0.00,6,19,7,6,10,559,15,8,1,,10,0,8,1,13,6,2,4,5,,1,4,489,24,58,,27/41 (66%),8/21 (38%),59%,6,39/66 (59%),8/14 (57%),16/23 (70%),60%,15,17,,11,,7,,,,,4
9644121,52,37466,NORMAL,REGULAR,Round 33,LEAGUE,3061,Galatasaray,Local,1ST,18/04/2022,33,0,66%,0.00,1,7,1,5,,272,6,4,1,,3,0,3,1,4,3,0,1,2,,1,1,238,13,33,,14/21 (67%),5/14 (36%),61%,5,21/36 (58%),6/8 (75%),11/14 (79%),33%,6,10,,7,,1,,,,,2
9644121,52,37466,NORMAL,REGULAR,Round 33,LEAGUE,3061,Galatasaray,Local,2ND,18/04/2022,33,,65%,0.00,5,12,6,1,,287,9,4,0,,7,0,5,0,9,3,2,3,3,,0,3,251,11,25,,13/20 (65%),3/7 (43%),56%,1,18/30 (60%),2/6 (33%),5/9 (56%),78%,9,7,,4,,6,,,,,2
9644121,52,37466,NORMAL,REGULAR,Round 33,LEAGUE,24759,Yeni Malatyaspor,Visita,ALL,18/04/2022,33,0,34%,0.00,1,15,7,3,9,295,13,8,2,,8,0,4,3,12,3,0,1,3,,0,2,221,15,37,,16/49 (33%),2/8 (25%),41%,8,27/66 (41%),6/14 (43%),8/15 (53%),54%,13,20,,17,,7,,,,,10
9644121,52,37466,NORMAL,REGULAR,Round 33,LEAGUE,24759,Yeni Malatyaspor,Visita,1ST,18/04/2022,33,0,34%,0.00,1,6,2,2,,142,8,4,1,,2,0,2,2,4,2,0,1,3,,0,1,102,11,20,,7/23 (30%),0/3 (0%),39%,3,15/36 (42%),2/8 (25%),3/6 (50%),63%,8,12,,10,,2,,,,,2
9644121,52,37466,NORMAL,REGULAR,Round 33,LEAGUE,24759,Yeni Malatyaspor,Visita,2ND,18/04/2022,33,,35%,0.00,0,9,5,1,,153,5,4,1,,6,0,2,1,8,1,0,0,0,,0,1,119,4,17,,9/26 (35%),2/5 (40%),44%,5,12/30 (40%),4/6 (67%),5/9 (56%),40%,5,8,,7,,5,,,,,8
9644129,52,37466,NORMAL,REGULAR,Round 34,LEAGUE,24759,Yeni Malatyaspor,Local,ALL,24/04/2022,34,2,36%,0.00,1,11,4,1,9,274,7,11,2,1,5,0,6,0,9,2,1,0,0,,2,1,219,23,41,,31/57 (54%),4/11 (36%),46%,2,24/58 (41%),9/14 (64%),6/19 (32%),43%,7,12,,19,,4,,,,,8
9644129,52,37466,NORMAL,REGULAR,Round 34,LEAGUE,24759,Yeni Malatyaspor,Local,1ST,24/04/2022,34,0,45%,0.00,0,4,2,1,,174,2,6,1,1,2,0,2,0,3,1,0,0,0,,0,1,145,8,21,,17/27 (63%),3/8 (38%),41%,1,11/27 (41%),3/7 (43%),3/9 (33%),50%,2,6,,8,,2,,,,,5
9644129,52,37466,NORMAL,REGULAR,Round 34,LEAGUE,24759,Yeni Malatyaspor,Local,2ND,24/04/2022,34,,26%,0.00,1,7,2,0,,100,5,5,1,0,3,0,4,0,6,1,1,0,0,,2,0,74,15,20,,14/30 (47%),1/3 (33%),50%,1,13/31 (42%),6/7 (86%),3/10 (30%),40%,5,6,,11,,2,,,,,3
9644129,52,37466,NORMAL,REGULAR,Round 34,LEAGUE,3085,Konyaspor,Visita,ALL,24/04/2022,34,3,64%,0.00,2,13,3,10,11,485,15,8,2,0,7,1,5,1,6,7,1,1,1,,3,3,431,10,47,,24/42 (57%),6/24 (25%),54%,4,34/58 (59%),5/14 (36%),11/14 (79%),80%,15,6,,7,,3,,,,,7
9644129,52,37466,NORMAL,REGULAR,Round 34,LEAGUE,3085,Konyaspor,Visita,1ST,24/04/2022,34,2,55%,0.00,0,7,2,5,,208,7,4,1,0,4,1,3,0,3,4,0,0,1,,1,1,177,5,22,,11/22 (50%),3/10 (30%),59%,1,16/27 (59%),4/7 (57%),5/6 (83%),71%,7,4,,4,,2,,,,,2
9644129,52,37466,NORMAL,REGULAR,Round 34,LEAGUE,3085,Konyaspor,Visita,2ND,24/04/2022,34,,74%,0.00,2,6,1,5,,277,8,4,1,0,3,0,2,1,3,3,1,1,0,,2,2,254,5,25,,13/20 (65%),3/14 (21%),50%,3,18/31 (58%),1/7 (14%),6/8 (75%),88%,8,2,,3,,1,,,,,5
9643549,52,37466,NORMAL,REGULAR,Round 35,LEAGUE,6362,Alanyaspor,Local,ALL,01/05/2022,35,2,79%,0.00,2,40,2,17,15,580,9,10,2,0,11,2,19,10,24,16,1,1,,,2,0,520,23,83,,20/27 (74%),12/51 (24%),40%,11,27/65 (42%),11/29 (38%),8/12 (67%),56%,9,4,,4,,2,,,,,5
9643549,52,37466,NORMAL,REGULAR,Round 35,LEAGUE,6362,Alanyaspor,Local,1ST,01/05/2022,35,0,77%,0.00,1,16,1,12,,256,5,4,0,0,5,2,9,2,13,3,0,1,,,2,0,229,10,40,,11/16 (69%),8/35 (23%),40%,6,15/34 (44%),4/13 (31%),6/8 (75%),80%,5,1,,1,,1,,,,,4
9643549,52,37466,NORMAL,REGULAR,Round 35,LEAGUE,6362,Alanyaspor,Local,2ND,01/05/2022,35,2,81%,0.00,1,24,1,5,,324,4,6,2,0,6,0,10,8,11,13,1,0,,,0,0,291,13,43,,9/11 (82%),4/16 (25%),40%,5,12/31 (39%),7/16 (44%),2/4 (50%),25%,4,3,,3,,1,,,,,1
9643549,52,37466,NORMAL,REGULAR,Round 35,LEAGUE,24759,Yeni Malatyaspor,Visita,ALL,01/05/2022,35,1,21%,0.00,0,4,9,2,11,162,15,14,1,1,3,0,1,0,1,3,0,0,,,3,3,80,12,39,,24/74 (32%),0/5 (0%),60%,5,38/65 (58%),18/29 (62%),9/13 (69%),53%,15,5,,35,,9,,,,,18
9643549,52,37466,NORMAL,REGULAR,Round 35,LEAGUE,24759,Yeni Malatyaspor,Visita,1ST,01/05/2022,35,1,23%,0.00,0,3,5,1,,84,8,7,1,1,2,0,1,0,1,2,0,0,,,1,1,41,6,21,,13/39 (33%),0/2 (0%),60%,3,19/34 (56%),9/13 (69%),4/6 (67%),50%,8,5,,20,,5,,,,,9
9643549,52,37466,NORMAL,REGULAR,Round 35,LEAGUE,24759,Yeni Malatyaspor,Visita,2ND,01/05/2022,35,0,19%,0.00,0,1,4,1,,78,7,7,0,0,1,0,0,0,0,1,0,0,,,2,2,39,6,18,,11/35 (31%),0/3 (0%),60%,2,19/31 (61%),9/16 (56%),5/7 (71%),57%,7,0,,15,,4,,,,,9
9643540,52,37466,NORMAL,REGULAR,Round 36,LEAGUE,24759,Yeni Malatyaspor,Local,ALL,08/05/2022,36,1,37%,0.00,2,13,5,4,9,358,13,10,1,,2,1,7,4,7,6,1,1,1,,0,4,305,19,50,,26/44 (59%),6/14 (43%),51%,7,33/65 (51%),9/18 (50%),11/19 (58%),62%,13,9,,17,,5,,,,,5
9643540,52,37466,NORMAL,REGULAR,Round 36,LEAGUE,24759,Yeni Malatyaspor,Local,1ST,08/05/2022,36,1,31%,0.00,1,5,3,2,,172,5,5,0,,1,1,3,1,2,3,1,0,1,,0,3,144,9,23,,11/23 (48%),1/3 (33%),41%,2,12/27 (44%),1/5 (20%),2/5 (40%),40%,5,5,,8,,3,,,,,4
9643540,52,37466,NORMAL,REGULAR,Round 36,LEAGUE,24759,Yeni Malatyaspor,Local,2ND,08/05/2022,36,0,45%,0.00,1,8,2,2,,186,8,5,1,,1,0,4,3,5,3,0,1,0,,0,1,161,10,27,,15/21 (71%),5/11 (45%),57%,5,21/38 (55%),8/13 (62%),9/14 (64%),75%,8,4,,9,,2,,,,,1
9643540,52,37466,NORMAL,REGULAR,Round 36,LEAGUE,3064,Çaykur Rizespor,Visita,ALL,08/05/2022,36,3,63%,0.00,5,12,1,6,11,601,15,7,2,,8,0,2,2,10,2,2,3,1,,3,5,536,15,54,,27/44 (61%),8/23 (35%),49%,5,32/65 (49%),9/18 (50%),11/19 (58%),87%,15,5,,9,,1,,,,,9
9643540,52,37466,NORMAL,REGULAR,Round 36,LEAGUE,3064,Çaykur Rizespor,Visita,1ST,08/05/2022,36,2,69%,0.00,3,7,0,1,,372,5,4,1,,5,0,1,1,6,1,1,2,0,,3,2,338,8,38,,17/22 (77%),4/13 (31%),59%,1,15/27 (56%),4/5 (80%),7/11 (64%),60%,5,3,,2,,0,,,,,4
9643540,52,37466,NORMAL,REGULAR,Round 36,LEAGUE,3064,Çaykur Rizespor,Visita,2ND,08/05/2022,36,1,55%,0.00,2,5,1,5,,229,10,3,1,,3,0,1,1,4,1,1,1,1,,0,3,198,7,16,,10/22 (45%),4/10 (40%),43%,4,17/38 (45%),5/13 (38%),4/8 (50%),100%,10,2,,7,,1,,,,,5
9643582,52,37466,NORMAL,REGULAR,Round 37,LEAGUE,3072,Kayserispor,Local,ALL,14/05/2022,37,3,59%,0.00,2,11,3,6,16,514,25,18,1,,6,0,4,1,6,5,1,1,,,1,1,429,19,46,,20/43 (47%),4/9 (44%),54%,12,54/98 (55%),8/17 (47%),11/20 (55%),64%,25,6,,8,,3,,,,,9
9643582,52,37466,NORMAL,REGULAR,Round 37,LEAGUE,3072,Kayserispor,Local,1ST,14/05/2022,37,2,59%,0.00,1,7,3,4,,251,12,8,1,,5,0,2,0,3,4,0,1,,,1,1,210,8,25,,10/21 (48%),4/7 (57%),60%,4,25/42 (60%),5/8 (63%),5/7 (71%),83%,12,2,,4,,3,,,,,2
9643582,52,37466,NORMAL,REGULAR,Round 37,LEAGUE,3072,Kayserispor,Local,2ND,14/05/2022,37,1,59%,0.00,1,4,0,2,,263,13,10,0,,1,0,2,1,3,1,1,0,,,0,0,219,11,21,,10/22 (45%),0/2 (0%),49%,8,29/56 (52%),3/9 (33%),6/13 (46%),46%,13,4,,4,,0,,,,,7
9643582,52,37466,NORMAL,REGULAR,Round 37,LEAGUE,24759,Yeni Malatyaspor,Visita,ALL,14/05/2022,37,0,41%,0.00,0,12,3,1,19,356,21,15,3,,3,0,5,4,2,10,0,0,,,1,1,302,17,41,,20/45 (44%),1/6 (17%),46%,9,44/98 (45%),9/17 (53%),8/24 (33%),62%,21,14,,14,,3,,,,,7
9643582,52,37466,NORMAL,REGULAR,Round 37,LEAGUE,24759,Yeni Malatyaspor,Visita,1ST,14/05/2022,37,0,41%,0.00,0,9,3,1,,177,6,7,0,,3,0,2,4,2,7,0,0,,,0,1,153,8,20,,11/26 (42%),1/3 (33%),40%,5,17/42 (40%),3/8 (38%),4/11 (36%),50%,6,4,,11,,3,,,,,2
9643582,52,37466,NORMAL,REGULAR,Round 37,LEAGUE,24759,Yeni Malatyaspor,Visita,2ND,14/05/2022,37,0,41%,0.00,0,3,0,0,,179,15,8,3,,0,0,3,0,0,3,0,0,,,1,0,149,9,21,,9/19 (47%),0/3 (0%),51%,4,27/56 (48%),6/9 (67%),4/13 (31%),67%,15,10,,3,,0,,,,,5
9643524,52,37466,NORMAL,REGULAR,Round 38,LEAGUE,24759,Yeni Malatyaspor,Local,ALL,21/05/2022,38,0,31%,0.00,2,7,8,0,8,281,12,7,1,1,4,1,2,1,5,2,0,2,1,,1,1,224,10,29,,19/43 (44%),0/2 (0%),43%,4,29/70 (41%),4/6 (67%),10/20 (50%),50%,12,8,,15,,8,,,,,9
9643524,52,37466,NORMAL,REGULAR,Round 38,LEAGUE,24759,Yeni Malatyaspor,Local,1ST,21/05/2022,38,0,27%,0.00,2,6,4,0,,109,7,3,1,1,3,1,2,1,5,1,0,2,1,,0,1,79,7,16,,12/27 (44%),0/1 (0%),53%,1,14/28 (50%),3/4 (75%),4/9 (44%),57%,7,5,,8,,4,,,,,5
9643524,52,37466,NORMAL,REGULAR,Round 38,LEAGUE,24759,Yeni Malatyaspor,Local,2ND,21/05/2022,38,0,35%,0.00,0,1,4,0,,172,5,4,0,0,1,0,0,0,0,1,0,0,0,,1,0,145,3,13,,7/16 (44%),0/1 (0%),36%,3,15/42 (36%),1/2 (50%),6/11 (55%),40%,5,3,,7,,4,,,,,4
9643524,52,37466,NORMAL,REGULAR,Round 38,LEAGUE,3052,Fenerbahçe,Visita,ALL,21/05/2022,38,5,69%,0.00,8,29,4,10,8,614,14,8,3,0,12,1,8,9,21,8,3,5,0,,2,2,571,18,66,,22/31 (71%),7/22 (32%),57%,3,41/70 (59%),2/6 (33%),19/28 (68%),57%,14,8,,3,,4,,,,,2
9643524,52,37466,NORMAL,REGULAR,Round 38,LEAGUE,3052,Fenerbahçe,Visita,1ST,21/05/2022,38,1,73%,0.00,5,12,3,6,,294,6,2,2,0,5,1,4,3,10,2,0,5,0,,1,1,272,10,28,,10/15 (67%),6/14 (43%),47%,2,14/28 (50%),1/4 (25%),6/11 (55%),33%,6,3,,1,,3,,,,,1
9643524,52,37466,NORMAL,REGULAR,Round 38,LEAGUE,3052,Fenerbahçe,Visita,2ND,21/05/2022,38,4,65%,0.00,3,17,1,4,,320,8,6,1,0,7,0,4,6,11,6,3,0,0,,1,1,299,8,38,,12/16 (75%),1/8 (13%),64%,1,27/42 (64%),1/2 (50%),13/17 (76%),75%,8,5,,2,,1,,,,,1
10440877,98,42678,NORMAL,REGULAR,Round 1,LEAGUE,202390,Bodrum FK,Local,ALL,14/08/2022,1,3,52%,0.00,7,18,1,7,16,386,23,13,1,,7,1,8,3,15,3,3,4,3,,3,1,321,19,55,,30/56 (54%),10/33 (30%),51%,11,47/88 (53%),8/20 (40%),11/20 (55%),65%,23,16,,13,,1,,,,,6
10440877,98,42678,NORMAL,REGULAR,Round 1,LEAGUE,202390,Bodrum FK,Local,1ST,14/08/2022,1,3,59%,0.00,4,11,1,4,,214,12,7,0,,6,0,4,1,9,2,3,1,1,,1,1,182,9,29,,18/30 (60%),7/21 (33%),60%,3,26/42 (62%),4/8 (50%),7/15 (47%),50%,12,5,,7,,1,,,,,1
10440877,98,42678,NORMAL,REGULAR,Round 1,LEAGUE,202390,Bodrum FK,Local,2ND,14/08/2022,1,0,45%,0.00,3,7,0,3,,172,11,6,1,,1,1,4,2,6,1,0,3,2,,2,0,139,10,26,,12/26 (46%),3/12 (25%),43%,8,21/46 (46%),4/12 (33%),4/5 (80%),82%,11,11,,6,,0,,,,,5
10440877,98,42678,NORMAL,REGULAR,Round 1,LEAGUE,24759,Yeni Malatyaspor,Visita,ALL,14/08/2022,1,1,48%,0.00,0,5,4,2,15,388,20,16,3,,2,0,3,0,1,4,0,0,0,,1,1,301,33,35,,29/60 (48%),2/5 (40%),49%,8,41/88 (47%),12/20 (60%),5/20 (25%),60%,20,8,,21,,4,,,,,13
10440877,98,42678,NORMAL,REGULAR,Round 1,LEAGUE,24759,Yeni Malatyaspor,Visita,1ST,14/08/2022,1,0,41%,0.00,0,2,3,2,,161,11,5,1,,1,0,1,0,1,1,0,0,0,,0,0,122,15,13,,10/25 (40%),2/4 (50%),40%,4,16/42 (38%),4/8 (50%),0/8 (0%),55%,11,3,,13,,3,,,,,7
10440877,98,42678,NORMAL,REGULAR,Round 1,LEAGUE,24759,Yeni Malatyaspor,Visita,2ND,14/08/2022,1,1,55%,0.00,0,3,1,0,,227,9,11,2,,1,0,2,0,0,3,0,0,0,,1,1,179,18,22,,19/35 (54%),0/1 (0%),57%,4,25/46 (54%),8/12 (67%),5/12 (42%),67%,9,5,,8,,1,,,,,6
10440893,98,42678,NORMAL,REGULAR,Round 2,LEAGUE,24759,Yeni Malatyaspor,Local,ALL,21/08/2022,2,1,51%,0.00,4,17,1,9,6,351,15,11,1,,6,2,10,1,10,7,1,3,1,,3,,270,26,55,,26/58 (45%),6/19 (32%),54%,12,36/67 (54%),13/24 (54%),10/17 (59%),73%,15,11,,22,,1,,,,,11
10440893,98,42678,NORMAL,REGULAR,Round 2,LEAGUE,24759,Yeni Malatyaspor,Local,1ST,21/08/2022,2,0,55%,0.00,0,7,0,4,,204,9,4,0,,3,1,3,1,4,3,0,0,0,,0,,162,14,31,,17/34 (50%),1/9 (11%),64%,6,20/33 (61%),5/6 (83%),7/13 (54%),67%,9,7,,14,,0,,,,,5
10440893,98,42678,NORMAL,REGULAR,Round 2,LEAGUE,24759,Yeni Malatyaspor,Local,2ND,21/08/2022,2,1,46%,0.00,4,10,1,5,,147,6,7,1,,3,1,7,0,6,4,1,3,1,,3,,108,12,24,,9/24 (38%),5/10 (50%),46%,6,16/34 (47%),8/18 (44%),3/4 (75%),83%,6,4,,8,,1,,,,,6
10440893,98,42678,NORMAL,REGULAR,Round 2,LEAGUE,3069,Adanaspor,Visita,ALL,21/08/2022,2,1,49%,0.00,2,8,5,8,13,340,19,6,3,,2,0,5,1,7,1,1,1,0,,2,,254,30,61,,33/69 (48%),4/17 (24%),46%,9,31/67 (46%),11/24 (46%),6/12 (50%),79%,19,12,,18,,5,,,,,14
10440893,98,42678,NORMAL,REGULAR,Round 2,LEAGUE,3069,Adanaspor,Visita,1ST,21/08/2022,2,1,45%,0.00,2,4,3,3,,163,12,1,0,,1,0,3,0,3,1,1,1,0,,0,,120,18,31,,17/35 (49%),2/8 (25%),36%,5,13/33 (39%),1/6 (17%),0/4 (0%),83%,12,2,,10,,3,,,,,6
10440893,98,42678,NORMAL,REGULAR,Round 2,LEAGUE,3069,Adanaspor,Visita,2ND,21/08/2022,2,0,54%,0.00,0,4,2,5,,177,7,5,3,,1,0,2,1,4,0,0,0,0,,2,,134,12,30,,16/34 (47%),2/9 (22%),54%,4,18/34 (53%),10/18 (56%),6/8 (75%),71%,7,10,,8,,2,,,,,8
10440909,98,42678,NORMAL,REGULAR,Round 3,LEAGUE,7040,Eyüpspor,Local,ALL,26/08/2022,3,3,61%,0.00,1,17,2,9,5,397,17,13,1,,6,0,7,4,10,7,1,,,,8,0,329,21,57,,38/56 (68%),3/19 (16%),61%,5,39/64 (61%),15/25 (60%),9/18 (50%),65%,17,12,,6,,2,,,,,9
10440909,98,42678,NORMAL,REGULAR,Round 3,LEAGUE,7040,Eyüpspor,Local,1ST,26/08/2022,3,1,64%,0.00,0,5,2,2,,190,9,6,0,,2,0,2,1,4,1,0,,,,2,0,163,16,21,,22/29 (76%),2/6 (33%),57%,2,19/32 (59%),5/10 (50%),4/9 (44%),67%,9,4,,2,,2,,,,,3
10440909,98,42678,NORMAL,REGULAR,Round 3,LEAGUE,7040,Eyüpspor,Local,2ND,26/08/2022,3,2,59%,0.00,1,12,0,7,,207,8,7,1,,4,0,5,3,6,6,1,,,,6,0,166,5,36,,16/27 (59%),1/13 (8%),64%,3,20/32 (63%),10/15 (67%),5/9 (56%),63%,8,8,,4,,0,,,,,6
10440909,98,42678,NORMAL,REGULAR,Round 3,LEAGUE,24759,Yeni Malatyaspor,Visita,ALL,26/08/2022,3,2,39%,0.00,0,14,3,4,14,253,14,5,4,,4,0,5,5,6,8,0,,,,1,2,182,16,47,,29/65 (45%),2/10 (20%),39%,8,25/64 (39%),10/25 (40%),6/15 (40%),71%,14,14,,17,,3,,,,,10
10440909,98,42678,NORMAL,REGULAR,Round 3,LEAGUE,24759,Yeni Malatyaspor,Visita,1ST,26/08/2022,3,1,36%,0.00,0,6,1,2,,107,7,1,0,,3,0,2,1,2,4,0,,,,1,2,78,12,21,,14/28 (50%),1/3 (33%),43%,7,13/32 (41%),5/10 (50%),5/7 (71%),86%,7,6,,5,,1,,,,,5
10440909,98,42678,NORMAL,REGULAR,Round 3,LEAGUE,24759,Yeni Malatyaspor,Visita,2ND,26/08/2022,3,1,41%,0.00,0,8,2,2,,146,7,4,4,,1,0,3,4,4,4,0,,,,0,0,104,4,26,,15/37 (41%),1/7 (14%),36%,1,12/32 (38%),5/15 (33%),1/8 (13%),57%,7,8,,12,,2,,,,,5
10440923,98,42678,NORMAL,REGULAR,Round 4,LEAGUE,24759,Yeni Malatyaspor,Local,ALL,03/09/2022,4,0,32%,0.00,0,5,2,0,8,241,9,12,2,2,0,0,5,0,2,3,0,0,,,1,2,175,24,38,,20/53 (38%),2/6 (33%),38%,13,30/63 (48%),1/18 (6%),9/17 (53%),67%,9,12,,17,,2,,,,,11
10440923,98,42678,NORMAL,REGULAR,Round 4,LEAGUE,24759,Yeni Malatyaspor,Local,1ST,03/09/2022,4,0,41%,0.00,0,5,1,0,,162,8,6,0,1,0,0,5,0,2,3,0,0,,,1,1,123,13,28,,13/28 (46%),2/5 (40%),39%,8,18/39 (46%),1/10 (10%),4/7 (57%),63%,8,5,,11,,1,,,,,3
10440923,98,42678,NORMAL,REGULAR,Round 4,LEAGUE,24759,Yeni Malatyaspor,Local,2ND,03/09/2022,4,0,22%,0.00,0,0,1,0,,79,1,6,2,1,0,0,0,0,0,0,0,0,,,0,1,52,11,10,,7/25 (28%),0/1 (0%),38%,5,12/24 (50%),0/8 (0%),5/10 (50%),100%,1,7,,6,,1,,,,,8
10440923,98,42678,NORMAL,REGULAR,Round 4,LEAGUE,3064,Çaykur Rizespor,Visita,ALL,03/09/2022,4,4,68%,0.00,6,13,0,10,14,506,21,6,2,0,6,0,4,3,12,1,4,2,,,3,1,431,12,70,,27/46 (59%),6/24 (25%),62%,6,33/63 (52%),17/18 (94%),6/9 (67%),43%,21,12,,10,,0,,,,,7
10440923,98,42678,NORMAL,REGULAR,Round 4,LEAGUE,3064,Çaykur Rizespor,Visita,1ST,03/09/2022,4,1,59%,0.00,2,3,0,6,,234,11,5,0,0,2,0,1,0,3,0,1,1,,,1,0,189,8,22,,16/25 (64%),2/11 (18%),61%,6,21/39 (54%),9/10 (90%),5/7 (71%),55%,11,7,,7,,0,,,,,5
10440923,98,42678,NORMAL,REGULAR,Round 4,LEAGUE,3064,Çaykur Rizespor,Visita,2ND,03/09/2022,4,3,78%,0.00,4,10,0,4,,272,10,1,2,0,4,0,3,3,9,1,3,1,,,2,1,242,4,48,,11/21 (52%),4/13 (31%),62%,0,12/24 (50%),8/8 (100%),1/2 (50%),30%,10,5,,3,,0,,,,,2
10440954,98,42678,NORMAL,REGULAR,Round 5,LEAGUE,202391,Manisa FK,Local,ALL,11/09/2022,5,2,71%,0.00,1,17,4,10,10,424,29,13,4,0,4,0,6,7,6,11,1,0,,,3,0,341,19,76,,23/48 (48%),3/30 (10%),58%,8,48/87 (55%),12/17 (71%),6/16 (38%),66%,29,4,,21,,4,,,,,5
10440954,98,42678,NORMAL,REGULAR,Round 5,LEAGUE,202391,Manisa FK,Local,1ST,11/09/2022,5,0,72%,0.00,0,11,1,5,,223,15,5,0,0,1,0,5,5,2,9,0,0,,,0,0,177,15,44,,12/28 (43%),0/15 (0%),63%,3,22/34 (65%),3/6 (50%),2/6 (33%),67%,15,2,,9,,1,,,,,2
10440954,98,42678,NORMAL,REGULAR,Round 5,LEAGUE,202391,Manisa FK,Local,2ND,11/09/2022,5,2,70%,0.00,1,6,3,5,,201,14,8,4,0,3,0,1,2,4,2,1,0,,,3,0,164,4,32,,11/20 (55%),3/15 (20%),55%,5,26/53 (49%),9/11 (82%),4/10 (40%),64%,14,2,,12,,3,,,,,3
10440954,98,42678,NORMAL,REGULAR,Round 5,LEAGUE,24759,Yeni Malatyaspor,Visita,ALL,11/09/2022,5,2,29%,0.00,5,12,3,4,16,170,18,8,5,1,6,0,4,2,8,4,2,3,,,3,1,86,29,44,,15/66 (23%),1/14 (7%),42%,10,39/87 (45%),5/17 (29%),13/32 (41%),61%,18,10,,24,,3,,,,,16
10440954,98,42678,NORMAL,REGULAR,Round 5,LEAGUE,24759,Yeni Malatyaspor,Visita,1ST,11/09/2022,5,1,28%,0.00,2,3,2,2,,85,7,1,1,0,2,0,1,0,3,0,1,1,,,1,1,42,17,24,,10/32 (31%),1/7 (14%),37%,6,12/34 (35%),3/6 (50%),4/13 (31%),71%,7,7,,19,,2,,,,,9
10440954,98,42678,NORMAL,REGULAR,Round 5,LEAGUE,24759,Yeni Malatyaspor,Visita,2ND,11/09/2022,5,1,30%,0.00,3,9,1,2,,85,11,7,4,1,4,0,3,2,5,4,1,2,,,2,0,44,12,20,,5/34 (15%),0/7 (0%),45%,4,27/53 (51%),2/11 (18%),9/19 (47%),55%,11,3,,5,,1,,,,,7
10440960,98,42678,NORMAL,REGULAR,Round 6,LEAGUE,24759,Yeni Malatyaspor,Local,ALL,16/09/2022,6,0,54%,0.00,2,11,4,8,11,352,21,13,1,,4,1,5,2,6,5,,2,1,,2,2,241,37,61,,30/80 (38%),5/20 (25%),50%,9,45/82 (55%),16/41 (39%),11/26 (42%),76%,21,11,,16,,4,,,,,4
10440960,98,42678,NORMAL,REGULAR,Round 6,LEAGUE,24759,Yeni Malatyaspor,Local,1ST,16/09/2022,6,0,51%,0.00,1,4,0,5,,177,9,6,0,,1,0,2,1,3,1,,1,0,,1,1,124,12,23,,14/41 (34%),2/10 (20%),45%,4,20/38 (53%),5/17 (29%),5/12 (42%),89%,9,9,,9,,0,,,,,2
10440960,98,42678,NORMAL,REGULAR,Round 6,LEAGUE,24759,Yeni Malatyaspor,Local,2ND,16/09/2022,6,0,57%,0.00,1,7,4,3,,175,12,7,1,,3,1,3,1,3,4,,1,1,,1,1,117,25,38,,16/39 (41%),3/10 (30%),53%,5,25/44 (57%),11/24 (46%),6/14 (43%),67%,12,2,,7,,4,,,,,2
10440960,98,42678,NORMAL,REGULAR,Round 6,LEAGUE,3070,Altay,Visita,ALL,16/09/2022,6,0,46%,0.00,2,7,4,2,17,299,24,9,1,,4,0,1,2,5,2,,2,0,,1,3,204,37,59,,10/49 (20%),5/19 (26%),50%,10,37/81 (46%),25/41 (61%),4/15 (27%),58%,24,9,,25,,4,,,,,6
10440960,98,42678,NORMAL,REGULAR,Round 6,LEAGUE,3070,Altay,Visita,1ST,16/09/2022,6,0,49%,0.00,0,3,1,0,,170,11,5,0,,0,0,1,2,1,2,,0,0,,0,1,120,22,33,,2/24 (8%),2/11 (18%),55%,4,18/37 (49%),12/17 (71%),2/7 (29%),64%,11,5,,13,,1,,,,,3
10440960,98,42678,NORMAL,REGULAR,Round 6,LEAGUE,3070,Altay,Visita,2ND,16/09/2022,6,0,43%,0.00,2,4,3,2,,129,13,4,1,,4,0,0,0,4,0,,2,0,,1,2,84,15,26,,8/25 (32%),3/8 (38%),47%,6,19/44 (43%),13/24 (54%),2/8 (25%),54%,13,4,,12,,3,,,,,3
10440987,98,42678,NORMAL,REGULAR,Round 7,LEAGUE,3080,Sakaryaspor,Local,ALL,01/10/2022,7,3,59%,0.00,4,11,4,4,15,415,25,7,2,0,6,0,4,1,8,3,1,3,2,,4,0,322,23,57,,32/63 (51%),5/17 (29%),54%,9,39/73 (53%),11/20 (55%),7/15 (47%),64%,25,10,,11,,4,,,,,10
10440987,98,42678,NORMAL,REGULAR,Round 7,LEAGUE,3080,Sakaryaspor,Local,1ST,01/10/2022,7,2,61%,0.00,1,4,1,3,,229,14,2,1,0,2,0,2,0,3,1,1,0,2,,1,0,171,12,34,,15/31 (48%),3/12 (25%),60%,2,21/34 (62%),9/16 (56%),5/10 (50%),57%,14,4,,9,,1,,,,,6
10440987,98,42678,NORMAL,REGULAR,Round 7,LEAGUE,3080,Sakaryaspor,Local,2ND,01/10/2022,7,1,57%,0.00,3,7,3,1,,186,11,5,1,0,4,0,2,1,5,2,0,3,0,,3,0,151,11,23,,17/32 (53%),2/5 (40%),47%,7,18/39 (46%),2/4 (50%),2/5 (40%),73%,11,6,,2,,3,,,,,4
10440987,98,42678,NORMAL,REGULAR,Round 7,LEAGUE,24759,Yeni Malatyaspor,Visita,ALL,01/10/2022,7,1,41%,0.00,3,17,2,2,9,285,17,14,6,1,5,0,7,5,10,7,1,2,2,,4,5,197,19,45,,15/51 (29%),4/12 (33%),46%,10,34/73 (47%),9/20 (45%),3/18 (17%),59%,17,8,,14,,2,,,,,5
10440987,98,42678,NORMAL,REGULAR,Round 7,LEAGUE,24759,Yeni Malatyaspor,Visita,1ST,01/10/2022,7,1,39%,0.00,2,10,0,2,,144,7,6,1,0,2,0,5,3,6,4,1,1,1,,1,3,88,11,26,,7/37 (19%),2/8 (25%),40%,5,13/34 (38%),7/16 (44%),0/9 (0%),71%,7,4,,7,,0,,,,,2
10440987,98,42678,NORMAL,REGULAR,Round 7,LEAGUE,24759,Yeni Malatyaspor,Visita,2ND,01/10/2022,7,0,43%,0.00,1,7,2,0,,141,10,8,5,1,3,0,2,2,4,3,0,1,1,,3,2,109,8,19,,8/14 (57%),2/4 (50%),53%,5,21/39 (54%),2/4 (50%),3/9 (33%),50%,10,4,,7,,2,,,,,3
10441007,98,42678,NORMAL,REGULAR,Round 8,LEAGUE,24759,Yeni Malatyaspor,Local,ALL,09/10/2022,8,0,51%,0.00,0,9,3,3,19,413,16,17,1,,1,0,5,3,3,6,0,,,,1,0,312,25,72,,27/65 (42%),3/11 (27%),52%,13,40/82 (49%),16/26 (62%),7/16 (44%),75%,16,7,,10,,3,,,,,10
10441007,98,42678,NORMAL,REGULAR,Round 8,LEAGUE,24759,Yeni Malatyaspor,Local,1ST,09/10/2022,8,0,43%,0.00,0,3,1,3,,172,9,10,0,,0,0,2,1,2,1,0,,,,0,0,123,10,30,,10/32 (31%),2/7 (29%),59%,4,25/46 (54%),10/13 (77%),6/11 (55%),89%,9,4,,5,,1,,,,,4
10441007,98,42678,NORMAL,REGULAR,Round 8,LEAGUE,24759,Yeni Malatyaspor,Local,2ND,09/10/2022,8,0,60%,0.00,0,6,2,0,,241,7,7,1,,1,0,3,2,1,5,0,,,,1,0,189,15,42,,17/33 (52%),1/4 (25%),43%,9,15/36 (42%),6/13 (46%),1/5 (20%),57%,7,3,,5,,2,,,,,6
10441007,98,42678,NORMAL,REGULAR,Round 8,LEAGUE,55603,Erzurumspor FK,Visita,ALL,09/10/2022,8,1,49%,0.00,1,8,1,1,20,391,22,17,2,,4,0,4,0,3,5,1,,,,2,1,296,17,61,,33/76 (43%),3/15 (20%),48%,9,42/82 (51%),10/26 (38%),3/10 (30%),68%,22,8,,15,,1,,,,,7
10441007,98,42678,NORMAL,REGULAR,Round 8,LEAGUE,55603,Erzurumspor FK,Visita,1ST,09/10/2022,8,0,57%,0.00,0,3,0,0,,230,9,10,1,,1,0,2,0,1,2,0,,,,2,1,183,8,32,,17/37 (46%),1/10 (10%),41%,5,21/46 (46%),3/13 (23%),2/6 (33%),67%,9,6,,1,,0,,,,,3
10441007,98,42678,NORMAL,REGULAR,Round 8,LEAGUE,55603,Erzurumspor FK,Visita,2ND,09/10/2022,8,1,40%,0.00,1,5,1,1,,161,13,7,1,,3,0,2,0,2,3,1,,,,0,0,113,9,29,,16/39 (41%),2/5 (40%),57%,4,21/36 (58%),7/13 (54%),1/4 (25%),69%,13,2,,14,,1,,,,,4
10441035,98,42678,NORMAL,REGULAR,Round 9,LEAGUE,44320,Bandırmaspor,Local,ALL,16/10/2022,9,0,67%,0.00,0,18,4,5,9,507,30,12,2,,3,0,7,8,11,7,0,0,,,3,1,405,39,79,,48/76 (63%),5/21 (24%),54%,12,51/92 (55%),11/22 (50%),9/22 (41%),63%,30,10,,5,,4,,,,,7
10441035,98,42678,NORMAL,REGULAR,Round 9,LEAGUE,44320,Bandırmaspor,Local,1ST,16/10/2022,9,0,72%,0.00,0,5,3,5,,304,12,4,0,,0,0,2,3,3,2,0,0,,,0,0,264,18,39,,33/41 (80%),3/15 (20%),50%,5,16/30 (53%),2/6 (33%),0/3 (0%),58%,12,5,,1,,3,,,,,5
10441035,98,42678,NORMAL,REGULAR,Round 9,LEAGUE,44320,Bandırmaspor,Local,2ND,16/10/2022,9,0,60%,0.00,0,13,1,0,,203,18,8,2,,3,0,5,5,8,5,0,0,,,3,1,141,21,40,,15/35 (43%),2/6 (33%),56%,7,35/62 (56%),9/16 (56%),9/19 (47%),67%,18,5,,4,,1,,,,,2
10441035,98,42678,NORMAL,REGULAR,Round 9,LEAGUE,24759,Yeni Malatyaspor,Visita,ALL,16/10/2022,9,2,33%,0.00,2,14,3,2,15,259,25,8,3,,6,1,7,1,5,9,1,1,,,0,5,177,23,39,,19/57 (33%),2/6 (33%),46%,15,41/92 (45%),11/22 (50%),8/23 (35%),64%,25,18,,29,,3,,,,,10
10441035,98,42678,NORMAL,REGULAR,Round 9,LEAGUE,24759,Yeni Malatyaspor,Visita,1ST,16/10/2022,9,1,28%,0.00,2,9,0,1,,121,8,3,0,,4,0,4,1,2,7,1,1,,,0,2,87,10,14,,6/21 (29%),1/5 (20%),50%,4,14/30 (47%),4/6 (67%),3/11 (27%),88%,8,9,,15,,0,,,,,5
10441035,98,42678,NORMAL,REGULAR,Round 9,LEAGUE,24759,Yeni Malatyaspor,Visita,2ND,16/10/2022,9,1,40%,0.00,0,5,3,1,,138,17,5,3,,2,1,3,0,3,2,0,0,,,0,3,90,13,25,,13/36 (36%),1/1 (100%),44%,11,27/62 (44%),7/16 (44%),5/12 (42%),53%,17,9,,14,,3,,,,,5
10441042,98,42678,NORMAL,REGULAR,Round 10,LEAGUE,24759,Yeni Malatyaspor,Local,ALL,23/10/2022,10,0,61%,0.00,4,18,3,12,8,512,21,12,2,,10,1,6,2,9,9,0,4,,,2,3,429,26,77,,26/54 (48%),6/31 (19%),56%,10,42/78 (54%),18/29 (62%),8/21 (38%),71%,21,8,,15,,3,,,,,7
10441042,98,42678,NORMAL,REGULAR,Round 10,LEAGUE,24759,Yeni Malatyaspor,Local,1ST,23/10/2022,10,0,60%,0.00,1,6,2,7,,300,10,5,0,,3,0,2,1,2,4,0,1,,,0,3,257,10,39,,13/29 (45%),1/15 (7%),48%,6,16/32 (50%),6/14 (43%),1/8 (13%),60%,10,3,,9,,2,,,,,5
10441042,98,42678,NORMAL,REGULAR,Round 10,LEAGUE,24759,Yeni Malatyaspor,Local,2ND,23/10/2022,10,0,63%,0.00,3,12,1,5,,212,11,7,2,,7,1,4,1,7,5,0,3,,,2,0,172,16,38,,13/25 (52%),5/16 (31%),62%,4,26/46 (57%),12/15 (80%),7/13 (54%),82%,11,5,,6,,1,,,,,2
10441042,98,42678,NORMAL,REGULAR,Round 10,LEAGUE,3054,Göztepe,Visita,ALL,23/10/2022,10,1,39%,0.00,1,9,10,5,12,328,23,8,5,,4,0,3,2,7,2,1,0,,,2,2,244,18,43,,25/65 (38%),4/12 (33%),44%,13,36/78 (46%),11/29 (38%),5/14 (36%),52%,23,9,,32,,10,,,,,11
10441042,98,42678,NORMAL,REGULAR,Round 10,LEAGUE,3054,Göztepe,Visita,1ST,23/10/2022,10,1,40%,0.00,1,7,3,3,,195,13,2,0,,3,0,2,2,5,2,1,0,,,1,2,160,7,19,,13/31 (42%),2/7 (29%),52%,6,16/32 (50%),8/14 (57%),1/5 (20%),54%,13,5,,19,,3,,,,,4
10441042,98,42678,NORMAL,REGULAR,Round 10,LEAGUE,3054,Göztepe,Visita,2ND,23/10/2022,10,0,37%,0.00,0,2,7,2,,133,10,6,5,,1,0,1,0,2,0,0,0,,,1,0,84,11,24,,12/34 (35%),2/5 (40%),38%,7,20/46 (43%),3/15 (20%),4/9 (44%),50%,10,4,,13,,7,,,,,7
10441037,98,42678,NORMAL,REGULAR,Round 11,LEAGUE,24749,Altınordu,Local,ALL,28/10/2022,11,0,60%,0.00,3,7,8,0,11,538,17,14,0,,2,1,5,0,5,2,0,3,0,,2,2,431,24,67,,18/59 (31%),4/10 (40%),45%,16,35/76 (46%),10/24 (42%),4/9 (44%),59%,17,13,,18,,8,,,,,5
10441037,98,42678,NORMAL,REGULAR,Round 11,LEAGUE,24749,Altınordu,Local,1ST,28/10/2022,11,0,52%,0.00,2,4,3,0,,250,9,6,0,,1,1,3,0,4,0,0,2,0,,0,1,195,13,33,,6/26 (23%),3/6 (50%),40%,7,15/34 (44%),3/11 (27%),0/3 (0%),56%,9,8,,10,,3,,,,,3
10441037,98,42678,NORMAL,REGULAR,Round 11,LEAGUE,24749,Altınordu,Local,2ND,28/10/2022,11,0,71%,0.00,1,3,5,0,,288,8,8,0,,1,0,2,0,1,2,0,1,0,,2,1,236,11,34,,12/33 (36%),1/4 (25%),49%,9,20/42 (48%),7/13 (54%),4/6 (67%),63%,8,5,,8,,5,,,,,2
10441037,98,42678,NORMAL,REGULAR,Round 11,LEAGUE,24759,Yeni Malatyaspor,Visita,ALL,28/10/2022,11,3,40%,0.00,4,21,2,6,15,351,21,11,3,,11,0,5,5,10,11,2,2,2,,3,0,256,20,59,,26/62 (42%),3/12 (25%),55%,8,41/76 (54%),14/24 (58%),9/18 (50%),48%,21,8,,12,,2,,,,,8
10441037,98,42678,NORMAL,REGULAR,Round 11,LEAGUE,24759,Yeni Malatyaspor,Visita,1ST,28/10/2022,11,0,48%,0.00,0,10,1,4,,232,10,7,0,,3,0,3,4,5,5,0,0,1,,2,0,180,12,31,,14/32 (44%),3/10 (30%),60%,3,19/34 (56%),8/11 (73%),2/8 (25%),50%,10,6,,2,,1,,,,,4
10441037,98,42678,NORMAL,REGULAR,Round 11,LEAGUE,24759,Yeni Malatyaspor,Visita,2ND,28/10/2022,11,3,29%,0.00,4,11,1,2,,119,11,4,3,,8,0,2,1,5,6,2,2,1,,1,0,76,8,28,,12/30 (40%),0/2 (0%),51%,5,22/42 (52%),6/13 (46%),7/10 (70%),45%,11,2,,10,,1,,,,,4
10441059,98,42678,NORMAL,REGULAR,Round 12,LEAGUE,24759,Yeni Malatyaspor,Local,ALL,05/11/2022,12,2,46%,0.00,1,12,2,4,12,355,13,15,5,1,3,0,8,1,5,7,1,0,1,,4,3,251,31,65,,22/62 (35%),1/12 (8%),50%,8,35/67 (52%),14/31 (45%),7/16 (44%),69%,13,17,,18,,2,,,,,7
10441059,98,42678,NORMAL,REGULAR,Round 12,LEAGUE,24759,Yeni Malatyaspor,Local,1ST,05/11/2022,12,1,50%,0.00,1,6,1,2,,201,8,7,0,0,1,0,4,1,2,4,1,0,1,,1,1,147,16,37,,15/35 (43%),0/6 (0%),54%,2,17/29 (59%),8/17 (47%),2/7 (29%),75%,8,8,,6,,1,,,,,4
10441059,98,42678,NORMAL,REGULAR,Round 12,LEAGUE,24759,Yeni Malatyaspor,Local,2ND,05/11/2022,12,1,42%,0.00,0,6,1,2,,154,5,8,5,1,2,0,4,0,3,3,0,0,0,,3,2,104,15,28,,7/27 (26%),1/6 (17%),46%,6,18/38 (47%),6/14 (43%),5/9 (56%),60%,5,9,,12,,1,,,,,3
10441059,98,42678,NORMAL,REGULAR,Round 12,LEAGUE,7802,Gençlerbirliği,Visita,ALL,05/11/2022,12,2,54%,0.00,3,16,1,8,17,404,17,12,3,0,4,0,7,5,12,4,2,1,1,,7,2,293,20,51,,32/70 (46%),6/20 (30%),50%,5,32/67 (48%),17/31 (55%),3/11 (27%),47%,17,10,,15,,1,,,,,13
10441059,98,42678,NORMAL,REGULAR,Round 12,LEAGUE,7802,Gençlerbirliği,Visita,1ST,05/11/2022,12,0,50%,0.00,1,7,0,4,,193,7,5,1,0,1,0,4,2,5,2,0,1,0,,4,2,137,9,22,,19/37 (51%),4/11 (36%),46%,3,12/29 (41%),9/17 (53%),0/5 (0%),57%,7,6,,6,,0,,,,,6
10441059,98,42678,NORMAL,REGULAR,Round 12,LEAGUE,7802,Gençlerbirliği,Visita,2ND,05/11/2022,12,2,58%,0.00,2,9,1,4,,211,10,7,2,0,3,0,3,3,7,2,2,0,1,,3,0,156,11,29,,13/33 (39%),2/9 (22%),54%,2,20/38 (53%),8/14 (57%),3/6 (50%),40%,10,4,,9,,1,,,,,7
10441065,98,42678,NORMAL,REGULAR,Round 13,LEAGUE,6414,Boluspor,Local,ALL,12/11/2022,13,1,61%,0.00,3,16,2,6,13,447,19,14,1,,7,0,8,1,13,3,1,2,1,,4,1,341,23,70,,25/62 (40%),9/32 (28%),56%,11,41/78 (53%),23/36 (64%),8/15 (53%),53%,19,10,,22,,2,,,,,7
10441065,98,42678,NORMAL,REGULAR,Round 13,LEAGUE,6414,Boluspor,Local,1ST,12/11/2022,13,0,64%,0.00,2,8,1,3,,232,9,7,0,,3,0,4,1,7,1,0,2,1,,1,0,185,14,41,,16/32 (50%),4/20 (20%),55%,5,22/41 (54%),6/10 (60%),6/9 (67%),67%,9,6,,11,,1,,,,,5
10441065,98,42678,NORMAL,REGULAR,Round 13,LEAGUE,6414,Boluspor,Local,2ND,12/11/2022,13,1,59%,0.00,1,8,1,3,,215,10,7,1,,4,0,4,0,6,2,1,0,0,,3,1,156,9,29,,9/30 (30%),5/12 (42%),57%,6,19/37 (51%),17/26 (65%),2/6 (33%),40%,10,4,,11,,1,,,,,2
10441065,98,42678,NORMAL,REGULAR,Round 13,LEAGUE,24759,Yeni Malatyaspor,Visita,ALL,12/11/2022,13,0,39%,0.00,0,13,6,4,15,286,18,12,3,,3,0,7,3,9,4,0,0,2,,0,3,188,29,61,,27/75 (36%),3/11 (27%),44%,10,37/78 (47%),13/36 (36%),7/16 (44%),56%,18,14,,22,,6,,,,,17
10441065,98,42678,NORMAL,REGULAR,Round 13,LEAGUE,24759,Yeni Malatyaspor,Visita,1ST,12/11/2022,13,0,36%,0.00,0,8,3,3,,134,8,8,0,,1,0,5,2,6,2,0,0,1,,0,1,82,18,27,,12/37 (32%),2/5 (40%),45%,6,19/41 (46%),4/10 (40%),3/6 (50%),63%,8,6,,13,,3,,,,,7
10441065,98,42678,NORMAL,REGULAR,Round 13,LEAGUE,24759,Yeni Malatyaspor,Visita,2ND,12/11/2022,13,0,41%,0.00,0,5,3,1,,152,10,4,3,,2,0,2,1,3,2,0,0,1,,0,2,106,11,34,,15/38 (39%),1/6 (17%),43%,4,18/37 (49%),9/26 (35%),4/10 (40%),50%,10,8,,9,,3,,,,,10
10441078,98,42678,NORMAL,REGULAR,Round 14,LEAGUE,24759,Yeni Malatyaspor,Local,ALL,18/11/2022,14,0,44%,0.00,2,11,3,7,13,372,15,14,2,,1,0,6,4,7,4,0,2,0,,5,1,289,26,54,,20/37 (54%),7/21 (33%),45%,8,32/74 (43%),10/20 (50%),3/16 (19%),47%,15,11,,1,,3,,,,,8
10441078,98,42678,NORMAL,REGULAR,Round 14,LEAGUE,24759,Yeni Malatyaspor,Local,1ST,18/11/2022,14,0,37%,0.00,1,4,2,3,,164,9,5,2,,0,0,3,1,3,1,0,1,0,,1,0,117,11,27,,11/23 (48%),4/10 (40%),49%,1,15/35 (43%),8/12 (67%),1/7 (14%),44%,9,7,,1,,2,,,,,2
10441078,98,42678,NORMAL,REGULAR,Round 14,LEAGUE,24759,Yeni Malatyaspor,Local,2ND,18/11/2022,14,0,50%,0.00,1,7,1,4,,208,6,9,0,,1,0,3,3,4,3,0,1,0,,4,1,172,15,27,,9/14 (64%),3/11 (27%),40%,7,17/39 (44%),2/8 (25%),2/9 (22%),50%,6,4,,0,,1,,,,,6
10441078,98,42678,NORMAL,REGULAR,Round 14,LEAGUE,7032,Pendikspor,Visita,ALL,18/11/2022,14,3,56%,0.00,4,10,1,3,16,507,21,13,0,,5,0,4,1,5,5,2,2,1,,2,1,413,17,36,,27/60 (45%),1/5 (20%),55%,5,42/74 (57%),10/20 (50%),9/19 (47%),67%,21,14,,14,,1,,,,,10
10441078,98,42678,NORMAL,REGULAR,Round 14,LEAGUE,7032,Pendikspor,Visita,1ST,18/11/2022,14,2,63%,0.00,2,3,0,2,,288,7,9,0,,3,0,0,0,2,1,1,1,0,,1,1,239,8,14,,12/26 (46%),1/3 (33%),51%,4,20/35 (57%),4/12 (33%),5/10 (50%),57%,7,9,,5,,0,,,,,5
10441078,98,42678,NORMAL,REGULAR,Round 14,LEAGUE,7032,Pendikspor,Visita,2ND,18/11/2022,14,1,50%,0.00,2,7,1,1,,219,14,4,0,,2,0,4,1,3,4,1,1,1,,1,0,174,9,22,,15/34 (44%),0/2 (0%),60%,1,22/39 (56%),6/8 (75%),4/9 (44%),71%,14,5,,9,,1,,,,,5
10441084,98,42678,NORMAL,REGULAR,Round 15,LEAGUE,117198,Beykoz Anadolu Spor A.Ş.,Local,ALL,26/11/2022,15,0,57%,0.00,1,5,7,5,22,400,24,16,2,,0,1,4,1,2,3,,1,,,4,7,285,30,51,,22/56 (39%),2/9 (22%),48%,9,43/92 (47%),9/17 (53%),3/15 (20%),63%,24,6,,19,,7,,,,,7
10441084,98,42678,NORMAL,REGULAR,Round 15,LEAGUE,117198,Beykoz Anadolu Spor A.Ş.,Local,1ST,26/11/2022,15,0,55%,0.00,0,0,4,0,,224,17,6,0,,0,0,0,0,0,0,,0,,,1,2,155,18,26,,9/31 (29%),0/1 (0%),50%,6,24/46 (52%),3/8 (38%),1/5 (20%),71%,17,3,,13,,4,,,,,5
10441084,98,42678,NORMAL,REGULAR,Round 15,LEAGUE,117198,Beykoz Anadolu Spor A.Ş.,Local,2ND,26/11/2022,15,0,59%,0.00,1,5,3,5,,176,7,10,2,,0,1,4,1,2,3,,1,,,3,5,130,12,25,,13/25 (52%),2/8 (25%),45%,3,19/46 (41%),6/9 (67%),2/10 (20%),43%,7,3,,6,,3,,,,,2
10441084,98,42678,NORMAL,REGULAR,Round 15,LEAGUE,24759,Yeni Malatyaspor,Visita,ALL,26/11/2022,15,0,43%,0.00,3,14,0,1,17,307,21,21,3,,7,1,5,2,9,5,,3,,,3,5,204,27,55,,21/69 (30%),4/8 (50%),52%,7,49/92 (53%),8/17 (47%),7/24 (29%),57%,21,8,,16,,0,,,,,6
10441084,98,42678,NORMAL,REGULAR,Round 15,LEAGUE,24759,Yeni Malatyaspor,Visita,1ST,26/11/2022,15,0,45%,0.00,2,8,0,0,,186,10,9,1,,4,0,3,1,5,3,,2,,,0,3,126,14,23,,10/34 (29%),1/1 (100%),50%,6,22/46 (48%),5/8 (63%),3/14 (21%),60%,10,7,,4,,0,,,,,2
10441084,98,42678,NORMAL,REGULAR,Round 15,LEAGUE,24759,Yeni Malatyaspor,Visita,2ND,26/11/2022,15,0,41%,0.00,1,6,0,1,,121,11,12,2,,3,1,2,1,4,2,,1,,,3,2,78,13,32,,11/35 (31%),3/7 (43%),55%,1,27/46 (59%),3/9 (33%),4/10 (40%),55%,11,1,,12,,0,,,,,4
10441117,98,42678,NORMAL,REGULAR,Round 17,LEAGUE,3053,Samsunspor,Local,ALL,09/12/2022,17,1,64%,0.00,2,21,2,12,9,505,20,11,3,,8,0,10,3,9,12,1,1,,,5,1,398,31,59,,26/51 (51%),8/39 (21%),50%,9,38/76 (50%),19/38 (50%),7/18 (39%),85%,20,10,,6,,2,,,,,1
10441117,98,42678,NORMAL,REGULAR,Round 17,LEAGUE,3053,Samsunspor,Local,1ST,09/12/2022,17,0,62%,0.00,1,10,1,3,,261,13,6,2,,4,0,4,2,5,5,0,1,,,2,1,207,10,33,,11/27 (41%),3/14 (21%),51%,3,23/43 (53%),7/16 (44%),4/11 (36%),85%,13,6,,4,,1,,,,,1
10441117,98,42678,NORMAL,REGULAR,Round 17,LEAGUE,3053,Samsunspor,Local,2ND,09/12/2022,17,1,67%,0.00,1,11,1,9,,244,7,5,1,,4,0,6,1,4,7,1,0,,,3,0,191,21,26,,15/24 (63%),5/25 (20%),49%,6,15/33 (45%),12/22 (55%),3/7 (43%),86%,7,4,,2,,1,,,,,0
10441117,98,42678,NORMAL,REGULAR,Round 17,LEAGUE,24759,Yeni Malatyaspor,Visita,ALL,09/12/2022,17,1,36%,0.00,2,4,7,1,12,297,20,9,2,,3,0,1,0,3,1,1,1,,,1,2,190,24,50,,29/75 (39%),0/4 (0%),50%,10,38/76 (50%),19/38 (50%),9/19 (47%),75%,20,17,,36,,7,,,,,20
10441117,98,42678,NORMAL,REGULAR,Round 17,LEAGUE,24759,Yeni Malatyaspor,Visita,1ST,09/12/2022,17,1,38%,0.00,1,3,4,1,,167,10,5,0,,2,0,1,0,2,1,1,0,,,1,1,116,15,27,,15/33 (45%),0/2 (0%),49%,7,20/43 (47%),9/16 (56%),5/11 (45%),70%,10,9,,13,,4,,,,,7
10441117,98,42678,NORMAL,REGULAR,Round 17,LEAGUE,24759,Yeni Malatyaspor,Visita,2ND,09/12/2022,17,0,33%,0.00,1,1,3,0,,130,10,4,2,,1,0,0,0,1,0,0,1,,,0,1,74,9,23,,14/42 (33%),0/2 (0%),51%,3,18/33 (55%),10/22 (45%),4/8 (50%),80%,10,8,,23,,3,,,,,13
10441114,98,42678,NORMAL,REGULAR,Round 18,LEAGUE,24759,Yeni Malatyaspor,Local,ALL,17/12/2022,18,1,46%,0.00,1,9,1,5,10,339,21,5,3,1,2,0,4,3,4,5,1,,,,1,3,242,32,69,,32/79 (41%),1/10 (10%),41%,18,35/80 (44%),16/45 (36%),9/19 (47%),62%,21,15,,28,,1,,,,,12
10441114,98,42678,NORMAL,REGULAR,Round 18,LEAGUE,24759,Yeni Malatyaspor,Local,1ST,17/12/2022,18,1,49%,0.00,1,6,0,2,,200,13,3,0,0,2,0,2,2,4,2,1,,,,1,1,160,17,35,,22/40 (55%),1/4 (25%),46%,11,18/40 (45%),6/12 (50%),2/6 (33%),62%,13,8,,13,,0,,,,,4
10441114,98,42678,NORMAL,REGULAR,Round 18,LEAGUE,24759,Yeni Malatyaspor,Local,2ND,17/12/2022,18,0,43%,0.00,0,3,1,3,,139,8,2,3,1,0,0,2,1,0,3,0,,,,0,2,82,15,34,,10/39 (26%),0/6 (0%),37%,7,17/40 (43%),10/33 (30%),7/13 (54%),63%,8,7,,15,,1,,,,,8
10441114,98,42678,NORMAL,REGULAR,Round 18,LEAGUE,6366,Keçiörengücü,Visita,ALL,17/12/2022,18,0,54%,0.00,0,13,1,2,5,392,28,10,0,1,1,0,7,5,3,10,0,,,,4,1,286,35,72,,18/60 (30%),2/12 (17%),59%,9,45/80 (56%),29/45 (64%),7/19 (37%),61%,28,8,,10,,1,,,,,7
10441114,98,42678,NORMAL,REGULAR,Round 18,LEAGUE,6366,Keçiörengücü,Visita,1ST,17/12/2022,18,0,51%,0.00,0,3,1,0,,210,15,4,0,0,0,0,2,1,0,3,0,,,,1,1,164,16,33,,9/30 (30%),0/3 (0%),54%,5,22/40 (55%),6/12 (50%),3/11 (27%),80%,15,4,,3,,1,,,,,3
10441114,98,42678,NORMAL,REGULAR,Round 18,LEAGUE,6366,Keçiörengücü,Visita,2ND,17/12/2022,18,0,57%,0.00,0,10,0,2,,182,13,6,0,1,1,0,5,4,3,7,0,,,,3,0,122,19,39,,9/30 (30%),2/9 (22%),63%,4,23/40 (57%),23/33 (70%),4/8 (50%),38%,13,4,,7,,0,,,,,4
10441141,98,42678,NORMAL,REGULAR,Round 19,LEAGUE,3058,Denizlispor,Local,ALL,24/12/2022,19,3,43%,0.00,1,10,4,10,13,352,21,9,1,,5,0,3,2,6,4,1,,1,,2,0,251,26,62,,32/72 (44%),4/23 (17%),48%,12,39/86 (45%),18/32 (56%),9/20 (45%),67%,21,14,,22,,4,,,,,18
10441141,98,42678,NORMAL,REGULAR,Round 19,LEAGUE,3058,Denizlispor,Local,1ST,24/12/2022,19,2,54%,0.00,0,8,1,6,,228,11,4,1,,4,0,2,2,4,4,0,,0,,0,0,170,15,30,,20/36 (56%),0/13 (0%),53%,7,22/44 (50%),11/18 (61%),7/12 (58%),73%,11,9,,8,,1,,,,,10
10441141,98,42678,NORMAL,REGULAR,Round 19,LEAGUE,3058,Denizlispor,Local,2ND,24/12/2022,19,1,33%,0.00,1,2,3,4,,124,10,5,0,,1,0,1,0,2,0,1,,1,,2,0,81,11,32,,12/36 (33%),4/10 (40%),43%,5,17/42 (40%),7/14 (50%),2/8 (25%),60%,10,5,,14,,3,,,,,8
10441141,98,42678,NORMAL,REGULAR,Round 19,LEAGUE,24759,Yeni Malatyaspor,Visita,ALL,24/12/2022,19,0,57%,0.00,0,11,2,7,9,465,23,11,0,,4,0,6,1,5,6,0,,0,,3,1,366,37,74,,26/55 (47%),0/18 (0%),52%,7,47/86 (55%),14/32 (44%),13/27 (48%),43%,23,9,,20,,2,,,,,6
10441141,98,42678,NORMAL,REGULAR,Round 19,LEAGUE,24759,Yeni Malatyaspor,Visita,1ST,24/12/2022,19,0,46%,0.00,0,5,2,2,,198,12,6,0,,1,0,3,1,3,2,0,,0,,0,1,134,21,29,,9/31 (29%),0/4 (0%),47%,2,22/44 (50%),7/18 (39%),4/13 (31%),58%,12,6,,13,,2,,,,,2
10441141,98,42678,NORMAL,REGULAR,Round 19,LEAGUE,24759,Yeni Malatyaspor,Visita,2ND,24/12/2022,19,0,67%,0.00,0,6,0,5,,267,11,5,0,,3,0,3,0,2,4,0,,0,,3,0,232,16,45,,17/24 (71%),0/14 (0%),57%,5,25/42 (60%),7/14 (50%),9/14 (64%),27%,11,3,,7,,0,,,,,4
10441130,98,42678,NORMAL,REGULAR,Round 20,LEAGUE,24759,Yeni Malatyaspor,Local,ALL,15/01/2023,20,1,52%,0.00,4,10,3,5,9,371,21,18,2,,5,0,3,2,4,6,1,3,1,,3,1,260,39,61,,18/52 (35%),1/15 (7%),51%,15,53/100 (53%),16/35 (46%),14/29 (48%),62%,21,13,,14,,3,,,,,10
10441130,98,42678,NORMAL,REGULAR,Round 20,LEAGUE,24759,Yeni Malatyaspor,Local,1ST,15/01/2023,20,1,54%,0.00,3,6,1,3,,190,10,13,1,,4,0,2,0,3,3,1,2,1,,3,0,138,20,32,,11/25 (44%),0/10 (0%),66%,4,31/46 (67%),6/10 (60%),8/15 (53%),40%,10,7,,8,,1,,,,,3
10441130,98,42678,NORMAL,REGULAR,Round 20,LEAGUE,24759,Yeni Malatyaspor,Local,2ND,15/01/2023,20,0,50%,0.00,1,4,2,2,,181,11,5,1,,1,0,1,2,1,3,0,1,0,,0,1,122,19,29,,7/27 (26%),1/5 (20%),41%,11,22/54 (41%),10/25 (40%),6/14 (43%),82%,11,6,,6,,2,,,,,7
10441130,98,42678,NORMAL,REGULAR,Round 20,LEAGUE,202390,Bodrum FK,Visita,ALL,15/01/2023,20,3,48%,0.00,2,14,5,5,18,348,30,7,2,,6,1,5,3,7,7,1,1,0,,2,0,224,32,76,,26/89 (29%),2/11 (18%),49%,9,47/100 (47%),19/35 (54%),10/22 (45%),63%,30,15,,14,,5,,,,,5
10441130,98,42678,NORMAL,REGULAR,Round 20,LEAGUE,202390,Bodrum FK,Visita,1ST,15/01/2023,20,1,46%,0.00,1,8,4,2,,168,11,1,1,,2,1,3,3,3,5,0,1,0,,1,0,110,17,36,,13/39 (33%),1/5 (20%),34%,6,15/46 (33%),4/10 (40%),3/7 (43%),45%,11,8,,5,,4,,,,,3
10441130,98,42678,NORMAL,REGULAR,Round 20,LEAGUE,202390,Bodrum FK,Visita,2ND,15/01/2023,20,2,50%,0.00,1,6,1,3,,180,19,6,1,,4,0,2,0,4,2,1,0,0,,1,0,114,15,40,,13/50 (26%),1/6 (17%),59%,3,32/54 (59%),15/25 (60%),7/15 (47%),74%,19,7,,9,,1,,,,,2
10441135,98,42678,NORMAL,REGULAR,Round 21,LEAGUE,3069,Adanaspor,Local,ALL,22/01/2023,21,2,50%,0.00,1,12,4,5,18,385,25,15,5,1,8,0,3,1,9,3,0,1,,,5,2,288,18,64,,21/59 (36%),3/9 (33%),51%,12,46/93 (49%),17/31 (55%),6/17 (35%),52%,25,12,,12,,4,,,,,12
10441135,98,42678,NORMAL,REGULAR,Round 21,LEAGUE,3069,Adanaspor,Local,1ST,22/01/2023,21,1,58%,0.00,0,6,1,3,,214,9,9,0,0,3,0,2,1,4,2,0,0,,,2,1,173,9,31,,13/29 (45%),3/3 (100%),53%,3,22/43 (51%),9/15 (60%),4/9 (44%),33%,9,4,,4,,1,,,,,6
10441135,98,42678,NORMAL,REGULAR,Round 21,LEAGUE,3069,Adanaspor,Local,2ND,22/01/2023,21,1,44%,0.00,1,6,3,2,,171,16,6,5,1,5,0,1,0,5,1,0,1,,,3,1,115,9,33,,8/30 (27%),0/6 (0%),48%,9,24/50 (48%),8/16 (50%),2/8 (25%),63%,16,8,,8,,3,,,,,6
10441135,98,42678,NORMAL,REGULAR,Round 21,LEAGUE,24759,Yeni Malatyaspor,Visita,ALL,22/01/2023,21,2,50%,0.00,4,14,5,5,16,370,23,15,4,0,6,0,4,4,10,4,2,2,,,1,3,283,20,70,,33/61 (54%),5/18 (28%),49%,7,47/93 (51%),14/31 (45%),9/27 (33%),48%,23,7,,8,,5,,,,,7
10441135,98,42678,NORMAL,REGULAR,Round 21,LEAGUE,24759,Yeni Malatyaspor,Visita,1ST,22/01/2023,21,0,42%,0.00,1,5,2,1,,154,8,6,1,0,1,0,1,3,3,2,0,1,,,1,1,121,6,32,,16/30 (53%),0/3 (0%),47%,1,21/43 (49%),6/15 (40%),7/15 (47%),50%,8,5,,1,,2,,,,,5
10441135,98,42678,NORMAL,REGULAR,Round 21,LEAGUE,24759,Yeni Malatyaspor,Visita,2ND,22/01/2023,21,2,56%,0.00,3,9,3,4,,216,15,9,3,0,5,0,3,1,7,2,2,1,,,0,2,162,14,38,,17/31 (55%),5/15 (33%),52%,6,26/50 (52%),8/16 (50%),2/12 (17%),47%,15,2,,7,,3,,,,,2
10441159,98,42678,NORMAL,REGULAR,Round 22,LEAGUE,24759,Yeni Malatyaspor,Local,ALL,29/01/2023,22,2,34%,0.00,1,10,2,2,18,269,15,9,4,1,4,0,3,3,2,8,0,1,,,1,0,176,18,63,,26/75 (35%),1/7 (14%),43%,4,28/63 (44%),13/32 (41%),4/12 (33%),53%,15,21,,15,,2,,,,,16
10441159,98,42678,NORMAL,REGULAR,Round 22,LEAGUE,24759,Yeni Malatyaspor,Local,1ST,29/01/2023,22,2,36%,0.00,1,7,1,1,,148,6,4,2,0,3,0,2,2,1,6,0,1,,,1,0,108,5,30,,14/32 (44%),0/3 (0%),33%,2,13/33 (39%),3/16 (19%),3/6 (50%),33%,6,9,,8,,1,,,,,6
10441159,98,42678,NORMAL,REGULAR,Round 22,LEAGUE,24759,Yeni Malatyaspor,Local,2ND,29/01/2023,22,0,32%,0.00,0,3,1,1,,121,9,5,2,1,1,0,1,1,1,2,0,0,,,0,0,68,13,33,,12/43 (28%),1/4 (25%),54%,2,15/30 (50%),10/16 (63%),1/6 (17%),67%,9,12,,7,,1,,,,,10
10441159,98,42678,NORMAL,REGULAR,Round 22,LEAGUE,7040,Eyüpspor,Visita,ALL,29/01/2023,22,1,66%,0.00,1,17,1,6,10,505,12,17,2,0,3,1,10,4,9,8,1,0,,,2,3,405,29,82,,46/75 (61%),7/25 (28%),57%,11,35/63 (56%),19/32 (59%),6/10 (60%),75%,12,6,,8,,1,,,,,5
10441159,98,42678,NORMAL,REGULAR,Round 22,LEAGUE,7040,Eyüpspor,Visita,1ST,29/01/2023,22,1,64%,0.00,1,5,0,2,,258,5,10,1,0,2,0,3,0,2,3,1,0,,,2,3,216,12,39,,25/38 (66%),1/11 (9%),67%,5,20/33 (61%),13/16 (81%),5/6 (83%),80%,5,3,,5,,0,,,,,4
10441159,98,42678,NORMAL,REGULAR,Round 22,LEAGUE,7040,Eyüpspor,Visita,2ND,29/01/2023,22,0,68%,0.00,0,12,1,4,,247,7,7,1,0,1,1,7,4,7,5,0,0,,,0,0,189,17,43,,21/37 (57%),6/14 (43%),46%,6,15/30 (50%),6/16 (38%),1/4 (25%),71%,7,3,,3,,1,,,,,1
10441147,98,42678,NORMAL,REGULAR,Round 23,LEAGUE,3064,Çaykur Rizespor,Local,ALL,04/02/2023,23,5,53%,0.00,5,14,3,4,12,451,27,7,3,,9,0,4,1,10,4,3,2,,,3,0,368,19,53,,20/45 (44%),2/16 (13%),52%,13,48/98 (49%),12/18 (67%),14/26 (54%),59%,27,12,,18,,3,,,,,9
10441147,98,42678,NORMAL,REGULAR,Round 23,LEAGUE,3064,Çaykur Rizespor,Local,1ST,04/02/2023,23,2,55%,0.00,2,8,1,2,,212,12,4,3,,5,0,2,1,6,2,1,1,,,2,0,163,8,33,,11/26 (42%),2/7 (29%),56%,7,23/46 (50%),10/13 (77%),7/11 (64%),50%,12,4,,10,,1,,,,,6
10441147,98,42678,NORMAL,REGULAR,Round 23,LEAGUE,3064,Çaykur Rizespor,Local,2ND,04/02/2023,23,3,52%,0.00,3,6,2,2,,239,15,3,0,,4,0,2,0,4,2,2,1,,,1,0,205,11,20,,9/19 (47%),0/9 (0%),47%,6,25/52 (48%),2/5 (40%),7/15 (47%),67%,15,8,,8,,2,,,,,3
10441147,98,42678,NORMAL,REGULAR,Round 23,LEAGUE,24759,Yeni Malatyaspor,Visita,ALL,04/02/2023,23,1,47%,0.00,3,25,4,11,7,392,25,11,1,,6,0,8,11,13,12,1,2,,,3,1,319,15,50,,29/50 (58%),4/20 (20%),48%,15,50/98 (51%),6/18 (33%),14/26 (54%),76%,25,14,,17,,4,,,,,8
10441147,98,42678,NORMAL,REGULAR,Round 23,LEAGUE,24759,Yeni Malatyaspor,Visita,1ST,04/02/2023,23,0,45%,0.00,0,12,3,7,,167,11,7,1,,1,0,6,5,3,9,0,0,,,3,1,127,8,25,,14/25 (56%),1/12 (8%),44%,7,23/46 (50%),3/13 (23%),5/10 (50%),64%,11,9,,9,,3,,,,,4
10441147,98,42678,NORMAL,REGULAR,Round 23,LEAGUE,24759,Yeni Malatyaspor,Visita,2ND,04/02/2023,23,1,48%,0.00,3,13,1,4,,225,14,4,0,,5,0,2,6,10,3,1,2,,,0,0,192,7,25,,15/25 (60%),3/8 (38%),53%,8,27/52 (52%),3/5 (60%),9/16 (56%),86%,14,5,,8,,1,,,,,4
12596679,98,64425,NORMAL,REGULAR,Round 3,LEAGUE,24759,Yeni Malatyaspor,Local,ALL,25/08/2024,3,0,32%,0.00,0,4,7,1,12,256,20,12,3,,0,0,3,1,0,4,0,0,0,2,5,1,176,19,38,29/55 (53%),22/63 (35%),1/7 (14%),42%,5,37/66 (56%),5/34 (15%),5/9 (56%),75%,20,8,34,18,,7,,,2,,15
12596679,98,64425,NORMAL,REGULAR,Round 3,LEAGUE,24759,Yeni Malatyaspor,Local,1ST,25/08/2024,3,0,28%,0.00,0,1,4,0,,113,11,4,0,,0,0,1,0,0,1,0,0,0,,1,1,74,9,15,,8/32 (25%),0/3 (0%),40%,4,17/31 (55%),3/19 (16%),2/3 (67%),73%,11,5,14,11,,4,,,,,9
12596679,98,64425,NORMAL,REGULAR,Round 3,LEAGUE,24759,Yeni Malatyaspor,Local,2ND,25/08/2024,3,0,36%,0.00,0,3,3,1,,143,9,8,3,,0,0,2,1,0,3,0,0,0,,4,0,102,10,23,,14/31 (45%),1/4 (25%),44%,1,20/35 (57%),2/15 (13%),3/6 (50%),78%,9,3,20,7,,3,,,,,6
12596679,98,64425,NORMAL,REGULAR,Round 3,LEAGUE,6366,Keçiörengücü,Visita,ALL,25/08/2024,3,1,68%,0.00,4,24,0,7,14,545,9,11,2,,8,0,12,4,19,5,1,3,2,44,7,3,474,15,74,139/178 (78%),42/53 (79%),8/18 (44%),58%,7,29/66 (44%),29/34 (85%),9/22 (41%),89%,9,8,45,6,,0,,,2,,7
12596679,98,64425,NORMAL,REGULAR,Round 3,LEAGUE,6366,Keçiörengücü,Visita,1ST,25/08/2024,3,0,72%,0.00,1,12,0,2,,291,5,7,0,,4,0,8,0,9,3,0,1,2,,6,2,254,10,39,,22/25 (88%),6/12 (50%),60%,5,14/31 (45%),16/19 (84%),2/8 (25%),100%,5,3,19,1,,0,,,,,4
12596679,98,64425,NORMAL,REGULAR,Round 3,LEAGUE,6366,Keçiörengücü,Visita,2ND,25/08/2024,3,1,64%,0.00,3,12,0,5,,254,4,4,2,,4,0,4,4,10,2,1,2,0,,1,1,220,5,35,,20/28 (71%),2/6 (33%),56%,2,15/35 (43%),13/15 (87%),7/14 (50%),75%,4,5,26,5,,0,,,,,3
12596676,98,64425,NORMAL,REGULAR,Round 4,LEAGUE,55603,Erzurumspor FK,Local,ALL,01/09/2024,4,3,60%,0.00,8,31,0,9,17,495,18,6,1,,16,0,10,5,20,11,3,5,1,44,4,0,412,27,66,114/172 (66%),34/51 (67%),18/30 (60%),56%,5,39/74 (53%),19/29 (66%),15/25 (60%),78%,18,7,50,5,,0,,0,0,0,6
12596676,98,64425,NORMAL,REGULAR,Round 4,LEAGUE,55603,Erzurumspor FK,Local,1ST,01/09/2024,4,1,62%,0.00,4,16,0,4,,249,8,2,0,,7,0,6,3,10,6,1,3,0,,1,0,204,15,41,,16/26 (62%),11/16 (69%),60%,4,18/35 (51%),13/17 (76%),8/13 (62%),88%,8,4,28,0,,0,,,,,2
12596676,98,64425,NORMAL,REGULAR,Round 4,LEAGUE,55603,Erzurumspor FK,Local,2ND,01/09/2024,4,2,59%,0.00,4,15,0,5,,246,10,4,1,,9,0,4,2,10,5,2,2,1,,3,0,208,12,25,,18/25 (72%),7/14 (50%),53%,1,21/39 (54%),6/12 (50%),7/12 (58%),70%,10,3,22,5,,0,,,,,4
12596676,98,64425,NORMAL,REGULAR,Round 4,LEAGUE,24759,Yeni Malatyaspor,Visita,ALL,01/09/2024,4,0,40%,0.00,0,3,13,1,7,342,15,16,1,,0,0,2,1,0,3,0,0,0,1,2,1,250,22,39,20/48 (42%),28/70 (40%),0/3 (0%),44%,9,35/74 (47%),10/29 (34%),5/14 (36%),60%,15,11,47,24,,13,,3,1,1,14
12596676,98,64425,NORMAL,REGULAR,Round 4,LEAGUE,24759,Yeni Malatyaspor,Visita,1ST,01/09/2024,4,0,38%,0.00,0,1,6,0,,163,9,7,0,,0,0,1,0,0,1,0,0,0,,1,1,108,13,27,,14/43 (33%),0/0 (0%),40%,4,17/35 (49%),4/17 (24%),2/6 (33%),89%,9,7,28,13,,6,,,,,9
12596676,98,64425,NORMAL,REGULAR,Round 4,LEAGUE,24759,Yeni Malatyaspor,Visita,2ND,01/09/2024,4,0,41%,0.00,0,2,7,1,,179,6,9,1,,0,0,1,1,0,2,0,0,0,,1,0,142,9,12,,14/27 (52%),0/3 (0%),47%,5,18/39 (46%),6/12 (50%),3/8 (38%),17%,6,4,19,11,,7,,,,,5
12596663,98,64425,NORMAL,REGULAR,Round 5,LEAGUE,24759,Yeni Malatyaspor,Local,ALL,14/09/2024,5,0,35%,0.00,0,8,5,2,12,324,33,10,0,,1,0,4,3,0,8,0,0,0,1,1,2,258,11,32,36/61 (59%),23/51 (45%),0/8 (0%),52%,5,51/93 (55%),2/8 (25%),8/16 (50%),64%,33,11,45,19,1,5,,1,1,,11
12596663,98,64425,NORMAL,REGULAR,Round 5,LEAGUE,24759,Yeni Malatyaspor,Local,1ST,14/09/2024,5,0,34%,0.00,0,4,3,2,,140,15,5,0,,1,0,2,1,0,4,0,0,0,,1,1,113,5,17,,11/23 (48%),0/5 (0%),54%,3,23/40 (57%),2/6 (33%),3/7 (43%),67%,15,7,23,12,,3,,,,,6
12596663,98,64425,NORMAL,REGULAR,Round 5,LEAGUE,24759,Yeni Malatyaspor,Local,2ND,14/09/2024,5,0,36%,0.00,0,4,2,0,,184,18,5,0,,0,0,2,2,0,4,0,0,0,,0,1,145,6,15,,12/28 (43%),0/3 (0%),51%,2,28/53 (53%),0/2 (0%),5/9 (56%),61%,18,4,22,7,,2,,,,,5
12596663,98,64425,NORMAL,REGULAR,Round 5,LEAGUE,77629,Çorum FK,Visita,ALL,14/09/2024,5,4,65%,0.00,8,18,1,6,10,593,13,11,1,,9,1,6,3,14,4,4,4,3,40,5,2,526,22,61,136/172 (79%),37/47 (79%),7/20 (35%),48%,22,42/93 (45%),6/8 (75%),18/29 (62%),92%,13,9,48,7,0,1,,0,0,,7
12596663,98,64425,NORMAL,REGULAR,Round 5,LEAGUE,77629,Çorum FK,Visita,1ST,14/09/2024,5,2,66%,0.00,3,11,1,5,,273,7,5,1,,5,1,3,3,8,3,2,1,1,,2,1,238,9,35,,17/22 (77%),4/12 (33%),46%,10,17/40 (43%),4/6 (67%),5/10 (50%),100%,7,1,26,5,,1,,,,,4
12596663,98,64425,NORMAL,REGULAR,Round 5,LEAGUE,77629,Çorum FK,Visita,2ND,14/09/2024,5,2,64%,0.00,5,7,0,1,,320,6,6,0,,4,0,3,0,6,1,2,3,2,,3,1,288,13,26,,20/25 (80%),3/8 (38%),49%,12,25/53 (47%),2/2 (100%),13/19 (68%),83%,6,8,22,2,,0,,,,,3
12596656,98,64425,NORMAL,REGULAR,Round 6,LEAGUE,202391,Manisa FK,Local,ALL,20/09/2024,6,5,58%,0.00,8,30,2,11,19,454,13,6,1,,14,0,12,4,17,13,3,5,4,45,1,2,384,19,63,106/144 (74%),24/32 (75%),7/19 (37%),53%,6,37/83 (45%),23/30 (77%),18/34 (53%),54%,13,12,58,9,,2,,0,,,4
12596656,98,64425,NORMAL,REGULAR,Round 6,LEAGUE,202391,Manisa FK,Local,1ST,20/09/2024,6,3,60%,0.00,3,14,0,5,,223,7,3,0,,6,0,7,1,8,6,2,1,2,,0,1,186,9,35,,11/14 (79%),5/9 (56%),57%,4,16/37 (43%),15/17 (88%),6/11 (55%),43%,7,8,30,4,,0,,,,,2
12596656,98,64425,NORMAL,REGULAR,Round 6,LEAGUE,202391,Manisa FK,Local,2ND,20/09/2024,6,2,55%,0.00,5,16,2,6,,231,6,3,1,,8,0,5,3,9,7,1,4,2,,1,1,198,10,28,,13/18 (72%),2/10 (20%),49%,2,21/46 (46%),8/13 (62%),12/23 (52%),67%,6,4,28,5,,2,,,,,2
12596656,98,64425,NORMAL,REGULAR,Round 6,LEAGUE,24759,Yeni Malatyaspor,Visita,ALL,20/09/2024,6,1,42%,0.00,1,5,9,1,7,340,22,18,2,,3,0,1,1,1,4,1,0,0,7,1,1,248,14,35,28/55 (51%),23/62 (37%),1/6 (17%),47%,5,46/83 (55%),7/30 (23%),8/16 (50%),73%,22,21,46,19,,9,,4,,,14
12596656,98,64425,NORMAL,REGULAR,Round 6,LEAGUE,24759,Yeni Malatyaspor,Visita,1ST,20/09/2024,6,1,40%,0.00,1,1,3,1,,150,9,7,0,,1,0,0,0,1,0,1,0,0,,0,0,101,8,25,,15/42 (36%),1/5 (20%),43%,3,21/37 (57%),2/17 (12%),6/10 (60%),89%,9,11,25,7,,3,,,,,8
12596656,98,64425,NORMAL,REGULAR,Round 6,LEAGUE,24759,Yeni Malatyaspor,Visita,2ND,20/09/2024,6,0,45%,0.00,0,4,6,0,,190,13,11,2,,2,0,1,1,0,4,0,0,0,,1,1,147,6,10,,8/20 (40%),0/1 (0%),51%,2,25/46 (54%),5/13 (38%),2/6 (33%),62%,13,10,21,12,,6,,,,,6
12888271,98,64425,NORMAL,REGULAR,Round 2,LEAGUE,262480,Esenler Erokspor,Local,ALL,24/09/2024,2,2,53%,0.00,5,24,0,12,15,444,17,7,2,,9,0,10,5,17,7,2,3,1,31,1,1,363,26,73,95/147 (65%),30/48 (63%),8/25 (32%),47%,14,32/78 (41%),18/28 (64%),8/19 (42%),65%,17,11,59,5,,0,,0,,,4
12888271,98,64425,NORMAL,REGULAR,Round 2,LEAGUE,262480,Esenler Erokspor,Local,1ST,24/09/2024,2,1,58%,0.00,3,13,0,6,,239,6,4,1,,5,0,6,2,10,3,1,2,0,,1,0,194,13,42,,15/29 (52%),6/14 (43%),50%,5,15/34 (44%),10/16 (63%),5/8 (63%),83%,6,7,30,3,,0,,,,,3
12888271,98,64425,NORMAL,REGULAR,Round 2,LEAGUE,262480,Esenler Erokspor,Local,2ND,24/09/2024,2,1,48%,0.00,2,11,0,6,,205,11,3,1,,4,0,4,3,7,4,1,1,1,,0,1,169,13,31,,15/19 (79%),2/11 (18%),45%,9,17/44 (39%),8/12 (67%),3/11 (27%),55%,11,4,29,2,,0,,,,,1
12888271,98,64425,NORMAL,REGULAR,Round 2,LEAGUE,24759,Yeni Malatyaspor,Visita,ALL,24/09/2024,2,1,47%,0.00,0,5,7,1,7,409,25,15,1,,1,0,2,2,2,3,0,0,0,5,1,2,326,24,35,40/64 (63%),26/60 (43%),1/11 (9%),53%,10,46/78 (59%),10/28 (36%),6/13 (46%),64%,25,9,44,22,,7,,2,,,15
12888271,98,64425,NORMAL,REGULAR,Round 2,LEAGUE,24759,Yeni Malatyaspor,Visita,1ST,24/09/2024,2,0,42%,0.00,0,2,4,0,,175,8,8,1,,0,0,1,1,1,1,0,0,0,,1,2,131,14,24,,11/31 (35%),1/7 (14%),50%,4,19/34 (56%),6/16 (38%),3/5 (60%),50%,8,2,21,12,,4,,,,,9
12888271,98,64425,NORMAL,REGULAR,Round 2,LEAGUE,24759,Yeni Malatyaspor,Visita,2ND,24/09/2024,2,1,52%,0.00,0,3,3,1,,234,17,7,0,,1,0,1,1,1,2,0,0,0,,0,0,195,10,11,,15/29 (52%),0/4 (0%),55%,6,27/44 (61%),4/12 (33%),3/8 (38%),71%,17,7,23,10,,3,,,,,6
12596649,98,64425,NORMAL,REGULAR,Round 7,LEAGUE,24759,Yeni Malatyaspor,Local,ALL,29/09/2024,7,2,38%,0.00,1,4,2,1,3,401,26,13,0,,3,0,0,1,2,2,1,,0,4,2,3,325,23,26,15/35 (43%),15/43 (35%),1/5 (20%),57%,11,44/73 (60%),4/11 (36%),5/12 (42%),50%,26,8,42,10,,2,,0,,0,10
12596649,98,64425,NORMAL,REGULAR,Round 7,LEAGUE,24759,Yeni Malatyaspor,Local,1ST,29/09/2024,7,0,37%,0.00,0,1,1,0,,218,8,5,0,,0,0,0,1,0,1,0,,0,,1,0,181,10,11,,6/20 (30%),0/3 (0%),47%,7,13/27 (48%),4/9 (44%),0/2 (0%),38%,8,7,20,7,,1,,,,,7
12596649,98,64425,NORMAL,REGULAR,Round 7,LEAGUE,24759,Yeni Malatyaspor,Local,2ND,29/09/2024,7,2,40%,0.00,1,3,1,1,,183,18,8,0,,3,0,0,0,2,1,1,,0,,1,3,144,13,15,,9/23 (39%),1/2 (50%),65%,4,31/46 (67%),0/2 (0%),5/10 (50%),56%,18,1,22,3,,1,,,,,3
12596649,98,64425,NORMAL,REGULAR,Round 7,LEAGUE,207011,Amed Sportif Faaliyetler,Visita,ALL,29/09/2024,7,4,62%,0.00,4,14,1,5,13,647,18,3,3,,6,0,6,2,9,5,4,,3,35,1,2,579,17,60,109/139 (78%),14/31 (45%),4/11 (36%),43%,14,29/73 (40%),7/11 (64%),8/20 (40%),39%,18,11,52,8,,1,,1,,1,0
12596649,98,64425,NORMAL,REGULAR,Round 7,LEAGUE,207011,Amed Sportif Faaliyetler,Visita,1ST,29/09/2024,7,2,63%,0.00,2,9,0,5,,367,9,0,1,,3,0,5,1,6,3,2,,3,,0,1,331,7,37,,9/14 (64%),2/7 (29%),53%,6,14/27 (52%),5/9 (56%),5/7 (71%),44%,9,3,28,5,,0,,,,,0
12596649,98,64425,NORMAL,REGULAR,Round 7,LEAGUE,207011,Amed Sportif Faaliyetler,Visita,2ND,29/09/2024,7,2,60%,0.00,2,5,1,0,,280,9,3,2,,3,0,1,1,3,2,2,,0,,1,1,248,10,23,,5/17 (29%),2/4 (50%),35%,8,15/46 (33%),2/2 (100%),3/13 (23%),33%,9,8,24,3,,1,,,,,0
12596639,98,64425,NORMAL,REGULAR,Round 8,LEAGUE,3090,Şanlıurfaspor,Local,ALL,05/10/2024,8,3,62%,0.00,7,24,5,10,16,495,16,6,0,1,10,1,12,2,22,2,2,5,1,40,1,3,424,20,72,104/143 (73%),31/55 (56%),15/37 (41%),54%,8,34/67 (51%),17/28 (61%),12/19 (63%),69%,16,12,60,7,,5,,1,2,,4
12596639,98,64425,NORMAL,REGULAR,Round 8,LEAGUE,3090,Şanlıurfaspor,Local,1ST,05/10/2024,8,0,65%,0.00,1,12,2,6,,242,6,4,0,0,3,1,7,2,12,0,0,1,1,,1,2,205,10,41,,17/28 (61%),10/21 (48%),48%,5,16/37 (43%),8/13 (62%),6/9 (67%),83%,6,8,26,2,,2,,,,,2
12596639,98,64425,NORMAL,REGULAR,Round 8,LEAGUE,3090,Şanlıurfaspor,Local,2ND,05/10/2024,8,3,59%,0.00,6,12,3,4,,253,10,2,0,1,7,0,5,0,10,2,2,4,0,,0,1,219,10,31,,14/27 (52%),5/16 (31%),60%,3,18/30 (60%),9/15 (60%),6/10 (60%),60%,10,4,34,5,,3,,,,,2
12596639,98,64425,NORMAL,REGULAR,Round 8,LEAGUE,24759,Yeni Malatyaspor,Visita,ALL,05/10/2024,8,0,38%,0.00,1,8,7,4,6,326,15,16,2,0,5,0,2,1,2,6,0,1,0,6,2,2,241,15,32,19/43 (44%),19/63 (30%),1/8 (13%),46%,11,33/67 (49%),11/28 (39%),2/7 (29%),73%,15,14,42,27,,7,,1,0,,12
12596639,98,64425,NORMAL,REGULAR,Round 8,LEAGUE,24759,Yeni Malatyaspor,Visita,1ST,05/10/2024,8,0,35%,0.00,1,2,3,1,,137,8,12,1,0,2,0,0,0,1,1,0,1,0,,1,2,95,9,18,,13/37 (35%),0/4 (0%),52%,4,21/37 (57%),5/13 (38%),1/3 (33%),88%,8,7,17,15,,3,,,,,6
12596639,98,64425,NORMAL,REGULAR,Round 8,LEAGUE,24759,Yeni Malatyaspor,Visita,2ND,05/10/2024,8,0,41%,0.00,0,6,4,3,,189,7,4,1,0,3,0,2,1,1,5,0,0,0,,1,0,146,6,14,,6/26 (23%),1/4 (25%),40%,7,12/30 (40%),6/15 (40%),1/4 (25%),57%,7,7,25,12,,4,,,,,6
12596624,98,64425,NORMAL,REGULAR,Round 9,LEAGUE,24759,Yeni Malatyaspor,Local,ALL,18/10/2024,9,0,33%,0.00,1,4,8,2,10,264,17,18,3,,1,0,3,0,1,3,0,1,1,4,1,4,191,21,31,17/35 (49%),31/65 (48%),3/7 (43%),49%,10,38/78 (49%),7/14 (50%),3/14 (21%),71%,17,15,44,26,,8,,3,1,,17
12596624,98,64425,NORMAL,REGULAR,Round 9,LEAGUE,24759,Yeni Malatyaspor,Local,1ST,18/10/2024,9,0,29%,0.00,0,1,4,0,,113,6,7,1,,0,0,1,0,0,1,0,0,0,,1,2,75,11,13,,12/32 (38%),1/3 (33%),45%,3,15/32 (47%),5/12 (42%),2/8 (25%),83%,6,5,17,22,,4,,,,,11
12596624,98,64425,NORMAL,REGULAR,Round 9,LEAGUE,24759,Yeni Malatyaspor,Local,2ND,18/10/2024,9,0,37%,0.00,1,3,4,2,,151,11,11,2,,1,0,2,0,1,2,0,1,1,,0,2,116,10,18,,19/33 (58%),2/4 (50%),52%,7,23/46 (50%),2/2 (100%),1/6 (17%),64%,11,10,27,4,,4,,,,,6
12596624,98,64425,NORMAL,REGULAR,Round 9,LEAGUE,3103,MKE Ankaragücü,Visita,ALL,18/10/2024,9,3,67%,0.00,8,24,0,7,19,530,21,8,3,,12,1,10,2,16,8,2,6,1,42,5,3,458,21,59,122/164 (74%),25/38 (66%),2/18 (11%),51%,5,40/78 (51%),7/14 (50%),11/23 (48%),71%,21,8,57,2,,0,,0,0,,3
12596624,98,64425,NORMAL,REGULAR,Round 9,LEAGUE,3103,MKE Ankaragücü,Visita,1ST,18/10/2024,9,2,71%,0.00,4,14,0,5,,275,9,2,1,,7,1,6,1,9,5,1,3,0,,3,1,229,11,31,,9/18 (50%),1/14 (7%),55%,1,17/32 (53%),7/12 (58%),6/11 (55%),89%,9,2,29,1,,0,,,,,1
12596624,98,64425,NORMAL,REGULAR,Round 9,LEAGUE,3103,MKE Ankaragücü,Visita,2ND,18/10/2024,9,1,63%,0.00,4,10,0,2,,255,12,6,2,,5,0,4,1,7,3,1,3,1,,2,2,229,10,28,,16/20 (80%),1/4 (25%),48%,4,23/46 (50%),0/2 (0%),5/12 (42%),58%,12,6,28,1,,0,,,,,2
12596623,98,64425,NORMAL,REGULAR,Round 10,LEAGUE,55625,Ümraniyespor,Local,ALL,26/10/2024,10,2,71%,0.00,3,19,0,7,18,707,14,16,2,,6,2,8,5,11,8,2,1,,23,2,,613,29,78,133/190 (70%),15/38 (39%),5/19 (26%),46%,10,38/91 (42%),14/23 (61%),8/25 (32%),50%,14,10,53,6,,0,,0,0,,3
12596623,98,64425,NORMAL,REGULAR,Round 10,LEAGUE,55625,Ümraniyespor,Local,1ST,26/10/2024,10,1,74%,0.00,1,9,0,3,,396,5,8,0,,3,0,2,4,4,5,1,0,,,0,,342,15,40,,10/22 (45%),3/9 (33%),48%,5,19/43 (44%),9/15 (60%),6/14 (43%),60%,5,3,24,4,,0,,,,,1
12596623,98,64425,NORMAL,REGULAR,Round 10,LEAGUE,55625,Ümraniyespor,Local,2ND,26/10/2024,10,1,67%,0.00,2,10,0,4,,311,9,8,2,,3,2,6,1,7,3,1,1,,,2,,271,14,38,,5/16 (31%),2/10 (20%),43%,5,19/48 (40%),5/8 (63%),2/11 (18%),44%,9,7,29,2,,0,,,,,2
12596623,98,64425,NORMAL,REGULAR,Round 10,LEAGUE,24759,Yeni Malatyaspor,Visita,ALL,26/10/2024,10,0,29%,0.00,0,5,4,1,18,294,27,17,3,,0,1,3,2,1,4,0,0,,9,2,,222,17,27,30/43 (70%),18/49 (37%),1/6 (17%),54%,9,53/91 (58%),9/23 (39%),9/14 (64%),78%,27,20,49,28,,4,,1,1,,6
12596623,98,64425,NORMAL,REGULAR,Round 10,LEAGUE,24759,Yeni Malatyaspor,Visita,1ST,26/10/2024,10,0,26%,0.00,0,3,2,0,,138,13,8,1,,0,1,2,1,0,3,0,0,,,1,,104,6,16,,10/26 (38%),0/3 (0%),52%,5,24/43 (56%),6/15 (40%),3/3 (100%),77%,13,10,20,17,,2,,,,,3
12596623,98,64425,NORMAL,REGULAR,Round 10,LEAGUE,24759,Yeni Malatyaspor,Visita,2ND,26/10/2024,10,0,33%,0.00,0,2,2,1,,156,14,9,2,,0,0,1,1,1,1,0,0,,,1,,118,11,11,,8/23 (35%),1/3 (33%),57%,4,29/48 (60%),3/8 (38%),6/11 (55%),79%,14,10,29,11,,2,,,,,3
12596609,98,64425,NORMAL,REGULAR,Round 11,LEAGUE,24759,Yeni Malatyaspor,Local,ALL,03/11/2024,11,0,40%,0.00,2,8,2,2,14,326,16,16,2,,2,0,5,1,3,5,,2,,5,2,2,252,19,40,27/52 (52%),18/49 (37%),3/10 (30%),49%,3,44/78 (56%),4/19 (21%),13/21 (62%),44%,16,5,40,20,0,2,,0,,,9
12596609,98,64425,NORMAL,REGULAR,Round 11,LEAGUE,24759,Yeni Malatyaspor,Local,1ST,03/11/2024,11,0,42%,0.00,0,0,1,1,,158,11,7,0,,0,0,0,0,0,0,,0,,,0,2,110,10,21,,8/29 (28%),0/4 (0%),49%,3,25/43 (58%),2/12 (17%),8/12 (67%),55%,11,2,25,12,,1,,,,,6
12596609,98,64425,NORMAL,REGULAR,Round 11,LEAGUE,24759,Yeni Malatyaspor,Local,2ND,03/11/2024,11,0,38%,0.00,2,8,1,1,,168,5,9,2,,2,0,5,1,3,5,,2,,,2,0,142,9,19,,10/20 (50%),3/6 (50%),50%,0,19/35 (54%),2/7 (29%),5/9 (56%),20%,5,3,15,8,,1,,,,,3
12596609,98,64425,NORMAL,REGULAR,Round 11,LEAGUE,3080,Sakaryaspor,Visita,ALL,03/11/2024,11,2,60%,0.00,2,16,2,5,16,471,11,14,2,,4,2,7,5,13,3,,2,,22,2,3,395,25,63,80/117 (68%),28/47 (60%),14/32 (44%),51%,10,34/78 (44%),15/19 (79%),9/15 (60%),36%,11,4,53,9,1,2,,1,,,5
12596609,98,64425,NORMAL,REGULAR,Round 11,LEAGUE,3080,Sakaryaspor,Visita,1ST,03/11/2024,11,1,58%,0.00,0,9,0,3,,205,7,6,0,,2,0,4,3,7,2,,0,,,1,3,162,15,35,,18/28 (64%),8/19 (42%),51%,8,18/43 (42%),10/12 (83%),5/8 (63%),43%,7,2,32,1,,0,,,,,1
12596609,98,64425,NORMAL,REGULAR,Round 11,LEAGUE,3080,Sakaryaspor,Visita,2ND,03/11/2024,11,1,62%,0.00,2,7,2,2,,266,4,8,2,,2,2,3,2,6,1,,2,,,1,0,233,10,28,,10/19 (53%),6/13 (46%),50%,2,16/35 (46%),5/7 (71%),4/7 (57%),25%,4,2,21,8,,2,,,,,4
12596601,98,64425,NORMAL,REGULAR,Round 12,LEAGUE,4954,Fatih Karagümrük,Local,ALL,09/11/2024,12,6,57%,0.00,6,14,1,6,15,505,5,12,2,0,7,2,4,3,11,3,5,1,0,29,4,2,441,15,51,64/95 (67%),20/37 (54%),4/13 (31%),52%,7,32/65 (49%),12/19 (63%),14/23 (61%),60%,5,16,43,8,0,1,,1,,,9
12596601,98,64425,NORMAL,REGULAR,Round 12,LEAGUE,4954,Fatih Karagümrük,Local,1ST,09/11/2024,12,4,58%,0.00,4,9,0,2,,289,2,1,1,0,5,2,3,1,7,2,3,1,0,,1,2,258,4,29,,7/16 (44%),2/6 (33%),45%,3,14/29 (48%),4/11 (36%),10/16 (63%),50%,2,7,28,5,,0,,,,,4
12596601,98,64425,NORMAL,REGULAR,Round 12,LEAGUE,4954,Fatih Karagümrük,Local,2ND,09/11/2024,12,2,56%,0.00,2,5,1,4,,216,3,11,1,0,2,0,1,2,4,1,2,0,0,,3,0,183,11,22,,13/21 (62%),2/7 (29%),59%,4,18/36 (50%),8/8 (100%),4/7 (57%),67%,3,9,15,3,,1,,,,,5
12596601,98,64425,NORMAL,REGULAR,Round 12,LEAGUE,24759,Yeni Malatyaspor,Visita,ALL,09/11/2024,12,1,43%,0.00,0,9,1,3,14,377,16,15,4,1,2,0,7,0,3,6,0,0,1,6,2,0,291,10,37,36/59 (61%),19/42 (45%),1/10 (10%),48%,3,33/65 (51%),7/19 (37%),5/7 (71%),81%,16,8,49,22,1,1,,0,,,6
12596601,98,64425,NORMAL,REGULAR,Round 12,LEAGUE,24759,Yeni Malatyaspor,Visita,1ST,09/11/2024,12,1,42%,0.00,0,3,1,1,,209,9,7,0,0,1,0,2,0,0,3,0,0,0,,1,0,155,6,28,,13/26 (50%),0/4 (0%),55%,1,15/29 (52%),7/11 (64%),2/3 (67%),89%,9,4,24,11,,1,,,,,3
12596601,98,64425,NORMAL,REGULAR,Round 12,LEAGUE,24759,Yeni Malatyaspor,Visita,2ND,09/11/2024,12,0,44%,0.00,0,6,0,2,,168,7,8,4,1,1,0,5,0,3,3,0,0,1,,1,0,136,4,9,,6/16 (38%),1/6 (17%),41%,2,18/36 (50%),0/8 (0%),3/4 (75%),71%,7,4,25,11,,0,,,,,3
12596581,98,64425,NORMAL,REGULAR,Round 13,LEAGUE,24759,Yeni Malatyaspor,Local,ALL,23/11/2024,13,1,39%,0.00,1,11,5,2,4,335,22,18,1,1,6,0,5,0,2,9,1,0,1,6,2,,263,12,43,36/63 (57%),23/61 (38%),0/8 (0%),57%,9,50/78 (64%),6/21 (29%),11/14 (79%),73%,22,14,52,25,,5,,3,2,,14
12596581,98,64425,NORMAL,REGULAR,Round 13,LEAGUE,24759,Yeni Malatyaspor,Local,1ST,23/11/2024,13,0,37%,0.00,0,4,2,0,,153,9,11,0,0,2,0,2,0,1,3,0,0,1,,1,,114,8,24,,12/33 (36%),0/3 (0%),55%,5,25/40 (63%),3/11 (27%),5/8 (63%),56%,9,6,25,15,,2,,,,,8
12596581,98,64425,NORMAL,REGULAR,Round 13,LEAGUE,24759,Yeni Malatyaspor,Local,2ND,23/11/2024,13,1,41%,0.00,1,7,3,2,,182,13,7,1,1,4,0,3,0,1,6,1,0,0,,1,,149,4,19,,11/28 (39%),0/5 (0%),58%,4,25/38 (66%),3/10 (30%),6/6 (100%),85%,13,8,27,10,,3,,,,,6
12596581,98,64425,NORMAL,REGULAR,Round 13,LEAGUE,3066,İstanbulspor,Visita,ALL,23/11/2024,13,4,61%,0.00,5,26,5,10,18,496,12,4,2,0,9,2,11,6,16,10,4,1,0,38,2,,444,21,54,154/183 (84%),14/18 (78%),9/33 (27%),43%,9,28/78 (36%),15/21 (71%),12/25 (48%),75%,12,7,63,7,,5,,1,0,,6
12596581,98,64425,NORMAL,REGULAR,Round 13,LEAGUE,3066,İstanbulspor,Visita,1ST,23/11/2024,13,2,63%,0.00,2,11,2,4,,243,8,1,2,0,4,1,6,1,6,5,2,0,0,,1,,214,14,25,,7/9 (78%),4/20 (20%),45%,3,15/40 (38%),8/11 (73%),6/12 (50%),63%,8,2,31,2,,2,,,,,2
12596581,98,64425,NORMAL,REGULAR,Round 13,LEAGUE,3066,İstanbulspor,Visita,2ND,23/11/2024,13,2,59%,0.00,3,15,3,6,,253,4,3,0,0,5,1,5,5,10,5,2,1,0,,1,,230,7,29,,7/9 (78%),5/13 (38%),42%,6,13/38 (34%),7/10 (70%),6/13 (46%),100%,4,5,32,5,,3,,,,,4
12596583,98,64425,NORMAL,REGULAR,Round 14,LEAGUE,44320,Bandırmaspor,Local,ALL,30/11/2024,14,2,68%,0.00,6,19,4,8,16,526,18,21,1,,7,0,6,6,13,6,1,5,2,35,8,1,442,18,76,138/183 (75%),22/47 (47%),5/29 (17%),55%,13,53/96 (55%),19/35 (54%),14/25 (56%),72%,18,6,57,15,0,4,,0,1,0,3
12596583,98,64425,NORMAL,REGULAR,Round 14,LEAGUE,44320,Bandırmaspor,Local,1ST,30/11/2024,14,1,67%,0.00,4,8,1,3,,231,11,13,0,,2,0,3,3,6,2,1,3,0,,4,1,181,9,40,,9/25 (36%),0/14 (0%),55%,9,26/45 (58%),13/26 (50%),2/7 (29%),82%,11,4,26,7,,1,,,,,2
12596583,98,64425,NORMAL,REGULAR,Round 14,LEAGUE,44320,Bandırmaspor,Local,2ND,30/11/2024,14,1,70%,0.00,2,11,3,5,,295,7,8,1,,5,0,3,3,7,4,0,2,2,,4,0,261,9,36,,13/22 (59%),5/15 (33%),55%,4,27/51 (53%),6/9 (67%),12/18 (67%),57%,7,2,31,8,,3,,,,,1
12596583,98,64425,NORMAL,REGULAR,Round 14,LEAGUE,24759,Yeni Malatyaspor,Visita,ALL,30/11/2024,14,0,32%,0.00,0,4,3,0,22,250,24,16,5,,3,0,0,1,0,4,0,0,0,4,2,1,160,23,45,21/62 (34%),26/71 (37%),2/9 (22%),45%,15,43/96 (45%),16/35 (46%),5/8 (63%),50%,24,15,51,27,1,3,,1,2,1,9
12596583,98,64425,NORMAL,REGULAR,Round 14,LEAGUE,24759,Yeni Malatyaspor,Visita,1ST,30/11/2024,14,0,33%,0.00,0,0,1,0,,120,14,5,3,,0,0,0,0,0,0,0,0,0,,0,0,65,15,29,,13/40 (33%),1/3 (33%),45%,9,19/45 (42%),13/26 (50%),2/4 (50%),43%,14,5,25,10,,1,,,,,4
12596583,98,64425,NORMAL,REGULAR,Round 14,LEAGUE,24759,Yeni Malatyaspor,Visita,2ND,30/11/2024,14,0,30%,0.00,0,4,2,0,,130,10,11,2,,3,0,0,1,0,4,0,0,0,,2,1,95,8,16,,13/31 (42%),1/6 (17%),45%,6,24/51 (47%),3/9 (33%),3/4 (75%),60%,10,10,26,17,,2,,,,,5
12596572,98,64425,NORMAL,REGULAR,Round 15,LEAGUE,24759,Yeni Malatyaspor,Local,ALL,07/12/2024,15,1,29%,0.00,0,4,2,1,15,252,17,10,2,,2,0,2,0,1,3,0,0,,3,0,3,172,23,40,28/56 (50%),13/52 (25%),2/7 (29%),40%,13,31/69 (45%),6/23 (26%),4/11 (36%),76%,17,14,47,31,,2,,,,,13
12596572,98,64425,NORMAL,REGULAR,Round 15,LEAGUE,24759,Yeni Malatyaspor,Local,1ST,07/12/2024,15,0,27%,0.00,0,1,1,1,,111,9,3,0,,0,0,1,0,0,1,0,0,,,0,2,73,10,21,,7/29 (24%),1/2 (50%),44%,5,13/27 (48%),4/12 (33%),1/3 (33%),78%,9,6,22,18,,1,,,,,9
12596572,98,64425,NORMAL,REGULAR,Round 15,LEAGUE,24759,Yeni Malatyaspor,Local,2ND,07/12/2024,15,1,31%,0.00,0,3,1,0,,141,8,7,2,,2,0,1,0,1,2,0,0,,,0,1,99,13,19,,6/23 (26%),1/5 (20%),38%,8,18/42 (43%),2/11 (18%),3/8 (38%),75%,8,8,25,13,,1,,,,,4
12596572,98,64425,NORMAL,REGULAR,Round 15,LEAGUE,3065,Kocaelispor,Visita,ALL,07/12/2024,15,3,71%,0.00,2,13,1,7,10,613,20,15,2,,6,0,5,2,10,3,1,1,,27,3,1,534,29,73,91/137 (66%),43/55 (78%),3/21 (14%),60%,4,38/69 (55%),17/23 (74%),4/17 (24%),90%,20,8,51,9,,1,,,,,1
12596572,98,64425,NORMAL,REGULAR,Round 15,LEAGUE,3065,Kocaelispor,Visita,1ST,07/12/2024,15,2,73%,0.00,1,6,0,4,,293,7,5,1,,3,0,3,0,6,0,1,0,,,2,1,254,13,32,,20/25 (80%),3/14 (21%),56%,2,14/27 (52%),8/12 (67%),3/10 (30%),100%,7,4,28,5,,0,,,,,1
12596572,98,64425,NORMAL,REGULAR,Round 15,LEAGUE,3065,Kocaelispor,Visita,2ND,07/12/2024,15,1,69%,0.00,1,7,1,3,,320,13,10,1,,3,0,2,2,4,3,0,1,,,1,0,280,16,41,,23/30 (77%),0/7 (0%),62%,2,24/42 (57%),9/11 (82%),1/7 (14%),85%,13,4,23,4,,1,,,,,0
12596552,98,64425,NORMAL,REGULAR,Round 16,LEAGUE,3069,Adanaspor,Local,ALL,13/12/2024,16,3,65%,0.00,6,18,2,5,13,425,17,19,0,,8,0,7,3,14,4,2,4,2,45,5,3,319,38,61,113/164 (69%),23/46 (50%),7/30 (23%),54%,9,44/86 (51%),29/48 (60%),8/16 (50%),65%,17,8,43,6,,2,,0,0,0,5
12596552,98,64425,NORMAL,REGULAR,Round 16,LEAGUE,3069,Adanaspor,Local,1ST,13/12/2024,16,0,64%,0.00,4,12,1,4,,226,7,13,0,,4,0,5,3,11,1,0,4,2,,1,3,176,15,32,,12/24 (50%),6/17 (35%),54%,4,23/45 (51%),15/26 (58%),4/7 (57%),57%,7,2,22,2,,1,,,,,2
12596552,98,64425,NORMAL,REGULAR,Round 16,LEAGUE,3069,Adanaspor,Local,2ND,13/12/2024,16,3,66%,0.00,2,6,1,1,,199,10,6,0,,4,0,2,0,3,3,2,0,0,,4,0,143,23,29,,11/22 (50%),1/13 (8%),56%,5,21/41 (51%),14/22 (64%),4/9 (44%),70%,10,6,21,4,,1,,,,,3
12596552,98,64425,NORMAL,REGULAR,Round 16,LEAGUE,24759,Yeni Malatyaspor,Visita,ALL,13/12/2024,16,1,35%,0.00,2,5,5,0,21,242,17,13,7,,2,0,3,0,2,3,1,1,0,3,4,1,136,12,42,12/54 (22%),17/74 (23%),1/2 (50%),46%,14,42/86 (49%),19/48 (40%),13/16 (81%),71%,17,16,46,33,,5,,1,2,1,12
12596552,98,64425,NORMAL,REGULAR,Round 16,LEAGUE,24759,Yeni Malatyaspor,Visita,1ST,13/12/2024,16,1,36%,0.00,2,2,4,0,,134,7,8,2,,1,0,1,0,2,0,1,1,0,,3,0,79,5,28,,14/47 (30%),1/2 (50%),46%,5,22/45 (49%),11/26 (42%),8/10 (80%),57%,7,7,21,22,,4,,,,,6
12596552,98,64425,NORMAL,REGULAR,Round 16,LEAGUE,24759,Yeni Malatyaspor,Visita,2ND,13/12/2024,16,0,34%,0.00,0,3,1,0,,108,10,5,5,,1,0,2,0,0,3,0,0,0,,1,1,57,7,14,,3/27 (11%),0/0 (0%),44%,9,20/41 (49%),8/22 (36%),5/6 (83%),80%,10,9,25,11,,1,,,,,6
12596553,98,64425,NORMAL,REGULAR,Round 17,LEAGUE,388264,Iğdır FK,Local,ALL,21/12/2024,17,3,80%,0.00,3,22,0,11,15,757,12,10,1,,5,0,8,9,16,6,2,1,0,49,3,3,690,21,81,181/228 (79%),36/50 (72%),6/23 (26%),51%,13,47/86 (55%),9/23 (39%),25/31 (81%),83%,12,12,45,10,0,0,,,0,0,8
12596553,98,64425,NORMAL,REGULAR,Round 17,LEAGUE,388264,Iğdır FK,Local,1ST,21/12/2024,17,2,80%,0.00,1,10,0,5,,380,6,5,0,,3,0,4,3,8,2,1,0,0,,2,2,344,11,44,,16/21 (76%),2/10 (20%),47%,8,24/45 (53%),3/13 (23%),13/17 (76%),83%,6,7,27,1,,0,,,,,4
12596553,98,64425,NORMAL,REGULAR,Round 17,LEAGUE,388264,Iğdır FK,Local,2ND,21/12/2024,17,1,80%,0.00,2,12,0,6,,377,6,5,1,,2,0,4,6,8,4,1,1,0,,1,1,346,10,37,,20/29 (69%),4/13 (31%),57%,5,23/41 (56%),6/10 (60%),12/14 (86%),83%,6,5,18,9,,0,,,,,4
12596553,98,64425,NORMAL,REGULAR,Round 17,LEAGUE,24759,Yeni Malatyaspor,Visita,ALL,21/12/2024,17,0,20%,0.00,1,2,2,0,10,188,19,15,0,,0,0,2,0,2,0,0,1,1,8,2,2,131,17,28,19/42 (45%),18/40 (45%),2/6 (33%),49%,9,39/86 (45%),14/23 (61%),7/10 (70%),63%,19,8,41,27,1,2,,,2,1,11
12596553,98,64425,NORMAL,REGULAR,Round 17,LEAGUE,24759,Yeni Malatyaspor,Visita,1ST,21/12/2024,17,0,20%,0.00,1,1,1,0,,92,12,8,0,,0,0,1,0,1,0,0,1,1,,0,2,60,9,10,,11/24 (46%),1/2 (50%),53%,4,21/45 (47%),10/13 (77%),3/5 (60%),67%,12,5,25,12,,1,,,,,6
12596553,98,64425,NORMAL,REGULAR,Round 17,LEAGUE,24759,Yeni Malatyaspor,Visita,2ND,21/12/2024,17,0,20%,0.00,0,1,1,0,,96,7,7,0,,0,0,1,0,1,0,0,0,0,,2,0,71,8,18,,7/16 (44%),1/4 (25%),43%,5,18/41 (44%),4/10 (40%),4/5 (80%),57%,7,3,16,15,,1,,,,,5
12596542,98,64425,NORMAL,REGULAR,Round 18,LEAGUE,24759,Yeni Malatyaspor,Local,ALL,04/01/2025,18,2,47%,0.00,4,10,4,1,11,403,18,10,1,,5,0,2,3,6,4,1,3,1,13,3,1,324,12,30,24/45 (53%),20/50 (40%),3/8 (38%),42%,7,36/79 (46%),6/22 (27%),9/16 (56%),61%,18,9,51,26,0,4,,,3,0,10
12596542,98,64425,NORMAL,REGULAR,Round 18,LEAGUE,24759,Yeni Malatyaspor,Local,1ST,04/01/2025,18,1,48%,0.00,3,7,3,1,,203,7,7,1,,3,0,1,3,4,3,1,2,1,,2,0,158,5,17,,10/29 (34%),2/5 (40%),46%,3,17/36 (47%),5/12 (42%),4/7 (57%),71%,7,6,24,13,,3,,,,,5
12596542,98,64425,NORMAL,REGULAR,Round 18,LEAGUE,24759,Yeni Malatyaspor,Local,2ND,04/01/2025,18,1,45%,0.00,1,3,1,0,,200,11,3,0,,2,0,1,0,2,1,0,1,0,,1,1,166,7,13,,10/21 (48%),1/3 (33%),38%,4,19/43 (44%),1/10 (10%),5/9 (56%),55%,11,3,27,13,,1,,,,,5
12596542,98,64425,NORMAL,REGULAR,Round 18,LEAGUE,6414,Boluspor,Visita,ALL,04/01/2025,18,4,53%,0.00,4,18,3,9,11,470,14,11,4,,9,0,7,2,14,4,2,2,7,50,1,5,400,26,48,129/176 (73%),26/42 (62%),6/13 (46%),58%,7,43/79 (54%),16/22 (73%),19/30 (63%),43%,14,9,55,9,1,3,,,0,1,2
12596542,98,64425,NORMAL,REGULAR,Round 18,LEAGUE,6414,Boluspor,Visita,1ST,04/01/2025,18,2,52%,0.00,3,9,2,3,,229,6,7,3,,5,0,3,1,8,1,2,1,5,,1,1,189,14,18,,12/21 (57%),1/3 (33%),54%,2,19/36 (53%),7/12 (58%),6/11 (55%),33%,6,5,25,4,,2,,,,,1
12596542,98,64425,NORMAL,REGULAR,Round 18,LEAGUE,6414,Boluspor,Visita,2ND,04/01/2025,18,2,55%,0.00,1,9,1,6,,241,8,4,1,,4,0,4,1,6,3,0,1,2,,0,4,211,12,30,,14/21 (67%),5/10 (50%),62%,5,24/43 (56%),9/10 (90%),13/19 (68%),50%,8,4,30,5,,1,,,,,1
12596530,98,64425,NORMAL,REGULAR,Round 19,LEAGUE,7802,Gençlerbirliği,Local,ALL,12/01/2025,19,3,77%,0.00,4,26,0,5,6,665,21,15,,0,8,2,13,5,18,8,2,2,1,37,3,2,590,23,92,156/202 (77%),22/36 (61%),9/30 (30%),65%,7,49/79 (62%),21/28 (75%),13/22 (59%),67%,21,11,51,5,0,0,,0,0,,1
12596530,98,64425,NORMAL,REGULAR,Round 19,LEAGUE,7802,Gençlerbirliği,Local,1ST,12/01/2025,19,1,76%,0.00,2,14,0,4,,307,10,8,,0,4,1,6,4,9,5,1,1,0,,1,1,264,17,52,,11/18 (61%),6/17 (35%),64%,5,23/40 (57%),14/18 (78%),5/11 (45%),60%,10,6,22,5,,0,,,,,1
12596530,98,64425,NORMAL,REGULAR,Round 19,LEAGUE,7802,Gençlerbirliği,Local,2ND,12/01/2025,19,2,79%,0.00,2,12,0,1,,358,11,7,,0,4,1,7,1,9,3,1,1,1,,2,1,326,6,40,,11/18 (61%),3/13 (23%),67%,2,26/39 (67%),7/10 (70%),8/11 (73%),73%,11,5,29,0,,0,,,,,0
12596530,98,64425,NORMAL,REGULAR,Round 19,LEAGUE,24759,Yeni Malatyaspor,Visita,ALL,12/01/2025,19,0,23%,0.00,0,0,5,0,15,199,16,6,,2,0,0,0,0,0,0,0,0,0,1,0,0,116,29,24,13/32 (41%),10/49 (20%),1/2 (50%),35%,8,30/79 (38%),7/28 (25%),8/21 (38%),81%,16,11,43,37,1,5,,1,1,,18
12596530,98,64425,NORMAL,REGULAR,Round 19,LEAGUE,24759,Yeni Malatyaspor,Visita,1ST,12/01/2025,19,0,24%,0.00,0,0,3,0,,99,11,3,,0,0,0,0,0,0,0,0,0,0,,0,0,59,15,17,,5/22 (23%),1/2 (50%),36%,4,17/40 (43%),4/18 (22%),3/9 (33%),82%,11,8,21,26,,3,,,,,7
12596530,98,64425,NORMAL,REGULAR,Round 19,LEAGUE,24759,Yeni Malatyaspor,Visita,2ND,12/01/2025,19,0,21%,0.00,0,0,2,0,,100,5,3,,2,0,0,0,0,0,0,0,0,0,,0,0,57,14,7,,5/27 (19%),0/0 (0%),33%,4,13/39 (33%),3/10 (30%),5/12 (42%),80%,5,3,22,11,,2,,,,,11
12596512,98,64425,NORMAL,REGULAR,Round 20,LEAGUE,7032,Pendikspor,Local,ALL,19/01/2025,20,4,66%,0.00,6,31,2,11,16,459,16,13,2,,10,0,17,4,18,13,2,4,2,61,6,2,376,25,74,109/160 (68%),21/43 (49%),15/36 (42%),54%,12,40/85 (47%),27/39 (69%),12/20 (60%),50%,16,12,44,10,,2,,2,1,0,4
12596512,98,64425,NORMAL,REGULAR,Round 20,LEAGUE,7032,Pendikspor,Local,1ST,19/01/2025,20,0,65%,0.00,2,13,1,6,,231,9,7,2,,3,0,9,1,8,5,0,2,1,,4,0,184,17,40,,11/20 (55%),5/18 (28%),56%,7,23/49 (47%),17/22 (77%),8/13 (62%),56%,9,7,26,4,,1,,,,,2
12596512,98,64425,NORMAL,REGULAR,Round 20,LEAGUE,7032,Pendikspor,Local,2ND,19/01/2025,20,4,67%,0.00,4,18,1,5,,228,7,6,0,,7,0,8,3,10,8,2,2,1,,2,2,192,8,34,,10/23 (43%),10/18 (56%),51%,5,17/36 (47%),10/17 (59%),4/7 (57%),43%,7,5,18,6,,1,,,,,2
12596512,98,64425,NORMAL,REGULAR,Round 20,LEAGUE,24759,Yeni Malatyaspor,Visita,ALL,19/01/2025,20,0,34%,0.00,0,6,4,1,13,251,20,16,0,,2,0,3,1,3,3,0,0,0,7,3,1,168,18,37,35/61 (57%),16/63 (25%),0/6 (0%),46%,13,45/85 (53%),12/39 (31%),11/14 (79%),50%,20,9,36,39,,4,,0,1,1,19
12596512,98,64425,NORMAL,REGULAR,Round 20,LEAGUE,24759,Yeni Malatyaspor,Visita,1ST,19/01/2025,20,0,35%,0.00,0,1,2,0,,133,12,7,0,,1,0,0,0,0,1,0,0,0,,0,0,80,14,15,,7/35 (20%),0/1 (0%),44%,7,26/49 (53%),5/22 (23%),7/9 (78%),50%,12,7,19,20,,2,,,,,12
12596512,98,64425,NORMAL,REGULAR,Round 20,LEAGUE,24759,Yeni Malatyaspor,Visita,2ND,19/01/2025,20,0,33%,0.00,0,5,2,1,,118,8,9,0,,1,0,3,1,3,2,0,0,0,,3,1,88,4,22,,9/28 (32%),0/5 (0%),49%,6,19/36 (53%),7/17 (41%),4/5 (80%),50%,8,2,17,19,,2,,,,,7
12596513,98,64425,NORMAL,REGULAR,Round 21,LEAGUE,24759,Yeni Malatyaspor,Local,ALL,25/01/2025,21,0,28%,0.00,0,6,5,1,14,203,13,11,3,,1,0,4,1,2,4,0,0,,8,2,2,122,11,43,25/59 (42%),11/67 (16%),1/6 (17%),38%,7,31/69 (45%),10/40 (25%),8/20 (40%),77%,13,11,43,36,,5,,2,1,,15
12596513,98,64425,NORMAL,REGULAR,Round 21,LEAGUE,24759,Yeni Malatyaspor,Local,1ST,25/01/2025,21,0,26%,0.00,0,1,2,0,,104,7,5,1,,0,0,1,0,0,1,0,0,,,1,0,62,6,19,,6/34 (18%),0/2 (0%),46%,4,19/37 (51%),6/17 (35%),8/14 (57%),100%,7,6,22,20,,2,,,,,7
12596513,98,64425,NORMAL,REGULAR,Round 21,LEAGUE,24759,Yeni Malatyaspor,Local,2ND,25/01/2025,21,0,29%,0.00,0,5,3,1,,99,6,6,2,,1,0,3,1,2,3,0,0,,,1,2,60,5,24,,5/33 (15%),1/4 (25%),29%,3,12/32 (38%),4/23 (17%),0/6 (0%),50%,6,5,21,16,,3,,,,,8
12596513,98,64425,NORMAL,REGULAR,Round 21,LEAGUE,262480,Esenler Erokspor,Visita,ALL,25/01/2025,21,1,72%,0.00,9,20,1,8,11,536,19,14,1,,6,0,10,4,17,3,1,8,,32,3,5,449,24,72,83/129 (64%),40/67 (60%),5/24 (21%),62%,5,38/69 (55%),30/40 (75%),7/15 (47%),58%,19,6,51,14,,1,,0,0,,5
12596513,98,64425,NORMAL,REGULAR,Round 21,LEAGUE,262480,Esenler Erokspor,Visita,1ST,25/01/2025,21,1,74%,0.00,2,8,0,4,,293,10,7,0,,3,0,4,1,6,2,1,1,,,1,2,248,14,39,,21/35 (60%),3/13 (23%),54%,3,18/37 (49%),11/17 (65%),3/7 (43%),50%,10,5,28,5,,0,,,,,2
12596513,98,64425,NORMAL,REGULAR,Round 21,LEAGUE,262480,Esenler Erokspor,Visita,2ND,25/01/2025,21,0,71%,0.00,7,12,1,4,,243,9,7,1,,3,0,6,3,11,1,0,7,,,2,3,201,10,33,,19/32 (59%),2/11 (18%),71%,2,20/32 (63%),19/23 (83%),4/8 (50%),67%,9,1,23,9,,1,,,,,3
12596495,98,64425,NORMAL,REGULAR,Round 22,LEAGUE,6366,Keçiörengücü,Local,ALL,01/02/2025,22,7,72%,0.00,3,20,0,7,8,617,22,8,,,10,0,8,2,13,7,3,,,38,3,2,538,23,84,136/195 (70%),33/51 (65%),8/29 (28%),68%,4,42/64 (66%),27/37 (73%),12/18 (67%),59%,22,9,57,5,,0,,0,0,,4
12596495,98,64425,NORMAL,REGULAR,Round 22,LEAGUE,6366,Keçiörengücü,Local,1ST,01/02/2025,22,2,71%,0.00,1,7,0,2,,328,11,3,,,3,0,3,1,5,2,1,,,,1,1,277,17,46,,17/31 (55%),4/14 (29%),68%,2,17/27 (63%),15/20 (75%),3/6 (50%),64%,11,7,31,2,,0,,,,,2
12596495,98,64425,NORMAL,REGULAR,Round 22,LEAGUE,6366,Keçiörengücü,Local,2ND,01/02/2025,22,5,72%,0.00,2,13,0,5,,289,11,5,,,7,0,5,1,8,5,2,,,,2,1,261,6,38,,16/20 (80%),4/15 (27%),69%,2,25/37 (68%),12/17 (71%),9/12 (75%),55%,11,2,26,3,,0,,,,,2
12596495,98,64425,NORMAL,REGULAR,Round 22,LEAGUE,24759,Yeni Malatyaspor,Visita,ALL,01/02/2025,22,0,28%,0.00,0,1,3,2,8,252,10,8,,,0,0,1,0,0,1,0,,,2,0,1,177,19,27,12/38 (32%),12/52 (23%),0/3 (0%),32%,9,22/64 (34%),10/37 (27%),5/18 (28%),80%,10,11,52,29,,3,,1,1,,12
12596495,98,64425,NORMAL,REGULAR,Round 22,LEAGUE,24759,Yeni Malatyaspor,Visita,1ST,01/02/2025,22,0,29%,0.00,0,1,1,0,,140,5,4,,,0,0,1,0,0,1,0,,,,0,0,96,11,13,,4/27 (15%),0/0 (0%),32%,4,10/27 (37%),5/20 (25%),1/8 (13%),100%,5,8,30,15,,1,,,,,7
12596495,98,64425,NORMAL,REGULAR,Round 22,LEAGUE,24759,Yeni Malatyaspor,Visita,2ND,01/02/2025,22,0,28%,0.00,0,0,2,2,,112,5,4,,,0,0,0,0,0,0,0,,,,0,1,81,8,14,,8/25 (32%),0/3 (0%),31%,5,12/37 (32%),5/17 (29%),4/10 (40%),60%,5,3,22,14,,2,,,,,5
12596482,98,64425,NORMAL,REGULAR,Round 23,LEAGUE,24759,Yeni Malatyaspor,Local,ALL,08/02/2025,23,0,44%,0.00,2,7,6,4,14,331,15,17,3,,2,0,3,2,2,5,0,2,0,6,3,1,256,18,50,73/106 (69%),17/48 (35%),0/11 (0%),43%,12,33/70 (47%),8/26 (31%),3/8 (38%),67%,15,9,44,28,,6,,2,,2,8
12596482,98,64425,NORMAL,REGULAR,Round 23,LEAGUE,24759,Yeni Malatyaspor,Local,1ST,08/02/2025,23,0,35%,0.00,2,4,6,1,,134,9,12,1,,1,0,2,1,2,2,0,2,0,,1,0,101,9,21,,6/19 (32%),0/3 (0%),47%,7,20/41 (49%),7/16 (44%),1/5 (20%),67%,9,5,21,19,,6,,,,,2
12596482,98,64425,NORMAL,REGULAR,Round 23,LEAGUE,24759,Yeni Malatyaspor,Local,2ND,08/02/2025,23,0,53%,0.00,0,3,0,3,,197,6,5,2,,1,0,1,1,0,3,0,0,0,,2,1,155,9,29,,11/29 (38%),0/8 (0%),36%,5,13/29 (45%),1/10 (10%),2/3 (67%),67%,6,4,23,9,,0,,,,,6
12596482,98,64425,NORMAL,REGULAR,Round 23,LEAGUE,55603,Erzurumspor FK,Visita,ALL,08/02/2025,23,7,56%,0.00,3,26,2,7,17,405,17,14,0,,14,0,6,6,23,3,2,1,6,45,0,2,340,16,44,87/109 (80%),25/44 (57%),14/27 (52%),57%,7,37/70 (53%),18/26 (69%),6/14 (43%),65%,17,11,53,15,,2,,1,,1,6
12596482,98,64425,NORMAL,REGULAR,Round 23,LEAGUE,55603,Erzurumspor FK,Visita,1ST,08/02/2025,23,3,65%,0.00,1,14,1,6,,236,11,7,0,,9,0,1,4,12,2,1,0,4,,0,0,202,9,28,,15/28 (54%),9/18 (50%),53%,5,21/41 (51%),9/16 (56%),3/7 (43%),64%,11,6,26,5,,1,,,,,3
12596482,98,64425,NORMAL,REGULAR,Round 23,LEAGUE,55603,Erzurumspor FK,Visita,2ND,08/02/2025,23,4,47%,0.00,2,12,1,1,,169,6,7,0,,5,0,5,2,11,1,1,1,2,,0,2,138,7,16,,10/16 (63%),5/9 (56%),64%,2,16/29 (55%),9/10 (90%),3/7 (43%),67%,6,5,27,10,,1,,,,,3
12596476,98,64425,NORMAL,REGULAR,Round 24,LEAGUE,77629,Çorum FK,Local,ALL,11/02/2025,24,2,75%,0.00,5,22,0,11,15,657,10,10,1,,11,1,7,4,15,7,2,3,3,46,4,4,575,19,71,146/187 (78%),21/29 (72%),9/32 (28%),56%,9,34/67 (51%),18/26 (69%),14/21 (67%),70%,10,9,63,7,,0,,,,0,3
12596476,98,64425,NORMAL,REGULAR,Round 24,LEAGUE,77629,Çorum FK,Local,1ST,11/02/2025,24,1,71%,0.00,3,13,0,7,,298,6,6,0,,5,1,6,2,9,4,1,2,1,,3,1,255,10,37,,9/12 (75%),7/21 (33%),60%,4,19/38 (50%),14/17 (82%),7/11 (64%),83%,6,5,35,5,,0,,,,,3
12596476,98,64425,NORMAL,REGULAR,Round 24,LEAGUE,77629,Çorum FK,Local,2ND,11/02/2025,24,1,80%,0.00,2,9,0,4,,359,4,4,1,,6,0,1,2,6,3,1,1,2,,1,3,320,9,34,,12/17 (71%),2/11 (18%),50%,5,15/29 (52%),4/9 (44%),7/10 (70%),50%,4,4,28,2,,0,,,,,0
12596476,98,64425,NORMAL,REGULAR,Round 24,LEAGUE,24759,Yeni Malatyaspor,Visita,ALL,11/02/2025,24,0,25%,0.00,0,1,9,0,10,227,16,15,0,,0,0,1,0,0,1,0,0,0,1,0,2,142,8,32,10/36 (28%),11/57 (19%),0/0 (0%),44%,3,33/67 (49%),8/26 (31%),8/15 (53%),56%,16,11,48,34,,9,,,,1,17
12596476,98,64425,NORMAL,REGULAR,Round 24,LEAGUE,24759,Yeni Malatyaspor,Visita,1ST,11/02/2025,24,0,29%,0.00,0,1,4,0,,133,8,5,0,,0,0,1,0,0,1,0,0,0,,0,1,92,5,12,,3/24 (13%),0/0 (0%),40%,1,19/38 (50%),3/17 (18%),7/12 (58%),63%,8,10,31,24,,4,,,,,8
12596476,98,64425,NORMAL,REGULAR,Round 24,LEAGUE,24759,Yeni Malatyaspor,Visita,2ND,11/02/2025,24,0,20%,0.00,0,0,5,0,,94,8,10,0,,0,0,0,0,0,0,0,0,0,,0,1,50,3,20,,8/33 (24%),0/0 (0%),50%,2,14/29 (48%),5/9 (56%),1/3 (33%),50%,8,1,17,10,,5,,,,,9
12596466,98,64425,NORMAL,REGULAR,Round 25,LEAGUE,24759,Yeni Malatyaspor,Local,ALL,15/02/2025,25,0,30%,0.00,0,3,4,3,9,270,16,17,2,,1,0,2,0,2,1,0,0,0,4,4,2,184,16,31,25/46 (54%),9/47 (19%),1/10 (10%),44%,9,37/64 (58%),2/25 (8%),7/10 (70%),69%,16,14,45,31,,4,,,0,,12
12596466,98,64425,NORMAL,REGULAR,Round 25,LEAGUE,24759,Yeni Malatyaspor,Local,1ST,15/02/2025,25,0,27%,0.00,0,0,4,0,,119,10,7,2,,0,0,0,0,0,0,0,0,0,,0,1,68,8,12,,1/25 (4%),0/1 (0%),48%,4,17/28 (61%),2/12 (17%),2/3 (67%),70%,10,9,24,21,,4,,,,,7
12596466,98,64425,NORMAL,REGULAR,Round 25,LEAGUE,24759,Yeni Malatyaspor,Local,2ND,15/02/2025,25,0,33%,0.00,0,3,0,3,,151,6,10,0,,1,0,2,0,2,1,0,0,0,,4,1,116,8,19,,8/22 (36%),1/9 (11%),41%,5,20/36 (56%),0/13 (0%),5/7 (71%),67%,6,5,21,10,,0,,,,,5
12596466,98,64425,NORMAL,REGULAR,Round 25,LEAGUE,202391,Manisa FK,Visita,ALL,15/02/2025,25,6,70%,0.00,5,18,1,4,17,632,12,9,1,,10,0,4,4,12,6,4,1,1,31,2,1,551,29,90,142/193 (74%),23/41 (56%),5/18 (28%),56%,7,27/64 (42%),23/25 (92%),6/15 (40%),67%,12,9,47,16,,1,,,1,,5
12596466,98,64425,NORMAL,REGULAR,Round 25,LEAGUE,202391,Manisa FK,Visita,1ST,15/02/2025,25,2,73%,0.00,1,12,0,3,,313,5,5,1,,6,0,3,3,6,6,0,1,1,,2,1,269,16,60,,17/27 (63%),3/14 (21%),52%,6,11/28 (39%),10/12 (83%),1/5 (20%),80%,5,5,25,4,,0,,,,,2
12596466,98,64425,NORMAL,REGULAR,Round 25,LEAGUE,202391,Manisa FK,Visita,2ND,15/02/2025,25,4,67%,0.00,4,6,1,1,,319,7,4,0,,4,0,1,1,6,0,4,0,0,,0,0,282,13,30,,6/14 (43%),2/4 (50%),59%,1,16/36 (44%),13/13 (100%),5/10 (50%),57%,7,4,22,12,,1,,,,,3
12596452,98,64425,NORMAL,REGULAR,Round 26,LEAGUE,207011,Amed Sportif Faaliyetler,Local,ALL,23/02/2025,26,4,74%,0.00,3,22,0,10,12,639,22,10,2,0,6,2,10,6,16,6,2,1,,55,1,3,558,25,82,171/225 (76%),16/32 (50%),9/32 (28%),59%,7,38/70 (54%),18/25 (72%),8/15 (53%),73%,22,9,55,3,,0,,,,0,1
12596452,98,64425,NORMAL,REGULAR,Round 26,LEAGUE,207011,Amed Sportif Faaliyetler,Local,1ST,23/02/2025,26,3,76%,0.00,1,9,0,5,,344,12,4,1,0,4,0,3,2,6,3,1,0,,,0,2,300,16,46,,8/16 (50%),6/18 (33%),60%,3,21/37 (57%),9/13 (69%),5/10 (50%),75%,12,4,27,2,,0,,,,,1
12596452,98,64425,NORMAL,REGULAR,Round 26,LEAGUE,207011,Amed Sportif Faaliyetler,Local,2ND,23/02/2025,26,1,72%,0.00,2,13,0,5,,295,10,6,1,0,2,2,7,4,10,3,1,1,,,1,1,258,9,36,,8/16 (50%),3/14 (21%),58%,4,17/33 (52%),9/12 (75%),3/5 (60%),70%,10,5,28,1,,0,,,,,0
12596452,98,64425,NORMAL,REGULAR,Round 26,LEAGUE,24759,Yeni Malatyaspor,Visita,ALL,23/02/2025,26,0,26%,0.00,0,0,2,0,10,235,14,12,3,1,0,0,0,0,0,0,0,0,,1,0,1,154,20,21,14/28 (50%),16/57 (28%),0/0 (0%),41%,20,32/70 (46%),7/25 (28%),6/8 (75%),71%,14,18,39,59,,2,,,,1,12
12596452,98,64425,NORMAL,REGULAR,Round 26,LEAGUE,24759,Yeni Malatyaspor,Visita,1ST,23/02/2025,26,0,24%,0.00,0,0,1,0,,114,8,5,1,0,0,0,0,0,0,0,0,0,,,0,0,76,10,13,,11/31 (35%),0/0 (0%),40%,12,16/37 (43%),4/13 (31%),3/3 (100%),75%,8,10,23,29,,1,,,,,4
12596452,98,64425,NORMAL,REGULAR,Round 26,LEAGUE,24759,Yeni Malatyaspor,Visita,2ND,23/02/2025,26,0,28%,0.00,0,0,1,0,,121,6,7,2,1,0,0,0,0,0,0,0,0,,,0,1,78,10,8,,5/26 (19%),0/0 (0%),42%,8,16/33 (48%),3/12 (25%),3/5 (60%),67%,6,8,16,30,,1,,,,,8
12596451,98,64425,NORMAL,REGULAR,Round 27,LEAGUE,24759,Yeni Malatyaspor,Local,ALL,01/03/2025,27,1,45%,0.00,1,9,5,1,12,390,22,16,3,0,2,0,5,2,4,5,1,0,,6,1,2,317,15,54,43/75 (57%),14/42 (33%),3/13 (23%),52%,9,50/80 (63%),10/36 (28%),13/17 (76%),55%,22,12,43,14,,5,,4,0,,10
12596451,98,64425,NORMAL,REGULAR,Round 27,LEAGUE,24759,Yeni Malatyaspor,Local,1ST,01/03/2025,27,0,37%,0.00,0,2,1,0,,166,14,11,2,0,0,0,1,1,1,1,0,0,,,1,0,127,7,25,,9/28 (32%),1/3 (33%),60%,3,31/42 (74%),5/18 (28%),7/8 (88%),43%,14,9,20,6,,1,,,,,4
12596451,98,64425,NORMAL,REGULAR,Round 27,LEAGUE,24759,Yeni Malatyaspor,Local,2ND,01/03/2025,27,1,55%,0.00,1,7,4,1,,224,8,5,1,0,2,0,4,1,3,4,1,0,,,0,2,190,8,29,,5/14 (36%),2/10 (20%),43%,6,19/38 (50%),5/18 (28%),6/9 (67%),75%,8,3,23,8,,4,,,,,6
12596451,98,64425,NORMAL,REGULAR,Round 27,LEAGUE,3090,Şanlıurfaspor,Visita,ALL,01/03/2025,27,4,55%,0.00,7,19,1,8,16,471,13,12,3,1,9,0,8,2,14,5,4,3,,33,0,0,398,19,57,73/108 (68%),27/45 (60%),8/17 (47%),48%,15,30/80 (38%),26/36 (72%),5/12 (42%),62%,13,7,47,16,,1,,0,1,,6
12596451,98,64425,NORMAL,REGULAR,Round 27,LEAGUE,3090,Şanlıurfaspor,Visita,1ST,01/03/2025,27,3,63%,0.00,3,8,0,3,,289,4,6,2,1,4,0,3,1,6,2,3,0,,,0,0,257,10,30,,16/24 (67%),4/7 (57%),40%,9,11/42 (26%),13/18 (72%),1/6 (17%),75%,4,4,20,6,,0,,,,,2
12596451,98,64425,NORMAL,REGULAR,Round 27,LEAGUE,3090,Şanlıurfaspor,Visita,2ND,01/03/2025,27,1,45%,0.00,4,11,1,5,,182,9,6,1,0,5,0,5,1,8,3,1,3,,,0,0,141,9,27,,11/21 (52%),4/10 (40%),57%,6,19/38 (50%),13/18 (72%),4/6 (67%),56%,9,3,27,10,,1,,,,,4
12596432,98,64425,NORMAL,REGULAR,Round 28,LEAGUE,3103,MKE Ankaragücü,Local,ALL,06/03/2025,28,3,67%,0.00,4,19,0,10,13,568,17,15,1,,7,0,6,6,18,1,1,3,,52,2,1,478,26,78,112/160 (70%),26/44 (59%),10/26 (38%),59%,4,44/78 (56%),18/27 (67%),14/26 (54%),65%,17,9,54,8,1,0,,,0,0,3
12596432,98,64425,NORMAL,REGULAR,Round 28,LEAGUE,3103,MKE Ankaragücü,Local,1ST,06/03/2025,28,2,64%,0.00,2,8,0,4,,269,8,6,0,,2,0,3,3,8,0,0,2,,,0,0,230,11,40,,14/20 (70%),6/15 (40%),48%,2,17/41 (41%),10/15 (67%),4/15 (27%),38%,8,5,30,6,,0,,,,,1
12596432,98,64425,NORMAL,REGULAR,Round 28,LEAGUE,3103,MKE Ankaragücü,Local,2ND,06/03/2025,28,1,69%,0.00,2,11,0,6,,299,9,9,1,,5,0,3,3,10,1,1,1,,,2,1,248,15,38,,12/24 (50%),4/11 (36%),71%,2,27/37 (73%),8/12 (67%),10/11 (91%),89%,9,4,24,2,,0,,,,,2
12596432,98,64425,NORMAL,REGULAR,Round 28,LEAGUE,24759,Yeni Malatyaspor,Visita,ALL,06/03/2025,28,0,33%,0.00,0,4,3,0,15,299,16,13,1,,0,0,4,0,2,2,0,0,,4,0,1,215,16,33,16/42 (38%),14/51 (27%),1/3 (33%),41%,12,34/78 (44%),9/27 (33%),6/11 (55%),38%,16,21,56,39,4,3,,,1,1,13
12596432,98,64425,NORMAL,REGULAR,Round 28,LEAGUE,24759,Yeni Malatyaspor,Visita,1ST,06/03/2025,28,0,36%,0.00,0,2,2,0,,159,13,9,0,,0,0,2,0,2,0,0,0,,,0,1,111,8,21,,5/25 (20%),1/3 (33%),52%,5,24/41 (59%),5/15 (33%),3/6 (50%),31%,13,11,32,16,,2,,,,,4
12596432,98,64425,NORMAL,REGULAR,Round 28,LEAGUE,24759,Yeni Malatyaspor,Visita,2ND,06/03/2025,28,0,31%,0.00,0,2,1,0,,140,3,4,1,,0,0,2,0,0,2,0,0,,,0,0,104,8,12,,9/26 (35%),0/0 (0%),29%,7,10/37 (27%),4/12 (33%),3/5 (60%),67%,3,10,24,23,,1,,,,,9
12596431,98,64425,NORMAL,REGULAR,Round 29,LEAGUE,24759,Yeni Malatyaspor,Local,ALL,09/03/2025,29,0,38%,0.00,0,3,5,2,11,313,22,13,,,2,0,0,1,1,2,0,,,10,2,0,220,22,40,28/58 (48%),10/49 (20%),1/8 (13%),45%,8,43/77 (56%),7/33 (21%),9/15 (60%),64%,22,9,47,29,1,5,,1,0,1,13
12596431,98,64425,NORMAL,REGULAR,Round 29,LEAGUE,24759,Yeni Malatyaspor,Local,1ST,09/03/2025,29,0,35%,0.00,0,0,2,0,,138,9,6,,,0,0,0,0,0,0,0,,,,0,0,83,12,19,,4/27 (15%),0/2 (0%),37%,2,16/32 (50%),5/25 (20%),2/4 (50%),44%,9,5,23,18,,2,,,,,7
12596431,98,64425,NORMAL,REGULAR,Round 29,LEAGUE,24759,Yeni Malatyaspor,Local,2ND,09/03/2025,29,0,40%,0.00,0,3,3,2,,175,13,7,,,2,0,0,1,1,2,0,,,,2,0,137,10,21,,6/22 (27%),1/6 (17%),55%,6,27/45 (60%),2/8 (25%),7/11 (64%),77%,13,4,24,11,,3,,,,,6
12596431,98,64425,NORMAL,REGULAR,Round 29,LEAGUE,55625,Ümraniyespor,Visita,ALL,09/03/2025,29,5,62%,0.00,4,23,2,5,13,500,14,11,,,10,0,6,7,17,6,4,,,40,2,1,426,21,72,85/130 (65%),19/40 (48%),11/23 (48%),55%,14,34/77 (44%),26/33 (79%),9/17 (53%),57%,14,11,57,12,0,2,,0,3,0,2
12596431,98,64425,NORMAL,REGULAR,Round 29,LEAGUE,55625,Ümraniyespor,Visita,1ST,09/03/2025,29,2,65%,0.00,1,12,0,5,,244,4,8,,,4,0,2,6,10,2,1,,,,1,1,198,9,36,,5/14 (36%),9/16 (56%),63%,6,16/32 (50%),20/25 (80%),4/7 (57%),50%,4,8,31,7,,0,,,,,1
12596431,98,64425,NORMAL,REGULAR,Round 29,LEAGUE,55625,Ümraniyespor,Visita,2ND,09/03/2025,29,3,60%,0.00,3,11,2,0,,256,10,3,,,6,0,4,1,7,4,3,,,,1,0,228,12,36,,14/26 (54%),2/7 (29%),45%,8,18/45 (40%),6/8 (75%),5/10 (50%),60%,10,3,26,5,,2,,,,,1
12596412,98,64425,NORMAL,REGULAR,Round 30,LEAGUE,3080,Sakaryaspor,Local,ALL,15/03/2025,30,5,63%,0.00,7,22,0,8,12,614,19,7,0,,7,0,8,7,18,4,5,2,2,39,,1,548,13,75,130/168 (77%),30/39 (77%),10/27 (37%),56%,14,37/81 (46%),22/24 (92%),11/21 (52%),63%,19,10,73,5,,0,,,0,,1
12596412,98,64425,NORMAL,REGULAR,Round 30,LEAGUE,3080,Sakaryaspor,Local,1ST,15/03/2025,30,3,65%,0.00,3,11,0,6,,309,12,3,0,,4,0,2,5,9,2,3,0,2,,,0,271,5,32,,16/20 (80%),6/12 (50%),64%,8,23/44 (52%),15/15 (100%),8/12 (67%),58%,12,7,36,2,,0,,,,,0
12596412,98,64425,NORMAL,REGULAR,Round 30,LEAGUE,3080,Sakaryaspor,Local,2ND,15/03/2025,30,2,62%,0.00,4,11,0,2,,305,7,4,0,,3,0,6,2,9,2,2,2,0,,,1,277,8,43,,14/19 (74%),4/15 (27%),46%,6,14/37 (38%),7/9 (78%),3/9 (33%),71%,7,3,37,3,,0,,,,,1
12596412,98,64425,NORMAL,REGULAR,Round 30,LEAGUE,24759,Yeni Malatyaspor,Visita,ALL,15/03/2025,30,0,37%,0.00,0,3,2,0,7,373,24,12,2,,0,0,2,1,1,2,0,0,0,3,,0,279,13,35,25/49 (51%),14/59 (24%),1/4 (25%),44%,14,44/81 (54%),2/24 (8%),8/13 (62%),75%,24,5,58,23,,2,,,3,,10
12596412,98,64425,NORMAL,REGULAR,Round 30,LEAGUE,24759,Yeni Malatyaspor,Visita,1ST,15/03/2025,30,0,35%,0.00,0,1,1,0,,176,12,6,1,,0,0,0,1,0,1,0,0,0,,,0,122,8,15,,5/30 (17%),0/1 (0%),36%,9,21/44 (48%),0/15 (0%),3/6 (50%),67%,12,4,29,13,,1,,,,,3
12596412,98,64425,NORMAL,REGULAR,Round 30,LEAGUE,24759,Yeni Malatyaspor,Visita,2ND,15/03/2025,30,0,38%,0.00,0,2,1,0,,197,12,6,1,,0,0,2,0,1,1,0,0,0,,,0,157,5,20,,9/29 (31%),1/3 (33%),54%,5,23/37 (62%),2/9 (22%),5/7 (71%),83%,12,1,29,10,,1,,,,,7
12596400,98,64425,NORMAL,REGULAR,Round 31,LEAGUE,24759,Yeni Malatyaspor,Local,ALL,29/03/2025,31,0,36%,0.00,0,5,6,1,16,282,15,18,3,,1,0,2,2,1,4,0,0,0,5,2,,202,15,36,33/59 (56%),16/54 (30%),0/4 (0%),50%,8,37/76 (49%),12/22 (55%),5/9 (56%),67%,15,9,40,31,0,6,,2,,,19
12596400,98,64425,NORMAL,REGULAR,Round 31,LEAGUE,24759,Yeni Malatyaspor,Local,1ST,29/03/2025,31,0,38%,0.00,0,4,4,1,,129,5,9,2,,0,0,2,2,1,3,0,0,0,,2,,89,8,18,,8/26 (31%),0/4 (0%),52%,2,16/33 (48%),7/11 (64%),3/5 (60%),60%,5,4,16,22,,4,,,,,8
12596400,98,64425,NORMAL,REGULAR,Round 31,LEAGUE,24759,Yeni Malatyaspor,Local,2ND,29/03/2025,31,0,34%,0.00,0,1,2,0,,153,10,9,1,,1,0,0,0,0,1,0,0,0,,0,,113,7,18,,8/28 (29%),0/0 (0%),48%,6,21/43 (49%),5/11 (45%),2/4 (50%),70%,10,5,24,9,,2,,,,,11
12596400,98,64425,NORMAL,REGULAR,Round 31,LEAGUE,4954,Fatih Karagümrük,Visita,ALL,29/03/2025,31,2,64%,0.00,5,23,1,7,18,508,12,16,2,,9,0,10,4,16,7,2,3,1,38,4,,415,20,70,79/135 (59%),16/40 (40%),3/15 (20%),50%,10,39/76 (51%),10/22 (45%),11/16 (69%),58%,12,7,47,5,1,1,,0,,,5
12596400,98,64425,NORMAL,REGULAR,Round 31,LEAGUE,4954,Fatih Karagümrük,Visita,1ST,29/03/2025,31,1,62%,0.00,4,15,0,6,,208,4,10,2,,6,0,6,3,10,5,1,3,1,,4,,162,10,33,,9/22 (41%),2/12 (17%),48%,5,17/33 (52%),4/11 (36%),3/3 (100%),75%,4,2,19,5,,0,,,,,5
12596400,98,64425,NORMAL,REGULAR,Round 31,LEAGUE,4954,Fatih Karagümrük,Visita,2ND,29/03/2025,31,1,66%,0.00,1,8,1,1,,300,8,6,0,,3,0,4,1,6,2,1,0,0,,0,,253,10,37,,7/18 (39%),1/3 (33%),52%,5,22/43 (51%),6/11 (55%),8/13 (62%),50%,8,5,28,0,,1,,,,,0
12596399,98,64425,NORMAL,REGULAR,Round 32,LEAGUE,3066,İstanbulspor,Local,ALL,04/04/2025,32,5,74%,0.00,7,24,1,5,20,622,19,9,2,,10,1,9,5,17,7,3,4,,41,1,1,575,16,72,190/225 (84%),18/30 (60%),4/21 (19%),52%,6,39/78 (50%),16/27 (59%),13/24 (54%),68%,19,6,45,16,,1,,,1,0,4
12596399,98,64425,NORMAL,REGULAR,Round 32,LEAGUE,3066,İstanbulspor,Local,1ST,04/04/2025,32,3,77%,0.00,6,13,0,3,,311,3,3,1,,5,1,5,3,12,1,3,3,,,1,0,286,5,40,,8/13 (62%),2/12 (17%),50%,2,11/26 (42%),9/14 (64%),5/9 (56%),67%,3,4,25,6,,0,,,,,3
12596399,98,64425,NORMAL,REGULAR,Round 32,LEAGUE,3066,İstanbulspor,Local,2ND,04/04/2025,32,2,71%,0.00,1,11,1,2,,311,16,6,1,,5,0,4,2,5,6,0,1,,,0,1,289,11,32,,10/17 (59%),2/9 (22%),54%,4,28/52 (54%),7/13 (54%),8/15 (53%),69%,16,2,20,10,,1,,,,,1
12596399,98,64425,NORMAL,REGULAR,Round 32,LEAGUE,24759,Yeni Malatyaspor,Visita,ALL,04/04/2025,32,0,26%,0.00,0,4,5,2,10,220,17,20,2,,1,0,3,0,0,4,0,0,,1,2,1,145,15,29,26/48 (54%),13/51 (25%),0/10 (0%),48%,8,39/78 (50%),11/27 (41%),4/15 (27%),71%,17,13,36,27,,5,,,0,1,16
12596399,98,64425,NORMAL,REGULAR,Round 32,LEAGUE,24759,Yeni Malatyaspor,Visita,1ST,04/04/2025,32,0,23%,0.00,0,2,2,1,,95,6,8,1,,0,0,2,0,0,2,0,0,,,2,0,56,8,18,,6/27 (22%),0/4 (0%),50%,0,15/26 (58%),5/14 (36%),1/4 (25%),67%,6,6,15,11,,2,,,,,10
12596399,98,64425,NORMAL,REGULAR,Round 32,LEAGUE,24759,Yeni Malatyaspor,Visita,2ND,04/04/2025,32,0,29%,0.00,0,2,3,1,,125,11,12,1,,1,0,1,0,0,2,0,0,,,0,1,89,7,11,,7/24 (29%),0/6 (0%),46%,8,24/52 (46%),6/13 (46%),3/11 (27%),73%,11,7,21,16,,3,,,,,6
12596387,98,64425,NORMAL,REGULAR,Round 33,LEAGUE,24759,Yeni Malatyaspor,Local,ALL,10/04/2025,33,1,32%,0.00,1,3,8,2,13,228,12,9,3,,1,0,2,0,2,1,1,0,0,4,2,2,157,17,38,35/58 (60%),18/46 (39%),2/12 (17%),34%,15,26/70 (37%),7/27 (26%),4/10 (40%),67%,12,11,40,34,,8,,2,,2,12
12596387,98,64425,NORMAL,REGULAR,Round 33,LEAGUE,24759,Yeni Malatyaspor,Local,1ST,10/04/2025,33,1,25%,0.00,1,1,3,0,,82,6,6,1,,1,0,0,0,1,0,1,0,0,,1,0,48,9,13,,8/21 (38%),0/1 (0%),36%,5,12/31 (39%),4/13 (31%),0/2 (0%),83%,6,4,19,24,,3,,,,,6
12596387,98,64425,NORMAL,REGULAR,Round 33,LEAGUE,24759,Yeni Malatyaspor,Local,2ND,10/04/2025,33,0,38%,0.00,0,2,5,2,,146,6,3,2,,0,0,2,0,1,1,0,0,0,,1,2,109,8,25,,10/25 (40%),2/11 (18%),32%,10,14/39 (36%),3/14 (21%),4/8 (50%),50%,6,7,21,10,,5,,,,,6
12596387,98,64425,NORMAL,REGULAR,Round 33,LEAGUE,44320,Bandırmaspor,Visita,ALL,10/04/2025,33,3,68%,0.00,5,29,0,14,9,484,21,12,1,,11,1,10,8,20,9,3,2,1,49,10,2,414,18,67,125/172 (73%),12/26 (46%),14/31 (45%),66%,2,44/70 (63%),20/27 (74%),10/21 (48%),43%,21,5,42,10,,0,,0,,0,4
12596387,98,64425,NORMAL,REGULAR,Round 33,LEAGUE,44320,Bandırmaspor,Visita,1ST,10/04/2025,33,2,75%,0.00,3,15,0,9,,234,7,6,1,,5,1,5,5,11,4,2,1,0,,6,0,201,11,31,,5/15 (33%),8/22 (36%),64%,2,19/31 (61%),9/13 (69%),5/9 (56%),57%,7,2,18,4,,0,,,,,1
12596387,98,64425,NORMAL,REGULAR,Round 33,LEAGUE,44320,Bandırmaspor,Visita,2ND,10/04/2025,33,1,62%,0.00,2,14,0,5,,250,14,6,0,,6,0,5,3,9,5,1,1,1,,4,2,213,7,36,,7/11 (64%),6/9 (67%),68%,0,25/39 (64%),11/14 (79%),5/12 (42%),36%,14,3,24,6,,0,,,,,3
12596366,98,64425,NORMAL,REGULAR,Round 34,LEAGUE,3065,Kocaelispor,Local,ALL,14/04/2025,34,7,73%,0.00,5,29,4,10,12,648,11,9,2,,12,1,11,6,22,7,5,0,1,56,2,2,561,30,100,195/260 (75%),35/45 (78%),12/33 (36%),55%,5,30/57 (53%),19/32 (59%),11/19 (58%),73%,11,11,59,7,,4,,0,,0,0
12596366,98,64425,NORMAL,REGULAR,Round 34,LEAGUE,3065,Kocaelispor,Local,1ST,14/04/2025,34,4,67%,0.00,4,15,0,5,,320,6,4,0,,6,0,7,2,10,5,4,0,1,,2,0,279,17,49,,18/26 (69%),7/18 (39%),50%,5,16/34 (47%),10/18 (56%),6/11 (55%),83%,6,7,31,6,,0,,,,,0
12596366,98,64425,NORMAL,REGULAR,Round 34,LEAGUE,3065,Kocaelispor,Local,2ND,14/04/2025,34,3,79%,0.00,1,14,4,5,,328,5,5,2,,6,1,4,4,12,2,1,0,0,,0,2,282,13,51,,17/19 (89%),5/15 (33%),62%,0,14/23 (61%),9/14 (64%),5/8 (63%),60%,5,4,28,1,,4,,,,,0
12596366,98,64425,NORMAL,REGULAR,Round 34,LEAGUE,24759,Yeni Malatyaspor,Visita,ALL,14/04/2025,34,1,27%,0.00,4,5,5,0,9,256,13,12,2,,5,0,0,0,5,0,1,3,0,5,0,0,172,17,23,14/29 (48%),16/50 (32%),1/3 (33%),45%,7,27/57 (47%),13/32 (41%),2/6 (33%),77%,13,10,48,52,,5,,2,,2,12
12596366,98,64425,NORMAL,REGULAR,Round 34,LEAGUE,24759,Yeni Malatyaspor,Visita,1ST,14/04/2025,34,0,33%,0.00,0,0,2,0,,166,10,7,0,,0,0,0,0,0,0,0,0,0,,0,0,116,9,6,,9/25 (36%),0/2 (0%),50%,5,18/34 (53%),8/18 (44%),1/2 (50%),80%,10,4,25,24,,2,,,,,7
12596366,98,64425,NORMAL,REGULAR,Round 34,LEAGUE,24759,Yeni Malatyaspor,Visita,2ND,14/04/2025,34,1,21%,0.00,4,5,3,0,,90,3,5,2,,5,0,0,0,5,0,1,3,0,,0,0,56,8,17,,7/25 (28%),1/1 (100%),38%,2,9/23 (39%),5/14 (36%),1/4 (25%),67%,3,6,23,28,,3,,,,,5
12596370,98,64425,NORMAL,REGULAR,Round 35,LEAGUE,24759,Yeni Malatyaspor,Local,ALL,20/04/2025,35,0,34%,0.00,0,8,10,1,14,248,14,14,3,1,0,0,7,1,5,3,0,0,0,12,1,3,180,18,44,35/63 (56%),15/42 (36%),2/8 (25%),37%,7,30/78 (38%),8/25 (32%),3/15 (20%),79%,14,5,41,33,,10,,1,,,16
12596370,98,64425,NORMAL,REGULAR,Round 35,LEAGUE,24759,Yeni Malatyaspor,Local,1ST,20/04/2025,35,0,34%,0.00,0,4,3,0,,126,4,5,0,1,0,0,4,0,3,1,0,0,0,,0,2,92,10,20,,10/20 (50%),1/3 (33%),32%,3,11/33 (33%),4/14 (29%),3/8 (38%),50%,4,1,16,20,,3,,,,,10
12596370,98,64425,NORMAL,REGULAR,Round 35,LEAGUE,24759,Yeni Malatyaspor,Local,2ND,20/04/2025,35,0,34%,0.00,0,4,7,1,,122,10,9,3,0,0,0,3,1,2,2,0,0,0,,1,1,88,8,24,,5/22 (23%),1/5 (20%),41%,4,19/45 (42%),4/11 (36%),0/7 (0%),90%,10,4,25,13,,7,,,,,6
12596370,98,64425,NORMAL,REGULAR,Round 35,LEAGUE,3069,Adanaspor,Visita,ALL,20/04/2025,35,4,66%,0.00,9,27,0,5,14,487,19,13,3,0,15,2,10,2,19,8,3,6,1,47,3,1,426,22,63,110/149 (74%),31/49 (63%),8/18 (44%),63%,4,48/78 (62%),17/25 (68%),15/25 (60%),42%,19,11,37,8,,0,,0,,,7
12596370,98,64425,NORMAL,REGULAR,Round 35,LEAGUE,3069,Adanaspor,Visita,1ST,20/04/2025,35,3,66%,0.00,2,12,0,2,,240,8,6,0,0,6,0,5,1,7,5,2,0,0,,2,1,204,8,32,,9/21 (43%),3/9 (33%),68%,2,22/33 (67%),10/14 (71%),7/9 (78%),38%,8,6,17,3,,0,,,,,3
12596370,98,64425,NORMAL,REGULAR,Round 35,LEAGUE,3069,Adanaspor,Visita,2ND,20/04/2025,35,1,66%,0.00,7,15,0,3,,247,11,7,3,0,9,2,5,1,12,3,1,6,1,,1,0,222,14,31,,22/28 (79%),5/9 (56%),59%,2,26/45 (58%),7/11 (64%),8/16 (50%),45%,11,5,20,5,,0,,,,,4
12596363,98,64425,NORMAL,REGULAR,Round 36,LEAGUE,24759,Yeni Malatyaspor,Local,ALL,27/04/2025,36,0,26%,0.00,1,6,2,3,14,175,10,12,2,,1,0,4,1,4,2,0,1,0,10,1,2,115,19,37,18/52 (35%),25/48 (52%),4/7 (57%),44%,4,27/56 (48%),7/22 (32%),6/12 (50%),60%,10,6,34,14,,2,,0,1,1,7
12596363,98,64425,NORMAL,REGULAR,Round 36,LEAGUE,24759,Yeni Malatyaspor,Local,1ST,27/04/2025,36,0,21%,0.00,1,3,1,2,,75,5,7,1,,1,0,2,0,3,0,0,1,0,,1,0,45,16,19,,15/26 (58%),3/5 (60%),41%,2,15/33 (45%),4/13 (31%),3/8 (38%),40%,5,5,17,8,,1,,,,,2
12596363,98,64425,NORMAL,REGULAR,Round 36,LEAGUE,24759,Yeni Malatyaspor,Local,2ND,27/04/2025,36,0,31%,0.00,0,3,1,1,,100,5,5,1,,0,0,2,1,1,2,0,0,0,,0,2,70,3,18,,10/22 (45%),1/2 (50%),47%,2,12/23 (52%),3/9 (33%),3/4 (75%),80%,5,1,17,6,,1,,,,,5
12596363,98,64425,NORMAL,REGULAR,Round 36,LEAGUE,388264,Iğdır FK,Visita,ALL,27/04/2025,36,9,74%,0.00,8,21,1,12,13,506,10,11,2,,12,0,4,5,16,5,7,1,2,41,7,2,446,11,75,111/143 (78%),34/49 (69%),10/21 (48%),56%,1,29/56 (52%),15/22 (68%),7/16 (44%),70%,10,6,50,6,,1,,1,0,0,3
12596363,98,64425,NORMAL,REGULAR,Round 36,LEAGUE,388264,Iğdır FK,Visita,1ST,27/04/2025,36,3,79%,0.00,1,8,1,6,,286,7,7,2,,4,0,1,3,6,2,1,0,1,,4,2,254,5,42,,17/26 (65%),6/13 (46%),59%,1,18/33 (55%),9/13 (69%),4/8 (50%),71%,7,4,26,4,,1,,,,,2
12596363,98,64425,NORMAL,REGULAR,Round 36,LEAGUE,388264,Iğdır FK,Visita,2ND,27/04/2025,36,6,69%,0.00,7,13,0,6,,220,3,4,0,,8,0,3,2,10,3,6,1,1,,3,0,192,6,33,,17/23 (74%),4/8 (50%),53%,0,11/23 (48%),6/9 (67%),3/8 (38%),67%,3,2,24,2,,0,,,,,1
12596342,98,64425,NORMAL,REGULAR,Round 37,LEAGUE,6414,Boluspor,Local,ALL,04/05/2025,37,10,70%,0.00,11,30,2,10,13,466,23,12,3,0,17,1,8,5,23,7,5,6,2,51,1,2,384,23,90,142/199 (71%),32/51 (63%),7/27 (26%),60%,8,42/75 (56%),27/40 (68%),8/13 (62%),70%,23,6,64,10,1,2,,0,1,0,1
12596342,98,64425,NORMAL,REGULAR,Round 37,LEAGUE,6414,Boluspor,Local,1ST,04/05/2025,37,3,73%,0.00,3,11,1,6,,271,12,6,1,0,7,0,1,3,9,2,1,2,1,,0,1,234,17,54,,22/30 (73%),4/20 (20%),52%,7,21/40 (53%),10/20 (50%),4/7 (57%),67%,12,3,25,5,,1,,,,,0
12596342,98,64425,NORMAL,REGULAR,Round 37,LEAGUE,6414,Boluspor,Local,2ND,04/05/2025,37,7,67%,0.00,8,19,1,4,,195,11,6,2,0,10,1,7,2,14,5,4,4,1,,1,1,150,6,36,,10/21 (48%),3/7 (43%),69%,1,21/35 (60%),17/20 (85%),4/6 (67%),73%,11,3,39,5,,1,,,,,1
12596342,98,64425,NORMAL,REGULAR,Round 37,LEAGUE,24759,Yeni Malatyaspor,Visita,ALL,04/05/2025,37,1,30%,0.00,0,4,7,0,13,205,13,13,4,1,3,0,1,0,2,2,0,0,0,4,0,0,122,18,36,18/48 (38%),19/63 (30%),0/6 (0%),40%,15,33/75 (44%),13/40 (33%),9/17 (53%),77%,13,15,42,39,0,7,,2,3,2,15
12596342,98,64425,NORMAL,REGULAR,Round 37,LEAGUE,24759,Yeni Malatyaspor,Visita,1ST,04/05/2025,37,1,27%,0.00,0,2,4,0,,109,10,8,1,0,2,0,0,0,1,1,0,0,0,,0,0,64,9,17,,11/35 (31%),0/1 (0%),48%,7,19/40 (48%),10/20 (50%),2/7 (29%),80%,10,4,21,26,,4,,,,,6
12596342,98,64425,NORMAL,REGULAR,Round 37,LEAGUE,24759,Yeni Malatyaspor,Visita,2ND,04/05/2025,37,0,33%,0.00,0,2,3,0,,96,3,5,3,1,1,0,1,0,1,1,0,0,0,,0,0,58,9,19,,8/28 (29%),0/5 (0%),31%,8,14/35 (40%),3/20 (15%),7/10 (70%),67%,3,11,21,13,,3,,,,,9
12596334,98,64425,NORMAL,REGULAR,Round 38,LEAGUE,24759,Yeni Malatyaspor,Local,ALL,10/05/2025,38,0,39%,0.00,1,4,10,1,4,375,15,8,,,1,0,2,1,2,2,0,1,,4,1,0,303,16,37,20/49 (41%),25/49 (51%),1/5 (20%),49%,13,32/62 (52%),6/16 (38%),8/16 (50%),67%,15,13,46,31,,10,,1,,1,14
12596334,98,64425,NORMAL,REGULAR,Round 38,LEAGUE,24759,Yeni Malatyaspor,Local,1ST,10/05/2025,38,0,34%,0.00,0,1,2,0,,183,7,3,,,0,0,1,0,0,1,0,0,,,1,0,144,11,17,,15/26 (58%),0/1 (0%),50%,7,14/29 (48%),4/7 (57%),4/8 (50%),71%,7,6,21,11,,2,,,,,7
12596334,98,64425,NORMAL,REGULAR,Round 38,LEAGUE,24759,Yeni Malatyaspor,Local,2ND,10/05/2025,38,0,47%,0.00,1,3,8,1,,192,8,5,,,1,0,1,1,2,1,0,1,,,0,0,159,5,20,,10/23 (43%),1/4 (25%),48%,6,18/33 (55%),2/9 (22%),4/8 (50%),63%,8,7,25,20,,8,,,,,7
12596334,98,64425,NORMAL,REGULAR,Round 38,LEAGUE,7802,Gençlerbirliği,Visita,ALL,10/05/2025,38,5,61%,0.00,9,25,1,10,8,564,21,4,,,15,1,9,1,20,5,3,6,,52,0,2,506,9,76,129/170 (76%),17/29 (59%),9/32 (28%),51%,9,30/62 (48%),10/16 (63%),5/12 (42%),57%,21,15,68,4,,1,,0,,0,3
12596334,98,64425,NORMAL,REGULAR,Round 38,LEAGUE,7802,Gençlerbirliği,Visita,1ST,10/05/2025,38,2,66%,0.00,1,7,0,3,,351,11,2,,,4,0,3,0,7,0,1,0,,,0,1,321,7,44,,4/12 (33%),5/17 (29%),50%,5,15/29 (52%),3/7 (43%),2/4 (50%),45%,11,6,33,1,,0,,,,,1
12596334,98,64425,NORMAL,REGULAR,Round 38,LEAGUE,7802,Gençlerbirliği,Visita,2ND,10/05/2025,38,3,53%,0.00,8,18,1,7,,213,10,2,,,11,1,6,1,13,5,2,6,,,0,1,185,2,32,,13/17 (76%),4/15 (27%),52%,4,15/33 (45%),7/9 (78%),3/8 (38%),70%,10,9,35,3,,1,,,,,2
14161543,97,78237,NORMAL,REGULAR,Round 6,LEAGUE,35191,Ankara Demirspor,Local,ALL,28/09/2025,6,1,63%,,,,,7,17,,,24,,,,,,,,,,,,,,4,,,,,,,,,,,,,,,,,,,,,,,
14161543,97,78237,NORMAL,REGULAR,Round 6,LEAGUE,35191,Ankara Demirspor,Local,1ST,28/09/2025,6,,,,,,,,,,,,,,,,,,,,,,,,,,,,,,,,,,,,,,,,,,,,,,,,
14161543,97,78237,NORMAL,REGULAR,Round 6,LEAGUE,35191,Ankara Demirspor,Local,2ND,28/09/2025,6,,,,,,,,,,,,,,,,,,,,,,,,,,,,,,,,,,,,,,,,,,,,,,,,
14161543,97,78237,NORMAL,REGULAR,Round 6,LEAGUE,24759,Yeni Malatyaspor,Visita,ALL,28/09/2025,6,1,37%,,,,,1,21,,,21,,,,,,,,,,,,,,3,,,,,,,,,,,,,,,,,,,,,,,
14161543,97,78237,NORMAL,REGULAR,Round 6,LEAGUE,24759,Yeni Malatyaspor,Visita,1ST,28/09/2025,6,,,,,,,,,,,,,,,,,,,,,,,,,,,,,,,,,,,,,,,,,,,,,,,,
14161543,97,78237,NORMAL,REGULAR,Round 6,LEAGUE,24759,Yeni Malatyaspor,Visita,2ND,28/09/2025,6,,,,,,,,,,,,,,,,,,,,,,,,,,,,,,,,,,,,,,,,,,,,,,,,
14161622,97,78237,NORMAL,REGULAR,Round 10,LEAGUE,24759,Yeni Malatyaspor,Local,ALL,25/10/2025,10,0,,,,,,0,7,,,13,,,,,,,,,,,,,,4,,,,,,,,,,,,,,,,,,,,,,,
14161622,97,78237,NORMAL,REGULAR,Round 10,LEAGUE,24759,Yeni Malatyaspor,Local,1ST,25/10/2025,10,,,,,,,,,,,,,,,,,,,,,,,,,,,,,,,,,,,,,,,,,,,,,,,,
14161622,97,78237,NORMAL,REGULAR,Round 10,LEAGUE,24759,Yeni Malatyaspor,Local,2ND,25/10/2025,10,,,,,,,,,,,,,,,,,,,,,,,,,,,,,,,,,,,,,,,,,,,,,,,,
14161622,97,78237,NORMAL,REGULAR,Round 10,LEAGUE,297098,1461 Trabzon,Visita,ALL,25/10/2025,10,4,,,,,,4,10,,,11,,,,,,,,,,,,,,1,,,,,,,,,,,,,,,,,,,,,,,
14161622,97,78237,NORMAL,REGULAR,Round 10,LEAGUE,297098,1461 Trabzon,Visita,1ST,25/10/2025,10,,,,,,,,,,,,,,,,,,,,,,,,,,,,,,,,,,,,,,,,,,,,,,,,
14161622,97,78237,NORMAL,REGULAR,Round 10,LEAGUE,297098,1461 Trabzon,Visita,2ND,25/10/2025,10,,,,,,,,,,,,,,,,,,,,,,,,,,,,,,,,,,,,,,,,,,,,,,,,
14161655,97,78237,NORMAL,REGULAR,Round 11,LEAGUE,327705,Yeni Mersin İdman Yurdu AŞ,Local,ALL,02/11/2025,11,3,,,,,,7,15,,,7,,,,,,,,,,,,,,4,,,,,,,,,,,,,,,,,,,,,,,
14161655,97,78237,NORMAL,REGULAR,Round 11,LEAGUE,327705,Yeni Mersin İdman Yurdu AŞ,Local,1ST,02/11/2025,11,,,,,,,,,,,,,,,,,,,,,,,,,,,,,,,,,,,,,,,,,,,,,,,,
14161655,97,78237,NORMAL,REGULAR,Round 11,LEAGUE,327705,Yeni Mersin İdman Yurdu AŞ,Local,2ND,02/11/2025,11,,,,,,,,,,,,,,,,,,,,,,,,,,,,,,,,,,,,,,,,,,,,,,,,
14161655,97,78237,NORMAL,REGULAR,Round 11,LEAGUE,24759,Yeni Malatyaspor,Visita,ALL,02/11/2025,11,1,,,,,,0,8,,,15,,,,,,,,,,,,,,0,,,,,,,,,,,,,,,,,,,,,,,
14161655,97,78237,NORMAL,REGULAR,Round 11,LEAGUE,24759,Yeni Malatyaspor,Visita,1ST,02/11/2025,11,,,,,,,,,,,,,,,,,,,,,,,,,,,,,,,,,,,,,,,,,,,,,,,,
14161655,97,78237,NORMAL,REGULAR,Round 11,LEAGUE,24759,Yeni Malatyaspor,Visita,2ND,02/11/2025,11,,,,,,,,,,,,,,,,,,,,,,,,,,,,,,,,,,,,,,,,,,,,,,,,