Event_ID,Competition_ID,Season_ID,Season_Format,Competition_Phase,Competition_Stage,Competition_Type,Team_ID,Equipo,Condicion,Tiempo,Fecha,Jornada,Goals,Ball possession,Expected goals,Big chances,Total shots,Goalkeeper saves,Corner kicks,Fouls,Passes,Tackles,Free kicks,Yellow cards,Red cards,Shots on target,Hit woodwork,Shots off target,Blocked shots,Shots inside box,Shots outside box,Big chances scored,Big chances missed,Through balls,Touches in penalty area,Fouled in final third,Offsides,Accurate passes,Throw-ins,Final third entries,Final third phase,Long balls,Crosses,Duels,Dispossessed,Ground duels,Aerial duels,Dribbles,Tackles won,Total tackles,Interceptions,Recoveries,Clearances,Errors lead to a shot,Total saves,Goals prevented,Big saves,High claims,Punches,Goal kicks
9345528,498,35618,CALENDAR,REGULAR,Round of 16,INTERNATIONAL,25353,Real Estelí,Local,ALL,08/04/2021,4,0,51%,0.00,1,13,3,5,18,356,12,17,4,,5,0,6,2,6,7,0,1,,,6,1,294,16,45,,27/57 (47%),5/20 (25%),45%,14,32/74 (43%),6/11 (55%),3/5 (60%),100%,12,15,,11,,3,,,,,4
9345528,498,35618,CALENDAR,REGULAR,Round of 16,INTERNATIONAL,25353,Real Estelí,Local,1ST,08/04/2021,4,0,56%,0.00,0,5,2,2,,191,6,7,3,,1,0,2,2,1,4,0,0,,,2,0,157,10,27,,12/33 (36%),1/8 (13%),38%,7,14/38 (37%),2/4 (50%),1/3 (33%),100%,6,5,,5,,2,,,,,1
9345528,498,35618,CALENDAR,REGULAR,Round of 16,INTERNATIONAL,25353,Real Estelí,Local,2ND,08/04/2021,4,,47%,0.00,1,8,1,3,,165,6,10,1,,4,0,4,0,5,3,0,1,,,4,1,137,6,18,,15/24 (63%),4/12 (33%),51%,7,18/36 (50%),4/7 (57%),2/2 (100%),100%,6,10,,6,,1,,,,,3
9345528,498,35618,CALENDAR,REGULAR,Round of 16,INTERNATIONAL,2504,Columbus Crew,Visita,ALL,08/04/2021,4,4,49%,0.00,2,16,5,4,18,346,16,17,4,,7,1,3,6,11,5,2,0,,,4,0,285,13,52,,36/49 (73%),5/13 (38%),55%,9,42/74 (57%),5/11 (45%),10/13 (77%),38%,16,8,,20,,5,,,,,8
9345528,498,35618,CALENDAR,REGULAR,Round of 16,INTERNATIONAL,2504,Columbus Crew,Visita,1ST,08/04/2021,4,4,44%,0.00,2,11,1,3,,149,9,8,1,,6,0,0,5,10,1,2,0,,,2,0,121,7,23,,16/21 (76%),5/9 (56%),62%,5,24/38 (63%),2/4 (50%),7/8 (88%),33%,9,4,,10,,1,,,,,2
9345528,498,35618,CALENDAR,REGULAR,Round of 16,INTERNATIONAL,2504,Columbus Crew,Visita,2ND,08/04/2021,4,,53%,0.00,0,5,4,1,,197,7,9,3,,1,1,3,1,1,4,0,0,,,2,0,164,6,29,,20/28 (71%),0/4 (0%),49%,4,18/36 (50%),3/7 (43%),3/5 (60%),43%,7,4,,10,,4,,,,,6
9345534,498,35618,CALENDAR,REGULAR,Round of 16,INTERNATIONAL,2504,Columbus Crew,Local,ALL,15/04/2021,4,1,61%,0.00,1,11,2,9,11,554,14,13,1,,2,0,5,4,8,3,1,,,,3,4,481,19,59,,16/34 (47%),7/21 (33%),56%,5,33/62 (53%),11/16 (69%),7/18 (39%),71%,14,9,,9,,2,,,,,1
9345534,498,35618,CALENDAR,REGULAR,Round of 16,INTERNATIONAL,2504,Columbus Crew,Local,1ST,15/04/2021,4,0,62%,0.00,0,1,1,4,,292,8,5,0,,0,0,1,0,1,0,0,,,,1,2,253,14,29,,10/18 (56%),3/12 (25%),54%,2,16/28 (57%),4/9 (44%),4/8 (50%),75%,8,3,,5,,1,,,,,1
9345534,498,35618,CALENDAR,REGULAR,Round of 16,INTERNATIONAL,2504,Columbus Crew,Local,2ND,15/04/2021,4,,60%,0.00,1,10,1,5,,262,6,8,1,,2,0,4,4,7,3,1,,,,2,2,228,5,30,,6/16 (38%),4/9 (44%),59%,3,17/34 (50%),7/7 (100%),3/10 (30%),67%,6,6,,4,,1,,,,,0
9345534,498,35618,CALENDAR,REGULAR,Round of 16,INTERNATIONAL,25353,Real Estelí,Visita,ALL,15/04/2021,4,0,39%,0.00,0,5,1,2,15,363,16,10,1,,2,0,3,0,1,4,0,,,,2,1,300,16,43,,30/57 (53%),2/10 (20%),44%,10,29/62 (47%),5/16 (31%),4/8 (50%),63%,16,18,,21,,1,,,,,6
9345534,498,35618,CALENDAR,REGULAR,Round of 16,INTERNATIONAL,25353,Real Estelí,Visita,1ST,15/04/2021,4,0,38%,0.00,0,3,0,2,,186,6,4,0,,1,0,2,0,1,2,0,,,,0,0,155,10,24,,16/28 (57%),2/6 (33%),46%,5,12/28 (43%),5/9 (56%),3/6 (50%),67%,6,11,,13,,0,,,,,2
9345534,498,35618,CALENDAR,REGULAR,Round of 16,INTERNATIONAL,25353,Real Estelí,Visita,2ND,15/04/2021,4,,40%,0.00,0,2,1,0,,177,10,6,1,,1,0,1,0,0,2,0,,,,2,1,145,6,19,,14/29 (48%),0/4 (0%),41%,5,17/34 (50%),0/7 (0%),1/2 (50%),60%,10,7,,8,,1,,,,,4
9400322,242,35964,CALENDAR,REGULAR_SEASON,Regular Season,LEAGUE,2504,Columbus Crew,Local,ALL,18/04/2021,,0,48%,0.00,2,12,5,1,12,376,16,18,2,,6,1,5,1,5,7,,2,,,3,1,290,22,57,,32/69 (46%),4/8 (50%),49%,11,42/81 (52%),20/46 (43%),8/21 (38%),69%,16,10,,18,,5,,,,,11
9400322,242,35964,CALENDAR,REGULAR_SEASON,Regular Season,LEAGUE,2504,Columbus Crew,Local,1ST,18/04/2021,,0,45%,0.00,0,6,2,0,,189,8,7,0,,3,1,3,0,1,5,,0,,,2,0,146,13,25,,17/33 (52%),1/2 (50%),50%,6,20/41 (49%),14/27 (52%),5/14 (36%),50%,8,6,,10,,2,,,,,7
9400322,242,35964,CALENDAR,REGULAR_SEASON,Regular Season,LEAGUE,2504,Columbus Crew,Local,2ND,18/04/2021,,,51%,0.00,2,6,3,1,,187,8,11,2,,3,0,2,1,4,2,,2,,,1,1,144,9,32,,15/36 (42%),3/6 (50%),47%,5,22/40 (55%),6/19 (32%),3/7 (43%),88%,8,4,,8,,3,,,,,4
9400322,242,35964,CALENDAR,REGULAR_SEASON,Regular Season,LEAGUE,39833,Philadelphia Union,Visita,ALL,18/04/2021,,0,52%,0.00,0,15,6,6,18,394,24,12,4,,5,1,8,2,10,5,,0,,,3,2,292,15,66,,31/60 (52%),8/28 (29%),51%,7,39/81 (48%),26/46 (57%),6/15 (40%),67%,24,10,,6,,6,,,,,9
9400322,242,35964,CALENDAR,REGULAR_SEASON,Regular Season,LEAGUE,39833,Philadelphia Union,Visita,1ST,18/04/2021,,0,55%,0.00,0,8,3,3,,216,15,3,1,,2,0,5,1,5,3,,0,,,2,1,161,7,28,,12/28 (43%),5/17 (29%),50%,5,21/41 (51%),13/27 (48%),3/6 (50%),47%,15,7,,1,,3,,,,,7
9400322,242,35964,CALENDAR,REGULAR_SEASON,Regular Season,LEAGUE,39833,Philadelphia Union,Visita,2ND,18/04/2021,,,49%,0.00,0,7,3,3,,178,9,9,3,,3,1,3,1,5,2,,0,,,1,1,131,8,38,,19/32 (59%),3/11 (27%),53%,2,18/40 (45%),13/19 (68%),3/9 (33%),100%,9,3,,5,,3,,,,,2
9472948,498,35618,CALENDAR,REGULAR,Quarterfinals,INTERNATIONAL,2504,Columbus Crew,Local,ALL,28/04/2021,3,2,61%,0.00,3,15,1,4,6,524,9,18,2,,4,1,10,1,12,3,1,2,,,3,2,453,22,56,,24/47 (51%),6/17 (35%),50%,13,32/58 (55%),14/34 (41%),5/11 (45%),78%,9,14,,8,,1,,,,,6
9472948,498,35618,CALENDAR,REGULAR,Quarterfinals,INTERNATIONAL,2504,Columbus Crew,Local,1ST,28/04/2021,3,0,67%,0.00,2,8,0,2,,290,3,9,1,,1,0,7,0,5,3,0,2,,,1,1,250,14,26,,11/20 (55%),4/9 (44%),43%,8,14/29 (48%),7/20 (35%),2/5 (40%),33%,3,9,,3,,0,,,,,2
9472948,498,35618,CALENDAR,REGULAR,Quarterfinals,INTERNATIONAL,2504,Columbus Crew,Local,2ND,28/04/2021,3,,56%,0.00,1,7,1,2,,234,6,9,1,,3,1,3,1,7,0,1,0,,,2,1,203,8,30,,13/27 (48%),2/8 (25%),58%,5,18/29 (62%),7/14 (50%),3/6 (50%),100%,6,5,,5,,1,,,,,4
9472948,498,35618,CALENDAR,REGULAR,Quarterfinals,INTERNATIONAL,1932,CF Monterrey,Visita,ALL,28/04/2021,3,2,39%,0.00,0,10,2,2,19,317,19,5,1,,3,0,5,2,8,2,0,0,,,0,0,252,15,39,,22/45 (49%),4/13 (31%),50%,9,26/58 (45%),20/34 (59%),3/3 (100%),79%,19,10,,22,,2,,,,,6
9472948,498,35618,CALENDAR,REGULAR,Quarterfinals,INTERNATIONAL,1932,CF Monterrey,Visita,1ST,28/04/2021,3,1,33%,0.00,0,1,1,2,,141,11,4,0,,1,0,0,0,1,0,0,0,,,0,0,107,7,18,,13/25 (52%),1/5 (20%),57%,3,15/29 (52%),13/20 (65%),1/1 (100%),82%,11,9,,12,,1,,,,,4
9472948,498,35618,CALENDAR,REGULAR,Quarterfinals,INTERNATIONAL,1932,CF Monterrey,Visita,2ND,28/04/2021,3,,44%,0.00,0,9,1,0,,176,8,1,1,,2,0,5,2,7,2,0,0,,,0,0,145,8,21,,9/20 (45%),3/8 (38%),42%,6,11/29 (38%),7/14 (50%),2/2 (100%),75%,8,1,,10,,1,,,,,2
9425954,242,35964,CALENDAR,REGULAR_SEASON,Regular Season,LEAGUE,22006,CF Montréal,Local,ALL,01/05/2021,,0,56%,0.00,,20,0,7,19,506,8,7,,,3,0,5,12,15,5,,,,,0,1,448,13,58,,20/30 (67%),9/22 (41%),51%,8,31/66 (47%),11/16 (69%),16/19 (84%),50%,8,11,,2,,0,,,,,2
9425954,242,35964,CALENDAR,REGULAR_SEASON,Regular Season,LEAGUE,22006,CF Montréal,Local,1ST,01/05/2021,,0,51%,0.00,,11,0,2,,269,4,4,,,2,0,3,6,7,4,,,,,0,1,242,6,28,,8/12 (67%),5/12 (42%),45%,4,16/35 (46%),3/7 (43%),8/10 (80%),75%,4,7,,2,,0,,,,,0
9425954,242,35964,CALENDAR,REGULAR_SEASON,Regular Season,LEAGUE,22006,CF Montréal,Local,2ND,01/05/2021,,,63%,0.00,,9,0,5,,237,4,3,,,1,0,2,6,8,1,,,,,0,0,206,7,30,,12/18 (67%),4/10 (40%),58%,4,15/31 (48%),8/9 (89%),8/9 (89%),25%,4,4,,0,,0,,,,,2
9425954,242,35964,CALENDAR,REGULAR_SEASON,Regular Season,LEAGUE,2504,Columbus Crew,Visita,ALL,01/05/2021,,0,44%,0.00,,3,3,0,7,415,11,19,,,0,0,2,1,1,2,,,,,1,3,356,16,55,,34/67 (51%),1/7 (14%),49%,2,35/66 (53%),5/16 (31%),5/11 (45%),45%,11,9,,17,,3,,,,,9
9425954,242,35964,CALENDAR,REGULAR_SEASON,Regular Season,LEAGUE,2504,Columbus Crew,Visita,1ST,01/05/2021,,0,49%,0.00,,0,2,0,,271,6,11,,,0,0,0,0,0,0,,,,,0,1,240,6,25,,21/35 (60%),1/5 (20%),55%,1,19/35 (54%),4/7 (57%),2/5 (40%),17%,6,5,,9,,2,,,,,3
9425954,242,35964,CALENDAR,REGULAR_SEASON,Regular Season,LEAGUE,2504,Columbus Crew,Visita,2ND,01/05/2021,,,37%,0.00,,3,1,0,,144,5,8,,,0,0,2,1,1,2,,,,,1,2,116,10,30,,13/32 (41%),0/2 (0%),42%,1,16/31 (52%),1/9 (11%),3/6 (50%),80%,5,4,,8,,1,,,,,6
9472946,498,35618,CALENDAR,REGULAR,Quarterfinals,INTERNATIONAL,1932,CF Monterrey,Local,ALL,05/05/2021,3,3,53%,0.00,4,21,1,7,12,476,12,7,3,,11,0,5,5,13,8,2,2,,,2,0,406,11,54,,30/58 (52%),5/22 (23%),49%,8,21/51 (41%),14/20 (70%),2/9 (22%),83%,12,9,,14,,1,,,,,3
9472946,498,35618,CALENDAR,REGULAR,Quarterfinals,INTERNATIONAL,1932,CF Monterrey,Local,1ST,05/05/2021,3,2,45%,0.00,4,8,1,3,,193,7,4,1,,6,0,1,1,7,1,2,2,,,1,0,153,9,26,,15/33 (45%),1/8 (13%),51%,5,12/27 (44%),8/12 (67%),1/3 (33%),71%,7,7,,11,,1,,,,,2
9472946,498,35618,CALENDAR,REGULAR,Quarterfinals,INTERNATIONAL,1932,CF Monterrey,Local,2ND,05/05/2021,3,,61%,0.00,0,13,0,4,,283,5,3,2,,5,0,4,4,6,7,0,0,,,1,0,253,2,28,,15/25 (60%),4/14 (29%),47%,3,9/24 (38%),6/8 (75%),1/6 (17%),100%,5,2,,3,,0,,,,,1
9472946,498,35618,CALENDAR,REGULAR,Quarterfinals,INTERNATIONAL,2504,Columbus Crew,Visita,ALL,05/05/2021,3,0,47%,0.00,0,6,8,3,7,424,15,11,0,,1,0,4,1,4,2,0,0,,,2,3,342,11,43,,38/65 (58%),4/11 (36%),51%,7,30/51 (59%),6/20 (30%),4/9 (44%),40%,15,15,,10,,8,,,,,8
9472946,498,35618,CALENDAR,REGULAR,Quarterfinals,INTERNATIONAL,2504,Columbus Crew,Visita,1ST,05/05/2021,3,0,55%,0.00,0,6,4,3,,236,7,6,0,,1,0,4,1,4,2,0,0,,,1,1,190,7,27,,18/33 (55%),3/8 (38%),49%,4,15/27 (56%),4/12 (33%),2/5 (40%),57%,7,3,,4,,4,,,,,1
9472946,498,35618,CALENDAR,REGULAR,Quarterfinals,INTERNATIONAL,2504,Columbus Crew,Visita,2ND,05/05/2021,3,,39%,0.00,0,0,4,0,,188,8,5,0,,0,0,0,0,0,0,0,0,,,1,2,152,4,16,,20/32 (63%),1/3 (33%),53%,3,15/24 (63%),2/8 (25%),2/4 (50%),25%,8,12,,6,,4,,,,,7
9425923,242,35964,CALENDAR,REGULAR_SEASON,Regular Season,LEAGUE,2504,Columbus Crew,Local,ALL,08/05/2021,,3,45%,0.00,0,9,1,7,14,378,18,14,3,,3,0,5,1,6,3,0,0,0,,3,3,306,13,40,,31/60 (52%),6/21 (29%),52%,11,40/86 (47%),20/29 (69%),8/22 (36%),61%,18,15,,21,,1,,,,,11
9425923,242,35964,CALENDAR,REGULAR_SEASON,Regular Season,LEAGUE,2504,Columbus Crew,Local,1ST,08/05/2021,,1,53%,0.00,0,5,1,3,,246,9,8,2,,1,0,3,1,3,2,0,0,0,,2,2,210,4,20,,16/28 (57%),3/9 (33%),53%,6,20/42 (48%),7/9 (78%),3/10 (30%),67%,9,8,,7,,1,,,,,4
9425923,242,35964,CALENDAR,REGULAR_SEASON,Regular Season,LEAGUE,2504,Columbus Crew,Local,2ND,08/05/2021,,,36%,0.00,0,4,0,4,,132,9,6,1,,2,0,2,0,3,1,0,0,0,,1,1,96,9,20,,15/32 (47%),3/12 (25%),52%,5,20/44 (45%),13/20 (65%),5/12 (42%),56%,9,7,,14,,0,,,,,7
9425923,242,35964,CALENDAR,REGULAR_SEASON,Regular Season,LEAGUE,2502,DC United,Visita,ALL,08/05/2021,,1,55%,0.00,2,11,2,2,15,455,25,14,1,,2,0,7,2,7,4,1,1,1,,5,1,366,29,83,,26/54 (48%),3/21 (14%),48%,8,46/86 (53%),9/29 (31%),7/17 (41%),56%,25,12,,16,,2,,,,,7
9425923,242,35964,CALENDAR,REGULAR_SEASON,Regular Season,LEAGUE,2502,DC United,Visita,1ST,08/05/2021,,0,47%,0.00,0,6,0,1,,218,13,5,1,,1,0,4,1,3,3,0,0,0,,1,1,172,13,34,,9/20 (45%),1/6 (17%),47%,5,22/42 (52%),2/9 (22%),4/8 (50%),38%,13,7,,8,,0,,,,,4
9425923,242,35964,CALENDAR,REGULAR_SEASON,Regular Season,LEAGUE,2502,DC United,Visita,2ND,08/05/2021,,,64%,0.00,2,5,2,1,,237,12,9,0,,1,0,3,1,4,1,1,1,1,,4,0,194,16,49,,17/34 (50%),2/15 (13%),48%,3,24/44 (55%),7/20 (35%),3/9 (33%),75%,12,5,,8,,2,,,,,3
9425915,242,35964,CALENDAR,REGULAR_SEASON,Regular Season,LEAGUE,7080,Toronto FC,Local,ALL,12/05/2021,,2,52%,0.00,4,11,3,6,9,473,13,12,3,,4,2,3,4,9,2,1,3,0,,4,1,408,20,42,,23/49 (47%),0/16 (0%),48%,11,30/59 (51%),9/22 (41%),5/7 (71%),77%,13,9,,16,,3,,,,,12
9425915,242,35964,CALENDAR,REGULAR_SEASON,Regular Season,LEAGUE,7080,Toronto FC,Local,1ST,12/05/2021,,1,55%,0.00,2,7,2,2,,285,4,3,0,,2,1,2,3,6,1,0,2,0,,1,1,254,11,21,,13/25 (52%),0/7 (0%),34%,8,10/22 (45%),2/13 (15%),3/4 (75%),75%,4,6,,9,,2,,,,,6
9425915,242,35964,CALENDAR,REGULAR_SEASON,Regular Season,LEAGUE,7080,Toronto FC,Local,2ND,12/05/2021,,,48%,0.00,2,4,1,4,,188,9,9,3,,2,1,1,1,3,1,1,1,0,,3,0,154,9,21,,10/24 (42%),0/9 (0%),59%,3,20/37 (54%),7/9 (78%),2/3 (67%),78%,9,3,,7,,1,,,,,6
9425915,242,35964,CALENDAR,REGULAR_SEASON,Regular Season,LEAGUE,2504,Columbus Crew,Visita,ALL,12/05/2021,,0,48%,0.00,1,10,0,4,12,439,13,9,2,,3,0,5,2,6,4,0,1,2,,2,0,380,18,45,,32/49 (65%),4/19 (21%),52%,8,29/59 (49%),13/22 (59%),7/12 (58%),62%,13,13,,18,,0,,,,,4
9425915,242,35964,CALENDAR,REGULAR_SEASON,Regular Season,LEAGUE,2504,Columbus Crew,Visita,1ST,12/05/2021,,0,45%,0.00,1,6,0,3,,229,9,1,0,,2,0,3,1,3,3,0,1,1,,0,0,195,11,23,,15/26 (58%),4/13 (31%),66%,3,12/22 (55%),11/13 (85%),2/3 (67%),56%,9,7,,9,,0,,,,,2
9425915,242,35964,CALENDAR,REGULAR_SEASON,Regular Season,LEAGUE,2504,Columbus Crew,Visita,2ND,12/05/2021,,,52%,0.00,0,4,0,1,,210,4,8,2,,1,0,2,1,3,1,0,0,1,,2,0,185,7,22,,17/23 (74%),0/6 (0%),41%,5,17/37 (46%),2/9 (22%),5/9 (56%),75%,4,6,,9,,0,,,,,2
9425867,242,35964,CALENDAR,REGULAR_SEASON,Regular Season,LEAGUE,2511,New England Revolution,Local,ALL,16/05/2021,,1,50%,0.00,3,11,1,9,16,484,13,9,2,,3,1,5,3,10,1,1,2,1,,4,1,403,21,65,,27/43 (63%),7/20 (35%),50%,4,37/71 (52%),13/30 (43%),15/26 (58%),77%,13,9,,8,,1,,,,,5
9425867,242,35964,CALENDAR,REGULAR_SEASON,Regular Season,LEAGUE,2511,New England Revolution,Local,1ST,16/05/2021,,0,49%,0.00,2,6,0,3,,257,6,3,0,,2,1,2,2,5,1,0,2,1,,0,0,217,11,33,,9/17 (53%),2/6 (33%),52%,1,15/27 (56%),7/15 (47%),6/10 (60%),83%,6,5,,3,,0,,,,,3
9425867,242,35964,CALENDAR,REGULAR_SEASON,Regular Season,LEAGUE,2511,New England Revolution,Local,2ND,16/05/2021,,,52%,0.00,1,5,1,6,,227,7,6,2,,1,0,3,1,5,0,1,0,0,,4,1,186,10,32,,18/26 (69%),5/14 (36%),47%,3,22/44 (50%),6/15 (40%),9/16 (56%),71%,7,4,,5,,1,,,,,2
9425867,242,35964,CALENDAR,REGULAR_SEASON,Regular Season,LEAGUE,2504,Columbus Crew,Visita,ALL,16/05/2021,,0,50%,0.00,0,6,2,1,9,488,15,15,1,,1,1,4,1,3,3,0,0,0,,1,2,402,18,67,,47/88 (53%),0/8 (0%),50%,9,34/71 (48%),17/30 (57%),4/8 (50%),47%,15,10,,11,,2,,,,,11
9425867,242,35964,CALENDAR,REGULAR_SEASON,Regular Season,LEAGUE,2504,Columbus Crew,Visita,1ST,16/05/2021,,0,51%,0.00,0,3,2,1,,271,5,7,0,,0,0,2,1,2,1,0,0,0,,0,1,227,12,24,,28/47 (60%),0/5 (0%),48%,4,12/27 (44%),8/15 (53%),0/2 (0%),60%,5,5,,4,,2,,,,,6
9425867,242,35964,CALENDAR,REGULAR_SEASON,Regular Season,LEAGUE,2504,Columbus Crew,Visita,2ND,16/05/2021,,,48%,0.00,0,3,0,0,,217,10,8,1,,1,1,2,0,1,2,0,0,0,,1,1,175,6,43,,19/41 (46%),0/3 (0%),53%,5,22/44 (50%),9/15 (60%),4/6 (67%),40%,10,5,,7,,0,,,,,5
9425999,242,35964,CALENDAR,REGULAR_SEASON,Regular Season,LEAGUE,187643,New York City FC,Local,ALL,22/05/2021,,1,43%,0.00,1,17,1,1,16,389,15,11,2,,4,0,7,6,8,9,,1,1,,2,1,317,19,40,,26/53 (49%),3/14 (21%),45%,3,33/71 (46%),10/24 (42%),7/18 (39%),67%,15,10,,14,,1,,,,,11
9425999,242,35964,CALENDAR,REGULAR_SEASON,Regular Season,LEAGUE,187643,New York City FC,Local,1ST,22/05/2021,,1,43%,0.00,1,13,0,1,,201,8,9,0,,3,0,5,5,5,8,,1,0,,2,1,163,10,18,,10/22 (45%),2/8 (25%),56%,2,19/31 (61%),6/14 (43%),2/4 (50%),63%,8,5,,3,,0,,,,,4
9425999,242,35964,CALENDAR,REGULAR_SEASON,Regular Season,LEAGUE,187643,New York City FC,Local,2ND,22/05/2021,,,44%,0.00,0,4,1,0,,188,7,2,2,,1,0,2,1,3,1,,0,1,,0,0,154,9,22,,16/31 (52%),1/6 (17%),36%,1,14/40 (35%),4/10 (40%),5/14 (36%),71%,7,5,,11,,1,,,,,7
9425999,242,35964,CALENDAR,REGULAR_SEASON,Regular Season,LEAGUE,2504,Columbus Crew,Visita,ALL,22/05/2021,,2,57%,0.00,0,10,3,4,11,501,13,16,3,,3,0,4,3,3,7,,0,0,,4,1,434,24,45,,36/56 (64%),8/24 (33%),55%,9,38/71 (54%),14/24 (58%),8/14 (57%),62%,13,12,,15,,3,,,,,9
9425999,242,35964,CALENDAR,REGULAR_SEASON,Regular Season,LEAGUE,2504,Columbus Crew,Visita,1ST,22/05/2021,,0,57%,0.00,0,3,2,2,,272,3,4,1,,0,0,1,2,2,1,,0,0,,0,0,240,11,21,,17/30 (57%),4/10 (40%),44%,5,12/31 (39%),8/14 (57%),4/7 (57%),100%,3,6,,7,,2,,,,,7
9425999,242,35964,CALENDAR,REGULAR_SEASON,Regular Season,LEAGUE,2504,Columbus Crew,Visita,2ND,22/05/2021,,,56%,0.00,0,7,1,2,,229,10,12,2,,3,0,3,1,1,6,,0,0,,4,1,194,13,24,,19/26 (73%),4/14 (29%),64%,4,26/40 (65%),6/10 (60%),4/7 (57%),50%,10,6,,8,,1,,,,,2
9425893,242,35964,CALENDAR,REGULAR_SEASON,Regular Season,LEAGUE,2504,Columbus Crew,Local,ALL,29/05/2021,,2,49%,0.00,1,9,2,4,10,438,17,11,,,6,0,2,1,5,4,1,,,,5,3,344,25,64,,36/69 (52%),5/21 (24%),51%,9,32/69 (46%),14/21 (67%),6/16 (38%),47%,17,15,,14,,2,,,,,9
9425893,242,35964,CALENDAR,REGULAR_SEASON,Regular Season,LEAGUE,2504,Columbus Crew,Local,1ST,29/05/2021,,2,65%,0.00,1,4,0,2,,295,3,8,,,3,0,1,0,3,1,1,,,,3,1,248,14,32,,28/39 (72%),2/13 (15%),51%,4,13/30 (43%),6/7 (86%),2/8 (25%),67%,3,9,,4,,0,,,,,6
9425893,242,35964,CALENDAR,REGULAR_SEASON,Regular Season,LEAGUE,2504,Columbus Crew,Local,2ND,29/05/2021,,,33%,0.00,0,5,2,2,,143,14,3,,,3,0,1,1,2,3,0,,,,2,2,96,11,32,,8/30 (27%),3/8 (38%),51%,5,19/39 (49%),8/14 (57%),4/8 (50%),43%,14,6,,10,,2,,,,,3
9425893,242,35964,CALENDAR,REGULAR_SEASON,Regular Season,LEAGUE,7080,Toronto FC,Visita,ALL,29/05/2021,,1,51%,0.00,1,12,4,3,13,462,19,9,,,3,0,7,2,9,3,1,,,,1,1,358,24,61,,19/50 (38%),0/10 (0%),49%,11,37/69 (54%),7/21 (33%),9/15 (60%),47%,19,18,,16,,4,,,,,7
9425893,242,35964,CALENDAR,REGULAR_SEASON,Regular Season,LEAGUE,7080,Toronto FC,Visita,1ST,29/05/2021,,0,35%,0.00,0,3,1,1,,160,10,4,,,0,0,3,0,2,1,0,,,,0,1,109,12,20,,9/28 (32%),0/5 (0%),49%,1,17/30 (57%),1/7 (14%),3/5 (60%),60%,10,12,,9,,1,,,,,1
9425893,242,35964,CALENDAR,REGULAR_SEASON,Regular Season,LEAGUE,7080,Toronto FC,Visita,2ND,29/05/2021,,,67%,0.00,1,9,3,2,,302,9,5,,,3,0,4,2,7,2,1,,,,1,0,249,12,41,,10/22 (45%),0/5 (0%),49%,10,20/39 (51%),6/14 (43%),6/10 (60%),33%,9,6,,7,,3,,,,,6
9425908,242,35964,CALENDAR,REGULAR_SEASON,Regular Season,LEAGUE,2504,Columbus Crew,Local,ALL,19/06/2021,,2,41%,0.00,3,14,,4,13,331,19,7,2,,2,0,9,3,11,3,2,1,1,,0,1,261,21,44,,30/56 (54%),7/23 (30%),53%,7,35/68 (51%),15/26 (58%),9/19 (47%),63%,19,14,,19,,,,,,,13
9425908,242,35964,CALENDAR,REGULAR_SEASON,Regular Season,LEAGUE,2504,Columbus Crew,Local,1ST,19/06/2021,,2,42%,0.00,3,12,,2,,152,10,5,2,,2,0,8,2,9,3,2,1,1,,0,1,117,10,26,,14/27 (52%),5/13 (38%),60%,3,18/31 (58%),8/12 (67%),3/7 (43%),70%,10,8,,11,,,,,,,6
9425908,242,35964,CALENDAR,REGULAR_SEASON,Regular Season,LEAGUE,2504,Columbus Crew,Local,2ND,19/06/2021,,,40%,0.00,0,2,,2,,179,9,2,0,,0,0,1,1,2,0,0,0,0,,0,0,144,11,18,,16/29 (55%),2/10 (20%),47%,4,17/37 (46%),7/14 (50%),6/12 (50%),56%,9,6,,8,,,,,,,7
9425908,242,35964,CALENDAR,REGULAR_SEASON,Regular Season,LEAGUE,2505,Chicago Fire,Visita,ALL,19/06/2021,,0,59%,0.00,0,15,,3,7,496,17,13,2,,0,0,11,4,8,7,0,0,2,,3,0,408,25,62,,33/63 (52%),6/17 (35%),47%,10,33/68 (49%),11/26 (42%),4/13 (31%),53%,17,13,,13,,,,,,,10
9425908,242,35964,CALENDAR,REGULAR_SEASON,Regular Season,LEAGUE,2505,Chicago Fire,Visita,1ST,19/06/2021,,0,58%,0.00,0,6,,1,,223,7,7,1,,0,0,4,2,3,3,0,0,2,,1,0,180,15,23,,19/35 (54%),1/5 (20%),40%,6,13/31 (42%),4/12 (33%),0/4 (0%),57%,7,6,,4,,,,,,,8
9425908,242,35964,CALENDAR,REGULAR_SEASON,Regular Season,LEAGUE,2505,Chicago Fire,Visita,2ND,19/06/2021,,,60%,0.00,0,9,,2,,273,10,6,1,,0,0,7,2,5,4,0,0,0,,2,0,228,10,39,,14/28 (50%),5/12 (42%),53%,4,20/37 (54%),7/14 (50%),4/9 (44%),50%,10,7,,9,,,,,,,2
9425823,242,35964,CALENDAR,REGULAR_SEASON,Regular Season,LEAGUE,39833,Philadelphia Union,Local,ALL,23/06/2021,,1,38%,0.00,0,5,2,5,15,359,24,9,2,,1,0,2,2,4,1,,0,0,,1,2,281,14,58,,37/67 (55%),4/20 (20%),49%,5,36/74 (49%),14/29 (48%),3/8 (38%),67%,24,14,,22,,2,,,,,8
9425823,242,35964,CALENDAR,REGULAR_SEASON,Regular Season,LEAGUE,39833,Philadelphia Union,Local,1ST,23/06/2021,,1,44%,0.00,0,4,0,3,,216,11,4,0,,1,0,2,1,4,0,,0,0,,1,0,180,12,29,,21/30 (70%),3/13 (23%),53%,5,18/37 (49%),8/12 (67%),3/7 (43%),55%,11,4,,10,,0,,,,,0
9425823,242,35964,CALENDAR,REGULAR_SEASON,Regular Season,LEAGUE,39833,Philadelphia Union,Local,2ND,23/06/2021,,,32%,0.00,0,1,2,2,,143,13,5,2,,0,0,0,1,0,1,,0,0,,0,2,101,2,29,,16/37 (43%),1/7 (14%),44%,0,18/37 (49%),6/17 (35%),0/1 (0%),77%,13,10,,12,,2,,,,,8
9425823,242,35964,CALENDAR,REGULAR_SEASON,Regular Season,LEAGUE,2504,Columbus Crew,Visita,ALL,23/06/2021,,0,62%,0.00,1,8,0,3,11,581,10,15,2,,2,0,3,3,3,5,,1,1,,2,1,511,18,57,,31/52 (60%),3/30 (10%),51%,13,38/74 (51%),15/29 (52%),13/24 (54%),60%,10,8,,15,,0,,,,,3
9425823,242,35964,CALENDAR,REGULAR_SEASON,Regular Season,LEAGUE,2504,Columbus Crew,Visita,1ST,23/06/2021,,0,56%,0.00,0,1,0,2,,275,9,6,1,,0,0,0,1,0,1,,0,1,,1,1,241,6,24,,12/23 (52%),2/15 (13%),47%,7,19/37 (51%),4/12 (33%),4/8 (50%),67%,9,5,,10,,0,,,,,3
9425823,242,35964,CALENDAR,REGULAR_SEASON,Regular Season,LEAGUE,2504,Columbus Crew,Visita,2ND,23/06/2021,,,68%,0.00,1,7,0,1,,306,1,9,1,,2,0,3,2,3,4,,1,0,,1,0,270,12,33,,19/29 (66%),1/15 (7%),56%,6,19/37 (51%),11/17 (65%),9/16 (56%),0%,1,3,,5,,0,,,,,0
9425912,242,35964,CALENDAR,REGULAR_SEASON,Regular Season,LEAGUE,377973,Austin FC,Local,ALL,27/06/2021,,0,57%,0.00,0,17,6,6,13,495,20,7,1,,5,0,9,3,10,7,,0,1,,0,0,439,24,52,,27/41 (66%),5/28 (18%),52%,5,34/67 (51%),12/21 (57%),7/13 (54%),55%,20,4,,16,,6,,,,,5
9425912,242,35964,CALENDAR,REGULAR_SEASON,Regular Season,LEAGUE,377973,Austin FC,Local,1ST,27/06/2021,,0,59%,0.00,0,11,1,1,,266,8,5,0,,4,0,5,2,6,5,,0,1,,0,0,238,9,27,,17/25 (68%),4/12 (33%),59%,0,17/30 (57%),6/9 (67%),4/8 (50%),63%,8,4,,8,,1,,,,,3
9425912,242,35964,CALENDAR,REGULAR_SEASON,Regular Season,LEAGUE,377973,Austin FC,Local,2ND,27/06/2021,,,54%,0.00,0,6,5,5,,229,12,2,1,,1,0,4,1,4,2,,0,0,,0,0,201,15,25,,10/16 (63%),1/16 (6%),47%,5,17/37 (46%),6/12 (50%),3/5 (60%),50%,12,0,,8,,5,,,,,2
9425912,242,35964,CALENDAR,REGULAR_SEASON,Regular Season,LEAGUE,2504,Columbus Crew,Visita,ALL,27/06/2021,,0,43%,0.00,1,15,5,6,7,387,11,13,1,,6,0,6,3,5,10,,1,1,,2,2,334,13,37,,26/51 (51%),4/15 (27%),48%,9,33/67 (49%),9/21 (43%),10/21 (48%),64%,11,11,,22,,5,,,,,12
9425912,242,35964,CALENDAR,REGULAR_SEASON,Regular Season,LEAGUE,2504,Columbus Crew,Visita,1ST,27/06/2021,,0,41%,0.00,0,7,4,3,,181,4,5,1,,1,0,3,3,3,4,,0,0,,0,2,156,8,16,,13/26 (50%),2/9 (22%),41%,4,13/30 (43%),3/9 (33%),5/9 (56%),75%,4,6,,4,,4,,,,,8
9425912,242,35964,CALENDAR,REGULAR_SEASON,Regular Season,LEAGUE,2504,Columbus Crew,Visita,2ND,27/06/2021,,,46%,0.00,1,8,1,3,,206,7,8,0,,5,0,3,0,2,6,,1,1,,2,0,178,5,21,,13/25 (52%),2/6 (33%),53%,5,20/37 (54%),6/12 (50%),5/12 (42%),57%,7,5,,18,,1,,,,,4
9425919,242,35964,CALENDAR,REGULAR_SEASON,Regular Season,LEAGUE,2504,Columbus Crew,Local,ALL,03/07/2021,,2,68%,0.00,0,18,2,8,12,612,11,10,3,,7,0,6,5,8,10,0,,2,,3,0,547,23,56,,29/43 (67%),1/17 (6%),53%,6,30/59 (51%),13/22 (59%),9/16 (56%),73%,11,9,,12,,2,,,,,3
9425919,242,35964,CALENDAR,REGULAR_SEASON,Regular Season,LEAGUE,2504,Columbus Crew,Local,1ST,03/07/2021,,1,68%,0.00,0,11,1,4,,305,4,5,0,,4,0,4,3,4,7,0,,1,,2,0,277,9,25,,19/28 (68%),1/9 (11%),62%,4,14/25 (56%),9/12 (75%),5/5 (100%),75%,4,6,,5,,1,,,,,1
9425919,242,35964,CALENDAR,REGULAR_SEASON,Regular Season,LEAGUE,2504,Columbus Crew,Local,2ND,03/07/2021,,,69%,0.00,0,7,1,4,,307,7,5,3,,3,0,2,2,4,3,0,,1,,1,0,270,14,31,,10/15 (67%),0/8 (0%),45%,2,16/34 (47%),4/10 (40%),4/11 (36%),71%,7,3,,7,,1,,,,,2
9425919,242,35964,CALENDAR,REGULAR_SEASON,Regular Season,LEAGUE,2511,New England Revolution,Visita,ALL,03/07/2021,,2,32%,0.00,2,7,5,3,10,277,13,12,1,,4,0,0,3,4,3,2,,0,,2,1,210,11,46,,15/47 (32%),2/11 (18%),47%,6,29/59 (49%),9/22 (41%),4/9 (44%),38%,13,17,,19,,5,,,,,10
9425919,242,35964,CALENDAR,REGULAR_SEASON,Regular Season,LEAGUE,2511,New England Revolution,Visita,1ST,03/07/2021,,2,32%,0.00,2,3,3,2,,144,4,4,0,,3,0,0,0,2,1,2,,0,,2,1,108,5,25,,6/25 (24%),1/4 (25%),38%,2,11/25 (44%),3/12 (25%),3/5 (60%),50%,4,7,,7,,3,,,,,7
9425919,242,35964,CALENDAR,REGULAR_SEASON,Regular Season,LEAGUE,2511,New England Revolution,Visita,2ND,03/07/2021,,,31%,0.00,0,4,2,1,,133,9,8,1,,1,0,0,3,2,2,0,,0,,0,0,102,6,21,,9/22 (41%),1/7 (14%),55%,4,18/34 (53%),6/10 (60%),1/4 (25%),33%,9,10,,12,,2,,,,,3
9425878,242,35964,CALENDAR,REGULAR_SEASON,Regular Season,LEAGUE,215167,FC Cincinnati,Local,ALL,09/07/2021,,2,50%,0.00,1,13,0,2,17,434,18,15,6,0,3,0,6,4,7,6,1,0,1,,3,3,385,13,45,,27/42 (64%),2/14 (14%),45%,17,46/100 (46%),7/19 (37%),14/22 (64%),61%,18,3,,9,,0,,,,,8
9425878,242,35964,CALENDAR,REGULAR_SEASON,Regular Season,LEAGUE,215167,FC Cincinnati,Local,1ST,09/07/2021,,2,47%,0.00,1,6,0,1,,192,11,8,3,0,2,0,2,2,4,2,1,0,0,,1,2,168,6,20,,16/25 (64%),0/5 (0%),49%,8,24/47 (51%),4/10 (40%),6/8 (75%),55%,11,2,,5,,0,,,,,4
9425878,242,35964,CALENDAR,REGULAR_SEASON,Regular Season,LEAGUE,215167,FC Cincinnati,Local,2ND,09/07/2021,,,52%,0.00,0,7,0,1,,242,7,7,3,0,1,0,4,2,3,4,0,0,1,,2,1,217,7,25,,11/17 (65%),2/9 (22%),40%,9,22/53 (42%),3/9 (33%),8/14 (57%),71%,7,1,,4,,0,,,,,4
9425878,242,35964,CALENDAR,REGULAR_SEASON,Regular Season,LEAGUE,2504,Columbus Crew,Visita,ALL,09/07/2021,,2,50%,0.00,2,9,1,1,15,442,25,17,3,1,2,1,5,2,4,5,1,1,1,,5,0,379,12,47,,22/39 (56%),2/10 (20%),55%,8,54/100 (54%),12/19 (63%),13/23 (57%),52%,25,7,,12,,1,,,,,10
9425878,242,35964,CALENDAR,REGULAR_SEASON,Regular Season,LEAGUE,2504,Columbus Crew,Visita,1ST,09/07/2021,,1,53%,0.00,0,4,0,1,,217,10,7,3,1,1,0,2,1,1,3,0,0,0,,3,0,193,5,23,,10/16 (63%),1/6 (17%),51%,6,23/47 (49%),6/10 (60%),6/11 (55%),50%,10,3,,8,,0,,,,,3
9425878,242,35964,CALENDAR,REGULAR_SEASON,Regular Season,LEAGUE,2504,Columbus Crew,Visita,2ND,09/07/2021,,,48%,0.00,2,5,1,0,,225,15,10,0,0,1,1,3,1,3,2,1,1,1,,2,0,186,7,24,,12/23 (52%),1/4 (25%),60%,2,31/53 (58%),6/9 (67%),7/12 (58%),53%,15,4,,4,,1,,,,,7
9425768,242,35964,CALENDAR,REGULAR_SEASON,Regular Season,LEAGUE,2504,Columbus Crew,Local,ALL,17/07/2021,,2,40%,0.00,1,6,6,1,13,321,17,15,4,,3,0,1,2,2,4,,1,0,,3,1,250,21,44,,18/50 (36%),0/8 (0%),51%,9,41/79 (52%),8/18 (44%),9/16 (56%),41%,17,10,,33,,6,,,,,5
9425768,242,35964,CALENDAR,REGULAR_SEASON,Regular Season,LEAGUE,2504,Columbus Crew,Local,1ST,17/07/2021,,1,46%,0.00,1,5,3,1,,201,8,8,2,,2,0,1,2,2,3,,1,0,,2,0,163,14,25,,10/22 (45%),0/5 (0%),50%,4,23/43 (53%),1/5 (20%),7/12 (58%),25%,8,5,,14,,3,,,,,1
9425768,242,35964,CALENDAR,REGULAR_SEASON,Regular Season,LEAGUE,2504,Columbus Crew,Local,2ND,17/07/2021,,,33%,0.00,0,1,3,0,,120,9,7,2,,1,0,0,0,0,1,,0,0,,1,1,87,7,19,,8/28 (29%),0/3 (0%),51%,5,18/36 (50%),7/13 (54%),2/4 (50%),56%,9,5,,19,,3,,,,,4
9425768,242,35964,CALENDAR,REGULAR_SEASON,Regular Season,LEAGUE,187643,New York City FC,Visita,ALL,17/07/2021,,1,60%,0.00,3,21,1,7,15,469,16,11,4,,7,0,3,11,13,8,,3,1,,4,2,384,22,57,,21/42 (50%),4/26 (15%),49%,11,38/79 (48%),10/18 (56%),11/17 (65%),63%,16,9,,7,,1,,,,,5
9425768,242,35964,CALENDAR,REGULAR_SEASON,Regular Season,LEAGUE,187643,New York City FC,Visita,1ST,17/07/2021,,0,54%,0.00,2,10,1,2,,234,9,5,3,,3,0,1,6,7,3,,2,1,,1,0,186,12,29,,6/18 (33%),3/11 (27%),50%,6,20/43 (47%),4/5 (80%),6/8 (75%),78%,9,6,,6,,1,,,,,5
9425768,242,35964,CALENDAR,REGULAR_SEASON,Regular Season,LEAGUE,187643,New York City FC,Visita,2ND,17/07/2021,,,67%,0.00,1,11,0,5,,235,7,6,1,,4,0,2,5,6,5,,1,0,,3,2,198,10,28,,15/24 (63%),1/15 (7%),49%,5,18/36 (50%),6/13 (46%),5/9 (56%),43%,7,3,,1,,0,,,,,0
9425803,242,35964,CALENDAR,REGULAR_SEASON,Regular Season,LEAGUE,2504,Columbus Crew,Local,ALL,21/07/2021,,0,66%,0.00,2,18,1,5,10,617,11,13,2,,7,0,4,7,7,11,,2,1,,3,1,552,15,47,,29/42 (69%),3/21 (14%),49%,15,31/66 (47%),16/30 (53%),8/14 (57%),82%,11,15,,15,,1,,,,,9
9425803,242,35964,CALENDAR,REGULAR_SEASON,Regular Season,LEAGUE,2504,Columbus Crew,Local,1ST,21/07/2021,,0,69%,0.00,0,6,1,1,,314,4,5,2,,1,0,2,3,2,4,,0,1,,2,0,286,6,20,,20/28 (71%),1/4 (25%),40%,9,12/31 (39%),5/11 (45%),3/5 (60%),100%,4,4,,9,,1,,,,,5
9425803,242,35964,CALENDAR,REGULAR_SEASON,Regular Season,LEAGUE,2504,Columbus Crew,Local,2ND,21/07/2021,,,63%,0.00,2,12,0,4,,303,7,8,0,,6,0,2,4,5,7,,2,0,,1,1,266,9,27,,9/14 (64%),2/17 (12%),56%,6,19/35 (54%),11/19 (58%),5/9 (56%),71%,7,11,,6,,0,,,,,4
9425803,242,35964,CALENDAR,REGULAR_SEASON,Regular Season,LEAGUE,337612,Nashville SC,Visita,ALL,21/07/2021,,0,34%,0.00,0,8,7,5,13,311,21,9,1,,1,0,5,2,4,4,,0,0,,2,0,246,17,48,,25/46 (54%),3/20 (15%),51%,9,35/66 (53%),14/30 (47%),5/7 (71%),62%,21,9,,24,,7,,,,,5
9425803,242,35964,CALENDAR,REGULAR_SEASON,Regular Season,LEAGUE,337612,Nashville SC,Visita,1ST,21/07/2021,,0,31%,0.00,0,7,1,4,,134,11,4,1,,1,0,4,2,4,3,,0,0,,2,0,107,8,20,,10/18 (56%),2/11 (18%),60%,3,19/31 (61%),6/11 (55%),4/5 (80%),64%,11,5,,8,,1,,,,,2
9425803,242,35964,CALENDAR,REGULAR_SEASON,Regular Season,LEAGUE,337612,Nashville SC,Visita,2ND,21/07/2021,,,37%,0.00,0,1,6,1,,177,10,5,0,,0,0,1,0,0,1,,0,0,,0,0,139,9,28,,15/28 (54%),1/9 (11%),44%,6,16/35 (46%),8/19 (42%),1/2 (50%),60%,10,4,,16,,6,,,,,3
9425759,242,35964,CALENDAR,REGULAR_SEASON,Regular Season,LEAGUE,243211,Atlanta United,Local,ALL,24/07/2021,,0,58%,0.00,2,19,2,11,10,475,18,13,0,,5,0,8,6,12,7,0,2,1,,2,1,411,21,65,,30/47 (64%),6/37 (16%),54%,8,42/80 (53%),17/30 (57%),12/24 (50%),44%,18,10,,10,,2,,,,,3
9425759,242,35964,CALENDAR,REGULAR_SEASON,Regular Season,LEAGUE,243211,Atlanta United,Local,1ST,24/07/2021,,0,52%,0.00,2,8,0,5,,221,12,7,0,,3,0,3,2,6,2,0,2,1,,0,1,190,9,30,,17/29 (59%),1/15 (7%),60%,3,25/40 (63%),8/15 (53%),6/12 (50%),50%,12,7,,6,,0,,,,,1
9425759,242,35964,CALENDAR,REGULAR_SEASON,Regular Season,LEAGUE,243211,Atlanta United,Local,2ND,24/07/2021,,,64%,0.00,0,11,2,6,,254,6,6,0,,2,0,5,4,6,5,0,0,0,,2,0,221,12,35,,13/18 (72%),5/22 (23%),47%,5,17/40 (43%),9/15 (60%),6/12 (50%),33%,6,3,,4,,2,,,,,2
9425759,242,35964,CALENDAR,REGULAR_SEASON,Regular Season,LEAGUE,2504,Columbus Crew,Visita,ALL,24/07/2021,,1,42%,0.00,2,10,5,4,13,370,20,10,2,,3,1,5,2,7,3,1,1,1,,2,1,301,21,48,,31/58 (53%),3/8 (38%),46%,16,38/80 (48%),13/30 (43%),8/10 (80%),65%,20,11,,36,,5,,,,,10
9425759,242,35964,CALENDAR,REGULAR_SEASON,Regular Season,LEAGUE,2504,Columbus Crew,Visita,1ST,24/07/2021,,0,48%,0.00,1,4,3,2,,213,9,2,1,,0,0,2,2,4,0,0,1,1,,2,1,179,15,20,,15/25 (60%),2/6 (33%),40%,11,15/40 (38%),7/15 (47%),4/5 (80%),67%,9,5,,14,,3,,,,,7
9425759,242,35964,CALENDAR,REGULAR_SEASON,Regular Season,LEAGUE,2504,Columbus Crew,Visita,2ND,24/07/2021,,,36%,0.00,1,6,2,2,,157,11,8,1,,3,1,3,0,3,3,1,0,0,,0,0,122,6,28,,16/33 (48%),1/2 (50%),53%,5,23/40 (57%),6/15 (40%),4/5 (80%),64%,11,6,,22,,2,,,,,3
9425787,242,35964,CALENDAR,REGULAR_SEASON,Regular Season,LEAGUE,187643,New York City FC,Local,ALL,30/07/2021,,4,45%,0.00,8,24,0,5,15,365,18,3,4,,9,0,11,4,17,7,3,5,,,1,3,299,21,40,,16/34 (47%),7/15 (47%),46%,13,28/72 (39%),14/19 (74%),7/11 (64%),44%,18,13,,10,,0,,,,,11
9425787,242,35964,CALENDAR,REGULAR_SEASON,Regular Season,LEAGUE,187643,New York City FC,Local,1ST,30/07/2021,,2,44%,0.00,2,8,0,3,,186,8,1,2,,2,0,5,1,5,3,1,1,,,0,1,145,10,23,,6/19 (32%),3/5 (60%),44%,6,13/35 (37%),8/13 (62%),4/5 (80%),25%,8,5,,6,,0,,,,,7
9425787,242,35964,CALENDAR,REGULAR_SEASON,Regular Season,LEAGUE,187643,New York City FC,Local,2ND,30/07/2021,,,46%,0.00,6,16,0,2,,179,10,2,2,,7,0,6,3,12,4,2,4,,,1,2,154,11,17,,10/15 (67%),4/10 (40%),49%,7,15/37 (41%),6/6 (100%),3/6 (50%),60%,10,8,,4,,0,,,,,4
9425787,242,35964,CALENDAR,REGULAR_SEASON,Regular Season,LEAGUE,2504,Columbus Crew,Visita,ALL,30/07/2021,,1,55%,0.00,1,9,5,6,3,455,17,15,1,,1,0,5,3,5,4,1,0,,,3,1,373,19,50,,33/74 (45%),3/19 (16%),54%,10,44/72 (61%),5/19 (26%),12/20 (60%),65%,17,9,,6,,5,,,,,14
9425787,242,35964,CALENDAR,REGULAR_SEASON,Regular Season,LEAGUE,2504,Columbus Crew,Visita,1ST,30/07/2021,,0,56%,0.00,0,4,0,2,,243,7,9,0,,0,0,3,1,1,3,0,0,,,2,0,200,7,26,,17/39 (44%),1/8 (13%),56%,5,22/35 (63%),5/13 (38%),6/9 (67%),43%,7,6,,0,,0,,,,,6
9425787,242,35964,CALENDAR,REGULAR_SEASON,Regular Season,LEAGUE,2504,Columbus Crew,Visita,2ND,30/07/2021,,,54%,0.00,1,5,5,4,,212,10,6,1,,1,0,2,2,4,1,1,0,,,1,1,173,12,24,,16/35 (46%),2/11 (18%),51%,5,22/37 (59%),0/6 (0%),6/11 (55%),80%,10,3,,6,,5,,,,,8
9426350,242,35964,CALENDAR,REGULAR_SEASON,Regular Season,LEAGUE,2504,Columbus Crew,Local,ALL,04/08/2021,,2,70%,0.00,3,15,1,5,10,567,17,14,3,,5,1,9,1,5,10,2,1,2,,4,2,490,23,57,,34/51 (67%),3/23 (13%),58%,13,48/80 (60%),11/22 (50%),17/24 (71%),71%,17,7,,2,,1,,,,,9
9426350,242,35964,CALENDAR,REGULAR_SEASON,Regular Season,LEAGUE,2504,Columbus Crew,Local,1ST,04/08/2021,,0,68%,0.00,1,7,0,0,,277,9,4,3,,2,0,5,0,2,5,0,1,1,,1,2,248,11,27,,12/19 (63%),1/7 (14%),53%,8,21/38 (55%),4/9 (44%),8/11 (73%),56%,9,5,,2,,0,,,,,6
9426350,242,35964,CALENDAR,REGULAR_SEASON,Regular Season,LEAGUE,2504,Columbus Crew,Local,2ND,04/08/2021,,,72%,0.00,2,8,1,5,,290,8,10,0,,3,1,4,1,3,5,2,0,1,,3,0,242,12,30,,22/32 (69%),2/16 (13%),62%,5,27/42 (64%),7/13 (54%),9/13 (69%),88%,8,2,,0,,1,,,,,3
9426350,242,35964,CALENDAR,REGULAR_SEASON,Regular Season,LEAGUE,2502,DC United,Visita,ALL,04/08/2021,,4,30%,0.00,2,9,3,2,15,245,20,9,1,,5,0,4,0,6,3,2,0,0,,1,0,171,19,45,,27/59 (46%),3/7 (43%),42%,9,32/80 (40%),11/22 (50%),3/11 (27%),50%,20,7,,26,,3,,,,,7
9426350,242,35964,CALENDAR,REGULAR_SEASON,Regular Season,LEAGUE,2502,DC United,Visita,1ST,04/08/2021,,3,32%,0.00,2,5,2,2,,130,11,3,0,,3,0,2,0,5,0,2,0,0,,1,0,100,10,19,,12/21 (57%),2/4 (50%),47%,4,17/38 (45%),5/9 (56%),3/8 (38%),45%,11,5,,8,,2,,,,,3
9426350,242,35964,CALENDAR,REGULAR_SEASON,Regular Season,LEAGUE,2502,DC United,Visita,2ND,04/08/2021,,,28%,0.00,0,4,1,0,,115,9,6,1,,2,0,2,0,1,3,0,0,0,,0,0,71,9,26,,15/38 (39%),1/3 (33%),38%,5,15/42 (36%),6/13 (46%),0/3 (0%),56%,9,2,,18,,1,,,,,4
9426006,242,35964,CALENDAR,REGULAR_SEASON,Regular Season,LEAGUE,2504,Columbus Crew,Local,ALL,07/08/2021,,2,47%,0.00,1,11,3,2,12,427,18,12,1,,3,0,7,1,8,3,1,,0,,5,2,363,12,48,,30/52 (58%),4/14 (29%),52%,7,45/81 (56%),5/16 (31%),15/20 (75%),56%,18,16,,11,,3,,,,,7
9426006,242,35964,CALENDAR,REGULAR_SEASON,Regular Season,LEAGUE,2504,Columbus Crew,Local,1ST,07/08/2021,,1,48%,0.00,0,8,0,1,,218,9,5,0,,2,0,6,0,6,2,0,,0,,1,0,183,5,34,,23/36 (64%),4/8 (50%),48%,4,21/40 (53%),4/12 (33%),7/10 (70%),67%,9,9,,8,,0,,,,,2
9426006,242,35964,CALENDAR,REGULAR_SEASON,Regular Season,LEAGUE,2504,Columbus Crew,Local,2ND,07/08/2021,,,45%,0.00,1,3,3,1,,209,9,7,1,,1,0,1,1,2,1,1,,0,,4,2,180,7,14,,7/16 (44%),0/6 (0%),56%,3,24/41 (59%),1/4 (25%),8/10 (80%),44%,9,7,,3,,3,,,,,5
9426006,242,35964,CALENDAR,REGULAR_SEASON,Regular Season,LEAGUE,243211,Atlanta United,Visita,ALL,07/08/2021,,3,53%,0.00,3,17,1,6,12,491,12,12,2,,7,1,4,6,11,6,3,,1,,3,0,413,15,49,,22/44 (50%),4/15 (27%),48%,10,36/81 (44%),11/16 (69%),12/20 (60%),75%,12,10,,10,,1,,,,,10
9426006,242,35964,CALENDAR,REGULAR_SEASON,Regular Season,LEAGUE,243211,Atlanta United,Visita,1ST,07/08/2021,,2,52%,0.00,2,8,1,3,,238,7,5,1,,3,0,1,4,6,2,2,,1,,1,0,195,7,28,,15/28 (54%),2/8 (25%),52%,6,19/40 (48%),8/12 (67%),7/10 (70%),71%,7,8,,4,,1,,,,,8
9426006,242,35964,CALENDAR,REGULAR_SEASON,Regular Season,LEAGUE,243211,Atlanta United,Visita,2ND,07/08/2021,,,55%,0.00,1,9,0,3,,253,5,7,1,,4,1,3,2,5,4,1,,0,,2,0,218,8,21,,7/16 (44%),2/7 (29%),44%,4,17/41 (41%),3/4 (75%),5/10 (50%),80%,5,2,,6,,0,,,,,2
9425942,242,35964,CALENDAR,REGULAR_SEASON,Regular Season,LEAGUE,2505,Chicago Fire,Local,ALL,15/08/2021,,1,46%,0.00,,17,1,2,15,410,18,4,0,,7,0,5,5,12,5,,,,,1,2,333,17,52,,24/51 (47%),2/19 (11%),44%,11,32/74 (43%),19/41 (46%),10/13 (77%),67%,18,10,,16,,1,,,,,11
9425942,242,35964,CALENDAR,REGULAR_SEASON,Regular Season,LEAGUE,2505,Chicago Fire,Local,1ST,15/08/2021,,0,48%,0.00,,8,0,1,,224,8,1,0,,3,0,2,3,5,3,,,,,0,0,185,10,26,,13/26 (50%),2/12 (17%),46%,4,16/36 (44%),9/18 (50%),7/9 (78%),50%,8,4,,5,,0,,,,,6
9425942,242,35964,CALENDAR,REGULAR_SEASON,Regular Season,LEAGUE,2505,Chicago Fire,Local,2ND,15/08/2021,,,44%,0.00,,9,1,1,,186,10,3,0,,4,0,3,2,7,2,,,,,1,2,148,7,26,,11/25 (44%),0/7 (0%),43%,7,16/38 (42%),10/23 (43%),3/4 (75%),80%,10,6,,11,,1,,,,,5
9425942,242,35964,CALENDAR,REGULAR_SEASON,Regular Season,LEAGUE,2504,Columbus Crew,Visita,ALL,15/08/2021,,0,54%,0.00,,11,6,3,4,485,14,15,1,,1,1,6,4,8,3,,,,,3,3,396,17,66,,43/85 (51%),3/14 (21%),56%,10,42/74 (57%),22/41 (54%),13/21 (62%),36%,14,5,,21,,6,,,,,7
9425942,242,35964,CALENDAR,REGULAR_SEASON,Regular Season,LEAGUE,2504,Columbus Crew,Visita,1ST,15/08/2021,,0,52%,0.00,,5,3,1,,253,6,8,1,,0,0,4,1,3,2,,,,,1,0,209,12,31,,24/46 (52%),0/5 (0%),54%,5,20/36 (56%),9/18 (50%),6/9 (67%),17%,6,2,,14,,3,,,,,4
9425942,242,35964,CALENDAR,REGULAR_SEASON,Regular Season,LEAGUE,2504,Columbus Crew,Visita,2ND,15/08/2021,,,56%,0.00,,6,3,2,,232,8,7,0,,1,1,2,3,5,1,,,,,2,3,187,5,35,,19/39 (49%),3/9 (33%),57%,5,22/38 (58%),13/23 (57%),7/12 (58%),50%,8,3,,7,,3,,,,,3
9426082,242,35964,CALENDAR,REGULAR_SEASON,Regular Season,LEAGUE,2506,New York Red Bulls,Local,ALL,18/08/2021,,1,44%,0.00,1,16,4,6,10,324,12,7,1,,5,0,9,2,10,6,1,0,,,2,2,211,26,67,,21/60 (35%),5/22 (23%),53%,5,36/76 (47%),29/46 (63%),17/28 (61%),42%,12,7,,21,,4,,,,,3
9426082,242,35964,CALENDAR,REGULAR_SEASON,Regular Season,LEAGUE,2506,New York Red Bulls,Local,1ST,18/08/2021,,1,45%,0.00,1,9,2,3,,164,3,2,0,,3,0,4,2,6,3,1,0,,,1,0,110,16,34,,9/23 (39%),2/11 (18%),52%,0,13/30 (43%),13/20 (65%),8/13 (62%),33%,3,5,,8,,2,,,,,1
9426082,242,35964,CALENDAR,REGULAR_SEASON,Regular Season,LEAGUE,2506,New York Red Bulls,Local,2ND,18/08/2021,,,44%,0.00,0,7,2,3,,160,9,5,1,,2,0,5,0,4,3,0,0,,,1,2,101,10,33,,12/37 (32%),3/11 (27%),54%,5,23/46 (50%),16/26 (62%),9/15 (60%),44%,9,2,,13,,2,,,,,2
9426082,242,35964,CALENDAR,REGULAR_SEASON,Regular Season,LEAGUE,2504,Columbus Crew,Visita,ALL,18/08/2021,,0,56%,0.00,2,9,4,3,7,414,16,10,1,,3,0,2,4,6,3,0,2,,,0,2,285,26,57,,25/95 (26%),2/15 (13%),47%,3,40/76 (53%),17/46 (37%),14/23 (61%),69%,16,17,,25,,4,,,,,13
9426082,242,35964,CALENDAR,REGULAR_SEASON,Regular Season,LEAGUE,2504,Columbus Crew,Visita,1ST,18/08/2021,,0,55%,0.00,1,1,2,0,,210,5,4,0,,1,0,0,0,1,0,0,1,,,0,2,154,13,19,,8/41 (20%),0/4 (0%),48%,1,17/30 (57%),7/20 (35%),8/10 (80%),40%,5,9,,10,,2,,,,,7
9426082,242,35964,CALENDAR,REGULAR_SEASON,Regular Season,LEAGUE,2504,Columbus Crew,Visita,2ND,18/08/2021,,,56%,0.00,1,8,2,3,,204,11,6,1,,2,0,2,4,5,3,0,1,,,0,0,131,13,38,,17/54 (31%),2/11 (18%),46%,2,23/46 (50%),10/26 (38%),6/13 (46%),82%,11,8,,15,,2,,,,,6
9426091,242,35964,CALENDAR,REGULAR_SEASON,Regular Season,LEAGUE,2504,Columbus Crew,Local,ALL,21/08/2021,,1,44%,0.00,2,11,3,4,15,362,6,12,1,,2,0,7,2,8,3,1,1,,,1,2,292,15,60,,29/59 (49%),6/16 (38%),44%,5,30/70 (43%),18/38 (47%),12/26 (46%),83%,6,9,,14,,3,,,,,9
9426091,242,35964,CALENDAR,REGULAR_SEASON,Regular Season,LEAGUE,2504,Columbus Crew,Local,1ST,21/08/2021,,0,48%,0.00,1,5,3,1,,209,3,7,0,,0,0,4,1,4,1,0,1,,,1,0,175,7,27,,13/25 (52%),3/9 (33%),46%,2,15/35 (43%),9/17 (53%),5/13 (38%),67%,3,4,,0,,3,,,,,4
9426091,242,35964,CALENDAR,REGULAR_SEASON,Regular Season,LEAGUE,2504,Columbus Crew,Local,2ND,21/08/2021,,,40%,0.00,1,6,0,3,,153,3,5,1,,2,0,3,1,4,2,1,0,,,0,2,117,8,33,,16/34 (47%),3/7 (43%),43%,3,15/35 (43%),9/21 (43%),7/13 (54%),100%,3,5,,14,,0,,,,,5
9426091,242,35964,CALENDAR,REGULAR_SEASON,Regular Season,LEAGUE,22009,Seattle Sounders FC,Visita,ALL,21/08/2021,,2,56%,0.00,1,17,1,7,13,452,19,15,1,,5,1,6,6,8,9,1,0,,,0,2,376,13,52,,24/55 (44%),7/20 (35%),56%,2,40/70 (57%),20/38 (53%),6/10 (60%),58%,19,9,,10,,1,,,,,8
9426091,242,35964,CALENDAR,REGULAR_SEASON,Regular Season,LEAGUE,22009,Seattle Sounders FC,Visita,1ST,21/08/2021,,0,52%,0.00,0,5,0,1,,232,10,8,0,,3,0,2,0,2,3,0,0,,,0,0,190,7,26,,10/26 (38%),2/4 (50%),54%,1,20/35 (57%),8/17 (47%),2/4 (50%),60%,10,4,,5,,0,,,,,4
9426091,242,35964,CALENDAR,REGULAR_SEASON,Regular Season,LEAGUE,22009,Seattle Sounders FC,Visita,2ND,21/08/2021,,,60%,0.00,1,12,1,6,,220,9,7,1,,2,1,4,6,6,6,1,0,,,0,2,186,6,26,,14/29 (48%),5/16 (31%),57%,1,20/35 (57%),12/21 (57%),4/6 (67%),56%,9,5,,5,,1,,,,,4
9426182,242,35964,CALENDAR,REGULAR_SEASON,Regular Season,LEAGUE,2504,Columbus Crew,Local,ALL,27/08/2021,,3,51%,0.00,4,22,2,6,6,396,11,8,,,11,2,8,3,15,7,2,2,0,,3,3,329,24,59,,23/55 (42%),6/23 (26%),44%,12,33/73 (45%),11/28 (39%),14/23 (61%),45%,11,8,,21,,2,,,,,9
9426182,242,35964,CALENDAR,REGULAR_SEASON,Regular Season,LEAGUE,2504,Columbus Crew,Local,1ST,27/08/2021,,1,51%,0.00,1,8,1,4,,203,5,3,,,2,2,5,1,6,2,0,1,0,,2,1,166,12,23,,12/31 (39%),2/13 (15%),42%,4,15/32 (47%),4/13 (31%),7/11 (64%),40%,5,3,,16,,1,,,,,4
9426182,242,35964,CALENDAR,REGULAR_SEASON,Regular Season,LEAGUE,2504,Columbus Crew,Local,2ND,27/08/2021,,,52%,0.00,3,14,1,2,,193,6,5,,,9,0,3,2,9,5,2,1,0,,1,2,163,12,36,,11/24 (46%),4/10 (40%),45%,8,18/41 (44%),7/15 (47%),7/12 (58%),50%,6,5,,5,,1,,,,,5
9426182,242,35964,CALENDAR,REGULAR_SEASON,Regular Season,LEAGUE,215167,FC Cincinnati,Visita,ALL,27/08/2021,,2,49%,0.00,1,17,8,8,8,381,21,6,,,4,0,7,6,11,6,0,1,2,,1,0,300,12,38,,20/49 (41%),3/19 (16%),56%,2,40/73 (55%),17/28 (61%),13/22 (59%),57%,21,8,,28,,8,,,,,12
9426182,242,35964,CALENDAR,REGULAR_SEASON,Regular Season,LEAGUE,215167,FC Cincinnati,Visita,1ST,27/08/2021,,1,49%,0.00,1,8,1,7,,197,8,2,,,2,0,3,3,4,4,0,1,0,,1,0,163,4,18,,7/21 (33%),2/15 (13%),58%,1,17/32 (53%),9/13 (69%),7/11 (64%),50%,8,5,,16,,1,,,,,7
9426182,242,35964,CALENDAR,REGULAR_SEASON,Regular Season,LEAGUE,215167,FC Cincinnati,Visita,2ND,27/08/2021,,,48%,0.00,0,9,7,1,,184,13,4,,,2,0,4,3,7,2,0,0,2,,0,0,137,8,20,,13/28 (46%),1/4 (25%),55%,1,23/41 (56%),8/15 (53%),6/11 (55%),62%,13,3,,12,,7,,,,,5
9426174,242,35964,CALENDAR,REGULAR_SEASON,Regular Season,LEAGUE,52237,Orlando City SC,Local,ALL,04/09/2021,,3,48%,0.00,1,12,1,2,10,410,8,11,2,,5,0,5,2,5,7,0,1,0,,1,1,337,17,49,,33/52 (63%),2/4 (50%),56%,5,24/51 (47%),25/37 (68%),6/10 (60%),25%,8,9,,18,,1,,,,,13
9426174,242,35964,CALENDAR,REGULAR_SEASON,Regular Season,LEAGUE,52237,Orlando City SC,Local,1ST,04/09/2021,,2,48%,0.00,0,6,1,1,,197,5,4,1,,3,0,1,2,3,3,0,0,0,,1,0,157,10,22,,18/29 (62%),0/1 (0%),53%,1,12/25 (48%),13/22 (59%),3/4 (75%),40%,5,4,,13,,1,,,,,7
9426174,242,35964,CALENDAR,REGULAR_SEASON,Regular Season,LEAGUE,52237,Orlando City SC,Local,2ND,04/09/2021,,,47%,0.00,1,6,0,1,,213,3,7,1,,2,0,4,0,2,4,0,1,0,,0,1,180,7,27,,15/23 (65%),2/3 (67%),59%,4,12/26 (46%),12/15 (80%),3/6 (50%),0%,3,5,,5,,0,,,,,6
9426174,242,35964,CALENDAR,REGULAR_SEASON,Regular Season,LEAGUE,2504,Columbus Crew,Visita,ALL,04/09/2021,,2,52%,0.00,1,12,2,5,11,434,9,9,0,,2,0,6,4,6,6,1,0,3,,4,2,356,7,52,,36/66 (55%),7/24 (29%),44%,6,27/51 (53%),12/37 (32%),9/11 (82%),78%,9,10,,5,,2,,,,,8
9426174,242,35964,CALENDAR,REGULAR_SEASON,Regular Season,LEAGUE,2504,Columbus Crew,Visita,1ST,04/09/2021,,0,52%,0.00,0,8,1,5,,201,2,5,0,,1,0,4,3,2,6,0,0,1,,3,1,162,3,23,,22/34 (65%),4/16 (25%),47%,4,13/25 (52%),9/22 (41%),6/7 (86%),100%,2,4,,2,,1,,,,,4
9426174,242,35964,CALENDAR,REGULAR_SEASON,Regular Season,LEAGUE,2504,Columbus Crew,Visita,2ND,04/09/2021,,,53%,0.00,1,4,1,0,,233,7,4,0,,1,0,2,1,4,0,1,0,2,,1,1,194,4,29,,14/32 (44%),3/8 (38%),41%,2,14/26 (54%),3/15 (20%),3/4 (75%),71%,7,6,,3,,1,,,,,4
9426193,242,35964,CALENDAR,REGULAR_SEASON,Regular Season,LEAGUE,337602,Inter Miami CF,Local,ALL,11/09/2021,,1,42%,0.00,1,5,3,5,10,391,21,11,0,,2,0,2,1,3,2,1,0,3,,2,2,327,12,47,,33/57 (58%),2/11 (18%),58%,5,38/63 (60%),10/20 (50%),6/8 (75%),52%,21,11,,20,,3,,,,,6
9426193,242,35964,CALENDAR,REGULAR_SEASON,Regular Season,LEAGUE,337602,Inter Miami CF,Local,1ST,11/09/2021,,1,38%,0.00,1,5,1,4,,189,10,3,0,,2,0,2,1,3,2,1,0,2,,1,2,165,2,22,,15/23 (65%),2/9 (22%),65%,3,18/26 (69%),4/8 (50%),5/5 (100%),50%,10,9,,11,,1,,,,,3
9426193,242,35964,CALENDAR,REGULAR_SEASON,Regular Season,LEAGUE,337602,Inter Miami CF,Local,2ND,11/09/2021,,,47%,0.00,0,0,2,1,,202,11,8,0,,0,0,0,0,0,0,0,0,1,,1,0,162,10,25,,18/34 (53%),0/2 (0%),53%,2,20/37 (54%),6/12 (50%),1/3 (33%),55%,11,2,,9,,2,,,,,3
9426193,242,35964,CALENDAR,REGULAR_SEASON,Regular Season,LEAGUE,2504,Columbus Crew,Visita,ALL,11/09/2021,,0,58%,0.00,1,7,1,7,11,529,7,10,3,,3,0,3,1,4,3,0,1,1,,2,0,466,12,52,,20/36 (56%),4/26 (15%),42%,11,25/63 (40%),10/20 (50%),8/18 (44%),57%,7,7,,13,,1,,,,,4
9426193,242,35964,CALENDAR,REGULAR_SEASON,Regular Season,LEAGUE,2504,Columbus Crew,Visita,1ST,11/09/2021,,0,62%,0.00,0,2,1,4,,311,3,4,2,,1,0,1,0,1,1,0,0,1,,0,0,277,5,25,,7/16 (44%),1/13 (8%),35%,5,8/26 (31%),4/8 (50%),1/6 (17%),100%,3,1,,8,,1,,,,,3
9426193,242,35964,CALENDAR,REGULAR_SEASON,Regular Season,LEAGUE,2504,Columbus Crew,Visita,2ND,11/09/2021,,,53%,0.00,1,5,0,3,,218,4,6,1,,2,0,2,1,3,2,0,1,0,,2,0,189,7,27,,13/20 (65%),3/13 (23%),47%,6,17/37 (46%),6/12 (50%),7/12 (58%),25%,4,6,,5,,0,,,,,1
9426210,242,35964,CALENDAR,REGULAR_SEASON,Regular Season,LEAGUE,2504,Columbus Crew,Local,ALL,14/09/2021,,2,60%,0.00,3,17,2,6,5,455,15,8,0,,6,0,8,3,10,7,2,1,,,5,1,352,35,70,,31/72 (43%),4/20 (20%),61%,9,36/58 (62%),27/46 (59%),13/18 (72%),53%,15,6,,21,,2,,,,,12
9426210,242,35964,CALENDAR,REGULAR_SEASON,Regular Season,LEAGUE,2504,Columbus Crew,Local,1ST,14/09/2021,,0,65%,0.00,1,8,1,2,,219,8,5,0,,2,0,5,1,5,3,0,1,,,3,1,163,21,35,,16/36 (44%),2/10 (20%),56%,7,18/32 (56%),17/30 (57%),5/9 (56%),50%,8,4,,9,,1,,,,,4
9426210,242,35964,CALENDAR,REGULAR_SEASON,Regular Season,LEAGUE,2504,Columbus Crew,Local,2ND,14/09/2021,,,57%,0.00,2,9,1,4,,236,7,3,0,,4,0,3,2,5,4,2,0,,,2,0,189,14,35,,15/36 (42%),2/10 (20%),67%,2,18/26 (69%),10/16 (63%),8/9 (89%),57%,7,2,,12,,1,,,,,8
9426210,242,35964,CALENDAR,REGULAR_SEASON,Regular Season,LEAGUE,2506,New York Red Bulls,Visita,ALL,14/09/2021,,1,40%,0.00,1,9,4,3,9,296,14,5,1,,3,0,5,1,4,5,1,0,,,1,2,204,20,57,,20/58 (34%),2/14 (14%),39%,5,22/58 (38%),19/46 (41%),3/13 (23%),50%,14,11,,40,,4,,,,,10
9426210,242,35964,CALENDAR,REGULAR_SEASON,Regular Season,LEAGUE,2506,New York Red Bulls,Visita,1ST,14/09/2021,,1,35%,0.00,1,5,2,1,,121,11,2,1,,2,0,2,1,3,2,1,0,,,1,1,72,12,24,,9/28 (32%),1/4 (25%),44%,2,14/32 (44%),13/30 (43%),1/7 (14%),55%,11,7,,17,,2,,,,,7
9426210,242,35964,CALENDAR,REGULAR_SEASON,Regular Season,LEAGUE,2506,New York Red Bulls,Visita,2ND,14/09/2021,,,43%,0.00,0,4,2,2,,175,3,3,0,,1,0,3,0,1,3,0,0,,,0,1,132,8,33,,11/30 (37%),1/10 (10%),33%,3,8/26 (31%),6/16 (38%),2/6 (33%),33%,3,4,,23,,2,,,,,3
9426436,242,35964,CALENDAR,REGULAR_SEASON,Regular Season,LEAGUE,2511,New England Revolution,Local,ALL,18/09/2021,,1,61%,0.00,3,33,1,14,2,545,20,9,0,,7,0,18,8,23,10,1,2,0,,5,0,486,20,72,,39/51 (76%),18/46 (39%),61%,6,37/59 (63%),16/28 (57%),8/18 (44%),65%,20,7,,11,,1,,,,,1
9426436,242,35964,CALENDAR,REGULAR_SEASON,Regular Season,LEAGUE,2511,New England Revolution,Local,1ST,18/09/2021,,0,62%,0.00,1,9,0,7,,303,14,2,0,,2,0,4,3,5,4,0,1,0,,2,0,269,11,36,,21/29 (72%),4/17 (24%),51%,5,19/34 (56%),5/13 (38%),3/9 (33%),64%,14,2,,6,,0,,,,,1
9426436,242,35964,CALENDAR,REGULAR_SEASON,Regular Season,LEAGUE,2511,New England Revolution,Local,2ND,18/09/2021,,,61%,0.00,2,24,1,7,,242,6,7,0,,5,0,14,5,18,6,1,1,0,,3,0,217,9,36,,18/22 (82%),14/29 (48%),73%,1,18/25 (72%),11/15 (73%),5/9 (56%),67%,6,5,,5,,1,,,,,0
9426436,242,35964,CALENDAR,REGULAR_SEASON,Regular Season,LEAGUE,2504,Columbus Crew,Visita,ALL,18/09/2021,,1,39%,0.00,3,6,6,2,10,357,16,2,2,,2,0,2,2,5,1,1,2,1,,0,1,286,16,55,,30/60 (50%),6/10 (60%),39%,14,22/59 (37%),12/28 (43%),4/10 (40%),44%,16,7,,37,,6,,,,,19
9426436,242,35964,CALENDAR,REGULAR_SEASON,Regular Season,LEAGUE,2504,Columbus Crew,Visita,1ST,18/09/2021,,0,38%,0.00,1,4,2,1,,188,11,0,0,,0,0,2,2,3,1,0,1,0,,0,1,154,9,27,,14/30 (47%),5/7 (71%),49%,12,15/34 (44%),8/13 (62%),4/6 (67%),45%,11,1,,17,,2,,,,,6
9426436,242,35964,CALENDAR,REGULAR_SEASON,Regular Season,LEAGUE,2504,Columbus Crew,Visita,2ND,18/09/2021,,,39%,0.00,2,2,4,1,,169,5,2,2,,2,0,0,0,2,0,1,1,1,,0,0,132,7,28,,16/30 (53%),1/3 (33%),27%,2,7/25 (28%),4/15 (27%),0/4 (0%),40%,5,6,,20,,4,,,,,13
9426220,242,35964,CALENDAR,REGULAR_SEASON,Regular Season,LEAGUE,2504,Columbus Crew,Local,ALL,25/09/2021,,2,42%,0.00,1,10,3,1,14,392,21,7,2,,6,0,2,2,2,8,1,,,,1,5,322,16,62,,30/62 (48%),1/8 (13%),54%,4,34/62 (55%),10/19 (53%),6/10 (60%),48%,21,13,,11,,3,,,,,8
9426220,242,35964,CALENDAR,REGULAR_SEASON,Regular Season,LEAGUE,2504,Columbus Crew,Local,1ST,25/09/2021,,1,44%,0.00,1,5,2,1,,216,11,4,1,,3,0,1,1,1,4,1,,,,1,2,183,6,32,,14/25 (56%),1/5 (20%),57%,1,17/34 (50%),7/8 (88%),2/4 (50%),64%,11,7,,5,,2,,,,,4
9426220,242,35964,CALENDAR,REGULAR_SEASON,Regular Season,LEAGUE,2504,Columbus Crew,Local,2ND,25/09/2021,,,40%,0.00,0,5,1,0,,176,10,3,1,,3,0,1,1,1,4,0,,,,0,3,139,10,30,,16/37 (43%),0/3 (0%),51%,3,17/28 (61%),3/11 (27%),4/6 (67%),30%,10,6,,6,,1,,,,,4
9426220,242,35964,CALENDAR,REGULAR_SEASON,Regular Season,LEAGUE,22006,CF Montréal,Visita,ALL,25/09/2021,,1,58%,0.00,1,11,4,4,7,529,8,12,0,,4,1,5,2,8,3,1,,,,1,1,458,20,64,,40/52 (77%),4/18 (22%),46%,7,28/62 (45%),9/19 (47%),8/22 (36%),63%,8,8,,10,,4,,,,,5
9426220,242,35964,CALENDAR,REGULAR_SEASON,Regular Season,LEAGUE,22006,CF Montréal,Visita,1ST,25/09/2021,,0,56%,0.00,0,4,2,3,,270,3,8,0,,2,0,1,1,3,1,0,,,,0,0,237,11,33,,24/34 (71%),0/7 (0%),43%,4,17/34 (50%),1/8 (13%),6/13 (46%),67%,3,4,,7,,2,,,,,1
9426220,242,35964,CALENDAR,REGULAR_SEASON,Regular Season,LEAGUE,22006,CF Montréal,Visita,2ND,25/09/2021,,,60%,0.00,1,7,2,1,,259,5,4,0,,2,1,4,1,5,2,1,,,,1,1,221,9,31,,16/18 (89%),4/11 (36%),49%,3,11/28 (39%),8/11 (73%),2/9 (22%),60%,5,4,,3,,2,,,,,4
9426128,242,35964,CALENDAR,REGULAR_SEASON,Regular Season,LEAGUE,39833,Philadelphia Union,Local,ALL,03/10/2021,,3,36%,0.00,1,11,3,2,18,268,22,11,4,1,6,0,5,0,4,7,,1,,,3,0,193,15,62,,28/58 (48%),5/12 (42%),55%,8,44/80 (55%),14/26 (54%),11/13 (85%),68%,22,20,,21,,3,,,,,9
9426128,242,35964,CALENDAR,REGULAR_SEASON,Regular Season,LEAGUE,39833,Philadelphia Union,Local,1ST,03/10/2021,,1,42%,0.00,0,4,0,1,,171,11,6,1,0,2,0,2,0,0,4,,0,,,2,0,127,9,36,,14/29 (48%),1/6 (17%),56%,4,22/41 (54%),8/13 (62%),5/6 (83%),45%,11,13,,4,,0,,,,,4
9426128,242,35964,CALENDAR,REGULAR_SEASON,Regular Season,LEAGUE,39833,Philadelphia Union,Local,2ND,03/10/2021,,,28%,0.00,1,7,3,1,,97,11,5,3,1,4,0,3,0,4,3,,1,,,1,0,66,6,26,,14/29 (48%),4/6 (67%),54%,4,22/39 (56%),6/13 (46%),6/7 (86%),91%,11,7,,17,,3,,,,,5
9426128,242,35964,CALENDAR,REGULAR_SEASON,Regular Season,LEAGUE,2504,Columbus Crew,Visita,ALL,03/10/2021,,0,64%,0.00,1,11,3,8,14,479,10,18,1,0,3,0,6,2,7,4,,1,,,3,1,405,25,66,,35/57 (61%),4/29 (14%),45%,13,36/80 (45%),12/26 (46%),8/17 (47%),60%,10,7,,7,,3,,,,,8
9426128,242,35964,CALENDAR,REGULAR_SEASON,Regular Season,LEAGUE,2504,Columbus Crew,Visita,1ST,03/10/2021,,0,58%,0.00,0,1,1,2,,239,5,12,0,0,0,0,1,0,1,0,,0,,,1,0,189,11,29,,17/30 (57%),0/8 (0%),44%,6,19/41 (46%),5/13 (38%),2/7 (29%),60%,5,6,,6,,1,,,,,3
9426128,242,35964,CALENDAR,REGULAR_SEASON,Regular Season,LEAGUE,2504,Columbus Crew,Visita,2ND,03/10/2021,,,72%,0.00,1,10,2,6,,240,5,6,1,0,3,0,5,2,6,4,,1,,,2,1,216,14,37,,18/27 (67%),4/21 (19%),46%,7,17/39 (44%),7/13 (54%),6/10 (60%),60%,5,1,,1,,2,,,,,5
9426155,242,35964,CALENDAR,REGULAR_SEASON,Regular Season,LEAGUE,2504,Columbus Crew,Local,ALL,16/10/2021,,4,53%,0.00,6,15,1,5,18,475,13,11,1,,5,1,4,6,13,2,3,3,1,,3,1,400,17,59,,30/48 (63%),4/18 (22%),46%,11,34/78 (44%),11/20 (55%),10/19 (53%),46%,13,17,,17,,1,,,,,8
9426155,242,35964,CALENDAR,REGULAR_SEASON,Regular Season,LEAGUE,2504,Columbus Crew,Local,1ST,16/10/2021,,2,50%,0.00,3,6,1,4,,212,4,4,0,,2,0,3,1,6,0,2,1,0,,0,0,168,11,26,,9/19 (47%),3/11 (27%),39%,5,10/31 (32%),6/10 (60%),2/6 (33%),25%,4,8,,12,,1,,,,,3
9426155,242,35964,CALENDAR,REGULAR_SEASON,Regular Season,LEAGUE,2504,Columbus Crew,Local,2ND,16/10/2021,,,55%,0.00,3,9,0,1,,263,9,7,1,,3,1,1,5,7,2,1,2,1,,3,1,232,6,33,,21/29 (72%),1/7 (14%),51%,6,24/47 (51%),5/10 (50%),8/13 (62%),56%,9,9,,5,,0,,,,,5
9426155,242,35964,CALENDAR,REGULAR_SEASON,Regular Season,LEAGUE,337602,Inter Miami CF,Visita,ALL,16/10/2021,,0,47%,0.00,1,7,2,3,11,423,20,16,4,,1,0,4,2,5,2,0,1,0,,1,2,336,18,46,,39/74 (53%),2/15 (13%),54%,3,44/78 (56%),9/20 (45%),9/19 (47%),55%,20,21,,15,,2,,,,,8
9426155,242,35964,CALENDAR,REGULAR_SEASON,Regular Season,LEAGUE,337602,Inter Miami CF,Visita,1ST,16/10/2021,,0,50%,0.00,1,2,0,3,,211,9,8,1,,1,0,1,0,2,0,0,1,0,,0,2,165,11,23,,24/44 (55%),2/12 (17%),61%,1,21/31 (68%),4/10 (40%),4/7 (57%),67%,9,13,,8,,0,,,,,6
9426155,242,35964,CALENDAR,REGULAR_SEASON,Regular Season,LEAGUE,337602,Inter Miami CF,Visita,2ND,16/10/2021,,,45%,0.00,0,5,2,0,,212,11,8,3,,0,0,3,2,3,2,0,0,0,,1,0,171,7,23,,15/30 (50%),0/3 (0%),49%,2,23/47 (49%),5/10 (50%),5/12 (42%),45%,11,8,,7,,2,,,,,2
9426429,242,35964,CALENDAR,REGULAR_SEASON,Regular Season,LEAGUE,337612,Nashville SC,Local,ALL,20/10/2021,,1,51%,0.00,1,13,5,8,12,465,9,9,2,,4,0,6,3,11,2,,1,1,,1,3,399,17,69,,44/62 (71%),8/24 (33%),51%,1,25/50 (50%),17/33 (52%),7/11 (64%),56%,9,6,,20,,5,,,,,6
9426429,242,35964,CALENDAR,REGULAR_SEASON,Regular Season,LEAGUE,337612,Nashville SC,Local,1ST,20/10/2021,,0,53%,0.00,0,8,4,4,,251,5,4,0,,2,0,3,3,6,2,,0,0,,1,1,215,9,35,,24/35 (69%),3/9 (33%),61%,1,13/23 (57%),10/15 (67%),4/8 (50%),60%,5,0,,11,,4,,,,,5
9426429,242,35964,CALENDAR,REGULAR_SEASON,Regular Season,LEAGUE,337612,Nashville SC,Local,2ND,20/10/2021,,,49%,0.00,1,5,1,4,,214,4,5,2,,2,0,3,0,5,0,,1,1,,0,2,184,8,34,,20/27 (74%),5/15 (33%),42%,0,12/27 (44%),7/18 (39%),3/3 (100%),50%,4,6,,9,,1,,,,,1
9426429,242,35964,CALENDAR,REGULAR_SEASON,Regular Season,LEAGUE,2504,Columbus Crew,Visita,ALL,20/10/2021,,1,49%,0.00,0,11,3,8,11,453,5,12,1,,6,0,3,2,6,5,,0,0,,3,2,395,8,44,,25/46 (54%),3/20 (15%),49%,4,25/50 (50%),16/33 (48%),9/14 (64%),80%,5,8,,24,,3,,,,,5
9426429,242,35964,CALENDAR,REGULAR_SEASON,Regular Season,LEAGUE,2504,Columbus Crew,Visita,1ST,20/10/2021,,0,47%,0.00,0,5,2,5,,222,5,3,0,,4,0,0,1,3,2,,0,0,,0,1,197,5,24,,12/21 (57%),2/12 (17%),39%,3,10/23 (43%),5/15 (33%),2/4 (50%),80%,5,7,,12,,2,,,,,2
9426429,242,35964,CALENDAR,REGULAR_SEASON,Regular Season,LEAGUE,2504,Columbus Crew,Visita,2ND,20/10/2021,,,51%,0.00,0,6,1,3,,231,0,9,1,,2,0,3,1,3,3,,0,0,,3,1,198,3,20,,13/25 (52%),1/8 (13%),58%,1,15/27 (56%),11/18 (61%),7/10 (70%),0%,0,1,,12,,1,,,,,3
9426146,242,35964,CALENDAR,REGULAR_SEASON,Regular Season,LEAGUE,2504,Columbus Crew,Local,ALL,23/10/2021,,1,52%,0.00,1,6,3,6,10,418,15,16,0,,2,0,2,2,5,1,1,0,0,,3,0,315,25,58,,30/75 (40%),5/16 (31%),53%,9,49/94 (52%),23/43 (53%),18/32 (56%),53%,15,11,,16,,3,,,,,13
9426146,242,35964,CALENDAR,REGULAR_SEASON,Regular Season,LEAGUE,2504,Columbus Crew,Local,1ST,23/10/2021,,1,53%,0.00,1,4,0,3,,189,5,11,0,,2,0,1,1,3,1,1,0,0,,3,0,138,14,26,,12/36 (33%),3/10 (30%),59%,2,25/39 (64%),13/25 (52%),9/16 (56%),40%,5,6,,9,,0,,,,,8
9426146,242,35964,CALENDAR,REGULAR_SEASON,Regular Season,LEAGUE,2504,Columbus Crew,Local,2ND,23/10/2021,,,51%,0.00,0,2,3,3,,229,10,5,0,,0,0,1,1,2,0,0,0,0,,0,0,177,11,32,,18/39 (46%),2/6 (33%),47%,7,24/55 (44%),10/18 (56%),9/16 (56%),60%,10,5,,7,,3,,,,,5
9426146,242,35964,CALENDAR,REGULAR_SEASON,Regular Season,LEAGUE,2506,New York Red Bulls,Visita,ALL,23/10/2021,,2,48%,0.00,4,17,1,5,16,385,23,9,2,,5,0,9,3,12,5,2,2,1,,3,2,281,28,56,,15/58 (26%),9/21 (43%),47%,8,45/94 (48%),20/43 (47%),13/20 (65%),52%,23,13,,17,,1,,,,,5
9426146,242,35964,CALENDAR,REGULAR_SEASON,Regular Season,LEAGUE,2506,New York Red Bulls,Visita,1ST,23/10/2021,,1,47%,0.00,1,7,1,4,,167,9,2,1,,1,0,5,1,7,0,1,0,0,,2,0,119,15,27,,7/30 (23%),8/14 (57%),41%,3,14/39 (36%),12/25 (48%),3/5 (60%),67%,9,7,,8,,1,,,,,3
9426146,242,35964,CALENDAR,REGULAR_SEASON,Regular Season,LEAGUE,2506,New York Red Bulls,Visita,2ND,23/10/2021,,,49%,0.00,3,10,0,1,,218,14,7,1,,4,0,4,2,5,5,1,2,1,,1,2,162,13,29,,8/28 (29%),1/7 (14%),53%,5,31/55 (56%),8/18 (44%),10/15 (67%),43%,14,6,,9,,0,,,,,2
9426242,242,35964,CALENDAR,REGULAR_SEASON,Regular Season,LEAGUE,2504,Columbus Crew,Local,ALL,27/10/2021,,3,48%,0.00,3,10,1,5,13,405,13,11,2,,5,0,2,3,7,3,2,1,,,4,0,329,24,44,,20/55 (36%),2/21 (10%),47%,2,34/65 (52%),7/22 (32%),10/21 (48%),69%,13,10,,16,,1,,,,,8
9426242,242,35964,CALENDAR,REGULAR_SEASON,Regular Season,LEAGUE,2504,Columbus Crew,Local,1ST,27/10/2021,,2,50%,0.00,3,4,0,4,,205,5,5,1,,2,0,1,1,4,0,2,1,,,1,0,167,13,21,,9/27 (33%),1/16 (6%),46%,1,14/31 (45%),4/8 (50%),4/11 (36%),60%,5,8,,6,,0,,,,,4
9426242,242,35964,CALENDAR,REGULAR_SEASON,Regular Season,LEAGUE,2504,Columbus Crew,Local,2ND,27/10/2021,,,47%,0.00,0,6,1,1,,200,8,6,1,,3,0,1,2,3,3,0,0,,,3,0,162,11,23,,11/28 (39%),1/5 (20%),48%,1,20/34 (59%),3/14 (21%),6/10 (60%),75%,8,2,,10,,1,,,,,4
9426242,242,35964,CALENDAR,REGULAR_SEASON,Regular Season,LEAGUE,52237,Orlando City SC,Visita,ALL,27/10/2021,,2,52%,0.00,2,12,2,4,11,440,13,11,2,,3,0,7,2,9,3,2,0,,,4,1,363,16,47,,22/40 (55%),7/17 (41%),53%,7,31/65 (48%),15/22 (68%),7/13 (54%),54%,13,9,,19,,2,,,,,8
9426242,242,35964,CALENDAR,REGULAR_SEASON,Regular Season,LEAGUE,52237,Orlando City SC,Visita,1ST,27/10/2021,,0,50%,0.00,0,4,0,2,,213,8,7,1,,0,0,4,0,3,1,0,0,,,1,1,181,3,23,,12/20 (60%),3/9 (33%),54%,4,17/31 (55%),4/8 (50%),2/3 (67%),50%,8,6,,15,,0,,,,,4
9426242,242,35964,CALENDAR,REGULAR_SEASON,Regular Season,LEAGUE,52237,Orlando City SC,Visita,2ND,27/10/2021,,,53%,0.00,2,8,2,2,,227,5,4,1,,3,0,3,2,6,2,2,0,,,3,0,182,13,24,,10/20 (50%),4/8 (50%),52%,3,14/34 (41%),11/14 (79%),5/10 (50%),60%,5,3,,4,,2,,,,,4
9426272,242,35964,CALENDAR,REGULAR_SEASON,Regular Season,LEAGUE,2502,DC United,Local,ALL,30/10/2021,,1,44%,0.00,2,10,6,2,21,366,14,12,2,,3,0,4,3,5,5,1,1,2,,0,2,267,26,53,,20/54 (37%),2/15 (13%),49%,3,34/72 (47%),18/35 (51%),8/14 (57%),50%,14,11,,13,,6,,,,,11
9426272,242,35964,CALENDAR,REGULAR_SEASON,Regular Season,LEAGUE,2502,DC United,Local,1ST,30/10/2021,,1,40%,0.00,1,5,2,1,,179,6,4,1,,1,0,1,3,2,3,1,0,1,,0,2,131,11,22,,7/24 (29%),1/5 (20%),55%,1,15/29 (52%),11/18 (61%),5/6 (83%),83%,6,5,,9,,2,,,,,7
9426272,242,35964,CALENDAR,REGULAR_SEASON,Regular Season,LEAGUE,2502,DC United,Local,2ND,30/10/2021,,,48%,0.00,1,5,4,1,,187,8,8,1,,2,0,3,0,3,2,0,1,1,,0,0,136,15,31,,13/30 (43%),1/10 (10%),43%,2,19/43 (44%),7/17 (41%),3/8 (38%),25%,8,6,,4,,4,,,,,4
9426272,242,35964,CALENDAR,REGULAR_SEASON,Regular Season,LEAGUE,2504,Columbus Crew,Visita,ALL,30/10/2021,,3,56%,0.00,4,18,2,6,12,473,9,21,1,,9,1,7,2,14,4,2,2,1,,7,0,379,21,57,,43/79 (54%),7/22 (32%),51%,8,38/72 (53%),17/35 (49%),8/14 (57%),67%,9,7,,17,,2,,,,,7
9426272,242,35964,CALENDAR,REGULAR_SEASON,Regular Season,LEAGUE,2504,Columbus Crew,Visita,1ST,30/10/2021,,1,60%,0.00,2,8,0,5,,262,2,9,1,,3,0,3,2,6,2,1,1,1,,4,0,221,10,29,,27/43 (63%),3/15 (20%),45%,2,14/29 (48%),7/18 (39%),3/7 (43%),50%,2,2,,5,,0,,,,,4
9426272,242,35964,CALENDAR,REGULAR_SEASON,Regular Season,LEAGUE,2504,Columbus Crew,Visita,2ND,30/10/2021,,,52%,0.00,2,10,2,1,,211,7,12,0,,6,1,4,0,8,2,1,1,0,,3,0,158,11,28,,16/36 (44%),4/7 (57%),57%,6,24/43 (56%),10/17 (59%),5/7 (71%),71%,7,5,,12,,2,,,,,3
9426441,242,35964,CALENDAR,REGULAR_SEASON,Regular Season,LEAGUE,2504,Columbus Crew,Local,ALL,07/11/2021,,2,52%,0.00,6,29,3,9,2,507,25,17,0,,10,1,12,7,22,7,2,4,,,9,0,429,20,68,,36/56 (64%),12/39 (31%),63%,9,55/81 (68%),5/15 (33%),13/24 (54%),60%,25,9,,15,,3,,,,,5
9426441,242,35964,CALENDAR,REGULAR_SEASON,Regular Season,LEAGUE,2504,Columbus Crew,Local,1ST,07/11/2021,,1,55%,0.00,1,14,3,5,,273,12,7,0,,6,0,4,4,9,5,1,0,,,3,0,240,8,34,,15/23 (65%),4/18 (22%),68%,3,26/37 (70%),4/7 (57%),7/12 (58%),67%,12,5,,8,,3,,,,,1
9426441,242,35964,CALENDAR,REGULAR_SEASON,Regular Season,LEAGUE,2504,Columbus Crew,Local,2ND,07/11/2021,,,48%,0.00,5,15,0,4,,234,13,10,0,,4,1,8,3,13,2,1,4,,,6,0,189,12,34,,21/33 (64%),8/21 (38%),58%,6,29/44 (66%),1/8 (13%),6/12 (50%),54%,13,4,,7,,0,,,,,4
9426441,242,35964,CALENDAR,REGULAR_SEASON,Regular Season,LEAGUE,2505,Chicago Fire,Visita,ALL,07/11/2021,,0,48%,0.00,0,14,8,4,19,496,20,2,4,,3,1,7,4,5,9,0,0,,,0,2,418,14,60,,21/45 (47%),1/10 (10%),37%,7,26/81 (32%),10/15 (67%),4/22 (18%),55%,20,10,,26,,8,,,,,15
9426441,242,35964,CALENDAR,REGULAR_SEASON,Regular Season,LEAGUE,2505,Chicago Fire,Visita,1ST,07/11/2021,,0,45%,0.00,0,7,5,1,,233,8,1,0,,3,0,2,2,2,5,0,0,,,0,0,192,6,27,,9/21 (43%),0/3 (0%),32%,6,11/37 (30%),3/7 (43%),2/8 (25%),63%,8,5,,12,,5,,,,,8
9426441,242,35964,CALENDAR,REGULAR_SEASON,Regular Season,LEAGUE,2505,Chicago Fire,Visita,2ND,07/11/2021,,,52%,0.00,0,7,3,3,,263,12,1,4,,0,1,5,2,3,4,0,0,,,0,2,226,8,33,,12/24 (50%),1/7 (14%),42%,1,15/44 (34%),7/8 (88%),2/14 (14%),50%,12,5,,14,,3,,,,,7
10013693,242,40071,CALENDAR,REGULAR_SEASON,Regular Season,LEAGUE,2504,Columbus Crew,Local,ALL,26/02/2022,,4,57%,0.00,5,22,0,5,16,542,8,11,3,0,7,1,7,8,13,9,3,2,,,2,3,469,20,55,,17/39 (44%),6/16 (38%),42%,7,37/85 (44%),12/31 (39%),18/31 (58%),88%,8,10,,16,,0,,,,,3
10013693,242,40071,CALENDAR,REGULAR_SEASON,Regular Season,LEAGUE,2504,Columbus Crew,Local,1ST,26/02/2022,,2,53%,0.00,1,14,0,3,,249,2,8,1,0,4,0,4,6,6,8,1,0,,,2,1,203,14,23,,10/25 (40%),3/8 (38%),45%,3,18/35 (51%),7/21 (33%),8/12 (67%),100%,2,8,,7,,0,,,,,0
10013693,242,40071,CALENDAR,REGULAR_SEASON,Regular Season,LEAGUE,2504,Columbus Crew,Local,2ND,26/02/2022,,2,60%,0.00,4,8,0,2,,293,6,3,2,0,3,1,3,2,7,1,2,2,,,0,2,266,6,32,,7/14 (50%),3/8 (38%),40%,4,19/50 (38%),5/10 (50%),10/19 (53%),83%,6,2,,9,,0,,,,,3
10013693,242,40071,CALENDAR,REGULAR_SEASON,Regular Season,LEAGUE,22010,Vancouver Whitecaps,Visita,ALL,26/02/2022,,0,43%,0.00,0,7,3,5,11,411,20,16,3,1,0,0,4,3,4,3,0,0,,,2,1,321,14,48,,21/43 (49%),5/16 (31%),58%,2,48/85 (56%),19/31 (61%),12/18 (67%),50%,20,4,,24,,3,,,,,7
10013693,242,40071,CALENDAR,REGULAR_SEASON,Regular Season,LEAGUE,22010,Vancouver Whitecaps,Visita,1ST,26/02/2022,,0,47%,0.00,0,2,2,2,,219,7,7,2,0,0,0,0,2,1,1,0,0,,,1,1,165,7,22,,15/24 (63%),2/6 (33%),55%,1,17/35 (49%),14/21 (67%),3/4 (75%),43%,7,4,,13,,2,,,,,3
10013693,242,40071,CALENDAR,REGULAR_SEASON,Regular Season,LEAGUE,22010,Vancouver Whitecaps,Visita,2ND,26/02/2022,,0,40%,0.00,0,5,1,3,,192,13,9,2,1,0,0,4,1,3,2,0,0,,,1,0,156,7,26,,6/19 (32%),3/10 (30%),60%,1,31/50 (62%),5/10 (50%),9/14 (64%),54%,13,0,,11,,1,,,,,4
10024531,242,40071,CALENDAR,REGULAR_SEASON,Regular Season,LEAGUE,21825,San Jose Earthquakes,Local,ALL,05/03/2022,,3,46%,0.00,2,7,3,4,15,362,16,16,3,1,4,0,1,2,4,3,2,,,,2,0,285,14,38,,28/64 (44%),2/8 (25%),50%,9,35/68 (51%),8/18 (44%),3/3 (100%),56%,16,14,,23,,3,,,,,7
10024531,242,40071,CALENDAR,REGULAR_SEASON,Regular Season,LEAGUE,21825,San Jose Earthquakes,Local,1ST,05/03/2022,,1,45%,0.00,1,3,2,1,,183,10,7,1,1,2,0,0,1,2,1,1,,,,1,0,149,4,14,,14/32 (44%),0/1 (0%),53%,2,18/34 (53%),2/4 (50%),1/1 (100%),60%,10,7,,10,,2,,,,,5
10024531,242,40071,CALENDAR,REGULAR_SEASON,Regular Season,LEAGUE,21825,San Jose Earthquakes,Local,2ND,05/03/2022,,2,47%,0.00,1,4,1,3,,179,6,9,2,0,2,0,1,1,2,2,1,,,,1,0,136,10,24,,14/32 (44%),2/7 (29%),48%,7,17/34 (50%),6/14 (43%),2/2 (100%),50%,6,7,,13,,1,,,,,2
10024531,242,40071,CALENDAR,REGULAR_SEASON,Regular Season,LEAGUE,2504,Columbus Crew,Visita,ALL,05/03/2022,,3,54%,0.00,1,19,1,9,16,418,9,15,4,0,6,0,8,5,9,10,1,,,,3,1,343,17,55,,21/48 (44%),6/20 (30%),50%,11,33/68 (49%),10/18 (56%),9/14 (64%),56%,9,8,,6,,1,,,,,4
10024531,242,40071,CALENDAR,REGULAR_SEASON,Regular Season,LEAGUE,2504,Columbus Crew,Visita,1ST,05/03/2022,,1,55%,0.00,0,9,1,3,,214,2,7,1,0,3,0,5,1,3,6,0,,,,1,0,187,12,34,,13/21 (62%),3/11 (27%),47%,8,16/34 (47%),2/4 (50%),7/9 (78%),0%,2,4,,1,,1,,,,,3
10024531,242,40071,CALENDAR,REGULAR_SEASON,Regular Season,LEAGUE,2504,Columbus Crew,Visita,2ND,05/03/2022,,2,53%,0.00,1,10,0,6,,204,7,8,3,0,3,0,3,4,6,4,1,,,,2,1,156,5,21,,8/27 (30%),3/9 (33%),52%,3,17/34 (50%),8/14 (57%),2/5 (40%),71%,7,4,,5,,0,,,,,1
10021145,242,40071,CALENDAR,REGULAR_SEASON,Regular Season,LEAGUE,2504,Columbus Crew,Local,ALL,12/03/2022,,2,48%,0.00,3,13,5,8,9,460,21,8,3,,7,0,5,1,8,5,0,3,,,5,3,376,21,67,,29/48 (60%),7/25 (28%),46%,8,44/95 (46%),9/20 (45%),15/36 (42%),38%,21,18,,6,,5,,,,,5
10021145,242,40071,CALENDAR,REGULAR_SEASON,Regular Season,LEAGUE,2504,Columbus Crew,Local,1ST,12/03/2022,,0,49%,0.00,1,4,4,3,,249,7,4,1,,3,0,1,0,3,1,0,1,,,2,2,209,6,31,,17/26 (65%),2/9 (22%),42%,6,19/44 (43%),5/13 (38%),8/15 (53%),29%,7,9,,4,,4,,,,,3
10021145,242,40071,CALENDAR,REGULAR_SEASON,Regular Season,LEAGUE,2504,Columbus Crew,Local,2ND,12/03/2022,,2,47%,0.00,2,9,1,5,,211,14,4,2,,4,0,4,1,5,4,0,2,,,3,1,167,15,36,,12/22 (55%),5/16 (31%),50%,2,25/51 (49%),4/7 (57%),7/21 (33%),43%,14,9,,2,,1,,,,,2
10021145,242,40071,CALENDAR,REGULAR_SEASON,Regular Season,LEAGUE,7080,Toronto FC,Visita,ALL,12/03/2022,,1,52%,0.00,2,8,5,5,8,513,29,9,2,,6,0,2,0,7,1,1,1,,,0,1,411,16,39,,12/42 (29%),3/11 (27%),54%,13,51/95 (54%),11/20 (55%),13/21 (62%),76%,29,12,,21,,5,,,,,13
10021145,242,40071,CALENDAR,REGULAR_SEASON,Regular Season,LEAGUE,7080,Toronto FC,Visita,1ST,12/03/2022,,1,51%,0.00,2,6,3,4,,262,13,4,0,,5,0,1,0,6,0,1,1,,,0,1,212,7,18,,6/22 (27%),3/9 (33%),58%,6,25/44 (57%),8/13 (62%),8/9 (89%),69%,13,4,,5,,3,,,,,4
10021145,242,40071,CALENDAR,REGULAR_SEASON,Regular Season,LEAGUE,7080,Toronto FC,Visita,2ND,12/03/2022,,0,53%,0.00,0,2,2,1,,251,16,5,2,,1,0,1,0,1,1,0,0,,,0,0,199,9,21,,6/20 (30%),0/2 (0%),50%,7,26/51 (51%),3/7 (43%),5/12 (42%),81%,16,8,,16,,2,,,,,9
10021199,242,40071,CALENDAR,REGULAR_SEASON,Regular Season,LEAGUE,2506,New York Red Bulls,Local,ALL,20/03/2022,,1,44%,0.00,2,12,1,6,26,364,19,8,3,,4,0,5,3,8,4,1,1,0,,2,0,265,16,63,,23/56 (41%),6/17 (35%),43%,13,32/86 (37%),22/41 (54%),5/11 (45%),68%,19,5,,8,,1,,,,,6
10021199,242,40071,CALENDAR,REGULAR_SEASON,Regular Season,LEAGUE,2506,New York Red Bulls,Local,1ST,20/03/2022,,0,49%,0.00,0,6,0,4,,204,13,4,1,,2,0,1,3,3,3,0,0,0,,1,0,156,11,28,,12/23 (52%),3/9 (33%),48%,8,19/44 (43%),13/22 (59%),2/3 (67%),77%,13,1,,5,,0,,,,,2
10021199,242,40071,CALENDAR,REGULAR_SEASON,Regular Season,LEAGUE,2506,New York Red Bulls,Local,2ND,20/03/2022,,1,39%,0.00,2,6,1,2,,160,6,4,2,,2,0,4,0,5,1,1,1,0,,1,0,109,5,35,,11/33 (33%),3/8 (38%),36%,5,13/42 (31%),9/19 (47%),3/8 (38%),50%,6,4,,3,,1,,,,,4
10021199,242,40071,CALENDAR,REGULAR_SEASON,Regular Season,LEAGUE,2504,Columbus Crew,Visita,ALL,20/03/2022,,1,56%,0.00,5,9,3,2,10,472,19,24,2,,2,0,5,2,7,2,1,4,1,,2,5,375,16,37,,28/63 (44%),2/8 (25%),57%,9,54/86 (63%),19/41 (46%),12/22 (55%),63%,19,8,,16,,3,,,,,8
10021199,242,40071,CALENDAR,REGULAR_SEASON,Regular Season,LEAGUE,2504,Columbus Crew,Visita,1ST,20/03/2022,,0,51%,0.00,0,2,2,2,,215,9,11,1,,0,0,2,0,1,1,0,0,0,,2,1,173,5,11,,12/33 (36%),1/3 (33%),52%,6,25/44 (57%),9/22 (41%),5/12 (42%),78%,9,4,,12,,2,,,,,1
10021199,242,40071,CALENDAR,REGULAR_SEASON,Regular Season,LEAGUE,2504,Columbus Crew,Visita,2ND,20/03/2022,,1,61%,0.00,5,7,1,0,,257,10,13,1,,2,0,3,2,6,1,1,4,1,,0,4,202,11,26,,16/30 (53%),1/5 (20%),64%,3,29/42 (69%),10/19 (53%),7/10 (70%),50%,10,4,,4,,1,,,,,7
10021176,242,40071,CALENDAR,REGULAR_SEASON,Regular Season,LEAGUE,2504,Columbus Crew,Local,ALL,02/04/2022,,0,67%,0.00,3,19,2,8,9,659,22,13,3,,4,0,9,6,9,10,0,3,1,,3,2,566,19,71,,12/31 (39%),5/36 (14%),55%,7,36/60 (60%),20/41 (49%),2/6 (33%),73%,22,8,,13,,2,,,,,3
10021176,242,40071,CALENDAR,REGULAR_SEASON,Regular Season,LEAGUE,2504,Columbus Crew,Local,1ST,02/04/2022,,0,60%,0.00,0,5,1,3,,318,10,5,0,,2,0,2,1,1,4,0,0,0,,1,1,280,10,34,,10/20 (50%),1/14 (7%),51%,4,15/29 (52%),8/16 (50%),0/4 (0%),70%,10,5,,11,,1,,,,,1
10021176,242,40071,CALENDAR,REGULAR_SEASON,Regular Season,LEAGUE,2504,Columbus Crew,Local,2ND,02/04/2022,,0,74%,0.00,3,14,1,5,,341,12,8,3,,2,0,7,5,8,6,0,3,1,,2,1,286,9,37,,2/11 (18%),4/22 (18%),59%,3,21/31 (68%),12/25 (48%),2/2 (100%),75%,12,3,,2,,1,,,,,2
10021176,242,40071,CALENDAR,REGULAR_SEASON,Regular Season,LEAGUE,337612,Nashville SC,Visita,ALL,02/04/2022,,1,33%,0.00,2,6,4,1,13,335,11,9,3,,3,1,2,1,4,2,1,1,1,,1,1,248,18,47,,32/69 (46%),3/10 (30%),45%,9,24/60 (40%),21/41 (51%),4/17 (24%),55%,11,20,,30,,4,,,,,16
10021176,242,40071,CALENDAR,REGULAR_SEASON,Regular Season,LEAGUE,337612,Nashville SC,Visita,1ST,02/04/2022,,1,40%,0.00,2,4,2,1,,210,8,3,0,,2,1,1,1,4,0,1,1,1,,0,1,169,10,25,,19/33 (58%),2/7 (29%),49%,3,14/29 (48%),8/16 (50%),3/10 (30%),63%,8,8,,12,,2,,,,,6
10021176,242,40071,CALENDAR,REGULAR_SEASON,Regular Season,LEAGUE,337612,Nashville SC,Visita,2ND,02/04/2022,,0,26%,0.00,0,2,2,0,,125,3,6,3,,1,0,1,0,0,2,0,0,0,,1,0,79,8,22,,13/36 (36%),1/3 (33%),41%,6,10/31 (32%),13/25 (52%),1/7 (14%),33%,3,12,,18,,2,,,,,10
10021147,242,40071,CALENDAR,REGULAR_SEASON,Regular Season,LEAGUE,39833,Philadelphia Union,Local,ALL,09/04/2022,,1,31%,0.00,3,10,4,4,12,275,17,8,1,,5,0,3,2,7,3,,3,0,,1,0,179,9,58,,31/72 (43%),3/10 (30%),49%,1,27/62 (44%),24/43 (56%),2/8 (25%),59%,17,9,,25,,4,,,,,11
10021147,242,40071,CALENDAR,REGULAR_SEASON,Regular Season,LEAGUE,39833,Philadelphia Union,Local,1ST,09/04/2022,,1,36%,0.00,1,3,1,1,,148,8,4,0,,1,0,1,1,3,0,,1,0,,1,0,98,9,31,,15/37 (41%),2/5 (40%),46%,1,14/32 (44%),10/20 (50%),2/6 (33%),63%,8,1,,11,,1,,,,,6
10021147,242,40071,CALENDAR,REGULAR_SEASON,Regular Season,LEAGUE,39833,Philadelphia Union,Local,2ND,09/04/2022,,0,27%,0.00,2,7,3,3,,127,9,4,1,,4,0,2,1,4,3,,2,0,,0,0,81,0,27,,16/35 (46%),1/5 (20%),51%,0,13/30 (43%),14/23 (61%),0/2 (0%),56%,9,8,,14,,3,,,,,5
10021147,242,40071,CALENDAR,REGULAR_SEASON,Regular Season,LEAGUE,2504,Columbus Crew,Visita,ALL,09/04/2022,,0,69%,0.00,0,19,5,8,8,590,7,12,1,,4,0,11,4,12,7,,0,1,,3,4,506,17,66,,37/56 (66%),5/35 (14%),51%,10,35/62 (56%),19/43 (44%),16/23 (70%),43%,7,5,,7,,5,,,,,6
10021147,242,40071,CALENDAR,REGULAR_SEASON,Regular Season,LEAGUE,2504,Columbus Crew,Visita,1ST,09/04/2022,,0,64%,0.00,0,8,1,3,,263,5,4,0,,1,0,4,3,5,3,,0,1,,2,1,219,11,26,,15/25 (60%),2/13 (15%),54%,4,18/32 (56%),10/20 (50%),9/13 (69%),40%,5,3,,2,,1,,,,,3
10021147,242,40071,CALENDAR,REGULAR_SEASON,Regular Season,LEAGUE,2504,Columbus Crew,Visita,2ND,09/04/2022,,0,73%,0.00,0,11,4,5,,327,2,8,1,,3,0,7,1,7,4,,0,0,,1,3,287,6,40,,22/31 (71%),3/22 (14%),49%,6,17/30 (57%),9/23 (39%),7/10 (70%),50%,2,2,,5,,4,,,,,3
10021166,242,40071,CALENDAR,REGULAR_SEASON,Regular Season,LEAGUE,2504,Columbus Crew,Local,ALL,16/04/2022,,0,60%,0.00,1,18,1,5,11,536,15,13,2,,3,1,8,7,11,7,0,1,,,6,0,459,26,63,,25/43 (58%),8/28 (29%),56%,17,39/79 (49%),21/29 (72%),12/19 (63%),60%,15,6,,11,,1,,,,,7
10021166,242,40071,CALENDAR,REGULAR_SEASON,Regular Season,LEAGUE,2504,Columbus Crew,Local,1ST,16/04/2022,,0,57%,0.00,0,8,1,2,,261,8,7,1,,0,1,4,4,6,2,0,0,,,2,0,222,12,28,,12/20 (60%),2/9 (22%),54%,9,18/40 (45%),13/17 (76%),4/8 (50%),50%,8,4,,7,,1,,,,,2
10021166,242,40071,CALENDAR,REGULAR_SEASON,Regular Season,LEAGUE,2504,Columbus Crew,Local,2ND,16/04/2022,,0,62%,0.00,1,10,0,3,,275,7,6,1,,3,0,4,3,5,5,0,1,,,4,0,237,14,35,,13/23 (57%),6/19 (32%),57%,8,21/39 (54%),8/12 (67%),8/11 (73%),71%,7,2,,4,,0,,,,,5
10021166,242,40071,CALENDAR,REGULAR_SEASON,Regular Season,LEAGUE,52237,Orlando City SC,Visita,ALL,16/04/2022,,2,40%,0.00,2,8,3,6,13,368,24,10,3,,3,0,4,1,4,4,1,1,,,5,1,290,9,50,,21/53 (40%),4/18 (22%),44%,8,40/79 (51%),8/29 (28%),6/13 (46%),67%,24,14,,27,,3,,,,,11
10021166,242,40071,CALENDAR,REGULAR_SEASON,Regular Season,LEAGUE,52237,Orlando City SC,Visita,1ST,16/04/2022,,1,43%,0.00,2,4,0,1,,196,13,6,0,,2,0,2,0,2,2,1,1,,,3,0,156,7,25,,12/27 (44%),3/10 (30%),46%,3,22/40 (55%),4/17 (24%),3/8 (38%),77%,13,7,,7,,0,,,,,4
10021166,242,40071,CALENDAR,REGULAR_SEASON,Regular Season,LEAGUE,52237,Orlando City SC,Visita,2ND,16/04/2022,,1,38%,0.00,0,4,3,5,,172,11,4,3,,1,0,2,1,2,2,0,0,,,2,1,134,2,25,,9/26 (35%),1/8 (13%),43%,5,18/39 (46%),4/12 (33%),3/5 (60%),55%,11,7,,20,,3,,,,,7
10244439,495,40595,CALENDAR,REGULAR,Round 3,CUP,285642,Detroit City FC,Local,ALL,19/04/2022,9,2,43%,0.00,2,12,1,5,12,317,12,15,1,,2,0,8,2,7,5,2,,,,2,2,197,32,79,,32/88 (36%),8/20 (40%),52%,3,29/50 (58%),22/48 (46%),2/4 (50%),42%,12,24,,18,,1,,,,,6
10244439,495,40595,CALENDAR,REGULAR,Round 3,CUP,285642,Detroit City FC,Local,1ST,19/04/2022,9,0,37%,0.00,0,6,0,3,,160,5,7,0,,0,0,5,1,4,2,0,,,,0,0,96,17,43,,11/42 (26%),4/13 (31%),53%,1,14/21 (67%),12/28 (43%),2/2 (100%),40%,5,14,,7,,0,,,,,2
10244439,495,40595,CALENDAR,REGULAR,Round 3,CUP,285642,Detroit City FC,Local,2ND,19/04/2022,9,,50%,0.00,2,6,1,2,,157,7,8,1,,2,0,3,1,3,3,2,,,,2,2,101,15,36,,21/46 (46%),4/7 (57%),51%,2,15/29 (52%),10/20 (50%),0/2 (0%),43%,7,10,,11,,1,,,,,4
10244439,495,40595,CALENDAR,REGULAR,Round 3,CUP,2504,Columbus Crew,Visita,ALL,19/04/2022,9,1,57%,0.00,1,5,0,5,15,441,5,12,3,,2,0,2,1,4,1,1,,,,2,3,327,35,76,,45/86 (52%),0/13 (0%),48%,8,21/50 (42%),26/48 (54%),4/8 (50%),80%,5,19,,22,,0,,,,,11
10244439,495,40595,CALENDAR,REGULAR,Round 3,CUP,2504,Columbus Crew,Visita,1ST,19/04/2022,9,1,63%,0.00,1,2,0,1,,280,1,5,1,,1,0,1,0,1,1,1,,,,2,1,217,16,39,,25/44 (57%),0/6 (0%),47%,3,7/21 (33%),16/28 (57%),1/3 (33%),100%,1,12,,12,,0,,,,,7
10244439,495,40595,CALENDAR,REGULAR,Round 3,CUP,2504,Columbus Crew,Visita,2ND,19/04/2022,9,,50%,0.00,0,3,0,4,,161,4,7,2,,1,0,1,1,3,0,0,,,,0,2,110,19,37,,20/42 (48%),0/7 (0%),49%,5,14/29 (48%),10/20 (50%),3/5 (60%),75%,4,7,,10,,0,,,,,4
10024621,242,40071,CALENDAR,REGULAR_SEASON,Regular Season,LEAGUE,2509,Sporting Kansas City,Local,ALL,23/04/2022,,0,63%,0.00,1,3,1,2,11,607,18,12,1,,3,0,0,0,2,1,,1,,,2,1,512,27,63,,37/72 (51%),2/18 (11%),55%,9,41/78 (53%),18/30 (60%),11/20 (55%),61%,18,11,,9,,1,,,,,4
10024621,242,40071,CALENDAR,REGULAR_SEASON,Regular Season,LEAGUE,2509,Sporting Kansas City,Local,1ST,23/04/2022,,0,69%,0.00,1,1,1,0,,359,9,5,1,,1,0,0,0,1,0,,1,,,1,1,317,15,32,,24/40 (60%),1/9 (11%),54%,4,19/36 (53%),7/12 (58%),5/9 (56%),67%,9,7,,3,,1,,,,,1
10024621,242,40071,CALENDAR,REGULAR_SEASON,Regular Season,LEAGUE,2509,Sporting Kansas City,Local,2ND,23/04/2022,,0,56%,0.00,0,2,0,2,,248,9,7,0,,2,0,0,0,1,1,,0,,,1,0,195,12,31,,13/32 (41%),1/9 (11%),55%,5,22/42 (52%),11/18 (61%),6/11 (55%),56%,9,4,,6,,0,,,,,3
10024621,242,40071,CALENDAR,REGULAR_SEASON,Regular Season,LEAGUE,2504,Columbus Crew,Visita,ALL,23/04/2022,,0,37%,0.00,1,9,4,2,13,360,18,10,2,,1,0,3,5,5,4,,1,,,0,4,278,18,44,,26/68 (38%),1/9 (11%),45%,11,37/78 (47%),12/30 (40%),10/17 (59%),78%,18,15,,15,,4,,,,,5
10024621,242,40071,CALENDAR,REGULAR_SEASON,Regular Season,LEAGUE,2504,Columbus Crew,Visita,1ST,23/04/2022,,0,31%,0.00,1,4,1,0,,160,8,3,1,,1,0,1,2,4,0,,1,,,0,2,123,11,10,,11/25 (44%),0/4 (0%),46%,4,17/36 (47%),5/12 (42%),6/11 (55%),75%,8,5,,7,,1,,,,,4
10024621,242,40071,CALENDAR,REGULAR_SEASON,Regular Season,LEAGUE,2504,Columbus Crew,Visita,2ND,23/04/2022,,0,44%,0.00,0,5,3,2,,200,10,7,1,,0,0,2,3,1,4,,0,,,0,2,155,7,34,,15/43 (35%),1/5 (20%),45%,7,20/42 (48%),7/18 (39%),4/6 (67%),80%,10,10,,8,,3,,,,,1
10024647,242,40071,CALENDAR,REGULAR_SEASON,Regular Season,LEAGUE,2504,Columbus Crew,Local,ALL,30/04/2022,,3,43%,0.00,3,13,2,2,12,387,16,22,0,,3,0,2,8,5,8,1,2,2,,5,3,298,20,54,,26/69 (38%),2/10 (20%),53%,7,47/78 (60%),10/30 (33%),9/14 (64%),56%,16,14,,19,,2,,,,,10
10024647,242,40071,CALENDAR,REGULAR_SEASON,Regular Season,LEAGUE,2504,Columbus Crew,Local,1ST,30/04/2022,,2,44%,0.00,2,6,1,0,,191,6,12,0,,2,0,1,3,3,3,1,1,0,,4,2,148,7,20,,12/35 (34%),2/5 (40%),50%,3,19/33 (58%),4/13 (31%),1/4 (25%),50%,6,6,,6,,1,,,,,6
10024647,242,40071,CALENDAR,REGULAR_SEASON,Regular Season,LEAGUE,2504,Columbus Crew,Local,2ND,30/04/2022,,1,42%,0.00,1,7,1,2,,196,10,10,0,,1,0,1,5,2,5,0,1,2,,1,1,150,13,34,,14/34 (41%),0/5 (0%),55%,4,28/45 (62%),6/17 (35%),8/10 (80%),60%,10,8,,13,,1,,,,,4
10024647,242,40071,CALENDAR,REGULAR_SEASON,Regular Season,LEAGUE,2502,DC United,Visita,ALL,30/04/2022,,0,57%,0.00,4,11,0,1,22,510,11,12,2,,3,1,8,0,8,3,0,4,1,,0,3,425,21,68,,34/57 (60%),2/19 (11%),47%,11,31/78 (40%),20/30 (67%),8/13 (62%),45%,11,11,,16,,0,,,,,4
10024647,242,40071,CALENDAR,REGULAR_SEASON,Regular Season,LEAGUE,2502,DC United,Visita,1ST,30/04/2022,,0,56%,0.00,1,6,0,1,,238,5,6,2,,1,1,5,0,4,2,0,1,1,,0,0,192,10,27,,14/27 (52%),2/11 (18%),50%,6,14/33 (42%),9/13 (69%),2/2 (100%),20%,5,2,,7,,0,,,,,2
10024647,242,40071,CALENDAR,REGULAR_SEASON,Regular Season,LEAGUE,2502,DC United,Visita,2ND,30/04/2022,,0,58%,0.00,3,5,0,0,,272,6,6,0,,2,0,3,0,4,1,0,3,0,,0,3,233,11,41,,20/30 (67%),0/8 (0%),45%,5,17/45 (38%),11/17 (65%),6/11 (55%),67%,6,9,,9,,0,,,,,2
10025179,242,40071,CALENDAR,REGULAR_SEASON,Regular Season,LEAGUE,2511,New England Revolution,Local,ALL,07/05/2022,,2,64%,0.00,2,9,1,4,9,636,12,12,1,,2,2,3,4,7,2,2,0,0,,4,,562,13,69,,30/50 (60%),10/34 (29%),61%,12,40/69 (58%),19/28 (68%),16/21 (76%),75%,12,4,,11,,1,,,,,4
10025179,242,40071,CALENDAR,REGULAR_SEASON,Regular Season,LEAGUE,2511,New England Revolution,Local,1ST,07/05/2022,,0,68%,0.00,0,1,1,1,,350,6,8,0,,0,0,1,0,1,0,0,0,0,,2,,309,8,39,,18/31 (58%),1/10 (10%),63%,9,21/34 (62%),11/17 (65%),7/7 (100%),67%,6,0,,9,,1,,,,,2
10025179,242,40071,CALENDAR,REGULAR_SEASON,Regular Season,LEAGUE,2511,New England Revolution,Local,2ND,07/05/2022,,2,61%,0.00,2,8,0,3,,286,6,4,1,,2,2,2,4,6,2,2,0,0,,2,,253,5,30,,12/19 (63%),9/24 (38%),59%,3,19/35 (54%),8/11 (73%),9/14 (64%),83%,6,4,,2,,0,,,,,2
10025179,242,40071,CALENDAR,REGULAR_SEASON,Regular Season,LEAGUE,2504,Columbus Crew,Visita,ALL,07/05/2022,,2,36%,0.00,3,7,0,3,12,357,17,9,2,,3,0,3,1,6,1,2,1,1,,1,,279,17,34,,27/65 (42%),4/13 (31%),39%,4,29/69 (42%),9/28 (32%),3/11 (27%),47%,17,12,,17,,0,,,,,8
10025179,242,40071,CALENDAR,REGULAR_SEASON,Regular Season,LEAGUE,2504,Columbus Crew,Visita,1ST,07/05/2022,,1,32%,0.00,2,4,0,3,,163,9,3,1,,2,0,1,1,4,0,1,1,1,,0,,125,9,17,,12/31 (39%),2/8 (25%),37%,2,13/34 (38%),6/17 (35%),1/5 (20%),56%,9,6,,6,,0,,,,,5
10025179,242,40071,CALENDAR,REGULAR_SEASON,Regular Season,LEAGUE,2504,Columbus Crew,Visita,2ND,07/05/2022,,1,39%,0.00,1,3,0,0,,194,8,6,1,,1,0,2,0,2,1,1,0,0,,1,,154,8,17,,15/34 (44%),2/5 (40%),41%,2,16/35 (46%),3/11 (27%),2/6 (33%),38%,8,6,,11,,0,,,,,3
10025173,242,40071,CALENDAR,REGULAR_SEASON,Regular Season,LEAGUE,187643,New York City FC,Local,ALL,14/05/2022,,2,54%,0.00,1,21,0,7,18,484,25,13,3,,6,1,8,7,17,4,1,,1,,1,0,404,15,48,,26/43 (60%),7/14 (50%),48%,13,50/104 (48%),10/21 (48%),12/20 (60%),56%,25,10,,20,,0,,,,,10
10025173,242,40071,CALENDAR,REGULAR_SEASON,Regular Season,LEAGUE,187643,New York City FC,Local,1ST,14/05/2022,,1,52%,0.00,0,7,0,2,,247,11,3,1,,2,0,2,3,6,1,0,,0,,0,0,207,6,24,,8/17 (47%),1/5 (20%),41%,6,19/44 (43%),2/7 (29%),5/10 (50%),45%,11,5,,15,,0,,,,,4
10025173,242,40071,CALENDAR,REGULAR_SEASON,Regular Season,LEAGUE,187643,New York City FC,Local,2ND,14/05/2022,,1,55%,0.00,1,14,0,5,,237,14,10,2,,4,1,6,4,11,3,1,,1,,1,0,197,9,24,,18/26 (69%),6/9 (67%),53%,7,31/60 (52%),8/14 (57%),7/10 (70%),64%,14,5,,5,,0,,,,,6
10025173,242,40071,CALENDAR,REGULAR_SEASON,Regular Season,LEAGUE,2504,Columbus Crew,Visita,ALL,14/05/2022,,0,46%,0.00,0,8,3,7,13,418,21,17,1,,0,0,6,2,4,4,0,,0,,4,2,336,29,50,,17/42 (40%),3/16 (19%),52%,16,54/104 (52%),11/21 (52%),16/25 (64%),52%,21,13,,13,,3,,,,,8
10025173,242,40071,CALENDAR,REGULAR_SEASON,Regular Season,LEAGUE,2504,Columbus Crew,Visita,1ST,14/05/2022,,0,48%,0.00,0,4,1,6,,218,11,7,0,,0,0,2,2,3,1,0,,0,,2,1,179,15,23,,7/19 (37%),3/15 (20%),59%,7,25/44 (57%),5/7 (71%),7/11 (64%),45%,11,6,,5,,1,,,,,3
10025173,242,40071,CALENDAR,REGULAR_SEASON,Regular Season,LEAGUE,2504,Columbus Crew,Visita,2ND,14/05/2022,,0,45%,0.00,0,4,2,1,,200,10,10,1,,0,0,4,0,1,3,0,,0,,2,1,157,14,27,,10/23 (43%),0/1 (0%),47%,9,29/60 (48%),6/14 (43%),9/14 (64%),60%,10,7,,8,,2,,,,,5
10025141,242,40071,CALENDAR,REGULAR_SEASON,Regular Season,LEAGUE,2504,Columbus Crew,Local,ALL,21/05/2022,,0,65%,0.00,1,10,2,5,7,502,20,18,0,,3,0,3,4,6,4,0,1,1,,8,4,419,21,65,,30/57 (53%),7/22 (32%),53%,10,54/94 (57%),13/33 (39%),16/30 (53%),70%,20,12,,16,,2,,,,,10
10025141,242,40071,CALENDAR,REGULAR_SEASON,Regular Season,LEAGUE,2504,Columbus Crew,Local,1ST,21/05/2022,,0,64%,0.00,1,5,1,2,,268,11,11,0,,2,0,1,2,3,2,0,1,1,,4,2,230,10,35,,19/29 (66%),2/7 (29%),57%,8,32/52 (62%),3/9 (33%),10/15 (67%),91%,11,6,,5,,1,,,,,3
10025141,242,40071,CALENDAR,REGULAR_SEASON,Regular Season,LEAGUE,2504,Columbus Crew,Local,2ND,21/05/2022,,0,66%,0.00,0,5,1,3,,234,9,7,0,,1,0,2,2,3,2,0,0,0,,4,2,189,11,30,,11/28 (39%),5/15 (33%),48%,2,22/42 (52%),10/24 (42%),6/15 (40%),44%,9,6,,11,,1,,,,,7
10025141,242,40071,CALENDAR,REGULAR_SEASON,Regular Season,LEAGUE,274650,Los Angeles FC,Visita,ALL,21/05/2022,,2,35%,0.00,4,14,3,8,19,271,24,7,6,,4,0,5,5,9,5,2,2,0,,2,0,202,24,37,,21/41 (51%),6/15 (40%),47%,12,40/94 (43%),20/33 (61%),9/17 (53%),58%,24,13,,22,,3,,,,,6
10025141,242,40071,CALENDAR,REGULAR_SEASON,Regular Season,LEAGUE,274650,Los Angeles FC,Visita,1ST,21/05/2022,,0,36%,0.00,1,5,2,2,,150,13,3,2,,1,0,1,3,3,2,0,1,0,,1,0,113,12,15,,10/20 (50%),3/5 (60%),43%,6,20/52 (38%),6/9 (67%),4/9 (44%),46%,13,8,,9,,2,,,,,2
10025141,242,40071,CALENDAR,REGULAR_SEASON,Regular Season,LEAGUE,274650,Los Angeles FC,Visita,2ND,21/05/2022,,2,34%,0.00,3,9,1,6,,121,11,4,4,,3,0,4,2,6,3,2,1,0,,1,0,89,12,22,,11/21 (52%),3/10 (30%),52%,6,20/42 (48%),14/24 (58%),5/8 (63%),73%,11,5,,13,,1,,,,,4
10025157,242,40071,CALENDAR,REGULAR_SEASON,Regular Season,LEAGUE,243211,Atlanta United,Local,ALL,28/05/2022,,1,69%,0.00,2,22,1,9,18,531,16,7,4,1,9,0,7,6,16,6,0,2,3,,1,1,459,15,63,,22/33 (67%),11/40 (28%),52%,12,41/88 (47%),27/42 (64%),18/28 (64%),56%,16,3,,10,,1,,,,,7
10025157,242,40071,CALENDAR,REGULAR_SEASON,Regular Season,LEAGUE,243211,Atlanta United,Local,1ST,28/05/2022,,0,67%,0.00,1,12,1,5,,271,10,4,2,0,5,0,5,2,8,4,0,1,3,,0,0,233,8,31,,11/17 (65%),2/8 (25%),47%,6,21/52 (40%),13/20 (65%),7/16 (44%),50%,10,2,,7,,1,,,,,5
10025157,242,40071,CALENDAR,REGULAR_SEASON,Regular Season,LEAGUE,243211,Atlanta United,Local,2ND,28/05/2022,,1,72%,0.00,1,10,0,4,,260,6,3,2,1,4,0,2,4,8,2,0,1,0,,1,1,226,7,32,,11/16 (69%),9/32 (28%),59%,6,20/36 (56%),14/22 (64%),11/12 (92%),67%,6,1,,3,,0,,,,,2
10025157,242,40071,CALENDAR,REGULAR_SEASON,Regular Season,LEAGUE,2504,Columbus Crew,Visita,ALL,28/05/2022,,2,31%,0.00,1,9,8,7,7,235,22,17,1,0,3,0,3,3,5,4,1,0,1,,1,2,165,17,37,,25/62 (40%),6/16 (38%),48%,6,47/88 (53%),15/42 (36%),8/18 (44%),59%,22,8,,31,,8,,,,,17
10025157,242,40071,CALENDAR,REGULAR_SEASON,Regular Season,LEAGUE,2504,Columbus Crew,Visita,1ST,28/05/2022,,2,33%,0.00,1,5,5,4,,127,15,10,0,0,3,0,2,0,4,1,1,0,1,,1,1,86,10,16,,9/32 (28%),2/8 (25%),53%,4,31/52 (60%),7/20 (35%),6/12 (50%),60%,15,7,,8,,5,,,,,8
10025157,242,40071,CALENDAR,REGULAR_SEASON,Regular Season,LEAGUE,2504,Columbus Crew,Visita,2ND,28/05/2022,,0,28%,0.00,0,4,3,3,,108,7,7,1,0,0,0,1,3,1,3,0,0,0,,0,1,79,7,21,,16/30 (53%),4/8 (50%),41%,2,16/36 (44%),8/22 (36%),2/6 (33%),57%,7,1,,23,,3,,,,,9
10025102,242,40071,CALENDAR,REGULAR_SEASON,Regular Season,LEAGUE,2504,Columbus Crew,Local,ALL,18/06/2022,,1,51%,0.00,2,13,2,6,8,496,15,10,1,,4,0,6,3,10,3,1,1,,,2,0,417,19,58,,44/70 (63%),4/19 (21%),46%,9,29/63 (46%),10/21 (48%),4/13 (31%),80%,15,1,,15,,2,,,,,10
10025102,242,40071,CALENDAR,REGULAR_SEASON,Regular Season,LEAGUE,2504,Columbus Crew,Local,1ST,18/06/2022,,1,54%,0.00,1,4,1,3,,265,9,5,0,,1,0,3,0,2,2,1,0,,,0,0,229,10,27,,31/47 (66%),1/10 (10%),49%,4,17/32 (53%),4/11 (36%),3/9 (33%),78%,9,0,,5,,1,,,,,3
10025102,242,40071,CALENDAR,REGULAR_SEASON,Regular Season,LEAGUE,2504,Columbus Crew,Local,2ND,18/06/2022,,0,49%,0.00,1,9,1,3,,231,6,5,1,,3,0,3,3,8,1,0,1,,,2,0,188,9,31,,13/23 (57%),3/9 (33%),44%,5,12/31 (39%),6/10 (60%),1/4 (25%),83%,6,1,,10,,1,,,,,7
10025102,242,40071,CALENDAR,REGULAR_SEASON,Regular Season,LEAGUE,404108,Charlotte FC,Visita,ALL,18/06/2022,,1,49%,0.00,0,11,3,3,10,465,18,8,1,,3,0,4,4,7,4,0,0,,,1,2,396,13,45,,19/50 (38%),4/20 (20%),54%,7,34/63 (54%),11/21 (52%),8/16 (50%),50%,18,1,,21,,3,,,,,12
10025102,242,40071,CALENDAR,REGULAR_SEASON,Regular Season,LEAGUE,404108,Charlotte FC,Visita,1ST,18/06/2022,,0,46%,0.00,0,5,0,2,,225,10,2,1,,1,0,1,3,3,2,0,0,,,0,1,192,7,22,,11/28 (39%),3/7 (43%),51%,6,15/32 (47%),7/11 (64%),3/6 (50%),40%,10,1,,8,,0,,,,,6
10025102,242,40071,CALENDAR,REGULAR_SEASON,Regular Season,LEAGUE,404108,Charlotte FC,Visita,2ND,18/06/2022,,1,51%,0.00,0,6,3,1,,240,8,6,0,,2,0,3,1,4,2,0,0,,,1,1,204,6,23,,8/22 (36%),1/13 (8%),56%,1,19/31 (61%),4/10 (40%),5/10 (50%),63%,8,0,,13,,3,,,,,6
10025112,242,40071,CALENDAR,REGULAR_SEASON,Regular Season,LEAGUE,5133,Real Salt Lake,Local,ALL,25/06/2022,,0,52%,0.00,1,11,1,8,16,420,8,11,1,,4,1,6,1,6,5,,1,1,,0,1,364,25,65,,32/55 (58%),4/29 (14%),46%,4,30/62 (48%),8/20 (40%),11/18 (61%),25%,8,6,,15,,1,,,,,5
10025112,242,40071,CALENDAR,REGULAR_SEASON,Regular Season,LEAGUE,5133,Real Salt Lake,Local,1ST,25/06/2022,,0,53%,0.00,0,3,1,3,,201,4,5,1,,1,1,2,0,2,1,,0,0,,0,0,171,16,37,,16/31 (52%),2/15 (13%),40%,3,14/32 (44%),3/11 (27%),5/10 (50%),0%,4,1,,8,,1,,,,,3
10025112,242,40071,CALENDAR,REGULAR_SEASON,Regular Season,LEAGUE,5133,Real Salt Lake,Local,2ND,25/06/2022,,0,51%,0.00,1,8,0,5,,219,4,6,0,,3,0,4,1,4,4,,1,1,,0,1,193,9,28,,16/24 (67%),2/14 (14%),54%,1,16/30 (53%),5/9 (56%),6/8 (75%),50%,4,5,,7,,0,,,,,2
10025112,242,40071,CALENDAR,REGULAR_SEASON,Regular Season,LEAGUE,2504,Columbus Crew,Visita,ALL,25/06/2022,,0,48%,0.00,0,5,4,5,11,403,11,15,1,,1,0,3,1,4,1,,0,0,,4,0,336,21,51,,28/60 (47%),3/19 (16%),54%,3,32/62 (52%),12/20 (60%),6/11 (55%),82%,11,11,,22,,4,,,,,7
10025112,242,40071,CALENDAR,REGULAR_SEASON,Regular Season,LEAGUE,2504,Columbus Crew,Visita,1ST,25/06/2022,,0,47%,0.00,0,1,1,1,,187,8,9,0,,1,0,0,0,0,1,,0,0,,3,0,155,14,25,,12/31 (39%),1/9 (11%),60%,1,18/32 (56%),8/11 (73%),1/4 (25%),88%,8,6,,12,,1,,,,,3
10025112,242,40071,CALENDAR,REGULAR_SEASON,Regular Season,LEAGUE,2504,Columbus Crew,Visita,2ND,25/06/2022,,0,49%,0.00,0,4,3,4,,216,3,6,1,,0,0,3,1,4,0,,0,0,,1,0,181,7,26,,16/29 (55%),2/10 (20%),46%,2,14/30 (47%),4/9 (44%),5/7 (71%),67%,3,5,,10,,3,,,,,4
10025217,242,40071,CALENDAR,REGULAR_SEASON,Regular Season,LEAGUE,7080,Toronto FC,Local,ALL,29/06/2022,,1,64%,0.00,5,19,1,6,8,716,20,6,2,,7,0,7,5,14,5,1,4,2,,3,1,636,20,69,,14/24 (58%),1/21 (5%),51%,13,45/87 (52%),8/16 (50%),19/29 (66%),45%,20,13,,7,,1,,,,,5
10025217,242,40071,CALENDAR,REGULAR_SEASON,Regular Season,LEAGUE,7080,Toronto FC,Local,1ST,29/06/2022,,0,60%,0.00,3,9,1,0,,340,7,2,1,,5,0,3,1,6,3,0,3,2,,0,0,296,10,27,,9/16 (56%),0/8 (0%),49%,6,17/35 (49%),4/8 (50%),8/11 (73%),57%,7,8,,3,,1,,,,,2
10025217,242,40071,CALENDAR,REGULAR_SEASON,Regular Season,LEAGUE,7080,Toronto FC,Local,2ND,29/06/2022,,1,68%,0.00,2,10,0,6,,376,13,4,1,,2,0,4,4,8,2,1,1,0,,3,1,340,10,42,,5/8 (63%),1/13 (8%),53%,7,28/52 (54%),4/8 (50%),11/18 (61%),38%,13,5,,4,,0,,,,,3
10025217,242,40071,CALENDAR,REGULAR_SEASON,Regular Season,LEAGUE,2504,Columbus Crew,Visita,ALL,29/06/2022,,2,36%,0.00,1,10,6,4,6,406,23,8,2,,3,0,5,2,5,5,1,0,0,,0,0,330,13,45,,25/50 (50%),3/14 (21%),49%,9,42/87 (48%),8/16 (50%),11/22 (50%),57%,23,17,,22,,6,,,,,9
10025217,242,40071,CALENDAR,REGULAR_SEASON,Regular Season,LEAGUE,2504,Columbus Crew,Visita,1ST,29/06/2022,,2,40%,0.00,1,7,5,3,,222,9,4,0,,3,0,2,2,3,4,1,0,0,,0,0,181,8,23,,12/24 (50%),3/10 (30%),51%,3,18/35 (51%),4/8 (50%),5/9 (56%),56%,9,10,,6,,5,,,,,3
10025217,242,40071,CALENDAR,REGULAR_SEASON,Regular Season,LEAGUE,2504,Columbus Crew,Visita,2ND,29/06/2022,,0,32%,0.00,0,3,1,1,,184,14,4,2,,0,0,3,0,2,1,0,0,0,,0,0,149,5,22,,13/26 (50%),0/4 (0%),47%,6,24/52 (46%),4/8 (50%),6/13 (46%),57%,14,7,,16,,1,,,,,6
10025206,242,40071,CALENDAR,REGULAR_SEASON,Regular Season,LEAGUE,2504,Columbus Crew,Local,ALL,03/07/2022,,0,65%,0.00,1,16,2,6,8,530,21,21,5,,5,0,8,3,7,9,,1,,,6,3,457,20,57,,25/45 (56%),5/13 (38%),54%,10,48/79 (61%),14/36 (39%),6/16 (38%),33%,21,6,,12,,2,,,,,6
10025206,242,40071,CALENDAR,REGULAR_SEASON,Regular Season,LEAGUE,2504,Columbus Crew,Local,1ST,03/07/2022,,0,61%,0.00,1,7,1,2,,236,9,11,4,,3,0,4,0,2,5,,1,,,3,1,199,10,28,,10/21 (48%),2/4 (50%),56%,3,22/32 (69%),10/25 (40%),2/4 (50%),22%,9,4,,9,,1,,,,,3
10025206,242,40071,CALENDAR,REGULAR_SEASON,Regular Season,LEAGUE,2504,Columbus Crew,Local,2ND,03/07/2022,,0,68%,0.00,0,9,1,4,,294,12,10,1,,2,0,4,3,5,4,,0,,,3,2,258,10,29,,15/24 (63%),3/9 (33%),52%,7,26/47 (55%),4/11 (36%),4/12 (33%),42%,12,2,,3,,1,,,,,3
10025206,242,40071,CALENDAR,REGULAR_SEASON,Regular Season,LEAGUE,39833,Philadelphia Union,Visita,ALL,03/07/2022,,0,35%,0.00,0,4,5,5,23,277,20,8,2,,2,0,2,0,2,2,,0,,,1,1,196,15,50,,23/53 (43%),5/17 (29%),46%,9,31/79 (39%),22/36 (61%),3/15 (20%),60%,20,12,,12,,5,,,,,13
10025206,242,40071,CALENDAR,REGULAR_SEASON,Regular Season,LEAGUE,39833,Philadelphia Union,Visita,1ST,03/07/2022,,0,39%,0.00,0,1,3,3,,142,5,4,1,,1,0,0,0,0,1,,0,,,1,0,99,10,24,,13/27 (48%),1/9 (11%),44%,6,10/32 (31%),15/25 (60%),1/4 (25%),80%,5,3,,3,,3,,,,,7
10025206,242,40071,CALENDAR,REGULAR_SEASON,Regular Season,LEAGUE,39833,Philadelphia Union,Visita,2ND,03/07/2022,,0,32%,0.00,0,3,2,2,,135,15,4,1,,1,0,2,0,2,1,,0,,,0,1,97,5,26,,10/26 (38%),4/8 (50%),48%,3,21/47 (45%),7/11 (64%),2/11 (18%),53%,15,9,,9,,2,,,,,6
10025236,242,40071,CALENDAR,REGULAR_SEASON,Regular Season,LEAGUE,2505,Chicago Fire,Local,ALL,09/07/2022,,2,43%,0.00,2,13,1,2,19,324,20,14,5,1,5,0,7,1,12,1,1,1,0,,3,3,245,20,45,,27/59 (46%),6/22 (27%),46%,11,37/80 (46%),10/22 (45%),3/10 (30%),55%,20,8,,11,,1,,,,,10
10025236,242,40071,CALENDAR,REGULAR_SEASON,Regular Season,LEAGUE,2505,Chicago Fire,Local,1ST,09/07/2022,,2,44%,0.00,1,9,0,1,,176,13,10,2,0,5,0,3,1,8,1,1,0,0,,2,1,141,10,20,,16/30 (53%),4/13 (31%),54%,5,25/44 (57%),3/8 (38%),2/5 (40%),69%,13,4,,2,,0,,,,,2
10025236,242,40071,CALENDAR,REGULAR_SEASON,Regular Season,LEAGUE,2505,Chicago Fire,Local,2ND,09/07/2022,,0,43%,0.00,1,4,1,1,,148,7,4,3,1,0,0,4,0,4,0,0,1,0,,1,2,104,10,25,,11/29 (38%),2/9 (22%),38%,6,12/36 (33%),7/14 (50%),1/5 (20%),29%,7,4,,9,,1,,,,,8
10025236,242,40071,CALENDAR,REGULAR_SEASON,Regular Season,LEAGUE,2504,Columbus Crew,Visita,ALL,09/07/2022,,3,57%,0.00,3,9,3,1,16,446,18,17,3,0,4,0,4,1,7,2,3,0,1,,7,1,367,22,42,,32/53 (60%),2/7 (29%),54%,10,43/80 (54%),12/22 (55%),8/18 (44%),50%,18,9,,23,,3,,,,,9
10025236,242,40071,CALENDAR,REGULAR_SEASON,Regular Season,LEAGUE,2504,Columbus Crew,Visita,1ST,09/07/2022,,0,56%,0.00,0,2,3,0,,239,8,10,1,0,0,0,2,0,0,2,0,0,0,,4,1,202,10,11,,17/28 (61%),0/1 (0%),46%,7,19/44 (43%),5/8 (63%),1/7 (14%),63%,8,1,,15,,3,,,,,5
10025236,242,40071,CALENDAR,REGULAR_SEASON,Regular Season,LEAGUE,2504,Columbus Crew,Visita,2ND,09/07/2022,,3,57%,0.00,3,7,0,1,,207,10,7,2,0,4,0,2,1,7,0,3,0,1,,3,0,165,12,31,,15/25 (60%),2/6 (33%),62%,3,24/36 (67%),7/14 (50%),7/11 (64%),40%,10,8,,8,,0,,,,,4
10025230,242,40071,CALENDAR,REGULAR_SEASON,Regular Season,LEAGUE,2502,DC United,Local,ALL,13/07/2022,,2,51%,0.00,6,19,1,6,8,380,16,10,2,,5,0,8,6,11,8,2,4,,,4,0,309,19,54,,28/55 (51%),9/22 (41%),57%,4,37/69 (54%),13/19 (68%),11/25 (44%),63%,16,13,,13,,1,,,,,5
10025230,242,40071,CALENDAR,REGULAR_SEASON,Regular Season,LEAGUE,2502,DC United,Local,1ST,13/07/2022,,0,50%,0.00,2,9,1,3,,178,7,5,2,,1,0,5,3,5,4,0,2,,,1,0,139,9,32,,12/26 (46%),7/9 (78%),53%,1,17/35 (49%),8/12 (67%),5/14 (36%),43%,7,6,,8,,1,,,,,3
10025230,242,40071,CALENDAR,REGULAR_SEASON,Regular Season,LEAGUE,2502,DC United,Local,2ND,13/07/2022,,2,52%,0.00,4,10,0,3,,202,9,5,0,,4,0,3,3,6,4,2,2,,,3,0,170,10,22,,16/29 (55%),2/13 (15%),61%,3,20/34 (59%),5/7 (71%),6/11 (55%),78%,9,7,,5,,0,,,,,2
10025230,242,40071,CALENDAR,REGULAR_SEASON,Regular Season,LEAGUE,2504,Columbus Crew,Visita,ALL,13/07/2022,,2,49%,0.00,1,6,2,1,10,375,18,8,2,,3,0,1,2,4,2,1,0,,,1,4,302,21,48,,29/57 (51%),1/10 (10%),43%,6,32/69 (46%),6/19 (32%),6/16 (38%),56%,18,5,,12,,2,,,,,10
10025230,242,40071,CALENDAR,REGULAR_SEASON,Regular Season,LEAGUE,2504,Columbus Crew,Visita,1ST,13/07/2022,,0,50%,0.00,0,1,1,1,,183,10,7,0,,1,0,0,0,0,1,0,0,,,1,3,151,14,22,,19/31 (61%),0/6 (0%),47%,2,18/35 (51%),4/12 (33%),1/6 (17%),70%,10,3,,5,,1,,,,,4
10025230,242,40071,CALENDAR,REGULAR_SEASON,Regular Season,LEAGUE,2504,Columbus Crew,Visita,2ND,13/07/2022,,2,48%,0.00,1,5,1,0,,192,8,1,2,,2,0,1,2,4,1,1,0,,,0,1,151,7,26,,10/26 (38%),1/4 (25%),39%,4,14/34 (41%),2/7 (29%),5/10 (50%),38%,8,2,,7,,1,,,,,6
10025246,242,40071,CALENDAR,REGULAR_SEASON,Regular Season,LEAGUE,2504,Columbus Crew,Local,ALL,17/07/2022,,2,58%,0.00,3,17,2,9,8,458,14,16,1,,4,0,7,6,11,6,2,1,2,,4,0,389,20,43,,29/54 (54%),7/25 (28%),56%,8,43/72 (60%),9/21 (43%),13/18 (72%),64%,14,8,,10,,2,,,,,6
10025246,242,40071,CALENDAR,REGULAR_SEASON,Regular Season,LEAGUE,2504,Columbus Crew,Local,1ST,17/07/2022,,1,61%,0.00,1,7,1,4,,266,8,11,0,,2,0,3,2,4,3,1,0,2,,3,0,234,9,22,,13/21 (62%),7/14 (50%),64%,0,25/35 (71%),3/9 (33%),6/10 (60%),63%,8,5,,7,,1,,,,,1
10025246,242,40071,CALENDAR,REGULAR_SEASON,Regular Season,LEAGUE,2504,Columbus Crew,Local,2ND,17/07/2022,,1,55%,0.00,2,10,1,5,,192,6,5,1,,2,0,4,4,7,3,1,1,0,,1,0,155,11,21,,16/33 (48%),0/11 (0%),49%,8,18/37 (49%),6/12 (50%),7/8 (88%),67%,6,3,,3,,1,,,,,5
10025246,242,40071,CALENDAR,REGULAR_SEASON,Regular Season,LEAGUE,215167,FC Cincinnati,Visita,ALL,17/07/2022,,0,42%,0.00,1,9,2,3,17,323,13,8,2,,2,0,2,5,7,2,0,1,0,,3,2,263,15,43,,19/45 (42%),6/21 (29%),44%,8,29/72 (40%),12/21 (57%),8/14 (57%),38%,13,10,,18,,2,,,,,9
10025246,242,40071,CALENDAR,REGULAR_SEASON,Regular Season,LEAGUE,215167,FC Cincinnati,Visita,1ST,17/07/2022,,0,39%,0.00,1,5,1,3,,166,4,2,0,,1,0,1,3,3,2,0,1,0,,1,0,141,6,18,,11/21 (52%),3/11 (27%),36%,5,10/35 (29%),6/9 (67%),4/7 (57%),50%,4,4,,10,,1,,,,,4
10025246,242,40071,CALENDAR,REGULAR_SEASON,Regular Season,LEAGUE,215167,FC Cincinnati,Visita,2ND,17/07/2022,,0,45%,0.00,0,4,1,0,,157,9,6,2,,1,0,1,2,4,0,0,0,0,,2,2,122,9,25,,8/24 (33%),3/10 (30%),51%,3,19/37 (51%),6/12 (50%),4/7 (57%),33%,9,6,,8,,1,,,,,5
10025367,242,40071,CALENDAR,REGULAR_SEASON,Regular Season,LEAGUE,2504,Columbus Crew,Local,ALL,23/07/2022,,0,58%,0.00,1,17,2,5,14,506,9,13,0,,7,0,7,3,12,5,,1,,,4,,445,18,52,,37/58 (64%),6/25 (24%),52%,6,26/60 (43%),19/27 (70%),4/15 (27%),67%,9,10,,5,,2,,,,,6
10025367,242,40071,CALENDAR,REGULAR_SEASON,Regular Season,LEAGUE,2504,Columbus Crew,Local,1ST,23/07/2022,,0,53%,0.00,1,9,1,1,,247,5,8,0,,4,0,4,1,5,4,,1,,,3,,216,7,25,,15/28 (54%),1/8 (13%),58%,3,14/28 (50%),8/10 (80%),1/2 (50%),80%,5,5,,2,,1,,,,,4
10025367,242,40071,CALENDAR,REGULAR_SEASON,Regular Season,LEAGUE,2504,Columbus Crew,Local,2ND,23/07/2022,,0,63%,0.00,0,8,1,4,,259,4,5,0,,3,0,3,2,7,1,,0,,,1,,229,11,27,,22/30 (73%),5/17 (29%),47%,3,12/32 (38%),11/17 (65%),3/13 (23%),50%,4,5,,3,,1,,,,,2
10025367,242,40071,CALENDAR,REGULAR_SEASON,Regular Season,LEAGUE,2511,New England Revolution,Visita,ALL,23/07/2022,,0,42%,0.00,0,5,6,3,13,373,17,13,3,,2,0,2,1,3,2,,0,,,2,,296,18,48,,21/57 (37%),2/12 (17%),48%,7,34/60 (57%),8/27 (30%),4/6 (67%),76%,17,8,,16,,6,,,,,12
10025367,242,40071,CALENDAR,REGULAR_SEASON,Regular Season,LEAGUE,2511,New England Revolution,Visita,1ST,23/07/2022,,0,47%,0.00,0,1,3,0,,220,4,7,3,,1,0,0,0,0,1,,0,,,0,,182,11,24,,11/30 (37%),0/3 (0%),42%,4,14/28 (50%),2/10 (20%),3/4 (75%),75%,4,6,,5,,3,,,,,5
10025367,242,40071,CALENDAR,REGULAR_SEASON,Regular Season,LEAGUE,2511,New England Revolution,Visita,2ND,23/07/2022,,0,37%,0.00,0,4,3,3,,153,13,6,0,,1,0,2,1,3,1,,0,,,2,,114,7,24,,10/27 (37%),2/9 (22%),53%,3,20/32 (63%),6/17 (35%),1/2 (50%),77%,13,2,,11,,3,,,,,7
10025421,242,40071,CALENDAR,REGULAR_SEASON,Regular Season,LEAGUE,404108,Charlotte FC,Local,ALL,30/07/2022,,2,52%,0.00,4,15,6,5,12,423,19,8,1,,7,0,5,3,12,3,2,2,0,,2,0,346,32,63,,35/61 (57%),8/30 (27%),47%,13,36/72 (50%),10/26 (38%),9/15 (60%),53%,19,9,,15,,6,,,,,4
10025421,242,40071,CALENDAR,REGULAR_SEASON,Regular Season,LEAGUE,404108,Charlotte FC,Local,1ST,30/07/2022,,0,42%,0.00,1,3,3,1,,186,10,4,0,,2,0,1,0,2,1,0,1,0,,1,0,151,15,32,,13/28 (46%),2/10 (20%),44%,5,17/36 (47%),2/7 (29%),3/6 (50%),60%,10,5,,12,,3,,,,,3
10025421,242,40071,CALENDAR,REGULAR_SEASON,Regular Season,LEAGUE,404108,Charlotte FC,Local,2ND,30/07/2022,,2,63%,0.00,3,12,3,4,,237,9,4,1,,5,0,4,3,10,2,2,1,0,,1,0,195,17,31,,22/33 (67%),6/20 (30%),49%,8,19/36 (53%),8/19 (42%),6/9 (67%),44%,9,4,,3,,3,,,,,1
10025421,242,40071,CALENDAR,REGULAR_SEASON,Regular Season,LEAGUE,2504,Columbus Crew,Visita,ALL,30/07/2022,,2,48%,0.00,2,17,5,2,9,415,19,11,4,,8,0,4,5,9,8,1,1,1,,4,2,325,20,53,,35/66 (53%),5/11 (45%),53%,11,36/72 (50%),16/26 (62%),6/14 (43%),37%,19,10,,21,,5,,,,,10
10025421,242,40071,CALENDAR,REGULAR_SEASON,Regular Season,LEAGUE,2504,Columbus Crew,Visita,1ST,30/07/2022,,1,58%,0.00,0,10,2,0,,264,8,6,0,,4,0,3,3,5,5,0,0,1,,2,2,224,7,26,,23/37 (62%),3/7 (43%),56%,5,19/36 (53%),5/7 (71%),5/10 (50%),38%,8,2,,5,,2,,,,,4
10025421,242,40071,CALENDAR,REGULAR_SEASON,Regular Season,LEAGUE,2504,Columbus Crew,Visita,2ND,30/07/2022,,1,37%,0.00,2,7,3,2,,151,11,5,4,,4,0,1,2,4,3,1,1,0,,2,0,101,13,27,,12/29 (41%),2/4 (50%),51%,6,17/36 (47%),11/19 (58%),1/4 (25%),36%,11,8,,16,,3,,,,,6
10025372,242,40071,CALENDAR,REGULAR_SEASON,Regular Season,LEAGUE,2504,Columbus Crew,Local,ALL,03/08/2022,,1,44%,0.00,2,9,2,2,7,368,14,10,1,,3,1,4,2,7,2,0,2,,,3,1,299,19,46,,34/67 (51%),5/16 (31%),55%,1,30/51 (59%),7/16 (44%),7/12 (58%),57%,14,6,,25,,2,,,,,12
10025372,242,40071,CALENDAR,REGULAR_SEASON,Regular Season,LEAGUE,2504,Columbus Crew,Local,1ST,03/08/2022,,1,49%,0.00,2,4,0,1,,215,7,5,0,,2,0,1,1,3,1,0,2,,,3,1,181,9,19,,19/35 (54%),5/12 (42%),63%,0,16/25 (64%),3/5 (60%),4/8 (50%),29%,7,4,,7,,0,,,,,4
10025372,242,40071,CALENDAR,REGULAR_SEASON,Regular Season,LEAGUE,2504,Columbus Crew,Local,2ND,03/08/2022,,0,38%,0.00,0,5,2,1,,153,7,5,1,,1,1,3,1,4,1,0,0,,,0,0,118,10,27,,15/32 (47%),0/4 (0%),49%,1,14/26 (54%),4/11 (36%),3/4 (75%),86%,7,2,,18,,2,,,,,8
10025372,242,40071,CALENDAR,REGULAR_SEASON,Regular Season,LEAGUE,22006,CF Montréal,Visita,ALL,03/08/2022,,2,56%,0.00,2,10,2,8,10,451,6,7,1,,4,0,4,2,10,0,1,1,,,1,1,396,21,67,,33/46 (72%),7/32 (22%),45%,9,21/51 (41%),9/16 (56%),8/13 (62%),50%,6,10,,9,,2,,,,,5
10025372,242,40071,CALENDAR,REGULAR_SEASON,Regular Season,LEAGUE,22006,CF Montréal,Visita,1ST,03/08/2022,,0,51%,0.00,0,1,1,0,,230,4,4,1,,0,0,0,1,1,0,0,0,,,0,1,197,9,30,,12/20 (60%),1/5 (20%),37%,4,9/25 (36%),2/5 (40%),1/4 (25%),25%,4,5,,5,,1,,,,,2
10025372,242,40071,CALENDAR,REGULAR_SEASON,Regular Season,LEAGUE,22006,CF Montréal,Visita,2ND,03/08/2022,,2,62%,0.00,2,9,1,8,,221,2,3,0,,4,0,4,1,9,0,1,1,,,1,0,199,12,37,,21/26 (81%),6/27 (22%),51%,5,12/26 (46%),7/11 (64%),7/9 (78%),100%,2,5,,4,,1,,,,,3
10025321,242,40071,CALENDAR,REGULAR_SEASON,Regular Season,LEAGUE,2504,Columbus Crew,Local,ALL,06/08/2022,,3,43%,0.00,0,16,4,4,10,379,28,11,2,,6,1,7,3,4,12,,0,1,14,2,3,305,15,39,61/94 (65%),27/52 (52%),1/8 (13%),54%,13,46/87 (53%),14/25 (56%),7/13 (54%),57%,28,13,,12,1,4,,2,,1,7
10025321,242,40071,CALENDAR,REGULAR_SEASON,Regular Season,LEAGUE,2504,Columbus Crew,Local,1ST,06/08/2022,,2,44%,0.00,0,10,2,3,,223,12,6,1,,3,1,5,2,1,9,,0,1,,1,1,188,3,21,,16/28 (57%),0/3 (0%),61%,5,24/37 (65%),6/12 (50%),6/6 (100%),58%,12,6,,4,,2,,,,,3
10025321,242,40071,CALENDAR,REGULAR_SEASON,Regular Season,LEAGUE,2504,Columbus Crew,Local,2ND,06/08/2022,,1,41%,0.00,0,6,2,1,,156,16,5,1,,3,0,2,1,3,3,,0,0,,1,2,117,12,18,,11/24 (46%),1/5 (20%),48%,8,22/50 (44%),8/13 (62%),1/7 (14%),56%,16,7,,8,,2,,,,,4
10025321,242,40071,CALENDAR,REGULAR_SEASON,Regular Season,LEAGUE,187643,New York City FC,Visita,ALL,06/08/2022,,2,57%,0.00,3,13,3,4,11,503,19,10,4,,5,0,4,4,6,7,,3,1,20,2,2,424,21,44,113/147 (77%),26/43 (60%),3/17 (18%),46%,14,41/87 (47%),11/25 (44%),12/26 (46%),68%,19,6,,13,0,3,,2,,0,7
10025321,242,40071,CALENDAR,REGULAR_SEASON,Regular Season,LEAGUE,187643,New York City FC,Visita,1ST,06/08/2022,,1,56%,0.00,2,6,1,1,,283,5,3,1,,2,0,3,1,3,3,,2,0,,1,0,239,12,23,,15/24 (63%),0/4 (0%),39%,7,13/37 (35%),6/12 (50%),5/10 (50%),80%,5,4,,3,,1,,,,,5
10025321,242,40071,CALENDAR,REGULAR_SEASON,Regular Season,LEAGUE,187643,New York City FC,Visita,2ND,06/08/2022,,1,59%,0.00,1,7,2,3,,220,14,7,3,,3,0,1,3,3,4,,1,1,,1,2,185,9,21,,11/19 (58%),3/13 (23%),52%,7,28/50 (56%),5/13 (38%),7/16 (44%),64%,14,2,,10,,2,,,,,2
10025324,242,40071,CALENDAR,REGULAR_SEASON,Regular Season,LEAGUE,2510,Colorado Rapids,Local,ALL,13/08/2022,,1,42%,0.00,1,12,4,3,14,313,17,10,4,,3,0,6,3,8,4,1,0,0,,2,2,244,15,56,,36/63 (57%),7/19 (37%),49%,10,29/70 (41%),22/34 (65%),2/9 (22%),53%,17,15,,16,,4,,,,,7
10025324,242,40071,CALENDAR,REGULAR_SEASON,Regular Season,LEAGUE,2510,Colorado Rapids,Local,1ST,13/08/2022,,1,46%,0.00,1,9,1,2,,167,7,3,3,,2,0,5,2,7,2,1,0,0,,1,1,133,8,25,,15/24 (63%),4/11 (36%),53%,6,12/32 (38%),15/19 (79%),2/6 (33%),57%,7,8,,10,,1,,,,,3
10025324,242,40071,CALENDAR,REGULAR_SEASON,Regular Season,LEAGUE,2510,Colorado Rapids,Local,2ND,13/08/2022,,0,38%,0.00,0,3,3,1,,146,10,7,1,,1,0,1,1,1,2,0,0,0,,1,1,111,7,31,,21/39 (54%),3/8 (38%),45%,4,17/38 (45%),7/15 (47%),0/3 (0%),50%,10,7,,6,,3,,,,,4
10025324,242,40071,CALENDAR,REGULAR_SEASON,Regular Season,LEAGUE,2504,Columbus Crew,Visita,ALL,13/08/2022,,1,58%,0.00,2,14,2,6,13,443,17,13,3,,5,0,4,5,8,6,1,1,1,,0,1,369,11,38,,27/53 (51%),6/18 (33%),51%,3,41/70 (59%),12/34 (35%),11/25 (44%),71%,17,6,,6,,2,,,,,12
10025324,242,40071,CALENDAR,REGULAR_SEASON,Regular Season,LEAGUE,2504,Columbus Crew,Visita,1ST,13/08/2022,,1,54%,0.00,1,7,1,4,,199,10,6,2,,2,0,2,3,5,2,1,0,0,,0,0,162,7,16,,14/30 (47%),4/8 (50%),47%,2,20/32 (63%),4/19 (21%),4/9 (44%),80%,10,1,,3,,1,,,,,7
10025324,242,40071,CALENDAR,REGULAR_SEASON,Regular Season,LEAGUE,2504,Columbus Crew,Visita,2ND,13/08/2022,,0,62%,0.00,1,7,1,2,,244,7,7,1,,3,0,2,2,3,4,0,1,1,,0,1,207,4,22,,13/23 (57%),2/10 (20%),55%,1,21/38 (55%),8/15 (53%),7/16 (44%),57%,7,5,,3,,1,,,,,5
10025265,242,40071,CALENDAR,REGULAR_SEASON,Regular Season,LEAGUE,2504,Columbus Crew,Local,ALL,21/08/2022,,2,49%,0.00,1,12,8,4,9,367,15,18,3,,8,0,2,2,6,6,1,0,1,,6,1,300,16,48,,34/55 (62%),4/15 (27%),56%,6,46/78 (59%),7/16 (44%),13/19 (68%),73%,15,6,,18,,8,,,,,9
10025265,242,40071,CALENDAR,REGULAR_SEASON,Regular Season,LEAGUE,2504,Columbus Crew,Local,1ST,21/08/2022,,0,54%,0.00,0,3,4,4,,204,7,8,1,,1,0,1,1,3,0,0,0,0,,3,0,170,11,27,,21/33 (64%),1/11 (9%),58%,2,23/36 (64%),2/7 (29%),8/11 (73%),57%,7,2,,6,,4,,,,,7
10025265,242,40071,CALENDAR,REGULAR_SEASON,Regular Season,LEAGUE,2504,Columbus Crew,Local,2ND,21/08/2022,,2,43%,0.00,1,9,4,0,,163,8,10,2,,7,0,1,1,3,6,1,0,1,,3,1,130,5,21,,13/22 (59%),3/4 (75%),55%,4,23/42 (55%),5/9 (56%),5/8 (63%),88%,8,4,,12,,4,,,,,2
10025265,242,40071,CALENDAR,REGULAR_SEASON,Regular Season,LEAGUE,243211,Atlanta United,Visita,ALL,21/08/2022,,2,51%,0.00,2,24,6,10,19,379,12,9,2,,10,1,7,7,14,10,0,2,1,,1,4,310,15,49,,22/45 (49%),10/24 (42%),44%,9,32/78 (41%),9/16 (56%),11/17 (65%),58%,12,10,,14,,6,,,,,6
10025265,242,40071,CALENDAR,REGULAR_SEASON,Regular Season,LEAGUE,243211,Atlanta United,Visita,1ST,21/08/2022,,1,46%,0.00,0,11,1,5,,170,5,3,0,,5,1,6,0,6,5,0,0,1,,0,2,136,9,17,,10/22 (45%),7/14 (50%),42%,4,13/36 (36%),5/7 (71%),5/8 (63%),80%,5,8,,13,,1,,,,,3
10025265,242,40071,CALENDAR,REGULAR_SEASON,Regular Season,LEAGUE,243211,Atlanta United,Visita,2ND,21/08/2022,,1,57%,0.00,2,13,5,5,,209,7,6,2,,5,0,1,7,8,5,0,2,0,,1,2,174,6,32,,12/23 (52%),3/10 (30%),45%,5,19/42 (45%),4/9 (44%),6/9 (67%),43%,7,2,,1,,5,,,,,3
10025290,242,40071,CALENDAR,REGULAR_SEASON,Regular Season,LEAGUE,215167,FC Cincinnati,Local,ALL,27/08/2022,,2,35%,0.00,1,15,1,2,16,286,19,10,1,,7,0,6,2,9,6,0,1,1,,2,1,209,22,31,,17/50 (34%),1/12 (8%),47%,8,39/73 (53%),7/25 (28%),10/14 (71%),68%,19,11,,14,,1,,,,,10
10025290,242,40071,CALENDAR,REGULAR_SEASON,Regular Season,LEAGUE,215167,FC Cincinnati,Local,1ST,27/08/2022,,1,40%,0.00,1,9,0,0,,171,11,6,1,,4,0,4,1,5,4,0,1,1,,0,1,134,16,18,,9/22 (41%),0/5 (0%),51%,3,22/36 (61%),2/11 (18%),5/7 (71%),55%,11,6,,3,,0,,,,,3
10025290,242,40071,CALENDAR,REGULAR_SEASON,Regular Season,LEAGUE,215167,FC Cincinnati,Local,2ND,27/08/2022,,1,29%,0.00,0,6,1,2,,115,8,4,0,,3,0,2,1,4,2,0,0,0,,2,0,75,6,13,,8/28 (29%),1/7 (14%),43%,5,17/37 (46%),5/14 (36%),5/7 (71%),88%,8,5,,11,,1,,,,,7
10025290,242,40071,CALENDAR,REGULAR_SEASON,Regular Season,LEAGUE,2504,Columbus Crew,Visita,ALL,27/08/2022,,2,65%,0.00,1,11,4,3,10,544,12,16,1,,3,0,6,2,4,7,1,0,0,,5,1,473,20,59,,33/47 (70%),3/16 (19%),53%,10,34/73 (47%),18/25 (72%),6/15 (40%),25%,12,14,,12,,4,,,,,6
10025290,242,40071,CALENDAR,REGULAR_SEASON,Regular Season,LEAGUE,2504,Columbus Crew,Visita,1ST,27/08/2022,,0,60%,0.00,0,2,3,1,,262,5,7,0,,0,0,1,1,0,2,0,0,0,,1,0,225,5,23,,15/20 (75%),0/1 (0%),49%,5,14/36 (39%),9/11 (82%),2/8 (25%),40%,5,10,,5,,3,,,,,4
10025290,242,40071,CALENDAR,REGULAR_SEASON,Regular Season,LEAGUE,2504,Columbus Crew,Visita,2ND,27/08/2022,,2,71%,0.00,1,9,1,2,,282,7,9,1,,3,0,5,1,4,5,1,0,0,,4,1,248,15,36,,18/27 (67%),3/15 (20%),57%,5,20/37 (54%),9/14 (64%),4/7 (57%),14%,7,4,,7,,1,,,,,2
10025285,242,40071,CALENDAR,REGULAR_SEASON,Regular Season,LEAGUE,2504,Columbus Crew,Local,ALL,31/08/2022,,1,50%,0.00,1,14,1,4,13,452,12,12,2,,3,0,6,5,7,7,1,,0,,3,1,372,22,57,,22/56 (39%),4/11 (36%),56%,4,41/68 (60%),9/21 (43%),17/22 (77%),50%,12,9,,16,,1,,,,,5
10025285,242,40071,CALENDAR,REGULAR_SEASON,Regular Season,LEAGUE,2504,Columbus Crew,Local,1ST,31/08/2022,,0,54%,0.00,0,4,0,1,,274,5,6,1,,1,0,1,2,1,3,0,,0,,1,0,231,9,28,,13/31 (42%),2/4 (50%),57%,2,21/33 (64%),6/14 (43%),10/15 (67%),60%,5,4,,9,,0,,,,,2
10025285,242,40071,CALENDAR,REGULAR_SEASON,Regular Season,LEAGUE,2504,Columbus Crew,Local,2ND,31/08/2022,,1,45%,0.00,1,10,1,3,,178,7,6,1,,2,0,5,3,6,4,1,,0,,2,1,141,13,29,,9/25 (36%),2/7 (29%),55%,2,20/35 (57%),3/7 (43%),7/7 (100%),43%,7,5,,7,,1,,,,,3
10025285,242,40071,CALENDAR,REGULAR_SEASON,Regular Season,LEAGUE,337602,Inter Miami CF,Visita,ALL,31/08/2022,,0,50%,0.00,0,4,2,2,13,446,9,12,2,,1,0,3,0,2,2,0,,1,,1,1,343,23,58,,27/58 (47%),2/17 (12%),44%,7,27/68 (40%),12/21 (57%),7/12 (58%),44%,9,10,,10,,2,,,,,12
10025285,242,40071,CALENDAR,REGULAR_SEASON,Regular Season,LEAGUE,337602,Inter Miami CF,Visita,1ST,31/08/2022,,0,46%,0.00,0,2,1,2,,226,7,5,0,,0,0,2,0,0,2,0,,1,,0,0,167,14,35,,14/31 (45%),1/9 (11%),43%,2,12/33 (36%),8/14 (57%),1/4 (25%),29%,7,4,,4,,1,,,,,6
10025285,242,40071,CALENDAR,REGULAR_SEASON,Regular Season,LEAGUE,337602,Inter Miami CF,Visita,2ND,31/08/2022,,0,55%,0.00,0,2,1,0,,220,2,7,2,,1,0,1,0,2,0,0,,0,,1,1,176,9,23,,13/27 (48%),1/8 (13%),45%,5,15/35 (43%),4/7 (57%),6/8 (75%),100%,2,6,,6,,1,,,,,6
10025417,242,40071,CALENDAR,REGULAR_SEASON,Regular Season,LEAGUE,2504,Columbus Crew,Local,ALL,03/09/2022,,0,62%,0.00,,25,1,10,11,545,13,13,1,,9,0,10,6,12,13,,,1,,5,,487,14,64,,24/36 (67%),5/27 (19%),51%,7,35/68 (51%),9/19 (47%),9/20 (45%),54%,13,6,,8,,1,,,,,6
10025417,242,40071,CALENDAR,REGULAR_SEASON,Regular Season,LEAGUE,2504,Columbus Crew,Local,1ST,03/09/2022,,0,61%,0.00,,7,0,2,,317,7,4,0,,3,0,1,3,1,6,,,1,,1,,287,6,33,,12/17 (71%),0/6 (0%),51%,3,16/33 (48%),5/8 (63%),5/11 (45%),71%,7,2,,7,,0,,,,,4
10025417,242,40071,CALENDAR,REGULAR_SEASON,Regular Season,LEAGUE,2504,Columbus Crew,Local,2ND,03/09/2022,,0,64%,0.00,,18,1,8,,228,6,9,1,,6,0,9,3,11,7,,,0,,4,,200,8,31,,12/19 (63%),5/21 (24%),50%,4,19/35 (54%),4/11 (36%),4/9 (44%),33%,6,4,,1,,1,,,,,2
10025417,242,40071,CALENDAR,REGULAR_SEASON,Regular Season,LEAGUE,2505,Chicago Fire,Visita,ALL,03/09/2022,,0,38%,0.00,,6,9,0,13,342,17,11,2,,1,0,3,2,2,4,,,0,,1,,279,20,38,,25/43 (58%),0/6 (0%),49%,9,33/68 (49%),10/19 (53%),4/8 (50%),35%,17,16,,20,,9,,,,,8
10025417,242,40071,CALENDAR,REGULAR_SEASON,Regular Season,LEAGUE,2505,Chicago Fire,Visita,1ST,03/09/2022,,0,39%,0.00,,3,3,0,,203,8,6,0,,0,0,2,1,0,3,,,0,,1,,169,11,22,,12/22 (55%),0/5 (0%),49%,6,17/33 (52%),3/8 (38%),2/3 (67%),63%,8,9,,5,,3,,,,,2
10025417,242,40071,CALENDAR,REGULAR_SEASON,Regular Season,LEAGUE,2505,Chicago Fire,Visita,2ND,03/09/2022,,0,36%,0.00,,3,6,0,,139,9,5,2,,1,0,1,1,2,1,,,0,,0,,110,9,16,,13/21 (62%),0/1 (0%),50%,3,16/35 (46%),7/11 (64%),2/5 (40%),11%,9,7,,15,,6,,,,,6
10025442,242,40071,CALENDAR,REGULAR_SEASON,Regular Season,LEAGUE,22006,CF Montréal,Local,ALL,09/09/2022,,2,56%,0.00,3,22,3,5,9,486,14,9,2,0,10,0,8,4,14,8,1,2,3,,0,2,409,18,54,,35/58 (60%),10/32 (31%),49%,11,28/60 (47%),8/14 (57%),5/11 (45%),57%,14,16,,6,,3,,,,,8
10025442,242,40071,CALENDAR,REGULAR_SEASON,Regular Season,LEAGUE,22006,CF Montréal,Local,1ST,09/09/2022,,0,50%,0.00,1,11,3,3,,235,9,4,1,0,5,0,4,2,8,3,0,1,3,,0,2,195,7,27,,14/24 (58%),3/10 (30%),53%,5,17/32 (53%),3/6 (50%),4/9 (44%),56%,9,12,,6,,3,,,,,5
10025442,242,40071,CALENDAR,REGULAR_SEASON,Regular Season,LEAGUE,22006,CF Montréal,Local,2ND,09/09/2022,,2,64%,0.00,2,11,0,2,,251,5,5,1,0,5,0,4,2,6,5,1,1,0,,0,0,214,11,27,,21/34 (62%),7/22 (32%),44%,6,11/28 (39%),5/8 (63%),1/2 (50%),60%,5,4,,0,,0,,,,,3
10025442,242,40071,CALENDAR,REGULAR_SEASON,Regular Season,LEAGUE,2504,Columbus Crew,Visita,ALL,09/09/2022,,2,44%,0.00,0,11,8,5,9,389,17,9,0,1,5,1,4,2,7,4,0,0,0,,1,1,303,17,39,,19/48 (40%),3/9 (33%),51%,8,32/60 (53%),6/14 (43%),6/12 (50%),65%,17,12,,28,,8,,,,,11
10025442,242,40071,CALENDAR,REGULAR_SEASON,Regular Season,LEAGUE,2504,Columbus Crew,Visita,1ST,09/09/2022,,0,50%,0.00,0,5,5,5,,240,10,2,0,0,3,1,2,0,3,2,0,0,0,,0,0,192,12,23,,9/23 (39%),2/7 (29%),47%,4,15/32 (47%),3/6 (50%),3/8 (38%),80%,10,9,,11,,5,,,,,4
10025442,242,40071,CALENDAR,REGULAR_SEASON,Regular Season,LEAGUE,2504,Columbus Crew,Visita,2ND,09/09/2022,,2,36%,0.00,0,6,3,0,,149,7,7,0,1,2,0,2,2,4,2,0,0,0,,1,1,111,5,16,,10/25 (40%),1/2 (50%),56%,4,17/28 (61%),3/8 (38%),3/4 (75%),43%,7,3,,17,,3,,,,,7
10025381,242,40071,CALENDAR,REGULAR_SEASON,Regular Season,LEAGUE,337602,Inter Miami CF,Local,ALL,13/09/2022,,2,42%,0.00,0,11,2,6,16,394,15,12,1,,6,0,1,4,6,5,0,,2,,3,3,330,13,38,,21/48 (44%),1/8 (13%),50%,2,33/65 (51%),3/7 (43%),6/14 (43%),60%,15,7,,24,,2,,,,,10
10025381,242,40071,CALENDAR,REGULAR_SEASON,Regular Season,LEAGUE,337602,Inter Miami CF,Local,1ST,13/09/2022,,1,38%,0.00,0,5,1,5,,155,5,6,1,,2,0,1,2,2,3,0,,0,,2,1,129,6,22,,15/25 (60%),1/7 (14%),52%,1,14/27 (52%),2/4 (50%),3/6 (50%),80%,5,2,,12,,1,,,,,6
10025381,242,40071,CALENDAR,REGULAR_SEASON,Regular Season,LEAGUE,337602,Inter Miami CF,Local,2ND,13/09/2022,,1,45%,0.00,0,6,1,1,,239,10,6,0,,4,0,0,2,4,2,0,,2,,1,2,201,7,16,,6/23 (26%),0/1 (0%),49%,1,19/38 (50%),1/3 (33%),3/8 (38%),50%,10,5,,12,,1,,,,,4
10025381,242,40071,CALENDAR,REGULAR_SEASON,Regular Season,LEAGUE,2504,Columbus Crew,Visita,ALL,13/09/2022,,1,58%,0.00,1,13,4,7,12,526,10,15,1,,3,2,9,1,6,7,1,,0,,6,1,464,22,62,,14/27 (52%),5/21 (24%),50%,7,32/65 (49%),4/7 (57%),7/15 (47%),50%,10,8,,10,,4,,,,,3
10025381,242,40071,CALENDAR,REGULAR_SEASON,Regular Season,LEAGUE,2504,Columbus Crew,Visita,1ST,13/09/2022,,1,62%,0.00,1,7,1,3,,248,4,6,0,,2,1,4,1,3,4,1,,0,,4,0,219,12,28,,9/20 (45%),3/12 (25%),48%,3,13/27 (48%),2/4 (50%),3/5 (60%),75%,4,4,,7,,1,,,,,2
10025381,242,40071,CALENDAR,REGULAR_SEASON,Regular Season,LEAGUE,2504,Columbus Crew,Visita,2ND,13/09/2022,,0,55%,0.00,0,6,3,4,,278,6,9,1,,1,1,5,0,3,3,0,,0,,2,1,245,10,34,,5/7 (71%),2/9 (22%),51%,4,19/38 (50%),2/3 (67%),4/10 (40%),33%,6,4,,3,,3,,,,,1
10025389,242,40071,CALENDAR,REGULAR_SEASON,Regular Season,LEAGUE,2504,Columbus Crew,Local,ALL,18/09/2022,,1,53%,0.00,2,15,2,3,7,389,24,21,3,,4,0,7,4,5,10,1,1,,,3,5,314,22,64,,23/49 (47%),2/13 (15%),60%,8,61/97 (63%),13/27 (48%),17/31 (55%),54%,24,12,,20,,2,,,,,5
10025389,242,40071,CALENDAR,REGULAR_SEASON,Regular Season,LEAGUE,2504,Columbus Crew,Local,1ST,18/09/2022,,1,62%,0.00,2,9,0,1,,235,10,9,1,,3,0,3,3,3,6,1,1,,,2,2,192,15,39,,15/27 (56%),1/8 (13%),62%,3,32/51 (63%),8/14 (57%),13/22 (59%),70%,10,6,,4,,0,,,,,3
10025389,242,40071,CALENDAR,REGULAR_SEASON,Regular Season,LEAGUE,2504,Columbus Crew,Local,2ND,18/09/2022,,0,44%,0.00,0,6,2,2,,154,14,12,2,,1,0,4,1,2,4,0,0,,,1,3,122,7,25,,8/22 (36%),1/5 (20%),58%,5,29/46 (63%),5/13 (38%),4/9 (44%),43%,14,6,,16,,2,,,,,2
10025389,242,40071,CALENDAR,REGULAR_SEASON,Regular Season,LEAGUE,22007,Portland Timbers,Visita,ALL,18/09/2022,,1,47%,0.00,1,9,3,8,21,339,22,7,4,,3,0,4,2,7,2,0,1,,,1,0,259,25,47,,25/52 (48%),3/16 (19%),40%,13,36/97 (37%),14/27 (52%),7/18 (39%),41%,22,4,,19,,3,,,,,12
10025389,242,40071,CALENDAR,REGULAR_SEASON,Regular Season,LEAGUE,22007,Portland Timbers,Visita,1ST,18/09/2022,,0,38%,0.00,0,3,2,0,,145,12,4,2,,0,0,3,0,2,1,0,0,,,1,0,103,9,17,,9/26 (35%),1/2 (50%),38%,6,19/51 (37%),6/14 (43%),3/7 (43%),58%,12,2,,11,,2,,,,,6
10025389,242,40071,CALENDAR,REGULAR_SEASON,Regular Season,LEAGUE,22007,Portland Timbers,Visita,2ND,18/09/2022,,1,56%,0.00,1,6,1,8,,194,10,3,2,,3,0,1,2,5,1,0,1,,,0,0,156,16,30,,16/26 (62%),2/14 (14%),42%,7,17/46 (37%),8/13 (62%),4/11 (36%),20%,10,2,,8,,1,,,,,6
10025336,242,40071,CALENDAR,REGULAR_SEASON,Regular Season,LEAGUE,2504,Columbus Crew,Local,ALL,01/10/2022,,2,69%,0.00,3,9,3,4,12,494,12,20,2,,4,0,3,2,6,3,1,2,1,,7,1,383,24,62,,40/74 (54%),1/19 (5%),53%,11,35/73 (48%),35/59 (59%),4/17 (24%),58%,12,3,,22,,3,,,,,9
10025336,242,40071,CALENDAR,REGULAR_SEASON,Regular Season,LEAGUE,2504,Columbus Crew,Local,1ST,01/10/2022,,0,69%,0.00,0,1,2,2,,223,1,10,1,,0,0,0,1,0,1,0,0,0,,3,1,162,14,22,,17/35 (49%),0/9 (0%),56%,5,13/27 (48%),21/34 (62%),3/6 (50%),100%,1,2,,10,,2,,,,,6
10025336,242,40071,CALENDAR,REGULAR_SEASON,Regular Season,LEAGUE,2504,Columbus Crew,Local,2ND,01/10/2022,,2,69%,0.00,3,8,1,2,,271,11,10,1,,4,0,3,1,6,2,1,2,1,,4,0,221,10,40,,23/39 (59%),1/10 (10%),51%,6,22/46 (48%),14/25 (56%),1/11 (9%),55%,11,1,,12,,1,,,,,3
10025336,242,40071,CALENDAR,REGULAR_SEASON,Regular Season,LEAGUE,2506,New York Red Bulls,Visita,ALL,01/10/2022,,1,31%,0.00,0,10,2,4,22,215,24,12,2,,3,1,5,2,3,7,0,0,0,,5,0,110,22,52,,13/57 (23%),3/12 (25%),47%,9,38/73 (52%),24/59 (41%),2/5 (40%),54%,24,14,,8,,2,,,,,11
10025336,242,40071,CALENDAR,REGULAR_SEASON,Regular Season,LEAGUE,2506,New York Red Bulls,Visita,1ST,01/10/2022,,0,31%,0.00,0,4,0,2,,98,8,5,1,,1,1,2,1,1,3,0,0,0,,2,0,40,15,29,,6/32 (19%),2/4 (50%),44%,1,14/27 (52%),13/34 (38%),1/1 (100%),63%,8,7,,3,,0,,,,,4
10025336,242,40071,CALENDAR,REGULAR_SEASON,Regular Season,LEAGUE,2506,New York Red Bulls,Visita,2ND,01/10/2022,,1,31%,0.00,0,6,2,2,,117,16,7,1,,2,0,3,1,2,4,0,0,0,,3,0,70,7,23,,7/25 (28%),1/8 (13%),49%,8,24/46 (52%),11/25 (44%),1/4 (25%),50%,16,7,,5,,2,,,,,7
10025292,242,40071,CALENDAR,REGULAR_SEASON,Regular Season,LEAGUE,52237,Orlando City SC,Local,ALL,09/10/2022,,2,46%,0.00,1,8,5,3,18,384,16,12,6,,4,0,2,2,5,3,1,,0,,4,2,333,13,41,,12/25 (48%),4/10 (40%),44%,6,29/66 (44%),7/15 (47%),1/6 (17%),69%,16,4,,9,,5,,,,,7
10025292,242,40071,CALENDAR,REGULAR_SEASON,Regular Season,LEAGUE,52237,Orlando City SC,Local,1ST,09/10/2022,,0,49%,0.00,0,3,2,0,,239,11,5,0,,1,0,1,1,1,2,0,,0,,2,1,211,10,24,,4/10 (40%),1/4 (25%),48%,3,17/33 (52%),4/11 (36%),1/3 (33%),64%,11,3,,7,,2,,,,,3
10025292,242,40071,CALENDAR,REGULAR_SEASON,Regular Season,LEAGUE,52237,Orlando City SC,Local,2ND,09/10/2022,,2,41%,0.00,1,5,3,3,,145,5,7,6,,3,0,1,1,4,1,1,,0,,2,1,122,3,17,,8/15 (53%),3/6 (50%),41%,3,12/33 (36%),3/4 (75%),0/3 (0%),80%,5,1,,2,,3,,,,,4
10025292,242,40071,CALENDAR,REGULAR_SEASON,Regular Season,LEAGUE,2504,Columbus Crew,Visita,ALL,09/10/2022,,1,54%,0.00,0,13,2,7,13,463,11,17,3,,6,1,5,2,8,5,0,,1,,4,1,414,9,52,,29/46 (63%),3/12 (25%),56%,4,37/66 (56%),8/15 (53%),9/21 (43%),82%,11,9,,12,,2,,,,,4
10025292,242,40071,CALENDAR,REGULAR_SEASON,Regular Season,LEAGUE,2504,Columbus Crew,Visita,1ST,09/10/2022,,1,51%,0.00,0,7,1,3,,246,5,8,1,,3,1,3,1,6,1,0,,1,,1,0,218,6,24,,17/25 (68%),2/7 (29%),52%,4,16/33 (48%),7/11 (64%),3/10 (30%),100%,5,5,,8,,1,,,,,1
10025292,242,40071,CALENDAR,REGULAR_SEASON,Regular Season,LEAGUE,2504,Columbus Crew,Visita,2ND,09/10/2022,,0,59%,0.00,0,6,1,4,,217,6,9,2,,3,0,2,1,2,4,0,,0,,3,1,196,3,28,,12/21 (57%),1/5 (20%),59%,0,21/33 (64%),1/4 (25%),6/11 (55%),67%,6,4,,4,,1,,,,,3
10952502,242,47955,CALENDAR,REGULAR_SEASON,Regular Season,LEAGUE,39833,Philadelphia Union,Local,ALL,25/02/2023,,4,41%,3.41,5,14,2,2,12,316,22,12,1,,5,0,1,8,11,3,4,1,1,,6,9,233,12,40,,19/54 (35%),3/10 (30%),51%,7,38/74 (51%),7/15 (47%),4/9 (44%),50%,22,12,,13,,2,-0.67,,,,5
10952502,242,47955,CALENDAR,REGULAR_SEASON,Regular Season,LEAGUE,39833,Philadelphia Union,Local,1ST,25/02/2023,,1,41%,1.28,1,7,1,2,,153,13,7,0,,2,0,0,5,6,1,1,0,0,,4,6,116,6,16,,9/26 (35%),2/7 (29%),51%,4,21/40 (53%),2/5 (40%),1/3 (33%),54%,13,5,,5,,1,,,,,3
10952502,242,47955,CALENDAR,REGULAR_SEASON,Regular Season,LEAGUE,39833,Philadelphia Union,Local,2ND,25/02/2023,,3,41%,2.13,4,7,1,0,,163,9,5,1,,3,0,1,3,5,2,3,1,1,,2,3,117,6,24,,10/28 (36%),1/3 (33%),50%,3,17/34 (50%),5/10 (50%),3/6 (50%),44%,9,7,,8,,1,,,,,2
10952502,242,47955,CALENDAR,REGULAR_SEASON,Regular Season,LEAGUE,2504,Columbus Crew,Visita,ALL,25/02/2023,,1,59%,0.55,1,7,1,2,15,462,12,11,5,,2,0,5,0,1,6,0,1,0,,4,0,381,17,44,,16/34 (47%),2/8 (25%),49%,15,36/74 (49%),8/15 (53%),13/20 (65%),50%,12,11,,7,,1,-0.09,,,,1
10952502,242,47955,CALENDAR,REGULAR_SEASON,Regular Season,LEAGUE,2504,Columbus Crew,Visita,1ST,25/02/2023,,1,59%,0.12,0,4,1,1,,227,6,8,2,,1,0,3,0,0,4,0,0,0,,2,0,184,10,17,,7/18 (39%),0/4 (0%),49%,8,19/40 (48%),3/5 (60%),5/10 (50%),50%,6,3,,4,,1,,,,,0
10952502,242,47955,CALENDAR,REGULAR_SEASON,Regular Season,LEAGUE,2504,Columbus Crew,Visita,2ND,25/02/2023,,0,59%,0.44,1,3,0,1,,235,6,3,3,,1,0,2,0,1,2,0,1,0,,2,0,197,7,27,,9/16 (56%),2/4 (50%),50%,7,17/34 (50%),5/10 (50%),8/10 (80%),50%,6,8,,3,,0,,,,,1
10952492,242,47955,CALENDAR,REGULAR_SEASON,Regular Season,LEAGUE,2504,Columbus Crew,Local,ALL,04/03/2023,,2,47%,1.15,2,12,3,1,17,414,22,15,1,,4,0,6,2,10,2,1,1,1,,2,0,335,19,55,,27/53 (51%),2/6 (33%),48%,8,51/97 (53%),7/23 (30%),14/21 (67%),50%,22,10,,18,,3,0.33,,,,14
10952492,242,47955,CALENDAR,REGULAR_SEASON,Regular Season,LEAGUE,2504,Columbus Crew,Local,1ST,04/03/2023,,2,43%,0.98,2,9,1,1,,182,7,8,0,,4,0,3,2,9,0,1,1,1,,1,0,151,13,27,,16/22 (73%),2/5 (40%),42%,3,20/41 (49%),2/12 (17%),5/8 (63%),43%,7,4,,8,,1,,,,,8
10952492,242,47955,CALENDAR,REGULAR_SEASON,Regular Season,LEAGUE,2504,Columbus Crew,Local,2ND,04/03/2023,,0,51%,0.17,0,3,2,0,,232,15,7,1,,0,0,3,0,1,2,0,0,0,,1,0,184,6,28,,11/31 (35%),0/1 (0%),54%,5,31/56 (55%),5/11 (45%),9/13 (69%),53%,15,6,,10,,2,,,,,6
10952492,242,47955,CALENDAR,REGULAR_SEASON,Regular Season,LEAGUE,2502,DC United,Visita,ALL,04/03/2023,,0,53%,1.08,0,15,2,7,16,451,15,17,2,,3,0,8,4,9,6,0,0,2,,3,2,369,16,64,,31/58 (53%),6/21 (29%),52%,13,46/97 (47%),16/23 (70%),14/23 (61%),60%,15,14,,5,,2,-0.83,,,,7
10952492,242,47955,CALENDAR,REGULAR_SEASON,Regular Season,LEAGUE,2502,DC United,Visita,1ST,04/03/2023,,0,57%,0.54,0,6,2,5,,234,6,6,0,,1,0,4,1,4,2,0,0,1,,1,0,197,5,30,,17/29 (59%),4/15 (27%),58%,3,21/41 (51%),10/12 (83%),9/13 (69%),83%,6,6,,4,,2,,,,,3
10952492,242,47955,CALENDAR,REGULAR_SEASON,Regular Season,LEAGUE,2502,DC United,Visita,2ND,04/03/2023,,0,49%,0.53,0,9,0,2,,217,9,11,2,,2,0,4,3,5,4,0,0,1,,2,2,172,11,34,,14/29 (48%),2/6 (33%),46%,10,25/56 (45%),6/11 (55%),5/10 (50%),44%,9,8,,1,,0,,,,,4
10952474,242,47955,CALENDAR,REGULAR_SEASON,Regular Season,LEAGUE,7080,Toronto FC,Local,ALL,11/03/2023,,1,44%,0.84,0,7,3,1,13,402,15,17,2,,3,0,2,2,6,1,0,0,0,,0,2,298,23,52,,20/52 (38%),2/4 (50%),52%,10,47/89 (53%),14/28 (50%),15/23 (65%),47%,15,13,,27,,3,-0.75,,,,11
10952474,242,47955,CALENDAR,REGULAR_SEASON,Regular Season,LEAGUE,7080,Toronto FC,Local,1ST,11/03/2023,,1,47%,0.65,0,5,1,1,,249,9,7,0,,2,0,1,2,4,1,0,0,0,,0,1,195,12,25,,9/27 (33%),2/2 (100%),54%,4,24/41 (59%),7/16 (44%),8/11 (73%),44%,9,6,,14,,1,,,,,5
10952474,242,47955,CALENDAR,REGULAR_SEASON,Regular Season,LEAGUE,7080,Toronto FC,Local,2ND,11/03/2023,,0,39%,0.19,0,2,2,0,,153,6,10,2,,1,0,1,0,2,0,0,0,0,,0,1,103,11,27,,11/25 (44%),0/2 (0%),50%,6,23/48 (48%),7/12 (58%),7/12 (58%),50%,6,7,,13,,2,,,,,6
10952474,242,47955,CALENDAR,REGULAR_SEASON,Regular Season,LEAGUE,2504,Columbus Crew,Visita,ALL,11/03/2023,,1,56%,1.39,2,17,2,9,17,496,18,12,2,,4,1,9,4,9,8,1,1,1,,3,2,417,18,47,,25/40 (63%),8/29 (28%),48%,2,42/89 (47%),14/28 (50%),12/25 (48%),50%,18,21,,13,,2,-0.58,,,,3
10952474,242,47955,CALENDAR,REGULAR_SEASON,Regular Season,LEAGUE,2504,Columbus Crew,Visita,1ST,11/03/2023,,0,53%,0.43,0,7,1,6,,270,7,5,1,,1,0,3,3,3,4,0,0,0,,0,0,227,7,22,,9/18 (50%),1/11 (9%),46%,1,17/41 (41%),9/16 (56%),5/13 (38%),43%,7,13,,7,,1,,,,,1
10952474,242,47955,CALENDAR,REGULAR_SEASON,Regular Season,LEAGUE,2504,Columbus Crew,Visita,2ND,11/03/2023,,1,61%,0.96,2,10,1,3,,226,11,7,1,,3,1,6,1,6,4,1,1,1,,3,2,190,11,25,,16/22 (73%),7/18 (39%),50%,1,25/48 (52%),5/12 (42%),7/12 (58%),55%,11,8,,6,,1,,,,,2
10952461,242,47955,CALENDAR,REGULAR_SEASON,Regular Season,LEAGUE,2506,New York Red Bulls,Local,ALL,18/03/2023,,2,38%,1.40,2,15,2,6,12,315,23,11,2,,4,1,6,5,12,3,2,0,3,,1,5,212,19,64,,25/60 (42%),5/16 (31%),42%,16,46/115 (40%),13/26 (50%),12/28 (43%),70%,23,13,,8,,2,-0.46,,,,5
10952461,242,47955,CALENDAR,REGULAR_SEASON,Regular Season,LEAGUE,2506,New York Red Bulls,Local,1ST,18/03/2023,,0,38%,0.33,0,5,0,3,,176,10,3,0,,1,0,3,1,4,1,0,0,0,,0,2,122,10,30,,10/27 (37%),2/6 (33%),38%,5,18/52 (35%),5/9 (56%),5/16 (31%),60%,10,8,,5,,0,,,,,3
10952461,242,47955,CALENDAR,REGULAR_SEASON,Regular Season,LEAGUE,2506,New York Red Bulls,Local,2ND,18/03/2023,,2,38%,1.07,2,10,2,3,,139,13,8,2,,3,1,3,4,8,2,2,0,3,,1,3,90,9,34,,15/33 (45%),3/10 (30%),45%,11,28/63 (44%),8/17 (47%),7/12 (58%),77%,13,5,,3,,2,,,,,2
10952461,242,47955,CALENDAR,REGULAR_SEASON,Regular Season,LEAGUE,2504,Columbus Crew,Visita,ALL,18/03/2023,,1,62%,0.54,1,5,2,2,12,543,32,12,3,,3,0,2,0,2,3,0,1,1,,1,1,438,22,47,,12/38 (32%),0/4 (0%),58%,12,69/115 (60%),13/26 (50%),25/36 (69%),59%,32,11,,14,,2,-0.85,,,,9
10952461,242,47955,CALENDAR,REGULAR_SEASON,Regular Season,LEAGUE,2504,Columbus Crew,Visita,1ST,18/03/2023,,1,62%,0.05,0,1,1,1,,295,16,6,1,,1,0,0,0,0,1,0,0,0,,0,1,236,12,20,,4/23 (17%),0/3 (0%),62%,6,34/52 (65%),4/9 (44%),12/16 (75%),69%,16,7,,10,,1,,,,,5
10952461,242,47955,CALENDAR,REGULAR_SEASON,Regular Season,LEAGUE,2504,Columbus Crew,Visita,2ND,18/03/2023,,0,62%,0.49,1,4,1,1,,248,16,6,2,,2,0,2,0,2,2,0,1,1,,1,0,202,10,27,,8/15 (53%),0/1 (0%),55%,6,35/63 (56%),9/17 (53%),13/20 (65%),50%,16,4,,4,,1,,,,,4
10952448,242,47955,CALENDAR,REGULAR_SEASON,Regular Season,LEAGUE,2504,Columbus Crew,Local,ALL,25/03/2023,,6,54%,2.16,4,15,,8,15,469,14,11,1,,6,0,4,5,13,2,4,,1,,4,1,399,14,62,,13/27 (48%),5/19 (26%),45%,6,31/70 (44%),7/14 (50%),6/16 (38%),64%,14,7,,10,,,-0.64,,,,3
10952448,242,47955,CALENDAR,REGULAR_SEASON,Regular Season,LEAGUE,2504,Columbus Crew,Local,1ST,25/03/2023,,1,56%,0.51,1,5,,4,,248,3,7,0,,1,0,2,2,5,0,1,,0,,3,1,209,9,34,,6/14 (43%),2/9 (22%),41%,3,12/31 (39%),5/10 (50%),2/6 (33%),67%,3,4,,7,,,,,,,3
10952448,242,47955,CALENDAR,REGULAR_SEASON,Regular Season,LEAGUE,2504,Columbus Crew,Local,2ND,25/03/2023,,5,51%,1.65,3,10,,4,,221,11,4,1,,5,0,2,3,8,2,3,,1,,1,0,190,5,28,,7/13 (54%),3/10 (30%),49%,3,19/39 (49%),2/4 (50%),4/10 (40%),64%,11,3,,3,,,,,,,0
10952448,242,47955,CALENDAR,REGULAR_SEASON,Regular Season,LEAGUE,243211,Atlanta United,Visita,ALL,25/03/2023,,1,46%,0.10,0,2,,2,11,418,16,14,2,,1,0,0,1,2,0,0,,0,,1,2,344,14,36,,33/65 (51%),1/6 (17%),55%,5,39/70 (56%),7/14 (50%),9/18 (50%),69%,16,7,,27,,,-2.12,,,,7
10952448,242,47955,CALENDAR,REGULAR_SEASON,Regular Season,LEAGUE,243211,Atlanta United,Visita,1ST,25/03/2023,,0,44%,0.00,0,0,,1,,200,7,6,1,,0,0,0,0,0,0,0,,0,,0,1,156,13,21,,15/34 (44%),1/3 (33%),59%,2,19/31 (61%),5/10 (50%),6/7 (86%),100%,7,2,,14,,,,,,,4
10952448,242,47955,CALENDAR,REGULAR_SEASON,Regular Season,LEAGUE,243211,Atlanta United,Visita,2ND,25/03/2023,,1,49%,0.10,0,2,,1,,218,9,8,1,,1,0,0,1,2,0,0,,0,,1,1,188,1,15,,18/31 (58%),0/3 (0%),51%,3,20/39 (51%),2/4 (50%),3/11 (27%),44%,9,5,,13,,,,,,,3
10952436,242,47955,CALENDAR,REGULAR_SEASON,Regular Season,LEAGUE,2504,Columbus Crew,Local,ALL,01/04/2023,,4,59%,3.67,4,18,5,4,13,568,12,10,1,,6,0,7,5,13,5,3,1,,,5,1,498,13,58,,27/48 (56%),7/22 (32%),45%,6,36/82 (44%),11/22 (50%),14/28 (50%),58%,12,4,,16,,5,0.82,,,,4
10952436,242,47955,CALENDAR,REGULAR_SEASON,Regular Season,LEAGUE,2504,Columbus Crew,Local,1ST,01/04/2023,,2,67%,1.23,1,6,2,1,,332,7,6,0,,3,0,2,1,5,1,1,0,,,4,0,288,8,31,,16/28 (57%),4/14 (29%),50%,2,18/35 (51%),7/15 (47%),5/11 (45%),57%,7,1,,6,,2,,,,,2
10952436,242,47955,CALENDAR,REGULAR_SEASON,Regular Season,LEAGUE,2504,Columbus Crew,Local,2ND,01/04/2023,,2,51%,2.44,3,12,3,3,,236,5,4,1,,3,0,5,4,8,4,2,1,,,1,1,210,5,27,,11/20 (55%),3/8 (38%),41%,4,18/47 (38%),4/7 (57%),9/17 (53%),60%,5,3,,10,,3,,,,,2
10952436,242,47955,CALENDAR,REGULAR_SEASON,Regular Season,LEAGUE,5133,Real Salt Lake,Visita,ALL,01/04/2023,,0,41%,0.62,1,8,2,2,10,398,20,12,2,,5,0,1,2,5,3,0,1,,,0,4,317,15,35,,33/69 (48%),4/12 (33%),55%,3,46/82 (56%),11/22 (50%),14/23 (61%),90%,20,14,,19,,2,-0.97,,,,7
10952436,242,47955,CALENDAR,REGULAR_SEASON,Regular Season,LEAGUE,5133,Real Salt Lake,Visita,1ST,01/04/2023,,0,33%,0.20,0,3,1,0,,171,8,4,1,,2,0,0,1,2,1,0,0,,,0,0,135,6,18,,17/35 (49%),2/3 (67%),50%,1,17/35 (49%),8/15 (53%),5/11 (45%),100%,8,8,,16,,1,,,,,3
10952436,242,47955,CALENDAR,REGULAR_SEASON,Regular Season,LEAGUE,5133,Real Salt Lake,Visita,2ND,01/04/2023,,0,49%,0.43,1,5,1,2,,227,12,8,1,,3,0,1,1,3,2,0,1,,,0,4,182,9,17,,16/34 (47%),2/9 (22%),59%,2,29/47 (62%),3/7 (43%),9/12 (75%),83%,12,6,,3,,1,,,,,4
10952423,242,47955,CALENDAR,REGULAR_SEASON,Regular Season,LEAGUE,2502,DC United,Local,ALL,08/04/2023,,0,44%,0.69,1,14,3,2,16,380,24,11,3,,5,1,6,3,7,7,0,1,,,1,2,269,18,66,,32/60 (53%),5/13 (38%),57%,11,40/80 (50%),22/29 (76%),5/9 (56%),67%,24,14,,13,,3,-0.12,,,,5
10952423,242,47955,CALENDAR,REGULAR_SEASON,Regular Season,LEAGUE,2502,DC United,Local,1ST,08/04/2023,,0,30%,0.30,1,4,1,1,,119,14,4,1,,2,0,0,2,1,3,0,1,,,0,2,66,9,29,,14/29 (48%),1/4 (25%),54%,3,20/42 (48%),10/14 (71%),2/4 (50%),57%,14,3,,4,,1,,,,,3
10952423,242,47955,CALENDAR,REGULAR_SEASON,Regular Season,LEAGUE,2502,DC United,Local,2ND,08/04/2023,,0,56%,0.39,0,10,2,1,,261,10,7,2,,3,1,6,1,6,4,0,0,,,1,0,203,9,37,,18/31 (58%),4/9 (44%),60%,8,20/38 (53%),12/15 (80%),3/5 (60%),80%,10,11,,9,,2,,,,,2
10952423,242,47955,CALENDAR,REGULAR_SEASON,Regular Season,LEAGUE,2504,Columbus Crew,Visita,ALL,08/04/2023,,2,56%,1.45,1,13,4,4,13,472,15,14,2,,5,0,3,5,10,3,1,0,,,4,0,388,22,48,,29/54 (54%),4/15 (27%),43%,7,40/80 (50%),7/29 (24%),11/28 (39%),47%,15,14,,18,,4,0.31,,,,12
10952423,242,47955,CALENDAR,REGULAR_SEASON,Regular Season,LEAGUE,2504,Columbus Crew,Visita,1ST,08/04/2023,,1,70%,1.18,1,8,1,3,,271,5,9,1,,2,0,1,5,6,2,1,0,,,3,0,241,10,26,,24/31 (77%),2/8 (25%),46%,3,22/42 (52%),4/14 (29%),8/19 (42%),80%,5,5,,5,,1,,,,,4
10952423,242,47955,CALENDAR,REGULAR_SEASON,Regular Season,LEAGUE,2504,Columbus Crew,Visita,2ND,08/04/2023,,1,44%,0.27,0,5,3,1,,201,10,5,1,,3,0,2,0,4,1,0,0,,,1,0,147,12,22,,5/23 (22%),2/7 (29%),40%,4,18/38 (47%),3/15 (20%),3/9 (33%),30%,10,9,,13,,3,,,,,8
10952410,242,47955,CALENDAR,REGULAR_SEASON,Regular Season,LEAGUE,2504,Columbus Crew,Local,ALL,15/04/2023,,1,59%,1.09,0,21,8,5,11,516,16,7,2,0,7,1,7,7,10,11,,0,0,,1,2,455,19,52,,23/36 (64%),8/26 (31%),52%,6,39/76 (51%),10/18 (56%),16/25 (64%),75%,16,4,,10,,8,0.63,,,,10
10952410,242,47955,CALENDAR,REGULAR_SEASON,Regular Season,LEAGUE,2504,Columbus Crew,Local,1ST,15/04/2023,,0,49%,0.18,0,5,4,1,,223,7,4,2,0,3,0,1,1,1,4,,0,0,,1,0,188,12,18,,13/21 (62%),2/5 (40%),56%,3,16/33 (48%),7/8 (88%),5/9 (56%),86%,7,2,,6,,4,,,,,7
10952410,242,47955,CALENDAR,REGULAR_SEASON,Regular Season,LEAGUE,2504,Columbus Crew,Local,2ND,15/04/2023,,1,71%,0.92,0,16,4,4,,293,9,3,0,0,4,1,6,6,9,7,,0,0,,0,2,267,7,34,,10/15 (67%),6/21 (29%),49%,3,23/43 (53%),3/10 (30%),11/16 (69%),67%,9,2,,4,,4,,,,,3
10952410,242,47955,CALENDAR,REGULAR_SEASON,Regular Season,LEAGUE,2511,New England Revolution,Visita,ALL,15/04/2023,,1,41%,1.37,1,16,6,5,7,363,15,9,2,1,8,1,6,2,9,7,,1,1,,2,1,286,12,56,,27/65 (42%),5/12 (42%),48%,8,37/76 (49%),8/18 (44%),13/21 (62%),60%,15,9,,27,,6,-0.12,,,,13
10952410,242,47955,CALENDAR,REGULAR_SEASON,Regular Season,LEAGUE,2511,New England Revolution,Visita,1ST,15/04/2023,,0,51%,0.93,0,10,3,3,,237,7,4,0,0,4,1,4,2,6,4,,0,1,,1,1,192,4,29,,17/36 (47%),2/7 (29%),44%,4,17/33 (52%),1/8 (13%),6/9 (67%),71%,7,5,,2,,3,,,,,5
10952410,242,47955,CALENDAR,REGULAR_SEASON,Regular Season,LEAGUE,2511,New England Revolution,Visita,2ND,15/04/2023,,1,29%,0.44,1,6,3,2,,126,8,5,2,1,4,0,2,0,3,3,,1,0,,1,0,94,8,27,,10/29 (34%),3/5 (60%),51%,4,20/43 (47%),7/10 (70%),7/12 (58%),50%,8,4,,25,,3,,,,,8
10952396,242,47955,CALENDAR,REGULAR_SEASON,Regular Season,LEAGUE,404108,Charlotte FC,Local,ALL,22/04/2023,,1,33%,0.93,1,11,3,3,13,313,18,9,1,,4,0,2,5,8,3,,1,,,2,3,234,19,49,,39/73 (53%),4/14 (29%),49%,8,34/73 (47%),11/19 (58%),7/17 (41%),56%,18,20,,22,,3,0.71,,,,7
10952396,242,47955,CALENDAR,REGULAR_SEASON,Regular Season,LEAGUE,404108,Charlotte FC,Local,1ST,22/04/2023,,1,43%,0.61,1,6,1,3,,192,8,5,1,,2,0,1,3,5,1,,1,,,1,1,153,10,26,,20/38 (53%),2/11 (18%),46%,5,17/37 (46%),6/13 (46%),4/10 (40%),63%,8,11,,9,,1,,,,,4
10952396,242,47955,CALENDAR,REGULAR_SEASON,Regular Season,LEAGUE,404108,Charlotte FC,Local,2ND,22/04/2023,,0,24%,0.32,0,5,2,0,,121,10,4,0,,2,0,1,2,3,2,,0,,,1,2,81,9,23,,19/35 (54%),2/3 (67%),52%,3,17/36 (47%),5/6 (83%),3/7 (43%),50%,10,9,,13,,2,,,,,3
10952396,242,47955,CALENDAR,REGULAR_SEASON,Regular Season,LEAGUE,2504,Columbus Crew,Visita,ALL,22/04/2023,,0,67%,0.93,2,10,3,3,9,654,18,13,1,,3,0,2,5,5,5,,2,,,0,1,571,23,90,,27/58 (47%),3/16 (19%),51%,13,39/73 (53%),8/19 (42%),9/14 (64%),61%,18,8,,10,,3,-0.45,,,,9
10952396,242,47955,CALENDAR,REGULAR_SEASON,Regular Season,LEAGUE,2504,Columbus Crew,Visita,1ST,22/04/2023,,0,57%,0.54,2,3,1,1,,267,11,8,0,,1,0,2,0,2,1,,2,,,0,0,230,11,31,,11/25 (44%),1/5 (20%),54%,5,20/37 (54%),7/13 (54%),2/5 (40%),64%,11,5,,8,,1,,,,,6
10952396,242,47955,CALENDAR,REGULAR_SEASON,Regular Season,LEAGUE,2504,Columbus Crew,Visita,2ND,22/04/2023,,0,76%,0.38,0,7,2,2,,387,7,5,1,,2,0,0,5,3,4,,0,,,0,1,341,12,59,,16/33 (48%),2/11 (18%),48%,8,19/36 (53%),1/6 (17%),7/9 (78%),57%,7,3,,2,,2,,,,,3
11204748,495,48837,CALENDAR,REGULAR,Round 3,CUP,2504,Columbus Crew,Local,ALL,26/04/2023,3,1,65%,0.00,7,21,3,17,7,561,14,8,1,,8,0,6,7,17,4,1,6,3,,2,2,485,18,77,,14/29 (48%),8/33 (24%),55%,7,45/80 (56%),10/20 (50%),23/34 (68%),71%,14,11,,13,,3,,,,,4
11204748,495,48837,CALENDAR,REGULAR,Round 3,CUP,2504,Columbus Crew,Local,1ST,26/04/2023,3,0,68%,0.00,4,13,1,11,,297,6,4,0,,5,0,3,5,11,2,0,4,1,,0,1,258,8,39,,8/15 (53%),4/19 (21%),60%,2,25/40 (63%),7/13 (54%),15/18 (83%),83%,6,4,,4,,1,,,,,2
11204748,495,48837,CALENDAR,REGULAR,Round 3,CUP,2504,Columbus Crew,Local,2ND,26/04/2023,3,1,62%,0.00,3,8,2,6,,264,8,4,1,,3,0,3,2,6,2,1,2,2,,2,1,227,10,38,,6/14 (43%),4/14 (29%),49%,5,20/40 (50%),3/7 (43%),8/16 (50%),63%,8,7,,9,,2,,,,,2
11204748,495,48837,CALENDAR,REGULAR,Round 3,CUP,148992,Indy Eleven,Visita,ALL,26/04/2023,3,0,35%,0.00,0,7,7,4,8,306,18,6,1,,3,0,2,2,3,4,0,0,0,,0,6,221,19,31,,23/53 (43%),0/8 (0%),45%,4,35/80 (44%),10/20 (50%),11/21 (52%),72%,18,19,,39,,7,,,,,11
11204748,495,48837,CALENDAR,REGULAR,Round 3,CUP,148992,Indy Eleven,Visita,1ST,26/04/2023,3,0,32%,0.00,0,4,5,2,,141,5,4,0,,1,0,2,1,2,2,0,0,0,,0,3,108,3,12,,8/22 (36%),0/5 (0%),40%,3,15/40 (38%),6/13 (46%),6/9 (67%),60%,5,8,,21,,5,,,,,6
11204748,495,48837,CALENDAR,REGULAR,Round 3,CUP,148992,Indy Eleven,Visita,2ND,26/04/2023,3,0,38%,0.00,0,3,2,2,,165,13,2,1,,2,0,0,1,1,2,0,0,0,,0,3,113,16,19,,15/31 (48%),0/3 (0%),51%,1,20/40 (50%),4/7 (57%),5/12 (42%),77%,13,11,,18,,2,,,,,5
10952383,242,47955,CALENDAR,REGULAR_SEASON,Regular Season,LEAGUE,2504,Columbus Crew,Local,ALL,29/04/2023,,1,70%,1.34,1,20,3,10,9,671,12,10,1,,8,0,5,7,8,12,0,1,,,3,0,597,15,69,,14/28 (50%),5/26 (19%),59%,6,49/82 (60%),14/25 (56%),27/38 (71%),83%,12,3,,10,,3,0.17,,,,4
10952383,242,47955,CALENDAR,REGULAR_SEASON,Regular Season,LEAGUE,2504,Columbus Crew,Local,1ST,29/04/2023,,1,70%,0.81,1,6,2,5,,331,9,5,1,,3,0,2,1,4,2,0,1,,,0,0,297,6,33,,7/16 (44%),1/11 (9%),58%,1,26/43 (60%),8/16 (50%),12/18 (67%),78%,9,1,,7,,2,,,,,3
10952383,242,47955,CALENDAR,REGULAR_SEASON,Regular Season,LEAGUE,2504,Columbus Crew,Local,2ND,29/04/2023,,0,70%,0.53,0,14,1,5,,340,3,5,0,,5,0,3,6,4,10,0,0,,,3,0,300,9,36,,7/12 (58%),4/15 (27%),60%,5,23/39 (59%),6/9 (67%),15/20 (75%),100%,3,2,,3,,1,,,,,1
10952383,242,47955,CALENDAR,REGULAR_SEASON,Regular Season,LEAGUE,337602,Inter Miami CF,Visita,ALL,29/04/2023,,2,30%,0.72,3,8,7,5,10,287,17,9,3,,5,0,2,1,5,3,2,1,,,1,1,206,17,34,,18/55 (33%),4/13 (31%),41%,6,33/82 (40%),11/25 (44%),7/13 (54%),41%,17,14,,25,,7,0.61,,,,10
10952383,242,47955,CALENDAR,REGULAR_SEASON,Regular Season,LEAGUE,337602,Inter Miami CF,Visita,1ST,29/04/2023,,2,30%,0.60,3,6,2,5,,135,7,6,1,,4,0,1,1,4,2,2,1,,,1,1,103,9,17,,11/22 (50%),3/10 (30%),42%,6,17/43 (40%),8/16 (50%),4/7 (57%),43%,7,1,,11,,2,,,,,3
10952383,242,47955,CALENDAR,REGULAR_SEASON,Regular Season,LEAGUE,337602,Inter Miami CF,Visita,2ND,29/04/2023,,0,30%,0.11,0,2,5,0,,152,10,3,2,,1,0,1,0,1,1,0,0,,,0,0,103,8,17,,7/33 (21%),1/3 (33%),40%,0,16/39 (41%),3/9 (33%),3/6 (50%),40%,10,13,,14,,5,,,,,7
11252721,495,48837,CALENDAR,REGULAR,Round of 32,CUP,310969,Loudoun United FC,Local,ALL,10/05/2023,6,1,33%,0.00,1,5,3,0,8,297,24,11,1,1,3,0,2,0,5,0,1,0,,,1,2,225,14,34,,20/52 (38%),0/1 (0%),64%,5,42/65 (65%),5/9 (56%),7/11 (64%),75%,24,14,,18,,3,,,,,10
11252721,495,48837,CALENDAR,REGULAR,Round of 32,CUP,310969,Loudoun United FC,Local,1ST,10/05/2023,6,0,44%,0.00,0,3,2,0,,198,6,6,0,1,2,0,1,0,3,0,0,0,,,0,1,153,8,19,,14/28 (50%),0/1 (0%),55%,3,14/27 (52%),2/2 (100%),2/3 (67%),50%,6,6,,6,,2,,,,,5
11252721,495,48837,CALENDAR,REGULAR,Round of 32,CUP,310969,Loudoun United FC,Local,2ND,10/05/2023,6,1,22%,0.00,1,2,1,0,,99,18,5,1,0,1,0,1,0,2,0,1,0,,,1,1,72,6,15,,6/24 (25%),0/0 (0%),69%,2,28/38 (74%),3/7 (43%),5/8 (63%),83%,18,8,,12,,1,,,,,5
11252721,495,48837,CALENDAR,REGULAR,Round of 32,CUP,2504,Columbus Crew,Visita,ALL,10/05/2023,6,5,67%,0.00,2,20,2,5,11,601,9,8,1,0,8,1,8,4,16,4,1,1,,,3,2,548,23,76,,37/48 (77%),8/19 (42%),36%,17,23/65 (35%),4/9 (44%),6/13 (46%),44%,9,7,,7,,2,,,,,2
11252721,495,48837,CALENDAR,REGULAR,Round of 32,CUP,2504,Columbus Crew,Visita,1ST,10/05/2023,6,5,56%,0.00,2,13,2,1,,248,4,6,0,0,7,1,4,2,10,3,1,1,,,3,1,224,9,29,,15/22 (68%),2/9 (22%),45%,5,13/27 (48%),0/2 (0%),3/4 (75%),25%,4,7,,6,,2,,,,,1
11252721,495,48837,CALENDAR,REGULAR,Round of 32,CUP,2504,Columbus Crew,Visita,2ND,10/05/2023,6,0,78%,0.00,0,7,0,4,,353,5,2,1,0,1,0,4,2,6,1,0,0,,,0,1,324,14,47,,22/26 (85%),6/10 (60%),31%,12,10/38 (26%),4/7 (57%),3/9 (33%),60%,5,0,,1,,0,,,,,1
10952352,242,47955,CALENDAR,REGULAR_SEASON,Regular Season,LEAGUE,2504,Columbus Crew,Local,ALL,13/05/2023,,2,59%,3.50,4,22,1,6,15,450,11,8,4,,7,0,9,6,14,8,2,2,0,,2,2,382,20,45,,23/41 (56%),2/15 (13%),45%,7,34/74 (46%),8/20 (40%),15/26 (58%),64%,11,13,,8,,1,-1.43,,,,10
10952352,242,47955,CALENDAR,REGULAR_SEASON,Regular Season,LEAGUE,2504,Columbus Crew,Local,1ST,13/05/2023,,2,65%,2.32,3,9,0,3,,252,3,2,2,,2,0,5,2,7,2,2,1,0,,0,0,215,12,19,,13/23 (57%),2/10 (20%),47%,3,15/31 (48%),3/7 (43%),10/14 (71%),100%,3,5,,5,,0,,,,,6
10952352,242,47955,CALENDAR,REGULAR_SEASON,Regular Season,LEAGUE,2504,Columbus Crew,Local,2ND,13/05/2023,,0,53%,1.19,1,13,1,3,,198,8,6,2,,5,0,4,4,7,6,0,1,0,,2,2,167,8,26,,10/18 (56%),0/5 (0%),43%,4,19/43 (44%),5/13 (38%),5/12 (42%),50%,8,8,,3,,1,,,,,4
10952352,242,47955,CALENDAR,REGULAR_SEASON,Regular Season,LEAGUE,52237,Orlando City SC,Visita,ALL,13/05/2023,,2,41%,1.31,3,10,5,5,8,310,18,12,2,,3,0,6,1,7,3,1,2,1,,3,4,226,14,42,,27/65 (42%),3/13 (23%),55%,8,40/74 (54%),12/20 (60%),10/13 (77%),44%,18,9,,23,,5,0.63,,,,11
10952352,242,47955,CALENDAR,REGULAR_SEASON,Regular Season,LEAGUE,52237,Orlando City SC,Visita,1ST,13/05/2023,,0,35%,0.16,0,4,0,1,,136,7,5,1,,0,0,4,0,1,3,0,0,0,,0,3,95,10,20,,11/30 (37%),1/6 (17%),53%,3,16/31 (52%),4/7 (57%),4/4 (100%),43%,7,5,,17,,0,,,,,7
10952352,242,47955,CALENDAR,REGULAR_SEASON,Regular Season,LEAGUE,52237,Orlando City SC,Visita,2ND,13/05/2023,,2,47%,1.15,3,6,5,4,,174,11,7,1,,3,0,2,1,6,0,1,2,1,,3,1,131,4,22,,16/35 (46%),2/7 (29%),57%,5,24/43 (56%),8/13 (62%),6/9 (67%),45%,11,4,,6,,5,,,,,4
10952336,242,47955,CALENDAR,REGULAR_SEASON,Regular Season,LEAGUE,2504,Columbus Crew,Local,ALL,17/05/2023,,2,52%,2.03,2,10,2,1,11,565,9,9,1,,3,0,4,3,10,0,,2,2,,,1,496,13,50,,18/33 (55%),4/9 (44%),52%,6,32/59 (54%),4/10 (40%),14/19 (74%),56%,9,12,,14,,2,0.12,,,,6
10952336,242,47955,CALENDAR,REGULAR_SEASON,Regular Season,LEAGUE,2504,Columbus Crew,Local,1ST,17/05/2023,,2,55%,1.66,2,7,0,1,,279,4,3,0,,3,0,3,1,7,0,,2,2,,,1,247,11,24,,9/12 (75%),4/8 (50%),58%,1,17/26 (65%),2/7 (29%),10/11 (91%),50%,4,5,,11,,0,,,,,1
10952336,242,47955,CALENDAR,REGULAR_SEASON,Regular Season,LEAGUE,2504,Columbus Crew,Local,2ND,17/05/2023,,0,49%,0.36,0,3,2,0,,286,5,6,1,,0,0,1,2,3,0,,0,0,,,0,249,2,26,,9/21 (43%),0/1 (0%),47%,5,15/33 (45%),2/3 (67%),4/8 (50%),60%,5,7,,3,,2,,,,,5
10952336,242,47955,CALENDAR,REGULAR_SEASON,Regular Season,LEAGUE,2513,LA Galaxy,Visita,ALL,17/05/2023,,0,48%,0.53,0,9,1,6,11,514,11,9,2,,2,1,6,1,5,4,,0,0,,,3,433,16,43,,21/41 (51%),3/12 (25%),48%,5,27/59 (46%),6/10 (60%),7/11 (64%),64%,11,9,,5,,1,-0.66,,,,8
10952336,242,47955,CALENDAR,REGULAR_SEASON,Regular Season,LEAGUE,2513,LA Galaxy,Visita,1ST,17/05/2023,,0,45%,0.13,0,2,1,5,,221,2,3,0,,0,0,2,0,1,1,,0,0,,,2,180,11,12,,9/20 (45%),0/6 (0%),42%,1,9/26 (35%),5/7 (71%),4/7 (57%),50%,2,3,,4,,1,,,,,6
10952336,242,47955,CALENDAR,REGULAR_SEASON,Regular Season,LEAGUE,2513,LA Galaxy,Visita,2ND,17/05/2023,,0,51%,0.40,0,7,0,1,,293,9,6,2,,2,1,4,1,4,3,,0,0,,,1,253,5,31,,12/21 (57%),3/6 (50%),53%,4,18/33 (55%),1/3 (33%),3/4 (75%),67%,9,6,,1,,0,,,,,2
10952324,242,47955,CALENDAR,REGULAR_SEASON,Regular Season,LEAGUE,215167,FC Cincinnati,Local,ALL,20/05/2023,,3,34%,2.51,3,10,5,2,7,289,32,14,1,,6,0,3,1,7,3,3,0,1,,4,1,213,15,44,,26/56 (46%),2/5 (40%),56%,6,56/97 (58%),5/11 (45%),10/18 (56%),56%,32,14,,17,,5,0.73,,,,6
10952324,242,47955,CALENDAR,REGULAR_SEASON,Regular Season,LEAGUE,215167,FC Cincinnati,Local,1ST,20/05/2023,,2,39%,1.72,2,5,3,0,,174,20,7,0,,3,0,1,1,4,1,2,0,1,,2,1,133,8,22,,15/31 (48%),0/2 (0%),65%,3,33/48 (69%),2/6 (33%),6/7 (86%),65%,20,8,,7,,3,,,,,3
10952324,242,47955,CALENDAR,REGULAR_SEASON,Regular Season,LEAGUE,215167,FC Cincinnati,Local,2ND,20/05/2023,,1,28%,0.79,1,5,2,2,,115,12,7,1,,3,0,2,0,3,2,1,0,0,,2,0,80,7,22,,11/25 (44%),2/3 (67%),48%,3,23/49 (47%),3/5 (60%),4/11 (36%),42%,12,6,,10,,2,,,,,3
10952324,242,47955,CALENDAR,REGULAR_SEASON,Regular Season,LEAGUE,2504,Columbus Crew,Visita,ALL,20/05/2023,,2,66%,1.44,3,11,2,4,14,561,14,6,1,,7,0,3,1,9,2,2,1,1,,2,0,475,26,74,,17/39 (44%),3/15 (20%),44%,12,41/97 (42%),6/11 (55%),21/41 (51%),57%,14,11,,4,,2,0.42,,,,3
10952324,242,47955,CALENDAR,REGULAR_SEASON,Regular Season,LEAGUE,2504,Columbus Crew,Visita,1ST,20/05/2023,,1,61%,0.58,1,6,1,2,,268,4,1,0,,4,0,1,1,5,1,1,0,1,,0,0,225,17,34,,6/14 (43%),2/4 (50%),35%,7,15/48 (31%),4/6 (67%),10/23 (43%),75%,4,4,,0,,1,,,,,2
10952324,242,47955,CALENDAR,REGULAR_SEASON,Regular Season,LEAGUE,2504,Columbus Crew,Visita,2ND,20/05/2023,,1,72%,0.86,2,5,1,2,,293,10,5,1,,3,0,2,0,4,1,1,1,0,,2,0,250,9,40,,11/25 (44%),1/11 (9%),52%,5,26/49 (53%),2/5 (40%),11/18 (61%),50%,10,7,,4,,1,,,,,1
11274633,495,48837,CALENDAR,REGULAR,Round of 16,CUP,23635,Pittsburgh Riverhounds,Local,ALL,24/05/2023,5,1,25%,0.00,2,9,3,6,11,222,15,8,1,1,2,0,4,3,6,3,1,1,1,,2,4,144,16,39,,24/61 (39%),3/14 (21%),46%,10,24/52 (46%),8/17 (47%),2/4 (50%),60%,15,18,,19,,3,,,,,3
11274633,495,48837,CALENDAR,REGULAR,Round of 16,CUP,23635,Pittsburgh Riverhounds,Local,1ST,24/05/2023,5,1,27%,0.00,1,4,1,1,,122,7,3,0,0,1,0,2,1,2,2,1,0,1,,2,3,86,10,23,,9/21 (43%),1/7 (14%),44%,4,11/25 (44%),3/7 (43%),1/2 (50%),43%,7,10,,5,,1,,,,,1
11274633,495,48837,CALENDAR,REGULAR,Round of 16,CUP,23635,Pittsburgh Riverhounds,Local,2ND,24/05/2023,5,0,23%,0.00,1,5,2,5,,100,8,5,1,1,1,0,2,2,4,1,0,1,0,,0,1,58,6,16,,15/40 (38%),2/7 (29%),49%,6,13/27 (48%),5/10 (50%),1/2 (50%),75%,8,8,,14,,2,,,,,2
11274633,495,48837,CALENDAR,REGULAR,Round of 16,CUP,2504,Columbus Crew,Visita,ALL,24/05/2023,5,0,75%,0.00,0,7,1,8,8,706,12,11,1,0,3,0,2,2,5,2,0,0,0,,0,0,590,26,71,,20/52 (38%),1/16 (6%),54%,11,28/52 (54%),9/17 (53%),6/10 (60%),92%,12,5,,7,,1,,,,,15
11274633,495,48837,CALENDAR,REGULAR,Round of 16,CUP,2504,Columbus Crew,Visita,1ST,24/05/2023,5,0,73%,0.00,0,3,0,3,,361,5,5,0,0,1,0,1,1,2,1,0,0,0,,0,0,305,10,32,,8/24 (33%),0/4 (0%),56%,6,14/25 (56%),4/7 (57%),4/5 (80%),80%,5,2,,4,,0,,,,,11
11274633,495,48837,CALENDAR,REGULAR,Round of 16,CUP,2504,Columbus Crew,Visita,2ND,24/05/2023,5,0,77%,0.00,0,4,1,5,,345,7,6,1,0,2,0,1,1,3,1,0,0,0,,0,0,285,16,39,,12/28 (43%),1/12 (8%),51%,5,14/27 (52%),5/10 (50%),2/5 (40%),100%,7,3,,3,,1,,,,,4
10952298,242,47955,CALENDAR,REGULAR_SEASON,Regular Season,LEAGUE,337612,Nashville SC,Local,ALL,28/05/2023,,3,47%,2.42,5,17,5,6,14,382,14,11,3,,10,0,6,1,12,5,2,3,,,3,4,309,13,54,,35/57 (61%),5/19 (26%),52%,11,36/76 (47%),16/24 (67%),11/15 (73%),64%,14,11,71,11,,5,0.04,,,,4
10952298,242,47955,CALENDAR,REGULAR_SEASON,Regular Season,LEAGUE,337612,Nashville SC,Local,1ST,28/05/2023,,0,55%,0.99,1,9,1,3,,237,8,6,1,,4,0,5,0,6,3,0,1,,,2,1,200,10,30,,18/28 (64%),2/9 (22%),54%,8,21/41 (51%),7/11 (64%),7/10 (70%),75%,8,5,32,5,,1,,,,,1
10952298,242,47955,CALENDAR,REGULAR_SEASON,Regular Season,LEAGUE,337612,Nashville SC,Local,2ND,28/05/2023,,3,39%,1.43,4,8,4,3,,145,6,5,2,,6,0,1,1,6,2,2,2,,,1,3,109,3,24,,17/29 (59%),3/10 (30%),50%,3,15/35 (43%),9/13 (69%),4/5 (80%),50%,6,6,39,6,,4,,,,,3
10952298,242,47955,CALENDAR,REGULAR_SEASON,Regular Season,LEAGUE,2504,Columbus Crew,Visita,ALL,28/05/2023,,1,53%,0.70,0,12,7,5,11,422,15,14,2,,6,0,3,3,6,6,0,0,,,3,1,344,18,41,,23/43 (53%),4/19 (21%),48%,9,40/76 (53%),8/24 (33%),11/16 (69%),53%,15,6,64,15,,7,-0.16,,,,8
10952298,242,47955,CALENDAR,REGULAR_SEASON,Regular Season,LEAGUE,2504,Columbus Crew,Visita,1ST,28/05/2023,,1,45%,0.15,0,4,4,1,,195,11,4,1,,2,0,0,2,1,3,0,0,,,1,1,155,12,12,,16/29 (55%),0/4 (0%),46%,7,20/41 (49%),4/11 (36%),5/6 (83%),55%,11,6,29,7,,4,,,,,5
10952298,242,47955,CALENDAR,REGULAR_SEASON,Regular Season,LEAGUE,2504,Columbus Crew,Visita,2ND,28/05/2023,,0,61%,0.55,0,8,3,4,,227,4,10,1,,4,0,3,1,5,3,0,0,,,2,0,189,6,29,,7/14 (50%),4/15 (27%),50%,2,20/35 (57%),4/13 (31%),6/10 (60%),50%,4,0,35,8,,3,,,,,3
10952300,242,47955,CALENDAR,REGULAR_SEASON,Regular Season,LEAGUE,2504,Columbus Crew,Local,ALL,31/05/2023,,3,63%,1.20,2,17,1,7,6,558,15,4,1,,6,1,6,5,11,6,1,1,0,,0,3,488,27,65,,16/38 (42%),6/26 (23%),48%,3,30/56 (54%),6/19 (32%),11/18 (61%),27%,15,9,46,8,,1,-0.80,,,,7
10952300,242,47955,CALENDAR,REGULAR_SEASON,Regular Season,LEAGUE,2504,Columbus Crew,Local,1ST,31/05/2023,,1,68%,0.75,1,9,0,2,,291,8,2,0,,3,0,4,2,5,4,0,1,0,,0,3,259,14,34,,7/13 (54%),4/12 (33%),44%,1,15/30 (50%),2/9 (22%),5/10 (50%),25%,8,6,22,5,,0,,,,,4
10952300,242,47955,CALENDAR,REGULAR_SEASON,Regular Season,LEAGUE,2504,Columbus Crew,Local,2ND,31/05/2023,,2,59%,0.45,1,8,1,5,,267,7,2,1,,3,1,2,3,6,2,1,0,0,,0,0,229,13,31,,9/25 (36%),2/14 (14%),53%,2,15/26 (58%),4/10 (40%),6/8 (75%),29%,7,3,24,3,,1,,,,,3
10952300,242,47955,CALENDAR,REGULAR_SEASON,Regular Season,LEAGUE,2510,Colorado Rapids,Visita,ALL,31/05/2023,,2,37%,1.23,2,9,3,0,5,332,10,6,1,,3,0,5,1,6,3,1,1,1,,2,6,270,16,43,,33/54 (61%),4/9 (44%),52%,10,26/56 (46%),13/19 (68%),10/15 (67%),50%,10,6,53,27,,3,-1.36,,,,12
10952300,242,47955,CALENDAR,REGULAR_SEASON,Regular Season,LEAGUE,2510,Colorado Rapids,Visita,1ST,31/05/2023,,1,32%,0.91,2,4,2,0,,142,6,4,0,,1,0,3,0,3,1,1,1,1,,1,5,108,7,22,,15/28 (54%),2/3 (67%),56%,6,15/30 (50%),7/9 (78%),5/7 (71%),50%,6,2,24,14,,2,,,,,7
10952300,242,47955,CALENDAR,REGULAR_SEASON,Regular Season,LEAGUE,2510,Colorado Rapids,Visita,2ND,31/05/2023,,1,41%,0.32,0,5,1,0,,190,4,2,1,,2,0,2,1,3,2,0,0,0,,1,1,162,9,21,,18/26 (69%),2/6 (33%),47%,4,11/26 (42%),6/10 (60%),5/8 (63%),50%,4,4,29,13,,1,,,,,5
10952283,242,47955,CALENDAR,REGULAR_SEASON,Regular Season,LEAGUE,2504,Columbus Crew,Local,ALL,03/06/2023,,4,55%,1.76,2,18,2,4,10,515,10,15,1,,7,1,8,3,10,8,2,0,1,,0,5,447,15,58,,37/63 (59%),3/10 (30%),55%,3,38/65 (58%),7/17 (41%),13/17 (76%),60%,10,9,69,13,,2,-1.02,,,,7
10952283,242,47955,CALENDAR,REGULAR_SEASON,Regular Season,LEAGUE,2504,Columbus Crew,Local,1ST,03/06/2023,,3,58%,1.23,2,12,2,2,,270,6,5,0,,5,0,5,2,6,6,2,0,1,,0,4,239,6,35,,25/36 (69%),1/4 (25%),59%,1,19/30 (63%),4/9 (44%),8/10 (80%),67%,6,5,39,5,,2,,,,,2
10952283,242,47955,CALENDAR,REGULAR_SEASON,Regular Season,LEAGUE,2504,Columbus Crew,Local,2ND,03/06/2023,,1,52%,0.53,0,6,0,2,,245,4,10,1,,2,1,3,1,4,2,0,0,0,,0,1,208,9,23,,12/27 (44%),2/6 (33%),51%,2,19/35 (54%),3/8 (38%),5/7 (71%),50%,4,4,30,8,,0,,,,,5
10952283,242,47955,CALENDAR,REGULAR_SEASON,Regular Season,LEAGUE,404108,Charlotte FC,Visita,ALL,03/06/2023,,2,45%,1.30,3,9,3,3,15,424,7,10,3,,4,0,3,2,6,3,2,1,0,,1,1,357,17,65,,27/56 (48%),1/15 (7%),45%,4,27/65 (42%),10/17 (59%),10/16 (63%),14%,7,10,55,6,,3,-1.71,,,,7
10952283,242,47955,CALENDAR,REGULAR_SEASON,Regular Season,LEAGUE,404108,Charlotte FC,Visita,1ST,03/06/2023,,0,42%,0.32,1,4,2,2,,195,3,5,1,,2,0,1,1,2,2,0,1,0,,1,1,164,6,27,,14/28 (50%),0/5 (0%),41%,4,11/30 (37%),5/9 (56%),3/5 (60%),0%,3,8,27,3,,2,,,,,5
10952283,242,47955,CALENDAR,REGULAR_SEASON,Regular Season,LEAGUE,404108,Charlotte FC,Visita,2ND,03/06/2023,,2,48%,0.99,2,5,1,1,,229,4,5,2,,2,0,2,1,4,1,2,0,0,,0,0,193,11,38,,13/28 (46%),1/10 (10%),49%,0,16/35 (46%),5/8 (63%),7/11 (64%),25%,4,2,28,3,,1,,,,,2
10952267,242,47955,CALENDAR,REGULAR_SEASON,Regular Season,LEAGUE,2505,Chicago Fire,Local,ALL,10/06/2023,,1,43%,0.52,1,7,2,1,10,435,19,11,2,,2,0,5,0,5,2,,1,0,,1,7,352,22,49,,18/46 (39%),2/7 (29%),44%,15,35/79 (44%),4/9 (44%),5/7 (71%),68%,19,8,74,9,,2,-1.80,,,,9
10952267,242,47955,CALENDAR,REGULAR_SEASON,Regular Season,LEAGUE,2505,Chicago Fire,Local,1ST,10/06/2023,,0,50%,0.37,1,5,1,1,,235,6,5,1,,1,0,4,0,4,1,,1,0,,0,3,196,15,21,,12/25 (48%),1/5 (20%),42%,4,14/33 (42%),2/5 (40%),3/4 (75%),50%,6,4,33,7,,1,,,,,4
10952267,242,47955,CALENDAR,REGULAR_SEASON,Regular Season,LEAGUE,2505,Chicago Fire,Local,2ND,10/06/2023,,1,37%,0.16,0,2,1,0,,200,13,6,1,,1,0,1,0,1,1,,0,0,,1,4,156,7,28,,6/21 (29%),1/2 (50%),46%,11,21/46 (46%),2/4 (50%),2/3 (67%),77%,13,4,41,2,,1,,,,,5
10952267,242,47955,CALENDAR,REGULAR_SEASON,Regular Season,LEAGUE,2504,Columbus Crew,Visita,ALL,10/06/2023,,2,57%,1.05,1,12,1,1,11,574,17,10,4,,4,0,5,3,7,5,,1,1,,2,2,500,21,70,,20/40 (50%),1/10 (10%),56%,10,44/79 (56%),5/9 (56%),17/26 (65%),59%,17,11,70,5,,1,0.10,,,,9
10952267,242,47955,CALENDAR,REGULAR_SEASON,Regular Season,LEAGUE,2504,Columbus Crew,Visita,1ST,10/06/2023,,0,50%,0.33,0,5,1,1,,237,5,7,2,,1,0,2,2,2,3,,0,0,,2,1,205,13,32,,7/16 (44%),1/8 (13%),58%,4,19/33 (58%),3/5 (60%),7/9 (78%),40%,5,5,29,3,,1,,,,,5
10952267,242,47955,CALENDAR,REGULAR_SEASON,Regular Season,LEAGUE,2504,Columbus Crew,Visita,2ND,10/06/2023,,2,63%,0.72,1,7,0,0,,337,12,3,2,,3,0,3,1,5,2,,1,1,,0,1,295,8,38,,13/24 (54%),0/2 (0%),54%,6,25/46 (54%),2/4 (50%),10/17 (59%),67%,12,6,41,2,,0,,,,,4
10952258,242,47955,CALENDAR,REGULAR_SEASON,Regular Season,LEAGUE,187643,New York City FC,Local,ALL,17/06/2023,,1,53%,1.59,2,13,1,2,13,509,20,11,3,,5,0,6,2,10,3,1,1,0,,2,4,433,20,66,,30/56 (54%),5/13 (38%),54%,7,40/76 (53%),11/19 (58%),10/17 (59%),65%,20,7,61,16,,1,-0.11,,,,8
10952258,242,47955,CALENDAR,REGULAR_SEASON,Regular Season,LEAGUE,187643,New York City FC,Local,1ST,17/06/2023,,0,52%,0.79,1,5,1,0,,276,11,6,1,,1,0,3,1,3,2,0,1,0,,1,3,247,7,30,,17/25 (68%),3/7 (43%),57%,1,24/41 (59%),3/6 (50%),7/11 (64%),64%,11,3,26,9,,1,,,,,5
10952258,242,47955,CALENDAR,REGULAR_SEASON,Regular Season,LEAGUE,187643,New York City FC,Local,2ND,17/06/2023,,1,54%,0.80,1,8,0,2,,233,9,5,2,,4,0,3,1,7,1,1,0,0,,1,1,186,13,36,,13/31 (42%),2/6 (33%),50%,6,16/35 (46%),8/13 (62%),3/6 (50%),67%,9,4,35,7,,0,,,,,3
10952258,242,47955,CALENDAR,REGULAR_SEASON,Regular Season,LEAGUE,2504,Columbus Crew,Visita,ALL,17/06/2023,,1,47%,1.22,3,9,4,6,11,441,14,13,0,,2,0,4,3,6,3,1,2,2,,2,4,360,20,53,,8/41 (20%),1/12 (8%),46%,11,36/76 (47%),8/19 (42%),9/18 (50%),57%,14,7,63,12,,4,-0.10,,,,9
10952258,242,47955,CALENDAR,REGULAR_SEASON,Regular Season,LEAGUE,2504,Columbus Crew,Visita,1ST,17/06/2023,,0,48%,0.58,2,4,1,3,,249,5,6,0,,1,0,2,1,3,1,0,2,1,,1,3,217,12,26,,4/15 (27%),1/8 (13%),43%,7,17/41 (41%),3/6 (50%),6/10 (60%),80%,5,4,26,7,,1,,,,,3
10952258,242,47955,CALENDAR,REGULAR_SEASON,Regular Season,LEAGUE,2504,Columbus Crew,Visita,2ND,17/06/2023,,1,46%,0.65,1,5,3,3,,192,9,7,0,,1,0,2,2,3,2,1,0,1,,1,1,143,8,27,,4/26 (15%),0/4 (0%),50%,4,19/35 (54%),5/13 (38%),3/8 (38%),44%,9,3,37,5,,3,,,,,6
10952240,242,47955,CALENDAR,REGULAR_SEASON,Regular Season,LEAGUE,2504,Columbus Crew,Local,ALL,24/06/2023,,2,52%,1.73,1,16,4,3,7,483,13,13,0,,5,0,4,7,12,4,1,0,1,,2,2,403,21,51,,26/49 (53%),3/10 (30%),52%,9,44/76 (58%),5/18 (28%),18/29 (62%),92%,13,5,59,18,,4,1.03,,,,4
10952240,242,47955,CALENDAR,REGULAR_SEASON,Regular Season,LEAGUE,2504,Columbus Crew,Local,1ST,24/06/2023,,1,60%,1.08,1,9,2,1,,284,7,4,0,,2,0,4,3,7,2,1,0,1,,1,1,239,15,25,,12/25 (48%),2/6 (33%),55%,7,21/35 (60%),1/5 (20%),10/15 (67%),100%,7,2,31,7,,2,,,,,1
10952240,242,47955,CALENDAR,REGULAR_SEASON,Regular Season,LEAGUE,2504,Columbus Crew,Local,2ND,24/06/2023,,1,44%,0.64,0,7,2,2,,199,6,9,0,,3,0,0,4,5,2,0,0,0,,1,1,164,6,26,,14/24 (58%),1/4 (25%),50%,2,23/41 (56%),4/13 (31%),8/14 (57%),83%,6,3,28,11,,2,,,,,3
10952240,242,47955,CALENDAR,REGULAR_SEASON,Regular Season,LEAGUE,337612,Nashville SC,Visita,ALL,24/06/2023,,0,48%,0.46,1,7,4,4,14,435,20,7,2,,4,1,1,2,6,1,0,1,0,,1,4,366,27,54,,24/47 (51%),3/16 (19%),48%,8,32/76 (42%),13/18 (72%),5/10 (50%),50%,20,14,53,17,,4,-0.36,,,,5
10952240,242,47955,CALENDAR,REGULAR_SEASON,Regular Season,LEAGUE,337612,Nashville SC,Visita,1ST,24/06/2023,,0,40%,0.12,0,3,1,0,,190,12,2,0,,2,0,0,1,2,1,0,0,0,,0,3,160,10,27,,7/17 (41%),0/3 (0%),45%,5,14/35 (40%),4/5 (80%),0/2 (0%),50%,12,8,29,10,,1,,,,,4
10952240,242,47955,CALENDAR,REGULAR_SEASON,Regular Season,LEAGUE,337612,Nashville SC,Visita,2ND,24/06/2023,,0,56%,0.34,1,4,3,4,,245,8,5,2,,2,1,1,1,4,0,0,1,0,,1,1,206,17,27,,17/30 (57%),3/13 (23%),50%,3,18/41 (44%),9/13 (69%),5/8 (63%),50%,8,6,24,7,,3,,,,,1
10952224,242,47955,CALENDAR,REGULAR_SEASON,Regular Season,LEAGUE,2504,Columbus Crew,Local,ALL,01/07/2023,,2,60%,1.06,1,6,3,2,9,457,10,16,2,,3,0,2,1,4,2,1,0,,,0,2,377,18,52,,21/52 (40%),0/6 (0%),45%,7,40/81 (49%),7/24 (29%),14/32 (44%),80%,10,8,59,20,,3,0.19,,,,10
10952224,242,47955,CALENDAR,REGULAR_SEASON,Regular Season,LEAGUE,2504,Columbus Crew,Local,1ST,01/07/2023,,1,66%,0.84,1,3,1,1,,239,5,9,0,,2,0,1,0,2,1,1,0,,,0,2,201,7,23,,10/24 (42%),0/5 (0%),50%,2,23/41 (56%),4/13 (31%),9/20 (45%),60%,5,3,33,9,,1,,,,,4
10952224,242,47955,CALENDAR,REGULAR_SEASON,Regular Season,LEAGUE,2504,Columbus Crew,Local,2ND,01/07/2023,,1,54%,0.22,0,3,2,1,,218,5,7,2,,1,0,1,1,2,1,0,0,,,0,0,176,11,29,,11/28 (39%),0/1 (0%),39%,5,17/40 (43%),3/11 (27%),5/12 (42%),100%,5,5,26,11,,2,,,,,6
10952224,242,47955,CALENDAR,REGULAR_SEASON,Regular Season,LEAGUE,2506,New York Red Bulls,Visita,ALL,01/07/2023,,1,40%,1.60,2,13,1,8,17,294,25,8,3,,4,1,3,6,11,2,0,2,,,2,1,221,22,57,,12/38 (32%),5/20 (25%),55%,4,41/81 (51%),17/24 (71%),9/15 (60%),60%,25,6,63,7,,1,-0.98,,,,5
10952224,242,47955,CALENDAR,REGULAR_SEASON,Regular Season,LEAGUE,2506,New York Red Bulls,Visita,1ST,01/07/2023,,1,34%,0.49,1,7,1,3,,118,13,2,1,,2,0,1,4,6,1,0,1,,,0,0,81,13,30,,6/22 (27%),3/9 (33%),50%,1,18/41 (44%),9/13 (69%),4/8 (50%),38%,13,3,31,5,,1,,,,,3
10952224,242,47955,CALENDAR,REGULAR_SEASON,Regular Season,LEAGUE,2506,New York Red Bulls,Visita,2ND,01/07/2023,,0,46%,1.11,1,6,0,5,,176,12,6,2,,2,1,2,2,5,1,0,1,,,2,1,140,9,27,,6/16 (38%),2/11 (18%),61%,3,23/40 (57%),8/11 (73%),5/7 (71%),83%,12,3,32,2,,0,,,,,2
10952208,242,47955,CALENDAR,REGULAR_SEASON,Regular Season,LEAGUE,337602,Inter Miami CF,Local,ALL,04/07/2023,,2,61%,0.83,1,9,1,2,9,574,27,12,1,,5,1,2,2,4,5,1,0,0,,1,2,497,15,46,,22/43 (51%),5/11 (45%),59%,6,48/81 (59%),5/9 (56%),9/13 (69%),59%,27,9,56,12,,1,-1.08,,,,8
10952208,242,47955,CALENDAR,REGULAR_SEASON,Regular Season,LEAGUE,337602,Inter Miami CF,Local,1ST,04/07/2023,,0,53%,0.05,0,2,0,1,,248,18,6,0,,1,0,0,1,0,2,0,0,0,,0,1,208,5,21,,7/19 (37%),0/3 (0%),56%,3,25/44 (57%),3/6 (50%),1/2 (50%),50%,18,2,29,11,,0,,,,,3
10952208,242,47955,CALENDAR,REGULAR_SEASON,Regular Season,LEAGUE,337602,Inter Miami CF,Local,2ND,04/07/2023,,2,69%,0.78,1,7,1,1,,326,9,6,1,,4,1,2,1,4,3,1,0,0,,1,1,289,10,25,,15/24 (63%),5/8 (63%),63%,3,23/37 (62%),2/3 (67%),8/11 (73%),78%,9,7,27,1,,1,,,,,5
10952208,242,47955,CALENDAR,REGULAR_SEASON,Regular Season,LEAGUE,2504,Columbus Crew,Visita,ALL,04/07/2023,,2,39%,2.32,5,13,3,5,12,354,10,9,2,,4,0,7,2,8,5,1,4,1,,2,4,302,14,44,,18/28 (64%),6/15 (40%),41%,10,33/81 (41%),4/9 (44%),14/31 (45%),50%,10,10,56,12,,3,-0.60,,,,6
10952208,242,47955,CALENDAR,REGULAR_SEASON,Regular Season,LEAGUE,2504,Columbus Crew,Visita,1ST,04/07/2023,,1,47%,0.54,1,6,1,4,,209,4,6,1,,2,0,3,1,4,2,0,1,1,,1,4,185,7,31,,12/16 (75%),4/10 (40%),44%,7,19/44 (43%),3/6 (50%),9/20 (45%),50%,4,5,28,7,,1,,,,,2
10952208,242,47955,CALENDAR,REGULAR_SEASON,Regular Season,LEAGUE,2504,Columbus Crew,Visita,2ND,04/07/2023,,1,31%,1.78,4,7,2,1,,145,6,3,1,,2,0,4,1,4,3,1,3,0,,1,0,117,7,13,,6/12 (50%),2/5 (40%),37%,3,14/37 (38%),1/3 (33%),5/11 (45%),50%,6,5,28,5,,2,,,,,4
10952204,242,47955,CALENDAR,REGULAR_SEASON,Regular Season,LEAGUE,2504,Columbus Crew,Local,ALL,08/07/2023,,1,61%,0.55,0,12,8,3,14,522,8,8,7,1,4,0,5,3,8,4,,0,0,,3,2,460,18,57,,24/37 (65%),6/17 (35%),39%,7,26/72 (36%),8/16 (50%),10/25 (40%),50%,8,12,53,6,,8,1.47,,,,5
10952204,242,47955,CALENDAR,REGULAR_SEASON,Regular Season,LEAGUE,2504,Columbus Crew,Local,1ST,08/07/2023,,0,59%,0.25,0,4,3,1,,285,5,2,2,0,2,0,2,0,4,0,,0,0,,0,2,257,5,30,,6/13 (46%),1/4 (25%),38%,4,9/30 (30%),6/9 (67%),2/9 (22%),40%,5,5,27,3,,3,,,,,3
10952204,242,47955,CALENDAR,REGULAR_SEASON,Regular Season,LEAGUE,2504,Columbus Crew,Local,2ND,08/07/2023,,1,62%,0.30,0,8,5,2,,237,3,6,5,1,2,0,3,3,4,4,,0,0,,3,0,203,13,27,,18/24 (75%),5/13 (38%),39%,3,17/42 (40%),2/7 (29%),8/16 (50%),67%,3,7,26,3,,5,,,,,2
10952204,242,47955,CALENDAR,REGULAR_SEASON,Regular Season,LEAGUE,187643,New York City FC,Visita,ALL,08/07/2023,,1,39%,1.74,5,15,3,6,8,340,22,14,4,0,9,0,4,2,12,3,,5,2,,2,4,276,2,33,,24/42 (57%),7/13 (54%),61%,6,46/72 (64%),8/16 (50%),10/12 (83%),45%,22,8,61,30,,3,-0.51,,,,9
10952204,242,47955,CALENDAR,REGULAR_SEASON,Regular Season,LEAGUE,187643,New York City FC,Visita,1ST,08/07/2023,,0,41%,0.60,1,5,2,2,,195,11,9,1,0,3,0,1,1,4,1,,1,2,,1,3,159,1,22,,14/25 (56%),3/6 (50%),62%,4,21/30 (70%),3/9 (33%),1/2 (50%),36%,11,5,30,8,,2,,,,,3
10952204,242,47955,CALENDAR,REGULAR_SEASON,Regular Season,LEAGUE,187643,New York City FC,Visita,2ND,08/07/2023,,1,38%,1.14,4,10,1,4,,145,11,5,3,0,6,0,3,1,8,2,,4,0,,1,1,117,1,11,,10/17 (59%),4/7 (57%),61%,2,25/42 (60%),5/7 (71%),9/10 (90%),55%,11,3,31,22,,1,,,,,6
10952173,242,47955,CALENDAR,REGULAR_SEASON,Regular Season,LEAGUE,22007,Portland Timbers,Local,ALL,15/07/2023,,3,38%,1.50,3,12,2,4,18,313,21,7,3,,5,1,5,2,10,2,2,1,0,,0,1,231,19,61,,35/65 (54%),3/16 (19%),42%,7,39/89 (44%),7/20 (35%),11/21 (52%),71%,21,11,69,16,,2,-0.37,,,,7
10952173,242,47955,CALENDAR,REGULAR_SEASON,Regular Season,LEAGUE,22007,Portland Timbers,Local,1ST,15/07/2023,,2,37%,0.60,1,5,0,3,,143,10,2,0,,3,0,1,1,4,1,1,0,0,,0,0,101,15,29,,17/34 (50%),1/7 (14%),49%,4,21/41 (51%),3/8 (38%),9/11 (82%),70%,10,4,30,6,,0,,,,,3
10952173,242,47955,CALENDAR,REGULAR_SEASON,Regular Season,LEAGUE,22007,Portland Timbers,Local,2ND,15/07/2023,,1,39%,0.90,2,7,2,1,,170,11,5,3,,2,1,4,1,6,1,1,1,0,,0,1,130,4,32,,18/31 (58%),2/9 (22%),37%,3,18/48 (38%),4/12 (33%),2/10 (20%),73%,11,7,39,10,,2,,,,,4
10952173,242,47955,CALENDAR,REGULAR_SEASON,Regular Season,LEAGUE,2504,Columbus Crew,Visita,ALL,15/07/2023,,2,62%,2.25,2,17,2,7,7,519,17,17,1,,5,0,7,5,12,5,1,1,1,,3,1,448,14,59,,19/47 (40%),7/18 (39%),58%,12,50/89 (56%),13/20 (65%),16/25 (64%),47%,17,17,62,9,,2,-0.69,,,,7
10952173,242,47955,CALENDAR,REGULAR_SEASON,Regular Season,LEAGUE,2504,Columbus Crew,Visita,1ST,15/07/2023,,1,63%,1.40,1,8,1,3,,251,6,8,0,,1,0,4,3,5,3,1,0,0,,2,1,218,7,23,,8/24 (33%),3/8 (38%),51%,5,20/41 (49%),5/8 (63%),6/11 (55%),67%,6,10,27,5,,1,,,,,2
10952173,242,47955,CALENDAR,REGULAR_SEASON,Regular Season,LEAGUE,2504,Columbus Crew,Visita,2ND,15/07/2023,,1,61%,0.85,1,9,1,4,,268,11,9,1,,4,0,3,2,7,2,0,1,1,,1,0,230,7,36,,11/23 (48%),4/10 (40%),63%,7,30/48 (63%),8/12 (67%),10/14 (71%),36%,11,7,35,4,,1,,,,,5
11156302,13783,49648,CALENDAR,GROUP,"Leagues Cup, Group Central 1",CUP,2504,Columbus Crew,Local,ALL,23/07/2023,1,2,61%,1.64,,17,3,8,8,493,4,3,2,0,7,0,4,6,12,5,,,5,27,,2,427,29,,44/58 (76%),31/48 (64%),3/8 (37%),44%,6,51/130 (39%),16/22 (73%),28/44 (64%),,4,15,,11,2,3,,1,1,,5
11156302,13783,49648,CALENDAR,GROUP,"Leagues Cup, Group Central 1",CUP,2504,Columbus Crew,Local,1ST,23/07/2023,1,,,,,,,,,,,,,,,,,,,,,,,,,,,,,,,,,,,,,,,,,,,,,,,,
11156302,13783,49648,CALENDAR,GROUP,"Leagues Cup, Group Central 1",CUP,2504,Columbus Crew,Local,2ND,23/07/2023,1,,,,,,,,,,,,,,,,,,,,,,,,,,,,,,,,,,,,,,,,,,,,,,,,
11156302,13783,49648,CALENDAR,GROUP,"Leagues Cup, Group Central 1",CUP,407803,St.Louis City,Visita,ALL,23/07/2023,1,1,39%,0.66,,11,6,4,15,285,5,5,2,0,2,0,3,5,6,5,,,3,16,,2,213,14,,19/31 (61%),22/45 (48%),3/13 (23%),28%,3,41/144 (28%),5/19 (26%),11/17 (65%),,5,21,,13,1,6,,5,0,,6
11156302,13783,49648,CALENDAR,GROUP,"Leagues Cup, Group Central 1",CUP,407803,St.Louis City,Visita,1ST,23/07/2023,1,,,,,,,,,,,,,,,,,,,,,,,,,,,,,,,,,,,,,,,,,,,,,,,,
11156302,13783,49648,CALENDAR,GROUP,"Leagues Cup, Group Central 1",CUP,407803,St.Louis City,Visita,2ND,23/07/2023,1,,,,,,,,,,,,,,,,,,,,,,,,,,,,,,,,,,,,,,,,,,,,,,,,
11156304,13783,49648,CALENDAR,GROUP,"Leagues Cup, Group Central 1",CUP,2504,Columbus Crew,Local,ALL,31/07/2023,3,4,49%,1.82,,10,8,0,11,515,3,1,0,0,6,1,3,0,8,2,,,0,12,,1,459,8,,48/59 (81%),19/30 (63%),3/11 (27%),35%,5,44/122 (36%),4/14 (29%),17/23 (74%),,3,16,,6,1,8,,1,,,5
11156304,13783,49648,CALENDAR,GROUP,"Leagues Cup, Group Central 1",CUP,2504,Columbus Crew,Local,1ST,31/07/2023,3,,,,,,,,,,,,,,,,,,,,,,,,,,,,,,,,,,,,,,,,,,,,,,,,
11156304,13783,49648,CALENDAR,GROUP,"Leagues Cup, Group Central 1",CUP,2504,Columbus Crew,Local,2ND,31/07/2023,3,,,,,,,,,,,,,,,,,,,,,,,,,,,,,,,,,,,,,,,,,,,,,,,,
11156304,13783,49648,CALENDAR,GROUP,"Leagues Cup, Group Central 1",CUP,1939,Club América,Visita,ALL,31/07/2023,3,1,51%,1.11,,14,2,1,13,548,2,3,0,0,9,0,4,1,7,7,,,4,14,,4,489,17,,38/50 (76%),32/56 (57%),3/10 (30%),31%,5,31/118 (26%),10/13 (77%),6/11 (55%),,2,13,,6,4,2,,3,,,8
11156304,13783,49648,CALENDAR,GROUP,"Leagues Cup, Group Central 1",CUP,1939,Club América,Visita,1ST,31/07/2023,3,,,,,,,,,,,,,,,,,,,,,,,,,,,,,,,,,,,,,,,,,,,,,,,,
11156304,13783,49648,CALENDAR,GROUP,"Leagues Cup, Group Central 1",CUP,1939,Club América,Visita,2ND,31/07/2023,3,,,,,,,,,,,,,,,,,,,,,,,,,,,,,,,,,,,,,,,,,,,,,,,,
11494706,13783,49648,CALENDAR,REGULAR,Round of 32,CUP,2504,Columbus Crew,Local,ALL,04/08/2023,6,3,71%,2.00,,19,1,8,5,610,2,1,3,0,8,1,5,5,12,7,,,1,32,,2,534,16,,62/75 (83%),18/31 (58%),10/27 (37%),37%,5,34/100 (34%),9/16 (56%),11/16 (69%),,2,21,,3,4,1,,0,,,7
11494706,13783,49648,CALENDAR,REGULAR,Round of 32,CUP,2504,Columbus Crew,Local,1ST,04/08/2023,6,,,,,,,,,,,,,,,,,,,,,,,,,,,,,,,,,,,,,,,,,,,,,,,,
11494706,13783,49648,CALENDAR,REGULAR,Round of 32,CUP,2504,Columbus Crew,Local,2ND,04/08/2023,6,,,,,,,,,,,,,,,,,,,,,,,,,,,,,,,,,,,,,,,,,,,,,,,,
11494706,13783,49648,CALENDAR,REGULAR,Round of 32,CUP,41618,Minnesota United,Visita,ALL,04/08/2023,6,3,29%,1.38,,13,6,4,8,268,2,1,2,0,4,0,3,6,9,4,,,0,15,,1,214,12,,18/29 (62%),14/24 (58%),3/9 (33%),32%,2,29/100 (29%),8/15 (53%),14/24 (58%),,2,26,,20,0,6,,5,,,14
11494706,13783,49648,CALENDAR,REGULAR,Round of 32,CUP,41618,Minnesota United,Visita,1ST,04/08/2023,6,,,,,,,,,,,,,,,,,,,,,,,,,,,,,,,,,,,,,,,,,,,,,,,,
11494706,13783,49648,CALENDAR,REGULAR,Round of 32,CUP,41618,Minnesota United,Visita,2ND,04/08/2023,6,,,,,,,,,,,,,,,,,,,,,,,,,,,,,,,,,,,,,,,,,,,,,,,,
10952164,242,47955,CALENDAR,REGULAR_SEASON,Regular Season,LEAGUE,2504,Columbus Crew,Local,ALL,20/08/2023,,3,61%,2.39,4,13,3,6,12,580,11,6,0,,9,0,4,0,7,6,1,3,1,,1,0,515,11,55,,15/30 (50%),3/14 (21%),40%,8,25/58 (43%),3/12 (25%),8/13 (62%),64%,11,10,58,13,,3,0.22,,,,7
10952164,242,47955,CALENDAR,REGULAR_SEASON,Regular Season,LEAGUE,2504,Columbus Crew,Local,1ST,20/08/2023,,2,64%,1.31,2,6,2,2,,306,8,4,0,,4,0,2,0,3,3,1,1,1,,1,0,273,3,25,,7/16 (44%),2/7 (29%),50%,5,16/31 (52%),2/5 (40%),4/7 (57%),63%,8,3,33,6,,2,,,,,3
10952164,242,47955,CALENDAR,REGULAR_SEASON,Regular Season,LEAGUE,2504,Columbus Crew,Local,2ND,20/08/2023,,1,59%,1.08,2,7,1,4,,274,3,2,0,,5,0,2,0,4,3,0,2,0,,0,0,242,8,30,,8/14 (57%),1/7 (14%),29%,3,9/27 (33%),1/7 (14%),4/6 (67%),67%,3,7,25,7,,1,,,,,4
10952164,242,47955,CALENDAR,REGULAR_SEASON,Regular Season,LEAGUE,215167,FC Cincinnati,Visita,ALL,20/08/2023,,0,39%,0.34,1,6,6,4,7,361,13,10,2,,4,0,1,1,4,2,0,1,0,,0,5,291,16,44,,19/36 (53%),2/13 (15%),60%,6,33/58 (57%),9/12 (75%),10/15 (67%),62%,13,10,52,14,,6,-0.46,,,,9
10952164,242,47955,CALENDAR,REGULAR_SEASON,Regular Season,LEAGUE,215167,FC Cincinnati,Visita,1ST,20/08/2023,,0,36%,0.24,1,3,2,0,,172,8,3,1,,3,0,0,0,2,1,0,1,0,,0,3,140,7,19,,11/21 (52%),1/4 (25%),50%,4,15/31 (48%),3/5 (60%),4/8 (50%),50%,8,7,30,3,,2,,,,,4
10952164,242,47955,CALENDAR,REGULAR_SEASON,Regular Season,LEAGUE,215167,FC Cincinnati,Visita,2ND,20/08/2023,,0,41%,0.10,0,3,4,4,,189,5,7,1,,1,0,1,1,2,1,0,0,0,,0,2,151,9,25,,8/15 (53%),1/9 (11%),71%,2,18/27 (67%),6/7 (86%),6/7 (86%),80%,5,3,22,11,,4,,,,,5
10952153,242,47955,CALENDAR,REGULAR_SEASON,Regular Season,LEAGUE,2504,Columbus Crew,Local,ALL,26/08/2023,,2,60%,2.85,3,31,3,10,9,593,15,3,1,,8,0,13,10,22,9,2,1,3,,1,1,535,15,73,,19/30 (63%),8/24 (33%),46%,7,22/48 (46%),6/13 (46%),4/10 (40%),67%,15,5,61,9,,3,0.63,,,,6
10952153,242,47955,CALENDAR,REGULAR_SEASON,Regular Season,LEAGUE,2504,Columbus Crew,Local,1ST,26/08/2023,,1,54%,1.66,2,17,0,5,,261,8,1,1,,4,0,7,6,13,4,1,1,3,,0,1,235,7,32,,8/16 (50%),6/14 (43%),39%,4,10/26 (38%),3/7 (43%),1/3 (33%),88%,8,2,29,5,,0,,,,,4
10952153,242,47955,CALENDAR,REGULAR_SEASON,Regular Season,LEAGUE,2504,Columbus Crew,Local,2ND,26/08/2023,,1,65%,1.19,1,14,3,5,,332,7,2,0,,4,0,6,4,9,5,1,0,0,,1,0,300,8,41,,11/14 (79%),2/10 (20%),54%,3,12/22 (55%),3/6 (50%),3/7 (43%),43%,7,3,32,4,,3,,,,,2
10952153,242,47955,CALENDAR,REGULAR_SEASON,Regular Season,LEAGUE,7080,Toronto FC,Visita,ALL,26/08/2023,,0,40%,1.23,3,9,6,3,3,407,13,9,1,,3,1,5,1,6,3,0,3,1,,1,3,347,11,37,,29/50 (58%),3/6 (50%),54%,4,26/48 (54%),7/13 (54%),4/15 (27%),85%,13,7,54,17,,6,-0.05,,,,14
10952153,242,47955,CALENDAR,REGULAR_SEASON,Regular Season,LEAGUE,7080,Toronto FC,Visita,1ST,26/08/2023,,0,46%,0.36,2,3,3,0,,227,6,7,1,,0,1,3,0,2,1,0,2,0,,1,2,194,8,18,,15/28 (54%),0/0 (0%),61%,2,16/26 (62%),4/7 (57%),3/9 (33%),83%,6,4,27,5,,3,,,,,6
10952153,242,47955,CALENDAR,REGULAR_SEASON,Regular Season,LEAGUE,7080,Toronto FC,Visita,2ND,26/08/2023,,0,35%,0.86,1,6,3,3,,180,7,2,0,,3,0,2,1,4,2,0,1,1,,0,1,153,3,19,,14/22 (64%),3/6 (50%),46%,2,10/22 (45%),3/6 (50%),1/6 (17%),86%,7,3,27,12,,3,,,,,8
10952131,242,47955,CALENDAR,REGULAR_SEASON,Regular Season,LEAGUE,2508,Houston Dynamo,Local,ALL,30/08/2023,,2,45%,1.99,6,11,3,5,11,382,13,11,3,,6,1,4,1,9,2,2,4,4,,3,1,323,21,37,,27/43 (63%),3/11 (27%),49%,9,33/67 (49%),6/13 (46%),10/14 (71%),92%,13,10,47,21,,3,0.25,,,,7
10952131,242,47955,CALENDAR,REGULAR_SEASON,Regular Season,LEAGUE,2508,Houston Dynamo,Local,1ST,30/08/2023,,1,49%,1.65,4,8,1,1,,223,9,6,0,,5,1,3,0,6,2,1,3,2,,1,0,195,9,21,,14/22 (64%),1/3 (33%),55%,3,20/36 (56%),3/6 (50%),5/7 (71%),89%,9,4,26,7,,1,,,,,4
10952131,242,47955,CALENDAR,REGULAR_SEASON,Regular Season,LEAGUE,2508,Houston Dynamo,Local,2ND,30/08/2023,,1,41%,0.34,2,3,2,4,,159,4,5,3,,1,0,1,1,3,0,1,1,2,,2,1,128,12,16,,13/21 (62%),2/8 (25%),42%,6,13/31 (42%),3/7 (43%),5/7 (71%),100%,4,6,21,14,,2,,,,,3
10952131,242,47955,CALENDAR,REGULAR_SEASON,Regular Season,LEAGUE,2504,Columbus Crew,Visita,ALL,30/08/2023,,0,55%,0.65,1,10,4,12,13,455,13,11,2,,3,0,4,3,8,2,0,1,0,,2,1,397,22,54,,26/39 (67%),7/28 (25%),51%,6,34/67 (51%),7/13 (54%),10/17 (59%),54%,13,10,51,12,,4,1.26,,,,8
10952131,242,47955,CALENDAR,REGULAR_SEASON,Regular Season,LEAGUE,2504,Columbus Crew,Visita,1ST,30/08/2023,,0,51%,0.43,1,4,4,4,,229,5,6,1,,1,0,2,1,3,1,0,1,0,,0,1,205,10,21,,6/13 (46%),2/8 (25%),45%,4,16/36 (44%),3/6 (50%),5/10 (50%),60%,5,6,29,4,,4,,,,,4
10952131,242,47955,CALENDAR,REGULAR_SEASON,Regular Season,LEAGUE,2504,Columbus Crew,Visita,2ND,30/08/2023,,0,59%,0.22,0,6,0,8,,226,8,5,1,,2,0,2,2,5,1,0,0,0,,2,0,192,12,33,,20/26 (77%),5/20 (25%),58%,2,18/31 (58%),4/7 (57%),5/7 (71%),50%,8,4,22,8,,0,,,,,4
10952128,242,47955,CALENDAR,REGULAR_SEASON,Regular Season,LEAGUE,22006,CF Montréal,Local,ALL,02/09/2023,,2,47%,2.05,4,13,1,4,9,407,19,9,2,,6,1,5,2,11,2,2,2,1,,2,3,310,19,56,,28/57 (49%),7/17 (41%),51%,12,35/69 (51%),7/13 (54%),7/13 (54%),37%,19,15,79,4,,1,-1.25,,,,6
10952128,242,47955,CALENDAR,REGULAR_SEASON,Regular Season,LEAGUE,22006,CF Montréal,Local,1ST,02/09/2023,,0,47%,0.93,1,4,1,2,,207,9,4,1,,1,1,3,0,4,0,0,1,1,,1,2,158,10,28,,14/28 (50%),2/6 (33%),49%,7,18/37 (49%),5/10 (50%),5/8 (63%),22%,9,6,37,2,,1,,,,,4
10952128,242,47955,CALENDAR,REGULAR_SEASON,Regular Season,LEAGUE,22006,CF Montréal,Local,2ND,02/09/2023,,2,47%,1.12,3,9,0,2,,200,10,5,1,,5,0,2,2,7,2,2,1,0,,1,1,152,9,28,,14/29 (48%),5/11 (45%),54%,5,17/32 (53%),2/3 (67%),2/5 (40%),50%,10,9,42,2,,0,,,,,2
10952128,242,47955,CALENDAR,REGULAR_SEASON,Regular Season,LEAGUE,2504,Columbus Crew,Visita,ALL,02/09/2023,,4,53%,2.43,4,11,4,1,9,478,18,8,3,,4,0,4,3,8,3,3,1,0,,3,0,386,22,44,,24/53 (45%),2/11 (18%),49%,8,34/69 (49%),6/13 (46%),8/19 (42%),72%,18,10,72,11,,4,-0.66,,,,14
10952128,242,47955,CALENDAR,REGULAR_SEASON,Regular Season,LEAGUE,2504,Columbus Crew,Visita,1ST,02/09/2023,,3,53%,1.60,3,9,1,1,,242,10,4,1,,3,0,4,2,6,3,2,1,0,,1,0,197,12,23,,12/26 (46%),2/7 (29%),51%,2,19/37 (51%),5/10 (50%),5/12 (42%),70%,10,2,38,6,,1,,,,,5
10952128,242,47955,CALENDAR,REGULAR_SEASON,Regular Season,LEAGUE,2504,Columbus Crew,Visita,2ND,02/09/2023,,1,53%,0.83,1,2,3,0,,236,8,4,2,,1,0,0,1,2,0,1,0,0,,2,0,189,10,21,,12/27 (44%),0/4 (0%),46%,6,15/32 (47%),1/3 (33%),3/7 (43%),75%,8,8,34,5,,3,,,,,9
10952106,242,47955,CALENDAR,REGULAR_SEASON,Regular Season,LEAGUE,52237,Orlando City SC,Local,ALL,16/09/2023,,4,48%,1.90,3,14,7,2,12,427,7,16,1,,7,0,5,2,9,5,2,1,1,,2,1,355,17,44,,31/47 (66%),4/15 (27%),51%,5,24/52 (46%),11/17 (65%),3/8 (38%),100%,7,9,48,15,,7,0.95,,,,5
10952106,242,47955,CALENDAR,REGULAR_SEASON,Regular Season,LEAGUE,52237,Orlando City SC,Local,1ST,16/09/2023,,0,54%,0.80,1,4,5,2,,260,1,5,0,,1,0,3,0,3,1,0,1,0,,0,0,222,9,21,,16/25 (64%),1/7 (14%),37%,4,7/25 (28%),4/5 (80%),2/5 (40%),100%,1,5,25,6,,5,,,,,4
10952106,242,47955,CALENDAR,REGULAR_SEASON,Regular Season,LEAGUE,52237,Orlando City SC,Local,2ND,16/09/2023,,4,40%,1.10,2,10,2,0,,167,6,11,1,,6,0,2,2,6,4,2,0,1,,2,1,133,8,23,,15/22 (68%),3/8 (38%),62%,1,17/27 (63%),7/12 (58%),1/3 (33%),100%,6,4,23,9,,2,,,,,1
10952106,242,47955,CALENDAR,REGULAR_SEASON,Regular Season,LEAGUE,2504,Columbus Crew,Visita,ALL,16/09/2023,,3,52%,3.89,4,15,3,9,16,477,10,9,1,,10,0,4,1,13,2,3,1,3,,1,0,405,12,45,,11/36 (31%),1/11 (9%),49%,4,28/52 (54%),6/17 (35%),9/12 (75%),70%,10,7,54,16,,3,-0.82,,,,5
10952106,242,47955,CALENDAR,REGULAR_SEASON,Regular Season,LEAGUE,2504,Columbus Crew,Visita,1ST,16/09/2023,,1,46%,2.25,2,9,1,3,,221,7,6,0,,6,0,3,0,7,2,1,1,2,,0,0,181,7,18,,6/21 (29%),0/4 (0%),63%,1,18/25 (72%),1/5 (20%),5/5 (100%),71%,7,6,30,7,,1,,,,,3
10952106,242,47955,CALENDAR,REGULAR_SEASON,Regular Season,LEAGUE,2504,Columbus Crew,Visita,2ND,16/09/2023,,2,60%,1.64,2,6,2,6,,256,3,3,1,,4,0,1,1,6,0,2,0,1,,1,0,224,5,27,,5/15 (33%),1/7 (14%),38%,3,10/27 (37%),5/12 (42%),4/7 (57%),67%,3,1,24,9,,2,,,,,2
10952093,242,47955,CALENDAR,REGULAR_SEASON,Regular Season,LEAGUE,2504,Columbus Crew,Local,ALL,20/09/2023,,3,66%,2.42,2,17,1,6,6,663,15,13,0,0,4,0,10,3,12,5,2,0,2,,4,1,609,6,51,,20/32 (63%),6/8 (75%),58%,5,32/57 (56%),7/10 (70%),4/9 (44%),53%,15,5,54,7,,1,0.04,,,,5
10952093,242,47955,CALENDAR,REGULAR_SEASON,Regular Season,LEAGUE,2504,Columbus Crew,Local,1ST,20/09/2023,,3,68%,1.79,2,8,0,3,,323,8,8,0,0,4,0,4,0,6,2,2,0,1,,2,1,291,1,21,,9/18 (50%),4/6 (67%),59%,0,20/33 (61%),2/4 (50%),4/6 (67%),50%,8,3,30,2,,0,,,,,3
10952093,242,47955,CALENDAR,REGULAR_SEASON,Regular Season,LEAGUE,2504,Columbus Crew,Local,2ND,20/09/2023,,0,65%,0.63,0,9,1,3,,340,7,5,0,0,0,0,6,3,6,3,0,0,1,,2,0,318,5,30,,11/14 (79%),2/2 (100%),57%,5,12/24 (50%),5/6 (83%),0/3 (0%),57%,7,2,24,5,,1,,,,,2
10952093,242,47955,CALENDAR,REGULAR_SEASON,Regular Season,LEAGUE,2505,Chicago Fire,Visita,ALL,20/09/2023,,0,34%,0.40,1,8,2,3,14,331,10,6,7,1,1,0,4,3,3,5,0,1,0,,0,2,273,13,37,,19/43 (44%),3/9 (33%),42%,9,25/57 (44%),3/10 (30%),9/15 (60%),70%,10,7,46,9,,2,-0.58,,,,10
10952093,242,47955,CALENDAR,REGULAR_SEASON,Regular Season,LEAGUE,2505,Chicago Fire,Visita,1ST,20/09/2023,,0,32%,0.26,1,5,1,0,,155,2,4,4,0,0,0,3,2,2,3,0,1,0,,0,1,127,6,18,,8/20 (40%),1/3 (33%),41%,6,13/33 (39%),2/4 (50%),7/9 (78%),100%,2,3,23,7,,1,,,,,4
10952093,242,47955,CALENDAR,REGULAR_SEASON,Regular Season,LEAGUE,2505,Chicago Fire,Visita,2ND,20/09/2023,,0,35%,0.14,0,3,1,3,,176,8,2,3,1,1,0,1,1,1,2,0,0,0,,0,1,146,7,19,,11/23 (48%),2/6 (33%),43%,3,12/24 (50%),1/6 (17%),2/6 (33%),63%,8,4,23,2,,1,,,,,6
10952076,242,47955,CALENDAR,REGULAR_SEASON,Regular Season,LEAGUE,2512,FC Dallas,Local,ALL,23/09/2023,,1,47%,1.24,3,8,4,3,6,445,15,8,2,,2,0,2,4,6,2,1,2,2,,1,4,378,17,33,,22/51 (43%),4/15 (27%),54%,6,28/49 (57%),7/16 (44%),5/9 (56%),60%,15,7,52,8,,4,-0.83,,,,11
10952076,242,47955,CALENDAR,REGULAR_SEASON,Regular Season,LEAGUE,2512,FC Dallas,Local,1ST,23/09/2023,,1,47%,0.91,2,4,3,2,,245,7,4,0,,2,0,0,2,4,0,1,1,1,,0,1,211,9,15,,10/24 (42%),2/4 (50%),52%,3,13/22 (59%),1/5 (20%),2/5 (40%),71%,7,4,23,5,,3,,,,,4
10952076,242,47955,CALENDAR,REGULAR_SEASON,Regular Season,LEAGUE,2512,FC Dallas,Local,2ND,23/09/2023,,0,47%,0.34,1,4,1,1,,200,8,4,2,,0,0,2,2,2,2,0,1,1,,1,3,167,8,18,,12/27 (44%),2/11 (18%),55%,3,15/27 (56%),6/11 (55%),3/4 (75%),50%,8,3,29,3,,1,,,,,7
10952076,242,47955,CALENDAR,REGULAR_SEASON,Regular Season,LEAGUE,2504,Columbus Crew,Visita,ALL,23/09/2023,,1,53%,0.82,1,13,1,8,9,501,10,6,2,,5,1,5,3,5,8,0,1,1,,1,2,440,16,58,,12/27 (44%),3/17 (18%),46%,8,21/49 (43%),9/16 (56%),5/12 (42%),50%,10,10,55,10,,1,0.03,,,,2
10952076,242,47955,CALENDAR,REGULAR_SEASON,Regular Season,LEAGUE,2504,Columbus Crew,Visita,1ST,23/09/2023,,1,53%,0.62,1,9,1,6,,268,6,2,0,,4,0,2,3,5,4,0,1,1,,0,1,235,9,31,,5/17 (29%),2/9 (22%),48%,4,9/22 (41%),4/5 (80%),1/4 (25%),33%,6,7,27,2,,1,,,,,0
10952076,242,47955,CALENDAR,REGULAR_SEASON,Regular Season,LEAGUE,2504,Columbus Crew,Visita,2ND,23/09/2023,,0,53%,0.20,0,4,0,2,,233,4,4,2,,1,1,3,0,0,4,0,0,0,,1,1,205,7,27,,7/10 (70%),1/8 (13%),45%,4,12/27 (44%),5/11 (45%),4/8 (50%),75%,4,3,28,8,,0,,,,,2
10952074,242,47955,CALENDAR,REGULAR_SEASON,Regular Season,LEAGUE,2504,Columbus Crew,Local,ALL,30/09/2023,,1,68%,2.68,4,23,1,12,8,547,11,5,2,,9,0,8,6,18,5,1,3,,,3,2,483,18,71,,24/36 (67%),6/30 (20%),42%,7,24/57 (42%),9/22 (41%),8/20 (40%),64%,11,4,54,14,,1,-0.01,,,,10
10952074,242,47955,CALENDAR,REGULAR_SEASON,Regular Season,LEAGUE,2504,Columbus Crew,Local,1ST,30/09/2023,,0,73%,1.11,2,13,1,4,,344,5,2,0,,5,0,5,3,9,4,0,2,,,1,2,307,11,44,,16/24 (67%),3/13 (23%),43%,4,12/27 (44%),5/13 (38%),5/11 (45%),60%,5,2,31,8,,1,,,,,5
10952074,242,47955,CALENDAR,REGULAR_SEASON,Regular Season,LEAGUE,2504,Columbus Crew,Local,2ND,30/09/2023,,1,61%,1.56,2,10,0,8,,203,6,3,2,,4,0,3,3,9,1,1,1,,,2,0,176,7,27,,8/12 (67%),3/17 (18%),41%,3,12/30 (40%),4/9 (44%),3/9 (33%),67%,6,2,23,6,,0,,,,,5
10952074,242,47955,CALENDAR,REGULAR_SEASON,Regular Season,LEAGUE,39833,Philadelphia Union,Visita,ALL,30/09/2023,,1,32%,1.42,3,11,8,8,8,251,19,6,3,,2,1,9,0,8,3,1,2,,,0,1,181,9,42,,24/53 (45%),6/19 (32%),58%,7,33/57 (58%),13/22 (59%),8/12 (67%),63%,19,15,62,26,,8,1.07,,,,11
10952074,242,47955,CALENDAR,REGULAR_SEASON,Regular Season,LEAGUE,39833,Philadelphia Union,Visita,1ST,30/09/2023,,0,27%,0.32,1,5,5,4,,125,10,1,0,,1,0,4,0,3,2,0,1,,,0,0,86,7,22,,12/26 (46%),1/9 (11%),57%,3,15/27 (56%),8/13 (62%),4/6 (67%),70%,10,8,33,11,,5,,,,,6
10952074,242,47955,CALENDAR,REGULAR_SEASON,Regular Season,LEAGUE,39833,Philadelphia Union,Visita,2ND,30/09/2023,,1,39%,1.10,2,6,3,4,,126,9,5,3,,1,1,5,0,5,1,1,1,,,0,1,95,2,20,,12/27 (44%),5/10 (50%),59%,4,18/30 (60%),5/9 (56%),4/6 (67%),56%,9,7,29,15,,3,,,,,5
10952058,242,47955,CALENDAR,REGULAR_SEASON,Regular Season,LEAGUE,2511,New England Revolution,Local,ALL,04/10/2023,,1,47%,1.18,1,15,3,2,12,421,15,10,1,,3,1,7,5,5,10,0,1,2,,5,2,356,12,40,,20/37 (54%),2/14 (14%),49%,7,32/68 (47%),6/9 (67%),7/16 (44%),67%,15,10,64,13,,3,-0.38,,,,8
10952058,242,47955,CALENDAR,REGULAR_SEASON,Regular Season,LEAGUE,2511,New England Revolution,Local,1ST,04/10/2023,,0,52%,0.77,1,8,2,2,,241,7,5,1,,2,0,3,3,4,4,0,1,2,,2,1,211,8,25,,9/18 (50%),1/8 (13%),49%,3,15/33 (45%),3/4 (75%),3/8 (38%),71%,7,5,30,6,,2,,,,,5
10952058,242,47955,CALENDAR,REGULAR_SEASON,Regular Season,LEAGUE,2511,New England Revolution,Local,2ND,04/10/2023,,1,42%,0.41,0,7,1,0,,180,8,5,0,,1,1,4,2,1,6,0,0,0,,3,1,145,4,15,,11/19 (58%),1/6 (17%),50%,4,17/35 (49%),3/5 (60%),4/8 (50%),63%,8,5,34,7,,1,,,,,3
10952058,242,47955,CALENDAR,REGULAR_SEASON,Regular Season,LEAGUE,2504,Columbus Crew,Visita,ALL,04/10/2023,,2,53%,1.06,1,14,2,4,11,485,16,10,4,,5,0,5,4,8,6,1,0,3,,2,3,398,23,55,,26/50 (52%),2/11 (18%),51%,5,36/68 (53%),3/9 (33%),10/20 (50%),69%,16,4,66,8,,2,0.06,,,,6
10952058,242,47955,CALENDAR,REGULAR_SEASON,Regular Season,LEAGUE,2504,Columbus Crew,Visita,1ST,04/10/2023,,1,48%,0.45,0,6,2,2,,230,8,4,0,,3,0,2,1,3,3,0,0,1,,1,1,187,9,22,,14/23 (61%),0/2 (0%),51%,2,18/33 (55%),1/4 (25%),6/11 (55%),75%,8,2,33,4,,2,,,,,3
10952058,242,47955,CALENDAR,REGULAR_SEASON,Regular Season,LEAGUE,2504,Columbus Crew,Visita,2ND,04/10/2023,,1,58%,0.62,1,8,0,2,,255,8,6,4,,2,0,3,3,5,3,1,0,2,,1,2,211,14,33,,12/27 (44%),2/9 (22%),50%,3,18/35 (51%),2/5 (40%),4/9 (44%),63%,8,2,33,4,,0,,,,,3
10952032,242,47955,CALENDAR,REGULAR_SEASON,Regular Season,LEAGUE,243211,Atlanta United,Local,ALL,07/10/2023,,1,50%,1.10,3,10,5,3,4,471,12,10,,,4,0,5,1,5,5,1,2,1,,2,0,404,19,46,,29/46 (63%),6/20 (30%),54%,3,28/55 (51%),8/12 (67%),6/17 (35%),50%,12,7,56,21,,5,0.93,,,,9
10952032,242,47955,CALENDAR,REGULAR_SEASON,Regular Season,LEAGUE,243211,Atlanta United,Local,1ST,07/10/2023,,0,44%,0.20,1,3,1,1,,224,7,4,,,0,0,3,0,1,2,0,1,1,,0,0,195,5,18,,14/21 (67%),1/5 (20%),60%,0,13/24 (54%),5/6 (83%),2/7 (29%),57%,7,4,24,15,,1,,,,,6
10952032,242,47955,CALENDAR,REGULAR_SEASON,Regular Season,LEAGUE,243211,Atlanta United,Local,2ND,07/10/2023,,1,56%,0.91,2,7,4,2,,247,5,6,,,4,0,2,1,4,3,1,1,0,,2,0,209,14,28,,15/25 (60%),5/15 (33%),49%,3,15/31 (48%),3/6 (50%),4/10 (40%),40%,5,3,32,6,,4,,,,,3
10952032,242,47955,CALENDAR,REGULAR_SEASON,Regular Season,LEAGUE,2504,Columbus Crew,Visita,ALL,07/10/2023,,1,50%,2.05,3,22,3,12,10,476,14,4,,,6,0,9,7,14,8,1,2,0,,2,3,422,18,60,,24/44 (55%),6/19 (32%),46%,10,27/55 (49%),4/12 (33%),9/11 (82%),79%,14,13,56,18,,3,-0.20,,,,8
10952032,242,47955,CALENDAR,REGULAR_SEASON,Regular Season,LEAGUE,2504,Columbus Crew,Visita,1ST,07/10/2023,,0,56%,0.56,0,11,0,8,,273,5,3,,,1,0,5,5,7,4,0,0,0,,1,0,249,10,31,,10/17 (59%),4/14 (29%),40%,6,11/24 (46%),1/6 (17%),3/4 (75%),80%,5,3,24,4,,0,,,,,3
10952032,242,47955,CALENDAR,REGULAR_SEASON,Regular Season,LEAGUE,2504,Columbus Crew,Visita,2ND,07/10/2023,,1,44%,1.49,3,11,3,4,,203,9,1,,,5,0,4,2,7,4,1,2,0,,1,3,173,8,29,,14/27 (52%),2/5 (40%),51%,4,16/31 (52%),3/6 (50%),6/7 (86%),78%,9,10,32,14,,3,,,,,5
10952026,242,47955,CALENDAR,REGULAR_SEASON,Regular Season,LEAGUE,2504,Columbus Crew,Local,ALL,21/10/2023,,2,62%,2.65,4,21,1,5,12,651,8,9,0,,5,0,7,9,13,8,0,4,2,,1,2,587,18,56,,14/31 (45%),4/15 (27%),46%,8,25/53 (47%),2/6 (33%),8/15 (53%),75%,8,12,58,14,,1,0.06,,,,6
10952026,242,47955,CALENDAR,REGULAR_SEASON,Regular Season,LEAGUE,2504,Columbus Crew,Local,1ST,21/10/2023,,1,68%,1.41,2,11,0,4,,358,2,2,0,,1,0,3,7,9,2,0,2,0,,0,0,330,11,36,,7/15 (47%),3/13 (23%),36%,4,8/23 (35%),2/5 (40%),4/10 (40%),50%,2,8,25,4,,0,,,,,3
10952026,242,47955,CALENDAR,REGULAR_SEASON,Regular Season,LEAGUE,2504,Columbus Crew,Local,2ND,21/10/2023,,1,56%,1.24,2,10,1,1,,293,6,7,0,,4,0,4,2,4,6,0,2,2,,1,2,257,7,20,,7/16 (44%),1/2 (50%),55%,4,17/30 (57%),0/1 (0%),4/5 (80%),83%,6,4,33,10,,1,,,,,3
10952026,242,47955,CALENDAR,REGULAR_SEASON,Regular Season,LEAGUE,22006,CF Montréal,Visita,ALL,21/10/2023,,1,38%,0.56,1,6,3,5,9,389,15,10,1,,2,0,4,0,4,2,1,0,0,,1,3,316,10,43,,30/61 (49%),2/16 (13%),54%,3,28/53 (53%),4/6 (67%),4/9 (44%),53%,15,12,59,20,,3,-1.11,,,,11
10952026,242,47955,CALENDAR,REGULAR_SEASON,Regular Season,LEAGUE,22006,CF Montréal,Visita,1ST,21/10/2023,,1,32%,0.45,1,2,0,1,,169,10,5,1,,1,0,1,0,2,0,1,0,0,,0,1,138,3,13,,14/26 (54%),1/4 (25%),64%,1,15/23 (65%),3/5 (60%),1/2 (50%),60%,10,6,28,18,,0,,,,,6
10952026,242,47955,CALENDAR,REGULAR_SEASON,Regular Season,LEAGUE,22006,CF Montréal,Visita,2ND,21/10/2023,,0,44%,0.11,0,4,3,4,,220,5,5,0,,1,0,3,0,2,2,0,0,0,,1,2,178,7,30,,16/35 (46%),1/12 (8%),45%,2,13/30 (43%),1/1 (100%),3/7 (43%),40%,5,6,31,2,,3,,,,,5
11768399,242,47955,CALENDAR,PLAYOFF,"MLS, Playoffs",LEAGUE,2504,Columbus Crew,Local,ALL,01/11/2023,,2,51%,1.98,3,14,0,5,7,462,22,14,2,,8,0,6,0,10,4,2,1,1,,5,1,407,17,41,,23/42 (55%),4/12 (33%),55%,9,40/72 (56%),2/4 (50%),4/11 (36%),68%,22,11,54,11,,0,0.00,,,,8
11768399,242,47955,CALENDAR,PLAYOFF,"MLS, Playoffs",LEAGUE,2504,Columbus Crew,Local,1ST,01/11/2023,,1,58%,0.84,2,9,0,4,,259,7,5,0,,3,0,6,0,5,4,1,1,0,,2,0,232,8,28,,10/17 (59%),3/9 (33%),58%,3,13/22 (59%),1/2 (50%),1/3 (33%),57%,7,6,30,1,,0,,,,,2
11768399,242,47955,CALENDAR,PLAYOFF,"MLS, Playoffs",LEAGUE,2504,Columbus Crew,Local,2ND,01/11/2023,,1,44%,1.14,1,5,0,1,,203,15,9,2,,5,0,0,0,5,0,1,0,1,,3,1,175,9,13,,13/25 (52%),1/3 (33%),54%,6,27/50 (54%),1/2 (50%),3/8 (38%),73%,15,5,24,10,,0,,,,,6
11768399,242,47955,CALENDAR,PLAYOFF,"MLS, Playoffs",LEAGUE,243211,Atlanta United,Visita,ALL,01/11/2023,,0,49%,0.07,0,1,6,2,14,440,16,7,3,,0,0,1,0,1,0,0,0,0,,2,1,383,22,54,,31/52 (60%),3/17 (18%),45%,14,32/72 (44%),2/4 (50%),9/17 (53%),69%,16,6,57,12,,6,0.93,,,,8
11768399,242,47955,CALENDAR,PLAYOFF,"MLS, Playoffs",LEAGUE,243211,Atlanta United,Visita,1ST,01/11/2023,,0,42%,0.00,0,0,2,1,,187,5,2,1,,0,0,0,0,0,0,0,0,0,,0,1,161,4,20,,17/30 (57%),1/6 (17%),42%,5,9/22 (41%),1/2 (50%),2/4 (50%),100%,5,4,29,10,,2,,,,,7
11768399,242,47955,CALENDAR,PLAYOFF,"MLS, Playoffs",LEAGUE,243211,Atlanta United,Visita,2ND,01/11/2023,,0,56%,0.07,0,1,4,1,,253,11,5,2,,0,0,1,0,1,0,0,0,0,,2,0,222,18,34,,14/22 (64%),2/11 (18%),46%,9,23/50 (46%),1/2 (50%),7/13 (54%),55%,11,2,28,2,,4,,,,,1
11768407,242,47955,CALENDAR,PLAYOFF,"MLS, Playoffs",LEAGUE,243211,Atlanta United,Local,ALL,07/11/2023,,4,51%,2.52,4,14,2,0,10,497,17,8,2,,7,0,4,3,12,2,2,2,2,,0,3,423,14,51,,26/50 (52%),3/7 (43%),53%,5,32/61 (52%),5/9 (56%),7/10 (70%),41%,17,3,60,19,,2,-1.25,,,,6
11768407,242,47955,CALENDAR,PLAYOFF,"MLS, Playoffs",LEAGUE,243211,Atlanta United,Local,1ST,07/11/2023,,2,54%,0.72,1,7,1,0,,286,10,3,2,,4,0,1,2,5,2,1,0,0,,0,3,249,6,32,,11/23 (48%),3/6 (50%),54%,0,16/31 (52%),4/6 (67%),3/6 (50%),40%,10,1,32,8,,1,,,,,3
11768407,242,47955,CALENDAR,PLAYOFF,"MLS, Playoffs",LEAGUE,243211,Atlanta United,Local,2ND,07/11/2023,,2,47%,1.80,3,7,1,0,,211,7,5,0,,3,0,3,1,7,0,1,2,2,,0,0,174,8,19,,15/27 (56%),0/1 (0%),52%,5,16/30 (53%),1/3 (33%),4/4 (100%),43%,7,2,28,11,,1,,,,,3
11768407,242,47955,CALENDAR,PLAYOFF,"MLS, Playoffs",LEAGUE,2504,Columbus Crew,Visita,ALL,07/11/2023,,2,49%,1.47,0,11,3,5,8,469,8,10,1,,4,0,4,3,11,0,0,0,2,,3,3,413,11,61,,15/27 (56%),5/19 (26%),47%,11,29/61 (48%),4/9 (44%),11/17 (65%),50%,8,7,60,10,,3,-1.80,,,,4
11768407,242,47955,CALENDAR,PLAYOFF,"MLS, Playoffs",LEAGUE,2504,Columbus Crew,Visita,1ST,07/11/2023,,1,46%,0.95,0,4,2,1,,246,3,6,1,,2,0,2,0,4,0,0,0,1,,2,2,211,4,28,,8/19 (42%),3/6 (50%),46%,5,15/31 (48%),2/6 (33%),6/11 (55%),33%,3,4,36,5,,2,,,,,0
11768407,242,47955,CALENDAR,PLAYOFF,"MLS, Playoffs",LEAGUE,2504,Columbus Crew,Visita,2ND,07/11/2023,,1,53%,0.52,0,7,1,4,,223,5,4,0,,2,0,2,3,7,0,0,0,1,,1,1,202,7,33,,7/8 (88%),2/13 (15%),48%,6,14/30 (47%),2/3 (67%),5/6 (83%),60%,5,3,24,5,,1,,,,,4
11814101,242,47955,CALENDAR,PLAYOFF,"MLS, Playoffs",LEAGUE,2504,Columbus Crew,Local,ALL,12/11/2023,,4,47%,1.96,5,21,2,3,15,446,10,15,2,,8,1,7,6,14,7,2,3,2,,3,5,370,16,52,,19/38 (50%),3/9 (33%),51%,4,37/67 (55%),4/13 (31%),12/18 (67%),70%,10,8,55,18,,2,0.46,,,,7
11814101,242,47955,CALENDAR,PLAYOFF,"MLS, Playoffs",LEAGUE,2504,Columbus Crew,Local,1ST,12/11/2023,,3,58%,0.66,1,8,1,2,,275,4,7,0,,3,0,2,3,5,3,1,0,0,,0,1,234,10,27,,13/21 (62%),3/6 (50%),58%,3,19/32 (59%),2/4 (50%),8/11 (73%),75%,4,5,28,5,,1,,,,,4
11814101,242,47955,CALENDAR,PLAYOFF,"MLS, Playoffs",LEAGUE,2504,Columbus Crew,Local,2ND,12/11/2023,,1,37%,1.30,4,13,1,1,,171,6,8,2,,5,1,5,3,9,4,1,3,2,,3,4,136,6,25,,6/17 (35%),0/3 (0%),45%,1,18/35 (51%),2/9 (22%),4/7 (57%),67%,6,3,27,13,,1,,,,,3
11814101,242,47955,CALENDAR,PLAYOFF,"MLS, Playoffs",LEAGUE,243211,Atlanta United,Visita,ALL,12/11/2023,,2,53%,1.99,4,11,4,4,15,491,10,14,3,,4,1,5,2,9,2,2,2,1,,2,1,417,7,40,,35/57 (61%),8/19 (42%),49%,5,30/67 (45%),9/13 (69%),7/12 (58%),50%,10,15,48,15,,4,-1.58,,,,5
11814101,242,47955,CALENDAR,PLAYOFF,"MLS, Playoffs",LEAGUE,243211,Atlanta United,Visita,1ST,12/11/2023,,1,42%,1.11,2,7,0,2,,200,6,5,1,,2,0,4,1,6,1,1,1,1,,0,0,168,4,16,,12/24 (50%),4/8 (50%),42%,0,13/32 (41%),2/4 (50%),3/7 (43%),17%,6,10,26,9,,0,,,,,1
11814101,242,47955,CALENDAR,PLAYOFF,"MLS, Playoffs",LEAGUE,243211,Atlanta United,Visita,2ND,12/11/2023,,1,63%,0.88,2,4,4,2,,291,4,9,2,,2,1,1,1,3,1,1,1,0,,2,1,249,3,24,,23/33 (70%),4/11 (36%),55%,5,17/35 (49%),7/9 (78%),4/5 (80%),100%,4,5,22,6,,4,,,,,4
11825847,242,47955,CALENDAR,PLAYOFF,"MLS, Playoffs",LEAGUE,52237,Orlando City SC,Local,ALL,25/11/2023,,0,44%,1.25,1,13,5,6,17,538,18,13,6,1,3,0,6,4,9,4,0,1,1,,0,0,439,18,70,,36/77 (47%),4/17 (24%),53%,5,36/70 (51%),15/27 (56%),5/9 (56%),72%,18,9,64,21,,5,-0.19,,,,7
11825847,242,47955,CALENDAR,PLAYOFF,"MLS, Playoffs",LEAGUE,52237,Orlando City SC,Local,1ST,25/11/2023,,0,47%,0.25,0,4,3,1,,212,7,6,1,0,0,0,2,2,1,3,0,0,0,,0,0,179,7,22,,13/28 (46%),1/6 (17%),52%,1,13/25 (52%),4/8 (50%),0/1 (0%),57%,7,2,24,6,,3,,,,,2
11825847,242,47955,CALENDAR,PLAYOFF,"MLS, Playoffs",LEAGUE,52237,Orlando City SC,Local,2ND,25/11/2023,,0,35%,0.17,0,3,1,1,,174,6,3,3,1,0,0,2,1,3,0,0,0,0,,0,0,138,4,22,,10/24 (42%),0/4 (0%),50%,0,12/23 (52%),3/7 (43%),3/5 (60%),100%,6,4,20,13,,1,,,,,5
11825847,242,47955,CALENDAR,PLAYOFF,"MLS, Playoffs",LEAGUE,2504,Columbus Crew,Visita,ALL,25/11/2023,,2,56%,2.37,2,20,3,7,13,703,9,16,4,0,7,0,5,8,13,7,1,1,0,,4,2,629,22,74,,35/61 (57%),2/12 (17%),47%,8,34/70 (49%),12/27 (44%),9/19 (47%),56%,9,4,70,18,,3,0.95,,,,8
11825847,242,47955,CALENDAR,PLAYOFF,"MLS, Playoffs",LEAGUE,2504,Columbus Crew,Visita,1ST,25/11/2023,,0,53%,0.71,1,9,0,3,,239,2,7,2,0,3,0,3,3,5,4,0,1,0,,2,0,217,11,27,,10/17 (59%),0/4 (0%),48%,3,12/25 (48%),4/8 (50%),3/7 (43%),50%,2,2,23,5,,0,,,,,4
11825847,242,47955,CALENDAR,PLAYOFF,"MLS, Playoffs",LEAGUE,2504,Columbus Crew,Visita,2ND,25/11/2023,,0,65%,0.49,0,8,0,4,,320,2,5,0,0,1,0,2,5,6,2,0,0,0,,1,1,289,9,35,,16/26 (62%),2/8 (25%),50%,3,11/23 (48%),4/7 (57%),4/7 (57%),50%,2,1,25,6,,0,,,,,2
11859405,242,47955,CALENDAR,PLAYOFF,Eastern conference finals,LEAGUE,215167,FC Cincinnati,Local,ALL,02/12/2023,183,2,37%,1.06,2,11,5,3,25,453,28,13,4,,6,0,3,2,5,6,0,2,0,,2,4,366,21,55,,33/66 (50%),2/13 (15%),49%,11,50/106 (47%),10/17 (59%),8/14 (57%),46%,28,15,77,37,,5,-0.56,,,,12
11859405,242,47955,CALENDAR,PLAYOFF,Eastern conference finals,LEAGUE,215167,FC Cincinnati,Local,1ST,02/12/2023,183,2,34%,0.19,0,5,3,1,,171,12,5,0,,3,0,1,1,2,3,0,0,0,,1,1,144,7,19,,13/22 (59%),1/6 (17%),50%,3,21/41 (51%),2/5 (40%),4/7 (57%),25%,12,5,27,18,,3,,,,,4
11859405,242,47955,CALENDAR,PLAYOFF,Eastern conference finals,LEAGUE,215167,FC Cincinnati,Local,2ND,02/12/2023,183,0,42%,0.79,2,5,1,1,,189,12,5,2,,3,0,1,1,2,3,0,2,0,,0,3,154,10,22,,11/25 (44%),0/4 (0%),46%,6,21/48 (44%),3/4 (75%),3/6 (50%),50%,12,6,31,12,,1,,,,,5
11859405,242,47955,CALENDAR,PLAYOFF,Eastern conference finals,LEAGUE,2504,Columbus Crew,Visita,ALL,02/12/2023,183,3,63%,3.21,4,26,5,8,14,765,17,22,2,,8,0,6,12,17,9,1,3,2,,7,1,670,24,78,,21/39 (54%),8/33 (24%),51%,19,56/106 (53%),7/17 (41%),17/27 (63%),82%,17,11,78,9,,5,0.04,,,,6
11859405,242,47955,CALENDAR,PLAYOFF,Eastern conference finals,LEAGUE,2504,Columbus Crew,Visita,1ST,02/12/2023,183,0,66%,0.68,1,11,1,2,,340,6,6,1,,4,0,1,6,5,6,0,1,1,,3,1,299,10,33,,11/18 (61%),0/5 (0%),50%,8,20/41 (49%),3/5 (60%),8/12 (67%),83%,6,4,27,3,,1,,,,,2
11859405,242,47955,CALENDAR,PLAYOFF,Eastern conference finals,LEAGUE,2504,Columbus Crew,Visita,2ND,02/12/2023,183,2,58%,0.62,1,7,3,3,,251,9,10,0,,2,0,3,2,5,2,0,1,1,,2,0,217,8,26,,6/13 (46%),4/18 (22%),54%,7,27/48 (56%),1/4 (25%),8/14 (57%),78%,9,4,30,3,,3,,,,,3
11875557,242,47955,CALENDAR,PLAYOFF,"MLS, Playoffs",LEAGUE,2504,Columbus Crew,Local,ALL,09/12/2023,,2,62%,1.96,2,14,4,9,12,532,17,18,3,,5,0,6,3,7,7,2,0,2,,2,0,438,24,61,,28/56 (50%),2/10 (20%),50%,12,45/82 (55%),6/21 (29%),10/19 (53%),88%,17,7,58,13,,4,0.61,,,,4
11875557,242,47955,CALENDAR,PLAYOFF,"MLS, Playoffs",LEAGUE,2504,Columbus Crew,Local,1ST,09/12/2023,,2,68%,1.57,2,8,1,5,,341,9,7,0,,2,0,4,2,4,4,2,0,2,,1,0,300,13,34,,17/30 (57%),2/7 (29%),51%,4,21/34 (62%),1/9 (11%),5/9 (56%),89%,9,5,28,8,,1,,,,,1
11875557,242,47955,CALENDAR,PLAYOFF,"MLS, Playoffs",LEAGUE,2504,Columbus Crew,Local,2ND,09/12/2023,,0,53%,0.39,0,6,3,4,,191,8,11,3,,3,0,2,1,3,3,0,0,0,,1,0,138,11,27,,11/26 (42%),0/3 (0%),48%,8,24/48 (50%),5/12 (42%),5/10 (50%),88%,8,2,30,5,,3,,,,,3
11875557,242,47955,CALENDAR,PLAYOFF,"MLS, Playoffs",LEAGUE,274650,Los Angeles FC,Visita,ALL,09/12/2023,,1,38%,0.76,2,11,2,1,19,330,21,11,4,,5,0,4,2,6,5,1,1,0,,2,3,252,17,40,,18/50 (36%),1/9 (11%),50%,12,37/82 (45%),15/21 (71%),5/10 (50%),67%,21,14,53,16,,2,-0.09,,,,10
11875557,242,47955,CALENDAR,PLAYOFF,"MLS, Playoffs",LEAGUE,274650,Los Angeles FC,Visita,1ST,09/12/2023,,0,32%,0.16,0,4,0,1,,161,8,3,0,,1,0,2,1,2,2,0,0,0,,0,0,119,7,22,,7/23 (30%),0/2 (0%),49%,7,13/34 (38%),8/9 (89%),2/4 (50%),63%,8,6,23,11,,0,,,,,6
11875557,242,47955,CALENDAR,PLAYOFF,"MLS, Playoffs",LEAGUE,274650,Los Angeles FC,Visita,2ND,09/12/2023,,1,47%,0.60,2,7,2,0,,169,13,8,4,,4,0,2,1,4,3,1,1,0,,2,3,133,10,18,,11/27 (41%),1/7 (14%),52%,5,24/48 (50%),7/12 (58%),3/6 (50%),69%,13,8,30,5,,2,,,,,4
11911479,242,57317,CALENDAR,REGULAR_SEASON,Regular Season,LEAGUE,2504,Columbus Crew,Local,ALL,24/02/2024,,1,48%,1.85,3,15,2,3,8,495,20,13,0,,3,1,6,6,11,4,1,2,,,1,7,423,22,51,,21/44 (48%),3/9 (33%),52%,8,41/78 (53%),6/13 (46%),9/24 (38%),45%,20,17,55,4,,2,0.32,,,,10
11911479,242,57317,CALENDAR,REGULAR_SEASON,Regular Season,LEAGUE,2504,Columbus Crew,Local,1ST,24/02/2024,,1,55%,1.00,2,12,0,3,,286,14,4,0,,2,1,4,6,8,4,1,1,,,0,4,250,15,27,,12/20 (60%),3/9 (33%),56%,4,21/39 (54%),4/6 (67%),3/10 (30%),50%,14,5,30,2,,0,,,,,2
11911479,242,57317,CALENDAR,REGULAR_SEASON,Regular Season,LEAGUE,2504,Columbus Crew,Local,2ND,24/02/2024,,0,40%,0.86,1,3,2,0,,209,6,9,0,,1,0,2,0,3,0,0,1,,,1,3,173,7,24,,9/24 (38%),0/0 (0%),48%,4,20/39 (51%),2/7 (29%),6/14 (43%),33%,6,12,25,2,,2,,,,,8
11911479,242,57317,CALENDAR,REGULAR_SEASON,Regular Season,LEAGUE,243211,Atlanta United,Visita,ALL,24/02/2024,,0,52%,0.50,1,8,2,2,13,545,23,7,2,,2,0,5,1,4,4,0,1,,,0,2,466,18,50,,28/54 (52%),5/14 (36%),48%,12,37/78 (47%),7/13 (54%),8/16 (50%),65%,23,9,49,16,,2,0.19,,,,5
11911479,242,57317,CALENDAR,REGULAR_SEASON,Regular Season,LEAGUE,243211,Atlanta United,Visita,1ST,24/02/2024,,0,45%,0.01,0,1,1,0,,235,11,3,1,,0,0,1,0,0,1,0,0,,,0,2,198,11,16,,13/26 (50%),0/3 (0%),44%,10,18/39 (46%),2/6 (33%),4/8 (50%),45%,11,4,21,13,,1,,,,,3
11911479,242,57317,CALENDAR,REGULAR_SEASON,Regular Season,LEAGUE,243211,Atlanta United,Visita,2ND,24/02/2024,,0,60%,0.49,1,7,1,2,,310,12,4,1,,2,0,4,1,4,3,0,1,,,0,0,268,7,34,,15/28 (54%),5/11 (45%),52%,2,19/39 (49%),5/7 (71%),4/8 (50%),83%,12,5,28,3,,1,,,,,2
11911493,242,57317,CALENDAR,REGULAR_SEASON,Regular Season,LEAGUE,41618,Minnesota United,Local,ALL,02/03/2024,,1,43%,0.83,1,10,5,5,17,388,16,3,1,,4,0,5,1,8,2,,1,1,,1,4,300,23,60,,31/62 (50%),3/25 (12%),40%,4,29/73 (40%),11/26 (42%),10/23 (43%),56%,16,15,63,9,,5,0.71,,,,4
11911493,242,57317,CALENDAR,REGULAR_SEASON,Regular Season,LEAGUE,41618,Minnesota United,Local,1ST,02/03/2024,,0,45%,0.62,1,5,4,2,,195,8,2,0,,1,0,3,1,3,2,,1,1,,1,3,153,13,28,,17/32 (53%),0/14 (0%),45%,3,16/35 (46%),5/12 (42%),6/10 (60%),25%,8,8,32,5,,4,,,,,3
11911493,242,57317,CALENDAR,REGULAR_SEASON,Regular Season,LEAGUE,41618,Minnesota United,Local,2ND,02/03/2024,,1,41%,0.21,0,5,1,3,,193,8,1,1,,3,0,2,0,5,0,,0,0,,0,1,147,10,32,,14/30 (47%),3/11 (27%),37%,1,13/38 (34%),6/14 (43%),4/13 (31%),88%,8,7,31,4,,1,,,,,1
11911493,242,57317,CALENDAR,REGULAR_SEASON,Regular Season,LEAGUE,2504,Columbus Crew,Visita,ALL,02/03/2024,,1,57%,1.44,2,12,3,3,4,549,17,17,0,,6,0,3,3,7,5,,2,1,,0,3,448,10,53,,27/51 (53%),2/8 (25%),60%,11,44/73 (60%),15/26 (58%),11/16 (69%),59%,17,10,66,24,,3,0.02,,,,7
11911493,242,57317,CALENDAR,REGULAR_SEASON,Regular Season,LEAGUE,2504,Columbus Crew,Visita,1ST,02/03/2024,,0,55%,0.95,1,8,1,2,,256,7,8,0,,4,0,2,2,6,2,,1,0,,0,1,205,4,24,,11/25 (44%),1/4 (25%),55%,5,19/35 (54%),7/12 (58%),5/8 (63%),71%,7,7,34,12,,1,,,,,3
11911493,242,57317,CALENDAR,REGULAR_SEASON,Regular Season,LEAGUE,2504,Columbus Crew,Visita,2ND,02/03/2024,,1,59%,0.49,1,4,2,1,,293,10,9,0,,2,0,1,1,1,3,,1,1,,0,2,243,6,29,,16/26 (62%),1/4 (25%),63%,6,25/38 (66%),8/14 (57%),6/8 (75%),50%,10,3,32,12,,2,,,,,4
12116960,498,57303,CALENDAR,REGULAR,Round of 16,INTERNATIONAL,2508,Houston Dynamo,Local,ALL,06/03/2024,5,0,48%,0.00,2,10,5,5,9,460,16,5,1,,4,0,2,4,8,2,,2,1,,0,3,383,19,46,,25/54 (46%),3/9 (33%),45%,6,28/59 (47%),4/12 (33%),7/13 (54%),75%,16,8,43,12,,5,,,,,10
12116960,498,57303,CALENDAR,REGULAR,Round of 16,INTERNATIONAL,2508,Houston Dynamo,Local,1ST,06/03/2024,5,0,53%,0.00,2,4,3,1,,281,7,4,0,,3,0,0,1,4,0,,2,1,,0,2,237,12,24,,18/33 (55%),1/3 (33%),53%,3,17/30 (57%),2/6 (33%),6/8 (75%),57%,7,3,19,6,,3,,,,,4
12116960,498,57303,CALENDAR,REGULAR,Round of 16,INTERNATIONAL,2508,Houston Dynamo,Local,2ND,06/03/2024,5,0,41%,0.00,0,6,2,4,,179,9,1,1,,1,0,2,3,4,2,,0,0,,0,1,146,7,22,,7/21 (33%),2/6 (33%),37%,3,11/29 (38%),2/6 (33%),1/5 (20%),89%,9,5,24,6,,2,,,,,6
12116960,498,57303,CALENDAR,REGULAR,Round of 16,INTERNATIONAL,2504,Columbus Crew,Visita,ALL,06/03/2024,5,1,52%,0.00,2,19,4,4,5,494,12,9,0,,6,2,8,5,11,8,,2,1,,4,2,444,10,55,,21/34 (62%),5/15 (33%),55%,8,31/59 (53%),8/12 (67%),10/18 (56%),50%,12,9,53,9,,4,,,,,3
12116960,498,57303,CALENDAR,REGULAR,Round of 16,INTERNATIONAL,2504,Columbus Crew,Visita,1ST,06/03/2024,5,0,47%,0.00,1,7,3,2,,241,5,4,0,,3,2,4,0,2,5,,1,0,,2,0,216,4,24,,8/13 (62%),1/5 (20%),47%,3,13/30 (43%),4/6 (67%),4/8 (50%),20%,5,4,23,1,,3,,,,,2
12116960,498,57303,CALENDAR,REGULAR,Round of 16,INTERNATIONAL,2504,Columbus Crew,Visita,2ND,06/03/2024,5,1,59%,0.00,1,12,1,2,,253,7,5,0,,3,0,4,5,9,3,,1,1,,2,2,228,6,31,,13/21 (62%),4/10 (40%),63%,5,18/29 (62%),4/6 (67%),6/10 (60%),71%,7,5,30,8,,1,,,,,1
11911510,242,57317,CALENDAR,REGULAR_SEASON,Regular Season,LEAGUE,2504,Columbus Crew,Local,ALL,09/03/2024,,2,59%,1.32,2,18,1,6,11,560,10,10,1,,10,0,4,4,8,10,1,1,1,43,4,3,498,19,60,185/223 (83%),27/34 (79%),7/27 (26%),43%,13,35/79 (44%),8/21 (38%),15/26 (58%),60%,10,9,60,17,1,1,-0.21,0,,,5
11911510,242,57317,CALENDAR,REGULAR_SEASON,Regular Season,LEAGUE,2504,Columbus Crew,Local,1ST,09/03/2024,,0,56%,0.22,0,6,1,3,,267,4,6,0,,2,0,1,3,3,3,0,0,0,,3,1,240,10,29,,13/15 (87%),2/9 (22%),47%,6,12/31 (39%),6/7 (86%),2/7 (29%),50%,4,4,26,9,,1,,,,,2
11911510,242,57317,CALENDAR,REGULAR_SEASON,Regular Season,LEAGUE,2504,Columbus Crew,Local,2ND,09/03/2024,,2,61%,1.10,2,12,0,3,,293,6,4,1,,8,0,3,1,5,7,1,1,1,,1,2,258,9,31,,14/19 (74%),5/18 (28%),40%,7,23/48 (48%),2/14 (14%),13/19 (68%),67%,6,5,34,8,,0,,,,,3
11911510,242,57317,CALENDAR,REGULAR_SEASON,Regular Season,LEAGUE,2505,Chicago Fire,Visita,ALL,09/03/2024,,1,41%,1.99,2,11,8,5,10,397,24,9,2,,3,1,5,3,9,2,1,1,2,20,1,1,325,17,30,49/77 (64%),21/50 (42%),2/19 (11%),57%,3,44/79 (56%),13/21 (62%),11/18 (61%),58%,24,14,49,27,0,8,0.85,1,,,7
11911510,242,57317,CALENDAR,REGULAR_SEASON,Regular Season,LEAGUE,2505,Chicago Fire,Visita,1ST,09/03/2024,,0,44%,0.31,1,2,2,5,,208,11,3,1,,1,0,1,0,1,1,0,1,1,,0,1,178,9,16,,11/25 (44%),0/14 (0%),53%,2,19/31 (61%),1/7 (14%),5/7 (71%),45%,11,7,26,12,,2,,,,,3
11911510,242,57317,CALENDAR,REGULAR_SEASON,Regular Season,LEAGUE,2505,Chicago Fire,Visita,2ND,09/03/2024,,1,39%,1.68,1,9,6,0,,189,13,6,1,,2,1,4,3,8,1,1,0,1,,1,0,147,8,14,,10/25 (40%),2/5 (40%),60%,1,25/48 (52%),12/14 (86%),6/11 (55%),69%,13,7,23,15,,6,,,,,4
12116968,498,57303,CALENDAR,REGULAR,Round of 16,INTERNATIONAL,2504,Columbus Crew,Local,ALL,12/03/2024,5,1,52%,0.00,1,7,0,5,7,539,5,11,1,,3,0,4,0,5,2,0,1,,,2,2,481,14,51,,33/51 (65%),4/13 (31%),62%,3,29/48 (60%),9/13 (69%),13/20 (65%),60%,5,5,44,17,,0,,,,,7
12116968,498,57303,CALENDAR,REGULAR,Round of 16,INTERNATIONAL,2504,Columbus Crew,Local,1ST,12/03/2024,5,1,53%,0.00,0,2,0,2,,281,2,4,1,,1,0,1,0,1,1,0,0,,,0,0,248,7,27,,14/26 (54%),3/7 (43%),59%,1,11/18 (61%),2/4 (50%),5/8 (63%),50%,2,2,21,10,,0,,,,,5
12116968,498,57303,CALENDAR,REGULAR,Round of 16,INTERNATIONAL,2504,Columbus Crew,Local,2ND,12/03/2024,5,0,52%,0.00,1,5,0,3,,258,3,7,0,,2,0,3,0,4,1,0,1,,,2,2,233,7,24,,19/25 (76%),1/6 (17%),64%,2,18/30 (60%),7/9 (78%),8/12 (67%),67%,3,3,23,7,,0,,,,,2
12116968,498,57303,CALENDAR,REGULAR,Round of 16,INTERNATIONAL,2508,Houston Dynamo,Visita,ALL,12/03/2024,5,1,48%,0.00,1,11,2,1,11,498,10,5,2,,1,0,4,6,7,4,1,0,,,2,5,434,13,51,,37/58 (64%),2/8 (25%),38%,3,19/48 (40%),4/13 (31%),4/6 (67%),70%,10,8,45,12,,2,,,,,6
12116968,498,57303,CALENDAR,REGULAR,Round of 16,INTERNATIONAL,2508,Houston Dynamo,Visita,1ST,12/03/2024,5,0,47%,0.00,0,5,0,1,,253,4,3,0,,0,0,3,2,3,2,0,0,,,0,2,221,6,25,,16/26 (62%),1/4 (25%),41%,2,7/18 (39%),2/4 (50%),0/0 (0%),100%,4,7,25,5,,0,,,,,1
12116968,498,57303,CALENDAR,REGULAR,Round of 16,INTERNATIONAL,2508,Houston Dynamo,Visita,2ND,12/03/2024,5,1,48%,0.00,1,6,2,0,,245,6,2,2,,1,0,1,4,4,2,1,0,,,2,3,213,7,26,,21/32 (66%),1/4 (25%),36%,1,12/30 (40%),2/9 (22%),4/6 (67%),50%,6,1,20,7,,2,,,,,5
11911524,242,57317,CALENDAR,REGULAR_SEASON,Regular Season,LEAGUE,2504,Columbus Crew,Local,ALL,16/03/2024,,3,59%,2.02,3,13,2,7,13,611,17,14,2,0,3,0,8,2,9,4,3,,1,25,2,1,536,14,40,94/128 (73%),21/36 (58%),4/11 (36%),50%,10,39/75 (52%),7/17 (41%),8/16 (50%),47%,17,3,66,5,,2,0.26,,,,2
11911524,242,57317,CALENDAR,REGULAR_SEASON,Regular Season,LEAGUE,2504,Columbus Crew,Local,1ST,16/03/2024,,1,63%,0.62,1,5,1,4,,332,9,6,1,0,1,0,3,1,3,2,1,,0,,0,1,288,8,19,,13/21 (62%),1/5 (20%),51%,5,19/39 (49%),5/8 (63%),4/8 (50%),44%,9,1,34,4,,1,,,,,0
11911524,242,57317,CALENDAR,REGULAR_SEASON,Regular Season,LEAGUE,2504,Columbus Crew,Local,2ND,16/03/2024,,2,55%,1.40,2,8,1,3,,279,8,8,1,0,2,0,5,1,6,2,2,,1,,2,0,248,6,21,,8/15 (53%),3/6 (50%),49%,5,20/36 (56%),2/9 (22%),4/8 (50%),50%,8,2,32,1,,1,,,,,2
11911524,242,57317,CALENDAR,REGULAR_SEASON,Regular Season,LEAGUE,2506,New York Red Bulls,Visita,ALL,16/03/2024,,0,41%,0.25,0,3,0,1,15,430,18,13,4,1,2,0,1,0,2,1,0,,0,8,0,0,362,12,49,61/95 (64%),21/51 (41%),3/6 (50%),50%,7,36/75 (48%),10/17 (59%),5/15 (33%),44%,18,10,47,13,,0,-0.34,,,,8
11911524,242,57317,CALENDAR,REGULAR_SEASON,Regular Season,LEAGUE,2506,New York Red Bulls,Visita,1ST,16/03/2024,,0,37%,0.03,0,1,0,1,,200,9,8,1,0,1,0,0,0,0,1,0,,0,,0,0,164,7,28,,12/30 (40%),1/3 (33%),49%,4,20/39 (51%),3/8 (38%),3/8 (38%),33%,9,6,25,6,,0,,,,,2
11911524,242,57317,CALENDAR,REGULAR_SEASON,Regular Season,LEAGUE,2506,New York Red Bulls,Visita,2ND,16/03/2024,,0,45%,0.22,0,2,0,0,,230,9,5,3,1,1,0,1,0,2,0,0,,0,,0,0,198,5,21,,9/21 (43%),2/3 (67%),51%,3,16/36 (44%),7/9 (78%),2/7 (29%),56%,9,4,22,7,,0,,,,,6
11911538,242,57317,CALENDAR,REGULAR_SEASON,Regular Season,LEAGUE,404108,Charlotte FC,Local,ALL,23/03/2024,,2,45%,1.68,5,11,0,3,27,395,24,12,6,0,5,0,5,1,7,4,1,4,1,,5,2,316,13,75,,31/65 (48%),4/15 (27%),52%,1,40/76 (53%),7/15 (47%),4/9 (44%),63%,24,9,48,8,,0,0.00,,,,6
11911538,242,57317,CALENDAR,REGULAR_SEASON,Regular Season,LEAGUE,404108,Charlotte FC,Local,1ST,23/03/2024,,0,44%,1.42,4,7,0,1,,180,11,7,1,0,2,0,4,1,5,2,0,4,1,,3,2,143,3,27,,13/35 (37%),3/7 (43%),53%,0,21/37 (57%),3/8 (38%),3/6 (50%),73%,11,6,20,4,,0,,,,,4
11911538,242,57317,CALENDAR,REGULAR_SEASON,Regular Season,LEAGUE,404108,Charlotte FC,Local,2ND,23/03/2024,,2,47%,0.27,1,4,0,2,,215,13,5,5,0,3,0,1,0,2,2,1,0,0,,2,0,173,10,48,,18/30 (60%),1/8 (13%),50%,1,19/39 (49%),4/7 (57%),1/3 (33%),54%,13,3,28,4,,0,,,,,2
11911538,242,57317,CALENDAR,REGULAR_SEASON,Regular Season,LEAGUE,2504,Columbus Crew,Visita,ALL,23/03/2024,,0,55%,0.94,1,8,3,2,13,483,6,25,3,1,0,1,6,2,7,1,0,1,0,,4,2,405,20,52,,19/52 (37%),5/10 (50%),48%,14,36/76 (47%),8/15 (53%),6/16 (38%),50%,6,8,48,20,,3,0.22,,,,9
11911538,242,57317,CALENDAR,REGULAR_SEASON,Regular Season,LEAGUE,2504,Columbus Crew,Visita,1ST,23/03/2024,,0,56%,0.20,0,4,2,2,,236,3,10,2,1,0,1,3,1,3,1,0,0,0,,2,1,196,15,30,,10/24 (42%),2/5 (40%),47%,7,16/37 (43%),5/8 (63%),3/7 (43%),67%,3,1,18,6,,2,,,,,3
11911538,242,57317,CALENDAR,REGULAR_SEASON,Regular Season,LEAGUE,2504,Columbus Crew,Visita,2ND,23/03/2024,,0,53%,0.75,1,4,1,0,,247,3,15,1,0,0,0,3,1,4,0,0,1,0,,2,1,209,5,22,,9/28 (32%),3/5 (60%),50%,7,20/39 (51%),3/7 (43%),3/9 (33%),33%,3,7,30,14,,1,,,,,6
11911558,242,57317,CALENDAR,REGULAR_SEASON,Regular Season,LEAGUE,337612,Nashville SC,Local,ALL,30/03/2024,,2,36%,1.68,2,10,2,4,16,311,17,8,3,,5,0,4,1,8,2,1,1,,,3,0,237,18,40,,28/58 (48%),5/19 (26%),51%,6,29/58 (50%),11/21 (52%),4/7 (57%),82%,17,9,48,17,,2,-0.74,,,,5
11911558,242,57317,CALENDAR,REGULAR_SEASON,Regular Season,LEAGUE,337612,Nashville SC,Local,1ST,30/03/2024,,2,43%,1.07,1,7,1,3,,203,7,5,0,,3,0,3,1,6,1,1,0,,,3,0,160,12,22,,16/33 (48%),5/13 (38%),59%,2,14/25 (56%),9/14 (64%),2/3 (67%),57%,7,5,25,2,,1,,,,,2
11911558,242,57317,CALENDAR,REGULAR_SEASON,Regular Season,LEAGUE,337612,Nashville SC,Local,2ND,30/03/2024,,0,27%,0.61,1,3,1,1,,108,10,3,3,,2,0,1,0,2,1,0,1,,,0,0,77,6,18,,12/25 (48%),0/6 (0%),43%,4,15/33 (45%),2/7 (29%),2/4 (50%),100%,10,4,23,15,,1,,,,,3
11911558,242,57317,CALENDAR,REGULAR_SEASON,Regular Season,LEAGUE,2504,Columbus Crew,Visita,ALL,30/03/2024,,2,64%,1.38,1,12,3,4,9,591,9,15,1,,4,1,4,4,5,7,0,1,,,4,1,526,17,74,,23/44 (52%),1/9 (11%),49%,9,29/58 (50%),10/21 (48%),6/14 (43%),33%,9,6,50,14,,3,-0.62,,,,6
11911558,242,57317,CALENDAR,REGULAR_SEASON,Regular Season,LEAGUE,2504,Columbus Crew,Visita,1ST,30/03/2024,,1,57%,0.23,0,5,1,1,,287,3,8,0,,2,0,2,1,2,3,0,0,,,0,0,253,5,23,,11/23 (48%),1/1 (100%),41%,5,11/25 (44%),5/14 (36%),1/3 (33%),100%,3,3,25,10,,1,,,,,4
11911558,242,57317,CALENDAR,REGULAR_SEASON,Regular Season,LEAGUE,2504,Columbus Crew,Visita,2ND,30/03/2024,,1,73%,1.16,1,7,2,3,,304,6,7,1,,2,1,2,3,3,4,0,1,,,4,1,273,12,51,,12/21 (57%),0/8 (0%),57%,4,18/33 (55%),5/7 (71%),5/11 (45%),0%,6,3,25,4,,2,,,,,2
12164001,498,57303,CALENDAR,REGULAR,Quarterfinals,INTERNATIONAL,2504,Columbus Crew,Local,ALL,02/04/2024,27,1,53%,0.00,,16,4,3,9,496,11,16,3,1,6,0,2,8,7,9,,,,,7,2,432,12,81,,22/39 (56%),3/5 (60%),49%,10,36/71 (51%),6/14 (43%),9/20 (45%),73%,11,4,52,9,,4,,,,,2
12164001,498,57303,CALENDAR,REGULAR,Quarterfinals,INTERNATIONAL,2504,Columbus Crew,Local,1ST,02/04/2024,27,1,56%,0.00,,14,0,3,,291,9,7,0,0,6,0,2,6,7,7,,,,,2,1,262,7,47,,11/17 (65%),2/4 (50%),56%,4,20/33 (61%),0/3 (0%),4/10 (40%),78%,9,1,24,2,,0,,,,,1
12164001,498,57303,CALENDAR,REGULAR,Quarterfinals,INTERNATIONAL,2504,Columbus Crew,Local,2ND,02/04/2024,27,0,49%,0.00,,2,4,0,,205,2,9,3,1,0,0,0,2,0,2,,,,,5,1,170,5,34,,11/22 (50%),1/1 (100%),45%,6,16/38 (42%),6/11 (55%),5/10 (50%),50%,2,3,28,7,,4,,,,,1
12164001,498,57303,CALENDAR,REGULAR,Quarterfinals,INTERNATIONAL,1940,Tigres UANL,Visita,ALL,02/04/2024,27,1,47%,0.00,,11,5,6,16,439,21,8,0,0,5,0,2,4,6,5,,,,,1,4,370,15,31,,26/51 (51%),2/10 (20%),51%,2,35/71 (49%),8/14 (57%),6/15 (40%),71%,21,13,48,10,,5,,,,,6
12164001,498,57303,CALENDAR,REGULAR,Quarterfinals,INTERNATIONAL,1940,Tigres UANL,Visita,1ST,02/04/2024,27,1,44%,0.00,,3,5,1,,230,10,2,0,0,1,0,1,1,1,2,,,,,0,2,200,8,12,,15/25 (60%),1/2 (50%),44%,0,13/33 (39%),3/3 (100%),1/10 (10%),70%,10,8,25,4,,5,,,,,2
12164001,498,57303,CALENDAR,REGULAR,Quarterfinals,INTERNATIONAL,1940,Tigres UANL,Visita,2ND,02/04/2024,27,0,51%,0.00,,8,0,5,,209,11,6,0,0,4,0,1,3,5,3,,,,,1,2,170,7,19,,11/26 (42%),1/8 (13%),55%,2,22/38 (58%),5/11 (45%),5/5 (100%),73%,11,5,23,6,,0,,,,,4
11911564,242,57317,CALENDAR,REGULAR_SEASON,Regular Season,LEAGUE,2504,Columbus Crew,Local,ALL,06/04/2024,,1,67%,0.64,2,11,2,2,7,655,19,18,1,1,4,0,5,2,7,4,0,2,0,,3,5,577,18,72,,25/56 (45%),4/14 (29%),45%,16,45/91 (49%),9/28 (32%),9/26 (35%),42%,19,6,62,11,,2,0.05,,,,4
11911564,242,57317,CALENDAR,REGULAR_SEASON,Regular Season,LEAGUE,2504,Columbus Crew,Local,1ST,06/04/2024,,0,68%,0.15,0,4,1,2,,331,8,10,1,0,1,0,1,2,3,1,0,0,0,,0,2,293,8,36,,12/25 (48%),2/5 (40%),45%,10,22/49 (45%),6/13 (46%),5/14 (36%),13%,8,2,29,7,,1,,,,,2
11911564,242,57317,CALENDAR,REGULAR_SEASON,Regular Season,LEAGUE,2504,Columbus Crew,Local,2ND,06/04/2024,,1,66%,0.49,2,7,1,0,,324,11,8,0,1,3,0,4,0,4,3,0,2,0,,3,3,284,10,36,,13/31 (42%),2/9 (22%),46%,6,23/42 (55%),3/15 (20%),4/12 (33%),64%,11,4,33,4,,1,,,,,2
11911564,242,57317,CALENDAR,REGULAR_SEASON,Regular Season,LEAGUE,2502,DC United,Visita,ALL,06/04/2024,,1,33%,2.05,3,14,3,3,19,322,33,7,2,0,3,1,4,7,11,3,1,2,1,,0,2,238,8,56,,36/63 (57%),3/12 (25%),55%,10,46/91 (51%),19/28 (68%),6/15 (40%),55%,33,7,67,12,,3,-0.59,,,,4
11911564,242,57317,CALENDAR,REGULAR_SEASON,Regular Season,LEAGUE,2502,DC United,Visita,1ST,06/04/2024,,0,32%,1.22,2,8,1,2,,151,19,4,0,0,1,1,2,5,7,1,0,2,1,,0,2,110,3,22,,16/28 (57%),1/7 (14%),55%,5,27/49 (55%),7/13 (54%),4/7 (57%),47%,19,4,33,2,,1,,,,,1
11911564,242,57317,CALENDAR,REGULAR_SEASON,Regular Season,LEAGUE,2502,DC United,Visita,2ND,06/04/2024,,1,34%,0.83,1,6,2,1,,171,14,3,2,0,2,0,2,2,4,2,1,0,0,,0,0,128,5,34,,20/35 (57%),2/5 (40%),54%,5,19/42 (45%),12/15 (80%),2/8 (25%),64%,14,3,34,10,,2,,,,,3
12164014,498,57303,CALENDAR,REGULAR,Quarterfinals,INTERNATIONAL,1940,Tigres UANL,Local,ALL,09/04/2024,27,1,46%,0.00,2,14,3,6,20,531,27,12,2,,7,0,6,1,4,10,1,1,,,0,9,450,17,57,,31/59 (53%),6/20 (30%),49%,7,39/84 (46%),11/19 (58%),3/9 (33%),70%,27,15,68,22,,3,,,,,9
12164014,498,57303,CALENDAR,REGULAR,Quarterfinals,INTERNATIONAL,1940,Tigres UANL,Local,1ST,09/04/2024,27,1,39%,0.00,1,4,1,0,,186,12,5,1,,4,0,0,0,1,3,1,0,,,0,6,153,3,14,,9/20 (45%),1/4 (25%),53%,2,16/31 (52%),3/5 (60%),0/2 (0%),92%,12,4,33,8,,1,,,,,3
12164014,498,57303,CALENDAR,REGULAR,Quarterfinals,INTERNATIONAL,1940,Tigres UANL,Local,2ND,09/04/2024,27,0,50%,0.00,1,9,0,4,,215,11,3,0,,2,0,6,1,3,6,0,1,,,0,2,188,6,26,,10/20 (50%),5/9 (56%),46%,5,16/37 (43%),6/11 (55%),3/6 (50%),45%,11,8,23,9,,0,,,,,4
12164014,498,57303,CALENDAR,REGULAR,Quarterfinals,INTERNATIONAL,2504,Columbus Crew,Visita,ALL,09/04/2024,27,1,54%,0.00,1,11,6,5,12,619,13,20,1,,3,0,5,3,3,8,1,0,,,2,0,524,25,86,,30/54 (56%),3/16 (19%),51%,13,45/84 (54%),8/19 (42%),12/26 (46%),54%,13,3,63,13,,6,,,,,10
12164014,498,57303,CALENDAR,REGULAR,Quarterfinals,INTERNATIONAL,2504,Columbus Crew,Visita,1ST,09/04/2024,27,0,61%,0.00,0,5,3,1,,296,4,9,1,,1,0,3,1,0,5,0,0,,,2,0,263,9,43,,13/20 (65%),1/7 (14%),47%,7,15/31 (48%),2/5 (40%),2/7 (29%),50%,4,2,31,2,,3,,,,,0
12164014,498,57303,CALENDAR,REGULAR,Quarterfinals,INTERNATIONAL,2504,Columbus Crew,Visita,2ND,09/04/2024,27,1,50%,0.00,1,4,2,3,,213,8,6,0,,1,0,2,1,2,2,1,0,,,0,0,174,11,27,,9/17 (53%),1/6 (17%),54%,3,21/37 (57%),5/11 (45%),7/15 (47%),63%,8,1,19,3,,2,,,,,8
11911586,242,57317,CALENDAR,REGULAR_SEASON,Regular Season,LEAGUE,5133,Real Salt Lake,Local,ALL,13/04/2024,,0,45%,1.77,4,16,4,6,22,382,16,10,6,,8,0,4,4,7,9,,4,2,,1,3,314,24,40,,39/61 (64%),2/16 (13%),47%,8,31/74 (42%),9/12 (75%),5/15 (33%),75%,16,2,52,5,,4,0.29,,,,5
11911586,242,57317,CALENDAR,REGULAR_SEASON,Regular Season,LEAGUE,5133,Real Salt Lake,Local,1ST,13/04/2024,,0,42%,0.93,3,7,2,5,,182,6,2,2,,3,0,2,2,4,3,,3,1,,0,1,151,16,13,,18/30 (60%),1/11 (9%),40%,4,11/34 (32%),5/6 (83%),3/10 (30%),83%,6,0,23,3,,2,,,,,3
11911586,242,57317,CALENDAR,REGULAR_SEASON,Regular Season,LEAGUE,5133,Real Salt Lake,Local,2ND,13/04/2024,,0,49%,0.84,1,9,2,1,,200,10,8,4,,5,0,2,2,3,6,,1,1,,1,2,163,8,27,,21/31 (68%),1/5 (20%),52%,4,20/40 (50%),4/6 (67%),2/5 (40%),70%,10,2,29,2,,2,,,,,2
11911586,242,57317,CALENDAR,REGULAR_SEASON,Regular Season,LEAGUE,2504,Columbus Crew,Visita,ALL,13/04/2024,,0,55%,0.55,0,12,8,3,10,478,18,20,3,,4,0,4,4,5,7,,0,0,,2,2,416,7,49,,23/45 (51%),2/3 (67%),53%,10,43/74 (58%),3/12 (25%),5/11 (45%),50%,18,12,55,18,,8,1.46,,,,10
11911586,242,57317,CALENDAR,REGULAR_SEASON,Regular Season,LEAGUE,2504,Columbus Crew,Visita,1ST,13/04/2024,,0,58%,0.27,0,5,3,3,,264,11,9,2,,2,0,1,2,2,3,,0,0,,2,1,239,2,28,,13/20 (65%),1/2 (50%),60%,3,23/34 (68%),1/6 (17%),3/6 (50%),36%,11,5,24,12,,3,,,,,4
11911586,242,57317,CALENDAR,REGULAR_SEASON,Regular Season,LEAGUE,2504,Columbus Crew,Visita,2ND,13/04/2024,,0,51%,0.28,0,7,5,0,,214,7,11,1,,2,0,3,2,3,4,,0,0,,0,1,177,5,21,,10/25 (40%),1/1 (100%),48%,7,20/40 (50%),2/6 (33%),2/5 (40%),71%,7,7,31,6,,5,,,,,6
11911592,242,57317,CALENDAR,REGULAR_SEASON,Regular Season,LEAGUE,2504,Columbus Crew,Local,ALL,20/04/2024,,2,66%,1.47,3,24,2,6,10,640,15,12,1,,5,2,14,5,12,12,0,3,1,,5,2,562,18,93,,27/34 (79%),7/24 (29%),54%,3,37/64 (58%),8/20 (40%),10/21 (48%),73%,15,7,49,12,,2,-0.21,,,,3
11911592,242,57317,CALENDAR,REGULAR_SEASON,Regular Season,LEAGUE,2504,Columbus Crew,Local,1ST,20/04/2024,,0,63%,0.53,1,9,1,3,,277,9,7,0,,1,1,5,3,5,4,0,1,0,,4,2,250,7,38,,15/17 (88%),4/13 (31%),60%,2,22/35 (63%),4/8 (50%),6/12 (50%),67%,9,5,23,9,,1,,,,,3
11911592,242,57317,CALENDAR,REGULAR_SEASON,Regular Season,LEAGUE,2504,Columbus Crew,Local,2ND,20/04/2024,,2,69%,0.94,2,15,1,3,,363,6,5,1,,4,1,9,2,7,8,0,2,1,,1,0,312,11,55,,12/17 (71%),3/11 (27%),46%,1,15/29 (52%),4/12 (33%),4/9 (44%),83%,6,2,26,3,,1,,,,,0
11911592,242,57317,CALENDAR,REGULAR_SEASON,Regular Season,LEAGUE,22007,Portland Timbers,Visita,ALL,20/04/2024,,2,34%,0.59,2,7,2,1,14,335,14,10,1,,4,0,1,2,7,0,2,0,1,,1,2,260,17,48,,33/71 (46%),1/8 (13%),46%,8,27/64 (42%),12/20 (60%),3/10 (30%),57%,14,9,38,26,,2,-0.27,,,,19
11911592,242,57317,CALENDAR,REGULAR_SEASON,Regular Season,LEAGUE,22007,Portland Timbers,Visita,1ST,20/04/2024,,1,37%,0.36,1,4,1,1,,166,8,3,0,,2,0,1,1,4,0,1,0,1,,0,0,131,11,21,,14/31 (45%),1/4 (25%),40%,4,13/35 (37%),4/8 (50%),2/7 (29%),63%,8,4,21,10,,1,,,,,5
11911592,242,57317,CALENDAR,REGULAR_SEASON,Regular Season,LEAGUE,22007,Portland Timbers,Visita,2ND,20/04/2024,,1,31%,0.23,1,3,1,0,,169,6,7,1,,2,0,0,1,3,0,1,0,0,,1,2,129,6,27,,19/40 (48%),0/4 (0%),54%,4,14/29 (48%),8/12 (67%),1/3 (33%),50%,6,5,17,16,,1,,,,,14
12241627,498,57303,CALENDAR,REGULAR,Semifinals,INTERNATIONAL,2504,Columbus Crew,Local,ALL,24/04/2024,28,2,54%,0.00,3,12,5,6,6,542,15,10,1,,8,0,3,1,7,5,1,2,1,,,0,472,9,69,,33/54 (61%),5/15 (33%),50%,9,31/66 (47%),9/14 (64%),6/20 (30%),67%,15,10,60,8,,5,,,,,6
12241627,498,57303,CALENDAR,REGULAR,Semifinals,INTERNATIONAL,2504,Columbus Crew,Local,1ST,24/04/2024,28,1,53%,0.00,1,5,3,3,,276,6,2,0,,3,0,1,1,2,3,0,1,0,,,0,240,3,28,,19/27 (70%),3/9 (33%),47%,4,11/25 (44%),4/7 (57%),3/8 (38%),67%,6,4,31,6,,3,,,,,3
12241627,498,57303,CALENDAR,REGULAR,Semifinals,INTERNATIONAL,2504,Columbus Crew,Local,2ND,24/04/2024,28,1,56%,0.00,2,7,2,3,,266,9,8,1,,5,0,2,0,5,2,1,1,1,,,0,232,6,41,,14/27 (52%),2/6 (33%),52%,5,20/41 (49%),5/7 (71%),3/12 (25%),67%,9,6,29,2,,2,,,,,3
12241627,498,57303,CALENDAR,REGULAR,Semifinals,INTERNATIONAL,1932,CF Monterrey,Visita,ALL,24/04/2024,28,1,46%,0.00,1,10,6,3,10,458,23,6,2,,6,1,4,0,6,4,1,0,0,,,4,387,15,55,,25/44 (57%),4/14 (29%),50%,9,35/66 (53%),5/14 (36%),6/12 (50%),65%,23,10,63,13,,6,,,,,4
12241627,498,57303,CALENDAR,REGULAR,Semifinals,INTERNATIONAL,1932,CF Monterrey,Visita,1ST,24/04/2024,28,0,47%,0.00,0,6,2,1,,247,9,4,0,,3,1,3,0,4,2,0,0,0,,,2,209,9,32,,10/22 (45%),4/7 (57%),53%,4,14/25 (56%),3/7 (43%),1/3 (33%),44%,9,5,30,10,,2,,,,,2
12241627,498,57303,CALENDAR,REGULAR,Semifinals,INTERNATIONAL,1932,CF Monterrey,Visita,2ND,24/04/2024,28,1,44%,0.00,1,4,4,2,,211,14,2,2,,3,0,1,0,2,2,1,0,0,,,2,178,6,23,,15/22 (68%),0/7 (0%),48%,5,21/41 (51%),2/7 (29%),5/9 (56%),79%,14,5,33,3,,4,,,,,2
11911606,242,57317,CALENDAR,REGULAR_SEASON,Regular Season,LEAGUE,2504,Columbus Crew,Local,ALL,27/04/2024,,0,67%,1.52,2,13,2,6,9,682,12,17,1,,4,2,4,5,8,5,,2,,25,4,2,606,24,88,132/173 (76%),20/41 (49%),1/19 (5%),58%,9,39/70 (56%),8/11 (73%),10/17 (59%),67%,12,11,51,10,,2,0.47,0,0,1,3
11911606,242,57317,CALENDAR,REGULAR_SEASON,Regular Season,LEAGUE,2504,Columbus Crew,Local,1ST,27/04/2024,,0,66%,0.00,0,0,1,1,,365,7,9,0,,0,0,0,0,0,0,,0,,,4,2,327,13,44,,11/21 (52%),0/6 (0%),61%,3,21/35 (60%),4/6 (67%),5/9 (56%),57%,7,5,27,5,,1,,,,,0
11911606,242,57317,CALENDAR,REGULAR_SEASON,Regular Season,LEAGUE,2504,Columbus Crew,Local,2ND,27/04/2024,,0,69%,1.52,2,13,1,5,,317,5,8,1,,4,2,4,5,8,5,,2,,,0,0,279,11,44,,9/20 (45%),1/13 (8%),55%,6,18/35 (51%),4/5 (80%),5/8 (63%),80%,5,6,24,5,,1,,,,,3
11911606,242,57317,CALENDAR,REGULAR_SEASON,Regular Season,LEAGUE,22006,CF Montréal,Visita,ALL,27/04/2024,,0,33%,0.56,1,8,4,3,17,330,16,9,5,,3,0,4,1,6,2,,1,,16,0,1,274,12,48,57/85 (67%),19/39 (49%),1/10 (10%),42%,4,31/70 (44%),3/11 (27%),6/14 (43%),63%,16,10,50,24,,4,1.67,3,1,0,7
11911606,242,57317,CALENDAR,REGULAR_SEASON,Regular Season,LEAGUE,22006,CF Montréal,Visita,1ST,27/04/2024,,0,34%,0.08,0,2,0,2,,186,7,6,1,,1,0,0,1,1,1,,0,,,0,0,158,3,26,,13/24 (54%),0/7 (0%),39%,2,14/35 (40%),2/6 (33%),1/6 (17%),57%,7,5,28,8,,0,,,,,2
11911606,242,57317,CALENDAR,REGULAR_SEASON,Regular Season,LEAGUE,22006,CF Montréal,Visita,2ND,27/04/2024,,0,31%,0.48,1,6,4,1,,144,9,3,4,,2,0,4,0,5,1,,1,,,0,1,116,9,22,,6/15 (40%),1/3 (33%),45%,2,17/35 (49%),1/5 (20%),5/8 (63%),67%,9,5,22,16,,4,,,,,5
12241626,498,57303,CALENDAR,REGULAR,Semifinals,INTERNATIONAL,1932,CF Monterrey,Local,ALL,01/05/2024,28,1,55%,0.00,3,22,2,2,15,454,14,5,1,1,6,1,8,8,15,7,0,3,0,,1,1,382,18,71,,38/63 (60%),13/34 (38%),49%,5,29/64 (45%),17/29 (59%),10/16 (63%),86%,14,9,52,11,,2,,,,,5
12241626,498,57303,CALENDAR,REGULAR,Semifinals,INTERNATIONAL,1932,CF Monterrey,Local,1ST,01/05/2024,28,1,47%,0.00,1,7,0,1,,203,10,3,1,0,1,1,2,4,3,4,0,1,0,,1,1,169,7,28,,16/30 (53%),2/7 (29%),54%,3,17/33 (52%),5/8 (63%),4/7 (57%),90%,10,7,28,8,,0,,,,,3
12241626,498,57303,CALENDAR,REGULAR,Semifinals,INTERNATIONAL,1932,CF Monterrey,Local,2ND,01/05/2024,28,0,64%,0.00,2,15,2,1,,251,4,2,0,1,5,0,6,4,12,3,0,2,0,,0,0,213,11,43,,22/33 (67%),11/27 (41%),46%,2,12/31 (39%),12/21 (57%),6/9 (67%),75%,4,2,24,3,,2,,,,,2
12241626,498,57303,CALENDAR,REGULAR,Semifinals,INTERNATIONAL,2504,Columbus Crew,Visita,ALL,01/05/2024,28,3,45%,0.00,2,8,6,3,6,390,11,15,1,0,5,0,3,0,3,5,1,1,3,,3,1,317,17,52,,16/48 (33%),0/11 (0%),51%,9,35/64 (55%),12/29 (41%),9/14 (64%),82%,11,8,52,31,,6,,,,,9
12241626,498,57303,CALENDAR,REGULAR,Semifinals,INTERNATIONAL,2504,Columbus Crew,Visita,1ST,01/05/2024,28,1,53%,0.00,0,3,1,2,,235,6,7,1,0,1,0,2,0,0,3,0,0,1,,1,1,204,9,23,,7/15 (47%),0/7 (0%),46%,6,16/33 (48%),3/8 (38%),3/7 (43%),83%,6,5,22,9,,1,,,,,3
12241626,498,57303,CALENDAR,REGULAR,Semifinals,INTERNATIONAL,2504,Columbus Crew,Visita,2ND,01/05/2024,28,2,36%,0.00,2,5,5,1,,155,5,8,0,0,4,0,1,0,3,2,1,1,2,,2,0,113,8,29,,9/33 (27%),0/4 (0%),54%,3,19/31 (61%),9/21 (43%),6/7 (86%),80%,5,3,30,22,,5,,,,,6
11911634,242,57317,CALENDAR,REGULAR_SEASON,Regular Season,LEAGUE,2504,Columbus Crew,Local,ALL,11/05/2024,,1,55%,0.78,0,15,3,4,8,491,22,15,2,,4,2,7,4,10,5,0,0,0,21,1,0,428,20,45,93/115 (81%),21/39 (54%),8/24 (33%),53%,11,49/91 (54%),8/16 (50%),12/25 (48%),64%,22,12,60,7,,3,0.46,,0,,5
11911634,242,57317,CALENDAR,REGULAR_SEASON,Regular Season,LEAGUE,2504,Columbus Crew,Local,1ST,11/05/2024,,0,51%,0.21,0,5,1,2,,229,10,8,1,,1,1,2,2,4,1,0,0,0,,1,0,200,9,18,,13/21 (62%),3/8 (38%),59%,7,25/43 (58%),5/8 (63%),7/11 (64%),60%,10,8,32,6,,1,,,,,2
11911634,242,57317,CALENDAR,REGULAR_SEASON,Regular Season,LEAGUE,2504,Columbus Crew,Local,2ND,11/05/2024,,1,58%,0.56,0,10,2,2,,262,12,7,1,,3,1,5,2,6,4,0,0,0,,0,0,228,11,27,,8/18 (44%),5/16 (31%),48%,4,24/48 (50%),3/8 (38%),5/14 (36%),67%,12,4,28,1,,2,,,,,3
11911634,242,57317,CALENDAR,REGULAR_SEASON,Regular Season,LEAGUE,215167,FC Cincinnati,Visita,ALL,11/05/2024,,2,45%,1.16,4,8,3,4,16,418,24,8,3,,5,0,2,1,6,2,2,2,1,27,2,1,358,18,47,96/124 (77%),24/44 (55%),5/16 (31%),47%,14,42/91 (46%),8/16 (50%),10/18 (56%),63%,24,12,61,17,,3,0.20,,2,,8
11911634,242,57317,CALENDAR,REGULAR_SEASON,Regular Season,LEAGUE,215167,FC Cincinnati,Visita,1ST,11/05/2024,,0,49%,0.51,2,3,1,2,,223,11,4,2,,1,0,1,1,3,0,0,2,1,,1,1,192,8,26,,12/22 (55%),3/11 (27%),41%,5,18/43 (42%),3/8 (38%),3/8 (38%),73%,11,8,33,5,,1,,,,,2
11911634,242,57317,CALENDAR,REGULAR_SEASON,Regular Season,LEAGUE,215167,FC Cincinnati,Visita,2ND,11/05/2024,,2,42%,0.65,2,5,2,2,,195,13,4,1,,4,0,1,0,3,2,2,0,0,,1,0,166,10,21,,12/22 (55%),2/5 (40%),52%,9,24/48 (50%),5/8 (63%),7/10 (70%),54%,13,4,28,12,,2,,,,,6
11911648,242,57317,CALENDAR,REGULAR_SEASON,Regular Season,LEAGUE,22006,CF Montréal,Local,ALL,15/05/2024,,1,44%,1.76,2,10,3,1,14,491,23,4,2,,3,1,4,3,5,5,1,1,2,14,2,2,418,14,43,78/108 (72%),17/34 (50%),2/12 (17%),47%,4,32/66 (48%),5/12 (42%),5/14 (36%),65%,23,12,50,16,,3,0.27,,,,6
11911648,242,57317,CALENDAR,REGULAR_SEASON,Regular Season,LEAGUE,22006,CF Montréal,Local,1ST,15/05/2024,,1,47%,1.37,2,5,2,0,,260,12,3,2,,2,0,2,1,3,2,1,1,1,,2,1,222,6,21,,7/17 (41%),1/4 (25%),53%,1,18/33 (55%),2/5 (40%),3/6 (50%),67%,12,6,23,6,,2,,,,,4
11911648,242,57317,CALENDAR,REGULAR_SEASON,Regular Season,LEAGUE,22006,CF Montréal,Local,2ND,15/05/2024,,0,41%,0.38,0,5,1,1,,231,11,1,0,,1,1,2,2,2,3,0,0,1,,0,1,196,8,22,,10/17 (59%),1/8 (13%),43%,3,14/33 (42%),3/7 (43%),2/8 (25%),64%,11,6,27,10,,1,,,,,2
11911648,242,57317,CALENDAR,REGULAR_SEASON,Regular Season,LEAGUE,2504,Columbus Crew,Visita,ALL,15/05/2024,,3,56%,2.47,5,11,2,2,5,632,13,13,3,,6,0,3,2,7,4,3,2,0,28,2,2,559,18,66,115/153 (75%),15/33 (45%),3/12 (25%),53%,10,34/66 (52%),7/12 (58%),8/21 (38%),77%,13,13,50,10,,2,0.35,,,,9
11911648,242,57317,CALENDAR,REGULAR_SEASON,Regular Season,LEAGUE,2504,Columbus Crew,Visita,1ST,15/05/2024,,1,53%,0.88,3,6,1,2,,293,4,7,2,,3,0,2,1,3,3,1,2,0,,1,2,258,9,29,,5/10 (50%),2/4 (50%),47%,5,15/33 (45%),3/5 (60%),4/11 (36%),100%,4,9,22,5,,1,,,,,4
11911648,242,57317,CALENDAR,REGULAR_SEASON,Regular Season,LEAGUE,2504,Columbus Crew,Visita,2ND,15/05/2024,,2,59%,1.59,2,5,1,0,,339,9,6,1,,3,0,1,1,4,1,2,0,0,,1,0,301,9,37,,10/23 (43%),1/8 (13%),57%,5,19/33 (58%),4/7 (57%),4/10 (40%),67%,9,4,28,5,,1,,,,,5
11911667,242,57317,CALENDAR,REGULAR_SEASON,Regular Season,LEAGUE,2505,Chicago Fire,Local,ALL,18/05/2024,,1,41%,1.53,5,11,2,9,22,394,24,6,3,,4,0,5,2,9,2,1,4,,24,1,1,340,11,43,59/83 (71%),22/44 (50%),5/22 (23%),43%,7,30/72 (42%),7/14 (50%),0/10 (0%),58%,24,7,48,7,,2,0.09,,,0,3
11911667,242,57317,CALENDAR,REGULAR_SEASON,Regular Season,LEAGUE,2505,Chicago Fire,Local,1ST,18/05/2024,,0,38%,0.32,1,3,1,3,,184,17,4,2,,1,0,1,1,2,1,0,1,,,0,0,157,6,16,,14/26 (54%),2/11 (18%),51%,3,21/42 (50%),3/5 (60%),0/6 (0%),65%,17,4,26,3,,1,,,,,1
11911667,242,57317,CALENDAR,REGULAR_SEASON,Regular Season,LEAGUE,2505,Chicago Fire,Local,2ND,18/05/2024,,1,44%,1.22,4,8,1,6,,210,7,2,1,,3,0,4,1,7,1,1,3,,,1,1,183,5,27,,8/18 (44%),3/11 (27%),33%,4,9/30 (30%),4/9 (44%),0/4 (0%),43%,7,3,22,4,,1,,,,,2
11911667,242,57317,CALENDAR,REGULAR_SEASON,Regular Season,LEAGUE,2504,Columbus Crew,Visita,ALL,18/05/2024,,3,59%,0.90,4,9,3,5,7,604,17,21,0,,5,0,1,3,8,1,3,1,,14,1,1,540,15,49,61/82 (74%),27/44 (61%),3/8 (38%),57%,17,42/72 (58%),7/14 (50%),4/11 (36%),59%,17,5,43,18,,3,1.24,,,1,7
11911667,242,57317,CALENDAR,REGULAR_SEASON,Regular Season,LEAGUE,2504,Columbus Crew,Visita,1ST,18/05/2024,,1,62%,0.16,1,3,1,1,,324,9,10,0,,2,0,0,1,3,0,1,0,,,0,0,290,10,23,,13/23 (57%),1/2 (50%),49%,13,21/42 (50%),2/5 (40%),2/6 (33%),56%,9,4,26,7,,1,,,,,4
11911667,242,57317,CALENDAR,REGULAR_SEASON,Regular Season,LEAGUE,2504,Columbus Crew,Visita,2ND,18/05/2024,,2,56%,0.74,3,6,2,4,,280,8,11,0,,3,0,1,2,5,1,2,1,,,1,1,250,5,26,,14/21 (67%),2/6 (33%),67%,4,21/30 (70%),5/9 (56%),2/5 (40%),63%,8,1,17,11,,2,,,,,3
11911679,242,57317,CALENDAR,REGULAR_SEASON,Regular Season,LEAGUE,52237,Orlando City SC,Local,ALL,25/05/2024,,0,45%,1.29,4,12,1,9,11,463,19,7,2,,5,0,3,4,9,3,0,4,1,30,1,6,416,9,42,119/141 (84%),15/22 (68%),8/25 (32%),49%,7,35/68 (51%),7/17 (41%),9/16 (56%),74%,19,7,42,15,,1,-0.39,,0,,4
11911679,242,57317,CALENDAR,REGULAR_SEASON,Regular Season,LEAGUE,52237,Orlando City SC,Local,1ST,25/05/2024,,0,39%,0.34,1,4,0,4,,200,7,3,1,,1,0,2,1,3,1,0,1,1,,0,3,184,2,19,,8/10 (80%),1/8 (13%),45%,4,14/29 (48%),3/9 (33%),4/6 (67%),71%,7,5,18,13,,0,,,,,1
11911679,242,57317,CALENDAR,REGULAR_SEASON,Regular Season,LEAGUE,52237,Orlando City SC,Local,2ND,25/05/2024,,0,52%,0.95,3,8,1,5,,263,12,4,1,,4,0,1,3,6,2,0,3,0,,1,3,232,7,23,,7/12 (58%),7/17 (41%),53%,3,21/39 (54%),4/8 (50%),5/10 (50%),75%,12,2,24,2,,1,,,,,3
11911679,242,57317,CALENDAR,REGULAR_SEASON,Regular Season,LEAGUE,2504,Columbus Crew,Visita,ALL,25/05/2024,,2,55%,2.19,3,8,5,2,7,582,14,10,2,,3,0,3,2,6,2,2,1,2,15,4,1,528,14,57,147/164 (90%),17/34 (50%),1/11 (9%),51%,9,33/68 (49%),10/17 (59%),9/19 (47%),43%,14,6,42,18,,5,2.16,,1,,4
11911679,242,57317,CALENDAR,REGULAR_SEASON,Regular Season,LEAGUE,2504,Columbus Crew,Visita,1ST,25/05/2024,,1,61%,0.79,1,1,1,1,,324,6,6,0,,1,0,0,0,1,0,1,0,0,,2,0,300,7,37,,8/12 (67%),0/9 (0%),55%,3,15/29 (52%),6/9 (67%),3/7 (43%),17%,6,1,16,8,,1,,,,,2
11911679,242,57317,CALENDAR,REGULAR_SEASON,Regular Season,LEAGUE,2504,Columbus Crew,Visita,2ND,25/05/2024,,1,48%,1.40,2,7,4,1,,258,8,4,2,,2,0,3,2,5,2,1,1,2,,2,1,228,7,20,,9/22 (41%),1/2 (50%),47%,6,18/39 (46%),4/8 (50%),6/12 (50%),63%,8,5,26,10,,4,,,,,2
12302359,498,57303,CALENDAR,FINAL,Final,INTERNATIONAL,1936,CF Pachuca,Local,ALL,01/06/2024,29,3,46%,0.00,5,23,3,9,15,362,13,8,1,,8,0,11,4,13,10,1,4,2,30,1,5,308,16,46,90/126 (71%),49/70 (70%),3/12 (25%),46%,2,28/56 (50%),3/11 (27%),7/12 (58%),54%,13,12,50,5,,3,,,1,,13
12302359,498,57303,CALENDAR,FINAL,Final,INTERNATIONAL,1936,CF Pachuca,Local,1ST,01/06/2024,29,2,37%,0.00,2,9,2,2,,154,6,3,1,,3,0,4,2,6,3,1,1,2,,0,2,133,8,24,,23/29 (79%),1/6 (17%),44%,2,12/28 (43%),2/4 (50%),3/5 (60%),50%,6,8,30,4,,2,,,,,5
12302359,498,57303,CALENDAR,FINAL,Final,INTERNATIONAL,1936,CF Pachuca,Local,2ND,01/06/2024,29,1,56%,0.00,3,14,1,7,,208,7,5,0,,5,0,7,2,7,7,0,3,0,,1,3,175,8,22,,26/41 (63%),2/6 (33%),49%,0,16/28 (57%),1/7 (14%),4/7 (57%),57%,7,4,20,1,,1,,,,,8
12302359,498,57303,CALENDAR,FINAL,Final,INTERNATIONAL,2504,Columbus Crew,Visita,ALL,01/06/2024,29,0,54%,0.00,1,11,5,4,9,429,7,14,0,,3,1,6,2,5,6,0,1,0,13,4,1,363,11,48,73/103 (71%),18/45 (40%),1/10 (10%),54%,8,28/56 (50%),8/11 (73%),7/12 (58%),71%,7,3,45,14,,5,,,0,,13
12302359,498,57303,CALENDAR,FINAL,Final,INTERNATIONAL,2504,Columbus Crew,Visita,1ST,01/06/2024,29,0,63%,0.00,0,5,1,3,,268,4,9,0,,2,0,2,1,3,2,0,0,0,,2,0,232,5,21,,12/24 (50%),1/3 (33%),56%,3,16/28 (57%),2/4 (50%),3/6 (50%),50%,4,2,22,3,,1,,,,,7
12302359,498,57303,CALENDAR,FINAL,Final,INTERNATIONAL,2504,Columbus Crew,Visita,2ND,01/06/2024,29,0,44%,0.00,1,6,4,1,,161,3,5,0,,1,1,4,1,2,4,0,1,0,,2,1,131,6,27,,6/21 (29%),0/7 (0%),51%,5,12/28 (43%),6/7 (86%),4/6 (67%),100%,3,1,23,11,,4,,,,,6
11911718,242,57317,CALENDAR,REGULAR_SEASON,Regular Season,LEAGUE,187643,New York City FC,Local,ALL,14/06/2024,,2,41%,2.17,5,13,9,3,16,389,14,12,4,1,6,1,6,1,8,5,2,3,3,20,2,5,323,16,53,59/88 (67%),24/47 (51%),3/11 (27%),49%,7,32/64 (50%),8/18 (44%),7/11 (64%),71%,14,3,57,11,1,9,2.12,1,1,,1
11911718,242,57317,CALENDAR,REGULAR_SEASON,Regular Season,LEAGUE,187643,New York City FC,Local,1ST,14/06/2024,,1,37%,0.50,2,4,8,0,,194,8,1,1,1,2,1,2,0,2,2,1,1,1,,0,2,163,6,21,,12/23 (52%),1/2 (50%),38%,4,11/31 (35%),3/6 (50%),3/5 (60%),63%,8,3,30,9,,8,,,,,0
11911718,242,57317,CALENDAR,REGULAR_SEASON,Regular Season,LEAGUE,187643,New York City FC,Local,2ND,14/06/2024,,1,44%,1.67,3,9,1,3,,195,6,11,3,0,4,0,4,1,6,3,1,2,2,,2,3,160,10,32,,12/24 (50%),2/9 (22%),58%,3,21/33 (64%),5/12 (42%),4/6 (67%),83%,6,0,27,2,,1,,,,,1
11911718,242,57317,CALENDAR,REGULAR_SEASON,Regular Season,LEAGUE,2504,Columbus Crew,Visita,ALL,14/06/2024,,3,59%,3.69,8,18,4,4,12,574,11,16,2,0,12,0,3,3,17,1,3,5,2,30,5,1,510,13,43,84/110 (76%),23/49 (47%),2/13 (15%),51%,6,32/64 (50%),10/18 (56%),7/15 (47%),73%,11,4,47,12,0,4,0.81,0,0,,7
11911718,242,57317,CALENDAR,REGULAR_SEASON,Regular Season,LEAGUE,2504,Columbus Crew,Visita,1ST,14/06/2024,,0,63%,1.68,4,11,1,4,,322,6,11,0,0,8,0,1,2,10,1,0,4,2,,4,1,292,7,25,,14/24 (58%),0/10 (0%),62%,4,20/31 (65%),3/6 (50%),3/7 (43%),83%,6,3,28,2,,1,,,,,1
11911718,242,57317,CALENDAR,REGULAR_SEASON,Regular Season,LEAGUE,2504,Columbus Crew,Visita,2ND,14/06/2024,,3,56%,2.00,4,7,3,0,,252,5,5,2,0,4,0,2,1,7,0,3,1,0,,1,0,218,6,18,,9/25 (36%),2/3 (67%),42%,2,12/33 (36%),7/12 (58%),4/8 (50%),60%,5,1,19,10,,3,,,,,6
11911735,242,57317,CALENDAR,REGULAR_SEASON,Regular Season,LEAGUE,337602,Inter Miami CF,Local,ALL,19/06/2024,,2,32%,1.08,4,12,3,3,8,354,20,6,2,,7,0,2,3,7,5,2,2,0,16,1,2,284,16,40,54/73 (74%),21/37 (57%),5/9 (56%),49%,5,33/64 (52%),4/12 (33%),7/12 (58%),60%,20,17,52,15,,3,0.78,1,2,,13
11911735,242,57317,CALENDAR,REGULAR_SEASON,Regular Season,LEAGUE,337602,Inter Miami CF,Local,1ST,19/06/2024,,2,34%,0.91,4,10,1,2,,192,10,3,1,,6,0,2,2,6,4,2,2,0,,1,1,165,5,21,,12/19 (63%),2/4 (50%),49%,2,16/32 (50%),1/3 (33%),3/5 (60%),60%,10,7,26,6,,1,,,,,4
11911735,242,57317,CALENDAR,REGULAR_SEASON,Regular Season,LEAGUE,337602,Inter Miami CF,Local,2ND,19/06/2024,,0,31%,0.17,0,2,2,1,,162,10,3,1,,1,0,0,1,1,1,0,0,0,,0,1,119,11,19,,9/18 (50%),3/5 (60%),49%,3,17/32 (53%),3/9 (33%),4/7 (57%),60%,10,10,26,9,,2,,,,,9
11911735,242,57317,CALENDAR,REGULAR_SEASON,Regular Season,LEAGUE,2504,Columbus Crew,Visita,ALL,19/06/2024,,1,68%,1.65,2,17,5,4,6,743,10,8,0,,4,0,8,5,9,8,1,1,1,34,1,0,666,14,91,216/271 (80%),24/43 (56%),7/18 (39%),51%,10,31/64 (48%),8/12 (67%),13/23 (57%),80%,10,15,52,6,,5,0.28,1,0,,5
11911735,242,57317,CALENDAR,REGULAR_SEASON,Regular Season,LEAGUE,2504,Columbus Crew,Visita,1ST,19/06/2024,,1,66%,0.57,1,8,4,1,,371,4,5,0,,2,0,4,2,5,3,1,0,1,,1,0,334,3,36,,13/22 (59%),3/5 (60%),51%,7,16/32 (50%),2/3 (67%),7/10 (70%),75%,4,6,26,1,,4,,,,,4
11911735,242,57317,CALENDAR,REGULAR_SEASON,Regular Season,LEAGUE,2504,Columbus Crew,Visita,2ND,19/06/2024,,0,69%,1.08,1,9,1,3,,372,6,3,0,,2,0,4,3,4,5,0,1,0,,0,0,332,11,55,,11/21 (52%),4/13 (31%),51%,3,15/32 (47%),6/9 (67%),6/13 (46%),83%,6,9,26,5,,1,,,,,1
11911746,242,57317,CALENDAR,REGULAR_SEASON,Regular Season,LEAGUE,2504,Columbus Crew,Local,ALL,22/06/2024,,4,70%,2.02,3,13,0,7,5,729,11,15,0,,8,0,3,2,8,5,2,1,1,31,2,2,667,24,53,136/170 (80%),17/27 (63%),6/19 (32%),58%,15,43/74 (58%),7/12 (58%),17/22 (77%),64%,11,8,53,14,,0,0.00,0,,2,2
11911746,242,57317,CALENDAR,REGULAR_SEASON,Regular Season,LEAGUE,2504,Columbus Crew,Local,1ST,22/06/2024,,2,70%,0.99,1,8,0,6,,344,4,6,0,,4,0,3,1,6,2,1,0,0,,0,0,316,9,22,,6/8 (75%),4/14 (29%),56%,7,16/30 (53%),6/9 (67%),6/8 (75%),75%,4,5,28,9,,0,,,,,1
11911746,242,57317,CALENDAR,REGULAR_SEASON,Regular Season,LEAGUE,2504,Columbus Crew,Local,2ND,22/06/2024,,2,71%,1.03,2,5,0,1,,385,7,9,0,,4,0,0,1,2,3,1,1,1,,2,2,351,15,31,,11/19 (58%),2/5 (40%),60%,8,27/44 (61%),1/3 (33%),11/14 (79%),57%,7,3,25,5,,0,,,,,1
11911746,242,57317,CALENDAR,REGULAR_SEASON,Regular Season,LEAGUE,2509,Sporting Kansas City,Visita,ALL,22/06/2024,,0,30%,0.23,0,3,4,1,15,311,20,5,2,,0,0,2,1,2,1,0,0,1,8,0,3,250,13,31,44/71 (62%),24/50 (48%),0/6 (0%),42%,5,31/74 (42%),5/12 (42%),6/12 (50%),60%,20,3,46,20,,4,-0.52,2,,0,5
11911746,242,57317,CALENDAR,REGULAR_SEASON,Regular Season,LEAGUE,2509,Sporting Kansas City,Visita,1ST,22/06/2024,,0,30%,0.20,0,2,2,1,,154,9,3,0,,0,0,1,1,2,0,0,0,1,,0,1,122,5,18,,16/32 (50%),0/3 (0%),44%,2,14/30 (47%),3/9 (33%),2/4 (50%),44%,9,2,22,12,,2,,,,,4
11911746,242,57317,CALENDAR,REGULAR_SEASON,Regular Season,LEAGUE,2509,Sporting Kansas City,Visita,2ND,22/06/2024,,0,29%,0.04,0,1,2,0,,157,11,2,2,,0,0,1,0,0,1,0,0,0,,0,2,128,8,13,,8/18 (44%),0/3 (0%),40%,3,17/44 (39%),2/3 (67%),4/8 (50%),73%,11,1,24,8,,2,,,,,1
11911763,242,57317,CALENDAR,REGULAR_SEASON,Regular Season,LEAGUE,2511,New England Revolution,Local,ALL,29/06/2024,,1,40%,1.35,4,8,1,4,15,389,18,7,0,,5,0,2,1,6,2,1,3,2,12,1,3,333,8,43,41/71 (58%),24/51 (47%),3/17 (18%),41%,7,26/60 (43%),3/11 (27%),1/6 (17%),39%,18,11,46,10,,1,-1.06,,1,0,8
11911763,242,57317,CALENDAR,REGULAR_SEASON,Regular Season,LEAGUE,2511,New England Revolution,Local,1ST,29/06/2024,,1,42%,1.04,3,5,1,0,,205,5,5,0,,4,0,1,0,4,1,1,2,2,,1,2,173,3,23,,12/30 (40%),1/3 (33%),42%,0,10/24 (42%),3/7 (43%),0/2 (0%),20%,5,6,23,4,,1,,,,,6
11911763,242,57317,CALENDAR,REGULAR_SEASON,Regular Season,LEAGUE,2511,New England Revolution,Local,2ND,29/06/2024,,0,38%,0.31,1,3,0,4,,184,13,2,0,,1,0,1,1,2,1,0,1,0,,0,1,160,5,20,,12/21 (57%),2/14 (14%),40%,7,16/36 (44%),0/4 (0%),1/4 (25%),46%,13,5,23,6,,0,,,,,2
11911763,242,57317,CALENDAR,REGULAR_SEASON,Regular Season,LEAGUE,2504,Columbus Crew,Visita,ALL,29/06/2024,,5,60%,2.56,4,18,4,3,8,591,12,15,1,,6,0,7,5,10,8,3,1,1,28,2,0,526,16,58,117/143 (82%),31/52 (60%),3/8 (38%),59%,7,34/60 (57%),8/11 (73%),8/19 (42%),58%,12,7,52,13,,4,0.01,,2,1,1
11911763,242,57317,CALENDAR,REGULAR_SEASON,Regular Season,LEAGUE,2504,Columbus Crew,Visita,1ST,29/06/2024,,3,58%,1.17,2,13,3,2,,275,2,7,1,,4,0,5,4,6,7,2,0,0,,1,0,237,8,29,,11/19 (58%),2/5 (40%),58%,4,14/24 (58%),4/7 (57%),5/6 (83%),100%,2,2,25,3,,3,,,,,0
11911763,242,57317,CALENDAR,REGULAR_SEASON,Regular Season,LEAGUE,2504,Columbus Crew,Visita,2ND,29/06/2024,,2,62%,1.39,2,5,1,1,,316,10,8,0,,2,0,2,1,4,1,1,1,1,,1,0,289,8,29,,20/33 (61%),1/3 (33%),60%,3,20/36 (56%),4/4 (100%),3/13 (23%),50%,10,5,27,10,,1,,,,,1
11911774,242,57317,CALENDAR,REGULAR_SEASON,Regular Season,LEAGUE,2504,Columbus Crew,Local,ALL,03/07/2024,,2,55%,2.35,3,17,3,10,8,474,15,14,0,,4,2,7,6,11,6,2,1,,33,3,1,403,13,49,111/144 (77%),21/42 (50%),2/14 (14%),55%,9,35/55 (64%),7/21 (33%),6/9 (67%),60%,15,11,56,10,,3,0.17,1,,,5
11911774,242,57317,CALENDAR,REGULAR_SEASON,Regular Season,LEAGUE,2504,Columbus Crew,Local,1ST,03/07/2024,,1,59%,1.16,1,8,2,5,,224,8,6,0,,2,1,4,2,6,2,1,0,,,1,0,187,4,23,,13/24 (54%),2/11 (18%),54%,4,17/26 (65%),2/9 (22%),3/4 (75%),75%,8,9,30,8,,2,,,,,3
11911774,242,57317,CALENDAR,REGULAR_SEASON,Regular Season,LEAGUE,2504,Columbus Crew,Local,2ND,03/07/2024,,1,52%,1.19,2,9,1,5,,250,7,8,0,,2,1,3,4,5,4,1,1,,,2,1,216,9,26,,8/18 (44%),0/3 (0%),56%,5,18/29 (62%),5/12 (42%),3/5 (60%),43%,7,2,26,2,,1,,,,,2
11911774,242,57317,CALENDAR,REGULAR_SEASON,Regular Season,LEAGUE,337612,Nashville SC,Visita,ALL,03/07/2024,,0,45%,0.77,1,8,2,4,16,386,12,8,2,,3,0,4,1,5,3,0,1,,14,2,2,318,18,49,68/94 (72%),33/54 (61%),4/9 (44%),45%,9,20/55 (36%),14/21 (67%),1/7 (14%),67%,12,9,45,11,,2,-0.85,1,,,13
11911774,242,57317,CALENDAR,REGULAR_SEASON,Regular Season,LEAGUE,337612,Nashville SC,Visita,1ST,03/07/2024,,0,41%,0.66,1,6,1,4,,158,5,3,0,,2,0,3,1,4,2,0,1,,,1,1,121,14,17,,14/24 (58%),2/5 (40%),46%,6,9/26 (35%),7/9 (78%),1/3 (33%),60%,5,7,21,7,,1,,,,,7
11911774,242,57317,CALENDAR,REGULAR_SEASON,Regular Season,LEAGUE,337612,Nashville SC,Visita,2ND,03/07/2024,,0,48%,0.11,0,2,1,0,,228,7,5,2,,1,0,1,0,1,1,0,0,,,1,1,197,4,32,,19/30 (63%),2/4 (50%),44%,3,11/29 (38%),7/12 (58%),0/4 (0%),71%,7,2,24,4,,1,,,,,6
12000766,242,57317,CALENDAR,REGULAR_SEASON,Regular Season,LEAGUE,2504,Columbus Crew,Local,ALL,06/07/2024,,4,59%,1.98,2,11,2,5,8,500,11,15,1,,6,0,4,1,8,3,2,0,1,17,2,1,446,15,53,94/122 (77%),24/40 (60%),5/18 (28%),49%,6,35/68 (51%),7/18 (39%),9/20 (45%),55%,11,4,35,11,1,2,0.20,1,,,8
12000766,242,57317,CALENDAR,REGULAR_SEASON,Regular Season,LEAGUE,2504,Columbus Crew,Local,1ST,06/07/2024,,1,62%,0.53,0,6,1,5,,266,4,7,0,,3,0,2,1,3,3,0,0,1,,2,0,241,6,35,,11/19 (58%),3/14 (21%),50%,3,13/26 (50%),7/14 (50%),2/7 (29%),75%,4,2,17,6,,1,,,,,4
12000766,242,57317,CALENDAR,REGULAR_SEASON,Regular Season,LEAGUE,2504,Columbus Crew,Local,2ND,06/07/2024,,3,55%,1.45,2,5,1,0,,234,7,8,1,,3,0,2,0,5,0,2,0,0,,0,1,205,9,18,,13/21 (62%),2/4 (50%),48%,3,22/42 (52%),0/4 (0%),7/13 (54%),43%,7,2,18,5,,1,,,,,4
12000766,242,57317,CALENDAR,REGULAR_SEASON,Regular Season,LEAGUE,7080,Toronto FC,Visita,ALL,06/07/2024,,0,41%,0.36,1,8,2,4,15,347,17,8,4,,2,0,5,1,5,3,0,1,0,25,2,2,289,8,39,66/94 (70%),27/53 (51%),8/18 (44%),51%,4,33/68 (49%),11/18 (61%),9/16 (56%),47%,17,5,39,14,0,2,-1.64,1,,,8
12000766,242,57317,CALENDAR,REGULAR_SEASON,Regular Season,LEAGUE,7080,Toronto FC,Visita,1ST,06/07/2024,,0,38%,0.06,0,2,2,1,,162,8,4,1,,1,0,1,0,1,1,0,0,0,,1,0,129,6,13,,13/29 (45%),1/7 (14%),50%,2,13/26 (50%),7/14 (50%),2/4 (50%),25%,8,1,16,14,,2,,,,,6
12000766,242,57317,CALENDAR,REGULAR_SEASON,Regular Season,LEAGUE,7080,Toronto FC,Visita,2ND,06/07/2024,,0,45%,0.30,1,6,0,3,,185,9,4,3,,1,0,4,1,4,2,0,1,0,,1,2,160,2,26,,14/24 (58%),7/11 (64%),52%,2,20/42 (48%),4/4 (100%),7/12 (58%),67%,9,4,23,0,,0,,,,,2
12000850,242,57317,CALENDAR,REGULAR_SEASON,Regular Season,LEAGUE,274650,Los Angeles FC,Local,ALL,13/07/2024,,1,37%,1.34,2,17,3,6,17,345,15,6,4,2,5,0,7,5,13,4,1,1,0,26,0,1,288,16,37,52/76 (68%),24/44 (55%),5/14 (36%),39%,7,30/76 (39%),5/14 (36%),9/16 (56%),53%,15,20,39,13,,3,-2.31,2,,,10
12000850,242,57317,CALENDAR,REGULAR_SEASON,Regular Season,LEAGUE,274650,Los Angeles FC,Local,1ST,13/07/2024,,0,38%,0.53,0,6,2,3,,173,5,3,1,0,1,0,3,2,5,1,0,0,0,,0,0,143,11,17,,13/25 (52%),2/6 (33%),37%,4,13/35 (37%),3/8 (38%),5/8 (63%),60%,5,8,17,7,,2,,,,,7
12000850,242,57317,CALENDAR,REGULAR_SEASON,Regular Season,LEAGUE,274650,Los Angeles FC,Local,2ND,13/07/2024,,1,36%,0.81,2,11,1,3,,172,10,3,3,2,4,0,4,3,8,3,1,1,0,,0,1,145,5,20,,11/19 (58%),3/8 (38%),40%,3,17/41 (41%),2/6 (33%),4/8 (50%),50%,10,12,22,6,,1,,,,,3
12000850,242,57317,CALENDAR,REGULAR_SEASON,Regular Season,LEAGUE,2504,Columbus Crew,Visita,ALL,13/07/2024,,5,63%,2.13,4,19,4,7,6,588,14,16,0,1,8,1,7,4,13,6,2,2,1,27,2,2,528,14,60,120/149 (81%),33/52 (63%),9/21 (43%),61%,9,46/76 (61%),9/14 (64%),16/22 (73%),43%,14,9,48,12,,4,0.60,1,,,9
12000850,242,57317,CALENDAR,REGULAR_SEASON,Regular Season,LEAGUE,2504,Columbus Crew,Visita,1ST,13/07/2024,,1,62%,1.04,2,9,1,3,,279,7,5,0,0,3,0,3,3,5,4,1,1,1,,0,1,252,9,33,,18/27 (67%),6/14 (43%),63%,3,22/35 (63%),5/8 (63%),10/12 (83%),29%,7,5,21,7,,1,,,,,4
12000850,242,57317,CALENDAR,REGULAR_SEASON,Regular Season,LEAGUE,2504,Columbus Crew,Visita,2ND,13/07/2024,,4,64%,1.09,2,10,3,4,,309,7,11,0,1,5,1,4,1,8,2,1,1,0,,2,1,276,5,27,,15/25 (60%),3/7 (43%),60%,6,24/41 (59%),4/6 (67%),6/10 (60%),57%,7,4,27,5,,3,,,,,5
12000855,242,57317,CALENDAR,REGULAR_SEASON,Regular Season,LEAGUE,2504,Columbus Crew,Local,ALL,17/07/2024,,1,69%,1.83,3,21,4,9,2,677,6,4,1,,8,1,5,8,16,5,0,3,0,40,1,2,614,16,64,148/184 (80%),29/46 (63%),8/24 (33%),49%,8,15/31 (48%),6/12 (50%),5/9 (56%),50%,6,5,48,9,0,4,0.43,1,1,0,10
12000855,242,57317,CALENDAR,REGULAR_SEASON,Regular Season,LEAGUE,2504,Columbus Crew,Local,1ST,17/07/2024,,1,76%,0.67,1,9,0,3,,407,2,1,0,,4,0,3,2,7,2,0,1,0,,1,0,375,8,32,,16/21 (76%),4/12 (33%),56%,5,8/15 (53%),2/3 (67%),5/7 (71%),50%,2,1,23,1,,0,,,,,6
12000855,242,57317,CALENDAR,REGULAR_SEASON,Regular Season,LEAGUE,2504,Columbus Crew,Local,2ND,17/07/2024,,0,60%,1.16,2,12,4,6,,270,4,3,1,,4,1,2,6,9,3,0,2,0,,0,2,239,8,32,,13/25 (52%),4/12 (33%),44%,3,7/16 (44%),4/9 (44%),0/2 (0%),50%,4,4,25,8,,4,,,,,4
12000855,242,57317,CALENDAR,REGULAR_SEASON,Regular Season,LEAGUE,404108,Charlotte FC,Visita,ALL,17/07/2024,,1,31%,2.11,4,12,7,1,4,309,12,2,2,,6,0,4,2,11,1,1,3,1,24,0,1,246,9,39,64/95 (67%),22/57 (39%),1/7 (14%),51%,5,16/31 (52%),6/12 (50%),2/3 (67%),50%,12,16,47,20,2,7,0.68,0,1,1,9
12000855,242,57317,CALENDAR,REGULAR_SEASON,Regular Season,LEAGUE,404108,Charlotte FC,Visita,1ST,17/07/2024,,0,24%,0.25,1,1,3,0,,128,7,0,0,,0,0,1,0,1,0,0,1,0,,0,1,97,2,16,,9/27 (33%),0/4 (0%),44%,2,7/15 (47%),1/3 (33%),0/0 (0%),43%,7,9,27,11,,3,,,,,4
12000855,242,57317,CALENDAR,REGULAR_SEASON,Regular Season,LEAGUE,404108,Charlotte FC,Visita,2ND,17/07/2024,,1,40%,1.86,3,11,4,1,,181,5,2,2,,6,0,3,2,10,1,1,2,1,,0,0,149,7,23,,13/30 (43%),1/3 (33%),56%,3,9/16 (56%),5/9 (56%),2/3 (67%),60%,5,7,20,9,,4,,,,,5
12000869,242,57317,CALENDAR,REGULAR_SEASON,Regular Season,LEAGUE,243211,Atlanta United,Local,ALL,20/07/2024,,2,31%,1.97,5,13,0,9,9,258,12,8,2,,7,1,4,2,10,3,2,3,,30,0,2,202,10,33,45/67 (67%),32/58 (55%),10/22 (45%),38%,6,24/62 (39%),5/15 (33%),4/18 (22%),67%,12,17,35,23,,0,-0.08,0,1,,15
12000869,242,57317,CALENDAR,REGULAR_SEASON,Regular Season,LEAGUE,243211,Atlanta United,Local,1ST,20/07/2024,,0,33%,1.08,2,7,0,4,,140,4,5,1,,4,0,3,0,5,2,0,2,,,0,1,108,2,20,,18/33 (55%),4/9 (44%),37%,2,10/26 (38%),3/9 (33%),1/5 (20%),75%,4,9,15,11,,0,,,,,7
12000869,242,57317,CALENDAR,REGULAR_SEASON,Regular Season,LEAGUE,243211,Atlanta United,Local,2ND,20/07/2024,,2,29%,0.90,3,6,0,5,,118,8,3,1,,3,1,1,2,5,1,2,1,,,0,1,94,8,13,,14/25 (56%),6/13 (46%),38%,4,14/36 (39%),2/6 (33%),3/13 (23%),63%,8,8,20,12,,0,,,,,8
12000869,242,57317,CALENDAR,REGULAR_SEASON,Regular Season,LEAGUE,2504,Columbus Crew,Visita,ALL,20/07/2024,,1,69%,1.78,1,16,4,7,8,595,20,9,1,,1,0,12,3,7,9,1,0,,25,1,1,523,18,70,156/195 (80%),33/45 (73%),5/24 (21%),62%,7,38/62 (61%),10/15 (67%),9/14 (64%),85%,20,4,44,12,,4,-1.59,1,0,,5
12000869,242,57317,CALENDAR,REGULAR_SEASON,Regular Season,LEAGUE,2504,Columbus Crew,Visita,1ST,20/07/2024,,1,67%,1.26,1,10,3,4,,288,6,6,1,,1,0,7,2,3,7,1,0,,,1,1,251,7,33,,14/20 (70%),3/12 (25%),63%,1,16/26 (62%),6/9 (67%),4/7 (57%),67%,6,3,19,7,,3,,,,,4
12000869,242,57317,CALENDAR,REGULAR_SEASON,Regular Season,LEAGUE,2504,Columbus Crew,Visita,2ND,20/07/2024,,0,71%,0.52,0,6,1,3,,307,14,3,0,,0,0,5,1,4,2,0,0,,,0,0,272,11,37,,19/25 (76%),2/12 (17%),62%,6,22/36 (61%),4/6 (67%),5/7 (71%),93%,14,1,25,5,,1,,,,,1
12649693,13783,59128,CALENDAR,REGULAR,Round of 32,CUP,2504,Columbus Crew,Local,ALL,09/08/2024,6,4,61%,2.69,4,20,1,4,4,670,0,0,0,0,10,0,6,4,11,9,3,1,2,23,,0,599,12,49,47/63 (75%),19/37 (51%),5/12 (41%),29%,8,27/100 (27%),6/11 (55%),9/17 (53%),71%,0,8,59,5,0,1,,1,,,5
12649693,13783,59128,CALENDAR,REGULAR,Round of 32,CUP,2504,Columbus Crew,Local,1ST,09/08/2024,6,1,60%,0.00,1,6,1,1,,304,10,1,,,3,0,2,1,4,2,1,0,1,,,0,263,6,24,,8/21 (38%),4/7 (57%),55%,5,12/26 (46%),6/7 (86%),1/3 (33%),70%,10,4,34,10,,1,,,,,3
12649693,13783,59128,CALENDAR,REGULAR,Round of 32,CUP,2504,Columbus Crew,Local,2ND,09/08/2024,6,3,67%,0.00,3,13,0,3,,364,4,2,,,7,0,3,3,6,7,2,1,1,,,0,338,6,25,,5/11 (45%),0/6 (0%),43%,2,8/19 (42%),2/4 (50%),2/9 (22%),75%,4,3,25,2,,0,,,,,2
12649693,13783,59128,CALENDAR,REGULAR,Round of 32,CUP,2509,Sporting Kansas City,Visita,ALL,09/08/2024,6,0,39%,0.26,0,3,6,1,3,392,6,1,0,0,1,0,1,1,2,1,0,0,1,5,,2,324,10,60,30/52 (58%),26/46 (56%),4/7 (57%),34%,6,35/99 (35%),3/11 (27%),12/14 (86%),94%,6,19,54,14,3,6,,0,,,9
12649693,13783,59128,CALENDAR,REGULAR,Round of 32,CUP,2509,Sporting Kansas City,Visita,1ST,09/08/2024,6,0,40%,0.00,0,2,1,1,,206,7,3,,,1,0,0,1,1,1,0,0,0,,,1,154,8,38,,13/38 (34%),3/5 (60%),45%,4,14/26 (54%),1/7 (14%),5/11 (45%),100%,7,5,31,6,,1,,,,,4
12649693,13783,59128,CALENDAR,REGULAR,Round of 32,CUP,2509,Sporting Kansas City,Visita,2ND,09/08/2024,6,0,33%,0.00,0,1,4,0,,175,9,1,,,0,0,1,0,1,0,0,0,0,,,1,146,2,22,,18/26 (69%),0/3 (0%),57%,2,11/19 (58%),2/4 (50%),1/3 (33%),89%,9,4,23,11,,4,,,,,5
12665269,13783,59128,CALENDAR,REGULAR,Round of 16,CUP,2504,Columbus Crew,Local,ALL,13/08/2024,5,3,55%,2.28,3,15,0,4,8,534,3,2,1,0,6,1,3,5,11,4,3,0,0,21,6,1,474,13,84,62/71 (87%),18/31 (58%),6/15 (40%),40%,4,43/102 (42%),8/23 (35%),29/37 (78%),33%,3,30,57,8,0,0,,0,2,,8
12665269,13783,59128,CALENDAR,REGULAR,Round of 16,CUP,2504,Columbus Crew,Local,1ST,13/08/2024,5,0,57%,0.00,0,6,1,2,,298,5,7,0,,1,0,4,1,5,1,0,0,0,,3,1,261,4,37,,12/20 (60%),3/9 (33%),52%,12,17/36 (47%),7/10 (70%),6/11 (55%),20%,5,7,31,1,,1,,,,,4
12665269,13783,59128,CALENDAR,REGULAR,Round of 16,CUP,2504,Columbus Crew,Local,2ND,13/08/2024,5,3,52%,0.00,3,13,0,2,,250,4,7,1,,7,1,1,5,9,4,3,0,0,,3,0,214,9,47,,12/26 (46%),1/8 (13%),44%,6,16/35 (46%),3/8 (38%),5/8 (63%),50%,4,8,26,7,,0,,,,,4
12665269,13783,59128,CALENDAR,REGULAR,Round of 16,CUP,337602,Inter Miami CF,Visita,ALL,13/08/2024,5,2,45%,1.89,5,9,5,2,15,454,5,0,1,0,2,0,3,4,6,3,2,3,3,17,0,3,368,9,58,30/56 (54%),45/81 (55%),5/14 (35%),33%,2,31/111 (28%),15/28 (54%),8/11 (73%),58%,5,16,63,5,2,5,,1,1,,9
12665269,13783,59128,CALENDAR,REGULAR,Round of 16,CUP,337602,Inter Miami CF,Visita,1ST,13/08/2024,5,1,43%,0.00,1,3,1,1,,221,17,1,1,,2,0,0,1,3,0,1,0,1,,0,3,168,6,27,,15/32 (47%),1/5 (20%),48%,3,19/36 (53%),3/10 (30%),1/3 (33%),53%,17,6,33,2,,1,,,,,5
12665269,13783,59128,CALENDAR,REGULAR,Round of 16,CUP,337602,Inter Miami CF,Visita,2ND,13/08/2024,5,1,48%,0.00,4,9,4,1,,238,9,7,0,,1,0,6,2,6,3,1,3,0,,0,0,192,3,31,,22/41 (54%),3/4 (75%),56%,1,19/35 (54%),5/8 (63%),3/6 (50%),67%,9,11,30,3,,4,,,,,4
12686435,13783,59128,CALENDAR,REGULAR,Quarterfinals,CUP,2504,Columbus Crew,Local,ALL,17/08/2024,27,1,55%,1.17,0,18,2,7,3,508,5,2,0,0,5,0,9,4,10,8,0,,0,24,2,3,441,18,59,48/66 (73%),18/40 (45%),4/13 (30%),44%,5,54/122 (44%),6/14 (43%),26/32 (81%),75%,5,22,46,9,2,2,,0,0,,3
12686435,13783,59128,CALENDAR,REGULAR,Quarterfinals,CUP,2504,Columbus Crew,Local,1ST,17/08/2024,27,1,59%,0.00,0,7,1,5,,279,8,8,0,,3,0,3,1,4,3,0,,,,0,0,250,9,30,,7/12 (58%),2/12 (17%),74%,4,18/24 (75%),2/3 (67%),2/3 (67%),75%,8,6,20,4,,1,,,,,2
12686435,13783,59128,CALENDAR,REGULAR,Quarterfinals,CUP,2504,Columbus Crew,Local,2ND,17/08/2024,27,0,47%,0.00,0,11,1,2,,227,4,5,0,,3,0,5,3,6,5,0,,,,2,3,192,9,29,,14/30 (47%),2/6 (33%),54%,5,9/17 (53%),4/7 (57%),0/0 (0%),75%,4,9,26,7,,1,,,,,1
12686435,13783,59128,CALENDAR,REGULAR,Quarterfinals,CUP,187643,New York City FC,Visita,ALL,17/08/2024,27,1,45%,0.71,1,5,4,5,16,454,6,1,2,0,3,0,1,1,4,1,1,,0,9,1,1,386,17,48,31/42 (74%),14/32 (43%),3/9 (33%),28%,5,20/81 (25%),8/19 (42%),8/12 (67%),60%,6,21,36,14,4,4,,1,1,,10
12686435,13783,59128,CALENDAR,REGULAR,Quarterfinals,CUP,187643,New York City FC,Visita,1ST,17/08/2024,27,1,41%,0.00,1,3,2,3,,195,5,1,1,,2,0,0,1,3,0,1,,,,0,0,161,9,18,,8/16 (50%),2/7 (29%),26%,4,6/24 (25%),1/3 (33%),0/4 (0%),40%,5,6,18,8,,2,,,,,6
12686435,13783,59128,CALENDAR,REGULAR,Quarterfinals,CUP,187643,New York City FC,Visita,2ND,17/08/2024,27,0,53%,0.00,0,2,3,2,,255,5,2,1,,1,0,1,0,1,1,0,,,,1,1,203,8,30,,3/20 (15%),1/5 (20%),46%,3,8/17 (47%),3/7 (43%),1/2 (50%),80%,5,4,18,4,,3,,,,,4
12705900,13783,59128,CALENDAR,REGULAR,Semifinals,CUP,2504,Columbus Crew,Local,ALL,21/08/2024,28,3,57%,2.86,4,15,4,2,7,508,1,2,1,0,7,0,4,4,11,4,2,2,1,24,2,0,438,18,56,48/68 (71%),22/51 (43%),7/15 (46%),47%,5,45/95 (47%),12/26 (46%),22/26 (85%),83%,1,12,41,7,0,4,,0,1,1,4
12705900,13783,59128,CALENDAR,REGULAR,Semifinals,CUP,2504,Columbus Crew,Local,1ST,21/08/2024,28,2,55%,0.00,1,7,1,1,,247,3,4,0,,3,0,2,2,6,1,1,0,1,,1,0,204,12,32,,12/29 (41%),5/9 (56%),41%,6,10/22 (45%),4/12 (33%),3/4 (75%),67%,3,4,19,6,,1,,,,,2
12705900,13783,59128,CALENDAR,REGULAR,Semifinals,CUP,2504,Columbus Crew,Local,2ND,21/08/2024,28,1,56%,0.00,3,8,2,1,,270,3,6,1,,4,0,2,2,6,2,1,2,0,,1,0,231,6,24,,11/22 (50%),3/5 (60%),51%,9,13/28 (46%),6/9 (67%),4/4 (100%),100%,3,2,22,10,,2,,,,,2
12705900,13783,59128,CALENDAR,REGULAR,Semifinals,CUP,39833,Philadelphia Union,Visita,ALL,21/08/2024,28,1,43%,1.38,2,8,4,7,10,396,3,2,1,0,5,0,2,1,6,2,1,1,1,13,2,4,320,19,51,38/60 (63%),25/51 (49%),5/14 (35%),29%,2,24/99 (24%),13/27 (48%),13/18 (72%),50%,3,19,46,9,3,4,,2,0,0,5
12705900,13783,59128,CALENDAR,REGULAR,Semifinals,CUP,39833,Philadelphia Union,Visita,1ST,21/08/2024,28,1,45%,0.00,2,3,1,4,,199,7,4,0,,2,0,0,1,2,1,1,1,0,,0,2,158,9,25,,17/34 (50%),1/6 (17%),59%,0,12/22 (55%),8/12 (67%),1/4 (25%),43%,7,7,22,7,,1,,,,,4
12705900,13783,59128,CALENDAR,REGULAR,Semifinals,CUP,39833,Philadelphia Union,Visita,2ND,21/08/2024,28,0,44%,0.00,0,6,3,3,,202,9,3,1,,2,0,2,2,5,1,0,0,0,,2,2,165,10,26,,10/23 (43%),4/13 (31%),49%,1,15/28 (54%),3/9 (33%),3/5 (60%),56%,9,4,24,5,,3,,,,,1
12726868,13783,59128,CALENDAR,FINAL,Final,CUP,2504,Columbus Crew,Local,ALL,25/08/2024,29,3,62%,0.80,3,10,4,4,8,445,3,3,2,0,5,0,3,2,7,3,2,1,2,14,4,2,386,15,54,47/62 (76%),15/35 (42%),4/9 (44%),39%,8,35/90 (39%),14/33 (42%),4/5 (80%),86%,3,3,45,10,2,4,,,,1,3
12726868,13783,59128,CALENDAR,FINAL,Final,CUP,2504,Columbus Crew,Local,1ST,25/08/2024,29,1,66%,0.00,1,8,1,4,,287,4,9,1,,2,0,3,3,5,3,1,0,0,,2,1,260,7,35,,5/14 (36%),1/9 (11%),51%,3,15/29 (52%),5/10 (50%),2/8 (25%),100%,4,3,24,7,,1,,,,,0
12726868,13783,59128,CALENDAR,FINAL,Final,CUP,2504,Columbus Crew,Local,2ND,25/08/2024,29,2,57%,0.00,2,4,2,0,,192,3,11,0,,3,0,1,0,3,1,1,1,0,,2,1,151,9,19,,9/20 (45%),2/3 (67%),56%,2,16/25 (64%),6/14 (43%),2/5 (40%),67%,3,5,21,7,,2,,,,,3
12726868,13783,59128,CALENDAR,FINAL,Final,CUP,274650,Los Angeles FC,Visita,ALL,25/08/2024,29,1,38%,0.57,1,8,2,3,19,261,1,3,2,0,4,0,1,3,5,3,1,0,3,11,3,1,205,16,53,30/46 (65%),29/46 (63%),2/4 (50%),35%,8,32/95 (34%),14/33 (42%),7/11 (64%),50%,1,13,47,17,0,2,,,,0,6
12726868,13783,59128,CALENDAR,FINAL,Final,CUP,274650,Los Angeles FC,Visita,1ST,25/08/2024,29,0,34%,0.00,0,3,1,0,,152,9,3,1,,1,0,0,2,1,2,0,0,0,,1,0,114,3,23,,18/35 (51%),0/0 (0%),49%,0,14/29 (48%),5/10 (50%),2/6 (33%),67%,9,2,24,13,,1,,,,,3
12726868,13783,59128,CALENDAR,FINAL,Final,CUP,274650,Los Angeles FC,Visita,2ND,25/08/2024,29,1,43%,0.00,1,6,1,3,,140,5,3,1,,3,0,1,2,5,1,1,0,1,,2,1,95,13,30,,16/30 (53%),2/7 (29%),44%,1,9/25 (36%),8/14 (57%),1/3 (33%),20%,5,7,23,4,,1,,,,,3
12719212,242,57317,CALENDAR,REGULAR_SEASON,Regular Season,LEAGUE,39833,Philadelphia Union,Local,ALL,28/08/2024,,0,44%,1.22,3,11,6,8,14,403,13,9,1,,3,2,7,1,9,2,0,3,0,22,3,2,338,10,43,79/114 (69%),31/53 (58%),9/24 (38%),40%,5,24/58 (41%),8/22 (36%),3/11 (27%),38%,13,5,47,15,,6,0.95,2,1,,4
12719212,242,57317,CALENDAR,REGULAR_SEASON,Regular Season,LEAGUE,39833,Philadelphia Union,Local,1ST,28/08/2024,,0,40%,1.01,2,8,2,5,,180,8,4,1,,1,2,6,1,7,1,0,2,0,,1,1,152,7,21,,13/23 (57%),6/14 (43%),41%,4,12/34 (35%),8/15 (53%),1/7 (14%),38%,8,2,23,9,,2,,,,,1
12719212,242,57317,CALENDAR,REGULAR_SEASON,Regular Season,LEAGUE,39833,Philadelphia Union,Local,2ND,28/08/2024,,0,49%,0.22,1,3,4,3,,223,5,5,0,,2,0,1,0,2,1,0,1,0,,2,1,186,3,22,,18/30 (60%),3/10 (30%),39%,1,12/24 (50%),0/7 (0%),2/4 (50%),40%,5,3,24,6,,4,,,,,3
12719212,242,57317,CALENDAR,REGULAR_SEASON,Regular Season,LEAGUE,2504,Columbus Crew,Visita,ALL,28/08/2024,,1,56%,1.26,3,11,3,6,10,533,13,14,3,,7,0,3,1,7,4,1,2,1,14,2,4,477,16,50,93/117 (79%),21/33 (64%),4/16 (25%),60%,5,34/58 (59%),14/22 (64%),8/16 (50%),62%,13,8,48,14,,3,0.92,0,1,,5
12719212,242,57317,CALENDAR,REGULAR_SEASON,Regular Season,LEAGUE,2504,Columbus Crew,Visita,1ST,28/08/2024,,0,60%,0.26,0,4,1,2,,292,10,6,1,,2,0,2,0,2,2,0,0,0,,1,1,262,9,26,,10/14 (71%),2/8 (25%),59%,5,22/34 (65%),7/15 (47%),6/9 (67%),70%,10,4,24,9,,1,,,,,3
12719212,242,57317,CALENDAR,REGULAR_SEASON,Regular Season,LEAGUE,2504,Columbus Crew,Visita,2ND,28/08/2024,,1,51%,1.00,3,7,2,4,,241,3,8,2,,5,0,1,1,5,2,1,2,1,,1,3,215,7,24,,11/19 (58%),2/8 (25%),61%,0,12/24 (50%),7/7 (100%),2/7 (29%),33%,3,4,24,5,,2,,,,,2
12000898,242,57317,CALENDAR,REGULAR_SEASON,Regular Season,LEAGUE,2504,Columbus Crew,Local,ALL,31/08/2024,,4,46%,3.05,5,12,4,4,9,438,15,14,1,0,6,0,2,4,10,2,4,1,2,28,2,0,364,16,51,93/125 (74%),30/60 (50%),1/11 (9%),48%,10,42/82 (51%),6/19 (32%),13/23 (57%),47%,15,5,48,12,0,4,-0.77,,,,11
12000898,242,57317,CALENDAR,REGULAR_SEASON,Regular Season,LEAGUE,2504,Columbus Crew,Local,1ST,31/08/2024,,1,42%,1.32,2,6,2,2,,201,9,6,1,0,2,0,2,2,5,1,1,1,0,,2,0,168,7,26,,13/22 (59%),1/8 (13%),58%,2,24/37 (65%),2/8 (25%),9/10 (90%),56%,9,1,27,6,,2,,,,,3
12000898,242,57317,CALENDAR,REGULAR_SEASON,Regular Season,LEAGUE,2504,Columbus Crew,Local,2ND,31/08/2024,,3,50%,1.73,3,6,2,2,,237,6,8,0,0,4,0,0,2,5,1,3,0,2,,0,0,196,9,25,,17/38 (45%),0/3 (0%),39%,8,18/45 (40%),4/11 (36%),4/13 (31%),33%,6,4,21,6,,2,,,,,8
12000898,242,57317,CALENDAR,REGULAR_SEASON,Regular Season,LEAGUE,187643,New York City FC,Visita,ALL,31/08/2024,,2,54%,1.66,3,16,1,8,14,516,20,8,2,1,6,0,5,5,13,3,1,2,3,25,2,1,441,13,64,100/136 (74%),24/49 (49%),7/16 (44%),52%,12,40/82 (49%),13/19 (68%),12/15 (80%),50%,20,11,49,15,1,1,-0.63,,,,5
12000898,242,57317,CALENDAR,REGULAR_SEASON,Regular Season,LEAGUE,187643,New York City FC,Visita,1ST,31/08/2024,,1,58%,0.68,1,6,0,4,,287,3,3,0,0,3,0,0,3,4,2,1,0,2,,1,1,247,8,31,,13/27 (48%),3/6 (50%),42%,6,13/37 (35%),6/8 (75%),7/10 (70%),67%,3,4,28,6,,0,,,,,3
12000898,242,57317,CALENDAR,REGULAR_SEASON,Regular Season,LEAGUE,187643,New York City FC,Visita,2ND,31/08/2024,,1,50%,0.98,2,10,1,4,,229,17,5,2,1,3,0,5,2,9,1,0,2,1,,1,0,194,5,33,,11/22 (50%),4/10 (40%),61%,6,27/45 (60%),7/11 (64%),5/5 (100%),47%,17,7,21,9,,1,,,,,2
12371537,242,57317,CALENDAR,REGULAR_SEASON,Regular Season,LEAGUE,2504,Columbus Crew,Local,ALL,07/09/2024,,0,54%,0.37,0,10,3,5,8,596,12,6,0,1,1,0,7,2,3,7,0,0,,18,1,2,533,15,70,164/197 (83%),29/40 (73%),4/16 (25%),41%,13,25/58 (43%),3/10 (30%),7/12 (58%),50%,12,6,47,11,2,3,-1.83,1,1,,6
12371537,242,57317,CALENDAR,REGULAR_SEASON,Regular Season,LEAGUE,2504,Columbus Crew,Local,1ST,07/09/2024,,0,66%,0.22,0,5,1,5,,351,6,2,0,1,0,0,4,1,0,5,0,0,,,0,2,316,10,47,,18/24 (75%),3/15 (20%),39%,7,12/30 (40%),3/8 (38%),4/6 (67%),33%,6,4,27,4,,1,,,,,1
12371537,242,57317,CALENDAR,REGULAR_SEASON,Regular Season,LEAGUE,2504,Columbus Crew,Local,2ND,07/09/2024,,0,42%,0.16,0,5,2,0,,245,6,4,0,0,1,0,3,1,3,2,0,0,,,1,0,217,5,23,,11/16 (69%),1/1 (100%),43%,6,13/28 (46%),0/2 (0%),3/6 (50%),67%,6,2,20,7,,2,,,,,5
12371537,242,57317,CALENDAR,REGULAR_SEASON,Regular Season,LEAGUE,22009,Seattle Sounders FC,Visita,ALL,07/09/2024,,4,46%,1.96,3,16,1,3,6,519,18,8,1,0,7,1,5,4,12,4,2,1,,22,1,2,459,13,54,79/107 (74%),28/50 (56%),1/8 (13%),59%,6,33/58 (57%),7/10 (70%),7/13 (54%),50%,18,9,55,12,0,1,0.08,0,0,,6
12371537,242,57317,CALENDAR,REGULAR_SEASON,Regular Season,LEAGUE,22009,Seattle Sounders FC,Visita,1ST,07/09/2024,,1,34%,0.52,1,3,0,1,,181,9,5,1,0,2,0,1,0,2,1,0,1,,,1,1,149,7,16,,9/21 (43%),0/4 (0%),61%,3,18/30 (60%),5/8 (63%),4/7 (57%),56%,9,4,25,11,,0,,,,,5
12371537,242,57317,CALENDAR,REGULAR_SEASON,Regular Season,LEAGUE,22009,Seattle Sounders FC,Visita,2ND,07/09/2024,,3,58%,1.44,2,13,1,2,,338,9,3,0,0,5,1,4,4,10,3,2,0,,,0,1,310,6,38,,19/29 (66%),1/4 (25%),57%,3,15/28 (54%),2/2 (100%),3/6 (50%),44%,9,5,30,1,,1,,,,,1
12000927,242,57317,CALENDAR,REGULAR_SEASON,Regular Season,LEAGUE,215167,FC Cincinnati,Local,ALL,14/09/2024,,0,50%,0.28,0,8,3,1,18,431,10,10,2,,2,0,4,2,4,4,,0,0,10,0,2,354,20,53,62/102 (61%),23/55 (42%),3/8 (38%),45%,10,28/75 (37%),13/17 (76%),8/22 (36%),60%,10,10,59,11,0,3,0.98,1,,1,8
12000927,242,57317,CALENDAR,REGULAR_SEASON,Regular Season,LEAGUE,215167,FC Cincinnati,Local,1ST,14/09/2024,,0,54%,0.08,0,3,1,0,,272,2,4,0,,1,0,1,1,1,2,,0,0,,0,2,228,13,34,,11/28 (39%),1/4 (25%),49%,4,11/29 (38%),7/8 (88%),5/11 (45%),100%,2,5,35,5,,1,,,,,3
12000927,242,57317,CALENDAR,REGULAR_SEASON,Regular Season,LEAGUE,215167,FC Cincinnati,Local,2ND,14/09/2024,,0,45%,0.19,0,5,2,1,,159,8,6,2,,1,0,3,1,3,2,,0,0,,0,0,126,7,19,,12/27 (44%),2/4 (50%),42%,6,17/46 (37%),6/9 (67%),3/11 (27%),50%,8,5,24,6,,2,,,,,5
12000927,242,57317,CALENDAR,REGULAR_SEASON,Regular Season,LEAGUE,2504,Columbus Crew,Visita,ALL,14/09/2024,,0,50%,1.32,2,12,2,4,10,417,24,18,1,,3,0,5,4,8,4,,2,2,15,2,3,332,18,53,66/99 (67%),22/56 (39%),4/13 (31%),55%,6,47/75 (63%),4/17 (24%),5/9 (56%),54%,24,9,61,8,2,2,0.07,0,,0,5
12000927,242,57317,CALENDAR,REGULAR_SEASON,Regular Season,LEAGUE,2504,Columbus Crew,Visita,1ST,14/09/2024,,0,46%,0.79,2,3,1,0,,231,10,5,0,,1,0,1,1,3,0,,2,2,,1,2,186,10,26,,13/33 (39%),0/3 (0%),51%,1,18/29 (62%),1/8 (13%),3/4 (75%),50%,10,5,35,6,,1,,,,,1
12000927,242,57317,CALENDAR,REGULAR_SEASON,Regular Season,LEAGUE,2504,Columbus Crew,Visita,2ND,14/09/2024,,0,55%,0.53,0,9,1,4,,186,14,13,1,,2,0,4,3,5,4,,0,0,,1,1,146,8,27,,9/23 (39%),4/10 (40%),58%,5,29/46 (63%),3/9 (33%),2/5 (40%),57%,14,4,26,2,,1,,,,,4
12000742,242,57317,CALENDAR,REGULAR_SEASON,Regular Season,LEAGUE,7080,Toronto FC,Local,ALL,18/09/2024,,0,50%,0.91,1,12,3,5,8,491,16,12,2,,4,1,4,4,9,3,0,1,0,21,1,3,421,15,47,74/111 (67%),24/45 (53%),3/13 (23%),55%,8,33/63 (52%),7/10 (70%),5/12 (42%),38%,16,12,46,8,,3,-0.75,,0,,5
12000742,242,57317,CALENDAR,REGULAR_SEASON,Regular Season,LEAGUE,7080,Toronto FC,Local,1ST,18/09/2024,,0,51%,0.60,1,7,1,0,,267,7,8,0,,3,1,2,2,5,2,0,1,0,,0,0,233,9,20,,14/23 (61%),1/3 (33%),64%,3,18/29 (62%),3/4 (75%),3/5 (60%),29%,7,7,25,4,,1,,,,,1
12000742,242,57317,CALENDAR,REGULAR_SEASON,Regular Season,LEAGUE,7080,Toronto FC,Local,2ND,18/09/2024,,0,49%,0.31,0,5,2,5,,224,9,4,2,,1,0,2,2,4,1,0,0,0,,1,3,188,6,27,,10/22 (45%),2/10 (20%),48%,5,15/34 (44%),4/6 (67%),2/7 (29%),44%,9,5,21,4,,2,,,,,4
12000742,242,57317,CALENDAR,REGULAR_SEASON,Regular Season,LEAGUE,2504,Columbus Crew,Visita,ALL,18/09/2024,,2,50%,1.15,2,7,4,2,15,500,15,8,2,,4,0,2,1,4,3,1,1,1,9,2,3,423,14,51,74/103 (72%),22/52 (42%),0/4 (0%),45%,10,30/63 (48%),3/10 (30%),7/13 (54%),60%,15,10,43,12,,4,0.61,,1,,9
12000742,242,57317,CALENDAR,REGULAR_SEASON,Regular Season,LEAGUE,2504,Columbus Crew,Visita,1ST,18/09/2024,,0,49%,0.05,0,1,3,0,,255,5,4,0,,1,0,0,0,1,0,0,0,0,,1,2,220,8,23,,8/22 (36%),0/3 (0%),36%,4,11/29 (38%),1/4 (25%),2/5 (40%),80%,5,5,24,1,,3,,,,,4
12000742,242,57317,CALENDAR,REGULAR_SEASON,Regular Season,LEAGUE,2504,Columbus Crew,Visita,2ND,18/09/2024,,2,51%,1.10,2,6,1,2,,245,10,4,2,,3,0,2,1,3,3,1,1,1,,1,1,203,6,28,,14/30 (47%),0/1 (0%),52%,6,19/34 (56%),2/6 (33%),5/8 (63%),50%,10,5,19,11,,1,,,,,5
12000756,242,57317,CALENDAR,REGULAR_SEASON,Regular Season,LEAGUE,2504,Columbus Crew,Local,ALL,21/09/2024,,4,60%,2.06,5,11,1,5,6,580,11,13,2,,5,1,5,1,9,2,2,3,0,18,5,3,514,15,71,116/157 (74%),23/54 (43%),5/17 (29%),52%,9,30/55 (55%),4/11 (36%),6/12 (50%),64%,11,1,52,13,1,1,-1.01,1,0,,4
12000756,242,57317,CALENDAR,REGULAR_SEASON,Regular Season,LEAGUE,2504,Columbus Crew,Local,1ST,21/09/2024,,1,62%,0.39,2,5,1,2,,308,5,3,1,,1,1,3,1,4,1,0,2,0,,1,2,281,4,31,,12/25 (48%),3/9 (33%),46%,4,12/24 (50%),1/4 (25%),4/8 (50%),60%,5,0,26,7,,1,,,,,2
12000756,242,57317,CALENDAR,REGULAR_SEASON,Regular Season,LEAGUE,2504,Columbus Crew,Local,2ND,21/09/2024,,3,57%,1.67,3,6,0,3,,272,6,10,1,,4,0,2,0,5,1,2,1,0,,4,1,233,11,40,,11/29 (38%),2/8 (25%),55%,5,18/31 (58%),3/7 (43%),2/4 (50%),67%,6,1,26,6,,0,,,,,2
12000756,242,57317,CALENDAR,REGULAR_SEASON,Regular Season,LEAGUE,52237,Orlando City SC,Visita,ALL,21/09/2024,,3,40%,2.37,3,12,1,3,13,396,15,5,2,,4,3,5,3,9,3,2,1,1,27,2,4,322,21,44,92/125 (74%),13/41 (32%),2/7 (29%),48%,5,25/55 (45%),7/11 (64%),5/11 (45%),40%,15,7,49,12,0,1,-0.69,0,1,,7
12000756,242,57317,CALENDAR,REGULAR_SEASON,Regular Season,LEAGUE,52237,Orlando City SC,Visita,1ST,21/09/2024,,0,38%,0.26,0,4,0,1,,193,8,2,0,,1,2,3,0,3,1,0,0,0,,1,3,159,11,21,,5/20 (25%),1/3 (33%),54%,2,12/24 (50%),3/4 (75%),2/5 (40%),50%,8,6,19,5,,0,,,,,5
12000756,242,57317,CALENDAR,REGULAR_SEASON,Regular Season,LEAGUE,52237,Orlando City SC,Visita,2ND,21/09/2024,,3,43%,2.11,3,8,1,2,,203,7,3,2,,3,1,2,3,6,2,2,1,1,,1,1,163,10,23,,8/21 (38%),1/4 (25%),45%,3,13/31 (42%),4/7 (57%),3/6 (50%),29%,7,1,30,7,,1,,,,,2
12000773,242,57317,CALENDAR,REGULAR_SEASON,Regular Season,LEAGUE,2502,DC United,Local,ALL,28/09/2024,,2,41%,2.53,4,13,4,5,14,377,17,8,2,,7,0,4,2,11,2,2,2,1,21,1,7,294,15,53,58/99 (59%),31/61 (51%),7/14 (50%),48%,6,28/65 (43%),18/30 (60%),3/14 (21%),71%,17,13,58,12,2,4,-0.83,,1,,8
12000773,242,57317,CALENDAR,REGULAR_SEASON,Regular Season,LEAGUE,2502,DC United,Local,1ST,28/09/2024,,1,39%,0.96,2,5,2,1,,187,9,4,0,,3,0,1,1,4,1,1,1,0,,0,4,150,10,27,,16/35 (46%),2/4 (50%),47%,3,14/32 (44%),6/11 (55%),1/10 (10%),78%,9,6,32,7,,2,,,,,4
12000773,242,57317,CALENDAR,REGULAR_SEASON,Regular Season,LEAGUE,2502,DC United,Local,2ND,28/09/2024,,1,44%,1.57,2,8,2,4,,190,8,4,2,,4,0,3,1,7,1,1,1,1,,1,3,144,5,26,,15/26 (58%),5/10 (50%),50%,3,14/33 (42%),12/19 (63%),2/4 (50%),63%,8,7,26,5,,2,,,,,4
12000773,242,57317,CALENDAR,REGULAR_SEASON,Regular Season,LEAGUE,2504,Columbus Crew,Visita,ALL,28/09/2024,,2,59%,1.53,3,16,5,3,8,543,17,14,3,,6,0,4,6,12,4,1,2,0,35,5,2,472,3,56,98/128 (77%),28/48 (58%),6/15 (40%),52%,4,37/65 (57%),12/30 (40%),6/19 (32%),53%,17,12,60,17,1,5,-0.22,,0,,8
12000773,242,57317,CALENDAR,REGULAR_SEASON,Regular Season,LEAGUE,2504,Columbus Crew,Visita,1ST,28/09/2024,,0,61%,0.51,1,5,2,0,,299,12,5,0,,2,0,3,0,5,0,0,1,0,,3,1,266,2,30,,19/29 (66%),2/5 (40%),53%,2,18/32 (56%),5/11 (45%),1/8 (13%),50%,12,4,29,5,,2,,,,,4
12000773,242,57317,CALENDAR,REGULAR_SEASON,Regular Season,LEAGUE,2504,Columbus Crew,Visita,2ND,28/09/2024,,2,56%,1.02,2,11,3,3,,244,5,9,3,,4,0,1,6,7,4,1,1,0,,2,1,206,1,26,,9/19 (47%),4/10 (40%),50%,2,19/33 (58%),7/19 (37%),5/11 (45%),60%,5,8,31,12,,3,,,,,4
12000791,242,57317,CALENDAR,REGULAR_SEASON,Regular Season,LEAGUE,2504,Columbus Crew,Local,ALL,02/10/2024,,2,47%,1.90,2,9,1,4,8,460,17,8,2,1,6,0,2,1,5,4,1,1,,16,4,3,401,18,62,86/115 (75%),28/47 (60%),0/15 (0%),46%,14,34/71 (48%),5/14 (36%),9/15 (60%),47%,17,12,53,8,,1,-1.04,0,0,,1
12000791,242,57317,CALENDAR,REGULAR_SEASON,Regular Season,LEAGUE,2504,Columbus Crew,Local,1ST,02/10/2024,,0,50%,0.13,0,3,1,2,,261,7,5,0,0,1,0,1,1,1,2,0,0,,,1,3,228,9,33,,17/27 (63%),0/4 (0%),51%,4,17/31 (55%),3/8 (38%),5/7 (71%),57%,7,5,27,3,,1,,,,,1
12000791,242,57317,CALENDAR,REGULAR_SEASON,Regular Season,LEAGUE,2504,Columbus Crew,Local,2ND,02/10/2024,,2,44%,1.77,2,6,0,2,,199,10,3,2,1,5,0,1,0,4,2,1,1,,,3,0,173,9,29,,11/20 (55%),0/11 (0%),41%,10,17/40 (43%),2/6 (33%),4/8 (50%),40%,10,7,26,5,,0,,,,,0
12000791,242,57317,CALENDAR,REGULAR_SEASON,Regular Season,LEAGUE,337602,Inter Miami CF,Visita,ALL,02/10/2024,,3,53%,1.19,2,6,4,5,11,526,20,8,3,0,4,0,0,2,4,2,2,0,,17,2,3,447,12,49,93/129 (72%),20/48 (42%),0/5 (0%),54%,11,37/71 (52%),9/14 (64%),9/15 (60%),60%,20,10,50,10,,4,0.25,2,1,,7
12000791,242,57317,CALENDAR,REGULAR_SEASON,Regular Season,LEAGUE,337602,Inter Miami CF,Visita,1ST,02/10/2024,,2,50%,0.70,1,3,1,2,,265,6,4,1,0,3,0,0,0,1,2,1,0,,,1,3,222,4,23,,9/23 (39%),0/0 (0%),49%,5,14/31 (45%),5/8 (63%),4/6 (67%),83%,6,5,29,2,,1,,,,,3
12000791,242,57317,CALENDAR,REGULAR_SEASON,Regular Season,LEAGUE,337602,Inter Miami CF,Visita,2ND,02/10/2024,,1,56%,0.49,1,3,3,3,,261,14,4,2,0,1,0,0,2,3,0,1,0,,,1,0,225,8,26,,11/25 (44%),0/5 (0%),59%,6,23/40 (57%),4/6 (67%),5/9 (56%),50%,14,5,21,8,,3,,,,,4
12000811,242,57317,CALENDAR,REGULAR_SEASON,Regular Season,LEAGUE,2504,Columbus Crew,Local,ALL,05/10/2024,,3,62%,1.32,4,20,4,9,9,583,12,6,2,,10,0,5,5,13,7,2,2,,35,2,,509,18,64,136/173 (79%),23/52 (44%),6/22 (27%),46%,12,25/56 (45%),11/23 (48%),7/15 (47%),83%,12,9,59,16,,4,-0.23,0,1,0,7
12000811,242,57317,CALENDAR,REGULAR_SEASON,Regular Season,LEAGUE,2504,Columbus Crew,Local,1ST,05/10/2024,,2,64%,0.91,3,12,3,4,,295,5,4,1,,7,0,4,1,8,4,1,2,,,2,,252,11,35,,10/24 (42%),4/11 (36%),42%,8,13/31 (42%),5/12 (42%),4/9 (44%),60%,5,2,30,8,,3,,,,,4
12000811,242,57317,CALENDAR,REGULAR_SEASON,Regular Season,LEAGUE,2504,Columbus Crew,Local,2ND,05/10/2024,,1,59%,0.40,1,8,1,5,,288,7,2,1,,3,0,1,4,5,3,1,0,,,0,,257,7,29,,13/28 (46%),2/11 (18%),50%,4,12/25 (48%),6/11 (55%),3/6 (50%),100%,7,7,29,8,,1,,,,,3
12000811,242,57317,CALENDAR,REGULAR_SEASON,Regular Season,LEAGUE,39833,Philadelphia Union,Visita,ALL,05/10/2024,,2,38%,1.00,2,11,7,2,6,361,20,9,0,,6,0,4,1,4,7,1,1,,16,2,,270,20,59,60/108 (56%),33/62 (53%),5/13 (38%),54%,10,31/56 (55%),12/23 (52%),2/4 (50%),40%,20,16,50,16,,7,0.29,1,0,1,9
12000811,242,57317,CALENDAR,REGULAR_SEASON,Regular Season,LEAGUE,39833,Philadelphia Union,Visita,1ST,05/10/2024,,1,36%,0.58,1,6,5,1,,164,13,5,0,,4,0,1,1,3,3,1,0,,,1,,113,8,23,,15/32 (47%),2/7 (29%),58%,5,18/31 (58%),7/12 (58%),0/0 (0%),38%,13,11,25,11,,5,,,,,4
12000811,242,57317,CALENDAR,REGULAR_SEASON,Regular Season,LEAGUE,39833,Philadelphia Union,Visita,2ND,05/10/2024,,1,41%,0.42,1,5,2,1,,197,7,4,0,,2,0,3,0,1,4,0,1,,,1,,157,12,36,,18/30 (60%),3/6 (50%),50%,5,13/25 (52%),5/11 (45%),2/4 (50%),43%,7,5,25,5,,2,,,,,5
12348003,242,57317,CALENDAR,REGULAR_SEASON,Regular Season,LEAGUE,2504,Columbus Crew,Local,ALL,12/10/2024,,4,56%,3.39,5,21,2,5,6,577,18,10,0,,8,1,9,4,15,6,2,3,2,40,1,1,518,15,69,131/154 (85%),18/37 (49%),2/10 (20%),58%,7,36/60 (60%),6/12 (50%),8/20 (40%),78%,18,9,46,4,,2,0.06,0,,,5
12348003,242,57317,CALENDAR,REGULAR_SEASON,Regular Season,LEAGUE,2504,Columbus Crew,Local,1ST,12/10/2024,,2,57%,0.73,0,9,2,1,,296,10,7,0,,4,0,3,2,5,4,0,0,0,,0,1,267,7,28,,5/15 (33%),1/3 (33%),60%,3,20/33 (61%),4/7 (57%),3/11 (27%),80%,10,2,21,0,,2,,,,,4
12348003,242,57317,CALENDAR,REGULAR_SEASON,Regular Season,LEAGUE,2504,Columbus Crew,Local,2ND,12/10/2024,,2,56%,2.66,5,12,0,4,,281,8,3,0,,4,1,6,2,10,2,2,3,2,,1,0,251,8,41,,13/22 (59%),1/7 (14%),56%,4,16/27 (59%),2/5 (40%),5/9 (56%),75%,8,7,25,4,,0,,,,,1
12348003,242,57317,CALENDAR,REGULAR_SEASON,Regular Season,LEAGUE,2511,New England Revolution,Visita,ALL,12/10/2024,,0,44%,0.29,0,8,4,1,10,444,19,5,2,,2,0,3,3,4,4,0,0,0,5,0,1,388,15,43,47/81 (58%),25/47 (53%),1/7 (14%),42%,8,24/60 (40%),6/12 (50%),0/10 (0%),58%,19,10,40,12,,4,-0.13,2,,,11
12348003,242,57317,CALENDAR,REGULAR_SEASON,Regular Season,LEAGUE,2511,New England Revolution,Visita,1ST,12/10/2024,,0,43%,0.24,0,6,2,1,,220,11,2,0,,2,0,2,2,4,2,0,0,0,,0,0,191,9,23,,14/25 (56%),1/2 (50%),40%,5,13/33 (39%),3/7 (43%),0/5 (0%),55%,11,3,22,5,,2,,,,,4
12348003,242,57317,CALENDAR,REGULAR_SEASON,Regular Season,LEAGUE,2511,New England Revolution,Visita,2ND,12/10/2024,,0,44%,0.05,0,2,2,0,,224,8,3,2,,0,0,1,1,0,2,0,0,0,,0,1,197,6,20,,11/22 (50%),0/5 (0%),44%,3,11/27 (41%),3/5 (60%),0/5 (0%),63%,8,7,18,7,,2,,,,,7
12000828,242,57317,CALENDAR,REGULAR_SEASON,Regular Season,LEAGUE,2506,New York Red Bulls,Local,ALL,19/10/2024,,2,30%,2.14,7,13,3,4,8,310,12,9,1,,7,2,5,1,11,2,2,5,0,31,3,2,228,11,43,55/93 (59%),14/42 (33%),2/16 (13%),43%,6,27/58 (47%),11/30 (37%),6/11 (55%),75%,12,14,45,16,0,3,-1.55,1,,1,6
12000828,242,57317,CALENDAR,REGULAR_SEASON,Regular Season,LEAGUE,2506,New York Red Bulls,Local,1ST,19/10/2024,,0,31%,0.53,2,5,2,1,,162,7,6,0,,3,0,2,0,4,1,0,2,0,,1,1,128,4,21,,5/19 (26%),0/3 (0%),44%,3,15/31 (48%),2/8 (25%),2/5 (40%),71%,7,6,20,10,,2,,,,,1
12000828,242,57317,CALENDAR,REGULAR_SEASON,Regular Season,LEAGUE,2506,New York Red Bulls,Local,2ND,19/10/2024,,2,28%,1.61,5,8,1,3,,148,5,3,1,,4,2,3,1,7,1,2,3,0,,2,1,100,7,22,,9/23 (39%),2/13 (15%),43%,3,12/27 (44%),9/22 (41%),4/6 (67%),80%,5,8,25,6,,1,,,,,5
12000828,242,57317,CALENDAR,REGULAR_SEASON,Regular Season,LEAGUE,2504,Columbus Crew,Visita,ALL,19/10/2024,,3,70%,1.69,2,19,5,4,10,763,11,8,3,,6,0,7,6,12,7,1,1,1,39,0,4,684,17,75,162/193 (84%),28/53 (53%),7/17 (41%),57%,6,31/58 (53%),19/30 (63%),13/19 (68%),45%,11,3,48,26,2,5,0.40,1,,1,3
12000828,242,57317,CALENDAR,REGULAR_SEASON,Regular Season,LEAGUE,2504,Columbus Crew,Visita,1ST,19/10/2024,,2,69%,1.31,2,11,3,3,,361,6,4,2,,4,0,3,4,9,2,1,1,1,,0,3,327,9,31,,10/20 (50%),5/10 (50%),56%,5,16/31 (52%),6/8 (75%),6/8 (75%),33%,6,0,22,7,,3,,,,,1
12000828,242,57317,CALENDAR,REGULAR_SEASON,Regular Season,LEAGUE,2504,Columbus Crew,Visita,2ND,19/10/2024,,1,72%,0.38,0,8,2,1,,402,5,4,1,,2,0,4,2,3,5,0,0,0,,0,1,357,8,44,,18/33 (55%),2/7 (29%),57%,1,15/27 (56%),13/22 (59%),7/11 (64%),60%,5,3,26,19,,2,,,,,2
13010881,242,57317,CALENDAR,PLAYOFF,"MLS, Playoffs",LEAGUE,2504,Columbus Crew,Local,ALL,29/10/2024,,0,78%,1.07,4,15,2,5,8,789,12,10,1,,8,0,4,3,7,8,,4,,27,2,4,707,28,77,197/230 (86%),13/31 (42%),5/33 (15%),47%,4,33/60 (55%),12/36 (33%),11/20 (55%),75%,12,2,54,21,,2,0.42,1,0,0,7
13010881,242,57317,CALENDAR,PLAYOFF,"MLS, Playoffs",LEAGUE,2504,Columbus Crew,Local,1ST,29/10/2024,,0,77%,0.18,0,5,0,2,,405,4,5,0,,1,0,2,2,1,4,,0,,,1,1,357,12,41,,5/16 (31%),1/9 (11%),43%,2,13/28 (46%),7/19 (37%),4/9 (44%),100%,4,1,29,11,,0,,,,,3
13010881,242,57317,CALENDAR,PLAYOFF,"MLS, Playoffs",LEAGUE,2504,Columbus Crew,Local,2ND,29/10/2024,,0,79%,0.89,4,10,2,3,,384,8,5,1,,7,0,2,1,6,4,,4,,,1,3,350,16,36,,8/15 (53%),4/24 (17%),51%,2,20/32 (63%),5/17 (29%),7/11 (64%),63%,8,1,25,10,,2,,,,,4
13010881,242,57317,CALENDAR,PLAYOFF,"MLS, Playoffs",LEAGUE,2506,New York Red Bulls,Visita,ALL,29/10/2024,,1,22%,0.85,0,11,8,3,10,224,13,8,2,,3,0,3,5,8,3,,0,,20,2,2,146,16,54,65/104 (63%),26/58 (45%),0/9 (0%),53%,6,27/60 (45%),24/36 (67%),6/12 (50%),69%,13,9,55,38,,8,0.67,0,1,1,8
13010881,242,57317,CALENDAR,PLAYOFF,"MLS, Playoffs",LEAGUE,2506,New York Red Bulls,Visita,1ST,29/10/2024,,1,23%,0.51,0,6,1,2,,115,7,4,1,,1,0,1,4,5,1,,0,,,1,0,76,10,24,,11/29 (38%),0/7 (0%),57%,2,15/28 (54%),12/19 (63%),4/6 (67%),86%,7,3,26,13,,1,,,,,4
13010881,242,57317,CALENDAR,PLAYOFF,"MLS, Playoffs",LEAGUE,2506,New York Red Bulls,Visita,2ND,29/10/2024,,0,21%,0.34,0,5,7,1,,109,6,4,1,,2,0,2,1,3,2,,0,,,1,2,70,6,30,,15/29 (52%),0/2 (0%),49%,4,12/32 (38%),12/17 (71%),2/6 (33%),50%,6,6,29,25,,7,,,,,4
13010892,242,57317,CALENDAR,PLAYOFF,"MLS, Playoffs",LEAGUE,2506,New York Red Bulls,Local,ALL,03/11/2024,,2,36%,2.06,4,12,2,3,18,311,20,7,2,,6,0,2,4,9,3,2,2,3,26,1,2,205,14,56,62/121 (51%),16/64 (25%),3/13 (23%),45%,6,32/65 (49%),14/38 (37%),5/8 (63%),50%,20,16,56,27,1,2,-0.10,0,,0,11
13010892,242,57317,CALENDAR,PLAYOFF,"MLS, Playoffs",LEAGUE,2506,New York Red Bulls,Local,1ST,03/11/2024,,0,39%,0.15,0,2,1,1,,175,11,4,0,,0,0,1,1,1,1,0,0,1,,0,0,120,8,28,,8/35 (23%),2/7 (29%),51%,3,16/28 (57%),7/17 (41%),2/4 (50%),45%,11,8,30,15,,1,,,,,5
13010892,242,57317,CALENDAR,PLAYOFF,"MLS, Playoffs",LEAGUE,2506,New York Red Bulls,Local,2ND,03/11/2024,,2,32%,1.91,4,10,1,2,,136,9,3,2,,6,0,1,3,8,2,2,2,2,,1,2,85,6,28,,8/29 (28%),1/6 (17%),40%,3,16/37 (43%),7/21 (33%),3/4 (75%),56%,9,8,26,12,,1,,,,,6
13010892,242,57317,CALENDAR,PLAYOFF,"MLS, Playoffs",LEAGUE,2504,Columbus Crew,Visita,ALL,03/11/2024,,2,64%,2.08,7,18,4,5,8,563,9,18,1,,4,2,7,7,11,7,2,5,1,35,6,3,451,25,57,117/165 (71%),21/51 (41%),9/19 (47%),55%,8,33/65 (51%),24/38 (63%),7/19 (37%),56%,9,13,56,18,0,4,0.43,1,,1,5
13010892,242,57317,CALENDAR,PLAYOFF,"MLS, Playoffs",LEAGUE,2504,Columbus Crew,Visita,1ST,03/11/2024,,0,61%,0.94,3,9,0,3,,278,5,5,0,,1,2,5,3,4,5,0,3,1,,2,1,225,11,29,,11/25 (44%),2/8 (25%),49%,3,12/28 (43%),10/17 (59%),2/10 (20%),40%,5,8,29,9,,0,,,,,1
13010892,242,57317,CALENDAR,PLAYOFF,"MLS, Playoffs",LEAGUE,2504,Columbus Crew,Visita,2ND,03/11/2024,,2,68%,1.13,4,9,4,2,,285,4,13,1,,3,0,2,4,7,2,2,2,0,,4,2,226,14,28,,10/26 (38%),7/11 (64%),60%,5,21/37 (57%),14/21 (67%),5/9 (56%),75%,4,5,27,9,,4,,,,,4
13268300,242,70158,CALENDAR,REGULAR_SEASON,Regular Season,LEAGUE,2504,Columbus Crew,Local,ALL,22/02/2025,,4,57%,2.18,5,14,4,5,8,581,17,17,0,,4,0,3,7,14,0,3,2,0,36,2,1,511,11,47,71/92 (77%),17/49 (35%),5/12 (42%),62%,5,39/61 (64%),6/12 (50%),7/15 (47%),53%,17,11,55,12,0,4,-0.25,,,,6
13268300,242,70158,CALENDAR,REGULAR_SEASON,Regular Season,LEAGUE,2504,Columbus Crew,Local,1ST,22/02/2025,,3,58%,0.88,2,4,2,3,,315,4,10,0,,2,0,1,1,4,0,2,0,0,,1,0,280,5,32,,10/26 (38%),3/8 (38%),55%,3,14/25 (56%),4/8 (50%),2/8 (25%),50%,4,4,26,6,,2,,,,,2
13268300,242,70158,CALENDAR,REGULAR_SEASON,Regular Season,LEAGUE,2504,Columbus Crew,Local,2ND,22/02/2025,,1,55%,1.30,3,10,2,2,,266,13,7,0,,2,0,2,6,10,0,1,2,0,,1,1,231,6,15,,7/23 (30%),2/4 (50%),68%,2,25/36 (69%),2/4 (50%),5/7 (71%),54%,13,7,29,6,,2,,,,,4
13268300,242,70158,CALENDAR,REGULAR_SEASON,Regular Season,LEAGUE,2505,Chicago Fire,Visita,ALL,22/02/2025,,2,43%,1.79,3,13,1,2,17,448,13,8,3,,6,0,4,3,10,3,1,2,1,35,2,3,378,13,42,65/100 (65%),19/34 (56%),5/9 (56%),38%,12,22/61 (36%),6/12 (50%),2/7 (29%),69%,13,12,49,17,1,1,-1.62,,,,6
13268300,242,70158,CALENDAR,REGULAR_SEASON,Regular Season,LEAGUE,2505,Chicago Fire,Visita,1ST,22/02/2025,,2,42%,1.32,1,6,0,2,,228,9,1,2,,4,0,1,1,5,1,1,0,1,,1,1,192,2,20,,10/19 (53%),3/6 (50%),45%,2,11/25 (44%),4/8 (50%),1/3 (33%),67%,9,4,22,7,,0,,,,,5
13268300,242,70158,CALENDAR,REGULAR_SEASON,Regular Season,LEAGUE,2505,Chicago Fire,Visita,2ND,22/02/2025,,0,45%,0.48,2,7,1,0,,220,4,7,1,,2,0,3,2,5,2,0,2,0,,1,2,186,11,22,,9/15 (60%),2/3 (67%),32%,10,11/36 (31%),2/4 (50%),1/4 (25%),75%,4,8,27,10,,1,,,,,1
13268314,242,70158,CALENDAR,REGULAR_SEASON,Regular Season,LEAGUE,2511,New England Revolution,Local,ALL,01/03/2025,,0,38%,0.23,1,4,2,1,16,386,27,14,2,,2,0,0,2,3,1,,1,2,10,3,3,317,18,33,49/78 (63%),27/52 (52%),4/13 (31%),57%,4,46/83 (55%),8/11 (73%),7/14 (50%),56%,27,10,50,21,,2,-0.02,,,,2
13268314,242,70158,CALENDAR,REGULAR_SEASON,Regular Season,LEAGUE,2511,New England Revolution,Local,1ST,01/03/2025,,0,32%,0.13,1,2,0,1,,175,13,5,2,,1,0,0,1,2,0,,1,1,,1,1,146,10,17,,15/28 (54%),1/8 (13%),59%,1,19/34 (56%),3/3 (100%),2/5 (40%),54%,13,4,24,13,,0,,,,,0
13268314,242,70158,CALENDAR,REGULAR_SEASON,Regular Season,LEAGUE,2511,New England Revolution,Local,2ND,01/03/2025,,0,45%,0.10,0,2,2,0,,211,14,9,0,,1,0,0,1,1,1,,0,1,,2,2,171,8,16,,12/24 (50%),3/5 (60%),56%,3,27/49 (55%),5/8 (63%),5/9 (56%),57%,14,6,26,8,,2,,,,,2
13268314,242,70158,CALENDAR,REGULAR_SEASON,Regular Season,LEAGUE,2504,Columbus Crew,Visita,ALL,01/03/2025,,1,62%,0.37,0,9,2,4,14,646,11,16,3,,3,1,2,4,6,3,,0,0,28,3,1,584,10,56,133/151 (88%),17/28 (61%),0/10 (0%),43%,17,37/83 (45%),3/11 (27%),11/21 (52%),64%,11,5,55,20,,2,0.51,,,,1
13268314,242,70158,CALENDAR,REGULAR_SEASON,Regular Season,LEAGUE,2504,Columbus Crew,Visita,1ST,01/03/2025,,0,68%,0.10,0,3,1,3,,379,4,5,0,,0,0,1,2,2,1,,0,0,,0,1,352,4,22,,10/14 (71%),0/8 (0%),41%,8,15/34 (44%),0/3 (0%),6/11 (55%),75%,4,3,25,6,,1,,,,,1
13268314,242,70158,CALENDAR,REGULAR_SEASON,Regular Season,LEAGUE,2504,Columbus Crew,Visita,2ND,01/03/2025,,1,55%,0.27,0,6,1,1,,267,7,11,3,,3,1,1,2,4,2,,0,0,,3,0,232,6,34,,7/14 (50%),0/2 (0%),44%,9,22/49 (45%),3/8 (38%),5/10 (50%),57%,7,2,30,14,,1,,,,,0
13548065,498,69806,CALENDAR,REGULAR,Round of 16,CUP,274650,Los Angeles FC,Local,ALL,04/03/2025,5,3,32%,2.15,3,16,1,6,11,311,18,4,1,,8,0,5,3,11,5,1,2,2,24,0,2,258,16,51,66/96 (69%),28/53 (53%),2/11 (18%),52%,8,30/56 (54%),6/13 (46%),8/11 (73%),61%,18,16,41,17,,1,,0,,,7
13548065,498,69806,CALENDAR,REGULAR,Round of 16,CUP,274650,Los Angeles FC,Local,1ST,04/03/2025,5,1,34%,0.00,1,7,0,2,,162,9,1,1,,3,0,2,2,3,4,1,0,1,,0,2,131,9,26,,12/25 (48%),0/2 (0%),45%,4,14/31 (45%),3/7 (43%),4/7 (57%),67%,9,8,20,4,,0,,,,,5
13548065,498,69806,CALENDAR,REGULAR,Round of 16,CUP,274650,Los Angeles FC,Local,2ND,04/03/2025,5,2,31%,0.00,2,9,1,4,,149,9,3,0,,5,0,3,1,8,1,0,2,1,,0,0,127,7,25,,16/28 (57%),2/9 (22%),61%,4,16/25 (64%),3/6 (50%),4/4 (100%),56%,9,8,21,13,,1,,,,,2
13548065,498,69806,CALENDAR,REGULAR,Round of 16,CUP,2504,Columbus Crew,Visita,ALL,04/03/2025,5,0,68%,0.34,0,10,5,5,4,666,11,11,1,,1,1,6,3,4,6,0,0,0,13,3,0,599,18,72,190/230 (83%),14/27 (52%),0/9 (0%),48%,13,26/56 (46%),7/13 (54%),5/10 (50%),91%,11,8,45,15,,5,,1,,,8
13548065,498,69806,CALENDAR,REGULAR,Round of 16,CUP,2504,Columbus Crew,Visita,1ST,04/03/2025,5,0,66%,0.00,0,3,2,1,,319,7,8,0,,0,0,3,0,1,2,0,0,0,,2,0,283,7,23,,7/16 (44%),0/3 (0%),55%,6,17/31 (55%),4/7 (57%),2/5 (40%),100%,7,6,23,5,,2,,,,,5
13548065,498,69806,CALENDAR,REGULAR,Round of 16,CUP,2504,Columbus Crew,Visita,2ND,04/03/2025,5,0,69%,0.00,0,7,3,4,,347,4,3,1,,1,1,3,3,3,4,0,0,0,,1,0,316,11,49,,7/11 (64%),0/6 (0%),39%,7,9/25 (36%),3/6 (50%),3/5 (60%),75%,4,2,22,10,,3,,,,,3
13268329,242,70158,CALENDAR,REGULAR_SEASON,Regular Season,LEAGUE,2504,Columbus Crew,Local,ALL,08/03/2025,,0,64%,0.63,1,11,1,5,11,597,11,18,2,,5,0,6,0,4,7,,1,,21,8,0,526,18,84,191/237 (81%),19/33 (58%),5/20 (25%),53%,12,29/57 (51%),9/15 (60%),2/6 (33%),82%,11,5,42,18,0,1,0.52,0,1,,2
13268329,242,70158,CALENDAR,REGULAR_SEASON,Regular Season,LEAGUE,2504,Columbus Crew,Local,1ST,08/03/2025,,0,60%,0.41,1,3,1,2,,295,2,7,1,,2,0,1,0,1,2,,1,,,3,0,262,9,29,,8/13 (62%),2/7 (29%),45%,7,10/26 (38%),5/7 (71%),2/3 (67%),100%,2,1,21,11,,1,,,,,2
13268329,242,70158,CALENDAR,REGULAR_SEASON,Regular Season,LEAGUE,2504,Columbus Crew,Local,2ND,08/03/2025,,0,68%,0.22,0,8,0,3,,302,9,11,1,,3,0,5,0,3,5,,0,,,5,0,264,9,55,,11/20 (55%),3/13 (23%),59%,5,19/31 (61%),4/8 (50%),0/3 (0%),78%,9,4,21,7,,0,,,,,0
13268329,242,70158,CALENDAR,REGULAR_SEASON,Regular Season,LEAGUE,2508,Houston Dynamo,Visita,ALL,08/03/2025,,0,36%,0.32,0,3,5,4,18,337,16,11,4,,1,0,1,1,2,1,,0,,9,0,5,268,16,36,54/80 (68%),32/66 (48%),2/10 (20%),47%,7,28/57 (49%),6/15 (40%),3/7 (43%),31%,16,10,45,27,1,5,0.92,2,1,,8
13268329,242,70158,CALENDAR,REGULAR_SEASON,Regular Season,LEAGUE,2508,Houston Dynamo,Visita,1ST,08/03/2025,,0,40%,0.18,0,2,2,4,,190,8,5,2,,1,0,1,0,1,1,,0,,,0,2,159,6,22,,21/37 (57%),2/10 (20%),55%,2,16/26 (62%),2/7 (29%),3/3 (100%),38%,8,3,23,11,,2,,,,,1
13268329,242,70158,CALENDAR,REGULAR_SEASON,Regular Season,LEAGUE,2508,Houston Dynamo,Visita,2ND,08/03/2025,,0,32%,0.14,0,1,3,0,,147,8,6,2,,0,0,0,1,1,0,,0,,,0,3,109,10,14,,11/29 (38%),0/0 (0%),41%,5,12/31 (39%),4/8 (50%),0/4 (0%),25%,8,7,22,16,,3,,,,,7
13548081,498,69806,CALENDAR,REGULAR,Round of 16,CUP,2504,Columbus Crew,Local,ALL,11/03/2025,5,2,69%,3.03,4,22,4,10,11,653,18,10,0,,7,0,6,9,13,9,2,2,0,36,4,0,569,26,93,234/289 (81%),15/36 (42%),6/23 (26%),49%,18,33/71 (46%),7/11 (64%),5/9 (56%),50%,18,6,47,6,,4,,0,0,,4
13548081,498,69806,CALENDAR,REGULAR,Round of 16,CUP,2504,Columbus Crew,Local,1ST,11/03/2025,5,2,68%,0.00,2,12,2,5,,337,7,3,0,,2,0,3,7,8,4,2,0,0,,3,0,291,13,46,,7/22 (32%),3/14 (21%),40%,11,14/34 (41%),2/6 (33%),4/6 (67%),57%,7,6,27,1,,2,,,,,2
13548081,498,69806,CALENDAR,REGULAR,Round of 16,CUP,2504,Columbus Crew,Local,2ND,11/03/2025,5,0,69%,0.00,2,10,2,5,,316,11,7,0,,5,0,3,2,5,5,0,2,0,,1,0,278,13,47,,8/14 (57%),3/9 (33%),57%,7,19/37 (51%),5/5 (100%),1/3 (33%),45%,11,0,20,5,,2,,,,,2
13548081,498,69806,CALENDAR,REGULAR,Round of 16,CUP,274650,Los Angeles FC,Visita,ALL,11/03/2025,5,1,31%,1.03,2,9,5,3,11,308,22,11,4,,5,0,3,1,5,4,1,1,1,15,1,2,226,8,48,48/78 (62%),38/79 (48%),0/3 (0%),51%,10,38/71 (54%),4/11 (36%),6/14 (43%),68%,22,15,53,21,,5,,2,3,,10
13548081,498,69806,CALENDAR,REGULAR,Round of 16,CUP,274650,Los Angeles FC,Visita,1ST,11/03/2025,5,0,32%,0.00,0,3,0,1,,165,13,6,1,,2,0,1,0,1,2,0,0,0,,0,2,117,5,24,,16/40 (40%),0/2 (0%),60%,4,20/34 (59%),4/6 (67%),2/5 (40%),77%,13,6,30,13,,0,,,,,4
13548081,498,69806,CALENDAR,REGULAR,Round of 16,CUP,274650,Los Angeles FC,Visita,2ND,11/03/2025,5,1,31%,0.00,2,6,5,2,,143,9,5,3,,3,0,2,1,4,2,1,1,1,,1,0,109,3,24,,22/39 (56%),0/1 (0%),43%,6,18/37 (49%),0/5 (0%),4/9 (44%),56%,9,9,23,8,,5,,,,,6
13268348,242,70158,CALENDAR,REGULAR_SEASON,Regular Season,LEAGUE,1043961,San Diego FC,Local,ALL,15/03/2025,,1,52%,2.07,3,17,2,10,12,553,17,8,1,0,7,0,5,5,13,4,1,2,3,28,2,4,474,12,62,123/167 (74%),31/51 (61%),8/19 (42%),59%,5,27/50 (54%),10/13 (77%),3/5 (60%),65%,17,12,47,5,1,2,0.90,1,0,,5
13268348,242,70158,CALENDAR,REGULAR_SEASON,Regular Season,LEAGUE,1043961,San Diego FC,Local,1ST,15/03/2025,,0,49%,0.47,1,4,2,4,,270,10,3,1,0,1,0,1,2,3,1,0,1,0,,0,3,230,4,24,,9/21 (43%),2/8 (25%),50%,3,13/24 (54%),0/2 (0%),0/0 (0%),70%,10,5,24,5,,2,,,,,3
13268348,242,70158,CALENDAR,REGULAR_SEASON,Regular Season,LEAGUE,1043961,San Diego FC,Local,2ND,15/03/2025,,1,55%,1.61,2,13,0,6,,283,7,5,0,0,6,0,4,3,10,3,1,1,3,,2,1,244,8,38,,22/30 (73%),6/11 (55%),65%,2,14/26 (54%),10/11 (91%),3/5 (60%),57%,7,7,23,0,,0,,,,,2
13268348,242,70158,CALENDAR,REGULAR_SEASON,Regular Season,LEAGUE,2504,Columbus Crew,Visita,ALL,15/03/2025,,1,48%,0.93,1,6,7,1,8,516,7,12,4,1,3,0,2,1,4,2,0,1,1,11,0,3,443,11,51,98/124 (79%),30/58 (52%),1/4 (25%),41%,7,23/50 (46%),3/13 (23%),5/15 (33%),43%,7,9,55,15,0,7,0.95,3,1,,9
13268348,242,70158,CALENDAR,REGULAR_SEASON,Regular Season,LEAGUE,2504,Columbus Crew,Visita,1ST,15/03/2025,,1,51%,0.82,1,5,1,1,,278,3,5,1,0,3,0,1,1,3,2,0,1,1,,0,2,246,7,33,,15/23 (65%),1/4 (25%),50%,5,11/24 (46%),2/2 (100%),3/8 (38%),33%,3,6,32,6,,1,,,,,2
13268348,242,70158,CALENDAR,REGULAR_SEASON,Regular Season,LEAGUE,2504,Columbus Crew,Visita,2ND,15/03/2025,,0,45%,0.11,0,1,6,0,,238,4,7,3,1,0,0,1,0,1,0,0,0,0,,0,1,197,4,18,,15/35 (43%),0/0 (0%),35%,2,12/26 (46%),1/11 (9%),2/7 (29%),50%,4,3,23,9,,6,,,,,7
13268360,242,70158,CALENDAR,REGULAR_SEASON,Regular Season,LEAGUE,2504,Columbus Crew,Local,ALL,22/03/2025,,0,60%,1.48,1,24,0,10,9,621,16,11,,,5,1,11,8,15,9,,1,2,42,5,2,540,17,64,184/235 (78%),9/22 (41%),5/17 (29%),58%,7,43/71 (61%),10/20 (50%),17/24 (71%),44%,16,13,66,10,0,0,0.00,,0,,4
13268360,242,70158,CALENDAR,REGULAR_SEASON,Regular Season,LEAGUE,2504,Columbus Crew,Local,1ST,22/03/2025,,0,55%,0.62,1,10,0,8,,271,8,6,,,3,1,4,3,6,4,,1,2,,3,1,238,5,30,,2/8 (25%),3/12 (25%),61%,3,22/33 (67%),3/8 (38%),8/11 (73%),38%,8,8,31,5,,0,,,,,3
13268360,242,70158,CALENDAR,REGULAR_SEASON,Regular Season,LEAGUE,2504,Columbus Crew,Local,2ND,22/03/2025,,0,66%,0.86,0,14,0,2,,350,8,5,,,2,0,7,5,9,5,,0,0,,2,1,302,12,34,,7/14 (50%),2/5 (40%),56%,4,21/38 (55%),7/12 (58%),9/13 (69%),50%,8,5,35,5,,0,,,,,1
13268360,242,70158,CALENDAR,REGULAR_SEASON,Regular Season,LEAGUE,187643,New York City FC,Visita,ALL,22/03/2025,,0,40%,0.16,0,5,5,0,11,416,14,9,,,0,0,2,3,1,4,,0,0,7,0,1,333,15,38,40/69 (58%),15/51 (29%),0/1 (0%),42%,7,28/71 (39%),10/20 (50%),5/14 (36%),29%,14,19,59,24,1,5,0.76,,1,,13
13268360,242,70158,CALENDAR,REGULAR_SEASON,Regular Season,LEAGUE,187643,New York City FC,Visita,1ST,22/03/2025,,0,45%,0.09,0,2,3,0,,233,6,2,,,0,0,1,1,1,1,,0,0,,0,1,193,7,16,,8/24 (33%),0/0 (0%),39%,5,11/33 (33%),5/8 (63%),3/6 (50%),17%,6,7,30,15,,3,,,,,5
13268360,242,70158,CALENDAR,REGULAR_SEASON,Regular Season,LEAGUE,187643,New York City FC,Visita,2ND,22/03/2025,,0,34%,0.07,0,3,2,0,,183,8,7,,,0,0,1,2,0,3,,0,0,,0,0,140,8,22,,7/27 (26%),0/1 (0%),44%,2,17/38 (45%),5/12 (42%),2/8 (25%),38%,8,12,29,9,,2,,,,,8
13268372,242,70158,CALENDAR,REGULAR_SEASON,Regular Season,LEAGUE,2502,DC United,Local,ALL,29/03/2025,,1,47%,1.36,4,8,5,3,13,435,21,9,4,,2,1,5,1,7,1,1,3,0,34,1,2,349,26,48,75/131 (57%),34/61 (56%),7/23 (30%),58%,4,41/68 (60%),9/18 (50%),12/18 (67%),71%,21,15,49,19,,5,-0.00,,,0,2
13268372,242,70158,CALENDAR,REGULAR_SEASON,Regular Season,LEAGUE,2502,DC United,Local,1ST,29/03/2025,,1,36%,0.95,2,6,4,1,,153,12,3,2,,1,0,4,1,5,1,1,1,0,,0,1,118,11,18,,22/35 (63%),3/9 (33%),59%,1,17/29 (59%),6/10 (60%),2/4 (50%),75%,12,5,21,13,,4,,,,,1
13268372,242,70158,CALENDAR,REGULAR_SEASON,Regular Season,LEAGUE,2502,DC United,Local,2ND,29/03/2025,,0,56%,0.41,2,2,1,2,,282,9,6,2,,1,1,1,0,2,0,0,2,0,,1,1,231,15,30,,12/26 (46%),4/14 (29%),57%,3,24/39 (62%),3/8 (38%),10/14 (71%),67%,9,10,28,6,,1,,,,,1
13268372,242,70158,CALENDAR,REGULAR_SEASON,Regular Season,LEAGUE,2504,Columbus Crew,Visita,ALL,29/03/2025,,2,53%,1.19,2,9,1,4,9,509,10,13,1,,7,0,1,1,5,4,0,2,1,22,0,2,436,14,48,83/112 (74%),23/38 (61%),1/6 (17%),42%,8,27/68 (40%),9/18 (50%),4/17 (24%),80%,10,9,46,35,,1,0.15,,,1,9
13268372,242,70158,CALENDAR,REGULAR_SEASON,Regular Season,LEAGUE,2504,Columbus Crew,Visita,1ST,29/03/2025,,1,64%,1.10,2,6,0,4,,285,3,7,1,,5,0,0,1,5,1,0,2,1,,0,2,247,8,26,,11/18 (61%),1/5 (20%),41%,4,12/29 (41%),4/10 (40%),2/10 (20%),100%,3,2,18,14,,0,,,,,4
13268372,242,70158,CALENDAR,REGULAR_SEASON,Regular Season,LEAGUE,2504,Columbus Crew,Visita,2ND,29/03/2025,,1,44%,0.08,0,3,1,0,,224,7,6,0,,2,0,1,0,0,3,0,0,0,,0,0,189,6,22,,12/20 (60%),0/1 (0%),43%,4,15/39 (38%),5/8 (63%),2/7 (29%),71%,7,7,28,21,,1,,,,,5
13268390,242,70158,CALENDAR,REGULAR_SEASON,Regular Season,LEAGUE,2504,Columbus Crew,Local,ALL,05/04/2025,,2,56%,1.56,3,11,0,5,13,558,15,15,1,,5,0,2,4,8,3,1,2,1,17,3,1,468,17,58,118/157 (75%),19/41 (46%),1/5 (20%),51%,5,38/73 (52%),7/15 (47%),9/22 (41%),53%,15,8,47,16,1,0,-0.16,0,,1,6
13268390,242,70158,CALENDAR,REGULAR_SEASON,Regular Season,LEAGUE,2504,Columbus Crew,Local,1ST,05/04/2025,,2,55%,0.74,2,7,0,3,,273,5,6,1,,4,0,0,3,5,2,1,1,0,,2,0,233,6,28,,12/20 (60%),1/3 (33%),39%,3,12/32 (38%),3/6 (50%),2/9 (22%),40%,5,3,24,10,,0,,,,,2
13268390,242,70158,CALENDAR,REGULAR_SEASON,Regular Season,LEAGUE,2504,Columbus Crew,Local,2ND,05/04/2025,,0,57%,0.82,1,4,0,2,,285,10,9,0,,1,0,2,1,3,1,0,1,1,,1,1,235,11,30,,7/21 (33%),0/2 (0%),60%,2,26/41 (63%),4/9 (44%),7/13 (54%),60%,10,5,23,6,,0,,,,,4
13268390,242,70158,CALENDAR,REGULAR_SEASON,Regular Season,LEAGUE,22006,CF Montréal,Visita,ALL,05/04/2025,,1,44%,0.49,1,4,3,3,15,434,18,13,5,,1,1,2,1,3,1,1,0,0,13,1,7,353,14,46,58/98 (59%),19/48 (40%),0/6 (0%),49%,12,35/73 (48%),8/15 (53%),6/9 (67%),56%,18,16,52,20,2,3,-0.98,1,,0,4
13268390,242,70158,CALENDAR,REGULAR_SEASON,Regular Season,LEAGUE,22006,CF Montréal,Visita,1ST,05/04/2025,,0,45%,0.00,0,0,2,2,,217,10,8,2,,0,0,0,0,0,0,0,0,0,,0,4,176,8,25,,5/22 (23%),0/4 (0%),61%,4,20/32 (63%),3/6 (50%),4/5 (80%),60%,10,2,23,11,,2,,,,,1
13268390,242,70158,CALENDAR,REGULAR_SEASON,Regular Season,LEAGUE,22006,CF Montréal,Visita,2ND,05/04/2025,,1,43%,0.49,1,4,1,1,,217,8,5,3,,1,1,2,1,3,1,1,0,0,,1,3,177,6,21,,14/26 (54%),0/2 (0%),40%,8,15/41 (37%),5/9 (56%),2/4 (50%),50%,8,14,29,9,,1,,,,,3
13299334,242,70158,CALENDAR,REGULAR_SEASON,Regular Season,LEAGUE,407803,St.Louis City,Local,ALL,13/04/2025,,1,32%,2.06,4,11,3,2,14,290,18,13,2,,5,1,5,1,11,0,1,3,1,27,5,4,220,19,42,48/80 (60%),28/57 (49%),3/12 (25%),54%,11,37/69 (54%),12/22 (55%),6/7 (86%),56%,18,5,51,26,0,3,-0.29,,,0,6
13299334,242,70158,CALENDAR,REGULAR_SEASON,Regular Season,LEAGUE,407803,St.Louis City,Local,1ST,13/04/2025,,1,24%,0.86,1,6,3,0,,109,14,5,1,,3,1,3,0,6,0,1,0,0,,1,1,69,6,20,,9/29 (31%),1/2 (50%),57%,6,22/41 (54%),7/10 (70%),3/3 (100%),50%,14,4,25,14,,3,,,,,5
13299334,242,70158,CALENDAR,REGULAR_SEASON,Regular Season,LEAGUE,407803,St.Louis City,Local,2ND,13/04/2025,,0,41%,1.20,3,5,0,2,,181,4,8,1,,2,0,2,1,5,0,0,3,1,,4,3,151,13,22,,19/28 (68%),2/10 (20%),50%,5,15/28 (54%),5/12 (42%),3/4 (75%),75%,4,1,26,12,,0,,,,,1
13299334,242,70158,CALENDAR,REGULAR_SEASON,Regular Season,LEAGUE,2504,Columbus Crew,Visita,ALL,13/04/2025,,2,68%,1.98,4,13,4,4,13,628,12,14,1,,5,0,3,5,9,4,1,3,1,37,3,3,565,15,71,205/239 (86%),16/34 (47%),4/11 (36%),46%,7,32/69 (46%),10/22 (45%),6/17 (35%),42%,12,7,48,29,1,4,0.93,,,1,5
13299334,242,70158,CALENDAR,REGULAR_SEASON,Regular Season,LEAGUE,2504,Columbus Crew,Visita,1ST,13/04/2025,,1,76%,1.86,4,11,2,4,,347,6,10,0,,4,0,3,4,9,2,1,3,1,,1,1,316,10,34,,10/13 (77%),3/9 (33%),43%,6,19/41 (46%),3/10 (30%),3/11 (27%),17%,6,3,23,3,,2,,,,,3
13299334,242,70158,CALENDAR,REGULAR_SEASON,Regular Season,LEAGUE,2504,Columbus Crew,Visita,2ND,13/04/2025,,1,59%,0.12,0,2,2,0,,281,6,4,1,,1,0,0,1,0,2,0,0,0,,2,2,249,5,37,,6/21 (29%),1/2 (50%),50%,1,13/28 (46%),7/12 (58%),3/6 (50%),67%,6,4,25,26,,2,,,,,2
13299338,242,70158,CALENDAR,REGULAR_SEASON,Regular Season,LEAGUE,2504,Columbus Crew,Local,ALL,19/04/2025,,0,59%,2.94,8,16,1,3,10,649,14,15,0,,3,0,9,4,12,4,0,8,3,38,3,1,587,14,66,180/216 (83%),15/23 (65%),5/20 (25%),51%,9,39/73 (53%),10/24 (42%),10/19 (53%),50%,14,4,47,15,,1,-0.13,,,,7
13299338,242,70158,CALENDAR,REGULAR_SEASON,Regular Season,LEAGUE,2504,Columbus Crew,Local,1ST,19/04/2025,,0,53%,1.02,2,4,0,2,,319,8,6,0,,1,0,3,0,4,0,0,2,2,,0,1,285,4,29,,4/11 (36%),0/5 (0%),40%,6,16/37 (43%),3/11 (27%),2/6 (33%),38%,8,2,25,11,,0,,,,,3
13299338,242,70158,CALENDAR,REGULAR_SEASON,Regular Season,LEAGUE,2504,Columbus Crew,Local,2ND,19/04/2025,,0,65%,1.92,6,12,1,1,,330,6,9,0,,2,0,6,4,8,4,0,6,1,,3,0,302,10,37,,11/12 (92%),5/15 (33%),61%,3,23/36 (64%),7/13 (54%),8/13 (62%),67%,6,2,22,4,,1,,,,,4
13299338,242,70158,CALENDAR,REGULAR_SEASON,Regular Season,LEAGUE,337602,Inter Miami CF,Visita,ALL,19/04/2025,,1,41%,0.86,2,7,4,6,15,464,18,10,2,,2,0,3,2,4,3,1,1,0,18,0,2,393,14,34,52/84 (62%),38/58 (66%),1/5 (20%),49%,3,34/73 (47%),14/24 (58%),6/17 (35%),56%,18,10,52,30,,4,0.91,,,,8
13299338,242,70158,CALENDAR,REGULAR_SEASON,Regular Season,LEAGUE,337602,Inter Miami CF,Visita,1ST,19/04/2025,,1,47%,0.85,2,6,1,3,,283,10,8,0,,1,0,3,2,4,2,1,1,0,,0,0,245,6,18,,24/33 (73%),1/2 (50%),60%,2,21/37 (57%),8/11 (73%),3/9 (33%),60%,10,5,28,8,,1,,,,,2
13299338,242,70158,CALENDAR,REGULAR_SEASON,Regular Season,LEAGUE,337602,Inter Miami CF,Visita,2ND,19/04/2025,,0,35%,0.01,0,1,3,3,,181,8,2,2,,1,0,0,0,0,1,0,0,0,,0,2,148,8,16,,14/25 (56%),0/3 (0%),39%,1,13/36 (36%),6/13 (46%),3/8 (38%),50%,8,5,24,22,,3,,,,,6
13299370,242,70158,CALENDAR,REGULAR_SEASON,Regular Season,LEAGUE,2504,Columbus Crew,Local,ALL,26/04/2025,,2,62%,1.87,4,15,5,7,6,564,16,14,2,,3,2,8,4,13,2,2,2,1,31,3,3,473,25,67,145/188 (77%),18/48 (38%),2/17 (12%),46%,10,35/63 (56%),6/26 (23%),6/14 (43%),69%,16,10,54,14,2,5,0.29,,0,0,13
13299370,242,70158,CALENDAR,REGULAR_SEASON,Regular Season,LEAGUE,2504,Columbus Crew,Local,1ST,26/04/2025,,1,59%,1.23,2,8,2,6,,273,12,5,0,,2,0,4,2,7,1,1,1,1,,2,1,232,12,31,,9/18 (50%),2/13 (15%),52%,6,22/39 (56%),2/7 (29%),5/8 (63%),83%,12,6,29,8,,2,,,,,4
13299370,242,70158,CALENDAR,REGULAR_SEASON,Regular Season,LEAGUE,2504,Columbus Crew,Local,2ND,26/04/2025,,1,65%,0.64,2,7,3,1,,291,4,9,2,,1,2,4,2,6,1,1,1,0,,1,2,241,13,36,,9/30 (30%),0/4 (0%),40%,4,13/24 (54%),4/19 (21%),1/6 (17%),25%,4,4,25,6,,3,,,,,9
13299370,242,70158,CALENDAR,REGULAR_SEASON,Regular Season,LEAGUE,21825,San Jose Earthquakes,Visita,ALL,26/04/2025,,1,38%,2.24,5,15,0,2,14,340,18,6,0,,6,0,6,3,12,3,1,4,2,21,1,4,244,14,56,70/113 (62%),21/52 (40%),5/15 (33%),54%,8,28/63 (44%),20/26 (77%),5/13 (38%),61%,18,11,66,28,0,0,-1.16,,1,1,7
13299370,242,70158,CALENDAR,REGULAR_SEASON,Regular Season,LEAGUE,21825,San Jose Earthquakes,Visita,1ST,26/04/2025,,1,41%,1.06,3,6,0,1,,188,9,4,0,,3,0,3,0,5,1,1,2,1,,1,2,146,6,24,,7/20 (35%),4/9 (44%),48%,6,17/39 (44%),5/7 (71%),4/10 (40%),67%,9,7,33,22,,0,,,,,4
13299370,242,70158,CALENDAR,REGULAR_SEASON,Regular Season,LEAGUE,21825,San Jose Earthquakes,Visita,2ND,26/04/2025,,0,35%,1.18,2,9,0,1,,152,9,2,0,,3,0,3,3,7,2,0,2,1,,0,2,98,8,32,,14/32 (44%),1/6 (17%),60%,2,11/24 (46%),15/19 (79%),1/3 (33%),56%,9,4,33,6,,0,,,,,3
13299392,242,70158,CALENDAR,REGULAR_SEASON,Regular Season,LEAGUE,2504,Columbus Crew,Local,ALL,03/05/2025,,4,58%,2.66,5,16,1,9,10,637,21,6,2,,11,0,2,3,9,7,3,2,0,31,2,1,580,11,54,176/208 (85%),17/33 (52%),4/18 (22%),51%,13,34/69 (49%),5/8 (63%),7/12 (58%),62%,21,8,44,11,0,1,0.39,1,,,3
13299392,242,70158,CALENDAR,REGULAR_SEASON,Regular Season,LEAGUE,2504,Columbus Crew,Local,1ST,03/05/2025,,2,56%,2.09,4,10,1,6,,297,15,3,2,,8,0,1,1,5,5,2,2,0,,2,1,267,5,24,,6/12 (50%),2/11 (18%),58%,7,23/40 (57%),3/5 (60%),5/7 (71%),60%,15,6,25,7,,1,,,,,1
13299392,242,70158,CALENDAR,REGULAR_SEASON,Regular Season,LEAGUE,2504,Columbus Crew,Local,2ND,03/05/2025,,2,60%,0.57,1,6,0,3,,340,6,3,0,,3,0,1,2,4,2,1,0,0,,0,0,313,6,30,,11/21 (52%),2/7 (29%),41%,6,11/29 (38%),2/3 (67%),2/5 (40%),67%,6,2,19,4,,0,,,,,2
13299392,242,70158,CALENDAR,REGULAR_SEASON,Regular Season,LEAGUE,404108,Charlotte FC,Visita,ALL,03/05/2025,,2,42%,1.92,3,9,7,3,7,460,18,9,0,,3,0,4,2,8,1,2,1,1,24,2,3,403,15,35,77/102 (75%),31/51 (61%),2/9 (22%),49%,13,35/69 (51%),3/8 (38%),7/15 (47%),50%,18,14,42,29,2,7,-0.23,1,,,3
13299392,242,70158,CALENDAR,REGULAR_SEASON,Regular Season,LEAGUE,404108,Charlotte FC,Visita,1ST,03/05/2025,,1,44%,1.36,2,5,6,2,,233,9,5,0,,2,0,2,1,5,0,1,1,1,,1,2,204,9,17,,13/20 (65%),1/4 (25%),42%,11,17/40 (43%),2/5 (40%),2/6 (33%),44%,9,6,22,16,,6,,,,,1
13299392,242,70158,CALENDAR,REGULAR_SEASON,Regular Season,LEAGUE,404108,Charlotte FC,Visita,2ND,03/05/2025,,1,40%,0.55,1,4,1,1,,227,9,4,0,,1,0,2,1,3,1,1,0,0,,1,1,199,6,18,,18/31 (58%),1/5 (20%),59%,2,18/29 (62%),1/3 (33%),5/9 (56%),56%,9,8,20,13,,1,,,,,2
13299421,242,70158,CALENDAR,REGULAR_SEASON,Regular Season,LEAGUE,39833,Philadelphia Union,Local,ALL,10/05/2025,,2,30%,1.70,2,16,1,3,13,283,23,10,0,,6,0,5,5,8,8,1,1,1,26,0,6,219,14,38,57/84 (68%),19/48 (40%),1/8 (13%),52%,4,37/75 (49%),15/25 (60%),6/12 (50%),61%,23,15,49,17,0,1,-0.08,,1,0,10
13299421,242,70158,CALENDAR,REGULAR_SEASON,Regular Season,LEAGUE,39833,Philadelphia Union,Local,1ST,10/05/2025,,1,35%,0.85,1,7,1,2,,149,9,3,0,,4,0,1,2,3,4,1,0,0,,0,5,118,10,13,,6/17 (35%),1/6 (17%),53%,2,13/27 (48%),7/11 (64%),3/5 (60%),67%,9,7,20,9,,1,,,,,7
13299421,242,70158,CALENDAR,REGULAR_SEASON,Regular Season,LEAGUE,39833,Philadelphia Union,Local,2ND,10/05/2025,,1,26%,0.85,1,9,0,1,,134,14,7,0,,2,0,4,3,5,4,0,1,1,,0,1,101,4,25,,13/31 (42%),0/2 (0%),52%,2,24/48 (50%),8/14 (57%),3/7 (43%),57%,14,8,29,8,,0,,,,,3
13299421,242,70158,CALENDAR,REGULAR_SEASON,Regular Season,LEAGUE,2504,Columbus Crew,Visita,ALL,10/05/2025,,2,70%,0.95,4,10,4,5,10,678,10,13,2,,3,0,5,2,7,3,2,2,1,21,2,0,595,17,88,146/191 (76%),17/34 (50%),5/10 (50%),48%,15,38/75 (51%),10/25 (40%),15/23 (65%),80%,10,8,47,18,1,4,-0.15,,0,1,9
13299421,242,70158,CALENDAR,REGULAR_SEASON,Regular Season,LEAGUE,2504,Columbus Crew,Visita,1ST,10/05/2025,,0,65%,0.54,1,7,3,4,,288,4,4,0,,1,0,4,2,4,3,0,1,1,,1,0,249,9,38,,6/18 (33%),3/5 (60%),47%,5,14/27 (52%),4/11 (36%),6/10 (60%),100%,4,5,21,11,,3,,,,,4
13299421,242,70158,CALENDAR,REGULAR_SEASON,Regular Season,LEAGUE,2504,Columbus Crew,Visita,2ND,10/05/2025,,2,74%,0.41,3,3,1,1,,390,6,9,2,,2,0,1,0,3,0,2,1,0,,1,0,346,8,50,,11/16 (69%),2/5 (40%),48%,10,24/48 (50%),6/14 (43%),9/13 (69%),67%,6,3,26,7,,1,,,,,5
13299433,242,70158,CALENDAR,REGULAR_SEASON,Regular Season,LEAGUE,22006,CF Montréal,Local,ALL,14/05/2025,,1,41%,0.22,1,4,3,0,9,444,25,10,1,,2,0,1,1,2,2,1,0,0,10,1,1,376,11,31,32/52 (62%),33/57 (58%),0/3 (0%),60%,5,35/58 (60%),5/9 (56%),1/6 (17%),60%,25,14,50,23,2,3,0.79,1,,,11
13299433,242,70158,CALENDAR,REGULAR_SEASON,Regular Season,LEAGUE,22006,CF Montréal,Local,1ST,14/05/2025,,1,50%,0.13,1,2,0,0,,282,13,4,0,,1,0,0,1,1,1,1,0,0,,0,1,252,4,13,,20/28 (71%),0/2 (0%),52%,1,16/30 (53%),1/3 (33%),0/4 (0%),46%,13,9,27,9,,0,,,,,5
13299433,242,70158,CALENDAR,REGULAR_SEASON,Regular Season,LEAGUE,22006,CF Montréal,Local,2ND,14/05/2025,,0,32%,0.09,0,2,3,0,,162,12,6,1,,1,0,1,0,1,1,0,0,0,,1,0,124,7,18,,13/29 (45%),0/1 (0%),68%,4,19/28 (68%),4/6 (67%),1/2 (50%),75%,12,5,23,14,,3,,,,,6
13299433,242,70158,CALENDAR,REGULAR_SEASON,Regular Season,LEAGUE,2504,Columbus Crew,Visita,ALL,14/05/2025,,1,59%,1.94,2,14,1,4,10,622,10,9,0,,4,0,5,5,6,8,1,1,1,25,3,0,555,21,68,152/192 (79%),12/24 (50%),4/13 (31%),40%,15,23/58 (40%),4/9 (44%),5/15 (33%),50%,10,6,51,7,0,1,-0.52,0,,,4
13299433,242,70158,CALENDAR,REGULAR_SEASON,Regular Season,LEAGUE,2504,Columbus Crew,Visita,1ST,14/05/2025,,0,50%,0.55,0,5,0,0,,278,5,5,0,,0,0,3,2,2,3,0,0,0,,1,0,247,8,30,,5/12 (42%),0/1 (0%),48%,6,14/30 (47%),2/3 (67%),4/11 (36%),40%,5,3,25,1,,0,,,,,2
13299433,242,70158,CALENDAR,REGULAR_SEASON,Regular Season,LEAGUE,2504,Columbus Crew,Visita,2ND,14/05/2025,,1,68%,1.39,2,9,1,4,,344,5,4,0,,4,0,2,3,4,5,1,1,1,,2,0,308,13,38,,7/12 (58%),4/12 (33%),32%,9,9/28 (32%),2/6 (33%),1/4 (25%),60%,5,3,26,6,,1,,,,,2
13299452,242,70158,CALENDAR,REGULAR_SEASON,Regular Season,LEAGUE,2504,Columbus Crew,Local,ALL,17/05/2025,,1,68%,2.87,6,16,2,8,9,639,17,12,0,,6,1,5,5,12,4,1,5,3,37,4,2,569,16,85,208/249 (84%),13/28 (46%),5/26 (19%),49%,8,32/60 (53%),8/21 (38%),3/9 (33%),24%,17,5,53,11,0,2,-0.03,0,0,2,4
13299452,242,70158,CALENDAR,REGULAR_SEASON,Regular Season,LEAGUE,2504,Columbus Crew,Local,1ST,17/05/2025,,0,65%,0.49,1,6,2,2,,313,10,9,0,,2,1,2,2,4,2,0,1,2,,2,2,279,10,43,,6/13 (46%),1/10 (10%),58%,3,22/35 (63%),3/8 (38%),3/7 (43%),20%,10,3,26,7,,2,,,,,1
13299452,242,70158,CALENDAR,REGULAR_SEASON,Regular Season,LEAGUE,2504,Columbus Crew,Local,2ND,17/05/2025,,1,72%,2.38,5,10,0,6,,326,7,3,0,,4,0,3,3,8,2,1,4,1,,2,0,290,6,42,,7/15 (47%),4/16 (25%),39%,5,10/25 (40%),5/13 (38%),0/2 (0%),29%,7,2,27,4,,0,,,,,3
13299452,242,70158,CALENDAR,REGULAR_SEASON,Regular Season,LEAGUE,215167,FC Cincinnati,Visita,ALL,17/05/2025,,1,32%,0.87,1,10,5,8,13,297,14,9,2,,3,0,3,4,7,3,1,0,0,19,0,1,229,5,44,57/93 (61%),22/50 (44%),3/13 (23%),51%,7,28/60 (47%),13/21 (62%),7/17 (41%),64%,14,9,55,36,1,5,2.04,1,1,2,8
13299452,242,70158,CALENDAR,REGULAR_SEASON,Regular Season,LEAGUE,215167,FC Cincinnati,Visita,1ST,17/05/2025,,1,35%,0.65,1,6,2,7,,164,7,6,1,,3,0,2,1,5,1,1,0,0,,0,1,128,0,22,,14/31 (45%),2/10 (20%),42%,4,13/35 (37%),5/8 (63%),2/8 (25%),86%,7,6,32,14,,2,,,,,1
13299452,242,70158,CALENDAR,REGULAR_SEASON,Regular Season,LEAGUE,215167,FC Cincinnati,Visita,2ND,17/05/2025,,0,28%,0.23,0,4,3,1,,133,7,3,1,,0,0,1,3,2,2,0,0,0,,0,0,101,5,22,,8/19 (42%),1/3 (33%),61%,3,15/25 (60%),8/13 (62%),5/9 (56%),43%,7,3,23,22,,3,,,,,7
13299350,242,70158,CALENDAR,REGULAR_SEASON,Regular Season,LEAGUE,404108,Charlotte FC,Local,ALL,24/05/2025,,3,34%,2.76,8,16,5,7,6,330,14,5,2,,10,1,5,1,14,2,2,6,3,31,2,3,276,17,42,58/82 (71%),38/62 (61%),4/13 (31%),52%,5,25/52 (48%),11/17 (65%),7/16 (44%),86%,14,10,49,18,0,5,0.07,0,2,,4
13299350,242,70158,CALENDAR,REGULAR_SEASON,Regular Season,LEAGUE,404108,Charlotte FC,Local,1ST,24/05/2025,,2,38%,1.44,5,7,0,2,,181,6,4,1,,3,1,4,0,5,2,2,3,2,,2,1,155,9,21,,20/30 (67%),2/7 (29%),53%,2,13/26 (50%),5/8 (63%),4/8 (50%),83%,6,5,21,7,,0,,,,,1
13299350,242,70158,CALENDAR,REGULAR_SEASON,Regular Season,LEAGUE,404108,Charlotte FC,Local,2ND,24/05/2025,,1,31%,1.32,3,9,5,5,,149,8,1,1,,7,0,1,1,9,0,0,3,1,,0,2,121,8,21,,18/32 (56%),2/6 (33%),51%,3,12/26 (46%),6/9 (67%),3/8 (38%),88%,8,5,28,11,,5,,,,,3
13299350,242,70158,CALENDAR,REGULAR_SEASON,Regular Season,LEAGUE,2504,Columbus Crew,Visita,ALL,24/05/2025,,2,66%,1.38,2,12,7,3,5,647,14,6,0,,7,0,2,3,8,4,1,1,0,24,3,3,587,21,78,200/242 (83%),27/38 (71%),3/17 (18%),48%,8,27/52 (52%),6/17 (35%),9/15 (60%),57%,14,6,42,22,3,7,2.38,1,2,,5
13299350,242,70158,CALENDAR,REGULAR_SEASON,Regular Season,LEAGUE,2504,Columbus Crew,Visita,1ST,24/05/2025,,1,62%,0.10,0,3,1,0,,310,6,4,0,,1,0,0,2,2,1,0,0,0,,1,2,278,9,34,,14/22 (64%),1/7 (14%),47%,3,13/26 (50%),3/8 (38%),4/7 (57%),83%,6,4,15,8,,1,,,,,4
13299350,242,70158,CALENDAR,REGULAR_SEASON,Regular Season,LEAGUE,2504,Columbus Crew,Visita,2ND,24/05/2025,,1,69%,1.28,2,9,6,3,,337,8,2,0,,6,0,2,1,6,3,1,1,0,,2,1,309,12,44,,13/16 (81%),2/10 (20%),49%,5,14/26 (54%),3/9 (33%),5/8 (63%),38%,8,2,27,14,,6,,,,,1
13299434,242,70158,CALENDAR,REGULAR_SEASON,Regular Season,LEAGUE,2504,Columbus Crew,Local,ALL,28/05/2025,,2,67%,2.28,1,21,4,7,5,688,19,6,2,,5,1,9,7,11,10,1,0,,39,1,4,612,16,78,237/277 (86%),10/26 (38%),7/30 (23%),49%,13,33/69 (48%),6/11 (55%),8/15 (53%),63%,19,9,54,12,,4,0.36,1,0,,7
13299434,242,70158,CALENDAR,REGULAR_SEASON,Regular Season,LEAGUE,2504,Columbus Crew,Local,1ST,28/05/2025,,0,71%,0.86,0,10,0,5,,370,4,1,0,,2,0,5,3,5,5,0,0,,,1,3,331,10,39,,4/10 (40%),3/16 (19%),41%,4,8/22 (36%),3/5 (60%),3/7 (43%),50%,4,5,28,0,,0,,,,,3
13299434,242,70158,CALENDAR,REGULAR_SEASON,Regular Season,LEAGUE,2504,Columbus Crew,Local,2ND,28/05/2025,,2,63%,1.41,1,11,4,2,,318,15,5,2,,3,1,4,4,6,5,1,0,,,0,1,281,6,39,,6/16 (38%),4/14 (29%),53%,9,25/47 (53%),3/6 (50%),5/8 (63%),67%,15,4,26,12,,4,,,,,4
13299434,242,70158,CALENDAR,REGULAR_SEASON,Regular Season,LEAGUE,337612,Nashville SC,Visita,ALL,28/05/2025,,2,33%,2.77,7,14,4,3,6,343,20,5,3,,6,1,5,3,11,3,2,5,,21,0,5,272,16,31,50/69 (72%),22/49 (45%),3/11 (27%),51%,13,36/69 (52%),5/11 (45%),11/17 (65%),40%,20,13,52,29,,4,-0.99,0,1,,10
13299434,242,70158,CALENDAR,REGULAR_SEASON,Regular Season,LEAGUE,337612,Nashville SC,Visita,1ST,28/05/2025,,1,29%,1.33,2,3,2,0,,157,8,1,0,,1,1,2,0,3,0,1,1,,,0,2,122,9,14,,11/25 (44%),0/1 (0%),59%,3,14/22 (64%),2/5 (40%),5/6 (83%),38%,8,7,25,18,,2,,,,,6
13299434,242,70158,CALENDAR,REGULAR_SEASON,Regular Season,LEAGUE,337612,Nashville SC,Visita,2ND,28/05/2025,,1,37%,1.44,5,11,2,3,,186,12,4,3,,5,0,3,3,8,3,1,4,,,0,3,150,7,17,,11/24 (46%),3/10 (30%),47%,10,22/47 (47%),3/6 (50%),6/11 (55%),42%,12,6,27,11,,2,,,,,4
13299463,242,70158,CALENDAR,REGULAR_SEASON,Regular Season,LEAGUE,337602,Inter Miami CF,Local,ALL,31/05/2025,,5,51%,2.03,6,14,0,4,8,513,18,12,1,,7,0,4,3,10,4,4,2,2,21,0,4,454,9,34,100/120 (83%),38/56 (68%),0/1 (0%),64%,4,36/59 (61%),13/18 (72%),6/13 (46%),56%,18,5,40,15,1,0,-0.55,0,,,13
13299463,242,70158,CALENDAR,REGULAR_SEASON,Regular Season,LEAGUE,337602,Inter Miami CF,Local,1ST,31/05/2025,,3,52%,1.41,4,8,0,2,,287,6,8,0,,5,0,2,1,7,1,2,2,1,,0,4,258,3,22,,19/29 (66%),0/0 (0%),63%,3,19/31 (61%),6/9 (67%),5/7 (71%),33%,6,3,23,7,,0,,,,,5
13299463,242,70158,CALENDAR,REGULAR_SEASON,Regular Season,LEAGUE,337602,Inter Miami CF,Local,2ND,31/05/2025,,2,49%,0.62,2,6,0,2,,226,12,4,1,,2,0,2,2,3,3,2,0,1,,0,0,196,6,12,,19/27 (70%),0/1 (0%),65%,1,17/28 (61%),7/9 (78%),1/6 (17%),67%,12,2,17,8,,0,,,,,8
13299463,242,70158,CALENDAR,REGULAR_SEASON,Regular Season,LEAGUE,2504,Columbus Crew,Visita,ALL,31/05/2025,,1,49%,0.73,1,12,2,6,12,480,11,8,1,,1,0,6,5,4,8,0,1,2,19,4,2,433,9,53,153/186 (82%),13/24 (54%),3/15 (20%),36%,11,23/59 (39%),5/18 (28%),4/11 (36%),64%,11,11,44,5,0,2,-2.92,1,,,4
13299463,242,70158,CALENDAR,REGULAR_SEASON,Regular Season,LEAGUE,2504,Columbus Crew,Visita,1ST,31/05/2025,,0,48%,0.43,1,3,2,0,,258,5,3,0,,0,0,2,1,2,1,0,1,1,,2,2,228,2,24,,6/15 (40%),1/4 (25%),37%,5,12/31 (39%),3/9 (33%),4/5 (80%),60%,5,7,21,3,,2,,,,,2
13299463,242,70158,CALENDAR,REGULAR_SEASON,Regular Season,LEAGUE,2504,Columbus Crew,Visita,2ND,31/05/2025,,1,51%,0.30,0,9,0,6,,222,6,5,1,,1,0,4,4,2,7,0,0,1,,2,0,205,7,29,,7/9 (78%),2/11 (18%),35%,6,11/28 (39%),2/9 (22%),0/6 (0%),67%,6,4,23,2,,0,,,,,2
13299483,242,70158,CALENDAR,REGULAR_SEASON,Regular Season,LEAGUE,2504,Columbus Crew,Local,ALL,14/06/2025,,2,61%,1.22,3,8,2,4,13,602,14,12,1,,5,0,1,2,6,2,2,1,1,19,2,7,550,10,67,121/148 (82%),22/39 (56%),0/6 (0%),52%,10,37/72 (51%),5/9 (56%),11/20 (55%),64%,14,2,51,11,,2,-0.64,0,1,,7
13299483,242,70158,CALENDAR,REGULAR_SEASON,Regular Season,LEAGUE,2504,Columbus Crew,Local,1ST,14/06/2025,,2,60%,0.68,2,4,0,0,,312,5,6,0,,2,0,1,1,2,2,2,0,0,,1,3,286,5,36,,7/14 (50%),0/2 (0%),50%,4,19/38 (50%),2/4 (50%),8/14 (57%),40%,5,1,26,6,,0,,,,,3
13299483,242,70158,CALENDAR,REGULAR_SEASON,Regular Season,LEAGUE,2504,Columbus Crew,Local,2ND,14/06/2025,,0,61%,0.54,1,4,2,4,,290,9,6,1,,3,0,0,1,4,0,0,1,1,,1,4,264,5,31,,15/25 (60%),0/4 (0%),54%,6,18/34 (53%),3/5 (60%),3/6 (50%),78%,9,1,25,5,,2,,,,,4
13299483,242,70158,CALENDAR,REGULAR_SEASON,Regular Season,LEAGUE,22010,Vancouver Whitecaps,Visita,ALL,14/06/2025,,1,39%,0.75,1,10,3,1,12,388,19,13,1,,3,0,3,4,5,5,1,0,1,11,2,1,328,11,42,53/77 (69%),31/51 (61%),1/7 (14%),48%,7,35/72 (49%),4/9 (44%),6/13 (46%),53%,19,5,45,12,,3,0.23,1,1,,2
13299483,242,70158,CALENDAR,REGULAR_SEASON,Regular Season,LEAGUE,22010,Vancouver Whitecaps,Visita,1ST,14/06/2025,,1,40%,0.52,1,3,0,1,,202,10,8,1,,1,0,0,2,2,1,1,0,1,,0,1,174,4,20,,17/28 (61%),0/5 (0%),50%,2,19/38 (50%),2/4 (50%),3/6 (50%),50%,10,4,23,6,,0,,,,,1
13299483,242,70158,CALENDAR,REGULAR_SEASON,Regular Season,LEAGUE,22010,Vancouver Whitecaps,Visita,2ND,14/06/2025,,0,39%,0.24,0,7,3,0,,186,9,5,0,,2,0,3,2,3,4,0,0,0,,2,0,154,7,22,,14/23 (61%),1/2 (50%),46%,5,16/34 (47%),2/5 (40%),3/7 (43%),56%,9,1,22,6,,3,,,,,1
13299493,242,70158,CALENDAR,REGULAR_SEASON,Regular Season,LEAGUE,2504,Columbus Crew,Local,ALL,25/06/2025,,3,63%,3.58,5,19,1,7,4,682,13,12,1,,10,0,5,4,16,3,2,3,3,44,1,4,626,6,80,196/228 (86%),20/33 (61%),2/10 (20%),53%,10,30/56 (54%),6/12 (50%),6/11 (55%),54%,13,3,50,18,0,1,0.14,0,1,,7
13299493,242,70158,CALENDAR,REGULAR_SEASON,Regular Season,LEAGUE,2504,Columbus Crew,Local,1ST,25/06/2025,,3,62%,3.05,4,14,1,4,,326,11,6,0,,7,0,4,3,11,3,2,2,2,,1,2,299,2,41,,9/16 (56%),2/7 (29%),56%,7,20/36 (56%),3/5 (60%),3/8 (38%),64%,11,2,32,7,,1,,,,,4
13299493,242,70158,CALENDAR,REGULAR_SEASON,Regular Season,LEAGUE,2504,Columbus Crew,Local,2ND,25/06/2025,,0,65%,0.53,1,5,0,3,,356,2,6,1,,3,0,1,1,5,0,0,1,1,,0,2,327,4,39,,11/17 (65%),0/3 (0%),48%,3,10/20 (50%),3/7 (43%),3/3 (100%),0%,2,1,18,11,,0,,,,,3
13299493,242,70158,CALENDAR,REGULAR_SEASON,Regular Season,LEAGUE,243211,Atlanta United,Visita,ALL,25/06/2025,,1,37%,1.88,3,9,7,3,12,390,15,4,4,,2,0,6,1,7,2,1,2,1,18,2,0,342,9,53,58/91 (64%),14/38 (37%),2/14 (14%),47%,5,26/56 (46%),6/12 (50%),7/15 (47%),27%,15,8,42,24,2,7,1.03,3,0,,7
13299493,242,70158,CALENDAR,REGULAR_SEASON,Regular Season,LEAGUE,243211,Atlanta United,Visita,1ST,25/06/2025,,0,38%,0.55,1,3,4,0,,200,12,1,1,,1,0,1,1,2,1,0,1,1,,0,0,171,4,27,,4/18 (22%),0/5 (0%),44%,4,16/36 (44%),2/5 (40%),3/10 (30%),33%,12,4,25,13,,4,,,,,5
13299493,242,70158,CALENDAR,REGULAR_SEASON,Regular Season,LEAGUE,243211,Atlanta United,Visita,2ND,25/06/2025,,1,35%,1.34,2,6,3,3,,190,3,3,3,,1,0,5,0,5,1,1,1,0,,2,0,171,5,26,,10/20 (50%),2/9 (22%),52%,1,10/20 (50%),4/7 (57%),4/5 (80%),0%,3,4,17,11,,3,,,,,2
13299520,242,70158,CALENDAR,REGULAR_SEASON,Regular Season,LEAGUE,2504,Columbus Crew,Local,ALL,29/06/2025,,1,60%,0.88,2,7,0,2,16,493,14,17,2,,3,0,1,3,5,2,1,1,,12,5,1,426,19,40,58/79 (73%),15/29 (52%),2/7 (29%),42%,10,34/74 (46%),10/31 (32%),5/16 (31%),71%,14,9,46,23,3,0,0.00,,,0,8
13299520,242,70158,CALENDAR,REGULAR_SEASON,Regular Season,LEAGUE,2504,Columbus Crew,Local,1ST,29/06/2025,,1,64%,0.50,1,5,0,0,,264,10,10,0,,2,0,1,2,3,2,1,0,,,5,1,240,11,28,,10/13 (77%),2/5 (40%),45%,5,20/44 (45%),5/12 (42%),2/9 (22%),70%,10,5,19,6,,0,,,,,3
13299520,242,70158,CALENDAR,REGULAR_SEASON,Regular Season,LEAGUE,2504,Columbus Crew,Local,2ND,29/06/2025,,0,55%,0.39,1,2,0,2,,229,4,7,2,,1,0,0,1,2,0,0,1,,,0,0,186,8,12,,5/16 (31%),0/2 (0%),39%,5,14/30 (47%),5/19 (26%),3/7 (43%),75%,4,4,27,17,,0,,,,,5
13299520,242,70158,CALENDAR,REGULAR_SEASON,Regular Season,LEAGUE,39833,Philadelphia Union,Visita,ALL,29/06/2025,,0,40%,0.45,1,6,2,3,17,325,21,16,6,,0,0,5,1,4,2,0,1,,21,1,2,244,18,53,49/96 (51%),32/58 (55%),3/11 (27%),58%,7,40/74 (54%),21/31 (68%),3/10 (30%),81%,21,6,47,15,0,2,0.05,,,1,5
13299520,242,70158,CALENDAR,REGULAR_SEASON,Regular Season,LEAGUE,39833,Philadelphia Union,Visita,1ST,29/06/2025,,0,36%,0.08,0,1,1,0,,148,12,9,3,,0,0,1,0,0,1,0,0,,,1,1,116,6,17,,15/25 (60%),0/2 (0%),55%,5,24/44 (55%),7/12 (58%),3/8 (38%),75%,12,1,21,7,,1,,,,,4
13299520,242,70158,CALENDAR,REGULAR_SEASON,Regular Season,LEAGUE,39833,Philadelphia Union,Visita,2ND,29/06/2025,,0,45%,0.38,1,5,1,3,,177,9,7,3,,0,0,4,1,4,1,0,1,,,0,1,128,12,36,,17/33 (52%),3/9 (33%),61%,2,16/30 (53%),14/19 (74%),0/2 (0%),89%,9,5,26,8,,1,,,,,1
13295819,242,70158,CALENDAR,REGULAR_SEASON,Regular Season,LEAGUE,22009,Seattle Sounders FC,Local,ALL,06/07/2025,,1,43%,1.68,3,8,2,2,13,457,19,10,4,1,2,0,4,2,6,2,1,2,2,15,2,1,399,14,43,89/119 (75%),18/29 (62%),3/16 (19%),51%,5,32/60 (53%),3/9 (33%),4/9 (44%),79%,19,7,48,13,1,2,0.26,,,0,4
13295819,242,70158,CALENDAR,REGULAR_SEASON,Regular Season,LEAGUE,22009,Seattle Sounders FC,Local,1ST,06/07/2025,,1,45%,1.16,2,4,1,0,,265,9,6,0,0,1,0,1,2,4,0,1,1,2,,1,0,233,8,22,,11/17 (65%),2/5 (40%),56%,3,18/30 (60%),1/4 (25%),3/5 (60%),67%,9,6,24,4,,1,,,,,2
13295819,242,70158,CALENDAR,REGULAR_SEASON,Regular Season,LEAGUE,22009,Seattle Sounders FC,Local,2ND,06/07/2025,,0,41%,0.52,1,4,1,2,,192,10,4,4,1,1,0,3,0,2,2,0,1,0,,1,1,166,6,21,,7/12 (58%),1/11 (9%),46%,2,14/30 (47%),2/5 (40%),1/4 (25%),90%,10,1,24,9,,1,,,,,2
13295819,242,70158,CALENDAR,REGULAR_SEASON,Regular Season,LEAGUE,2504,Columbus Crew,Visita,ALL,06/07/2025,,1,57%,0.84,1,9,1,1,10,613,10,13,3,0,3,0,2,4,4,5,1,0,0,19,2,2,551,15,56,175/203 (86%),10/23 (43%),2/7 (29%),49%,10,28/60 (47%),6/9 (67%),7/16 (44%),60%,10,8,43,12,0,1,0.16,,,1,7
13295819,242,70158,CALENDAR,REGULAR_SEASON,Regular Season,LEAGUE,2504,Columbus Crew,Visita,1ST,06/07/2025,,1,55%,0.78,1,7,0,1,,326,5,3,0,0,2,0,1,4,3,4,1,0,0,,0,1,294,9,33,,4/10 (40%),1/2 (50%),44%,5,12/30 (40%),3/4 (75%),4/8 (50%),40%,5,4,23,5,,0,,,,,2
13295819,242,70158,CALENDAR,REGULAR_SEASON,Regular Season,LEAGUE,2504,Columbus Crew,Visita,2ND,06/07/2025,,0,59%,0.06,0,2,1,0,,287,5,10,3,0,1,0,1,0,1,1,0,0,0,,2,1,257,6,23,,6/13 (46%),1/5 (20%),54%,5,16/30 (53%),3/5 (60%),3/8 (38%),80%,5,4,20,7,,1,,,,,5
13295823,242,70158,CALENDAR,REGULAR_SEASON,Regular Season,LEAGUE,215167,FC Cincinnati,Local,ALL,12/07/2025,,2,50%,0.67,1,13,1,5,9,478,13,16,4,,4,0,6,3,6,7,0,1,,26,2,1,408,17,44,75/104 (72%),12/36 (33%),4/19 (21%),56%,6,37/64 (58%),3/8 (38%),10/17 (59%),54%,13,7,42,21,,1,-2.55,,0,1,7
13295823,242,70158,CALENDAR,REGULAR_SEASON,Regular Season,LEAGUE,215167,FC Cincinnati,Local,1ST,12/07/2025,,2,43%,0.47,1,8,1,4,,197,7,8,3,,3,0,3,2,3,5,0,1,,,0,0,163,6,19,,9/26 (35%),2/10 (20%),53%,2,19/32 (59%),0/4 (0%),5/10 (50%),57%,7,2,27,14,,1,,,,,3
13295823,242,70158,CALENDAR,REGULAR_SEASON,Regular Season,LEAGUE,215167,FC Cincinnati,Local,2ND,12/07/2025,,0,55%,0.20,0,5,0,1,,281,6,8,1,,1,0,3,1,3,2,0,0,,,2,1,245,11,25,,3/10 (30%),2/9 (22%),58%,4,18/32 (56%),3/4 (75%),5/7 (71%),50%,6,5,15,7,,0,,,,,4
13295823,242,70158,CALENDAR,REGULAR_SEASON,Regular Season,LEAGUE,2504,Columbus Crew,Visita,ALL,12/07/2025,,4,50%,1.14,2,11,2,4,16,489,13,9,4,,4,0,6,1,5,6,1,1,,19,1,1,432,8,52,115/138 (83%),20/34 (59%),5/17 (29%),44%,5,27/64 (42%),5/8 (63%),6/14 (43%),69%,13,10,49,24,,2,-1.29,,1,1,10
13295823,242,70158,CALENDAR,REGULAR_SEASON,Regular Season,LEAGUE,2504,Columbus Crew,Visita,1ST,12/07/2025,,2,57%,0.47,1,7,1,3,,260,7,5,0,,3,0,3,1,3,4,0,1,,,1,1,233,5,33,,8/11 (73%),3/11 (27%),47%,3,13/32 (41%),4/4 (100%),2/6 (33%),71%,7,2,26,10,,1,,,,,6
13295823,242,70158,CALENDAR,REGULAR_SEASON,Regular Season,LEAGUE,2504,Columbus Crew,Visita,2ND,12/07/2025,,2,45%,0.66,1,4,1,1,,229,6,4,4,,1,0,3,0,2,2,1,0,,,0,0,199,3,19,,12/23 (52%),2/6 (33%),42%,2,14/32 (44%),1/4 (25%),4/8 (50%),67%,6,8,23,14,,1,,,,,4
13295846,242,70158,CALENDAR,REGULAR_SEASON,Regular Season,LEAGUE,337612,Nashville SC,Local,ALL,16/07/2025,,3,37%,2.48,3,10,4,1,13,386,18,3,1,,4,0,4,2,9,1,2,1,1,20,1,1,347,8,40,70/88 (80%),21/41 (51%),2/5 (40%),35%,9,24/71 (34%),4/9 (44%),3/15 (20%),61%,18,13,43,25,,4,0.74,1,2,,12
13295846,242,70158,CALENDAR,REGULAR_SEASON,Regular Season,LEAGUE,337612,Nashville SC,Local,1ST,16/07/2025,,2,33%,1.28,2,5,2,0,,189,4,1,0,,2,0,2,1,5,0,1,1,0,,0,1,173,5,16,,8/17 (47%),1/2 (50%),30%,4,6/26 (23%),3/4 (75%),1/4 (25%),75%,4,5,22,11,,2,,,,,4
13295846,242,70158,CALENDAR,REGULAR_SEASON,Regular Season,LEAGUE,337612,Nashville SC,Local,2ND,16/07/2025,,1,42%,1.20,1,5,2,1,,197,14,2,1,,2,0,2,1,4,1,1,0,1,,1,0,174,3,24,,13/24 (54%),1/3 (33%),38%,5,18/45 (40%),1/5 (20%),2/11 (18%),57%,14,8,21,14,,2,,,,,8
13295846,242,70158,CALENDAR,REGULAR_SEASON,Regular Season,LEAGUE,2504,Columbus Crew,Visita,ALL,16/07/2025,,0,63%,1.23,1,21,2,5,3,644,21,13,2,,4,0,10,7,16,5,0,1,0,44,4,1,603,16,74,247/270 (91%),15/20 (75%),5/22 (23%),65%,11,47/71 (66%),5/9 (56%),14/21 (67%),76%,21,2,41,4,,2,-1.56,1,0,,6
13295846,242,70158,CALENDAR,REGULAR_SEASON,Regular Season,LEAGUE,2504,Columbus Crew,Visita,1ST,16/07/2025,,0,67%,0.76,1,11,1,2,,380,7,5,0,,2,0,4,5,7,4,0,1,0,,2,0,363,6,47,,8/11 (73%),2/9 (22%),70%,2,20/26 (77%),1/4 (25%),9/11 (82%),100%,7,1,19,2,,1,,,,,3
13295846,242,70158,CALENDAR,REGULAR_SEASON,Regular Season,LEAGUE,2504,Columbus Crew,Visita,2ND,16/07/2025,,0,58%,0.47,0,10,1,3,,264,14,8,2,,2,0,6,2,9,1,0,0,0,,2,1,240,10,27,,7/9 (78%),3/13 (23%),62%,9,27/45 (60%),4/5 (80%),5/10 (50%),64%,14,1,22,2,,1,,,,,3
13295853,242,70158,CALENDAR,REGULAR_SEASON,Regular Season,LEAGUE,2504,Columbus Crew,Local,ALL,19/07/2025,,2,64%,2.45,4,18,0,7,6,589,18,13,1,0,5,0,5,8,14,4,1,3,,42,5,1,529,14,74,199/235 (85%),18/30 (60%),3/19 (16%),49%,13,39/70 (56%),3/15 (20%),7/13 (54%),56%,18,1,43,8,0,0,-0.45,0,0,,5
13295853,242,70158,CALENDAR,REGULAR_SEASON,Regular Season,LEAGUE,2504,Columbus Crew,Local,1ST,19/07/2025,,1,59%,1.52,3,6,0,1,,272,8,4,1,0,1,0,4,1,6,0,1,2,,,3,1,246,10,34,,8/15 (53%),2/8 (25%),45%,7,17/33 (52%),2/9 (22%),4/9 (44%),63%,8,1,20,2,,0,,,,,3
13295853,242,70158,CALENDAR,REGULAR_SEASON,Regular Season,LEAGUE,2504,Columbus Crew,Local,2ND,19/07/2025,,1,69%,0.93,1,12,0,6,,317,10,9,0,0,4,0,1,7,8,4,0,1,,,2,0,283,4,40,,10/15 (67%),1/11 (9%),53%,6,22/37 (59%),1/6 (17%),3/4 (75%),50%,10,0,23,6,,0,,,,,2
13295853,242,70158,CALENDAR,REGULAR_SEASON,Regular Season,LEAGUE,2502,DC United,Visita,ALL,19/07/2025,,1,36%,0.45,1,6,3,0,14,334,19,6,2,1,1,0,3,2,4,2,1,0,,11,0,1,283,14,42,41/71 (58%),37/56 (66%),0/4 (0%),51%,10,31/70 (44%),12/15 (80%),6/14 (43%),63%,19,14,42,33,2,3,-0.28,1,2,,9
13295853,242,70158,CALENDAR,REGULAR_SEASON,Regular Season,LEAGUE,2502,DC United,Visita,1ST,19/07/2025,,0,41%,0.15,0,3,0,0,,190,12,3,0,0,0,0,2,1,3,0,0,0,,,0,0,164,9,18,,19/29 (66%),0/1 (0%),55%,6,16/33 (48%),7/9 (78%),1/3 (33%),75%,12,9,21,13,,0,,,,,4
13295853,242,70158,CALENDAR,REGULAR_SEASON,Regular Season,LEAGUE,2502,DC United,Visita,2ND,19/07/2025,,1,31%,0.30,1,3,3,0,,144,7,3,2,1,1,0,1,1,1,2,1,0,,,0,1,119,5,24,,18/27 (67%),0/3 (0%),47%,4,15/37 (41%),5/6 (83%),5/11 (45%),43%,7,5,21,20,,3,,,,,5
13295866,242,70158,CALENDAR,REGULAR_SEASON,Regular Season,LEAGUE,2504,Columbus Crew,Local,ALL,25/07/2025,,1,65%,2.22,2,19,3,9,12,550,12,6,2,,8,0,7,4,14,5,1,1,2,41,2,4,497,10,74,202/235 (86%),22/37 (59%),6/31 (19%),39%,13,23/60 (38%),7/16 (44%),5/11 (45%),92%,12,4,50,13,2,3,-0.06,0,0,,5
13295866,242,70158,CALENDAR,REGULAR_SEASON,Regular Season,LEAGUE,2504,Columbus Crew,Local,1ST,25/07/2025,,0,65%,0.94,1,11,2,4,,286,6,3,1,,3,0,5,3,9,2,0,1,2,,0,4,263,5,36,,12/18 (67%),4/13 (31%),44%,7,13/29 (45%),3/7 (43%),4/6 (67%),100%,6,2,25,5,,2,,,,,1
13295866,242,70158,CALENDAR,REGULAR_SEASON,Regular Season,LEAGUE,2504,Columbus Crew,Local,2ND,25/07/2025,,1,65%,1.28,1,8,1,5,,264,6,3,1,,5,0,2,1,5,3,1,0,0,,2,0,234,5,38,,10/19 (53%),2/18 (11%),35%,6,10/31 (32%),4/9 (44%),1/5 (20%),83%,6,2,25,8,,1,,,,,4
13295866,242,70158,CALENDAR,REGULAR_SEASON,Regular Season,LEAGUE,52237,Orlando City SC,Visita,ALL,25/07/2025,,3,35%,2.53,4,10,7,1,7,302,19,12,1,,6,0,3,1,5,5,2,2,0,19,1,2,251,15,32,65/87 (75%),17/36 (47%),5/10 (50%),61%,8,37/60 (62%),9/16 (56%),6/10 (60%),37%,19,7,40,35,1,7,1.70,1,1,,10
13295866,242,70158,CALENDAR,REGULAR_SEASON,Regular Season,LEAGUE,52237,Orlando City SC,Visita,1ST,25/07/2025,,0,35%,0.79,1,4,3,0,,160,9,3,0,,2,0,2,0,1,3,0,1,0,,0,2,133,7,13,,10/19 (53%),1/2 (50%),56%,5,16/29 (55%),4/7 (57%),4/5 (80%),44%,9,2,16,15,,3,,,,,6
13295866,242,70158,CALENDAR,REGULAR_SEASON,Regular Season,LEAGUE,52237,Orlando City SC,Visita,2ND,25/07/2025,,3,35%,1.75,3,6,4,1,,142,10,9,1,,4,0,1,1,4,2,2,1,0,,1,0,118,8,19,,7/17 (41%),4/8 (50%),65%,3,21/31 (68%),5/9 (56%),2/5 (40%),30%,10,5,24,20,,4,,,,,4
13488611,13783,72227,CALENDAR,GROUP,"Leagues Cup, Group Stage",CUP,1931,CD Toluca,Local,ALL,29/07/2025,1,2,56%,1.93,3,21,1,7,18,434,13,11,6,,8,0,9,4,12,9,1,2,,24,0,4,365,18,45,70/106 (66%),38/61 (62%),9/20 (45%),46%,7,32/79 (41%),16/26 (62%),8/24 (33%),85%,13,5,54,18,1,1,,1,,,5
13488611,13783,72227,CALENDAR,GROUP,"Leagues Cup, Group Stage",CUP,1931,CD Toluca,Local,1ST,29/07/2025,1,0,55%,0.00,1,8,0,4,,226,4,5,2,,4,0,3,1,5,3,0,1,,,0,4,183,11,25,,14/28 (50%),3/6 (50%),40%,4,11/32 (34%),8/16 (50%),2/9 (22%),75%,4,1,26,12,,0,,,,,4
13488611,13783,72227,CALENDAR,GROUP,"Leagues Cup, Group Stage",CUP,1931,CD Toluca,Local,2ND,29/07/2025,1,2,57%,0.00,2,13,1,3,,208,9,6,4,,4,0,6,3,7,6,1,1,,,0,0,182,7,20,,24/33 (73%),6/14 (43%),51%,3,21/47 (45%),8/10 (80%),6/15 (40%),89%,9,4,28,6,,1,,,,,1
13488611,13783,72227,CALENDAR,GROUP,"Leagues Cup, Group Stage",CUP,2504,Columbus Crew,Visita,ALL,29/07/2025,1,2,44%,2.56,5,8,6,2,11,344,23,16,2,,3,0,2,3,6,2,2,3,,20,3,2,267,10,42,76/111 (68%),13/37 (35%),1/7 (14%),54%,6,47/79 (59%),10/26 (38%),6/13 (46%),65%,23,12,47,18,0,6,,0,,,7
13488611,13783,72227,CALENDAR,GROUP,"Leagues Cup, Group Stage",CUP,2504,Columbus Crew,Visita,1ST,29/07/2025,1,1,45%,0.00,3,4,4,1,,184,11,6,2,,1,0,2,1,4,0,1,2,,,1,1,142,4,22,,4/16 (25%),1/3 (33%),60%,3,21/32 (66%),8/16 (50%),3/4 (75%),82%,11,7,26,8,,4,,,,,1
13488611,13783,72227,CALENDAR,GROUP,"Leagues Cup, Group Stage",CUP,2504,Columbus Crew,Visita,2ND,29/07/2025,1,1,43%,0.00,2,4,2,1,,160,12,10,0,,2,0,0,2,2,2,1,1,,,2,1,125,6,20,,9/21 (43%),0/4 (0%),49%,3,26/47 (55%),2/10 (20%),3/9 (33%),50%,12,5,21,10,,2,,,,,6
13488576,13783,72227,CALENDAR,GROUP,"Leagues Cup, Group Stage",CUP,2504,Columbus Crew,Local,ALL,01/08/2025,2,3,56%,2.33,6,13,3,6,9,473,24,20,1,,3,0,6,4,11,2,3,3,2,28,3,2,389,15,57,103/136 (76%),22/43 (51%),5/12 (42%),57%,12,52/92 (57%),13/23 (57%),10/26 (38%),75%,24,13,58,19,1,3,,,,,6
13488576,13783,72227,CALENDAR,GROUP,"Leagues Cup, Group Stage",CUP,2504,Columbus Crew,Local,1ST,01/08/2025,2,3,58%,0.00,5,7,1,1,,242,8,11,0,,3,0,2,2,6,1,3,2,2,,1,2,203,5,26,,9/17 (53%),3/5 (60%),57%,7,21/36 (58%),6/11 (55%),4/6 (67%),50%,8,7,29,5,,1,,,,,3
13488576,13783,72227,CALENDAR,GROUP,"Leagues Cup, Group Stage",CUP,2504,Columbus Crew,Local,2ND,01/08/2025,2,0,55%,0.00,1,6,2,5,,231,16,9,1,,0,0,4,2,5,1,0,1,0,,2,0,186,10,31,,13/26 (50%),2/7 (29%),56%,5,31/56 (55%),7/12 (58%),6/20 (30%),88%,16,6,29,14,,2,,,,,3
13488576,13783,72227,CALENDAR,GROUP,"Leagues Cup, Group Stage",CUP,1941,Club Puebla,Visita,ALL,01/08/2025,2,1,44%,0.87,2,9,0,2,20,364,28,9,3,,4,0,5,0,5,4,0,2,0,16,1,0,277,14,44,46/81 (57%),27/59 (46%),5/13 (38%),43%,16,40/92 (43%),10/23 (43%),3/11 (27%),57%,28,13,65,21,0,0,,,,,6
13488576,13783,72227,CALENDAR,GROUP,"Leagues Cup, Group Stage",CUP,1941,Club Puebla,Visita,1ST,01/08/2025,2,1,42%,0.00,1,4,0,0,,175,9,6,2,,2,0,2,0,2,2,0,1,0,,0,0,128,4,20,,13/34 (38%),1/4 (25%),43%,5,15/36 (42%),5/11 (45%),0/3 (0%),67%,9,6,30,6,,0,,,,,2
13488576,13783,72227,CALENDAR,GROUP,"Leagues Cup, Group Stage",CUP,1941,Club Puebla,Visita,2ND,01/08/2025,2,0,45%,0.00,1,5,0,2,,189,19,3,1,,2,0,3,0,3,2,0,1,0,,1,0,149,10,24,,14/25 (56%),4/9 (44%),44%,11,25/56 (45%),5/12 (42%),3/8 (38%),53%,19,7,35,15,,0,,,,,4
13488598,13783,72227,CALENDAR,GROUP,"Leagues Cup, Group Stage",CUP,2504,Columbus Crew,Local,ALL,05/08/2025,3,1,54%,1.86,3,13,3,1,12,574,15,17,2,,5,0,6,2,8,5,1,2,,42,3,6,499,12,64,166/210 (79%),18/30 (60%),4/11 (36%),56%,13,44/77 (57%),10/20 (50%),15/21 (71%),53%,15,12,63,16,1,3,,2,0,0,3
13488598,13783,72227,CALENDAR,GROUP,"Leagues Cup, Group Stage",CUP,2504,Columbus Crew,Local,1ST,05/08/2025,3,0,52%,0.00,2,7,2,0,,288,10,9,0,,4,0,2,1,5,2,0,2,,,2,3,258,4,23,,8/12 (67%),2/5 (40%),63%,6,25/38 (66%),1/3 (33%),7/11 (64%),50%,10,4,28,6,,2,,,,,0
13488598,13783,72227,CALENDAR,GROUP,"Leagues Cup, Group Stage",CUP,2504,Columbus Crew,Local,2ND,05/08/2025,3,1,57%,0.00,1,6,1,1,,286,5,8,2,,1,0,4,1,3,3,1,0,,,1,3,241,8,41,,10/18 (56%),2/6 (33%),50%,7,19/39 (49%),9/17 (53%),8/10 (80%),60%,5,8,35,10,,1,,,,,3
13488598,13783,72227,CALENDAR,GROUP,"Leagues Cup, Group Stage",CUP,36534,Club León,Visita,ALL,05/08/2025,3,0,46%,0.45,0,7,4,3,17,474,19,12,5,,3,0,2,2,3,4,0,0,,18,1,1,385,16,42,52/80 (65%),33/63 (52%),6/15 (40%),44%,13,33/77 (43%),10/20 (50%),2/4 (50%),53%,19,12,47,16,1,4,,0,1,1,12
13488598,13783,72227,CALENDAR,GROUP,"Leagues Cup, Group Stage",CUP,36534,Club León,Visita,1ST,05/08/2025,3,0,48%,0.00,0,2,4,0,,263,10,3,2,,2,0,0,0,1,1,0,0,,,0,1,223,6,20,,19/33 (58%),1/3 (33%),37%,8,13/38 (34%),2/3 (67%),0/2 (0%),40%,10,6,24,2,,4,,,,,4
13488598,13783,72227,CALENDAR,GROUP,"Leagues Cup, Group Stage",CUP,36534,Club León,Visita,2ND,05/08/2025,3,0,43%,0.00,0,5,0,3,,211,9,9,3,,1,0,2,2,2,3,0,0,,,1,0,162,10,22,,14/30 (47%),5/12 (42%),50%,5,20/39 (51%),8/17 (47%),2/2 (100%),67%,9,6,23,14,,0,,,,,8
13265542,242,70158,CALENDAR,REGULAR_SEASON,Regular Season,LEAGUE,7080,Toronto FC,Local,ALL,16/08/2025,,1,44%,1.02,2,7,6,2,13,409,22,15,0,,3,0,2,2,5,2,1,1,1,17,1,2,339,9,54,51/82 (62%),29/54 (54%),5/13 (38%),52%,11,42/77 (55%),9/21 (43%),6/14 (43%),68%,22,16,62,18,,6,0.40,1,,,3
13265542,242,70158,CALENDAR,REGULAR_SEASON,Regular Season,LEAGUE,7080,Toronto FC,Local,1ST,16/08/2025,,0,45%,0.16,0,2,1,0,,233,12,6,0,,1,0,0,1,1,1,0,0,1,,0,1,196,8,27,,15/28 (54%),0/0 (0%),53%,5,22/39 (56%),1/4 (25%),4/9 (44%),58%,12,9,31,11,,1,,,,,1
13265542,242,70158,CALENDAR,REGULAR_SEASON,Regular Season,LEAGUE,7080,Toronto FC,Local,2ND,16/08/2025,,1,42%,0.86,2,5,5,2,,176,10,9,0,,2,0,2,1,4,1,1,1,0,,1,1,143,1,27,,14/26 (54%),5/13 (38%),51%,6,20/38 (53%),8/17 (47%),2/5 (40%),80%,10,7,31,7,,5,,,,,2
13265542,242,70158,CALENDAR,REGULAR_SEASON,Regular Season,LEAGUE,2504,Columbus Crew,Visita,ALL,16/08/2025,,1,56%,1.47,3,12,2,7,15,534,19,13,1,,7,0,3,2,10,2,1,2,3,33,1,4,468,18,62,136/176 (77%),19/32 (59%),4/16 (25%),48%,13,35/77 (45%),12/21 (57%),4/13 (31%),74%,19,9,65,16,,2,-0.18,0,,,5
13265542,242,70158,CALENDAR,REGULAR_SEASON,Regular Season,LEAGUE,2504,Columbus Crew,Visita,1ST,16/08/2025,,1,55%,0.93,2,5,1,2,,275,10,6,0,,2,0,2,1,5,0,1,1,2,,1,1,239,11,32,,8/16 (50%),2/6 (33%),47%,8,17/39 (44%),3/4 (75%),2/6 (33%),70%,10,6,35,6,,1,,,,,1
13265542,242,70158,CALENDAR,REGULAR_SEASON,Regular Season,LEAGUE,2504,Columbus Crew,Visita,2ND,16/08/2025,,0,58%,0.53,1,7,1,5,,259,9,7,1,,5,0,1,1,5,2,0,1,1,,0,3,229,7,30,,11/16 (69%),2/10 (20%),49%,5,18/38 (47%),9/17 (53%),2/7 (29%),78%,9,3,30,10,,1,,,,,4
13265550,242,70158,CALENDAR,REGULAR_SEASON,Regular Season,LEAGUE,2504,Columbus Crew,Local,ALL,23/08/2025,,1,64%,1.37,1,21,2,2,12,580,12,8,1,,6,0,12,3,15,6,0,1,2,54,1,0,505,27,73,256/309 (83%),11/27 (41%),6/29 (21%),44%,9,25/60 (42%),13/27 (48%),5/15 (33%),58%,12,8,50,13,1,2,0.55,1,1,0,3
13265550,242,70158,CALENDAR,REGULAR_SEASON,Regular Season,LEAGUE,2504,Columbus Crew,Local,1ST,23/08/2025,,0,58%,0.66,1,9,2,1,,292,6,6,0,,1,0,7,1,8,1,0,1,2,,0,0,247,12,39,,8/19 (42%),3/8 (38%),49%,5,15/31 (48%),5/10 (50%),3/7 (43%),50%,6,2,23,10,,2,,,,,1
13265550,242,70158,CALENDAR,REGULAR_SEASON,Regular Season,LEAGUE,2504,Columbus Crew,Local,2ND,23/08/2025,,1,71%,0.71,0,12,0,1,,288,6,2,1,,5,0,5,2,7,5,0,0,0,,1,0,258,15,34,,3/8 (38%),3/21 (14%),39%,4,10/29 (34%),8/17 (47%),2/8 (25%),67%,6,6,27,3,,0,,,,,2
13265550,242,70158,CALENDAR,REGULAR_SEASON,Regular Season,LEAGUE,2511,New England Revolution,Visita,ALL,23/08/2025,,2,36%,2.11,6,10,5,3,8,337,19,12,2,,4,0,5,1,7,3,2,4,1,15,1,1,256,11,41,50/87 (57%),30/70 (43%),3/5 (60%),56%,4,35/60 (58%),14/27 (52%),7/15 (47%),47%,19,11,48,52,0,5,0.66,0,2,1,15
13265550,242,70158,CALENDAR,REGULAR_SEASON,Regular Season,LEAGUE,2511,New England Revolution,Visita,1ST,23/08/2025,,2,42%,1.91,5,8,1,2,,216,9,4,1,,4,0,3,1,7,1,2,3,1,,0,1,178,6,25,,16/33 (48%),2/3 (67%),51%,2,16/31 (52%),5/10 (50%),4/8 (50%),44%,9,6,25,22,,1,,,,,7
13265550,242,70158,CALENDAR,REGULAR_SEASON,Regular Season,LEAGUE,2511,New England Revolution,Visita,2ND,23/08/2025,,0,29%,0.20,1,2,4,1,,121,10,8,1,,0,0,2,0,0,2,0,1,0,,1,0,78,5,16,,14/37 (38%),1/2 (50%),61%,2,19/29 (66%),9/17 (53%),3/7 (43%),50%,10,5,23,30,,4,,,,,8
13265496,242,70158,CALENDAR,REGULAR_SEASON,Regular Season,LEAGUE,2506,New York Red Bulls,Local,ALL,30/08/2025,,0,40%,0.85,1,8,1,4,11,365,19,11,1,,4,0,3,1,6,2,,1,1,20,2,6,294,16,47,56/87 (64%),22/48 (46%),2/11 (18%),51%,9,34/63 (54%),5/14 (36%),4/8 (50%),74%,19,11,51,32,,1,0.03,0,1,2,3
13265496,242,70158,CALENDAR,REGULAR_SEASON,Regular Season,LEAGUE,2506,New York Red Bulls,Local,1ST,30/08/2025,,0,45%,0.37,0,4,0,2,,229,5,8,0,,3,0,0,1,3,1,,0,1,,0,4,191,5,25,,14/27 (52%),1/6 (17%),62%,2,16/24 (67%),2/5 (40%),3/3 (100%),80%,5,5,25,14,,0,,,,,0
13265496,242,70158,CALENDAR,REGULAR_SEASON,Regular Season,LEAGUE,2506,New York Red Bulls,Local,2ND,30/08/2025,,0,33%,0.48,1,4,1,2,,136,14,3,1,,1,0,3,0,3,1,,1,0,,2,2,103,11,22,,8/21 (38%),1/5 (20%),44%,7,18/39 (46%),3/9 (33%),1/5 (20%),71%,14,6,26,18,,1,,,,,3
13265496,242,70158,CALENDAR,REGULAR_SEASON,Regular Season,LEAGUE,2504,Columbus Crew,Visita,ALL,30/08/2025,,0,60%,0.50,1,3,4,6,11,558,13,11,2,,1,0,1,1,2,1,,1,1,20,2,1,466,25,66,99/150 (66%),20/40 (50%),1/18 (6%),49%,14,29/63 (46%),9/14 (64%),5/10 (50%),46%,13,6,43,25,,4,1.58,2,2,0,4
13265496,242,70158,CALENDAR,REGULAR_SEASON,Regular Season,LEAGUE,2504,Columbus Crew,Visita,1ST,30/08/2025,,0,55%,0.00,0,0,3,2,,285,2,4,1,,0,0,0,0,0,0,,0,0,,2,1,235,13,34,,9/23 (39%),1/6 (17%),38%,3,8/24 (33%),3/5 (60%),2/4 (50%),0%,2,2,20,9,,3,,,,,0
13265496,242,70158,CALENDAR,REGULAR_SEASON,Regular Season,LEAGUE,2504,Columbus Crew,Visita,2ND,30/08/2025,,0,67%,0.50,1,3,1,4,,273,11,7,1,,1,0,1,1,2,1,,1,1,,0,0,231,12,32,,11/17 (65%),0/12 (0%),56%,11,21/39 (54%),6/9 (67%),3/6 (50%),55%,11,4,23,16,,1,,,,,4
13299371,242,70158,CALENDAR,REGULAR_SEASON,Regular Season,LEAGUE,243211,Atlanta United,Local,ALL,13/09/2025,,4,49%,3.78,7,16,2,7,10,463,12,6,1,,8,0,6,2,15,1,4,3,,31,3,4,409,14,64,91/121 (75%),33/49 (67%),8/26 (31%),55%,5,27/50 (54%),9/16 (56%),7/11 (64%),75%,12,2,40,11,,2,-1.12,,0,,2
13299371,242,70158,CALENDAR,REGULAR_SEASON,Regular Season,LEAGUE,243211,Atlanta United,Local,1ST,13/09/2025,,1,43%,1.39,2,7,0,5,4,194,4,3,0,,3,0,3,1,6,1,1,1,,,2,2,172,6,20,,11/17 (65%),3/13 (23%),58%,1,12/21 (57%),3/5 (60%),3/5 (60%),75%,4,1,19,5,,0,,,,,0
13299371,242,70158,CALENDAR,REGULAR_SEASON,Regular Season,LEAGUE,243211,Atlanta United,Local,2ND,13/09/2025,,3,54%,2.39,5,9,2,2,6,269,8,3,1,,5,0,3,1,9,0,3,2,,,1,2,237,8,44,,22/32 (69%),5/13 (38%),53%,4,15/29 (52%),6/11 (55%),4/6 (67%),75%,8,1,21,6,,2,,,,,2
13299371,242,70158,CALENDAR,REGULAR_SEASON,Regular Season,LEAGUE,2504,Columbus Crew,Visita,ALL,13/09/2025,,5,51%,1.20,4,7,5,1,7,504,9,10,2,,7,0,0,0,6,1,4,0,,22,1,5,456,8,61,97/121 (80%),23/45 (51%),2/8 (25%),45%,10,23/50 (46%),7/16 (44%),4/7 (57%),78%,9,3,38,29,,5,-0.16,,1,,10
13299371,242,70158,CALENDAR,REGULAR_SEASON,Regular Season,LEAGUE,2504,Columbus Crew,Visita,1ST,13/09/2025,,5,57%,1.11,4,5,3,1,4,263,3,4,1,,5,0,0,0,5,0,4,0,,,1,2,241,4,26,,13/21 (62%),2/7 (29%),42%,4,9/21 (43%),2/5 (40%),2/3 (67%),67%,3,1,21,10,,3,,,,,4
13299371,242,70158,CALENDAR,REGULAR_SEASON,Regular Season,LEAGUE,2504,Columbus Crew,Visita,2ND,13/09/2025,,0,46%,0.08,0,2,2,0,3,241,6,6,1,,2,0,0,0,1,1,0,0,,,0,3,215,4,35,,10/24 (42%),0/1 (0%),47%,6,14/29 (48%),5/11 (45%),2/4 (50%),83%,6,2,17,19,,2,,,,,6
14387685,242,70158,CALENDAR,REGULAR_SEASON,Regular Season,LEAGUE,187643,New York City FC,Local,ALL,17/09/2025,,3,56%,2.04,1,18,3,7,10,558,15,12,1,,8,0,4,6,12,6,1,,0,34,0,0,462,26,73,98/142 (69%),29/64 (45%),6/17 (35%),49%,7,33/66 (50%),11/24 (46%),7/17 (41%),47%,15,7,60,26,,3,0.33,0,,,5
14387685,242,70158,CALENDAR,REGULAR_SEASON,Regular Season,LEAGUE,187643,New York City FC,Local,1ST,17/09/2025,,1,61%,1.05,1,6,3,3,,322,5,7,0,,4,0,1,1,3,3,1,,0,,0,0,271,16,27,,15/30 (50%),1/5 (20%),41%,5,13/29 (45%),2/8 (25%),2/6 (33%),40%,5,4,33,6,,3,,,,,2
14387685,242,70158,CALENDAR,REGULAR_SEASON,Regular Season,LEAGUE,187643,New York City FC,Local,2ND,17/09/2025,,2,51%,0.99,0,12,0,4,,236,10,5,1,,4,0,3,5,9,3,0,,0,,0,0,191,10,46,,14/34 (41%),5/12 (42%),55%,2,20/37 (54%),9/16 (56%),5/11 (45%),50%,10,3,27,20,,0,,,,,3
14387685,242,70158,CALENDAR,REGULAR_SEASON,Regular Season,LEAGUE,2504,Columbus Crew,Visita,ALL,17/09/2025,,2,44%,1.31,1,8,5,3,12,437,17,9,0,,5,0,0,3,8,0,1,,1,22,1,2,347,25,58,87/131 (66%),16/49 (33%),3/13 (23%),51%,8,33/66 (50%),13/24 (54%),6/13 (46%),47%,17,8,58,30,,5,0.43,1,,,5
14387685,242,70158,CALENDAR,REGULAR_SEASON,Regular Season,LEAGUE,2504,Columbus Crew,Visita,1ST,17/09/2025,,1,39%,1.08,1,5,3,2,,206,9,5,0,,4,0,0,1,5,0,1,,1,,1,0,166,10,27,,4/18 (22%),1/4 (25%),59%,2,16/29 (55%),6/8 (75%),1/4 (25%),44%,9,5,31,12,,3,,,,,1
14387685,242,70158,CALENDAR,REGULAR_SEASON,Regular Season,LEAGUE,2504,Columbus Crew,Visita,2ND,17/09/2025,,1,49%,0.23,0,3,2,1,,231,8,4,0,,1,0,0,2,3,0,0,,0,,0,2,181,15,31,,12/31 (39%),2/9 (22%),45%,6,17/37 (46%),7/16 (44%),5/9 (56%),50%,8,3,27,18,,2,,,,,4
13265573,242,70158,CALENDAR,REGULAR_SEASON,Regular Season,LEAGUE,2504,Columbus Crew,Local,ALL,20/09/2025,,1,48%,1.11,1,12,2,5,18,431,14,19,2,,2,0,3,7,8,4,1,0,1,25,7,7,380,16,42,97/124 (78%),10/23 (43%),5/16 (31%),51%,6,39/77 (51%),9/17 (53%),7/14 (50%),57%,14,12,44,9,,2,-0.23,1,,,1
13265573,242,70158,CALENDAR,REGULAR_SEASON,Regular Season,LEAGUE,2504,Columbus Crew,Local,1ST,20/09/2025,,1,42%,0.42,1,3,0,2,,190,5,7,1,,1,0,1,1,2,1,1,0,1,,3,4,162,6,16,,6/14 (43%),3/5 (60%),48%,2,16/33 (48%),3/7 (43%),4/8 (50%),40%,5,7,22,3,,0,,,,,0
13265573,242,70158,CALENDAR,REGULAR_SEASON,Regular Season,LEAGUE,2504,Columbus Crew,Local,2ND,20/09/2025,,0,56%,0.69,0,9,2,3,,241,9,12,1,,1,0,2,6,6,3,0,0,0,,4,3,218,10,26,,4/9 (44%),2/11 (18%),54%,4,23/44 (52%),6/10 (60%),3/6 (50%),67%,9,5,22,6,,2,,,,,1
13265573,242,70158,CALENDAR,REGULAR_SEASON,Regular Season,LEAGUE,7080,Toronto FC,Visita,ALL,20/09/2025,,1,52%,0.37,2,4,1,3,19,473,13,18,1,,3,0,0,1,4,0,1,1,2,10,1,3,406,11,63,59/90 (66%),17/44 (39%),3/9 (33%),49%,10,38/77 (49%),8/17 (47%),7/11 (64%),69%,13,4,40,15,,1,-0.43,1,,,7
13265573,242,70158,CALENDAR,REGULAR_SEASON,Regular Season,LEAGUE,7080,Toronto FC,Visita,1ST,20/09/2025,,0,58%,0.00,0,0,0,1,,276,6,8,1,,0,0,0,0,0,0,0,0,1,,0,3,238,5,37,,11/27 (41%),1/2 (50%),52%,5,17/33 (52%),4/7 (57%),3/3 (100%),83%,6,2,18,6,,0,,,,,3
13265573,242,70158,CALENDAR,REGULAR_SEASON,Regular Season,LEAGUE,7080,Toronto FC,Visita,2ND,20/09/2025,,1,44%,0.37,2,4,1,2,,197,7,10,0,,3,0,0,1,4,0,1,1,1,,1,0,168,6,26,,6/17 (35%),2/7 (29%),46%,5,21/44 (48%),4/10 (40%),4/8 (50%),57%,7,2,22,9,,1,,,,,4
13265530,242,70158,CALENDAR,REGULAR_SEASON,Regular Season,LEAGUE,2505,Chicago Fire,Local,ALL,27/09/2025,,2,51%,2.38,4,22,1,7,7,482,17,9,1,,9,0,4,9,19,3,1,3,2,45,2,6,420,18,41,93/123 (76%),19/42 (45%),4/14 (29%),53%,6,33/64 (52%),11/19 (58%),7/17 (41%),65%,17,5,44,21,,1,0.91,1,1,1,7
13265530,242,70158,CALENDAR,REGULAR_SEASON,Regular Season,LEAGUE,2505,Chicago Fire,Local,1ST,27/09/2025,,1,58%,0.56,1,8,0,5,,267,7,7,0,,3,0,3,2,6,2,0,1,0,,2,4,239,12,24,,11/16 (69%),3/8 (38%),56%,1,17/33 (52%),6/8 (75%),3/11 (27%),86%,7,1,21,5,,0,,,,,1
13265530,242,70158,CALENDAR,REGULAR_SEASON,Regular Season,LEAGUE,2505,Chicago Fire,Local,2ND,27/09/2025,,1,44%,1.82,3,14,1,2,,215,10,2,1,,6,0,1,7,13,1,1,2,2,,0,2,181,6,17,,8/26 (31%),1/6 (17%),50%,5,16/31 (52%),5/11 (45%),4/6 (67%),50%,10,4,23,16,,1,,,,,6
13265530,242,70158,CALENDAR,REGULAR_SEASON,Regular Season,LEAGUE,2504,Columbus Crew,Visita,ALL,27/09/2025,,0,49%,0.47,1,7,6,4,9,469,15,7,1,,1,0,4,2,3,4,0,1,0,14,0,4,393,22,71,81/129 (63%),10/37 (27%),4/12 (33%),47%,13,31/64 (48%),8/19 (42%),9/13 (69%),80%,15,8,33,21,,6,-0.57,1,0,2,5
13265530,242,70158,CALENDAR,REGULAR_SEASON,Regular Season,LEAGUE,2504,Columbus Crew,Visita,1ST,27/09/2025,,0,42%,0.00,0,0,2,0,,200,9,6,0,,0,0,0,0,0,0,0,0,0,,0,2,171,5,21,,2/18 (11%),1/1 (100%),44%,5,16/33 (48%),2/8 (25%),2/4 (50%),89%,9,3,12,10,,2,,,,,4
13265530,242,70158,CALENDAR,REGULAR_SEASON,Regular Season,LEAGUE,2504,Columbus Crew,Visita,2ND,27/09/2025,,0,56%,0.47,1,7,4,4,,269,6,1,1,,1,0,4,2,3,4,0,1,0,,0,2,222,17,50,,8/19 (42%),3/11 (27%),50%,8,15/31 (48%),6/11 (55%),7/9 (78%),67%,6,5,21,11,,4,,,,,1
13265471,242,70158,CALENDAR,REGULAR_SEASON,Regular Season,LEAGUE,52237,Orlando City SC,Local,ALL,04/10/2025,,1,40%,0.99,1,10,5,7,11,365,10,6,2,,4,0,2,4,6,4,1,0,3,22,2,1,310,12,52,80/120 (67%),22/41 (54%),5/13 (38%),46%,8,24/61 (39%),13/20 (65%),9/21 (43%),100%,10,7,38,20,,5,0.51,,1,1,8
13265471,242,70158,CALENDAR,REGULAR_SEASON,Regular Season,LEAGUE,52237,Orlando City SC,Local,1ST,04/10/2025,,1,43%,0.94,1,8,3,3,,206,7,3,0,,3,0,1,4,5,3,1,0,2,,0,0,177,6,22,,14/22 (64%),3/8 (38%),60%,5,13/25 (52%),8/10 (80%),4/8 (50%),100%,7,5,19,11,,3,,,,,4
13265471,242,70158,CALENDAR,REGULAR_SEASON,Regular Season,LEAGUE,52237,Orlando City SC,Local,2ND,04/10/2025,,0,37%,0.06,0,2,2,4,,159,3,3,2,,1,0,1,0,1,1,0,0,1,,2,1,133,6,30,,8/19 (42%),2/5 (40%),35%,3,11/36 (31%),5/10 (50%),5/13 (38%),100%,3,2,19,9,,2,,,,,4
13265471,242,70158,CALENDAR,REGULAR_SEASON,Regular Season,LEAGUE,2504,Columbus Crew,Visita,ALL,04/10/2025,,1,60%,3.21,6,21,3,7,6,543,20,11,1,,6,0,6,9,15,6,1,5,0,35,3,5,502,8,57,198/219 (90%),18/35 (51%),5/24 (21%),54%,8,37/61 (61%),7/20 (35%),6/8 (75%),50%,20,4,44,18,,3,-0.39,,0,1,5
13265471,242,70158,CALENDAR,REGULAR_SEASON,Regular Season,LEAGUE,2504,Columbus Crew,Visita,1ST,04/10/2025,,1,57%,1.04,3,10,2,5,,273,9,3,1,,4,0,1,5,7,3,1,2,0,,1,3,249,5,31,,6/17 (35%),2/13 (15%),40%,5,12/25 (48%),2/10 (20%),0/2 (0%),56%,9,2,26,8,,2,,,,,2
13265471,242,70158,CALENDAR,REGULAR_SEASON,Regular Season,LEAGUE,2504,Columbus Crew,Visita,2ND,04/10/2025,,0,63%,2.17,3,11,1,2,,270,11,8,0,,2,0,5,4,8,3,0,3,0,,2,2,253,3,26,,12/18 (67%),3/11 (27%),65%,3,25/36 (69%),5/10 (50%),6/6 (100%),45%,11,2,18,10,,1,,,,,3
13265492,242,70158,CALENDAR,REGULAR_SEASON,Regular Season,LEAGUE,2504,Columbus Crew,Local,ALL,18/10/2025,,3,58%,1.91,4,13,2,4,8,554,21,11,0,,6,0,4,3,9,4,3,1,3,32,1,3,474,19,46,143/181 (79%),20/41 (49%),2/10 (20%),53%,7,44/73 (60%),8/26 (31%),12/22 (55%),71%,21,7,54,17,0,2,-0.14,,,1,5
13265492,242,70158,CALENDAR,REGULAR_SEASON,Regular Season,LEAGUE,2504,Columbus Crew,Local,1ST,18/10/2025,,1,56%,0.76,2,6,2,2,4,297,9,2,0,,1,0,4,1,5,1,1,1,2,,0,1,254,9,30,,13/21 (62%),1/6 (17%),43%,6,17/37 (46%),5/14 (36%),6/13 (46%),78%,9,6,31,6,,2,,,,,3
13265492,242,70158,CALENDAR,REGULAR_SEASON,Regular Season,LEAGUE,2504,Columbus Crew,Local,2ND,18/10/2025,,2,61%,1.15,2,7,0,2,4,257,12,9,0,,5,0,0,2,4,3,2,0,1,,1,2,220,10,16,,7/20 (35%),1/4 (25%),63%,1,27/36 (75%),3/12 (25%),6/9 (67%),67%,12,1,23,11,,0,,,,,2
13265492,242,70158,CALENDAR,REGULAR_SEASON,Regular Season,LEAGUE,2506,New York Red Bulls,Visita,ALL,18/10/2025,,1,42%,0.44,1,7,3,1,11,396,16,8,2,,3,0,2,2,5,2,0,1,1,12,1,3,317,17,52,66/103 (64%),31/62 (50%),3/7 (43%),47%,16,29/73 (40%),18/26 (69%),5/10 (50%),81%,16,11,47,26,2,3,-0.56,,,0,6
13265492,242,70158,CALENDAR,REGULAR_SEASON,Regular Season,LEAGUE,2506,New York Red Bulls,Visita,1ST,18/10/2025,,1,44%,0.31,1,4,0,0,2,234,12,4,1,,3,0,1,0,4,0,0,1,1,,0,2,186,8,25,,14/34 (41%),2/3 (67%),57%,6,20/37 (54%),9/14 (64%),3/6 (50%),83%,12,5,30,13,,0,,,,,4
13265492,242,70158,CALENDAR,REGULAR_SEASON,Regular Season,LEAGUE,2506,New York Red Bulls,Visita,2ND,18/10/2025,,0,39%,0.13,0,3,3,1,9,162,4,4,1,,0,0,1,2,1,2,0,0,0,,1,1,131,9,27,,17/28 (61%),1/4 (25%),37%,10,9/36 (25%),9/12 (75%),2/4 (50%),75%,4,6,17,13,,3,,,,,2
14917312,242,70158,CALENDAR,PLAYOFF,"MLS, Playoffs",LEAGUE,215167,FC Cincinnati,Local,ALL,27/10/2025,,1,50%,1.25,3,12,3,4,13,485,14,8,3,,6,0,4,2,8,4,1,2,0,25,0,3,408,20,61,79/118 (67%),29/50 (58%),1/10 (10%),41%,14,25/67 (37%),7/11 (64%),4/13 (31%),64%,14,9,52,18,,3,0.76,0,0,1,6
14917312,242,70158,CALENDAR,PLAYOFF,"MLS, Playoffs",LEAGUE,215167,FC Cincinnati,Local,1ST,27/10/2025,,0,57%,0.57,1,7,1,3,8,289,4,6,1,,4,0,1,2,4,3,0,1,0,,0,2,249,15,36,,10/17 (59%),0/8 (0%),36%,6,11/34 (32%),3/5 (60%),2/6 (33%),75%,4,4,24,4,,1,,,,,2
14917312,242,70158,CALENDAR,PLAYOFF,"MLS, Playoffs",LEAGUE,215167,FC Cincinnati,Local,2ND,27/10/2025,,1,41%,0.67,2,5,2,1,5,196,10,2,2,,2,0,3,0,4,1,1,1,0,,0,1,159,5,25,,19/33 (58%),1/2 (50%),46%,8,14/33 (42%),4/6 (67%),2/7 (29%),60%,10,5,28,14,,2,,,,,4
14917312,242,70158,CALENDAR,PLAYOFF,"MLS, Playoffs",LEAGUE,2504,Columbus Crew,Visita,ALL,27/10/2025,,0,50%,0.62,3,6,5,2,8,491,23,13,1,,3,0,2,1,6,0,0,3,1,13,1,5,417,22,53,129/169 (76%),12/37 (32%),2/13 (15%),59%,9,42/67 (63%),4/11 (36%),6/11 (55%),83%,23,3,49,21,,5,0.98,1,1,0,7
14917312,242,70158,CALENDAR,PLAYOFF,"MLS, Playoffs",LEAGUE,2504,Columbus Crew,Visita,1ST,27/10/2025,,0,43%,0.24,1,2,4,1,6,219,10,8,1,,1,0,0,1,2,0,0,1,1,,0,1,183,5,21,,6/20 (30%),0/4 (0%),64%,3,23/34 (68%),2/5 (40%),5/6 (83%),100%,10,2,27,12,,4,,,,,3
14917312,242,70158,CALENDAR,PLAYOFF,"MLS, Playoffs",LEAGUE,2504,Columbus Crew,Visita,2ND,27/10/2025,,0,59%,0.38,2,4,1,1,2,272,13,5,0,,2,0,2,0,4,0,0,2,0,,1,4,234,17,32,,6/17 (35%),2/9 (22%),54%,6,19/33 (58%),2/6 (33%),1/5 (20%),69%,13,1,22,9,,1,,,,,4
14917332,242,70158,CALENDAR,PLAYOFF,"MLS, Playoffs",LEAGUE,2504,Columbus Crew,Local,ALL,02/11/2025,,4,66%,3.06,7,20,0,8,15,612,13,10,0,0,10,0,7,3,15,5,3,4,,44,4,4,558,12,78,198/237 (84%),22/38 (58%),6/20 (30%),49%,9,36/67 (54%),4/15 (27%),13/14 (93%),62%,13,3,45,10,0,0,0.00,0,,0,1
14917332,242,70158,CALENDAR,PLAYOFF,"MLS, Playoffs",LEAGUE,2504,Columbus Crew,Local,1ST,02/11/2025,,2,62%,1.42,3,10,0,6,8,260,7,7,0,0,7,0,3,0,7,3,1,2,,,3,1,228,7,33,,11/21 (52%),3/10 (30%),47%,6,21/38 (55%),1/9 (11%),7/8 (88%),71%,7,1,21,8,,0,,,,,1
14917332,242,70158,CALENDAR,PLAYOFF,"MLS, Playoffs",LEAGUE,2504,Columbus Crew,Local,2ND,02/11/2025,,2,70%,1.63,4,10,0,2,7,352,6,3,0,0,3,0,4,3,8,2,2,2,,,1,3,330,5,45,,11/17 (65%),3/10 (30%),51%,3,15/29 (52%),3/6 (50%),6/6 (100%),50%,6,2,24,2,,0,,,,,0
14917332,242,70158,CALENDAR,PLAYOFF,"MLS, Playoffs",LEAGUE,215167,FC Cincinnati,Visita,ALL,02/11/2025,,0,34%,0.01,0,1,5,3,10,314,10,15,3,1,0,0,0,1,1,0,0,0,,3,0,0,255,12,24,27/46 (59%),15/42 (36%),1/6 (17%),51%,9,31/67 (46%),11/15 (73%),7/11 (64%),80%,10,9,34,20,1,5,-0.08,1,,2,11
14917332,242,70158,CALENDAR,PLAYOFF,"MLS, Playoffs",LEAGUE,215167,FC Cincinnati,Visita,1ST,02/11/2025,,0,38%,0.01,0,1,4,2,7,159,7,8,2,1,0,0,0,1,1,0,0,0,,,0,0,126,7,16,,10/22 (45%),1/3 (33%),53%,6,17/38 (45%),8/9 (89%),3/4 (75%),71%,7,6,17,10,,4,,,,,6
14917332,242,70158,CALENDAR,PLAYOFF,"MLS, Playoffs",LEAGUE,215167,FC Cincinnati,Visita,2ND,02/11/2025,,0,30%,0.00,0,0,1,1,3,155,3,7,1,0,0,0,0,0,0,0,0,0,,,0,0,129,5,8,,5/20 (25%),0/3 (0%),49%,3,14/29 (48%),3/6 (50%),4/7 (57%),100%,3,3,17,10,,1,,,,,5
14917330,242,70158,CALENDAR,PLAYOFF,"MLS, Playoffs",LEAGUE,215167,FC Cincinnati,Local,ALL,08/11/2025,,2,37%,1.49,1,16,4,7,6,293,14,11,2,,4,0,7,5,10,6,1,0,,37,1,0,222,15,52,70/101 (69%),23/54 (43%),6/18 (33%),55%,13,33/62 (53%),13/22 (59%),8/13 (62%),71%,14,10,41,34,,4,-0.13,1,,,5
14917330,242,70158,CALENDAR,PLAYOFF,"MLS, Playoffs",LEAGUE,215167,FC Cincinnati,Local,1ST,08/11/2025,,0,39%,0.39,0,7,2,2,3,163,7,7,1,,1,0,4,2,5,2,0,0,,,0,0,131,5,27,,9/20 (45%),2/5 (40%),60%,5,18/30 (60%),7/12 (58%),4/6 (67%),86%,7,4,19,21,,2,,,,,1
14917330,242,70158,CALENDAR,PLAYOFF,"MLS, Playoffs",LEAGUE,215167,FC Cincinnati,Local,2ND,08/11/2025,,2,34%,1.10,1,9,2,5,3,130,7,4,1,,3,0,3,3,5,4,1,0,,,1,0,91,10,25,,14/34 (41%),4/13 (31%),50%,8,15/32 (47%),6/10 (60%),4/7 (57%),57%,7,6,22,13,,2,,,,,4
14917330,242,70158,CALENDAR,PLAYOFF,"MLS, Playoffs",LEAGUE,2504,Columbus Crew,Visita,ALL,08/11/2025,,1,63%,1.23,1,14,3,6,11,518,18,6,2,,6,0,4,4,10,4,0,1,,39,0,2,438,22,55,135/171 (79%),12/39 (31%),4/24 (17%),45%,8,29/62 (47%),9/22 (41%),6/12 (50%),44%,18,6,42,17,,3,-0.24,1,,,10
14917330,242,70158,CALENDAR,PLAYOFF,"MLS, Playoffs",LEAGUE,2504,Columbus Crew,Visita,1ST,08/11/2025,,0,61%,0.42,0,7,2,5,7,259,7,3,2,,3,0,2,2,3,4,0,0,,,0,1,222,11,22,,5/16 (31%),0/10 (0%),40%,3,12/30 (40%),5/12 (42%),2/6 (33%),57%,7,3,20,9,,2,,,,,4
14917330,242,70158,CALENDAR,PLAYOFF,"MLS, Playoffs",LEAGUE,2504,Columbus Crew,Visita,2ND,08/11/2025,,1,66%,0.81,1,7,1,1,4,259,11,3,0,,3,0,2,2,7,0,0,1,,,0,1,216,11,33,,7/23 (30%),4/14 (29%),50%,5,17/32 (53%),4/10 (40%),4/6 (67%),36%,11,3,22,8,,1,,,,,6
15289390,242,86668,CALENDAR,REGULAR_SEASON,Regular Season,LEAGUE,22007,Portland Timbers,Local,ALL,21/02/2026,,3,46%,0.94,4,12,2,6,5,511,20,6,1,,6,0,5,1,8,4,2,2,0,19,,1,444,8,57,83/111 (75%),28/50 (56%),5/29 (17%),50%,11,30/62 (48%),10/18 (56%),4/12 (33%),55%,20,16,58,35,,2,0.09,1,,1,11
15289390,242,86668,CALENDAR,REGULAR_SEASON,Regular Season,LEAGUE,22007,Portland Timbers,Local,1ST,21/02/2026,,2,49%,0.64,3,8,2,3,2,250,12,2,1,,4,0,3,1,6,2,1,2,0,,,1,214,5,32,,12/26 (46%),3/15 (20%),55%,6,17/30 (57%),5/10 (50%),3/5 (60%),50%,12,9,26,22,,2,,,,,4
15289390,242,86668,CALENDAR,REGULAR_SEASON,Regular Season,LEAGUE,22007,Portland Timbers,Local,2ND,21/02/2026,,1,44%,0.30,1,4,0,3,3,261,8,4,0,,2,0,2,0,2,2,1,0,0,,,0,230,3,25,,16/24 (67%),2/14 (14%),45%,5,13/32 (41%),5/8 (63%),1/7 (14%),63%,8,7,32,13,,0,,,,,7
15289390,242,86668,CALENDAR,REGULAR_SEASON,Regular Season,LEAGUE,2504,Columbus Crew,Visita,ALL,21/02/2026,,2,54%,1.25,0,15,3,8,6,608,19,5,1,,4,0,5,6,6,9,0,0,1,42,,0,527,15,52,177/218 (81%),18/35 (51%),3/27 (11%),50%,16,32/62 (52%),8/18 (44%),8/12 (67%),53%,19,12,57,27,,3,-0.76,1,,0,9
15289390,242,86668,CALENDAR,REGULAR_SEASON,Regular Season,LEAGUE,2504,Columbus Crew,Visita,1ST,21/02/2026,,2,51%,0.77,0,8,2,6,2,262,8,2,0,,4,0,2,2,3,5,0,0,1,,,0,223,10,25,,8/18 (44%),2/16 (13%),45%,8,13/30 (43%),5/10 (50%),3/7 (43%),25%,8,3,22,13,,2,,,,,6
15289390,242,86668,CALENDAR,REGULAR_SEASON,Regular Season,LEAGUE,2504,Columbus Crew,Visita,2ND,21/02/2026,,0,56%,0.48,0,7,1,2,4,346,11,3,1,,0,0,3,4,3,4,0,0,0,,,0,304,5,27,,10/17 (59%),1/11 (9%),55%,8,19/32 (59%),3/8 (38%),5/5 (100%),73%,11,9,35,14,,1,,,,,3
15137934,242,86668,CALENDAR,REGULAR_SEASON,Regular Season,LEAGUE,2509,Sporting Kansas City,Local,ALL,28/02/2026,,2,42%,1.49,3,8,3,4,9,384,21,13,1,,4,0,1,3,6,2,2,1,1,16,2,1,306,14,57,53/94 (56%),22/56 (39%),3/17 (18%),58%,12,39/69 (57%),9/14 (64%),5/9 (56%),71%,21,8,53,38,,3,0.79,0,2,0,5
15137934,242,86668,CALENDAR,REGULAR_SEASON,Regular Season,LEAGUE,2509,Sporting Kansas City,Local,1ST,28/02/2026,,0,49%,0.21,1,4,0,3,4,220,8,8,1,,2,0,0,2,2,2,0,1,0,,2,0,182,8,30,,14/29 (48%),1/8 (13%),61%,5,18/28 (64%),4/8 (50%),2/2 (100%),63%,8,5,17,14,,0,,,,,3
15137934,242,86668,CALENDAR,REGULAR_SEASON,Regular Season,LEAGUE,2509,Sporting Kansas City,Local,2ND,28/02/2026,,2,35%,1.28,2,4,3,1,5,164,13,5,0,,2,0,1,1,4,0,2,0,1,,0,1,124,6,27,,8/27 (30%),2/9 (22%),55%,7,21/41 (51%),5/6 (83%),3/7 (43%),77%,13,3,36,24,,3,,,,,2
15137934,242,86668,CALENDAR,REGULAR_SEASON,Regular Season,LEAGUE,2504,Columbus Crew,Visita,ALL,28/02/2026,,2,58%,3.15,7,10,2,4,13,536,16,8,2,,5,1,3,2,8,2,2,5,0,28,2,2,466,20,49,166/194 (86%),13/27 (48%),6/30 (20%),42%,14,30/69 (43%),5/14 (36%),7/14 (50%),50%,16,12,49,21,,2,0.58,1,0,1,6
15137934,242,86668,CALENDAR,REGULAR_SEASON,Regular Season,LEAGUE,2504,Columbus Crew,Visita,1ST,28/02/2026,,1,51%,1.67,4,4,2,3,8,225,5,4,1,,1,1,2,1,4,0,1,3,0,,0,1,192,8,15,,5/8 (63%),2/12 (17%),39%,6,10/28 (36%),4/8 (50%),2/4 (50%),60%,5,6,20,18,,2,,,,,2
15137934,242,86668,CALENDAR,REGULAR_SEASON,Regular Season,LEAGUE,2504,Columbus Crew,Visita,2ND,28/02/2026,,1,65%,1.48,3,6,0,1,5,311,11,4,1,,4,0,1,1,4,2,1,2,0,,2,1,274,12,34,,8/19 (42%),4/18 (22%),45%,8,20/41 (49%),1/6 (17%),5/10 (50%),45%,11,6,29,3,,0,,,,,4
15137933,242,86668,CALENDAR,REGULAR_SEASON,Regular Season,LEAGUE,2504,Columbus Crew,Local,ALL,07/03/2026,,0,51%,1.51,4,13,2,7,11,528,16,10,2,,5,0,2,6,9,4,,4,0,20,2,1,464,13,55,93/132 (70%),15/32 (47%),5/22 (23%),43%,8,32/66 (48%),3/15 (20%),7/19 (37%),63%,16,9,42,10,,2,0.77,1,1,,8
15137933,242,86668,CALENDAR,REGULAR_SEASON,Regular Season,LEAGUE,2504,Columbus Crew,Local,1ST,07/03/2026,,0,52%,0.34,1,6,0,7,5,254,7,3,1,,2,0,1,3,5,1,,1,0,,1,1,216,7,27,,10/20 (50%),5/18 (28%),35%,5,13/30 (43%),1/10 (10%),4/9 (44%),43%,7,7,21,3,,0,,,,,3
15137933,242,86668,CALENDAR,REGULAR_SEASON,Regular Season,LEAGUE,2504,Columbus Crew,Local,2ND,07/03/2026,,0,50%,1.17,3,7,2,0,6,274,9,7,1,,3,0,1,3,4,3,,3,0,,1,0,248,6,28,,5/12 (42%),1/4 (0%),51%,3,19/36 (53%),2/5 (40%),3/10 (30%),78%,9,2,21,7,,2,,,,,5
15137933,242,86668,CALENDAR,REGULAR_SEASON,Regular Season,LEAGUE,2505,Chicago Fire,Visita,ALL,07/03/2026,,0,49%,0.87,1,8,4,3,10,519,20,11,4,,3,0,4,1,5,3,,1,1,16,0,4,459,11,42,65/93 (70%),21/35 (60%),2/7 (29%),57%,8,34/66 (52%),12/15 (80%),3/11 (27%),50%,20,8,49,24,,4,1.71,0,2,,5
15137933,242,86668,CALENDAR,REGULAR_SEASON,Regular Season,LEAGUE,2505,Chicago Fire,Visita,1ST,07/03/2026,,0,48%,0.03,0,1,2,0,3,249,10,5,0,,0,0,1,0,0,1,,0,0,,0,2,213,4,22,,11/22 (50%),1/2 (50%),65%,5,17/30 (57%),9/10 (90%),2/4 (50%),40%,10,4,24,14,,2,,,,,3
15137933,242,86668,CALENDAR,REGULAR_SEASON,Regular Season,LEAGUE,2505,Chicago Fire,Visita,2ND,07/03/2026,,0,50%,0.84,1,7,2,3,7,270,10,6,4,,3,0,3,1,5,2,,1,1,,0,2,246,7,20,,10/13 (77%),1/5 (20%),49%,3,17/36 (47%),3/5 (60%),1/7 (14%),60%,10,4,25,10,,2,,,,,2
15137908,242,86668,CALENDAR,REGULAR_SEASON,Regular Season,LEAGUE,2504,Columbus Crew,Local,ALL,14/03/2026,,0,57%,0.22,0,8,3,6,4,628,25,12,1,,2,1,5,1,1,8,0,0,,14,1,3,552,15,71,90/133 (68%),25/57 (44%),1/17 (0%),54%,9,44/76 (58%),8/21 (38%),8/19 (42%),56%,25,7,48,15,,3,1.01,2,,,6
15137908,242,86668,CALENDAR,REGULAR_SEASON,Regular Season,LEAGUE,2504,Columbus Crew,Local,1ST,14/03/2026,,0,62%,0.06,0,3,1,3,2,341,12,8,0,,1,1,2,0,1,3,0,0,,,0,3,312,9,33,,11/23 (48%),1/8 (0%),56%,5,25/42 (60%),3/8 (38%),6/13 (46%),58%,12,3,21,6,,1,,,,,3
15137908,242,86668,CALENDAR,REGULAR_SEASON,Regular Season,LEAGUE,2504,Columbus Crew,Local,2ND,14/03/2026,,0,53%,0.16,0,5,2,3,2,287,13,4,1,,1,0,3,1,0,5,0,0,,,1,0,240,6,38,,14/34 (41%),0/9 (0%),51%,4,19/34 (56%),5/13 (38%),2/6 (33%),54%,13,4,27,9,,2,,,,,3
15137908,242,86668,CALENDAR,REGULAR_SEASON,Regular Season,LEAGUE,337612,Nashville SC,Visita,ALL,14/03/2026,,1,43%,1.16,3,8,2,3,12,461,20,4,5,,4,0,3,1,6,2,1,2,,17,0,1,396,11,45,57/80 (71%),32/48 (67%),3/11 (27%),46%,13,32/76 (42%),13/21 (62%),9/21 (43%),80%,20,10,48,35,,2,0.08,0,,,8
15137908,242,86668,CALENDAR,REGULAR_SEASON,Regular Season,LEAGUE,337612,Nashville SC,Visita,1ST,14/03/2026,,0,38%,0.14,1,4,1,2,8,207,12,2,3,,1,0,2,1,3,1,0,1,,,0,0,176,6,15,,11/21 (52%),2/5 (40%),44%,8,17/42 (40%),5/8 (63%),3/7 (43%),75%,12,3,20,17,,1,,,,,3
15137908,242,86668,CALENDAR,REGULAR_SEASON,Regular Season,LEAGUE,337612,Nashville SC,Visita,2ND,14/03/2026,,1,47%,1.02,2,4,1,1,4,254,8,2,2,,3,0,1,0,3,1,1,1,,,0,1,220,5,30,,21/27 (78%),1/6 (17%),49%,5,15/34 (44%),8/13 (62%),6/14 (43%),88%,8,7,28,18,,1,,,,,5
15137918,242,86668,CALENDAR,REGULAR_SEASON,Regular Season,LEAGUE,7080,Toronto FC,Local,ALL,21/03/2026,,2,45%,0.92,1,12,3,10,9,374,21,20,1,,7,0,5,0,8,4,0,1,,34,2,1,286,14,52,63/123 (51%),23/52 (44%),10/25 (40%),54%,16,44/86 (51%),17/28 (61%),3/10 (30%),76%,21,12,61,25,0,3,0.29,0,0,,1
15137918,242,86668,CALENDAR,REGULAR_SEASON,Regular Season,LEAGUE,7080,Toronto FC,Local,1ST,21/03/2026,,0,43%,0.72,1,7,0,7,6,166,11,11,0,,3,0,4,0,5,2,0,1,,,1,1,126,7,23,,13/21 (62%),7/18 (39%),57%,6,23/43 (53%),11/17 (65%),1/5 (20%),64%,11,9,28,6,,0,,,,,0
15137918,242,86668,CALENDAR,REGULAR_SEASON,Regular Season,LEAGUE,7080,Toronto FC,Local,2ND,21/03/2026,,2,46%,0.20,0,5,3,3,3,208,10,9,1,,4,0,1,0,3,2,0,0,,,1,0,160,7,29,,10/31 (32%),3/7 (43%),50%,10,21/43 (49%),6/11 (55%),2/5 (40%),90%,10,3,33,19,,3,,,,,1
15137918,242,86668,CALENDAR,REGULAR_SEASON,Regular Season,LEAGUE,2504,Columbus Crew,Visita,ALL,21/03/2026,,1,55%,0.84,1,8,4,7,20,471,23,9,3,,4,1,3,1,7,1,1,0,,18,0,2,397,19,38,45/66 (68%),17/41 (41%),5/19 (26%),46%,13,42/86 (49%),11/28 (39%),10/18 (56%),61%,23,11,63,37,2,4,0.38,1,1,,6
15137918,242,86668,CALENDAR,REGULAR_SEASON,Regular Season,LEAGUE,2504,Columbus Crew,Visita,1ST,21/03/2026,,1,57%,0.25,1,1,2,1,11,238,10,6,2,,1,0,0,0,1,0,1,0,,,0,2,192,10,16,,8/25 (32%),2/3 (67%),43%,5,20/43 (47%),6/17 (35%),4/10 (40%),60%,10,6,27,21,,2,,,,,5
15137918,242,86668,CALENDAR,REGULAR_SEASON,Regular Season,LEAGUE,2504,Columbus Crew,Visita,2ND,21/03/2026,,0,54%,0.59,0,7,2,6,9,233,13,3,1,,3,1,3,1,6,1,0,0,,,0,0,205,9,22,,9/16 (56%),3/16 (19%),50%,8,22/43 (51%),5/11 (45%),6/8 (75%),62%,13,5,36,16,,2,,,,,1
15171446,242,86668,CALENDAR,REGULAR_SEASON,Regular Season,LEAGUE,243211,Atlanta United,Local,ALL,04/04/2026,,1,58%,1.24,2,7,4,4,9,599,18,9,2,,4,0,3,0,3,4,1,1,,8,0,2,525,15,39,78/112 (70%),16/44 (36%),1/12 (0%),52%,9,28/50 (56%),5/13 (38%),1/4 (25%),56%,18,8,41,23,,4,-0.55,0,1,1,8
15171446,242,86668,CALENDAR,REGULAR_SEASON,Regular Season,LEAGUE,243211,Atlanta United,Local,1ST,04/04/2026,,0,59%,0.03,0,2,2,2,2,333,12,3,0,,1,0,1,0,0,2,0,0,,,0,0,302,7,14,,11/26 (42%),0/4 (0%),58%,5,16/24 (67%),2/7 (29%),1/2 (50%),58%,12,4,20,12,,2,,,,,2
15171446,242,86668,CALENDAR,REGULAR_SEASON,Regular Season,LEAGUE,243211,Atlanta United,Local,2ND,04/04/2026,,1,57%,1.21,2,5,2,2,7,266,6,6,2,,3,0,2,0,3,2,1,1,,,0,2,223,8,25,,5/18 (28%),1/8 (0%),47%,4,12/26 (46%),3/6 (50%),0/2 (0%),50%,6,4,21,11,,2,,,,,6
15171446,242,86668,CALENDAR,REGULAR_SEASON,Regular Season,LEAGUE,2504,Columbus Crew,Visita,ALL,04/04/2026,,3,42%,1.46,5,16,4,8,9,426,12,9,1,,7,0,7,2,9,7,2,3,,28,1,4,374,17,42,92/115 (80%),23/41 (56%),5/22 (23%),48%,8,22/50 (44%),8/13 (62%),3/13 (23%),67%,12,11,46,17,,4,0.67,1,1,0,4
15171446,242,86668,CALENDAR,REGULAR_SEASON,Regular Season,LEAGUE,2504,Columbus Crew,Visita,1ST,04/04/2026,,0,41%,0.21,0,6,1,4,3,225,6,2,0,,2,0,3,1,2,4,0,0,,,0,2,199,11,18,,8/12 (67%),3/13 (23%),42%,5,8/24 (33%),5/7 (71%),0/7 (0%),67%,6,4,18,9,,1,,,,,1
15171446,242,86668,CALENDAR,REGULAR_SEASON,Regular Season,LEAGUE,2504,Columbus Crew,Visita,2ND,04/04/2026,,3,43%,1.24,5,10,3,4,6,201,6,7,1,,5,0,4,1,7,3,2,3,,,1,2,175,6,24,,15/29 (52%),2/9 (22%),53%,3,14/26 (54%),3/6 (50%),3/6 (50%),67%,6,7,28,8,,3,,,,,3
15171452,242,86668,CALENDAR,REGULAR_SEASON,Regular Season,LEAGUE,2504,Columbus Crew,Local,ALL,12/04/2026,,1,65%,1.54,3,20,0,8,12,659,18,9,1,,7,0,5,8,12,8,1,2,1,30,2,4,595,21,57,215/250 (86%),17/31 (55%),4/23 (17%),48%,4,30/63 (48%),10/21 (48%),5/16 (31%),78%,18,4,52,16,0,0,-0.15,,,,5
15171452,242,86668,CALENDAR,REGULAR_SEASON,Regular Season,LEAGUE,2504,Columbus Crew,Local,1ST,12/04/2026,,0,61%,0.15,0,5,0,6,3,321,4,8,0,,1,0,0,4,1,4,0,0,0,,2,2,298,7,25,,3/7 (43%),1/14 (7%),50%,2,12/24 (50%),3/6 (50%),2/7 (29%),75%,4,2,23,10,,0,,,,,4
15171452,242,86668,CALENDAR,REGULAR_SEASON,Regular Season,LEAGUE,2504,Columbus Crew,Local,2ND,12/04/2026,,1,69%,1.39,3,15,0,2,9,338,14,1,1,,6,0,5,4,11,4,1,2,1,,0,2,297,14,32,,14/24 (58%),3/9 (33%),46%,2,18/39 (46%),7/15 (47%),3/9 (33%),79%,14,2,29,6,,0,,,,,1
15171452,242,86668,CALENDAR,REGULAR_SEASON,Regular Season,LEAGUE,52237,Orlando City SC,Visita,ALL,12/04/2026,,1,35%,0.61,1,5,6,1,9,362,15,12,4,,1,0,2,2,4,1,1,1,1,12,2,1,281,13,39,51/81 (63%),23/60 (38%),2/6 (33%),52%,7,33/63 (52%),11/21 (52%),6/17 (35%),47%,15,7,52,31,2,6,0.79,,,,9
15171452,242,86668,CALENDAR,REGULAR_SEASON,Regular Season,LEAGUE,52237,Orlando City SC,Visita,1ST,12/04/2026,,1,39%,0.52,1,3,1,0,8,208,7,3,2,,1,0,1,1,3,0,1,0,0,,1,1,177,5,15,,12/25 (48%),2/3 (67%),50%,2,12/24 (50%),3/6 (50%),2/4 (50%),71%,7,4,29,17,,1,,,,,1
15171452,242,86668,CALENDAR,REGULAR_SEASON,Regular Season,LEAGUE,52237,Orlando City SC,Visita,2ND,12/04/2026,,0,31%,0.09,1,2,5,1,1,154,8,9,2,,0,0,1,1,1,1,0,1,1,,1,0,104,8,24,,11/35 (31%),0/3 (0%),54%,5,21/39 (54%),8/15 (53%),4/13 (31%),25%,8,3,23,14,,5,,,,,8
15935917,495,90046,CALENDAR,REGULAR,Round of 32,CUP,23841,Richmond Kickers,Local,ALL,15/04/2026,6,0,30%,0.00,1,8,8,4,10,278,10,11,1,,2,0,5,1,5,3,0,1,0,9,0,,211,10,35,27/49 (55%),26/61 (43%),4/8 (50%),55%,8,27/54 (50%),10/13 (77%),6/7 (86%),70%,10,10,47,21,,8,,2,1,,16
15935917,495,90046,CALENDAR,REGULAR,Round of 32,CUP,23841,Richmond Kickers,Local,1ST,15/04/2026,6,0,34%,0.00,1,7,4,3,3,149,6,6,0,,2,0,4,1,4,3,0,1,0,,0,,113,7,17,,14/32 (44%),3/7 (43%),56%,6,15/27 (56%),4/7 (57%),3/3 (100%),50%,6,4,31,12,,4,,,,,6
15935917,495,90046,CALENDAR,REGULAR,Round of 32,CUP,23841,Richmond Kickers,Local,2ND,15/04/2026,6,0,25%,0.00,0,1,4,1,7,129,4,5,1,,0,0,1,0,1,0,0,0,0,,0,,98,3,18,,12/29 (41%),1/1 (100%),55%,2,12/27 (44%),6/6 (100%),3/4 (75%),100%,4,6,16,9,,4,,,,,10
15935917,495,90046,CALENDAR,REGULAR,Round of 32,CUP,2504,Columbus Crew,Visita,ALL,15/04/2026,6,3,70%,0.00,6,26,1,9,11,681,9,10,0,,11,1,12,3,18,8,3,3,4,38,4,,612,28,100,167/213 (78%),28/45 (62%),4/17 (24%),45%,3,27/54 (50%),3/13 (23%),9/16 (56%),44%,9,6,47,5,,1,,1,1,,7
15935917,495,90046,CALENDAR,REGULAR,Round of 32,CUP,2504,Columbus Crew,Visita,1ST,15/04/2026,6,1,66%,0.00,3,12,1,4,6,304,6,3,0,,5,1,5,2,9,3,1,2,2,,1,,265,17,55,,12/23 (52%),1/8 (13%),44%,2,12/27 (44%),3/7 (43%),3/7 (43%),33%,6,4,27,5,,1,,,,,5
15935917,495,90046,CALENDAR,REGULAR,Round of 32,CUP,2504,Columbus Crew,Visita,2ND,15/04/2026,6,2,75%,0.00,3,14,0,5,5,377,3,7,0,,6,0,7,1,9,5,2,1,2,,3,,347,11,45,,16/22 (73%),3/9 (33%),45%,1,15/27 (56%),0/6 (0%),6/9 (67%),67%,3,2,20,0,,0,,,,,2
15171477,242,86668,CALENDAR,REGULAR_SEASON,Regular Season,LEAGUE,2511,New England Revolution,Local,ALL,18/04/2026,,2,48%,1.23,1,10,3,3,8,545,17,11,1,,3,1,4,3,9,1,1,0,,23,2,2,493,13,35,70/92 (76%),21/40 (53%),5/23 (22%),58%,5,33/55 (60%),9/17 (53%),6/13 (46%),41%,17,11,37,23,,3,0.18,,,,6
15171477,242,86668,CALENDAR,REGULAR_SEASON,Regular Season,LEAGUE,2511,New England Revolution,Local,1ST,18/04/2026,,0,42%,0.27,0,4,3,2,4,259,8,7,0,,1,0,2,1,4,1,0,0,,,0,1,233,6,17,,10/20 (50%),2/9 (22%),55%,2,15/26 (58%),3/7 (43%),1/4 (25%),38%,8,6,17,3,,3,,,,,3
15171477,242,86668,CALENDAR,REGULAR_SEASON,Regular Season,LEAGUE,2511,New England Revolution,Local,2ND,18/04/2026,,2,56%,0.96,1,6,1,1,4,286,9,4,1,,2,1,2,2,5,1,1,0,,,2,1,260,7,18,,11/20 (55%),3/14 (21%),62%,3,18/29 (62%),6/10 (60%),5/9 (56%),44%,9,5,20,20,,1,,,,,3
15171477,242,86668,CALENDAR,REGULAR_SEASON,Regular Season,LEAGUE,2504,Columbus Crew,Visita,ALL,18/04/2026,,1,52%,0.95,3,11,1,7,12,598,12,8,3,,4,1,3,4,8,3,1,2,,29,1,1,537,14,62,134/175 (77%),20/37 (54%),3/14 (21%),42%,8,22/55 (40%),8/17 (47%),2/11 (18%),67%,12,8,37,21,,1,-0.77,,,,5
15171477,242,86668,CALENDAR,REGULAR_SEASON,Regular Season,LEAGUE,2504,Columbus Crew,Visita,1ST,18/04/2026,,1,58%,0.54,3,6,1,4,7,369,5,4,0,,4,0,1,1,4,2,1,2,,,0,0,339,5,31,,9/15 (60%),1/6 (17%),45%,4,11/26 (42%),4/7 (57%),2/6 (33%),80%,5,3,20,6,,1,,,,,2
15171477,242,86668,CALENDAR,REGULAR_SEASON,Regular Season,LEAGUE,2504,Columbus Crew,Visita,2ND,18/04/2026,,0,44%,0.41,0,5,0,3,5,229,7,4,3,,0,1,2,3,4,1,0,0,,,1,1,198,9,31,,11/22 (50%),2/8 (25%),38%,4,11/29 (38%),4/10 (40%),1/5 (20%),57%,7,5,17,15,,0,,,,,3
15171486,242,86668,CALENDAR,REGULAR_SEASON,Regular Season,LEAGUE,2504,Columbus Crew,Local,ALL,22/04/2026,,2,56%,1.15,2,14,0,4,13,643,21,5,0,,4,0,8,2,9,5,2,,0,28,2,1,576,16,71,191/230 (83%),15/24 (63%),3/11 (27%),53%,8,35/68 (51%),6/10 (60%),9/17 (53%),57%,21,14,52,16,,0,-0.49,,,0,4
15171486,242,86668,CALENDAR,REGULAR_SEASON,Regular Season,LEAGUE,2504,Columbus Crew,Local,1ST,22/04/2026,,1,54%,0.55,1,9,0,3,7,303,9,0,0,,2,0,5,2,7,2,1,,0,,0,0,276,9,35,,4/7 (57%),2/7 (29%),46%,5,14/32 (44%),3/5 (60%),5/10 (50%),67%,9,6,27,5,,0,,,,,2
15171486,242,86668,CALENDAR,REGULAR_SEASON,Regular Season,LEAGUE,2504,Columbus Crew,Local,2ND,22/04/2026,,1,58%,0.59,1,5,0,1,6,340,12,5,0,,2,0,3,0,2,3,1,,0,,2,1,300,7,36,,11/17 (65%),1/4 (25%),59%,3,21/36 (58%),3/5 (60%),4/7 (57%),50%,12,8,25,11,,0,,,,,2
15171486,242,86668,CALENDAR,REGULAR_SEASON,Regular Season,LEAGUE,2513,LA Galaxy,Visita,ALL,22/04/2026,,1,44%,0.66,1,7,2,1,5,502,16,13,1,,1,1,4,2,6,1,1,,1,12,1,2,426,20,27,36/62 (58%),10/30 (33%),0/5 (0%),47%,14,33/68 (49%),4/10 (40%),4/11 (36%),56%,16,13,42,16,,2,-0.84,,,1,11
15171486,242,86668,CALENDAR,REGULAR_SEASON,Regular Season,LEAGUE,2513,LA Galaxy,Visita,1ST,22/04/2026,,0,46%,0.04,0,1,1,1,0,259,10,7,1,,0,0,1,0,1,0,0,,0,,0,0,218,13,11,,7/17 (41%),0/3 (0%),54%,7,18/32 (56%),2/5 (40%),1/3 (33%),60%,10,4,16,8,,1,,,,,8
15171486,242,86668,CALENDAR,REGULAR_SEASON,Regular Season,LEAGUE,2513,LA Galaxy,Visita,2ND,22/04/2026,,1,42%,0.62,1,6,1,0,5,243,6,6,0,,1,1,3,2,5,1,1,,1,,1,2,208,7,16,,3/13 (23%),0/2 (0%),41%,7,15/36 (42%),2/5 (40%),3/8 (38%),50%,6,9,26,8,,1,,,,,3
15171499,242,86668,CALENDAR,REGULAR_SEASON,Regular Season,LEAGUE,2504,Columbus Crew,Local,ALL,25/04/2026,,2,56%,1.02,2,7,2,2,11,500,16,18,1,0,4,0,0,3,3,4,1,1,2,11,2,2,397,24,44,54/94 (57%),27/65 (42%),1/10 (10%),50%,11,40/78 (51%),16/34 (47%),10/20 (50%),75%,16,19,53,18,,2,0.06,0,1,0,7
15171499,242,86668,CALENDAR,REGULAR_SEASON,Regular Season,LEAGUE,2504,Columbus Crew,Local,1ST,25/04/2026,,2,57%,0.96,2,5,0,2,7,254,9,9,1,0,3,0,0,2,3,2,1,1,1,,1,1,213,9,22,,14/30 (47%),1/7 (14%),51%,4,20/37 (54%),3/8 (38%),4/8 (50%),56%,9,10,21,8,,0,,,,,4
15171499,242,86668,CALENDAR,REGULAR_SEASON,Regular Season,LEAGUE,2504,Columbus Crew,Local,2ND,25/04/2026,,0,55%,0.06,0,2,2,0,4,246,7,9,0,0,1,0,0,1,0,2,0,0,1,,1,1,184,15,22,,13/35 (37%),0/3 (0%),49%,7,20/41 (49%),13/26 (50%),6/12 (50%),100%,7,9,32,10,,2,,,,,3
15171499,242,86668,CALENDAR,REGULAR_SEASON,Regular Season,LEAGUE,39833,Philadelphia Union,Visita,ALL,25/04/2026,,0,44%,0.80,1,10,4,4,18,392,21,11,1,1,2,1,6,2,7,3,0,1,0,25,2,3,285,24,45,39/84 (46%),27/54 (50%),6/8 (75%),50%,11,38/78 (49%),18/34 (53%),6/11 (55%),52%,21,17,54,21,,4,-1.01,1,0,1,1
15171499,242,86668,CALENDAR,REGULAR_SEASON,Regular Season,LEAGUE,39833,Philadelphia Union,Visita,1ST,25/04/2026,,0,43%,0.33,0,3,3,2,9,190,8,7,1,0,0,1,3,0,2,1,0,0,0,,1,1,152,7,16,,14/25 (56%),3/3 (100%),49%,6,17/37 (46%),5/8 (63%),2/5 (40%),50%,8,6,21,14,,3,,,,,1
15171499,242,86668,CALENDAR,REGULAR_SEASON,Regular Season,LEAGUE,39833,Philadelphia Union,Visita,2ND,25/04/2026,,0,45%,0.48,1,7,1,2,9,202,13,4,0,1,2,0,3,2,5,2,0,1,0,,1,2,133,17,29,,13/29 (45%),3/5 (60%),51%,5,21/41 (51%),13/26 (50%),4/6 (67%),54%,13,11,33,7,,1,,,,,0
16022854,495,90046,CALENDAR,REGULAR,Round of 16,CUP,2504,Columbus Crew,Local,ALL,29/04/2026,5,4,76%,0.00,5,20,3,8,16,791,10,7,0,,7,1,9,4,16,4,2,3,,51,0,1,727,9,83,188/223 (84%),26/41 (63%),3/20 (15%),42%,10,21/59 (36%),12/20 (60%),4/12 (33%),70%,10,14,48,11,,3,,0,,,2
16022854,495,90046,CALENDAR,REGULAR,Round of 16,CUP,2504,Columbus Crew,Local,1ST,29/04/2026,5,2,75%,0.00,3,13,2,7,6,357,1,3,0,,3,1,7,3,10,3,1,2,,,0,1,322,5,42,,12/20 (60%),3/15 (20%),38%,2,4/18 (22%),8/14 (57%),1/6 (17%),0%,1,11,22,4,,2,,,,,0
16022854,495,90046,CALENDAR,REGULAR,Round of 16,CUP,2504,Columbus Crew,Local,2ND,29/04/2026,5,2,77%,0.00,2,7,1,1,10,434,9,4,0,,4,0,2,1,6,1,1,1,,,0,0,405,4,41,,14/21 (67%),0/5 (0%),45%,8,17/41 (41%),4/6 (67%),4/6 (67%),78%,9,3,26,7,,1,,,,,2
16022854,495,90046,CALENDAR,REGULAR,Round of 16,CUP,407748,One Knoxville SC,Visita,ALL,29/04/2026,5,1,24%,0.00,2,9,3,5,7,244,18,16,1,,4,3,4,1,7,2,1,1,,11,2,0,171,4,40,22/49 (45%),24/60 (40%),3/13 (23%),58%,3,38/59 (64%),8/20 (40%),5/12 (42%),61%,18,10,39,27,,3,,1,,,9
16022854,495,90046,CALENDAR,REGULAR,Round of 16,CUP,407748,One Knoxville SC,Visita,1ST,29/04/2026,5,1,25%,0.00,2,3,1,2,3,121,8,6,1,,3,1,0,0,3,0,1,1,,,0,0,79,0,21,,12/34 (35%),1/4 (25%),62%,2,14/18 (78%),6/14 (43%),0/1 (0%),63%,8,7,15,18,,1,,,,,8
16022854,495,90046,CALENDAR,REGULAR,Round of 16,CUP,407748,One Knoxville SC,Visita,2ND,29/04/2026,5,0,23%,0.00,1,6,2,3,4,123,10,10,0,,1,2,4,1,4,2,0,1,,,2,0,92,4,19,,12/26 (46%),2/9 (22%),55%,3,24/41 (59%),2/6 (33%),5/11 (45%),60%,10,3,24,9,,2,,,,,1
15171519,242,86668,CALENDAR,REGULAR_SEASON,Regular Season,LEAGUE,2504,Columbus Crew,Local,ALL,02/05/2026,,2,66%,1.02,2,13,4,4,10,620,23,11,2,,4,1,5,4,11,2,1,1,,34,3,0,535,19,57,134/173 (77%),15/43 (35%),1/13 (8%),54%,10,46/80 (57%),6/17 (35%),12/19 (63%),65%,23,12,49,22,,4,-0.26,,,,9
15171519,242,86668,CALENDAR,REGULAR_SEASON,Regular Season,LEAGUE,2504,Columbus Crew,Local,1ST,02/05/2026,,1,63%,0.74,0,9,2,2,3,270,8,4,1,,1,0,4,4,8,1,0,0,,,1,0,231,10,28,,6/21 (29%),0/9 (0%),53%,5,19/35 (54%),5/10 (50%),7/10 (70%),38%,8,7,23,15,,2,,,,,7
15171519,242,86668,CALENDAR,REGULAR_SEASON,Regular Season,LEAGUE,2504,Columbus Crew,Local,2ND,02/05/2026,,1,68%,0.28,2,4,2,2,7,350,15,7,1,,3,1,1,0,3,1,1,1,,,2,0,304,9,29,,9/22 (41%),1/4 (25%),54%,5,27/45 (60%),1/7 (14%),5/9 (56%),80%,15,5,26,7,,2,,,,,2
15171519,242,86668,CALENDAR,REGULAR_SEASON,Regular Season,LEAGUE,41618,Minnesota United,Visita,ALL,02/05/2026,,3,34%,1.22,1,12,1,6,11,311,17,10,2,,7,1,4,1,10,2,0,1,,27,3,3,239,22,53,67/104 (64%),22/48 (46%),7/16 (44%),46%,12,34/80 (43%),11/17 (65%),7/18 (39%),59%,17,11,55,20,,1,-0.13,,,,6
15171519,242,86668,CALENDAR,REGULAR_SEASON,Regular Season,LEAGUE,41618,Minnesota United,Visita,1ST,02/05/2026,,0,37%,0.66,1,6,0,3,4,155,8,3,1,,2,0,3,1,5,1,0,1,,,2,1,119,13,26,,10/25 (40%),3/8 (38%),47%,5,16/35 (46%),5/10 (50%),5/8 (63%),38%,8,7,24,12,,0,,,,,5
15171519,242,86668,CALENDAR,REGULAR_SEASON,Regular Season,LEAGUE,41618,Minnesota United,Visita,2ND,02/05/2026,,3,32%,0.56,0,6,1,3,7,156,9,7,1,,5,1,1,0,5,1,0,0,,,1,2,120,9,27,,12/23 (52%),4/8 (50%),46%,7,18/45 (40%),6/7 (86%),2/10 (20%),78%,9,4,31,8,,1,,,,,1
15171536,242,86668,CALENDAR,REGULAR_SEASON,Regular Season,LEAGUE,187643,New York City FC,Local,ALL,10/05/2026,,3,42%,1.09,3,9,2,3,7,437,15,8,0,,6,0,2,1,9,0,2,1,2,18,0,6,368,21,40,49/69 (71%),38/61 (62%),2/7 (29%),51%,11,30/58 (52%),7/15 (47%),8/12 (67%),73%,15,7,48,19,,2,0.36,,,1,8
15171536,242,86668,CALENDAR,REGULAR_SEASON,Regular Season,LEAGUE,187643,New York City FC,Local,1ST,10/05/2026,,2,41%,0.81,2,5,1,0,5,216,7,4,0,,3,0,2,0,5,0,2,0,1,,0,4,182,9,24,,19/26 (73%),1/1 (100%),56%,1,14/27 (52%),6/9 (67%),4/8 (50%),71%,7,7,27,7,,1,,,,,4
15171536,242,86668,CALENDAR,REGULAR_SEASON,Regular Season,LEAGUE,187643,New York City FC,Local,2ND,10/05/2026,,1,42%,0.28,1,4,1,3,2,221,8,4,0,,3,0,0,1,4,0,0,1,1,,0,2,186,12,16,,19/35 (54%),1/6 (17%),46%,11,16/31 (52%),1/6 (17%),4/4 (100%),75%,8,1,21,12,,1,,,,,4
15171536,242,86668,CALENDAR,REGULAR_SEASON,Regular Season,LEAGUE,2504,Columbus Crew,Visita,ALL,10/05/2026,,0,58%,1.03,2,11,3,8,8,609,15,7,1,,2,0,4,5,7,4,0,2,0,31,1,5,545,16,65,141/178 (79%),26/39 (67%),1/14 (7%),49%,9,28/58 (48%),8/15 (53%),7/13 (54%),53%,15,10,42,11,,3,-0.27,,,0,6
15171536,242,86668,CALENDAR,REGULAR_SEASON,Regular Season,LEAGUE,2504,Columbus Crew,Visita,1ST,10/05/2026,,0,59%,0.16,0,3,1,4,4,308,4,5,0,,1,0,1,1,1,2,0,0,0,,1,3,272,10,33,,11/19 (58%),0/5 (0%),44%,4,13/27 (48%),3/9 (33%),5/8 (63%),25%,4,5,22,3,,1,,,,,3
15171536,242,86668,CALENDAR,REGULAR_SEASON,Regular Season,LEAGUE,2504,Columbus Crew,Visita,2ND,10/05/2026,,0,58%,0.88,2,8,2,4,4,301,11,2,1,,1,0,3,4,6,2,0,2,0,,1,2,273,6,32,,15/20 (75%),1/9 (11%),54%,5,15/31 (48%),5/6 (83%),2/5 (40%),64%,11,5,20,8,,2,,,,,3
15171548,242,86668,CALENDAR,REGULAR_SEASON,Regular Season,LEAGUE,2506,New York Red Bulls,Local,ALL,13/05/2026,,3,31%,2.83,4,13,2,3,17,300,22,7,3,,6,0,4,3,10,3,3,1,1,16,0,2,222,14,46,52/89 (58%),18/54 (33%),2/7 (29%),41%,8,36/85 (42%),5/14 (36%),7/13 (54%),45%,22,10,55,26,1,2,-0.07,,1,,10
15171548,242,86668,CALENDAR,REGULAR_SEASON,Regular Season,LEAGUE,2506,New York Red Bulls,Local,1ST,13/05/2026,,2,34%,1.66,2,4,1,1,4,179,7,4,0,,3,0,1,0,4,0,2,0,0,,0,2,137,6,22,,10/30 (33%),1/2 (50%),33%,4,13/36 (36%),1/6 (17%),2/5 (40%),57%,7,3,30,8,,1,,,,,5
15171548,242,86668,CALENDAR,REGULAR_SEASON,Regular Season,LEAGUE,2506,New York Red Bulls,Local,2ND,13/05/2026,,1,27%,1.17,2,9,1,2,13,121,15,3,3,,3,0,3,3,6,3,1,1,1,,0,0,85,8,24,,8/24 (33%),1/5 (20%),47%,4,23/49 (47%),4/8 (50%),5/8 (63%),40%,15,7,25,18,,1,,,,,5
15171548,242,86668,CALENDAR,REGULAR_SEASON,Regular Season,LEAGUE,2504,Columbus Crew,Visita,ALL,13/05/2026,,2,69%,1.48,2,12,2,2,7,696,14,16,2,,4,0,6,2,6,6,2,0,1,29,4,3,607,29,71,151/201 (75%),30/56 (54%),3/17 (18%),59%,11,49/85 (58%),9/14 (64%),19/30 (63%),71%,14,10,48,18,0,2,-0.20,,0,,5
15171548,242,86668,CALENDAR,REGULAR_SEASON,Regular Season,LEAGUE,2504,Columbus Crew,Visita,1ST,13/05/2026,,1,66%,0.37,1,6,1,0,4,360,7,4,1,,2,0,3,1,2,4,1,0,1,,2,2,317,15,36,,17/31 (55%),1/5 (20%),67%,4,23/36 (64%),5/6 (83%),12/15 (80%),57%,7,3,22,9,,1,,,,,2
15171548,242,86668,CALENDAR,REGULAR_SEASON,Regular Season,LEAGUE,2504,Columbus Crew,Visita,2ND,13/05/2026,,1,73%,1.11,1,6,1,2,3,336,7,12,1,,2,0,3,1,4,2,1,0,0,,2,1,290,14,35,,13/25 (52%),2/12 (17%),53%,7,26/49 (53%),4/8 (50%),7/15 (47%),86%,7,7,26,9,,1,,,,,3
15171558,242,86668,CALENDAR,REGULAR_SEASON,Regular Season,LEAGUE,39833,Philadelphia Union,Local,ALL,16/05/2026,,1,38%,1.09,1,12,0,4,14,317,23,12,3,,5,0,4,3,4,8,1,0,1,27,3,0,224,21,55,65/114 (57%),17/39 (44%),3/13 (23%),46%,19,43/94 (46%),8/18 (44%),9/15 (60%),52%,23,11,51,16,0,0,-0.23,0,,0,5
15171558,242,86668,CALENDAR,REGULAR_SEASON,Regular Season,LEAGUE,39833,Philadelphia Union,Local,1ST,16/05/2026,,0,31%,0.03,0,1,0,2,8,129,12,5,3,,0,0,1,0,0,1,0,0,1,,1,0,89,6,22,,10/19 (53%),2/5 (40%),43%,12,19/46 (41%),3/5 (60%),2/3 (67%),42%,12,7,23,4,,0,,,,,3
15171558,242,86668,CALENDAR,REGULAR_SEASON,Regular Season,LEAGUE,39833,Philadelphia Union,Local,2ND,16/05/2026,,1,45%,1.06,1,11,0,2,6,188,11,7,0,,5,0,3,3,4,7,1,0,0,,2,0,135,15,33,,7/20 (35%),1/8 (13%),48%,7,24/48 (50%),5/13 (38%),7/12 (58%),64%,11,4,28,12,,0,,,,,2
15171558,242,86668,CALENDAR,REGULAR_SEASON,Regular Season,LEAGUE,2504,Columbus Crew,Visita,ALL,16/05/2026,,1,62%,0.41,1,5,4,4,12,530,25,14,1,,1,0,3,1,2,3,0,1,2,13,1,2,439,31,38,55/89 (62%),15/44 (34%),2/14 (14%),54%,12,51/94 (54%),10/18 (56%),13/24 (54%),60%,25,7,47,23,1,4,0.27,1,,1,8
15171558,242,86668,CALENDAR,REGULAR_SEASON,Regular Season,LEAGUE,2504,Columbus Crew,Visita,1ST,16/05/2026,,1,69%,0.06,0,3,0,2,5,295,13,8,1,,1,0,1,1,1,2,0,0,1,,1,1,255,17,18,,7/20 (35%),1/6 (17%),57%,8,27/46 (59%),2/5 (40%),6/10 (60%),38%,13,3,23,7,,0,,,,,3
15171558,242,86668,CALENDAR,REGULAR_SEASON,Regular Season,LEAGUE,2504,Columbus Crew,Visita,2ND,16/05/2026,,0,55%,0.35,1,2,4,2,7,235,12,6,0,,0,0,2,0,1,1,0,1,1,,0,1,184,14,20,,8/24 (33%),1/8 (13%),52%,4,24/48 (50%),8/13 (62%),7/14 (50%),83%,12,4,24,16,,4,,,,,5
16106720,495,90046,CALENDAR,REGULAR,Quarterfinals,CUP,2504,Columbus Crew,Local,ALL,20/05/2026,27,1,60%,0.00,2,14,0,3,7,655,19,13,0,,8,1,2,4,11,3,,2,,25,,0,586,16,61,121/147 (82%),30/56 (54%),1/8 (13%),58%,12,37/64 (58%),4/7 (57%),5/9 (56%),74%,19,11,45,8,,0,,0,3,,6
16106720,495,90046,CALENDAR,REGULAR,Quarterfinals,CUP,2504,Columbus Crew,Local,1ST,20/05/2026,27,0,59%,0.00,1,7,0,2,5,333,10,5,0,,4,0,1,3,5,2,,1,,,,0,304,7,21,,9/24 (38%),1/4 (25%),46%,7,17/35 (49%),0/2 (0%),2/5 (40%),80%,10,6,23,1,,0,,,,,3
16106720,495,90046,CALENDAR,REGULAR,Quarterfinals,CUP,2504,Columbus Crew,Local,2ND,20/05/2026,27,1,60%,0.00,1,7,0,1,2,322,9,8,0,,4,1,2,1,6,1,,1,,,,0,282,9,40,,21/32 (66%),0/4 (0%),71%,5,20/29 (69%),4/5 (80%),3/4 (75%),67%,9,5,22,7,,0,,,,,3
16106720,495,90046,CALENDAR,REGULAR,Quarterfinals,CUP,187643,New York City FC,Visita,ALL,20/05/2026,27,0,40%,0.00,1,5,7,4,13,434,16,7,1,,0,0,1,4,1,4,,1,,14,,2,374,8,47,91/129 (71%),26/47 (55%),1/10 (10%),42%,17,27/64 (42%),3/7 (43%),4/6 (67%),63%,16,12,51,11,,7,,1,0,,6
16106720,495,90046,CALENDAR,REGULAR,Quarterfinals,CUP,187643,New York City FC,Visita,1ST,20/05/2026,27,0,41%,0.00,1,2,4,2,5,224,10,5,0,,0,0,1,1,1,1,,1,,,,1,194,3,25,,14/22 (64%),1/4 (25%),54%,9,18/35 (51%),2/2 (100%),3/4 (75%),50%,10,4,26,6,,4,,,,,3
16106720,495,90046,CALENDAR,REGULAR,Quarterfinals,CUP,187643,New York City FC,Visita,2ND,20/05/2026,27,0,40%,0.00,0,3,3,2,8,210,6,2,1,,0,0,0,3,0,3,,0,,,,1,180,5,22,,12/25 (48%),0/6 (0%),29%,8,9/29 (31%),1/5 (20%),1/2 (50%),83%,6,8,25,5,,3,,,,,3
15171588,242,86668,CALENDAR,REGULAR_SEASON,Regular Season,LEAGUE,2504,Columbus Crew,Local,ALL,24/05/2026,,2,58%,2.06,3,10,2,2,9,646,5,13,3,,4,1,6,0,9,1,1,2,,20,3,1,591,15,48,115/134 (86%),20/31 (65%),2/7 (29%),47%,7,27/58 (47%),7/14 (50%),9/17 (53%),80%,5,3,49,19,2,2,0.09,0,,1,7
15171588,242,86668,CALENDAR,REGULAR_SEASON,Regular Season,LEAGUE,2504,Columbus Crew,Local,1ST,24/05/2026,,2,70%,1.97,3,7,1,2,4,385,3,7,1,,4,1,3,0,7,0,1,2,,,0,0,358,12,30,,15/20 (75%),1/6 (17%),53%,3,16/29 (55%),1/3 (33%),6/10 (60%),67%,3,1,19,7,,1,,,,,2
15171588,242,86668,CALENDAR,REGULAR_SEASON,Regular Season,LEAGUE,2504,Columbus Crew,Local,2ND,24/05/2026,,0,47%,0.10,0,3,1,0,5,261,2,6,2,,0,0,3,0,2,1,0,0,,,3,1,233,3,18,,5/11 (45%),1/1 (100%),43%,4,11/29 (38%),6/11 (55%),3/7 (43%),100%,2,2,30,12,,1,,,,,5
15171588,242,86668,CALENDAR,REGULAR_SEASON,Regular Season,LEAGUE,243211,Atlanta United,Visita,ALL,24/05/2026,,0,42%,1.14,0,16,2,3,13,456,15,9,3,,2,0,5,9,10,6,0,0,,18,3,2,397,14,46,67/96 (70%),29/47 (62%),4/17 (24%),53%,3,31/58 (53%),7/14 (50%),7/9 (78%),47%,15,7,45,14,0,2,-0.11,1,,0,6
15171588,242,86668,CALENDAR,REGULAR_SEASON,Regular Season,LEAGUE,243211,Atlanta United,Visita,1ST,24/05/2026,,0,30%,0.06,0,2,2,1,7,167,7,4,0,,1,0,0,1,1,1,0,0,,,1,1,139,5,21,,12/27 (44%),0/4 (0%),47%,2,13/29 (45%),2/3 (67%),2/3 (67%),43%,7,3,20,10,,2,,,,,2
15171588,242,86668,CALENDAR,REGULAR_SEASON,Regular Season,LEAGUE,243211,Atlanta United,Visita,2ND,24/05/2026,,0,53%,1.08,0,14,0,2,6,289,8,5,3,,1,0,5,8,9,5,0,0,,,2,1,258,9,25,,17/20 (85%),4/13 (31%),57%,1,18/29 (62%),5/11 (45%),5/6 (83%),50%,8,4,25,4,,0,,,,,4
15171598,242,86668,CALENDAR,REGULAR_SEASON,Regular Season,LEAGUE,2504,Columbus Crew,Local,ALL,22/07/2026,,1,59%,1.65,3,11,3,3,7,584,23,10,3,,4,0,6,1,5,6,1,2,,22,2,,519,26,50,107/142 (75%),17/34 (50%),2/11 (18%),47%,26,44/93 (47%),7/16 (44%),12/22 (55%),61%,23,7,52,8,0,3,0.35,0,,,5
15171598,242,86668,CALENDAR,REGULAR_SEASON,Regular Season,LEAGUE,2504,Columbus Crew,Local,1ST,22/07/2026,,0,58%,0.35,1,2,0,1,2,295,14,7,0,,0,0,2,0,1,1,0,1,,,1,,262,14,19,,5/17 (29%),1/3 (33%),53%,13,27/51 (53%),3/6 (50%),6/13 (46%),71%,14,3,26,3,,0,,,,,3
15171598,242,86668,CALENDAR,REGULAR_SEASON,Regular Season,LEAGUE,2504,Columbus Crew,Local,2ND,22/07/2026,,1,60%,1.30,2,9,3,2,5,289,9,3,3,,4,0,4,1,4,5,1,1,,,1,,257,12,31,,12/17 (71%),1/8 (13%),40%,13,17/42 (40%),4/10 (40%),6/9 (67%),44%,9,4,26,5,,3,,,,,2
15171598,242,86668,CALENDAR,REGULAR_SEASON,Regular Season,LEAGUE,187643,New York City FC,Visita,ALL,22/07/2026,,2,41%,1.45,2,8,3,0,11,407,36,6,2,,5,1,2,1,7,1,2,0,,19,5,,341,15,33,38/64 (59%),26/55 (47%),4/8 (50%),53%,13,49/93 (53%),9/16 (56%),6/16 (38%),69%,36,12,56,17,1,3,0.19,1,,,10
15171598,242,86668,CALENDAR,REGULAR_SEASON,Regular Season,LEAGUE,187643,New York City FC,Visita,1ST,22/07/2026,,1,42%,0.83,1,2,0,0,7,216,20,1,1,,1,0,0,1,2,0,1,0,,,2,,185,5,15,,5/19 (26%),2/2 (100%),47%,8,24/51 (47%),3/6 (50%),2/8 (25%),65%,20,8,31,8,,0,,,,,3
15171598,242,86668,CALENDAR,REGULAR_SEASON,Regular Season,LEAGUE,187643,New York City FC,Visita,2ND,22/07/2026,,1,40%,0.62,1,6,3,0,4,191,16,5,1,,4,1,2,0,5,1,1,0,,,3,,156,10,18,,21/36 (58%),2/6 (33%),60%,5,25/42 (60%),6/10 (60%),4/8 (50%),75%,16,4,25,9,,3,,,,,7
15171606,242,86668,CALENDAR,REGULAR_SEASON,Regular Season,LEAGUE,2504,Columbus Crew,Local,ALL,25/07/2026,,2,53%,2.35,3,13,4,4,11,531,19,7,1,0,6,0,5,2,8,5,2,1,,21,4,2,481,14,47,129/155 (83%),20/36 (56%),2/17 (12%),41%,10,28/63 (44%),4/16 (25%),2/10 (20%),68%,19,6,46,24,1,4,0.18,0,1,,9
15171606,242,86668,CALENDAR,REGULAR_SEASON,Regular Season,LEAGUE,2504,Columbus Crew,Local,1ST,25/07/2026,,2,62%,1.75,3,7,3,2,7,296,7,1,0,0,3,0,4,0,6,1,2,1,,,1,0,277,8,30,,8/12 (67%),2/12 (17%),32%,8,10/27 (37%),2/11 (18%),1/3 (33%),86%,7,3,22,9,,3,,,,,3
15171606,242,86668,CALENDAR,REGULAR_SEASON,Regular Season,LEAGUE,2504,Columbus Crew,Local,2ND,25/07/2026,,0,45%,0.60,0,6,1,2,4,235,12,6,1,0,3,0,1,2,2,4,0,0,,,3,2,204,6,17,,12/24 (50%),0/5 (0%),49%,2,18/36 (50%),2/5 (40%),1/7 (14%),58%,12,3,24,15,,1,,,,,6
15171606,242,86668,CALENDAR,REGULAR_SEASON,Regular Season,LEAGUE,215167,FC Cincinnati,Visita,ALL,25/07/2026,,1,47%,1.06,1,12,4,5,8,462,18,11,1,1,5,0,5,2,6,6,1,0,,28,0,2,407,18,41,85/108 (79%),16/26 (62%),11/23 (48%),59%,8,35/63 (56%),12/16 (75%),6/17 (35%),67%,18,11,47,22,1,4,1.42,1,0,,5
15171606,242,86668,CALENDAR,REGULAR_SEASON,Regular Season,LEAGUE,215167,FC Cincinnati,Visita,1ST,25/07/2026,,1,38%,0.77,1,6,1,3,2,183,10,7,0,0,4,0,2,0,4,2,1,0,,,0,0,152,8,16,,8/15 (53%),4/8 (50%),68%,2,17/27 (63%),9/11 (82%),0/5 (0%),40%,10,4,24,15,,1,,,,,3
15171606,242,86668,CALENDAR,REGULAR_SEASON,Regular Season,LEAGUE,215167,FC Cincinnati,Visita,2ND,25/07/2026,,0,55%,0.29,0,6,3,2,6,279,8,4,1,1,1,0,3,2,2,4,0,0,,,0,2,255,10,25,,8/11 (73%),7/15 (47%),51%,6,18/36 (50%),3/5 (60%),6/12 (50%),100%,8,7,23,7,,3,,,,,2
15171627,242,86668,CALENDAR,REGULAR_SEASON,Regular Season,LEAGUE,337602,Inter Miami CF,Local,ALL,01/08/2026,,2,51%,1.61,4,12,2,5,9,596,12,5,1,,4,0,7,1,10,2,,4,5,25,0,1,533,7,46,79/111 (71%),29/42 (69%),1/8 (13%),59%,3,22/38 (58%),7/11 (64%),6/10 (60%),50%,12,9,40,15,,2,-1.55,,,,7
15171627,242,86668,CALENDAR,REGULAR_SEASON,Regular Season,LEAGUE,337602,Inter Miami CF,Local,1ST,01/08/2026,,2,47%,0.28,1,4,1,2,7,273,7,0,0,,2,0,2,0,3,1,,1,3,,0,1,246,5,24,,18/24 (75%),0/4 (0%),52%,1,11/21 (52%),2/4 (50%),4/7 (57%),29%,7,5,19,11,,1,,,,,2
15171627,242,86668,CALENDAR,REGULAR_SEASON,Regular Season,LEAGUE,337602,Inter Miami CF,Local,2ND,01/08/2026,,0,55%,1.33,3,8,1,3,2,323,5,5,1,,2,0,5,1,7,1,,3,2,,0,1,287,2,22,,11/18 (61%),1/4 (25%),67%,2,11/17 (65%),5/7 (71%),2/3 (67%),80%,5,4,21,4,,1,,,,,5
15171627,242,86668,CALENDAR,REGULAR_SEASON,Regular Season,LEAGUE,2504,Columbus Crew,Visita,ALL,01/08/2026,,2,49%,1.07,2,13,2,2,5,568,7,9,2,,3,1,6,4,6,7,,2,0,20,2,1,510,21,81,151/187 (81%),21/33 (64%),2/11 (18%),41%,4,16/38 (42%),4/11 (36%),1/9 (11%),57%,7,6,38,24,,2,-0.56,,,,7
15171627,242,86668,CALENDAR,REGULAR_SEASON,Regular Season,LEAGUE,2504,Columbus Crew,Visita,1ST,01/08/2026,,1,53%,0.73,2,5,0,1,0,303,4,6,0,,1,0,3,1,4,1,,2,0,,1,1,274,16,41,,13/17 (76%),2/7 (29%),48%,3,10/21 (48%),2/4 (50%),0/4 (0%),25%,4,2,16,9,,0,,,,,2
15171627,242,86668,CALENDAR,REGULAR_SEASON,Regular Season,LEAGUE,2504,Columbus Crew,Visita,2ND,01/08/2026,,1,45%,0.33,0,8,2,1,5,265,3,2,2,,2,1,3,3,2,6,,0,0,,1,0,236,5,40,,8/16 (50%),1/4 (0%),33%,1,6/17 (35%),2/7 (29%),1/5 (20%),100%,3,4,22,15,,2,,,,,5
15679388,13783,91033,CALENDAR,GROUP,"Leagues Cup, Group Stage",CUP,2504,Columbus Crew,Local,ALL,04/08/2026,1,3,44%,0.97,3,5,2,3,10,468,24,11,2,,5,0,0,0,4,1,3,0,,15,3,1,403,20,35,70/90 (78%),11/27 (41%),4/13 (31%),52%,12,36/67 (54%),10/22 (45%),2/7 (29%),46%,24,16,40,15,,2,,0,,,7
15679388,13783,91033,CALENDAR,GROUP,"Leagues Cup, Group Stage",CUP,2504,Columbus Crew,Local,1ST,04/08/2026,1,2,54%,0.00,2,4,2,3,7,289,16,6,1,,4,0,0,0,3,1,2,0,,,2,1,257,9,21,,8/13 (62%),4/11 (36%),57%,9,24/44 (55%),6/9 (67%),2/4 (50%),56%,16,13,22,6,,2,,,,,1
15679388,13783,91033,CALENDAR,GROUP,"Leagues Cup, Group Stage",CUP,2504,Columbus Crew,Local,2ND,04/08/2026,1,1,33%,0.00,1,1,0,0,3,179,8,5,1,,1,0,0,0,1,0,1,0,,,1,0,146,11,14,,3/14 (21%),0/2 (0%),44%,3,12/23 (52%),4/13 (31%),0/3 (0%),25%,8,3,18,9,,0,,,,,6
15679388,13783,91033,CALENDAR,GROUP,"Leagues Cup, Group Stage",CUP,1949,Atlas FC,Visita,ALL,04/08/2026,1,1,56%,0.96,1,15,2,5,11,611,17,10,1,,2,0,8,5,7,8,0,1,,17,3,2,545,25,66,114/146 (78%),40/62 (65%),9/21 (43%),48%,15,31/67 (46%),12/22 (55%),4/13 (31%),88%,17,10,40,16,,2,,1,,,2
15679388,13783,91033,CALENDAR,GROUP,"Leagues Cup, Group Stage",CUP,1949,Atlas FC,Visita,1ST,04/08/2026,1,0,46%,0.00,0,3,2,1,6,254,11,7,0,,2,0,1,0,1,2,0,0,,,1,0,220,15,23,,14/28 (50%),1/6 (17%),43%,9,20/44 (45%),3/9 (33%),2/9 (22%),82%,11,6,16,10,,2,,,,,2
15679388,13783,91033,CALENDAR,GROUP,"Leagues Cup, Group Stage",CUP,1949,Atlas FC,Visita,2ND,04/08/2026,1,1,67%,0.00,1,12,0,4,5,357,6,3,1,,0,0,7,5,6,6,0,1,,,2,2,325,10,43,,26/34 (76%),8/15 (53%),56%,6,11/23 (48%),9/13 (69%),2/4 (50%),100%,6,4,24,6,,0,,,,,0
15679396,13783,91033,CALENDAR,GROUP,"Leagues Cup, Group Stage",CUP,2504,Columbus Crew,Local,ALL,07/08/2026,1.0,2,49%,3.08,5,11,10,3,13,431,14,19,3,0.0,5,1,2,4,9,2,2,3,,27.0,2,1,361,14,35,51/73 (70%),17/39 (44%),3/5 (60%),49%,14,39/81 (48%),10/18 (56%),7/19 (37%),64%,14,10,41,30,,10,,1.0,1.0,0.0,11
15679396,13783,91033,CALENDAR,GROUP,"Leagues Cup, Group Stage",CUP,2504,Columbus Crew,Local,1ST,07/08/2026,1.0,2,53%,0.0,3,6,4,2,4,244,9,11,1,0.0,3,0,0,3,5,1,2,1,,,2,1,218,4,13,,8/14 (57%),1/2 (50%),60%,5,24/40 (60%),5/8 (63%),4/9 (44%),56%,9,3,21,15,,4,,,,,4
15679396,13783,91033,CALENDAR,GROUP,"Leagues Cup, Group Stage",CUP,2504,Columbus Crew,Local,2ND,07/08/2026,1.0,0,45%,0.0,2,5,6,1,9,187,5,8,2,0.0,2,1,2,1,4,1,0,2,,,0,0,143,10,22,,9/25 (36%),2/3 (67%),39%,9,15/41 (37%),5/10 (50%),3/10 (30%),80%,5,7,20,15,,6,,,,,7
15679396,13783,91033,CALENDAR,GROUP,"Leagues Cup, Group Stage",CUP,1936,CF Pachuca,Visita,ALL,07/08/2026,1.0,1,51%,1.37,6,17,3,7,19,428,26,13,3,1.0,11,0,4,2,7,10,1,5,,21.0,2,2,381,18,46,105/131 (80%),24/40 (60%),7/26 (27%),51%,5,42/81 (52%),8/18 (44%),4/13 (31%),65%,26,11,44,17,,3,,0.0,0.0,1.0,5
15679396,13783,91033,CALENDAR,GROUP,"Leagues Cup, Group Stage",CUP,1936,CF Pachuca,Visita,1ST,07/08/2026,1.0,0,47%,0.0,1,6,1,4,11,211,10,4,1,0.0,4,0,1,1,2,4,1,1,,,0,1,191,7,22,,12/22 (55%),2/10 (20%),40%,3,16/40 (40%),3/8 (38%),2/8 (25%),60%,10,1,19,9,,1,,,,,2
15679396,13783,91033,CALENDAR,GROUP,"Leagues Cup, Group Stage",CUP,1936,CF Pachuca,Visita,2ND,07/08/2026,1.0,1,55%,0.0,5,11,2,3,8,217,16,9,2,1.0,7,0,3,1,5,6,1,4,,,2,1,190,11,24,,12/18 (67%),5/16 (31%),61%,2,26/41 (63%),5/10 (50%),2/5 (40%),69%,16,10,25,8,,2,,,,,3
15171638,242,86668,CALENDAR,REGULAR_SEASON,Regular Season,LEAGUE,404108,Charlotte FC,Local,ALL,15/08/2026,,3,30%,1.98,5,9,3,1,9,314,17,8,3,,7,0,2,0,7,2,3,2,1.0,23.0,2,2,262,11,32,58/75 (77%),26/51 (51%),1/7 (14%),51%,7,32/59 (54%),3/9 (33%),7/12 (58%),71%,17,9,46,25,2.0,3,0.04,0.0,1.0,1.0,17
15171638,242,86668,CALENDAR,REGULAR_SEASON,Regular Season,LEAGUE,404108,Charlotte FC,Local,1ST,15/08/2026,,2,32%,1.25,2,5,0,1,3,179,11,2,1,,4,0,1,0,4,1,2,0,1.0,,1,0,150,10,16,,11/21 (52%),1/4 (0%),46%,6,16/32 (50%),1/5 (20%),2/6 (33%),82%,11,3,25,9,,0,,,,,5
15171638,242,86668,CALENDAR,REGULAR_SEASON,Regular Season,LEAGUE,404108,Charlotte FC,Local,2ND,15/08/2026,,1,28%,0.73,3,4,3,0,6,135,6,6,2,,3,0,1,0,3,1,1,2,0.0,,1,2,112,1,16,,15/30 (50%),1/3 (33%),58%,1,16/27 (59%),2/4 (50%),5/6 (83%),50%,6,6,21,16,,3,,,,,12
15171638,242,86668,CALENDAR,REGULAR_SEASON,Regular Season,LEAGUE,2504,Columbus Crew,Visita,ALL,15/08/2026,,1,70%,2.15,1,26,3,13,9,724,12,9,0,,4,0,11,11,17,9,1,0,0.0,57.0,1,0,667,15,70,232/270 (86%),19/26 (73%),3/25 (12%),49%,10,27/59 (46%),6/9 (67%),8/15 (53%),50%,12,8,44,9,2.0,3,-0.46,2.0,0.0,0.0,6
15171638,242,86668,CALENDAR,REGULAR_SEASON,Regular Season,LEAGUE,2504,Columbus Crew,Visita,1ST,15/08/2026,,1,68%,0.84,1,8,2,4,3,387,10,3,0,,1,0,4,3,5,3,1,0,0.0,,0,0,359,8,37,,8/13 (62%),3/12 (25%),54%,8,16/32 (50%),4/5 (80%),4/7 (57%),50%,10,6,26,7,,2,,,,,2
15171638,242,86668,CALENDAR,REGULAR_SEASON,Regular Season,LEAGUE,2504,Columbus Crew,Visita,2ND,15/08/2026,,0,72%,1.32,0,18,1,9,6,337,2,6,0,,3,0,7,8,12,6,0,0,0.0,,1,0,308,7,33,,11/13 (85%),1/13 (0%),42%,2,11/27 (41%),2/4 (50%),4/8 (50%),50%,2,2,18,2,,1,,,,,4
15679423,13783,91033,CALENDAR,GROUP,"Leagues Cup, Group Stage",CUP,2504,Columbus Crew,Local,ALL,11/08/2026,1.0,1,61%,1.69,1,11,2,10,7,587,12,14,1,0.0,3,0,6,2,9,2,0,1,,15.0,3,4,535,14,59,122/146 (84%),19/28 (68%),5/29 (17%),55%,4,27/48 (56%),8/16 (50%),2/12 (17%),67%,12,6,37,10,1.0,2,,,,,4
15679423,13783,91033,CALENDAR,GROUP,"Leagues Cup, Group Stage",CUP,2504,Columbus Crew,Local,1ST,11/08/2026,1.0,1,58%,0.0,1,4,1,5,2,313,5,8,0,0.0,1,0,2,1,2,2,0,1,,,2,2,284,7,19,,10/15 (67%),3/13 (23%),58%,1,12/21 (57%),2/3 (67%),0/6 (0%),60%,5,2,19,4,,1,,,,,3
15679423,13783,91033,CALENDAR,GROUP,"Leagues Cup, Group Stage",CUP,2504,Columbus Crew,Local,2ND,11/08/2026,1.0,0,64%,0.0,0,7,1,5,5,274,7,6,1,0.0,2,0,4,1,7,0,0,0,,,1,2,251,7,40,,9/13 (69%),2/16 (13%),53%,3,15/27 (56%),6/13 (46%),2/6 (33%),71%,7,4,18,6,,1,,,,,1
15679423,13783,91033,CALENDAR,GROUP,"Leagues Cup, Group Stage",CUP,1933,Pumas UNAM,Visita,ALL,11/08/2026,1.0,1,39%,1.41,2,8,2,3,14,389,14,7,5,1.0,3,0,3,2,7,1,1,1,,13.0,2,2,331,11,38,40/65 (62%),21/50 (42%),5/10 (50%),45%,3,21/48 (44%),8/16 (50%),1/10 (10%),79%,14,7,33,29,0.0,2,,,,,8
15679423,13783,91033,CALENDAR,GROUP,"Leagues Cup, Group Stage",CUP,1933,Pumas UNAM,Visita,1ST,11/08/2026,1.0,1,42%,0.0,1,3,0,2,8,231,7,2,2,0.0,2,0,1,0,2,1,1,0,,,0,1,198,6,22,,8/24 (33%),2/3 (67%),42%,1,9/21 (43%),1/3 (33%),0/4 (0%),86%,7,5,16,10,,0,,,,,4
15679423,13783,91033,CALENDAR,GROUP,"Leagues Cup, Group Stage",CUP,1933,Pumas UNAM,Visita,2ND,11/08/2026,1.0,0,36%,0.0,1,5,2,1,6,158,7,5,3,1.0,1,0,2,2,5,0,0,1,,,2,1,133,5,16,,13/26 (50%),3/7 (43%),47%,2,12/27 (44%),7/13 (54%),1/6 (17%),71%,7,2,17,19,,2,,,,,4