Event_ID,Competition_ID,Season_ID,Season_Format,Competition_Phase,Competition_Stage,Competition_Type,Team_ID,Equipo,Condicion,Tiempo,Fecha,Jornada,Goals,Ball possession,Expected goals,Big chances,Total shots,Goalkeeper saves,Corner kicks,Fouls,Passes,Tackles,Free kicks,Yellow cards,Red cards,Shots on target,Hit woodwork,Shots off target,Blocked shots,Shots inside box,Shots outside box,Big chances scored,Big chances missed,Through balls,Touches in penalty area,Fouled in final third,Offsides,Accurate passes,Throw-ins,Final third entries,Final third phase,Long balls,Crosses,Duels,Dispossessed,Ground duels,Aerial duels,Dribbles,Tackles won,Total tackles,Interceptions,Recoveries,Clearances,Errors lead to a shot,Total saves,Goals prevented,Big saves,High claims,Punches,Goal kicks
9594260,35,37166,NORMAL,REGULAR,Round 34,LEAGUE,2524,VfL Wolfsburg,Local,ALL,14/05/2022,34,2,33%,0.00,1,9,6,2,5,338,28,10,1,,2,1,5,2,7,2,1,0,,,1,2,265,4,31,,26/51 (51%),5/10 (50%),51%,18,43/85 (51%),7/13 (54%),5/8 (63%),50%,28,14,,26,,6,,,,,13
9594260,35,37166,NORMAL,REGULAR,Round 34,LEAGUE,2524,VfL Wolfsburg,Local,1ST,14/05/2022,34,1,31%,0.00,0,6,4,2,,145,15,5,1,,1,1,4,1,4,2,0,0,,,0,1,110,1,13,,9/23 (39%),4/6 (67%),52%,11,21/40 (53%),3/6 (50%),1/2 (50%),40%,15,5,,11,,4,,,,,7
9594260,35,37166,NORMAL,REGULAR,Round 34,LEAGUE,2524,VfL Wolfsburg,Local,2ND,14/05/2022,34,1,36%,0.00,1,3,2,0,,193,13,5,0,,1,0,1,1,3,0,1,0,,,1,1,155,3,18,,17/28 (61%),1/4 (25%),50%,7,22/45 (49%),4/7 (57%),4/6 (67%),62%,13,9,,15,,2,,,,,6
9594260,35,37166,NORMAL,REGULAR,Round 34,LEAGUE,2672,FC Bayern München,Visita,ALL,14/05/2022,34,2,67%,0.00,2,26,0,12,10,689,21,4,2,,8,1,12,6,17,9,0,2,,,0,2,617,26,70,,51/62 (82%),10/26 (38%),49%,20,42/85 (49%),6/13 (46%),17/25 (68%),57%,21,16,,5,,0,,,,,5
9594260,35,37166,NORMAL,REGULAR,Round 34,LEAGUE,2672,FC Bayern München,Visita,1ST,14/05/2022,34,2,69%,0.00,1,12,0,5,,336,12,2,0,,6,0,4,2,7,5,0,1,,,0,2,305,13,34,,32/36 (89%),7/13 (54%),48%,10,19/40 (48%),3/6 (50%),5/10 (50%),67%,12,3,,2,,0,,,,,4
9594260,35,37166,NORMAL,REGULAR,Round 34,LEAGUE,2672,FC Bayern München,Visita,2ND,14/05/2022,34,0,64%,0.00,1,14,0,7,,353,9,2,2,,2,1,8,4,10,4,0,1,,,0,0,312,13,36,,19/26 (73%),3/13 (23%),50%,10,23/45 (51%),3/7 (43%),12/15 (80%),44%,9,13,,3,,0,,,,,1
9594272,35,37166,NORMAL,REGULAR,Round 33,LEAGUE,2524,VfL Wolfsburg,Visita,ALL,07/05/2022,33,1,40%,0.00,2,5,9,2,12,375,19,12,2,,3,0,2,0,3,2,1,1,,,0,2,284,18,33,,34/65 (52%),2/9 (22%),58%,7,41/71 (58%),25/43 (58%),10/19 (53%),47%,19,10,,45,,9,,,,,10
9594272,35,37166,NORMAL,REGULAR,Round 33,LEAGUE,2524,VfL Wolfsburg,Visita,1ST,07/05/2022,33,1,45%,0.00,2,3,4,0,,231,8,5,0,,2,0,1,0,3,0,1,1,,,0,1,180,7,17,,18/32 (56%),2/6 (33%),71%,2,17/24 (71%),13/18 (72%),4/7 (57%),63%,8,3,,20,,4,,,,,5
9594272,35,37166,NORMAL,REGULAR,Round 33,LEAGUE,2524,VfL Wolfsburg,Visita,2ND,07/05/2022,33,0,33%,0.00,0,2,5,2,,144,11,7,2,,1,0,1,0,0,2,0,0,,,0,1,104,11,16,,16/33 (48%),0/3 (0%),50%,5,24/47 (51%),12/25 (48%),6/12 (50%),36%,11,7,,25,,5,,,,,5
9594272,35,37166,NORMAL,REGULAR,Round 33,LEAGUE,2671,1. FC Köln,Local,ALL,07/05/2022,33,0,60%,0.00,2,18,2,9,12,536,16,12,0,,9,1,5,4,12,6,0,2,,,1,1,436,39,74,,32/55 (58%),13/49 (27%),42%,10,30/71 (42%),18/43 (42%),2/11 (18%),56%,16,11,,7,,2,,,,,5
9594272,35,37166,NORMAL,REGULAR,Round 33,LEAGUE,2671,1. FC Köln,Local,1ST,07/05/2022,33,0,55%,0.00,1,9,1,3,,266,5,2,0,,4,1,3,2,6,3,0,1,,,0,0,222,21,29,,12/24 (50%),7/22 (32%),29%,3,7/24 (29%),5/18 (28%),0/5 (0%),40%,5,6,,3,,1,,,,,3
9594272,35,37166,NORMAL,REGULAR,Round 33,LEAGUE,2671,1. FC Köln,Local,2ND,07/05/2022,33,0,67%,0.00,1,9,1,6,,270,11,10,0,,5,0,2,2,6,3,0,1,,,1,1,214,18,45,,20/31 (65%),6/27 (22%),50%,7,23/47 (49%),13/25 (52%),2/6 (33%),64%,11,5,,4,,1,,,,,2
9594278,35,37166,NORMAL,REGULAR,Round 32,LEAGUE,2524,VfL Wolfsburg,Visita,ALL,30/04/2022,32,1,43%,0.00,1,15,4,9,11,381,20,8,2,,5,0,5,5,7,8,0,1,,,1,0,286,16,55,,31/77 (40%),6/19 (32%),51%,3,35/60 (58%),18/44 (41%),7/9 (78%),45%,20,6,,37,,4,,,,,9
9594278,35,37166,NORMAL,REGULAR,Round 32,LEAGUE,2524,VfL Wolfsburg,Visita,1ST,30/04/2022,32,1,49%,0.00,1,8,3,4,,229,12,6,0,,2,0,3,3,2,6,0,1,,,1,0,191,5,31,,17/34 (50%),3/9 (33%),55%,3,22/34 (65%),6/17 (35%),4/4 (100%),50%,12,2,,16,,3,,,,,4
9594278,35,37166,NORMAL,REGULAR,Round 32,LEAGUE,2524,VfL Wolfsburg,Visita,2ND,30/04/2022,32,0,36%,0.00,0,7,1,5,,152,8,2,2,,3,0,2,2,5,2,0,0,,,0,0,95,11,24,,14/43 (33%),3/10 (30%),47%,0,13/26 (50%),12/27 (44%),3/5 (60%),38%,8,4,,21,,1,,,,,5
9594278,35,37166,NORMAL,REGULAR,Round 32,LEAGUE,2677,VfB Stuttgart,Local,ALL,30/04/2022,32,1,57%,0.00,1,19,4,7,8,500,5,10,3,,5,0,7,7,11,8,1,0,,,0,2,415,29,67,,36/60 (60%),9/32 (28%),49%,6,25/60 (42%),26/44 (59%),10/24 (42%),80%,5,8,,17,,4,,,,,7
9594278,35,37166,NORMAL,REGULAR,Round 32,LEAGUE,2677,VfB Stuttgart,Local,1ST,30/04/2022,32,0,51%,0.00,0,11,1,5,,232,3,5,2,,3,0,4,4,7,4,0,0,,,0,2,192,15,28,,13/22 (59%),5/15 (33%),45%,2,12/34 (35%),11/17 (65%),4/14 (29%),67%,3,3,,9,,1,,,,,2
9594278,35,37166,NORMAL,REGULAR,Round 32,LEAGUE,2677,VfB Stuttgart,Local,2ND,30/04/2022,32,1,64%,0.00,1,8,3,2,,268,2,5,1,,2,0,3,3,4,4,1,0,,,0,0,223,14,39,,23/38 (61%),4/17 (24%),53%,4,13/26 (50%),15/27 (56%),6/10 (60%),100%,2,5,,8,,3,,,,,5
9594288,35,37166,NORMAL,REGULAR,Round 23,LEAGUE,2524,VfL Wolfsburg,Local,ALL,19/02/2022,23,1,55%,0.00,3,14,2,5,10,542,8,17,1,,6,0,5,3,8,6,0,3,3,,4,4,451,21,64,,41/67 (61%),3/20 (15%),54%,7,33/62 (53%),17/30 (57%),8/14 (57%),63%,8,7,,17,,2,,,,,5
9594288,35,37166,NORMAL,REGULAR,Round 23,LEAGUE,2524,VfL Wolfsburg,Local,1ST,19/02/2022,23,1,51%,0.00,1,7,0,2,,245,5,9,1,,3,0,2,2,5,2,0,1,2,,2,1,201,12,22,,24/37 (65%),2/9 (22%),51%,5,16/29 (55%),4/10 (40%),2/3 (67%),60%,5,1,,8,,0,,,,,2
9594288,35,37166,NORMAL,REGULAR,Round 23,LEAGUE,2524,VfL Wolfsburg,Local,2ND,19/02/2022,23,0,58%,0.00,2,7,2,3,,297,3,8,0,,3,0,3,1,3,4,0,2,1,,2,3,250,9,42,,17/30 (57%),1/11 (9%),57%,2,17/33 (52%),13/20 (65%),6/11 (55%),67%,3,6,,9,,2,,,,,3
9594288,35,37166,NORMAL,REGULAR,Round 23,LEAGUE,2569,TSG Hoffenheim,Visita,ALL,19/02/2022,23,2,45%,0.00,1,11,5,2,18,450,13,9,2,,4,0,5,2,8,3,1,0,0,,1,2,350,19,56,,21/57 (37%),5/14 (36%),46%,3,29/62 (47%),13/30 (43%),7/12 (58%),69%,13,10,,21,,5,,,,,3
9594288,35,37166,NORMAL,REGULAR,Round 23,LEAGUE,2569,TSG Hoffenheim,Visita,1ST,19/02/2022,23,0,49%,0.00,0,3,2,0,,235,6,5,0,,0,0,1,2,2,1,0,0,0,,1,0,188,10,28,,10/24 (42%),2/6 (33%),49%,3,13/29 (45%),6/10 (60%),2/4 (50%),67%,6,4,,10,,2,,,,,1
9594288,35,37166,NORMAL,REGULAR,Round 23,LEAGUE,2569,TSG Hoffenheim,Visita,2ND,19/02/2022,23,2,42%,0.00,1,8,3,2,,215,7,4,2,,4,0,4,0,6,2,1,0,0,,0,2,162,9,28,,11/33 (33%),3/8 (38%),43%,0,16/33 (48%),7/20 (35%),5/8 (63%),71%,7,6,,11,,3,,,,,2
9594294,35,37166,NORMAL,REGULAR,Round 22,LEAGUE,2524,VfL Wolfsburg,Visita,ALL,12/02/2022,22,2,39%,0.00,1,11,3,1,9,360,20,11,2,,3,0,7,1,8,3,1,,,,1,4,213,20,65,,22/70 (31%),2/10 (20%),55%,11,41/72 (57%),32/60 (53%),10/15 (67%),50%,20,15,,34,,3,,,,,10
9594294,35,37166,NORMAL,REGULAR,Round 22,LEAGUE,2524,VfL Wolfsburg,Visita,1ST,12/02/2022,22,1,43%,0.00,1,7,3,1,,199,6,6,1,,2,0,4,1,4,3,1,,,,1,1,130,8,32,,9/27 (33%),0/3 (0%),59%,3,17/26 (65%),13/25 (52%),5/6 (83%),67%,6,7,,11,,3,,,,,4
9594294,35,37166,NORMAL,REGULAR,Round 22,LEAGUE,2524,VfL Wolfsburg,Visita,2ND,12/02/2022,22,1,35%,0.00,0,4,0,0,,161,14,5,1,,1,0,3,0,4,0,0,,,,0,3,83,12,33,,13/43 (30%),2/7 (29%),53%,8,24/46 (52%),19/35 (54%),5/9 (56%),43%,14,8,,23,,0,,,,,6
9594294,35,37166,NORMAL,REGULAR,Round 22,LEAGUE,2674,Eintracht Frankfurt,Local,ALL,12/02/2022,22,0,61%,0.00,0,17,1,10,12,557,16,9,1,,3,0,8,6,11,6,0,,,,3,2,415,36,66,,22/68 (32%),5/33 (15%),45%,8,31/72 (43%),28/60 (47%),6/18 (33%),50%,16,12,,11,,1,,,,,10
9594294,35,37166,NORMAL,REGULAR,Round 22,LEAGUE,2674,Eintracht Frankfurt,Local,1ST,12/02/2022,22,0,57%,0.00,0,12,1,6,,259,4,3,0,,3,0,4,5,7,5,0,,,,1,2,194,14,27,,12/37 (32%),2/13 (15%),41%,3,9/26 (35%),12/25 (48%),2/5 (40%),50%,4,8,,6,,1,,,,,4
9594294,35,37166,NORMAL,REGULAR,Round 22,LEAGUE,2674,Eintracht Frankfurt,Local,2ND,12/02/2022,22,0,65%,0.00,0,5,0,4,,298,12,6,1,,0,0,4,1,4,1,0,,,,2,0,221,22,39,,10/31 (32%),3/20 (15%),47%,5,22/46 (48%),16/35 (46%),4/13 (31%),50%,12,4,,5,,0,,,,,6
9594295,35,37166,NORMAL,REGULAR,Round 24,LEAGUE,2524,VfL Wolfsburg,Visita,ALL,26/02/2022,24,2,33%,0.00,2,6,8,4,14,291,18,11,4,1,2,0,3,1,5,1,1,1,0,,0,4,193,23,42,,20/57 (35%),4/12 (33%),47%,8,37/72 (51%),14/36 (39%),8/13 (62%),56%,18,7,,31,,8,,,,,10
9594295,35,37166,NORMAL,REGULAR,Round 24,LEAGUE,2524,VfL Wolfsburg,Visita,1ST,26/02/2022,24,2,38%,0.00,2,5,2,4,,178,12,3,2,0,2,0,2,1,4,1,1,1,0,,0,3,126,12,20,,10/28 (36%),3/7 (43%),44%,6,20/42 (48%),8/21 (38%),5/8 (63%),75%,12,5,,9,,2,,,,,4
9594295,35,37166,NORMAL,REGULAR,Round 24,LEAGUE,2524,VfL Wolfsburg,Visita,2ND,26/02/2022,24,0,27%,0.00,0,1,6,0,,113,6,8,2,1,0,0,1,0,1,0,0,0,0,,0,1,67,11,22,,10/29 (34%),1/5 (20%),51%,2,17/30 (57%),6/15 (40%),3/5 (60%),17%,6,2,,22,,6,,,,,6
9594295,35,37166,NORMAL,REGULAR,Round 24,LEAGUE,2527,Borussia M'gladbach,Local,ALL,26/02/2022,24,2,67%,0.00,4,26,0,7,12,589,13,13,2,0,10,0,10,6,19,7,2,2,2,,5,0,498,22,58,,23/44 (52%),9/28 (32%),53%,9,35/72 (49%),22/36 (61%),9/18 (50%),69%,13,6,,5,,0,,,,,5
9594295,35,37166,NORMAL,REGULAR,Round 24,LEAGUE,2527,Borussia M'gladbach,Local,1ST,26/02/2022,24,1,62%,0.00,1,8,0,1,,291,9,7,1,0,3,0,3,2,7,1,1,0,1,,4,0,241,11,29,,11/23 (48%),2/8 (25%),56%,7,22/42 (52%),13/21 (62%),6/11 (55%),67%,9,3,,4,,0,,,,,2
9594295,35,37166,NORMAL,REGULAR,Round 24,LEAGUE,2527,Borussia M'gladbach,Local,2ND,26/02/2022,24,1,73%,0.00,3,18,0,6,,298,4,6,1,0,7,0,7,4,12,6,1,2,1,,1,0,257,11,29,,12/21 (57%),7/20 (35%),49%,2,13/30 (43%),9/15 (60%),3/7 (43%),75%,4,3,,1,,0,,,,,3
9594306,35,37166,NORMAL,REGULAR,Round 27,LEAGUE,2524,VfL Wolfsburg,Local,ALL,20/03/2022,27,0,50%,0.00,2,14,3,7,6,417,8,13,2,,3,2,8,3,9,5,0,2,3,,1,2,326,24,57,,28/62 (45%),5/21 (24%),53%,7,27/56 (48%),15/24 (63%),6/12 (50%),38%,8,8,,19,,3,,,,,10
9594306,35,37166,NORMAL,REGULAR,Round 27,LEAGUE,2524,VfL Wolfsburg,Local,1ST,20/03/2022,27,0,52%,0.00,1,9,1,3,,221,5,7,0,,3,1,4,2,4,5,0,1,2,,0,1,177,11,27,,17/31 (55%),2/12 (17%),58%,5,13/26 (50%),10/14 (71%),1/4 (25%),60%,5,2,,6,,1,,,,,4
9594306,35,37166,NORMAL,REGULAR,Round 27,LEAGUE,2524,VfL Wolfsburg,Local,2ND,20/03/2022,27,0,48%,0.00,1,5,2,4,,196,3,6,2,,0,1,4,1,5,0,0,1,1,,1,1,149,13,30,,11/31 (35%),3/9 (33%),48%,2,14/30 (47%),5/10 (50%),5/8 (63%),0%,3,6,,13,,2,,,,,6
9594306,35,37166,NORMAL,REGULAR,Round 27,LEAGUE,2681,Bayer 04 Leverkusen,Visita,ALL,20/03/2022,27,2,50%,0.00,3,15,3,7,13,426,13,6,3,,5,0,7,3,8,7,1,2,2,,1,2,316,23,50,,34/72 (47%),4/15 (27%),47%,6,29/56 (52%),9/24 (38%),10/12 (83%),38%,13,13,,23,,3,,,,,14
9594306,35,37166,NORMAL,REGULAR,Round 27,LEAGUE,2681,Bayer 04 Leverkusen,Visita,1ST,20/03/2022,27,0,48%,0.00,1,5,3,1,,210,8,2,1,,1,0,4,0,2,3,0,1,1,,0,0,148,11,21,,19/44 (43%),0/3 (0%),42%,4,13/26 (50%),4/14 (29%),3/4 (75%),25%,8,7,,12,,3,,,,,11
9594306,35,37166,NORMAL,REGULAR,Round 27,LEAGUE,2681,Bayer 04 Leverkusen,Visita,2ND,20/03/2022,27,2,52%,0.00,2,10,0,6,,216,5,4,2,,4,0,3,3,6,4,1,1,1,,1,2,168,12,29,,15/28 (54%),4/12 (33%),52%,2,16/30 (53%),5/10 (50%),7/8 (88%),60%,5,6,,11,,0,,,,,3
9594332,35,37166,NORMAL,REGULAR,Round 25,LEAGUE,2524,VfL Wolfsburg,Local,ALL,05/03/2022,25,1,46%,0.00,1,8,4,6,12,362,13,14,0,,3,2,4,1,4,4,,1,,,1,0,253,19,51,,34/82 (41%),3/21 (14%),55%,4,31/60 (52%),24/40 (60%),4/11 (36%),46%,13,8,,34,,4,,,,,13
9594332,35,37166,NORMAL,REGULAR,Round 25,LEAGUE,2524,VfL Wolfsburg,Local,1ST,05/03/2022,25,1,54%,0.00,1,4,1,5,,196,5,6,0,,2,1,2,0,2,2,,1,,,1,0,153,10,22,,21/37 (57%),2/16 (13%),41%,1,11/26 (42%),6/15 (40%),0/3 (0%),20%,5,4,,13,,1,,,,,5
9594332,35,37166,NORMAL,REGULAR,Round 25,LEAGUE,2524,VfL Wolfsburg,Local,2ND,05/03/2022,25,0,39%,0.00,0,4,3,1,,166,8,8,0,,1,1,2,1,2,2,,0,,,0,0,100,9,29,,13/45 (29%),1/5 (20%),64%,3,20/34 (59%),18/25 (72%),4/8 (50%),63%,8,4,,21,,3,,,,,8
9594332,35,37166,NORMAL,REGULAR,Round 25,LEAGUE,2547,1. FC Union Berlin,Visita,ALL,05/03/2022,25,0,54%,0.00,1,19,3,10,15,409,11,12,1,,4,0,10,5,13,6,,1,,,1,3,322,24,65,,29/56 (52%),11/45 (24%),45%,5,29/60 (48%),16/40 (40%),6/14 (43%),73%,11,7,,22,,3,,,,,6
9594332,35,37166,NORMAL,REGULAR,Round 25,LEAGUE,2547,1. FC Union Berlin,Visita,1ST,05/03/2022,25,0,46%,0.00,1,7,2,4,,161,4,6,0,,1,0,3,3,4,3,,1,,,0,1,122,14,30,,10/23 (43%),5/19 (26%),59%,3,15/26 (58%),9/15 (60%),5/7 (71%),75%,4,4,,16,,2,,,,,2
9594332,35,37166,NORMAL,REGULAR,Round 25,LEAGUE,2547,1. FC Union Berlin,Visita,2ND,05/03/2022,25,0,61%,0.00,0,12,1,6,,248,7,6,1,,3,0,7,2,9,3,,0,,,1,2,200,10,35,,19/33 (58%),6/26 (23%),36%,2,14/34 (41%),7/25 (28%),1/7 (14%),71%,7,3,,6,,1,,,,,4
9594333,35,37166,NORMAL,REGULAR,Round 26,LEAGUE,2524,VfL Wolfsburg,Visita,ALL,12/03/2022,26,2,58%,0.00,1,12,5,5,9,464,17,11,0,,5,0,4,3,8,4,1,0,1,,0,3,365,25,59,,26/56 (46%),2/21 (10%),54%,10,34/67 (51%),17/27 (63%),6/15 (40%),76%,17,8,,15,,5,,,,,11
9594333,35,37166,NORMAL,REGULAR,Round 26,LEAGUE,2524,VfL Wolfsburg,Visita,1ST,12/03/2022,26,0,56%,0.00,0,0,2,2,,228,9,6,0,,0,0,0,0,0,0,0,0,0,,0,0,178,16,31,,11/24 (46%),0/9 (0%),54%,4,17/36 (47%),8/10 (80%),2/9 (22%),78%,9,3,,7,,2,,,,,4
9594333,35,37166,NORMAL,REGULAR,Round 26,LEAGUE,2524,VfL Wolfsburg,Visita,2ND,12/03/2022,26,2,60%,0.00,1,12,3,3,,236,8,5,0,,5,0,4,3,8,4,1,0,1,,0,3,187,9,28,,15/32 (47%),2/12 (17%),54%,6,17/31 (55%),9/17 (53%),4/6 (67%),75%,8,5,,8,,3,,,,,7
9594333,35,37166,NORMAL,REGULAR,Round 26,LEAGUE,2538,SC Freiburg,Local,ALL,12/03/2022,26,3,42%,0.00,2,15,3,7,11,335,19,9,2,,8,1,5,2,7,8,0,2,1,,1,1,238,18,63,,25/75 (33%),3/13 (23%),46%,10,33/67 (49%),10/27 (37%),5/12 (42%),47%,19,12,,25,,3,,,,,5
9594333,35,37166,NORMAL,REGULAR,Round 26,LEAGUE,2538,SC Freiburg,Local,1ST,12/03/2022,26,2,44%,0.00,2,7,0,4,,175,11,6,0,,4,1,3,0,4,3,0,2,0,,1,0,129,8,26,,13/36 (36%),2/8 (25%),46%,7,19/36 (53%),2/10 (20%),2/4 (50%),45%,11,9,,10,,0,,,,,0
9594333,35,37166,NORMAL,REGULAR,Round 26,LEAGUE,2538,SC Freiburg,Local,2ND,12/03/2022,26,1,40%,0.00,0,8,3,3,,160,8,3,2,,4,0,2,2,3,5,0,0,1,,0,1,109,10,37,,12/39 (31%),1/5 (20%),46%,3,14/31 (45%),8/17 (47%),3/8 (38%),50%,8,3,,15,,3,,,,,5
9594342,35,37166,NORMAL,REGULAR,Round 31,LEAGUE,2524,VfL Wolfsburg,Local,ALL,22/04/2022,31,5,60%,0.00,6,15,3,2,10,703,11,10,0,0,8,1,3,4,10,5,4,2,3,,2,1,621,11,63,,31/47 (66%),5/15 (33%),49%,7,24/53 (45%),13/22 (59%),3/4 (75%),45%,11,6,,13,,3,,,,,3
9594342,35,37166,NORMAL,REGULAR,Round 31,LEAGUE,2524,VfL Wolfsburg,Local,1ST,22/04/2022,31,5,57%,0.00,5,11,1,0,,352,5,4,0,0,7,1,2,2,9,2,4,1,0,,1,1,307,6,30,,21/34 (62%),3/7 (43%),51%,2,11/22 (50%),8/15 (53%),2/2 (100%),20%,5,1,,9,,1,,,,,1
9594342,35,37166,NORMAL,REGULAR,Round 31,LEAGUE,2524,VfL Wolfsburg,Local,2ND,22/04/2022,31,0,64%,0.00,1,4,2,2,,351,6,6,0,0,1,0,1,2,1,3,0,1,3,,1,0,314,5,33,,10/13 (77%),2/8 (25%),47%,5,13/31 (42%),5/7 (71%),1/2 (50%),67%,6,5,,4,,2,,,,,2
9594342,35,37166,NORMAL,REGULAR,Round 31,LEAGUE,2556,1. FSV Mainz 05,Visita,ALL,22/04/2022,31,0,40%,0.00,2,5,3,3,10,462,8,10,2,1,3,0,1,1,3,2,0,2,1,,0,1,368,20,25,,29/55 (53%),1/5 (20%),51%,6,29/53 (55%),9/22 (41%),11/16 (69%),50%,8,10,,17,,3,,,,,4
9594342,35,37166,NORMAL,REGULAR,Round 31,LEAGUE,2556,1. FSV Mainz 05,Visita,1ST,22/04/2022,31,0,43%,0.00,1,1,2,1,,261,2,5,0,1,1,0,0,0,1,0,0,1,0,,0,1,210,9,14,,15/25 (60%),1/3 (33%),49%,1,11/22 (50%),7/15 (47%),4/8 (50%),50%,2,5,,10,,2,,,,,2
9594342,35,37166,NORMAL,REGULAR,Round 31,LEAGUE,2556,1. FSV Mainz 05,Visita,2ND,22/04/2022,31,0,36%,0.00,1,4,1,2,,201,6,5,2,0,2,0,1,1,2,2,0,1,1,,0,0,158,11,11,,14/30 (47%),0/2 (0%),53%,5,18/31 (58%),2/7 (29%),7/8 (88%),50%,6,5,,7,,1,,,,,2
9594351,35,37166,NORMAL,REGULAR,Round 28,LEAGUE,2524,VfL Wolfsburg,Visita,ALL,03/04/2022,28,0,62%,0.00,1,18,1,5,10,500,14,15,0,,5,0,8,5,12,6,0,1,,,2,0,396,21,43,,34/62 (55%),5/22 (23%),59%,5,41/69 (59%),23/40 (57%),12/13 (92%),71%,14,19,,11,,1,,,,,7
9594351,35,37166,NORMAL,REGULAR,Round 28,LEAGUE,2524,VfL Wolfsburg,Visita,1ST,03/04/2022,28,0,60%,0.00,0,5,1,3,,268,7,9,0,,1,0,2,2,4,1,0,0,,,1,0,217,8,21,,16/32 (50%),1/8 (13%),58%,4,23/39 (59%),12/21 (57%),7/7 (100%),71%,7,13,,7,,1,,,,,2
9594351,35,37166,NORMAL,REGULAR,Round 28,LEAGUE,2524,VfL Wolfsburg,Visita,2ND,03/04/2022,28,0,64%,0.00,1,13,0,2,,232,7,6,0,,4,0,6,3,8,5,0,1,,,1,0,179,13,22,,18/30 (60%),4/14 (29%),59%,1,18/30 (60%),11/19 (58%),5/6 (83%),71%,7,6,,4,,0,,,,,5
9594351,35,37166,NORMAL,REGULAR,Round 28,LEAGUE,2600,FC Augsburg,Local,ALL,03/04/2022,28,3,38%,0.00,3,13,5,3,15,308,6,9,1,,5,0,6,2,8,5,1,2,,,0,4,210,25,40,,32/78 (41%),2/11 (18%),41%,10,28/69 (41%),17/40 (43%),13/17 (76%),100%,6,11,,20,,5,,,,,13
9594351,35,37166,NORMAL,REGULAR,Round 28,LEAGUE,2600,FC Augsburg,Local,1ST,03/04/2022,28,1,40%,0.00,1,5,1,2,,174,4,4,1,,2,0,2,1,3,2,0,1,,,0,2,118,16,20,,18/44 (41%),1/7 (14%),42%,4,16/39 (41%),9/21 (43%),8/11 (73%),100%,4,6,,5,,1,,,,,4
9594351,35,37166,NORMAL,REGULAR,Round 28,LEAGUE,2600,FC Augsburg,Local,2ND,03/04/2022,28,2,36%,0.00,2,8,4,1,,134,2,5,0,,3,0,4,1,5,3,1,1,,,0,2,92,9,20,,14/34 (41%),1/4 (25%),41%,6,12/30 (40%),8/19 (42%),5/6 (83%),100%,2,5,,15,,4,,,,,9
9594353,35,37166,NORMAL,REGULAR,Round 30,LEAGUE,2524,VfL Wolfsburg,Visita,ALL,16/04/2022,30,1,40%,0.00,3,10,2,6,9,359,17,12,2,,4,1,5,1,7,3,0,3,1,,4,0,285,14,35,,15/43 (35%),4/21 (19%),54%,5,41/73 (56%),5/12 (42%),12/20 (60%),47%,17,9,,13,,2,,,,,5
9594353,35,37166,NORMAL,REGULAR,Round 30,LEAGUE,2524,VfL Wolfsburg,Visita,1ST,16/04/2022,30,0,39%,0.00,2,4,0,1,,153,9,6,2,,1,0,2,1,3,1,0,2,1,,2,0,112,6,19,,6/22 (27%),2/6 (33%),52%,3,23/43 (53%),4/9 (44%),8/14 (57%),44%,9,2,,6,,0,,,,,5
9594353,35,37166,NORMAL,REGULAR,Round 30,LEAGUE,2524,VfL Wolfsburg,Visita,2ND,16/04/2022,30,1,41%,0.00,1,6,2,5,,206,8,6,0,,3,1,3,0,4,2,0,1,0,,2,0,173,8,16,,9/21 (43%),2/15 (13%),58%,2,18/30 (60%),1/3 (33%),4/6 (67%),50%,8,7,,7,,2,,,,,0
9594353,35,37166,NORMAL,REGULAR,Round 30,LEAGUE,2673,Borussia Dortmund,Local,ALL,16/04/2022,30,6,60%,0.00,6,12,3,4,13,548,13,9,0,,8,0,2,2,8,4,4,2,4,,3,6,490,15,36,,10/26 (38%),2/13 (15%),46%,6,32/73 (44%),7/12 (58%),10/21 (48%),54%,13,10,,26,,3,,,,,5
9594353,35,37166,NORMAL,REGULAR,Round 30,LEAGUE,2673,Borussia Dortmund,Local,1ST,16/04/2022,30,5,61%,0.00,3,9,1,2,,237,9,5,0,,5,0,2,2,5,4,3,0,0,,2,4,202,12,19,,3/14 (21%),2/8 (25%),48%,3,20/43 (47%),5/9 (56%),6/12 (50%),56%,9,3,,9,,1,,,,,3
9594353,35,37166,NORMAL,REGULAR,Round 30,LEAGUE,2673,Borussia Dortmund,Local,2ND,16/04/2022,30,1,59%,0.00,3,3,2,2,,311,4,4,0,,3,0,0,0,3,0,1,2,4,,1,2,288,3,17,,7/12 (58%),0/5 (0%),42%,3,12/30 (40%),2/3 (67%),4/9 (44%),50%,4,7,,17,,2,,,,,2
9594356,35,37166,NORMAL,REGULAR,Round 29,LEAGUE,2524,VfL Wolfsburg,Local,ALL,09/04/2022,29,4,53%,0.00,4,11,3,3,10,482,16,13,0,,6,1,5,0,7,4,2,2,,,2,4,384,20,53,,35/59 (59%),1/16 (6%),60%,9,34/64 (53%),25/35 (71%),5/11 (45%),69%,16,9,,9,,3,,,,,6
9594356,35,37166,NORMAL,REGULAR,Round 29,LEAGUE,2524,VfL Wolfsburg,Local,1ST,09/04/2022,29,2,51%,0.00,1,4,2,3,,250,10,7,0,,3,1,1,0,3,1,1,0,,,1,3,185,10,31,,23/38 (61%),0/8 (0%),58%,6,21/39 (54%),17/26 (65%),4/7 (57%),50%,10,5,,4,,2,,,,,3
9594356,35,37166,NORMAL,REGULAR,Round 29,LEAGUE,2524,VfL Wolfsburg,Local,2ND,09/04/2022,29,,55%,0.00,3,7,1,0,,232,6,6,0,,3,0,4,0,4,3,1,2,,,1,1,199,10,22,,12/21 (57%),1/8 (13%),62%,3,13/25 (52%),8/9 (89%),1/4 (25%),100%,6,4,,5,,1,,,,,3
9594356,35,37166,NORMAL,REGULAR,Round 29,LEAGUE,2540,Arminia Bielefeld,Visita,ALL,09/04/2022,29,0,47%,0.00,1,7,2,2,13,444,15,10,1,,3,0,4,0,3,4,0,1,,,0,1,341,17,39,,15/50 (30%),1/3 (33%),40%,7,30/64 (47%),10/35 (29%),5/14 (36%),53%,15,5,,19,,2,,,,,7
9594356,35,37166,NORMAL,REGULAR,Round 29,LEAGUE,2540,Arminia Bielefeld,Visita,1ST,09/04/2022,29,0,49%,0.00,1,5,1,0,,248,9,5,0,,2,0,3,0,2,3,0,1,,,0,0,185,6,25,,9/29 (31%),0/1 (0%),42%,4,18/39 (46%),9/26 (35%),4/10 (40%),67%,9,4,,10,,1,,,,,1
9594356,35,37166,NORMAL,REGULAR,Round 29,LEAGUE,2540,Arminia Bielefeld,Visita,2ND,09/04/2022,29,,45%,0.00,0,2,1,2,,196,6,5,1,,1,0,1,0,1,1,0,0,,,0,1,156,11,14,,6/21 (29%),1/2 (50%),38%,3,12/25 (48%),1/9 (11%),1/4 (25%),33%,6,1,,9,,1,,,,,6
9594378,35,37166,NORMAL,REGULAR,Round 21,LEAGUE,2524,VfL Wolfsburg,Local,ALL,06/02/2022,21,4,57%,0.00,3,14,3,2,11,491,13,13,1,,6,1,5,3,8,6,1,2,1,,8,1,412,15,58,,34/56 (61%),4/11 (36%),51%,6,34/64 (53%),13/28 (46%),8/13 (62%),69%,13,10,,19,,3,,,,,3
9594378,35,37166,NORMAL,REGULAR,Round 21,LEAGUE,2524,VfL Wolfsburg,Local,1ST,06/02/2022,21,1,62%,0.00,2,7,3,2,,255,8,6,0,,2,1,3,2,5,2,1,1,1,,2,0,213,7,32,,15/26 (58%),2/6 (33%),58%,2,19/33 (58%),11/19 (58%),5/7 (71%),75%,8,3,,16,,3,,,,,2
9594378,35,37166,NORMAL,REGULAR,Round 21,LEAGUE,2524,VfL Wolfsburg,Local,2ND,06/02/2022,21,3,52%,0.00,1,7,0,0,,236,5,7,1,,4,0,2,1,3,4,0,1,0,,6,1,199,8,26,,19/30 (63%),2/5 (40%),43%,4,15/31 (48%),2/9 (22%),3/6 (50%),60%,5,7,,3,,0,,,,,1
9594378,35,37166,NORMAL,REGULAR,Round 21,LEAGUE,2551,SpVgg Greuther Fürth,Visita,ALL,06/02/2022,21,1,43%,0.00,1,8,2,3,13,374,11,10,2,,5,0,2,1,5,3,1,0,0,,4,2,283,27,41,,23/56 (41%),2/10 (20%),49%,5,30/64 (47%),15/28 (54%),10/18 (56%),55%,11,6,,10,,2,,,,,6
9594378,35,37166,NORMAL,REGULAR,Round 21,LEAGUE,2551,SpVgg Greuther Fürth,Visita,1ST,06/02/2022,21,1,38%,0.00,1,7,1,1,,156,4,5,1,,4,0,2,1,4,3,1,0,0,,3,0,111,20,21,,10/26 (38%),1/6 (17%),42%,4,14/33 (42%),8/19 (42%),6/10 (60%),25%,4,2,,6,,1,,,,,3
9594378,35,37166,NORMAL,REGULAR,Round 21,LEAGUE,2551,SpVgg Greuther Fürth,Visita,2ND,06/02/2022,21,0,48%,0.00,0,1,1,2,,218,7,5,1,,1,0,0,0,1,0,0,0,0,,1,2,172,7,20,,13/30 (43%),1/4 (25%),57%,1,16/31 (52%),7/9 (78%),4/8 (50%),71%,7,4,,4,,1,,,,,3
9594388,35,37166,NORMAL,REGULAR,Round 6,LEAGUE,2524,VfL Wolfsburg,Visita,ALL,25/09/2021,6,1,50%,0.00,0,13,0,2,9,423,11,12,2,,2,0,8,3,4,9,0,,,,2,2,348,22,57,,37/67 (55%),6/17 (35%),56%,6,35/61 (57%),19/36 (53%),12/15 (80%),82%,11,9,,20,,0,,,,,10
9594388,35,37166,NORMAL,REGULAR,Round 6,LEAGUE,2524,VfL Wolfsburg,Visita,1ST,25/09/2021,6,1,42%,0.00,0,8,0,1,,177,7,3,0,,2,0,4,2,1,7,0,,,,1,1,141,11,22,,13/27 (48%),2/8 (25%),48%,3,15/31 (48%),13/27 (48%),5/7 (71%),86%,7,3,,11,,0,,,,,6
9594388,35,37166,NORMAL,REGULAR,Round 6,LEAGUE,2524,VfL Wolfsburg,Visita,2ND,25/09/2021,6,0,57%,0.00,0,5,0,1,,246,4,9,2,,0,0,4,1,3,2,0,,,,1,1,207,11,35,,24/40 (60%),4/9 (44%),67%,3,20/30 (67%),6/9 (67%),7/8 (88%),75%,4,6,,9,,0,,,,,4
9594388,35,37166,NORMAL,REGULAR,Round 6,LEAGUE,2569,TSG Hoffenheim,Local,ALL,25/09/2021,6,3,50%,0.00,3,11,1,5,13,411,9,9,2,,3,1,7,1,8,3,3,,,,3,0,332,20,48,,25/54 (46%),9/26 (35%),44%,8,26/61 (43%),17/36 (47%),9/12 (75%),33%,9,8,,23,,1,,,,,9
9594388,35,37166,NORMAL,REGULAR,Round 6,LEAGUE,2569,TSG Hoffenheim,Local,1ST,25/09/2021,6,1,58%,0.00,1,7,1,3,,233,5,6,0,,1,0,5,1,6,1,1,,,,2,0,192,11,25,,16/29 (55%),8/19 (42%),52%,6,16/31 (52%),14/27 (52%),6/7 (86%),40%,5,2,,10,,1,,,,,6
9594388,35,37166,NORMAL,REGULAR,Round 6,LEAGUE,2569,TSG Hoffenheim,Local,2ND,25/09/2021,6,2,43%,0.00,2,4,0,2,,178,4,3,2,,2,1,2,0,2,2,2,,,,1,0,140,9,23,,9/25 (36%),1/7 (14%),33%,2,10/30 (33%),3/9 (33%),3/5 (60%),25%,4,6,,13,,0,,,,,3
9594401,35,37166,NORMAL,REGULAR,Round 5,LEAGUE,2524,VfL Wolfsburg,Local,ALL,19/09/2021,5,1,60%,0.00,3,14,1,7,14,498,17,17,2,,6,1,8,0,12,2,1,2,,,2,4,382,23,50,,40/76 (53%),7/22 (32%),57%,6,44/78 (56%),29/50 (58%),10/19 (53%),82%,17,17,,19,,1,,,,,5
9594401,35,37166,NORMAL,REGULAR,Round 5,LEAGUE,2524,VfL Wolfsburg,Local,1ST,19/09/2021,5,0,59%,0.00,1,6,1,4,,236,5,6,1,,1,1,5,0,6,0,0,1,,,1,1,182,9,19,,17/33 (52%),3/12 (25%),52%,4,14/30 (47%),13/22 (59%),3/5 (60%),80%,5,11,,6,,1,,,,,3
9594401,35,37166,NORMAL,REGULAR,Round 5,LEAGUE,2524,VfL Wolfsburg,Local,2ND,19/09/2021,5,1,61%,0.00,2,8,0,3,,262,12,11,1,,5,0,3,0,6,2,1,1,,,1,3,200,14,31,,23/43 (53%),4/10 (40%),61%,2,30/48 (63%),16/28 (57%),7/14 (50%),83%,12,6,,13,,0,,,,,2
9594401,35,37166,NORMAL,REGULAR,Round 5,LEAGUE,2674,Eintracht Frankfurt,Visita,ALL,19/09/2021,5,1,40%,0.00,0,5,5,4,17,326,15,13,6,,2,0,2,1,2,3,0,0,,,2,0,212,19,68,,23/63 (37%),2/17 (12%),43%,5,34/78 (44%),21/50 (42%),6/18 (33%),20%,15,16,,20,,5,,,,,8
9594401,35,37166,NORMAL,REGULAR,Round 5,LEAGUE,2674,Eintracht Frankfurt,Visita,1ST,19/09/2021,5,1,41%,0.00,0,4,1,3,,160,6,6,3,,2,0,1,1,2,2,0,0,,,2,0,109,7,29,,7/27 (26%),1/11 (9%),48%,2,16/30 (53%),9/22 (41%),4/7 (57%),50%,6,5,,8,,1,,,,,5
9594401,35,37166,NORMAL,REGULAR,Round 5,LEAGUE,2674,Eintracht Frankfurt,Visita,2ND,19/09/2021,5,0,39%,0.00,0,1,4,1,,166,9,7,3,,0,0,1,0,0,1,0,0,,,0,0,103,12,39,,16/36 (44%),1/6 (17%),39%,3,18/48 (38%),12/28 (43%),2/11 (18%),0%,9,11,,12,,4,,,,,3
9594406,35,37166,NORMAL,REGULAR,Round 18,LEAGUE,2524,VfL Wolfsburg,Visita,ALL,09/01/2022,18,0,49%,0.00,0,12,2,2,18,409,23,15,2,,3,0,4,5,5,7,0,0,,,1,2,300,30,51,,30/71 (42%),1/16 (6%),45%,10,48/98 (49%),20/53 (38%),10/25 (40%),61%,23,7,,20,,2,,,,,7
9594406,35,37166,NORMAL,REGULAR,Round 18,LEAGUE,2524,VfL Wolfsburg,Visita,1ST,09/01/2022,18,0,47%,0.00,0,4,1,1,,197,6,10,1,,1,0,1,2,2,2,0,0,,,1,1,141,14,22,,15/32 (47%),0/9 (0%),50%,1,20/37 (54%),13/29 (45%),4/7 (57%),50%,6,3,,13,,1,,,,,4
9594406,35,37166,NORMAL,REGULAR,Round 18,LEAGUE,2524,VfL Wolfsburg,Visita,2ND,09/01/2022,18,0,52%,0.00,0,8,1,1,,212,17,5,1,,2,0,3,3,3,5,0,0,,,0,1,159,16,29,,15/39 (38%),1/7 (14%),41%,9,28/61 (46%),7/24 (29%),6/18 (33%),65%,17,4,,7,,1,,,,,3
9594406,35,37166,NORMAL,REGULAR,Round 18,LEAGUE,2542,VfL Bochum 1848,Local,ALL,09/01/2022,18,1,51%,0.00,3,12,3,4,15,419,25,17,1,,3,0,7,2,7,5,1,2,,,3,1,311,27,66,,44/83 (53%),3/20 (15%),55%,12,50/98 (51%),33/53 (62%),8/19 (42%),48%,25,13,,18,,3,,,,,6
9594406,35,37166,NORMAL,REGULAR,Round 18,LEAGUE,2542,VfL Bochum 1848,Local,1ST,09/01/2022,18,0,53%,0.00,0,6,1,4,,220,4,10,0,,1,0,4,1,3,3,0,0,,,3,0,172,12,30,,21/38 (55%),0/12 (0%),50%,3,17/37 (46%),16/29 (55%),3/6 (50%),75%,4,5,,7,,1,,,,,3
9594406,35,37166,NORMAL,REGULAR,Round 18,LEAGUE,2542,VfL Bochum 1848,Local,2ND,09/01/2022,18,1,48%,0.00,3,6,2,0,,199,21,7,1,,2,0,3,1,4,2,1,2,,,0,1,139,15,36,,23/45 (51%),3/8 (38%),59%,9,33/61 (54%),17/24 (71%),5/13 (38%),43%,21,8,,11,,2,,,,,3
9594409,35,37166,NORMAL,REGULAR,Round 4,LEAGUE,2524,VfL Wolfsburg,Visita,ALL,11/09/2021,4,2,71%,0.00,2,9,4,5,15,585,14,17,3,,3,0,2,4,7,2,2,,1,,1,,492,22,47,,51/81 (63%),2/17 (12%),59%,10,47/77 (61%),27/49 (55%),17/23 (74%),43%,14,13,,13,,4,,,,,11
9594409,35,37166,NORMAL,REGULAR,Round 4,LEAGUE,2524,VfL Wolfsburg,Visita,1ST,11/09/2021,4,1,72%,0.00,1,3,1,1,,363,9,10,2,,1,0,1,1,3,0,1,,1,,0,,313,9,19,,28/42 (67%),0/5 (0%),63%,4,27/38 (71%),12/24 (50%),8/9 (89%),44%,9,5,,6,,1,,,,,4
9594409,35,37166,NORMAL,REGULAR,Round 4,LEAGUE,2524,VfL Wolfsburg,Visita,2ND,11/09/2021,4,1,69%,0.00,1,6,3,4,,222,5,7,1,,2,0,1,3,4,2,1,,0,,1,,179,13,28,,23/39 (59%),2/12 (17%),55%,6,20/39 (51%),15/25 (60%),9/14 (64%),40%,5,8,,7,,3,,,,,7
9594409,35,37166,NORMAL,REGULAR,Round 4,LEAGUE,2551,SpVgg Greuther Fürth,Local,ALL,11/09/2021,4,0,29%,0.00,0,9,1,3,17,231,16,12,2,,4,0,3,2,4,5,0,,0,,2,,141,21,58,,20/65 (31%),4/13 (31%),41%,7,30/77 (39%),22/49 (45%),2/9 (22%),56%,16,12,,11,,1,,,,,7
9594409,35,37166,NORMAL,REGULAR,Round 4,LEAGUE,2551,SpVgg Greuther Fürth,Local,1ST,11/09/2021,4,0,28%,0.00,0,2,0,1,,134,5,5,1,,1,0,1,0,2,0,0,,0,,1,,82,10,27,,14/34 (41%),1/6 (17%),37%,4,11/38 (29%),12/24 (50%),1/6 (17%),80%,5,6,,5,,0,,,,,4
9594409,35,37166,NORMAL,REGULAR,Round 4,LEAGUE,2551,SpVgg Greuther Fürth,Local,2ND,11/09/2021,4,0,31%,0.00,0,7,1,2,,97,11,7,1,,3,0,2,2,2,5,0,,0,,1,,59,11,31,,6/31 (19%),3/7 (43%),45%,3,19/39 (49%),10/25 (40%),1/3 (33%),45%,11,6,,6,,1,,,,,3
9594412,35,37166,NORMAL,REGULAR,Round 19,LEAGUE,2524,VfL Wolfsburg,Local,ALL,15/01/2022,19,0,47%,0.00,4,9,1,3,12,417,29,11,1,,3,0,3,3,6,3,,4,2,,2,10,310,30,55,,31/71 (44%),5/15 (33%),55%,11,46/88 (52%),21/33 (64%),7/15 (47%),48%,29,11,,14,,1,,,,,6
9594412,35,37166,NORMAL,REGULAR,Round 19,LEAGUE,2524,VfL Wolfsburg,Local,1ST,15/01/2022,19,0,52%,0.00,3,5,0,3,,237,18,7,1,,2,0,2,1,4,1,,3,1,,2,3,175,16,32,,17/38 (45%),3/11 (27%),66%,4,30/45 (67%),12/19 (63%),6/8 (75%),33%,18,3,,8,,0,,,,,1
9594412,35,37166,NORMAL,REGULAR,Round 19,LEAGUE,2524,VfL Wolfsburg,Local,2ND,15/01/2022,19,0,42%,0.00,1,4,1,0,,180,11,4,0,,1,0,1,2,2,2,,1,1,,0,7,135,14,23,,14/33 (42%),2/4 (50%),44%,7,16/43 (37%),9/14 (64%),1/7 (14%),73%,11,8,,6,,1,,,,,5
9594412,35,37166,NORMAL,REGULAR,Round 19,LEAGUE,2528,Hertha BSC,Visita,ALL,15/01/2022,19,0,53%,0.00,0,6,3,2,12,481,19,12,1,,1,0,5,0,4,2,,0,1,,1,5,380,29,54,,28/55 (51%),1/12 (8%),45%,11,42/88 (48%),12/33 (36%),11/29 (38%),63%,19,10,,17,,3,,,,,6
9594412,35,37166,NORMAL,REGULAR,Round 19,LEAGUE,2528,Hertha BSC,Visita,1ST,15/01/2022,19,0,48%,0.00,0,1,2,1,,224,6,5,0,,0,0,1,0,1,0,,0,0,,0,2,170,14,22,,11/24 (46%),1/7 (14%),34%,5,15/45 (33%),7/19 (37%),4/17 (24%),67%,6,3,,14,,2,,,,,4
9594412,35,37166,NORMAL,REGULAR,Round 19,LEAGUE,2528,Hertha BSC,Visita,2ND,15/01/2022,19,0,58%,0.00,0,5,1,1,,257,13,7,1,,1,0,4,0,3,2,,0,1,,1,3,210,15,32,,17/31 (55%),0/5 (0%),56%,6,27/43 (63%),5/14 (36%),7/12 (58%),62%,13,7,,3,,1,,,,,2
9594418,35,37166,NORMAL,REGULAR,Round 10,LEAGUE,2524,VfL Wolfsburg,Visita,ALL,30/10/2021,10,2,34%,0.00,3,12,1,2,15,266,29,11,2,1,8,0,2,2,9,3,1,2,1,,1,2,184,25,31,,19/51 (37%),5/11 (45%),52%,16,49/97 (51%),16/29 (55%),9/13 (69%),55%,29,14,,31,,1,,,,,14
9594418,35,37166,NORMAL,REGULAR,Round 10,LEAGUE,2524,VfL Wolfsburg,Visita,1ST,30/10/2021,10,0,44%,0.00,0,5,0,1,,175,18,7,2,0,3,0,1,1,3,2,0,0,0,,0,2,129,14,20,,9/26 (35%),3/6 (50%),57%,9,31/55 (56%),8/14 (57%),6/8 (75%),50%,18,10,,16,,0,,,,,6
9594418,35,37166,NORMAL,REGULAR,Round 10,LEAGUE,2524,VfL Wolfsburg,Visita,2ND,30/10/2021,10,2,25%,0.00,3,7,1,1,,91,11,4,0,1,5,0,1,1,6,1,1,2,1,,1,0,55,11,11,,10/25 (40%),2/5 (40%),46%,7,18/42 (43%),8/15 (53%),3/5 (60%),64%,11,4,,15,,1,,,,,8
9594418,35,37166,NORMAL,REGULAR,Round 10,LEAGUE,2681,Bayer 04 Leverkusen,Local,ALL,30/10/2021,10,0,66%,0.00,1,13,6,10,11,508,20,15,3,0,1,0,9,3,7,6,0,1,0,,8,1,426,30,68,,31/51 (61%),6/26 (23%),48%,15,48/97 (49%),13/29 (45%),14/28 (50%),80%,20,7,,6,,6,,,,,4
9594418,35,37166,NORMAL,REGULAR,Round 10,LEAGUE,2681,Bayer 04 Leverkusen,Local,1ST,30/10/2021,10,0,56%,0.00,0,4,3,7,,222,11,4,2,0,0,0,4,0,1,3,0,0,0,,2,1,174,13,24,,11/21 (52%),3/14 (21%),43%,10,24/55 (44%),6/14 (43%),9/17 (53%),91%,11,2,,6,,3,,,,,2
9594418,35,37166,NORMAL,REGULAR,Round 10,LEAGUE,2681,Bayer 04 Leverkusen,Local,2ND,30/10/2021,10,0,75%,0.00,1,9,3,3,,286,9,11,1,0,1,0,5,3,6,3,0,1,0,,6,0,252,17,44,,20/30 (67%),3/12 (25%),54%,5,24/42 (57%),7/15 (47%),5/11 (45%),67%,9,5,,0,,3,,,,,2
9594421,35,37166,NORMAL,REGULAR,Round 9,LEAGUE,2524,VfL Wolfsburg,Local,ALL,23/10/2021,9,0,57%,0.00,2,18,2,7,17,427,10,15,3,,4,1,6,8,13,5,0,2,,,6,0,332,21,55,,36/70 (51%),13/36 (36%),56%,8,36/66 (55%),25/42 (60%),11/16 (69%),30%,10,13,,15,,2,,,,,9
9594421,35,37166,NORMAL,REGULAR,Round 9,LEAGUE,2524,VfL Wolfsburg,Local,1ST,23/10/2021,9,0,50%,0.00,1,7,2,2,,195,6,6,2,,3,1,3,1,6,1,0,1,,,2,0,142,8,24,,18/41 (44%),7/13 (54%),57%,4,16/31 (52%),13/20 (65%),4/4 (100%),17%,6,7,,10,,2,,,,,3
9594421,35,37166,NORMAL,REGULAR,Round 9,LEAGUE,2524,VfL Wolfsburg,Local,2ND,23/10/2021,9,0,63%,0.00,1,11,0,5,,232,4,9,1,,1,0,3,7,7,4,0,1,,,4,0,190,13,31,,18/29 (62%),6/23 (26%),56%,4,20/35 (57%),12/22 (55%),7/12 (58%),50%,4,6,,5,,0,,,,,6
9594421,35,37166,NORMAL,REGULAR,Round 9,LEAGUE,2538,SC Freiburg,Visita,ALL,23/10/2021,9,2,43%,0.00,4,11,4,1,15,344,13,14,0,,4,0,3,4,7,4,2,2,,,2,1,245,27,60,,27/72 (38%),4/14 (29%),44%,8,30/66 (45%),17/42 (40%),3/5 (60%),38%,13,9,,21,,4,,,,,7
9594421,35,37166,NORMAL,REGULAR,Round 9,LEAGUE,2538,SC Freiburg,Visita,1ST,23/10/2021,9,1,50%,0.00,3,8,3,0,,198,4,8,0,,3,0,2,3,5,3,1,2,,,1,1,149,20,29,,13/37 (35%),2/8 (25%),43%,6,15/31 (48%),7/20 (35%),3/3 (100%),25%,4,3,,7,,3,,,,,2
9594421,35,37166,NORMAL,REGULAR,Round 9,LEAGUE,2538,SC Freiburg,Visita,2ND,23/10/2021,9,1,37%,0.00,1,3,1,1,,146,9,6,0,,1,0,1,1,2,1,1,0,,,1,0,96,7,31,,14/35 (40%),2/6 (33%),44%,2,15/35 (43%),10/22 (45%),0/2 (0%),44%,9,6,,14,,1,,,,,5
9594428,35,37166,NORMAL,REGULAR,Round 7,LEAGUE,2524,VfL Wolfsburg,Local,ALL,02/10/2021,7,1,52%,0.00,2,12,7,4,17,410,19,10,7,1,5,0,6,1,9,3,1,1,0,,2,2,329,27,39,,27/38 (71%),6/19 (32%),48%,9,39/83 (47%),15/29 (52%),10/21 (48%),42%,19,8,,17,,7,,,,,2
9594428,35,37166,NORMAL,REGULAR,Round 7,LEAGUE,2524,VfL Wolfsburg,Local,1ST,02/10/2021,7,1,47%,0.00,1,5,1,3,,186,10,5,2,0,1,0,3,1,4,1,1,0,0,,1,2,147,11,19,,13/20 (65%),3/11 (27%),55%,3,19/36 (53%),9/15 (60%),4/6 (67%),40%,10,5,,8,,1,,,,,1
9594428,35,37166,NORMAL,REGULAR,Round 7,LEAGUE,2524,VfL Wolfsburg,Local,2ND,02/10/2021,7,0,57%,0.00,1,7,6,1,,224,9,5,5,1,4,0,3,0,5,2,0,1,0,,1,0,182,16,20,,14/18 (78%),3/8 (38%),43%,6,20/47 (43%),6/14 (43%),6/15 (40%),44%,9,3,,9,,6,,,,,1
9594428,35,37166,NORMAL,REGULAR,Round 7,LEAGUE,2527,Borussia M'gladbach,Visita,ALL,02/10/2021,7,3,48%,0.00,4,19,4,6,10,383,20,16,3,0,10,0,3,6,14,5,3,1,3,,6,3,290,17,44,,25/53 (47%),5/13 (38%),52%,6,44/83 (53%),14/29 (48%),8/21 (38%),85%,20,8,,21,,4,,,,,9
9594428,35,37166,NORMAL,REGULAR,Round 7,LEAGUE,2527,Borussia M'gladbach,Visita,1ST,02/10/2021,7,2,53%,0.00,2,8,0,4,,219,5,9,2,0,3,0,2,3,6,2,2,0,2,,2,2,170,9,23,,12/26 (46%),2/7 (29%),45%,4,17/36 (47%),6/15 (40%),3/9 (33%),80%,5,2,,6,,0,,,,,4
9594428,35,37166,NORMAL,REGULAR,Round 7,LEAGUE,2527,Borussia M'gladbach,Visita,2ND,02/10/2021,7,1,43%,0.00,2,11,4,2,,164,15,7,1,0,7,0,1,3,8,3,1,1,1,,4,1,120,8,21,,13/27 (48%),3/6 (50%),57%,2,27/47 (57%),8/14 (57%),5/12 (42%),87%,15,6,,15,,4,,,,,5
9594435,35,37166,NORMAL,REGULAR,Round 8,LEAGUE,2524,VfL Wolfsburg,Visita,ALL,16/10/2021,8,0,61%,0.00,1,13,1,3,16,560,6,7,1,,4,1,6,3,6,7,0,1,,,1,,458,22,44,,32/66 (48%),4/20 (20%),43%,1,18/47 (38%),22/45 (49%),5/13 (38%),83%,6,14,,10,,1,,,,,6
9594435,35,37166,NORMAL,REGULAR,Round 8,LEAGUE,2524,VfL Wolfsburg,Visita,1ST,16/10/2021,8,0,59%,0.00,1,6,0,0,,299,3,5,0,,0,1,5,1,2,4,0,1,,,0,,239,10,22,,12/36 (33%),2/5 (40%),49%,0,12/28 (43%),14/25 (56%),4/9 (44%),67%,3,8,,4,,0,,,,,4
9594435,35,37166,NORMAL,REGULAR,Round 8,LEAGUE,2524,VfL Wolfsburg,Visita,2ND,16/10/2021,8,0,64%,0.00,0,7,1,3,,261,3,2,1,,4,0,1,2,4,3,0,0,,,1,,219,12,22,,20/30 (67%),2/15 (13%),36%,1,6/19 (32%),8/20 (40%),1/4 (25%),100%,3,6,,6,,1,,,,,2
9594435,35,37166,NORMAL,REGULAR,Round 8,LEAGUE,2547,1. FC Union Berlin,Local,ALL,16/10/2021,8,2,39%,0.00,3,5,4,3,7,350,9,15,3,,3,0,2,0,4,1,2,1,,,3,,243,14,48,,21/63 (33%),5/17 (29%),57%,6,29/47 (62%),23/45 (51%),6/6 (100%),78%,9,8,,15,,4,,,,,8
9594435,35,37166,NORMAL,REGULAR,Round 8,LEAGUE,2547,1. FC Union Berlin,Local,1ST,16/10/2021,8,0,41%,0.00,0,1,0,1,,203,5,7,1,,0,0,1,0,1,0,0,0,,,1,,141,8,23,,10/33 (30%),4/11 (36%),51%,3,16/28 (57%),11/25 (44%),4/4 (100%),60%,5,5,,4,,0,,,,,6
9594435,35,37166,NORMAL,REGULAR,Round 8,LEAGUE,2547,1. FC Union Berlin,Local,2ND,16/10/2021,8,2,36%,0.00,3,4,4,2,,147,4,8,2,,3,0,1,0,3,1,2,1,,,2,,102,6,25,,11/30 (37%),1/6 (17%),64%,3,13/19 (68%),12/20 (60%),2/2 (100%),100%,4,3,,11,,4,,,,,2
9594437,35,37166,NORMAL,REGULAR,Round 13,LEAGUE,2524,VfL Wolfsburg,Local,ALL,27/11/2021,13,1,41%,0.00,2,15,5,7,8,387,10,9,4,,7,0,4,4,10,5,1,1,1,,5,1,296,21,49,,31/60 (52%),3/25 (12%),49%,5,31/63 (49%),6/13 (46%),12/20 (60%),30%,10,12,,22,,5,,,,,3
9594437,35,37166,NORMAL,REGULAR,Round 13,LEAGUE,2524,VfL Wolfsburg,Local,1ST,27/11/2021,13,1,37%,0.00,1,5,2,3,,173,4,5,4,,3,0,1,1,3,2,1,0,1,,2,0,125,10,23,,16/30 (53%),0/6 (0%),50%,1,13/27 (48%),4/7 (57%),4/5 (80%),50%,4,7,,16,,2,,,,,3
9594437,35,37166,NORMAL,REGULAR,Round 13,LEAGUE,2524,VfL Wolfsburg,Local,2ND,27/11/2021,13,0,46%,0.00,1,10,3,4,,214,6,4,0,,4,0,3,3,7,3,0,1,0,,3,1,171,11,26,,15/30 (50%),3/19 (16%),48%,4,18/36 (50%),2/6 (33%),8/15 (53%),17%,6,5,,6,,3,,,,,0
9594437,35,37166,NORMAL,REGULAR,Round 13,LEAGUE,2673,Borussia Dortmund,Visita,ALL,27/11/2021,13,3,59%,0.00,3,15,6,7,11,566,13,7,1,,8,1,3,4,8,7,2,1,1,,3,2,466,13,69,,19/40 (48%),7/21 (33%),51%,6,32/63 (51%),7/13 (54%),12/16 (75%),46%,13,8,,22,,6,,,,,12
9594437,35,37166,NORMAL,REGULAR,Round 13,LEAGUE,2673,Borussia Dortmund,Visita,1ST,27/11/2021,13,1,63%,0.00,1,8,2,4,,295,2,4,0,,3,0,2,3,3,5,1,0,0,,3,1,242,8,35,,8/17 (47%),2/13 (15%),50%,4,14/27 (52%),3/7 (43%),8/8 (100%),50%,2,4,,7,,2,,,,,1
9594437,35,37166,NORMAL,REGULAR,Round 13,LEAGUE,2673,Borussia Dortmund,Visita,2ND,27/11/2021,13,2,54%,0.00,2,7,4,3,,271,11,3,1,,5,1,1,1,5,2,1,1,1,,0,1,224,5,34,,11/23 (48%),5/8 (63%),52%,2,18/36 (50%),4/6 (67%),4/8 (50%),45%,11,4,,15,,4,,,,,11
9594444,35,37166,NORMAL,REGULAR,Round 1,LEAGUE,2524,VfL Wolfsburg,Local,ALL,14/08/2021,1,1,61%,0.00,5,19,1,5,9,540,12,6,0,0,9,1,8,2,11,8,,5,1,,2,2,462,25,73,,22/46 (48%),6/23 (26%),50%,8,26/57 (46%),11/17 (65%),8/16 (50%),75%,12,20,,14,,1,,,,,6
9594444,35,37166,NORMAL,REGULAR,Round 1,LEAGUE,2524,VfL Wolfsburg,Local,1ST,14/08/2021,1,1,68%,0.00,2,11,0,4,,298,7,1,0,0,5,1,4,2,7,4,,2,0,,2,2,275,10,41,,8/9 (89%),3/13 (23%),55%,4,15/30 (50%),6/8 (75%),7/11 (64%),71%,7,8,,8,,0,,,,,1
9594444,35,37166,NORMAL,REGULAR,Round 1,LEAGUE,2524,VfL Wolfsburg,Local,2ND,14/08/2021,1,0,55%,0.00,3,8,1,1,,242,5,5,0,0,4,0,4,0,4,4,,3,1,,0,0,187,15,32,,14/37 (38%),3/10 (30%),44%,4,11/27 (41%),5/9 (56%),1/5 (20%),80%,5,12,,6,,1,,,,,5
9594444,35,37166,NORMAL,REGULAR,Round 1,LEAGUE,2542,VfL Bochum 1848,Visita,ALL,14/08/2021,1,0,39%,0.00,0,7,7,2,7,344,16,8,2,1,1,0,4,2,4,3,,0,0,,4,2,244,34,50,,39/81 (48%),2/11 (18%),50%,4,31/57 (54%),6/17 (35%),7/15 (47%),44%,16,11,,16,,7,,,,,10
9594444,35,37166,NORMAL,REGULAR,Round 1,LEAGUE,2542,VfL Bochum 1848,Visita,1ST,14/08/2021,1,0,32%,0.00,0,2,3,1,,142,8,4,1,1,0,0,2,0,2,0,,0,0,,2,0,96,21,12,,11/30 (37%),2/7 (29%),45%,3,15/30 (50%),2/8 (25%),3/7 (43%),63%,8,5,,13,,3,,,,,5
9594444,35,37166,NORMAL,REGULAR,Round 1,LEAGUE,2542,VfL Bochum 1848,Visita,2ND,14/08/2021,1,0,45%,0.00,0,5,4,1,,202,8,4,1,0,1,0,2,2,2,3,,0,0,,2,2,148,13,38,,28/51 (55%),0/4 (0%),56%,1,16/27 (59%),4/9 (44%),4/8 (50%),25%,8,6,,3,,4,,,,,5
9594447,35,37166,NORMAL,REGULAR,Round 11,LEAGUE,2524,VfL Wolfsburg,Local,ALL,06/11/2021,11,1,62%,0.00,2,8,3,0,14,584,10,12,2,,3,0,4,1,6,2,,2,1,,5,2,501,22,41,,21/48 (44%),2/13 (15%),55%,3,27/53 (51%),25/41 (61%),5/9 (56%),50%,10,11,,20,,3,,,,,4
9594447,35,37166,NORMAL,REGULAR,Round 11,LEAGUE,2524,VfL Wolfsburg,Local,1ST,06/11/2021,11,1,72%,0.00,2,6,2,0,,356,6,7,0,,2,0,4,0,4,2,,2,1,,4,2,315,14,26,,9/21 (43%),1/4 (25%),56%,1,14/25 (56%),8/14 (57%),1/4 (25%),33%,6,5,,2,,2,,,,,1
9594447,35,37166,NORMAL,REGULAR,Round 11,LEAGUE,2524,VfL Wolfsburg,Local,2ND,06/11/2021,11,0,52%,0.00,0,2,1,0,,228,4,5,2,,1,0,0,1,2,0,,0,0,,1,0,186,8,15,,12/27 (44%),1/9 (11%),55%,2,13/28 (46%),17/27 (63%),4/5 (80%),75%,4,6,,18,,1,,,,,3
9594447,35,37166,NORMAL,REGULAR,Round 11,LEAGUE,2600,FC Augsburg,Visita,ALL,06/11/2021,11,0,38%,0.00,1,10,2,8,13,344,7,14,3,,3,0,4,3,5,5,,1,0,,2,2,253,17,37,,24/60 (40%),4/22 (18%),45%,6,26/53 (49%),16/41 (39%),5/9 (56%),57%,7,7,,16,,2,,,,,8
9594447,35,37166,NORMAL,REGULAR,Round 11,LEAGUE,2600,FC Augsburg,Visita,1ST,06/11/2021,11,0,28%,0.00,0,3,1,0,,143,4,4,1,,2,0,1,0,0,3,,0,0,,1,1,100,8,16,,11/28 (39%),0/1 (0%),44%,4,11/25 (44%),6/14 (43%),3/5 (60%),75%,4,3,,7,,1,,,,,6
9594447,35,37166,NORMAL,REGULAR,Round 11,LEAGUE,2600,FC Augsburg,Visita,2ND,06/11/2021,11,0,48%,0.00,1,7,1,8,,201,3,10,2,,1,0,3,3,5,2,,1,0,,1,1,153,9,21,,13/32 (41%),4/21 (19%),45%,2,15/28 (54%),10/27 (37%),2/4 (50%),33%,3,4,,9,,1,,,,,2
9594459,35,37166,NORMAL,REGULAR,Round 3,LEAGUE,2524,VfL Wolfsburg,Local,ALL,29/08/2021,3,1,47%,0.00,2,8,2,7,13,376,14,17,4,,2,0,2,4,5,3,1,1,,,1,3,285,18,60,,34/75 (45%),2/14 (14%),44%,7,45/91 (49%),11/35 (31%),14/30 (47%),36%,14,3,,19,,2,,,,,10
9594459,35,37166,NORMAL,REGULAR,Round 3,LEAGUE,2524,VfL Wolfsburg,Local,1ST,29/08/2021,3,0,57%,0.00,0,4,2,4,,255,8,11,1,,1,0,1,2,1,3,0,0,,,1,1,208,8,29,,19/41 (46%),0/7 (0%),51%,6,24/42 (57%),3/11 (27%),5/8 (63%),25%,8,1,,2,,2,,,,,3
9594459,35,37166,NORMAL,REGULAR,Round 3,LEAGUE,2524,VfL Wolfsburg,Local,2ND,29/08/2021,3,1,35%,0.00,2,4,0,3,,121,6,6,3,,1,0,1,2,4,0,1,1,,,0,2,77,10,31,,15/34 (44%),2/7 (29%),40%,1,21/49 (43%),8/24 (33%),9/22 (41%),50%,6,2,,17,,0,,,,,7
9594459,35,37166,NORMAL,REGULAR,Round 3,LEAGUE,36360,RB Leipzig,Visita,ALL,29/08/2021,3,0,53%,0.00,2,11,1,7,18,424,23,11,2,,2,0,6,3,5,6,0,2,,,3,0,328,18,52,,22/50 (44%),3/13 (23%),56%,10,46/91 (51%),24/35 (69%),12/16 (75%),43%,23,7,,13,,1,,,,,4
9594459,35,37166,NORMAL,REGULAR,Round 3,LEAGUE,36360,RB Leipzig,Visita,1ST,29/08/2021,3,0,43%,0.00,1,5,1,0,,197,9,6,2,,2,0,3,0,2,3,0,1,,,1,0,149,10,23,,6/18 (33%),0/0 (0%),49%,6,18/42 (43%),8/11 (73%),3/5 (60%),33%,9,5,,6,,1,,,,,3
9594459,35,37166,NORMAL,REGULAR,Round 3,LEAGUE,36360,RB Leipzig,Visita,2ND,29/08/2021,3,0,65%,0.00,1,6,0,7,,227,14,5,0,,0,0,3,3,3,3,0,1,,,2,0,179,8,29,,16/32 (50%),3/13 (23%),60%,4,28/49 (57%),16/24 (67%),9/11 (82%),50%,14,2,,7,,0,,,,,1
9594463,35,37166,NORMAL,REGULAR,Round 2,LEAGUE,2524,VfL Wolfsburg,Visita,ALL,21/08/2021,2,2,59%,0.00,0,12,4,4,22,479,11,10,2,,3,0,5,4,12,0,0,,2,,2,1,410,17,50,,37/52 (71%),7/27 (26%),48%,9,28/69 (41%),23/38 (61%),7/12 (58%),55%,11,10,,21,,4,,,,,4
9594463,35,37166,NORMAL,REGULAR,Round 2,LEAGUE,2524,VfL Wolfsburg,Visita,1ST,21/08/2021,2,0,60%,0.00,0,6,1,3,,253,3,8,1,,1,0,3,2,6,0,0,,1,,2,1,217,9,24,,21/30 (70%),5/15 (33%),42%,4,15/38 (39%),7/14 (50%),4/8 (50%),33%,3,7,,6,,1,,,,,2
9594463,35,37166,NORMAL,REGULAR,Round 2,LEAGUE,2524,VfL Wolfsburg,Visita,2ND,21/08/2021,2,2,59%,0.00,0,6,3,1,,226,8,2,1,,2,0,2,2,6,0,0,,1,,0,0,193,8,26,,16/22 (73%),2/12 (17%),53%,5,13/31 (42%),16/24 (67%),3/4 (75%),63%,8,3,,15,,3,,,,,2
9594463,35,37166,NORMAL,REGULAR,Round 2,LEAGUE,2528,Hertha BSC,Local,ALL,21/08/2021,2,1,41%,0.00,1,13,1,4,12,329,14,22,1,,5,0,4,4,7,6,1,,0,,5,0,255,21,29,,15/40 (38%),3/14 (21%),52%,8,41/69 (59%),15/38 (39%),5/8 (63%),43%,14,10,,21,,1,,,,,5
9594463,35,37166,NORMAL,REGULAR,Round 2,LEAGUE,2528,Hertha BSC,Local,1ST,21/08/2021,2,0,40%,0.00,0,3,1,1,,172,8,11,1,,1,0,2,0,2,1,0,,0,,2,0,130,6,12,,5/17 (29%),2/5 (40%),58%,3,23/38 (61%),7/14 (50%),4/4 (100%),63%,8,6,,11,,1,,,,,2
9594463,35,37166,NORMAL,REGULAR,Round 2,LEAGUE,2528,Hertha BSC,Local,2ND,21/08/2021,2,1,41%,0.00,1,10,0,3,,157,6,11,0,,4,0,2,4,5,5,1,,0,,3,0,125,15,17,,10/23 (43%),1/9 (11%),47%,5,18/31 (58%),8/24 (33%),1/4 (25%),17%,6,4,,10,,0,,,,,3
9594471,35,37166,NORMAL,REGULAR,Round 17,LEAGUE,2524,VfL Wolfsburg,Visita,ALL,17/12/2021,17,0,37%,0.00,3,9,5,3,4,418,22,10,,,2,0,4,3,9,0,0,3,0,,1,1,326,21,30,,26/45 (58%),6/13 (46%),48%,19,45/97 (46%),7/12 (58%),13/21 (62%),45%,22,22,,30,,5,,,,,12
9594471,35,37166,NORMAL,REGULAR,Round 17,LEAGUE,2524,VfL Wolfsburg,Visita,1ST,17/12/2021,17,0,37%,0.00,2,5,3,2,,226,10,4,,,2,0,1,2,5,0,0,2,0,,0,1,176,10,12,,15/26 (58%),3/6 (50%),51%,9,21/41 (51%),2/4 (50%),7/10 (70%),60%,10,14,,15,,3,,,,,7
9594471,35,37166,NORMAL,REGULAR,Round 17,LEAGUE,2524,VfL Wolfsburg,Visita,2ND,17/12/2021,17,0,37%,0.00,1,4,2,1,,192,12,6,,,0,0,3,1,4,0,0,1,0,,1,0,150,11,18,,11/19 (58%),3/7 (43%),45%,10,24/56 (43%),5/8 (63%),6/11 (55%),33%,12,8,,15,,2,,,,,5
9594471,35,37166,NORMAL,REGULAR,Round 17,LEAGUE,2672,FC Bayern München,Local,ALL,17/12/2021,17,4,63%,0.00,6,25,2,5,10,734,27,4,,,9,0,9,7,17,8,2,4,1,,2,0,645,15,106,,17/29 (59%),2/21 (10%),52%,10,52/97 (54%),5/12 (42%),21/33 (64%),59%,27,14,,4,,2,,,,,2
9594471,35,37166,NORMAL,REGULAR,Round 17,LEAGUE,2672,FC Bayern München,Local,1ST,17/12/2021,17,1,63%,0.00,3,10,2,1,,398,12,3,,,4,0,4,2,6,4,1,2,0,,2,0,346,9,56,,9/17 (53%),1/11 (9%),49%,5,20/41 (49%),2/4 (50%),5/10 (50%),67%,12,6,,2,,2,,,,,0
9594471,35,37166,NORMAL,REGULAR,Round 17,LEAGUE,2672,FC Bayern München,Local,2ND,17/12/2021,17,3,63%,0.00,3,15,0,4,,336,15,1,,,5,0,5,5,11,4,1,2,1,,0,0,299,6,50,,8/12 (67%),1/10 (10%),55%,5,32/56 (57%),3/8 (38%),16/23 (70%),53%,15,8,,2,,0,,,,,2
9594473,35,37166,NORMAL,REGULAR,Round 12,LEAGUE,2524,VfL Wolfsburg,Visita,ALL,20/11/2021,12,2,63%,0.00,2,13,1,5,9,538,20,15,1,,5,0,6,2,8,5,1,1,0,,4,2,434,22,64,,36/60 (60%),5/21 (24%),64%,8,48/77 (62%),26/39 (67%),14/21 (67%),55%,20,8,,21,,1,,,,,5
9594473,35,37166,NORMAL,REGULAR,Round 12,LEAGUE,2524,VfL Wolfsburg,Visita,1ST,20/11/2021,12,0,61%,0.00,0,6,0,1,,273,14,6,1,,1,0,4,1,4,2,0,0,0,,0,1,218,15,32,,17/33 (52%),3/7 (43%),63%,4,22/36 (61%),12/18 (67%),3/7 (43%),64%,14,7,,11,,0,,,,,3
9594473,35,37166,NORMAL,REGULAR,Round 12,LEAGUE,2524,VfL Wolfsburg,Visita,2ND,20/11/2021,12,2,66%,0.00,2,7,1,4,,265,6,9,0,,4,0,2,1,4,3,1,1,0,,4,1,216,7,32,,19/27 (70%),2/14 (14%),65%,4,26/41 (63%),14/21 (67%),11/14 (79%),33%,6,1,,10,,1,,,,,2
9594473,35,37166,NORMAL,REGULAR,Round 12,LEAGUE,2540,Arminia Bielefeld,Local,ALL,20/11/2021,12,2,37%,0.00,2,10,3,6,15,313,15,9,4,,3,0,3,4,4,6,2,0,1,,1,1,222,17,55,,31/73 (42%),1/17 (6%),36%,7,29/77 (38%),13/39 (33%),5/18 (28%),60%,15,17,,24,,3,,,,,11
9594473,35,37166,NORMAL,REGULAR,Round 12,LEAGUE,2540,Arminia Bielefeld,Local,1ST,20/11/2021,12,1,39%,0.00,1,5,1,3,,172,8,4,1,,1,0,1,3,2,3,1,0,1,,0,0,121,12,32,,17/38 (45%),0/10 (0%),37%,3,14/36 (39%),6/18 (33%),2/13 (15%),63%,8,12,,7,,1,,,,,5
9594473,35,37166,NORMAL,REGULAR,Round 12,LEAGUE,2540,Arminia Bielefeld,Local,2ND,20/11/2021,12,1,34%,0.00,1,5,2,3,,141,7,5,3,,2,0,2,1,2,3,1,0,0,,1,1,101,5,23,,14/35 (40%),1/7 (14%),35%,4,15/41 (37%),7/21 (33%),3/5 (60%),57%,7,5,,17,,2,,,,,6
9594476,35,37166,NORMAL,REGULAR,Round 16,LEAGUE,2524,VfL Wolfsburg,Local,ALL,14/12/2021,16,2,38%,0.00,4,19,3,9,18,259,16,9,3,,5,0,10,4,12,7,2,2,1,,3,7,188,20,41,,28/53 (53%),5/17 (29%),47%,14,36/81 (44%),16/30 (53%),11/15 (73%),63%,16,17,,24,,3,,,,,8
9594476,35,37166,NORMAL,REGULAR,Round 16,LEAGUE,2524,VfL Wolfsburg,Local,1ST,14/12/2021,16,1,38%,0.00,2,10,3,5,,134,8,3,1,,2,0,6,2,6,4,1,1,0,,1,2,97,11,19,,12/23 (52%),2/9 (22%),46%,5,18/38 (47%),5/12 (42%),7/9 (78%),88%,8,9,,13,,3,,,,,2
9594476,35,37166,NORMAL,REGULAR,Round 16,LEAGUE,2524,VfL Wolfsburg,Local,2ND,14/12/2021,16,1,38%,0.00,2,9,0,4,,125,8,6,2,,3,0,4,2,6,3,1,1,1,,2,5,91,9,22,,16/30 (53%),3/8 (38%),48%,9,18/43 (42%),11/18 (61%),4/6 (67%),38%,8,8,,11,,0,,,,,6
9594476,35,37166,NORMAL,REGULAR,Round 16,LEAGUE,2671,1. FC Köln,Visita,ALL,14/12/2021,16,3,62%,0.00,6,17,3,5,9,428,18,18,2,,6,2,8,3,10,7,2,4,0,,3,1,335,19,63,,24/53 (45%),8/26 (31%),53%,13,45/81 (56%),14/30 (47%),9/12 (75%),67%,18,9,,13,,3,,,,,7
9594476,35,37166,NORMAL,REGULAR,Round 16,LEAGUE,2671,1. FC Köln,Visita,1ST,14/12/2021,16,1,62%,0.00,3,8,1,4,,224,7,8,0,,4,1,3,1,5,3,1,2,0,,2,0,176,10,31,,10/24 (42%),4/11 (36%),54%,7,20/38 (53%),7/12 (58%),5/6 (83%),71%,7,6,,9,,1,,,,,3
9594476,35,37166,NORMAL,REGULAR,Round 16,LEAGUE,2671,1. FC Köln,Visita,2ND,14/12/2021,16,2,62%,0.00,3,9,2,1,,204,11,10,2,,2,1,5,2,5,4,1,2,0,,1,1,159,9,32,,14/29 (48%),4/15 (27%),52%,6,25/43 (58%),7/18 (39%),4/6 (67%),64%,11,3,,4,,2,,,,,4
9594479,35,37166,NORMAL,REGULAR,Round 14,LEAGUE,2524,VfL Wolfsburg,Visita,ALL,04/12/2021,14,0,59%,0.00,0,15,2,5,10,382,12,18,1,,0,1,11,4,9,6,0,0,,26,2,1,282,29,35,43/74 (58%),21/49 (43%),5/23 (22%),55%,10,39/75 (52%),22/35 (63%),9/18 (50%),83%,12,14,,25,,2,,1,2,0,8
9594479,35,37166,NORMAL,REGULAR,Round 14,LEAGUE,2524,VfL Wolfsburg,Visita,1ST,04/12/2021,14,0,54%,0.00,0,7,2,2,,190,7,9,0,,0,1,5,2,4,3,0,0,,,1,1,146,11,17,,10/23 (43%),2/9 (22%),51%,7,19/38 (50%),10/19 (53%),3/6 (50%),86%,7,7,,16,,2,,,,,5
9594479,35,37166,NORMAL,REGULAR,Round 14,LEAGUE,2524,VfL Wolfsburg,Visita,2ND,04/12/2021,14,0,64%,0.00,0,8,0,3,,192,5,9,1,,0,0,6,2,5,3,0,0,,,1,0,136,18,18,,11/26 (42%),3/14 (21%),60%,3,20/37 (54%),12/16 (75%),6/12 (50%),80%,5,7,,9,,0,,,,,3
9594479,35,37166,NORMAL,REGULAR,Round 14,LEAGUE,2556,1. FSV Mainz 05,Local,ALL,04/12/2021,14,3,41%,0.00,2,12,0,6,18,270,19,9,1,,4,0,4,4,8,4,1,1,,21,1,3,174,31,50,51/92 (55%),18/51 (35%),5/17 (29%),45%,7,36/75 (48%),13/35 (37%),8/13 (62%),37%,19,17,,22,,0,,0,0,1,14
9594479,35,37166,NORMAL,REGULAR,Round 14,LEAGUE,2556,1. FSV Mainz 05,Local,1ST,04/12/2021,14,2,46%,0.00,2,10,0,6,,158,10,4,0,,4,0,3,3,6,4,1,1,,,1,1,103,15,25,,9/29 (31%),3/9 (33%),49%,5,19/38 (50%),9/19 (47%),5/7 (71%),30%,10,10,,7,,0,,,,,7
9594479,35,37166,NORMAL,REGULAR,Round 14,LEAGUE,2556,1. FSV Mainz 05,Local,2ND,04/12/2021,14,1,36%,0.00,0,2,0,0,,112,9,5,1,,0,0,1,1,2,0,0,0,,,0,2,71,16,25,,9/22 (41%),2/8 (25%),40%,2,17/37 (46%),4/16 (25%),3/6 (50%),44%,9,7,,15,,0,,,,,7
9594483,35,37166,NORMAL,REGULAR,Round 15,LEAGUE,2524,VfL Wolfsburg,Local,ALL,11/12/2021,15,0,52%,0.00,2,18,1,5,17,437,17,9,2,,4,0,7,7,10,8,0,2,,,3,,335,29,63,,35/70 (50%),6/27 (22%),53%,7,39/73 (53%),21/41 (51%),13/20 (65%),47%,17,14,,16,,1,,,,,4
9594483,35,37166,NORMAL,REGULAR,Round 15,LEAGUE,2524,VfL Wolfsburg,Local,1ST,11/12/2021,15,0,53%,0.00,0,5,0,2,,212,12,6,1,,1,0,3,1,1,4,0,0,,,3,,172,14,23,,15/32 (47%),0/14 (0%),60%,2,25/37 (68%),6/15 (40%),7/9 (78%),50%,12,8,,8,,0,,,,,2
9594483,35,37166,NORMAL,REGULAR,Round 15,LEAGUE,2524,VfL Wolfsburg,Local,2ND,11/12/2021,15,0,52%,0.00,2,13,1,3,,225,5,3,1,,3,0,4,6,9,4,0,2,,,0,,163,15,40,,20/38 (53%),6/13 (46%),47%,5,14/36 (39%),15/26 (58%),6/11 (55%),40%,5,6,,8,,1,,,,,2
9594483,35,37166,NORMAL,REGULAR,Round 15,LEAGUE,2677,VfB Stuttgart,Visita,ALL,11/12/2021,15,2,48%,0.00,2,11,4,3,9,410,14,16,2,,3,1,4,4,7,4,1,1,,,3,,305,18,49,,33/77 (43%),5/15 (33%),47%,11,34/73 (47%),20/41 (49%),4/10 (40%),79%,14,6,,25,,4,,,,,11
9594483,35,37166,NORMAL,REGULAR,Round 15,LEAGUE,2677,VfB Stuttgart,Visita,1ST,11/12/2021,15,1,47%,0.00,0,4,1,3,,196,4,6,1,,1,0,2,1,2,2,0,0,,,0,,151,11,23,,17/33 (52%),3/10 (30%),40%,8,12/37 (32%),9/15 (60%),2/6 (33%),75%,4,4,,15,,1,,,,,7
9594483,35,37166,NORMAL,REGULAR,Round 15,LEAGUE,2677,VfB Stuttgart,Visita,2ND,11/12/2021,15,1,48%,0.00,2,7,3,0,,214,10,10,1,,2,1,2,3,5,2,1,1,,,3,,154,7,26,,16/44 (36%),2/5 (40%),53%,3,22/36 (61%),11/26 (42%),2/4 (50%),80%,10,2,,10,,3,,,,,4
9594501,35,37166,NORMAL,REGULAR,Round 20,LEAGUE,2524,VfL Wolfsburg,Visita,ALL,23/01/2022,20,0,46%,0.00,1,10,1,3,16,397,15,15,1,,3,0,5,2,5,5,0,1,,,3,5,294,24,40,,31/53 (58%),4/17 (24%),55%,10,48/84 (57%),14/29 (48%),18/22 (82%),67%,15,15,,19,,1,,,,,7
9594501,35,37166,NORMAL,REGULAR,Round 20,LEAGUE,2524,VfL Wolfsburg,Visita,1ST,23/01/2022,20,0,46%,0.00,1,7,1,2,,203,6,7,0,,2,0,3,2,5,2,0,1,,,2,1,152,12,16,,17/28 (61%),3/11 (27%),48%,4,20/39 (51%),3/9 (33%),7/11 (64%),83%,6,5,,8,,1,,,,,4
9594501,35,37166,NORMAL,REGULAR,Round 20,LEAGUE,2524,VfL Wolfsburg,Visita,2ND,23/01/2022,20,0,46%,0.00,0,3,0,1,,194,9,8,1,,1,0,2,0,0,3,0,0,,,1,4,142,12,24,,14/25 (56%),1/6 (17%),60%,6,28/45 (62%),11/20 (55%),11/11 (100%),56%,9,10,,11,,0,,,,,3
9594501,35,37166,NORMAL,REGULAR,Round 20,LEAGUE,36360,RB Leipzig,Local,ALL,23/01/2022,20,2,54%,0.00,3,11,3,4,17,476,14,15,5,,3,1,5,3,3,8,2,1,,,3,2,369,21,54,,8/29 (28%),3/13 (23%),45%,11,36/84 (43%),15/29 (52%),7/11 (64%),43%,14,15,,11,,3,,,,,4
9594501,35,37166,NORMAL,REGULAR,Round 20,LEAGUE,36360,RB Leipzig,Local,1ST,23/01/2022,20,0,54%,0.00,0,3,2,1,,248,8,8,2,,1,0,2,0,0,3,0,0,,,2,1,201,15,29,,3/10 (30%),2/7 (29%),52%,5,19/39 (49%),6/9 (67%),3/4 (75%),38%,8,5,,7,,2,,,,,2
9594501,35,37166,NORMAL,REGULAR,Round 20,LEAGUE,36360,RB Leipzig,Local,2ND,23/01/2022,20,2,54%,0.00,3,8,1,3,,228,6,7,3,,2,1,3,3,3,5,2,1,,,1,1,168,6,25,,5/19 (26%),1/6 (17%),40%,6,17/45 (38%),9/20 (45%),4/7 (57%),50%,6,10,,4,,1,,,,,2
9757774,7,36886,NORMAL,GROUP,"UEFA Champions League, Group G",INTERNATIONAL,2046,Red Bull Salzburg,Visita,ALL,02/11/2021,4,1,58%,0.00,3,12,2,4,13,549,23,14,1,,6,0,5,1,7,5,0,3,,,3,4,436,36,93,,35/71 (49%),1/24 (4%),51%,12,50/94 (53%),19/42 (45%),14/25 (56%),61%,23,11,,6,,2,,,,,2
9757774,7,36886,NORMAL,GROUP,"UEFA Champions League, Group G",INTERNATIONAL,2046,Red Bull Salzburg,Visita,1ST,02/11/2021,4,1,53%,0.00,1,6,0,1,,274,10,11,0,,3,0,2,1,3,3,0,1,,,2,2,222,16,35,,17/32 (53%),0/5 (0%),53%,5,24/44 (55%),8/16 (50%),4/10 (40%),60%,10,7,,3,,0,,,,,1
9757774,7,36886,NORMAL,GROUP,"UEFA Champions League, Group G",INTERNATIONAL,2046,Red Bull Salzburg,Visita,2ND,02/11/2021,4,0,62%,0.00,2,6,2,3,,275,13,3,1,,3,0,3,0,4,2,0,2,,,1,2,214,20,58,,18/39 (46%),1/19 (5%),49%,7,26/50 (52%),11/26 (42%),10/15 (67%),62%,13,4,,3,,2,,,,,1
9757774,7,36886,NORMAL,GROUP,"UEFA Champions League, Group G",INTERNATIONAL,2524,VfL Wolfsburg,Local,ALL,02/11/2021,4,2,42%,0.00,3,8,5,1,14,409,23,13,3,,4,0,2,2,6,2,1,2,,,0,1,296,15,53,,44/84 (52%),1/7 (14%),49%,6,44/94 (47%),23/42 (55%),9/26 (35%),57%,23,12,,28,,5,,,,,10
9757774,7,36886,NORMAL,GROUP,"UEFA Champions League, Group G",INTERNATIONAL,2524,VfL Wolfsburg,Local,1ST,02/11/2021,4,1,47%,0.00,2,4,2,1,,240,11,6,1,,1,0,1,2,3,1,1,1,,,0,0,182,9,24,,23/38 (61%),1/4 (25%),47%,3,20/44 (45%),8/16 (50%),3/10 (30%),73%,11,3,,5,,2,,,,,4
9757774,7,36886,NORMAL,GROUP,"UEFA Champions League, Group G",INTERNATIONAL,2524,VfL Wolfsburg,Local,2ND,02/11/2021,4,1,38%,0.00,1,4,3,0,,169,12,7,2,,3,0,1,0,3,1,0,1,,,0,1,114,6,29,,21/46 (46%),0/3 (0%),51%,3,24/50 (48%),15/26 (58%),6/16 (38%),42%,12,9,,23,,3,,,,,6
9757782,7,36886,NORMAL,GROUP,"UEFA Champions League, Group G",INTERNATIONAL,2046,Red Bull Salzburg,Local,ALL,20/10/2021,3,3,54%,0.00,4,14,1,10,16,407,17,8,2,,6,1,4,4,10,4,3,1,2,,1,2,327,25,55,,22/50 (44%),5/14 (36%),41%,3,34/79 (43%),7/20 (35%),9/23 (39%),53%,17,7,,7,,1,,,,,4
9757782,7,36886,NORMAL,GROUP,"UEFA Champions League, Group G",INTERNATIONAL,2046,Red Bull Salzburg,Local,1ST,20/10/2021,3,1,56%,0.00,2,6,0,4,,209,9,4,1,,2,1,4,0,4,2,1,1,1,,0,1,173,12,28,,10/22 (45%),1/5 (20%),41%,3,18/41 (44%),2/8 (25%),5/12 (42%),67%,9,4,,4,,0,,,,,3
9757782,7,36886,NORMAL,GROUP,"UEFA Champions League, Group G",INTERNATIONAL,2046,Red Bull Salzburg,Local,2ND,20/10/2021,3,2,53%,0.00,2,8,1,6,,198,8,4,1,,4,0,0,4,6,2,2,0,1,,1,1,154,13,27,,12/28 (43%),4/9 (44%),42%,0,16/38 (42%),5/12 (42%),4/11 (36%),38%,8,3,,3,,1,,,,,1
9757782,7,36886,NORMAL,GROUP,"UEFA Champions League, Group G",INTERNATIONAL,2524,VfL Wolfsburg,Visita,ALL,20/10/2021,3,1,46%,0.00,1,8,3,4,9,344,17,15,2,,2,0,4,2,4,4,1,0,0,,3,0,275,24,45,,34/48 (71%),3/16 (19%),59%,9,45/79 (57%),13/20 (65%),15/23 (65%),65%,17,9,,15,,3,,,,,14
9757782,7,36886,NORMAL,GROUP,"UEFA Champions League, Group G",INTERNATIONAL,2524,VfL Wolfsburg,Visita,1ST,20/10/2021,3,1,44%,0.00,1,5,1,2,,162,10,8,0,,1,0,3,1,3,2,1,0,0,,0,0,130,13,21,,17/21 (81%),2/10 (20%),59%,4,23/41 (56%),6/8 (75%),6/11 (55%),60%,10,6,,9,,1,,,,,9
9757782,7,36886,NORMAL,GROUP,"UEFA Champions League, Group G",INTERNATIONAL,2524,VfL Wolfsburg,Visita,2ND,20/10/2021,3,0,47%,0.00,0,3,2,2,,182,7,7,2,,1,0,1,1,1,2,0,0,0,,3,0,145,11,24,,17/27 (63%),1/6 (17%),58%,5,22/38 (58%),7/12 (58%),9/12 (75%),71%,7,3,,6,,2,,,,,5
9757783,7,36886,NORMAL,GROUP,"UEFA Champions League, Group G",INTERNATIONAL,2524,VfL Wolfsburg,Local,ALL,29/09/2021,2,1,31%,0.00,2,9,3,1,15,265,17,10,7,1,2,0,4,3,5,4,1,1,1,,2,1,181,13,32,,18/46 (39%),3/3 (100%),55%,0,33/62 (53%),20/34 (59%),7/12 (58%),41%,17,9,,30,,3,,,,,7
9757783,7,36886,NORMAL,GROUP,"UEFA Champions League, Group G",INTERNATIONAL,2524,VfL Wolfsburg,Local,1ST,29/09/2021,2,0,39%,0.00,0,3,2,0,,182,6,7,2,0,0,0,2,1,0,3,0,0,0,,2,0,132,8,20,,12/26 (46%),1/1 (100%),53%,0,17/30 (57%),6/13 (46%),5/9 (56%),17%,6,7,,14,,2,,,,,3
9757783,7,36886,NORMAL,GROUP,"UEFA Champions League, Group G",INTERNATIONAL,2524,VfL Wolfsburg,Local,2ND,29/09/2021,2,1,21%,0.00,2,6,1,1,,83,11,3,5,1,2,0,2,2,5,1,1,1,1,,0,1,49,5,12,,6/20 (30%),2/2 (100%),57%,0,16/32 (50%),14/21 (67%),2/3 (67%),55%,11,2,,16,,1,,,,,4
9757783,7,36886,NORMAL,GROUP,"UEFA Champions League, Group G",INTERNATIONAL,2833,Sevilla,Visita,ALL,29/09/2021,2,1,69%,0.00,1,10,1,11,12,588,5,14,3,0,4,1,4,2,5,5,1,0,1,,5,1,504,19,69,,40/61 (66%),5/34 (15%),45%,9,29/62 (47%),14/34 (41%),10/18 (56%),40%,5,6,,6,,1,,,,,4
9757783,7,36886,NORMAL,GROUP,"UEFA Champions League, Group G",INTERNATIONAL,2833,Sevilla,Visita,1ST,29/09/2021,2,0,61%,0.00,0,5,0,6,,275,4,4,2,0,2,0,2,1,2,3,0,0,0,,1,0,231,8,31,,19/32 (59%),3/16 (19%),47%,2,13/30 (43%),7/13 (54%),5/9 (56%),50%,4,4,,3,,0,,,,,2
9757783,7,36886,NORMAL,GROUP,"UEFA Champions League, Group G",INTERNATIONAL,2833,Sevilla,Visita,2ND,29/09/2021,2,1,79%,0.00,1,5,1,5,,313,1,10,1,0,2,1,2,1,3,2,1,0,1,,4,1,273,11,38,,21/29 (72%),2/18 (11%),43%,7,16/32 (50%),7/21 (33%),5/9 (56%),0%,1,2,,3,,1,,,,,2
9757790,7,36886,NORMAL,GROUP,"UEFA Champions League, Group G",INTERNATIONAL,1643,Lille,Local,ALL,14/09/2021,1,0,53%,0.00,2,17,0,5,5,482,21,15,2,0,4,0,8,5,8,9,,2,0,,5,6,396,21,61,,23/47 (49%),5/22 (23%),54%,10,43/78 (55%),15/30 (50%),7/15 (47%),71%,21,8,,7,,0,,,,,7
9757790,7,36886,NORMAL,GROUP,"UEFA Champions League, Group G",INTERNATIONAL,1643,Lille,Local,1ST,14/09/2021,1,0,42%,0.00,0,6,0,1,,220,9,6,1,0,2,0,3,1,2,4,,0,0,,2,3,181,14,24,,16/29 (55%),1/5 (20%),48%,5,18/38 (47%),5/10 (50%),3/10 (30%),67%,9,5,,4,,0,,,,,4
9757790,7,36886,NORMAL,GROUP,"UEFA Champions League, Group G",INTERNATIONAL,1643,Lille,Local,2ND,14/09/2021,1,0,69%,0.00,2,11,0,4,,262,12,9,1,0,2,0,5,4,6,5,,2,0,,3,3,215,7,37,,7/18 (39%),4/17 (24%),58%,5,25/40 (63%),10/20 (50%),4/5 (80%),75%,12,3,,3,,0,,,,,3
9757790,7,36886,NORMAL,GROUP,"UEFA Champions League, Group G",INTERNATIONAL,2524,VfL Wolfsburg,Visita,ALL,14/09/2021,1,0,47%,0.00,0,2,4,0,16,433,18,5,6,1,0,0,2,0,1,1,,0,1,,1,1,337,18,42,,34/77 (44%),1/7 (14%),46%,8,35/78 (45%),15/30 (50%),12/25 (48%),56%,18,8,,20,,4,,,,,13
9757790,7,36886,NORMAL,GROUP,"UEFA Champions League, Group G",INTERNATIONAL,2524,VfL Wolfsburg,Visita,1ST,14/09/2021,1,0,58%,0.00,0,0,2,0,,309,12,3,1,0,0,0,0,0,0,0,,0,1,,1,0,258,8,27,,23/41 (56%),1/6 (17%),52%,1,20/38 (53%),5/10 (50%),5/13 (38%),58%,12,4,,6,,2,,,,,4
9757790,7,36886,NORMAL,GROUP,"UEFA Champions League, Group G",INTERNATIONAL,2524,VfL Wolfsburg,Visita,2ND,14/09/2021,1,0,31%,0.00,0,2,2,0,,124,6,2,5,1,0,0,2,0,1,1,,0,0,,0,1,79,10,15,,11/36 (31%),0/1 (0%),42%,7,15/40 (38%),10/20 (50%),7/12 (58%),50%,6,4,,14,,2,,,,,9
9757806,7,36886,NORMAL,GROUP,"UEFA Champions League, Group G",INTERNATIONAL,2524,VfL Wolfsburg,Visita,ALL,23/11/2021,5,0,39%,0.00,0,6,5,1,13,354,11,15,3,,1,1,3,2,2,4,0,,,,1,0,260,16,43,,22/61 (36%),2/9 (22%),48%,8,39/81 (48%),13/27 (48%),13/25 (52%),45%,11,15,,21,,5,,,,,9
9757806,7,36886,NORMAL,GROUP,"UEFA Champions League, Group G",INTERNATIONAL,2524,VfL Wolfsburg,Visita,1ST,23/11/2021,5,0,36%,0.00,0,2,1,1,,179,7,6,0,,1,1,1,0,1,1,0,,,,0,0,139,9,15,,11/26 (42%),1/4 (25%),48%,4,19/40 (48%),6/12 (50%),6/14 (43%),57%,7,9,,9,,1,,,,,1
9757806,7,36886,NORMAL,GROUP,"UEFA Champions League, Group G",INTERNATIONAL,2524,VfL Wolfsburg,Visita,2ND,23/11/2021,5,0,42%,0.00,0,4,4,0,,175,4,9,3,,0,0,2,2,1,3,0,,,,1,0,121,7,28,,11/35 (31%),1/5 (20%),48%,4,20/41 (49%),7/15 (47%),7/11 (64%),25%,4,6,,12,,4,,,,,8
9757806,7,36886,NORMAL,GROUP,"UEFA Champions League, Group G",INTERNATIONAL,2833,Sevilla,Local,ALL,23/11/2021,5,2,61%,0.00,2,15,1,7,15,554,20,12,1,,7,0,4,4,10,5,2,,,,5,2,463,31,73,,44/75 (59%),8/27 (30%),52%,4,42/81 (52%),14/27 (52%),11/18 (61%),70%,20,12,,8,,1,,,,,7
9757806,7,36886,NORMAL,GROUP,"UEFA Champions League, Group G",INTERNATIONAL,2833,Sevilla,Local,1ST,23/11/2021,5,1,64%,0.00,1,5,1,2,,325,12,5,1,,2,0,0,3,3,2,1,,,,2,0,285,13,26,,25/35 (71%),3/11 (27%),52%,3,21/40 (53%),6/12 (50%),4/8 (50%),75%,12,6,,4,,1,,,,,3
9757806,7,36886,NORMAL,GROUP,"UEFA Champions League, Group G",INTERNATIONAL,2833,Sevilla,Local,2ND,23/11/2021,5,1,58%,0.00,1,10,0,5,,229,8,7,0,,5,0,4,1,7,3,1,,,,3,2,178,18,47,,19/40 (48%),5/16 (31%),52%,1,21/41 (51%),8/15 (53%),7/10 (70%),63%,8,6,,4,,0,,,,,4
9757808,7,36886,NORMAL,GROUP,"UEFA Champions League, Group G",INTERNATIONAL,1643,Lille,Visita,ALL,08/12/2021,6,3,44%,0.00,5,13,1,3,8,375,16,22,3,,6,0,2,5,8,5,3,2,1,,3,,272,25,57,,24/59 (41%),0/5 (0%),53%,10,49/86 (57%),13/32 (41%),11/22 (50%),63%,16,7,,20,,1,,,,,11
9757808,7,36886,NORMAL,GROUP,"UEFA Champions League, Group G",INTERNATIONAL,1643,Lille,Visita,1ST,08/12/2021,6,1,40%,0.00,1,2,1,0,,190,8,9,1,,2,0,0,0,1,1,1,0,0,,1,,131,13,24,,14/34 (41%),0/1 (0%),51%,3,20/35 (57%),9/22 (41%),3/9 (33%),50%,8,5,,11,,1,,,,,9
9757808,7,36886,NORMAL,GROUP,"UEFA Champions League, Group G",INTERNATIONAL,1643,Lille,Visita,2ND,08/12/2021,6,2,49%,0.00,4,11,0,3,,185,8,13,2,,4,0,2,5,7,4,2,2,1,,2,,141,12,33,,10/25 (40%),0/4 (0%),54%,7,29/51 (57%),4/10 (40%),8/13 (62%),75%,8,2,,9,,0,,,,,2
9757808,7,36886,NORMAL,GROUP,"UEFA Champions League, Group G",INTERNATIONAL,2524,VfL Wolfsburg,Local,ALL,08/12/2021,6,1,56%,0.00,0,9,3,8,22,461,21,8,4,,3,0,5,1,7,2,0,0,0,,1,,356,17,49,,22/51 (43%),7/28 (25%),47%,11,37/86 (43%),19/32 (59%),8/13 (62%),71%,21,11,,6,,3,,,,,6
9757808,7,36886,NORMAL,GROUP,"UEFA Champions League, Group G",INTERNATIONAL,2524,VfL Wolfsburg,Local,1ST,08/12/2021,6,0,60%,0.00,0,6,1,3,,275,9,2,1,,2,0,4,0,5,1,0,0,0,,1,,215,12,33,,12/31 (39%),5/16 (31%),49%,5,15/35 (43%),13/22 (59%),4/7 (57%),78%,9,7,,1,,1,,,,,4
9757808,7,36886,NORMAL,GROUP,"UEFA Champions League, Group G",INTERNATIONAL,2524,VfL Wolfsburg,Local,2ND,08/12/2021,6,1,51%,0.00,0,3,2,5,,186,12,6,3,,1,0,1,1,2,1,0,0,0,,0,,141,5,16,,10/20 (50%),2/12 (17%),46%,6,22/51 (43%),6/10 (60%),4/6 (67%),67%,12,4,,5,,2,,,,,2
10352165,217,41962,NORMAL,PLAYOFF,Round 1,CUP,2524,VfL Wolfsburg,Visita,ALL,30/07/2022,1,1,71%,0.00,1,21,5,9,8,528,16,19,2,,4,1,9,8,13,8,,1,1,,6,0,430,29,86,,51/80 (64%),5/24 (21%),55%,17,45/84 (54%),18/30 (60%),10/19 (53%),63%,16,12,,6,,5,,,,,5
10352165,217,41962,NORMAL,PLAYOFF,Round 1,CUP,2524,VfL Wolfsburg,Visita,1ST,30/07/2022,1,0,72%,0.00,0,10,1,7,,257,11,9,1,,1,0,4,5,6,4,,0,1,,2,0,211,13,33,,24/34 (71%),3/16 (19%),56%,9,23/43 (53%),9/14 (64%),3/7 (43%),64%,11,9,,5,,1,,,,,4
10352165,217,41962,NORMAL,PLAYOFF,Round 1,CUP,2524,VfL Wolfsburg,Visita,2ND,30/07/2022,1,1,71%,0.00,1,11,4,2,,271,5,10,1,,3,1,5,3,7,4,,1,0,,4,0,219,16,53,,27/46 (59%),2/8 (25%),54%,8,22/41 (54%),9/16 (56%),7/12 (58%),60%,5,3,,1,,4,,,,,1
10352165,217,41962,NORMAL,PLAYOFF,Round 1,CUP,2614,FC Carl Zeiss Jena,Local,ALL,30/07/2022,1,0,29%,0.00,0,10,3,3,20,221,26,8,4,,5,0,3,2,5,5,,0,0,,1,4,130,24,51,,19/72 (26%),0/3 (0%),45%,12,39/84 (46%),12/30 (40%),5/9 (56%),73%,26,19,,19,,3,,,,,15
10352165,217,41962,NORMAL,PLAYOFF,Round 1,CUP,2614,FC Carl Zeiss Jena,Local,1ST,30/07/2022,1,0,28%,0.00,0,5,1,2,,104,13,5,2,,1,0,3,1,1,4,,0,0,,1,3,60,10,23,,8/33 (24%),0/3 (0%),44%,8,20/43 (47%),5/14 (36%),2/5 (40%),77%,13,7,,12,,1,,,,,6
10352165,217,41962,NORMAL,PLAYOFF,Round 1,CUP,2614,FC Carl Zeiss Jena,Local,2ND,30/07/2022,1,0,29%,0.00,0,5,2,1,,117,13,3,2,,4,0,0,1,4,1,,0,0,,0,1,70,14,28,,11/39 (28%),0/0 (0%),46%,4,19/41 (46%),7/16 (44%),3/4 (75%),69%,13,12,,7,,2,,,,,9
10388223,35,42268,NORMAL,REGULAR,Round 23,LEAGUE,2524,VfL Wolfsburg,Local,ALL,05/03/2023,23,2,52%,1.88,3,12,0,4,11,482,19,15,3,,7,0,2,3,10,2,1,2,3,,2,0,391,16,53,,30/66 (45%),7/17 (41%),49%,11,41/79 (52%),11/27 (41%),7/16 (44%),47%,19,4,,25,,0,-0.90,,,,7
10388223,35,42268,NORMAL,REGULAR,Round 23,LEAGUE,2524,VfL Wolfsburg,Local,1ST,05/03/2023,23,2,54%,1.57,2,8,0,3,,251,10,8,0,,4,0,1,3,7,1,1,1,2,,2,0,204,12,32,,12/31 (39%),3/10 (30%),52%,6,23/43 (53%),4/9 (44%),5/11 (45%),70%,10,2,,7,,0,,,,,2
10388223,35,42268,NORMAL,REGULAR,Round 23,LEAGUE,2524,VfL Wolfsburg,Local,2ND,05/03/2023,23,0,50%,0.31,1,4,0,1,,231,9,7,3,,3,0,1,0,3,1,0,1,1,,0,0,187,4,21,,18/35 (51%),4/7 (57%),46%,5,18/36 (50%),7/18 (39%),2/5 (40%),22%,9,2,,18,,0,,,,,5
10388223,35,42268,NORMAL,REGULAR,Round 23,LEAGUE,2674,Eintracht Frankfurt,Visita,ALL,05/03/2023,23,2,48%,0.63,2,10,4,5,16,438,20,11,3,,2,1,6,2,7,3,1,1,0,,5,1,345,25,57,,18/55 (33%),3/18 (17%),51%,4,38/79 (48%),16/27 (59%),7/22 (32%),50%,20,8,,16,,4,-0.24,,,,6
10388223,35,42268,NORMAL,REGULAR,Round 23,LEAGUE,2674,Eintracht Frankfurt,Visita,1ST,05/03/2023,23,2,46%,0.40,1,4,1,1,,215,12,3,1,,2,0,1,1,2,2,1,0,0,,1,0,163,13,24,,9/28 (32%),1/6 (17%),48%,1,20/43 (47%),5/9 (56%),5/14 (36%),58%,12,4,,11,,1,,,,,3
10388223,35,42268,NORMAL,REGULAR,Round 23,LEAGUE,2674,Eintracht Frankfurt,Visita,2ND,05/03/2023,23,0,50%,0.23,1,6,3,4,,223,8,8,2,,0,1,5,1,5,1,0,1,0,,4,1,182,12,33,,9/27 (33%),2/12 (17%),54%,3,18/36 (50%),11/18 (61%),2/8 (25%),38%,8,4,,5,,3,,,,,3
10388239,35,42268,NORMAL,REGULAR,Round 24,LEAGUE,2524,VfL Wolfsburg,Local,ALL,12/03/2023,24,1,58%,1.72,3,15,1,3,11,497,12,12,1,,6,1,6,3,10,5,0,3,,,2,1,389,21,46,,22/51 (43%),5/14 (36%),62%,6,32/54 (59%),29/45 (64%),8/13 (62%),75%,12,12,,16,,1,0.13,,,,10
10388239,35,42268,NORMAL,REGULAR,Round 24,LEAGUE,2524,VfL Wolfsburg,Local,1ST,12/03/2023,24,0,57%,1.28,2,10,1,2,,266,5,6,0,,2,1,5,3,7,3,0,2,,,2,0,214,9,20,,14/28 (50%),4/9 (44%),53%,4,15/29 (52%),12/22 (55%),4/9 (44%),80%,5,6,,4,,1,,,,,4
10388239,35,42268,NORMAL,REGULAR,Round 24,LEAGUE,2524,VfL Wolfsburg,Local,2ND,12/03/2023,24,1,59%,0.44,1,5,0,1,,231,7,6,1,,4,0,1,0,3,2,0,1,,,0,1,175,12,26,,8/23 (35%),1/5 (20%),71%,2,17/25 (68%),17/23 (74%),4/4 (100%),71%,7,6,,12,,0,,,,,6
10388239,35,42268,NORMAL,REGULAR,Round 24,LEAGUE,2547,1. FC Union Berlin,Visita,ALL,12/03/2023,24,1,42%,1.32,1,12,5,5,14,356,11,8,4,,2,0,7,3,7,5,1,0,,,3,1,248,20,61,,18/58 (31%),2/17 (12%),38%,4,22/54 (41%),16/45 (36%),3/11 (27%),45%,11,7,,18,,5,0.96,,,,10
10388239,35,42268,NORMAL,REGULAR,Round 24,LEAGUE,2547,1. FC Union Berlin,Visita,1ST,12/03/2023,24,0,43%,0.24,0,5,2,1,,202,9,3,2,,1,0,3,1,2,3,0,0,,,0,1,146,12,34,,10/27 (37%),1/7 (14%),47%,3,14/29 (48%),10/22 (45%),2/4 (50%),44%,9,3,,9,,2,,,,,5
10388239,35,42268,NORMAL,REGULAR,Round 24,LEAGUE,2547,1. FC Union Berlin,Visita,2ND,12/03/2023,24,1,41%,1.09,1,7,3,4,,154,2,5,2,,1,0,4,2,5,2,1,0,,,3,0,102,8,27,,8/31 (26%),1/10 (10%),29%,1,8/25 (32%),6/23 (26%),1/7 (14%),50%,2,4,,9,,3,,,,,5
10388259,35,42268,NORMAL,REGULAR,Round 25,LEAGUE,2524,VfL Wolfsburg,Visita,ALL,18/03/2023,25,1,43%,0.58,1,9,2,8,8,384,24,10,0,,3,0,5,1,4,5,,1,,,1,2,296,19,55,,29/55 (53%),3/17 (18%),60%,7,48/81 (59%),19/31 (61%),14/21 (67%),54%,24,6,,21,,2,0.38,,,,10
10388259,35,42268,NORMAL,REGULAR,Round 25,LEAGUE,2524,VfL Wolfsburg,Visita,1ST,18/03/2023,25,0,50%,0.31,1,4,1,5,,234,9,4,0,,1,0,2,1,3,1,,1,,,0,0,186,9,29,,16/27 (59%),2/9 (22%),57%,4,23/41 (56%),12/20 (60%),10/14 (71%),44%,9,3,,7,,1,,,,,5
10388259,35,42268,NORMAL,REGULAR,Round 25,LEAGUE,2524,VfL Wolfsburg,Visita,2ND,18/03/2023,25,1,35%,0.27,0,5,1,3,,150,15,6,0,,2,0,3,0,1,4,,0,,,1,2,110,10,26,,13/28 (46%),1/8 (13%),63%,3,25/40 (63%),7/11 (64%),4/7 (57%),60%,15,3,,14,,1,,,,,5
10388259,35,42268,NORMAL,REGULAR,Round 25,LEAGUE,2677,VfB Stuttgart,Local,ALL,18/03/2023,25,0,57%,0.54,0,12,2,3,10,504,14,8,1,,2,0,5,5,5,7,,0,,,1,4,428,24,51,,29/60 (48%),5/22 (23%),40%,13,33/81 (41%),12/31 (39%),11/22 (50%),43%,14,15,,18,,2,-0.13,,,,7
10388259,35,42268,NORMAL,REGULAR,Round 25,LEAGUE,2677,VfB Stuttgart,Local,1ST,18/03/2023,25,0,50%,0.16,0,5,1,1,,228,8,2,1,,1,0,1,3,1,4,,0,,,0,1,191,11,18,,13/28 (46%),1/8 (13%),43%,5,18/41 (44%),8/20 (40%),8/12 (67%),38%,8,6,,10,,1,,,,,3
10388259,35,42268,NORMAL,REGULAR,Round 25,LEAGUE,2677,VfB Stuttgart,Local,2ND,18/03/2023,25,0,65%,0.38,0,7,1,2,,276,6,6,0,,1,0,4,2,4,3,,0,,,1,3,237,13,33,,16/32 (50%),4/14 (29%),37%,8,15/40 (38%),4/11 (36%),3/10 (30%),50%,6,9,,8,,1,,,,,4
10388260,35,42268,NORMAL,REGULAR,Round 26,LEAGUE,2524,VfL Wolfsburg,Local,ALL,01/04/2023,26,2,68%,3.65,7,23,1,4,9,628,9,12,3,,5,1,14,4,16,7,2,5,1,,4,3,560,16,86,,36/54 (67%),11/27 (41%),50%,9,25/53 (47%),13/23 (57%),4/10 (40%),78%,9,5,,6,,1,-1.21,,,,4
10388260,35,42268,NORMAL,REGULAR,Round 26,LEAGUE,2524,VfL Wolfsburg,Local,1ST,01/04/2023,26,0,62%,2.23,4,9,0,2,,289,5,10,0,,2,1,6,1,7,2,0,4,0,,1,2,254,3,38,,21/33 (64%),3/11 (27%),58%,2,17/26 (65%),5/12 (42%),2/4 (50%),100%,5,2,,4,,0,,,,,2
10388260,35,42268,NORMAL,REGULAR,Round 26,LEAGUE,2524,VfL Wolfsburg,Local,2ND,01/04/2023,26,2,74%,1.43,3,14,1,2,,339,4,2,3,,3,0,8,3,9,5,2,1,1,,3,1,306,13,48,,15/21 (71%),8/16 (50%),42%,7,8/27 (30%),8/11 (73%),2/6 (33%),50%,4,3,,2,,1,,,,,2
10388260,35,42268,NORMAL,REGULAR,Round 26,LEAGUE,2600,FC Augsburg,Visita,ALL,01/04/2023,26,2,32%,0.58,2,5,3,7,15,291,15,9,2,,2,0,1,2,4,1,0,2,1,,2,2,201,17,43,,29/64 (45%),2/11 (18%),50%,4,28/53 (53%),10/23 (43%),4/9 (44%),40%,15,8,,20,,3,-0.69,,,,18
10388260,35,42268,NORMAL,REGULAR,Round 26,LEAGUE,2600,FC Augsburg,Visita,1ST,01/04/2023,26,2,38%,0.15,0,2,2,4,,173,4,4,0,,1,0,1,0,2,0,0,0,1,,0,0,129,8,23,,14/33 (42%),2/7 (29%),42%,1,9/26 (35%),7/12 (58%),1/5 (20%),25%,4,5,,5,,2,,,,,7
10388260,35,42268,NORMAL,REGULAR,Round 26,LEAGUE,2600,FC Augsburg,Visita,2ND,01/04/2023,26,0,26%,0.43,2,3,1,3,,118,11,5,2,,1,0,0,2,2,1,0,2,0,,2,2,72,9,20,,15/31 (48%),0/4 (0%),58%,3,19/27 (70%),3/11 (27%),3/4 (75%),45%,11,3,,15,,1,,,,,11
10388263,35,42268,NORMAL,REGULAR,Round 27,LEAGUE,2524,VfL Wolfsburg,Visita,ALL,09/04/2023,27,0,56%,1.50,2,10,4,8,11,482,21,12,1,,2,0,5,3,6,4,0,2,0,,1,2,402,22,76,,27/49 (55%),5/30 (17%),54%,6,41/74 (55%),11/22 (50%),8/19 (42%),76%,21,6,,14,,4,-0.17,,,,8
10388263,35,42268,NORMAL,REGULAR,Round 27,LEAGUE,2524,VfL Wolfsburg,Visita,1ST,09/04/2023,27,0,54%,0.73,1,4,2,4,,211,12,8,0,,1,0,1,2,1,3,0,1,0,,1,1,171,12,29,,14/24 (58%),2/14 (14%),57%,3,24/41 (59%),4/8 (50%),4/9 (44%),75%,12,2,,9,,2,,,,,3
10388263,35,42268,NORMAL,REGULAR,Round 27,LEAGUE,2524,VfL Wolfsburg,Visita,2ND,09/04/2023,27,0,58%,0.76,1,6,2,4,,271,9,4,1,,1,0,4,1,5,1,0,1,0,,0,1,231,10,47,,13/25 (52%),3/16 (19%),51%,3,17/33 (52%),7/14 (50%),4/10 (40%),78%,9,4,,5,,2,,,,,5
10388263,35,42268,NORMAL,REGULAR,Round 27,LEAGUE,2527,Borussia M'gladbach,Local,ALL,09/04/2023,27,2,44%,1.64,2,13,2,5,12,389,17,10,0,,6,0,3,4,7,6,1,1,1,,4,2,296,23,46,,20/49 (41%),6/12 (50%),46%,9,33/74 (45%),11/22 (50%),7/19 (37%),53%,17,7,,30,,2,1.65,,,,11
10388263,35,42268,NORMAL,REGULAR,Round 27,LEAGUE,2527,Borussia M'gladbach,Local,1ST,09/04/2023,27,1,46%,0.25,0,6,1,1,,183,8,6,0,,3,0,0,3,3,3,0,0,0,,3,1,141,14,21,,10/20 (50%),2/6 (33%),43%,6,17/41 (41%),4/8 (50%),3/9 (33%),63%,8,5,,17,,1,,,,,2
10388263,35,42268,NORMAL,REGULAR,Round 27,LEAGUE,2527,Borussia M'gladbach,Local,2ND,09/04/2023,27,1,42%,1.39,2,7,1,4,,206,9,4,0,,3,0,3,1,4,3,1,1,1,,1,1,155,9,25,,10/29 (34%),4/6 (67%),49%,3,16/33 (48%),7/14 (50%),4/10 (40%),44%,9,2,,13,,1,,,,,9
10388273,35,42268,NORMAL,REGULAR,Round 28,LEAGUE,2524,VfL Wolfsburg,Local,ALL,16/04/2023,28,0,43%,0.91,0,11,4,2,10,445,17,16,0,,3,0,6,2,8,3,,0,1,,1,1,367,15,58,,23/49 (47%),4/10 (40%),52%,6,45/80 (56%),6/18 (33%),12/16 (75%),53%,17,7,,18,,4,0.61,,,,5
10388273,35,42268,NORMAL,REGULAR,Round 28,LEAGUE,2524,VfL Wolfsburg,Local,1ST,16/04/2023,28,0,45%,0.17,0,2,1,2,,249,7,6,0,,0,0,1,1,2,0,,0,0,,0,1,207,9,30,,12/25 (48%),4/9 (44%),48%,2,18/35 (51%),2/7 (29%),5/7 (71%),43%,7,3,,8,,1,,,,,2
10388273,35,42268,NORMAL,REGULAR,Round 28,LEAGUE,2524,VfL Wolfsburg,Local,2ND,16/04/2023,28,0,40%,0.75,0,9,3,0,,196,10,10,0,,3,0,5,1,6,3,,0,1,,1,0,160,6,28,,11/24 (46%),0/1 (0%),55%,4,27/45 (60%),4/11 (36%),7/9 (78%),60%,10,4,,10,,3,,,,,3
10388273,35,42268,NORMAL,REGULAR,Round 28,LEAGUE,2681,Bayer 04 Leverkusen,Visita,ALL,16/04/2023,28,0,57%,1.22,1,15,3,5,17,593,10,9,5,,4,1,5,6,8,7,,1,4,,0,2,517,24,40,,33/45 (73%),2/20 (10%),48%,10,35/80 (44%),12/18 (67%),16/23 (70%),70%,10,8,,9,,3,0.56,,,,8
10388273,35,42268,NORMAL,REGULAR,Round 28,LEAGUE,2681,Bayer 04 Leverkusen,Visita,1ST,16/04/2023,28,0,55%,0.43,0,7,0,1,,310,4,5,0,,1,1,2,4,3,4,,0,2,,0,2,271,11,14,,16/21 (76%),1/7 (14%),52%,3,17/35 (49%),5/7 (71%),8/12 (67%),75%,4,5,,7,,0,,,,,3
10388273,35,42268,NORMAL,REGULAR,Round 28,LEAGUE,2681,Bayer 04 Leverkusen,Visita,2ND,16/04/2023,28,0,60%,0.79,1,8,3,4,,283,6,4,5,,3,0,3,2,5,3,,1,2,,0,0,246,13,26,,17/24 (71%),1/13 (8%),45%,7,18/45 (40%),7/11 (64%),8/11 (73%),67%,6,3,,2,,3,,,,,5
10388280,35,42268,NORMAL,REGULAR,Round 29,LEAGUE,2524,VfL Wolfsburg,Visita,ALL,22/04/2023,29,5,45%,3.57,4,15,5,3,8,312,18,11,3,,7,2,6,2,13,2,2,2,3,,1,0,225,16,33,,30/65 (46%),4/8 (50%),50%,7,44/78 (56%),14/39 (36%),15/29 (52%),61%,18,8,,31,,5,1.27,,,,9
10388280,35,42268,NORMAL,REGULAR,Round 29,LEAGUE,2524,VfL Wolfsburg,Visita,1ST,22/04/2023,29,3,47%,1.50,2,8,1,3,,139,6,7,1,,4,0,2,2,7,1,2,0,1,,0,0,97,9,16,,16/35 (46%),4/8 (50%),49%,5,19/36 (53%),8/19 (42%),6/11 (55%),83%,6,5,,11,,1,,,,,3
10388280,35,42268,NORMAL,REGULAR,Round 29,LEAGUE,2524,VfL Wolfsburg,Visita,2ND,22/04/2023,29,2,44%,2.07,2,7,4,0,,173,12,4,2,,3,2,4,0,6,1,0,2,2,,1,0,128,7,17,,14/30 (47%),0/0 (0%),50%,2,25/42 (60%),6/20 (30%),9/18 (50%),50%,12,3,,20,,4,,,,,6
10388280,35,42268,NORMAL,REGULAR,Round 29,LEAGUE,2542,VfL Bochum 1848,Local,ALL,22/04/2023,29,1,55%,2.64,4,24,2,10,11,360,21,8,3,,6,1,8,10,17,7,1,3,0,,2,4,264,29,66,,33/71 (46%),9/32 (28%),50%,12,34/78 (44%),25/39 (64%),5/11 (45%),57%,21,11,,17,,2,-1.72,,,,7
10388280,35,42268,NORMAL,REGULAR,Round 29,LEAGUE,2542,VfL Bochum 1848,Local,1ST,22/04/2023,29,0,53%,0.45,1,4,1,0,,160,10,5,3,,1,1,2,1,4,0,0,1,0,,1,4,111,18,32,,11/34 (32%),2/10 (20%),51%,4,17/36 (47%),11/19 (58%),2/4 (50%),50%,10,7,,13,,1,,,,,4
10388280,35,42268,NORMAL,REGULAR,Round 29,LEAGUE,2542,VfL Bochum 1848,Local,2ND,22/04/2023,29,1,56%,2.19,3,20,1,10,,200,11,3,0,,5,0,6,9,13,7,1,2,0,,1,0,153,11,34,,22/37 (59%),7/22 (32%),50%,8,17/42 (40%),14/20 (70%),3/7 (43%),64%,11,4,,4,,1,,,,,3
10388291,35,42268,NORMAL,REGULAR,Round 1,LEAGUE,2524,VfL Wolfsburg,Local,ALL,06/08/2022,1,2,61%,0.97,2,11,3,2,11,540,15,14,2,,3,0,5,3,5,6,1,1,4,,3,1,419,37,60,,25/61 (41%),3/16 (19%),50%,10,46/85 (54%),13/33 (39%),17/23 (74%),73%,15,11,,12,,3,-1.32,,,,4
10388291,35,42268,NORMAL,REGULAR,Round 1,LEAGUE,2524,VfL Wolfsburg,Local,1ST,06/08/2022,1,1,57%,0.57,1,7,2,1,,252,9,5,0,,1,0,4,2,2,5,1,0,2,,1,0,195,20,24,,13/32 (41%),0/6 (0%),42%,6,22/44 (50%),3/15 (20%),8/12 (67%),67%,9,7,,6,,2,,,,,2
10388291,35,42268,NORMAL,REGULAR,Round 1,LEAGUE,2524,VfL Wolfsburg,Local,2ND,06/08/2022,1,1,65%,0.40,1,4,1,1,,288,6,9,2,,2,0,1,1,3,1,0,1,2,,2,1,224,17,36,,12/29 (41%),3/10 (30%),58%,4,24/41 (59%),10/18 (56%),9/11 (82%),83%,6,4,,6,,1,,,,,2
10388291,35,42268,NORMAL,REGULAR,Round 1,LEAGUE,2534,SV Werder Bremen,Visita,ALL,06/08/2022,1,2,39%,0.80,1,10,1,5,14,344,16,11,2,,4,0,3,3,3,7,0,1,2,,1,4,227,17,57,,30/71 (42%),3/12 (25%),50%,9,39/85 (46%),20/33 (61%),12/18 (67%),38%,16,29,,20,,1,-0.62,,,,11
10388291,35,42268,NORMAL,REGULAR,Round 1,LEAGUE,2534,SV Werder Bremen,Visita,1ST,06/08/2022,1,2,43%,0.55,1,5,0,3,,189,10,3,0,,3,0,2,0,2,3,0,1,2,,0,3,133,11,32,,17/33 (52%),2/7 (29%),58%,5,22/44 (50%),12/15 (80%),9/13 (69%),30%,10,18,,9,,0,,,,,5
10388291,35,42268,NORMAL,REGULAR,Round 1,LEAGUE,2534,SV Werder Bremen,Visita,2ND,06/08/2022,1,0,35%,0.25,0,5,1,2,,155,6,8,2,,1,0,1,3,1,4,0,0,0,,1,1,94,6,25,,13/38 (34%),1/5 (20%),42%,4,17/41 (41%),8/18 (44%),3/5 (60%),50%,6,11,,11,,1,,,,,6
10388301,35,42268,NORMAL,REGULAR,Round 30,LEAGUE,2524,VfL Wolfsburg,Local,ALL,30/04/2023,30,3,51%,1.93,2,10,2,3,6,491,19,10,1,,4,0,5,1,9,1,1,1,2,,2,2,385,19,67,,27/63 (43%),3/9 (33%),54%,9,42/73 (58%),16/35 (46%),14/24 (58%),63%,19,11,,17,,2,0.93,,,,9
10388301,35,42268,NORMAL,REGULAR,Round 30,LEAGUE,2524,VfL Wolfsburg,Local,1ST,30/04/2023,30,3,57%,1.32,1,6,2,2,,274,8,5,0,,3,0,2,1,6,0,1,0,1,,0,1,225,9,41,,17/35 (49%),2/6 (33%),56%,3,19/31 (61%),9/19 (47%),7/11 (64%),75%,8,6,,8,,2,,,,,3
10388301,35,42268,NORMAL,REGULAR,Round 30,LEAGUE,2524,VfL Wolfsburg,Local,2ND,30/04/2023,30,0,45%,0.61,1,4,0,1,,217,11,5,1,,1,0,3,0,3,1,0,1,1,,2,1,160,10,26,,10/28 (36%),1/3 (33%),52%,6,23/42 (55%),7/16 (44%),7/13 (54%),55%,11,5,,9,,0,,,,,6
10388301,35,42268,NORMAL,REGULAR,Round 30,LEAGUE,2556,1. FSV Mainz 05,Visita,ALL,30/04/2023,30,0,49%,1.71,2,10,2,5,11,464,19,6,3,,2,0,6,2,7,3,0,2,2,,0,4,360,22,44,,18/49 (37%),4/16 (25%),46%,14,31/73 (42%),19/35 (54%),6/11 (55%),63%,19,16,,14,,2,-0.77,,,,10
10388301,35,42268,NORMAL,REGULAR,Round 30,LEAGUE,2556,1. FSV Mainz 05,Visita,1ST,30/04/2023,30,0,43%,1.31,2,5,1,3,,201,7,3,1,,2,0,2,1,4,1,0,2,1,,0,3,152,9,22,,5/20 (25%),3/9 (33%),44%,6,12/31 (39%),10/19 (53%),2/4 (50%),100%,7,8,,9,,1,,,,,5
10388301,35,42268,NORMAL,REGULAR,Round 30,LEAGUE,2556,1. FSV Mainz 05,Visita,2ND,30/04/2023,30,0,55%,0.40,0,5,1,2,,263,12,3,2,,0,0,4,1,3,2,0,0,1,,0,1,208,13,22,,13/29 (45%),1/7 (14%),48%,8,19/42 (45%),9/16 (56%),4/7 (57%),42%,12,8,,5,,1,,,,,5
10388310,35,42268,NORMAL,REGULAR,Round 2,LEAGUE,2524,VfL Wolfsburg,Visita,ALL,14/08/2022,2,0,32%,0.47,0,8,6,4,10,275,21,6,1,,2,0,1,5,4,4,,0,1,,2,2,193,19,68,,35/67 (52%),2/10 (20%),48%,13,34/76 (45%),14/24 (58%),7/15 (47%),33%,21,13,,24,,6,-0.28,,,,7
10388310,35,42268,NORMAL,REGULAR,Round 2,LEAGUE,2524,VfL Wolfsburg,Visita,1ST,14/08/2022,2,0,29%,0.16,0,3,2,3,,111,12,4,0,,0,0,0,3,1,2,,0,0,,2,1,63,12,33,,21/37 (57%),0/5 (0%),50%,6,21/46 (46%),10/16 (63%),5/11 (45%),33%,12,5,,14,,2,,,,,4
10388310,35,42268,NORMAL,REGULAR,Round 2,LEAGUE,2524,VfL Wolfsburg,Visita,2ND,14/08/2022,2,0,34%,0.31,0,5,4,1,,164,9,2,1,,2,0,1,2,3,2,,0,1,,0,1,130,7,35,,14/30 (47%),2/5 (40%),45%,7,13/30 (43%),4/8 (50%),2/4 (50%),33%,9,8,,10,,4,,,,,3
10388310,35,42268,NORMAL,REGULAR,Round 2,LEAGUE,2672,FC Bayern München,Local,ALL,14/08/2022,2,2,68%,2.17,1,24,2,8,7,592,21,10,2,,8,2,8,8,13,11,,1,0,,0,6,517,23,55,,35/57 (61%),4/20 (20%),52%,14,42/76 (55%),10/24 (42%),11/18 (61%),71%,21,9,,12,,2,0.65,,,,6
10388310,35,42268,NORMAL,REGULAR,Round 2,LEAGUE,2672,FC Bayern München,Local,1ST,14/08/2022,2,2,71%,1.27,0,12,0,3,,272,12,5,2,,4,2,4,4,7,5,,0,0,,0,4,229,14,31,,16/32 (50%),2/12 (17%),50%,7,25/46 (54%),6/16 (38%),8/13 (62%),67%,12,4,,7,,0,,,,,2
10388310,35,42268,NORMAL,REGULAR,Round 2,LEAGUE,2672,FC Bayern München,Local,2ND,14/08/2022,2,0,66%,0.89,1,12,2,5,,320,9,5,0,,4,0,4,4,6,6,,1,0,,0,2,288,9,24,,19/25 (76%),2/8 (25%),55%,7,17/30 (57%),4/8 (50%),3/5 (60%),78%,9,5,,5,,2,,,,,4
10388313,35,42268,NORMAL,REGULAR,Round 31,LEAGUE,2524,VfL Wolfsburg,Visita,ALL,07/05/2023,31,0,43%,1.25,2,10,4,6,14,368,21,10,1,,3,0,3,4,7,3,0,2,0,,0,2,311,9,46,,30/54 (56%),1/15 (7%),49%,11,39/79 (49%),7/15 (47%),8/14 (57%),71%,21,6,,14,,4,-2.00,,,,10
10388313,35,42268,NORMAL,REGULAR,Round 31,LEAGUE,2524,VfL Wolfsburg,Visita,1ST,07/05/2023,31,0,45%,0.90,1,5,1,4,,200,16,3,0,,2,0,1,2,4,1,0,1,0,,0,2,173,5,22,,13/24 (54%),0/8 (0%),55%,6,23/44 (52%),6/9 (67%),4/7 (57%),81%,16,5,,7,,1,,,,,5
10388313,35,42268,NORMAL,REGULAR,Round 31,LEAGUE,2524,VfL Wolfsburg,Visita,2ND,07/05/2023,31,0,40%,0.35,1,5,3,2,,168,5,7,1,,1,0,2,2,3,2,0,1,0,,0,0,138,4,24,,17/30 (57%),1/7 (14%),41%,5,16/35 (46%),1/6 (17%),4/7 (57%),40%,5,1,,7,,3,,,,,5
10388313,35,42268,NORMAL,REGULAR,Round 31,LEAGUE,2673,Borussia Dortmund,Local,ALL,07/05/2023,31,6,57%,4.22,9,20,3,10,11,501,17,14,0,,10,0,7,3,11,9,4,5,4,,3,2,445,14,67,,41/56 (73%),3/15 (20%),51%,8,40/79 (51%),8/15 (53%),10/23 (43%),82%,17,4,,11,,3,0.91,,,,6
10388313,35,42268,NORMAL,REGULAR,Round 31,LEAGUE,2673,Borussia Dortmund,Local,1ST,07/05/2023,31,3,55%,1.80,5,6,2,5,,242,9,8,0,,4,0,2,0,5,1,2,3,2,,1,2,214,9,37,,20/29 (69%),2/9 (22%),45%,6,21/44 (48%),3/9 (33%),5/15 (33%),78%,9,0,,5,,2,,,,,2
10388313,35,42268,NORMAL,REGULAR,Round 31,LEAGUE,2673,Borussia Dortmund,Local,2ND,07/05/2023,31,3,60%,2.42,4,14,1,5,,259,8,6,0,,6,0,5,3,6,8,2,2,2,,2,0,231,5,30,,21/27 (78%),1/6 (17%),59%,2,19/35 (54%),5/6 (83%),5/8 (63%),88%,8,4,,6,,1,,,,,4
10388324,35,42268,NORMAL,REGULAR,Round 4,LEAGUE,2524,VfL Wolfsburg,Visita,ALL,27/08/2022,4,0,58%,0.55,0,9,5,4,15,495,13,19,3,,4,0,3,2,7,2,0,0,0,,3,1,406,17,55,,49/77 (64%),2/16 (13%),53%,4,40/74 (54%),12/24 (50%),8/14 (57%),62%,13,18,,13,,5,0.70,,,,11
10388324,35,42268,NORMAL,REGULAR,Round 4,LEAGUE,2524,VfL Wolfsburg,Visita,1ST,27/08/2022,4,0,53%,0.02,0,1,2,1,,221,5,11,1,,0,0,0,1,0,1,0,0,0,,2,0,174,10,32,,22/39 (56%),0/8 (0%),51%,1,19/34 (56%),4/11 (36%),3/4 (75%),40%,5,7,,7,,2,,,,,6
10388324,35,42268,NORMAL,REGULAR,Round 4,LEAGUE,2524,VfL Wolfsburg,Visita,2ND,27/08/2022,4,0,62%,0.53,0,8,3,3,,274,8,8,2,,4,0,3,1,7,1,0,0,0,,1,1,232,7,23,,27/38 (71%),2/8 (25%),55%,3,21/40 (53%),8/13 (62%),5/10 (50%),75%,8,11,,6,,3,,,,,5
10388324,35,42268,NORMAL,REGULAR,Round 4,LEAGUE,36360,RB Leipzig,Local,ALL,27/08/2022,4,2,42%,3.67,6,16,4,8,20,359,10,14,3,,7,1,6,3,13,3,2,4,4,,2,1,271,22,43,,22/53 (42%),4/17 (24%),47%,5,34/74 (46%),12/24 (50%),10/18 (56%),40%,10,4,,15,,4,0.74,,,,9
10388324,35,42268,NORMAL,REGULAR,Round 4,LEAGUE,36360,RB Leipzig,Local,1ST,27/08/2022,4,1,47%,1.40,2,6,0,3,,196,2,10,1,,3,1,3,0,5,1,1,1,1,,2,0,148,12,22,,11/25 (44%),2/8 (25%),49%,2,15/34 (44%),7/11 (64%),3/6 (50%),50%,2,1,,8,,0,,,,,3
10388324,35,42268,NORMAL,REGULAR,Round 4,LEAGUE,36360,RB Leipzig,Local,2ND,27/08/2022,4,1,38%,2.27,4,10,4,5,,163,8,4,2,,4,0,3,3,8,2,1,3,3,,0,1,123,10,21,,11/28 (39%),2/9 (22%),45%,3,19/40 (48%),5/13 (38%),7/12 (58%),38%,8,3,,7,,4,,,,,6
10388336,35,42268,NORMAL,REGULAR,Round 32,LEAGUE,2524,VfL Wolfsburg,Local,ALL,13/05/2023,32,2,46%,1.13,2,9,2,3,17,392,15,12,2,,3,0,3,3,4,5,2,0,1,,1,0,294,25,52,,36/81 (44%),4/15 (27%),49%,7,33/70 (47%),25/49 (51%),6/15 (40%),73%,15,11,,27,,2,-0.69,,,,5
10388336,35,42268,NORMAL,REGULAR,Round 32,LEAGUE,2524,VfL Wolfsburg,Local,1ST,13/05/2023,32,1,48%,0.28,1,2,2,1,,208,11,5,1,,2,0,0,0,1,1,1,0,0,,0,0,157,14,20,,22/41 (54%),3/8 (38%),48%,5,19/38 (50%),10/22 (45%),3/6 (50%),73%,11,3,,16,,2,,,,,2
10388336,35,42268,NORMAL,REGULAR,Round 32,LEAGUE,2524,VfL Wolfsburg,Local,2ND,13/05/2023,32,1,44%,0.85,1,7,0,2,,184,4,7,1,,1,0,3,3,3,4,1,0,1,,1,0,137,11,32,,14/40 (35%),1/7 (14%),49%,2,14/32 (44%),15/27 (56%),3/9 (33%),75%,4,8,,11,,0,,,,,3
10388336,35,42268,NORMAL,REGULAR,Round 32,LEAGUE,2569,TSG Hoffenheim,Visita,ALL,13/05/2023,32,1,54%,1.05,1,10,1,7,12,457,16,17,2,,2,1,6,2,6,4,0,1,0,,5,7,355,26,67,,36/77 (47%),2/23 (9%),51%,5,37/70 (53%),24/49 (49%),4/14 (29%),56%,16,6,,14,,1,-0.59,,,,8
10388336,35,42268,NORMAL,REGULAR,Round 32,LEAGUE,2569,TSG Hoffenheim,Visita,1ST,13/05/2023,32,0,52%,0.40,0,7,1,3,,226,8,8,0,,2,1,4,1,3,4,0,0,0,,2,3,177,16,34,,16/35 (46%),1/12 (8%),52%,4,19/38 (50%),12/22 (55%),3/10 (30%),50%,8,4,,5,,1,,,,,3
10388336,35,42268,NORMAL,REGULAR,Round 32,LEAGUE,2569,TSG Hoffenheim,Visita,2ND,13/05/2023,32,1,56%,0.64,1,3,0,4,,231,8,9,2,,0,0,2,1,3,0,0,1,0,,3,4,178,10,33,,20/42 (48%),1/11 (9%),51%,1,18/32 (56%),12/27 (44%),1/4 (25%),63%,8,2,,9,,0,,,,,5
10388341,35,42268,NORMAL,REGULAR,Round 3,LEAGUE,2524,VfL Wolfsburg,Local,ALL,20/08/2022,3,0,72%,1.28,1,17,2,12,13,588,11,10,1,,6,0,5,6,12,5,,1,,,2,2,505,20,66,,55/73 (75%),7/36 (19%),47%,8,27/66 (41%),24/42 (57%),6/21 (29%),45%,11,3,,26,,2,1.07,,,,6
10388341,35,42268,NORMAL,REGULAR,Round 3,LEAGUE,2524,VfL Wolfsburg,Local,1ST,20/08/2022,3,0,67%,0.22,0,4,1,3,,262,6,6,1,,1,0,1,2,2,2,,0,,,0,0,221,11,32,,25/32 (78%),2/12 (17%),36%,6,16/45 (36%),7/19 (37%),4/16 (25%),67%,6,0,,9,,1,,,,,3
10388341,35,42268,NORMAL,REGULAR,Round 3,LEAGUE,2524,VfL Wolfsburg,Local,2ND,20/08/2022,3,0,77%,1.05,1,13,1,9,,326,5,4,0,,5,0,4,4,10,3,,1,,,2,2,284,9,34,,30/41 (73%),5/24 (21%),64%,2,11/21 (52%),17/23 (74%),2/5 (40%),20%,5,3,,17,,1,,,,,3
10388341,35,42268,NORMAL,REGULAR,Round 3,LEAGUE,2530,FC Schalke 04,Visita,ALL,20/08/2022,3,0,28%,1.11,1,10,6,4,10,226,23,13,3,,2,0,7,1,6,4,,1,,,1,8,144,18,42,,27/55 (49%),2/11 (18%),53%,6,39/66 (59%),18/42 (43%),4/9 (44%),61%,23,10,,40,,6,0.68,,,,7
10388341,35,42268,NORMAL,REGULAR,Round 3,LEAGUE,2530,FC Schalke 04,Visita,1ST,20/08/2022,3,0,33%,0.88,1,4,1,2,,129,18,8,2,,1,0,3,0,3,1,,1,,,1,4,83,9,20,,13/27 (48%),2/4 (50%),64%,4,29/45 (64%),12/19 (63%),3/5 (60%),61%,18,6,,14,,1,,,,,4
10388341,35,42268,NORMAL,REGULAR,Round 3,LEAGUE,2530,FC Schalke 04,Visita,2ND,20/08/2022,3,0,23%,0.23,0,6,5,2,,97,5,5,1,,1,0,4,1,3,3,,0,,,0,4,61,9,22,,14/28 (50%),0/7 (0%),36%,2,10/21 (48%),6/23 (26%),1/4 (25%),60%,5,4,,26,,5,,,,,3
10388348,35,42268,NORMAL,REGULAR,Round 33,LEAGUE,2524,VfL Wolfsburg,Visita,ALL,19/05/2023,33,0,57%,0.72,1,9,5,4,16,488,14,15,3,0,2,0,4,3,6,3,0,1,0,,2,0,397,17,62,,21/51 (41%),2/11 (18%),48%,9,35/72 (49%),12/26 (46%),6/11 (55%),57%,14,5,,16,,5,-0.98,,,,9
10388348,35,42268,NORMAL,REGULAR,Round 33,LEAGUE,2524,VfL Wolfsburg,Visita,1ST,19/05/2023,33,0,53%,0.15,0,2,3,1,,261,7,7,1,0,0,0,2,0,1,1,0,0,0,,0,0,222,7,28,,9/27 (33%),0/4 (0%),47%,4,17/33 (52%),3/10 (30%),3/3 (100%),71%,7,2,,10,,3,,,,,4
10388348,35,42268,NORMAL,REGULAR,Round 33,LEAGUE,2524,VfL Wolfsburg,Visita,2ND,19/05/2023,33,0,61%,0.56,1,7,2,3,,227,7,8,2,0,2,0,2,3,5,2,0,1,0,,2,0,175,10,34,,12/24 (50%),2/7 (29%),49%,5,18/39 (46%),9/16 (56%),3/8 (38%),43%,7,3,,6,,2,,,,,5
10388348,35,42268,NORMAL,REGULAR,Round 33,LEAGUE,2538,SC Freiburg,Local,ALL,19/05/2023,33,2,43%,1.32,2,16,2,4,15,366,14,15,1,1,7,0,6,3,11,5,1,1,1,,1,2,299,10,40,,38/62 (61%),6/19 (32%),52%,8,37/72 (51%),14/26 (54%),8/14 (57%),64%,14,10,,13,,2,0.50,,,,9
10388348,35,42268,NORMAL,REGULAR,Round 33,LEAGUE,2538,SC Freiburg,Local,1ST,19/05/2023,33,0,47%,0.48,0,9,0,1,,224,4,9,1,0,3,0,3,3,6,3,0,0,1,,0,0,194,5,24,,23/32 (72%),4/12 (33%),53%,4,16/33 (48%),7/10 (70%),3/6 (50%),75%,4,7,,3,,0,,,,,4
10388348,35,42268,NORMAL,REGULAR,Round 33,LEAGUE,2538,SC Freiburg,Local,2ND,19/05/2023,33,2,39%,0.84,2,7,2,3,,142,10,6,0,1,4,0,3,0,5,2,1,1,0,,1,2,105,5,16,,15/30 (50%),2/7 (29%),51%,4,21/39 (54%),7/16 (44%),5/8 (63%),60%,10,3,,10,,2,,,,,5
10388376,35,42268,NORMAL,REGULAR,Round 6,LEAGUE,2524,VfL Wolfsburg,Visita,ALL,10/09/2022,6,1,37%,1.01,2,7,0,5,13,308,10,15,4,,3,0,4,0,5,2,,2,1,,2,2,225,19,44,,25/62 (40%),5/13 (38%),48%,6,27/54 (50%),9/21 (43%),2/6 (33%),70%,10,15,,29,,0,0.00,,,,10
10388376,35,42268,NORMAL,REGULAR,Round 6,LEAGUE,2524,VfL Wolfsburg,Visita,1ST,10/09/2022,6,0,42%,0.71,2,4,0,4,,181,3,7,1,,2,0,2,0,2,2,,2,1,,0,1,146,10,19,,13/30 (43%),3/10 (30%),52%,2,12/23 (52%),3/6 (50%),2/4 (50%),100%,3,6,,9,,0,,,,,5
10388376,35,42268,NORMAL,REGULAR,Round 6,LEAGUE,2524,VfL Wolfsburg,Visita,2ND,10/09/2022,6,1,32%,0.30,0,3,0,1,,127,7,8,3,,1,0,2,0,3,0,,0,0,,2,1,79,9,25,,12/32 (38%),2/3 (67%),46%,4,15/31 (48%),6/15 (40%),0/2 (0%),57%,7,9,,20,,0,,,,,5
10388376,35,42268,NORMAL,REGULAR,Round 6,LEAGUE,2674,Eintracht Frankfurt,Local,ALL,10/09/2022,6,0,63%,0.73,0,10,2,10,16,521,10,13,2,,0,1,7,3,6,4,,0,0,,3,3,427,22,55,,28/53 (53%),5/26 (19%),52%,7,27/54 (50%),12/21 (57%),4/7 (57%),80%,10,5,,9,,2,-0.49,,,,5
10388376,35,42268,NORMAL,REGULAR,Round 6,LEAGUE,2674,Eintracht Frankfurt,Local,1ST,10/09/2022,6,0,58%,0.56,0,7,2,6,,256,4,4,1,,0,1,6,1,5,2,,0,0,,2,1,214,12,24,,16/28 (57%),4/15 (27%),48%,3,11/23 (48%),3/6 (50%),3/3 (100%),75%,4,2,,6,,2,,,,,2
10388376,35,42268,NORMAL,REGULAR,Round 6,LEAGUE,2674,Eintracht Frankfurt,Local,2ND,10/09/2022,6,0,68%,0.17,0,3,0,4,,265,6,9,1,,0,0,1,2,1,2,,0,0,,1,2,213,10,31,,12/25 (48%),1/11 (9%),54%,4,16/31 (52%),9/15 (60%),1/4 (25%),83%,6,3,,3,,0,,,,,3
10388378,35,42268,NORMAL,REGULAR,Round 5,LEAGUE,2524,VfL Wolfsburg,Local,ALL,03/09/2022,5,2,51%,1.04,2,9,2,5,13,387,18,14,2,,3,0,4,2,7,2,2,0,0,,3,2,299,30,80,,49/85 (58%),8/24 (33%),49%,5,36/78 (46%),20/36 (56%),4/18 (22%),61%,18,11,,12,,2,-1.11,,,,15
10388378,35,42268,NORMAL,REGULAR,Round 5,LEAGUE,2524,VfL Wolfsburg,Local,1ST,03/09/2022,5,1,45%,0.31,1,3,1,2,,169,7,7,1,,1,0,1,1,2,1,1,0,0,,2,1,130,11,32,,20/41 (49%),3/9 (33%),52%,4,17/35 (49%),11/19 (58%),3/5 (60%),43%,7,7,,3,,1,,,,,8
10388378,35,42268,NORMAL,REGULAR,Round 5,LEAGUE,2524,VfL Wolfsburg,Local,2ND,03/09/2022,5,1,56%,0.73,1,6,1,3,,218,11,7,1,,2,0,3,1,5,1,1,0,0,,1,1,169,19,48,,29/44 (66%),5/15 (33%),47%,1,19/43 (44%),9/17 (53%),1/13 (8%),73%,11,4,,9,,1,,,,,7
10388378,35,42268,NORMAL,REGULAR,Round 5,LEAGUE,2671,1. FC Köln,Visita,ALL,03/09/2022,5,4,49%,2.72,6,18,1,4,14,384,19,12,1,,5,0,7,6,12,6,3,3,2,,2,4,307,22,56,,25/63 (40%),5/15 (33%),51%,5,42/78 (54%),16/36 (44%),12/25 (48%),68%,19,10,,18,,1,-0.60,,,,8
10388378,35,42268,NORMAL,REGULAR,Round 5,LEAGUE,2671,1. FC Köln,Visita,1ST,03/09/2022,5,3,55%,1.61,3,7,0,2,,208,6,7,0,,3,0,3,1,5,2,2,1,1,,1,2,171,11,25,,11/32 (34%),2/10 (20%),48%,2,18/35 (51%),8/19 (42%),5/10 (50%),83%,6,4,,9,,0,,,,,4
10388378,35,42268,NORMAL,REGULAR,Round 5,LEAGUE,2671,1. FC Köln,Visita,2ND,03/09/2022,5,1,44%,1.11,3,11,1,2,,176,13,5,1,,2,0,4,5,7,4,1,2,1,,1,2,136,11,31,,14/31 (45%),3/5 (60%),53%,3,24/43 (56%),8/17 (47%),7/15 (47%),62%,13,6,,9,,1,,,,,4
10388388,35,42268,NORMAL,REGULAR,Round 34,LEAGUE,2524,VfL Wolfsburg,Local,ALL,27/05/2023,34,1,64%,3.46,4,20,3,7,9,559,14,18,1,,8,0,7,5,15,5,1,3,0,,3,2,473,28,80,,30/57 (53%),5/22 (23%),53%,8,42/75 (56%),17/36 (47%),10/13 (77%),79%,14,10,,9,,3,-0.17,,,,2
10388388,35,42268,NORMAL,REGULAR,Round 34,LEAGUE,2524,VfL Wolfsburg,Local,1ST,27/05/2023,34,1,64%,2.16,3,11,1,3,,297,9,7,0,,5,0,5,1,9,2,1,2,0,,1,2,263,13,28,,14/22 (64%),3/8 (38%),56%,3,25/41 (61%),4/11 (36%),9/10 (90%),89%,9,8,,3,,1,,,,,1
10388388,35,42268,NORMAL,REGULAR,Round 34,LEAGUE,2524,VfL Wolfsburg,Local,2ND,27/05/2023,34,0,63%,1.30,1,9,2,4,,262,5,11,1,,3,0,2,4,6,3,0,1,0,,2,0,210,15,52,,16/35 (46%),2/14 (14%),51%,5,17/34 (50%),13/25 (52%),1/3 (33%),60%,5,2,,6,,2,,,,,1
10388388,35,42268,NORMAL,REGULAR,Round 34,LEAGUE,2528,Hertha BSC,Visita,ALL,27/05/2023,34,2,36%,2.08,2,8,7,3,18,324,11,9,5,,5,0,1,2,6,2,1,1,2,,2,1,245,12,42,,29/53 (55%),3/7 (43%),47%,4,33/75 (44%),19/36 (53%),13/23 (57%),73%,11,9,,33,,7,1.52,,,,13
10388388,35,42268,NORMAL,REGULAR,Round 34,LEAGUE,2528,Hertha BSC,Visita,1ST,27/05/2023,34,0,36%,0.27,0,2,3,3,,166,4,2,2,,1,0,0,1,2,0,0,0,0,,0,0,132,4,23,,11/22 (50%),3/4 (75%),44%,3,16/41 (39%),7/11 (64%),10/16 (63%),100%,4,6,,13,,3,,,,,6
10388388,35,42268,NORMAL,REGULAR,Round 34,LEAGUE,2528,Hertha BSC,Visita,2ND,27/05/2023,34,2,37%,1.81,2,6,4,0,,158,7,7,3,,4,0,1,1,4,2,1,1,2,,2,1,113,8,19,,18/31 (58%),0/3 (0%),49%,1,17/34 (50%),12/25 (48%),3/7 (43%),57%,7,3,,20,,4,,,,,7
10388391,35,42268,NORMAL,REGULAR,Round 8,LEAGUE,2524,VfL Wolfsburg,Local,ALL,01/10/2022,8,3,57%,2.09,2,19,5,8,16,439,19,14,3,,6,0,8,5,10,9,1,1,0,,2,1,354,20,55,,35/55 (64%),4/22 (18%),49%,14,34/75 (45%),14/23 (61%),1/6 (17%),58%,19,2,,12,,5,1.22,,,,9
10388391,35,42268,NORMAL,REGULAR,Round 8,LEAGUE,2524,VfL Wolfsburg,Local,1ST,01/10/2022,8,2,53%,0.84,1,12,2,5,,200,9,5,1,,5,0,5,2,7,5,0,1,0,,1,1,168,9,26,,16/24 (67%),4/13 (31%),50%,7,15/34 (44%),7/10 (70%),1/2 (50%),67%,9,1,,2,,2,,,,,5
10388391,35,42268,NORMAL,REGULAR,Round 8,LEAGUE,2524,VfL Wolfsburg,Local,2ND,01/10/2022,8,1,61%,1.25,1,7,3,3,,239,10,9,2,,1,0,3,3,3,4,1,0,0,,1,0,186,11,29,,19/31 (61%),0/9 (0%),48%,7,19/41 (46%),7/13 (54%),0/4 (0%),50%,10,1,,10,,3,,,,,4
10388391,35,42268,NORMAL,REGULAR,Round 8,LEAGUE,2677,VfB Stuttgart,Visita,ALL,01/10/2022,8,2,43%,1.53,4,14,3,5,14,335,19,16,5,,7,1,5,2,9,5,2,2,1,,4,0,260,17,57,,36/64 (56%),6/17 (35%),51%,8,41/75 (55%),9/23 (39%),6/17 (35%),63%,19,9,,19,,3,-0.80,,,,14
10388391,35,42268,NORMAL,REGULAR,Round 8,LEAGUE,2677,VfB Stuttgart,Visita,1ST,01/10/2022,8,2,47%,0.85,3,7,3,2,,183,8,9,0,,4,0,2,1,4,3,2,1,1,,2,0,150,10,25,,18/32 (56%),4/8 (50%),50%,3,19/34 (56%),3/10 (30%),2/8 (25%),63%,8,5,,9,,3,,,,,7
10388391,35,42268,NORMAL,REGULAR,Round 8,LEAGUE,2677,VfB Stuttgart,Visita,2ND,01/10/2022,8,0,39%,0.68,1,7,0,3,,152,11,7,5,,3,1,3,1,5,2,0,1,0,,2,0,110,7,32,,18/32 (56%),2/9 (22%),52%,5,22/41 (54%),6/13 (46%),4/9 (44%),64%,11,4,,10,,0,,,,,7
10388392,35,42268,NORMAL,REGULAR,Round 7,LEAGUE,2524,VfL Wolfsburg,Visita,ALL,18/09/2022,7,0,52%,0.26,0,5,2,1,6,478,20,18,,,0,0,2,3,3,2,0,,0,,2,0,389,23,54,,38/72 (53%),1/5 (20%),61%,10,47/76 (62%),15/25 (60%),9/17 (53%),45%,20,5,,19,,2,-0.81,,,,13
10388392,35,42268,NORMAL,REGULAR,Round 7,LEAGUE,2524,VfL Wolfsburg,Visita,1ST,18/09/2022,7,0,52%,0.09,0,1,2,0,,245,11,13,,,0,0,1,0,1,0,0,,0,,2,0,199,6,26,,23/38 (61%),0/2 (0%),70%,5,30/42 (71%),9/14 (64%),6/8 (75%),55%,11,0,,11,,2,,,,,7
10388392,35,42268,NORMAL,REGULAR,Round 7,LEAGUE,2524,VfL Wolfsburg,Visita,2ND,18/09/2022,7,0,52%,0.17,0,4,0,1,,233,9,5,,,0,0,1,3,2,2,0,,0,,0,0,190,17,28,,15/34 (44%),1/3 (33%),51%,5,17/34 (50%),6/11 (55%),3/9 (33%),33%,9,5,,8,,0,,,,,6
10388392,35,42268,NORMAL,REGULAR,Round 7,LEAGUE,2547,1. FC Union Berlin,Local,ALL,18/09/2022,7,2,48%,1.37,1,16,0,4,18,430,18,6,,,4,0,10,2,11,5,1,,1,,3,2,345,27,75,,39/71 (55%),7/22 (32%),39%,18,29/76 (38%),10/25 (40%),5/7 (71%),61%,18,6,,5,,0,0.00,,,,7
10388392,35,42268,NORMAL,REGULAR,Round 7,LEAGUE,2547,1. FC Union Berlin,Local,1ST,18/09/2022,7,0,48%,0.50,0,7,0,3,,221,7,3,,,2,0,4,1,6,1,0,,0,,2,1,175,12,37,,20/31 (65%),5/12 (42%),30%,9,12/42 (29%),5/14 (36%),2/4 (50%),43%,7,2,,1,,0,,,,,4
10388392,35,42268,NORMAL,REGULAR,Round 7,LEAGUE,2547,1. FC Union Berlin,Local,2ND,18/09/2022,7,2,48%,0.87,1,9,0,1,,209,11,3,,,2,0,6,1,5,4,1,,1,,1,1,170,15,38,,19/40 (48%),2/10 (20%),49%,9,17/34 (50%),5/11 (45%),3/3 (100%),73%,11,4,,4,,0,,,,,3
10388413,35,42268,NORMAL,REGULAR,Round 9,LEAGUE,2524,VfL Wolfsburg,Visita,ALL,08/10/2022,9,1,52%,1.88,5,11,4,5,11,311,12,17,3,,7,2,3,1,7,4,1,4,0,,1,2,219,16,52,,36/77 (47%),5/22 (23%),60%,3,31/56 (55%),35/54 (65%),4/14 (29%),67%,12,8,,32,,4,1.06,,,,8
10388413,35,42268,NORMAL,REGULAR,Round 9,LEAGUE,2524,VfL Wolfsburg,Visita,1ST,08/10/2022,9,1,47%,0.75,1,1,2,2,,152,6,11,2,,1,0,0,0,1,0,1,0,0,,0,1,105,3,20,,21/40 (53%),1/8 (13%),58%,1,16/29 (55%),18/30 (60%),1/6 (17%),67%,6,4,,11,,2,,,,,2
10388413,35,42268,NORMAL,REGULAR,Round 9,LEAGUE,2524,VfL Wolfsburg,Visita,2ND,08/10/2022,9,0,57%,1.13,4,10,2,3,,159,6,6,1,,6,2,3,1,6,4,0,4,0,,1,1,114,13,32,,15/37 (41%),4/14 (29%),63%,2,15/27 (56%),17/24 (71%),3/8 (38%),67%,6,4,,21,,2,,,,,6
10388413,35,42268,NORMAL,REGULAR,Round 9,LEAGUE,2600,FC Augsburg,Local,ALL,08/10/2022,9,1,48%,2.04,3,17,6,11,19,283,13,9,5,,5,0,7,5,12,5,0,3,1,,4,2,186,23,64,,37/82 (45%),5/26 (19%),40%,5,25/56 (45%),19/54 (35%),3/10 (30%),38%,13,6,,14,,6,1.97,,,,6
10388413,35,42268,NORMAL,REGULAR,Round 9,LEAGUE,2600,FC Augsburg,Local,1ST,08/10/2022,9,0,53%,0.73,1,7,0,4,,167,6,5,3,,2,0,2,3,4,3,0,1,0,,2,1,120,11,38,,23/45 (51%),1/9 (11%),42%,3,13/29 (45%),12/30 (40%),2/5 (40%),50%,6,3,,3,,0,,,,,3
10388413,35,42268,NORMAL,REGULAR,Round 9,LEAGUE,2600,FC Augsburg,Local,2ND,08/10/2022,9,1,43%,1.31,2,10,6,7,,116,7,4,2,,3,0,5,2,8,2,0,2,1,,2,1,66,12,26,,14/37 (38%),4/17 (24%),37%,2,12/27 (44%),7/24 (29%),1/5 (20%),29%,7,3,,11,,6,,,,,3
10388417,35,42268,NORMAL,REGULAR,Round 11,LEAGUE,2524,VfL Wolfsburg,Visita,ALL,22/10/2022,11,2,43%,1.24,1,9,3,3,5,390,14,17,1,,1,0,6,2,6,3,1,0,0,13,3,2,298,20,52,37/82 (45%),17/59 (29%),4/8 (50%),59%,6,33/54 (61%),12/22 (55%),2/8 (25%),57%,14,8,,11,,3,0.06,1,,,9
10388417,35,42268,NORMAL,REGULAR,Round 11,LEAGUE,2524,VfL Wolfsburg,Visita,1ST,22/10/2022,11,1,48%,0.33,0,4,2,2,,235,10,8,0,,0,0,3,1,4,0,0,0,0,,1,1,197,8,23,,8/25 (32%),4/6 (67%),63%,5,19/28 (68%),3/7 (43%),1/3 (33%),60%,10,2,,6,,2,,,,,4
10388417,35,42268,NORMAL,REGULAR,Round 11,LEAGUE,2524,VfL Wolfsburg,Visita,2ND,22/10/2022,11,1,38%,0.91,1,5,1,1,,155,4,9,1,,1,0,3,1,2,3,1,0,0,,2,1,101,12,29,,9/34 (26%),0/2 (0%),56%,1,14/26 (54%),9/15 (60%),1/5 (20%),50%,4,6,,5,,1,,,,,5
10388417,35,42268,NORMAL,REGULAR,Round 11,LEAGUE,2681,Bayer 04 Leverkusen,Local,ALL,22/10/2022,11,2,57%,2.28,3,13,0,3,19,516,12,4,3,,5,1,5,3,7,6,2,1,2,17,2,2,426,29,60,98/141 (70%),24/54 (44%),2/8 (25%),41%,6,21/54 (39%),10/22 (45%),5/13 (38%),67%,12,6,,7,,0,-1.01,0,,,6
10388417,35,42268,NORMAL,REGULAR,Round 11,LEAGUE,2681,Bayer 04 Leverkusen,Local,1ST,22/10/2022,11,1,52%,1.48,2,7,0,1,,263,7,1,0,,3,1,2,2,5,2,1,1,2,,1,1,222,18,23,,16/29 (55%),0/1 (0%),37%,5,9/28 (32%),4/7 (57%),1/6 (17%),57%,7,3,,1,,0,,,,,4
10388417,35,42268,NORMAL,REGULAR,Round 11,LEAGUE,2681,Bayer 04 Leverkusen,Local,2ND,22/10/2022,11,1,62%,0.80,1,6,0,2,,253,5,3,3,,2,0,3,1,2,4,1,0,0,,1,1,204,11,37,,8/25 (32%),2/7 (29%),44%,1,12/26 (46%),6/15 (40%),4/7 (57%),80%,5,3,,6,,0,,,,,2
10388425,35,42268,NORMAL,REGULAR,Round 10,LEAGUE,2524,VfL Wolfsburg,Local,ALL,15/10/2022,10,2,55%,1.79,2,16,3,7,13,470,7,11,3,,4,2,9,3,12,4,1,1,0,,2,1,390,10,58,,30/50 (60%),8/23 (35%),42%,11,25/60 (42%),8/19 (42%),7/15 (47%),86%,7,8,,8,,3,-0.44,,,,4
10388425,35,42268,NORMAL,REGULAR,Round 10,LEAGUE,2524,VfL Wolfsburg,Local,1ST,15/10/2022,10,1,51%,1.18,2,7,1,2,,218,2,6,0,,2,1,4,1,5,2,1,1,0,,0,0,176,7,26,,19/28 (68%),4/11 (36%),39%,5,9/28 (32%),6/10 (60%),1/5 (20%),100%,2,5,,3,,1,,,,,2
10388425,35,42268,NORMAL,REGULAR,Round 10,LEAGUE,2524,VfL Wolfsburg,Local,2ND,15/10/2022,10,1,59%,0.61,0,9,2,5,,252,5,5,3,,2,1,5,2,7,2,0,0,0,,2,1,214,3,32,,11/22 (50%),4/12 (33%),44%,6,16/32 (50%),2/9 (22%),6/10 (60%),80%,5,3,,5,,2,,,,,2
10388425,35,42268,NORMAL,REGULAR,Round 10,LEAGUE,2527,Borussia M'gladbach,Visita,ALL,15/10/2022,10,2,45%,0.82,1,9,2,6,11,389,19,13,3,,5,0,2,2,7,2,0,1,2,,1,2,299,25,36,,30/63 (48%),7/14 (50%),58%,3,35/60 (58%),11/19 (58%),3/7 (43%),47%,19,3,,15,,2,-0.28,,,,16
10388425,35,42268,NORMAL,REGULAR,Round 10,LEAGUE,2527,Borussia M'gladbach,Visita,1ST,15/10/2022,10,1,49%,0.21,1,3,1,1,,211,9,8,1,,2,0,1,0,2,1,0,1,0,,0,1,161,18,20,,13/29 (45%),1/6 (17%),61%,2,19/28 (68%),4/10 (40%),2/2 (100%),33%,9,1,,8,,1,,,,,6
10388425,35,42268,NORMAL,REGULAR,Round 10,LEAGUE,2527,Borussia M'gladbach,Visita,2ND,15/10/2022,10,1,41%,0.61,0,6,1,5,,178,10,5,2,,3,0,1,2,5,1,0,0,2,,1,1,138,7,16,,17/34 (50%),6/8 (75%),56%,1,16/32 (50%),7/9 (78%),1/5 (20%),60%,10,2,,7,,1,,,,,10
10388451,35,42268,NORMAL,REGULAR,Round 13,LEAGUE,2524,VfL Wolfsburg,Visita,ALL,05/11/2022,13,3,44%,0.56,1,10,3,4,6,357,21,14,1,,3,1,6,1,6,4,1,0,,,1,0,252,27,51,,36/77 (47%),3/9 (33%),54%,8,40/74 (54%),20/37 (54%),5/17 (29%),52%,21,4,,34,,3,0.24,,,,14
10388451,35,42268,NORMAL,REGULAR,Round 13,LEAGUE,2524,VfL Wolfsburg,Visita,1ST,05/11/2022,13,1,49%,0.28,0,6,2,3,,203,9,8,0,,1,0,4,1,3,3,0,0,,,0,0,142,16,30,,20/42 (48%),2/5 (40%),58%,2,19/31 (61%),10/19 (53%),2/4 (50%),67%,9,1,,18,,2,,,,,6
10388451,35,42268,NORMAL,REGULAR,Round 13,LEAGUE,2524,VfL Wolfsburg,Visita,2ND,05/11/2022,13,2,38%,0.28,1,4,1,1,,154,12,6,1,,2,1,2,0,3,1,1,0,,,1,0,110,11,21,,16/35 (46%),1/4 (25%),51%,6,21/43 (49%),10/18 (56%),3/13 (23%),42%,12,3,,16,,1,,,,,8
10388451,35,42268,NORMAL,REGULAR,Round 13,LEAGUE,2556,1. FSV Mainz 05,Local,ALL,05/11/2022,13,0,56%,0.97,2,15,0,9,15,451,20,6,1,,3,1,8,4,8,7,0,2,,,0,1,345,26,73,,43/89 (48%),4/27 (15%),46%,14,34/74 (46%),17/37 (46%),8/15 (53%),65%,20,18,,5,,0,-1.76,,,,8
10388451,35,42268,NORMAL,REGULAR,Round 13,LEAGUE,2556,1. FSV Mainz 05,Local,1ST,05/11/2022,13,0,51%,0.43,1,8,0,6,,205,4,4,0,,2,1,3,3,4,4,0,1,,,0,1,154,9,39,,25/47 (53%),2/15 (13%),42%,7,12/31 (39%),9/19 (47%),4/6 (67%),75%,4,13,,3,,0,,,,,4
10388451,35,42268,NORMAL,REGULAR,Round 13,LEAGUE,2556,1. FSV Mainz 05,Local,2ND,05/11/2022,13,0,62%,0.54,1,7,0,3,,246,16,2,1,,1,0,5,1,4,3,0,1,,,0,0,191,17,34,,18/42 (43%),2/12 (17%),49%,7,22/43 (51%),8/18 (44%),4/9 (44%),63%,16,5,,2,,0,,,,,4
10388453,35,42268,NORMAL,REGULAR,Round 12,LEAGUE,2524,VfL Wolfsburg,Local,ALL,29/10/2022,12,4,52%,2.02,6,20,2,7,8,384,11,16,1,,7,1,9,4,11,9,2,4,0,,5,0,308,20,51,,33/60 (55%),6/26 (23%),44%,10,34/71 (48%),9/26 (35%),7/24 (29%),73%,11,13,,14,,2,0.72,,,,9
10388453,35,42268,NORMAL,REGULAR,Round 12,LEAGUE,2524,VfL Wolfsburg,Local,1ST,29/10/2022,12,2,51%,1.23,4,11,1,1,,199,8,9,1,,5,0,4,2,7,4,1,3,0,,2,0,161,7,26,,19/31 (61%),4/12 (33%),56%,6,22/43 (51%),8/11 (73%),5/13 (38%),63%,8,9,,10,,1,,,,,5
10388453,35,42268,NORMAL,REGULAR,Round 12,LEAGUE,2524,VfL Wolfsburg,Local,2ND,29/10/2022,12,2,53%,0.79,2,9,1,6,,185,3,7,0,,2,1,5,2,4,5,1,1,0,,3,0,147,13,25,,14/29 (48%),2/14 (14%),30%,4,12/28 (43%),1/15 (7%),2/11 (18%),100%,3,4,,4,,1,,,,,4
10388453,35,42268,NORMAL,REGULAR,Round 12,LEAGUE,2542,VfL Bochum 1848,Visita,ALL,29/10/2022,12,0,48%,0.50,0,10,2,2,17,379,27,8,1,,2,0,6,2,5,5,0,0,1,,1,1,271,14,56,,35/73 (48%),5/10 (50%),56%,6,37/71 (52%),17/26 (65%),3/8 (38%),56%,27,6,,20,,2,-2.17,,,,11
10388453,35,42268,NORMAL,REGULAR,Round 12,LEAGUE,2542,VfL Bochum 1848,Visita,1ST,29/10/2022,12,0,49%,0.37,0,5,2,1,,205,14,4,0,,1,0,4,0,4,1,0,0,1,,1,0,150,10,36,,21/43 (49%),2/4 (50%),44%,6,21/43 (49%),3/11 (27%),3/5 (60%),43%,14,4,,9,,2,,,,,6
10388453,35,42268,NORMAL,REGULAR,Round 12,LEAGUE,2542,VfL Bochum 1848,Visita,2ND,29/10/2022,12,0,47%,0.13,0,5,0,1,,174,13,4,1,,1,0,2,2,1,4,0,0,0,,0,1,121,4,20,,14/30 (47%),3/6 (50%),70%,0,16/28 (57%),14/15 (93%),0/3 (0%),69%,13,2,,11,,0,,,,,5
10388456,35,42268,NORMAL,REGULAR,Round 14,LEAGUE,2524,VfL Wolfsburg,Local,ALL,08/11/2022,14,2,37%,2.54,3,17,6,6,11,332,22,12,3,,8,0,6,3,13,4,2,1,2,,2,3,262,9,36,,33/55 (60%),4/12 (33%),52%,5,38/67 (57%),8/21 (38%),4/9 (44%),64%,22,11,,23,,6,0.57,,,,15
10388456,35,42268,NORMAL,REGULAR,Round 14,LEAGUE,2524,VfL Wolfsburg,Local,1ST,08/11/2022,14,1,42%,1.51,2,9,2,3,,210,11,5,1,,5,0,3,1,7,2,1,1,1,,0,1,171,7,20,,16/28 (57%),2/6 (33%),57%,1,18/29 (62%),3/8 (38%),2/5 (40%),82%,11,6,,13,,2,,,,,6
10388456,35,42268,NORMAL,REGULAR,Round 14,LEAGUE,2524,VfL Wolfsburg,Local,2ND,08/11/2022,14,1,31%,1.03,1,8,4,3,,122,11,7,2,,3,0,3,2,6,2,1,0,1,,2,2,91,2,16,,17/27 (63%),2/6 (33%),49%,4,20/38 (53%),5/13 (38%),2/4 (50%),45%,11,5,,10,,4,,,,,9
10388456,35,42268,NORMAL,REGULAR,Round 14,LEAGUE,2673,Borussia Dortmund,Visita,ALL,08/11/2022,14,0,63%,1.58,1,21,5,9,12,568,10,10,2,,6,1,9,6,13,8,0,1,0,,2,2,500,21,70,,45/58 (78%),10/26 (38%),48%,14,29/67 (43%),13/21 (62%),9/17 (53%),50%,10,8,,9,,5,0.31,,,,5
10388456,35,42268,NORMAL,REGULAR,Round 14,LEAGUE,2673,Borussia Dortmund,Visita,1ST,08/11/2022,14,0,58%,0.74,0,11,3,5,,291,4,3,0,,2,1,5,4,9,2,0,0,0,,0,0,257,13,31,,22/30 (73%),6/14 (43%),43%,7,11/29 (38%),5/8 (63%),4/8 (50%),50%,4,4,,4,,3,,,,,3
10388456,35,42268,NORMAL,REGULAR,Round 14,LEAGUE,2673,Borussia Dortmund,Visita,2ND,08/11/2022,14,0,69%,0.85,1,10,2,4,,277,6,7,2,,4,0,4,2,4,6,0,1,0,,2,2,243,8,39,,23/28 (82%),4/12 (33%),51%,7,18/38 (47%),8/13 (62%),5/9 (56%),50%,6,4,,5,,2,,,,,2
10388467,35,42268,NORMAL,REGULAR,Round 15,LEAGUE,2524,VfL Wolfsburg,Visita,ALL,12/11/2022,15,2,40%,0.73,3,6,7,1,11,314,14,14,3,,3,0,3,0,5,1,1,2,1,,3,2,207,19,50,,28/70 (40%),6/17 (35%),52%,9,34/62 (55%),16/35 (46%),6/12 (50%),50%,14,4,,23,,7,0.43,,,,14
10388467,35,42268,NORMAL,REGULAR,Round 15,LEAGUE,2524,VfL Wolfsburg,Visita,1ST,12/11/2022,15,1,49%,0.35,2,3,6,1,,206,6,7,1,,1,0,2,0,3,0,0,2,1,,2,2,152,12,21,,16/34 (47%),5/12 (42%),52%,2,15/23 (65%),6/17 (35%),2/5 (40%),50%,6,1,,9,,6,,,,,3
10388467,35,42268,NORMAL,REGULAR,Round 15,LEAGUE,2524,VfL Wolfsburg,Visita,2ND,12/11/2022,15,1,29%,0.38,1,3,1,0,,108,8,7,2,,2,0,1,0,2,1,1,0,0,,1,0,55,7,29,,12/36 (33%),1/5 (20%),51%,7,19/39 (49%),10/18 (56%),4/7 (57%),50%,8,3,,14,,1,,,,,11
10388467,35,42268,NORMAL,REGULAR,Round 15,LEAGUE,2569,TSG Hoffenheim,Local,ALL,12/11/2022,15,1,60%,1.38,2,22,2,7,15,472,15,10,0,,8,0,9,5,13,9,1,1,0,,4,2,375,27,67,,40/69 (58%),11/29 (38%),48%,6,28/62 (45%),19/35 (54%),4/12 (33%),60%,15,8,,7,,2,-1.25,,,,6
10388467,35,42268,NORMAL,REGULAR,Round 15,LEAGUE,2569,TSG Hoffenheim,Local,1ST,12/11/2022,15,1,51%,0.47,1,9,1,5,,222,5,3,0,,7,0,1,1,5,4,1,0,0,,1,1,171,13,30,,18/38 (47%),4/10 (40%),48%,4,8/23 (35%),11/17 (65%),1/3 (33%),60%,5,5,,4,,1,,,,,2
10388467,35,42268,NORMAL,REGULAR,Round 15,LEAGUE,2569,TSG Hoffenheim,Local,2ND,12/11/2022,15,0,71%,0.90,1,13,1,2,,250,10,7,0,,1,0,8,4,8,5,0,1,0,,3,1,204,14,37,,22/31 (71%),7/19 (37%),49%,2,20/39 (51%),8/18 (44%),3/9 (33%),60%,10,3,,3,,1,,,,,4
10388470,35,42268,NORMAL,REGULAR,Round 16,LEAGUE,2524,VfL Wolfsburg,Local,ALL,21/01/2023,16,6,54%,2.68,5,12,1,0,11,511,9,12,1,,10,0,0,2,8,4,5,,,,2,0,440,9,63,,30/51 (59%),2/11 (18%),53%,4,23/42 (55%),18/36 (50%),3/4 (75%),22%,9,8,,29,,1,0.04,,,,6
10388470,35,42268,NORMAL,REGULAR,Round 16,LEAGUE,2524,VfL Wolfsburg,Local,1ST,21/01/2023,16,3,49%,0.76,2,6,1,0,,222,6,6,1,,5,0,0,1,4,2,2,,,,1,0,185,3,33,,15/26 (58%),1/7 (14%),55%,1,11/19 (58%),12/23 (52%),0/0 (0%),33%,6,5,,22,,1,,,,,3
10388470,35,42268,NORMAL,REGULAR,Round 16,LEAGUE,2524,VfL Wolfsburg,Local,2ND,21/01/2023,16,3,59%,1.91,3,6,0,0,,289,3,6,0,,5,0,0,1,4,2,3,,,,1,0,255,6,30,,15/25 (60%),1/4 (25%),50%,3,12/23 (52%),6/13 (46%),3/4 (75%),0%,3,3,,7,,0,,,,,3
10388470,35,42268,NORMAL,REGULAR,Round 16,LEAGUE,2538,SC Freiburg,Visita,ALL,21/01/2023,16,0,46%,0.71,0,9,4,5,12,424,5,11,2,,1,0,3,5,8,1,0,,,,2,4,335,21,44,,23/47 (49%),1/12 (8%),47%,4,19/42 (45%),18/36 (50%),4/9 (44%),60%,5,8,,7,,4,-2.69,,,,2
10388470,35,42268,NORMAL,REGULAR,Round 16,LEAGUE,2538,SC Freiburg,Visita,1ST,21/01/2023,16,0,51%,0.28,0,5,2,3,,228,1,4,0,,1,0,2,2,4,1,0,,,,2,2,180,16,25,,11/24 (46%),0/8 (0%),45%,3,8/19 (42%),11/23 (48%),3/6 (50%),100%,1,3,,3,,2,,,,,0
10388470,35,42268,NORMAL,REGULAR,Round 16,LEAGUE,2538,SC Freiburg,Visita,2ND,21/01/2023,16,0,41%,0.43,0,4,2,2,,196,4,7,2,,0,0,1,3,4,0,0,,,,0,2,155,5,19,,12/23 (52%),1/4 (25%),50%,1,11/23 (48%),7/13 (54%),1/3 (33%),50%,4,5,,4,,2,,,,,2
10388491,35,42268,NORMAL,REGULAR,Round 17,LEAGUE,2524,VfL Wolfsburg,Visita,ALL,24/01/2023,17,5,59%,3.28,5,17,2,4,13,404,17,18,0,,7,0,5,5,14,3,4,1,,,8,2,317,25,46,,20/58 (34%),9/23 (39%),56%,10,40/74 (54%),20/34 (59%),5/12 (42%),53%,17,11,,23,,2,0.16,,,,6
10388491,35,42268,NORMAL,REGULAR,Round 17,LEAGUE,2524,VfL Wolfsburg,Visita,1ST,24/01/2023,17,3,66%,1.92,2,9,1,2,,252,8,9,0,,3,0,2,4,7,2,2,0,,,5,2,205,11,29,,9/28 (32%),6/13 (46%),65%,6,20/33 (61%),13/18 (72%),3/7 (43%),38%,8,4,,11,,1,,,,,2
10388491,35,42268,NORMAL,REGULAR,Round 17,LEAGUE,2524,VfL Wolfsburg,Visita,2ND,24/01/2023,17,2,49%,1.36,3,8,1,2,,152,9,9,0,,4,0,3,1,7,1,2,1,,,3,0,112,14,17,,11/30 (37%),3/10 (30%),47%,4,20/41 (49%),7/16 (44%),2/5 (40%),67%,9,7,,12,,1,,,,,4
10388491,35,42268,NORMAL,REGULAR,Round 17,LEAGUE,2528,Hertha BSC,Local,ALL,24/01/2023,17,0,41%,0.36,1,8,2,6,20,290,17,13,2,,2,0,4,2,4,4,0,1,,,1,0,203,21,47,,20/46 (43%),0/13 (0%),44%,8,34/74 (46%),14/34 (41%),4/13 (31%),53%,17,5,,18,,2,-1.22,,,,9
10388491,35,42268,NORMAL,REGULAR,Round 17,LEAGUE,2528,Hertha BSC,Local,1ST,24/01/2023,17,0,34%,0.09,0,3,0,2,,131,10,3,2,,1,0,1,1,1,2,0,0,,,0,0,89,12,25,,11/22 (50%),0/5 (0%),35%,5,13/33 (39%),5/18 (28%),0/3 (0%),70%,10,2,,9,,0,,,,,6
10388491,35,42268,NORMAL,REGULAR,Round 17,LEAGUE,2528,Hertha BSC,Local,2ND,24/01/2023,17,0,51%,0.27,1,5,2,4,,159,7,10,0,,1,0,3,1,3,2,0,1,,,1,0,114,9,22,,9/24 (38%),0/8 (0%),53%,3,21/41 (51%),9/16 (56%),4/10 (40%),29%,7,3,,9,,2,,,,,3
10388497,35,42268,NORMAL,REGULAR,Round 18,LEAGUE,2524,VfL Wolfsburg,Visita,ALL,28/01/2023,18,1,57%,0.68,2,9,3,6,12,486,14,15,3,,3,1,4,2,7,2,0,2,0,,2,2,383,33,62,,25/58 (43%),4/25 (16%),44%,8,36/71 (51%),16/48 (33%),7/19 (37%),71%,14,8,,13,,3,-0.63,,,,13
10388497,35,42268,NORMAL,REGULAR,Round 18,LEAGUE,2524,VfL Wolfsburg,Visita,1ST,28/01/2023,18,0,49%,0.37,1,3,3,3,,198,6,9,0,,1,1,2,0,3,0,0,1,0,,0,1,155,11,25,,12/29 (41%),1/9 (11%),48%,3,18/32 (56%),5/16 (31%),3/5 (60%),67%,6,6,,7,,3,,,,,6
10388497,35,42268,NORMAL,REGULAR,Round 18,LEAGUE,2524,VfL Wolfsburg,Visita,2ND,28/01/2023,18,1,65%,0.30,1,6,0,3,,288,8,6,3,,2,0,2,2,4,2,0,1,0,,2,1,228,22,37,,13/29 (45%),3/16 (19%),41%,5,18/39 (46%),11/32 (34%),4/14 (29%),75%,8,2,,6,,0,,,,,7
10388497,35,42268,NORMAL,REGULAR,Round 18,LEAGUE,2534,SV Werder Bremen,Local,ALL,28/01/2023,18,2,43%,2.28,2,14,2,2,16,369,20,11,3,,5,0,8,1,11,3,1,1,1,,3,2,271,24,50,,45/77 (58%),6/14 (43%),56%,10,35/71 (49%),32/48 (67%),4/8 (50%),60%,20,16,,31,,2,-0.16,,,,7
10388497,35,42268,NORMAL,REGULAR,Round 18,LEAGUE,2534,SV Werder Bremen,Local,1ST,28/01/2023,18,1,51%,1.79,1,10,1,1,,210,5,6,1,,4,0,5,1,8,2,1,0,0,,2,2,167,11,24,,25/38 (66%),5/10 (50%),52%,5,14/32 (44%),11/16 (69%),3/4 (75%),60%,5,5,,14,,1,,,,,4
10388497,35,42268,NORMAL,REGULAR,Round 18,LEAGUE,2534,SV Werder Bremen,Local,2ND,28/01/2023,18,1,35%,0.48,1,4,1,1,,159,15,5,2,,1,0,3,0,3,1,0,1,1,,1,0,104,13,26,,20/39 (51%),1/4 (25%),59%,5,21/39 (54%),21/32 (66%),1/4 (25%),60%,15,11,,17,,1,,,,,3
10388504,35,42268,NORMAL,REGULAR,Round 19,LEAGUE,2524,VfL Wolfsburg,Local,ALL,05/02/2023,19,2,52%,2.30,4,22,0,7,10,535,25,9,2,0,5,0,8,9,16,6,1,3,1,,3,5,462,18,71,,30/46 (65%),8/30 (27%),44%,13,41/85 (48%),11/34 (32%),7/11 (64%),56%,25,11,,12,,0,-3.11,,,,4
10388504,35,42268,NORMAL,REGULAR,Round 19,LEAGUE,2524,VfL Wolfsburg,Local,1ST,05/02/2023,19,1,38%,1.02,2,10,0,2,,201,13,4,1,0,2,0,6,2,9,1,1,1,1,,1,1,164,8,31,,8/20 (40%),3/10 (30%),41%,6,21/45 (47%),4/16 (25%),4/6 (67%),69%,13,8,,8,,0,,,,,4
10388504,35,42268,NORMAL,REGULAR,Round 19,LEAGUE,2524,VfL Wolfsburg,Local,2ND,05/02/2023,19,1,68%,1.28,2,12,0,5,,334,12,5,1,0,3,0,2,7,7,5,0,2,0,,2,4,298,10,40,,22/26 (85%),5/20 (25%),47%,7,20/40 (50%),7/18 (39%),3/5 (60%),42%,12,3,,4,,0,,,,,0
10388504,35,42268,NORMAL,REGULAR,Round 19,LEAGUE,2672,FC Bayern München,Visita,ALL,05/02/2023,19,4,48%,0.51,0,9,3,4,9,500,17,10,6,1,4,0,3,2,5,4,0,0,0,,1,3,420,16,33,,28/53 (53%),2/11 (18%),56%,13,44/85 (52%),23/34 (68%),17/29 (59%),59%,17,8,,26,,3,-0.46,,,,8
10388504,35,42268,NORMAL,REGULAR,Round 19,LEAGUE,2672,FC Bayern München,Visita,1ST,05/02/2023,19,3,62%,0.31,0,7,1,3,,334,8,7,3,0,3,0,3,1,3,4,0,0,0,,1,1,293,11,19,,15/23 (65%),2/9 (22%),59%,6,24/45 (53%),12/16 (75%),9/16 (56%),75%,8,3,,11,,1,,,,,4
10388504,35,42268,NORMAL,REGULAR,Round 19,LEAGUE,2672,FC Bayern München,Visita,2ND,05/02/2023,19,1,32%,0.20,0,2,2,1,,166,9,3,3,1,1,0,0,1,2,0,0,0,0,,0,2,127,5,14,,13/30 (43%),0/2 (0%),53%,7,20/40 (50%),11/18 (61%),8/13 (62%),44%,9,5,,15,,2,,,,,4
10388511,35,42268,NORMAL,REGULAR,Round 20,LEAGUE,2524,VfL Wolfsburg,Visita,ALL,10/02/2023,20,0,47%,1.30,3,8,5,3,20,298,14,10,4,,2,1,5,1,8,0,,3,1,,2,3,182,30,56,,19/77 (25%),1/7 (14%),49%,3,29/69 (42%),39/69 (57%),5/13 (38%),71%,14,4,,29,,5,0.75,,,,10
10388511,35,42268,NORMAL,REGULAR,Round 20,LEAGUE,2524,VfL Wolfsburg,Visita,1ST,10/02/2023,20,0,46%,0.83,2,2,3,2,,142,7,7,1,,0,1,2,0,2,0,,2,0,,2,3,89,17,25,,9/33 (27%),0/4 (0%),50%,3,17/30 (57%),16/36 (44%),3/5 (60%),71%,7,2,,15,,3,,,,,5
10388511,35,42268,NORMAL,REGULAR,Round 20,LEAGUE,2524,VfL Wolfsburg,Visita,2ND,10/02/2023,20,0,48%,0.47,1,6,2,1,,156,7,3,3,,2,0,3,1,6,0,,1,1,,0,0,93,13,31,,10/44 (23%),1/3 (33%),49%,0,12/39 (31%),23/33 (70%),2/8 (25%),71%,7,2,,14,,2,,,,,5
10388511,35,42268,NORMAL,REGULAR,Round 20,LEAGUE,2530,FC Schalke 04,Local,ALL,10/02/2023,20,0,53%,1.35,0,20,2,9,10,324,11,20,1,,5,0,9,6,11,9,,0,0,,4,5,201,31,59,,29/71 (41%),9/26 (35%),51%,3,40/69 (58%),30/69 (43%),9/20 (45%),64%,11,5,,7,,2,0.14,,,,6
10388511,35,42268,NORMAL,REGULAR,Round 20,LEAGUE,2530,FC Schalke 04,Local,1ST,10/02/2023,20,0,54%,0.32,0,8,0,4,,163,5,6,0,,3,0,4,1,3,5,,0,0,,2,2,106,20,27,,16/35 (46%),3/11 (27%),50%,2,13/30 (43%),20/36 (56%),2/7 (29%),60%,5,3,,6,,0,,,,,1
10388511,35,42268,NORMAL,REGULAR,Round 20,LEAGUE,2530,FC Schalke 04,Local,2ND,10/02/2023,20,0,52%,1.03,0,12,2,5,,161,6,14,1,,2,0,5,5,8,4,,0,0,,2,3,95,11,32,,13/36 (36%),6/15 (40%),51%,1,27/39 (69%),10/33 (30%),7/13 (54%),67%,6,2,,1,,2,,,,,5
10388528,35,42268,NORMAL,REGULAR,Round 21,LEAGUE,2524,VfL Wolfsburg,Local,ALL,18/02/2023,21,0,43%,0.24,0,7,1,2,16,460,17,14,1,,2,0,3,2,3,4,0,0,0,,2,0,372,19,44,,17/47 (36%),0/6 (0%),46%,4,46/91 (51%),6/23 (26%),15/24 (63%),53%,17,9,,21,,1,-1.09,,,,12
10388528,35,42268,NORMAL,REGULAR,Round 21,LEAGUE,2524,VfL Wolfsburg,Local,1ST,18/02/2023,21,0,36%,0.06,0,2,1,1,,196,10,8,0,,0,0,1,1,0,2,0,0,0,,1,0,152,10,20,,10/26 (38%),0/3 (0%),52%,2,25/44 (57%),5/14 (36%),7/11 (64%),60%,10,3,,9,,1,,,,,6
10388528,35,42268,NORMAL,REGULAR,Round 21,LEAGUE,2524,VfL Wolfsburg,Local,2ND,18/02/2023,21,0,50%,0.19,0,5,0,1,,264,7,6,1,,2,0,2,1,3,2,0,0,0,,1,0,220,9,24,,7/21 (33%),0/3 (0%),39%,2,21/47 (45%),1/9 (11%),8/13 (62%),43%,7,6,,12,,0,,,,,6
10388528,35,42268,NORMAL,REGULAR,Round 21,LEAGUE,36360,RB Leipzig,Visita,ALL,18/02/2023,21,3,57%,3.07,6,16,2,5,15,604,13,14,1,,5,1,9,2,10,6,2,4,1,,3,1,526,20,58,,43/59 (73%),6/16 (38%),54%,10,45/91 (49%),17/23 (74%),18/25 (72%),77%,13,12,,16,,2,0.13,,,,6
10388528,35,42268,NORMAL,REGULAR,Round 21,LEAGUE,36360,RB Leipzig,Visita,1ST,18/02/2023,21,1,64%,0.95,1,6,0,1,,341,6,7,0,,2,1,4,0,3,3,0,1,0,,1,0,308,9,24,,26/33 (79%),2/7 (29%),48%,6,19/44 (43%),9/14 (64%),6/10 (60%),100%,6,3,,8,,0,,,,,3
10388528,35,42268,NORMAL,REGULAR,Round 21,LEAGUE,36360,RB Leipzig,Visita,2ND,18/02/2023,21,2,50%,2.13,5,10,2,4,,263,7,7,1,,3,0,5,2,7,3,2,3,1,,2,1,218,11,34,,17/26 (65%),4/9 (44%),61%,4,26/47 (55%),8/9 (89%),12/15 (80%),57%,7,9,,8,,2,,,,,3
10388532,35,42268,NORMAL,REGULAR,Round 22,LEAGUE,2524,VfL Wolfsburg,Visita,ALL,25/02/2023,22,2,43%,1.01,1,7,5,2,16,343,15,9,2,,4,0,1,2,3,4,1,0,,,2,2,249,33,36,,30/63 (48%),2/12 (17%),44%,11,37/78 (47%),11/30 (37%),13/20 (65%),47%,15,14,,35,,5,0.78,,,,6
10388532,35,42268,NORMAL,REGULAR,Round 22,LEAGUE,2524,VfL Wolfsburg,Visita,1ST,25/02/2023,22,1,46%,0.19,0,5,1,1,,201,12,3,0,,3,0,1,1,2,3,0,0,,,0,1,153,17,21,,15/33 (45%),2/5 (40%),47%,4,23/46 (50%),4/11 (36%),8/13 (62%),42%,12,8,,17,,1,,,,,3
10388532,35,42268,NORMAL,REGULAR,Round 22,LEAGUE,2524,VfL Wolfsburg,Visita,2ND,25/02/2023,22,1,39%,0.82,1,2,4,1,,142,3,6,2,,1,0,0,1,1,1,1,0,,,2,1,96,16,15,,15/30 (50%),0/7 (0%),41%,7,14/32 (44%),7/19 (37%),5/7 (71%),67%,3,6,,18,,4,,,,,3
10388532,35,42268,NORMAL,REGULAR,Round 22,LEAGUE,2671,1. FC Köln,Local,ALL,25/02/2023,22,0,57%,1.26,2,13,2,10,9,446,18,16,1,,5,0,4,4,10,3,0,2,,,2,6,362,29,59,,20/44 (45%),8/34 (24%),56%,9,41/78 (53%),19/30 (63%),7/13 (54%),78%,18,6,,12,,2,-0.86,,,,2
10388532,35,42268,NORMAL,REGULAR,Round 22,LEAGUE,2671,1. FC Köln,Local,1ST,25/02/2023,22,0,54%,0.04,0,2,2,6,,227,9,9,0,,1,0,0,1,1,1,0,0,,,1,3,185,14,35,,12/25 (48%),1/14 (7%),53%,8,23/46 (50%),7/11 (64%),5/9 (56%),89%,9,5,,6,,2,,,,,0
10388532,35,42268,NORMAL,REGULAR,Round 22,LEAGUE,2671,1. FC Köln,Local,2ND,25/02/2023,22,0,61%,1.22,2,11,0,4,,219,9,7,1,,4,0,4,3,9,2,0,2,,,1,3,177,15,24,,8/19 (42%),7/20 (35%),59%,1,18/32 (56%),12/19 (63%),2/4 (50%),67%,9,1,,6,,0,,,,,2
10664215,217,41962,NORMAL,REGULAR,Round 2,CUP,2524,VfL Wolfsburg,Visita,ALL,18/10/2022,2,2,61%,0.00,3,19,4,6,11,472,17,14,4,,4,0,9,6,11,8,2,1,2,,6,3,364,24,74,,40/79 (51%),7/21 (33%),53%,4,33/60 (55%),20/40 (50%),2/9 (22%),82%,17,5,,22,,4,,,,,8
10664215,217,41962,NORMAL,REGULAR,Round 2,CUP,2524,VfL Wolfsburg,Visita,1ST,18/10/2022,2,1,61%,0.00,1,11,1,5,,217,10,8,1,,1,0,6,4,7,4,1,0,1,,3,1,172,11,32,,19/33 (58%),4/12 (33%),56%,1,20/34 (59%),5/11 (45%),2/6 (33%),90%,10,3,,10,,1,,,,,1
10664215,217,41962,NORMAL,REGULAR,Round 2,CUP,2524,VfL Wolfsburg,Visita,2ND,18/10/2022,2,1,61%,0.00,2,8,3,1,,255,7,6,3,,3,0,3,2,4,4,1,1,1,,3,2,192,13,42,,21/46 (46%),3/9 (33%),51%,3,13/26 (50%),15/29 (52%),0/3 (0%),71%,7,2,,12,,3,,,,,7
10664215,217,41962,NORMAL,REGULAR,Round 2,CUP,2557,Eintracht Braunschweig,Local,ALL,18/10/2022,2,1,39%,0.00,2,22,2,11,14,286,11,11,4,,5,0,10,7,14,8,0,2,1,,4,2,189,28,69,,29/64 (45%),11/25 (44%),47%,12,27/60 (45%),20/40 (50%),5/10 (50%),64%,11,12,,18,,2,,,,,8
10664215,217,41962,NORMAL,REGULAR,Round 2,CUP,2557,Eintracht Braunschweig,Local,1ST,18/10/2022,2,1,39%,0.00,1,7,0,4,,137,5,5,2,,2,0,2,3,7,0,0,1,1,,0,2,99,15,28,,12/24 (50%),4/9 (44%),44%,7,14/34 (41%),6/11 (55%),4/7 (57%),80%,5,5,,10,,0,,,,,6
10664215,217,41962,NORMAL,REGULAR,Round 2,CUP,2557,Eintracht Braunschweig,Local,2ND,18/10/2022,2,0,39%,0.00,1,15,2,7,,149,6,6,2,,3,0,8,4,7,8,0,1,0,,4,0,90,13,41,,17/40 (43%),7/16 (44%),49%,5,13/26 (50%),14/29 (48%),1/3 (33%),50%,6,7,,8,,2,,,,,2
10835917,217,41962,NORMAL,REGULAR,Round of 16,CUP,2524,VfL Wolfsburg,Visita,ALL,31/01/2023,5,1,54%,0.00,1,7,3,6,8,471,13,13,3,0,3,0,2,2,6,1,1,0,,,0,0,376,21,65,,30/67 (45%),5/24 (21%),54%,7,29/50 (58%),14/30 (47%),3/5 (60%),69%,13,10,,21,,3,,,,,4
10835917,217,41962,NORMAL,REGULAR,Round of 16,CUP,2524,VfL Wolfsburg,Visita,1ST,31/01/2023,5,1,48%,0.00,1,5,0,3,,206,6,8,0,0,2,0,2,1,4,1,1,0,,,0,0,155,10,34,,15/35 (43%),1/12 (8%),62%,2,15/21 (71%),5/11 (45%),1/3 (33%),50%,6,6,,14,,0,,,,,1
10835917,217,41962,NORMAL,REGULAR,Round of 16,CUP,2524,VfL Wolfsburg,Visita,2ND,31/01/2023,5,0,60%,0.00,0,2,3,3,,265,7,5,3,0,1,0,0,1,2,0,0,0,,,0,0,221,11,31,,15/32 (47%),4/12 (33%),48%,5,14/29 (48%),9/19 (47%),2/2 (100%),86%,7,4,,7,,3,,,,,3
10835917,217,41962,NORMAL,REGULAR,Round of 16,CUP,2547,1. FC Union Berlin,Local,ALL,31/01/2023,5,2,46%,0.00,3,10,2,3,15,395,9,8,3,1,6,1,4,0,6,4,2,1,,,1,3,312,27,54,,30/63 (48%),4/25 (16%),46%,8,21/50 (42%),16/30 (53%),4/9 (44%),33%,9,4,,18,,2,,,,,4
10835917,217,41962,NORMAL,REGULAR,Round of 16,CUP,2547,1. FC Union Berlin,Local,1ST,31/01/2023,5,1,52%,0.00,1,2,1,2,,226,4,2,2,0,1,1,1,0,2,0,1,0,,,0,1,181,18,28,,17/36 (47%),3/14 (21%),38%,3,6/21 (29%),6/11 (55%),0/3 (0%),25%,4,3,,10,,1,,,,,2
10835917,217,41962,NORMAL,REGULAR,Round of 16,CUP,2547,1. FC Union Berlin,Local,2ND,31/01/2023,5,1,40%,0.00,2,8,1,1,,169,5,6,2,1,5,0,3,0,4,4,1,1,,,1,2,131,9,26,,13/27 (48%),1/11 (9%),52%,5,15/29 (52%),10/19 (53%),4/6 (67%),40%,5,1,,8,,1,,,,,2
11360034,217,52284,NORMAL,PLAYOFF,Round 1,CUP,2524,VfL Wolfsburg,Visita,ALL,13/08/2023,1,6,66%,0.00,9,18,0,8,11,584,14,14,2,,13,1,2,3,13,5,6,3,2,,0,7,497,23,80,,38/60 (63%),3/13 (23%),52%,6,35/69 (51%),9/15 (60%),7/20 (35%),79%,14,5,66,6,,0,,,,,4
11360034,217,52284,NORMAL,PLAYOFF,Round 1,CUP,2524,VfL Wolfsburg,Visita,1ST,13/08/2023,1,2,57%,0.00,4,5,0,2,,240,8,7,1,,4,1,1,0,4,1,2,2,0,,0,3,193,11,32,,16/29 (55%),1/7 (14%),48%,4,20/41 (49%),5/11 (45%),5/12 (42%),75%,8,5,35,3,,0,,,,,4
11360034,217,52284,NORMAL,PLAYOFF,Round 1,CUP,2524,VfL Wolfsburg,Visita,2ND,13/08/2023,1,4,73%,0.00,5,13,0,6,,344,6,7,1,,9,0,1,3,9,4,4,1,2,,0,4,304,12,48,,22/31 (71%),2/6 (33%),59%,2,15/28 (54%),4/4 (100%),2/8 (25%),83%,6,0,31,3,,0,,,,,0
11360034,217,52284,NORMAL,PLAYOFF,Round 1,CUP,422626,TuS Makkabi Berlin,Local,ALL,13/08/2023,1,0,34%,0.00,0,3,7,1,15,306,19,11,2,,0,0,3,0,1,2,0,0,0,,1,3,217,20,33,,21/52 (40%),1/4 (25%),48%,7,34/69 (49%),6/15 (40%),4/11 (36%),63%,19,10,62,15,,7,,,,,5
11360034,217,52284,NORMAL,PLAYOFF,Round 1,CUP,422626,TuS Makkabi Berlin,Local,1ST,13/08/2023,1,0,43%,0.00,0,3,2,1,,182,11,7,1,,0,0,3,0,1,2,0,0,0,,1,1,130,14,17,,10/29 (34%),1/2 (50%),52%,5,21/41 (51%),6/11 (55%),3/6 (50%),73%,11,3,36,8,,2,,,,,2
11360034,217,52284,NORMAL,PLAYOFF,Round 1,CUP,422626,TuS Makkabi Berlin,Local,2ND,13/08/2023,1,0,27%,0.00,0,0,5,0,,124,8,4,1,,0,0,0,0,0,0,0,0,0,,0,2,87,6,16,,11/23 (48%),0/2 (0%),41%,2,13/28 (46%),0/4 (0%),1/5 (20%),50%,8,7,26,7,,5,,,,,3
11396178,35,52608,NORMAL,REGULAR,Round 34,LEAGUE,2524,VfL Wolfsburg,Local,ALL,18/05/2024,34,1,64%,0.76,1,13,3,1,13,483,21,15,2,,3,0,6,4,6,7,1,0,,17,4,1,372,16,60,98/145 (68%),25/75 (33%),5/19 (26%),52%,8,37/72 (51%),26/49 (53%),2/10 (20%),62%,21,4,50,14,,3,-0.15,1,0,,8
11396178,35,52608,NORMAL,REGULAR,Round 34,LEAGUE,2524,VfL Wolfsburg,Local,1ST,18/05/2024,34,1,64%,0.46,1,8,2,1,,229,18,11,0,,3,0,1,4,3,5,1,0,,,2,1,174,10,30,,15/47 (32%),3/10 (30%),60%,5,29/45 (64%),9/18 (50%),1/4 (25%),61%,18,1,27,8,,2,,,,,4
11396178,35,52608,NORMAL,REGULAR,Round 34,LEAGUE,2524,VfL Wolfsburg,Local,2ND,18/05/2024,34,0,65%,0.30,0,5,1,0,,254,3,4,2,,0,0,5,0,3,2,0,0,,,2,0,198,6,30,,10/28 (36%),2/9 (22%),43%,3,8/27 (30%),17/31 (55%),1/6 (17%),67%,3,3,23,6,,1,,,,,4
11396178,35,52608,NORMAL,REGULAR,Round 34,LEAGUE,2556,1. FSV Mainz 05,Visita,ALL,18/05/2024,34,3,36%,1.80,4,12,2,3,15,269,16,12,3,,6,0,6,0,7,5,3,1,,13,2,3,172,24,68,50/99 (51%),32/76 (42%),3/8 (38%),48%,14,35/72 (49%),23/49 (47%),8/15 (53%),44%,16,6,42,24,,2,0.08,1,2,,10
11396178,35,52608,NORMAL,REGULAR,Round 34,LEAGUE,2556,1. FSV Mainz 05,Visita,1ST,18/05/2024,34,1,36%,0.74,1,8,2,1,,132,8,5,1,,3,0,5,0,3,5,1,0,,,0,2,87,14,32,,14/36 (39%),2/4 (50%),40%,12,16/45 (36%),9/18 (50%),4/10 (40%),50%,8,3,25,7,,2,,,,,4
11396178,35,52608,NORMAL,REGULAR,Round 34,LEAGUE,2556,1. FSV Mainz 05,Visita,2ND,18/05/2024,34,2,35%,1.06,3,4,0,2,,137,8,7,2,,3,0,1,0,4,0,2,1,,,2,1,85,10,36,,18/40 (45%),1/4 (25%),57%,2,19/27 (70%),14/31 (45%),4/5 (80%),38%,8,3,17,17,,0,,,,,6
11396190,35,52608,NORMAL,REGULAR,Round 33,LEAGUE,2524,VfL Wolfsburg,Visita,ALL,12/05/2024,33,0,41%,0.16,1,5,1,0,8,506,26,7,2,,2,0,2,1,1,4,,1,,,0,0,444,12,34,,29/42 (69%),2/9 (22%),57%,5,39/67 (58%),5/10 (50%),6/13 (46%),50%,26,8,50,21,,1,-1.49,,,,5
11396190,35,52608,NORMAL,REGULAR,Round 33,LEAGUE,2524,VfL Wolfsburg,Visita,1ST,12/05/2024,33,0,41%,0.03,1,2,0,0,,258,14,3,0,,2,0,0,0,0,2,,1,,,0,0,228,4,17,,14/22 (64%),1/3 (33%),65%,2,19/29 (66%),5/8 (63%),2/3 (67%),50%,14,3,22,12,,0,,,,,2
11396190,35,52608,NORMAL,REGULAR,Round 33,LEAGUE,2524,VfL Wolfsburg,Visita,2ND,12/05/2024,33,0,40%,0.13,0,3,1,0,,248,12,4,2,,0,0,2,1,1,2,,0,,,0,0,216,8,17,,15/20 (75%),1/6 (17%),50%,3,20/38 (53%),0/2 (0%),4/10 (40%),50%,12,5,28,9,,1,,,,,3
11396190,35,52608,NORMAL,REGULAR,Round 33,LEAGUE,2672,FC Bayern München,Local,ALL,12/05/2024,33,2,59%,0.29,0,6,2,4,7,733,12,7,0,,3,0,3,0,5,1,,0,,,1,3,673,10,53,,28/42 (67%),5/14 (36%),43%,12,28/67 (42%),5/10 (50%),9/23 (39%),67%,12,7,54,8,,2,0.05,,,,6
11396190,35,52608,NORMAL,REGULAR,Round 33,LEAGUE,2672,FC Bayern München,Local,1ST,12/05/2024,33,2,59%,0.17,0,3,2,3,,362,3,1,0,,2,0,1,0,3,0,,0,,,0,3,335,4,27,,17/22 (77%),4/11 (36%),35%,7,10/29 (34%),3/8 (38%),6/13 (46%),67%,3,3,27,4,,2,,,,,1
11396190,35,52608,NORMAL,REGULAR,Round 33,LEAGUE,2672,FC Bayern München,Local,2ND,12/05/2024,33,0,60%,0.12,0,3,0,1,,371,9,6,0,,1,0,2,0,2,1,,0,,,1,0,338,6,26,,11/20 (55%),1/3 (33%),50%,5,18/38 (47%),2/2 (100%),3/10 (30%),67%,9,4,27,4,,0,,,,,5
11396196,35,52608,NORMAL,REGULAR,Round 32,LEAGUE,2524,VfL Wolfsburg,Local,ALL,04/05/2024,32,3,53%,2.19,5,21,1,9,11,530,8,13,0,,7,1,7,7,12,9,2,3,1,,2,0,455,23,43,,22/43 (51%),5/19 (26%),54%,12,26/57 (46%),22/32 (69%),5/11 (45%),50%,8,4,55,11,,1,0.22,,,,6
11396196,35,52608,NORMAL,REGULAR,Round 32,LEAGUE,2524,VfL Wolfsburg,Local,1ST,04/05/2024,32,2,63%,1.40,3,11,1,5,,300,6,9,0,,4,0,2,5,8,3,1,2,0,,1,0,258,9,26,,13/23 (57%),3/11 (27%),58%,6,19/37 (51%),12/16 (75%),4/7 (57%),50%,6,2,27,1,,1,,,,,4
11396196,35,52608,NORMAL,REGULAR,Round 32,LEAGUE,2524,VfL Wolfsburg,Local,2ND,04/05/2024,32,1,45%,0.79,2,10,0,4,,230,2,4,0,,3,1,5,2,4,6,1,1,1,,1,0,197,14,17,,9/20 (45%),2/8 (25%),47%,6,7/20 (35%),10/16 (63%),1/4 (25%),50%,2,2,28,10,,0,,,,,2
11396196,35,52608,NORMAL,REGULAR,Round 32,LEAGUE,2576,Darmstadt 98,Visita,ALL,04/05/2024,32,0,47%,0.38,0,6,4,2,13,466,18,11,3,,1,0,4,1,4,2,0,0,0,,1,4,384,16,41,,24/56 (43%),2/10 (20%),46%,4,31/57 (54%),10/32 (31%),2/6 (33%),72%,18,8,48,21,,4,-1.33,,,,7
11396196,35,52608,NORMAL,REGULAR,Round 32,LEAGUE,2576,Darmstadt 98,Visita,1ST,04/05/2024,32,0,37%,0.24,0,4,2,1,,182,9,7,2,,1,0,3,0,2,2,0,0,0,,1,2,140,7,11,,11/25 (44%),0/2 (0%),42%,2,18/37 (49%),4/16 (25%),2/6 (33%),89%,9,2,28,11,,2,,,,,2
11396196,35,52608,NORMAL,REGULAR,Round 32,LEAGUE,2576,Darmstadt 98,Visita,2ND,04/05/2024,32,0,55%,0.14,0,2,2,1,,284,9,4,1,,0,0,1,1,2,0,0,0,0,,0,2,244,9,30,,13/31 (42%),2/8 (25%),53%,2,13/20 (65%),6/16 (38%),0/0 (0%),56%,9,6,20,10,,2,,,,,5
11396207,35,52608,NORMAL,REGULAR,Round 31,LEAGUE,2524,VfL Wolfsburg,Visita,ALL,27/04/2024,31,2,49%,0.53,0,12,3,6,8,387,11,12,2,0,4,1,5,3,7,5,,0,,,2,2,309,16,41,,20/47 (43%),1/17 (6%),42%,7,24/53 (45%),12/32 (38%),1/4 (25%),36%,11,5,47,24,,3,-0.41,,,,8
11396207,35,52608,NORMAL,REGULAR,Round 31,LEAGUE,2524,VfL Wolfsburg,Visita,1ST,27/04/2024,31,0,38%,0.25,0,7,2,0,,179,7,3,0,0,1,1,3,3,4,3,,0,,,0,1,136,7,14,,12/27 (44%),0/1 (0%),41%,3,10/24 (42%),5/13 (38%),0/2 (0%),29%,7,1,25,17,,2,,,,,6
11396207,35,52608,NORMAL,REGULAR,Round 31,LEAGUE,2524,VfL Wolfsburg,Visita,2ND,27/04/2024,31,2,65%,0.28,0,5,1,6,,208,4,9,2,0,3,0,2,0,3,2,,0,,,2,1,173,9,27,,8/20 (40%),1/16 (6%),44%,4,14/29 (48%),7/19 (37%),1/2 (50%),50%,4,4,22,7,,1,,,,,2
11396207,35,52608,NORMAL,REGULAR,Round 31,LEAGUE,2538,SC Freiburg,Local,ALL,27/04/2024,31,1,51%,2.25,1,15,2,3,13,397,10,7,4,1,3,1,9,3,11,4,,1,,,2,3,320,18,57,,31/61 (51%),5/24 (21%),58%,4,29/53 (55%),20/32 (63%),12/19 (63%),60%,10,7,50,27,,2,-1.55,,,,3
11396207,35,52608,NORMAL,REGULAR,Round 31,LEAGUE,2538,SC Freiburg,Local,1ST,27/04/2024,31,1,62%,1.16,0,11,1,2,,284,5,4,0,0,2,1,6,3,7,4,,0,,,1,2,246,12,35,,16/29 (55%),4/17 (24%),59%,3,14/24 (58%),8/13 (62%),5/9 (56%),60%,5,3,28,7,,1,,,,,1
11396207,35,52608,NORMAL,REGULAR,Round 31,LEAGUE,2538,SC Freiburg,Local,2ND,27/04/2024,31,0,35%,1.08,1,4,1,1,,113,5,3,4,1,1,0,3,0,4,0,,1,,,1,1,74,6,22,,15/32 (47%),1/7 (14%),56%,1,15/29 (52%),12/19 (63%),7/10 (70%),60%,5,4,22,20,,1,,,,,2
11396213,35,52608,NORMAL,REGULAR,Round 30,LEAGUE,2524,VfL Wolfsburg,Local,ALL,20/04/2024,30,1,46%,0.85,3,9,1,5,11,354,13,15,4,,5,0,1,3,6,3,,3,0,,3,3,239,26,55,,30/70 (43%),3/13 (23%),49%,8,31/63 (49%),24/50 (48%),4/11 (36%),77%,13,6,51,42,,1,0.16,,,,7
11396213,35,52608,NORMAL,REGULAR,Round 30,LEAGUE,2524,VfL Wolfsburg,Local,1ST,20/04/2024,30,1,50%,0.15,1,3,1,2,,189,5,8,1,,1,0,0,2,2,1,,1,0,,0,1,137,14,23,,15/32 (47%),2/5 (40%),51%,2,16/28 (57%),10/23 (43%),3/5 (60%),100%,5,3,25,20,,1,,,,,4
11396213,35,52608,NORMAL,REGULAR,Round 30,LEAGUE,2524,VfL Wolfsburg,Local,2ND,20/04/2024,30,0,42%,0.70,2,6,0,3,,165,8,7,3,,4,0,1,1,4,2,,2,0,,3,2,102,12,32,,15/38 (39%),1/8 (13%),47%,6,15/35 (43%),14/27 (52%),1/6 (17%),63%,8,3,26,22,,0,,,,,3
11396213,35,52608,NORMAL,REGULAR,Round 30,LEAGUE,2542,VfL Bochum 1848,Visita,ALL,20/04/2024,30,0,54%,1.30,3,13,4,8,16,402,15,11,3,,1,0,5,7,7,6,,3,1,,3,6,290,23,75,,48/79 (61%),7/32 (22%),51%,8,32/63 (51%),26/50 (52%),6/11 (55%),73%,15,13,59,19,,4,-0.38,,,,6
11396213,35,52608,NORMAL,REGULAR,Round 30,LEAGUE,2542,VfL Bochum 1848,Visita,1ST,20/04/2024,30,0,50%,1.12,2,9,0,3,,183,4,6,1,,1,0,4,4,4,5,,2,1,,2,3,131,8,41,,23/37 (62%),4/17 (24%),49%,3,12/28 (43%),13/23 (57%),2/4 (50%),100%,4,8,25,8,,0,,,,,5
11396213,35,52608,NORMAL,REGULAR,Round 30,LEAGUE,2542,VfL Bochum 1848,Visita,2ND,20/04/2024,30,0,58%,0.18,1,4,4,5,,219,11,5,2,,0,0,1,3,3,1,,1,0,,1,3,159,15,34,,25/42 (60%),3/15 (20%),53%,5,20/35 (57%),13/27 (48%),4/7 (57%),64%,11,5,34,11,,4,,,,,1
11396225,35,52608,NORMAL,REGULAR,Round 29,LEAGUE,2524,VfL Wolfsburg,Visita,ALL,13/04/2024,29,0,50%,0.38,0,10,3,4,8,514,26,11,4,,3,0,7,0,4,6,,0,1,,,,447,19,56,,22/46 (48%),4/22 (18%),51%,13,39/75 (52%),10/22 (45%),2/8 (25%),50%,26,7,47,18,,3,-1.06,,,,7
11396225,35,52608,NORMAL,REGULAR,Round 29,LEAGUE,2524,VfL Wolfsburg,Visita,1ST,13/04/2024,29,0,49%,0.23,0,5,1,1,,257,11,5,3,,1,0,4,0,3,2,,0,1,,,,223,12,25,,15/30 (50%),2/8 (25%),40%,9,17/40 (43%),3/10 (30%),1/5 (20%),36%,11,5,21,7,,1,,,,,4
11396225,35,52608,NORMAL,REGULAR,Round 29,LEAGUE,2524,VfL Wolfsburg,Visita,2ND,13/04/2024,29,0,51%,0.16,0,5,2,3,,257,15,6,1,,2,0,3,0,1,4,,0,0,,,,224,7,31,,7/16 (44%),2/14 (14%),62%,4,22/35 (63%),7/12 (58%),1/3 (33%),60%,15,2,26,11,,2,,,,,3
11396225,35,52608,NORMAL,REGULAR,Round 29,LEAGUE,36360,RB Leipzig,Local,ALL,13/04/2024,29,3,50%,1.30,2,16,3,6,12,520,19,8,2,,6,0,5,5,12,4,,2,0,,,,455,17,54,,13/27 (48%),6/14 (43%),49%,16,36/75 (48%),12/22 (55%),9/19 (47%),79%,19,9,49,23,,3,0.21,,,,9
11396225,35,52608,NORMAL,REGULAR,Round 29,LEAGUE,36360,RB Leipzig,Local,1ST,13/04/2024,29,1,51%,0.41,0,8,1,5,,268,13,6,1,,2,0,3,3,4,4,,0,0,,,,234,8,30,,6/12 (50%),3/9 (33%),60%,7,23/40 (57%),7/10 (70%),4/8 (50%),69%,13,6,21,12,,1,,,,,5
11396225,35,52608,NORMAL,REGULAR,Round 29,LEAGUE,36360,RB Leipzig,Local,2ND,13/04/2024,29,2,49%,0.89,2,8,2,1,,252,6,2,1,,4,0,2,2,8,0,,2,0,,,,221,9,24,,7/15 (47%),3/5 (60%),38%,9,13/35 (37%),5/12 (42%),5/11 (45%),100%,6,3,28,11,,2,,,,,4
11396231,35,52608,NORMAL,REGULAR,Round 28,LEAGUE,2524,VfL Wolfsburg,Local,ALL,07/04/2024,28,1,61%,1.21,1,13,3,4,9,683,16,11,2,,4,0,6,3,10,3,0,1,,,2,0,615,16,68,,10/28 (36%),8/22 (36%),52%,8,35/66 (53%),13/27 (48%),8/16 (50%),50%,16,8,47,19,,3,-1.30,,,,6
11396231,35,52608,NORMAL,REGULAR,Round 28,LEAGUE,2524,VfL Wolfsburg,Local,1ST,07/04/2024,28,1,54%,0.42,0,5,3,0,,303,7,5,2,,2,0,1,2,4,1,0,0,,,2,0,273,7,21,,6/15 (40%),1/4 (25%),45%,5,17/37 (46%),5/12 (42%),5/10 (50%),71%,7,5,24,11,,3,,,,,4
11396231,35,52608,NORMAL,REGULAR,Round 28,LEAGUE,2524,VfL Wolfsburg,Local,2ND,07/04/2024,28,0,68%,0.79,1,8,0,4,,380,9,6,0,,2,0,5,1,6,2,0,1,,,0,0,342,9,47,,4/13 (31%),7/18 (39%),59%,3,18/29 (62%),8/15 (53%),3/6 (50%),33%,9,3,23,8,,0,,,,,2
11396231,35,52608,NORMAL,REGULAR,Round 28,LEAGUE,2527,Borussia M'gladbach,Visita,ALL,07/04/2024,28,3,39%,1.09,4,10,3,4,12,428,16,9,2,,6,1,4,0,9,1,1,3,,,2,2,349,21,36,,18/50 (36%),3/19 (16%),48%,13,31/66 (47%),14/27 (52%),7/10 (70%),44%,16,8,52,22,,3,-0.39,,,,7
11396231,35,52608,NORMAL,REGULAR,Round 28,LEAGUE,2527,Borussia M'gladbach,Visita,1ST,07/04/2024,28,0,46%,0.26,2,5,1,4,,249,10,5,0,,3,0,2,0,5,0,0,2,,,2,1,210,11,21,,10/24 (42%),3/14 (21%),55%,6,20/37 (54%),7/12 (58%),5/6 (83%),30%,10,2,28,6,,1,,,,,1
11396231,35,52608,NORMAL,REGULAR,Round 28,LEAGUE,2527,Borussia M'gladbach,Visita,2ND,07/04/2024,28,3,32%,0.82,2,5,2,0,,179,6,4,2,,3,1,2,0,4,1,1,1,,,0,1,139,10,15,,8/26 (31%),0/5 (0%),41%,7,11/29 (38%),7/15 (47%),2/4 (50%),67%,6,6,24,16,,2,,,,,6
11396240,35,52608,NORMAL,REGULAR,Round 27,LEAGUE,2524,VfL Wolfsburg,Visita,ALL,30/03/2024,27,2,51%,2.28,4,16,1,6,15,446,19,13,4,1,6,1,6,4,12,4,1,3,1,,4,1,382,23,51,,18/38 (47%),6/18 (33%),53%,10,35/72 (49%),15/22 (68%),4/12 (33%),37%,19,4,45,20,,1,0.30,,,,6
11396240,35,52608,NORMAL,REGULAR,Round 27,LEAGUE,2524,VfL Wolfsburg,Visita,1ST,30/03/2024,27,1,42%,0.69,1,7,1,4,,198,8,5,0,0,3,1,2,2,5,2,0,1,0,,3,0,165,13,17,,2/12 (17%),3/10 (30%),52%,5,16/35 (46%),10/15 (67%),3/9 (33%),25%,8,1,19,12,,1,,,,,4
11396240,35,52608,NORMAL,REGULAR,Round 27,LEAGUE,2524,VfL Wolfsburg,Visita,2ND,30/03/2024,27,1,61%,1.59,3,9,0,2,,248,11,8,4,1,3,0,4,2,7,2,1,2,1,,1,1,217,10,34,,16/26 (62%),3/8 (38%),55%,5,19/37 (51%),5/7 (71%),1/3 (33%),45%,11,3,26,8,,0,,,,,2
11396240,35,52608,NORMAL,REGULAR,Round 27,LEAGUE,2534,SV Werder Bremen,Local,ALL,30/03/2024,27,0,49%,0.52,1,6,3,3,13,435,18,14,4,1,1,0,2,3,3,3,0,1,0,,3,1,377,21,38,,27/49 (55%),2/10 (20%),47%,10,37/72 (51%),7/22 (32%),6/15 (40%),50%,18,6,40,17,,3,0.01,,,,8
11396240,35,52608,NORMAL,REGULAR,Round 27,LEAGUE,2534,SV Werder Bremen,Local,1ST,30/03/2024,27,0,58%,0.48,1,5,2,3,,274,11,6,2,1,1,0,1,3,3,2,0,1,0,,0,0,248,10,22,,16/30 (53%),2/7 (29%),48%,5,19/35 (54%),5/15 (33%),3/6 (50%),36%,11,3,23,9,,2,,,,,2
11396240,35,52608,NORMAL,REGULAR,Round 27,LEAGUE,2534,SV Werder Bremen,Local,2ND,30/03/2024,27,0,39%,0.04,0,1,1,0,,161,7,8,2,0,0,0,1,0,0,1,0,0,0,,3,1,129,11,16,,11/19 (58%),0/3 (0%),45%,5,18/37 (49%),2/7 (29%),3/9 (33%),71%,7,3,17,8,,1,,,,,6
11396251,35,52608,NORMAL,REGULAR,Round 26,LEAGUE,2524,VfL Wolfsburg,Local,ALL,16/03/2024,26,1,51%,1.35,2,15,2,8,12,395,13,18,1,1,4,0,7,4,9,6,,2,1,,1,1,326,13,36,,29/48 (60%),8/29 (28%),56%,10,33/66 (50%),20/29 (69%),6/11 (55%),54%,13,6,42,31,,2,-1.87,,,,7
11396251,35,52608,NORMAL,REGULAR,Round 26,LEAGUE,2524,VfL Wolfsburg,Local,1ST,16/03/2024,26,1,63%,1.01,1,10,1,7,,237,6,5,0,1,4,0,4,2,7,3,,1,1,,0,1,198,7,21,,18/28 (64%),7/21 (33%),48%,7,14/33 (42%),9/15 (60%),3/6 (50%),50%,6,2,22,10,,1,,,,,3
11396251,35,52608,NORMAL,REGULAR,Round 26,LEAGUE,2524,VfL Wolfsburg,Local,2ND,16/03/2024,26,0,39%,0.35,1,5,1,1,,158,7,13,1,0,0,0,3,2,2,3,,1,0,,1,0,128,6,15,,11/20 (55%),1/8 (13%),64%,3,19/33 (58%),11/14 (79%),3/5 (60%),57%,7,4,20,21,,1,,,,,4
11396251,35,52608,NORMAL,REGULAR,Round 26,LEAGUE,2600,FC Augsburg,Visita,ALL,16/03/2024,26,3,49%,0.75,1,15,3,6,19,390,15,12,3,0,5,0,7,3,9,6,,1,0,,3,5,311,17,56,,27/59 (46%),5/20 (25%),44%,7,33/66 (50%),9/29 (31%),7/13 (54%),87%,15,8,50,18,,3,-0.14,,,,8
11396251,35,52608,NORMAL,REGULAR,Round 26,LEAGUE,2600,FC Augsburg,Visita,1ST,16/03/2024,26,1,37%,0.36,0,6,3,0,,146,10,6,0,0,2,0,3,1,6,0,,0,0,,1,5,102,9,22,,15/33 (45%),0/2 (0%),52%,4,19/33 (58%),6/15 (40%),4/6 (67%),80%,10,6,25,14,,3,,,,,5
11396251,35,52608,NORMAL,REGULAR,Round 26,LEAGUE,2600,FC Augsburg,Visita,2ND,16/03/2024,26,2,61%,0.39,1,9,0,6,,244,5,6,3,0,3,0,4,2,3,6,,1,0,,2,0,209,8,34,,12/26 (46%),5/18 (28%),36%,3,14/33 (42%),3/14 (21%),3/7 (43%),100%,5,2,25,4,,0,,,,,3
11396259,35,52608,NORMAL,REGULAR,Round 25,LEAGUE,2524,VfL Wolfsburg,Visita,ALL,10/03/2024,25,0,24%,0.17,1,2,6,2,7,280,16,6,3,1,1,0,1,0,1,1,0,1,1,,0,,212,11,25,,19/48 (40%),1/5 (20%),49%,5,25/47 (53%),5/14 (36%),3/7 (43%),50%,16,4,36,23,,6,0.94,,,,14
11396259,35,52608,NORMAL,REGULAR,Round 25,LEAGUE,2524,VfL Wolfsburg,Visita,1ST,10/03/2024,25,0,26%,0.17,1,2,3,2,,152,6,3,3,1,1,0,1,0,1,1,0,1,1,,0,,110,5,17,,10/29 (34%),1/5 (20%),42%,3,10/22 (45%),3/9 (33%),1/5 (20%),67%,6,3,27,14,,3,,,,,6
11396259,35,52608,NORMAL,REGULAR,Round 25,LEAGUE,2524,VfL Wolfsburg,Visita,2ND,10/03/2024,25,0,22%,0.00,0,0,3,0,,128,10,3,0,0,0,0,0,0,0,0,0,0,0,,0,,102,6,8,,9/19 (47%),0/0 (0%),57%,2,15/25 (60%),2/5 (40%),2/2 (100%),40%,10,1,9,9,,3,,,,,8
11396259,35,52608,NORMAL,REGULAR,Round 25,LEAGUE,2681,Bayer 04 Leverkusen,Local,ALL,10/03/2024,25,2,76%,2.09,4,19,1,9,6,899,9,7,1,0,8,1,7,4,9,10,2,2,2,,3,,838,22,82,,25/34 (74%),3/15 (20%),51%,8,22/47 (47%),9/14 (64%),6/14 (43%),56%,9,3,41,7,,1,0.05,,,,1
11396259,35,52608,NORMAL,REGULAR,Round 25,LEAGUE,2681,Bayer 04 Leverkusen,Local,1ST,10/03/2024,25,1,74%,1.40,3,7,1,4,,449,7,4,0,0,4,1,3,0,3,4,1,2,1,,1,,411,15,54,,15/21 (71%),1/7 (14%),58%,2,12/22 (55%),6/9 (67%),1/5 (20%),57%,7,3,25,6,,1,,,,,0
11396259,35,52608,NORMAL,REGULAR,Round 25,LEAGUE,2681,Bayer 04 Leverkusen,Local,2ND,10/03/2024,25,1,78%,0.70,1,12,0,5,,450,2,3,1,0,4,0,4,4,6,6,1,0,1,,2,,427,7,28,,10/13 (77%),2/8 (25%),43%,6,10/25 (40%),3/5 (60%),5/9 (56%),50%,2,0,16,1,,0,,,,,1
11396270,35,52608,NORMAL,REGULAR,Round 24,LEAGUE,2524,VfL Wolfsburg,Local,ALL,02/03/2024,24,2,41%,0.86,1,12,,5,19,410,17,13,3,,2,0,6,4,7,5,1,,,,3,0,315,17,60,,32/65 (49%),3/17 (18%),49%,4,38/76 (50%),19/41 (46%),9/19 (47%),59%,17,5,51,10,,,-1.35,,,,5
11396270,35,52608,NORMAL,REGULAR,Round 24,LEAGUE,2524,VfL Wolfsburg,Local,1ST,02/03/2024,24,0,35%,0.32,0,3,,2,,199,8,5,2,,0,0,2,1,2,1,0,,,,2,0,152,7,23,,16/33 (48%),0/6 (0%),41%,2,18/39 (46%),6/20 (30%),6/11 (55%),50%,8,5,27,3,,,,,,,4
11396270,35,52608,NORMAL,REGULAR,Round 24,LEAGUE,2524,VfL Wolfsburg,Local,2ND,02/03/2024,24,2,50%,0.54,1,9,,3,,211,9,8,1,,2,0,4,3,5,4,1,,,,1,0,163,10,37,,16/32 (50%),3/11 (27%),57%,2,20/37 (54%),13/21 (62%),3/8 (38%),67%,9,0,24,7,,,,,,,1
11396270,35,52608,NORMAL,REGULAR,Round 24,LEAGUE,2677,VfB Stuttgart,Visita,ALL,02/03/2024,24,3,59%,1.14,1,7,,4,14,595,14,19,2,,3,0,3,1,4,3,1,,,,1,2,498,11,40,,34/58 (59%),3/15 (20%),51%,8,38/76 (50%),22/41 (54%),7/16 (44%),71%,14,5,54,18,,,-1.02,,,,9
11396270,35,52608,NORMAL,REGULAR,Round 24,LEAGUE,2677,VfB Stuttgart,Visita,1ST,02/03/2024,24,1,65%,0.23,0,4,,2,,373,7,11,0,,1,0,3,0,2,2,0,,,,0,0,321,5,18,,14/22 (64%),3/11 (27%),59%,2,21/39 (54%),14/20 (70%),4/10 (40%),86%,7,2,30,10,,,,,,,3
11396270,35,52608,NORMAL,REGULAR,Round 24,LEAGUE,2677,VfB Stuttgart,Visita,2ND,02/03/2024,24,2,50%,0.90,1,3,,2,,222,7,8,2,,2,0,0,1,2,1,1,,,,1,2,177,6,22,,20/36 (56%),0/4 (0%),43%,6,17/37 (46%),8/21 (38%),3/6 (50%),57%,7,3,24,8,,,,,,,6
11396277,35,52608,NORMAL,REGULAR,Round 23,LEAGUE,2524,VfL Wolfsburg,Visita,ALL,25/02/2024,23,2,44%,1.02,2,14,3,3,7,402,23,9,1,,8,1,5,1,8,6,0,2,2,,1,2,284,19,62,,25/67 (37%),4/15 (27%),47%,7,35/78 (45%),25/49 (51%),3/10 (30%),78%,23,8,56,20,,3,-0.12,,,,9
11396277,35,52608,NORMAL,REGULAR,Round 23,LEAGUE,2524,VfL Wolfsburg,Visita,1ST,25/02/2024,23,2,48%,0.82,2,10,2,2,,211,8,4,1,,5,1,5,0,7,3,0,2,2,,1,2,156,8,34,,13/29 (45%),3/10 (30%),51%,5,14/31 (45%),13/22 (59%),2/5 (40%),75%,8,5,30,6,,2,,,,,4
11396277,35,52608,NORMAL,REGULAR,Round 23,LEAGUE,2524,VfL Wolfsburg,Visita,2ND,25/02/2024,23,0,39%,0.20,0,4,1,1,,191,15,5,0,,3,0,0,1,1,3,0,0,0,,0,0,128,11,28,,12/38 (32%),1/5 (20%),45%,2,21/47 (45%),12/27 (44%),1/5 (20%),80%,15,3,26,14,,1,,,,,5
11396277,35,52608,NORMAL,REGULAR,Round 23,LEAGUE,2674,Eintracht Frankfurt,Local,ALL,25/02/2024,23,2,56%,0.92,2,12,6,5,9,525,14,7,2,,5,0,5,2,10,2,1,1,1,,2,5,409,25,61,,36/66 (55%),7/23 (30%),53%,11,43/78 (55%),24/49 (49%),23/35 (66%),50%,14,5,66,18,,6,-0.23,,,,7
11396277,35,52608,NORMAL,REGULAR,Round 23,LEAGUE,2674,Eintracht Frankfurt,Local,1ST,25/02/2024,23,1,52%,0.28,0,7,3,2,,227,8,2,2,,3,0,3,1,5,2,0,0,0,,1,3,167,13,25,,18/39 (46%),3/10 (30%),49%,4,17/31 (55%),9/22 (41%),7/11 (64%),50%,8,3,30,11,,3,,,,,5
11396277,35,52608,NORMAL,REGULAR,Round 23,LEAGUE,2674,Eintracht Frankfurt,Local,2ND,25/02/2024,23,1,61%,0.64,2,5,3,3,,298,6,5,0,,2,0,2,1,5,0,1,1,1,,1,2,242,12,36,,18/27 (67%),4/13 (31%),55%,7,26/47 (55%),15/27 (56%),16/24 (67%),50%,6,2,36,7,,3,,,,,2
11396288,35,52608,NORMAL,REGULAR,Round 22,LEAGUE,2524,VfL Wolfsburg,Local,ALL,17/02/2024,22,1,36%,1.85,3,11,4,5,18,334,24,5,3,,4,1,4,3,7,4,1,2,1,,1,5,250,17,55,,29/61 (48%),4/20 (20%),48%,12,33/74 (45%),11/17 (65%),4/8 (50%),63%,24,10,48,6,,4,0.26,,,,7
11396288,35,52608,NORMAL,REGULAR,Round 22,LEAGUE,2524,VfL Wolfsburg,Local,1ST,17/02/2024,22,0,38%,1.18,2,6,3,2,,172,12,3,0,,2,1,3,1,4,2,0,2,1,,1,3,132,10,32,,14/28 (50%),3/13 (23%),55%,3,18/36 (50%),8/11 (73%),3/6 (50%),50%,12,2,23,4,,3,,,,,3
11396288,35,52608,NORMAL,REGULAR,Round 22,LEAGUE,2524,VfL Wolfsburg,Local,2ND,17/02/2024,22,1,34%,0.68,1,5,1,3,,162,12,2,3,,2,0,1,2,3,2,1,0,0,,0,2,118,7,23,,15/33 (45%),1/7 (14%),41%,9,15/38 (39%),3/6 (50%),1/2 (50%),75%,12,8,25,2,,1,,,,,4
11396288,35,52608,NORMAL,REGULAR,Round 22,LEAGUE,2673,Borussia Dortmund,Visita,ALL,17/02/2024,22,1,64%,1.40,2,12,3,3,5,626,16,18,1,,5,0,5,2,4,8,1,1,1,,3,3,543,18,42,,30/55 (55%),2/8 (25%),52%,12,41/74 (55%),6/17 (35%),7/19 (37%),63%,16,7,53,14,,3,0.85,,,,4
11396288,35,52608,NORMAL,REGULAR,Round 22,LEAGUE,2673,Borussia Dortmund,Visita,1ST,17/02/2024,22,1,62%,1.07,2,6,2,1,,310,6,9,0,,4,0,2,0,3,3,1,1,0,,1,1,276,6,23,,19/31 (61%),0/4 (0%),45%,5,18/36 (50%),3/11 (27%),3/10 (30%),50%,6,3,21,9,,2,,,,,4
11396288,35,52608,NORMAL,REGULAR,Round 22,LEAGUE,2673,Borussia Dortmund,Visita,2ND,17/02/2024,22,0,66%,0.32,0,6,1,2,,316,10,9,1,,1,0,3,2,1,5,0,0,1,,2,2,267,12,19,,11/24 (46%),2/4 (50%),59%,7,23/38 (61%),3/6 (50%),4/9 (44%),70%,10,4,32,5,,1,,,,,0
11396297,35,52608,NORMAL,REGULAR,Round 21,LEAGUE,2524,VfL Wolfsburg,Visita,ALL,10/02/2024,21,0,59%,1.32,1,17,0,10,10,474,13,11,2,,4,0,4,9,11,6,0,1,1,,3,1,353,31,91,,28/71 (39%),11/43 (26%),58%,6,26/48 (54%),35/57 (61%),2/9 (22%),85%,13,13,45,15,,0,-0.92,,,,6
11396297,35,52608,NORMAL,REGULAR,Round 21,LEAGUE,2524,VfL Wolfsburg,Visita,1ST,10/02/2024,21,0,54%,0.73,1,8,0,3,,237,9,6,0,,2,0,2,4,4,4,0,1,1,,2,1,179,15,46,,16/34 (47%),2/18 (11%),64%,2,16/26 (62%),16/24 (67%),1/6 (17%),78%,9,10,20,8,,0,,,,,2
11396297,35,52608,NORMAL,REGULAR,Round 21,LEAGUE,2524,VfL Wolfsburg,Visita,2ND,10/02/2024,21,0,65%,0.59,0,9,0,7,,237,4,5,2,,2,0,2,5,7,2,0,0,0,,1,0,174,16,45,,12/37 (32%),9/25 (36%),53%,4,10/22 (45%),19/33 (58%),1/3 (33%),100%,4,3,25,7,,0,,,,,4
11396297,35,52608,NORMAL,REGULAR,Round 21,LEAGUE,2547,1. FC Union Berlin,Local,ALL,10/02/2024,21,1,41%,0.50,1,8,4,6,12,338,13,10,1,,1,0,3,4,6,2,1,0,0,,2,3,240,26,42,,29/73 (40%),3/19 (16%),42%,6,22/48 (46%),22/57 (39%),0/7 (0%),54%,13,12,45,40,,4,0.71,,,,10
11396297,35,52608,NORMAL,REGULAR,Round 21,LEAGUE,2547,1. FC Union Berlin,Local,1ST,10/02/2024,21,1,46%,0.40,1,6,2,3,,204,7,3,0,,1,0,3,2,5,1,1,0,0,,0,2,155,13,17,,13/33 (39%),3/13 (23%),36%,6,10/26 (38%),8/24 (33%),0/3 (0%),57%,7,6,22,14,,2,,,,,7
11396297,35,52608,NORMAL,REGULAR,Round 21,LEAGUE,2547,1. FC Union Berlin,Local,2ND,10/02/2024,21,0,35%,0.10,0,2,2,3,,134,6,7,1,,0,0,0,2,1,1,0,0,0,,2,1,85,13,25,,16/40 (40%),0/6 (0%),47%,0,12/22 (55%),14/33 (42%),0/4 (0%),50%,6,6,23,26,,2,,,,,3
11396305,35,52608,NORMAL,REGULAR,Round 20,LEAGUE,2524,VfL Wolfsburg,Local,ALL,04/02/2024,20,2,45%,1.71,2,14,5,7,12,358,14,15,2,,7,1,5,2,11,3,1,1,,,1,1,274,17,42,,23/55 (42%),8/27 (30%),50%,7,37/69 (54%),17/40 (43%),8/13 (62%),64%,14,4,55,31,,5,-0.93,,,,9
11396305,35,52608,NORMAL,REGULAR,Round 20,LEAGUE,2524,VfL Wolfsburg,Local,1ST,04/02/2024,20,0,40%,0.68,1,8,3,3,,185,6,5,0,,3,1,4,1,7,1,0,1,,,0,1,145,10,17,,12/24 (50%),5/11 (45%),44%,3,14/28 (50%),7/20 (35%),3/4 (75%),50%,6,2,26,14,,3,,,,,7
11396305,35,52608,NORMAL,REGULAR,Round 20,LEAGUE,2524,VfL Wolfsburg,Local,2ND,04/02/2024,20,2,52%,1.03,1,6,2,4,,173,8,10,2,,4,0,1,1,4,2,1,0,,,1,0,129,7,25,,11/31 (35%),3/16 (19%),54%,4,23/41 (56%),10/20 (50%),5/9 (56%),75%,8,2,29,17,,2,,,,,2
11396305,35,52608,NORMAL,REGULAR,Round 20,LEAGUE,2569,TSG Hoffenheim,Visita,ALL,04/02/2024,20,2,55%,1.68,3,17,5,2,16,456,12,10,3,,7,0,7,3,11,6,1,2,,,3,3,361,26,62,,27/60 (45%),8/16 (50%),50%,11,32/69 (46%),23/40 (57%),10/13 (77%),50%,12,11,61,22,,5,0.56,,,,8
11396305,35,52608,NORMAL,REGULAR,Round 20,LEAGUE,2569,TSG Hoffenheim,Visita,1ST,04/02/2024,20,1,60%,1.37,2,11,3,1,,283,4,4,0,,4,0,6,1,7,4,1,1,,,1,0,233,10,35,,14/30 (47%),7/9 (78%),56%,4,14/28 (50%),13/20 (65%),6/8 (75%),75%,4,6,32,12,,3,,,,,4
11396305,35,52608,NORMAL,REGULAR,Round 20,LEAGUE,2569,TSG Hoffenheim,Visita,2ND,04/02/2024,20,1,48%,0.31,1,6,2,1,,173,8,6,3,,3,0,1,2,4,2,0,1,,,2,3,128,16,27,,13/30 (43%),1/7 (14%),46%,7,18/41 (44%),10/20 (50%),4/5 (80%),38%,8,5,29,10,,2,,,,,4
11396313,35,52608,NORMAL,REGULAR,Round 19,LEAGUE,2524,VfL Wolfsburg,Local,ALL,27/01/2024,19,1,52%,1.53,3,14,1,6,17,448,18,12,5,,4,0,5,5,13,1,1,2,,,5,0,352,25,57,,17/45 (38%),8/18 (44%),50%,8,38/75 (51%),17/34 (50%),8/19 (42%),56%,18,7,56,27,,1,-0.44,,,,6
11396313,35,52608,NORMAL,REGULAR,Round 19,LEAGUE,2524,VfL Wolfsburg,Local,1ST,27/01/2024,19,1,51%,0.86,1,6,1,1,,241,11,7,0,,2,0,2,2,5,1,1,0,,,3,0,195,11,32,,7/19 (37%),1/6 (17%),54%,3,22/38 (58%),5/12 (42%),4/9 (44%),45%,11,5,32,14,,1,,,,,1
11396313,35,52608,NORMAL,REGULAR,Round 19,LEAGUE,2524,VfL Wolfsburg,Local,2ND,27/01/2024,19,0,54%,0.67,2,8,0,5,,207,7,5,5,,2,0,3,3,8,0,0,2,,,2,0,157,14,25,,10/26 (38%),7/12 (58%),47%,5,16/37 (43%),12/22 (55%),4/10 (40%),71%,7,2,24,13,,0,,,,,5
11396313,35,52608,NORMAL,REGULAR,Round 19,LEAGUE,2671,1. FC Köln,Visita,ALL,27/01/2024,19,1,48%,0.59,0,6,3,3,12,408,19,16,3,,2,0,1,3,4,2,0,0,,,7,4,316,26,45,,16/47 (34%),3/19 (16%),50%,12,37/75 (49%),17/34 (50%),5/11 (45%),79%,19,8,59,18,,3,0.93,,,,6
11396313,35,52608,NORMAL,REGULAR,Round 19,LEAGUE,2671,1. FC Köln,Visita,1ST,27/01/2024,19,1,49%,0.31,0,4,1,2,,227,8,5,2,,2,0,0,2,2,2,0,0,,,4,1,176,17,21,,6/17 (35%),2/12 (17%),46%,5,16/38 (42%),7/12 (58%),4/10 (40%),63%,8,5,33,7,,1,,,,,2
11396313,35,52608,NORMAL,REGULAR,Round 19,LEAGUE,2671,1. FC Köln,Visita,2ND,27/01/2024,19,0,46%,0.28,0,2,2,1,,181,11,11,1,,0,0,1,1,2,0,0,0,,,3,3,140,9,24,,10/30 (33%),1/7 (14%),53%,7,21/37 (57%),10/22 (45%),1/1 (100%),91%,11,3,26,11,,2,,,,,4
11396319,35,52608,NORMAL,REGULAR,Round 18,LEAGUE,2524,VfL Wolfsburg,Visita,ALL,20/01/2024,18,1,48%,1.11,1,13,3,2,10,470,21,11,1,,3,0,6,4,11,2,1,0,0,,1,1,371,17,65,,29/82 (35%),3/18 (17%),47%,14,36/79 (46%),16/32 (50%),4/14 (29%),48%,21,16,70,33,,3,0.42,,,,9
11396319,35,52608,NORMAL,REGULAR,Round 18,LEAGUE,2524,VfL Wolfsburg,Visita,1ST,20/01/2024,18,1,45%,0.46,1,4,3,1,,235,11,5,1,,1,0,1,2,4,0,1,0,0,,1,1,185,6,32,,14/42 (33%),0/6 (0%),40%,5,19/40 (48%),4/18 (22%),3/9 (33%),64%,11,5,38,15,,3,,,,,4
11396319,35,52608,NORMAL,REGULAR,Round 18,LEAGUE,2524,VfL Wolfsburg,Visita,2ND,20/01/2024,18,0,52%,0.65,0,9,0,1,,235,10,6,0,,2,0,5,2,7,2,0,0,0,,0,0,186,11,33,,15/40 (38%),3/12 (25%),55%,9,17/39 (44%),12/14 (86%),1/5 (20%),30%,10,11,32,18,,0,,,,,5
11396319,35,52608,NORMAL,REGULAR,Round 18,LEAGUE,5885,1. FC Heidenheim,Local,ALL,20/01/2024,18,1,52%,1.12,3,12,2,4,11,500,24,10,0,,3,0,6,3,9,3,0,3,1,,2,2,383,30,62,,25/60 (42%),8/24 (33%),53%,10,43/79 (54%),16/32 (50%),9/20 (45%),63%,24,5,76,14,,2,0.14,,,,9
11396319,35,52608,NORMAL,REGULAR,Round 18,LEAGUE,5885,1. FC Heidenheim,Local,1ST,20/01/2024,18,1,55%,0.95,3,8,0,2,,282,11,6,0,,3,0,4,1,7,1,0,3,0,,1,1,219,16,31,,15/37 (41%),8/12 (67%),60%,4,21/40 (53%),14/18 (78%),4/11 (36%),64%,11,2,36,6,,0,,,,,4
11396319,35,52608,NORMAL,REGULAR,Round 18,LEAGUE,5885,1. FC Heidenheim,Local,2ND,20/01/2024,18,0,48%,0.17,0,4,2,2,,218,13,4,0,,0,0,2,2,2,2,0,0,1,,1,1,164,14,31,,10/23 (43%),0/12 (0%),45%,6,22/39 (56%),2/14 (14%),5/9 (56%),62%,13,3,40,8,,2,,,,,5
11396332,35,52608,NORMAL,REGULAR,Round 17,LEAGUE,2524,VfL Wolfsburg,Visita,ALL,13/01/2024,17,1,48%,0.56,,9,1,3,16,446,21,21,4,,4,0,4,1,6,3,,,1,,4,3,342,14,48,,24/72 (33%),3/14 (21%),61%,8,54/86 (63%),17/30 (57%),12/16 (75%),52%,21,10,57,31,,1,-0.54,,,,9
11396332,35,52608,NORMAL,REGULAR,Round 17,LEAGUE,2524,VfL Wolfsburg,Visita,1ST,13/01/2024,17,1,46%,0.20,,3,1,1,,221,10,8,2,,2,0,1,0,1,2,,,0,,1,0,176,5,26,,15/37 (41%),1/7 (14%),51%,2,21/36 (58%),3/11 (27%),3/5 (60%),40%,10,6,27,21,,1,,,,,4
11396332,35,52608,NORMAL,REGULAR,Round 17,LEAGUE,2524,VfL Wolfsburg,Visita,2ND,13/01/2024,17,0,51%,0.36,,6,0,2,,225,11,13,2,,2,0,3,1,5,1,,,1,,3,3,166,9,22,,9/35 (26%),2/7 (29%),68%,6,33/50 (66%),14/19 (74%),9/11 (82%),64%,11,4,30,10,,0,,,,,5
11396332,35,52608,NORMAL,REGULAR,Round 17,LEAGUE,2556,1. FSV Mainz 05,Local,ALL,13/01/2024,17,1,52%,0.42,,11,3,7,21,462,12,14,3,,2,0,6,3,6,5,,,0,,2,1,366,28,63,,37/67 (55%),7/28 (25%),39%,12,32/86 (37%),13/30 (43%),6/15 (40%),50%,12,5,46,19,,3,-0.53,,,,7
11396332,35,52608,NORMAL,REGULAR,Round 17,LEAGUE,2556,1. FSV Mainz 05,Local,1ST,13/01/2024,17,0,54%,0.30,,7,1,5,,246,4,10,1,,1,0,3,3,5,2,,,0,,2,0,198,16,35,,21/34 (62%),5/17 (29%),49%,9,15/36 (42%),8/11 (73%),1/2 (50%),50%,4,3,20,7,,1,,,,,2
11396332,35,52608,NORMAL,REGULAR,Round 17,LEAGUE,2556,1. FSV Mainz 05,Local,2ND,13/01/2024,17,1,49%,0.11,,4,2,2,,216,8,4,2,,1,0,3,0,1,3,,,0,,0,1,168,12,28,,16/33 (48%),2/11 (18%),32%,3,17/50 (34%),5/19 (26%),5/13 (38%),50%,8,2,26,12,,2,,,,,5
11396340,35,52608,NORMAL,REGULAR,Round 16,LEAGUE,2524,VfL Wolfsburg,Local,ALL,20/12/2023,16,1,39%,0.33,0,5,5,0,15,423,24,12,4,,4,0,1,0,3,2,0,0,0,,1,1,343,20,62,,24/54 (44%),0/9 (0%),50%,8,47/88 (53%),3/12 (25%),11/16 (69%),67%,24,7,58,23,,5,-0.25,,,,5
11396340,35,52608,NORMAL,REGULAR,Round 16,LEAGUE,2524,VfL Wolfsburg,Local,1ST,20/12/2023,16,1,31%,0.20,0,2,3,0,,177,13,5,1,,2,0,0,0,1,1,0,0,0,,0,0,135,8,16,,9/26 (35%),0/2 (0%),49%,3,25/44 (57%),0/7 (0%),7/10 (70%),77%,13,3,28,12,,3,,,,,2
11396340,35,52608,NORMAL,REGULAR,Round 16,LEAGUE,2524,VfL Wolfsburg,Local,2ND,20/12/2023,16,0,48%,0.13,0,3,2,0,,246,11,7,3,,2,0,1,0,2,1,0,0,0,,1,1,208,12,46,,15/28 (54%),0/7 (0%),51%,5,22/44 (50%),3/5 (60%),4/6 (67%),55%,11,4,30,11,,2,,,,,3
11396340,35,52608,NORMAL,REGULAR,Round 16,LEAGUE,2672,FC Bayern München,Visita,ALL,20/12/2023,16,2,61%,2.81,6,21,3,6,12,651,13,14,2,,8,1,7,6,11,10,1,5,3,,3,0,573,25,57,,22/39 (56%),7/16 (44%),50%,10,41/88 (47%),9/12 (75%),14/28 (50%),77%,13,9,57,12,,3,-0.63,,,,6
11396340,35,52608,NORMAL,REGULAR,Round 16,LEAGUE,2672,FC Bayern München,Visita,1ST,20/12/2023,16,2,69%,2.29,5,16,1,1,,392,6,5,1,,6,1,5,5,10,6,1,4,1,,2,0,354,14,44,,11/14 (79%),5/8 (63%),51%,7,19/44 (43%),7/7 (100%),8/14 (57%),67%,6,3,24,5,,1,,,,,1
11396340,35,52608,NORMAL,REGULAR,Round 16,LEAGUE,2672,FC Bayern München,Visita,2ND,20/12/2023,16,0,52%,0.52,1,5,2,5,,259,7,9,1,,2,0,2,1,1,4,0,1,2,,1,0,219,11,13,,11/25 (44%),2/8 (25%),49%,3,22/44 (50%),2/5 (40%),6/14 (43%),86%,7,6,33,7,,2,,,,,5
11396345,35,52608,NORMAL,REGULAR,Round 15,LEAGUE,2524,VfL Wolfsburg,Visita,ALL,16/12/2023,15,1,36%,0.64,0,11,4,7,10,320,9,15,0,1,2,0,6,3,6,5,,0,,,1,,239,22,34,,22/60 (37%),5/19 (26%),54%,5,27/49 (55%),16/31 (52%),3/7 (43%),56%,9,8,38,37,,4,1.38,,,,9
11396345,35,52608,NORMAL,REGULAR,Round 15,LEAGUE,2524,VfL Wolfsburg,Visita,1ST,16/12/2023,15,0,42%,0.26,0,6,1,2,,204,4,9,0,1,1,0,3,2,3,3,,0,,,1,,163,12,18,,14/31 (45%),3/11 (27%),59%,3,14/25 (56%),9/14 (64%),1/3 (33%),25%,4,5,20,15,,1,,,,,4
11396345,35,52608,NORMAL,REGULAR,Round 15,LEAGUE,2524,VfL Wolfsburg,Visita,2ND,16/12/2023,15,1,28%,0.38,0,5,3,5,,116,5,6,0,0,1,0,3,1,3,2,,0,,,0,,76,10,16,,8/29 (28%),2/8 (25%),49%,2,13/24 (54%),7/17 (41%),2/4 (50%),80%,5,3,18,22,,3,,,,,5
11396345,35,52608,NORMAL,REGULAR,Round 15,LEAGUE,2576,Darmstadt 98,Local,ALL,16/12/2023,15,0,64%,0.64,1,13,1,7,16,586,9,9,2,0,4,0,4,5,5,8,,1,,,3,,509,15,86,,37/60 (62%),6/29 (21%),46%,4,22/49 (45%),15/31 (48%),4/9 (44%),56%,9,12,40,14,,1,-0.46,,,,10
11396345,35,52608,NORMAL,REGULAR,Round 15,LEAGUE,2576,Darmstadt 98,Local,1ST,16/12/2023,15,0,58%,0.23,0,6,1,2,,287,5,5,0,0,1,0,3,2,2,4,,0,,,2,,247,7,35,,18/35 (51%),3/10 (30%),41%,2,11/25 (44%),5/14 (36%),1/3 (33%),40%,5,8,23,5,,1,,,,,6
11396345,35,52608,NORMAL,REGULAR,Round 15,LEAGUE,2576,Darmstadt 98,Local,2ND,16/12/2023,15,0,72%,0.42,1,7,0,5,,299,4,4,2,0,3,0,1,3,3,4,,1,,,1,,262,8,51,,19/25 (76%),3/19 (16%),51%,2,11/24 (46%),10/17 (59%),3/6 (50%),75%,4,4,17,9,,0,,,,,4
11396358,35,52608,NORMAL,REGULAR,Round 14,LEAGUE,2524,VfL Wolfsburg,Local,ALL,09/12/2023,14,0,58%,1.19,2,10,0,5,11,553,14,16,1,,2,1,6,2,7,3,0,2,0,,5,3,467,21,58,,22/44 (50%),4/18 (22%),57%,6,33/54 (61%),17/34 (50%),4/6 (67%),50%,14,8,51,16,,0,-0.78,,,,6
11396358,35,52608,NORMAL,REGULAR,Round 14,LEAGUE,2524,VfL Wolfsburg,Local,1ST,09/12/2023,14,0,56%,0.99,2,6,0,2,,280,3,6,0,,2,1,3,1,5,1,0,2,0,,1,1,242,8,22,,13/25 (52%),1/3 (33%),63%,1,10/16 (63%),10/16 (63%),1/2 (50%),67%,3,4,26,13,,0,,,,,4
11396358,35,52608,NORMAL,REGULAR,Round 14,LEAGUE,2524,VfL Wolfsburg,Local,2ND,09/12/2023,14,0,61%,0.20,0,4,0,3,,273,11,10,1,,0,0,3,1,2,2,0,0,0,,4,2,225,13,36,,9/19 (47%),3/15 (20%),54%,5,23/38 (61%),7/18 (39%),3/4 (75%),45%,11,4,25,3,,0,,,,,2
11396358,35,52608,NORMAL,REGULAR,Round 14,LEAGUE,2538,SC Freiburg,Visita,ALL,09/12/2023,14,1,42%,1.09,2,4,2,3,16,390,8,11,4,,1,0,2,1,3,1,1,1,1,,1,2,308,18,34,,25/57 (44%),0/15 (0%),43%,11,21/54 (39%),17/34 (50%),3/6 (50%),38%,8,10,53,28,,2,0.42,,,,7
11396358,35,52608,NORMAL,REGULAR,Round 14,LEAGUE,2538,SC Freiburg,Visita,1ST,09/12/2023,14,0,44%,0.99,1,3,2,3,,208,2,3,0,,0,0,2,1,2,1,0,1,1,,1,0,165,11,18,,11/28 (39%),0/11 (0%),37%,2,6/16 (38%),6/16 (38%),1/2 (50%),50%,2,4,25,7,,2,,,,,3
11396358,35,52608,NORMAL,REGULAR,Round 14,LEAGUE,2538,SC Freiburg,Visita,2ND,09/12/2023,14,1,39%,0.10,1,1,0,0,,182,6,8,4,,1,0,0,0,1,0,1,0,0,,0,2,143,7,16,,14/29 (48%),0/4 (0%),46%,9,15/38 (39%),11/18 (61%),2/4 (50%),33%,6,6,28,21,,0,,,,,4
11396366,35,52608,NORMAL,REGULAR,Round 13,LEAGUE,2524,VfL Wolfsburg,Visita,ALL,02/12/2023,13,1,57%,1.29,2,16,5,6,13,460,20,14,2,,6,0,5,5,9,7,1,1,1,,3,0,343,33,57,,24/58 (41%),3/20 (15%),57%,9,44/77 (57%),22/38 (58%),10/20 (50%),45%,20,4,69,32,,5,-1.61,,,,6
11396366,35,52608,NORMAL,REGULAR,Round 13,LEAGUE,2524,VfL Wolfsburg,Visita,1ST,02/12/2023,13,1,51%,0.62,1,6,3,2,,243,8,3,1,,2,0,1,3,4,2,1,0,1,,0,0,188,12,26,,15/34 (44%),0/4 (0%),52%,5,19/39 (49%),9/15 (60%),8/13 (62%),13%,8,3,38,18,,3,,,,,1
11396366,35,52608,NORMAL,REGULAR,Round 13,LEAGUE,2524,VfL Wolfsburg,Visita,2ND,02/12/2023,13,0,64%,0.67,1,10,2,4,,217,12,11,1,,4,0,4,2,5,5,0,1,0,,3,0,155,21,31,,9/24 (38%),3/16 (19%),62%,4,25/38 (66%),13/23 (57%),2/7 (29%),67%,12,1,31,14,,2,,,,,5
11396366,35,52608,NORMAL,REGULAR,Round 13,LEAGUE,2542,VfL Bochum 1848,Local,ALL,02/12/2023,13,3,43%,1.50,3,20,5,6,14,351,19,13,6,,8,1,6,6,13,7,1,2,2,,1,2,268,31,53,,31/65 (48%),7/18 (39%),43%,10,33/77 (43%),16/38 (42%),2/12 (17%),63%,19,10,66,27,,5,-0.29,,,,6
11396366,35,52608,NORMAL,REGULAR,Round 13,LEAGUE,2542,VfL Bochum 1848,Local,1ST,02/12/2023,13,2,49%,0.49,1,10,1,3,,223,10,9,2,,5,1,3,2,7,3,0,1,2,,0,1,181,14,25,,16/35 (46%),5/12 (42%),48%,4,20/39 (51%),6/15 (40%),1/5 (20%),70%,10,7,35,9,,1,,,,,2
11396366,35,52608,NORMAL,REGULAR,Round 13,LEAGUE,2542,VfL Bochum 1848,Local,2ND,02/12/2023,13,1,36%,1.02,2,10,4,3,,128,9,4,4,,3,0,3,4,6,4,1,1,0,,1,1,87,17,28,,15/30 (50%),2/6 (33%),38%,6,13/38 (34%),10/23 (43%),1/7 (14%),56%,9,3,31,18,,4,,,,,4
11396375,35,52608,NORMAL,REGULAR,Round 12,LEAGUE,2524,VfL Wolfsburg,Local,ALL,25/11/2023,12,2,36%,0.96,0,10,8,1,17,339,19,11,4,,4,0,3,3,8,2,0,0,1,,1,0,260,14,49,,25/60 (42%),2/11 (18%),53%,5,37/78 (47%),17/24 (71%),7/16 (44%),37%,19,8,43,36,,8,2.42,,,,9
11396375,35,52608,NORMAL,REGULAR,Round 12,LEAGUE,2524,VfL Wolfsburg,Local,1ST,25/11/2023,12,1,41%,0.55,0,6,6,1,,199,11,5,2,,2,0,2,2,5,1,0,0,0,,1,0,162,5,19,,10/24 (42%),1/7 (14%),42%,3,19/48 (40%),4/7 (57%),3/9 (33%),27%,11,4,27,15,,6,,,,,2
11396375,35,52608,NORMAL,REGULAR,Round 12,LEAGUE,2524,VfL Wolfsburg,Local,2ND,25/11/2023,12,1,31%,0.41,0,4,2,0,,140,8,6,2,,2,0,1,1,3,1,0,0,1,,0,0,98,9,30,,15/36 (42%),1/4 (25%),66%,2,18/30 (60%),13/17 (76%),4/7 (57%),50%,8,4,16,21,,2,,,,,7
11396375,35,52608,NORMAL,REGULAR,Round 12,LEAGUE,36360,RB Leipzig,Visita,ALL,25/11/2023,12,1,64%,2.77,5,25,2,12,12,591,14,17,2,,9,0,8,8,18,7,1,4,1,,2,4,505,21,62,,28/54 (52%),9/31 (29%),47%,6,41/78 (53%),7/24 (29%),10/23 (43%),57%,14,4,56,14,,2,-1.18,,,,3
11396375,35,52608,NORMAL,REGULAR,Round 12,LEAGUE,36360,RB Leipzig,Visita,1ST,25/11/2023,12,0,59%,1.35,2,15,1,5,,283,9,11,1,,6,0,4,5,10,5,0,2,0,,1,2,240,7,28,,14/22 (64%),7/14 (50%),58%,2,29/48 (60%),3/7 (43%),9/18 (50%),56%,9,4,28,8,,1,,,,,1
11396375,35,52608,NORMAL,REGULAR,Round 12,LEAGUE,36360,RB Leipzig,Visita,2ND,25/11/2023,12,1,69%,1.42,3,10,1,7,,308,5,6,1,,3,0,4,3,8,2,1,2,1,,1,2,265,14,34,,14/32 (44%),2/17 (12%),34%,4,12/30 (40%),4/17 (24%),1/5 (20%),60%,5,0,28,6,,1,,,,,2
11396381,35,52608,NORMAL,REGULAR,Round 11,LEAGUE,2524,VfL Wolfsburg,Visita,ALL,10/11/2023,11,0,53%,0.49,0,12,4,5,12,548,12,7,3,,4,1,4,4,5,7,0,0,0,,1,1,480,15,58,,14/31 (45%),3/20 (15%),43%,6,27/64 (42%),6/13 (46%),8/14 (57%),92%,12,15,58,13,,4,-1.27,,,,4
11396381,35,52608,NORMAL,REGULAR,Round 11,LEAGUE,2524,VfL Wolfsburg,Visita,1ST,10/11/2023,11,0,52%,0.13,0,4,2,1,,280,3,5,1,,2,0,2,0,1,3,0,0,0,,1,1,248,4,27,,8/18 (44%),0/7 (0%),37%,2,10/28 (36%),2/4 (50%),2/5 (40%),100%,3,10,30,9,,2,,,,,2
11396381,35,52608,NORMAL,REGULAR,Round 11,LEAGUE,2524,VfL Wolfsburg,Visita,2ND,10/11/2023,11,0,55%,0.36,0,8,2,4,,268,9,2,2,,2,1,2,4,4,4,0,0,0,,0,0,232,11,31,,6/13 (46%),3/13 (23%),47%,4,17/36 (47%),4/9 (44%),6/9 (67%),89%,9,5,28,4,,2,,,,,2
11396381,35,52608,NORMAL,REGULAR,Round 11,LEAGUE,2527,Borussia M'gladbach,Local,ALL,10/11/2023,11,4,47%,1.54,3,15,4,8,7,486,12,12,1,,8,0,3,4,11,4,2,1,2,,0,2,403,21,31,,17/41 (41%),6/15 (40%),57%,8,37/64 (58%),7/13 (54%),13/17 (76%),75%,12,10,59,17,,4,0.42,,,,4
11396381,35,52608,NORMAL,REGULAR,Round 11,LEAGUE,2527,Borussia M'gladbach,Local,1ST,10/11/2023,11,2,48%,0.96,3,6,2,2,,261,5,6,1,,4,0,1,1,4,2,2,1,1,,0,2,222,12,17,,9/19 (47%),1/7 (14%),63%,3,18/28 (64%),2/4 (50%),7/7 (100%),60%,5,5,30,5,,2,,,,,2
11396381,35,52608,NORMAL,REGULAR,Round 11,LEAGUE,2527,Borussia M'gladbach,Local,2ND,10/11/2023,11,2,45%,0.58,0,9,2,6,,225,7,6,0,,4,0,2,3,7,2,0,0,1,,0,0,181,9,14,,8/22 (36%),5/8 (63%),53%,5,19/36 (53%),5/9 (56%),6/10 (60%),86%,7,5,29,12,,2,,,,,2
11396395,35,52608,NORMAL,REGULAR,Round 10,LEAGUE,2524,VfL Wolfsburg,Local,ALL,05/11/2023,10,2,57%,1.57,2,14,2,5,15,545,8,15,4,1,4,0,3,7,8,6,1,1,,,6,1,461,20,57,,23/51 (45%),3/17 (18%),43%,12,29/65 (45%),8/21 (38%),6/12 (50%),38%,8,5,46,11,,2,-0.56,,,,7
11396395,35,52608,NORMAL,REGULAR,Round 10,LEAGUE,2524,VfL Wolfsburg,Local,1ST,05/11/2023,10,1,58%,0.58,1,8,2,2,,303,4,7,1,0,3,0,1,4,4,4,0,1,,,4,0,256,10,31,,9/22 (41%),1/9 (11%),36%,10,15/39 (38%),3/11 (27%),4/8 (50%),25%,4,2,30,2,,2,,,,,3
11396395,35,52608,NORMAL,REGULAR,Round 10,LEAGUE,2524,VfL Wolfsburg,Local,2ND,05/11/2023,10,1,55%,0.99,1,6,0,3,,242,4,8,3,1,1,0,2,3,4,2,1,0,,,2,1,205,10,26,,14/29 (48%),2/8 (25%),53%,2,14/26 (54%),5/10 (50%),2/4 (50%),50%,4,3,16,9,,0,,,,,4
11396395,35,52608,NORMAL,REGULAR,Round 10,LEAGUE,2534,SV Werder Bremen,Visita,ALL,05/11/2023,10,2,43%,1.24,3,13,2,2,16,419,18,14,1,0,4,0,4,5,9,4,1,2,,,1,6,348,17,32,,29/47 (62%),7/10 (70%),57%,2,36/65 (55%),13/21 (62%),4/10 (40%),22%,18,8,53,13,,2,-0.71,,,,4
11396395,35,52608,NORMAL,REGULAR,Round 10,LEAGUE,2534,SV Werder Bremen,Visita,1ST,05/11/2023,10,1,42%,0.66,0,8,2,0,,223,14,8,0,0,3,0,1,4,5,3,0,0,,,1,1,182,10,11,,17/27 (63%),2/3 (67%),64%,1,24/39 (62%),8/11 (73%),2/5 (40%),14%,14,6,30,6,,2,,,,,2
11396395,35,52608,NORMAL,REGULAR,Round 10,LEAGUE,2534,SV Werder Bremen,Visita,2ND,05/11/2023,10,1,45%,0.58,3,5,0,2,,196,4,6,1,0,1,0,3,1,4,1,1,2,,,0,5,166,7,21,,12/20 (60%),5/7 (71%),47%,1,12/26 (46%),5/10 (50%),2/5 (40%),50%,4,2,23,7,,0,,,,,2
11396400,35,52608,NORMAL,REGULAR,Round 9,LEAGUE,2524,VfL Wolfsburg,Visita,ALL,28/10/2023,9,2,61%,1.44,1,13,3,5,15,529,9,17,4,0,6,1,4,3,7,6,1,0,,,5,2,440,21,59,,25/64 (39%),7/26 (27%),48%,5,30/59 (51%),13/31 (42%),5/9 (56%),22%,9,6,58,21,,3,-1.03,,,,7
11396400,35,52608,NORMAL,REGULAR,Round 9,LEAGUE,2524,VfL Wolfsburg,Visita,1ST,28/10/2023,9,2,66%,1.03,1,8,1,3,,314,2,8,1,0,5,1,1,2,4,4,1,0,,,3,2,270,9,31,,10/28 (36%),2/12 (17%),44%,3,12/27 (44%),8/18 (44%),3/5 (60%),50%,2,2,32,5,,1,,,,,1
11396400,35,52608,NORMAL,REGULAR,Round 9,LEAGUE,2524,VfL Wolfsburg,Visita,2ND,28/10/2023,9,0,54%,0.41,0,5,2,2,,215,7,9,3,0,1,0,3,1,3,2,0,0,,,2,0,170,12,28,,15/36 (42%),5/14 (36%),51%,2,18/32 (56%),5/13 (38%),2/4 (50%),14%,7,4,26,16,,2,,,,,6
11396400,35,52608,NORMAL,REGULAR,Round 9,LEAGUE,2600,FC Augsburg,Local,ALL,28/10/2023,9,3,39%,1.38,3,8,4,5,17,344,9,14,6,1,5,0,3,0,8,0,2,1,,,1,6,265,20,68,,30/60 (50%),7/24 (29%),52%,2,29/59 (49%),18/31 (58%),7/14 (50%),56%,9,4,61,30,,4,-0.28,,,,5
11396400,35,52608,NORMAL,REGULAR,Round 9,LEAGUE,2600,FC Augsburg,Local,1ST,28/10/2023,9,1,34%,0.60,1,2,3,0,,166,5,6,2,0,2,0,0,0,2,0,1,0,,,0,3,123,10,30,,12/27 (44%),1/6 (17%),56%,1,15/27 (56%),10/18 (56%),5/6 (83%),60%,5,2,27,16,,3,,,,,3
11396400,35,52608,NORMAL,REGULAR,Round 9,LEAGUE,2600,FC Augsburg,Local,2ND,28/10/2023,9,2,46%,0.78,2,6,1,5,,178,4,8,4,1,3,0,3,0,6,0,1,1,,,1,3,142,10,38,,18/33 (55%),6/18 (33%),49%,1,14/32 (44%),8/13 (62%),2/8 (25%),50%,4,2,34,14,,1,,,,,2
11396414,35,52608,NORMAL,REGULAR,Round 8,LEAGUE,2524,VfL Wolfsburg,Local,ALL,21/10/2023,8,1,42%,1.48,3,18,5,4,15,431,11,14,3,,6,0,9,3,9,9,1,2,1,,3,1,343,16,56,,20/52 (38%),4/14 (29%),48%,4,28/61 (46%),9/16 (56%),5/10 (50%),18%,11,14,63,16,,5,0.73,,,,6
11396414,35,52608,NORMAL,REGULAR,Round 8,LEAGUE,2524,VfL Wolfsburg,Local,1ST,21/10/2023,8,1,42%,0.93,2,10,2,3,,236,5,4,2,,3,0,5,2,5,5,1,1,1,,1,0,196,8,24,,9/22 (41%),2/8 (25%),50%,1,12/26 (46%),5/8 (63%),4/7 (57%),0%,5,8,30,3,,2,,,,,3
11396414,35,52608,NORMAL,REGULAR,Round 8,LEAGUE,2524,VfL Wolfsburg,Local,2ND,21/10/2023,8,0,41%,0.54,1,8,3,1,,195,6,10,1,,3,0,4,1,4,4,0,1,0,,2,1,147,8,32,,11/30 (37%),2/6 (33%),47%,3,16/35 (46%),4/8 (50%),1/3 (33%),33%,6,6,33,13,,3,,,,,3
11396414,35,52608,NORMAL,REGULAR,Round 8,LEAGUE,2681,Bayer 04 Leverkusen,Visita,ALL,21/10/2023,8,2,58%,1.92,4,13,5,3,14,619,9,14,5,,7,0,6,0,10,3,1,3,3,,0,2,539,17,48,,21/38 (55%),2/10 (20%),52%,2,33/61 (54%),7/16 (44%),10/19 (53%),56%,9,8,64,11,,5,0.72,,,,6
11396414,35,52608,NORMAL,REGULAR,Round 8,LEAGUE,2681,Bayer 04 Leverkusen,Visita,1ST,21/10/2023,8,1,58%,0.40,1,5,2,1,,336,4,7,1,,3,0,2,0,4,1,1,0,1,,0,1,296,8,25,,10/19 (53%),1/4 (25%),50%,1,14/26 (54%),3/8 (38%),3/7 (43%),75%,4,5,29,6,,2,,,,,2
11396414,35,52608,NORMAL,REGULAR,Round 8,LEAGUE,2681,Bayer 04 Leverkusen,Visita,2ND,21/10/2023,8,1,59%,1.52,3,8,3,2,,283,5,7,4,,4,0,4,0,6,2,0,3,2,,0,1,243,9,23,,11/19 (58%),1/6 (17%),53%,1,19/35 (54%),4/8 (50%),7/12 (58%),40%,5,3,35,5,,3,,,,,4
11396417,35,52608,NORMAL,REGULAR,Round 7,LEAGUE,2524,VfL Wolfsburg,Visita,ALL,07/10/2023,7,1,41%,1.23,3,12,5,6,14,391,19,13,3,,5,0,3,4,8,4,0,3,0,,1,0,295,16,58,,30/66 (45%),2/13 (15%),53%,5,43/78 (55%),14/30 (47%),12/23 (52%),37%,19,6,66,15,,5,0.17,,,,3
11396417,35,52608,NORMAL,REGULAR,Round 7,LEAGUE,2524,VfL Wolfsburg,Visita,1ST,07/10/2023,7,1,48%,0.84,2,7,1,4,,242,6,8,2,,3,0,1,3,5,2,0,2,0,,0,0,194,6,29,,19/35 (54%),1/9 (11%),50%,2,22/43 (51%),7/15 (47%),9/17 (53%),33%,6,2,32,2,,1,,,,,0
11396417,35,52608,NORMAL,REGULAR,Round 7,LEAGUE,2524,VfL Wolfsburg,Visita,2ND,07/10/2023,7,0,33%,0.39,1,5,4,2,,149,13,5,1,,2,0,2,1,3,2,0,1,0,,1,0,101,10,29,,11/31 (35%),1/4 (25%),56%,3,21/35 (60%),7/15 (47%),3/6 (50%),38%,13,4,34,13,,4,,,,,3
11396417,35,52608,NORMAL,REGULAR,Round 7,LEAGUE,2677,VfB Stuttgart,Local,ALL,07/10/2023,7,3,59%,2.69,4,14,4,5,13,573,16,14,1,,8,0,2,4,9,5,3,1,2,,2,5,492,17,51,,28/47 (60%),6/15 (40%),47%,8,35/78 (45%),16/30 (53%),6/17 (35%),56%,16,6,68,9,,4,0.62,,,,6
11396417,35,52608,NORMAL,REGULAR,Round 7,LEAGUE,2677,VfB Stuttgart,Local,1ST,07/10/2023,7,0,52%,0.26,1,3,2,1,,265,10,9,0,,1,0,0,2,3,0,0,1,0,,1,4,223,6,27,,10/23 (43%),2/5 (40%),50%,3,21/43 (49%),8/15 (53%),3/6 (50%),40%,10,3,30,6,,2,,,,,2
11396417,35,52608,NORMAL,REGULAR,Round 7,LEAGUE,2677,VfB Stuttgart,Local,2ND,07/10/2023,7,3,67%,2.43,3,11,2,4,,308,6,5,1,,7,0,2,2,6,5,3,0,2,,1,1,269,11,24,,18/24 (75%),4/10 (40%),44%,5,14/35 (40%),8/15 (53%),3/11 (27%),83%,6,3,38,3,,2,,,,,4
11396432,35,52608,NORMAL,REGULAR,Round 6,LEAGUE,2524,VfL Wolfsburg,Local,ALL,30/09/2023,6,2,54%,3.25,4,18,4,7,11,487,15,17,1,0,8,1,6,4,13,5,2,2,,,7,4,408,23,60,,22/44 (50%),7/22 (32%),53%,10,34/69 (49%),15/23 (65%),2/7 (29%),47%,15,5,65,11,,4,1.64,,,,4
11396432,35,52608,NORMAL,REGULAR,Round 6,LEAGUE,2524,VfL Wolfsburg,Local,1ST,30/09/2023,6,1,47%,1.05,1,6,3,4,,219,8,10,0,0,2,0,3,1,4,2,1,0,,,4,3,175,12,26,,10/22 (45%),5/14 (36%),61%,5,20/38 (53%),13/16 (81%),2/7 (29%),50%,8,4,34,8,,3,,,,,2
11396432,35,52608,NORMAL,REGULAR,Round 6,LEAGUE,2524,VfL Wolfsburg,Local,2ND,30/09/2023,6,1,61%,2.20,3,12,1,3,,268,7,7,1,0,6,1,3,3,9,3,1,2,,,3,1,233,11,34,,12/22 (55%),2/8 (25%),42%,5,14/31 (45%),2/7 (29%),0/0 (0%),43%,7,1,31,3,,1,,,,,2
11396432,35,52608,NORMAL,REGULAR,Round 6,LEAGUE,2674,Eintracht Frankfurt,Visita,ALL,30/09/2023,6,0,46%,1.30,3,8,6,4,18,429,15,9,6,1,4,0,4,0,6,2,0,3,,,0,3,338,17,46,,27/61 (44%),4/8 (50%),47%,9,35/69 (51%),8/23 (35%),11/17 (65%),67%,15,10,66,20,,6,1.63,,,,9
11396432,35,52608,NORMAL,REGULAR,Round 6,LEAGUE,2674,Eintracht Frankfurt,Visita,1ST,30/09/2023,6,0,53%,1.05,2,4,1,1,,260,10,4,3,0,3,0,1,0,4,0,0,2,,,0,1,215,9,24,,10/28 (36%),1/4 (25%),39%,4,18/38 (47%),3/16 (19%),4/8 (50%),60%,10,3,33,14,,1,,,,,3
11396432,35,52608,NORMAL,REGULAR,Round 6,LEAGUE,2674,Eintracht Frankfurt,Visita,2ND,30/09/2023,6,0,39%,0.26,1,4,5,3,,169,5,5,3,1,1,0,3,0,2,2,0,1,,,0,2,123,8,22,,17/33 (52%),3/4 (75%),58%,5,17/31 (55%),5/7 (71%),7/9 (78%),80%,5,7,33,6,,5,,,,,6
11396442,35,52608,NORMAL,REGULAR,Round 5,LEAGUE,2524,VfL Wolfsburg,Visita,ALL,23/09/2023,5,0,36%,0.53,0,7,3,3,14,334,12,9,1,,1,0,4,2,3,4,0,0,0,,2,2,257,24,38,,22/52 (42%),2/14 (14%),40%,8,28/72 (39%),6/14 (43%),8/22 (36%),58%,12,12,57,28,,3,0.56,,,,14
11396442,35,52608,NORMAL,REGULAR,Round 5,LEAGUE,2524,VfL Wolfsburg,Visita,1ST,23/09/2023,5,0,36%,0.41,0,4,2,2,,159,8,3,1,,1,0,2,1,2,2,0,0,0,,1,1,124,12,17,,7/22 (32%),1/7 (14%),33%,6,15/44 (34%),1/4 (25%),4/11 (36%),63%,8,6,27,15,,2,,,,,5
11396442,35,52608,NORMAL,REGULAR,Round 5,LEAGUE,2524,VfL Wolfsburg,Visita,2ND,23/09/2023,5,0,36%,0.12,0,3,1,1,,175,4,6,0,,0,0,2,1,1,2,0,0,0,,1,1,133,12,21,,15/30 (50%),1/7 (14%),47%,2,13/28 (46%),5/10 (50%),4/11 (36%),50%,4,6,30,13,,1,,,,,9
11396442,35,52608,NORMAL,REGULAR,Round 5,LEAGUE,2673,Borussia Dortmund,Local,ALL,23/09/2023,5,1,64%,1.67,4,18,1,5,9,614,22,14,0,,4,0,10,4,10,8,1,3,3,,5,2,536,18,59,,32/55 (58%),4/16 (25%),60%,9,44/72 (61%),8/14 (57%),9/12 (75%),68%,22,7,63,13,,1,0.25,,,,8
11396442,35,52608,NORMAL,REGULAR,Round 5,LEAGUE,2673,Borussia Dortmund,Local,1ST,23/09/2023,5,0,64%,0.40,1,6,1,3,,288,13,9,0,,2,0,3,1,3,3,0,1,0,,4,2,252,9,26,,12/22 (55%),3/12 (25%),67%,6,29/44 (66%),3/4 (75%),7/9 (78%),62%,13,2,26,6,,1,,,,,5
11396442,35,52608,NORMAL,REGULAR,Round 5,LEAGUE,2673,Borussia Dortmund,Local,2ND,23/09/2023,5,1,64%,1.27,3,12,0,2,,326,9,5,0,,2,0,7,3,7,5,1,2,3,,1,0,284,9,33,,20/33 (61%),1/4 (25%),53%,3,15/28 (54%),5/10 (50%),2/3 (67%),78%,9,5,37,7,,0,,,,,3
11396448,35,52608,NORMAL,REGULAR,Round 4,LEAGUE,2524,VfL Wolfsburg,Local,ALL,16/09/2023,4,2,43%,0.36,1,8,5,3,7,412,16,7,1,,3,1,3,2,3,5,0,1,,,1,3,322,25,42,,44/74 (59%),4/12 (33%),53%,3,28/53 (53%),24/46 (52%),5/16 (31%),75%,16,13,49,34,,5,0.30,,,,15
11396448,35,52608,NORMAL,REGULAR,Round 4,LEAGUE,2524,VfL Wolfsburg,Local,1ST,16/09/2023,4,2,51%,0.24,1,6,4,1,,264,11,5,0,,3,0,2,1,3,3,0,1,,,0,3,222,9,21,,28/40 (70%),3/6 (50%),68%,0,18/25 (72%),9/15 (60%),2/3 (67%),82%,11,6,29,12,,4,,,,,2
11396448,35,52608,NORMAL,REGULAR,Round 4,LEAGUE,2524,VfL Wolfsburg,Local,2ND,16/09/2023,4,0,34%,0.12,0,2,1,2,,148,5,2,1,,0,1,1,1,0,2,0,0,,,1,0,100,16,21,,16/34 (47%),1/6 (17%),42%,3,10/28 (36%),15/31 (48%),3/13 (23%),60%,5,7,20,22,,1,,,,,13
11396448,35,52608,NORMAL,REGULAR,Round 4,LEAGUE,2547,1. FC Union Berlin,Visita,ALL,16/09/2023,4,1,57%,1.15,3,19,1,7,7,532,14,7,0,,6,0,11,2,15,4,1,2,,,2,1,442,22,85,,37/64 (58%),9/29 (31%),47%,10,25/53 (47%),22/46 (48%),4/10 (40%),57%,14,8,63,12,,1,-1.04,,,,7
11396448,35,52608,NORMAL,REGULAR,Round 4,LEAGUE,2547,1. FC Union Berlin,Visita,1ST,16/09/2023,4,1,49%,0.57,2,8,1,1,,253,1,5,0,,5,0,2,1,6,2,1,1,,,2,0,207,11,39,,17/28 (61%),4/11 (36%),32%,7,7/25 (28%),6/15 (40%),1/5 (20%),100%,1,4,32,6,,1,,,,,2
11396448,35,52608,NORMAL,REGULAR,Round 4,LEAGUE,2547,1. FC Union Berlin,Visita,2ND,16/09/2023,4,0,66%,0.58,1,11,0,6,,279,13,2,0,,1,0,9,1,9,2,0,1,,,0,1,235,11,46,,20/36 (56%),5/18 (28%),58%,3,18/28 (64%),16/31 (52%),3/5 (60%),54%,13,4,31,6,,0,,,,,5
11396457,35,52608,NORMAL,REGULAR,Round 3,LEAGUE,2524,VfL Wolfsburg,Visita,ALL,02/09/2023,3,1,61%,1.22,3,13,2,3,15,523,9,12,2,,7,0,4,2,8,5,1,2,1,,3,0,449,21,62,,33/54 (61%),4/19 (21%),47%,7,26/54 (48%),7/16 (44%),5/10 (50%),89%,9,4,53,19,,2,-0.67,,,,5
11396457,35,52608,NORMAL,REGULAR,Round 3,LEAGUE,2524,VfL Wolfsburg,Visita,1ST,02/09/2023,3,1,58%,0.62,1,6,2,1,,222,3,8,1,,3,0,1,2,4,2,1,0,0,,2,0,189,10,29,,13/23 (57%),1/8 (13%),47%,3,15/29 (52%),2/7 (29%),4/6 (67%),100%,3,3,24,17,,2,,,,,2
11396457,35,52608,NORMAL,REGULAR,Round 3,LEAGUE,2524,VfL Wolfsburg,Visita,2ND,02/09/2023,3,0,63%,0.60,2,7,0,2,,301,6,4,1,,4,0,3,0,4,3,0,2,1,,1,0,260,11,33,,20/31 (65%),3/11 (27%),47%,4,11/25 (44%),5/9 (56%),1/4 (25%),83%,6,1,29,2,,0,,,,,3
11396457,35,52608,NORMAL,REGULAR,Round 3,LEAGUE,2569,TSG Hoffenheim,Local,ALL,02/09/2023,3,3,39%,2.02,3,10,6,3,12,338,12,13,2,,5,1,4,1,6,4,2,1,1,,3,4,258,20,48,,30/65 (46%),4/13 (31%),53%,3,28/54 (52%),9/16 (56%),3/9 (33%),67%,12,9,54,17,,6,0.65,,,,8
11396457,35,52608,NORMAL,REGULAR,Round 3,LEAGUE,2569,TSG Hoffenheim,Local,1ST,02/09/2023,3,1,42%,1.18,1,6,2,2,,156,5,8,2,,3,0,2,1,3,3,1,0,0,,3,3,121,13,24,,17/26 (65%),3/11 (27%),53%,1,14/29 (48%),5/7 (71%),1/3 (33%),20%,5,5,24,8,,2,,,,,3
11396457,35,52608,NORMAL,REGULAR,Round 3,LEAGUE,2569,TSG Hoffenheim,Local,2ND,02/09/2023,3,2,37%,0.84,2,4,4,1,,182,7,5,0,,2,1,2,0,3,1,1,1,1,,0,1,137,7,24,,13/39 (33%),1/2 (50%),53%,2,14/25 (56%),4/9 (44%),2/6 (33%),100%,7,4,30,9,,4,,,,,5
11396467,35,52608,NORMAL,REGULAR,Round 2,LEAGUE,2524,VfL Wolfsburg,Visita,ALL,26/08/2023,2,2,51%,1.68,6,9,1,1,10,476,16,6,5,,6,1,3,0,7,2,2,4,1,,0,0,365,29,60,,36/67 (54%),2/6 (33%),54%,8,35/71 (49%),22/35 (63%),13/19 (68%),50%,16,8,53,26,,1,-0.52,,,,17
11396467,35,52608,NORMAL,REGULAR,Round 2,LEAGUE,2524,VfL Wolfsburg,Visita,1ST,26/08/2023,2,0,49%,1.15,3,4,0,1,,237,12,3,0,,3,0,1,0,4,0,0,3,1,,0,0,188,17,28,,15/27 (56%),2/5 (40%),54%,5,19/38 (50%),10/16 (63%),4/8 (50%),58%,12,7,27,11,,0,,,,,9
11396467,35,52608,NORMAL,REGULAR,Round 2,LEAGUE,2524,VfL Wolfsburg,Visita,2ND,26/08/2023,2,2,52%,0.52,3,5,1,0,,239,4,3,5,,3,1,2,0,3,2,2,1,0,,0,0,177,12,32,,21/40 (53%),0/1 (0%),54%,3,16/33 (48%),12/19 (63%),9/11 (82%),25%,4,1,26,15,,1,,,,,8
11396467,35,52608,NORMAL,REGULAR,Round 2,LEAGUE,2671,1. FC Köln,Local,ALL,26/08/2023,2,1,49%,0.85,1,13,4,6,6,441,14,10,1,,2,0,10,1,6,7,0,1,0,,1,6,343,33,63,,18/54 (33%),6/25 (24%),46%,12,36/71 (51%),13/35 (37%),13/17 (76%),57%,14,13,70,11,,4,1.18,,,,4
11396467,35,52608,NORMAL,REGULAR,Round 2,LEAGUE,2671,1. FC Köln,Local,1ST,26/08/2023,2,0,51%,0.14,0,4,3,4,,231,9,3,0,,0,0,3,1,2,2,0,0,0,,0,2,187,18,31,,10/26 (38%),4/14 (29%),46%,11,19/38 (50%),6/16 (38%),7/8 (88%),56%,9,5,39,5,,3,,,,,1
11396467,35,52608,NORMAL,REGULAR,Round 2,LEAGUE,2671,1. FC Köln,Local,2ND,26/08/2023,2,1,48%,0.72,1,9,1,2,,210,5,7,1,,2,0,7,0,4,5,0,1,0,,1,4,156,15,32,,8/28 (29%),2/11 (18%),46%,1,17/33 (52%),7/19 (37%),6/9 (67%),60%,5,8,31,6,,1,,,,,3
11396474,35,52608,NORMAL,REGULAR,Round 1,LEAGUE,2524,VfL Wolfsburg,Local,ALL,19/08/2023,1,2,48%,2.18,6,18,1,1,10,472,17,9,3,,8,0,7,3,14,4,1,5,,,1,2,388,18,42,,21/45 (47%),1/8 (13%),44%,8,32/75 (43%),19/40 (48%),7/19 (37%),65%,17,16,73,15,,1,0.12,,,,7
11396474,35,52608,NORMAL,REGULAR,Round 1,LEAGUE,2524,VfL Wolfsburg,Local,1ST,19/08/2023,1,2,54%,1.46,4,8,1,1,,265,8,4,2,,5,0,3,0,6,2,1,3,,,1,2,223,9,21,,10/22 (45%),1/6 (17%),42%,5,14/37 (38%),12/25 (48%),3/9 (33%),88%,8,3,38,8,,1,,,,,2
11396474,35,52608,NORMAL,REGULAR,Round 1,LEAGUE,2524,VfL Wolfsburg,Local,2ND,19/08/2023,1,0,43%,0.72,2,10,0,0,,207,9,5,1,,3,0,4,3,8,2,0,2,,,0,0,165,9,21,,11/23 (48%),0/2 (0%),47%,3,18/38 (47%),7/15 (47%),4/10 (40%),44%,9,13,35,7,,0,,,,,5
11396474,35,52608,NORMAL,REGULAR,Round 1,LEAGUE,5885,1. FC Heidenheim,Visita,ALL,19/08/2023,1,0,52%,1.18,2,14,6,7,9,484,20,10,0,,1,0,6,7,9,5,0,2,,,1,0,383,25,59,,34/60 (57%),7/24 (29%),56%,4,43/75 (57%),21/40 (53%),13/26 (50%),55%,20,13,63,7,,6,0.43,,,,8
11396474,35,52608,NORMAL,REGULAR,Round 1,LEAGUE,5885,1. FC Heidenheim,Visita,1ST,19/08/2023,1,0,46%,0.22,0,6,3,3,,219,11,5,0,,1,0,2,3,3,3,0,0,,,0,0,167,11,29,,21/35 (60%),4/11 (36%),58%,2,23/37 (62%),13/25 (52%),7/13 (54%),55%,11,5,30,4,,3,,,,,4
11396474,35,52608,NORMAL,REGULAR,Round 1,LEAGUE,5885,1. FC Heidenheim,Visita,2ND,19/08/2023,1,0,57%,0.96,2,8,3,4,,265,9,5,0,,0,0,4,4,6,2,0,2,,,1,0,216,14,30,,13/25 (52%),3/13 (23%),53%,2,20/38 (53%),8/15 (53%),6/13 (46%),56%,9,8,33,3,,3,,,,,4
11703898,217,52284,NORMAL,REGULAR,Round 2,CUP,2524,VfL Wolfsburg,Local,ALL,31/10/2023,2,1,34%,0.00,1,12,1,6,17,303,24,11,5,0,5,2,6,1,7,5,1,0,1,,1,3,204,10,42,,22/55 (40%),3/13 (23%),47%,10,39/84 (46%),14/28 (50%),4/11 (36%),58%,24,10,57,33,,1,,,,,8
11703898,217,52284,NORMAL,REGULAR,Round 2,CUP,2524,VfL Wolfsburg,Local,1ST,31/10/2023,2,1,32%,0.00,1,7,1,3,,150,14,4,1,0,4,0,3,0,6,1,1,0,1,,1,1,97,8,20,,8/26 (31%),3/8 (38%),53%,5,20/37 (54%),7/14 (50%),2/4 (50%),50%,14,3,26,10,,1,,,,,3
11703898,217,52284,NORMAL,REGULAR,Round 2,CUP,2524,VfL Wolfsburg,Local,2ND,31/10/2023,2,0,36%,0.00,0,5,0,3,,153,10,7,4,0,1,2,3,1,1,4,0,0,0,,0,2,107,2,22,,14/29 (48%),0/5 (0%),43%,5,19/47 (40%),7/14 (50%),2/7 (29%),70%,10,7,31,23,,0,,,,,5
11703898,217,52284,NORMAL,REGULAR,Round 2,CUP,36360,RB Leipzig,Visita,ALL,31/10/2023,2,0,66%,0.00,1,11,4,6,11,590,17,15,5,1,1,0,7,3,5,6,0,1,0,,3,4,484,30,71,,25/54 (46%),4/24 (17%),53%,11,45/84 (54%),14/28 (50%),13/26 (50%),82%,17,5,60,18,,4,,,,,6
11703898,217,52284,NORMAL,REGULAR,Round 2,CUP,36360,RB Leipzig,Visita,1ST,31/10/2023,2,0,68%,0.00,0,5,3,3,,324,7,6,2,0,1,0,3,1,2,3,0,0,0,,0,0,271,13,31,,10/25 (40%),1/9 (11%),47%,7,17/37 (46%),7/14 (50%),4/11 (36%),100%,7,3,27,10,,3,,,,,3
11703898,217,52284,NORMAL,REGULAR,Round 2,CUP,36360,RB Leipzig,Visita,2ND,31/10/2023,2,0,64%,0.00,1,6,1,3,,266,10,9,3,1,0,0,4,2,3,3,0,1,0,,3,4,213,17,40,,15/29 (52%),3/15 (20%),57%,4,28/47 (60%),7/14 (50%),9/15 (60%),70%,10,2,33,8,,1,,,,,3
11806460,217,52284,NORMAL,REGULAR,Round of 16,CUP,2524,VfL Wolfsburg,Visita,ALL,05/12/2023,5,0,50%,0.00,3,14,2,8,12,701,16,11,2,,3,0,8,3,10,4,0,3,,,1,4,605,23,76,,29/57 (51%),6/33 (18%),48%,9,35/75 (47%),10/19 (53%),8/19 (42%),63%,16,8,60,19,,2,,,,,8
11806460,217,52284,NORMAL,REGULAR,Round of 16,CUP,2524,VfL Wolfsburg,Visita,1ST,05/12/2023,5,0,38%,0.00,0,4,0,2,,199,5,4,2,,1,0,3,0,4,0,0,0,,,1,2,162,8,23,,11/19 (58%),2/6 (33%),50%,1,15/32 (47%),4/6 (67%),6/11 (55%),60%,5,5,19,5,,0,,,,,5
11806460,217,52284,NORMAL,REGULAR,Round of 16,CUP,2524,VfL Wolfsburg,Visita,2ND,05/12/2023,5,0,56%,0.00,2,4,2,4,,293,7,6,0,,1,0,1,2,3,1,0,2,,,0,2,259,10,22,,11/22 (50%),2/16 (13%),54%,4,15/28 (54%),5/9 (56%),2/7 (29%),57%,7,3,24,11,,2,,,,,1
11806460,217,52284,NORMAL,REGULAR,Round of 16,CUP,2527,Borussia M'gladbach,Local,ALL,05/12/2023,5,1,50%,0.00,1,11,3,9,12,715,20,12,0,,3,0,4,4,7,4,1,0,,,1,3,609,19,54,,33/71 (46%),3/19 (16%),52%,10,40/75 (53%),9/19 (47%),9/15 (60%),35%,20,17,65,31,,3,,,,,12
11806460,217,52284,NORMAL,REGULAR,Round of 16,CUP,2527,Borussia M'gladbach,Local,1ST,05/12/2023,5,0,62%,0.00,0,4,1,3,,327,6,7,0,,0,0,2,2,2,2,0,0,,,0,0,285,8,16,,15/31 (48%),1/7 (14%),50%,3,17/32 (53%),2/6 (33%),4/6 (67%),17%,6,9,23,7,,1,,,,,3
11806460,217,52284,NORMAL,REGULAR,Round of 16,CUP,2527,Borussia M'gladbach,Local,2ND,05/12/2023,5,0,44%,0.00,0,3,1,4,,230,9,2,0,,2,0,1,0,2,1,0,0,,,0,2,192,6,26,,14/27 (52%),1/8 (13%),46%,5,13/28 (46%),4/9 (44%),2/4 (50%),44%,9,4,23,14,,1,,,,,5
12388500,217,61132,NORMAL,PLAYOFF,Round 1,CUP,2524,VfL Wolfsburg,Visita,ALL,19/08/2024,1,1,77%,0.00,3,17,1,7,8,534,10,17,2,0,1,0,12,4,10,7,1,2,,31,7,2,460,27,95,198/242 (82%),48/66 (73%),6/29 (21%),54%,9,33/62 (53%),11/20 (55%),6/16 (38%),60%,10,7,48,12,,1,,,0,1,7
12388500,217,61132,NORMAL,PLAYOFF,Round 1,CUP,2524,VfL Wolfsburg,Visita,1ST,19/08/2024,1,1,74%,0.00,2,8,1,3,,269,7,6,1,0,1,0,6,1,5,3,1,1,,,3,1,228,15,47,,24/34 (71%),2/13 (15%),53%,7,16/32 (50%),7/11 (64%),3/6 (50%),57%,7,5,24,4,,1,,,,,2
12388500,217,61132,NORMAL,PLAYOFF,Round 1,CUP,2524,VfL Wolfsburg,Visita,2ND,19/08/2024,1,0,82%,0.00,1,9,0,4,,265,3,11,1,0,0,0,6,3,5,4,0,1,,,4,1,232,12,48,,24/32 (75%),4/16 (25%),54%,2,17/30 (57%),4/9 (44%),3/10 (30%),67%,3,2,24,8,,0,,,,,5
12388500,217,61132,NORMAL,PLAYOFF,Round 1,CUP,4899,TuS Koblenz,Local,ALL,19/08/2024,1,0,23%,0.00,0,7,0,3,17,158,19,8,5,1,1,0,5,1,2,5,0,0,,6,1,0,82,19,38,21/53 (40%),16/61 (26%),0/6 (0%),46%,7,29/62 (47%),9/20 (45%),3/6 (50%),68%,19,9,30,30,,0,,,2,2,17
12388500,217,61132,NORMAL,PLAYOFF,Round 1,CUP,4899,TuS Koblenz,Local,1ST,19/08/2024,1,0,26%,0.00,0,3,0,1,,100,10,4,1,0,1,0,1,1,1,2,0,0,,,1,0,60,9,21,,10/34 (29%),0/1 (0%),47%,5,16/32 (50%),4/11 (36%),3/5 (60%),60%,10,4,16,20,,0,,,,,10
12388500,217,61132,NORMAL,PLAYOFF,Round 1,CUP,4899,TuS Koblenz,Local,2ND,19/08/2024,1,0,18%,0.00,0,4,0,2,,58,9,4,4,1,0,0,4,0,1,3,0,0,,,0,0,22,10,17,,6/27 (22%),0/5 (0%),46%,2,13/30 (43%),5/9 (56%),0/1 (0%),78%,9,5,14,10,,0,,,,,7
12499394,35,63516,NORMAL,REGULAR,Round 23,LEAGUE,2524,VfL Wolfsburg,Local,ALL,22/02/2025,23,1,55%,1.73,5,13,4,3,8,465,13,15,2,,6,0,4,3,8,5,1,4,,22,5,1,375,14,68,83/131 (63%),35/62 (56%),5/13 (38%),46%,7,38/74 (51%),13/36 (36%),10/22 (45%),69%,13,10,50,14,0,4,-0.15,1,1,,8
12499394,35,63516,NORMAL,REGULAR,Round 23,LEAGUE,2524,VfL Wolfsburg,Local,1ST,22/02/2025,23,0,50%,0.48,2,4,2,1,,222,6,7,0,,3,0,0,1,2,2,0,2,,,2,0,182,6,29,,25/36 (69%),2/4 (50%),52%,4,20/38 (53%),7/14 (50%),7/14 (50%),67%,6,5,28,9,,2,,,,,5
12499394,35,63516,NORMAL,REGULAR,Round 23,LEAGUE,2524,VfL Wolfsburg,Local,2ND,22/02/2025,23,1,60%,1.25,3,9,2,2,,243,7,8,2,,3,0,4,2,6,3,1,2,,,3,1,193,8,39,,10/26 (38%),3/9 (33%),41%,3,18/36 (50%),6/22 (27%),3/8 (38%),71%,7,5,22,5,,2,,,,,3
12499394,35,63516,NORMAL,REGULAR,Round 23,LEAGUE,2542,VfL Bochum 1848,Visita,ALL,22/02/2025,23,1,45%,0.84,2,11,5,5,15,379,19,8,3,,5,0,3,3,9,2,1,1,,20,0,1,291,20,59,58/99 (59%),32/71 (45%),7/18 (39%),54%,9,36/74 (49%),23/36 (64%),10/14 (71%),47%,19,11,51,22,1,5,1.40,0,0,,10
12499394,35,63516,NORMAL,REGULAR,Round 23,LEAGUE,2542,VfL Bochum 1848,Visita,1ST,22/02/2025,23,0,50%,0.46,1,6,3,3,,215,11,3,1,,2,0,2,2,4,2,0,1,,,0,0,172,9,36,,13/34 (38%),5/12 (42%),48%,3,18/38 (47%),7/14 (50%),4/7 (57%),55%,11,7,31,9,,3,,,,,3
12499394,35,63516,NORMAL,REGULAR,Round 23,LEAGUE,2542,VfL Bochum 1848,Visita,2ND,22/02/2025,23,1,40%,0.38,1,5,2,2,,164,8,5,2,,3,0,1,1,5,0,1,0,,,0,1,119,11,23,,19/37 (51%),2/6 (33%),59%,6,18/36 (50%),16/22 (73%),6/7 (86%),38%,8,4,20,13,,2,,,,,7
12499405,35,63516,NORMAL,REGULAR,Round 24,LEAGUE,2524,VfL Wolfsburg,Visita,ALL,01/03/2025,24,2,44%,0.92,1,9,6,2,9,412,15,13,0,,3,0,2,4,5,4,1,0,,17,2,3,330,17,53,80/118 (68%),25/61 (41%),2/7 (29%),50%,11,33/68 (49%),15/28 (54%),7/18 (39%),67%,15,13,54,50,,6,1.65,1,2,1,5
12499405,35,63516,NORMAL,REGULAR,Round 24,LEAGUE,2524,VfL Wolfsburg,Visita,1ST,01/03/2025,24,1,43%,0.65,1,6,5,1,,219,3,5,0,,1,0,1,4,3,3,1,0,,,1,1,176,8,23,,12/31 (39%),2/5 (40%),32%,6,8/27 (30%),4/10 (40%),1/9 (11%),33%,3,9,35,13,,5,,,,,4
12499405,35,63516,NORMAL,REGULAR,Round 24,LEAGUE,2524,VfL Wolfsburg,Visita,2ND,01/03/2025,24,1,45%,0.27,0,3,1,1,,193,12,8,0,,2,0,1,0,2,1,0,0,,,1,2,154,9,30,,13/30 (43%),0/2 (0%),61%,5,25/41 (61%),11/18 (61%),6/9 (67%),75%,12,4,19,37,,1,,,,,1
12499405,35,63516,NORMAL,REGULAR,Round 24,LEAGUE,2534,SV Werder Bremen,Local,ALL,01/03/2025,24,1,56%,1.90,3,15,1,8,13,519,22,9,2,,7,1,2,6,10,5,0,3,,30,0,1,421,26,79,112/173 (65%),24/48 (50%),3/26 (12%),50%,8,35/68 (51%),13/28 (46%),5/12 (42%),45%,22,6,46,15,,1,-0.83,0,0,0,3
12499405,35,63516,NORMAL,REGULAR,Round 24,LEAGUE,2534,SV Werder Bremen,Local,1ST,01/03/2025,24,0,57%,1.38,2,11,0,2,,295,14,4,0,,5,1,2,4,7,4,0,2,,,0,0,246,11,44,,10/23 (43%),2/10 (20%),68%,2,19/27 (70%),6/10 (60%),2/3 (67%),50%,14,6,29,9,,0,,,,,2
12499405,35,63516,NORMAL,REGULAR,Round 24,LEAGUE,2534,SV Werder Bremen,Local,2ND,01/03/2025,24,1,55%,0.52,1,4,1,6,,224,8,5,2,,2,0,0,2,3,1,0,1,,,0,1,175,15,35,,14/25 (56%),1/16 (6%),39%,6,16/41 (39%),7/18 (39%),3/9 (33%),38%,8,0,17,6,,1,,,,,1
12499421,35,63516,NORMAL,REGULAR,Round 25,LEAGUE,2524,VfL Wolfsburg,Local,ALL,08/03/2025,25,1,58%,1.96,2,16,3,6,11,484,7,12,1,,4,0,9,3,12,4,1,1,1,26,3,3,405,18,69,95/134 (71%),46/77 (60%),7/19 (37%),51%,4,29/59 (49%),19/35 (54%),9/20 (45%),71%,7,8,38,14,1,3,0.11,1,1,1,9
12499421,35,63516,NORMAL,REGULAR,Round 25,LEAGUE,2524,VfL Wolfsburg,Local,1ST,08/03/2025,25,0,60%,0.52,0,6,1,6,,262,2,5,0,,0,0,5,1,5,1,0,0,1,,1,1,212,13,36,,25/43 (58%),4/12 (33%),53%,1,11/24 (46%),13/21 (62%),4/10 (40%),50%,2,0,17,7,,1,,,,,7
12499421,35,63516,NORMAL,REGULAR,Round 25,LEAGUE,2524,VfL Wolfsburg,Local,2ND,08/03/2025,25,1,56%,1.43,2,10,2,0,,222,5,7,1,,4,0,4,2,7,3,1,1,0,,2,2,193,5,33,,21/34 (62%),3/7 (43%),49%,3,18/35 (51%),6/14 (43%),5/10 (50%),80%,5,8,21,7,,2,,,,,2
12499421,35,63516,NORMAL,REGULAR,Round 25,LEAGUE,2526,FC St. Pauli,Visita,ALL,08/03/2025,25,1,42%,1.64,1,14,3,6,13,348,15,11,0,,4,0,6,4,9,5,1,0,0,23,0,3,262,20,50,58/93 (62%),17/46 (37%),5/17 (29%),49%,3,30/59 (51%),16/35 (46%),6/10 (60%),67%,15,7,31,24,0,3,0.41,2,0,0,11
12499421,35,63516,NORMAL,REGULAR,Round 25,LEAGUE,2526,FC St. Pauli,Visita,1ST,08/03/2025,25,1,40%,1.28,1,8,0,3,,174,7,4,0,,2,0,5,1,5,3,1,0,0,,0,2,133,5,25,,6/21 (29%),3/11 (27%),47%,1,13/24 (54%),8/21 (38%),2/3 (67%),71%,7,4,18,13,,0,,,,,6
12499421,35,63516,NORMAL,REGULAR,Round 25,LEAGUE,2526,FC St. Pauli,Visita,2ND,08/03/2025,25,0,44%,0.36,0,6,3,3,,174,8,7,0,,2,0,1,3,4,2,0,0,0,,0,1,129,15,25,,11/25 (44%),2/6 (33%),51%,2,17/35 (49%),8/14 (57%),4/7 (57%),63%,8,3,13,11,,3,,,,,5
12499432,35,63516,NORMAL,REGULAR,Round 26,LEAGUE,2524,VfL Wolfsburg,Visita,ALL,15/03/2025,26,0,58%,0.77,1,13,3,4,9,532,15,7,2,,2,1,6,5,6,7,0,1,0,16,1,1,437,21,70,99/144 (69%),23/57 (40%),1/20 (5%),44%,5,26/60 (43%),11/25 (44%),4/12 (33%),67%,15,15,55,24,1,3,-0.62,1,1,,8
12499432,35,63516,NORMAL,REGULAR,Round 26,LEAGUE,2524,VfL Wolfsburg,Visita,1ST,15/03/2025,26,0,51%,0.06,0,2,2,1,,235,5,5,1,,0,0,1,1,1,1,0,0,0,,0,1,190,9,29,,12/30 (40%),0/7 (0%),36%,4,11/28 (39%),1/5 (20%),1/3 (33%),80%,5,9,27,12,,2,,,,,4
12499432,35,63516,NORMAL,REGULAR,Round 26,LEAGUE,2524,VfL Wolfsburg,Visita,2ND,15/03/2025,26,0,65%,0.72,1,11,1,3,,297,10,2,1,,2,1,5,4,5,6,0,1,0,,1,0,247,12,41,,11/27 (41%),1/13 (8%),48%,1,15/32 (47%),10/20 (50%),3/9 (33%),60%,10,6,28,12,,1,,,,,4
12499432,35,63516,NORMAL,REGULAR,Round 26,LEAGUE,2600,FC Augsburg,Local,ALL,15/03/2025,26,1,42%,0.73,1,10,2,1,7,392,13,9,1,,2,0,5,3,5,5,1,0,2,17,1,2,301,20,65,100/140 (71%),28/56 (50%),3/14 (21%),56%,7,34/60 (57%),14/25 (56%),13/21 (62%),69%,13,20,52,19,1,2,0.24,1,0,,12
12499432,35,63516,NORMAL,REGULAR,Round 26,LEAGUE,2600,FC Augsburg,Local,1ST,15/03/2025,26,0,49%,0.08,0,4,0,0,,228,6,5,0,,1,0,2,1,1,3,0,0,0,,1,2,182,12,35,,16/29 (55%),1/8 (13%),64%,2,17/28 (61%),4/5 (80%),6/9 (67%),67%,6,12,26,6,,0,,,,,5
12499432,35,63516,NORMAL,REGULAR,Round 26,LEAGUE,2600,FC Augsburg,Local,2ND,15/03/2025,26,1,35%,0.65,1,6,2,1,,164,7,4,1,,1,0,3,2,4,2,1,0,2,,0,0,119,8,30,,12/27 (44%),2/6 (33%),52%,5,17/32 (53%),10/20 (50%),7/12 (58%),71%,7,8,26,13,,2,,,,,7
12499447,35,63516,NORMAL,REGULAR,Round 34,LEAGUE,2524,VfL Wolfsburg,Visita,ALL,17/05/2025,34,1,41%,1.66,3,17,4,10,4,377,13,6,,,6,1,8,3,8,9,1,2,,23,0,0,299,11,51,90/138 (65%),22/47 (47%),2/21 (10%),50%,7,24/47 (51%),9/19 (47%),5/14 (36%),38%,13,13,43,31,0,4,0.27,1,3,0,11
12499447,35,63516,NORMAL,REGULAR,Round 34,LEAGUE,2524,VfL Wolfsburg,Visita,1ST,17/05/2025,34,0,46%,0.88,1,10,2,5,,213,5,4,,,4,0,4,2,4,6,0,1,,,0,0,177,3,24,,7/18 (39%),0/11 (0%),45%,4,11/23 (48%),2/6 (33%),2/7 (29%),40%,5,5,26,11,,2,,,,,4
12499447,35,63516,NORMAL,REGULAR,Round 34,LEAGUE,2524,VfL Wolfsburg,Visita,2ND,17/05/2025,34,1,36%,0.78,2,7,2,5,,164,8,2,,,2,1,4,1,4,3,1,1,,,0,0,122,8,27,,15/29 (52%),2/10 (20%),54%,3,13/24 (54%),7/13 (54%),3/7 (43%),38%,8,8,17,20,,2,,,,,7
12499447,35,63516,NORMAL,REGULAR,Round 34,LEAGUE,2527,Borussia M'gladbach,Local,ALL,17/05/2025,34,0,59%,1.00,0,16,5,7,6,537,16,4,,,3,1,11,2,9,7,0,0,,30,1,5,464,16,50,108/138 (78%),18/43 (42%),7/27 (26%),50%,7,23/47 (49%),10/19 (53%),4/10 (40%),63%,16,10,48,29,2,5,0.72,2,1,1,13
12499447,35,63516,NORMAL,REGULAR,Round 34,LEAGUE,2527,Borussia M'gladbach,Local,1ST,17/05/2025,34,0,54%,0.70,0,9,4,3,,249,9,3,,,2,0,5,2,5,4,0,0,,,1,4,217,9,21,,13/22 (59%),2/9 (22%),55%,1,12/23 (52%),4/6 (67%),1/5 (20%),56%,9,4,24,15,,4,,,,,8
12499447,35,63516,NORMAL,REGULAR,Round 34,LEAGUE,2527,Borussia M'gladbach,Local,2ND,17/05/2025,34,0,64%,0.30,0,7,1,4,,288,7,1,,,1,1,6,0,4,3,0,0,,,0,1,247,7,29,,5/21 (24%),5/18 (28%),46%,6,11/24 (46%),6/13 (46%),3/5 (60%),71%,7,6,24,14,,1,,,,,5
12499450,35,63516,NORMAL,REGULAR,Round 27,LEAGUE,2524,VfL Wolfsburg,Local,ALL,29/03/2025,27,0,61%,1.31,2,11,3,4,8,576,9,10,2,,2,0,7,2,6,5,0,2,,30,3,1,472,24,74,123/182 (68%),30/57 (53%),4/20 (20%),46%,9,20/51 (39%),22/41 (54%),3/10 (30%),67%,9,10,59,20,,3,0.32,2,0,1,8
12499450,35,63516,NORMAL,REGULAR,Round 27,LEAGUE,2524,VfL Wolfsburg,Local,1ST,29/03/2025,27,0,58%,0.22,0,3,0,0,,305,5,5,0,,0,0,3,0,1,2,0,0,,,2,1,262,9,33,,17/30 (57%),0/6 (0%),46%,4,10/23 (43%),8/16 (50%),0/4 (0%),40%,5,6,32,6,,0,,,,,2
12499450,35,63516,NORMAL,REGULAR,Round 27,LEAGUE,2524,VfL Wolfsburg,Local,2ND,29/03/2025,27,0,65%,1.09,2,8,3,4,,271,4,5,2,,2,0,4,2,5,3,0,2,,,1,0,210,15,41,,13/27 (48%),4/14 (29%),45%,5,10/28 (36%),14/25 (56%),3/6 (50%),100%,4,4,27,14,,3,,,,,6
12499450,35,63516,NORMAL,REGULAR,Round 27,LEAGUE,5885,1. FC Heidenheim,Visita,ALL,29/03/2025,27,1,39%,1.36,2,11,2,5,10,361,16,7,4,,4,0,6,1,8,3,1,1,,20,2,1,264,23,67,85/145 (59%),25/66 (38%),5/15 (33%),54%,2,31/51 (61%),19/41 (46%),8/15 (53%),56%,16,11,52,25,,2,0.30,0,2,0,15
12499450,35,63516,NORMAL,REGULAR,Round 27,LEAGUE,5885,1. FC Heidenheim,Visita,1ST,29/03/2025,27,1,42%,0.82,1,2,0,0,,214,8,1,2,,1,0,1,0,2,0,1,0,,,2,1,167,11,28,,14/34 (41%),2/6 (33%),54%,2,13/23 (57%),8/16 (50%),3/6 (50%),75%,8,5,28,8,,0,,,,,7
12499450,35,63516,NORMAL,REGULAR,Round 27,LEAGUE,5885,1. FC Heidenheim,Visita,2ND,29/03/2025,27,0,35%,0.54,1,9,2,5,,147,8,6,2,,3,0,5,1,6,3,0,1,,,0,0,97,12,39,,11/32 (34%),3/9 (33%),55%,0,18/28 (64%),11/25 (44%),5/9 (56%),38%,8,6,24,17,,2,,,,,8
12499464,35,63516,NORMAL,REGULAR,Round 28,LEAGUE,2524,VfL Wolfsburg,Visita,ALL,06/04/2025,28,0,55%,1.86,2,12,2,4,14,392,12,13,1,,3,0,5,4,10,2,0,2,,23,2,0,302,17,68,76/126 (60%),29/57 (51%),2/24 (8%),50%,7,30/60 (50%),24/49 (49%),5/11 (45%),50%,12,5,31,38,0,2,-0.12,,2,1,10
12499464,35,63516,NORMAL,REGULAR,Round 28,LEAGUE,2524,VfL Wolfsburg,Visita,1ST,06/04/2025,28,0,56%,0.68,1,8,2,2,,198,6,7,0,,2,0,3,3,7,1,0,1,,,1,0,151,10,32,,11/30 (37%),1/12 (8%),49%,3,15/28 (54%),11/25 (44%),2/4 (50%),50%,6,0,14,20,,2,,,,,3
12499464,35,63516,NORMAL,REGULAR,Round 28,LEAGUE,2524,VfL Wolfsburg,Visita,2ND,06/04/2025,28,0,54%,1.18,1,4,0,2,,194,6,6,1,,1,0,2,1,3,1,0,1,,,1,0,151,7,36,,18/27 (67%),1/12 (8%),50%,4,15/32 (47%),13/24 (54%),3/7 (43%),50%,6,5,17,18,,0,,,,,7
12499464,35,63516,NORMAL,REGULAR,Round 28,LEAGUE,2547,1. FC Union Berlin,Local,ALL,06/04/2025,28,1,45%,1.19,2,13,3,6,13,322,13,14,0,,3,1,6,4,7,6,1,1,,22,2,1,235,23,53,63/99 (64%),27/64 (42%),5/24 (21%),50%,5,30/60 (50%),25/49 (51%),6/13 (46%),69%,13,8,40,41,1,3,0.25,,1,0,8
12499464,35,63516,NORMAL,REGULAR,Round 28,LEAGUE,2547,1. FC Union Berlin,Local,1ST,06/04/2025,28,0,44%,0.96,1,6,2,4,,151,5,7,0,,2,1,2,2,5,1,0,1,,,0,1,108,12,25,,12/26 (46%),4/18 (22%),51%,3,13/28 (46%),14/25 (56%),2/5 (40%),80%,5,4,15,17,,2,,,,,6
12499464,35,63516,NORMAL,REGULAR,Round 28,LEAGUE,2547,1. FC Union Berlin,Local,2ND,06/04/2025,28,1,46%,0.23,1,7,1,2,,171,8,7,0,,1,0,4,2,2,5,1,0,,,2,0,127,11,28,,15/38 (39%),1/6 (17%),50%,2,17/32 (53%),11/24 (46%),4/8 (50%),63%,8,4,25,24,,1,,,,,2
12499476,35,63516,NORMAL,REGULAR,Round 29,LEAGUE,2524,VfL Wolfsburg,Local,ALL,11/04/2025,29,2,47%,1.62,3,17,2,8,14,391,14,13,2,,6,2,8,3,16,1,1,2,1,31,1,3,315,20,51,108/146 (74%),31/57 (54%),10/35 (29%),43%,10,29/69 (42%),14/31 (45%),4/11 (36%),43%,14,11,46,28,1,2,-1.23,0,0,0,8
12499476,35,63516,NORMAL,REGULAR,Round 29,LEAGUE,2524,VfL Wolfsburg,Local,1ST,11/04/2025,29,0,38%,0.53,1,7,0,3,,170,7,7,1,,1,2,4,2,7,0,0,1,0,,1,0,134,8,22,,16/27 (59%),5/14 (36%),41%,5,14/35 (40%),6/14 (43%),0/4 (0%),57%,7,9,25,12,,0,,,,,4
12499476,35,63516,NORMAL,REGULAR,Round 29,LEAGUE,2524,VfL Wolfsburg,Local,2ND,11/04/2025,29,2,58%,1.09,2,10,2,5,,221,7,6,1,,5,0,4,1,9,1,1,1,1,,0,3,181,12,29,,15/30 (50%),5/21 (24%),45%,5,15/34 (44%),8/17 (47%),4/7 (57%),29%,7,2,21,16,,2,,,,,4
12499476,35,63516,NORMAL,REGULAR,Round 29,LEAGUE,36360,RB Leipzig,Visita,ALL,11/04/2025,29,3,53%,1.34,3,16,4,5,13,464,17,14,3,,5,0,5,6,7,9,0,3,0,23,0,3,383,17,52,127/166 (77%),23/47 (49%),2/13 (15%),57%,9,40/69 (58%),17/31 (55%),9/14 (64%),59%,17,7,49,31,0,4,-0.44,2,2,3,10
12499476,35,63516,NORMAL,REGULAR,Round 29,LEAGUE,36360,RB Leipzig,Visita,1ST,11/04/2025,29,2,62%,0.52,0,8,1,1,,298,9,7,2,,2,0,3,3,1,7,0,0,0,,0,2,252,7,33,,12/23 (52%),1/5 (20%),59%,4,21/35 (60%),8/14 (57%),5/8 (63%),67%,9,4,32,9,,1,,,,,4
12499476,35,63516,NORMAL,REGULAR,Round 29,LEAGUE,36360,RB Leipzig,Visita,2ND,11/04/2025,29,1,42%,0.82,3,8,3,4,,166,8,7,1,,3,0,2,3,6,2,0,3,0,,0,1,131,10,19,,11/24 (46%),1/8 (13%),55%,5,19/34 (56%),9/17 (53%),4/6 (67%),50%,8,3,17,22,,3,,,,,6
12499492,35,63516,NORMAL,REGULAR,Round 30,LEAGUE,2524,VfL Wolfsburg,Visita,ALL,19/04/2025,30,2,48%,1.83,2,16,5,5,8,359,19,15,3,,4,0,9,3,12,4,0,2,1,27,1,2,276,15,65,77/116 (66%),28/64 (44%),3/14 (21%),54%,6,36/64 (56%),14/28 (50%),3/9 (33%),79%,19,11,48,34,0,5,0.56,2,0,1,12
12499492,35,63516,NORMAL,REGULAR,Round 30,LEAGUE,2524,VfL Wolfsburg,Visita,1ST,19/04/2025,30,1,48%,1.41,2,11,1,4,,179,9,8,0,,3,0,7,1,7,4,0,2,1,,1,1,145,8,37,,17/33 (52%),2/8 (25%),57%,4,18/30 (60%),7/14 (50%),2/7 (29%),67%,9,8,24,14,,1,,,,,6
12499492,35,63516,NORMAL,REGULAR,Round 30,LEAGUE,2524,VfL Wolfsburg,Visita,2ND,19/04/2025,30,1,48%,0.42,0,5,4,1,,180,10,7,3,,1,0,2,2,5,0,0,0,0,,0,1,131,7,28,,11/31 (35%),1/6 (17%),52%,2,18/34 (53%),7/14 (50%),1/2 (50%),90%,10,3,24,20,,4,,,,,6
12499492,35,63516,NORMAL,REGULAR,Round 30,LEAGUE,2556,1. FSV Mainz 05,Local,ALL,19/04/2025,30,2,52%,2.75,5,18,2,7,15,380,12,8,2,,7,1,6,5,14,4,1,4,0,30,2,3,294,21,66,105/159 (66%),21/59 (36%),4/22 (18%),46%,11,28/64 (44%),14/28 (50%),8/16 (50%),33%,12,13,48,13,2,2,-0.14,1,2,1,12
12499492,35,63516,NORMAL,REGULAR,Round 30,LEAGUE,2556,1. FSV Mainz 05,Local,1ST,19/04/2025,30,2,52%,1.20,2,8,2,1,,195,9,2,0,,3,0,2,3,5,3,1,1,0,,1,1,156,8,32,,10/27 (37%),0/5 (0%),43%,5,12/30 (40%),7/14 (50%),1/5 (20%),33%,9,5,22,8,,2,,,,,10
12499492,35,63516,NORMAL,REGULAR,Round 30,LEAGUE,2556,1. FSV Mainz 05,Local,2ND,19/04/2025,30,0,52%,1.55,3,10,0,6,,185,3,6,2,,4,1,4,2,9,1,0,3,0,,1,2,138,13,34,,11/32 (34%),4/17 (24%),48%,6,16/34 (47%),7/14 (50%),7/11 (64%),33%,3,8,26,5,,0,,,,,2
12499506,35,63516,NORMAL,REGULAR,Round 31,LEAGUE,2524,VfL Wolfsburg,Local,ALL,26/04/2025,31,0,43%,0.32,0,7,1,3,6,343,17,9,3,1,1,0,5,1,3,4,,0,,15,2,1,257,21,66,91/142 (64%),35/72 (49%),1/19 (5%),51%,10,33/64 (52%),22/43 (51%),9/15 (60%),53%,17,7,42,29,,1,0.26,1,1,0,15
12499506,35,63516,NORMAL,REGULAR,Round 31,LEAGUE,2524,VfL Wolfsburg,Local,1ST,26/04/2025,31,0,40%,0.13,0,5,1,0,,158,6,3,2,1,1,0,3,1,2,3,,0,,,0,1,112,9,36,,18/40 (45%),0/3 (0%),50%,4,12/27 (44%),13/23 (57%),3/5 (60%),83%,6,3,25,19,,1,,,,,8
12499506,35,63516,NORMAL,REGULAR,Round 31,LEAGUE,2524,VfL Wolfsburg,Local,2ND,26/04/2025,31,0,46%,0.18,0,2,0,3,,185,11,6,1,0,0,0,2,0,1,1,,0,,,2,0,145,12,30,,17/32 (53%),1/16 (6%),53%,6,21/37 (57%),9/20 (45%),6/10 (60%),36%,11,4,17,10,,0,,,,,7
12499506,35,63516,NORMAL,REGULAR,Round 31,LEAGUE,2538,SC Freiburg,Visita,ALL,26/04/2025,31,1,57%,1.63,3,15,1,2,9,451,16,6,1,0,2,0,9,4,9,6,,3,,28,3,0,393,15,54,128/155 (83%),18/43 (42%),4/29 (14%),49%,5,31/64 (48%),21/43 (49%),9/21 (43%),63%,16,8,55,34,,1,0.05,0,0,1,7
12499506,35,63516,NORMAL,REGULAR,Round 31,LEAGUE,2538,SC Freiburg,Visita,1ST,26/04/2025,31,0,60%,1.37,3,8,1,2,,228,6,3,0,0,1,0,6,1,6,2,,3,,,1,0,199,8,35,,9/25 (36%),4/16 (25%),50%,2,15/27 (56%),10/23 (43%),6/10 (60%),83%,6,3,33,9,,1,,,,,4
12499506,35,63516,NORMAL,REGULAR,Round 31,LEAGUE,2538,SC Freiburg,Visita,2ND,26/04/2025,31,1,54%,0.27,0,7,0,0,,223,10,3,1,0,1,0,3,3,3,4,,0,,,2,0,194,7,19,,9/18 (50%),0/13 (0%),47%,3,16/37 (43%),11/20 (55%),3/11 (27%),50%,10,5,22,25,,0,,,,,3
12499512,35,63516,NORMAL,REGULAR,Round 32,LEAGUE,2524,VfL Wolfsburg,Visita,ALL,03/05/2025,32,0,45%,0.70,3,11,1,3,6,427,17,13,1,,2,0,8,1,7,4,0,3,1,18,0,2,361,21,31,61/84 (73%),21/44 (48%),5/16 (31%),53%,7,43/73 (59%),8/23 (35%),13/21 (62%),59%,17,8,41,17,1,1,-1.47,1,,,6
12499512,35,63516,NORMAL,REGULAR,Round 32,LEAGUE,2524,VfL Wolfsburg,Visita,1ST,03/05/2025,32,0,43%,0.16,0,5,0,1,,221,10,3,0,,1,0,3,1,1,4,0,0,0,,0,1,187,11,14,,14/24 (58%),0/6 (0%),53%,2,20/33 (61%),4/12 (33%),7/13 (54%),50%,10,3,22,12,,0,,,,,3
12499512,35,63516,NORMAL,REGULAR,Round 32,LEAGUE,2524,VfL Wolfsburg,Visita,2ND,03/05/2025,32,0,48%,0.54,3,6,1,2,,206,7,10,1,,1,0,5,0,6,0,0,3,1,,0,1,174,10,17,,7/20 (35%),5/10 (50%),53%,5,23/40 (57%),4/11 (36%),6/8 (75%),71%,7,5,19,5,,1,,,,,3
12499512,35,63516,NORMAL,REGULAR,Round 32,LEAGUE,2673,Borussia Dortmund,Local,ALL,03/05/2025,32,4,55%,2.43,4,11,2,4,13,527,15,6,0,,5,0,3,3,10,1,4,0,1,28,2,1,459,17,51,123/158 (78%),21/35 (60%),4/15 (27%),47%,8,30/73 (41%),15/23 (65%),9/18 (50%),60%,15,11,41,22,0,2,0.24,0,,,9
12499512,35,63516,NORMAL,REGULAR,Round 32,LEAGUE,2673,Borussia Dortmund,Local,1ST,03/05/2025,32,1,57%,0.76,1,2,1,3,,298,8,2,0,,1,0,0,1,2,0,1,0,0,,0,1,256,10,28,,13/23 (57%),2/8 (25%),47%,6,13/33 (39%),8/12 (67%),3/7 (43%),75%,8,4,19,13,,1,,,,,4
12499512,35,63516,NORMAL,REGULAR,Round 32,LEAGUE,2673,Borussia Dortmund,Local,2ND,03/05/2025,32,3,52%,1.67,3,9,1,1,,229,7,4,0,,4,0,3,2,8,1,3,0,1,,2,0,203,7,23,,8/12 (67%),2/7 (29%),47%,2,17/40 (43%),7/11 (64%),6/11 (55%),43%,7,7,22,9,,1,,,,,5
12499521,35,63516,NORMAL,REGULAR,Round 13,LEAGUE,2524,VfL Wolfsburg,Local,ALL,08/12/2024,13,4,44%,1.24,2,10,2,3,10,395,10,15,3,,5,0,3,2,8,2,2,0,0,19,4,0,312,17,38,54/85 (64%),23/57 (40%),4/14 (29%),49%,4,30/53 (57%),17/43 (40%),5/10 (50%),60%,10,8,39,35,1,2,-0.11,,0,0,12
12499521,35,63516,NORMAL,REGULAR,Round 13,LEAGUE,2524,VfL Wolfsburg,Local,1ST,08/12/2024,13,1,41%,0.47,1,2,0,2,,177,3,6,2,,1,0,0,1,1,1,1,0,0,,1,0,135,9,18,,15/36 (42%),1/3 (33%),39%,2,10/23 (43%),7/21 (33%),1/4 (25%),100%,3,2,18,13,,0,,,,,6
12499521,35,63516,NORMAL,REGULAR,Round 13,LEAGUE,2524,VfL Wolfsburg,Local,2ND,08/12/2024,13,3,46%,0.77,1,8,2,1,,218,7,9,1,,4,0,3,1,7,1,1,0,0,,3,0,177,8,20,,8/21 (38%),3/11 (27%),58%,2,20/30 (67%),10/22 (45%),4/6 (67%),43%,7,6,21,22,,2,,,,,6
12499521,35,63516,NORMAL,REGULAR,Round 13,LEAGUE,2556,1. FSV Mainz 05,Visita,ALL,08/12/2024,13,3,56%,2.61,6,12,1,5,15,507,9,10,4,,5,0,5,2,10,2,3,3,4,23,2,1,410,26,82,96/152 (63%),38/70 (54%),4/20 (20%),51%,7,23/53 (43%),26/43 (60%),4/7 (57%),89%,9,12,48,22,1,1,-2.14,,1,2,5
12499521,35,63516,NORMAL,REGULAR,Round 13,LEAGUE,2556,1. FSV Mainz 05,Visita,1ST,08/12/2024,13,2,59%,1.85,4,6,0,0,,250,5,7,2,,2,0,4,0,5,1,2,2,1,,2,0,210,12,33,,21/32 (66%),2/8 (25%),61%,2,13/23 (57%),14/21 (67%),1/2 (50%),100%,5,6,24,7,,0,,,,,3
12499521,35,63516,NORMAL,REGULAR,Round 13,LEAGUE,2556,1. FSV Mainz 05,Visita,2ND,08/12/2024,13,1,54%,0.76,2,6,1,5,,257,4,3,2,,3,0,1,2,5,1,1,1,3,,0,1,200,14,49,,17/38 (45%),2/12 (17%),42%,5,10/30 (33%),12/22 (55%),3/5 (60%),75%,4,6,24,15,,1,,,,,2
12499534,35,63516,NORMAL,REGULAR,Round 33,LEAGUE,2524,VfL Wolfsburg,Local,ALL,09/05/2025,33,2,55%,0.98,1,14,5,5,11,470,16,10,0,,5,1,3,6,8,6,1,0,,30,2,1,379,19,64,102/137 (74%),29/64 (45%),4/19 (21%),49%,2,30/59 (51%),19/40 (48%),4/15 (27%),94%,16,6,53,36,1,5,-0.81,2,,,6
12499534,35,63516,NORMAL,REGULAR,Round 33,LEAGUE,2524,VfL Wolfsburg,Local,1ST,09/05/2025,33,1,55%,0.16,0,5,4,2,,258,10,6,0,,2,0,2,1,3,2,0,0,,,1,1,210,10,32,,18/38 (47%),1/5 (20%),52%,1,17/29 (59%),7/17 (41%),1/3 (33%),90%,10,2,26,16,,4,,,,,2
12499534,35,63516,NORMAL,REGULAR,Round 33,LEAGUE,2524,VfL Wolfsburg,Local,2ND,09/05/2025,33,1,55%,0.82,1,9,1,3,,212,6,4,0,,3,1,1,5,5,4,1,0,,,1,0,169,9,32,,11/26 (42%),3/14 (21%),47%,1,13/30 (43%),12/23 (52%),3/12 (25%),100%,6,4,27,20,,1,,,,,4
12499534,35,63516,NORMAL,REGULAR,Round 33,LEAGUE,2569,TSG Hoffenheim,Visita,ALL,09/05/2025,33,2,45%,1.37,2,17,4,6,10,392,13,11,2,,7,0,6,4,12,5,0,2,,34,2,5,302,21,58,74/116 (64%),26/61 (43%),6/20 (30%),51%,4,29/59 (49%),21/40 (53%),7/19 (37%),85%,13,12,52,26,0,4,-0.44,4,,,4
12499534,35,63516,NORMAL,REGULAR,Round 33,LEAGUE,2569,TSG Hoffenheim,Visita,1ST,09/05/2025,33,1,45%,0.54,0,9,2,3,,217,3,6,1,,5,0,4,0,5,4,0,0,,,2,2,173,9,33,,12/31 (39%),4/7 (57%),48%,2,12/29 (41%),10/17 (59%),4/12 (33%),67%,3,7,26,6,,2,,,,,1
12499534,35,63516,NORMAL,REGULAR,Round 33,LEAGUE,2569,TSG Hoffenheim,Visita,2ND,09/05/2025,33,1,45%,0.83,2,8,2,3,,175,10,5,1,,2,0,2,4,7,1,0,2,,,0,3,129,12,25,,14/30 (47%),2/13 (15%),53%,2,17/30 (57%),11/23 (48%),3/7 (43%),90%,10,5,26,20,,2,,,,,3
12499540,35,63516,NORMAL,REGULAR,Round 2,LEAGUE,2524,VfL Wolfsburg,Visita,ALL,31/08/2024,2,2,46%,1.29,2,13,5,7,14,332,16,17,7,,5,0,4,4,7,6,,2,0,23,6,1,246,20,64,97/147 (66%),22/61 (36%),4/23 (17%),47%,11,37/77 (48%),21/46 (46%),5/13 (38%),56%,16,5,36,15,,5,1.24,1,0,,10
12499540,35,63516,NORMAL,REGULAR,Round 2,LEAGUE,2524,VfL Wolfsburg,Visita,1ST,31/08/2024,2,2,51%,0.37,1,5,1,4,,170,5,9,4,,3,0,2,0,3,2,,1,0,,3,0,128,10,31,,11/32 (34%),2/11 (18%),44%,2,17/35 (49%),9/24 (38%),3/8 (38%),40%,5,2,11,7,,1,,,,,6
12499540,35,63516,NORMAL,REGULAR,Round 2,LEAGUE,2524,VfL Wolfsburg,Visita,2ND,31/08/2024,2,0,41%,0.92,1,8,4,3,,162,11,8,3,,2,0,2,4,4,4,,1,0,,3,1,118,10,33,,11/29 (38%),2/12 (17%),50%,9,20/42 (48%),12/22 (55%),2/5 (40%),64%,11,3,25,8,,4,,,,,4
12499540,35,63516,NORMAL,REGULAR,Round 2,LEAGUE,2573,Holstein Kiel,Local,ALL,31/08/2024,2,0,54%,1.10,1,13,2,1,17,412,19,14,4,,5,0,6,2,7,6,,1,1,15,3,2,339,24,32,34/60 (57%),19/46 (41%),2/7 (29%),53%,13,40/77 (52%),25/46 (54%),7/10 (70%),47%,19,11,41,32,,2,-0.81,0,1,,5
12499540,35,63516,NORMAL,REGULAR,Round 2,LEAGUE,2573,Holstein Kiel,Local,1ST,31/08/2024,2,0,49%,0.29,0,5,1,0,,174,7,7,0,,1,0,4,0,3,2,,0,0,,0,1,144,10,14,,10/23 (43%),0/3 (0%),56%,4,18/35 (51%),15/24 (63%),4/5 (80%),43%,7,6,11,17,,1,,,,,3
12499540,35,63516,NORMAL,REGULAR,Round 2,LEAGUE,2573,Holstein Kiel,Local,2ND,31/08/2024,2,0,59%,0.81,1,8,1,1,,238,12,7,4,,4,0,2,2,4,4,,1,1,,3,1,195,14,18,,9/23 (39%),2/4 (50%),50%,9,22/42 (52%),10/22 (45%),3/5 (60%),50%,12,5,30,15,,1,,,,,2
12499573,35,63516,NORMAL,REGULAR,Round 14,LEAGUE,2524,VfL Wolfsburg,Visita,ALL,13/12/2024,14,2,47%,1.81,2,20,6,6,3,420,11,11,1,,5,1,10,5,12,8,1,1,2,20,3,2,329,15,53,85/120 (71%),36/63 (57%),7/21 (33%),52%,8,24/52 (46%),21/34 (62%),3/9 (33%),64%,11,9,56,26,0,6,1.22,1,1,0,6
12499573,35,63516,NORMAL,REGULAR,Round 14,LEAGUE,2524,VfL Wolfsburg,Visita,1ST,13/12/2024,14,0,31%,0.75,1,8,3,4,,143,6,3,0,,2,1,3,3,6,2,0,1,1,,1,2,110,6,12,,18/32 (56%),3/9 (33%),53%,3,9/20 (45%),9/14 (64%),0/3 (0%),83%,6,6,23,21,,3,,,,,4
12499573,35,63516,NORMAL,REGULAR,Round 14,LEAGUE,2524,VfL Wolfsburg,Visita,2ND,13/12/2024,14,2,64%,1.06,1,12,3,2,,277,5,8,1,,3,0,7,2,6,6,1,0,1,,2,0,219,9,41,,18/31 (58%),4/12 (33%),52%,5,15/32 (47%),12/20 (60%),3/6 (50%),40%,5,3,33,5,,3,,,,,2
12499573,35,63516,NORMAL,REGULAR,Round 14,LEAGUE,2538,SC Freiburg,Local,ALL,13/12/2024,14,3,53%,2.18,5,18,3,5,11,479,14,3,4,,9,1,4,5,13,5,2,3,1,25,0,2,382,20,47,73/112 (65%),22/55 (40%),7/16 (44%),48%,7,28/52 (54%),13/34 (38%),11/15 (73%),79%,14,10,52,29,2,3,0.27,2,0,1,14
12499573,35,63516,NORMAL,REGULAR,Round 14,LEAGUE,2538,SC Freiburg,Local,1ST,13/12/2024,14,1,69%,0.60,1,8,2,2,,324,6,1,2,,4,0,2,2,3,5,1,0,0,,0,1,280,14,26,,14/24 (58%),3/10 (30%),47%,4,11/20 (55%),5/14 (36%),4/6 (67%),100%,6,3,23,8,,2,,,,,3
12499573,35,63516,NORMAL,REGULAR,Round 14,LEAGUE,2538,SC Freiburg,Local,2ND,13/12/2024,14,2,36%,1.58,4,10,1,3,,155,8,2,2,,5,1,2,3,10,0,1,3,1,,0,1,102,6,21,,8/31 (26%),4/6 (67%),48%,3,17/32 (53%),8/20 (40%),7/9 (78%),63%,8,7,29,21,,1,,,,,11
12499577,35,63516,NORMAL,REGULAR,Round 3,LEAGUE,2524,VfL Wolfsburg,Local,ALL,14/09/2024,3,1,60%,1.58,1,18,4,5,7,501,16,18,1,,4,0,6,8,11,7,0,1,,27,0,0,407,25,63,98/146 (67%),23/57 (40%),5/28 (18%),52%,7,39/70 (56%),10/25 (40%),6/11 (55%),69%,16,6,56,15,0,4,0.49,,0,,2
12499577,35,63516,NORMAL,REGULAR,Round 3,LEAGUE,2524,VfL Wolfsburg,Local,1ST,14/09/2024,3,0,57%,0.75,1,7,1,3,,244,10,7,0,,2,0,3,2,5,2,0,1,,,0,0,201,10,29,,10/28 (36%),3/10 (30%),53%,4,17/31 (55%),4/9 (44%),0/0 (0%),70%,10,2,28,9,,1,,,,,1
12499577,35,63516,NORMAL,REGULAR,Round 3,LEAGUE,2524,VfL Wolfsburg,Local,2ND,14/09/2024,3,1,63%,0.83,0,11,3,2,,257,6,11,1,,2,0,3,6,6,5,0,0,,,0,0,206,15,34,,13/29 (45%),2/18 (11%),51%,3,22/39 (56%),6/16 (38%),6/11 (55%),67%,6,4,28,6,,3,,,,,1
12499577,35,63516,NORMAL,REGULAR,Round 3,LEAGUE,2674,Eintracht Frankfurt,Visita,ALL,14/09/2024,3,2,40%,2.53,4,14,3,4,18,344,12,6,2,,6,2,4,4,11,3,2,2,,25,3,3,271,16,42,47/76 (62%),28/57 (49%),3/9 (33%),48%,9,31/70 (44%),15/25 (60%),13/20 (65%),67%,12,7,56,40,1,3,-0.75,,3,,12
12499577,35,63516,NORMAL,REGULAR,Round 3,LEAGUE,2674,Eintracht Frankfurt,Visita,1ST,14/09/2024,3,1,43%,1.01,2,4,2,0,,187,4,5,1,,2,0,2,0,2,2,1,1,,,2,2,151,11,25,,16/30 (53%),2/3 (67%),47%,5,14/31 (45%),5/9 (56%),5/10 (50%),100%,4,1,23,15,,2,,,,,7
12499577,35,63516,NORMAL,REGULAR,Round 3,LEAGUE,2674,Eintracht Frankfurt,Visita,2ND,14/09/2024,3,1,37%,1.53,2,10,1,4,,157,8,1,1,,4,2,2,4,9,1,1,1,,,1,1,120,5,17,,12/27 (44%),1/6 (17%),49%,4,17/39 (44%),10/16 (63%),8/10 (80%),50%,8,6,33,25,,1,,,,,5
12499591,35,63516,NORMAL,REGULAR,Round 4,LEAGUE,2524,VfL Wolfsburg,Visita,ALL,22/09/2024,4,3,21%,0.71,1,9,3,2,14,202,12,6,5,1,4,0,5,0,4,5,1,,0,7,1,1,138,26,48,30/62 (48%),17/56 (30%),4/6 (67%),38%,8,21/66 (32%),13/24 (54%),5/12 (42%),58%,12,13,38,30,0,3,-0.89,3,,,11
12499591,35,63516,NORMAL,REGULAR,Round 4,LEAGUE,2524,VfL Wolfsburg,Visita,1ST,22/09/2024,4,3,27%,0.66,1,8,2,2,,123,7,2,0,0,4,0,4,0,4,4,1,,0,,1,1,91,14,22,,11/28 (39%),4/6 (67%),40%,2,11/32 (34%),7/13 (54%),3/8 (38%),71%,7,6,22,7,,2,,,,,4
12499591,35,63516,NORMAL,REGULAR,Round 4,LEAGUE,2524,VfL Wolfsburg,Visita,2ND,22/09/2024,4,0,15%,0.05,0,1,1,0,,79,5,4,5,1,0,0,1,0,0,1,0,,0,,0,0,47,12,26,,6/28 (21%),0/0 (0%),36%,6,10/34 (29%),6/11 (55%),2/4 (50%),40%,5,7,16,23,,1,,,,,7
12499591,35,63516,NORMAL,REGULAR,Round 4,LEAGUE,2681,Bayer 04 Leverkusen,Local,ALL,22/09/2024,4,4,79%,1.94,2,20,2,6,6,773,15,14,4,0,7,1,7,6,14,6,2,,1,38,2,4,707,25,85,261/301 (87%),20/31 (65%),7/25 (28%),62%,3,45/66 (68%),11/24 (46%),17/26 (65%),87%,15,9,43,11,3,2,-2.16,0,,,5
12499591,35,63516,NORMAL,REGULAR,Round 4,LEAGUE,2681,Bayer 04 Leverkusen,Local,1ST,22/09/2024,4,2,73%,0.63,1,8,2,3,,349,7,6,2,0,4,0,1,3,6,2,1,,0,,1,1,317,14,34,,9/15 (60%),4/10 (40%),60%,1,21/32 (66%),6/13 (46%),8/14 (57%),86%,7,2,19,7,,2,,,,,3
12499591,35,63516,NORMAL,REGULAR,Round 4,LEAGUE,2681,Bayer 04 Leverkusen,Local,2ND,22/09/2024,4,2,85%,1.31,1,12,0,3,,424,8,8,2,0,3,1,6,3,8,4,1,,1,,1,3,390,11,51,,11/16 (69%),3/15 (20%),64%,2,24/34 (71%),5/11 (45%),9/12 (75%),88%,8,7,24,4,,0,,,,,2
12499613,35,63516,NORMAL,REGULAR,Round 15,LEAGUE,2524,VfL Wolfsburg,Local,ALL,22/12/2024,15,1,50%,1.50,3,14,1,10,8,449,15,8,3,0,5,0,2,7,9,5,1,2,2,38,3,0,362,14,46,110/152 (72%),22/44 (50%),7/30 (23%),53%,2,34/65 (52%),10/18 (56%),11/22 (50%),53%,15,6,53,15,,1,-0.74,0,1,1,8
12499613,35,63516,NORMAL,REGULAR,Round 15,LEAGUE,2524,VfL Wolfsburg,Local,1ST,22/12/2024,15,0,37%,0.31,1,2,0,0,,177,10,3,0,0,1,0,0,1,2,0,0,1,0,,1,0,135,8,17,,10/26 (38%),3/5 (60%),58%,2,18/32 (56%),5/8 (63%),5/8 (63%),50%,10,0,28,7,,0,,,,,4
12499613,35,63516,NORMAL,REGULAR,Round 15,LEAGUE,2524,VfL Wolfsburg,Local,2ND,22/12/2024,15,1,65%,1.19,2,12,1,10,,272,5,5,3,0,4,0,2,6,7,5,1,1,2,,2,0,227,6,29,,12/18 (67%),4/25 (16%),49%,0,16/33 (48%),5/10 (50%),6/14 (43%),60%,5,6,25,8,,1,,,,,4
12499613,35,63516,NORMAL,REGULAR,Round 15,LEAGUE,2673,Borussia Dortmund,Visita,ALL,22/12/2024,15,3,50%,2.84,5,12,4,4,8,471,13,8,2,1,4,0,6,2,10,2,2,3,2,29,1,1,407,15,49,76/102 (75%),26/49 (53%),4/12 (33%),47%,8,31/65 (48%),8/18 (44%),11/18 (61%),69%,13,11,53,36,,4,1.06,2,0,1,6
12499613,35,63516,NORMAL,REGULAR,Round 15,LEAGUE,2673,Borussia Dortmund,Visita,1ST,22/12/2024,15,3,63%,2.75,5,10,1,3,,312,5,3,0,0,3,0,5,2,9,1,2,3,2,,1,0,281,12,34,,15/25 (60%),4/8 (50%),42%,4,14/32 (44%),3/8 (38%),6/12 (50%),40%,5,6,23,5,,1,,,,,3
12499613,35,63516,NORMAL,REGULAR,Round 15,LEAGUE,2673,Borussia Dortmund,Visita,2ND,22/12/2024,15,0,35%,0.09,0,2,3,1,,159,8,5,2,1,1,0,1,0,1,1,0,0,0,,0,1,126,3,15,,11/24 (46%),0/4 (0%),51%,4,17/33 (52%),5/10 (50%),5/6 (83%),88%,8,5,30,31,,3,,,,,3
12499629,35,63516,NORMAL,REGULAR,Round 16,LEAGUE,2524,VfL Wolfsburg,Visita,ALL,11/01/2025,16,1,46%,0.75,3,12,2,8,14,384,17,15,2,,3,1,6,3,7,5,,3,0,27,4,2,289,21,58,70/120 (58%),36/65 (55%),7/17 (41%),53%,6,36/76 (47%),34/57 (60%),8/20 (40%),65%,17,11,44,52,,2,0.43,0,,2,6
12499629,35,63516,NORMAL,REGULAR,Round 16,LEAGUE,2524,VfL Wolfsburg,Visita,1ST,11/01/2025,16,1,48%,0.35,2,5,0,4,,198,12,7,1,,3,0,2,0,3,2,,2,0,,2,2,156,12,29,,19/28 (68%),2/7 (29%),55%,2,22/40 (55%),12/22 (55%),3/7 (43%),58%,12,7,23,20,,0,,,,,3
12499629,35,63516,NORMAL,REGULAR,Round 16,LEAGUE,2524,VfL Wolfsburg,Visita,2ND,11/01/2025,16,0,43%,0.40,1,7,2,4,,186,5,8,1,,0,1,4,3,4,3,,1,0,,2,0,133,9,29,,17/37 (46%),5/10 (50%),51%,4,14/36 (39%),22/35 (63%),5/13 (38%),80%,5,4,21,32,,2,,,,,3
12499629,35,63516,NORMAL,REGULAR,Round 16,LEAGUE,2569,TSG Hoffenheim,Local,ALL,11/01/2025,16,0,54%,0.98,1,15,2,4,15,455,18,14,1,,2,0,4,9,10,5,,1,1,25,2,3,358,30,54,71/108 (66%),19/59 (32%),6/23 (26%),47%,15,40/76 (53%),23/57 (40%),9/11 (82%),50%,18,6,49,21,,2,-0.05,1,,0,4
12499629,35,63516,NORMAL,REGULAR,Round 16,LEAGUE,2569,TSG Hoffenheim,Local,1ST,11/01/2025,16,0,52%,0.20,0,5,2,2,,214,6,6,0,,0,0,2,3,3,2,,0,0,,1,2,166,18,19,,10/27 (37%),3/9 (33%),45%,11,18/40 (45%),10/22 (45%),7/8 (88%),67%,6,3,24,8,,2,,,,,2
12499629,35,63516,NORMAL,REGULAR,Round 16,LEAGUE,2569,TSG Hoffenheim,Local,2ND,11/01/2025,16,0,57%,0.79,1,10,0,2,,241,12,8,1,,2,0,2,6,7,3,,1,1,,1,1,192,12,35,,9/32 (28%),3/14 (21%),49%,4,22/36 (61%),13/35 (37%),2/3 (67%),42%,12,3,25,13,,0,,,,,2
12499638,35,63516,NORMAL,REGULAR,Round 5,LEAGUE,2524,VfL Wolfsburg,Local,ALL,28/09/2024,5,2,30%,1.10,2,5,2,1,20,251,14,9,5,0,2,0,2,1,5,0,1,1,,13,0,2,159,24,47,38/77 (49%),19/57 (33%),1/5 (20%),47%,2,29/63 (46%),16/33 (48%),6/11 (55%),50%,14,8,44,14,1,2,0.59,,,1,9
12499638,35,63516,NORMAL,REGULAR,Round 5,LEAGUE,2524,VfL Wolfsburg,Local,1ST,28/09/2024,5,1,22%,0.38,0,2,2,0,,108,8,3,1,0,1,0,1,0,2,0,0,0,,,0,1,67,13,17,,5/24 (21%),0/1 (0%),41%,2,14/33 (42%),3/8 (38%),3/6 (50%),50%,8,8,24,9,,2,,,,,3
12499638,35,63516,NORMAL,REGULAR,Round 5,LEAGUE,2524,VfL Wolfsburg,Local,2ND,28/09/2024,5,1,43%,0.72,2,3,0,1,,143,6,6,4,0,1,0,1,1,3,0,1,1,,,0,1,92,11,30,,14/33 (42%),1/4 (25%),51%,0,15/30 (50%),13/25 (52%),3/5 (60%),50%,6,0,20,5,,0,,,,,6
12499638,35,63516,NORMAL,REGULAR,Round 5,LEAGUE,2677,VfB Stuttgart,Visita,ALL,28/09/2024,5,2,70%,1.85,6,18,0,3,10,578,7,19,2,1,4,0,6,8,10,8,2,4,,24,2,3,482,27,74,142/187 (76%),31/59 (53%),4/12 (33%),53%,10,34/63 (54%),17/33 (52%),10/14 (71%),29%,7,11,47,13,0,0,-0.45,,,0,3
12499638,35,63516,NORMAL,REGULAR,Round 5,LEAGUE,2677,VfB Stuttgart,Visita,1ST,28/09/2024,5,1,78%,1.27,4,6,0,2,,388,5,8,0,0,3,0,1,2,4,2,1,3,,,1,2,341,14,53,,18/28 (64%),0/6 (0%),59%,4,19/33 (58%),5/8 (63%),6/10 (60%),20%,5,7,27,4,,0,,,,,1
12499638,35,63516,NORMAL,REGULAR,Round 5,LEAGUE,2677,VfB Stuttgart,Visita,2ND,28/09/2024,5,1,57%,0.58,2,12,0,1,,190,2,11,2,1,1,0,5,6,6,6,1,1,,,1,1,141,13,21,,13/31 (42%),4/6 (67%),49%,6,15/30 (50%),12/25 (48%),4/4 (100%),50%,2,4,20,9,,0,,,,,2
12499672,35,63516,NORMAL,REGULAR,Round 17,LEAGUE,2524,VfL Wolfsburg,Local,ALL,14/01/2025,17,5,35%,3.89,5,16,4,4,10,339,15,6,1,,5,1,7,4,11,5,4,1,1,28,2,1,266,15,20,66/87 (76%),16/40 (40%),3/11 (27%),44%,3,24/52 (46%),7/19 (37%),2/10 (20%),67%,15,17,45,18,1,4,0.29,1,,,5
12499672,35,63516,NORMAL,REGULAR,Round 17,LEAGUE,2524,VfL Wolfsburg,Local,1ST,14/01/2025,17,1,33%,1.03,1,5,4,3,,151,5,1,1,,1,0,3,1,3,2,1,0,0,,1,1,113,7,8,,5/15 (33%),0/8 (0%),37%,0,7/18 (39%),4/12 (33%),0/4 (0%),100%,5,9,17,14,,4,,,,,4
12499672,35,63516,NORMAL,REGULAR,Round 17,LEAGUE,2524,VfL Wolfsburg,Local,2ND,14/01/2025,17,4,37%,2.85,4,11,0,1,,188,10,5,0,,4,1,4,3,8,3,3,1,1,,1,0,153,8,12,,11/25 (44%),3/3 (100%),49%,3,17/34 (50%),3/7 (43%),2/6 (33%),50%,10,8,28,4,,0,,,,,1
12499672,35,63516,NORMAL,REGULAR,Round 17,LEAGUE,2527,Borussia M'gladbach,Visita,ALL,14/01/2025,17,1,65%,1.11,3,9,0,7,7,647,11,10,0,,5,0,1,3,2,7,1,2,1,9,2,0,574,20,57,123/161 (76%),18/30 (60%),2/17 (12%),56%,7,28/52 (54%),12/19 (63%),7/15 (47%),55%,11,7,37,15,0,0,-1.18,0,,,9
12499672,35,63516,NORMAL,REGULAR,Round 17,LEAGUE,2527,Borussia M'gladbach,Visita,1ST,14/01/2025,17,0,67%,0.76,2,8,0,6,,321,4,6,0,,4,0,1,3,2,6,0,2,1,,2,0,288,10,21,,9/14 (64%),0/11 (0%),63%,1,11/18 (61%),8/12 (67%),1/5 (20%),25%,4,4,15,8,,0,,,,,5
12499672,35,63516,NORMAL,REGULAR,Round 17,LEAGUE,2527,Borussia M'gladbach,Visita,2ND,14/01/2025,17,1,63%,0.35,1,1,0,1,,326,7,4,0,,1,0,0,0,0,1,1,0,0,,0,0,286,10,36,,9/16 (56%),2/6 (33%),51%,6,17/34 (50%),4/7 (57%),6/10 (60%),71%,7,3,22,7,,0,,,,,4
12499674,35,63516,NORMAL,REGULAR,Round 6,LEAGUE,2524,VfL Wolfsburg,Visita,ALL,05/10/2024,6,3,42%,2.47,5,17,4,6,12,307,12,11,2,,5,2,5,7,11,6,2,3,2,24,1,1,203,16,40,40/72 (56%),29/70 (41%),2/11 (18%),51%,10,31/63 (49%),33/63 (52%),8/12 (67%),67%,12,8,36,47,,4,0.87,3,1,1,9
12499674,35,63516,NORMAL,REGULAR,Round 6,LEAGUE,2524,VfL Wolfsburg,Visita,1ST,05/10/2024,6,2,44%,0.91,2,9,2,4,,166,9,5,1,,2,0,1,6,4,5,1,1,1,,0,0,107,10,21,,24/46 (52%),1/8 (13%),50%,4,16/31 (52%),18/37 (49%),2/4 (50%),56%,9,3,21,16,,2,,,,,4
12499674,35,63516,NORMAL,REGULAR,Round 6,LEAGUE,2524,VfL Wolfsburg,Visita,2ND,05/10/2024,6,1,40%,1.56,3,8,2,2,,141,3,6,1,,3,2,4,1,7,1,1,2,1,,1,1,96,6,19,,5/24 (21%),1/3 (33%),52%,6,15/32 (47%),15/26 (58%),6/8 (75%),100%,3,5,15,31,,2,,,,,5
12499674,35,63516,NORMAL,REGULAR,Round 6,LEAGUE,2542,VfL Bochum 1848,Local,ALL,05/10/2024,6,1,58%,1.75,4,18,2,7,11,406,14,12,1,,5,0,5,8,11,7,1,3,1,30,2,5,310,20,65,68/114 (60%),32/68 (47%),5/29 (17%),49%,7,32/63 (51%),30/63 (48%),6/11 (55%),71%,14,8,41,11,,2,0.62,0,0,0,5
12499674,35,63516,NORMAL,REGULAR,Round 6,LEAGUE,2542,VfL Bochum 1848,Local,1ST,05/10/2024,6,0,56%,0.70,2,6,0,2,,210,6,6,1,,2,0,1,3,4,2,0,2,0,,1,2,156,10,38,,15/38 (39%),3/12 (25%),50%,5,15/31 (48%),19/37 (51%),3/7 (43%),100%,6,4,24,5,,0,,,,,2
12499674,35,63516,NORMAL,REGULAR,Round 6,LEAGUE,2542,VfL Bochum 1848,Local,2ND,05/10/2024,6,1,60%,1.04,2,12,2,5,,196,8,6,0,,3,0,4,5,7,5,1,1,1,,1,3,154,10,27,,17/30 (57%),2/17 (12%),48%,2,17/32 (53%),11/26 (42%),3/4 (75%),50%,8,4,17,6,,2,,,,,3
12499691,35,63516,NORMAL,REGULAR,Round 18,LEAGUE,2524,VfL Wolfsburg,Visita,ALL,18/01/2025,18,2,28%,0.54,1,7,7,2,9,270,20,10,3,,3,0,3,1,6,1,1,0,0,10,0,,197,21,35,20/42 (48%),29/58 (50%),1/5 (20%),47%,4,33/68 (49%),10/24 (42%),5/13 (38%),45%,20,7,40,36,1,7,0.28,1,0,3,13
12499691,35,63516,NORMAL,REGULAR,Round 18,LEAGUE,2524,VfL Wolfsburg,Visita,1ST,18/01/2025,18,1,28%,0.15,1,3,6,0,,138,13,5,1,,1,0,1,1,2,1,1,0,0,,0,,99,13,19,,17/33 (52%),0/0 (0%),45%,1,18/38 (47%),5/13 (38%),2/7 (29%),31%,13,4,23,15,,6,,,,,4
12499691,35,63516,NORMAL,REGULAR,Round 18,LEAGUE,2524,VfL Wolfsburg,Visita,2ND,18/01/2025,18,1,27%,0.39,0,4,1,2,,132,7,5,2,,2,0,2,0,4,0,0,0,0,,0,,98,8,16,,12/25 (48%),1/5 (20%),49%,3,15/30 (50%),5/11 (45%),3/6 (50%),71%,7,3,17,21,,1,,,,,9
12499691,35,63516,NORMAL,REGULAR,Round 18,LEAGUE,2672,FC Bayern München,Local,ALL,18/01/2025,18,3,72%,3.07,8,25,1,6,10,691,12,9,2,,10,1,12,3,18,7,1,7,1,44,5,,632,20,65,182/217 (84%),32/49 (65%),9/21 (43%),53%,5,35/68 (51%),14/24 (58%),14/29 (48%),50%,12,3,55,8,1,1,-0.06,1,1,0,6
12499691,35,63516,NORMAL,REGULAR,Round 18,LEAGUE,2672,FC Bayern München,Local,1ST,18/01/2025,18,2,72%,1.06,4,13,0,3,,345,6,5,0,,8,1,4,1,8,5,0,4,1,,3,,318,6,31,,16/24 (67%),4/8 (50%),55%,1,20/38 (53%),8/13 (62%),9/21 (43%),50%,6,1,31,3,,0,,,,,2
12499691,35,63516,NORMAL,REGULAR,Round 18,LEAGUE,2672,FC Bayern München,Local,2ND,18/01/2025,18,1,73%,2.02,4,12,1,3,,346,6,4,2,,2,0,8,2,10,2,1,3,0,,2,,314,14,34,,16/25 (64%),5/13 (38%),51%,4,15/30 (50%),6/11 (55%),5/8 (63%),50%,6,2,24,5,,1,,,,,4
12499700,35,63516,NORMAL,REGULAR,Round 7,LEAGUE,2524,VfL Wolfsburg,Local,ALL,20/10/2024,7,2,43%,1.81,3,14,3,4,15,390,12,9,1,1,6,0,7,1,8,6,1,2,1,25,2,4,305,15,46,52/87 (60%),31/62 (50%),3/15 (20%),50%,5,30/63 (48%),13/23 (57%),9/16 (56%),83%,12,13,61,19,1,3,-1.07,,1,1,6
12499700,35,63516,NORMAL,REGULAR,Round 7,LEAGUE,2524,VfL Wolfsburg,Local,1ST,20/10/2024,7,1,44%,1.51,2,10,0,4,,193,5,6,1,0,5,0,4,1,6,4,1,1,0,,2,2,152,9,22,,18/31 (58%),2/10 (20%),60%,3,17/32 (53%),8/10 (80%),6/8 (75%),80%,5,5,29,10,,0,,,,,3
12499700,35,63516,NORMAL,REGULAR,Round 7,LEAGUE,2524,VfL Wolfsburg,Local,2ND,20/10/2024,7,1,41%,0.30,1,4,3,0,,197,7,3,0,1,1,0,3,0,2,2,0,1,1,,0,2,153,6,24,,13/31 (42%),1/5 (20%),41%,2,13/31 (42%),5/13 (38%),3/8 (38%),86%,7,8,32,9,,3,,,,,3
12499700,35,63516,NORMAL,REGULAR,Round 7,LEAGUE,2534,SV Werder Bremen,Visita,ALL,20/10/2024,7,4,57%,2.04,4,15,3,4,9,533,12,14,1,0,7,0,4,4,11,4,2,2,3,24,2,0,440,18,35,68/103 (66%),24/54 (44%),5/12 (42%),50%,5,33/63 (52%),10/23 (43%),7/14 (50%),33%,12,14,49,20,1,3,-0.22,,2,0,7
12499700,35,63516,NORMAL,REGULAR,Round 7,LEAGUE,2534,SV Werder Bremen,Visita,1ST,20/10/2024,7,1,56%,0.73,1,6,3,1,,251,5,8,0,0,1,0,1,4,4,2,1,0,0,,0,0,210,8,14,,11/25 (44%),3/7 (43%),40%,1,15/32 (47%),2/10 (20%),2/6 (33%),20%,5,9,23,11,,3,,,,,3
12499700,35,63516,NORMAL,REGULAR,Round 7,LEAGUE,2534,SV Werder Bremen,Visita,2ND,20/10/2024,7,3,59%,1.31,3,9,0,3,,282,7,6,1,0,6,0,3,0,7,2,1,2,3,,2,0,230,10,21,,13/29 (45%),2/5 (40%),59%,4,18/31 (58%),8/13 (62%),5/8 (63%),43%,7,5,26,9,,0,,,,,4
12499735,35,63516,NORMAL,REGULAR,Round 19,LEAGUE,2524,VfL Wolfsburg,Local,ALL,24/01/2025,19,2,70%,1.98,2,22,0,10,9,657,11,10,2,,5,2,9,8,18,4,1,1,1,40,1,2,590,18,84,147/193 (76%),29/46 (63%),12/38 (32%),47%,5,26/51 (51%),11/28 (39%),7/18 (39%),64%,11,9,54,15,,0,-0.90,0,,0,2
12499735,35,63516,NORMAL,REGULAR,Round 19,LEAGUE,2524,VfL Wolfsburg,Local,1ST,24/01/2025,19,0,68%,0.37,0,6,0,2,,330,6,4,0,,0,0,3,3,4,2,0,0,0,,1,1,296,10,48,,11/16 (69%),5/16 (31%),40%,3,11/23 (48%),3/12 (25%),2/9 (22%),67%,6,3,25,8,,0,,,,,1
12499735,35,63516,NORMAL,REGULAR,Round 19,LEAGUE,2524,VfL Wolfsburg,Local,2ND,24/01/2025,19,2,73%,1.62,2,16,0,8,,327,5,6,2,,5,2,6,5,14,2,1,1,1,,0,1,294,8,36,,18/30 (60%),7/22 (32%),52%,2,15/28 (54%),8/16 (50%),5/9 (56%),60%,5,6,29,7,,0,,,,,1
12499735,35,63516,NORMAL,REGULAR,Round 19,LEAGUE,2573,Holstein Kiel,Visita,ALL,24/01/2025,19,2,30%,0.22,0,5,3,3,10,280,16,9,4,,2,0,0,3,4,1,0,0,0,7,1,2,204,29,37,27/51 (53%),24/51 (47%),4/11 (36%),53%,10,25/51 (49%),17/28 (61%),1/2 (50%),63%,16,12,37,43,,3,-0.63,1,,1,9
12499735,35,63516,NORMAL,REGULAR,Round 19,LEAGUE,2573,Holstein Kiel,Visita,1ST,24/01/2025,19,1,32%,0.12,0,4,0,2,,155,10,2,1,,1,0,0,3,3,1,0,0,0,,1,1,115,19,20,,17/29 (59%),2/5 (40%),60%,5,12/23 (52%),9/12 (75%),1/2 (50%),70%,10,4,17,17,,0,,,,,4
12499735,35,63516,NORMAL,REGULAR,Round 19,LEAGUE,2573,Holstein Kiel,Visita,2ND,24/01/2025,19,1,27%,0.10,0,1,3,1,,125,6,7,3,,1,0,0,0,1,0,0,0,0,,0,1,89,10,17,,7/22 (32%),2/6 (33%),48%,5,13/28 (46%),8/16 (50%),0/0 (0%),50%,6,8,20,26,,3,,,,,5
12499740,35,63516,NORMAL,REGULAR,Round 8,LEAGUE,2524,VfL Wolfsburg,Visita,ALL,26/10/2024,8,0,46%,1.09,2,9,5,6,12,433,5,9,3,,4,0,5,0,5,4,,2,,18,0,3,344,15,57,59/99 (60%),27/64 (42%),2/9 (22%),49%,10,20/55 (36%),25/37 (68%),7/14 (50%),40%,5,9,42,24,2,5,0.82,1,0,,7
12499740,35,63516,NORMAL,REGULAR,Round 8,LEAGUE,2524,VfL Wolfsburg,Visita,1ST,26/10/2024,8,0,45%,0.23,1,2,2,2,,245,5,4,0,,1,0,1,0,1,1,,1,,,0,2,201,8,30,,15/31 (48%),1/3 (33%),45%,7,13/35 (37%),11/18 (61%),4/10 (40%),40%,5,3,21,12,,2,,,,,5
12499740,35,63516,NORMAL,REGULAR,Round 8,LEAGUE,2524,VfL Wolfsburg,Visita,2ND,26/10/2024,8,0,47%,0.86,1,7,3,4,,188,0,5,3,,3,0,4,0,4,3,,1,,,0,1,143,7,27,,12/33 (36%),1/6 (17%),54%,3,7/20 (35%),14/19 (74%),3/4 (75%),0%,0,6,21,12,,3,,,,,2
12499740,35,63516,NORMAL,REGULAR,Round 8,LEAGUE,2526,FC St. Pauli,Local,ALL,26/10/2024,8,0,54%,0.79,0,14,4,7,9,499,17,11,0,,5,0,3,6,9,5,,0,,25,2,2,400,19,56,75/122 (61%),17/54 (31%),6/19 (32%),51%,3,35/55 (64%),12/37 (32%),7/9 (78%),65%,17,8,31,24,2,4,2.22,1,1,,12
12499740,35,63516,NORMAL,REGULAR,Round 8,LEAGUE,2526,FC St. Pauli,Local,1ST,26/10/2024,8,0,55%,0.42,0,7,1,3,,291,13,5,0,,2,0,2,3,5,2,,0,,,0,1,236,10,28,,7/26 (27%),2/7 (29%),55%,3,22/35 (63%),7/18 (39%),4/6 (67%),69%,13,3,16,6,,1,,,,,4
12499740,35,63516,NORMAL,REGULAR,Round 8,LEAGUE,2526,FC St. Pauli,Local,2ND,26/10/2024,8,0,53%,0.37,0,7,3,4,,208,4,6,0,,3,0,1,3,4,3,,0,,,2,1,164,9,28,,10/28 (36%),4/12 (33%),46%,0,13/20 (65%),5/19 (26%),3/3 (100%),50%,4,5,15,18,,3,,,,,8
12499759,35,63516,NORMAL,REGULAR,Round 20,LEAGUE,2524,VfL Wolfsburg,Visita,ALL,02/02/2025,20,1,38%,1.17,3,11,3,1,8,356,23,8,3,,2,0,3,6,7,4,0,3,,17,0,3,264,22,57,60/105 (57%),28/65 (43%),3/10 (30%),47%,5,31/64 (48%),13/29 (45%),1/12 (8%),52%,23,6,46,49,1,3,0.92,2,2,1,16
12499759,35,63516,NORMAL,REGULAR,Round 20,LEAGUE,2524,VfL Wolfsburg,Visita,1ST,02/02/2025,20,0,44%,0.73,2,6,1,1,,221,10,6,1,,2,0,1,3,3,3,0,2,,,0,2,179,11,30,,14/32 (44%),2/5 (40%),47%,3,16/35 (46%),5/10 (50%),1/9 (11%),50%,10,0,26,20,,1,,,,,4
12499759,35,63516,NORMAL,REGULAR,Round 20,LEAGUE,2524,VfL Wolfsburg,Visita,2ND,02/02/2025,20,1,31%,0.44,1,5,2,0,,135,13,2,2,,0,0,2,3,4,1,0,1,,,0,1,85,11,27,,14/33 (42%),1/5 (20%),48%,2,15/29 (52%),8/19 (42%),0/3 (0%),54%,13,6,20,29,,2,,,,,12
12499759,35,63516,NORMAL,REGULAR,Round 20,LEAGUE,2674,Eintracht Frankfurt,Local,ALL,02/02/2025,20,1,62%,1.17,3,16,2,9,8,560,16,8,1,,4,1,8,4,11,5,1,2,,26,1,1,469,24,56,110/148 (74%),17/40 (43%),6/31 (19%),53%,13,33/64 (52%),16/29 (55%),10/20 (50%),81%,16,6,55,28,1,2,-0.87,0,1,0,8
12499759,35,63516,NORMAL,REGULAR,Round 20,LEAGUE,2674,Eintracht Frankfurt,Local,1ST,02/02/2025,20,0,56%,0.15,0,3,2,3,,270,11,4,0,,1,0,1,1,1,2,0,0,,,0,0,225,8,21,,8/19 (42%),1/10 (10%),53%,6,19/35 (54%),5/10 (50%),4/8 (50%),82%,11,1,26,17,,2,,,,,4
12499759,35,63516,NORMAL,REGULAR,Round 20,LEAGUE,2674,Eintracht Frankfurt,Local,2ND,02/02/2025,20,1,69%,1.02,3,13,0,6,,290,5,4,1,,3,1,7,3,10,3,1,2,,,1,1,244,16,35,,9/21 (43%),5/21 (24%),52%,7,14/29 (48%),11/19 (58%),6/12 (50%),80%,5,5,29,11,,0,,,,,4
12499763,35,63516,NORMAL,REGULAR,Round 9,LEAGUE,2524,VfL Wolfsburg,Local,ALL,02/11/2024,9,1,70%,1.24,1,18,0,8,7,624,9,14,1,,6,0,5,7,11,7,0,1,1,32,2,0,533,22,75,130/184 (71%),47/72 (65%),5/23 (22%),49%,4,30/56 (54%),10/26 (38%),7/15 (47%),67%,9,5,41,11,,0,-0.05,0,0,1,8
12499763,35,63516,NORMAL,REGULAR,Round 9,LEAGUE,2524,VfL Wolfsburg,Local,1ST,02/11/2024,9,0,69%,0.36,0,10,0,5,,341,7,5,0,,3,0,2,5,6,4,0,0,0,,1,0,302,10,34,,25/37 (68%),3/11 (27%),47%,1,14/27 (52%),3/9 (33%),2/7 (29%),57%,7,1,21,5,,0,,,,,5
12499763,35,63516,NORMAL,REGULAR,Round 9,LEAGUE,2524,VfL Wolfsburg,Local,2ND,02/11/2024,9,1,71%,0.88,1,8,0,3,,283,2,9,1,,3,0,3,2,5,3,0,1,1,,1,0,231,12,41,,22/35 (63%),2/12 (17%),50%,3,16/29 (55%),7/17 (41%),5/8 (63%),100%,2,4,20,6,,0,,,,,3
12499763,35,63516,NORMAL,REGULAR,Round 9,LEAGUE,2600,FC Augsburg,Visita,ALL,02/11/2024,9,1,30%,0.43,1,3,4,1,14,269,12,7,3,,1,0,2,0,2,1,1,0,1,4,1,1,182,20,35,36/65 (55%),19/49 (39%),0/7 (0%),51%,5,26/56 (46%),16/26 (62%),7/11 (64%),83%,12,10,47,27,,4,0.29,1,1,2,7
12499763,35,63516,NORMAL,REGULAR,Round 9,LEAGUE,2600,FC Augsburg,Visita,1ST,02/11/2024,9,1,31%,0.31,1,2,2,0,,156,6,3,0,,1,0,1,0,1,1,1,0,1,,0,0,115,7,20,,10/27 (37%),0/4 (0%),53%,4,13/27 (48%),6/9 (67%),4/7 (57%),83%,6,3,23,13,,2,,,,,3
12499763,35,63516,NORMAL,REGULAR,Round 9,LEAGUE,2600,FC Augsburg,Visita,2ND,02/11/2024,9,0,29%,0.12,0,1,2,1,,113,6,4,3,,0,0,1,0,1,0,0,0,0,,1,1,67,13,15,,9/22 (41%),0/3 (0%),50%,1,13/29 (45%),10/17 (59%),3/4 (75%),83%,6,7,24,14,,2,,,,,4
12499781,35,63516,NORMAL,REGULAR,Round 10,LEAGUE,2524,VfL Wolfsburg,Visita,ALL,10/11/2024,10,3,35%,1.50,2,13,3,5,23,272,17,9,6,,6,1,3,4,11,2,1,1,2,23,1,0,189,17,45,59/98 (60%),20/58 (34%),3/12 (25%),40%,10,32/79 (41%),18/47 (38%),6/17 (35%),47%,17,7,49,43,,3,0.53,1,1,,10
12499781,35,63516,NORMAL,REGULAR,Round 10,LEAGUE,2524,VfL Wolfsburg,Visita,1ST,10/11/2024,10,2,38%,0.81,1,11,1,3,,147,8,4,0,,4,1,3,4,9,2,0,1,2,,1,0,112,9,24,,7/23 (30%),3/7 (43%),40%,4,16/38 (42%),7/20 (35%),4/8 (50%),38%,8,5,23,18,,1,,,,,3
12499781,35,63516,NORMAL,REGULAR,Round 10,LEAGUE,2524,VfL Wolfsburg,Visita,2ND,10/11/2024,10,1,31%,0.69,1,2,2,2,,125,9,5,6,,2,0,0,0,2,0,1,0,0,,0,0,77,8,21,,13/35 (37%),0/5 (0%),40%,6,16/41 (39%),11/27 (41%),2/9 (22%),56%,9,2,26,25,,2,,,,,7
12499781,35,63516,NORMAL,REGULAR,Round 10,LEAGUE,5885,1. FC Heidenheim,Local,ALL,10/11/2024,10,1,65%,2.42,5,19,3,5,9,507,21,23,1,,4,0,7,8,13,6,1,4,0,30,7,4,422,25,60,95/139 (68%),22/47 (47%),10/33 (30%),60%,9,47/79 (59%),29/47 (62%),4/12 (33%),57%,21,8,49,15,,3,-0.78,1,0,,4
12499781,35,63516,NORMAL,REGULAR,Round 10,LEAGUE,5885,1. FC Heidenheim,Local,1ST,10/11/2024,10,0,62%,0.51,0,7,2,2,,233,8,13,1,,1,0,2,4,4,3,0,0,0,,4,2,190,14,23,,12/25 (48%),4/15 (27%),60%,4,22/38 (58%),13/20 (65%),1/5 (20%),63%,8,5,16,7,,2,,,,,4
12499781,35,63516,NORMAL,REGULAR,Round 10,LEAGUE,5885,1. FC Heidenheim,Local,2ND,10/11/2024,10,1,69%,1.91,5,12,1,3,,274,13,10,0,,3,0,5,4,9,3,1,4,0,,3,2,232,11,37,,10/22 (45%),6/18 (33%),60%,5,25/41 (61%),16/27 (59%),3/7 (43%),54%,13,3,33,8,,1,,,,,0
12499796,35,63516,NORMAL,REGULAR,Round 21,LEAGUE,2524,VfL Wolfsburg,Local,ALL,08/02/2025,21,0,41%,0.68,1,13,1,3,7,361,18,8,2,,8,1,1,4,6,7,,1,,15,1,2,279,21,45,63/92 (68%),24/55 (44%),2/13 (15%),58%,3,32/53 (60%),12/23 (52%),6/11 (55%),61%,18,4,44,31,,1,0.49,0,2,,9
12499796,35,63516,NORMAL,REGULAR,Round 21,LEAGUE,2524,VfL Wolfsburg,Local,1ST,08/02/2025,21,0,43%,0.42,1,6,0,2,,203,8,6,0,,5,0,0,1,4,2,,1,,,1,2,162,9,22,,14/23 (61%),2/9 (22%),64%,0,17/24 (71%),8/15 (53%),3/4 (75%),63%,8,3,21,10,,0,,,,,3
12499796,35,63516,NORMAL,REGULAR,Round 21,LEAGUE,2524,VfL Wolfsburg,Local,2ND,08/02/2025,21,0,37%,0.26,0,7,1,1,,158,10,2,2,,3,1,1,3,2,5,,0,,,0,0,117,12,23,,10/32 (31%),0/4 (0%),51%,3,15/29 (52%),4/8 (50%),3/7 (43%),60%,10,1,23,21,,1,,,,,6
12499796,35,63516,NORMAL,REGULAR,Round 21,LEAGUE,2681,Bayer 04 Leverkusen,Visita,ALL,08/02/2025,21,0,59%,1.51,2,15,8,9,8,517,8,7,3,,1,0,9,5,13,2,,2,,27,1,1,442,25,66,126/161 (78%),28/52 (54%),4/31 (13%),42%,4,21/53 (40%),11/23 (48%),8/22 (36%),75%,8,9,49,20,,8,1.02,1,0,,4
12499796,35,63516,NORMAL,REGULAR,Round 21,LEAGUE,2681,Bayer 04 Leverkusen,Visita,1ST,08/02/2025,21,0,57%,1.06,1,5,5,4,,267,1,3,2,,0,0,4,1,5,0,,1,,,1,0,233,12,29,,13/25 (52%),2/10 (20%),36%,1,7/24 (29%),7/15 (47%),3/10 (30%),0%,1,7,20,13,,5,,,,,3
12499796,35,63516,NORMAL,REGULAR,Round 21,LEAGUE,2681,Bayer 04 Leverkusen,Visita,2ND,08/02/2025,21,0,63%,0.45,1,10,3,5,,250,7,4,1,,1,0,5,4,8,2,,1,,,0,1,209,13,37,,15/27 (56%),2/21 (10%),49%,3,14/29 (48%),4/8 (50%),5/12 (42%),86%,7,2,29,7,,3,,,,,1
12499815,35,63516,NORMAL,REGULAR,Round 22,LEAGUE,2524,VfL Wolfsburg,Visita,ALL,15/02/2025,22,2,42%,1.61,2,7,3,5,15,363,19,9,3,,3,0,0,4,5,2,2,0,3,20,3,3,264,29,47,44/82 (54%),25/66 (38%),3/17 (18%),42%,10,31/76 (41%),18/42 (43%),5/12 (42%),63%,19,9,41,32,,3,0.34,1,1,1,10
12499815,35,63516,NORMAL,REGULAR,Round 22,LEAGUE,2524,VfL Wolfsburg,Visita,1ST,15/02/2025,22,0,47%,0.16,0,2,1,3,,189,9,6,1,,0,0,0,2,2,0,0,0,2,,2,0,144,14,27,,13/33 (39%),2/13 (15%),42%,5,19/39 (49%),6/21 (29%),5/6 (83%),67%,9,4,20,16,,1,,,,,4
12499815,35,63516,NORMAL,REGULAR,Round 22,LEAGUE,2524,VfL Wolfsburg,Visita,2ND,15/02/2025,22,2,37%,1.45,2,5,2,2,,174,10,3,2,,3,0,0,2,3,2,2,0,1,,1,3,120,15,20,,12/33 (36%),1/4 (25%),41%,5,12/37 (32%),12/21 (57%),0/6 (0%),60%,10,5,21,16,,2,,,,,6
12499815,35,63516,NORMAL,REGULAR,Round 22,LEAGUE,2677,VfB Stuttgart,Local,ALL,15/02/2025,22,1,58%,0.83,2,10,1,7,10,515,17,15,3,,4,0,3,3,9,1,0,2,0,31,2,0,436,15,76,137/182 (75%),26/47 (55%),3/16 (19%),58%,6,45/76 (59%),24/42 (57%),15/28 (54%),53%,17,3,48,31,,1,-0.17,1,0,0,2
12499815,35,63516,NORMAL,REGULAR,Round 22,LEAGUE,2677,VfB Stuttgart,Local,1ST,15/02/2025,22,0,53%,0.41,1,5,0,3,,221,6,8,2,,1,0,1,3,4,1,0,1,0,,2,0,185,5,31,,9/20 (45%),3/10 (30%),58%,3,20/39 (51%),15/21 (71%),7/13 (54%),17%,6,2,23,23,,0,,,,,2
12499815,35,63516,NORMAL,REGULAR,Round 22,LEAGUE,2677,VfB Stuttgart,Local,2ND,15/02/2025,22,1,63%,0.42,1,5,1,4,,294,11,7,1,,3,0,2,0,5,0,0,1,0,,0,0,251,10,45,,17/27 (63%),0/6 (0%),59%,3,25/37 (68%),9/21 (43%),8/15 (53%),73%,11,1,25,8,,1,,,,,0
12499826,35,63516,NORMAL,REGULAR,Round 11,LEAGUE,2524,VfL Wolfsburg,Local,ALL,23/11/2024,11,1,55%,0.58,1,10,4,8,7,510,14,15,1,,5,0,3,2,6,4,,1,2,24,3,1,423,20,62,97/146 (66%),28/56 (50%),0/21 (0%),51%,2,37/67 (55%),14/33 (42%),8/18 (44%),57%,14,13,42,25,0,4,1.06,1,0,1,6
12499826,35,63516,NORMAL,REGULAR,Round 11,LEAGUE,2524,VfL Wolfsburg,Local,1ST,23/11/2024,11,0,66%,0.24,0,6,0,6,,293,5,9,1,,2,0,2,2,4,2,,0,0,,1,0,252,10,38,,16/28 (57%),0/10 (0%),53%,0,17/27 (63%),4/13 (31%),3/7 (43%),60%,5,9,20,1,,0,,,,,0
12499826,35,63516,NORMAL,REGULAR,Round 11,LEAGUE,2524,VfL Wolfsburg,Local,2ND,23/11/2024,11,1,45%,0.34,1,4,4,2,,217,9,6,0,,3,0,1,0,2,2,,1,2,,2,1,171,10,24,,12/28 (43%),0/11 (0%),50%,2,20/40 (50%),10/20 (50%),5/11 (45%),56%,9,4,22,24,,4,,,,,6
12499826,35,63516,NORMAL,REGULAR,Round 11,LEAGUE,2547,1. FC Union Berlin,Visita,ALL,23/11/2024,11,0,45%,0.51,0,11,4,5,15,410,12,7,2,,4,0,6,1,6,5,,0,0,23,3,2,333,17,40,56/86 (65%),21/45 (47%),6/21 (29%),49%,6,30/67 (45%),19/33 (58%),11/19 (58%),25%,12,9,46,26,1,4,-0.29,1,1,0,6
12499826,35,63516,NORMAL,REGULAR,Round 11,LEAGUE,2547,1. FC Union Berlin,Visita,1ST,23/11/2024,11,0,34%,0.06,0,1,2,1,,151,4,3,1,,0,0,1,0,1,0,,0,0,,1,2,114,7,5,,6/19 (32%),2/2 (100%),47%,2,10/27 (37%),9/13 (69%),3/6 (50%),25%,4,5,20,14,,2,,,,,5
12499826,35,63516,NORMAL,REGULAR,Round 11,LEAGUE,2547,1. FC Union Berlin,Visita,2ND,23/11/2024,11,0,55%,0.45,0,10,2,4,,259,8,4,1,,4,0,5,1,5,5,,0,0,,2,0,219,10,35,,15/26 (58%),4/19 (21%),50%,4,20/40 (50%),10/20 (50%),8/13 (62%),25%,8,4,26,12,,2,,,,,1
12499836,35,63516,NORMAL,REGULAR,Round 12,LEAGUE,2524,VfL Wolfsburg,Visita,ALL,30/11/2024,12,5,38%,2.33,4,13,3,3,6,386,17,11,1,,8,0,2,3,8,5,3,1,1,20,1,0,305,13,35,52/76 (68%),28/56 (50%),2/7 (29%),69%,1,35/49 (71%),7/12 (58%),8/10 (80%),59%,17,9,46,35,0,3,0.29,,1,,5
12499836,35,63516,NORMAL,REGULAR,Round 12,LEAGUE,2524,VfL Wolfsburg,Visita,1ST,30/11/2024,12,3,42%,0.87,2,7,1,0,,259,6,5,0,,6,0,1,0,4,3,1,1,1,,0,0,223,6,20,,15/28 (54%),1/2 (50%),68%,1,13/19 (68%),4/6 (67%),3/4 (75%),67%,6,4,24,13,,1,,,,,1
12499836,35,63516,NORMAL,REGULAR,Round 12,LEAGUE,2524,VfL Wolfsburg,Visita,2ND,30/11/2024,12,2,31%,1.46,2,6,2,3,,127,11,6,1,,2,0,1,3,4,2,2,0,0,,1,0,82,7,15,,13/28 (46%),1/5 (20%),69%,0,22/30 (73%),3/6 (50%),5/6 (83%),55%,11,5,22,22,,2,,,,,4
12499836,35,63516,NORMAL,REGULAR,Round 12,LEAGUE,36360,RB Leipzig,Local,ALL,30/11/2024,12,1,62%,1.07,3,9,3,7,11,637,3,6,2,,4,1,3,2,4,5,1,2,0,18,3,4,565,23,61,92/130 (71%),22/32 (69%),3/19 (16%),31%,7,14/49 (29%),5/12 (42%),5/15 (33%),33%,3,9,45,12,1,3,-1.28,,1,,3
12499836,35,63516,NORMAL,REGULAR,Round 12,LEAGUE,36360,RB Leipzig,Local,1ST,30/11/2024,12,0,58%,0.18,1,2,3,0,,355,2,3,1,,1,0,1,0,1,1,0,1,0,,1,1,325,11,26,,14/16 (88%),1/4 (25%),32%,3,6/19 (32%),2/6 (33%),1/4 (25%),0%,2,5,18,7,,3,,,,,3
12499836,35,63516,NORMAL,REGULAR,Round 12,LEAGUE,36360,RB Leipzig,Local,2ND,30/11/2024,12,1,69%,0.89,2,7,0,7,,282,1,3,1,,3,1,2,2,3,4,1,1,0,,2,3,240,12,35,,8/16 (50%),2/15 (13%),31%,4,8/30 (27%),3/6 (50%),4/11 (36%),100%,1,4,27,5,,0,,,,,0
12583571,35,63516,NORMAL,REGULAR,Round 1,LEAGUE,2524,VfL Wolfsburg,Local,ALL,25/08/2024,1,2,29%,1.86,4,10,6,1,12,248,21,10,2,,2,1,6,2,7,3,2,2,2,17,2,3,170,20,47,39/72 (54%),25/61 (41%),2/11 (18%),45%,10,37/81 (46%),12/28 (43%),5/13 (38%),76%,21,13,41,24,,6,-0.05,2,0,2,9
12583571,35,63516,NORMAL,REGULAR,Round 1,LEAGUE,2524,VfL Wolfsburg,Local,1ST,25/08/2024,1,0,27%,0.02,0,1,4,0,,119,9,6,0,,0,0,0,1,0,1,0,0,0,,1,2,81,8,21,,13/33 (39%),0/2 (0%),47%,5,19/42 (45%),5/9 (56%),4/9 (44%),67%,9,9,20,11,,4,,,,,6
12583571,35,63516,NORMAL,REGULAR,Round 1,LEAGUE,2524,VfL Wolfsburg,Local,2ND,25/08/2024,1,2,32%,1.84,4,9,2,1,,129,12,4,2,,2,1,6,1,7,2,2,2,2,,1,1,89,12,26,,12/28 (43%),2/9 (22%),43%,5,18/39 (46%),7/19 (37%),1/4 (25%),83%,12,4,21,13,,2,,,,,3
12583571,35,63516,NORMAL,REGULAR,Round 1,LEAGUE,2672,FC Bayern München,Visita,ALL,25/08/2024,1,3,71%,2.42,3,15,0,7,11,609,18,12,3,,8,1,2,5,14,1,2,1,1,32,3,1,520,22,55,94/129 (73%),21/41 (51%),5/15 (33%),55%,8,44/81 (54%),16/28 (57%),16/29 (55%),50%,18,2,44,13,,0,-0.16,0,1,0,7
12583571,35,63516,NORMAL,REGULAR,Round 1,LEAGUE,2672,FC Bayern München,Visita,1ST,25/08/2024,1,1,73%,1.57,2,8,0,3,,327,10,6,1,,5,0,1,2,8,0,1,1,1,,2,0,286,15,24,,11/18 (61%),2/7 (29%),53%,3,23/42 (55%),4/9 (44%),8/14 (57%),40%,10,2,23,3,,0,,,,,2
12583571,35,63516,NORMAL,REGULAR,Round 1,LEAGUE,2672,FC Bayern München,Visita,2ND,25/08/2024,1,2,68%,0.84,1,7,0,4,,282,8,6,2,,3,1,1,3,6,1,1,0,0,,1,1,234,7,31,,10/23 (43%),3/8 (38%),57%,5,21/39 (54%),12/19 (63%),8/15 (53%),63%,8,0,21,10,,0,,,,,5
12773652,217,61132,NORMAL,REGULAR,Round 2,CUP,2524,VfL Wolfsburg,Local,ALL,29/10/2024,2,1,42%,0.00,1,16,4,4,20,448,18,17,2,,3,1,8,5,10,6,,1,0,27,4,2,367,25,56,95/129 (74%),30/62 (48%),6/25 (24%),47%,10,38/86 (44%),14/25 (56%),3/15 (20%),78%,18,10,58,23,,4,,,1,1,10
12773652,217,61132,NORMAL,REGULAR,Round 2,CUP,2524,VfL Wolfsburg,Local,1ST,29/10/2024,2,0,38%,0.00,0,4,1,1,,152,4,9,0,,1,0,1,2,3,1,,0,0,,1,0,118,13,21,,8/24 (33%),1/11 (9%),55%,1,15/25 (60%),3/8 (38%),2/4 (50%),50%,4,3,20,13,,1,,,,,2
12773652,217,61132,NORMAL,REGULAR,Round 2,CUP,2524,VfL Wolfsburg,Local,2ND,29/10/2024,2,0,44%,0.00,0,7,2,1,,192,13,5,1,,1,0,4,2,4,3,,0,0,,1,2,157,8,20,,16/28 (57%),3/9 (33%),50%,5,19/43 (44%),8/11 (73%),1/7 (14%),92%,13,3,25,6,,2,,,,,3
12773652,217,61132,NORMAL,REGULAR,Round 2,CUP,2673,Borussia Dortmund,Visita,ALL,29/10/2024,2,0,58%,0.00,2,18,2,6,17,641,22,19,4,,4,1,6,8,11,7,,2,1,21,3,1,547,16,73,85/127 (67%),29/66 (44%),8/20 (40%),53%,6,48/86 (56%),11/25 (44%),8/20 (40%),55%,22,6,62,17,,2,,,1,0,14
12773652,217,61132,NORMAL,REGULAR,Round 2,CUP,2673,Borussia Dortmund,Visita,1ST,29/10/2024,2,0,62%,0.00,1,6,1,4,,254,3,7,0,,1,1,2,3,4,2,,1,1,,0,1,219,7,26,,17/31 (55%),2/9 (22%),45%,2,10/25 (40%),5/8 (63%),1/3 (33%),33%,3,3,27,7,,1,,,,,3
12773652,217,61132,NORMAL,REGULAR,Round 2,CUP,2673,Borussia Dortmund,Visita,2ND,29/10/2024,2,0,56%,0.00,1,5,1,1,,259,11,9,2,,2,0,2,1,4,1,,1,0,,2,0,226,7,33,,5/19 (26%),4/9 (44%),50%,3,24/43 (56%),3/11 (27%),4/14 (29%),55%,11,2,20,8,,1,,,,,7
13078961,217,61132,NORMAL,REGULAR,Round of 16,CUP,2524,VfL Wolfsburg,Local,ALL,04/12/2024,5,3,44%,0.00,4,16,0,4,12,425,9,15,2,,5,1,7,4,10,6,1,3,1,19,3,2,349,14,56,83/110 (75%),25/55 (45%),4/10 (40%),47%,8,26/57 (46%),10/20 (50%),2/11 (18%),67%,9,6,49,23,,0,,0,2,,8
13078961,217,61132,NORMAL,REGULAR,Round of 16,CUP,2524,VfL Wolfsburg,Local,1ST,04/12/2024,5,0,46%,0.00,2,9,0,2,,232,5,7,1,,1,1,4,4,6,3,0,2,1,,1,2,190,10,21,,12/29 (41%),2/6 (33%),41%,5,12/31 (39%),5/10 (50%),0/6 (0%),80%,5,4,22,6,,0,,,,,6
13078961,217,61132,NORMAL,REGULAR,Round of 16,CUP,2524,VfL Wolfsburg,Local,2ND,04/12/2024,5,3,42%,0.00,2,7,0,2,,193,4,8,1,,4,0,3,0,4,3,1,1,0,,2,0,159,4,35,,13/26 (50%),2/4 (50%),53%,3,14/26 (54%),5/10 (50%),2/5 (40%),50%,4,2,27,17,,0,,,,,2
13078961,217,61132,NORMAL,REGULAR,Round of 16,CUP,2569,TSG Hoffenheim,Visita,ALL,04/12/2024,5,0,56%,0.00,0,11,3,5,15,549,17,12,2,,0,0,5,6,6,5,0,0,0,14,0,1,463,16,74,84/129 (65%),17/46 (37%),3/16 (19%),53%,5,31/57 (54%),10/20 (50%),2/6 (33%),59%,17,8,50,7,,3,,1,0,,7
13078961,217,61132,NORMAL,REGULAR,Round of 16,CUP,2569,TSG Hoffenheim,Visita,1ST,04/12/2024,5,0,54%,0.00,0,8,2,2,,277,11,6,0,,0,0,3,5,4,4,0,0,0,,0,0,230,5,39,,6/24 (25%),2/6 (33%),59%,3,19/31 (61%),5/10 (50%),2/4 (50%),64%,11,1,26,4,,2,,,,,3
13078961,217,61132,NORMAL,REGULAR,Round of 16,CUP,2569,TSG Hoffenheim,Visita,2ND,04/12/2024,5,0,58%,0.00,0,3,1,3,,272,6,6,2,,0,0,2,1,2,1,0,0,0,,0,1,233,11,35,,11/22 (50%),1/10 (10%),47%,2,12/26 (46%),5/10 (50%),0/2 (0%),50%,6,7,24,3,,1,,,,,4
13232151,217,61132,NORMAL,REGULAR,Quarterfinals,CUP,2524,VfL Wolfsburg,Visita,ALL,26/02/2025,27,0,49%,0.00,2,11,3,4,10,432,12,15,2,,5,1,5,1,5,6,0,2,0,10,0,3,339,19,49,60/101 (59%),14/48 (29%),3/9 (33%),48%,9,36/73 (49%),14/32 (44%),9/21 (43%),50%,12,11,48,36,,3,,2,1,,12
13232151,217,61132,NORMAL,REGULAR,Quarterfinals,CUP,2524,VfL Wolfsburg,Visita,1ST,26/02/2025,27,0,49%,0.00,0,5,0,1,,244,7,10,0,,3,0,2,0,3,2,0,0,0,,0,1,190,8,24,,6/26 (23%),0/1 (0%),53%,3,21/37 (57%),4/10 (40%),4/10 (40%),57%,7,7,25,17,,0,,,,,7
13232151,217,61132,NORMAL,REGULAR,Quarterfinals,CUP,2524,VfL Wolfsburg,Visita,2ND,26/02/2025,27,0,49%,0.00,2,6,3,3,,188,5,5,2,,2,1,3,1,2,4,0,2,0,,0,2,149,11,25,,8/22 (36%),3/8 (38%),43%,6,15/36 (42%),10/22 (45%),5/11 (45%),40%,5,4,23,19,,3,,,,,5
13232151,217,61132,NORMAL,REGULAR,Quarterfinals,CUP,36360,RB Leipzig,Local,ALL,26/02/2025,27,1,51%,0.00,4,16,5,8,15,437,21,9,3,,4,0,8,4,9,7,1,3,1,22,4,1,355,22,54,106/152 (70%),16/38 (42%),5/21 (24%),52%,3,37/73 (51%),18/32 (56%),8/17 (47%),52%,21,12,53,30,,5,,2,1,,11
13232151,217,61132,NORMAL,REGULAR,Quarterfinals,CUP,36360,RB Leipzig,Local,1ST,26/02/2025,27,0,51%,0.00,1,7,3,2,,250,9,3,0,,0,0,6,1,3,4,0,1,1,,1,1,212,13,26,,9/18 (50%),2/7 (29%),47%,1,16/37 (43%),6/10 (60%),4/10 (40%),44%,9,7,29,12,,3,,,,,5
13232151,217,61132,NORMAL,REGULAR,Quarterfinals,CUP,36360,RB Leipzig,Local,2ND,26/02/2025,27,1,51%,0.00,3,9,2,6,,187,12,6,3,,4,0,2,3,6,3,1,2,0,,3,0,143,9,28,,7/20 (35%),3/14 (21%),57%,2,21/36 (58%),12/22 (55%),4/7 (57%),58%,12,5,24,18,,2,,,,,6
14015679,217,76910,NORMAL,PLAYOFF,Round 1,CUP,2524,VfL Wolfsburg,Visita,ALL,16/08/2025,1,9,72%,0.00,14,38,2,9,10,616,24,13,1,,17,0,14,7,32,6,6,8,,56,5,3,565,31,90,167/208 (80%),29/42 (69%),11/22 (50%),56%,12,44/78 (56%),4/7 (57%),6/14 (43%),83%,24,4,49,4,,2,,,,,3
14015679,217,76910,NORMAL,PLAYOFF,Round 1,CUP,2524,VfL Wolfsburg,Visita,1ST,16/08/2025,1,3,73%,0.00,5,16,1,3,,317,11,7,0,,6,0,7,3,14,2,3,2,,,4,3,297,16,34,,19/28 (68%),7/10 (70%),57%,7,21/37 (57%),4/7 (57%),2/5 (40%),73%,11,3,20,3,,1,,,,,3
14015679,217,76910,NORMAL,PLAYOFF,Round 1,CUP,2524,VfL Wolfsburg,Visita,2ND,16/08/2025,1,6,70%,0.00,9,22,1,6,,299,13,6,1,,11,0,7,4,18,4,3,6,,,1,0,268,15,56,,10/14 (71%),4/12 (33%),56%,5,23/41 (56%),,4/9 (44%),92%,13,1,29,1,,1,,,,,0
14015679,217,76910,NORMAL,PLAYOFF,Round 1,CUP,323922,SV Hemelingen,Local,ALL,16/08/2025,1,0,28%,0.00,0,3,8,1,14,246,20,10,3,,2,0,1,0,3,0,0,0,,3,1,2,186,10,25,12/30 (40%),22/52 (42%),1/1 (100%),44%,15,34/78 (44%),3/7 (43%),4/13 (31%),80%,20,9,38,19,,8,,,,,19
14015679,217,76910,NORMAL,PLAYOFF,Round 1,CUP,323922,SV Hemelingen,Local,1ST,16/08/2025,1,0,27%,0.00,0,2,3,0,,114,10,5,2,,1,0,1,0,2,0,0,0,,,1,0,86,5,12,,11/24 (46%),1/1 (100%),43%,7,16/37 (43%),3/7 (43%),1/5 (20%),90%,10,3,15,6,,3,,,,,9
14015679,217,76910,NORMAL,PLAYOFF,Round 1,CUP,323922,SV Hemelingen,Local,2ND,16/08/2025,1,0,30%,0.00,0,1,5,1,,132,10,5,1,,1,0,0,0,1,0,0,0,,,0,2,100,5,13,,11/28 (39%),0/0 (0%),44%,8,18/41 (44%),,3/8 (38%),70%,10,6,23,13,,5,,,,,10
14062011,35,77333,NORMAL,REGULAR,Round 1,LEAGUE,2524,VfL Wolfsburg,Visita,ALL,23/08/2025,1,3,51%,2.45,4,15,1,5,12,409,11,11,3,,5,0,9,1,6,9,2,2,,20,4,0,329,20,45,75/113 (66%),26/59 (44%),4/16 (25%),53%,4,29/58 (50%),18/30 (60%),6/14 (43%),55%,11,11,41,19,1,1,-0.55,1,0,1,7
14062011,35,77333,NORMAL,REGULAR,Round 1,LEAGUE,2524,VfL Wolfsburg,Visita,1ST,23/08/2025,1,1,51%,1.22,2,9,1,2,,197,5,3,3,,2,0,6,1,3,6,0,2,,,1,0,161,8,19,,17/29 (59%),2/8 (25%),50%,3,13/30 (43%),8/12 (67%),5/11 (45%),40%,5,6,22,11,,1,,,,,5
14062011,35,77333,NORMAL,REGULAR,Round 1,LEAGUE,2524,VfL Wolfsburg,Visita,2ND,23/08/2025,1,2,51%,1.23,2,6,0,3,,212,6,8,0,,3,0,3,0,3,3,2,0,,,3,0,168,12,26,,9/30 (30%),2/8 (25%),57%,1,16/28 (57%),10/18 (56%),1/3 (33%),67%,6,5,19,8,,0,,,,,2
14062011,35,77333,NORMAL,REGULAR,Round 1,LEAGUE,5885,1. FC Heidenheim,Local,ALL,23/08/2025,1,1,49%,0.72,1,7,2,2,12,392,12,12,2,,2,0,4,1,2,5,0,1,,11,1,2,324,18,51,64/99 (65%),15/43 (35%),3/15 (20%),47%,5,29/58 (50%),12/30 (40%),6/12 (50%),50%,12,7,41,22,3,2,-0.23,0,3,0,11
14062011,35,77333,NORMAL,REGULAR,Round 1,LEAGUE,5885,1. FC Heidenheim,Local,1ST,23/08/2025,1,1,49%,0.65,1,5,1,2,,191,9,7,1,,2,0,3,0,1,4,0,1,,,1,1,155,7,25,,9/25 (36%),1/8 (13%),50%,2,17/30 (57%),4/12 (33%),2/5 (40%),44%,9,3,22,10,,1,,,,,7
14062011,35,77333,NORMAL,REGULAR,Round 1,LEAGUE,5885,1. FC Heidenheim,Local,2ND,23/08/2025,1,0,49%,0.06,0,2,1,0,,201,3,5,1,,0,0,1,1,1,1,0,0,,,0,1,169,11,26,,6/18 (33%),2/7 (29%),43%,3,12/28 (43%),8/18 (44%),4/7 (57%),67%,3,4,19,12,,1,,,,,4
14062145,35,77333,NORMAL,REGULAR,Round 16,LEAGUE,2524,VfL Wolfsburg,Visita,ALL,11/01/2026,16,1,32%,1.39,2,8,4,2,6,340,26,7,1,,3,0,3,2,3,5,1,1,1,9,,0,265,12,42,54/84 (64%),21/52 (40%),1/6 (17%),51%,7,39/72 (54%),5/14 (36%),6/13 (46%),54%,26,10,51,28,0,4,-3.37,1,0,,9
14062145,35,77333,NORMAL,REGULAR,Round 16,LEAGUE,2524,VfL Wolfsburg,Visita,1ST,11/01/2026,16,1,36%,0.74,1,6,1,0,4,186,11,4,1,,1,0,3,2,1,5,1,0,1,,,0,147,9,22,,10/27 (37%),0/1 (0%),50%,4,19/36 (53%),3/8 (38%),4/8 (50%),55%,11,6,28,13,,1,,,,,5
14062145,35,77333,NORMAL,REGULAR,Round 16,LEAGUE,2524,VfL Wolfsburg,Visita,2ND,11/01/2026,16,0,29%,0.64,1,2,3,2,2,154,15,3,0,,2,0,0,0,2,0,0,1,0,,,0,118,3,20,,11/25 (44%),1/5 (20%),52%,3,20/36 (56%),2/6 (33%),2/5 (40%),53%,15,4,23,15,,3,,,,,4
14062145,35,77333,NORMAL,REGULAR,Round 16,LEAGUE,2672,FC Bayern München,Local,ALL,11/01/2026,16,8,68%,3.33,7,16,2,6,7,714,14,6,0,,10,1,5,1,13,3,3,4,6,47,,1,656,20,78,156/187 (83%),48/62 (77%),2/13 (15%),49%,18,33/72 (46%),9/14 (64%),13/21 (62%),57%,14,8,53,11,1,2,0.04,0,1,,6
14062145,35,77333,NORMAL,REGULAR,Round 16,LEAGUE,2672,FC Bayern München,Local,1ST,11/01/2026,16,2,64%,1.34,3,4,0,2,4,324,8,4,0,,2,0,1,1,3,1,1,2,2,,,1,293,10,31,,29/34 (85%),1/7 (14%),50%,7,17/36 (47%),5/8 (63%),5/9 (56%),50%,8,4,24,5,,0,,,,,4
14062145,35,77333,NORMAL,REGULAR,Round 16,LEAGUE,2672,FC Bayern München,Local,2ND,11/01/2026,16,6,71%,1.99,4,12,2,4,3,390,6,2,0,,8,1,4,0,10,2,2,2,4,,,0,363,10,47,,19/28 (68%),1/6 (17%),48%,11,16/36 (44%),4/6 (67%),8/12 (67%),67%,6,4,29,6,,2,,,,,2
14062146,35,77333,NORMAL,REGULAR,Round 14,LEAGUE,2524,VfL Wolfsburg,Visita,ALL,13/12/2025,14,3,42%,1.72,3,11,4,3,8,430,15,6,1,,6,1,4,1,9,2,2,1,1,16,1,4,343,13,53,38/83 (46%),15/58 (26%),2/9 (22%),39%,4,28/59 (47%),10/39 (26%),7/19 (37%),60%,15,9,41,40,,4,-0.56,1,,1,7
14062146,35,77333,NORMAL,REGULAR,Round 14,LEAGUE,2524,VfL Wolfsburg,Visita,1ST,13/12/2025,14,3,51%,1.39,2,8,1,2,4,248,7,3,1,,6,0,2,0,8,0,2,0,1,,1,1,201,9,36,,7/27 (26%),1/7 (14%),43%,2,13/26 (50%),4/14 (29%),3/6 (50%),71%,7,6,18,5,,1,,,,,1
14062146,35,77333,NORMAL,REGULAR,Round 14,LEAGUE,2524,VfL Wolfsburg,Visita,2ND,13/12/2025,14,0,34%,0.32,1,3,3,1,4,182,8,3,0,,0,1,2,1,1,2,0,1,0,,0,3,142,4,17,,8/31 (26%),1/2 (50%),36%,2,15/33 (45%),6/25 (24%),4/13 (31%),50%,8,3,23,35,,3,,,,,6
14062146,35,77333,NORMAL,REGULAR,Round 14,LEAGUE,2527,Borussia M'gladbach,Local,ALL,13/12/2025,14,1,58%,0.80,0,14,3,6,6,575,16,8,0,,4,1,6,4,10,4,0,0,0,28,3,4,481,34,51,118/154 (77%),23/43 (53%),6/29 (21%),61%,8,31/59 (53%),29/39 (74%),9/16 (56%),56%,16,8,39,21,,3,0.18,0,,1,2
14062146,35,77333,NORMAL,REGULAR,Round 14,LEAGUE,2527,Borussia M'gladbach,Local,1ST,13/12/2025,14,1,49%,0.08,0,2,3,2,3,238,5,4,0,,1,0,1,0,1,1,0,0,0,,1,3,192,19,13,,9/19 (47%),0/5 (0%),57%,5,13/26 (50%),10/14 (71%),6/8 (75%),60%,5,4,19,17,,3,,,,,0
14062146,35,77333,NORMAL,REGULAR,Round 14,LEAGUE,2527,Borussia M'gladbach,Local,2ND,13/12/2025,14,0,66%,0.72,0,12,0,4,3,337,11,4,0,,3,1,5,4,9,3,0,0,0,,2,1,289,15,38,,14/24 (58%),6/24 (25%),64%,3,18/33 (55%),19/25 (76%),3/8 (38%),55%,11,4,20,4,,0,,,,,2
14062162,35,77333,NORMAL,REGULAR,Round 15,LEAGUE,2524,VfL Wolfsburg,Local,ALL,20/12/2025,15,3,56%,1.66,2,13,4,2,16,477,17,8,1,,6,0,5,2,9,4,2,0,0,25,2,1,389,20,51,67/104 (64%),22/55 (40%),5/16 (31%),52%,6,30/57 (53%),18/36 (50%),5/11 (45%),47%,17,4,36,18,1,4,-0.32,,,0,6
14062162,35,77333,NORMAL,REGULAR,Round 15,LEAGUE,2524,VfL Wolfsburg,Local,1ST,20/12/2025,15,1,57%,0.27,0,5,0,2,9,277,11,2,0,,2,0,3,0,2,3,0,0,0,,0,0,226,11,22,,14/31 (45%),2/7 (29%),50%,3,15/31 (48%),7/13 (54%),2/7 (29%),55%,11,3,21,5,,0,,,,,3
14062162,35,77333,NORMAL,REGULAR,Round 15,LEAGUE,2524,VfL Wolfsburg,Local,2ND,20/12/2025,15,2,55%,1.39,2,8,4,0,7,200,6,6,1,,4,0,2,2,7,1,2,0,0,,2,1,163,9,29,,8/24 (33%),3/9 (33%),53%,3,15/26 (58%),11/23 (48%),3/4 (75%),33%,6,1,15,13,,4,,,,,3
14062162,35,77333,NORMAL,REGULAR,Round 15,LEAGUE,2538,SC Freiburg,Visita,ALL,20/12/2025,15,4,44%,3.53,5,15,3,6,8,371,12,15,1,,8,1,3,4,12,3,1,4,1,27,3,5,297,18,43,58/89 (65%),27/62 (44%),6/16 (38%),48%,9,27/57 (47%),18/36 (50%),2/10 (20%),67%,12,8,44,31,1,3,-0.97,,,1,3
14062162,35,77333,NORMAL,REGULAR,Round 15,LEAGUE,2538,SC Freiburg,Visita,1ST,20/12/2025,15,1,43%,0.19,0,3,1,1,2,211,8,9,0,,1,1,2,0,1,2,0,0,0,,1,1,169,9,21,,14/36 (39%),1/4 (25%),50%,6,16/31 (52%),6/13 (46%),0/5 (0%),63%,8,5,23,11,,1,,,,,3
14062162,35,77333,NORMAL,REGULAR,Round 15,LEAGUE,2538,SC Freiburg,Visita,2ND,20/12/2025,15,3,45%,3.34,5,12,2,5,6,160,4,6,1,,7,0,1,4,11,1,1,4,1,,2,4,128,9,22,,13/26 (50%),5/12 (42%),47%,3,11/26 (42%),12/23 (52%),2/5 (40%),75%,4,3,21,20,,2,,,,,0
14062164,35,77333,NORMAL,REGULAR,Round 17,LEAGUE,2524,VfL Wolfsburg,Local,ALL,14/01/2026,17,2,61%,1.88,2,13,3,7,10,620,13,8,1,,5,0,4,4,9,4,2,1,,21,1,4,539,16,84,117/165 (71%),38/63 (60%),8/25 (32%),47%,7,26/61 (43%),18/33 (55%),6/17 (35%),46%,13,5,44,13,1,3,0.24,2,,,7
14062164,35,77333,NORMAL,REGULAR,Round 17,LEAGUE,2524,VfL Wolfsburg,Local,1ST,14/01/2026,17,1,61%,1.48,1,8,1,2,5,321,5,3,0,,2,0,4,2,6,2,1,1,,,1,1,281,10,39,,20/34 (59%),4/12 (33%),49%,2,9/23 (39%),8/12 (67%),2/5 (40%),60%,5,3,21,7,,1,,,,,2
14062164,35,77333,NORMAL,REGULAR,Round 17,LEAGUE,2524,VfL Wolfsburg,Local,2ND,14/01/2026,17,1,61%,0.40,1,5,2,5,5,299,8,5,1,,3,0,0,2,3,2,1,0,,,0,3,258,6,45,,18/29 (62%),4/13 (31%),46%,5,17/38 (45%),10/21 (48%),4/12 (33%),38%,8,2,23,6,,2,,,,,5
14062164,35,77333,NORMAL,REGULAR,Round 17,LEAGUE,2526,FC St. Pauli,Visita,ALL,14/01/2026,17,1,39%,0.89,2,9,3,4,9,396,18,10,2,,4,0,4,1,4,5,0,2,,11,1,2,307,16,49,55/86 (64%),22/58 (38%),4/12 (33%),53%,8,35/61 (57%),15/33 (45%),7/12 (58%),50%,18,5,43,30,0,3,-0.13,1,,,7
14062164,35,77333,NORMAL,REGULAR,Round 17,LEAGUE,2526,FC St. Pauli,Visita,1ST,14/01/2026,17,1,39%,0.80,2,5,1,3,4,200,5,5,0,,2,0,2,1,4,1,0,2,,,1,1,156,7,21,,8/25 (32%),4/8 (50%),51%,3,14/23 (61%),4/12 (33%),4/6 (67%),80%,5,5,22,10,,1,,,,,6
14062164,35,77333,NORMAL,REGULAR,Round 17,LEAGUE,2526,FC St. Pauli,Visita,2ND,14/01/2026,17,0,39%,0.09,0,4,2,1,5,196,13,5,2,,2,0,2,0,0,4,0,0,,,1,1,151,9,28,,14/33 (42%),1/4 (0%),54%,5,21/38 (55%),11/21 (52%),3/6 (50%),38%,13,0,21,20,,2,,,,,1
14062173,35,77333,NORMAL,REGULAR,Round 18,LEAGUE,2524,VfL Wolfsburg,Local,ALL,17/01/2026,18,1,70%,0.92,2,13,2,9,10,627,12,12,4,,4,0,5,4,9,4,1,1,1,30,3,1,535,24,79,116/166 (70%),24/43 (56%),3/23 (13%),54%,7,34/63 (54%),21/38 (55%),11/20 (55%),50%,12,3,42,26,1,2,0.04,0,0,0,7
14062173,35,77333,NORMAL,REGULAR,Round 18,LEAGUE,2524,VfL Wolfsburg,Local,1ST,17/01/2026,18,0,67%,0.23,1,4,0,1,6,319,8,6,1,,0,0,3,1,3,1,0,1,1,,1,1,281,8,26,,11/19 (58%),0/6 (0%),57%,2,17/32 (53%),9/14 (64%),4/9 (44%),38%,8,2,21,12,,0,,,,,4
14062173,35,77333,NORMAL,REGULAR,Round 18,LEAGUE,2524,VfL Wolfsburg,Local,2ND,17/01/2026,18,1,72%,0.70,1,9,2,8,4,308,4,6,3,,4,0,2,3,6,3,1,0,1,,2,0,254,16,53,,13/24 (54%),3/17 (18%),53%,5,17/31 (55%),12/24 (50%),7/11 (64%),75%,4,1,21,14,,2,,,,,3
14062173,35,77333,NORMAL,REGULAR,Round 18,LEAGUE,5885,1. FC Heidenheim,Visita,ALL,17/01/2026,18,1,30%,0.99,3,13,3,6,12,267,16,10,3,,3,0,7,3,8,5,0,3,0,22,0,0,177,18,42,40/77 (52%),22/59 (37%),5/13 (38%),46%,7,29/63 (46%),17/38 (45%),3/8 (38%),63%,16,11,42,38,1,3,0.19,1,1,1,10
14062173,35,77333,NORMAL,REGULAR,Round 18,LEAGUE,5885,1. FC Heidenheim,Visita,1ST,17/01/2026,18,1,33%,0.26,1,5,0,1,6,149,7,6,2,,1,0,3,1,3,2,0,1,0,,0,0,108,11,25,,13/29 (45%),3/9 (33%),43%,4,15/32 (47%),5/14 (36%),2/6 (33%),57%,7,6,20,7,,0,,,,,4
14062173,35,77333,NORMAL,REGULAR,Round 18,LEAGUE,5885,1. FC Heidenheim,Visita,2ND,17/01/2026,18,0,28%,0.74,2,8,3,5,6,118,9,4,1,,2,0,4,2,5,3,0,2,0,,0,0,69,7,17,,9/30 (30%),2/4 (50%),47%,3,14/31 (45%),12/24 (50%),1/2 (50%),67%,9,5,22,31,,3,,,,,6
14062182,35,77333,NORMAL,REGULAR,Round 19,LEAGUE,2524,VfL Wolfsburg,Visita,ALL,24/01/2026,19,1,41%,0.73,1,7,5,1,11,319,21,8,2,,2,0,3,2,4,3,1,0,,11,3,0,216,20,55,44/88 (50%),22/60 (37%),3/13 (23%),54%,3,33/73 (45%),38/59 (64%),4/18 (22%),81%,21,3,32,56,1,5,1.94,1,1,,11
14062182,35,77333,NORMAL,REGULAR,Round 19,LEAGUE,2524,VfL Wolfsburg,Visita,1ST,24/01/2026,19,1,40%,0.54,1,3,5,0,5,161,9,3,0,,1,0,1,1,1,2,1,0,,,1,0,101,13,32,,16/41 (39%),2/4 (50%),55%,2,14/30 (47%),24/39 (62%),2/6 (33%),89%,9,3,15,25,,5,,,,,9
14062182,35,77333,NORMAL,REGULAR,Round 19,LEAGUE,2524,VfL Wolfsburg,Visita,2ND,24/01/2026,19,0,42%,0.19,0,4,0,1,6,158,12,5,2,,1,0,2,1,3,1,0,0,,,2,0,115,7,23,,6/19 (32%),1/9 (11%),52%,1,19/43 (44%),14/20 (70%),2/12 (17%),75%,12,0,17,31,,0,,,,,2
14062182,35,77333,NORMAL,REGULAR,Round 19,LEAGUE,2556,1. FSV Mainz 05,Local,ALL,24/01/2026,19,3,59%,3.82,9,20,1,15,8,425,17,9,3,,9,1,5,6,16,4,3,6,,34,5,2,333,28,56,101/145 (70%),28/58 (48%),11/49 (22%),46%,14,40/73 (55%),21/59 (36%),13/20 (65%),47%,17,9,43,29,0,1,-0.25,0,1,,6
14062182,35,77333,NORMAL,REGULAR,Round 19,LEAGUE,2556,1. FSV Mainz 05,Local,1ST,24/01/2026,19,0,60%,1.85,6,12,0,7,3,224,6,4,1,,6,0,2,4,10,2,0,6,,,2,1,168,14,37,,16/33 (48%),6/23 (26%),45%,5,16/30 (53%),15/39 (38%),5/9 (56%),67%,6,4,27,15,,0,,,,,2
14062182,35,77333,NORMAL,REGULAR,Round 19,LEAGUE,2556,1. FSV Mainz 05,Local,2ND,24/01/2026,19,3,58%,1.97,3,8,1,8,5,201,11,5,2,,3,1,3,2,6,2,3,0,,,3,1,165,14,19,,12/25 (48%),5/26 (19%),48%,9,24/43 (56%),6/20 (30%),8/11 (73%),36%,11,5,16,14,,1,,,,,4
14062196,35,77333,NORMAL,REGULAR,Round 20,LEAGUE,2524,VfL Wolfsburg,Visita,ALL,30/01/2026,20,0,58%,1.15,3,14,2,4,16,466,20,8,4,,3,0,8,3,9,5,,3,2,15,0,3,370,23,52,61/108 (56%),16/43 (37%),7/18 (39%),48%,11,36/77 (47%),21/42 (50%),8/18 (44%),40%,20,5,46,47,0,2,-0.07,1,1,,10
14062196,35,77333,NORMAL,REGULAR,Round 20,LEAGUE,2524,VfL Wolfsburg,Visita,1ST,30/01/2026,20,0,50%,0.21,0,5,1,0,8,198,13,3,0,,0,0,5,0,2,3,,0,1,,0,0,153,11,27,,9/24 (38%),0/3 (0%),53%,4,18/33 (55%),10/20 (50%),2/6 (33%),38%,13,3,18,30,,1,,,,,5
14062196,35,77333,NORMAL,REGULAR,Round 20,LEAGUE,2524,VfL Wolfsburg,Visita,2ND,30/01/2026,20,0,66%,0.94,3,9,1,4,8,268,7,5,4,,3,0,3,3,7,2,,3,1,,0,3,217,12,25,,7/19 (37%),7/15 (47%),44%,7,18/44 (41%),11/22 (50%),6/12 (50%),43%,7,2,28,17,,1,,,,,5
14062196,35,77333,NORMAL,REGULAR,Round 20,LEAGUE,2671,1. FC Köln,Local,ALL,30/01/2026,20,1,42%,1.26,2,15,3,3,8,320,21,16,1,,3,0,7,5,11,4,,2,0,37,2,2,230,23,48,75/109 (69%),24/63 (38%),8/25 (32%),52%,11,41/77 (53%),21/42 (50%),7/16 (44%),76%,21,5,38,35,2,3,0.86,0,1,,12
14062196,35,77333,NORMAL,REGULAR,Round 20,LEAGUE,2671,1. FC Köln,Local,1ST,30/01/2026,20,1,50%,0.61,1,11,0,3,3,183,8,8,0,,2,0,4,5,7,4,,1,0,,2,2,141,13,24,,12/29 (41%),5/17 (29%),47%,8,15/33 (45%),10/20 (50%),1/6 (17%),75%,8,1,16,8,,0,,,,,5
14062196,35,77333,NORMAL,REGULAR,Round 20,LEAGUE,2671,1. FC Köln,Local,2ND,30/01/2026,20,0,34%,0.65,1,4,3,0,5,137,13,8,1,,1,0,3,0,4,0,,1,0,,0,0,89,10,24,,12/34 (35%),3/8 (38%),56%,3,26/44 (59%),11/22 (50%),6/10 (60%),77%,13,4,22,27,,3,,,,,7
14062200,35,77333,NORMAL,REGULAR,Round 21,LEAGUE,2524,VfL Wolfsburg,Local,ALL,07/02/2026,21,1,35%,1.46,4,12,2,4,13,312,14,10,1,,2,1,8,2,6,6,1,3,2,16,3,0,241,22,47,65/98 (66%),25/58 (43%),6/19 (32%),43%,5,28/66 (42%),15/35 (43%),7/15 (47%),50%,14,11,44,49,0,2,-1.22,0,1,1,8
14062200,35,77333,NORMAL,REGULAR,Round 21,LEAGUE,2524,VfL Wolfsburg,Local,1ST,07/02/2026,21,0,30%,0.26,0,4,2,2,6,139,5,3,0,,0,0,3,1,1,3,0,0,0,,0,0,102,10,19,,8/25 (32%),1/6 (17%),37%,1,9/26 (35%),7/17 (41%),2/5 (40%),40%,5,5,17,24,,2,,,,,6
14062200,35,77333,NORMAL,REGULAR,Round 21,LEAGUE,2524,VfL Wolfsburg,Local,2ND,07/02/2026,21,1,40%,1.20,4,8,0,2,7,173,9,7,1,,2,1,5,1,5,3,1,3,2,,3,0,139,12,28,,17/33 (52%),5/13 (38%),47%,4,19/40 (48%),8/18 (44%),5/10 (50%),56%,9,6,27,25,,0,,,,,2
14062200,35,77333,NORMAL,REGULAR,Round 21,LEAGUE,2673,Borussia Dortmund,Visita,ALL,07/02/2026,21,2,65%,1.23,2,21,1,8,10,580,13,13,1,,4,1,3,14,14,7,1,1,1,43,2,2,499,24,74,162/206 (79%),24/43 (56%),7/34 (21%),57%,8,38/66 (58%),20/35 (57%),12/18 (67%),46%,13,9,50,23,1,1,-0.73,1,2,1,8
14062200,35,77333,NORMAL,REGULAR,Round 21,LEAGUE,2673,Borussia Dortmund,Visita,1ST,07/02/2026,21,1,70%,1.08,1,18,0,6,3,322,4,6,0,,3,1,3,12,11,7,0,1,1,,0,1,283,14,38,,13/21 (62%),6/20 (30%),63%,3,17/26 (65%),10/17 (59%),7/9 (78%),75%,4,4,23,7,,0,,,,,3
14062200,35,77333,NORMAL,REGULAR,Round 21,LEAGUE,2673,Borussia Dortmund,Visita,2ND,07/02/2026,21,1,60%,0.15,1,3,1,2,7,258,9,7,1,,1,0,0,2,3,0,1,0,0,,2,1,216,10,36,,11/22 (50%),1/14 (7%),53%,5,21/40 (53%),10/18 (56%),5/9 (56%),33%,9,5,27,16,,1,,,,,5
14062210,35,77333,NORMAL,REGULAR,Round 22,LEAGUE,2524,VfL Wolfsburg,Visita,ALL,15/02/2026,22,2,32%,0.62,1,10,8,2,10,328,20,6,2,,3,0,6,1,3,7,1,0,1,12,1,,254,13,34,45/71 (63%),15/42 (36%),0/6 (0%),41%,5,28/69 (41%),8/19 (42%),2/7 (29%),80%,20,9,49,53,1,8,1.40,3,,,6
14062210,35,77333,NORMAL,REGULAR,Round 22,LEAGUE,2524,VfL Wolfsburg,Visita,1ST,15/02/2026,22,0,35%,0.03,0,2,6,1,7,192,8,4,0,,0,0,2,0,0,2,0,0,0,,0,,157,6,11,,9/22 (41%),0/2 (0%),39%,1,13/37 (35%),6/12 (50%),1/4 (25%),75%,8,3,21,27,,6,,,,,3
14062210,35,77333,NORMAL,REGULAR,Round 22,LEAGUE,2524,VfL Wolfsburg,Visita,2ND,15/02/2026,22,2,28%,0.59,1,8,2,1,3,136,12,2,2,,3,0,4,1,3,5,1,0,1,,1,,97,7,23,,6/20 (30%),0/4 (0%),44%,4,15/32 (47%),2/7 (29%),1/3 (33%),83%,12,6,28,26,,2,,,,,3
14062210,35,77333,NORMAL,REGULAR,Round 22,LEAGUE,36360,RB Leipzig,Local,ALL,15/02/2026,22,2,68%,2.94,5,20,1,6,6,692,10,10,1,,10,0,6,4,17,3,1,4,1,63,1,,605,31,90,207/262 (79%),31/46 (67%),12/38 (32%),59%,13,41/69 (59%),11/19 (58%),22/29 (76%),70%,10,7,48,12,0,1,-0.84,0,,,6
14062210,35,77333,NORMAL,REGULAR,Round 22,LEAGUE,36360,RB Leipzig,Local,1ST,15/02/2026,22,0,65%,1.87,3,10,0,5,4,338,4,7,0,,6,0,3,1,8,2,0,3,1,,1,,296,11,49,,19/24 (79%),6/17 (35%),61%,5,24/37 (65%),6/12 (50%),13/16 (81%),75%,4,3,19,3,,0,,,,,3
14062210,35,77333,NORMAL,REGULAR,Round 22,LEAGUE,36360,RB Leipzig,Local,2ND,15/02/2026,22,2,72%,1.07,2,10,1,1,2,354,6,3,1,,4,0,3,3,9,1,1,1,0,,0,,309,20,41,,12/22 (55%),6/21 (29%),56%,8,17/32 (53%),5/7 (71%),9/13 (69%),67%,6,4,29,9,,1,,,,,3
14062220,35,77333,NORMAL,REGULAR,Round 23,LEAGUE,2524,VfL Wolfsburg,Local,ALL,21/02/2026,23,2,50%,1.60,4,10,3,4,10,455,12,16,3,,4,0,6,0,6,4,2,2,,18,3,1,393,13,53,58/91 (64%),15/39 (38%),5/16 (31%),52%,6,34/66 (52%),20/37 (54%),6/15 (40%),83%,12,6,41,30,0,3,-0.89,1,2,1,7
14062220,35,77333,NORMAL,REGULAR,Round 23,LEAGUE,2524,VfL Wolfsburg,Local,1ST,21/02/2026,23,1,49%,0.48,1,5,2,1,4,254,6,5,1,,2,0,3,0,2,3,1,0,,,0,0,220,7,25,,9/19 (47%),2/3 (67%),48%,3,14/33 (42%),12/21 (57%),3/10 (30%),67%,6,1,20,17,,2,,,,,4
14062220,35,77333,NORMAL,REGULAR,Round 23,LEAGUE,2524,VfL Wolfsburg,Local,2ND,21/02/2026,23,1,50%,1.12,3,5,1,3,6,201,6,11,2,,2,0,3,0,4,1,1,2,,,3,1,173,6,28,,6/20 (30%),3/13 (23%),57%,3,20/33 (61%),8/16 (50%),3/5 (60%),100%,6,5,21,13,,1,,,,,3
14062220,35,77333,NORMAL,REGULAR,Round 23,LEAGUE,2600,FC Augsburg,Visita,ALL,21/02/2026,23,3,50%,1.79,2,15,2,10,16,448,15,9,4,,6,1,4,5,10,5,2,0,,26,3,1,374,24,57,125/160 (78%),36/65 (55%),7/34 (21%),48%,4,32/66 (48%),17/37 (46%),9/17 (53%),73%,15,3,39,15,1,2,-0.56,0,1,0,8
14062220,35,77333,NORMAL,REGULAR,Round 23,LEAGUE,2600,FC Augsburg,Visita,1ST,21/02/2026,23,0,51%,0.50,0,8,1,6,5,251,10,4,0,,2,1,3,3,5,3,0,0,,,1,1,217,9,27,,24/35 (69%),3/18 (17%),52%,1,19/33 (58%),9/21 (43%),5/10 (50%),90%,10,2,21,6,,1,,,,,3
14062220,35,77333,NORMAL,REGULAR,Round 23,LEAGUE,2600,FC Augsburg,Visita,2ND,21/02/2026,23,3,50%,1.29,2,7,1,4,11,197,5,5,4,,4,0,1,2,5,2,2,0,,,2,0,157,15,30,,12/30 (40%),4/16 (25%),43%,3,13/33 (39%),8/16 (50%),4/7 (57%),40%,5,1,18,9,,1,,,,,5
14062234,35,77333,NORMAL,REGULAR,Round 24,LEAGUE,2524,VfL Wolfsburg,Visita,ALL,01/03/2026,24,0,37%,0.78,1,10,7,3,17,378,15,5,0,,3,0,6,1,5,5,0,1,0,15,0,1,292,11,50,61/98 (62%),24/54 (44%),3/9 (33%),42%,6,24/60 (40%),14/31 (45%),4/11 (36%),53%,15,6,43,39,0,7,0.27,2,1,0,9
14062234,35,77333,NORMAL,REGULAR,Round 24,LEAGUE,2524,VfL Wolfsburg,Visita,1ST,01/03/2026,24,0,35%,0.36,1,4,4,1,9,174,5,2,0,,1,0,4,0,3,1,0,1,0,,0,1,129,5,28,,8/26 (31%),1/4 (25%),38%,3,9/24 (38%),7/18 (39%),2/4 (50%),60%,5,4,22,20,,4,,,,,4
14062234,35,77333,NORMAL,REGULAR,Round 24,LEAGUE,2524,VfL Wolfsburg,Visita,2ND,01/03/2026,24,0,39%,0.41,0,6,3,2,8,204,10,3,0,,3,0,2,1,2,4,0,0,0,,0,0,163,6,22,,16/28 (57%),2/5 (40%),45%,3,15/36 (42%),7/13 (54%),2/7 (29%),50%,10,2,21,19,,3,,,,,5
14062234,35,77333,NORMAL,REGULAR,Round 24,LEAGUE,2677,VfB Stuttgart,Local,ALL,01/03/2026,24,4,63%,3.28,5,24,3,7,5,632,13,17,1,,11,0,7,6,19,5,2,3,1,55,1,1,548,24,50,135/168 (80%),28/60 (47%),8/27 (30%),58%,11,36/60 (60%),17/31 (55%),8/12 (67%),46%,13,3,44,26,2,3,0.36,1,0,1,8
14062234,35,77333,NORMAL,REGULAR,Round 24,LEAGUE,2677,VfB Stuttgart,Local,1ST,01/03/2026,24,3,65%,2.29,4,14,1,5,2,307,5,9,0,,6,0,4,4,11,3,2,2,0,,1,1,256,10,27,,11/27 (41%),8/21 (38%),62%,4,15/24 (63%),11/18 (61%),3/4 (75%),40%,5,3,26,14,,1,,,,,4
14062234,35,77333,NORMAL,REGULAR,Round 24,LEAGUE,2677,VfB Stuttgart,Local,2ND,01/03/2026,24,1,61%,0.99,1,10,3,2,3,325,8,8,1,,5,0,3,2,8,2,0,1,1,,0,0,292,14,23,,17/33 (52%),1/6 (0%),55%,7,21/36 (58%),6/13 (46%),5/8 (63%),50%,8,1,18,12,,3,,,,,4
14065067,35,77333,NORMAL,REGULAR,Round 2,LEAGUE,2524,VfL Wolfsburg,Local,ALL,31/08/2025,2,1,40%,0.62,0,11,2,3,15,310,13,14,3,1,3,0,5,3,7,4,0,0,0,12,2,,224,27,42,41/73 (56%),23/64 (36%),1/10 (10%),50%,7,30/59 (51%),23/48 (48%),3/9 (33%),54%,13,12,40,54,,2,0.08,0,4,,9
14065067,35,77333,NORMAL,REGULAR,Round 2,LEAGUE,2524,VfL Wolfsburg,Local,1ST,31/08/2025,2,1,48%,0.19,0,5,1,0,,204,8,4,0,0,1,0,3,1,4,1,0,0,0,,1,,158,15,20,,13/34 (38%),0/2 (0%),52%,2,13/23 (57%),12/25 (48%),1/5 (20%),63%,8,8,22,18,,1,,,,,5
14065067,35,77333,NORMAL,REGULAR,Round 2,LEAGUE,2524,VfL Wolfsburg,Local,2ND,31/08/2025,2,0,30%,0.42,0,6,1,3,,106,5,10,3,1,2,0,2,2,3,3,0,0,0,,1,,66,12,22,,10/30 (33%),1/8 (13%),47%,5,17/36 (47%),11/23 (48%),2/4 (50%),40%,5,4,18,36,,1,,,,,4
14065067,35,77333,NORMAL,REGULAR,Round 2,LEAGUE,2556,1. FSV Mainz 05,Visita,ALL,31/08/2025,2,1,60%,1.95,4,17,2,10,14,458,13,14,5,0,3,2,8,6,14,3,1,3,1,41,2,,384,25,73,133/178 (75%),29/58 (50%),10/43 (23%),50%,9,29/59 (49%),25/48 (52%),3/7 (43%),62%,13,13,44,22,,2,-0.65,1,2,,6
14065067,35,77333,NORMAL,REGULAR,Round 2,LEAGUE,2556,1. FSV Mainz 05,Visita,1ST,31/08/2025,2,0,52%,0.38,0,7,0,3,,218,6,5,2,0,1,0,4,2,5,2,0,0,0,,1,,183,14,41,,10/23 (43%),4/16 (25%),48%,6,10/23 (43%),13/25 (52%),0/2 (0%),50%,6,8,20,12,,0,,,,,3
14065067,35,77333,NORMAL,REGULAR,Round 2,LEAGUE,2556,1. FSV Mainz 05,Visita,2ND,31/08/2025,2,1,70%,1.57,4,10,2,7,,240,7,9,3,0,2,2,4,4,9,1,1,3,1,,1,,201,11,32,,19/35 (54%),6/27 (22%),53%,3,19/36 (53%),12/23 (52%),3/5 (60%),71%,7,5,24,10,,2,,,,,3
14065077,35,77333,NORMAL,REGULAR,Round 3,LEAGUE,2524,VfL Wolfsburg,Local,ALL,13/09/2025,3,3,56%,1.50,4,14,5,7,15,448,13,11,2,,6,0,5,3,9,5,2,2,,19,3,0,385,14,50,103/131 (79%),28/49 (57%),7/21 (33%),47%,10,30/61 (49%),11/26 (42%),6/8 (75%),77%,13,4,40,33,0,5,0.34,0,,0,9
14065077,35,77333,NORMAL,REGULAR,Round 3,LEAGUE,2524,VfL Wolfsburg,Local,1ST,13/09/2025,3,1,60%,0.54,2,7,3,3,,266,7,3,0,,1,0,4,2,3,4,1,1,,,1,0,228,8,24,,19/30 (63%),3/11 (27%),41%,4,10/24 (42%),6/15 (40%),0/1 (0%),71%,7,2,24,14,,3,,,,,5
14065077,35,77333,NORMAL,REGULAR,Round 3,LEAGUE,2524,VfL Wolfsburg,Local,2ND,13/09/2025,3,2,51%,0.95,2,7,2,4,,182,6,8,2,,5,0,1,1,6,1,1,1,,,2,0,157,6,26,,9/19 (47%),4/10 (40%),52%,6,20/37 (54%),5/11 (45%),6/7 (86%),83%,6,2,16,19,,2,,,,,4
14065077,35,77333,NORMAL,REGULAR,Round 3,LEAGUE,2671,1. FC Köln,Visita,ALL,13/09/2025,3,3,44%,1.65,2,14,3,4,11,356,12,15,3,,8,0,2,4,10,4,2,0,,24,2,1,288,26,46,70/105 (67%),18/48 (38%),3/21 (14%),53%,8,31/61 (51%),15/26 (58%),5/10 (50%),67%,12,7,33,17,1,3,-1.03,1,,1,10
14065077,35,77333,NORMAL,REGULAR,Round 3,LEAGUE,2671,1. FC Köln,Visita,1ST,13/09/2025,3,1,40%,1.01,1,7,0,0,,185,5,7,0,,4,0,2,1,5,2,1,0,,,0,0,144,16,20,,9/31 (29%),1/5 (20%),59%,4,14/24 (58%),9/15 (60%),3/6 (50%),40%,5,5,17,12,,0,,,,,7
14065077,35,77333,NORMAL,REGULAR,Round 3,LEAGUE,2671,1. FC Köln,Visita,2ND,13/09/2025,3,2,49%,0.64,1,7,3,4,,171,7,8,3,,4,0,0,3,5,2,1,0,,,2,1,144,10,26,,9/17 (53%),2/16 (13%),48%,4,17/37 (46%),6/11 (55%),2/4 (50%),86%,7,2,16,5,,3,,,,,3
14065085,35,77333,NORMAL,REGULAR,Round 4,LEAGUE,2524,VfL Wolfsburg,Visita,ALL,21/09/2025,4,0,44%,0.80,2,9,3,3,9,429,20,10,0,,0,1,6,3,4,5,,2,,10,1,0,360,13,40,64/87 (74%),20/53 (38%),5/14 (36%),53%,4,31/58 (53%),8/16 (50%),2/7 (29%),65%,20,14,38,41,1,3,0.16,1,,1,11
14065085,35,77333,NORMAL,REGULAR,Round 4,LEAGUE,2524,VfL Wolfsburg,Visita,1ST,21/09/2025,4,0,43%,0.18,0,5,1,0,,212,5,5,0,,0,0,2,3,1,4,,0,,,0,0,184,9,20,,8/20 (40%),3/6 (50%),50%,2,12/23 (52%),3/7 (43%),2/5 (40%),60%,5,4,15,20,,1,,,,,5
14065085,35,77333,NORMAL,REGULAR,Round 4,LEAGUE,2524,VfL Wolfsburg,Visita,2ND,21/09/2025,4,0,46%,0.62,2,4,2,3,,217,15,5,0,,0,1,4,0,3,1,,2,,,1,0,176,4,20,,12/33 (36%),2/8 (25%),55%,2,19/35 (54%),5/9 (56%),0/2 (0%),67%,15,10,23,21,,2,,,,,6
14065085,35,77333,NORMAL,REGULAR,Round 4,LEAGUE,2673,Borussia Dortmund,Local,ALL,21/09/2025,4,1,56%,1.10,1,12,0,9,10,528,9,9,1,,4,0,6,2,7,5,,1,,35,2,2,464,25,63,141/182 (77%),30/52 (58%),6/31 (19%),47%,9,27/58 (47%),8/16 (50%),9/20 (45%),22%,9,9,40,19,0,0,0.00,0,,1,6
14065085,35,77333,NORMAL,REGULAR,Round 4,LEAGUE,2673,Borussia Dortmund,Local,1ST,21/09/2025,4,1,57%,0.85,1,8,0,2,,276,5,4,1,,2,0,5,1,3,5,,1,,,2,1,245,13,29,,16/24 (67%),3/15 (20%),50%,2,11/23 (48%),4/7 (57%),2/5 (40%),20%,5,4,18,5,,0,,,,,3
14065085,35,77333,NORMAL,REGULAR,Round 4,LEAGUE,2673,Borussia Dortmund,Local,2ND,21/09/2025,4,0,54%,0.25,0,4,0,7,,252,4,5,0,,2,0,1,1,4,0,,0,,,0,1,219,12,34,,14/28 (50%),3/16 (19%),45%,7,16/35 (46%),4/9 (44%),7/15 (47%),25%,4,5,22,14,,0,,,,,3
14065103,35,77333,NORMAL,REGULAR,Round 5,LEAGUE,2524,VfL Wolfsburg,Local,ALL,27/09/2025,5,0,51%,3.05,7,22,5,6,7,447,17,9,2,,4,2,9,9,17,5,,7,2,35,1,0,367,15,44,53/87 (61%),27/49 (55%),8/21 (38%),54%,10,30/66 (45%),23/33 (70%),5/11 (45%),65%,17,9,55,27,1,5,0.02,1,1,1,9
14065103,35,77333,NORMAL,REGULAR,Round 5,LEAGUE,2524,VfL Wolfsburg,Local,1ST,27/09/2025,5,0,47%,0.80,1,7,3,4,,219,4,4,0,,1,0,4,2,6,1,,1,0,,0,0,177,8,18,,12/22 (55%),2/11 (18%),63%,5,9/21 (43%),16/19 (84%),2/4 (50%),75%,4,4,27,21,,3,,,,,3
14065103,35,77333,NORMAL,REGULAR,Round 5,LEAGUE,2524,VfL Wolfsburg,Local,2ND,27/09/2025,5,0,55%,2.25,6,15,2,2,,228,13,5,2,,3,2,5,7,11,4,,6,2,,1,0,190,7,26,,15/27 (56%),6/10 (60%),47%,5,21/45 (47%),7/14 (50%),3/7 (43%),62%,13,5,28,6,,2,,,,,6
14065103,35,77333,NORMAL,REGULAR,Round 5,LEAGUE,36360,RB Leipzig,Visita,ALL,27/09/2025,5,1,49%,2.41,3,20,4,11,9,435,16,6,2,,6,1,6,8,10,10,,3,0,47,3,5,358,17,37,93/126 (74%),24/54 (44%),7/20 (35%),46%,6,36/66 (55%),10/33 (30%),14/25 (56%),63%,16,11,56,15,1,4,0.73,1,2,0,14
14065103,35,77333,NORMAL,REGULAR,Round 5,LEAGUE,36360,RB Leipzig,Visita,1ST,27/09/2025,5,1,53%,0.63,1,6,1,7,,247,7,0,2,,4,0,1,1,4,2,,1,0,,0,1,200,10,20,,11/30 (37%),3/15 (20%),37%,2,12/21 (57%),3/19 (16%),5/7 (71%),43%,7,6,25,9,,1,,,,,6
14065103,35,77333,NORMAL,REGULAR,Round 5,LEAGUE,36360,RB Leipzig,Visita,2ND,27/09/2025,5,0,45%,1.78,2,14,3,4,,188,9,6,0,,2,1,5,7,6,8,,2,0,,3,4,158,7,17,,13/24 (54%),4/5 (80%),53%,4,24/45 (53%),7/14 (50%),9/18 (50%),78%,9,5,31,6,,3,,,,,8
14065107,35,77333,NORMAL,REGULAR,Round 6,LEAGUE,2524,VfL Wolfsburg,Visita,ALL,04/10/2025,6,1,53%,1.19,1,14,2,5,7,431,24,9,1,,4,1,7,3,10,4,0,1,1,27,0,2,354,18,37,80/104 (77%),28/55 (51%),5/16 (31%),57%,3,35/56 (63%),11/24 (46%),2/9 (22%),63%,24,16,42,30,1,2,0.17,1,,0,7
14065107,35,77333,NORMAL,REGULAR,Round 6,LEAGUE,2524,VfL Wolfsburg,Visita,1ST,04/10/2025,6,0,52%,0.16,0,4,1,2,,181,14,6,1,,0,1,4,0,2,2,0,0,0,,0,0,147,9,14,,16/29 (55%),2/6 (33%),61%,2,22/31 (71%),5/13 (38%),2/4 (50%),50%,14,8,16,14,,1,,,,,4
14065107,35,77333,NORMAL,REGULAR,Round 6,LEAGUE,2524,VfL Wolfsburg,Visita,2ND,04/10/2025,6,1,54%,1.02,1,10,1,3,,250,10,3,0,,4,0,3,3,8,2,0,1,1,,0,2,207,9,23,,12/26 (46%),3/10 (30%),53%,1,13/25 (52%),6/11 (55%),0/5 (0%),80%,10,8,26,16,,1,,,,,3
14065107,35,77333,NORMAL,REGULAR,Round 6,LEAGUE,2600,FC Augsburg,Local,ALL,04/10/2025,6,3,47%,1.71,3,10,3,10,9,371,10,7,2,,5,0,3,2,8,2,2,1,0,19,1,5,286,23,61,84/136 (62%),26/59 (44%),3/21 (14%),43%,13,21/56 (38%),13/24 (54%),7/18 (39%),50%,10,6,41,20,0,3,0.40,2,,1,13
14065107,35,77333,NORMAL,REGULAR,Round 6,LEAGUE,2600,FC Augsburg,Local,1ST,04/10/2025,6,1,48%,0.99,2,5,0,5,,160,4,6,2,,2,0,1,2,4,1,1,1,0,,1,1,117,12,33,,11/26 (42%),3/14 (21%),39%,8,9/31 (29%),8/13 (62%),2/8 (25%),50%,4,1,17,7,,0,,,,,8
14065107,35,77333,NORMAL,REGULAR,Round 6,LEAGUE,2600,FC Augsburg,Local,2ND,04/10/2025,6,2,46%,0.72,1,5,3,5,,211,6,1,0,,3,0,2,0,4,1,1,0,0,,0,4,169,11,28,,15/33 (45%),0/7 (0%),47%,5,12/25 (48%),5/11 (45%),5/10 (50%),50%,6,5,24,13,,3,,,,,5
14065115,35,77333,NORMAL,REGULAR,Round 7,LEAGUE,2524,VfL Wolfsburg,Local,ALL,18/10/2025,7,0,41%,0.32,0,11,4,3,12,412,13,8,1,,3,1,3,5,7,4,0,0,,24,2,0,315,10,47,62/100 (62%),27/63 (43%),4/15 (27%),46%,7,23/58 (40%),20/35 (57%),2/11 (18%),62%,13,12,54,29,,4,-0.14,2,,1,10
14065115,35,77333,NORMAL,REGULAR,Round 7,LEAGUE,2524,VfL Wolfsburg,Local,1ST,18/10/2025,7,0,35%,0.04,0,2,3,0,8,176,7,5,1,,2,0,0,0,1,1,0,0,,,1,0,121,6,24,,13/36 (36%),0/3 (0%),46%,3,13/34 (38%),12/20 (60%),1/7 (14%),57%,7,7,26,18,,3,,,,,6
14065115,35,77333,NORMAL,REGULAR,Round 7,LEAGUE,2524,VfL Wolfsburg,Local,2ND,18/10/2025,7,0,47%,0.28,0,9,1,3,4,236,6,3,0,,1,1,3,5,6,3,0,0,,,1,0,194,4,23,,14/27 (52%),4/12 (33%),46%,4,10/24 (42%),8/15 (53%),1/4 (25%),67%,6,5,28,11,,1,,,,,4
14065115,35,77333,NORMAL,REGULAR,Round 7,LEAGUE,2677,VfB Stuttgart,Visita,ALL,18/10/2025,7,3,59%,1.90,4,15,3,8,8,598,16,12,1,,7,0,5,3,11,4,3,1,,30,1,1,502,14,74,138/178 (78%),18/45 (40%),8/32 (25%),54%,7,35/58 (60%),15/35 (43%),8/14 (57%),38%,16,6,52,18,,3,0.19,0,,0,7
14065115,35,77333,NORMAL,REGULAR,Round 7,LEAGUE,2677,VfB Stuttgart,Visita,1ST,18/10/2025,7,1,65%,0.61,2,7,2,6,5,319,9,8,1,,4,0,2,1,4,3,1,1,,,0,0,263,6,28,,11/24 (46%),7/25 (28%),54%,3,21/34 (62%),8/20 (40%),4/8 (50%),44%,9,4,31,5,,2,,,,,0
14065115,35,77333,NORMAL,REGULAR,Round 7,LEAGUE,2677,VfB Stuttgart,Visita,2ND,18/10/2025,7,2,53%,1.29,2,8,1,2,3,279,7,4,0,,3,0,3,2,7,1,2,0,,,1,1,239,8,46,,7/21 (33%),1/7 (14%),54%,4,14/24 (58%),7/15 (47%),4/6 (67%),29%,7,2,21,13,,1,,,,,7
14065129,35,77333,NORMAL,REGULAR,Round 8,LEAGUE,2524,VfL Wolfsburg,Visita,ALL,25/10/2025,8,1,39%,0.37,1,6,7,1,18,332,14,8,5,,2,1,3,1,3,3,,1,,14,1,1,240,15,46,37/75 (49%),13/58 (22%),0/4 (0%),38%,6,26/66 (39%),10/28 (36%),5/12 (42%),64%,14,9,35,41,0,7,1.76,,,1,19
14065129,35,77333,NORMAL,REGULAR,Round 8,LEAGUE,2524,VfL Wolfsburg,Visita,1ST,25/10/2025,8,1,39%,0.16,0,3,3,1,8,192,5,1,2,,2,0,0,1,2,1,,0,,,0,1,145,8,21,,7/26 (27%),0/2 (0%),38%,5,8/25 (32%),7/14 (50%),2/4 (50%),60%,5,6,15,19,,3,,,,,5
14065129,35,77333,NORMAL,REGULAR,Round 8,LEAGUE,2524,VfL Wolfsburg,Visita,2ND,25/10/2025,8,0,38%,0.21,1,3,4,0,10,140,9,7,3,,0,1,3,0,1,2,,1,,,1,0,95,7,25,,6/32 (19%),0/2 (0%),38%,1,18/41 (44%),3/14 (21%),3/8 (38%),67%,9,3,20,22,,4,,,,,14
14065129,35,77333,NORMAL,REGULAR,Round 8,LEAGUE,2676,Hamburger SV,Local,ALL,25/10/2025,8,0,61%,2.77,3,27,1,11,8,503,13,17,1,,6,2,13,8,18,9,,3,,43,3,2,418,23,64,92/133 (69%),32/56 (57%),8/39 (21%),62%,7,40/66 (61%),18/28 (64%),9/16 (56%),46%,13,6,45,12,2,1,-0.67,,,1,6
14065129,35,77333,NORMAL,REGULAR,Round 8,LEAGUE,2676,Hamburger SV,Local,1ST,25/10/2025,8,0,61%,1.18,2,9,1,3,1,294,7,7,0,,3,1,3,3,7,2,,2,,,2,2,250,12,30,,13/27 (48%),2/11 (18%),62%,3,17/25 (68%),7/14 (50%),2/4 (50%),57%,7,3,19,5,,1,,,,,2
14065129,35,77333,NORMAL,REGULAR,Round 8,LEAGUE,2676,Hamburger SV,Local,2ND,25/10/2025,8,0,62%,1.59,1,18,0,8,7,209,6,10,1,,3,1,10,5,11,7,,1,,,1,0,168,11,34,,19/29 (66%),6/28 (21%),62%,4,23/41 (56%),11/14 (79%),7/12 (58%),33%,6,3,26,7,,0,,,,,4
14065131,35,77333,NORMAL,REGULAR,Round 9,LEAGUE,2524,VfL Wolfsburg,Local,ALL,02/11/2025,9,2,48%,1.54,2,12,1,2,10,439,11,17,0,,6,0,3,3,6,6,2,0,3,19,2,3,355,23,56,90/128 (70%),20/54 (37%),2/13 (15%),46%,11,32/63 (51%),10/29 (34%),6/13 (46%),64%,11,13,43,32,,1,-0.49,0,0,1,7
14065131,35,77333,NORMAL,REGULAR,Round 9,LEAGUE,2524,VfL Wolfsburg,Local,1ST,02/11/2025,9,1,41%,0.86,1,4,0,1,5,178,7,8,0,,2,0,1,1,2,2,1,0,1,,1,1,136,13,23,,4/23 (17%),0/5 (0%),48%,8,19/36 (53%),5/14 (36%),4/6 (67%),57%,7,11,24,18,,0,,,,,2
14065131,35,77333,NORMAL,REGULAR,Round 9,LEAGUE,2524,VfL Wolfsburg,Local,2ND,02/11/2025,9,1,55%,0.69,1,8,1,1,5,261,4,9,0,,4,0,2,2,4,4,1,0,2,,1,2,219,10,33,,16/31 (52%),2/8 (25%),43%,3,13/27 (48%),5/15 (33%),2/7 (29%),75%,4,2,19,14,,1,,,,,5
14065131,35,77333,NORMAL,REGULAR,Round 9,LEAGUE,2569,TSG Hoffenheim,Visita,ALL,02/11/2025,9,3,52%,1.23,3,10,4,2,17,468,18,10,2,,4,0,5,1,7,3,2,1,0,22,1,4,379,20,68,83/135 (61%),37/75 (49%),6/21 (29%),54%,9,31/63 (49%),19/29 (66%),3/5 (60%),67%,18,4,53,25,,4,-0.59,2,1,0,5
14065131,35,77333,NORMAL,REGULAR,Round 9,LEAGUE,2569,TSG Hoffenheim,Visita,1ST,02/11/2025,9,1,59%,0.34,1,3,1,2,8,261,10,5,1,,1,0,2,0,2,1,1,0,0,,0,2,208,13,32,,17/36 (47%),2/10 (20%),52%,5,17/36 (47%),9/14 (64%),2/4 (50%),60%,10,3,25,14,,1,,,,,1
14065131,35,77333,NORMAL,REGULAR,Round 9,LEAGUE,2569,TSG Hoffenheim,Visita,2ND,02/11/2025,9,2,45%,0.89,2,7,3,0,9,207,8,5,1,,3,0,3,1,5,2,1,1,0,,1,2,171,7,36,,20/39 (51%),4/11 (36%),57%,4,14/27 (52%),10/15 (67%),1/1 (100%),75%,8,1,28,11,,3,,,,,4
14065138,35,77333,NORMAL,REGULAR,Round 10,LEAGUE,2524,VfL Wolfsburg,Visita,ALL,07/11/2025,10,1,40%,0.57,1,7,5,3,8,405,7,13,0,,4,0,1,2,4,3,1,0,1,12,2,2,318,14,42,66/103 (64%),21/56 (38%),2/10 (20%),43%,11,23/52 (44%),10/25 (40%),3/7 (43%),86%,7,14,40,43,,5,0.55,3,0,1,12
14065138,35,77333,NORMAL,REGULAR,Round 10,LEAGUE,2524,VfL Wolfsburg,Visita,1ST,07/11/2025,10,1,47%,0.57,1,7,1,3,2,253,4,6,0,,4,0,1,2,4,3,1,0,1,,0,1,206,7,25,,9/26 (35%),2/5 (40%),50%,6,11/23 (48%),6/11 (55%),1/3 (33%),75%,4,10,24,15,,1,,,,,7
14065138,35,77333,NORMAL,REGULAR,Round 10,LEAGUE,2524,VfL Wolfsburg,Visita,2ND,07/11/2025,10,0,33%,0.00,0,0,4,0,6,152,3,7,0,,0,0,0,0,0,0,0,0,0,,2,1,112,7,17,,12/30 (40%),0/5 (0%),37%,5,12/29 (41%),4/14 (29%),2/4 (50%),100%,3,4,16,28,,4,,,,,5
14065138,35,77333,NORMAL,REGULAR,Round 10,LEAGUE,2534,SV Werder Bremen,Local,ALL,07/11/2025,10,2,60%,1.45,3,20,3,13,13,566,15,8,2,,7,0,7,6,14,6,2,1,1,28,1,2,490,25,69,169/208 (81%),28/46 (61%),12/48 (25%),57%,5,29/52 (56%),15/25 (60%),8/10 (80%),47%,15,8,47,21,,3,0.17,2,1,0,1
14065138,35,77333,NORMAL,REGULAR,Round 10,LEAGUE,2534,SV Werder Bremen,Local,1ST,07/11/2025,10,0,53%,0.18,0,5,3,5,6,277,8,2,0,,1,0,3,1,4,1,0,0,1,,0,2,237,11,36,,17/29 (59%),2/17 (12%),50%,4,12/23 (52%),5/11 (45%),2/2 (100%),63%,8,4,25,10,,3,,,,,1
14065138,35,77333,NORMAL,REGULAR,Round 10,LEAGUE,2534,SV Werder Bremen,Local,2ND,07/11/2025,10,2,67%,1.27,3,15,0,8,7,289,7,6,2,,6,0,4,5,10,5,2,1,0,,1,0,253,14,33,,11/17 (65%),10/31 (32%),63%,1,17/29 (59%),10/14 (71%),6/8 (75%),29%,7,4,22,11,,0,,,,,0
14065150,35,77333,NORMAL,REGULAR,Round 11,LEAGUE,2524,VfL Wolfsburg,Local,ALL,22/11/2025,11,1,38%,2.13,5,21,0,9,12,382,15,7,2,,10,0,8,3,14,7,1,4,0,30,0,1,318,17,45,76/102 (75%),15/39 (38%),9/27 (33%),46%,9,26/55 (47%),5/13 (38%),4/6 (67%),67%,15,7,44,12,0,0,-1.40,0,2,1,5
14065150,35,77333,NORMAL,REGULAR,Round 11,LEAGUE,2524,VfL Wolfsburg,Local,1ST,22/11/2025,11,0,36%,1.02,2,8,0,5,3,184,3,3,2,,3,0,4,1,7,1,0,2,0,,0,0,155,10,16,,9/21 (43%),4/13 (31%),39%,7,9/22 (41%),3/9 (33%),3/5 (60%),100%,3,2,22,4,,0,,,,,1
14065150,35,77333,NORMAL,REGULAR,Round 11,LEAGUE,2524,VfL Wolfsburg,Local,2ND,22/11/2025,11,1,40%,1.11,3,13,0,4,9,198,12,4,0,,7,0,4,2,7,6,1,2,0,,0,1,163,7,29,,6/18 (33%),5/14 (36%),51%,2,17/33 (52%),2/4 (50%),1/1 (100%),58%,12,5,22,8,,0,,,,,4
14065150,35,77333,NORMAL,REGULAR,Round 11,LEAGUE,2681,Bayer 04 Leverkusen,Visita,ALL,22/11/2025,11,3,62%,1.10,4,7,9,1,7,672,11,12,1,,3,1,4,0,3,4,3,1,1,18,2,0,603,17,36,82/99 (83%),37/60 (62%),1/10 (10%),54%,5,29/55 (53%),8/13 (62%),7/17 (41%),55%,11,4,43,26,4,9,2.06,2,1,0,12
14065150,35,77333,NORMAL,REGULAR,Round 11,LEAGUE,2681,Bayer 04 Leverkusen,Visita,1ST,22/11/2025,11,3,64%,0.62,3,3,3,1,3,354,9,3,0,,3,0,0,0,2,1,3,0,1,,0,0,327,5,18,,23/31 (74%),1/5 (20%),61%,1,13/22 (59%),6/9 (67%),1/3 (33%),56%,9,3,20,12,,3,,,,,5
14065150,35,77333,NORMAL,REGULAR,Round 11,LEAGUE,2681,Bayer 04 Leverkusen,Visita,2ND,22/11/2025,11,0,60%,0.48,1,4,6,0,4,318,2,9,1,,0,1,4,0,1,3,0,1,0,,2,0,276,12,18,,14/29 (48%),0/5 (0%),49%,4,16/33 (48%),2/4 (50%),6/14 (43%),50%,2,1,23,14,,6,,,,,7
14065157,35,77333,NORMAL,REGULAR,Round 12,LEAGUE,2524,VfL Wolfsburg,Visita,ALL,30/11/2025,12,1,46%,1.86,3,10,1,1,9,409,16,7,4,,3,0,4,3,7,3,1,2,,21,0,3,316,22,54,69/110 (63%),15/57 (26%),7/11 (64%),50%,9,25/55 (45%),21/37 (57%),2/10 (20%),63%,16,11,41,61,,1,0.08,1,4,1,11
14065157,35,77333,NORMAL,REGULAR,Round 12,LEAGUE,2524,VfL Wolfsburg,Visita,1ST,30/11/2025,12,0,44%,0.76,1,4,1,0,3,212,9,4,0,,0,0,3,1,3,1,0,1,,,0,1,168,14,22,,8/29 (28%),3/6 (50%),60%,4,15/27 (56%),11/16 (69%),2/4 (50%),44%,9,4,19,28,,1,,,,,4
14065157,35,77333,NORMAL,REGULAR,Round 12,LEAGUE,2524,VfL Wolfsburg,Visita,2ND,30/11/2025,12,1,47%,1.10,2,6,0,1,6,197,7,3,4,,3,0,1,2,4,2,1,1,,,0,2,148,8,32,,7/28 (25%),4/5 (80%),41%,5,10/28 (36%),10/21 (48%),0/6 (0%),86%,7,7,22,33,,0,,,,,7
14065157,35,77333,NORMAL,REGULAR,Round 12,LEAGUE,2674,Eintracht Frankfurt,Local,ALL,30/11/2025,12,1,54%,1.59,2,15,2,14,7,462,17,8,1,,3,0,5,7,7,8,1,1,,40,4,2,380,28,59,89/131 (68%),28/54 (52%),5/38 (13%),50%,10,30/55 (55%),16/37 (43%),6/12 (50%),47%,17,6,46,19,,2,-0.13,0,0,0,7
14065157,35,77333,NORMAL,REGULAR,Round 12,LEAGUE,2674,Eintracht Frankfurt,Local,1ST,30/11/2025,12,0,56%,0.51,1,8,0,9,4,257,6,3,0,,2,0,3,3,4,4,0,1,,,1,1,221,11,28,,15/25 (60%),0/17 (0%),40%,5,12/27 (44%),5/16 (31%),3/7 (43%),67%,6,2,25,11,,0,,,,,3
14065157,35,77333,NORMAL,REGULAR,Round 12,LEAGUE,2674,Eintracht Frankfurt,Local,2ND,30/11/2025,12,1,53%,1.08,1,7,2,5,3,205,11,5,1,,1,0,2,4,3,4,1,0,,,3,1,159,17,31,,13/29 (45%),5/21 (24%),59%,5,18/28 (64%),11/21 (52%),3/5 (60%),36%,11,4,21,8,,2,,,,,4
14065170,35,77333,NORMAL,REGULAR,Round 13,LEAGUE,2524,VfL Wolfsburg,Local,ALL,06/12/2025,13,3,43%,0.81,1,4,5,0,13,376,14,10,4,,3,0,0,1,3,1,1,0,2,9,1,1,279,18,48,34/73 (47%),24/67 (36%),0/3 (0%),42%,7,25/57 (44%),19/48 (40%),2/8 (25%),50%,14,7,44,52,,5,1.40,2,1,1,12
14065170,35,77333,NORMAL,REGULAR,Round 13,LEAGUE,2524,VfL Wolfsburg,Local,1ST,06/12/2025,13,2,53%,0.49,0,2,2,0,8,266,9,4,2,,2,0,0,0,2,0,0,0,0,,1,0,211,8,25,,12/35 (34%),0/3 (0%),45%,0,13/27 (48%),9/22 (41%),0/3 (0%),44%,9,4,21,21,,2,,,,,7
14065170,35,77333,NORMAL,REGULAR,Round 13,LEAGUE,2524,VfL Wolfsburg,Local,2ND,06/12/2025,13,1,29%,0.32,1,2,3,0,5,110,5,6,2,,1,0,0,1,1,1,1,0,2,,0,1,68,10,23,,12/32 (38%),0/0 (0%),39%,7,12/30 (40%),10/26 (38%),2/5 (40%),60%,5,3,23,31,,3,,,,,5
14065170,35,77333,NORMAL,REGULAR,Round 13,LEAGUE,2547,1. FC Union Berlin,Visita,ALL,06/12/2025,13,1,57%,1.92,3,21,0,11,10,460,13,12,1,,6,1,12,3,17,4,0,3,0,46,4,1,363,29,76,119/171 (70%),35/74 (47%),13/44 (30%),58%,8,32/57 (56%),29/48 (60%),7/13 (54%),54%,13,8,55,16,,0,-1.24,0,1,0,2
14065170,35,77333,NORMAL,REGULAR,Round 13,LEAGUE,2547,1. FC Union Berlin,Visita,1ST,06/12/2025,13,0,47%,0.70,2,8,0,3,4,216,3,8,0,,2,1,6,0,5,3,0,2,0,,2,0,161,17,33,,20/40 (50%),5/20 (25%),55%,4,14/27 (52%),13/22 (59%),3/8 (38%),33%,3,7,25,8,,0,,,,,0
14065170,35,77333,NORMAL,REGULAR,Round 13,LEAGUE,2547,1. FC Union Berlin,Visita,2ND,06/12/2025,13,1,71%,1.22,1,13,0,8,6,244,10,4,1,,4,0,6,3,12,1,0,1,0,,2,1,202,12,43,,15/34 (44%),8/24 (33%),61%,4,18/30 (60%),16/26 (62%),4/5 (80%),60%,10,1,30,8,,0,,,,,2
14065178,35,77333,NORMAL,REGULAR,Round 25,LEAGUE,2524,VfL Wolfsburg,Local,ALL,07/03/2026,25,1,52%,2.20,4,14,5,7,18,391,11,5,3,1,4,1,7,3,10,4,1,3,2,28,3,3,280,28,68,73/129 (57%),20/65 (31%),7/24 (29%),43%,7,25/61 (41%),25/54 (46%),8/16 (50%),45%,11,8,40,28,0,5,0.43,3,,0,8
14065178,35,77333,NORMAL,REGULAR,Round 25,LEAGUE,2524,VfL Wolfsburg,Local,1ST,07/03/2026,25,1,44%,1.43,2,6,3,1,9,172,5,4,2,0,3,0,3,0,4,2,1,1,2,,3,2,122,11,26,,4/29 (14%),2/6 (33%),41%,4,14/34 (41%),6/15 (40%),4/7 (57%),0%,5,4,22,17,,3,,,,,4
14065178,35,77333,NORMAL,REGULAR,Round 25,LEAGUE,2524,VfL Wolfsburg,Local,2ND,07/03/2026,25,0,59%,0.77,2,8,2,6,9,219,6,1,1,1,1,1,4,3,6,2,0,2,0,,0,1,158,17,42,,16/36 (44%),5/18 (28%),45%,3,11/27 (41%),19/39 (49%),4/9 (44%),83%,6,4,18,11,,2,,,,,4
14065178,35,77333,NORMAL,REGULAR,Round 25,LEAGUE,2676,Hamburger SV,Visita,ALL,07/03/2026,25,2,48%,1.82,2,10,3,3,6,374,15,16,3,0,7,0,2,1,5,5,2,0,0,13,5,3,267,22,55,48/87 (55%),23/70 (33%),2/14 (14%),57%,6,36/61 (59%),29/54 (54%),5/10 (50%),80%,15,11,45,38,3,3,0.31,0,,2,11
14065178,35,77333,NORMAL,REGULAR,Round 25,LEAGUE,2676,Hamburger SV,Visita,1ST,07/03/2026,25,1,56%,0.88,1,5,2,0,5,217,7,8,1,0,4,0,1,0,2,3,1,0,0,,3,1,160,10,30,,11/36 (31%),1/6 (0%),59%,2,20/34 (59%),9/15 (60%),4/7 (57%),86%,7,3,23,9,,2,,,,,6
14065178,35,77333,NORMAL,REGULAR,Round 25,LEAGUE,2676,Hamburger SV,Visita,2ND,07/03/2026,25,1,41%,0.94,1,5,1,3,1,157,8,8,2,0,3,0,1,1,3,2,1,0,0,,2,2,107,12,25,,12/34 (35%),2/8 (25%),55%,4,16/27 (59%),20/39 (51%),1/3 (33%),75%,8,8,22,29,,1,,,,,5
14065191,35,77333,NORMAL,REGULAR,Round 26,LEAGUE,2524,VfL Wolfsburg,Visita,ALL,14/03/2026,26,1,31%,0.27,1,4,5,4,10,267,22,10,3,,2,0,2,0,3,1,1,0,,11,0,1,160,25,53,41/94 (44%),10/55 (18%),1/6 (17%),46%,2,35/67 (52%),19/50 (38%),3/16 (19%),64%,22,9,52,52,,5,1.10,1,1,3,11
14065191,35,77333,NORMAL,REGULAR,Round 26,LEAGUE,2524,VfL Wolfsburg,Visita,1ST,14/03/2026,26,0,30%,0.05,0,1,3,1,4,131,12,3,0,,0,0,1,0,1,1,0,0,,,0,1,81,12,19,,4/20 (20%),1/1 (100%),45%,1,17/29 (59%),3/15 (20%),2/7 (29%),67%,12,5,27,20,,3,,,,,5
14065191,35,77333,NORMAL,REGULAR,Round 26,LEAGUE,2524,VfL Wolfsburg,Visita,2ND,14/03/2026,26,1,33%,0.22,1,3,2,3,6,136,10,7,3,,2,0,1,0,3,0,1,0,,,0,0,79,13,34,,6/35 (17%),1/5 (0%),47%,1,18/38 (47%),16/35 (46%),1/9 (11%),60%,10,4,25,32,,2,,,,,6
14065191,35,77333,NORMAL,REGULAR,Round 26,LEAGUE,2569,TSG Hoffenheim,Local,ALL,14/03/2026,26,1,69%,1.78,2,21,1,16,10,548,15,10,0,,6,1,9,6,13,8,1,2,,41,2,2,447,25,73,125/174 (72%),31/60 (52%),17/47 (36%),54%,11,32/67 (48%),31/50 (62%),8/19 (42%),67%,15,7,56,22,,1,-0.15,0,0,1,5
14065191,35,77333,NORMAL,REGULAR,Round 26,LEAGUE,2569,TSG Hoffenheim,Local,1ST,14/03/2026,26,0,70%,0.97,1,10,0,8,3,295,6,4,0,,3,0,3,4,7,3,0,1,,,1,1,244,17,37,,15/24 (63%),10/18 (56%),55%,6,12/29 (41%),12/15 (80%),3/9 (33%),67%,6,3,26,9,,0,,,,,3
14065191,35,77333,NORMAL,REGULAR,Round 26,LEAGUE,2569,TSG Hoffenheim,Local,2ND,14/03/2026,26,1,67%,0.80,1,11,1,8,7,253,9,6,0,,3,1,6,2,6,5,1,1,,,1,1,203,8,36,,16/36 (44%),7/29 (24%),53%,5,20/38 (53%),19/35 (54%),5/10 (50%),67%,9,4,30,13,,1,,,,,2
14065199,35,77333,NORMAL,REGULAR,Round 27,LEAGUE,2524,VfL Wolfsburg,Local,ALL,21/03/2026,27,0,57%,1.06,2,11,2,8,16,516,22,6,3,1,4,1,3,4,7,4,,2,,24,3,1,428,19,69,116/172 (67%),17/50 (34%),3/23 (13%),55%,6,41/73 (56%),12/24 (50%),13/22 (59%),73%,22,5,55,18,,2,-0.06,0,0,1,5
14065199,35,77333,NORMAL,REGULAR,Round 27,LEAGUE,2524,VfL Wolfsburg,Local,1ST,21/03/2026,27,0,60%,0.31,1,4,2,5,8,293,10,3,1,0,3,1,0,1,2,2,,1,,,1,0,250,10,40,,7/20 (35%),2/11 (18%),44%,4,14/32 (44%),3/7 (43%),1/6 (17%),80%,10,3,25,3,,2,,,,,4
14065199,35,77333,NORMAL,REGULAR,Round 27,LEAGUE,2524,VfL Wolfsburg,Local,2ND,21/03/2026,27,0,53%,0.75,1,7,0,3,8,223,12,3,2,1,1,0,3,3,5,2,,1,,,2,1,178,9,29,,10/30 (33%),1/12 (8%),62%,2,27/41 (66%),9/17 (53%),12/16 (75%),67%,12,2,30,15,,0,,,,,1
14065199,35,77333,NORMAL,REGULAR,Round 27,LEAGUE,2534,SV Werder Bremen,Visita,ALL,21/03/2026,27,1,43%,0.38,0,8,4,4,6,404,15,16,0,0,3,0,3,2,5,3,,0,,14,2,4,322,17,49,66/100 (66%),29/73 (40%),3/9 (33%),45%,7,32/73 (44%),12/24 (50%),5/20 (25%),47%,15,9,54,40,,4,0.76,1,3,3,8
14065199,35,77333,NORMAL,REGULAR,Round 27,LEAGUE,2534,SV Werder Bremen,Visita,1ST,21/03/2026,27,0,40%,0.25,0,5,3,1,3,203,9,8,0,0,2,0,2,1,3,2,,0,,,2,1,172,3,19,,13/29 (45%),1/2 (50%),56%,3,18/32 (56%),4/7 (57%),2/9 (22%),56%,9,4,28,25,,3,,,,,3
14065199,35,77333,NORMAL,REGULAR,Round 27,LEAGUE,2534,SV Werder Bremen,Visita,2ND,21/03/2026,27,1,47%,0.13,0,3,1,3,3,201,6,8,0,0,1,0,1,1,2,1,,0,,,0,3,150,14,30,,16/44 (36%),2/7 (29%),38%,4,14/41 (34%),8/17 (47%),3/11 (27%),33%,6,5,26,15,,1,,,,,5
14065203,35,77333,NORMAL,REGULAR,Round 28,LEAGUE,2524,VfL Wolfsburg,Visita,ALL,04/04/2026,28,3,31%,2.01,5,11,5,2,11,283,19,7,3,,5,0,5,1,7,4,2,3,2,11,2,1,214,9,48,52/85 (61%),23/50 (46%),1/6 (17%),51%,3,29/58 (50%),17/33 (52%),2/10 (20%),68%,19,11,47,46,,5,-1.46,1,1,2,8
14065203,35,77333,NORMAL,REGULAR,Round 28,LEAGUE,2524,VfL Wolfsburg,Visita,1ST,04/04/2026,28,3,35%,1.34,4,6,1,1,5,165,10,5,1,,3,0,3,0,4,2,2,2,1,,2,0,129,3,25,,15/27 (56%),0/1 (0%),55%,3,17/32 (53%),9/15 (60%),1/6 (17%),80%,10,5,24,13,,1,,,,,6
14065203,35,77333,NORMAL,REGULAR,Round 28,LEAGUE,2524,VfL Wolfsburg,Visita,2ND,04/04/2026,28,0,26%,0.67,1,5,4,1,6,118,9,2,2,,2,0,2,1,3,2,0,1,1,,0,1,85,6,23,,8/23 (35%),1/5 (20%),45%,1,12/26 (46%),8/18 (44%),1/4 (25%),56%,9,6,23,33,,4,,,,,2
14065203,35,77333,NORMAL,REGULAR,Round 28,LEAGUE,2681,Bayer 04 Leverkusen,Local,ALL,04/04/2026,28,6,69%,4.52,5,25,2,12,8,623,11,9,1,,11,1,10,4,17,8,3,2,2,49,5,2,541,22,69,206/251 (82%),20/45 (44%),7/30 (23%),49%,13,29/58 (50%),16/33 (48%),8/14 (57%),73%,11,2,49,10,,2,-0.90,0,0,0,6
14065203,35,77333,NORMAL,REGULAR,Round 28,LEAGUE,2681,Bayer 04 Leverkusen,Local,1ST,04/04/2026,28,2,65%,1.65,2,9,0,3,6,296,8,4,1,,3,0,5,1,6,3,1,1,0,,3,1,254,14,42,,8/22 (36%),4/10 (40%),45%,8,15/32 (47%),6/15 (40%),3/5 (60%),63%,8,1,22,2,,0,,,,,3
14065203,35,77333,NORMAL,REGULAR,Round 28,LEAGUE,2681,Bayer 04 Leverkusen,Local,2ND,04/04/2026,28,4,74%,2.87,3,16,2,9,2,327,3,5,0,,8,1,5,3,11,5,2,1,2,,2,1,287,8,27,,12/23 (52%),3/20 (15%),55%,5,14/26 (54%),10/18 (56%),5/9 (56%),100%,3,1,27,8,,2,,,,,3
14065216,35,77333,NORMAL,REGULAR,Round 29,LEAGUE,2524,VfL Wolfsburg,Local,ALL,11/04/2026,29,1,51%,2.33,6,22,2,7,9,445,10,8,2,,7,0,9,6,13,9,1,5,1,27,3,1,353,27,57,91/133 (68%),24/49 (49%),6/30 (20%),45%,11,23/54 (43%),12/23 (52%),7/11 (64%),50%,10,11,43,19,0,2,-0.30,1,,,5
14065216,35,77333,NORMAL,REGULAR,Round 29,LEAGUE,2524,VfL Wolfsburg,Local,1ST,11/04/2026,29,0,44%,0.22,1,3,2,2,3,210,4,2,1,,2,0,0,1,2,1,0,1,0,,1,0,159,12,21,,13/29 (45%),0/11 (0%),37%,4,8/22 (36%),3/8 (38%),3/4 (75%),50%,4,7,21,9,,2,,,,,3
14065216,35,77333,NORMAL,REGULAR,Round 29,LEAGUE,2524,VfL Wolfsburg,Local,2ND,11/04/2026,29,1,58%,2.11,5,19,0,5,6,235,6,6,1,,5,0,9,5,11,8,1,4,1,,2,1,194,15,36,,11/20 (55%),6/19 (32%),51%,7,15/32 (47%),9/15 (60%),4/7 (57%),50%,6,4,22,10,,0,,,,,2
14065216,35,77333,NORMAL,REGULAR,Round 29,LEAGUE,2674,Eintracht Frankfurt,Visita,ALL,11/04/2026,29,2,49%,1.29,3,10,6,7,8,450,15,9,1,,4,0,2,4,6,4,1,2,1,21,1,2,349,21,53,88/132 (67%),25/66 (38%),5/12 (42%),55%,6,31/54 (57%),11/23 (48%),7/11 (64%),60%,15,15,45,38,2,6,0.36,1,,,12
14065216,35,77333,NORMAL,REGULAR,Round 29,LEAGUE,2674,Eintracht Frankfurt,Visita,1ST,11/04/2026,29,2,56%,1.02,3,5,2,3,2,275,5,3,0,,4,0,0,1,3,2,1,2,1,,0,1,228,14,27,,12/28 (43%),3/7 (43%),63%,2,14/22 (64%),5/8 (63%),6/8 (75%),40%,5,9,25,13,,2,,,,,2
14065216,35,77333,NORMAL,REGULAR,Round 29,LEAGUE,2674,Eintracht Frankfurt,Visita,2ND,11/04/2026,29,0,42%,0.28,0,5,4,4,6,175,10,6,1,,0,0,2,3,3,2,0,0,0,,1,1,121,7,26,,13/38 (34%),2/5 (40%),49%,4,17/32 (53%),6/15 (40%),1/3 (33%),70%,10,6,20,25,,4,,,,,10
14065225,35,77333,NORMAL,REGULAR,Round 30,LEAGUE,2524,VfL Wolfsburg,Visita,ALL,18/04/2026,30,2,46%,0.19,0,5,6,4,15,399,20,13,1,,4,0,1,0,3,2,0,0,0,10,1,1,286,15,58,37/91 (41%),24/74 (32%),1/10 (10%),50%,3,39/66 (59%),23/58 (40%),8/12 (67%),50%,20,8,40,55,,6,-0.06,1,0,2,12
14065225,35,77333,NORMAL,REGULAR,Round 30,LEAGUE,2524,VfL Wolfsburg,Visita,1ST,18/04/2026,30,1,57%,0.12,0,3,2,4,6,260,10,4,0,,3,0,0,0,2,1,0,0,0,,0,0,204,9,32,,14/33 (42%),1/9 (11%),53%,3,18/28 (64%),7/19 (37%),4/5 (80%),50%,10,3,17,20,,2,,,,,8
14065225,35,77333,NORMAL,REGULAR,Round 30,LEAGUE,2524,VfL Wolfsburg,Visita,2ND,18/04/2026,30,1,35%,0.07,0,2,4,0,9,139,10,9,1,,1,0,1,0,1,1,0,0,0,,1,1,82,6,26,,10/41 (24%),0/1 (0%),48%,1,21/38 (55%),16/39 (41%),4/7 (57%),50%,10,5,23,35,,4,,,,,4
14065225,35,77333,NORMAL,REGULAR,Round 30,LEAGUE,2547,1. FC Union Berlin,Local,ALL,18/04/2026,30,1,54%,1.79,3,25,2,11,13,433,7,15,1,,7,1,13,5,17,8,1,2,1,46,3,0,331,27,84,95/146 (65%),43/78 (55%),12/39 (31%),50%,11,27/66 (41%),35/58 (60%),6/15 (40%),71%,7,10,48,28,,2,-1.05,1,1,1,3
14065225,35,77333,NORMAL,REGULAR,Round 30,LEAGUE,2547,1. FC Union Berlin,Local,1ST,18/04/2026,30,0,43%,0.46,1,8,2,3,4,193,4,6,0,,2,0,6,0,6,2,0,1,0,,1,0,147,13,36,,15/30 (50%),4/12 (33%),47%,7,10/28 (36%),12/19 (63%),0/3 (0%),50%,4,6,23,18,,2,,,,,1
14065225,35,77333,NORMAL,REGULAR,Round 30,LEAGUE,2547,1. FC Union Berlin,Local,2ND,18/04/2026,30,1,65%,1.32,2,17,0,8,9,240,3,9,1,,5,1,7,5,11,6,1,1,1,,2,0,184,14,48,,28/48 (58%),8/27 (30%),52%,4,17/38 (45%),23/39 (59%),6/12 (50%),100%,3,4,25,10,,0,,,,,2
14065233,35,77333,NORMAL,REGULAR,Round 31,LEAGUE,2524,VfL Wolfsburg,Local,ALL,25/04/2026,31,0,44%,1.47,2,12,2,8,11,394,12,5,1,0,4,0,5,3,8,4,,2,1,31,2,1,303,13,47,89/127 (70%),20/49 (41%),5/24 (21%),50%,9,26/54 (48%),12/22 (55%),9/12 (75%),50%,12,10,45,22,1,2,0.62,2,0,1,13
14065233,35,77333,NORMAL,REGULAR,Round 31,LEAGUE,2524,VfL Wolfsburg,Local,1ST,25/04/2026,31,0,39%,0.55,1,4,2,3,6,170,4,2,0,0,2,0,1,1,3,1,,1,1,,0,1,125,4,24,,9/27 (33%),2/8 (25%),42%,2,6/18 (33%),5/8 (63%),1/1 (100%),50%,4,6,22,18,,2,,,,,10
14065233,35,77333,NORMAL,REGULAR,Round 31,LEAGUE,2524,VfL Wolfsburg,Local,2ND,25/04/2026,31,0,48%,0.91,2,8,0,5,5,224,8,3,1,0,2,0,4,2,5,3,,2,0,,2,0,178,9,23,,11/22 (50%),3/16 (19%),54%,7,20/36 (56%),7/14 (50%),9/11 (82%),50%,8,4,23,4,,0,,,,,3
14065233,35,77333,NORMAL,REGULAR,Round 31,LEAGUE,2527,Borussia M'gladbach,Visita,ALL,25/04/2026,31,0,56%,0.51,0,10,4,5,5,523,12,11,3,1,2,1,7,1,6,4,,0,0,20,0,4,442,13,50,88/125 (70%),18/53 (34%),2/20 (10%),50%,6,28/54 (52%),10/22 (45%),6/12 (50%),50%,12,8,49,29,0,4,1.31,1,1,2,11
14065233,35,77333,NORMAL,REGULAR,Round 31,LEAGUE,2527,Borussia M'gladbach,Visita,1ST,25/04/2026,31,0,61%,0.45,0,8,2,5,2,265,3,6,0,0,2,0,5,1,5,3,,0,0,,0,2,225,6,25,,11/26 (42%),1/13 (0%),58%,2,12/18 (67%),3/8 (38%),4/6 (67%),67%,3,6,27,11,,2,,,,,4
14065233,35,77333,NORMAL,REGULAR,Round 31,LEAGUE,2527,Borussia M'gladbach,Visita,2ND,25/04/2026,31,0,52%,0.06,0,2,2,0,3,258,9,5,3,1,0,1,2,0,1,1,,0,0,,0,2,217,7,25,,7/27 (26%),2/7 (29%),46%,4,16/36 (44%),7/14 (50%),2/6 (33%),44%,9,2,22,18,,2,,,,,7
14065240,35,77333,NORMAL,REGULAR,Round 32,LEAGUE,2524,VfL Wolfsburg,Visita,ALL,03/05/2026,32,1,37%,0.82,1,13,2,7,11,287,25,5,1,,4,1,7,2,6,7,,1,1,14,1,1,201,23,52,65/110 (59%),19/64 (30%),4/19 (21%),49%,6,35/64 (55%),10/27 (37%),5/11 (45%),48%,25,7,45,25,0,2,-0.02,0,,0,10
14065240,35,77333,NORMAL,REGULAR,Round 32,LEAGUE,2524,VfL Wolfsburg,Visita,1ST,03/05/2026,32,0,36%,0.25,0,5,1,0,7,141,16,3,0,,1,1,3,1,2,3,,0,1,,1,1,100,12,18,,11/32 (34%),2/7 (29%),60%,0,20/32 (63%),7/13 (54%),1/2 (50%),44%,16,2,24,15,,1,,,,,3
14065240,35,77333,NORMAL,REGULAR,Round 32,LEAGUE,2524,VfL Wolfsburg,Visita,2ND,03/05/2026,32,1,38%,0.58,1,8,1,7,4,146,9,2,1,,3,0,4,1,4,4,,1,0,,0,0,101,11,34,,8/32 (25%),2/12 (17%),39%,6,15/32 (47%),3/14 (21%),4/9 (44%),56%,9,5,21,10,,1,,,,,7
14065240,35,77333,NORMAL,REGULAR,Round 32,LEAGUE,2538,SC Freiburg,Local,ALL,03/05/2026,32,1,63%,0.94,1,11,3,1,5,501,12,11,1,,3,0,5,3,8,3,,1,0,26,1,2,422,32,47,84/114 (74%),29/53 (55%),7/18 (39%),51%,15,29/64 (45%),17/27 (63%),6/16 (38%),50%,12,5,47,32,1,3,0.31,1,,1,9
14065240,35,77333,NORMAL,REGULAR,Round 32,LEAGUE,2538,SC Freiburg,Local,1ST,03/05/2026,32,0,64%,0.30,0,5,1,0,3,257,1,7,0,,1,0,1,3,2,3,,0,0,,1,2,224,13,30,,14/24 (58%),1/8 (13%),40%,11,12/32 (38%),6/13 (46%),4/9 (44%),100%,1,1,26,13,,1,,,,,4
14065240,35,77333,NORMAL,REGULAR,Round 32,LEAGUE,2538,SC Freiburg,Local,2ND,03/05/2026,32,1,62%,0.64,1,6,2,1,2,244,11,4,1,,2,0,4,0,6,0,,1,0,,0,0,198,19,17,,15/29 (52%),6/10 (60%),61%,4,17/32 (53%),11/14 (79%),2/7 (29%),45%,11,4,21,19,,2,,,,,5
14065251,35,77333,NORMAL,REGULAR,Round 33,LEAGUE,2524,VfL Wolfsburg,Local,ALL,09/05/2026,33,0,31%,3.04,4,17,8,6,8,334,22,5,1,,5,1,7,5,14,3,,4,0,30,1,2,257,12,47,84/109 (77%),23/53 (43%),8/19 (42%),45%,7,33/72 (46%),5/13 (38%),6/22 (27%),64%,22,13,63,30,,8,0.30,1,0,,6
14065251,35,77333,NORMAL,REGULAR,Round 33,LEAGUE,2524,VfL Wolfsburg,Local,1ST,09/05/2026,33,0,31%,2.40,3,15,1,4,6,152,13,3,0,,5,0,5,5,13,2,,3,0,,1,2,116,6,22,,11/27 (41%),7/10 (70%),57%,3,22/40 (55%),4/6 (67%),6/10 (60%),69%,13,3,29,9,,1,,,,,3
14065251,35,77333,NORMAL,REGULAR,Round 33,LEAGUE,2524,VfL Wolfsburg,Local,2ND,09/05/2026,33,0,32%,0.64,1,2,7,2,2,182,9,2,1,,0,1,2,0,1,1,,1,0,,0,0,141,6,25,,12/26 (46%),1/9 (11%),31%,4,11/32 (34%),1/7 (14%),1/12 (8%),56%,9,10,34,21,,7,,,,,3
14065251,35,77333,NORMAL,REGULAR,Round 33,LEAGUE,2672,FC Bayern München,Visita,ALL,09/05/2026,33,1,69%,1.85,4,16,5,3,5,771,23,7,0,,9,1,5,2,9,7,,4,2,44,2,4,690,21,99,280/332 (84%),31/51 (61%),4/10 (40%),55%,16,39/72 (54%),8/13 (62%),8/14 (57%),52%,23,10,58,13,,5,1.62,2,1,,6
14065251,35,77333,NORMAL,REGULAR,Round 33,LEAGUE,2672,FC Bayern München,Visita,1ST,09/05/2026,33,0,69%,0.95,2,5,5,2,3,367,7,5,0,,1,1,4,0,3,2,,2,1,,2,2,331,11,56,,12/23 (52%),0/3 (0%),43%,9,18/40 (45%),2/6 (33%),5/9 (56%),43%,7,7,24,6,,5,,,,,3
14065251,35,77333,NORMAL,REGULAR,Round 33,LEAGUE,2672,FC Bayern München,Visita,2ND,09/05/2026,33,1,68%,0.90,2,11,0,1,2,404,16,2,0,,8,0,1,2,6,5,,2,1,,0,2,359,10,43,,19/28 (68%),4/7 (57%),69%,7,21/32 (66%),6/7 (86%),3/5 (60%),56%,16,3,34,7,,0,,,,,3
14065563,35,77333,NORMAL,REGULAR,Round 34,LEAGUE,2524,VfL Wolfsburg,Visita,ALL,16/05/2026,34,3,56%,3.50,7,19,1,9,9,444,16,5,3,,10,3,4,5,17,2,2,5,1,24,2,1,349,30,75,78/130 (60%),26/71 (37%),4/15 (27%),52%,9,28/58 (48%),27/48 (56%),7/14 (50%),44%,16,11,39,42,,1,-0.45,0,1,1,8
14065563,35,77333,NORMAL,REGULAR,Round 34,LEAGUE,2524,VfL Wolfsburg,Visita,1ST,16/05/2026,34,1,57%,1.53,4,9,1,4,6,227,5,1,2,,6,2,2,1,8,1,1,3,1,,1,0,178,14,34,,12/38 (32%),3/8 (38%),58%,3,10/21 (48%),16/24 (67%),4/7 (57%),40%,5,6,17,20,,1,,,,,4
14065563,35,77333,NORMAL,REGULAR,Round 34,LEAGUE,2524,VfL Wolfsburg,Visita,2ND,16/05/2026,34,2,54%,1.98,3,10,0,5,3,217,11,4,1,,4,1,2,4,9,1,1,2,0,,1,1,171,16,41,,14/33 (42%),1/7 (14%),48%,6,18/37 (49%),11/24 (46%),3/7 (43%),45%,11,5,22,22,,0,,,,,4
14065563,35,77333,NORMAL,REGULAR,Round 34,LEAGUE,2526,FC St. Pauli,Local,ALL,16/05/2026,34,1,44%,1.48,3,11,8,8,6,343,16,9,2,,2,1,5,4,7,4,1,2,0,16,1,2,245,21,61,59/112 (53%),21/56 (38%),5/22 (23%),48%,12,30/58 (52%),21/48 (44%),8/12 (67%),69%,16,13,44,39,,8,0.66,2,0,1,6
14065563,35,77333,NORMAL,REGULAR,Round 34,LEAGUE,2526,FC St. Pauli,Local,1ST,16/05/2026,34,0,43%,0.85,1,5,5,4,1,166,6,6,0,,1,1,3,1,2,3,0,1,0,,1,0,110,12,31,,8/24 (33%),2/11 (18%),42%,2,11/21 (52%),8/24 (33%),2/5 (40%),67%,6,4,20,24,,5,,,,,2
14065563,35,77333,NORMAL,REGULAR,Round 34,LEAGUE,2526,FC St. Pauli,Local,2ND,16/05/2026,34,1,46%,0.64,2,6,3,4,5,177,10,3,2,,1,0,2,3,5,1,1,1,0,,0,2,135,9,30,,13/32 (41%),3/11 (27%),52%,10,19/37 (51%),13/24 (54%),6/7 (86%),70%,10,9,24,15,,3,,,,,4
14585928,217,76910,NORMAL,REGULAR,Round 2,CUP,2524,VfL Wolfsburg,Local,ALL,28/10/2025,2,0,50%,0.00,1,14,2,5,15,462,18,14,7,1,2,0,8,4,5,9,0,1,0,20,6,4,387,22,61,92/131 (70%),37/65 (57%),4/13 (31%),52%,8,37/73 (51%),18/32 (56%),7/12 (58%),72%,18,8,42,22,0,2,,,0,,7
14585928,217,76910,NORMAL,REGULAR,Round 2,CUP,2524,VfL Wolfsburg,Local,1ST,28/10/2025,2,0,49%,0.00,0,5,1,0,9,226,10,5,5,1,1,0,3,1,3,2,0,0,0,,2,1,198,6,27,,28/39 (72%),0/5 (0%),50%,3,18/35 (51%),7/15 (47%),3/4 (75%),70%,10,3,17,12,,1,,,,,6
14585928,217,76910,NORMAL,REGULAR,Round 2,CUP,2524,VfL Wolfsburg,Local,2ND,28/10/2025,2,0,52%,0.00,1,9,1,5,6,236,8,9,2,0,1,0,5,3,2,7,0,1,0,,4,3,189,16,34,,9/26 (35%),4/8 (50%),55%,5,19/38 (50%),11/17 (65%),4/8 (50%),75%,8,5,25,10,,1,,,,,1
14585928,217,76910,NORMAL,REGULAR,Round 2,CUP,2573,Holstein Kiel,Visita,ALL,28/10/2025,2,1,50%,0.00,2,13,2,4,14,448,13,14,3,0,3,0,7,3,10,3,1,1,1,30,4,1,381,19,38,69/91 (76%),20/41 (49%),5/19 (26%),48%,10,36/73 (49%),14/32 (44%),8/16 (50%),62%,13,6,45,18,1,2,,,1,,9
14585928,217,76910,NORMAL,REGULAR,Round 2,CUP,2573,Holstein Kiel,Visita,1ST,28/10/2025,2,1,51%,0.00,1,10,1,2,5,227,4,8,2,0,2,0,6,2,8,2,1,0,1,,4,1,200,12,17,,9/19 (47%),5/11 (45%),50%,6,17/35 (49%),8/15 (53%),4/8 (50%),50%,4,4,18,5,,1,,,,,4
14585928,217,76910,NORMAL,REGULAR,Round 2,CUP,2573,Holstein Kiel,Visita,2ND,28/10/2025,2,0,48%,0.00,1,3,1,2,9,221,9,6,1,0,1,0,1,1,2,1,0,1,0,,0,0,181,7,21,,11/22 (50%),0/8 (0%),45%,4,19/38 (50%),6/17 (35%),4/8 (50%),67%,9,2,27,13,,1,,,,,5
16163439,35,77333,NORMAL,FINAL,Final,LEAGUE,2524,VfL Wolfsburg,Local,ALL,21/05/2026,29,0,63%,0.00,1,17,1,4,12,599,16,16,1,0,6,0,8,3,7,10,,1,2,24,3,1,512,29,82,134/180 (74%),31/51 (61%),2/15 (13%),50%,9,44/83 (53%),10/26 (38%),13/27 (48%),63%,16,11,50,13,,1,,0,1,0,5
16163439,35,77333,NORMAL,FINAL,Final,LEAGUE,2524,VfL Wolfsburg,Local,1ST,21/05/2026,29,0,56%,0.00,1,8,1,2,7,299,2,5,0,0,2,0,4,2,4,4,,1,2,,0,0,259,12,42,,15/24 (63%),0/4 (0%),49%,2,12/27 (44%),6/10 (60%),6/11 (55%),100%,2,3,24,7,,1,,,,,4
16163439,35,77333,NORMAL,FINAL,Final,LEAGUE,2524,VfL Wolfsburg,Local,2ND,21/05/2026,29,0,71%,0.00,0,9,0,2,5,300,14,11,1,0,4,0,4,1,3,6,,0,0,,3,1,253,17,40,,16/27 (59%),2/11 (18%),50%,7,32/56 (57%),4/16 (25%),7/16 (44%),57%,14,8,26,6,,0,,,,,1
16163439,35,77333,NORMAL,FINAL,Final,LEAGUE,2561,SC Paderborn 07,Visita,ALL,21/05/2026,29,0,37%,0.00,0,2,7,1,16,344,23,12,4,1,1,0,0,1,2,0,,0,0,13,0,0,261,15,31,33/64 (52%),25/48 (52%),3/13 (23%),50%,9,39/83 (47%),16/26 (62%),5/12 (42%),65%,23,11,50,23,,7,,1,0,1,11
16163439,35,77333,NORMAL,FINAL,Final,LEAGUE,2561,SC Paderborn 07,Visita,1ST,21/05/2026,29,0,44%,0.00,0,1,3,1,5,220,7,7,1,0,1,0,0,1,1,0,,0,0,,0,0,187,5,11,,16/28 (57%),2/12 (17%),51%,2,15/27 (56%),4/10 (40%),1/1 (100%),71%,7,2,23,9,,3,,,,,6
16163439,35,77333,NORMAL,FINAL,Final,LEAGUE,2561,SC Paderborn 07,Visita,2ND,21/05/2026,29,0,29%,0.00,0,1,4,0,11,124,16,5,3,1,0,0,0,1,1,0,,0,0,,0,0,74,10,20,,9/20 (45%),1/1 (100%),50%,7,24/56 (43%),12/16 (75%),4/11 (36%),63%,16,9,27,14,,4,,,,,5
16163444,35,77333,NORMAL,FINAL,Final,LEAGUE,2524,VfL Wolfsburg,Visita,ALL,25/05/2026,29,1,33%,0.00,0,8,6,2,9,335,15,12,6,1,3,0,4,1,5,3,0,0,,14,2,1,247,26,78,66/120 (55%),38/89 (43%),4/17 (24%),50%,3,29/57 (51%),37/75 (49%),2/10 (20%),53%,15,7,37,86,2,6,,3,1,1,21
16163444,35,77333,NORMAL,FINAL,Final,LEAGUE,2524,VfL Wolfsburg,Visita,1ST,25/05/2026,29,1,26%,0.00,0,1,3,1,4,91,5,4,4,1,1,0,0,0,1,0,0,0,,,0,0,69,9,14,,11/26 (42%),0/6 (0%),43%,2,9/24 (38%),11/23 (48%),1/6 (17%),100%,5,3,16,37,,3,,,,,6
16163444,35,77333,NORMAL,FINAL,Final,LEAGUE,2524,VfL Wolfsburg,Visita,2ND,25/05/2026,29,0,32%,0.00,0,1,2,0,3,134,4,2,1,0,0,0,0,1,0,1,0,0,,,0,0,103,10,33,,11/29 (38%),0/5 (0%),46%,0,6/13 (46%),13/28 (46%),0/2 (0%),0%,4,3,9,33,,2,,,,,10
16163444,35,77333,NORMAL,FINAL,Final,LEAGUE,2561,SC Paderborn 07,Local,ALL,25/05/2026,29,2,67%,0.00,4,39,2,19,12,659,11,9,3,0,10,3,22,7,27,12,2,2,,63,2,0,557,42,84,197/247 (80%),31/64 (48%),17/60 (28%),50%,8,28/57 (49%),38/75 (51%),9/16 (56%),64%,11,7,53,24,0,2,,1,0,1,6
16163444,35,77333,NORMAL,FINAL,Final,LEAGUE,2561,SC Paderborn 07,Local,1ST,25/05/2026,29,1,74%,0.00,1,12,0,8,4,260,8,4,2,0,4,1,6,2,9,3,1,0,,,1,0,230,13,24,,7/15 (47%),3/24 (13%),57%,4,15/24 (63%),12/23 (52%),3/4 (75%),75%,8,2,24,7,,0,,,,,0
16163444,35,77333,NORMAL,FINAL,Final,LEAGUE,2561,SC Paderborn 07,Local,2ND,25/05/2026,29,0,68%,0.00,1,19,0,7,2,279,2,3,0,0,4,2,11,4,13,6,0,1,,,0,0,238,19,36,,15/24 (63%),11/21 (52%),54%,2,7/13 (54%),15/28 (54%),3/5 (60%),50%,2,2,15,5,,0,,,,,1
16434326,44,97406,NORMAL,REGULAR,Round 1,LEAGUE,2524,VfL Wolfsburg,Local,ALL,08/08/2026,1,0,63%,1.48,1,19,3,9,17,570,24,10,0,,5,1,10,4,7,12,,1,,17,2,1,484,25,59,126/160 (79%),20/43 (47%),2/24 (8%),52%,10,40/76 (53%),11/23 (48%),6/12 (50%),46%,24,13,58,17,,3,0.37,1,1,1,10
16434326,44,97406,NORMAL,REGULAR,Round 1,LEAGUE,2524,VfL Wolfsburg,Local,1ST,08/08/2026,1,0,67%,1.13,1,12,1,6,7,317,8,5,0,,4,1,5,3,4,8,,1,,,2,1,268,16,31,,6/21 (29%),2/12 (17%),50%,7,18/34 (53%),3/8 (38%),5/7 (71%),50%,8,4,30,9,,1,,,,,4
16434326,44,97406,NORMAL,REGULAR,Round 1,LEAGUE,2524,VfL Wolfsburg,Local,2ND,08/08/2026,1,0,60%,0.35,0,7,2,3,10,253,16,5,0,,1,0,5,1,3,4,,0,,,1,0,216,9,28,,14/22 (64%),0/12 (0%),53%,3,22/42 (52%),8/15 (53%),1/5 (20%),44%,16,9,28,8,,2,,,,,6
16434326,44,97406,NORMAL,REGULAR,Round 1,LEAGUE,2675,1. FC Kaiserslautern,Visita,ALL,08/08/2026,1,0,37%,0.80,3,8,4,2,10,329,16,17,1,,3,1,5,0,6,2,,3,,13,2,2,247,26,65,54/94 (57%),22/52 (42%),2/11 (18%),48%,15,36/76 (47%),12/23 (52%),3/12 (25%),75%,16,10,56,32,,4,0.98,2,3,1,12
16434326,44,97406,NORMAL,REGULAR,Round 1,LEAGUE,2675,1. FC Kaiserslautern,Visita,1ST,08/08/2026,1,0,33%,0.33,2,4,3,0,5,154,9,7,1,,1,0,3,0,2,2,,2,,,1,0,112,9,27,,9/26 (35%),1/5 (20%),50%,6,16/34 (47%),5/8 (63%),0/2 (0%),89%,9,5,32,17,,3,,,,,5
16434326,44,97406,NORMAL,REGULAR,Round 1,LEAGUE,2675,1. FC Kaiserslautern,Visita,2ND,08/08/2026,1,0,40%,0.47,1,4,1,2,5,175,7,10,0,,2,1,2,0,4,0,,1,,,1,2,135,17,38,,13/26 (50%),1/6 (17%),47%,9,20/42 (48%),7/15 (47%),3/10 (30%),57%,7,5,24,15,,1,,,,,7
