Event_ID,Competition_ID,Season_ID,Season_Format,Competition_Phase,Competition_Stage,Competition_Type,Team_ID,Equipo,Condicion,Tiempo,Fecha,Jornada,Goals,Ball possession,Expected goals,Big chances,Total shots,Goalkeeper saves,Corner kicks,Fouls,Passes,Tackles,Free kicks,Yellow cards,Red cards,Shots on target,Hit woodwork,Shots off target,Blocked shots,Shots inside box,Shots outside box,Big chances scored,Big chances missed,Through balls,Touches in penalty area,Fouled in final third,Offsides,Accurate passes,Throw-ins,Final third entries,Final third phase,Long balls,Crosses,Duels,Dispossessed,Ground duels,Aerial duels,Dribbles,Tackles won,Total tackles,Interceptions,Recoveries,Clearances,Errors lead to a shot,Total saves,Goals prevented,Big saves,High claims,Punches,Goal kicks
9595050,44,37168,NORMAL,REGULAR,Round 1,LEAGUE,2526,FC St. Pauli,Local,ALL,25/07/2021,1,3,48%,0.00,2,12,2,4,11,404,14,15,0,,3,0,5,4,8,4,2,,0,,1,2,321,16,37,,25/48 (52%),4/11 (36%),58%,14,46/82 (56%),22/36 (61%),18/24 (75%),57%,14,8,,16,,2,,,,,7
9595050,44,37168,NORMAL,REGULAR,Round 1,LEAGUE,2526,FC St. Pauli,Local,1ST,25/07/2021,1,1,50%,0.00,0,4,0,2,,235,5,8,0,,1,0,2,1,2,2,0,,0,,1,0,190,8,20,,9/22 (41%),3/8 (38%),59%,7,20/34 (59%),10/17 (59%),7/8 (88%),80%,5,4,,10,,0,,,,,4
9595050,44,37168,NORMAL,REGULAR,Round 1,LEAGUE,2526,FC St. Pauli,Local,2ND,25/07/2021,1,,45%,0.00,2,8,2,2,,169,9,7,0,,2,0,3,3,6,2,2,,0,,0,2,131,8,17,,16/26 (62%),1/3 (33%),57%,7,26/48 (54%),12/19 (63%),11/16 (69%),44%,9,4,,6,,2,,,,,3
9595050,44,37168,NORMAL,REGULAR,Round 1,LEAGUE,2573,Holstein Kiel,Visita,ALL,25/07/2021,1,0,52%,0.00,0,12,0,3,15,435,20,9,1,,2,0,3,7,7,5,0,,2,,1,4,356,21,48,,45/71 (63%),8/20 (40%),42%,9,36/82 (44%),14/36 (39%),7/12 (58%),75%,20,10,,16,,0,,,,,9
9595050,44,37168,NORMAL,REGULAR,Round 1,LEAGUE,2573,Holstein Kiel,Visita,1ST,25/07/2021,1,0,50%,0.00,0,6,0,2,,234,8,4,1,,0,0,2,4,3,3,0,,0,,1,2,186,9,24,,23/39 (59%),4/11 (36%),41%,2,14/34 (41%),7/17 (41%),2/5 (40%),63%,8,4,,6,,0,,,,,7
9595050,44,37168,NORMAL,REGULAR,Round 1,LEAGUE,2573,Holstein Kiel,Visita,2ND,25/07/2021,1,,55%,0.00,0,6,0,1,,201,12,5,0,,2,0,1,3,4,2,0,,2,,0,2,170,12,24,,22/32 (69%),4/9 (44%),43%,7,22/48 (46%),7/19 (37%),5/7 (71%),83%,12,6,,10,,0,,,,,2
9595044,44,37168,NORMAL,REGULAR,Round 2,LEAGUE,2566,Erzgebirge Aue,Local,ALL,01/08/2021,2,0,45%,0.00,1,10,2,4,16,331,23,11,1,,4,0,4,2,4,6,,1,,,1,4,222,25,68,,31/71 (44%),2/16 (13%),50%,3,38/79 (48%),21/39 (54%),4/7 (57%),61%,23,10,,18,,2,,,,,9
9595044,44,37168,NORMAL,REGULAR,Round 2,LEAGUE,2566,Erzgebirge Aue,Local,1ST,01/08/2021,2,0,46%,0.00,0,8,0,2,,165,9,7,1,,4,0,2,2,2,6,,0,,,1,2,118,12,32,,18/32 (56%),0/9 (0%),53%,1,20/37 (54%),7/14 (50%),4/5 (80%),44%,9,5,,8,,0,,,,,2
9595044,44,37168,NORMAL,REGULAR,Round 2,LEAGUE,2566,Erzgebirge Aue,Local,2ND,01/08/2021,2,,45%,0.00,1,2,2,2,,166,14,4,0,,0,0,2,0,2,0,,1,,,0,2,104,13,36,,13/39 (33%),2/7 (29%),48%,2,18/42 (43%),14/25 (56%),0/2 (0%),71%,14,5,,10,,2,,,,,7
9595044,44,37168,NORMAL,REGULAR,Round 2,LEAGUE,2526,FC St. Pauli,Visita,ALL,01/08/2021,2,0,55%,0.00,0,11,4,4,11,403,6,16,2,,2,0,6,3,6,5,,0,,,3,4,306,32,44,,15/47 (32%),3/10 (30%),50%,9,41/79 (52%),18/39 (46%),19/33 (58%),83%,6,5,,26,,4,,,,,11
9595044,44,37168,NORMAL,REGULAR,Round 2,LEAGUE,2526,FC St. Pauli,Visita,1ST,01/08/2021,2,0,54%,0.00,0,4,4,3,,193,2,7,1,,0,0,1,3,3,1,,0,,,2,4,150,16,13,,8/21 (38%),2/5 (40%),47%,2,17/37 (46%),7/14 (50%),8/15 (53%),50%,2,3,,17,,4,,,,,5
9595044,44,37168,NORMAL,REGULAR,Round 2,LEAGUE,2526,FC St. Pauli,Visita,2ND,01/08/2021,2,,55%,0.00,0,7,0,1,,210,4,9,1,,2,0,5,0,3,4,,0,,,1,0,156,16,31,,7/26 (27%),1/5 (20%),52%,7,24/42 (57%),11/25 (44%),11/18 (61%),100%,4,2,,9,,0,,,,,6
9611184,217,37289,NORMAL,PLAYOFF,Round 1,CUP,2591,1. FC Magdeburg,Local,ALL,07/08/2021,1,2,68%,0.00,4,45,4,20,14,521,14,13,3,,9,0,15,21,24,21,2,2,,,3,4,435,25,65,,31/45 (69%),6/31 (19%),47%,9,41/79 (52%),10/30 (33%),14/18 (78%),71%,14,5,,9,,4,,,,,4
9611184,217,37289,NORMAL,PLAYOFF,Round 1,CUP,2591,1. FC Magdeburg,Local,1ST,07/08/2021,1,1,64%,0.00,3,19,2,5,,237,6,5,0,,6,0,9,4,11,8,1,2,,,1,1,198,16,32,,15/23 (65%),4/15 (27%),50%,4,22/40 (55%),5/14 (36%),11/13 (85%),67%,6,2,,4,,2,,,,,3
9611184,217,37289,NORMAL,PLAYOFF,Round 1,CUP,2591,1. FC Magdeburg,Local,2ND,07/08/2021,1,1,70%,0.00,1,26,2,15,,284,8,8,3,,3,0,6,17,13,13,1,0,,,2,3,237,9,33,,16/22 (73%),2/16 (13%),44%,5,19/39 (49%),5/16 (31%),3/5 (60%),75%,8,3,,5,,2,,,,,1
9611184,217,37289,NORMAL,PLAYOFF,Round 1,CUP,2526,FC St. Pauli,Visita,ALL,07/08/2021,1,3,32%,0.00,3,11,7,3,13,256,13,14,4,,7,1,3,1,10,1,1,2,,,3,5,173,7,57,,37/61 (61%),3/7 (43%),53%,9,38/79 (48%),20/30 (67%),11/16 (69%),46%,13,13,,32,,7,,,,,14
9611184,217,37289,NORMAL,PLAYOFF,Round 1,CUP,2526,FC St. Pauli,Visita,1ST,07/08/2021,1,2,36%,0.00,1,7,5,3,,133,6,5,2,,4,0,2,1,7,0,0,1,,,0,3,90,4,30,,17/34 (50%),3/7 (43%),50%,4,18/40 (45%),9/14 (64%),7/9 (78%),50%,6,11,,9,,5,,,,,10
9611184,217,37289,NORMAL,PLAYOFF,Round 1,CUP,2526,FC St. Pauli,Visita,2ND,07/08/2021,1,1,30%,0.00,2,4,2,0,,123,7,9,2,,3,1,1,0,3,1,1,1,,,3,2,83,3,27,,20/27 (74%),0/0 (0%),56%,5,20/39 (51%),11/16 (69%),4/7 (57%),43%,7,2,,23,,2,,,,,4
9595025,44,37168,NORMAL,REGULAR,Round 3,LEAGUE,2526,FC St. Pauli,Local,ALL,13/08/2021,3,3,40%,0.00,4,15,0,3,9,330,17,12,2,,4,1,7,4,9,6,2,2,1,,2,1,246,24,42,,32/57 (56%),7/18 (39%),52%,11,40/78 (51%),16/30 (53%),11/18 (61%),71%,17,22,,15,,0,,,,,11
9595025,44,37168,NORMAL,REGULAR,Round 3,LEAGUE,2526,FC St. Pauli,Local,1ST,13/08/2021,3,1,41%,0.00,3,11,0,3,,178,8,7,1,,2,1,6,3,5,6,1,2,0,,1,0,137,15,21,,17/28 (61%),5/14 (36%),54%,7,19/38 (50%),8/12 (67%),4/9 (44%),63%,8,9,,5,,0,,,,,3
9595025,44,37168,NORMAL,REGULAR,Round 3,LEAGUE,2526,FC St. Pauli,Local,2ND,13/08/2021,3,,38%,0.00,1,4,0,0,,152,9,5,1,,2,0,1,1,4,0,1,0,1,,1,1,109,9,21,,15/29 (52%),2/4 (50%),50%,4,21/40 (53%),8/18 (44%),7/9 (78%),78%,9,13,,10,,0,,,,,8
9595025,44,37168,NORMAL,REGULAR,Round 3,LEAGUE,2676,Hamburger SV,Visita,ALL,13/08/2021,3,2,60%,0.00,2,9,1,3,12,512,18,9,3,,2,0,6,1,8,1,1,1,1,,2,2,422,34,41,,17/44 (39%),5/16 (31%),48%,11,38/78 (49%),14/30 (47%),11/17 (65%),78%,18,10,,17,,1,,,,,9
9595025,44,37168,NORMAL,REGULAR,Round 3,LEAGUE,2676,Hamburger SV,Visita,1ST,13/08/2021,3,1,59%,0.00,2,2,1,2,,264,12,3,1,,1,0,1,0,2,0,1,1,1,,0,0,221,12,16,,7/20 (35%),0/7 (0%),46%,6,19/38 (50%),4/12 (33%),4/6 (67%),83%,12,5,,12,,1,,,,,6
9595025,44,37168,NORMAL,REGULAR,Round 3,LEAGUE,2676,Hamburger SV,Visita,2ND,13/08/2021,3,,62%,0.00,0,7,0,1,,248,6,6,2,,1,0,5,1,6,1,0,0,0,,2,2,201,22,25,,10/24 (42%),5/9 (56%),50%,5,19/40 (48%),10/18 (56%),7/11 (64%),67%,6,5,,5,,0,,,,,3
9595032,44,37168,NORMAL,REGULAR,Round 4,LEAGUE,2561,SC Paderborn 07,Local,ALL,21/08/2021,4,3,62%,0.00,2,19,3,4,12,554,18,6,1,0,5,0,6,8,14,5,1,1,,,2,2,475,23,82,,44/65 (68%),8/25 (32%),51%,2,37/71 (52%),12/26 (46%),13/21 (62%),50%,18,6,,21,,3,,,,,4
9595032,44,37168,NORMAL,REGULAR,Round 4,LEAGUE,2561,SC Paderborn 07,Local,1ST,21/08/2021,4,1,71%,0.00,1,10,0,3,,324,8,2,0,0,1,0,3,6,7,3,0,1,,,1,1,281,15,54,,28/37 (76%),4/16 (25%),44%,0,15/33 (45%),6/15 (40%),5/11 (45%),50%,8,5,,3,,0,,,,,1
9595032,44,37168,NORMAL,REGULAR,Round 4,LEAGUE,2561,SC Paderborn 07,Local,2ND,21/08/2021,4,,53%,0.00,1,9,3,1,,230,10,4,1,0,4,0,3,2,7,2,1,0,,,1,1,194,8,28,,16/28 (57%),4/9 (44%),57%,2,22/38 (58%),6/11 (55%),8/10 (80%),50%,10,1,,18,,3,,,,,3
9595032,44,37168,NORMAL,REGULAR,Round 4,LEAGUE,2526,FC St. Pauli,Visita,ALL,21/08/2021,4,1,38%,0.00,1,10,3,4,6,338,10,12,1,1,4,0,3,3,6,4,0,1,,,1,1,251,16,47,,20/52 (38%),4/15 (27%),49%,9,34/71 (48%),14/26 (54%),13/22 (59%),70%,10,8,,36,,3,,,,,11
9595032,44,37168,NORMAL,REGULAR,Round 4,LEAGUE,2526,FC St. Pauli,Visita,1ST,21/08/2021,4,1,29%,0.00,0,1,1,1,,135,6,6,1,1,1,0,0,0,0,1,0,0,,,1,0,88,5,16,,12/31 (39%),0/2 (0%),56%,5,18/33 (55%),9/15 (60%),7/10 (70%),83%,6,4,,26,,1,,,,,6
9595032,44,37168,NORMAL,REGULAR,Round 4,LEAGUE,2526,FC St. Pauli,Visita,2ND,21/08/2021,4,,47%,0.00,1,9,2,3,,203,4,6,0,0,3,0,3,3,6,3,0,1,,,0,1,163,11,31,,8/21 (38%),4/13 (31%),43%,4,16/38 (42%),5/11 (45%),6/12 (50%),50%,4,4,,10,,2,,,,,5
9594940,44,37168,NORMAL,REGULAR,Round 5,LEAGUE,2526,FC St. Pauli,Local,ALL,29/08/2021,5,2,57%,0.00,6,23,4,11,4,464,11,7,1,,5,1,9,9,15,8,1,5,1,,1,4,366,26,65,,45/75 (60%),7/25 (28%),43%,16,26/66 (39%),17/34 (50%),8/16 (50%),91%,11,11,,6,,4,,,,,7
9594940,44,37168,NORMAL,REGULAR,Round 5,LEAGUE,2526,FC St. Pauli,Local,1ST,29/08/2021,5,0,53%,0.00,3,13,2,6,,217,6,4,0,,3,0,5,5,9,4,0,3,1,,0,3,167,14,30,,18/36 (50%),5/14 (36%),45%,9,15/30 (50%),8/21 (38%),5/8 (63%),100%,6,7,,4,,2,,,,,4
9594940,44,37168,NORMAL,REGULAR,Round 5,LEAGUE,2526,FC St. Pauli,Local,2ND,29/08/2021,5,,60%,0.00,3,10,2,5,,247,5,3,1,,2,1,4,4,6,4,1,2,0,,1,1,199,12,35,,27/39 (69%),2/11 (18%),41%,7,11/36 (31%),9/13 (69%),3/8 (38%),80%,5,4,,2,,2,,,,,3
9594940,44,37168,NORMAL,REGULAR,Round 5,LEAGUE,2567,SSV Jahn Regensburg,Visita,ALL,29/08/2021,5,0,43%,0.00,1,9,3,4,8,361,24,4,2,,4,0,3,2,4,5,0,1,0,,0,2,275,16,72,,40/73 (55%),4/12 (33%),57%,5,40/66 (61%),17/34 (50%),12/18 (67%),50%,24,16,,23,,3,,,,,12
9594940,44,37168,NORMAL,REGULAR,Round 5,LEAGUE,2567,SSV Jahn Regensburg,Visita,1ST,29/08/2021,5,0,47%,0.00,0,4,3,2,,197,12,1,0,,2,0,1,1,2,2,0,0,0,,0,1,155,13,35,,20/33 (61%),2/5 (40%),55%,2,15/30 (50%),13/21 (62%),2/6 (33%),50%,12,5,,13,,3,,,,,6
9594940,44,37168,NORMAL,REGULAR,Round 5,LEAGUE,2567,SSV Jahn Regensburg,Visita,2ND,29/08/2021,5,,40%,0.00,1,5,0,2,,164,12,3,2,,2,0,2,1,2,3,0,1,0,,0,1,120,3,37,,20/40 (50%),2/7 (29%),59%,3,25/36 (69%),4/13 (31%),10/12 (83%),50%,12,11,,10,,0,,,,,6
9595056,44,37168,NORMAL,REGULAR,Round 6,LEAGUE,2541,Hannover 96,Local,ALL,11/09/2021,6,1,38%,0.00,5,15,2,6,15,318,21,9,3,,5,0,6,4,11,4,1,4,1,,2,2,222,16,49,,25/66 (38%),3/16 (19%),50%,10,34/74 (46%),16/26 (62%),4/9 (44%),67%,21,9,,18,,2,,,,,5
9595056,44,37168,NORMAL,REGULAR,Round 6,LEAGUE,2541,Hannover 96,Local,1ST,11/09/2021,6,1,46%,0.00,4,8,1,0,,192,11,5,2,,4,0,3,1,5,3,1,3,0,,1,1,147,8,25,,19/36 (53%),1/10 (10%),55%,2,16/31 (52%),8/13 (62%),0/4 (0%),64%,11,2,,7,,1,,,,,2
9595056,44,37168,NORMAL,REGULAR,Round 6,LEAGUE,2541,Hannover 96,Local,2ND,11/09/2021,6,,30%,0.00,1,7,1,6,,126,10,4,1,,1,0,3,3,6,1,0,1,1,,1,1,75,8,24,,6/30 (20%),2/6 (33%),46%,8,18/43 (42%),8/13 (62%),4/5 (80%),70%,10,7,,11,,1,,,,,3
9595056,44,37168,NORMAL,REGULAR,Round 6,LEAGUE,2526,FC St. Pauli,Visita,ALL,11/09/2021,6,0,62%,0.00,0,9,4,5,11,532,15,15,3,,2,1,3,4,5,4,0,0,0,,0,0,433,19,73,,40/71 (56%),4/20 (20%),50%,13,40/74 (54%),10/26 (38%),10/18 (56%),53%,15,10,,19,,4,,,,,9
9595056,44,37168,NORMAL,REGULAR,Round 6,LEAGUE,2526,FC St. Pauli,Visita,1ST,11/09/2021,6,0,54%,0.00,0,2,3,2,,235,6,7,1,,1,0,1,0,1,1,0,0,0,,0,0,186,8,39,,23/38 (61%),1/7 (14%),45%,6,15/31 (48%),5/13 (38%),2/7 (29%),33%,6,6,,10,,3,,,,,6
9595056,44,37168,NORMAL,REGULAR,Round 6,LEAGUE,2526,FC St. Pauli,Visita,2ND,11/09/2021,6,,70%,0.00,0,7,1,3,,297,9,8,2,,1,1,2,4,4,3,0,0,0,,0,0,247,11,34,,17/33 (52%),3/13 (23%),54%,7,25/43 (58%),5/13 (38%),8/11 (73%),67%,9,4,,9,,1,,,,,3
9594939,44,37168,NORMAL,REGULAR,Round 7,LEAGUE,2526,FC St. Pauli,Local,ALL,19/09/2021,7,4,60%,0.00,6,19,0,8,5,514,10,15,0,,10,0,5,4,14,5,2,4,1,,,3,398,25,56,,20/54 (37%),10/24 (42%),51%,10,36/69 (52%),19/39 (49%),11/22 (50%),60%,10,6,,16,,0,,,,,7
9594939,44,37168,NORMAL,REGULAR,Round 7,LEAGUE,2526,FC St. Pauli,Local,1ST,19/09/2021,7,1,63%,0.00,3,11,0,7,,238,2,5,0,,5,0,4,2,8,3,0,3,0,,,3,178,15,30,,7/30 (23%),8/19 (42%),49%,6,13/27 (48%),14/28 (50%),6/9 (67%),100%,2,4,,5,,0,,,,,3
9594939,44,37168,NORMAL,REGULAR,Round 7,LEAGUE,2526,FC St. Pauli,Local,2ND,19/09/2021,7,,58%,0.00,3,8,0,1,,276,8,10,0,,5,0,1,2,6,2,2,1,1,,,0,220,10,26,,13/24 (54%),2/5 (40%),53%,4,23/42 (55%),5/11 (45%),5/13 (38%),50%,8,2,,11,,0,,,,,4
9594939,44,37168,NORMAL,REGULAR,Round 7,LEAGUE,5880,FC Ingolstadt 04,Visita,ALL,19/09/2021,7,1,40%,0.00,2,10,6,3,17,334,21,5,1,,1,0,6,3,5,5,0,2,2,,,2,220,28,58,,24/59 (41%),4/17 (24%),49%,5,33/69 (48%),20/39 (51%),7/12 (58%),52%,21,5,,23,,6,,,,,9
9594939,44,37168,NORMAL,REGULAR,Round 7,LEAGUE,5880,FC Ingolstadt 04,Visita,1ST,19/09/2021,7,0,37%,0.00,1,5,4,1,,140,9,2,0,,0,0,3,2,3,2,0,1,1,,,2,83,13,24,,12/29 (41%),3/8 (38%),51%,2,14/27 (52%),14/28 (50%),3/3 (100%),78%,9,4,,17,,4,,,,,5
9594939,44,37168,NORMAL,REGULAR,Round 7,LEAGUE,5880,FC Ingolstadt 04,Visita,2ND,19/09/2021,7,,42%,0.00,1,5,2,2,,194,12,3,1,,1,0,3,1,2,3,0,1,1,,,0,137,15,34,,12/30 (40%),1/9 (11%),47%,3,19/42 (45%),6/11 (55%),4/9 (44%),33%,12,1,,6,,2,,,,,4
9594930,44,37168,NORMAL,REGULAR,Round 8,LEAGUE,2553,Karlsruher SC,Local,ALL,25/09/2021,8,1,55%,0.00,0,17,4,7,17,462,23,6,6,,5,0,3,9,7,10,0,0,0,,1,1,365,24,59,,54/89 (61%),5/28 (18%),53%,8,31/60 (52%),19/35 (54%),2/5 (40%),65%,23,4,,13,,4,,,,,9
9594930,44,37168,NORMAL,REGULAR,Round 8,LEAGUE,2553,Karlsruher SC,Local,1ST,25/09/2021,8,0,57%,0.00,0,6,2,2,,261,14,0,0,,0,0,2,4,1,5,0,0,0,,0,0,201,11,34,,30/54 (56%),2/12 (17%),55%,3,14/27 (52%),12/20 (60%),0/2 (0%),71%,14,3,,7,,2,,,,,5
9594930,44,37168,NORMAL,REGULAR,Round 8,LEAGUE,2553,Karlsruher SC,Local,2ND,25/09/2021,8,,52%,0.00,0,11,2,5,,201,9,6,6,,5,0,1,5,6,5,0,0,0,,1,1,164,13,25,,24/35 (69%),3/16 (19%),50%,5,17/33 (52%),7/15 (47%),2/3 (67%),56%,9,1,,6,,2,,,,,4
9594930,44,37168,NORMAL,REGULAR,Round 8,LEAGUE,2526,FC St. Pauli,Visita,ALL,25/09/2021,8,3,45%,0.00,5,14,4,1,6,395,11,16,2,,6,0,4,4,7,7,2,3,1,,2,1,311,20,53,,30/63 (48%),1/11 (9%),47%,14,29/60 (48%),16/35 (46%),2/11 (18%),64%,11,12,,26,,4,,,,,10
9594930,44,37168,NORMAL,REGULAR,Round 8,LEAGUE,2526,FC St. Pauli,Visita,1ST,25/09/2021,8,2,43%,0.00,3,5,0,0,,197,5,7,0,,3,0,1,1,3,2,1,2,1,,2,1,149,15,24,,13/31 (42%),1/10 (10%),45%,10,13/27 (48%),8/20 (40%),1/5 (20%),60%,5,9,,12,,0,,,,,3
9594930,44,37168,NORMAL,REGULAR,Round 8,LEAGUE,2526,FC St. Pauli,Visita,2ND,25/09/2021,8,,48%,0.00,2,9,4,1,,198,6,9,2,,3,0,3,3,4,5,1,1,0,,0,0,162,5,29,,17/32 (53%),0/1 (0%),50%,4,16/33 (48%),8/15 (53%),1/6 (17%),67%,6,3,,14,,4,,,,,7
9594971,44,37168,NORMAL,REGULAR,Round 9,LEAGUE,2526,FC St. Pauli,Local,ALL,03/10/2021,9,3,57%,0.00,2,19,0,6,11,477,14,10,1,,7,0,9,3,10,9,2,,1,,1,2,376,22,51,,23/59 (39%),1/15 (7%),49%,10,34/73 (47%),13/23 (57%),10/19 (53%),79%,14,15,,15,,0,,,,,14
9594971,44,37168,NORMAL,REGULAR,Round 9,LEAGUE,2526,FC St. Pauli,Local,1ST,03/10/2021,9,1,55%,0.00,0,12,0,2,,242,6,4,0,,4,0,7,1,5,7,0,,0,,0,2,188,10,27,,10/28 (36%),1/5 (20%),66%,4,16/27 (59%),11/14 (79%),6/9 (67%),83%,6,11,,6,,0,,,,,7
9594971,44,37168,NORMAL,REGULAR,Round 9,LEAGUE,2526,FC St. Pauli,Local,2ND,03/10/2021,9,,58%,0.00,2,7,0,4,,235,8,6,1,,3,0,2,2,5,2,2,,1,,1,0,188,12,24,,13/31 (42%),0/10 (0%),36%,6,18/46 (39%),2/9 (22%),4/10 (40%),75%,8,4,,9,,0,,,,,7
9594971,44,37168,NORMAL,REGULAR,Round 9,LEAGUE,2595,SG Dynamo Dresden,Visita,ALL,03/10/2021,9,0,43%,0.00,0,8,4,0,10,367,19,11,2,,0,0,6,2,6,2,0,,0,,2,2,258,19,69,,34/72 (47%),0/12 (0%),51%,9,39/73 (53%),10/23 (43%),9/14 (64%),42%,19,12,,18,,4,,,,,11
9594971,44,37168,NORMAL,REGULAR,Round 9,LEAGUE,2595,SG Dynamo Dresden,Visita,1ST,03/10/2021,9,0,45%,0.00,0,4,3,0,,195,7,4,0,,0,0,4,0,3,1,0,,0,,1,1,137,10,35,,20/44 (45%),0/4 (0%),34%,4,11/27 (41%),3/14 (21%),0/2 (0%),29%,7,7,,5,,3,,,,,7
9594971,44,37168,NORMAL,REGULAR,Round 9,LEAGUE,2595,SG Dynamo Dresden,Visita,2ND,03/10/2021,9,,42%,0.00,0,4,1,0,,172,12,7,2,,0,0,2,2,3,1,0,,0,,1,1,121,9,34,,14/28 (50%),0/8 (0%),64%,5,28/46 (61%),7/9 (78%),9/12 (75%),50%,12,5,,13,,1,,,,,4
9594959,44,37168,NORMAL,REGULAR,Round 10,LEAGUE,5885,1. FC Heidenheim,Local,ALL,16/10/2021,10,2,46%,0.00,6,12,3,3,12,420,20,9,3,,5,0,4,3,11,1,2,4,0,,0,0,309,19,55,,38/88 (43%),4/18 (22%),45%,9,35/77 (45%),14/33 (42%),6/13 (46%),45%,20,11,,8,,3,,,,,4
9594959,44,37168,NORMAL,REGULAR,Round 10,LEAGUE,5885,1. FC Heidenheim,Local,1ST,16/10/2021,10,1,46%,0.00,4,9,2,3,,236,10,4,1,,4,0,3,2,9,0,1,3,0,,0,0,182,4,30,,23/51 (45%),4/11 (36%),50%,1,15/31 (48%),8/15 (53%),1/3 (33%),50%,10,5,,4,,2,,,,,2
9594959,44,37168,NORMAL,REGULAR,Round 10,LEAGUE,5885,1. FC Heidenheim,Local,2ND,16/10/2021,10,,45%,0.00,2,3,1,0,,184,10,5,2,,1,0,1,1,2,1,1,1,0,,0,0,127,15,25,,15/37 (41%),0/7 (0%),41%,8,20/46 (43%),6/18 (33%),5/10 (50%),40%,10,6,,4,,1,,,,,2
9594959,44,37168,NORMAL,REGULAR,Round 10,LEAGUE,2526,FC St. Pauli,Visita,ALL,16/10/2021,10,4,54%,0.00,3,12,3,7,10,505,16,12,2,,7,0,1,4,9,3,3,0,1,,2,3,398,23,58,,25/55 (45%),4/20 (20%),55%,10,42/77 (55%),19/33 (58%),16/26 (62%),56%,16,8,,18,,3,,,,,7
9594959,44,37168,NORMAL,REGULAR,Round 10,LEAGUE,2526,FC St. Pauli,Visita,1ST,16/10/2021,10,0,54%,0.00,0,4,3,2,,285,3,4,0,,2,0,0,2,2,2,0,0,0,,1,1,225,14,37,,14/31 (45%),2/11 (18%),50%,5,16/31 (52%),7/15 (47%),10/15 (67%),67%,3,3,,8,,3,,,,,4
9594959,44,37168,NORMAL,REGULAR,Round 10,LEAGUE,2526,FC St. Pauli,Visita,2ND,16/10/2021,10,,55%,0.00,3,8,0,5,,220,13,8,2,,5,0,1,2,7,1,3,0,1,,1,2,173,9,21,,11/24 (46%),2/9 (22%),59%,5,26/46 (57%),12/18 (67%),6/11 (55%),54%,13,5,,10,,0,,,,,3
9594963,44,37168,NORMAL,REGULAR,Round 11,LEAGUE,2526,FC St. Pauli,Local,ALL,24/10/2021,11,4,51%,0.00,4,16,1,6,6,461,18,10,0,,8,1,5,3,10,6,4,,3,,1,2,355,14,51,,19/51 (37%),5/17 (29%),58%,10,48/86 (56%),15/23 (65%),20/28 (71%),78%,18,9,,13,,1,,,,,4
9594963,44,37168,NORMAL,REGULAR,Round 11,LEAGUE,2526,FC St. Pauli,Local,1ST,24/10/2021,11,2,45%,0.00,2,7,1,4,,206,10,8,0,,5,0,0,2,5,2,2,,1,,1,1,150,9,23,,12/29 (41%),3/9 (33%),58%,5,29/51 (57%),9/14 (64%),11/15 (73%),80%,10,5,,8,,1,,,,,2
9594963,44,37168,NORMAL,REGULAR,Round 11,LEAGUE,2526,FC St. Pauli,Local,2ND,24/10/2021,11,,57%,0.00,2,9,0,2,,255,8,2,0,,3,1,5,1,5,4,2,,2,,0,1,205,5,28,,7/22 (32%),2/8 (25%),57%,5,19/35 (54%),6/9 (67%),9/13 (69%),75%,8,4,,5,,0,,,,,2
9594963,44,37168,NORMAL,REGULAR,Round 11,LEAGUE,2533,FC Hansa Rostock,Visita,ALL,24/10/2021,11,0,49%,0.00,0,5,4,0,10,447,18,6,2,,1,0,2,2,1,4,0,,0,,0,1,344,16,55,,28/70 (40%),1/15 (7%),42%,10,38/86 (44%),8/23 (35%),14/22 (64%),39%,18,5,,13,,4,,,,,6
9594963,44,37168,NORMAL,REGULAR,Round 11,LEAGUE,2533,FC Hansa Rostock,Visita,1ST,24/10/2021,11,0,55%,0.00,0,4,3,0,,254,9,3,1,,1,0,1,2,1,3,0,,0,,0,0,199,7,32,,18/36 (50%),1/12 (8%),42%,5,22/51 (43%),5/14 (36%),10/15 (67%),44%,9,2,,8,,3,,,,,1
9594963,44,37168,NORMAL,REGULAR,Round 11,LEAGUE,2533,FC Hansa Rostock,Visita,2ND,24/10/2021,11,,43%,0.00,0,1,1,0,,193,9,3,1,,0,0,1,0,0,1,0,,0,,0,1,145,9,23,,10/34 (29%),0/3 (0%),43%,5,16/35 (46%),3/9 (33%),4/7 (57%),33%,9,3,,5,,1,,,,,5
9760247,217,37289,NORMAL,REGULAR,Round 2,CUP,2595,SG Dynamo Dresden,Local,ALL,27/10/2021,2,2,44%,0.00,0,13,3,2,13,524,28,16,5,,3,0,9,1,8,5,0,,,,1,1,380,34,55,,30/80 (38%),3/16 (19%),60%,9,53/86 (62%),20/36 (56%),10/16 (63%),61%,28,16,,17,,3,,,,,7
9760247,217,37289,NORMAL,REGULAR,Round 2,CUP,2595,SG Dynamo Dresden,Local,1ST,27/10/2021,2,0,43%,0.00,0,2,1,0,,204,9,6,1,,0,0,2,0,0,2,0,,,,0,0,159,13,14,,5/21 (24%),1/4 (25%),57%,3,18/28 (64%),3/9 (33%),3/3 (100%),67%,9,4,,9,,1,,,,,4
9760247,217,37289,NORMAL,REGULAR,Round 2,CUP,2595,SG Dynamo Dresden,Local,2ND,27/10/2021,2,2,33%,0.00,0,4,1,1,,141,9,6,1,,1,0,3,0,2,2,0,,,,1,1,83,8,18,,10/31 (32%),0/4 (0%),59%,3,19/29 (66%),7/15 (47%),5/6 (83%),67%,9,7,,8,,1,,,,,2
9760247,217,37289,NORMAL,REGULAR,Round 2,CUP,2526,FC St. Pauli,Visita,ALL,27/10/2021,2,3,56%,0.00,1,15,2,5,17,663,15,10,4,,7,1,6,2,11,4,1,,,,2,4,529,41,94,,32/68 (47%),5/20 (25%),40%,19,33/86 (38%),16/36 (44%),8/17 (47%),47%,15,12,,24,,2,,,,,9
9760247,217,37289,NORMAL,REGULAR,Round 2,CUP,2526,FC St. Pauli,Visita,1ST,27/10/2021,2,0,57%,0.00,0,5,0,3,,267,3,2,1,,1,0,2,2,3,2,0,,,,0,2,222,12,37,,12/25 (48%),2/10 (20%),43%,5,10/28 (36%),6/9 (67%),5/9 (56%),100%,3,4,,1,,0,,,,,5
9760247,217,37289,NORMAL,REGULAR,Round 2,CUP,2526,FC St. Pauli,Visita,2ND,27/10/2021,2,2,67%,0.00,0,5,0,2,,286,4,4,1,,4,0,1,0,5,0,0,,,,2,1,227,20,35,,16/26 (62%),2/9 (22%),41%,7,10/29 (34%),8/15 (53%),2/4 (50%),50%,4,5,,8,,0,,,,,2
9594997,44,37168,NORMAL,REGULAR,Round 12,LEAGUE,2534,SV Werder Bremen,Local,ALL,30/10/2021,12,1,42%,0.00,3,17,1,7,16,338,17,11,4,,2,0,10,5,13,4,1,2,1,,3,3,223,21,62,,37/82 (45%),8/15 (53%),54%,4,33/61 (54%),21/39 (54%),6/10 (60%),59%,17,14,,15,,1,,,,,12
9594997,44,37168,NORMAL,REGULAR,Round 12,LEAGUE,2534,SV Werder Bremen,Local,1ST,30/10/2021,12,0,41%,0.00,2,12,1,5,,169,8,5,1,,0,0,9,3,8,4,0,2,0,,2,0,112,11,31,,14/35 (40%),5/9 (56%),48%,3,17/34 (50%),6/14 (43%),4/7 (57%),50%,8,4,,7,,1,,,,,6
9594997,44,37168,NORMAL,REGULAR,Round 12,LEAGUE,2534,SV Werder Bremen,Local,2ND,30/10/2021,12,,43%,0.00,1,5,0,2,,169,9,6,3,,2,0,1,2,5,0,1,0,1,,1,3,111,10,31,,23/47 (49%),3/6 (50%),60%,1,16/27 (59%),15/25 (60%),2/3 (67%),67%,9,10,,8,,0,,,,,6
9594997,44,37168,NORMAL,REGULAR,Round 12,LEAGUE,2526,FC St. Pauli,Visita,ALL,30/10/2021,12,1,58%,0.00,3,15,1,2,12,476,8,15,2,,2,0,7,6,10,5,0,3,2,,2,2,356,23,64,,22/58 (38%),4/13 (31%),46%,12,28/61 (46%),18/39 (46%),5/10 (50%),63%,8,10,,19,,1,,,,,8
9594997,44,37168,NORMAL,REGULAR,Round 12,LEAGUE,2526,FC St. Pauli,Visita,1ST,30/10/2021,12,0,59%,0.00,1,7,0,1,,253,6,9,1,,1,0,2,4,2,5,0,1,0,,1,1,192,10,30,,9/24 (38%),2/6 (33%),52%,5,17/34 (50%),8/14 (57%),2/5 (40%),83%,6,6,,10,,0,,,,,5
9594997,44,37168,NORMAL,REGULAR,Round 12,LEAGUE,2526,FC St. Pauli,Visita,2ND,30/10/2021,12,,57%,0.00,2,8,1,1,,223,2,6,1,,1,0,5,2,8,0,0,2,2,,1,1,164,13,34,,13/34 (38%),2/7 (29%),40%,7,11/27 (41%),10/25 (40%),3/5 (60%),0%,2,4,,9,,1,,,,,3
9595017,44,37168,NORMAL,REGULAR,Round 14,LEAGUE,2576,Darmstadt 98,Local,ALL,20/11/2021,14,4,38%,0.00,7,11,3,5,24,303,18,9,3,,7,0,2,2,10,1,4,3,1,,1,2,214,15,54,,34/73 (47%),2/14 (14%),47%,5,33/72 (46%),8/15 (53%),6/8 (75%),44%,18,14,,21,,3,,,,,7
9595017,44,37168,NORMAL,REGULAR,Round 14,LEAGUE,2576,Darmstadt 98,Local,1ST,20/11/2021,14,4,41%,0.00,4,6,1,1,,152,8,4,1,,5,0,0,1,5,1,4,0,0,,1,0,112,9,21,,15/29 (52%),1/7 (14%),54%,3,15/29 (52%),5/8 (63%),3/4 (75%),0%,8,10,,11,,1,,,,,3
9595017,44,37168,NORMAL,REGULAR,Round 14,LEAGUE,2576,Darmstadt 98,Local,2ND,20/11/2021,14,,36%,0.00,3,5,2,4,,151,10,5,2,,2,0,2,1,5,0,0,3,1,,0,2,102,6,33,,19/44 (43%),1/7 (14%),42%,2,18/43 (42%),3/7 (43%),3/4 (75%),80%,10,4,,10,,2,,,,,4
9595017,44,37168,NORMAL,REGULAR,Round 14,LEAGUE,2526,FC St. Pauli,Visita,ALL,20/11/2021,14,0,62%,0.00,0,10,3,3,10,498,7,23,1,,3,0,5,2,7,3,0,0,0,,3,3,398,20,68,,21/41 (51%),5/19 (26%),53%,8,39/72 (54%),7/15 (47%),10/20 (50%),29%,7,6,,16,,3,,,,,6
9595017,44,37168,NORMAL,REGULAR,Round 14,LEAGUE,2526,FC St. Pauli,Visita,1ST,20/11/2021,14,0,59%,0.00,0,4,1,2,,216,4,8,1,,1,0,3,0,2,2,0,0,0,,1,2,162,8,35,,9/20 (45%),2/8 (25%),46%,4,14/29 (48%),3/8 (38%),3/7 (43%),0%,4,4,,7,,1,,,,,2
9595017,44,37168,NORMAL,REGULAR,Round 14,LEAGUE,2526,FC St. Pauli,Visita,2ND,20/11/2021,14,,64%,0.00,0,6,2,1,,282,3,15,0,,2,0,2,2,5,1,0,0,0,,2,1,236,12,33,,12/21 (57%),3/11 (27%),58%,4,25/43 (58%),4/7 (57%),7/13 (54%),67%,3,2,,9,,2,,,,,4
9950629,44,37168,NORMAL,REGULAR,Round 13,LEAGUE,2526,FC St. Pauli,Local,ALL,24/11/2021,13,3,73%,0.00,4,18,2,8,10,610,10,10,1,,8,1,7,3,13,5,2,2,1,,1,2,537,24,56,,29/47 (62%),5/30 (17%),49%,10,32/72 (44%),19/32 (59%),12/27 (44%),50%,10,14,,11,,2,,,,,4
9950629,44,37168,NORMAL,REGULAR,Round 13,LEAGUE,2526,FC St. Pauli,Local,1ST,24/11/2021,13,2,78%,0.00,3,13,1,7,,351,5,4,0,,7,0,3,3,10,3,1,2,0,,0,2,316,12,31,,20/26 (77%),2/17 (12%),51%,5,14/33 (42%),13/20 (65%),5/14 (36%),20%,5,4,,3,,1,,,,,2
9950629,44,37168,NORMAL,REGULAR,Round 13,LEAGUE,2526,FC St. Pauli,Local,2ND,24/11/2021,13,1,66%,0.00,1,5,1,1,,259,5,6,1,,1,1,4,0,3,2,1,0,1,,1,0,221,12,25,,9/21 (43%),3/13 (23%),47%,5,18/39 (46%),6/12 (50%),7/13 (54%),80%,5,10,,8,,1,,,,,2
9950629,44,37168,NORMAL,REGULAR,Round 13,LEAGUE,6157,SV Sandhausen,Visita,ALL,24/11/2021,13,1,27%,0.00,1,7,5,2,11,228,25,10,3,,3,0,3,1,4,3,1,0,0,,1,1,144,16,30,,17/48 (35%),1/13 (8%),51%,4,40/72 (56%),13/32 (41%),5/11 (45%),60%,25,11,,34,,5,,,,,10
9950629,44,37168,NORMAL,REGULAR,Round 13,LEAGUE,6157,SV Sandhausen,Visita,1ST,24/11/2021,13,0,22%,0.00,0,3,5,0,,99,14,3,1,,1,0,1,1,2,1,0,0,0,,0,1,62,10,12,,6/23 (26%),0/5 (0%),49%,2,19/33 (58%),7/20 (35%),2/5 (40%),50%,14,3,,20,,5,,,,,2
9950629,44,37168,NORMAL,REGULAR,Round 13,LEAGUE,6157,SV Sandhausen,Visita,2ND,24/11/2021,13,1,34%,0.00,1,4,0,2,,129,11,7,2,,2,0,2,0,2,2,1,0,0,,1,0,82,6,18,,11/25 (44%),1/8 (13%),53%,2,21/39 (54%),6/12 (50%),3/6 (50%),73%,11,8,,14,,0,,,,,8
9595014,44,37168,NORMAL,REGULAR,Round 15,LEAGUE,2523,1. FC Nürnberg,Local,ALL,28/11/2021,15,2,45%,0.00,3,17,4,6,7,391,18,10,0,,9,0,2,6,11,6,,3,0,,1,6,290,26,69,,28/62 (45%),6/21 (29%),53%,8,32/55 (58%),19/42 (45%),4/6 (67%),61%,18,10,,22,,4,,,,,7
9595014,44,37168,NORMAL,REGULAR,Round 15,LEAGUE,2523,1. FC Nürnberg,Local,1ST,28/11/2021,15,1,39%,0.00,3,11,4,2,,180,10,3,0,,6,0,0,5,6,5,,3,0,,0,4,136,5,31,,12/25 (48%),1/8 (13%),47%,3,15/29 (52%),8/20 (40%),2/2 (100%),40%,10,4,,16,,4,,,,,4
9595014,44,37168,NORMAL,REGULAR,Round 15,LEAGUE,2523,1. FC Nürnberg,Local,2ND,28/11/2021,15,,50%,0.00,0,6,0,4,,211,8,7,0,,3,0,2,1,5,1,,0,0,,1,2,154,21,38,,16/37 (43%),5/13 (38%),58%,5,17/26 (65%),11/22 (50%),2/4 (50%),88%,8,6,,6,,0,,,,,3
9595014,44,37168,NORMAL,REGULAR,Round 15,LEAGUE,2526,FC St. Pauli,Visita,ALL,28/11/2021,15,3,55%,0.00,1,13,7,10,10,487,10,7,2,,7,0,3,3,7,6,,1,1,,0,1,384,28,39,,28/63 (44%),3/16 (19%),47%,12,23/55 (42%),23/42 (55%),6/12 (50%),70%,10,10,,28,,7,,,,,2
9595014,44,37168,NORMAL,REGULAR,Round 15,LEAGUE,2526,FC St. Pauli,Visita,1ST,28/11/2021,15,2,61%,0.00,1,9,5,5,,274,3,6,0,,6,0,2,1,5,4,,1,1,,0,0,227,13,22,,23/39 (59%),2/10 (20%),53%,6,14/29 (48%),12/20 (60%),5/9 (56%),67%,3,3,,8,,5,,,,,0
9595014,44,37168,NORMAL,REGULAR,Round 15,LEAGUE,2526,FC St. Pauli,Visita,2ND,28/11/2021,15,,50%,0.00,0,4,2,5,,213,7,1,2,,1,0,1,2,2,2,,0,0,,0,1,157,15,17,,5/24 (21%),1/6 (17%),42%,6,9/26 (35%),11/22 (50%),1/3 (33%),71%,7,7,,20,,2,,,,,2
9595076,44,37168,NORMAL,REGULAR,Round 16,LEAGUE,2526,FC St. Pauli,Local,ALL,04/12/2021,16,2,49%,0.00,1,15,4,8,9,396,11,13,1,,6,0,7,2,12,3,0,1,3,,2,5,292,29,43,,23/56 (41%),2/13 (15%),45%,7,25/61 (41%),19/37 (51%),5/11 (45%),73%,11,7,,19,,4,,,,,8
9595076,44,37168,NORMAL,REGULAR,Round 16,LEAGUE,2526,FC St. Pauli,Local,1ST,04/12/2021,16,2,61%,0.00,0,7,1,6,,225,3,9,1,,4,0,3,0,6,1,0,0,3,,2,3,180,13,20,,11/24 (46%),2/11 (18%),52%,2,11/23 (48%),12/21 (57%),2/5 (40%),67%,3,1,,10,,1,,,,,4
9595076,44,37168,NORMAL,REGULAR,Round 16,LEAGUE,2526,FC St. Pauli,Local,2ND,04/12/2021,16,,39%,0.00,1,8,3,2,,171,8,4,0,,2,0,4,2,6,2,0,1,0,,0,2,112,16,23,,12/32 (38%),0/2 (0%),39%,5,14/38 (37%),7/16 (44%),3/6 (50%),75%,8,6,,9,,3,,,,,4
9595076,44,37168,NORMAL,REGULAR,Round 16,LEAGUE,2530,FC Schalke 04,Visita,ALL,04/12/2021,16,1,51%,0.00,2,14,4,4,15,398,13,9,2,,5,0,5,4,10,4,1,1,0,,1,4,292,23,51,,39/75 (52%),11/22 (50%),55%,3,36/61 (59%),18/37 (49%),14/22 (64%),54%,13,7,,22,,4,,,,,7
9595076,44,37168,NORMAL,REGULAR,Round 16,LEAGUE,2530,FC Schalke 04,Visita,1ST,04/12/2021,16,0,39%,0.00,1,6,2,3,,140,5,2,1,,1,0,3,2,5,1,0,1,0,,0,1,92,9,24,,15/30 (50%),4/12 (33%),48%,2,12/23 (52%),9/21 (43%),5/6 (83%),80%,5,2,,16,,2,,,,,3
9595076,44,37168,NORMAL,REGULAR,Round 16,LEAGUE,2530,FC Schalke 04,Visita,2ND,04/12/2021,16,,61%,0.00,1,8,2,1,,258,8,7,1,,4,0,2,2,5,3,1,0,0,,1,3,200,14,27,,24/45 (53%),7/10 (70%),61%,1,24/38 (63%),9/16 (56%),9/16 (56%),38%,8,5,,6,,2,,,,,4
9595030,44,37168,NORMAL,REGULAR,Round 17,LEAGUE,2588,Fortuna Düsseldorf,Local,ALL,11/12/2021,17,1,48%,0.00,2,7,6,4,11,462,19,10,2,,3,0,1,3,6,1,1,1,,,0,4,379,12,42,,41/69 (59%),4/20 (20%),56%,5,35/58 (60%),11/24 (46%),6/8 (75%),42%,19,9,,26,,6,,,,,6
9595030,44,37168,NORMAL,REGULAR,Round 17,LEAGUE,2588,Fortuna Düsseldorf,Local,1ST,11/12/2021,17,0,52%,0.00,1,3,3,1,,268,12,8,1,,0,0,1,2,2,1,0,1,,,0,2,226,6,23,,28/42 (67%),2/9 (22%),60%,3,22/33 (67%),7/15 (47%),2/3 (67%),50%,12,4,,11,,3,,,,,4
9595030,44,37168,NORMAL,REGULAR,Round 17,LEAGUE,2588,Fortuna Düsseldorf,Local,2ND,11/12/2021,17,,44%,0.00,1,4,3,3,,194,7,2,1,,3,0,0,1,4,0,1,0,,,0,2,153,6,19,,13/27 (48%),2/11 (18%),50%,2,13/25 (52%),4/9 (44%),4/5 (80%),29%,7,5,,15,,3,,,,,2
9595030,44,37168,NORMAL,REGULAR,Round 17,LEAGUE,2526,FC St. Pauli,Visita,ALL,11/12/2021,17,1,52%,0.00,2,13,2,6,10,506,7,11,1,,7,0,2,4,8,5,1,1,,,4,2,418,21,46,,15/29 (52%),4/20 (20%),44%,4,23/58 (40%),13/24 (54%),5/20 (25%),57%,7,5,,13,,2,,,,,4
9595030,44,37168,NORMAL,REGULAR,Round 17,LEAGUE,2526,FC St. Pauli,Visita,1ST,11/12/2021,17,0,48%,0.00,1,6,0,3,,243,4,4,1,,3,0,1,2,4,2,0,1,,,2,1,205,11,19,,7/10 (70%),4/11 (36%),40%,2,11/33 (33%),8/15 (53%),3/13 (23%),50%,4,2,,8,,0,,,,,3
9595030,44,37168,NORMAL,REGULAR,Round 17,LEAGUE,2526,FC St. Pauli,Visita,2ND,11/12/2021,17,,56%,0.00,1,7,2,3,,263,3,7,0,,4,0,1,2,4,3,1,0,,,2,1,213,10,27,,8/19 (42%),0/9 (0%),50%,2,12/25 (48%),5/9 (56%),2/7 (29%),67%,3,3,,5,,2,,,,,1
9595019,44,37168,NORMAL,REGULAR,Round 18,LEAGUE,2573,Holstein Kiel,Local,ALL,17/12/2021,18,3,42%,0.00,7,20,3,5,13,336,10,11,2,,8,0,9,3,15,5,3,4,1,,5,1,261,16,34,,47/86 (55%),6/19 (32%),51%,8,33/67 (49%),14/25 (56%),12/17 (71%),50%,10,15,,31,,3,,,,,9
9595019,44,37168,NORMAL,REGULAR,Round 18,LEAGUE,2573,Holstein Kiel,Local,1ST,17/12/2021,18,3,44%,0.00,5,11,2,0,,187,6,5,0,,5,0,5,1,8,3,3,2,1,,1,0,144,8,18,,27/48 (56%),3/7 (43%),54%,1,15/28 (54%),11/20 (55%),4/5 (80%),33%,6,8,,16,,2,,,,,4
9595019,44,37168,NORMAL,REGULAR,Round 18,LEAGUE,2573,Holstein Kiel,Local,2ND,17/12/2021,18,,39%,0.00,2,9,1,5,,149,4,6,2,,3,0,4,2,7,2,0,2,0,,4,1,117,8,16,,20/38 (53%),3/12 (25%),48%,7,18/39 (46%),3/5 (60%),8/12 (67%),75%,4,7,,15,,1,,,,,5
9595019,44,37168,NORMAL,REGULAR,Round 18,LEAGUE,2526,FC St. Pauli,Visita,ALL,17/12/2021,18,0,58%,0.00,0,10,4,6,12,487,13,13,4,,3,0,6,1,6,4,0,0,1,,3,1,395,28,66,,17/41 (41%),1/20 (5%),49%,8,34/67 (51%),11/25 (44%),8/10 (80%),62%,13,5,,12,,4,,,,,12
9595019,44,37168,NORMAL,REGULAR,Round 18,LEAGUE,2526,FC St. Pauli,Visita,1ST,17/12/2021,18,0,56%,0.00,0,6,2,4,,244,2,7,0,,2,0,4,0,3,3,0,0,0,,2,0,186,17,39,,6/21 (29%),1/8 (13%),46%,4,13/28 (46%),9/20 (45%),4/6 (67%),100%,2,3,,5,,2,,,,,6
9595019,44,37168,NORMAL,REGULAR,Round 18,LEAGUE,2526,FC St. Pauli,Visita,2ND,17/12/2021,18,,61%,0.00,0,4,2,2,,243,11,6,4,,1,0,2,1,3,1,0,0,1,,1,1,209,11,27,,11/20 (55%),0/12 (0%),52%,4,21/39 (54%),2/5 (40%),4/4 (100%),55%,11,2,,7,,2,,,,,6
9595100,44,37168,NORMAL,REGULAR,Round 19,LEAGUE,2526,FC St. Pauli,Local,ALL,15/01/2022,19,2,72%,0.00,2,14,1,5,8,648,6,17,0,,6,0,5,3,8,6,1,1,2,,4,1,531,48,92,,22/43 (51%),6/28 (21%),52%,11,35/69 (51%),21/38 (55%),13/24 (54%),83%,6,6,,13,,1,,,,,3
9595100,44,37168,NORMAL,REGULAR,Round 19,LEAGUE,2526,FC St. Pauli,Local,1ST,15/01/2022,19,1,74%,0.00,2,7,0,3,,360,4,5,0,,3,0,2,2,4,3,1,1,2,,3,1,295,23,50,,9/18 (50%),3/13 (23%),47%,7,14/34 (41%),9/15 (60%),5/13 (38%),100%,4,3,,2,,0,,,,,0
9595100,44,37168,NORMAL,REGULAR,Round 19,LEAGUE,2526,FC St. Pauli,Local,2ND,15/01/2022,19,,70%,0.00,0,7,1,2,,288,2,12,0,,3,0,3,1,4,3,0,0,0,,1,0,236,25,42,,13/25 (52%),3/15 (20%),57%,4,21/35 (60%),12/23 (52%),8/11 (73%),50%,2,3,,11,,1,,,,,3
9595100,44,37168,NORMAL,REGULAR,Round 19,LEAGUE,2566,Erzgebirge Aue,Visita,ALL,15/01/2022,19,2,28%,0.00,5,7,4,2,17,255,22,7,2,,3,1,4,0,7,0,2,3,0,,1,1,145,22,48,,28/77 (36%),1/9 (11%),48%,5,34/69 (49%),17/38 (45%),5/6 (83%),59%,22,17,,36,,4,,,,,8
9595100,44,37168,NORMAL,REGULAR,Round 19,LEAGUE,2566,Erzgebirge Aue,Visita,1ST,15/01/2022,19,1,26%,0.00,1,1,2,0,,129,15,2,0,,1,0,0,0,1,0,1,0,0,,0,0,73,14,23,,11/31 (35%),0/2 (0%),53%,3,20/34 (59%),6/15 (40%),3/4 (75%),53%,15,12,,19,,2,,,,,4
9595100,44,37168,NORMAL,REGULAR,Round 19,LEAGUE,2566,Erzgebirge Aue,Visita,2ND,15/01/2022,19,,30%,0.00,4,6,2,2,,126,7,5,2,,2,1,4,0,6,0,1,3,0,,1,1,72,8,25,,17/46 (37%),1/7 (14%),43%,2,14/35 (40%),11/23 (48%),2/2 (100%),71%,7,5,,17,,2,,,,,4
9927019,217,37289,NORMAL,REGULAR,Round of 16,CUP,2526,FC St. Pauli,Local,ALL,18/01/2022,8,2,31%,0.00,1,7,4,4,11,338,29,8,,,2,0,4,1,6,1,1,0,0,,0,2,232,18,38,,13/49 (27%),3/11 (27%),50%,20,43/81 (53%),10/26 (38%),6/8 (75%),55%,29,12,,17,,4,,,,,9
9927019,217,37289,NORMAL,REGULAR,Round of 16,CUP,2526,FC St. Pauli,Local,1ST,18/01/2022,8,2,33%,0.00,1,3,3,1,,191,10,3,,,1,0,2,0,2,1,1,0,0,,0,1,138,13,17,,6/23 (26%),1/5 (20%),46%,10,15/33 (45%),6/13 (46%),2/3 (67%),40%,10,2,,5,,3,,,,,4
9927019,217,37289,NORMAL,REGULAR,Round of 16,CUP,2526,FC St. Pauli,Local,2ND,18/01/2022,8,0,29%,0.00,0,4,1,3,,147,19,5,,,1,0,2,1,4,0,0,0,0,,0,1,94,5,21,,7/26 (27%),2/6 (33%),52%,10,28/48 (58%),4/13 (31%),4/5 (80%),63%,19,10,,12,,1,,,,,5
9927019,217,37289,NORMAL,REGULAR,Round of 16,CUP,2673,Borussia Dortmund,Visita,ALL,18/01/2022,8,1,69%,0.00,2,14,1,6,10,757,22,9,,,6,0,6,2,11,3,1,1,3,,1,1,666,27,88,,40/66 (61%),3/16 (19%),50%,14,38/81 (47%),16/26 (62%),7/22 (32%),64%,22,10,,17,,1,,,,,6
9927019,217,37289,NORMAL,REGULAR,Round of 16,CUP,2673,Borussia Dortmund,Visita,1ST,18/01/2022,8,0,67%,0.00,1,6,0,4,,402,11,5,,,4,0,1,1,6,0,0,1,3,,0,1,351,15,42,,23/39 (59%),1/4 (25%),54%,6,18/33 (55%),7/13 (54%),2/6 (33%),73%,11,8,,4,,0,,,,,2
9927019,217,37289,NORMAL,REGULAR,Round of 16,CUP,2673,Borussia Dortmund,Visita,2ND,18/01/2022,8,1,71%,0.00,1,8,1,2,,355,11,4,,,2,0,5,1,5,3,1,0,0,,1,0,315,12,46,,17/27 (63%),2/12 (17%),48%,8,20/48 (42%),9/13 (69%),5/16 (31%),55%,11,2,,13,,1,,,,,4
9595101,44,37168,NORMAL,REGULAR,Round 20,LEAGUE,2676,Hamburger SV,Local,ALL,21/01/2022,20,2,55%,0.00,3,14,4,7,11,487,13,7,2,,5,1,6,3,12,2,1,2,1,,0,6,381,17,58,,25/54 (46%),6/25 (24%),49%,13,32/68 (47%),15/28 (54%),12/17 (71%),77%,13,14,,14,,4,,,,,4
9595101,44,37168,NORMAL,REGULAR,Round 20,LEAGUE,2676,Hamburger SV,Local,1ST,21/01/2022,20,0,60%,0.00,1,9,1,6,,272,9,3,0,,2,1,5,2,8,1,0,1,1,,0,3,218,5,33,,11/23 (48%),4/20 (20%),55%,8,20/36 (56%),7/13 (54%),8/10 (80%),89%,9,10,,8,,1,,,,,3
9595101,44,37168,NORMAL,REGULAR,Round 20,LEAGUE,2676,Hamburger SV,Local,2ND,21/01/2022,20,2,49%,0.00,2,5,3,1,,215,4,4,2,,3,0,1,1,4,1,1,1,0,,0,3,163,12,25,,14/31 (45%),2/5 (40%),43%,5,12/32 (38%),8/15 (53%),4/7 (57%),50%,4,4,,6,,3,,,,,1
9595101,44,37168,NORMAL,REGULAR,Round 20,LEAGUE,2526,FC St. Pauli,Visita,ALL,21/01/2022,20,1,45%,0.00,1,12,3,3,7,400,18,11,4,,5,0,3,4,9,3,1,0,0,,3,1,299,18,38,,22/52 (42%),3/17 (18%),51%,7,36/68 (53%),13/28 (46%),7/13 (54%),39%,18,16,,14,,3,,,,,8
9595101,44,37168,NORMAL,REGULAR,Round 20,LEAGUE,2526,FC St. Pauli,Visita,1ST,21/01/2022,20,1,40%,0.00,1,4,2,2,,190,10,3,2,,2,0,1,1,3,1,1,0,0,,1,1,142,9,12,,11/25 (44%),1/4 (25%),45%,4,16/36 (44%),6/13 (46%),3/8 (38%),20%,10,5,,9,,2,,,,,7
9595101,44,37168,NORMAL,REGULAR,Round 20,LEAGUE,2526,FC St. Pauli,Visita,2ND,21/01/2022,20,0,51%,0.00,0,8,1,1,,210,8,8,2,,3,0,2,3,6,2,0,0,0,,2,0,157,9,26,,11/27 (41%),2/13 (15%),57%,3,20/32 (63%),7/15 (47%),4/5 (80%),63%,8,11,,5,,1,,,,,1
9595074,44,37168,NORMAL,REGULAR,Round 21,LEAGUE,2526,FC St. Pauli,Local,ALL,05/02/2022,21,2,45%,0.00,2,8,4,2,9,425,13,10,1,,3,1,2,3,7,1,2,,0,,0,0,335,23,54,,33/56 (59%),4/17 (24%),43%,6,32/72 (44%),8/20 (40%),9/22 (41%),38%,13,9,,16,,4,,,,,11
9595074,44,37168,NORMAL,REGULAR,Round 21,LEAGUE,2526,FC St. Pauli,Local,1ST,05/02/2022,21,2,46%,0.00,2,4,1,0,,234,7,5,0,,3,0,0,1,4,0,2,,0,,0,0,189,12,30,,11/22 (50%),2/5 (40%),41%,4,15/35 (43%),2/6 (33%),3/10 (30%),57%,7,3,,6,,1,,,,,3
9595074,44,37168,NORMAL,REGULAR,Round 21,LEAGUE,2526,FC St. Pauli,Local,2ND,05/02/2022,21,,43%,0.00,0,4,3,2,,191,6,5,1,,0,1,2,2,3,1,0,,0,,0,0,146,11,24,,22/34 (65%),2/12 (17%),45%,2,17/37 (46%),6/14 (43%),6/12 (50%),17%,6,6,,10,,3,,,,,8
9595074,44,37168,NORMAL,REGULAR,Round 21,LEAGUE,2561,SC Paderborn 07,Visita,ALL,05/02/2022,21,2,55%,0.00,0,14,1,4,10,539,19,9,1,,5,1,8,1,7,7,0,,1,,2,3,441,16,47,,40/71 (56%),2/10 (20%),57%,4,40/72 (56%),12/20 (60%),12/21 (57%),53%,19,13,,20,,1,,,,,2
9595074,44,37168,NORMAL,REGULAR,Round 21,LEAGUE,2561,SC Paderborn 07,Visita,1ST,05/02/2022,21,1,54%,0.00,0,4,1,1,,277,11,4,0,,2,0,1,1,1,3,0,,1,,1,2,228,8,18,,15/33 (45%),0/5 (0%),59%,2,20/35 (57%),4/6 (67%),5/10 (50%),55%,11,2,,5,,1,,,,,0
9595074,44,37168,NORMAL,REGULAR,Round 21,LEAGUE,2561,SC Paderborn 07,Visita,2ND,05/02/2022,21,,57%,0.00,0,10,0,3,,262,8,5,1,,3,1,7,0,6,4,0,,0,,1,1,213,8,29,,25/38 (66%),2/5 (40%),55%,2,20/37 (54%),8/14 (57%),7/11 (64%),50%,8,11,,15,,0,,,,,2
9595115,44,37168,NORMAL,REGULAR,Round 22,LEAGUE,2567,SSV Jahn Regensburg,Local,ALL,12/02/2022,22,2,64%,0.00,2,23,3,7,7,535,20,14,1,,5,0,9,9,17,6,1,1,1,,3,1,437,30,62,,42/74 (57%),10/38 (26%),57%,9,45/78 (58%),27/48 (56%),11/19 (58%),55%,20,12,,9,,3,,,,,4
9595115,44,37168,NORMAL,REGULAR,Round 22,LEAGUE,2567,SSV Jahn Regensburg,Local,1ST,12/02/2022,22,0,63%,0.00,0,3,2,0,,287,10,6,1,,1,0,2,0,1,2,0,0,0,,1,0,233,12,32,,25/44 (57%),0/7 (0%),50%,5,21/39 (54%),9/21 (43%),5/9 (56%),50%,10,5,,5,,2,,,,,2
9595115,44,37168,NORMAL,REGULAR,Round 22,LEAGUE,2567,SSV Jahn Regensburg,Local,2ND,12/02/2022,22,,65%,0.00,2,20,1,7,,248,10,8,0,,4,0,7,9,16,4,1,1,1,,2,1,204,18,30,,17/30 (57%),10/31 (32%),64%,4,24/39 (62%),18/27 (67%),6/10 (60%),60%,10,7,,4,,1,,,,,2
9595115,44,37168,NORMAL,REGULAR,Round 22,LEAGUE,2526,FC St. Pauli,Visita,ALL,12/02/2022,22,3,36%,0.00,7,12,3,3,15,320,17,5,2,,6,0,4,2,11,1,3,4,1,,1,3,222,22,38,,25/54 (46%),3/12 (25%),43%,10,33/78 (42%),21/48 (44%),11/21 (52%),29%,17,10,,41,,3,,,,,10
9595115,44,37168,NORMAL,REGULAR,Round 22,LEAGUE,2526,FC St. Pauli,Visita,1ST,12/02/2022,22,2,37%,0.00,5,8,1,2,,173,9,3,0,,4,0,2,2,7,1,2,3,1,,1,3,120,13,14,,17/30 (57%),1/3 (33%),50%,4,18/39 (46%),12/21 (57%),6/12 (50%),22%,9,5,,12,,1,,,,,4
9595115,44,37168,NORMAL,REGULAR,Round 22,LEAGUE,2526,FC St. Pauli,Visita,2ND,12/02/2022,22,,35%,0.00,2,4,2,1,,147,8,2,2,,2,0,2,0,4,0,1,1,0,,0,0,102,9,24,,8/24 (33%),2/9 (22%),36%,6,15/39 (38%),9/27 (33%),5/9 (56%),38%,8,5,,29,,2,,,,,6
9595130,44,37168,NORMAL,REGULAR,Round 23,LEAGUE,2526,FC St. Pauli,Local,ALL,20/02/2022,23,0,59%,0.00,1,11,5,7,11,492,8,9,1,,3,1,5,3,8,3,0,1,1,,3,4,381,19,69,,25/61 (41%),6/25 (24%),48%,8,24/57 (42%),18/31 (58%),7/15 (47%),75%,8,10,,19,,5,,,,,11
9595130,44,37168,NORMAL,REGULAR,Round 23,LEAGUE,2526,FC St. Pauli,Local,1ST,20/02/2022,23,0,59%,0.00,0,5,2,3,,256,3,5,1,,1,0,3,1,2,3,0,0,1,,1,3,207,7,35,,13/31 (42%),1/11 (9%),40%,6,10/30 (33%),9/18 (50%),2/6 (33%),67%,3,3,,10,,2,,,,,6
9595130,44,37168,NORMAL,REGULAR,Round 23,LEAGUE,2526,FC St. Pauli,Local,2ND,20/02/2022,23,,59%,0.00,1,6,3,4,,236,5,4,0,,2,1,2,2,6,0,0,1,0,,2,1,174,12,34,,12/30 (40%),5/14 (36%),58%,2,14/27 (52%),9/13 (69%),5/9 (56%),80%,5,7,,9,,3,,,,,5
9595130,44,37168,NORMAL,REGULAR,Round 23,LEAGUE,2541,Hannover 96,Visita,ALL,20/02/2022,23,3,41%,0.00,8,19,3,13,9,334,16,11,2,,8,0,8,3,14,5,3,5,0,,0,0,226,18,36,,33/73 (45%),4/20 (20%),52%,4,33/57 (58%),13/31 (42%),6/10 (60%),19%,16,17,,18,,3,,,,,7
9595130,44,37168,NORMAL,REGULAR,Round 23,LEAGUE,2541,Hannover 96,Visita,1ST,20/02/2022,23,1,41%,0.00,3,10,1,6,,171,10,8,1,,3,0,5,2,7,3,1,2,0,,0,0,119,10,18,,13/35 (37%),3/10 (30%),60%,1,20/30 (67%),9/18 (50%),2/4 (50%),20%,10,7,,6,,1,,,,,3
9595130,44,37168,NORMAL,REGULAR,Round 23,LEAGUE,2541,Hannover 96,Visita,2ND,20/02/2022,23,,41%,0.00,5,9,2,7,,163,6,3,1,,5,0,3,1,7,2,2,3,0,,0,0,107,8,18,,20/38 (53%),1/10 (10%),42%,3,13/27 (48%),4/13 (31%),4/6 (67%),17%,6,10,,12,,2,,,,,4
9595172,44,37168,NORMAL,REGULAR,Round 24,LEAGUE,5880,FC Ingolstadt 04,Local,ALL,26/02/2022,24,1,46%,0.00,1,12,2,4,14,367,14,13,3,,3,0,6,3,6,6,0,1,,,3,1,258,26,47,,34/67 (51%),3/20 (15%),54%,5,35/65 (54%),23/42 (55%),9/16 (56%),64%,14,10,,11,,2,,,,,6
9595172,44,37168,NORMAL,REGULAR,Round 24,LEAGUE,5880,FC Ingolstadt 04,Local,1ST,26/02/2022,24,1,43%,0.00,0,5,1,0,,182,6,6,0,,1,0,2,2,2,3,0,0,,,1,0,137,15,17,,22/36 (61%),0/5 (0%),54%,3,18/33 (55%),10/19 (53%),7/12 (58%),83%,6,7,,6,,1,,,,,5
9595172,44,37168,NORMAL,REGULAR,Round 24,LEAGUE,5880,FC Ingolstadt 04,Local,2ND,26/02/2022,24,,50%,0.00,1,7,1,4,,185,8,7,3,,2,0,4,1,4,3,0,1,,,2,1,121,11,30,,12/31 (39%),3/15 (20%),55%,2,17/32 (53%),13/23 (57%),2/4 (50%),50%,8,3,,5,,1,,,,,1
9595172,44,37168,NORMAL,REGULAR,Round 24,LEAGUE,2526,FC St. Pauli,Visita,ALL,26/02/2022,24,3,54%,0.00,2,12,2,2,13,450,12,14,2,,5,1,4,3,7,5,1,1,,,1,1,341,24,58,,19/62 (31%),2/7 (29%),46%,9,30/65 (46%),19/42 (45%),4/9 (44%),67%,12,16,,29,,2,,,,,13
9595172,44,37168,NORMAL,REGULAR,Round 24,LEAGUE,2526,FC St. Pauli,Visita,1ST,26/02/2022,24,2,57%,0.00,1,6,0,1,,252,8,5,0,,3,0,2,1,2,4,1,0,,,1,0,202,13,32,,10/27 (37%),0/3 (0%),46%,4,15/33 (45%),9/19 (47%),2/4 (50%),63%,8,6,,11,,0,,,,,5
9595172,44,37168,NORMAL,REGULAR,Round 24,LEAGUE,2526,FC St. Pauli,Visita,2ND,26/02/2022,24,,50%,0.00,1,6,2,1,,198,4,9,2,,2,1,2,2,5,1,0,1,,,0,1,139,11,26,,9/35 (26%),2/4 (50%),45%,5,15/32 (47%),10/23 (43%),2/5 (40%),75%,4,10,,18,,2,,,,,8
10105054,217,37289,NORMAL,REGULAR,Quarterfinals,CUP,2547,1. FC Union Berlin,Local,ALL,01/03/2022,4,2,56%,0.00,5,16,1,7,11,511,16,10,2,,6,1,5,5,9,7,2,3,,,2,5,396,11,77,,37/76 (49%),4/28 (14%),53%,8,32/58 (55%),18/37 (49%),6/7 (86%),81%,16,8,,19,,1,,,,,4
10105054,217,37289,NORMAL,REGULAR,Quarterfinals,CUP,2547,1. FC Union Berlin,Local,1ST,01/03/2022,4,1,62%,0.00,2,8,1,6,,285,6,2,0,,4,0,2,2,4,4,1,1,,,1,2,228,5,37,,15/30 (50%),4/21 (19%),51%,4,10/19 (53%),8/16 (50%),2/2 (100%),83%,6,1,,5,,1,,,,,1
10105054,217,37289,NORMAL,REGULAR,Quarterfinals,CUP,2547,1. FC Union Berlin,Local,2ND,01/03/2022,4,1,49%,0.00,3,8,0,1,,226,10,8,2,,2,1,3,3,5,3,1,2,,,1,3,168,6,40,,22/46 (48%),0/7 (0%),53%,4,22/39 (56%),10/21 (48%),4/5 (80%),80%,10,7,,14,,0,,,,,3
10105054,217,37289,NORMAL,REGULAR,Quarterfinals,CUP,2526,FC St. Pauli,Visita,ALL,01/03/2022,4,1,44%,0.00,0,8,4,3,10,416,9,10,1,,2,0,5,1,4,4,0,0,,,2,0,298,20,39,,25/71 (35%),3/12 (25%),47%,7,26/58 (45%),19/37 (51%),7/16 (44%),56%,9,7,,32,,4,,,,,9
10105054,217,37289,NORMAL,REGULAR,Quarterfinals,CUP,2526,FC St. Pauli,Visita,1ST,01/03/2022,4,1,38%,0.00,0,3,3,0,,187,4,3,0,,2,0,1,0,1,2,0,0,,,1,0,133,8,11,,10/33 (30%),1/3 (33%),49%,4,9/19 (47%),8/16 (50%),2/4 (50%),50%,4,4,,24,,3,,,,,6
10105054,217,37289,NORMAL,REGULAR,Quarterfinals,CUP,2526,FC St. Pauli,Visita,2ND,01/03/2022,4,0,51%,0.00,0,5,1,3,,229,5,7,1,,0,0,4,1,3,2,0,0,,,1,0,165,12,28,,15/38 (39%),2/9 (22%),47%,3,17/39 (44%),11/21 (52%),5/12 (42%),60%,5,3,,8,,1,,,,,3
9595184,44,37168,NORMAL,REGULAR,Round 25,LEAGUE,2526,FC St. Pauli,Local,ALL,05/03/2022,25,3,51%,0.00,1,16,1,6,12,387,16,11,4,,6,0,5,5,11,5,1,0,0,,2,3,297,18,35,,34/63 (54%),5/13 (38%),55%,10,34/63 (54%),28/50 (56%),7/12 (58%),63%,16,12,,41,,1,,,,,10
9595184,44,37168,NORMAL,REGULAR,Round 25,LEAGUE,2526,FC St. Pauli,Local,1ST,05/03/2022,25,3,56%,0.00,1,11,1,3,,209,6,8,0,,4,0,4,3,7,4,1,0,0,,2,2,164,11,18,,19/34 (56%),4/9 (44%),62%,1,18/27 (67%),16/28 (57%),4/7 (57%),67%,6,7,,8,,1,,,,,4
9595184,44,37168,NORMAL,REGULAR,Round 25,LEAGUE,2526,FC St. Pauli,Local,2ND,05/03/2022,25,,46%,0.00,0,5,0,3,,178,10,3,4,,2,0,1,2,4,1,0,0,0,,0,1,133,7,17,,15/29 (52%),1/4 (25%),48%,9,16/36 (44%),12/22 (55%),3/5 (60%),60%,10,5,,33,,0,,,,,6
9595184,44,37168,NORMAL,REGULAR,Round 25,LEAGUE,2553,Karlsruher SC,Visita,ALL,05/03/2022,25,1,49%,0.00,2,13,3,5,11,368,15,12,2,,2,0,6,5,10,3,0,2,1,,2,2,258,26,68,,38/75 (51%),4/21 (19%),45%,5,29/63 (46%),22/50 (44%),2/13 (15%),73%,15,11,,15,,3,,,,,7
9595184,44,37168,NORMAL,REGULAR,Round 25,LEAGUE,2553,Karlsruher SC,Visita,1ST,05/03/2022,25,0,44%,0.00,1,3,1,2,,165,4,5,2,,1,0,2,0,3,0,0,1,0,,0,1,110,7,35,,26/45 (58%),4/10 (40%),38%,1,9/27 (33%),12/28 (43%),0/5 (0%),75%,4,3,,12,,1,,,,,6
9595184,44,37168,NORMAL,REGULAR,Round 25,LEAGUE,2553,Karlsruher SC,Visita,2ND,05/03/2022,25,,54%,0.00,1,10,2,3,,203,11,7,0,,1,0,4,5,7,3,0,1,1,,2,1,148,19,33,,12/30 (40%),0/11 (0%),52%,4,20/36 (56%),10/22 (45%),2/8 (25%),73%,11,8,,3,,2,,,,,1
9595186,44,37168,NORMAL,REGULAR,Round 26,LEAGUE,2595,SG Dynamo Dresden,Local,ALL,12/03/2022,26,1,38%,0.00,2,14,5,4,10,327,16,7,,,5,0,5,4,10,4,1,1,0,,,2,234,21,42,,17/51 (33%),4/20 (20%),52%,6,37/72 (51%),19/36 (53%),14/28 (50%),63%,16,18,,35,,5,,,,,14
9595186,44,37168,NORMAL,REGULAR,Round 26,LEAGUE,2595,SG Dynamo Dresden,Local,1ST,12/03/2022,26,1,42%,0.00,2,11,1,3,,156,10,5,,,4,0,3,4,8,3,1,1,0,,,1,119,14,26,,8/21 (38%),3/15 (20%),53%,2,23/43 (53%),8/15 (53%),8/16 (50%),50%,10,9,,12,,1,,,,,5
9595186,44,37168,NORMAL,REGULAR,Round 26,LEAGUE,2595,SG Dynamo Dresden,Local,2ND,12/03/2022,26,,36%,0.00,0,3,4,1,,171,6,2,,,1,0,2,0,2,1,0,0,0,,,1,115,7,16,,9/30 (30%),1/5 (20%),50%,4,14/29 (48%),11/21 (52%),6/12 (50%),83%,6,9,,23,,4,,,,,9
9595186,44,37168,NORMAL,REGULAR,Round 26,LEAGUE,2526,FC St. Pauli,Visita,ALL,12/03/2022,26,1,62%,0.00,5,21,4,8,7,534,20,10,,,6,4,13,2,13,8,1,4,1,,,0,417,27,67,,43/74 (58%),11/25 (44%),48%,7,35/72 (49%),17/36 (47%),5/14 (36%),85%,20,9,,13,,4,,,,,7
9595186,44,37168,NORMAL,REGULAR,Round 26,LEAGUE,2526,FC St. Pauli,Visita,1ST,12/03/2022,26,1,58%,0.00,2,8,3,5,,225,10,7,,,2,0,5,1,5,3,1,1,0,,,0,175,10,26,,24/37 (65%),5/10 (50%),47%,4,20/43 (47%),7/15 (47%),3/9 (33%),70%,10,6,,9,,3,,,,,3
9595186,44,37168,NORMAL,REGULAR,Round 26,LEAGUE,2526,FC St. Pauli,Visita,2ND,12/03/2022,26,,64%,0.00,3,13,1,3,,309,10,3,,,4,4,8,1,8,5,0,3,1,,,0,242,17,41,,19/37 (51%),6/15 (40%),50%,3,15/29 (52%),10/21 (48%),2/5 (40%),100%,10,3,,4,,1,,,,,4
9595225,44,37168,NORMAL,REGULAR,Round 27,LEAGUE,2526,FC St. Pauli,Local,ALL,18/03/2022,27,1,55%,0.00,1,20,2,7,12,519,13,10,3,,7,0,8,5,15,5,1,0,0,,2,1,395,24,61,,36/79 (46%),2/13 (15%),56%,8,41/71 (58%),24/46 (52%),18/24 (75%),54%,13,12,,10,,2,,,,,9
9595225,44,37168,NORMAL,REGULAR,Round 27,LEAGUE,2526,FC St. Pauli,Local,1ST,18/03/2022,27,0,50%,0.00,0,5,2,1,,246,4,5,1,,1,0,1,3,4,1,0,0,0,,1,0,182,16,34,,12/32 (38%),0/2 (0%),50%,4,16/31 (52%),10/21 (48%),7/10 (70%),75%,4,6,,1,,2,,,,,1
9595225,44,37168,NORMAL,REGULAR,Round 27,LEAGUE,2526,FC St. Pauli,Local,2ND,18/03/2022,27,1,60%,0.00,1,15,0,6,,273,9,5,2,,6,0,7,2,11,4,1,0,0,,1,1,213,8,27,,24/47 (51%),2/11 (18%),60%,4,25/40 (63%),14/25 (56%),11/14 (79%),44%,9,6,,9,,0,,,,,8
9595225,44,37168,NORMAL,REGULAR,Round 27,LEAGUE,5885,1. FC Heidenheim,Visita,ALL,18/03/2022,27,0,45%,0.00,2,11,6,0,10,421,14,11,3,,2,1,7,2,8,3,0,2,1,,1,3,290,30,56,,40/80 (50%),3/9 (33%),44%,5,30/71 (42%),22/46 (48%),6/14 (43%),57%,14,14,,13,,6,,,,,10
9595225,44,37168,NORMAL,REGULAR,Round 27,LEAGUE,5885,1. FC Heidenheim,Visita,1ST,18/03/2022,27,0,50%,0.00,2,6,1,0,,243,7,7,2,,2,0,2,2,5,1,0,2,1,,1,3,174,13,24,,27/51 (53%),1/1 (100%),50%,2,15/31 (48%),11/21 (52%),2/4 (50%),57%,7,6,,6,,1,,,,,4
9595225,44,37168,NORMAL,REGULAR,Round 27,LEAGUE,5885,1. FC Heidenheim,Visita,2ND,18/03/2022,27,0,40%,0.00,0,5,5,0,,178,7,4,1,,0,1,5,0,3,2,0,0,0,,0,0,116,17,32,,13/29 (45%),2/8 (25%),40%,3,15/40 (38%),11/25 (44%),4/10 (40%),57%,7,8,,7,,5,,,,,6
9595254,44,37168,NORMAL,REGULAR,Round 28,LEAGUE,2533,FC Hansa Rostock,Local,ALL,02/04/2022,28,1,38%,0.00,2,22,2,2,11,307,16,13,2,,6,0,11,5,13,9,1,1,,,4,1,207,17,57,,34/65 (52%),5/12 (42%),60%,1,34/56 (61%),25/43 (58%),7/14 (50%),63%,16,20,,29,,2,,,,,7
9595254,44,37168,NORMAL,REGULAR,Round 28,LEAGUE,2533,FC Hansa Rostock,Local,1ST,02/04/2022,28,0,39%,0.00,1,13,2,1,,172,8,6,2,,4,0,6,3,7,6,0,1,,,1,1,115,8,33,,17/38 (45%),2/4 (50%),60%,1,17/30 (57%),14/22 (64%),4/7 (57%),75%,8,13,,12,,2,,,,,4
9595254,44,37168,NORMAL,REGULAR,Round 28,LEAGUE,2533,FC Hansa Rostock,Local,2ND,02/04/2022,28,,36%,0.00,1,9,0,1,,135,8,7,0,,2,0,5,2,6,3,1,0,,,3,0,92,9,24,,17/27 (63%),3/8 (38%),60%,0,17/26 (65%),11/21 (52%),3/7 (43%),50%,8,7,,17,,0,,,,,3
9595254,44,37168,NORMAL,REGULAR,Round 28,LEAGUE,2526,FC St. Pauli,Visita,ALL,02/04/2022,28,0,62%,0.00,2,12,5,6,13,504,8,9,0,,2,0,7,3,7,5,0,2,,,2,0,388,32,71,,27/58 (47%),5/20 (25%),40%,8,22/56 (39%),18/43 (42%),5/13 (38%),63%,8,3,,20,,5,,,,,12
9595254,44,37168,NORMAL,REGULAR,Round 28,LEAGUE,2526,FC St. Pauli,Visita,1ST,02/04/2022,28,0,61%,0.00,1,7,4,3,,269,4,5,0,,2,0,4,1,5,2,0,1,,,1,0,209,11,40,,13/26 (50%),2/6 (33%),40%,5,13/30 (43%),8/22 (36%),4/7 (57%),75%,4,0,,9,,4,,,,,6
9595254,44,37168,NORMAL,REGULAR,Round 28,LEAGUE,2526,FC St. Pauli,Visita,2ND,02/04/2022,28,,64%,0.00,1,5,1,3,,235,4,4,0,,0,0,3,2,2,3,0,1,,,1,0,179,21,31,,14/32 (44%),3/14 (21%),40%,3,9/26 (35%),10/21 (48%),1/6 (17%),50%,4,3,,11,,1,,,,,6
9595132,44,37168,NORMAL,REGULAR,Round 29,LEAGUE,2526,FC St. Pauli,Local,ALL,09/04/2022,29,1,46%,0.00,2,12,1,5,7,389,25,7,1,,4,0,6,2,8,4,1,1,0,,0,5,269,27,48,,23/62 (37%),4/17 (24%),47%,13,44/91 (48%),11/26 (42%),12/24 (50%),36%,25,12,,15,,1,,,,,11
9595132,44,37168,NORMAL,REGULAR,Round 29,LEAGUE,2526,FC St. Pauli,Local,1ST,09/04/2022,29,1,46%,0.00,1,7,1,3,,200,7,4,0,,2,0,4,1,4,3,1,0,0,,0,4,142,14,25,,10/24 (42%),2/8 (25%),42%,10,21/46 (46%),2/9 (22%),10/14 (71%),57%,7,7,,8,,1,,,,,5
9595132,44,37168,NORMAL,REGULAR,Round 29,LEAGUE,2526,FC St. Pauli,Local,2ND,09/04/2022,29,,46%,0.00,1,5,0,2,,189,18,3,1,,2,0,2,1,4,1,0,1,0,,0,1,127,13,23,,13/38 (34%),2/9 (22%),52%,3,23/45 (51%),9/17 (53%),2/10 (20%),28%,18,5,,7,,0,,,,,6
9595132,44,37168,NORMAL,REGULAR,Round 29,LEAGUE,2534,SV Werder Bremen,Visita,ALL,09/04/2022,29,1,54%,0.00,2,14,3,4,8,452,25,7,0,,2,1,7,5,12,2,1,1,2,,2,3,335,20,64,,31/60 (52%),8/24 (33%),53%,10,47/91 (52%),15/26 (58%),15/30 (50%),56%,25,15,,13,,3,,,,,6
9595132,44,37168,NORMAL,REGULAR,Round 29,LEAGUE,2534,SV Werder Bremen,Visita,1ST,09/04/2022,29,0,54%,0.00,1,7,1,3,,230,14,4,0,,1,0,3,3,6,1,0,1,1,,0,1,171,7,27,,15/28 (54%),4/13 (31%),58%,5,25/46 (54%),7/9 (78%),7/9 (78%),43%,14,11,,7,,1,,,,,4
9595132,44,37168,NORMAL,REGULAR,Round 29,LEAGUE,2534,SV Werder Bremen,Visita,2ND,09/04/2022,29,,54%,0.00,1,7,2,1,,222,11,3,0,,1,1,4,2,6,1,1,0,1,,2,2,164,13,37,,16/32 (50%),4/11 (36%),48%,5,22/45 (49%),8/17 (47%),8/21 (38%),73%,11,4,,6,,2,,,,,2
9595228,44,37168,NORMAL,REGULAR,Round 30,LEAGUE,6157,SV Sandhausen,Local,ALL,16/04/2022,30,1,44%,0.00,2,7,2,9,16,342,18,6,1,,2,0,3,2,4,3,1,1,,,1,2,231,27,46,,34/65 (52%),3/23 (13%),47%,5,29/58 (50%),25/57 (44%),5/8 (63%),67%,18,6,,12,,2,,,,,12
9595228,44,37168,NORMAL,REGULAR,Round 30,LEAGUE,6157,SV Sandhausen,Local,1ST,16/04/2022,30,0,30%,0.00,1,4,1,5,,111,6,3,0,,1,0,2,1,3,1,0,1,,,0,1,66,8,21,,11/26 (42%),1/9 (11%),46%,1,12/23 (52%),11/27 (41%),3/3 (100%),83%,6,3,,10,,1,,,,,7
9595228,44,37168,NORMAL,REGULAR,Round 30,LEAGUE,6157,SV Sandhausen,Local,2ND,16/04/2022,30,,57%,0.00,1,3,1,4,,231,12,3,1,,1,0,1,1,1,2,1,0,,,1,1,165,19,25,,23/39 (59%),2/14 (14%),48%,4,17/35 (49%),14/30 (47%),2/5 (40%),58%,12,3,,2,,1,,,,,5
9595228,44,37168,NORMAL,REGULAR,Round 30,LEAGUE,2526,FC St. Pauli,Visita,ALL,16/04/2022,30,1,56%,0.00,2,6,1,4,6,456,8,15,0,,3,0,2,1,3,3,1,1,,,2,0,348,25,82,,27/62 (44%),1/15 (7%),53%,7,29/58 (50%),32/57 (56%),6/17 (35%),75%,8,8,,33,,1,,,,,7
9595228,44,37168,NORMAL,REGULAR,Round 30,LEAGUE,2526,FC St. Pauli,Visita,1ST,16/04/2022,30,1,70%,0.00,1,5,1,2,,268,1,7,0,,2,0,2,1,2,3,1,0,,,1,0,229,12,31,,14/25 (56%),1/12 (8%),54%,3,11/23 (48%),16/27 (59%),3/6 (50%),100%,1,3,,11,,1,,,,,5
9595228,44,37168,NORMAL,REGULAR,Round 30,LEAGUE,2526,FC St. Pauli,Visita,2ND,16/04/2022,30,,43%,0.00,1,1,0,2,,188,7,8,0,,1,0,0,0,1,0,0,1,,,1,0,119,13,51,,13/37 (35%),0/3 (0%),52%,4,18/35 (51%),16/30 (53%),3/11 (27%),71%,7,5,,22,,0,,,,,2
9595181,44,37168,NORMAL,REGULAR,Round 31,LEAGUE,2526,FC St. Pauli,Local,ALL,23/04/2022,31,1,66%,0.00,2,23,2,5,9,656,21,10,3,,8,0,10,5,14,9,1,1,2,,2,1,521,29,105,,20/51 (39%),6/31 (19%),47%,18,40/83 (48%),19/42 (45%),9/15 (60%),52%,21,7,,25,,2,,,,,3
9595181,44,37168,NORMAL,REGULAR,Round 31,LEAGUE,2526,FC St. Pauli,Local,1ST,23/04/2022,31,0,61%,0.00,0,7,0,2,,296,8,6,1,,2,0,3,2,4,3,0,0,1,,1,1,228,12,43,,8/26 (31%),3/10 (30%),48%,6,18/37 (49%),8/17 (47%),4/7 (57%),50%,8,3,,17,,0,,,,,0
9595181,44,37168,NORMAL,REGULAR,Round 31,LEAGUE,2526,FC St. Pauli,Local,2ND,23/04/2022,31,,71%,0.00,2,16,2,3,,360,13,4,2,,6,0,7,3,10,6,1,1,1,,1,0,293,17,62,,12/25 (48%),3/21 (14%),46%,12,22/46 (48%),11/25 (44%),5/8 (63%),54%,13,4,,8,,2,,,,,3
9595181,44,37168,NORMAL,REGULAR,Round 31,LEAGUE,2576,Darmstadt 98,Visita,ALL,23/04/2022,31,2,34%,0.00,2,10,7,2,12,336,24,9,4,,4,0,4,2,7,3,1,1,0,,1,0,205,22,58,,31/86 (36%),4/14 (29%),53%,14,43/83 (52%),23/42 (55%),10/17 (59%),63%,24,15,,41,,7,,,,,16
9595181,44,37168,NORMAL,REGULAR,Round 31,LEAGUE,2576,Darmstadt 98,Visita,1ST,23/04/2022,31,2,39%,0.00,1,3,2,2,,181,9,5,1,,2,0,1,0,3,0,1,0,0,,0,0,117,9,28,,20/44 (45%),2/9 (22%),52%,5,19/37 (51%),9/17 (53%),5/8 (63%),67%,9,7,,12,,2,,,,,9
9595181,44,37168,NORMAL,REGULAR,Round 31,LEAGUE,2576,Darmstadt 98,Visita,2ND,23/04/2022,31,,29%,0.00,1,7,5,0,,155,15,4,3,,2,0,3,2,4,3,0,1,0,,1,0,88,13,30,,11/42 (26%),2/5 (40%),54%,9,24/46 (52%),14/25 (56%),5/9 (56%),60%,15,8,,29,,5,,,,,7
9595249,44,37168,NORMAL,REGULAR,Round 32,LEAGUE,2526,FC St. Pauli,Local,ALL,29/04/2022,32,1,64%,0.00,2,16,1,7,18,608,7,12,2,,2,1,9,5,6,10,1,1,,,1,1,507,18,38,,23/54 (43%),6/21 (29%),52%,17,33/75 (44%),27/41 (66%),14/18 (78%),57%,7,8,,14,,1,,,,,4
9595249,44,37168,NORMAL,REGULAR,Round 32,LEAGUE,2526,FC St. Pauli,Local,1ST,29/04/2022,32,0,65%,0.00,1,7,0,3,,289,4,5,2,,0,0,6,1,2,5,0,1,,,0,0,243,11,16,,9/19 (47%),1/10 (10%),53%,9,18/40 (45%),12/17 (71%),9/13 (69%),50%,4,3,,7,,0,,,,,1
9595249,44,37168,NORMAL,REGULAR,Round 32,LEAGUE,2526,FC St. Pauli,Local,2ND,29/04/2022,32,1,63%,0.00,1,9,1,4,,319,3,7,0,,2,1,3,4,4,5,1,0,,,1,1,264,7,22,,14/35 (40%),5/11 (45%),51%,8,15/35 (43%),15/24 (63%),5/5 (100%),67%,3,5,,7,,1,,,,,3
9595249,44,37168,NORMAL,REGULAR,Round 32,LEAGUE,2523,1. FC Nürnberg,Visita,ALL,29/04/2022,32,1,36%,0.00,0,10,1,1,12,344,21,18,0,,2,0,4,4,6,4,0,0,,,1,1,235,12,41,,24/72 (33%),4/10 (40%),48%,6,42/75 (56%),14/41 (34%),5/6 (83%),67%,21,12,,23,,1,,,,,12
9595249,44,37168,NORMAL,REGULAR,Round 32,LEAGUE,2523,1. FC Nürnberg,Visita,1ST,29/04/2022,32,0,35%,0.00,0,4,0,0,,153,13,8,0,,0,0,1,3,2,2,0,0,,,1,1,104,8,17,,10/33 (30%),2/5 (40%),47%,4,22/40 (55%),5/17 (29%),1/1 (100%),69%,13,6,,8,,0,,,,,10
9595249,44,37168,NORMAL,REGULAR,Round 32,LEAGUE,2523,1. FC Nürnberg,Visita,2ND,29/04/2022,32,1,37%,0.00,0,6,1,1,,191,8,10,0,,2,0,3,1,4,2,0,0,,,0,0,131,4,24,,14/39 (36%),2/5 (40%),49%,2,20/35 (57%),9/24 (38%),4/5 (80%),63%,8,6,,15,,1,,,,,2
9595271,44,37168,NORMAL,REGULAR,Round 33,LEAGUE,2530,FC Schalke 04,Local,ALL,07/05/2022,33,3,52%,0.00,7,24,1,4,13,435,17,15,3,0,10,0,9,5,18,6,3,4,,,3,1,369,21,55,,33/49 (67%),10/23 (43%),56%,4,40/68 (59%),13/26 (50%),8/16 (50%),59%,17,15,,8,,1,,,,,1
9595271,44,37168,NORMAL,REGULAR,Round 33,LEAGUE,2530,FC Schalke 04,Local,1ST,07/05/2022,33,0,61%,0.00,4,15,0,2,,278,5,4,1,0,4,0,8,3,11,4,0,4,,,1,0,240,10,25,,23/33 (70%),8/14 (57%),56%,1,14/22 (64%),5/12 (42%),5/7 (71%),60%,5,8,,0,,0,,,,,1
9595271,44,37168,NORMAL,REGULAR,Round 33,LEAGUE,2530,FC Schalke 04,Local,2ND,07/05/2022,33,3,43%,0.00,3,9,1,2,,157,12,11,2,0,6,0,1,2,7,2,3,0,,,2,1,129,11,30,,10/16 (63%),2/9 (22%),57%,3,26/46 (57%),8/14 (57%),3/9 (33%),58%,12,7,,8,,1,,,,,0
9595271,44,37168,NORMAL,REGULAR,Round 33,LEAGUE,2526,FC St. Pauli,Visita,ALL,07/05/2022,33,2,48%,0.00,1,6,6,3,16,397,12,12,5,2,3,0,1,2,6,0,1,0,,,2,0,313,18,32,,25/52 (48%),5/17 (29%),44%,9,28/68 (41%),13/26 (50%),4/12 (33%),75%,12,12,,12,,6,,,,,15
9595271,44,37168,NORMAL,REGULAR,Round 33,LEAGUE,2526,FC St. Pauli,Visita,1ST,07/05/2022,33,2,39%,0.00,1,4,3,2,,184,3,4,1,0,2,0,1,1,4,0,1,0,,,0,0,140,11,14,,15/28 (54%),3/5 (60%),44%,3,8/22 (36%),7/12 (58%),1/3 (33%),67%,3,10,,8,,3,,,,,10
9595271,44,37168,NORMAL,REGULAR,Round 33,LEAGUE,2526,FC St. Pauli,Visita,2ND,07/05/2022,33,0,57%,0.00,0,2,3,1,,213,9,8,4,2,1,0,0,1,2,0,0,0,,,2,0,173,7,18,,10/24 (42%),2/12 (17%),43%,6,20/46 (43%),6/14 (43%),3/9 (33%),78%,9,2,,4,,3,,,,,5
9595206,44,37168,NORMAL,REGULAR,Round 34,LEAGUE,2526,FC St. Pauli,Local,ALL,15/05/2022,34,2,40%,0.00,1,17,4,7,11,348,12,16,2,,5,0,6,6,8,9,1,,1,,4,1,269,23,50,,18/36 (50%),6/18 (33%),49%,8,33/64 (52%),12/27 (44%),5/14 (36%),50%,12,5,,20,,4,,,,,3
9595206,44,37168,NORMAL,REGULAR,Round 34,LEAGUE,2526,FC St. Pauli,Local,1ST,15/05/2022,34,0,44%,0.00,0,9,1,3,,185,6,9,1,,1,0,4,4,5,4,0,,1,,2,0,152,12,31,,13/19 (68%),5/12 (42%),51%,5,16/33 (48%),7/12 (58%),1/5 (20%),50%,6,1,,8,,1,,,,,1
9595206,44,37168,NORMAL,REGULAR,Round 34,LEAGUE,2526,FC St. Pauli,Local,2ND,15/05/2022,34,2,36%,0.00,1,8,3,4,,163,6,7,1,,4,0,2,2,3,5,1,,0,,2,1,117,11,19,,5/17 (29%),1/6 (17%),48%,3,17/31 (55%),5/15 (33%),4/9 (44%),50%,6,4,,12,,3,,,,,2
9595206,44,37168,NORMAL,REGULAR,Round 34,LEAGUE,2588,Fortuna Düsseldorf,Visita,ALL,15/05/2022,34,0,60%,0.00,0,9,3,5,17,539,17,11,2,,4,0,3,2,5,4,0,,0,,2,1,450,16,35,,34/67 (51%),3/21 (14%),51%,8,31/64 (48%),15/27 (56%),3/7 (43%),53%,17,21,,17,,3,,,,,12
9595206,44,37168,NORMAL,REGULAR,Round 34,LEAGUE,2588,Fortuna Düsseldorf,Visita,1ST,15/05/2022,34,0,56%,0.00,0,5,1,2,,244,9,7,0,,1,0,2,2,3,2,0,,0,,1,0,203,6,15,,14/28 (50%),1/9 (11%),49%,4,17/33 (52%),5/12 (42%),1/3 (33%),67%,9,9,,9,,1,,,,,9
9595206,44,37168,NORMAL,REGULAR,Round 34,LEAGUE,2588,Fortuna Düsseldorf,Visita,2ND,15/05/2022,34,0,64%,0.00,0,4,2,3,,295,8,4,2,,3,0,1,0,2,2,0,,0,,1,1,247,10,20,,20/39 (51%),2/12 (17%),52%,4,14/31 (45%),10/15 (67%),2/4 (50%),38%,8,12,,8,,2,,,,,3
10388696,44,42269,NORMAL,REGULAR,Round 1,LEAGUE,2526,FC St. Pauli,Local,ALL,16/07/2022,1,3,51%,0.00,1,17,2,4,17,419,16,10,3,,7,0,4,6,11,6,1,,1,,3,0,292,28,62,,18/66 (27%),2/13 (15%),45%,9,30/75 (40%),21/38 (55%),4/13 (31%),44%,16,11,,16,,2,,,,,9
10388696,44,42269,NORMAL,REGULAR,Round 1,LEAGUE,2526,FC St. Pauli,Local,1ST,16/07/2022,1,3,46%,0.00,1,7,1,2,,178,7,5,1,,5,0,1,1,5,2,1,,1,,2,0,117,15,18,,8/28 (29%),2/6 (33%),38%,4,12/35 (34%),7/15 (47%),0/6 (0%),29%,7,8,,8,,1,,,,,4
10388696,44,42269,NORMAL,REGULAR,Round 1,LEAGUE,2526,FC St. Pauli,Local,2ND,16/07/2022,1,0,55%,0.00,0,10,1,2,,241,9,5,2,,2,0,3,5,6,4,0,,0,,1,0,175,13,44,,10/38 (26%),0/7 (0%),51%,5,18/40 (45%),14/23 (61%),4/7 (57%),56%,9,3,,8,,1,,,,,5
10388696,44,42269,NORMAL,REGULAR,Round 1,LEAGUE,2523,1. FC Nürnberg,Visita,ALL,16/07/2022,1,2,49%,0.00,1,11,4,4,10,397,18,16,4,,4,0,5,2,8,3,1,,0,,2,2,284,22,73,,28/76 (37%),4/18 (22%),55%,11,45/75 (60%),17/38 (45%),11/16 (69%),56%,18,14,,15,,4,,,,,8
10388696,44,42269,NORMAL,REGULAR,Round 1,LEAGUE,2523,1. FC Nürnberg,Visita,1ST,16/07/2022,1,0,54%,0.00,0,6,2,3,,204,10,8,2,,1,0,3,2,5,1,0,,0,,1,0,151,12,33,,11/33 (33%),2/12 (17%),62%,5,23/35 (66%),8/15 (53%),5/7 (71%),60%,10,7,,8,,2,,,,,2
10388696,44,42269,NORMAL,REGULAR,Round 1,LEAGUE,2523,1. FC Nürnberg,Visita,2ND,16/07/2022,1,2,45%,0.00,1,5,2,1,,193,8,8,2,,3,0,2,0,3,2,1,,0,,1,2,133,10,40,,17/43 (40%),2/6 (33%),49%,6,22/40 (55%),9/23 (39%),6/9 (67%),50%,8,7,,7,,2,,,,,6
10388707,44,42269,NORMAL,REGULAR,Round 2,LEAGUE,2541,Hannover 96,Local,ALL,23/07/2022,2,2,47%,0.00,3,14,1,2,11,387,19,11,1,,4,1,9,1,9,5,1,2,,,4,0,286,23,45,,28/62 (45%),3/15 (20%),53%,8,40/73 (55%),18/37 (49%),10/23 (43%),58%,19,15,,28,,1,,,,,9
10388707,44,42269,NORMAL,REGULAR,Round 2,LEAGUE,2541,Hannover 96,Local,1ST,23/07/2022,2,1,55%,0.00,1,6,1,1,,239,6,5,0,,1,0,5,0,3,3,1,0,,,3,0,184,14,26,,16/29 (55%),1/10 (10%),59%,4,16/29 (55%),11/17 (65%),5/12 (42%),67%,6,8,,11,,1,,,,,3
10388707,44,42269,NORMAL,REGULAR,Round 2,LEAGUE,2541,Hannover 96,Local,2ND,23/07/2022,2,1,39%,0.00,2,8,0,1,,148,13,6,1,,3,1,4,1,6,2,0,2,,,1,0,102,9,19,,12/33 (36%),2/5 (40%),48%,4,24/44 (55%),7/20 (35%),5/11 (45%),54%,13,7,,17,,0,,,,,6
10388707,44,42269,NORMAL,REGULAR,Round 2,LEAGUE,2526,FC St. Pauli,Visita,ALL,23/07/2022,2,2,53%,0.00,2,15,2,6,13,422,21,10,3,,3,0,9,3,9,6,1,1,,,3,1,322,32,64,,34/57 (60%),4/28 (14%),47%,9,33/73 (45%),19/37 (51%),3/13 (23%),48%,21,8,,19,,2,,,,,10
10388707,44,42269,NORMAL,REGULAR,Round 2,LEAGUE,2526,FC St. Pauli,Visita,1ST,23/07/2022,2,1,45%,0.00,1,8,0,3,,194,11,2,1,,2,0,4,2,5,3,0,1,,,0,1,144,14,27,,13/28 (46%),2/13 (15%),41%,1,13/29 (45%),6/17 (35%),1/6 (17%),55%,11,6,,12,,0,,,,,7
10388707,44,42269,NORMAL,REGULAR,Round 2,LEAGUE,2526,FC St. Pauli,Visita,2ND,23/07/2022,2,1,61%,0.00,1,7,2,3,,228,10,8,2,,1,0,5,1,4,3,1,0,,,3,0,178,18,37,,21/29 (72%),2/15 (13%),52%,8,20/44 (45%),13/20 (65%),2/7 (29%),40%,10,2,,7,,2,,,,,3
10352149,217,41962,NORMAL,PLAYOFF,Round 1,CUP,225061,SV 19 Straelen,Local,ALL,30/07/2022,1,3,28%,0.00,2,9,4,3,19,229,22,9,3,0,4,0,2,3,5,4,2,0,1,,2,2,145,14,38,,23/64 (36%),3/10 (30%),51%,9,41/76 (54%),8/21 (38%),10/13 (77%),64%,22,11,,32,,4,,,,,12
10352149,217,41962,NORMAL,PLAYOFF,Round 1,CUP,225061,SV 19 Straelen,Local,1ST,30/07/2022,1,2,30%,0.00,2,5,4,2,,131,9,3,1,0,2,0,1,2,4,1,2,0,1,,0,1,84,5,22,,10/33 (30%),2/6 (33%),47%,6,18/35 (51%),5/14 (36%),6/8 (75%),67%,9,6,,13,,4,,,,,9
10352149,217,41962,NORMAL,PLAYOFF,Round 1,CUP,225061,SV 19 Straelen,Local,2ND,30/07/2022,1,1,26%,0.00,0,4,0,1,,98,13,6,2,0,2,0,1,1,1,3,0,0,0,,2,1,61,9,16,,13/31 (42%),1/4 (25%),54%,3,23/41 (56%),3/7 (43%),4/5 (80%),62%,13,5,,19,,0,,,,,3
10352149,217,41962,NORMAL,PLAYOFF,Round 1,CUP,2526,FC St. Pauli,Visita,ALL,30/07/2022,1,4,72%,0.00,4,28,1,13,9,572,12,17,0,1,10,2,12,6,21,7,3,1,0,,7,1,493,22,71,,29/43 (67%),14/37 (38%),49%,16,35/76 (46%),13/21 (62%),7/13 (54%),42%,12,4,,6,,1,,,,,5
10352149,217,41962,NORMAL,PLAYOFF,Round 1,CUP,2526,FC St. Pauli,Visita,1ST,30/07/2022,1,2,70%,0.00,2,16,0,6,,304,8,5,0,0,7,0,7,2,12,4,1,1,0,,2,0,257,14,41,,15/20 (75%),7/20 (35%),53%,6,17/35 (49%),9/14 (64%),4/7 (57%),38%,8,2,,3,,0,,,,,1
10352149,217,41962,NORMAL,PLAYOFF,Round 1,CUP,2526,FC St. Pauli,Visita,2ND,30/07/2022,1,2,74%,0.00,2,12,1,7,,268,4,12,0,1,3,2,5,4,9,3,2,0,0,,5,1,236,8,30,,14/23 (61%),7/17 (41%),46%,10,18/41 (44%),4/7 (57%),3/6 (50%),50%,4,2,,3,,1,,,,,4
10388734,44,42269,NORMAL,REGULAR,Round 3,LEAGUE,2675,1. FC Kaiserslautern,Local,ALL,07/08/2022,3,2,37%,0.00,3,10,3,8,9,317,16,11,1,,3,1,5,2,7,3,2,1,,,0,4,227,23,43,,27/59 (46%),7/17 (41%),46%,10,32/67 (48%),14/32 (44%),5/13 (38%),63%,16,10,,13,,3,,,,,12
10388734,44,42269,NORMAL,REGULAR,Round 3,LEAGUE,2675,1. FC Kaiserslautern,Local,1ST,07/08/2022,3,1,42%,0.00,1,5,0,4,,195,8,7,0,,2,0,2,1,4,1,1,0,,,0,2,140,10,21,,12/32 (38%),6/8 (75%),53%,3,17/28 (61%),7/17 (41%),2/5 (40%),63%,8,6,,8,,0,,,,,3
10388734,44,42269,NORMAL,REGULAR,Round 3,LEAGUE,2675,1. FC Kaiserslautern,Local,2ND,07/08/2022,3,1,31%,0.00,2,5,3,4,,122,8,4,1,,1,1,3,1,3,2,1,1,,,0,2,87,13,22,,15/27 (56%),1/9 (11%),41%,7,15/39 (38%),7/15 (47%),3/8 (38%),63%,8,4,,5,,3,,,,,9
10388734,44,42269,NORMAL,REGULAR,Round 3,LEAGUE,2526,FC St. Pauli,Visita,ALL,07/08/2022,3,1,63%,0.00,0,15,1,4,11,563,18,9,1,,4,0,8,3,13,2,0,0,,,1,0,466,28,72,,37/62 (60%),6/18 (33%),54%,9,35/67 (52%),18/32 (56%),8/15 (53%),56%,18,8,,14,,1,,,,,7
10388734,44,42269,NORMAL,REGULAR,Round 3,LEAGUE,2526,FC St. Pauli,Visita,1ST,07/08/2022,3,0,58%,0.00,0,5,1,2,,276,6,2,0,,0,0,4,1,5,0,0,0,,,0,0,225,15,37,,19/31 (61%),4/12 (33%),47%,3,11/28 (39%),10/17 (59%),3/8 (38%),50%,6,5,,6,,1,,,,,2
10388734,44,42269,NORMAL,REGULAR,Round 3,LEAGUE,2526,FC St. Pauli,Visita,2ND,07/08/2022,3,1,69%,0.00,0,10,0,2,,287,12,7,1,,4,0,4,2,8,2,0,0,,,1,0,241,13,35,,18/31 (58%),2/6 (33%),59%,6,24/39 (62%),8/15 (53%),5/7 (71%),58%,12,3,,8,,0,,,,,5
10388749,44,42269,NORMAL,REGULAR,Round 4,LEAGUE,2526,FC St. Pauli,Local,ALL,14/08/2022,4,3,37%,0.00,5,23,2,7,7,315,24,8,3,,8,1,9,6,14,9,2,3,1,,,1,233,21,47,,26/54 (48%),9/18 (50%),58%,10,37/64 (58%),22/37 (59%),5/11 (45%),71%,24,11,,12,,2,,,,,11
10388749,44,42269,NORMAL,REGULAR,Round 4,LEAGUE,2526,FC St. Pauli,Local,1ST,14/08/2022,4,2,37%,0.00,2,12,0,5,,154,9,5,3,,5,1,3,4,7,5,1,1,0,,,1,114,13,29,,12/30 (40%),5/11 (45%),54%,4,16/28 (57%),10/20 (50%),2/4 (50%),67%,9,4,,5,,0,,,,,5
10388749,44,42269,NORMAL,REGULAR,Round 4,LEAGUE,2526,FC St. Pauli,Local,2ND,14/08/2022,4,1,36%,0.00,3,11,2,2,,161,15,3,0,,3,0,6,2,7,4,1,2,1,,,0,119,8,18,,14/24 (58%),4/7 (57%),62%,6,21/36 (58%),12/17 (71%),3/7 (43%),73%,15,7,,7,,2,,,,,6
10388749,44,42269,NORMAL,REGULAR,Round 4,LEAGUE,2591,1. FC Magdeburg,Visita,ALL,14/08/2022,4,0,63%,0.00,1,7,5,3,8,563,16,7,0,,2,2,5,0,4,3,0,1,0,,,1,465,18,38,,29/60 (48%),2/8 (25%),42%,12,27/64 (42%),15/37 (41%),4/16 (25%),44%,16,10,,22,,5,,,,,12
10388749,44,42269,NORMAL,REGULAR,Round 4,LEAGUE,2591,1. FC Magdeburg,Visita,1ST,14/08/2022,4,0,63%,0.00,0,2,3,1,,272,6,6,0,,0,0,2,0,1,1,0,0,0,,,0,218,6,20,,14/36 (39%),2/4 (50%),46%,3,12/28 (43%),10/20 (50%),0/6 (0%),50%,6,6,,12,,3,,,,,6
10388749,44,42269,NORMAL,REGULAR,Round 4,LEAGUE,2591,1. FC Magdeburg,Visita,2ND,14/08/2022,4,0,64%,0.00,1,5,2,2,,291,10,1,0,,2,2,3,0,3,2,0,1,0,,,1,247,12,18,,15/24 (63%),0/4 (0%),38%,9,15/36 (42%),5/17 (29%),4/10 (40%),40%,10,4,,10,,2,,,,,6
10388754,44,42269,NORMAL,REGULAR,Round 5,LEAGUE,2533,FC Hansa Rostock,Local,ALL,21/08/2022,5,2,37%,0.00,1,12,1,3,16,333,23,12,3,,3,1,5,4,8,4,1,,2,,0,,229,12,56,,27/73 (37%),3/13 (23%),56%,5,37/65 (57%),21/39 (54%),2/4 (50%),78%,23,23,,29,,1,,,,,9
10388754,44,42269,NORMAL,REGULAR,Round 5,LEAGUE,2533,FC Hansa Rostock,Local,1ST,21/08/2022,5,2,42%,0.00,1,8,0,2,,190,11,4,1,,2,1,4,2,6,2,1,,2,,0,,137,9,30,,17/38 (45%),2/11 (18%),56%,3,16/28 (57%),12/22 (55%),1/2 (50%),64%,11,12,,9,,0,,,,,4
10388754,44,42269,NORMAL,REGULAR,Round 5,LEAGUE,2533,FC Hansa Rostock,Local,2ND,21/08/2022,5,0,31%,0.00,0,4,1,1,,143,12,8,2,,1,0,1,2,2,2,0,,0,,0,,92,3,26,,10/35 (29%),1/2 (50%),56%,2,21/37 (57%),9/17 (53%),1/2 (50%),92%,12,11,,20,,1,,,,,5
10388754,44,42269,NORMAL,REGULAR,Round 5,LEAGUE,2526,FC St. Pauli,Visita,ALL,21/08/2022,5,0,63%,0.00,0,13,2,7,12,566,7,16,2,,1,0,6,6,8,5,0,,2,,5,,469,32,70,,23/53 (43%),6/25 (24%),44%,15,28/65 (43%),18/39 (46%),5/13 (38%),43%,7,14,,18,,2,,,,,7
10388754,44,42269,NORMAL,REGULAR,Round 5,LEAGUE,2526,FC St. Pauli,Visita,1ST,21/08/2022,5,0,58%,0.00,0,5,1,4,,262,4,8,1,,0,0,2,3,4,1,0,,1,,2,,212,10,36,,12/34 (35%),4/9 (44%),44%,9,12/28 (43%),10/22 (45%),0/2 (0%),25%,4,8,,11,,1,,,,,4
10388754,44,42269,NORMAL,REGULAR,Round 5,LEAGUE,2526,FC St. Pauli,Visita,2ND,21/08/2022,5,0,69%,0.00,0,8,1,3,,304,3,8,1,,1,0,4,3,4,4,0,,1,,3,,257,22,34,,11/19 (58%),2/16 (13%),44%,6,16/37 (43%),8/17 (47%),5/11 (45%),67%,3,6,,7,,1,,,,,3
10388771,44,42269,NORMAL,REGULAR,Round 6,LEAGUE,2526,FC St. Pauli,Local,ALL,27/08/2022,6,2,59%,0.00,1,19,3,7,8,517,12,9,2,,5,1,7,7,11,8,0,1,1,,2,4,411,28,67,,30/65 (46%),5/18 (28%),49%,8,26/59 (44%),19/32 (59%),5/11 (45%),83%,12,7,,5,,3,,,,,6
10388771,44,42269,NORMAL,REGULAR,Round 6,LEAGUE,2526,FC St. Pauli,Local,1ST,27/08/2022,6,0,51%,0.00,0,5,0,2,,244,3,4,1,,0,0,3,2,3,2,0,0,1,,1,2,192,12,32,,14/27 (52%),3/9 (33%),32%,5,7/28 (25%),7/16 (44%),0/3 (0%),67%,3,5,,3,,0,,,,,4
10388771,44,42269,NORMAL,REGULAR,Round 6,LEAGUE,2526,FC St. Pauli,Local,2ND,27/08/2022,6,2,69%,0.00,1,14,3,5,,273,9,5,1,,5,1,4,5,8,6,0,1,0,,1,2,219,16,35,,16/38 (42%),2/9 (22%),66%,3,19/31 (61%),12/16 (75%),5/8 (63%),89%,9,2,,2,,3,,,,,2
10388771,44,42269,NORMAL,REGULAR,Round 6,LEAGUE,2561,SC Paderborn 07,Visita,ALL,27/08/2022,6,2,41%,0.00,2,10,3,2,9,368,14,8,1,,5,0,3,2,6,4,1,1,1,,1,2,277,19,39,,43/86 (50%),1/5 (20%),51%,9,34/60 (57%),13/32 (41%),12/15 (80%),64%,14,9,,33,,3,,,,,11
10388771,44,42269,NORMAL,REGULAR,Round 6,LEAGUE,2561,SC Paderborn 07,Visita,1ST,27/08/2022,6,1,49%,0.00,2,4,0,1,,246,8,3,0,,1,0,1,2,3,1,1,1,0,,0,1,193,14,17,,28/49 (57%),1/2 (50%),68%,2,21/28 (75%),9/16 (56%),10/11 (91%),63%,8,6,,17,,0,,,,,6
10388771,44,42269,NORMAL,REGULAR,Round 6,LEAGUE,2561,SC Paderborn 07,Visita,2ND,27/08/2022,6,1,31%,0.00,0,6,3,1,,122,6,5,1,,4,0,2,0,3,3,0,0,1,,1,1,84,5,22,,15/37 (41%),0/3 (0%),34%,7,13/32 (41%),4/16 (25%),2/4 (50%),67%,6,3,,16,,3,,,,,5
10388773,44,42269,NORMAL,REGULAR,Round 7,LEAGUE,2551,SpVgg Greuther Fürth,Local,ALL,03/09/2022,7,2,38%,0.00,2,10,2,6,13,289,18,13,1,,5,0,5,0,7,3,1,1,2,,5,2,184,30,48,,19/52 (37%),5/17 (29%),59%,3,35/57 (61%),15/28 (54%),4/8 (50%),61%,18,8,,22,,2,,,,,6
10388773,44,42269,NORMAL,REGULAR,Round 7,LEAGUE,2551,SpVgg Greuther Fürth,Local,1ST,03/09/2022,7,0,42%,0.00,1,3,1,2,,181,7,8,0,,2,0,1,0,2,1,0,1,2,,3,1,127,18,28,,11/26 (42%),2/9 (22%),49%,2,16/29 (55%),5/14 (36%),1/3 (33%),57%,7,5,,11,,1,,,,,3
10388773,44,42269,NORMAL,REGULAR,Round 7,LEAGUE,2551,SpVgg Greuther Fürth,Local,2ND,03/09/2022,7,2,32%,0.00,1,7,1,4,,108,11,5,1,,3,0,4,0,5,2,1,0,0,,2,1,57,12,20,,8/26 (31%),3/8 (38%),69%,1,19/28 (68%),10/14 (71%),3/5 (60%),64%,11,3,,11,,1,,,,,3
10388773,44,42269,NORMAL,REGULAR,Round 7,LEAGUE,2526,FC St. Pauli,Visita,ALL,03/09/2022,7,2,62%,0.00,2,15,4,6,13,487,7,13,5,,4,2,4,7,9,6,1,1,0,,1,2,391,26,38,,30/56 (54%),5/18 (28%),41%,11,22/57 (39%),13/28 (46%),2/9 (22%),71%,7,14,,26,,4,,,,,7
10388773,44,42269,NORMAL,REGULAR,Round 7,LEAGUE,2526,FC St. Pauli,Visita,1ST,03/09/2022,7,1,58%,0.00,1,9,2,3,,247,4,7,2,,2,1,2,5,7,2,1,0,0,,0,1,204,10,21,,14/25 (56%),3/11 (27%),51%,5,13/29 (45%),9/14 (64%),2/4 (50%),75%,4,9,,18,,2,,,,,5
10388773,44,42269,NORMAL,REGULAR,Round 7,LEAGUE,2526,FC St. Pauli,Visita,2ND,03/09/2022,7,1,68%,0.00,1,6,2,3,,240,3,6,3,,2,1,2,2,2,4,0,1,0,,1,1,187,16,17,,16/31 (52%),2/7 (29%),31%,6,9/28 (32%),4/14 (29%),0/5 (0%),67%,3,5,,8,,2,,,,,2
10388791,44,42269,NORMAL,REGULAR,Round 8,LEAGUE,2526,FC St. Pauli,Local,ALL,11/09/2022,8,1,69%,0.00,4,26,1,11,6,629,14,12,0,,7,2,11,8,20,6,0,4,1,,2,0,532,27,73,,36/58 (62%),12/32 (38%),46%,5,29/67 (43%),19/37 (51%),4/9 (44%),71%,14,12,,9,,1,,,,,3
10388791,44,42269,NORMAL,REGULAR,Round 8,LEAGUE,2526,FC St. Pauli,Local,1ST,11/09/2022,8,1,69%,0.00,2,7,0,5,,332,6,6,0,,5,1,1,1,6,1,0,2,1,,1,0,283,12,39,,14/29 (48%),4/15 (27%),45%,1,12/31 (39%),13/25 (52%),1/5 (20%),67%,6,8,,5,,0,,,,,3
10388791,44,42269,NORMAL,REGULAR,Round 8,LEAGUE,2526,FC St. Pauli,Local,2ND,11/09/2022,8,0,69%,0.00,2,19,1,6,,297,8,6,0,,2,1,10,7,14,5,0,2,0,,1,0,249,15,34,,22/29 (76%),8/17 (47%),48%,4,17/36 (47%),6/12 (50%),3/4 (75%),75%,8,4,,4,,1,,,,,0
10388791,44,42269,NORMAL,REGULAR,Round 8,LEAGUE,6157,SV Sandhausen,Visita,ALL,11/09/2022,8,1,31%,0.00,1,7,6,1,12,277,10,6,2,,2,2,2,3,5,2,1,0,0,,1,4,173,16,49,,21/54 (39%),4/17 (24%),54%,7,38/67 (57%),18/37 (49%),22/29 (76%),60%,10,15,,31,,6,,,,,8
10388791,44,42269,NORMAL,REGULAR,Round 8,LEAGUE,6157,SV Sandhausen,Visita,1ST,11/09/2022,8,0,31%,0.00,0,4,4,1,,144,5,3,2,,0,0,2,2,3,1,0,0,0,,0,2,87,10,27,,10/31 (32%),3/13 (23%),55%,5,19/31 (61%),12/25 (48%),11/12 (92%),60%,5,9,,13,,4,,,,,2
10388791,44,42269,NORMAL,REGULAR,Round 8,LEAGUE,6157,SV Sandhausen,Visita,2ND,11/09/2022,8,1,31%,0.00,1,3,2,0,,133,5,3,0,,2,2,0,1,2,1,1,0,0,,1,2,86,6,22,,11/23 (48%),1/4 (25%),52%,2,19/36 (53%),6/12 (50%),11/17 (65%),60%,5,6,,18,,2,,,,,6
10388811,44,42269,NORMAL,REGULAR,Round 9,LEAGUE,2567,SSV Jahn Regensburg,Local,ALL,18/09/2022,9,2,31%,0.00,2,7,3,1,11,262,14,11,2,,4,0,3,0,2,5,2,0,,,3,3,171,17,32,,25/60 (42%),3/9 (33%),43%,5,28/59 (47%),9/27 (33%),4/12 (33%),71%,14,14,,34,,3,,,,,12
10388811,44,42269,NORMAL,REGULAR,Round 9,LEAGUE,2567,SSV Jahn Regensburg,Local,1ST,18/09/2022,9,2,33%,0.00,2,4,2,0,,132,6,6,1,,3,0,1,0,2,2,2,0,,,2,1,94,6,14,,13/26 (50%),3/7 (43%),43%,2,14/30 (47%),3/10 (30%),2/8 (25%),83%,6,7,,14,,2,,,,,6
10388811,44,42269,NORMAL,REGULAR,Round 9,LEAGUE,2567,SSV Jahn Regensburg,Local,2ND,18/09/2022,9,0,29%,0.00,0,3,1,1,,130,8,5,1,,1,0,2,0,0,3,0,0,,,1,2,77,11,18,,12/34 (35%),0/2 (0%),43%,3,14/29 (48%),6/17 (35%),2/4 (50%),63%,8,7,,20,,1,,,,,6
10388811,44,42269,NORMAL,REGULAR,Round 9,LEAGUE,2526,FC St. Pauli,Visita,ALL,18/09/2022,9,0,69%,0.00,3,14,2,5,13,575,13,11,5,,4,1,6,4,7,7,0,3,,,1,1,476,33,71,,34/67 (51%),8/27 (30%),57%,7,31/59 (53%),18/27 (67%),7/14 (50%),92%,13,9,,12,,2,,,,,5
10388811,44,42269,NORMAL,REGULAR,Round 9,LEAGUE,2526,FC St. Pauli,Visita,1ST,18/09/2022,9,0,67%,0.00,3,7,1,2,,269,8,4,1,,3,1,4,0,4,3,0,3,,,1,0,229,15,23,,13/26 (50%),3/9 (33%),57%,4,16/30 (53%),7/10 (70%),4/6 (67%),88%,8,4,,4,,1,,,,,3
10388811,44,42269,NORMAL,REGULAR,Round 9,LEAGUE,2526,FC St. Pauli,Visita,2ND,18/09/2022,9,0,71%,0.00,0,7,1,3,,306,5,7,4,,1,0,2,4,3,4,0,0,,,0,1,247,18,48,,21/41 (51%),5/18 (28%),57%,3,15/29 (52%),11/17 (65%),3/8 (38%),100%,5,5,,8,,1,,,,,2
10388819,44,42269,NORMAL,REGULAR,Round 10,LEAGUE,2526,FC St. Pauli,Local,ALL,01/10/2022,10,0,58%,0.00,4,10,1,2,10,526,17,16,2,,3,0,6,1,5,5,,4,1,,5,2,420,21,58,,37/79 (47%),3/14 (21%),51%,14,42/79 (53%),20/43 (47%),9/17 (53%),53%,17,10,,18,,1,,,,,6
10388819,44,42269,NORMAL,REGULAR,Round 10,LEAGUE,2526,FC St. Pauli,Local,1ST,01/10/2022,10,0,56%,0.00,3,3,1,1,,281,9,6,0,,1,0,2,0,3,0,,3,1,,1,1,227,15,26,,19/41 (46%),2/7 (29%),55%,6,19/32 (59%),9/19 (47%),4/8 (50%),67%,9,4,,10,,1,,,,,4
10388819,44,42269,NORMAL,REGULAR,Round 10,LEAGUE,2526,FC St. Pauli,Local,2ND,01/10/2022,10,0,59%,0.00,1,7,0,1,,245,8,10,2,,2,0,4,1,2,5,,1,0,,4,1,193,6,32,,18/38 (47%),1/7 (14%),48%,8,23/47 (49%),11/24 (46%),5/9 (56%),38%,8,6,,8,,0,,,,,2
10388819,44,42269,NORMAL,REGULAR,Round 10,LEAGUE,5885,1. FC Heidenheim,Visita,ALL,01/10/2022,10,0,42%,0.00,0,9,2,5,16,380,22,9,5,,1,1,5,3,4,5,,0,0,,1,3,277,23,47,,33/70 (47%),2/21 (10%),49%,13,37/79 (47%),23/43 (53%),6/10 (60%),45%,22,6,,14,,2,,,,,8
10388819,44,42269,NORMAL,REGULAR,Round 10,LEAGUE,5885,1. FC Heidenheim,Visita,1ST,01/10/2022,10,0,44%,0.00,0,5,1,5,,211,10,1,1,,1,0,3,1,1,4,,0,0,,0,2,162,8,23,,20/40 (50%),2/10 (20%),45%,7,13/32 (41%),10/19 (53%),2/4 (50%),50%,10,4,,7,,1,,,,,3
10388819,44,42269,NORMAL,REGULAR,Round 10,LEAGUE,5885,1. FC Heidenheim,Visita,2ND,01/10/2022,10,0,41%,0.00,0,4,1,0,,169,12,8,4,,0,1,2,2,3,1,,0,0,,1,1,115,15,24,,13/30 (43%),0/11 (0%),52%,6,24/47 (51%),13/24 (54%),4/6 (67%),42%,12,2,,7,,1,,,,,5
10388841,44,42269,NORMAL,REGULAR,Round 11,LEAGUE,2557,Eintracht Braunschweig,Local,ALL,08/10/2022,11,2,37%,0.00,2,10,1,7,14,263,17,7,5,,3,1,5,2,8,2,1,1,0,,1,1,184,23,50,,30/62 (48%),3/22 (14%),54%,8,31/65 (48%),28/45 (62%),9/18 (50%),47%,17,10,,26,,1,,,,,14
10388841,44,42269,NORMAL,REGULAR,Round 11,LEAGUE,2557,Eintracht Braunschweig,Local,1ST,08/10/2022,11,0,37%,0.00,0,3,0,4,,133,8,4,2,,1,0,1,1,2,1,0,0,0,,1,1,100,12,20,,15/26 (58%),2/15 (13%),59%,2,18/29 (62%),14/25 (56%),6/10 (60%),50%,8,3,,12,,0,,,,,7
10388841,44,42269,NORMAL,REGULAR,Round 11,LEAGUE,2557,Eintracht Braunschweig,Local,2ND,08/10/2022,11,2,37%,0.00,2,7,1,3,,130,9,3,3,,2,1,4,1,6,1,1,1,0,,0,0,84,11,30,,15/36 (42%),1/7 (14%),48%,6,13/36 (36%),14/20 (70%),3/8 (38%),44%,9,7,,14,,1,,,,,7
10388841,44,42269,NORMAL,REGULAR,Round 11,LEAGUE,2526,FC St. Pauli,Visita,ALL,08/10/2022,11,1,63%,0.00,2,14,1,4,8,473,17,14,1,,2,0,9,3,8,6,0,2,1,,5,0,386,27,69,,31/65 (48%),4/22 (18%),46%,5,34/65 (52%),17/45 (38%),5/17 (29%),29%,17,9,,24,,1,,,,,9
10388841,44,42269,NORMAL,REGULAR,Round 11,LEAGUE,2526,FC St. Pauli,Visita,1ST,08/10/2022,11,0,63%,0.00,2,6,1,1,,251,6,6,1,,0,0,5,1,5,1,0,2,1,,2,0,212,12,36,,15/32 (47%),2/11 (18%),41%,2,11/29 (38%),11/25 (44%),0/6 (0%),17%,6,2,,16,,1,,,,,2
10388841,44,42269,NORMAL,REGULAR,Round 11,LEAGUE,2526,FC St. Pauli,Visita,2ND,08/10/2022,11,1,63%,0.00,0,8,0,3,,222,11,8,0,,2,0,4,2,3,5,0,0,0,,3,0,174,15,33,,16/33 (48%),2/11 (18%),52%,3,23/36 (64%),6/20 (30%),5/11 (45%),36%,11,7,,8,,0,,,,,7
10388836,44,42269,NORMAL,REGULAR,Round 12,LEAGUE,2526,FC St. Pauli,Local,ALL,14/10/2022,12,3,41%,0.00,3,22,2,7,15,318,21,5,3,0,7,1,8,7,17,5,1,2,,,1,3,249,22,48,,28/47 (60%),11/20 (55%),47%,13,29/68 (43%),18/31 (58%),3/7 (43%),71%,21,18,,15,,2,,,,,5
10388836,44,42269,NORMAL,REGULAR,Round 12,LEAGUE,2526,FC St. Pauli,Local,1ST,14/10/2022,12,0,41%,0.00,1,8,1,4,,179,8,3,1,0,2,1,2,4,5,3,0,1,,,1,2,147,8,22,,16/26 (62%),5/10 (50%),41%,8,12/34 (35%),8/15 (53%),1/3 (33%),38%,8,8,,12,,1,,,,,4
10388836,44,42269,NORMAL,REGULAR,Round 12,LEAGUE,2526,FC St. Pauli,Local,2ND,14/10/2022,12,3,40%,0.00,2,14,1,3,,139,13,2,2,0,5,0,6,3,12,2,1,1,,,0,1,102,14,26,,12/21 (57%),6/10 (60%),54%,5,17/34 (50%),10/16 (63%),2/4 (50%),92%,13,10,,3,,1,,,,,1
10388836,44,42269,NORMAL,REGULAR,Round 12,LEAGUE,2676,Hamburger SV,Visita,ALL,14/10/2022,12,0,59%,0.00,1,7,4,2,5,483,17,14,1,1,2,0,4,1,5,2,0,1,,,2,2,387,24,48,,33/72 (46%),3/14 (21%),53%,12,39/68 (57%),13/31 (42%),8/17 (47%),47%,17,9,,12,,4,,,,,8
10388836,44,42269,NORMAL,REGULAR,Round 12,LEAGUE,2676,Hamburger SV,Visita,1ST,14/10/2022,12,0,59%,0.00,1,5,2,2,,270,10,8,0,1,1,0,3,1,3,2,0,1,,,2,2,222,7,27,,20/40 (50%),2/8 (25%),59%,4,22/34 (65%),7/15 (47%),4/8 (50%),20%,10,3,,9,,2,,,,,2
10388836,44,42269,NORMAL,REGULAR,Round 12,LEAGUE,2676,Hamburger SV,Visita,2ND,14/10/2022,12,0,60%,0.00,0,2,2,0,,213,7,6,1,0,1,0,1,0,2,0,0,0,,,0,0,165,17,21,,13/32 (41%),1/6 (17%),46%,8,17/34 (50%),6/16 (38%),4/9 (44%),86%,7,6,,3,,2,,,,,6
10664211,217,41962,NORMAL,REGULAR,Round 2,CUP,2538,SC Freiburg,Local,ALL,19/10/2022,2,2,66%,0.00,2,23,4,8,7,784,13,16,2,,6,0,13,4,17,6,2,0,,,3,3,625,41,82,,57/110 (52%),14/30 (47%),62%,4,35/58 (60%),36/56 (64%),6/14 (43%),77%,13,12,,13,,4,,,,,9
10664211,217,41962,NORMAL,REGULAR,Round 2,CUP,2538,SC Freiburg,Local,1ST,19/10/2022,2,0,61%,0.00,0,5,1,2,,279,8,5,0,,1,0,3,1,2,3,0,0,,,1,1,216,12,27,,18/39 (46%),5/9 (56%),61%,1,16/22 (73%),9/19 (47%),3/3 (100%),75%,8,2,,6,,1,,,,,4
10664211,217,41962,NORMAL,REGULAR,Round 2,CUP,2538,SC Freiburg,Local,2ND,19/10/2022,2,1,72%,0.00,1,12,1,3,,332,4,4,1,,3,0,7,2,10,2,1,0,,,1,1,266,21,37,,21/43 (49%),6/15 (40%),61%,1,11/22 (50%),17/24 (71%),3/9 (33%),75%,4,4,,5,,1,,,,,1
10664211,217,41962,NORMAL,REGULAR,Round 2,CUP,2526,FC St. Pauli,Visita,ALL,19/10/2022,2,1,34%,0.00,2,13,4,2,16,397,12,7,7,,5,0,7,1,6,7,1,1,,,0,1,264,38,49,,28/80 (35%),5/12 (42%),38%,6,23/58 (40%),20/56 (36%),4/11 (36%),58%,12,13,,31,,4,,,,,18
10664211,217,41962,NORMAL,REGULAR,Round 2,CUP,2526,FC St. Pauli,Visita,1ST,19/10/2022,2,1,39%,0.00,2,8,1,1,,180,1,3,2,,2,0,5,1,3,5,1,1,,,0,1,135,16,15,,8/24 (33%),3/6 (50%),39%,4,6/22 (27%),10/19 (53%),2/6 (33%),100%,1,4,,9,,1,,,,,6
10664211,217,41962,NORMAL,REGULAR,Round 2,CUP,2526,FC St. Pauli,Visita,2ND,19/10/2022,2,0,28%,0.00,0,1,2,0,,132,7,4,2,,1,0,0,0,1,0,0,0,,,0,0,74,13,21,,15/37 (41%),1/2 (50%),39%,1,11/22 (50%),7/24 (29%),0/3 (0%),43%,7,7,,19,,2,,,,,8
10388849,44,42269,NORMAL,REGULAR,Round 13,LEAGUE,2540,Arminia Bielefeld,Local,ALL,22/10/2022,13,2,42%,0.00,1,10,6,2,8,398,17,6,1,,3,0,5,2,5,5,1,0,,,,2,309,19,56,,28/65 (43%),3/20 (15%),62%,4,31/48 (65%),22/37 (59%),8/13 (62%),71%,17,3,,33,,6,,,,,5
10388849,44,42269,NORMAL,REGULAR,Round 13,LEAGUE,2540,Arminia Bielefeld,Local,1ST,22/10/2022,13,0,38%,0.00,0,5,4,0,,186,8,3,1,,0,0,3,2,1,4,0,0,,,,1,141,8,21,,16/35 (46%),1/6 (17%),63%,1,15/27 (56%),12/16 (75%),4/7 (57%),88%,8,1,,21,,4,,,,,4
10388849,44,42269,NORMAL,REGULAR,Round 13,LEAGUE,2540,Arminia Bielefeld,Local,2ND,22/10/2022,13,2,46%,0.00,1,5,2,2,,212,9,3,0,,3,0,2,0,4,1,1,0,,,,1,168,11,35,,12/30 (40%),2/14 (14%),62%,3,16/21 (76%),10/21 (48%),4/6 (67%),56%,9,2,,12,,2,,,,,1
10388849,44,42269,NORMAL,REGULAR,Round 13,LEAGUE,2526,FC St. Pauli,Visita,ALL,22/10/2022,13,0,58%,0.00,2,10,1,3,7,552,9,8,2,,6,0,4,0,5,5,0,2,,,,1,454,32,63,,33/71 (46%),6/22 (27%),38%,11,17/48 (35%),15/37 (41%),2/8 (25%),78%,9,10,,20,,1,,,,,8
10388849,44,42269,NORMAL,REGULAR,Round 13,LEAGUE,2526,FC St. Pauli,Visita,1ST,22/10/2022,13,0,62%,0.00,2,7,0,3,,299,4,6,0,,4,0,3,0,3,4,0,2,,,,0,249,16,32,,15/32 (47%),3/15 (20%),37%,6,12/27 (44%),4/16 (25%),2/4 (50%),75%,4,6,,6,,0,,,,,4
10388849,44,42269,NORMAL,REGULAR,Round 13,LEAGUE,2526,FC St. Pauli,Visita,2ND,22/10/2022,13,0,54%,0.00,0,3,1,0,,253,5,2,2,,2,0,1,0,2,1,0,0,,,,1,205,16,31,,18/39 (46%),3/7 (43%),38%,5,5/21 (24%),11/21 (52%),0/4 (0%),80%,5,4,,14,,1,,,,,4
10388843,44,42269,NORMAL,REGULAR,Round 14,LEAGUE,2526,FC St. Pauli,Local,ALL,29/10/2022,14,1,56%,0.00,5,22,3,6,14,442,14,9,3,,7,1,10,5,14,8,1,4,1,,1,3,350,12,65,,36/59 (61%),6/22 (27%),52%,6,31/58 (53%),14/28 (50%),8/13 (62%),36%,14,7,,25,,3,,,,,8
10388843,44,42269,NORMAL,REGULAR,Round 14,LEAGUE,2526,FC St. Pauli,Local,1ST,29/10/2022,14,0,57%,0.00,3,11,0,4,,248,6,5,0,,4,0,5,2,8,3,0,3,1,,0,1,213,6,31,,19/26 (73%),3/9 (33%),61%,2,16/27 (59%),7/11 (64%),5/8 (63%),50%,6,4,,12,,0,,,,,6
10388843,44,42269,NORMAL,REGULAR,Round 14,LEAGUE,2526,FC St. Pauli,Local,2ND,29/10/2022,14,1,54%,0.00,2,11,3,2,,194,8,4,3,,3,1,5,3,6,5,1,1,0,,1,2,137,6,34,,17/33 (52%),3/13 (23%),46%,4,15/31 (48%),7/17 (41%),3/5 (60%),25%,8,3,,13,,3,,,,,2
10388843,44,42269,NORMAL,REGULAR,Round 14,LEAGUE,2576,Darmstadt 98,Visita,ALL,29/10/2022,14,1,44%,0.00,1,14,6,6,9,353,11,14,1,,5,0,4,5,7,7,0,1,0,,3,2,274,19,54,,45/87 (52%),3/17 (18%),48%,4,27/58 (47%),14/28 (50%),2/12 (17%),64%,11,11,,23,,6,,,,,10
10388843,44,42269,NORMAL,REGULAR,Round 14,LEAGUE,2576,Darmstadt 98,Visita,1ST,29/10/2022,14,0,43%,0.00,0,3,4,3,,185,5,5,1,,0,0,2,1,2,1,0,0,0,,1,2,153,8,22,,22/37 (59%),1/9 (11%),39%,3,11/27 (41%),4/11 (36%),1/4 (25%),100%,5,6,,11,,4,,,,,4
10388843,44,42269,NORMAL,REGULAR,Round 14,LEAGUE,2576,Darmstadt 98,Visita,2ND,29/10/2022,14,1,46%,0.00,1,11,2,3,,168,6,9,0,,5,0,2,4,5,6,0,1,0,,2,0,121,11,32,,23/50 (46%),2/8 (25%),54%,1,16/31 (52%),10/17 (59%),1/8 (13%),33%,6,5,,12,,2,,,,,6
10388870,44,42269,NORMAL,REGULAR,Round 15,LEAGUE,2588,Fortuna Düsseldorf,Local,ALL,05/11/2022,15,1,40%,0.00,1,13,7,5,9,360,20,10,2,0,5,0,4,4,8,5,,1,0,,2,0,275,18,39,,27/55 (49%),7/19 (37%),53%,8,35/66 (53%),19/35 (54%),5/14 (36%),55%,20,8,,31,,7,,,,,11
10388870,44,42269,NORMAL,REGULAR,Round 15,LEAGUE,2588,Fortuna Düsseldorf,Local,1ST,05/11/2022,15,1,44%,0.00,1,7,5,3,,217,8,1,0,0,4,0,1,2,4,3,,1,0,,0,0,177,10,16,,14/25 (56%),4/13 (31%),51%,5,13/27 (48%),8/14 (57%),4/9 (44%),75%,8,5,,16,,5,,,,,5
10388870,44,42269,NORMAL,REGULAR,Round 15,LEAGUE,2588,Fortuna Düsseldorf,Local,2ND,05/11/2022,15,0,36%,0.00,0,6,2,2,,143,12,9,2,0,1,0,3,2,4,2,,0,0,,2,0,98,8,23,,13/30 (43%),3/6 (50%),55%,3,22/39 (56%),11/21 (52%),1/5 (20%),42%,12,3,,15,,2,,,,,6
10388870,44,42269,NORMAL,REGULAR,Round 15,LEAGUE,2526,FC St. Pauli,Visita,ALL,05/11/2022,15,0,60%,0.00,2,16,4,10,10,528,17,8,1,1,7,0,7,2,10,6,,2,1,,3,1,429,24,61,,24/53 (45%),8/30 (27%),47%,12,31/66 (47%),16/35 (46%),6/14 (43%),59%,17,7,,13,,4,,,,,7
10388870,44,42269,NORMAL,REGULAR,Round 15,LEAGUE,2526,FC St. Pauli,Visita,1ST,05/11/2022,15,0,56%,0.00,2,9,3,7,,269,10,1,0,0,5,0,3,1,7,2,,2,1,,0,0,222,10,31,,10/21 (48%),7/21 (33%),49%,5,14/27 (52%),6/14 (43%),3/6 (50%),60%,10,3,,8,,3,,,,,3
10388870,44,42269,NORMAL,REGULAR,Round 15,LEAGUE,2526,FC St. Pauli,Visita,2ND,05/11/2022,15,0,64%,0.00,0,7,1,3,,259,7,7,1,1,2,0,4,1,3,4,,0,0,,3,1,207,14,30,,14/32 (44%),1/9 (11%),45%,7,17/39 (44%),10/21 (48%),3/8 (38%),57%,7,4,,5,,1,,,,,4
10388864,44,42269,NORMAL,REGULAR,Round 16,LEAGUE,2526,FC St. Pauli,Local,ALL,08/11/2022,16,0,48%,0.00,,15,6,3,8,429,18,10,2,,2,0,10,3,10,5,,,,,0,0,345,22,60,,30/59 (51%),10/30 (33%),55%,3,33/53 (62%),15/35 (43%),5/11 (45%),72%,18,6,,29,,6,,,,,6
10388864,44,42269,NORMAL,REGULAR,Round 16,LEAGUE,2526,FC St. Pauli,Local,1ST,08/11/2022,16,0,45%,0.00,,8,1,2,,216,6,5,0,,2,0,5,1,5,3,,,,,0,0,183,7,32,,15/26 (58%),5/15 (33%),60%,0,13/19 (68%),8/16 (50%),2/5 (40%),83%,6,3,,19,,1,,,,,1
10388864,44,42269,NORMAL,REGULAR,Round 16,LEAGUE,2526,FC St. Pauli,Local,2ND,08/11/2022,16,0,51%,0.00,,7,5,1,,213,12,5,2,,0,0,5,2,5,2,,,,,0,0,162,15,28,,15/33 (45%),5/15 (33%),51%,3,20/34 (59%),7/19 (37%),3/6 (50%),67%,12,3,,10,,5,,,,,5
10388864,44,42269,NORMAL,REGULAR,Round 16,LEAGUE,2573,Holstein Kiel,Visita,ALL,08/11/2022,16,0,52%,0.00,,20,2,10,10,478,9,8,0,,7,0,8,5,14,6,,,,,3,2,379,22,52,,33/67 (49%),6/23 (26%),45%,11,20/53 (38%),20/35 (57%),4/11 (36%),67%,9,11,,15,,2,,,,,11
10388864,44,42269,NORMAL,REGULAR,Round 16,LEAGUE,2573,Holstein Kiel,Visita,1ST,08/11/2022,16,0,55%,0.00,,9,2,7,,268,3,1,0,,2,0,4,3,7,2,,,,,0,2,218,11,19,,20/37 (54%),3/11 (27%),40%,4,6/19 (32%),8/16 (50%),2/4 (50%),67%,3,5,,8,,2,,,,,6
10388864,44,42269,NORMAL,REGULAR,Round 16,LEAGUE,2573,Holstein Kiel,Visita,2ND,08/11/2022,16,0,49%,0.00,,11,0,3,,210,6,7,0,,5,0,4,2,7,4,,,,,3,0,161,11,33,,13/30 (43%),3/12 (25%),49%,7,14/34 (41%),12/19 (63%),2/7 (29%),67%,6,6,,7,,0,,,,,5
10388539,44,42269,NORMAL,REGULAR,Round 17,LEAGUE,2553,Karlsruher SC,Local,ALL,12/11/2022,17,4,39%,0.00,3,9,3,3,7,337,15,7,1,,6,0,1,2,9,0,3,,,,1,3,248,18,55,,33/64 (52%),4/18 (22%),55%,3,29/48 (60%),20/41 (49%),7/11 (64%),60%,15,14,,27,,3,,,,,9
10388539,44,42269,NORMAL,REGULAR,Round 17,LEAGUE,2553,Karlsruher SC,Local,1ST,12/11/2022,17,3,36%,0.00,3,4,1,0,,165,6,1,0,,4,0,0,0,4,0,3,,,,0,3,122,9,27,,20/33 (61%),0/4 (0%),56%,1,10/17 (59%),13/24 (54%),3/5 (60%),83%,6,9,,19,,1,,,,,6
10388539,44,42269,NORMAL,REGULAR,Round 17,LEAGUE,2553,Karlsruher SC,Local,2ND,12/11/2022,17,1,42%,0.00,0,5,2,3,,172,9,6,1,,2,0,1,2,5,0,0,,,,1,0,126,9,28,,13/31 (42%),4/14 (29%),54%,2,19/31 (61%),7/17 (41%),4/6 (67%),44%,9,5,,8,,2,,,,,3
10388539,44,42269,NORMAL,REGULAR,Round 17,LEAGUE,2526,FC St. Pauli,Visita,ALL,12/11/2022,17,4,61%,0.00,2,19,2,6,7,529,7,7,1,,7,1,8,4,16,3,2,,,,3,4,428,21,68,,23/51 (45%),10/34 (29%),45%,9,19/48 (40%),21/41 (51%),5/11 (45%),43%,7,13,,16,,2,,,,,6
10388539,44,42269,NORMAL,REGULAR,Round 17,LEAGUE,2526,FC St. Pauli,Visita,1ST,12/11/2022,17,3,64%,0.00,2,11,1,3,,283,3,3,0,,4,1,5,2,10,1,2,,,,1,4,233,10,38,,15/29 (52%),5/19 (26%),44%,6,7/17 (41%),11/24 (46%),1/1 (100%),67%,3,5,,6,,1,,,,,0
10388539,44,42269,NORMAL,REGULAR,Round 17,LEAGUE,2526,FC St. Pauli,Visita,2ND,12/11/2022,17,1,58%,0.00,0,8,1,3,,246,4,4,1,,3,0,3,2,6,2,0,,,,2,0,195,11,30,,8/22 (36%),5/15 (33%),46%,3,12/31 (39%),10/17 (59%),4/10 (40%),25%,4,8,,10,,1,,,,,6
10388559,44,42269,NORMAL,REGULAR,Round 18,LEAGUE,2523,1. FC Nürnberg,Local,ALL,29/01/2023,18,0,45%,0.00,1,23,1,2,8,401,19,13,1,,4,0,12,7,12,11,0,1,,,1,3,289,28,69,,31/82 (38%),7/31 (23%),50%,7,40/72 (56%),21/50 (42%),8/19 (42%),68%,19,12,,12,,1,,,,,7
10388559,44,42269,NORMAL,REGULAR,Round 18,LEAGUE,2523,1. FC Nürnberg,Local,1ST,29/01/2023,18,0,44%,0.00,1,13,0,1,,198,7,6,0,,4,0,6,3,6,7,0,1,,,1,0,145,13,38,,17/46 (37%),4/16 (25%),53%,0,16/24 (67%),9/23 (39%),3/8 (38%),57%,7,8,,7,,0,,,,,3
10388559,44,42269,NORMAL,REGULAR,Round 18,LEAGUE,2523,1. FC Nürnberg,Local,2ND,29/01/2023,18,0,46%,0.00,0,10,1,1,,203,12,7,1,,0,0,6,4,6,4,0,0,,,0,3,144,15,31,,14/36 (39%),3/15 (20%),48%,7,24/48 (50%),12/27 (44%),5/11 (45%),75%,12,4,,5,,1,,,,,4
10388559,44,42269,NORMAL,REGULAR,Round 18,LEAGUE,2526,FC St. Pauli,Visita,ALL,29/01/2023,18,1,55%,0.00,1,9,4,2,13,509,18,8,2,,2,0,5,2,8,1,1,0,,,0,0,370,32,44,,29/73 (40%),4/13 (31%),50%,10,32/72 (44%),29/50 (58%),6/15 (40%),28%,18,6,,38,,4,,,,,12
10388559,44,42269,NORMAL,REGULAR,Round 18,LEAGUE,2526,FC St. Pauli,Visita,1ST,29/01/2023,18,1,56%,0.00,1,4,4,1,,261,5,3,1,,1,0,2,1,4,0,1,0,,,0,0,190,20,22,,15/33 (45%),2/8 (25%),47%,3,8/24 (33%),14/23 (61%),0/4 (0%),40%,5,3,,15,,4,,,,,7
10388559,44,42269,NORMAL,REGULAR,Round 18,LEAGUE,2526,FC St. Pauli,Visita,2ND,29/01/2023,18,0,54%,0.00,0,5,0,1,,248,13,5,1,,1,0,3,1,4,1,0,0,,,0,0,180,12,22,,14/40 (35%),2/5 (40%),52%,7,24/48 (50%),15/27 (56%),6/11 (55%),23%,13,3,,23,,0,,,,,5
10388565,44,42269,NORMAL,REGULAR,Round 19,LEAGUE,2526,FC St. Pauli,Local,ALL,05/02/2023,19,2,54%,0.00,3,20,1,8,11,461,20,13,1,0,4,0,5,11,12,8,1,2,0,,4,1,372,20,47,,19/47 (40%),6/29 (21%),52%,11,41/82 (50%),21/38 (55%),8/18 (44%),40%,20,9,,17,,1,,,,,3
10388565,44,42269,NORMAL,REGULAR,Round 19,LEAGUE,2526,FC St. Pauli,Local,1ST,05/02/2023,19,2,44%,0.00,3,9,1,0,,191,9,8,1,0,3,0,4,2,5,4,1,2,0,,4,0,145,9,20,,6/23 (26%),2/8 (25%),52%,3,20/39 (51%),10/19 (53%),3/7 (43%),33%,9,6,,9,,1,,,,,2
10388565,44,42269,NORMAL,REGULAR,Round 19,LEAGUE,2526,FC St. Pauli,Local,2ND,05/02/2023,19,0,63%,0.00,0,11,0,8,,270,11,5,0,0,1,0,1,9,7,4,0,0,0,,0,1,227,11,27,,13/24 (54%),4/21 (19%),52%,8,21/43 (49%),11/19 (58%),5/11 (45%),45%,11,3,,8,,0,,,,,1
10388565,44,42269,NORMAL,REGULAR,Round 19,LEAGUE,2541,Hannover 96,Visita,ALL,05/02/2023,19,0,46%,0.00,0,7,2,3,14,415,21,11,3,1,1,0,2,4,5,2,0,0,3,,3,2,329,20,47,,26/57 (46%),3/14 (21%),48%,9,41/82 (50%),17/38 (45%),9/20 (45%),67%,21,16,,34,,2,,,,,6
10388565,44,42269,NORMAL,REGULAR,Round 19,LEAGUE,2541,Hannover 96,Visita,1ST,05/02/2023,19,0,56%,0.00,0,4,1,1,,250,7,6,1,0,1,0,2,1,2,2,0,0,2,,2,1,205,10,29,,13/30 (43%),0/6 (0%),48%,3,19/39 (49%),9/19 (47%),6/12 (50%),86%,7,11,,10,,1,,,,,4
10388565,44,42269,NORMAL,REGULAR,Round 19,LEAGUE,2541,Hannover 96,Visita,2ND,05/02/2023,19,0,37%,0.00,0,3,1,2,,165,14,5,2,1,0,0,0,3,3,0,0,0,1,,1,1,124,10,18,,13/27 (48%),3/8 (38%),48%,6,22/43 (51%),8/19 (42%),3/8 (38%),57%,14,5,,24,,1,,,,,2
10388568,44,42269,NORMAL,REGULAR,Round 20,LEAGUE,2526,FC St. Pauli,Local,ALL,12/02/2023,20,1,66%,0.00,2,17,0,4,12,539,5,21,5,,3,0,11,3,10,7,,2,1,,3,2,441,19,57,,19/46 (41%),5/22 (23%),49%,7,31/60 (52%),18/39 (46%),6/13 (46%),100%,5,9,,11,,0,,,,,6
10388568,44,42269,NORMAL,REGULAR,Round 20,LEAGUE,2526,FC St. Pauli,Local,1ST,12/02/2023,20,0,68%,0.00,1,7,0,1,,285,2,11,1,,2,0,5,0,5,2,,1,0,,3,0,235,12,26,,6/18 (33%),5/13 (38%),53%,3,14/29 (48%),10/16 (63%),2/5 (40%),100%,2,3,,2,,0,,,,,2
10388568,44,42269,NORMAL,REGULAR,Round 20,LEAGUE,2526,FC St. Pauli,Local,2ND,12/02/2023,20,1,65%,0.00,1,10,0,3,,254,3,10,4,,1,0,6,3,5,5,,1,1,,0,2,206,7,31,,13/28 (46%),0/9 (0%),46%,4,17/31 (55%),8/23 (35%),4/8 (50%),100%,3,6,,9,,0,,,,,4
10388568,44,42269,NORMAL,REGULAR,Round 20,LEAGUE,2675,1. FC Kaiserslautern,Visita,ALL,12/02/2023,20,0,34%,0.00,0,8,2,4,22,265,14,12,6,,1,0,4,3,5,3,,0,1,,1,0,155,19,52,,28/73 (38%),4/15 (27%),51%,3,29/60 (48%),21/39 (54%),5/7 (71%),71%,14,9,,32,,2,,,,,12
10388568,44,42269,NORMAL,REGULAR,Round 20,LEAGUE,2675,1. FC Kaiserslautern,Visita,1ST,12/02/2023,20,0,32%,0.00,0,1,2,1,,136,6,5,1,,0,0,0,1,1,0,,0,1,,0,0,80,9,22,,7/33 (21%),0/5 (0%),47%,1,15/29 (52%),6/16 (38%),4/5 (80%),67%,6,7,,18,,2,,,,,6
10388568,44,42269,NORMAL,REGULAR,Round 20,LEAGUE,2675,1. FC Kaiserslautern,Visita,2ND,12/02/2023,20,0,35%,0.00,0,7,0,3,,129,8,7,5,,1,0,4,2,4,3,,0,0,,1,0,75,10,30,,21/40 (53%),4/10 (40%),54%,2,14/31 (45%),15/23 (65%),1/2 (50%),75%,8,2,,14,,0,,,,,6
10388614,44,42269,NORMAL,REGULAR,Round 21,LEAGUE,2591,1. FC Magdeburg,Local,ALL,18/02/2023,21,1,50%,0.00,1,13,1,3,9,439,27,10,2,,4,0,6,3,9,4,0,1,2,,0,2,352,24,45,,27/60 (45%),2/13 (15%),59%,6,54/88 (61%),12/23 (52%),17/26 (65%),56%,27,18,,19,,1,,,,,8
10388614,44,42269,NORMAL,REGULAR,Round 21,LEAGUE,2591,1. FC Magdeburg,Local,1ST,18/02/2023,21,1,51%,0.00,0,8,0,2,,250,12,7,0,,2,0,3,3,6,2,0,0,1,,0,1,206,11,23,,13/33 (39%),2/9 (22%),60%,4,29/45 (64%),3/8 (38%),10/13 (77%),58%,12,7,,2,,0,,,,,3
10388614,44,42269,NORMAL,REGULAR,Round 21,LEAGUE,2591,1. FC Magdeburg,Local,2ND,18/02/2023,21,0,48%,0.00,1,5,1,1,,189,15,3,2,,2,0,3,0,3,2,0,1,1,,0,1,146,13,22,,14/27 (52%),0/4 (0%),59%,2,25/43 (58%),9/15 (60%),7/13 (54%),53%,15,11,,17,,1,,,,,5
10388614,44,42269,NORMAL,REGULAR,Round 21,LEAGUE,2526,FC St. Pauli,Visita,ALL,18/02/2023,21,2,50%,0.00,2,18,3,9,10,429,15,9,1,,3,0,9,6,12,6,1,1,1,,2,0,334,26,48,,21/41 (51%),12/24 (50%),41%,10,34/88 (39%),11/23 (48%),10/27 (37%),53%,15,5,,24,,3,,,,,5
10388614,44,42269,NORMAL,REGULAR,Round 21,LEAGUE,2526,FC St. Pauli,Visita,1ST,18/02/2023,21,0,49%,0.00,0,4,1,1,,238,7,5,0,,0,0,3,1,3,1,0,0,0,,1,0,191,11,18,,12/22 (55%),5/6 (83%),40%,4,16/45 (36%),5/8 (63%),4/12 (33%),57%,7,2,,13,,1,,,,,3
10388614,44,42269,NORMAL,REGULAR,Round 21,LEAGUE,2526,FC St. Pauli,Visita,2ND,18/02/2023,21,2,52%,0.00,2,14,2,8,,191,8,4,1,,3,0,6,5,9,5,1,1,1,,1,0,143,15,30,,9/19 (47%),7/18 (39%),41%,6,18/43 (42%),6/15 (40%),6/15 (40%),50%,8,3,,11,,2,,,,,2
10388611,44,42269,NORMAL,REGULAR,Round 22,LEAGUE,2526,FC St. Pauli,Local,ALL,26/02/2023,22,1,48%,0.00,3,17,3,4,12,380,15,19,2,,7,1,6,4,10,7,1,2,2,,5,0,292,25,54,,33/66 (50%),3/16 (19%),51%,13,44/85 (52%),15/30 (50%),11/21 (52%),60%,15,13,,18,,3,,,,,6
10388611,44,42269,NORMAL,REGULAR,Round 22,LEAGUE,2526,FC St. Pauli,Local,1ST,26/02/2023,22,1,61%,0.00,2,9,2,4,,224,8,9,0,,5,1,2,2,5,4,1,1,0,,4,0,178,17,30,,23/36 (64%),2/12 (17%),47%,6,21/40 (53%),5/15 (33%),4/10 (40%),75%,8,8,,3,,2,,,,,3
10388611,44,42269,NORMAL,REGULAR,Round 22,LEAGUE,2526,FC St. Pauli,Local,2ND,26/02/2023,22,0,36%,0.00,1,8,1,0,,156,7,10,2,,2,0,4,2,5,3,0,1,2,,1,0,114,8,24,,10/30 (33%),1/4 (25%),55%,7,23/45 (51%),10/15 (67%),7/11 (64%),43%,7,5,,15,,1,,,,,3
10388611,44,42269,NORMAL,REGULAR,Round 22,LEAGUE,2533,FC Hansa Rostock,Visita,ALL,26/02/2023,22,0,52%,0.00,2,10,5,4,20,418,23,12,5,,3,2,4,3,7,3,0,2,1,,2,2,323,22,44,,26/53 (49%),4/12 (33%),49%,7,41/85 (48%),15/30 (50%),6/14 (43%),70%,23,5,,26,,5,,,,,11
10388611,44,42269,NORMAL,REGULAR,Round 22,LEAGUE,2533,FC Hansa Rostock,Visita,1ST,26/02/2023,22,0,39%,0.00,1,7,3,3,,148,12,5,0,,2,2,2,3,6,1,0,1,0,,0,0,100,11,10,,12/30 (40%),3/3 (100%),53%,5,19/40 (48%),10/15 (67%),2/5 (40%),75%,12,2,,20,,3,,,,,7
10388611,44,42269,NORMAL,REGULAR,Round 22,LEAGUE,2533,FC Hansa Rostock,Visita,2ND,26/02/2023,22,0,64%,0.00,1,3,2,1,,270,11,7,5,,1,0,2,0,1,2,0,1,1,,2,2,223,11,34,,14/23 (61%),1/9 (11%),45%,2,22/45 (49%),5/15 (33%),4/9 (44%),64%,11,3,,6,,2,,,,,4
10388617,44,42269,NORMAL,REGULAR,Round 23,LEAGUE,2561,SC Paderborn 07,Local,ALL,03/03/2023,23,1,58%,0.00,4,18,5,5,13,590,17,8,4,1,5,1,10,3,8,10,0,4,0,,,1,492,19,59,,24/64 (38%),6/10 (60%),49%,9,42/81 (52%),7/18 (39%),17/24 (71%),76%,17,10,,11,,5,,,,,6
10388617,44,42269,NORMAL,REGULAR,Round 23,LEAGUE,2561,SC Paderborn 07,Local,1ST,03/03/2023,23,0,58%,0.00,1,8,3,4,,311,7,3,0,0,2,1,5,1,4,4,0,1,0,,,0,266,6,21,,14/33 (42%),4/5 (80%),47%,6,20/40 (50%),3/9 (33%),10/16 (63%),71%,7,6,,5,,3,,,,,6
10388617,44,42269,NORMAL,REGULAR,Round 23,LEAGUE,2561,SC Paderborn 07,Local,2ND,03/03/2023,23,1,58%,0.00,3,10,2,1,,279,10,5,4,1,3,0,5,2,4,6,0,3,0,,,1,226,13,38,,10/31 (32%),2/5 (40%),52%,3,22/41 (54%),4/9 (44%),7/8 (88%),80%,10,4,,6,,2,,,,,0
10388617,44,42269,NORMAL,REGULAR,Round 23,LEAGUE,2526,FC St. Pauli,Visita,ALL,03/03/2023,23,2,42%,0.00,2,11,5,1,8,433,16,12,2,0,7,0,3,1,7,4,1,1,1,,,1,346,22,50,,35/61 (57%),2/11 (18%),51%,7,39/81 (48%),11/18 (61%),11/21 (52%),44%,16,14,,8,,5,,,,,9
10388617,44,42269,NORMAL,REGULAR,Round 23,LEAGUE,2526,FC St. Pauli,Visita,1ST,03/03/2023,23,2,42%,0.00,2,8,2,1,,225,12,4,1,0,5,0,3,0,5,3,1,1,1,,,0,189,11,22,,16/30 (53%),1/8 (13%),53%,3,20/40 (50%),6/9 (67%),4/8 (50%),42%,12,7,,2,,2,,,,,2
10388617,44,42269,NORMAL,REGULAR,Round 23,LEAGUE,2526,FC St. Pauli,Visita,2ND,03/03/2023,23,0,42%,0.00,0,3,3,0,,208,4,8,1,0,2,0,0,1,2,1,0,0,0,,,1,157,11,28,,19/31 (61%),1/3 (33%),48%,4,19/41 (46%),5/9 (56%),7/13 (54%),50%,4,7,,6,,3,,,,,7
10388623,44,42269,NORMAL,REGULAR,Round 24,LEAGUE,2526,FC St. Pauli,Local,ALL,11/03/2023,24,2,58%,0.00,2,11,1,3,14,579,18,8,4,0,6,0,4,1,7,4,1,1,2,,1,5,474,11,56,,26/55 (47%),2/13 (15%),48%,12,39/81 (48%),18/38 (47%),13/21 (62%),56%,18,3,,14,,1,,,,,7
10388623,44,42269,NORMAL,REGULAR,Round 24,LEAGUE,2526,FC St. Pauli,Local,1ST,11/03/2023,24,1,53%,0.00,0,3,0,1,,245,8,4,0,0,1,0,1,1,1,2,0,0,0,,1,1,197,5,15,,11/27 (41%),0/7 (0%),49%,6,20/42 (48%),10/19 (53%),8/13 (62%),38%,8,2,,9,,0,,,,,3
10388623,44,42269,NORMAL,REGULAR,Round 24,LEAGUE,2526,FC St. Pauli,Local,2ND,11/03/2023,24,1,63%,0.00,2,8,1,2,,334,10,4,4,0,5,0,3,0,6,2,1,1,2,,0,4,277,6,41,,15/28 (54%),2/6 (33%),47%,6,19/39 (49%),8/19 (42%),5/8 (63%),70%,10,1,,5,,1,,,,,4
10388623,44,42269,NORMAL,REGULAR,Round 24,LEAGUE,2551,SpVgg Greuther Fürth,Visita,ALL,11/03/2023,24,1,42%,0.00,2,6,4,4,8,406,20,11,1,1,2,0,3,1,5,1,1,1,0,,2,2,292,18,63,,28/63 (44%),4/12 (33%),52%,9,42/81 (52%),20/38 (53%),12/21 (57%),50%,20,7,,13,,4,,,,,10
10388623,44,42269,NORMAL,REGULAR,Round 24,LEAGUE,2551,SpVgg Greuther Fürth,Visita,1ST,11/03/2023,24,1,47%,0.00,2,4,0,3,,215,11,3,0,1,1,0,2,1,3,1,1,1,0,,1,1,164,10,30,,14/29 (48%),3/7 (43%),51%,2,22/42 (52%),9/19 (47%),8/14 (57%),36%,11,3,,6,,0,,,,,6
10388623,44,42269,NORMAL,REGULAR,Round 24,LEAGUE,2551,SpVgg Greuther Fürth,Visita,2ND,11/03/2023,24,0,37%,0.00,0,2,4,1,,191,9,8,1,0,1,0,1,0,2,0,0,0,0,,1,1,128,8,33,,14/34 (41%),1/5 (20%),53%,7,20/39 (51%),11/19 (58%),4/7 (57%),67%,9,4,,7,,4,,,,,4
10388650,44,42269,NORMAL,REGULAR,Round 25,LEAGUE,6157,SV Sandhausen,Local,ALL,19/03/2023,25,0,25%,0.00,0,8,3,3,10,235,11,6,2,1,1,0,3,4,4,4,0,0,3,,1,0,167,14,38,,21/55 (38%),4/8 (50%),52%,2,26/47 (55%),7/17 (41%),9/14 (64%),73%,11,7,,25,,3,,,,,10
10388650,44,42269,NORMAL,REGULAR,Round 25,LEAGUE,6157,SV Sandhausen,Local,1ST,19/03/2023,25,0,35%,0.00,0,3,0,2,,140,6,2,2,1,0,0,1,2,1,2,0,0,3,,1,0,101,9,20,,13/29 (45%),2/5 (40%),41%,0,10/24 (42%),3/8 (38%),2/5 (40%),100%,6,4,,11,,0,,,,,4
10388650,44,42269,NORMAL,REGULAR,Round 25,LEAGUE,6157,SV Sandhausen,Local,2ND,19/03/2023,25,0,17%,0.00,0,5,3,1,,95,5,4,0,0,1,0,2,2,3,2,0,0,0,,0,0,66,5,18,,8/26 (31%),2/3 (67%),63%,2,16/23 (70%),4/9 (44%),7/9 (78%),40%,5,3,,14,,3,,,,,6
10388650,44,42269,NORMAL,REGULAR,Round 25,LEAGUE,2526,FC St. Pauli,Visita,ALL,19/03/2023,25,5,75%,0.00,5,23,0,9,7,722,7,10,0,0,8,0,4,11,14,9,4,1,0,,4,3,656,19,65,,33/46 (72%),5/24 (21%),48%,6,21/47 (45%),10/17 (59%),4/9 (44%),43%,7,5,,9,,0,,,,,5
10388650,44,42269,NORMAL,REGULAR,Round 25,LEAGUE,2526,FC St. Pauli,Visita,1ST,19/03/2023,25,4,65%,0.00,3,12,0,2,,263,3,8,0,0,4,0,2,6,8,4,3,0,0,,3,3,226,14,25,,15/22 (68%),1/8 (13%),59%,5,14/24 (58%),5/8 (63%),3/4 (75%),67%,3,4,,7,,0,,,,,3
10388650,44,42269,NORMAL,REGULAR,Round 25,LEAGUE,2526,FC St. Pauli,Visita,2ND,19/03/2023,25,1,83%,0.00,2,11,0,7,,459,4,2,0,0,4,0,2,5,6,5,1,1,0,,1,0,430,5,40,,18/24 (75%),4/16 (25%),37%,1,7/23 (30%),5/9 (56%),1/5 (20%),25%,4,1,,2,,0,,,,,2
10388645,44,42269,NORMAL,REGULAR,Round 26,LEAGUE,2526,FC St. Pauli,Local,ALL,01/04/2023,26,1,55%,0.00,1,9,4,0,5,581,22,6,2,,2,0,2,5,5,4,,1,,,1,3,501,14,52,,34/56 (61%),1/14 (7%),45%,10,39/80 (49%),6/19 (32%),11/20 (55%),50%,22,3,,18,,4,,,,,9
10388645,44,42269,NORMAL,REGULAR,Round 26,LEAGUE,2526,FC St. Pauli,Local,1ST,01/04/2023,26,1,61%,0.00,1,4,0,0,,327,12,2,0,,2,0,0,2,2,2,,1,,,1,1,286,9,36,,16/26 (62%),1/9 (11%),49%,0,16/30 (53%),3/9 (33%),2/8 (25%),33%,12,3,,5,,0,,,,,4
10388645,44,42269,NORMAL,REGULAR,Round 26,LEAGUE,2526,FC St. Pauli,Local,2ND,01/04/2023,26,0,49%,0.00,0,5,4,0,,254,10,4,2,,0,0,2,3,3,2,,0,,,0,2,215,5,16,,18/30 (60%),0/5 (0%),43%,10,23/50 (46%),3/10 (30%),9/12 (75%),70%,10,0,,13,,4,,,,,5
10388645,44,42269,NORMAL,REGULAR,Round 26,LEAGUE,2567,SSV Jahn Regensburg,Visita,ALL,01/04/2023,26,0,45%,0.00,1,16,2,4,8,473,19,4,4,,4,0,7,5,6,10,,1,,,1,4,391,19,48,,27/54 (50%),4/18 (22%),55%,17,41/80 (51%),13/19 (68%),18/23 (78%),68%,19,7,,21,,2,,,,,10
10388645,44,42269,NORMAL,REGULAR,Round 26,LEAGUE,2567,SSV Jahn Regensburg,Visita,1ST,01/04/2023,26,0,39%,0.00,0,8,2,3,,211,6,0,3,,0,0,5,3,3,5,,0,,,1,2,166,9,22,,15/29 (52%),2/8 (25%),51%,9,14/30 (47%),6/9 (67%),8/11 (73%),83%,6,6,,13,,2,,,,,4
10388645,44,42269,NORMAL,REGULAR,Round 26,LEAGUE,2567,SSV Jahn Regensburg,Visita,2ND,01/04/2023,26,0,51%,0.00,1,8,0,1,,262,13,4,1,,4,0,2,2,3,5,,1,,,0,2,225,10,26,,12/25 (48%),2/10 (20%),57%,8,27/50 (54%),7/10 (70%),10/12 (83%),62%,13,1,,8,,0,,,,,6
10388661,44,42269,NORMAL,REGULAR,Round 27,LEAGUE,5885,1. FC Heidenheim,Local,ALL,08/04/2023,27,0,55%,0.00,2,11,3,5,11,509,13,9,2,,1,0,8,2,6,5,,2,,,1,1,383,36,92,,54/103 (52%),4/23 (17%),49%,6,31/61 (51%),15/33 (45%),9/16 (56%),23%,13,12,,14,,3,,,,,6
10388661,44,42269,NORMAL,REGULAR,Round 27,LEAGUE,5885,1. FC Heidenheim,Local,1ST,08/04/2023,27,0,50%,0.00,1,5,2,2,,218,6,3,0,,0,0,4,1,2,3,,1,,,0,1,159,17,42,,23/51 (45%),3/12 (25%),48%,0,12/21 (57%),7/19 (37%),3/8 (38%),17%,6,7,,8,,2,,,,,1
10388661,44,42269,NORMAL,REGULAR,Round 27,LEAGUE,5885,1. FC Heidenheim,Local,2ND,08/04/2023,27,0,60%,0.00,1,6,1,3,,291,7,6,2,,1,0,4,1,4,2,,1,,,1,0,224,19,50,,31/52 (60%),1/11 (9%),50%,6,19/40 (48%),8/14 (57%),6/8 (75%),29%,7,5,,6,,1,,,,,5
10388661,44,42269,NORMAL,REGULAR,Round 27,LEAGUE,2526,FC St. Pauli,Visita,ALL,08/04/2023,27,1,45%,0.00,2,10,1,3,11,412,13,10,2,,4,1,3,3,6,4,,2,,,2,0,290,28,49,,26/70 (37%),3/18 (17%),51%,7,30/61 (49%),18/33 (55%),7/13 (54%),62%,13,14,,23,,1,,,,,14
10388661,44,42269,NORMAL,REGULAR,Round 27,LEAGUE,2526,FC St. Pauli,Visita,1ST,08/04/2023,27,1,50%,0.00,1,5,0,1,,222,5,2,1,,3,0,1,1,2,3,,1,,,0,0,157,22,28,,13/34 (38%),2/8 (25%),52%,3,9/21 (43%),12/19 (63%),2/5 (40%),80%,5,7,,13,,0,,,,,6
10388661,44,42269,NORMAL,REGULAR,Round 27,LEAGUE,2526,FC St. Pauli,Visita,2ND,08/04/2023,27,0,40%,0.00,1,5,1,2,,190,8,8,1,,1,1,2,2,4,1,,1,,,2,0,133,6,21,,13/36 (36%),1/10 (10%),50%,4,21/40 (53%),6/14 (43%),5/8 (63%),50%,8,7,,10,,1,,,,,8
10388678,44,42269,NORMAL,REGULAR,Round 28,LEAGUE,2526,FC St. Pauli,Local,ALL,16/04/2023,28,1,69%,0.00,1,19,0,4,7,726,12,12,1,,7,0,8,4,11,8,,1,2,,2,5,624,25,91,,17/36 (47%),7/35 (20%),59%,6,33/59 (56%),24/38 (63%),9/20 (45%),42%,12,3,,11,,0,,,,,5
10388678,44,42269,NORMAL,REGULAR,Round 28,LEAGUE,2526,FC St. Pauli,Local,1ST,16/04/2023,28,0,69%,0.00,0,10,0,2,,376,5,7,0,,3,0,5,2,4,6,,0,2,,1,0,321,12,45,,7/16 (44%),2/15 (13%),63%,2,17/25 (68%),9/16 (56%),5/8 (63%),60%,5,2,,8,,0,,,,,2
10388678,44,42269,NORMAL,REGULAR,Round 28,LEAGUE,2526,FC St. Pauli,Local,2ND,16/04/2023,28,1,69%,0.00,1,9,0,2,,350,7,5,1,,4,0,3,2,7,2,,1,0,,1,5,303,13,46,,10/20 (50%),5/20 (25%),55%,4,16/34 (47%),15/22 (68%),4/12 (33%),29%,7,1,,3,,0,,,,,3
10388678,44,42269,NORMAL,REGULAR,Round 28,LEAGUE,2557,Eintracht Braunschweig,Visita,ALL,16/04/2023,28,2,31%,0.00,1,9,6,1,12,328,17,7,2,,2,0,5,2,5,4,,1,0,,1,0,223,14,26,,22/68 (32%),2/5 (40%),41%,7,26/59 (44%),14/38 (37%),2/7 (29%),65%,17,10,,32,,6,,,,,11
10388678,44,42269,NORMAL,REGULAR,Round 28,LEAGUE,2557,Eintracht Braunschweig,Visita,1ST,16/04/2023,28,2,31%,0.00,0,5,3,0,,168,5,2,0,,2,0,2,1,3,2,,0,0,,0,0,118,12,10,,15/36 (42%),0/1 (0%),37%,2,8/25 (32%),7/16 (44%),1/4 (25%),80%,5,7,,13,,3,,,,,7
10388678,44,42269,NORMAL,REGULAR,Round 28,LEAGUE,2557,Eintracht Braunschweig,Visita,2ND,16/04/2023,28,0,31%,0.00,1,4,3,1,,160,12,5,2,,0,0,3,1,2,2,,1,0,,1,0,105,2,16,,7/32 (22%),2/4 (50%),45%,5,18/34 (53%),7/22 (32%),1/3 (33%),58%,12,3,,19,,3,,,,,4
10388688,44,42269,NORMAL,REGULAR,Round 29,LEAGUE,2676,Hamburger SV,Local,ALL,21/04/2023,29,4,50%,0.00,3,11,4,3,12,420,20,10,4,,5,0,4,2,7,4,2,1,0,,2,1,328,16,62,,13/42 (31%),7/20 (35%),47%,8,35/69 (51%),12/30 (40%),5/12 (42%),70%,20,9,,20,,4,,,,,6
10388688,44,42269,NORMAL,REGULAR,Round 29,LEAGUE,2676,Hamburger SV,Local,1ST,21/04/2023,29,1,53%,0.00,0,8,2,3,,233,13,3,3,,2,0,4,2,4,4,0,0,0,,1,1,184,7,33,,3/12 (25%),4/12 (33%),50%,3,18/33 (55%),4/11 (36%),2/4 (50%),85%,13,6,,10,,2,,,,,2
10388688,44,42269,NORMAL,REGULAR,Round 29,LEAGUE,2676,Hamburger SV,Local,2ND,21/04/2023,29,3,46%,0.00,3,3,2,0,,187,7,7,1,,3,0,0,0,3,0,2,1,0,,1,0,144,9,29,,10/30 (33%),3/8 (38%),45%,5,17/36 (47%),8/19 (42%),3/8 (38%),43%,7,3,,10,,2,,,,,4
10388688,44,42269,NORMAL,REGULAR,Round 29,LEAGUE,2526,FC St. Pauli,Visita,ALL,21/04/2023,29,3,50%,0.00,3,16,2,3,10,428,15,11,3,,7,0,6,3,12,4,1,2,1,,4,4,346,22,30,,17/48 (35%),5/19 (26%),53%,11,34/69 (49%),18/30 (60%),8/17 (47%),47%,15,7,,16,,2,,,,,6
10388688,44,42269,NORMAL,REGULAR,Round 29,LEAGUE,2526,FC St. Pauli,Visita,1ST,21/04/2023,29,1,47%,0.00,1,7,1,2,,206,5,6,0,,3,0,3,1,5,2,0,1,0,,2,2,168,14,8,,11/26 (42%),2/14 (14%),50%,6,15/33 (45%),7/11 (64%),4/11 (36%),40%,5,6,,12,,1,,,,,4
10388688,44,42269,NORMAL,REGULAR,Round 29,LEAGUE,2526,FC St. Pauli,Visita,2ND,21/04/2023,29,2,54%,0.00,2,9,1,1,,222,10,5,3,,4,0,3,2,7,2,1,1,1,,2,2,178,8,22,,6/22 (27%),3/5 (60%),55%,5,19/36 (53%),11/19 (58%),4/6 (67%),50%,10,1,,4,,1,,,,,2
10388683,44,42269,NORMAL,REGULAR,Round 30,LEAGUE,2526,FC St. Pauli,Local,ALL,29/04/2023,30,2,57%,0.00,6,23,2,5,8,461,13,20,2,,6,0,12,5,14,9,2,4,4,,5,2,379,21,51,,24/48 (50%),4/20 (20%),46%,9,36/69 (52%),13/37 (35%),4/11 (36%),69%,13,3,,15,,2,,,,,5
10388683,44,42269,NORMAL,REGULAR,Round 30,LEAGUE,2526,FC St. Pauli,Local,1ST,29/04/2023,30,0,66%,0.00,2,12,0,1,,310,4,11,1,,2,0,6,4,7,5,0,2,3,,3,0,262,14,31,,14/26 (54%),2/11 (18%),48%,3,16/29 (55%),9/23 (39%),2/7 (29%),100%,4,2,,3,,0,,,,,0
10388683,44,42269,NORMAL,REGULAR,Round 30,LEAGUE,2526,FC St. Pauli,Local,2ND,29/04/2023,30,2,44%,0.00,4,11,2,4,,151,9,9,1,,4,0,6,1,7,4,2,2,1,,2,2,117,7,20,,10/22 (45%),2/9 (22%),44%,6,20/40 (50%),4/14 (29%),2/4 (50%),56%,9,1,,12,,2,,,,,5
10388683,44,42269,NORMAL,REGULAR,Round 30,LEAGUE,2540,Arminia Bielefeld,Visita,ALL,29/04/2023,30,1,43%,0.00,2,9,4,5,20,353,16,8,3,,3,0,4,2,7,2,1,1,3,,0,0,263,19,37,,25/67 (37%),7/14 (50%),54%,6,33/69 (48%),24/37 (65%),10/17 (59%),50%,16,6,,21,,4,,,,,13
10388683,44,42269,NORMAL,REGULAR,Round 30,LEAGUE,2540,Arminia Bielefeld,Visita,1ST,29/04/2023,30,0,34%,0.00,0,1,2,2,,163,8,2,2,,0,0,0,1,0,1,0,0,2,,0,0,106,8,18,,13/41 (32%),1/1 (100%),52%,3,13/29 (45%),14/23 (61%),3/4 (75%),50%,8,4,,14,,2,,,,,8
10388683,44,42269,NORMAL,REGULAR,Round 30,LEAGUE,2540,Arminia Bielefeld,Visita,2ND,29/04/2023,30,1,56%,0.00,2,8,2,3,,190,8,6,1,,3,0,4,1,7,1,1,1,1,,0,0,157,11,19,,12/26 (46%),6/13 (46%),56%,3,20/40 (50%),10/14 (71%),7/13 (54%),50%,8,2,,7,,2,,,,,5
10388701,44,42269,NORMAL,REGULAR,Round 31,LEAGUE,2576,Darmstadt 98,Local,ALL,06/05/2023,31,0,59%,0.00,1,17,4,2,13,521,15,13,2,,2,0,6,9,11,6,0,1,1,,3,3,424,14,82,,28/63 (44%),7/18 (39%),53%,8,36/76 (47%),28/44 (64%),8/18 (44%),67%,15,7,,11,,4,,,,,5
10388701,44,42269,NORMAL,REGULAR,Round 31,LEAGUE,2576,Darmstadt 98,Local,1ST,06/05/2023,31,0,54%,0.00,0,8,0,1,,239,6,7,0,,1,0,3,4,4,4,0,0,0,,2,2,187,6,30,,17/33 (52%),2/6 (33%),58%,2,16/30 (53%),15/23 (65%),3/5 (60%),67%,6,2,,5,,0,,,,,4
10388701,44,42269,NORMAL,REGULAR,Round 31,LEAGUE,2576,Darmstadt 98,Local,2ND,06/05/2023,31,0,64%,0.00,1,9,4,1,,282,9,6,2,,1,0,3,5,7,2,0,1,1,,1,1,237,8,52,,11/30 (37%),5/12 (42%),49%,6,20/46 (43%),13/21 (62%),5/13 (38%),67%,9,5,,6,,4,,,,,1
10388701,44,42269,NORMAL,REGULAR,Round 31,LEAGUE,2526,FC St. Pauli,Visita,ALL,06/05/2023,31,3,41%,0.00,3,12,3,1,15,363,18,13,1,,7,0,2,3,9,3,2,1,0,,3,2,268,17,45,,20/60 (33%),4/10 (40%),47%,8,40/76 (53%),16/44 (36%),9/16 (56%),56%,18,8,,22,,3,,,,,13
10388701,44,42269,NORMAL,REGULAR,Round 31,LEAGUE,2526,FC St. Pauli,Visita,1ST,06/05/2023,31,1,46%,0.00,0,3,2,0,,206,4,5,0,,1,0,0,2,2,1,0,0,0,,1,1,155,7,29,,10/33 (30%),2/4 (50%),42%,4,14/30 (47%),8/23 (35%),5/7 (71%),25%,4,5,,7,,2,,,,,7
10388701,44,42269,NORMAL,REGULAR,Round 31,LEAGUE,2526,FC St. Pauli,Visita,2ND,06/05/2023,31,2,36%,0.00,3,9,1,1,,157,14,8,1,,6,0,2,1,7,2,2,1,0,,2,1,113,10,16,,10/27 (37%),2/6 (33%),51%,4,26/46 (57%),8/21 (38%),4/9 (44%),64%,14,3,,15,,1,,,,,6
10388719,44,42269,NORMAL,REGULAR,Round 32,LEAGUE,2526,FC St. Pauli,Local,ALL,13/05/2023,32,0,54%,0.00,0,21,0,7,10,476,14,13,1,,2,1,13,6,10,11,,0,,,3,1,396,27,55,,21/45 (47%),8/27 (30%),46%,5,35/74 (47%),15/34 (44%),8/22 (36%),79%,14,4,,8,,0,,,,,7
10388719,44,42269,NORMAL,REGULAR,Round 32,LEAGUE,2526,FC St. Pauli,Local,1ST,13/05/2023,32,0,50%,0.00,0,13,0,4,,231,8,4,1,,1,1,9,3,7,6,,0,,,1,0,195,16,31,,8/15 (53%),5/15 (33%),51%,3,20/41 (49%),9/16 (56%),8/18 (44%),63%,8,3,,3,,0,,,,,1
10388719,44,42269,NORMAL,REGULAR,Round 32,LEAGUE,2526,FC St. Pauli,Local,2ND,13/05/2023,32,0,57%,0.00,0,8,0,3,,245,6,9,0,,1,0,4,3,3,5,,0,,,2,1,201,11,24,,13/30 (43%),3/12 (25%),41%,2,15/33 (45%),6/18 (33%),0/4 (0%),100%,6,1,,5,,0,,,,,6
10388719,44,42269,NORMAL,REGULAR,Round 32,LEAGUE,2588,Fortuna Düsseldorf,Visita,ALL,13/05/2023,32,0,46%,0.00,1,2,2,0,13,427,19,10,4,,0,1,1,1,2,0,,1,,,1,2,339,14,45,,39/75 (52%),4/10 (40%),54%,8,39/74 (53%),19/34 (56%),10/16 (63%),68%,19,3,,28,,2,,,,,15
10388719,44,42269,NORMAL,REGULAR,Round 32,LEAGUE,2588,Fortuna Düsseldorf,Visita,1ST,13/05/2023,32,0,50%,0.00,0,0,1,0,,241,13,4,0,,0,0,0,0,0,0,,0,,,0,2,196,8,16,,18/35 (51%),1/5 (20%),49%,5,21/41 (51%),7/16 (44%),4/7 (57%),69%,13,2,,12,,1,,,,,10
10388719,44,42269,NORMAL,REGULAR,Round 32,LEAGUE,2588,Fortuna Düsseldorf,Visita,2ND,13/05/2023,32,0,43%,0.00,1,2,1,0,,186,6,6,4,,0,1,1,1,2,0,,1,,,1,0,143,6,29,,21/40 (53%),3/5 (60%),59%,3,18/33 (55%),12/18 (67%),6/9 (67%),67%,6,1,,16,,1,,,,,5
10388766,44,42269,NORMAL,REGULAR,Round 33,LEAGUE,2573,Holstein Kiel,Local,ALL,19/05/2023,33,3,55%,0.00,2,17,1,9,12,451,11,10,4,0,6,0,6,5,11,6,1,1,,,3,3,365,19,50,,21/46 (46%),7/24 (29%),48%,7,31/60 (52%),6/17 (35%),10/18 (56%),64%,11,5,,14,,1,,,,,10
10388766,44,42269,NORMAL,REGULAR,Round 33,LEAGUE,2573,Holstein Kiel,Local,1ST,19/05/2023,33,1,56%,0.00,1,6,0,4,,224,8,5,1,0,1,0,1,4,3,3,1,0,,,1,2,184,11,18,,9/23 (39%),2/9 (22%),49%,1,17/31 (55%),1/6 (17%),4/9 (44%),63%,8,2,,11,,0,,,,,5
10388766,44,42269,NORMAL,REGULAR,Round 33,LEAGUE,2573,Holstein Kiel,Local,2ND,19/05/2023,33,2,54%,0.00,1,11,1,5,,227,3,5,3,0,5,0,5,1,8,3,0,1,,,2,1,181,8,32,,12/23 (52%),5/15 (33%),48%,6,14/29 (48%),5/11 (45%),6/9 (67%),67%,3,3,,3,,1,,,,,5
10388766,44,42269,NORMAL,REGULAR,Round 33,LEAGUE,2526,FC St. Pauli,Visita,ALL,19/05/2023,33,4,45%,0.00,2,12,4,5,10,370,15,11,2,1,4,0,6,2,8,4,2,0,,,6,2,303,17,35,,31/50 (62%),6/17 (35%),52%,5,29/60 (48%),11/17 (65%),3/9 (33%),40%,15,6,,24,,4,,,,,9
10388766,44,42269,NORMAL,REGULAR,Round 33,LEAGUE,2526,FC St. Pauli,Visita,1ST,19/05/2023,33,1,44%,0.00,0,7,0,2,,173,6,7,0,0,1,0,5,1,3,4,0,0,,,3,1,146,12,18,,14/19 (74%),4/12 (33%),51%,3,14/31 (45%),5/6 (83%),1/6 (17%),50%,6,3,,12,,0,,,,,4
10388766,44,42269,NORMAL,REGULAR,Round 33,LEAGUE,2526,FC St. Pauli,Visita,2ND,19/05/2023,33,3,46%,0.00,2,5,4,3,,197,9,4,2,1,3,0,1,1,5,0,2,0,,,3,1,157,5,17,,17/31 (55%),2/5 (40%),52%,2,15/29 (52%),6/11 (55%),2/3 (67%),33%,9,3,,12,,4,,,,,5
10388782,44,42269,NORMAL,REGULAR,Round 34,LEAGUE,2526,FC St. Pauli,Local,ALL,28/05/2023,34,1,67%,0.00,1,13,1,4,5,568,11,13,3,,7,1,5,1,5,8,0,1,0,,,1,504,20,72,,21/37 (57%),5/25 (20%),57%,12,36/65 (55%),11/17 (65%),12/19 (63%),55%,11,5,57,8,,1,,,,,6
10388782,44,42269,NORMAL,REGULAR,Round 34,LEAGUE,2526,FC St. Pauli,Local,1ST,28/05/2023,34,0,68%,0.00,1,7,0,3,,293,6,3,1,,3,1,3,1,2,5,0,1,0,,,1,263,12,33,,12/20 (60%),3/16 (19%),55%,6,16/32 (50%),6/8 (75%),7/11 (64%),67%,6,3,28,5,,0,,,,,2
10388782,44,42269,NORMAL,REGULAR,Round 34,LEAGUE,2526,FC St. Pauli,Local,2ND,28/05/2023,34,1,65%,0.00,0,6,1,1,,275,5,10,2,,4,0,2,0,3,3,0,0,0,,,0,241,8,39,,9/17 (53%),2/9 (22%),60%,6,20/33 (61%),5/9 (56%),5/8 (63%),40%,5,2,29,3,,1,,,,,4
10388782,44,42269,NORMAL,REGULAR,Round 34,LEAGUE,2553,Karlsruher SC,Visita,ALL,28/05/2023,34,1,33%,0.00,2,8,6,4,13,276,19,5,3,,2,0,4,2,6,2,1,1,1,,,0,205,7,39,,31/61 (51%),4/14 (29%),43%,5,29/65 (45%),6/17 (35%),5/11 (45%),74%,19,11,59,25,,6,,,,,12
10388782,44,42269,NORMAL,REGULAR,Round 34,LEAGUE,2553,Karlsruher SC,Visita,1ST,28/05/2023,34,1,32%,0.00,1,5,3,2,,133,10,3,1,,1,0,2,2,4,1,1,0,1,,,0,101,5,20,,15/27 (56%),3/8 (38%),45%,3,16/32 (50%),2/8 (25%),3/6 (50%),70%,10,3,29,15,,3,,,,,5
10388782,44,42269,NORMAL,REGULAR,Round 34,LEAGUE,2553,Karlsruher SC,Visita,2ND,28/05/2023,34,0,35%,0.00,1,3,3,2,,143,9,2,2,,1,0,2,0,2,1,0,1,0,,,0,104,2,19,,16/34 (47%),1/6 (17%),40%,2,13/33 (39%),4/9 (44%),2/5 (40%),78%,9,8,30,10,,3,,,,,7
11396170,44,52607,NORMAL,REGULAR,Round 1,LEAGUE,2675,1. FC Kaiserslautern,Local,ALL,29/07/2023,1,1,50%,0.00,3,10,3,3,11,453,23,10,2,,3,0,4,3,8,2,1,2,,,0,0,371,24,47,,25/59 (42%),3/18 (17%),46%,8,43/91 (47%),12/29 (41%),10/24 (42%),43%,23,11,60,21,,3,,,,,6
11396170,44,52607,NORMAL,REGULAR,Round 1,LEAGUE,2675,1. FC Kaiserslautern,Local,1ST,29/07/2023,1,0,53%,0.00,0,3,1,1,,251,10,7,1,,1,0,1,1,3,0,0,0,,,0,0,219,10,19,,15/31 (48%),0/10 (0%),50%,3,22/42 (52%),6/14 (43%),5/12 (42%),50%,10,4,22,11,,1,,,,,3
11396170,44,52607,NORMAL,REGULAR,Round 1,LEAGUE,2675,1. FC Kaiserslautern,Local,2ND,29/07/2023,1,1,48%,0.00,3,7,2,2,,202,13,3,1,,2,0,3,2,5,2,1,2,,,0,0,152,14,28,,10/28 (36%),3/8 (38%),42%,5,21/49 (43%),6/15 (40%),5/12 (42%),38%,13,7,38,10,,2,,,,,3
11396170,44,52607,NORMAL,REGULAR,Round 1,LEAGUE,2526,FC St. Pauli,Visita,ALL,29/07/2023,1,2,50%,0.00,3,18,2,5,10,439,22,11,1,,5,0,7,6,10,8,2,1,,,2,2,367,12,44,,20/44 (45%),6/21 (29%),54%,14,48/91 (53%),17/29 (59%),15/24 (63%),50%,22,4,73,16,,2,,,,,8
11396170,44,52607,NORMAL,REGULAR,Round 1,LEAGUE,2526,FC St. Pauli,Visita,1ST,29/07/2023,1,0,47%,0.00,0,5,1,1,,223,10,5,0,,1,0,2,2,2,3,0,0,,,1,2,186,7,17,,6/17 (35%),2/10 (20%),50%,6,20/42 (48%),8/14 (57%),5/9 (56%),40%,10,0,33,6,,1,,,,,1
11396170,44,52607,NORMAL,REGULAR,Round 1,LEAGUE,2526,FC St. Pauli,Visita,2ND,29/07/2023,1,2,52%,0.00,3,13,1,4,,216,12,6,1,,4,0,5,4,8,5,2,1,,,1,0,181,5,27,,14/27 (52%),4/11 (36%),58%,8,28/49 (57%),9/15 (60%),10/15 (67%),58%,12,4,40,10,,1,,,,,7
11396161,44,52607,NORMAL,REGULAR,Round 2,LEAGUE,2526,FC St. Pauli,Local,ALL,05/08/2023,2,0,54%,0.00,1,13,3,4,11,509,7,7,2,1,5,1,5,3,8,5,,1,1,,2,1,454,22,47,,21/39 (54%),3/16 (19%),36%,7,23/63 (37%),7/20 (35%),9/21 (43%),29%,7,2,43,19,,3,,,,,6
11396161,44,52607,NORMAL,REGULAR,Round 2,LEAGUE,2526,FC St. Pauli,Local,1ST,05/08/2023,2,0,61%,0.00,0,9,3,0,,318,3,2,0,0,4,1,2,3,6,3,,0,1,,1,0,292,15,28,,11/19 (58%),1/6 (17%),32%,4,10/32 (31%),3/9 (33%),5/11 (45%),67%,3,2,25,4,,3,,,,,3
11396161,44,52607,NORMAL,REGULAR,Round 2,LEAGUE,2526,FC St. Pauli,Local,2ND,05/08/2023,2,0,45%,0.00,1,4,0,4,,191,4,5,2,1,1,0,3,0,2,2,,1,0,,1,1,162,7,19,,10/20 (50%),2/10 (20%),40%,3,13/31 (42%),4/11 (36%),4/10 (40%),0%,4,0,18,15,,0,,,,,3
11396161,44,52607,NORMAL,REGULAR,Round 2,LEAGUE,2588,Fortuna Düsseldorf,Visita,ALL,05/08/2023,2,0,46%,0.00,0,13,5,8,8,426,19,11,1,0,3,0,8,2,6,7,,0,0,,2,2,362,16,44,,33/58 (57%),5/20 (25%),64%,3,40/63 (63%),13/20 (65%),10/14 (71%),47%,19,9,42,16,,5,,,,,11
11396161,44,52607,NORMAL,REGULAR,Round 2,LEAGUE,2588,Fortuna Düsseldorf,Visita,1ST,05/08/2023,2,0,39%,0.00,0,8,4,4,,198,10,5,0,0,3,0,3,2,5,3,,0,0,,0,0,165,6,25,,17/29 (59%),3/5 (60%),68%,2,22/32 (69%),6/9 (67%),7/8 (88%),80%,10,5,24,9,,4,,,,,5
11396161,44,52607,NORMAL,REGULAR,Round 2,LEAGUE,2588,Fortuna Düsseldorf,Visita,2ND,05/08/2023,2,0,55%,0.00,0,5,1,4,,228,9,6,1,0,0,0,5,0,1,4,,0,0,,2,2,197,10,19,,16/29 (55%),2/15 (13%),60%,1,18/31 (58%),7/11 (64%),3/6 (50%),11%,9,4,18,7,,1,,,,,6
11360038,217,52284,NORMAL,PLAYOFF,Round 1,CUP,258870,SV Atlas Delmenhorst,Local,ALL,12/08/2023,1,0,31%,0.00,2,6,4,1,5,289,16,3,3,1,4,0,2,0,3,3,0,2,0,,2,0,205,15,30,,17/58 (29%),1/6 (17%),40%,7,29/61 (48%),4/22 (18%),10/18 (56%),75%,16,16,56,26,,4,,,,,17
11360038,217,52284,NORMAL,PLAYOFF,Round 1,CUP,258870,SV Atlas Delmenhorst,Local,1ST,12/08/2023,1,0,28%,0.00,0,3,3,1,,145,8,0,1,0,2,0,1,0,0,3,0,0,0,,0,0,108,6,17,,11/28 (39%),0/3 (0%),41%,4,15/31 (48%),2/10 (20%),7/12 (58%),75%,8,11,30,16,,3,,,,,8
11360038,217,52284,NORMAL,PLAYOFF,Round 1,CUP,258870,SV Atlas Delmenhorst,Local,2ND,12/08/2023,1,0,36%,0.00,2,3,1,0,,144,8,3,2,1,2,0,1,0,3,0,0,2,0,,2,0,97,9,13,,6/30 (20%),1/3 (33%),38%,3,14/30 (47%),2/12 (17%),3/6 (50%),75%,8,5,26,10,,1,,,,,9
11360038,217,52284,NORMAL,PLAYOFF,Round 1,CUP,2526,FC St. Pauli,Visita,ALL,12/08/2023,1,5,69%,0.00,10,29,4,12,4,628,15,5,0,0,8,0,12,9,21,8,3,7,3,,2,2,549,22,89,,32/48 (67%),9/27 (33%),60%,10,32/61 (52%),18/22 (82%),12/18 (67%),67%,15,6,68,7,,4,,,,,3
11360038,217,52284,NORMAL,PLAYOFF,Round 1,CUP,2526,FC St. Pauli,Visita,1ST,12/08/2023,1,1,72%,0.00,4,13,2,7,,365,9,3,0,0,4,0,6,3,10,3,0,4,2,,1,1,329,11,55,,22/30 (73%),7/19 (37%),59%,5,16/31 (52%),8/10 (80%),4/7 (57%),89%,9,5,33,4,,2,,,,,1
11360038,217,52284,NORMAL,PLAYOFF,Round 1,CUP,2526,FC St. Pauli,Visita,2ND,12/08/2023,1,4,64%,0.00,6,16,2,5,,263,6,2,0,0,4,0,6,6,11,5,3,3,1,,1,1,220,11,34,,10/18 (56%),2/8 (25%),62%,5,16/30 (53%),10/12 (83%),8/11 (73%),33%,6,1,35,3,,2,,,,,2
11396150,44,52607,NORMAL,REGULAR,Round 3,LEAGUE,2551,SpVgg Greuther Fürth,Local,ALL,19/08/2023,3,0,42%,0.00,1,16,1,2,11,350,6,16,1,,2,0,6,8,7,9,,1,1,,2,2,279,22,43,,29/58 (50%),4/14 (29%),54%,0,28/48 (58%),6/15 (40%),6/12 (50%),67%,6,10,43,13,,1,,,,,10
11396150,44,52607,NORMAL,REGULAR,Round 3,LEAGUE,2551,SpVgg Greuther Fürth,Local,1ST,19/08/2023,3,0,46%,0.00,0,10,0,1,,203,5,8,0,,1,0,4,5,5,5,,0,0,,0,2,169,12,24,,17/29 (59%),1/7 (14%),59%,0,16/26 (62%),4/8 (50%),3/7 (43%),60%,5,4,19,7,,0,,,,,2
11396150,44,52607,NORMAL,REGULAR,Round 3,LEAGUE,2551,SpVgg Greuther Fürth,Local,2ND,19/08/2023,3,0,38%,0.00,1,6,1,1,,147,1,8,1,,1,0,2,3,2,4,,1,1,,2,0,110,10,19,,12/29 (41%),3/7 (43%),48%,0,12/22 (55%),2/7 (29%),3/5 (60%),100%,1,6,24,6,,1,,,,,8
11396150,44,52607,NORMAL,REGULAR,Round 3,LEAGUE,2526,FC St. Pauli,Visita,ALL,19/08/2023,3,0,58%,0.00,2,7,2,1,17,482,6,10,5,,1,0,6,0,4,3,,2,1,,2,5,405,21,44,,21/40 (53%),4/13 (31%),46%,3,20/48 (42%),9/15 (60%),4/7 (57%),83%,6,6,50,12,,2,,,,,10
11396150,44,52607,NORMAL,REGULAR,Round 3,LEAGUE,2526,FC St. Pauli,Visita,1ST,19/08/2023,3,0,54%,0.00,1,3,1,1,,242,4,4,2,,0,0,3,0,1,2,,1,0,,0,2,202,10,21,,9/21 (43%),3/7 (43%),41%,3,10/26 (38%),4/8 (50%),2/4 (50%),100%,4,4,23,6,,1,,,,,4
11396150,44,52607,NORMAL,REGULAR,Round 3,LEAGUE,2526,FC St. Pauli,Visita,2ND,19/08/2023,3,0,62%,0.00,1,4,1,0,,240,2,6,3,,1,0,3,0,3,1,,1,1,,2,3,203,11,23,,12/19 (63%),1/6 (17%),52%,0,10/22 (45%),5/7 (71%),2/3 (67%),50%,2,2,27,6,,1,,,,,6
11396143,44,52607,NORMAL,REGULAR,Round 4,LEAGUE,2526,FC St. Pauli,Local,ALL,27/08/2023,4,0,43%,0.00,2,28,2,11,9,347,16,9,2,,12,1,7,9,19,9,,2,1,,1,0,275,20,54,,19/45 (42%),9/23 (39%),50%,13,29/60 (48%),16/30 (53%),4/7 (57%),56%,16,11,59,7,,2,,,,,9
11396143,44,52607,NORMAL,REGULAR,Round 4,LEAGUE,2526,FC St. Pauli,Local,1ST,27/08/2023,4,0,42%,0.00,0,10,0,4,,199,5,3,0,,3,0,3,4,7,3,,0,1,,1,0,163,12,24,,10/26 (38%),4/10 (40%),43%,7,9/21 (43%),6/14 (43%),1/1 (100%),80%,5,5,27,2,,0,,,,,5
11396143,44,52607,NORMAL,REGULAR,Round 4,LEAGUE,2526,FC St. Pauli,Local,2ND,27/08/2023,4,0,44%,0.00,2,18,2,7,,148,11,6,2,,9,1,4,5,12,6,,2,0,,0,0,112,8,30,,9/19 (47%),5/13 (38%),55%,6,20/39 (51%),10/16 (63%),3/6 (50%),45%,11,6,32,5,,2,,,,,4
11396143,44,52607,NORMAL,REGULAR,Round 4,LEAGUE,2591,1. FC Magdeburg,Visita,ALL,27/08/2023,4,0,57%,0.00,1,5,12,3,9,485,16,9,3,,2,0,3,0,4,1,,1,1,,2,2,393,22,46,,54/91 (59%),2/8 (25%),50%,6,31/60 (52%),14/30 (47%),6/16 (38%),81%,16,8,68,20,,12,,,,,9
11396143,44,52607,NORMAL,REGULAR,Round 4,LEAGUE,2591,1. FC Magdeburg,Visita,1ST,27/08/2023,4,0,58%,0.00,0,0,3,0,,291,7,3,0,,0,0,0,0,0,0,,0,0,,0,1,241,12,21,,30/47 (64%),1/2 (50%),57%,3,12/21 (57%),8/14 (57%),2/4 (50%),71%,7,7,38,6,,3,,,,,3
11396143,44,52607,NORMAL,REGULAR,Round 4,LEAGUE,2591,1. FC Magdeburg,Visita,2ND,27/08/2023,4,0,56%,0.00,1,5,9,3,,194,9,6,3,,2,0,3,0,4,1,,1,1,,2,1,152,10,25,,24/44 (55%),1/6 (17%),45%,3,19/39 (49%),6/16 (38%),4/12 (33%),89%,9,1,30,14,,9,,,,,6
11396131,44,52607,NORMAL,REGULAR,Round 5,LEAGUE,2557,Eintracht Braunschweig,Local,ALL,01/09/2023,5,1,37%,0.00,0,9,3,3,11,355,16,11,2,,1,0,6,2,6,3,,0,,,0,1,269,12,39,,25/64 (39%),5/19 (26%),53%,3,34/66 (52%),18/32 (56%),7/11 (64%),56%,16,15,65,27,,3,,,,,9
11396131,44,52607,NORMAL,REGULAR,Round 5,LEAGUE,2557,Eintracht Braunschweig,Local,1ST,01/09/2023,5,0,37%,0.00,0,5,1,2,,185,5,5,1,,0,0,4,1,3,2,,0,,,0,1,145,6,14,,12/28 (43%),3/11 (27%),52%,2,15/29 (52%),10/19 (53%),5/6 (83%),40%,5,10,26,17,,1,,,,,7
11396131,44,52607,NORMAL,REGULAR,Round 5,LEAGUE,2557,Eintracht Braunschweig,Local,2ND,01/09/2023,5,1,37%,0.00,0,4,2,1,,170,11,6,1,,1,0,2,1,3,1,,0,,,0,0,124,6,25,,13/36 (36%),2/8 (25%),54%,1,19/37 (51%),8/13 (62%),2/5 (40%),64%,11,5,39,10,,2,,,,,2
11396131,44,52607,NORMAL,REGULAR,Round 5,LEAGUE,2526,FC St. Pauli,Visita,ALL,01/09/2023,5,1,63%,0.00,1,19,0,5,11,613,7,11,3,,4,0,9,6,10,9,,1,,,2,3,535,13,89,,21/46 (46%),5/23 (22%),47%,4,32/66 (48%),14/32 (44%),14/26 (54%),29%,7,6,72,14,,0,,,,,9
11396131,44,52607,NORMAL,REGULAR,Round 5,LEAGUE,2526,FC St. Pauli,Visita,1ST,01/09/2023,5,0,63%,0.00,0,9,0,3,,322,3,5,1,,1,0,6,2,3,6,,0,,,1,2,281,7,50,,13/21 (62%),2/10 (20%),48%,1,14/29 (48%),9/19 (47%),6/10 (60%),33%,3,3,31,9,,0,,,,,6
11396131,44,52607,NORMAL,REGULAR,Round 5,LEAGUE,2526,FC St. Pauli,Visita,2ND,01/09/2023,5,1,63%,0.00,1,10,0,2,,291,4,6,2,,3,0,3,4,7,3,,1,,,1,1,254,6,39,,8/25 (32%),3/13 (23%),46%,3,18/37 (49%),5/13 (38%),8/16 (50%),25%,4,3,41,5,,0,,,,,3
11396125,44,52607,NORMAL,REGULAR,Round 6,LEAGUE,2526,FC St. Pauli,Local,ALL,17/09/2023,6,5,53%,0.00,1,17,2,3,13,468,6,16,3,,7,0,4,6,5,12,1,0,1,,3,2,405,15,45,,29/43 (67%),1/12 (8%),46%,7,39/78 (50%),2/12 (17%),17/29 (59%),83%,6,16,60,17,,2,,,,,5
11396125,44,52607,NORMAL,REGULAR,Round 6,LEAGUE,2526,FC St. Pauli,Local,1ST,17/09/2023,6,3,55%,0.00,1,7,1,2,,231,4,7,2,,3,0,1,3,1,6,1,0,1,,3,1,198,8,29,,15/23 (65%),1/8 (13%),44%,4,19/37 (51%),2/11 (18%),8/15 (53%),75%,4,9,30,10,,1,,,,,1
11396125,44,52607,NORMAL,REGULAR,Round 6,LEAGUE,2526,FC St. Pauli,Local,2ND,17/09/2023,6,2,51%,0.00,0,10,1,1,,237,2,9,1,,4,0,3,3,4,6,0,0,0,,0,1,207,7,16,,14/20 (70%),0/4 (0%),48%,3,20/41 (49%),0/1 (0%),9/14 (64%),100%,2,7,30,7,,1,,,,,4
11396125,44,52607,NORMAL,REGULAR,Round 6,LEAGUE,2573,Holstein Kiel,Visita,ALL,17/09/2023,6,1,47%,0.00,4,14,2,1,16,420,19,13,3,,3,0,6,5,8,6,1,3,2,,2,1,342,24,43,,17/43 (40%),2/8 (25%),54%,2,39/78 (50%),10/12 (83%),7/11 (64%),68%,19,10,60,13,,2,,,,,6
11396125,44,52607,NORMAL,REGULAR,Round 6,LEAGUE,2573,Holstein Kiel,Visita,1ST,17/09/2023,6,0,45%,0.00,1,5,0,0,,192,11,5,1,,1,0,2,2,3,2,0,1,1,,0,1,146,14,22,,8/24 (33%),1/3 (33%),56%,2,18/37 (49%),9/11 (82%),2/4 (50%),73%,11,5,33,7,,0,,,,,2
11396125,44,52607,NORMAL,REGULAR,Round 6,LEAGUE,2573,Holstein Kiel,Visita,2ND,17/09/2023,6,1,49%,0.00,3,9,2,1,,228,8,8,2,,2,0,4,3,5,4,1,2,1,,2,0,196,10,21,,9/19 (47%),1/5 (20%),52%,0,21/41 (51%),1/1 (100%),5/7 (71%),63%,8,5,27,6,,2,,,,,4
11396117,44,52607,NORMAL,REGULAR,Round 7,LEAGUE,2526,FC St. Pauli,Local,ALL,23/09/2023,7,3,52%,0.00,1,21,2,4,3,462,15,16,1,,9,2,9,3,12,9,1,0,0,,3,,369,22,55,,16/43 (37%),4/13 (31%),53%,15,37/67 (55%),16/33 (48%),6/12 (50%),73%,15,5,61,8,,2,,,,,7
11396117,44,52607,NORMAL,REGULAR,Round 7,LEAGUE,2526,FC St. Pauli,Local,1ST,23/09/2023,7,1,61%,0.00,1,13,0,2,,266,5,7,1,,4,1,6,3,7,6,1,0,0,,3,,224,15,32,,10/19 (53%),3/6 (50%),49%,7,14/28 (50%),9/19 (47%),2/6 (33%),100%,5,3,27,2,,0,,,,,2
11396117,44,52607,NORMAL,REGULAR,Round 7,LEAGUE,2526,FC St. Pauli,Local,2ND,23/09/2023,7,2,43%,0.00,0,8,2,2,,196,10,9,0,,5,1,3,0,5,3,0,0,0,,0,,145,7,23,,6/24 (25%),1/7 (14%),57%,8,23/39 (59%),7/14 (50%),4/6 (67%),60%,10,2,34,6,,2,,,,,5
11396117,44,52607,NORMAL,REGULAR,Round 7,LEAGUE,2530,FC Schalke 04,Visita,ALL,23/09/2023,7,1,48%,0.00,3,11,4,2,19,421,21,3,4,,3,0,5,3,9,2,1,2,1,,0,,337,25,39,,25/49 (51%),5/14 (36%),47%,12,30/67 (45%),17/33 (52%),6/9 (67%),67%,21,7,56,19,,4,,,,,13
11396117,44,52607,NORMAL,REGULAR,Round 7,LEAGUE,2530,FC Schalke 04,Visita,1ST,23/09/2023,7,1,39%,0.00,1,2,1,0,,169,11,1,2,,1,0,1,0,2,0,1,0,0,,0,,126,9,12,,16/28 (57%),1/3 (33%),51%,5,14/28 (50%),10/19 (53%),2/2 (100%),73%,11,3,24,9,,1,,,,,9
11396117,44,52607,NORMAL,REGULAR,Round 7,LEAGUE,2530,FC Schalke 04,Visita,2ND,23/09/2023,7,0,57%,0.00,2,9,3,2,,252,10,2,2,,2,0,4,3,7,2,0,2,1,,0,,211,16,27,,9/21 (43%),4/11 (36%),43%,7,16/39 (41%),7/14 (50%),4/7 (57%),60%,10,4,32,10,,3,,,,,4
11396109,44,52607,NORMAL,REGULAR,Round 8,LEAGUE,2528,Hertha BSC,Local,ALL,30/09/2023,8,1,48%,0.00,0,10,3,7,11,461,18,5,2,,3,0,4,3,7,3,0,0,,,0,2,370,22,38,,23/54 (43%),4/20 (20%),49%,7,38/74 (51%),10/23 (43%),15/22 (68%),67%,18,14,59,20,,3,,,,,14
11396109,44,52607,NORMAL,REGULAR,Round 8,LEAGUE,2528,Hertha BSC,Local,1ST,30/09/2023,8,0,52%,0.00,0,3,1,2,,264,4,2,0,,1,0,1,1,3,0,0,0,,,0,1,224,10,20,,10/25 (40%),2/7 (29%),56%,2,13/24 (54%),5/8 (63%),7/10 (70%),50%,4,7,23,7,,1,,,,,4
11396109,44,52607,NORMAL,REGULAR,Round 8,LEAGUE,2528,Hertha BSC,Local,2ND,30/09/2023,8,1,44%,0.00,0,7,2,5,,197,14,3,2,,2,0,3,2,4,3,0,0,,,0,1,146,12,18,,13/29 (45%),2/13 (15%),46%,5,25/50 (50%),5/15 (33%),8/12 (67%),71%,14,7,36,13,,2,,,,,10
11396109,44,52607,NORMAL,REGULAR,Round 8,LEAGUE,2526,FC St. Pauli,Visita,ALL,30/09/2023,8,2,52%,0.00,3,26,2,3,5,507,14,10,0,,5,1,13,8,19,7,2,1,,,2,0,423,23,60,,22/41 (54%),5/13 (38%),51%,12,36/74 (49%),13/23 (57%),12/18 (67%),64%,14,7,70,26,,2,,,,,3
11396109,44,52607,NORMAL,REGULAR,Round 8,LEAGUE,2526,FC St. Pauli,Visita,1ST,30/09/2023,8,1,48%,0.00,1,9,1,1,,243,5,3,0,,2,0,5,2,7,2,1,0,,,1,0,214,6,24,,12/17 (71%),2/8 (25%),44%,2,11/24 (46%),3/8 (38%),3/5 (60%),40%,5,4,30,5,,1,,,,,1
11396109,44,52607,NORMAL,REGULAR,Round 8,LEAGUE,2526,FC St. Pauli,Visita,2ND,30/09/2023,8,1,56%,0.00,2,17,1,2,,264,9,7,0,,3,1,8,6,12,5,1,1,,,1,0,209,17,36,,10/24 (42%),3/5 (60%),54%,10,25/50 (50%),10/15 (67%),9/13 (69%),78%,9,3,40,21,,1,,,,,2
11396100,44,52607,NORMAL,REGULAR,Round 9,LEAGUE,2526,FC St. Pauli,Local,ALL,07/10/2023,9,5,68%,0.00,2,21,2,8,7,634,7,11,4,,7,0,7,7,12,9,2,,1,,4,1,568,28,64,,27/40 (68%),8/21 (38%),43%,7,21/54 (39%),10/18 (56%),3/15 (20%),86%,7,8,56,8,,2,,,,,4
11396100,44,52607,NORMAL,REGULAR,Round 9,LEAGUE,2526,FC St. Pauli,Local,1ST,07/10/2023,9,1,71%,0.00,1,8,0,3,,359,1,5,1,,2,0,3,3,4,4,1,,0,,2,0,315,17,44,,12/23 (52%),5/13 (38%),38%,5,8/28 (29%),7/11 (64%),2/7 (29%),100%,1,4,29,1,,0,,,,,2
11396100,44,52607,NORMAL,REGULAR,Round 9,LEAGUE,2526,FC St. Pauli,Local,2ND,07/10/2023,9,4,63%,0.00,1,13,2,5,,275,6,6,3,,5,0,4,4,8,5,1,,1,,2,1,253,11,20,,15/17 (88%),3/8 (38%),48%,2,13/26 (50%),3/7 (43%),1/8 (13%),83%,6,4,27,7,,2,,,,,2
11396100,44,52607,NORMAL,REGULAR,Round 9,LEAGUE,2523,1. FC Nürnberg,Visita,ALL,07/10/2023,9,1,32%,0.00,0,8,2,4,11,300,19,7,1,,3,1,3,2,7,1,0,,1,,2,0,230,16,24,,12/41 (29%),3/10 (30%),57%,4,33/54 (61%),8/18 (44%),7/10 (70%),58%,19,9,51,27,,2,,,,,8
11396100,44,52607,NORMAL,REGULAR,Round 9,LEAGUE,2523,1. FC Nürnberg,Visita,1ST,07/10/2023,9,1,29%,0.00,0,2,1,0,,146,10,5,0,,1,0,1,0,2,0,0,,0,,0,0,108,5,10,,4/19 (21%),0/1 (0%),62%,1,20/28 (71%),4/11 (36%),5/5 (100%),60%,10,8,31,18,,1,,,,,3
11396100,44,52607,NORMAL,REGULAR,Round 9,LEAGUE,2523,1. FC Nürnberg,Visita,2ND,07/10/2023,9,0,37%,0.00,0,6,1,4,,154,9,2,1,,2,1,2,2,5,1,0,,1,,2,0,122,11,14,,8/22 (36%),3/9 (33%),52%,3,13/26 (50%),4/7 (57%),2/5 (40%),56%,9,1,20,9,,1,,,,,5
11396089,44,52607,NORMAL,REGULAR,Round 10,LEAGUE,2561,SC Paderborn 07,Local,ALL,21/10/2023,10,2,48%,0.00,2,6,1,3,7,487,10,11,0,,3,0,3,0,4,2,1,1,,,0,2,411,20,30,,22/48 (46%),2/10 (20%),47%,8,31/57 (54%),10/31 (32%),10/17 (59%),90%,10,4,50,32,,1,,,,,9
11396089,44,52607,NORMAL,REGULAR,Round 10,LEAGUE,2561,SC Paderborn 07,Local,1ST,21/10/2023,10,1,53%,0.00,0,4,1,2,,273,7,4,0,,1,0,3,0,2,2,0,0,,,0,1,239,11,19,,13/25 (52%),1/7 (14%),41%,7,17/32 (53%),4/19 (21%),6/9 (67%),86%,7,1,27,10,,1,,,,,4
11396089,44,52607,NORMAL,REGULAR,Round 10,LEAGUE,2561,SC Paderborn 07,Local,2ND,21/10/2023,10,1,42%,0.00,2,2,0,1,,214,3,7,0,,2,0,0,0,2,0,1,1,,,0,1,172,9,11,,9/23 (39%),1/3 (33%),54%,1,14/25 (56%),6/12 (50%),4/8 (50%),100%,3,3,23,22,,0,,,,,5
11396089,44,52607,NORMAL,REGULAR,Round 10,LEAGUE,2526,FC St. Pauli,Visita,ALL,21/10/2023,10,2,52%,0.00,2,18,1,6,11,518,15,7,1,,5,1,10,3,10,8,1,1,,,2,2,446,21,77,,22/33 (67%),8/25 (32%),53%,6,26/57 (46%),21/31 (68%),4/8 (50%),53%,15,5,53,11,,1,,,,,7
11396089,44,52607,NORMAL,REGULAR,Round 10,LEAGUE,2526,FC St. Pauli,Visita,1ST,21/10/2023,10,0,47%,0.00,0,6,0,1,,239,10,3,0,,2,0,3,1,3,3,0,0,,,0,0,201,9,35,,9/15 (60%),4/6 (67%),59%,5,15/32 (47%),15/19 (79%),2/4 (50%),50%,10,1,26,7,,0,,,,,6
11396089,44,52607,NORMAL,REGULAR,Round 10,LEAGUE,2526,FC St. Pauli,Visita,2ND,21/10/2023,10,2,58%,0.00,2,12,1,5,,279,5,4,1,,3,1,7,2,7,5,1,1,,,2,2,245,12,42,,13/18 (72%),4/19 (21%),46%,1,11/25 (44%),6/12 (50%),2/4 (50%),60%,5,4,27,4,,1,,,,,1
11396080,44,52607,NORMAL,REGULAR,Round 11,LEAGUE,2526,FC St. Pauli,Local,ALL,28/10/2023,11,2,61%,0.00,2,20,2,7,10,606,6,9,1,,9,0,7,4,12,8,0,2,,,2,1,528,16,68,,35/57 (61%),8/25 (32%),44%,8,19/46 (41%),15/32 (47%),4/8 (50%),67%,6,5,66,10,,2,,,,,3
11396080,44,52607,NORMAL,REGULAR,Round 11,LEAGUE,2526,FC St. Pauli,Local,1ST,28/10/2023,11,0,51%,0.00,1,9,2,3,,224,2,7,0,,4,0,4,1,3,6,0,1,,,1,1,189,9,25,,18/29 (62%),3/10 (30%),44%,4,9/20 (45%),5/12 (42%),0/2 (0%),100%,2,3,32,5,,2,,,,,0
11396080,44,52607,NORMAL,REGULAR,Round 11,LEAGUE,2526,FC St. Pauli,Local,2ND,28/10/2023,11,2,68%,0.00,1,11,0,4,,382,4,2,1,,5,0,3,3,9,2,0,1,,,1,0,339,7,43,,17/28 (61%),5/15 (33%),43%,4,10/26 (38%),10/20 (50%),4/6 (67%),50%,4,2,34,5,,0,,,,,3
11396080,44,52607,NORMAL,REGULAR,Round 11,LEAGUE,2553,Karlsruher SC,Visita,ALL,28/10/2023,11,1,39%,0.00,1,7,7,3,10,390,12,10,2,,3,0,2,2,6,1,1,0,,,1,2,295,20,40,,22/66 (33%),3/17 (18%),56%,4,27/46 (59%),17/32 (53%),5/7 (71%),67%,12,10,58,23,,7,,,,,12
11396080,44,52607,NORMAL,REGULAR,Round 11,LEAGUE,2553,Karlsruher SC,Visita,1ST,28/10/2023,11,1,49%,0.00,1,3,4,1,,214,6,4,2,,3,0,0,0,2,1,1,0,,,1,1,174,13,17,,11/27 (41%),0/8 (0%),56%,1,11/20 (55%),7/12 (58%),1/2 (50%),50%,6,5,28,9,,4,,,,,6
11396080,44,52607,NORMAL,REGULAR,Round 11,LEAGUE,2553,Karlsruher SC,Visita,2ND,28/10/2023,11,0,32%,0.00,0,4,3,2,,176,6,6,0,,0,0,2,2,4,0,0,0,,,0,1,121,7,23,,11/39 (28%),3/9 (33%),57%,3,16/26 (62%),10/20 (50%),4/5 (80%),83%,6,5,30,14,,3,,,,,6
11703861,217,52284,NORMAL,REGULAR,Round 2,CUP,2526,FC St. Pauli,Local,ALL,31/10/2023,2,2,66%,0.00,3,27,2,9,10,899,17,14,3,,9,0,8,10,20,7,2,1,,,2,2,794,25,101,,40/64 (63%),13/34 (38%),58%,11,41/77 (53%),23/34 (68%),11/19 (58%),53%,17,7,58,9,,2,,,,,7
11703861,217,52284,NORMAL,REGULAR,Round 2,CUP,2526,FC St. Pauli,Local,1ST,31/10/2023,2,0,69%,0.00,1,7,1,2,,380,4,6,0,,2,0,2,3,7,0,0,1,,,0,2,346,11,39,,17/25 (68%),6/12 (50%),60%,4,14/27 (52%),7/8 (88%),5/8 (63%),75%,4,3,20,3,,1,,,,,0
11703861,217,52284,NORMAL,REGULAR,Round 2,CUP,2526,FC St. Pauli,Local,2ND,31/10/2023,2,1,71%,0.00,1,15,1,6,,344,9,3,1,,5,0,4,6,9,6,1,0,,,1,0,305,7,39,,13/20 (65%),5/18 (28%),63%,3,17/27 (63%),8/13 (62%),5/6 (83%),56%,9,0,21,2,,1,,,,,3
11703861,217,52284,NORMAL,REGULAR,Round 2,CUP,2530,FC Schalke 04,Visita,ALL,31/10/2023,2,1,34%,0.00,2,7,7,2,17,470,19,8,3,,3,0,2,2,4,3,1,1,,,2,1,363,18,44,,27/71 (38%),6/13 (46%),42%,9,36/77 (47%),11/34 (32%),9/17 (53%),47%,19,13,57,26,,7,,,,,15
11703861,217,52284,NORMAL,REGULAR,Round 2,CUP,2530,FC Schalke 04,Visita,1ST,31/10/2023,2,1,31%,0.00,1,2,2,1,,173,7,4,1,,2,0,0,0,1,1,1,0,,,1,0,137,5,7,,8/25 (32%),2/3 (67%),40%,2,13/27 (48%),1/8 (13%),2/4 (50%),71%,7,3,22,10,,2,,,,,3
11703861,217,52284,NORMAL,REGULAR,Round 2,CUP,2530,FC Schalke 04,Visita,2ND,31/10/2023,2,0,29%,0.00,1,3,4,0,,143,4,2,0,,1,0,1,1,2,1,0,1,,,0,0,110,4,16,,11/26 (42%),2/5 (40%),37%,5,10/27 (37%),5/13 (38%),4/8 (50%),75%,4,7,22,15,,4,,,,,5
11396065,44,52607,NORMAL,REGULAR,Round 12,LEAGUE,2598,SV 07 Elversberg,Local,ALL,03/11/2023,12,0,47%,0.00,,7,2,6,10,495,17,7,2,,3,0,0,4,3,4,,,,,2,2,406,26,65,,14/41 (34%),2/18 (11%),43%,4,29/62 (47%),11/31 (35%),5/13 (38%),59%,17,7,52,21,,2,,,,,8
11396065,44,52607,NORMAL,REGULAR,Round 12,LEAGUE,2598,SV 07 Elversberg,Local,1ST,03/11/2023,12,0,43%,0.00,,3,2,1,,231,6,3,1,,1,0,0,2,1,2,,,,,0,1,190,15,33,,6/19 (32%),1/6 (17%),39%,1,11/24 (46%),2/9 (22%),2/5 (40%),83%,6,4,22,12,,2,,,,,4
11396065,44,52607,NORMAL,REGULAR,Round 12,LEAGUE,2598,SV 07 Elversberg,Local,2ND,03/11/2023,12,0,52%,0.00,,4,0,5,,264,11,4,1,,2,0,0,2,2,2,,,,,2,1,216,11,32,,8/22 (36%),1/12 (8%),45%,3,18/38 (47%),9/22 (41%),3/8 (38%),45%,11,3,30,9,,0,,,,,4
11396065,44,52607,NORMAL,REGULAR,Round 12,LEAGUE,2526,FC St. Pauli,Visita,ALL,03/11/2023,12,2,53%,0.00,,10,2,3,7,552,12,10,1,,4,3,5,1,8,2,,,,,1,1,480,14,54,,20/41 (49%),6/21 (29%),57%,8,33/62 (53%),20/31 (65%),11/20 (55%),58%,12,19,66,26,,2,,,,,5
11396065,44,52607,NORMAL,REGULAR,Round 12,LEAGUE,2526,FC St. Pauli,Visita,1ST,03/11/2023,12,2,57%,0.00,,5,1,3,,299,4,6,0,,4,1,1,0,4,1,,,,,0,1,264,7,33,,10/19 (53%),6/16 (38%),61%,2,13/24 (54%),7/9 (78%),3/7 (43%),75%,4,9,31,10,,1,,,,,2
11396065,44,52607,NORMAL,REGULAR,Round 12,LEAGUE,2526,FC St. Pauli,Visita,2ND,03/11/2023,12,0,48%,0.00,,5,1,0,,253,8,4,1,,0,2,4,1,4,1,,,,,1,0,216,7,21,,10/22 (45%),0/5 (0%),55%,6,20/38 (53%),13/22 (59%),8/13 (62%),50%,8,10,35,16,,1,,,,,3
11396062,44,52607,NORMAL,REGULAR,Round 13,LEAGUE,2526,FC St. Pauli,Local,ALL,10/11/2023,13,0,56%,0.00,1,13,0,7,12,545,13,15,2,,2,0,5,6,7,6,,1,,,3,3,468,22,42,,26/49 (53%),4/15 (27%),44%,13,34/73 (47%),9/24 (38%),6/12 (50%),46%,13,4,53,3,,0,,,,,2
11396062,44,52607,NORMAL,REGULAR,Round 13,LEAGUE,2526,FC St. Pauli,Local,1ST,10/11/2023,13,0,62%,0.00,1,6,0,3,,289,10,11,0,,1,0,3,2,3,3,,1,,,3,3,253,13,16,,14/25 (56%),1/8 (13%),54%,5,25/43 (58%),4/11 (36%),4/7 (57%),30%,10,1,25,0,,0,,,,,1
11396062,44,52607,NORMAL,REGULAR,Round 13,LEAGUE,2526,FC St. Pauli,Local,2ND,10/11/2023,13,0,51%,0.00,0,7,0,4,,256,3,4,2,,1,0,2,4,4,3,,0,,,0,0,215,9,26,,12/24 (50%),3/7 (43%),33%,8,9/30 (30%),5/13 (38%),2/5 (40%),100%,3,3,28,3,,0,,,,,1
11396062,44,52607,NORMAL,REGULAR,Round 13,LEAGUE,2541,Hannover 96,Visita,ALL,10/11/2023,13,0,44%,0.00,0,2,2,1,15,435,19,12,4,,0,0,1,1,2,0,,0,,,0,2,357,17,33,,26/55 (47%),1/6 (17%),56%,8,39/73 (53%),15/24 (63%),9/14 (64%),42%,19,3,50,16,,2,,,,,7
11396062,44,52607,NORMAL,REGULAR,Round 13,LEAGUE,2541,Hannover 96,Visita,1ST,10/11/2023,13,0,38%,0.00,0,0,1,0,,183,8,4,2,,0,0,0,0,0,0,,0,,,0,1,145,8,15,,12/22 (55%),0/1 (0%),46%,6,18/43 (42%),7/11 (64%),7/11 (64%),50%,8,2,24,11,,1,,,,,3
11396062,44,52607,NORMAL,REGULAR,Round 13,LEAGUE,2541,Hannover 96,Visita,2ND,10/11/2023,13,0,49%,0.00,0,2,1,1,,252,11,8,2,,0,0,1,1,2,0,,0,,,0,1,212,9,18,,14/33 (42%),1/5 (20%),67%,2,21/30 (70%),8/13 (62%),2/3 (67%),36%,11,1,26,5,,1,,,,,4
11396049,44,52607,NORMAL,REGULAR,Round 14,LEAGUE,2533,FC Hansa Rostock,Local,ALL,25/11/2023,14,2,38%,0.00,6,14,5,2,19,335,23,9,2,,4,1,7,3,11,3,2,4,2,,3,1,245,21,44,,16/60 (27%),3/10 (30%),44%,8,36/84 (43%),15/32 (47%),4/9 (44%),83%,23,9,50,20,,5,,,,,9
11396049,44,52607,NORMAL,REGULAR,Round 14,LEAGUE,2533,FC Hansa Rostock,Local,1ST,25/11/2023,14,1,39%,0.00,3,6,3,1,,168,9,5,2,,2,1,1,3,5,1,1,2,0,,2,0,124,12,26,,8/34 (24%),1/4 (25%),44%,5,18/45 (40%),9/17 (53%),4/9 (44%),100%,9,3,23,12,,3,,,,,4
11396049,44,52607,NORMAL,REGULAR,Round 14,LEAGUE,2533,FC Hansa Rostock,Local,2ND,25/11/2023,14,1,37%,0.00,3,8,2,1,,167,14,4,0,,2,0,6,0,6,2,1,2,2,,1,1,121,9,18,,8/26 (31%),2/6 (33%),44%,3,18/39 (46%),6/15 (40%),0/0 (0%),71%,14,6,27,8,,2,,,,,5
11396049,44,52607,NORMAL,REGULAR,Round 14,LEAGUE,2526,FC St. Pauli,Visita,ALL,25/11/2023,14,3,62%,0.00,3,18,2,1,10,548,13,18,1,,8,0,5,5,9,9,1,2,0,,5,2,466,28,62,,29/53 (55%),3/20 (15%),56%,9,48/84 (57%),17/32 (53%),17/31 (55%),69%,13,5,58,4,,2,,,,,4
11396049,44,52607,NORMAL,REGULAR,Round 14,LEAGUE,2526,FC St. Pauli,Visita,1ST,25/11/2023,14,3,61%,0.00,2,13,1,1,,263,10,10,0,,6,0,3,4,5,8,1,1,0,,2,0,230,12,29,,16/27 (59%),2/12 (17%),56%,4,27/45 (60%),8/17 (47%),7/12 (58%),60%,10,3,29,2,,1,,,,,0
11396049,44,52607,NORMAL,REGULAR,Round 14,LEAGUE,2526,FC St. Pauli,Visita,2ND,25/11/2023,14,0,63%,0.00,1,5,1,0,,285,3,8,1,,2,0,2,1,4,1,0,1,0,,3,2,236,16,33,,13/26 (50%),1/8 (13%),56%,5,21/39 (54%),9/15 (60%),10/19 (53%),100%,3,2,29,2,,1,,,,,4
11396044,44,52607,NORMAL,REGULAR,Round 15,LEAGUE,2526,FC St. Pauli,Local,ALL,01/12/2023,15,2,59%,0.00,0,18,1,9,6,571,14,14,1,,5,0,5,8,13,5,0,,,,1,2,489,27,53,,37/59 (63%),7/23 (30%),45%,8,31/69 (45%),7/15 (47%),3/19 (16%),79%,14,10,57,15,,1,,,,,5
11396044,44,52607,NORMAL,REGULAR,Round 15,LEAGUE,2526,FC St. Pauli,Local,1ST,01/12/2023,15,2,54%,0.00,0,8,1,4,,277,8,8,0,,3,0,2,3,6,2,0,,,,0,2,242,13,19,,12/21 (57%),3/10 (30%),40%,7,17/36 (47%),0/6 (0%),1/7 (14%),88%,8,5,26,9,,1,,,,,2
11396044,44,52607,NORMAL,REGULAR,Round 15,LEAGUE,2526,FC St. Pauli,Local,2ND,01/12/2023,15,0,66%,0.00,0,10,0,5,,294,6,6,1,,2,0,3,5,7,3,0,,,,1,0,247,14,34,,25/38 (66%),4/13 (31%),50%,1,14/33 (42%),7/9 (78%),2/12 (17%),67%,6,5,31,6,,0,,,,,3
11396044,44,52607,NORMAL,REGULAR,Round 15,LEAGUE,2676,Hamburger SV,Visita,ALL,01/12/2023,15,2,41%,0.00,1,6,5,3,14,390,24,6,3,,3,0,1,2,5,1,1,,,,0,4,318,21,48,,29/66 (44%),6/17 (35%),55%,7,38/69 (55%),8/15 (53%),8/15 (53%),67%,24,12,52,22,,5,,,,,10
11396044,44,52607,NORMAL,REGULAR,Round 15,LEAGUE,2676,Hamburger SV,Visita,1ST,01/12/2023,15,0,46%,0.00,0,3,3,2,,238,13,2,2,,1,0,0,2,2,1,0,,,,0,2,209,10,23,,14/26 (54%),3/9 (33%),60%,4,19/36 (53%),6/6 (100%),4/8 (50%),77%,13,4,21,8,,3,,,,,3
11396044,44,52607,NORMAL,REGULAR,Round 15,LEAGUE,2676,Hamburger SV,Visita,2ND,01/12/2023,15,2,34%,0.00,1,3,2,1,,152,11,4,1,,2,0,1,0,3,0,1,,,,0,2,109,11,25,,15/40 (38%),3/8 (38%),50%,3,19/33 (58%),2/9 (22%),4/7 (57%),55%,11,8,31,14,,2,,,,,7
11806464,217,52284,NORMAL,REGULAR,Round of 16,CUP,5824,FC 08 Homburg,Local,ALL,05/12/2023,5,1,29%,0.00,1,1,1,1,5,283,13,10,1,,1,0,0,0,1,0,1,0,0,,0,1,204,11,36,,28/67 (42%),0/4 (0%),58%,6,30/51 (59%),12/21 (57%),7/9 (78%),62%,13,8,53,25,,1,,,,,7
11806464,217,52284,NORMAL,REGULAR,Round of 16,CUP,5824,FC 08 Homburg,Local,1ST,05/12/2023,5,1,26%,0.00,1,1,1,1,,132,7,4,0,,1,0,0,0,1,0,1,0,0,,0,1,91,7,20,,18/37 (49%),0/3 (0%),49%,3,12/23 (52%),5/12 (42%),1/3 (33%),43%,7,5,23,12,,1,,,,,4
11806464,217,52284,NORMAL,REGULAR,Round of 16,CUP,5824,FC 08 Homburg,Local,2ND,05/12/2023,5,0,32%,0.00,0,0,0,0,,151,6,6,1,,0,0,0,0,0,0,0,0,0,,0,0,113,4,16,,10/30 (33%),0/1 (0%),68%,3,18/28 (64%),7/9 (78%),6/6 (100%),83%,6,3,30,13,,0,,,,,3
11806464,217,52284,NORMAL,REGULAR,Round of 16,CUP,2526,FC St. Pauli,Visita,ALL,05/12/2023,5,4,71%,0.00,3,15,0,7,11,680,8,5,3,,5,0,3,7,7,8,2,1,1,,1,2,619,19,78,,21/33 (64%),5/27 (19%),42%,7,21/51 (41%),9/21 (43%),8/14 (57%),75%,8,3,61,5,,0,,,,,1
11806464,217,52284,NORMAL,REGULAR,Round of 16,CUP,2526,FC St. Pauli,Visita,1ST,05/12/2023,5,1,74%,0.00,2,6,0,5,,366,5,4,2,,2,0,2,2,4,2,1,1,0,,1,2,333,9,44,,7/14 (50%),3/17 (18%),51%,4,11/23 (48%),7/12 (58%),2/5 (40%),80%,5,2,27,4,,0,,,,,1
11806464,217,52284,NORMAL,REGULAR,Round of 16,CUP,2526,FC St. Pauli,Visita,2ND,05/12/2023,5,3,68%,0.00,1,9,0,2,,314,3,1,1,,3,0,1,5,3,6,1,0,1,,0,0,286,10,34,,14/19 (74%),2/10 (20%),32%,3,10/28 (36%),2/9 (22%),6/9 (67%),67%,3,1,34,1,,0,,,,,0
11396030,44,52607,NORMAL,REGULAR,Round 16,LEAGUE,2581,VfL Osnabrück,Local,ALL,09/12/2023,16,1,46%,0.00,1,8,4,9,11,357,15,9,4,1,3,0,3,2,5,3,,1,,,1,1,276,22,65,,26/62 (42%),2/36 (6%),48%,9,32/65 (49%),17/38 (45%),8/18 (44%),67%,15,12,55,17,,4,,,,,9
11396030,44,52607,NORMAL,REGULAR,Round 16,LEAGUE,2581,VfL Osnabrück,Local,1ST,09/12/2023,16,0,40%,0.00,0,2,0,2,,183,6,4,1,0,0,0,0,2,2,0,,0,,,0,1,144,14,23,,11/30 (37%),0/10 (0%),51%,3,15/27 (56%),8/18 (44%),5/11 (45%),67%,6,6,30,5,,0,,,,,2
11396030,44,52607,NORMAL,REGULAR,Round 16,LEAGUE,2581,VfL Osnabrück,Local,2ND,09/12/2023,16,1,54%,0.00,1,6,4,7,,174,9,5,3,1,3,0,3,0,3,3,,1,,,1,0,132,8,42,,15/32 (47%),2/26 (8%),45%,6,17/38 (45%),9/20 (45%),3/7 (43%),67%,9,6,25,12,,4,,,,,7
11396030,44,52607,NORMAL,REGULAR,Round 16,LEAGUE,2526,FC St. Pauli,Visita,ALL,09/12/2023,16,1,54%,0.00,2,21,2,10,10,439,19,9,0,0,5,0,9,7,17,4,,2,,,2,1,361,17,36,,23/45 (51%),9/25 (36%),52%,6,33/65 (51%),21/38 (55%),5/14 (36%),47%,19,5,59,40,,2,,,,,6
11396030,44,52607,NORMAL,REGULAR,Round 16,LEAGUE,2526,FC St. Pauli,Visita,1ST,09/12/2023,16,1,60%,0.00,2,7,0,3,,283,9,2,0,0,1,0,2,4,6,1,,2,,,1,0,241,8,21,,14/25 (56%),4/11 (36%),49%,3,12/27 (44%),10/18 (56%),1/4 (25%),67%,9,2,34,10,,0,,,,,2
11396030,44,52607,NORMAL,REGULAR,Round 16,LEAGUE,2526,FC St. Pauli,Visita,2ND,09/12/2023,16,0,46%,0.00,0,14,2,7,,156,10,7,0,0,4,0,7,3,11,3,,0,,,1,1,120,9,15,,9/20 (45%),5/14 (36%),55%,3,21/38 (55%),11/20 (55%),4/10 (40%),30%,10,3,25,30,,2,,,,,4
11396026,44,52607,NORMAL,REGULAR,Round 17,LEAGUE,2526,FC St. Pauli,Local,ALL,17/12/2023,17,1,71%,0.00,7,26,0,12,8,698,5,8,2,,5,0,13,8,15,11,1,6,1,,3,2,599,25,71,,22/39 (56%),1/25 (4%),42%,8,24/51 (47%),9/28 (32%),11/22 (50%),60%,5,8,55,9,,0,,,,,2
11396026,44,52607,NORMAL,REGULAR,Round 17,LEAGUE,2526,FC St. Pauli,Local,1ST,17/12/2023,17,0,73%,0.00,3,11,0,5,,358,1,6,0,,0,0,8,3,6,5,0,3,1,,2,1,300,10,37,,12/21 (57%),0/13 (0%),49%,4,13/23 (57%),5/14 (36%),6/10 (60%),0%,1,1,28,3,,0,,,,,0
11396026,44,52607,NORMAL,REGULAR,Round 17,LEAGUE,2526,FC St. Pauli,Local,2ND,17/12/2023,17,1,69%,0.00,4,15,0,7,,340,4,2,2,,5,0,5,5,9,6,1,3,0,,1,1,299,15,34,,10/18 (56%),1/12 (8%),36%,4,11/28 (39%),4/14 (29%),5/12 (42%),75%,4,7,27,6,,0,,,,,2
11396026,44,52607,NORMAL,REGULAR,Round 17,LEAGUE,2597,SV Wehen Wiesbaden,Visita,ALL,17/12/2023,17,1,29%,0.00,0,5,4,2,9,291,19,5,3,,1,1,4,0,3,2,0,0,1,,0,2,194,14,40,,22/66 (33%),1/7 (14%),58%,1,27/51 (53%),19/28 (68%),3/7 (43%),68%,19,18,48,51,,4,,,,,15
11396026,44,52607,NORMAL,REGULAR,Round 17,LEAGUE,2597,SV Wehen Wiesbaden,Visita,1ST,17/12/2023,17,0,27%,0.00,0,0,0,0,,133,8,2,2,,0,0,0,0,0,0,0,0,0,,0,1,81,9,17,,8/37 (22%),0/3 (0%),51%,0,10/23 (43%),9/14 (64%),0/1 (0%),75%,8,11,19,23,,0,,,,,10
11396026,44,52607,NORMAL,REGULAR,Round 17,LEAGUE,2597,SV Wehen Wiesbaden,Visita,2ND,17/12/2023,17,1,31%,0.00,0,5,4,2,,158,11,3,1,,1,1,4,0,3,2,0,0,1,,0,1,113,5,23,,14/29 (48%),1/4 (25%),64%,1,17/28 (61%),10/14 (71%),3/6 (50%),64%,11,7,29,28,,4,,,,,5
11396017,44,52607,NORMAL,REGULAR,Round 18,LEAGUE,2526,FC St. Pauli,Local,ALL,20/01/2024,18,2,57%,0.00,9,20,4,4,7,520,25,9,3,,9,1,10,1,14,6,2,7,3,,2,4,440,25,58,,30/55 (55%),5/20 (25%),56%,5,43/72 (60%),6/16 (38%),9/17 (53%),56%,25,8,51,14,,4,,,,,8
11396017,44,52607,NORMAL,REGULAR,Round 18,LEAGUE,2526,FC St. Pauli,Local,1ST,20/01/2024,18,1,57%,0.00,5,9,2,3,,252,12,5,1,,4,0,4,1,6,3,1,4,2,,2,3,210,14,28,,8/19 (42%),4/13 (31%),55%,4,21/36 (58%),3/8 (38%),4/6 (67%),50%,12,3,25,5,,2,,,,,2
11396017,44,52607,NORMAL,REGULAR,Round 18,LEAGUE,2526,FC St. Pauli,Local,2ND,20/01/2024,18,1,57%,0.00,4,11,2,1,,268,13,4,2,,5,1,6,0,8,3,1,3,1,,0,1,230,11,30,,22/36 (61%),1/7 (14%),57%,1,22/36 (61%),3/8 (38%),5/11 (45%),62%,13,5,26,9,,2,,,,,6
11396017,44,52607,NORMAL,REGULAR,Round 18,LEAGUE,2675,1. FC Kaiserslautern,Visita,ALL,20/01/2024,18,0,43%,0.00,3,13,7,4,10,386,13,7,2,,4,2,6,3,9,4,0,3,0,,2,0,294,25,34,,25/53 (47%),5/15 (33%),44%,13,29/72 (40%),10/16 (63%),9/21 (43%),46%,13,6,50,19,,7,,,,,12
11396017,44,52607,NORMAL,REGULAR,Round 18,LEAGUE,2675,1. FC Kaiserslautern,Visita,1ST,20/01/2024,18,0,43%,0.00,0,2,3,2,,192,6,5,0,,2,0,0,0,0,2,0,0,0,,1,0,147,11,12,,7/24 (29%),1/5 (20%),45%,6,15/36 (42%),5/8 (63%),4/10 (40%),33%,6,4,24,13,,3,,,,,5
11396017,44,52607,NORMAL,REGULAR,Round 18,LEAGUE,2675,1. FC Kaiserslautern,Visita,2ND,20/01/2024,18,0,43%,0.00,3,11,4,2,,194,7,2,2,,2,2,6,3,9,2,0,3,0,,1,0,147,14,22,,18/29 (62%),4/10 (40%),43%,7,14/36 (39%),5/8 (63%),5/11 (45%),57%,7,2,26,6,,4,,,,,7
11396009,44,52607,NORMAL,REGULAR,Round 19,LEAGUE,2588,Fortuna Düsseldorf,Local,ALL,27/01/2024,19,1,55%,0.00,2,11,5,2,12,537,13,10,2,,4,0,6,1,5,6,1,1,0,,1,2,460,13,64,,32/59 (54%),6/22 (27%),52%,6,28/54 (52%),19/36 (53%),5/12 (42%),69%,13,13,51,20,,5,,,,,4
11396009,44,52607,NORMAL,REGULAR,Round 19,LEAGUE,2588,Fortuna Düsseldorf,Local,1ST,27/01/2024,19,0,61%,0.00,0,2,1,0,,325,8,1,1,,1,0,1,0,1,1,0,0,0,,1,1,286,7,30,,16/28 (57%),0/7 (0%),44%,2,11/26 (42%),6/13 (46%),2/6 (33%),63%,8,7,26,5,,1,,,,,1
11396009,44,52607,NORMAL,REGULAR,Round 19,LEAGUE,2588,Fortuna Düsseldorf,Local,2ND,27/01/2024,19,1,48%,0.00,2,9,4,2,,212,5,9,1,,3,0,5,1,4,5,1,1,0,,0,1,174,6,34,,16/31 (52%),6/15 (40%),59%,4,17/28 (61%),13/23 (57%),3/6 (50%),80%,5,6,25,15,,4,,,,,3
11396009,44,52607,NORMAL,REGULAR,Round 19,LEAGUE,2526,FC St. Pauli,Visita,ALL,27/01/2024,19,2,45%,0.00,4,14,3,4,10,443,13,11,2,,7,0,2,5,9,5,2,2,1,,3,0,369,26,42,,27/56 (48%),2/14 (14%),48%,4,26/54 (48%),17/36 (47%),3/12 (25%),31%,13,10,41,15,,3,,,,,7
11396009,44,52607,NORMAL,REGULAR,Round 19,LEAGUE,2526,FC St. Pauli,Visita,1ST,27/01/2024,19,2,39%,0.00,3,5,1,0,,212,6,7,1,,3,0,0,2,3,2,2,1,1,,2,0,173,12,15,,10/22 (45%),1/3 (33%),56%,3,15/26 (58%),7/13 (54%),3/8 (38%),50%,6,4,19,7,,1,,,,,3
11396009,44,52607,NORMAL,REGULAR,Round 19,LEAGUE,2526,FC St. Pauli,Visita,2ND,27/01/2024,19,0,52%,0.00,1,9,2,4,,231,7,4,1,,4,0,2,3,6,3,0,1,0,,1,0,196,14,27,,17/34 (50%),1/11 (9%),41%,1,11/28 (39%),10/23 (43%),0/4 (0%),14%,7,6,22,8,,2,,,,,4
11891428,217,52284,NORMAL,REGULAR,Quarterfinals,CUP,2526,FC St. Pauli,Local,ALL,30/01/2024,27,2,58%,0.00,2,12,2,1,17,688,14,15,4,,3,0,5,4,8,4,1,1,1,,3,2,556,28,98,,36/87 (41%),4/27 (15%),48%,5,42/86 (49%),24/52 (46%),13/30 (43%),71%,14,7,66,10,,2,,,,,8
11891428,217,52284,NORMAL,REGULAR,Quarterfinals,CUP,2526,FC St. Pauli,Local,1ST,30/01/2024,27,0,55%,0.00,0,5,0,1,,249,4,7,1,,1,0,3,1,2,3,0,0,1,,1,0,203,8,35,,12/26 (46%),1/10 (10%),48%,3,15/29 (52%),8/19 (42%),4/8 (50%),75%,4,2,18,6,,0,,,,,2
11891428,217,52284,NORMAL,REGULAR,Quarterfinals,CUP,2526,FC St. Pauli,Local,2ND,30/01/2024,27,1,56%,0.00,1,3,1,0,,267,1,6,1,,1,0,0,2,3,0,1,0,0,,2,2,221,11,39,,14/35 (40%),0/10 (0%),38%,0,12/32 (38%),9/23 (39%),5/15 (33%),100%,1,4,29,2,,1,,,,,3
11891428,217,52284,NORMAL,REGULAR,Quarterfinals,CUP,2588,Fortuna Düsseldorf,Visita,ALL,30/01/2024,27,2,42%,0.00,2,9,1,1,17,515,22,16,1,,4,0,5,0,4,5,2,0,1,,4,3,386,26,61,,40/110 (36%),1/8 (13%),52%,7,44/86 (51%),28/52 (54%),6/13 (46%),59%,22,16,65,27,,1,,,,,12
11891428,217,52284,NORMAL,REGULAR,Quarterfinals,CUP,2588,Fortuna Düsseldorf,Visita,1ST,30/01/2024,27,1,45%,0.00,1,2,1,0,,204,7,4,0,,1,0,1,0,1,1,1,0,1,,2,0,158,11,18,,17/37 (46%),0/3 (0%),52%,2,14/29 (48%),11/19 (58%),3/5 (60%),57%,7,6,20,8,,1,,,,,5
11891428,217,52284,NORMAL,REGULAR,Quarterfinals,CUP,2588,Fortuna Düsseldorf,Visita,2ND,30/01/2024,27,0,44%,0.00,0,4,0,1,,218,10,8,1,,1,0,3,0,1,3,0,0,0,,1,1,167,5,19,,15/44 (34%),0/2 (0%),62%,0,20/32 (63%),14/23 (61%),2/3 (67%),50%,10,6,25,10,,0,,,,,4
11396000,44,52607,NORMAL,REGULAR,Round 20,LEAGUE,2526,FC St. Pauli,Local,ALL,03/02/2024,20,3,58%,0.00,4,19,1,7,17,550,8,17,1,,13,1,4,2,13,6,2,2,1,,4,3,484,21,33,,29/47 (62%),5/22 (23%),49%,6,34/66 (52%),9/22 (41%),10/17 (59%),63%,8,4,51,14,,1,,,,,6
11396000,44,52607,NORMAL,REGULAR,Round 20,LEAGUE,2526,FC St. Pauli,Local,1ST,03/02/2024,20,2,61%,0.00,3,11,1,4,,320,5,4,0,,8,1,3,0,10,1,1,2,0,,1,2,284,16,15,,13/20 (65%),3/12 (25%),51%,2,14/29 (48%),4/6 (67%),5/9 (56%),60%,5,2,24,3,,1,,,,,1
11396000,44,52607,NORMAL,REGULAR,Round 20,LEAGUE,2526,FC St. Pauli,Local,2ND,03/02/2024,20,1,54%,0.00,1,8,0,3,,230,3,13,1,,5,0,1,2,3,5,1,0,1,,3,1,200,5,18,,16/27 (59%),2/10 (20%),47%,4,20/37 (54%),5/16 (31%),5/8 (63%),67%,3,2,27,11,,0,,,,,5
11396000,44,52607,NORMAL,REGULAR,Round 20,LEAGUE,2551,SpVgg Greuther Fürth,Visita,ALL,03/02/2024,20,2,42%,0.00,0,8,10,3,17,394,13,16,2,,3,0,4,1,6,2,0,0,2,,2,3,325,18,30,,25/48 (52%),0/15 (0%),51%,5,32/66 (48%),13/22 (59%),4/7 (57%),69%,13,9,47,23,,10,,,,,7
11396000,44,52607,NORMAL,REGULAR,Round 20,LEAGUE,2551,SpVgg Greuther Fürth,Visita,1ST,03/02/2024,20,1,39%,0.00,0,4,6,1,,205,6,7,0,,2,0,1,1,3,1,0,0,2,,0,1,169,8,13,,8/21 (38%),0/5 (0%),49%,4,15/29 (52%),2/6 (33%),2/3 (67%),67%,6,5,21,13,,6,,,,,4
11396000,44,52607,NORMAL,REGULAR,Round 20,LEAGUE,2551,SpVgg Greuther Fürth,Visita,2ND,03/02/2024,20,1,46%,0.00,0,4,4,2,,189,7,9,2,,1,0,3,0,3,1,0,0,0,,2,2,156,10,17,,17/27 (63%),0/10 (0%),53%,1,17/37 (46%),11/16 (69%),2/4 (50%),71%,7,4,26,10,,4,,,,,3
11395988,44,52607,NORMAL,REGULAR,Round 21,LEAGUE,2591,1. FC Magdeburg,Local,ALL,10/02/2024,21,1,49%,0.00,4,9,4,2,6,489,10,11,1,,5,0,4,0,4,5,1,3,2,,0,5,408,18,46,,38/79 (48%),0/5 (0%),46%,9,25/54 (46%),8/18 (44%),4/10 (40%),50%,10,10,68,26,,4,,,,,12
11395988,44,52607,NORMAL,REGULAR,Round 21,LEAGUE,2591,1. FC Magdeburg,Local,1ST,10/02/2024,21,0,55%,0.00,2,4,1,2,,289,5,2,0,,2,0,2,0,2,2,0,2,2,,0,2,252,11,22,,19/37 (51%),0/1 (0%),43%,1,8/20 (40%),4/8 (50%),1/4 (25%),60%,5,7,26,6,,1,,,,,7
11395988,44,52607,NORMAL,REGULAR,Round 21,LEAGUE,2591,1. FC Magdeburg,Local,2ND,10/02/2024,21,1,43%,0.00,2,5,3,0,,200,5,9,1,,3,0,2,0,2,3,1,1,0,,0,3,156,7,24,,19/42 (45%),0/4 (0%),48%,8,17/34 (50%),4/10 (40%),3/6 (50%),40%,5,3,42,20,,3,,,,,5
11395988,44,52607,NORMAL,REGULAR,Round 21,LEAGUE,2526,FC St. Pauli,Visita,ALL,10/02/2024,21,0,51%,0.00,3,11,4,4,11,479,15,6,2,,4,0,4,3,8,3,0,3,0,,1,0,388,11,59,,21/48 (44%),8/20 (40%),54%,6,29/54 (54%),10/18 (56%),8/12 (67%),47%,15,8,72,6,,4,,,,,5
11395988,44,52607,NORMAL,REGULAR,Round 21,LEAGUE,2526,FC St. Pauli,Visita,1ST,10/02/2024,21,0,45%,0.00,1,4,2,3,,224,4,4,0,,1,0,2,1,2,2,0,1,0,,1,0,188,7,23,,8/20 (40%),3/7 (43%),57%,3,12/20 (60%),4/8 (50%),4/6 (67%),50%,4,6,29,2,,2,,,,,2
11395988,44,52607,NORMAL,REGULAR,Round 21,LEAGUE,2526,FC St. Pauli,Visita,2ND,10/02/2024,21,0,57%,0.00,2,7,2,1,,255,11,2,2,,3,0,2,2,6,1,0,2,0,,0,0,200,4,36,,13/28 (46%),5/13 (38%),52%,3,17/34 (50%),6/10 (60%),4/6 (67%),45%,11,2,43,4,,2,,,,,3
11395981,44,52607,NORMAL,REGULAR,Round 22,LEAGUE,2526,FC St. Pauli,Local,ALL,18/02/2024,22,1,62%,0.00,1,11,2,5,8,603,7,10,3,1,4,1,5,2,7,4,,1,0,,3,3,534,22,59,,16/34 (47%),5/25 (20%),47%,4,19/38 (50%),8/19 (42%),2/6 (33%),86%,7,5,30,30,,2,,,,,10
11395981,44,52607,NORMAL,REGULAR,Round 22,LEAGUE,2526,FC St. Pauli,Local,1ST,18/02/2024,22,1,75%,0.00,0,7,1,3,,398,2,6,1,0,3,0,2,2,4,3,,0,0,,2,2,364,5,33,,11/15 (73%),4/16 (25%),56%,1,10/18 (56%),4/7 (57%),2/4 (50%),100%,2,3,16,10,,1,,,,,4
11395981,44,52607,NORMAL,REGULAR,Round 22,LEAGUE,2526,FC St. Pauli,Local,2ND,18/02/2024,22,0,46%,0.00,1,4,1,2,,205,5,4,2,1,1,1,3,0,3,1,,1,0,,1,1,170,17,26,,5/19 (26%),1/9 (11%),41%,3,9/20 (45%),4/12 (33%),0/2 (0%),80%,5,2,14,20,,1,,,,,6
11395981,44,52607,NORMAL,REGULAR,Round 22,LEAGUE,2557,Eintracht Braunschweig,Visita,ALL,18/02/2024,22,0,38%,0.00,4,10,3,4,10,363,8,8,2,0,2,0,6,2,7,3,,4,2,,1,4,290,21,47,,25/59 (42%),6/22 (27%),53%,3,19/38 (50%),11/19 (58%),3/7 (43%),63%,8,8,35,22,,3,,,,,7
11395981,44,52607,NORMAL,REGULAR,Round 22,LEAGUE,2557,Eintracht Braunschweig,Visita,1ST,18/02/2024,22,0,25%,0.00,2,3,2,1,,128,3,5,1,0,1,0,2,0,3,0,,2,2,,1,2,94,8,12,,7/23 (30%),3/7 (43%),44%,1,8/18 (44%),3/7 (43%),0/1 (0%),33%,3,3,17,15,,2,,,,,4
11395981,44,52607,NORMAL,REGULAR,Round 22,LEAGUE,2557,Eintracht Braunschweig,Visita,2ND,18/02/2024,22,0,54%,0.00,2,7,1,3,,235,5,3,1,0,1,0,4,2,4,3,,2,0,,0,2,196,13,35,,18/36 (50%),3/15 (20%),59%,2,11/20 (55%),8/12 (67%),3/6 (50%),80%,5,5,18,7,,1,,,,,3
11395972,44,52607,NORMAL,REGULAR,Round 23,LEAGUE,2573,Holstein Kiel,Local,ALL,23/02/2024,23,3,61%,0.00,3,12,1,3,8,670,14,8,1,,6,2,4,2,10,2,0,3,2,,1,3,586,19,66,,24/63 (38%),3/17 (18%),54%,7,27/51 (53%),17/30 (57%),5/10 (50%),36%,14,15,51,14,,1,,,,,5
11395972,44,52607,NORMAL,REGULAR,Round 23,LEAGUE,2573,Holstein Kiel,Local,1ST,23/02/2024,23,0,48%,0.00,2,5,0,2,,255,6,5,1,,2,2,3,0,4,1,0,2,2,,1,1,218,5,25,,5/29 (17%),1/7 (14%),47%,3,12/26 (46%),3/6 (50%),1/5 (20%),50%,6,7,22,9,,0,,,,,4
11395972,44,52607,NORMAL,REGULAR,Round 23,LEAGUE,2573,Holstein Kiel,Local,2ND,23/02/2024,23,3,73%,0.00,1,7,1,1,,415,8,3,0,,4,0,1,2,6,1,0,1,0,,0,2,368,14,41,,19/34 (56%),2/10 (20%),59%,4,15/25 (60%),14/24 (58%),4/5 (80%),25%,8,8,29,5,,1,,,,,1
11395972,44,52607,NORMAL,REGULAR,Round 23,LEAGUE,2526,FC St. Pauli,Visita,ALL,23/02/2024,23,4,39%,0.00,3,11,2,1,8,431,12,8,1,,5,2,4,2,9,2,3,0,0,,2,3,343,19,50,,20/54 (37%),4/15 (27%),46%,6,24/51 (47%),13/30 (43%),4/12 (33%),42%,12,4,49,20,,2,,,,,10
11395972,44,52607,NORMAL,REGULAR,Round 23,LEAGUE,2526,FC St. Pauli,Visita,1ST,23/02/2024,23,3,52%,0.00,2,7,1,1,,277,7,4,0,,3,0,2,2,6,1,2,0,0,,1,2,237,8,22,,11/26 (42%),3/11 (27%),53%,3,14/26 (54%),3/6 (50%),3/6 (50%),29%,7,1,27,4,,1,,,,,5
11395972,44,52607,NORMAL,REGULAR,Round 23,LEAGUE,2526,FC St. Pauli,Visita,2ND,23/02/2024,23,1,27%,0.00,1,4,1,0,,154,5,4,1,,2,2,2,0,3,1,1,0,0,,1,1,106,11,28,,9/28 (32%),1/4 (25%),41%,3,10/25 (40%),10/24 (42%),1/6 (17%),60%,5,3,22,16,,1,,,,,5
11395965,44,52607,NORMAL,REGULAR,Round 24,LEAGUE,2530,FC Schalke 04,Local,ALL,01/03/2024,24,3,43%,0.00,3,14,2,6,14,314,12,10,3,,5,0,6,3,11,3,3,,1,,1,9,217,23,62,,28/74 (38%),6/22 (27%),51%,10,27/63 (43%),29/46 (63%),6/14 (43%),67%,12,11,54,29,,2,,,,,6
11395965,44,52607,NORMAL,REGULAR,Round 24,LEAGUE,2530,FC Schalke 04,Local,1ST,01/03/2024,24,1,51%,0.00,1,3,1,5,,190,3,5,1,,2,0,0,1,1,2,1,,1,,0,3,141,15,35,,19/43 (44%),5/14 (36%),44%,6,10/30 (33%),12/20 (60%),2/5 (40%),67%,3,2,21,11,,1,,,,,3
11395965,44,52607,NORMAL,REGULAR,Round 24,LEAGUE,2530,FC Schalke 04,Local,2ND,01/03/2024,24,2,34%,0.00,2,11,1,1,,124,9,5,2,,3,0,6,2,10,1,2,,0,,1,6,76,8,27,,9/31 (29%),1/8 (13%),58%,4,17/33 (52%),17/26 (65%),4/9 (44%),67%,9,9,33,18,,1,,,,,3
11395965,44,52607,NORMAL,REGULAR,Round 24,LEAGUE,2526,FC St. Pauli,Visita,ALL,01/03/2024,24,1,57%,0.00,0,7,2,4,12,438,18,14,0,,3,0,3,1,5,2,0,,1,,0,0,333,32,56,,29/75 (39%),3/17 (18%),49%,4,36/63 (57%),17/46 (37%),4/12 (33%),44%,18,3,47,34,,2,,,,,8
11395965,44,52607,NORMAL,REGULAR,Round 24,LEAGUE,2526,FC St. Pauli,Visita,1ST,01/03/2024,24,0,49%,0.00,0,2,1,1,,197,9,9,0,,1,0,1,0,2,0,0,,1,,0,0,154,10,27,,11/33 (33%),0/3 (0%),56%,1,20/30 (67%),8/20 (40%),2/4 (50%),44%,9,3,22,20,,1,,,,,2
11395965,44,52607,NORMAL,REGULAR,Round 24,LEAGUE,2526,FC St. Pauli,Visita,2ND,01/03/2024,24,1,66%,0.00,0,5,1,3,,241,9,5,0,,2,0,2,1,3,2,0,,0,,0,0,179,22,29,,18/42 (43%),3/14 (21%),42%,3,16/33 (48%),9/26 (35%),2/8 (25%),44%,9,0,25,14,,1,,,,,6
11395953,44,52607,NORMAL,REGULAR,Round 25,LEAGUE,2526,FC St. Pauli,Local,ALL,10/03/2024,25,2,58%,0.00,2,15,0,7,6,553,14,12,1,,3,1,8,4,10,5,,2,2,,6,2,479,16,60,,22/42 (52%),9/30 (30%),51%,9,30/55 (55%),7/17 (41%),4/10 (40%),71%,14,5,51,9,,0,,,,,5
11395953,44,52607,NORMAL,REGULAR,Round 25,LEAGUE,2526,FC St. Pauli,Local,1ST,10/03/2024,25,2,65%,0.00,2,8,0,3,,308,6,4,1,,2,0,4,2,4,4,,2,1,,3,2,270,9,44,,14/24 (58%),7/22 (32%),36%,5,11/26 (42%),1/7 (14%),1/7 (14%),50%,6,2,30,2,,0,,,,,1
11395953,44,52607,NORMAL,REGULAR,Round 25,LEAGUE,2526,FC St. Pauli,Local,2ND,10/03/2024,25,0,52%,0.00,0,7,0,4,,245,8,8,0,,1,1,4,2,6,1,,0,1,,3,0,209,7,16,,8/18 (44%),2/8 (25%),64%,4,19/29 (66%),6/10 (60%),3/3 (100%),88%,8,3,21,7,,0,,,,,4
11395953,44,52607,NORMAL,REGULAR,Round 25,LEAGUE,2528,Hertha BSC,Visita,ALL,10/03/2024,25,0,42%,0.00,0,5,1,6,12,401,15,6,1,,0,0,3,2,4,1,,0,0,,0,4,318,18,32,,25/52 (48%),2/13 (15%),49%,6,25/55 (45%),10/17 (59%),5/13 (38%),67%,15,8,38,24,,1,,,,,13
11395953,44,52607,NORMAL,REGULAR,Round 25,LEAGUE,2528,Hertha BSC,Visita,1ST,10/03/2024,25,0,35%,0.00,0,1,0,2,,174,11,3,1,,0,0,1,0,1,0,,0,0,,0,0,129,6,10,,8/28 (29%),1/4 (25%),64%,4,15/26 (58%),6/7 (86%),2/4 (50%),55%,11,4,17,17,,0,,,,,10
11395953,44,52607,NORMAL,REGULAR,Round 25,LEAGUE,2528,Hertha BSC,Visita,2ND,10/03/2024,25,0,48%,0.00,0,4,1,4,,227,4,3,0,,0,0,2,2,3,1,,0,0,,0,4,189,12,22,,17/24 (71%),1/9 (11%),36%,2,10/29 (34%),4/10 (40%),3/9 (33%),100%,4,4,21,7,,1,,,,,3
11395938,44,52607,NORMAL,REGULAR,Round 26,LEAGUE,2523,1. FC Nürnberg,Local,ALL,16/03/2024,26,0,33%,0.00,0,2,2,1,7,340,13,10,0,,1,0,1,0,2,0,0,0,0,,1,3,260,21,32,,7/31 (23%),0/8 (0%),47%,5,30/55 (55%),6/22 (27%),8/13 (62%),62%,13,6,45,28,,2,,,,,14
11395938,44,52607,NORMAL,REGULAR,Round 26,LEAGUE,2523,1. FC Nürnberg,Local,1ST,16/03/2024,26,0,29%,0.00,0,1,1,1,,160,5,4,0,,0,0,1,0,1,0,0,0,0,,0,2,122,8,11,,3/16 (19%),0/2 (0%),42%,3,13/24 (54%),2/12 (17%),4/5 (80%),60%,5,5,24,22,,1,,,,,7
11395938,44,52607,NORMAL,REGULAR,Round 26,LEAGUE,2523,1. FC Nürnberg,Local,2ND,16/03/2024,26,0,38%,0.00,0,1,1,0,,180,8,6,0,,1,0,0,0,1,0,0,0,0,,1,1,138,13,21,,4/15 (27%),0/6 (0%),51%,2,17/31 (55%),4/10 (40%),4/8 (50%),63%,8,1,21,6,,1,,,,,7
11395938,44,52607,NORMAL,REGULAR,Round 26,LEAGUE,2526,FC St. Pauli,Visita,ALL,16/03/2024,26,2,67%,0.00,3,17,1,11,10,697,10,7,2,,4,0,9,4,13,4,2,1,2,,2,0,620,18,66,,17/35 (49%),9/29 (31%),53%,12,25/55 (45%),16/22 (73%),8/9 (89%),40%,10,9,62,6,,1,,,,,2
11395938,44,52607,NORMAL,REGULAR,Round 26,LEAGUE,2526,FC St. Pauli,Visita,1ST,16/03/2024,26,1,71%,0.00,1,9,0,4,,391,4,3,0,,2,0,4,3,7,2,1,0,0,,1,0,353,8,41,,8/11 (73%),5/21 (24%),58%,5,11/24 (46%),10/12 (83%),4/4 (100%),75%,4,6,33,2,,0,,,,,1
11395938,44,52607,NORMAL,REGULAR,Round 26,LEAGUE,2526,FC St. Pauli,Visita,2ND,16/03/2024,26,1,62%,0.00,2,8,1,7,,306,6,4,2,,2,0,5,1,6,2,1,1,2,,1,0,267,10,25,,9/24 (38%),4/8 (50%),49%,7,14/31 (45%),6/10 (60%),4/5 (80%),17%,6,3,29,4,,1,,,,,1
11395934,44,52607,NORMAL,REGULAR,Round 27,LEAGUE,2526,FC St. Pauli,Local,ALL,31/03/2024,27,2,58%,0.00,1,12,3,1,5,555,12,15,2,0,6,0,3,3,7,5,1,,2,,2,7,492,15,53,,26/47 (55%),1/8 (13%),60%,5,32/51 (63%),11/21 (52%),5/11 (45%),75%,12,8,48,16,,3,,,,,8
11395934,44,52607,NORMAL,REGULAR,Round 27,LEAGUE,2526,FC St. Pauli,Local,1ST,31/03/2024,27,1,58%,0.00,1,7,1,1,,313,7,4,1,0,3,0,2,2,4,3,1,,2,,0,4,272,10,27,,12/21 (57%),1/5 (20%),45%,4,12/24 (50%),3/9 (33%),1/5 (20%),86%,7,5,33,4,,1,,,,,3
11395934,44,52607,NORMAL,REGULAR,Round 27,LEAGUE,2526,FC St. Pauli,Local,2ND,31/03/2024,27,1,59%,0.00,0,5,2,0,,242,5,11,1,0,3,0,1,1,3,2,0,,0,,2,3,220,5,26,,14/26 (54%),0/3 (0%),72%,1,20/27 (74%),8/12 (67%),4/6 (67%),60%,5,3,15,12,,2,,,,,5
11395934,44,52607,NORMAL,REGULAR,Round 27,LEAGUE,2561,SC Paderborn 07,Visita,ALL,31/03/2024,27,1,42%,0.00,1,11,4,3,15,382,11,5,2,1,4,0,5,2,10,1,1,,0,,1,2,313,17,45,,31/62 (50%),3/16 (19%),40%,7,19/51 (37%),10/21 (48%),3/8 (38%),73%,11,6,51,7,,4,,,,,4
11395934,44,52607,NORMAL,REGULAR,Round 27,LEAGUE,2561,SC Paderborn 07,Visita,1ST,31/03/2024,27,0,42%,0.00,0,3,2,0,,228,8,3,0,0,1,0,2,0,3,0,0,,0,,0,1,188,7,22,,21/35 (60%),0/2 (0%),55%,6,12/24 (50%),6/9 (67%),1/2 (50%),63%,8,4,33,4,,2,,,,,3
11395934,44,52607,NORMAL,REGULAR,Round 27,LEAGUE,2561,SC Paderborn 07,Visita,2ND,31/03/2024,27,1,41%,0.00,1,8,2,3,,154,3,2,2,1,3,0,3,2,7,1,1,,0,,1,1,125,10,23,,10/27 (37%),3/14 (21%),28%,1,7/27 (26%),4/12 (33%),2/6 (33%),100%,3,2,18,3,,2,,,,,1
11395923,44,52607,NORMAL,REGULAR,Round 28,LEAGUE,2553,Karlsruher SC,Local,ALL,06/04/2024,28,2,37%,0.00,2,11,2,4,6,349,16,10,4,0,5,1,2,4,8,3,2,0,1,,2,2,264,14,38,,34/68 (50%),3/15 (20%),55%,4,28/49 (57%),17/33 (52%),3/10 (30%),56%,16,6,42,19,,2,,,,,10
11395923,44,52607,NORMAL,REGULAR,Round 28,LEAGUE,2553,Karlsruher SC,Local,1ST,06/04/2024,28,1,38%,0.00,1,5,0,3,,180,9,6,1,0,2,0,1,2,4,1,1,0,0,,2,1,143,8,18,,18/30 (60%),2/11 (18%),58%,1,15/23 (65%),7/15 (47%),1/3 (33%),56%,9,1,21,1,,0,,,,,2
11395923,44,52607,NORMAL,REGULAR,Round 28,LEAGUE,2553,Karlsruher SC,Local,2ND,06/04/2024,28,1,37%,0.00,1,6,2,1,,169,7,4,3,0,3,1,1,2,4,2,1,0,1,,0,1,121,6,20,,16/38 (42%),1/4 (25%),52%,3,13/26 (50%),10/18 (56%),2/7 (29%),57%,7,5,21,18,,2,,,,,8
11395923,44,52607,NORMAL,REGULAR,Round 28,LEAGUE,2526,FC St. Pauli,Visita,ALL,06/04/2024,28,1,63%,0.00,2,11,3,8,10,587,11,6,2,1,3,1,6,2,8,3,1,1,0,,1,3,508,14,67,,33/55 (60%),7/26 (27%),45%,9,21/49 (43%),16/33 (48%),4/11 (36%),45%,11,5,48,14,,3,,,,,5
11395923,44,52607,NORMAL,REGULAR,Round 28,LEAGUE,2526,FC St. Pauli,Visita,1ST,06/04/2024,28,1,62%,0.00,1,4,1,1,,311,3,2,0,0,1,1,2,1,4,0,1,0,0,,0,2,280,6,24,,16/25 (64%),3/6 (50%),42%,7,8/23 (35%),8/15 (53%),3/5 (60%),0%,3,3,19,6,,1,,,,,3
11395923,44,52607,NORMAL,REGULAR,Round 28,LEAGUE,2526,FC St. Pauli,Visita,2ND,06/04/2024,28,0,63%,0.00,1,7,2,7,,276,8,4,2,1,2,0,4,1,4,3,0,1,0,,1,1,228,8,43,,17/30 (57%),4/20 (20%),48%,2,13/26 (50%),8/18 (44%),1/6 (17%),63%,8,2,29,8,,2,,,,,2
11395916,44,52607,NORMAL,REGULAR,Round 29,LEAGUE,2526,FC St. Pauli,Local,ALL,14/04/2024,29,3,70%,0.00,4,17,6,5,12,645,12,8,4,,8,0,7,2,14,3,1,3,0,,2,2,549,26,84,,45/72 (63%),8/20 (40%),43%,10,25/60 (42%),12/27 (44%),5/13 (38%),58%,12,5,46,11,,6,,,,,3
11395916,44,52607,NORMAL,REGULAR,Round 29,LEAGUE,2526,FC St. Pauli,Local,1ST,14/04/2024,29,1,70%,0.00,2,5,6,3,,337,6,4,0,,2,0,1,2,4,1,1,1,0,,1,1,292,11,39,,23/37 (62%),4/12 (33%),38%,7,11/28 (39%),4/11 (36%),1/4 (25%),50%,6,3,28,10,,6,,,,,2
11395916,44,52607,NORMAL,REGULAR,Round 29,LEAGUE,2526,FC St. Pauli,Local,2ND,14/04/2024,29,2,70%,0.00,2,12,0,2,,308,6,4,4,,6,0,6,0,10,2,0,2,0,,1,1,257,15,45,,22/35 (63%),4/8 (50%),46%,3,14/32 (44%),8/16 (50%),4/9 (44%),67%,6,2,18,1,,0,,,,,1
11395916,44,52607,NORMAL,REGULAR,Round 29,LEAGUE,2598,SV 07 Elversberg,Visita,ALL,14/04/2024,29,4,30%,0.00,4,14,5,1,8,285,18,12,2,,10,0,1,3,11,3,3,1,3,,0,2,204,11,39,,24/61 (39%),0/3 (0%),57%,6,35/60 (58%),15/27 (56%),5/11 (45%),50%,18,9,34,28,,5,,,,,10
11395916,44,52607,NORMAL,REGULAR,Round 29,LEAGUE,2598,SV 07 Elversberg,Visita,1ST,14/04/2024,29,0,30%,0.00,1,10,1,1,,147,10,4,1,,6,0,1,3,7,3,0,1,0,,0,0,108,6,20,,12/26 (46%),0/3 (0%),62%,4,17/28 (61%),7/11 (64%),3/5 (60%),40%,10,6,21,10,,1,,,,,3
11395916,44,52607,NORMAL,REGULAR,Round 29,LEAGUE,2598,SV 07 Elversberg,Visita,2ND,14/04/2024,29,4,30%,0.00,3,4,4,0,,138,8,8,1,,4,0,0,0,4,0,3,0,3,,0,2,96,5,19,,12/35 (34%),0/0 (0%),54%,2,18/32 (56%),8/16 (50%),2/6 (33%),63%,8,3,13,18,,4,,,,,7
11395903,44,52607,NORMAL,REGULAR,Round 30,LEAGUE,2541,Hannover 96,Local,ALL,21/04/2024,30,1,44%,0.00,2,16,2,7,10,414,10,11,0,,8,0,4,4,8,8,1,1,1,,0,5,329,23,56,,22/46 (48%),5/23 (22%),47%,6,26/58 (45%),13/25 (52%),5/12 (42%),60%,10,8,41,18,,2,,,,,6
11395903,44,52607,NORMAL,REGULAR,Round 30,LEAGUE,2541,Hannover 96,Local,1ST,21/04/2024,30,1,44%,0.00,2,9,0,6,,199,6,6,0,,5,0,2,2,5,4,1,1,0,,0,3,160,8,19,,9/22 (41%),2/13 (15%),43%,2,15/34 (44%),4/10 (40%),3/9 (33%),67%,6,7,21,7,,0,,,,,2
11395903,44,52607,NORMAL,REGULAR,Round 30,LEAGUE,2541,Hannover 96,Local,2ND,21/04/2024,30,0,45%,0.00,0,7,2,1,,215,4,5,0,,3,0,2,2,3,4,0,0,1,,0,2,169,15,37,,13/24 (54%),3/10 (30%),51%,4,11/24 (46%),9/15 (60%),2/3 (67%),50%,4,1,20,11,,2,,,,,4
11395903,44,52607,NORMAL,REGULAR,Round 30,LEAGUE,2526,FC St. Pauli,Visita,ALL,21/04/2024,30,2,56%,0.00,1,7,7,4,12,531,13,9,3,,4,1,3,0,5,2,1,0,1,,2,3,442,18,34,,17/46 (37%),5/20 (25%),53%,5,32/58 (55%),12/25 (48%),10/15 (67%),62%,13,5,55,28,,7,,,,,5
11395903,44,52607,NORMAL,REGULAR,Round 30,LEAGUE,2526,FC St. Pauli,Visita,1ST,21/04/2024,30,1,56%,0.00,1,3,4,0,,266,8,5,0,,1,1,2,0,3,0,1,0,1,,1,3,227,6,15,,9/20 (45%),2/6 (33%),57%,2,19/34 (56%),6/10 (60%),6/10 (60%),38%,8,0,28,18,,4,,,,,2
11395903,44,52607,NORMAL,REGULAR,Round 30,LEAGUE,2526,FC St. Pauli,Visita,2ND,21/04/2024,30,1,55%,0.00,0,4,3,4,,265,5,4,3,,3,0,1,0,2,2,0,0,0,,1,0,215,12,19,,8/26 (31%),3/14 (21%),49%,3,13/24 (54%),6/15 (40%),4/5 (80%),100%,5,5,27,10,,3,,,,,3
11395896,44,52607,NORMAL,REGULAR,Round 31,LEAGUE,2526,FC St. Pauli,Local,ALL,26/04/2024,31,1,64%,0.00,2,9,5,6,8,501,8,19,0,,2,0,4,3,6,3,,2,0,,6,1,420,27,62,,32/63 (51%),4/18 (22%),61%,8,34/57 (60%),18/28 (64%),8/15 (53%),63%,8,6,39,15,,5,,,,,4
11395896,44,52607,NORMAL,REGULAR,Round 31,LEAGUE,2526,FC St. Pauli,Local,1ST,26/04/2024,31,0,68%,0.00,0,3,5,3,,285,6,8,0,,0,0,2,1,2,1,,0,0,,1,0,245,12,27,,16/31 (52%),1/6 (17%),70%,2,18/25 (72%),3/5 (60%),5/9 (56%),67%,6,2,24,7,,5,,,,,3
11395896,44,52607,NORMAL,REGULAR,Round 31,LEAGUE,2526,FC St. Pauli,Local,2ND,26/04/2024,31,1,59%,0.00,2,6,0,3,,216,2,11,0,,2,0,2,2,4,2,,2,0,,5,1,175,15,35,,16/32 (50%),3/12 (25%),56%,6,16/32 (50%),15/23 (65%),3/6 (50%),50%,2,4,15,8,,0,,,,,1
11395896,44,52607,NORMAL,REGULAR,Round 31,LEAGUE,2533,FC Hansa Rostock,Visita,ALL,26/04/2024,31,0,36%,0.00,2,8,1,6,19,278,15,8,4,,5,0,2,1,6,2,,2,1,,0,5,199,21,33,,11/50 (22%),3/11 (27%),39%,4,23/57 (40%),10/28 (36%),1/5 (20%),53%,15,4,36,30,,1,,,,,7
11395896,44,52607,NORMAL,REGULAR,Round 31,LEAGUE,2533,FC Hansa Rostock,Visita,1ST,26/04/2024,31,0,32%,0.00,2,7,0,5,,128,6,1,0,,5,0,2,0,6,1,,2,1,,0,2,98,8,16,,8/26 (31%),3/9 (33%),30%,2,7/25 (28%),2/5 (40%),1/5 (20%),83%,6,2,20,10,,0,,,,,5
11395896,44,52607,NORMAL,REGULAR,Round 31,LEAGUE,2533,FC Hansa Rostock,Visita,2ND,26/04/2024,31,0,41%,0.00,0,1,1,1,,150,9,7,4,,0,0,0,1,0,1,,0,0,,0,3,101,13,17,,3/24 (13%),0/2 (0%),44%,2,16/32 (50%),8/23 (35%),0/0 (0%),33%,9,2,16,20,,1,,,,,2
11395887,44,52607,NORMAL,REGULAR,Round 32,LEAGUE,2676,Hamburger SV,Local,ALL,03/05/2024,32,1,46%,0.00,1,12,3,5,15,425,15,11,2,0,6,2,3,3,7,5,,1,,,4,3,350,15,37,,18/46 (39%),5/12 (42%),46%,10,35/80 (44%),18/34 (53%),9/22 (41%),73%,15,5,42,28,,3,,,,,6
11395887,44,52607,NORMAL,REGULAR,Round 32,LEAGUE,2676,Hamburger SV,Local,1ST,03/05/2024,32,0,44%,0.00,0,5,3,3,,210,8,3,1,0,3,1,1,1,3,2,,0,,,0,1,179,7,15,,8/18 (44%),1/6 (17%),45%,4,15/35 (43%),5/9 (56%),4/9 (44%),88%,8,2,18,15,,3,,,,,4
11395887,44,52607,NORMAL,REGULAR,Round 32,LEAGUE,2676,Hamburger SV,Local,2ND,03/05/2024,32,1,48%,0.00,1,7,0,2,,215,7,8,1,0,3,1,2,2,4,3,,1,,,4,2,171,8,22,,10/28 (36%),4/6 (67%),47%,6,20/45 (44%),13/25 (52%),5/13 (38%),57%,7,3,24,13,,0,,,,,2
11395887,44,52607,NORMAL,REGULAR,Round 32,LEAGUE,2526,FC St. Pauli,Visita,ALL,03/05/2024,32,0,54%,0.00,3,13,4,1,11,503,23,15,3,1,3,1,6,4,9,4,,3,,,2,0,429,18,64,,26/53 (49%),5/15 (33%),54%,7,45/80 (56%),16/34 (47%),8/16 (50%),65%,23,5,35,13,,4,,,,,6
11395887,44,52607,NORMAL,REGULAR,Round 32,LEAGUE,2526,FC St. Pauli,Visita,1ST,03/05/2024,32,0,56%,0.00,3,8,2,0,,272,9,6,1,0,3,1,4,1,6,2,,3,,,1,0,245,9,29,,12/22 (55%),3/12 (25%),55%,4,20/35 (57%),4/9 (44%),5/9 (56%),56%,9,4,16,7,,2,,,,,2
11395887,44,52607,NORMAL,REGULAR,Round 32,LEAGUE,2526,FC St. Pauli,Visita,2ND,03/05/2024,32,0,52%,0.00,0,5,2,1,,231,14,9,2,1,0,0,2,3,3,2,,0,,,1,0,184,9,35,,14/31 (45%),2/3 (67%),53%,3,25/45 (56%),12/25 (48%),3/7 (43%),71%,14,1,19,6,,2,,,,,4
11395876,44,52607,NORMAL,REGULAR,Round 33,LEAGUE,2526,FC St. Pauli,Local,ALL,12/05/2024,33,3,64%,0.00,3,19,1,4,11,580,13,2,2,,7,0,8,4,9,10,3,0,1,38,0,0,527,15,63,141/173 (82%),22/36 (61%),7/23 (30%),44%,3,23/54 (43%),8/17 (47%),8/19 (42%),62%,13,8,42,9,,1,,1,,,5
11395876,44,52607,NORMAL,REGULAR,Round 33,LEAGUE,2526,FC St. Pauli,Local,1ST,12/05/2024,33,1,69%,0.00,1,9,1,1,,368,5,2,1,,4,0,4,1,4,5,1,0,0,,0,0,339,5,36,,14/20 (70%),4/13 (31%),50%,1,11/19 (58%),4/11 (36%),4/6 (67%),60%,5,6,22,7,,1,,,,,4
11395876,44,52607,NORMAL,REGULAR,Round 33,LEAGUE,2526,FC St. Pauli,Local,2ND,12/05/2024,33,2,56%,0.00,2,10,0,3,,212,8,0,1,,3,0,4,3,5,5,2,0,1,,0,0,188,10,27,,8/16 (50%),3/10 (30%),39%,2,12/35 (34%),4/6 (67%),4/13 (31%),63%,8,2,20,2,,0,,,,,1
11395876,44,52607,NORMAL,REGULAR,Round 33,LEAGUE,2581,VfL Osnabrück,Visita,ALL,12/05/2024,33,1,36%,0.00,2,4,4,3,2,332,14,11,0,,2,0,2,0,3,1,1,1,0,9,1,1,262,9,32,29/58 (50%),19/57 (33%),3/8 (38%),56%,7,31/54 (57%),9/17 (53%),6/12 (50%),64%,14,14,33,13,,4,,0,,,15
11395876,44,52607,NORMAL,REGULAR,Round 33,LEAGUE,2581,VfL Osnabrück,Visita,1ST,12/05/2024,33,0,31%,0.00,1,3,3,2,,161,3,3,0,,1,0,2,0,2,1,0,1,0,,0,1,125,5,21,,11/26 (42%),2/7 (29%),50%,2,8/19 (42%),7/11 (64%),2/5 (40%),67%,3,9,20,8,,3,,,,,6
11395876,44,52607,NORMAL,REGULAR,Round 33,LEAGUE,2581,VfL Osnabrück,Visita,2ND,12/05/2024,33,1,44%,0.00,1,1,1,1,,171,11,8,0,,1,0,0,0,1,0,1,0,0,,1,0,137,4,11,,8/31 (26%),1/1 (100%),61%,5,23/35 (66%),2/6 (33%),4/7 (57%),64%,11,5,13,5,,1,,,,,9
11395865,44,52607,NORMAL,REGULAR,Round 34,LEAGUE,2597,SV Wehen Wiesbaden,Local,ALL,19/05/2024,34,1,37%,0.00,2,13,6,8,5,335,18,6,1,,5,0,6,2,8,5,1,1,,18,0,3,254,14,60,69/112 (62%),36/78 (46%),7/23 (30%),47%,10,29/60 (48%),17/38 (45%),6/13 (46%),78%,18,9,54,13,0,6,,2,1,1,10
11395865,44,52607,NORMAL,REGULAR,Round 34,LEAGUE,2597,SV Wehen Wiesbaden,Local,1ST,19/05/2024,34,1,27%,0.00,2,6,4,3,,140,10,2,1,,4,0,1,1,4,2,1,1,,,0,1,101,6,22,,18/42 (43%),3/4 (75%),47%,3,13/28 (46%),7/15 (47%),2/6 (33%),80%,10,6,26,7,,4,,,,,6
11395865,44,52607,NORMAL,REGULAR,Round 34,LEAGUE,2597,SV Wehen Wiesbaden,Local,2ND,19/05/2024,34,0,49%,0.00,0,7,2,5,,195,8,4,0,,1,0,5,1,4,3,0,0,,,0,2,153,8,38,,18/36 (50%),4/19 (21%),47%,7,16/32 (50%),10/23 (43%),4/7 (57%),75%,8,3,28,6,,2,,,,,4
11395865,44,52607,NORMAL,REGULAR,Round 34,LEAGUE,2526,FC St. Pauli,Visita,ALL,19/05/2024,34,2,63%,0.00,3,20,4,8,6,595,17,5,2,,8,0,7,5,12,8,1,2,,23,1,0,512,18,88,139/180 (77%),21/50 (42%),7/17 (41%),53%,11,31/60 (52%),21/38 (55%),10/17 (59%),29%,17,5,54,22,1,4,,0,1,1,9
11395865,44,52607,NORMAL,REGULAR,Round 34,LEAGUE,2526,FC St. Pauli,Visita,1ST,19/05/2024,34,0,73%,0.00,1,10,3,5,,380,7,2,0,,4,0,4,2,7,3,0,1,,,0,0,347,14,55,,7/15 (47%),2/10 (20%),53%,7,15/28 (54%),8/15 (53%),6/9 (67%),14%,7,2,24,3,,3,,,,,2
11395865,44,52607,NORMAL,REGULAR,Round 34,LEAGUE,2526,FC St. Pauli,Visita,2ND,19/05/2024,34,2,51%,0.00,2,10,1,3,,215,10,3,2,,4,0,3,3,5,5,1,1,,,1,0,165,4,33,,14/35 (40%),5/7 (71%),53%,4,16/32 (50%),13/23 (57%),4/8 (50%),40%,10,3,30,19,,1,,,,,7
12388467,217,61132,NORMAL,PLAYOFF,Round 1,CUP,2582,Hallescher FC,Local,ALL,16/08/2024,1,2,32%,0.00,3,11,5,7,17,332,14,12,6,,4,0,4,3,7,4,2,1,1,20,1,0,185,44,78,37/114 (32%),29/116 (25%),3/16 (19%),36%,5,29/74 (39%),8/29 (28%),3/15 (20%),57%,14,5,58,26,,5,,2,0,0,11
12388467,217,61132,NORMAL,PLAYOFF,Round 1,CUP,2582,Hallescher FC,Local,1ST,16/08/2024,1,1,33%,0.00,1,4,4,3,,138,5,4,0,,2,0,0,2,2,2,1,0,0,,0,0,76,17,29,,10/46 (22%),0/7 (0%),43%,2,11/24 (46%),4/11 (36%),2/7 (29%),60%,5,3,27,14,,4,,,,,5
12388467,217,61132,NORMAL,PLAYOFF,Round 1,CUP,2582,Hallescher FC,Local,2ND,16/08/2024,1,1,29%,0.00,2,5,1,2,,113,6,7,2,,1,0,3,1,4,1,1,1,1,,1,0,67,13,23,,12/38 (32%),2/6 (33%),39%,1,14/32 (44%),1/6 (17%),1/6 (17%),50%,6,1,20,10,,1,,,,,4
12388467,217,61132,NORMAL,PLAYOFF,Round 1,CUP,2526,FC St. Pauli,Visita,ALL,16/08/2024,1,3,68%,0.00,3,15,2,8,12,712,17,16,4,,8,1,5,2,11,4,2,1,0,28,6,7,590,24,109,148/211 (70%),54/101 (53%),5/25 (20%),64%,7,45/74 (61%),21/29 (72%),12/19 (63%),41%,17,8,74,24,,2,,0,2,1,7
12388467,217,61132,NORMAL,PLAYOFF,Round 1,CUP,2526,FC St. Pauli,Visita,1ST,16/08/2024,1,0,67%,0.00,0,5,1,5,,288,7,4,1,,4,1,1,0,4,1,0,0,0,,0,1,234,11,48,,23/46 (50%),1/13 (8%),57%,2,13/24 (54%),7/11 (64%),2/5 (40%),43%,7,2,29,10,,1,,,,,1
12388467,217,61132,NORMAL,PLAYOFF,Round 1,CUP,2526,FC St. Pauli,Visita,2ND,16/08/2024,1,2,71%,0.00,1,5,0,2,,284,6,7,1,,3,0,2,0,3,2,1,0,0,,4,2,242,7,45,,20/34 (59%),3/9 (33%),61%,4,18/32 (56%),5/6 (83%),5/7 (71%),50%,6,4,27,7,,0,,,,,3
12499462,35,63516,NORMAL,REGULAR,Round 1,LEAGUE,2526,FC St. Pauli,Local,ALL,25/08/2024,1,0,61%,1.21,3,11,1,4,10,544,24,15,2,,3,0,7,1,6,5,0,3,,17,1,1,437,26,75,73/121 (60%),32/69 (46%),5/23 (22%),50%,12,42/78 (54%),19/44 (43%),5/11 (45%),50%,24,7,61,16,,1,-0.20,,,,4
12499462,35,63516,NORMAL,REGULAR,Round 1,LEAGUE,2526,FC St. Pauli,Local,1ST,25/08/2024,1,0,56%,0.44,1,4,0,0,,296,11,6,2,,1,0,3,0,2,2,0,1,,,1,1,234,11,38,,15/39 (38%),1/8 (13%),47%,6,19/37 (51%),11/27 (41%),3/5 (60%),45%,11,4,35,10,,0,,,,,2
12499462,35,63516,NORMAL,REGULAR,Round 1,LEAGUE,2526,FC St. Pauli,Local,2ND,25/08/2024,1,0,68%,0.77,2,7,1,4,,248,13,9,0,,2,0,4,1,4,3,0,2,,,0,0,203,15,37,,17/30 (57%),4/15 (27%),53%,6,23/41 (56%),8/17 (47%),2/6 (33%),54%,13,3,26,6,,1,,,,,2
12499462,35,63516,NORMAL,REGULAR,Round 1,LEAGUE,5885,1. FC Heidenheim,Visita,ALL,25/08/2024,1,2,39%,1.12,2,5,3,2,15,351,18,10,3,,3,0,2,0,3,2,2,0,,10,2,0,247,29,37,46/78 (59%),20/60 (33%),2/11 (18%),50%,13,36/78 (46%),25/44 (57%),8/19 (42%),61%,18,8,53,24,,3,0.69,,,,14
12499462,35,63516,NORMAL,REGULAR,Round 1,LEAGUE,5885,1. FC Heidenheim,Visita,1ST,25/08/2024,1,0,44%,0.03,0,1,1,1,,230,8,5,1,,0,0,1,0,0,1,0,0,,,0,0,171,17,14,,12/29 (41%),1/7 (14%),53%,5,18/37 (49%),16/27 (59%),5/11 (45%),63%,8,4,30,9,,1,,,,,7
12499462,35,63516,NORMAL,REGULAR,Round 1,LEAGUE,5885,1. FC Heidenheim,Visita,2ND,25/08/2024,1,2,32%,1.09,2,4,2,1,,121,10,5,2,,3,0,1,0,3,1,2,0,,,2,0,76,12,23,,8/31 (26%),1/4 (25%),47%,8,18/41 (44%),9/17 (53%),3/8 (38%),60%,10,4,23,15,,2,,,,,7
12499524,35,63516,NORMAL,REGULAR,Round 2,LEAGUE,2547,1. FC Union Berlin,Local,ALL,30/08/2024,2,1,40%,1.07,2,11,1,5,10,370,14,11,3,,5,0,5,1,5,6,,2,,17,2,2,274,19,49,57/94 (61%),28/64 (44%),4/24 (17%),50%,10,33/63 (52%),18/40 (45%),8/11 (73%),43%,14,7,45,22,1,1,0.04,,1,,8
12499524,35,63516,NORMAL,REGULAR,Round 2,LEAGUE,2547,1. FC Union Berlin,Local,1ST,30/08/2024,2,1,41%,0.80,2,7,0,2,,200,6,4,0,,5,0,2,0,3,4,,2,,,1,0,151,11,29,,17/32 (53%),1/8 (13%),48%,5,13/27 (48%),9/19 (47%),3/6 (50%),33%,6,3,23,2,,0,,,,,4
12499524,35,63516,NORMAL,REGULAR,Round 2,LEAGUE,2547,1. FC Union Berlin,Local,2ND,30/08/2024,2,0,38%,0.26,0,4,1,3,,170,8,7,3,,0,0,3,1,2,2,,0,,,1,2,123,8,20,,11/32 (34%),3/16 (19%),51%,5,20/36 (56%),9/21 (43%),5/5 (100%),50%,8,4,22,20,,1,,,,,4
12499524,35,63516,NORMAL,REGULAR,Round 2,LEAGUE,2526,FC St. Pauli,Visita,ALL,30/08/2024,2,0,60%,0.53,1,8,4,4,11,589,13,10,1,,1,1,4,3,5,3,,1,,15,1,3,463,30,63,68/126 (54%),27/71 (38%),4/16 (25%),50%,8,30/63 (48%),22/40 (55%),8/14 (57%),54%,13,4,44,16,1,4,-0.28,,3,,9
12499524,35,63516,NORMAL,REGULAR,Round 2,LEAGUE,2526,FC St. Pauli,Visita,1ST,30/08/2024,2,0,59%,0.27,1,2,4,1,,298,8,6,1,,0,0,1,1,2,0,,1,,,1,2,233,10,30,,14/41 (34%),0/3 (0%),52%,4,14/27 (52%),10/19 (53%),1/3 (33%),63%,8,0,20,8,,4,,,,,4
12499524,35,63516,NORMAL,REGULAR,Round 2,LEAGUE,2526,FC St. Pauli,Visita,2ND,30/08/2024,2,0,62%,0.26,0,6,0,3,,291,5,4,0,,1,1,3,2,3,3,,0,,,0,1,230,20,33,,13/30 (43%),4/13 (31%),49%,4,16/36 (44%),12/21 (57%),7/11 (64%),40%,5,4,24,8,,0,,,,,5
12499575,35,63516,NORMAL,REGULAR,Round 3,LEAGUE,2600,FC Augsburg,Local,ALL,15/09/2024,3,3,43%,2.74,6,18,2,7,12,317,12,9,4,,9,0,7,2,16,2,2,4,2,38,1,1,236,23,58,54/93 (58%),24/56 (43%),8/27 (30%),56%,7,29/55 (53%),29/48 (60%),8/10 (80%),83%,12,9,53,33,2,2,-0.19,1,2,,8
12499575,35,63516,NORMAL,REGULAR,Round 3,LEAGUE,2600,FC Augsburg,Local,1ST,15/09/2024,3,0,53%,1.00,1,11,0,5,,221,4,5,1,,4,0,6,1,10,1,0,1,0,,1,0,179,15,38,,15/31 (48%),6/20 (30%),56%,5,13/29 (45%),18/26 (69%),4/6 (67%),50%,4,4,27,9,,0,,,,,4
12499575,35,63516,NORMAL,REGULAR,Round 3,LEAGUE,2600,FC Augsburg,Local,2ND,15/09/2024,3,3,30%,1.74,5,7,2,2,,96,8,4,3,,5,0,1,1,6,1,2,3,2,,0,1,57,8,20,,9/25 (36%),2/7 (29%),56%,2,16/26 (62%),11/22 (50%),4/4 (100%),100%,8,5,26,24,,2,,,,,4
12499575,35,63516,NORMAL,REGULAR,Round 3,LEAGUE,2526,FC St. Pauli,Visita,ALL,15/09/2024,3,1,57%,0.51,0,11,5,7,10,434,9,11,3,,3,0,3,5,7,4,0,0,0,27,2,2,344,15,59,66/113 (58%),27/67 (40%),4/23 (17%),44%,7,26/55 (47%),19/48 (40%),6/11 (55%),33%,9,7,48,27,0,5,0.86,1,0,,8
12499575,35,63516,NORMAL,REGULAR,Round 3,LEAGUE,2526,FC St. Pauli,Visita,1ST,15/09/2024,3,0,47%,0.10,0,2,3,0,,209,7,5,2,,0,0,1,1,1,1,0,0,0,,0,1,162,5,27,,15/37 (41%),0/4 (0%),44%,4,16/29 (55%),8/26 (31%),4/4 (100%),43%,7,3,25,21,,3,,,,,7
12499575,35,63516,NORMAL,REGULAR,Round 3,LEAGUE,2526,FC St. Pauli,Visita,2ND,15/09/2024,3,1,70%,0.41,0,9,2,7,,225,2,6,1,,3,0,2,4,6,3,0,0,0,,2,1,182,10,32,,12/30 (40%),4/19 (21%),44%,3,10/26 (38%),11/22 (50%),2/7 (29%),0%,2,4,23,6,,2,,,,,1
12499617,35,63516,NORMAL,REGULAR,Round 4,LEAGUE,2526,FC St. Pauli,Local,ALL,22/09/2024,4,0,31%,1.38,2,17,5,3,6,325,23,8,2,,4,0,10,3,15,2,,2,1,41,2,2,231,16,62,72/118 (61%),28/66 (42%),5/17 (29%),48%,13,42/79 (53%),16/42 (38%),11/22 (50%),43%,23,7,64,21,,5,0.43,1,0,0,6
12499617,35,63516,NORMAL,REGULAR,Round 4,LEAGUE,2526,FC St. Pauli,Local,1ST,22/09/2024,4,0,35%,0.85,2,10,1,2,,184,10,3,1,,4,0,4,2,9,1,,2,0,,1,2,136,9,28,,13/30 (43%),3/11 (27%),47%,5,19/38 (50%),9/22 (41%),6/12 (50%),40%,10,3,31,13,,1,,,,,4
12499617,35,63516,NORMAL,REGULAR,Round 4,LEAGUE,2526,FC St. Pauli,Local,2ND,22/09/2024,4,0,27%,0.53,0,7,4,1,,141,13,5,1,,0,0,6,1,6,1,,0,1,,1,0,95,7,34,,15/36 (42%),2/6 (33%),49%,8,23/41 (56%),7/20 (35%),5/10 (50%),46%,13,4,33,8,,4,,,,,2
12499617,35,63516,NORMAL,REGULAR,Round 4,LEAGUE,36360,RB Leipzig,Visita,ALL,22/09/2024,4,0,69%,0.66,1,10,4,1,8,757,24,5,1,,5,0,4,1,8,2,,1,0,14,0,1,654,21,77,120/154 (78%),27/45 (60%),1/13 (8%),52%,15,37/79 (47%),26/42 (62%),8/16 (50%),63%,24,6,55,22,,4,0.78,1,2,1,10
12499617,35,63516,NORMAL,REGULAR,Round 4,LEAGUE,36360,RB Leipzig,Visita,1ST,22/09/2024,4,0,65%,0.37,1,4,4,0,,352,11,3,1,,1,0,2,1,4,0,,1,0,,0,1,299,12,28,,16/24 (67%),1/7 (14%),53%,6,19/38 (50%),13/22 (59%),5/9 (56%),73%,11,6,28,14,,4,,,,,3
12499617,35,63516,NORMAL,REGULAR,Round 4,LEAGUE,36360,RB Leipzig,Visita,2ND,22/09/2024,4,0,73%,0.30,0,6,0,1,,405,13,2,0,,4,0,2,0,4,2,,0,0,,0,0,355,9,49,,11/21 (52%),0/6 (0%),51%,9,18/41 (44%),13/20 (65%),3/7 (43%),54%,13,0,27,8,,0,,,,,7
12499633,35,63516,NORMAL,REGULAR,Round 5,LEAGUE,2538,SC Freiburg,Local,ALL,28/09/2024,5,0,73%,1.16,1,9,1,4,7,632,13,17,3,,2,0,6,1,7,2,0,1,,28,5,7,549,22,78,146/184 (79%),27/48 (56%),7/32 (22%),56%,6,37/66 (56%),24/43 (56%),7/17 (41%),62%,13,3,42,8,,1,-1.52,0,0,0,3
12499633,35,63516,NORMAL,REGULAR,Round 5,LEAGUE,2538,SC Freiburg,Local,1ST,28/09/2024,5,0,71%,0.90,1,4,0,1,,317,4,6,2,,2,0,1,1,2,2,0,1,,,2,3,280,13,38,,12/20 (60%),1/11 (9%),45%,3,12/26 (46%),8/18 (44%),2/8 (25%),50%,4,3,18,4,,0,,,,,1
12499633,35,63516,NORMAL,REGULAR,Round 5,LEAGUE,2538,SC Freiburg,Local,2ND,28/09/2024,5,0,76%,0.26,0,5,1,3,,315,9,11,1,,0,0,5,0,5,0,0,0,,,3,4,269,9,40,,15/28 (54%),6/21 (29%),63%,3,25/40 (63%),16/25 (64%),5/9 (56%),67%,9,0,24,4,,1,,,,,2
12499633,35,63516,NORMAL,REGULAR,Round 5,LEAGUE,2526,FC St. Pauli,Visita,ALL,28/09/2024,5,3,27%,1.11,2,10,2,2,18,235,16,7,3,,4,1,4,2,6,4,2,0,,15,3,1,154,15,52,42/77 (55%),26/69 (38%),2/9 (22%),44%,8,29/66 (44%),19/43 (44%),7/12 (58%),56%,16,11,38,34,,2,1.19,2,1,2,7
12499633,35,63516,NORMAL,REGULAR,Round 5,LEAGUE,2526,FC St. Pauli,Visita,1ST,28/09/2024,5,2,29%,0.87,2,8,2,1,,130,9,4,0,,2,1,4,2,5,3,2,0,,,1,1,97,6,19,,14/32 (44%),2/5 (40%),55%,1,14/26 (54%),10/18 (56%),2/5 (40%),67%,9,5,18,12,,2,,,,,2
12499633,35,63516,NORMAL,REGULAR,Round 5,LEAGUE,2526,FC St. Pauli,Visita,2ND,28/09/2024,5,1,24%,0.23,0,2,0,1,,105,7,3,3,,2,0,0,0,1,1,0,0,,,2,0,57,9,33,,12/37 (32%),0/4 (0%),37%,7,15/40 (38%),9/25 (36%),5/7 (71%),43%,7,6,20,22,,0,,,,,5
12499677,35,63516,NORMAL,REGULAR,Round 6,LEAGUE,2526,FC St. Pauli,Local,ALL,05/10/2024,6,0,55%,1.09,0,19,1,2,12,504,12,16,0,,4,0,6,9,15,4,0,,0,26,6,1,399,41,94,111/172 (65%),19/58 (33%),8/25 (32%),47%,14,37/76 (49%),17/38 (45%),9/18 (50%),58%,12,6,46,15,,1,-2.13,,,0,3
12499677,35,63516,NORMAL,REGULAR,Round 6,LEAGUE,2526,FC St. Pauli,Local,1ST,05/10/2024,6,0,62%,0.82,0,13,0,2,,267,7,8,0,,3,0,4,6,11,2,0,,0,,2,0,209,22,51,,10/35 (29%),3/12 (25%),46%,9,18/37 (49%),9/22 (41%),3/7 (43%),57%,7,2,24,5,,0,,,,,1
12499677,35,63516,NORMAL,REGULAR,Round 6,LEAGUE,2526,FC St. Pauli,Local,2ND,05/10/2024,6,0,49%,0.27,0,6,1,0,,237,5,8,0,,1,0,2,3,4,2,0,,0,,4,1,190,19,43,,9/23 (39%),5/13 (38%),49%,5,19/39 (49%),8/16 (50%),6/11 (55%),60%,5,4,22,10,,1,,,,,2
12499677,35,63516,NORMAL,REGULAR,Round 6,LEAGUE,2556,1. FSV Mainz 05,Visita,ALL,05/10/2024,6,3,45%,1.10,3,8,4,2,16,420,23,12,3,,4,0,3,1,4,4,3,,2,8,0,1,320,12,34,35/59 (59%),18/65 (28%),1/5 (20%),53%,5,39/76 (51%),21/38 (55%),5/12 (42%),61%,23,9,54,34,,4,1.03,,,3,10
12499677,35,63516,NORMAL,REGULAR,Round 6,LEAGUE,2556,1. FSV Mainz 05,Visita,1ST,05/10/2024,6,2,38%,0.77,2,4,3,1,,165,13,3,1,,2,0,1,1,2,2,2,,1,,0,0,116,4,18,,7/30 (23%),0/2 (0%),54%,2,19/37 (51%),13/22 (59%),3/8 (38%),62%,13,6,29,16,,3,,,,,6
12499677,35,63516,NORMAL,REGULAR,Round 6,LEAGUE,2556,1. FSV Mainz 05,Visita,2ND,05/10/2024,6,1,51%,0.32,1,4,1,1,,255,10,9,2,,2,0,2,0,2,2,1,,1,,0,1,204,8,16,,11/35 (31%),1/3 (33%),51%,3,20/39 (51%),8/16 (50%),2/4 (50%),60%,10,3,25,18,,1,,,,,4
12499687,35,63516,NORMAL,REGULAR,Round 7,LEAGUE,2673,Borussia Dortmund,Local,ALL,18/10/2024,7,2,75%,2.95,7,20,2,7,8,767,16,7,2,,7,0,9,4,16,4,1,6,2,26,0,1,712,21,92,168/204 (82%),30/48 (63%),10/30 (33%),51%,10,33/69 (48%),14/23 (61%),10/22 (45%),69%,16,6,41,15,1,2,-0.87,0,0,,3
12499687,35,63516,NORMAL,REGULAR,Round 7,LEAGUE,2673,Borussia Dortmund,Local,1ST,18/10/2024,7,1,76%,1.27,2,11,1,4,,387,9,4,0,,3,0,5,3,10,1,0,2,1,,0,0,359,10,50,,14/21 (67%),6/18 (33%),57%,6,17/31 (55%),8/13 (62%),4/8 (50%),56%,9,4,22,4,,1,,,,,1
12499687,35,63516,NORMAL,REGULAR,Round 7,LEAGUE,2673,Borussia Dortmund,Local,2ND,18/10/2024,7,1,75%,1.68,5,9,1,3,,380,7,3,2,,4,0,4,1,6,3,1,4,1,,0,1,353,11,42,,16/27 (59%),4/12 (33%),46%,4,16/38 (42%),6/10 (60%),6/14 (43%),86%,7,2,19,11,,1,,,,,2
12499687,35,63516,NORMAL,REGULAR,Round 7,LEAGUE,2526,FC St. Pauli,Visita,ALL,18/10/2024,7,1,25%,0.63,2,10,5,1,7,250,22,8,1,,3,0,2,5,6,4,0,2,1,14,1,1,189,21,22,32/48 (67%),14/49 (29%),2/6 (33%),49%,10,36/69 (52%),9/23 (39%),6/12 (50%),59%,22,8,37,24,0,5,0.23,1,1,,9
12499687,35,63516,NORMAL,REGULAR,Round 7,LEAGUE,2526,FC St. Pauli,Visita,1ST,18/10/2024,7,0,24%,0.21,1,4,2,1,,124,10,1,1,,1,0,1,2,2,2,0,1,1,,0,1,89,12,11,,6/26 (23%),2/2 (100%),43%,6,14/31 (45%),5/13 (38%),3/6 (50%),50%,10,1,17,12,,2,,,,,7
12499687,35,63516,NORMAL,REGULAR,Round 7,LEAGUE,2526,FC St. Pauli,Visita,2ND,18/10/2024,7,1,25%,0.42,1,6,3,0,,126,12,7,0,,2,0,1,3,4,2,0,1,0,,1,0,100,9,11,,8/23 (35%),0/4 (0%),54%,4,22/38 (58%),4/10 (40%),3/6 (50%),67%,12,7,20,12,,3,,,,,2
12499740,35,63516,NORMAL,REGULAR,Round 8,LEAGUE,2526,FC St. Pauli,Local,ALL,26/10/2024,8,0,54%,0.79,0,14,4,7,9,499,17,11,0,,5,0,3,6,9,5,,0,,25,2,2,400,19,56,75/122 (61%),17/54 (31%),6/19 (32%),51%,3,35/55 (64%),12/37 (32%),7/9 (78%),65%,17,8,31,24,2,4,2.22,1,1,,12
12499740,35,63516,NORMAL,REGULAR,Round 8,LEAGUE,2526,FC St. Pauli,Local,1ST,26/10/2024,8,0,55%,0.42,0,7,1,3,,291,13,5,0,,2,0,2,3,5,2,,0,,,0,1,236,10,28,,7/26 (27%),2/7 (29%),55%,3,22/35 (63%),7/18 (39%),4/6 (67%),69%,13,3,16,6,,1,,,,,4
12499740,35,63516,NORMAL,REGULAR,Round 8,LEAGUE,2526,FC St. Pauli,Local,2ND,26/10/2024,8,0,53%,0.37,0,7,3,4,,208,4,6,0,,3,0,1,3,4,3,,0,,,2,1,164,9,28,,10/28 (36%),4/12 (33%),46%,0,13/20 (65%),5/19 (26%),3/3 (100%),50%,4,5,15,18,,3,,,,,8
12499740,35,63516,NORMAL,REGULAR,Round 8,LEAGUE,2524,VfL Wolfsburg,Visita,ALL,26/10/2024,8,0,46%,1.09,2,9,5,6,12,433,5,9,3,,4,0,5,0,5,4,,2,,18,0,3,344,15,57,59/99 (60%),27/64 (42%),2/9 (22%),49%,10,20/55 (36%),25/37 (68%),7/14 (50%),40%,5,9,42,24,2,5,0.82,1,0,,7
12499740,35,63516,NORMAL,REGULAR,Round 8,LEAGUE,2524,VfL Wolfsburg,Visita,1ST,26/10/2024,8,0,45%,0.23,1,2,2,2,,245,5,4,0,,1,0,1,0,1,1,,1,,,0,2,201,8,30,,15/31 (48%),1/3 (33%),45%,7,13/35 (37%),11/18 (61%),4/10 (40%),40%,5,3,21,12,,2,,,,,5
12499740,35,63516,NORMAL,REGULAR,Round 8,LEAGUE,2524,VfL Wolfsburg,Visita,2ND,26/10/2024,8,0,47%,0.86,1,7,3,4,,188,0,5,3,,3,0,4,0,4,3,,1,,,0,1,143,7,27,,12/33 (36%),1/6 (17%),54%,3,7/20 (35%),14/19 (74%),3/4 (75%),0%,0,6,21,12,,3,,,,,2
12791854,217,61132,NORMAL,REGULAR,Round 2,CUP,36360,RB Leipzig,Local,ALL,29/10/2024,2,4,47%,0.00,3,9,2,3,5,557,13,7,0,,7,0,1,1,6,3,3,,0,18,,2,470,15,51,70/103 (68%),21/55 (38%),2/7 (29%),56%,8,26/49 (53%),14/23 (61%),6/13 (46%),46%,13,15,64,24,,2,,,1,,9
12791854,217,61132,NORMAL,REGULAR,Round 2,CUP,36360,RB Leipzig,Local,1ST,29/10/2024,2,3,50%,0.00,3,5,0,1,,320,7,2,0,,4,0,1,0,4,1,3,,0,,,0,278,9,27,,10/25 (40%),2/4 (50%),55%,4,13/27 (48%),8/11 (73%),4/8 (50%),29%,7,8,33,6,,0,,,,,3
12791854,217,61132,NORMAL,REGULAR,Round 2,CUP,36360,RB Leipzig,Local,2ND,29/10/2024,2,1,43%,0.00,0,4,2,2,,237,6,5,0,,3,0,0,1,2,2,0,,0,,,2,192,6,24,,11/30 (37%),0/3 (0%),56%,4,13/22 (59%),6/12 (50%),2/5 (40%),67%,6,7,31,18,,2,,,,,6
12791854,217,61132,NORMAL,REGULAR,Round 2,CUP,2526,FC St. Pauli,Visita,ALL,29/10/2024,2,2,53%,0.00,1,17,3,7,7,630,15,5,1,,4,0,7,6,10,7,1,,1,29,,1,530,19,91,109/167 (65%),48/82 (59%),4/15 (27%),44%,11,23/49 (47%),9/23 (39%),3/5 (60%),60%,15,12,60,10,,3,,,1,,3
12791854,217,61132,NORMAL,REGULAR,Round 2,CUP,2526,FC St. Pauli,Visita,1ST,29/10/2024,2,1,50%,0.00,1,2,1,1,,320,8,4,1,,1,0,1,0,2,0,1,,1,,,0,270,8,44,,28/47 (60%),0/6 (0%),45%,5,14/27 (52%),3/11 (27%),2/4 (50%),63%,8,7,29,7,,1,,,,,1
12791854,217,61132,NORMAL,REGULAR,Round 2,CUP,2526,FC St. Pauli,Visita,2ND,29/10/2024,2,1,57%,0.00,0,15,2,6,,310,7,1,0,,3,0,6,6,8,7,0,,0,,,1,260,11,47,,20/35 (57%),4/9 (44%),44%,6,9/22 (41%),6/12 (50%),1/1 (100%),57%,7,5,31,3,,2,,,,,2
12499757,35,63516,NORMAL,REGULAR,Round 9,LEAGUE,2569,TSG Hoffenheim,Local,ALL,02/11/2024,9,0,68%,0.75,2,12,1,7,10,620,13,10,0,,6,0,3,3,7,5,,2,0,28,1,2,522,37,98,118/174 (68%),37/61 (61%),7/41 (17%),50%,13,30/68 (44%),34/59 (58%),7/18 (39%),77%,13,7,58,16,,1,-0.37,0,0,0,2
12499757,35,63516,NORMAL,REGULAR,Round 9,LEAGUE,2569,TSG Hoffenheim,Local,1ST,02/11/2024,9,0,64%,0.47,2,6,0,3,,307,10,5,0,,3,0,1,2,4,2,,2,0,,1,2,265,13,42,,17/29 (59%),3/12 (25%),55%,8,19/35 (54%),15/27 (56%),4/4 (100%),80%,10,3,26,12,,0,,,,,1
12499757,35,63516,NORMAL,REGULAR,Round 9,LEAGUE,2569,TSG Hoffenheim,Local,2ND,02/11/2024,9,0,71%,0.28,0,6,1,4,,313,3,5,0,,3,0,2,1,3,3,,0,0,,0,0,257,24,56,,20/32 (63%),4/29 (14%),46%,5,11/33 (33%),19/32 (59%),3/14 (21%),67%,3,4,32,4,,1,,,,,1
12499757,35,63516,NORMAL,REGULAR,Round 9,LEAGUE,2526,FC St. Pauli,Visita,ALL,02/11/2024,9,2,32%,0.94,2,7,6,2,10,306,24,10,1,,3,1,1,3,5,2,,2,1,9,1,0,220,21,46,42/74 (57%),22/58 (38%),2/9 (22%),50%,9,38/68 (56%),25/59 (42%),6/10 (60%),63%,24,14,50,48,,6,0.59,1,1,3,8
12499757,35,63516,NORMAL,REGULAR,Round 9,LEAGUE,2526,FC St. Pauli,Visita,1ST,02/11/2024,9,1,36%,0.20,1,3,3,2,,170,8,7,0,,1,0,0,2,2,1,,1,0,,0,0,132,15,25,,9/26 (35%),1/8 (13%),45%,7,16/35 (46%),12/27 (44%),2/5 (40%),75%,8,5,23,20,,3,,,,,1
12499757,35,63516,NORMAL,REGULAR,Round 9,LEAGUE,2526,FC St. Pauli,Visita,2ND,02/11/2024,9,1,29%,0.74,1,4,3,0,,136,16,3,1,,2,1,1,1,3,1,,1,1,,1,0,88,6,21,,13/32 (41%),1/1 (100%),54%,2,22/33 (67%),13/32 (41%),4/5 (80%),56%,16,9,27,28,,3,,,,,7
12499802,35,63516,NORMAL,REGULAR,Round 10,LEAGUE,2526,FC St. Pauli,Local,ALL,09/11/2024,10,0,25%,0.08,0,3,5,5,10,268,20,7,2,,0,0,2,1,1,2,,0,0,9,1,0,197,12,38,29/57 (51%),24/49 (49%),1/12 (8%),48%,10,31/62 (50%),8/19 (42%),4/11 (36%),50%,20,14,43,26,0,5,-0.17,2,1,1,8
12499802,35,63516,NORMAL,REGULAR,Round 10,LEAGUE,2526,FC St. Pauli,Local,1ST,09/11/2024,10,0,27%,0.07,0,2,1,4,,146,11,1,0,,0,0,1,1,1,1,,0,0,,1,0,105,8,20,,14/29 (48%),1/8 (13%),46%,5,15/31 (48%),4/10 (40%),3/7 (43%),45%,11,6,24,10,,1,,,,,4
12499802,35,63516,NORMAL,REGULAR,Round 10,LEAGUE,2526,FC St. Pauli,Local,2ND,09/11/2024,10,0,23%,0.01,0,1,4,1,,122,9,6,2,,0,0,1,0,0,1,,0,0,,0,0,92,4,18,,10/20 (50%),0/4 (0%),50%,5,16/31 (52%),4/9 (44%),1/4 (25%),56%,9,8,19,16,,4,,,,,4
12499802,35,63516,NORMAL,REGULAR,Round 10,LEAGUE,2672,FC Bayern München,Visita,ALL,09/11/2024,10,1,75%,0.80,4,13,0,10,7,826,17,10,2,,6,0,4,3,7,6,,4,1,21,1,2,741,20,95,152/193 (79%),30/40 (75%),4/17 (24%),52%,8,31/62 (50%),11/19 (58%),5/17 (29%),71%,17,10,52,15,1,0,0.00,0,1,0,2
12499802,35,63516,NORMAL,REGULAR,Round 10,LEAGUE,2672,FC Bayern München,Visita,1ST,09/11/2024,10,1,73%,0.28,1,4,0,2,,423,9,5,0,,2,0,1,1,1,3,,1,0,,0,1,377,12,49,,15/21 (71%),1/3 (33%),54%,4,16/31 (52%),6/10 (60%),3/10 (30%),89%,9,8,28,8,,0,,,,,1
12499802,35,63516,NORMAL,REGULAR,Round 10,LEAGUE,2672,FC Bayern München,Visita,2ND,09/11/2024,10,0,77%,0.52,3,9,0,8,,403,8,5,2,,4,0,3,2,6,3,,3,1,,1,1,364,8,46,,15/19 (79%),3/14 (21%),50%,4,15/31 (48%),5/9 (56%),2/7 (29%),50%,8,2,24,7,,0,,,,,1
12499829,35,63516,NORMAL,REGULAR,Round 11,LEAGUE,2527,Borussia M'gladbach,Local,ALL,24/11/2024,11,2,49%,2.34,5,15,3,5,7,546,10,8,1,,4,0,7,4,12,3,2,3,2,24,0,1,481,10,36,75/96 (78%),19/39 (49%),4/15 (27%),54%,4,23/48 (48%),15/23 (65%),5/11 (45%),50%,10,16,46,32,0,3,0.41,,0,,7
12499829,35,63516,NORMAL,REGULAR,Round 11,LEAGUE,2527,Borussia M'gladbach,Local,1ST,24/11/2024,11,2,51%,1.83,3,8,0,3,,278,6,2,0,,4,0,3,1,7,1,2,1,2,,0,0,252,5,23,,12/19 (63%),2/10 (20%),56%,3,12/26 (46%),8/10 (80%),4/8 (50%),50%,6,4,24,8,,0,,,,,3
12499829,35,63516,NORMAL,REGULAR,Round 11,LEAGUE,2527,Borussia M'gladbach,Local,2ND,24/11/2024,11,0,47%,0.50,2,7,3,2,,268,4,6,1,,0,0,4,3,5,2,0,2,0,,0,1,229,5,13,,7/20 (35%),2/5 (40%),51%,1,11/22 (50%),7/13 (54%),1/3 (33%),50%,4,12,22,24,,3,,,,,4
12499829,35,63516,NORMAL,REGULAR,Round 11,LEAGUE,2526,FC St. Pauli,Visita,ALL,24/11/2024,11,0,51%,1.18,3,15,1,4,8,550,10,7,0,,3,0,7,5,11,4,0,3,0,25,2,3,481,25,64,130/170 (76%),25/41 (61%),9/32 (28%),46%,5,25/48 (52%),8/23 (35%),8/13 (62%),40%,10,9,37,15,1,1,0.14,,1,,8
12499829,35,63516,NORMAL,REGULAR,Round 11,LEAGUE,2526,FC St. Pauli,Visita,1ST,24/11/2024,11,0,49%,0.11,0,3,1,1,,260,7,1,0,,0,0,2,1,1,2,0,0,0,,0,2,229,10,27,,14/21 (67%),3/15 (20%),44%,4,14/26 (54%),2/10 (20%),6/8 (75%),14%,7,3,22,11,,1,,,,,4
12499829,35,63516,NORMAL,REGULAR,Round 11,LEAGUE,2526,FC St. Pauli,Visita,2ND,24/11/2024,11,0,53%,1.07,3,12,0,3,,290,3,6,0,,3,0,5,4,10,2,0,3,0,,2,1,252,15,37,,11/20 (55%),6/17 (35%),49%,1,11/22 (50%),6/13 (46%),2/5 (40%),100%,3,6,15,4,,0,,,,,4
12499468,35,63516,NORMAL,REGULAR,Round 12,LEAGUE,2526,FC St. Pauli,Local,ALL,29/11/2024,12,3,48%,1.33,4,11,2,4,10,410,12,11,2,,4,1,2,5,8,3,2,2,1,20,1,3,319,30,45,70/102 (69%),23/61 (38%),5/19 (26%),46%,8,29/61 (48%),13/31 (42%),6/16 (38%),75%,12,7,42,25,,2,0.67,,1,1,6
12499468,35,63516,NORMAL,REGULAR,Round 12,LEAGUE,2526,FC St. Pauli,Local,1ST,29/11/2024,12,1,62%,0.62,2,8,1,2,,262,3,6,1,,2,1,2,4,5,3,0,2,0,,1,1,215,15,20,,14/33 (42%),4/16 (25%),32%,2,10/26 (38%),2/12 (17%),1/5 (20%),67%,3,3,23,6,,1,,,,,3
12499468,35,63516,NORMAL,REGULAR,Round 12,LEAGUE,2526,FC St. Pauli,Local,2ND,29/11/2024,12,2,34%,0.71,2,3,1,2,,148,9,5,1,,2,0,0,1,3,0,2,0,1,,0,2,104,15,25,,9/28 (32%),1/3 (33%),56%,6,19/35 (54%),11/19 (58%),5/11 (45%),78%,9,4,19,19,,1,,,,,3
12499468,35,63516,NORMAL,REGULAR,Round 12,LEAGUE,2573,Holstein Kiel,Visita,ALL,29/11/2024,12,1,52%,1.18,2,10,0,4,11,454,18,9,5,,3,0,5,2,7,3,0,2,0,10,2,0,356,25,61,39/85 (46%),28/69 (41%),3/18 (17%),54%,7,32/61 (52%),18/31 (58%),5/10 (50%),67%,18,11,48,15,,0,-2.12,,0,0,3
12499468,35,63516,NORMAL,REGULAR,Round 12,LEAGUE,2573,Holstein Kiel,Visita,1ST,29/11/2024,12,0,38%,0.84,2,4,0,1,,171,6,6,4,,1,0,3,0,2,2,0,2,0,,1,0,120,11,25,,9/31 (29%),0/5 (0%),68%,2,16/26 (62%),10/12 (83%),4/5 (80%),83%,6,5,22,13,,0,,,,,2
12499468,35,63516,NORMAL,REGULAR,Round 12,LEAGUE,2573,Holstein Kiel,Visita,2ND,29/11/2024,12,1,66%,0.34,0,6,0,3,,283,12,3,1,,2,0,2,2,5,1,0,0,0,,1,0,236,14,36,,19/38 (50%),3/13 (23%),44%,5,16/35 (46%),8/19 (42%),1/5 (20%),58%,12,6,26,2,,0,,,,,1
12499477,35,63516,NORMAL,REGULAR,Round 13,LEAGUE,2681,Bayer 04 Leverkusen,Local,ALL,07/12/2024,13,2,63%,0.88,2,6,3,7,8,663,10,10,1,,2,0,2,2,4,2,2,0,2,24,1,3,588,17,54,110/146 (75%),24/49 (49%),2/9 (22%),46%,14,26/63 (41%),13/21 (62%),6/14 (43%),50%,10,6,42,15,1,3,0.34,,1,,14
12499477,35,63516,NORMAL,REGULAR,Round 13,LEAGUE,2681,Bayer 04 Leverkusen,Local,1ST,07/12/2024,13,2,70%,0.55,2,3,2,5,,397,5,6,1,,2,0,0,1,2,1,2,0,0,,1,1,360,5,23,,12/20 (60%),1/5 (20%),46%,4,14/30 (47%),3/7 (43%),3/6 (50%),20%,5,5,20,4,,2,,,,,5
12499477,35,63516,NORMAL,REGULAR,Round 13,LEAGUE,2681,Bayer 04 Leverkusen,Local,2ND,07/12/2024,13,0,54%,0.33,0,3,1,2,,266,5,4,0,,0,0,2,1,2,1,0,0,2,,0,2,228,12,31,,12/29 (41%),1/4 (25%),47%,10,12/33 (36%),10/14 (71%),3/8 (38%),80%,5,1,22,11,,1,,,,,9
12499477,35,63516,NORMAL,REGULAR,Round 13,LEAGUE,2526,FC St. Pauli,Visita,ALL,07/12/2024,13,1,37%,1.82,3,12,0,4,10,385,22,8,3,,4,0,6,2,8,4,0,3,1,18,1,2,309,22,44,73/98 (74%),16/40 (40%),4/17 (24%),54%,3,37/63 (59%),8/21 (38%),7/14 (50%),45%,22,9,44,16,1,0,-1.13,,1,,4
12499477,35,63516,NORMAL,REGULAR,Round 13,LEAGUE,2526,FC St. Pauli,Visita,1ST,07/12/2024,13,0,30%,0.36,1,2,0,0,,171,7,4,1,,2,0,0,0,1,1,0,1,0,,1,1,133,10,20,,9/24 (38%),0/5 (0%),54%,1,16/30 (53%),4/7 (57%),5/9 (56%),43%,7,6,19,9,,0,,,,,1
12499477,35,63516,NORMAL,REGULAR,Round 13,LEAGUE,2526,FC St. Pauli,Visita,2ND,07/12/2024,13,1,46%,1.46,2,10,0,4,,214,15,4,2,,2,0,6,2,7,3,0,2,1,,0,1,176,12,24,,7/16 (44%),4/12 (33%),53%,2,21/33 (64%),4/14 (29%),2/5 (40%),47%,15,3,25,7,,0,,,,,3
12499590,35,63516,NORMAL,REGULAR,Round 14,LEAGUE,2526,FC St. Pauli,Local,ALL,14/12/2024,14,0,57%,0.63,0,15,2,4,10,586,15,9,2,,4,1,5,6,5,10,0,0,,16,2,2,490,19,63,99/141 (70%),23/46 (50%),3/22 (14%),46%,8,29/62 (47%),10/23 (43%),6/14 (43%),47%,15,4,56,14,0,2,-0.27,1,1,1,4
12499590,35,63516,NORMAL,REGULAR,Round 14,LEAGUE,2526,FC St. Pauli,Local,1ST,14/12/2024,14,0,52%,0.22,0,6,1,2,,260,5,5,0,,1,0,3,2,2,4,0,0,,,1,1,213,11,24,,12/27 (44%),2/11 (18%),48%,5,13/32 (41%),7/10 (70%),3/6 (50%),40%,5,3,26,9,,1,,,,,2
12499590,35,63516,NORMAL,REGULAR,Round 14,LEAGUE,2526,FC St. Pauli,Local,2ND,14/12/2024,14,0,61%,0.41,0,9,1,2,,326,10,4,2,,3,1,2,4,3,6,0,0,,,1,1,277,8,39,,11/19 (58%),1/11 (9%),44%,3,16/30 (53%),3/13 (23%),3/8 (38%),50%,10,1,30,5,,1,,,,,2
12499590,35,63516,NORMAL,REGULAR,Round 14,LEAGUE,2534,SV Werder Bremen,Visita,ALL,14/12/2024,14,2,43%,1.02,2,8,4,5,9,453,16,10,3,,4,0,2,2,5,3,1,1,,16,0,4,373,18,43,53/87 (61%),35/69 (51%),1/11 (9%),54%,7,33/62 (53%),13/23 (57%),8/16 (50%),56%,16,15,50,26,1,4,0.18,2,0,1,8
12499590,35,63516,NORMAL,REGULAR,Round 14,LEAGUE,2534,SV Werder Bremen,Visita,1ST,14/12/2024,14,1,48%,0.15,0,2,1,3,,245,8,6,3,,2,0,0,0,1,1,0,0,,,0,3,204,10,23,,12/26 (46%),0/6 (0%),52%,3,19/32 (59%),3/10 (30%),5/7 (71%),63%,8,5,22,12,,1,,,,,4
12499590,35,63516,NORMAL,REGULAR,Round 14,LEAGUE,2534,SV Werder Bremen,Visita,2ND,14/12/2024,14,1,39%,0.87,2,6,3,2,,208,8,4,0,,2,0,2,2,4,2,1,1,,,0,1,169,8,20,,23/43 (53%),1/5 (20%),56%,4,14/30 (47%),10/13 (77%),3/9 (33%),50%,8,10,28,14,,3,,,,,4
12499596,35,63516,NORMAL,REGULAR,Round 15,LEAGUE,2677,VfB Stuttgart,Local,ALL,21/12/2024,15,0,73%,2.09,4,25,4,9,10,678,11,11,2,,5,0,7,13,22,3,0,4,0,58,1,1,603,33,73,136/179 (76%),15/37 (41%),11/36 (31%),46%,18,39/84 (46%),13/30 (43%),17/28 (61%),55%,11,5,48,14,1,4,1.99,,,,8
12499596,35,63516,NORMAL,REGULAR,Round 15,LEAGUE,2677,VfB Stuttgart,Local,1ST,21/12/2024,15,0,68%,1.05,2,12,1,5,,302,3,5,0,,3,0,3,6,10,2,0,2,0,,1,1,268,15,23,,7/18 (39%),7/14 (50%),49%,8,17/36 (47%),7/13 (54%),9/15 (60%),100%,3,2,23,9,,1,,,,,5
12499596,35,63516,NORMAL,REGULAR,Round 15,LEAGUE,2677,VfB Stuttgart,Local,2ND,21/12/2024,15,0,77%,1.05,2,13,3,4,,376,8,6,2,,2,0,4,7,12,1,0,2,0,,0,0,335,18,50,,8/19 (42%),4/22 (18%),43%,10,22/48 (46%),6/17 (35%),8/13 (62%),38%,8,3,25,5,,3,,,,,3
12499596,35,63516,NORMAL,REGULAR,Round 15,LEAGUE,2526,FC St. Pauli,Visita,ALL,21/12/2024,15,1,27%,2.16,5,11,5,1,11,261,29,9,2,,5,1,5,1,6,5,1,4,1,16,1,5,187,15,38,27/58 (47%),17/46 (37%),2/6 (33%),54%,5,45/84 (54%),17/30 (57%),7/13 (54%),76%,29,15,55,59,0,5,1.72,,,,11
12499596,35,63516,NORMAL,REGULAR,Round 15,LEAGUE,2526,FC St. Pauli,Visita,1ST,21/12/2024,15,1,32%,0.27,1,4,3,0,,144,14,4,1,,2,0,2,0,2,2,1,0,0,,0,3,111,9,21,,8/20 (40%),2/4 (50%),51%,0,19/36 (53%),6/13 (46%),1/4 (25%),71%,14,6,28,19,,3,,,,,3
12499596,35,63516,NORMAL,REGULAR,Round 15,LEAGUE,2526,FC St. Pauli,Visita,2ND,21/12/2024,15,0,23%,1.89,4,7,2,1,,117,15,5,1,,3,1,3,1,4,3,0,4,1,,1,2,76,6,17,,9/26 (35%),0/2 (0%),57%,5,26/48 (54%),11/17 (65%),6/9 (67%),80%,15,9,27,40,,2,,,,,8
12499650,35,63516,NORMAL,REGULAR,Round 16,LEAGUE,2526,FC St. Pauli,Local,ALL,11/01/2025,16,0,43%,2.25,5,18,5,3,8,433,15,7,0,,4,2,9,5,12,6,,5,,35,1,3,355,19,63,103/140 (74%),32/59 (54%),7/27 (26%),45%,8,24/56 (43%),14/28 (50%),4/13 (31%),67%,15,7,52,23,1,5,0.83,1,0,0,10
12499650,35,63516,NORMAL,REGULAR,Round 16,LEAGUE,2526,FC St. Pauli,Local,1ST,11/01/2025,16,0,36%,1.76,3,11,5,2,,182,7,3,0,,2,1,5,4,8,3,,3,,,1,1,143,9,31,,15/31 (48%),0/10 (0%),44%,4,10/24 (42%),7/15 (47%),1/3 (33%),57%,7,2,22,12,,5,,,,,7
12499650,35,63516,NORMAL,REGULAR,Round 16,LEAGUE,2526,FC St. Pauli,Local,2ND,11/01/2025,16,0,51%,0.49,2,7,0,1,,251,8,4,0,,2,1,4,1,4,3,,2,,,0,2,212,10,32,,17/28 (61%),7/17 (41%),47%,4,14/32 (44%),7/13 (54%),3/10 (30%),75%,8,5,30,11,,0,,,,,3
12499650,35,63516,NORMAL,REGULAR,Round 16,LEAGUE,2674,Eintracht Frankfurt,Visita,ALL,11/01/2025,16,1,57%,1.53,3,14,4,3,7,605,17,8,3,,6,2,6,2,11,3,,3,,30,0,2,524,14,48,68/103 (66%),19/46 (41%),3/9 (33%),55%,6,32/56 (57%),14/28 (50%),9/18 (50%),53%,17,5,46,39,2,4,1.08,1,2,1,15
12499650,35,63516,NORMAL,REGULAR,Round 16,LEAGUE,2674,Eintracht Frankfurt,Visita,1ST,11/01/2025,16,1,64%,1.43,2,12,2,2,,346,6,3,1,,6,1,5,1,10,2,,2,,,0,1,308,7,25,,7/18 (39%),3/5 (60%),56%,2,14/24 (58%),8/15 (53%),6/11 (55%),83%,6,1,26,15,,2,,,,,5
12499650,35,63516,NORMAL,REGULAR,Round 16,LEAGUE,2674,Eintracht Frankfurt,Visita,2ND,11/01/2025,16,0,49%,0.10,1,2,2,1,,259,11,5,2,,0,1,1,1,1,1,,1,,,0,1,216,7,23,,12/28 (43%),0/4 (0%),53%,4,18/32 (56%),6/13 (46%),3/7 (43%),36%,11,4,20,24,,2,,,,,10
12499678,35,63516,NORMAL,REGULAR,Round 17,LEAGUE,2542,VfL Bochum 1848,Local,ALL,15/01/2025,17,1,51%,1.45,3,13,1,6,7,380,20,15,1,0,5,0,4,4,9,4,1,2,,20,1,3,272,32,56,54/88 (61%),34/75 (45%),6/21 (29%),57%,5,40/67 (60%),34/62 (55%),7/18 (39%),55%,20,13,46,26,1,1,0.07,0,0,0,9
12499678,35,63516,NORMAL,REGULAR,Round 17,LEAGUE,2542,VfL Bochum 1848,Local,1ST,15/01/2025,17,0,53%,0.63,1,6,1,3,,207,9,8,1,0,2,0,3,1,3,3,0,1,,,0,1,154,15,28,,16/36 (44%),1/10 (10%),63%,1,19/31 (61%),20/31 (65%),3/8 (38%),67%,9,8,29,12,,1,,,,,2
12499678,35,63516,NORMAL,REGULAR,Round 17,LEAGUE,2542,VfL Bochum 1848,Local,2ND,15/01/2025,17,1,48%,0.82,2,7,0,3,,173,11,7,0,0,3,0,1,3,6,1,1,1,,,1,2,118,17,28,,18/39 (46%),5/11 (45%),52%,4,21/36 (58%),14/31 (45%),4/10 (40%),45%,11,5,17,14,,0,,,,,7
12499678,35,63516,NORMAL,REGULAR,Round 17,LEAGUE,2526,FC St. Pauli,Visita,ALL,15/01/2025,17,0,49%,0.68,2,12,4,7,15,367,16,7,3,1,1,0,7,4,6,6,0,2,,15,1,2,262,22,51,55/98 (56%),18/57 (32%),5/15 (33%),43%,10,27/67 (40%),28/62 (45%),5/15 (33%),63%,16,4,44,25,0,4,-0.20,1,2,1,10
12499678,35,63516,NORMAL,REGULAR,Round 17,LEAGUE,2526,FC St. Pauli,Visita,1ST,15/01/2025,17,0,47%,0.17,0,5,2,4,,178,6,3,0,0,1,0,2,2,3,2,0,0,,,1,2,124,11,27,,8/31 (26%),2/8 (25%),37%,4,12/31 (39%),11/31 (35%),4/9 (44%),83%,6,2,26,13,,2,,,,,6
12499678,35,63516,NORMAL,REGULAR,Round 17,LEAGUE,2526,FC St. Pauli,Visita,2ND,15/01/2025,17,0,52%,0.51,2,7,2,3,,189,10,4,3,1,0,0,5,2,3,4,0,2,,,0,0,138,11,24,,10/26 (38%),3/7 (43%),48%,6,15/36 (42%),17/31 (55%),1/6 (17%),50%,10,2,18,12,,2,,,,,4
12499702,35,63516,NORMAL,REGULAR,Round 18,LEAGUE,5885,1. FC Heidenheim,Local,ALL,18/01/2025,18,0,60%,0.66,1,8,2,4,11,554,6,18,1,,1,0,5,2,7,1,0,1,,16,2,3,448,28,61,68/122 (56%),33/64 (52%),7/14 (50%),50%,8,34/69 (49%),23/45 (51%),11/23 (48%),100%,6,9,40,30,1,2,-0.40,1,,0,6
12499702,35,63516,NORMAL,REGULAR,Round 18,LEAGUE,5885,1. FC Heidenheim,Local,1ST,18/01/2025,18,0,50%,0.39,1,3,2,0,,237,2,11,0,,0,0,3,0,3,0,0,1,,,2,1,189,9,26,,13/28 (46%),3/5 (60%),53%,3,18/33 (55%),13/26 (50%),6/11 (55%),100%,2,2,20,18,,2,,,,,2
12499702,35,63516,NORMAL,REGULAR,Round 18,LEAGUE,5885,1. FC Heidenheim,Local,2ND,18/01/2025,18,0,69%,0.27,0,5,0,4,,317,4,7,1,,1,0,2,2,4,1,0,0,,,0,2,259,19,35,,20/36 (56%),4/9 (44%),47%,5,16/36 (44%),10/19 (53%),5/12 (42%),100%,4,7,20,12,,0,,,,,4
12499702,35,63516,NORMAL,REGULAR,Round 18,LEAGUE,2526,FC St. Pauli,Visita,ALL,18/01/2025,18,2,40%,1.95,3,7,1,4,18,379,20,10,2,,4,0,1,2,5,2,2,1,,16,2,1,281,19,64,63/122 (52%),28/69 (41%),3/11 (27%),50%,1,35/69 (51%),22/45 (49%),4/9 (44%),75%,20,6,47,26,0,1,0.38,0,,1,7
12499702,35,63516,NORMAL,REGULAR,Round 18,LEAGUE,2526,FC St. Pauli,Visita,1ST,18/01/2025,18,1,50%,1.09,1,4,0,2,,235,8,4,1,,3,0,1,0,3,1,1,0,,,1,0,180,13,35,,16/36 (44%),1/7 (14%),47%,1,15/33 (45%),13/26 (50%),2/3 (67%),63%,8,5,17,8,,0,,,,,5
12499702,35,63516,NORMAL,REGULAR,Round 18,LEAGUE,2526,FC St. Pauli,Visita,2ND,18/01/2025,18,1,31%,0.86,2,3,1,2,,144,12,6,1,,1,0,0,2,2,1,1,1,,,1,1,101,6,29,,12/33 (36%),2/4 (50%),53%,0,20/36 (56%),9/19 (47%),2/6 (33%),83%,12,1,30,18,,1,,,,,2
12499745,35,63516,NORMAL,REGULAR,Round 19,LEAGUE,2526,FC St. Pauli,Local,ALL,26/01/2025,19,3,44%,1.24,4,16,2,5,6,389,11,15,0,,5,1,3,8,13,3,2,2,2,29,2,1,300,15,33,54/78 (69%),16/55 (29%),7/17 (41%),50%,8,27/51 (53%),18/39 (46%),1/5 (20%),64%,11,8,45,30,1,2,0.44,1,1,1,13
12499745,35,63516,NORMAL,REGULAR,Round 19,LEAGUE,2526,FC St. Pauli,Local,1ST,26/01/2025,19,1,47%,0.67,3,9,1,5,,185,4,6,0,,2,0,2,5,7,2,1,2,2,,2,1,144,9,12,,7/21 (33%),6/12 (50%),51%,3,10/20 (50%),12/23 (52%),0/2 (0%),75%,4,4,19,10,,1,,,,,5
12499745,35,63516,NORMAL,REGULAR,Round 19,LEAGUE,2526,FC St. Pauli,Local,2ND,26/01/2025,19,2,42%,0.56,1,7,1,0,,204,7,9,0,,3,1,1,3,6,1,1,0,0,,0,0,156,6,21,,9/34 (26%),1/5 (20%),49%,5,17/31 (55%),6/16 (38%),1/3 (33%),57%,7,4,26,20,,1,,,,,8
12499745,35,63516,NORMAL,REGULAR,Round 19,LEAGUE,2547,1. FC Union Berlin,Visita,ALL,26/01/2025,19,0,56%,1.08,1,14,2,7,15,498,12,6,3,,2,0,9,3,11,3,0,1,0,17,2,0,409,25,58,57/98 (58%),27/62 (44%),7/17 (41%),50%,8,24/51 (47%),21/39 (54%),6/9 (67%),58%,12,2,43,20,1,2,-1.42,1,0,0,7
12499745,35,63516,NORMAL,REGULAR,Round 19,LEAGUE,2547,1. FC Union Berlin,Visita,1ST,26/01/2025,19,0,53%,0.31,0,5,1,3,,219,5,2,1,,1,0,4,0,4,1,0,0,0,,1,0,177,16,25,,18/37 (49%),2/5 (40%),49%,2,10/20 (50%),11/23 (48%),3/5 (60%),60%,5,0,14,14,,1,,,,,4
12499745,35,63516,NORMAL,REGULAR,Round 19,LEAGUE,2547,1. FC Union Berlin,Visita,2ND,26/01/2025,19,0,58%,0.77,1,9,1,4,,279,7,4,2,,1,0,5,3,7,2,0,1,0,,1,0,232,9,33,,9/25 (36%),5/12 (42%),51%,6,14/31 (45%),10/16 (63%),3/4 (75%),57%,7,2,29,6,,1,,,,,3
12499776,35,63516,NORMAL,REGULAR,Round 20,LEAGUE,2526,FC St. Pauli,Local,ALL,01/02/2025,20,1,45%,0.80,2,6,0,3,16,419,21,18,1,,1,0,2,3,4,2,,2,,23,1,3,324,19,46,61/101 (60%),21/52 (40%),5/19 (26%),55%,4,37/63 (59%),13/28 (46%),0/3 (0%),76%,21,8,51,23,,0,-0.25,,1,,2
12499776,35,63516,NORMAL,REGULAR,Round 20,LEAGUE,2526,FC St. Pauli,Local,1ST,01/02/2025,20,1,48%,0.66,2,5,0,1,,245,12,7,0,,1,0,2,2,3,2,,2,,,0,3,196,7,19,,9/29 (31%),3/5 (60%),50%,3,18/33 (55%),2/7 (29%),0/3 (0%),75%,12,5,32,8,,0,,,,,0
12499776,35,63516,NORMAL,REGULAR,Round 20,LEAGUE,2526,FC St. Pauli,Local,2ND,01/02/2025,20,0,41%,0.14,0,1,0,2,,174,9,11,1,,0,0,0,1,1,0,,0,,,1,0,128,12,27,,12/23 (52%),2/14 (14%),59%,1,19/30 (63%),11/21 (52%),0/0 (0%),78%,9,3,19,15,,0,,,,,2
12499776,35,63516,NORMAL,REGULAR,Round 20,LEAGUE,2600,FC Augsburg,Visita,ALL,01/02/2025,20,1,55%,0.32,1,2,1,1,18,524,7,16,3,,1,0,1,0,2,0,,1,,12,1,1,438,25,56,55/97 (57%),26/45 (58%),4/12 (33%),45%,11,26/63 (41%),15/28 (54%),5/15 (33%),57%,7,11,48,22,,1,-0.62,,1,,5
12499776,35,63516,NORMAL,REGULAR,Round 20,LEAGUE,2600,FC Augsburg,Visita,1ST,01/02/2025,20,0,52%,0.00,0,0,1,1,,267,6,8,0,,0,0,0,0,0,0,,0,,,1,0,216,13,28,,16/26 (62%),0/4 (0%),50%,7,15/33 (45%),5/7 (71%),2/7 (29%),50%,6,4,24,4,,1,,,,,2
12499776,35,63516,NORMAL,REGULAR,Round 20,LEAGUE,2600,FC Augsburg,Visita,2ND,01/02/2025,20,1,59%,0.32,1,2,0,0,,257,1,8,3,,1,0,1,0,2,0,,1,,,0,1,222,12,28,,10/19 (53%),4/8 (50%),41%,4,11/30 (37%),10/21 (48%),3/8 (38%),100%,1,7,24,18,,0,,,,,3
12499782,35,63516,NORMAL,REGULAR,Round 21,LEAGUE,36360,RB Leipzig,Local,ALL,09/02/2025,21,2,56%,1.54,5,11,4,5,12,569,10,8,2,1,6,0,3,2,11,0,2,3,3,29,2,2,503,26,42,50/82 (61%),19/43 (44%),4/13 (31%),40%,16,28/63 (44%),10/32 (31%),10/16 (63%),60%,10,3,50,33,,4,0.57,1,2,,3
12499782,35,63516,NORMAL,REGULAR,Round 21,LEAGUE,36360,RB Leipzig,Local,1ST,09/02/2025,21,2,65%,0.77,2,2,1,2,,362,4,5,1,0,2,0,0,0,2,0,2,0,1,,1,1,332,14,23,,11/19 (58%),2/7 (29%),40%,6,14/28 (50%),3/14 (21%),5/7 (71%),50%,4,2,21,13,,1,,,,,1
12499782,35,63516,NORMAL,REGULAR,Round 21,LEAGUE,36360,RB Leipzig,Local,2ND,09/02/2025,21,0,45%,0.77,3,9,3,3,,207,6,3,1,1,4,0,3,2,9,0,0,3,2,,1,1,171,12,19,,8/24 (33%),2/6 (33%),40%,10,14/35 (40%),7/18 (39%),5/9 (56%),67%,6,1,29,20,,3,,,,,2
12499782,35,63516,NORMAL,REGULAR,Round 21,LEAGUE,2526,FC St. Pauli,Visita,ALL,09/02/2025,21,0,44%,0.57,2,7,3,4,8,440,22,12,2,0,4,2,2,1,5,2,0,2,0,23,5,3,359,20,54,82/121 (68%),18/42 (43%),3/18 (17%),60%,5,35/63 (56%),22/32 (69%),2/7 (29%),55%,22,1,39,18,,3,0.27,0,1,,5
12499782,35,63516,NORMAL,REGULAR,Round 21,LEAGUE,2526,FC St. Pauli,Visita,1ST,09/02/2025,21,0,35%,0.19,0,2,0,2,,191,8,6,1,0,1,2,1,0,2,0,0,0,0,,2,2,151,10,16,,9/22 (41%),0/5 (0%),60%,3,14/28 (50%),11/14 (79%),1/2 (50%),63%,8,1,17,10,,0,,,,,1
12499782,35,63516,NORMAL,REGULAR,Round 21,LEAGUE,2526,FC St. Pauli,Visita,2ND,09/02/2025,21,0,55%,0.38,2,5,3,2,,249,14,6,1,0,3,0,1,1,3,2,0,2,0,,3,1,208,10,38,,9/20 (45%),3/13 (23%),60%,2,21/35 (60%),11/18 (61%),1/5 (20%),50%,14,0,22,8,,3,,,,,4
12499838,35,63516,NORMAL,REGULAR,Round 22,LEAGUE,2526,FC St. Pauli,Local,ALL,15/02/2025,22,0,54%,0.17,0,5,3,2,10,519,12,10,1,,1,0,4,0,3,2,,0,0,14,1,0,427,24,50,61/104 (59%),20/54 (37%),4/19 (21%),48%,10,27/57 (47%),21/43 (49%),6/12 (50%),58%,12,6,43,35,,3,0.32,1,0,,4
12499838,35,63516,NORMAL,REGULAR,Round 22,LEAGUE,2526,FC St. Pauli,Local,1ST,15/02/2025,22,0,59%,0.04,0,2,2,0,,294,7,6,0,,1,0,1,0,1,1,,0,0,,0,0,255,8,19,,10/23 (43%),2/5 (40%),53%,6,16/30 (53%),14/27 (52%),3/7 (43%),57%,7,4,24,14,,2,,,,,1
12499838,35,63516,NORMAL,REGULAR,Round 22,LEAGUE,2526,FC St. Pauli,Local,2ND,15/02/2025,22,0,48%,0.13,0,3,1,2,,225,5,4,1,,0,0,3,0,2,1,,0,0,,1,0,172,16,31,,10/31 (32%),2/14 (14%),42%,4,11/27 (41%),7/16 (44%),3/5 (60%),60%,5,2,19,21,,1,,,,,3
12499838,35,63516,NORMAL,REGULAR,Round 22,LEAGUE,2538,SC Freiburg,Visita,ALL,15/02/2025,22,1,46%,1.26,2,5,1,6,10,447,16,9,0,,3,0,2,0,2,3,,2,1,11,2,5,358,17,52,52/100 (52%),20/51 (39%),2/14 (14%),52%,6,30/57 (53%),22/43 (51%),5/11 (45%),56%,16,8,41,22,,1,0.03,0,2,,5
12499838,35,63516,NORMAL,REGULAR,Round 22,LEAGUE,2538,SC Freiburg,Visita,1ST,15/02/2025,22,0,41%,1.18,2,3,1,2,,201,10,4,0,,2,0,1,0,2,1,,2,1,,2,4,158,11,26,,12/26 (46%),1/3 (33%),47%,5,14/30 (47%),13/27 (48%),0/2 (0%),50%,10,3,19,8,,1,,,,,1
12499838,35,63516,NORMAL,REGULAR,Round 22,LEAGUE,2538,SC Freiburg,Visita,2ND,15/02/2025,22,1,52%,0.08,0,2,0,4,,246,6,5,0,,1,0,1,0,0,2,,0,0,,0,1,200,6,26,,8/25 (32%),1/11 (9%),58%,1,16/27 (59%),9/16 (56%),5/9 (56%),67%,6,5,22,14,,0,,,,,4
12499395,35,63516,NORMAL,REGULAR,Round 23,LEAGUE,2556,1. FSV Mainz 05,Local,ALL,22/02/2025,23,2,53%,1.22,2,10,0,6,9,427,14,10,3,,5,0,1,4,7,3,2,0,1,16,2,6,332,26,87,86/149 (58%),28/69 (41%),5/13 (38%),54%,9,37/66 (56%),23/46 (50%),14/22 (64%),64%,14,7,45,27,1,0,0.00,,3,,10
12499395,35,63516,NORMAL,REGULAR,Round 23,LEAGUE,2556,1. FSV Mainz 05,Local,1ST,22/02/2025,23,0,55%,0.10,0,2,0,1,,249,8,4,1,,1,0,0,1,2,0,0,0,0,,0,0,192,15,46,,11/38 (29%),1/4 (25%),50%,8,18/33 (55%),10/23 (43%),7/10 (70%),63%,8,3,22,9,,0,,,,,4
12499395,35,63516,NORMAL,REGULAR,Round 23,LEAGUE,2556,1. FSV Mainz 05,Local,2ND,22/02/2025,23,2,51%,1.13,2,8,0,5,,178,6,6,2,,4,0,1,3,5,3,2,0,1,,2,6,140,11,41,,17/31 (55%),4/9 (44%),57%,1,19/33 (58%),13/23 (57%),7/12 (58%),67%,6,4,23,18,,0,,,,,6
12499395,35,63516,NORMAL,REGULAR,Round 23,LEAGUE,2526,FC St. Pauli,Visita,ALL,22/02/2025,23,0,47%,0.84,2,12,3,5,10,373,17,9,3,,0,1,9,3,8,4,0,2,3,18,4,1,297,22,54,58/96 (60%),26/56 (46%),8/20 (40%),46%,11,29/66 (44%),23/46 (50%),3/6 (50%),59%,17,16,52,33,0,3,-0.64,,0,,2
12499395,35,63516,NORMAL,REGULAR,Round 23,LEAGUE,2526,FC St. Pauli,Visita,1ST,22/02/2025,23,0,45%,0.36,0,7,1,2,,201,11,3,1,,0,1,4,3,3,4,0,0,3,,2,1,167,8,28,,13/24 (54%),3/8 (38%),50%,5,15/33 (45%),13/23 (57%),1/4 (25%),45%,11,9,31,20,,1,,,,,1
12499395,35,63516,NORMAL,REGULAR,Round 23,LEAGUE,2526,FC St. Pauli,Visita,2ND,22/02/2025,23,0,49%,0.48,2,5,2,3,,172,6,6,2,,0,0,5,0,5,0,0,2,0,,2,0,130,14,26,,13/32 (41%),5/12 (42%),43%,6,14/33 (42%),10/23 (43%),2/2 (100%),83%,6,7,21,13,,2,,,,,1
12499410,35,63516,NORMAL,REGULAR,Round 24,LEAGUE,2526,FC St. Pauli,Local,ALL,01/03/2025,24,0,43%,0.41,0,7,1,7,11,407,15,13,1,,1,0,3,3,5,2,0,0,,13,3,5,323,21,55,75/111 (68%),27/50 (54%),2/19 (11%),47%,12,34/74 (46%),19/38 (50%),7/16 (44%),60%,15,5,45,20,2,1,-0.66,0,1,0,6
12499410,35,63516,NORMAL,REGULAR,Round 24,LEAGUE,2526,FC St. Pauli,Local,1ST,01/03/2025,24,0,38%,0.23,0,3,1,5,,174,9,8,0,,0,0,3,0,3,0,0,0,,,2,3,143,7,22,,14/28 (50%),2/13 (15%),53%,6,22/41 (54%),11/21 (52%),6/10 (60%),56%,9,2,21,12,,1,,,,,3
12499410,35,63516,NORMAL,REGULAR,Round 24,LEAGUE,2526,FC St. Pauli,Local,2ND,01/03/2025,24,0,48%,0.18,0,4,0,2,,233,6,5,1,,1,0,0,3,2,2,0,0,,,1,2,180,14,33,,13/22 (59%),0/6 (0%),40%,6,12/33 (36%),8/17 (47%),1/6 (17%),67%,6,3,24,8,,0,,,,,3
12499410,35,63516,NORMAL,REGULAR,Round 24,LEAGUE,2673,Borussia Dortmund,Visita,ALL,01/03/2025,24,2,57%,1.66,4,14,1,1,13,549,21,11,2,,3,0,6,5,12,2,2,2,,29,1,2,463,28,55,66/96 (69%),32/64 (50%),0/9 (0%),53%,8,40/74 (54%),19/38 (50%),9/16 (56%),62%,21,8,47,39,1,1,0.46,1,0,1,6
12499410,35,63516,NORMAL,REGULAR,Round 24,LEAGUE,2673,Borussia Dortmund,Visita,1ST,01/03/2025,24,0,62%,0.40,1,7,0,1,,299,10,6,1,,1,0,3,3,6,1,0,1,,,0,0,261,12,33,,13/27 (48%),0/4 (0%),47%,6,19/41 (46%),10/21 (48%),4/7 (57%),70%,10,4,17,16,,0,,,,,4
12499410,35,63516,NORMAL,REGULAR,Round 24,LEAGUE,2673,Borussia Dortmund,Visita,2ND,01/03/2025,24,2,52%,1.26,3,7,1,0,,250,11,5,1,,2,0,3,2,6,1,2,1,,,1,2,202,16,22,,19/37 (51%),0/5 (0%),60%,2,21/33 (64%),9/17 (53%),5/9 (56%),55%,11,4,30,23,,1,,,,,2
12499421,35,63516,NORMAL,REGULAR,Round 25,LEAGUE,2524,VfL Wolfsburg,Local,ALL,08/03/2025,25,1,58%,1.96,2,16,3,6,11,484,7,12,1,,4,0,9,3,12,4,1,1,1,26,3,3,405,18,69,95/134 (71%),46/77 (60%),7/19 (37%),51%,4,29/59 (49%),19/35 (54%),9/20 (45%),71%,7,8,38,14,1,3,0.11,1,1,1,9
12499421,35,63516,NORMAL,REGULAR,Round 25,LEAGUE,2524,VfL Wolfsburg,Local,1ST,08/03/2025,25,0,60%,0.52,0,6,1,6,,262,2,5,0,,0,0,5,1,5,1,0,0,1,,1,1,212,13,36,,25/43 (58%),4/12 (33%),53%,1,11/24 (46%),13/21 (62%),4/10 (40%),50%,2,0,17,7,,1,,,,,7
12499421,35,63516,NORMAL,REGULAR,Round 25,LEAGUE,2524,VfL Wolfsburg,Local,2ND,08/03/2025,25,1,56%,1.43,2,10,2,0,,222,5,7,1,,4,0,4,2,7,3,1,1,0,,2,2,193,5,33,,21/34 (62%),3/7 (43%),49%,3,18/35 (51%),6/14 (43%),5/10 (50%),80%,5,8,21,7,,2,,,,,2
12499421,35,63516,NORMAL,REGULAR,Round 25,LEAGUE,2526,FC St. Pauli,Visita,ALL,08/03/2025,25,1,42%,1.64,1,14,3,6,13,348,15,11,0,,4,0,6,4,9,5,1,0,0,23,0,3,262,20,50,58/93 (62%),17/46 (37%),5/17 (29%),49%,3,30/59 (51%),16/35 (46%),6/10 (60%),67%,15,7,31,24,0,3,0.41,2,0,0,11
12499421,35,63516,NORMAL,REGULAR,Round 25,LEAGUE,2526,FC St. Pauli,Visita,1ST,08/03/2025,25,1,40%,1.28,1,8,0,3,,174,7,4,0,,2,0,5,1,5,3,1,0,0,,0,2,133,5,25,,6/21 (29%),3/11 (27%),47%,1,13/24 (54%),8/21 (38%),2/3 (67%),71%,7,4,18,13,,0,,,,,6
12499421,35,63516,NORMAL,REGULAR,Round 25,LEAGUE,2526,FC St. Pauli,Visita,2ND,08/03/2025,25,0,44%,0.36,0,6,3,3,,174,8,7,0,,2,0,1,3,4,2,0,0,0,,0,1,129,15,25,,11/25 (44%),2/6 (33%),51%,2,17/35 (49%),8/14 (57%),4/7 (57%),63%,8,3,13,11,,3,,,,,5
12499439,35,63516,NORMAL,REGULAR,Round 26,LEAGUE,2526,FC St. Pauli,Local,ALL,14/03/2025,26,1,44%,2.01,3,10,0,11,6,369,6,8,0,,5,0,2,3,7,3,1,2,,19,4,2,272,23,56,56/101 (55%),23/61 (38%),8/22 (36%),40%,16,17/48 (35%),19/41 (46%),3/7 (43%),67%,6,10,48,43,1,0,0.00,0,1,1,5
12499439,35,63516,NORMAL,REGULAR,Round 26,LEAGUE,2526,FC St. Pauli,Local,1ST,14/03/2025,26,0,47%,0.70,1,5,0,3,,211,2,3,0,,2,0,1,2,3,2,0,1,,,2,0,161,10,28,,13/30 (43%),4/9 (44%),41%,8,5/20 (25%),12/21 (57%),0/2 (0%),100%,2,5,29,13,,0,,,,,0
12499439,35,63516,NORMAL,REGULAR,Round 26,LEAGUE,2526,FC St. Pauli,Local,2ND,14/03/2025,26,1,40%,1.30,2,5,0,8,,158,4,5,0,,3,0,1,1,4,1,1,1,,,2,2,111,13,28,,10/31 (32%),4/13 (31%),40%,8,12/28 (43%),7/20 (35%),3/5 (60%),50%,4,5,19,30,,0,,,,,5
12499439,35,63516,NORMAL,REGULAR,Round 26,LEAGUE,2569,TSG Hoffenheim,Visita,ALL,14/03/2025,26,0,56%,0.17,0,4,4,2,8,487,20,6,1,,0,0,2,2,2,2,0,0,,14,1,3,376,27,64,60/108 (56%),27/73 (37%),4/19 (21%),60%,3,31/48 (65%),22/41 (54%),5/8 (63%),60%,20,8,46,38,0,4,0.40,1,1,1,6
12499439,35,63516,NORMAL,REGULAR,Round 26,LEAGUE,2569,TSG Hoffenheim,Visita,1ST,14/03/2025,26,0,53%,0.04,0,1,2,1,,239,10,5,0,,0,0,0,1,0,1,0,0,,,1,2,179,15,26,,14/43 (33%),0/4 (0%),59%,1,15/20 (75%),9/21 (43%),0/1 (0%),50%,10,1,22,19,,2,,,,,4
12499439,35,63516,NORMAL,REGULAR,Round 26,LEAGUE,2569,TSG Hoffenheim,Visita,2ND,14/03/2025,26,0,60%,0.13,0,3,2,1,,248,10,1,1,,0,0,2,1,2,1,0,0,,,0,1,197,12,38,,13/30 (43%),4/15 (27%),60%,2,16/28 (57%),13/20 (65%),5/7 (71%),70%,10,7,24,19,,2,,,,,2
12499443,35,63516,NORMAL,REGULAR,Round 27,LEAGUE,2672,FC Bayern München,Local,ALL,29/03/2025,27,3,66%,3.57,7,19,2,5,13,699,16,4,3,,9,1,5,5,16,3,3,4,3,42,0,2,625,21,94,159/206 (77%),25/47 (53%),3/11 (27%),44%,6,26/60 (43%),11/24 (46%),6/18 (33%),69%,16,4,45,20,,2,-0.28,1,2,0,6
12499443,35,63516,NORMAL,REGULAR,Round 27,LEAGUE,2672,FC Bayern München,Local,1ST,29/03/2025,27,1,68%,2.09,4,12,1,3,,370,8,3,2,,5,0,2,5,10,2,1,3,1,,0,2,330,12,49,,14/23 (61%),3/7 (43%),40%,4,15/36 (42%),5/14 (36%),4/11 (36%),75%,8,1,26,12,,1,,,,,3
12499443,35,63516,NORMAL,REGULAR,Round 27,LEAGUE,2672,FC Bayern München,Local,2ND,29/03/2025,27,2,63%,1.48,3,7,1,2,,329,8,1,1,,4,1,3,0,6,1,2,1,2,,0,0,295,9,45,,11/24 (46%),0/4 (0%),50%,2,11/24 (46%),6/10 (60%),2/7 (29%),63%,8,3,19,8,,1,,,,,3
12499443,35,63516,NORMAL,REGULAR,Round 27,LEAGUE,2526,FC St. Pauli,Visita,ALL,29/03/2025,27,2,34%,0.97,1,10,5,4,4,352,18,13,0,,4,1,3,3,5,5,1,0,0,17,2,2,278,14,44,57/88 (65%),25/54 (46%),5/18 (28%),56%,10,34/60 (57%),13/24 (54%),3/9 (33%),72%,18,12,50,21,,5,0.69,1,0,1,7
12499443,35,63516,NORMAL,REGULAR,Round 27,LEAGUE,2526,FC St. Pauli,Visita,1ST,29/03/2025,27,1,32%,0.71,1,5,3,2,,167,11,8,0,,2,1,2,1,2,3,1,0,0,,2,0,133,6,22,,14/31 (45%),3/10 (30%),60%,6,21/36 (58%),9/14 (64%),2/4 (50%),82%,11,8,27,15,,3,,,,,2
12499443,35,63516,NORMAL,REGULAR,Round 27,LEAGUE,2526,FC St. Pauli,Visita,2ND,29/03/2025,27,1,37%,0.27,0,5,2,2,,185,7,5,0,,2,0,1,2,3,2,0,0,0,,0,2,145,8,22,,11/23 (48%),2/8 (25%),50%,4,13/24 (54%),4/10 (40%),1/5 (20%),57%,7,4,23,6,,2,,,,,5
12499467,35,63516,NORMAL,REGULAR,Round 28,LEAGUE,2526,FC St. Pauli,Local,ALL,06/04/2025,28,1,64%,1.94,3,26,2,11,6,549,13,13,0,,9,0,6,11,12,14,,3,,37,4,,470,20,78,158/208 (76%),17/47 (36%),5/38 (13%),57%,5,30/47 (64%),16/34 (47%),5/8 (63%),69%,13,4,61,10,,2,-0.14,0,0,0,4
12499467,35,63516,NORMAL,REGULAR,Round 28,LEAGUE,2526,FC St. Pauli,Local,1ST,06/04/2025,28,0,56%,1.09,1,11,1,2,,255,7,6,0,,3,0,2,6,4,7,,1,,,2,,221,8,36,,10/27 (37%),1/16 (6%),53%,2,14/22 (64%),4/12 (33%),1/2 (50%),71%,7,2,30,5,,1,,,,,1
12499467,35,63516,NORMAL,REGULAR,Round 28,LEAGUE,2526,FC St. Pauli,Local,2ND,06/04/2025,28,1,72%,0.85,2,15,1,9,,294,6,7,0,,6,0,4,5,8,7,,2,,,2,,249,12,42,,7/20 (35%),4/22 (18%),60%,3,16/25 (64%),12/22 (55%),4/6 (67%),67%,6,2,31,5,,1,,,,,3
12499467,35,63516,NORMAL,REGULAR,Round 28,LEAGUE,2527,Borussia M'gladbach,Visita,ALL,06/04/2025,28,1,36%,0.57,2,5,8,2,13,322,8,6,2,,3,0,2,0,4,1,,2,,11,0,,243,18,32,24/51 (47%),24/52 (46%),4/8 (50%),43%,6,17/47 (36%),18/34 (53%),3/10 (30%),38%,8,5,55,56,,8,1.06,1,9,3,11
12499467,35,63516,NORMAL,REGULAR,Round 28,LEAGUE,2527,Borussia M'gladbach,Visita,1ST,06/04/2025,28,1,44%,0.13,1,3,3,2,,203,3,4,0,,2,0,1,0,2,1,,1,,,0,,165,8,11,,14/24 (58%),2/5 (40%),47%,3,8/22 (36%),8/12 (67%),1/5 (20%),33%,3,1,30,23,,3,,,,,5
12499467,35,63516,NORMAL,REGULAR,Round 28,LEAGUE,2527,Borussia M'gladbach,Visita,2ND,06/04/2025,28,0,28%,0.44,1,2,5,0,,119,5,2,2,,1,0,1,0,2,0,,1,,,0,,78,10,21,,10/28 (36%),2/3 (67%),40%,3,9/25 (36%),10/22 (45%),2/5 (40%),40%,5,4,25,33,,5,,,,,6
12499481,35,63516,NORMAL,REGULAR,Round 29,LEAGUE,2573,Holstein Kiel,Local,ALL,12/04/2025,29,1,52%,0.50,1,6,5,3,15,424,15,11,3,,2,1,3,1,3,3,0,1,,7,2,0,344,18,52,36/77 (47%),23/56 (41%),0/11 (0%),49%,6,27/59 (46%),18/33 (55%),2/8 (25%),47%,15,5,28,46,0,5,-0.61,,0,1,10
12499481,35,63516,NORMAL,REGULAR,Round 29,LEAGUE,2573,Holstein Kiel,Local,1ST,12/04/2025,29,1,52%,0.50,1,6,2,2,,229,10,4,0,,2,1,3,1,3,3,0,1,,,1,0,194,10,23,,11/23 (48%),0/7 (0%),49%,4,16/31 (52%),7/16 (44%),2/4 (50%),40%,10,2,16,24,,2,,,,,1
12499481,35,63516,NORMAL,REGULAR,Round 29,LEAGUE,2573,Holstein Kiel,Local,2ND,12/04/2025,29,0,52%,0.00,0,0,3,1,,195,5,7,3,,0,0,0,0,0,0,0,0,,,1,0,150,8,29,,12/33 (36%),0/4 (0%),49%,2,11/28 (39%),11/17 (65%),0/4 (0%),60%,5,3,12,22,,3,,,,,9
12499481,35,63516,NORMAL,REGULAR,Round 29,LEAGUE,2526,FC St. Pauli,Visita,ALL,12/04/2025,29,2,48%,1.22,2,14,1,3,11,386,12,15,4,,6,0,4,4,10,4,1,1,,20,3,5,324,30,53,58/93 (62%),19/55 (35%),3/16 (19%),51%,6,32/59 (54%),15/33 (45%),6/15 (40%),58%,12,7,35,28,1,1,-0.29,,1,2,4
12499481,35,63516,NORMAL,REGULAR,Round 29,LEAGUE,2526,FC St. Pauli,Visita,1ST,12/04/2025,29,1,48%,0.41,1,8,1,2,,211,6,6,1,,3,0,2,3,5,3,1,0,,,1,3,186,17,22,,11/27 (41%),3/7 (43%),51%,3,15/31 (48%),9/16 (56%),4/11 (36%),50%,6,4,14,11,,1,,,,,2
12499481,35,63516,NORMAL,REGULAR,Round 29,LEAGUE,2526,FC St. Pauli,Visita,2ND,12/04/2025,29,1,48%,0.81,1,6,0,1,,175,6,9,3,,3,0,2,1,5,1,0,1,,,2,2,138,13,31,,8/28 (29%),0/9 (0%),51%,3,17/28 (61%),6/17 (35%),2/4 (50%),67%,6,3,21,17,,0,,,,,2
12499494,35,63516,NORMAL,REGULAR,Round 30,LEAGUE,2526,FC St. Pauli,Local,ALL,20/04/2025,30,1,42%,1.09,2,10,3,4,12,427,14,12,1,,5,0,3,2,5,5,1,1,2,21,4,1,348,21,52,88/120 (73%),17/56 (30%),4/17 (24%),54%,5,27/48 (56%),16/32 (50%),3/5 (60%),36%,14,6,45,23,,3,0.53,1,1,1,5
12499494,35,63516,NORMAL,REGULAR,Round 30,LEAGUE,2526,FC St. Pauli,Local,1ST,20/04/2025,30,0,41%,0.53,1,4,0,0,,230,7,4,0,,2,0,2,0,3,1,0,1,2,,1,0,181,10,31,,10/34 (29%),3/5 (60%),51%,3,12/26 (46%),9/15 (60%),1/2 (50%),43%,7,3,28,13,,0,,,,,3
12499494,35,63516,NORMAL,REGULAR,Round 30,LEAGUE,2526,FC St. Pauli,Local,2ND,20/04/2025,30,1,44%,0.55,1,6,3,4,,197,7,8,1,,3,0,1,2,2,4,1,0,0,,3,1,167,11,21,,7/22 (32%),1/12 (8%),56%,2,15/22 (68%),7/17 (41%),2/3 (67%),29%,7,3,17,10,,3,,,,,2
12499494,35,63516,NORMAL,REGULAR,Round 30,LEAGUE,2681,Bayer 04 Leverkusen,Visita,ALL,20/04/2025,30,1,58%,0.77,2,6,4,4,12,585,7,12,4,,4,0,2,0,4,2,1,1,1,23,3,2,502,14,56,109/145 (75%),16/39 (41%),5/17 (29%),46%,4,21/48 (44%),16/32 (50%),3/13 (23%),57%,7,2,48,32,,4,0.20,2,0,1,6
12499494,35,63516,NORMAL,REGULAR,Round 30,LEAGUE,2681,Bayer 04 Leverkusen,Visita,1ST,20/04/2025,30,1,59%,0.54,2,2,2,2,,327,4,9,0,,1,0,1,0,2,0,1,1,0,,2,0,278,3,34,,8/20 (40%),3/10 (30%),49%,3,14/26 (54%),6/15 (40%),1/5 (20%),75%,4,1,29,9,,2,,,,,3
12499494,35,63516,NORMAL,REGULAR,Round 30,LEAGUE,2681,Bayer 04 Leverkusen,Visita,2ND,20/04/2025,30,0,56%,0.23,0,4,2,2,,258,3,3,4,,3,0,1,0,2,2,0,0,1,,1,2,224,11,22,,8/19 (42%),2/7 (29%),44%,1,7/22 (32%),10/17 (59%),2/8 (25%),33%,3,1,19,23,,2,,,,,3
12499503,35,63516,NORMAL,REGULAR,Round 31,LEAGUE,2534,SV Werder Bremen,Local,ALL,27/04/2025,31,0,51%,1.26,1,11,4,1,9,477,9,16,2,0,2,0,4,5,8,3,,1,0,21,6,3,398,10,51,65/100 (65%),25/44 (57%),3/15 (20%),56%,3,31/54 (57%),22/40 (55%),8/14 (57%),56%,9,5,56,25,2,4,1.27,0,2,0,10
12499503,35,63516,NORMAL,REGULAR,Round 31,LEAGUE,2534,SV Werder Bremen,Local,1ST,27/04/2025,31,0,37%,0.23,0,3,4,0,,189,4,4,0,0,0,0,1,2,3,0,,0,0,,1,2,153,6,19,,15/27 (56%),1/2 (50%),56%,3,9/20 (45%),9/12 (75%),2/5 (40%),50%,4,3,29,16,,4,,,,,6
12499503,35,63516,NORMAL,REGULAR,Round 31,LEAGUE,2534,SV Werder Bremen,Local,2ND,27/04/2025,31,0,68%,1.03,1,8,0,1,,288,5,12,2,0,2,0,3,3,5,3,,1,0,,5,1,245,4,32,,10/17 (59%),2/13 (15%),56%,0,22/34 (65%),13/28 (46%),6/9 (67%),60%,5,2,27,9,,0,,,,,4
12499503,35,63516,NORMAL,REGULAR,Round 31,LEAGUE,2526,FC St. Pauli,Visita,ALL,27/04/2025,31,0,49%,0.62,1,10,2,3,16,465,9,9,3,1,4,0,2,4,6,4,,1,1,22,0,1,386,16,55,74/113 (65%),23/56 (41%),3/11 (27%),44%,4,23/54 (43%),18/40 (45%),6/11 (55%),67%,9,6,54,35,1,2,0.67,1,1,1,9
12499503,35,63516,NORMAL,REGULAR,Round 31,LEAGUE,2526,FC St. Pauli,Visita,1ST,27/04/2025,31,0,63%,0.41,1,7,0,3,,323,6,2,0,0,4,0,1,2,5,2,,1,1,,0,1,282,9,30,,14/25 (56%),3/9 (33%),44%,2,11/20 (55%),3/12 (25%),3/5 (60%),67%,6,2,34,7,,0,,,,,2
12499503,35,63516,NORMAL,REGULAR,Round 31,LEAGUE,2526,FC St. Pauli,Visita,2ND,27/04/2025,31,0,32%,0.21,0,3,2,0,,142,3,7,3,1,0,0,1,2,1,2,,0,0,,0,0,104,7,25,,9/31 (29%),0/2 (0%),44%,2,12/34 (35%),15/28 (54%),3/6 (50%),67%,3,4,20,28,,2,,,,,7
12499523,35,63516,NORMAL,REGULAR,Round 32,LEAGUE,2526,FC St. Pauli,Local,ALL,03/05/2025,32,0,30%,0.22,0,6,7,4,17,263,17,12,6,2,1,0,2,3,3,3,0,0,,12,2,2,196,12,26,25/46 (54%),18/52 (35%),1/14 (7%),45%,3,32/61 (52%),9/30 (30%),4/11 (36%),59%,17,8,43,44,2,7,2.18,1,2,1,6
12499523,35,63516,NORMAL,REGULAR,Round 32,LEAGUE,2526,FC St. Pauli,Local,1ST,03/05/2025,32,0,34%,0.15,0,4,2,3,,150,7,6,1,0,1,0,1,2,2,2,0,0,,,1,0,118,4,11,,12/28 (43%),1/10 (10%),39%,1,14/29 (48%),4/17 (24%),2/5 (40%),43%,7,3,23,17,,2,,,,,1
12499523,35,63516,NORMAL,REGULAR,Round 32,LEAGUE,2526,FC St. Pauli,Local,2ND,03/05/2025,32,0,26%,0.07,0,2,5,1,,113,10,6,5,2,0,0,1,1,1,1,0,0,,,1,2,78,8,15,,6/24 (25%),0/4 (0%),51%,2,18/32 (56%),5/13 (38%),2/6 (33%),70%,10,5,20,27,,5,,,,,5
12499523,35,63516,NORMAL,REGULAR,Round 32,LEAGUE,2677,VfB Stuttgart,Visita,ALL,03/05/2025,32,1,70%,2.96,7,21,1,4,12,628,10,16,3,0,8,0,6,7,17,4,1,6,,39,4,4,555,22,87,130/180 (72%),16/39 (41%),5/15 (33%),55%,9,29/61 (48%),21/30 (70%),5/13 (38%),20%,10,6,40,24,1,1,0.06,0,3,1,6
12499523,35,63516,NORMAL,REGULAR,Round 32,LEAGUE,2677,VfB Stuttgart,Visita,1ST,03/05/2025,32,0,66%,0.67,1,9,1,0,,310,4,11,1,0,2,0,2,5,7,2,0,1,,,1,4,271,12,36,,4/16 (25%),2/4 (50%),61%,4,15/29 (52%),13/17 (76%),2/5 (40%),0%,4,3,17,15,,1,,,,,3
12499523,35,63516,NORMAL,REGULAR,Round 32,LEAGUE,2677,VfB Stuttgart,Visita,2ND,03/05/2025,32,1,74%,2.29,6,12,0,4,,318,6,5,2,0,6,0,4,2,10,2,1,5,,,3,0,284,10,51,,12/23 (52%),3/11 (27%),49%,5,14/32 (44%),8/13 (62%),3/8 (38%),33%,6,3,23,9,,0,,,,,3
12499530,35,63516,NORMAL,REGULAR,Round 33,LEAGUE,2674,Eintracht Frankfurt,Local,ALL,11/05/2025,33,2,73%,1.66,3,13,0,3,11,652,7,12,2,,5,0,7,1,9,4,2,1,,31,2,0,582,25,101,135/180 (75%),27/42 (64%),5/19 (26%),59%,4,27/55 (49%),26/35 (74%),8/17 (47%),43%,7,3,45,13,,0,-0.83,0,1,,3
12499530,35,63516,NORMAL,REGULAR,Round 33,LEAGUE,2674,Eintracht Frankfurt,Local,1ST,11/05/2025,33,1,73%,0.78,1,6,0,3,,335,0,5,0,,3,0,3,0,3,3,1,0,,,2,0,299,12,50,,10/18 (56%),1/9 (11%),54%,0,9/19 (47%),10/16 (63%),4/5 (80%),0%,0,2,25,3,,0,,,,,1
12499530,35,63516,NORMAL,REGULAR,Round 33,LEAGUE,2674,Eintracht Frankfurt,Local,2ND,11/05/2025,33,1,73%,0.88,2,7,0,0,,317,7,7,2,,2,0,4,1,6,1,1,1,,,0,0,283,13,51,,17/24 (71%),4/10 (40%),62%,4,18/36 (50%),16/19 (84%),4/12 (33%),43%,7,1,20,10,,0,,,,,2
12499530,35,63516,NORMAL,REGULAR,Round 33,LEAGUE,2526,FC St. Pauli,Visita,ALL,11/05/2025,33,2,27%,0.83,2,5,4,1,12,246,13,11,2,,2,0,1,2,5,0,1,1,,8,0,2,172,15,46,25/64 (39%),14/59 (24%),0/4 (0%),41%,4,28/55 (51%),9/35 (26%),5/8 (63%),31%,13,2,33,31,,4,0.42,2,0,,20
12499530,35,63516,NORMAL,REGULAR,Round 33,LEAGUE,2526,FC St. Pauli,Visita,1ST,11/05/2025,33,2,27%,0.71,2,4,3,1,,128,1,5,0,,2,0,0,2,4,0,1,1,,,0,1,93,5,21,,6/28 (21%),0/2 (0%),46%,0,10/19 (53%),6/16 (38%),4/4 (100%),0%,1,2,16,15,,3,,,,,11
12499530,35,63516,NORMAL,REGULAR,Round 33,LEAGUE,2526,FC St. Pauli,Visita,2ND,11/05/2025,33,0,27%,0.12,0,1,1,0,,118,12,6,2,,0,0,1,0,1,0,0,0,,,0,1,79,10,25,,8/31 (26%),0/2 (0%),38%,4,18/36 (50%),3/19 (16%),1/4 (25%),33%,12,0,17,16,,1,,,,,9
12499456,35,63516,NORMAL,REGULAR,Round 34,LEAGUE,2526,FC St. Pauli,Local,ALL,17/05/2025,34,0,58%,0.79,1,10,4,7,3,552,3,11,,,2,1,5,3,5,5,0,1,0,22,2,1,467,13,65,117/159 (74%),11/43 (26%),8/21 (38%),41%,14,17/47 (36%),12/24 (50%),3/10 (30%),67%,3,4,49,12,0,4,0.65,2,0,,4
12499456,35,63516,NORMAL,REGULAR,Round 34,LEAGUE,2526,FC St. Pauli,Local,1ST,17/05/2025,34,0,60%,0.75,1,8,4,5,,290,1,7,,,2,0,4,2,5,3,0,1,0,,2,1,251,3,40,,4/18 (22%),4/12 (33%),40%,9,9/29 (31%),7/11 (64%),1/5 (20%),100%,1,2,26,5,,4,,,,,1
12499456,35,63516,NORMAL,REGULAR,Round 34,LEAGUE,2526,FC St. Pauli,Local,2ND,17/05/2025,34,0,56%,0.04,0,2,0,2,,262,2,4,,,0,1,1,1,0,2,0,0,0,,0,0,216,10,25,,7/25 (28%),4/9 (44%),42%,5,8/18 (44%),5/13 (38%),2/5 (40%),50%,2,2,23,7,,0,,,,,3
12499456,35,63516,NORMAL,REGULAR,Round 34,LEAGUE,2542,VfL Bochum 1848,Visita,ALL,17/05/2025,34,2,42%,1.32,2,9,2,4,11,406,21,3,,,6,0,3,0,6,3,2,0,1,16,0,4,317,16,57,39/85 (46%),26/63 (41%),3/8 (38%),59%,1,30/47 (64%),12/24 (50%),6/8 (75%),57%,21,5,50,28,1,2,0.13,0,2,,10
12499456,35,63516,NORMAL,REGULAR,Round 34,LEAGUE,2542,VfL Bochum 1848,Visita,1ST,17/05/2025,34,1,40%,0.32,1,5,2,3,,193,13,2,,,5,0,0,0,4,1,1,0,0,,0,2,153,6,21,,12/29 (41%),2/6 (33%),60%,1,20/29 (69%),4/11 (36%),5/5 (100%),54%,13,3,27,14,,2,,,,,5
12499456,35,63516,NORMAL,REGULAR,Round 34,LEAGUE,2542,VfL Bochum 1848,Visita,2ND,17/05/2025,34,1,44%,1.01,1,4,0,1,,213,8,1,,,1,0,3,0,2,2,1,0,1,,0,2,164,10,36,,14/34 (41%),1/2 (50%),58%,0,10/18 (56%),8/13 (62%),1/3 (33%),63%,8,2,23,14,,0,,,,,5
14015666,217,76910,NORMAL,PLAYOFF,Round 1,CUP,24072,Eintracht Norderstedt,Local,ALL,16/08/2025,1,0,22%,0.00,0,9,16,3,14,259,21,10,4,,3,0,4,2,7,2,,0,,16,1,2,148,13,55,32/72 (44%),30/76 (39%),5/7 (71%),54%,10,35/70 (50%),24/39 (62%),6/12 (50%),67%,21,18,57,88,,16,,2,,5,19
14015666,217,76910,NORMAL,PLAYOFF,Round 1,CUP,24072,Eintracht Norderstedt,Local,1ST,16/08/2025,1,0,18%,0.00,0,0,7,0,,96,11,1,1,,0,0,0,0,0,0,,0,,,0,0,49,2,20,,5/30 (17%),0/0 (0%),55%,2,15/29 (52%),7/11 (64%),3/7 (43%),64%,11,6,28,38,,7,,,,,8
14015666,217,76910,NORMAL,PLAYOFF,Round 1,CUP,24072,Eintracht Norderstedt,Local,2ND,16/08/2025,1,0,23%,0.00,0,2,7,1,,94,9,5,1,,1,0,1,0,1,1,,0,,,0,2,54,5,19,,12/27 (44%),1/2 (50%),51%,5,13/26 (50%),9/17 (53%),0/2 (0%),67%,9,10,15,36,,7,,,,,7
14015666,217,76910,NORMAL,PLAYOFF,Round 1,CUP,2526,FC St. Pauli,Visita,ALL,16/08/2025,1,0,78%,0.00,7,41,3,24,10,937,16,14,0,,16,2,11,14,31,10,,7,,82,3,2,830,29,145,301/388 (78%),26/47 (55%),17/60 (28%),46%,10,35/70 (50%),15/39 (38%),6/17 (35%),88%,16,8,67,14,,3,,1,,0,5
14015666,217,76910,NORMAL,PLAYOFF,Round 1,CUP,2526,FC St. Pauli,Visita,1ST,16/08/2025,1,0,82%,0.00,3,19,0,7,,430,6,7,0,,7,1,4,8,16,3,,3,,,2,1,389,9,54,,13/15 (87%),5/25 (20%),45%,6,14/29 (48%),4/11 (36%),2/7 (29%),83%,6,3,31,5,,0,,,,,0
14015666,217,76910,NORMAL,PLAYOFF,Round 1,CUP,2526,FC St. Pauli,Visita,2ND,16/08/2025,1,0,77%,0.00,2,13,1,12,,309,7,4,0,,7,1,4,2,7,6,,2,,,0,1,273,12,58,,7/15 (47%),5/23 (22%),49%,3,13/26 (50%),8/17 (47%),2/8 (25%),86%,7,2,22,5,,1,,,,,1
14062008,35,77333,NORMAL,REGULAR,Round 1,LEAGUE,2526,FC St. Pauli,Local,ALL,23/08/2025,1,3,51%,1.29,2,11,4,5,13,484,20,11,2,0,7,0,3,1,8,3,1,1,1,27,1,4,397,23,66,102/144 (71%),25/59 (42%),6/28 (21%),51%,6,39/65 (60%),6/24 (25%),7/11 (64%),50%,20,7,40,13,1,4,-0.28,2,0,,4
14062008,35,77333,NORMAL,REGULAR,Round 1,LEAGUE,2526,FC St. Pauli,Local,1ST,23/08/2025,1,0,49%,0.19,1,3,3,5,,238,12,5,2,0,1,0,2,0,3,0,0,1,1,,0,3,189,10,33,,6/24 (25%),3/17 (18%),49%,4,20/33 (61%),1/10 (10%),3/3 (100%),42%,12,2,18,7,,3,,,,,2
14062008,35,77333,NORMAL,REGULAR,Round 1,LEAGUE,2526,FC St. Pauli,Local,2ND,23/08/2025,1,3,53%,1.09,1,8,1,0,,246,8,6,0,0,6,0,1,1,5,3,1,0,0,,1,1,208,13,33,,19/35 (54%),3/11 (27%),52%,2,19/32 (59%),5/14 (36%),4/8 (50%),63%,8,5,22,6,,1,,,,,2
14062008,35,77333,NORMAL,REGULAR,Round 1,LEAGUE,2673,Borussia Dortmund,Visita,ALL,23/08/2025,1,3,49%,1.56,4,8,4,2,12,481,10,12,3,1,7,0,1,0,7,1,2,2,2,19,2,3,413,17,49,48/80 (60%),20/45 (44%),5/8 (63%),49%,9,26/65 (40%),18/24 (75%),3/14 (21%),50%,10,8,41,45,1,4,-0.74,0,1,,5
14062008,35,77333,NORMAL,REGULAR,Round 1,LEAGUE,2673,Borussia Dortmund,Visita,1ST,23/08/2025,1,1,51%,1.16,3,4,1,0,,261,4,7,1,0,4,0,0,0,4,0,1,2,1,,2,1,233,9,26,,8/15 (53%),2/3 (67%),51%,7,13/33 (39%),9/10 (90%),1/6 (17%),25%,4,6,17,22,,1,,,,,2
14062008,35,77333,NORMAL,REGULAR,Round 1,LEAGUE,2673,Borussia Dortmund,Visita,2ND,23/08/2025,1,2,47%,0.40,1,4,3,2,,220,6,5,2,1,3,0,1,0,3,1,1,0,1,,0,2,180,8,23,,12/30 (40%),3/5 (60%),48%,2,13/32 (41%),9/14 (64%),2/8 (25%),67%,6,2,24,23,,3,,,,,3
14065074,35,77333,NORMAL,REGULAR,Round 2,LEAGUE,2676,Hamburger SV,Local,ALL,29/08/2025,2,0,48%,0.35,1,5,4,2,13,445,14,19,3,1,2,0,2,1,2,3,0,1,2,11,4,1,367,16,53,56/95 (59%),24/58 (41%),2/10 (20%),53%,14,39/83 (47%),20/28 (71%),8/20 (40%),64%,14,9,45,34,,4,-0.61,2,0,1,9
14065074,35,77333,NORMAL,REGULAR,Round 2,LEAGUE,2676,Hamburger SV,Local,1ST,29/08/2025,2,0,49%,0.06,0,2,0,1,,235,10,11,1,0,0,0,1,1,1,1,0,0,1,,1,0,197,7,20,,8/21 (38%),2/3 (67%),52%,10,22/48 (46%),10/13 (77%),3/12 (25%),70%,10,5,18,18,,0,,,,,4
14065074,35,77333,NORMAL,REGULAR,Round 2,LEAGUE,2676,Hamburger SV,Local,2ND,29/08/2025,2,0,46%,0.29,1,3,4,1,,210,4,8,2,1,2,0,1,0,1,2,0,1,1,,3,1,170,9,33,,16/37 (43%),0/7 (0%),54%,4,17/35 (49%),10/15 (67%),5/8 (63%),50%,4,4,27,16,,4,,,,,5
14065074,35,77333,NORMAL,REGULAR,Round 2,LEAGUE,2526,FC St. Pauli,Visita,ALL,29/08/2025,2,2,52%,1.44,2,17,2,5,19,481,26,13,3,0,6,0,5,6,11,6,1,1,2,24,2,2,390,26,66,100/152 (66%),27/62 (44%),2/16 (13%),47%,5,44/83 (53%),8/28 (29%),6/15 (40%),54%,26,7,49,24,,2,0.17,1,2,0,5
14065074,35,77333,NORMAL,REGULAR,Round 2,LEAGUE,2526,FC St. Pauli,Visita,1ST,29/08/2025,2,1,51%,0.74,1,5,0,1,,238,19,6,2,0,1,0,2,2,3,2,0,1,0,,1,1,200,15,32,,11/26 (42%),1/7 (14%),48%,3,26/48 (54%),3/13 (23%),2/9 (22%),42%,19,4,17,8,,0,,,,,4
14065074,35,77333,NORMAL,REGULAR,Round 2,LEAGUE,2526,FC St. Pauli,Visita,2ND,29/08/2025,2,1,54%,0.70,1,12,2,4,,243,7,7,1,0,5,0,3,4,8,4,1,0,2,,1,1,190,11,34,,16/36 (44%),1/9 (11%),46%,2,18/35 (51%),5/15 (33%),4/6 (67%),86%,7,3,32,16,,2,,,,,1
14065083,35,77333,NORMAL,REGULAR,Round 3,LEAGUE,2526,FC St. Pauli,Local,ALL,14/09/2025,3,2,57%,1.90,3,13,4,3,10,546,21,11,1,,7,0,3,3,8,5,1,2,2,32,4,0,438,20,80,113/171 (66%),19/60 (32%),6/17 (35%),50%,9,35/70 (50%),21/42 (50%),2/10 (20%),52%,21,6,55,25,,4,0.11,,1,,8
14065083,35,77333,NORMAL,REGULAR,Round 3,LEAGUE,2526,FC St. Pauli,Local,1ST,14/09/2025,3,1,66%,1.13,2,6,1,2,,321,12,4,1,,3,0,1,2,4,2,1,1,0,,2,0,263,12,48,,11/31 (35%),2/11 (18%),48%,4,19/37 (51%),11/25 (44%),2/9 (22%),42%,12,2,28,11,,1,,,,,3
14065083,35,77333,NORMAL,REGULAR,Round 3,LEAGUE,2526,FC St. Pauli,Local,2ND,14/09/2025,3,1,47%,0.77,1,7,3,1,,225,9,7,0,,4,0,2,1,4,3,0,1,2,,2,0,175,8,32,,8/29 (28%),4/6 (67%),52%,5,16/33 (48%),10/17 (59%),0/1 (0%),67%,9,4,27,14,,3,,,,,5
14065083,35,77333,NORMAL,REGULAR,Round 3,LEAGUE,2600,FC Augsburg,Visita,ALL,14/09/2025,3,1,43%,0.78,1,10,5,1,12,419,17,10,4,,5,0,4,1,6,4,1,0,0,19,1,3,336,22,52,49/88 (56%),16/49 (33%),2/10 (20%),50%,10,35/70 (50%),21/42 (50%),8/20 (40%),82%,17,11,56,38,,5,0.39,,1,,5
14065083,35,77333,NORMAL,REGULAR,Round 3,LEAGUE,2600,FC Augsburg,Visita,1ST,14/09/2025,3,1,34%,0.51,1,3,2,0,,168,11,4,1,,2,0,1,0,2,1,1,0,0,,0,2,123,10,23,,10/31 (32%),0/1 (0%),52%,5,18/37 (49%),14/25 (56%),3/11 (27%),82%,11,7,27,22,,2,,,,,3
14065083,35,77333,NORMAL,REGULAR,Round 3,LEAGUE,2600,FC Augsburg,Visita,2ND,14/09/2025,3,0,53%,0.27,0,7,3,1,,251,6,6,3,,3,0,3,1,4,3,0,0,0,,1,1,213,12,29,,6/18 (33%),2/9 (22%),48%,5,17/33 (52%),7/17 (41%),5/9 (56%),83%,6,4,29,16,,3,,,,,2
14065089,35,77333,NORMAL,REGULAR,Round 4,LEAGUE,2677,VfB Stuttgart,Local,ALL,19/09/2025,4,2,54%,2.11,5,17,3,8,13,528,14,14,0,,8,0,3,6,11,6,1,4,1,24,2,2,462,23,59,87/120 (73%),20/44 (45%),3/13 (23%),59%,8,36/66 (55%),22/33 (67%),9/16 (56%),43%,14,17,51,23,,3,0.74,1,2,0,3
14065089,35,77333,NORMAL,REGULAR,Round 4,LEAGUE,2677,VfB Stuttgart,Local,1ST,19/09/2025,4,1,52%,1.38,3,8,0,4,,262,8,6,0,,3,0,2,3,5,3,1,2,0,,2,1,228,13,30,,7/19 (37%),2/7 (29%),54%,4,22/42 (52%),8/14 (57%),7/13 (54%),50%,8,11,27,12,,0,,,,,0
14065089,35,77333,NORMAL,REGULAR,Round 4,LEAGUE,2677,VfB Stuttgart,Local,2ND,19/09/2025,4,1,57%,0.73,2,9,3,4,,266,6,8,0,,5,0,1,3,6,3,0,2,1,,0,1,234,10,29,,13/25 (52%),1/6 (17%),65%,4,14/24 (58%),14/19 (74%),2/3 (67%),33%,6,6,24,11,,3,,,,,3
14065089,35,77333,NORMAL,REGULAR,Round 4,LEAGUE,2526,FC St. Pauli,Visita,ALL,19/09/2025,4,0,46%,0.95,2,9,6,4,15,439,15,13,2,,2,1,2,5,7,2,0,2,0,14,1,0,338,24,45,40/80 (50%),18/58 (31%),2/18 (11%),41%,9,30/66 (45%),11/33 (33%),3/8 (38%),67%,15,7,52,19,,6,1.49,0,1,1,5
14065089,35,77333,NORMAL,REGULAR,Round 4,LEAGUE,2526,FC St. Pauli,Visita,1ST,19/09/2025,4,0,48%,0.00,0,0,2,1,,241,10,8,1,,0,0,0,0,0,0,0,0,0,,0,0,186,12,23,,13/35 (37%),0/8 (0%),46%,5,20/42 (48%),6/14 (43%),2/5 (40%),80%,10,4,29,12,,2,,,,,3
14065089,35,77333,NORMAL,REGULAR,Round 4,LEAGUE,2526,FC St. Pauli,Visita,2ND,19/09/2025,4,0,43%,0.95,2,9,4,3,,198,5,5,1,,2,1,2,5,7,2,0,2,0,,1,0,152,12,22,,5/23 (22%),2/10 (20%),35%,4,10/24 (42%),5/19 (26%),1/3 (33%),40%,5,3,23,7,,4,,,,,2
14065095,35,77333,NORMAL,REGULAR,Round 5,LEAGUE,2526,FC St. Pauli,Local,ALL,27/09/2025,5,1,49%,0.82,1,13,2,13,13,447,13,11,3,,6,0,6,1,7,6,0,1,2,19,4,2,372,25,67,96/138 (70%),16/42 (38%),4/31 (13%),48%,9,30/62 (48%),11/24 (46%),6/11 (55%),69%,13,10,50,7,,2,-1.10,0,0,0,2
14065095,35,77333,NORMAL,REGULAR,Round 5,LEAGUE,2526,FC St. Pauli,Local,1ST,27/09/2025,5,1,45%,0.50,1,6,1,6,,215,10,3,0,,2,0,3,1,4,2,0,1,2,,0,1,183,11,34,,6/19 (32%),1/15 (7%),43%,4,15/35 (43%),4/9 (44%),2/6 (33%),70%,10,6,29,4,,1,,,,,1
14065095,35,77333,NORMAL,REGULAR,Round 5,LEAGUE,2526,FC St. Pauli,Local,2ND,27/09/2025,5,0,54%,0.32,0,7,1,7,,232,3,8,3,,4,0,3,0,3,4,0,0,0,,4,1,189,14,33,,10/23 (43%),3/16 (19%),52%,5,15/27 (56%),7/15 (47%),4/5 (80%),67%,3,4,21,3,,1,,,,,1
14065095,35,77333,NORMAL,REGULAR,Round 5,LEAGUE,2681,Bayer 04 Leverkusen,Visita,ALL,27/09/2025,5,2,51%,0.69,3,5,4,1,11,490,14,13,5,,4,0,0,1,4,1,2,1,1,9,1,0,414,16,39,53/77 (69%),22/51 (43%),1/4 (25%),52%,5,32/62 (52%),13/24 (54%),5/13 (38%),71%,14,6,40,28,,4,0.10,2,1,1,9
14065095,35,77333,NORMAL,REGULAR,Round 5,LEAGUE,2681,Bayer 04 Leverkusen,Visita,1ST,27/09/2025,5,1,55%,0.39,2,2,0,1,,278,8,9,1,,2,0,0,0,2,0,1,1,0,,1,0,243,7,23,,11/21 (52%),1/4 (25%),57%,4,20/35 (57%),5/9 (56%),3/9 (33%),75%,8,3,20,12,,0,,,,,3
14065095,35,77333,NORMAL,REGULAR,Round 5,LEAGUE,2681,Bayer 04 Leverkusen,Visita,2ND,27/09/2025,5,1,46%,0.30,1,3,4,0,,212,6,4,4,,2,0,0,1,2,1,1,0,1,,0,0,171,9,16,,11/30 (37%),0/0 (0%),48%,1,12/27 (44%),8/15 (53%),2/4 (50%),67%,6,3,20,16,,4,,,,,6
14065106,35,77333,NORMAL,REGULAR,Round 6,LEAGUE,2534,SV Werder Bremen,Local,ALL,04/10/2025,6,1,41%,1.86,2,15,3,4,8,463,22,9,3,,5,0,3,7,8,7,,2,0,21,1,3,359,11,35,58/95 (61%),28/62 (45%),1/5 (20%),55%,4,36/68 (53%),20/33 (61%),7/19 (37%),45%,22,13,51,35,0,3,0.29,,,1,12
14065106,35,77333,NORMAL,REGULAR,Round 6,LEAGUE,2534,SV Werder Bremen,Local,1ST,04/10/2025,6,1,46%,0.55,1,6,2,2,,265,11,6,0,,3,0,1,2,3,3,,1,0,,1,1,221,8,15,,11/29 (38%),1/3 (33%),64%,2,18/31 (58%),10/13 (77%),3/9 (33%),55%,11,6,23,16,,2,,,,,3
14065106,35,77333,NORMAL,REGULAR,Round 6,LEAGUE,2534,SV Werder Bremen,Local,2ND,04/10/2025,6,0,36%,1.31,1,9,1,2,,198,11,3,3,,2,0,2,5,5,4,,1,0,,0,2,138,3,20,,17/33 (52%),0/2 (0%),49%,2,18/37 (49%),10/20 (50%),4/10 (40%),36%,11,7,28,19,,1,,,,,9
14065106,35,77333,NORMAL,REGULAR,Round 6,LEAGUE,2526,FC St. Pauli,Visita,ALL,04/10/2025,6,0,59%,0.76,1,13,4,0,9,652,16,8,1,,3,0,6,4,6,7,,1,2,13,2,1,539,31,103,135/193 (70%),21/54 (39%),2/16 (13%),45%,14,32/68 (47%),13/33 (39%),8/16 (50%),63%,16,10,59,15,2,4,0.50,,,1,3
14065106,35,77333,NORMAL,REGULAR,Round 6,LEAGUE,2526,FC St. Pauli,Visita,1ST,04/10/2025,6,0,54%,0.36,1,4,2,0,,314,8,2,0,,2,0,1,1,3,1,,1,2,,0,0,258,16,46,,9/26 (35%),1/4 (25%),36%,6,13/31 (42%),3/13 (23%),3/8 (38%),63%,8,4,27,8,,2,,,,,2
14065106,35,77333,NORMAL,REGULAR,Round 6,LEAGUE,2526,FC St. Pauli,Visita,2ND,04/10/2025,6,0,64%,0.39,0,9,2,0,,338,8,6,1,,1,0,5,3,3,6,,0,0,,2,1,281,15,57,,12/28 (43%),1/12 (8%),51%,8,19/37 (51%),10/20 (50%),5/8 (63%),63%,8,6,32,7,,2,,,,,1
14065116,35,77333,NORMAL,REGULAR,Round 7,LEAGUE,2526,FC St. Pauli,Local,ALL,19/10/2025,7,0,49%,0.99,1,10,3,9,10,416,20,17,1,,2,0,2,6,4,6,0,1,1,15,4,4,317,27,62,92/135 (68%),27/62 (44%),1/28 (4%),56%,7,38/65 (58%),12/25 (48%),4/11 (36%),65%,20,9,46,21,0,3,-0.43,1,1,0,8
14065116,35,77333,NORMAL,REGULAR,Round 7,LEAGUE,2526,FC St. Pauli,Local,1ST,19/10/2025,7,0,44%,0.85,1,6,1,6,6,195,11,6,0,,1,0,1,4,3,3,0,1,1,,2,1,134,18,24,,10/29 (34%),1/15 (7%),53%,3,19/33 (58%),1/5 (20%),2/5 (40%),73%,11,5,26,7,,1,,,,,5
14065116,35,77333,NORMAL,REGULAR,Round 7,LEAGUE,2526,FC St. Pauli,Local,2ND,19/10/2025,7,0,56%,0.14,0,4,2,3,4,221,9,11,1,,1,0,1,2,1,3,0,0,0,,2,3,183,9,38,,17/33 (52%),0/13 (0%),58%,4,19/32 (59%),11/20 (55%),2/6 (33%),56%,9,4,20,14,,2,,,,,3
14065116,35,77333,NORMAL,REGULAR,Round 7,LEAGUE,2569,TSG Hoffenheim,Visita,ALL,19/10/2025,7,3,51%,2.34,5,14,2,7,17,443,14,10,3,,5,1,6,3,10,4,3,2,2,27,0,2,354,13,44,54/81 (67%),24/58 (41%),4/12 (33%),44%,11,27/65 (42%),13/25 (52%),3/12 (25%),57%,14,11,60,41,1,2,0.33,0,2,2,6
14065116,35,77333,NORMAL,REGULAR,Round 7,LEAGUE,2569,TSG Hoffenheim,Visita,1ST,19/10/2025,7,0,56%,0.45,1,6,1,1,6,263,6,6,2,,1,1,3,2,3,3,0,1,0,,0,2,221,8,23,,13/27 (48%),2/5 (40%),47%,6,14/33 (42%),4/5 (80%),2/7 (29%),83%,6,9,36,23,,1,,,,,1
14065116,35,77333,NORMAL,REGULAR,Round 7,LEAGUE,2569,TSG Hoffenheim,Visita,2ND,19/10/2025,7,3,44%,1.89,4,8,1,6,11,180,8,4,1,,4,0,3,1,7,1,3,1,2,,0,0,133,5,21,,11/31 (35%),2/7 (29%),42%,5,13/32 (41%),9/20 (45%),1/5 (20%),38%,8,2,24,18,,1,,,,,5
14065120,35,77333,NORMAL,REGULAR,Round 8,LEAGUE,2674,Eintracht Frankfurt,Local,ALL,25/10/2025,8,2,51%,2.26,4,10,1,1,11,552,16,6,0,,6,0,2,2,8,2,2,2,,22,0,2,473,17,65,60/103 (58%),23/53 (43%),2/6 (33%),48%,13,30/65 (46%),13/25 (52%),8/12 (67%),75%,16,9,48,22,,1,0.09,,3,,8
14065120,35,77333,NORMAL,REGULAR,Round 8,LEAGUE,2674,Eintracht Frankfurt,Local,1ST,25/10/2025,8,1,61%,0.97,1,4,0,1,3,337,4,2,0,,2,0,0,2,4,0,1,0,,,0,1,299,13,30,,9/23 (39%),0/4 (0%),50%,6,10/22 (45%),6/10 (60%),4/4 (100%),100%,4,3,16,9,,0,,,,,3
14065120,35,77333,NORMAL,REGULAR,Round 8,LEAGUE,2674,Eintracht Frankfurt,Local,2ND,25/10/2025,8,1,41%,1.30,3,6,1,0,8,215,12,4,0,,4,0,2,0,4,2,1,2,,,0,1,174,4,35,,14/30 (47%),2/2 (100%),47%,7,20/43 (47%),7/15 (47%),4/8 (50%),67%,12,6,32,13,,1,,,,,5
14065120,35,77333,NORMAL,REGULAR,Round 8,LEAGUE,2526,FC St. Pauli,Visita,ALL,25/10/2025,8,0,49%,0.39,2,9,4,3,6,520,17,11,1,,1,0,6,2,3,6,0,2,,14,2,4,440,17,74,122/161 (76%),18/43 (42%),2/20 (10%),52%,8,35/65 (54%),12/25 (48%),7/15 (47%),59%,17,7,49,17,,4,-0.13,,1,,4
14065120,35,77333,NORMAL,REGULAR,Round 8,LEAGUE,2526,FC St. Pauli,Visita,1ST,25/10/2025,8,0,39%,0.03,0,2,1,1,2,210,6,3,1,,0,0,2,0,0,2,0,0,,,0,3,171,9,27,,7/22 (32%),1/7 (14%),50%,1,12/22 (55%),4/10 (40%),3/6 (50%),83%,6,5,19,10,,1,,,,,2
14065120,35,77333,NORMAL,REGULAR,Round 8,LEAGUE,2526,FC St. Pauli,Visita,2ND,25/10/2025,8,0,59%,0.36,2,7,3,2,4,310,11,8,0,,1,0,4,2,3,4,0,2,,,2,1,269,8,47,,11/21 (52%),1/13 (8%),53%,7,23/43 (53%),8/15 (53%),4/9 (44%),45%,11,2,30,7,,3,,,,,2
14586193,217,76910,NORMAL,REGULAR,Round 2,CUP,2526,FC St. Pauli,Local,ALL,28/10/2025,2,2,41%,0.00,1,19,2,8,15,482,13,18,5,,5,0,7,7,9,10,1,0,1,30,2,2,342,26,78,104/172 (60%),28/88 (32%),3/20 (15%),46%,12,30/66 (45%),19/40 (48%),3/12 (25%),69%,13,6,59,40,0,2,,,0,0,14
14586193,217,76910,NORMAL,REGULAR,Round 2,CUP,2526,FC St. Pauli,Local,1ST,28/10/2025,2,1,48%,0.00,0,12,1,2,4,210,5,10,1,,3,0,5,4,6,6,0,0,1,,0,0,152,12,34,,11/33 (33%),3/6 (50%),57%,3,13/21 (62%),11/21 (52%),1/2 (50%),60%,5,1,18,17,,1,,,,,6
14586193,217,76910,NORMAL,REGULAR,Round 2,CUP,2526,FC St. Pauli,Local,2ND,28/10/2025,2,0,26%,0.00,0,5,1,3,4,119,5,6,3,,1,0,2,2,2,3,0,0,0,,0,2,75,7,14,,10/28 (36%),0/3 (0%),45%,6,12/28 (43%),5/10 (50%),2/8 (25%),80%,5,4,25,17,,1,,,,,6
14586193,217,76910,NORMAL,REGULAR,Round 2,CUP,2569,TSG Hoffenheim,Visita,ALL,28/10/2025,2,2,59%,0.00,3,8,2,7,18,689,21,14,5,,4,1,3,1,8,0,2,1,0,27,2,8,581,32,109,96/166 (58%),25/69 (36%),6/23 (26%),54%,4,36/66 (55%),21/40 (53%),1/10 (10%),76%,21,15,64,44,1,2,,,1,1,11
14586193,217,76910,NORMAL,REGULAR,Round 2,CUP,2569,TSG Hoffenheim,Visita,1ST,28/10/2025,2,0,52%,0.00,0,3,2,3,10,219,4,4,1,,1,0,2,0,3,0,0,0,0,,1,2,176,16,36,,10/25 (40%),1/9 (11%),43%,2,8/21 (38%),10/21 (48%),0/3 (0%),75%,4,10,20,19,,2,,,,,4
14586193,217,76910,NORMAL,REGULAR,Round 2,CUP,2569,TSG Hoffenheim,Visita,2ND,28/10/2025,2,1,74%,0.00,1,3,0,4,6,346,12,4,2,,2,0,0,1,3,0,1,0,0,,0,5,304,12,47,,8/27 (30%),3/7 (43%),55%,1,16/28 (57%),5/10 (50%),0/4 (0%),83%,12,1,28,9,,0,,,,,5
14065135,35,77333,NORMAL,REGULAR,Round 9,LEAGUE,2526,FC St. Pauli,Local,ALL,01/11/2025,9,0,56%,0.88,1,16,7,8,11,598,9,8,4,,4,0,6,6,8,8,0,1,,18,0,2,517,26,73,126/176 (72%),20/46 (43%),2/26 (8%),37%,5,22/55 (40%),6/21 (29%),5/13 (38%),56%,9,5,48,14,,7,0.14,2,,,7
14065135,35,77333,NORMAL,REGULAR,Round 9,LEAGUE,2526,FC St. Pauli,Local,1ST,01/11/2025,9,0,66%,0.17,0,5,1,4,2,364,6,6,1,,2,0,2,1,2,3,0,0,,,0,2,320,17,40,,10/21 (48%),1/16 (6%),52%,4,13/24 (54%),4/9 (44%),1/4 (25%),83%,6,3,25,5,,1,,,,,3
14065135,35,77333,NORMAL,REGULAR,Round 9,LEAGUE,2526,FC St. Pauli,Local,2ND,01/11/2025,9,0,46%,0.71,1,11,6,4,9,234,3,2,3,,2,0,4,5,6,5,0,1,,,0,0,197,9,33,,10/25 (40%),1/10 (10%),26%,1,9/31 (29%),2/12 (17%),4/9 (44%),0%,3,2,23,9,,6,,,,,4
14065135,35,77333,NORMAL,REGULAR,Round 9,LEAGUE,2527,Borussia M'gladbach,Visita,ALL,01/11/2025,9,4,44%,2.32,4,15,4,1,8,472,13,11,0,,11,2,4,0,9,6,2,2,,17,1,1,411,9,37,42/64 (66%),30/53 (57%),3/9 (33%),63%,4,33/55 (60%),15/21 (71%),9/14 (64%),62%,13,11,46,40,,4,0.51,2,,,8
14065135,35,77333,NORMAL,REGULAR,Round 9,LEAGUE,2527,Borussia M'gladbach,Visita,1ST,01/11/2025,9,2,34%,0.89,2,4,2,0,6,192,7,2,0,,3,1,1,0,3,1,1,1,,,0,0,156,7,16,,6/21 (29%),1/1 (100%),48%,2,11/24 (46%),5/9 (56%),2/6 (33%),71%,7,8,20,23,,2,,,,,3
14065135,35,77333,NORMAL,REGULAR,Round 9,LEAGUE,2527,Borussia M'gladbach,Visita,2ND,01/11/2025,9,2,54%,1.43,2,11,2,1,2,280,6,9,0,,8,1,3,0,6,5,1,1,,,1,1,255,2,21,,24/32 (75%),2/8 (25%),74%,2,22/31 (71%),10/12 (83%),7/8 (88%),50%,6,3,26,17,,2,,,,,5
14065142,35,77333,NORMAL,REGULAR,Round 10,LEAGUE,2538,SC Freiburg,Local,ALL,09/11/2025,10,2,60%,1.02,3,8,1,9,8,579,8,12,2,,4,0,1,3,6,2,1,2,,13,2,2,503,17,70,69/114 (61%),24/57 (42%),2/16 (13%),54%,6,21/45 (47%),25/40 (63%),1/7 (14%),50%,8,9,41,21,,1,-0.18,,1,1,4
14065142,35,77333,NORMAL,REGULAR,Round 10,LEAGUE,2538,SC Freiburg,Local,1ST,09/11/2025,10,1,67%,0.62,2,5,0,8,4,314,3,5,0,,3,0,0,2,5,0,0,2,,,1,2,280,9,43,,14/26 (54%),1/12 (8%),51%,6,8/20 (40%),12/19 (63%),0/2 (0%),67%,3,4,19,3,,0,,,,,0
14065142,35,77333,NORMAL,REGULAR,Round 10,LEAGUE,2538,SC Freiburg,Local,2ND,09/11/2025,10,1,54%,0.40,1,3,1,1,4,265,5,7,2,,1,0,1,1,1,2,1,0,,,1,0,223,8,27,,10/31 (32%),1/4 (25%),57%,0,13/25 (52%),13/21 (62%),1/5 (20%),40%,5,5,22,18,,1,,,,,4
14065142,35,77333,NORMAL,REGULAR,Round 10,LEAGUE,2526,FC St. Pauli,Visita,ALL,09/11/2025,10,1,40%,0.53,2,7,2,3,12,375,12,8,2,,2,0,3,2,5,2,1,1,,14,0,4,282,23,37,52/95 (55%),12/44 (27%),3/14 (21%),46%,6,24/45 (53%),15/40 (38%),4/6 (67%),50%,12,10,44,24,,2,0.13,,1,2,6
14065142,35,77333,NORMAL,REGULAR,Round 10,LEAGUE,2526,FC St. Pauli,Visita,1ST,09/11/2025,10,0,33%,0.00,0,0,2,0,5,156,8,4,0,,0,0,0,0,0,0,0,0,,,0,3,118,12,14,,6/18 (33%),0/2 (0%),49%,3,12/20 (60%),7/19 (37%),0/0 (0%),63%,8,4,18,17,,2,,,,,4
14065142,35,77333,NORMAL,REGULAR,Round 10,LEAGUE,2526,FC St. Pauli,Visita,2ND,09/11/2025,10,1,46%,0.53,2,7,0,3,7,219,4,4,2,,2,0,3,2,5,2,1,1,,,0,1,164,11,23,,6/26 (23%),3/12 (25%),43%,3,12/25 (48%),8/21 (38%),4/6 (67%),25%,4,6,26,7,,0,,,,,2
14065154,35,77333,NORMAL,REGULAR,Round 11,LEAGUE,2526,FC St. Pauli,Local,ALL,23/11/2025,11,0,59%,0.72,1,12,2,8,10,559,18,8,1,,3,1,5,4,7,5,,1,,20,0,1,426,22,77,99/169 (59%),19/63 (30%),3/27 (11%),50%,4,31/57 (54%),27/60 (45%),7/14 (50%),67%,18,10,51,25,,2,0.20,,1,1,7
14065154,35,77333,NORMAL,REGULAR,Round 11,LEAGUE,2526,FC St. Pauli,Local,1ST,23/11/2025,11,0,47%,0.07,0,2,2,1,5,222,7,3,1,,0,0,1,1,1,1,,0,,,0,1,156,12,24,,6/28 (21%),1/4 (25%),44%,1,13/26 (50%),9/24 (38%),3/6 (50%),57%,7,5,24,18,,2,,,,,6
14065154,35,77333,NORMAL,REGULAR,Round 11,LEAGUE,2526,FC St. Pauli,Local,2ND,23/11/2025,11,0,70%,0.64,1,10,0,7,5,337,11,5,0,,3,1,4,3,6,4,,1,,,0,0,270,10,53,,13/35 (37%),2/23 (9%),54%,3,18/31 (58%),18/36 (50%),4/8 (50%),73%,11,5,27,7,,0,,,,,1
14065154,35,77333,NORMAL,REGULAR,Round 11,LEAGUE,2547,1. FC Union Berlin,Visita,ALL,23/11/2025,11,1,41%,0.55,0,7,3,2,8,406,11,10,1,,3,0,2,2,6,1,,0,,14,2,2,302,22,59,30/80 (38%),24/77 (31%),4/8 (50%),50%,9,26/57 (46%),33/60 (55%),5/14 (36%),82%,11,6,47,51,,3,0.67,,1,1,7
14065154,35,77333,NORMAL,REGULAR,Round 11,LEAGUE,2547,1. FC Union Berlin,Visita,1ST,23/11/2025,11,1,53%,0.53,0,6,0,1,3,256,4,5,0,,3,0,1,2,6,0,,0,,,2,1,201,15,40,,13/39 (33%),3/6 (50%),56%,2,13/26 (50%),15/24 (63%),4/9 (44%),75%,4,4,20,11,,0,,,,,3
14065154,35,77333,NORMAL,REGULAR,Round 11,LEAGUE,2547,1. FC Union Berlin,Visita,2ND,23/11/2025,11,0,30%,0.03,0,1,3,1,5,150,7,5,1,,0,0,1,0,0,1,,0,,,0,1,101,7,19,,11/38 (29%),1/2 (50%),46%,7,13/31 (42%),18/36 (50%),1/5 (20%),86%,7,2,27,40,,3,,,,,4
14065156,35,77333,NORMAL,REGULAR,Round 12,LEAGUE,2672,FC Bayern München,Local,ALL,29/11/2025,12,3,80%,2.30,4,19,0,10,5,995,7,8,1,,4,3,10,5,14,5,3,1,3,41,2,3,924,34,138,263/317 (83%),39/54 (72%),7/28 (25%),51%,7,25/54 (46%),19/32 (59%),11/27 (41%),71%,7,8,45,19,,0,-0.72,,0,0,5
14065156,35,77333,NORMAL,REGULAR,Round 12,LEAGUE,2672,FC Bayern München,Local,1ST,29/11/2025,12,1,81%,0.72,1,10,0,2,3,530,3,5,0,,1,2,7,2,6,4,1,0,1,,1,2,499,14,72,,17/25 (68%),4/9 (44%),50%,6,14/30 (47%),12/22 (55%),7/13 (54%),33%,3,3,23,8,,0,,,,,0
14065156,35,77333,NORMAL,REGULAR,Round 12,LEAGUE,2672,FC Bayern München,Local,2ND,29/11/2025,12,2,80%,1.58,3,9,0,8,2,465,4,3,1,,3,1,3,3,8,1,2,1,2,,1,1,425,20,66,,22/29 (76%),3/19 (16%),53%,1,11/24 (46%),7/10 (70%),4/14 (29%),100%,4,5,22,11,,0,,,,,5
14065156,35,77333,NORMAL,REGULAR,Round 12,LEAGUE,2526,FC St. Pauli,Visita,ALL,29/11/2025,12,1,20%,0.64,1,10,1,2,8,242,23,5,1,,1,0,5,4,5,5,1,0,1,12,0,2,176,13,25,19/40 (48%),13/49 (27%),0/4 (0%),49%,4,29/54 (54%),13/32 (41%),2/5 (40%),57%,23,11,49,44,,1,-0.69,,2,2,8
14065156,35,77333,NORMAL,REGULAR,Round 12,LEAGUE,2526,FC St. Pauli,Visita,1ST,29/11/2025,12,1,19%,0.53,1,7,0,0,5,128,12,3,1,,1,0,2,4,4,3,1,0,1,,0,1,95,8,12,,8/26 (31%),0/0 (0%),50%,2,16/30 (53%),10/22 (45%),2/3 (67%),42%,12,5,24,17,,0,,,,,5
14065156,35,77333,NORMAL,REGULAR,Round 12,LEAGUE,2526,FC St. Pauli,Visita,2ND,29/11/2025,12,0,20%,0.11,0,3,1,2,3,114,11,2,0,,0,0,3,0,1,2,0,0,0,,0,1,81,5,13,,5/23 (22%),0/4 (0%),47%,2,13/24 (54%),3/10 (30%),0/2 (0%),73%,11,6,25,27,,1,,,,,3
14994250,217,76910,NORMAL,REGULAR,Round of 16,CUP,2527,Borussia M'gladbach,Local,ALL,02/12/2025,5,1,48%,0.00,3,13,3,2,8,571,5,7,1,,6,0,4,3,8,5,1,2,0,22,,3,486,28,67,69/106 (65%),25/55 (45%),6/20 (30%),37%,10,15/43 (35%),12/30 (40%),4/11 (36%),80%,5,7,45,16,0,3,,0,0,,4
14994250,217,76910,NORMAL,REGULAR,Round of 16,CUP,2527,Borussia M'gladbach,Local,1ST,02/12/2025,5,0,46%,0.00,1,6,1,2,2,271,2,3,0,,2,0,2,2,4,2,0,1,0,,,1,233,15,35,,13/25 (52%),2/8 (25%),33%,5,5/16 (31%),4/11 (36%),1/5 (20%),100%,2,3,18,8,,1,,,,,1
14994250,217,76910,NORMAL,REGULAR,Round of 16,CUP,2527,Borussia M'gladbach,Local,2ND,02/12/2025,5,1,50%,0.00,2,7,2,0,6,300,3,4,1,,4,0,2,1,4,3,1,1,0,,,2,253,13,32,,12/30 (40%),4/12 (33%),39%,5,10/27 (37%),8/19 (42%),3/6 (50%),67%,3,4,27,8,,2,,,,,3
14994250,217,76910,NORMAL,REGULAR,Round of 16,CUP,2526,FC St. Pauli,Visita,ALL,02/12/2025,5,2,52%,0.00,3,11,5,0,7,637,17,8,2,,5,0,4,2,7,4,2,1,3,16,,2,537,12,59,93/135 (69%),17/44 (39%),1/9 (11%),63%,3,28/43 (65%),18/30 (60%),3/5 (60%),53%,17,8,52,34,1,5,,1,1,,11
14994250,217,76910,NORMAL,REGULAR,Round of 16,CUP,2526,FC St. Pauli,Visita,1ST,02/12/2025,5,1,54%,0.00,1,4,2,0,3,320,9,2,1,,2,0,1,1,3,1,1,0,3,,,2,273,8,29,,6/19 (32%),0/5 (0%),67%,2,11/16 (69%),7/11 (64%),0/0 (0%),56%,9,4,23,14,,2,,,,,6
14994250,217,76910,NORMAL,REGULAR,Round of 16,CUP,2526,FC St. Pauli,Visita,2ND,02/12/2025,5,1,50%,0.00,2,7,3,0,4,317,8,6,1,,3,0,3,1,4,3,1,1,0,,,0,264,4,30,,11/25 (44%),1/4 (25%),61%,1,17/27 (63%),11/19 (58%),3/5 (60%),50%,8,4,29,20,,3,,,,,5
14065171,35,77333,NORMAL,REGULAR,Round 13,LEAGUE,2671,1. FC Köln,Local,ALL,06/12/2025,13,1,58%,1.91,4,11,0,5,6,589,8,6,0,,8,1,1,2,6,5,1,3,,16,0,2,502,28,53,53/85 (62%),26/68 (38%),2/12 (17%),45%,11,19/46 (41%),12/23 (52%),5/11 (45%),63%,8,6,44,25,,0,-0.69,0,,1,5
14065171,35,77333,NORMAL,REGULAR,Round 13,LEAGUE,2671,1. FC Köln,Local,1ST,06/12/2025,13,0,57%,0.81,2,4,0,1,3,304,5,1,0,,3,1,1,0,4,0,0,2,,,0,2,265,13,21,,11/27 (41%),2/6 (33%),33%,2,7/19 (37%),2/8 (25%),1/4 (25%),60%,5,3,24,11,,0,,,,,2
14065171,35,77333,NORMAL,REGULAR,Round 13,LEAGUE,2671,1. FC Köln,Local,2ND,06/12/2025,13,1,59%,1.10,2,7,0,4,3,285,3,5,0,,5,0,0,2,2,5,1,1,,,0,0,237,15,32,,15/41 (37%),0/6 (0%),52%,9,12/27 (44%),10/15 (67%),4/7 (57%),67%,3,3,20,14,,0,,,,,3
14065171,35,77333,NORMAL,REGULAR,Round 13,LEAGUE,2526,FC St. Pauli,Visita,ALL,06/12/2025,13,1,42%,0.14,1,5,6,4,6,408,17,6,1,,1,0,2,2,2,3,0,1,,8,1,3,332,7,55,76/116 (66%),19/45 (42%),2/19 (11%),55%,5,27/46 (59%),11/23 (48%),5/8 (63%),53%,17,12,37,28,,6,2.06,1,,0,8
14065171,35,77333,NORMAL,REGULAR,Round 13,LEAGUE,2526,FC St. Pauli,Visita,1ST,06/12/2025,13,0,43%,0.02,0,1,2,3,1,219,5,3,0,,0,0,0,1,0,1,0,0,,,0,2,183,0,30,,14/26 (54%),0/10 (0%),67%,3,12/19 (63%),6/8 (75%),5/7 (71%),80%,5,8,20,11,,2,,,,,5
14065171,35,77333,NORMAL,REGULAR,Round 13,LEAGUE,2526,FC St. Pauli,Visita,2ND,06/12/2025,13,1,41%,0.12,1,4,4,1,5,189,12,3,1,,1,0,2,1,2,2,0,1,,,1,1,149,7,25,,5/19 (26%),2/9 (22%),48%,2,15/27 (56%),5/15 (33%),0/1 (0%),42%,12,4,17,17,,4,,,,,3
14062155,35,77333,NORMAL,REGULAR,Round 14,LEAGUE,2526,FC St. Pauli,Local,ALL,13/12/2025,14,2,36%,0.80,2,8,6,4,6,347,3,15,2,1,5,0,2,1,7,1,0,2,2,18,1,0,249,14,67,84/134 (63%),24/78 (31%),3/14 (21%),41%,5,15/35 (43%),22/55 (40%),2/6 (33%),100%,3,9,41,50,1,6,1.59,2,1,,8
14062155,35,77333,NORMAL,REGULAR,Round 14,LEAGUE,2526,FC St. Pauli,Local,1ST,13/12/2025,14,1,53%,0.70,2,7,0,2,5,267,3,5,1,1,4,0,2,1,6,1,0,2,2,,0,0,213,10,40,,15/39 (38%),3/11 (27%),35%,3,8/21 (38%),8/25 (32%),1/5 (20%),100%,3,4,23,12,,0,,,,,3
14062155,35,77333,NORMAL,REGULAR,Round 14,LEAGUE,2526,FC St. Pauli,Local,2ND,13/12/2025,14,1,18%,0.11,0,1,6,2,1,80,0,10,1,0,1,0,0,0,1,0,0,0,0,,1,0,36,4,27,,9/39 (23%),0/3 (0%),48%,2,7/14 (50%),14/30 (47%),1/1 (100%),0%,0,5,18,38,,6,,,,,5
14062155,35,77333,NORMAL,REGULAR,Round 14,LEAGUE,5885,1. FC Heidenheim,Visita,ALL,13/12/2025,14,1,64%,2.44,3,20,2,11,15,594,9,6,3,0,7,0,6,7,14,6,1,2,1,45,0,5,497,17,83,120/167 (72%),26/51 (51%),10/40 (25%),59%,1,20/35 (57%),33/55 (60%),7/9 (78%),78%,9,5,51,21,0,2,-0.98,0,0,,5
14062155,35,77333,NORMAL,REGULAR,Round 14,LEAGUE,5885,1. FC Heidenheim,Visita,1ST,13/12/2025,14,0,47%,0.14,0,2,2,1,5,244,7,5,1,0,0,0,1,1,1,1,0,0,0,,0,3,183,6,31,,14/33 (42%),1/3 (33%),65%,1,13/21 (62%),17/25 (68%),3/5 (60%),71%,7,2,23,15,,2,,,,,5
14062155,35,77333,NORMAL,REGULAR,Round 14,LEAGUE,5885,1. FC Heidenheim,Visita,2ND,13/12/2025,14,1,82%,2.30,3,18,0,10,10,350,2,1,2,0,7,0,5,6,13,5,1,2,1,,0,2,314,11,52,,12/18 (67%),9/37 (24%),52%,0,7/14 (50%),16/30 (53%),4/4 (100%),100%,2,3,28,6,,0,,,,,0
14062159,35,77333,NORMAL,REGULAR,Round 15,LEAGUE,2556,1. FSV Mainz 05,Local,ALL,21/12/2025,15,0,53%,1.12,5,13,1,9,5,404,8,9,1,,1,0,5,7,10,3,,5,,21,4,1,311,35,50,73/128 (57%),18/43 (42%),5/22 (23%),45%,11,19/42 (45%),22/49 (45%),3/9 (33%),100%,8,10,41,48,0,1,0.70,0,0,,2
14062159,35,77333,NORMAL,REGULAR,Round 15,LEAGUE,2556,1. FSV Mainz 05,Local,1ST,21/12/2025,15,0,54%,0.60,2,5,1,5,4,209,3,4,1,,0,0,0,5,4,1,,2,,,1,1,169,16,24,,10/22 (45%),1/10 (10%),47%,5,9/21 (43%),13/26 (50%),2/5 (40%),100%,3,7,20,28,,1,,,,,2
14062159,35,77333,NORMAL,REGULAR,Round 15,LEAGUE,2556,1. FSV Mainz 05,Local,2ND,21/12/2025,15,0,53%,0.53,3,8,0,4,1,195,5,5,0,,1,0,5,2,6,2,,3,,,3,0,142,19,26,,8/21 (38%),4/12 (33%),43%,6,10/21 (48%),9/23 (39%),1/4 (25%),100%,5,3,21,20,,0,,,,,0
14062159,35,77333,NORMAL,REGULAR,Round 15,LEAGUE,2526,FC St. Pauli,Visita,ALL,21/12/2025,15,0,47%,0.30,0,5,1,5,9,366,17,5,1,,1,0,1,3,2,3,,0,,12,0,0,255,30,62,37/90 (41%),21/69 (30%),1/14 (7%),55%,4,23/42 (55%),27/49 (55%),2/6 (33%),47%,17,11,41,44,1,1,0.13,1,1,,9
14062159,35,77333,NORMAL,REGULAR,Round 15,LEAGUE,2526,FC St. Pauli,Visita,1ST,21/12/2025,15,0,46%,0.13,0,1,0,5,4,180,8,4,0,,1,0,0,0,1,0,,0,,,0,0,127,15,34,,9/31 (29%),0/10 (0%),53%,1,12/21 (57%),13/26 (50%),1/3 (33%),63%,8,5,20,24,,0,,,,,0
14062159,35,77333,NORMAL,REGULAR,Round 15,LEAGUE,2526,FC St. Pauli,Visita,2ND,21/12/2025,15,0,47%,0.17,0,4,1,0,5,186,9,1,1,,0,0,1,3,1,3,,0,,,0,0,128,15,28,,12/38 (32%),1/4 (25%),57%,3,11/21 (52%),14/23 (61%),1/3 (33%),33%,9,6,21,20,,1,,,,,9
14062164,35,77333,NORMAL,REGULAR,Round 17,LEAGUE,2524,VfL Wolfsburg,Local,ALL,14/01/2026,17,2,61%,1.88,2,13,3,7,10,620,13,8,1,,5,0,4,4,9,4,2,1,,21,1,4,539,16,84,117/165 (71%),38/63 (60%),8/25 (32%),47%,7,26/61 (43%),18/33 (55%),6/17 (35%),46%,13,5,44,13,1,3,0.24,2,,,7
14062164,35,77333,NORMAL,REGULAR,Round 17,LEAGUE,2524,VfL Wolfsburg,Local,1ST,14/01/2026,17,1,61%,1.48,1,8,1,2,5,321,5,3,0,,2,0,4,2,6,2,1,1,,,1,1,281,10,39,,20/34 (59%),4/12 (33%),49%,2,9/23 (39%),8/12 (67%),2/5 (40%),60%,5,3,21,7,,1,,,,,2
14062164,35,77333,NORMAL,REGULAR,Round 17,LEAGUE,2524,VfL Wolfsburg,Local,2ND,14/01/2026,17,1,61%,0.40,1,5,2,5,5,299,8,5,1,,3,0,0,2,3,2,1,0,,,0,3,258,6,45,,18/29 (62%),4/13 (31%),46%,5,17/38 (45%),10/21 (48%),4/12 (33%),38%,8,2,23,6,,2,,,,,5
14062164,35,77333,NORMAL,REGULAR,Round 17,LEAGUE,2526,FC St. Pauli,Visita,ALL,14/01/2026,17,1,39%,0.89,2,9,3,4,9,396,18,10,2,,4,0,4,1,4,5,0,2,,11,1,2,307,16,49,55/86 (64%),22/58 (38%),4/12 (33%),53%,8,35/61 (57%),15/33 (45%),7/12 (58%),50%,18,5,43,30,0,3,-0.13,1,,,7
14062164,35,77333,NORMAL,REGULAR,Round 17,LEAGUE,2526,FC St. Pauli,Visita,1ST,14/01/2026,17,1,39%,0.80,2,5,1,3,4,200,5,5,0,,2,0,2,1,4,1,0,2,,,1,1,156,7,21,,8/25 (32%),4/8 (50%),51%,3,14/23 (61%),4/12 (33%),4/6 (67%),80%,5,5,22,10,,1,,,,,6
14062164,35,77333,NORMAL,REGULAR,Round 17,LEAGUE,2526,FC St. Pauli,Visita,2ND,14/01/2026,17,0,39%,0.09,0,4,2,1,5,196,13,5,2,,2,0,2,0,0,4,0,0,,,1,1,151,9,28,,14/33 (42%),1/4 (0%),54%,5,21/38 (55%),11/21 (52%),3/6 (50%),38%,13,0,21,20,,2,,,,,1
14062168,35,77333,NORMAL,REGULAR,Round 18,LEAGUE,2673,Borussia Dortmund,Local,ALL,17/01/2026,18,3,63%,3.20,4,10,3,5,9,645,10,10,3,,6,0,3,1,7,3,3,1,1,23,3,1,558,20,91,125/169 (74%),32/56 (57%),4/16 (25%),50%,6,33/70 (47%),19/33 (58%),13/29 (45%),70%,10,7,54,20,0,3,-0.90,,2,0,5
14062168,35,77333,NORMAL,REGULAR,Round 18,LEAGUE,2673,Borussia Dortmund,Local,1ST,17/01/2026,18,1,61%,1.18,2,4,1,1,7,299,6,6,2,,2,0,2,0,3,1,1,1,1,,1,0,256,15,39,,15/26 (58%),3/8 (38%),44%,3,14/36 (39%),9/16 (56%),3/13 (23%),67%,6,3,27,9,,1,,,,,3
14062168,35,77333,NORMAL,REGULAR,Round 18,LEAGUE,2673,Borussia Dortmund,Local,2ND,17/01/2026,18,2,66%,2.03,2,6,2,4,2,346,4,4,1,,4,0,1,1,4,2,2,1,1,,2,1,302,5,52,,17/30 (57%),1/8 (13%),57%,3,19/34 (56%),10/17 (59%),10/16 (63%),75%,4,4,27,11,,2,,,,,2
14062168,35,77333,NORMAL,REGULAR,Round 18,LEAGUE,2526,FC St. Pauli,Visita,ALL,17/01/2026,18,2,37%,0.54,1,9,2,5,11,362,22,9,1,,5,1,1,3,7,2,0,1,1,14,2,2,267,18,48,52/93 (56%),22/61 (36%),6/18 (33%),50%,5,37/70 (53%),14/33 (42%),7/12 (58%),68%,22,12,49,27,2,2,0.95,,0,1,11
14062168,35,77333,NORMAL,REGULAR,Round 18,LEAGUE,2526,FC St. Pauli,Visita,1ST,17/01/2026,18,0,39%,0.33,1,3,0,1,6,189,13,7,1,,1,0,1,1,3,0,0,1,0,,1,1,138,8,29,,12/29 (41%),2/7 (29%),56%,4,22/36 (61%),7/16 (44%),3/5 (60%),62%,13,7,25,9,,0,,,,,5
14062168,35,77333,NORMAL,REGULAR,Round 18,LEAGUE,2526,FC St. Pauli,Visita,2ND,17/01/2026,18,2,34%,0.22,0,6,2,4,5,173,9,2,0,,4,1,0,2,4,2,0,0,1,,1,1,129,10,19,,10/32 (31%),4/11 (36%),43%,1,15/34 (44%),7/17 (41%),4/7 (57%),78%,9,5,24,18,,2,,,,,6
14062185,35,77333,NORMAL,REGULAR,Round 19,LEAGUE,2526,FC St. Pauli,Local,ALL,23/01/2026,19,0,43%,0.33,,8,2,5,15,420,16,13,1,,3,0,4,1,5,3,,,0,16,3,0,325,23,59,57/103 (55%),13/51 (25%),4/17 (24%),47%,6,32/62 (52%),15/39 (38%),3/10 (30%),56%,16,7,46,26,0,2,0.19,0,,1,5
14062185,35,77333,NORMAL,REGULAR,Round 19,LEAGUE,2526,FC St. Pauli,Local,1ST,23/01/2026,19,0,43%,0.03,,2,1,1,8,214,9,5,1,,0,0,2,0,0,2,,,0,,1,0,167,14,26,,7/26 (27%),1/5 (20%),42%,3,14/29 (48%),6/19 (32%),1/4 (25%),56%,9,4,18,13,,1,,,,,3
14062185,35,77333,NORMAL,REGULAR,Round 19,LEAGUE,2526,FC St. Pauli,Local,2ND,23/01/2026,19,0,42%,0.30,,6,1,4,7,206,7,8,0,,3,0,2,1,5,1,,,0,,2,0,158,9,33,,6/25 (24%),3/12 (25%),51%,3,18/33 (55%),9/20 (45%),3/6 (50%),57%,7,3,28,13,,1,,,,,2
14062185,35,77333,NORMAL,REGULAR,Round 19,LEAGUE,2676,Hamburger SV,Visita,ALL,23/01/2026,19,0,57%,0.35,,5,3,4,13,581,13,15,1,,2,0,1,2,2,3,,,1,14,0,3,496,15,63,54/99 (55%),32/63 (51%),1/13 (8%),53%,5,30/62 (48%),24/39 (62%),2/13 (15%),62%,13,9,41,35,1,3,0.18,1,,1,6
14062185,35,77333,NORMAL,REGULAR,Round 19,LEAGUE,2676,Hamburger SV,Visita,1ST,23/01/2026,19,0,57%,0.09,,1,0,1,5,289,7,8,1,,1,0,0,0,0,1,,,0,,0,3,246,7,30,,12/30 (40%),0/5 (0%),58%,3,15/29 (52%),13/19 (68%),1/6 (17%),57%,7,3,17,15,,0,,,,,3
14062185,35,77333,NORMAL,REGULAR,Round 19,LEAGUE,2676,Hamburger SV,Visita,2ND,23/01/2026,19,0,58%,0.27,,4,3,3,8,292,6,7,0,,1,0,1,2,2,2,,,1,,0,0,250,8,33,,20/33 (61%),1/8 (13%),49%,2,15/33 (45%),11/20 (55%),2/7 (29%),67%,6,6,24,20,,3,,,,,3
15362429,35,77333,NORMAL,REGULAR,Round 16,LEAGUE,2526,FC St. Pauli,Local,ALL,27/01/2026,16,1,46%,1.45,2,7,5,4,6,513,25,7,0,,2,0,3,2,3,4,1,1,1,18,1,5,398,20,66,76/127 (60%),21/55 (38%),2/14 (14%),58%,3,39/65 (60%),15/28 (54%),6/13 (46%),56%,25,16,68,21,0,5,0.60,1,,,9
15362429,35,77333,NORMAL,REGULAR,Round 16,LEAGUE,2526,FC St. Pauli,Local,1ST,27/01/2026,16,0,44%,0.49,1,2,3,1,3,269,15,3,0,,0,0,1,1,1,1,0,1,1,,0,3,214,6,24,,14/32 (44%),0/4 (0%),57%,2,19/33 (58%),6/11 (55%),1/5 (20%),53%,15,9,38,9,,3,,,,,6
15362429,35,77333,NORMAL,REGULAR,Round 16,LEAGUE,2526,FC St. Pauli,Local,2ND,27/01/2026,16,1,49%,0.96,1,5,2,3,3,244,10,4,0,,2,0,2,1,2,3,1,0,0,,1,2,184,14,42,,7/23 (30%),2/10 (20%),59%,1,20/32 (63%),9/17 (53%),5/8 (63%),60%,10,7,30,12,,2,,,,,3
15362429,35,77333,NORMAL,REGULAR,Round 16,LEAGUE,36360,RB Leipzig,Visita,ALL,27/01/2026,16,1,54%,1.04,2,12,1,3,8,603,10,6,1,,5,1,5,2,9,3,0,2,1,34,0,3,508,22,52,101/149 (68%),21/54 (39%),4/9 (44%),42%,14,26/65 (40%),13/28 (46%),11/22 (50%),60%,10,6,61,33,1,1,0.25,0,,,6
15362429,35,77333,NORMAL,REGULAR,Round 16,LEAGUE,36360,RB Leipzig,Visita,1ST,27/01/2026,16,0,56%,0.68,1,8,0,1,3,346,6,3,0,,2,1,4,2,6,2,0,1,1,,0,2,293,10,33,,9/26 (35%),3/6 (50%),43%,10,14/33 (42%),5/11 (45%),5/10 (50%),50%,6,4,36,11,,0,,,,,1
15362429,35,77333,NORMAL,REGULAR,Round 16,LEAGUE,36360,RB Leipzig,Visita,2ND,27/01/2026,16,1,51%,0.36,1,4,1,2,5,257,4,3,1,,3,0,1,0,3,1,0,1,0,,0,1,215,12,19,,12/28 (43%),1/3 (33%),41%,4,12/32 (38%),8/17 (47%),6/12 (50%),75%,4,2,25,22,,1,,,,,5
14062195,35,77333,NORMAL,REGULAR,Round 20,LEAGUE,2600,FC Augsburg,Local,ALL,31/01/2026,20,2,44%,1.13,5,12,3,5,15,417,13,13,3,,6,1,2,4,6,6,2,3,1,18,2,1,323,21,38,53/87 (61%),34/66 (52%),3/16 (19%),53%,7,28/59 (47%),29/48 (60%),2/13 (15%),77%,13,10,51,33,,3,0.67,,,,11
14062195,35,77333,NORMAL,REGULAR,Round 20,LEAGUE,2600,FC Augsburg,Local,1ST,31/01/2026,20,1,54%,0.97,4,9,1,3,5,250,5,4,2,,4,1,2,3,5,4,1,3,0,,1,1,205,13,19,,18/32 (56%),1/10 (10%),48%,2,9/23 (39%),14/25 (56%),1/6 (17%),80%,5,3,22,13,,1,,,,,6
14062195,35,77333,NORMAL,REGULAR,Round 20,LEAGUE,2600,FC Augsburg,Local,2ND,31/01/2026,20,1,35%,0.16,1,3,2,2,10,167,8,9,1,,2,0,0,1,1,2,1,0,1,,1,0,118,8,19,,16/34 (47%),2/6 (33%),58%,5,19/36 (53%),15/23 (65%),2/7 (29%),75%,8,7,29,20,,2,,,,,5
14062195,35,77333,NORMAL,REGULAR,Round 20,LEAGUE,2526,FC St. Pauli,Visita,ALL,31/01/2026,20,1,56%,2.46,5,17,4,5,13,526,18,14,1,,5,0,5,7,12,5,1,4,0,28,3,1,429,22,69,74/136 (54%),19/52 (37%),3/15 (20%),47%,9,31/59 (53%),19/48 (40%),3/7 (43%),61%,18,9,50,28,,4,0.27,,,,5
14062195,35,77333,NORMAL,REGULAR,Round 20,LEAGUE,2526,FC St. Pauli,Visita,1ST,31/01/2026,20,1,46%,1.73,3,10,3,4,4,219,8,4,0,,3,0,4,3,6,4,1,2,0,,2,1,179,10,26,,7/21 (33%),2/5 (40%),52%,4,14/23 (61%),11/25 (44%),2/3 (67%),63%,8,5,25,17,,3,,,,,3
14062195,35,77333,NORMAL,REGULAR,Round 20,LEAGUE,2526,FC St. Pauli,Visita,2ND,31/01/2026,20,0,65%,0.73,2,7,1,1,9,307,10,10,1,,2,0,1,4,6,1,0,2,0,,1,0,250,12,43,,12/31 (39%),1/10 (10%),42%,5,17/36 (47%),8/23 (35%),1/4 (25%),60%,10,4,25,11,,1,,,,,2
15193714,217,76910,NORMAL,REGULAR,Quarterfinals,CUP,2681,Bayer 04 Leverkusen,Local,ALL,03/02/2026,27,3,61%,0.00,3,8,,4,6,798,12,14,1,,4,1,2,2,6,2,2,1,,17,,2,724,12,49,56/81 (69%),23/45 (51%),3/9 (33%),46%,18,33/72 (46%),7/15 (47%),7/17 (41%),92%,12,15,48,18,1,,,,1,2,5
15193714,217,76910,NORMAL,REGULAR,Quarterfinals,CUP,2681,Bayer 04 Leverkusen,Local,1ST,03/02/2026,27,1,57%,0.00,1,4,,1,4,376,8,8,1,,2,0,0,2,4,0,0,1,,,,0,334,8,24,,12/27 (44%),1/2 (50%),47%,7,19/37 (51%),3/10 (30%),3/8 (38%),88%,8,12,22,9,,,,,,,5
15193714,217,76910,NORMAL,REGULAR,Quarterfinals,CUP,2681,Bayer 04 Leverkusen,Local,2ND,03/02/2026,27,2,66%,0.00,2,4,,3,2,422,4,6,0,,2,1,2,0,2,2,2,0,,,,2,390,4,25,,11/18 (61%),2/7 (29%),45%,11,14/35 (40%),4/5 (80%),4/9 (44%),100%,4,3,26,9,,,,,,,0
15193714,217,76910,NORMAL,REGULAR,Quarterfinals,CUP,2526,FC St. Pauli,Visita,ALL,03/02/2026,27,0,39%,0.00,3,10,,5,14,505,28,6,2,,1,0,3,6,7,3,0,3,,28,,2,414,15,47,72/114 (63%),19/49 (39%),2/9 (22%),54%,5,39/72 (54%),8/15 (53%),6/13 (46%),57%,28,9,46,15,2,,,,0,0,1
15193714,217,76910,NORMAL,REGULAR,Quarterfinals,CUP,2526,FC St. Pauli,Visita,1ST,03/02/2026,27,0,43%,0.00,3,8,,2,8,287,12,4,1,,1,0,3,4,6,2,0,3,,,,1,232,12,25,,11/25 (44%),1/3 (33%),53%,3,18/37 (49%),7/10 (70%),2/7 (29%),67%,12,3,25,9,,,,,,,0
15193714,217,76910,NORMAL,REGULAR,Quarterfinals,CUP,2526,FC St. Pauli,Visita,2ND,03/02/2026,27,0,34%,0.00,0,2,,3,6,218,16,2,1,,0,0,0,2,1,1,0,0,,,,1,182,3,22,,8/24 (33%),1/6 (17%),55%,2,21/35 (60%),1/5 (20%),4/6 (67%),50%,16,6,21,6,,,,,,,1
14062201,35,77333,NORMAL,REGULAR,Round 21,LEAGUE,2526,FC St. Pauli,Local,ALL,07/02/2026,21,2,32%,1.95,2,15,2,5,9,307,8,9,0,,7,0,3,5,10,5,1,1,1,22,2,0,223,17,58,70/113 (62%),19/62 (31%),4/13 (31%),43%,8,18/47 (38%),14/27 (52%),2/7 (29%),63%,8,12,55,36,1,2,-0.57,,1,2,4
14062201,35,77333,NORMAL,REGULAR,Round 21,LEAGUE,2526,FC St. Pauli,Local,1ST,07/02/2026,21,1,38%,0.63,0,9,1,2,7,199,0,3,0,,3,0,2,4,6,3,0,0,1,,0,0,157,10,30,,12/30 (40%),1/6 (17%),31%,4,5/25 (20%),6/11 (55%),2/7 (29%),0%,0,8,31,18,,1,,,,,2
14062201,35,77333,NORMAL,REGULAR,Round 21,LEAGUE,2526,FC St. Pauli,Local,2ND,07/02/2026,21,1,25%,1.32,2,6,1,3,2,108,8,6,0,,4,0,1,1,4,2,1,1,0,,2,0,66,7,28,,7/32 (22%),3/7 (43%),55%,4,13/22 (59%),8/16 (50%),0/0 (0%),63%,8,4,24,18,,1,,,,,2
14062201,35,77333,NORMAL,REGULAR,Round 21,LEAGUE,2677,VfB Stuttgart,Visita,ALL,07/02/2026,21,1,68%,0.86,2,7,5,5,10,660,13,9,2,,3,1,2,2,5,2,0,2,1,26,2,2,567,24,72,99/146 (68%),22/46 (48%),6/19 (32%),57%,4,29/47 (62%),13/27 (48%),7/11 (64%),69%,13,7,49,16,0,5,0.77,,0,0,5
14062201,35,77333,NORMAL,REGULAR,Round 21,LEAGUE,2677,VfB Stuttgart,Visita,1ST,07/02/2026,21,0,62%,0.24,1,1,2,3,3,331,9,7,0,,1,1,1,0,1,0,0,1,1,,2,0,281,12,30,,12/24 (50%),2/7 (29%),69%,0,20/25 (80%),5/11 (45%),4/4 (100%),78%,9,4,26,10,,2,,,,,2
14062201,35,77333,NORMAL,REGULAR,Round 21,LEAGUE,2677,VfB Stuttgart,Visita,2ND,07/02/2026,21,1,75%,0.62,1,6,3,2,7,329,4,2,2,,2,0,2,2,4,2,0,1,1,,0,2,286,12,42,,10/22 (45%),4/12 (33%),45%,4,9/22 (41%),8/16 (50%),3/7 (43%),50%,4,3,23,6,,3,,,,,3
14062206,35,77333,NORMAL,REGULAR,Round 22,LEAGUE,2681,Bayer 04 Leverkusen,Local,ALL,14/02/2026,22,4,68%,1.58,5,12,1,8,7,846,8,11,0,,7,0,5,0,8,4,3,2,,28,2,2,754,16,69,153/195 (78%),25/52 (48%),4/18 (22%),47%,7,22/50 (44%),8/14 (57%),4/16 (25%),63%,8,7,53,20,0,1,0.07,0,0,0,6
14062206,35,77333,NORMAL,REGULAR,Round 22,LEAGUE,2681,Bayer 04 Leverkusen,Local,1ST,14/02/2026,22,2,68%,0.94,3,4,0,2,2,418,5,6,0,,3,0,1,0,4,0,2,1,,,1,2,372,7,38,,14/31 (45%),2/10 (20%),59%,2,14/25 (56%),5/7 (71%),4/8 (50%),60%,5,5,26,13,,0,,,,,2
14062206,35,77333,NORMAL,REGULAR,Round 22,LEAGUE,2681,Bayer 04 Leverkusen,Local,2ND,14/02/2026,22,2,69%,0.64,2,8,1,6,5,428,3,5,0,,4,0,4,0,4,4,1,1,,,1,0,382,9,31,,11/21 (52%),2/8 (25%),34%,5,8/25 (32%),3/7 (43%),0/8 (0%),67%,3,2,27,7,,1,,,,,4
14062206,35,77333,NORMAL,REGULAR,Round 22,LEAGUE,2526,FC St. Pauli,Visita,ALL,14/02/2026,22,0,32%,0.52,1,11,3,3,11,383,19,7,1,,1,0,5,5,6,5,0,1,,12,1,3,302,20,40,60/95 (63%),16/41 (39%),4/16 (25%),53%,5,28/50 (56%),6/14 (43%),5/8 (63%),47%,19,18,42,27,1,3,-2.22,1,1,1,4
14062206,35,77333,NORMAL,REGULAR,Round 22,LEAGUE,2526,FC St. Pauli,Visita,1ST,14/02/2026,22,0,32%,0.24,0,7,1,3,6,199,6,2,0,,0,0,2,5,4,3,0,0,,,0,2,153,11,16,,12/25 (48%),2/7 (29%),41%,3,11/25 (44%),2/7 (29%),4/6 (67%),67%,6,9,20,11,,1,,,,,2
14062206,35,77333,NORMAL,REGULAR,Round 22,LEAGUE,2526,FC St. Pauli,Visita,2ND,14/02/2026,22,0,31%,0.28,1,4,2,0,5,184,13,5,1,,1,0,3,0,2,2,0,1,,,1,1,149,9,24,,4/16 (25%),2/9 (22%),66%,2,17/25 (68%),4/7 (57%),1/2 (50%),38%,13,9,22,16,,2,,,,,2
14062221,35,77333,NORMAL,REGULAR,Round 23,LEAGUE,2526,FC St. Pauli,Local,ALL,22/02/2026,23,2,42%,0.20,0,4,3,1,6,408,15,10,2,,4,0,0,0,4,0,0,0,0,10,2,5,312,27,45,48/91 (53%),13/44 (30%),3/14 (21%),58%,10,32/56 (57%),16/27 (59%),7/12 (58%),60%,15,13,51,41,2,3,0.95,,1,0,5
14062221,35,77333,NORMAL,REGULAR,Round 23,LEAGUE,2526,FC St. Pauli,Local,1ST,22/02/2026,23,0,40%,0.10,0,1,1,1,3,221,6,6,1,,1,0,0,0,1,0,0,0,0,,0,3,177,8,18,,6/21 (29%),1/4 (25%),53%,4,12/22 (55%),4/8 (50%),0/2 (0%),50%,6,5,20,12,,1,,,,,4
14062221,35,77333,NORMAL,REGULAR,Round 23,LEAGUE,2526,FC St. Pauli,Local,2ND,22/02/2026,23,2,45%,0.10,0,3,2,0,3,187,9,4,1,,3,0,0,0,3,0,0,0,0,,2,2,135,19,27,,7/23 (30%),2/10 (20%),60%,6,20/34 (59%),12/19 (63%),7/10 (70%),67%,9,8,31,29,,2,,,,,1
14062221,35,77333,NORMAL,REGULAR,Round 23,LEAGUE,2534,SV Werder Bremen,Visita,ALL,22/02/2026,23,1,58%,1.55,4,13,2,5,10,562,15,6,5,,4,0,5,4,11,2,1,3,1,26,2,1,460,28,66,93/142 (65%),28/66 (42%),4/21 (19%),42%,8,24/56 (43%),11/27 (41%),3/10 (30%),60%,15,11,45,25,0,2,-1.57,,0,1,4
14062221,35,77333,NORMAL,REGULAR,Round 23,LEAGUE,2534,SV Werder Bremen,Visita,1ST,22/02/2026,23,0,60%,0.77,2,7,1,2,6,331,6,3,1,,1,0,3,3,5,2,0,2,1,,1,0,283,13,30,,17/32 (53%),1/10 (10%),47%,4,10/22 (45%),4/8 (50%),1/3 (33%),67%,6,5,19,8,,1,,,,,1
14062221,35,77333,NORMAL,REGULAR,Round 23,LEAGUE,2534,SV Werder Bremen,Visita,2ND,22/02/2026,23,1,55%,0.77,2,6,1,3,4,231,9,3,4,,3,0,2,1,6,0,1,1,0,,1,1,177,15,36,,11/34 (32%),3/11 (27%),40%,4,14/34 (41%),7/19 (37%),2/7 (29%),56%,9,6,26,17,,1,,,,,3
14062231,35,77333,NORMAL,REGULAR,Round 24,LEAGUE,2569,TSG Hoffenheim,Local,ALL,28/02/2026,24,0,65%,2.80,5,20,2,10,13,567,12,7,1,,11,1,8,1,15,5,0,5,2,41,2,4,455,26,100,121/200 (61%),31/58 (53%),12/32 (38%),51%,9,22/53 (42%),33/55 (60%),5/10 (50%),92%,12,8,57,34,0,2,-0.09,2,0,1,5
14062231,35,77333,NORMAL,REGULAR,Round 24,LEAGUE,2569,TSG Hoffenheim,Local,1ST,28/02/2026,24,0,57%,1.81,3,11,1,4,6,261,3,3,1,,7,0,3,1,10,1,0,3,1,,1,1,205,11,43,,13/27 (48%),6/14 (43%),53%,1,7/16 (44%),14/24 (58%),2/4 (50%),100%,3,3,27,16,,1,,,,,3
14062231,35,77333,NORMAL,REGULAR,Round 24,LEAGUE,2569,TSG Hoffenheim,Local,2ND,28/02/2026,24,0,73%,0.99,2,9,1,6,7,306,9,4,0,,4,1,5,1,5,4,0,2,1,,1,3,250,15,57,,18/31 (58%),6/18 (33%),50%,9,15/37 (41%),19/31 (61%),3/6 (50%),89%,9,5,30,18,,1,,,,,2
14062231,35,77333,NORMAL,REGULAR,Round 24,LEAGUE,2526,FC St. Pauli,Visita,ALL,28/02/2026,24,1,35%,0.78,1,11,11,3,7,305,14,13,2,,3,0,5,3,8,3,1,0,0,17,3,1,208,24,51,44/87 (51%),19/73 (26%),4/14 (29%),49%,5,31/53 (58%),22/55 (40%),6/13 (46%),64%,14,11,49,50,1,11,3.59,1,3,0,12
14062231,35,77333,NORMAL,REGULAR,Round 24,LEAGUE,2526,FC St. Pauli,Visita,1ST,28/02/2026,24,1,43%,0.73,1,9,7,3,3,191,2,6,1,,2,0,5,2,6,3,1,0,0,,2,1,142,13,23,,13/37 (35%),4/12 (33%),47%,2,9/16 (56%),10/24 (42%),2/3 (67%),100%,2,7,25,18,,7,,,,,5
14062231,35,77333,NORMAL,REGULAR,Round 24,LEAGUE,2526,FC St. Pauli,Visita,2ND,28/02/2026,24,0,27%,0.06,0,2,4,0,4,114,12,7,1,,1,0,0,1,2,0,0,0,0,,1,0,66,11,28,,6/36 (17%),0/2 (0%),50%,3,22/37 (59%),12/31 (39%),4/10 (40%),58%,12,4,24,32,,4,,,,,7
14065181,35,77333,NORMAL,REGULAR,Round 25,LEAGUE,2526,FC St. Pauli,Local,ALL,08/03/2026,25,0,28%,0.58,1,11,2,6,13,243,15,8,2,,2,2,4,5,6,5,,1,0,19,2,1,166,20,48,47/90 (52%),8/30 (27%),2/15 (13%),55%,6,34/61 (56%),11/21 (52%),11/14 (79%),67%,15,5,42,32,0,2,0.23,,,,2
14065181,35,77333,NORMAL,REGULAR,Round 25,LEAGUE,2526,FC St. Pauli,Local,1ST,08/03/2026,25,0,30%,0.35,1,6,0,2,3,140,10,5,0,,0,2,4,2,3,3,,1,0,,1,1,104,11,23,,3/14 (21%),1/8 (13%),61%,5,19/32 (59%),8/12 (67%),4/4 (100%),70%,10,4,21,16,,0,,,,,0
14065181,35,77333,NORMAL,REGULAR,Round 25,LEAGUE,2526,FC St. Pauli,Local,2ND,08/03/2026,25,0,25%,0.23,0,5,2,4,10,103,5,3,2,,2,0,0,3,3,2,,0,0,,1,0,62,9,25,,5/16 (31%),1/7 (14%),47%,1,15/29 (52%),3/9 (33%),7/10 (70%),60%,5,1,21,16,,2,,,,,2
14065181,35,77333,NORMAL,REGULAR,Round 25,LEAGUE,2674,Eintracht Frankfurt,Visita,ALL,08/03/2026,25,0,72%,0.38,0,8,2,5,8,679,9,13,1,,2,0,2,4,6,2,,0,2,18,3,1,607,15,78,103/139 (74%),31/60 (52%),3/15 (20%),45%,12,27/61 (44%),10/21 (48%),6/9 (67%),78%,9,15,45,20,1,2,0.44,,,,7
14065181,35,77333,NORMAL,REGULAR,Round 25,LEAGUE,2674,Eintracht Frankfurt,Visita,1ST,08/03/2026,25,0,70%,0.11,0,2,0,2,5,345,5,3,0,,0,0,0,2,1,1,,0,0,,1,0,306,5,35,,20/39 (51%),0/4 (0%),39%,7,13/32 (41%),4/12 (33%),5/8 (63%),80%,5,10,25,9,,0,,,,,5
14065181,35,77333,NORMAL,REGULAR,Round 25,LEAGUE,2674,Eintracht Frankfurt,Visita,2ND,08/03/2026,25,0,75%,0.27,0,6,2,3,3,334,4,10,1,,2,0,2,2,5,1,,0,2,,2,1,301,10,43,,11/21 (52%),3/11 (27%),53%,5,14/29 (48%),6/9 (67%),1/1 (100%),75%,4,5,20,11,,2,,,,,2
14065187,35,77333,NORMAL,REGULAR,Round 26,LEAGUE,2527,Borussia M'gladbach,Local,ALL,13/03/2026,26,2,40%,0.64,1,10,1,2,9,459,14,7,1,,4,0,4,2,7,3,,1,1,12,2,3,349,24,57,52/93 (56%),36/78 (46%),2/5 (40%),47%,8,22/51 (43%),17/32 (53%),2/10 (20%),71%,14,17,59,25,0,1,0.13,0,,,12
14065187,35,77333,NORMAL,REGULAR,Round 26,LEAGUE,2527,Borussia M'gladbach,Local,1ST,13/03/2026,26,1,52%,0.30,0,5,1,0,4,290,6,5,0,,2,0,1,2,2,3,,0,0,,2,2,233,14,34,,20/40 (50%),1/3 (33%),50%,2,12/23 (52%),7/15 (47%),1/4 (25%),100%,6,9,29,8,,1,,,,,4
14065187,35,77333,NORMAL,REGULAR,Round 26,LEAGUE,2527,Borussia M'gladbach,Local,2ND,13/03/2026,26,1,29%,0.34,1,5,0,2,5,169,8,2,1,,2,0,3,0,5,0,,1,1,,0,1,116,10,23,,16/38 (42%),1/2 (50%),44%,6,10/28 (36%),10/17 (59%),1/6 (17%),50%,8,8,30,17,,0,,,,,8
14065187,35,77333,NORMAL,REGULAR,Round 26,LEAGUE,2526,FC St. Pauli,Visita,ALL,13/03/2026,26,0,60%,0.51,1,8,2,2,7,683,16,9,2,,1,0,6,1,4,4,,1,0,23,1,1,560,25,88,162/230 (70%),13/35 (37%),3/18 (17%),53%,8,29/51 (57%),15/32 (47%),4/10 (40%),69%,16,8,63,22,2,2,-1.23,1,,,7
14065187,35,77333,NORMAL,REGULAR,Round 26,LEAGUE,2526,FC St. Pauli,Visita,1ST,13/03/2026,26,0,48%,0.32,1,5,1,1,5,270,5,4,2,,1,0,3,1,2,3,,1,0,,0,0,209,9,27,,4/16 (25%),1/3 (33%),50%,3,11/23 (48%),8/15 (53%),2/5 (40%),60%,5,4,29,15,,1,,,,,5
14065187,35,77333,NORMAL,REGULAR,Round 26,LEAGUE,2526,FC St. Pauli,Visita,2ND,13/03/2026,26,0,71%,0.18,0,3,1,1,2,413,11,5,0,,0,0,3,0,2,1,,0,0,,1,1,351,16,61,,9/19 (47%),2/15 (13%),56%,5,18/28 (64%),7/17 (41%),2/5 (40%),73%,11,4,34,7,,1,,,,,2
14065201,35,77333,NORMAL,REGULAR,Round 27,LEAGUE,2526,FC St. Pauli,Local,ALL,22/03/2026,27,1,49%,1.41,3,12,4,3,9,434,15,6,1,,5,0,5,2,7,5,1,2,,22,1,5,346,16,60,92/140 (66%),18/50 (36%),7/17 (41%),50%,6,23/48 (48%),16/30 (53%),3/9 (33%),73%,15,6,56,21,0,4,1.16,,,1,9
14065201,35,77333,NORMAL,REGULAR,Round 27,LEAGUE,2526,FC St. Pauli,Local,1ST,22/03/2026,27,1,38%,0.63,2,6,1,3,5,159,12,2,1,,4,0,1,1,3,3,1,1,,,1,3,122,6,22,,6/17 (35%),4/10 (40%),61%,3,16/25 (64%),7/13 (54%),2/2 (100%),75%,12,2,29,13,,1,,,,,5
14065201,35,77333,NORMAL,REGULAR,Round 27,LEAGUE,2526,FC St. Pauli,Local,2ND,22/03/2026,27,0,59%,0.78,1,6,3,0,4,275,3,4,0,,1,0,4,1,4,2,0,1,,,1,2,224,10,38,,12/33 (36%),3/7 (43%),40%,3,7/23 (30%),9/17 (53%),1/7 (14%),67%,3,4,27,8,,3,,,,,4
14065201,35,77333,NORMAL,REGULAR,Round 27,LEAGUE,2538,SC Freiburg,Visita,ALL,22/03/2026,27,2,51%,1.96,5,15,4,2,6,452,12,9,1,,6,0,6,3,13,2,2,3,,22,2,3,382,16,61,72/107 (67%),30/52 (58%),6/11 (55%),50%,10,25/48 (52%),14/30 (47%),5/10 (50%),58%,12,8,51,26,1,4,0.50,,,0,12
14065201,35,77333,NORMAL,REGULAR,Round 27,LEAGUE,2538,SC Freiburg,Visita,1ST,22/03/2026,27,0,62%,0.87,2,5,3,1,2,264,3,5,0,,1,0,3,1,5,0,0,2,,,1,0,229,13,29,,13/25 (52%),3/6 (50%),39%,9,9/25 (36%),6/13 (46%),2/5 (40%),100%,3,4,23,7,,3,,,,,4
14065201,35,77333,NORMAL,REGULAR,Round 27,LEAGUE,2538,SC Freiburg,Visita,2ND,22/03/2026,27,2,41%,1.09,3,10,1,1,4,188,9,4,1,,5,0,3,2,8,2,2,1,,,1,3,153,3,32,,17/27 (63%),3/5 (60%),60%,1,16/23 (70%),8/17 (47%),3/5 (60%),44%,9,4,28,19,,1,,,,,8
14065209,35,77333,NORMAL,REGULAR,Round 28,LEAGUE,2547,1. FC Union Berlin,Local,ALL,05/04/2026,28,1,55%,2.00,3,16,1,7,10,445,11,8,0,0,8,0,4,4,13,3,1,2,1,32,5,3,325,39,78,75/142 (53%),39/90 (43%),10/31 (32%),50%,12,22/57 (39%),36/58 (62%),3/11 (27%),55%,11,12,48,32,1,1,-0.93,0,0,,5
14065209,35,77333,NORMAL,REGULAR,Round 28,LEAGUE,2547,1. FC Union Berlin,Local,1ST,05/04/2026,28,0,53%,1.04,1,8,0,5,3,221,7,3,,0,4,0,3,1,7,1,0,1,1,,1,1,168,26,37,,21/46 (46%),4/19 (21%),49%,6,10/26 (38%),16/27 (59%),0/3 (0%),71%,7,2,18,11,,0,,,,,2
14065209,35,77333,NORMAL,REGULAR,Round 28,LEAGUE,2547,1. FC Union Berlin,Local,2ND,05/04/2026,28,1,58%,0.96,2,8,1,2,7,224,4,5,0,0,4,0,1,3,6,2,1,1,0,,4,2,157,13,41,,18/44 (41%),6/12 (50%),52%,6,12/31 (39%),20/31 (65%),3/8 (38%),25%,4,10,30,21,,1,,,,,3
14065209,35,77333,NORMAL,REGULAR,Round 28,LEAGUE,2526,FC St. Pauli,Visita,ALL,05/04/2026,28,1,45%,0.33,0,9,8,2,8,381,20,10,2,1,2,0,3,4,3,6,0,0,0,9,1,0,262,24,52,53/108 (49%),14/72 (19%),2/8 (25%),50%,8,35/57 (61%),22/58 (38%),5/8 (63%),55%,20,10,41,51,1,8,1.98,1,1,,8
14065209,35,77333,NORMAL,REGULAR,Round 28,LEAGUE,2526,FC St. Pauli,Visita,1ST,05/04/2026,28,1,47%,0.18,0,4,5,1,3,210,9,3,,0,1,0,1,2,2,2,0,0,0,,1,0,160,14,21,,7/30 (23%),1/5 (20%),51%,5,16/26 (62%),11/27 (41%),4/6 (67%),56%,9,6,19,28,,5,,,,,4
14065209,35,77333,NORMAL,REGULAR,Round 28,LEAGUE,2526,FC St. Pauli,Visita,2ND,05/04/2026,28,0,42%,0.15,0,5,3,1,5,171,11,7,2,1,1,0,2,2,1,4,0,0,0,,0,0,102,10,31,,7/42 (17%),1/3 (33%),48%,3,19/31 (61%),11/31 (35%),1/2 (50%),55%,11,4,22,23,,3,,,,,4
14065219,35,77333,NORMAL,REGULAR,Round 29,LEAGUE,2526,FC St. Pauli,Local,ALL,11/04/2026,29,0,23%,0.49,0,6,3,3,9,272,20,7,1,,3,0,2,1,4,2,0,0,0,8,0,2,200,11,31,22/41 (54%),10/46 (22%),3/8 (38%),44%,4,31/67 (46%),3/10 (30%),4/12 (33%),45%,20,8,48,30,1,3,-1.28,,,1,7
14065219,35,77333,NORMAL,REGULAR,Round 29,LEAGUE,2526,FC St. Pauli,Local,1ST,11/04/2026,29,0,30%,0.36,0,4,2,2,4,171,16,4,0,,1,0,2,1,3,1,0,0,0,,0,1,129,8,21,,8/32 (25%),3/6 (50%),51%,1,21/37 (57%),2/8 (25%),1/6 (17%),50%,16,3,21,10,,2,,,,,6
14065219,35,77333,NORMAL,REGULAR,Round 29,LEAGUE,2526,FC St. Pauli,Local,2ND,11/04/2026,29,0,16%,0.13,0,2,1,1,5,101,4,3,1,,2,0,0,1,1,1,0,0,0,,0,1,71,3,10,,2/14 (14%),0/2 (0%),34%,3,10/30 (33%),1/2 (50%),3/6 (50%),25%,4,5,27,20,,1,,,,,1
14065219,35,77333,NORMAL,REGULAR,Round 29,LEAGUE,2672,FC Bayern München,Visita,ALL,11/04/2026,29,5,77%,3.84,7,20,3,4,7,946,12,9,2,,8,2,5,7,16,4,4,3,2,43,6,3,873,20,100,212/255 (83%),29/47 (62%),1/8 (13%),56%,14,36/67 (54%),7/10 (70%),15/21 (71%),33%,12,7,54,6,0,3,0.27,,,0,6
14065219,35,77333,NORMAL,REGULAR,Round 29,LEAGUE,2672,FC Bayern München,Visita,1ST,11/04/2026,29,1,70%,1.62,3,11,1,0,4,411,6,4,1,,3,2,4,4,9,2,1,2,0,,3,2,371,10,36,,10/19 (53%),1/2 (50%),49%,12,16/37 (43%),6/8 (75%),6/10 (60%),33%,6,4,24,6,,1,,,,,4
14065219,35,77333,NORMAL,REGULAR,Round 29,LEAGUE,2672,FC Bayern München,Visita,2ND,11/04/2026,29,4,84%,2.22,4,9,2,4,3,535,6,5,1,,5,0,1,3,7,2,3,1,2,,3,1,502,10,64,,19/28 (68%),1/6 (0%),66%,2,20/30 (67%),1/2 (50%),9/11 (82%),33%,6,3,30,0,,2,,,,,2
14065229,35,77333,NORMAL,REGULAR,Round 30,LEAGUE,2526,FC St. Pauli,Local,ALL,17/04/2026,30,1,48%,2.01,5,14,0,8,6,421,12,2,4,,6,0,4,4,9,5,1,4,,19,0,3,335,25,59,76/130 (58%),10/41 (24%),7/18 (39%),35%,9,16/40 (40%),10/35 (29%),2/7 (29%),58%,12,9,43,27,2,0,-0.04,,1,,7
14065229,35,77333,NORMAL,REGULAR,Round 30,LEAGUE,2526,FC St. Pauli,Local,1ST,17/04/2026,30,0,57%,1.17,2,6,0,3,2,259,4,2,0,,3,0,3,0,4,2,0,2,,,0,1,216,14,36,,6/19 (32%),4/10 (40%),28%,8,7/19 (37%),3/17 (18%),1/2 (50%),50%,4,6,23,11,,0,,,,,3
14065229,35,77333,NORMAL,REGULAR,Round 30,LEAGUE,2526,FC St. Pauli,Local,2ND,17/04/2026,30,1,39%,0.84,3,8,0,5,4,162,8,0,4,,3,0,1,4,5,3,1,2,,,0,2,119,11,23,,4/22 (18%),3/8 (38%),41%,1,9/21 (43%),7/18 (39%),1/5 (20%),63%,8,3,20,16,,0,,,,,4
14065229,35,77333,NORMAL,REGULAR,Round 30,LEAGUE,2671,1. FC Köln,Visita,ALL,17/04/2026,30,1,52%,1.33,2,10,4,5,2,462,14,5,1,,1,1,5,4,6,4,1,1,,22,2,1,379,23,75,77/126 (61%),18/65 (28%),3/12 (25%),65%,3,24/40 (60%),25/35 (71%),4/13 (31%),71%,14,12,43,43,0,4,1.14,,1,,7
14065229,35,77333,NORMAL,REGULAR,Round 30,LEAGUE,2671,1. FC Köln,Visita,1ST,17/04/2026,30,0,43%,0.29,0,6,3,2,2,201,9,2,0,,0,0,3,3,3,3,0,0,,,0,0,153,12,33,,6/33 (18%),0/5 (0%),72%,0,12/19 (63%),14/17 (82%),1/5 (20%),67%,9,4,24,22,,3,,,,,4
14065229,35,77333,NORMAL,REGULAR,Round 30,LEAGUE,2671,1. FC Köln,Visita,2ND,17/04/2026,30,1,61%,1.04,2,4,1,3,0,261,5,4,1,,1,1,2,1,3,1,1,1,,,2,1,226,11,42,,12/32 (38%),3/7 (43%),59%,3,12/21 (57%),11/18 (61%),3/8 (38%),80%,5,8,19,21,,1,,,,,3
14065234,35,77333,NORMAL,REGULAR,Round 31,LEAGUE,5885,1. FC Heidenheim,Local,ALL,25/04/2026,31,2,45%,1.61,3,12,2,6,7,388,15,6,0,,5,0,3,4,10,2,2,1,0,24,1,1,288,23,65,48/100 (48%),32/80 (40%),3/9 (33%),50%,7,26/54 (48%),23/44 (52%),5/18 (28%),67%,15,9,46,37,,2,0.52,,0,1,9
14065234,35,77333,NORMAL,REGULAR,Round 31,LEAGUE,5885,1. FC Heidenheim,Local,1ST,25/04/2026,31,1,45%,0.88,2,5,1,1,6,202,5,2,0,,2,0,2,1,4,1,1,1,0,,1,0,155,12,27,,13/35 (37%),1/3 (33%),45%,5,10/26 (38%),12/23 (52%),3/8 (38%),80%,5,5,26,21,,1,,,,,5
14065234,35,77333,NORMAL,REGULAR,Round 31,LEAGUE,5885,1. FC Heidenheim,Local,2ND,25/04/2026,31,1,45%,0.73,1,7,1,5,1,186,10,4,0,,3,0,1,3,6,1,1,0,0,,0,1,133,11,38,,19/45 (42%),2/6 (33%),55%,2,16/28 (57%),11/21 (52%),2/10 (20%),60%,10,4,20,16,,1,,,,,4
14065234,35,77333,NORMAL,REGULAR,Round 31,LEAGUE,2526,FC St. Pauli,Visita,ALL,25/04/2026,31,0,55%,1.06,2,11,3,6,6,471,20,7,1,,2,0,6,3,7,4,0,2,1,19,1,3,357,26,73,78/133 (59%),21/75 (28%),3/18 (17%),50%,4,28/54 (52%),21/44 (48%),3/14 (21%),65%,20,6,48,23,,3,0.76,,1,0,8
14065234,35,77333,NORMAL,REGULAR,Round 31,LEAGUE,2526,FC St. Pauli,Visita,1ST,25/04/2026,31,0,55%,0.65,1,7,1,3,2,241,10,6,0,,1,0,4,2,4,3,0,1,1,,1,1,180,13,32,,8/37 (22%),1/9 (11%),55%,3,16/26 (62%),11/23 (48%),2/4 (50%),50%,10,3,27,10,,1,,,,,6
14065234,35,77333,NORMAL,REGULAR,Round 31,LEAGUE,2526,FC St. Pauli,Visita,2ND,25/04/2026,31,0,55%,0.41,1,4,2,3,4,230,10,1,1,,1,0,2,1,3,1,0,1,0,,0,2,177,13,41,,13/38 (34%),2/9 (22%),45%,1,12/28 (43%),10/21 (48%),1/10 (10%),80%,10,3,21,13,,2,,,,,2
14065246,35,77333,NORMAL,REGULAR,Round 32,LEAGUE,2526,FC St. Pauli,Local,ALL,03/05/2026,32,1,52%,0.84,3,10,3,7,10,494,15,8,3,,3,0,5,2,7,3,1,2,1,19,1,1,413,24,73,89/135 (66%),27/56 (48%),6/22 (27%),46%,8,28/60 (47%),18/41 (44%),6/13 (46%),80%,15,6,38,30,1,3,-0.05,,1,,4
14065246,35,77333,NORMAL,REGULAR,Round 32,LEAGUE,2526,FC St. Pauli,Local,1ST,03/05/2026,32,0,47%,0.30,0,4,1,3,1,243,7,5,0,,0,0,4,1,4,0,0,0,0,,1,0,204,13,38,,14/27 (52%),4/8 (50%),44%,5,13/25 (52%),6/18 (33%),2/6 (33%),86%,7,4,18,14,,1,,,,,0
14065246,35,77333,NORMAL,REGULAR,Round 32,LEAGUE,2526,FC St. Pauli,Local,2ND,03/05/2026,32,1,58%,0.54,3,6,2,4,9,251,8,3,3,,3,0,1,2,3,3,1,2,1,,0,1,209,11,35,,13/29 (45%),2/14 (14%),47%,3,15/35 (43%),12/23 (52%),4/7 (57%),75%,8,2,20,16,,2,,,,,4
14065246,35,77333,NORMAL,REGULAR,Round 32,LEAGUE,2556,1. FSV Mainz 05,Visita,ALL,03/05/2026,32,2,48%,2.54,5,17,1,7,8,465,15,10,1,,6,1,4,7,15,2,2,3,1,37,2,4,379,23,53,81/116 (70%),25/66 (38%),4/11 (36%),54%,8,32/60 (53%),23/41 (56%),7/14 (50%),67%,15,9,43,31,0,1,-0.65,,0,,10
14065246,35,77333,NORMAL,REGULAR,Round 32,LEAGUE,2556,1. FSV Mainz 05,Visita,1ST,03/05/2026,32,2,53%,1.53,2,9,0,5,5,273,9,1,0,,3,0,1,5,9,0,2,0,0,,0,2,233,10,27,,15/34 (44%),3/8 (38%),56%,3,12/25 (48%),12/18 (67%),2/6 (33%),78%,9,4,24,12,,0,,,,,5
14065246,35,77333,NORMAL,REGULAR,Round 32,LEAGUE,2556,1. FSV Mainz 05,Visita,2ND,03/05/2026,32,0,42%,1.01,3,8,1,2,3,192,6,9,1,,3,1,3,2,6,2,0,3,1,,2,2,146,13,26,,10/32 (31%),1/3 (33%),53%,5,20/35 (57%),11/23 (48%),5/8 (63%),50%,6,5,19,19,,1,,,,,5
14065250,35,77333,NORMAL,REGULAR,Round 33,LEAGUE,36360,RB Leipzig,Local,ALL,09/05/2026,33,2,70%,1.37,3,13,2,3,5,732,13,9,2,,5,1,6,2,8,5,0,3,0,31,0,2,646,21,84,131/183 (72%),20/48 (42%),3/15 (20%),48%,11,34/68 (50%),8/20 (40%),13/26 (50%),77%,13,5,66,15,0,2,0.06,0,3,,3
14065250,35,77333,NORMAL,REGULAR,Round 33,LEAGUE,36360,RB Leipzig,Local,1ST,09/05/2026,33,1,69%,1.00,2,8,0,1,2,323,7,3,1,,2,0,4,2,5,3,0,2,0,,0,1,281,12,44,,12/24 (50%),2/8 (25%),49%,6,17/36 (47%),5/9 (56%),7/17 (41%),71%,7,3,36,10,,0,,,,,2
14065250,35,77333,NORMAL,REGULAR,Round 33,LEAGUE,36360,RB Leipzig,Local,2ND,09/05/2026,33,1,72%,0.37,1,5,2,2,3,409,6,6,1,,3,1,2,0,3,2,0,1,0,,0,1,365,9,40,,8/24 (33%),1/7 (14%),47%,5,17/32 (53%),3/11 (27%),6/9 (67%),83%,6,2,30,5,,2,,,,,1
14065250,35,77333,NORMAL,REGULAR,Round 33,LEAGUE,2526,FC St. Pauli,Visita,ALL,09/05/2026,33,1,30%,0.79,2,8,3,5,9,299,24,5,0,,3,1,3,2,4,4,1,1,2,14,1,0,211,10,51,60/94 (64%),12/49 (24%),3/14 (21%),52%,12,34/68 (50%),12/20 (60%),5/6 (83%),42%,24,10,68,26,1,3,-0.19,1,1,,10
14065250,35,77333,NORMAL,REGULAR,Round 33,LEAGUE,2526,FC St. Pauli,Visita,1ST,09/05/2026,33,0,31%,0.49,1,4,1,2,3,147,16,2,0,,0,1,2,2,1,3,0,1,0,,1,0,105,8,25,,7/28 (25%),1/7 (14%),51%,6,19/36 (53%),4/9 (44%),1/2 (50%),38%,16,6,34,18,,1,,,,,6
14065250,35,77333,NORMAL,REGULAR,Round 33,LEAGUE,2526,FC St. Pauli,Visita,2ND,09/05/2026,33,1,28%,0.30,1,4,2,3,6,152,8,3,0,,3,0,1,0,3,1,1,0,2,,0,0,106,2,26,,5/21 (24%),2/7 (29%),53%,6,15/32 (47%),8/11 (73%),4/4 (100%),50%,8,4,34,8,,2,,,,,4
14065563,35,77333,NORMAL,REGULAR,Round 34,LEAGUE,2526,FC St. Pauli,Local,ALL,16/05/2026,34,1,44%,1.48,3,11,8,8,6,343,16,9,2,,2,1,5,4,7,4,1,2,0,16,1,2,245,21,61,59/112 (53%),21/56 (38%),5/22 (23%),48%,12,30/58 (52%),21/48 (44%),8/12 (67%),69%,16,13,44,39,,8,0.66,2,0,1,6
14065563,35,77333,NORMAL,REGULAR,Round 34,LEAGUE,2526,FC St. Pauli,Local,1ST,16/05/2026,34,0,43%,0.85,1,5,5,4,1,166,6,6,0,,1,1,3,1,2,3,0,1,0,,1,0,110,12,31,,8/24 (33%),2/11 (18%),42%,2,11/21 (52%),8/24 (33%),2/5 (40%),67%,6,4,20,24,,5,,,,,2
14065563,35,77333,NORMAL,REGULAR,Round 34,LEAGUE,2526,FC St. Pauli,Local,2ND,16/05/2026,34,1,46%,0.64,2,6,3,4,5,177,10,3,2,,1,0,2,3,5,1,1,1,0,,0,2,135,9,30,,13/32 (41%),3/11 (27%),52%,10,19/37 (51%),13/24 (54%),6/7 (86%),70%,10,9,24,15,,3,,,,,4
14065563,35,77333,NORMAL,REGULAR,Round 34,LEAGUE,2524,VfL Wolfsburg,Visita,ALL,16/05/2026,34,3,56%,3.50,7,19,1,9,9,444,16,5,3,,10,3,4,5,17,2,2,5,1,24,2,1,349,30,75,78/130 (60%),26/71 (37%),4/15 (27%),52%,9,28/58 (48%),27/48 (56%),7/14 (50%),44%,16,11,39,42,,1,-0.45,0,1,1,8
14065563,35,77333,NORMAL,REGULAR,Round 34,LEAGUE,2524,VfL Wolfsburg,Visita,1ST,16/05/2026,34,1,57%,1.53,4,9,1,4,6,227,5,1,2,,6,2,2,1,8,1,1,3,1,,1,0,178,14,34,,12/38 (32%),3/8 (38%),58%,3,10/21 (48%),16/24 (67%),4/7 (57%),40%,5,6,17,20,,1,,,,,4
14065563,35,77333,NORMAL,REGULAR,Round 34,LEAGUE,2524,VfL Wolfsburg,Visita,2ND,16/05/2026,34,2,54%,1.98,3,10,0,5,3,217,11,4,1,,4,1,2,4,9,1,1,2,0,,1,1,171,16,41,,14/33 (42%),1/7 (14%),48%,6,18/37 (49%),11/24 (46%),3/7 (43%),45%,11,5,22,22,,0,,,,,4
16434324,44,97406,NORMAL,REGULAR,Round 1,LEAGUE,2526,FC St. Pauli,Local,ALL,09/08/2026,1,1,58%,1.72,4,18,6,9,4,520,13,5,1,,6,0,4,8,11,7,1,3,1.0,22.0,1,7,449,26,79,162/209 (78%),19/41 (46%),9/35 (26%),54%,5,22/44 (50%),11/17 (65%),5/9 (56%),54%,13,7,40,16,,6,0.59,1.0,0.0,,6
16434324,44,97406,NORMAL,REGULAR,Round 1,LEAGUE,2526,FC St. Pauli,Local,1ST,09/08/2026,1,0,54%,0.62,1,8,3,4,3,263,8,3,0,,2,0,3,3,4,4,0,1,0.0,,0,3,225,10,45,,8/20 (40%),1/15 (7%),56%,4,15/28 (54%),4/6 (67%),4/6 (67%),63%,8,5,19,11,,3,,,,,4
16434324,44,97406,NORMAL,REGULAR,Round 1,LEAGUE,2526,FC St. Pauli,Local,2ND,09/08/2026,1,1,62%,1.1,4,10,3,5,1,257,5,2,1,,4,0,1,5,7,3,1,3,1.0,,1,4,224,16,34,,11/21 (52%),8/20 (40%),52%,1,7/16 (44%),7/11 (64%),1/3 (33%),40%,5,2,21,5,,3,,,,,2
16434324,44,97406,NORMAL,REGULAR,Round 1,LEAGUE,2551,SpVgg Greuther Fürth,Visita,ALL,09/08/2026,1,1,42%,1.78,3,15,5,2,5,393,9,4,0,,7,0,5,3,8,7,0,3,2.0,13.0,0,2,327,17,35,74/95 (78%),21/48 (44%),1/8 (13%),46%,6,22/44 (50%),6/17 (35%),9/16 (56%),78%,9,8,43,39,,5,0.89,2.0,1.0,,9
16434324,44,97406,NORMAL,REGULAR,Round 1,LEAGUE,2551,SpVgg Greuther Fürth,Visita,1ST,09/08/2026,1,0,46%,1.14,2,8,2,2,3,224,6,3,0,,3,0,3,2,5,3,0,2,2.0,,0,2,187,8,25,,13/25 (52%),1/7 (14%),44%,4,13/28 (46%),2/6 (33%),4/8 (50%),67%,6,4,24,23,,2,,,,,3
16434324,44,97406,NORMAL,REGULAR,Round 1,LEAGUE,2551,SpVgg Greuther Fürth,Visita,2ND,09/08/2026,1,1,38%,0.64,1,7,3,0,2,169,3,1,0,,4,0,2,1,3,4,0,1,0.0,,0,0,140,9,10,,8/23 (35%),0/1 (0%),48%,2,9/16 (56%),4/11 (36%),5/8 (63%),100%,3,4,19,16,,3,,,,,6
16434338,44,97406,NORMAL,REGULAR,Round 2,LEAGUE,2573,Holstein Kiel,Local,ALL,14/08/2026,2,2,64%,2.05,3,19,4,5,14,553,10,19,3,,6,0,6,7,15,4,2,1,,34,3,1,474,19,50,93/126 (74%),15/43 (35%),6/15 (40%),49%,5,37/76 (49%),20/41 (49%),8/22 (36%),50%,10,9,50,18,1,4,0.66,1,2,,5
16434338,44,97406,NORMAL,REGULAR,Round 2,LEAGUE,2573,Holstein Kiel,Local,1ST,14/08/2026,2,0,64%,1.36,1,14,2,2,8,300,6,8,0,,2,0,5,7,10,4,0,1,,,1,0,257,11,31,,8/27 (30%),3/5 (60%),40%,4,17/40 (43%),6/17 (35%),3/11 (27%),50%,6,6,28,3,,2,,,,,2
16434338,44,97406,NORMAL,REGULAR,Round 2,LEAGUE,2573,Holstein Kiel,Local,2ND,14/08/2026,2,2,64%,0.69,2,5,2,3,6,253,4,11,3,,4,0,1,0,5,0,2,0,,,2,1,217,8,19,,7/16 (44%),3/10 (30%),57%,1,20/36 (56%),14/24 (58%),5/11 (45%),50%,4,3,22,15,,2,,,,,3
16434338,44,97406,NORMAL,REGULAR,Round 2,LEAGUE,2526,FC St. Pauli,Visita,ALL,14/08/2026,2,2,36%,2.46,5,12,4,5,19,302,19,14,3,,6,0,3,3,9,3,2,3,,22,2,2,204,19,61,51/99 (52%),26/63 (41%),5/18 (28%),51%,5,39/76 (51%),21/41 (51%),7/12 (58%),74%,19,5,49,26,0,4,0.17,0,1,,10
16434338,44,97406,NORMAL,REGULAR,Round 2,LEAGUE,2526,FC St. Pauli,Visita,1ST,14/08/2026,2,2,36%,1.63,3,5,2,0,8,164,12,8,1,,4,0,1,0,5,0,2,1,,,2,1,111,12,31,,12/30 (40%),2/6 (33%),60%,3,23/40 (57%),11/17 (65%),4/7 (57%),92%,12,3,25,11,,2,,,,,8
16434338,44,97406,NORMAL,REGULAR,Round 2,LEAGUE,2526,FC St. Pauli,Visita,2ND,14/08/2026,2,0,36%,0.83,2,7,2,5,11,138,7,6,2,,2,0,2,3,4,3,0,2,,,0,1,93,7,30,,14/33 (42%),3/12 (25%),43%,2,16/36 (44%),10/24 (42%),3/5 (60%),43%,7,2,24,15,,2,,,,,2
16287041,217,95860,NORMAL,PLAYOFF,Round 1,CUP,2562,Rot-Weiss Essen,Local,ALL,23/08/2026,1,2,39%,0.00,3,19,2,7,17,264,13,17,2,,7,0,7,5,14,5,2,1,,23,3,3,169,30,56,35/79 (44%),18/77 (23%),7/23 (30%),42%,9,33/70 (47%),11/36 (31%),3/11 (27%),46%,13,10,41,29,1,2,,0,1,,13
16287041,217,95860,NORMAL,PLAYOFF,Round 1,CUP,2562,Rot-Weiss Essen,Local,1ST,23/08/2026,1,1,46%,0.00,2,11,1,5,8,152,4,8,1,,3,0,4,4,7,4,1,1,,,2,1,107,15,27,,11/37 (30%),3/12 (25%),48%,2,13/26 (50%),6/14 (43%),1/3 (33%),25%,4,5,15,13,,1,,,,,6
16287041,217,95860,NORMAL,PLAYOFF,Round 1,CUP,2562,Rot-Weiss Essen,Local,2ND,23/08/2026,1,1,33%,0.00,1,8,1,2,9,112,9,9,1,,4,0,3,1,7,1,1,0,,,1,2,62,15,29,,7/40 (18%),4/11 (36%),38%,7,20/44 (45%),5/22 (23%),2/8 (25%),56%,9,5,26,16,,1,,,,,7
16287041,217,95860,NORMAL,PLAYOFF,Round 1,CUP,2526,FC St. Pauli,Visita,ALL,23/08/2026,1,0,61%,0.00,2,7,6,1,17,431,17,17,2,,2,0,5,0,6,1,0,2,,15,0,2,326,29,85,97/153 (63%),37/65 (57%),1/13 (0%),58%,11,37/70 (53%),25/36 (69%),5/7 (71%),65%,17,4,35,26,0,6,,1,1,,10
16287041,217,95860,NORMAL,PLAYOFF,Round 1,CUP,2526,FC St. Pauli,Visita,1ST,23/08/2026,1,0,54%,0.00,2,5,3,0,8,190,4,8,1,,1,0,4,0,4,1,0,2,,,0,1,148,14,38,,14/26 (54%),0/5 (0%),52%,3,13/26 (50%),8/14 (57%),2/3 (67%),75%,4,3,12,16,,3,,,,,5
16287041,217,95860,NORMAL,PLAYOFF,Round 1,CUP,2526,FC St. Pauli,Visita,2ND,23/08/2026,1,0,67%,0.00,0,2,3,1,9,241,13,9,1,,1,0,1,0,2,0,0,0,,,0,1,178,15,47,,23/39 (59%),1/8 (0%),62%,8,24/44 (55%),17/22 (77%),3/4 (75%),62%,13,1,23,10,,3,,,,,5
16434342,44,97406,NORMAL,REGULAR,Round 3,LEAGUE,2526,FC St. Pauli,Local,ALL,30/08/2026,3,1,59%,1.75,2,21,2,4,9,515,23,13,3,,7,,7,7,11,10,1,1,,23,4,4,417,35,95,123/183 (67%),29/57 (51%),4/26 (15%),58%,3,48/80 (60%),21/38 (55%),12/21 (57%),61%,23,10,52,21,,2,-0.41,1,0,2,5
16434342,44,97406,NORMAL,REGULAR,Round 3,LEAGUE,2526,FC St. Pauli,Local,1ST,30/08/2026,3,0,56%,0.31,0,9,0,2,5,273,10,2,2,,3,,3,3,4,5,0,0,,,1,3,223,21,47,,10/23 (43%),2/13 (15%),50%,1,18/33 (55%),5/13 (38%),6/11 (55%),60%,10,7,23,8,,0,,,,,2
16434342,44,97406,NORMAL,REGULAR,Round 3,LEAGUE,2526,FC St. Pauli,Local,2ND,30/08/2026,3,1,62%,1.44,2,12,2,2,4,242,13,11,1,,4,,4,4,7,5,1,1,,,3,1,194,14,48,,19/34 (56%),2/13 (15%),64%,3,30/47 (64%),16/25 (64%),6/10 (60%),62%,13,3,29,13,,2,,,,,3
16434342,44,97406,NORMAL,REGULAR,Round 3,LEAGUE,2675,1. FC Kaiserslautern,Visita,ALL,30/08/2026,3,2,41%,0.77,1,11,6,5,13,363,12,9,4,,4,,4,3,5,6,1,0,,14,0,1,266,23,50,63/99 (64%),19/55 (35%),1/14 (7%),42%,15,32/80 (40%),17/38 (45%),11/19 (58%),75%,12,10,50,48,,6,0.73,0,1,0,10
16434342,44,97406,NORMAL,REGULAR,Round 3,LEAGUE,2675,1. FC Kaiserslautern,Visita,1ST,30/08/2026,3,1,44%,0.36,1,4,3,1,2,215,5,5,0,,1,,3,0,2,2,1,0,,,0,1,165,12,21,,10/27 (37%),1/6 (17%),50%,6,15/33 (45%),8/13 (62%),5/9 (56%),80%,5,7,23,22,,3,,,,,5
16434342,44,97406,NORMAL,REGULAR,Round 3,LEAGUE,2675,1. FC Kaiserslautern,Visita,2ND,30/08/2026,3,1,38%,0.41,0,7,3,4,11,148,7,4,4,,3,,1,3,3,4,0,0,,,0,0,101,11,29,,9/28 (32%),1/8 (0%),36%,9,17/47 (36%),9/25 (36%),6/10 (60%),71%,7,3,27,26,,3,,,,,5