Event_ID,Competition_ID,Season_ID,Season_Format,Competition_Phase,Competition_Stage,Competition_Type,Team_ID,Equipo,Condicion,Tiempo,Fecha,Jornada,Goals,Ball possession,Expected goals,Big chances,Total shots,Goalkeeper saves,Corner kicks,Fouls,Passes,Tackles,Free kicks,Yellow cards,Red cards,Shots on target,Hit woodwork,Shots off target,Blocked shots,Shots inside box,Shots outside box,Big chances scored,Big chances missed,Through balls,Touches in penalty area,Fouled in final third,Offsides,Accurate passes,Throw-ins,Final third entries,Final third phase,Long balls,Crosses,Duels,Dispossessed,Ground duels,Aerial duels,Dribbles,Tackles won,Total tackles,Interceptions,Recoveries,Clearances,Errors lead to a shot,Total saves,Goals prevented,Big saves,High claims,Punches,Goal kicks
9603254,54,37225,NORMAL,REGULAR,Round 1,LEAGUE,24329,FC Cartagena,Local,ALL,16/08/2021,1,1,54%,0.00,1,10,6,6,17,363,7,16,2,,4,0,3,3,7,3,0,1,1,,2,5,275,25,46,,24/55 (44%),3/31 (10%),45%,6,32/76 (42%),12/21 (57%),10/18 (56%),43%,7,15,,12,,6,,,,,7
9603254,54,37225,NORMAL,REGULAR,Round 1,LEAGUE,24329,FC Cartagena,Local,1ST,16/08/2021,1,0,52%,0.00,0,5,4,0,,183,2,10,1,,0,0,3,2,4,1,0,0,0,,1,2,135,13,19,,8/25 (32%),1/11 (9%),49%,3,16/32 (50%),5/11 (45%),4/5 (80%),100%,2,8,,4,,4,,,,,4
9603254,54,37225,NORMAL,REGULAR,Round 1,LEAGUE,24329,FC Cartagena,Local,2ND,16/08/2021,1,,57%,0.00,1,5,2,6,,180,5,6,1,,4,0,0,1,3,2,0,1,1,,1,3,140,12,27,,16/30 (53%),2/20 (10%),43%,3,16/44 (36%),7/10 (70%),6/13 (46%),20%,5,7,,8,,2,,,,,3
9603254,54,37225,NORMAL,REGULAR,Round 1,LEAGUE,2858,Almería,Visita,ALL,16/08/2021,1,3,46%,0.00,3,20,3,3,16,318,14,17,2,,9,0,7,4,13,7,2,1,2,,2,2,234,17,38,,20/47 (43%),4/11 (36%),55%,5,44/76 (58%),9/21 (43%),14/16 (88%),36%,14,8,,29,,3,,,,,8
9603254,54,37225,NORMAL,REGULAR,Round 1,LEAGUE,2858,Almería,Visita,1ST,16/08/2021,1,2,48%,0.00,2,11,0,1,,178,4,5,1,,6,0,4,1,7,4,1,1,2,,2,1,134,9,20,,8/19 (42%),1/3 (33%),51%,2,16/32 (50%),6/11 (55%),7/7 (100%),50%,4,4,,10,,0,,,,,7
9603254,54,37225,NORMAL,REGULAR,Round 1,LEAGUE,2858,Almería,Visita,2ND,16/08/2021,1,,43%,0.00,1,9,3,2,,140,10,12,1,,3,0,3,3,6,3,1,0,0,,0,1,100,8,18,,12/28 (43%),3/8 (38%),57%,3,28/44 (64%),3/10 (30%),7/9 (78%),30%,10,4,,19,,3,,,,,1
9603899,54,37225,NORMAL,REGULAR,Round 2,LEAGUE,2858,Almería,Local,ALL,20/08/2021,2,2,61%,0.00,2,14,0,4,11,536,9,15,1,,4,0,7,3,9,5,2,,,,5,2,464,22,59,,37/63 (59%),2/11 (18%),51%,13,35/69 (51%),17/32 (53%),12/21 (57%),56%,9,6,,15,,0,,,,,6
9603899,54,37225,NORMAL,REGULAR,Round 2,LEAGUE,2858,Almería,Local,1ST,20/08/2021,2,2,71%,0.00,2,10,0,3,,315,3,6,1,,3,0,5,2,7,3,2,,,,2,1,277,8,36,,19/32 (59%),2/9 (22%),50%,5,15/27 (56%),7/17 (41%),6/8 (75%),67%,3,5,,7,,0,,,,,4
9603899,54,37225,NORMAL,REGULAR,Round 2,LEAGUE,2858,Almería,Local,2ND,20/08/2021,2,,50%,0.00,0,4,0,1,,221,6,9,0,,1,0,2,1,2,2,0,,,,3,1,187,14,23,,18/31 (58%),0/2 (0%),53%,8,20/42 (48%),10/15 (67%),6/13 (46%),50%,6,1,,8,,0,,,,,2
9603899,54,37225,NORMAL,REGULAR,Round 2,LEAGUE,2851,Real Oviedo,Visita,ALL,20/08/2021,2,1,39%,0.00,0,4,2,3,16,345,22,10,3,,1,0,3,0,4,0,0,,,,1,3,267,26,37,,32/63 (51%),5/14 (36%),49%,6,34/69 (49%),15/32 (47%),3/6 (50%),41%,22,7,,16,,2,,,,,3
9603899,54,37225,NORMAL,REGULAR,Round 2,LEAGUE,2851,Real Oviedo,Visita,1ST,20/08/2021,2,1,29%,0.00,0,4,1,1,,127,7,5,1,,1,0,3,0,4,0,0,,,,1,0,92,15,21,,19/31 (61%),2/7 (29%),50%,3,12/27 (44%),10/17 (59%),1/1 (100%),14%,7,4,,14,,1,,,,,2
9603899,54,37225,NORMAL,REGULAR,Round 2,LEAGUE,2851,Real Oviedo,Visita,2ND,20/08/2021,2,,50%,0.00,0,0,1,2,,218,15,5,2,,0,0,0,0,0,0,0,,,,0,3,175,11,16,,13/32 (41%),3/7 (43%),47%,3,22/42 (52%),5/15 (33%),2/5 (40%),53%,15,3,,2,,1,,,,,1
9603859,54,37225,NORMAL,REGULAR,Round 3,LEAGUE,54103,SD Amorebieta,Local,ALL,29/08/2021,3,2,50%,0.00,1,17,1,7,13,371,16,11,4,0,5,0,4,8,7,10,1,0,0,,2,5,298,17,68,,35/58 (60%),11/34 (32%),59%,4,31/55 (56%),23/36 (64%),4/6 (67%),69%,16,9,,12,,1,,,,,8
9603859,54,37225,NORMAL,REGULAR,Round 3,LEAGUE,54103,SD Amorebieta,Local,1ST,29/08/2021,3,1,44%,0.00,0,8,0,4,,155,6,3,3,0,1,0,3,4,4,4,0,0,0,,2,2,121,7,31,,16/29 (55%),4/15 (27%),58%,2,11/22 (50%),10/14 (71%),2/3 (67%),83%,6,7,,5,,0,,,,,3
9603859,54,37225,NORMAL,REGULAR,Round 3,LEAGUE,54103,SD Amorebieta,Local,2ND,29/08/2021,3,,55%,0.00,1,9,1,3,,216,10,8,1,0,4,0,1,4,3,6,1,0,0,,0,3,177,10,37,,19/29 (66%),7/19 (37%),60%,2,20/33 (61%),13/22 (59%),2/3 (67%),60%,10,2,,7,,1,,,,,5
9603859,54,37225,NORMAL,REGULAR,Round 3,LEAGUE,2858,Almería,Visita,ALL,29/08/2021,3,1,50%,0.00,2,6,3,1,12,394,6,13,1,1,3,0,2,1,4,2,0,2,1,,0,0,319,24,46,,23/70 (33%),0/5 (0%),41%,7,24/55 (44%),13/36 (36%),5/14 (36%),83%,6,7,,23,,3,,,,,12
9603859,54,37225,NORMAL,REGULAR,Round 3,LEAGUE,2858,Almería,Visita,1ST,29/08/2021,3,1,56%,0.00,0,3,0,0,,210,3,7,1,1,1,0,2,0,2,1,0,0,1,,0,0,174,12,19,,13/36 (36%),0/2 (0%),42%,2,11/22 (50%),4/14 (29%),1/5 (20%),100%,3,4,,10,,0,,,,,8
9603859,54,37225,NORMAL,REGULAR,Round 3,LEAGUE,2858,Almería,Visita,2ND,29/08/2021,3,,45%,0.00,2,3,3,1,,184,3,6,0,0,2,0,0,1,2,1,0,2,0,,0,0,145,12,27,,10/34 (29%),0/3 (0%),40%,5,13/33 (39%),9/22 (41%),4/9 (44%),67%,3,3,,13,,3,,,,,4
9603931,54,37225,NORMAL,REGULAR,Round 4,LEAGUE,2858,Almería,Local,ALL,04/09/2021,4,2,42%,0.00,4,9,6,1,10,311,11,14,3,1,3,0,5,1,7,2,1,3,2,,4,3,250,15,41,,28/53 (53%),2/9 (22%),52%,10,39/74 (53%),16/31 (52%),14/19 (74%),36%,11,17,,28,,6,,,,,11
9603931,54,37225,NORMAL,REGULAR,Round 4,LEAGUE,2858,Almería,Local,1ST,04/09/2021,4,0,54%,0.00,1,4,0,1,,187,4,9,2,0,0,0,4,0,2,2,0,1,1,,3,3,159,8,23,,13/23 (57%),1/7 (14%),57%,1,19/33 (58%),7/13 (54%),6/8 (75%),25%,4,11,,11,,0,,,,,4
9603931,54,37225,NORMAL,REGULAR,Round 4,LEAGUE,2858,Almería,Local,2ND,04/09/2021,4,,32%,0.00,3,5,6,0,,124,7,5,1,1,3,0,1,1,5,0,1,2,1,,1,0,91,7,18,,15/30 (50%),1/2 (50%),49%,9,20/41 (49%),9/18 (50%),8/11 (73%),43%,7,6,,17,,6,,,,,7
9603931,54,37225,NORMAL,REGULAR,Round 4,LEAGUE,2830,Málaga CF,Visita,ALL,04/09/2021,4,0,58%,0.00,1,17,1,5,14,416,15,10,3,0,6,1,10,1,10,7,0,1,0,,5,4,342,22,62,,29/63 (46%),6/29 (21%),48%,6,35/74 (47%),15/31 (48%),10/15 (67%),60%,15,11,,9,,1,,,,,5
9603931,54,37225,NORMAL,REGULAR,Round 4,LEAGUE,2830,Málaga CF,Visita,1ST,04/09/2021,4,0,46%,0.00,1,4,0,1,,157,3,5,2,0,0,1,4,0,2,2,0,1,0,,3,4,119,12,26,,9/34 (26%),2/10 (20%),43%,3,14/33 (42%),6/13 (46%),6/7 (86%),100%,3,8,,6,,0,,,,,4
9603931,54,37225,NORMAL,REGULAR,Round 4,LEAGUE,2830,Málaga CF,Visita,2ND,04/09/2021,4,,68%,0.00,0,13,1,4,,259,12,5,1,0,6,0,6,1,8,5,0,0,0,,2,0,223,10,36,,20/29 (69%),4/19 (21%),51%,3,21/41 (51%),9/18 (50%),4/8 (50%),50%,12,3,,3,,1,,,,,1
9603907,54,37225,NORMAL,REGULAR,Round 5,LEAGUE,6195,SD Ponferradina,Local,ALL,12/09/2021,5,1,41%,0.00,1,12,1,5,14,300,16,7,2,,6,0,4,2,7,5,,1,,,1,6,217,28,67,,32/72 (44%),3/17 (18%),53%,3,29/57 (51%),19/33 (58%),6/9 (67%),44%,16,6,,13,,1,,,,,10
9603907,54,37225,NORMAL,REGULAR,Round 5,LEAGUE,6195,SD Ponferradina,Local,1ST,12/09/2021,5,0,40%,0.00,1,5,1,3,,149,9,3,1,,3,0,1,1,4,1,,1,,,1,3,110,16,34,,16/38 (42%),1/9 (11%),52%,2,14/29 (48%),9/15 (60%),2/3 (67%),44%,9,3,,6,,1,,,,,4
9603907,54,37225,NORMAL,REGULAR,Round 5,LEAGUE,6195,SD Ponferradina,Local,2ND,12/09/2021,5,,42%,0.00,0,7,0,2,,151,7,4,1,,3,0,3,1,3,4,,0,,,0,3,107,12,33,,16/34 (47%),2/8 (25%),54%,1,15/28 (54%),10/18 (56%),4/6 (67%),43%,7,3,,7,,0,,,,,6
9603907,54,37225,NORMAL,REGULAR,Round 5,LEAGUE,2858,Almería,Visita,ALL,12/09/2021,5,0,59%,0.00,0,9,5,3,7,438,6,13,2,,1,1,5,3,3,6,,0,,,2,5,355,22,53,,17/45 (38%),1/8 (13%),47%,9,28/57 (49%),14/33 (42%),9/16 (56%),67%,6,4,,16,,5,,,,,11
9603907,54,37225,NORMAL,REGULAR,Round 5,LEAGUE,2858,Almería,Visita,1ST,12/09/2021,5,0,60%,0.00,0,4,3,2,,230,3,5,2,,1,1,2,1,1,3,,0,,,1,3,184,8,25,,8/26 (31%),1/3 (33%),48%,5,15/29 (52%),6/15 (40%),7/11 (64%),100%,3,3,,10,,3,,,,,3
9603907,54,37225,NORMAL,REGULAR,Round 5,LEAGUE,2858,Almería,Visita,2ND,12/09/2021,5,,58%,0.00,0,5,2,1,,208,3,8,0,,0,0,3,2,2,3,,0,,,1,2,171,14,28,,9/19 (47%),0/5 (0%),46%,4,13/28 (46%),8/18 (44%),2/5 (40%),33%,3,1,,6,,2,,,,,8
9603894,54,37225,NORMAL,REGULAR,Round 6,LEAGUE,24322,AD Alcorcón,Local,ALL,17/09/2021,6,0,54%,0.00,1,10,2,5,14,447,14,7,4,,1,1,6,3,9,1,0,1,0,,0,3,351,25,52,,20/64 (31%),8/22 (36%),41%,13,27/69 (39%),17/38 (45%),6/11 (55%),57%,14,11,,9,,2,,,,,7
9603894,54,37225,NORMAL,REGULAR,Round 6,LEAGUE,24322,AD Alcorcón,Local,1ST,17/09/2021,6,0,50%,0.00,0,4,1,1,,207,5,3,1,,1,0,3,0,4,0,0,0,0,,0,1,163,11,21,,10/33 (30%),4/7 (57%),36%,5,9/28 (32%),8/19 (42%),1/4 (25%),40%,5,6,,6,,1,,,,,2
9603894,54,37225,NORMAL,REGULAR,Round 6,LEAGUE,24322,AD Alcorcón,Local,2ND,17/09/2021,6,,59%,0.00,1,6,1,4,,240,9,4,3,,0,1,3,3,5,1,0,1,0,,0,2,188,14,31,,10/31 (32%),4/15 (27%),45%,8,18/41 (44%),9/19 (47%),5/7 (71%),67%,9,5,,3,,1,,,,,5
9603894,54,37225,NORMAL,REGULAR,Round 6,LEAGUE,2858,Almería,Visita,ALL,17/09/2021,6,4,46%,0.00,4,16,1,2,7,385,18,14,2,,5,2,7,4,13,3,1,3,3,,3,7,299,17,55,,30/60 (50%),3/9 (33%),59%,7,42/69 (61%),21/38 (55%),11/18 (61%),67%,18,19,,16,,1,,,,,7
9603894,54,37225,NORMAL,REGULAR,Round 6,LEAGUE,2858,Almería,Visita,1ST,17/09/2021,6,3,50%,0.00,4,8,1,2,,208,8,8,1,,3,2,3,2,7,1,1,3,2,,1,3,169,9,28,,17/29 (59%),2/7 (29%),64%,1,19/28 (68%),11/19 (58%),4/8 (50%),50%,8,10,,6,,1,,,,,3
9603894,54,37225,NORMAL,REGULAR,Round 6,LEAGUE,2858,Almería,Visita,2ND,17/09/2021,6,,41%,0.00,0,8,0,0,,177,10,6,1,,2,0,4,2,6,2,0,0,1,,2,4,130,8,27,,13/31 (42%),1/2 (50%),55%,6,23/41 (56%),10/19 (53%),7/10 (70%),80%,10,9,,10,,0,,,,,4
9603960,54,37225,NORMAL,REGULAR,Round 7,LEAGUE,2858,Almería,Local,ALL,24/09/2021,7,3,64%,0.00,3,15,4,7,9,568,12,9,2,,6,0,6,3,10,5,2,1,0,,4,2,495,22,46,,24/35 (69%),3/19 (16%),53%,5,37/69 (54%),12/24 (50%),16/29 (55%),42%,12,14,,7,,4,,,,,7
9603960,54,37225,NORMAL,REGULAR,Round 7,LEAGUE,2858,Almería,Local,1ST,24/09/2021,7,0,66%,0.00,0,6,3,4,,294,6,5,0,,1,0,3,2,5,1,0,0,0,,2,2,256,14,20,,9/16 (56%),3/11 (27%),49%,2,16/34 (47%),5/9 (56%),5/14 (36%),50%,6,6,,0,,3,,,,,4
9603960,54,37225,NORMAL,REGULAR,Round 7,LEAGUE,2858,Almería,Local,2ND,24/09/2021,7,,62%,0.00,3,9,1,3,,274,6,4,2,,5,0,3,1,5,4,2,1,0,,2,0,239,8,26,,15/19 (79%),0/8 (0%),56%,3,21/35 (60%),7/15 (47%),11/15 (73%),33%,6,8,,7,,1,,,,,3
9603960,54,37225,NORMAL,REGULAR,Round 7,LEAGUE,2822,CD Tenerife,Visita,ALL,24/09/2021,7,1,36%,0.00,2,12,4,3,10,318,18,8,3,,5,0,4,3,6,6,1,1,1,,2,1,236,21,47,,31/62 (50%),4/14 (29%),47%,8,32/69 (46%),12/24 (50%),7/11 (64%),61%,18,16,,21,,4,,,,,10
9603960,54,37225,NORMAL,REGULAR,Round 7,LEAGUE,2822,CD Tenerife,Visita,1ST,24/09/2021,7,0,34%,0.00,0,7,1,0,,156,11,4,0,,3,0,2,2,3,4,0,0,1,,1,0,113,13,25,,16/33 (48%),2/3 (67%),51%,4,18/34 (53%),4/9 (44%),4/6 (67%),55%,11,10,,10,,1,,,,,5
9603960,54,37225,NORMAL,REGULAR,Round 7,LEAGUE,2822,CD Tenerife,Visita,2ND,24/09/2021,7,,38%,0.00,2,5,3,3,,162,7,4,3,,2,0,2,1,3,2,1,1,0,,1,1,123,8,22,,15/29 (52%),2/11 (18%),44%,4,14/35 (40%),8/15 (53%),3/5 (60%),71%,7,6,,11,,3,,,,,5
9603969,54,37225,NORMAL,REGULAR,Round 8,LEAGUE,24264,Girona FC,Local,ALL,04/10/2021,8,1,51%,0.00,2,9,2,5,17,469,19,13,2,,3,0,5,1,8,1,1,1,0,,2,2,371,20,75,,26/64 (41%),7/25 (28%),50%,12,45/93 (48%),22/40 (55%),14/25 (56%),47%,19,12,,11,,2,,,,,8
9603969,54,37225,NORMAL,REGULAR,Round 8,LEAGUE,24264,Girona FC,Local,1ST,04/10/2021,8,0,48%,0.00,0,5,1,5,,242,9,5,1,,1,0,3,1,4,1,0,0,0,,1,1,198,8,30,,14/32 (44%),2/12 (17%),51%,7,22/46 (48%),10/17 (59%),8/14 (57%),56%,9,4,,9,,1,,,,,3
9603969,54,37225,NORMAL,REGULAR,Round 8,LEAGUE,24264,Girona FC,Local,2ND,04/10/2021,8,,54%,0.00,2,4,1,0,,227,10,8,1,,2,0,2,0,4,0,1,1,0,,1,1,173,12,45,,12/32 (38%),5/13 (38%),50%,5,23/47 (49%),12/23 (52%),6/11 (55%),40%,10,8,,2,,1,,,,,5
9603969,54,37225,NORMAL,REGULAR,Round 8,LEAGUE,2858,Almería,Visita,ALL,04/10/2021,8,2,49%,0.00,4,14,2,4,14,474,23,17,3,,4,0,7,3,6,8,1,3,3,,1,3,367,12,33,,18/52 (35%),1/8 (13%),50%,9,48/93 (52%),18/40 (45%),8/18 (44%),52%,23,10,,27,,2,,,,,7
9603969,54,37225,NORMAL,REGULAR,Round 8,LEAGUE,2858,Almería,Visita,1ST,04/10/2021,8,0,52%,0.00,1,5,1,1,,267,13,6,1,,1,0,4,0,1,4,0,1,1,,0,2,218,6,12,,10/23 (43%),0/6 (0%),49%,5,24/46 (52%),7/17 (41%),5/9 (56%),62%,13,3,,14,,1,,,,,2
9603969,54,37225,NORMAL,REGULAR,Round 8,LEAGUE,2858,Almería,Visita,2ND,04/10/2021,8,,46%,0.00,3,9,1,3,,207,10,11,2,,3,0,3,3,5,4,1,2,2,,1,1,149,6,21,,8/29 (28%),1/2 (50%),50%,4,24/47 (51%),11/23 (48%),3/9 (33%),40%,10,7,,13,,1,,,,,5
9603945,54,37225,NORMAL,REGULAR,Round 9,LEAGUE,2858,Almería,Local,ALL,09/10/2021,9,1,40%,0.00,1,17,3,9,20,331,17,13,2,,5,0,6,6,11,6,0,1,0,,6,4,250,16,28,,21/53 (40%),7/16 (44%),46%,12,44/101 (44%),11/18 (61%),14/28 (50%),65%,17,16,,12,,3,,,,,6
9603945,54,37225,NORMAL,REGULAR,Round 9,LEAGUE,2858,Almería,Local,1ST,09/10/2021,9,1,48%,0.00,1,10,2,5,,215,10,6,1,,3,0,3,4,7,3,0,1,0,,3,2,170,9,14,,11/24 (46%),5/8 (63%),51%,7,27/57 (47%),6/8 (75%),11/22 (50%),60%,10,12,,4,,2,,,,,2
9603945,54,37225,NORMAL,REGULAR,Round 9,LEAGUE,2858,Almería,Local,2ND,09/10/2021,9,,30%,0.00,0,7,1,4,,116,7,7,1,,2,0,3,2,4,3,0,0,0,,3,2,80,7,14,,10/29 (34%),2/8 (25%),41%,5,17/44 (39%),5/10 (50%),3/6 (50%),71%,7,4,,8,,1,,,,,4
9603945,54,37225,NORMAL,REGULAR,Round 9,LEAGUE,6577,UD Las Palmas,Visita,ALL,09/10/2021,9,1,60%,0.00,1,11,4,4,13,510,26,20,4,,4,0,6,1,4,7,1,0,2,,4,3,421,15,50,,23/37 (62%),3/12 (25%),54%,8,57/101 (56%),7/18 (39%),11/20 (55%),35%,26,9,,13,,4,,,,,10
9603945,54,37225,NORMAL,REGULAR,Round 9,LEAGUE,6577,UD Las Palmas,Visita,1ST,09/10/2021,9,0,52%,0.00,0,4,2,1,,231,18,9,1,,2,0,2,0,2,2,0,0,0,,3,2,185,9,15,,10/17 (59%),2/4 (50%),49%,4,30/57 (53%),2/8 (25%),3/9 (33%),44%,18,5,,8,,2,,,,,4
9603945,54,37225,NORMAL,REGULAR,Round 9,LEAGUE,6577,UD Las Palmas,Visita,2ND,09/10/2021,9,,70%,0.00,1,7,2,3,,279,8,11,3,,2,0,4,1,2,5,1,0,2,,1,1,236,6,35,,13/20 (65%),1/8 (13%),59%,4,27/44 (61%),5/10 (50%),8/11 (73%),13%,8,4,,5,,2,,,,,6
9603840,54,37225,NORMAL,REGULAR,Round 10,LEAGUE,2839,Eibar,Local,ALL,15/10/2021,10,1,40%,0.00,2,9,1,1,15,404,11,10,3,,4,0,3,2,7,2,,2,1,,0,4,309,20,44,,32/66 (48%),5/16 (31%),45%,5,28/68 (41%),17/31 (55%),7/19 (37%),55%,11,15,,20,,1,,,,,11
9603840,54,37225,NORMAL,REGULAR,Round 10,LEAGUE,2839,Eibar,Local,1ST,15/10/2021,10,1,48%,0.00,2,6,1,1,,237,4,5,0,,4,0,1,1,4,2,,2,1,,0,4,194,13,22,,13/26 (50%),4/11 (36%),43%,2,14/32 (44%),5/12 (42%),5/11 (45%),75%,4,5,,6,,1,,,,,3
9603840,54,37225,NORMAL,REGULAR,Round 10,LEAGUE,2839,Eibar,Local,2ND,15/10/2021,10,,33%,0.00,0,3,0,0,,167,7,5,3,,0,0,2,1,3,0,,0,0,,0,0,115,7,22,,19/40 (48%),1/5 (20%),47%,3,14/36 (39%),12/19 (63%),2/8 (25%),43%,7,10,,14,,0,,,,,8
9603840,54,37225,NORMAL,REGULAR,Round 10,LEAGUE,2858,Almería,Visita,ALL,15/10/2021,10,0,60%,0.00,0,12,3,5,10,610,17,15,4,,2,0,6,4,5,7,,0,0,,1,1,514,31,68,,34/64 (53%),4/18 (22%),55%,3,40/68 (59%),14/31 (45%),9/17 (53%),47%,17,14,,21,,3,,,,,5
9603840,54,37225,NORMAL,REGULAR,Round 10,LEAGUE,2858,Almería,Visita,1ST,15/10/2021,10,0,52%,0.00,0,6,3,3,,270,8,7,1,,1,0,2,3,1,5,,0,0,,1,1,228,10,22,,16/31 (52%),0/3 (0%),57%,1,18/32 (56%),7/12 (58%),4/7 (57%),63%,8,7,,15,,3,,,,,2
9603840,54,37225,NORMAL,REGULAR,Round 10,LEAGUE,2858,Almería,Visita,2ND,15/10/2021,10,,67%,0.00,0,6,0,2,,340,9,8,3,,1,0,4,1,4,2,,0,0,,0,0,286,21,46,,18/33 (55%),4/15 (27%),53%,2,22/36 (61%),7/19 (37%),5/10 (50%),33%,9,7,,6,,0,,,,,3
9603849,54,37225,NORMAL,REGULAR,Round 11,LEAGUE,2858,Almería,Local,ALL,21/10/2021,11,3,51%,0.00,4,14,2,7,10,456,15,6,,,5,0,7,2,11,3,3,1,2,,,5,375,24,41,,35/58 (60%),6/24 (25%),48%,14,30/67 (45%),17/30 (57%),9/14 (64%),60%,15,12,,28,,2,,,,,8
9603849,54,37225,NORMAL,REGULAR,Round 11,LEAGUE,2858,Almería,Local,1ST,21/10/2021,11,1,54%,0.00,1,7,1,3,,271,6,5,,,1,0,4,2,5,2,1,0,1,,,2,230,9,20,,18/34 (53%),4/13 (31%),57%,3,16/27 (59%),11/20 (55%),5/7 (71%),50%,6,3,,11,,1,,,,,3
9603849,54,37225,NORMAL,REGULAR,Round 11,LEAGUE,2858,Almería,Local,2ND,21/10/2021,11,,48%,0.00,3,7,1,4,,185,9,1,,,4,0,3,0,6,1,2,1,1,,,3,145,15,21,,17/24 (71%),2/11 (18%),40%,11,14/40 (35%),6/10 (60%),4/7 (57%),67%,9,9,,17,,1,,,,,5
9603849,54,37225,NORMAL,REGULAR,Round 11,LEAGUE,24360,Real Sociedad B,Visita,ALL,21/10/2021,11,1,49%,0.00,3,11,2,7,7,427,19,10,,,4,0,6,1,8,3,0,3,0,,,1,329,22,39,,30/69 (43%),4/22 (18%),52%,11,37/67 (55%),13/30 (43%),8/12 (67%),58%,19,6,,17,,2,,,,,10
9603849,54,37225,NORMAL,REGULAR,Round 11,LEAGUE,24360,Real Sociedad B,Visita,1ST,21/10/2021,11,1,46%,0.00,0,2,0,2,,230,5,3,,,2,0,0,0,2,0,0,0,0,,,0,183,9,20,,18/40 (45%),2/9 (22%),43%,4,11/27 (41%),9/20 (45%),3/5 (60%),40%,5,3,,11,,0,,,,,6
9603849,54,37225,NORMAL,REGULAR,Round 11,LEAGUE,24360,Real Sociedad B,Visita,2ND,21/10/2021,11,,52%,0.00,3,9,2,5,,197,14,7,,,2,0,6,1,6,3,0,3,0,,,1,146,13,19,,12/29 (41%),2/13 (15%),60%,7,26/40 (65%),4/10 (40%),5/7 (71%),64%,14,3,,6,,2,,,,,4
9604028,54,37225,NORMAL,REGULAR,Round 12,LEAGUE,35092,Mirandés,Local,ALL,24/10/2021,12,1,55%,0.00,1,12,2,2,14,477,18,10,2,,2,0,4,6,5,7,1,,0,,5,1,410,16,53,,24/45 (53%),3/16 (19%),43%,8,34/74 (46%),3/12 (25%),7/17 (41%),56%,18,16,,14,,2,,,,,5
9604028,54,37225,NORMAL,REGULAR,Round 12,LEAGUE,35092,Mirandés,Local,1ST,24/10/2021,12,0,42%,0.00,0,3,1,0,,209,7,4,2,,1,0,1,1,1,2,0,,0,,2,0,180,8,18,,9/22 (41%),1/8 (13%),35%,4,10/30 (33%),2/4 (50%),0/6 (0%),71%,7,6,,12,,1,,,,,3
9604028,54,37225,NORMAL,REGULAR,Round 12,LEAGUE,35092,Mirandés,Local,2ND,24/10/2021,12,,73%,0.00,1,9,1,2,,268,11,6,0,,1,0,3,5,4,5,1,,0,,3,1,230,8,35,,15/23 (65%),2/8 (25%),48%,4,24/44 (55%),1/8 (13%),7/11 (64%),45%,11,10,,2,,1,,,,,2
9604028,54,37225,NORMAL,REGULAR,Round 12,LEAGUE,2858,Almería,Visita,ALL,24/10/2021,12,4,45%,0.00,3,10,1,2,10,381,18,13,3,,6,0,1,3,8,2,3,,1,,3,4,315,24,41,,23/43 (53%),1/13 (8%),57%,13,40/74 (54%),9/12 (75%),10/15 (67%),72%,18,7,,12,,1,,,,,8
9604028,54,37225,NORMAL,REGULAR,Round 12,LEAGUE,2858,Almería,Visita,1ST,24/10/2021,12,3,58%,0.00,2,5,1,2,,283,10,5,0,,4,0,0,1,4,1,2,,1,,0,2,251,14,28,,14/22 (64%),0/12 (0%),65%,4,20/30 (67%),2/4 (50%),5/8 (63%),70%,10,2,,6,,1,,,,,3
9604028,54,37225,NORMAL,REGULAR,Round 12,LEAGUE,2858,Almería,Visita,2ND,24/10/2021,12,,27%,0.00,1,5,0,0,,98,8,8,3,,2,0,1,2,4,1,1,,0,,3,2,64,10,13,,9/21 (43%),1/1 (100%),52%,9,20/44 (45%),7/8 (88%),5/7 (71%),75%,8,5,,6,,0,,,,,5
9603890,54,37225,NORMAL,REGULAR,Round 13,LEAGUE,2858,Almería,Local,ALL,29/10/2021,13,1,53%,0.00,1,11,5,4,13,443,17,13,0,0,1,0,6,4,7,4,1,0,1,,0,6,341,22,45,,29/62 (47%),4/11 (36%),54%,7,36/73 (49%),31/50 (62%),6/16 (38%),47%,17,16,,23,,5,,,,,7
9603890,54,37225,NORMAL,REGULAR,Round 13,LEAGUE,2858,Almería,Local,1ST,29/10/2021,13,1,62%,0.00,1,7,1,2,,252,8,6,0,0,1,0,4,2,5,2,1,0,1,,0,3,206,10,29,,10/27 (37%),3/6 (50%),55%,1,15/33 (45%),16/23 (70%),1/5 (20%),63%,8,6,,6,,1,,,,,2
9603890,54,37225,NORMAL,REGULAR,Round 13,LEAGUE,2858,Almería,Local,2ND,29/10/2021,13,,44%,0.00,0,4,4,2,,191,9,7,0,0,0,0,2,2,2,2,0,0,0,,0,3,135,12,16,,19/35 (54%),1/5 (20%),54%,6,21/40 (53%),15/27 (56%),5/11 (45%),33%,9,10,,17,,4,,,,,5
9603890,54,37225,NORMAL,REGULAR,Round 13,LEAGUE,2845,Leganés,Visita,ALL,29/10/2021,13,0,47%,0.00,2,19,0,10,15,384,17,11,1,1,5,1,6,8,12,7,0,2,0,,2,5,281,23,72,,36/80 (45%),6/29 (21%),46%,12,37/73 (51%),19/50 (38%),9/14 (64%),71%,17,12,,8,,0,,,,,10
9603890,54,37225,NORMAL,REGULAR,Round 13,LEAGUE,2845,Leganés,Visita,1ST,29/10/2021,13,0,38%,0.00,1,7,0,5,,150,5,9,1,0,1,1,2,4,5,2,0,1,0,,2,3,104,12,33,,9/31 (29%),3/12 (25%),45%,4,18/33 (55%),7/23 (30%),4/8 (50%),60%,5,5,,4,,0,,,,,3
9603890,54,37225,NORMAL,REGULAR,Round 13,LEAGUE,2845,Leganés,Visita,2ND,29/10/2021,13,,56%,0.00,1,12,0,5,,234,12,2,0,1,4,0,4,4,7,5,0,1,0,,0,2,177,11,39,,27/49 (55%),3/17 (18%),46%,8,19/40 (48%),12/27 (44%),5/6 (83%),75%,12,7,,4,,0,,,,,7
9603867,54,37225,NORMAL,REGULAR,Round 14,LEAGUE,2852,Sporting Gijón,Local,ALL,02/11/2021,14,0,52%,0.00,1,10,4,2,13,515,20,16,1,,3,0,2,5,5,5,0,1,,,1,9,422,19,43,,33/74 (45%),2/11 (18%),58%,2,44/73 (60%),10/20 (50%),8/16 (50%),60%,20,8,,14,,4,,,,,9
9603867,54,37225,NORMAL,REGULAR,Round 14,LEAGUE,2852,Sporting Gijón,Local,1ST,02/11/2021,14,0,47%,0.00,1,6,0,2,,239,10,3,0,,2,0,1,3,4,2,0,1,,,0,5,202,10,25,,19/35 (54%),2/7 (29%),60%,0,16/29 (55%),5/6 (83%),3/6 (50%),70%,10,4,,6,,0,,,,,2
9603867,54,37225,NORMAL,REGULAR,Round 14,LEAGUE,2852,Sporting Gijón,Local,2ND,02/11/2021,14,,57%,0.00,0,4,4,0,,276,10,13,1,,1,0,1,2,1,3,0,0,,,1,4,220,9,18,,14/39 (36%),0/4 (0%),57%,2,28/44 (64%),5/14 (36%),5/10 (50%),50%,10,4,,8,,4,,,,,7
9603867,54,37225,NORMAL,REGULAR,Round 14,LEAGUE,2858,Almería,Visita,ALL,02/11/2021,14,1,48%,0.00,1,18,3,3,17,481,10,13,2,,5,1,8,5,11,7,1,0,,,3,1,402,22,70,,28/60 (47%),2/14 (14%),42%,10,29/73 (40%),10/20 (50%),7/17 (41%),50%,10,9,,17,,3,,,,,5
9603867,54,37225,NORMAL,REGULAR,Round 14,LEAGUE,2858,Almería,Visita,1ST,02/11/2021,14,0,53%,0.00,0,5,2,1,,272,3,9,0,,0,0,3,2,1,4,0,0,,,3,1,241,12,30,,13/29 (45%),0/6 (0%),40%,6,13/29 (45%),1/6 (17%),1/5 (20%),67%,3,4,,10,,2,,,,,1
9603867,54,37225,NORMAL,REGULAR,Round 14,LEAGUE,2858,Almería,Visita,2ND,02/11/2021,14,,43%,0.00,1,13,1,2,,209,7,4,2,,5,1,5,3,10,3,1,0,,,0,0,161,10,40,,15/31 (48%),2/8 (25%),43%,4,16/44 (36%),9/14 (64%),6/12 (50%),43%,7,5,,7,,1,,,,,4
9603875,54,37225,NORMAL,REGULAR,Round 15,LEAGUE,2858,Almería,Local,ALL,07/11/2021,15,2,77%,0.00,1,13,4,7,15,705,8,9,4,,7,0,5,1,8,5,,1,2,,2,2,607,21,76,,34/62 (55%),0/15 (0%),44%,6,33/66 (50%),10/31 (32%),17/28 (61%),75%,8,3,,11,,4,,,,,7
9603875,54,37225,NORMAL,REGULAR,Round 15,LEAGUE,2858,Almería,Local,1ST,07/11/2021,15,1,81%,0.00,0,7,2,2,,405,5,3,0,,3,0,4,0,3,4,,0,2,,0,1,357,14,44,,16/27 (59%),0/7 (0%),40%,4,13/27 (48%),5/18 (28%),6/9 (67%),80%,5,2,,1,,2,,,,,3
9603875,54,37225,NORMAL,REGULAR,Round 15,LEAGUE,2858,Almería,Local,2ND,07/11/2021,15,,72%,0.00,1,6,2,5,,300,3,6,4,,4,0,1,1,5,1,,1,0,,2,1,250,7,32,,18/35 (51%),0/8 (0%),48%,2,20/39 (51%),5/13 (38%),11/19 (58%),67%,3,1,,10,,2,,,,,4
9603875,54,37225,NORMAL,REGULAR,Round 15,LEAGUE,2854,Burgos Club de Fútbol,Visita,ALL,07/11/2021,15,0,23%,0.00,0,8,5,3,11,209,17,14,6,,4,0,3,1,5,3,,0,0,,1,4,110,21,64,,26/67 (39%),3/10 (30%),56%,5,33/66 (50%),21/31 (68%),2/5 (40%),65%,17,15,,17,,5,,,,,9
9603875,54,37225,NORMAL,REGULAR,Round 15,LEAGUE,2854,Burgos Club de Fútbol,Visita,1ST,07/11/2021,15,0,19%,0.00,0,3,2,2,,94,7,5,1,,2,0,1,0,3,0,,0,0,,0,2,46,11,36,,12/35 (34%),2/5 (40%),60%,3,14/27 (52%),13/18 (72%),2/4 (50%),57%,7,8,,13,,2,,,,,6
9603875,54,37225,NORMAL,REGULAR,Round 15,LEAGUE,2854,Burgos Club de Fútbol,Visita,2ND,07/11/2021,15,,28%,0.00,0,5,3,1,,115,10,9,5,,2,0,2,1,2,3,,0,0,,1,2,64,10,28,,14/32 (44%),1/5 (20%),52%,2,19/39 (49%),8/13 (62%),0/1 (0%),70%,10,7,,4,,3,,,,,3
9604042,54,37225,NORMAL,REGULAR,Round 16,LEAGUE,24368,UD Ibiza,Local,ALL,14/11/2021,16,0,57%,0.00,1,12,4,5,9,460,8,15,2,,4,1,5,3,10,2,0,1,1,,1,3,368,29,61,,24/66 (36%),8/29 (28%),49%,8,27/53 (51%),14/30 (47%),4/9 (44%),38%,8,7,,13,,4,,,,,7
9604042,54,37225,NORMAL,REGULAR,Round 16,LEAGUE,24368,UD Ibiza,Local,1ST,14/11/2021,16,0,53%,0.00,0,5,1,1,,219,4,8,1,,1,0,2,2,4,1,0,0,0,,1,0,173,10,21,,10/34 (29%),3/11 (27%),43%,7,13/28 (46%),4/12 (33%),1/3 (33%),25%,4,4,,3,,1,,,,,5
9604042,54,37225,NORMAL,REGULAR,Round 16,LEAGUE,24368,UD Ibiza,Local,2ND,14/11/2021,16,,61%,0.00,1,7,3,4,,241,4,7,1,,3,1,3,1,6,1,0,1,1,,0,3,195,19,40,,14/32 (44%),5/18 (28%),56%,1,14/25 (56%),10/18 (56%),3/6 (50%),50%,4,3,,10,,3,,,,,2
9604042,54,37225,NORMAL,REGULAR,Round 16,LEAGUE,2858,Almería,Visita,ALL,14/11/2021,16,1,43%,0.00,2,14,4,6,16,359,13,7,3,,5,1,6,3,7,7,1,1,0,,1,2,275,16,62,,21/54 (39%),2/10 (20%),51%,5,26/53 (49%),16/30 (53%),6/9 (67%),38%,13,8,,32,,4,,,,,7
9604042,54,37225,NORMAL,REGULAR,Round 16,LEAGUE,2858,Almería,Visita,1ST,14/11/2021,16,1,47%,0.00,1,7,1,0,,203,9,5,1,,2,0,3,2,2,5,1,0,0,,1,1,162,10,29,,15/30 (50%),0/2 (0%),57%,3,15/28 (54%),8/12 (67%),1/2 (50%),44%,9,5,,9,,1,,,,,4
9604042,54,37225,NORMAL,REGULAR,Round 16,LEAGUE,2858,Almería,Visita,2ND,14/11/2021,16,,39%,0.00,1,7,3,6,,156,4,2,2,,3,1,3,1,5,2,0,1,0,,0,1,113,6,33,,6/24 (25%),2/8 (25%),44%,2,11/25 (44%),8/18 (44%),5/7 (71%),25%,4,3,,23,,3,,,,,3
9603938,54,37225,NORMAL,REGULAR,Round 17,LEAGUE,2858,Almería,Local,ALL,20/11/2021,17,3,60%,0.00,2,19,1,8,12,524,12,6,3,0,9,0,6,4,9,10,1,1,,,2,1,450,21,76,,22/37 (59%),2/13 (15%),45%,11,28/72 (39%),16/25 (64%),10/22 (45%),75%,12,8,,14,,1,,,,,7
9603938,54,37225,NORMAL,REGULAR,Round 17,LEAGUE,2858,Almería,Local,1ST,20/11/2021,17,0,68%,0.00,1,9,0,3,,299,6,5,1,0,3,0,4,2,4,5,0,1,,,1,1,258,13,45,,12/19 (63%),1/7 (14%),49%,3,16/36 (44%),10/17 (59%),5/15 (33%),67%,6,4,,6,,0,,,,,2
9603938,54,37225,NORMAL,REGULAR,Round 17,LEAGUE,2858,Almería,Local,2ND,20/11/2021,17,,52%,0.00,1,10,1,5,,225,6,1,2,0,6,0,2,2,5,5,1,0,,,1,0,192,8,31,,10/18 (56%),1/6 (17%),41%,8,12/36 (33%),6/8 (75%),5/7 (71%),83%,6,4,,8,,1,,,,,5
9603938,54,37225,NORMAL,REGULAR,Round 17,LEAGUE,2831,Real Valladolid,Visita,ALL,20/11/2021,17,1,40%,0.00,0,7,6,3,7,339,23,12,2,1,1,1,4,2,3,4,0,0,,,2,2,257,19,34,,22/53 (42%),2/17 (12%),55%,6,44/72 (61%),9/25 (36%),9/15 (60%),83%,23,8,,15,,6,,,,,8
9603938,54,37225,NORMAL,REGULAR,Round 17,LEAGUE,2831,Real Valladolid,Visita,1ST,20/11/2021,17,1,32%,0.00,0,1,3,2,,139,13,6,2,1,0,0,1,0,1,0,0,0,,,2,0,96,9,13,,10/28 (36%),0/9 (0%),51%,4,20/36 (56%),7/17 (41%),1/3 (33%),85%,13,3,,11,,3,,,,,3
9603938,54,37225,NORMAL,REGULAR,Round 17,LEAGUE,2831,Real Valladolid,Visita,2ND,20/11/2021,17,,48%,0.00,0,6,3,1,,200,10,6,0,0,1,1,3,2,2,4,0,0,,,0,2,161,10,21,,12/25 (48%),2/8 (25%),59%,2,24/36 (67%),2/8 (25%),8/12 (67%),80%,10,5,,4,,3,,,,,5
9603978,54,37225,NORMAL,REGULAR,Round 18,LEAGUE,2858,Almería,Local,ALL,27/11/2021,18,0,66%,0.00,1,15,0,1,9,544,13,14,1,,4,1,9,2,9,6,,1,0,,6,2,456,27,77,,23/53 (43%),3/17 (18%),55%,12,37/69 (54%),13/22 (59%),10/16 (63%),38%,13,3,,13,,0,,,,,5
9603978,54,37225,NORMAL,REGULAR,Round 18,LEAGUE,2858,Almería,Local,1ST,27/11/2021,18,0,62%,0.00,1,6,0,1,,257,6,7,0,,1,1,5,0,5,1,,1,0,,2,2,219,12,33,,8/24 (33%),0/3 (0%),58%,3,17/30 (57%),4/6 (67%),4/7 (57%),33%,6,3,,8,,0,,,,,3
9603978,54,37225,NORMAL,REGULAR,Round 18,LEAGUE,2858,Almería,Local,2ND,27/11/2021,18,,69%,0.00,0,9,0,0,,287,7,7,1,,3,0,4,2,4,5,,0,0,,4,0,237,15,44,,15/29 (52%),3/14 (21%),53%,9,20/39 (51%),9/16 (56%),6/9 (67%),43%,7,0,,5,,0,,,,,2
9603978,54,37225,NORMAL,REGULAR,Round 18,LEAGUE,24265,Huesca,Visita,ALL,27/11/2021,18,0,34%,0.00,0,7,4,3,14,281,18,9,5,,0,0,5,2,3,4,,0,1,,2,5,212,18,36,,30/58 (52%),2/11 (18%),45%,10,32/69 (46%),9/22 (41%),6/9 (67%),44%,18,13,,31,,4,,,,,15
9603978,54,37225,NORMAL,REGULAR,Round 18,LEAGUE,24265,Huesca,Visita,1ST,27/11/2021,18,0,38%,0.00,0,4,1,1,,151,6,5,4,,0,0,3,1,1,3,,0,0,,1,3,118,10,18,,19/30 (63%),1/7 (14%),42%,4,13/30 (43%),2/6 (33%),2/4 (50%),67%,6,4,,7,,1,,,,,9
9603978,54,37225,NORMAL,REGULAR,Round 18,LEAGUE,24265,Huesca,Visita,2ND,27/11/2021,18,,31%,0.00,0,3,3,2,,130,12,4,1,,0,0,2,1,2,1,,0,1,,1,2,94,8,18,,11/28 (39%),1/4 (25%),47%,6,19/39 (49%),7/16 (44%),4/5 (80%),33%,12,9,,24,,3,,,,,6
9603996,54,37225,NORMAL,REGULAR,Round 19,LEAGUE,35097,CF Fuenlabrada,Local,ALL,04/12/2021,19,1,32%,0.00,1,3,2,4,14,269,17,14,2,,1,0,1,1,1,2,1,0,,,1,3,181,9,64,,28/73 (38%),3/17 (18%),44%,4,35/70 (50%),9/30 (30%),4/10 (40%),76%,17,13,,10,,2,,,,,7
9603996,54,37225,NORMAL,REGULAR,Round 19,LEAGUE,35097,CF Fuenlabrada,Local,1ST,04/12/2021,19,0,34%,0.00,0,1,2,1,,146,13,7,0,,0,0,0,1,0,1,0,0,,,0,3,103,6,32,,15/37 (41%),1/10 (10%),47%,3,22/38 (58%),5/19 (26%),2/5 (40%),77%,13,6,,5,,2,,,,,2
9603996,54,37225,NORMAL,REGULAR,Round 19,LEAGUE,35097,CF Fuenlabrada,Local,2ND,04/12/2021,19,,30%,0.00,1,2,0,3,,123,4,7,2,,1,0,1,0,1,1,1,0,,,1,0,78,3,32,,13/36 (36%),2/7 (29%),40%,1,13/32 (41%),4/11 (36%),2/5 (40%),75%,4,7,,5,,0,,,,,5
9603996,54,37225,NORMAL,REGULAR,Round 19,LEAGUE,2858,Almería,Visita,ALL,04/12/2021,19,1,68%,0.00,3,7,0,4,14,595,10,14,3,,3,0,3,1,4,3,1,2,,,2,5,493,27,63,,21/58 (36%),3/11 (27%),56%,10,35/70 (50%),21/30 (70%),11/18 (61%),60%,10,4,,7,,0,,,,,6
9603996,54,37225,NORMAL,REGULAR,Round 19,LEAGUE,2858,Almería,Visita,1ST,04/12/2021,19,0,66%,0.00,1,3,0,2,,301,6,6,1,,2,0,1,0,1,2,0,1,,,1,3,245,14,32,,7/29 (24%),1/3 (33%),53%,9,16/38 (42%),14/19 (74%),4/8 (50%),50%,6,1,,4,,0,,,,,4
9603996,54,37225,NORMAL,REGULAR,Round 19,LEAGUE,2858,Almería,Visita,2ND,04/12/2021,19,,70%,0.00,2,4,0,2,,294,4,8,2,,1,0,2,1,3,1,1,1,,,1,2,248,13,31,,14/29 (48%),2/8 (25%),60%,1,19/32 (59%),7/11 (64%),7/10 (70%),75%,4,3,,3,,0,,,,,2
9603990,54,37225,NORMAL,REGULAR,Round 20,LEAGUE,2858,Almería,Local,ALL,11/12/2021,20,3,51%,0.00,7,15,0,4,11,475,9,9,2,,8,0,5,2,14,1,3,4,1,,1,0,385,24,68,,29/58 (50%),2/7 (29%),40%,12,24/62 (39%),14/32 (44%),7/16 (44%),67%,9,11,,13,,0,,,,,6
9603990,54,37225,NORMAL,REGULAR,Round 20,LEAGUE,2858,Almería,Local,1ST,11/12/2021,20,0,58%,0.00,2,6,0,2,,278,5,5,1,,1,0,4,1,5,1,0,2,0,,0,0,226,18,40,,15/34 (44%),1/4 (25%),41%,3,14/32 (44%),6/17 (35%),4/10 (40%),80%,5,8,,3,,0,,,,,3
9603990,54,37225,NORMAL,REGULAR,Round 20,LEAGUE,2858,Almería,Local,2ND,11/12/2021,20,,43%,0.00,5,9,0,2,,197,4,4,1,,7,0,1,1,9,0,3,2,1,,1,0,159,6,28,,14/24 (58%),1/3 (33%),40%,9,10/30 (33%),8/15 (53%),3/6 (50%),50%,4,3,,10,,0,,,,,3
9603990,54,37225,NORMAL,REGULAR,Round 20,LEAGUE,2815,Real Zaragoza,Visita,ALL,11/12/2021,20,0,49%,0.00,1,7,4,6,9,457,21,11,0,,0,0,1,6,3,4,0,1,0,,2,4,352,28,64,,37/75 (49%),3/15 (20%),60%,4,38/62 (61%),18/32 (56%),6/11 (55%),57%,21,9,,21,,4,,,,,8
9603990,54,37225,NORMAL,REGULAR,Round 20,LEAGUE,2815,Real Zaragoza,Visita,1ST,11/12/2021,20,0,42%,0.00,1,1,1,2,,197,9,6,0,,0,0,1,0,1,0,0,1,0,,0,2,144,13,26,,16/39 (41%),1/4 (25%),59%,2,18/32 (56%),11/17 (65%),3/6 (50%),56%,9,3,,16,,1,,,,,5
9603990,54,37225,NORMAL,REGULAR,Round 20,LEAGUE,2815,Real Zaragoza,Visita,2ND,11/12/2021,20,,57%,0.00,0,6,3,4,,260,12,5,0,,0,0,0,6,2,4,0,0,0,,2,2,208,15,38,,21/36 (58%),2/11 (18%),60%,2,20/30 (67%),7/15 (47%),3/5 (60%),58%,12,6,,5,,3,,,,,3
9998646,329,39457,NORMAL,REGULAR,Round 2,CUP,54103,SD Amorebieta,Local,ALL,16/12/2021,8,1,38%,0.00,2,13,3,6,10,251,14,10,2,,5,1,4,4,8,5,0,2,1,,0,9,127,28,61,,21/86 (24%),4/24 (17%),54%,4,33/63 (52%),29/51 (57%),9/16 (56%),57%,14,5,,23,,3,,,,,7
9998646,329,39457,NORMAL,REGULAR,Round 2,CUP,54103,SD Amorebieta,Local,1ST,16/12/2021,8,0,34%,0.00,1,4,2,1,,117,5,6,1,,2,1,1,1,3,1,0,1,1,,0,4,60,12,33,,10/42 (24%),2/10 (20%),52%,3,16/32 (50%),12/22 (55%),5/8 (63%),40%,5,4,,15,,2,,,,,2
9998646,329,39457,NORMAL,REGULAR,Round 2,CUP,54103,SD Amorebieta,Local,2ND,16/12/2021,8,,42%,0.00,1,9,1,5,,134,9,4,1,,3,0,3,3,5,4,0,1,0,,0,5,67,16,28,,11/44 (25%),2/14 (14%),57%,1,17/31 (55%),17/29 (59%),4/8 (50%),67%,9,1,,8,,1,,,,,5
9998646,329,39457,NORMAL,REGULAR,Round 2,CUP,2858,Almería,Visita,ALL,16/12/2021,8,2,62%,0.00,2,14,4,4,12,438,11,10,1,,5,0,6,3,7,7,1,1,1,,1,3,306,26,75,,41/95 (43%),5/13 (38%),46%,7,30/63 (48%),22/51 (43%),9/16 (56%),27%,11,9,,24,,4,,,,,8
9998646,329,39457,NORMAL,REGULAR,Round 2,CUP,2858,Almería,Visita,1ST,16/12/2021,8,1,66%,0.00,1,5,2,3,,235,6,6,0,,3,0,2,0,1,4,1,0,1,,1,2,164,17,37,,21/47 (45%),4/9 (44%),48%,4,16/32 (50%),10/22 (45%),4/5 (80%),17%,6,4,,9,,2,,,,,5
9998646,329,39457,NORMAL,REGULAR,Round 2,CUP,2858,Almería,Visita,2ND,16/12/2021,8,,58%,0.00,1,9,2,1,,203,5,4,1,,2,0,4,3,6,3,0,1,0,,0,1,142,9,38,,20/48 (42%),1/4 (25%),43%,3,14/31 (45%),12/29 (41%),5/11 (45%),40%,5,5,,15,,2,,,,,3
9604110,54,37225,NORMAL,REGULAR,Round 22,LEAGUE,2858,Almería,Local,ALL,02/01/2022,22,0,45%,0.00,0,17,0,4,14,394,14,17,0,0,2,0,10,5,10,7,0,,1,,3,2,298,33,65,,28/55 (51%),3/14 (21%),52%,13,50/96 (52%),16/30 (53%),19/32 (59%),79%,14,8,,8,,0,,,,,3
9604110,54,37225,NORMAL,REGULAR,Round 22,LEAGUE,2858,Almería,Local,1ST,02/01/2022,22,0,38%,0.00,0,8,0,2,,169,8,8,0,0,0,0,6,2,6,2,0,,1,,1,2,125,18,22,,16/30 (53%),2/6 (33%),54%,5,24/44 (55%),7/13 (54%),8/15 (53%),75%,8,4,,7,,0,,,,,0
9604110,54,37225,NORMAL,REGULAR,Round 22,LEAGUE,2858,Almería,Local,2ND,02/01/2022,22,,52%,0.00,0,9,0,2,,225,6,9,0,0,2,0,4,3,4,5,0,,0,,2,0,173,15,43,,12/25 (48%),1/8 (13%),51%,8,26/52 (50%),9/17 (53%),11/17 (65%),83%,6,4,,1,,0,,,,,3
9604110,54,37225,NORMAL,REGULAR,Round 22,LEAGUE,24329,FC Cartagena,Visita,ALL,02/01/2022,22,1,55%,0.00,1,10,2,3,17,493,26,14,5,1,1,0,3,6,8,2,1,,0,,2,5,391,17,41,,41/76 (54%),4/10 (40%),48%,8,46/96 (48%),14/30 (47%),6/12 (50%),69%,26,10,,19,,2,,,,,10
9604110,54,37225,NORMAL,REGULAR,Round 22,LEAGUE,24329,FC Cartagena,Visita,1ST,02/01/2022,22,1,62%,0.00,1,4,0,2,,285,12,6,3,0,1,0,0,3,3,1,1,,0,,1,1,233,8,27,,23/36 (64%),0/4 (0%),46%,4,20/44 (45%),6/13 (46%),2/6 (33%),92%,12,3,,9,,0,,,,,5
9604110,54,37225,NORMAL,REGULAR,Round 22,LEAGUE,24329,FC Cartagena,Visita,2ND,02/01/2022,22,,48%,0.00,0,6,2,1,,208,14,8,2,1,0,0,3,3,5,1,0,,0,,1,4,158,9,14,,18/40 (45%),4/6 (67%),49%,4,26/52 (50%),8/17 (47%),4/6 (67%),50%,14,7,,10,,2,,,,,5
10023180,329,39457,NORMAL,REGULAR,Round of 32,CUP,2858,Almería,Local,ALL,06/01/2022,16,1,49%,0.00,4,16,1,7,16,388,14,15,5,,3,1,7,6,10,6,1,3,0,,3,3,321,19,48,,29/57 (51%),5/19 (26%),46%,8,36/76 (47%),9/22 (41%),7/17 (41%),79%,14,3,,10,,1,,,,,6
10023180,329,39457,NORMAL,REGULAR,Round of 32,CUP,2858,Almería,Local,1ST,06/01/2022,16,1,51%,0.00,4,11,1,7,,195,6,5,0,,3,1,4,4,7,4,1,3,0,,1,2,160,9,25,,14/26 (54%),3/14 (21%),49%,5,14/27 (52%),3/8 (38%),3/6 (50%),83%,6,2,,4,,1,,,,,4
10023180,329,39457,NORMAL,REGULAR,Round of 32,CUP,2858,Almería,Local,2ND,06/01/2022,16,0,47%,0.00,0,5,0,0,,193,8,10,5,,0,0,3,2,3,2,0,0,0,,2,1,161,10,23,,15/31 (48%),2/5 (40%),44%,3,22/49 (45%),6/14 (43%),4/11 (36%),75%,8,1,,6,,0,,,,,2
10023180,329,39457,NORMAL,REGULAR,Round of 32,CUP,2846,Elche,Visita,ALL,06/01/2022,16,2,51%,0.00,4,9,2,3,15,416,18,16,5,,3,0,4,2,5,4,2,2,2,,3,7,355,11,56,,39/68 (57%),1/10 (10%),54%,4,40/76 (53%),13/22 (59%),6/16 (38%),83%,18,10,,17,,2,,,,,9
10023180,329,39457,NORMAL,REGULAR,Round of 32,CUP,2846,Elche,Visita,1ST,06/01/2022,16,0,49%,0.00,2,5,2,1,,194,8,4,0,,1,0,3,1,3,2,0,2,1,,1,3,158,8,32,,20/34 (59%),0/6 (0%),51%,1,13/27 (48%),5/8 (63%),1/6 (17%),88%,8,5,,9,,2,,,,,4
10023180,329,39457,NORMAL,REGULAR,Round of 32,CUP,2846,Elche,Visita,2ND,06/01/2022,16,2,53%,0.00,2,4,0,2,,222,10,12,5,,2,0,1,1,2,2,2,0,1,,2,4,197,3,24,,19/34 (56%),1/4 (25%),56%,3,27/49 (55%),8/14 (57%),5/10 (50%),80%,10,5,,8,,0,,,,,5
9604066,54,37225,NORMAL,REGULAR,Round 23,LEAGUE,6577,UD Las Palmas,Local,ALL,09/01/2022,23,1,59%,0.00,1,10,1,1,15,476,24,18,4,,2,0,3,5,7,3,1,0,1,,3,6,377,25,67,,38/73 (52%),1/15 (7%),52%,11,51/97 (53%),14/29 (48%),9/15 (60%),58%,24,13,,10,,1,,,,,3
9604066,54,37225,NORMAL,REGULAR,Round 23,LEAGUE,6577,UD Las Palmas,Local,1ST,09/01/2022,23,1,60%,0.00,1,6,0,1,,259,11,7,0,,1,0,2,3,5,1,1,0,1,,2,2,211,12,34,,15/30 (50%),1/6 (17%),53%,4,22/41 (54%),7/14 (50%),4/6 (67%),55%,11,10,,7,,0,,,,,1
9604066,54,37225,NORMAL,REGULAR,Round 23,LEAGUE,6577,UD Las Palmas,Local,2ND,09/01/2022,23,,57%,0.00,0,4,1,0,,217,13,11,4,,1,0,1,2,2,2,0,0,0,,1,4,166,13,33,,23/43 (53%),0/9 (0%),51%,7,29/56 (52%),7/15 (47%),5/9 (56%),62%,13,3,,3,,1,,,,,2
9604066,54,37225,NORMAL,REGULAR,Round 23,LEAGUE,2858,Almería,Visita,ALL,09/01/2022,23,1,41%,0.00,1,6,1,3,19,335,17,14,3,,2,0,1,3,2,4,0,1,0,,0,1,243,22,45,,23/53 (43%),0/11 (0%),48%,15,46/97 (47%),15/29 (52%),15/24 (63%),53%,17,9,,17,,1,,,,,3
9604066,54,37225,NORMAL,REGULAR,Round 23,LEAGUE,2858,Almería,Visita,1ST,09/01/2022,23,0,40%,0.00,1,3,0,3,,167,6,5,1,,0,0,0,3,1,2,0,1,0,,0,0,124,11,20,,12/26 (46%),0/7 (0%),47%,8,19/41 (46%),7/14 (50%),8/11 (73%),50%,6,5,,7,,0,,,,,3
9604066,54,37225,NORMAL,REGULAR,Round 23,LEAGUE,2858,Almería,Visita,2ND,09/01/2022,23,,43%,0.00,0,3,1,0,,168,11,9,2,,2,0,1,0,1,2,0,0,0,,0,1,119,11,25,,11/27 (41%),0/4 (0%),49%,7,27/56 (48%),8/15 (53%),7/13 (54%),55%,11,4,,10,,1,,,,,0
10061215,54,37225,NORMAL,REGULAR,Round 21,LEAGUE,24332,CD Lugo,Local,ALL,19/01/2022,21,2,24%,0.00,3,6,7,0,12,207,22,11,3,1,4,0,2,0,6,0,2,1,0,,0,2,118,17,42,,23/60 (38%),3/7 (43%),57%,5,37/78 (47%),26/33 (79%),5/12 (42%),50%,22,14,,36,,7,,,,,11
10061215,54,37225,NORMAL,REGULAR,Round 21,LEAGUE,24332,CD Lugo,Local,1ST,19/01/2022,21,2,27%,0.00,3,4,2,0,,114,13,5,1,0,3,0,1,0,4,0,2,1,0,,0,0,69,10,25,,11/34 (32%),3/6 (50%),55%,3,20/40 (50%),9/13 (69%),2/6 (33%),62%,13,4,,10,,2,,,,,3
10061215,54,37225,NORMAL,REGULAR,Round 21,LEAGUE,24332,CD Lugo,Local,2ND,19/01/2022,21,,21%,0.00,0,2,5,0,,93,9,6,2,1,1,0,1,0,2,0,0,0,0,,0,2,49,7,17,,12/26 (46%),0/1 (0%),59%,2,17/38 (45%),17/20 (85%),3/6 (50%),33%,9,10,,26,,5,,,,,8
10061215,54,37225,NORMAL,REGULAR,Round 21,LEAGUE,2858,Almería,Visita,ALL,19/01/2022,21,1,76%,0.00,1,21,2,12,13,643,12,12,4,0,7,0,9,5,8,13,0,1,2,,2,0,539,23,78,,34/59 (58%),4/28 (14%),43%,12,41/78 (53%),7/33 (21%),17/27 (63%),42%,12,7,,11,,2,,,,,7
10061215,54,37225,NORMAL,REGULAR,Round 21,LEAGUE,2858,Almería,Visita,1ST,19/01/2022,21,0,73%,0.00,0,6,1,4,,307,7,6,1,0,2,0,2,2,1,5,0,0,1,,1,0,257,7,27,,19/30 (63%),1/9 (11%),45%,9,20/40 (50%),4/13 (31%),7/11 (64%),14%,7,4,,8,,1,,,,,5
10061215,54,37225,NORMAL,REGULAR,Round 21,LEAGUE,2858,Almería,Visita,2ND,19/01/2022,21,,79%,0.00,1,15,1,8,,336,5,6,3,0,5,0,7,3,7,8,0,1,1,,1,0,282,16,51,,15/29 (52%),3/19 (16%),41%,3,21/38 (55%),3/20 (15%),10/16 (63%),80%,5,3,,3,,1,,,,,2
9604074,54,37225,NORMAL,REGULAR,Round 24,LEAGUE,2858,Almería,Local,ALL,24/01/2022,24,0,68%,0.00,1,24,0,12,7,585,14,14,1,,8,0,10,6,12,12,,1,,,5,2,485,29,71,,35/66 (53%),6/30 (20%),58%,8,37/62 (60%),25/44 (57%),9/16 (56%),57%,14,7,,4,,0,,,,,6
9604074,54,37225,NORMAL,REGULAR,Round 24,LEAGUE,2858,Almería,Local,1ST,24/01/2022,24,0,68%,0.00,0,11,0,3,,298,10,6,0,,4,0,4,3,5,6,,0,,,3,1,248,14,32,,18/34 (53%),2/12 (17%),62%,2,20/29 (69%),8/16 (50%),4/7 (57%),50%,10,2,,3,,0,,,,,4
9604074,54,37225,NORMAL,REGULAR,Round 24,LEAGUE,2858,Almería,Local,2ND,24/01/2022,24,,69%,0.00,1,13,0,9,,287,4,8,1,,4,0,6,3,7,6,,1,,,2,1,237,15,39,,17/32 (53%),4/18 (22%),56%,6,17/33 (52%),17/28 (61%),5/9 (56%),75%,4,5,,1,,0,,,,,2
9604074,54,37225,NORMAL,REGULAR,Round 24,LEAGUE,2839,Eibar,Visita,ALL,24/01/2022,24,2,32%,0.00,1,9,7,2,14,273,15,6,3,,2,0,5,2,7,2,,1,,,1,4,182,10,37,,24/65 (37%),6/9 (67%),42%,11,25/62 (40%),19/44 (43%),4/7 (57%),33%,15,8,,30,,7,,,,,16
9604074,54,37225,NORMAL,REGULAR,Round 24,LEAGUE,2839,Eibar,Visita,1ST,24/01/2022,24,1,32%,0.00,1,7,4,2,,140,5,2,0,,1,0,4,2,5,2,,1,,,1,2,96,4,18,,12/33 (36%),5/7 (71%),38%,7,9/29 (31%),8/16 (50%),2/5 (40%),0%,5,6,,9,,4,,,,,7
9604074,54,37225,NORMAL,REGULAR,Round 24,LEAGUE,2839,Eibar,Visita,2ND,24/01/2022,24,,31%,0.00,0,2,3,0,,133,10,4,3,,1,0,1,0,2,0,,0,,,0,2,86,6,19,,12/32 (38%),1/2 (50%),44%,4,16/33 (48%),11/28 (39%),2/2 (100%),50%,10,2,,21,,3,,,,,9
9604156,54,37225,NORMAL,REGULAR,Round 25,LEAGUE,2851,Real Oviedo,Local,ALL,29/01/2022,25,2,44%,0.00,1,3,3,2,17,397,12,11,2,,2,1,1,0,1,2,1,0,,,1,4,289,12,40,,34/83 (41%),0/14 (0%),45%,12,33/79 (42%),28/58 (48%),10/16 (63%),33%,12,21,,27,,3,,,,,6
9604156,54,37225,NORMAL,REGULAR,Round 25,LEAGUE,2851,Real Oviedo,Local,1ST,29/01/2022,25,1,47%,0.00,1,2,0,1,,220,5,6,1,,2,1,0,0,1,1,1,0,,,1,2,163,8,21,,19/39 (49%),0/10 (0%),44%,5,14/36 (39%),13/25 (52%),3/6 (50%),40%,5,8,,7,,0,,,,,2
9604156,54,37225,NORMAL,REGULAR,Round 25,LEAGUE,2851,Real Oviedo,Local,2ND,29/01/2022,25,,41%,0.00,0,1,3,1,,177,7,5,1,,0,0,1,0,0,1,0,0,,,0,2,126,4,19,,15/44 (34%),0/4 (0%),45%,7,19/43 (44%),15/33 (45%),7/10 (70%),29%,7,13,,20,,3,,,,,4
9604156,54,37225,NORMAL,REGULAR,Round 25,LEAGUE,2858,Almería,Visita,ALL,29/01/2022,25,0,56%,0.00,1,12,1,6,12,507,18,17,3,,3,0,5,4,4,8,0,1,,,5,1,389,25,62,,35/72 (49%),3/20 (15%),55%,6,46/79 (58%),30/58 (52%),11/17 (65%),56%,18,4,,20,,1,,,,,3
9604156,54,37225,NORMAL,REGULAR,Round 25,LEAGUE,2858,Almería,Visita,1ST,29/01/2022,25,0,53%,0.00,0,3,1,1,,260,8,8,2,,0,0,1,2,0,3,0,0,,,1,0,200,9,25,,15/38 (39%),0/6 (0%),56%,3,22/36 (61%),12/25 (48%),6/8 (75%),50%,8,1,,16,,1,,,,,2
9604156,54,37225,NORMAL,REGULAR,Round 25,LEAGUE,2858,Almería,Visita,2ND,29/01/2022,25,,59%,0.00,1,9,0,5,,247,10,9,1,,3,0,4,2,4,5,0,1,,,4,1,189,16,37,,20/34 (59%),3/14 (21%),55%,3,24/43 (56%),18/33 (55%),5/9 (56%),60%,10,3,,4,,0,,,,,1
9604131,54,37225,NORMAL,REGULAR,Round 26,LEAGUE,2858,Almería,Local,ALL,04/02/2022,26,2,52%,0.00,7,18,0,5,12,330,17,16,3,0,8,0,8,2,14,4,2,5,1,,2,4,224,30,50,,22/73 (30%),4/13 (31%),54%,8,49/91 (54%),19/35 (54%),17/27 (63%),65%,17,18,,16,,0,,,,,3
9604131,54,37225,NORMAL,REGULAR,Round 26,LEAGUE,2858,Almería,Local,1ST,04/02/2022,26,0,58%,0.00,1,5,0,3,,195,14,9,2,0,1,0,3,1,4,1,0,1,0,,0,0,132,22,25,,11/44 (25%),3/10 (30%),60%,7,31/54 (57%),11/16 (69%),8/15 (53%),64%,14,6,,3,,0,,,,,1
9604131,54,37225,NORMAL,REGULAR,Round 26,LEAGUE,2858,Almería,Local,2ND,04/02/2022,26,,44%,0.00,6,13,0,2,,135,3,7,1,0,7,0,5,1,10,3,2,4,1,,2,4,92,8,25,,11/29 (38%),1/3 (33%),46%,1,18/37 (49%),8/19 (42%),9/12 (75%),67%,3,12,,13,,0,,,,,2
9604131,54,37225,NORMAL,REGULAR,Round 26,LEAGUE,24368,UD Ibiza,Visita,ALL,04/02/2022,26,0,48%,0.00,0,4,5,3,17,305,18,12,5,1,0,0,4,0,4,0,0,0,0,,1,6,197,39,47,,22/62 (35%),5/17 (29%),46%,10,42/91 (46%),16/35 (46%),12/19 (63%),61%,18,7,,18,,5,,,,,9
9604131,54,37225,NORMAL,REGULAR,Round 26,LEAGUE,24368,UD Ibiza,Visita,1ST,04/02/2022,26,0,42%,0.00,0,0,1,0,,143,14,5,3,0,0,0,0,0,0,0,0,0,0,,0,1,78,25,26,,8/28 (29%),1/5 (20%),40%,8,23/54 (43%),5/16 (31%),4/10 (40%),64%,14,6,,9,,1,,,,,6
9604131,54,37225,NORMAL,REGULAR,Round 26,LEAGUE,24368,UD Ibiza,Visita,2ND,04/02/2022,26,,56%,0.00,0,4,4,3,,162,4,7,2,1,0,0,4,0,4,0,0,0,0,,1,5,119,14,21,,14/34 (41%),4/12 (33%),54%,2,19/37 (51%),11/19 (58%),8/9 (89%),50%,4,1,,9,,4,,,,,3
9604103,54,37225,NORMAL,REGULAR,Round 27,LEAGUE,2830,Málaga CF,Local,ALL,12/02/2022,27,0,50%,0.00,0,10,2,6,9,458,16,9,3,,2,0,4,4,4,6,0,0,0,,2,2,348,25,62,,58/102 (57%),2/16 (13%),48%,10,38/77 (49%),18/40 (45%),13/24 (54%),63%,16,18,,12,,2,,,,,9
9604103,54,37225,NORMAL,REGULAR,Round 27,LEAGUE,2830,Málaga CF,Local,1ST,12/02/2022,27,0,41%,0.00,0,4,2,3,,192,8,2,1,,1,0,1,2,1,3,0,0,0,,0,0,138,10,32,,25/52 (48%),1/4 (25%),44%,8,19/41 (46%),5/13 (38%),9/12 (75%),63%,8,11,,4,,2,,,,,6
9604103,54,37225,NORMAL,REGULAR,Round 27,LEAGUE,2830,Málaga CF,Local,2ND,12/02/2022,27,,59%,0.00,0,6,0,3,,266,8,7,2,,1,0,3,2,3,3,0,0,0,,2,2,210,15,30,,33/50 (66%),1/12 (8%),51%,2,19/36 (53%),13/27 (48%),4/12 (33%),63%,8,7,,8,,0,,,,,3
9604103,54,37225,NORMAL,REGULAR,Round 27,LEAGUE,2858,Almería,Visita,ALL,12/02/2022,27,1,50%,0.00,2,9,2,3,10,459,21,9,2,,3,0,5,1,8,1,1,1,1,,2,3,352,24,55,,31/69 (45%),4/14 (29%),52%,11,39/77 (51%),22/40 (55%),9/14 (64%),57%,21,8,,21,,2,,,,,6
9604103,54,37225,NORMAL,REGULAR,Round 27,LEAGUE,2858,Almería,Visita,1ST,12/02/2022,27,0,59%,0.00,0,5,1,1,,273,11,7,1,,2,0,2,1,4,1,0,0,1,,2,2,222,16,30,,20/37 (54%),2/5 (40%),56%,6,22/41 (54%),8/13 (62%),4/6 (67%),55%,11,1,,5,,1,,,,,1
9604103,54,37225,NORMAL,REGULAR,Round 27,LEAGUE,2858,Almería,Visita,2ND,12/02/2022,27,,41%,0.00,2,4,1,2,,186,10,2,1,,1,0,3,0,4,0,1,1,0,,0,1,130,8,25,,11/32 (34%),2/9 (22%),49%,5,17/36 (47%),14/27 (52%),5/8 (63%),60%,10,7,,16,,1,,,,,5
9604105,54,37225,NORMAL,REGULAR,Round 28,LEAGUE,2858,Almería,Local,ALL,20/02/2022,28,2,49%,0.00,4,18,2,5,16,406,9,14,3,,6,1,10,2,13,5,1,3,1,,1,2,318,17,51,,33/59 (56%),5/13 (38%),46%,7,30/66 (45%),16/34 (47%),7/16 (44%),44%,9,15,,16,,2,,,,,10
9604105,54,37225,NORMAL,REGULAR,Round 28,LEAGUE,2858,Almería,Local,1ST,20/02/2022,28,0,51%,0.00,2,8,0,3,,210,4,8,2,,1,0,5,2,6,2,0,2,1,,0,2,174,9,32,,17/29 (59%),3/8 (38%),47%,6,17/36 (47%),8/17 (47%),5/8 (63%),50%,4,6,,7,,0,,,,,5
9604105,54,37225,NORMAL,REGULAR,Round 28,LEAGUE,2858,Almería,Local,2ND,20/02/2022,28,,47%,0.00,2,10,2,2,,196,5,6,1,,5,1,5,0,7,3,1,1,0,,1,0,144,8,19,,16/30 (53%),2/5 (40%),45%,1,13/30 (43%),8/17 (47%),2/8 (25%),40%,5,9,,9,,2,,,,,5
9604105,54,37225,NORMAL,REGULAR,Round 28,LEAGUE,35092,Mirandés,Visita,ALL,20/02/2022,28,1,51%,0.00,2,17,4,7,14,415,16,16,3,,3,0,7,7,13,4,1,1,1,,4,6,332,23,51,,35/68 (51%),5/23 (22%),54%,5,36/66 (55%),18/34 (53%),4/8 (50%),44%,16,7,,13,,4,,,,,11
9604105,54,37225,NORMAL,REGULAR,Round 28,LEAGUE,35092,Mirandés,Visita,1ST,20/02/2022,28,0,49%,0.00,0,4,1,2,,204,9,9,2,,0,0,2,2,2,2,0,0,0,,0,4,162,13,22,,18/36 (50%),1/9 (11%),53%,1,19/36 (53%),9/17 (53%),1/4 (25%),44%,9,2,,8,,1,,,,,6
9604105,54,37225,NORMAL,REGULAR,Round 28,LEAGUE,35092,Mirandés,Visita,2ND,20/02/2022,28,,53%,0.00,2,13,3,5,,211,7,7,1,,3,0,5,5,11,2,1,1,1,,4,2,170,10,29,,17/32 (53%),4/14 (29%),55%,4,17/30 (57%),9/17 (53%),3/4 (75%),43%,7,5,,5,,3,,,,,5
9604086,54,37225,NORMAL,REGULAR,Round 29,LEAGUE,2858,Almería,Local,ALL,25/02/2022,29,3,69%,0.00,7,17,2,6,18,553,11,15,4,,6,0,9,2,12,5,3,4,,,1,3,467,18,51,,36/63 (57%),2/11 (18%),45%,11,31/72 (43%),18/37 (49%),5/16 (31%),73%,11,8,,14,,2,,,,,5
9604086,54,37225,NORMAL,REGULAR,Round 29,LEAGUE,2858,Almería,Local,1ST,25/02/2022,29,1,68%,0.00,2,7,0,3,,287,7,7,2,,3,0,4,0,5,2,1,1,,,1,2,242,6,28,,21/35 (60%),0/4 (0%),49%,4,18/34 (53%),8/19 (42%),4/7 (57%),71%,7,1,,10,,0,,,,,2
9604086,54,37225,NORMAL,REGULAR,Round 29,LEAGUE,2858,Almería,Local,2ND,25/02/2022,29,,70%,0.00,5,10,2,3,,266,4,8,2,,3,0,5,2,7,3,2,3,,,0,1,225,12,23,,15/28 (54%),2/7 (29%),41%,7,13/38 (34%),10/18 (56%),1/9 (11%),75%,4,7,,4,,2,,,,,3
9604086,54,37225,NORMAL,REGULAR,Round 29,LEAGUE,35097,CF Fuenlabrada,Visita,ALL,25/02/2022,29,1,31%,0.00,2,6,3,5,15,242,22,16,2,,3,0,2,1,3,3,1,1,,,3,5,143,23,49,,18/52 (35%),2/14 (14%),55%,9,41/72 (57%),19/37 (51%),3/5 (60%),55%,22,10,,14,,3,,,,,11
9604086,54,37225,NORMAL,REGULAR,Round 29,LEAGUE,35097,CF Fuenlabrada,Visita,1ST,25/02/2022,29,1,32%,0.00,1,3,2,5,,124,7,9,0,,1,0,1,1,2,1,1,0,,,1,1,76,13,27,,10/27 (37%),2/11 (18%),51%,6,16/34 (47%),11/19 (58%),0/1 (0%),43%,7,6,,10,,2,,,,,4
9604086,54,37225,NORMAL,REGULAR,Round 29,LEAGUE,35097,CF Fuenlabrada,Visita,2ND,25/02/2022,29,,30%,0.00,1,3,1,0,,118,15,7,2,,2,0,1,0,1,2,0,1,,,2,4,67,10,22,,8/25 (32%),0/3 (0%),59%,3,25/38 (66%),8/18 (44%),3/4 (75%),60%,15,4,,4,,1,,,,,7
9604150,54,37225,NORMAL,REGULAR,Round 30,LEAGUE,2815,Real Zaragoza,Local,ALL,04/03/2022,30,2,39%,0.00,3,11,4,7,8,339,22,12,1,,3,0,5,3,8,3,1,2,0,,0,2,233,23,51,,28/84 (33%),1/16 (6%),57%,5,38/61 (62%),15/32 (47%),4/11 (36%),41%,22,10,,18,,4,,,,,8
9604150,54,37225,NORMAL,REGULAR,Round 30,LEAGUE,2815,Real Zaragoza,Local,1ST,04/03/2022,30,1,42%,0.00,1,3,2,4,,189,10,5,1,,1,0,1,1,2,1,0,1,0,,0,1,134,13,23,,18/47 (38%),0/6 (0%),56%,2,17/28 (61%),8/17 (47%),2/5 (40%),30%,10,4,,10,,2,,,,,6
9604150,54,37225,NORMAL,REGULAR,Round 30,LEAGUE,2815,Real Zaragoza,Local,2ND,04/03/2022,30,,36%,0.00,2,8,2,3,,150,12,7,0,,2,0,4,2,6,2,1,1,0,,0,1,99,10,28,,10/37 (27%),1/10 (10%),58%,3,21/33 (64%),7/15 (47%),2/6 (33%),50%,12,6,,8,,2,,,,,2
9604150,54,37225,NORMAL,REGULAR,Round 30,LEAGUE,2858,Almería,Visita,ALL,04/03/2022,30,0,61%,0.00,4,14,1,2,12,549,12,6,0,,4,2,5,5,8,6,0,4,1,,1,7,460,24,69,,32/62 (52%),2/10 (20%),43%,13,23/61 (38%),17/32 (53%),5/14 (36%),33%,12,15,,19,,1,,,,,7
9604150,54,37225,NORMAL,REGULAR,Round 30,LEAGUE,2858,Almería,Visita,1ST,04/03/2022,30,0,58%,0.00,4,8,0,0,,261,5,3,0,,2,2,5,1,7,1,0,4,1,,1,1,217,13,39,,17/36 (47%),1/4 (25%),44%,7,11/28 (39%),9/17 (53%),3/6 (50%),20%,5,8,,8,,0,,,,,4
9604150,54,37225,NORMAL,REGULAR,Round 30,LEAGUE,2858,Almería,Visita,2ND,04/03/2022,30,,64%,0.00,0,6,1,2,,288,7,3,0,,2,0,0,4,1,5,0,0,0,,0,6,243,11,30,,15/26 (58%),1/6 (17%),42%,6,12/33 (36%),8/15 (53%),2/8 (25%),43%,7,7,,11,,1,,,,,3
9604171,54,37225,NORMAL,REGULAR,Round 31,LEAGUE,2858,Almería,Local,ALL,12/03/2022,31,3,62%,0.00,3,22,2,7,5,596,7,9,0,,6,0,10,6,15,7,1,2,,,2,4,525,30,65,,45/71 (63%),9/26 (35%),40%,10,21/48 (44%),14/40 (35%),5/12 (42%),43%,7,3,,19,,2,,,,,5
9604171,54,37225,NORMAL,REGULAR,Round 31,LEAGUE,2858,Almería,Local,1ST,12/03/2022,31,1,62%,0.00,2,9,0,3,,326,6,3,0,,1,0,6,2,6,3,0,2,,,0,2,292,14,30,,20/32 (63%),3/8 (38%),53%,4,11/23 (48%),8/13 (62%),2/5 (40%),50%,6,2,,10,,0,,,,,4
9604171,54,37225,NORMAL,REGULAR,Round 31,LEAGUE,2858,Almería,Local,2ND,12/03/2022,31,,62%,0.00,1,13,2,4,,270,1,6,0,,5,0,4,4,9,4,1,0,,,2,2,233,16,35,,25/39 (64%),6/18 (33%),31%,6,10/25 (40%),6/27 (22%),3/7 (43%),0%,1,1,,9,,2,,,,,1
9604171,54,37225,NORMAL,REGULAR,Round 31,LEAGUE,24332,CD Lugo,Visita,ALL,12/03/2022,31,3,38%,0.00,1,6,4,3,9,364,17,5,1,,5,0,1,0,4,2,0,1,,,0,3,277,14,44,,21/57 (37%),4/19 (21%),60%,3,27/48 (56%),26/40 (65%),5/9 (56%),65%,17,6,,26,,4,,,,,8
9604171,54,37225,NORMAL,REGULAR,Round 31,LEAGUE,24332,CD Lugo,Visita,1ST,12/03/2022,31,1,38%,0.00,0,1,0,1,,195,7,4,0,,1,0,0,0,0,1,0,0,,,0,1,151,9,21,,9/28 (32%),1/10 (10%),47%,2,12/23 (52%),5/13 (38%),1/5 (20%),43%,7,3,,9,,0,,,,,4
9604171,54,37225,NORMAL,REGULAR,Round 31,LEAGUE,24332,CD Lugo,Visita,2ND,12/03/2022,31,,38%,0.00,1,5,4,2,,169,10,1,1,,4,0,1,0,4,1,0,1,,,0,2,126,5,23,,12/29 (41%),3/9 (33%),69%,1,15/25 (60%),21/27 (78%),4/4 (100%),80%,10,3,,17,,4,,,,,4
9604273,54,37225,NORMAL,REGULAR,Round 32,LEAGUE,2822,CD Tenerife,Local,ALL,21/03/2022,32,0,49%,0.00,2,11,2,9,15,411,31,10,3,,4,2,4,3,8,3,0,2,,,2,3,314,22,59,,34/65 (52%),10/39 (26%),54%,7,47/85 (55%),24/46 (52%),6/11 (55%),58%,31,9,,7,,2,,,,,3
9604273,54,37225,NORMAL,REGULAR,Round 32,LEAGUE,2822,CD Tenerife,Local,1ST,21/03/2022,32,0,43%,0.00,1,4,2,6,,192,14,3,1,,1,2,2,1,4,0,0,1,,,0,1,146,10,28,,17/30 (57%),5/21 (24%),62%,1,20/34 (59%),14/21 (67%),3/3 (100%),64%,14,5,,7,,2,,,,,1
9604273,54,37225,NORMAL,REGULAR,Round 32,LEAGUE,2822,CD Tenerife,Local,2ND,21/03/2022,32,,55%,0.00,1,7,0,3,,219,17,7,2,,3,0,2,2,4,3,0,1,,,2,2,168,12,31,,17/35 (49%),5/18 (28%),49%,6,27/51 (53%),10/25 (40%),3/8 (38%),53%,17,4,,0,,0,,,,,2
9604273,54,37225,NORMAL,REGULAR,Round 32,LEAGUE,2858,Almería,Visita,ALL,21/03/2022,32,1,51%,0.00,1,4,4,2,10,465,12,14,2,,3,0,1,0,2,2,1,0,,,2,1,376,13,57,,20/61 (33%),2/9 (22%),46%,17,38/85 (45%),22/46 (48%),13/27 (48%),58%,12,10,,32,,4,,,,,13
9604273,54,37225,NORMAL,REGULAR,Round 32,LEAGUE,2858,Almería,Visita,1ST,21/03/2022,32,0,57%,0.00,0,2,1,2,,276,1,6,0,,2,0,0,0,1,1,0,0,,,1,1,235,4,30,,11/27 (41%),0/5 (0%),38%,9,14/34 (41%),7/21 (33%),7/12 (58%),100%,1,6,,17,,1,,,,,7
9604273,54,37225,NORMAL,REGULAR,Round 32,LEAGUE,2858,Almería,Visita,2ND,21/03/2022,32,,45%,0.00,1,2,3,0,,189,11,8,2,,1,0,1,0,1,1,1,0,,,1,0,141,9,27,,9/34 (26%),2/4 (50%),51%,8,24/51 (47%),15/25 (60%),6/15 (40%),55%,11,4,,15,,3,,,,,6
9604272,54,37225,NORMAL,REGULAR,Round 33,LEAGUE,2858,Almería,Local,ALL,27/03/2022,33,0,60%,0.00,2,15,3,5,13,546,17,10,2,0,4,1,11,0,10,5,0,2,0,,4,3,468,14,64,,36/63 (57%),10/29 (34%),53%,6,36/70 (51%),19/34 (56%),9/16 (56%),65%,17,8,,10,,3,,,,,5
9604272,54,37225,NORMAL,REGULAR,Round 33,LEAGUE,2858,Almería,Local,1ST,27/03/2022,33,0,59%,0.00,1,7,1,2,,276,5,3,1,0,1,0,6,0,6,1,0,1,0,,2,1,231,10,26,,19/39 (49%),5/10 (50%),48%,5,13/31 (42%),9/15 (60%),5/6 (83%),80%,5,6,,7,,1,,,,,3
9604272,54,37225,NORMAL,REGULAR,Round 33,LEAGUE,2858,Almería,Local,2ND,27/03/2022,33,,61%,0.00,1,8,2,3,,270,12,7,1,0,3,1,5,0,4,4,0,1,0,,2,2,237,4,38,,17/24 (71%),5/19 (26%),57%,1,23/39 (59%),10/19 (53%),4/10 (40%),58%,12,2,,3,,2,,,,,2
9604272,54,37225,NORMAL,REGULAR,Round 33,LEAGUE,24264,Girona FC,Visita,ALL,27/03/2022,33,1,40%,0.00,5,9,5,2,11,369,13,12,6,1,5,0,4,0,8,1,1,4,2,,1,3,277,13,37,,23/64 (36%),4/10 (40%),47%,10,34/70 (49%),15/34 (44%),9/16 (56%),62%,13,6,,26,,5,,,,,13
9604272,54,37225,NORMAL,REGULAR,Round 33,LEAGUE,24264,Girona FC,Visita,1ST,27/03/2022,33,1,41%,0.00,4,5,2,2,,193,6,7,1,0,2,0,3,0,5,0,1,3,1,,1,2,140,7,19,,10/33 (30%),1/3 (33%),52%,3,18/31 (58%),6/15 (40%),5/7 (71%),67%,6,4,,8,,2,,,,,6
9604272,54,37225,NORMAL,REGULAR,Round 33,LEAGUE,24264,Girona FC,Visita,2ND,27/03/2022,33,,39%,0.00,1,4,3,0,,176,7,5,5,1,3,0,1,0,3,1,0,1,1,,0,1,137,6,18,,13/31 (42%),3/7 (43%),43%,7,16/39 (41%),9/19 (47%),4/9 (44%),57%,7,2,,18,,3,,,,,7
9604200,54,37225,NORMAL,REGULAR,Round 34,LEAGUE,24265,Huesca,Local,ALL,03/04/2022,34,1,45%,0.00,4,16,1,4,8,392,19,10,2,0,4,0,7,5,12,4,1,3,,,1,6,312,21,55,,23/59 (39%),5/20 (25%),59%,7,40/68 (59%),12/20 (60%),11/19 (58%),53%,19,8,,9,,1,,,,,6
9604200,54,37225,NORMAL,REGULAR,Round 34,LEAGUE,24265,Huesca,Local,1ST,03/04/2022,34,1,32%,0.00,2,7,1,1,,139,13,6,0,0,3,0,2,2,6,1,1,1,,,0,4,95,8,20,,8/28 (29%),2/4 (50%),73%,1,27/35 (77%),9/14 (64%),8/10 (80%),54%,13,6,,7,,1,,,,,3
9604200,54,37225,NORMAL,REGULAR,Round 34,LEAGUE,24265,Huesca,Local,2ND,03/04/2022,34,,60%,0.00,2,9,0,3,,253,6,4,2,0,1,0,5,3,6,3,0,2,,,1,2,217,13,35,,15/31 (48%),3/16 (19%),41%,6,13/33 (39%),3/6 (50%),3/9 (33%),50%,6,2,,2,,0,,,,,3
9604200,54,37225,NORMAL,REGULAR,Round 34,LEAGUE,2858,Almería,Visita,ALL,03/04/2022,34,1,55%,0.00,2,6,3,1,11,484,15,7,2,2,2,0,3,1,4,2,1,1,,,1,6,401,23,46,,28/58 (48%),3/12 (25%),41%,8,28/68 (41%),8/20 (40%),6/17 (35%),60%,15,5,,25,,3,,,,,11
9604200,54,37225,NORMAL,REGULAR,Round 34,LEAGUE,2858,Almería,Visita,1ST,03/04/2022,34,1,68%,0.00,2,3,2,1,,306,3,4,1,0,2,0,1,0,2,1,1,1,,,0,3,265,17,24,,18/28 (64%),2/8 (25%),27%,6,8/35 (23%),5/14 (36%),1/8 (13%),33%,3,2,,5,,2,,,,,5
9604200,54,37225,NORMAL,REGULAR,Round 34,LEAGUE,2858,Almería,Visita,2ND,03/04/2022,34,,40%,0.00,0,3,1,0,,178,12,3,1,2,0,0,2,1,2,1,0,0,,,1,3,136,6,22,,10/30 (33%),1/4 (25%),59%,2,20/33 (61%),3/6 (50%),5/9 (56%),67%,12,3,,20,,1,,,,,6
9604174,54,37225,NORMAL,REGULAR,Round 35,LEAGUE,2858,Almería,Local,ALL,11/04/2022,35,3,48%,0.00,3,16,4,9,9,411,11,8,,,9,0,3,4,10,6,,3,2,,1,3,333,25,67,,23/59 (39%),2/16 (13%),51%,6,26/47 (55%),8/20 (40%),7/9 (78%),27%,11,8,,17,,4,,,,,9
9604174,54,37225,NORMAL,REGULAR,Round 35,LEAGUE,2858,Almería,Local,1ST,11/04/2022,35,1,49%,0.00,0,3,2,5,,199,7,2,,,1,0,0,2,2,1,,0,0,,0,2,166,15,34,,6/24 (25%),1/9 (11%),47%,2,10/22 (45%),5/10 (50%),1/3 (33%),29%,7,2,,10,,2,,,,,6
9604174,54,37225,NORMAL,REGULAR,Round 35,LEAGUE,2858,Almería,Local,2ND,11/04/2022,35,,48%,0.00,3,13,2,4,,212,4,6,,,8,0,3,2,8,5,,3,2,,1,1,167,10,33,,17/35 (49%),1/7 (14%),54%,4,16/25 (64%),3/10 (30%),6/6 (100%),25%,4,6,,7,,2,,,,,3
9604174,54,37225,NORMAL,REGULAR,Round 35,LEAGUE,6195,SD Ponferradina,Visita,ALL,11/04/2022,35,0,52%,0.00,0,6,5,3,9,447,8,8,,,4,0,1,1,2,4,,0,0,,2,4,369,18,57,,38/68 (56%),2/11 (18%),49%,10,21/47 (45%),12/20 (60%),5/6 (83%),50%,8,11,,14,,5,,,,,8
9604174,54,37225,NORMAL,REGULAR,Round 35,LEAGUE,6195,SD Ponferradina,Visita,1ST,11/04/2022,35,0,51%,0.00,0,2,0,1,,212,4,7,,,2,0,0,0,0,2,,0,0,,1,2,179,9,23,,19/29 (66%),1/5 (20%),53%,7,12/22 (55%),5/10 (50%),1/1 (100%),50%,4,5,,8,,0,,,,,3
9604174,54,37225,NORMAL,REGULAR,Round 35,LEAGUE,6195,SD Ponferradina,Visita,2ND,11/04/2022,35,,52%,0.00,0,4,5,2,,235,4,1,,,2,0,1,1,2,2,,0,0,,1,2,190,9,34,,19/39 (49%),1/6 (17%),46%,3,9/25 (36%),7/10 (70%),4/5 (80%),50%,4,6,,6,,5,,,,,5
9604236,54,37225,NORMAL,REGULAR,Round 36,LEAGUE,2831,Real Valladolid,Local,ALL,16/04/2022,36,2,57%,0.00,0,13,0,6,10,373,16,18,2,,6,0,5,2,9,4,0,0,1,,5,5,310,21,50,,29/48 (60%),6/26 (23%),55%,2,40/69 (58%),6/14 (43%),6/11 (55%),56%,16,9,,8,,0,,,,,6
9604236,54,37225,NORMAL,REGULAR,Round 36,LEAGUE,2831,Real Valladolid,Local,1ST,16/04/2022,36,1,62%,0.00,0,7,0,0,,209,9,10,1,,3,0,4,0,6,1,0,0,1,,3,3,186,12,26,,14/20 (70%),1/11 (9%),64%,1,21/33 (64%),2/3 (67%),2/3 (67%),44%,9,2,,5,,0,,,,,1
9604236,54,37225,NORMAL,REGULAR,Round 36,LEAGUE,2831,Real Valladolid,Local,2ND,16/04/2022,36,,51%,0.00,0,6,0,6,,164,7,8,1,,3,0,1,2,3,3,0,0,0,,2,2,124,9,24,,15/28 (54%),5/15 (33%),49%,1,19/36 (53%),4/11 (36%),4/8 (50%),71%,7,7,,3,,0,,,,,5
9604236,54,37225,NORMAL,REGULAR,Round 36,LEAGUE,2858,Almería,Visita,ALL,16/04/2022,36,2,43%,0.00,3,11,4,8,18,284,7,10,6,,2,0,4,5,10,1,2,1,0,,3,2,208,25,32,,15/44 (34%),9/17 (53%),45%,6,29/69 (42%),8/14 (57%),12/22 (55%),14%,7,5,,20,,4,,,,,11
9604236,54,37225,NORMAL,REGULAR,Round 36,LEAGUE,2858,Almería,Visita,1ST,16/04/2022,36,1,38%,0.00,1,2,2,3,,125,2,5,1,,1,0,1,0,2,0,1,0,0,,2,1,92,12,15,,8/20 (40%),2/8 (25%),36%,4,12/33 (36%),1/3 (33%),5/10 (50%),50%,2,2,,11,,2,,,,,4
9604236,54,37225,NORMAL,REGULAR,Round 36,LEAGUE,2858,Almería,Visita,2ND,16/04/2022,36,,49%,0.00,2,9,2,5,,159,5,5,5,,1,0,3,5,8,1,1,1,0,,1,1,116,13,17,,7/24 (29%),7/9 (78%),51%,2,17/36 (47%),7/11 (64%),7/12 (58%),0%,5,3,,9,,2,,,,,7
9604237,54,37225,NORMAL,REGULAR,Round 37,LEAGUE,2858,Almería,Local,ALL,25/04/2022,37,1,59%,0.00,6,19,4,8,10,478,17,11,1,,7,0,7,5,12,7,,6,0,,4,6,387,25,71,,22/39 (56%),4/13 (31%),55%,8,46/77 (60%),10/25 (40%),18/25 (72%),53%,17,6,,14,,4,,,,,0
9604237,54,37225,NORMAL,REGULAR,Round 37,LEAGUE,2858,Almería,Local,1ST,25/04/2022,37,0,55%,0.00,1,9,2,5,,217,9,3,1,,3,0,3,3,4,5,,1,0,,2,3,167,13,27,,10/20 (50%),1/7 (14%),57%,4,26/41 (63%),5/13 (38%),14/16 (88%),44%,9,2,,6,,2,,,,,0
9604237,54,37225,NORMAL,REGULAR,Round 37,LEAGUE,2858,Almería,Local,2ND,25/04/2022,37,1,63%,0.00,5,10,2,3,,261,8,8,0,,4,0,4,2,8,2,,5,0,,2,3,220,12,44,,12/19 (63%),3/6 (50%),52%,4,20/36 (56%),5/12 (42%),4/9 (44%),63%,8,4,,8,,2,,,,,0
9604237,54,37225,NORMAL,REGULAR,Round 37,LEAGUE,2852,Sporting Gijón,Visita,ALL,25/04/2022,37,0,41%,0.00,1,7,6,2,12,324,15,9,2,,4,0,1,2,3,4,,1,3,,1,5,243,19,43,,28/65 (43%),2/12 (17%),45%,4,31/77 (40%),15/25 (60%),9/22 (41%),40%,15,13,,21,,6,,,,,12
9604237,54,37225,NORMAL,REGULAR,Round 37,LEAGUE,2852,Sporting Gijón,Visita,1ST,25/04/2022,37,0,45%,0.00,1,4,3,0,,177,6,4,1,,2,0,0,2,1,3,,1,0,,1,3,139,12,20,,16/35 (46%),1/6 (17%),43%,2,15/41 (37%),8/13 (62%),6/13 (46%),17%,6,7,,12,,3,,,,,7
9604237,54,37225,NORMAL,REGULAR,Round 37,LEAGUE,2852,Sporting Gijón,Visita,2ND,25/04/2022,37,0,37%,0.00,0,3,3,2,,147,9,5,1,,2,0,1,0,2,1,,0,3,,0,2,104,7,23,,12/30 (40%),1/6 (17%),48%,2,16/36 (44%),7/12 (58%),3/9 (33%),56%,9,6,,9,,3,,,,,5
9604206,54,37225,NORMAL,REGULAR,Round 38,LEAGUE,2854,Burgos Club de Fútbol,Local,ALL,30/04/2022,38,0,46%,0.00,5,13,4,3,7,332,11,16,2,,7,0,6,0,13,0,0,5,1,,4,6,254,24,59,,37/72 (51%),9/22 (41%),59%,1,34/51 (67%),11/25 (44%),7/11 (64%),36%,11,10,,9,,4,,,,,8
9604206,54,37225,NORMAL,REGULAR,Round 38,LEAGUE,2854,Burgos Club de Fútbol,Local,1ST,30/04/2022,38,0,45%,0.00,2,6,2,2,,168,5,5,0,,4,0,2,0,6,0,0,2,0,,1,4,132,11,32,,16/34 (47%),4/11 (36%),57%,1,16/23 (70%),4/12 (33%),6/7 (86%),60%,5,7,,6,,2,,,,,5
9604206,54,37225,NORMAL,REGULAR,Round 38,LEAGUE,2854,Burgos Club de Fútbol,Local,2ND,30/04/2022,38,,47%,0.00,3,7,2,1,,164,6,11,2,,3,0,4,0,7,0,0,3,1,,3,2,122,13,27,,21/38 (55%),5/11 (45%),61%,0,18/28 (64%),7/13 (54%),1/4 (25%),17%,6,3,,3,,2,,,,,3
9604206,54,37225,NORMAL,REGULAR,Round 38,LEAGUE,2858,Almería,Visita,ALL,30/04/2022,38,2,54%,0.00,2,13,6,4,17,413,5,7,2,,5,0,6,2,7,6,1,1,0,,2,3,339,26,55,,27/55 (49%),1/10 (10%),41%,6,17/51 (33%),14/25 (56%),5/10 (50%),100%,5,9,,14,,6,,,,,10
9604206,54,37225,NORMAL,REGULAR,Round 38,LEAGUE,2858,Almería,Visita,1ST,30/04/2022,38,2,55%,0.00,1,7,3,3,,215,2,2,0,,3,0,3,1,4,3,1,0,0,,0,3,178,17,23,,13/23 (57%),0/6 (0%),43%,3,7/23 (30%),8/12 (67%),3/5 (60%),100%,2,5,,5,,3,,,,,5
9604206,54,37225,NORMAL,REGULAR,Round 38,LEAGUE,2858,Almería,Visita,2ND,30/04/2022,38,,53%,0.00,1,6,3,1,,198,3,5,2,,2,0,3,1,3,3,0,1,0,,2,0,161,9,32,,14/32 (44%),1/4 (25%),39%,3,10/28 (36%),6/13 (46%),2/5 (40%),100%,3,4,,9,,3,,,,,5
9604256,54,37225,NORMAL,REGULAR,Round 39,LEAGUE,2858,Almería,Local,ALL,07/05/2022,39,3,55%,0.00,3,17,2,4,7,384,7,17,0,,6,0,7,4,11,6,2,1,1,,6,4,290,28,58,,28/62 (45%),4/13 (31%),53%,6,34/58 (59%),13/30 (43%),10/18 (56%),57%,7,15,,10,,2,,,,,10
9604256,54,37225,NORMAL,REGULAR,Round 39,LEAGUE,2858,Almería,Local,1ST,07/05/2022,39,0,61%,0.00,0,8,2,2,,237,3,8,0,,0,0,4,4,3,5,0,0,0,,3,1,188,19,30,,18/33 (55%),2/6 (33%),56%,2,17/28 (61%),7/15 (47%),6/10 (60%),0%,3,7,,2,,2,,,,,6
9604256,54,37225,NORMAL,REGULAR,Round 39,LEAGUE,2858,Almería,Local,2ND,07/05/2022,39,3,48%,0.00,3,9,0,2,,147,4,9,0,,6,0,3,0,8,1,2,1,1,,3,3,102,9,28,,10/29 (34%),2/7 (29%),51%,4,17/30 (57%),6/15 (40%),4/8 (50%),100%,4,8,,8,,0,,,,,4
9604256,54,37225,NORMAL,REGULAR,Round 39,LEAGUE,54103,SD Amorebieta,Visita,ALL,07/05/2022,39,0,45%,0.00,1,8,4,0,18,315,14,7,3,,2,1,5,1,5,3,0,1,0,,1,3,212,20,62,,29/70 (41%),4/12 (33%),47%,6,24/58 (41%),17/30 (57%),3/4 (75%),64%,14,15,,16,,4,,,,,10
9604256,54,37225,NORMAL,REGULAR,Round 39,LEAGUE,54103,SD Amorebieta,Visita,1ST,07/05/2022,39,0,39%,0.00,1,5,0,0,,148,6,3,0,,2,0,2,1,3,2,0,1,0,,1,2,104,9,28,,14/32 (44%),2/5 (40%),44%,3,11/28 (39%),8/15 (53%),2/2 (100%),50%,6,9,,11,,0,,,,,7
9604256,54,37225,NORMAL,REGULAR,Round 39,LEAGUE,54103,SD Amorebieta,Visita,2ND,07/05/2022,39,0,52%,0.00,0,3,4,0,,167,8,4,3,,0,1,3,0,2,1,0,0,0,,0,1,108,11,34,,15/38 (39%),2/7 (29%),49%,3,13/30 (43%),9/15 (60%),1/2 (50%),75%,8,6,,5,,4,,,,,3
9604245,54,37225,NORMAL,REGULAR,Round 40,LEAGUE,24360,Real Sociedad B,Local,ALL,13/05/2022,40,0,55%,0.00,0,11,5,1,12,458,15,13,5,,3,0,8,0,8,3,0,0,,,5,6,377,25,56,,18/49 (37%),4/22 (18%),51%,3,39/69 (57%),8/23 (35%),11/19 (58%),67%,15,3,,7,,5,,,,,4
9604245,54,37225,NORMAL,REGULAR,Round 40,LEAGUE,24360,Real Sociedad B,Local,1ST,13/05/2022,40,0,56%,0.00,0,5,2,1,,223,6,6,1,,0,0,5,0,4,1,0,0,,,2,4,191,10,26,,11/22 (50%),3/10 (30%),56%,1,18/28 (64%),5/13 (38%),6/8 (75%),83%,6,2,,7,,2,,,,,2
9604245,54,37225,NORMAL,REGULAR,Round 40,LEAGUE,24360,Real Sociedad B,Local,2ND,13/05/2022,40,0,54%,0.00,0,6,3,0,,235,9,7,4,,3,0,3,0,4,2,0,0,,,3,2,186,15,30,,7/27 (26%),1/12 (8%),47%,2,21/41 (51%),3/10 (30%),5/11 (45%),56%,9,1,,0,,3,,,,,2
9604245,54,37225,NORMAL,REGULAR,Round 40,LEAGUE,2858,Almería,Visita,ALL,13/05/2022,40,2,45%,0.00,4,10,3,5,14,385,11,10,2,,7,0,3,0,8,2,2,2,,,3,4,309,20,40,,35/68 (51%),3/7 (43%),49%,9,30/69 (43%),15/23 (65%),9/15 (60%),55%,11,11,,17,,3,,,,,13
9604245,54,37225,NORMAL,REGULAR,Round 40,LEAGUE,2858,Almería,Visita,1ST,13/05/2022,40,1,44%,0.00,1,4,0,4,,179,3,4,2,,3,0,1,0,3,1,1,0,,,1,3,146,12,20,,17/26 (65%),3/7 (43%),44%,2,10/28 (36%),8/13 (62%),3/7 (43%),33%,3,5,,6,,0,,,,,6
9604245,54,37225,NORMAL,REGULAR,Round 40,LEAGUE,2858,Almería,Visita,2ND,13/05/2022,40,1,46%,0.00,3,6,3,1,,206,8,6,0,,4,0,2,0,5,1,1,2,,,2,1,163,8,20,,18/42 (43%),0/0 (0%),53%,7,20/41 (49%),7/10 (70%),6/8 (75%),63%,8,6,,11,,3,,,,,7
9604242,54,37225,NORMAL,REGULAR,Round 41,LEAGUE,2858,Almería,Local,ALL,21/05/2022,41,1,63%,0.00,4,15,5,9,11,484,9,8,3,,3,1,8,4,11,4,0,4,1,,1,2,395,36,91,,43/76 (57%),9/38 (24%),43%,11,27/63 (43%),13/29 (45%),10/20 (50%),44%,9,6,,11,,5,,,,,6
9604242,54,37225,NORMAL,REGULAR,Round 41,LEAGUE,2858,Almería,Local,1ST,21/05/2022,41,0,64%,0.00,2,6,1,4,,251,3,5,2,,1,1,3,2,4,2,0,2,0,,1,2,209,15,40,,21/35 (60%),5/16 (31%),50%,3,12/29 (41%),8/11 (73%),4/9 (44%),33%,3,3,,8,,1,,,,,4
9604242,54,37225,NORMAL,REGULAR,Round 41,LEAGUE,2858,Almería,Local,2ND,21/05/2022,41,1,63%,0.00,2,9,4,5,,233,6,3,1,,2,0,5,2,7,2,0,2,1,,0,0,186,21,51,,22/41 (54%),4/22 (18%),38%,8,15/34 (44%),5/18 (28%),6/11 (55%),50%,6,3,,3,,4,,,,,2
9604242,54,37225,NORMAL,REGULAR,Round 41,LEAGUE,24322,AD Alcorcón,Visita,ALL,21/05/2022,41,1,37%,0.00,3,10,2,4,9,290,21,10,4,,6,0,3,1,4,6,1,2,2,,1,5,213,24,39,,29/61 (48%),3/12 (25%),57%,8,36/63 (57%),16/29 (55%),5/6 (83%),52%,21,14,,30,,2,,,,,11
9604242,54,37225,NORMAL,REGULAR,Round 41,LEAGUE,24322,AD Alcorcón,Visita,1ST,21/05/2022,41,0,36%,0.00,0,4,1,1,,148,8,5,2,,1,0,2,1,1,3,0,0,0,,0,1,116,13,17,,10/24 (42%),0/6 (0%),50%,3,17/29 (59%),3/11 (27%),4/4 (100%),50%,8,5,,9,,1,,,,,4
9604242,54,37225,NORMAL,REGULAR,Round 41,LEAGUE,24322,AD Alcorcón,Visita,2ND,21/05/2022,41,1,37%,0.00,3,6,1,3,,142,13,5,2,,5,0,1,0,3,3,1,2,2,,1,4,97,11,22,,19/37 (51%),3/6 (50%),62%,5,19/34 (56%),13/18 (72%),1/2 (50%),54%,13,9,,21,,1,,,,,7
9604280,54,37225,NORMAL,REGULAR,Round 42,LEAGUE,2845,Leganés,Local,ALL,29/05/2022,42,2,35%,0.00,5,12,5,2,12,268,15,14,4,,3,1,6,3,9,3,2,3,3,,3,3,184,13,51,,25/62 (40%),4/12 (33%),44%,11,37/75 (49%),10/32 (31%),8/15 (53%),67%,15,11,,13,,5,,,,,11
9604280,54,37225,NORMAL,REGULAR,Round 42,LEAGUE,2845,Leganés,Local,1ST,29/05/2022,42,2,34%,0.00,4,9,2,1,,138,4,7,0,,2,1,4,3,7,2,2,2,2,,2,2,94,6,29,,12/34 (35%),2/5 (40%),43%,3,16/30 (53%),2/12 (17%),5/9 (56%),75%,4,6,,4,,2,,,,,6
9604280,54,37225,NORMAL,REGULAR,Round 42,LEAGUE,2845,Leganés,Local,2ND,29/05/2022,42,0,35%,0.00,1,3,3,1,,130,11,7,4,,1,0,2,0,2,1,0,1,1,,1,1,90,7,22,,13/28 (46%),2/7 (29%),45%,8,21/45 (47%),8/20 (40%),3/6 (50%),64%,11,5,,9,,3,,,,,5
9604280,54,37225,NORMAL,REGULAR,Round 42,LEAGUE,2858,Almería,Visita,ALL,29/05/2022,42,2,65%,0.00,2,22,1,9,17,515,18,12,4,,6,0,8,8,15,7,1,1,1,,3,0,426,15,72,,33/60 (55%),12/20 (60%),56%,8,38/75 (51%),22/32 (69%),8/15 (53%),67%,18,8,,9,,1,,,,,9
9604280,54,37225,NORMAL,REGULAR,Round 42,LEAGUE,2858,Almería,Visita,1ST,29/05/2022,42,1,66%,0.00,1,11,0,5,,269,7,5,1,,3,0,4,4,7,4,0,1,1,,0,0,221,7,40,,17/31 (55%),5/8 (63%),57%,1,14/30 (47%),10/12 (83%),2/5 (40%),57%,7,4,,2,,0,,,,,5
9604280,54,37225,NORMAL,REGULAR,Round 42,LEAGUE,2858,Almería,Visita,2ND,29/05/2022,42,1,65%,0.00,1,11,1,4,,246,11,7,3,,3,0,4,4,8,3,1,0,0,,3,0,205,8,32,,16/29 (55%),7/12 (58%),55%,7,24/45 (53%),12/20 (60%),6/10 (60%),73%,11,4,,7,,1,,,,,4
10408712,8,42409,NORMAL,REGULAR,Round 1,LEAGUE,2858,Almería,Local,ALL,14/08/2022,1,1,32%,0.71,1,10,13,2,11,315,11,4,3,,6,0,3,1,7,3,1,0,1,,0,3,257,13,31,,27/53 (51%),1/6 (17%),45%,6,21/50 (42%),7/12 (58%),6/9 (67%),64%,11,9,,32,,13,1.25,,,,8
10408712,8,42409,NORMAL,REGULAR,Round 1,LEAGUE,2858,Almería,Local,1ST,14/08/2022,1,1,31%,0.23,1,2,7,0,,141,6,2,1,,1,0,1,0,1,1,1,0,1,,0,1,116,9,16,,16/35 (46%),0/4 (0%),41%,5,10/26 (38%),4/8 (50%),2/3 (67%),67%,6,3,,24,,7,,,,,2
10408712,8,42409,NORMAL,REGULAR,Round 1,LEAGUE,2858,Almería,Local,2ND,14/08/2022,1,0,34%,0.47,0,8,6,2,,174,5,2,2,,5,0,2,1,6,2,0,0,0,,0,2,141,4,15,,11/18 (61%),1/2 (50%),50%,1,11/24 (46%),3/4 (75%),4/6 (67%),60%,5,6,,8,,6,,,,,6
10408712,8,42409,NORMAL,REGULAR,Round 1,LEAGUE,2829,Real Madrid,Visita,ALL,14/08/2022,1,2,68%,2.12,5,29,5,15,4,649,9,11,1,,15,0,4,10,18,11,1,4,1,,5,3,593,19,84,,25/35 (71%),5/24 (21%),53%,4,29/52 (56%),5/12 (42%),9/18 (50%),44%,9,8,,3,,5,-0.31,,,,5
10408712,8,42409,NORMAL,REGULAR,Round 1,LEAGUE,2829,Real Madrid,Visita,1ST,14/08/2022,1,0,69%,1.35,2,17,0,12,,309,6,5,1,,7,0,2,8,11,6,0,2,0,,2,2,288,10,44,,14/16 (88%),3/19 (16%),57%,2,16/27 (59%),4/8 (50%),5/10 (50%),33%,6,1,,0,,0,,,,,3
10408712,8,42409,NORMAL,REGULAR,Round 1,LEAGUE,2829,Real Madrid,Visita,2ND,14/08/2022,1,2,66%,0.78,3,12,5,3,,340,3,6,0,,8,0,2,2,7,5,1,2,1,,3,1,305,9,40,,11/19 (58%),2/5 (40%),48%,2,13/25 (52%),1/4 (25%),4/8 (50%),67%,3,7,,3,,5,,,,,2
10408631,8,42409,NORMAL,REGULAR,Round 2,LEAGUE,2846,Elche,Local,ALL,22/08/2022,2,1,55%,1.04,1,13,6,6,12,423,14,15,1,0,3,0,5,5,9,4,,1,1,,2,7,353,14,47,,27/54 (50%),5/23 (22%),56%,9,39/70 (56%),10/17 (59%),11/13 (85%),64%,14,8,,11,,6,0.31,,,,3
10408631,8,42409,NORMAL,REGULAR,Round 2,LEAGUE,2846,Elche,Local,1ST,22/08/2022,2,1,59%,0.36,0,5,2,4,,220,9,7,0,0,2,0,1,2,5,0,,0,1,,0,3,189,9,25,,16/28 (57%),1/12 (8%),55%,6,18/35 (51%),5/7 (71%),3/5 (60%),78%,9,5,,7,,2,,,,,0
10408631,8,42409,NORMAL,REGULAR,Round 2,LEAGUE,2846,Elche,Local,2ND,22/08/2022,2,0,51%,0.67,1,8,4,2,,203,5,8,1,0,1,0,4,3,4,4,,1,0,,2,4,164,5,22,,11/26 (42%),4/11 (36%),58%,3,21/35 (60%),5/10 (50%),8/8 (100%),40%,5,3,,4,,4,,,,,3
10408631,8,42409,NORMAL,REGULAR,Round 2,LEAGUE,2858,Almería,Visita,ALL,22/08/2022,2,1,45%,0.75,1,12,2,5,16,360,11,12,4,1,7,0,1,4,6,6,,1,1,,1,3,291,17,35,,20/40 (50%),3/12 (25%),44%,11,31/70 (44%),7/17 (41%),8/11 (73%),73%,11,11,,22,,2,-0.64,,,,14
10408631,8,42409,NORMAL,REGULAR,Round 2,LEAGUE,2858,Almería,Visita,1ST,22/08/2022,2,1,41%,0.21,0,5,1,3,,157,8,7,0,1,3,0,0,2,1,4,,0,1,,0,3,133,6,11,,10/16 (63%),0/7 (0%),45%,6,17/35 (49%),2/7 (29%),2/5 (40%),63%,8,7,,11,,1,,,,,8
10408631,8,42409,NORMAL,REGULAR,Round 2,LEAGUE,2858,Almería,Visita,2ND,22/08/2022,2,0,49%,0.54,1,7,1,2,,203,3,5,4,0,4,0,1,2,5,2,,1,0,,1,0,158,11,24,,10/24 (42%),3/5 (60%),42%,5,14/35 (40%),5/10 (50%),6/6 (100%),100%,3,4,,11,,1,,,,,6
10408602,8,42409,NORMAL,REGULAR,Round 3,LEAGUE,2858,Almería,Local,ALL,27/08/2022,3,2,32%,2.30,5,11,4,5,18,245,9,11,5,,5,0,5,1,8,3,2,3,,,4,4,172,17,34,,24/55 (44%),2/14 (14%),47%,1,28/57 (49%),11/26 (42%),8/14 (57%),33%,9,6,,16,,4,0.25,,,,8
10408602,8,42409,NORMAL,REGULAR,Round 3,LEAGUE,2858,Almería,Local,1ST,27/08/2022,3,1,34%,0.44,1,4,3,3,,136,5,7,1,,2,0,2,0,2,2,1,0,,,1,2,96,11,14,,11/29 (38%),0/6 (0%),49%,1,13/22 (59%),5/15 (33%),1/3 (33%),20%,5,2,,10,,3,,,,,3
10408602,8,42409,NORMAL,REGULAR,Round 3,LEAGUE,2858,Almería,Local,2ND,27/08/2022,3,1,29%,1.86,4,7,1,2,,109,4,4,4,,3,0,3,1,6,1,1,3,,,3,2,76,6,20,,13/26 (50%),2/8 (25%),46%,0,15/35 (43%),6/11 (55%),7/11 (64%),50%,4,4,,6,,1,,,,,5
10408602,8,42409,NORMAL,REGULAR,Round 3,LEAGUE,2833,Sevilla,Visita,ALL,27/08/2022,3,1,68%,0.99,2,13,3,2,11,547,7,17,8,,5,0,6,2,9,4,0,2,,,5,5,482,13,60,,26/47 (55%),8/22 (36%),53%,2,29/57 (51%),15/26 (58%),5/12 (42%),71%,7,4,,7,,3,0.72,,,,6
10408602,8,42409,NORMAL,REGULAR,Round 3,LEAGUE,2833,Sevilla,Visita,1ST,27/08/2022,3,1,66%,0.80,2,8,1,2,,266,3,5,3,,4,0,3,1,6,2,0,2,,,2,2,232,10,29,,17/27 (63%),3/10 (30%),51%,1,9/22 (41%),10/15 (67%),1/5 (20%),67%,3,1,,4,,1,,,,,3
10408602,8,42409,NORMAL,REGULAR,Round 3,LEAGUE,2833,Sevilla,Visita,2ND,27/08/2022,3,0,71%,0.20,0,5,2,0,,281,4,12,5,,1,0,3,1,3,2,0,0,,,3,3,250,3,31,,9/20 (45%),5/12 (42%),54%,1,20/35 (57%),5/11 (45%),4/7 (57%),75%,4,3,,3,,2,,,,,3
10408604,8,42409,NORMAL,REGULAR,Round 4,LEAGUE,2831,Real Valladolid,Local,ALL,05/09/2022,4,1,52%,1.17,4,14,0,2,11,361,20,17,1,,6,1,7,1,8,6,1,3,1,,2,6,282,14,43,,28/62 (45%),7/20 (35%),52%,7,44/76 (58%),14/35 (40%),7/12 (58%),40%,20,12,,16,,0,0.00,,,,10
10408604,8,42409,NORMAL,REGULAR,Round 4,LEAGUE,2831,Real Valladolid,Local,1ST,05/09/2022,4,0,57%,0.39,1,4,0,0,,215,7,9,0,,0,1,4,0,2,2,0,1,1,,2,2,178,4,20,,19/34 (56%),3/10 (30%),47%,3,18/33 (55%),3/12 (25%),2/5 (40%),43%,7,7,,8,,0,,,,,6
10408604,8,42409,NORMAL,REGULAR,Round 4,LEAGUE,2831,Real Valladolid,Local,2ND,05/09/2022,4,1,47%,0.78,3,10,0,2,,146,13,8,1,,6,0,3,1,6,4,1,2,0,,0,4,104,10,23,,9/28 (32%),4/10 (40%),56%,4,26/43 (60%),11/23 (48%),5/7 (71%),38%,13,5,,8,,0,,,,,4
10408604,8,42409,NORMAL,REGULAR,Round 4,LEAGUE,2858,Almería,Visita,ALL,05/09/2022,4,0,48%,0.54,0,12,5,8,19,326,12,11,6,,1,0,3,8,9,3,0,0,0,,2,4,244,28,44,,35/64 (55%),10/25 (40%),48%,7,32/76 (42%),21/35 (60%),9/22 (41%),42%,12,9,,17,,5,0.32,,,,12
10408604,8,42409,NORMAL,REGULAR,Round 4,LEAGUE,2858,Almería,Visita,1ST,05/09/2022,4,0,43%,0.07,0,3,0,1,,162,6,6,2,,0,0,1,2,1,2,0,0,0,,1,3,129,13,19,,19/27 (70%),3/10 (30%),53%,2,15/33 (45%),9/12 (75%),3/8 (38%),33%,6,6,,8,,0,,,,,5
10408604,8,42409,NORMAL,REGULAR,Round 4,LEAGUE,2858,Almería,Visita,2ND,05/09/2022,4,0,53%,0.47,0,9,5,7,,164,6,5,4,,1,0,2,6,8,1,0,0,0,,1,1,115,15,25,,16/37 (43%),7/15 (47%),44%,5,17/43 (40%),12/23 (52%),6/14 (43%),50%,6,3,,9,,5,,,,,7
10408614,8,42409,NORMAL,REGULAR,Round 5,LEAGUE,2858,Almería,Local,ALL,12/09/2022,5,0,61%,0.23,0,7,3,5,4,535,13,7,0,,2,0,1,4,4,3,,0,0,,0,2,445,19,53,,39/68 (57%),3/19 (16%),53%,9,25/51 (49%),19/32 (59%),5/11 (45%),77%,13,10,,22,,3,0.34,,,,11
10408614,8,42409,NORMAL,REGULAR,Round 5,LEAGUE,2858,Almería,Local,1ST,12/09/2022,5,0,61%,0.13,0,3,0,1,,260,5,3,0,,1,0,1,1,3,0,,0,0,,0,1,221,4,23,,20/30 (67%),2/7 (29%),58%,4,10/20 (50%),12/18 (67%),2/4 (50%),80%,5,4,,14,,0,,,,,7
10408614,8,42409,NORMAL,REGULAR,Round 5,LEAGUE,2858,Almería,Local,2ND,12/09/2022,5,0,62%,0.10,0,4,3,4,,275,8,4,0,,1,0,0,3,1,3,,0,0,,0,1,224,15,30,,19/38 (50%),1/12 (8%),49%,5,15/31 (48%),7/14 (50%),3/7 (43%),75%,8,6,,8,,3,,,,,4
10408614,8,42409,NORMAL,REGULAR,Round 5,LEAGUE,2820,Osasuna,Visita,ALL,12/09/2022,5,1,39%,1.98,4,15,2,10,9,323,15,4,2,,4,1,6,5,14,1,,4,2,,1,3,234,23,55,,25/66 (38%),8/27 (30%),47%,5,26/51 (51%),13/32 (41%),7/15 (47%),73%,15,10,,19,,2,0.24,,,,7
10408614,8,42409,NORMAL,REGULAR,Round 5,LEAGUE,2820,Osasuna,Visita,1ST,12/09/2022,5,1,39%,1.02,1,8,1,5,,155,6,1,1,,1,1,3,4,8,0,,1,1,,0,2,114,12,26,,11/29 (38%),5/15 (33%),42%,3,10/20 (50%),6/18 (33%),3/5 (60%),83%,6,3,,4,,1,,,,,4
10408614,8,42409,NORMAL,REGULAR,Round 5,LEAGUE,2820,Osasuna,Visita,2ND,12/09/2022,5,0,38%,0.97,3,7,1,5,,168,9,3,1,,3,0,3,1,6,1,,3,1,,1,1,120,11,29,,14/37 (38%),3/12 (25%),51%,2,16/31 (52%),7/14 (50%),4/10 (40%),67%,9,7,,15,,1,,,,,3
10408450,8,42409,NORMAL,REGULAR,Round 6,LEAGUE,2826,Mallorca,Local,ALL,17/09/2022,6,1,45%,0.60,2,5,2,5,15,389,10,14,3,,2,0,3,0,3,2,1,1,,,1,2,323,13,46,,32/65 (49%),2/15 (13%),46%,11,29/68 (43%),9/15 (60%),5/12 (42%),70%,10,7,,13,,2,0.18,,,,12
10408450,8,42409,NORMAL,REGULAR,Round 6,LEAGUE,2826,Mallorca,Local,1ST,17/09/2022,6,1,50%,0.55,2,4,0,4,,235,3,7,1,,2,0,2,0,3,1,1,1,,,0,1,204,6,24,,17/30 (57%),2/11 (18%),47%,5,13/28 (46%),4/8 (50%),3/5 (60%),100%,3,1,,7,,0,,,,,5
10408450,8,42409,NORMAL,REGULAR,Round 6,LEAGUE,2826,Mallorca,Local,2ND,17/09/2022,6,0,38%,0.06,0,1,2,1,,154,7,7,2,,0,0,1,0,0,1,0,0,,,1,1,119,7,22,,15/35 (43%),0/4 (0%),45%,6,16/40 (40%),5/7 (71%),2/7 (29%),57%,7,6,,6,,2,,,,,7
10408450,8,42409,NORMAL,REGULAR,Round 6,LEAGUE,2858,Almería,Visita,ALL,17/09/2022,6,0,55%,0.39,0,9,1,2,14,485,18,15,6,,3,0,4,2,3,6,0,0,,,1,3,422,20,65,,34/53 (64%),3/16 (19%),54%,5,39/68 (57%),6/15 (40%),6/11 (55%),61%,18,5,,8,,1,-0.35,,,,5
10408450,8,42409,NORMAL,REGULAR,Round 6,LEAGUE,2858,Almería,Visita,1ST,17/09/2022,6,0,50%,0.10,0,3,1,0,,244,7,6,1,,0,0,3,0,0,3,0,0,,,0,1,215,7,31,,17/27 (63%),0/6 (0%),53%,1,15/28 (54%),4/8 (50%),2/4 (50%),57%,7,3,,5,,1,,,,,3
10408450,8,42409,NORMAL,REGULAR,Round 6,LEAGUE,2858,Almería,Visita,2ND,17/09/2022,6,0,62%,0.29,0,6,0,2,,241,11,9,5,,3,0,1,2,3,3,0,0,,,1,2,207,13,34,,17/26 (65%),3/10 (30%),55%,4,24/40 (60%),2/7 (29%),4/7 (57%),64%,11,2,,3,,0,,,,,2
10408453,8,42409,NORMAL,REGULAR,Round 7,LEAGUE,2825,Athletic Club,Local,ALL,30/09/2022,7,4,59%,2.06,2,17,2,11,17,458,14,8,1,,4,0,8,5,11,6,2,,0,,2,5,395,17,57,,23/43 (53%),4/24 (17%),51%,5,28/61 (46%),7/8 (88%),6/14 (43%),57%,14,8,,9,,2,0.12,,,,8
10408453,8,42409,NORMAL,REGULAR,Round 7,LEAGUE,2825,Athletic Club,Local,1ST,30/09/2022,7,2,66%,0.95,0,9,1,7,,279,7,2,1,,2,0,4,3,8,1,0,,0,,0,2,242,8,35,,15/29 (52%),4/12 (33%),50%,3,13/30 (43%),5/6 (83%),4/9 (44%),86%,7,1,,4,,1,,,,,2
10408453,8,42409,NORMAL,REGULAR,Round 7,LEAGUE,2825,Athletic Club,Local,2ND,30/09/2022,7,2,51%,1.11,2,8,1,4,,179,7,6,0,,2,0,4,2,3,5,2,,0,,2,3,153,9,22,,8/14 (57%),0/12 (0%),52%,2,15/31 (48%),2/2 (100%),2/5 (40%),29%,7,7,,5,,1,,,,,6
10408453,8,42409,NORMAL,REGULAR,Round 7,LEAGUE,2858,Almería,Visita,ALL,30/09/2022,7,0,41%,0.73,0,8,0,2,8,319,13,15,3,,2,0,3,3,6,2,0,,1,,1,6,245,20,26,,20/51 (39%),2/8 (25%),49%,6,33/61 (54%),1/8 (13%),5/13 (38%),85%,13,12,,20,,0,-2.01,,,,10
10408453,8,42409,NORMAL,REGULAR,Round 7,LEAGUE,2858,Almería,Visita,1ST,30/09/2022,7,0,34%,0.03,0,1,0,0,,146,8,7,1,,1,0,0,0,0,1,0,,0,,0,5,104,15,13,,10/28 (36%),0/1 (0%),50%,3,17/30 (57%),1/6 (17%),2/6 (33%),75%,8,5,,8,,0,,,,,5
10408453,8,42409,NORMAL,REGULAR,Round 7,LEAGUE,2858,Almería,Visita,2ND,30/09/2022,7,0,49%,0.70,0,7,0,2,,173,5,8,2,,1,0,3,3,6,1,0,,1,,1,1,141,5,13,,10/23 (43%),2/7 (29%),48%,3,16/31 (52%),0/2 (0%),3/7 (43%),100%,5,7,,12,,0,,,,,5
10408584,8,42409,NORMAL,REGULAR,Round 8,LEAGUE,2858,Almería,Local,ALL,08/10/2022,8,3,37%,1.19,2,10,3,7,22,261,31,11,4,1,4,0,6,0,6,4,2,0,,,1,4,175,19,43,,22/71 (31%),4/17 (24%),53%,7,49/96 (51%),13/21 (62%),7/18 (39%),48%,31,2,,25,,3,-0.64,,,,10
10408584,8,42409,NORMAL,REGULAR,Round 8,LEAGUE,2858,Almería,Local,1ST,08/10/2022,8,3,37%,1.14,2,8,2,3,,127,18,6,0,0,4,0,4,0,5,3,2,0,,,1,0,81,10,21,,7/30 (23%),4/8 (50%),60%,3,28/49 (57%),8/11 (73%),4/10 (40%),56%,18,1,,8,,2,,,,,3
10408584,8,42409,NORMAL,REGULAR,Round 8,LEAGUE,2858,Almería,Local,2ND,08/10/2022,8,0,37%,0.05,0,2,1,4,,134,13,5,4,1,0,0,2,0,1,1,0,0,,,0,4,94,9,22,,15/41 (37%),0/9 (0%),46%,4,21/47 (45%),5/10 (50%),3/8 (38%),38%,13,1,,17,,1,,,,,7
10408584,8,42409,NORMAL,REGULAR,Round 8,LEAGUE,2818,Rayo Vallecano,Visita,ALL,08/10/2022,8,1,63%,0.85,2,12,1,6,12,453,18,22,2,0,4,1,6,2,8,4,1,1,,,4,4,379,25,68,,29/54 (54%),4/29 (14%),47%,24,47/96 (49%),8/21 (38%),7/14 (50%),83%,18,8,,15,,1,-1.95,,,,8
10408584,8,42409,NORMAL,REGULAR,Round 8,LEAGUE,2818,Rayo Vallecano,Visita,1ST,08/10/2022,8,0,63%,0.23,1,3,1,4,,222,9,9,1,0,2,0,1,0,3,0,0,1,,,1,2,179,14,26,,18/33 (55%),1/11 (9%),40%,16,21/49 (43%),3/11 (27%),3/5 (60%),78%,9,3,,7,,1,,,,,5
10408584,8,42409,NORMAL,REGULAR,Round 8,LEAGUE,2818,Rayo Vallecano,Visita,2ND,08/10/2022,8,1,63%,0.62,1,9,0,2,,231,9,13,1,0,2,1,5,2,5,4,1,0,,,3,2,200,11,42,,11/21 (52%),3/18 (17%),54%,8,26/47 (55%),5/10 (50%),4/9 (44%),89%,9,5,,8,,0,,,,,3
10408262,8,42409,NORMAL,REGULAR,Round 9,LEAGUE,2816,Real Betis,Local,ALL,16/10/2022,9,3,55%,2.48,6,16,4,9,6,529,14,7,1,,6,0,4,6,14,2,3,3,3,,0,1,440,14,50,,20/56 (36%),4/18 (22%),52%,4,29/48 (60%),7/21 (33%),8/10 (80%),71%,14,4,,7,,4,0.56,,,,6
10408262,8,42409,NORMAL,REGULAR,Round 9,LEAGUE,2816,Real Betis,Local,1ST,16/10/2022,9,1,68%,1.32,3,9,2,5,,337,8,4,0,,4,0,3,2,8,1,1,2,1,,0,0,294,9,27,,13/29 (45%),3/12 (25%),56%,2,15/26 (58%),4/8 (50%),3/5 (60%),63%,8,2,,2,,2,,,,,3
10408262,8,42409,NORMAL,REGULAR,Round 9,LEAGUE,2816,Real Betis,Local,2ND,16/10/2022,9,2,41%,1.16,3,7,2,4,,192,6,3,1,,2,0,1,4,6,1,2,1,2,,0,1,146,5,23,,7/27 (26%),1/6 (17%),49%,2,14/22 (64%),3/13 (23%),5/5 (100%),83%,6,2,,5,,2,,,,,3
10408262,8,42409,NORMAL,REGULAR,Round 9,LEAGUE,2858,Almería,Visita,ALL,16/10/2022,9,1,45%,0.80,2,12,3,3,7,433,6,6,1,,5,0,4,3,9,3,1,1,2,,1,3,363,19,52,,22/41 (54%),5/15 (33%),48%,6,19/48 (40%),14/21 (67%),7/15 (47%),17%,6,12,,16,,3,0.37,,,,8
10408262,8,42409,NORMAL,REGULAR,Round 9,LEAGUE,2858,Almería,Visita,1ST,16/10/2022,9,0,32%,0.32,1,5,3,1,,159,4,4,1,,2,0,2,1,4,1,0,1,0,,1,1,129,9,22,,7/14 (50%),1/3 (33%),44%,5,11/26 (42%),4/8 (50%),3/6 (50%),0%,4,8,,13,,3,,,,,7
10408262,8,42409,NORMAL,REGULAR,Round 9,LEAGUE,2858,Almería,Visita,2ND,16/10/2022,9,1,59%,0.48,1,7,0,2,,274,2,2,0,,3,0,2,2,5,2,1,0,2,,0,2,234,10,30,,15/27 (56%),4/12 (33%),51%,1,8/22 (36%),10/13 (77%),4/9 (44%),50%,2,4,,3,,0,,,,,1
10408259,8,42409,NORMAL,REGULAR,Round 10,LEAGUE,2858,Almería,Local,ALL,20/10/2022,10,3,34%,1.82,3,13,3,4,14,235,11,13,1,,7,0,5,1,11,2,2,1,1,,2,1,164,19,42,,19/62 (31%),2/13 (15%),46%,6,29/60 (48%),13/31 (42%),5/13 (38%),82%,11,7,,30,,3,0.58,,,,7
10408259,8,42409,NORMAL,REGULAR,Round 10,LEAGUE,2858,Almería,Local,1ST,20/10/2022,10,3,40%,1.35,2,8,0,3,,147,4,7,0,,6,0,1,1,6,2,2,0,1,,2,0,120,6,20,,14/28 (50%),1/10 (10%),47%,3,14/28 (50%),6/15 (40%),3/8 (38%),50%,4,5,,10,,0,,,,,4
10408259,8,42409,NORMAL,REGULAR,Round 10,LEAGUE,2858,Almería,Local,2ND,20/10/2022,10,0,27%,0.48,1,5,3,1,,88,7,6,1,,1,0,4,0,5,0,0,1,0,,0,1,44,13,22,,5/34 (15%),1/3 (33%),46%,3,15/32 (47%),7/16 (44%),2/5 (40%),100%,7,2,,20,,3,,,,,3
10408259,8,42409,NORMAL,REGULAR,Round 10,LEAGUE,24264,Girona FC,Visita,ALL,20/10/2022,10,2,66%,2.86,4,14,4,5,14,449,14,12,3,,5,0,5,4,11,3,2,2,0,,5,3,381,23,56,,23/44 (52%),8/32 (25%),54%,1,31/60 (52%),18/31 (58%),5/15 (33%),57%,14,2,,11,,4,-0.30,,,,7
10408259,8,42409,NORMAL,REGULAR,Round 10,LEAGUE,24264,Girona FC,Visita,1ST,20/10/2022,10,0,60%,0.28,0,4,3,1,,227,8,5,2,,0,0,3,1,3,1,0,0,0,,0,1,189,8,26,,7/20 (35%),2/9 (22%),53%,0,14/28 (50%),9/15 (60%),1/5 (20%),63%,8,1,,5,,3,,,,,2
10408259,8,42409,NORMAL,REGULAR,Round 10,LEAGUE,24264,Girona FC,Visita,2ND,20/10/2022,10,2,73%,2.59,4,10,1,4,,222,6,7,1,,5,0,2,3,8,2,2,2,0,,5,2,192,15,30,,16/24 (67%),6/23 (26%),54%,1,17/32 (53%),9/16 (56%),4/10 (40%),50%,6,1,,6,,1,,,,,5
10408496,8,42409,NORMAL,REGULAR,Round 11,LEAGUE,2819,Villarreal,Local,ALL,23/10/2022,11,2,52%,1.02,1,11,3,10,7,441,16,8,4,2,5,0,1,5,5,6,1,0,1,,0,3,367,18,61,,29/47 (62%),4/29 (14%),55%,8,30/54 (56%),14/26 (54%),6/14 (43%),69%,16,10,,17,,3,0.02,,,,5
10408496,8,42409,NORMAL,REGULAR,Round 11,LEAGUE,2819,Villarreal,Local,1ST,23/10/2022,11,0,53%,0.21,0,4,0,4,,236,6,4,1,0,2,0,0,2,2,2,0,0,0,,0,2,189,10,31,,12/20 (60%),3/12 (25%),61%,3,13/23 (57%),10/15 (67%),3/7 (43%),67%,6,7,,6,,0,,,,,1
10408496,8,42409,NORMAL,REGULAR,Round 11,LEAGUE,2819,Villarreal,Local,2ND,23/10/2022,11,2,51%,0.81,1,7,3,6,,205,10,4,3,2,3,0,1,3,3,4,1,0,1,,0,1,178,8,30,,17/27 (63%),1/17 (6%),50%,5,17/31 (55%),4/11 (36%),3/7 (43%),70%,10,3,,11,,3,,,,,4
10408496,8,42409,NORMAL,REGULAR,Round 11,LEAGUE,2858,Almería,Visita,ALL,23/10/2022,11,1,48%,1.02,1,15,3,4,8,412,16,6,1,0,4,0,6,5,8,7,0,1,2,,4,3,337,16,52,,21/54 (39%),4/22 (18%),45%,10,24/54 (44%),12/26 (46%),2/8 (25%),63%,16,10,,21,,3,-0.42,,,,4
10408496,8,42409,NORMAL,REGULAR,Round 11,LEAGUE,2858,Almería,Visita,1ST,23/10/2022,11,1,47%,0.26,0,4,2,1,,213,7,3,0,0,1,0,1,2,2,2,0,0,0,,1,2,162,9,24,,12/36 (33%),0/7 (0%),39%,4,10/23 (43%),5/15 (33%),0/2 (0%),86%,7,5,,11,,2,,,,,3
10408496,8,42409,NORMAL,REGULAR,Round 11,LEAGUE,2858,Almería,Visita,2ND,23/10/2022,11,0,49%,0.76,1,11,1,3,,199,9,3,1,0,3,0,5,3,6,5,0,1,2,,3,1,175,7,28,,9/18 (50%),4/15 (27%),50%,6,14/31 (45%),7/11 (64%),2/6 (33%),44%,9,5,,10,,1,,,,,1
10408505,8,42409,NORMAL,REGULAR,Round 12,LEAGUE,2858,Almería,Local,ALL,29/10/2022,12,3,62%,2.36,4,19,2,6,10,509,17,6,4,0,5,0,8,6,11,8,1,3,,,3,0,446,16,63,,34/54 (63%),13/31 (42%),52%,8,32/63 (51%),9/16 (56%),9/16 (56%),29%,17,8,,12,,2,-0.53,,,,6
10408505,8,42409,NORMAL,REGULAR,Round 12,LEAGUE,2858,Almería,Local,1ST,29/10/2022,12,0,59%,0.73,0,7,0,4,,232,11,2,2,0,1,0,2,4,5,2,0,0,,,0,0,197,12,33,,14/25 (56%),7/20 (35%),48%,4,17/35 (49%),4/9 (44%),4/10 (40%),27%,11,5,,5,,0,,,,,3
10408505,8,42409,NORMAL,REGULAR,Round 12,LEAGUE,2858,Almería,Local,2ND,29/10/2022,12,3,65%,1.64,4,12,2,2,,277,6,4,2,0,4,0,6,2,6,6,1,3,,,3,0,249,4,30,,20/29 (69%),6/11 (55%),57%,4,15/28 (54%),5/7 (71%),5/6 (83%),33%,6,3,,7,,2,,,,,3
10408505,8,42409,NORMAL,REGULAR,Round 12,LEAGUE,2821,Celta Vigo,Visita,ALL,29/10/2022,12,1,38%,0.26,0,8,2,4,7,313,15,10,0,1,3,0,3,2,2,6,0,0,,,1,5,247,19,40,,14/41 (34%),2/14 (14%),48%,13,31/63 (49%),7/16 (44%),6/10 (60%),33%,15,4,,22,,2,-1.66,,,,12
10408505,8,42409,NORMAL,REGULAR,Round 12,LEAGUE,2821,Celta Vigo,Visita,1ST,29/10/2022,12,1,41%,0.12,0,4,1,1,,167,10,6,0,1,1,0,2,1,1,3,0,0,,,0,1,134,10,24,,10/23 (43%),2/8 (25%),52%,8,18/35 (51%),5/9 (56%),2/5 (40%),30%,10,1,,15,,1,,,,,5
10408505,8,42409,NORMAL,REGULAR,Round 12,LEAGUE,2821,Celta Vigo,Visita,2ND,29/10/2022,12,0,35%,0.14,0,4,1,3,,146,5,4,0,0,2,0,1,1,1,3,0,0,,,1,4,113,9,16,,4/18 (22%),0/6 (0%),43%,5,13/28 (46%),2/7 (29%),4/5 (80%),40%,5,3,,7,,1,,,,,7
10408311,8,42409,NORMAL,REGULAR,Round 13,LEAGUE,2817,FC Barcelona,Local,ALL,05/11/2022,13,2,70%,4.04,7,27,1,9,14,713,15,12,2,,13,1,8,6,20,7,1,6,6,,5,6,643,22,89,,49/56 (88%),11/26 (42%),56%,11,42/75 (56%),11/19 (58%),15/17 (88%),60%,15,3,,6,,1,0.56,,,,0
10408311,8,42409,NORMAL,REGULAR,Round 13,LEAGUE,2817,FC Barcelona,Local,1ST,05/11/2022,13,0,73%,2.50,4,16,1,8,,347,7,6,2,,6,1,7,3,12,4,0,4,4,,3,0,314,9,50,,27/32 (84%),6/19 (32%),53%,9,18/36 (50%),8/13 (62%),5/5 (100%),43%,7,1,,5,,1,,,,,0
10408311,8,42409,NORMAL,REGULAR,Round 13,LEAGUE,2817,FC Barcelona,Local,2ND,05/11/2022,13,2,67%,1.54,3,11,0,1,,366,8,6,0,,7,0,1,3,8,3,1,2,2,,2,6,329,13,39,,22/24 (92%),5/7 (71%),60%,2,24/39 (62%),3/6 (50%),10/12 (83%),75%,8,2,,1,,0,,,,,0
10408311,8,42409,NORMAL,REGULAR,Round 13,LEAGUE,2858,Almería,Visita,ALL,05/11/2022,13,0,30%,0.46,1,4,10,1,13,310,13,14,1,,1,0,1,2,4,0,0,1,1,,0,1,222,13,26,,19/56 (34%),0/2 (0%),44%,7,33/75 (44%),8/19 (42%),6/14 (43%),54%,13,12,,22,,10,1.97,,,,13
10408311,8,42409,NORMAL,REGULAR,Round 13,LEAGUE,2858,Almería,Visita,1ST,05/11/2022,13,0,27%,0.34,1,2,5,1,,135,9,7,1,,1,0,0,1,2,0,0,1,0,,0,0,89,6,7,,10/32 (31%),0/1 (0%),47%,4,18/36 (50%),5/13 (38%),2/5 (40%),67%,9,8,,12,,5,,,,,10
10408311,8,42409,NORMAL,REGULAR,Round 13,LEAGUE,2858,Almería,Visita,2ND,05/11/2022,13,0,33%,0.12,0,2,5,0,,175,4,7,0,,0,0,1,1,2,0,0,0,1,,0,1,133,7,19,,9/24 (38%),0/1 (0%),40%,3,15/39 (38%),3/6 (50%),4/9 (44%),25%,4,4,,10,,5,,,,,3
10408310,8,42409,NORMAL,REGULAR,Round 14,LEAGUE,2858,Almería,Local,ALL,09/11/2022,14,1,55%,0.55,,8,2,7,17,453,10,6,8,1,3,0,2,3,5,3,,,,,1,4,350,16,48,,26/69 (38%),4/12 (33%),39%,6,23/60 (38%),13/33 (39%),7/14 (50%),50%,10,12,,22,,2,0.61,,,,7
10408310,8,42409,NORMAL,REGULAR,Round 14,LEAGUE,2858,Almería,Local,1ST,09/11/2022,14,1,63%,0.08,,2,0,2,,259,4,3,2,0,1,0,0,1,1,1,,,,,0,3,206,11,24,,17/38 (45%),1/5 (20%),38%,5,10/31 (32%),8/17 (47%),3/6 (50%),75%,4,6,,10,,0,,,,,1
10408310,8,42409,NORMAL,REGULAR,Round 14,LEAGUE,2858,Almería,Local,2ND,09/11/2022,14,0,46%,0.46,,6,2,5,,194,6,3,6,1,2,0,2,2,4,2,,,,,1,1,144,5,24,,9/31 (29%),3/7 (43%),40%,1,13/29 (45%),5/16 (31%),4/8 (50%),33%,6,6,,12,,2,,,,,6
10408310,8,42409,NORMAL,REGULAR,Round 14,LEAGUE,2859,Getafe,Visita,ALL,09/11/2022,14,0,45%,0.40,,11,2,6,8,361,13,16,4,0,3,1,5,3,9,2,,,,,1,4,260,26,68,,25/57 (44%),6/24 (25%),61%,4,37/60 (62%),20/33 (61%),8/14 (57%),54%,13,11,,10,,2,-0.49,,,,5
10408310,8,42409,NORMAL,REGULAR,Round 14,LEAGUE,2859,Getafe,Visita,1ST,09/11/2022,14,0,37%,0.12,,4,0,2,,142,8,10,2,0,1,0,1,2,4,0,,,,,0,2,102,7,26,,15/29 (52%),3/10 (30%),62%,2,21/31 (68%),9/17 (53%),3/5 (60%),50%,8,9,,6,,0,,,,,2
10408310,8,42409,NORMAL,REGULAR,Round 14,LEAGUE,2859,Getafe,Visita,2ND,09/11/2022,14,0,54%,0.27,,7,2,4,,219,5,6,2,0,2,1,4,1,5,2,,,,,1,2,158,19,42,,10/28 (36%),3/14 (21%),60%,2,16/29 (55%),11/16 (69%),5/9 (56%),60%,5,2,,4,,2,,,,,3
10838020,329,46493,NORMAL,PLAYOFF,Round 1,CUP,263555,CD Arenteiro,Local,ALL,13/11/2022,1,2,38%,0.00,1,9,2,5,14,272,19,14,0,0,5,1,3,1,8,1,1,0,0,,4,3,184,27,73,,34/80 (43%),4/21 (19%),46%,9,39/80 (49%),9/24 (38%),6/21 (29%),37%,19,11,,25,,2,,,,,11
10838020,329,46493,NORMAL,PLAYOFF,Round 1,CUP,263555,CD Arenteiro,Local,1ST,13/11/2022,1,1,39%,0.00,1,4,1,2,,142,8,6,0,0,1,1,2,1,3,1,1,0,0,,1,1,98,17,38,,17/40 (43%),3/11 (27%),54%,3,16/29 (55%),4/8 (50%),2/8 (25%),25%,8,6,,5,,1,,,,,5
10838020,329,46493,NORMAL,PLAYOFF,Round 1,CUP,263555,CD Arenteiro,Local,2ND,13/11/2022,1,1,37%,0.00,0,5,1,3,,130,11,8,0,0,4,0,1,0,5,0,0,0,0,,3,2,86,10,35,,17/40 (43%),1/10 (10%),42%,6,23/51 (45%),5/16 (31%),4/13 (31%),45%,11,5,,20,,1,,,,,6
10838020,329,46493,NORMAL,PLAYOFF,Round 1,CUP,2858,Almería,Visita,ALL,13/11/2022,1,0,62%,0.00,2,7,3,2,15,450,24,12,3,1,2,2,4,1,6,1,0,2,2,,0,5,342,30,55,,39/73 (53%),3/17 (18%),54%,5,41/80 (51%),15/24 (63%),5/19 (26%),79%,24,12,,20,,3,,,,,6
10838020,329,46493,NORMAL,PLAYOFF,Round 1,CUP,2858,Almería,Visita,1ST,13/11/2022,1,0,61%,0.00,0,1,0,0,,231,9,4,1,0,1,0,0,0,0,1,0,0,0,,0,3,181,15,23,,23/37 (62%),0/4 (0%),46%,3,13/29 (45%),4/8 (50%),0/5 (0%),78%,9,8,,9,,0,,,,,4
10838020,329,46493,NORMAL,PLAYOFF,Round 1,CUP,2858,Almería,Visita,2ND,13/11/2022,1,0,63%,0.00,2,6,3,2,,219,15,8,2,1,1,2,4,1,6,0,0,2,2,,0,2,161,15,32,,16/36 (44%),3/13 (23%),58%,2,28/51 (55%),11/16 (69%),5/14 (36%),80%,15,4,,11,,3,,,,,2
10408515,8,42409,NORMAL,REGULAR,Round 15,LEAGUE,4488,Cádiz,Local,ALL,30/12/2022,15,1,49%,1.31,3,12,9,3,7,432,20,11,2,,6,0,5,1,9,3,,3,,,0,3,339,23,66,,33/80 (41%),3/17 (18%),49%,10,35/67 (52%),10/25 (40%),4/10 (40%),70%,20,5,,13,,9,0.74,,,,3
10408515,8,42409,NORMAL,REGULAR,Round 15,LEAGUE,4488,Cádiz,Local,1ST,30/12/2022,15,0,41%,0.50,1,7,3,3,,162,7,6,1,,3,0,3,1,5,2,,1,,,0,1,115,8,36,,18/43 (42%),1/10 (10%),49%,6,16/33 (48%),7/14 (50%),3/6 (50%),71%,7,2,,4,,3,,,,,1
10408515,8,42409,NORMAL,REGULAR,Round 15,LEAGUE,4488,Cádiz,Local,2ND,30/12/2022,15,1,56%,0.82,2,5,6,0,,270,13,5,1,,3,0,2,0,4,1,,2,,,0,2,224,15,30,,15/37 (41%),2/7 (29%),49%,4,19/34 (56%),3/11 (27%),1/4 (25%),69%,13,3,,9,,6,,,,,2
10408515,8,42409,NORMAL,REGULAR,Round 15,LEAGUE,2858,Almería,Visita,ALL,30/12/2022,15,1,51%,2.32,3,19,5,2,14,450,16,6,0,,10,1,4,5,11,8,,3,,,2,5,364,18,45,,28/54 (52%),4/12 (33%),51%,7,32/67 (48%),15/25 (60%),10/23 (43%),75%,16,8,,18,,5,1.42,,,,9
10408515,8,42409,NORMAL,REGULAR,Round 15,LEAGUE,2858,Almería,Visita,1ST,30/12/2022,15,1,59%,0.64,0,7,3,1,,242,9,4,0,,4,0,1,2,2,5,,0,,,1,1,197,14,19,,11/26 (42%),0/4 (0%),51%,2,17/33 (52%),7/14 (50%),4/9 (44%),67%,9,2,,12,,3,,,,,4
10408515,8,42409,NORMAL,REGULAR,Round 15,LEAGUE,2858,Almería,Visita,2ND,30/12/2022,15,0,44%,1.68,3,12,2,1,,208,7,2,0,,6,1,3,3,9,3,,3,,,1,4,167,4,26,,17/28 (61%),4/8 (50%),51%,5,15/34 (44%),8/11 (73%),6/14 (43%),86%,7,6,,6,,2,,,,,5
10408332,8,42409,NORMAL,REGULAR,Round 16,LEAGUE,2858,Almería,Local,ALL,08/01/2023,16,0,44%,0.57,0,6,4,4,13,375,19,13,1,,1,0,4,1,5,1,0,0,0,,1,3,297,26,46,,27/62 (44%),5/15 (33%),47%,12,39/82 (48%),11/24 (46%),8/19 (42%),58%,19,6,,12,,4,-0.61,,,,7
10408332,8,42409,NORMAL,REGULAR,Round 16,LEAGUE,2858,Almería,Local,1ST,08/01/2023,16,0,40%,0.00,0,0,1,0,,166,6,5,0,,0,0,0,0,0,0,0,0,0,,1,3,125,13,19,,9/28 (32%),1/4 (25%),40%,5,11/31 (35%),7/14 (50%),1/4 (25%),67%,6,3,,6,,1,,,,,5
10408332,8,42409,NORMAL,REGULAR,Round 16,LEAGUE,2858,Almería,Local,2ND,08/01/2023,16,0,47%,0.57,0,6,3,4,,209,13,8,1,,1,0,4,1,5,1,0,0,0,,0,0,172,13,27,,18/34 (53%),4/11 (36%),52%,7,28/51 (55%),4/10 (40%),7/15 (47%),54%,13,3,,6,,3,,,,,2
10408332,8,42409,NORMAL,REGULAR,Round 16,LEAGUE,2824,Real Sociedad,Visita,ALL,08/01/2023,16,2,56%,1.70,4,9,1,2,14,494,23,12,0,,6,0,3,0,8,1,1,3,1,,1,9,409,24,63,,18/42 (43%),2/7 (29%),53%,13,43/82 (52%),13/24 (54%),8/14 (57%),61%,23,3,,13,,1,0.12,,,,8
10408332,8,42409,NORMAL,REGULAR,Round 16,LEAGUE,2824,Real Sociedad,Visita,1ST,08/01/2023,16,0,60%,0.48,1,3,0,1,,249,8,9,0,,1,0,2,0,3,0,0,1,0,,1,5,209,16,36,,11/18 (61%),2/6 (33%),60%,4,20/31 (65%),7/14 (50%),3/5 (60%),38%,8,1,,4,,0,,,,,1
10408332,8,42409,NORMAL,REGULAR,Round 16,LEAGUE,2824,Real Sociedad,Visita,2ND,08/01/2023,16,2,53%,1.22,3,6,1,1,,245,15,3,0,,5,0,1,0,5,1,1,2,1,,0,4,200,8,27,,7/24 (29%),0/1 (0%),48%,9,23/51 (45%),6/10 (60%),5/9 (56%),73%,15,2,,9,,1,,,,,7
10408336,8,42409,NORMAL,REGULAR,Round 17,LEAGUE,2858,Almería,Local,ALL,15/01/2023,17,1,55%,1.47,1,14,5,3,14,538,16,12,4,0,3,0,9,2,10,4,1,0,3,,0,4,455,21,55,,36/65 (55%),7/21 (33%),54%,7,37/67 (55%),19/36 (53%),9/16 (56%),56%,16,11,,15,,5,0.70,,,,6
10408336,8,42409,NORMAL,REGULAR,Round 17,LEAGUE,2858,Almería,Local,1ST,15/01/2023,17,1,51%,0.56,1,6,1,2,,259,6,7,1,0,2,0,3,1,4,2,1,0,1,,0,0,214,9,29,,22/41 (54%),3/9 (33%),52%,4,15/31 (48%),11/19 (58%),2/5 (40%),67%,6,3,,5,,1,,,,,2
10408336,8,42409,NORMAL,REGULAR,Round 17,LEAGUE,2858,Almería,Local,2ND,15/01/2023,17,0,60%,0.91,0,8,4,1,,279,10,5,3,0,1,0,6,1,6,2,0,0,2,,0,4,241,12,26,,14/24 (58%),4/12 (33%),57%,3,22/36 (61%),8/17 (47%),7/11 (64%),50%,10,8,,10,,4,,,,,4
10408336,8,42409,NORMAL,REGULAR,Round 17,LEAGUE,2836,Atlético Madrid,Visita,ALL,15/01/2023,17,1,45%,2.46,4,12,2,4,12,440,14,14,4,1,7,0,3,2,10,2,1,3,0,,1,3,342,12,58,,25/62 (40%),3/13 (23%),46%,5,30/67 (45%),17/36 (47%),3/14 (21%),79%,14,9,,20,,2,-0.29,,,,13
10408336,8,42409,NORMAL,REGULAR,Round 17,LEAGUE,2836,Atlético Madrid,Visita,1ST,15/01/2023,17,1,49%,1.12,1,5,1,3,,249,7,7,1,0,3,0,0,2,5,0,1,0,0,,1,1,197,6,27,,12/30 (40%),2/7 (29%),48%,4,16/31 (52%),8/19 (42%),2/4 (50%),86%,7,5,,10,,1,,,,,6
10408336,8,42409,NORMAL,REGULAR,Round 17,LEAGUE,2836,Atlético Madrid,Visita,2ND,15/01/2023,17,0,40%,1.34,3,7,1,1,,191,7,7,3,1,4,0,3,0,5,2,0,3,0,,0,2,145,6,31,,13/32 (41%),1/6 (17%),43%,1,14/36 (39%),9/17 (53%),1/10 (10%),71%,7,4,,10,,1,,,,,7
10408349,8,42409,NORMAL,REGULAR,Round 18,LEAGUE,2828,Valencia,Local,ALL,23/01/2023,18,2,57%,1.92,5,16,1,6,8,482,20,8,2,,6,0,7,3,12,4,2,3,1,,1,5,384,24,53,,26/57 (46%),6/26 (23%),53%,12,33/61 (54%),9/18 (50%),5/12 (42%),65%,20,5,,12,,1,-1.28,,,,10
10408349,8,42409,NORMAL,REGULAR,Round 18,LEAGUE,2828,Valencia,Local,1ST,23/01/2023,18,0,65%,0.86,1,8,1,5,,260,13,4,1,,1,0,4,3,5,3,0,1,0,,0,3,211,16,30,,13/26 (50%),4/13 (31%),53%,4,20/36 (56%),3/7 (43%),3/9 (33%),69%,13,3,,6,,1,,,,,5
10408349,8,42409,NORMAL,REGULAR,Round 18,LEAGUE,2828,Valencia,Local,2ND,23/01/2023,18,2,51%,1.06,4,8,0,1,,222,7,4,1,,5,0,3,0,7,1,2,2,1,,1,2,173,8,23,,13/31 (42%),2/13 (15%),53%,8,13/25 (52%),6/11 (55%),2/3 (67%),57%,7,2,,6,,0,,,,,5
10408349,8,42409,NORMAL,REGULAR,Round 18,LEAGUE,2858,Almería,Visita,ALL,23/01/2023,18,2,43%,1.50,2,14,4,2,8,368,19,6,1,,3,1,7,4,7,7,1,1,0,,2,3,268,23,49,,26/67 (39%),2/11 (18%),47%,11,28/61 (46%),9/18 (50%),3/12 (25%),47%,19,12,,24,,4,0.01,,,,11
10408349,8,42409,NORMAL,REGULAR,Round 18,LEAGUE,2858,Almería,Visita,1ST,23/01/2023,18,0,35%,0.93,1,5,1,0,,145,10,4,0,,1,1,2,2,2,3,0,1,0,,2,2,100,14,20,,15/33 (45%),0/3 (0%),47%,6,16/36 (44%),4/7 (57%),2/9 (22%),60%,10,7,,13,,1,,,,,6
10408349,8,42409,NORMAL,REGULAR,Round 18,LEAGUE,2858,Almería,Visita,2ND,23/01/2023,18,2,49%,0.57,1,9,3,2,,223,9,2,1,,2,0,5,2,5,4,1,0,0,,0,1,168,9,29,,11/34 (32%),2/8 (25%),47%,5,12/25 (48%),5/11 (45%),1/3 (33%),33%,9,5,,11,,3,,,,,5
10408339,8,42409,NORMAL,REGULAR,Round 19,LEAGUE,2858,Almería,Local,ALL,27/01/2023,19,3,57%,2.11,3,19,2,2,16,421,13,6,3,,7,1,8,4,13,6,1,2,,,1,0,322,28,62,,36/79 (46%),4/12 (33%),38%,11,26/64 (41%),10/30 (33%),8/15 (53%),54%,13,6,,9,,2,0.23,,,,12
10408339,8,42409,NORMAL,REGULAR,Round 19,LEAGUE,2858,Almería,Local,1ST,27/01/2023,19,1,54%,0.86,1,11,1,2,,196,5,2,1,,2,1,6,3,6,5,0,1,,,0,0,151,14,28,,16/39 (41%),1/7 (14%),26%,4,10/31 (32%),2/15 (13%),3/10 (30%),60%,5,4,,4,,1,,,,,5
10408339,8,42409,NORMAL,REGULAR,Round 19,LEAGUE,2858,Almería,Local,2ND,27/01/2023,19,2,60%,1.26,2,8,1,0,,225,8,4,2,,5,0,2,1,7,1,1,1,,,1,0,171,14,34,,20/40 (50%),3/5 (60%),50%,7,16/33 (48%),8/15 (53%),5/5 (100%),50%,8,2,,5,,1,,,,,7
10408339,8,42409,NORMAL,REGULAR,Round 19,LEAGUE,2814,Espanyol,Visita,ALL,27/01/2023,19,1,43%,0.81,1,6,4,2,6,315,18,16,3,,3,0,1,2,4,2,1,0,,,1,6,213,27,54,,21/67 (31%),2/11 (18%),62%,4,38/64 (59%),20/30 (67%),5/14 (36%),28%,18,5,,11,,4,-1.20,,,,11
10408339,8,42409,NORMAL,REGULAR,Round 19,LEAGUE,2814,Espanyol,Visita,1ST,27/01/2023,19,0,46%,0.08,0,2,1,1,,169,11,8,1,,1,0,0,1,2,0,0,0,,,0,3,118,16,28,,13/33 (39%),1/5 (20%),74%,2,21/31 (68%),13/15 (87%),3/6 (50%),36%,11,3,,4,,1,,,,,7
10408339,8,42409,NORMAL,REGULAR,Round 19,LEAGUE,2814,Espanyol,Visita,2ND,27/01/2023,19,1,40%,0.73,1,4,3,1,,146,7,8,2,,2,0,1,1,2,2,1,0,,,1,3,95,11,26,,8/34 (24%),1/6 (17%),50%,2,17/33 (52%),7/15 (47%),2/8 (25%),14%,7,2,,7,,3,,,,,4
10408359,8,42409,NORMAL,REGULAR,Round 20,LEAGUE,2818,Rayo Vallecano,Local,ALL,06/02/2023,20,2,49%,1.08,3,15,5,3,16,405,20,9,3,,11,0,3,1,4,11,1,2,2,,4,4,297,28,68,,28/74 (38%),1/14 (7%),45%,12,39/86 (45%),16/35 (46%),10/21 (48%),50%,20,10,,27,,5,1.08,,,,9
10408359,8,42409,NORMAL,REGULAR,Round 20,LEAGUE,2818,Rayo Vallecano,Local,1ST,06/02/2023,20,0,51%,0.22,0,7,3,1,,201,7,8,2,,6,0,0,1,2,5,0,0,0,,3,3,153,10,31,,13/31 (42%),1/9 (11%),49%,5,21/40 (53%),5/13 (38%),6/9 (67%),57%,7,2,,17,,3,,,,,6
10408359,8,42409,NORMAL,REGULAR,Round 20,LEAGUE,2818,Rayo Vallecano,Local,2ND,06/02/2023,20,2,46%,0.87,3,8,2,2,,204,13,1,1,,5,0,3,0,2,6,1,2,2,,1,1,144,18,37,,15/43 (35%),0/5 (0%),43%,7,18/46 (39%),11/22 (50%),4/12 (33%),46%,13,8,,10,,2,,,,,3
10408359,8,42409,NORMAL,REGULAR,Round 20,LEAGUE,2858,Almería,Visita,ALL,06/02/2023,20,0,51%,1.21,2,14,10,7,9,412,23,13,3,,5,0,7,2,7,7,0,2,0,,0,1,305,22,59,,25/65 (38%),7/34 (21%),55%,12,47/86 (55%),19/35 (54%),11/19 (58%),57%,23,14,,16,,10,0.91,,,,6
10408359,8,42409,NORMAL,REGULAR,Round 20,LEAGUE,2858,Almería,Visita,1ST,06/02/2023,20,0,49%,0.64,1,8,6,6,,184,8,6,3,,3,0,4,1,4,4,0,1,0,,0,0,139,7,28,,10/27 (37%),3/19 (16%),51%,3,19/40 (48%),8/13 (62%),5/9 (56%),63%,8,8,,12,,6,,,,,2
10408359,8,42409,NORMAL,REGULAR,Round 20,LEAGUE,2858,Almería,Visita,2ND,06/02/2023,20,0,54%,0.57,1,6,4,1,,228,15,7,0,,2,0,3,1,3,3,0,1,0,,0,1,166,15,31,,15/38 (39%),4/15 (27%),57%,9,28/46 (61%),11/22 (50%),6/10 (60%),53%,15,6,,4,,4,,,,,4
10408383,8,42409,NORMAL,REGULAR,Round 21,LEAGUE,2858,Almería,Local,ALL,11/02/2023,21,2,52%,2.32,4,17,4,8,12,411,16,9,2,,9,0,4,4,12,5,1,3,2,,2,3,303,26,67,,27/71 (38%),8/25 (32%),53%,8,42/79 (53%),15/29 (52%),17/24 (71%),50%,16,8,,10,,4,0.37,,,,3
10408383,8,42409,NORMAL,REGULAR,Round 21,LEAGUE,2858,Almería,Local,1ST,11/02/2023,21,1,55%,0.30,1,4,2,3,,211,9,3,2,,1,0,3,0,3,1,0,1,1,,0,2,158,15,35,,15/36 (42%),2/11 (18%),52%,2,20/38 (53%),6/12 (50%),8/13 (62%),22%,9,5,,3,,2,,,,,1
10408383,8,42409,NORMAL,REGULAR,Round 21,LEAGUE,2858,Almería,Local,2ND,11/02/2023,21,1,49%,2.02,3,13,2,5,,200,7,6,0,,8,0,1,4,9,4,1,2,1,,2,1,145,11,32,,12/35 (34%),6/14 (43%),53%,6,22/41 (54%),9/17 (53%),9/11 (82%),86%,7,3,,7,,2,,,,,2
10408383,8,42409,NORMAL,REGULAR,Round 21,LEAGUE,2816,Real Betis,Visita,ALL,11/02/2023,21,3,48%,2.51,6,12,7,2,10,404,15,12,3,,7,2,3,2,10,2,2,4,2,,3,5,317,19,50,,30/63 (48%),2/5 (40%),47%,8,37/79 (47%),14/29 (48%),10/18 (56%),67%,15,13,,22,,7,1.29,,,,14
10408383,8,42409,NORMAL,REGULAR,Round 21,LEAGUE,2816,Real Betis,Visita,1ST,11/02/2023,21,2,45%,1.95,4,7,0,0,,185,7,6,0,,4,2,2,1,6,1,2,2,2,,2,3,148,9,16,,18/30 (60%),0/2 (0%),48%,5,18/38 (47%),6/12 (50%),5/9 (56%),86%,7,9,,10,,0,,,,,10
10408383,8,42409,NORMAL,REGULAR,Round 21,LEAGUE,2816,Real Betis,Visita,2ND,11/02/2023,21,1,51%,0.56,2,5,7,2,,219,8,6,3,,3,0,1,1,4,1,0,2,0,,1,2,169,10,34,,12/33 (36%),2/3 (67%),47%,3,19/41 (46%),8/17 (47%),5/9 (56%),50%,8,4,,12,,7,,,,,4
10408376,8,42409,NORMAL,REGULAR,Round 22,LEAGUE,24264,Girona FC,Local,ALL,17/02/2023,22,6,52%,2.97,6,14,2,1,10,464,14,8,1,,8,0,5,1,12,2,5,1,1,,1,2,365,20,50,,35/62 (56%),5/16 (31%),53%,5,34/67 (51%),17/30 (57%),12/20 (60%),86%,14,1,,18,,2,-0.41,,,,10
10408376,8,42409,NORMAL,REGULAR,Round 22,LEAGUE,24264,Girona FC,Local,1ST,17/02/2023,22,4,53%,1.86,3,8,0,0,,244,8,2,0,,4,0,3,1,7,1,3,0,1,,0,2,190,14,24,,18/31 (58%),3/8 (38%),52%,1,17/30 (57%),7/16 (44%),7/10 (70%),88%,8,1,,9,,0,,,,,3
10408376,8,42409,NORMAL,REGULAR,Round 22,LEAGUE,24264,Girona FC,Local,2ND,17/02/2023,22,2,51%,1.11,3,6,2,1,,220,6,6,1,,4,0,2,0,5,1,2,1,0,,1,0,175,6,26,,17/31 (55%),2/8 (25%),53%,4,17/37 (46%),10/14 (71%),5/10 (50%),83%,6,0,,9,,2,,,,,7
10408376,8,42409,NORMAL,REGULAR,Round 22,LEAGUE,2858,Almería,Visita,ALL,17/02/2023,22,2,48%,1.80,2,16,2,7,8,411,13,10,1,,4,0,7,5,8,8,2,0,1,,1,0,320,23,47,,16/53 (30%),11/30 (37%),47%,9,33/67 (49%),13/30 (43%),10/15 (67%),77%,13,10,,20,,2,-1.29,,,,5
10408376,8,42409,NORMAL,REGULAR,Round 22,LEAGUE,2858,Almería,Visita,1ST,17/02/2023,22,0,47%,0.16,0,4,0,2,,216,4,7,0,,0,0,3,1,1,3,0,0,0,,0,0,165,14,20,,7/27 (26%),3/10 (30%),48%,6,13/30 (43%),9/16 (56%),2/4 (50%),50%,4,7,,7,,0,,,,,2
10408376,8,42409,NORMAL,REGULAR,Round 22,LEAGUE,2858,Almería,Visita,2ND,17/02/2023,22,2,49%,1.64,2,12,2,5,,195,9,3,1,,4,0,4,4,7,5,2,0,1,,1,0,155,9,27,,9/26 (35%),8/20 (40%),47%,3,20/37 (54%),4/14 (29%),8/11 (73%),89%,9,3,,13,,2,,,,,3
10408379,8,42409,NORMAL,REGULAR,Round 23,LEAGUE,2858,Almería,Local,ALL,26/02/2023,23,1,28%,0.96,2,6,1,4,13,219,11,11,3,,4,0,1,1,5,1,1,1,3,,3,3,141,14,48,,28/73 (38%),4/12 (33%),42%,6,29/66 (44%),15/38 (39%),7/14 (50%),55%,11,8,49,37,,1,0.08,,,,18
10408379,8,42409,NORMAL,REGULAR,Round 23,LEAGUE,2858,Almería,Local,1ST,26/02/2023,23,1,31%,0.40,1,3,0,2,,127,3,7,0,,2,0,1,0,3,0,1,0,1,,1,0,93,7,30,,17/33 (52%),3/8 (38%),43%,4,14/34 (41%),8/17 (47%),4/6 (67%),33%,3,3,27,11,,0,,,,,5
10408379,8,42409,NORMAL,REGULAR,Round 23,LEAGUE,2858,Almería,Local,2ND,26/02/2023,23,0,25%,0.55,1,3,1,2,,92,8,4,3,,2,0,0,1,2,1,0,1,2,,2,3,48,7,18,,11/40 (28%),1/4 (25%),42%,2,15/32 (47%),7/21 (33%),3/8 (38%),63%,8,5,22,26,,1,,,,,13
10408379,8,42409,NORMAL,REGULAR,Round 23,LEAGUE,2817,FC Barcelona,Visita,ALL,26/02/2023,23,0,72%,1.44,4,13,3,7,11,561,13,13,3,,1,0,9,3,12,1,0,4,1,,3,5,499,24,73,,24/36 (67%),9/47 (19%),58%,8,37/66 (56%),23/38 (61%),11/14 (79%),38%,13,6,52,12,,3,0.39,,,,1
10408379,8,42409,NORMAL,REGULAR,Round 23,LEAGUE,2817,FC Barcelona,Visita,1ST,26/02/2023,23,0,69%,0.34,1,4,1,4,,297,6,7,1,,0,0,3,1,4,0,0,1,1,,1,3,266,9,35,,13/20 (65%),3/16 (19%),57%,2,20/34 (59%),9/17 (53%),7/8 (88%),33%,6,3,25,9,,1,,,,,1
10408379,8,42409,NORMAL,REGULAR,Round 23,LEAGUE,2817,FC Barcelona,Visita,2ND,26/02/2023,23,0,75%,1.10,3,9,2,3,,264,7,6,2,,1,0,6,2,8,1,0,3,0,,2,2,233,15,38,,11/16 (69%),6/31 (19%),58%,6,17/32 (53%),14/21 (67%),4/6 (67%),43%,7,3,27,3,,2,,,,,0
10408403,8,42409,NORMAL,REGULAR,Round 24,LEAGUE,2858,Almería,Local,ALL,04/03/2023,24,0,29%,0.39,0,6,4,2,11,231,13,9,3,,0,0,3,3,4,2,,0,0,,1,0,174,15,31,,26/44 (59%),1/8 (13%),43%,4,26/64 (41%),9/17 (53%),4/14 (29%),38%,13,1,,22,,4,-0.17,,,,11
10408403,8,42409,NORMAL,REGULAR,Round 24,LEAGUE,2858,Almería,Local,1ST,04/03/2023,24,0,24%,0.10,0,1,1,0,,104,6,5,1,,0,0,1,0,1,0,,0,0,,0,0,81,7,9,,19/29 (66%),1/2 (50%),42%,2,12/32 (38%),7/13 (54%),1/6 (17%),33%,6,1,,9,,1,,,,,6
10408403,8,42409,NORMAL,REGULAR,Round 24,LEAGUE,2858,Almería,Local,2ND,04/03/2023,24,0,34%,0.29,0,5,3,2,,127,7,4,2,,0,0,2,3,3,2,,0,0,,1,0,93,8,22,,7/15 (47%),0/6 (0%),44%,2,14/32 (44%),2/4 (50%),3/8 (38%),43%,7,0,,13,,3,,,,,5
10408403,8,42409,NORMAL,REGULAR,Round 24,LEAGUE,2819,Villarreal,Visita,ALL,04/03/2023,24,2,71%,2.08,5,17,0,10,10,572,14,11,4,,6,1,7,4,16,1,,5,4,,1,5,522,16,60,,24/37 (65%),6/21 (29%),57%,5,38/64 (59%),8/17 (47%),13/21 (62%),50%,14,1,,10,,0,0.00,,,,5
10408403,8,42409,NORMAL,REGULAR,Round 24,LEAGUE,2819,Villarreal,Visita,1ST,04/03/2023,24,0,76%,0.83,3,7,0,4,,332,7,5,0,,1,0,4,2,6,1,,3,2,,0,3,303,12,36,,10/16 (63%),2/6 (33%),58%,4,20/32 (63%),6/13 (46%),8/10 (80%),57%,7,0,,1,,0,,,,,2
10408403,8,42409,NORMAL,REGULAR,Round 24,LEAGUE,2819,Villarreal,Visita,2ND,04/03/2023,24,2,66%,1.24,2,10,0,6,,240,7,6,4,,5,1,3,2,10,0,,2,2,,1,2,219,4,24,,14/21 (67%),4/15 (27%),56%,1,18/32 (56%),2/4 (50%),5/11 (45%),43%,7,1,,9,,0,,,,,3
10408548,8,42409,NORMAL,REGULAR,Round 25,LEAGUE,2833,Sevilla,Local,ALL,12/03/2023,25,2,56%,3.04,5,27,3,6,8,454,12,11,5,,5,0,16,6,18,9,1,4,0,,4,5,389,12,57,,37/60 (62%),11/32 (34%),58%,8,32/58 (55%),22/35 (63%),9/12 (75%),67%,12,12,,15,,3,0.58,,,,7
10408548,8,42409,NORMAL,REGULAR,Round 25,LEAGUE,2833,Sevilla,Local,1ST,12/03/2023,25,1,70%,1.43,1,17,0,5,,266,6,3,2,,3,0,9,5,9,8,1,0,0,,3,2,241,6,29,,22/29 (76%),5/24 (21%),58%,4,15/28 (54%),10/15 (67%),6/8 (75%),67%,6,5,,2,,0,,,,,1
10408548,8,42409,NORMAL,REGULAR,Round 25,LEAGUE,2833,Sevilla,Local,2ND,12/03/2023,25,1,44%,1.61,4,10,3,1,,188,6,8,3,,2,0,7,1,9,1,0,4,0,,1,3,148,6,28,,15/31 (48%),6/8 (75%),58%,4,17/30 (57%),12/20 (60%),3/4 (75%),67%,6,7,,13,,3,,,,,6
10408548,8,42409,NORMAL,REGULAR,Round 25,LEAGUE,2858,Almería,Visita,ALL,12/03/2023,25,1,44%,1.15,3,13,3,4,11,359,11,8,4,,5,0,5,3,8,5,0,3,1,,1,1,285,21,41,,26/57 (46%),4/16 (25%),42%,8,26/58 (45%),13/35 (37%),7/11 (64%),73%,11,9,,27,,3,-0.14,,,,15
10408548,8,42409,NORMAL,REGULAR,Round 25,LEAGUE,2858,Almería,Visita,1ST,12/03/2023,25,1,30%,0.17,0,2,2,0,,117,6,4,1,,1,0,0,1,2,0,0,0,0,,1,1,89,7,13,,10/25 (40%),1/4 (25%),42%,3,13/28 (46%),5/15 (33%),3/6 (50%),67%,6,6,,22,,2,,,,,9
10408548,8,42409,NORMAL,REGULAR,Round 25,LEAGUE,2858,Almería,Visita,2ND,12/03/2023,25,0,56%,0.98,3,11,1,4,,242,5,4,3,,4,0,5,2,6,5,0,3,1,,0,0,196,14,28,,16/32 (50%),3/12 (25%),42%,5,13/30 (43%),8/20 (40%),4/5 (80%),80%,5,3,,5,,1,,,,,6
10408551,8,42409,NORMAL,REGULAR,Round 26,LEAGUE,2858,Almería,Local,ALL,18/03/2023,26,1,67%,2.53,4,17,3,5,12,468,15,11,1,,5,1,8,4,12,5,1,3,0,,2,3,380,27,57,,30/57 (53%),7/30 (23%),50%,8,32/71 (45%),25/43 (58%),6/19 (32%),73%,15,6,,23,,3,0.19,,,,5
10408551,8,42409,NORMAL,REGULAR,Round 26,LEAGUE,2858,Almería,Local,1ST,18/03/2023,26,0,62%,1.03,1,11,1,5,,197,7,5,1,,4,1,5,2,8,3,0,1,0,,0,1,165,11,19,,13/24 (54%),5/18 (28%),42%,1,14/33 (42%),8/19 (42%),2/8 (25%),71%,7,2,,10,,1,,,,,1
10408551,8,42409,NORMAL,REGULAR,Round 26,LEAGUE,2858,Almería,Local,2ND,18/03/2023,26,1,72%,1.51,3,6,2,0,,271,8,6,0,,1,0,3,2,4,2,1,2,0,,2,2,215,16,38,,17/33 (52%),2/12 (17%),56%,7,18/38 (47%),17/24 (71%),4/11 (36%),75%,8,4,,13,,2,,,,,4
10408551,8,42409,NORMAL,REGULAR,Round 26,LEAGUE,4488,Cádiz,Visita,ALL,18/03/2023,26,1,33%,1.36,2,10,4,2,12,237,21,12,4,,4,0,3,3,5,5,1,1,2,,4,5,145,28,51,,16/58 (28%),1/8 (13%),50%,8,39/71 (55%),18/43 (42%),6/13 (46%),57%,21,2,,30,,4,0.68,,,,9
10408551,8,42409,NORMAL,REGULAR,Round 26,LEAGUE,4488,Cádiz,Visita,1ST,18/03/2023,26,0,38%,0.14,0,3,4,1,,129,7,9,1,,1,0,1,1,1,2,0,0,0,,3,3,85,13,25,,6/26 (23%),0/4 (0%),58%,3,19/33 (58%),11/19 (58%),3/7 (43%),71%,7,0,,11,,4,,,,,5
10408551,8,42409,NORMAL,REGULAR,Round 26,LEAGUE,4488,Cádiz,Visita,2ND,18/03/2023,26,1,28%,1.22,2,7,0,1,,108,14,3,3,,3,0,2,2,4,3,1,1,2,,1,2,60,15,26,,10/32 (31%),1/4 (25%),44%,5,20/38 (53%),7/24 (29%),3/6 (50%),50%,14,2,,19,,0,,,,,4
10408554,8,42409,NORMAL,REGULAR,Round 27,LEAGUE,2821,Celta Vigo,Local,ALL,02/04/2023,27,2,57%,2.03,2,21,1,4,13,508,18,12,3,,5,1,7,9,14,7,1,1,2,,1,3,425,25,67,,26/49 (53%),7/23 (30%),55%,6,40/70 (57%),12/24 (50%),10/12 (83%),50%,18,8,,9,,1,-1.05,,,,5
10408554,8,42409,NORMAL,REGULAR,Round 27,LEAGUE,2821,Celta Vigo,Local,1ST,02/04/2023,27,2,48%,0.98,1,9,1,3,,208,9,5,1,,3,0,2,4,5,4,1,0,1,,1,1,175,14,27,,12/18 (67%),3/8 (38%),64%,0,20/30 (67%),3/6 (50%),6/7 (86%),56%,9,5,,4,,1,,,,,2
10408554,8,42409,NORMAL,REGULAR,Round 27,LEAGUE,2821,Celta Vigo,Local,2ND,02/04/2023,27,0,65%,1.05,1,12,0,1,,300,9,7,2,,2,1,5,5,9,3,0,1,1,,0,2,250,11,40,,14/31 (45%),4/15 (27%),50%,6,20/40 (50%),9/18 (50%),4/5 (80%),44%,9,3,,5,,0,,,,,3
10408554,8,42409,NORMAL,REGULAR,Round 27,LEAGUE,2858,Almería,Visita,ALL,02/04/2023,27,2,43%,1.00,2,8,3,1,12,398,8,13,5,,3,0,3,2,6,2,0,2,0,,1,0,308,22,35,,26/59 (44%),2/6 (33%),45%,6,30/70 (43%),12/24 (50%),9/21 (43%),63%,8,15,,15,,3,-0.02,,,,13
10408554,8,42409,NORMAL,REGULAR,Round 27,LEAGUE,2858,Almería,Visita,1ST,02/04/2023,27,2,52%,0.40,0,5,1,1,,232,1,6,1,,3,0,1,1,4,1,0,0,0,,0,0,193,12,12,,14/27 (52%),2/3 (67%),36%,4,10/30 (33%),3/6 (50%),3/8 (38%),0%,1,7,,6,,1,,,,,3
10408554,8,42409,NORMAL,REGULAR,Round 27,LEAGUE,2858,Almería,Visita,2ND,02/04/2023,27,0,35%,0.59,2,3,2,0,,166,7,7,4,,0,0,2,1,2,1,0,2,0,,1,0,115,10,23,,12/32 (38%),0/3 (0%),50%,2,20/40 (50%),9/18 (50%),6/13 (46%),71%,7,8,,9,,2,,,,,10
10408420,8,42409,NORMAL,REGULAR,Round 28,LEAGUE,2858,Almería,Local,ALL,09/04/2023,28,2,40%,0.90,2,10,2,3,11,314,21,10,3,,4,0,3,3,6,4,1,1,0,,2,2,229,23,45,,18/49 (37%),3/8 (38%),50%,7,38/79 (48%),15/28 (54%),7/13 (54%),76%,21,5,,25,,2,-0.60,,,,13
10408420,8,42409,NORMAL,REGULAR,Round 28,LEAGUE,2858,Almería,Local,1ST,09/04/2023,28,0,45%,0.27,0,4,2,0,,187,7,4,3,,1,0,2,1,2,2,0,0,0,,1,0,144,13,28,,10/25 (40%),2/4 (50%),44%,3,14/35 (40%),7/13 (54%),3/7 (43%),43%,7,2,,9,,2,,,,,6
10408420,8,42409,NORMAL,REGULAR,Round 28,LEAGUE,2858,Almería,Local,2ND,09/04/2023,28,2,35%,0.62,2,6,0,3,,127,14,6,0,,3,0,1,2,4,2,1,1,0,,1,2,85,10,17,,8/24 (33%),1/4 (25%),54%,4,24/44 (55%),8/15 (53%),4/6 (67%),93%,14,3,,16,,0,,,,,7
10408420,8,42409,NORMAL,REGULAR,Round 28,LEAGUE,2828,Valencia,Visita,ALL,09/04/2023,28,1,60%,1.26,1,11,2,7,11,445,13,11,2,,4,0,5,2,7,4,0,1,1,,3,0,364,38,54,,19/43 (44%),7/43 (16%),50%,6,41/79 (52%),13/28 (46%),17/32 (53%),69%,13,2,,14,,2,-1.10,,,,5
10408420,8,42409,NORMAL,REGULAR,Round 28,LEAGUE,2828,Valencia,Visita,1ST,09/04/2023,28,0,55%,0.86,1,6,1,3,,227,7,4,1,,3,0,2,1,3,3,0,1,1,,1,0,183,20,29,,11/26 (42%),2/17 (12%),56%,1,21/35 (60%),6/13 (46%),10/16 (63%),86%,7,2,,4,,1,,,,,3
10408420,8,42409,NORMAL,REGULAR,Round 28,LEAGUE,2828,Valencia,Visita,2ND,09/04/2023,28,1,65%,0.41,0,5,1,4,,218,6,7,1,,1,0,3,1,4,1,0,0,0,,2,0,181,18,25,,8/17 (47%),5/26 (19%),46%,5,20/44 (45%),7/15 (47%),7/16 (44%),50%,6,0,,10,,1,,,,,2
10408429,8,42409,NORMAL,REGULAR,Round 29,LEAGUE,2836,Atlético Madrid,Local,ALL,16/04/2023,29,2,65%,2.33,3,19,0,9,7,650,17,7,3,,7,2,10,2,9,10,2,1,2,,3,6,577,18,69,,32/53 (60%),3/23 (13%),52%,5,33/66 (50%),6/9 (67%),9/20 (45%),76%,17,10,,9,,0,-0.87,,,,3
10408429,8,42409,NORMAL,REGULAR,Round 29,LEAGUE,2836,Atlético Madrid,Local,1ST,16/04/2023,29,2,64%,1.38,2,8,0,5,,344,9,4,0,,2,0,5,1,4,4,2,0,2,,1,5,321,12,29,,15/19 (79%),2/14 (14%),56%,4,17/33 (52%),3/3 (100%),4/9 (44%),89%,9,5,,1,,0,,,,,0
10408429,8,42409,NORMAL,REGULAR,Round 29,LEAGUE,2836,Atlético Madrid,Local,2ND,16/04/2023,29,0,65%,0.95,1,11,0,4,,306,8,3,3,,5,2,5,1,5,6,0,1,0,,2,1,256,6,40,,17/34 (50%),1/9 (11%),49%,1,16/33 (48%),3/6 (50%),5/11 (45%),63%,8,5,,8,,0,,,,,3
10408429,8,42409,NORMAL,REGULAR,Round 29,LEAGUE,2858,Almería,Visita,ALL,16/04/2023,29,1,35%,0.17,0,3,5,2,8,355,16,7,3,,1,0,2,0,3,0,0,0,1,,1,2,282,19,32,,28/53 (53%),5/11 (45%),48%,6,33/66 (50%),3/9 (33%),10/21 (48%),44%,16,8,,28,,5,0.63,,,,13
10408429,8,42409,NORMAL,REGULAR,Round 29,LEAGUE,2858,Almería,Visita,1ST,16/04/2023,29,1,36%,0.04,0,1,0,1,,194,9,2,1,,1,0,0,0,1,0,0,0,0,,0,0,168,6,10,,15/22 (68%),1/3 (33%),44%,4,16/33 (48%),0/3 (0%),5/10 (50%),33%,9,2,,13,,0,,,,,8
10408429,8,42409,NORMAL,REGULAR,Round 29,LEAGUE,2858,Almería,Visita,2ND,16/04/2023,29,0,35%,0.13,0,2,5,1,,161,7,5,2,,0,0,2,0,2,0,0,0,1,,1,2,114,13,22,,13/31 (42%),4/8 (50%),51%,2,17/33 (52%),3/6 (50%),5/11 (45%),57%,7,6,,15,,5,,,,,5
10408572,8,42409,NORMAL,REGULAR,Round 30,LEAGUE,2858,Almería,Local,ALL,22/04/2023,30,1,53%,0.78,0,12,1,3,8,462,16,18,2,,4,0,5,3,6,6,0,0,0,,5,2,366,28,51,,31/59 (53%),7/28 (25%),46%,7,39/72 (54%),11/36 (31%),5/13 (38%),50%,16,8,,19,,1,-0.69,,,,11
10408572,8,42409,NORMAL,REGULAR,Round 30,LEAGUE,2858,Almería,Local,1ST,22/04/2023,30,0,50%,0.33,0,5,0,1,,239,4,6,0,,2,0,2,1,3,2,0,0,0,,0,1,183,14,21,,9/22 (41%),3/8 (38%),41%,2,10/21 (48%),3/11 (27%),0/4 (0%),25%,4,5,,8,,0,,,,,8
10408572,8,42409,NORMAL,REGULAR,Round 30,LEAGUE,2858,Almería,Local,2ND,22/04/2023,30,1,56%,0.44,0,7,1,2,,223,12,12,2,,2,0,3,2,3,4,0,0,0,,5,1,183,14,30,,22/37 (59%),4/20 (20%),49%,5,29/51 (57%),8/25 (32%),5/9 (56%),58%,12,3,,11,,1,,,,,3
10408572,8,42409,NORMAL,REGULAR,Round 30,LEAGUE,2825,Athletic Club,Visita,ALL,22/04/2023,30,2,47%,1.73,4,14,3,4,20,421,15,8,4,,3,1,9,2,9,5,1,3,2,,2,1,336,18,61,,33/56 (59%),5/16 (31%),54%,8,33/72 (46%),25/36 (69%),10/18 (56%),67%,15,10,,25,,3,-0.14,,,,6
10408572,8,42409,NORMAL,REGULAR,Round 30,LEAGUE,2825,Athletic Club,Visita,1ST,22/04/2023,30,1,50%,0.74,1,6,2,2,,239,6,2,1,,1,0,5,0,3,3,0,1,1,,0,1,191,9,34,,16/27 (59%),3/9 (33%),59%,2,11/21 (52%),8/11 (73%),3/5 (60%),67%,6,4,,7,,2,,,,,2
10408572,8,42409,NORMAL,REGULAR,Round 30,LEAGUE,2825,Athletic Club,Visita,2ND,22/04/2023,30,1,44%,0.99,3,8,1,2,,182,9,6,3,,2,1,4,2,6,2,1,2,1,,2,0,145,9,27,,17/29 (59%),2/7 (29%),51%,6,22/51 (43%),17/25 (68%),7/13 (54%),67%,9,6,,18,,1,,,,,4
10408443,8,42409,NORMAL,REGULAR,Round 31,LEAGUE,2859,Getafe,Local,ALL,26/04/2023,31,1,45%,1.61,3,21,9,4,15,370,12,9,2,1,9,0,9,3,15,6,1,2,1,,1,5,254,23,94,,45/84 (54%),9/31 (29%),57%,6,38/76 (50%),41/63 (65%),17/23 (74%),83%,12,8,,13,,9,0.88,,,,10
10408443,8,42409,NORMAL,REGULAR,Round 31,LEAGUE,2859,Getafe,Local,1ST,26/04/2023,31,0,48%,0.53,1,8,2,1,,184,9,5,1,1,5,0,2,1,5,3,0,1,0,,1,2,122,10,47,,18/39 (46%),5/16 (31%),62%,2,25/45 (56%),23/33 (70%),11/15 (73%),100%,9,4,,9,,2,,,,,5
10408443,8,42409,NORMAL,REGULAR,Round 31,LEAGUE,2859,Getafe,Local,2ND,26/04/2023,31,1,43%,1.08,2,13,7,3,,186,3,4,1,0,4,0,7,2,10,3,1,1,1,,0,3,132,13,47,,27/45 (60%),4/15 (27%),51%,4,13/31 (42%),18/30 (60%),6/8 (75%),33%,3,4,,4,,7,,,,,5
10408443,8,42409,NORMAL,REGULAR,Round 31,LEAGUE,2858,Almería,Visita,ALL,26/04/2023,31,2,55%,1.95,3,23,8,6,9,464,12,15,2,0,11,0,8,4,12,11,1,2,0,,3,1,360,16,51,,35/79 (44%),3/13 (23%),43%,4,38/76 (50%),22/63 (35%),12/20 (60%),58%,12,7,,27,,8,0.89,,,,11
10408443,8,42409,NORMAL,REGULAR,Round 31,LEAGUE,2858,Almería,Visita,1ST,26/04/2023,31,1,52%,0.31,0,7,5,3,,206,6,10,1,0,3,0,4,0,2,5,0,0,0,,2,1,149,11,28,,14/42 (33%),1/7 (14%),38%,4,20/45 (44%),10/33 (30%),5/10 (50%),50%,6,1,,9,,5,,,,,2
10408443,8,42409,NORMAL,REGULAR,Round 31,LEAGUE,2858,Almería,Visita,2ND,26/04/2023,31,1,57%,1.63,3,16,3,3,,258,6,5,1,0,8,0,4,4,10,6,1,2,0,,1,0,211,5,23,,21/37 (57%),2/6 (33%),49%,0,18/31 (58%),12/30 (40%),7/10 (70%),67%,6,6,,18,,3,,,,,9
10408446,8,42409,NORMAL,REGULAR,Round 32,LEAGUE,2829,Real Madrid,Local,ALL,29/04/2023,32,4,68%,2.83,5,15,1,7,12,679,15,16,2,,8,3,4,3,8,7,3,2,1,,7,8,630,16,68,,21/29 (72%),4/21 (19%),56%,6,45/82 (55%),3/4 (75%),14/23 (61%),67%,15,10,,5,,1,-0.42,,,,5
10408446,8,42409,NORMAL,REGULAR,Round 32,LEAGUE,2829,Real Madrid,Local,1ST,29/04/2023,32,3,70%,1.95,3,6,1,3,,341,9,9,1,,5,0,0,1,5,1,3,0,0,,4,4,315,10,30,,9/11 (82%),3/12 (25%),59%,5,29/49 (59%),1/2 (50%),11/17 (65%),78%,9,5,,2,,1,,,,,3
10408446,8,42409,NORMAL,REGULAR,Round 32,LEAGUE,2829,Real Madrid,Local,2ND,29/04/2023,32,1,66%,0.88,2,9,0,4,,338,6,7,1,,3,3,4,2,3,6,0,2,1,,3,4,315,6,38,,12/18 (67%),1/9 (11%),51%,1,16/33 (48%),2/2 (100%),3/6 (50%),50%,6,5,,3,,0,,,,,2
10408446,8,42409,NORMAL,REGULAR,Round 32,LEAGUE,2858,Almería,Visita,ALL,29/04/2023,32,2,32%,1.34,2,9,4,0,16,316,15,11,2,,3,0,5,1,6,3,2,0,1,,1,0,266,14,29,,7/21 (33%),3/8 (38%),44%,6,37/82 (45%),1/4 (25%),11/20 (55%),67%,15,8,,17,,4,-1.14,,,,10
10408446,8,42409,NORMAL,REGULAR,Round 32,LEAGUE,2858,Almería,Visita,1ST,29/04/2023,32,1,30%,1.06,1,5,2,0,,146,11,2,0,,2,0,3,0,4,1,1,0,1,,0,0,120,10,17,,2/10 (20%),2/3 (67%),41%,4,20/49 (41%),1/2 (50%),7/12 (58%),55%,11,4,,12,,2,,,,,1
10408446,8,42409,NORMAL,REGULAR,Round 32,LEAGUE,2858,Almería,Visita,2ND,29/04/2023,32,1,34%,0.28,1,4,2,0,,170,4,9,2,,1,0,2,1,2,2,1,0,0,,1,0,146,4,12,,5/11 (45%),1/5 (20%),49%,2,17/33 (52%),0/2 (0%),4/8 (50%),100%,4,4,,5,,2,,,,,9
10408587,8,42409,NORMAL,REGULAR,Round 33,LEAGUE,2858,Almería,Local,ALL,02/05/2023,33,2,47%,1.72,4,10,0,7,8,372,16,8,2,,4,1,6,0,7,3,2,2,,,1,2,296,14,50,,48/80 (60%),4/14 (29%),51%,8,37/75 (49%),17/30 (57%),13/24 (54%),63%,16,5,,33,,0,-0.77,,,,13
10408587,8,42409,NORMAL,REGULAR,Round 33,LEAGUE,2858,Almería,Local,1ST,02/05/2023,33,1,49%,0.63,1,3,0,4,,185,7,4,0,,1,0,2,0,3,0,1,0,,,0,1,149,7,24,,25/44 (57%),2/6 (33%),54%,1,14/26 (54%),8/15 (53%),3/7 (43%),57%,7,0,,14,,0,,,,,8
10408587,8,42409,NORMAL,REGULAR,Round 33,LEAGUE,2858,Almería,Local,2ND,02/05/2023,33,1,44%,1.09,3,7,0,3,,187,9,4,2,,3,1,4,0,4,3,1,2,,,1,1,147,7,26,,23/36 (64%),2/8 (25%),50%,7,23/49 (47%),9/15 (60%),10/17 (59%),67%,9,5,,19,,0,,,,,5
10408587,8,42409,NORMAL,REGULAR,Round 33,LEAGUE,2846,Elche,Visita,ALL,02/05/2023,33,1,53%,0.98,1,14,2,13,9,412,19,8,2,,1,0,10,3,11,3,1,0,,,1,2,324,22,59,,29/62 (47%),10/34 (29%),49%,5,38/75 (51%),13/30 (43%),11/22 (50%),74%,19,9,,13,,2,-0.89,,,,7
10408587,8,42409,NORMAL,REGULAR,Round 33,LEAGUE,2846,Elche,Visita,1ST,02/05/2023,33,0,51%,0.59,0,7,0,5,,184,5,3,1,,0,0,7,0,7,0,0,0,,,1,1,146,10,29,,12/30 (40%),4/12 (33%),46%,1,12/26 (46%),7/15 (47%),4/10 (40%),80%,5,4,,4,,0,,,,,3
10408587,8,42409,NORMAL,REGULAR,Round 33,LEAGUE,2846,Elche,Visita,2ND,02/05/2023,33,1,56%,0.39,1,7,2,8,,228,14,5,1,,1,0,3,3,4,3,1,0,,,0,1,178,12,30,,17/32 (53%),6/22 (27%),50%,4,26/49 (53%),6/15 (40%),7/12 (58%),71%,14,5,,9,,2,,,,,4
10408593,8,42409,NORMAL,REGULAR,Round 34,LEAGUE,2820,Osasuna,Local,ALL,13/05/2023,34,3,56%,1.90,2,18,2,4,7,514,16,7,,,7,1,6,5,9,9,2,0,1,,2,4,433,22,64,,31/57 (54%),2/21 (10%),55%,8,37/69 (54%),10/17 (59%),14/27 (52%),50%,16,8,,10,,2,-0.19,,,,6
10408593,8,42409,NORMAL,REGULAR,Round 34,LEAGUE,2820,Osasuna,Local,1ST,13/05/2023,34,0,56%,0.56,0,7,0,1,,240,8,5,,,1,0,4,2,3,4,0,0,0,,1,2,194,13,34,,11/24 (46%),1/12 (8%),55%,4,21/39 (54%),6/10 (60%),8/14 (57%),63%,8,5,,2,,0,,,,,4
10408593,8,42409,NORMAL,REGULAR,Round 34,LEAGUE,2820,Osasuna,Local,2ND,13/05/2023,34,3,57%,1.34,2,11,2,3,,274,8,2,,,6,1,2,3,6,5,2,0,1,,1,2,239,9,30,,20/33 (61%),1/9 (11%),54%,4,16/30 (53%),4/7 (57%),6/13 (46%),38%,8,3,,8,,2,,,,,2
10408593,8,42409,NORMAL,REGULAR,Round 34,LEAGUE,2858,Almería,Visita,ALL,13/05/2023,34,1,44%,0.49,1,8,4,1,7,389,21,7,,,3,0,3,2,2,6,0,1,1,,1,2,304,19,53,,18/50 (36%),2/19 (11%),45%,7,32/69 (46%),7/17 (41%),4/13 (31%),52%,21,15,,18,,4,-0.53,,,,9
10408593,8,42409,NORMAL,REGULAR,Round 34,LEAGUE,2858,Almería,Visita,1ST,13/05/2023,34,0,44%,0.04,0,2,1,0,,187,10,6,,,0,0,1,1,0,2,0,0,0,,1,1,141,8,25,,11/30 (37%),1/8 (13%),45%,5,18/39 (46%),4/10 (40%),2/5 (40%),50%,10,10,,12,,1,,,,,5
10408593,8,42409,NORMAL,REGULAR,Round 34,LEAGUE,2858,Almería,Visita,2ND,13/05/2023,34,1,43%,0.45,1,6,3,1,,202,11,1,,,3,0,2,1,2,4,0,1,1,,0,1,163,11,28,,7/20 (35%),1/11 (9%),46%,2,14/30 (47%),3/7 (43%),2/8 (25%),55%,11,5,,6,,3,,,,,4
10408590,8,42409,NORMAL,REGULAR,Round 35,LEAGUE,2858,Almería,Local,ALL,20/05/2023,35,3,54%,1.83,3,12,3,4,11,412,16,15,1,,3,0,4,5,6,6,2,1,1,,1,1,341,19,53,,19/46 (41%),4/16 (25%),47%,7,40/83 (48%),14/33 (42%),9/23 (39%),75%,16,5,,22,,3,0.24,,,,7
10408590,8,42409,NORMAL,REGULAR,Round 35,LEAGUE,2858,Almería,Local,1ST,20/05/2023,35,2,58%,0.89,1,9,2,4,,194,6,5,1,,2,0,2,5,4,5,1,0,0,,0,0,164,10,27,,8/18 (44%),4/12 (33%),43%,3,13/35 (37%),8/14 (57%),2/9 (22%),50%,6,2,,7,,2,,,,,3
10408590,8,42409,NORMAL,REGULAR,Round 35,LEAGUE,2858,Almería,Local,2ND,20/05/2023,35,1,51%,0.94,2,3,1,0,,218,10,10,0,,1,0,2,0,2,1,1,1,1,,1,1,177,9,26,,11/28 (39%),0/4 (0%),49%,4,27/48 (56%),6/19 (32%),7/14 (50%),90%,10,3,,15,,1,,,,,4
10408590,8,42409,NORMAL,REGULAR,Round 35,LEAGUE,2826,Mallorca,Visita,ALL,20/05/2023,35,0,46%,0.75,0,7,0,6,15,344,21,10,2,,3,0,3,1,4,3,0,0,0,,4,3,270,20,49,,34/57 (60%),3/22 (14%),53%,8,43/83 (52%),19/33 (58%),12/20 (60%),57%,21,4,,11,,0,-1.32,,,,4
10408590,8,42409,NORMAL,REGULAR,Round 35,LEAGUE,2826,Mallorca,Visita,1ST,20/05/2023,35,0,42%,0.45,0,4,0,2,,145,10,6,0,,2,0,1,1,2,2,0,0,0,,2,2,116,9,19,,15/24 (63%),1/9 (11%),57%,2,22/35 (63%),6/14 (43%),6/10 (60%),70%,10,1,,10,,0,,,,,1
10408590,8,42409,NORMAL,REGULAR,Round 35,LEAGUE,2826,Mallorca,Visita,2ND,20/05/2023,35,0,49%,0.31,0,3,0,4,,199,11,4,2,,1,0,2,0,2,1,0,0,0,,2,1,154,11,30,,19/33 (58%),2/13 (15%),51%,6,21/48 (44%),13/19 (68%),6/10 (60%),45%,11,3,,1,,0,,,,,3
10408271,8,42409,NORMAL,REGULAR,Round 36,LEAGUE,2824,Real Sociedad,Local,ALL,23/05/2023,36,1,73%,1.85,3,15,2,10,20,578,11,8,0,0,2,1,10,3,11,4,,3,,,2,3,498,22,85,,16/36 (44%),5/24 (21%),54%,2,28/57 (49%),23/37 (62%),9/13 (69%),73%,11,4,,9,,2,0.69,,,,2
10408271,8,42409,NORMAL,REGULAR,Round 36,LEAGUE,2824,Real Sociedad,Local,1ST,23/05/2023,36,1,72%,0.94,2,6,1,3,,289,4,6,0,0,1,0,4,1,6,0,,2,,,2,3,249,13,38,,7/17 (41%),3/12 (25%),53%,1,12/25 (48%),9/15 (60%),2/3 (67%),50%,4,3,,6,,1,,,,,2
10408271,8,42409,NORMAL,REGULAR,Round 36,LEAGUE,2824,Real Sociedad,Local,2ND,23/05/2023,36,0,73%,0.92,1,9,1,7,,289,7,2,0,0,1,1,6,2,5,4,,1,,,0,0,249,9,47,,9/19 (47%),2/12 (17%),56%,1,16/32 (50%),14/22 (64%),7/10 (70%),86%,7,1,,3,,1,,,,,0
10408271,8,42409,NORMAL,REGULAR,Round 36,LEAGUE,2858,Almería,Visita,ALL,23/05/2023,36,0,27%,0.11,0,2,1,2,8,224,6,19,1,1,2,0,0,0,2,0,,0,,,1,4,134,17,47,,19/68 (28%),0/5 (0%),46%,5,29/57 (51%),14/37 (38%),4/10 (40%),83%,6,5,,24,,1,-0.52,,,,17
10408271,8,42409,NORMAL,REGULAR,Round 36,LEAGUE,2858,Almería,Visita,1ST,23/05/2023,36,0,28%,0.04,0,1,0,2,,114,2,10,0,1,1,0,0,0,1,0,,0,,,0,2,70,9,19,,9/31 (29%),0/4 (0%),47%,2,13/25 (52%),6/15 (40%),1/3 (33%),100%,2,1,,14,,0,,,,,7
10408271,8,42409,NORMAL,REGULAR,Round 36,LEAGUE,2858,Almería,Visita,2ND,23/05/2023,36,0,27%,0.07,0,1,1,0,,110,4,9,1,0,1,0,0,0,1,0,,0,,,1,2,64,8,28,,10/37 (27%),0/1 (0%),44%,3,16/32 (50%),8/22 (36%),3/7 (43%),75%,4,4,,10,,1,,,,,10
10408280,8,42409,NORMAL,REGULAR,Round 37,LEAGUE,2858,Almería,Local,ALL,28/05/2023,37,0,49%,1.68,2,23,2,2,11,366,21,16,0,,7,1,10,6,16,7,,2,,,3,0,283,25,57,,34/60 (57%),6/20 (30%),59%,9,50/84 (60%),20/34 (59%),13/20 (65%),48%,21,7,,20,,2,0.69,,,,3
10408280,8,42409,NORMAL,REGULAR,Round 37,LEAGUE,2858,Almería,Local,1ST,28/05/2023,37,0,51%,1.08,1,12,0,2,,194,16,3,0,,4,0,4,4,9,3,,1,,,1,0,157,15,23,,20/27 (74%),4/13 (31%),57%,4,22/42 (52%),10/14 (71%),3/8 (38%),56%,16,1,,6,,0,,,,,1
10408280,8,42409,NORMAL,REGULAR,Round 37,LEAGUE,2858,Almería,Local,2ND,28/05/2023,37,0,46%,0.60,1,11,2,0,,172,5,13,0,,3,1,6,2,7,4,,1,,,2,0,126,10,34,,14/33 (42%),2/7 (29%),61%,5,28/42 (67%),10/20 (50%),10/12 (83%),20%,5,6,,14,,2,,,,,2
10408280,8,42409,NORMAL,REGULAR,Round 37,LEAGUE,2831,Real Valladolid,Visita,ALL,28/05/2023,37,0,51%,0.47,0,8,7,4,16,388,16,10,4,,2,0,2,4,5,3,,0,,,1,7,304,20,59,,28/64 (44%),2/20 (10%),41%,8,34/84 (40%),14/34 (41%),8/21 (38%),69%,16,1,,17,,7,0.87,,,,14
10408280,8,42409,NORMAL,REGULAR,Round 37,LEAGUE,2831,Real Valladolid,Visita,1ST,28/05/2023,37,0,49%,0.07,0,1,4,1,,188,9,5,0,,0,0,1,0,0,1,,0,,,0,6,153,9,31,,11/29 (38%),0/10 (0%),43%,6,20/42 (48%),4/14 (29%),6/16 (38%),78%,9,1,,10,,4,,,,,6
10408280,8,42409,NORMAL,REGULAR,Round 37,LEAGUE,2831,Real Valladolid,Visita,2ND,28/05/2023,37,0,54%,0.40,0,7,3,3,,200,7,5,4,,2,0,1,4,5,2,,0,,,1,1,151,11,28,,17/35 (49%),2/10 (20%),39%,2,14/42 (33%),10/20 (50%),2/5 (40%),57%,7,0,,7,,3,,,,,8
10408317,8,42409,NORMAL,REGULAR,Round 38,LEAGUE,2814,Espanyol,Local,ALL,04/06/2023,38,3,63%,0.59,0,12,1,7,11,458,21,11,2,,8,0,3,1,7,5,0,0,0,,1,2,395,20,61,,23/39 (59%),2/29 (7%),49%,3,43/76 (57%),9/31 (29%),11/21 (52%),81%,21,4,53,16,,1,-1.16,,,,6
10408317,8,42409,NORMAL,REGULAR,Round 38,LEAGUE,2814,Espanyol,Local,1ST,04/06/2023,38,1,58%,0.29,0,7,1,3,,202,8,7,2,,6,0,1,0,3,4,0,0,0,,0,1,170,12,22,,9/17 (53%),0/13 (0%),48%,1,18/31 (58%),5/17 (29%),3/7 (43%),88%,8,4,29,12,,1,,,,,3
10408317,8,42409,NORMAL,REGULAR,Round 38,LEAGUE,2814,Espanyol,Local,2ND,04/06/2023,38,2,68%,0.30,0,5,0,4,,256,13,4,0,,2,0,2,1,4,1,0,0,0,,1,1,225,8,39,,14/22 (64%),2/16 (13%),49%,2,25/45 (56%),4/14 (29%),8/14 (57%),77%,13,0,24,4,,0,,,,,3
10408317,8,42409,NORMAL,REGULAR,Round 38,LEAGUE,2858,Almería,Visita,ALL,04/06/2023,38,3,37%,1.79,3,11,5,5,12,264,13,11,4,,4,0,4,3,8,3,2,1,2,,4,0,201,18,42,,18/45 (40%),6/19 (32%),51%,13,33/76 (43%),22/31 (71%),9/17 (53%),38%,13,11,53,34,,5,-1.37,,,,5
10408317,8,42409,NORMAL,REGULAR,Round 38,LEAGUE,2858,Almería,Visita,1ST,04/06/2023,38,1,42%,0.23,0,4,5,3,,142,5,5,2,,2,0,1,1,2,2,0,0,1,,2,0,108,11,22,,9/25 (36%),3/14 (21%),52%,5,13/31 (42%),12/17 (71%),3/6 (50%),40%,5,4,32,12,,5,,,,,3
10408317,8,42409,NORMAL,REGULAR,Round 38,LEAGUE,2858,Almería,Visita,2ND,04/06/2023,38,2,32%,1.57,3,7,0,2,,122,8,6,2,,2,0,3,2,6,1,2,1,1,,2,0,93,7,20,,9/20 (45%),3/5 (60%),51%,8,20/45 (44%),10/14 (71%),6/11 (55%),38%,8,7,21,22,,0,,,,,2
11369285,8,52376,NORMAL,REGULAR,Round 1,LEAGUE,2858,Almería,Local,ALL,11/08/2023,1,0,60%,1.39,2,19,2,8,16,480,17,25,1,,5,0,11,3,12,7,0,2,1,,0,1,422,19,51,,35/52 (67%),4/26 (15%),54%,3,54/91 (59%),11/29 (38%),12/28 (43%),71%,17,4,54,14,,2,0.05,,,,2
11369285,8,52376,NORMAL,REGULAR,Round 1,LEAGUE,2858,Almería,Local,1ST,11/08/2023,1,0,59%,1.03,2,7,2,2,,238,6,12,0,,2,0,5,0,5,2,0,2,1,,0,1,204,10,22,,21/30 (70%),1/5 (20%),59%,1,23/38 (61%),7/13 (54%),5/13 (38%),67%,6,2,27,11,,2,,,,,2
11369285,8,52376,NORMAL,REGULAR,Round 1,LEAGUE,2858,Almería,Local,2ND,11/08/2023,1,0,62%,0.36,0,12,0,6,,242,11,13,1,,3,0,6,3,7,5,0,0,0,,0,0,218,9,29,,14/22 (64%),3/21 (14%),51%,2,31/53 (58%),4/16 (25%),7/15 (47%),73%,11,2,27,3,,0,,,,,0
11369285,8,52376,NORMAL,REGULAR,Round 1,LEAGUE,2818,Rayo Vallecano,Visita,ALL,11/08/2023,1,2,40%,2.07,2,10,5,3,25,329,19,14,3,,4,0,2,4,6,4,2,0,0,,4,1,255,14,48,,30/63 (48%),3/8 (38%),46%,9,37/91 (41%),18/29 (62%),4/12 (33%),53%,19,10,48,27,,5,0.64,,,,9
11369285,8,52376,NORMAL,REGULAR,Round 1,LEAGUE,2818,Rayo Vallecano,Visita,1ST,11/08/2023,1,2,41%,1.97,2,7,2,2,,166,9,5,1,,4,0,2,1,5,2,2,0,0,,3,1,121,7,28,,10/32 (31%),2/5 (40%),41%,1,15/38 (39%),6/13 (46%),1/6 (17%),56%,9,3,28,6,,2,,,,,3
11369285,8,52376,NORMAL,REGULAR,Round 1,LEAGUE,2818,Rayo Vallecano,Visita,2ND,11/08/2023,1,0,38%,0.09,0,3,3,1,,163,10,9,2,,0,0,0,3,1,2,0,0,0,,1,0,134,7,20,,20/31 (65%),1/3 (33%),49%,8,22/53 (42%),12/16 (75%),3/6 (50%),50%,10,7,20,21,,3,,,,,6
11368609,8,52376,NORMAL,REGULAR,Round 2,LEAGUE,2858,Almería,Local,ALL,19/08/2023,2,1,43%,1.34,3,20,6,4,10,428,17,13,1,,8,0,8,4,13,7,1,2,0,,1,1,367,10,37,,29/43 (67%),12/26 (46%),53%,6,39/74 (53%),10/18 (56%),9/17 (53%),47%,17,11,45,20,,6,-0.02,,,,13
11368609,8,52376,NORMAL,REGULAR,Round 2,LEAGUE,2858,Almería,Local,1ST,19/08/2023,2,1,34%,1.05,3,13,4,3,,150,6,4,0,,6,0,4,3,8,5,1,2,0,,1,1,118,4,10,,12/24 (50%),4/11 (36%),45%,3,13/27 (48%),4/11 (36%),3/5 (60%),33%,6,5,21,14,,4,,,,,7
11368609,8,52376,NORMAL,REGULAR,Round 2,LEAGUE,2858,Almería,Local,2ND,19/08/2023,2,0,51%,0.29,0,7,2,1,,278,11,9,1,,2,0,4,1,5,2,0,0,0,,0,0,249,6,27,,17/19 (89%),8/15 (53%),59%,3,26/47 (55%),6/7 (86%),6/12 (50%),55%,11,6,24,6,,2,,,,,6
11368609,8,52376,NORMAL,REGULAR,Round 2,LEAGUE,2829,Real Madrid,Visita,ALL,19/08/2023,2,3,57%,2.06,4,25,7,5,13,567,14,9,0,,9,0,11,5,18,7,2,2,1,,4,4,518,19,58,,21/32 (66%),6/26 (23%),47%,6,35/74 (47%),8/18 (44%),12/23 (52%),57%,14,10,44,18,,7,1.07,,,,10
11368609,8,52376,NORMAL,REGULAR,Round 2,LEAGUE,2829,Real Madrid,Visita,1ST,19/08/2023,2,1,66%,0.68,1,14,5,4,,295,5,7,0,,5,0,4,5,9,5,1,0,0,,4,2,268,11,30,,12/15 (80%),5/19 (26%),55%,2,14/27 (52%),7/11 (64%),2/6 (33%),60%,5,3,22,6,,5,,,,,3
11368609,8,52376,NORMAL,REGULAR,Round 2,LEAGUE,2829,Real Madrid,Visita,2ND,19/08/2023,2,2,49%,1.38,3,11,2,1,,272,9,2,0,,4,0,7,0,9,2,1,2,1,,0,2,250,8,28,,9/17 (53%),1/7 (14%),41%,4,21/47 (45%),1/7 (14%),10/17 (59%),56%,9,7,22,12,,2,,,,,7
11368612,8,52376,NORMAL,REGULAR,Round 3,LEAGUE,4488,Cádiz,Local,ALL,26/08/2023,3,1,52%,1.58,1,11,1,7,16,345,11,22,0,1,3,0,4,4,7,4,1,,1,,4,0,266,15,58,,28/56 (50%),11/30 (37%),52%,9,39/77 (51%),19/35 (54%),6/9 (67%),73%,11,3,59,16,,1,-0.23,,,,2
11368612,8,52376,NORMAL,REGULAR,Round 3,LEAGUE,4488,Cádiz,Local,1ST,26/08/2023,3,0,43%,0.20,0,5,0,3,,163,4,11,0,0,1,0,4,0,2,3,0,,1,,0,0,119,11,28,,12/25 (48%),2/12 (17%),50%,4,18/36 (50%),9/18 (50%),3/5 (60%),25%,4,3,35,9,,0,,,,,0
11368612,8,52376,NORMAL,REGULAR,Round 3,LEAGUE,4488,Cádiz,Local,2ND,26/08/2023,3,1,64%,1.38,1,6,1,4,,182,7,11,0,1,2,0,0,4,5,1,1,,0,,4,0,147,4,30,,16/31 (52%),9/18 (50%),53%,5,21/41 (51%),10/17 (59%),3/4 (75%),100%,7,0,24,7,,1,,,,,2
11368612,8,52376,NORMAL,REGULAR,Round 3,LEAGUE,2858,Almería,Visita,ALL,26/08/2023,3,1,48%,0.26,0,5,2,3,22,332,12,16,5,1,2,0,2,1,3,2,0,,0,,2,1,252,15,39,,13/45 (29%),3/13 (23%),48%,2,38/77 (49%),16/35 (46%),10/19 (53%),67%,12,14,55,18,,2,0.14,,,,9
11368612,8,52376,NORMAL,REGULAR,Round 3,LEAGUE,2858,Almería,Visita,1ST,26/08/2023,3,0,57%,0.06,0,2,1,3,,224,6,5,2,0,0,0,1,1,1,1,0,,0,,0,0,179,6,23,,7/24 (29%),2/8 (25%),50%,1,18/36 (50%),9/18 (50%),7/10 (70%),100%,6,6,31,10,,1,,,,,6
11368612,8,52376,NORMAL,REGULAR,Round 3,LEAGUE,2858,Almería,Visita,2ND,26/08/2023,3,1,36%,0.20,0,3,1,0,,108,6,11,3,1,2,0,1,0,2,1,0,,0,,2,1,73,9,16,,6/21 (29%),1/5 (20%),47%,1,20/41 (49%),7/17 (41%),3/9 (33%),33%,6,8,24,8,,1,,,,,3
11369295,8,52376,NORMAL,REGULAR,Round 4,LEAGUE,2858,Almería,Local,ALL,01/09/2023,4,2,63%,2.98,6,16,4,6,9,611,24,9,1,,5,0,8,3,11,5,2,4,2,,1,1,540,26,60,,25/40 (63%),5/29 (17%),59%,7,49/85 (58%),15/23 (65%),16/27 (59%),58%,24,9,49,13,,4,-0.66,,,,8
11369295,8,52376,NORMAL,REGULAR,Round 4,LEAGUE,2858,Almería,Local,1ST,01/09/2023,4,0,64%,0.92,3,5,1,4,,291,13,4,1,,1,0,4,0,5,0,0,3,1,,0,1,261,19,17,,12/19 (63%),2/12 (17%),59%,4,26/45 (58%),6/9 (67%),9/16 (56%),46%,13,4,18,5,,1,,,,,2
11369295,8,52376,NORMAL,REGULAR,Round 4,LEAGUE,2858,Almería,Local,2ND,01/09/2023,4,2,62%,2.07,3,11,3,2,,320,11,5,0,,4,0,4,3,6,5,2,1,1,,1,0,279,7,43,,13/21 (62%),3/17 (18%),59%,3,23/40 (57%),9/14 (64%),7/11 (64%),73%,11,5,31,8,,3,,,,,6
11369295,8,52376,NORMAL,REGULAR,Round 4,LEAGUE,2821,Celta Vigo,Visita,ALL,01/09/2023,4,3,37%,1.54,2,14,3,5,9,346,18,8,1,,8,0,4,2,12,2,2,0,1,,2,3,273,24,60,,17/41 (41%),9/23 (39%),41%,10,36/85 (42%),8/23 (35%),10/24 (42%),56%,18,9,52,29,,3,0.31,,,,9
11369295,8,52376,NORMAL,REGULAR,Round 4,LEAGUE,2821,Celta Vigo,Visita,1ST,01/09/2023,4,2,36%,0.61,1,7,1,1,,159,11,5,0,,3,0,2,2,6,1,1,0,0,,1,2,127,14,19,,7/17 (41%),4/8 (50%),41%,6,19/45 (42%),3/9 (33%),3/10 (30%),45%,11,4,19,15,,1,,,,,3
11369295,8,52376,NORMAL,REGULAR,Round 4,LEAGUE,2821,Celta Vigo,Visita,2ND,01/09/2023,4,1,38%,0.92,1,7,2,4,,187,7,3,1,,5,0,2,0,6,1,1,0,1,,1,1,146,10,41,,10/24 (42%),5/15 (33%),41%,4,17/40 (43%),5/14 (36%),7/14 (50%),71%,7,5,33,14,,2,,,,,6
11369310,8,52376,NORMAL,REGULAR,Round 5,LEAGUE,2819,Villarreal,Local,ALL,17/09/2023,5,2,63%,0.90,3,10,6,6,16,497,18,6,2,,4,0,2,4,9,1,2,1,0,,1,1,429,13,64,,25/45 (56%),5/25 (20%),45%,9,31/74 (42%),15/29 (52%),7/16 (44%),33%,18,4,56,13,,6,1.00,,,,13
11369310,8,52376,NORMAL,REGULAR,Round 5,LEAGUE,2819,Villarreal,Local,1ST,17/09/2023,5,1,65%,0.37,2,4,2,4,,273,7,2,1,,1,0,1,2,4,0,1,1,0,,0,0,233,8,35,,15/25 (60%),2/13 (15%),42%,4,13/35 (37%),7/13 (54%),4/8 (50%),57%,7,2,27,4,,2,,,,,3
11369310,8,52376,NORMAL,REGULAR,Round 5,LEAGUE,2819,Villarreal,Local,2ND,17/09/2023,5,1,60%,0.53,1,6,4,2,,224,11,4,1,,3,0,1,2,5,1,1,0,0,,1,1,196,5,29,,10/20 (50%),3/12 (25%),47%,5,18/39 (46%),8/16 (50%),3/8 (38%),18%,11,2,29,9,,4,,,,,10
11369310,8,52376,NORMAL,REGULAR,Round 5,LEAGUE,2858,Almería,Visita,ALL,17/09/2023,5,1,37%,1.51,3,17,2,6,6,295,18,16,3,,7,0,8,2,10,7,1,2,2,,2,1,224,18,37,,15/47 (32%),2/14 (14%),55%,10,43/74 (58%),14/29 (48%),10/18 (56%),56%,18,8,59,21,,2,-0.41,,,,6
11369310,8,52376,NORMAL,REGULAR,Round 5,LEAGUE,2858,Almería,Visita,1ST,17/09/2023,5,1,35%,0.63,1,6,0,1,,151,8,7,0,,3,0,2,1,6,0,1,0,1,,1,1,115,9,14,,5/21 (24%),2/6 (33%),58%,4,22/35 (63%),6/13 (46%),7/10 (70%),75%,8,7,28,12,,0,,,,,4
11369310,8,52376,NORMAL,REGULAR,Round 5,LEAGUE,2858,Almería,Visita,2ND,17/09/2023,5,0,40%,0.87,2,11,2,5,,144,10,9,3,,4,0,6,1,4,7,0,2,1,,1,0,109,9,23,,10/26 (38%),0/8 (0%),53%,6,21/39 (54%),8/16 (50%),3/8 (38%),40%,10,1,31,9,,2,,,,,2
11369315,8,52376,NORMAL,REGULAR,Round 6,LEAGUE,2858,Almería,Local,ALL,23/09/2023,6,2,61%,2.67,5,17,3,7,12,544,10,10,4,,10,1,5,2,13,4,2,3,0,,3,3,462,22,60,,26/54 (48%),10/21 (48%),48%,13,29/73 (40%),24/37 (65%),9/21 (43%),80%,10,4,50,15,,3,-0.24,,,,4
11369315,8,52376,NORMAL,REGULAR,Round 6,LEAGUE,2858,Almería,Local,1ST,23/09/2023,6,0,68%,0.95,2,9,1,2,,342,5,5,0,,3,1,4,2,6,3,0,2,0,,2,1,302,10,34,,14/26 (54%),6/10 (60%),53%,7,15/33 (45%),10/14 (71%),5/11 (45%),100%,5,4,27,4,,1,,,,,3
11369315,8,52376,NORMAL,REGULAR,Round 6,LEAGUE,2858,Almería,Local,2ND,23/09/2023,6,2,53%,1.71,3,8,2,5,,202,5,5,4,,7,0,1,0,7,1,2,1,0,,1,2,160,12,26,,12/28 (43%),4/11 (36%),44%,6,14/40 (35%),14/23 (61%),4/10 (40%),60%,5,0,23,11,,2,,,,,1
11369315,8,52376,NORMAL,REGULAR,Round 6,LEAGUE,2828,Valencia,Visita,ALL,23/09/2023,6,2,39%,0.76,2,7,8,3,10,350,25,12,2,,5,0,1,1,5,2,2,0,1,,4,1,255,24,31,,23/62 (37%),3/11 (27%),52%,6,44/73 (60%),13/37 (35%),7/11 (64%),60%,25,5,43,23,,8,1.61,,,,8
11369315,8,52376,NORMAL,REGULAR,Round 6,LEAGUE,2828,Valencia,Visita,1ST,23/09/2023,6,1,32%,0.33,1,3,3,1,,163,13,3,0,,2,0,0,1,3,0,1,0,0,,1,0,118,13,19,,10/30 (33%),1/4 (25%),47%,3,18/33 (55%),4/14 (29%),2/4 (50%),69%,13,2,22,9,,3,,,,,5
11369315,8,52376,NORMAL,REGULAR,Round 6,LEAGUE,2828,Valencia,Visita,2ND,23/09/2023,6,1,47%,0.42,1,4,5,2,,187,12,9,2,,3,0,1,0,2,2,1,0,1,,3,1,137,11,12,,13/32 (41%),2/7 (29%),56%,3,26/40 (65%),9/23 (39%),5/7 (71%),50%,12,3,21,14,,5,,,,,3
11369327,8,52376,NORMAL,REGULAR,Round 7,LEAGUE,2833,Sevilla,Local,ALL,26/09/2023,7,5,47%,2.22,5,18,0,9,15,365,17,15,3,,9,1,4,5,15,3,2,3,1,,3,0,294,16,43,,16/45 (36%),6/24 (25%),58%,5,43/74 (58%),19/33 (58%),11/18 (61%),65%,17,5,51,21,,0,-0.00,,,,7
11369327,8,52376,NORMAL,REGULAR,Round 7,LEAGUE,2833,Sevilla,Local,1ST,26/09/2023,7,3,55%,1.64,4,14,0,8,,227,5,8,0,,5,1,4,5,11,3,1,3,0,,2,0,190,10,21,,8/22 (36%),5/19 (26%),64%,2,19/27 (70%),9/17 (53%),6/8 (75%),80%,5,1,24,4,,0,,,,,4
11369327,8,52376,NORMAL,REGULAR,Round 7,LEAGUE,2833,Sevilla,Local,2ND,26/09/2023,7,2,37%,0.58,1,4,0,1,,138,12,7,3,,4,0,0,0,4,0,1,0,1,,1,0,104,6,22,,8/23 (35%),1/5 (20%),54%,3,24/47 (51%),10/16 (63%),5/10 (50%),58%,12,4,27,17,,0,,,,,3
11369327,8,52376,NORMAL,REGULAR,Round 7,LEAGUE,2858,Almería,Visita,ALL,26/09/2023,7,1,53%,1.78,2,10,4,4,16,421,12,14,2,,1,0,7,2,10,0,1,1,0,,3,2,344,25,61,,29/54 (54%),10/23 (43%),42%,9,31/74 (42%),14/33 (42%),5/13 (38%),58%,12,6,48,15,,4,-1.08,,,,5
11369327,8,52376,NORMAL,REGULAR,Round 7,LEAGUE,2858,Almería,Visita,1ST,26/09/2023,7,0,45%,0.45,1,5,2,0,,195,4,2,0,,0,0,4,1,5,0,0,1,0,,0,2,157,10,24,,15/30 (50%),4/9 (44%),36%,2,8/27 (30%),8/17 (47%),2/5 (40%),75%,4,2,22,13,,2,,,,,5
11369327,8,52376,NORMAL,REGULAR,Round 7,LEAGUE,2858,Almería,Visita,2ND,26/09/2023,7,1,63%,1.33,1,5,2,4,,226,8,12,2,,1,0,3,1,5,0,1,0,0,,3,0,187,15,37,,14/24 (58%),6/14 (43%),46%,7,23/47 (49%),6/16 (38%),3/8 (38%),50%,8,4,26,2,,2,,,,,0
11369335,8,52376,NORMAL,REGULAR,Round 8,LEAGUE,2858,Almería,Local,ALL,01/10/2023,8,3,49%,2.92,3,17,1,1,18,361,16,14,2,,5,2,9,3,12,5,3,0,0,,3,0,281,18,56,,26/65 (40%),4/23 (17%),48%,4,34/77 (44%),18/32 (56%),5/11 (45%),81%,16,8,59,13,,1,0.01,,,,11
11369335,8,52376,NORMAL,REGULAR,Round 8,LEAGUE,2858,Almería,Local,1ST,01/10/2023,8,3,45%,2.45,3,7,0,1,,186,7,4,0,,5,1,2,0,6,1,3,0,0,,1,0,149,9,25,,12/27 (44%),1/15 (7%),53%,2,14/34 (41%),12/15 (80%),3/5 (60%),71%,7,4,28,7,,0,,,,,7
11369335,8,52376,NORMAL,REGULAR,Round 8,LEAGUE,2858,Almería,Local,2ND,01/10/2023,8,0,54%,0.47,0,10,1,0,,175,9,10,2,,0,1,7,3,6,4,0,0,0,,2,0,132,9,31,,14/38 (37%),3/8 (38%),43%,2,20/43 (47%),6/17 (35%),2/6 (33%),89%,9,4,31,6,,1,,,,,4
11369335,8,52376,NORMAL,REGULAR,Round 8,LEAGUE,33779,Granada,Visita,ALL,01/10/2023,8,3,51%,2.89,3,19,2,5,14,375,10,17,1,,4,1,10,5,17,2,1,2,1,,4,4,297,22,51,,24/57 (42%),4/15 (27%),52%,7,43/77 (56%),14/32 (44%),16/25 (64%),20%,10,5,62,15,,2,0.17,,,,7
11369335,8,52376,NORMAL,REGULAR,Round 8,LEAGUE,33779,Granada,Visita,1ST,01/10/2023,8,0,55%,0.52,1,9,2,3,,231,4,6,0,,0,0,6,3,8,1,0,1,0,,1,2,191,12,24,,11/26 (42%),3/10 (30%),47%,3,20/34 (59%),3/15 (20%),10/14 (71%),25%,4,2,32,8,,2,,,,,2
11369335,8,52376,NORMAL,REGULAR,Round 8,LEAGUE,33779,Granada,Visita,2ND,01/10/2023,8,3,46%,2.37,2,10,0,2,,144,6,11,1,,4,1,4,2,9,1,1,1,1,,3,2,106,10,27,,13/31 (42%),1/5 (20%),57%,4,23/43 (53%),11/17 (65%),6/11 (55%),17%,6,3,30,7,,0,,,,,5
11369352,8,52376,NORMAL,REGULAR,Round 9,LEAGUE,2825,Athletic Club,Local,ALL,06/10/2023,9,3,59%,1.92,3,23,1,6,11,507,19,7,2,,9,2,13,1,21,2,3,,,,1,0,426,20,60,,21/45 (47%),12/27 (44%),48%,15,40/92 (43%),15/23 (65%),14/25 (56%),68%,19,7,80,9,,1,0.07,,,,6
11369352,8,52376,NORMAL,REGULAR,Round 9,LEAGUE,2825,Athletic Club,Local,1ST,06/10/2023,9,1,62%,0.62,1,7,0,4,,260,5,5,0,,2,1,5,0,7,0,1,,,,1,0,221,12,35,,10/24 (42%),6/15 (40%),39%,9,15/44 (34%),6/10 (60%),5/13 (38%),60%,5,4,38,2,,0,,,,,0
11369352,8,52376,NORMAL,REGULAR,Round 9,LEAGUE,2825,Athletic Club,Local,2ND,06/10/2023,9,2,57%,1.30,2,16,1,2,,247,14,2,2,,7,1,8,1,14,2,2,,,,0,0,205,8,25,,11/21 (52%),6/12 (50%),56%,6,25/48 (52%),9/13 (69%),9/12 (75%),71%,14,3,42,7,,1,,,,,6
11369352,8,52376,NORMAL,REGULAR,Round 9,LEAGUE,2858,Almería,Visita,ALL,06/10/2023,9,0,41%,0.10,0,4,6,2,7,356,26,11,0,,1,0,1,2,0,4,0,,,,1,2,268,21,34,,21/56 (38%),0/8 (0%),52%,10,52/92 (57%),8/23 (35%),15/24 (63%),58%,26,11,72,19,,6,0.67,,,,13
11369352,8,52376,NORMAL,REGULAR,Round 9,LEAGUE,2858,Almería,Visita,1ST,06/10/2023,9,0,38%,0.01,0,1,1,1,,163,17,4,0,,0,0,0,1,0,1,0,,,,0,2,118,12,12,,9/26 (35%),0/3 (0%),61%,4,29/44 (66%),4/10 (40%),8/9 (89%),47%,17,5,34,11,,1,,,,,5
11369352,8,52376,NORMAL,REGULAR,Round 9,LEAGUE,2858,Almería,Visita,2ND,06/10/2023,9,0,43%,0.10,0,3,5,1,,193,9,7,0,,1,0,1,1,0,3,0,,,,1,0,150,9,22,,12/30 (40%),0/5 (0%),44%,6,23/48 (48%),4/13 (31%),7/15 (47%),78%,9,6,38,8,,5,,,,,8
11369358,8,52376,NORMAL,REGULAR,Round 10,LEAGUE,24264,Girona FC,Local,ALL,22/10/2023,10,5,67%,1.88,4,19,3,9,11,624,15,14,1,,8,0,6,5,13,6,3,1,3,,3,3,560,11,65,,21/49 (43%),6/25 (24%),57%,5,34/55 (62%),9/21 (43%),5/9 (56%),73%,15,4,52,14,,3,-0.35,,,,7
11369358,8,52376,NORMAL,REGULAR,Round 10,LEAGUE,24264,Girona FC,Local,1ST,22/10/2023,10,3,65%,1.40,3,12,2,4,,222,8,9,1,,5,0,3,4,9,3,2,1,1,,3,3,190,5,26,,12/25 (48%),4/12 (33%),68%,2,19/29 (66%),6/8 (75%),2/4 (50%),88%,8,3,28,6,,2,,,,,5
11369358,8,52376,NORMAL,REGULAR,Round 10,LEAGUE,24264,Girona FC,Local,2ND,22/10/2023,10,2,69%,0.48,1,7,1,5,,402,7,5,0,,3,0,3,1,4,3,1,0,2,,0,0,370,6,39,,9/24 (38%),2/13 (15%),46%,3,15/26 (58%),3/13 (23%),3/5 (60%),57%,7,1,24,8,,1,,,,,2
11369358,8,52376,NORMAL,REGULAR,Round 10,LEAGUE,2858,Almería,Visita,ALL,22/10/2023,10,2,33%,0.99,1,9,3,6,14,298,9,11,2,,5,0,3,1,4,5,1,0,0,,2,1,221,14,45,,31/68 (46%),4/17 (24%),43%,11,21/55 (38%),12/21 (57%),1/5 (20%),56%,9,8,52,21,,3,-1.60,,,,10
11369358,8,52376,NORMAL,REGULAR,Round 10,LEAGUE,2858,Almería,Visita,1ST,22/10/2023,10,2,35%,0.92,1,7,2,3,,119,4,6,1,,4,0,2,1,3,4,1,0,0,,1,1,77,7,21,,17/39 (44%),2/8 (25%),32%,5,10/29 (34%),2/8 (25%),0/3 (0%),50%,4,4,31,8,,2,,,,,4
11369358,8,52376,NORMAL,REGULAR,Round 10,LEAGUE,2858,Almería,Visita,2ND,22/10/2023,10,0,31%,0.07,0,2,1,3,,179,5,5,1,,1,0,1,0,1,1,0,0,0,,1,0,144,7,24,,14/29 (48%),2/9 (22%),54%,6,11/26 (42%),10/13 (77%),1/2 (50%),60%,5,4,21,13,,1,,,,,6
11369367,8,52376,NORMAL,REGULAR,Round 11,LEAGUE,2858,Almería,Local,ALL,28/10/2023,11,1,40%,0.29,0,10,1,3,13,374,12,15,3,,4,0,3,3,4,6,0,0,0,,1,6,275,28,58,,28/72 (39%),1/21 (5%),48%,9,32/67 (48%),17/36 (47%),5/14 (36%),67%,12,4,63,16,,1,-0.49,,,,6
11369367,8,52376,NORMAL,REGULAR,Round 11,LEAGUE,2858,Almería,Local,1ST,28/10/2023,11,0,36%,0.10,0,5,1,1,,156,3,8,3,,0,0,3,2,3,2,0,0,0,,1,5,113,15,24,,9/33 (27%),1/9 (11%),51%,2,12/26 (46%),9/15 (60%),1/5 (20%),67%,3,2,24,9,,1,,,,,1
11369367,8,52376,NORMAL,REGULAR,Round 11,LEAGUE,2858,Almería,Local,2ND,28/10/2023,11,1,45%,0.19,0,5,0,2,,218,9,7,0,,4,0,0,1,1,4,0,0,0,,0,1,162,13,34,,19/39 (49%),0/12 (0%),45%,7,20/41 (49%),8/21 (38%),4/9 (44%),67%,9,2,39,7,,0,,,,,5
11369367,8,52376,NORMAL,REGULAR,Round 11,LEAGUE,6577,UD Las Palmas,Visita,ALL,28/10/2023,11,2,60%,0.93,2,10,3,2,19,568,18,12,1,,3,0,5,2,6,4,1,1,1,,0,1,476,25,69,,26/57 (46%),3/20 (15%),52%,8,35/67 (52%),19/36 (53%),6/10 (60%),78%,18,7,72,32,,3,-0.40,,,,3
11369367,8,52376,NORMAL,REGULAR,Round 11,LEAGUE,6577,UD Las Palmas,Visita,1ST,28/10/2023,11,1,64%,0.62,1,4,0,2,,296,6,6,1,,2,0,1,1,4,0,1,0,1,,0,1,253,8,33,,20/32 (63%),2/11 (18%),49%,2,14/26 (54%),6/15 (40%),3/4 (75%),100%,6,1,26,16,,0,,,,,2
11369367,8,52376,NORMAL,REGULAR,Round 11,LEAGUE,6577,UD Las Palmas,Visita,2ND,28/10/2023,11,1,55%,0.30,1,6,3,0,,272,12,6,0,,1,0,4,1,2,4,0,1,0,,0,0,223,17,36,,6/25 (24%),1/9 (11%),55%,6,21/41 (51%),13/21 (62%),3/6 (50%),67%,12,6,46,16,,3,,,,,1
11772204,329,55373,NORMAL,PLAYOFF,Round 1,CUP,202068,CF Talavera,Local,ALL,31/10/2023,1,0,52%,0.00,0,12,3,5,9,391,25,18,3,0,3,1,6,3,6,6,0,0,,,2,7,316,24,51,,37/58 (64%),3/23 (13%),56%,15,49/80 (61%),10/25 (40%),6/10 (60%),84%,25,11,65,17,,3,,,,,7
11772204,329,55373,NORMAL,PLAYOFF,Round 1,CUP,202068,CF Talavera,Local,1ST,31/10/2023,1,0,57%,0.00,0,2,1,2,,219,10,7,1,0,0,0,1,1,1,1,0,0,,,0,4,181,15,27,,26/35 (74%),2/13 (15%),50%,7,18/34 (53%),7/16 (44%),1/3 (33%),80%,10,5,30,9,,1,,,,,3
11772204,329,55373,NORMAL,PLAYOFF,Round 1,CUP,202068,CF Talavera,Local,2ND,31/10/2023,1,0,47%,0.00,0,10,2,3,,172,15,11,2,0,3,1,5,2,5,5,0,0,,,2,3,135,9,24,,11/23 (48%),1/10 (10%),62%,8,31/46 (67%),3/9 (33%),5/7 (71%),87%,15,6,35,8,,2,,,,,4
11772204,329,55373,NORMAL,PLAYOFF,Round 1,CUP,2858,Almería,Visita,ALL,31/10/2023,1,2,48%,0.00,4,12,2,5,18,375,19,9,3,1,5,0,6,1,8,4,2,2,,,1,0,279,24,72,,36/73 (49%),2/10 (20%),44%,19,31/80 (39%),15/25 (60%),3/9 (33%),63%,19,10,61,19,,2,,,,,9
11772204,329,55373,NORMAL,PLAYOFF,Round 1,CUP,2858,Almería,Visita,1ST,31/10/2023,1,2,43%,0.00,3,6,0,3,,168,9,4,0,0,3,0,3,0,6,0,2,1,,,0,0,120,17,36,,14/33 (42%),1/5 (20%),50%,6,16/34 (47%),9/16 (56%),3/7 (43%),78%,9,4,30,12,,0,,,,,2
11772204,329,55373,NORMAL,PLAYOFF,Round 1,CUP,2858,Almería,Visita,2ND,31/10/2023,1,0,53%,0.00,1,6,2,2,,207,10,5,3,1,2,0,3,1,2,4,0,1,,,1,0,159,7,36,,22/40 (55%),1/5 (20%),38%,13,15/46 (33%),6/9 (67%),0/2 (0%),50%,10,6,31,7,,2,,,,,7
11369379,8,52376,NORMAL,REGULAR,Round 12,LEAGUE,2885,Deportivo Alavés,Local,ALL,05/11/2023,12,1,56%,2.43,2,23,3,12,13,334,14,13,2,,3,1,14,6,16,7,,2,,,2,1,258,33,49,,21/41 (51%),10/32 (31%),44%,16,31/68 (46%),11/28 (39%),4/8 (50%),86%,14,11,54,16,,3,0.48,,,,7
11369379,8,52376,NORMAL,REGULAR,Round 12,LEAGUE,2885,Deportivo Alavés,Local,1ST,05/11/2023,12,0,60%,1.33,1,10,1,4,,185,5,7,1,,1,0,8,1,6,4,,1,,,2,0,148,19,31,,12/21 (57%),5/16 (31%),42%,9,14/33 (42%),4/10 (40%),2/4 (50%),60%,5,3,27,7,,1,,,,,3
11369379,8,52376,NORMAL,REGULAR,Round 12,LEAGUE,2885,Deportivo Alavés,Local,2ND,05/11/2023,12,1,52%,1.09,1,13,2,8,,149,9,6,1,,2,1,6,5,10,3,,1,,,0,1,110,14,18,,9/20 (45%),5/16 (31%),45%,7,17/35 (49%),7/18 (39%),2/4 (50%),100%,9,8,27,9,,2,,,,,4
11369379,8,52376,NORMAL,REGULAR,Round 12,LEAGUE,2858,Almería,Visita,ALL,05/11/2023,12,0,44%,0.48,2,9,2,6,14,268,20,13,3,,3,0,5,1,3,6,,2,,,4,1,190,23,41,,16/49 (33%),2/14 (14%),56%,5,37/68 (54%),17/28 (61%),4/13 (31%),45%,20,8,37,35,,2,0.01,,,,19
11369379,8,52376,NORMAL,REGULAR,Round 12,LEAGUE,2858,Almería,Visita,1ST,05/11/2023,12,0,40%,0.05,1,2,1,1,,126,11,6,1,,1,0,1,0,1,1,,1,,,2,0,89,10,14,,6/23 (26%),1/4 (25%),58%,2,19/33 (58%),6/10 (60%),2/5 (40%),64%,11,3,19,16,,1,,,,,9
11369379,8,52376,NORMAL,REGULAR,Round 12,LEAGUE,2858,Almería,Visita,2ND,05/11/2023,12,0,48%,0.43,1,7,1,5,,142,9,7,2,,2,0,4,1,2,5,,1,,,2,1,101,13,27,,10/26 (38%),1/10 (10%),55%,3,18/35 (51%),11/18 (61%),2/8 (25%),22%,9,5,18,19,,1,,,,,10
11369387,8,52376,NORMAL,REGULAR,Round 13,LEAGUE,2858,Almería,Local,ALL,11/11/2023,13,1,47%,0.44,2,7,3,5,18,300,21,18,3,,2,0,4,1,4,3,1,1,,,2,5,206,19,46,,20/65 (31%),1/16 (6%),48%,6,40/79 (51%),18/41 (44%),1/8 (13%),48%,21,3,42,20,,3,-0.33,,,,8
11369387,8,52376,NORMAL,REGULAR,Round 13,LEAGUE,2858,Almería,Local,1ST,11/11/2023,13,0,42%,0.07,0,3,2,1,,143,12,11,1,,0,0,3,0,1,2,0,0,,,0,2,98,9,21,,8/31 (26%),0/3 (0%),56%,2,24/43 (56%),13/23 (57%),1/6 (17%),42%,12,1,21,8,,2,,,,,5
11369387,8,52376,NORMAL,REGULAR,Round 13,LEAGUE,2858,Almería,Local,2ND,11/11/2023,13,1,52%,0.38,2,4,1,4,,157,9,7,2,,2,0,1,1,3,1,1,1,,,2,3,108,10,25,,12/34 (35%),1/13 (8%),39%,4,16/36 (44%),5/18 (28%),0/2 (0%),56%,9,2,21,12,,1,,,,,3
11369387,8,52376,NORMAL,REGULAR,Round 13,LEAGUE,2824,Real Sociedad,Visita,ALL,11/11/2023,13,3,53%,2.41,4,18,1,5,19,350,13,16,2,,6,1,8,4,11,7,3,1,,,6,4,272,23,45,,28/56 (50%),5/18 (28%),52%,13,39/79 (49%),23/41 (56%),10/18 (56%),46%,13,8,53,15,,1,-0.43,,,,5
11369387,8,52376,NORMAL,REGULAR,Round 13,LEAGUE,2824,Real Sociedad,Visita,1ST,11/11/2023,13,0,58%,0.50,1,9,0,2,,199,7,7,2,,2,1,5,2,4,5,0,1,,,1,2,159,15,26,,19/37 (51%),1/7 (14%),44%,8,19/43 (44%),10/23 (43%),5/9 (56%),43%,7,5,26,3,,0,,,,,4
11369387,8,52376,NORMAL,REGULAR,Round 13,LEAGUE,2824,Real Sociedad,Visita,2ND,11/11/2023,13,3,48%,1.91,3,9,1,3,,151,6,9,0,,4,0,3,2,7,2,3,0,,,5,2,113,8,19,,9/19 (47%),4/11 (36%),61%,5,20/36 (56%),13/18 (72%),5/9 (56%),50%,6,3,27,12,,1,,,,,1
11369402,8,52376,NORMAL,REGULAR,Round 14,LEAGUE,2859,Getafe,Local,ALL,25/11/2023,14,2,54%,1.17,1,18,4,3,12,425,15,8,2,,5,1,8,5,11,7,0,1,,,0,1,309,22,80,,36/73 (49%),9/18 (50%),47%,11,30/74 (41%),27/47 (57%),7/17 (41%),80%,15,7,71,18,,4,0.37,,,,9
11369402,8,52376,NORMAL,REGULAR,Round 14,LEAGUE,2859,Getafe,Local,1ST,25/11/2023,14,2,60%,0.57,0,12,2,3,,229,6,1,2,,4,0,6,2,8,4,0,0,,,0,0,172,12,36,,21/37 (57%),8/14 (57%),51%,3,13/35 (37%),19/28 (68%),6/12 (50%),83%,6,3,31,9,,2,,,,,3
11369402,8,52376,NORMAL,REGULAR,Round 14,LEAGUE,2859,Getafe,Local,2ND,25/11/2023,14,0,48%,0.60,1,6,2,0,,196,9,7,0,,1,1,2,3,3,3,0,1,,,0,1,137,10,44,,15/36 (42%),1/4 (25%),43%,8,17/39 (44%),8/19 (42%),1/5 (20%),78%,9,4,40,9,,2,,,,,6
11369402,8,52376,NORMAL,REGULAR,Round 14,LEAGUE,2858,Almería,Visita,ALL,25/11/2023,14,1,46%,1.87,2,13,3,6,8,363,21,12,4,,4,0,5,4,10,3,1,1,,,2,4,244,28,66,,27/73 (37%),4/16 (25%),53%,8,44/74 (59%),20/47 (43%),11/18 (61%),67%,21,8,67,12,,3,-0.74,,,,10
11369402,8,52376,NORMAL,REGULAR,Round 14,LEAGUE,2858,Almería,Visita,1ST,25/11/2023,14,1,40%,1.50,2,6,2,3,,154,9,6,0,,2,0,2,2,5,1,1,1,,,0,3,91,15,30,,13/39 (33%),2/7 (29%),49%,4,22/35 (63%),9/28 (32%),7/9 (78%),56%,9,5,29,7,,2,,,,,7
11369402,8,52376,NORMAL,REGULAR,Round 14,LEAGUE,2858,Almería,Visita,2ND,25/11/2023,14,0,52%,0.36,0,7,1,3,,209,12,6,4,,2,0,3,2,5,2,0,0,,,2,1,153,13,36,,14/34 (41%),2/9 (22%),57%,4,22/39 (56%),11/19 (58%),4/9 (44%),75%,12,3,38,5,,1,,,,,3
11369407,8,52376,NORMAL,REGULAR,Round 15,LEAGUE,2858,Almería,Local,ALL,03/12/2023,15,0,62%,2.51,6,20,2,4,12,503,28,8,0,0,8,2,9,3,12,8,,6,,,2,4,411,24,61,,29/60 (48%),7/26 (27%),66%,1,46/68 (68%),21/33 (64%),10/15 (67%),79%,28,12,71,20,,2,0.18,,,,4
11369407,8,52376,NORMAL,REGULAR,Round 15,LEAGUE,2858,Almería,Local,1ST,03/12/2023,15,0,47%,0.95,2,6,0,0,,183,14,6,0,0,2,0,3,1,3,3,,2,,,0,2,129,14,28,,11/33 (33%),1/6 (17%),64%,1,28/41 (68%),9/17 (53%),8/11 (73%),79%,14,4,32,13,,0,,,,,3
11369407,8,52376,NORMAL,REGULAR,Round 15,LEAGUE,2858,Almería,Local,2ND,03/12/2023,15,0,76%,1.56,4,14,2,4,,320,14,2,0,0,6,2,6,2,9,5,,4,,,2,2,282,10,33,,18/27 (67%),6/20 (30%),70%,0,18/27 (67%),12/16 (75%),2/4 (50%),79%,14,8,39,7,,2,,,,,1
11369407,8,52376,NORMAL,REGULAR,Round 15,LEAGUE,2816,Real Betis,Visita,ALL,03/12/2023,15,0,38%,0.50,1,6,8,6,8,305,6,11,3,1,2,0,3,1,4,2,,1,,,1,1,212,27,47,,22/68 (32%),0/12 (0%),34%,18,22/68 (32%),12/33 (36%),5/15 (33%),67%,6,12,69,20,,8,2.38,,,,10
11369407,8,52376,NORMAL,REGULAR,Round 15,LEAGUE,2816,Real Betis,Visita,1ST,03/12/2023,15,0,53%,0.37,1,3,2,3,,199,4,8,0,1,0,0,2,1,2,1,,1,,,1,1,150,16,23,,16/39 (41%),0/9 (0%),36%,10,13/41 (32%),8/17 (47%),1/5 (20%),50%,4,7,35,4,,2,,,,,4
11369407,8,52376,NORMAL,REGULAR,Round 15,LEAGUE,2816,Real Betis,Visita,2ND,03/12/2023,15,0,24%,0.14,0,3,6,3,,106,2,3,3,0,2,0,1,0,2,1,,0,,,0,0,62,11,24,,6/29 (21%),0/3 (0%),30%,8,9/27 (33%),4/16 (25%),4/10 (40%),100%,2,5,34,16,,6,,,,,6
11836712,329,55373,NORMAL,REGULAR,Round 2,CUP,327187,Unión Deportiva Barbastro,Local,ALL,06/12/2023,2,1,27%,0.00,1,4,4,4,25,165,16,12,7,,2,0,1,1,2,2,1,0,,,2,3,71,16,59,,23/65 (35%),4/14 (29%),40%,12,30/75 (40%),11/27 (41%),2/5 (40%),88%,16,7,47,26,,4,,,,,10
11836712,329,55373,NORMAL,REGULAR,Round 2,CUP,327187,Unión Deportiva Barbastro,Local,1ST,06/12/2023,2,1,27%,0.00,1,2,3,0,,90,9,6,0,,2,0,0,0,2,0,1,0,,,1,1,37,10,30,,10/34 (29%),1/2 (50%),37%,4,15/34 (44%),4/17 (24%),0/2 (0%),78%,9,4,22,12,,3,,,,,5
11836712,329,55373,NORMAL,REGULAR,Round 2,CUP,327187,Unión Deportiva Barbastro,Local,2ND,06/12/2023,2,0,27%,0.00,0,2,1,4,,75,7,6,7,,0,0,1,1,0,2,0,0,,,1,2,34,6,29,,13/31 (42%),3/12 (25%),43%,8,15/41 (37%),7/10 (70%),2/3 (67%),100%,7,3,25,14,,1,,,,,5
11836712,329,55373,NORMAL,REGULAR,Round 2,CUP,2858,Almería,Visita,ALL,06/12/2023,2,0,73%,0.00,1,11,1,4,13,457,15,25,2,,4,1,5,2,4,7,0,1,,,4,2,364,30,64,,36/72 (50%),3/28 (11%),60%,10,45/75 (60%),16/27 (59%),5/11 (45%),73%,15,6,38,12,,1,,,,,8
11836712,329,55373,NORMAL,REGULAR,Round 2,CUP,2858,Almería,Visita,1ST,06/12/2023,2,0,73%,0.00,0,6,1,4,,234,6,9,0,,3,0,2,1,2,4,0,0,,,1,0,192,13,33,,14/34 (41%),1/16 (6%),63%,5,19/34 (56%),13/17 (76%),4/8 (50%),83%,6,5,24,1,,1,,,,,3
11836712,329,55373,NORMAL,REGULAR,Round 2,CUP,2858,Almería,Visita,2ND,06/12/2023,2,0,73%,0.00,1,5,0,0,,223,9,16,2,,1,1,3,1,2,3,0,1,,,3,2,172,17,31,,22/38 (58%),2/12 (17%),57%,5,26/41 (63%),3/10 (30%),1/3 (33%),67%,9,1,14,11,,0,,,,,5
11369426,8,52376,NORMAL,REGULAR,Round 16,LEAGUE,2836,Atlético Madrid,Local,ALL,10/12/2023,16,2,57%,2.17,3,13,5,3,13,534,26,11,1,,4,1,7,2,7,6,2,1,,,2,4,449,17,44,,30/58 (52%),2/14 (14%),55%,10,46/75 (61%),15/36 (42%),10/12 (83%),69%,26,8,66,22,,5,0.59,,,,11
11369426,8,52376,NORMAL,REGULAR,Round 16,LEAGUE,2836,Atlético Madrid,Local,1ST,10/12/2023,16,2,57%,1.81,2,7,1,1,,284,10,6,0,,3,1,4,0,3,4,2,0,,,2,3,236,8,20,,14/28 (50%),0/3 (0%),53%,4,21/34 (62%),6/17 (35%),6/6 (100%),90%,10,6,32,9,,1,,,,,5
11369426,8,52376,NORMAL,REGULAR,Round 16,LEAGUE,2836,Atlético Madrid,Local,2ND,10/12/2023,16,0,57%,0.36,1,6,4,2,,250,16,5,1,,1,0,3,2,4,2,0,1,,,0,1,213,9,24,,16/30 (53%),2/11 (18%),57%,6,25/41 (61%),9/19 (47%),4/6 (67%),56%,16,2,34,13,,4,,,,,6
11369426,8,52376,NORMAL,REGULAR,Round 16,LEAGUE,2858,Almería,Visita,ALL,10/12/2023,16,1,43%,1.36,2,19,2,15,11,374,12,11,0,,6,0,6,7,11,8,1,1,,,0,2,286,23,40,,30/57 (53%),5/30 (17%),45%,14,29/75 (39%),21/36 (58%),6/18 (33%),75%,12,11,61,8,,2,0.01,,,,9
11369426,8,52376,NORMAL,REGULAR,Round 16,LEAGUE,2858,Almería,Visita,1ST,10/12/2023,16,0,43%,0.24,0,7,1,6,,203,4,7,0,,1,0,2,4,2,5,0,0,,,0,1,155,10,19,,15/32 (47%),1/9 (11%),47%,4,13/34 (38%),11/17 (65%),2/8 (25%),75%,4,6,30,1,,1,,,,,5
11369426,8,52376,NORMAL,REGULAR,Round 16,LEAGUE,2858,Almería,Visita,2ND,10/12/2023,16,1,43%,1.12,2,12,1,9,,171,8,4,0,,5,0,4,3,9,3,1,1,,,0,1,131,13,21,,15/25 (60%),4/21 (19%),43%,10,16/41 (39%),10/19 (53%),4/10 (40%),75%,8,5,31,7,,1,,,,,4
11369427,8,52376,NORMAL,REGULAR,Round 17,LEAGUE,2858,Almería,Local,ALL,17/12/2023,17,0,53%,0.30,0,7,2,4,12,387,19,9,3,,1,0,2,4,3,4,,0,0,,2,1,284,26,52,,20/65 (31%),2/14 (14%),45%,8,33/73 (45%),15/33 (45%),6/19 (32%),53%,19,11,56,23,,2,0.76,,,,13
11369427,8,52376,NORMAL,REGULAR,Round 17,LEAGUE,2858,Almería,Local,1ST,17/12/2023,17,0,53%,0.07,0,2,2,1,,185,9,5,0,,1,0,1,0,1,1,,0,0,,0,1,128,13,23,,14/38 (37%),1/5 (20%),52%,4,18/35 (51%),11/21 (52%),5/10 (50%),56%,9,4,23,15,,2,,,,,6
11369427,8,52376,NORMAL,REGULAR,Round 17,LEAGUE,2858,Almería,Local,2ND,17/12/2023,17,0,54%,0.23,0,5,0,3,,202,10,4,3,,0,0,1,4,2,3,,0,0,,2,0,156,13,29,,6/27 (22%),1/9 (11%),38%,4,15/38 (39%),4/12 (33%),1/9 (11%),50%,10,7,33,8,,0,,,,,7
11369427,8,52376,NORMAL,REGULAR,Round 17,LEAGUE,2826,Mallorca,Visita,ALL,17/12/2023,17,0,47%,1.88,1,20,1,4,9,327,21,11,1,,2,0,11,7,15,5,,1,1,,3,2,225,31,57,,32/79 (41%),11/27 (41%),55%,12,40/73 (55%),18/33 (55%),8/15 (53%),57%,21,4,66,19,,1,0.03,,,,7
11369427,8,52376,NORMAL,REGULAR,Round 17,LEAGUE,2826,Mallorca,Visita,1ST,17/12/2023,17,0,47%,1.06,0,12,1,3,,154,9,6,0,,2,0,6,4,9,3,,0,1,,1,1,106,14,30,,17/41 (41%),6/16 (38%),48%,5,17/35 (49%),10/21 (48%),2/6 (33%),44%,9,2,31,8,,1,,,,,3
11369427,8,52376,NORMAL,REGULAR,Round 17,LEAGUE,2826,Mallorca,Visita,2ND,17/12/2023,17,0,46%,0.82,1,8,0,1,,173,12,5,1,,0,0,5,3,6,2,,1,0,,2,1,119,17,27,,15/38 (39%),5/11 (45%),62%,7,23/38 (61%),8/12 (67%),6/9 (67%),67%,12,2,35,11,,0,,,,,4
11369445,8,52376,NORMAL,REGULAR,Round 18,LEAGUE,2817,FC Barcelona,Local,ALL,20/12/2023,18,3,65%,3.54,6,30,3,12,16,582,11,8,3,,11,1,14,5,24,6,2,4,1,,3,3,517,14,75,,16/33 (48%),10/16 (63%),50%,11,29/71 (41%),21/30 (70%),10/19 (53%),45%,11,7,53,8,,3,-0.98,,,,4
11369445,8,52376,NORMAL,REGULAR,Round 18,LEAGUE,2817,FC Barcelona,Local,1ST,20/12/2023,18,1,64%,1.24,2,15,2,4,,297,5,4,2,,5,0,7,3,11,4,1,1,0,,2,0,266,9,36,,8/14 (57%),5/7 (71%),45%,3,13/33 (39%),7/11 (64%),4/11 (36%),40%,5,5,27,3,,2,,,,,2
11369445,8,52376,NORMAL,REGULAR,Round 18,LEAGUE,2817,FC Barcelona,Local,2ND,20/12/2023,18,2,66%,2.29,4,15,1,8,,285,6,4,1,,6,1,7,2,13,2,1,3,1,,1,3,251,5,39,,8/19 (42%),5/9 (56%),53%,8,16/38 (42%),14/19 (74%),6/8 (75%),50%,6,2,26,5,,1,,,,,2
11369445,8,52376,NORMAL,REGULAR,Round 18,LEAGUE,2858,Almería,Visita,ALL,20/12/2023,18,2,35%,1.61,4,10,8,0,9,313,20,16,3,,5,0,4,1,9,1,2,2,0,,1,3,231,7,33,,21/57 (37%),1/7 (14%),50%,5,42/71 (59%),9/30 (30%),7/13 (54%),45%,20,4,49,25,,8,0.86,,,,15
11369445,8,52376,NORMAL,REGULAR,Round 18,LEAGUE,2858,Almería,Visita,1ST,20/12/2023,18,1,36%,0.67,1,6,4,0,,168,10,6,1,,3,0,2,1,5,1,1,0,0,,1,1,131,3,17,,12/30 (40%),0/5 (0%),55%,4,20/33 (61%),4/11 (36%),4/5 (80%),20%,10,2,26,15,,4,,,,,8
11369445,8,52376,NORMAL,REGULAR,Round 18,LEAGUE,2858,Almería,Visita,2ND,20/12/2023,18,1,34%,0.95,3,4,4,0,,145,10,10,2,,2,0,2,0,4,0,1,2,0,,0,2,100,4,16,,9/27 (33%),1/2 (50%),47%,1,22/38 (58%),5/19 (26%),3/8 (38%),70%,10,2,23,10,,4,,,,,7
11369449,8,52376,NORMAL,REGULAR,Round 19,LEAGUE,2820,Osasuna,Local,ALL,04/01/2024,19,1,52%,1.27,4,14,0,5,14,520,12,4,1,,2,0,10,2,12,2,1,3,,,,0,418,22,76,,28/73 (38%),4/16 (25%),50%,8,28/57 (49%),24/47 (51%),13/16 (81%),67%,12,5,54,11,,0,0.00,,,,7
11369449,8,52376,NORMAL,REGULAR,Round 19,LEAGUE,2820,Osasuna,Local,1ST,04/01/2024,19,1,61%,0.76,3,8,0,4,,305,3,0,0,,1,0,5,2,8,0,1,2,,,,0,263,11,35,,18/32 (56%),4/14 (29%),39%,6,12/31 (39%),7/18 (39%),9/11 (82%),67%,3,4,23,4,,0,,,,,4
11369449,8,52376,NORMAL,REGULAR,Round 19,LEAGUE,2820,Osasuna,Local,2ND,04/01/2024,19,0,43%,0.51,1,6,0,1,,215,9,4,1,,1,0,5,0,4,2,0,1,,,,0,155,11,41,,10/41 (24%),0/2 (0%),60%,2,16/26 (62%),17/29 (59%),4/5 (80%),67%,9,1,31,7,,0,,,,,3
11369449,8,52376,NORMAL,REGULAR,Round 19,LEAGUE,2858,Almería,Visita,ALL,04/01/2024,19,0,48%,0.21,0,4,1,4,5,481,11,13,2,,0,0,2,2,3,1,0,0,,,,3,376,15,41,,28/81 (35%),4/14 (29%),50%,5,29/57 (51%),23/47 (49%),6/13 (46%),64%,11,8,49,21,,1,-0.06,,,,14
11369449,8,52376,NORMAL,REGULAR,Round 19,LEAGUE,2858,Almería,Visita,1ST,04/01/2024,19,0,39%,0.12,0,3,0,2,,203,8,5,1,,0,0,2,1,2,1,0,0,,,,1,153,6,18,,14/43 (33%),1/4 (25%),61%,1,19/31 (61%),11/18 (61%),6/8 (75%),63%,8,4,23,14,,0,,,,,7
11369449,8,52376,NORMAL,REGULAR,Round 19,LEAGUE,2858,Almería,Visita,2ND,04/01/2024,19,0,57%,0.09,0,1,1,2,,278,3,8,1,,0,0,0,1,1,0,0,0,,,,2,223,9,23,,14/38 (37%),3/10 (30%),40%,4,10/26 (38%),12/29 (41%),0/5 (0%),67%,3,4,26,7,,1,,,,,7
11369457,8,52376,NORMAL,REGULAR,Round 20,LEAGUE,2858,Almería,Local,ALL,14/01/2024,20,0,46%,1.75,3,20,2,4,13,389,19,8,4,0,3,0,9,8,12,8,,3,1,,2,0,319,19,49,,23/48 (48%),10/24 (42%),53%,4,32/63 (51%),14/23 (61%),6/13 (46%),53%,19,8,53,11,,2,0.03,,,,4
11369457,8,52376,NORMAL,REGULAR,Round 20,LEAGUE,2858,Almería,Local,1ST,14/01/2024,20,0,47%,0.68,2,8,2,2,,222,12,3,1,0,2,0,4,2,4,4,,2,0,,0,0,187,7,29,,13/28 (46%),4/9 (44%),53%,2,17/32 (53%),4/8 (50%),2/5 (40%),42%,12,4,23,4,,2,,,,,2
11369457,8,52376,NORMAL,REGULAR,Round 20,LEAGUE,2858,Almería,Local,2ND,14/01/2024,20,0,44%,1.07,1,12,0,2,,167,7,5,3,0,1,0,5,6,8,4,,1,1,,2,0,132,12,20,,10/20 (50%),6/15 (40%),54%,2,15/31 (48%),10/15 (67%),4/8 (50%),71%,7,4,30,7,,0,,,,,2
11369457,8,52376,NORMAL,REGULAR,Round 20,LEAGUE,24264,Girona FC,Visita,ALL,14/01/2024,20,0,54%,0.25,0,5,3,3,8,471,11,13,4,1,1,0,1,3,2,3,,0,0,,2,1,402,19,66,,25/49 (51%),2/19 (11%),47%,10,31/63 (49%),9/23 (39%),7/16 (44%),82%,11,10,44,16,,3,0.67,,,,14
11369457,8,52376,NORMAL,REGULAR,Round 20,LEAGUE,24264,Girona FC,Visita,1ST,14/01/2024,20,0,53%,0.04,0,1,2,2,,256,5,6,1,0,1,0,0,0,0,1,,0,0,,1,1,225,11,32,,15/25 (60%),0/8 (0%),47%,7,15/32 (47%),4/8 (50%),4/9 (44%),60%,5,7,19,6,,2,,,,,7
11369457,8,52376,NORMAL,REGULAR,Round 20,LEAGUE,24264,Girona FC,Visita,2ND,14/01/2024,20,0,56%,0.21,0,4,1,1,,215,6,7,3,1,0,0,1,3,2,2,,0,0,,1,0,177,8,34,,10/24 (42%),2/11 (18%),46%,3,16/31 (52%),5/15 (33%),3/7 (43%),100%,6,3,25,10,,1,,,,,7
11369470,8,52376,NORMAL,REGULAR,Round 21,LEAGUE,2829,Real Madrid,Local,ALL,21/01/2024,21,3,74%,2.25,4,18,0,6,9,636,8,15,3,,6,0,8,4,13,5,3,1,0,,7,5,553,25,74,,24/45 (53%),8/33 (24%),53%,14,33/74 (45%),26/37 (70%),10/23 (43%),75%,8,10,65,3,,0,-0.90,,,,5
11369470,8,52376,NORMAL,REGULAR,Round 21,LEAGUE,2829,Real Madrid,Local,1ST,21/01/2024,21,0,74%,0.15,0,5,0,5,,382,4,8,0,,0,0,3,2,2,3,0,0,0,,3,0,342,16,43,,10/21 (48%),2/15 (13%),55%,8,19/39 (49%),11/16 (69%),7/14 (50%),100%,4,4,29,1,,0,,,,,1
11369470,8,52376,NORMAL,REGULAR,Round 21,LEAGUE,2829,Real Madrid,Local,2ND,21/01/2024,21,3,73%,2.10,4,13,0,1,,254,4,7,3,,6,0,5,2,11,2,3,1,0,,4,5,211,9,31,,14/24 (58%),6/18 (33%),52%,6,14/35 (40%),15/21 (71%),3/9 (33%),50%,4,6,36,2,,0,,,,,4
11369470,8,52376,NORMAL,REGULAR,Round 21,LEAGUE,2858,Almería,Visita,ALL,21/01/2024,21,2,26%,0.89,1,10,3,3,17,230,27,9,5,,2,0,4,4,3,7,1,0,1,,0,1,147,13,43,,13/62 (21%),2/10 (20%),47%,4,41/74 (55%),11/37 (30%),5/9 (56%),48%,27,8,64,33,,3,0.25,,,,13
11369470,8,52376,NORMAL,REGULAR,Round 21,LEAGUE,2858,Almería,Visita,1ST,21/01/2024,21,2,26%,0.84,1,8,0,1,,137,15,4,0,,2,0,3,3,3,5,1,0,1,,0,0,99,8,20,,8/28 (29%),1/4 (25%),45%,2,20/39 (51%),5/16 (31%),1/3 (33%),47%,15,3,31,19,,0,,,,,7
11369470,8,52376,NORMAL,REGULAR,Round 21,LEAGUE,2858,Almería,Visita,2ND,21/01/2024,21,0,27%,0.05,0,2,3,2,,93,12,5,5,,0,0,1,1,0,2,0,0,0,,0,1,48,5,23,,5/34 (15%),1/6 (17%),48%,2,21/35 (60%),6/21 (29%),4/6 (67%),50%,12,5,33,14,,3,,,,,6
11369486,8,52376,NORMAL,REGULAR,Round 22,LEAGUE,2858,Almería,Local,ALL,26/01/2024,22,0,64%,1.46,4,19,0,11,17,507,14,10,1,,7,1,10,2,11,8,0,4,1,,2,3,430,18,52,,25/50 (50%),6/38 (16%),51%,4,32/67 (48%),19/33 (58%),8/17 (47%),43%,14,4,50,15,,0,-1.16,,,,4
11369486,8,52376,NORMAL,REGULAR,Round 22,LEAGUE,2858,Almería,Local,1ST,26/01/2024,22,0,65%,0.30,0,7,0,4,,267,8,5,1,,2,0,4,1,2,5,0,0,0,,1,0,226,9,25,,15/27 (56%),2/15 (13%),50%,3,17/34 (50%),7/14 (50%),4/6 (67%),38%,8,2,22,8,,0,,,,,2
11369486,8,52376,NORMAL,REGULAR,Round 22,LEAGUE,2858,Almería,Local,2ND,26/01/2024,22,0,63%,1.16,4,12,0,7,,240,6,5,0,,5,1,6,1,9,3,0,4,1,,1,3,204,9,27,,10/23 (43%),4/23 (17%),52%,1,15/33 (45%),12/19 (63%),4/11 (36%),50%,6,2,28,7,,0,,,,,2
11369486,8,52376,NORMAL,REGULAR,Round 22,LEAGUE,2885,Deportivo Alavés,Visita,ALL,26/01/2024,22,3,36%,1.87,4,11,7,3,12,291,13,16,2,,3,0,4,4,7,4,3,1,0,,2,3,196,17,40,,35/83 (42%),6/15 (40%),49%,9,35/67 (52%),14/33 (42%),6/11 (55%),62%,13,4,47,32,,7,1.81,,,,14
11369486,8,52376,NORMAL,REGULAR,Round 22,LEAGUE,2885,Deportivo Alavés,Visita,1ST,26/01/2024,22,1,35%,0.83,2,7,2,2,,143,5,9,1,,1,0,2,4,4,3,1,1,0,,1,2,100,9,24,,16/35 (46%),4/7 (57%),50%,6,17/34 (50%),7/14 (50%),3/5 (60%),40%,5,3,21,18,,2,,,,,7
11369486,8,52376,NORMAL,REGULAR,Round 22,LEAGUE,2885,Deportivo Alavés,Visita,2ND,26/01/2024,22,2,37%,1.04,2,4,5,1,,148,8,7,1,,2,0,2,0,3,1,2,0,0,,1,1,96,8,16,,19/48 (40%),2/8 (25%),48%,3,18/33 (55%),7/19 (37%),3/6 (50%),75%,8,1,26,14,,5,,,,,7
11368766,8,52376,NORMAL,REGULAR,Round 23,LEAGUE,2828,Valencia,Local,ALL,03/02/2024,23,2,48%,1.44,2,7,3,0,17,370,17,15,4,0,2,1,2,3,5,2,1,1,0,,2,2,274,31,56,,32/71 (45%),4/21 (19%),42%,5,37/78 (47%),7/28 (25%),5/13 (38%),71%,17,9,43,22,,3,0.42,,,,5
11368766,8,52376,NORMAL,REGULAR,Round 23,LEAGUE,2828,Valencia,Local,1ST,03/02/2024,23,2,54%,0.45,1,3,1,0,,222,5,6,2,0,2,0,1,0,2,1,1,0,0,,1,2,173,17,32,,16/37 (43%),4/17 (24%),41%,1,15/31 (48%),3/13 (23%),4/7 (57%),80%,5,7,21,6,,1,,,,,2
11368766,8,52376,NORMAL,REGULAR,Round 23,LEAGUE,2828,Valencia,Local,2ND,03/02/2024,23,0,41%,1.00,1,4,2,0,,148,12,9,2,0,0,1,1,3,3,1,0,1,0,,1,0,101,14,24,,16/34 (47%),0/4 (0%),42%,4,22/47 (47%),4/15 (27%),1/6 (17%),67%,12,2,22,16,,2,,,,,3
11368766,8,52376,NORMAL,REGULAR,Round 23,LEAGUE,2858,Almería,Visita,ALL,03/02/2024,23,1,52%,1.94,2,15,0,6,16,407,13,17,5,1,5,0,4,6,6,9,1,1,1,,1,1,320,29,50,,26/59 (44%),3/15 (20%),58%,8,41/78 (53%),21/28 (75%),11/20 (55%),54%,13,8,46,22,,0,-1.23,,,,3
11368766,8,52376,NORMAL,REGULAR,Round 23,LEAGUE,2858,Almería,Visita,1ST,03/02/2024,23,0,46%,0.89,0,5,0,4,,199,4,7,0,0,1,0,2,2,3,2,0,0,0,,1,1,156,13,18,,10/26 (38%),2/8 (25%),59%,2,16/31 (52%),10/13 (77%),5/8 (63%),50%,4,5,21,17,,0,,,,,2
11368766,8,52376,NORMAL,REGULAR,Round 23,LEAGUE,2858,Almería,Visita,2ND,03/02/2024,23,1,59%,1.05,2,10,0,2,,208,9,10,5,1,4,0,2,4,3,7,1,1,1,,0,0,164,16,32,,16/33 (48%),1/7 (14%),58%,6,25/47 (53%),11/15 (73%),6/12 (50%),56%,9,3,25,5,,0,,,,,1
11368754,8,52376,NORMAL,REGULAR,Round 24,LEAGUE,2858,Almería,Local,ALL,12/02/2024,24,0,39%,0.88,2,10,4,4,17,324,18,15,4,1,4,1,3,3,7,3,,2,0,,0,2,248,19,42,,28/65 (43%),2/12 (17%),45%,7,37/76 (49%),14/38 (37%),5/18 (28%),39%,18,10,55,39,,4,0.65,,,,5
11368754,8,52376,NORMAL,REGULAR,Round 24,LEAGUE,2858,Almería,Local,1ST,12/02/2024,24,0,49%,0.41,1,9,3,2,,218,7,5,2,0,4,0,2,3,6,3,,1,0,,0,1,183,15,23,,12/29 (41%),2/10 (20%),43%,3,16/34 (47%),5/15 (33%),4/12 (33%),29%,7,4,32,13,,3,,,,,3
11368754,8,52376,NORMAL,REGULAR,Round 24,LEAGUE,2858,Almería,Local,2ND,12/02/2024,24,0,27%,0.47,1,1,1,2,,106,11,10,2,1,0,1,1,0,1,0,,1,0,,0,1,65,4,19,,16/36 (44%),0/2 (0%),46%,4,21/42 (50%),9/23 (39%),1/6 (17%),45%,11,6,23,26,,1,,,,,2
11368754,8,52376,NORMAL,REGULAR,Round 24,LEAGUE,2825,Athletic Club,Visita,ALL,12/02/2024,24,0,61%,0.66,0,12,4,10,15,490,20,15,1,0,4,1,4,4,7,5,,0,3,,2,3,400,26,65,,25/47 (53%),6/43 (14%),55%,10,39/76 (51%),24/38 (63%),4/12 (33%),75%,20,7,54,13,,4,0.58,,,,4
11368754,8,52376,NORMAL,REGULAR,Round 24,LEAGUE,2825,Athletic Club,Visita,1ST,12/02/2024,24,0,51%,0.38,0,7,4,4,,219,11,6,0,0,3,0,2,2,3,4,,0,1,,1,1,170,11,33,,10/23 (43%),4/15 (27%),57%,5,18/34 (53%),10/15 (67%),1/3 (33%),73%,11,5,33,8,,4,,,,,2
11368754,8,52376,NORMAL,REGULAR,Round 24,LEAGUE,2825,Athletic Club,Visita,2ND,12/02/2024,24,0,73%,0.29,0,5,0,6,,271,9,9,1,0,1,1,2,2,4,1,,0,2,,1,2,230,15,32,,15/24 (63%),2/28 (7%),54%,5,21/42 (50%),14/23 (61%),3/9 (33%),78%,9,2,21,5,,0,,,,,2
11368745,8,52376,NORMAL,REGULAR,Round 25,LEAGUE,33779,Granada,Local,ALL,18/02/2024,25,1,59%,1.99,4,19,2,10,13,454,19,20,2,,7,0,8,4,11,8,1,3,1,,6,0,373,20,55,,28/62 (45%),5/26 (19%),53%,14,47/89 (53%),10/19 (53%),8/12 (67%),53%,19,7,43,14,,2,-0.66,,,,10
11368745,8,52376,NORMAL,REGULAR,Round 25,LEAGUE,33779,Granada,Local,1ST,18/02/2024,25,0,63%,0.47,0,7,0,4,,258,10,11,1,,3,0,2,2,5,2,0,0,0,,3,0,221,8,23,,12/30 (40%),3/13 (23%),61%,3,26/41 (63%),4/8 (50%),5/7 (71%),50%,10,3,20,9,,0,,,,,1
11368745,8,52376,NORMAL,REGULAR,Round 25,LEAGUE,33779,Granada,Local,2ND,18/02/2024,25,1,54%,1.51,4,12,2,6,,196,9,9,1,,4,0,6,2,6,6,1,3,1,,3,0,152,12,32,,16/32 (50%),2/13 (15%),46%,11,21/48 (44%),6/11 (55%),3/5 (60%),56%,9,4,23,5,,2,,,,,9
11368745,8,52376,NORMAL,REGULAR,Round 25,LEAGUE,2858,Almería,Visita,ALL,18/02/2024,25,1,41%,1.41,3,13,6,4,22,320,18,13,3,,3,0,6,4,4,9,0,3,0,,5,3,249,17,41,,20/50 (40%),6/18 (33%),47%,11,42/89 (47%),9/19 (47%),11/19 (58%),61%,18,6,57,37,,6,1.11,,,,8
11368745,8,52376,NORMAL,REGULAR,Round 25,LEAGUE,2858,Almería,Visita,1ST,18/02/2024,25,1,37%,0.07,0,3,3,2,,152,5,7,0,,1,0,2,0,2,1,0,0,0,,3,3,121,10,17,,10/22 (45%),2/10 (20%),39%,5,15/41 (37%),4/8 (50%),3/8 (38%),80%,5,2,23,12,,3,,,,,4
11368745,8,52376,NORMAL,REGULAR,Round 25,LEAGUE,2858,Almería,Visita,2ND,18/02/2024,25,0,46%,1.34,3,10,3,2,,168,13,6,3,,2,0,4,4,2,8,0,3,0,,2,0,128,7,24,,10/28 (36%),4/8 (50%),54%,6,27/48 (56%),5/11 (45%),8/11 (73%),54%,13,4,34,25,,3,,,,,4
11368734,8,52376,NORMAL,REGULAR,Round 26,LEAGUE,2858,Almería,Local,ALL,24/02/2024,26,2,40%,0.48,0,9,7,2,13,364,14,12,1,,4,0,3,2,4,5,0,0,1,,3,1,281,24,50,,18/47 (38%),1/11 (9%),50%,7,36/78 (46%),17/27 (63%),10/24 (42%),50%,14,7,63,20,,7,-0.41,,,,4
11368734,8,52376,NORMAL,REGULAR,Round 26,LEAGUE,2858,Almería,Local,1ST,24/02/2024,26,1,41%,0.16,0,4,3,0,,204,7,4,0,,2,0,2,0,1,3,0,0,1,,1,0,162,10,23,,9/24 (38%),1/5 (20%),50%,3,15/33 (45%),6/9 (67%),4/12 (33%),43%,7,4,37,8,,3,,,,,0
11368734,8,52376,NORMAL,REGULAR,Round 26,LEAGUE,2858,Almería,Local,2ND,24/02/2024,26,1,39%,0.32,0,5,4,2,,160,7,8,1,,2,0,1,2,3,2,0,0,0,,2,1,119,14,27,,9/23 (39%),0/6 (0%),51%,4,21/45 (47%),11/18 (61%),6/12 (50%),57%,7,3,26,12,,4,,,,,4
11368734,8,52376,NORMAL,REGULAR,Round 26,LEAGUE,2836,Atlético Madrid,Visita,ALL,24/02/2024,26,2,60%,1.55,2,18,3,7,12,541,21,13,1,,9,1,5,4,10,8,1,1,1,,2,2,454,28,60,,28/52 (54%),4/18 (22%),50%,6,42/78 (54%),10/27 (37%),8/16 (50%),52%,21,11,59,13,,3,-1.35,,,,3
11368734,8,52376,NORMAL,REGULAR,Round 26,LEAGUE,2836,Atlético Madrid,Visita,1ST,24/02/2024,26,1,59%,0.75,1,9,1,5,,294,11,5,1,,4,0,2,3,5,4,1,0,1,,1,2,251,14,25,,13/23 (57%),2/10 (20%),50%,3,18/33 (55%),3/9 (33%),2/6 (33%),64%,11,8,32,4,,1,,,,,2
11368734,8,52376,NORMAL,REGULAR,Round 26,LEAGUE,2836,Atlético Madrid,Visita,2ND,24/02/2024,26,1,61%,0.80,1,9,2,2,,247,10,8,0,,5,1,3,1,5,4,0,1,0,,1,0,203,14,35,,15/29 (52%),2/8 (25%),49%,3,24/45 (53%),7/18 (39%),6/10 (60%),40%,10,3,27,9,,2,,,,,1
11368724,8,52376,NORMAL,REGULAR,Round 27,LEAGUE,2821,Celta Vigo,Local,ALL,01/03/2024,27,1,67%,1.48,2,15,0,7,8,591,11,14,1,0,6,0,3,6,11,4,,2,1,,5,2,516,25,70,,21/48 (44%),6/28 (21%),54%,9,33/69 (48%),23/34 (68%),8/21 (38%),36%,11,2,55,11,,0,0.00,,,,3
11368724,8,52376,NORMAL,REGULAR,Round 27,LEAGUE,2821,Celta Vigo,Local,1ST,01/03/2024,27,0,64%,0.29,0,3,0,4,,282,5,6,0,0,1,0,1,1,3,0,,0,1,,2,1,241,11,32,,11/27 (41%),2/13 (15%),43%,7,11/36 (31%),12/18 (67%),0/8 (0%),20%,5,1,26,4,,0,,,,,3
11368724,8,52376,NORMAL,REGULAR,Round 27,LEAGUE,2821,Celta Vigo,Local,2ND,01/03/2024,27,1,69%,1.19,2,12,0,3,,309,6,8,1,0,5,0,2,5,8,4,,2,0,,3,1,275,14,38,,10/21 (48%),4/15 (27%),67%,2,22/33 (67%),11/16 (69%),8/13 (62%),50%,6,1,29,7,,0,,,,,0
11368724,8,52376,NORMAL,REGULAR,Round 27,LEAGUE,2858,Almería,Visita,ALL,01/03/2024,27,0,33%,0.11,1,3,5,0,14,301,22,8,2,1,0,1,3,0,2,1,,1,0,,0,3,219,20,40,,18/57 (32%),1/7 (14%),46%,4,36/69 (52%),11/34 (32%),8/15 (53%),50%,22,6,49,27,,5,1.27,,,,8
11368724,8,52376,NORMAL,REGULAR,Round 27,LEAGUE,2858,Almería,Visita,1ST,01/03/2024,27,0,36%,0.11,1,3,1,0,,159,15,5,0,0,0,1,3,0,2,1,,1,0,,0,1,115,10,21,,10/27 (37%),1/6 (17%),57%,2,25/36 (69%),6/18 (33%),6/9 (67%),33%,15,4,26,11,,1,,,,,3
11368724,8,52376,NORMAL,REGULAR,Round 27,LEAGUE,2858,Almería,Visita,2ND,01/03/2024,27,0,31%,0.00,0,0,4,0,,142,7,3,2,1,0,0,0,0,0,0,,0,0,,0,2,104,10,19,,8/30 (27%),0/1 (0%),33%,2,11/33 (33%),5/16 (31%),2/6 (33%),86%,7,2,23,16,,4,,,,,5
11368715,8,52376,NORMAL,REGULAR,Round 28,LEAGUE,2858,Almería,Local,ALL,11/03/2024,28,2,43%,1.99,4,14,4,1,6,411,7,10,2,,4,0,8,2,7,7,2,2,1,,1,2,319,27,51,,28/59 (47%),6/14 (43%),46%,7,20/50 (40%),22/42 (52%),3/13 (23%),71%,7,6,52,28,,4,0.77,,,,7
11368715,8,52376,NORMAL,REGULAR,Round 28,LEAGUE,2858,Almería,Local,1ST,11/03/2024,28,1,47%,1.39,3,9,4,0,,231,2,3,0,,3,0,5,1,4,5,1,2,1,,1,1,188,11,28,,15/28 (54%),4/7 (57%),47%,3,6/14 (43%),11/22 (50%),1/3 (33%),50%,2,4,23,12,,4,,,,,5
11368715,8,52376,NORMAL,REGULAR,Round 28,LEAGUE,2858,Almería,Local,2ND,11/03/2024,28,1,39%,0.60,1,5,0,1,,180,5,7,2,,1,0,3,1,3,2,1,0,0,,0,1,131,16,23,,13/31 (42%),2/7 (29%),45%,4,14/36 (39%),11/20 (55%),2/10 (20%),80%,5,2,29,16,,0,,,,,2
11368715,8,52376,NORMAL,REGULAR,Round 28,LEAGUE,2833,Sevilla,Visita,ALL,11/03/2024,28,2,57%,2.47,5,19,2,8,11,547,17,6,1,,6,1,8,5,15,4,1,4,1,,1,2,440,19,72,,47/89 (53%),10/21 (48%),54%,4,30/50 (60%),20/42 (48%),7/10 (70%),59%,17,13,59,16,,2,-0.72,,,,11
11368715,8,52376,NORMAL,REGULAR,Round 28,LEAGUE,2833,Sevilla,Visita,1ST,11/03/2024,28,0,53%,1.75,4,12,2,3,,266,5,3,1,,4,1,4,4,8,4,0,4,1,,0,1,210,9,26,,21/42 (50%),3/8 (38%),53%,1,8/14 (57%),11/22 (50%),0/1 (0%),40%,5,6,26,7,,2,,,,,6
11368715,8,52376,NORMAL,REGULAR,Round 28,LEAGUE,2833,Sevilla,Visita,2ND,11/03/2024,28,2,61%,0.72,1,7,0,5,,281,12,3,0,,2,0,4,1,7,0,1,0,0,,1,1,230,10,46,,26/47 (55%),7/13 (54%),55%,3,22/36 (61%),9/20 (45%),7/9 (78%),67%,12,7,33,9,,0,,,,,5
11368705,8,52376,NORMAL,REGULAR,Round 29,LEAGUE,6577,UD Las Palmas,Local,ALL,17/03/2024,29,0,66%,0.94,1,21,1,11,8,602,11,15,2,,6,0,9,6,8,13,0,1,1,,4,3,517,22,57,,20/34 (59%),7/33 (21%),53%,5,32/58 (55%),18/36 (50%),8/16 (50%),45%,11,4,52,14,,1,0.18,,,,0
11368705,8,52376,NORMAL,REGULAR,Round 29,LEAGUE,6577,UD Las Palmas,Local,1ST,17/03/2024,29,0,58%,0.51,1,9,0,4,,285,1,4,1,,1,0,6,2,7,2,0,1,1,,2,1,237,14,29,,9/17 (53%),3/11 (27%),46%,5,10/27 (37%),11/19 (58%),6/10 (60%),0%,1,2,23,12,,0,,,,,0
11368705,8,52376,NORMAL,REGULAR,Round 29,LEAGUE,6577,UD Las Palmas,Local,2ND,17/03/2024,29,0,74%,0.43,0,12,1,7,,317,10,11,1,,5,0,3,4,1,11,0,0,0,,2,2,280,8,28,,11/17 (65%),4/22 (18%),60%,0,22/31 (71%),7/17 (41%),2/6 (33%),50%,10,2,29,2,,1,,,,,0
11368705,8,52376,NORMAL,REGULAR,Round 29,LEAGUE,2858,Almería,Visita,ALL,17/03/2024,29,1,34%,0.77,2,3,6,3,17,324,13,7,2,,2,0,0,1,3,0,1,1,0,,0,3,235,14,45,,19/65 (29%),1/10 (10%),47%,6,26/58 (45%),18/36 (50%),7/12 (58%),54%,13,14,47,29,,6,0.65,,,,16
11368705,8,52376,NORMAL,REGULAR,Round 29,LEAGUE,2858,Almería,Visita,1ST,17/03/2024,29,1,42%,0.46,1,2,1,2,,206,9,2,1,,1,0,0,1,2,0,1,0,0,,0,1,158,7,21,,9/31 (29%),1/9 (11%),54%,1,17/27 (63%),8/19 (42%),6/6 (100%),33%,9,8,24,8,,1,,,,,9
11368705,8,52376,NORMAL,REGULAR,Round 29,LEAGUE,2858,Almería,Visita,2ND,17/03/2024,29,0,26%,0.31,1,1,5,1,,118,4,5,1,,1,0,0,0,1,0,0,1,0,,0,2,77,7,24,,10/34 (29%),0/1 (0%),40%,5,9/31 (29%),10/17 (59%),1/6 (17%),100%,4,6,23,21,,5,,,,,7
11368706,8,52376,NORMAL,REGULAR,Round 30,LEAGUE,2858,Almería,Local,ALL,30/03/2024,30,0,51%,0.84,2,12,1,6,13,421,13,15,3,,5,0,5,2,7,5,0,2,,,2,2,359,21,45,,19/48 (40%),3/23 (13%),49%,3,32/56 (57%),15/40 (38%),5/11 (45%),46%,13,17,47,13,,1,-1.32,,,,6
11368706,8,52376,NORMAL,REGULAR,Round 30,LEAGUE,2858,Almería,Local,1ST,30/03/2024,30,0,52%,0.03,0,1,0,2,,224,7,8,0,,0,0,1,0,1,0,0,0,,,1,1,192,13,22,,10/28 (36%),1/12 (8%),54%,3,19/30 (63%),8/20 (40%),4/6 (67%),57%,7,6,20,5,,0,,,,,4
11368706,8,52376,NORMAL,REGULAR,Round 30,LEAGUE,2858,Almería,Local,2ND,30/03/2024,30,0,51%,0.82,2,11,1,4,,197,6,7,3,,5,0,4,2,6,5,0,2,,,1,1,167,8,23,,9/20 (45%),2/11 (18%),43%,0,13/26 (50%),7/20 (35%),1/5 (20%),33%,6,11,27,8,,1,,,,,2
11368706,8,52376,NORMAL,REGULAR,Round 30,LEAGUE,2820,Osasuna,Visita,ALL,30/03/2024,30,3,49%,1.03,2,6,5,1,15,415,9,12,2,,4,0,2,0,5,1,2,0,,,2,2,321,24,59,,38/77 (49%),3/11 (27%),51%,4,24/56 (43%),25/40 (63%),3/12 (25%),56%,9,4,49,12,,5,1.70,,,,13
11368706,8,52376,NORMAL,REGULAR,Round 30,LEAGUE,2820,Osasuna,Visita,1ST,30/03/2024,30,2,48%,0.87,1,4,0,0,,214,5,4,2,,2,0,2,0,3,1,1,0,,,1,0,171,11,28,,19/37 (51%),2/7 (29%),46%,3,11/30 (37%),12/20 (60%),2/6 (33%),60%,5,1,23,4,,0,,,,,5
11368706,8,52376,NORMAL,REGULAR,Round 30,LEAGUE,2820,Osasuna,Visita,2ND,30/03/2024,30,1,49%,0.16,1,2,5,1,,201,4,8,0,,2,0,0,0,2,0,1,0,,,1,2,150,13,31,,19/40 (48%),1/4 (25%),57%,1,13/26 (50%),13/20 (65%),1/6 (17%),50%,4,3,26,8,,5,,,,,8
11368683,8,52376,NORMAL,REGULAR,Round 31,LEAGUE,2824,Real Sociedad,Local,ALL,14/04/2024,31,2,50%,1.45,2,17,1,5,16,406,17,8,2,1,4,1,11,2,11,6,1,1,,,1,2,326,25,55,,26/60 (43%),8/31 (26%),46%,6,29/63 (46%),14/30 (47%),6/13 (46%),59%,17,4,45,15,,1,-0.19,,,,4
11368683,8,52376,NORMAL,REGULAR,Round 31,LEAGUE,2824,Real Sociedad,Local,1ST,14/04/2024,31,1,49%,0.90,1,11,0,4,,205,12,2,0,0,3,1,7,1,8,3,0,1,,,1,1,169,14,30,,10/21 (48%),6/25 (24%),56%,3,19/31 (61%),6/14 (43%),5/7 (71%),50%,12,2,30,2,,0,,,,,1
11368683,8,52376,NORMAL,REGULAR,Round 31,LEAGUE,2824,Real Sociedad,Local,2ND,14/04/2024,31,1,50%,0.55,1,6,1,1,,201,5,6,2,1,1,0,4,1,3,3,1,0,,,0,1,157,11,25,,16/39 (41%),2/6 (33%),38%,3,10/32 (31%),8/16 (50%),1/6 (17%),80%,5,2,15,13,,1,,,,,3
11368683,8,52376,NORMAL,REGULAR,Round 31,LEAGUE,2858,Almería,Visita,ALL,14/04/2024,31,2,50%,1.58,4,7,2,1,8,439,13,16,2,0,3,0,2,2,5,2,2,2,,,3,1,350,24,38,,26/63 (41%),2/6 (33%),54%,10,34/63 (54%),16/30 (53%),5/12 (42%),54%,13,4,40,27,,2,-0.63,,,,15
11368683,8,52376,NORMAL,REGULAR,Round 31,LEAGUE,2858,Almería,Visita,1ST,14/04/2024,31,1,51%,0.33,1,1,2,0,,238,5,5,1,0,1,0,0,0,0,1,1,0,,,0,1,196,12,12,,13/30 (43%),1/2 (50%),44%,9,12/31 (39%),8/14 (57%),2/5 (40%),60%,5,2,23,21,,2,,,,,8
11368683,8,52376,NORMAL,REGULAR,Round 31,LEAGUE,2858,Almería,Visita,2ND,14/04/2024,31,1,50%,1.25,3,6,0,1,,201,8,11,1,0,2,0,2,2,5,1,1,2,,,3,0,154,12,26,,13/33 (39%),1/4 (25%),62%,1,22/32 (69%),8/16 (50%),3/7 (43%),50%,8,2,17,6,,0,,,,,7
11368688,8,52376,NORMAL,REGULAR,Round 32,LEAGUE,2858,Almería,Local,ALL,21/04/2024,32,1,57%,1.84,3,24,1,5,10,507,9,16,3,1,5,0,13,6,17,7,1,2,2,,2,1,448,19,46,,32/59 (54%),8/23 (35%),56%,6,38/64 (59%),9/20 (45%),13/17 (76%),89%,9,5,42,12,,1,-0.56,,,,9
11368688,8,52376,NORMAL,REGULAR,Round 32,LEAGUE,2858,Almería,Local,1ST,21/04/2024,32,1,63%,1.05,2,15,1,3,,279,1,7,0,0,3,0,7,5,12,3,1,1,1,,0,0,259,9,22,,21/27 (78%),7/16 (44%),56%,4,14/28 (50%),6/8 (75%),6/8 (75%),100%,1,0,17,7,,1,,,,,5
11368688,8,52376,NORMAL,REGULAR,Round 32,LEAGUE,2858,Almería,Local,2ND,21/04/2024,32,0,51%,0.78,1,9,0,2,,228,8,9,3,1,2,0,6,1,5,4,0,1,1,,2,1,189,10,24,,11/32 (34%),1/7 (14%),56%,2,24/36 (67%),3/12 (25%),7/9 (78%),88%,8,5,25,5,,0,,,,,4
11368688,8,52376,NORMAL,REGULAR,Round 32,LEAGUE,2819,Villarreal,Visita,ALL,21/04/2024,32,2,43%,1.62,4,11,4,2,16,388,10,10,4,0,3,0,7,1,9,2,2,2,1,,2,2,326,11,38,,20/40 (50%),5/10 (50%),44%,6,26/64 (41%),11/20 (55%),6/9 (67%),80%,10,8,44,17,,4,0.22,,,,20
11368688,8,52376,NORMAL,REGULAR,Round 32,LEAGUE,2819,Villarreal,Visita,1ST,21/04/2024,32,1,37%,1.03,3,7,2,2,,164,6,4,0,0,2,0,4,1,6,1,1,2,0,,1,2,140,3,16,,8/17 (47%),4/7 (57%),44%,1,14/28 (50%),2/8 (25%),4/4 (100%),83%,6,5,19,7,,2,,,,,9
11368688,8,52376,NORMAL,REGULAR,Round 32,LEAGUE,2819,Villarreal,Visita,2ND,21/04/2024,32,1,49%,0.59,1,4,2,0,,224,4,6,4,0,1,0,3,0,3,1,1,0,1,,1,0,186,8,22,,12/23 (52%),1/3 (33%),44%,5,12/36 (33%),9/12 (75%),2/5 (40%),75%,4,3,25,10,,2,,,,,11
11368673,8,52376,NORMAL,REGULAR,Round 33,LEAGUE,2858,Almería,Local,ALL,27/04/2024,33,1,56%,2.36,4,21,2,9,15,377,12,30,5,1,11,0,7,3,13,8,1,3,,,5,2,306,23,55,,18/42 (43%),8/30 (27%),62%,10,49/79 (62%),16/26 (62%),8/13 (62%),75%,12,8,41,8,,2,-0.91,,,,3
11368673,8,52376,NORMAL,REGULAR,Round 33,LEAGUE,2858,Almería,Local,1ST,27/04/2024,33,1,50%,1.45,3,8,1,1,,170,9,14,1,0,7,0,1,0,7,1,1,2,,,3,2,134,7,21,,8/23 (35%),3/10 (30%),65%,3,25/39 (64%),10/15 (67%),3/7 (43%),67%,9,5,27,7,,1,,,,,2
11368673,8,52376,NORMAL,REGULAR,Round 33,LEAGUE,2858,Almería,Local,2ND,27/04/2024,33,0,61%,0.92,1,13,1,8,,207,3,16,4,1,4,0,6,3,6,7,0,1,,,2,0,172,16,34,,10/19 (53%),5/20 (25%),59%,7,24/40 (60%),6/11 (55%),5/6 (83%),100%,3,3,14,1,,1,,,,,1
11368673,8,52376,NORMAL,REGULAR,Round 33,LEAGUE,2859,Getafe,Visita,ALL,27/04/2024,33,3,44%,1.66,3,8,10,2,31,317,15,13,4,0,5,0,2,1,5,3,3,0,,,3,1,231,13,46,,30/73 (41%),2/10 (20%),38%,8,30/79 (38%),10/26 (38%),3/7 (43%),67%,15,9,40,20,,10,0.88,,,,11
11368673,8,52376,NORMAL,REGULAR,Round 33,LEAGUE,2859,Getafe,Visita,1ST,27/04/2024,33,1,50%,0.35,1,5,6,2,,174,7,6,1,0,2,0,2,1,3,2,1,0,,,2,0,129,8,25,,15/34 (44%),2/9 (22%),35%,5,14/39 (36%),5/15 (33%),2/6 (33%),71%,7,3,21,5,,6,,,,,4
11368673,8,52376,NORMAL,REGULAR,Round 33,LEAGUE,2859,Getafe,Visita,2ND,27/04/2024,33,2,39%,1.31,2,3,4,0,,143,8,7,3,0,3,0,0,0,2,1,2,0,,,1,1,102,5,21,,15/39 (38%),0/1 (0%),41%,3,16/40 (40%),5/11 (45%),1/1 (100%),63%,8,6,19,15,,4,,,,,7
11368658,8,52376,NORMAL,REGULAR,Round 34,LEAGUE,2818,Rayo Vallecano,Local,ALL,05/05/2024,34,0,68%,1.42,3,27,1,9,17,597,18,14,3,,10,0,12,5,13,14,0,3,,,4,3,515,31,91,,32/55 (58%),4/39 (10%),50%,14,41/87 (47%),16/28 (57%),10/19 (53%),78%,18,7,54,7,,1,-0.51,,,,10
11368658,8,52376,NORMAL,REGULAR,Round 34,LEAGUE,2818,Rayo Vallecano,Local,1ST,05/05/2024,34,0,65%,0.53,1,9,1,3,,311,8,5,1,,4,0,3,2,6,3,0,1,,,1,2,269,15,46,,18/32 (56%),2/12 (17%),43%,6,17/40 (43%),6/13 (46%),4/8 (50%),88%,8,4,26,5,,1,,,,,5
11368658,8,52376,NORMAL,REGULAR,Round 34,LEAGUE,2818,Rayo Vallecano,Local,2ND,05/05/2024,34,0,70%,0.89,2,18,0,6,,286,10,9,2,,6,0,9,3,7,11,0,2,,,3,1,246,16,45,,14/23 (61%),2/27 (7%),55%,8,24/47 (51%),10/15 (67%),6/11 (55%),70%,10,3,28,2,,0,,,,,5
11368658,8,52376,NORMAL,REGULAR,Round 34,LEAGUE,2858,Almería,Visita,ALL,05/05/2024,34,1,32%,0.37,1,7,10,2,15,293,23,16,2,,2,0,4,1,3,4,1,0,,,1,1,200,16,52,,18/68 (26%),3/8 (38%),50%,10,46/87 (53%),12/28 (43%),7/15 (47%),70%,23,16,55,47,,10,1.36,,,,13
11368658,8,52376,NORMAL,REGULAR,Round 34,LEAGUE,2858,Almería,Visita,1ST,05/05/2024,34,1,35%,0.26,1,3,4,2,,166,10,8,0,,2,0,0,1,2,1,1,0,,,1,1,119,7,24,,10/37 (27%),2/7 (29%),57%,6,23/40 (57%),7/13 (54%),5/7 (71%),60%,10,7,27,15,,4,,,,,6
11368658,8,52376,NORMAL,REGULAR,Round 34,LEAGUE,2858,Almería,Visita,2ND,05/05/2024,34,0,30%,0.11,0,4,6,0,,127,13,8,2,,0,0,4,0,1,3,0,0,,,0,0,81,9,28,,8/31 (26%),1/1 (100%),45%,4,23/47 (49%),5/15 (33%),2/8 (25%),77%,13,9,28,32,,6,,,,,7
11368629,8,52376,NORMAL,REGULAR,Round 35,LEAGUE,2816,Real Betis,Local,ALL,12/05/2024,35,3,47%,0.77,2,14,5,3,9,504,27,10,0,,7,0,2,5,9,5,2,0,,,0,2,425,27,40,,24/54 (44%),2/13 (15%),53%,19,47/85 (55%),10/22 (45%),10/13 (77%),59%,27,13,57,14,,5,-0.59,,,,7
11368629,8,52376,NORMAL,REGULAR,Round 35,LEAGUE,2816,Real Betis,Local,1ST,12/05/2024,35,2,45%,0.26,2,4,3,0,,255,11,5,0,,4,0,0,0,4,0,2,0,,,0,1,223,15,18,,14/23 (61%),1/5 (20%),52%,7,22/42 (52%),2/4 (50%),6/8 (75%),73%,11,7,25,5,,3,,,,,2
11368629,8,52376,NORMAL,REGULAR,Round 35,LEAGUE,2816,Real Betis,Local,2ND,12/05/2024,35,1,50%,0.51,0,10,2,3,,249,16,5,0,,3,0,2,5,5,5,0,0,,,0,1,202,12,22,,10/31 (32%),1/8 (13%),54%,12,25/43 (58%),8/18 (44%),4/5 (80%),50%,16,6,32,9,,2,,,,,5
11368629,8,52376,NORMAL,REGULAR,Round 35,LEAGUE,2858,Almería,Visita,ALL,12/05/2024,35,2,53%,1.17,2,14,5,5,10,556,22,9,2,,7,1,6,1,5,9,1,1,,,1,1,481,17,47,,21/47 (45%),6/18 (33%),47%,18,38/85 (45%),12/22 (55%),7/16 (44%),55%,22,13,63,13,,5,-1.51,,,,3
11368629,8,52376,NORMAL,REGULAR,Round 35,LEAGUE,2858,Almería,Visita,1ST,12/05/2024,35,1,55%,0.15,0,6,2,2,,310,9,7,1,,4,0,2,0,2,4,0,0,,,1,0,279,6,23,,14/23 (61%),3/7 (43%),48%,7,20/42 (48%),2/4 (50%),4/8 (50%),56%,9,6,31,8,,2,,,,,1
11368629,8,52376,NORMAL,REGULAR,Round 35,LEAGUE,2858,Almería,Visita,2ND,12/05/2024,35,1,50%,1.03,2,8,3,3,,246,13,2,1,,3,1,4,1,3,5,1,1,,,0,1,202,11,24,,7/24 (29%),3/11 (27%),46%,11,18/43 (42%),10/18 (56%),3/8 (38%),54%,13,7,32,5,,3,,,,,2
11368645,8,52376,NORMAL,REGULAR,Round 36,LEAGUE,2858,Almería,Local,ALL,16/05/2024,36,0,35%,0.92,2,12,5,4,10,370,17,10,0,,3,1,7,2,7,5,0,2,1,,0,5,311,15,31,,15/39 (38%),2/8 (25%),46%,6,34/68 (50%),5/16 (31%),7/14 (50%),65%,17,8,43,21,,5,-0.10,,,,8
11368645,8,52376,NORMAL,REGULAR,Round 36,LEAGUE,2858,Almería,Local,1ST,16/05/2024,36,0,35%,0.43,1,6,3,3,,176,6,4,0,,3,1,2,1,4,2,0,1,1,,0,4,145,11,15,,10/25 (40%),1/5 (20%),40%,4,14/32 (44%),3/11 (27%),4/8 (50%),33%,6,5,19,12,,3,,,,,5
11368645,8,52376,NORMAL,REGULAR,Round 36,LEAGUE,2858,Almería,Local,2ND,16/05/2024,36,0,35%,0.49,1,6,2,1,,194,11,6,0,,0,0,5,1,3,3,0,1,0,,0,1,166,4,16,,5/14 (36%),1/3 (33%),54%,2,20/36 (56%),2/5 (40%),3/6 (50%),82%,11,3,24,9,,2,,,,,3
11368645,8,52376,NORMAL,REGULAR,Round 36,LEAGUE,2817,FC Barcelona,Visita,ALL,16/05/2024,36,2,65%,1.57,3,16,3,7,11,687,13,10,1,,7,1,7,2,11,5,1,2,0,,1,1,618,20,67,,28/46 (61%),6/17 (35%),54%,8,34/68 (50%),11/16 (69%),11/20 (55%),62%,13,5,40,8,,3,0.59,,,,8
11368645,8,52376,NORMAL,REGULAR,Round 36,LEAGUE,2817,FC Barcelona,Visita,1ST,16/05/2024,36,1,65%,0.91,2,10,3,5,,328,8,4,0,,4,1,5,1,7,3,1,1,0,,0,1,297,9,32,,12/22 (55%),5/11 (45%),60%,1,18/32 (56%),8/11 (73%),6/11 (55%),63%,8,3,21,5,,3,,,,,2
11368645,8,52376,NORMAL,REGULAR,Round 36,LEAGUE,2817,FC Barcelona,Visita,2ND,16/05/2024,36,1,65%,0.66,1,6,0,2,,359,5,6,1,,3,0,2,1,4,2,0,1,0,,1,0,321,11,35,,16/24 (67%),1/6 (17%),46%,7,16/36 (44%),3/5 (60%),5/9 (56%),60%,5,2,19,3,,0,,,,,6
11368635,8,52376,NORMAL,REGULAR,Round 37,LEAGUE,2826,Mallorca,Local,ALL,19/05/2024,37,2,51%,3.01,3,29,1,12,9,422,13,9,2,,8,1,13,8,17,12,1,2,1,38,1,2,349,23,71,114/158 (72%),24/47 (51%),11/39 (28%),53%,5,31/62 (50%),21/37 (57%),9/20 (45%),77%,13,15,48,10,0,1,-1.16,0,1,0,8
11368635,8,52376,NORMAL,REGULAR,Round 37,LEAGUE,2826,Mallorca,Local,1ST,19/05/2024,37,1,54%,1.44,1,12,0,4,,213,4,5,2,,1,1,9,2,7,5,1,0,0,,0,1,179,10,36,,14/29 (48%),6/17 (35%),47%,2,11/27 (41%),10/18 (56%),2/6 (33%),25%,4,8,17,7,,0,,,,,6
11368635,8,52376,NORMAL,REGULAR,Round 37,LEAGUE,2826,Mallorca,Local,2ND,19/05/2024,37,1,49%,1.57,2,17,1,8,,209,9,4,0,,7,0,4,6,10,7,0,2,1,,1,1,170,13,35,,10/18 (56%),5/22 (23%),57%,3,20/35 (57%),11/19 (58%),7/14 (50%),100%,9,7,31,3,,1,,,,,2
11368635,8,52376,NORMAL,REGULAR,Round 37,LEAGUE,2858,Almería,Visita,ALL,19/05/2024,37,2,49%,0.42,0,7,6,2,9,419,16,9,3,,3,0,2,2,3,4,0,0,0,6,2,1,344,15,44,51/74 (69%),20/57 (35%),1/13 (8%),47%,5,31/62 (50%),16/37 (43%),6/14 (43%),63%,16,6,48,37,1,6,0.82,2,2,2,15
11368635,8,52376,NORMAL,REGULAR,Round 37,LEAGUE,2858,Almería,Visita,1ST,19/05/2024,37,1,46%,0.34,0,3,0,1,,187,6,6,1,,1,0,1,1,2,1,0,0,0,,2,1,151,4,24,,8/24 (33%),1/9 (11%),53%,2,16/27 (59%),8/18 (44%),4/6 (67%),83%,6,2,19,15,,0,,,,,8
11368635,8,52376,NORMAL,REGULAR,Round 37,LEAGUE,2858,Almería,Visita,2ND,19/05/2024,37,1,51%,0.08,0,4,6,1,,232,10,3,2,,2,0,1,1,1,3,0,0,0,,0,0,193,11,20,,12/33 (36%),0/4 (0%),43%,3,15/35 (43%),8/19 (42%),2/8 (25%),50%,10,4,29,22,,6,,,,,7
11368639,8,52376,NORMAL,REGULAR,Round 38,LEAGUE,2858,Almería,Local,ALL,25/05/2024,38,6,46%,3.16,6,27,3,1,4,437,18,9,2,,12,0,11,4,16,11,3,3,,31,1,0,371,10,37,80/104 (77%),12/32 (38%),4/13 (31%),63%,3,46/69 (67%),9/18 (50%),19/27 (70%),61%,18,7,51,18,1,3,-0.18,1,0,1,7
11368639,8,52376,NORMAL,REGULAR,Round 38,LEAGUE,2858,Almería,Local,1ST,25/05/2024,38,0,44%,0.44,0,6,1,0,,228,11,8,1,,2,0,4,0,2,4,0,0,,,1,0,192,9,17,,7/15 (47%),2/6 (33%),65%,3,32/45 (71%),4/10 (40%),13/16 (81%),64%,11,5,27,8,,1,,,,,3
11368639,8,52376,NORMAL,REGULAR,Round 38,LEAGUE,2858,Almería,Local,2ND,25/05/2024,38,6,49%,2.73,6,21,2,1,,209,7,1,1,,10,0,7,4,14,7,3,3,,,0,0,179,1,20,,5/17 (29%),2/7 (29%),59%,0,14/24 (58%),5/8 (63%),6/11 (55%),57%,7,2,24,10,,2,,,,,4
11368639,8,52376,NORMAL,REGULAR,Round 38,LEAGUE,4488,Cádiz,Visita,ALL,25/05/2024,38,1,54%,0.50,0,12,7,4,9,510,11,4,2,,4,0,7,1,4,8,0,0,,19,1,1,441,22,54,94/125 (75%),28/60 (47%),1/14 (7%),37%,9,23/69 (33%),9/18 (50%),8/17 (47%),73%,11,7,39,19,0,7,-1.80,0,2,0,11
11368639,8,52376,NORMAL,REGULAR,Round 38,LEAGUE,4488,Cádiz,Visita,1ST,25/05/2024,38,1,56%,0.26,0,5,2,3,,291,6,3,1,,2,0,3,0,2,3,0,0,,,1,0,255,10,32,,15/31 (48%),1/7 (14%),35%,4,13/45 (29%),6/10 (60%),4/11 (36%),83%,6,4,24,5,,2,,,,,4
11368639,8,52376,NORMAL,REGULAR,Round 38,LEAGUE,4488,Cádiz,Visita,2ND,25/05/2024,38,0,51%,0.25,0,7,5,1,,219,5,1,1,,2,0,4,1,2,5,0,0,,,0,1,186,12,22,,13/29 (45%),0/7 (0%),41%,5,10/24 (42%),3/8 (38%),4/6 (67%),60%,5,3,15,14,,5,,,,,7
12467778,54,62048,NORMAL,REGULAR,Round 1,LEAGUE,2835,Real Racing Club,Local,ALL,18/08/2024,1,2,37%,0.00,4,12,6,5,16,307,25,14,3,,5,0,4,3,11,1,2,2,1,29,3,4,206,19,53,49/95 (52%),13/50 (26%),4/10 (40%),48%,9,44/85 (52%),8/23 (35%),4/8 (50%),72%,25,11,53,24,,6,,0,0,2,10
12467778,54,62048,NORMAL,REGULAR,Round 1,LEAGUE,2835,Real Racing Club,Local,1ST,18/08/2024,1,2,39%,0.00,3,6,2,1,,155,12,5,3,,2,0,3,1,5,1,2,1,0,,1,1,112,10,27,,8/25 (32%),0/3 (0%),44%,4,20/39 (51%),2/11 (18%),2/5 (40%),75%,12,6,24,16,,2,,,,,4
12467778,54,62048,NORMAL,REGULAR,Round 1,LEAGUE,2835,Real Racing Club,Local,2ND,18/08/2024,1,0,36%,0.00,1,6,4,4,,152,13,9,0,,3,0,1,2,6,0,0,1,1,,2,3,94,9,26,,5/25 (20%),4/7 (57%),52%,5,24/46 (52%),6/12 (50%),2/3 (67%),69%,13,5,29,8,,4,,,,,6
12467778,54,62048,NORMAL,REGULAR,Round 1,LEAGUE,2858,Almería,Visita,ALL,18/08/2024,1,2,63%,0.00,1,20,3,7,15,513,13,15,2,,8,0,10,2,14,6,1,0,0,29,1,0,421,26,54,83/121 (69%),19/44 (43%),2/16 (13%),52%,10,41/85 (48%),15/23 (65%),13/28 (46%),69%,13,9,49,22,,3,,1,1,0,4
12467778,54,62048,NORMAL,REGULAR,Round 1,LEAGUE,2858,Almería,Visita,1ST,18/08/2024,1,0,61%,0.00,0,7,0,4,,236,7,8,1,,2,0,4,1,6,1,0,0,0,,0,0,188,14,23,,9/27 (33%),2/11 (18%),56%,7,19/39 (49%),9/11 (82%),4/9 (44%),71%,7,6,23,6,,0,,,,,3
12467778,54,62048,NORMAL,REGULAR,Round 1,LEAGUE,2858,Almería,Visita,2ND,18/08/2024,1,2,64%,0.00,1,13,3,3,,277,6,7,1,,6,0,6,1,8,5,1,0,0,,1,0,233,12,31,,10/17 (59%),0/5 (0%),48%,3,22/46 (48%),6/12 (50%),9/19 (47%),67%,6,3,26,16,,3,,,,,1
12467768,54,62048,NORMAL,REGULAR,Round 2,LEAGUE,2822,CD Tenerife,Local,ALL,24/08/2024,2,0,41%,0.00,1,11,2,4,10,305,13,9,0,1,5,0,6,0,8,3,0,1,0,22,1,5,226,14,46,50/89 (56%),19/55 (35%),2/13 (15%),51%,4,28/56 (50%),9/16 (56%),6/11 (55%),62%,13,6,44,17,,2,,0,2,,16
12467768,54,62048,NORMAL,REGULAR,Round 2,LEAGUE,2822,CD Tenerife,Local,1ST,24/08/2024,2,0,43%,0.00,1,6,1,1,,157,8,4,0,0,2,0,4,0,5,1,0,1,0,,0,2,110,7,28,,10/30 (33%),1/7 (14%),53%,0,13/27 (48%),7/11 (64%),1/4 (25%),63%,8,4,25,12,,1,,,,,7
12467768,54,62048,NORMAL,REGULAR,Round 2,LEAGUE,2822,CD Tenerife,Local,2ND,24/08/2024,2,0,38%,0.00,0,5,1,3,,148,5,5,0,1,3,0,2,0,3,2,0,0,0,,1,3,116,7,18,,9/25 (36%),1/6 (17%),50%,4,15/29 (52%),2/5 (40%),5/7 (71%),60%,5,2,19,5,,1,,,,,9
12467768,54,62048,NORMAL,REGULAR,Round 2,LEAGUE,2858,Almería,Visita,ALL,24/08/2024,2,1,59%,0.00,1,20,5,8,9,440,9,10,2,0,3,0,7,10,11,9,1,0,2,29,2,2,363,16,52,74/111 (67%),21/48 (44%),6/22 (27%),49%,5,28/56 (50%),7/16 (44%),9/17 (53%),89%,9,8,46,20,,5,,1,2,,11
12467768,54,62048,NORMAL,REGULAR,Round 2,LEAGUE,2858,Almería,Visita,1ST,24/08/2024,2,0,57%,0.00,0,13,2,4,,205,3,4,0,0,1,0,4,8,6,7,0,0,1,,1,1,164,10,22,,10/24 (42%),2/11 (18%),47%,3,14/27 (52%),4/11 (36%),7/12 (58%),67%,3,6,23,13,,2,,,,,7
12467768,54,62048,NORMAL,REGULAR,Round 2,LEAGUE,2858,Almería,Visita,2ND,24/08/2024,2,1,62%,0.00,1,7,3,4,,235,6,6,2,0,2,0,3,2,5,2,1,0,1,,1,1,199,6,30,,11/24 (46%),4/11 (36%),50%,2,14/29 (48%),3/5 (60%),2/5 (40%),100%,6,2,23,7,,3,,,,,4
12467762,54,62048,NORMAL,REGULAR,Round 3,LEAGUE,2858,Almería,Local,ALL,31/08/2024,3,1,59%,0.00,2,26,3,10,13,593,17,13,0,,6,0,8,12,17,9,0,2,3,41,2,0,526,15,89,143/185 (77%),24/42 (57%),6/28 (21%),51%,13,37/74 (50%),13/24 (54%),7/16 (44%),65%,17,6,53,11,,3,,1,0,,3
12467762,54,62048,NORMAL,REGULAR,Round 3,LEAGUE,2858,Almería,Local,1ST,31/08/2024,3,0,58%,0.00,0,10,1,5,,321,6,5,0,,3,0,2,5,7,3,0,0,2,,1,0,285,6,43,,12/20 (60%),3/10 (30%),45%,6,13/34 (38%),6/8 (75%),2/8 (25%),50%,6,1,25,1,,1,,,,,2
12467762,54,62048,NORMAL,REGULAR,Round 3,LEAGUE,2858,Almería,Local,2ND,31/08/2024,3,1,60%,0.00,2,16,2,5,,272,11,8,0,,3,0,6,7,10,6,0,2,1,,1,0,241,9,46,,12/22 (55%),3/18 (17%),55%,7,24/40 (60%),7/16 (44%),5/8 (63%),73%,11,5,28,10,,2,,,,,1
12467762,54,62048,NORMAL,REGULAR,Round 3,LEAGUE,2852,Sporting Gijón,Visita,ALL,31/08/2024,3,1,41%,0.00,1,9,5,1,13,430,22,13,3,,4,0,2,3,6,3,1,0,2,16,0,1,359,4,42,51/78 (65%),20/49 (41%),1/5 (20%),49%,9,37/74 (50%),11/24 (46%),5/13 (38%),64%,22,10,48,27,,5,,0,2,,11
12467762,54,62048,NORMAL,REGULAR,Round 3,LEAGUE,2852,Sporting Gijón,Visita,1ST,31/08/2024,3,0,42%,0.00,0,5,2,0,,244,12,8,1,,1,0,1,3,3,2,0,0,1,,0,1,212,1,22,,9/23 (39%),1/2 (50%),55%,5,21/34 (62%),2/8 (25%),3/4 (75%),58%,12,7,25,9,,2,,,,,3
12467762,54,62048,NORMAL,REGULAR,Round 3,LEAGUE,2852,Sporting Gijón,Visita,2ND,31/08/2024,3,1,40%,0.00,1,4,3,1,,186,10,5,2,,3,0,1,0,3,1,1,0,1,,0,0,147,3,20,,11/26 (42%),0/3 (0%),45%,4,16/40 (40%),9/16 (56%),2/9 (22%),70%,10,3,23,18,,3,,,,,8
12467750,54,62048,NORMAL,REGULAR,Round 4,LEAGUE,47321,CD Eldense,Local,ALL,08/09/2024,4,1,45%,0.00,1,7,2,3,17,274,9,11,1,,3,0,2,2,4,3,1,,,12,2,3,201,25,54,49/89 (55%),26/70 (37%),4/18 (22%),50%,6,23/54 (43%),15/22 (68%),3/5 (60%),89%,9,8,41,21,,2,,,2,,7
12467750,54,62048,NORMAL,REGULAR,Round 4,LEAGUE,47321,CD Eldense,Local,1ST,08/09/2024,4,0,40%,0.00,0,3,2,2,,114,5,2,1,,1,0,0,2,1,2,0,,,,0,0,79,11,26,,11/31 (35%),2/9 (22%),45%,2,8/25 (32%),10/15 (67%),1/3 (33%),100%,5,4,18,13,,2,,,,,4
12467750,54,62048,NORMAL,REGULAR,Round 4,LEAGUE,47321,CD Eldense,Local,2ND,08/09/2024,4,1,49%,0.00,1,4,0,1,,160,4,9,0,,2,0,2,0,3,1,1,,,,2,3,122,14,28,,15/39 (38%),2/9 (22%),56%,4,15/29 (52%),5/7 (71%),2/2 (100%),75%,4,4,23,8,,0,,,,,3
12467750,54,62048,NORMAL,REGULAR,Round 4,LEAGUE,2858,Almería,Visita,ALL,08/09/2024,4,0,55%,0.00,0,10,2,4,11,342,8,17,3,,2,2,5,3,5,5,0,,,17,2,3,270,22,43,64/91 (70%),24/52 (46%),7/16 (44%),50%,5,31/54 (57%),7/22 (32%),6/10 (60%),75%,8,5,34,21,,2,,,1,,7
12467750,54,62048,NORMAL,REGULAR,Round 4,LEAGUE,2858,Almería,Visita,1ST,08/09/2024,4,0,60%,0.00,0,6,1,4,,176,4,11,1,,2,2,3,1,3,3,0,,,,2,3,140,11,22,,11/28 (39%),4/9 (44%),55%,4,17/25 (68%),5/15 (33%),2/3 (67%),75%,4,3,20,13,,1,,,,,2
12467750,54,62048,NORMAL,REGULAR,Round 4,LEAGUE,2858,Almería,Visita,2ND,08/09/2024,4,0,51%,0.00,0,4,1,0,,166,4,6,2,,0,0,2,2,2,2,0,,,,0,0,130,11,21,,13/24 (54%),3/7 (43%),44%,1,14/29 (48%),2/7 (29%),4/7 (57%),75%,4,2,14,8,,1,,,,,5
12467741,54,62048,NORMAL,REGULAR,Round 5,LEAGUE,2858,Almería,Local,ALL,16/09/2024,5,2,48%,0.00,3,20,2,5,9,382,8,16,0,,7,1,9,4,12,8,1,2,1,32,4,2,279,26,49,50/81 (62%),23/69 (33%),1/10 (10%),53%,5,32/58 (55%),16/32 (50%),10/18 (56%),75%,8,10,45,19,0,2,,,0,,6
12467741,54,62048,NORMAL,REGULAR,Round 5,LEAGUE,2858,Almería,Local,1ST,16/09/2024,5,0,42%,0.00,2,9,0,2,,169,2,8,0,,1,1,5,3,4,5,0,2,1,,2,1,125,7,27,,13/33 (39%),1/4 (25%),50%,0,15/26 (58%),5/14 (36%),6/11 (55%),100%,2,7,25,16,,0,,,,,4
12467741,54,62048,NORMAL,REGULAR,Round 5,LEAGUE,2858,Almería,Local,2ND,16/09/2024,5,2,56%,0.00,1,11,2,3,,213,6,8,0,,6,0,4,1,8,3,1,0,0,,2,1,154,19,22,,10/36 (28%),0/6 (0%),56%,5,17/32 (53%),11/18 (61%),4/7 (57%),67%,6,3,20,3,,2,,,,,2
12467741,54,62048,NORMAL,REGULAR,Round 5,LEAGUE,5067,CD Castellón,Visita,ALL,16/09/2024,5,5,52%,0.00,2,11,5,4,17,400,13,9,4,,7,0,1,3,9,2,1,1,1,22,2,2,298,14,58,56/110 (51%),22/61 (36%),4/15 (27%),47%,5,26/58 (45%),16/32 (50%),5/8 (63%),54%,13,6,57,17,1,5,,,1,,10
12467741,54,62048,NORMAL,REGULAR,Round 5,LEAGUE,5067,CD Castellón,Visita,1ST,16/09/2024,5,1,58%,0.00,0,4,1,3,,233,5,5,2,,1,0,0,3,4,0,0,0,0,,2,1,179,6,26,,13/32 (41%),2/10 (20%),50%,1,11/26 (42%),9/14 (64%),2/3 (67%),60%,5,2,25,7,,1,,,,,6
12467741,54,62048,NORMAL,REGULAR,Round 5,LEAGUE,5067,CD Castellón,Visita,2ND,16/09/2024,5,4,44%,0.00,2,7,4,1,,167,8,4,2,,6,0,1,0,5,2,1,1,1,,0,1,119,8,32,,9/29 (31%),2/5 (40%),44%,4,15/32 (47%),7/18 (39%),3/5 (60%),50%,8,4,32,10,,4,,,,,4
12467731,54,62048,NORMAL,REGULAR,Round 6,LEAGUE,2858,Almería,Local,ALL,22/09/2024,6,2,67%,0.00,2,13,1,9,14,554,9,16,4,0,5,1,5,3,8,5,1,1,,28,3,1,456,30,75,103/162 (64%),38/71 (54%),8/32 (25%),46%,7,28/63 (44%),15/31 (48%),5/14 (36%),89%,9,5,48,14,0,1,,0,1,0,5
12467731,54,62048,NORMAL,REGULAR,Round 6,LEAGUE,2858,Almería,Local,1ST,22/09/2024,6,0,57%,0.00,0,4,0,2,,236,5,4,0,0,0,0,3,1,2,2,0,0,,,1,1,189,12,30,,21/39 (54%),3/15 (20%),44%,5,9/26 (35%),9/15 (60%),2/5 (40%),80%,5,4,27,10,,0,,,,,4
12467731,54,62048,NORMAL,REGULAR,Round 6,LEAGUE,2858,Almería,Local,2ND,22/09/2024,6,2,77%,0.00,2,9,1,7,,318,4,12,4,0,5,1,2,2,6,3,1,1,,,2,0,267,18,45,,17/32 (53%),5/17 (29%),47%,2,19/37 (51%),6/16 (38%),3/9 (33%),100%,4,1,21,4,,1,,,,,1
12467731,54,62048,NORMAL,REGULAR,Round 6,LEAGUE,2839,Eibar,Visita,ALL,22/09/2024,6,2,33%,0.00,1,8,3,3,16,277,16,14,4,1,2,1,5,1,5,3,1,0,,14,1,4,198,16,45,39/78 (50%),21/66 (32%),3/11 (27%),54%,5,35/63 (56%),16/31 (52%),6/10 (60%),69%,16,7,49,45,1,3,,2,0,2,9
12467731,54,62048,NORMAL,REGULAR,Round 6,LEAGUE,2839,Eibar,Visita,1ST,22/09/2024,6,1,43%,0.00,0,5,0,1,,182,8,7,1,0,0,1,4,1,2,3,0,0,,,1,2,133,12,28,,10/40 (25%),1/6 (17%),56%,4,17/26 (65%),6/15 (40%),3/4 (75%),63%,8,2,23,19,,0,,,,,5
12467731,54,62048,NORMAL,REGULAR,Round 6,LEAGUE,2839,Eibar,Visita,2ND,22/09/2024,6,1,23%,0.00,1,3,3,2,,95,8,7,3,1,2,0,1,0,3,0,1,0,,,0,2,65,4,17,,11/26 (42%),2/5 (40%),53%,1,18/37 (49%),10/16 (63%),3/6 (50%),75%,8,5,26,26,,3,,,,,4
12467716,54,62048,NORMAL,REGULAR,Round 7,LEAGUE,2849,Levante UD,Local,ALL,29/09/2024,7,4,44%,0.00,5,13,2,5,9,443,10,8,1,,8,1,5,0,10,3,3,2,1,23,0,0,375,15,50,63/95 (66%),27/56 (48%),6/16 (38%),48%,4,24/48 (50%),6/15 (40%),6/14 (43%),90%,10,9,55,13,0,2,,0,1,1,11
12467716,54,62048,NORMAL,REGULAR,Round 7,LEAGUE,2849,Levante UD,Local,1ST,29/09/2024,7,2,49%,0.00,3,8,2,5,,223,5,4,1,,5,1,3,0,6,2,2,1,0,,0,0,187,8,33,,16/30 (53%),4/11 (36%),52%,0,13/22 (59%),3/9 (33%),4/9 (44%),80%,5,5,27,6,,2,,,,,3
12467716,54,62048,NORMAL,REGULAR,Round 7,LEAGUE,2849,Levante UD,Local,2ND,29/09/2024,7,2,41%,0.00,2,5,0,0,,220,5,4,0,,3,0,2,0,4,1,1,1,1,,0,0,188,7,17,,11/26 (42%),2/5 (40%),44%,4,11/26 (42%),3/6 (50%),2/5 (40%),100%,5,4,28,7,,0,,,,,8
12467716,54,62048,NORMAL,REGULAR,Round 7,LEAGUE,2858,Almería,Visita,ALL,29/09/2024,7,2,56%,0.00,1,16,4,3,8,552,12,9,1,,4,1,8,4,9,7,0,1,0,25,1,1,480,15,69,117/156 (75%),28/52 (54%),7/20 (35%),52%,3,24/48 (50%),9/15 (60%),3/10 (30%),67%,12,9,54,10,1,4,,1,0,0,7
12467716,54,62048,NORMAL,REGULAR,Round 7,LEAGUE,2858,Almería,Visita,1ST,29/09/2024,7,2,51%,0.00,0,7,3,2,,237,5,3,1,,4,0,1,2,4,3,0,0,0,,0,1,197,4,27,,12/25 (48%),3/8 (38%),48%,2,9/22 (41%),6/9 (67%),1/4 (25%),80%,5,6,26,9,,3,,,,,4
12467716,54,62048,NORMAL,REGULAR,Round 7,LEAGUE,2858,Almería,Visita,2ND,29/09/2024,7,0,59%,0.00,1,9,1,1,,315,7,6,0,,0,1,7,2,5,4,0,1,0,,1,0,283,11,42,,16/27 (59%),4/12 (33%),56%,1,15/26 (58%),3/6 (50%),2/6 (33%),57%,7,3,28,1,,1,,,,,3
12467708,54,62048,NORMAL,REGULAR,Round 8,LEAGUE,2858,Almería,Local,ALL,05/10/2024,8,2,39%,0.00,5,17,5,5,9,303,16,10,3,1,5,0,5,7,9,8,2,3,1,22,2,0,224,19,39,56/90 (62%),19/56 (34%),2/14 (14%),49%,8,33/62 (53%),12/29 (41%),9/18 (50%),75%,16,11,47,31,1,5,,1,,1,12
12467708,54,62048,NORMAL,REGULAR,Round 8,LEAGUE,2858,Almería,Local,1ST,05/10/2024,8,1,45%,0.00,3,10,2,3,,191,6,6,1,1,2,0,3,5,7,3,1,2,1,,1,0,150,8,20,,10/24 (42%),2/10 (20%),53%,5,13/28 (46%),10/15 (67%),2/5 (40%),67%,6,5,25,16,,2,,,,,5
12467708,54,62048,NORMAL,REGULAR,Round 8,LEAGUE,2858,Almería,Local,2ND,05/10/2024,8,1,31%,0.00,2,7,3,2,,112,10,4,2,0,3,0,2,2,2,5,1,1,0,,1,0,74,11,19,,9/32 (28%),0/4 (0%),46%,3,20/34 (59%),2/14 (14%),7/13 (54%),80%,10,6,22,15,,3,,,,,7
12467708,54,62048,NORMAL,REGULAR,Round 8,LEAGUE,2854,Burgos Club de Fútbol,Visita,ALL,05/10/2024,8,0,61%,0.00,3,17,3,8,10,471,17,9,2,0,5,0,9,3,11,6,0,3,1,22,0,4,395,24,89,113/153 (74%),22/53 (42%),4/30 (13%),51%,6,29/62 (47%),17/29 (59%),3/13 (23%),76%,17,7,53,17,0,3,,0,,0,6
12467708,54,62048,NORMAL,REGULAR,Round 8,LEAGUE,2854,Burgos Club de Fútbol,Visita,1ST,05/10/2024,8,0,55%,0.00,1,10,1,5,,236,8,6,0,0,2,0,5,3,6,4,0,1,0,,0,2,188,10,43,,10/29 (34%),2/11 (18%),47%,3,15/28 (54%),5/15 (33%),1/4 (25%),75%,8,4,27,12,,1,,,,,4
12467708,54,62048,NORMAL,REGULAR,Round 8,LEAGUE,2854,Burgos Club de Fútbol,Visita,2ND,05/10/2024,8,0,69%,0.00,2,7,2,3,,235,9,3,2,0,3,0,4,0,5,2,0,2,1,,0,2,207,14,46,,12/24 (50%),2/19 (11%),54%,3,14/34 (41%),12/14 (86%),2/9 (22%),78%,9,3,26,5,,2,,,,,2
12467692,54,62048,NORMAL,REGULAR,Round 9,LEAGUE,2851,Real Oviedo,Local,ALL,13/10/2024,9,3,59%,0.00,4,22,3,6,14,428,15,18,2,0,9,0,10,3,17,5,3,1,0,40,3,2,363,14,50,90/115 (78%),34/55 (62%),9/24 (38%),63%,5,39/64 (61%),19/28 (68%),8/12 (67%),80%,15,4,43,9,0,3,,,0,,5
12467692,54,62048,NORMAL,REGULAR,Round 9,LEAGUE,2851,Real Oviedo,Local,1ST,13/10/2024,9,2,59%,0.00,3,7,1,4,,226,9,9,0,0,5,0,2,0,6,1,2,1,0,,0,1,188,5,19,,17/29 (59%),4/13 (31%),63%,3,19/30 (63%),10/16 (63%),2/4 (50%),89%,9,2,25,4,,1,,,,,5
12467692,54,62048,NORMAL,REGULAR,Round 9,LEAGUE,2851,Real Oviedo,Local,2ND,13/10/2024,9,1,59%,0.00,1,15,2,2,,202,6,9,2,0,4,0,8,3,11,4,1,0,0,,3,1,175,9,31,,17/26 (65%),5/11 (45%),63%,2,20/34 (59%),9/12 (75%),6/8 (75%),67%,6,2,18,5,,2,,,,,0
12467692,54,62048,NORMAL,REGULAR,Round 9,LEAGUE,2858,Almería,Visita,ALL,13/10/2024,9,2,41%,0.00,2,8,6,0,18,308,9,14,4,2,5,0,3,0,5,3,2,0,1,8,0,1,239,16,43,23/57 (40%),19/58 (33%),0/5 (0%),37%,9,25/64 (39%),9/28 (32%),3/9 (33%),44%,9,8,31,19,1,6,,,1,,15
12467692,54,62048,NORMAL,REGULAR,Round 9,LEAGUE,2858,Almería,Visita,1ST,13/10/2024,9,1,41%,0.00,1,5,3,0,,160,5,6,2,0,2,0,3,0,3,2,1,0,1,,0,0,125,8,21,,9/28 (32%),0/2 (0%),37%,5,11/30 (37%),6/16 (38%),1/5 (20%),80%,5,5,22,10,,3,,,,,5
12467692,54,62048,NORMAL,REGULAR,Round 9,LEAGUE,2858,Almería,Visita,2ND,13/10/2024,9,1,41%,0.00,1,3,3,0,,148,4,8,2,2,3,0,0,0,2,1,1,0,0,,0,1,114,8,22,,10/30 (33%),0/3 (0%),37%,4,14/34 (41%),3/12 (25%),2/4 (50%),0%,4,3,9,9,,3,,,,,10
12467678,54,62048,NORMAL,REGULAR,Round 10,LEAGUE,2815,Real Zaragoza,Local,ALL,20/10/2024,10,1,59%,0.00,2,14,2,8,16,455,19,13,2,,3,0,6,5,10,4,1,1,0,33,1,1,389,17,60,108/148 (73%),25/42 (60%),9/28 (32%),50%,13,41/88 (47%),12/18 (67%),9/16 (56%),47%,19,7,35,13,,2,,,0,1,7
12467678,54,62048,NORMAL,REGULAR,Round 10,LEAGUE,2815,Real Zaragoza,Local,1ST,20/10/2024,10,1,52%,0.00,1,5,2,4,,202,11,7,0,,1,0,3,1,4,1,1,0,0,,0,1,168,5,20,,12/21 (57%),3/10 (30%),51%,8,19/41 (46%),7/10 (70%),1/4 (25%),27%,11,5,20,11,,2,,,,,4
12467678,54,62048,NORMAL,REGULAR,Round 10,LEAGUE,2815,Real Zaragoza,Local,2ND,20/10/2024,10,0,65%,0.00,1,9,0,4,,253,8,6,2,,2,0,3,4,6,3,0,1,0,,1,0,221,12,40,,13/21 (62%),6/18 (33%),49%,5,22/47 (47%),5/8 (63%),8/12 (67%),75%,8,2,15,2,,0,,,,,3
12467678,54,62048,NORMAL,REGULAR,Round 10,LEAGUE,2858,Almería,Visita,ALL,20/10/2024,10,2,41%,0.00,2,11,2,1,13,331,20,15,6,,4,0,3,4,7,4,2,0,1,24,1,2,268,17,34,51/82 (62%),25/53 (47%),3/10 (30%),50%,4,47/88 (53%),6/18 (33%),11/26 (42%),65%,20,9,39,16,,2,,,3,2,11
12467678,54,62048,NORMAL,REGULAR,Round 10,LEAGUE,2858,Almería,Visita,1ST,20/10/2024,10,1,48%,0.00,1,9,0,1,,189,11,4,2,,3,0,2,4,5,4,1,0,0,,1,1,153,11,16,,10/23 (43%),2/7 (29%),49%,2,22/41 (54%),3/10 (30%),6/15 (40%),64%,11,5,21,5,,0,,,,,5
12467678,54,62048,NORMAL,REGULAR,Round 10,LEAGUE,2858,Almería,Visita,2ND,20/10/2024,10,1,35%,0.00,1,2,2,0,,142,9,11,4,,1,0,1,0,2,0,1,0,1,,0,1,115,6,18,,15/30 (50%),1/3 (33%),51%,2,25/47 (53%),3/8 (38%),5/11 (45%),67%,9,4,18,11,,2,,,,,6
12467672,54,62048,NORMAL,REGULAR,Round 11,LEAGUE,2858,Almería,Local,ALL,24/10/2024,11,3,52%,0.00,2,23,6,2,19,449,15,9,4,,7,0,10,6,13,10,2,0,0,23,2,0,383,17,64,85/120 (71%),35/63 (56%),4/15 (27%),46%,3,31/67 (46%),6/13 (46%),7/17 (41%),60%,15,9,37,21,0,6,,2,1,2,12
12467672,54,62048,NORMAL,REGULAR,Round 11,LEAGUE,2858,Almería,Local,1ST,24/10/2024,11,1,60%,0.00,1,11,5,0,,272,7,3,1,,2,0,5,4,5,6,1,0,0,,0,0,240,13,33,,17/29 (59%),2/7 (29%),42%,2,12/32 (38%),4/6 (67%),2/8 (25%),71%,7,5,18,10,,5,,,,,5
12467672,54,62048,NORMAL,REGULAR,Round 11,LEAGUE,2858,Almería,Local,2ND,24/10/2024,11,2,44%,0.00,1,12,1,2,,177,8,6,3,,5,0,5,2,8,4,1,0,0,,2,0,143,4,31,,18/34 (53%),2/8 (25%),50%,1,19/35 (54%),2/7 (29%),5/9 (56%),50%,8,4,19,11,,1,,,,,7
12467672,54,62048,NORMAL,REGULAR,Round 11,LEAGUE,2848,Albacete Balompié,Visita,ALL,24/10/2024,11,1,48%,0.00,3,15,4,5,9,410,13,19,0,,7,0,7,1,10,5,1,2,3,28,2,4,348,15,55,84/111 (76%),37/54 (69%),3/22 (14%),54%,7,36/67 (54%),7/13 (54%),4/12 (33%),77%,13,11,36,16,1,4,,0,0,1,10
12467672,54,62048,NORMAL,REGULAR,Round 11,LEAGUE,2848,Albacete Balompié,Visita,1ST,24/10/2024,11,1,40%,0.00,3,10,1,3,,180,8,10,0,,6,0,4,0,6,4,1,2,3,,0,2,156,7,22,,16/24 (67%),1/10 (10%),58%,5,20/32 (63%),2/6 (33%),2/4 (50%),75%,8,7,19,9,,1,,,,,4
12467672,54,62048,NORMAL,REGULAR,Round 11,LEAGUE,2848,Albacete Balompié,Visita,2ND,24/10/2024,11,0,56%,0.00,0,5,3,2,,230,5,9,0,,1,0,3,1,4,1,0,0,0,,2,2,192,8,33,,21/30 (70%),2/12 (17%),50%,2,16/35 (46%),5/7 (71%),2/8 (25%),80%,5,4,17,7,,3,,,,,6
12467661,54,62048,NORMAL,REGULAR,Round 12,LEAGUE,24265,Huesca,Local,ALL,27/10/2024,12,2,21%,0.00,2,9,3,1,13,168,13,10,2,1,3,0,4,2,7,2,2,0,,10,3,2,101,15,39,28/55 (51%),19/53 (36%),1/8 (13%),47%,7,26/56 (46%),14/29 (48%),3/9 (33%),38%,13,12,36,35,0,3,,,0,1,20
12467661,54,62048,NORMAL,REGULAR,Round 12,LEAGUE,24265,Huesca,Local,1ST,27/10/2024,12,1,27%,0.00,1,7,2,1,,105,8,6,2,1,2,0,3,2,5,2,1,0,,,1,2,73,6,19,,9/23 (39%),1/6 (17%),49%,5,16/33 (48%),8/16 (50%),2/4 (50%),25%,8,9,23,8,,2,,,,,7
12467661,54,62048,NORMAL,REGULAR,Round 12,LEAGUE,24265,Huesca,Local,2ND,27/10/2024,12,1,15%,0.00,1,2,1,0,,63,5,4,0,0,1,0,1,0,2,0,1,0,,,2,0,28,9,20,,10/30 (33%),0/2 (0%),44%,2,10/23 (43%),6/13 (46%),1/5 (20%),60%,5,3,13,27,,1,,,,,13
12467661,54,62048,NORMAL,REGULAR,Round 12,LEAGUE,2858,Almería,Visita,ALL,27/10/2024,12,2,79%,0.00,3,23,1,7,11,636,13,12,2,0,5,0,12,6,8,15,1,2,,27,2,0,566,21,74,172/207 (83%),21/41 (51%),11/36 (31%),53%,6,30/56 (54%),15/29 (52%),6/13 (46%),77%,13,4,47,17,1,1,,,1,0,6
12467661,54,62048,NORMAL,REGULAR,Round 12,LEAGUE,2858,Almería,Visita,1ST,27/10/2024,12,0,73%,0.00,2,8,1,3,,294,7,8,1,0,2,0,4,2,2,6,0,2,,,2,0,256,7,24,,10/19 (53%),5/10 (50%),51%,4,17/33 (52%),8/16 (50%),2/6 (33%),86%,7,1,21,12,,1,,,,,5
12467661,54,62048,NORMAL,REGULAR,Round 12,LEAGUE,2858,Almería,Visita,2ND,27/10/2024,12,2,85%,0.00,1,15,0,4,,342,6,4,1,0,3,0,8,4,6,9,1,0,,,0,0,310,14,50,,11/22 (50%),6/26 (23%),56%,2,13/23 (57%),7/13 (54%),4/7 (57%),67%,6,3,26,5,,0,,,,,1
12970155,329,66885,NORMAL,PLAYOFF,Round 1,CUP,2883,S.S. Reyes,Local,ALL,30/10/2024,1,1,,,,,,,,,,,1,0,,,,,,,,,,,,,,,,,,,,,,,,,,,,,,,,,,,
12970155,329,66885,NORMAL,PLAYOFF,Round 1,CUP,2883,S.S. Reyes,Local,1ST,30/10/2024,1,,,,,,,,,,,,,,,,,,,,,,,,,,,,,,,,,,,,,,,,,,,,,,,,
12970155,329,66885,NORMAL,PLAYOFF,Round 1,CUP,2883,S.S. Reyes,Local,2ND,30/10/2024,1,,,,,,,,,,,,,,,,,,,,,,,,,,,,,,,,,,,,,,,,,,,,,,,,
12970155,329,66885,NORMAL,PLAYOFF,Round 1,CUP,2858,Almería,Visita,ALL,30/10/2024,1,2,,,,,,,,,,,3,0,,,,,,,,,,,,,,,,,,,,,,,,,,,,,,,,,,,
12970155,329,66885,NORMAL,PLAYOFF,Round 1,CUP,2858,Almería,Visita,1ST,30/10/2024,1,,,,,,,,,,,,,,,,,,,,,,,,,,,,,,,,,,,,,,,,,,,,,,,,
12970155,329,66885,NORMAL,PLAYOFF,Round 1,CUP,2858,Almería,Visita,2ND,30/10/2024,1,,,,,,,,,,,,,,,,,,,,,,,,,,,,,,,,,,,,,,,,,,,,,,,,
12467645,54,62048,NORMAL,REGULAR,Round 14,LEAGUE,2846,Elche,Local,ALL,08/11/2024,14,1,58%,0.00,2,19,4,4,22,481,18,18,3,,4,0,9,6,10,9,0,2,0,25,1,2,418,21,54,103/131 (79%),19/36 (53%),8/23 (35%),52%,5,45/83 (54%),3/10 (30%),9/16 (56%),56%,18,14,42,8,,4,,1,,,5
12467645,54,62048,NORMAL,REGULAR,Round 14,LEAGUE,2846,Elche,Local,1ST,08/11/2024,14,1,55%,0.00,1,10,1,1,,225,12,13,0,,4,0,5,1,5,5,0,1,0,,1,1,201,7,22,,9/19 (47%),5/10 (50%),55%,5,32/54 (59%),1/6 (17%),7/12 (58%),58%,12,9,19,3,,1,,,,,2
12467645,54,62048,NORMAL,REGULAR,Round 14,LEAGUE,2846,Elche,Local,2ND,08/11/2024,14,0,62%,0.00,1,9,3,3,,256,6,5,3,,0,0,4,5,5,4,0,1,0,,0,1,217,14,32,,10/17 (59%),3/13 (23%),45%,0,13/29 (45%),2/4 (50%),2/4 (50%),50%,6,5,23,5,,3,,,,,3
12467645,54,62048,NORMAL,REGULAR,Round 14,LEAGUE,2858,Almería,Visita,ALL,08/11/2024,14,2,42%,0.00,4,11,3,1,18,355,12,22,7,,6,2,5,0,7,4,1,3,1,14,1,0,299,15,50,59/93 (63%),23/47 (49%),1/4 (25%),48%,13,38/83 (46%),7/10 (70%),5/10 (50%),58%,12,10,35,18,,3,,0,,,15
12467645,54,62048,NORMAL,REGULAR,Round 14,LEAGUE,2858,Almería,Visita,1ST,08/11/2024,14,1,45%,0.00,2,5,3,0,,191,10,10,4,,2,1,3,0,3,2,0,2,1,,0,0,164,8,25,,12/19 (63%),0/2 (0%),45%,9,22/54 (41%),5/6 (83%),3/6 (50%),60%,10,3,17,7,,3,,,,,6
12467645,54,62048,NORMAL,REGULAR,Round 14,LEAGUE,2858,Almería,Visita,2ND,08/11/2024,14,1,38%,0.00,2,6,0,1,,164,2,12,3,,4,1,2,0,4,2,1,1,0,,1,0,135,7,25,,11/28 (39%),1/2 (50%),55%,4,16/29 (55%),2/4 (50%),2/4 (50%),50%,2,7,18,11,,0,,,,,9
12467632,54,62048,NORMAL,REGULAR,Round 15,LEAGUE,2858,Almería,Local,ALL,17/11/2024,15,2,54%,0.00,3,16,4,7,10,529,13,11,0,,6,1,7,3,11,5,1,2,0,34,0,3,465,23,65,123/158 (78%),29/53 (55%),4/24 (17%),51%,5,26/54 (48%),16/28 (57%),3/8 (38%),54%,13,6,48,24,0,4,,1,0,,6
12467632,54,62048,NORMAL,REGULAR,Round 15,LEAGUE,2858,Almería,Local,1ST,17/11/2024,15,2,57%,0.00,1,5,3,2,,298,7,6,0,,2,0,1,2,3,2,1,0,0,,0,1,269,13,35,,13/23 (57%),2/9 (22%),49%,4,14/31 (45%),8/14 (57%),1/5 (20%),57%,7,1,19,11,,3,,,,,2
12467632,54,62048,NORMAL,REGULAR,Round 15,LEAGUE,2858,Almería,Local,2ND,17/11/2024,15,0,50%,0.00,2,11,1,5,,231,6,5,0,,4,1,6,1,8,3,0,2,0,,0,2,196,10,30,,16/30 (53%),2/15 (13%),54%,1,12/23 (52%),8/14 (57%),2/3 (67%),50%,6,5,29,13,,1,,,,,4
12467632,54,62048,NORMAL,REGULAR,Round 15,LEAGUE,2832,Deportivo de A Coruña,Visita,ALL,17/11/2024,15,1,46%,0.00,1,7,4,4,11,460,10,10,1,,5,0,2,0,3,4,1,0,1,16,1,1,387,11,43,74/96 (77%),18/48 (38%),1/14 (7%),49%,11,28/54 (52%),12/28 (43%),9/11 (82%),60%,10,5,41,25,3,4,,1,1,,10
12467632,54,62048,NORMAL,REGULAR,Round 15,LEAGUE,2832,Deportivo de A Coruña,Visita,1ST,17/11/2024,15,1,43%,0.00,1,5,0,4,,225,8,3,0,,4,0,1,0,2,3,1,0,1,,0,1,196,6,18,,10/22 (45%),0/5 (0%),51%,6,17/31 (55%),6/14 (43%),6/7 (86%),50%,8,2,19,9,,0,,,,,2
12467632,54,62048,NORMAL,REGULAR,Round 15,LEAGUE,2832,Deportivo de A Coruña,Visita,2ND,17/11/2024,15,0,50%,0.00,0,2,4,0,,235,2,7,1,,1,0,1,0,1,1,0,0,0,,1,0,191,5,25,,8/26 (31%),1/9 (11%),46%,5,11/23 (48%),6/14 (43%),3/4 (75%),100%,2,3,22,16,,4,,,,,8
12467616,54,62048,NORMAL,REGULAR,Round 16,LEAGUE,24329,FC Cartagena,Local,ALL,23/11/2024,16,1,35%,0.00,1,7,1,5,23,262,7,12,2,,4,0,2,1,5,2,1,0,,13,0,3,187,19,43,28/57 (49%),25/56 (45%),4/12 (33%),36%,12,22/69 (32%),13/27 (48%),5/14 (36%),71%,7,5,29,19,1,1,,0,0,2,14
12467616,54,62048,NORMAL,REGULAR,Round 16,LEAGUE,24329,FC Cartagena,Local,1ST,23/11/2024,16,1,30%,0.00,1,4,1,2,,109,4,6,0,,3,0,1,0,3,1,1,0,,,0,1,74,15,19,,12/23 (52%),2/6 (33%),41%,3,13/34 (38%),7/15 (47%),3/8 (38%),50%,4,1,14,12,,1,,,,,3
12467616,54,62048,NORMAL,REGULAR,Round 16,LEAGUE,24329,FC Cartagena,Local,2ND,23/11/2024,16,0,41%,0.00,0,3,0,3,,153,3,6,2,,1,0,1,1,2,1,0,0,,,0,2,113,4,24,,13/33 (39%),2/6 (33%),32%,9,9/35 (26%),6/12 (50%),2/6 (33%),100%,3,4,15,7,,0,,,,,11
12467616,54,62048,NORMAL,REGULAR,Round 16,LEAGUE,2858,Almería,Visita,ALL,23/11/2024,16,2,65%,0.00,3,17,3,3,12,485,21,23,1,,3,2,12,2,11,6,2,1,,20,6,1,410,17,57,53/87 (61%),31/60 (52%),3/13 (23%),64%,3,47/69 (68%),14/27 (52%),4/8 (50%),29%,21,3,39,9,0,3,,1,2,1,4
12467616,54,62048,NORMAL,REGULAR,Round 16,LEAGUE,2858,Almería,Visita,1ST,23/11/2024,16,1,70%,0.00,2,7,2,2,,258,8,12,1,,2,1,4,1,5,2,1,1,,,3,1,221,10,31,,13/26 (50%),1/9 (11%),59%,2,21/34 (62%),8/15 (53%),2/4 (50%),38%,8,3,18,5,,2,,,,,2
12467616,54,62048,NORMAL,REGULAR,Round 16,LEAGUE,2858,Almería,Visita,2ND,23/11/2024,16,1,59%,0.00,1,10,1,1,,227,13,11,0,,1,1,8,1,6,4,1,0,,,3,0,189,7,26,,18/34 (53%),2/4 (50%),68%,1,26/35 (74%),6/12 (50%),2/4 (50%),23%,13,0,21,4,,1,,,,,2
13097735,54,62048,NORMAL,REGULAR,Round 13,LEAGUE,2858,Almería,Local,ALL,26/11/2024,13,4,54%,0.00,3,9,3,2,13,389,8,21,0,,7,0,1,1,8,1,3,,3,15,2,4,298,27,40,47/76 (62%),24/58 (41%),3/13 (23%),56%,6,37/67 (55%),12/20 (60%),9/15 (60%),75%,8,7,39,21,,3,,1,1,,7
13097735,54,62048,NORMAL,REGULAR,Round 13,LEAGUE,2858,Almería,Local,1ST,26/11/2024,13,0,52%,0.00,0,1,1,1,,211,1,9,0,,0,0,0,1,1,0,0,,0,,1,2,163,16,26,,12/30 (40%),2/7 (29%),50%,5,11/26 (42%),9/14 (64%),2/4 (50%),100%,1,5,17,8,,1,,,,,3
13097735,54,62048,NORMAL,REGULAR,Round 13,LEAGUE,2858,Almería,Local,2ND,26/11/2024,13,4,57%,0.00,3,8,2,1,,178,7,12,0,,7,0,1,0,7,1,3,,3,,1,2,135,11,14,,12/28 (43%),1/6 (17%),62%,1,26/41 (63%),3/6 (50%),7/11 (64%),71%,7,2,22,13,,2,,,,,4
13097735,54,62048,NORMAL,REGULAR,Round 13,LEAGUE,2850,Córdoba,Visita,ALL,26/11/2024,13,0,46%,0.00,0,10,3,3,21,331,12,13,3,,3,0,6,1,4,6,0,,0,18,3,3,265,12,49,74/110 (67%),33/58 (57%),2/13 (15%),44%,4,30/67 (45%),8/20 (40%),6/10 (60%),83%,12,8,41,21,,3,,0,2,,3
13097735,54,62048,NORMAL,REGULAR,Round 13,LEAGUE,2850,Córdoba,Visita,1ST,26/11/2024,13,0,48%,0.00,0,4,0,3,,196,7,7,0,,1,0,2,1,3,1,0,,0,,1,1,162,7,24,,19/32 (59%),2/10 (20%),50%,1,15/26 (58%),5/14 (36%),2/2 (100%),71%,7,3,24,13,,0,,,,,1
13097735,54,62048,NORMAL,REGULAR,Round 13,LEAGUE,2850,Córdoba,Visita,2ND,26/11/2024,13,0,43%,0.00,0,6,3,0,,135,5,6,3,,2,0,4,0,1,5,0,,0,,2,2,103,5,25,,14/26 (54%),0/3 (0%),38%,3,15/41 (37%),3/6 (50%),4/8 (50%),100%,5,5,17,8,,3,,,,,2
12467610,54,62048,NORMAL,REGULAR,Round 17,LEAGUE,2858,Almería,Local,ALL,30/11/2024,17,2,56%,0.00,3,18,4,7,16,466,11,13,2,,7,0,9,2,13,5,1,2,2,27,1,2,396,25,57,66/105 (63%),22/37 (59%),8/28 (29%),47%,10,28/63 (44%),13/24 (54%),5/12 (42%),73%,11,4,46,14,0,4,,0,0,,7
12467610,54,62048,NORMAL,REGULAR,Round 17,LEAGUE,2858,Almería,Local,1ST,30/11/2024,17,0,44%,0.00,0,6,1,3,,168,5,7,1,,3,0,2,1,3,3,0,0,0,,0,2,139,7,20,,14/22 (64%),3/10 (30%),41%,7,13/36 (36%),8/15 (53%),2/6 (33%),80%,5,3,21,12,,1,,,,,5
12467610,54,62048,NORMAL,REGULAR,Round 17,LEAGUE,2858,Almería,Local,2ND,30/11/2024,17,2,66%,0.00,3,12,3,4,,298,6,6,1,,4,0,7,1,10,2,1,2,2,,1,0,257,18,37,,8/15 (53%),5/18 (28%),56%,3,15/27 (56%),5/9 (56%),3/6 (50%),67%,6,1,25,2,,3,,,,,2
12467610,54,62048,NORMAL,REGULAR,Round 17,LEAGUE,33779,Granada,Visita,ALL,30/11/2024,17,1,44%,0.00,1,8,4,1,13,378,17,16,2,,5,0,3,0,5,3,1,0,0,11,2,3,305,13,36,39/65 (60%),25/62 (40%),1/9 (11%),53%,8,35/63 (56%),11/24 (46%),3/6 (50%),71%,17,8,50,25,1,4,,2,2,,13
12467610,54,62048,NORMAL,REGULAR,Round 17,LEAGUE,33779,Granada,Visita,1ST,30/11/2024,17,1,56%,0.00,1,4,3,1,,219,11,10,1,,2,0,2,0,3,1,1,0,0,,2,2,186,7,20,,15/29 (52%),0/7 (0%),59%,3,23/36 (64%),7/15 (47%),2/4 (50%),73%,11,2,28,7,,3,,,,,3
12467610,54,62048,NORMAL,REGULAR,Round 17,LEAGUE,33779,Granada,Visita,2ND,30/11/2024,17,0,34%,0.00,0,4,1,0,,159,6,6,1,,3,0,1,0,2,2,0,0,0,,0,1,119,6,16,,10/33 (30%),1/2 (50%),44%,5,12/27 (44%),4/9 (44%),1/2 (50%),67%,6,6,22,18,,1,,,,,10
13173946,329,66885,NORMAL,REGULAR,Round 2,CUP,2868,Cultural Leonesa,Local,ALL,04/12/2024,2,1,41%,,2,4,0,1,2,76,3,5,2,0,2,2,2,0,3,1,1,1,,4,,2,61,3,9,5/11 (45%),9/15 (60%),0/2 (0%),60%,2,9/14 (64%),3/6 (50%),1/1 (100%),100%,3,4,10,2,,0,,,,,1
13173946,329,66885,NORMAL,REGULAR,Round 2,CUP,2868,Cultural Leonesa,Local,1ST,04/12/2024,2,1,41%,,2,4,0,1,,76,3,5,,,2,2,2,0,3,1,1,1,,,,2,61,3,9,,9/15 (60%),0/2 (0%),60%,2,9/14 (64%),3/6 (50%),1/1 (100%),100%,3,4,10,2,,0,,,,,1
13173946,329,66885,NORMAL,REGULAR,Round 2,CUP,2868,Cultural Leonesa,Local,2ND,04/12/2024,2,,,,,,,,,,,,,,,,,,,,,,,,,,,,,,,,,,,,,,,,,,,,,,,,
13173946,329,66885,NORMAL,REGULAR,Round 2,CUP,2858,Almería,Visita,ALL,04/12/2024,2,2,59%,,0,2,1,1,5,110,2,2,2,0,1,0,0,1,1,1,0,0,,2,,0,96,6,13,10/20 (50%),6/9 (67%),0/2 (0%),40%,1,5/14 (36%),3/6 (50%),1/3 (33%),0%,2,1,7,3,,1,,,,,1
13173946,329,66885,NORMAL,REGULAR,Round 2,CUP,2858,Almería,Visita,1ST,04/12/2024,2,1,59%,,0,2,1,1,,110,2,2,,,1,0,0,1,1,1,0,0,,,,0,96,6,13,,6/9 (67%),0/2 (0%),40%,1,5/14 (36%),3/6 (50%),1/3 (33%),0%,2,1,7,3,,1,,,,,1
13173946,329,66885,NORMAL,REGULAR,Round 2,CUP,2858,Almería,Visita,2ND,04/12/2024,2,,,,,,,,,,,,,,,,,,,,,,,,,,,,,,,,,,,,,,,,,,,,,,,,
12467591,54,62048,NORMAL,REGULAR,Round 18,LEAGUE,2830,Málaga CF,Local,ALL,08/12/2024,18,1,43%,0.00,1,8,7,3,21,308,15,12,2,,0,1,3,5,6,2,,1,,11,3,2,248,15,41,71/94 (76%),27/56 (48%),1/12 (8%),36%,10,32/89 (36%),8/21 (38%),5/15 (33%),67%,15,10,54,34,1,7,,1,2,2,12
12467591,54,62048,NORMAL,REGULAR,Round 18,LEAGUE,2830,Málaga CF,Local,1ST,08/12/2024,18,1,49%,0.00,0,5,4,2,,179,6,4,0,,0,1,2,3,3,2,,0,,,1,0,151,7,22,,15/27 (56%),1/8 (13%),29%,5,12/40 (30%),3/12 (25%),2/7 (29%),100%,6,4,29,18,,4,,,,,5
12467591,54,62048,NORMAL,REGULAR,Round 18,LEAGUE,2830,Málaga CF,Local,2ND,08/12/2024,18,0,37%,0.00,1,3,3,1,,129,9,8,2,,0,0,1,2,3,0,,1,,,2,2,97,8,19,,12/29 (41%),0/4 (0%),43%,5,20/49 (41%),5/9 (56%),3/8 (38%),44%,9,6,25,16,,3,,,,,7
12467591,54,62048,NORMAL,REGULAR,Round 18,LEAGUE,2858,Almería,Visita,ALL,08/12/2024,18,1,57%,0.00,0,21,0,10,12,403,20,21,5,,7,0,9,5,10,11,,0,,32,5,0,345,17,59,83/113 (73%),22/40 (55%),6/32 (19%),64%,10,57/89 (64%),13/21 (62%),16/21 (76%),60%,20,5,50,15,1,0,,0,1,0,3
12467591,54,62048,NORMAL,REGULAR,Round 18,LEAGUE,2858,Almería,Visita,1ST,08/12/2024,18,0,51%,0.00,0,11,0,6,,184,10,11,1,,4,0,5,2,4,7,,0,,,2,0,156,7,22,,11/20 (55%),0/15 (0%),71%,3,28/40 (70%),9/12 (75%),7/10 (70%),60%,10,4,29,9,,0,,,,,1
12467591,54,62048,NORMAL,REGULAR,Round 18,LEAGUE,2858,Almería,Visita,2ND,08/12/2024,18,1,63%,0.00,0,10,0,4,,219,10,10,4,,3,0,4,3,6,4,,0,,,3,0,189,10,37,,11/20 (55%),6/17 (35%),57%,7,29/49 (59%),4/9 (44%),9/11 (82%),60%,10,1,21,6,,0,,,,,2
12467588,54,62048,NORMAL,REGULAR,Round 19,LEAGUE,2858,Almería,Local,ALL,13/12/2024,19,1,41%,0.00,2,9,3,2,23,320,17,17,6,,4,0,3,2,6,3,1,1,1,18,0,2,238,15,29,41/72 (57%),20/55 (36%),2/6 (33%),47%,7,36/79 (46%),13/25 (52%),7/16 (44%),76%,17,5,46,30,,3,,,2,2,10
12467588,54,62048,NORMAL,REGULAR,Round 19,LEAGUE,2858,Almería,Local,1ST,13/12/2024,19,1,50%,0.00,2,7,1,1,,182,9,10,2,,4,0,2,1,4,3,1,1,0,,0,1,141,6,14,,10/26 (38%),1/5 (20%),52%,2,19/38 (50%),7/12 (58%),3/7 (43%),100%,9,2,26,10,,1,,,,,4
12467588,54,62048,NORMAL,REGULAR,Round 19,LEAGUE,2858,Almería,Local,2ND,13/12/2024,19,0,34%,0.00,0,2,2,1,,138,8,7,4,,0,0,1,1,2,0,0,0,1,,0,1,97,9,15,,10/29 (34%),1/1 (100%),43%,5,17/41 (41%),6/13 (46%),4/9 (44%),50%,8,3,20,20,,2,,,,,6
12467588,54,62048,NORMAL,REGULAR,Round 19,LEAGUE,35092,Mirandés,Visita,ALL,13/12/2024,19,0,59%,0.00,0,11,3,4,17,431,16,23,2,,3,0,6,2,7,4,0,0,0,19,3,1,353,13,59,77/117 (66%),20/42 (48%),7/27 (26%),53%,10,43/79 (54%),12/25 (48%),4/11 (36%),75%,16,5,53,11,,3,,,0,0,4
12467588,54,62048,NORMAL,REGULAR,Round 19,LEAGUE,35092,Mirandés,Visita,1ST,13/12/2024,19,0,50%,0.00,0,3,3,2,,178,6,10,1,,1,0,2,0,1,2,0,0,0,,0,1,142,5,30,,7/22 (32%),0/8 (0%),48%,4,19/38 (50%),5/12 (42%),3/8 (38%),67%,6,4,29,8,,3,,,,,3
12467588,54,62048,NORMAL,REGULAR,Round 19,LEAGUE,35092,Mirandés,Visita,2ND,13/12/2024,19,0,66%,0.00,0,8,0,2,,253,10,13,1,,2,0,4,2,6,2,0,0,0,,3,0,211,8,29,,13/20 (65%),7/19 (37%),57%,6,24/41 (59%),7/13 (54%),1/3 (33%),80%,10,1,24,3,,0,,,,,1
12467576,54,62048,NORMAL,REGULAR,Round 20,LEAGUE,2843,Racing de Ferrol,Local,ALL,18/12/2024,20,1,52%,0.00,0,15,2,8,14,346,16,11,3,,10,0,5,0,7,8,0,0,0,19,4,2,289,13,46,56/89 (63%),14/32 (44%),9/31 (29%),45%,8,30/64 (47%),10/24 (42%),4/10 (40%),56%,16,8,43,20,,2,,0,2,0,7
12467576,54,62048,NORMAL,REGULAR,Round 20,LEAGUE,2843,Racing de Ferrol,Local,1ST,18/12/2024,20,0,46%,0.00,0,7,1,5,,157,8,4,3,,5,0,2,0,4,3,0,0,0,,1,2,127,5,26,,9/21 (43%),5/16 (31%),49%,3,13/27 (48%),9/18 (50%),2/4 (50%),50%,8,4,23,9,,1,,,,,4
12467576,54,62048,NORMAL,REGULAR,Round 20,LEAGUE,2843,Racing de Ferrol,Local,2ND,18/12/2024,20,1,59%,0.00,0,8,1,3,,189,8,7,0,,5,0,3,0,3,5,0,0,0,,3,0,162,8,20,,5/11 (45%),4/15 (27%),42%,5,17/37 (46%),1/6 (17%),2/6 (33%),63%,8,4,20,11,,1,,,,,3
12467576,54,62048,NORMAL,REGULAR,Round 20,LEAGUE,2858,Almería,Visita,ALL,18/12/2024,20,4,48%,0.00,4,8,9,3,11,332,14,13,1,,4,0,4,0,6,2,3,1,1,26,3,0,265,15,36,68/94 (72%),28/51 (55%),2/15 (13%),55%,8,34/64 (53%),14/24 (58%),6/14 (43%),71%,14,8,38,28,,9,,2,1,1,9
12467576,54,62048,NORMAL,REGULAR,Round 20,LEAGUE,2858,Almería,Visita,1ST,18/12/2024,20,1,54%,0.00,0,3,5,2,,195,5,8,0,,1,0,2,0,2,1,0,0,0,,1,0,158,9,23,,15/27 (56%),2/10 (20%),51%,4,14/27 (52%),9/18 (50%),1/5 (20%),80%,5,3,19,11,,5,,,,,4
12467576,54,62048,NORMAL,REGULAR,Round 20,LEAGUE,2858,Almería,Visita,2ND,18/12/2024,20,3,41%,0.00,4,5,4,1,,137,9,5,1,,3,0,2,0,4,1,3,1,1,,2,0,107,6,13,,13/24 (54%),0/5 (0%),58%,4,20/37 (54%),5/6 (83%),5/9 (56%),67%,9,5,19,17,,4,,,,,5
12467566,54,62048,NORMAL,REGULAR,Round 21,LEAGUE,2858,Almería,Local,ALL,22/12/2024,21,1,64%,0.00,2,20,3,6,15,532,20,9,3,0,6,0,10,4,11,9,1,1,0,30,4,2,480,26,54,136/161 (84%),19/34 (56%),6/33 (18%),53%,6,37/69 (54%),15/30 (50%),9/18 (50%),60%,20,2,50,21,1,3,,0,,,5
12467566,54,62048,NORMAL,REGULAR,Round 21,LEAGUE,2858,Almería,Local,1ST,22/12/2024,21,0,60%,0.00,1,5,2,1,,297,13,5,0,0,1,0,3,1,5,0,0,1,0,,0,0,266,12,26,,11/23 (48%),4/14 (29%),52%,4,19/39 (49%),8/13 (62%),2/9 (22%),62%,13,1,27,11,,2,,,,,4
12467566,54,62048,NORMAL,REGULAR,Round 21,LEAGUE,2858,Almería,Local,2ND,22/12/2024,21,1,70%,0.00,1,15,1,5,,235,7,4,3,0,5,0,7,3,6,9,1,0,0,,4,2,214,14,28,,8/11 (73%),2/19 (11%),53%,2,18/30 (60%),7/17 (41%),7/9 (78%),57%,7,1,23,10,,1,,,,,1
12467566,54,62048,NORMAL,REGULAR,Round 21,LEAGUE,4488,Cádiz,Visita,ALL,22/12/2024,21,1,36%,0.00,1,5,5,0,10,313,15,15,4,1,4,0,1,0,3,2,1,0,1,4,0,1,256,10,49,29/61 (48%),34/66 (52%),0/1 (0%),47%,11,32/69 (46%),15/30 (50%),2/11 (18%),87%,15,8,45,38,0,5,,1,,,13
12467566,54,62048,NORMAL,REGULAR,Round 21,LEAGUE,4488,Cádiz,Visita,1ST,22/12/2024,21,1,40%,0.00,1,4,1,0,,202,11,8,0,0,3,0,1,0,2,2,1,0,0,,0,0,174,4,20,,19/35 (54%),0/1 (0%),48%,8,20/39 (51%),5/13 (38%),1/6 (17%),82%,11,5,27,16,,1,,,,,6
12467566,54,62048,NORMAL,REGULAR,Round 21,LEAGUE,4488,Cádiz,Visita,2ND,22/12/2024,21,0,30%,0.00,0,1,4,0,,111,4,7,4,1,1,0,0,0,1,0,0,0,1,,0,1,82,6,29,,15/31 (48%),0/0 (0%),47%,3,12/30 (40%),10/17 (59%),1/5 (20%),100%,4,3,18,22,,4,,,,,7
13211206,329,66885,NORMAL,REGULAR,Round of 32,CUP,2858,Almería,Local,ALL,04/01/2025,6,4,48%,2.00,5,14,2,2,10,414,14,17,3,0,6,1,4,4,7,7,3,2,,20,3,1,335,23,41,47/80 (59%),16/46 (35%),1/11 (9%),60%,8,37/66 (56%),16/23 (70%),6/10 (60%),79%,14,12,60,30,2,2,,,1,0,9
13211206,329,66885,NORMAL,REGULAR,Round of 32,CUP,2858,Almería,Local,1ST,04/01/2025,6,0,54%,0.00,1,7,1,2,,229,5,11,,,1,0,2,4,2,5,0,1,,,2,0,186,17,23,,12/30 (40%),1/7 (14%),55%,7,18/37 (49%),11/16 (69%),2/4 (50%),40%,5,5,28,13,,1,,,,,4
13211206,329,66885,NORMAL,REGULAR,Round of 32,CUP,2858,Almería,Local,2ND,04/01/2025,6,4,43%,0.00,4,7,1,0,,185,9,6,,,5,1,2,0,5,2,3,1,,,1,1,149,6,18,,4/16 (25%),0/4 (0%),67%,1,19/29 (66%),5/7 (71%),4/6 (67%),100%,9,7,32,17,,1,,,,,5
13211206,329,66885,NORMAL,REGULAR,Round of 32,CUP,2833,Sevilla,Visita,ALL,04/01/2025,6,1,52%,1.47,2,15,2,5,18,437,12,10,1,0,4,0,7,4,7,8,0,2,,25,2,0,375,13,61,87/125 (70%),20/48 (42%),2/26 (8%),40%,6,29/66 (44%),7/23 (30%),7/15 (47%),83%,12,14,65,23,0,2,,,1,1,4
13211206,329,66885,NORMAL,REGULAR,Round of 32,CUP,2833,Sevilla,Visita,1ST,04/01/2025,6,1,46%,0.00,0,6,1,2,,196,9,6,,,2,0,2,2,3,3,0,0,,,1,0,166,7,26,,9/22 (41%),1/9 (11%),45%,2,19/37 (51%),5/16 (31%),4/7 (57%),78%,9,7,32,19,,1,,,,,2
13211206,329,66885,NORMAL,REGULAR,Round of 32,CUP,2833,Sevilla,Visita,2ND,04/01/2025,6,0,57%,0.00,2,9,1,3,,241,3,4,,,2,0,5,2,4,5,0,2,,,1,0,209,6,35,,11/26 (42%),1/17 (6%),33%,4,10/29 (34%),2/7 (29%),3/8 (38%),100%,3,7,33,4,,1,,,,,2
12467551,54,62048,NORMAL,REGULAR,Round 22,LEAGUE,2850,Córdoba,Local,ALL,12/01/2025,22,0,50%,0.00,0,7,2,6,23,310,15,7,4,1,3,0,2,2,2,5,0,0,0,16,1,2,242,18,39,60/90 (67%),23/44 (52%),6/24 (25%),33%,10,25/74 (34%),6/20 (30%),3/9 (33%),60%,15,5,43,14,1,2,,0,,,10
12467551,54,62048,NORMAL,REGULAR,Round 22,LEAGUE,2850,Córdoba,Local,1ST,12/01/2025,22,0,58%,0.00,0,6,0,3,,174,8,4,3,0,3,0,1,2,1,5,0,0,0,,1,1,140,12,17,,12/22 (55%),4/13 (31%),39%,8,14/39 (36%),5/10 (50%),2/4 (50%),63%,8,0,21,4,,0,,,,,3
12467551,54,62048,NORMAL,REGULAR,Round 22,LEAGUE,2850,Córdoba,Local,2ND,12/01/2025,22,0,42%,0.00,0,1,2,3,,136,7,3,1,1,0,0,1,0,1,0,0,0,0,,0,1,102,6,22,,11/22 (50%),2/11 (18%),27%,2,11/35 (31%),1/10 (10%),1/5 (20%),57%,7,5,22,10,,2,,,,,7
12467551,54,62048,NORMAL,REGULAR,Round 22,LEAGUE,2858,Almería,Visita,ALL,12/01/2025,22,3,50%,0.00,3,14,3,2,7,341,16,22,1,0,5,0,7,2,10,4,2,1,2,28,4,2,258,12,38,46/81 (57%),23/60 (38%),1/6 (17%),67%,9,49/74 (66%),14/20 (70%),11/17 (65%),69%,16,8,47,18,0,3,,1,,,8
12467551,54,62048,NORMAL,REGULAR,Round 22,LEAGUE,2858,Almería,Visita,1ST,12/01/2025,22,1,42%,0.00,1,5,3,0,,137,10,10,1,0,1,0,3,1,4,1,1,0,0,,2,1,90,6,20,,8/34 (24%),0/2 (0%),61%,4,25/39 (64%),5/10 (50%),4/8 (50%),80%,10,4,25,13,,3,,,,,2
12467551,54,62048,NORMAL,REGULAR,Round 22,LEAGUE,2858,Almería,Visita,2ND,12/01/2025,22,2,58%,0.00,2,9,0,2,,204,6,12,0,0,4,0,4,1,6,3,1,1,2,,2,1,168,6,18,,15/26 (58%),1/4 (25%),73%,5,24/35 (69%),9/10 (90%),7/9 (78%),50%,6,4,22,5,,0,,,,,6
13315896,329,66885,NORMAL,REGULAR,Round of 16,CUP,2858,Almería,Local,ALL,15/01/2025,5,2,52%,1.46,2,13,1,4,16,497,10,9,1,0,6,0,4,3,8,5,1,1,,26,1,2,432,19,47,61/94 (65%),18/31 (58%),3/14 (21%),44%,4,25/64 (39%),13/22 (59%),6/18 (33%),70%,10,13,42,25,1,1,,0,,1,5
13315896,329,66885,NORMAL,REGULAR,Round of 16,CUP,2858,Almería,Local,1ST,15/01/2025,5,1,48%,0.00,1,7,1,3,,236,6,7,,,4,0,2,1,5,2,0,1,,,1,1,206,10,23,,7/13 (54%),2/7 (29%),57%,3,16/28 (57%),4/7 (57%),3/9 (33%),50%,6,9,19,12,,1,,,,,5
13315896,329,66885,NORMAL,REGULAR,Round of 16,CUP,2858,Almería,Local,2ND,15/01/2025,5,1,56%,0.00,1,6,0,1,,261,4,2,,,2,0,2,2,3,3,1,0,,,0,1,226,9,24,,11/18 (61%),1/7 (14%),35%,1,9/36 (25%),9/15 (60%),3/9 (33%),100%,4,4,23,13,,0,,,,,0
13315896,329,66885,NORMAL,REGULAR,Round of 16,CUP,2845,Leganés,Visita,ALL,15/01/2025,5,3,48%,1.55,3,10,4,4,9,466,16,15,3,0,4,0,5,1,5,5,2,1,,22,2,1,384,14,55,58/101 (57%),27/57 (47%),6/15 (40%),56%,5,39/64 (61%),9/22 (41%),7/12 (58%),63%,16,12,39,23,0,4,,1,,0,4
13315896,329,66885,NORMAL,REGULAR,Round of 16,CUP,2845,Leganés,Visita,1ST,15/01/2025,5,1,52%,0.00,1,7,3,2,,259,9,3,,,2,0,5,0,3,4,0,1,,,0,1,215,6,23,,12/29 (41%),4/9 (44%),43%,4,12/28 (43%),3/7 (43%),0/2 (0%),56%,9,9,22,8,,3,,,,,1
13315896,329,66885,NORMAL,REGULAR,Round of 16,CUP,2845,Leganés,Visita,2ND,15/01/2025,5,2,44%,0.00,2,3,1,2,,207,7,12,,,2,0,0,1,2,1,2,0,,,2,0,169,8,32,,15/28 (54%),2/6 (33%),65%,1,27/36 (75%),6/15 (40%),7/10 (70%),71%,7,3,17,15,,1,,,,,3
12467547,54,62048,NORMAL,REGULAR,Round 23,LEAGUE,2858,Almería,Local,ALL,19/01/2025,23,0,69%,0.00,2,23,1,10,15,590,17,11,1,,8,0,6,9,12,11,,2,,32,3,0,515,18,44,92/130 (71%),24/36 (67%),7/30 (23%),65%,2,34/50 (68%),19/31 (61%),6/8 (75%),65%,17,6,46,23,,1,,0,1,1,7
12467547,54,62048,NORMAL,REGULAR,Round 23,LEAGUE,2858,Almería,Local,1ST,19/01/2025,23,0,66%,0.00,1,8,0,3,,296,9,6,1,,2,0,3,3,5,3,,1,,,2,0,259,8,20,,13/20 (65%),1/11 (9%),69%,1,18/25 (72%),9/14 (64%),3/4 (75%),44%,9,1,22,9,,0,,,,,5
12467547,54,62048,NORMAL,REGULAR,Round 23,LEAGUE,2858,Almería,Local,2ND,19/01/2025,23,0,72%,0.00,1,15,1,7,,294,8,5,0,,6,0,3,6,7,8,,1,,,1,0,256,10,24,,11/16 (69%),6/19 (32%),62%,1,16/25 (64%),10/17 (59%),3/4 (75%),88%,8,5,24,14,,1,,,,,2
12467547,54,62048,NORMAL,REGULAR,Round 23,LEAGUE,24265,Huesca,Visita,ALL,19/01/2025,23,0,31%,0.00,0,3,8,4,11,268,4,15,2,,1,0,2,0,2,1,,0,,9,1,2,206,16,25,30/49 (61%),20/44 (45%),3/15 (20%),35%,11,16/50 (32%),12/31 (39%),4/10 (40%),100%,4,7,38,37,,8,,4,0,0,9
12467547,54,62048,NORMAL,REGULAR,Round 23,LEAGUE,24265,Huesca,Visita,1ST,19/01/2025,23,0,34%,0.00,0,2,2,3,,151,2,7,2,,0,0,2,0,1,1,,0,,,1,0,122,6,13,,7/16 (44%),2/7 (29%),31%,5,7/25 (28%),5/14 (36%),1/5 (20%),100%,2,2,19,16,,2,,,,,5
12467547,54,62048,NORMAL,REGULAR,Round 23,LEAGUE,24265,Huesca,Visita,2ND,19/01/2025,23,0,28%,0.00,0,1,6,1,,117,2,8,0,,1,0,0,0,1,0,,0,,,0,2,84,10,12,,13/28 (46%),1/8 (13%),38%,6,9/25 (36%),7/17 (41%),3/5 (60%),100%,2,5,19,21,,6,,,,,4
12467534,54,62048,NORMAL,REGULAR,Round 24,LEAGUE,2848,Albacete Balompié,Local,ALL,26/01/2025,24,2,30%,0.00,5,14,4,4,10,202,17,12,2,,5,0,4,5,10,4,2,3,0,22,3,2,142,20,39,50/83 (60%),16/42 (38%),3/16 (19%),52%,7,39/70 (56%),9/22 (41%),9/17 (53%),59%,17,4,42,27,,4,,0,4,1,9
12467534,54,62048,NORMAL,REGULAR,Round 24,LEAGUE,2848,Albacete Balompié,Local,1ST,26/01/2025,24,1,31%,0.00,3,12,1,4,,116,10,4,0,,4,0,3,5,8,4,1,2,0,,1,2,91,10,15,,10/20 (50%),2/10 (20%),57%,1,19/33 (58%),5/9 (56%),5/11 (45%),60%,10,3,24,9,,1,,,,,2
12467534,54,62048,NORMAL,REGULAR,Round 24,LEAGUE,2848,Albacete Balompié,Local,2ND,26/01/2025,24,1,29%,0.00,2,2,3,0,,86,7,8,2,,1,0,1,0,2,0,1,1,0,,2,0,51,10,24,,6/22 (27%),1/6 (17%),48%,6,20/37 (54%),4/13 (31%),4/6 (67%),57%,7,1,18,18,,3,,,,,7
12467534,54,62048,NORMAL,REGULAR,Round 24,LEAGUE,2858,Almería,Visita,ALL,26/01/2025,24,1,70%,0.00,2,14,2,6,13,478,15,10,5,,5,2,5,4,11,3,1,1,1,32,3,3,419,17,42,75/103 (73%),20/48 (42%),5/30 (17%),48%,9,31/70 (44%),13/22 (59%),7/15 (47%),67%,15,10,48,21,,2,,1,0,0,11
12467534,54,62048,NORMAL,REGULAR,Round 24,LEAGUE,2858,Almería,Visita,1ST,26/01/2025,24,0,69%,0.00,0,5,2,3,,264,7,4,1,,1,1,1,3,3,2,0,0,0,,1,1,235,8,21,,7/22 (32%),2/10 (20%),43%,6,14/33 (42%),4/9 (44%),3/7 (43%),71%,7,5,19,6,,2,,,,,9
12467534,54,62048,NORMAL,REGULAR,Round 24,LEAGUE,2858,Almería,Visita,2ND,26/01/2025,24,1,71%,0.00,2,9,0,3,,214,8,6,4,,4,1,4,1,8,1,1,1,1,,2,2,184,9,21,,13/26 (50%),3/20 (15%),52%,3,17/37 (46%),9/13 (69%),4/8 (50%),63%,8,5,29,15,,0,,,,,2
12467521,54,62048,NORMAL,REGULAR,Round 25,LEAGUE,2858,Almería,Local,ALL,01/02/2025,25,1,55%,0.00,1,11,1,1,13,424,16,15,3,,4,0,6,1,8,3,,1,,17,4,1,352,13,53,65/97 (67%),28/60 (47%),3/13 (23%),55%,7,41/70 (59%),11/24 (46%),11/18 (61%),69%,16,7,39,18,1,1,,,1,0,10
12467521,54,62048,NORMAL,REGULAR,Round 25,LEAGUE,2858,Almería,Local,1ST,01/02/2025,25,0,55%,0.00,0,3,1,0,,222,9,6,2,,1,0,2,0,3,0,,0,,,1,0,189,8,28,,13/29 (45%),1/6 (17%),47%,4,16/32 (50%),7/17 (41%),1/5 (20%),78%,9,4,15,9,,1,,,,,5
12467521,54,62048,NORMAL,REGULAR,Round 25,LEAGUE,2858,Almería,Local,2ND,01/02/2025,25,1,55%,0.00,1,8,0,1,,202,7,9,1,,3,0,4,1,5,3,,1,,,3,1,163,5,25,,15/31 (48%),2/7 (29%),64%,3,25/38 (66%),4/7 (57%),10/13 (77%),57%,7,3,24,9,,0,,,,,5
12467521,54,62048,NORMAL,REGULAR,Round 25,LEAGUE,2851,Real Oviedo,Visita,ALL,01/02/2025,25,1,45%,0.00,1,9,3,3,15,335,14,13,5,,2,0,4,3,5,4,,1,,20,2,2,271,21,38,39/65 (60%),26/47 (55%),5/15 (33%),45%,7,29/70 (41%),13/24 (54%),4/13 (31%),64%,14,10,41,29,0,3,,,1,1,9
12467521,54,62048,NORMAL,REGULAR,Round 25,LEAGUE,2851,Real Oviedo,Visita,1ST,01/02/2025,25,1,45%,0.00,1,5,1,1,,172,8,7,1,,2,0,3,0,3,2,,1,,,2,1,149,12,17,,18/26 (69%),3/8 (38%),53%,4,16/32 (50%),10/17 (59%),2/7 (29%),63%,8,2,21,18,,1,,,,,1
12467521,54,62048,NORMAL,REGULAR,Round 25,LEAGUE,2851,Real Oviedo,Visita,2ND,01/02/2025,25,0,45%,0.00,0,4,2,2,,163,6,6,4,,0,0,1,3,2,2,,0,,,0,1,122,9,21,,8/21 (38%),2/7 (29%),36%,3,13/38 (34%),3/7 (43%),2/6 (33%),67%,6,8,20,11,,2,,,,,8
12467502,54,62048,NORMAL,REGULAR,Round 26,LEAGUE,2832,Deportivo de A Coruña,Local,ALL,09/02/2025,26,3,47%,0.00,2,11,7,3,8,419,20,13,2,,6,0,2,3,6,5,1,1,1,15,1,2,343,24,35,55/81 (68%),21/56 (38%),1/9 (11%),50%,16,39/78 (50%),10/20 (50%),7/12 (58%),65%,20,9,49,32,,7,,1,,,15
12467502,54,62048,NORMAL,REGULAR,Round 26,LEAGUE,2832,Deportivo de A Coruña,Local,1ST,09/02/2025,26,3,57%,0.00,1,6,3,2,,273,8,5,0,,4,0,1,1,4,2,1,0,1,,0,1,223,16,27,,9/34 (26%),1/5 (20%),51%,9,17/32 (53%),5/11 (45%),4/7 (57%),50%,8,3,29,15,,3,,,,,5
12467502,54,62048,NORMAL,REGULAR,Round 26,LEAGUE,2832,Deportivo de A Coruña,Local,2ND,09/02/2025,26,0,36%,0.00,1,5,4,1,,146,12,8,2,,2,0,1,2,2,3,0,1,0,,1,1,120,8,8,,12/22 (55%),0/4 (0%),49%,7,22/46 (48%),5/9 (56%),3/5 (60%),75%,12,6,20,17,,4,,,,,10
12467502,54,62048,NORMAL,REGULAR,Round 26,LEAGUE,2858,Almería,Visita,ALL,09/02/2025,26,1,53%,0.00,2,22,2,8,13,453,21,8,3,,8,0,10,4,11,11,1,1,0,31,1,2,386,27,45,126/166 (76%),18/35 (51%),5/23 (22%),50%,11,39/78 (50%),10/20 (50%),10/19 (53%),67%,21,7,52,18,,2,,0,,,5
12467502,54,62048,NORMAL,REGULAR,Round 26,LEAGUE,2858,Almería,Visita,1ST,09/02/2025,26,0,43%,0.00,0,7,1,3,,197,12,2,1,,3,0,4,0,3,4,0,0,0,,1,2,162,11,19,,9/20 (45%),1/7 (14%),49%,5,15/32 (47%),6/11 (55%),1/4 (25%),58%,12,3,29,15,,1,,,,,2
12467502,54,62048,NORMAL,REGULAR,Round 26,LEAGUE,2858,Almería,Visita,2ND,09/02/2025,26,1,64%,0.00,2,15,1,5,,256,9,6,2,,5,0,6,4,8,7,1,1,0,,0,0,224,16,26,,9/15 (60%),4/16 (25%),51%,6,24/46 (52%),4/9 (44%),9/15 (60%),78%,9,4,23,3,,1,,,,,3
12467499,54,62048,NORMAL,REGULAR,Round 27,LEAGUE,2858,Almería,Local,ALL,17/02/2025,27,1,37%,0.00,0,6,4,4,12,344,18,8,4,1,3,0,2,1,6,0,0,0,1,14,3,0,290,24,54,61/91 (67%),18/36 (50%),3/16 (19%),42%,17,29/79 (37%),15/25 (60%),5/15 (33%),72%,18,9,39,15,0,4,,2,0,0,7
12467499,54,62048,NORMAL,REGULAR,Round 27,LEAGUE,2858,Almería,Local,1ST,17/02/2025,27,0,37%,0.00,0,2,2,2,,156,8,6,3,0,2,0,0,0,2,0,0,0,0,,2,0,139,11,24,,11/20 (55%),0/9 (0%),37%,9,14/42 (33%),6/12 (50%),1/7 (14%),88%,8,6,17,9,,2,,,,,3
12467499,54,62048,NORMAL,REGULAR,Round 27,LEAGUE,2858,Almería,Local,2ND,17/02/2025,27,1,37%,0.00,0,4,2,2,,188,10,2,2,1,1,0,2,1,4,0,0,0,1,,1,0,151,13,30,,7/16 (44%),3/7 (43%),48%,8,15/37 (41%),9/13 (69%),4/8 (50%),60%,10,3,22,6,,2,,,,,4
12467499,54,62048,NORMAL,REGULAR,Round 27,LEAGUE,2846,Elche,Visita,ALL,17/02/2025,27,1,63%,0.00,4,10,2,3,8,607,27,12,1,0,5,0,3,2,7,3,1,3,3,17,1,1,546,14,53,116/139 (83%),23/42 (55%),2/10 (20%),58%,11,50/79 (63%),10/25 (40%),11/18 (61%),70%,27,9,45,17,1,2,,0,3,1,5
12467499,54,62048,NORMAL,REGULAR,Round 27,LEAGUE,2846,Elche,Visita,1ST,17/02/2025,27,0,63%,0.00,2,5,2,1,,275,15,7,0,0,2,0,2,1,5,0,0,2,2,,1,0,250,6,16,,11/19 (58%),1/7 (14%),63%,3,28/42 (67%),6/12 (50%),6/11 (55%),60%,15,2,22,9,,2,,,,,2
12467499,54,62048,NORMAL,REGULAR,Round 27,LEAGUE,2846,Elche,Visita,2ND,17/02/2025,27,1,63%,0.00,2,5,0,2,,332,12,5,1,0,3,0,1,1,2,3,1,1,1,,0,1,296,8,37,,12/23 (52%),1/3 (33%),52%,8,22/37 (59%),4/13 (31%),5/7 (71%),83%,12,7,23,8,,0,,,,,3
12467484,54,62048,NORMAL,REGULAR,Round 28,LEAGUE,2852,Sporting Gijón,Local,ALL,22/02/2025,28,1,56%,0.00,1,14,7,10,17,397,23,10,2,0,5,0,4,5,9,5,1,0,,27,3,3,332,23,68,104/138 (75%),23/50 (46%),8/36 (22%),44%,12,35/81 (43%),17/37 (46%),3/7 (43%),74%,23,4,40,19,,7,,0,1,,10
12467484,54,62048,NORMAL,REGULAR,Round 28,LEAGUE,2852,Sporting Gijón,Local,1ST,22/02/2025,28,0,56%,0.00,0,9,1,8,,203,13,7,0,0,3,0,3,3,6,3,0,0,,,1,2,174,10,33,,9/21 (43%),5/22 (23%),47%,7,20/45 (44%),12/23 (52%),1/3 (33%),62%,13,3,18,7,,1,,,,,6
12467484,54,62048,NORMAL,REGULAR,Round 28,LEAGUE,2852,Sporting Gijón,Local,2ND,22/02/2025,28,1,56%,0.00,1,5,6,2,,194,10,3,2,0,2,0,1,2,3,2,1,0,,,2,1,158,13,35,,14/29 (48%),3/14 (21%),40%,5,15/36 (42%),5/14 (36%),2/4 (50%),90%,10,1,22,12,,6,,,,,4
12467484,54,62048,NORMAL,REGULAR,Round 28,LEAGUE,2858,Almería,Visita,ALL,22/02/2025,28,1,44%,0.00,6,20,4,4,11,324,16,17,4,1,8,2,10,2,15,5,1,5,,27,1,1,262,21,48,68/94 (72%),27/55 (49%),7/15 (47%),56%,15,46/81 (57%),20/37 (54%),14/22 (64%),63%,16,4,42,40,,4,,3,3,,9
12467484,54,62048,NORMAL,REGULAR,Round 28,LEAGUE,2858,Almería,Visita,1ST,22/02/2025,28,1,44%,0.00,2,7,3,0,,168,9,8,0,0,2,1,4,1,4,3,1,1,,,0,0,140,10,24,,11/22 (50%),2/5 (40%),53%,7,25/45 (56%),11/23 (48%),8/14 (57%),56%,9,1,22,23,,3,,,,,3
12467484,54,62048,NORMAL,REGULAR,Round 28,LEAGUE,2858,Almería,Visita,2ND,22/02/2025,28,0,44%,0.00,4,13,1,4,,156,7,9,4,1,6,1,6,1,11,2,0,4,,,1,1,122,11,24,,16/33 (48%),5/10 (50%),60%,8,21/36 (58%),9/14 (64%),6/8 (75%),71%,7,3,20,17,,1,,,,,6
12467479,54,62048,NORMAL,REGULAR,Round 29,LEAGUE,2858,Almería,Local,ALL,01/03/2025,29,2,53%,0.00,9,20,1,7,13,394,19,11,1,,7,1,8,5,16,4,2,7,3,35,3,2,319,27,60,73/113 (65%),26/60 (43%),10/24 (42%),57%,9,36/69 (52%),20/29 (69%),6/14 (43%),74%,19,14,52,15,,1,,,1,,5
12467479,54,62048,NORMAL,REGULAR,Round 29,LEAGUE,2858,Almería,Local,1ST,01/03/2025,29,1,55%,0.00,5,10,1,3,,224,12,7,0,,3,0,5,2,9,1,1,4,2,,1,1,184,11,24,,14/32 (44%),5/8 (63%),65%,1,21/31 (68%),11/18 (61%),2/5 (40%),75%,12,6,24,7,,1,,,,,3
12467479,54,62048,NORMAL,REGULAR,Round 29,LEAGUE,2858,Almería,Local,2ND,01/03/2025,29,1,50%,0.00,4,10,0,4,,170,7,4,1,,4,1,3,3,7,3,1,3,1,,2,1,135,16,36,,12/28 (43%),5/16 (31%),49%,8,15/38 (39%),9/11 (82%),4/9 (44%),71%,7,8,28,8,,0,,,,,2
12467479,54,62048,NORMAL,REGULAR,Round 29,LEAGUE,2830,Málaga CF,Visita,ALL,01/03/2025,29,2,47%,0.00,1,9,3,3,12,361,17,12,4,,3,0,4,2,4,5,1,0,0,11,4,1,286,12,46,49/78 (63%),26/58 (45%),3/11 (27%),43%,10,33/69 (48%),9/29 (31%),3/12 (25%),71%,17,8,51,20,,3,,,1,,7
12467479,54,62048,NORMAL,REGULAR,Round 29,LEAGUE,2830,Málaga CF,Visita,1ST,01/03/2025,29,0,45%,0.00,0,2,1,0,,183,4,5,3,,1,0,1,0,1,1,0,0,0,,0,1,147,8,25,,7/19 (37%),1/3 (33%),35%,8,10/31 (32%),7/18 (39%),1/5 (20%),50%,4,4,21,11,,1,,,,,5
12467479,54,62048,NORMAL,REGULAR,Round 29,LEAGUE,2830,Málaga CF,Visita,2ND,01/03/2025,29,2,50%,0.00,1,7,2,3,,178,13,7,1,,2,0,3,2,3,4,1,0,0,,4,0,139,4,21,,19/39 (49%),2/8 (25%),51%,2,23/38 (61%),2/11 (18%),2/7 (29%),77%,13,4,30,9,,2,,,,,2
12467469,54,62048,NORMAL,REGULAR,Round 30,LEAGUE,2839,Eibar,Local,ALL,07/03/2025,30,1,45%,0.00,1,10,3,5,14,356,14,13,1,,3,1,4,3,4,6,1,,,12,1,5,259,23,63,49/93 (53%),27/68 (40%),2/14 (14%),48%,6,33/62 (53%),15/39 (38%),7/13 (54%),50%,14,12,44,25,1,3,,1,3,,11
12467469,54,62048,NORMAL,REGULAR,Round 30,LEAGUE,2839,Eibar,Local,1ST,07/03/2025,30,1,55%,0.00,1,4,2,2,,238,5,5,0,,1,1,2,1,1,3,1,,,,1,2,195,15,35,,17/33 (52%),1/8 (13%),48%,5,16/30 (53%),6/16 (38%),6/9 (67%),20%,5,6,24,10,,2,,,,,3
12467469,54,62048,NORMAL,REGULAR,Round 30,LEAGUE,2839,Eibar,Local,2ND,07/03/2025,30,0,33%,0.00,0,6,1,3,,118,9,8,1,,2,0,2,2,3,3,0,,,,0,3,64,8,28,,10/35 (29%),1/6 (17%),47%,1,17/32 (53%),9/23 (39%),1/4 (25%),67%,9,6,20,15,,1,,,,,8
12467469,54,62048,NORMAL,REGULAR,Round 30,LEAGUE,2858,Almería,Visita,ALL,07/03/2025,30,0,55%,0.00,0,13,2,6,13,427,12,14,3,,3,0,6,4,8,5,0,,,17,2,1,306,33,66,72/120 (60%),50/95 (53%),6/25 (24%),52%,6,29/62 (47%),24/39 (62%),4/12 (33%),50%,12,9,46,18,1,2,,0,1,,6
12467469,54,62048,NORMAL,REGULAR,Round 30,LEAGUE,2858,Almería,Visita,1ST,07/03/2025,30,0,45%,0.00,0,3,0,3,,195,8,7,0,,2,0,1,0,3,0,0,,,,0,1,132,14,24,,23/46 (50%),1/5 (20%),52%,3,14/30 (47%),10/16 (63%),0/2 (0%),38%,8,6,22,10,,0,,,,,4
12467469,54,62048,NORMAL,REGULAR,Round 30,LEAGUE,2858,Almería,Visita,2ND,07/03/2025,30,0,67%,0.00,0,10,2,3,,232,4,7,3,,1,0,5,4,5,5,0,,,,2,0,174,19,42,,27/49 (55%),5/20 (25%),53%,3,15/32 (47%),14/23 (61%),4/10 (40%),75%,4,3,24,8,,2,,,,,2
12467457,54,62048,NORMAL,REGULAR,Round 31,LEAGUE,2858,Almería,Local,ALL,15/03/2025,31,4,48%,0.00,1,17,,8,9,402,28,18,1,0,4,1,9,4,12,5,,1,,26,1,2,311,14,56,56/100 (56%),27/68 (40%),3/17 (18%),65%,6,52/77 (68%),12/22 (55%),7/14 (50%),57%,28,13,62,22,,,,,,,7
12467457,54,62048,NORMAL,REGULAR,Round 31,LEAGUE,2858,Almería,Local,1ST,15/03/2025,31,3,51%,0.00,0,9,,5,,215,16,8,1,0,3,1,5,1,6,3,,0,,,0,1,171,8,32,,14/35 (40%),1/9 (11%),67%,4,28/41 (68%),7/11 (64%),4/7 (57%),56%,16,8,30,14,,,,,,,4
12467457,54,62048,NORMAL,REGULAR,Round 31,LEAGUE,2858,Almería,Local,2ND,15/03/2025,31,1,44%,0.00,1,8,,3,,187,12,10,0,0,1,0,4,3,6,2,,1,,,1,1,140,6,24,,13/33 (39%),2/8 (25%),62%,2,24/36 (67%),5/11 (45%),3/7 (43%),58%,12,5,32,8,,,,,,,3
12467457,54,62048,NORMAL,REGULAR,Round 31,LEAGUE,2815,Real Zaragoza,Visita,ALL,15/03/2025,31,1,52%,0.00,0,5,,3,18,448,13,9,1,1,0,0,2,3,3,2,,0,,17,2,2,355,17,55,63/112 (56%),31/68 (46%),2/10 (20%),35%,15,25/77 (32%),10/22 (45%),4/17 (24%),62%,13,10,59,23,,,,,,,10
12467457,54,62048,NORMAL,REGULAR,Round 31,LEAGUE,2815,Real Zaragoza,Visita,1ST,15/03/2025,31,1,49%,0.00,0,1,,1,,207,7,4,1,0,0,0,1,0,1,0,,0,,,0,0,155,13,24,,17/37 (46%),0/2 (0%),33%,9,13/41 (32%),4/11 (36%),2/9 (22%),29%,7,7,24,14,,,,,,,6
12467457,54,62048,NORMAL,REGULAR,Round 31,LEAGUE,2815,Real Zaragoza,Visita,2ND,15/03/2025,31,0,56%,0.00,0,4,,2,,241,6,5,0,1,0,0,1,3,2,2,,0,,,2,2,200,4,31,,14/31 (45%),2/8 (25%),38%,6,12/36 (33%),6/11 (55%),2/8 (25%),100%,6,3,35,9,,,,,,,4
12467442,54,62048,NORMAL,REGULAR,Round 32,LEAGUE,2854,Burgos Club de Fútbol,Local,ALL,21/03/2025,32,3,44%,0.00,2,7,3,1,16,334,14,18,4,,5,0,1,1,5,2,2,,3,12,2,2,251,19,50,54/88 (61%),23/61 (38%),1/8 (13%),52%,5,35/65 (54%),14/29 (48%),6/12 (50%),64%,14,14,48,30,,3,,,3,1,8
12467442,54,62048,NORMAL,REGULAR,Round 32,LEAGUE,2854,Burgos Club de Fútbol,Local,1ST,21/03/2025,32,1,45%,0.00,1,1,1,0,,188,6,7,1,,1,0,0,0,1,0,1,,0,,0,2,147,14,22,,11/28 (39%),0/4 (0%),49%,2,15/30 (50%),5/11 (45%),3/6 (50%),67%,6,6,22,11,,1,,,,,2
12467442,54,62048,NORMAL,REGULAR,Round 32,LEAGUE,2854,Burgos Club de Fútbol,Local,2ND,21/03/2025,32,2,44%,0.00,1,6,2,1,,146,8,11,3,,4,0,1,1,4,2,1,,3,,2,0,104,5,28,,12/33 (36%),1/4 (25%),55%,3,20/35 (57%),9/18 (50%),3/6 (50%),63%,8,8,26,19,,2,,,,,6
12467442,54,62048,NORMAL,REGULAR,Round 32,LEAGUE,2858,Almería,Visita,ALL,21/03/2025,32,1,56%,0.00,0,11,2,3,18,403,11,16,5,,4,0,4,3,8,3,0,,0,13,4,0,312,32,64,51/98 (52%),30/63 (48%),6/21 (29%),48%,4,30/65 (46%),15/29 (52%),4/14 (29%),45%,11,6,49,11,,2,,,1,0,3
12467442,54,62048,NORMAL,REGULAR,Round 32,LEAGUE,2858,Almería,Visita,1ST,21/03/2025,32,1,55%,0.00,0,5,0,2,,225,5,10,2,,2,0,1,2,4,1,0,,0,,3,0,178,12,28,,22/39 (56%),2/9 (22%),51%,3,15/30 (50%),6/11 (55%),1/4 (25%),40%,5,4,25,8,,0,,,,,0
12467442,54,62048,NORMAL,REGULAR,Round 32,LEAGUE,2858,Almería,Visita,2ND,21/03/2025,32,0,56%,0.00,0,6,2,1,,178,6,6,3,,2,0,3,1,4,2,0,,0,,1,0,134,20,36,,8/24 (33%),4/12 (33%),45%,1,15/35 (43%),9/18 (50%),3/10 (30%),50%,6,2,24,3,,2,,,,,3
12467434,54,62048,NORMAL,REGULAR,Round 33,LEAGUE,2858,Almería,Local,ALL,29/03/2025,33,1,57%,0.00,2,14,2,10,16,442,7,5,1,,3,0,7,4,7,7,1,1,0,18,2,1,368,17,62,101/147 (69%),31/60 (52%),7/29 (24%),42%,7,15/48 (31%),16/26 (62%),1/6 (17%),100%,7,10,43,22,0,2,,1,1,,6
12467434,54,62048,NORMAL,REGULAR,Round 33,LEAGUE,2858,Almería,Local,1ST,29/03/2025,33,0,69%,0.00,1,9,1,7,,265,2,2,1,,1,0,5,3,4,5,0,1,0,,0,0,226,10,41,,19/31 (61%),6/19 (32%),44%,3,4/17 (24%),8/10 (80%),0/3 (0%),100%,2,4,22,6,,1,,,,,3
12467434,54,62048,NORMAL,REGULAR,Round 33,LEAGUE,2858,Almería,Local,2ND,29/03/2025,33,1,46%,0.00,1,5,1,3,,177,5,3,0,,2,0,2,1,3,2,1,0,0,,2,1,142,7,21,,12/29 (41%),1/10 (10%),40%,4,11/31 (35%),8/16 (50%),1/3 (33%),100%,5,6,21,16,,1,,,,,3
12467434,54,62048,NORMAL,REGULAR,Round 33,LEAGUE,2849,Levante UD,Visita,ALL,29/03/2025,33,0,43%,0.00,4,9,2,4,6,337,12,16,5,,2,0,5,2,7,2,0,4,3,21,3,5,267,22,46,50/87 (57%),19/51 (37%),6/17 (35%),58%,5,33/48 (69%),10/26 (38%),5/8 (63%),50%,12,5,34,32,2,2,,0,1,,10
12467434,54,62048,NORMAL,REGULAR,Round 33,LEAGUE,2849,Levante UD,Visita,1ST,29/03/2025,33,0,31%,0.00,2,4,1,1,,122,6,6,0,,1,0,2,1,3,1,0,2,0,,2,2,86,14,20,,7/25 (28%),2/7 (29%),56%,2,13/17 (76%),2/10 (20%),1/1 (100%),50%,6,4,15,20,,1,,,,,7
12467434,54,62048,NORMAL,REGULAR,Round 33,LEAGUE,2849,Levante UD,Visita,2ND,29/03/2025,33,0,54%,0.00,2,5,1,3,,215,6,10,5,,1,0,3,1,4,1,0,2,3,,1,3,181,8,26,,12/26 (46%),4/10 (40%),60%,3,20/31 (65%),8/16 (50%),4/7 (57%),50%,6,1,19,12,,1,,,,,3
12467417,54,62048,NORMAL,REGULAR,Round 34,LEAGUE,33779,Granada,Local,ALL,05/04/2025,34,3,41%,0.00,4,17,7,4,9,287,7,8,1,,8,0,5,4,12,5,1,3,,20,3,0,228,12,48,59/89 (66%),25/57 (44%),7/18 (39%),47%,7,27/62 (44%),10/17 (59%),11/22 (50%),71%,7,5,46,29,,7,,1,1,1,9
12467417,54,62048,NORMAL,REGULAR,Round 34,LEAGUE,33779,Granada,Local,1ST,05/04/2025,34,1,42%,0.00,1,6,2,1,,139,3,4,0,,3,0,1,2,4,2,1,0,,,2,0,109,6,24,,14/29 (48%),0/7 (0%),45%,5,14/31 (45%),5/11 (45%),6/9 (67%),67%,3,2,19,15,,2,,,,,7
12467417,54,62048,NORMAL,REGULAR,Round 34,LEAGUE,33779,Granada,Local,2ND,05/04/2025,34,2,39%,0.00,3,11,5,3,,148,4,4,1,,5,0,4,2,8,3,0,3,,,1,0,119,6,24,,11/28 (39%),7/11 (64%),49%,2,13/31 (42%),5/6 (83%),5/13 (38%),75%,4,3,27,14,,5,,,,,2
12467417,54,62048,NORMAL,REGULAR,Round 34,LEAGUE,2858,Almería,Visita,ALL,05/04/2025,34,1,59%,0.00,1,21,4,4,9,425,18,9,2,,8,0,7,6,13,8,0,1,,20,3,1,366,22,60,72/105 (69%),24/45 (53%),7/22 (32%),53%,4,35/62 (56%),7/17 (41%),8/11 (73%),78%,18,6,46,20,,4,,0,0,1,4
12467417,54,62048,NORMAL,REGULAR,Round 34,LEAGUE,2858,Almería,Visita,1ST,05/04/2025,34,0,58%,0.00,0,12,2,3,,186,8,3,1,,2,0,5,5,6,6,0,0,,,1,0,156,10,27,,9/21 (43%),2/11 (18%),55%,2,17/31 (55%),6/11 (55%),6/7 (86%),75%,8,3,25,8,,2,,,,,1
12467417,54,62048,NORMAL,REGULAR,Round 34,LEAGUE,2858,Almería,Visita,2ND,05/04/2025,34,1,61%,0.00,1,9,2,1,,239,10,6,1,,6,0,2,1,7,2,0,1,,,2,1,210,12,33,,15/24 (63%),5/11 (45%),51%,2,18/31 (58%),1/6 (17%),2/4 (50%),80%,10,3,21,12,,2,,,,,3
12467415,54,62048,NORMAL,REGULAR,Round 35,LEAGUE,2858,Almería,Local,ALL,13/04/2025,35,2,59%,0.00,2,28,2,10,13,480,17,8,2,,7,1,13,8,19,9,1,1,,51,1,1,425,24,56,137/163 (84%),26/45 (58%),14/32 (44%),48%,8,29/66 (44%),13/21 (62%),4/15 (27%),59%,17,11,50,17,,2,,1,0,,1
12467415,54,62048,NORMAL,REGULAR,Round 35,LEAGUE,2858,Almería,Local,1ST,13/04/2025,35,1,66%,0.00,2,16,0,6,,286,8,4,1,,4,0,7,5,9,7,1,1,,,0,0,259,16,28,,16/21 (76%),9/21 (43%),55%,2,13/28 (46%),9/12 (75%),1/8 (13%),38%,8,7,22,10,,0,,,,,0
12467415,54,62048,NORMAL,REGULAR,Round 35,LEAGUE,2858,Almería,Local,2ND,13/04/2025,35,1,51%,0.00,0,12,2,4,,194,9,4,1,,3,1,6,3,10,2,0,0,,,1,1,166,8,28,,10/24 (42%),5/11 (45%),43%,6,16/38 (42%),4/9 (44%),3/7 (43%),78%,9,4,28,7,,2,,,,,1
12467415,54,62048,NORMAL,REGULAR,Round 35,LEAGUE,24329,FC Cartagena,Visita,ALL,13/04/2025,35,1,41%,0.00,3,6,5,1,8,344,19,12,1,,3,1,2,1,3,3,1,2,,13,2,3,269,12,54,51/87 (59%),24/59 (41%),2/11 (18%),52%,12,37/66 (56%),8/21 (38%),7/12 (58%),47%,19,8,45,24,,5,,3,1,,16
12467415,54,62048,NORMAL,REGULAR,Round 35,LEAGUE,24329,FC Cartagena,Visita,1ST,13/04/2025,35,0,34%,0.00,0,1,3,1,,153,9,4,1,,0,0,1,0,0,1,0,0,,,0,1,114,4,27,,7/28 (25%),1/7 (14%),45%,6,15/28 (54%),3/12 (25%),2/4 (50%),44%,9,3,22,15,,3,,,,,10
12467415,54,62048,NORMAL,REGULAR,Round 35,LEAGUE,24329,FC Cartagena,Visita,2ND,13/04/2025,35,1,49%,0.00,3,5,2,0,,191,10,8,0,,3,1,1,1,3,2,1,2,,,2,2,155,8,27,,17/31 (55%),1/4 (25%),57%,6,22/38 (58%),5/9 (56%),5/8 (63%),50%,10,5,23,9,,2,,,,,6
12467396,54,62048,NORMAL,REGULAR,Round 36,LEAGUE,5067,CD Castellón,Local,ALL,18/04/2025,36,4,51%,0.00,3,12,3,3,11,392,16,14,2,,5,1,3,4,10,2,3,0,0,31,2,1,306,16,53,61/108 (56%),19/51 (37%),6/17 (35%),51%,8,40/76 (53%),9/21 (43%),11/19 (58%),56%,16,15,53,14,0,3,,,0,,7
12467396,54,62048,NORMAL,REGULAR,Round 36,LEAGUE,5067,CD Castellón,Local,1ST,18/04/2025,36,1,49%,0.00,1,5,2,2,,177,9,8,0,,2,1,2,1,5,0,1,0,0,,1,1,143,8,25,,9/19 (47%),4/7 (57%),50%,3,19/37 (51%),6/13 (46%),2/5 (40%),44%,9,10,23,6,,2,,,,,2
12467396,54,62048,NORMAL,REGULAR,Round 36,LEAGUE,5067,CD Castellón,Local,2ND,18/04/2025,36,3,53%,0.00,2,7,1,1,,215,7,6,2,,3,0,1,3,5,2,2,0,0,,1,0,163,8,28,,10/32 (31%),2/10 (20%),51%,5,21/39 (54%),3/8 (38%),9/14 (64%),71%,7,5,30,8,,1,,,,,5
12467396,54,62048,NORMAL,REGULAR,Round 36,LEAGUE,2858,Almería,Visita,ALL,18/04/2025,36,1,49%,0.00,2,9,1,3,14,368,16,11,4,,3,0,3,3,5,4,0,2,1,13,0,1,274,17,51,47/86 (55%),21/57 (37%),1/11 (9%),49%,7,36/76 (47%),12/21 (57%),9/18 (50%),56%,16,10,50,30,2,1,,,1,,8
12467396,54,62048,NORMAL,REGULAR,Round 36,LEAGUE,2858,Almería,Visita,1ST,18/04/2025,36,1,51%,0.00,1,6,1,2,,181,6,7,3,,2,0,2,2,4,2,0,1,0,,0,1,133,8,23,,13/35 (37%),0/4 (0%),50%,5,18/37 (49%),7/13 (54%),5/9 (56%),50%,6,5,24,12,,1,,,,,3
12467396,54,62048,NORMAL,REGULAR,Round 36,LEAGUE,2858,Almería,Visita,2ND,18/04/2025,36,0,47%,0.00,1,3,0,1,,187,10,4,1,,1,0,1,1,1,2,0,1,1,,0,0,141,9,28,,8/22 (36%),1/7 (14%),49%,2,18/39 (46%),5/8 (63%),4/9 (44%),60%,10,5,26,18,,0,,,,,5
12465976,54,62048,NORMAL,REGULAR,Round 37,LEAGUE,2858,Almería,Local,ALL,29/04/2025,37,2,54%,0.00,3,12,5,6,17,467,15,10,2,,4,0,5,3,9,3,1,2,1,18,3,1,407,15,42,56/90 (62%),25/45 (56%),6/20 (30%),50%,8,33/69 (48%),15/27 (56%),7/15 (47%),47%,15,13,46,27,0,5,,,2,0,8
12465976,54,62048,NORMAL,REGULAR,Round 37,LEAGUE,2858,Almería,Local,1ST,29/04/2025,37,1,59%,0.00,1,6,3,6,,238,10,3,1,,2,0,2,2,4,2,1,0,1,,2,0,207,7,21,,15/23 (65%),2/13 (15%),52%,5,17/34 (50%),7/12 (58%),3/6 (50%),50%,10,5,23,10,,3,,,,,3
12465976,54,62048,NORMAL,REGULAR,Round 37,LEAGUE,2858,Almería,Local,2ND,29/04/2025,37,1,50%,0.00,2,6,2,0,,229,5,7,1,,2,0,3,1,5,1,0,2,0,,1,1,200,8,21,,10/22 (45%),4/7 (57%),48%,3,16/35 (46%),8/15 (53%),4/9 (44%),40%,5,8,23,17,,2,,,,,5
12465976,54,62048,NORMAL,REGULAR,Round 37,LEAGUE,2843,Racing de Ferrol,Visita,ALL,29/04/2025,37,1,46%,0.00,3,17,2,6,11,394,16,17,3,,6,0,8,3,9,8,1,2,0,18,2,2,328,10,48,61/86 (71%),14/32 (44%),6/25 (24%),50%,9,36/69 (52%),12/27 (44%),5/11 (45%),63%,16,10,46,22,1,2,,,1,2,8
12465976,54,62048,NORMAL,REGULAR,Round 37,LEAGUE,2843,Racing de Ferrol,Visita,1ST,29/04/2025,37,0,41%,0.00,1,7,1,2,,173,8,7,1,,3,0,3,1,4,3,0,1,0,,1,1,142,5,18,,6/15 (40%),1/5 (20%),48%,6,17/34 (50%),5/12 (42%),3/7 (43%),63%,8,7,21,15,,1,,,,,4
12465976,54,62048,NORMAL,REGULAR,Round 37,LEAGUE,2843,Racing de Ferrol,Visita,2ND,29/04/2025,37,1,50%,0.00,2,10,1,4,,221,8,10,2,,3,0,5,2,5,5,1,1,0,,1,1,186,5,30,,8/17 (47%),5/20 (25%),52%,3,19/35 (54%),7/15 (47%),2/4 (50%),63%,8,3,25,7,,1,,,,,4
12465955,54,62048,NORMAL,REGULAR,Round 38,LEAGUE,2858,Almería,Local,ALL,04/05/2025,38,5,53%,0.00,5,24,2,4,8,464,9,11,1,,10,2,10,4,17,7,2,3,1,34,1,1,403,17,42,78/103 (76%),22/44 (50%),5/10 (50%),58%,6,23/46 (50%),11/13 (85%),4/8 (50%),44%,9,10,39,35,0,2,,1,0,,12
12465955,54,62048,NORMAL,REGULAR,Round 38,LEAGUE,2858,Almería,Local,1ST,04/05/2025,38,2,62%,0.00,4,13,0,2,,229,5,6,1,,4,1,7,2,10,3,1,3,0,,1,1,198,12,24,,11/21 (52%),4/6 (67%),50%,5,14/31 (45%),4/5 (80%),3/7 (43%),40%,5,2,20,12,,0,,,,,6
12465955,54,62048,NORMAL,REGULAR,Round 38,LEAGUE,2858,Almería,Local,2ND,04/05/2025,38,3,47%,0.00,1,11,2,2,,235,4,5,0,,6,1,3,2,7,4,1,0,1,,0,0,205,5,18,,11/23 (48%),1/4 (25%),70%,1,9/15 (60%),7/8 (88%),1/1 (100%),50%,4,8,19,23,,2,,,,,6
12465955,54,62048,NORMAL,REGULAR,Round 38,LEAGUE,47321,CD Eldense,Visita,ALL,04/05/2025,38,0,47%,0.00,2,11,5,7,11,391,10,8,1,,2,0,9,0,5,6,0,2,1,15,0,0,316,23,60,72/105 (69%),23/54 (43%),2/22 (9%),42%,8,23/46 (50%),2/13 (15%),5/6 (83%),70%,10,11,39,16,1,5,,0,1,,8
12465955,54,62048,NORMAL,REGULAR,Round 38,LEAGUE,47321,CD Eldense,Visita,1ST,04/05/2025,38,0,38%,0.00,0,4,2,4,,135,9,7,1,,0,0,4,0,2,2,0,0,0,,0,0,97,11,21,,8/27 (30%),1/8 (13%),50%,4,17/31 (55%),1/5 (20%),1/2 (50%),67%,9,5,17,11,,2,,,,,4
12465955,54,62048,NORMAL,REGULAR,Round 38,LEAGUE,47321,CD Eldense,Visita,2ND,04/05/2025,38,0,53%,0.00,2,7,3,3,,256,1,1,0,,2,0,5,0,3,4,0,2,1,,0,0,219,12,39,,15/27 (56%),1/14 (7%),30%,4,6/15 (40%),1/8 (13%),4/4 (100%),100%,1,6,22,5,,3,,,,,4
12465961,54,62048,NORMAL,REGULAR,Round 39,LEAGUE,4488,Cádiz,Local,ALL,09/05/2025,39,2,64%,0.00,2,20,4,9,15,431,6,14,5,0,3,0,13,4,11,9,2,0,,43,7,3,391,14,50,184/206 (89%),26/33 (79%),11/45 (24%),48%,3,20/41 (49%),11/24 (46%),1/3 (33%),83%,6,6,42,11,,4,,1,0,1,4
12465961,54,62048,NORMAL,REGULAR,Round 39,LEAGUE,4488,Cádiz,Local,1ST,09/05/2025,39,0,53%,0.00,0,7,2,3,,192,5,7,1,0,0,0,4,3,3,4,0,0,,,3,1,168,9,22,,14/19 (74%),3/11 (27%),49%,2,12/24 (50%),7/15 (47%),0/2 (0%),80%,5,6,18,7,,2,,,,,1
12465961,54,62048,NORMAL,REGULAR,Round 39,LEAGUE,4488,Cádiz,Local,2ND,09/05/2025,39,2,76%,0.00,2,13,2,6,,239,1,7,4,0,3,0,9,1,8,5,2,0,,,4,2,223,5,28,,12/14 (86%),8/34 (24%),46%,1,8/17 (47%),4/9 (44%),1/1 (100%),100%,1,0,24,4,,2,,,,,3
12465961,54,62048,NORMAL,REGULAR,Round 39,LEAGUE,2858,Almería,Visita,ALL,09/05/2025,39,1,36%,0.00,3,8,1,6,14,251,5,15,4,3,4,0,3,1,7,1,1,2,,13,2,0,190,12,43,37/67 (55%),22/56 (39%),3/17 (18%),52%,0,21/41 (51%),13/24 (54%),2/8 (25%),40%,5,5,22,43,,1,,0,2,1,18
12465961,54,62048,NORMAL,REGULAR,Round 39,LEAGUE,2858,Almería,Visita,1ST,09/05/2025,39,1,47%,0.00,3,5,0,4,,169,4,7,1,1,3,0,1,1,5,0,1,2,,,1,0,139,9,20,,8/21 (38%),3/11 (27%),51%,0,12/24 (50%),8/15 (53%),1/6 (17%),25%,4,4,10,14,,0,,,,,7
12465961,54,62048,NORMAL,REGULAR,Round 39,LEAGUE,2858,Almería,Visita,2ND,09/05/2025,39,0,24%,0.00,0,3,1,2,,82,1,8,3,2,1,0,2,0,2,1,0,0,,,1,0,51,3,23,,14/35 (40%),0/6 (0%),54%,0,9/17 (53%),5/9 (56%),1/2 (50%),100%,1,1,12,29,,1,,,,,11
12465970,54,62048,NORMAL,REGULAR,Round 40,LEAGUE,2858,Almería,Local,ALL,18/05/2025,40,2,42%,0.00,6,18,2,4,20,313,6,14,1,,6,0,8,4,14,4,2,4,3,24,1,5,239,19,55,63/98 (64%),30/64 (47%),7/16 (44%),56%,2,29/59 (49%),20/29 (69%),10/14 (71%),83%,6,11,51,37,0,2,,,0,0,7
12465970,54,62048,NORMAL,REGULAR,Round 40,LEAGUE,2858,Almería,Local,1ST,18/05/2025,40,1,42%,0.00,5,12,2,3,,147,1,5,0,,3,0,7,2,10,2,1,4,3,,1,2,115,10,22,,9/23 (39%),5/7 (71%),54%,1,12/28 (43%),15/22 (68%),6/7 (86%),100%,1,6,24,17,,2,,,,,3
12465970,54,62048,NORMAL,REGULAR,Round 40,LEAGUE,2858,Almería,Local,2ND,18/05/2025,40,1,43%,0.00,1,6,0,1,,166,5,9,1,,3,0,1,2,4,2,1,0,0,,0,3,124,9,33,,21/41 (51%),2/9 (22%),58%,1,17/31 (55%),5/7 (71%),4/7 (57%),80%,5,5,27,20,,0,,,,,4
12465970,54,62048,NORMAL,REGULAR,Round 40,LEAGUE,2835,Real Racing Club,Visita,ALL,18/05/2025,40,0,58%,0.00,0,10,4,7,14,429,6,20,1,,2,0,4,4,4,6,0,0,1,19,3,5,351,20,52,86/126 (68%),18/49 (37%),2/23 (9%),44%,4,30/59 (51%),9/29 (31%),7/9 (78%),50%,6,3,36,28,2,4,,,1,1,9
12465970,54,62048,NORMAL,REGULAR,Round 40,LEAGUE,2835,Real Racing Club,Visita,1ST,18/05/2025,40,0,58%,0.00,0,4,2,2,,207,2,11,0,,2,0,1,1,2,2,0,0,0,,1,2,167,8,26,,8/27 (30%),1/10 (10%),46%,1,16/28 (57%),7/22 (32%),5/5 (100%),50%,2,2,13,11,,2,,,,,8
12465970,54,62048,NORMAL,REGULAR,Round 40,LEAGUE,2835,Real Racing Club,Visita,2ND,18/05/2025,40,0,57%,0.00,0,6,2,5,,222,4,9,1,,0,0,3,3,2,4,0,0,1,,2,3,184,12,26,,10/22 (45%),1/13 (8%),42%,3,14/31 (45%),2/7 (29%),2/4 (50%),50%,4,1,23,17,,2,,,,,1
12465916,54,62048,NORMAL,REGULAR,Round 41,LEAGUE,35092,Mirandés,Local,ALL,25/05/2025,41,0,47%,0.00,5,16,1,4,12,294,15,16,0,,3,2,8,5,11,5,,5,,35,5,3,224,22,51,78/115 (68%),22/46 (48%),9/23 (39%),47%,4,35/62 (56%),17/49 (35%),6/13 (46%),53%,15,8,49,24,0,1,,,1,,5
12465916,54,62048,NORMAL,REGULAR,Round 41,LEAGUE,35092,Mirandés,Local,1ST,25/05/2025,41,0,44%,0.00,1,6,1,3,,139,11,8,0,,1,0,3,2,3,3,,1,,,1,1,103,12,22,,10/20 (50%),3/10 (30%),54%,1,21/33 (64%),8/21 (38%),2/5 (40%),55%,11,2,26,15,,1,,,,,3
12465916,54,62048,NORMAL,REGULAR,Round 41,LEAGUE,35092,Mirandés,Local,2ND,25/05/2025,41,0,51%,0.00,4,10,0,1,,155,4,8,0,,2,2,5,3,8,2,,4,,,4,2,121,10,29,,12/26 (46%),6/13 (46%),40%,3,14/29 (48%),9/28 (32%),4/8 (50%),50%,4,6,23,9,,0,,,,,2
12465916,54,62048,NORMAL,REGULAR,Round 41,LEAGUE,2858,Almería,Visita,ALL,25/05/2025,41,0,53%,0.00,0,12,2,6,16,333,11,12,2,,1,0,5,6,3,9,,0,,10,0,0,253,15,47,62/97 (64%),40/75 (53%),5/23 (22%),53%,9,27/62 (44%),32/49 (65%),4/10 (40%),45%,11,8,44,40,2,2,,,0,,14
12465916,54,62048,NORMAL,REGULAR,Round 41,LEAGUE,2858,Almería,Visita,1ST,25/05/2025,41,0,56%,0.00,0,9,1,2,,175,4,5,0,,1,0,3,5,3,6,,0,,,0,0,141,9,22,,16/33 (48%),4/15 (27%),46%,6,12/33 (36%),13/21 (62%),3/8 (38%),25%,4,3,24,12,,1,,,,,6
12465916,54,62048,NORMAL,REGULAR,Round 41,LEAGUE,2858,Almería,Visita,2ND,25/05/2025,41,0,49%,0.00,0,3,1,4,,158,7,7,2,,0,0,2,1,0,3,,0,,,0,0,112,6,25,,24/42 (57%),1/8 (13%),60%,3,15/29 (52%),19/28 (68%),1/2 (50%),57%,7,5,20,28,,1,,,,,8
12465912,54,62048,NORMAL,REGULAR,Round 42,LEAGUE,2858,Almería,Local,ALL,01/06/2025,42,2,43%,0.00,2,15,4,2,9,340,23,11,1,,8,0,4,3,10,5,,2,2,18,2,0,271,15,33,52/74 (70%),23/42 (55%),2/8 (25%),66%,7,39/66 (59%),20/24 (83%),5/10 (50%),61%,23,4,46,22,1,4,,1,0,,8
12465912,54,62048,NORMAL,REGULAR,Round 42,LEAGUE,2858,Almería,Local,1ST,01/06/2025,42,1,41%,0.00,0,5,1,0,,162,11,4,0,,4,0,0,1,4,1,,0,0,,0,0,124,9,15,,11/22 (50%),0/1 (0%),66%,4,17/30 (57%),10/11 (91%),2/4 (50%),73%,11,2,21,11,,1,,,,,3
12465912,54,62048,NORMAL,REGULAR,Round 42,LEAGUE,2858,Almería,Local,2ND,01/06/2025,42,1,45%,0.00,2,10,3,2,,178,12,7,1,,4,0,4,2,6,4,,2,2,,2,0,147,6,18,,12/20 (60%),2/7 (29%),65%,3,22/36 (61%),10/13 (77%),3/6 (50%),50%,12,2,25,11,,3,,,,,5
12465912,54,62048,NORMAL,REGULAR,Round 42,LEAGUE,2822,CD Tenerife,Visita,ALL,01/06/2025,42,0,57%,0.00,1,10,6,6,11,444,12,9,5,,4,0,3,3,5,5,,1,0,9,1,5,371,20,53,67/98 (68%),18/42 (43%),5/19 (26%),34%,14,27/66 (41%),4/24 (17%),7/16 (44%),50%,12,10,51,12,0,6,,0,2,,6
12465912,54,62048,NORMAL,REGULAR,Round 42,LEAGUE,2822,CD Tenerife,Visita,1ST,01/06/2025,42,0,59%,0.00,1,4,3,4,,224,6,5,2,,1,0,2,1,1,3,,1,0,,1,2,188,14,26,,12/26 (46%),4/12 (33%),34%,6,13/30 (43%),1/11 (9%),3/8 (38%),17%,6,4,23,7,,3,,,,,2
12465912,54,62048,NORMAL,REGULAR,Round 42,LEAGUE,2822,CD Tenerife,Visita,2ND,01/06/2025,42,0,55%,0.00,0,6,3,2,,220,6,4,3,,3,0,1,2,4,2,,0,0,,0,3,183,6,27,,6/16 (38%),1/7 (14%),35%,8,14/36 (39%),3/13 (23%),4/8 (50%),83%,6,6,28,5,,3,,,,,4
13963639,54,62048,NORMAL,PLAYOFF,Semifinals,LEAGUE,2858,Almería,Local,ALL,07/06/2025,28,1,54%,0.00,1,11,2,6,14,488,12,14,2,,3,1,6,2,6,5,0,1,,17,0,,421,15,49,62/95 (65%),21/49 (43%),7/22 (32%),51%,6,31/61 (51%),18/36 (50%),6/14 (43%),83%,12,4,41,23,0,2,,,,1,3
13963639,54,62048,NORMAL,PLAYOFF,Semifinals,LEAGUE,2858,Almería,Local,1ST,07/06/2025,28,1,50%,0.00,0,5,1,2,,209,6,9,2,,2,0,3,0,2,3,0,0,,,0,,180,5,16,,12/24 (50%),1/5 (20%),53%,1,19/34 (56%),5/11 (45%),5/8 (63%),67%,6,1,21,17,,1,,,,,1
13963639,54,62048,NORMAL,PLAYOFF,Semifinals,LEAGUE,2858,Almería,Local,2ND,07/06/2025,28,0,57%,0.00,1,6,1,4,,279,6,5,0,,1,1,3,2,4,2,0,1,,,0,,241,10,33,,9/25 (36%),6/17 (35%),48%,5,12/27 (44%),13/25 (52%),1/6 (17%),100%,6,3,20,6,,1,,,,,2
13963639,54,62048,NORMAL,PLAYOFF,Semifinals,LEAGUE,2851,Real Oviedo,Visita,ALL,07/06/2025,28,2,46%,0.00,2,8,1,4,14,425,14,14,2,,4,0,3,1,6,2,2,0,,8,1,,369,12,47,65/86 (76%),38/65 (58%),5/17 (29%),49%,6,30/61 (49%),18/36 (50%),2/8 (25%),71%,14,7,42,31,1,1,,,,2,8
13963639,54,62048,NORMAL,PLAYOFF,Semifinals,LEAGUE,2851,Real Oviedo,Visita,1ST,07/06/2025,28,1,50%,0.00,1,5,1,4,,205,4,10,0,,2,0,2,1,4,1,1,0,,,1,,180,4,23,,20/32 (63%),2/11 (18%),47%,4,15/34 (44%),6/11 (55%),1/3 (33%),50%,4,3,22,10,,1,,,,,3
13963639,54,62048,NORMAL,PLAYOFF,Semifinals,LEAGUE,2851,Real Oviedo,Visita,2ND,07/06/2025,28,1,43%,0.00,1,3,0,0,,220,10,4,2,,2,0,1,0,2,1,1,0,,,0,,189,8,24,,18/33 (55%),3/6 (50%),52%,2,15/27 (56%),12/25 (48%),1/5 (20%),80%,10,4,20,21,,0,,,,,5
13963642,54,62048,NORMAL,PLAYOFF,Semifinals,LEAGUE,2851,Real Oviedo,Local,ALL,11/06/2025,28,1,40%,0.00,0,9,5,4,9,318,13,9,2,,5,0,3,1,4,5,0,,,14,2,5,271,16,45,71/92 (77%),27/44 (61%),2/11 (18%),54%,6,26/52 (50%),20/33 (61%),4/9 (44%),54%,13,7,31,26,2,5,,3,1,0,5
13963642,54,62048,NORMAL,PLAYOFF,Semifinals,LEAGUE,2851,Real Oviedo,Local,1ST,11/06/2025,28,0,44%,0.00,0,2,4,1,,179,6,3,0,,1,0,1,0,1,1,0,,,,0,1,155,8,24,,13/23 (57%),1/8 (13%),44%,4,11/27 (41%),7/14 (50%),2/6 (33%),67%,6,5,13,8,,4,,,,,1
13963642,54,62048,NORMAL,PLAYOFF,Semifinals,LEAGUE,2851,Real Oviedo,Local,2ND,11/06/2025,28,1,35%,0.00,0,7,1,3,,139,7,6,2,,4,0,2,1,3,4,0,,,,2,4,116,8,21,,14/21 (67%),1/3 (33%),64%,2,15/25 (60%),13/19 (68%),2/3 (67%),43%,7,2,18,18,,1,,,,,4
13963642,54,62048,NORMAL,PLAYOFF,Semifinals,LEAGUE,2858,Almería,Visita,ALL,11/06/2025,28,1,60%,0.00,1,15,4,5,9,478,11,8,2,,6,2,5,4,9,6,1,,,29,2,4,429,17,56,100/124 (81%),30/48 (63%),6/26 (23%),46%,7,26/52 (50%),13/33 (39%),7/13 (54%),73%,11,4,32,19,0,4,,0,0,1,7
13963642,54,62048,NORMAL,PLAYOFF,Semifinals,LEAGUE,2858,Almería,Visita,1ST,11/06/2025,28,1,56%,0.00,1,8,1,2,,234,8,5,0,,5,0,1,2,4,4,1,,,,2,4,205,9,30,,14/24 (58%),1/6 (17%),56%,4,16/27 (59%),7/14 (50%),3/5 (60%),63%,8,1,14,11,,1,,,,,4
13963642,54,62048,NORMAL,PLAYOFF,Semifinals,LEAGUE,2858,Almería,Visita,2ND,11/06/2025,28,0,65%,0.00,0,7,3,3,,244,3,3,2,,1,2,4,2,5,2,0,,,,0,0,224,8,26,,16/24 (67%),5/20 (25%),36%,3,10/25 (40%),6/19 (32%),4/8 (50%),100%,3,3,18,8,,3,,,,,3
14082833,54,77558,NORMAL,REGULAR,Round 1,LEAGUE,2858,Almería,Local,ALL,18/08/2025,1,4,67%,2.97,5,31,1,17,9,494,15,8,3,,11,1,14,6,22,9,2,3,1,48,3,1,448,16,63,155/181 (86%),24/32 (75%),15/40 (38%),48%,7,25/55 (45%),14/26 (54%),3/11 (27%),53%,15,7,39,28,0,1,,1,1,0,10
14082833,54,77558,NORMAL,REGULAR,Round 1,LEAGUE,2858,Almería,Local,1ST,18/08/2025,1,1,63%,0.00,2,12,1,8,,229,11,3,2,,4,1,7,1,9,3,0,2,1,,1,1,209,9,35,,12/16 (75%),9/21 (43%),46%,4,15/33 (45%),8/17 (47%),1/4 (25%),55%,11,5,15,15,,1,,,,,6
14082833,54,77558,NORMAL,REGULAR,Round 1,LEAGUE,2858,Almería,Local,2ND,18/08/2025,1,3,70%,0.00,3,19,0,9,,265,4,5,1,,7,0,7,5,13,6,2,1,0,,2,0,239,7,28,,12/16 (75%),6/19 (32%),52%,3,10/22 (45%),6/9 (67%),2/7 (29%),50%,4,2,24,13,,0,,,,,4
14082833,54,77558,NORMAL,REGULAR,Round 1,LEAGUE,2848,Albacete Balompié,Visita,ALL,18/08/2025,1,4,33%,1.85,4,17,7,5,9,243,15,9,2,,5,1,6,6,13,4,3,1,0,27,3,2,182,22,43,36/63 (57%),24/49 (49%),7/21 (33%),52%,6,30/55 (55%),12/26 (46%),6/15 (40%),53%,15,6,43,26,2,7,,2,4,2,11
14082833,54,77558,NORMAL,REGULAR,Round 1,LEAGUE,2848,Albacete Balompié,Visita,1ST,18/08/2025,1,1,37%,0.00,2,7,3,2,,136,7,7,0,,2,0,3,2,5,2,1,1,0,,1,2,106,15,20,,12/24 (50%),3/9 (33%),54%,5,18/33 (55%),9/17 (53%),4/10 (40%),57%,7,3,18,11,,3,,,,,5
14082833,54,77558,NORMAL,REGULAR,Round 1,LEAGUE,2848,Albacete Balompié,Visita,2ND,18/08/2025,1,3,30%,0.00,2,10,4,3,,107,8,2,2,,3,1,3,4,8,2,2,0,0,,2,0,76,7,23,,12/25 (48%),4/12 (33%),48%,1,12/22 (55%),3/9 (33%),2/5 (40%),50%,8,3,25,15,,4,,,,,6
14083290,54,77558,NORMAL,REGULAR,Round 2,LEAGUE,2868,Cultural Leonesa,Local,ALL,24/08/2025,2,0,41%,0.52,1,10,1,3,10,320,18,15,1,,6,0,4,0,7,3,0,1,,14,4,0,239,17,61,52/96 (54%),17/60 (28%),3/15 (20%),54%,8,37/66 (56%),10/21 (48%),4/9 (44%),72%,18,11,48,27,,1,,0,0,1,10
14083290,54,77558,NORMAL,REGULAR,Round 2,LEAGUE,2868,Cultural Leonesa,Local,1ST,24/08/2025,2,0,35%,0.00,0,1,1,1,,133,11,5,0,,0,0,1,0,1,0,0,0,,,0,0,97,9,30,,13/32 (41%),2/9 (22%),53%,6,19/34 (56%),5/11 (45%),3/7 (43%),82%,11,3,23,14,,1,,,,,5
14083290,54,77558,NORMAL,REGULAR,Round 2,LEAGUE,2868,Cultural Leonesa,Local,2ND,24/08/2025,2,0,48%,0.00,1,9,0,2,,187,7,10,1,,6,0,3,0,6,3,0,1,,,4,0,142,8,31,,4/28 (14%),1/6 (17%),55%,2,18/32 (56%),5/10 (50%),1/2 (50%),57%,7,8,25,13,,0,,,,,5
14083290,54,77558,NORMAL,REGULAR,Round 2,LEAGUE,2858,Almería,Visita,ALL,24/08/2025,2,1,59%,1.45,2,13,6,5,15,459,13,10,2,,3,0,7,3,9,4,1,1,,27,1,1,377,18,61,105/152 (69%),19/46 (41%),6/21 (29%),46%,13,29/66 (44%),11/21 (52%),6/11 (55%),77%,13,5,48,20,,6,,1,1,2,8
14083290,54,77558,NORMAL,REGULAR,Round 2,LEAGUE,2858,Almería,Visita,1ST,24/08/2025,2,0,65%,0.00,1,6,0,3,,257,10,5,1,,1,0,3,2,3,3,0,1,,,1,1,220,10,34,,9/19 (47%),5/10 (50%),47%,8,15/34 (44%),6/11 (55%),0/3 (0%),70%,10,2,21,8,,0,,,,,2
14083290,54,77558,NORMAL,REGULAR,Round 2,LEAGUE,2858,Almería,Visita,2ND,24/08/2025,2,1,52%,0.00,1,7,6,2,,202,3,5,1,,2,0,4,1,6,1,1,0,,,0,0,157,8,27,,10/27 (37%),1/11 (9%),45%,5,14/32 (44%),5/10 (50%),6/8 (75%),100%,3,3,27,12,,6,,,,,6
14083484,54,77558,NORMAL,REGULAR,Round 3,LEAGUE,24360,Real Sociedad B,Local,ALL,29/08/2025,3,2,43%,1.22,2,9,3,2,19,383,21,13,3,,3,0,4,2,6,3,2,0,,15,2,,299,22,41,47/81 (58%),27/64 (42%),4/13 (31%),41%,12,37/78 (47%),9/33 (27%),3/8 (38%),62%,21,7,54,26,1,3,,,0,,5
14083484,54,77558,NORMAL,REGULAR,Round 3,LEAGUE,24360,Real Sociedad B,Local,1ST,29/08/2025,3,1,51%,0.00,1,4,1,1,,223,16,8,1,,2,0,2,0,2,2,1,0,,,2,,187,11,23,,12/26 (46%),1/5 (20%),46%,7,25/48 (52%),5/17 (29%),0/3 (0%),50%,16,4,27,10,,1,,,,,2
14083484,54,77558,NORMAL,REGULAR,Round 3,LEAGUE,24360,Real Sociedad B,Local,2ND,29/08/2025,3,1,36%,0.00,1,5,2,1,,160,5,5,2,,1,0,2,2,4,1,1,0,,,0,,112,11,18,,15/38 (39%),3/8 (38%),35%,5,12/30 (40%),4/16 (25%),3/5 (60%),100%,5,3,27,16,,2,,,,,3
14083484,54,77558,NORMAL,REGULAR,Round 3,LEAGUE,2858,Almería,Visita,ALL,29/08/2025,3,2,57%,1.22,1,16,1,8,14,499,17,19,4,,5,0,6,5,12,4,0,1,,34,4,,418,20,67,127/165 (77%),22/46 (48%),10/25 (40%),59%,12,41/78 (53%),24/33 (73%),7/16 (44%),53%,17,4,53,17,0,1,,,1,,9
14083484,54,77558,NORMAL,REGULAR,Round 3,LEAGUE,2858,Almería,Visita,1ST,29/08/2025,3,1,49%,0.00,0,7,1,2,,212,10,8,3,,2,0,3,2,6,1,0,0,,,0,,175,12,22,,9/23 (39%),4/8 (50%),54%,9,23/48 (48%),12/17 (71%),5/12 (42%),60%,10,3,25,9,,1,,,,,6
14083484,54,77558,NORMAL,REGULAR,Round 3,LEAGUE,2858,Almería,Visita,2ND,29/08/2025,3,1,64%,0.00,1,9,0,6,,287,7,11,1,,3,0,3,3,6,3,0,1,,,4,,243,8,45,,13/23 (57%),6/17 (35%),65%,3,18/30 (60%),12/16 (75%),2/4 (50%),43%,7,1,28,8,,0,,,,,3
14083555,54,77558,NORMAL,REGULAR,Round 4,LEAGUE,2858,Almería,Local,ALL,07/09/2025,4,2,42%,1.34,3,15,4,5,15,399,22,18,3,1,5,1,9,1,10,5,1,2,2,19,2,4,323,12,39,70/99 (71%),26/66 (39%),5/13 (38%),49%,5,44/77 (57%),6/26 (23%),6/14 (43%),68%,22,14,58,18,0,4,,0,0,1,6
14083555,54,77558,NORMAL,REGULAR,Round 4,LEAGUE,2858,Almería,Local,1ST,07/09/2025,4,2,39%,0.00,3,8,2,3,,186,14,7,1,1,3,0,4,1,5,3,1,2,2,,1,3,148,7,12,,8/29 (28%),1/6 (17%),55%,2,24/41 (59%),2/6 (33%),3/7 (43%),79%,14,7,34,12,,2,,,,,1
14083555,54,77558,NORMAL,REGULAR,Round 4,LEAGUE,2858,Almería,Local,2ND,07/09/2025,4,0,45%,0.00,0,7,2,2,,213,8,11,2,0,2,1,5,0,5,2,0,0,0,,1,1,175,5,27,,18/37 (49%),4/7 (57%),43%,3,20/36 (56%),4/20 (20%),3/7 (43%),50%,8,7,24,6,,2,,,,,5
14083555,54,77558,NORMAL,REGULAR,Round 4,LEAGUE,2835,Real Racing Club,Visita,ALL,07/09/2025,4,3,58%,1.11,2,11,3,3,18,553,13,15,3,0,7,0,3,1,9,2,1,1,1,20,1,4,485,9,71,115/150 (77%),10/22 (45%),4/13 (31%),51%,13,33/77 (43%),20/26 (77%),5/14 (36%),69%,13,12,53,20,2,3,,1,1,1,10
14083555,54,77558,NORMAL,REGULAR,Round 4,LEAGUE,2835,Real Racing Club,Visita,1ST,07/09/2025,4,0,61%,0.00,0,2,1,2,,288,6,9,2,0,2,0,0,0,2,0,0,0,0,,0,2,249,5,37,,2/10 (20%),2/8 (25%),45%,8,17/41 (41%),4/6 (67%),2/8 (25%),50%,6,6,26,6,,1,,,,,5
14083555,54,77558,NORMAL,REGULAR,Round 4,LEAGUE,2835,Real Racing Club,Visita,2ND,07/09/2025,4,3,55%,0.00,2,9,2,1,,265,7,6,1,0,5,0,3,1,7,2,1,1,1,,1,2,236,4,34,,8/12 (67%),2/5 (40%),57%,5,16/36 (44%),16/20 (80%),3/6 (50%),86%,7,6,27,14,,2,,,,,5
14083643,54,77558,NORMAL,REGULAR,Round 5,LEAGUE,2831,Real Valladolid,Local,ALL,13/09/2025,5,3,40%,3.18,3,11,2,8,28,297,17,12,5,,8,1,1,2,11,0,3,0,,27,2,0,195,22,69,48/105 (46%),28/66 (42%),5/24 (21%),42%,7,29/76 (38%),21/43 (49%),3/9 (33%),59%,17,11,47,17,,2,,1,1,0,5
14083643,54,77558,NORMAL,REGULAR,Round 5,LEAGUE,2831,Real Valladolid,Local,1ST,13/09/2025,5,1,41%,0.00,1,4,1,4,,141,10,6,1,,2,0,0,2,4,0,1,0,,,0,0,90,13,29,,12/32 (38%),3/10 (30%),39%,7,16/45 (36%),9/19 (47%),2/6 (33%),80%,10,5,22,9,,1,,,,,3
14083643,54,77558,NORMAL,REGULAR,Round 5,LEAGUE,2831,Real Valladolid,Local,2ND,13/09/2025,5,2,40%,0.00,2,7,1,4,,156,7,6,4,,6,1,1,0,7,0,2,0,,,2,0,105,9,40,,16/34 (47%),2/14 (14%),45%,0,13/31 (42%),12/24 (50%),1/3 (33%),29%,7,6,25,8,,1,,,,,2
14083643,54,77558,NORMAL,REGULAR,Round 5,LEAGUE,2858,Almería,Visita,ALL,13/09/2025,5,1,60%,2.05,3,14,5,3,13,466,13,26,5,,3,1,7,4,7,7,1,2,,18,4,2,356,26,73,90/139 (65%),32/71 (45%),3/12 (25%),58%,7,47/76 (62%),22/43 (51%),7/17 (41%),85%,13,8,47,20,,5,,0,1,1,5
14083643,54,77558,NORMAL,REGULAR,Round 5,LEAGUE,2858,Almería,Visita,1ST,13/09/2025,5,0,59%,0.00,1,5,1,0,,218,11,14,2,,1,0,3,1,3,2,0,1,,,2,1,169,13,33,,17/33 (52%),1/4 (25%),61%,4,29/45 (64%),10/19 (53%),4/10 (40%),91%,11,5,22,10,,1,,,,,1
14083643,54,77558,NORMAL,REGULAR,Round 5,LEAGUE,2858,Almería,Visita,2ND,13/09/2025,5,1,60%,0.00,2,9,4,3,,248,2,12,3,,2,1,4,3,4,5,1,1,,,2,1,187,13,40,,15/38 (39%),2/8 (25%),55%,3,18/31 (58%),12/24 (50%),3/7 (43%),50%,2,3,25,10,,4,,,,,4
14083683,54,77558,NORMAL,REGULAR,Round 6,LEAGUE,2858,Almería,Local,ALL,20/09/2025,6,2,68%,2.01,1,24,4,6,15,623,11,7,3,0,9,1,8,7,11,13,1,,0,40,2,1,558,16,68,210/244 (86%),20/42 (48%),6/32 (19%),46%,6,22/51 (43%),19/38 (50%),6/10 (60%),64%,11,5,40,10,,4,,0,0,,8
14083683,54,77558,NORMAL,REGULAR,Round 6,LEAGUE,2858,Almería,Local,1ST,20/09/2025,6,0,65%,0.00,0,13,3,4,,327,6,2,0,0,4,0,5,4,5,8,0,,0,,0,0,290,8,31,,10/18 (56%),2/16 (13%),52%,5,12/29 (41%),11/15 (73%),5/9 (56%),67%,6,3,23,2,,3,,,,,4
14083683,54,77558,NORMAL,REGULAR,Round 6,LEAGUE,2858,Almería,Local,2ND,20/09/2025,6,2,72%,0.00,1,11,1,2,,296,5,5,3,0,5,1,3,3,6,5,1,,0,,2,1,268,8,37,,10/24 (42%),4/16 (25%),40%,1,10/22 (45%),8/23 (35%),1/1 (100%),60%,5,2,17,8,,1,,,,,4
14083683,54,77558,NORMAL,REGULAR,Round 6,LEAGUE,2852,Sporting Gijón,Visita,ALL,20/09/2025,6,1,32%,0.81,1,9,7,1,7,298,10,15,8,2,5,0,2,2,6,3,1,,2,20,1,4,230,11,51,53/83 (64%),20/60 (33%),4/8 (50%),54%,8,29/51 (57%),19/38 (50%),7/10 (70%),70%,10,3,40,21,,7,,2,2,,13
14083683,54,77558,NORMAL,REGULAR,Round 6,LEAGUE,2852,Sporting Gijón,Visita,1ST,20/09/2025,6,1,35%,0.00,1,5,4,0,,184,9,5,1,0,4,0,0,1,4,1,1,,2,,0,2,146,4,27,,6/34 (18%),1/2 (50%),48%,6,17/29 (59%),4/15 (27%),4/4 (100%),67%,9,3,26,11,,4,,,,,8
14083683,54,77558,NORMAL,REGULAR,Round 6,LEAGUE,2852,Sporting Gijón,Visita,2ND,20/09/2025,6,0,28%,0.00,0,4,3,1,,114,1,10,7,2,1,0,2,1,2,2,0,,0,,1,2,84,7,24,,14/26 (54%),3/6 (50%),60%,2,12/22 (55%),15/23 (65%),3/6 (50%),100%,1,0,14,10,,3,,,,,5
14083740,54,77558,NORMAL,REGULAR,Round 7,LEAGUE,6577,UD Las Palmas,Local,ALL,27/09/2025,7,0,63%,1.84,1,9,1,5,12,568,12,17,2,1,3,0,2,4,5,4,,1,,22,2,6,505,19,53,113/142 (80%),23/41 (56%),2/21 (10%),47%,10,36/75 (48%),10/23 (43%),8/18 (44%),50%,12,7,40,15,,1,,0,,,10
14083740,54,77558,NORMAL,REGULAR,Round 7,LEAGUE,6577,UD Las Palmas,Local,1ST,27/09/2025,7,0,61%,0.00,1,3,0,2,,305,6,10,0,0,0,0,1,2,3,0,,1,,,1,2,274,11,21,,14/24 (58%),2/7 (29%),58%,5,20/34 (59%),5/9 (56%),5/7 (71%),67%,6,2,17,10,,0,,,,,5
14083740,54,77558,NORMAL,REGULAR,Round 7,LEAGUE,6577,UD Las Palmas,Local,2ND,27/09/2025,7,0,64%,0.00,0,6,1,3,,263,6,7,2,1,3,0,1,2,2,4,,0,,,1,4,231,8,32,,9/17 (53%),0/14 (0%),38%,5,16/41 (39%),5/14 (36%),3/11 (27%),33%,6,5,23,5,,1,,,,,5
14083740,54,77558,NORMAL,REGULAR,Round 7,LEAGUE,2858,Almería,Visita,ALL,27/09/2025,7,1,37%,0.96,0,13,3,1,17,346,20,12,4,1,2,1,10,1,7,6,,0,,11,1,0,274,19,31,38/67 (57%),19/53 (36%),2/4 (50%),53%,6,39/75 (52%),13/23 (57%),9/15 (60%),40%,20,5,46,18,,3,,1,,,6
14083740,54,77558,NORMAL,REGULAR,Round 7,LEAGUE,2858,Almería,Visita,1ST,27/09/2025,7,1,39%,0.00,0,6,0,0,,194,7,4,2,0,1,0,5,0,2,4,,0,,,0,0,157,8,18,,8/24 (33%),2/2 (100%),42%,4,14/34 (41%),4/9 (44%),4/6 (67%),29%,7,3,23,6,,0,,,,,2
14083740,54,77558,NORMAL,REGULAR,Round 7,LEAGUE,2858,Almería,Visita,2ND,27/09/2025,7,0,36%,0.00,0,7,3,1,,152,13,8,2,1,1,1,5,1,5,2,,0,,,1,0,117,11,13,,11/29 (38%),0/2 (0%),62%,2,25/41 (61%),9/14 (64%),5/9 (56%),46%,13,2,23,12,,3,,,,,4
14083765,54,77558,NORMAL,REGULAR,Round 8,LEAGUE,2832,Deportivo de A Coruña,Local,ALL,04/10/2025,8,1,47%,1.44,1,15,2,4,11,438,11,13,3,,4,0,9,2,12,3,0,1,1,29,2,8,384,19,53,63/87 (72%),40/51 (78%),10/24 (42%),55%,10,32/59 (54%),9/15 (60%),9/11 (82%),82%,11,9,50,10,,2,,0,1,,2
14083765,54,77558,NORMAL,REGULAR,Round 8,LEAGUE,2832,Deportivo de A Coruña,Local,1ST,04/10/2025,8,0,55%,0.00,0,8,2,2,6,263,3,6,2,,1,0,5,2,7,1,0,0,0,,1,5,238,13,30,,20/25 (80%),5/15 (33%),56%,7,13/27 (48%),7/9 (78%),4/4 (100%),100%,3,3,24,5,,2,,,,,1
14083765,54,77558,NORMAL,REGULAR,Round 8,LEAGUE,2832,Deportivo de A Coruña,Local,2ND,04/10/2025,8,1,38%,0.00,1,7,0,2,5,175,8,7,1,,3,0,4,0,5,2,0,1,1,,1,3,146,6,23,,20/26 (77%),5/9 (56%),55%,3,19/32 (59%),2/6 (33%),5/7 (71%),75%,8,6,26,5,,0,,,,,1
14083765,54,77558,NORMAL,REGULAR,Round 8,LEAGUE,2858,Almería,Visita,ALL,04/10/2025,8,1,53%,0.71,1,10,3,2,13,518,12,11,3,,3,0,1,6,6,4,1,0,0,19,2,1,461,17,59,101/136 (74%),30/57 (53%),2/7 (29%),45%,9,27/59 (46%),6/15 (40%),4/6 (67%),75%,12,19,34,17,,3,,2,1,,10
14083765,54,77558,NORMAL,REGULAR,Round 8,LEAGUE,2858,Almería,Visita,1ST,04/10/2025,8,1,45%,0.00,1,4,1,2,6,219,7,6,1,,3,0,0,1,2,2,1,0,0,,0,1,194,5,21,,15/29 (52%),1/3 (33%),44%,2,14/27 (52%),2/9 (22%),1/2 (50%),71%,7,8,19,14,,1,,,,,3
14083765,54,77558,NORMAL,REGULAR,Round 8,LEAGUE,2858,Almería,Visita,2ND,04/10/2025,8,0,62%,0.00,0,6,2,0,7,299,5,5,2,,0,0,1,5,4,2,0,0,0,,2,0,267,12,38,,15/28 (54%),1/4 (25%),45%,7,13/32 (41%),4/6 (67%),3/4 (75%),80%,5,11,15,3,,2,,,,,7
14083779,54,77558,NORMAL,REGULAR,Round 9,LEAGUE,2858,Almería,Local,ALL,11/10/2025,9,4,58%,2.55,5,22,3,7,18,526,15,12,2,,14,1,5,3,15,7,2,3,1,30,1,0,451,19,41,98/131 (75%),23/47 (49%),4/18 (22%),54%,6,44/83 (53%),7/11 (64%),17/26 (65%),60%,15,9,47,16,0,3,,1,,0,8
14083779,54,77558,NORMAL,REGULAR,Round 9,LEAGUE,2858,Almería,Local,1ST,11/10/2025,9,0,72%,0.00,2,11,0,4,,338,7,7,1,,6,0,3,2,9,2,0,2,0,,1,0,304,12,30,,16/23 (70%),4/11 (36%),48%,6,20/43 (47%),4/7 (57%),6/12 (50%),57%,7,7,25,4,,0,,,,,2
14083779,54,77558,NORMAL,REGULAR,Round 9,LEAGUE,2858,Almería,Local,2ND,11/10/2025,9,4,43%,0.00,3,11,3,3,,188,8,5,1,,8,1,2,1,6,5,2,1,1,,0,0,147,7,11,,7/24 (29%),0/7 (0%),61%,0,24/40 (60%),3/4 (75%),11/14 (79%),63%,8,2,22,12,,3,,,,,6
14083779,54,77558,NORMAL,REGULAR,Round 9,LEAGUE,2815,Real Zaragoza,Visita,ALL,11/10/2025,9,2,42%,3.01,5,14,9,5,12,375,15,18,2,,5,0,6,3,10,4,2,3,0,17,3,2,312,11,48,66/94 (70%),26/44 (59%),6/18 (33%),46%,7,39/83 (47%),4/11 (36%),7/15 (47%),53%,15,12,53,21,2,9,,2,,1,7
14083779,54,77558,NORMAL,REGULAR,Round 9,LEAGUE,2815,Real Zaragoza,Visita,1ST,11/10/2025,9,0,28%,0.00,0,1,5,0,,128,12,11,2,,0,0,1,0,0,1,0,0,0,,1,2,100,4,14,,11/22 (50%),0/3 (0%),52%,4,23/43 (53%),3/7 (43%),0/3 (0%),50%,12,5,25,10,,5,,,,,5
14083779,54,77558,NORMAL,REGULAR,Round 9,LEAGUE,2815,Real Zaragoza,Visita,2ND,11/10/2025,9,2,57%,0.00,5,13,4,5,,247,3,7,0,,5,0,5,3,10,3,2,3,0,,2,0,212,7,34,,15/22 (68%),6/15 (40%),39%,3,16/40 (40%),1/4 (25%),7/12 (58%),67%,3,7,28,11,,4,,,,,2
14083284,54,77558,NORMAL,REGULAR,Round 10,LEAGUE,2850,Córdoba,Local,ALL,19/10/2025,10,1,47%,1.53,3,14,3,3,17,289,17,10,2,,5,0,7,2,7,7,1,2,,17,2,2,212,18,47,54/88 (61%),18/52 (35%),3/16 (19%),50%,7,34/69 (49%),14/27 (52%),7/11 (64%),71%,17,9,46,23,,3,,0,1,0,6
14083284,54,77558,NORMAL,REGULAR,Round 10,LEAGUE,2850,Córdoba,Local,1ST,19/10/2025,10,1,45%,0.00,1,7,1,1,7,150,9,1,0,,2,0,5,0,3,4,1,0,,,1,2,114,7,26,,10/25 (40%),1/11 (9%),45%,6,11/28 (39%),7/12 (58%),0/0 (0%),78%,9,5,27,10,,1,,,,,2
14083284,54,77558,NORMAL,REGULAR,Round 10,LEAGUE,2850,Córdoba,Local,2ND,19/10/2025,10,0,49%,0.00,2,7,2,2,10,139,8,9,2,,3,0,2,2,4,3,0,2,,,1,0,98,11,21,,8/27 (30%),2/5 (40%),54%,1,23/41 (56%),7/15 (47%),7/11 (64%),63%,8,4,19,13,,2,,,,,4
14083284,54,77558,NORMAL,REGULAR,Round 10,LEAGUE,2858,Almería,Visita,ALL,19/10/2025,10,1,53%,0.78,0,13,4,2,11,329,11,17,2,,4,1,8,1,6,7,0,0,,11,2,5,236,27,47,57/98 (58%),32/78 (41%),3/14 (21%),50%,7,35/69 (51%),13/27 (48%),7/17 (41%),73%,11,7,40,30,,4,,1,0,2,7
14083284,54,77558,NORMAL,REGULAR,Round 10,LEAGUE,2858,Almería,Visita,1ST,19/10/2025,10,1,55%,0.00,0,8,1,1,2,188,6,7,1,,2,1,6,0,3,5,0,0,,,1,3,137,16,18,,15/42 (36%),2/7 (29%),55%,4,17/28 (61%),5/12 (42%),4/9 (44%),67%,6,3,20,16,,1,,,,,5
14083284,54,77558,NORMAL,REGULAR,Round 10,LEAGUE,2858,Almería,Visita,2ND,19/10/2025,10,0,51%,0.00,0,5,3,1,9,141,5,10,1,,2,0,2,1,3,2,0,0,,,1,2,99,11,29,,17/36 (47%),1/7 (14%),46%,3,18/41 (44%),8/15 (53%),3/8 (38%),80%,5,4,20,14,,3,,,,,2
14083297,54,77558,NORMAL,REGULAR,Round 11,LEAGUE,2858,Almería,Local,ALL,26/10/2025,11,1,48%,1.07,0,15,4,6,11,390,19,11,1,,4,0,8,3,7,8,,0,0,21,2,4,314,20,47,62/102 (61%),19/46 (41%),4/18 (22%),52%,11,40/79 (51%),14/25 (56%),12/22 (55%),58%,19,4,51,27,1,4,,0,0,0,9
14083297,54,77558,NORMAL,REGULAR,Round 11,LEAGUE,2858,Almería,Local,1ST,26/10/2025,11,0,50%,0.00,0,10,2,3,6,189,9,6,1,,1,0,6,3,4,6,,0,0,,2,0,153,7,25,,10/25 (40%),3/10 (30%),58%,3,18/34 (53%),11/16 (69%),4/9 (44%),67%,9,0,24,16,,2,,,,,5
14083297,54,77558,NORMAL,REGULAR,Round 11,LEAGUE,2858,Almería,Local,2ND,26/10/2025,11,1,47%,0.00,0,5,2,3,5,201,10,5,0,,3,0,2,0,3,2,,0,0,,0,4,161,13,22,,9/21 (43%),1/8 (13%),46%,8,22/45 (49%),3/9 (33%),8/13 (62%),50%,10,4,27,11,,2,,,,,4
14083297,54,77558,NORMAL,REGULAR,Round 11,LEAGUE,5067,CD Castellón,Visita,ALL,26/10/2025,11,0,52%,0.62,1,9,3,3,11,417,21,11,2,,4,0,5,0,5,4,,1,1,21,1,2,339,19,46,48/77 (62%),21/48 (44%),4/11 (36%),48%,8,39/79 (49%),11/25 (44%),8/19 (42%),62%,21,15,48,21,2,3,,1,1,1,11
14083297,54,77558,NORMAL,REGULAR,Round 11,LEAGUE,5067,CD Castellón,Visita,1ST,26/10/2025,11,0,50%,0.00,0,4,1,1,6,185,8,6,1,,2,0,2,0,3,1,,0,1,,1,2,146,9,22,,12/27 (44%),2/4 (50%),42%,5,16/34 (47%),5/16 (31%),3/7 (43%),75%,8,5,23,13,,1,,,,,8
14083297,54,77558,NORMAL,REGULAR,Round 11,LEAGUE,5067,CD Castellón,Visita,2ND,26/10/2025,11,0,53%,0.00,1,5,2,2,5,232,13,5,1,,2,0,3,0,2,3,,1,0,,0,0,193,10,24,,9/21 (43%),2/7 (29%),54%,3,23/45 (51%),6/9 (67%),5/12 (42%),54%,13,10,25,8,,2,,,,,3
14843674,329,82988,NORMAL,PLAYOFF,Round 1,CUP,5068,Lorca Deportiva,Local,ALL,29/10/2025,1,0,42%,0.00,0,8,6,2,16,348,9,10,3,,0,0,7,1,2,6,0,0,,,1,3,273,22,52,,20/57 (35%),1/15 (7%),39%,9,21/63 (33%),13/24 (54%),3/8 (38%),56%,9,15,42,22,,6,,,,,12
14843674,329,82988,NORMAL,PLAYOFF,Round 1,CUP,5068,Lorca Deportiva,Local,1ST,29/10/2025,1,0,38%,0.00,0,3,2,1,8,160,6,6,2,,0,0,2,1,1,2,0,0,,,0,0,127,11,23,,8/26 (31%),0/10 (0%),43%,4,13/32 (41%),4/8 (50%),1/3 (33%),67%,6,9,20,16,,2,,,,,2
14843674,329,82988,NORMAL,PLAYOFF,Round 1,CUP,5068,Lorca Deportiva,Local,2ND,29/10/2025,1,0,46%,0.00,0,5,4,1,8,188,3,4,1,,0,0,5,0,1,4,0,0,,,1,3,146,11,29,,12/31 (39%),1/5 (20%),36%,5,8/31 (26%),9/16 (56%),2/5 (40%),33%,3,6,22,6,,4,,,,,10
14843674,329,82988,NORMAL,PLAYOFF,Round 1,CUP,2858,Almería,Visita,ALL,29/10/2025,1,2,58%,0.00,6,19,0,6,10,475,14,16,2,,8,1,10,1,11,8,2,4,,,2,0,404,18,52,,37/67 (55%),6/27 (22%),61%,3,42/63 (67%),11/24 (46%),12/18 (67%),79%,14,13,53,15,,0,,,,,9
14843674,329,82988,NORMAL,PLAYOFF,Round 1,CUP,2858,Almería,Visita,1ST,29/10/2025,1,1,62%,0.00,3,6,0,4,6,261,6,8,1,,3,1,2,1,3,3,1,2,,,2,0,227,15,32,,16/27 (59%),3/16 (19%),57%,3,19/32 (59%),4/8 (50%),5/8 (63%),83%,6,5,26,10,,0,,,,,1
14843674,329,82988,NORMAL,PLAYOFF,Round 1,CUP,2858,Almería,Visita,2ND,29/10/2025,1,1,54%,0.00,3,13,0,2,4,214,8,8,1,,5,0,8,0,8,5,1,2,,,0,0,177,3,20,,21/40 (53%),3/11 (27%),64%,0,23/31 (74%),7/16 (44%),7/10 (70%),75%,8,8,27,5,,0,,,,,8
14083314,54,77558,NORMAL,REGULAR,Round 12,LEAGUE,2858,Almería,Local,ALL,01/11/2025,12,3,42%,1.85,2,11,4,3,15,393,20,6,2,,5,0,4,2,7,4,2,0,2,15,1,0,318,18,34,58/81 (72%),26/57 (46%),2/9 (22%),48%,11,31/70 (44%),15/26 (58%),4/12 (33%),60%,20,16,56,27,,4,,,,1,7
14083314,54,77558,NORMAL,REGULAR,Round 12,LEAGUE,2858,Almería,Local,1ST,01/11/2025,12,3,42%,0.00,2,8,3,2,8,183,7,3,1,,4,0,2,2,6,2,2,0,1,,1,0,143,9,16,,12/30 (40%),2/5 (40%),41%,3,12/30 (40%),6/14 (43%),1/7 (14%),57%,7,9,27,14,,3,,,,,2
14083314,54,77558,NORMAL,REGULAR,Round 12,LEAGUE,2858,Almería,Local,2ND,01/11/2025,12,0,43%,0.00,0,3,1,1,7,210,13,3,1,,1,0,2,0,1,2,0,0,1,,0,0,175,9,18,,14/27 (52%),0/4 (0%),54%,8,19/40 (48%),9/12 (75%),3/5 (60%),62%,13,7,29,13,,1,,,,,5
14083314,54,77558,NORMAL,REGULAR,Round 12,LEAGUE,2839,Eibar,Visita,ALL,01/11/2025,12,1,58%,0.85,1,12,2,7,7,525,19,15,3,,5,0,5,2,7,5,0,1,0,22,5,1,450,20,65,98/141 (70%),30/53 (57%),6/27 (22%),52%,9,39/70 (56%),11/26 (42%),6/17 (35%),79%,19,10,56,9,,2,,,,0,8
14083314,54,77558,NORMAL,REGULAR,Round 12,LEAGUE,2839,Eibar,Visita,1ST,01/11/2025,12,0,58%,0.00,0,7,1,2,4,254,9,8,2,,3,0,3,1,5,2,0,0,0,,3,0,210,10,40,,18/30 (60%),3/13 (23%),59%,4,18/30 (60%),8/14 (57%),2/5 (40%),89%,9,5,26,3,,1,,,,,3
14083314,54,77558,NORMAL,REGULAR,Round 12,LEAGUE,2839,Eibar,Visita,2ND,01/11/2025,12,1,57%,0.00,1,5,1,5,3,271,10,7,1,,2,0,2,1,2,3,0,1,0,,2,1,240,10,25,,12/23 (52%),3/14 (21%),46%,5,21/40 (53%),3/12 (25%),4/12 (33%),70%,10,5,30,6,,1,,,,,5
14083365,54,77558,NORMAL,REGULAR,Round 14,LEAGUE,2858,Almería,Local,ALL,16/11/2025,14,3,59%,2.07,1,16,2,13,13,364,12,10,3,,9,0,3,4,11,5,1,0,0,34,4,0,294,16,43,90/115 (78%),31/57 (54%),9/30 (30%),52%,6,26/57 (46%),19/29 (66%),6/14 (43%),50%,12,10,47,25,0,2,,1,1,4,5
14083365,54,77558,NORMAL,REGULAR,Round 14,LEAGUE,2858,Almería,Local,1ST,16/11/2025,14,1,55%,0.00,0,8,2,7,7,167,6,6,1,,4,0,1,3,6,2,0,0,0,,2,0,130,7,23,,15/24 (63%),4/17 (24%),57%,3,14/28 (50%),10/14 (71%),4/7 (57%),17%,6,8,26,15,,2,,,,,3
14083365,54,77558,NORMAL,REGULAR,Round 14,LEAGUE,2858,Almería,Local,2ND,16/11/2025,14,2,62%,0.00,1,8,0,6,6,197,6,4,2,,5,0,2,1,5,3,1,0,0,,2,0,164,9,20,,16/33 (48%),5/13 (38%),48%,3,12/29 (41%),9/15 (60%),2/7 (29%),83%,6,2,21,10,,0,,,,,2
14083365,54,77558,NORMAL,REGULAR,Round 14,LEAGUE,4488,Cádiz,Visita,ALL,16/11/2025,14,0,41%,0.54,2,7,6,5,11,262,14,13,1,,3,0,3,1,4,3,0,2,1,15,1,3,184,21,45,33/66 (50%),20/47 (43%),2/15 (13%),48%,8,31/57 (54%),10/29 (34%),4/8 (50%),57%,14,3,44,26,2,6,,3,0,1,14
14083365,54,77558,NORMAL,REGULAR,Round 14,LEAGUE,4488,Cádiz,Visita,1ST,16/11/2025,14,0,45%,0.00,1,4,3,3,6,137,6,7,0,,2,0,2,0,3,1,0,1,1,,1,1,93,13,24,,10/21 (48%),1/8 (13%),43%,5,14/28 (50%),4/14 (29%),1/2 (50%),50%,6,3,24,16,,3,,,,,9
14083365,54,77558,NORMAL,REGULAR,Round 14,LEAGUE,4488,Cádiz,Visita,2ND,16/11/2025,14,0,38%,0.00,1,3,3,2,5,125,8,6,1,,1,0,1,1,1,2,0,1,0,,0,2,91,8,21,,10/26 (38%),1/7 (14%),52%,3,17/29 (59%),6/15 (40%),3/6 (50%),63%,8,0,20,10,,3,,,,,5
14083416,54,77558,NORMAL,REGULAR,Round 15,LEAGUE,2845,Leganés,Local,ALL,22/11/2025,15,0,58%,2.70,3,22,1,5,8,447,18,17,1,,10,0,9,3,14,8,0,3,1,35,5,4,377,23,60,97/135 (72%),19/52 (37%),6/30 (20%),53%,5,44/74 (59%),11/30 (37%),10/20 (50%),67%,18,6,46,15,,1,,0,,0,5
14083416,54,77558,NORMAL,REGULAR,Round 15,LEAGUE,2845,Leganés,Local,1ST,22/11/2025,15,0,51%,0.00,2,10,0,1,4,213,13,10,0,,4,0,4,2,6,4,0,2,1,,3,2,180,11,24,,11/26 (42%),1/11 (9%),64%,0,25/37 (68%),7/13 (54%),3/7 (43%),69%,13,5,23,12,,0,,,,,4
14083416,54,77558,NORMAL,REGULAR,Round 15,LEAGUE,2845,Leganés,Local,2ND,22/11/2025,15,0,67%,0.00,1,12,1,4,4,234,5,7,1,,6,0,5,1,8,4,0,1,0,,2,2,197,12,36,,8/26 (31%),5/19 (26%),43%,5,19/37 (51%),4/17 (24%),7/13 (54%),60%,5,1,23,3,,1,,,,,1
14083416,54,77558,NORMAL,REGULAR,Round 15,LEAGUE,2858,Almería,Visita,ALL,22/11/2025,15,3,42%,0.62,3,7,9,0,17,331,15,8,4,,4,0,3,0,4,3,2,1,1,9,3,3,263,13,48,40/72 (56%),32/59 (54%),0/6 (0%),47%,6,30/74 (41%),19/30 (63%),7/19 (37%),67%,15,7,46,36,,9,,2,,1,12
14083416,54,77558,NORMAL,REGULAR,Round 15,LEAGUE,2858,Almería,Visita,1ST,22/11/2025,15,1,49%,0.00,0,3,3,0,10,213,4,4,2,,1,0,2,0,1,2,0,0,0,,1,0,174,7,22,,16/32 (50%),0/4 (0%),36%,4,12/37 (32%),6/13 (46%),4/13 (31%),75%,4,5,23,12,,3,,,,,6
14083416,54,77558,NORMAL,REGULAR,Round 15,LEAGUE,2858,Almería,Visita,2ND,22/11/2025,15,2,33%,0.00,3,4,6,0,7,118,11,4,2,,3,0,1,0,3,1,2,1,1,,2,3,89,6,26,,16/27 (59%),0/2 (0%),57%,2,18/37 (49%),13/17 (76%),3/6 (50%),64%,11,2,23,24,,6,,,,,6
14083345,54,77558,NORMAL,REGULAR,Round 13,LEAGUE,2869,AD Ceuta,Local,ALL,26/11/2025,13,3,43%,0.00,5,10,4,2,12,344,23,16,3,,7,0,3,0,6,4,2,3,,14,1,3,242,21,57,39/86 (45%),22/73 (30%),2/13 (15%),52%,9,46/82 (56%),14/33 (42%),8/13 (62%),78%,23,8,52,36,0,4,,0,2,1,7
14083345,54,77558,NORMAL,REGULAR,Round 13,LEAGUE,2869,AD Ceuta,Local,1ST,26/11/2025,13,1,47%,0.00,3,4,2,0,8,181,12,8,1,,2,0,2,0,4,0,1,2,,,0,1,136,17,28,,15/37 (41%),1/6 (17%),46%,5,23/47 (49%),4/12 (33%),3/7 (43%),92%,12,5,24,5,,2,,,,,4
14083345,54,77558,NORMAL,REGULAR,Round 13,LEAGUE,2869,AD Ceuta,Local,2ND,26/11/2025,13,2,40%,0.00,2,6,2,2,4,163,11,8,2,,5,0,1,0,2,4,1,1,,,1,2,106,4,29,,7/36 (19%),1/7 (14%),59%,4,23/35 (66%),10/21 (48%),5/6 (83%),64%,11,3,28,31,,2,,,,,3
14083345,54,77558,NORMAL,REGULAR,Round 13,LEAGUE,2858,Almería,Visita,ALL,26/11/2025,13,2,57%,0.00,1,15,5,2,17,443,14,12,5,,6,0,5,4,7,8,1,0,,23,4,2,354,25,64,93/136 (68%),23/65 (35%),5/20 (25%),48%,14,36/82 (44%),19/33 (58%),11/20 (55%),64%,14,7,49,25,3,5,,1,1,1,6
14083345,54,77558,NORMAL,REGULAR,Round 13,LEAGUE,2858,Almería,Visita,1ST,26/11/2025,13,1,53%,0.00,0,9,2,1,8,199,9,8,2,,3,0,3,3,4,5,0,0,,,3,2,161,12,23,,10/29 (34%),2/6 (33%),54%,7,24/47 (51%),8/12 (67%),7/12 (58%),89%,9,4,25,11,,2,,,,,4
14083345,54,77558,NORMAL,REGULAR,Round 13,LEAGUE,2858,Almería,Visita,2ND,26/11/2025,13,1,60%,0.00,1,6,3,1,9,244,5,4,3,,3,0,2,1,3,3,1,0,,,1,0,193,13,41,,13/36 (36%),3/14 (21%),41%,7,12/35 (34%),11/21 (52%),4/8 (50%),20%,5,3,24,14,,3,,,,,2
14083424,54,77558,NORMAL,REGULAR,Round 16,LEAGUE,2858,Almería,Local,ALL,29/11/2025,16,0,69%,0.90,0,24,1,13,11,580,7,6,1,,6,1,11,7,14,10,,0,,41,1,2,515,21,69,195/231 (84%),34/47 (72%),14/57 (25%),46%,3,19/44 (43%),12/24 (50%),6/15 (40%),86%,7,8,53,8,,1,,0,0,,7
14083424,54,77558,NORMAL,REGULAR,Round 16,LEAGUE,2858,Almería,Local,1ST,29/11/2025,16,0,63%,0.00,0,9,0,3,6,288,5,2,1,,4,0,2,3,4,5,,0,,,0,0,252,10,35,,18/28 (64%),5/22 (23%),34%,3,10/25 (40%),2/10 (20%),3/7 (43%),80%,5,6,24,4,,0,,,,,4
14083424,54,77558,NORMAL,REGULAR,Round 16,LEAGUE,2858,Almería,Local,2ND,29/11/2025,16,0,76%,0.00,0,15,1,10,5,292,2,4,0,,2,1,9,4,10,5,,0,,,1,2,263,11,34,,16/19 (84%),9/35 (26%),58%,0,9/19 (47%),10/14 (71%),3/8 (38%),100%,2,2,29,4,,1,,,,,3
14083424,54,77558,NORMAL,REGULAR,Round 16,LEAGUE,24265,Huesca,Visita,ALL,29/11/2025,16,0,31%,0.48,2,4,6,1,6,281,12,11,0,,1,1,3,0,2,2,,2,,7,0,2,201,15,43,24/60 (40%),23/64 (36%),1/5 (20%),54%,3,25/44 (57%),12/24 (50%),3/7 (43%),50%,12,9,49,46,,6,,1,1,,12
14083424,54,77558,NORMAL,REGULAR,Round 16,LEAGUE,24265,Huesca,Visita,1ST,29/11/2025,16,0,37%,0.00,1,2,4,1,2,179,7,6,0,,0,0,2,0,1,1,,1,,,0,2,134,10,29,,15/39 (38%),1/2 (50%),66%,3,15/25 (60%),8/10 (80%),2/4 (50%),57%,7,5,25,20,,4,,,,,4
14083424,54,77558,NORMAL,REGULAR,Round 16,LEAGUE,24265,Huesca,Visita,2ND,29/11/2025,16,0,24%,0.00,1,2,2,0,4,102,5,5,0,,1,1,1,0,1,1,,1,,,0,0,67,5,14,,8/25 (32%),0/3 (0%),42%,0,10/19 (53%),4/14 (29%),1/3 (33%),40%,5,4,24,26,,2,,,,,8
15037725,329,82988,NORMAL,REGULAR,Round 2,CUP,47321,CD Eldense,Local,ALL,03/12/2025,2,2,,0.00,,0,,,,,,,2,0,0,0,0,0,0,0,,,,,,,,,,,,,,,,,,,,,,,,,,,,,
15037725,329,82988,NORMAL,REGULAR,Round 2,CUP,47321,CD Eldense,Local,1ST,03/12/2025,2,,,,,,,,,,,,,,,,,,,,,,,,,,,,,,,,,,,,,,,,,,,,,,,,
15037725,329,82988,NORMAL,REGULAR,Round 2,CUP,47321,CD Eldense,Local,2ND,03/12/2025,2,,,,,,,,,,,,,,,,,,,,,,,,,,,,,,,,,,,,,,,,,,,,,,,,
15037725,329,82988,NORMAL,REGULAR,Round 2,CUP,2858,Almería,Visita,ALL,03/12/2025,2,1,,0.00,,0,,,,,,,1,0,0,0,0,0,0,0,,,,,,,,,,,,,,,,,,,,,,,,,,,,,
15037725,329,82988,NORMAL,REGULAR,Round 2,CUP,2858,Almería,Visita,1ST,03/12/2025,2,,,,,,,,,,,,,,,,,,,,,,,,,,,,,,,,,,,,,,,,,,,,,,,,
15037725,329,82988,NORMAL,REGULAR,Round 2,CUP,2858,Almería,Visita,2ND,03/12/2025,2,,,,,,,,,,,,,,,,,,,,,,,,,,,,,,,,,,,,,,,,,,,,,,,,
14083478,54,77558,NORMAL,REGULAR,Round 17,LEAGUE,324871,FC Andorra,Local,ALL,06/12/2025,17,1,60%,2.26,5,17,6,10,14,388,14,13,1,,6,1,7,4,11,6,1,4,1,32,1,1,325,19,40,71/101 (70%),25/52 (48%),4/23 (17%),42%,7,32/66 (48%),9/32 (28%),7/15 (47%),64%,14,8,49,25,2,6,,1,0,0,9
14083478,54,77558,NORMAL,REGULAR,Round 17,LEAGUE,324871,FC Andorra,Local,1ST,06/12/2025,17,0,53%,0.00,3,5,4,4,10,174,7,5,0,,2,0,2,1,4,1,0,3,0,,0,0,145,8,14,,12/26 (46%),2/8 (25%),40%,4,16/36 (44%),5/17 (29%),4/8 (50%),57%,7,4,24,21,,4,,,,,5
14083478,54,77558,NORMAL,REGULAR,Round 17,LEAGUE,324871,FC Andorra,Local,2ND,06/12/2025,17,1,67%,0.00,2,12,2,6,4,214,7,8,1,,4,1,5,3,7,5,1,1,1,,1,1,180,11,26,,13/26 (50%),2/15 (13%),44%,3,16/30 (53%),4/15 (27%),3/7 (43%),71%,7,4,25,4,,2,,,,,4
14083478,54,77558,NORMAL,REGULAR,Round 17,LEAGUE,2858,Almería,Visita,ALL,06/12/2025,17,2,40%,2.73,4,17,4,4,13,257,15,14,2,,8,0,5,4,12,5,1,3,1,33,1,2,186,29,51,59/97 (61%),31/57 (54%),5/17 (29%),58%,7,34/66 (52%),23/32 (72%),5/12 (42%),73%,15,7,51,27,0,4,,1,2,1,10
14083478,54,77558,NORMAL,REGULAR,Round 17,LEAGUE,2858,Almería,Visita,1ST,06/12/2025,17,0,47%,0.00,2,8,1,2,5,153,8,10,1,,4,0,2,2,5,3,0,2,0,,1,1,117,16,24,,17/30 (57%),3/11 (27%),60%,5,20/36 (56%),12/17 (71%),2/4 (50%),63%,8,3,26,8,,1,,,,,3
14083478,54,77558,NORMAL,REGULAR,Round 17,LEAGUE,2858,Almería,Visita,2ND,06/12/2025,17,2,33%,0.00,2,9,3,2,8,104,7,4,1,,4,0,3,2,7,2,1,1,1,,0,1,69,13,27,,14/27 (52%),2/6 (33%),56%,2,14/30 (47%),11/15 (73%),3/8 (38%),86%,7,4,25,19,,3,,,,,7
14083497,54,77558,NORMAL,REGULAR,Round 18,LEAGUE,2858,Almería,Local,ALL,14/12/2025,18,1,65%,0.70,1,10,0,3,21,526,12,19,3,,4,0,5,1,5,5,1,,,17,5,1,431,27,55,121/164 (74%),24/57 (42%),5/20 (25%),46%,7,33/82 (40%),21/35 (60%),2/19 (11%),25%,12,4,51,12,,0,,0,,,5
14083497,54,77558,NORMAL,REGULAR,Round 18,LEAGUE,2858,Almería,Local,1ST,14/12/2025,18,1,56%,0.00,1,5,0,1,11,230,4,11,1,,2,0,3,0,4,1,1,,,,0,1,181,11,28,,16/35 (46%),4/10 (40%),51%,4,17/41 (41%),14/20 (70%),2/10 (20%),25%,4,3,24,9,,0,,,,,2
14083497,54,77558,NORMAL,REGULAR,Round 18,LEAGUE,2858,Almería,Local,2ND,14/12/2025,18,0,74%,0.00,0,5,0,2,10,296,8,8,2,,2,0,2,1,1,4,0,,,,5,0,250,16,27,,8/22 (36%),1/10 (10%),41%,3,16/41 (39%),7/15 (47%),0/9 (0%),25%,8,1,27,3,,0,,,,,3
14083497,54,77558,NORMAL,REGULAR,Round 18,LEAGUE,2854,Burgos Club de Fútbol,Visita,ALL,14/12/2025,18,2,35%,0.98,1,7,3,1,19,288,24,20,3,,2,0,2,3,5,2,1,,,17,3,3,197,20,50,43/84 (51%),25/71 (35%),4/11 (36%),54%,5,49/82 (60%),14/35 (40%),5/12 (42%),79%,24,12,51,31,,3,,2,,,7
14083497,54,77558,NORMAL,REGULAR,Round 18,LEAGUE,2854,Burgos Club de Fútbol,Visita,1ST,14/12/2025,18,1,44%,0.00,0,2,1,0,11,183,12,11,3,,1,0,1,0,2,0,0,,,,1,2,133,10,29,,17/42 (40%),4/7 (57%),49%,1,24/41 (59%),6/20 (30%),2/5 (40%),67%,12,6,27,16,,1,,,,,3
14083497,54,77558,NORMAL,REGULAR,Round 18,LEAGUE,2854,Burgos Club de Fútbol,Visita,2ND,14/12/2025,18,1,26%,0.00,1,5,2,1,8,105,12,9,0,,1,0,1,3,3,2,1,,,,2,1,64,10,21,,8/29 (28%),0/4 (0%),59%,4,25/41 (61%),8/15 (53%),3/7 (43%),92%,12,6,24,15,,2,,,,,4
14083388,54,77558,NORMAL,REGULAR,Round 19,LEAGUE,2830,Málaga CF,Local,ALL,21/12/2025,19,2,37%,2.13,2,15,4,1,20,292,20,8,5,,7,0,5,3,10,5,2,0,,25,3,1,225,28,41,48/74 (65%),28/58 (48%),0/5 (0%),40%,15,36/88 (41%),6/16 (38%),8/15 (53%),65%,20,13,40,20,,4,,0,,,11
14083388,54,77558,NORMAL,REGULAR,Round 19,LEAGUE,2830,Málaga CF,Local,1ST,21/12/2025,19,1,42%,0.00,1,7,2,1,8,178,12,3,2,,4,0,2,1,5,2,1,0,,,1,0,142,14,18,,18/32 (56%),0/5 (0%),44%,7,20/45 (44%),2/5 (40%),5/9 (56%),67%,12,11,21,8,,2,,,,,4
14083388,54,77558,NORMAL,REGULAR,Round 19,LEAGUE,2830,Málaga CF,Local,2ND,21/12/2025,19,1,31%,0.00,1,8,2,0,12,114,8,5,3,,3,0,3,2,5,3,1,0,,,2,1,83,14,23,,10/26 (38%),0/0 (0%),37%,8,16/43 (37%),4/11 (36%),3/6 (50%),63%,8,2,19,12,,2,,,,,7
14083388,54,77558,NORMAL,REGULAR,Round 19,LEAGUE,2858,Almería,Visita,ALL,21/12/2025,19,1,63%,1.63,3,14,5,2,8,491,22,19,4,,5,1,7,2,6,8,1,2,,19,3,3,422,24,48,85/111 (77%),28/54 (52%),4/18 (22%),60%,13,52/88 (59%),10/16 (63%),12/19 (63%),64%,22,13,48,13,,5,,1,,,5
14083388,54,77558,NORMAL,REGULAR,Round 19,LEAGUE,2858,Almería,Visita,1ST,21/12/2025,19,0,58%,0.00,2,7,3,2,3,246,11,8,2,,2,1,5,0,2,5,0,2,,,1,2,210,12,22,,8/21 (38%),2/6 (33%),56%,7,25/45 (56%),3/5 (60%),6/11 (55%),64%,11,8,22,7,,3,,,,,3
14083388,54,77558,NORMAL,REGULAR,Round 19,LEAGUE,2858,Almería,Visita,2ND,21/12/2025,19,1,69%,0.00,1,7,2,0,5,245,11,11,2,,3,0,2,2,4,3,1,0,,,2,1,212,12,26,,20/33 (61%),2/12 (17%),63%,6,27/43 (63%),7/11 (64%),6/8 (75%),64%,11,5,26,6,,2,,,,,2
14083482,54,77558,NORMAL,REGULAR,Round 20,LEAGUE,2858,Almería,Local,ALL,03/01/2026,20,3,46%,1.45,3,12,3,5,14,285,23,13,4,,7,1,4,1,8,4,1,2,2,13,3,3,212,20,45,39/69 (57%),24/54 (44%),4/12 (33%),50%,8,40/81 (49%),16/31 (52%),6/17 (35%),61%,23,7,48,40,,3,,2,3,2,8
14083482,54,77558,NORMAL,REGULAR,Round 20,LEAGUE,2858,Almería,Local,1ST,03/01/2026,20,1,46%,0.00,2,6,2,3,5,133,12,4,1,,4,0,1,1,4,2,0,2,2,,1,2,101,6,17,,10/27 (37%),1/5 (20%),53%,6,21/38 (55%),8/17 (47%),5/7 (71%),42%,12,6,23,24,,2,,,,,5
14083482,54,77558,NORMAL,REGULAR,Round 20,LEAGUE,2858,Almería,Local,2ND,03/01/2026,20,2,47%,0.00,1,6,1,2,9,152,11,9,3,,3,1,3,0,4,2,1,0,0,,2,1,111,14,28,,14/27 (52%),3/7 (43%),47%,2,19/43 (44%),8/14 (57%),1/10 (10%),82%,11,1,25,16,,1,,,,,3
14083482,54,77558,NORMAL,REGULAR,Round 20,LEAGUE,33779,Granada,Visita,ALL,03/01/2026,20,2,54%,2.35,3,19,4,7,13,323,19,13,5,,5,0,6,8,11,8,2,1,1,27,2,7,254,24,50,61/92 (66%),24/47 (51%),6/26 (23%),50%,10,41/81 (51%),15/31 (48%),8/21 (38%),58%,19,10,51,16,,4,,2,0,0,5
14083482,54,77558,NORMAL,REGULAR,Round 20,LEAGUE,33779,Granada,Visita,1ST,03/01/2026,20,1,54%,0.00,1,11,3,5,4,150,8,5,1,,3,0,3,5,7,4,1,0,1,,1,4,118,14,25,,9/18 (50%),4/15 (27%),47%,5,17/38 (45%),9/17 (53%),4/11 (36%),63%,8,3,25,4,,3,,,,,2
14083482,54,77558,NORMAL,REGULAR,Round 20,LEAGUE,33779,Granada,Visita,2ND,03/01/2026,20,1,53%,0.00,2,8,1,2,9,173,11,8,4,,2,0,3,3,4,4,1,1,0,,1,3,136,10,25,,15/29 (52%),2/11 (18%),53%,5,24/43 (56%),6/14 (43%),4/10 (40%),55%,11,7,26,12,,1,,,,,3
14083621,54,77558,NORMAL,REGULAR,Round 21,LEAGUE,35092,Mirandés,Local,ALL,10/01/2026,21,2,37%,1.02,2,9,5,4,16,288,17,10,4,,3,0,3,3,5,4,1,1,,19,1,3,211,17,45,41/80 (51%),19/54 (35%),2/16 (13%),48%,6,29/63 (46%),13/25 (52%),5/10 (50%),35%,17,5,47,30,,5,,1,0,,9
14083621,54,77558,NORMAL,REGULAR,Round 21,LEAGUE,35092,Mirandés,Local,1ST,10/01/2026,21,1,37%,0.00,1,3,1,0,9,149,11,6,1,,1,0,0,2,2,1,1,0,,,0,1,115,10,19,,9/28 (32%),1/6 (17%),44%,4,16/36 (44%),7/16 (44%),1/4 (25%),36%,11,1,23,14,,1,,,,,5
14083621,54,77558,NORMAL,REGULAR,Round 21,LEAGUE,35092,Mirandés,Local,2ND,10/01/2026,21,1,36%,0.00,1,6,4,4,7,139,6,4,3,,2,0,3,1,3,3,0,1,,,1,2,96,7,26,,10/26 (38%),1/10 (10%),53%,2,13/27 (48%),6/9 (67%),4/6 (67%),33%,6,4,24,16,,4,,,,,4
14083621,54,77558,NORMAL,REGULAR,Round 21,LEAGUE,2858,Almería,Visita,ALL,10/01/2026,21,2,63%,2.02,3,18,1,7,10,491,11,15,2,,7,1,8,3,9,9,2,1,,25,3,2,414,17,61,116/153 (76%),27/54 (50%),9/32 (28%),52%,6,34/63 (54%),12/25 (48%),7/18 (39%),55%,11,7,50,16,,1,,0,1,,5
14083621,54,77558,NORMAL,REGULAR,Round 21,LEAGUE,2858,Almería,Visita,1ST,10/01/2026,21,1,63%,0.00,1,7,0,2,6,259,7,9,1,,2,1,5,0,3,4,1,0,,,1,2,217,10,31,,14/30 (47%),3/10 (30%),56%,4,20/36 (56%),9/16 (56%),4/11 (36%),71%,7,0,25,6,,0,,,,,1
14083621,54,77558,NORMAL,REGULAR,Round 21,LEAGUE,2858,Almería,Visita,2ND,10/01/2026,21,1,64%,0.00,2,11,1,5,4,232,4,6,1,,5,0,3,3,6,5,1,1,,,2,0,197,7,30,,13/24 (54%),6/22 (27%),47%,2,14/27 (52%),3/9 (33%),3/7 (43%),25%,4,7,25,10,,1,,,,,4
14083654,54,77558,NORMAL,REGULAR,Round 22,LEAGUE,2858,Almería,Local,ALL,17/01/2026,22,1,52%,0.86,2,12,4,2,16,455,13,17,4,,3,0,5,4,7,5,1,1,1,12,1,1,399,11,45,71/95 (75%),27/37 (73%),4/18 (22%),49%,4,35/72 (49%),6/11 (55%),7/15 (47%),54%,13,7,36,20,2,4,,,0,,11
14083654,54,77558,NORMAL,REGULAR,Round 22,LEAGUE,2858,Almería,Local,1ST,17/01/2026,22,1,43%,0.00,2,8,2,1,6,186,6,9,2,,2,0,4,2,6,2,1,1,1,,0,1,161,4,21,,12/18 (67%),3/8 (38%),53%,1,15/27 (56%),2/5 (40%),2/4 (50%),50%,6,2,18,13,,2,,,,,7
14083654,54,77558,NORMAL,REGULAR,Round 22,LEAGUE,2858,Almería,Local,2ND,17/01/2026,22,0,60%,0.00,0,4,2,1,10,269,7,8,2,,1,0,1,2,1,3,0,0,0,,1,0,238,7,24,,15/19 (79%),1/10 (10%),47%,3,20/45 (44%),4/6 (67%),5/11 (45%),57%,7,5,18,7,,2,,,,,4
14083654,54,77558,NORMAL,REGULAR,Round 22,LEAGUE,2832,Deportivo de A Coruña,Visita,ALL,17/01/2026,22,2,48%,1.95,3,21,2,2,17,425,12,16,3,,6,0,8,7,10,11,1,2,1,25,2,2,371,18,50,80/108 (74%),36/60 (60%),3/17 (18%),51%,3,37/72 (51%),5/11 (45%),9/19 (47%),58%,12,8,41,18,0,2,,,1,,5
14083654,54,77558,NORMAL,REGULAR,Round 22,LEAGUE,2832,Deportivo de A Coruña,Visita,1ST,17/01/2026,22,0,57%,0.00,1,11,1,0,9,248,3,6,0,,2,0,5,4,5,6,0,1,0,,2,1,222,10,26,,21/31 (68%),2/9 (22%),47%,2,12/27 (44%),3/5 (60%),3/7 (43%),33%,3,4,17,7,,1,,,,,4
14083654,54,77558,NORMAL,REGULAR,Round 22,LEAGUE,2832,Deportivo de A Coruña,Visita,2ND,17/01/2026,22,2,40%,0.00,2,10,1,2,8,177,9,10,3,,4,0,3,3,5,5,1,1,1,,0,1,149,8,24,,15/29 (52%),1/8 (13%),53%,1,25/45 (56%),2/6 (33%),6/12 (50%),67%,9,4,24,11,,1,,,,,1
14083722,54,77558,NORMAL,REGULAR,Round 23,LEAGUE,2839,Eibar,Local,ALL,25/01/2026,23,1,49%,2.49,5,17,4,6,14,408,7,18,1,,6,2,6,5,12,5,1,4,,36,4,2,302,17,56,63/108 (58%),21/66 (32%),9/24 (38%),55%,3,38/67 (57%),21/40 (53%),14/20 (70%),57%,7,11,60,11,,4,,,0,,6
14083722,54,77558,NORMAL,REGULAR,Round 23,LEAGUE,2839,Eibar,Local,1ST,25/01/2026,23,0,52%,0.00,3,7,2,1,6,231,3,13,0,,4,1,2,1,5,2,0,3,,,3,1,172,8,30,,13/42 (31%),5/11 (45%),52%,3,17/32 (53%),10/20 (50%),2/5 (40%),33%,3,5,33,4,,2,,,,,2
14083722,54,77558,NORMAL,REGULAR,Round 23,LEAGUE,2839,Eibar,Local,2ND,25/01/2026,23,1,45%,0.00,2,10,2,5,8,177,4,5,1,,2,1,4,4,7,3,1,1,,,1,1,130,9,26,,8/24 (33%),4/13 (31%),58%,0,21/35 (60%),11/20 (55%),12/15 (80%),75%,4,6,27,7,,2,,,,,4
14083722,54,77558,NORMAL,REGULAR,Round 23,LEAGUE,2858,Almería,Visita,ALL,25/01/2026,23,0,51%,0.86,0,15,5,1,18,451,9,14,1,,4,0,5,6,5,10,0,0,,11,2,2,350,18,32,41/73 (56%),28/74 (38%),2/5 (40%),45%,6,29/67 (43%),19/40 (48%),8/9 (89%),44%,9,7,54,26,,5,,,1,,10
14083722,54,77558,NORMAL,REGULAR,Round 23,LEAGUE,2858,Almería,Visita,1ST,25/01/2026,23,0,48%,0.00,0,7,4,0,13,225,6,6,0,,2,0,3,2,3,4,0,0,,,0,1,175,10,17,,18/41 (44%),0/1 (0%),48%,3,15/32 (47%),10/20 (50%),4/4 (100%),33%,6,3,31,12,,4,,,,,5
14083722,54,77558,NORMAL,REGULAR,Round 23,LEAGUE,2858,Almería,Visita,2ND,25/01/2026,23,0,55%,0.00,0,8,1,1,5,226,3,8,1,,2,0,2,4,2,6,0,0,,,2,1,175,8,15,,10/33 (30%),2/4 (50%),42%,3,14/35 (40%),9/20 (45%),4/5 (80%),67%,3,4,23,14,,1,,,,,5
14083747,54,77558,NORMAL,REGULAR,Round 24,LEAGUE,2858,Almería,Local,ALL,01/02/2026,24,4,51%,2.91,7,16,2,5,21,357,20,12,2,,9,1,4,3,11,5,3,4,,25,6,4,272,24,60,82/130 (63%),23/51 (45%),5/18 (28%),53%,8,36/73 (49%),16/26 (62%),4/7 (57%),65%,20,6,48,21,,2,,1,0,0,9
14083747,54,77558,NORMAL,REGULAR,Round 24,LEAGUE,2858,Almería,Local,1ST,01/02/2026,24,3,57%,0.00,5,10,1,5,12,207,9,3,1,,6,0,3,1,8,2,2,3,,,1,1,165,10,41,,11/22 (50%),5/12 (42%),45%,4,15/35 (43%),7/14 (50%),3/6 (50%),56%,9,4,26,6,,1,,,,,5
14083747,54,77558,NORMAL,REGULAR,Round 24,LEAGUE,2858,Almería,Local,2ND,01/02/2026,24,1,44%,0.00,2,6,1,0,9,150,11,9,1,,3,1,1,2,3,3,1,1,,,5,3,107,14,19,,12/29 (41%),0/6 (0%),60%,4,21/38 (55%),9/12 (75%),1/1 (100%),73%,11,2,22,15,,1,,,,,4
14083747,54,77558,NORMAL,REGULAR,Round 24,LEAGUE,2869,AD Ceuta,Visita,ALL,01/02/2026,24,2,49%,1.25,4,16,5,2,14,349,11,20,3,,4,0,8,4,11,5,1,3,,24,6,2,287,24,42,53/75 (71%),18/43 (42%),4/15 (27%),47%,15,37/73 (51%),10/26 (38%),6/11 (55%),73%,11,13,48,23,,5,,1,1,1,4
14083747,54,77558,NORMAL,REGULAR,Round 24,LEAGUE,2869,AD Ceuta,Visita,1ST,01/02/2026,24,1,43%,0.00,3,8,3,0,4,161,7,12,2,,2,0,5,1,6,2,0,3,,,2,1,127,9,15,,9/22 (41%),1/3 (33%),55%,7,20/35 (57%),7/14 (50%),1/3 (33%),57%,7,10,27,14,,3,,,,,3
14083747,54,77558,NORMAL,REGULAR,Round 24,LEAGUE,2869,AD Ceuta,Visita,2ND,01/02/2026,24,1,56%,0.00,1,8,2,2,10,188,4,8,1,,2,0,3,3,5,3,1,1,,,4,1,160,15,27,,9/21 (43%),3/12 (25%),40%,8,17/38 (45%),3/12 (25%),5/8 (63%),100%,4,3,21,9,,2,,,,,1
14083778,54,77558,NORMAL,REGULAR,Round 25,LEAGUE,4488,Cádiz,Local,ALL,08/02/2026,25,1,59%,1.26,3,19,4,6,13,492,14,9,4,,6,0,6,7,11,8,1,2,1,31,2,4,410,22,76,116/161 (72%),19/45 (42%),5/39 (13%),43%,14,26/67 (39%),19/37 (51%),3/7 (43%),71%,14,13,51,15,0,4,,1,,0,10
14083778,54,77558,NORMAL,REGULAR,Round 25,LEAGUE,4488,Cádiz,Local,1ST,08/02/2026,25,1,56%,0.00,2,9,1,4,5,245,6,5,2,,5,0,1,3,4,5,1,1,0,,2,2,198,12,39,,8/25 (32%),2/15 (13%),39%,8,13/35 (37%),7/16 (44%),2/6 (33%),83%,6,9,27,8,,1,,,,,7
14083778,54,77558,NORMAL,REGULAR,Round 25,LEAGUE,4488,Cádiz,Local,2ND,08/02/2026,25,0,61%,0.00,1,10,3,2,8,247,8,4,2,,1,0,5,4,7,3,0,1,1,,0,2,212,10,37,,11/20 (55%),3/24 (13%),47%,6,13/32 (41%),12/21 (57%),1/1 (100%),63%,8,4,24,7,,3,,,,,3
14083778,54,77558,NORMAL,REGULAR,Round 25,LEAGUE,2858,Almería,Visita,ALL,08/02/2026,25,2,41%,1.52,5,14,5,4,9,362,18,13,2,,6,0,7,1,9,5,1,4,0,27,1,0,273,13,38,60/95 (63%),21/62 (34%),2/12 (17%),57%,6,41/67 (61%),18/37 (49%),10/18 (56%),44%,18,8,44,47,1,5,,0,,2,11
14083778,54,77558,NORMAL,REGULAR,Round 25,LEAGUE,2858,Almería,Visita,1ST,08/02/2026,25,2,44%,0.00,2,10,4,2,5,192,12,5,1,,3,0,6,1,6,4,1,1,0,,1,0,153,5,16,,11/28 (39%),2/8 (25%),61%,3,22/35 (63%),9/16 (56%),5/8 (63%),58%,12,6,27,20,,4,,,,,4
14083778,54,77558,NORMAL,REGULAR,Round 25,LEAGUE,2858,Almería,Visita,2ND,08/02/2026,25,0,39%,0.00,3,4,1,2,4,170,6,8,1,,3,0,1,0,3,1,0,3,0,,0,0,120,8,22,,10/34 (29%),0/4 (0%),53%,3,19/32 (59%),9/21 (43%),5/10 (50%),17%,6,2,17,27,,1,,,,,7
14083796,54,77558,NORMAL,REGULAR,Round 26,LEAGUE,2858,Almería,Local,ALL,13/02/2026,26,3,41%,1.32,5,15,5,6,12,340,16,19,2,,6,0,6,3,9,6,2,3,1,25,5,2,255,19,46,69/103 (67%),21/48 (44%),3/17 (18%),57%,6,40/73 (55%),14/22 (64%),6/10 (60%),63%,16,19,59,25,1,5,,1,,1,4
14083796,54,77558,NORMAL,REGULAR,Round 26,LEAGUE,2858,Almería,Local,1ST,13/02/2026,26,1,43%,0.00,2,6,3,2,6,184,5,9,0,,4,0,1,1,2,4,1,1,1,,2,2,139,11,23,,13/24 (54%),0/6 (0%),53%,1,16/29 (55%),5/11 (45%),2/4 (50%),60%,5,12,31,11,,3,,,,,3
14083796,54,77558,NORMAL,REGULAR,Round 26,LEAGUE,2858,Almería,Local,2ND,13/02/2026,26,2,39%,0.00,3,9,2,4,6,156,11,10,2,,2,0,5,2,7,2,1,2,1,,3,0,116,8,23,,8/24 (33%),3/11 (27%),60%,5,24/44 (55%),9/11 (82%),4/6 (67%),64%,11,7,28,14,,2,,,,,1
14083796,54,77558,NORMAL,REGULAR,Round 26,LEAGUE,324871,FC Andorra,Visita,ALL,13/02/2026,26,2,59%,2.23,2,15,2,5,19,506,10,11,4,,7,1,5,3,8,7,1,1,0,23,2,0,426,15,47,52/82 (63%),22/57 (39%),2/14 (14%),43%,6,33/73 (45%),8/22 (36%),11/21 (52%),40%,10,10,49,17,1,2,,1,,0,10
14083796,54,77558,NORMAL,REGULAR,Round 26,LEAGUE,324871,FC Andorra,Visita,1ST,13/02/2026,26,1,57%,0.00,0,10,2,2,9,250,3,6,2,,4,0,4,2,4,6,0,0,0,,1,0,208,9,26,,13/30 (43%),2/7 (29%),47%,1,13/29 (45%),6/11 (55%),4/8 (50%),0%,3,5,27,11,,2,,,,,2
14083796,54,77558,NORMAL,REGULAR,Round 26,LEAGUE,324871,FC Andorra,Visita,2ND,13/02/2026,26,1,61%,0.00,2,5,0,3,10,256,7,5,2,,3,1,1,1,4,1,1,1,0,,1,0,218,6,21,,9/27 (33%),0/7 (0%),40%,5,20/44 (45%),2/11 (18%),7/13 (54%),57%,7,5,22,6,,0,,,,,8
14083807,54,77558,NORMAL,REGULAR,Round 27,LEAGUE,2858,Almería,Local,ALL,21/02/2026,27,2,31%,1.57,2,14,4,6,18,211,10,11,2,,4,1,7,3,7,7,1,1,1,24,0,1,144,23,45,49/83 (59%),24/61 (39%),6/14 (43%),45%,9,32/74 (43%),13/25 (52%),11/17 (65%),60%,10,12,34,34,0,4,,,0,,8
14083807,54,77558,NORMAL,REGULAR,Round 27,LEAGUE,2858,Almería,Local,1ST,21/02/2026,27,2,35%,0.00,1,12,0,4,9,113,5,8,1,,4,1,5,3,7,5,1,0,0,,0,1,87,10,24,,14/28 (50%),4/10 (40%),50%,4,19/37 (51%),5/11 (45%),6/8 (75%),80%,5,7,23,11,,0,,,,,2
14083807,54,77558,NORMAL,REGULAR,Round 27,LEAGUE,2858,Almería,Local,2ND,21/02/2026,27,0,26%,0.00,1,2,4,2,9,98,5,3,1,,0,0,2,0,0,2,0,1,1,,0,0,57,13,21,,10/33 (30%),2/4 (50%),41%,5,13/37 (35%),8/14 (57%),5/9 (56%),40%,5,5,11,23,,4,,,,,6
14083807,54,77558,NORMAL,REGULAR,Round 27,LEAGUE,2850,Córdoba,Visita,ALL,21/02/2026,27,1,69%,1.28,2,12,2,6,11,483,15,18,2,,5,1,5,2,9,3,1,1,0,27,2,5,409,17,61,101/139 (73%),24/41 (59%),5/27 (19%),55%,4,42/74 (57%),12/25 (48%),10/16 (63%),53%,15,10,45,18,1,2,,,1,,8
14083807,54,77558,NORMAL,REGULAR,Round 27,LEAGUE,2850,Córdoba,Visita,1ST,21/02/2026,27,0,65%,0.00,0,2,2,2,8,216,6,9,0,,0,1,1,1,2,0,0,0,0,,2,3,177,8,29,,11/20 (55%),1/7 (14%),50%,1,18/37 (49%),6/11 (55%),4/8 (50%),50%,6,3,23,10,,2,,,,,5
14083807,54,77558,NORMAL,REGULAR,Round 27,LEAGUE,2850,Córdoba,Visita,2ND,21/02/2026,27,1,74%,0.00,2,10,0,4,3,267,9,9,2,,5,0,4,1,7,3,1,1,0,,0,2,232,9,32,,13/21 (62%),4/20 (20%),59%,3,24/37 (65%),6/14 (43%),6/8 (75%),56%,9,7,22,8,,0,,,,,3
14083812,54,77558,NORMAL,REGULAR,Round 28,LEAGUE,2848,Albacete Balompié,Local,ALL,27/02/2026,28,1,34%,0.91,4,11,4,5,9,275,15,8,1,,5,0,4,2,8,3,0,4,1,24,1,3,199,25,41,46/82 (56%),24/48 (50%),4/19 (21%),51%,3,25/48 (52%),11/23 (48%),2/9 (22%),53%,15,11,44,22,1,4,,2,2,,12
14083812,54,77558,NORMAL,REGULAR,Round 28,LEAGUE,2848,Albacete Balompié,Local,1ST,27/02/2026,28,0,33%,0.00,3,6,3,2,5,126,7,5,1,,3,0,2,1,4,2,0,3,1,,0,1,93,14,15,,9/18 (50%),2/10 (20%),43%,2,12/24 (50%),1/6 (17%),0/3 (0%),57%,7,4,20,13,,3,,,,,4
14083812,54,77558,NORMAL,REGULAR,Round 28,LEAGUE,2848,Albacete Balompié,Local,2ND,27/02/2026,28,1,36%,0.00,1,5,1,3,4,149,8,3,0,,2,0,2,1,4,1,0,1,0,,1,2,106,11,26,,15/30 (50%),2/9 (22%),56%,1,13/24 (54%),10/17 (59%),2/6 (33%),50%,8,7,24,9,,1,,,,,8
14083812,54,77558,NORMAL,REGULAR,Round 28,LEAGUE,2858,Almería,Visita,ALL,27/02/2026,28,1,66%,1.92,6,19,4,7,8,542,10,9,1,,5,0,8,6,12,7,1,5,1,30,1,2,467,30,55,110/139 (79%),14/37 (38%),7/27 (26%),49%,6,23/48 (48%),12/23 (52%),4/13 (31%),40%,10,12,50,29,1,4,,2,1,,8
14083812,54,77558,NORMAL,REGULAR,Round 28,LEAGUE,2858,Almería,Visita,1ST,27/02/2026,28,0,67%,0.00,4,12,2,4,5,270,5,5,1,,3,0,4,5,8,4,0,4,0,,0,2,231,19,27,,7/20 (35%),5/11 (45%),57%,3,12/24 (50%),5/6 (83%),2/6 (33%),60%,5,4,22,13,,2,,,,,3
14083812,54,77558,NORMAL,REGULAR,Round 28,LEAGUE,2858,Almería,Visita,2ND,27/02/2026,28,1,64%,0.00,2,7,2,3,3,272,5,4,0,,2,0,4,1,4,3,1,1,1,,1,0,236,11,28,,7/17 (41%),2/16 (13%),44%,3,11/24 (46%),7/17 (41%),2/7 (29%),20%,5,8,28,16,,2,,,,,5
14083372,54,77558,NORMAL,REGULAR,Round 29,LEAGUE,2858,Almería,Local,ALL,09/03/2026,29,3,53%,1.58,4,10,2,1,9,498,13,13,1,,4,1,2,4,9,1,2,2,,19,0,1,432,13,58,89/120 (74%),37/61 (61%),2/11 (18%),58%,5,32/55 (58%),10/17 (59%),6/14 (43%),69%,13,12,51,21,0,2,,,,,5
14083372,54,77558,NORMAL,REGULAR,Round 29,LEAGUE,2858,Almería,Local,1ST,09/03/2026,29,1,54%,0.00,0,3,1,0,6,275,4,8,0,,1,0,0,2,3,0,0,0,,,0,1,246,8,33,,16/29 (55%),0/4 (0%),51%,2,15/29 (52%),3/6 (50%),3/9 (33%),100%,4,6,22,9,,1,,,,,1
14083372,54,77558,NORMAL,REGULAR,Round 29,LEAGUE,2858,Almería,Local,2ND,09/03/2026,29,2,51%,0.00,4,7,1,1,3,223,9,5,1,,3,1,2,2,6,1,2,2,,,0,0,186,5,25,,21/32 (66%),2/7 (29%),65%,3,17/26 (65%),7/11 (64%),3/5 (60%),56%,9,6,29,12,,1,,,,,4
14083372,54,77558,NORMAL,REGULAR,Round 29,LEAGUE,2868,Cultural Leonesa,Visita,ALL,09/03/2026,29,0,47%,0.35,1,7,1,2,13,453,13,9,2,,2,0,2,3,3,4,0,1,,21,2,3,387,12,49,107/143 (75%),16/45 (36%),1/15 (7%),42%,8,23/55 (42%),7/17 (41%),2/7 (29%),38%,13,10,50,18,1,1,,,,,4
14083372,54,77558,NORMAL,REGULAR,Round 29,LEAGUE,2868,Cultural Leonesa,Visita,1ST,09/03/2026,29,0,46%,0.00,0,3,0,1,8,234,8,6,0,,1,0,0,2,0,3,0,0,,,2,1,205,6,28,,9/23 (39%),0/7 (0%),49%,1,14/29 (48%),3/6 (50%),1/4 (25%),38%,8,4,22,10,,0,,,,,1
14083372,54,77558,NORMAL,REGULAR,Round 29,LEAGUE,2868,Cultural Leonesa,Visita,2ND,09/03/2026,29,0,49%,0.00,1,4,1,1,5,219,5,3,2,,1,0,2,1,3,1,0,1,,,0,2,182,6,21,,7/22 (32%),1/8 (13%),35%,7,9/26 (35%),4/11 (36%),1/3 (33%),40%,5,6,28,8,,1,,,,,3
14083423,54,77558,NORMAL,REGULAR,Round 30,LEAGUE,2815,Real Zaragoza,Local,ALL,14/03/2026,30,2,38%,1.34,2,10,1,5,11,306,13,13,6,,4,0,2,4,7,3,1,1,1,23,1,3,228,20,59,47/92 (51%),13/43 (30%),3/12 (25%),56%,4,32/56 (57%),12/23 (52%),6/9 (67%),62%,13,14,38,12,,1,,,2,1,9
14083423,54,77558,NORMAL,REGULAR,Round 30,LEAGUE,2815,Real Zaragoza,Local,1ST,14/03/2026,30,0,40%,0.00,1,6,1,3,4,166,4,6,0,,2,0,2,2,4,2,0,1,0,,1,1,124,10,31,,6/20 (30%),3/9 (33%),50%,2,13/24 (54%),5/12 (42%),3/6 (50%),50%,4,8,21,9,,1,,,,,3
14083423,54,77558,NORMAL,REGULAR,Round 30,LEAGUE,2815,Real Zaragoza,Local,2ND,14/03/2026,30,2,36%,0.00,1,4,0,2,7,140,9,7,6,,2,0,0,2,3,1,1,0,1,,0,2,104,10,28,,7/23 (30%),0/3 (0%),60%,2,19/32 (59%),7/11 (64%),3/3 (100%),67%,9,6,17,3,,0,,,,,6
14083423,54,77558,NORMAL,REGULAR,Round 30,LEAGUE,2858,Almería,Visita,ALL,14/03/2026,30,0,62%,0.89,0,11,2,5,13,505,7,11,4,,1,0,5,5,7,4,0,0,1,23,3,2,438,20,59,84/118 (71%),31/54 (57%),4/13 (31%),44%,5,24/56 (43%),11/23 (48%),7/15 (47%),86%,7,6,46,20,,2,,,2,1,4
14083423,54,77558,NORMAL,REGULAR,Round 30,LEAGUE,2858,Almería,Visita,1ST,14/03/2026,30,0,60%,0.00,0,6,2,3,6,252,5,4,2,,1,0,1,4,4,2,0,0,1,,1,1,217,8,31,,18/31 (58%),1/7 (14%),50%,3,11/24 (46%),7/12 (58%),3/4 (75%),80%,5,4,23,10,,2,,,,,3
14083423,54,77558,NORMAL,REGULAR,Round 30,LEAGUE,2858,Almería,Visita,2ND,14/03/2026,30,0,64%,0.00,0,5,1,2,7,253,2,7,2,,0,0,4,1,3,2,0,0,0,,3,1,221,12,28,,13/23 (57%),3/6 (50%),40%,2,13/32 (41%),4/11 (36%),4/11 (36%),100%,2,2,23,10,,1,,,,,1
14083456,54,77558,NORMAL,REGULAR,Round 31,LEAGUE,24265,Huesca,Local,ALL,20/03/2026,31,1,51%,0.76,1,14,5,4,10,371,11,19,1,0,4,0,4,6,9,5,0,1,2,26,3,3,285,25,63,78/117 (67%),24/59 (41%),8/33 (24%),56%,7,35/62 (56%),15/27 (56%),8/15 (53%),73%,11,9,48,26,,5,,,0,,8
14083456,54,77558,NORMAL,REGULAR,Round 31,LEAGUE,24265,Huesca,Local,1ST,20/03/2026,31,1,37%,0.00,1,8,3,0,2,136,5,10,0,0,3,0,3,2,4,4,0,1,1,,2,2,98,12,24,,11/28 (39%),1/7 (14%),65%,1,17/26 (65%),7/11 (64%),3/8 (38%),80%,5,5,26,14,,3,,,,,5
14083456,54,77558,NORMAL,REGULAR,Round 31,LEAGUE,24265,Huesca,Local,2ND,20/03/2026,31,0,66%,0.00,0,6,2,4,8,235,6,9,1,0,1,0,1,4,5,1,0,0,1,,1,1,187,13,39,,13/31 (42%),7/26 (27%),50%,6,18/36 (50%),8/16 (50%),5/7 (71%),67%,6,4,22,12,,2,,,,,3
14083456,54,77558,NORMAL,REGULAR,Round 31,LEAGUE,2858,Almería,Visita,ALL,20/03/2026,31,3,49%,2.67,3,12,3,5,19,368,14,9,2,1,8,0,3,1,7,5,3,0,0,21,2,2,291,15,53,53/93 (57%),35/68 (51%),1/12 (8%),44%,4,27/62 (44%),12/27 (44%),3/10 (30%),71%,14,14,54,40,,3,,,1,,11
14083456,54,77558,NORMAL,REGULAR,Round 31,LEAGUE,2858,Almería,Visita,1ST,20/03/2026,31,2,63%,0.00,2,8,2,5,10,239,6,1,2,0,5,0,2,1,6,2,2,0,0,,1,0,196,8,29,,20/36 (56%),1/9 (11%),35%,1,9/26 (35%),4/11 (36%),1/5 (20%),67%,6,5,26,14,,2,,,,,6
14083456,54,77558,NORMAL,REGULAR,Round 31,LEAGUE,2858,Almería,Visita,2ND,20/03/2026,31,1,34%,0.00,1,4,1,0,9,129,8,8,0,1,3,0,1,0,1,3,1,0,0,,1,2,95,7,24,,15/32 (47%),0/3 (0%),50%,3,18/36 (50%),8/16 (50%),2/5 (40%),75%,8,9,28,26,,1,,,,,5
14083470,54,77558,NORMAL,REGULAR,Round 32,LEAGUE,2858,Almería,Local,ALL,29/03/2026,32,5,48%,5.19,7,29,5,7,13,373,23,14,2,,10,2,11,8,23,6,4,3,2,43,3,2,292,15,52,64/94 (68%),20/56 (36%),7/17 (41%),61%,12,46/83 (55%),20/25 (80%),10/15 (67%),65%,23,5,66,15,1,5,,0,,,7
14083470,54,77558,NORMAL,REGULAR,Round 32,LEAGUE,2858,Almería,Local,1ST,29/03/2026,32,2,49%,0.00,3,15,3,5,8,187,13,2,0,,5,1,7,3,12,3,2,1,2,,0,2,144,7,27,,10/27 (37%),3/9 (33%),60%,4,22/38 (58%),8/12 (67%),7/10 (70%),69%,13,3,34,6,,3,,,,,5
14083470,54,77558,NORMAL,REGULAR,Round 32,LEAGUE,2858,Almería,Local,2ND,29/03/2026,32,3,47%,0.00,4,14,2,2,5,186,10,12,2,,5,1,4,5,11,3,2,2,0,,3,0,148,8,25,,10/29 (34%),4/8 (50%),62%,8,24/45 (53%),12/13 (92%),3/5 (60%),60%,10,2,32,9,,2,,,,,2
14083470,54,77558,NORMAL,REGULAR,Round 32,LEAGUE,24360,Real Sociedad B,Visita,ALL,29/03/2026,32,1,52%,2.02,2,18,5,7,15,414,17,13,5,,6,0,3,9,10,8,1,1,0,29,0,0,336,19,50,88/122 (72%),15/40 (38%),3/12 (25%),39%,11,37/83 (45%),5/25 (20%),8/20 (40%),76%,17,5,50,18,0,5,,1,,,10
14083470,54,77558,NORMAL,REGULAR,Round 32,LEAGUE,24360,Real Sociedad B,Visita,1ST,29/03/2026,32,0,51%,0.00,1,11,3,4,2,201,7,8,1,,3,0,3,5,7,4,0,1,0,,0,0,162,15,20,,8/20 (40%),1/7 (14%),40%,6,16/38 (42%),4/12 (33%),2/9 (22%),57%,7,2,20,11,,3,,,,,7
14083470,54,77558,NORMAL,REGULAR,Round 32,LEAGUE,24360,Real Sociedad B,Visita,2ND,29/03/2026,32,1,53%,0.00,1,7,2,3,13,213,10,5,4,,3,0,0,4,3,4,1,0,0,,0,0,174,4,30,,7/20 (35%),2/5 (40%),38%,5,21/45 (47%),1/13 (8%),6/11 (55%),90%,10,3,30,7,,2,,,,,3
14083520,54,77558,NORMAL,REGULAR,Round 33,LEAGUE,5067,CD Castellón,Local,ALL,02/04/2026,33,2,45%,2.61,3,19,3,8,16,343,21,12,3,1,6,1,6,7,13,6,1,2,,33,2,1,281,19,55,87/123 (71%),17/39 (44%),5/20 (25%),51%,10,41/76 (54%),7/18 (39%),9/10 (90%),62%,21,9,46,24,0,3,,1,,,6
14083520,54,77558,NORMAL,REGULAR,Round 33,LEAGUE,5067,CD Castellón,Local,1ST,02/04/2026,33,1,53%,0.00,0,6,2,2,8,197,7,7,1,0,2,0,2,2,3,3,0,0,,,2,0,170,12,21,,5/14 (36%),2/9 (22%),50%,4,19/37 (51%),3/7 (43%),6/7 (86%),71%,7,3,19,9,,2,,,,,2
14083520,54,77558,NORMAL,REGULAR,Round 33,LEAGUE,5067,CD Castellón,Local,2ND,02/04/2026,33,1,38%,0.00,3,13,1,6,8,146,14,5,2,1,4,1,4,5,10,3,1,2,,,0,1,111,7,34,,12/25 (48%),3/11 (27%),52%,6,22/39 (56%),4/11 (36%),3/3 (100%),57%,14,6,27,15,,1,,,,,4
14083520,54,77558,NORMAL,REGULAR,Round 33,LEAGUE,2858,Almería,Visita,ALL,02/04/2026,33,0,55%,0.48,0,7,3,5,12,437,11,16,4,0,3,0,3,1,3,4,0,0,,12,3,1,357,22,42,53/80 (66%),22/53 (42%),2/15 (13%),49%,6,35/76 (46%),11/18 (61%),9/24 (38%),64%,11,7,40,28,1,3,,0,,,10
14083520,54,77558,NORMAL,REGULAR,Round 33,LEAGUE,2858,Almería,Visita,1ST,02/04/2026,33,0,47%,0.00,0,4,1,3,7,181,5,8,1,0,2,0,2,0,2,2,0,0,,,2,1,148,10,18,,13/24 (54%),2/8 (25%),50%,2,18/37 (49%),4/7 (57%),5/10 (50%),60%,5,4,17,14,,1,,,,,4
14083520,54,77558,NORMAL,REGULAR,Round 33,LEAGUE,2858,Almería,Visita,2ND,02/04/2026,33,0,62%,0.00,0,3,2,2,5,256,6,8,3,0,1,0,1,1,1,2,0,0,,,1,0,209,12,24,,9/29 (31%),0/7 (0%),48%,4,17/39 (44%),7/11 (64%),4/14 (29%),67%,6,3,23,14,,2,,,,,6
14083529,54,77558,NORMAL,REGULAR,Round 34,LEAGUE,2858,Almería,Local,ALL,05/04/2026,34,2,68%,2.74,5,18,2,5,13,545,22,11,3,,7,0,8,3,13,5,1,4,1,39,2,1,466,30,67,113/163 (69%),30/52 (58%),5/20 (25%),59%,6,44/76 (58%),23/37 (62%),11/24 (46%),55%,22,5,47,13,0,2,,,,0,3
14083529,54,77558,NORMAL,REGULAR,Round 34,LEAGUE,2858,Almería,Local,1ST,05/04/2026,34,1,67%,0.00,4,11,1,1,6,262,10,8,0,,5,0,4,2,7,4,1,3,1,,1,0,223,16,35,,11/26 (42%),2/10 (20%),58%,2,25/43 (58%),12/21 (57%),7/17 (41%),50%,10,2,18,3,,1,,,,,3
14083529,54,77558,NORMAL,REGULAR,Round 34,LEAGUE,2858,Almería,Local,2ND,05/04/2026,34,1,69%,0.00,1,7,1,4,7,283,12,3,3,,2,0,4,1,6,1,0,1,0,,1,1,243,14,32,,19/26 (73%),3/10 (30%),61%,4,19/33 (58%),11/16 (69%),4/7 (57%),58%,12,3,29,10,,1,,,,,0
14083529,54,77558,NORMAL,REGULAR,Round 34,LEAGUE,2845,Leganés,Visita,ALL,05/04/2026,34,1,32%,0.91,1,8,5,1,11,255,19,13,2,,3,0,3,2,2,6,1,0,0,10,2,2,174,18,42,35/64 (55%),21/60 (35%),1/10 (10%),41%,11,32/76 (42%),14/37 (38%),3/14 (21%),58%,19,8,37,31,1,5,,,,1,14
14083529,54,77558,NORMAL,REGULAR,Round 34,LEAGUE,2845,Leganés,Visita,1ST,05/04/2026,34,1,33%,0.00,1,5,4,0,8,128,12,6,2,,2,0,3,0,1,4,1,0,0,,1,2,94,9,23,,14/32 (44%),1/3 (33%),42%,4,18/43 (42%),9/21 (43%),1/7 (14%),58%,12,4,18,18,,4,,,,,6
14083529,54,77558,NORMAL,REGULAR,Round 34,LEAGUE,2845,Leganés,Visita,2ND,05/04/2026,34,0,31%,0.00,0,3,1,1,3,127,7,7,0,,1,0,0,2,1,2,0,0,0,,1,0,80,9,19,,7/28 (25%),1/7 (0%),39%,7,14/33 (42%),5/16 (31%),2/7 (29%),57%,7,4,19,13,,1,,,,,8
14083557,54,77558,NORMAL,REGULAR,Round 35,LEAGUE,2835,Real Racing Club,Local,ALL,12/04/2026,35,5,57%,4.10,7,26,2,8,15,494,13,13,4,1,13,1,7,6,19,7,4,3,1,36,1,3,442,14,55,116/151 (77%),12/32 (38%),6/16 (38%),46%,12,33/78 (42%),7/9 (78%),8/15 (53%),62%,13,11,46,20,1,2,,1,1,0,8
14083557,54,77558,NORMAL,REGULAR,Round 35,LEAGUE,2835,Real Racing Club,Local,1ST,12/04/2026,35,2,51%,0.00,3,13,1,4,9,200,8,6,2,0,7,1,2,4,9,4,1,2,0,,0,3,173,9,29,,8/19 (42%),3/7 (43%),45%,6,16/39 (41%),4/5 (80%),2/5 (40%),50%,8,7,24,6,,1,,,,,4
14083557,54,77558,NORMAL,REGULAR,Round 35,LEAGUE,2835,Real Racing Club,Local,2ND,12/04/2026,35,3,61%,0.00,4,13,1,4,6,294,5,7,2,1,6,0,5,2,10,3,3,1,1,,1,0,269,5,26,,4/13 (31%),3/9 (33%),47%,6,17/39 (44%),3/4 (75%),6/10 (60%),80%,5,4,22,14,,1,,,,,4
14083557,54,77558,NORMAL,REGULAR,Round 35,LEAGUE,2858,Almería,Visita,ALL,12/04/2026,35,1,43%,0.51,2,10,8,1,13,377,19,15,2,1,3,0,7,1,4,6,1,1,0,11,0,4,314,16,46,57/91 (63%),21/50 (42%),1/11 (9%),54%,4,45/78 (58%),2/9 (22%),11/20 (55%),42%,19,6,47,24,1,8,,3,1,1,6
14083557,54,77558,NORMAL,REGULAR,Round 35,LEAGUE,2858,Almería,Visita,1ST,12/04/2026,35,1,49%,0.00,2,7,5,0,6,194,9,9,1,1,2,0,5,1,3,4,1,1,0,,0,3,165,7,16,,10/24 (42%),0/3 (0%),55%,2,23/39 (59%),1/5 (20%),5/11 (45%),44%,9,4,25,12,,5,,,,,2
14083557,54,77558,NORMAL,REGULAR,Round 35,LEAGUE,2858,Almería,Visita,2ND,12/04/2026,35,0,39%,0.00,0,3,3,1,7,183,10,6,1,0,1,0,2,0,1,2,0,0,0,,0,1,149,9,30,,11/26 (42%),1/8 (13%),53%,2,22/39 (56%),1/4 (25%),6/9 (67%),40%,10,2,22,12,,3,,,,,4
14081736,54,77558,NORMAL,REGULAR,Round 36,LEAGUE,2858,Almería,Local,ALL,19/04/2026,36,3,46%,1.94,2,19,2,3,18,394,11,9,2,1,6,0,9,4,11,8,2,0,0,20,2,2,330,16,44,98/127 (77%),26/52 (50%),7/19 (37%),44%,3,29/65 (45%),7/16 (44%),10/18 (56%),82%,11,11,46,24,0,2,,0,0,,7
14081736,54,77558,NORMAL,REGULAR,Round 36,LEAGUE,2858,Almería,Local,1ST,19/04/2026,36,0,51%,0.00,0,4,0,2,11,196,3,6,1,0,0,0,3,1,2,2,0,0,0,,2,0,171,8,25,,18/28 (64%),3/14 (21%),50%,2,14/28 (50%),4/8 (50%),5/6 (83%),67%,3,6,21,11,,0,,,,,4
14081736,54,77558,NORMAL,REGULAR,Round 36,LEAGUE,2858,Almería,Local,2ND,19/04/2026,36,3,42%,0.00,2,15,2,1,7,198,8,3,1,1,6,0,6,3,9,6,2,0,0,,1,2,159,8,19,,8/24 (33%),4/5 (80%),40%,1,15/37 (41%),3/8 (38%),5/12 (42%),88%,8,5,25,13,,2,,,,,3
14081736,54,77558,NORMAL,REGULAR,Round 36,LEAGUE,2830,Málaga CF,Visita,ALL,19/04/2026,36,2,54%,0.86,2,13,3,5,9,471,11,18,4,1,4,0,6,3,9,4,0,2,1,22,1,4,385,17,60,78/118 (66%),28/64 (44%),2/12 (17%),56%,4,36/65 (55%),9/16 (56%),8/15 (53%),55%,11,7,46,17,3,3,,1,1,,12
14081736,54,77558,NORMAL,REGULAR,Round 36,LEAGUE,2830,Málaga CF,Visita,1ST,19/04/2026,36,0,49%,0.00,1,6,0,3,6,192,3,11,2,0,0,0,4,2,5,1,0,1,1,,1,0,150,7,28,,19/37 (51%),2/7 (29%),50%,1,14/28 (50%),4/8 (50%),1/4 (25%),67%,3,2,21,10,,0,,,,,7
14081736,54,77558,NORMAL,REGULAR,Round 36,LEAGUE,2830,Málaga CF,Visita,2ND,19/04/2026,36,2,58%,0.00,1,7,3,2,3,279,8,7,2,1,4,0,2,1,4,3,0,1,0,,1,4,235,10,32,,9/27 (33%),0/5 (0%),60%,4,22/37 (59%),5/8 (63%),7/11 (64%),50%,8,5,25,7,,3,,,,,5
14081750,54,77558,NORMAL,REGULAR,Round 37,LEAGUE,33779,Granada,Local,ALL,26/04/2026,37,2,50%,0.73,1,10,6,4,11,340,15,14,2,,6,1,3,1,7,3,0,1,0,13,0,4,266,31,36,42/71 (59%),18/52 (35%),1/19 (5%),51%,6,33/59 (56%),10/26 (38%),4/10 (40%),47%,15,6,37,16,1,6,,1,,0,8
14081750,54,77558,NORMAL,REGULAR,Round 37,LEAGUE,33779,Granada,Local,1ST,26/04/2026,37,1,50%,0.00,1,5,4,1,6,155,10,9,1,,4,0,1,0,4,1,0,1,0,,0,3,115,18,19,,11/31 (35%),0/8 (0%),57%,3,22/36 (61%),4/10 (40%),3/5 (60%),40%,10,4,17,3,,4,,,,,3
14081750,54,77558,NORMAL,REGULAR,Round 37,LEAGUE,33779,Granada,Local,2ND,26/04/2026,37,1,51%,0.00,0,5,2,3,5,185,5,5,1,,2,1,2,1,3,2,0,0,0,,0,1,151,13,17,,7/21 (33%),1/11 (9%),44%,3,11/23 (48%),6/16 (38%),1/5 (20%),60%,5,2,20,13,,2,,,,,5
14081750,54,77558,NORMAL,REGULAR,Round 37,LEAGUE,2858,Almería,Visita,ALL,26/04/2026,37,4,50%,2.49,5,19,4,3,14,345,12,10,1,,10,0,4,5,12,7,2,3,1,20,3,1,268,14,63,57/94 (61%),33/69 (48%),5/10 (50%),49%,7,26/59 (44%),16/26 (62%),5/13 (38%),58%,12,12,49,23,0,4,,1,,1,7
14081750,54,77558,NORMAL,REGULAR,Round 37,LEAGUE,2858,Almería,Visita,1ST,26/04/2026,37,3,50%,0.00,3,12,3,2,9,160,5,5,0,,7,0,1,4,7,5,1,2,1,,2,0,117,8,33,,15/34 (44%),4/5 (80%),43%,5,14/36 (39%),6/10 (60%),4/9 (44%),60%,5,7,27,11,,3,,,,,1
14081750,54,77558,NORMAL,REGULAR,Round 37,LEAGUE,2858,Almería,Visita,2ND,26/04/2026,37,1,49%,0.00,2,7,1,1,5,185,7,5,1,,3,0,3,1,5,2,1,1,0,,1,1,151,6,30,,18/35 (51%),1/5 (20%),56%,2,12/23 (52%),10/16 (63%),1/4 (25%),57%,7,5,22,12,,1,,,,,6
14081742,54,77558,NORMAL,REGULAR,Round 38,LEAGUE,2858,Almería,Local,ALL,04/05/2026,38,4,59%,1.38,3,9,3,5,11,464,15,13,1,,3,0,3,3,5,4,2,1,,26,2,2,394,26,69,97/142 (68%),24/48 (50%),3/24 (13%),50%,10,44/81 (54%),10/26 (38%),15/22 (68%),47%,15,12,54,22,1,3,,2,1,1,3
14081742,54,77558,NORMAL,REGULAR,Round 38,LEAGUE,2858,Almería,Local,1ST,04/05/2026,38,2,63%,0.00,1,6,0,3,5,262,6,7,0,,2,0,2,2,3,3,1,1,,,1,1,230,13,38,,11/19 (58%),1/11 (9%),46%,7,18/39 (46%),6/13 (46%),5/10 (50%),50%,6,4,28,10,,0,,,,,2
14081742,54,77558,NORMAL,REGULAR,Round 38,LEAGUE,2858,Almería,Local,2ND,04/05/2026,38,2,56%,0.00,2,3,3,2,6,202,9,6,1,,1,0,1,1,2,1,1,1,,,1,1,164,13,31,,13/29 (45%),2/13 (15%),55%,3,26/42 (62%),4/13 (31%),10/12 (83%),44%,9,8,26,12,,3,,,,,1
14081742,54,77558,NORMAL,REGULAR,Round 38,LEAGUE,35092,Mirandés,Visita,ALL,04/05/2026,38,2,41%,0.97,1,12,2,6,14,322,17,11,3,,5,0,4,3,7,5,1,0,,19,2,2,235,19,47,47/87 (54%),11/40 (28%),3/14 (21%),50%,9,37/81 (46%),16/26 (62%),9/15 (60%),59%,17,11,50,25,0,2,,1,1,0,5
14081742,54,77558,NORMAL,REGULAR,Round 38,LEAGUE,35092,Mirandés,Visita,1ST,04/05/2026,38,2,37%,0.00,1,4,1,2,7,156,12,5,0,,2,0,2,0,3,1,1,0,,,1,1,111,12,21,,4/19 (21%),1/6 (17%),54%,5,21/39 (54%),7/13 (54%),4/5 (80%),67%,12,4,27,10,,1,,,,,3
14081742,54,77558,NORMAL,REGULAR,Round 38,LEAGUE,35092,Mirandés,Visita,2ND,04/05/2026,38,0,44%,0.00,0,8,1,4,7,166,5,6,3,,3,0,2,3,4,4,0,0,,,1,1,124,7,26,,7/21 (33%),2/8 (25%),45%,4,16/42 (38%),9/13 (69%),5/10 (50%),40%,5,7,23,15,,1,,,,,2
14081760,54,77558,NORMAL,REGULAR,Round 39,LEAGUE,2854,Burgos Club de Fútbol,Local,ALL,09/05/2026,39,0,55%,1.05,1,20,4,10,7,409,16,9,2,,5,0,12,3,14,6,,1,,31,1,2,331,20,50,62/98 (63%),29/59 (49%),11/32 (34%),43%,2,30/58 (52%),9/32 (28%),5/14 (36%),50%,16,16,49,23,1,4,,1,,1,15
14081760,54,77558,NORMAL,REGULAR,Round 39,LEAGUE,2854,Burgos Club de Fútbol,Local,1ST,09/05/2026,39,0,55%,0.00,0,9,1,4,5,214,8,4,1,,3,0,5,1,7,2,,0,,,1,1,176,8,30,,14/30 (47%),6/15 (40%),44%,1,14/27 (52%),5/16 (31%),2/7 (29%),50%,8,7,20,7,,1,,,,,7
14081760,54,77558,NORMAL,REGULAR,Round 39,LEAGUE,2854,Burgos Club de Fútbol,Local,2ND,09/05/2026,39,0,54%,0.00,1,11,3,6,2,195,8,5,1,,2,0,7,2,7,4,,1,,,0,1,155,12,20,,15/29 (52%),5/17 (29%),43%,1,16/31 (52%),4/16 (25%),3/7 (43%),50%,8,9,29,16,,3,,,,,8
14081760,54,77558,NORMAL,REGULAR,Round 39,LEAGUE,2858,Almería,Visita,ALL,09/05/2026,39,0,45%,0.94,2,20,5,4,9,342,11,7,4,,4,1,11,5,11,9,,2,,16,1,1,267,25,53,57/87 (66%),26/52 (50%),3/19 (16%),57%,8,28/58 (48%),23/32 (72%),10/18 (56%),91%,11,10,50,29,1,5,,1,,0,13
14081760,54,77558,NORMAL,REGULAR,Round 39,LEAGUE,2858,Almería,Visita,1ST,09/05/2026,39,0,45%,0.00,1,7,3,0,4,172,6,5,2,,1,1,6,0,5,2,,1,,,1,1,140,11,24,,16/22 (73%),0/9 (0%),56%,2,13/27 (48%),11/16 (69%),2/8 (25%),83%,6,6,17,12,,3,,,,,6
14081760,54,77558,NORMAL,REGULAR,Round 39,LEAGUE,2858,Almería,Visita,2ND,09/05/2026,39,0,46%,0.00,1,13,2,4,5,170,5,2,2,,3,0,5,5,6,7,,1,,,0,0,127,14,29,,10/30 (33%),3/10 (30%),57%,6,15/31 (48%),12/16 (75%),8/10 (80%),100%,5,4,33,17,,2,,,,,7
14081761,54,77558,NORMAL,REGULAR,Round 40,LEAGUE,2858,Almería,Local,ALL,16/05/2026,40,1,54%,2.32,3,18,4,5,20,466,7,10,3,1,5,1,9,4,14,4,1,2,2,33,2,2,404,17,64,97/137 (71%),13/29 (45%),7/25 (28%),33%,14,20/66 (30%),6/14 (43%),5/10 (50%),57%,7,6,52,26,1,4,,1,2,1,4
14081761,54,77558,NORMAL,REGULAR,Round 40,LEAGUE,2858,Almería,Local,1ST,16/05/2026,40,0,56%,0.00,0,10,1,3,8,254,1,3,0,0,1,1,6,3,9,1,0,0,0,,1,0,223,9,34,,5/10 (50%),3/10 (30%),36%,6,8/26 (31%),4/7 (57%),4/4 (100%),0%,1,2,27,11,,1,,,,,3
14081761,54,77558,NORMAL,REGULAR,Round 40,LEAGUE,2858,Almería,Local,2ND,16/05/2026,40,1,52%,0.00,3,8,3,2,12,212,6,7,3,1,4,0,3,1,5,3,1,2,2,,1,2,181,8,30,,8/19 (42%),4/15 (27%),30%,8,12/40 (30%),2/7 (29%),1/6 (17%),67%,6,4,25,15,,3,,,,,1
14081761,54,77558,NORMAL,REGULAR,Round 40,LEAGUE,6577,UD Las Palmas,Visita,ALL,16/05/2026,40,2,46%,1.65,2,14,4,5,10,413,19,20,1,0,6,0,2,6,8,6,1,1,1,15,3,1,346,11,34,56/84 (67%),13/37 (35%),1/12 (0%),67%,2,46/66 (70%),8/14 (57%),8/13 (62%),68%,19,4,40,37,0,4,,1,1,0,13
14081761,54,77558,NORMAL,REGULAR,Round 40,LEAGUE,6577,UD Las Palmas,Visita,1ST,16/05/2026,40,0,44%,0.00,0,4,1,2,3,204,6,8,0,0,1,0,1,2,3,1,0,0,0,,0,1,163,6,14,,9/23 (39%),0/5 (0%),64%,1,18/26 (69%),3/7 (43%),4/4 (100%),67%,6,3,22,11,,1,,,,,8
14081761,54,77558,NORMAL,REGULAR,Round 40,LEAGUE,6577,UD Las Palmas,Visita,2ND,16/05/2026,40,2,48%,0.00,2,10,3,3,7,209,13,12,1,0,5,0,1,4,5,5,1,1,1,,3,0,183,5,20,,4/14 (29%),1/7 (0%),70%,1,28/40 (70%),5/7 (71%),4/9 (44%),69%,13,1,18,26,,3,,,,,5
14081783,54,77558,NORMAL,REGULAR,Round 41,LEAGUE,2852,Sporting Gijón,Local,ALL,24/05/2026,41,3,35%,2.89,5,13,6,4,16,281,23,12,4,,8,0,2,3,12,1,2,3,1,24,2,0,201,16,47,35/69 (51%),15/63 (24%),5/9 (56%),55%,9,46/77 (60%),14/32 (44%),11/16 (69%),57%,23,13,38,41,1,6,,2,,1,14
14081783,54,77558,NORMAL,REGULAR,Round 41,LEAGUE,2852,Sporting Gijón,Local,1ST,24/05/2026,41,2,42%,0.00,3,9,1,1,6,184,8,3,0,,6,0,1,2,8,1,2,1,1,,1,0,145,11,23,,11/33 (33%),2/3 (67%),53%,6,16/29 (55%),7/14 (50%),5/6 (83%),75%,8,5,19,15,,1,,,,,8
14081783,54,77558,NORMAL,REGULAR,Round 41,LEAGUE,2852,Sporting Gijón,Local,2ND,24/05/2026,41,1,27%,0.00,2,4,5,3,10,97,15,9,4,,2,0,1,1,4,0,0,2,0,,1,0,56,5,24,,4/30 (13%),3/6 (50%),56%,3,30/48 (63%),7/18 (39%),6/10 (60%),47%,15,8,19,26,,5,,,,,6
14081783,54,77558,NORMAL,REGULAR,Round 41,LEAGUE,2858,Almería,Visita,ALL,24/05/2026,41,1,65%,1.82,3,20,6,8,12,502,14,16,5,,7,2,9,4,15,5,1,3,0,36,3,3,430,21,56,83/118 (70%),16/38 (42%),7/27 (26%),45%,13,31/77 (40%),18/32 (56%),4/14 (29%),64%,14,12,36,21,0,6,,2,,0,5
14081783,54,77558,NORMAL,REGULAR,Round 41,LEAGUE,2858,Almería,Visita,1ST,24/05/2026,41,0,58%,0.00,0,6,4,3,3,240,7,6,2,,1,0,5,0,4,2,0,0,0,,0,2,205,11,18,,11/23 (48%),1/9 (11%),47%,5,13/29 (45%),7/14 (50%),2/5 (40%),43%,7,5,17,9,,4,,,,,1
14081783,54,77558,NORMAL,REGULAR,Round 41,LEAGUE,2858,Almería,Visita,2ND,24/05/2026,41,1,73%,0.00,3,14,2,5,9,262,7,10,3,,6,2,4,4,11,3,1,3,0,,3,1,225,10,38,,5/15 (33%),6/18 (33%),44%,8,18/48 (38%),11/18 (61%),2/9 (22%),86%,7,7,19,12,,2,,,,,4
14083406,54,77558,NORMAL,REGULAR,Round 42,LEAGUE,2858,Almería,Local,ALL,31/05/2026,42,1,46%,3.29,6,25,4,2,17,344,18,9,2,,9,0,9,7,15,10,1,5,2,42,3,1,295,29,62,98/129 (76%),17/29 (59%),8/17 (47%),44%,10,31/80 (39%),16/28 (57%),4/16 (25%),56%,18,5,44,30,0,4,,1,,,3
14083406,54,77558,NORMAL,REGULAR,Round 42,LEAGUE,2858,Almería,Local,1ST,31/05/2026,42,0,48%,0.00,2,13,4,1,7,192,9,2,1,,4,0,5,4,8,5,0,2,2,,0,1,165,19,31,,13/21 (62%),3/8 (38%),40%,7,14/44 (32%),11/18 (61%),3/13 (23%),44%,9,2,25,14,,4,,,,,2
14083406,54,77558,NORMAL,REGULAR,Round 42,LEAGUE,2858,Almería,Local,2ND,31/05/2026,42,1,44%,0.00,4,12,0,1,10,152,9,7,1,,5,0,4,3,7,5,1,3,0,,3,0,130,10,31,,4/8 (50%),5/9 (56%),48%,3,17/36 (47%),5/10 (50%),1/3 (33%),67%,9,3,19,16,,0,,,,,1
14083406,54,77558,NORMAL,REGULAR,Round 42,LEAGUE,2831,Real Valladolid,Visita,ALL,31/05/2026,42,0,54%,1.22,2,8,7,2,10,401,22,17,4,,4,0,2,2,6,2,0,2,0,13,2,1,334,16,45,57/82 (70%),25/59 (42%),4/13 (31%),56%,11,49/80 (61%),12/28 (43%),10/17 (59%),45%,22,5,43,26,2,7,,0,,,11
14083406,54,77558,NORMAL,REGULAR,Round 42,LEAGUE,2831,Real Valladolid,Visita,1ST,31/05/2026,42,0,52%,0.00,2,6,3,1,2,206,17,7,2,,4,0,1,1,5,1,0,2,0,,1,1,173,7,22,,15/32 (47%),3/7 (43%),60%,3,30/44 (68%),7/18 (39%),6/12 (50%),47%,17,5,22,15,,3,,,,,7
14083406,54,77558,NORMAL,REGULAR,Round 42,LEAGUE,2831,Real Valladolid,Visita,2ND,31/05/2026,42,0,56%,0.00,0,2,4,1,8,195,5,10,2,,0,0,1,1,1,1,0,0,0,,1,0,161,9,23,,10/27 (37%),1/6 (17%),52%,8,19/36 (53%),5/10 (50%),4/5 (80%),40%,5,0,21,11,,4,,,,,4
16263987,54,77558,NORMAL,PLAYOFF,Semifinals,LEAGUE,5067,CD Castellón,Local,ALL,06/06/2026,28,1,61%,1.77,2,15,1,8,15,422,13,18,2,,2,0,6,7,13,2,0,2,1,43,2,3,342,18,64,121/160 (76%),27/51 (53%),4/30 (13%),43%,12,37/86 (43%),12/29 (41%),7/18 (39%),69%,13,3,52,11,0,1,,0,2,1,5
16263987,54,77558,NORMAL,PLAYOFF,Semifinals,LEAGUE,5067,CD Castellón,Local,1ST,06/06/2026,28,1,66%,0.00,2,8,1,5,8,215,6,9,2,,2,0,3,3,7,1,0,2,0,,1,2,180,8,31,,15/27 (56%),3/13 (23%),41%,6,16/38 (42%),5/13 (38%),2/7 (29%),83%,6,1,23,4,,1,,,,,3
16263987,54,77558,NORMAL,PLAYOFF,Semifinals,LEAGUE,5067,CD Castellón,Local,2ND,06/06/2026,28,0,57%,0.00,0,7,0,3,7,207,7,9,0,,0,0,3,4,6,1,0,0,1,,1,1,162,10,33,,12/24 (50%),1/17 (6%),44%,6,21/48 (44%),7/16 (44%),5/11 (45%),57%,7,2,29,7,,0,,,,,2
16263987,54,77558,NORMAL,PLAYOFF,Semifinals,LEAGUE,2858,Almería,Visita,ALL,06/06/2026,28,1,39%,0.77,1,4,1,0,18,288,23,15,5,,2,0,2,0,3,1,1,0,0,4,0,3,200,13,34,22/54 (41%),21/62 (34%),2/5 (40%),57%,6,49/86 (57%),17/29 (59%),12/19 (63%),61%,23,14,44,38,1,1,,1,3,1,10
16263987,54,77558,NORMAL,PLAYOFF,Semifinals,LEAGUE,2858,Almería,Visita,1ST,06/06/2026,28,0,34%,0.00,0,2,1,0,9,119,11,8,3,,1,0,1,0,2,0,0,0,0,,0,0,81,5,15,,7/25 (28%),1/1 (100%),59%,3,22/38 (58%),8/13 (62%),4/7 (57%),55%,11,6,18,14,,1,,,,,3
16263987,54,77558,NORMAL,PLAYOFF,Semifinals,LEAGUE,2858,Almería,Visita,2ND,06/06/2026,28,1,43%,0.00,1,2,0,0,9,169,12,7,2,,1,0,1,0,1,1,1,0,0,,0,3,119,8,19,,14/37 (38%),1/4 (25%),56%,3,27/48 (56%),9/16 (56%),8/12 (67%),67%,12,8,26,24,,0,,,,,7
16264088,54,77558,NORMAL,PLAYOFF,Semifinals,LEAGUE,2858,Almería,Local,ALL,09/06/2026,28,3,47%,2.20,3,13,4,5,20,320,25,14,4,,4,1,8,1,12,1,2,1,1,25,1,1,233,20,42,60/97 (62%),17/52 (33%),8/15 (53%),52%,8,47/94 (50%),20/34 (59%),8/16 (50%),48%,25,6,53,28,1,4,,,1,1,7
16264088,54,77558,NORMAL,PLAYOFF,Semifinals,LEAGUE,2858,Almería,Local,1ST,09/06/2026,28,1,42%,0.00,0,4,1,1,12,136,12,7,1,,2,0,2,0,3,1,0,0,1,,1,1,97,9,20,,7/24 (29%),2/4 (50%),45%,3,21/48 (44%),6/12 (50%),2/7 (29%),42%,12,4,26,14,,1,,,,,5
16264088,54,77558,NORMAL,PLAYOFF,Semifinals,LEAGUE,2858,Almería,Local,2ND,09/06/2026,28,2,52%,0.00,3,9,3,4,8,184,13,7,3,,2,1,6,1,9,0,2,1,0,,0,0,136,11,22,,10/28 (36%),6/11 (55%),59%,5,26/46 (57%),14/22 (64%),6/9 (67%),54%,13,2,27,14,,3,,,,,2
16264088,54,77558,NORMAL,PLAYOFF,Semifinals,LEAGUE,5067,CD Castellón,Visita,ALL,09/06/2026,28,2,53%,1.15,1,10,1,7,14,359,16,20,1,,6,0,2,2,7,3,0,1,0,21,4,1,278,25,45,58/92 (63%),14/47 (30%),5/23 (22%),48%,13,47/94 (50%),14/34 (41%),11/23 (48%),56%,16,4,38,21,0,1,,,0,0,8
16264088,54,77558,NORMAL,PLAYOFF,Semifinals,LEAGUE,5067,CD Castellón,Visita,1ST,09/06/2026,28,0,58%,0.00,0,3,1,4,7,186,8,12,0,,1,0,1,1,2,1,0,0,0,,2,1,143,10,20,,4/20 (20%),3/9 (33%),55%,7,27/48 (56%),6/12 (50%),7/12 (58%),63%,8,2,18,11,,1,,,,,4
16264088,54,77558,NORMAL,PLAYOFF,Semifinals,LEAGUE,5067,CD Castellón,Visita,2ND,09/06/2026,28,2,48%,0.00,1,7,0,3,7,173,8,8,1,,5,0,1,1,5,2,0,1,0,,2,0,135,15,25,,10/27 (37%),2/14 (14%),41%,6,20/46 (43%),8/22 (36%),4/11 (36%),50%,8,2,20,10,,0,,,,,4
16308623,54,77558,NORMAL,FINAL,Final,LEAGUE,2830,Málaga CF,Local,ALL,14/06/2026,29,0,59%,0.55,,11,2,4,12,517,20,11,2,,3,0,4,4,6,5,,,,21,3,3,434,16,61,89/127 (70%),23/49 (47%),1/10 (10%),42%,11,35/84 (42%),8/18 (44%),4/14 (29%),60%,20,12,48,20,1,2,,0,1,1,6
16308623,54,77558,NORMAL,FINAL,Final,LEAGUE,2830,Málaga CF,Local,1ST,14/06/2026,29,0,59%,0.00,,6,1,3,8,259,7,5,1,,2,0,2,2,3,3,,,,,2,1,219,5,28,,15/27 (56%),1/7 (14%),36%,4,14/38 (37%),3/9 (33%),2/4 (50%),57%,7,5,25,11,,1,,,,,3
16308623,54,77558,NORMAL,FINAL,Final,LEAGUE,2830,Málaga CF,Local,2ND,14/06/2026,29,0,59%,0.00,,5,1,1,4,258,13,6,1,,1,0,2,2,3,2,,,,,1,2,215,11,33,,8/22 (36%),0/3 (0%),47%,7,21/46 (46%),5/9 (56%),2/10 (20%),62%,13,7,23,9,,1,,,,,3
16308623,54,77558,NORMAL,FINAL,Final,LEAGUE,2858,Almería,Visita,ALL,14/06/2026,29,0,41%,0.38,,9,3,2,11,352,21,12,0,,2,0,6,1,3,6,,,,13,2,0,280,27,54,68/104 (65%),24/59 (41%),3/17 (18%),58%,4,49/84 (58%),10/18 (56%),16/32 (50%),57%,21,9,47,21,1,3,,1,0,0,8
16308623,54,77558,NORMAL,FINAL,Final,LEAGUE,2858,Almería,Visita,1ST,14/06/2026,29,0,41%,0.00,,5,2,1,5,178,6,8,0,,1,0,3,1,2,3,,,,,1,0,140,14,28,,11/26 (42%),2/9 (22%),64%,1,24/38 (63%),6/9 (67%),10/16 (63%),33%,6,2,21,13,,2,,,,,4
16308623,54,77558,NORMAL,FINAL,Final,LEAGUE,2858,Almería,Visita,2ND,14/06/2026,29,0,41%,0.00,,4,1,1,6,174,15,4,0,,1,0,3,0,1,3,,,,,1,0,140,13,26,,13/33 (39%),1/8 (13%),53%,3,25/46 (54%),4/9 (44%),6/16 (38%),67%,15,7,26,8,,1,,,,,4
16309146,54,77558,NORMAL,FINAL,Final,LEAGUE,2858,Almería,Local,ALL,20/06/2026,29,1,49%,1.76,2,13,3,7,10,376,13,5,1,1,6,0,6,1,9,4,1,1,0,31,,,311,21,53,91/127 (72%),16/41 (39%),14/33 (42%),45%,7,26/61 (43%),14/28 (50%),8/22 (36%),54%,13,11,51,28,0,3,,1,1,,2
16309146,54,77558,NORMAL,FINAL,Final,LEAGUE,2858,Almería,Local,1ST,20/06/2026,29,0,43%,0.00,0,4,1,3,5,165,6,2,0,0,1,0,3,1,2,2,0,0,0,,,,130,12,23,,8/24 (33%),2/9 (22%),44%,3,12/27 (44%),6/14 (43%),4/11 (36%),50%,6,6,24,20,,1,,,,,1
16309146,54,77558,NORMAL,FINAL,Final,LEAGUE,2858,Almería,Local,2ND,20/06/2026,29,1,56%,0.00,2,9,2,4,5,211,7,3,1,1,5,0,3,1,7,2,1,1,0,,,,181,9,30,,8/17 (47%),12/24 (50%),46%,4,14/34 (41%),8/14 (57%),4/11 (36%),57%,7,5,27,8,,2,,,,,1
16309146,54,77558,NORMAL,FINAL,Final,LEAGUE,2830,Málaga CF,Visita,ALL,20/06/2026,29,2,51%,1.29,3,12,5,7,5,413,21,10,4,1,5,1,3,4,10,2,1,2,1,21,,,330,22,63,84/131 (64%),25/62 (40%),4/9 (44%),55%,4,35/61 (57%),14/28 (50%),5/14 (36%),57%,21,6,39,29,1,5,,0,2,,7
16309146,54,77558,NORMAL,FINAL,Final,LEAGUE,2830,Málaga CF,Visita,1ST,20/06/2026,29,0,57%,0.00,1,7,1,5,2,229,10,5,0,0,1,0,3,3,6,1,0,1,0,,,,180,15,31,,11/29 (38%),3/5 (60%),56%,1,15/27 (56%),8/14 (57%),1/6 (17%),60%,10,4,18,13,,1,,,,,3
16309146,54,77558,NORMAL,FINAL,Final,LEAGUE,2830,Málaga CF,Visita,2ND,20/06/2026,29,2,44%,0.00,2,5,4,2,3,184,11,5,4,1,4,1,0,1,4,1,1,1,1,,,,150,7,32,,14/33 (42%),1/4 (25%),54%,3,20/34 (59%),6/14 (43%),4/8 (50%),55%,11,2,21,16,,4,,,,,4
16418263,54,97280,NORMAL,REGULAR,Round 1,LEAGUE,2858,Almería,Local,ALL,17/08/2026,1,3,57%,0.0,4,15,3,7,7,579,14,11,1,,5,0,7,3,10,5,2,2,1,20.0,2,2,520,14,37,78/99 (79%),19/37 (51%),4/13 (31%),55%,5,32/59 (54%),10/17 (59%),7/16 (44%),71%,14,15,48,25,0.0,3,,2.0,1.0,2.0,12
16418263,54,97280,NORMAL,REGULAR,Round 1,LEAGUE,2858,Almería,Local,1ST,17/08/2026,1,3,68%,0.0,3,9,1,4,5,345,9,7,1,,4,0,3,2,5,4,2,1,1,,1,2,314,5,27,,8/14 (57%),3/8 (38%),59%,3,19/33 (58%),7/11 (64%),3/9 (33%),78%,9,6,26,13,,1,,,,,3
16418263,54,97280,NORMAL,REGULAR,Round 1,LEAGUE,2858,Almería,Local,2ND,17/08/2026,1,0,46%,0.0,1,6,2,3,2,234,5,4,0,,1,0,4,1,5,1,0,1,1,,1,0,206,9,10,,11/23 (48%),1/5 (20%),50%,2,13/26 (50%),3/6 (50%),4/7 (57%),60%,5,9,22,12,,2,,,,,9
16418263,54,97280,NORMAL,REGULAR,Round 1,LEAGUE,47321,CD Eldense,Visita,ALL,17/08/2026,1,0,43%,0.0,1,11,2,8,12,432,14,7,3,,3,0,6,2,7,4,0,1,1,12.0,0,1,368,25,57,78/116 (67%),16/37 (43%),5/21 (24%),45%,6,27/59 (46%),7/17 (41%),7/15 (47%),64%,14,7,49,15,2.0,2,,2.0,1.0,0.0,6
16418263,54,97280,NORMAL,REGULAR,Round 1,LEAGUE,47321,CD Eldense,Visita,1ST,17/08/2026,1,0,32%,0.0,1,4,1,3,7,158,9,5,3,,1,0,1,2,2,2,0,1,1,,0,1,124,14,25,,9/24 (38%),3/8 (38%),41%,4,14/33 (42%),4/11 (36%),1/6 (17%),56%,9,6,20,5,,1,,,,,3
16418263,54,97280,NORMAL,REGULAR,Round 1,LEAGUE,47321,CD Eldense,Visita,2ND,17/08/2026,1,0,54%,0.0,0,7,1,5,5,274,5,2,0,,2,0,5,0,5,2,0,0,0,,0,0,244,11,32,,7/13 (54%),2/13 (15%),50%,2,13/26 (50%),3/6 (50%),6/9 (67%),80%,5,1,29,10,,1,,,,,3