Event_ID,Competition_ID,Season_ID,Season_Format,Competition_Phase,Competition_Stage,Competition_Type,Team_ID,Equipo,Condicion,Tiempo,Fecha,Jornada,Goals,Ball possession,Expected goals,Big chances,Total shots,Goalkeeper saves,Corner kicks,Fouls,Passes,Tackles,Free kicks,Yellow cards,Red cards,Shots on target,Hit woodwork,Shots off target,Blocked shots,Shots inside box,Shots outside box,Big chances scored,Big chances missed,Through balls,Touches in penalty area,Fouled in final third,Offsides,Accurate passes,Throw-ins,Final third entries,Final third phase,Long balls,Crosses,Duels,Dispossessed,Ground duels,Aerial duels,Dribbles,Tackles won,Total tackles,Interceptions,Recoveries,Clearances,Errors lead to a shot,Total saves,Goals prevented,Big saves,High claims,Punches,Goal kicks
9646829,98,37482,NORMAL,REGULAR,Round 1,LEAGUE,3066,İstanbulspor,Local,ALL,14/08/2021,1,3,49%,0.00,4,11,3,2,11,449,14,15,2,,5,0,3,3,8,3,2,2,0,,7,0,370,13,43,,28/50 (56%),3/11 (27%),61%,3,36/55 (65%),10/20 (50%),7/9 (78%),50%,14,11,,15,,3,,,,,6
9646829,98,37482,NORMAL,REGULAR,Round 1,LEAGUE,3066,İstanbulspor,Local,1ST,14/08/2021,1,1,50%,0.00,2,4,2,0,,232,9,6,2,,3,0,0,1,3,1,1,1,0,,3,0,190,9,21,,17/26 (65%),2/5 (40%),74%,1,21/26 (81%),5/9 (56%),6/7 (86%),67%,9,4,,6,,2,,,,,2
9646829,98,37482,NORMAL,REGULAR,Round 1,LEAGUE,3066,İstanbulspor,Local,2ND,14/08/2021,1,2,47%,0.00,2,7,1,2,,217,5,9,0,,2,0,3,2,5,2,1,1,0,,4,0,180,4,22,,11/24 (46%),1/6 (17%),50%,2,15/29 (52%),5/11 (45%),1/2 (50%),20%,5,7,,9,,1,,,,,4
9646829,98,37482,NORMAL,REGULAR,Round 1,LEAGUE,202391,Manisa FK,Visita,ALL,14/08/2021,1,4,51%,0.00,4,13,2,2,15,475,5,9,2,,7,0,3,3,11,2,3,1,1,,1,3,388,21,49,,44/73 (60%),1/6 (17%),39%,10,19/55 (35%),10/20 (50%),5/9 (56%),60%,5,14,,10,,2,,,,,4
9646829,98,37482,NORMAL,REGULAR,Round 1,LEAGUE,202391,Manisa FK,Visita,1ST,14/08/2021,1,2,50%,0.00,2,8,2,2,,226,2,2,0,,4,0,2,2,7,1,1,1,0,,1,2,184,7,19,,24/37 (65%),0/2 (0%),26%,7,5/26 (19%),4/9 (44%),1/3 (33%),50%,2,8,,3,,2,,,,,2
9646829,98,37482,NORMAL,REGULAR,Round 1,LEAGUE,202391,Manisa FK,Visita,2ND,14/08/2021,1,2,53%,0.00,2,5,0,0,,249,3,7,2,,3,0,1,1,4,1,2,0,1,,0,1,204,14,30,,20/36 (56%),1/4 (25%),50%,3,14/29 (48%),6/11 (55%),4/6 (67%),67%,3,6,,7,,0,,,,,2
9646824,98,37482,NORMAL,REGULAR,Round 2,LEAGUE,55625,Ümraniyespor,Local,ALL,22/08/2021,2,2,44%,0.00,1,8,1,3,15,380,22,7,2,,4,0,1,3,4,4,1,0,,,1,2,290,22,58,,31/65 (48%),3/14 (21%),55%,7,33/64 (52%),19/31 (61%),6/11 (55%),64%,22,11,,18,,1,,,,,10
9646824,98,37482,NORMAL,REGULAR,Round 2,LEAGUE,55625,Ümraniyespor,Local,1ST,22/08/2021,2,1,56%,0.00,1,4,0,2,,229,7,4,2,,2,0,0,2,2,2,1,0,,,1,2,180,13,31,,17/37 (46%),2/10 (20%),50%,1,12/28 (43%),9/14 (64%),2/6 (33%),57%,7,5,,7,,0,,,,,4
9646824,98,37482,NORMAL,REGULAR,Round 2,LEAGUE,55625,Ümraniyespor,Local,2ND,22/08/2021,2,1,33%,0.00,0,4,1,1,,151,15,3,0,,2,0,1,1,2,2,0,0,,,0,0,110,9,27,,14/28 (50%),1/4 (25%),58%,6,21/36 (58%),10/17 (59%),4/5 (80%),67%,15,6,,11,,1,,,,,6
9646824,98,37482,NORMAL,REGULAR,Round 2,LEAGUE,3066,İstanbulspor,Visita,ALL,22/08/2021,2,0,56%,0.00,1,16,2,12,8,482,12,14,1,,1,0,8,7,9,7,0,1,,,2,2,404,26,55,,22/48 (46%),8/24 (33%),45%,14,31/64 (48%),12/31 (39%),5/13 (38%),50%,12,11,,11,,2,,,,,9
9646824,98,37482,NORMAL,REGULAR,Round 2,LEAGUE,3066,İstanbulspor,Visita,1ST,22/08/2021,2,0,44%,0.00,0,3,1,2,,182,5,8,1,,0,0,2,1,1,2,0,0,,,0,1,141,11,22,,12/25 (48%),2/6 (33%),50%,6,16/28 (57%),5/14 (36%),3/4 (75%),60%,5,6,,8,,1,,,,,4
9646824,98,37482,NORMAL,REGULAR,Round 2,LEAGUE,3066,İstanbulspor,Visita,2ND,22/08/2021,2,0,67%,0.00,1,13,1,10,,300,7,6,0,,1,0,6,6,8,5,0,1,,,2,1,263,15,33,,10/23 (43%),6/18 (33%),42%,8,15/36 (42%),7/17 (41%),2/9 (22%),43%,7,5,,3,,1,,,,,5
9647045,98,37482,NORMAL,REGULAR,Round 3,LEAGUE,3066,İstanbulspor,Local,ALL,29/08/2021,3,3,60%,0.00,3,14,1,8,7,463,21,6,1,0,5,0,6,3,9,5,2,1,1,,1,2,390,24,48,,36/68 (53%),4/17 (24%),54%,13,31/64 (48%),13/18 (72%),4/7 (57%),76%,21,23,,12,,1,,,,,10
9647045,98,37482,NORMAL,REGULAR,Round 3,LEAGUE,3066,İstanbulspor,Local,1ST,29/08/2021,3,1,57%,0.00,1,9,1,7,,216,11,3,1,0,3,0,4,2,4,5,1,0,0,,1,0,178,17,19,,19/32 (59%),3/13 (23%),58%,9,17/33 (52%),8/10 (80%),3/5 (60%),64%,11,10,,3,,1,,,,,5
9647045,98,37482,NORMAL,REGULAR,Round 3,LEAGUE,3066,İstanbulspor,Local,2ND,29/08/2021,3,2,63%,0.00,2,5,0,1,,247,10,3,0,0,2,0,2,1,5,0,1,1,1,,0,2,212,7,29,,17/36 (47%),1/4 (25%),49%,4,14/31 (45%),5/8 (63%),1/2 (50%),90%,10,13,,9,,0,,,,,5
9647045,98,37482,NORMAL,REGULAR,Round 3,LEAGUE,24749,Altınordu,Visita,ALL,29/08/2021,3,0,40%,0.00,0,7,2,5,6,303,16,7,1,1,1,0,6,0,4,3,0,0,0,,2,3,234,26,37,,25/41 (61%),5/15 (33%),46%,12,33/64 (52%),5/18 (28%),10/19 (53%),81%,16,8,,21,,2,,,,,6
9647045,98,37482,NORMAL,REGULAR,Round 3,LEAGUE,24749,Altınordu,Visita,1ST,29/08/2021,3,0,43%,0.00,0,4,2,3,,164,11,1,0,0,1,0,3,0,3,1,0,0,0,,0,2,127,7,22,,12/22 (55%),2/6 (33%),42%,7,16/33 (48%),2/10 (20%),4/8 (50%),91%,11,4,,17,,2,,,,,4
9647045,98,37482,NORMAL,REGULAR,Round 3,LEAGUE,24749,Altınordu,Visita,2ND,29/08/2021,3,0,37%,0.00,0,3,0,2,,139,5,6,1,1,0,0,3,0,1,2,0,0,0,,2,1,107,19,15,,13/19 (68%),3/9 (33%),51%,5,17/31 (55%),3/8 (38%),6/11 (55%),60%,5,4,,4,,0,,,,,2
9647044,98,37482,NORMAL,REGULAR,Round 5,LEAGUE,3066,İstanbulspor,Local,ALL,16/09/2021,5,0,63%,0.00,0,17,5,4,16,520,11,14,2,,4,0,8,5,9,8,0,,,,7,2,443,21,67,,33/58 (57%),6/26 (23%),47%,4,37/78 (47%),19/42 (45%),12/25 (48%),91%,11,13,,11,,5,,,,,8
9647044,98,37482,NORMAL,REGULAR,Round 5,LEAGUE,3066,İstanbulspor,Local,1ST,16/09/2021,5,0,64%,0.00,0,7,3,2,,258,8,4,0,,2,0,4,1,3,4,0,,,,1,0,216,10,29,,18/33 (55%),2/10 (20%),47%,2,18/36 (50%),9/21 (43%),6/11 (55%),88%,8,7,,9,,3,,,,,5
9647044,98,37482,NORMAL,REGULAR,Round 5,LEAGUE,3066,İstanbulspor,Local,2ND,16/09/2021,5,0,62%,0.00,0,10,2,2,,262,3,10,2,,2,0,4,4,6,4,0,,,,6,2,227,11,38,,15/25 (60%),4/16 (25%),46%,2,19/42 (45%),10/21 (48%),6/14 (43%),100%,3,6,,2,,2,,,,,3
9647044,98,37482,NORMAL,REGULAR,Round 5,LEAGUE,3103,MKE Ankaragücü,Visita,ALL,16/09/2021,5,1,37%,0.00,1,15,4,5,15,303,17,15,3,,6,0,6,3,10,5,1,,,,2,1,218,20,37,,26/60 (43%),2/11 (18%),53%,6,41/78 (53%),23/42 (55%),9/14 (64%),82%,17,9,,19,,4,,,,,11
9647044,98,37482,NORMAL,REGULAR,Round 5,LEAGUE,3103,MKE Ankaragücü,Visita,1ST,16/09/2021,5,1,36%,0.00,1,9,2,3,,135,7,6,1,,4,0,4,1,6,3,1,,,,1,1,93,13,14,,11/28 (39%),2/10 (20%),53%,5,18/36 (50%),12/21 (57%),5/8 (63%),100%,7,4,,5,,2,,,,,5
9647044,98,37482,NORMAL,REGULAR,Round 5,LEAGUE,3103,MKE Ankaragücü,Visita,2ND,16/09/2021,5,0,38%,0.00,0,6,2,2,,168,10,9,2,,2,0,2,2,4,2,0,,,,1,0,125,7,23,,15/32 (47%),0/1 (0%),54%,1,23/42 (55%),11/21 (52%),4/6 (67%),70%,10,5,,14,,2,,,,,6
9647297,98,37482,NORMAL,REGULAR,Round 6,LEAGUE,6414,Boluspor,Local,ALL,20/09/2021,6,1,51%,0.00,6,16,2,7,15,365,12,11,3,0,7,1,7,2,14,2,1,5,0,,1,4,281,22,74,,38/66 (58%),5/23 (22%),46%,8,30/64 (47%),18/41 (44%),8/14 (57%),50%,12,5,,15,,2,,,,,4
9647297,98,37482,NORMAL,REGULAR,Round 6,LEAGUE,6414,Boluspor,Local,1ST,20/09/2021,6,0,46%,0.00,2,5,2,4,,174,8,5,1,0,3,0,0,2,4,1,0,2,0,,1,1,127,11,31,,20/33 (61%),0/9 (0%),45%,4,17/38 (45%),10/22 (45%),5/9 (56%),63%,8,3,,10,,2,,,,,2
9647297,98,37482,NORMAL,REGULAR,Round 6,LEAGUE,6414,Boluspor,Local,2ND,20/09/2021,6,1,56%,0.00,4,11,0,3,,191,4,6,2,0,4,1,7,0,10,1,1,3,0,,0,3,154,11,43,,18/33 (55%),5/14 (36%),47%,4,13/26 (50%),8/19 (42%),3/5 (60%),25%,4,2,,5,,0,,,,,2
9647297,98,37482,NORMAL,REGULAR,Round 6,LEAGUE,3066,İstanbulspor,Visita,ALL,20/09/2021,6,1,49%,0.00,2,8,6,6,11,365,14,14,4,1,3,0,4,1,7,1,1,1,1,,3,4,281,18,46,,29/59 (49%),7/17 (41%),54%,5,34/64 (53%),23/41 (56%),8/15 (53%),71%,14,7,,30,,6,,,,,10
9647297,98,37482,NORMAL,REGULAR,Round 6,LEAGUE,3066,İstanbulspor,Visita,1ST,20/09/2021,6,0,54%,0.00,1,5,3,4,,207,8,9,0,0,2,0,2,1,4,1,0,1,1,,2,2,163,9,23,,11/27 (41%),3/10 (30%),55%,4,21/38 (55%),12/22 (55%),5/9 (56%),88%,8,5,,12,,3,,,,,1
9647297,98,37482,NORMAL,REGULAR,Round 6,LEAGUE,3066,İstanbulspor,Visita,2ND,20/09/2021,6,1,44%,0.00,1,3,3,2,,158,6,5,4,1,1,0,2,0,3,0,1,0,0,,1,2,118,9,23,,18/32 (56%),4/7 (57%),53%,1,13/26 (50%),11/19 (58%),3/6 (50%),50%,6,2,,18,,3,,,,,9
9647050,98,37482,NORMAL,REGULAR,Round 7,LEAGUE,3066,İstanbulspor,Local,ALL,26/09/2021,7,1,66%,0.00,4,15,1,3,9,624,17,11,0,,6,0,6,3,12,3,1,3,,,5,1,517,25,94,,39/65 (60%),3/25 (12%),49%,16,41/79 (52%),21/47 (45%),13/17 (76%),41%,17,12,,17,,1,,,,,5
9647050,98,37482,NORMAL,REGULAR,Round 7,LEAGUE,3066,İstanbulspor,Local,1ST,26/09/2021,7,0,67%,0.00,1,6,1,1,,327,9,5,0,,3,0,2,1,4,2,0,1,,,2,1,268,15,55,,17/32 (53%),0/11 (0%),46%,7,17/33 (52%),9/24 (38%),3/5 (60%),33%,9,5,,5,,1,,,,,2
9647050,98,37482,NORMAL,REGULAR,Round 7,LEAGUE,3066,İstanbulspor,Local,2ND,26/09/2021,7,1,64%,0.00,3,9,0,2,,297,8,6,0,,3,0,4,2,8,1,1,2,,,3,0,249,10,39,,22/33 (67%),3/14 (21%),52%,9,24/46 (52%),12/23 (52%),10/12 (83%),50%,8,7,,12,,0,,,,,3
9647050,98,37482,NORMAL,REGULAR,Round 7,LEAGUE,37687,Balıkesirspor,Visita,ALL,26/09/2021,7,0,34%,0.00,0,5,5,0,11,331,20,9,2,,1,0,4,0,2,3,0,0,,,2,1,227,18,55,,36/83 (43%),1/7 (14%),51%,13,38/79 (48%),26/47 (55%),9/13 (69%),45%,20,17,,40,,5,,,,,14
9647050,98,37482,NORMAL,REGULAR,Round 7,LEAGUE,37687,Balıkesirspor,Visita,1ST,26/09/2021,7,0,33%,0.00,0,2,3,0,,164,9,4,1,,1,0,1,0,1,1,0,0,,,1,1,117,6,23,,22/40 (55%),0/3 (0%),54%,7,16/33 (48%),15/24 (63%),3/5 (60%),56%,9,13,,25,,3,,,,,9
9647050,98,37482,NORMAL,REGULAR,Round 7,LEAGUE,37687,Balıkesirspor,Visita,2ND,26/09/2021,7,0,36%,0.00,0,3,2,0,,167,11,5,1,,0,0,3,0,1,2,0,0,,,1,0,110,12,32,,14/43 (33%),1/4 (25%),48%,6,22/46 (48%),11/23 (48%),6/8 (75%),36%,11,4,,15,,2,,,,,5
9647051,98,37482,NORMAL,REGULAR,Round 8,LEAGUE,3065,Kocaelispor,Local,ALL,02/10/2021,8,2,40%,0.00,5,11,8,0,12,303,22,11,4,,5,0,6,0,8,3,2,3,,,3,1,200,18,65,,15/56 (27%),3/14 (21%),52%,13,44/89 (49%),22/38 (58%),12/17 (71%),82%,22,12,,31,,8,,,,,9
9647051,98,37482,NORMAL,REGULAR,Round 8,LEAGUE,3065,Kocaelispor,Local,1ST,02/10/2021,8,1,47%,0.00,2,6,4,0,,166,9,3,2,,4,0,2,0,3,3,1,1,,,2,0,109,8,31,,8/26 (31%),1/9 (11%),48%,5,18/43 (42%),12/20 (60%),7/9 (78%),89%,9,3,,16,,4,,,,,5
9647051,98,37482,NORMAL,REGULAR,Round 8,LEAGUE,3065,Kocaelispor,Local,2ND,02/10/2021,8,1,34%,0.00,3,5,4,0,,137,13,8,2,,1,0,4,0,5,0,1,2,,,1,1,91,10,34,,7/30 (23%),2/5 (40%),56%,8,26/46 (57%),10/18 (56%),5/8 (63%),77%,13,9,,15,,4,,,,,4
9647051,98,37482,NORMAL,REGULAR,Round 8,LEAGUE,3066,İstanbulspor,Visita,ALL,02/10/2021,8,1,60%,0.00,3,15,3,5,11,456,18,12,4,,8,1,5,2,9,6,0,3,,,1,6,352,28,55,,17/47 (36%),6/23 (26%),48%,13,45/89 (51%),16/38 (42%),15/24 (63%),44%,18,10,,16,,3,,,,,8
9647051,98,37482,NORMAL,REGULAR,Round 8,LEAGUE,3066,İstanbulspor,Visita,1ST,02/10/2021,8,1,53%,0.00,0,7,3,1,,192,7,8,1,,4,0,3,0,3,4,0,0,,,0,3,145,15,26,,8/24 (33%),3/11 (27%),52%,3,25/43 (58%),8/20 (40%),10/16 (63%),29%,7,2,,12,,3,,,,,3
9647051,98,37482,NORMAL,REGULAR,Round 8,LEAGUE,3066,İstanbulspor,Visita,2ND,02/10/2021,8,0,66%,0.00,3,8,0,4,,264,11,4,3,,4,1,2,2,6,2,0,3,,,1,3,207,13,29,,9/23 (39%),3/12 (25%),44%,10,20/46 (43%),8/18 (44%),5/8 (63%),55%,11,8,,4,,0,,,,,5
9647078,98,37482,NORMAL,REGULAR,Round 9,LEAGUE,3066,İstanbulspor,Local,ALL,18/10/2021,9,1,58%,0.00,1,19,2,6,12,552,21,9,1,,5,0,7,7,4,15,,1,1,,3,2,432,22,60,,36/82 (44%),3/15 (20%),53%,5,43/78 (55%),23/47 (49%),13/24 (54%),62%,21,17,,16,,2,,,,,2
9647078,98,37482,NORMAL,REGULAR,Round 9,LEAGUE,3066,İstanbulspor,Local,1ST,18/10/2021,9,1,62%,0.00,1,12,1,3,,321,10,4,0,,3,0,4,5,3,9,,1,1,,1,1,262,11,40,,20/40 (50%),3/9 (33%),51%,2,19/31 (61%),6/18 (33%),5/8 (63%),60%,10,3,,4,,1,,,,,0
9647078,98,37482,NORMAL,REGULAR,Round 9,LEAGUE,3066,İstanbulspor,Local,2ND,18/10/2021,9,0,53%,0.00,0,7,1,3,,231,11,5,1,,2,0,3,2,1,6,,0,0,,2,1,170,11,20,,16/42 (38%),0/6 (0%),54%,3,24/47 (51%),17/29 (59%),8/16 (50%),64%,11,14,,12,,1,,,,,2
9647078,98,37482,NORMAL,REGULAR,Round 9,LEAGUE,117198,Beykoz Anadolu Spor A.Ş.,Visita,ALL,18/10/2021,9,0,42%,0.00,0,6,4,2,10,392,16,11,2,,2,0,3,1,2,4,,0,0,,1,1,280,21,44,,27/64 (42%),1/15 (7%),47%,9,35/78 (45%),24/47 (51%),8/20 (40%),50%,16,20,,14,,4,,,,,7
9647078,98,37482,NORMAL,REGULAR,Round 9,LEAGUE,117198,Beykoz Anadolu Spor A.Ş.,Visita,1ST,18/10/2021,9,0,38%,0.00,0,3,2,0,,196,5,4,0,,1,0,1,1,2,1,,0,0,,1,0,155,8,19,,13/28 (46%),1/5 (20%),49%,6,12/31 (39%),12/18 (67%),3/7 (43%),40%,5,15,,9,,2,,,,,3
9647078,98,37482,NORMAL,REGULAR,Round 9,LEAGUE,117198,Beykoz Anadolu Spor A.Ş.,Visita,2ND,18/10/2021,9,0,47%,0.00,0,3,2,2,,196,11,7,2,,1,0,2,0,0,3,,0,0,,0,1,125,13,25,,14/36 (39%),0/10 (0%),46%,3,23/47 (49%),12/29 (41%),5/13 (38%),55%,11,5,,5,,2,,,,,4
9647300,98,37482,NORMAL,REGULAR,Round 10,LEAGUE,6366,Keçiörengücü,Local,ALL,23/10/2021,10,3,35%,0.00,3,15,1,7,16,304,21,10,5,,7,0,7,1,10,5,3,0,,,1,2,232,18,52,,31/66 (47%),5/17 (29%),48%,12,37/78 (47%),14/29 (48%),6/9 (67%),62%,21,18,,23,,1,,,,,8
9647300,98,37482,NORMAL,REGULAR,Round 10,LEAGUE,6366,Keçiörengücü,Local,1ST,23/10/2021,10,1,26%,0.00,1,6,1,2,,113,13,2,2,,3,0,2,1,5,1,1,0,,,0,0,78,12,20,,11/29 (38%),2/5 (40%),46%,4,16/36 (44%),5/10 (50%),1/4 (25%),77%,13,11,,14,,1,,,,,4
9647300,98,37482,NORMAL,REGULAR,Round 10,LEAGUE,6366,Keçiörengücü,Local,2ND,23/10/2021,10,2,45%,0.00,2,9,0,5,,191,8,8,3,,4,0,5,0,5,4,2,0,,,1,2,154,6,32,,20/37 (54%),3/12 (25%),49%,8,21/42 (50%),9/19 (47%),5/5 (100%),38%,8,7,,9,,0,,,,,4
9647300,98,37482,NORMAL,REGULAR,Round 10,LEAGUE,3066,İstanbulspor,Visita,ALL,23/10/2021,10,2,65%,0.00,3,7,4,6,10,562,15,15,2,,3,0,3,1,6,1,2,1,,,2,3,475,19,68,,46/69 (67%),4/18 (22%),52%,14,41/78 (53%),15/29 (52%),11/18 (61%),40%,15,12,,16,,4,,,,,14
9647300,98,37482,NORMAL,REGULAR,Round 10,LEAGUE,3066,İstanbulspor,Visita,1ST,23/10/2021,10,0,74%,0.00,1,2,2,3,,320,7,6,0,,1,0,0,1,2,0,0,1,,,2,2,285,13,37,,28/35 (80%),1/10 (10%),54%,8,20/36 (56%),5/10 (50%),7/12 (58%),57%,7,8,,6,,2,,,,,6
9647300,98,37482,NORMAL,REGULAR,Round 10,LEAGUE,3066,İstanbulspor,Visita,2ND,23/10/2021,10,2,55%,0.00,2,5,2,3,,242,8,9,2,,2,0,3,0,4,1,2,0,,,0,1,190,6,31,,18/34 (53%),3/8 (38%),51%,6,21/42 (50%),10/19 (53%),4/6 (67%),25%,8,4,,10,,2,,,,,8
9647250,98,37482,NORMAL,REGULAR,Round 11,LEAGUE,7802,Gençlerbirliği,Local,ALL,31/10/2021,11,0,46%,0.00,1,14,5,6,19,366,12,13,6,,1,0,8,5,8,6,0,1,1,,3,5,271,27,50,,29/61 (48%),4/20 (20%),48%,6,33/71 (46%),18/35 (51%),8/14 (57%),67%,12,11,,11,,5,,,,,11
9647250,98,37482,NORMAL,REGULAR,Round 11,LEAGUE,7802,Gençlerbirliği,Local,1ST,31/10/2021,11,0,44%,0.00,1,6,4,1,,174,5,7,2,,0,0,5,1,4,2,0,1,1,,2,3,127,11,31,,13/30 (43%),2/7 (29%),50%,2,16/35 (46%),9/15 (60%),4/9 (44%),60%,5,5,,11,,4,,,,,5
9647250,98,37482,NORMAL,REGULAR,Round 11,LEAGUE,7802,Gençlerbirliği,Local,2ND,31/10/2021,11,0,47%,0.00,0,8,1,5,,192,7,6,4,,1,0,3,4,4,4,0,0,0,,1,2,144,16,19,,16/31 (52%),2/13 (15%),46%,4,17/36 (47%),9/20 (45%),4/5 (80%),71%,7,6,,0,,1,,,,,6
9647250,98,37482,NORMAL,REGULAR,Round 11,LEAGUE,3066,İstanbulspor,Visita,ALL,31/10/2021,11,2,54%,0.00,3,16,1,7,14,446,12,18,2,,7,1,8,1,7,9,1,2,0,,5,0,359,23,49,,25/57 (44%),6/17 (35%),52%,7,38/71 (54%),17/35 (49%),8/13 (62%),75%,12,15,,21,,1,,,,,7
9647250,98,37482,NORMAL,REGULAR,Round 11,LEAGUE,3066,İstanbulspor,Visita,1ST,31/10/2021,11,1,56%,0.00,0,7,0,5,,218,7,7,1,,5,1,2,0,3,4,0,0,0,,2,0,172,8,21,,12/31 (39%),3/12 (25%),50%,1,19/35 (54%),6/15 (40%),5/9 (56%),71%,7,7,,6,,0,,,,,4
9647250,98,37482,NORMAL,REGULAR,Round 11,LEAGUE,3066,İstanbulspor,Visita,2ND,31/10/2021,11,1,53%,0.00,3,9,1,2,,228,5,11,1,,2,0,6,1,4,5,1,2,0,,3,0,187,15,28,,13/26 (50%),3/5 (60%),54%,6,19/36 (53%),11/20 (55%),3/4 (75%),80%,5,8,,15,,1,,,,,3
9647264,98,37482,NORMAL,REGULAR,Round 12,LEAGUE,3066,İstanbulspor,Local,ALL,05/11/2021,12,3,54%,0.00,4,18,1,3,15,351,13,21,2,,8,0,7,3,11,7,3,1,2,,5,1,248,25,66,,19/57 (33%),2/12 (17%),60%,7,45/78 (58%),30/46 (65%),12/19 (63%),77%,13,8,,16,,1,,,,,9
9647264,98,37482,NORMAL,REGULAR,Round 12,LEAGUE,3066,İstanbulspor,Local,1ST,05/11/2021,12,2,54%,0.00,2,9,1,2,,215,6,8,2,,5,0,3,1,6,3,2,0,1,,1,0,160,11,31,,13/30 (43%),1/3 (33%),55%,4,19/37 (51%),12/19 (63%),6/11 (55%),67%,6,7,,11,,1,,,,,6
9647264,98,37482,NORMAL,REGULAR,Round 12,LEAGUE,3066,İstanbulspor,Local,2ND,05/11/2021,12,1,53%,0.00,2,9,0,1,,136,7,13,0,,3,0,4,2,5,4,1,1,1,,4,1,88,14,35,,6/27 (22%),1/9 (11%),65%,3,26/41 (63%),18/27 (67%),6/8 (75%),86%,7,1,,5,,0,,,,,3
9647264,98,37482,NORMAL,REGULAR,Round 12,LEAGUE,44355,Menemen FK,Visita,ALL,05/11/2021,12,2,46%,0.00,3,8,5,3,21,293,14,14,5,,3,0,4,1,5,3,2,1,0,,4,2,192,23,52,,31/68 (46%),5/16 (31%),40%,8,33/78 (42%),16/46 (35%),5/10 (50%),71%,14,7,,15,,5,,,,,10
9647264,98,37482,NORMAL,REGULAR,Round 12,LEAGUE,44355,Menemen FK,Visita,1ST,05/11/2021,12,0,46%,0.00,1,4,3,3,,172,9,7,2,,1,0,3,0,3,1,0,1,0,,2,2,121,13,34,,17/32 (53%),4/11 (36%),45%,5,18/37 (49%),7/19 (37%),2/3 (67%),67%,9,4,,3,,3,,,,,4
9647264,98,37482,NORMAL,REGULAR,Round 12,LEAGUE,44355,Menemen FK,Visita,2ND,05/11/2021,12,2,47%,0.00,2,4,2,0,,121,5,7,3,,2,0,1,1,2,2,2,0,0,,2,0,71,10,18,,14/36 (39%),1/5 (20%),35%,3,15/41 (37%),9/27 (33%),3/7 (43%),80%,5,3,,12,,2,,,,,6
9647041,98,37482,NORMAL,REGULAR,Round 13,LEAGUE,3055,Bursaspor,Local,ALL,20/11/2021,13,2,55%,0.00,4,8,6,9,13,453,18,9,4,1,3,0,4,1,6,2,2,2,,,0,2,362,33,53,,29/63 (46%),3/30 (10%),43%,15,40/93 (43%),7/17 (41%),13/26 (50%),72%,18,16,,10,,6,,,,,4
9647041,98,37482,NORMAL,REGULAR,Round 13,LEAGUE,3055,Bursaspor,Local,1ST,20/11/2021,13,1,52%,0.00,2,3,3,5,,206,9,3,1,0,1,0,2,0,3,0,1,1,,,0,2,155,18,21,,10/30 (33%),2/17 (12%),48%,5,18/35 (51%),5/13 (38%),6/9 (67%),67%,9,10,,5,,3,,,,,1
9647041,98,37482,NORMAL,REGULAR,Round 13,LEAGUE,3055,Bursaspor,Local,2ND,20/11/2021,13,1,58%,0.00,2,5,3,4,,247,9,6,3,1,2,0,2,1,3,2,1,1,,,0,0,207,15,32,,19/33 (58%),1/13 (8%),39%,10,22/58 (38%),2/4 (50%),7/17 (41%),78%,9,6,,5,,3,,,,,3
9647041,98,37482,NORMAL,REGULAR,Round 13,LEAGUE,3066,İstanbulspor,Visita,ALL,20/11/2021,13,4,45%,0.00,4,14,1,3,9,396,28,13,0,0,10,0,4,0,9,5,3,1,,,1,2,301,18,53,,24/54 (44%),1/9 (11%),57%,11,53/93 (57%),10/17 (59%),12/19 (63%),64%,28,20,,30,,1,,,,,5
9647041,98,37482,NORMAL,REGULAR,Round 13,LEAGUE,3066,İstanbulspor,Visita,1ST,20/11/2021,13,3,48%,0.00,2,6,0,1,,206,8,4,0,0,6,0,0,0,5,1,2,0,,,0,0,153,11,27,,18/37 (49%),0/6 (0%),52%,5,17/35 (49%),8/13 (62%),5/9 (56%),88%,8,10,,16,,0,,,,,2
9647041,98,37482,NORMAL,REGULAR,Round 13,LEAGUE,3066,İstanbulspor,Visita,2ND,20/11/2021,13,1,42%,0.00,2,8,1,2,,190,20,9,0,0,4,0,4,0,4,4,1,1,,,1,2,148,7,26,,6/17 (35%),1/3 (33%),61%,6,36/58 (62%),2/4 (50%),7/10 (70%),55%,20,10,,14,,1,,,,,3
9647074,98,37482,NORMAL,REGULAR,Round 14,LEAGUE,3066,İstanbulspor,Local,ALL,27/11/2021,14,1,66%,0.00,1,17,3,5,18,591,13,4,4,,7,0,5,5,6,11,0,1,0,,2,2,528,30,74,,46/57 (81%),5/35 (14%),46%,12,32/76 (42%),17/31 (55%),15/25 (60%),69%,13,15,,21,,3,,,,,3
9647074,98,37482,NORMAL,REGULAR,Round 14,LEAGUE,3066,İstanbulspor,Local,1ST,27/11/2021,14,0,69%,0.00,1,8,0,3,,300,9,2,2,,2,0,4,2,4,4,0,1,0,,1,1,264,17,38,,23/29 (79%),4/19 (21%),51%,6,17/36 (47%),12/21 (57%),6/9 (67%),89%,9,9,,11,,0,,,,,2
9647074,98,37482,NORMAL,REGULAR,Round 14,LEAGUE,3066,İstanbulspor,Local,2ND,27/11/2021,14,1,63%,0.00,0,9,3,2,,291,4,2,2,,5,0,1,3,2,7,0,0,0,,1,1,264,13,36,,23/28 (82%),1/16 (6%),40%,6,15/40 (38%),5/10 (50%),9/16 (56%),25%,4,6,,10,,3,,,,,1
9647074,98,37482,NORMAL,REGULAR,Round 14,LEAGUE,3058,Denizlispor,Visita,ALL,27/11/2021,14,1,34%,0.00,3,11,6,4,4,307,22,17,3,,4,0,5,2,8,3,1,2,1,,1,3,227,13,40,,31/63 (49%),4/11 (36%),54%,7,44/76 (58%),14/31 (45%),5/11 (45%),64%,22,17,,30,,6,,,,,8
9647074,98,37482,NORMAL,REGULAR,Round 14,LEAGUE,3058,Denizlispor,Visita,1ST,27/11/2021,14,0,31%,0.00,0,2,2,1,,136,9,7,1,,0,0,2,0,0,2,0,0,0,,1,2,89,8,21,,14/31 (45%),1/4 (25%),49%,5,19/36 (53%),9/21 (43%),3/7 (43%),78%,9,9,,12,,2,,,,,6
9647074,98,37482,NORMAL,REGULAR,Round 14,LEAGUE,3058,Denizlispor,Visita,2ND,27/11/2021,14,1,37%,0.00,3,9,4,3,,171,13,10,2,,4,0,3,2,8,1,1,2,1,,0,1,138,5,19,,17/32 (53%),3/7 (43%),60%,2,25/40 (63%),5/10 (50%),2/4 (50%),54%,13,8,,18,,4,,,,,2
9647077,98,37482,NORMAL,REGULAR,Round 15,LEAGUE,55603,Erzurumspor FK,Local,ALL,04/12/2021,15,3,43%,0.00,,13,1,5,14,298,12,14,3,,8,0,5,0,7,6,,,,,3,0,196,30,68,,17/58 (29%),0/10 (0%),49%,9,32/73 (44%),17/26 (65%),6/17 (35%),92%,12,8,,23,,1,,,,,6
9647077,98,37482,NORMAL,REGULAR,Round 15,LEAGUE,55603,Erzurumspor FK,Local,1ST,04/12/2021,15,2,48%,0.00,,6,0,1,,166,4,7,2,,5,0,1,0,4,2,,,,,2,0,114,14,33,,8/28 (29%),0/2 (0%),56%,1,17/33 (52%),8/12 (67%),6/9 (67%),100%,4,2,,8,,0,,,,,3
9647077,98,37482,NORMAL,REGULAR,Round 15,LEAGUE,55603,Erzurumspor FK,Local,2ND,04/12/2021,15,1,39%,0.00,,7,1,4,,132,8,7,1,,3,0,4,0,3,4,,,,,1,0,82,16,35,,9/30 (30%),0/8 (0%),44%,8,15/40 (38%),9/14 (64%),0/8 (0%),88%,8,6,,15,,1,,,,,3
9647077,98,37482,NORMAL,REGULAR,Round 15,LEAGUE,3066,İstanbulspor,Visita,ALL,04/12/2021,15,1,57%,0.00,,6,5,6,14,379,20,13,1,,2,0,2,2,2,4,,,,,2,4,288,28,71,,29/74 (39%),1/22 (5%),51%,6,41/73 (56%),9/26 (35%),8/14 (57%),80%,20,4,,18,,5,,,,,9
9647077,98,37482,NORMAL,REGULAR,Round 15,LEAGUE,3066,İstanbulspor,Visita,1ST,04/12/2021,15,1,52%,0.00,,3,3,3,,177,4,6,1,,1,0,1,1,0,3,,,,,0,1,136,13,31,,11/31 (35%),1/8 (13%),44%,3,16/33 (48%),4/12 (33%),6/7 (86%),100%,4,2,,10,,3,,,,,3
9647077,98,37482,NORMAL,REGULAR,Round 15,LEAGUE,3066,İstanbulspor,Visita,2ND,04/12/2021,15,0,61%,0.00,,3,2,3,,202,16,7,0,,1,0,1,1,2,1,,,,,2,3,152,15,40,,18/43 (42%),0/14 (0%),56%,3,25/40 (63%),5/14 (36%),2/7 (29%),75%,16,2,,8,,2,,,,,6
9647060,98,37482,NORMAL,REGULAR,Round 16,LEAGUE,3066,İstanbulspor,Local,ALL,11/12/2021,16,2,52%,0.00,0,17,1,8,14,447,18,7,0,,3,0,6,8,13,4,0,0,0,,1,6,330,27,72,,36/85 (42%),9/21 (43%),51%,13,32/70 (46%),32/55 (58%),7/14 (50%),61%,18,14,,20,,1,,,,,9
9647060,98,37482,NORMAL,REGULAR,Round 16,LEAGUE,3066,İstanbulspor,Local,1ST,11/12/2021,16,0,56%,0.00,0,8,0,4,,245,6,4,0,,0,0,4,4,8,0,0,0,0,,0,2,190,13,37,,25/46 (54%),5/13 (38%),45%,7,12/28 (43%),13/27 (48%),2/3 (67%),50%,6,7,,11,,0,,,,,3
9647060,98,37482,NORMAL,REGULAR,Round 16,LEAGUE,3066,İstanbulspor,Local,2ND,11/12/2021,16,2,49%,0.00,0,9,1,4,,202,12,3,0,,3,0,2,4,5,4,0,0,0,,1,4,140,14,35,,11/39 (28%),4/8 (50%),56%,6,20/42 (48%),19/28 (68%),5/11 (45%),67%,12,7,,9,,1,,,,,6
9647060,98,37482,NORMAL,REGULAR,Round 16,LEAGUE,7040,Eyüpspor,Visita,ALL,11/12/2021,16,1,48%,0.00,3,7,1,3,7,403,20,12,2,,2,0,4,1,5,2,1,2,1,,1,0,271,27,56,,41/85 (48%),4/17 (24%),49%,6,38/70 (54%),23/55 (42%),6/18 (33%),80%,20,15,,7,,1,,,,,8
9647060,98,37482,NORMAL,REGULAR,Round 16,LEAGUE,7040,Eyüpspor,Visita,1ST,11/12/2021,16,0,44%,0.00,0,2,0,2,,194,8,5,1,,0,0,1,1,0,2,0,0,0,,1,0,131,14,28,,17/39 (44%),2/10 (20%),55%,2,16/28 (57%),14/27 (52%),3/7 (43%),100%,8,7,,4,,0,,,,,4
9647060,98,37482,NORMAL,REGULAR,Round 16,LEAGUE,7040,Eyüpspor,Visita,2ND,11/12/2021,16,1,51%,0.00,3,5,1,1,,209,12,7,1,,2,0,3,0,5,0,1,2,1,,0,0,140,13,28,,24/46 (52%),2/7 (29%),44%,4,22/42 (52%),9/28 (32%),3/11 (27%),67%,12,8,,3,,1,,,,,4
9647068,98,37482,NORMAL,REGULAR,Round 17,LEAGUE,3069,Adanaspor,Local,ALL,16/12/2021,17,1,40%,0.00,1,14,3,5,18,315,20,18,1,,2,0,10,2,6,8,1,0,,,5,2,211,16,56,,21/59 (36%),3/13 (23%),52%,5,47/88 (53%),15/31 (48%),9/18 (50%),30%,20,20,,13,,3,,,,,8
9647068,98,37482,NORMAL,REGULAR,Round 17,LEAGUE,3069,Adanaspor,Local,1ST,16/12/2021,17,0,44%,0.00,0,7,1,4,,178,11,8,0,,0,0,5,2,3,4,0,0,,,3,0,128,7,29,,13/29 (45%),2/9 (22%),58%,2,24/42 (57%),11/18 (61%),5/10 (50%),36%,11,9,,5,,1,,,,,2
9647068,98,37482,NORMAL,REGULAR,Round 17,LEAGUE,3069,Adanaspor,Local,2ND,16/12/2021,17,1,35%,0.00,1,7,2,1,,137,9,10,1,,2,0,5,0,3,4,1,0,,,2,2,83,9,27,,8/30 (27%),1/4 (25%),46%,3,23/46 (50%),4/13 (31%),4/8 (50%),22%,9,11,,8,,2,,,,,6
9647068,98,37482,NORMAL,REGULAR,Round 17,LEAGUE,3066,İstanbulspor,Visita,ALL,16/12/2021,17,0,60%,0.00,1,9,1,4,20,493,14,17,1,,4,0,2,3,5,4,0,1,,,3,2,390,19,79,,33/65 (51%),4/13 (31%),48%,9,41/88 (47%),16/31 (52%),10/21 (48%),86%,14,12,,16,,1,,,,,14
9647068,98,37482,NORMAL,REGULAR,Round 17,LEAGUE,3066,İstanbulspor,Visita,1ST,16/12/2021,17,0,56%,0.00,0,2,0,2,,238,7,6,0,,1,0,0,1,1,1,0,0,,,1,1,188,6,26,,17/30 (57%),1/6 (17%),42%,5,18/42 (43%),7/18 (39%),5/11 (45%),86%,7,3,,12,,0,,,,,9
9647068,98,37482,NORMAL,REGULAR,Round 17,LEAGUE,3066,İstanbulspor,Visita,2ND,16/12/2021,17,0,65%,0.00,1,7,1,2,,255,7,11,1,,3,0,2,2,4,3,0,1,,,2,1,202,13,53,,16/35 (46%),3/7 (43%),54%,4,23/46 (50%),9/13 (69%),5/10 (50%),86%,7,9,,4,,1,,,,,5
9647040,98,37482,NORMAL,REGULAR,Round 18,LEAGUE,3066,İstanbulspor,Local,ALL,20/12/2021,18,2,59%,0.00,1,15,2,3,13,514,28,10,1,0,4,0,9,2,8,7,,1,,,2,1,424,17,48,,34/61 (56%),8/27 (30%),56%,9,51/82 (62%),16/38 (42%),13/17 (76%),64%,28,9,,17,,2,,,,,8
9647040,98,37482,NORMAL,REGULAR,Round 18,LEAGUE,3066,İstanbulspor,Local,1ST,20/12/2021,18,0,57%,0.00,1,5,2,1,,265,12,4,0,0,1,0,3,1,1,4,,1,,,2,1,220,10,20,,19/30 (63%),2/9 (22%),61%,5,23/35 (66%),12/22 (55%),7/10 (70%),75%,12,4,,10,,2,,,,,3
9647040,98,37482,NORMAL,REGULAR,Round 18,LEAGUE,3066,İstanbulspor,Local,2ND,20/12/2021,18,2,62%,0.00,0,10,0,2,,249,16,6,1,0,3,0,6,1,7,3,,0,,,0,0,204,7,28,,15/31 (48%),6/18 (33%),51%,4,28/47 (60%),4/16 (25%),6/7 (86%),56%,16,5,,7,,0,,,,,5
9647040,98,37482,NORMAL,REGULAR,Round 18,LEAGUE,3053,Samsunspor,Visita,ALL,20/12/2021,18,1,41%,0.00,0,14,2,4,10,353,13,12,4,1,3,0,9,2,8,6,,0,,,2,3,262,27,51,,37/62 (60%),2/12 (17%),44%,18,31/82 (38%),22/38 (58%),6/16 (38%),77%,13,7,,23,,2,,,,,12
9647040,98,37482,NORMAL,REGULAR,Round 18,LEAGUE,3053,Samsunspor,Visita,1ST,20/12/2021,18,0,43%,0.00,0,8,1,4,,194,8,2,1,0,2,0,4,2,4,4,,0,,,1,3,149,15,31,,19/30 (63%),1/8 (13%),39%,9,12/35 (34%),10/22 (45%),2/5 (40%),88%,8,2,,7,,1,,,,,5
9647040,98,37482,NORMAL,REGULAR,Round 18,LEAGUE,3053,Samsunspor,Visita,2ND,20/12/2021,18,1,38%,0.00,0,6,1,0,,159,5,10,3,1,1,0,5,0,4,2,,0,,,1,0,113,12,20,,18/32 (56%),1/4 (25%),49%,9,19/47 (40%),12/16 (75%),4/11 (36%),60%,5,5,,16,,1,,,,,7
9647249,98,37482,NORMAL,REGULAR,Round 19,LEAGUE,44320,Bandırmaspor,Local,ALL,25/12/2021,19,0,58%,0.00,0,7,4,12,15,450,9,19,4,1,3,0,4,0,6,1,,0,,,3,4,350,35,81,,24/57 (42%),8/30 (27%),51%,11,37/74 (50%),7/13 (54%),9/15 (60%),67%,9,7,,11,,4,,,,,8
9647249,98,37482,NORMAL,REGULAR,Round 19,LEAGUE,44320,Bandırmaspor,Local,1ST,25/12/2021,19,0,53%,0.00,0,5,0,9,,233,6,8,1,0,2,0,3,0,4,1,,0,,,2,1,182,19,47,,11/31 (35%),4/17 (24%),55%,6,19/36 (53%),4/6 (67%),5/7 (71%),50%,6,4,,2,,0,,,,,3
9647249,98,37482,NORMAL,REGULAR,Round 19,LEAGUE,44320,Bandırmaspor,Local,2ND,25/12/2021,19,0,64%,0.00,0,2,4,3,,217,3,11,3,1,1,0,1,0,2,0,,0,,,1,3,168,16,34,,13/26 (50%),4/13 (31%),47%,5,18/38 (47%),3/7 (43%),4/8 (50%),100%,3,3,,9,,4,,,,,5
9647249,98,37482,NORMAL,REGULAR,Round 19,LEAGUE,3066,İstanbulspor,Visita,ALL,25/12/2021,19,0,42%,0.00,1,11,3,2,19,341,17,13,1,0,4,1,4,3,3,8,,1,,,4,5,245,25,48,,18/57 (32%),3/10 (30%),49%,5,37/74 (50%),6/13 (46%),7/11 (64%),71%,17,10,,29,,3,,,,,9
9647249,98,37482,NORMAL,REGULAR,Round 19,LEAGUE,3066,İstanbulspor,Visita,1ST,25/12/2021,19,0,47%,0.00,0,1,2,0,,215,8,6,0,0,0,1,1,0,0,1,,0,,,0,2,156,10,17,,9/34 (26%),1/4 (25%),45%,3,17/36 (47%),2/6 (33%),3/6 (50%),75%,8,7,,10,,2,,,,,7
9647249,98,37482,NORMAL,REGULAR,Round 19,LEAGUE,3066,İstanbulspor,Visita,2ND,25/12/2021,19,0,36%,0.00,1,10,1,2,,126,9,7,1,0,4,0,3,3,3,7,,1,,,4,3,89,15,31,,9/23 (39%),2/6 (33%),53%,2,20/38 (53%),4/7 (57%),4/5 (80%),67%,9,3,,19,,1,,,,,2
9647275,98,37482,NORMAL,REGULAR,Round 20,LEAGUE,202391,Manisa FK,Local,ALL,09/01/2022,20,1,54%,0.00,1,16,3,9,17,522,18,7,4,,3,0,6,7,8,8,0,1,0,,0,2,407,27,79,,39/84 (46%),6/31 (19%),43%,6,34/72 (47%),15/42 (36%),9/21 (43%),39%,18,12,,4,,3,,,,,5
9647275,98,37482,NORMAL,REGULAR,Round 20,LEAGUE,202391,Manisa FK,Local,1ST,09/01/2022,20,1,55%,0.00,0,6,1,6,,253,9,3,1,,1,0,3,2,1,5,0,0,0,,0,0,207,13,41,,20/36 (56%),0/14 (0%),39%,3,20/45 (44%),3/14 (21%),8/19 (42%),33%,9,5,,3,,1,,,,,0
9647275,98,37482,NORMAL,REGULAR,Round 20,LEAGUE,202391,Manisa FK,Local,2ND,09/01/2022,20,0,53%,0.00,1,10,2,3,,269,9,4,3,,2,0,3,5,7,3,0,1,0,,0,2,200,14,38,,19/48 (40%),6/17 (35%),47%,3,14/27 (52%),12/28 (43%),1/2 (50%),44%,9,7,,1,,2,,,,,5
9647275,98,37482,NORMAL,REGULAR,Round 20,LEAGUE,3066,İstanbulspor,Visita,ALL,09/01/2022,20,2,46%,0.00,2,9,2,0,7,474,18,16,1,,5,0,3,1,4,5,2,0,1,,2,4,350,23,57,,31/83 (37%),1/10 (10%),57%,6,38/72 (53%),27/42 (64%),4/16 (25%),39%,18,23,,27,,2,,,,,9
9647275,98,37482,NORMAL,REGULAR,Round 20,LEAGUE,3066,İstanbulspor,Visita,1ST,09/01/2022,20,1,45%,0.00,1,2,0,0,,217,14,10,0,,2,0,0,0,1,1,1,0,1,,1,1,162,12,15,,12/35 (34%),0/5 (0%),61%,3,25/45 (56%),11/14 (79%),1/7 (14%),36%,14,11,,12,,0,,,,,5
9647275,98,37482,NORMAL,REGULAR,Round 20,LEAGUE,3066,İstanbulspor,Visita,2ND,09/01/2022,20,1,47%,0.00,1,7,2,0,,257,4,6,1,,3,0,3,1,3,4,1,0,0,,1,3,188,11,42,,19/48 (40%),1/5 (20%),53%,3,13/27 (48%),16/28 (57%),3/9 (33%),50%,4,12,,15,,2,,,,,4
9647038,98,37482,NORMAL,REGULAR,Round 21,LEAGUE,3066,İstanbulspor,Local,ALL,15/01/2022,21,1,56%,0.00,1,12,4,4,11,510,16,18,3,,3,1,7,2,4,8,1,0,,,4,5,398,17,62,,29/64 (45%),0/10 (0%),51%,9,49/81 (60%),12/39 (31%),15/22 (68%),81%,16,12,,19,,4,,,,,9
9647038,98,37482,NORMAL,REGULAR,Round 21,LEAGUE,3066,İstanbulspor,Local,1ST,15/01/2022,21,0,54%,0.00,0,5,4,3,,233,10,8,0,,0,0,4,1,1,4,0,0,,,3,2,177,11,36,,17/31 (55%),0/6 (0%),52%,5,27/40 (68%),6/23 (26%),9/12 (75%),80%,10,7,,9,,4,,,,,7
9647038,98,37482,NORMAL,REGULAR,Round 21,LEAGUE,3066,İstanbulspor,Local,2ND,15/01/2022,21,1,57%,0.00,1,7,0,1,,277,6,10,3,,3,1,3,1,3,4,1,0,,,1,3,221,6,26,,12/33 (36%),0/4 (0%),49%,4,22/41 (54%),6/16 (38%),6/10 (60%),83%,6,5,,10,,0,,,,,2
9647038,98,37482,NORMAL,REGULAR,Round 21,LEAGUE,55625,Ümraniyespor,Visita,ALL,15/01/2022,21,0,44%,0.00,1,8,2,1,19,394,16,10,1,,4,1,1,3,5,3,0,1,,,1,2,283,21,54,,48/87 (55%),5/18 (28%),49%,13,32/81 (40%),27/39 (69%),6/9 (67%),81%,16,14,,16,,2,,,,,12
9647038,98,37482,NORMAL,REGULAR,Round 21,LEAGUE,55625,Ümraniyespor,Visita,1ST,15/01/2022,21,0,46%,0.00,1,7,0,1,,191,8,1,1,,4,1,1,2,4,3,0,1,,,0,0,143,11,26,,29/43 (67%),3/9 (33%),48%,9,13/40 (33%),17/23 (74%),4/5 (80%),88%,8,6,,9,,0,,,,,6
9647038,98,37482,NORMAL,REGULAR,Round 21,LEAGUE,55625,Ümraniyespor,Visita,2ND,15/01/2022,21,0,43%,0.00,0,1,2,0,,203,8,9,0,,0,0,0,1,1,0,0,0,,,1,2,140,10,28,,19/44 (43%),2/9 (22%),51%,4,19/41 (46%),10/16 (63%),2/4 (50%),75%,8,8,,7,,2,,,,,6
9647295,98,37482,NORMAL,REGULAR,Round 22,LEAGUE,24749,Altınordu,Local,ALL,22/01/2022,22,0,51%,0.00,1,10,7,8,8,486,19,7,2,,3,0,7,0,5,5,0,1,,,1,1,380,20,59,,20/46 (43%),3/20 (15%),47%,3,37/72 (51%),10/27 (37%),11/21 (52%),47%,19,17,,10,,7,,,,,10
9647295,98,37482,NORMAL,REGULAR,Round 22,LEAGUE,24749,Altınordu,Local,1ST,22/01/2022,22,0,46%,0.00,1,5,5,2,,232,6,3,2,,2,0,3,0,1,4,0,1,,,0,0,175,11,34,,7/24 (29%),2/9 (22%),43%,2,15/30 (50%),5/16 (31%),6/11 (55%),33%,6,13,,8,,5,,,,,5
9647295,98,37482,NORMAL,REGULAR,Round 22,LEAGUE,24749,Altınordu,Local,2ND,22/01/2022,22,0,56%,0.00,0,5,2,6,,254,13,4,0,,1,0,4,0,4,1,0,0,,,1,1,205,9,25,,13/22 (59%),1/11 (9%),51%,1,22/42 (52%),5/11 (45%),5/10 (50%),54%,13,4,,2,,2,,,,,5
9647295,98,37482,NORMAL,REGULAR,Round 22,LEAGUE,3066,İstanbulspor,Visita,ALL,22/01/2022,22,5,49%,0.00,4,22,3,7,7,482,13,8,0,,12,0,6,4,15,7,2,2,,,1,2,388,19,51,,27/58 (47%),5/15 (33%),53%,8,35/72 (49%),17/27 (63%),14/25 (56%),62%,13,24,,26,,3,,,,,11
9647295,98,37482,NORMAL,REGULAR,Round 22,LEAGUE,3066,İstanbulspor,Visita,1ST,22/01/2022,22,1,54%,0.00,2,12,2,5,,273,7,5,0,,6,0,3,3,8,4,1,1,,,1,2,220,12,30,,18/35 (51%),3/12 (25%),57%,1,15/30 (50%),11/16 (69%),3/8 (38%),57%,7,15,,13,,2,,,,,4
9647295,98,37482,NORMAL,REGULAR,Round 22,LEAGUE,3066,İstanbulspor,Visita,2ND,22/01/2022,22,4,44%,0.00,2,10,1,2,,209,6,3,0,,6,0,3,1,7,3,1,1,,,0,0,168,7,21,,9/23 (39%),2/3 (67%),49%,7,20/42 (48%),6/11 (55%),11/17 (65%),67%,6,9,,13,,1,,,,,7
9647151,98,37482,NORMAL,REGULAR,Round 24,LEAGUE,3103,MKE Ankaragücü,Local,ALL,12/02/2022,24,0,64%,0.00,1,24,3,10,7,470,23,10,2,0,3,0,11,10,15,9,,1,,,2,3,372,31,66,,45/72 (63%),14/43 (33%),60%,4,42/73 (58%),29/46 (63%),9/24 (38%),61%,23,8,,1,,3,,,,,2
9647151,98,37482,NORMAL,REGULAR,Round 24,LEAGUE,3103,MKE Ankaragücü,Local,1ST,12/02/2022,24,0,55%,0.00,0,6,1,4,,200,12,4,2,0,1,0,3,2,5,1,,0,,,0,2,153,15,26,,22/36 (61%),4/19 (21%),62%,1,20/35 (57%),14/20 (70%),4/10 (40%),58%,12,4,,0,,1,,,,,2
9647151,98,37482,NORMAL,REGULAR,Round 24,LEAGUE,3103,MKE Ankaragücü,Local,2ND,12/02/2022,24,0,73%,0.00,1,18,2,6,,270,11,6,0,0,2,0,8,8,10,8,,1,,,2,1,219,16,40,,23/36 (64%),10/24 (42%),58%,3,22/38 (58%),15/26 (58%),5/14 (36%),64%,11,4,,1,,2,,,,,0
9647151,98,37482,NORMAL,REGULAR,Round 24,LEAGUE,3066,İstanbulspor,Visita,ALL,12/02/2022,24,1,36%,0.00,0,5,3,1,15,287,19,6,4,2,4,0,1,0,1,4,,0,,,1,1,187,25,42,,24/75 (32%),0/2 (0%),40%,12,31/73 (42%),17/46 (37%),6/17 (35%),84%,19,6,,41,,3,,,,,21
9647151,98,37482,NORMAL,REGULAR,Round 24,LEAGUE,3066,İstanbulspor,Visita,1ST,12/02/2022,24,1,45%,0.00,0,3,1,0,,174,7,5,1,0,2,0,1,0,1,2,,0,,,1,1,128,14,23,,14/37 (38%),0/1 (0%),38%,5,15/35 (43%),6/20 (30%),3/10 (30%),71%,7,4,,15,,1,,,,,8
9647151,98,37482,NORMAL,REGULAR,Round 24,LEAGUE,3066,İstanbulspor,Visita,2ND,12/02/2022,24,0,27%,0.00,0,2,2,1,,113,12,1,3,2,2,0,0,0,0,2,,0,,,0,0,59,11,19,,10/38 (26%),0/1 (0%),42%,7,16/38 (42%),11/26 (42%),3/7 (43%),92%,12,2,,26,,2,,,,,13
9647129,98,37482,NORMAL,REGULAR,Round 25,LEAGUE,3066,İstanbulspor,Local,ALL,16/02/2022,25,1,55%,0.00,1,21,4,7,13,427,22,9,2,,3,2,11,7,14,7,1,0,,,2,5,344,21,65,,26/52 (50%),10/30 (33%),47%,11,46/87 (53%),16/46 (35%),15/23 (65%),64%,22,8,,11,,4,,,,,5
9647129,98,37482,NORMAL,REGULAR,Round 25,LEAGUE,3066,İstanbulspor,Local,1ST,16/02/2022,25,0,53%,0.00,0,5,2,4,,235,11,8,1,,1,1,3,1,5,0,0,0,,,1,4,199,11,24,,12/20 (60%),3/14 (21%),49%,7,26/47 (55%),6/18 (33%),7/13 (54%),55%,11,7,,6,,2,,,,,1
9647129,98,37482,NORMAL,REGULAR,Round 25,LEAGUE,3066,İstanbulspor,Local,2ND,16/02/2022,25,1,57%,0.00,1,16,2,3,,192,11,1,1,,2,1,8,6,9,7,1,0,,,1,1,145,10,41,,14/32 (44%),7/16 (44%),44%,4,20/40 (50%),10/28 (36%),8/10 (80%),73%,11,1,,5,,2,,,,,4
9647129,98,37482,NORMAL,REGULAR,Round 25,LEAGUE,6414,Boluspor,Visita,ALL,16/02/2022,25,2,45%,0.00,3,15,2,6,9,353,19,11,2,,6,0,4,5,7,8,2,1,,,4,3,254,19,45,,27/54 (50%),4/21 (19%),53%,10,41/87 (47%),30/46 (65%),12/24 (50%),58%,19,13,,27,,2,,,,,12
9647129,98,37482,NORMAL,REGULAR,Round 25,LEAGUE,6414,Boluspor,Visita,1ST,16/02/2022,25,0,47%,0.00,1,5,1,3,,213,13,3,2,,2,0,1,2,2,3,0,1,,,0,0,160,7,24,,14/31 (45%),2/8 (25%),51%,2,21/47 (45%),12/18 (67%),5/14 (36%),62%,13,5,,15,,1,,,,,4
9647129,98,37482,NORMAL,REGULAR,Round 25,LEAGUE,6414,Boluspor,Visita,2ND,16/02/2022,25,2,43%,0.00,2,10,1,3,,140,6,8,0,,4,0,3,3,5,5,2,0,,,4,3,94,12,21,,13/23 (57%),2/13 (15%),56%,8,20/40 (50%),18/28 (64%),7/10 (70%),50%,6,8,,12,,1,,,,,8
9647140,98,37482,NORMAL,REGULAR,Round 26,LEAGUE,37687,Balıkesirspor,Local,ALL,20/02/2022,26,1,33%,0.00,2,17,3,5,20,285,14,15,3,1,5,0,9,3,7,10,1,1,,,4,3,194,16,68,,25/50 (50%),4/18 (22%),49%,9,39/80 (49%),13/27 (48%),10/14 (71%),64%,14,11,,11,,3,,,,,2
9647140,98,37482,NORMAL,REGULAR,Round 26,LEAGUE,37687,Balıkesirspor,Local,1ST,20/02/2022,26,0,38%,0.00,1,9,2,2,,170,4,8,1,0,3,0,5,1,4,5,0,1,,,2,1,115,11,45,,17/33 (52%),2/8 (25%),48%,6,18/40 (45%),10/18 (56%),6/9 (67%),50%,4,6,,8,,2,,,,,1
9647140,98,37482,NORMAL,REGULAR,Round 26,LEAGUE,37687,Balıkesirspor,Local,2ND,20/02/2022,26,1,27%,0.00,1,8,1,3,,115,10,7,2,1,2,0,4,2,3,5,1,0,,,2,2,79,5,23,,8/17 (47%),2/10 (20%),49%,3,21/40 (53%),3/9 (33%),4/5 (80%),70%,10,5,,3,,1,,,,,1
9647140,98,37482,NORMAL,REGULAR,Round 26,LEAGUE,3066,İstanbulspor,Visita,ALL,20/02/2022,26,3,67%,0.00,2,9,4,2,15,623,13,20,1,0,6,0,1,2,5,4,2,0,,,3,7,529,19,55,,31/70 (44%),3/8 (38%),51%,8,41/80 (51%),14/27 (52%),8/14 (57%),85%,13,15,,26,,4,,,,,8
9647140,98,37482,NORMAL,REGULAR,Round 26,LEAGUE,3066,İstanbulspor,Visita,1ST,20/02/2022,26,0,62%,0.00,0,4,3,0,,292,9,9,1,0,2,0,1,1,2,2,0,0,,,1,3,238,8,34,,16/39 (41%),1/4 (25%),52%,1,22/40 (55%),8/18 (44%),4/7 (57%),78%,9,7,,17,,3,,,,,4
9647140,98,37482,NORMAL,REGULAR,Round 26,LEAGUE,3066,İstanbulspor,Visita,2ND,20/02/2022,26,3,73%,0.00,2,5,1,2,,331,4,11,0,0,4,0,0,1,3,2,2,0,,,2,4,291,11,21,,15/31 (48%),2/4 (50%),51%,7,19/40 (48%),6/9 (67%),4/7 (57%),100%,4,8,,9,,1,,,,,4
9647180,98,37482,NORMAL,REGULAR,Round 27,LEAGUE,3066,İstanbulspor,Local,ALL,27/02/2022,27,1,64%,0.00,2,9,5,6,9,529,15,15,2,,2,1,4,3,7,2,0,2,,,3,4,431,20,64,,23/55 (42%),3/23 (13%),55%,10,45/78 (58%),21/43 (49%),15/24 (63%),60%,15,5,,20,,5,,,,,7
9647180,98,37482,NORMAL,REGULAR,Round 27,LEAGUE,3066,İstanbulspor,Local,1ST,27/02/2022,27,0,61%,0.00,0,5,4,4,,258,10,6,1,,1,0,1,3,4,1,0,0,,,1,3,206,12,23,,15/33 (45%),1/8 (13%),56%,5,27/44 (61%),8/19 (42%),12/19 (63%),50%,10,3,,12,,4,,,,,4
9647180,98,37482,NORMAL,REGULAR,Round 27,LEAGUE,3066,İstanbulspor,Local,2ND,27/02/2022,27,1,67%,0.00,2,4,1,2,,271,5,9,1,,1,1,3,0,3,1,0,2,,,2,1,225,8,41,,8/22 (36%),2/15 (13%),53%,5,18/34 (53%),13/24 (54%),3/5 (60%),80%,5,2,,8,,1,,,,,3
9647180,98,37482,NORMAL,REGULAR,Round 27,LEAGUE,3065,Kocaelispor,Visita,ALL,27/02/2022,27,1,36%,0.00,1,9,1,5,17,301,19,8,2,,6,0,2,1,6,3,1,0,,,2,2,202,22,56,,28/67 (42%),2/14 (14%),45%,6,33/78 (42%),22/43 (51%),6/16 (38%),63%,19,13,,23,,1,,,,,8
9647180,98,37482,NORMAL,REGULAR,Round 27,LEAGUE,3065,Kocaelispor,Visita,1ST,27/02/2022,27,0,39%,0.00,0,6,1,2,,170,12,3,1,,4,0,1,1,3,3,0,0,,,1,2,113,15,32,,9/28 (32%),1/5 (20%),44%,3,17/44 (39%),11/19 (58%),2/9 (22%),58%,12,7,,7,,1,,,,,2
9647180,98,37482,NORMAL,REGULAR,Round 27,LEAGUE,3065,Kocaelispor,Visita,2ND,27/02/2022,27,1,33%,0.00,1,3,0,3,,131,7,5,1,,2,0,1,0,3,0,1,0,,,1,0,89,7,24,,19/39 (49%),1/9 (11%),47%,3,16/34 (47%),11/24 (46%),4/7 (57%),71%,7,6,,16,,0,,,,,6
9647193,98,37482,NORMAL,REGULAR,Round 28,LEAGUE,117198,Beykoz Anadolu Spor A.Ş.,Local,ALL,06/03/2022,28,0,54%,0.00,1,17,4,10,10,491,10,9,2,,4,0,8,5,9,8,0,1,,,1,1,412,15,59,,40/68 (59%),6/19 (32%),46%,5,24/53 (45%),14/30 (47%),5/9 (56%),80%,10,5,,15,,4,,,,,9
9647193,98,37482,NORMAL,REGULAR,Round 28,LEAGUE,117198,Beykoz Anadolu Spor A.Ş.,Local,1ST,06/03/2022,28,0,56%,0.00,1,9,1,4,,241,6,4,0,,3,0,5,1,3,6,0,1,,,1,0,196,10,32,,17/39 (44%),3/9 (33%),38%,2,12/26 (46%),4/16 (25%),2/3 (67%),83%,6,1,,5,,1,,,,,5
9647193,98,37482,NORMAL,REGULAR,Round 28,LEAGUE,117198,Beykoz Anadolu Spor A.Ş.,Local,2ND,06/03/2022,28,0,52%,0.00,0,8,3,6,,250,4,5,2,,1,0,3,4,6,2,0,0,,,0,1,216,5,27,,23/29 (79%),3/10 (30%),54%,3,12/27 (44%),10/14 (71%),3/6 (50%),75%,4,4,,10,,3,,,,,4
9647193,98,37482,NORMAL,REGULAR,Round 28,LEAGUE,3066,İstanbulspor,Visita,ALL,06/03/2022,28,2,46%,0.00,3,18,4,6,11,419,9,10,1,,6,1,7,5,11,7,1,2,,,2,3,345,20,49,,25/57 (44%),6/22 (27%),54%,5,29/53 (55%),16/30 (53%),10/15 (67%),67%,9,6,,25,,4,,,,,9
9647193,98,37482,NORMAL,REGULAR,Round 28,LEAGUE,3066,İstanbulspor,Visita,1ST,06/03/2022,28,2,44%,0.00,2,7,3,2,,186,3,4,0,,3,1,2,2,5,2,1,1,,,1,1,150,9,20,,12/30 (40%),4/11 (36%),62%,2,14/26 (54%),12/16 (75%),7/11 (64%),67%,3,5,,16,,3,,,,,6
9647193,98,37482,NORMAL,REGULAR,Round 28,LEAGUE,3066,İstanbulspor,Visita,2ND,06/03/2022,28,0,48%,0.00,1,11,1,4,,233,6,6,1,,3,0,5,3,6,5,0,1,,,1,2,195,11,29,,13/27 (48%),2/11 (18%),46%,3,15/27 (56%),4/14 (29%),3/4 (75%),67%,6,1,,9,,1,,,,,3
10187411,98,37482,NORMAL,REGULAR,Round 29,LEAGUE,3066,İstanbulspor,Local,ALL,18/03/2022,29,1,58%,0.00,3,13,2,4,7,450,25,10,0,,5,1,4,4,9,4,1,2,3,,1,5,351,28,51,,29/56 (52%),7/23 (30%),55%,9,49/88 (56%),21/39 (54%),14/23 (61%),60%,25,10,,25,,2,,,,,16
10187411,98,37482,NORMAL,REGULAR,Round 29,LEAGUE,3066,İstanbulspor,Local,1ST,18/03/2022,29,1,57%,0.00,1,4,1,0,,238,15,4,0,,2,0,1,1,1,3,1,0,2,,1,5,188,12,25,,15/27 (56%),1/6 (17%),58%,5,26/44 (59%),10/18 (56%),7/11 (64%),60%,15,6,,7,,1,,,,,7
10187411,98,37482,NORMAL,REGULAR,Round 29,LEAGUE,3066,İstanbulspor,Local,2ND,18/03/2022,29,0,59%,0.00,2,9,1,4,,212,10,6,0,,3,1,3,3,8,1,0,2,1,,0,0,163,16,26,,14/29 (48%),6/17 (35%),52%,4,23/44 (52%),11/21 (52%),7/12 (58%),60%,10,4,,18,,1,,,,,9
10187411,98,37482,NORMAL,REGULAR,Round 29,LEAGUE,6366,Keçiörengücü,Visita,ALL,18/03/2022,29,1,42%,0.00,3,22,4,11,10,321,18,7,1,,4,0,13,5,14,8,1,2,2,,3,3,234,21,58,,37/67 (55%),4/26 (15%),45%,14,39/88 (44%),18/39 (46%),15/26 (58%),67%,18,11,,21,,4,,,,,7
10187411,98,37482,NORMAL,REGULAR,Round 29,LEAGUE,6366,Keçiörengücü,Visita,1ST,18/03/2022,29,1,43%,0.00,1,10,1,2,,179,9,4,0,,2,0,6,2,6,4,1,0,0,,1,1,133,13,31,,18/32 (56%),2/8 (25%),42%,8,18/44 (41%),8/18 (44%),5/12 (42%),67%,9,6,,5,,1,,,,,2
10187411,98,37482,NORMAL,REGULAR,Round 29,LEAGUE,6366,Keçiörengücü,Visita,2ND,18/03/2022,29,0,41%,0.00,2,12,3,9,,142,9,3,1,,2,0,7,3,8,4,0,2,2,,2,2,101,8,27,,19/35 (54%),2/18 (11%),48%,6,21/44 (48%),10/21 (48%),10/14 (71%),67%,9,5,,16,,3,,,,,5
10197739,98,37482,NORMAL,REGULAR,Round 30,LEAGUE,3066,İstanbulspor,Local,ALL,02/04/2022,30,0,67%,0.00,0,11,5,7,15,583,19,16,3,,3,1,3,5,5,6,,0,,,3,3,510,18,52,,29/51 (57%),3/26 (12%),52%,5,43/77 (56%),8/22 (36%),8/16 (50%),79%,19,11,,17,,5,,,,,11
10197739,98,37482,NORMAL,REGULAR,Round 30,LEAGUE,3066,İstanbulspor,Local,1ST,02/04/2022,30,0,67%,0.00,0,5,2,4,,300,7,5,0,,2,0,0,3,2,3,,0,,,0,3,269,5,20,,19/26 (73%),1/16 (6%),51%,1,17/32 (53%),4/9 (44%),5/9 (56%),86%,7,6,,6,,2,,,,,10
10197739,98,37482,NORMAL,REGULAR,Round 30,LEAGUE,3066,İstanbulspor,Local,2ND,02/04/2022,30,0,68%,0.00,0,6,3,3,,283,12,11,3,,1,1,3,2,3,3,,0,,,3,0,241,13,32,,10/25 (40%),2/10 (20%),52%,4,26/45 (58%),4/13 (31%),3/7 (43%),75%,12,5,,11,,3,,,,,1
10197739,98,37482,NORMAL,REGULAR,Round 30,LEAGUE,7802,Gençlerbirliği,Visita,ALL,02/04/2022,30,0,33%,0.00,1,11,3,3,17,279,13,15,3,,5,0,3,3,9,2,,1,,,2,1,217,18,64,,26/46 (57%),4/19 (21%),48%,7,34/77 (44%),14/22 (64%),6/18 (33%),38%,13,12,,27,,3,,,,,8
10197739,98,37482,NORMAL,REGULAR,Round 30,LEAGUE,7802,Gençlerbirliği,Visita,1ST,02/04/2022,30,0,33%,0.00,0,5,2,0,,152,5,8,0,,2,0,1,2,3,2,,0,,,1,0,117,9,31,,9/22 (41%),1/7 (14%),49%,4,15/32 (47%),5/9 (56%),2/5 (40%),0%,5,4,,16,,2,,,,,2
10197739,98,37482,NORMAL,REGULAR,Round 30,LEAGUE,7802,Gençlerbirliği,Visita,2ND,02/04/2022,30,0,32%,0.00,1,6,1,3,,127,8,7,3,,3,0,2,1,6,0,,1,,,1,1,100,9,33,,17/24 (71%),3/12 (25%),48%,3,19/45 (42%),9/13 (69%),4/13 (31%),63%,8,8,,11,,1,,,,,6
9647218,98,37482,NORMAL,REGULAR,Round 31,LEAGUE,44355,Menemen FK,Local,ALL,10/04/2022,31,1,44%,0.00,1,14,4,7,11,335,17,20,2,,5,0,6,3,8,6,0,1,0,,3,0,252,36,58,,26/57 (46%),8/25 (32%),51%,11,53/98 (54%),13/31 (42%),16/34 (47%),59%,17,10,,11,,4,,,,,12
9647218,98,37482,NORMAL,REGULAR,Round 31,LEAGUE,44355,Menemen FK,Local,1ST,10/04/2022,31,0,43%,0.00,0,6,4,4,,163,7,11,1,,2,0,3,1,2,4,0,0,0,,1,0,125,16,26,,11/24 (46%),1/8 (13%),55%,5,21/38 (55%),10/18 (56%),3/13 (23%),14%,7,4,,8,,4,,,,,2
9647218,98,37482,NORMAL,REGULAR,Round 31,LEAGUE,44355,Menemen FK,Local,2ND,10/04/2022,31,1,45%,0.00,1,8,0,3,,172,10,9,1,,3,0,3,2,6,2,0,1,0,,2,0,127,20,32,,15/33 (45%),7/17 (41%),48%,6,32/60 (53%),3/13 (23%),13/21 (62%),90%,10,6,,3,,0,,,,,10
9647218,98,37482,NORMAL,REGULAR,Round 31,LEAGUE,3066,İstanbulspor,Visita,ALL,10/04/2022,31,3,56%,0.00,4,20,4,3,23,446,29,8,1,,9,1,9,2,14,6,1,3,1,,2,2,373,16,50,,26/52 (50%),6/17 (35%),49%,11,45/98 (46%),18/31 (58%),8/14 (57%),72%,29,11,,26,,4,,,,,15
9647218,98,37482,NORMAL,REGULAR,Round 31,LEAGUE,3066,İstanbulspor,Visita,1ST,10/04/2022,31,1,57%,0.00,4,11,2,2,,222,15,1,1,,7,0,2,2,8,3,1,3,1,,0,0,188,8,20,,11/26 (42%),3/10 (30%),45%,5,17/38 (45%),8/18 (44%),1/3 (33%),73%,15,7,,9,,2,,,,,10
9647218,98,37482,NORMAL,REGULAR,Round 31,LEAGUE,3066,İstanbulspor,Visita,2ND,10/04/2022,31,2,55%,0.00,0,9,2,1,,224,14,7,0,,2,1,7,0,6,3,0,0,0,,2,2,185,8,30,,15/26 (58%),3/7 (43%),52%,6,28/60 (47%),10/13 (77%),7/11 (64%),71%,14,4,,17,,2,,,,,5
9647186,98,37482,NORMAL,REGULAR,Round 32,LEAGUE,3066,İstanbulspor,Local,ALL,15/04/2022,32,3,55%,0.00,4,14,5,3,11,480,17,7,2,0,7,0,5,2,6,8,2,2,1,,3,7,380,26,66,,34/64 (53%),4/16 (25%),45%,12,36/84 (43%),14/27 (52%),12/20 (60%),65%,17,10,,23,,5,,,,,7
9647186,98,37482,NORMAL,REGULAR,Round 32,LEAGUE,3066,İstanbulspor,Local,1ST,15/04/2022,32,1,58%,0.00,2,8,3,1,,268,11,6,1,0,3,0,3,2,3,5,0,2,1,,3,1,220,11,39,,16/30 (53%),3/11 (27%),50%,8,22/47 (47%),7/11 (64%),5/9 (56%),73%,11,4,,8,,3,,,,,1
9647186,98,37482,NORMAL,REGULAR,Round 32,LEAGUE,3066,İstanbulspor,Local,2ND,15/04/2022,32,2,51%,0.00,2,6,2,2,,212,6,1,1,0,4,0,2,0,3,3,2,0,0,,0,6,160,15,27,,18/34 (53%),1/5 (20%),40%,4,14/37 (38%),7/16 (44%),7/11 (64%),50%,6,6,,15,,2,,,,,6
9647186,98,37482,NORMAL,REGULAR,Round 32,LEAGUE,3055,Bursaspor,Visita,ALL,15/04/2022,32,1,45%,0.00,4,16,4,5,8,379,20,11,4,1,6,0,5,5,14,2,1,3,1,,1,0,287,25,46,,28/56 (50%),5/27 (19%),55%,11,48/84 (57%),13/27 (48%),17/23 (74%),50%,20,9,,23,,4,,,,,6
9647186,98,37482,NORMAL,REGULAR,Round 32,LEAGUE,3055,Bursaspor,Visita,1ST,15/04/2022,32,1,42%,0.00,2,10,2,2,,187,12,6,1,0,4,0,2,4,9,1,1,1,1,,0,0,141,12,23,,14/31 (45%),3/11 (27%),50%,7,25/47 (53%),4/11 (36%),7/11 (64%),50%,12,5,,13,,2,,,,,4
9647186,98,37482,NORMAL,REGULAR,Round 32,LEAGUE,3055,Bursaspor,Visita,2ND,15/04/2022,32,0,49%,0.00,2,6,2,3,,192,8,5,3,1,2,0,3,1,5,1,0,2,0,,1,0,146,13,23,,14/25 (56%),2/16 (13%),60%,4,23/37 (62%),9/16 (56%),10/12 (83%),50%,8,4,,10,,2,,,,,2
9647198,98,37482,NORMAL,REGULAR,Round 33,LEAGUE,3058,Denizlispor,Local,ALL,19/04/2022,33,4,36%,0.00,4,19,2,9,8,311,18,7,3,,6,2,8,5,12,7,3,1,1,,0,2,231,22,55,,28/58 (48%),5/22 (23%),54%,3,30/55 (55%),21/39 (54%),6/13 (46%),61%,18,15,,21,,2,,,,,8
9647198,98,37482,NORMAL,REGULAR,Round 33,LEAGUE,3058,Denizlispor,Local,1ST,19/04/2022,33,2,35%,0.00,2,10,0,2,,157,10,1,2,,2,2,4,4,5,5,2,0,1,,0,1,113,13,31,,16/30 (53%),0/7 (0%),55%,1,14/25 (56%),10/19 (53%),3/7 (43%),60%,10,9,,11,,0,,,,,7
9647198,98,37482,NORMAL,REGULAR,Round 33,LEAGUE,3058,Denizlispor,Local,2ND,19/04/2022,33,2,37%,0.00,2,9,2,7,,154,8,6,1,,4,0,4,1,7,2,1,1,0,,0,1,118,9,24,,12/28 (43%),5/15 (33%),54%,2,16/30 (53%),11/20 (55%),3/6 (50%),63%,8,6,,10,,2,,,,,1
9647198,98,37482,NORMAL,REGULAR,Round 33,LEAGUE,3066,İstanbulspor,Visita,ALL,19/04/2022,33,3,64%,0.00,4,10,2,3,7,582,10,8,0,,7,0,0,3,7,3,3,1,1,,2,2,491,34,63,,25/49 (51%),3/18 (17%),46%,10,25/55 (45%),18/39 (46%),7/15 (47%),40%,10,14,,15,,2,,,,,9
9647198,98,37482,NORMAL,REGULAR,Round 33,LEAGUE,3066,İstanbulspor,Visita,1ST,19/04/2022,33,3,65%,0.00,3,4,0,2,,300,5,3,0,,4,0,0,0,4,0,3,0,1,,1,2,251,19,34,,11/29 (38%),1/10 (10%),45%,5,11/25 (44%),9/19 (47%),3/8 (38%),60%,5,8,,7,,0,,,,,1
9647198,98,37482,NORMAL,REGULAR,Round 33,LEAGUE,3066,İstanbulspor,Visita,2ND,19/04/2022,33,0,63%,0.00,1,6,2,1,,282,5,5,0,,3,0,0,3,3,3,0,1,0,,1,0,240,15,29,,14/20 (70%),2/8 (25%),46%,5,14/30 (47%),9/20 (45%),4/7 (57%),20%,5,6,,8,,2,,,,,8
9647106,98,37482,NORMAL,REGULAR,Round 34,LEAGUE,3066,İstanbulspor,Local,ALL,24/04/2022,34,1,64%,0.00,2,12,4,2,18,581,19,13,3,,2,0,10,0,7,5,1,1,,,1,4,496,14,71,,22/43 (51%),7/22 (32%),55%,4,37/72 (51%),16/25 (64%),5/7 (71%),63%,19,4,,11,,4,,,,,3
9647106,98,37482,NORMAL,REGULAR,Round 34,LEAGUE,3066,İstanbulspor,Local,1ST,24/04/2022,34,0,56%,0.00,0,4,3,2,,275,11,6,1,,1,0,3,0,2,2,0,0,,,0,2,232,4,31,,10/23 (43%),2/4 (50%),49%,2,18/41 (44%),7/10 (70%),1/3 (33%),55%,11,1,,7,,3,,,,,1
9647106,98,37482,NORMAL,REGULAR,Round 34,LEAGUE,3066,İstanbulspor,Local,2ND,24/04/2022,34,1,74%,0.00,2,8,1,0,,306,8,7,2,,1,0,7,0,5,3,1,1,,,1,2,264,10,40,,12/20 (60%),5/18 (28%),61%,2,19/31 (61%),9/15 (60%),4/4 (100%),75%,8,3,,4,,1,,,,,2
9647106,98,37482,NORMAL,REGULAR,Round 34,LEAGUE,55603,Erzurumspor FK,Visita,ALL,24/04/2022,34,2,36%,0.00,2,8,1,3,15,320,6,17,1,,6,1,2,0,5,3,2,0,,,2,2,243,19,39,,28/69 (41%),2/10 (20%),45%,11,35/72 (49%),9/25 (36%),12/20 (60%),83%,6,8,,24,,1,,,,,12
9647106,98,37482,NORMAL,REGULAR,Round 34,LEAGUE,55603,Erzurumspor FK,Visita,1ST,24/04/2022,34,1,44%,0.00,1,5,1,2,,211,4,10,0,,4,1,1,0,3,2,1,0,,,2,1,175,9,22,,14/31 (45%),1/7 (14%),51%,6,23/41 (56%),3/10 (30%),9/14 (64%),100%,4,6,,8,,1,,,,,5
9647106,98,37482,NORMAL,REGULAR,Round 34,LEAGUE,55603,Erzurumspor FK,Visita,2ND,24/04/2022,34,1,26%,0.00,1,3,0,1,,109,2,7,1,,2,0,1,0,2,1,1,0,,,0,1,68,10,17,,14/38 (37%),1/3 (33%),39%,5,12/31 (39%),6/15 (40%),3/6 (50%),50%,2,2,,16,,0,,,,,7
9647121,98,37482,NORMAL,REGULAR,Round 35,LEAGUE,7040,Eyüpspor,Local,ALL,01/05/2022,35,1,50%,0.00,1,22,1,9,9,380,19,9,1,0,6,1,12,4,13,9,0,1,,,2,3,288,29,63,,31/59 (53%),9/23 (39%),54%,8,39/70 (56%),11/22 (50%),11/21 (52%),63%,19,6,,14,,1,,,,,7
9647121,98,37482,NORMAL,REGULAR,Round 35,LEAGUE,7040,Eyüpspor,Local,1ST,01/05/2022,35,0,47%,0.00,1,11,1,4,,205,9,3,0,0,4,0,5,2,7,4,0,1,,,1,2,161,15,37,,16/27 (59%),6/10 (60%),53%,1,17/32 (53%),4/8 (50%),5/10 (50%),33%,9,5,,8,,1,,,,,3
9647121,98,37482,NORMAL,REGULAR,Round 35,LEAGUE,7040,Eyüpspor,Local,2ND,01/05/2022,35,1,53%,0.00,0,11,0,5,,175,10,6,1,0,2,1,7,2,6,5,0,0,,,1,1,127,14,26,,15/32 (47%),3/13 (23%),56%,7,22/38 (58%),7/14 (50%),6/11 (55%),90%,10,1,,6,,0,,,,,4
9647121,98,37482,NORMAL,REGULAR,Round 35,LEAGUE,3066,İstanbulspor,Visita,ALL,01/05/2022,35,2,50%,0.00,1,10,5,3,10,397,18,8,4,1,3,1,7,0,8,2,1,0,,,1,6,293,27,42,,18/54 (33%),2/11 (18%),46%,13,31/70 (44%),11/22 (50%),5/11 (45%),67%,18,14,,26,,5,,,,,13
9647121,98,37482,NORMAL,REGULAR,Round 35,LEAGUE,3066,İstanbulspor,Visita,1ST,01/05/2022,35,0,53%,0.00,0,4,4,3,,236,6,6,1,0,1,0,3,0,3,1,0,0,,,0,3,182,12,18,,9/22 (41%),1/5 (20%),47%,4,15/32 (47%),4/8 (50%),3/8 (38%),67%,6,10,,10,,4,,,,,7
9647121,98,37482,NORMAL,REGULAR,Round 35,LEAGUE,3066,İstanbulspor,Visita,2ND,01/05/2022,35,2,47%,0.00,1,6,1,0,,161,12,2,3,1,2,1,4,0,5,1,1,0,,,1,3,111,15,24,,9/32 (28%),1/6 (17%),44%,9,16/38 (42%),7/14 (50%),2/3 (67%),67%,12,4,,16,,1,,,,,6
9647113,98,37482,NORMAL,REGULAR,Round 36,LEAGUE,3066,İstanbulspor,Local,ALL,08/05/2022,36,1,55%,0.00,3,9,5,2,21,525,18,9,1,,4,1,4,1,8,1,1,2,,,1,5,422,21,56,,30/63 (48%),3/7 (43%),47%,7,37/87 (43%),17/29 (59%),10/15 (67%),72%,18,4,,14,,5,,,,,6
9647113,98,37482,NORMAL,REGULAR,Round 36,LEAGUE,3066,İstanbulspor,Local,1ST,08/05/2022,36,1,54%,0.00,1,1,4,0,,250,6,4,1,,1,0,0,0,1,0,1,0,,,0,4,199,14,23,,9/28 (32%),1/2 (50%),38%,5,14/43 (33%),8/15 (53%),4/5 (80%),67%,6,2,,6,,4,,,,,4
9647113,98,37482,NORMAL,REGULAR,Round 36,LEAGUE,3066,İstanbulspor,Local,2ND,08/05/2022,36,0,57%,0.00,2,8,1,2,,275,12,5,0,,3,1,4,1,7,1,0,2,,,1,1,223,7,33,,21/35 (60%),2/5 (40%),55%,2,23/44 (52%),9/14 (64%),6/10 (60%),75%,12,2,,8,,1,,,,,2
9647113,98,37482,NORMAL,REGULAR,Round 36,LEAGUE,3069,Adanaspor,Visita,ALL,08/05/2022,36,1,45%,0.00,0,8,3,4,10,410,12,20,1,,6,0,1,1,5,3,0,0,,,5,2,323,17,55,,26/56 (46%),3/15 (20%),53%,13,50/87 (57%),12/29 (41%),18/23 (78%),50%,12,18,,7,,3,,,,,4
9647113,98,37482,NORMAL,REGULAR,Round 36,LEAGUE,3069,Adanaspor,Visita,1ST,08/05/2022,36,0,46%,0.00,0,4,0,0,,211,6,13,0,,4,0,0,0,3,1,0,0,,,4,0,172,12,23,,12/27 (44%),3/8 (38%),62%,4,29/43 (67%),7/15 (47%),10/12 (83%),33%,6,7,,1,,0,,,,,0
9647113,98,37482,NORMAL,REGULAR,Round 36,LEAGUE,3069,Adanaspor,Visita,2ND,08/05/2022,36,1,43%,0.00,0,4,3,4,,199,6,7,1,,2,0,1,1,2,2,0,0,,,1,2,151,5,32,,14/29 (48%),0/7 (0%),45%,9,21/44 (48%),5/14 (36%),8/11 (73%),67%,6,11,,6,,3,,,,,4
9647223,98,37482,NORMAL,REGULAR,Round 37,LEAGUE,3053,Samsunspor,Local,ALL,14/05/2022,37,0,36%,0.00,1,12,1,7,12,322,15,10,5,,3,1,5,4,5,7,,1,1,,1,1,248,26,39,,24/53 (45%),2/14 (14%),41%,16,38/91 (42%),7/18 (39%),13/22 (59%),73%,15,13,,18,,1,,,,,12
9647223,98,37482,NORMAL,REGULAR,Round 37,LEAGUE,3053,Samsunspor,Local,1ST,14/05/2022,37,0,37%,0.00,0,6,0,3,,169,8,6,3,,2,0,2,2,3,3,,0,0,,0,0,132,12,22,,14/26 (54%),0/5 (0%),44%,8,24/51 (47%),1/6 (17%),10/15 (67%),63%,8,10,,8,,0,,,,,4
9647223,98,37482,NORMAL,REGULAR,Round 37,LEAGUE,3053,Samsunspor,Local,2ND,14/05/2022,37,0,36%,0.00,1,6,1,4,,153,7,4,2,,1,1,3,2,2,4,,1,1,,1,1,116,14,17,,10/27 (37%),2/9 (22%),38%,8,14/40 (35%),6/12 (50%),3/7 (43%),86%,7,3,,10,,1,,,,,8
9647223,98,37482,NORMAL,REGULAR,Round 37,LEAGUE,3066,İstanbulspor,Visita,ALL,14/05/2022,37,0,64%,0.00,0,13,3,7,10,572,25,12,1,,1,0,9,3,8,5,,0,0,,2,1,487,17,49,,32/59 (54%),6/19 (32%),59%,12,53/91 (58%),11/18 (61%),16/19 (84%),68%,25,15,,9,,3,,,,,8
9647223,98,37482,NORMAL,REGULAR,Round 37,LEAGUE,3066,İstanbulspor,Visita,1ST,14/05/2022,37,0,63%,0.00,0,7,2,4,,290,13,6,1,,0,0,4,3,4,3,,0,0,,2,1,249,6,29,,11/21 (52%),5/11 (45%),56%,7,27/51 (53%),5/6 (83%),8/9 (89%),77%,13,5,,5,,2,,,,,6
9647223,98,37482,NORMAL,REGULAR,Round 37,LEAGUE,3066,İstanbulspor,Visita,2ND,14/05/2022,37,0,64%,0.00,0,6,1,3,,282,12,6,0,,1,0,5,0,4,2,,0,0,,0,0,238,11,20,,21/38 (55%),1/8 (13%),62%,5,26/40 (65%),6/12 (50%),8/10 (80%),58%,12,10,,4,,1,,,,,2
9647237,98,37482,NORMAL,REGULAR,Round 38,LEAGUE,3066,İstanbulspor,Local,ALL,20/05/2022,38,0,47%,0.00,5,17,4,2,23,470,28,7,1,,8,0,8,1,12,5,,5,0,,2,2,391,21,43,,35/58 (60%),4/17 (24%),50%,3,40/87 (46%),18/28 (64%),5/11 (45%),50%,28,7,,25,,4,,,,,5
9647237,98,37482,NORMAL,REGULAR,Round 38,LEAGUE,3066,İstanbulspor,Local,1ST,20/05/2022,38,0,45%,0.00,3,10,1,0,,234,16,4,0,,4,0,5,1,8,2,,3,0,,2,0,188,11,18,,14/24 (58%),1/5 (20%),54%,0,24/48 (50%),10/15 (67%),4/7 (57%),56%,16,4,,12,,1,,,,,1
9647237,98,37482,NORMAL,REGULAR,Round 38,LEAGUE,3066,İstanbulspor,Local,2ND,20/05/2022,38,0,49%,0.00,2,7,3,2,,236,12,3,1,,4,0,3,0,4,3,,2,0,,0,2,203,10,25,,21/34 (62%),3/12 (25%),46%,3,16/39 (41%),8/13 (62%),1/4 (25%),42%,12,3,,13,,3,,,,,4
9647237,98,37482,NORMAL,REGULAR,Round 38,LEAGUE,44320,Bandırmaspor,Visita,ALL,20/05/2022,38,0,53%,0.00,0,8,8,9,8,528,9,22,2,,4,1,3,1,4,4,,0,1,,3,1,441,17,39,,25/57 (44%),2/21 (10%),50%,10,47/87 (54%),10/28 (36%),16/34 (47%),78%,9,9,,11,,8,,,,,5
9647237,98,37482,NORMAL,REGULAR,Round 38,LEAGUE,44320,Bandırmaspor,Visita,1ST,20/05/2022,38,0,55%,0.00,0,1,4,4,,282,3,11,2,,1,0,0,0,0,1,,0,0,,2,0,238,12,21,,15/31 (48%),1/9 (11%),46%,7,24/48 (50%),5/15 (33%),10/19 (53%),67%,3,6,,4,,4,,,,,2
9647237,98,37482,NORMAL,REGULAR,Round 38,LEAGUE,44320,Bandırmaspor,Visita,2ND,20/05/2022,38,0,51%,0.00,0,7,4,5,,246,6,11,0,,3,1,3,1,4,3,,0,1,,1,1,203,5,18,,10/26 (38%),1/12 (8%),54%,3,23/39 (59%),5/13 (38%),6/15 (40%),83%,6,3,,7,,4,,,,,3
10328207,98,37482,NORMAL,PLAYOFF,Semifinals,LEAGUE,55603,Erzurumspor FK,Local,ALL,25/05/2022,2,2,62%,0.00,6,23,7,14,11,321,16,20,4,,7,1,8,8,16,7,2,4,1,,5,2,257,29,71,,37/64 (58%),11/46 (24%),63%,7,43/68 (63%),21/33 (64%),7/15 (47%),81%,16,5,,12,,7,,,,,4
10328207,98,37482,NORMAL,PLAYOFF,Semifinals,LEAGUE,55603,Erzurumspor FK,Local,1ST,25/05/2022,2,0,61%,0.00,1,6,4,6,,138,11,9,2,,0,0,3,3,3,3,0,1,0,,2,2,100,16,39,,19/34 (56%),4/17 (24%),67%,4,22/33 (67%),11/16 (69%),2/3 (67%),73%,11,0,,5,,4,,,,,1
10328207,98,37482,NORMAL,PLAYOFF,Semifinals,LEAGUE,55603,Erzurumspor FK,Local,2ND,25/05/2022,2,2,63%,0.00,5,17,3,8,,183,5,11,2,,7,1,5,5,13,4,2,3,1,,3,0,157,13,32,,18/30 (60%),7/29 (24%),60%,3,21/35 (60%),10/17 (59%),5/12 (42%),100%,5,5,,7,,3,,,,,3
10328207,98,37482,NORMAL,PLAYOFF,Semifinals,LEAGUE,3066,İstanbulspor,Visita,ALL,25/05/2022,2,4,38%,0.00,4,14,5,5,21,214,15,7,4,,11,1,3,0,8,6,1,3,1,,1,3,150,12,41,,19/56 (34%),3/10 (30%),37%,7,25/68 (37%),12/33 (36%),3/12 (25%),73%,15,5,,42,,5,,,,,9
10328207,98,37482,NORMAL,PLAYOFF,Semifinals,LEAGUE,3066,İstanbulspor,Visita,1ST,25/05/2022,2,1,39%,0.00,1,6,0,3,,95,5,4,2,,5,0,1,0,4,2,0,1,0,,0,2,66,7,18,,10/27 (37%),2/5 (40%),33%,4,11/33 (33%),5/16 (31%),2/9 (22%),80%,5,2,,14,,0,,,,,4
10328207,98,37482,NORMAL,PLAYOFF,Semifinals,LEAGUE,3066,İstanbulspor,Visita,2ND,25/05/2022,2,3,37%,0.00,3,8,5,2,,119,10,3,2,,6,1,2,0,4,4,1,2,1,,1,1,84,5,23,,9/29 (31%),1/5 (20%),40%,3,14/35 (40%),7/17 (41%),1/3 (33%),70%,10,3,,28,,5,,,,,5
10328897,98,37482,NORMAL,PLAYOFF,Semifinals,LEAGUE,3066,İstanbulspor,Local,ALL,29/05/2022,2,0,46%,0.00,4,9,5,2,19,312,11,14,2,1,2,0,6,1,6,3,0,4,1,,1,1,249,15,45,,27/56 (48%),2/10 (20%),46%,9,34/72 (47%),18/40 (45%),10/12 (83%),64%,11,3,,34,,5,,,,,7
10328897,98,37482,NORMAL,PLAYOFF,Semifinals,LEAGUE,3066,İstanbulspor,Local,1ST,29/05/2022,2,0,51%,0.00,0,2,1,1,,185,7,8,2,0,0,0,1,1,1,1,0,0,0,,1,1,156,8,22,,19/31 (61%),1/5 (20%),51%,2,17/33 (52%),8/16 (50%),3/4 (75%),71%,7,1,,10,,1,,,,,1
10328897,98,37482,NORMAL,PLAYOFF,Semifinals,LEAGUE,3066,İstanbulspor,Local,2ND,29/05/2022,2,0,41%,0.00,4,7,4,1,,127,4,6,0,1,2,0,5,0,5,2,0,4,1,,0,0,93,7,23,,8/25 (32%),1/5 (20%),43%,7,17/39 (44%),10/24 (42%),7/8 (88%),50%,4,2,,24,,4,,,,,6
10328897,98,37482,NORMAL,PLAYOFF,Semifinals,LEAGUE,55603,Erzurumspor FK,Visita,ALL,29/05/2022,2,1,54%,0.00,1,16,2,7,14,345,11,18,4,0,7,0,4,5,10,6,1,0,0,,8,4,286,26,58,,25/43 (58%),6/30 (20%),54%,3,38/72 (53%),22/40 (55%),9/17 (53%),73%,11,11,,8,,2,,,,,10
10328897,98,37482,NORMAL,PLAYOFF,Semifinals,LEAGUE,55603,Erzurumspor FK,Visita,1ST,29/05/2022,2,0,49%,0.00,0,4,0,3,,170,3,10,1,0,1,0,1,2,1,3,0,0,0,,3,2,145,9,25,,8/17 (47%),1/11 (9%),49%,1,16/33 (48%),8/16 (50%),3/9 (33%),67%,3,4,,3,,0,,,,,3
10328897,98,37482,NORMAL,PLAYOFF,Semifinals,LEAGUE,55603,Erzurumspor FK,Visita,2ND,29/05/2022,2,1,59%,0.00,1,12,2,4,,175,8,8,3,0,6,0,3,3,9,3,1,0,0,,5,2,141,17,33,,17/26 (65%),5/19 (26%),57%,2,22/39 (56%),14/24 (58%),6/8 (75%),75%,8,7,,5,,2,,,,,7
10345695,98,37482,NORMAL,FINAL,Final,LEAGUE,44320,Bandırmaspor,Local,ALL,02/06/2022,1,1,55%,0.00,2,8,5,6,10,435,19,11,5,,3,0,4,1,6,2,1,1,,,3,2,335,33,70,,27/63 (43%),2/29 (7%),53%,9,35/63 (56%),9/20 (45%),5/9 (56%),53%,19,4,,11,,5,,,,,6
10345695,98,37482,NORMAL,FINAL,Final,LEAGUE,44320,Bandırmaspor,Local,1ST,02/06/2022,1,1,53%,0.00,2,6,2,2,,196,11,5,2,,3,0,2,1,5,1,1,1,,,2,0,151,13,33,,9/26 (35%),1/14 (7%),62%,2,18/29 (62%),5/8 (63%),2/5 (40%),36%,11,2,,8,,2,,,,,3
10345695,98,37482,NORMAL,FINAL,Final,LEAGUE,44320,Bandırmaspor,Local,2ND,02/06/2022,1,0,57%,0.00,0,2,3,4,,239,8,6,3,,0,0,2,0,1,1,0,0,,,1,2,184,20,37,,18/37 (49%),1/15 (7%),46%,7,17/34 (50%),4/12 (33%),3/4 (75%),75%,8,2,,3,,3,,,,,3
10345695,98,37482,NORMAL,FINAL,Final,LEAGUE,3066,İstanbulspor,Visita,ALL,02/06/2022,1,2,45%,0.00,2,14,2,2,11,368,13,9,3,,7,0,5,2,7,7,2,0,,,3,1,271,24,62,,17/56 (30%),2/8 (25%),47%,12,28/63 (44%),11/20 (55%),6/13 (46%),85%,13,9,,29,,2,,,,,9
10345695,98,37482,NORMAL,FINAL,Final,LEAGUE,3066,İstanbulspor,Visita,1ST,02/06/2022,1,2,47%,0.00,2,7,2,2,,181,5,4,1,,4,0,2,1,5,2,2,0,,,3,1,133,13,22,,8/27 (30%),2/6 (33%),38%,9,11/29 (38%),3/8 (38%),2/4 (50%),100%,5,3,,15,,2,,,,,4
10345695,98,37482,NORMAL,FINAL,Final,LEAGUE,3066,İstanbulspor,Visita,2ND,02/06/2022,1,0,43%,0.00,0,7,0,0,,187,8,5,2,,3,0,3,1,2,5,0,0,,,0,0,138,11,40,,9/29 (31%),0/2 (0%),54%,3,17/34 (50%),8/12 (67%),4/9 (44%),75%,8,6,,14,,0,,,,,5
10434043,52,42632,NORMAL,REGULAR,Round 1,LEAGUE,3066,İstanbulspor,Local,ALL,05/08/2022,1,0,52%,0.00,0,3,3,1,13,462,21,10,2,,2,0,0,1,2,1,0,0,0,,0,1,376,14,46,,25/58 (43%),2/12 (17%),54%,7,38/68 (56%),13/27 (48%),7/10 (70%),57%,21,16,,16,,3,,,,,9
10434043,52,42632,NORMAL,REGULAR,Round 1,LEAGUE,3066,İstanbulspor,Local,1ST,05/08/2022,1,0,43%,0.00,0,1,3,1,,186,8,6,1,,0,0,0,1,0,1,0,0,0,,0,0,143,4,21,,7/27 (26%),0/3 (0%),52%,5,16/29 (55%),7/15 (47%),2/2 (100%),25%,8,11,,12,,3,,,,,6
10434043,52,42632,NORMAL,REGULAR,Round 1,LEAGUE,3066,İstanbulspor,Local,2ND,05/08/2022,1,0,60%,0.00,0,2,0,0,,276,13,4,1,,2,0,0,0,2,0,0,0,0,,0,1,233,10,25,,18/31 (58%),2/9 (22%),55%,2,22/39 (56%),6/12 (50%),5/8 (63%),77%,13,5,,4,,0,,,,,3
10434043,52,42632,NORMAL,REGULAR,Round 1,LEAGUE,3051,Trabzonspor,Visita,ALL,05/08/2022,1,2,48%,0.00,2,13,2,10,11,427,10,13,2,,5,0,4,4,8,5,1,1,1,,1,4,341,28,66,,32/61 (52%),3/14 (21%),46%,13,30/68 (44%),14/27 (52%),8/16 (50%),50%,10,8,,7,,2,,,,,3
10434043,52,42632,NORMAL,REGULAR,Round 1,LEAGUE,3051,Trabzonspor,Visita,1ST,05/08/2022,1,1,57%,0.00,1,10,0,8,,244,5,6,0,,4,0,3,3,6,4,0,1,1,,1,1,198,15,31,,16/29 (55%),2/10 (20%),48%,5,13/29 (45%),8/15 (53%),2/5 (40%),60%,5,3,,3,,0,,,,,2
10434043,52,42632,NORMAL,REGULAR,Round 1,LEAGUE,3051,Trabzonspor,Visita,2ND,05/08/2022,1,1,40%,0.00,1,3,2,2,,183,5,7,2,,1,0,1,1,2,1,1,0,0,,0,3,143,13,35,,16/32 (50%),1/4 (25%),45%,8,17/39 (44%),6/12 (50%),6/11 (55%),40%,5,5,,4,,2,,,,,1
10434048,52,42632,NORMAL,REGULAR,Round 2,LEAGUE,3072,Kayserispor,Local,ALL,13/08/2022,2,1,51%,0.00,0,8,0,4,8,429,11,10,3,,4,1,1,3,4,4,,0,,,2,4,343,25,58,,31/66 (47%),0/11 (0%),47%,9,27/61 (44%),11/20 (55%),6/17 (35%),55%,11,11,,19,,0,,,,,19
10434048,52,42632,NORMAL,REGULAR,Round 2,LEAGUE,3072,Kayserispor,Local,1ST,13/08/2022,2,1,54%,0.00,0,2,0,3,,231,6,6,1,,1,0,0,1,1,1,,0,,,1,2,185,9,26,,18/37 (49%),0/6 (0%),45%,3,14/31 (45%),3/7 (43%),2/10 (20%),67%,6,4,,7,,0,,,,,7
10434048,52,42632,NORMAL,REGULAR,Round 2,LEAGUE,3072,Kayserispor,Local,2ND,13/08/2022,2,0,48%,0.00,0,6,0,1,,198,5,4,2,,3,1,1,2,3,3,,0,,,1,2,158,16,32,,13/29 (45%),0/5 (0%),49%,6,13/30 (43%),8/13 (62%),4/7 (57%),40%,5,7,,12,,0,,,,,12
10434048,52,42632,NORMAL,REGULAR,Round 2,LEAGUE,3066,İstanbulspor,Visita,ALL,13/08/2022,2,0,49%,0.00,4,13,4,5,10,397,20,8,2,,1,0,11,1,9,4,,4,,,2,1,321,25,48,,22/51 (43%),4/25 (16%),53%,7,34/61 (56%),9/20 (45%),6/10 (60%),75%,20,13,,15,,4,,,,,5
10434048,52,42632,NORMAL,REGULAR,Round 2,LEAGUE,3066,İstanbulspor,Visita,1ST,13/08/2022,2,0,46%,0.00,0,5,1,3,,194,11,4,0,,0,0,4,1,3,2,,0,,,1,1,152,10,23,,13/26 (50%),2/9 (22%),55%,5,17/31 (55%),4/7 (57%),2/3 (67%),64%,11,8,,9,,1,,,,,4
10434048,52,42632,NORMAL,REGULAR,Round 2,LEAGUE,3066,İstanbulspor,Visita,2ND,13/08/2022,2,0,52%,0.00,4,8,3,2,,203,9,4,2,,1,0,7,0,6,2,,4,,,1,0,169,15,25,,9/25 (36%),2/16 (13%),51%,2,17/30 (57%),5/13 (38%),4/7 (57%),89%,9,5,,6,,3,,,,,1
10434047,52,42632,NORMAL,REGULAR,Round 3,LEAGUE,3066,İstanbulspor,Local,ALL,22/08/2022,3,0,49%,0.00,1,11,6,7,16,405,23,7,1,,4,0,3,4,7,4,0,1,1,,3,3,329,21,61,,31/65 (48%),4/23 (17%),52%,6,41/78 (53%),14/27 (52%),11/16 (69%),61%,23,15,,22,,6,,,,,6
10434047,52,42632,NORMAL,REGULAR,Round 3,LEAGUE,3066,İstanbulspor,Local,1ST,22/08/2022,3,0,50%,0.00,1,4,3,3,,222,12,4,0,,2,0,1,1,3,1,0,1,0,,1,1,179,13,35,,18/36 (50%),1/11 (9%),58%,2,21/36 (58%),9/16 (56%),5/7 (71%),58%,12,7,,11,,3,,,,,2
10434047,52,42632,NORMAL,REGULAR,Round 3,LEAGUE,3066,İstanbulspor,Local,2ND,22/08/2022,3,0,48%,0.00,0,7,3,4,,183,11,3,1,,2,0,2,3,4,3,0,0,1,,2,2,150,8,26,,13/29 (45%),3/12 (25%),47%,4,20/42 (48%),5/11 (45%),6/9 (67%),64%,11,8,,11,,3,,,,,4
10434047,52,42632,NORMAL,REGULAR,Round 3,LEAGUE,3085,Konyaspor,Visita,ALL,22/08/2022,3,4,51%,0.00,5,14,5,3,7,427,11,14,3,,9,1,4,1,11,3,2,3,2,,3,4,361,14,46,,33/52 (63%),2/17 (12%),48%,11,37/78 (47%),13/27 (48%),12/24 (50%),45%,11,12,,23,,5,,,,,6
10434047,52,42632,NORMAL,REGULAR,Round 3,LEAGUE,3085,Konyaspor,Visita,1ST,22/08/2022,3,2,50%,0.00,3,8,3,2,,220,4,3,2,,5,1,2,1,5,3,1,2,1,,1,2,183,7,22,,12/21 (57%),1/10 (10%),42%,3,15/36 (42%),7/16 (44%),8/17 (47%),25%,4,8,,13,,3,,,,,3
10434047,52,42632,NORMAL,REGULAR,Round 3,LEAGUE,3085,Konyaspor,Visita,2ND,22/08/2022,3,2,52%,0.00,2,6,2,1,,207,7,11,1,,4,0,2,0,6,0,1,1,1,,2,2,178,7,24,,21/31 (68%),1/7 (14%),53%,8,22/42 (52%),6/11 (55%),4/7 (57%),57%,7,4,,10,,2,,,,,3
10434146,52,42632,NORMAL,REGULAR,Round 4,LEAGUE,6362,Alanyaspor,Local,ALL,27/08/2022,4,0,66%,0.00,1,14,4,9,12,593,18,14,3,0,3,0,6,5,5,9,,1,,,3,2,502,34,93,,48/76 (63%),6/33 (18%),56%,15,42/74 (57%),16/30 (53%),10/14 (71%),61%,18,2,,8,,4,,,,,4
10434146,52,42632,NORMAL,REGULAR,Round 4,LEAGUE,6362,Alanyaspor,Local,1ST,27/08/2022,4,0,57%,0.00,0,3,2,3,,273,8,4,0,0,0,0,2,1,0,3,,0,,,0,1,227,14,39,,24/40 (60%),2/10 (20%),55%,5,16/29 (55%),11/20 (55%),4/7 (57%),63%,8,2,,8,,2,,,,,2
10434146,52,42632,NORMAL,REGULAR,Round 4,LEAGUE,6362,Alanyaspor,Local,2ND,27/08/2022,4,0,76%,0.00,1,11,2,6,,320,10,10,3,0,3,0,4,4,5,6,,1,,,3,1,275,20,54,,24/36 (67%),4/23 (17%),56%,10,26/45 (58%),5/10 (50%),6/7 (86%),60%,10,0,,0,,2,,,,,2
10434146,52,42632,NORMAL,REGULAR,Round 4,LEAGUE,3066,İstanbulspor,Visita,ALL,27/08/2022,4,1,34%,0.00,2,10,3,1,15,322,19,11,4,1,5,0,2,3,4,6,,2,,,2,6,235,13,52,,33/85 (39%),1/7 (14%),44%,8,32/74 (43%),14/30 (47%),3/13 (23%),58%,19,15,,29,,3,,,,,11
10434146,52,42632,NORMAL,REGULAR,Round 4,LEAGUE,3066,İstanbulspor,Visita,1ST,27/08/2022,4,0,43%,0.00,1,6,0,1,,212,8,6,0,0,2,0,1,3,2,4,,1,,,0,4,163,10,24,,23/51 (45%),0/5 (0%),45%,4,13/29 (45%),9/20 (45%),0/4 (0%),50%,8,12,,7,,0,,,,,4
10434146,52,42632,NORMAL,REGULAR,Round 4,LEAGUE,3066,İstanbulspor,Visita,2ND,27/08/2022,4,1,24%,0.00,1,4,3,0,,110,11,5,4,1,3,0,1,0,2,2,,1,,,2,2,72,3,28,,10/34 (29%),1/2 (50%),44%,4,19/45 (42%),5/10 (50%),3/9 (33%),64%,11,3,,22,,3,,,,,7
10433842,52,42632,NORMAL,REGULAR,Round 6,LEAGUE,3076,Sivasspor,Local,ALL,11/09/2022,6,1,55%,0.00,1,13,3,9,10,448,10,10,2,,5,0,5,3,6,7,1,0,,,4,1,332,35,71,,35/76 (46%),7/28 (25%),49%,13,32/67 (48%),23/45 (51%),12/18 (67%),70%,10,11,,5,,3,,,,,6
10433842,52,42632,NORMAL,REGULAR,Round 6,LEAGUE,3076,Sivasspor,Local,1ST,11/09/2022,6,0,55%,0.00,0,7,0,3,,258,6,4,1,,2,0,3,2,3,4,0,0,,,2,1,197,20,33,,19/40 (48%),4/14 (29%),57%,8,18/37 (49%),14/19 (74%),8/11 (73%),83%,6,8,,2,,0,,,,,1
10433842,52,42632,NORMAL,REGULAR,Round 6,LEAGUE,3076,Sivasspor,Local,2ND,11/09/2022,6,1,54%,0.00,1,6,3,6,,190,4,6,1,,3,0,2,1,3,3,1,0,,,2,0,135,15,38,,16/36 (44%),3/14 (21%),41%,5,14/30 (47%),9/26 (35%),4/7 (57%),50%,4,3,,3,,3,,,,,5
10433842,52,42632,NORMAL,REGULAR,Round 6,LEAGUE,3066,İstanbulspor,Visita,ALL,11/09/2022,6,1,45%,0.00,1,6,4,1,10,383,19,10,3,,4,0,1,1,2,4,0,1,,,0,1,275,19,62,,29/71 (41%),0/7 (0%),51%,7,35/67 (52%),22/45 (49%),6/9 (67%),63%,19,17,,28,,4,,,,,12
10433842,52,42632,NORMAL,REGULAR,Round 6,LEAGUE,3066,İstanbulspor,Visita,1ST,11/09/2022,6,0,45%,0.00,0,0,2,1,,215,11,6,0,,0,0,0,0,0,0,0,0,,,0,0,155,11,33,,9/34 (26%),0/4 (0%),43%,4,19/37 (51%),5/19 (26%),2/4 (50%),55%,11,9,,13,,2,,,,,6
10433842,52,42632,NORMAL,REGULAR,Round 6,LEAGUE,3066,İstanbulspor,Visita,2ND,11/09/2022,6,1,46%,0.00,1,6,2,0,,168,8,4,3,,4,0,1,1,2,4,0,1,,,0,1,120,8,29,,20/37 (54%),0/3 (0%),59%,3,16/30 (53%),17/26 (65%),4/5 (80%),75%,8,8,,15,,2,,,,,6
10433840,52,42632,NORMAL,REGULAR,Round 7,LEAGUE,3066,İstanbulspor,Local,ALL,17/09/2022,7,2,50%,0.00,0,8,3,3,14,396,23,17,1,,2,1,4,2,4,4,0,0,1,,5,1,290,26,65,,30/83 (36%),2/12 (17%),52%,7,44/79 (56%),18/41 (44%),4/12 (33%),57%,23,7,,20,,3,,,,,7
10433840,52,42632,NORMAL,REGULAR,Round 7,LEAGUE,3066,İstanbulspor,Local,1ST,17/09/2022,7,1,45%,0.00,0,3,2,2,,192,9,4,1,,1,1,2,0,2,1,0,0,1,,0,0,137,16,38,,17/45 (38%),0/5 (0%),42%,2,14/34 (41%),8/19 (42%),1/5 (20%),22%,9,4,,6,,2,,,,,3
10433840,52,42632,NORMAL,REGULAR,Round 7,LEAGUE,3066,İstanbulspor,Local,2ND,17/09/2022,7,1,56%,0.00,0,5,1,1,,204,14,13,0,,1,0,2,2,2,3,0,0,0,,5,1,153,10,27,,13/38 (34%),2/7 (29%),60%,5,30/45 (67%),10/22 (45%),3/7 (43%),79%,14,3,,14,,1,,,,,4
10433840,52,42632,NORMAL,REGULAR,Round 7,LEAGUE,3050,Beşiktaş JK,Visita,ALL,17/09/2022,7,2,50%,0.00,2,8,1,5,18,398,15,13,3,,5,0,2,1,6,2,1,1,3,,2,4,317,28,60,,34/59 (58%),2/15 (13%),48%,12,35/79 (44%),23/41 (56%),7/18 (39%),80%,15,11,,17,,1,,,,,3
10433840,52,42632,NORMAL,REGULAR,Round 7,LEAGUE,3050,Beşiktaş JK,Visita,1ST,17/09/2022,7,2,55%,0.00,2,4,1,1,,234,6,7,1,,4,0,0,0,3,1,1,1,2,,1,3,201,12,30,,25/33 (76%),0/8 (0%),58%,5,20/34 (59%),11/19 (58%),7/11 (64%),67%,6,8,,11,,1,,,,,0
10433840,52,42632,NORMAL,REGULAR,Round 7,LEAGUE,3050,Beşiktaş JK,Visita,2ND,17/09/2022,7,0,44%,0.00,0,4,0,4,,164,9,6,2,,1,0,2,1,3,1,0,0,1,,1,1,116,16,30,,9/26 (35%),2/7 (29%),40%,7,15/45 (33%),12/22 (55%),0/7 (0%),89%,9,3,,6,,0,,,,,3
10433883,52,42632,NORMAL,REGULAR,Round 8,LEAGUE,4954,Fatih Karagümrük,Local,ALL,03/10/2022,8,1,51%,0.00,1,7,2,5,13,478,18,7,2,,3,1,3,1,6,1,1,,,,0,3,370,26,58,,33/51 (65%),2/17 (12%),52%,11,36/70 (51%),14/27 (52%),11/18 (61%),61%,18,8,,12,,2,,,,,11
10433883,52,42632,NORMAL,REGULAR,Round 8,LEAGUE,4954,Fatih Karagümrük,Local,1ST,03/10/2022,8,1,47%,0.00,1,4,2,1,,222,5,7,0,,1,0,3,0,4,0,1,,,,0,1,173,5,20,,20/33 (61%),2/6 (33%),49%,7,17/38 (45%),10/17 (59%),5/6 (83%),80%,5,2,,7,,2,,,,,4
10433883,52,42632,NORMAL,REGULAR,Round 8,LEAGUE,4954,Fatih Karagümrük,Local,2ND,03/10/2022,8,0,55%,0.00,0,3,0,4,,256,13,0,2,,2,1,0,1,2,1,0,,,,0,2,197,21,38,,13/18 (72%),0/11 (0%),55%,4,19/32 (59%),4/10 (40%),6/12 (50%),54%,13,6,,5,,0,,,,,7
10433883,52,42632,NORMAL,REGULAR,Round 8,LEAGUE,3066,İstanbulspor,Visita,ALL,03/10/2022,8,2,49%,0.00,1,15,2,4,7,452,18,13,2,,4,1,7,4,4,11,1,,,,1,3,363,20,56,,32/63 (51%),5/20 (25%),48%,9,34/70 (49%),13/27 (48%),3/12 (25%),67%,18,22,,8,,2,,,,,7
10433883,52,42632,NORMAL,REGULAR,Round 8,LEAGUE,3066,İstanbulspor,Visita,1ST,03/10/2022,8,0,53%,0.00,0,7,0,1,,245,8,10,1,,2,0,4,1,1,6,0,,,,1,0,201,11,34,,19/37 (51%),3/11 (27%),51%,3,21/38 (55%),7/17 (41%),3/5 (60%),63%,8,5,,0,,0,,,,,4
10433883,52,42632,NORMAL,REGULAR,Round 8,LEAGUE,3066,İstanbulspor,Visita,2ND,03/10/2022,8,2,45%,0.00,1,8,2,3,,207,10,3,1,,2,1,3,3,3,5,1,,,,0,3,162,9,22,,13/26 (50%),2/9 (22%),45%,6,13/32 (41%),6/10 (60%),0/7 (0%),70%,10,17,,8,,2,,,,,3
10433839,52,42632,NORMAL,REGULAR,Round 9,LEAGUE,3066,İstanbulspor,Local,ALL,08/10/2022,9,1,55%,0.00,2,10,5,5,13,473,20,14,2,,2,0,5,3,9,1,1,1,0,,1,4,373,21,58,,29/60 (48%),8/22 (36%),54%,11,45/85 (53%),18/31 (58%),11/24 (46%),70%,20,9,,15,,5,,,,,8
10433839,52,42632,NORMAL,REGULAR,Round 9,LEAGUE,3066,İstanbulspor,Local,1ST,08/10/2022,9,0,59%,0.00,0,5,3,3,,277,9,4,2,,0,0,2,3,5,0,0,0,0,,0,3,225,10,33,,13/29 (45%),5/12 (42%),54%,5,19/35 (54%),10/19 (53%),6/13 (46%),78%,9,2,,5,,3,,,,,2
10433839,52,42632,NORMAL,REGULAR,Round 9,LEAGUE,3066,İstanbulspor,Local,2ND,08/10/2022,9,1,50%,0.00,2,5,2,2,,196,11,10,0,,2,0,3,0,4,1,1,1,0,,1,1,148,11,25,,16/31 (52%),3/10 (30%),55%,6,26/50 (52%),8/12 (67%),5/11 (45%),64%,11,7,,10,,2,,,,,6
10433839,52,42632,NORMAL,REGULAR,Round 9,LEAGUE,3103,MKE Ankaragücü,Visita,ALL,08/10/2022,9,2,45%,0.00,4,14,1,2,14,395,24,10,2,,7,0,5,2,8,6,2,2,3,,1,1,305,21,37,,21/51 (41%),1/12 (8%),46%,15,40/85 (47%),13/31 (42%),6/11 (55%),63%,24,8,,22,,1,,,,,7
10433839,52,42632,NORMAL,REGULAR,Round 9,LEAGUE,3103,MKE Ankaragücü,Visita,1ST,08/10/2022,9,1,41%,0.00,2,6,0,0,,198,12,2,0,,4,0,1,1,2,4,1,1,2,,0,1,152,15,18,,9/27 (33%),0/4 (0%),46%,6,16/35 (46%),9/19 (47%),2/5 (40%),67%,12,5,,13,,0,,,,,1
10433839,52,42632,NORMAL,REGULAR,Round 9,LEAGUE,3103,MKE Ankaragücü,Visita,2ND,08/10/2022,9,1,50%,0.00,2,8,1,2,,197,12,8,2,,3,0,4,1,6,2,1,1,1,,1,0,153,6,19,,12/24 (50%),1/8 (13%),45%,9,24/50 (48%),4/12 (33%),4/6 (67%),58%,12,3,,9,,1,,,,,6
10433841,52,42632,NORMAL,REGULAR,Round 10,LEAGUE,3086,Başakşehir FK,Local,ALL,16/10/2022,10,2,57%,0.00,,11,1,5,10,504,9,14,4,,5,1,5,1,7,4,,,1,,4,5,433,18,51,,24/40 (60%),5/17 (29%),52%,8,30/64 (47%),15/23 (65%),7/19 (37%),78%,9,4,,15,,1,,,,,6
10433841,52,42632,NORMAL,REGULAR,Round 10,LEAGUE,3086,Başakşehir FK,Local,1ST,16/10/2022,10,1,66%,0.00,,4,0,2,,311,4,5,1,,2,0,2,0,3,1,,,0,,1,2,275,11,31,,12/19 (63%),2/10 (20%),51%,5,13/30 (43%),8/11 (73%),4/10 (40%),75%,4,2,,5,,0,,,,,2
10433841,52,42632,NORMAL,REGULAR,Round 10,LEAGUE,3086,Başakşehir FK,Local,2ND,16/10/2022,10,1,47%,0.00,,7,1,3,,193,5,9,3,,3,1,3,1,4,3,,,1,,3,3,158,7,20,,12/21 (57%),3/7 (43%),52%,3,17/34 (50%),7/12 (58%),3/9 (33%),80%,5,2,,10,,1,,,,,4
10433841,52,42632,NORMAL,REGULAR,Round 10,LEAGUE,3066,İstanbulspor,Visita,ALL,16/10/2022,10,0,43%,0.00,,10,3,2,14,377,20,9,1,,1,0,4,5,5,5,,,0,,3,1,287,24,53,,35/79 (44%),4/14 (29%),48%,7,34/64 (53%),8/23 (35%),5/7 (71%),65%,20,8,,11,,3,,,,,9
10433841,52,42632,NORMAL,REGULAR,Round 10,LEAGUE,3066,İstanbulspor,Visita,1ST,16/10/2022,10,0,34%,0.00,,2,1,0,,162,11,5,1,,0,0,1,1,1,1,,,0,,1,1,118,10,21,,14/31 (45%),1/4 (25%),49%,4,17/30 (57%),3/11 (27%),1/1 (100%),64%,11,6,,8,,1,,,,,4
10433841,52,42632,NORMAL,REGULAR,Round 10,LEAGUE,3066,İstanbulspor,Visita,2ND,16/10/2022,10,0,53%,0.00,,8,2,2,,215,9,4,0,,1,0,3,4,4,4,,,0,,2,0,169,14,32,,21/48 (44%),3/10 (30%),48%,3,17/34 (50%),5/12 (42%),4/6 (67%),67%,9,2,,3,,2,,,,,5
10433864,52,42632,NORMAL,REGULAR,Round 11,LEAGUE,3056,Antalyaspor,Local,ALL,21/10/2022,11,2,65%,0.00,5,20,5,11,11,524,18,13,3,0,8,1,5,7,12,8,0,5,1,,5,3,428,27,62,,32/49 (65%),5/31 (16%),53%,15,40/81 (49%),16/25 (64%),9/16 (56%),72%,18,5,,10,,5,,,,,5
10433864,52,42632,NORMAL,REGULAR,Round 11,LEAGUE,3056,Antalyaspor,Local,1ST,21/10/2022,11,1,55%,0.00,4,9,4,2,,230,10,7,1,0,4,0,3,2,5,4,0,4,1,,2,2,182,8,26,,17/28 (61%),3/5 (60%),56%,4,22/39 (56%),9/16 (56%),5/8 (63%),90%,10,5,,5,,4,,,,,3
10433864,52,42632,NORMAL,REGULAR,Round 11,LEAGUE,3056,Antalyaspor,Local,2ND,21/10/2022,11,1,74%,0.00,1,11,1,9,,294,8,6,2,0,4,1,2,5,7,4,0,1,0,,3,1,246,19,36,,15/21 (71%),2/26 (8%),49%,11,18/42 (43%),7/9 (78%),4/8 (50%),50%,8,0,,5,,1,,,,,2
10433864,52,42632,NORMAL,REGULAR,Round 11,LEAGUE,3066,İstanbulspor,Visita,ALL,21/10/2022,11,1,35%,0.00,2,11,6,4,15,298,22,9,6,1,6,0,4,1,8,3,1,1,1,,0,1,205,15,46,,20/62 (32%),3/6 (50%),47%,11,42/82 (51%),9/25 (36%),11/18 (61%),59%,22,19,,30,,6,,,,,10
10433864,52,42632,NORMAL,REGULAR,Round 11,LEAGUE,3066,İstanbulspor,Visita,1ST,21/10/2022,11,1,45%,0.00,2,9,3,2,,192,7,4,1,0,5,0,3,1,7,2,1,1,0,,0,1,140,10,28,,14/37 (38%),2/2 (100%),44%,6,17/39 (44%),7/16 (44%),6/10 (60%),71%,7,8,,6,,3,,,,,6
10433864,52,42632,NORMAL,REGULAR,Round 11,LEAGUE,3066,İstanbulspor,Visita,2ND,21/10/2022,11,0,26%,0.00,0,2,3,2,,106,15,5,5,1,1,0,1,0,1,1,0,0,1,,0,0,65,5,18,,6/25 (24%),1/4 (25%),51%,5,25/43 (58%),2/9 (22%),5/8 (63%),53%,15,11,,24,,3,,,,,4
10433860,52,42632,NORMAL,REGULAR,Round 12,LEAGUE,3066,İstanbulspor,Local,ALL,30/10/2022,12,2,37%,0.00,2,4,1,2,15,363,21,10,1,,2,0,2,0,3,1,2,,1,,1,7,280,22,35,,30/58 (52%),2/9 (22%),52%,10,37/71 (52%),12/24 (50%),6/8 (75%),67%,21,21,,17,,1,,,,,5
10433860,52,42632,NORMAL,REGULAR,Round 12,LEAGUE,3066,İstanbulspor,Local,1ST,30/10/2022,12,0,31%,0.00,0,2,0,2,,140,8,2,0,,0,0,2,0,1,1,0,,0,,0,4,101,14,17,,13/27 (48%),2/8 (25%),46%,6,13/29 (45%),6/12 (50%),3/5 (60%),63%,8,8,,6,,0,,,,,5
10433860,52,42632,NORMAL,REGULAR,Round 12,LEAGUE,3066,İstanbulspor,Local,2ND,30/10/2022,12,2,44%,0.00,2,2,1,0,,223,13,8,1,,2,0,0,0,2,0,2,,1,,1,3,179,8,18,,17/31 (55%),0/1 (0%),56%,4,24/42 (57%),6/12 (50%),3/3 (100%),69%,13,13,,11,,1,,,,,0
10433860,52,42632,NORMAL,REGULAR,Round 12,LEAGUE,3052,Fenerbahçe,Visita,ALL,30/10/2022,12,5,63%,0.00,3,13,0,2,12,621,12,13,1,,7,0,5,1,9,4,3,,0,,2,0,526,20,59,,29/55 (53%),3/9 (33%),48%,5,34/71 (48%),12/24 (50%),9/25 (36%),75%,12,6,,10,,0,,,,,2
10433860,52,42632,NORMAL,REGULAR,Round 12,LEAGUE,3052,Fenerbahçe,Visita,1ST,30/10/2022,12,2,69%,0.00,1,8,0,0,,332,8,3,0,,3,0,5,0,5,3,1,,0,,1,0,280,11,32,,18/31 (58%),1/4 (25%),54%,1,16/29 (55%),6/12 (50%),5/12 (42%),88%,8,2,,5,,0,,,,,1
10433860,52,42632,NORMAL,REGULAR,Round 12,LEAGUE,3052,Fenerbahçe,Visita,2ND,30/10/2022,12,3,56%,0.00,2,5,0,2,,289,4,10,1,,4,0,0,1,4,1,2,,0,,1,0,246,9,27,,11/24 (46%),2/5 (40%),44%,4,18/42 (43%),6/12 (50%),4/13 (31%),50%,4,4,,5,,0,,,,,1
10433987,52,42632,NORMAL,REGULAR,Round 13,LEAGUE,5765,Giresunspor,Local,ALL,05/11/2022,13,3,56%,0.00,0,16,1,9,5,493,19,13,1,0,4,0,8,4,9,7,0,0,0,,3,2,394,23,78,,43/71 (61%),5/31 (16%),62%,8,42/70 (60%),20/30 (67%),10/21 (48%),68%,19,10,,11,,1,,,,,6
10433987,52,42632,NORMAL,REGULAR,Round 13,LEAGUE,5765,Giresunspor,Local,1ST,05/11/2022,13,1,57%,0.00,0,10,0,6,,225,9,8,0,0,2,0,5,3,6,4,0,0,0,,3,2,178,14,41,,20/33 (61%),4/20 (20%),70%,3,20/32 (63%),17/21 (81%),3/9 (33%),78%,9,4,,3,,0,,,,,2
10433987,52,42632,NORMAL,REGULAR,Round 13,LEAGUE,5765,Giresunspor,Local,2ND,05/11/2022,13,2,56%,0.00,0,6,1,3,,268,10,5,1,0,2,0,3,1,3,3,0,0,0,,0,0,216,9,37,,23/38 (61%),1/11 (9%),53%,5,22/38 (58%),3/9 (33%),7/12 (58%),60%,10,6,,8,,1,,,,,4
10433987,52,42632,NORMAL,REGULAR,Round 13,LEAGUE,3066,İstanbulspor,Visita,ALL,05/11/2022,13,2,44%,0.00,3,12,1,2,13,394,19,5,5,1,3,0,7,2,5,7,2,1,1,,1,1,280,22,50,,16/63 (25%),3/10 (30%),38%,11,28/70 (40%),10/30 (33%),5/13 (38%),53%,19,9,,30,,1,,,,,13
10433987,52,42632,NORMAL,REGULAR,Round 13,LEAGUE,3066,İstanbulspor,Visita,1ST,05/11/2022,13,1,43%,0.00,1,4,1,1,,183,9,2,3,1,1,0,2,1,1,3,1,0,1,,0,0,128,13,16,,3/26 (12%),1/2 (50%),30%,5,12/32 (38%),4/21 (19%),1/5 (20%),44%,9,5,,19,,1,,,,,7
10433987,52,42632,NORMAL,REGULAR,Round 13,LEAGUE,3066,İstanbulspor,Visita,2ND,05/11/2022,13,1,44%,0.00,2,8,0,1,,211,10,3,2,0,2,0,5,1,4,4,1,1,0,,1,1,152,9,34,,13/37 (35%),2/8 (25%),47%,6,16/38 (42%),6/9 (67%),4/8 (50%),60%,10,4,,11,,0,,,,,6
10831455,96,45795,NORMAL,PLAYOFF,Round 4,LEAGUE,3066,İstanbulspor,Local,ALL,10/11/2022,4,3,,,,,,12,,,,,3,,,,,,,,,,,,,,,,,,,,,,,,,,,,,,,,,,,,
10831455,96,45795,NORMAL,PLAYOFF,Round 4,LEAGUE,3066,İstanbulspor,Local,1ST,10/11/2022,4,,,,,,,,,,,,,,,,,,,,,,,,,,,,,,,,,,,,,,,,,,,,,,,,
10831455,96,45795,NORMAL,PLAYOFF,Round 4,LEAGUE,3066,İstanbulspor,Local,2ND,10/11/2022,4,,,,,,,,,,,,,,,,,,,,,,,,,,,,,,,,,,,,,,,,,,,,,,,,
10831455,96,45795,NORMAL,PLAYOFF,Round 4,LEAGUE,170410,Etimesgut Belediyespor,Visita,ALL,10/11/2022,4,2,,,,,,3,,,,,3,,,,,,,,,,,,,,,,,,,,,,,,,,,,,,,,,,,,
10831455,96,45795,NORMAL,PLAYOFF,Round 4,LEAGUE,170410,Etimesgut Belediyespor,Visita,1ST,10/11/2022,4,,,,,,,,,,,,,,,,,,,,,,,,,,,,,,,,,,,,,,,,,,,,,,,,
10831455,96,45795,NORMAL,PLAYOFF,Round 4,LEAGUE,170410,Etimesgut Belediyespor,Visita,2ND,10/11/2022,4,,,,,,,,,,,,,,,,,,,,,,,,,,,,,,,,,,,,,,,,,,,,,,,,
10433944,52,42632,NORMAL,REGULAR,Round 14,LEAGUE,3066,İstanbulspor,Local,ALL,13/11/2022,14,0,50%,0.00,1,8,4,5,6,480,16,11,3,,3,0,3,2,4,4,0,1,,,4,0,399,14,52,,28/55 (51%),8/23 (35%),52%,8,31/56 (55%),12/26 (46%),4/7 (57%),63%,16,11,,9,,4,,,,,6
10433944,52,42632,NORMAL,REGULAR,Round 14,LEAGUE,3066,İstanbulspor,Local,1ST,13/11/2022,14,0,43%,0.00,1,4,0,1,,256,8,3,1,,1,0,2,1,2,2,0,1,,,2,0,216,4,17,,12/23 (52%),3/7 (43%),53%,5,14/27 (52%),6/11 (55%),3/3 (100%),63%,8,2,,0,,0,,,,,3
10433944,52,42632,NORMAL,REGULAR,Round 14,LEAGUE,3066,İstanbulspor,Local,2ND,13/11/2022,14,0,61%,0.00,0,4,4,4,,224,8,8,2,,2,0,1,1,2,2,0,0,,,2,0,183,10,35,,16/32 (50%),5/16 (31%),52%,3,17/29 (59%),6/15 (40%),1/4 (25%),63%,8,9,,9,,4,,,,,3
10433944,52,42632,NORMAL,REGULAR,Round 14,LEAGUE,3091,Hatayspor,Visita,ALL,13/11/2022,14,1,50%,0.00,2,10,3,3,11,488,11,6,5,,5,0,2,3,3,7,1,1,,,3,1,411,17,49,,37/70 (53%),2/11 (18%),48%,10,25/56 (45%),14/26 (54%),8/14 (57%),64%,11,12,,20,,3,,,,,10
10433944,52,42632,NORMAL,REGULAR,Round 14,LEAGUE,3091,Hatayspor,Visita,1ST,13/11/2022,14,1,57%,0.00,1,3,1,0,,340,5,3,1,,1,0,0,2,1,2,1,0,,,2,0,303,8,26,,19/36 (53%),2/3 (67%),47%,4,13/27 (48%),5/11 (45%),5/9 (56%),60%,5,5,,10,,1,,,,,2
10433944,52,42632,NORMAL,REGULAR,Round 14,LEAGUE,3091,Hatayspor,Visita,2ND,13/11/2022,14,0,39%,0.00,1,7,2,3,,148,6,3,4,,4,0,2,1,2,5,0,1,,,1,1,108,9,23,,18/34 (53%),0/8 (0%),48%,6,12/29 (41%),9/15 (60%),3/5 (60%),67%,6,7,,10,,2,,,,,8
10879018,96,45795,NORMAL,PLAYOFF,Round 5,LEAGUE,3052,Fenerbahçe,Local,ALL,20/12/2022,5,3,,,,,,9,,,,,0,,,,,,,,,,,,,,,,,,,,,,,,,,,,,,,,,,,,
10879018,96,45795,NORMAL,PLAYOFF,Round 5,LEAGUE,3052,Fenerbahçe,Local,1ST,20/12/2022,5,,,,,,,,,,,,,,,,,,,,,,,,,,,,,,,,,,,,,,,,,,,,,,,,
10879018,96,45795,NORMAL,PLAYOFF,Round 5,LEAGUE,3052,Fenerbahçe,Local,2ND,20/12/2022,5,,,,,,,,,,,,,,,,,,,,,,,,,,,,,,,,,,,,,,,,,,,,,,,,
10879018,96,45795,NORMAL,PLAYOFF,Round 5,LEAGUE,3066,İstanbulspor,Visita,ALL,20/12/2022,5,1,,,,,,4,,,,,3,,,,,,,,,,,,,,,,,,,,,,,,,,,,,,,,,,,,
10879018,96,45795,NORMAL,PLAYOFF,Round 5,LEAGUE,3066,İstanbulspor,Visita,1ST,20/12/2022,5,,,,,,,,,,,,,,,,,,,,,,,,,,,,,,,,,,,,,,,,,,,,,,,,
10879018,96,45795,NORMAL,PLAYOFF,Round 5,LEAGUE,3066,İstanbulspor,Visita,2ND,20/12/2022,5,,,,,,,,,,,,,,,,,,,,,,,,,,,,,,,,,,,,,,,,,,,,,,,,
10433874,52,42632,NORMAL,REGULAR,Round 15,LEAGUE,3061,Galatasaray,Local,ALL,25/12/2022,15,2,48%,0.00,4,17,1,12,13,462,12,7,4,,5,2,8,4,14,3,1,3,,,3,1,336,26,54,,24/60 (40%),7/22 (32%),42%,12,23/65 (35%),21/40 (53%),5/18 (28%),83%,12,13,,17,,1,,,,,10
10433874,52,42632,NORMAL,REGULAR,Round 15,LEAGUE,3061,Galatasaray,Local,1ST,25/12/2022,15,2,49%,0.00,4,11,1,9,,202,7,5,0,,4,2,5,2,9,2,1,3,,,3,0,144,16,26,,11/27 (41%),7/18 (39%),43%,6,15/38 (39%),11/22 (50%),3/10 (30%),100%,7,7,,8,,1,,,,,4
10433874,52,42632,NORMAL,REGULAR,Round 15,LEAGUE,3061,Galatasaray,Local,2ND,25/12/2022,15,0,47%,0.00,0,6,0,3,,260,5,2,4,,1,0,3,2,5,1,0,0,,,0,1,192,10,28,,13/33 (39%),0/4 (0%),40%,6,8/27 (30%),10/18 (56%),2/8 (25%),60%,5,6,,9,,0,,,,,6
10433874,52,42632,NORMAL,REGULAR,Round 15,LEAGUE,3066,İstanbulspor,Visita,ALL,25/12/2022,15,1,52%,0.00,2,12,3,5,7,508,25,12,2,,2,0,7,3,8,4,1,1,,,1,3,394,26,49,,13/58 (22%),4/18 (22%),58%,6,42/65 (65%),19/40 (48%),5/11 (45%),52%,25,12,,26,,3,,,,,10
10433874,52,42632,NORMAL,REGULAR,Round 15,LEAGUE,3066,İstanbulspor,Visita,1ST,25/12/2022,15,0,51%,0.00,0,7,2,5,,220,13,6,1,,1,0,5,1,5,2,0,0,,,0,1,162,13,18,,6/30 (20%),3/9 (33%),57%,3,23/38 (61%),11/22 (50%),4/8 (50%),77%,13,2,,17,,2,,,,,6
10433874,52,42632,NORMAL,REGULAR,Round 15,LEAGUE,3066,İstanbulspor,Visita,2ND,25/12/2022,15,1,53%,0.00,2,5,1,0,,288,12,6,1,,1,0,2,2,3,2,1,1,,,1,2,232,13,31,,7/28 (25%),1/9 (11%),60%,3,19/27 (70%),8/18 (44%),1/3 (33%),25%,12,10,,9,,1,,,,,4
10433900,52,42632,NORMAL,REGULAR,Round 16,LEAGUE,3066,İstanbulspor,Local,ALL,28/12/2022,16,2,51%,0.00,1,10,2,3,15,517,13,15,2,,4,1,6,0,7,3,1,,2,,3,2,411,18,53,,30/69 (43%),2/9 (22%),50%,17,34/73 (47%),19/32 (59%),6/13 (46%),85%,13,18,,27,,2,,,,,12
10433900,52,42632,NORMAL,REGULAR,Round 16,LEAGUE,3066,İstanbulspor,Local,1ST,28/12/2022,16,1,55%,0.00,0,3,1,1,,284,7,9,0,,1,0,2,0,2,1,0,,0,,1,0,229,13,29,,13/37 (35%),1/6 (17%),53%,6,17/31 (55%),6/12 (50%),1/2 (50%),86%,7,7,,10,,1,,,,,6
10433900,52,42632,NORMAL,REGULAR,Round 16,LEAGUE,3066,İstanbulspor,Local,2ND,28/12/2022,16,1,47%,0.00,1,7,1,2,,233,6,6,2,,3,1,4,0,5,2,1,,2,,2,2,182,5,24,,17/32 (53%),1/3 (33%),48%,11,17/42 (40%),13/20 (65%),5/11 (45%),83%,6,11,,17,,1,,,,,6
10433900,52,42632,NORMAL,REGULAR,Round 16,LEAGUE,6063,Kasımpaşa,Visita,ALL,28/12/2022,16,1,49%,0.00,1,11,2,5,15,472,24,12,4,,3,0,6,2,10,1,1,,0,,1,8,372,20,81,,31/66 (47%),7/29 (24%),50%,6,39/73 (53%),13/32 (41%),3/10 (30%),50%,24,9,,11,,2,,,,,7
10433900,52,42632,NORMAL,REGULAR,Round 16,LEAGUE,6063,Kasımpaşa,Visita,1ST,28/12/2022,16,1,45%,0.00,1,5,0,2,,225,7,5,1,,2,0,3,0,5,0,1,,0,,0,4,176,12,33,,15/29 (52%),4/13 (31%),47%,3,14/31 (45%),6/12 (50%),2/6 (33%),57%,7,6,,8,,0,,,,,3
10433900,52,42632,NORMAL,REGULAR,Round 16,LEAGUE,6063,Kasımpaşa,Visita,2ND,28/12/2022,16,0,53%,0.00,0,6,2,3,,247,17,7,3,,1,0,3,2,5,1,0,,0,,1,4,196,8,48,,16/37 (43%),3/16 (19%),52%,3,25/42 (60%),7/20 (35%),1/4 (25%),47%,17,3,,3,,2,,,,,4
10434067,52,42632,NORMAL,REGULAR,Round 17,LEAGUE,3101,Adana Demirspor,Local,ALL,05/01/2023,17,6,52%,0.00,6,17,3,4,12,525,20,11,1,,11,0,5,1,12,5,5,1,2,,2,5,436,11,54,,28/51 (55%),3/9 (33%),53%,11,37/70 (53%),12/23 (52%),6/13 (46%),50%,20,6,,14,,3,,,,,6
10434067,52,42632,NORMAL,REGULAR,Round 17,LEAGUE,3101,Adana Demirspor,Local,1ST,05/01/2023,17,1,48%,0.00,2,8,1,3,,238,9,6,1,,5,0,2,1,5,3,1,1,1,,1,2,189,7,27,,13/28 (46%),2/5 (40%),48%,6,19/38 (50%),5/12 (42%),4/8 (50%),44%,9,0,,11,,1,,,,,3
10434067,52,42632,NORMAL,REGULAR,Round 17,LEAGUE,3101,Adana Demirspor,Local,2ND,05/01/2023,17,5,57%,0.00,4,9,2,1,,287,11,5,0,,6,0,3,0,7,2,4,0,1,,1,3,247,4,27,,15/23 (65%),1/4 (25%),58%,5,18/32 (56%),7/11 (64%),2/5 (40%),55%,11,6,,3,,2,,,,,3
10434067,52,42632,NORMAL,REGULAR,Round 17,LEAGUE,3066,İstanbulspor,Visita,ALL,05/01/2023,17,0,48%,0.00,0,8,5,5,11,472,18,12,3,,3,0,4,1,4,4,0,0,0,,2,2,392,19,49,,35/63 (56%),2/14 (14%),47%,13,33/70 (47%),11/23 (48%),3/10 (30%),56%,18,10,,16,,5,,,,,8
10434067,52,42632,NORMAL,REGULAR,Round 17,LEAGUE,3066,İstanbulspor,Visita,1ST,05/01/2023,17,0,52%,0.00,0,3,4,3,,256,10,7,1,,1,0,2,0,3,0,0,0,0,,2,2,212,10,29,,21/35 (60%),2/8 (25%),52%,2,19/38 (50%),7/12 (58%),2/9 (22%),50%,10,7,,7,,4,,,,,6
10434067,52,42632,NORMAL,REGULAR,Round 17,LEAGUE,3066,İstanbulspor,Visita,2ND,05/01/2023,17,0,43%,0.00,0,5,1,2,,216,8,5,2,,2,0,2,1,1,4,0,0,0,,0,0,180,9,20,,14/28 (50%),0/6 (0%),42%,11,14/32 (44%),4/11 (36%),1/1 (100%),63%,8,3,,9,,1,,,,,2
10434023,52,42632,NORMAL,REGULAR,Round 18,LEAGUE,3066,İstanbulspor,Local,ALL,09/01/2023,18,1,55%,0.00,3,12,2,7,6,545,14,5,1,,2,1,5,5,8,4,1,2,1,,3,3,436,30,66,,43/86 (50%),5/22 (23%),44%,9,22/54 (41%),15/31 (48%),3/15 (20%),50%,14,11,,9,,2,,,,,5
10434023,52,42632,NORMAL,REGULAR,Round 18,LEAGUE,3066,İstanbulspor,Local,1ST,09/01/2023,18,0,48%,0.00,0,5,1,4,,232,7,3,0,,0,0,1,4,4,1,0,0,0,,1,1,184,14,23,,16/33 (48%),3/8 (38%),45%,2,12/24 (50%),6/16 (38%),2/7 (29%),43%,7,7,,4,,1,,,,,4
10434023,52,42632,NORMAL,REGULAR,Round 18,LEAGUE,3066,İstanbulspor,Local,2ND,09/01/2023,18,1,62%,0.00,3,7,1,3,,313,7,2,1,,2,1,4,1,4,3,1,2,1,,2,2,252,16,43,,27/53 (51%),2/14 (14%),42%,7,10/30 (33%),9/15 (60%),1/8 (13%),57%,7,4,,5,,1,,,,,1
10434023,52,42632,NORMAL,REGULAR,Round 18,LEAGUE,5138,Gaziantep FK,Visita,ALL,09/01/2023,18,1,45%,0.00,0,8,1,3,8,446,21,5,1,,4,0,3,1,4,4,0,0,0,,0,3,355,19,45,,15/53 (28%),6/12 (50%),56%,4,32/54 (59%),16/31 (52%),6/16 (38%),67%,21,11,,31,,1,,,,,8
10434023,52,42632,NORMAL,REGULAR,Round 18,LEAGUE,5138,Gaziantep FK,Visita,1ST,09/01/2023,18,1,52%,0.00,0,6,0,3,,252,7,2,0,,3,0,2,1,3,3,0,0,0,,0,0,213,13,18,,4/14 (29%),4/8 (50%),55%,2,12/24 (50%),10/16 (63%),3/8 (38%),71%,7,4,,12,,0,,,,,3
10434023,52,42632,NORMAL,REGULAR,Round 18,LEAGUE,5138,Gaziantep FK,Visita,2ND,09/01/2023,18,0,38%,0.00,0,2,1,0,,194,14,3,1,,1,0,1,0,1,1,0,0,0,,0,3,142,6,27,,11/39 (28%),2/4 (50%),58%,2,20/30 (67%),6/15 (40%),3/8 (38%),64%,14,7,,19,,1,,,,,5
10433998,52,42632,NORMAL,REGULAR,Round 19,LEAGUE,55625,Ümraniyespor,Local,ALL,15/01/2023,19,0,70%,0.00,1,27,1,12,10,599,15,11,2,,6,0,13,8,19,8,0,1,1,,5,2,509,27,104,,51/84 (61%),11/39 (28%),53%,14,30/70 (43%),26/35 (74%),4/9 (44%),47%,15,11,,5,,1,,,,,10
10433998,52,42632,NORMAL,REGULAR,Round 19,LEAGUE,55625,Ümraniyespor,Local,1ST,15/01/2023,19,0,66%,0.00,1,10,0,5,,254,8,7,2,,2,0,6,2,7,3,0,1,0,,4,1,213,10,40,,21/39 (54%),3/13 (23%),58%,7,17/35 (49%),11/13 (85%),2/3 (67%),50%,8,3,,4,,0,,,,,7
10433998,52,42632,NORMAL,REGULAR,Round 19,LEAGUE,55625,Ümraniyespor,Local,2ND,15/01/2023,19,0,73%,0.00,0,17,1,7,,345,7,4,0,,4,0,7,6,12,5,0,0,1,,1,1,296,17,64,,30/45 (67%),8/26 (31%),49%,7,13/35 (37%),15/22 (68%),2/6 (33%),43%,7,8,,1,,1,,,,,3
10433998,52,42632,NORMAL,REGULAR,Round 19,LEAGUE,3066,İstanbulspor,Visita,ALL,15/01/2023,19,2,30%,0.00,5,8,7,2,12,276,19,9,4,,3,1,4,1,7,1,2,3,1,,1,2,169,14,41,,19/69 (28%),1/3 (33%),47%,12,40/70 (57%),9/35 (26%),12/15 (80%),68%,19,11,,27,,7,,,,,20
10433998,52,42632,NORMAL,REGULAR,Round 19,LEAGUE,3066,İstanbulspor,Visita,1ST,15/01/2023,19,2,34%,0.00,3,4,3,1,,138,8,4,3,,2,0,2,0,4,0,2,1,1,,1,2,90,9,25,,10/36 (28%),1/2 (50%),42%,8,18/35 (51%),2/13 (15%),6/6 (100%),63%,8,4,,10,,3,,,,,7
10433998,52,42632,NORMAL,REGULAR,Round 19,LEAGUE,3066,İstanbulspor,Visita,2ND,15/01/2023,19,0,27%,0.00,2,4,4,1,,138,11,5,1,,1,1,2,1,3,1,0,2,0,,0,0,79,5,16,,9/33 (27%),0/1 (0%),51%,4,22/35 (63%),7/22 (32%),6/9 (67%),73%,11,7,,17,,4,,,,,13
10434069,52,42632,NORMAL,REGULAR,Round 20,LEAGUE,3051,Trabzonspor,Local,ALL,22/01/2023,20,4,66%,0.00,2,20,4,6,12,668,15,14,1,,10,0,3,7,13,7,2,0,0,,4,4,592,22,67,,29/47 (62%),5/16 (31%),53%,9,41/79 (52%),17/31 (55%),12/25 (48%),60%,15,10,,4,,4,,,,,6
10434069,52,42632,NORMAL,REGULAR,Round 20,LEAGUE,3051,Trabzonspor,Local,1ST,22/01/2023,20,1,75%,0.00,1,6,0,2,,411,7,9,0,,2,0,1,3,4,2,1,0,0,,3,2,368,10,43,,18/32 (56%),3/8 (38%),54%,5,19/38 (50%),12/19 (63%),3/11 (27%),57%,7,6,,2,,0,,,,,2
10434069,52,42632,NORMAL,REGULAR,Round 20,LEAGUE,3051,Trabzonspor,Local,2ND,22/01/2023,20,3,56%,0.00,1,14,4,4,,257,8,5,1,,8,0,2,4,9,5,1,0,0,,1,2,224,12,24,,11/15 (73%),2/8 (25%),51%,4,22/41 (54%),5/12 (42%),9/14 (64%),63%,8,4,,2,,4,,,,,4
10434069,52,42632,NORMAL,REGULAR,Round 20,LEAGUE,3066,İstanbulspor,Visita,ALL,22/01/2023,20,0,34%,0.00,2,10,6,2,14,343,22,11,0,,4,0,4,2,4,6,0,2,2,,1,3,263,19,43,,21/45 (47%),0/4 (0%),47%,5,38/79 (48%),14/31 (45%),6/16 (38%),55%,22,11,,21,,6,,,,,4
10434069,52,42632,NORMAL,REGULAR,Round 20,LEAGUE,3066,İstanbulspor,Visita,1ST,22/01/2023,20,0,25%,0.00,0,1,1,0,,138,13,4,0,,0,0,1,0,0,1,0,0,0,,0,1,93,11,23,,8/25 (32%),0/0 (0%),46%,1,19/38 (50%),7/19 (37%),3/9 (33%),38%,13,6,,7,,1,,,,,1
10434069,52,42632,NORMAL,REGULAR,Round 20,LEAGUE,3066,İstanbulspor,Visita,2ND,22/01/2023,20,0,44%,0.00,2,9,5,2,,205,9,7,0,,4,0,3,2,4,5,0,2,2,,1,2,170,8,20,,13/20 (65%),0/4 (0%),49%,4,19/41 (46%),7/12 (58%),3/7 (43%),78%,9,5,,14,,5,,,,,3
10434030,52,42632,NORMAL,REGULAR,Round 21,LEAGUE,3066,İstanbulspor,Local,ALL,29/01/2023,21,2,47%,0.00,1,8,3,1,11,442,18,18,0,,3,0,4,1,5,3,1,0,1,,2,0,332,23,64,,18/59 (31%),2/12 (17%),52%,12,45/85 (53%),19/37 (51%),9/16 (56%),72%,18,13,72,21,,3,,,,,7
10434030,52,42632,NORMAL,REGULAR,Round 21,LEAGUE,3066,İstanbulspor,Local,1ST,29/01/2023,21,2,40%,0.00,1,5,1,0,,195,13,9,0,,3,0,2,0,3,2,1,0,1,,1,0,135,9,27,,12/34 (35%),1/1 (100%),55%,6,26/45 (58%),15/29 (52%),4/7 (57%),62%,13,7,42,11,,1,,,,,4
10434030,52,42632,NORMAL,REGULAR,Round 21,LEAGUE,3066,İstanbulspor,Local,2ND,29/01/2023,21,0,54%,0.00,0,3,2,1,,247,5,9,0,,0,0,2,1,2,1,0,0,0,,1,0,197,14,37,,6/25 (24%),1/11 (9%),48%,6,19/40 (48%),4/8 (50%),5/9 (56%),100%,5,6,30,10,,2,,,,,3
10434030,52,42632,NORMAL,REGULAR,Round 21,LEAGUE,3072,Kayserispor,Visita,ALL,29/01/2023,21,4,53%,0.00,3,15,1,7,20,487,19,10,1,,7,0,3,5,11,4,2,1,1,,4,4,395,21,60,,45/70 (64%),3/22 (14%),48%,6,40/85 (47%),18/37 (49%),11/23 (48%),58%,19,11,82,17,,1,,,,,8
10434030,52,42632,NORMAL,REGULAR,Round 21,LEAGUE,3072,Kayserispor,Visita,1ST,29/01/2023,21,1,60%,0.00,1,7,1,3,,277,9,5,0,,2,0,2,3,6,1,1,0,0,,1,1,226,12,39,,30/43 (70%),1/14 (7%),45%,5,19/45 (42%),14/29 (48%),5/13 (38%),56%,9,3,45,3,,1,,,,,5
10434030,52,42632,NORMAL,REGULAR,Round 21,LEAGUE,3072,Kayserispor,Visita,2ND,29/01/2023,21,3,46%,0.00,2,8,0,4,,210,10,5,1,,5,0,1,2,5,3,1,1,1,,3,3,169,9,21,,15/27 (56%),2/8 (25%),52%,1,21/40 (53%),4/8 (50%),6/10 (60%),60%,10,8,37,14,,0,,,,,3
10434054,52,42632,NORMAL,REGULAR,Round 22,LEAGUE,3085,Konyaspor,Local,ALL,02/02/2023,22,0,52%,0.00,1,22,3,8,15,519,21,13,2,,10,0,7,5,18,4,,1,,,4,1,420,19,69,,42/71 (59%),11/27 (41%),51%,7,44/88 (50%),16/29 (55%),10/26 (38%),52%,21,6,,7,,3,,,,,6
10434054,52,42632,NORMAL,REGULAR,Round 22,LEAGUE,3085,Konyaspor,Local,1ST,02/02/2023,22,0,53%,0.00,0,9,2,4,,271,13,4,1,,5,0,3,1,8,1,,0,,,0,0,226,12,28,,22/33 (67%),3/11 (27%),50%,6,24/52 (46%),7/10 (70%),7/17 (41%),46%,13,4,,4,,2,,,,,6
10434054,52,42632,NORMAL,REGULAR,Round 22,LEAGUE,3085,Konyaspor,Local,2ND,02/02/2023,22,0,51%,0.00,1,13,1,4,,248,8,9,1,,5,0,4,4,10,3,,1,,,4,1,194,7,41,,20/38 (53%),8/16 (50%),53%,1,20/36 (56%),9/19 (47%),3/9 (33%),63%,8,2,,3,,1,,,,,0
10434054,52,42632,NORMAL,REGULAR,Round 22,LEAGUE,3066,İstanbulspor,Visita,ALL,02/02/2023,22,1,48%,0.00,1,8,9,3,15,500,23,14,3,,3,0,2,3,4,4,,1,,,0,1,406,15,59,,26/56 (46%),1/6 (17%),49%,6,44/88 (50%),13/29 (45%),7/22 (32%),70%,23,8,,35,,9,,,,,9
10434054,52,42632,NORMAL,REGULAR,Round 22,LEAGUE,3066,İstanbulspor,Visita,1ST,02/02/2023,22,0,47%,0.00,1,6,4,3,,247,16,8,1,,2,0,2,2,4,2,,1,,,0,1,209,7,24,,12/25 (48%),1/4 (25%),50%,4,28/52 (54%),3/10 (30%),4/13 (31%),63%,16,5,,13,,4,,,,,5
10434054,52,42632,NORMAL,REGULAR,Round 22,LEAGUE,3066,İstanbulspor,Visita,2ND,02/02/2023,22,1,49%,0.00,0,2,5,0,,253,7,6,2,,1,0,0,1,0,2,,0,,,0,0,197,8,35,,14/31 (45%),0/2 (0%),47%,2,16/36 (44%),10/19 (53%),3/9 (33%),86%,7,3,,22,,5,,,,,4
10434019,52,42632,NORMAL,REGULAR,Round 23,LEAGUE,3066,İstanbulspor,Local,ALL,05/02/2023,23,2,36%,0.00,1,7,3,1,7,370,10,10,1,,4,0,3,0,5,2,1,,3,,0,4,271,20,30,,28/65 (43%),1/6 (17%),46%,8,35/67 (52%),6/23 (26%),15/23 (65%),60%,10,18,,31,,3,,,,,13
10434019,52,42632,NORMAL,REGULAR,Round 23,LEAGUE,3066,İstanbulspor,Local,1ST,05/02/2023,23,0,37%,0.00,0,3,3,0,,197,4,6,1,,2,0,1,0,2,1,0,,0,,0,2,146,9,17,,10/28 (36%),0/4 (0%),44%,2,16/31 (52%),1/8 (13%),6/10 (60%),50%,4,9,,12,,3,,,,,6
10434019,52,42632,NORMAL,REGULAR,Round 23,LEAGUE,3066,İstanbulspor,Local,2ND,05/02/2023,23,2,34%,0.00,1,4,0,1,,173,6,4,0,,2,0,2,0,3,1,1,,3,,0,2,125,11,13,,18/37 (49%),1/2 (50%),47%,6,19/36 (53%),5/15 (33%),9/13 (69%),67%,6,9,,19,,0,,,,,7
10434019,52,42632,NORMAL,REGULAR,Round 23,LEAGUE,6362,Alanyaspor,Visita,ALL,05/02/2023,23,1,64%,0.00,0,14,2,11,10,639,16,7,1,,5,1,9,0,9,5,0,,0,,1,0,545,18,91,,31/53 (58%),8/35 (23%),54%,5,32/67 (48%),17/23 (74%),10/15 (67%),56%,16,14,,6,,2,,,,,4
10434019,52,42632,NORMAL,REGULAR,Round 23,LEAGUE,6362,Alanyaspor,Visita,1ST,05/02/2023,23,0,63%,0.00,0,6,2,5,,324,6,4,0,,4,0,2,0,4,2,0,,0,,0,0,282,8,36,,12/18 (67%),3/16 (19%),56%,1,15/31 (48%),7/8 (88%),5/8 (63%),50%,6,5,,5,,2,,,,,1
10434019,52,42632,NORMAL,REGULAR,Round 23,LEAGUE,6362,Alanyaspor,Visita,2ND,05/02/2023,23,1,66%,0.00,0,8,0,6,,315,10,3,1,,1,1,7,0,5,3,0,,0,,1,0,263,10,55,,19/35 (54%),5/19 (26%),53%,4,17/36 (47%),10/15 (67%),5/7 (71%),60%,10,9,,1,,0,,,,,3
11068561,52,42632,NORMAL,REGULAR,Round 25,LEAGUE,3066,İstanbulspor,Local,ALL,13/03/2023,25,3,34%,0.00,3,8,2,3,13,329,21,11,3,0,4,1,1,3,8,0,2,1,,,2,1,242,12,41,,26/56 (46%),1/4 (25%),55%,9,45/83 (54%),17/30 (57%),13/17 (76%),48%,21,15,,31,,2,,,,,6
11068561,52,42632,NORMAL,REGULAR,Round 25,LEAGUE,3066,İstanbulspor,Local,1ST,13/03/2023,25,1,39%,0.00,2,5,0,1,,201,11,3,1,0,2,1,1,2,5,0,1,1,,,2,1,144,9,21,,8/27 (30%),0/2 (0%),50%,4,20/39 (51%),6/13 (46%),6/9 (67%),45%,11,9,,14,,0,,,,,2
11068561,52,42632,NORMAL,REGULAR,Round 25,LEAGUE,3066,İstanbulspor,Local,2ND,13/03/2023,25,2,29%,0.00,1,3,2,2,,128,10,8,2,0,2,0,0,1,3,0,1,0,,,0,0,98,3,20,,18/29 (62%),1/2 (50%),59%,5,25/44 (57%),11/17 (65%),7/8 (88%),50%,10,6,,17,,2,,,,,4
11068561,52,42632,NORMAL,REGULAR,Round 25,LEAGUE,3076,Sivasspor,Visita,ALL,13/03/2023,25,0,66%,0.00,1,7,1,3,12,615,13,13,4,1,2,0,3,2,4,3,0,1,,,4,0,523,43,96,,43/70 (61%),4/25 (16%),45%,6,38/83 (46%),13/30 (43%),12/27 (44%),77%,13,8,,6,,1,,,,,2
11068561,52,42632,NORMAL,REGULAR,Round 25,LEAGUE,3076,Sivasspor,Visita,1ST,13/03/2023,25,0,61%,0.00,0,2,1,2,,305,7,6,1,0,0,0,1,1,1,1,0,0,,,1,0,251,18,43,,17/36 (47%),1/12 (8%),50%,5,19/39 (49%),7/13 (54%),6/12 (50%),86%,7,5,,4,,1,,,,,2
11068561,52,42632,NORMAL,REGULAR,Round 25,LEAGUE,3076,Sivasspor,Visita,2ND,13/03/2023,25,0,71%,0.00,1,5,0,1,,310,6,7,3,1,2,0,2,1,3,2,0,1,,,3,0,272,25,53,,26/34 (76%),3/13 (23%),41%,1,19/44 (43%),6/17 (35%),6/15 (40%),67%,6,3,,2,,0,,,,,0
10434126,52,42632,NORMAL,REGULAR,Round 26,LEAGUE,3050,Beşiktaş JK,Local,ALL,18/03/2023,26,3,67%,0.00,2,12,1,8,13,653,14,8,0,,3,1,6,3,5,7,1,1,,,3,1,580,17,94,,36/58 (62%),7/39 (18%),54%,12,40/77 (52%),15/24 (63%),18/24 (75%),71%,14,13,,9,,1,,,,,6
10434126,52,42632,NORMAL,REGULAR,Round 26,LEAGUE,3050,Beşiktaş JK,Local,1ST,18/03/2023,26,1,71%,0.00,1,5,0,6,,356,6,2,0,,1,0,3,1,3,2,1,0,,,2,0,317,9,61,,21/31 (68%),5/29 (17%),49%,5,16/34 (47%),8/15 (53%),8/9 (89%),67%,6,3,,2,,0,,,,,3
10434126,52,42632,NORMAL,REGULAR,Round 26,LEAGUE,3050,Beşiktaş JK,Local,2ND,18/03/2023,26,2,62%,0.00,1,7,1,2,,297,8,6,0,,2,1,3,2,2,5,0,1,,,1,1,263,8,33,,15/27 (56%),2/10 (20%),60%,7,24/43 (56%),7/9 (78%),10/15 (67%),75%,8,10,,7,,1,,,,,3
10434126,52,42632,NORMAL,REGULAR,Round 26,LEAGUE,3066,İstanbulspor,Visita,ALL,18/03/2023,26,1,33%,0.00,1,10,0,2,9,336,18,12,2,,2,1,7,1,3,7,0,1,,,1,4,253,25,33,,23/54 (43%),3/7 (43%),46%,4,37/77 (48%),9/24 (38%),7/17 (41%),61%,18,9,,27,,0,,,,,10
10434126,52,42632,NORMAL,REGULAR,Round 26,LEAGUE,3066,İstanbulspor,Visita,1ST,18/03/2023,26,0,29%,0.00,0,3,0,0,,156,6,8,1,,0,0,3,0,2,1,0,0,,,1,2,112,15,13,,8/25 (32%),1/1 (100%),51%,2,18/34 (53%),7/15 (47%),4/8 (50%),50%,6,4,,19,,0,,,,,6
10434126,52,42632,NORMAL,REGULAR,Round 26,LEAGUE,3066,İstanbulspor,Visita,2ND,18/03/2023,26,1,38%,0.00,1,7,0,2,,180,12,4,1,,2,1,4,1,1,6,0,1,,,0,2,141,10,20,,15/29 (52%),2/6 (33%),40%,2,19/43 (44%),2/9 (22%),3/9 (33%),67%,12,5,,8,,0,,,,,4
10434056,52,42632,NORMAL,REGULAR,Round 27,LEAGUE,3066,İstanbulspor,Local,ALL,03/04/2023,27,0,52%,0.00,2,11,4,8,11,510,14,18,5,0,3,0,5,3,4,7,,2,,,3,2,422,19,51,,39/65 (60%),6/15 (40%),58%,6,48/78 (62%),7/17 (41%),16/27 (59%),71%,14,13,,7,,4,,,,,2
10434056,52,42632,NORMAL,REGULAR,Round 27,LEAGUE,3066,İstanbulspor,Local,1ST,03/04/2023,27,0,44%,0.00,0,5,3,2,,242,4,6,1,0,1,0,2,2,1,4,,0,,,1,1,202,10,20,,21/36 (58%),2/4 (50%),50%,2,15/27 (56%),2/7 (29%),5/11 (45%),100%,4,7,,2,,3,,,,,1
10434056,52,42632,NORMAL,REGULAR,Round 27,LEAGUE,3066,İstanbulspor,Local,2ND,03/04/2023,27,0,61%,0.00,2,6,1,6,,268,10,12,4,0,2,0,3,1,3,3,,2,,,2,1,220,9,31,,18/29 (62%),4/11 (36%),62%,4,33/51 (65%),5/10 (50%),11/16 (69%),60%,10,6,,5,,1,,,,,1
10434056,52,42632,NORMAL,REGULAR,Round 27,LEAGUE,4954,Fatih Karagümrük,Visita,ALL,03/04/2023,27,1,48%,0.00,0,11,3,3,19,485,17,11,3,1,5,1,2,4,8,3,,0,,,0,0,394,15,49,,33/54 (61%),4/10 (40%),42%,3,30/78 (38%),10/17 (59%),2/13 (15%),59%,17,17,,15,,3,,,,,11
10434056,52,42632,NORMAL,REGULAR,Round 27,LEAGUE,4954,Fatih Karagümrük,Visita,1ST,03/04/2023,27,1,56%,0.00,0,9,1,2,,315,8,3,1,0,4,1,1,4,6,3,,0,,,0,0,270,8,28,,19/30 (63%),2/4 (50%),50%,0,12/27 (44%),5/7 (71%),1/5 (20%),63%,8,5,,3,,1,,,,,2
10434056,52,42632,NORMAL,REGULAR,Round 27,LEAGUE,4954,Fatih Karagümrük,Visita,2ND,03/04/2023,27,0,39%,0.00,0,2,2,1,,170,9,8,2,1,1,0,1,0,2,0,,0,,,0,0,124,7,21,,14/24 (58%),2/6 (33%),38%,3,18/51 (35%),5/10 (50%),1/8 (13%),56%,9,12,,12,,2,,,,,9
10434008,52,42632,NORMAL,REGULAR,Round 28,LEAGUE,3103,MKE Ankaragücü,Local,ALL,08/04/2023,28,3,53%,0.00,1,9,6,8,16,416,30,17,1,,6,0,3,0,6,3,0,1,,,3,6,320,21,53,,21/55 (38%),3/18 (17%),55%,9,60/104 (58%),11/24 (46%),14/21 (67%),60%,30,7,,18,,6,,,,,9
10434008,52,42632,NORMAL,REGULAR,Round 28,LEAGUE,3103,MKE Ankaragücü,Local,1ST,08/04/2023,28,2,63%,0.00,0,6,1,4,,252,18,6,0,,3,0,3,0,3,3,0,0,,,1,2,210,14,30,,12/24 (50%),0/11 (0%),61%,5,31/49 (63%),3/7 (43%),7/9 (78%),50%,18,6,,5,,1,,,,,4
10434008,52,42632,NORMAL,REGULAR,Round 28,LEAGUE,3103,MKE Ankaragücü,Local,2ND,08/04/2023,28,1,42%,0.00,1,3,5,4,,164,12,11,1,,3,0,0,0,3,0,0,1,,,2,4,110,7,23,,9/31 (29%),3/7 (43%),51%,4,29/55 (53%),8/17 (47%),7/12 (58%),75%,12,1,,13,,5,,,,,5
10434008,52,42632,NORMAL,REGULAR,Round 28,LEAGUE,3066,İstanbulspor,Visita,ALL,08/04/2023,28,2,47%,0.00,3,13,3,4,17,378,16,14,4,,8,0,4,1,10,3,1,2,,,1,0,281,24,55,,32/59 (54%),7/14 (50%),45%,17,44/104 (42%),13/24 (54%),14/27 (52%),63%,16,10,,16,,3,,,,,4
10434008,52,42632,NORMAL,REGULAR,Round 28,LEAGUE,3066,İstanbulspor,Visita,1ST,08/04/2023,28,0,37%,0.00,1,3,1,3,,147,7,3,1,,1,0,2,0,3,0,0,1,,,0,0,100,13,21,,10/24 (42%),4/7 (57%),39%,11,18/49 (37%),4/7 (57%),8/15 (53%),71%,7,6,,7,,1,,,,,3
10434008,52,42632,NORMAL,REGULAR,Round 28,LEAGUE,3066,İstanbulspor,Visita,2ND,08/04/2023,28,2,58%,0.00,2,10,2,1,,231,9,11,3,,7,0,2,1,7,3,1,1,,,1,0,181,11,34,,22/35 (63%),3/7 (43%),49%,6,26/55 (47%),9/17 (53%),6/12 (50%),56%,9,4,,9,,2,,,,,1
10434017,52,42632,NORMAL,REGULAR,Round 29,LEAGUE,3066,İstanbulspor,Local,ALL,15/04/2023,29,1,40%,0.00,3,9,5,4,16,358,16,14,2,,4,1,3,2,6,3,1,2,,,3,3,286,15,44,,31/64 (48%),1/6 (17%),45%,11,41/89 (46%),13/31 (42%),12/19 (63%),56%,16,11,,29,,5,,,,,7
10434017,52,42632,NORMAL,REGULAR,Round 29,LEAGUE,3066,İstanbulspor,Local,1ST,15/04/2023,29,1,51%,0.00,2,6,3,4,,223,5,8,1,,3,1,2,1,5,1,1,1,,,1,2,189,7,23,,23/37 (62%),1/6 (17%),46%,1,18/39 (46%),8/17 (47%),6/9 (67%),40%,5,3,,9,,3,,,,,5
10434017,52,42632,NORMAL,REGULAR,Round 29,LEAGUE,3066,İstanbulspor,Local,2ND,15/04/2023,29,0,29%,0.00,1,3,2,0,,135,11,6,1,,1,0,1,1,1,2,0,1,,,2,1,97,8,21,,8/27 (30%),0/0 (0%),44%,10,23/50 (46%),5/14 (36%),6/10 (60%),64%,11,8,,20,,2,,,,,2
10434017,52,42632,NORMAL,REGULAR,Round 29,LEAGUE,3086,Başakşehir FK,Visita,ALL,15/04/2023,29,0,60%,0.00,3,13,3,6,15,520,18,12,6,,5,1,3,5,12,1,0,3,,,6,1,432,19,99,,18/48 (38%),8/27 (30%),55%,10,48/89 (54%),18/31 (58%),18/24 (75%),72%,18,4,,6,,3,,,,,3
10434017,52,42632,NORMAL,REGULAR,Round 29,LEAGUE,3086,Başakşehir FK,Visita,1ST,15/04/2023,29,0,49%,0.00,2,7,2,1,,213,4,9,2,,3,1,2,2,7,0,0,2,,,4,0,177,9,39,,8/22 (36%),3/8 (38%),54%,4,21/39 (54%),9/17 (53%),8/9 (89%),100%,4,1,,5,,2,,,,,2
10434017,52,42632,NORMAL,REGULAR,Round 29,LEAGUE,3086,Başakşehir FK,Visita,2ND,15/04/2023,29,0,71%,0.00,1,6,1,5,,307,14,3,4,,2,0,1,3,5,1,0,1,,,2,1,255,10,60,,10/26 (38%),5/19 (26%),56%,6,27/50 (54%),9/14 (64%),10/15 (67%),64%,14,3,,1,,1,,,,,1
10434011,52,42632,NORMAL,REGULAR,Round 30,LEAGUE,3066,İstanbulspor,Local,ALL,19/04/2023,30,3,32%,0.00,2,8,3,3,19,274,11,10,8,,6,0,2,0,5,3,1,1,,,0,0,192,17,37,,14/47 (30%),4/10 (40%),49%,3,32/61 (52%),6/17 (35%),11/17 (65%),55%,11,7,,34,,3,,,,,9
10434011,52,42632,NORMAL,REGULAR,Round 30,LEAGUE,3066,İstanbulspor,Local,1ST,19/04/2023,30,2,35%,0.00,2,5,1,1,,157,5,7,1,,4,0,1,0,3,2,1,1,,,0,0,114,13,20,,8/24 (33%),1/2 (50%),58%,2,18/29 (62%),1/4 (25%),6/9 (67%),60%,5,2,,9,,1,,,,,4
10434011,52,42632,NORMAL,REGULAR,Round 30,LEAGUE,3066,İstanbulspor,Local,2ND,19/04/2023,30,1,28%,0.00,0,3,2,2,,117,6,3,7,,2,0,1,0,2,1,0,0,,,0,0,78,4,17,,6/23 (26%),3/8 (38%),42%,1,14/32 (44%),5/13 (38%),5/8 (63%),50%,6,5,,25,,2,,,,,5
10434011,52,42632,NORMAL,REGULAR,Round 30,LEAGUE,3056,Antalyaspor,Visita,ALL,19/04/2023,30,3,68%,0.00,2,17,3,5,10,592,9,17,1,,6,0,5,6,8,9,1,1,,,7,2,524,22,63,,27/45 (60%),4/26 (15%),51%,4,29/61 (48%),11/17 (65%),3/10 (30%),100%,9,11,,9,,3,,,,,5
10434011,52,42632,NORMAL,REGULAR,Round 30,LEAGUE,3056,Antalyaspor,Visita,1ST,19/04/2023,30,1,65%,0.00,0,6,2,0,,296,5,5,0,,2,0,1,3,1,5,0,0,,,4,1,261,10,33,,13/23 (57%),0/5 (0%),42%,1,11/29 (38%),3/4 (75%),1/5 (20%),100%,5,2,,3,,2,,,,,3
10434011,52,42632,NORMAL,REGULAR,Round 30,LEAGUE,3056,Antalyaspor,Visita,2ND,19/04/2023,30,2,72%,0.00,2,11,1,5,,296,4,12,1,,4,0,4,3,7,4,1,1,,,3,1,263,12,30,,14/22 (64%),4/21 (19%),58%,3,18/32 (56%),8/13 (62%),2/5 (40%),100%,4,9,,6,,1,,,,,2
10434097,52,42632,NORMAL,REGULAR,Round 31,LEAGUE,3052,Fenerbahçe,Local,ALL,24/04/2023,31,3,73%,0.00,3,15,1,6,14,659,23,13,3,,5,0,6,4,9,6,2,1,,,5,3,584,18,86,,42/66 (64%),6/25 (24%),56%,6,49/91 (54%),21/33 (64%),13/24 (54%),52%,23,12,,5,,1,,,,,3
10434097,52,42632,NORMAL,REGULAR,Round 31,LEAGUE,3052,Fenerbahçe,Local,1ST,24/04/2023,31,1,74%,0.00,2,7,1,4,,337,16,6,2,,2,0,3,2,5,2,1,1,,,2,1,294,10,51,,21/32 (66%),3/11 (27%),60%,4,31/55 (56%),12/17 (71%),9/15 (60%),44%,16,9,,2,,1,,,,,1
10434097,52,42632,NORMAL,REGULAR,Round 31,LEAGUE,3052,Fenerbahçe,Local,2ND,24/04/2023,31,2,73%,0.00,1,8,0,2,,322,7,7,1,,3,0,3,2,4,4,1,0,,,3,2,290,8,35,,21/34 (62%),3/14 (21%),52%,2,18/36 (50%),9/16 (56%),4/9 (44%),71%,7,3,,3,,0,,,,,2
10434097,52,42632,NORMAL,REGULAR,Round 31,LEAGUE,3066,İstanbulspor,Visita,ALL,24/04/2023,31,3,27%,0.00,2,7,2,1,14,240,17,13,4,,4,0,2,1,6,1,2,0,,,2,6,165,21,48,,22/54 (41%),3/7 (43%),44%,9,42/91 (46%),12/33 (36%),12/26 (46%),65%,17,15,,17,,2,,,,,8
10434097,52,42632,NORMAL,REGULAR,Round 31,LEAGUE,3066,İstanbulspor,Visita,1ST,24/04/2023,31,0,26%,0.00,0,1,1,0,,120,10,8,1,,1,0,0,0,1,0,0,0,,,0,4,78,8,30,,8/25 (32%),0/2 (0%),40%,5,24/55 (44%),5/17 (29%),6/17 (35%),60%,10,8,,9,,1,,,,,4
10434097,52,42632,NORMAL,REGULAR,Round 31,LEAGUE,3066,İstanbulspor,Visita,2ND,24/04/2023,31,3,27%,0.00,2,6,1,1,,120,7,5,3,,3,0,2,1,5,1,2,0,,,2,2,87,13,18,,14/29 (48%),3/5 (60%),48%,4,18/36 (50%),7/16 (44%),6/9 (67%),71%,7,7,,8,,1,,,,,4
10433814,52,42632,NORMAL,REGULAR,Round 32,LEAGUE,3066,İstanbulspor,Local,ALL,01/05/2023,32,1,30%,0.00,1,5,7,3,6,265,16,12,3,1,2,0,3,0,4,1,1,0,0,,1,0,181,12,50,,17/68 (25%),2/10 (20%),48%,8,32/68 (47%),14/28 (50%),4/12 (33%),38%,16,11,,30,,7,,,,,16
10433814,52,42632,NORMAL,REGULAR,Round 32,LEAGUE,3066,İstanbulspor,Local,1ST,01/05/2023,32,1,32%,0.00,1,5,2,2,,154,8,3,0,0,2,0,3,0,4,1,1,0,0,,0,0,115,6,24,,11/30 (37%),2/9 (22%),40%,6,12/33 (36%),5/10 (50%),1/4 (25%),50%,8,7,,13,,2,,,,,8
10433814,52,42632,NORMAL,REGULAR,Round 32,LEAGUE,3066,İstanbulspor,Local,2ND,01/05/2023,32,0,27%,0.00,0,0,5,1,,111,8,9,3,1,0,0,0,0,0,0,0,0,0,,1,0,66,6,26,,6/38 (16%),0/1 (0%),55%,2,20/35 (57%),9/18 (50%),3/8 (38%),25%,8,4,,17,,5,,,,,8
10433814,52,42632,NORMAL,REGULAR,Round 32,LEAGUE,5765,Giresunspor,Visita,ALL,01/05/2023,32,0,70%,0.00,2,30,1,4,12,624,16,5,2,0,7,0,11,12,19,11,0,2,2,,3,2,544,20,90,,42/68 (62%),10/34 (29%),52%,10,36/68 (53%),14/28 (50%),15/21 (71%),44%,16,5,,6,,1,,,,,5
10433814,52,42632,NORMAL,REGULAR,Round 32,LEAGUE,5765,Giresunspor,Visita,1ST,01/05/2023,32,0,68%,0.00,1,12,1,2,,342,9,1,0,0,2,0,5,5,6,6,0,1,0,,2,1,302,8,45,,20/35 (57%),3/12 (25%),60%,5,21/33 (64%),5/10 (50%),11/14 (79%),33%,9,2,,3,,1,,,,,4
10433814,52,42632,NORMAL,REGULAR,Round 32,LEAGUE,5765,Giresunspor,Visita,2ND,01/05/2023,32,0,73%,0.00,1,18,0,2,,282,7,4,2,0,5,0,6,7,13,5,0,1,2,,1,1,242,12,45,,22/33 (67%),7/22 (32%),45%,5,15/35 (43%),9/18 (50%),4/7 (57%),57%,7,3,,3,,0,,,,,1
10433899,52,42632,NORMAL,REGULAR,Round 34,LEAGUE,3066,İstanbulspor,Local,ALL,16/05/2023,34,0,43%,0.00,0,10,2,3,12,372,14,9,3,0,1,1,6,3,3,7,0,0,0,,1,4,295,18,38,,28/64 (44%),1/4 (25%),45%,7,40/87 (46%),14/33 (42%),17/31 (55%),64%,14,5,,24,,2,,,,,11
10433899,52,42632,NORMAL,REGULAR,Round 34,LEAGUE,3066,İstanbulspor,Local,1ST,16/05/2023,34,0,36%,0.00,0,4,1,1,,155,8,4,2,0,0,0,3,1,0,4,0,0,0,,1,2,115,11,17,,12/32 (38%),0/2 (0%),44%,5,25/53 (47%),6/17 (35%),13/22 (59%),63%,8,4,,16,,1,,,,,8
10433899,52,42632,NORMAL,REGULAR,Round 34,LEAGUE,3066,İstanbulspor,Local,2ND,16/05/2023,34,0,50%,0.00,0,6,1,2,,217,6,5,1,0,1,1,3,2,3,3,0,0,0,,0,2,180,7,21,,16/32 (50%),1/2 (50%),46%,2,15/34 (44%),8/16 (50%),4/9 (44%),67%,6,1,,8,,1,,,,,3
10433899,52,42632,NORMAL,REGULAR,Round 34,LEAGUE,3061,Galatasaray,Visita,ALL,16/05/2023,34,2,57%,0.00,3,22,1,9,10,482,21,11,1,1,4,1,9,9,15,7,2,1,1,,3,1,393,14,63,,27/46 (59%),4/25 (16%),55%,5,47/87 (54%),19/33 (58%),15/24 (63%),62%,21,7,,6,,1,,,,,11
10433899,52,42632,NORMAL,REGULAR,Round 34,LEAGUE,3061,Galatasaray,Visita,1ST,16/05/2023,34,1,64%,0.00,1,15,0,4,,267,14,6,0,0,2,1,7,6,10,5,1,0,0,,2,1,221,6,40,,18/26 (69%),3/15 (20%),56%,5,28/53 (53%),11/17 (65%),8/11 (73%),64%,14,3,,5,,0,,,,,6
10433899,52,42632,NORMAL,REGULAR,Round 34,LEAGUE,3061,Galatasaray,Visita,2ND,16/05/2023,34,1,50%,0.00,2,7,1,5,,215,7,5,1,1,2,0,2,3,5,2,1,1,1,,1,0,172,8,23,,9/20 (45%),1/10 (10%),54%,0,19/34 (56%),8/16 (50%),7/13 (54%),57%,7,4,,1,,1,,,,,5
10433789,52,42632,NORMAL,REGULAR,Round 35,LEAGUE,6063,Kasımpaşa,Local,ALL,20/05/2023,35,1,51%,0.00,4,11,2,8,16,451,22,9,2,,7,0,2,2,8,3,,4,1,,0,1,375,14,61,,27/57 (47%),4/16 (25%),50%,3,39/75 (52%),9/21 (43%),9/16 (56%),55%,22,12,,10,,2,,,,,7
10433789,52,42632,NORMAL,REGULAR,Round 35,LEAGUE,6063,Kasımpaşa,Local,1ST,20/05/2023,35,0,59%,0.00,2,8,0,4,,280,9,5,0,,4,0,2,2,6,2,,2,1,,0,0,240,8,30,,15/28 (54%),3/7 (43%),55%,0,20/35 (57%),4/9 (44%),6/8 (75%),56%,9,6,,3,,0,,,,,3
10433789,52,42632,NORMAL,REGULAR,Round 35,LEAGUE,6063,Kasımpaşa,Local,2ND,20/05/2023,35,1,42%,0.00,2,3,2,4,,171,13,4,2,,3,0,0,0,2,1,,2,0,,0,1,135,6,31,,12/29 (41%),1/9 (11%),46%,3,19/40 (48%),5/12 (42%),3/8 (38%),54%,13,6,,7,,2,,,,,4
10433789,52,42632,NORMAL,REGULAR,Round 35,LEAGUE,3066,İstanbulspor,Visita,ALL,20/05/2023,35,0,49%,0.00,1,10,6,4,9,437,10,16,1,,2,0,5,3,6,4,,1,0,,1,1,369,14,53,,22/42 (52%),2/17 (12%),50%,9,36/75 (48%),12/21 (57%),10/23 (43%),60%,10,8,,15,,6,,,,,8
10433789,52,42632,NORMAL,REGULAR,Round 35,LEAGUE,3066,İstanbulspor,Visita,1ST,20/05/2023,35,0,41%,0.00,0,2,4,2,,194,2,9,0,,0,0,2,0,0,2,,0,0,,1,1,156,5,19,,12/27 (44%),0/5 (0%),45%,5,15/35 (43%),5/9 (56%),4/8 (50%),100%,2,5,,7,,4,,,,,6
10433789,52,42632,NORMAL,REGULAR,Round 35,LEAGUE,3066,İstanbulspor,Visita,2ND,20/05/2023,35,0,58%,0.00,1,8,2,2,,243,8,7,1,,2,0,3,3,6,2,,1,0,,0,0,213,9,34,,10/15 (67%),2/12 (17%),54%,4,21/40 (53%),7/12 (58%),6/15 (40%),50%,8,3,,8,,2,,,,,2
10433829,52,42632,NORMAL,REGULAR,Round 36,LEAGUE,3066,İstanbulspor,Local,ALL,30/05/2023,36,0,45%,0.00,1,22,7,16,7,446,11,5,1,,6,0,10,6,14,8,0,1,1,,1,4,379,19,32,,29/52 (56%),8/31 (26%),45%,8,25/54 (46%),9/21 (43%),9/11 (82%),45%,11,2,61,10,,7,,,,,7
10433829,52,42632,NORMAL,REGULAR,Round 36,LEAGUE,3066,İstanbulspor,Local,1ST,30/05/2023,36,0,48%,0.00,1,7,3,6,,236,6,3,0,,2,0,1,4,4,3,0,1,1,,1,1,195,8,13,,18/35 (51%),4/12 (33%),51%,5,16/31 (52%),8/16 (50%),7/9 (78%),50%,6,0,33,7,,3,,,,,4
10433829,52,42632,NORMAL,REGULAR,Round 36,LEAGUE,3066,İstanbulspor,Local,2ND,30/05/2023,36,0,42%,0.00,0,15,4,10,,210,5,2,1,,4,0,9,2,10,5,0,0,0,,0,3,184,11,19,,11/17 (65%),4/19 (21%),36%,3,9/23 (39%),1/5 (20%),2/2 (100%),40%,5,2,28,3,,4,,,,,3
10433829,52,42632,NORMAL,REGULAR,Round 36,LEAGUE,3101,Adana Demirspor,Visita,ALL,30/05/2023,36,2,55%,0.00,2,25,6,8,5,563,10,7,1,,8,1,9,8,13,12,2,0,0,,2,1,506,16,53,,42/55 (76%),5/15 (33%),55%,2,29/54 (54%),12/21 (57%),12/21 (57%),50%,10,7,59,21,,6,,,,,9
10433829,52,42632,NORMAL,REGULAR,Round 36,LEAGUE,3101,Adana Demirspor,Visita,1ST,30/05/2023,36,1,52%,0.00,1,12,2,5,,257,7,2,1,,3,1,5,4,6,6,1,0,0,,2,1,230,12,32,,22/24 (92%),2/8 (25%),49%,2,15/31 (48%),8/16 (50%),6/10 (60%),57%,7,3,28,11,,2,,,,,1
10433829,52,42632,NORMAL,REGULAR,Round 36,LEAGUE,3101,Adana Demirspor,Visita,2ND,30/05/2023,36,1,58%,0.00,1,13,4,3,,306,3,5,0,,5,0,4,4,7,6,1,0,0,,0,0,276,4,21,,20/31 (65%),3/7 (43%),64%,0,14/23 (61%),4/5 (80%),6/11 (55%),33%,3,4,31,10,,4,,,,,8
10433937,52,42632,NORMAL,REGULAR,Round 38,LEAGUE,3066,İstanbulspor,Local,ALL,07/06/2023,38,4,63%,0.00,5,31,1,8,13,589,11,7,3,,13,1,7,11,24,7,1,4,1,,2,2,520,20,64,,32/53 (60%),4/17 (24%),47%,11,31/64 (48%),4/11 (36%),13/18 (72%),64%,11,8,65,8,,1,,,,,5
10433937,52,42632,NORMAL,REGULAR,Round 38,LEAGUE,3066,İstanbulspor,Local,1ST,07/06/2023,38,1,65%,0.00,1,16,1,5,,325,5,3,0,,5,1,2,9,12,4,0,1,1,,1,0,284,14,40,,14/25 (56%),2/12 (17%),39%,6,14/32 (44%),2/9 (22%),6/11 (55%),80%,5,6,34,5,,1,,,,,1
10433937,52,42632,NORMAL,REGULAR,Round 38,LEAGUE,3066,İstanbulspor,Local,2ND,07/06/2023,38,3,61%,0.00,4,15,0,3,,264,6,4,3,,8,0,5,2,12,3,1,3,0,,1,2,236,6,24,,18/28 (64%),2/5 (40%),56%,5,17/32 (53%),2/2 (100%),7/7 (100%),50%,6,2,31,3,,0,,,,,4
10433937,52,42632,NORMAL,REGULAR,Round 38,LEAGUE,55625,Ümraniyespor,Visita,ALL,07/06/2023,38,0,37%,0.00,0,3,8,1,9,337,16,12,1,,1,0,1,1,1,2,0,0,0,,1,2,269,15,34,,31/58 (53%),2/11 (18%),53%,6,33/64 (52%),7/11 (64%),5/10 (50%),69%,16,6,57,21,,8,,,,,10
10433937,52,42632,NORMAL,REGULAR,Round 38,LEAGUE,55625,Ümraniyespor,Visita,1ST,07/06/2023,38,0,35%,0.00,0,1,4,0,,173,11,7,0,,1,0,0,0,1,0,0,0,0,,0,1,132,4,14,,12/30 (40%),1/6 (17%),61%,3,18/32 (56%),7/9 (78%),0/2 (0%),64%,11,4,34,15,,4,,,,,3
10433937,52,42632,NORMAL,REGULAR,Round 38,LEAGUE,55625,Ümraniyespor,Visita,2ND,07/06/2023,38,0,39%,0.00,0,2,4,1,,164,5,5,1,,0,0,1,1,0,2,0,0,0,,1,1,137,11,20,,19/28 (68%),1/5 (20%),44%,3,15/32 (47%),0/2 (0%),5/8 (63%),80%,5,2,23,6,,4,,,,,7
11450000,52,53190,NORMAL,REGULAR,Round 1,LEAGUE,3085,Konyaspor,Local,ALL,12/08/2023,1,1,59%,1.60,3,16,1,10,14,428,14,9,3,1,2,0,13,1,10,6,0,3,,,5,0,371,24,65,,37/50 (74%),10/40 (25%),52%,6,30/56 (54%),15/30 (50%),7/14 (50%),79%,14,11,46,5,,1,0.75,,,,2
11450000,52,53190,NORMAL,REGULAR,Round 1,LEAGUE,3085,Konyaspor,Local,1ST,12/08/2023,1,0,58%,0.72,1,7,0,7,,238,5,4,1,0,1,0,6,0,4,3,0,1,,,3,0,206,12,34,,21/27 (78%),4/20 (20%),51%,4,13/26 (50%),8/15 (53%),4/7 (57%),80%,5,8,24,3,,0,,,,,0
11450000,52,53190,NORMAL,REGULAR,Round 1,LEAGUE,3085,Konyaspor,Local,2ND,12/08/2023,1,1,61%,0.88,2,9,1,3,,190,9,5,2,1,1,0,7,1,6,3,0,2,,,2,0,165,12,31,,16/23 (70%),6/20 (30%),53%,2,17/30 (57%),7/15 (47%),3/7 (43%),78%,9,3,22,2,,1,,,,,2
11450000,52,53190,NORMAL,REGULAR,Round 1,LEAGUE,3066,İstanbulspor,Visita,ALL,12/08/2023,1,1,41%,1.06,2,4,1,2,11,313,13,10,5,2,2,0,1,1,2,2,1,1,,,2,2,248,20,26,,16/43 (37%),0/6 (0%),48%,5,26/56 (46%),15/30 (50%),5/14 (36%),62%,13,7,37,37,,1,-0.73,,,,18
11450000,52,53190,NORMAL,REGULAR,Round 1,LEAGUE,3066,İstanbulspor,Visita,1ST,12/08/2023,1,1,42%,0.20,1,1,1,1,,182,7,6,0,0,1,0,0,0,1,0,1,0,,,0,0,151,12,12,,10/20 (50%),0/4 (0%),49%,3,13/26 (50%),7/15 (47%),2/4 (50%),71%,7,7,20,22,,1,,,,,9
11450000,52,53190,NORMAL,REGULAR,Round 1,LEAGUE,3066,İstanbulspor,Visita,2ND,12/08/2023,1,0,39%,0.86,1,3,0,1,,131,6,4,5,2,1,0,1,1,1,2,0,1,,,2,2,97,8,14,,6/23 (26%),0/2 (0%),47%,2,13/30 (43%),8/15 (53%),3/10 (30%),50%,6,0,17,15,,0,,,,,9
11451160,52,53190,NORMAL,REGULAR,Round 2,LEAGUE,3066,İstanbulspor,Local,ALL,18/08/2023,2,1,47%,0.53,0,8,3,4,11,430,12,11,1,,3,0,3,2,4,4,,0,,,1,2,366,17,50,,19/45 (42%),4/16 (25%),45%,6,27/56 (48%),5/15 (33%),4/8 (50%),75%,12,9,53,18,,3,-0.81,,,,4
11451160,52,53190,NORMAL,REGULAR,Round 2,LEAGUE,3066,İstanbulspor,Local,1ST,18/08/2023,2,0,47%,0.19,0,3,2,2,,225,4,6,0,,2,0,0,1,1,2,,0,,,0,1,189,11,26,,13/25 (52%),1/4 (25%),38%,3,10/22 (45%),1/7 (14%),0/0 (0%),75%,4,6,25,11,,2,,,,,2
11451160,52,53190,NORMAL,REGULAR,Round 2,LEAGUE,3066,İstanbulspor,Local,2ND,18/08/2023,2,1,47%,0.33,0,5,1,2,,205,8,5,1,,1,0,3,1,3,2,,0,,,1,1,177,6,24,,6/20 (30%),3/12 (25%),50%,3,17/34 (50%),4/8 (50%),4/8 (50%),75%,8,3,28,7,,1,,,,,2
11451160,52,53190,NORMAL,REGULAR,Round 2,LEAGUE,3072,Kayserispor,Visita,ALL,18/08/2023,2,1,53%,0.66,1,9,2,6,11,487,10,10,0,,4,0,3,2,7,2,,1,,,4,1,415,11,52,,37/60 (62%),4/21 (19%),55%,9,29/56 (52%),10/15 (67%),9/12 (75%),60%,10,8,56,17,,2,-0.54,,,,6
11451160,52,53190,NORMAL,REGULAR,Round 2,LEAGUE,3072,Kayserispor,Visita,1ST,18/08/2023,2,0,53%,0.33,0,4,2,2,,248,3,4,0,,2,0,2,0,3,1,,0,,,1,1,207,6,32,,14/22 (64%),1/9 (11%),62%,4,12/22 (55%),6/7 (86%),5/5 (100%),0%,3,5,29,5,,2,,,,,1
11451160,52,53190,NORMAL,REGULAR,Round 2,LEAGUE,3072,Kayserispor,Visita,2ND,18/08/2023,2,1,53%,0.34,1,5,0,4,,239,7,6,0,,2,0,1,2,4,1,,1,,,3,0,208,5,20,,23/38 (61%),3/12 (25%),50%,5,17/34 (50%),4/8 (50%),4/7 (57%),86%,7,3,27,12,,0,,,,,5
11451132,52,53190,NORMAL,REGULAR,Round 5,LEAGUE,3066,İstanbulspor,Local,ALL,17/09/2023,5,0,42%,0.16,0,7,6,0,15,416,13,9,4,,0,0,5,2,1,6,0,0,,,3,0,332,12,49,,25/53 (47%),3/9 (33%),40%,10,29/74 (39%),7/15 (47%),8/15 (53%),77%,13,13,62,16,,6,0.55,,,,8
11451132,52,53190,NORMAL,REGULAR,Round 5,LEAGUE,3066,İstanbulspor,Local,1ST,17/09/2023,5,0,41%,0.09,0,4,4,0,,222,0,2,1,,0,0,3,1,0,4,0,0,,,0,0,177,7,21,,12/27 (44%),1/3 (33%),31%,7,8/34 (24%),5/8 (63%),6/11 (55%),0%,0,8,33,9,,4,,,,,3
11451132,52,53190,NORMAL,REGULAR,Round 5,LEAGUE,3066,İstanbulspor,Local,2ND,17/09/2023,5,0,42%,0.07,0,3,2,0,,194,13,7,3,,0,0,2,1,1,2,0,0,,,3,0,155,5,28,,13/26 (50%),2/6 (33%),49%,3,21/40 (53%),2/7 (29%),2/4 (50%),77%,13,5,29,7,,2,,,,,5
11451132,52,53190,NORMAL,REGULAR,Round 5,LEAGUE,3086,Başakşehir FK,Visita,ALL,17/09/2023,5,2,58%,3.14,5,20,0,7,9,573,16,14,0,,8,0,7,5,15,5,2,3,,,1,3,499,15,51,,18/44 (41%),10/22 (45%),60%,7,45/74 (61%),8/15 (53%),14/20 (70%),56%,16,13,65,11,,0,0.00,,,,8
11451132,52,53190,NORMAL,REGULAR,Round 5,LEAGUE,3086,Başakşehir FK,Visita,1ST,17/09/2023,5,0,59%,1.13,1,8,0,4,,310,12,8,0,,4,0,2,2,6,2,0,1,,,0,2,268,8,25,,8/23 (35%),7/13 (54%),69%,0,26/34 (76%),3/8 (38%),6/6 (100%),58%,12,6,31,5,,0,,,,,3
11451132,52,53190,NORMAL,REGULAR,Round 5,LEAGUE,3086,Başakşehir FK,Visita,2ND,17/09/2023,5,2,58%,2.00,4,12,0,3,,263,4,6,0,,4,0,5,3,9,3,2,2,,,1,1,231,7,26,,10/21 (48%),3/9 (33%),51%,7,19/40 (48%),5/7 (71%),8/14 (57%),50%,4,7,34,6,,0,,,,,5
11451117,52,53190,NORMAL,REGULAR,Round 6,LEAGUE,5138,Gaziantep FK,Local,ALL,22/09/2023,6,2,37%,1.43,4,15,,8,10,258,21,12,1,,3,0,7,5,9,6,1,3,1,,6,4,187,13,50,,22/57 (39%),4/17 (24%),60%,4,43/70 (61%),19/33 (58%),10/16 (63%),62%,21,12,55,16,,,0.00,,,,4
11451117,52,53190,NORMAL,REGULAR,Round 6,LEAGUE,5138,Gaziantep FK,Local,1ST,22/09/2023,6,0,33%,0.44,2,5,,3,,120,8,4,0,,1,0,1,3,3,2,0,2,0,,2,3,82,8,19,,8/27 (30%),1/7 (14%),51%,3,16/28 (57%),7/17 (41%),4/6 (67%),50%,8,7,28,11,,,,,,,1
11451117,52,53190,NORMAL,REGULAR,Round 6,LEAGUE,5138,Gaziantep FK,Local,2ND,22/09/2023,6,2,41%,0.99,2,10,,5,,138,13,8,1,,2,0,6,2,6,4,1,1,1,,4,1,105,5,31,,14/30 (47%),3/10 (30%),67%,1,27/42 (64%),12/16 (75%),6/10 (60%),69%,13,5,27,5,,,,,,,3
11451117,52,53190,NORMAL,REGULAR,Round 6,LEAGUE,3066,İstanbulspor,Visita,ALL,22/09/2023,6,0,63%,1.12,1,6,,4,14,478,10,10,5,,0,0,4,2,4,2,0,1,0,,2,2,395,28,45,,22/47 (47%),3/6 (50%),40%,9,27/70 (39%),14/33 (42%),7/19 (37%),60%,10,3,46,18,,,-0.88,,,,11
11451117,52,53190,NORMAL,REGULAR,Round 6,LEAGUE,3066,İstanbulspor,Visita,1ST,22/09/2023,6,0,67%,0.97,1,2,,2,,265,5,4,1,,0,0,1,1,2,0,0,1,0,,0,1,216,19,30,,11/27 (41%),2/4 (50%),49%,3,12/28 (43%),10/17 (59%),3/8 (38%),60%,5,1,23,6,,,,,,,5
11451117,52,53190,NORMAL,REGULAR,Round 6,LEAGUE,3066,İstanbulspor,Visita,2ND,22/09/2023,6,0,59%,0.15,0,4,,2,,213,5,6,4,,0,0,3,1,2,2,0,0,0,,2,1,179,9,15,,11/20 (55%),1/2 (50%),33%,6,15/42 (36%),4/16 (25%),4/11 (36%),60%,5,2,23,12,,,,,,,6
11631145,52,53190,NORMAL,REGULAR,Round 3,LEAGUE,3066,İstanbulspor,Local,ALL,26/09/2023,3,0,30%,0.45,0,5,7,3,13,262,20,14,1,,3,0,2,0,2,3,,0,0,4,0,2,174,20,28,24/45 (53%),24/63 (38%),2/6 (33%),55%,7,37/62 (60%),11/26 (42%),4/7 (57%),70%,20,8,59,20,,7,0.58,1,3,,13
11631145,52,53190,NORMAL,REGULAR,Round 3,LEAGUE,3066,İstanbulspor,Local,1ST,26/09/2023,3,0,24%,0.15,0,1,6,2,,100,12,5,0,,1,0,0,0,0,1,,0,0,,0,1,59,12,14,,11/33 (33%),1/3 (33%),57%,2,17/27 (63%),7/15 (47%),1/4 (25%),67%,12,4,34,8,,6,,,,,8
11631145,52,53190,NORMAL,REGULAR,Round 3,LEAGUE,3066,İstanbulspor,Local,2ND,26/09/2023,3,0,36%,0.30,0,4,1,1,,162,8,9,1,,2,0,2,0,2,2,,0,0,,0,1,115,8,14,,13/30 (43%),1/3 (33%),52%,5,20/35 (57%),4/11 (36%),3/3 (100%),75%,8,4,25,12,,1,,,,,5
11631145,52,53190,NORMAL,REGULAR,Round 3,LEAGUE,3061,Galatasaray,Visita,ALL,26/09/2023,3,1,70%,1.99,3,16,3,4,16,597,10,12,2,,8,2,5,3,12,4,,3,1,41,4,2,513,29,105,173/225 (77%),33/52 (63%),7/27 (26%),45%,14,25/62 (40%),15/26 (58%),3/9 (33%),80%,10,17,69,10,,3,0.64,1,0,,1
11631145,52,53190,NORMAL,REGULAR,Round 3,LEAGUE,3061,Galatasaray,Visita,1ST,26/09/2023,3,1,76%,1.61,3,10,1,2,,315,5,5,0,,7,1,3,0,8,2,,3,0,,1,0,272,14,56,,18/27 (67%),6/16 (38%),43%,11,10/27 (37%),8/15 (53%),0/1 (0%),60%,5,10,39,6,,1,,,,,0
11631145,52,53190,NORMAL,REGULAR,Round 3,LEAGUE,3061,Galatasaray,Visita,2ND,26/09/2023,3,0,64%,0.39,0,6,2,2,,282,5,7,2,,1,1,2,3,4,2,,0,1,,3,2,241,15,49,,15/25 (60%),1/11 (9%),48%,3,15/35 (43%),7/11 (64%),3/8 (38%),100%,5,7,30,4,,2,,,,,1
11451112,52,53190,NORMAL,REGULAR,Round 7,LEAGUE,3066,İstanbulspor,Local,ALL,30/09/2023,7,1,47%,0.44,1,4,2,4,8,439,24,16,2,,3,0,0,1,2,2,1,,,,3,2,356,19,56,,25/56 (45%),3/19 (16%),56%,6,46/76 (61%),11/26 (42%),6/17 (35%),67%,24,9,66,26,,2,-1.50,,,,8
11451112,52,53190,NORMAL,REGULAR,Round 7,LEAGUE,3066,İstanbulspor,Local,1ST,30/09/2023,7,1,36%,0.42,1,3,0,3,,172,14,10,0,,2,0,0,1,2,1,1,,,,0,1,128,10,17,,13/29 (45%),3/8 (38%),55%,4,24/38 (63%),6/17 (35%),0/5 (0%),57%,14,9,33,15,,0,,,,,4
11451112,52,53190,NORMAL,REGULAR,Round 7,LEAGUE,3066,İstanbulspor,Local,2ND,30/09/2023,7,0,59%,0.02,0,1,2,1,,267,10,6,2,,1,0,0,0,0,1,0,,,,3,1,228,9,39,,12/27 (44%),0/11 (0%),57%,2,22/38 (58%),5/9 (56%),6/12 (50%),80%,10,0,33,11,,2,,,,,4
11451112,52,53190,NORMAL,REGULAR,Round 7,LEAGUE,3056,Antalyaspor,Visita,ALL,30/09/2023,7,2,53%,1.30,0,18,2,8,17,486,17,7,3,,4,1,9,5,10,8,0,,,,1,0,414,14,53,,20/41 (49%),11/28 (39%),44%,14,30/76 (39%),15/26 (58%),6/16 (38%),53%,17,19,74,13,,2,-0.53,,,,2
11451112,52,53190,NORMAL,REGULAR,Round 7,LEAGUE,3056,Antalyaspor,Visita,1ST,30/09/2023,7,0,64%,0.49,0,9,1,6,,305,9,2,1,,0,1,6,3,4,5,0,,,,0,0,264,7,32,,5/13 (38%),7/17 (41%),45%,10,14/38 (37%),11/17 (65%),3/7 (43%),56%,9,11,36,4,,1,,,,,0
11451112,52,53190,NORMAL,REGULAR,Round 7,LEAGUE,3056,Antalyaspor,Visita,2ND,30/09/2023,7,2,41%,0.81,0,9,1,2,,181,8,5,2,,4,0,3,2,6,3,0,,,,1,0,150,7,21,,15/28 (54%),4/11 (36%),43%,4,16/38 (42%),4/9 (44%),3/9 (33%),50%,8,8,38,9,,1,,,,,2
11451096,52,53190,NORMAL,REGULAR,Round 8,LEAGUE,3050,Beşiktaş JK,Local,ALL,08/10/2023,8,2,65%,2.13,3,18,2,4,11,641,19,9,2,,5,0,6,7,14,4,1,2,,,4,6,569,19,85,,25/42 (60%),3/18 (17%),53%,15,48/94 (51%),11/18 (61%),20/38 (53%),58%,19,13,81,11,,2,0.15,,,,3
11451096,52,53190,NORMAL,REGULAR,Round 8,LEAGUE,3050,Beşiktaş JK,Local,1ST,08/10/2023,8,1,69%,0.83,1,10,0,4,,362,9,3,0,,2,0,3,5,8,2,0,1,,,2,2,327,9,51,,12/18 (67%),3/13 (23%),55%,6,25/48 (52%),4/5 (80%),13/27 (48%),78%,9,8,38,4,,0,,,,,1
11451096,52,53190,NORMAL,REGULAR,Round 8,LEAGUE,3050,Beşiktaş JK,Local,2ND,08/10/2023,8,1,61%,1.30,2,8,2,0,,279,10,6,2,,3,0,3,2,6,2,1,1,,,2,4,242,10,34,,13/24 (54%),0/5 (0%),51%,9,23/46 (50%),7/13 (54%),7/11 (64%),40%,10,5,43,7,,2,,,,,2
11451096,52,53190,NORMAL,REGULAR,Round 8,LEAGUE,3066,İstanbulspor,Visita,ALL,08/10/2023,8,0,35%,0.38,0,4,3,4,10,345,33,10,2,,2,0,1,1,1,3,0,0,,,0,1,252,17,30,,14/54 (26%),1/11 (9%),47%,10,46/94 (49%),7/18 (39%),3/12 (25%),58%,33,11,64,25,,3,-0.47,,,,11
11451096,52,53190,NORMAL,REGULAR,Round 8,LEAGUE,3066,İstanbulspor,Visita,1ST,08/10/2023,8,0,31%,0.00,0,0,1,1,,168,20,3,0,,0,0,0,0,0,0,0,0,,,0,1,118,7,14,,4/27 (15%),0/3 (0%),45%,4,23/48 (48%),1/5 (20%),0/5 (0%),55%,20,5,34,19,,1,,,,,7
11451096,52,53190,NORMAL,REGULAR,Round 8,LEAGUE,3066,İstanbulspor,Visita,2ND,08/10/2023,8,0,39%,0.38,0,4,2,3,,177,13,7,2,,2,0,1,1,1,3,0,0,,,0,0,134,10,16,,10/27 (37%),1/8 (13%),49%,6,23/46 (50%),6/13 (46%),3/7 (43%),62%,13,6,30,6,,2,,,,,4
11451092,52,53190,NORMAL,REGULAR,Round 9,LEAGUE,3066,İstanbulspor,Local,ALL,22/10/2023,9,2,47%,1.19,2,8,0,2,14,442,15,14,0,,3,0,2,3,4,4,2,,0,,0,2,375,10,40,,18/39 (46%),2/15 (13%),46%,15,35/76 (46%),9/20 (45%),6/13 (46%),60%,15,8,58,32,,0,-0.01,,,,5
11451092,52,53190,NORMAL,REGULAR,Round 9,LEAGUE,3066,İstanbulspor,Local,1ST,22/10/2023,9,1,51%,0.46,1,2,0,2,,233,6,7,0,,1,0,1,0,2,0,1,,0,,0,0,202,4,19,,8/14 (57%),1/7 (14%),40%,8,15/37 (41%),2/6 (33%),2/6 (33%),50%,6,5,25,11,,0,,,,,5
11451092,52,53190,NORMAL,REGULAR,Round 9,LEAGUE,3066,İstanbulspor,Local,2ND,22/10/2023,9,1,43%,0.73,1,6,0,0,,209,9,7,0,,2,0,1,3,2,4,1,,0,,0,2,173,6,21,,10/25 (40%),1/8 (13%),51%,7,20/39 (51%),7/14 (50%),4/7 (57%),67%,9,3,33,21,,0,,,,,0
11451092,52,53190,NORMAL,REGULAR,Round 9,LEAGUE,3103,MKE Ankaragücü,Visita,ALL,22/10/2023,9,1,53%,1.38,1,10,1,5,14,491,22,13,3,,1,0,5,4,8,2,1,,2,,3,1,416,23,64,,24/45 (53%),6/24 (25%),54%,9,41/76 (54%),11/20 (55%),8/14 (57%),55%,22,3,52,14,,1,-0.13,,,,5
11451092,52,53190,NORMAL,REGULAR,Round 9,LEAGUE,3103,MKE Ankaragücü,Visita,1ST,22/10/2023,9,1,49%,1.14,1,6,0,3,,219,12,6,2,,1,0,4,1,4,2,1,,2,,2,1,187,12,20,,11/17 (65%),3/9 (33%),60%,3,22/37 (59%),4/6 (67%),6/9 (67%),58%,12,1,25,6,,0,,,,,2
11451092,52,53190,NORMAL,REGULAR,Round 9,LEAGUE,3103,MKE Ankaragücü,Visita,2ND,22/10/2023,9,0,57%,0.25,0,4,1,2,,272,10,7,1,,0,0,1,3,4,0,0,,0,,1,0,229,11,44,,13/28 (46%),3/15 (20%),49%,6,19/39 (49%),7/14 (50%),2/5 (40%),50%,10,2,27,8,,1,,,,,3
11451077,52,53190,NORMAL,REGULAR,Round 10,LEAGUE,6063,Kasımpaşa,Local,ALL,27/10/2023,10,3,38%,1.90,3,19,4,8,13,308,15,11,2,,11,0,3,5,11,8,2,1,0,,1,1,222,21,48,,28/63 (44%),4/21 (19%),60%,6,39/66 (59%),15/24 (63%),14/19 (74%),80%,15,12,62,17,,4,0.11,,,,14
11451077,52,53190,NORMAL,REGULAR,Round 10,LEAGUE,6063,Kasımpaşa,Local,1ST,27/10/2023,10,1,42%,0.50,1,6,3,5,,169,5,7,1,,3,0,1,2,4,2,0,1,0,,0,0,126,8,28,,14/30 (47%),2/14 (14%),53%,5,19/37 (51%),8/14 (57%),8/12 (67%),80%,5,3,31,10,,3,,,,,4
11451077,52,53190,NORMAL,REGULAR,Round 10,LEAGUE,6063,Kasımpaşa,Local,2ND,27/10/2023,10,2,34%,1.41,2,13,1,3,,139,10,4,1,,8,0,2,3,7,6,2,0,0,,1,1,96,13,20,,14/33 (42%),2/7 (29%),69%,1,20/29 (69%),7/10 (70%),6/7 (86%),80%,10,9,31,7,,1,,,,,10
11451077,52,53190,NORMAL,REGULAR,Round 10,LEAGUE,3066,İstanbulspor,Visita,ALL,27/10/2023,10,1,62%,2.05,2,19,8,5,11,504,11,12,2,,6,1,9,4,11,8,1,1,1,,1,2,415,24,70,,27/57 (47%),6/22 (27%),40%,10,27/66 (41%),9/24 (38%),4/9 (44%),64%,11,11,70,16,,8,-0.91,,,,4
11451077,52,53190,NORMAL,REGULAR,Round 10,LEAGUE,3066,İstanbulspor,Visita,1ST,27/10/2023,10,0,58%,0.70,1,10,2,3,,238,9,7,1,,4,1,5,1,5,5,0,1,1,,1,2,190,9,32,,14/30 (47%),2/8 (25%),47%,4,18/37 (49%),6/14 (43%),2/3 (67%),56%,9,7,34,6,,2,,,,,1
11451077,52,53190,NORMAL,REGULAR,Round 10,LEAGUE,3066,İstanbulspor,Visita,2ND,27/10/2023,10,1,66%,1.36,1,9,6,2,,266,2,5,1,,2,0,4,3,6,3,1,0,0,,0,0,225,15,38,,13/27 (48%),4/14 (29%),31%,6,9/29 (31%),3/10 (30%),2/6 (33%),100%,2,4,36,10,,6,,,,,3
11756798,96,55202,NORMAL,PLAYOFF,Round 3,LEAGUE,3066,İstanbulspor,Local,ALL,01/11/2023,3,2,,,,,,4,,,,,2,1,,,,,,,,,,,,,,,,,,,,,,,,,,,,,,,,,,,
11756798,96,55202,NORMAL,PLAYOFF,Round 3,LEAGUE,3066,İstanbulspor,Local,1ST,01/11/2023,3,,,,,,,,,,,,,,,,,,,,,,,,,,,,,,,,,,,,,,,,,,,,,,,,
11756798,96,55202,NORMAL,PLAYOFF,Round 3,LEAGUE,3066,İstanbulspor,Local,2ND,01/11/2023,3,,,,,,,,,,,,,,,,,,,,,,,,,,,,,,,,,,,,,,,,,,,,,,,,
11756798,96,55202,NORMAL,PLAYOFF,Round 3,LEAGUE,495637,Antalya Kepezspor,Visita,ALL,01/11/2023,3,3,,,,,,7,,,,,1,0,,,,,,,,,,,,,,,,,,,,,,,,,,,,,,,,,,,
11756798,96,55202,NORMAL,PLAYOFF,Round 3,LEAGUE,495637,Antalya Kepezspor,Visita,1ST,01/11/2023,3,,,,,,,,,,,,,,,,,,,,,,,,,,,,,,,,,,,,,,,,,,,,,,,,
11756798,96,55202,NORMAL,PLAYOFF,Round 3,LEAGUE,495637,Antalya Kepezspor,Visita,2ND,01/11/2023,3,,,,,,,,,,,,,,,,,,,,,,,,,,,,,,,,,,,,,,,,,,,,,,,,
11451071,52,53190,NORMAL,REGULAR,Round 11,LEAGUE,3066,İstanbulspor,Local,ALL,04/11/2023,11,2,54%,2.43,6,14,7,4,13,391,11,7,2,,5,0,7,2,9,5,2,4,2,22,1,3,319,10,46,69/112 (62%),22/53 (42%),3/12 (25%),36%,8,22/66 (33%),10/22 (45%),4/16 (25%),73%,11,11,58,23,0,7,-1.22,,1,2,13
11451071,52,53190,NORMAL,REGULAR,Round 11,LEAGUE,3066,İstanbulspor,Local,1ST,04/11/2023,11,1,49%,1.57,3,6,4,1,,196,4,1,0,,2,0,4,0,4,2,1,2,0,,1,2,166,5,21,,12/26 (46%),0/2 (0%),27%,1,6/28 (21%),4/9 (44%),1/9 (11%),75%,4,4,26,15,,4,,,,,6
11451071,52,53190,NORMAL,REGULAR,Round 11,LEAGUE,3066,İstanbulspor,Local,2ND,04/11/2023,11,1,60%,0.86,3,8,3,3,,195,7,6,2,,3,0,3,2,5,3,1,2,2,,0,1,153,5,25,,10/27 (37%),3/10 (30%),43%,7,16/38 (42%),6/13 (46%),3/7 (43%),71%,7,7,32,8,,3,,,,,7
11451071,52,53190,NORMAL,REGULAR,Round 11,LEAGUE,7032,Pendikspor,Visita,ALL,04/11/2023,11,4,46%,3.03,5,26,1,7,8,318,20,12,3,,11,1,9,6,19,7,3,2,1,30,3,1,255,13,55,100/138 (72%),27/45 (60%),6/25 (24%),64%,6,44/66 (67%),12/22 (55%),12/17 (71%),60%,20,7,51,33,1,1,-1.01,,0,0,12
11451071,52,53190,NORMAL,REGULAR,Round 11,LEAGUE,7032,Pendikspor,Visita,1ST,04/11/2023,11,2,51%,1.62,3,16,0,6,,187,9,7,0,,6,0,5,5,11,5,2,1,0,,3,1,157,4,26,,11/19 (58%),5/20 (25%),73%,1,22/28 (79%),5/9 (56%),6/9 (67%),56%,9,1,24,11,,0,,,,,6
11451071,52,53190,NORMAL,REGULAR,Round 11,LEAGUE,7032,Pendikspor,Visita,2ND,04/11/2023,11,2,40%,1.40,2,10,1,1,,131,11,5,3,,5,1,4,1,8,2,1,1,1,,0,0,98,9,29,,16/26 (62%),1/5 (20%),57%,5,22/38 (58%),7/13 (54%),6/8 (75%),64%,11,6,27,22,,1,,,,,6
11451140,52,53190,NORMAL,REGULAR,Round 4,LEAGUE,3053,Samsunspor,Local,ALL,08/11/2023,4,2,53%,1.49,2,15,1,7,17,379,23,10,3,,4,1,6,5,9,6,1,1,0,,5,4,275,26,62,,26/58 (45%),6/20 (30%),52%,5,38/72 (53%),26/51 (51%),7/13 (54%),78%,23,7,64,20,,1,-0.00,,,,7
11451140,52,53190,NORMAL,REGULAR,Round 4,LEAGUE,3053,Samsunspor,Local,1ST,08/11/2023,4,0,50%,0.21,0,5,0,4,,179,11,3,1,,0,0,3,2,3,2,0,0,0,,1,0,132,13,26,,12/28 (43%),1/9 (11%),46%,3,17/36 (47%),9/20 (45%),3/7 (43%),82%,11,4,26,10,,0,,,,,4
11451140,52,53190,NORMAL,REGULAR,Round 4,LEAGUE,3053,Samsunspor,Local,2ND,08/11/2023,4,2,56%,1.28,2,10,1,3,,200,12,7,2,,4,1,3,3,6,4,1,1,0,,4,4,143,13,36,,14/30 (47%),5/11 (45%),57%,2,21/36 (58%),17/31 (55%),4/6 (67%),75%,12,3,38,10,,1,,,,,3
11451140,52,53190,NORMAL,REGULAR,Round 4,LEAGUE,3066,İstanbulspor,Visita,ALL,08/11/2023,4,1,47%,0.45,1,8,2,2,11,342,11,17,5,,3,0,5,0,4,4,1,0,2,,5,2,234,34,46,,17/55 (31%),1/11 (9%),48%,11,34/72 (47%),25/51 (49%),6/18 (33%),64%,11,7,63,29,,2,-0.17,,,,10
11451140,52,53190,NORMAL,REGULAR,Round 4,LEAGUE,3066,İstanbulspor,Visita,1ST,08/11/2023,4,1,50%,0.34,1,4,0,0,,181,7,10,0,,1,0,3,0,2,2,1,0,2,,2,2,132,16,19,,10/25 (40%),0/5 (0%),54%,4,19/36 (53%),11/20 (55%),2/9 (22%),57%,7,4,31,18,,0,,,,,6
11451140,52,53190,NORMAL,REGULAR,Round 4,LEAGUE,3066,İstanbulspor,Visita,2ND,08/11/2023,4,0,44%,0.11,0,4,2,2,,161,4,7,5,,2,0,2,0,2,2,0,0,0,,3,0,102,18,27,,7/30 (23%),1/6 (17%),43%,7,15/36 (42%),14/31 (45%),4/9 (44%),75%,4,3,32,11,,2,,,,,4
11451051,52,53190,NORMAL,REGULAR,Round 12,LEAGUE,3064,Çaykur Rizespor,Local,ALL,12/11/2023,12,1,41%,0.36,0,8,0,6,18,350,20,7,1,,3,0,3,2,6,2,,0,,13,2,4,265,20,45,63/96 (66%),21/54 (39%),7/19 (37%),46%,8,35/81 (43%),18/33 (55%),8/19 (42%),65%,20,9,51,28,,0,0.00,0,1,,17
11451051,52,53190,NORMAL,REGULAR,Round 12,LEAGUE,3064,Çaykur Rizespor,Local,1ST,12/11/2023,12,1,44%,0.17,0,5,0,2,,201,13,3,0,,3,0,1,1,3,2,,0,,,0,3,162,11,23,,9/26 (35%),1/5 (20%),55%,2,23/42 (55%),9/16 (56%),7/12 (58%),69%,13,5,23,10,,0,,,,,5
11451051,52,53190,NORMAL,REGULAR,Round 12,LEAGUE,3064,Çaykur Rizespor,Local,2ND,12/11/2023,12,0,38%,0.19,0,3,0,4,,149,7,4,1,,0,0,2,1,3,0,,0,,,2,1,103,9,22,,12/28 (43%),6/14 (43%),38%,6,12/39 (31%),9/17 (53%),1/7 (14%),57%,7,4,28,18,,0,,,,,12
11451051,52,53190,NORMAL,REGULAR,Round 12,LEAGUE,3066,İstanbulspor,Visita,ALL,12/11/2023,12,0,59%,0.39,1,9,2,6,7,516,19,16,0,,0,0,7,2,5,4,,1,,27,0,0,424,26,74,125/170 (74%),33/64 (52%),7/27 (26%),54%,12,46/81 (57%),15/33 (45%),11/19 (58%),47%,19,5,55,12,,2,-0.48,1,2,,7
11451051,52,53190,NORMAL,REGULAR,Round 12,LEAGUE,3066,İstanbulspor,Visita,1ST,12/11/2023,12,0,56%,0.12,0,3,2,3,,258,7,6,0,,0,0,2,1,2,1,,0,,,0,0,215,15,38,,22/39 (56%),2/9 (22%),45%,6,19/42 (45%),7/16 (44%),6/13 (46%),43%,7,2,25,5,,2,,,,,3
11451051,52,53190,NORMAL,REGULAR,Round 12,LEAGUE,3066,İstanbulspor,Visita,2ND,12/11/2023,12,0,62%,0.27,1,6,0,3,,258,12,10,0,,0,0,5,1,3,3,,1,,,0,0,209,11,36,,11/25 (44%),5/18 (28%),62%,6,27/39 (69%),8/17 (47%),5/6 (83%),50%,12,3,30,7,,0,,,,,4
11451055,52,53190,NORMAL,REGULAR,Round 13,LEAGUE,3066,İstanbulspor,Local,ALL,25/11/2023,13,2,46%,2.45,6,16,2,8,9,390,9,12,2,,11,1,3,2,13,3,1,5,0,,2,1,285,4,55,,19/69 (28%),3/25 (12%),49%,7,29/61 (48%),15/29 (52%),8/13 (62%),56%,9,11,78,20,,2,0.08,,,,5
11451055,52,53190,NORMAL,REGULAR,Round 13,LEAGUE,3066,İstanbulspor,Local,1ST,25/11/2023,13,1,44%,1.10,2,7,2,2,,216,8,4,0,,4,1,2,1,6,1,0,2,0,,0,1,169,2,23,,10/34 (29%),0/9 (0%),52%,1,16/29 (55%),6/13 (46%),4/5 (80%),50%,8,5,41,6,,2,,,,,2
11451055,52,53190,NORMAL,REGULAR,Round 13,LEAGUE,3066,İstanbulspor,Local,2ND,25/11/2023,13,1,49%,1.35,4,9,0,6,,174,1,8,2,,7,0,1,1,7,2,1,3,0,,2,0,116,2,32,,9/35 (26%),3/16 (19%),46%,6,13/32 (41%),9/16 (56%),4/8 (50%),100%,1,6,37,14,,0,,,,,3
11451055,52,53190,NORMAL,REGULAR,Round 13,LEAGUE,3091,Hatayspor,Visita,ALL,25/11/2023,13,1,54%,2.17,2,12,9,6,14,447,12,9,3,,3,1,6,3,9,3,1,1,1,,1,3,355,21,63,,37/69 (54%),6/25 (24%),51%,2,32/61 (52%),14/29 (48%),11/18 (61%),33%,12,8,69,22,,9,1.54,,,,6
11451055,52,53190,NORMAL,REGULAR,Round 13,LEAGUE,3091,Hatayspor,Visita,1ST,25/11/2023,13,0,56%,0.42,0,5,3,3,,266,2,5,1,,2,0,3,0,4,1,0,0,1,,0,1,228,10,30,,19/32 (59%),4/12 (33%),48%,2,13/29 (45%),7/13 (54%),6/12 (50%),50%,2,6,30,7,,3,,,,,3
11451055,52,53190,NORMAL,REGULAR,Round 13,LEAGUE,3091,Hatayspor,Visita,2ND,25/11/2023,13,1,51%,1.76,2,7,6,3,,181,10,4,2,,1,1,3,3,5,2,1,1,0,,1,2,127,11,33,,18/37 (49%),2/13 (15%),54%,0,19/32 (59%),7/16 (44%),5/6 (83%),30%,10,2,39,15,,6,,,,,3
11451039,52,53190,NORMAL,REGULAR,Round 14,LEAGUE,4954,Fatih Karagümrük,Local,ALL,01/12/2023,14,3,53%,1.88,2,17,0,3,12,481,16,7,3,,5,2,9,3,10,7,,2,2,28,3,6,391,22,52,60/98 (61%),32/56 (57%),3/10 (30%),50%,7,35/66 (53%),6/16 (38%),12/20 (60%),56%,16,5,62,17,,0,0.00,,1,,10
11451039,52,53190,NORMAL,REGULAR,Round 14,LEAGUE,4954,Fatih Karagümrük,Local,1ST,01/12/2023,14,1,57%,0.15,0,6,0,3,,251,4,4,1,,1,1,3,2,2,4,,0,1,,2,3,204,13,29,,16/29 (55%),0/4 (0%),44%,5,12/27 (44%),4/9 (44%),4/8 (50%),75%,4,2,30,10,,0,,,,,4
11451039,52,53190,NORMAL,REGULAR,Round 14,LEAGUE,4954,Fatih Karagümrük,Local,2ND,01/12/2023,14,2,48%,1.73,2,11,0,0,,230,12,3,2,,4,1,6,1,8,3,,2,1,,1,3,187,9,23,,16/27 (59%),3/6 (50%),54%,2,23/39 (59%),2/7 (29%),8/12 (67%),50%,12,3,32,7,,0,,,,,6
11451039,52,53190,NORMAL,REGULAR,Round 14,LEAGUE,3066,İstanbulspor,Visita,ALL,01/12/2023,14,0,47%,0.25,0,6,3,5,8,429,15,11,1,,0,0,3,3,4,2,,0,0,10,2,2,326,19,55,58/101 (57%),22/66 (33%),1/12 (8%),50%,6,31/66 (47%),10/16 (63%),6/16 (38%),73%,15,11,56,10,,3,-2.19,,0,,8
11451039,52,53190,NORMAL,REGULAR,Round 14,LEAGUE,3066,İstanbulspor,Visita,1ST,01/12/2023,14,0,43%,0.16,0,3,1,3,,185,9,4,1,,0,0,1,2,2,1,,0,0,,0,2,137,10,25,,10/33 (30%),0/7 (0%),56%,2,15/27 (56%),5/9 (56%),2/4 (50%),78%,9,6,28,9,,1,,,,,2
11451039,52,53190,NORMAL,REGULAR,Round 14,LEAGUE,3066,İstanbulspor,Visita,2ND,01/12/2023,14,0,52%,0.09,0,3,2,2,,244,6,7,0,,0,0,2,1,2,1,,0,0,,2,0,189,9,30,,12/33 (36%),1/5 (20%),46%,4,16/39 (41%),5/7 (71%),4/12 (33%),67%,6,5,28,1,,2,,,,,6
11450211,52,53190,NORMAL,REGULAR,Round 15,LEAGUE,3066,İstanbulspor,Local,ALL,10/12/2023,15,0,49%,0.55,0,12,5,1,24,446,12,8,1,,2,0,4,6,4,8,0,0,0,,0,2,363,13,59,,36/69 (52%),7/27 (26%),35%,7,25/74 (34%),10/27 (37%),5/10 (50%),75%,12,4,62,21,,5,0.35,,,,12
11450211,52,53190,NORMAL,REGULAR,Round 15,LEAGUE,3066,İstanbulspor,Local,1ST,10/12/2023,15,0,49%,0.19,0,6,3,1,,222,3,5,0,,1,0,3,2,2,4,0,0,0,,0,1,181,7,26,,14/28 (50%),5/15 (33%),38%,2,13/32 (41%),2/8 (25%),5/9 (56%),100%,3,1,33,8,,3,,,,,7
11450211,52,53190,NORMAL,REGULAR,Round 15,LEAGUE,3066,İstanbulspor,Local,2ND,10/12/2023,15,0,48%,0.36,0,6,2,0,,224,9,3,1,,1,0,1,4,2,4,0,0,0,,0,1,182,6,33,,22/41 (54%),2/12 (17%),33%,5,12/42 (29%),8/19 (42%),0/1 (0%),67%,9,3,29,13,,2,,,,,5
11450211,52,53190,NORMAL,REGULAR,Round 15,LEAGUE,6362,Alanyaspor,Visita,ALL,10/12/2023,15,1,51%,2.96,4,18,2,9,10,475,12,23,2,,6,1,12,0,13,5,1,3,2,,4,1,383,16,69,,44/75 (59%),7/24 (29%),65%,5,49/74 (66%),17/27 (63%),14/21 (67%),50%,12,9,68,18,,2,0.31,,,,5
11450211,52,53190,NORMAL,REGULAR,Round 15,LEAGUE,6362,Alanyaspor,Visita,1ST,10/12/2023,15,0,51%,1.28,2,10,1,4,,233,6,7,1,,3,0,7,0,7,3,0,2,2,,0,0,186,6,36,,20/35 (57%),6/10 (60%),62%,2,19/32 (59%),6/8 (75%),6/7 (86%),33%,6,5,38,9,,1,,,,,4
11450211,52,53190,NORMAL,REGULAR,Round 15,LEAGUE,6362,Alanyaspor,Visita,2ND,10/12/2023,15,1,52%,1.69,2,8,1,5,,242,6,16,1,,3,1,5,0,6,2,1,1,0,,4,1,197,10,33,,24/40 (60%),1/14 (7%),67%,3,30/42 (71%),11/19 (58%),8/14 (57%),67%,6,4,30,9,,1,,,,,1
11450181,52,53190,NORMAL,REGULAR,Round 18,LEAGUE,3076,Sivasspor,Local,ALL,23/12/2023,18,1,48%,1.34,2,16,0,9,7,395,16,10,0,,6,0,8,2,11,5,1,1,,,4,0,302,13,41,,24/53 (45%),7/18 (39%),60%,8,36/67 (54%),14/16 (88%),10/17 (59%),69%,16,9,72,25,,0,0.00,,,,8
11450181,52,53190,NORMAL,REGULAR,Round 18,LEAGUE,3076,Sivasspor,Local,1ST,23/12/2023,18,0,46%,0.58,0,6,0,4,,196,7,3,0,,2,0,4,0,4,2,0,0,,,0,0,154,8,17,,10/20 (50%),3/9 (33%),48%,8,14/36 (39%),7/8 (88%),4/10 (40%),71%,7,7,39,10,,0,,,,,4
11450181,52,53190,NORMAL,REGULAR,Round 18,LEAGUE,3076,Sivasspor,Local,2ND,23/12/2023,18,1,51%,0.76,2,10,0,5,,199,9,7,0,,4,0,4,2,7,3,1,1,,,4,0,148,5,24,,14/33 (42%),4/9 (44%),74%,0,22/31 (71%),7/8 (88%),6/7 (86%),67%,9,2,33,15,,0,,,,,4
11450181,52,53190,NORMAL,REGULAR,Round 18,LEAGUE,3066,İstanbulspor,Visita,ALL,23/12/2023,18,0,52%,0.26,0,6,5,7,11,427,15,6,2,,0,0,4,2,3,3,0,0,,,1,1,340,17,74,,16/55 (29%),0/25 (0%),40%,11,31/67 (46%),2/16 (13%),10/15 (67%),53%,15,9,62,18,,5,0.33,,,,12
11450181,52,53190,NORMAL,REGULAR,Round 18,LEAGUE,3066,İstanbulspor,Visita,1ST,23/12/2023,18,0,54%,0.12,0,4,2,3,,236,14,5,1,,0,0,3,1,2,2,0,0,,,1,0,192,9,41,,8/26 (31%),0/10 (0%),52%,4,22/36 (61%),1/8 (13%),3/6 (50%),57%,14,3,32,8,,2,,,,,7
11450181,52,53190,NORMAL,REGULAR,Round 18,LEAGUE,3066,İstanbulspor,Visita,2ND,23/12/2023,18,0,49%,0.14,0,2,3,4,,191,1,1,1,,0,0,1,1,1,1,0,0,,,0,1,148,8,33,,8/29 (28%),0/15 (0%),26%,7,9/31 (29%),1/8 (13%),7/9 (78%),0%,1,6,30,10,,3,,,,,5
11450184,52,53190,NORMAL,REGULAR,Round 19,LEAGUE,3066,İstanbulspor,Local,ALL,07/01/2024,19,1,47%,0.81,1,16,9,4,12,410,14,12,3,,9,0,3,4,9,7,1,0,0,,2,1,320,16,46,,18/47 (38%),2/15 (13%),47%,5,37/77 (48%),7/17 (41%),11/26 (42%),71%,14,12,69,18,,9,-0.61,,,,5
11450184,52,53190,NORMAL,REGULAR,Round 19,LEAGUE,3066,İstanbulspor,Local,1ST,07/01/2024,19,1,49%,0.36,1,5,5,0,,208,7,7,1,,4,0,1,0,4,1,1,0,0,,0,1,161,9,19,,8/29 (28%),1/8 (13%),48%,2,17/33 (52%),5/13 (38%),3/10 (30%),71%,7,6,29,11,,5,,,,,4
11450184,52,53190,NORMAL,REGULAR,Round 19,LEAGUE,3066,İstanbulspor,Local,2ND,07/01/2024,19,0,44%,0.44,0,11,4,4,,202,7,5,2,,5,0,2,4,5,6,0,0,0,,2,0,159,7,27,,10/18 (56%),1/7 (14%),46%,3,20/44 (45%),2/4 (50%),8/16 (50%),71%,7,6,40,7,,4,,,,,1
11450184,52,53190,NORMAL,REGULAR,Round 19,LEAGUE,3052,Fenerbahçe,Visita,ALL,07/01/2024,19,5,53%,3.02,5,25,7,8,13,475,20,12,1,,14,1,7,4,16,9,1,4,3,,3,2,393,15,60,,30/48 (63%),4/14 (29%),53%,5,40/77 (52%),10/17 (59%),8/17 (47%),65%,20,11,74,15,,7,0.97,,,,3
11450184,52,53190,NORMAL,REGULAR,Round 19,LEAGUE,3052,Fenerbahçe,Visita,1ST,07/01/2024,19,4,51%,1.05,2,15,3,4,,212,9,5,0,,9,0,5,1,8,7,0,2,1,,2,1,173,10,34,,12/24 (50%),3/10 (30%),52%,2,16/33 (48%),8/13 (62%),2/7 (29%),44%,9,5,35,6,,3,,,,,1
11450184,52,53190,NORMAL,REGULAR,Round 19,LEAGUE,3052,Fenerbahçe,Visita,2ND,07/01/2024,19,1,56%,1.97,3,10,4,4,,263,11,7,1,,5,1,2,3,8,2,1,2,2,,1,1,220,5,26,,18/24 (75%),1/4 (25%),54%,3,24/44 (55%),2/4 (50%),6/10 (60%),82%,11,6,39,9,,4,,,,,2
11897405,52,53190,NORMAL,REGULAR,Round 16,LEAGUE,3101,Adana Demirspor,Local,ALL,10/01/2024,16,2,60%,1.36,3,20,3,7,6,518,13,14,0,,7,0,3,10,9,11,2,1,0,,1,4,419,23,60,,31/57 (54%),3/20 (15%),57%,10,44/78 (56%),13/22 (59%),17/24 (71%),77%,13,13,61,7,,3,-0.93,,,,8
11897405,52,53190,NORMAL,REGULAR,Round 16,LEAGUE,3101,Adana Demirspor,Local,1ST,10/01/2024,16,1,59%,0.53,2,6,0,1,,273,6,7,0,,2,0,2,2,3,3,1,1,0,,0,2,223,15,32,,15/27 (56%),0/6 (0%),58%,5,23/41 (56%),6/9 (67%),10/14 (71%),67%,6,6,35,3,,0,,,,,5
11897405,52,53190,NORMAL,REGULAR,Round 16,LEAGUE,3101,Adana Demirspor,Local,2ND,10/01/2024,16,1,62%,0.83,1,14,3,6,,245,7,7,0,,5,0,1,8,6,8,1,0,0,,1,2,196,8,28,,16/30 (53%),3/14 (21%),56%,5,21/37 (57%),7/13 (54%),7/10 (70%),86%,7,7,26,4,,3,,,,,3
11897405,52,53190,NORMAL,REGULAR,Round 16,LEAGUE,3066,İstanbulspor,Visita,ALL,10/01/2024,16,2,40%,1.04,1,14,5,7,15,346,17,6,3,,5,0,6,3,9,5,1,0,2,,2,4,264,14,44,,23/56 (41%),5/13 (38%),43%,8,34/78 (44%),9/22 (41%),11/16 (69%),53%,17,12,56,22,,5,-0.30,,,,8
11897405,52,53190,NORMAL,REGULAR,Round 16,LEAGUE,3066,İstanbulspor,Visita,1ST,10/01/2024,16,0,41%,0.36,0,7,1,4,,192,9,4,2,,0,0,4,3,6,1,0,0,2,,1,1,150,8,24,,14/32 (44%),2/6 (33%),42%,4,18/41 (44%),3/9 (33%),5/7 (71%),67%,9,6,32,8,,1,,,,,5
11897405,52,53190,NORMAL,REGULAR,Round 16,LEAGUE,3066,İstanbulspor,Visita,2ND,10/01/2024,16,2,38%,0.67,1,7,4,3,,154,8,2,1,,5,0,2,0,3,4,1,0,0,,1,3,114,6,20,,9/24 (38%),3/7 (43%),44%,4,16/37 (43%),6/13 (46%),6/9 (67%),38%,8,6,24,14,,4,,,,,3
11450145,52,53190,NORMAL,REGULAR,Round 20,LEAGUE,3066,İstanbulspor,Local,ALL,14/01/2024,20,0,59%,2.25,4,19,1,8,14,491,20,6,2,,7,3,10,2,12,7,,4,2,,1,2,388,26,75,,23/58 (40%),8/21 (38%),47%,14,33/77 (43%),18/32 (56%),7/19 (37%),45%,20,13,61,22,,1,0.05,,,,8
11450145,52,53190,NORMAL,REGULAR,Round 20,LEAGUE,3066,İstanbulspor,Local,1ST,14/01/2024,20,0,60%,0.90,1,10,0,6,,258,12,2,1,,3,2,5,2,5,5,,1,1,,1,1,213,7,35,,10/26 (38%),6/14 (43%),47%,5,14/31 (45%),7/14 (50%),0/2 (0%),42%,12,9,23,13,,0,,,,,7
11450145,52,53190,NORMAL,REGULAR,Round 20,LEAGUE,3066,İstanbulspor,Local,2ND,14/01/2024,20,0,57%,1.35,3,9,1,2,,233,8,4,1,,4,1,5,0,7,2,,3,1,,0,1,175,19,40,,13/32 (41%),2/7 (29%),47%,9,19/46 (41%),11/18 (61%),7/17 (41%),50%,8,4,38,9,,1,,,,,1
11450145,52,53190,NORMAL,REGULAR,Round 20,LEAGUE,3085,Konyaspor,Visita,ALL,14/01/2024,20,0,41%,0.32,1,8,6,3,7,340,26,12,1,,1,0,6,1,4,4,,1,0,,5,3,238,22,68,,26/70 (37%),5/23 (22%),53%,9,44/77 (57%),14/32 (44%),6/17 (35%),54%,26,9,61,16,,6,2.19,,,,13
11450145,52,53190,NORMAL,REGULAR,Round 20,LEAGUE,3085,Konyaspor,Visita,1ST,14/01/2024,20,0,40%,0.29,1,7,3,1,,170,7,6,0,,0,0,6,1,3,4,,1,0,,3,0,127,10,33,,15/36 (42%),4/12 (33%),53%,5,17/31 (55%),7/14 (50%),4/11 (36%),71%,7,6,26,8,,3,,,,,8
11450145,52,53190,NORMAL,REGULAR,Round 20,LEAGUE,3085,Konyaspor,Visita,2ND,14/01/2024,20,0,43%,0.03,0,1,3,2,,170,19,6,1,,1,0,0,0,1,0,,0,0,,2,3,111,12,35,,11/34 (32%),1/11 (9%),53%,4,27/46 (59%),7/18 (39%),2/6 (33%),47%,19,3,35,8,,3,,,,,5
11450143,52,53190,NORMAL,REGULAR,Round 21,LEAGUE,3072,Kayserispor,Local,ALL,22/01/2024,21,0,65%,0.50,0,9,6,5,15,606,18,12,2,,3,0,2,4,7,2,,0,0,,1,1,512,25,71,,34/67 (51%),5/22 (23%),50%,12,40/81 (49%),11/21 (52%),10/15 (67%),72%,18,9,69,10,,6,0.76,,,,6
11450143,52,53190,NORMAL,REGULAR,Round 21,LEAGUE,3072,Kayserispor,Local,1ST,22/01/2024,21,0,63%,0.13,0,2,2,2,,328,11,5,0,,2,0,0,0,2,0,,0,0,,0,0,284,8,39,,15/30 (50%),1/6 (17%),49%,2,18/33 (55%),0/4 (0%),2/4 (50%),73%,11,6,35,6,,2,,,,,3
11450143,52,53190,NORMAL,REGULAR,Round 21,LEAGUE,3072,Kayserispor,Local,2ND,22/01/2024,21,0,68%,0.37,0,7,4,3,,278,7,7,2,,1,0,2,4,5,2,,0,0,,1,1,228,17,32,,19/37 (51%),4/16 (25%),51%,10,22/48 (46%),11/17 (65%),8/11 (73%),71%,7,3,34,4,,4,,,,,3
11450143,52,53190,NORMAL,REGULAR,Round 21,LEAGUE,3066,İstanbulspor,Visita,ALL,22/01/2024,21,1,35%,2.16,4,17,2,7,12,325,17,13,3,,8,0,4,5,10,7,,4,1,,1,3,232,16,55,,20/58 (34%),2/13 (15%),50%,8,41/81 (51%),10/21 (48%),12/22 (55%),65%,17,6,68,29,,2,0.37,,,,7
11450143,52,53190,NORMAL,REGULAR,Round 21,LEAGUE,3066,İstanbulspor,Visita,1ST,22/01/2024,21,0,37%,0.72,1,8,1,5,,185,4,4,0,,3,0,2,3,5,3,,1,0,,0,1,145,9,24,,11/26 (42%),2/11 (18%),51%,6,15/33 (45%),4/4 (100%),7/12 (58%),100%,4,3,34,7,,1,,,,,2
11450143,52,53190,NORMAL,REGULAR,Round 21,LEAGUE,3066,İstanbulspor,Visita,2ND,22/01/2024,21,1,32%,1.44,3,9,1,2,,140,13,9,3,,5,0,2,2,5,4,,3,1,,1,2,87,7,31,,9/32 (28%),0/2 (0%),49%,2,26/48 (54%),6/17 (35%),5/10 (50%),54%,13,3,34,22,,1,,,,,5
11450157,52,53190,NORMAL,REGULAR,Round 22,LEAGUE,3061,Galatasaray,Local,ALL,25/01/2024,22,3,67%,2.34,2,16,1,3,11,525,17,19,2,0,4,0,6,6,10,6,2,,0,,4,2,442,14,61,,27/40 (68%),1/20 (5%),58%,7,44/81 (54%),17/24 (71%),8/16 (50%),76%,17,6,53,11,,1,-0.65,,,,4
11450157,52,53190,NORMAL,REGULAR,Round 22,LEAGUE,3061,Galatasaray,Local,1ST,25/01/2024,22,1,67%,1.07,1,8,1,2,,308,11,8,2,0,2,0,1,5,5,3,1,,0,,1,0,259,5,35,,16/23 (70%),0/9 (0%),69%,2,24/39 (62%),12/13 (92%),5/7 (71%),64%,11,3,23,4,,1,,,,,4
11450157,52,53190,NORMAL,REGULAR,Round 22,LEAGUE,3061,Galatasaray,Local,2ND,25/01/2024,22,2,68%,1.27,1,8,0,1,,217,6,11,0,0,2,0,5,1,5,3,1,,0,,3,2,183,9,26,,11/17 (65%),1/11 (9%),47%,5,20/42 (48%),5/11 (45%),3/9 (33%),100%,6,3,30,7,,0,,,,,0
11450157,52,53190,NORMAL,REGULAR,Round 22,LEAGUE,3066,İstanbulspor,Visita,ALL,25/01/2024,22,1,33%,0.41,0,6,1,2,22,264,15,11,5,1,2,1,3,1,2,4,0,,1,,0,0,165,16,39,,14/63 (22%),1/4 (25%),42%,7,37/81 (46%),7/24 (29%),11/21 (52%),60%,15,4,50,27,,1,-0.34,,,,15
11450157,52,53190,NORMAL,REGULAR,Round 22,LEAGUE,3066,İstanbulspor,Visita,1ST,25/01/2024,22,1,33%,0.35,0,5,1,0,,159,4,6,3,0,2,1,3,0,2,3,0,,1,,0,0,105,5,16,,7/33 (21%),1/1 (100%),31%,5,15/39 (38%),1/13 (8%),5/11 (45%),75%,4,3,26,13,,1,,,,,9
11450157,52,53190,NORMAL,REGULAR,Round 22,LEAGUE,3066,İstanbulspor,Visita,2ND,25/01/2024,22,0,32%,0.06,0,1,0,2,,105,11,5,2,1,0,0,0,1,0,1,0,,0,,0,0,60,11,23,,7/30 (23%),0/3 (0%),53%,2,22/42 (52%),6/11 (55%),6/10 (60%),55%,11,1,24,14,,0,,,,,6
11450142,52,53190,NORMAL,REGULAR,Round 23,LEAGUE,3066,İstanbulspor,Local,ALL,29/01/2024,23,1,54%,0.87,1,10,2,4,15,423,15,13,3,,5,0,3,2,4,6,1,,1,,0,3,296,20,51,,28/85 (33%),4/12 (33%),50%,7,33/62 (53%),18/40 (45%),6/12 (50%),53%,15,11,73,30,,2,0.17,,,,10
11450142,52,53190,NORMAL,REGULAR,Round 23,LEAGUE,3066,İstanbulspor,Local,1ST,29/01/2024,23,0,55%,0.21,0,3,0,2,,213,6,7,1,,1,0,2,0,1,2,0,,1,,0,1,139,11,23,,11/44 (25%),2/4 (50%),45%,4,14/29 (48%),10/24 (42%),2/7 (29%),67%,6,6,39,11,,0,,,,,5
11450142,52,53190,NORMAL,REGULAR,Round 23,LEAGUE,3066,İstanbulspor,Local,2ND,29/01/2024,23,1,54%,0.66,1,7,2,2,,210,9,6,2,,4,0,1,2,3,4,1,,0,,0,2,157,9,28,,17/41 (41%),2/8 (25%),55%,3,19/33 (58%),8/16 (50%),4/5 (80%),44%,9,5,34,19,,2,,,,,5
11450142,52,53190,NORMAL,REGULAR,Round 23,LEAGUE,3053,Samsunspor,Visita,ALL,29/01/2024,23,1,46%,0.83,0,12,4,4,13,333,13,13,1,,3,0,5,4,8,4,0,,0,,3,3,228,30,95,,30/68 (44%),5/39 (13%),50%,5,29/62 (47%),22/40 (55%),4/14 (29%),69%,13,7,73,16,,4,0.78,,,,3
11450142,52,53190,NORMAL,REGULAR,Round 23,LEAGUE,3053,Samsunspor,Visita,1ST,29/01/2024,23,0,45%,0.23,0,5,1,3,,164,9,6,1,,0,0,4,1,2,3,0,,0,,2,2,108,18,54,,12/33 (36%),2/20 (10%),55%,2,15/29 (52%),14/24 (58%),1/5 (20%),89%,9,5,38,9,,1,,,,,3
11450142,52,53190,NORMAL,REGULAR,Round 23,LEAGUE,3053,Samsunspor,Visita,2ND,29/01/2024,23,1,46%,0.60,0,7,3,1,,169,4,7,0,,3,0,1,3,6,1,0,,0,,1,1,120,12,41,,18/35 (51%),3/19 (16%),45%,3,14/33 (42%),8/16 (50%),3/9 (33%),25%,4,2,35,7,,3,,,,,0
11450112,52,53190,NORMAL,REGULAR,Round 24,LEAGUE,3086,Başakşehir FK,Local,ALL,03/02/2024,24,2,61%,3.06,3,24,4,8,8,564,11,9,1,,9,0,5,10,18,6,2,1,1,,0,1,485,19,49,,32/52 (62%),6/29 (21%),51%,11,30/63 (48%),18/31 (58%),10/18 (56%),36%,11,17,63,16,,4,0.17,,,,4
11450112,52,53190,NORMAL,REGULAR,Round 24,LEAGUE,3086,Başakşehir FK,Local,1ST,03/02/2024,24,1,70%,1.60,2,12,3,4,,338,5,3,0,,5,0,2,5,9,3,1,1,1,,0,1,299,14,29,,17/25 (68%),4/14 (29%),50%,3,12/24 (50%),6/12 (50%),4/8 (50%),40%,5,7,24,3,,3,,,,,3
11450112,52,53190,NORMAL,REGULAR,Round 24,LEAGUE,3086,Başakşehir FK,Local,2ND,03/02/2024,24,1,52%,1.46,1,12,1,4,,226,6,6,1,,4,0,3,5,9,3,1,0,0,,0,0,186,5,20,,15/27 (56%),2/15 (13%),52%,8,18/39 (46%),12/19 (63%),6/10 (60%),33%,6,10,39,13,,1,,,,,1
11450112,52,53190,NORMAL,REGULAR,Round 24,LEAGUE,3066,İstanbulspor,Visita,ALL,03/02/2024,24,0,39%,0.41,0,10,7,3,9,362,19,7,1,,4,0,3,3,5,5,0,0,0,,2,2,265,23,37,,20/58 (34%),4/12 (33%),49%,6,33/63 (52%),13/31 (42%),7/12 (58%),47%,19,16,55,21,,7,0.67,,,,7
11450112,52,53190,NORMAL,REGULAR,Round 24,LEAGUE,3066,İstanbulspor,Visita,1ST,03/02/2024,24,0,30%,0.18,0,5,4,2,,148,7,4,1,,3,0,2,0,3,2,0,0,0,,1,2,102,11,11,,10/25 (40%),2/3 (67%),50%,3,12/24 (50%),6/12 (50%),1/3 (33%),57%,7,9,26,13,,4,,,,,3
11450112,52,53190,NORMAL,REGULAR,Round 24,LEAGUE,3066,İstanbulspor,Visita,2ND,03/02/2024,24,0,48%,0.23,0,5,3,1,,214,12,3,0,,1,0,1,3,2,3,0,0,0,,1,0,163,12,26,,10/33 (30%),2/9 (22%),48%,3,21/39 (54%),7/19 (37%),6/9 (67%),42%,12,7,29,8,,3,,,,,4
11450109,52,53190,NORMAL,REGULAR,Round 25,LEAGUE,3066,İstanbulspor,Local,ALL,11/02/2024,25,1,51%,0.97,1,6,2,3,15,442,25,12,4,1,1,0,3,2,5,1,1,0,1,,3,3,332,24,54,,22/54 (41%),3/20 (15%),51%,14,53/99 (54%),15/34 (44%),16/25 (64%),64%,25,12,65,13,,2,-0.36,,,,9
11450109,52,53190,NORMAL,REGULAR,Round 25,LEAGUE,3066,İstanbulspor,Local,1ST,11/02/2024,25,1,49%,0.87,1,4,1,2,,210,13,5,2,0,1,0,2,1,4,0,1,0,1,,1,2,156,12,28,,13/31 (42%),2/9 (22%),48%,4,23/43 (53%),5/15 (33%),5/8 (63%),69%,13,7,30,5,,1,,,,,5
11450109,52,53190,NORMAL,REGULAR,Round 25,LEAGUE,3066,İstanbulspor,Local,2ND,11/02/2024,25,0,53%,0.09,0,2,1,1,,232,12,7,2,1,0,0,1,1,1,1,0,0,0,,2,1,176,12,26,,9/23 (39%),1/11 (9%),53%,10,30/56 (54%),10/19 (53%),11/17 (65%),58%,12,5,35,8,,1,,,,,4
11450109,52,53190,NORMAL,REGULAR,Round 25,LEAGUE,5138,Gaziantep FK,Visita,ALL,11/02/2024,25,3,49%,2.25,4,9,0,3,12,427,23,15,2,0,5,0,4,0,7,2,1,3,0,,2,2,329,20,56,,16/54 (30%),4/16 (25%),49%,11,46/99 (46%),19/34 (56%),8/22 (36%),65%,23,16,68,30,,0,-0.35,,,,4
11450109,52,53190,NORMAL,REGULAR,Round 25,LEAGUE,5138,Gaziantep FK,Visita,1ST,11/02/2024,25,1,51%,1.06,2,4,0,0,,216,7,10,0,0,2,0,2,0,3,1,0,2,0,,1,2,168,10,33,,8/26 (31%),2/9 (22%),52%,4,20/43 (47%),10/15 (67%),3/12 (25%),71%,7,9,32,6,,0,,,,,2
11450109,52,53190,NORMAL,REGULAR,Round 25,LEAGUE,5138,Gaziantep FK,Visita,2ND,11/02/2024,25,2,47%,1.19,2,5,0,3,,211,16,5,2,0,3,0,2,0,4,1,1,1,0,,1,0,161,10,23,,8/28 (29%),2/7 (29%),47%,7,26/56 (46%),9/19 (47%),5/10 (50%),63%,16,7,36,24,,0,,,,,2
11450105,52,53190,NORMAL,REGULAR,Round 26,LEAGUE,3056,Antalyaspor,Local,ALL,17/02/2024,26,2,52%,1.49,3,14,6,6,11,460,18,15,2,,5,0,6,3,12,2,2,1,1,,3,1,371,26,53,,33/58 (57%),12/27 (44%),54%,9,37/80 (46%),19/24 (79%),4/14 (29%),72%,18,7,52,20,,6,1.78,,,,5
11450105,52,53190,NORMAL,REGULAR,Round 26,LEAGUE,3056,Antalyaspor,Local,1ST,17/02/2024,26,2,63%,1.40,3,12,4,4,,288,5,8,0,,4,0,5,3,10,2,2,1,1,,3,0,246,10,30,,23/32 (72%),7/16 (44%),55%,4,14/32 (44%),10/12 (83%),1/5 (20%),40%,5,2,28,4,,4,,,,,2
11450105,52,53190,NORMAL,REGULAR,Round 26,LEAGUE,3056,Antalyaspor,Local,2ND,17/02/2024,26,0,40%,0.09,0,2,2,2,,172,13,7,2,,1,0,1,0,2,0,0,0,0,,0,1,125,16,23,,10/26 (38%),5/11 (45%),53%,5,23/48 (48%),9/12 (75%),3/9 (33%),85%,13,5,24,16,,2,,,,,3
11450105,52,53190,NORMAL,REGULAR,Round 26,LEAGUE,3066,İstanbulspor,Visita,ALL,17/02/2024,26,2,48%,2.07,3,13,2,6,16,435,19,9,2,,8,0,2,3,10,3,1,2,2,,3,2,345,22,47,,26/63 (41%),3/10 (30%),46%,9,43/80 (54%),5/24 (21%),15/24 (63%),47%,19,10,52,11,,2,-0.28,,,,10
11450105,52,53190,NORMAL,REGULAR,Round 26,LEAGUE,3066,İstanbulspor,Visita,1ST,17/02/2024,26,0,37%,0.30,1,5,1,2,,170,8,3,1,,4,0,0,1,3,2,0,1,1,,0,0,132,9,19,,9/27 (33%),1/3 (33%),45%,2,18/32 (56%),2/12 (17%),7/10 (70%),38%,8,3,22,9,,1,,,,,9
11450105,52,53190,NORMAL,REGULAR,Round 26,LEAGUE,3066,İstanbulspor,Visita,2ND,17/02/2024,26,2,60%,1.77,2,8,1,4,,265,11,6,1,,4,0,2,2,7,1,1,1,1,,3,2,213,13,28,,17/36 (47%),2/7 (29%),47%,7,25/48 (52%),3/12 (25%),8/14 (57%),55%,11,7,30,2,,1,,,,,1
11450096,52,53190,NORMAL,REGULAR,Round 27,LEAGUE,3066,İstanbulspor,Local,ALL,25/02/2024,27,0,49%,0.76,1,15,4,4,9,435,15,16,1,,6,1,5,4,7,8,,1,,,2,1,357,14,45,,32/59 (54%),3/15 (20%),53%,9,40/77 (52%),11/20 (55%),9/20 (45%),67%,15,8,54,13,,4,-0.81,,,,9
11450096,52,53190,NORMAL,REGULAR,Round 27,LEAGUE,3066,İstanbulspor,Local,1ST,25/02/2024,27,0,52%,0.33,1,7,1,3,,218,8,8,0,,2,1,3,2,4,3,,1,,,1,1,177,8,26,,21/41 (51%),2/11 (18%),52%,4,20/41 (49%),4/5 (80%),4/10 (40%),50%,8,6,23,4,,1,,,,,6
11450096,52,53190,NORMAL,REGULAR,Round 27,LEAGUE,3066,İstanbulspor,Local,2ND,25/02/2024,27,0,45%,0.43,0,8,3,1,,217,7,8,1,,4,0,2,2,3,5,,0,,,1,0,180,6,19,,11/18 (61%),1/4 (25%),53%,5,20/36 (56%),7/15 (47%),5/10 (50%),86%,7,2,31,9,,3,,,,,3
11450096,52,53190,NORMAL,REGULAR,Round 27,LEAGUE,3050,Beşiktaş JK,Visita,ALL,25/02/2024,27,2,51%,0.81,1,16,6,7,16,458,20,8,3,,6,0,8,2,12,4,,1,,,2,1,378,14,64,,24/56 (43%),4/20 (20%),47%,5,37/77 (48%),9/20 (45%),9/19 (47%),55%,20,10,57,14,,6,0.60,,,,5
11450096,52,53190,NORMAL,REGULAR,Round 27,LEAGUE,3050,Beşiktaş JK,Visita,1ST,25/02/2024,27,1,48%,0.41,1,8,2,1,,202,10,3,1,,2,0,5,1,5,3,,1,,,2,0,166,5,26,,9/23 (39%),2/9 (22%),48%,2,21/41 (51%),1/5 (20%),8/14 (57%),50%,10,5,26,11,,2,,,,,3
11450096,52,53190,NORMAL,REGULAR,Round 27,LEAGUE,3050,Beşiktaş JK,Visita,2ND,25/02/2024,27,1,55%,0.40,0,8,4,6,,256,10,5,2,,4,0,3,1,7,1,,0,,,0,1,212,9,38,,15/33 (45%),2/11 (18%),47%,3,16/36 (44%),8/15 (53%),1/5 (20%),60%,10,5,31,3,,4,,,,,2
11450079,52,53190,NORMAL,REGULAR,Round 28,LEAGUE,3103,MKE Ankaragücü,Local,ALL,02/03/2024,28,1,51%,0.85,3,18,4,10,5,419,16,11,3,1,7,0,6,5,10,8,,3,1,,4,3,341,19,63,,23/55 (42%),6/35 (17%),62%,8,36/62 (58%),20/28 (71%),9/13 (69%),38%,16,6,58,6,,4,0.26,,,,10
11450079,52,53190,NORMAL,REGULAR,Round 28,LEAGUE,3103,MKE Ankaragücü,Local,1ST,02/03/2024,28,0,57%,0.61,2,13,2,6,,233,9,3,1,1,3,0,5,5,6,7,,2,1,,1,1,189,7,31,,13/27 (48%),1/19 (5%),54%,5,17/33 (52%),9/15 (60%),5/8 (63%),44%,9,2,32,5,,2,,,,,4
11450079,52,53190,NORMAL,REGULAR,Round 28,LEAGUE,3103,MKE Ankaragücü,Local,2ND,02/03/2024,28,1,45%,0.24,1,5,2,4,,186,7,8,2,0,4,0,1,0,4,1,,1,0,,3,2,152,12,32,,10/28 (36%),5/16 (31%),71%,3,19/29 (66%),11/13 (85%),4/5 (80%),29%,7,4,26,1,,2,,,,,6
11450079,52,53190,NORMAL,REGULAR,Round 28,LEAGUE,3066,İstanbulspor,Visita,ALL,02/03/2024,28,1,49%,0.86,1,14,6,2,12,424,12,4,3,0,5,0,8,1,7,7,,1,0,,2,1,340,16,52,,42/78 (54%),1/8 (13%),38%,12,26/62 (42%),8/28 (29%),10/14 (71%),67%,12,2,52,35,,6,0.21,,,,15
11450079,52,53190,NORMAL,REGULAR,Round 28,LEAGUE,3066,İstanbulspor,Visita,1ST,02/03/2024,28,1,43%,0.49,1,8,2,2,,187,8,2,1,0,3,0,4,1,3,5,,1,0,,2,0,146,9,19,,18/39 (46%),1/3 (33%),46%,5,16/33 (48%),6/15 (40%),6/10 (60%),63%,8,0,26,21,,2,,,,,8
11450079,52,53190,NORMAL,REGULAR,Round 28,LEAGUE,3066,İstanbulspor,Visita,2ND,02/03/2024,28,0,55%,0.37,0,6,4,0,,237,4,2,2,0,2,0,4,0,4,2,,0,0,,0,1,194,7,33,,24/39 (62%),0/5 (0%),29%,7,10/29 (34%),2/13 (15%),4/4 (100%),75%,4,2,26,14,,4,,,,,7
11450078,52,53190,NORMAL,REGULAR,Round 29,LEAGUE,3066,İstanbulspor,Local,ALL,10/03/2024,29,1,43%,0.57,1,8,7,4,10,376,8,6,3,,2,0,2,4,5,3,0,1,0,16,0,2,273,20,51,51/90 (57%),22/71 (31%),5/12 (42%),34%,10,20/57 (35%),10/31 (32%),6/12 (50%),50%,8,11,54,30,1,7,0.70,3,1,1,17
11450078,52,53190,NORMAL,REGULAR,Round 29,LEAGUE,3066,İstanbulspor,Local,1ST,10/03/2024,29,1,42%,0.46,1,4,2,4,,177,3,3,0,,2,0,1,1,4,0,0,1,0,,0,1,126,5,31,,11/36 (31%),3/6 (50%),32%,6,7/25 (28%),5/13 (38%),1/2 (50%),67%,3,7,28,12,,2,,,,,9
11450078,52,53190,NORMAL,REGULAR,Round 29,LEAGUE,3066,İstanbulspor,Local,2ND,10/03/2024,29,0,45%,0.11,0,4,5,0,,199,5,3,3,,0,0,1,3,1,3,0,0,0,,0,1,147,15,20,,11/35 (31%),2/6 (33%),36%,4,13/32 (41%),5/18 (28%),5/10 (50%),40%,5,4,26,18,,5,,,,,8
11450078,52,53190,NORMAL,REGULAR,Round 29,LEAGUE,6063,Kasımpaşa,Visita,ALL,10/03/2024,29,2,57%,2.05,3,24,1,9,6,487,16,10,0,,9,0,10,5,9,15,2,1,2,32,3,6,395,18,60,132/174 (76%),27/59 (46%),8/30 (27%),66%,4,37/57 (65%),21/31 (68%),11/15 (73%),38%,16,9,72,8,1,1,-0.56,0,0,1,4
11450078,52,53190,NORMAL,REGULAR,Round 29,LEAGUE,6063,Kasımpaşa,Visita,1ST,10/03/2024,29,0,58%,0.75,0,8,1,3,,247,7,6,0,,2,0,5,1,2,6,0,0,0,,2,4,209,10,32,,15/26 (58%),2/13 (15%),68%,1,18/25 (72%),8/13 (62%),5/7 (71%),14%,7,1,34,6,,1,,,,,1
11450078,52,53190,NORMAL,REGULAR,Round 29,LEAGUE,6063,Kasımpaşa,Visita,2ND,10/03/2024,29,2,55%,1.30,3,16,0,6,,240,9,4,0,,7,0,5,4,7,9,2,1,2,,1,2,186,8,28,,12/33 (36%),6/17 (35%),64%,3,19/32 (59%),13/18 (72%),6/8 (75%),56%,9,8,38,2,,0,,,,,3
11450062,52,53190,NORMAL,REGULAR,Round 30,LEAGUE,7032,Pendikspor,Local,ALL,15/03/2024,30,1,64%,1.66,4,20,1,6,12,484,13,19,1,0,4,0,8,8,10,10,1,3,,,5,3,375,26,88,,29/60 (48%),7/28 (25%),59%,7,40/73 (55%),31/47 (66%),8/16 (50%),69%,13,9,52,12,,1,0.02,,,,2
11450062,52,53190,NORMAL,REGULAR,Round 30,LEAGUE,7032,Pendikspor,Local,1ST,15/03/2024,30,0,63%,0.55,1,10,0,5,,266,6,5,1,0,2,0,5,3,4,6,0,1,,,1,0,210,13,48,,16/29 (55%),3/14 (21%),57%,4,18/32 (56%),13/22 (59%),7/10 (70%),67%,6,5,31,3,,0,,,,,0
11450062,52,53190,NORMAL,REGULAR,Round 30,LEAGUE,7032,Pendikspor,Local,2ND,15/03/2024,30,1,65%,1.11,3,10,1,1,,218,7,14,0,0,2,0,3,5,6,4,1,2,,,4,3,165,13,40,,13/31 (42%),4/14 (29%),61%,3,22/41 (54%),18/25 (72%),1/6 (17%),71%,7,4,21,9,,1,,,,,2
11450062,52,53190,NORMAL,REGULAR,Round 30,LEAGUE,3066,İstanbulspor,Visita,ALL,15/03/2024,30,0,36%,0.21,0,3,3,2,19,286,15,11,6,1,1,0,1,1,2,1,0,0,,,1,2,169,17,38,,19/70 (27%),0/6 (0%),41%,7,33/73 (45%),16/47 (34%),8/14 (57%),67%,15,3,40,30,,3,1.20,,,,18
11450062,52,53190,NORMAL,REGULAR,Round 30,LEAGUE,3066,İstanbulspor,Visita,1ST,15/03/2024,30,0,37%,0.00,0,0,2,1,,162,7,6,1,0,0,0,0,0,0,0,0,0,,,0,1,99,6,18,,12/37 (32%),0/2 (0%),43%,3,14/32 (44%),9/22 (41%),2/5 (40%),86%,7,1,24,16,,2,,,,,10
11450062,52,53190,NORMAL,REGULAR,Round 30,LEAGUE,3066,İstanbulspor,Visita,2ND,15/03/2024,30,0,35%,0.21,0,3,1,1,,124,8,5,5,1,1,0,1,1,2,1,0,0,,,1,1,70,11,20,,7/33 (21%),0/4 (0%),39%,4,19/41 (46%),7/25 (28%),6/9 (67%),50%,8,2,16,14,,1,,,,,8
11450054,52,53190,NORMAL,REGULAR,Round 31,LEAGUE,3066,İstanbulspor,Local,ALL,02/04/2024,31,0,53%,0.26,0,7,7,2,10,488,19,12,4,,2,0,5,0,3,4,0,0,0,,2,0,401,17,77,,29/56 (52%),1/13 (8%),46%,14,39/86 (45%),8/16 (50%),8/18 (44%),47%,19,10,65,14,,7,-0.20,,,,10
11450054,52,53190,NORMAL,REGULAR,Round 31,LEAGUE,3066,İstanbulspor,Local,1ST,02/04/2024,31,0,55%,0.06,0,2,0,2,,251,3,4,3,,1,0,1,0,1,1,0,0,0,,0,0,195,7,42,,17/39 (44%),0/6 (0%),42%,3,12/32 (38%),6/11 (55%),5/8 (63%),33%,3,7,32,9,,0,,,,,5
11450054,52,53190,NORMAL,REGULAR,Round 31,LEAGUE,3066,İstanbulspor,Local,2ND,02/04/2024,31,0,51%,0.20,0,5,7,0,,237,16,8,1,,1,0,4,0,2,3,0,0,0,,2,0,206,10,35,,12/17 (71%),1/7 (14%),49%,11,27/54 (50%),2/5 (40%),3/10 (30%),50%,16,3,33,5,,7,,,,,5
11450054,52,53190,NORMAL,REGULAR,Round 31,LEAGUE,3064,Çaykur Rizespor,Visita,ALL,02/04/2024,31,4,47%,3.00,5,24,2,6,13,420,24,10,2,,11,1,6,7,19,5,2,3,5,,2,2,345,18,44,,29/59 (49%),5/20 (25%),54%,10,47/86 (55%),8/16 (50%),13/22 (59%),63%,24,12,70,13,,2,0.44,,,,8
11450054,52,53190,NORMAL,REGULAR,Round 31,LEAGUE,3064,Çaykur Rizespor,Visita,1ST,02/04/2024,31,2,45%,1.32,1,8,1,3,,195,6,7,1,,2,0,3,3,6,2,1,0,3,,2,1,154,11,23,,17/30 (57%),1/13 (8%),58%,1,20/32 (63%),5/11 (45%),7/9 (78%),50%,6,4,31,9,,1,,,,,3
11450054,52,53190,NORMAL,REGULAR,Round 31,LEAGUE,3064,Çaykur Rizespor,Visita,2ND,02/04/2024,31,2,49%,1.68,4,16,1,3,,225,18,3,1,,9,1,3,4,13,3,1,3,2,,0,1,191,7,21,,12/29 (41%),4/7 (57%),51%,9,27/54 (50%),3/5 (60%),6/13 (46%),67%,18,8,39,4,,1,,,,,5
11450058,52,53190,NORMAL,REGULAR,Round 32,LEAGUE,3091,Hatayspor,Local,ALL,14/04/2024,32,0,57%,2.11,3,13,3,4,17,513,22,7,2,,2,0,6,5,10,3,0,3,,,0,3,440,14,70,,16/38 (42%),4/22 (18%),56%,7,38/71 (54%),11/17 (65%),9/14 (64%),55%,22,4,57,15,,3,0.29,,,,4
11450058,52,53190,NORMAL,REGULAR,Round 32,LEAGUE,3091,Hatayspor,Local,1ST,14/04/2024,32,0,47%,0.85,2,6,3,0,,227,11,3,0,,1,0,3,2,5,1,0,2,,,0,2,189,6,36,,6/19 (32%),1/5 (20%),51%,4,20/38 (53%),5/11 (45%),6/10 (60%),55%,11,3,28,11,,3,,,,,4
11450058,52,53190,NORMAL,REGULAR,Round 32,LEAGUE,3091,Hatayspor,Local,2ND,14/04/2024,32,0,66%,1.26,1,7,0,4,,286,11,4,2,,1,0,3,3,5,2,0,1,,,0,1,251,8,34,,10/19 (53%),3/17 (18%),62%,3,18/33 (55%),6/6 (100%),3/4 (75%),55%,11,1,29,4,,0,,,,,0
11450058,52,53190,NORMAL,REGULAR,Round 32,LEAGUE,3066,İstanbulspor,Visita,ALL,14/04/2024,32,3,43%,3.19,6,14,1,7,9,393,12,15,0,,6,0,3,5,9,5,2,4,,,2,0,309,10,55,,25/64 (39%),5/16 (31%),44%,14,33/71 (46%),6/17 (35%),6/14 (43%),50%,12,8,46,17,,1,0.19,,,,11
11450058,52,53190,NORMAL,REGULAR,Round 32,LEAGUE,3066,İstanbulspor,Visita,1ST,14/04/2024,32,0,53%,1.83,4,8,0,5,,246,8,8,0,,3,0,2,3,6,2,0,4,,,2,0,201,7,32,,15/35 (43%),4/12 (33%),49%,5,18/38 (47%),6/11 (55%),2/8 (25%),38%,8,4,19,3,,0,,,,,6
11450058,52,53190,NORMAL,REGULAR,Round 32,LEAGUE,3066,İstanbulspor,Visita,2ND,14/04/2024,32,3,34%,1.36,2,6,1,2,,147,4,7,0,,3,0,1,2,3,3,2,0,,,0,0,108,3,23,,10/29 (34%),1/4 (25%),38%,9,15/33 (45%),0/6 (0%),4/6 (67%),75%,4,4,27,14,,1,,,,,5
11450033,52,53190,NORMAL,REGULAR,Round 33,LEAGUE,3066,İstanbulspor,Local,ALL,20/04/2024,33,1,42%,2.24,4,14,5,1,11,342,16,14,3,,5,1,4,5,9,5,1,3,2,24,4,1,259,13,44,44/81 (54%),27/58 (47%),1/9 (11%),49%,7,47/86 (55%),6/23 (26%),17/27 (63%),56%,16,12,57,32,1,5,-0.40,2,2,1,11
11450033,52,53190,NORMAL,REGULAR,Round 33,LEAGUE,3066,İstanbulspor,Local,1ST,20/04/2024,33,0,38%,0.10,0,3,4,1,,159,7,7,0,,1,0,1,1,0,3,0,0,0,,2,0,121,7,20,,9/29 (31%),1/5 (20%),47%,1,22/39 (56%),0/8 (0%),8/11 (73%),43%,7,4,27,16,,4,,,,,4
11450033,52,53190,NORMAL,REGULAR,Round 33,LEAGUE,3066,İstanbulspor,Local,2ND,20/04/2024,33,1,45%,2.14,4,11,1,0,,183,9,7,3,,4,1,3,4,9,2,1,3,2,,2,1,138,6,24,,18/29 (62%),0/4 (0%),50%,6,25/47 (53%),6/15 (40%),9/16 (56%),67%,9,8,30,16,,1,,,,,7
11450033,52,53190,NORMAL,REGULAR,Round 33,LEAGUE,4954,Fatih Karagümrük,Visita,ALL,20/04/2024,33,2,58%,3.56,3,24,4,7,15,468,17,10,3,,7,0,9,8,17,7,1,2,0,43,7,2,402,26,75,145/189 (77%),25/32 (78%),11/34 (32%),51%,12,39/86 (45%),17/23 (74%),12/16 (75%),47%,17,12,54,22,0,4,1.04,0,0,0,8
11450033,52,53190,NORMAL,REGULAR,Round 33,LEAGUE,4954,Fatih Karagümrük,Visita,1ST,20/04/2024,33,0,62%,2.11,2,11,1,5,,248,4,6,1,,4,0,3,4,11,0,0,2,0,,4,2,216,16,34,,16/18 (89%),8/20 (40%),53%,5,17/39 (44%),8/8 (100%),7/9 (78%),75%,4,7,22,5,,1,,,,,6
11450033,52,53190,NORMAL,REGULAR,Round 33,LEAGUE,4954,Fatih Karagümrük,Visita,2ND,20/04/2024,33,2,55%,1.45,1,13,3,2,,220,13,4,2,,3,0,6,4,6,7,1,0,0,,3,0,186,10,41,,9/14 (64%),3/14 (21%),50%,7,22/47 (47%),9/15 (60%),5/7 (71%),38%,13,5,32,17,,3,,,,,2
11450041,52,53190,NORMAL,REGULAR,Round 34,LEAGUE,6362,Alanyaspor,Local,ALL,28/04/2024,34,6,61%,2.55,4,17,5,4,12,627,22,10,1,,7,1,8,2,14,3,2,2,1,,5,1,567,11,58,,35/55 (64%),6/15 (40%),55%,11,39/69 (57%),5/11 (45%),7/8 (88%),68%,22,7,58,6,,5,1.54,,,,2
11450041,52,53190,NORMAL,REGULAR,Round 34,LEAGUE,6362,Alanyaspor,Local,1ST,28/04/2024,34,3,64%,0.37,1,6,1,0,,368,14,3,1,,4,0,2,0,6,0,0,1,0,,1,1,340,8,35,,13/24 (54%),2/6 (33%),55%,5,19/32 (59%),2/6 (33%),2/2 (100%),79%,14,0,28,2,,1,,,,,1
11450041,52,53190,NORMAL,REGULAR,Round 34,LEAGUE,6362,Alanyaspor,Local,2ND,28/04/2024,34,3,58%,2.18,3,11,4,4,,259,8,7,0,,3,1,6,2,8,3,2,1,1,,4,0,227,3,23,,22/31 (71%),4/9 (44%),55%,6,20/37 (54%),3/5 (60%),5/6 (83%),50%,8,7,30,4,,4,,,,,1
11450041,52,53190,NORMAL,REGULAR,Round 34,LEAGUE,3066,İstanbulspor,Visita,ALL,28/04/2024,34,0,39%,1.06,2,10,1,3,10,403,12,12,4,,5,2,4,1,4,6,0,2,0,,2,1,336,19,43,,31/56 (55%),1/9 (11%),45%,5,30/69 (43%),6/11 (55%),7/24 (29%),75%,12,7,49,13,,1,-3.35,,,,10
11450041,52,53190,NORMAL,REGULAR,Round 34,LEAGUE,3066,İstanbulspor,Visita,1ST,28/04/2024,34,0,36%,0.25,0,4,1,1,,212,5,6,0,,1,1,3,0,2,2,0,0,0,,1,1,179,7,22,,14/25 (56%),1/3 (33%),45%,3,13/32 (41%),4/6 (67%),2/13 (15%),80%,5,4,31,8,,1,,,,,2
11450041,52,53190,NORMAL,REGULAR,Round 34,LEAGUE,3066,İstanbulspor,Visita,2ND,28/04/2024,34,0,42%,0.80,2,6,0,2,,191,7,6,4,,4,1,1,1,2,4,0,2,0,,1,0,157,12,21,,17/31 (55%),0/6 (0%),45%,2,17/37 (46%),2/5 (40%),5/11 (45%),71%,7,3,18,5,,0,,,,,8
11540863,52,53190,NORMAL,REGULAR,Round 35,LEAGUE,3066,İstanbulspor,Local,ALL,04/05/2024,35,0,55%,0.95,0,15,4,7,9,531,13,14,3,,6,1,8,1,6,9,0,,,,6,1,463,16,56,,26/48 (54%),4/23 (17%),48%,14,36/74 (49%),7/16 (44%),9/16 (56%),62%,13,7,54,11,,4,0.91,,,,7
11540863,52,53190,NORMAL,REGULAR,Round 35,LEAGUE,3066,İstanbulspor,Local,1ST,04/05/2024,35,0,52%,0.28,0,4,4,1,,267,6,9,0,,1,1,3,0,3,1,0,,,,2,0,231,12,28,,17/29 (59%),1/13 (8%),52%,8,21/40 (53%),3/6 (50%),6/8 (75%),50%,6,3,24,4,,4,,,,,4
11540863,52,53190,NORMAL,REGULAR,Round 35,LEAGUE,3066,İstanbulspor,Local,2ND,04/05/2024,35,0,59%,0.67,0,11,0,6,,264,7,5,3,,5,0,5,1,3,8,0,,,,4,1,232,4,28,,9/19 (47%),3/10 (30%),43%,6,15/34 (44%),4/10 (40%),3/8 (38%),71%,7,4,30,7,,0,,,,,3
11540863,52,53190,NORMAL,REGULAR,Round 35,LEAGUE,3101,Adana Demirspor,Visita,ALL,04/05/2024,35,1,45%,1.57,1,14,6,5,15,437,21,8,2,,4,0,8,2,5,9,1,,,,0,1,352,12,48,,24/57 (42%),4/9 (44%),52%,8,38/74 (51%),9/16 (56%),9/14 (64%),71%,21,8,60,20,,6,0.76,,,,9
11540863,52,53190,NORMAL,REGULAR,Round 35,LEAGUE,3101,Adana Demirspor,Visita,1ST,04/05/2024,35,1,48%,1.43,1,10,1,3,,255,10,3,1,,4,0,5,1,3,7,1,,,,0,1,218,5,28,,9/22 (41%),2/4 (50%),48%,2,19/40 (48%),3/6 (50%),6/10 (60%),70%,10,6,33,12,,1,,,,,2
11540863,52,53190,NORMAL,REGULAR,Round 35,LEAGUE,3101,Adana Demirspor,Visita,2ND,04/05/2024,35,0,41%,0.15,0,4,5,2,,182,11,5,1,,0,0,3,1,2,2,0,,,,0,0,134,7,20,,15/35 (43%),2/5 (40%),57%,6,19/34 (56%),6/10 (60%),3/4 (75%),73%,11,2,27,8,,5,,,,,7
11540878,52,53190,NORMAL,REGULAR,Round 36,LEAGUE,3051,Trabzonspor,Local,ALL,12/05/2024,36,3,51%,0.66,0,13,3,7,10,488,25,7,,,5,0,3,5,8,5,,0,0,,1,1,425,14,41,,38/59 (64%),2/17 (12%),55%,11,40/72 (56%),6/12 (50%),8/12 (67%),56%,25,9,49,20,,3,0.57,,,,9
11540878,52,53190,NORMAL,REGULAR,Round 36,LEAGUE,3051,Trabzonspor,Local,1ST,12/05/2024,36,2,54%,0.48,0,10,1,4,,259,8,3,,,4,0,3,3,6,4,,0,0,,0,0,231,8,23,,21/31 (68%),1/9 (11%),56%,4,16/30 (53%),4/6 (67%),5/8 (63%),25%,8,5,27,7,,1,,,,,2
11540878,52,53190,NORMAL,REGULAR,Round 36,LEAGUE,3051,Trabzonspor,Local,2ND,12/05/2024,36,1,47%,0.17,0,3,2,3,,229,17,4,,,1,0,0,2,2,1,,0,0,,1,1,194,6,18,,17/28 (61%),1/8 (13%),54%,7,24/42 (57%),2/6 (33%),3/4 (75%),71%,17,4,22,13,,2,,,,,7
11540878,52,53190,NORMAL,REGULAR,Round 36,LEAGUE,3066,İstanbulspor,Visita,ALL,12/05/2024,36,0,49%,0.62,2,15,2,12,7,470,15,10,,,3,0,7,5,7,8,,2,1,,0,0,412,18,44,,19/32 (59%),2/19 (11%),45%,14,32/72 (44%),6/12 (50%),7/18 (39%),73%,15,13,46,16,,2,-2.15,,,,5
11540878,52,53190,NORMAL,REGULAR,Round 36,LEAGUE,3066,İstanbulspor,Visita,1ST,12/05/2024,36,0,46%,0.24,0,7,2,5,,220,7,3,,,1,0,2,4,2,5,,0,0,,0,0,184,10,22,,8/18 (44%),1/6 (17%),44%,5,14/30 (47%),2/6 (33%),4/7 (57%),71%,7,7,20,8,,2,,,,,5
11540878,52,53190,NORMAL,REGULAR,Round 36,LEAGUE,3066,İstanbulspor,Visita,2ND,12/05/2024,36,0,53%,0.38,2,8,0,7,,250,8,7,,,2,0,5,1,5,3,,2,1,,0,0,228,8,22,,11/14 (79%),1/13 (8%),46%,9,18/42 (43%),4/6 (67%),3/11 (27%),75%,8,6,26,8,,0,,,,,0
11540887,52,53190,NORMAL,REGULAR,Round 37,LEAGUE,3066,İstanbulspor,Local,ALL,17/05/2024,37,1,51%,1.66,4,16,7,5,7,422,15,10,3,1,7,0,8,1,10,6,0,4,0,22,2,2,374,8,45,93/119 (78%),21/45 (47%),9/19 (47%),58%,10,38/65 (58%),4/8 (50%),13/16 (81%),53%,15,8,54,11,1,7,0.09,4,2,1,10
11540887,52,53190,NORMAL,REGULAR,Round 37,LEAGUE,3066,İstanbulspor,Local,1ST,17/05/2024,37,0,48%,0.68,2,5,4,2,,200,4,7,1,0,2,0,3,0,4,1,0,2,0,,1,1,173,6,19,,6/23 (26%),4/9 (44%),57%,5,18/31 (58%),2/4 (50%),7/9 (78%),75%,4,4,22,7,,4,,,,,5
11540887,52,53190,NORMAL,REGULAR,Round 37,LEAGUE,3066,İstanbulspor,Local,2ND,17/05/2024,37,1,55%,0.98,2,11,3,3,,222,11,3,2,1,5,0,5,1,6,5,0,2,0,,1,1,201,2,26,,15/22 (68%),5/10 (50%),58%,5,20/34 (59%),2/4 (50%),6/7 (86%),45%,11,4,32,4,,3,,,,,5
11540887,52,53190,NORMAL,REGULAR,Round 37,LEAGUE,3076,Sivasspor,Visita,ALL,17/05/2024,37,3,49%,1.71,4,17,6,7,10,399,13,7,1,0,10,1,6,1,11,6,1,3,2,24,2,1,339,19,40,62/83 (75%),23/46 (50%),5/22 (23%),42%,9,27/65 (42%),4/8 (50%),7/13 (54%),62%,13,7,47,17,1,6,-0.18,1,0,0,9
11540887,52,53190,NORMAL,REGULAR,Round 37,LEAGUE,3076,Sivasspor,Visita,1ST,17/05/2024,37,2,52%,0.43,0,9,2,4,,218,7,4,1,0,6,1,2,1,4,5,0,0,1,,2,0,188,9,20,,14/25 (56%),2/12 (17%),43%,3,13/31 (42%),2/4 (50%),2/3 (67%),57%,7,3,23,10,,2,,,,,4
11540887,52,53190,NORMAL,REGULAR,Round 37,LEAGUE,3076,Sivasspor,Visita,2ND,17/05/2024,37,1,45%,1.28,4,8,4,3,,181,6,3,0,0,4,0,4,0,7,1,1,3,1,,0,1,151,10,20,,9/21 (43%),3/10 (30%),42%,6,14/34 (41%),2/4 (50%),5/10 (50%),67%,6,4,24,7,,4,,,,,5
11540890,52,53190,NORMAL,REGULAR,Round 38,LEAGUE,3052,Fenerbahçe,Local,ALL,26/05/2024,38,6,54%,5.21,13,26,2,4,12,468,26,5,2,,15,1,8,3,18,8,6,7,1,45,2,2,397,12,47,78/118 (66%),26/48 (54%),6/16 (38%),56%,9,37/68 (54%),13/21 (62%),6/10 (60%),69%,26,10,61,13,0,2,0.45,2,1,0,6
11540890,52,53190,NORMAL,REGULAR,Round 38,LEAGUE,3052,Fenerbahçe,Local,1ST,26/05/2024,38,3,50%,2.25,4,13,1,3,,224,18,2,0,,5,0,5,3,8,5,3,1,1,,2,1,190,7,25,,11/21 (52%),5/10 (50%),63%,3,24/37 (65%),7/12 (58%),4/7 (57%),56%,18,5,29,7,,1,,,,,3
11540890,52,53190,NORMAL,REGULAR,Round 38,LEAGUE,3052,Fenerbahçe,Local,2ND,26/05/2024,38,3,58%,2.95,9,13,1,1,,244,8,3,2,,10,1,3,0,10,3,3,6,0,,0,1,207,5,22,,15/27 (56%),1/6 (17%),48%,6,13/31 (42%),6/9 (67%),2/3 (67%),100%,8,5,32,6,,1,,,,,3
11540890,52,53190,NORMAL,REGULAR,Round 38,LEAGUE,3066,İstanbulspor,Visita,ALL,26/05/2024,38,0,46%,0.31,0,9,6,5,8,401,13,11,1,,2,1,6,1,2,7,0,0,0,4,2,2,324,17,39,65/95 (68%),22/47 (47%),2/8 (25%),44%,20,31/68 (46%),8/21 (38%),7/13 (54%),23%,13,9,52,13,1,6,-0.41,0,2,1,12
11540890,52,53190,NORMAL,REGULAR,Round 38,LEAGUE,3066,İstanbulspor,Visita,1ST,26/05/2024,38,0,50%,0.05,0,3,2,1,,227,6,4,0,,1,1,2,0,0,3,0,0,0,,1,1,189,9,21,,10/23 (43%),1/4 (25%),37%,14,13/37 (35%),5/12 (42%),3/7 (43%),50%,6,3,21,6,,2,,,,,7
11540890,52,53190,NORMAL,REGULAR,Round 38,LEAGUE,3066,İstanbulspor,Visita,2ND,26/05/2024,38,0,42%,0.26,0,6,4,4,,174,7,7,1,,1,0,4,1,2,4,0,0,0,,1,1,135,8,18,,12/24 (50%),1/4 (25%),52%,6,18/31 (58%),3/9 (33%),4/6 (67%),0%,7,6,31,7,,4,,,,,5
12596712,98,64425,NORMAL,REGULAR,Round 1,LEAGUE,3066,İstanbulspor,Local,ALL,10/08/2024,1,3,54%,0.00,4,11,1,9,12,402,17,23,1,,6,0,2,3,7,4,2,2,0,16,4,1,322,18,56,65/104 (63%),32/68 (47%),4/22 (18%),46%,15,44/88 (50%),9/27 (33%),5/14 (36%),71%,17,8,44,10,0,1,,0,1,0,6
12596712,98,64425,NORMAL,REGULAR,Round 1,LEAGUE,3066,İstanbulspor,Local,1ST,10/08/2024,1,2,61%,0.00,3,6,0,5,,230,8,12,1,,4,0,0,2,4,2,2,1,0,,3,1,193,5,24,,19/35 (54%),1/12 (8%),43%,10,21/43 (49%),4/15 (27%),1/5 (20%),63%,8,3,25,4,,0,,,,,2
12596712,98,64425,NORMAL,REGULAR,Round 1,LEAGUE,3066,İstanbulspor,Local,2ND,10/08/2024,1,1,47%,0.00,1,5,1,4,,172,9,11,0,,2,0,2,1,3,2,0,1,0,,1,0,129,13,32,,13/33 (39%),3/10 (30%),49%,5,23/45 (51%),5/12 (42%),4/9 (44%),78%,9,5,19,6,,1,,,,,4
12596712,98,64425,NORMAL,REGULAR,Round 1,LEAGUE,202391,Manisa FK,Visita,ALL,10/08/2024,1,2,46%,0.00,1,8,3,4,23,356,24,11,3,,3,0,1,4,6,2,1,0,1,18,2,3,272,21,43,50/88 (57%),31/60 (52%),2/10 (20%),54%,7,44/88 (50%),18/27 (67%),9/19 (47%),58%,24,7,50,22,1,3,,1,0,1,3
12596712,98,64425,NORMAL,REGULAR,Round 1,LEAGUE,202391,Manisa FK,Visita,1ST,10/08/2024,1,1,39%,0.00,0,4,2,2,,153,14,6,2,,1,0,1,2,3,1,0,0,1,,1,2,115,5,20,,17/34 (50%),0/4 (0%),57%,5,22/43 (51%),11/15 (73%),2/5 (40%),64%,14,5,28,14,,2,,,,,0
12596712,98,64425,NORMAL,REGULAR,Round 1,LEAGUE,202391,Manisa FK,Visita,2ND,10/08/2024,1,1,53%,0.00,1,4,1,2,,203,10,5,1,,2,0,0,2,3,1,1,0,0,,1,1,157,16,23,,14/26 (54%),2/6 (33%),51%,2,22/45 (49%),7/12 (58%),7/14 (50%),50%,10,2,22,8,,1,,,,,3
12596691,98,64425,NORMAL,REGULAR,Round 2,LEAGUE,207011,Amed Sportif Faaliyetler,Local,ALL,19/08/2024,2,0,45%,0.00,1,10,4,2,8,384,17,13,3,1,2,0,6,2,7,3,,1,0,13,1,3,313,28,50,52/88 (59%),29/55 (53%),3/9 (33%),60%,4,35/57 (61%),14/25 (56%),5/13 (38%),53%,17,14,38,15,,4,,2,0,,5
12596691,98,64425,NORMAL,REGULAR,Round 2,LEAGUE,207011,Amed Sportif Faaliyetler,Local,1ST,19/08/2024,2,0,46%,0.00,0,2,3,2,,212,9,5,2,0,0,0,2,0,1,1,,0,0,,1,2,176,12,20,,15/27 (56%),1/4 (25%),60%,2,16/26 (62%),8/14 (57%),2/6 (33%),44%,9,7,20,9,,3,,,,,2
12596691,98,64425,NORMAL,REGULAR,Round 2,LEAGUE,207011,Amed Sportif Faaliyetler,Local,2ND,19/08/2024,2,0,44%,0.00,1,8,1,0,,172,8,8,2,1,2,0,4,2,6,2,,1,0,,0,1,137,16,30,,14/28 (50%),2/5 (40%),60%,2,19/31 (61%),6/11 (55%),3/7 (43%),63%,8,7,18,6,,1,,,,,3
12596691,98,64425,NORMAL,REGULAR,Round 2,LEAGUE,3066,İstanbulspor,Visita,ALL,19/08/2024,2,1,55%,0.00,2,12,2,4,14,458,12,6,2,0,5,0,4,3,6,6,,2,1,10,0,2,381,19,55,82/122 (67%),10/37 (27%),3/14 (21%),40%,10,22/57 (39%),11/25 (44%),4/11 (36%),75%,12,7,42,7,,2,,1,1,,9
12596691,98,64425,NORMAL,REGULAR,Round 2,LEAGUE,3066,İstanbulspor,Visita,1ST,19/08/2024,2,0,54%,0.00,1,7,0,4,,241,6,3,0,0,3,0,2,2,3,4,,1,1,,0,1,200,15,22,,2/14 (14%),2/11 (18%),40%,5,10/26 (38%),6/14 (43%),1/5 (20%),67%,6,5,19,2,,0,,,,,3
12596691,98,64425,NORMAL,REGULAR,Round 2,LEAGUE,3066,İstanbulspor,Visita,2ND,19/08/2024,2,1,56%,0.00,1,5,2,0,,217,6,3,2,0,2,0,2,1,3,2,,1,0,,0,1,181,4,33,,8/23 (35%),1/3 (33%),40%,5,12/31 (39%),5/11 (45%),3/6 (50%),83%,6,2,23,5,,2,,,,,6
12596690,98,64425,NORMAL,REGULAR,Round 3,LEAGUE,3066,İstanbulspor,Local,ALL,26/08/2024,3,3,41%,0.00,8,17,3,3,17,364,14,9,2,,9,2,5,3,10,7,3,5,2,19,1,3,288,23,57,77/112 (69%),16/38 (42%),3/11 (27%),47%,9,30/75 (40%),16/23 (70%),8/14 (57%),71%,14,13,54,11,0,3,,1,2,,4
12596690,98,64425,NORMAL,REGULAR,Round 3,LEAGUE,3066,İstanbulspor,Local,1ST,26/08/2024,3,2,45%,0.00,6,9,1,2,,185,4,3,2,,6,1,2,1,7,2,2,4,1,,0,0,144,12,33,,9/19 (47%),3/7 (43%),44%,4,11/30 (37%),8/13 (62%),4/5 (80%),75%,4,5,27,3,,1,,,,,1
12596690,98,64425,NORMAL,REGULAR,Round 3,LEAGUE,3066,İstanbulspor,Local,2ND,26/08/2024,3,1,37%,0.00,2,8,2,1,,179,10,6,0,,3,1,3,2,3,5,1,1,1,,1,3,144,11,24,,7/19 (37%),0/4 (0%),49%,5,19/45 (42%),8/10 (80%),4/9 (44%),70%,10,8,27,8,,2,,,,,3
12596690,98,64425,NORMAL,REGULAR,Round 3,LEAGUE,3090,Şanlıurfaspor,Visita,ALL,26/08/2024,3,0,59%,0.00,0,6,6,1,11,528,15,17,2,,3,0,2,1,4,2,0,0,0,12,3,3,453,25,55,79/105 (75%),49/79 (62%),3/13 (23%),53%,9,45/75 (60%),7/23 (30%),13/18 (72%),67%,15,7,50,13,1,6,,0,2,,5
12596690,98,64425,NORMAL,REGULAR,Round 3,LEAGUE,3090,Şanlıurfaspor,Visita,1ST,26/08/2024,3,0,55%,0.00,0,2,4,0,,230,5,8,1,,1,0,1,0,2,0,0,0,0,,2,2,189,15,23,,19/37 (51%),2/4 (50%),56%,2,19/30 (63%),5/13 (38%),6/8 (75%),80%,5,4,22,8,,4,,,,,2
12596690,98,64425,NORMAL,REGULAR,Round 3,LEAGUE,3090,Şanlıurfaspor,Visita,2ND,26/08/2024,3,0,63%,0.00,0,4,2,1,,298,10,9,1,,2,0,1,1,2,2,0,0,0,,1,1,264,10,32,,30/42 (71%),1/9 (11%),51%,7,26/45 (58%),2/10 (20%),7/10 (70%),60%,10,3,28,5,,2,,,,,3
12596694,98,64425,NORMAL,REGULAR,Round 4,LEAGUE,3103,MKE Ankaragücü,Local,ALL,01/09/2024,4,2,42%,0.00,1,12,0,6,14,322,22,10,2,,3,0,6,3,6,6,1,,0,16,3,1,226,22,52,65/108 (60%),26/65 (40%),4/12 (33%),56%,9,35/64 (55%),21/36 (58%),3/8 (38%),73%,22,9,44,21,,0,,,1,2,6
12596694,98,64425,NORMAL,REGULAR,Round 4,LEAGUE,3103,MKE Ankaragücü,Local,1ST,01/09/2024,4,1,42%,0.00,1,7,0,1,,171,13,6,0,,2,0,3,2,3,4,1,,0,,1,1,120,9,24,,12/30 (40%),2/5 (40%),58%,4,19/33 (58%),9/15 (60%),0/2 (0%),77%,13,4,21,12,,0,,,,,3
12596694,98,64425,NORMAL,REGULAR,Round 4,LEAGUE,3103,MKE Ankaragücü,Local,2ND,01/09/2024,4,1,42%,0.00,0,5,0,5,,151,9,4,2,,1,0,3,1,3,2,0,,0,,2,0,106,13,28,,14/35 (40%),2/7 (29%),54%,5,16/31 (52%),12/21 (57%),3/6 (50%),67%,9,5,23,9,,0,,,,,3
12596694,98,64425,NORMAL,REGULAR,Round 4,LEAGUE,3066,İstanbulspor,Visita,ALL,01/09/2024,4,1,58%,0.00,1,6,1,6,11,454,14,10,1,,1,0,4,1,2,4,1,,1,8,2,1,358,28,58,76/117 (65%),19/60 (32%),3/21 (14%),44%,11,29/64 (45%),15/36 (42%),5/16 (31%),64%,14,9,41,5,,1,,,2,0,8
12596694,98,64425,NORMAL,REGULAR,Round 4,LEAGUE,3066,İstanbulspor,Visita,1ST,01/09/2024,4,0,58%,0.00,0,2,1,4,,235,6,7,0,,0,0,2,0,1,1,0,,1,,0,0,195,12,28,,13/27 (48%),3/13 (23%),42%,9,14/33 (42%),6/15 (40%),1/5 (20%),50%,6,5,19,3,,1,,,,,5
12596694,98,64425,NORMAL,REGULAR,Round 4,LEAGUE,3066,İstanbulspor,Visita,2ND,01/09/2024,4,1,58%,0.00,1,4,0,2,,219,8,3,1,,1,0,2,1,1,3,1,,0,,2,1,163,16,30,,6/33 (18%),0/8 (0%),46%,2,15/31 (48%),9/21 (43%),4/11 (36%),75%,8,4,22,2,,0,,,,,3
12596668,98,64425,NORMAL,REGULAR,Round 5,LEAGUE,3066,İstanbulspor,Local,ALL,14/09/2024,5,3,44%,0.00,8,13,2,2,15,366,30,11,3,,7,0,5,1,9,4,3,5,2,20,2,3,293,14,42,65/87 (75%),28/57 (49%),2/9 (22%),49%,9,50/102 (49%),9/19 (47%),9/23 (39%),73%,30,12,66,23,,2,,1,2,,8
12596668,98,64425,NORMAL,REGULAR,Round 5,LEAGUE,3066,İstanbulspor,Local,1ST,14/09/2024,5,1,54%,0.00,4,7,2,0,,241,17,7,1,,3,0,3,1,4,3,1,3,1,,2,0,212,6,25,,12/23 (52%),1/5 (20%),49%,5,29/57 (51%),4/10 (40%),5/12 (42%),71%,17,7,34,6,,2,,,,,2
12596668,98,64425,NORMAL,REGULAR,Round 5,LEAGUE,3066,İstanbulspor,Local,2ND,14/09/2024,5,2,32%,0.00,4,6,0,2,,125,13,4,2,,4,0,2,0,5,1,2,2,1,,0,3,81,8,17,,16/34 (47%),1/4 (25%),48%,4,21/45 (47%),5/9 (56%),4/11 (36%),77%,13,5,32,17,,0,,,,,6
12596668,98,64425,NORMAL,REGULAR,Round 5,LEAGUE,55625,Ümraniyespor,Visita,ALL,14/09/2024,5,0,56%,0.00,0,6,4,6,11,467,23,15,0,,2,0,2,2,2,4,0,0,0,14,3,3,390,18,38,102/137 (74%),23/43 (53%),3/21 (14%),51%,12,52/102 (51%),10/19 (53%),15/33 (45%),78%,23,14,52,8,,4,,1,0,,5
12596668,98,64425,NORMAL,REGULAR,Round 5,LEAGUE,55625,Ümraniyespor,Visita,1ST,14/09/2024,5,0,46%,0.00,0,3,2,3,,200,12,11,0,,2,0,0,1,1,2,0,0,0,,2,0,162,6,18,,11/22 (50%),2/7 (29%),51%,8,28/57 (49%),6/10 (60%),6/15 (40%),75%,12,5,23,4,,2,,,,,2
12596668,98,64425,NORMAL,REGULAR,Round 5,LEAGUE,55625,Ümraniyespor,Visita,2ND,14/09/2024,5,0,68%,0.00,0,3,2,3,,267,11,4,0,,0,0,2,1,1,2,0,0,0,,1,3,228,12,20,,12/21 (57%),1/14 (7%),52%,4,24/45 (53%),4/9 (44%),9/18 (50%),82%,11,9,29,4,,2,,,,,3
12596660,98,64425,NORMAL,REGULAR,Round 6,LEAGUE,3066,İstanbulspor,Local,ALL,22/09/2024,6,0,59%,0.00,2,24,3,6,11,487,13,11,0,,7,0,10,7,12,12,,2,1,36,1,2,413,23,65,133/179 (74%),45/66 (68%),5/20 (25%),40%,10,29/69 (42%),11/30 (37%),5/17 (29%),92%,13,6,64,13,,3,,1,1,1,9
12596660,98,64425,NORMAL,REGULAR,Round 6,LEAGUE,3066,İstanbulspor,Local,1ST,22/09/2024,6,0,63%,0.00,1,11,1,1,,286,7,5,0,,4,0,4,3,5,6,,1,0,,0,1,242,14,36,,24/34 (71%),1/8 (13%),44%,4,15/33 (45%),5/12 (42%),3/8 (38%),86%,7,3,31,2,,1,,,,,4
12596660,98,64425,NORMAL,REGULAR,Round 6,LEAGUE,3066,İstanbulspor,Local,2ND,22/09/2024,6,0,55%,0.00,1,13,2,5,,201,6,6,0,,3,0,6,4,7,6,,1,1,,1,1,171,9,29,,21/32 (66%),4/12 (33%),37%,6,14/36 (39%),6/18 (33%),2/9 (22%),100%,6,3,33,11,,2,,,,,5
12596660,98,64425,NORMAL,REGULAR,Round 6,LEAGUE,44320,Bandırmaspor,Visita,ALL,22/09/2024,6,0,41%,0.00,1,9,7,3,12,334,22,10,1,,3,0,3,3,5,4,,1,0,9,1,0,251,19,35,41/70 (59%),34/66 (52%),2/9 (22%),60%,7,40/69 (58%),19/30 (63%),8/14 (57%),68%,22,8,56,18,,7,,0,0,0,15
12596660,98,64425,NORMAL,REGULAR,Round 6,LEAGUE,44320,Bandırmaspor,Visita,1ST,22/09/2024,6,0,37%,0.00,1,5,4,0,,170,9,4,0,,1,0,2,2,4,1,,1,0,,0,0,127,10,14,,16/30 (53%),2/2 (100%),56%,5,18/33 (55%),7/12 (58%),5/7 (71%),67%,9,5,32,11,,4,,,,,7
12596660,98,64425,NORMAL,REGULAR,Round 6,LEAGUE,44320,Bandırmaspor,Visita,2ND,22/09/2024,6,0,45%,0.00,0,4,3,3,,164,13,6,1,,2,0,1,1,1,3,,0,0,,1,0,124,9,21,,18/36 (50%),0/7 (0%),63%,2,22/36 (61%),12/18 (67%),3/7 (43%),69%,13,3,24,7,,3,,,,,8
12596651,98,64425,NORMAL,REGULAR,Round 7,LEAGUE,4954,Fatih Karagümrük,Local,ALL,30/09/2024,7,1,36%,0.00,3,13,1,5,15,295,22,9,3,,7,1,5,1,7,6,1,2,1,15,1,1,198,23,51,42/80 (53%),30/69 (43%),2/11 (18%),45%,8,39/77 (51%),9/29 (31%),9/16 (56%),55%,22,23,45,25,1,1,,,2,,11
12596651,98,64425,NORMAL,REGULAR,Round 7,LEAGUE,4954,Fatih Karagümrük,Local,1ST,30/09/2024,7,1,34%,0.00,1,5,0,4,,144,8,3,1,,3,1,1,1,3,2,1,0,0,,1,0,101,10,23,,11/28 (39%),1/7 (14%),47%,2,17/32 (53%),3/11 (27%),6/9 (67%),50%,8,12,19,14,,0,,,,,6
12596651,98,64425,NORMAL,REGULAR,Round 7,LEAGUE,4954,Fatih Karagümrük,Local,2ND,30/09/2024,7,0,37%,0.00,2,8,1,1,,151,14,6,2,,4,0,4,0,4,4,0,2,1,,0,1,97,13,28,,19/41 (46%),1/4 (25%),44%,6,22/45 (49%),6/18 (33%),3/7 (43%),57%,14,11,26,11,,1,,,,,5
12596651,98,64425,NORMAL,REGULAR,Round 7,LEAGUE,3066,İstanbulspor,Visita,ALL,30/09/2024,7,0,64%,0.00,0,13,6,7,11,530,15,15,1,,2,0,7,4,9,4,0,0,1,38,2,1,432,21,72,91/145 (63%),31/57 (54%),5/18 (28%),55%,16,38/77 (49%),20/29 (69%),8/14 (57%),80%,15,9,54,12,2,6,,,1,,4
12596651,98,64425,NORMAL,REGULAR,Round 7,LEAGUE,3066,İstanbulspor,Visita,1ST,30/09/2024,7,0,66%,0.00,0,7,2,3,,282,5,5,1,,1,0,4,2,5,2,0,0,0,,1,0,235,11,39,,10/19 (53%),3/10 (30%),53%,7,15/32 (47%),8/11 (73%),5/6 (83%),80%,5,3,26,6,,2,,,,,0
12596651,98,64425,NORMAL,REGULAR,Round 7,LEAGUE,3066,İstanbulspor,Visita,2ND,30/09/2024,7,0,63%,0.00,0,6,4,4,,248,10,10,0,,1,0,3,2,4,2,0,0,1,,1,1,197,10,33,,21/38 (55%),2/8 (25%),56%,9,23/45 (51%),12/18 (67%),3/8 (38%),80%,10,6,28,6,,4,,,,,4
12596647,98,64425,NORMAL,REGULAR,Round 8,LEAGUE,3066,İstanbulspor,Local,ALL,06/10/2024,8,0,59%,0.00,0,10,5,5,8,510,16,9,2,,3,0,4,3,2,8,0,0,0,17,2,2,434,14,62,100/145 (69%),15/38 (39%),0/16 (0%),48%,8,32/64 (50%),10/23 (43%),7/18 (39%),69%,16,2,56,17,,5,,1,,0,9
12596647,98,64425,NORMAL,REGULAR,Round 8,LEAGUE,3066,İstanbulspor,Local,1ST,06/10/2024,8,0,62%,0.00,0,3,1,3,,254,10,2,1,,2,0,1,0,0,3,0,0,0,,1,1,216,11,29,,4/13 (31%),0/9 (0%),43%,5,16/35 (46%),3/9 (33%),4/11 (36%),70%,10,0,24,9,,1,,,,,4
12596647,98,64425,NORMAL,REGULAR,Round 8,LEAGUE,3066,İstanbulspor,Local,2ND,06/10/2024,8,0,57%,0.00,0,7,4,2,,256,6,7,1,,1,0,3,3,2,5,0,0,0,,1,1,218,3,33,,11/25 (44%),0/7 (0%),53%,3,16/29 (55%),7/14 (50%),3/7 (43%),67%,6,2,32,8,,4,,,,,5
12596647,98,64425,NORMAL,REGULAR,Round 8,LEAGUE,3065,Kocaelispor,Visita,ALL,06/10/2024,8,3,41%,0.00,6,18,3,2,10,353,19,8,0,,8,1,6,4,13,5,3,3,2,31,4,1,279,21,52,73/102 (72%),35/71 (49%),5/10 (50%),52%,6,32/64 (50%),13/23 (57%),5/15 (33%),68%,19,6,53,22,,3,,1,,1,11
12596647,98,64425,NORMAL,REGULAR,Round 8,LEAGUE,3065,Kocaelispor,Visita,1ST,06/10/2024,8,2,38%,0.00,2,9,2,2,,156,12,4,0,,3,0,4,2,6,3,2,0,2,,1,0,126,14,23,,17/36 (47%),2/6 (33%),57%,5,19/35 (54%),6/9 (67%),3/8 (38%),58%,12,1,22,13,,2,,,,,4
12596647,98,64425,NORMAL,REGULAR,Round 8,LEAGUE,3065,Kocaelispor,Visita,2ND,06/10/2024,8,1,43%,0.00,4,9,1,0,,197,7,4,0,,5,1,2,2,7,2,1,3,0,,3,1,153,7,29,,18/35 (51%),3/4 (75%),47%,1,13/29 (45%),7/14 (50%),2/7 (29%),86%,7,5,31,9,,1,,,,,7
12596625,98,64425,NORMAL,REGULAR,Round 9,LEAGUE,3080,Sakaryaspor,Local,ALL,20/10/2024,9,3,49%,0.00,3,16,5,1,15,393,21,9,4,,6,0,7,3,8,8,2,1,0,24,2,3,315,20,65,98/137 (72%),18/49 (37%),5/18 (28%),54%,6,33/66 (50%),16/24 (67%),3/10 (30%),52%,21,12,51,25,0,5,,,2,1,7
12596625,98,64425,NORMAL,REGULAR,Round 9,LEAGUE,3080,Sakaryaspor,Local,1ST,20/10/2024,9,1,50%,0.00,2,12,2,0,,208,10,5,0,,4,0,6,2,6,6,1,1,0,,2,1,171,14,33,,4/20 (20%),3/8 (38%),53%,5,16/34 (47%),7/9 (78%),1/5 (20%),80%,10,9,28,10,,2,,,,,2
12596625,98,64425,NORMAL,REGULAR,Round 9,LEAGUE,3080,Sakaryaspor,Local,2ND,20/10/2024,9,2,48%,0.00,1,4,3,1,,185,11,4,4,,2,0,1,1,2,2,1,0,0,,0,2,144,6,32,,14/29 (48%),2/10 (20%),55%,1,17/32 (53%),9/15 (60%),2/5 (40%),27%,11,3,23,15,,3,,,,,5
12596625,98,64425,NORMAL,REGULAR,Round 9,LEAGUE,3066,İstanbulspor,Visita,ALL,20/10/2024,9,1,51%,0.00,0,10,3,7,9,405,13,12,4,,6,0,3,1,4,6,0,0,1,19,1,1,325,18,49,48/87 (55%),19/53 (36%),2/20 (10%),46%,7,33/66 (50%),8/24 (33%),8/22 (36%),77%,13,7,44,19,1,3,,,2,0,11
12596625,98,64425,NORMAL,REGULAR,Round 9,LEAGUE,3066,İstanbulspor,Visita,1ST,20/10/2024,9,1,50%,0.00,0,3,3,3,,208,9,6,1,,3,0,0,0,2,1,0,0,0,,0,0,171,10,26,,10/29 (34%),0/8 (0%),47%,3,18/34 (53%),2/9 (22%),3/10 (30%),67%,9,5,27,12,,3,,,,,5
12596625,98,64425,NORMAL,REGULAR,Round 9,LEAGUE,3066,İstanbulspor,Visita,2ND,20/10/2024,9,0,52%,0.00,0,7,0,4,,197,4,6,3,,3,0,3,1,2,5,0,0,1,,1,1,154,8,23,,9/24 (38%),2/12 (17%),45%,4,15/32 (47%),6/15 (40%),5/12 (42%),100%,4,2,17,7,,0,,,,,6
12596618,98,64425,NORMAL,REGULAR,Round 10,LEAGUE,3066,İstanbulspor,Local,ALL,27/10/2024,10,1,62%,0.00,3,20,2,3,15,538,17,14,2,,5,0,8,7,15,5,1,2,2,27,,2,451,21,69,97/140 (69%),30/50 (60%),5/22 (23%),46%,17,37/92 (40%),20/32 (63%),8/26 (31%),71%,17,13,61,9,1,2,,0,0,2,6
12596618,98,64425,NORMAL,REGULAR,Round 10,LEAGUE,3066,İstanbulspor,Local,1ST,27/10/2024,10,1,57%,0.00,1,10,0,2,,237,9,3,1,,3,0,4,3,8,2,1,0,1,,,2,204,12,14,,17/25 (68%),3/7 (43%),38%,10,15/50 (30%),9/13 (69%),4/15 (27%),67%,9,4,27,5,,0,,,,,5
12596618,98,64425,NORMAL,REGULAR,Round 10,LEAGUE,3066,İstanbulspor,Local,2ND,27/10/2024,10,0,67%,0.00,2,10,2,1,,301,8,11,1,,2,0,4,4,7,3,0,2,1,,,0,247,9,55,,13/25 (52%),2/15 (13%),54%,7,22/42 (52%),11/19 (58%),4/11 (36%),75%,8,9,34,4,,2,,,,,1
12596618,98,64425,NORMAL,REGULAR,Round 10,LEAGUE,6414,Boluspor,Visita,ALL,27/10/2024,10,2,38%,0.00,3,10,4,6,14,329,35,15,1,,5,0,3,2,8,2,1,2,2,23,,1,236,17,32,62/94 (66%),28/63 (44%),3/10 (30%),54%,14,55/92 (60%),12/32 (38%),6/9 (67%),80%,35,6,64,23,1,4,,1,2,1,8
12596618,98,64425,NORMAL,REGULAR,Round 10,LEAGUE,6414,Boluspor,Visita,1ST,27/10/2024,10,2,43%,0.00,1,6,2,4,,177,21,9,0,,3,0,2,1,4,2,1,0,0,,,0,134,6,19,,11/30 (37%),3/8 (38%),62%,7,35/50 (70%),4/13 (31%),5/7 (71%),76%,21,1,32,6,,2,,,,,5
12596618,98,64425,NORMAL,REGULAR,Round 10,LEAGUE,6414,Boluspor,Visita,2ND,27/10/2024,10,0,33%,0.00,2,4,2,2,,152,14,6,1,,2,0,1,1,4,0,0,2,2,,,1,102,11,13,,17/33 (52%),0/2 (0%),46%,7,20/42 (48%),8/19 (42%),1/2 (50%),86%,14,5,32,17,,2,,,,,3
12596611,98,64425,NORMAL,REGULAR,Round 11,LEAGUE,7802,Gençlerbirliği,Local,ALL,04/11/2024,11,2,57%,0.00,5,13,1,4,10,433,22,16,4,0,5,0,5,3,8,5,1,4,,19,4,4,309,28,74,70/118 (59%),29/69 (42%),4/23 (17%),55%,9,47/84 (56%),29/54 (54%),9/20 (45%),64%,22,16,61,20,0,1,,,,,8
12596611,98,64425,NORMAL,REGULAR,Round 11,LEAGUE,7802,Gençlerbirliği,Local,1ST,04/11/2024,11,0,60%,0.00,0,1,1,2,,235,12,7,3,0,0,0,0,1,1,0,0,0,,,0,1,181,15,25,,15/33 (45%),0/6 (0%),47%,8,21/43 (49%),7/17 (41%),3/8 (38%),67%,12,7,25,11,,1,,,,,5
12596611,98,64425,NORMAL,REGULAR,Round 11,LEAGUE,7802,Gençlerbirliği,Local,2ND,04/11/2024,11,2,55%,0.00,5,12,0,2,,198,10,9,1,0,5,0,5,2,7,5,1,4,,,4,3,128,13,49,,14/36 (39%),4/17 (24%),62%,1,26/41 (63%),22/37 (59%),6/12 (50%),60%,10,9,36,9,,0,,,,,3
12596611,98,64425,NORMAL,REGULAR,Round 11,LEAGUE,3066,İstanbulspor,Visita,ALL,04/11/2024,11,1,43%,0.00,0,8,3,3,17,330,20,10,3,1,2,0,3,3,3,5,0,0,,15,1,3,209,25,72,53/112 (47%),25/76 (33%),1/11 (9%),45%,10,37/84 (44%),25/54 (46%),7/19 (37%),75%,20,13,48,28,1,3,,,,,11
12596611,98,64425,NORMAL,REGULAR,Round 11,LEAGUE,3066,İstanbulspor,Visita,1ST,04/11/2024,11,1,40%,0.00,0,5,0,3,,157,13,5,1,0,2,0,1,2,1,4,0,0,,,1,2,115,11,29,,9/26 (35%),0/7 (0%),53%,4,22/43 (51%),10/17 (59%),4/12 (33%),77%,13,11,25,10,,0,,,,,2
12596611,98,64425,NORMAL,REGULAR,Round 11,LEAGUE,3066,İstanbulspor,Visita,2ND,04/11/2024,11,0,45%,0.00,0,3,3,0,,173,7,5,2,1,0,0,2,1,2,1,0,0,,,0,1,94,14,43,,16/50 (32%),1/4 (25%),38%,6,15/41 (37%),15/37 (41%),3/7 (43%),71%,7,2,23,18,,3,,,,,9
12596600,98,64425,NORMAL,REGULAR,Round 12,LEAGUE,3066,İstanbulspor,Local,ALL,09/11/2024,12,0,63%,0.00,1,8,1,6,9,520,18,16,1,,2,1,3,3,4,4,,1,2,26,2,3,433,23,66,115/162 (71%),24/44 (55%),4/26 (15%),43%,8,36/78 (46%),12/34 (35%),4/13 (31%),50%,18,10,63,20,1,1,,0,2,1,6
12596600,98,64425,NORMAL,REGULAR,Round 12,LEAGUE,3066,İstanbulspor,Local,1ST,09/11/2024,12,0,67%,0.00,1,4,1,2,,302,8,9,0,,0,1,2,2,2,2,,1,2,,1,2,265,9,38,,12/18 (67%),2/10 (20%),45%,4,18/35 (51%),6/18 (33%),2/5 (40%),50%,8,6,25,12,,1,,,,,2
12596600,98,64425,NORMAL,REGULAR,Round 12,LEAGUE,3066,İstanbulspor,Local,2ND,09/11/2024,12,0,58%,0.00,0,4,0,4,,218,10,7,1,,2,0,1,1,2,2,,0,0,,1,1,168,14,28,,12/26 (46%),2/16 (13%),41%,4,18/43 (42%),6/16 (38%),2/8 (25%),50%,10,4,38,8,,0,,,,,4
12596600,98,64425,NORMAL,REGULAR,Round 12,LEAGUE,3069,Adanaspor,Visita,ALL,09/11/2024,12,0,37%,0.00,0,11,2,7,16,308,17,9,4,,1,0,6,4,4,7,,0,0,22,0,2,213,23,37,61/95 (64%),28/58 (48%),4/17 (24%),57%,14,42/78 (54%),22/34 (65%),16/20 (80%),59%,17,16,64,32,0,2,,1,0,0,7
12596600,98,64425,NORMAL,REGULAR,Round 12,LEAGUE,3069,Adanaspor,Visita,1ST,09/11/2024,12,0,33%,0.00,0,2,0,2,,151,7,5,2,,1,0,1,0,1,1,,0,0,,0,1,107,11,23,,15/30 (50%),2/5 (40%),55%,6,17/35 (49%),12/18 (67%),5/7 (71%),57%,7,9,28,14,,0,,,,,2
12596600,98,64425,NORMAL,REGULAR,Round 12,LEAGUE,3069,Adanaspor,Visita,2ND,09/11/2024,12,0,42%,0.00,0,9,2,5,,157,10,4,2,,0,0,5,4,3,6,,0,0,,0,1,106,12,14,,13/28 (46%),2/12 (17%),59%,8,25/43 (58%),10/16 (63%),11/13 (85%),60%,10,7,36,18,,2,,,,,5
12596581,98,64425,NORMAL,REGULAR,Round 13,LEAGUE,24759,Yeni Malatyaspor,Local,ALL,23/11/2024,13,1,39%,0.00,1,11,5,2,4,335,22,18,1,1,6,0,5,0,2,9,1,0,1,6,2,,263,12,43,36/63 (57%),23/61 (38%),0/8 (0%),57%,9,50/78 (64%),6/21 (29%),11/14 (79%),73%,22,14,52,25,,5,,3,2,,14
12596581,98,64425,NORMAL,REGULAR,Round 13,LEAGUE,24759,Yeni Malatyaspor,Local,1ST,23/11/2024,13,0,37%,0.00,0,4,2,0,,153,9,11,0,0,2,0,2,0,1,3,0,0,1,,1,,114,8,24,,12/33 (36%),0/3 (0%),55%,5,25/40 (63%),3/11 (27%),5/8 (63%),56%,9,6,25,15,,2,,,,,8
12596581,98,64425,NORMAL,REGULAR,Round 13,LEAGUE,24759,Yeni Malatyaspor,Local,2ND,23/11/2024,13,1,41%,0.00,1,7,3,2,,182,13,7,1,1,4,0,3,0,1,6,1,0,0,,1,,149,4,19,,11/28 (39%),0/5 (0%),58%,4,25/38 (66%),3/10 (30%),6/6 (100%),85%,13,8,27,10,,3,,,,,6
12596581,98,64425,NORMAL,REGULAR,Round 13,LEAGUE,3066,İstanbulspor,Visita,ALL,23/11/2024,13,4,61%,0.00,5,26,5,10,18,496,12,4,2,0,9,2,11,6,16,10,4,1,0,38,2,,444,21,54,154/183 (84%),14/18 (78%),9/33 (27%),43%,9,28/78 (36%),15/21 (71%),12/25 (48%),75%,12,7,63,7,,5,,1,0,,6
12596581,98,64425,NORMAL,REGULAR,Round 13,LEAGUE,3066,İstanbulspor,Visita,1ST,23/11/2024,13,2,63%,0.00,2,11,2,4,,243,8,1,2,0,4,1,6,1,6,5,2,0,0,,1,,214,14,25,,7/9 (78%),4/20 (20%),45%,3,15/40 (38%),8/11 (73%),6/12 (50%),63%,8,2,31,2,,2,,,,,2
12596581,98,64425,NORMAL,REGULAR,Round 13,LEAGUE,3066,İstanbulspor,Visita,2ND,23/11/2024,13,2,59%,0.00,3,15,3,6,,253,4,3,0,0,5,1,5,5,10,5,2,1,0,,1,,230,7,29,,7/9 (78%),5/13 (38%),42%,6,13/38 (34%),7/10 (70%),6/13 (46%),100%,4,5,32,5,,3,,,,,4
12596580,98,64425,NORMAL,REGULAR,Round 14,LEAGUE,3066,İstanbulspor,Local,ALL,30/11/2024,14,4,38%,0.00,5,11,4,3,16,318,12,10,3,,9,0,2,0,8,3,3,2,,20,1,2,242,13,43,58/89 (65%),22/54 (41%),4/12 (33%),42%,4,23/60 (38%),10/18 (56%),3/14 (21%),83%,12,5,46,16,,4,,1,2,,10
12596580,98,64425,NORMAL,REGULAR,Round 14,LEAGUE,3066,İstanbulspor,Local,1ST,30/11/2024,14,2,35%,0.00,3,6,3,1,,145,6,4,3,,4,0,2,0,5,1,1,2,,,0,0,108,5,23,,9/27 (33%),3/6 (50%),38%,3,10/32 (31%),5/7 (71%),1/7 (14%),83%,6,2,21,7,,3,,,,,6
12596580,98,64425,NORMAL,REGULAR,Round 14,LEAGUE,3066,İstanbulspor,Local,2ND,30/11/2024,14,2,40%,0.00,2,5,1,2,,173,6,6,0,,5,0,0,0,3,2,2,0,,,1,2,134,8,20,,13/27 (48%),1/6 (17%),46%,1,13/28 (46%),5/11 (45%),2/7 (29%),83%,6,3,25,9,,1,,,,,4
12596580,98,64425,NORMAL,REGULAR,Round 14,LEAGUE,388264,Iğdır FK,Visita,ALL,30/11/2024,14,0,62%,0.00,1,16,5,4,10,538,15,15,2,,4,1,8,4,11,5,0,1,,23,2,2,467,25,60,91/127 (72%),34/61 (56%),7/21 (33%),58%,7,37/60 (62%),8/18 (44%),6/11 (55%),33%,15,6,38,8,,5,,2,0,,6
12596580,98,64425,NORMAL,REGULAR,Round 14,LEAGUE,388264,Iğdır FK,Visita,1ST,30/11/2024,14,0,65%,0.00,1,7,2,3,,276,9,10,2,,3,0,3,1,6,1,0,1,,,1,2,238,10,28,,20/36 (56%),3/9 (33%),62%,3,22/32 (69%),2/7 (29%),2/5 (40%),33%,9,4,19,1,,2,,,,,4
12596580,98,64425,NORMAL,REGULAR,Round 14,LEAGUE,388264,Iğdır FK,Visita,2ND,30/11/2024,14,0,60%,0.00,0,9,3,1,,262,6,5,0,,1,1,5,3,5,4,0,0,,,1,0,229,15,32,,14/25 (56%),4/12 (33%),54%,4,15/28 (54%),6/11 (55%),4/6 (67%),33%,6,2,19,7,,3,,,,,2
12596571,98,64425,NORMAL,REGULAR,Round 15,LEAGUE,6366,Keçiörengücü,Local,ALL,08/12/2024,15,2,43%,0.00,1,10,4,6,9,372,14,19,1,,2,0,6,2,5,5,,1,,16,0,1,293,12,55,62/98 (63%),45/77 (58%),4/16 (25%),54%,9,37/68 (54%),18/34 (53%),6/11 (55%),93%,14,5,50,21,,4,,,,,11
12596571,98,64425,NORMAL,REGULAR,Round 15,LEAGUE,6366,Keçiörengücü,Local,1ST,08/12/2024,15,2,53%,0.00,1,8,1,2,,256,6,13,0,,1,0,5,2,4,4,,1,,,0,0,217,8,26,,26/38 (68%),3/9 (33%),67%,2,22/30 (73%),8/15 (53%),4/5 (80%),83%,6,3,23,6,,1,,,,,3
12596571,98,64425,NORMAL,REGULAR,Round 15,LEAGUE,6366,Keçiörengücü,Local,2ND,08/12/2024,15,0,31%,0.00,0,2,3,4,,116,8,6,1,,1,0,1,0,1,1,,0,,,0,1,76,4,29,,19/39 (49%),1/7 (14%),44%,7,15/38 (39%),10/19 (53%),2/6 (33%),100%,8,2,27,15,,3,,,,,8
12596571,98,64425,NORMAL,REGULAR,Round 15,LEAGUE,3066,İstanbulspor,Visita,ALL,08/12/2024,15,1,57%,0.00,3,11,1,3,19,495,14,9,4,,6,0,4,1,9,2,,3,,26,3,2,415,23,71,104/155 (67%),23/50 (46%),7/25 (28%),46%,8,31/68 (46%),16/34 (47%),8/14 (57%),64%,14,11,46,10,,1,,,,,11
12596571,98,64425,NORMAL,REGULAR,Round 15,LEAGUE,3066,İstanbulspor,Visita,1ST,08/12/2024,15,0,47%,0.00,0,2,0,0,,233,3,2,1,,1,0,1,0,1,1,,0,,,1,1,199,6,26,,10/26 (38%),2/7 (29%),33%,2,8/30 (27%),7/15 (47%),3/7 (43%),67%,3,7,18,5,,0,,,,,9
12596571,98,64425,NORMAL,REGULAR,Round 15,LEAGUE,3066,İstanbulspor,Visita,2ND,08/12/2024,15,1,69%,0.00,3,9,1,3,,262,11,7,3,,5,0,3,1,8,1,,3,,,2,1,216,17,45,,13/24 (54%),5/18 (28%),56%,6,23/38 (61%),9/19 (47%),5/7 (71%),64%,11,4,28,5,,1,,,,,2
12596560,98,64425,NORMAL,REGULAR,Round 16,LEAGUE,3066,İstanbulspor,Local,ALL,14/12/2024,16,3,58%,0.00,2,12,1,4,8,424,7,8,0,,5,0,5,2,8,4,1,1,,17,1,0,324,29,69,88/138 (64%),17/43 (40%),8/25 (32%),48%,16,22/54 (41%),20/34 (59%),7/11 (64%),57%,7,5,45,23,0,1,,1,,1,7
12596560,98,64425,NORMAL,REGULAR,Round 16,LEAGUE,3066,İstanbulspor,Local,1ST,14/12/2024,16,1,63%,0.00,2,4,0,3,,245,7,4,0,,2,0,2,0,4,0,1,1,,,1,0,187,11,39,,9/26 (35%),6/15 (40%),55%,7,15/28 (54%),9/16 (56%),4/4 (100%),57%,7,2,25,7,,0,,,,,3
12596560,98,64425,NORMAL,REGULAR,Round 16,LEAGUE,3066,İstanbulspor,Local,2ND,14/12/2024,16,2,52%,0.00,0,8,1,1,,179,0,4,0,,3,0,3,2,4,4,0,0,,,0,0,137,18,30,,8/17 (47%),2/10 (20%),41%,9,7/26 (27%),11/18 (61%),3/7 (43%),0%,0,3,20,16,,1,,,,,4
12596560,98,64425,NORMAL,REGULAR,Round 16,LEAGUE,55603,Erzurumspor FK,Visita,ALL,14/12/2024,16,2,42%,0.00,0,12,1,6,8,312,20,8,1,,3,0,6,3,9,3,0,0,,17,3,4,218,27,54,75/117 (64%),26/72 (36%),6/20 (30%),52%,3,32/54 (59%),14/34 (41%),5/9 (56%),65%,20,11,45,34,1,1,,0,,2,7
12596560,98,64425,NORMAL,REGULAR,Round 16,LEAGUE,55603,Erzurumspor FK,Visita,1ST,14/12/2024,16,1,37%,0.00,0,5,1,1,,147,7,5,0,,1,0,3,1,4,1,0,0,,,2,2,100,16,22,,16/37 (43%),2/6 (33%),45%,3,13/28 (46%),7/16 (44%),2/6 (33%),57%,7,4,20,17,,1,,,,,3
12596560,98,64425,NORMAL,REGULAR,Round 16,LEAGUE,55603,Erzurumspor FK,Visita,2ND,14/12/2024,16,1,48%,0.00,0,7,0,5,,165,13,3,1,,2,0,3,2,5,2,0,0,,,1,2,118,11,32,,10/35 (29%),4/14 (29%),59%,0,19/26 (73%),7/18 (39%),3/3 (100%),69%,13,7,25,17,,0,,,,,4
12596548,98,64425,NORMAL,REGULAR,Round 17,LEAGUE,7032,Pendikspor,Local,ALL,21/12/2024,17,1,54%,0.00,3,9,5,3,14,447,20,8,3,,3,0,4,2,6,3,1,2,,25,2,1,359,23,70,84/126 (67%),43/84 (51%),7/19 (37%),54%,10,31/65 (48%),16/22 (73%),3/11 (27%),85%,20,10,59,27,,5,,1,1,,10
12596548,98,64425,NORMAL,REGULAR,Round 17,LEAGUE,7032,Pendikspor,Local,1ST,21/12/2024,17,0,49%,0.00,0,3,3,1,,224,7,3,2,,1,0,1,1,2,1,0,0,,,0,1,183,9,35,,22/44 (50%),0/8 (0%),50%,3,11/23 (48%),5/9 (56%),1/5 (20%),100%,7,6,34,13,,3,,,,,4
12596548,98,64425,NORMAL,REGULAR,Round 17,LEAGUE,7032,Pendikspor,Local,2ND,21/12/2024,17,1,61%,0.00,3,6,2,2,,223,13,5,1,,2,0,3,1,4,2,1,2,,,2,0,176,14,35,,21/40 (53%),7/11 (64%),56%,7,20/42 (48%),11/13 (85%),2/6 (33%),77%,13,4,25,14,,2,,,,,6
12596548,98,64425,NORMAL,REGULAR,Round 17,LEAGUE,3066,İstanbulspor,Visita,ALL,21/12/2024,17,1,46%,0.00,2,16,2,3,8,377,18,14,1,,6,2,9,1,12,4,0,2,,31,2,4,302,25,50,87/125 (70%),16/47 (34%),6/16 (38%),46%,10,34/65 (52%),6/22 (27%),5/15 (33%),61%,18,10,55,21,,2,,1,1,,9
12596548,98,64425,NORMAL,REGULAR,Round 17,LEAGUE,3066,İstanbulspor,Visita,1ST,21/12/2024,17,1,51%,0.00,0,7,1,1,,234,7,4,0,,4,1,3,0,6,1,0,0,,,2,2,197,14,23,,7/17 (41%),3/9 (33%),50%,2,12/23 (52%),4/9 (44%),3/8 (38%),43%,7,5,31,10,,1,,,,,4
12596548,98,64425,NORMAL,REGULAR,Round 17,LEAGUE,3066,İstanbulspor,Visita,2ND,21/12/2024,17,0,39%,0.00,2,9,1,2,,143,11,10,1,,2,1,6,1,6,3,0,2,,,0,2,105,11,27,,9/30 (30%),3/7 (43%),44%,8,22/42 (52%),2/13 (15%),2/7 (29%),73%,11,5,24,11,,1,,,,,5
12596540,98,64425,NORMAL,REGULAR,Round 18,LEAGUE,3066,İstanbulspor,Local,ALL,05/01/2025,18,4,51%,0.00,8,24,3,4,14,468,13,7,2,,13,2,7,4,20,4,3,5,1,36,3,5,395,12,39,79/103 (77%),25/42 (60%),6/18 (33%),48%,8,29/62 (47%),15/30 (50%),10/15 (67%),69%,13,6,74,23,,3,,0,2,1,5
12596540,98,64425,NORMAL,REGULAR,Round 18,LEAGUE,3066,İstanbulspor,Local,1ST,05/01/2025,18,1,47%,0.00,2,7,1,2,,218,5,5,1,,3,1,3,1,4,3,1,1,1,,2,1,186,5,18,,11/17 (65%),3/11 (27%),47%,6,12/33 (36%),10/14 (71%),3/6 (50%),60%,5,2,34,11,,1,,,,,2
12596540,98,64425,NORMAL,REGULAR,Round 18,LEAGUE,3066,İstanbulspor,Local,2ND,05/01/2025,18,3,54%,0.00,6,17,2,2,,250,8,2,1,,10,1,4,3,16,1,2,4,0,,1,4,209,7,21,,14/25 (56%),3/7 (43%),49%,2,17/29 (59%),5/16 (31%),7/9 (78%),75%,8,4,40,12,,2,,,,,3
12596540,98,64425,NORMAL,REGULAR,Round 18,LEAGUE,262480,Esenler Erokspor,Visita,ALL,05/01/2025,18,0,49%,0.00,2,11,8,2,7,458,13,14,1,,3,1,6,2,9,2,0,2,0,18,3,1,373,19,50,67/102 (66%),30/52 (58%),8/20 (40%),52%,8,33/62 (53%),15/30 (50%),6/11 (55%),62%,13,15,53,12,,8,,2,0,0,11
12596540,98,64425,NORMAL,REGULAR,Round 18,LEAGUE,262480,Esenler Erokspor,Visita,1ST,05/01/2025,18,0,53%,0.00,1,5,2,1,,257,9,10,0,,1,1,4,0,4,1,0,1,0,,1,1,214,12,27,,12/28 (43%),3/9 (33%),53%,3,21/33 (64%),4/14 (29%),2/4 (50%),56%,9,8,24,6,,2,,,,,5
12596540,98,64425,NORMAL,REGULAR,Round 18,LEAGUE,262480,Esenler Erokspor,Visita,2ND,05/01/2025,18,0,46%,0.00,1,6,6,1,,201,4,4,1,,2,0,2,2,5,1,0,1,0,,2,0,159,7,23,,18/24 (75%),5/11 (45%),51%,5,12/29 (41%),11/16 (69%),4/7 (57%),75%,4,7,29,6,,6,,,,,6
12596526,98,64425,NORMAL,REGULAR,Round 19,LEAGUE,77629,Çorum FK,Local,ALL,13/01/2025,19,3,52%,0.00,1,10,3,5,9,383,12,14,3,,5,0,3,2,7,3,0,1,1,20,1,1,319,15,41,54/82 (66%),26/43 (60%),6/22 (27%),47%,10,36/72 (50%),11/29 (38%),10/24 (42%),67%,12,1,41,27,,3,,1,0,0,11
12596526,98,64425,NORMAL,REGULAR,Round 19,LEAGUE,77629,Çorum FK,Local,1ST,13/01/2025,19,1,60%,0.00,1,8,1,5,,237,6,7,1,,3,0,3,2,6,2,0,1,1,,1,1,202,8,24,,13/21 (62%),6/20 (30%),51%,5,20/35 (57%),5/14 (36%),7/12 (58%),67%,6,0,22,11,,1,,,,,7
12596526,98,64425,NORMAL,REGULAR,Round 19,LEAGUE,77629,Çorum FK,Local,2ND,13/01/2025,19,2,43%,0.00,0,2,2,0,,146,6,7,2,,2,0,0,0,1,1,0,0,0,,0,0,117,7,17,,13/22 (59%),0/2 (0%),42%,5,16/37 (43%),6/15 (40%),3/12 (25%),67%,6,1,19,16,,2,,,,,4
12596526,98,64425,NORMAL,REGULAR,Round 19,LEAGUE,3066,İstanbulspor,Visita,ALL,13/01/2025,19,1,48%,0.00,3,15,2,11,14,342,24,8,0,,4,0,7,4,11,4,1,2,0,28,5,1,271,29,48,90/122 (74%),20/44 (45%),7/31 (23%),53%,3,36/72 (50%),18/29 (62%),4/13 (31%),71%,24,5,34,17,,2,,0,1,1,3
12596526,98,64425,NORMAL,REGULAR,Round 19,LEAGUE,3066,İstanbulspor,Visita,1ST,13/01/2025,19,0,40%,0.00,0,3,2,2,,164,10,4,0,,1,0,2,0,1,2,0,0,0,,1,1,124,16,21,,6/23 (26%),1/10 (10%),49%,0,15/35 (43%),9/14 (64%),1/7 (14%),80%,10,4,19,13,,2,,,,,3
12596526,98,64425,NORMAL,REGULAR,Round 19,LEAGUE,3066,İstanbulspor,Visita,2ND,13/01/2025,19,1,57%,0.00,3,12,0,9,,178,14,4,0,,3,0,5,4,10,2,1,2,0,,4,0,147,13,27,,14/21 (67%),6/21 (29%),58%,3,21/37 (57%),9/15 (60%),3/6 (50%),64%,14,1,15,4,,0,,,,,0
12596522,98,64425,NORMAL,REGULAR,Round 20,LEAGUE,202391,Manisa FK,Local,ALL,19/01/2025,20,0,49%,0.00,0,13,1,8,13,410,19,13,3,,3,0,5,5,9,4,0,0,,27,1,2,316,20,54,82/117 (70%),24/50 (48%),7/20 (35%),61%,5,41/67 (61%),23/38 (61%),9/14 (64%),53%,19,14,46,30,,1,,0,2,1,7
12596522,98,64425,NORMAL,REGULAR,Round 20,LEAGUE,202391,Manisa FK,Local,1ST,19/01/2025,20,0,46%,0.00,0,6,0,4,,207,11,8,2,,1,0,2,3,3,3,0,0,,,1,0,154,6,24,,9/25 (36%),1/6 (17%),60%,2,21/37 (57%),7/10 (70%),2/5 (40%),55%,11,10,26,21,,0,,,,,5
12596522,98,64425,NORMAL,REGULAR,Round 20,LEAGUE,202391,Manisa FK,Local,2ND,19/01/2025,20,0,52%,0.00,0,7,1,4,,203,8,5,1,,2,0,3,2,6,1,0,0,,,0,2,162,14,30,,15/25 (60%),6/14 (43%),62%,3,20/30 (67%),16/28 (57%),7/9 (78%),50%,8,4,20,9,,1,,,,,2
12596522,98,64425,NORMAL,REGULAR,Round 20,LEAGUE,3066,İstanbulspor,Visita,ALL,19/01/2025,20,1,51%,0.00,2,10,3,8,13,423,10,13,2,,2,1,6,2,7,3,1,1,,23,2,2,327,26,54,92/136 (68%),18/50 (36%),12/29 (41%),39%,9,26/67 (39%),15/38 (39%),5/15 (33%),90%,10,11,43,37,,3,,1,2,1,8
12596522,98,64425,NORMAL,REGULAR,Round 20,LEAGUE,3066,İstanbulspor,Visita,1ST,19/01/2025,20,0,54%,0.00,0,5,1,5,,242,5,8,2,,0,0,3,2,3,2,0,0,,,1,1,185,16,28,,6/20 (30%),5/13 (38%),40%,6,16/37 (43%),3/10 (30%),3/8 (38%),100%,5,4,26,17,,1,,,,,3
12596522,98,64425,NORMAL,REGULAR,Round 20,LEAGUE,3066,İstanbulspor,Visita,2ND,19/01/2025,20,1,48%,0.00,2,5,2,3,,181,5,5,0,,2,1,3,0,4,1,1,1,,,1,1,142,10,26,,12/30 (40%),7/16 (44%),38%,3,10/30 (33%),12/28 (43%),2/7 (29%),80%,5,7,17,20,,2,,,,,5
12596505,98,64425,NORMAL,REGULAR,Round 21,LEAGUE,3066,İstanbulspor,Local,ALL,25/01/2025,21,1,50%,0.00,4,16,3,5,14,460,18,9,0,,4,1,8,4,10,6,1,3,,23,0,3,391,10,44,82/113 (73%),19/43 (44%),2/16 (13%),44%,12,32/69 (46%),10/26 (38%),5/11 (45%),56%,18,9,43,18,,3,,1,0,0,8
12596505,98,64425,NORMAL,REGULAR,Round 21,LEAGUE,3066,İstanbulspor,Local,1ST,25/01/2025,21,0,48%,0.00,0,1,3,3,,194,6,4,0,,0,0,0,1,1,0,0,0,,,0,1,174,4,14,,7/11 (64%),1/11 (9%),29%,6,10/34 (29%),3/11 (27%),0/4 (0%),67%,6,5,14,12,,3,,,,,2
12596505,98,64425,NORMAL,REGULAR,Round 21,LEAGUE,3066,İstanbulspor,Local,2ND,25/01/2025,21,1,52%,0.00,4,15,0,2,,266,12,5,0,,4,1,8,3,9,6,1,3,,,0,2,217,6,30,,12/32 (38%),1/5 (20%),58%,6,22/35 (63%),7/15 (47%),5/7 (71%),50%,12,4,29,6,,0,,,,,6
12596505,98,64425,NORMAL,REGULAR,Round 21,LEAGUE,207011,Amed Sportif Faaliyetler,Visita,ALL,25/01/2025,21,0,50%,0.00,1,9,3,6,9,457,18,14,1,,3,2,2,4,5,4,0,1,,15,2,6,378,19,38,53/81 (65%),28/59 (47%),6/21 (29%),56%,12,37/69 (54%),16/26 (62%),5/11 (45%),83%,18,7,40,18,,3,,0,1,1,9
12596505,98,64425,NORMAL,REGULAR,Round 21,LEAGUE,207011,Amed Sportif Faaliyetler,Visita,1ST,25/01/2025,21,0,52%,0.00,1,8,0,4,,216,10,10,0,,3,2,2,3,5,3,0,1,,,2,5,186,13,19,,16/29 (55%),5/10 (50%),71%,4,24/34 (71%),8/11 (73%),4/6 (67%),80%,10,1,17,8,,0,,,,,1
12596505,98,64425,NORMAL,REGULAR,Round 21,LEAGUE,207011,Amed Sportif Faaliyetler,Visita,2ND,25/01/2025,21,0,48%,0.00,0,1,3,2,,241,8,4,1,,0,0,0,1,0,1,0,0,,,0,1,192,6,19,,12/30 (40%),1/11 (9%),42%,8,13/35 (37%),8/15 (53%),1/5 (20%),88%,8,6,23,10,,3,,,,,8
12596502,98,64425,NORMAL,REGULAR,Round 22,LEAGUE,3090,Şanlıurfaspor,Local,ALL,02/02/2025,22,1,36%,0.00,4,13,6,3,10,320,19,8,,,3,2,8,2,10,3,,4,,21,3,3,229,15,38,53/88 (60%),28/72 (39%),8/19 (42%),50%,12,34/71 (48%),24/45 (53%),7/17 (41%),89%,19,9,59,33,0,6,,1,1,1,13
12596502,98,64425,NORMAL,REGULAR,Round 22,LEAGUE,3090,Şanlıurfaspor,Local,1ST,02/02/2025,22,0,34%,0.00,2,7,4,1,,161,10,1,,,1,1,5,1,5,2,,2,,,0,1,118,7,19,,17/42 (40%),3/8 (38%),43%,7,14/35 (40%),10/21 (48%),3/7 (43%),100%,10,4,34,15,,4,,,,,8
12596502,98,64425,NORMAL,REGULAR,Round 22,LEAGUE,3090,Şanlıurfaspor,Local,2ND,02/02/2025,22,1,37%,0.00,2,6,2,2,,159,9,7,,,2,1,3,1,5,1,,2,,,3,2,111,8,19,,11/30 (37%),5/11 (45%),57%,5,20/36 (56%),14/24 (58%),4/10 (40%),78%,9,5,25,18,,2,,,,,5
12596502,98,64425,NORMAL,REGULAR,Round 22,LEAGUE,3066,İstanbulspor,Visita,ALL,02/02/2025,22,0,64%,0.00,0,16,2,4,8,591,22,10,,,6,1,7,3,12,4,,0,,36,1,4,501,22,87,121/177 (68%),29/53 (55%),7/28 (25%),50%,2,37/71 (52%),21/45 (47%),6/23 (26%),55%,22,6,50,16,1,2,,1,2,0,10
12596502,98,64425,NORMAL,REGULAR,Round 22,LEAGUE,3066,İstanbulspor,Visita,1ST,02/02/2025,22,0,66%,0.00,0,10,1,2,,313,11,5,,,4,0,4,2,7,3,,0,,,1,2,273,12,42,,17/27 (63%),3/16 (19%),57%,1,21/35 (60%),11/21 (52%),5/14 (36%),64%,11,0,30,8,,1,,,,,4
12596502,98,64425,NORMAL,REGULAR,Round 22,LEAGUE,3066,İstanbulspor,Visita,2ND,02/02/2025,22,0,63%,0.00,0,6,1,2,,278,11,5,,,2,1,3,1,5,1,,0,,,0,2,228,10,45,,12/26 (46%),4/12 (33%),43%,1,16/36 (44%),10/24 (42%),1/9 (11%),45%,11,6,20,8,,1,,,,,6
12596488,98,64425,NORMAL,REGULAR,Round 23,LEAGUE,3066,İstanbulspor,Local,ALL,09/02/2025,23,1,55%,0.00,2,22,3,7,16,470,14,9,2,,6,2,10,6,11,11,1,1,,37,1,4,398,13,54,147/184 (80%),24/39 (62%),3/19 (16%),52%,2,35/60 (58%),10/26 (38%),13/15 (87%),64%,14,15,63,23,,3,,1,0,,8
12596488,98,64425,NORMAL,REGULAR,Round 23,LEAGUE,3066,İstanbulspor,Local,1ST,09/02/2025,23,0,63%,0.00,1,13,0,5,,279,9,2,1,,4,1,5,4,5,8,0,1,,,0,4,250,5,27,,13/16 (81%),1/12 (8%),60%,1,20/31 (65%),4/9 (44%),9/11 (82%),78%,9,8,37,12,,0,,,,,2
12596488,98,64425,NORMAL,REGULAR,Round 23,LEAGUE,3066,İstanbulspor,Local,2ND,09/02/2025,23,1,47%,0.00,1,9,3,2,,191,5,7,1,,2,1,5,2,6,3,1,0,,,1,0,148,8,27,,11/23 (48%),2/7 (29%),46%,1,15/29 (52%),6/17 (35%),4/4 (100%),40%,5,7,26,11,,3,,,,,6
12596488,98,64425,NORMAL,REGULAR,Round 23,LEAGUE,3103,MKE Ankaragücü,Visita,ALL,09/02/2025,23,0,45%,0.00,1,12,5,7,9,374,4,16,0,,4,0,4,4,10,2,0,1,,30,3,1,298,15,36,73/102 (72%),19/40 (48%),9/25 (36%),48%,5,25/60 (42%),16/26 (62%),7/16 (44%),50%,4,9,54,25,,5,,1,2,,12
12596488,98,64425,NORMAL,REGULAR,Round 23,LEAGUE,3103,MKE Ankaragücü,Visita,1ST,09/02/2025,23,0,37%,0.00,0,1,4,2,,161,3,7,0,,0,0,0,1,1,0,0,0,,,1,0,124,9,7,,7/18 (39%),0/9 (0%),40%,2,11/31 (35%),5/9 (56%),2/9 (22%),33%,3,4,28,17,,4,,,,,6
12596488,98,64425,NORMAL,REGULAR,Round 23,LEAGUE,3103,MKE Ankaragücü,Visita,2ND,09/02/2025,23,0,53%,0.00,1,11,1,5,,213,1,9,0,,4,0,4,3,9,2,0,1,,,2,1,174,6,29,,12/22 (55%),9/16 (56%),54%,3,14/29 (48%),11/17 (65%),5/7 (71%),100%,1,5,26,8,,1,,,,,6
12596478,98,64425,NORMAL,REGULAR,Round 24,LEAGUE,55625,Ümraniyespor,Local,ALL,13/02/2025,24,2,37%,0.00,2,13,4,5,12,307,16,13,2,1,5,0,4,4,10,3,2,0,,17,1,1,227,21,63,73/107 (68%),24/67 (36%),4/18 (22%),52%,2,38/70 (54%),19/39 (49%),10/21 (48%),81%,16,19,50,33,,4,,1,1,,11
12596478,98,64425,NORMAL,REGULAR,Round 24,LEAGUE,55625,Ümraniyespor,Local,1ST,13/02/2025,24,1,36%,0.00,1,4,3,1,,153,8,3,0,0,2,0,1,1,3,1,1,0,,,0,1,120,13,32,,12/28 (43%),2/11 (18%),52%,2,17/32 (53%),8/16 (50%),6/13 (46%),100%,8,9,30,11,,3,,,,,3
12596478,98,64425,NORMAL,REGULAR,Round 24,LEAGUE,55625,Ümraniyespor,Local,2ND,13/02/2025,24,1,38%,0.00,1,9,1,4,,154,8,10,2,1,3,0,3,3,7,2,1,0,,,1,0,107,8,31,,12/39 (31%),2/7 (29%),52%,0,21/38 (55%),11/23 (48%),4/8 (50%),63%,8,10,20,22,,1,,,,,8
12596478,98,64425,NORMAL,REGULAR,Round 24,LEAGUE,3066,İstanbulspor,Visita,ALL,13/02/2025,24,1,63%,0.00,1,15,3,6,13,516,13,12,1,0,5,0,6,4,9,6,0,1,,22,6,2,438,18,51,131/170 (77%),18/36 (50%),5/30 (17%),48%,7,32/70 (46%),20/39 (51%),8/17 (47%),69%,13,9,57,28,,3,,0,1,,7
12596478,98,64425,NORMAL,REGULAR,Round 24,LEAGUE,3066,İstanbulspor,Visita,1ST,13/02/2025,24,1,64%,0.00,1,6,1,2,,275,9,6,1,0,4,0,1,1,3,3,0,1,,,2,1,234,4,18,,13/21 (62%),2/12 (17%),48%,2,15/32 (47%),8/16 (50%),1/7 (14%),67%,9,4,32,15,,1,,,,,4
12596478,98,64425,NORMAL,REGULAR,Round 24,LEAGUE,3066,İstanbulspor,Visita,2ND,13/02/2025,24,0,62%,0.00,0,9,2,4,,241,4,6,0,0,1,0,5,3,6,3,0,0,,,4,1,204,14,33,,5/15 (33%),3/18 (17%),48%,5,17/38 (45%),12/23 (52%),7/10 (70%),75%,4,5,25,13,,2,,,,,3
12596468,98,64425,NORMAL,REGULAR,Round 25,LEAGUE,44320,Bandırmaspor,Local,ALL,17/02/2025,25,1,45%,0.00,5,14,4,5,16,287,19,10,4,0,6,1,5,3,8,6,1,4,0,28,2,0,203,25,52,80/123 (65%),21/56 (38%),2/12 (17%),47%,14,38/92 (41%),19/29 (66%),10/26 (38%),42%,19,9,52,47,0,4,,1,1,,5
12596468,98,64425,NORMAL,REGULAR,Round 25,LEAGUE,44320,Bandırmaspor,Local,1ST,17/02/2025,25,1,39%,0.00,3,7,3,2,,118,11,4,1,0,4,1,3,0,3,4,1,2,0,,1,0,80,13,23,,9/18 (50%),0/4 (0%),55%,4,17/36 (47%),11/15 (73%),3/10 (30%),36%,11,4,22,21,,3,,,,,2
12596468,98,64425,NORMAL,REGULAR,Round 25,LEAGUE,44320,Bandırmaspor,Local,2ND,17/02/2025,25,0,51%,0.00,2,7,1,3,,169,8,6,3,0,2,0,2,3,5,2,0,2,0,,1,0,123,12,29,,12/38 (32%),2/8 (25%),41%,10,21/56 (38%),8/14 (57%),7/16 (44%),50%,8,5,30,26,,1,,,,,3
12596468,98,64425,NORMAL,REGULAR,Round 25,LEAGUE,3066,İstanbulspor,Visita,ALL,17/02/2025,25,0,55%,0.00,2,13,5,8,11,336,30,16,2,1,4,1,5,4,7,6,0,2,1,15,6,2,247,33,57,73/112 (65%),14/45 (31%),2/25 (8%),53%,12,54/92 (59%),10/29 (34%),9/16 (56%),60%,30,8,47,41,1,5,,0,0,,4
12596468,98,64425,NORMAL,REGULAR,Round 25,LEAGUE,3066,İstanbulspor,Visita,1ST,17/02/2025,25,0,61%,0.00,2,6,3,4,,177,11,6,1,0,3,0,2,1,5,1,0,2,1,,2,1,138,13,26,,6/20 (30%),1/15 (7%),45%,8,19/36 (53%),4/15 (27%),3/6 (50%),73%,11,6,22,14,,3,,,,,3
12596468,98,64425,NORMAL,REGULAR,Round 25,LEAGUE,3066,İstanbulspor,Visita,2ND,17/02/2025,25,0,49%,0.00,0,7,2,4,,159,19,10,1,1,1,1,3,3,2,5,0,0,0,,4,1,109,20,31,,8/25 (32%),1/10 (10%),59%,4,35/56 (63%),6/14 (43%),6/10 (60%),53%,19,2,25,27,,2,,,,,1
12596457,98,64425,NORMAL,REGULAR,Round 26,LEAGUE,3066,İstanbulspor,Local,ALL,22/02/2025,26,2,52%,0.00,2,15,0,5,13,496,19,5,1,,7,0,5,3,8,7,,2,1,23,1,5,399,12,47,83/111 (75%),30/63 (48%),1/11 (9%),43%,6,28/65 (43%),8/18 (44%),5/17 (29%),89%,19,8,71,19,,0,,,1,0,8
12596457,98,64425,NORMAL,REGULAR,Round 26,LEAGUE,3066,İstanbulspor,Local,1ST,22/02/2025,26,0,53%,0.00,1,7,0,1,,292,10,3,0,,3,0,2,2,3,4,,1,1,,0,4,247,6,26,,14/27 (52%),1/4 (25%),45%,4,14/32 (44%),3/6 (50%),2/8 (25%),90%,10,3,33,8,,0,,,,,2
12596457,98,64425,NORMAL,REGULAR,Round 26,LEAGUE,3066,İstanbulspor,Local,2ND,22/02/2025,26,2,50%,0.00,1,8,0,4,,204,9,2,1,,4,0,3,1,5,3,,1,0,,1,1,152,6,21,,16/36 (44%),0/7 (0%),42%,2,14/33 (42%),5/12 (42%),3/9 (33%),89%,9,5,38,11,,0,,,,,6
12596457,98,64425,NORMAL,REGULAR,Round 26,LEAGUE,4954,Fatih Karagümrük,Visita,ALL,22/02/2025,26,0,48%,0.00,0,10,5,4,5,458,18,13,0,,0,0,6,4,5,5,,0,0,26,1,4,361,14,72,106/151 (70%),22/61 (36%),3/17 (18%),57%,11,37/65 (57%),10/18 (56%),6/14 (43%),72%,18,9,66,16,,5,,,0,1,7
12596457,98,64425,NORMAL,REGULAR,Round 26,LEAGUE,4954,Fatih Karagümrük,Visita,1ST,22/02/2025,26,0,47%,0.00,0,2,3,1,,261,10,3,0,,0,0,1,1,1,1,,0,0,,0,2,215,6,41,,13/34 (38%),0/5 (0%),55%,6,18/32 (56%),3/6 (50%),5/9 (56%),80%,10,7,34,7,,3,,,,,1
12596457,98,64425,NORMAL,REGULAR,Round 26,LEAGUE,4954,Fatih Karagümrük,Visita,2ND,22/02/2025,26,0,50%,0.00,0,8,2,3,,197,8,10,0,,0,0,5,3,4,4,,0,0,,1,2,146,8,31,,9/27 (33%),3/12 (25%),58%,5,19/33 (58%),7/12 (58%),1/5 (20%),63%,8,2,32,9,,2,,,,,6
12596448,98,64425,NORMAL,REGULAR,Round 27,LEAGUE,3065,Kocaelispor,Local,ALL,03/03/2025,27,1,44%,0.00,2,18,4,5,8,329,25,15,3,,4,1,9,5,11,7,1,1,,30,4,2,254,27,65,72/116 (62%),29/57 (51%),5/16 (31%),52%,12,46/86 (53%),22/45 (49%),7/15 (47%),72%,25,15,50,24,,4,,1,1,1,5
12596448,98,64425,NORMAL,REGULAR,Round 27,LEAGUE,3065,Kocaelispor,Local,1ST,03/03/2025,27,1,59%,0.00,1,13,1,3,,226,12,8,0,,2,0,7,4,7,6,1,0,,,2,0,186,14,39,,19/31 (61%),4/12 (33%),61%,6,26/43 (60%),15/24 (63%),5/7 (71%),67%,12,3,26,8,,1,,,,,3
12596448,98,64425,NORMAL,REGULAR,Round 27,LEAGUE,3065,Kocaelispor,Local,2ND,03/03/2025,27,0,28%,0.00,1,5,3,2,,103,13,7,3,,2,1,2,1,4,1,0,1,,,2,2,68,13,26,,10/26 (38%),1/4 (25%),42%,6,20/43 (47%),7/21 (33%),2/8 (25%),77%,13,12,24,16,,3,,,,,2
12596448,98,64425,NORMAL,REGULAR,Round 27,LEAGUE,3066,İstanbulspor,Visita,ALL,03/03/2025,27,1,56%,0.00,1,8,3,4,16,416,20,8,5,,5,0,3,0,6,2,1,0,,23,2,1,334,29,48,46/79 (58%),14/42 (33%),8/17 (47%),48%,10,40/86 (47%),23/45 (51%),12/27 (44%),65%,20,5,48,40,,3,,0,0,0,9
12596448,98,64425,NORMAL,REGULAR,Round 27,LEAGUE,3066,İstanbulspor,Visita,1ST,03/03/2025,27,0,41%,0.00,0,4,1,1,,160,8,3,3,,1,0,3,0,3,1,0,0,,,1,0,125,10,17,,7/23 (30%),2/5 (40%),39%,4,17/43 (40%),9/24 (38%),6/14 (43%),75%,8,3,23,18,,1,,,,,8
12596448,98,64425,NORMAL,REGULAR,Round 27,LEAGUE,3066,İstanbulspor,Visita,2ND,03/03/2025,27,1,72%,0.00,1,4,2,3,,256,12,5,2,,4,0,0,0,3,1,1,0,,,1,1,209,19,31,,7/19 (37%),6/12 (50%),58%,6,23/43 (53%),14/21 (67%),6/13 (46%),58%,12,2,25,22,,2,,,,,1
12596438,98,64425,NORMAL,REGULAR,Round 28,LEAGUE,3066,İstanbulspor,Local,ALL,06/03/2025,28,3,45%,0.00,3,13,5,5,10,352,17,5,3,,6,0,3,4,7,6,2,1,0,18,1,2,271,20,50,56/96 (58%),11/48 (23%),1/7 (14%),53%,3,32/57 (56%),10/23 (43%),10/17 (59%),47%,17,7,55,38,,5,,2,,,7
12596438,98,64425,NORMAL,REGULAR,Round 28,LEAGUE,3066,İstanbulspor,Local,1ST,06/03/2025,28,2,56%,0.00,2,6,0,3,,219,10,4,3,,3,0,2,1,3,3,1,1,0,,1,0,173,13,31,,7/26 (27%),1/2 (50%),55%,2,20/35 (57%),3/7 (43%),6/9 (67%),50%,10,2,28,15,,0,,,,,2
12596438,98,64425,NORMAL,REGULAR,Round 28,LEAGUE,3066,İstanbulspor,Local,2ND,06/03/2025,28,1,35%,0.00,1,7,5,2,,133,7,1,0,,3,0,1,3,4,3,1,0,0,,0,2,98,7,19,,4/22 (18%),0/5 (0%),50%,1,12/22 (55%),7/16 (44%),4/8 (50%),43%,7,5,27,23,,5,,,,,5
12596438,98,64425,NORMAL,REGULAR,Round 28,LEAGUE,3080,Sakaryaspor,Visita,ALL,06/03/2025,28,0,55%,0.00,0,11,3,5,5,411,10,10,0,,5,0,3,3,5,6,0,0,2,19,1,1,321,24,67,78/132 (59%),18/48 (38%),6/24 (25%),47%,9,25/57 (44%),13/23 (57%),6/14 (43%),100%,10,12,46,24,,3,,2,,,6
12596438,98,64425,NORMAL,REGULAR,Round 28,LEAGUE,3080,Sakaryaspor,Visita,1ST,06/03/2025,28,0,44%,0.00,0,1,1,0,,164,5,9,0,,0,0,0,1,0,1,0,0,1,,1,0,115,14,30,,9/31 (29%),0/8 (0%),45%,5,15/35 (43%),4/7 (57%),2/7 (29%),100%,5,5,19,9,,1,,,,,4
12596438,98,64425,NORMAL,REGULAR,Round 28,LEAGUE,3080,Sakaryaspor,Visita,2ND,06/03/2025,28,0,65%,0.00,0,10,2,5,,247,5,1,0,,5,0,3,2,5,5,0,0,1,,0,1,206,10,37,,9/17 (53%),6/16 (38%),50%,4,10/22 (45%),9/16 (56%),4/7 (57%),100%,5,7,27,15,,2,,,,,2
12596428,98,64425,NORMAL,REGULAR,Round 29,LEAGUE,6414,Boluspor,Local,ALL,10/03/2025,29,1,41%,0.00,1,6,0,0,15,320,22,16,1,,3,0,1,2,3,3,1,,,7,0,2,246,25,51,58/93 (62%),35/65 (54%),0/4 (0%),54%,7,44/84 (52%),18/30 (60%),8/13 (62%),36%,22,19,41,37,,0,,,2,1,7
12596428,98,64425,NORMAL,REGULAR,Round 29,LEAGUE,6414,Boluspor,Local,1ST,10/03/2025,29,1,44%,0.00,1,3,0,0,,184,12,6,1,,1,0,1,1,2,1,1,,,,0,1,149,14,29,,21/30 (70%),0/4 (0%),53%,4,26/46 (57%),5/12 (42%),8/10 (80%),50%,12,11,17,18,,0,,,,,2
12596428,98,64425,NORMAL,REGULAR,Round 29,LEAGUE,6414,Boluspor,Local,2ND,10/03/2025,29,0,37%,0.00,0,3,0,0,,136,10,10,0,,2,0,0,1,1,2,0,,,,0,1,97,11,22,,14/35 (40%),0/0 (0%),55%,3,18/38 (47%),13/18 (72%),0/3 (0%),20%,10,8,24,19,,0,,,,,5
12596428,98,64425,NORMAL,REGULAR,Round 29,LEAGUE,3066,İstanbulspor,Visita,ALL,10/03/2025,29,0,59%,0.00,0,8,2,7,16,454,12,15,2,,0,1,5,3,2,6,0,,,23,4,2,367,37,73,121/171 (71%),15/34 (44%),1/21 (5%),46%,13,40/84 (48%),12/30 (40%),14/23 (61%),83%,12,10,46,9,,2,,,0,0,5
12596428,98,64425,NORMAL,REGULAR,Round 29,LEAGUE,3066,İstanbulspor,Visita,1ST,10/03/2025,29,0,56%,0.00,0,2,0,1,,232,6,9,0,,0,0,1,1,1,1,0,,,,2,1,186,22,28,,7/17 (41%),0/7 (0%),47%,9,20/46 (43%),7/12 (58%),6/9 (67%),67%,6,5,16,7,,0,,,,,2
12596428,98,64425,NORMAL,REGULAR,Round 29,LEAGUE,3066,İstanbulspor,Visita,2ND,10/03/2025,29,0,63%,0.00,0,6,2,6,,222,6,6,2,,0,1,4,2,1,5,0,,,,2,1,181,15,45,,8/17 (47%),1/14 (7%),45%,4,20/38 (53%),5/18 (28%),8/14 (57%),100%,6,5,30,2,,2,,,,,3
12596419,98,64425,NORMAL,REGULAR,Round 30,LEAGUE,3066,İstanbulspor,Local,ALL,16/03/2025,30,5,45%,0.00,3,18,2,2,9,379,17,13,1,,9,1,8,1,12,6,,3,3,25,0,4,303,22,53,58/93 (62%),27/57 (47%),3/10 (30%),52%,6,39/71 (55%),12/28 (43%),10/20 (50%),71%,17,13,69,10,1,2,,0,1,,6
12596419,98,64425,NORMAL,REGULAR,Round 30,LEAGUE,3066,İstanbulspor,Local,1ST,16/03/2025,30,2,44%,0.00,2,9,1,1,,200,8,8,1,,4,0,4,1,7,2,,2,3,,0,1,156,8,26,,11/29 (38%),2/3 (67%),57%,3,18/31 (58%),8/15 (53%),2/4 (50%),75%,8,5,39,7,,1,,,,,0
12596419,98,64425,NORMAL,REGULAR,Round 30,LEAGUE,3066,İstanbulspor,Local,2ND,16/03/2025,30,3,45%,0.00,1,9,1,1,,179,9,5,0,,5,1,4,0,5,4,,1,0,,0,3,147,14,27,,16/28 (57%),1/7 (14%),47%,3,21/40 (53%),4/13 (31%),8/16 (50%),67%,9,8,30,3,,1,,,,,6
12596419,98,64425,NORMAL,REGULAR,Round 30,LEAGUE,7802,Gençlerbirliği,Visita,ALL,16/03/2025,30,0,55%,0.00,0,7,4,3,13,485,16,9,2,,2,0,5,0,3,4,,0,0,8,1,3,396,23,54,55/97 (57%),31/64 (48%),4/10 (40%),48%,8,32/71 (45%),16/28 (57%),8/17 (47%),75%,16,14,56,24,0,4,,1,1,,9
12596419,98,64425,NORMAL,REGULAR,Round 30,LEAGUE,7802,Gençlerbirliği,Visita,1ST,16/03/2025,30,0,56%,0.00,0,1,2,2,,251,5,4,2,,1,0,0,0,1,0,,0,0,,1,2,205,13,26,,18/34 (53%),3/7 (43%),43%,4,13/31 (42%),7/15 (47%),4/8 (50%),60%,5,8,31,12,,2,,,,,4
12596419,98,64425,NORMAL,REGULAR,Round 30,LEAGUE,7802,Gençlerbirliği,Visita,2ND,16/03/2025,30,0,55%,0.00,0,6,2,1,,234,11,5,0,,1,0,5,0,2,4,,0,0,,0,1,191,10,28,,13/30 (43%),1/3 (33%),53%,4,19/40 (48%),9/13 (69%),4/9 (44%),82%,11,6,25,12,,2,,,,,5
12596411,98,64425,NORMAL,REGULAR,Round 31,LEAGUE,3069,Adanaspor,Local,ALL,29/03/2025,31,0,37%,0.00,1,11,7,1,13,266,14,14,3,,0,0,9,2,3,8,0,1,1,10,0,3,188,18,53,65/100 (65%),22/55 (40%),3/12 (25%),41%,15,32/82 (39%),13/29 (45%),6/15 (40%),64%,14,18,49,21,,7,,2,1,1,11
12596411,98,64425,NORMAL,REGULAR,Round 31,LEAGUE,3069,Adanaspor,Local,1ST,29/03/2025,31,0,26%,0.00,0,4,4,1,,90,9,6,2,,0,0,3,1,1,3,0,0,0,,0,3,56,11,15,,10/26 (38%),1/4 (25%),38%,9,16/46 (35%),7/15 (47%),2/6 (33%),44%,9,12,22,13,,4,,,,,3
12596411,98,64425,NORMAL,REGULAR,Round 31,LEAGUE,3069,Adanaspor,Local,2ND,29/03/2025,31,0,47%,0.00,1,7,3,0,,176,5,8,1,,0,0,6,1,2,5,0,1,1,,0,0,132,7,38,,12/29 (41%),2/8 (25%),44%,6,16/36 (44%),6/14 (43%),4/9 (44%),100%,5,6,27,8,,3,,,,,8
12596411,98,64425,NORMAL,REGULAR,Round 31,LEAGUE,3066,İstanbulspor,Visita,ALL,29/03/2025,31,2,63%,0.00,5,26,0,6,14,447,24,13,4,,9,1,8,9,15,11,1,4,1,33,3,1,359,22,55,112/151 (74%),19/50 (38%),4/16 (25%),59%,7,50/82 (61%),16/29 (55%),13/20 (65%),54%,24,8,57,22,,0,,0,0,1,8
12596411,98,64425,NORMAL,REGULAR,Round 31,LEAGUE,3066,İstanbulspor,Visita,1ST,29/03/2025,31,0,74%,0.00,1,9,0,4,,252,13,6,1,,4,0,1,4,3,6,0,1,0,,1,1,208,10,32,,13/29 (45%),1/10 (10%),62%,6,30/46 (65%),8/15 (53%),11/14 (79%),62%,13,4,23,5,,0,,,,,3
12596411,98,64425,NORMAL,REGULAR,Round 31,LEAGUE,3066,İstanbulspor,Visita,2ND,29/03/2025,31,2,53%,0.00,4,17,0,2,,195,11,7,3,,5,1,7,5,12,5,1,3,1,,2,0,151,12,23,,6/21 (29%),3/6 (50%),56%,1,20/36 (56%),8/14 (57%),2/6 (33%),45%,11,4,34,17,,0,,,,,5
12596399,98,64425,NORMAL,REGULAR,Round 32,LEAGUE,3066,İstanbulspor,Local,ALL,04/04/2025,32,5,74%,0.00,7,24,1,5,20,622,19,9,2,,10,1,9,5,17,7,3,4,,41,1,1,575,16,72,190/225 (84%),18/30 (60%),4/21 (19%),52%,6,39/78 (50%),16/27 (59%),13/24 (54%),68%,19,6,45,16,,1,,,1,0,4
12596399,98,64425,NORMAL,REGULAR,Round 32,LEAGUE,3066,İstanbulspor,Local,1ST,04/04/2025,32,3,77%,0.00,6,13,0,3,,311,3,3,1,,5,1,5,3,12,1,3,3,,,1,0,286,5,40,,8/13 (62%),2/12 (17%),50%,2,11/26 (42%),9/14 (64%),5/9 (56%),67%,3,4,25,6,,0,,,,,3
12596399,98,64425,NORMAL,REGULAR,Round 32,LEAGUE,3066,İstanbulspor,Local,2ND,04/04/2025,32,2,71%,0.00,1,11,1,2,,311,16,6,1,,5,0,4,2,5,6,0,1,,,0,1,289,11,32,,10/17 (59%),2/9 (22%),54%,4,28/52 (54%),7/13 (54%),8/15 (53%),69%,16,2,20,10,,1,,,,,1
12596399,98,64425,NORMAL,REGULAR,Round 32,LEAGUE,24759,Yeni Malatyaspor,Visita,ALL,04/04/2025,32,0,26%,0.00,0,4,5,2,10,220,17,20,2,,1,0,3,0,0,4,0,0,,1,2,1,145,15,29,26/48 (54%),13/51 (25%),0/10 (0%),48%,8,39/78 (50%),11/27 (41%),4/15 (27%),71%,17,13,36,27,,5,,,0,1,16
12596399,98,64425,NORMAL,REGULAR,Round 32,LEAGUE,24759,Yeni Malatyaspor,Visita,1ST,04/04/2025,32,0,23%,0.00,0,2,2,1,,95,6,8,1,,0,0,2,0,0,2,0,0,,,2,0,56,8,18,,6/27 (22%),0/4 (0%),50%,0,15/26 (58%),5/14 (36%),1/4 (25%),67%,6,6,15,11,,2,,,,,10
12596399,98,64425,NORMAL,REGULAR,Round 32,LEAGUE,24759,Yeni Malatyaspor,Visita,2ND,04/04/2025,32,0,29%,0.00,0,2,3,1,,125,11,12,1,,1,0,1,0,0,2,0,0,,,0,1,89,7,11,,7/24 (29%),0/6 (0%),46%,8,24/52 (46%),6/13 (46%),3/11 (27%),73%,11,7,21,16,,3,,,,,6
12596389,98,64425,NORMAL,REGULAR,Round 33,LEAGUE,388264,Iğdır FK,Local,ALL,08/04/2025,33,3,45%,0.00,3,13,3,4,12,362,13,8,2,,8,1,5,0,6,7,2,1,,15,2,2,268,28,63,74/115 (64%),28/72 (39%),0/8 (0%),37%,10,24/61 (39%),10/30 (33%),4/11 (36%),77%,13,14,53,35,,3,,1,,0,9
12596389,98,64425,NORMAL,REGULAR,Round 33,LEAGUE,388264,Iğdır FK,Local,1ST,08/04/2025,33,2,51%,0.00,2,6,1,3,,195,3,6,1,,4,1,2,0,2,4,1,1,,,2,2,155,18,32,,15/31 (48%),0/6 (0%),34%,7,11/28 (39%),3/13 (23%),2/5 (40%),100%,3,5,19,17,,1,,,,,2
12596389,98,64425,NORMAL,REGULAR,Round 33,LEAGUE,388264,Iğdır FK,Local,2ND,08/04/2025,33,1,40%,0.00,1,7,2,1,,167,10,2,1,,4,0,3,0,4,3,1,0,,,0,0,113,10,31,,13/41 (32%),0/2 (0%),40%,3,13/33 (39%),7/17 (41%),2/6 (33%),70%,10,9,34,18,,2,,,,,7
12596389,98,64425,NORMAL,REGULAR,Round 33,LEAGUE,3066,İstanbulspor,Visita,ALL,08/04/2025,33,0,55%,0.00,2,13,5,3,8,435,17,12,1,,3,0,5,5,6,7,0,2,,18,3,1,344,26,48,57/98 (58%),19/52 (37%),3/21 (14%),63%,11,37/61 (61%),20/30 (67%),8/10 (80%),71%,17,10,53,15,,5,,0,,1,6
12596389,98,64425,NORMAL,REGULAR,Round 33,LEAGUE,3066,İstanbulspor,Visita,1ST,08/04/2025,33,0,49%,0.00,0,4,2,2,,189,10,5,1,,1,0,1,2,1,3,0,0,,,2,1,144,8,12,,8/27 (30%),1/8 (13%),66%,3,17/28 (61%),10/13 (77%),2/2 (100%),60%,10,6,23,9,,2,,,,,2
12596389,98,64425,NORMAL,REGULAR,Round 33,LEAGUE,3066,İstanbulspor,Visita,2ND,08/04/2025,33,0,60%,0.00,2,9,3,1,,246,7,7,0,,2,0,4,3,5,4,0,2,,,1,0,200,18,36,,11/25 (44%),2/13 (15%),60%,8,20/33 (61%),10/17 (59%),6/8 (75%),86%,7,4,30,6,,3,,,,,4
12596371,98,64425,NORMAL,REGULAR,Round 34,LEAGUE,3066,İstanbulspor,Local,ALL,12/04/2025,34,0,60%,0.00,2,15,4,7,12,475,17,14,2,,3,0,6,6,6,9,0,2,,21,8,,399,25,75,113/163 (69%),12/34 (35%),5/30 (17%),51%,8,39/79 (49%),14/24 (58%),10/17 (59%),76%,17,13,55,19,1,4,,,0,0,4
12596371,98,64425,NORMAL,REGULAR,Round 34,LEAGUE,3066,İstanbulspor,Local,1ST,12/04/2025,34,0,61%,0.00,2,8,1,2,,256,9,7,0,,1,0,4,3,3,5,0,2,,,3,,214,15,49,,8/20 (40%),2/14 (14%),49%,6,20/42 (48%),7/13 (54%),5/11 (45%),56%,9,6,31,8,,1,,,,,2
12596371,98,64425,NORMAL,REGULAR,Round 34,LEAGUE,3066,İstanbulspor,Local,2ND,12/04/2025,34,0,59%,0.00,0,7,3,5,,219,8,7,2,,2,0,2,3,3,4,0,0,,,5,,185,10,26,,4/14 (29%),3/16 (19%),54%,2,19/37 (51%),7/11 (64%),5/6 (83%),100%,8,7,24,11,,3,,,,,2
12596371,98,64425,NORMAL,REGULAR,Round 34,LEAGUE,6366,Keçiörengücü,Visita,ALL,12/04/2025,34,2,40%,0.00,6,17,3,3,14,325,15,12,2,,6,0,3,8,11,6,1,5,,23,2,,244,26,40,58/94 (62%),22/57 (39%),3/8 (38%),49%,6,40/79 (51%),10/24 (42%),15/26 (58%),47%,15,20,49,37,0,3,,,4,1,9
12596371,98,64425,NORMAL,REGULAR,Round 34,LEAGUE,6366,Keçiörengücü,Visita,1ST,12/04/2025,34,0,39%,0.00,2,5,1,0,,171,12,6,2,,1,0,2,2,5,0,0,2,,,0,,122,14,20,,13/36 (36%),1/3 (33%),51%,3,22/42 (52%),6/13 (46%),6/12 (50%),42%,12,9,26,13,,1,,,,,5
12596371,98,64425,NORMAL,REGULAR,Round 34,LEAGUE,6366,Keçiörengücü,Visita,2ND,12/04/2025,34,2,41%,0.00,4,12,2,3,,154,3,6,0,,5,0,1,6,6,6,1,3,,,2,,122,12,20,,9/21 (43%),2/5 (40%),46%,3,18/37 (49%),4/11 (36%),9/14 (64%),67%,3,11,23,24,,2,,,,,4
12596376,98,64425,NORMAL,REGULAR,Round 35,LEAGUE,55603,Erzurumspor FK,Local,ALL,19/04/2025,35,1,64%,0.00,1,23,2,8,15,405,10,12,5,1,9,0,11,3,12,11,1,0,,31,1,1,322,25,81,100/142 (70%),34/60 (57%),13/35 (37%),56%,9,28/64 (44%),36/51 (71%),7/15 (47%),60%,10,8,36,19,,2,,0,0,0,8
12596376,98,64425,NORMAL,REGULAR,Round 35,LEAGUE,55603,Erzurumspor FK,Local,1ST,19/04/2025,35,0,51%,0.00,0,6,2,4,,153,6,5,1,0,2,0,4,0,0,6,0,0,,,0,1,111,14,24,,13/28 (46%),3/12 (25%),63%,3,15/28 (54%),15/20 (75%),4/5 (80%),50%,6,5,12,15,,2,,,,,5
12596376,98,64425,NORMAL,REGULAR,Round 35,LEAGUE,55603,Erzurumspor FK,Local,2ND,19/04/2025,35,1,76%,0.00,1,17,0,4,,252,4,7,4,1,7,0,7,3,12,5,1,0,,,1,0,211,11,57,,21/32 (66%),10/23 (43%),51%,6,13/36 (36%),21/31 (68%),3/10 (30%),75%,4,3,24,4,,0,,,,,3
12596376,98,64425,NORMAL,REGULAR,Round 35,LEAGUE,3066,İstanbulspor,Visita,ALL,19/04/2025,35,2,36%,0.00,2,9,8,5,12,232,17,15,6,0,4,0,3,2,5,4,1,1,,10,6,1,159,19,40,50/86 (58%),16/44 (36%),1/10 (10%),44%,5,36/64 (56%),15/51 (29%),5/10 (50%),65%,17,5,39,44,,8,,2,3,2,16
12596376,98,64425,NORMAL,REGULAR,Round 35,LEAGUE,3066,İstanbulspor,Visita,1ST,19/04/2025,35,1,49%,0.00,0,5,2,5,,148,4,5,1,0,3,0,2,0,1,4,0,0,,,1,0,112,11,19,,7/20 (35%),1/8 (13%),37%,3,13/28 (46%),5/20 (25%),4/7 (57%),75%,4,3,19,19,,2,,,,,5
12596376,98,64425,NORMAL,REGULAR,Round 35,LEAGUE,3066,İstanbulspor,Visita,2ND,19/04/2025,35,1,24%,0.00,2,4,6,0,,84,13,10,5,0,1,0,1,2,4,0,1,1,,,5,1,47,8,21,,9/24 (38%),0/2 (0%),49%,2,23/36 (64%),10/31 (32%),1/3 (33%),62%,13,2,20,25,,6,,,,,11
12596353,98,64425,NORMAL,REGULAR,Round 36,LEAGUE,3066,İstanbulspor,Local,ALL,27/04/2025,36,5,46%,0.00,4,10,1,3,13,381,27,20,1,,7,0,2,1,6,4,3,1,2,19,2,2,284,18,47,69/105 (66%),22/55 (40%),4/16 (25%),57%,15,60/98 (61%),16/35 (46%),16/21 (76%),56%,27,6,47,31,,1,,1,1,,10
12596353,98,64425,NORMAL,REGULAR,Round 36,LEAGUE,3066,İstanbulspor,Local,1ST,27/04/2025,36,3,50%,0.00,3,4,0,2,,213,11,8,1,,4,0,0,0,3,1,2,1,1,,0,1,164,10,28,,9/26 (35%),3/12 (25%),56%,10,28/47 (60%),7/16 (44%),11/14 (79%),27%,11,2,24,13,,0,,,,,5
12596353,98,64425,NORMAL,REGULAR,Round 36,LEAGUE,3066,İstanbulspor,Local,2ND,27/04/2025,36,2,42%,0.00,1,6,1,1,,168,16,12,0,,3,0,2,1,3,3,1,0,1,,2,1,120,8,19,,13/29 (45%),1/4 (25%),59%,5,32/51 (63%),9/19 (47%),5/7 (71%),75%,16,4,23,18,,1,,,,,5
12596353,98,64425,NORMAL,REGULAR,Round 36,LEAGUE,7032,Pendikspor,Visita,ALL,27/04/2025,36,2,54%,0.00,3,11,2,6,20,430,20,13,2,,3,0,6,2,10,1,1,2,1,24,1,2,339,33,61,70/108 (65%),17/46 (37%),7/28 (25%),43%,12,38/98 (39%),19/35 (54%),6/21 (29%),40%,20,10,53,25,,2,,0,1,,4
12596353,98,64425,NORMAL,REGULAR,Round 36,LEAGUE,7032,Pendikspor,Visita,1ST,27/04/2025,36,1,50%,0.00,1,5,1,2,,213,13,4,0,,1,0,3,1,4,1,1,0,1,,0,1,169,14,25,,3/16 (19%),3/10 (30%),44%,5,19/47 (40%),9/16 (56%),3/9 (33%),38%,13,9,29,16,,1,,,,,1
12596353,98,64425,NORMAL,REGULAR,Round 36,LEAGUE,7032,Pendikspor,Visita,2ND,27/04/2025,36,1,58%,0.00,2,6,1,4,,217,7,9,2,,2,0,3,1,6,0,0,2,0,,1,1,170,19,36,,14/30 (47%),4/18 (22%),41%,7,19/51 (37%),10/19 (53%),3/12 (25%),43%,7,1,24,9,,1,,,,,3
12596349,98,64425,NORMAL,REGULAR,Round 37,LEAGUE,262480,Esenler Erokspor,Local,ALL,04/05/2025,37,0,60%,0.00,6,8,5,3,13,498,18,10,2,,4,0,4,0,6,2,0,6,0,15,2,1,409,22,38,60/94 (64%),34/65 (52%),6/16 (38%),47%,5,32/62 (52%),6/19 (32%),4/14 (29%),56%,18,4,56,19,0,5,,,3,,8
12596349,98,64425,NORMAL,REGULAR,Round 37,LEAGUE,262480,Esenler Erokspor,Local,1ST,04/05/2025,37,0,57%,0.00,3,4,1,2,,228,13,7,0,,2,0,2,0,3,1,0,3,0,,2,1,179,13,20,,13/33 (39%),3/6 (50%),58%,1,23/36 (64%),5/12 (42%),3/8 (38%),46%,13,2,27,7,,1,,,,,3
12596349,98,64425,NORMAL,REGULAR,Round 37,LEAGUE,262480,Esenler Erokspor,Local,2ND,04/05/2025,37,0,62%,0.00,3,4,4,1,,270,5,3,2,,2,0,2,0,3,1,0,3,0,,0,0,230,9,18,,21/32 (66%),3/10 (30%),30%,4,9/26 (35%),1/7 (14%),1/6 (17%),80%,5,2,29,12,,4,,,,,5
12596349,98,64425,NORMAL,REGULAR,Round 37,LEAGUE,3066,İstanbulspor,Visita,ALL,04/05/2025,37,3,40%,0.00,5,12,4,7,10,336,15,13,2,,9,1,1,2,8,4,3,2,1,23,5,1,264,19,42,71/105 (68%),18/49 (37%),4/21 (19%),53%,8,30/62 (48%),13/19 (68%),4/14 (29%),40%,15,5,59,24,1,4,,,0,,6
12596349,98,64425,NORMAL,REGULAR,Round 37,LEAGUE,3066,İstanbulspor,Visita,1ST,04/05/2025,37,1,43%,0.00,3,5,2,2,,172,6,5,1,,3,0,1,1,4,1,1,2,0,,1,1,138,11,21,,11/29 (38%),2/9 (22%),42%,8,13/36 (36%),7/12 (58%),2/7 (29%),67%,6,4,28,11,,2,,,,,3
12596349,98,64425,NORMAL,REGULAR,Round 37,LEAGUE,3066,İstanbulspor,Visita,2ND,04/05/2025,37,2,38%,0.00,2,7,2,5,,164,9,8,1,,6,1,0,1,4,3,2,0,1,,4,0,126,8,21,,7/20 (35%),2/12 (17%),70%,0,17/26 (65%),6/7 (86%),2/7 (29%),22%,9,1,31,13,,2,,,,,3
12596339,98,64425,NORMAL,REGULAR,Round 38,LEAGUE,3066,İstanbulspor,Local,ALL,10/05/2025,38,3,43%,0.00,3,14,6,1,14,361,10,6,,,8,0,4,2,11,3,2,1,1,41,,7,300,14,52,87/121 (72%),20/37 (54%),3/11 (27%),46%,5,24/56 (43%),9/15 (60%),9/15 (60%),60%,10,15,59,21,,6,,0,1,1,7
12596339,98,64425,NORMAL,REGULAR,Round 38,LEAGUE,3066,İstanbulspor,Local,1ST,10/05/2025,38,2,34%,0.00,2,8,2,0,,136,7,3,,,4,0,2,2,6,2,1,1,0,,,3,108,8,22,,9/20 (45%),2/5 (40%),47%,4,13/28 (46%),5/10 (50%),4/4 (100%),57%,7,6,26,17,,2,,,,,1
12596339,98,64425,NORMAL,REGULAR,Round 38,LEAGUE,3066,İstanbulspor,Local,2ND,10/05/2025,38,1,52%,0.00,1,6,4,1,,225,3,3,,,4,0,2,0,5,1,1,0,1,,,4,192,6,30,,11/17 (65%),1/6 (17%),45%,1,11/28 (39%),4/5 (80%),5/11 (45%),67%,3,9,33,4,,4,,,,,6
12596339,98,64425,NORMAL,REGULAR,Round 38,LEAGUE,77629,Çorum FK,Visita,ALL,10/05/2025,38,0,57%,0.00,1,13,5,7,6,471,11,14,,,6,1,5,2,9,4,0,1,4,19,,0,408,16,40,85/106 (80%),30/52 (58%),7/23 (30%),54%,2,32/56 (57%),6/15 (40%),8/16 (50%),64%,11,6,48,11,,5,,1,0,0,5
12596339,98,64425,NORMAL,REGULAR,Round 38,LEAGUE,77629,Çorum FK,Visita,1ST,10/05/2025,38,0,66%,0.00,0,5,2,5,,268,4,7,,,2,1,2,1,4,1,0,0,1,,,0,236,13,20,,20/32 (63%),5/14 (36%),53%,1,15/28 (54%),5/10 (50%),4/10 (40%),50%,4,3,17,3,,2,,,,,3
12596339,98,64425,NORMAL,REGULAR,Round 38,LEAGUE,77629,Çorum FK,Visita,2ND,10/05/2025,38,0,48%,0.00,1,8,3,2,,203,7,7,,,4,0,3,1,5,3,0,1,3,,,0,172,3,20,,10/20 (50%),2/9 (22%),55%,1,17/28 (61%),1/5 (20%),4/6 (67%),71%,7,3,31,8,,3,,,,,2
13883924,98,64425,NORMAL,PLAYOFF,Qualification Round 1,LEAGUE,3066,İstanbulspor,Local,ALL,15/05/2025,1,1,55%,0.00,0,20,5,4,10,469,20,17,2,,6,0,10,4,10,10,0,0,,25,3,4,389,14,67,80/130 (62%),21/47 (45%),9/23 (39%),59%,4,47/75 (63%),18/36 (50%),12/19 (63%),80%,20,13,56,20,,5,,0,,0,4
13883924,98,64425,NORMAL,PLAYOFF,Qualification Round 1,LEAGUE,3066,İstanbulspor,Local,1ST,15/05/2025,1,0,59%,0.00,0,7,1,2,,292,12,7,1,,2,0,3,2,4,3,0,0,,,0,0,245,8,32,,9/25 (36%),2/9 (22%),60%,3,22/37 (59%),8/13 (62%),4/9 (44%),75%,12,9,32,5,,1,,,,,1
13883924,98,64425,NORMAL,PLAYOFF,Qualification Round 1,LEAGUE,3066,İstanbulspor,Local,2ND,15/05/2025,1,1,50%,0.00,0,13,4,2,,177,8,10,1,,4,0,7,2,6,7,0,0,,,3,4,144,6,35,,12/22 (55%),7/14 (50%),57%,1,25/38 (66%),10/23 (43%),8/10 (80%),88%,8,4,24,15,,4,,,,,3
13883924,98,64425,NORMAL,PLAYOFF,Qualification Round 1,LEAGUE,6414,Boluspor,Visita,ALL,15/05/2025,1,2,45%,0.00,4,13,5,3,17,391,11,10,3,,7,1,4,2,10,3,2,2,,19,1,1,307,16,46,52/87 (60%),21/47 (45%),5/10 (50%),41%,12,28/75 (37%),18/36 (50%),8/16 (50%),73%,11,14,52,26,,5,,1,,1,10
13883924,98,64425,NORMAL,PLAYOFF,Qualification Round 1,LEAGUE,6414,Boluspor,Visita,1ST,15/05/2025,1,0,41%,0.00,0,3,2,1,,208,8,6,0,,1,0,1,1,1,2,0,0,,,0,0,165,10,21,,5/18 (28%),2/4 (50%),40%,6,15/37 (41%),5/13 (38%),2/8 (25%),75%,8,12,29,16,,2,,,,,3
13883924,98,64425,NORMAL,PLAYOFF,Qualification Round 1,LEAGUE,6414,Boluspor,Visita,2ND,15/05/2025,1,2,50%,0.00,4,10,3,2,,183,3,4,3,,6,1,3,1,9,1,2,2,,,1,1,142,6,25,,16/29 (55%),3/6 (50%),43%,6,13/38 (34%),13/23 (57%),6/8 (75%),67%,3,2,23,10,,3,,,,,7
14138278,98,77977,NORMAL,REGULAR,Round 1,LEAGUE,3066,İstanbulspor,Local,ALL,09/08/2025,1,0,72%,0.77,1,7,3,6,11,549,16,9,1,1,3,1,2,2,7,0,,1,,26,2,1,452,32,56,78/122 (64%),26/55 (47%),2/26 (8%),52%,9,39/71 (55%),20/42 (48%),14/20 (70%),56%,16,11,51,23,,3,,0,0,,9
14138278,98,77977,NORMAL,REGULAR,Round 1,LEAGUE,3066,İstanbulspor,Local,1ST,09/08/2025,1,0,74%,0.00,1,5,2,2,,307,8,6,1,0,3,1,2,0,5,0,,1,,,1,1,255,13,37,,13/29 (45%),1/10 (10%),55%,5,19/38 (50%),14/22 (64%),5/9 (56%),50%,8,3,30,16,,2,,,,,3
14138278,98,77977,NORMAL,REGULAR,Round 1,LEAGUE,3066,İstanbulspor,Local,2ND,09/08/2025,1,0,69%,0.00,0,2,1,4,,242,8,3,0,1,0,0,0,2,2,0,,0,,,1,0,197,19,19,,13/26 (50%),1/16 (6%),49%,4,20/33 (61%),6/20 (30%),9/11 (82%),63%,8,8,21,7,,1,,,,,6
14138278,98,77977,NORMAL,REGULAR,Round 1,LEAGUE,297102,Serikspor A.Ş.,Visita,ALL,09/08/2025,1,0,28%,1.47,1,13,3,3,9,215,15,11,2,0,3,0,5,5,8,5,,1,,12,1,0,126,21,59,36/80 (45%),17/59 (29%),6/12 (50%),48%,11,32/71 (45%),22/42 (52%),6/11 (55%),73%,15,19,40,36,,3,,3,2,,11
14138278,98,77977,NORMAL,REGULAR,Round 1,LEAGUE,297102,Serikspor A.Ş.,Visita,1ST,09/08/2025,1,0,26%,0.00,1,7,3,2,,104,9,5,1,0,2,0,2,3,4,3,,1,,,0,0,56,9,33,,9/30 (30%),3/7 (43%),45%,6,19/38 (50%),8/22 (36%),5/7 (71%),67%,9,8,20,15,,3,,,,,5
14138278,98,77977,NORMAL,REGULAR,Round 1,LEAGUE,297102,Serikspor A.Ş.,Visita,2ND,09/08/2025,1,0,31%,0.00,0,6,0,1,,111,6,6,1,0,1,0,3,2,4,2,,0,,,1,0,70,12,26,,8/29 (28%),3/5 (60%),51%,5,13/33 (39%),14/20 (70%),1/4 (25%),83%,6,11,20,21,,0,,,,,6
14143610,98,77977,NORMAL,REGULAR,Round 2,LEAGUE,6366,Keçiörengücü,Local,ALL,16/08/2025,2,0,54%,1.22,2,14,4,5,12,400,8,16,3,0,2,1,8,4,10,4,,2,,27,5,4,330,25,49,84/119 (71%),37/59 (63%),10/29 (34%),52%,9,26/58 (45%),24/39 (62%),2/12 (17%),88%,8,5,29,22,,4,,1,,0,11
14143610,98,77977,NORMAL,REGULAR,Round 2,LEAGUE,6366,Keçiörengücü,Local,1ST,16/08/2025,2,0,48%,0.00,1,6,3,2,,170,2,9,0,0,0,0,3,3,5,1,,1,,,3,1,139,15,30,,20/30 (67%),4/13 (31%),51%,5,12/27 (44%),10/16 (63%),1/7 (14%),100%,2,2,10,13,,3,,,,,4
14143610,98,77977,NORMAL,REGULAR,Round 2,LEAGUE,6366,Keçiörengücü,Local,2ND,16/08/2025,2,0,60%,0.00,1,8,1,3,,230,6,7,3,0,2,1,5,1,5,3,,1,,,2,3,191,10,19,,17/29 (59%),6/16 (38%),52%,4,14/31 (45%),14/23 (61%),1/5 (20%),83%,6,3,19,9,,1,,,,,7
14143610,98,77977,NORMAL,REGULAR,Round 2,LEAGUE,3066,İstanbulspor,Visita,ALL,16/08/2025,2,0,46%,0.41,0,10,2,4,16,348,19,12,5,1,5,0,2,3,7,3,,0,,14,1,6,280,20,50,52/89 (58%),24/50 (48%),3/10 (30%),48%,5,32/58 (55%),15/39 (38%),2/5 (40%),42%,19,10,33,35,,2,,2,,1,11
14143610,98,77977,NORMAL,REGULAR,Round 2,LEAGUE,3066,İstanbulspor,Visita,1ST,16/08/2025,2,0,52%,0.00,0,7,0,4,,193,11,4,2,0,3,0,1,3,4,3,,0,,,0,4,162,10,26,,12/25 (48%),3/6 (50%),49%,1,15/27 (56%),6/16 (38%),1/2 (50%),45%,11,5,15,20,,0,,,,,4
14143610,98,77977,NORMAL,REGULAR,Round 2,LEAGUE,3066,İstanbulspor,Visita,2ND,16/08/2025,2,0,40%,0.00,0,3,2,0,,155,8,8,3,1,2,0,1,0,3,0,,0,,,1,2,118,10,24,,12/25 (48%),0/4 (0%),48%,4,17/31 (55%),9/23 (39%),1/3 (33%),38%,8,5,18,15,,2,,,,,7
14138271,98,77977,NORMAL,REGULAR,Round 3,LEAGUE,3066,İstanbulspor,Local,ALL,25/08/2025,3,1,52%,1.51,2,16,3,6,10,398,21,8,1,,4,0,9,3,9,7,,2,0,32,1,3,306,23,48,79/113 (70%),23/44 (52%),5/22 (23%),50%,9,37/76 (49%),18/33 (55%),10/19 (53%),57%,21,13,50,20,,3,,0,1,,18
14138271,98,77977,NORMAL,REGULAR,Round 3,LEAGUE,3066,İstanbulspor,Local,1ST,25/08/2025,3,1,48%,0.00,0,7,2,3,,184,6,5,1,,3,0,2,2,5,2,,0,0,,0,2,137,12,26,,14/30 (47%),2/10 (20%),44%,4,13/32 (41%),10/20 (50%),4/9 (44%),67%,6,6,29,9,,2,,,,,5
14138271,98,77977,NORMAL,REGULAR,Round 3,LEAGUE,3066,İstanbulspor,Local,2ND,25/08/2025,3,0,56%,0.00,2,9,1,3,,214,15,3,0,,1,0,7,1,4,5,,2,0,,1,1,169,11,22,,9/14 (64%),3/12 (25%),56%,5,24/44 (55%),8/13 (62%),6/10 (60%),53%,15,7,21,11,,1,,,,,13
14138271,98,77977,NORMAL,REGULAR,Round 3,LEAGUE,202391,Manisa FK,Visita,ALL,25/08/2025,3,1,48%,0.96,1,15,3,4,8,360,18,10,0,,4,0,10,1,9,6,,1,1,13,0,1,285,25,58,92/129 (71%),27/55 (49%),3/23 (13%),50%,10,39/76 (51%),15/33 (45%),12/23 (52%),56%,18,10,48,32,,3,,2,3,,10
14138271,98,77977,NORMAL,REGULAR,Round 3,LEAGUE,202391,Manisa FK,Visita,1ST,25/08/2025,3,1,52%,0.00,1,6,2,0,,193,9,4,0,,3,0,3,0,5,1,,1,1,,0,1,158,8,28,,20/35 (57%),2/10 (20%),56%,2,19/32 (59%),10/20 (50%),6/10 (60%),44%,9,4,27,15,,2,,,,,4
14138271,98,77977,NORMAL,REGULAR,Round 3,LEAGUE,202391,Manisa FK,Visita,2ND,25/08/2025,3,0,44%,0.00,0,9,1,4,,167,9,6,0,,1,0,7,1,4,5,,0,0,,0,0,127,17,30,,7/20 (35%),1/13 (8%),44%,8,20/44 (45%),5/13 (38%),6/13 (46%),67%,9,6,21,17,,1,,,,,6
14138288,98,77977,NORMAL,REGULAR,Round 4,LEAGUE,3091,Hatayspor,Local,ALL,30/08/2025,4,1,60%,1.21,2,15,1,7,10,415,7,12,1,,3,0,7,5,7,8,1,1,1,28,3,1,335,16,57,76/117 (65%),28/55 (51%),6/18 (33%),52%,3,25/54 (46%),22/36 (61%),7/16 (44%),57%,7,8,41,17,,1,,,1,,5
14138288,98,77977,NORMAL,REGULAR,Round 4,LEAGUE,3091,Hatayspor,Local,1ST,30/08/2025,4,1,66%,0.00,2,12,0,5,,231,5,6,1,,3,0,4,5,7,5,1,1,1,,2,0,190,10,29,,17/34 (50%),4/10 (40%),63%,1,16/28 (57%),15/21 (71%),6/11 (55%),40%,5,4,19,5,,0,,,,,1
14138288,98,77977,NORMAL,REGULAR,Round 4,LEAGUE,3091,Hatayspor,Local,2ND,30/08/2025,4,0,55%,0.00,0,3,1,2,,184,2,6,0,,0,0,3,0,0,3,0,0,0,,1,1,145,6,28,,11/21 (52%),2/8 (25%),39%,2,9/26 (35%),7/15 (47%),1/5 (20%),100%,2,4,22,12,,1,,,,,4
14138288,98,77977,NORMAL,REGULAR,Round 4,LEAGUE,3066,İstanbulspor,Visita,ALL,30/08/2025,4,1,40%,0.66,0,6,2,5,12,266,12,10,4,,1,0,3,2,5,1,0,0,0,9,3,3,205,15,40,32/59 (54%),18/40 (45%),4/19 (21%),48%,5,29/54 (54%),14/36 (39%),7/9 (78%),42%,12,8,43,31,,2,,,1,,9
14138288,98,77977,NORMAL,REGULAR,Round 4,LEAGUE,3066,İstanbulspor,Visita,1ST,30/08/2025,4,1,34%,0.00,0,0,2,0,,123,6,5,1,,0,0,0,0,0,0,0,0,0,,2,1,90,3,16,,6/20 (30%),1/3 (33%),37%,4,12/28 (43%),6/21 (29%),1/2 (50%),33%,6,4,23,13,,2,,,,,5
14138288,98,77977,NORMAL,REGULAR,Round 4,LEAGUE,3066,İstanbulspor,Visita,2ND,30/08/2025,4,0,45%,0.00,0,6,0,5,,143,6,5,3,,1,0,3,2,5,1,0,0,0,,1,2,115,12,24,,12/20 (60%),3/16 (19%),61%,1,17/26 (65%),8/15 (53%),6/7 (86%),50%,6,4,20,18,,0,,,,,4
14138310,98,77977,NORMAL,REGULAR,Round 5,LEAGUE,3066,İstanbulspor,Local,ALL,13/09/2025,5,4,44%,1.14,3,14,1,4,12,354,13,8,1,,9,0,4,1,10,4,2,1,2,25,1,0,269,17,44,62/93 (67%),31/76 (41%),1/9 (11%),44%,5,23/53 (43%),13/28 (46%),3/8 (38%),69%,13,6,37,18,,1,,0,1,1,7
14138310,98,77977,NORMAL,REGULAR,Round 5,LEAGUE,3066,İstanbulspor,Local,1ST,13/09/2025,5,2,44%,0.00,2,6,0,1,,202,3,5,0,,3,0,2,1,5,1,1,1,2,,0,0,157,10,33,,20/44 (45%),1/5 (20%),38%,3,9/25 (36%),8/20 (40%),2/4 (50%),33%,3,2,17,10,,0,,,,,5
14138310,98,77977,NORMAL,REGULAR,Round 5,LEAGUE,3066,İstanbulspor,Local,2ND,13/09/2025,5,2,43%,0.00,1,8,1,3,,152,10,3,1,,6,0,2,0,5,3,1,0,0,,1,0,112,7,11,,11/32 (34%),0/4 (0%),53%,2,14/28 (50%),5/8 (63%),1/4 (25%),80%,10,4,20,8,,1,,,,,2
14138310,98,77977,NORMAL,REGULAR,Round 5,LEAGUE,55625,Ümraniyespor,Visita,ALL,13/09/2025,5,0,56%,0.09,0,6,5,4,8,464,10,12,1,,1,0,3,2,2,4,0,0,0,11,2,3,387,25,49,63/97 (65%),30/57 (53%),3/10 (30%),56%,3,30/53 (57%),15/28 (54%),8/18 (44%),70%,10,12,35,14,,5,,1,0,1,8
14138310,98,77977,NORMAL,REGULAR,Round 5,LEAGUE,55625,Ümraniyespor,Visita,1ST,13/09/2025,5,0,56%,0.00,0,3,1,1,,259,5,8,0,,0,0,2,1,0,3,0,0,0,,0,0,217,4,36,,20/39 (51%),1/5 (20%),62%,1,16/25 (64%),12/20 (60%),3/5 (60%),60%,5,6,20,8,,1,,,,,6
14138310,98,77977,NORMAL,REGULAR,Round 5,LEAGUE,55625,Ümraniyespor,Visita,2ND,13/09/2025,5,0,57%,0.00,0,3,4,3,,205,5,4,1,,1,0,1,1,2,1,0,0,0,,2,3,170,21,13,,10/18 (56%),2/5 (40%),47%,2,14/28 (50%),3/8 (38%),5/13 (38%),80%,5,6,15,6,,4,,,,,2
14138323,98,77977,NORMAL,REGULAR,Round 6,LEAGUE,3066,İstanbulspor,Local,ALL,19/09/2025,6,3,30%,1.83,4,9,5,0,9,273,15,9,1,,4,0,4,1,5,4,3,1,,11,1,1,170,16,35,21/55 (38%),15/56 (27%),2/10 (20%),57%,9,32/53 (60%),23/44 (52%),9/10 (90%),60%,15,14,60,50,1,5,,1,3,,10
14138323,98,77977,NORMAL,REGULAR,Round 6,LEAGUE,3066,İstanbulspor,Local,1ST,19/09/2025,6,1,29%,0.00,1,5,4,0,,137,10,3,1,,1,0,3,1,1,4,1,0,,,0,0,85,6,17,,7/27 (26%),1/6 (17%),56%,6,18/32 (56%),10/18 (56%),6/7 (86%),70%,10,10,34,23,,4,,,,,5
14138323,98,77977,NORMAL,REGULAR,Round 6,LEAGUE,3066,İstanbulspor,Local,2ND,19/09/2025,6,2,32%,0.00,3,4,1,0,,136,5,6,0,,3,0,1,0,4,0,2,1,,,1,1,85,10,18,,8/29 (28%),1/4 (25%),57%,3,14/21 (67%),13/26 (50%),3/3 (100%),40%,5,4,26,27,,1,,,,,5
14138323,98,77977,NORMAL,REGULAR,Round 6,LEAGUE,77629,Çorum FK,Visita,ALL,19/09/2025,6,1,70%,1.02,1,16,1,10,9,628,10,9,1,,6,0,5,5,10,6,0,1,,36,2,1,528,25,83,130/180 (72%),32/59 (54%),7/36 (19%),43%,10,21/53 (40%),21/44 (48%),2/7 (29%),70%,10,13,54,26,0,1,,0,0,,8
14138323,98,77977,NORMAL,REGULAR,Round 6,LEAGUE,77629,Çorum FK,Visita,1ST,19/09/2025,6,0,71%,0.00,0,10,0,8,,339,7,6,1,,4,0,2,4,6,4,0,0,,,1,0,291,13,44,,17/27 (63%),5/24 (21%),44%,6,14/32 (44%),8/18 (44%),1/5 (20%),57%,7,4,29,12,,0,,,,,6
14138323,98,77977,NORMAL,REGULAR,Round 6,LEAGUE,77629,Çorum FK,Visita,2ND,19/09/2025,6,1,68%,0.00,1,6,1,2,,289,3,3,0,,2,0,3,1,4,2,0,1,,,1,1,237,12,39,,15/32 (47%),2/12 (17%),43%,4,7/21 (33%),13/26 (50%),1/2 (50%),100%,3,9,25,14,,1,,,,,2
14138327,98,77977,NORMAL,REGULAR,Round 7,LEAGUE,262480,Esenler Erokspor,Local,ALL,24/09/2025,7,5,55%,2.22,5,11,1,2,10,495,6,11,1,,8,0,3,0,7,4,5,0,1,11,2,1,428,20,42,50/78 (64%),39/62 (63%),2/11 (18%),44%,5,17/46 (37%),11/17 (65%),1/10 (10%),67%,6,11,46,15,0,1,,1,,1,9
14138327,98,77977,NORMAL,REGULAR,Round 7,LEAGUE,262480,Esenler Erokspor,Local,1ST,24/09/2025,7,0,63%,0.00,0,2,0,1,,297,3,8,1,,0,0,2,0,2,0,0,0,1,,1,0,257,15,27,,24/38 (63%),1/5 (20%),53%,2,11/24 (46%),7/10 (70%),1/8 (13%),67%,3,6,20,6,,0,,,,,6
14138327,98,77977,NORMAL,REGULAR,Round 7,LEAGUE,262480,Esenler Erokspor,Local,2ND,24/09/2025,7,5,47%,0.00,5,9,1,1,,198,3,3,0,,8,0,1,0,5,4,5,0,0,,1,1,171,5,15,,15/24 (63%),1/6 (17%),34%,3,6/22 (27%),4/7 (57%),0/2 (0%),67%,3,5,26,9,,1,,,,,3
14138327,98,77977,NORMAL,REGULAR,Round 7,LEAGUE,3066,İstanbulspor,Visita,ALL,24/09/2025,7,0,45%,0.36,1,5,3,3,11,400,14,10,2,,1,0,2,2,2,3,0,1,0,7,3,0,329,15,50,76/113 (67%),17/41 (41%),2/10 (20%),56%,3,29/46 (63%),6/17 (35%),7/10 (70%),71%,14,8,39,13,2,3,,0,,0,7
14138327,98,77977,NORMAL,REGULAR,Round 7,LEAGUE,3066,İstanbulspor,Visita,1ST,24/09/2025,7,0,37%,0.00,0,0,0,1,,172,9,4,0,,0,0,0,0,0,0,0,0,0,,0,0,133,5,20,,7/21 (33%),1/6 (17%),47%,2,13/24 (54%),3/10 (30%),1/2 (50%),78%,9,7,23,6,,0,,,,,4
14138327,98,77977,NORMAL,REGULAR,Round 7,LEAGUE,3066,İstanbulspor,Visita,2ND,24/09/2025,7,0,53%,0.00,1,5,3,2,,228,5,6,2,,1,0,2,2,2,3,0,1,0,,3,0,196,10,30,,10/20 (50%),1/4 (25%),66%,1,16/22 (73%),3/7 (43%),6/8 (75%),60%,5,1,16,7,,3,,,,,3
14138342,98,77977,NORMAL,REGULAR,Round 8,LEAGUE,3066,İstanbulspor,Local,ALL,28/09/2025,8,1,32%,0.74,1,6,6,1,17,246,20,14,4,,4,0,2,0,3,3,1,0,,9,4,2,164,18,35,24/53 (45%),24/60 (40%),4/13 (31%),49%,4,38/85 (45%),22/38 (58%),5/15 (33%),70%,20,19,45,34,0,6,,2,0,1,10
14138342,98,77977,NORMAL,REGULAR,Round 8,LEAGUE,3066,İstanbulspor,Local,1ST,28/09/2025,8,1,29%,0.00,1,6,6,1,,106,8,6,1,,4,0,2,0,3,3,1,0,,,0,1,70,6,18,,14/31 (45%),3/6 (50%),58%,1,18/34 (53%),15/23 (65%),4/4 (100%),50%,8,9,22,27,,6,,,,,4
14138342,98,77977,NORMAL,REGULAR,Round 8,LEAGUE,3066,İstanbulspor,Local,2ND,28/09/2025,8,0,35%,0.00,0,0,0,0,,140,12,8,3,,0,0,0,0,0,0,0,0,,,4,1,94,12,17,,10/29 (34%),1/7 (14%),41%,3,20/51 (39%),7/15 (47%),1/11 (9%),83%,12,10,23,7,,0,,,,,6
14138342,98,77977,NORMAL,REGULAR,Round 8,LEAGUE,6414,Boluspor,Visita,ALL,28/09/2025,8,1,68%,1.95,1,18,3,9,14,524,14,17,4,,7,1,7,4,9,9,0,1,,24,4,3,446,25,64,138/174 (79%),34/59 (58%),4/35 (11%),51%,11,47/85 (55%),16/38 (42%),19/28 (68%),50%,14,13,42,12,1,3,,1,1,0,5
14138342,98,77977,NORMAL,REGULAR,Round 8,LEAGUE,6414,Boluspor,Visita,1ST,28/09/2025,8,0,71%,0.00,1,12,3,8,,261,1,10,1,,6,0,3,3,5,7,0,1,,,3,0,222,11,30,,20/34 (59%),2/23 (9%),42%,6,16/34 (47%),8/23 (35%),7/9 (78%),0%,1,5,19,4,,3,,,,,5
14138342,98,77977,NORMAL,REGULAR,Round 8,LEAGUE,6414,Boluspor,Visita,2ND,28/09/2025,8,1,65%,0.00,0,6,0,1,,263,13,7,3,,1,1,4,1,4,2,0,0,,,1,3,224,14,34,,14/25 (56%),2/12 (17%),59%,5,31/51 (61%),8/15 (53%),12/19 (63%),54%,13,8,23,8,,0,,,,,0
14138359,98,77977,NORMAL,REGULAR,Round 9,LEAGUE,388264,Iğdır FK,Local,ALL,05/10/2025,9,2,48%,2.77,4,10,4,3,15,337,9,10,4,1,4,0,3,3,8,2,2,2,0,18,5,1,259,14,50,45/86 (52%),28/68 (41%),2/12 (17%),55%,5,20/46 (43%),27/39 (69%),3/7 (43%),56%,9,7,39,25,0,4,,0,2,0,10
14138359,98,77977,NORMAL,REGULAR,Round 9,LEAGUE,388264,Iğdır FK,Local,1ST,05/10/2025,9,1,47%,0.00,2,6,3,1,,175,5,6,1,0,2,0,3,1,5,1,1,1,0,,1,1,128,6,27,,15/39 (38%),1/4 (25%),57%,4,11/23 (48%),20/31 (65%),2/3 (67%),60%,5,4,25,14,,3,,,,,4
14138359,98,77977,NORMAL,REGULAR,Round 9,LEAGUE,388264,Iğdır FK,Local,2ND,05/10/2025,9,1,50%,0.00,2,4,1,2,,162,4,4,3,1,2,0,0,2,3,1,1,1,0,,4,0,131,8,23,,13/29 (45%),1/8 (13%),52%,1,9/23 (39%),7/8 (88%),1/4 (25%),50%,4,3,14,11,,1,,,,,6
14138359,98,77977,NORMAL,REGULAR,Round 9,LEAGUE,3066,İstanbulspor,Visita,ALL,05/10/2025,9,1,52%,1.19,2,9,2,2,12,360,9,15,4,1,5,0,2,2,5,4,1,1,2,16,0,5,277,22,54,54/97 (56%),30/70 (43%),2/14 (14%),45%,5,26/46 (57%),12/39 (31%),4/8 (50%),56%,9,4,45,18,2,2,,1,1,1,6
14138359,98,77977,NORMAL,REGULAR,Round 9,LEAGUE,3066,İstanbulspor,Visita,1ST,05/10/2025,9,0,53%,0.00,1,5,1,2,,193,5,6,1,0,3,0,0,2,2,3,0,1,1,,0,2,145,11,33,,20/40 (50%),0/7 (0%),43%,3,12/23 (52%),11/31 (35%),2/4 (50%),60%,5,4,27,3,,1,,,,,4
14138359,98,77977,NORMAL,REGULAR,Round 9,LEAGUE,3066,İstanbulspor,Visita,2ND,05/10/2025,9,1,50%,0.00,1,4,1,0,,167,4,9,3,1,2,0,2,0,3,1,1,0,1,,0,3,132,11,21,,10/30 (33%),2/7 (29%),48%,2,14/23 (61%),1/8 (13%),2/4 (50%),50%,4,0,18,15,,1,,,,,2
14138366,98,77977,NORMAL,REGULAR,Round 10,LEAGUE,3066,İstanbulspor,Local,ALL,20/10/2025,10,1,59%,1.33,1,14,0,3,7,539,8,11,1,,8,1,5,1,8,6,1,0,0,23,0,2,452,21,51,112/157 (71%),19/49 (39%),4/19 (21%),43%,9,22/51 (43%),10/23 (43%),3/10 (30%),63%,8,8,58,25,1,0,,0,0,0,8
14138366,98,77977,NORMAL,REGULAR,Round 10,LEAGUE,3066,İstanbulspor,Local,1ST,20/10/2025,10,1,60%,0.00,1,7,0,2,3,262,4,5,1,,3,1,3,1,3,4,1,0,0,,0,2,227,13,24,,10/23 (43%),1/10 (10%),41%,6,10/25 (40%),3/7 (43%),1/4 (25%),50%,4,6,24,6,,0,,,,,3
14138366,98,77977,NORMAL,REGULAR,Round 10,LEAGUE,3066,İstanbulspor,Local,2ND,20/10/2025,10,0,58%,0.00,0,7,0,1,4,277,4,6,0,,5,0,2,0,5,2,0,0,0,,0,0,225,8,27,,9/26 (35%),3/9 (33%),45%,3,12/26 (46%),7/16 (44%),2/6 (33%),75%,4,2,34,19,,0,,,,,5
14138366,98,77977,NORMAL,REGULAR,Round 10,LEAGUE,44320,Bandırmaspor,Visita,ALL,20/10/2025,10,1,41%,0.97,4,7,7,3,11,372,16,7,2,,1,1,6,0,6,1,1,3,1,8,2,2,291,20,53,50/81 (62%),16/47 (34%),3/12 (25%),57%,1,29/51 (57%),13/23 (57%),6/13 (46%),75%,16,12,55,33,0,7,,1,1,1,11
14138366,98,77977,NORMAL,REGULAR,Round 10,LEAGUE,44320,Bandırmaspor,Visita,1ST,20/10/2025,10,1,40%,0.00,3,3,2,1,5,176,9,3,2,,1,1,2,0,3,0,1,2,1,,1,1,146,7,20,,7/21 (33%),1/3 (33%),59%,1,15/25 (60%),4/7 (57%),3/6 (50%),67%,9,3,20,18,,2,,,,,5
14138366,98,77977,NORMAL,REGULAR,Round 10,LEAGUE,44320,Bandırmaspor,Visita,2ND,20/10/2025,10,0,42%,0.00,1,4,5,2,6,196,7,4,0,,0,0,4,0,3,1,0,1,0,,1,1,145,13,33,,9/26 (35%),2/9 (22%),55%,0,14/26 (54%),9/16 (56%),3/7 (43%),86%,7,9,35,15,,5,,,,,6
14138364,98,77977,NORMAL,REGULAR,Round 11,LEAGUE,207011,Amed Sportif Faaliyetler,Local,ALL,26/10/2025,11,0,58%,1.66,2,18,3,7,14,443,7,13,4,,3,0,10,5,9,9,,2,,23,1,3,372,14,79,88/128 (69%),32/56 (57%),8/29 (28%),51%,5,28/53 (53%),14/30 (47%),8/15 (53%),86%,7,8,49,7,,3,,,,,5
14138364,98,77977,NORMAL,REGULAR,Round 11,LEAGUE,207011,Amed Sportif Faaliyetler,Local,1ST,26/10/2025,11,0,53%,0.00,1,12,1,5,6,214,3,6,1,,2,0,5,5,5,7,,1,,,0,1,184,12,36,,16/29 (55%),3/14 (21%),50%,1,14/28 (50%),9/18 (50%),5/11 (45%),100%,3,4,20,4,,1,,,,,3
14138364,98,77977,NORMAL,REGULAR,Round 11,LEAGUE,207011,Amed Sportif Faaliyetler,Local,2ND,26/10/2025,11,0,64%,0.00,1,6,2,2,8,229,4,7,3,,1,0,5,0,4,2,,1,,,1,2,188,2,43,,16/27 (59%),5/15 (33%),51%,4,14/25 (56%),5/12 (42%),3/4 (75%),75%,4,4,29,3,,2,,,,,2
14138364,98,77977,NORMAL,REGULAR,Round 11,LEAGUE,3066,İstanbulspor,Visita,ALL,26/10/2025,11,0,42%,0.54,1,8,3,2,13,333,12,14,1,,3,0,4,1,2,6,,1,,8,2,1,261,5,36,44/68 (65%),27/64 (42%),2/9 (22%),49%,3,25/53 (47%),16/30 (53%),1/5 (20%),58%,12,11,45,28,,3,,,,,16
14138364,98,77977,NORMAL,REGULAR,Round 11,LEAGUE,3066,İstanbulspor,Visita,1ST,26/10/2025,11,0,47%,0.00,1,4,2,1,6,198,7,6,0,,1,0,2,1,2,2,,1,,,0,0,158,2,21,,16/36 (44%),2/5 (40%),50%,1,14/28 (50%),9/18 (50%),1/3 (33%),86%,7,3,20,12,,2,,,,,9
14138364,98,77977,NORMAL,REGULAR,Round 11,LEAGUE,3066,İstanbulspor,Visita,2ND,26/10/2025,11,0,36%,0.00,0,4,1,1,7,135,5,8,1,,2,0,2,0,0,4,,0,,,2,1,103,3,15,,11/28 (39%),0/4 (0%),49%,2,11/25 (44%),7/12 (58%),0/2 (0%),20%,5,8,25,16,,1,,,,,7
14138382,98,77977,NORMAL,REGULAR,Round 12,LEAGUE,3066,İstanbulspor,Local,ALL,02/11/2025,12,0,59%,2.14,2,19,7,3,13,453,14,9,1,0,4,1,12,3,13,6,,2,5,36,1,3,385,19,61,125/155 (81%),25/42 (60%),11/35 (31%),55%,5,31/55 (56%),16/31 (52%),9/15 (60%),50%,14,8,44,20,0,7,,2,0,1,8
14138382,98,77977,NORMAL,REGULAR,Round 12,LEAGUE,3066,İstanbulspor,Local,1ST,02/11/2025,12,0,46%,0.00,0,6,6,2,8,183,8,5,1,0,1,0,2,3,3,3,,0,3,,1,2,156,9,21,,12/18 (67%),2/13 (15%),53%,3,17/31 (55%),6/12 (50%),5/8 (63%),50%,8,7,22,11,,6,,,,,2
14138382,98,77977,NORMAL,REGULAR,Round 12,LEAGUE,3066,İstanbulspor,Local,2ND,02/11/2025,12,0,73%,0.00,2,13,1,1,5,270,6,4,0,0,3,1,10,0,10,3,,2,2,,0,1,229,10,40,,13/24 (54%),9/22 (41%),56%,2,14/24 (58%),10/19 (53%),4/7 (57%),50%,6,1,22,9,,1,,,,,6
14138382,98,77977,NORMAL,REGULAR,Round 12,LEAGUE,7032,Pendikspor,Visita,ALL,02/11/2025,12,0,41%,1.20,1,14,4,4,9,328,11,13,5,1,7,0,6,1,8,6,,1,0,17,3,0,245,12,41,33/70 (47%),29/67 (43%),7/17 (41%),45%,8,24/55 (44%),15/31 (48%),2/8 (25%),73%,11,4,37,29,1,4,,2,1,0,19
14138382,98,77977,NORMAL,REGULAR,Round 12,LEAGUE,7032,Pendikspor,Visita,1ST,02/11/2025,12,0,54%,0.00,0,10,1,3,5,225,6,8,3,1,6,0,3,1,4,6,,0,0,,3,0,186,7,20,,15/30 (50%),5/12 (42%),47%,5,14/31 (45%),6/12 (50%),1/4 (25%),83%,6,2,21,11,,1,,,,,3
14138382,98,77977,NORMAL,REGULAR,Round 12,LEAGUE,7032,Pendikspor,Visita,2ND,02/11/2025,12,0,27%,0.00,1,4,3,1,4,103,5,5,2,0,1,0,3,0,4,0,,1,0,,0,0,59,5,21,,14/37 (38%),2/5 (40%),44%,3,10/24 (42%),9/19 (47%),1/4 (25%),60%,5,2,16,18,,3,,,,,16
14138392,98,77977,NORMAL,REGULAR,Round 13,LEAGUE,202390,Bodrum FK,Local,ALL,07/11/2025,13,5,49%,4.49,7,15,4,2,12,354,12,12,2,,8,0,5,2,11,4,4,3,,29,6,2,285,18,39,69/98 (70%),20/39 (51%),3/9 (33%),46%,9,36/78 (46%),6/14 (43%),13/21 (62%),83%,12,7,53,19,0,4,,1,1,,4
14138392,98,77977,NORMAL,REGULAR,Round 13,LEAGUE,202390,Bodrum FK,Local,1ST,07/11/2025,13,2,52%,0.00,3,7,3,2,7,208,6,6,1,,4,0,2,1,5,2,1,2,,,3,0,166,12,27,,10/21 (48%),2/6 (33%),45%,6,20/45 (44%),5/10 (50%),9/12 (75%),100%,6,4,26,14,,3,,,,,3
14138392,98,77977,NORMAL,REGULAR,Round 13,LEAGUE,202390,Bodrum FK,Local,2ND,07/11/2025,13,3,45%,0.00,4,8,1,0,5,146,6,6,1,,4,0,3,1,6,2,3,1,,,3,2,119,6,12,,10/18 (56%),1/3 (33%),46%,3,16/33 (48%),1/4 (25%),4/9 (44%),67%,6,3,27,5,,1,,,,,1
14138392,98,77977,NORMAL,REGULAR,Round 13,LEAGUE,3066,İstanbulspor,Visita,ALL,07/11/2025,13,0,51%,0.54,0,7,3,2,14,369,17,12,1,,4,0,1,2,2,5,0,0,,8,2,6,301,11,47,48/80 (60%),20/45 (44%),2/14 (14%),54%,2,42/78 (54%),8/14 (57%),13/23 (57%),65%,17,6,50,11,3,3,,0,0,,7
14138392,98,77977,NORMAL,REGULAR,Round 13,LEAGUE,3066,İstanbulspor,Visita,1ST,07/11/2025,13,0,48%,0.00,0,6,2,1,6,187,9,7,0,,3,0,1,2,2,4,0,0,,,1,4,152,6,26,,12/27 (44%),1/10 (10%),55%,0,25/45 (56%),5/10 (50%),9/15 (60%),78%,9,4,27,11,,2,,,,,3
14138392,98,77977,NORMAL,REGULAR,Round 13,LEAGUE,3066,İstanbulspor,Visita,2ND,07/11/2025,13,0,55%,0.00,0,1,1,1,8,182,8,5,1,,1,0,0,0,1,1,0,0,,,1,2,149,5,21,,8/18 (44%),1/4 (25%),54%,2,17/33 (52%),3/4 (75%),4/8 (50%),50%,8,2,23,0,,1,,,,,4
14138399,98,77977,NORMAL,REGULAR,Round 14,LEAGUE,3066,İstanbulspor,Local,ALL,22/11/2025,14,3,48%,1.63,2,13,0,3,9,391,16,7,,,4,0,5,4,8,5,2,,0,17,1,0,317,14,48,67/101 (66%),31/58 (53%),5/21 (24%),41%,8,25/60 (42%),7/18 (39%),2/6 (33%),75%,16,7,46,26,,0,,,,0,8
14138399,98,77977,NORMAL,REGULAR,Round 14,LEAGUE,3066,İstanbulspor,Local,1ST,22/11/2025,14,1,54%,0.00,1,4,0,1,4,222,7,4,,,1,0,2,1,3,1,1,,0,,0,0,188,11,24,,14/26 (54%),3/14 (21%),42%,5,12/30 (40%),3/6 (50%),1/4 (25%),86%,7,3,23,12,,0,,,,,3
14138399,98,77977,NORMAL,REGULAR,Round 14,LEAGUE,3066,İstanbulspor,Local,2ND,22/11/2025,14,2,42%,0.00,1,9,0,2,5,169,9,3,,,3,0,3,3,5,4,1,,0,,1,0,129,3,24,,17/32 (53%),2/7 (29%),40%,3,13/30 (43%),4/12 (33%),1/2 (50%),67%,9,4,23,14,,0,,,,,5
14138399,98,77977,NORMAL,REGULAR,Round 14,LEAGUE,3080,Sakaryaspor,Visita,ALL,22/11/2025,14,3,52%,1.36,2,8,1,5,8,431,12,8,,,3,1,3,2,5,3,2,,1,22,2,3,351,21,55,95/136 (70%),24/49 (49%),2/13 (15%),59%,5,35/60 (58%),11/18 (61%),15/26 (58%),67%,12,6,48,18,,1,,,,1,10
14138399,98,77977,NORMAL,REGULAR,Round 14,LEAGUE,3080,Sakaryaspor,Visita,1ST,22/11/2025,14,1,46%,0.00,1,3,0,4,4,195,8,3,,,1,1,1,1,2,1,1,,0,,2,2,155,9,19,,8/22 (36%),1/6 (17%),58%,2,18/30 (60%),3/6 (50%),6/11 (55%),50%,8,4,21,11,,0,,,,,6
14138399,98,77977,NORMAL,REGULAR,Round 14,LEAGUE,3080,Sakaryaspor,Visita,2ND,22/11/2025,14,2,58%,0.00,1,5,1,1,4,236,4,5,,,2,0,2,1,3,2,1,,1,,0,1,196,12,36,,16/27 (59%),1/7 (14%),60%,3,17/30 (57%),8/12 (67%),9/15 (60%),100%,4,2,27,7,,1,,,,,4
14138403,98,77977,NORMAL,REGULAR,Round 15,LEAGUE,55603,Erzurumspor FK,Local,ALL,29/11/2025,15,4,56%,2.36,8,23,1,8,10,479,8,12,2,,10,1,7,6,18,5,4,4,,42,4,3,422,19,63,119/154 (77%),52/67 (78%),15/38 (39%),61%,5,27/48 (56%),17/24 (71%),7/8 (88%),75%,8,6,37,7,,1,,0,1,,8
14138403,98,77977,NORMAL,REGULAR,Round 15,LEAGUE,55603,Erzurumspor FK,Local,1ST,29/11/2025,15,1,63%,0.00,3,14,0,5,4,277,1,5,0,,3,0,6,5,11,3,1,2,,,2,1,246,11,40,,25/29 (86%),11/29 (38%),67%,1,8/14 (57%),10/13 (77%),2/2 (100%),100%,1,4,19,2,,0,,,,,4
14138403,98,77977,NORMAL,REGULAR,Round 15,LEAGUE,55603,Erzurumspor FK,Local,2ND,29/11/2025,15,3,49%,0.00,5,9,1,3,6,202,7,7,2,,7,1,1,1,7,2,3,2,,,2,2,176,8,23,,27/38 (71%),4/9 (44%),58%,4,19/34 (56%),7/11 (64%),5/6 (83%),71%,7,2,18,5,,1,,,,,4
14138403,98,77977,NORMAL,REGULAR,Round 15,LEAGUE,3066,İstanbulspor,Visita,ALL,29/11/2025,15,0,44%,0.57,0,6,5,2,12,389,6,10,0,,2,0,3,1,4,2,0,0,,13,1,1,334,15,42,54/78 (69%),23/45 (51%),3/7 (43%),39%,5,21/48 (44%),7/24 (29%),5/8 (63%),67%,6,9,36,29,,5,,3,1,,8
14138403,98,77977,NORMAL,REGULAR,Round 15,LEAGUE,3066,İstanbulspor,Visita,1ST,29/11/2025,15,0,37%,0.00,0,1,2,1,5,171,1,4,0,,0,0,1,0,1,0,0,0,,,0,0,141,6,18,,12/25 (48%),2/4 (50%),33%,0,6/14 (43%),3/13 (23%),1/2 (50%),100%,1,6,18,22,,2,,,,,7
14138403,98,77977,NORMAL,REGULAR,Round 15,LEAGUE,3066,İstanbulspor,Visita,2ND,29/11/2025,15,0,51%,0.00,0,5,3,1,7,218,5,6,0,,2,0,2,1,3,2,0,0,,,1,1,193,9,24,,11/20 (55%),1/3 (33%),42%,5,15/34 (44%),4/11 (36%),4/6 (67%),60%,5,3,18,7,,3,,,,,1
14138423,98,77977,NORMAL,REGULAR,Round 16,LEAGUE,3066,İstanbulspor,Local,ALL,07/12/2025,16,2,50%,1.18,2,13,3,2,18,397,15,13,2,,4,0,8,1,9,4,1,1,,15,3,1,317,26,47,63/95 (66%),22/51 (43%),5/27 (19%),53%,9,39/72 (54%),12/24 (50%),11/14 (79%),40%,15,8,56,20,0,3,,0,,,6
14138423,98,77977,NORMAL,REGULAR,Round 16,LEAGUE,3066,İstanbulspor,Local,1ST,07/12/2025,16,0,50%,0.00,0,4,0,2,7,202,7,8,1,,1,0,3,0,3,1,0,0,,,1,1,169,4,18,,9/23 (39%),2/13 (15%),53%,2,20/32 (63%),3/11 (27%),5/7 (71%),43%,7,3,27,10,,0,,,,,5
14138423,98,77977,NORMAL,REGULAR,Round 16,LEAGUE,3066,İstanbulspor,Local,2ND,07/12/2025,16,2,49%,0.00,2,9,3,0,11,195,8,5,1,,3,0,5,1,6,3,1,1,,,2,0,148,22,29,,13/28 (46%),3/14 (21%),53%,7,19/40 (48%),9/13 (69%),6/7 (86%),38%,8,5,29,10,,3,,,,,1
14138423,98,77977,NORMAL,REGULAR,Round 16,LEAGUE,3076,Sivasspor,Visita,ALL,07/12/2025,16,1,50%,0.58,1,10,2,2,13,417,12,18,2,,4,0,6,0,7,3,1,0,,14,1,3,326,24,56,52/92 (57%),25/55 (45%),6/16 (38%),47%,8,33/72 (46%),12/24 (50%),4/11 (36%),83%,12,12,49,30,2,2,,1,,,11
14138423,98,77977,NORMAL,REGULAR,Round 16,LEAGUE,3076,Sivasspor,Visita,1ST,07/12/2025,16,1,50%,0.00,1,5,1,0,8,207,4,7,1,,1,0,4,0,3,2,1,0,,,1,1,170,13,31,,12/25 (48%),2/10 (20%),47%,5,12/32 (38%),8/11 (73%),1/3 (33%),50%,4,4,26,15,,1,,,,,5
14138423,98,77977,NORMAL,REGULAR,Round 16,LEAGUE,3076,Sivasspor,Visita,2ND,07/12/2025,16,0,51%,0.00,0,5,1,2,5,210,8,11,1,,3,0,2,0,4,1,0,0,,,0,2,156,11,25,,13/30 (43%),4/6 (67%),47%,3,21/40 (53%),4/13 (31%),3/8 (38%),100%,8,8,23,15,,1,,,,,6
14138425,98,77977,NORMAL,REGULAR,Round 17,LEAGUE,4952,Sarıyer,Local,ALL,13/12/2025,17,1,47%,0.73,1,5,4,6,10,377,17,15,5,,1,1,1,3,3,2,1,0,1,14,3,,302,10,52,63/105 (60%),23/57 (40%),2/16 (13%),57%,4,38/62 (61%),14/29 (48%),8/15 (53%),76%,17,13,42,14,,4,,,0,1,9
14138425,98,77977,NORMAL,REGULAR,Round 17,LEAGUE,4952,Sarıyer,Local,1ST,13/12/2025,17,1,46%,0.00,1,4,0,3,7,180,3,8,3,,1,1,1,2,2,2,1,0,0,,3,,149,2,22,,10/21 (48%),1/7 (14%),50%,4,15/31 (48%),6/11 (55%),4/6 (67%),67%,3,4,21,6,,0,,,,,5
14138425,98,77977,NORMAL,REGULAR,Round 17,LEAGUE,4952,Sarıyer,Local,2ND,13/12/2025,17,0,48%,0.00,0,1,4,3,3,197,14,7,2,,0,0,0,1,1,0,0,0,1,,0,,153,8,30,,13/36 (36%),1/9 (11%),63%,0,23/31 (74%),8/18 (44%),4/9 (44%),79%,14,9,21,8,,4,,,,,4
14138425,98,77977,NORMAL,REGULAR,Round 17,LEAGUE,3066,İstanbulspor,Visita,ALL,13/12/2025,17,2,53%,1.62,4,15,1,3,15,430,11,10,2,,6,2,8,1,11,4,1,3,1,20,3,,366,23,47,57/83 (69%),19/45 (42%),4/10 (40%),43%,7,24/62 (39%),15/29 (52%),5/15 (33%),55%,11,11,45,31,,1,,,2,0,2
14138425,98,77977,NORMAL,REGULAR,Round 17,LEAGUE,3066,İstanbulspor,Visita,1ST,13/12/2025,17,0,54%,0.00,0,6,1,1,8,216,6,7,0,,0,1,5,1,3,3,0,0,1,,2,,187,10,22,,8/24 (33%),0/2 (0%),50%,2,16/31 (52%),5/11 (45%),5/6 (83%),33%,6,6,20,15,,1,,,,,1
14138425,98,77977,NORMAL,REGULAR,Round 17,LEAGUE,3066,İstanbulspor,Visita,2ND,13/12/2025,17,2,52%,0.00,4,9,0,2,7,214,5,3,2,,6,1,3,0,8,1,1,3,0,,1,,179,13,25,,11/21 (52%),4/8 (50%),37%,5,8/31 (26%),10/18 (56%),0/9 (0%),80%,5,5,25,16,,0,,,,,1
14138438,98,77977,NORMAL,REGULAR,Round 18,LEAGUE,3066,İstanbulspor,Local,ALL,21/12/2025,18,1,52%,1.29,0,14,4,2,10,427,11,16,0,,4,0,5,5,9,5,0,0,1,22,7,1,341,22,72,87/132 (66%),29/64 (45%),8/21 (38%),52%,10,32/61 (52%),14/27 (52%),6/9 (67%),73%,11,13,60,14,1,4,,,1,0,6
14138438,98,77977,NORMAL,REGULAR,Round 18,LEAGUE,3066,İstanbulspor,Local,1ST,21/12/2025,18,1,46%,0.00,0,4,2,0,5,193,8,9,0,,2,0,0,2,2,2,0,0,1,,3,0,148,11,30,,13/32 (41%),1/6 (17%),49%,8,20/39 (51%),5/12 (42%),4/6 (67%),63%,8,4,29,8,,2,,,,,5
14138438,98,77977,NORMAL,REGULAR,Round 18,LEAGUE,3066,İstanbulspor,Local,2ND,21/12/2025,18,0,58%,0.00,0,10,2,2,5,234,3,7,0,,2,0,5,3,7,3,0,0,0,,4,1,193,11,42,,16/32 (50%),7/15 (47%),57%,2,12/22 (55%),9/15 (60%),2/3 (67%),100%,3,9,31,6,,2,,,,,1
14138438,98,77977,NORMAL,REGULAR,Round 18,LEAGUE,24750,Vanspor FK,Visita,ALL,21/12/2025,18,3,48%,1.42,4,15,4,2,16,405,13,10,3,,7,0,6,2,10,5,2,2,1,17,1,1,321,15,57,70/106 (66%),24/65 (37%),2/10 (20%),48%,6,29/61 (48%),13/27 (48%),8/13 (62%),69%,13,10,60,32,0,4,,,0,1,6
14138438,98,77977,NORMAL,REGULAR,Round 18,LEAGUE,24750,Vanspor FK,Visita,1ST,21/12/2025,18,1,54%,0.00,2,8,1,1,9,230,10,5,1,,3,0,4,1,4,4,1,1,0,,0,1,191,9,35,,9/28 (32%),0/4 (0%),51%,5,19/39 (49%),7/12 (58%),4/7 (57%),60%,10,3,31,13,,1,,,,,0
14138438,98,77977,NORMAL,REGULAR,Round 18,LEAGUE,24750,Vanspor FK,Visita,2ND,21/12/2025,18,2,42%,0.00,2,7,3,1,7,175,3,5,2,,4,0,2,1,6,1,1,1,1,,1,0,130,6,22,,15/37 (41%),2/6 (33%),43%,1,10/22 (45%),6/15 (40%),4/6 (67%),100%,3,7,29,19,,3,,,,,6
14138464,98,77977,NORMAL,REGULAR,Round 19,LEAGUE,3101,Adana Demirspor,Local,ALL,29/12/2025,19,1,38%,0.52,0,8,5,2,10,269,11,14,2,,2,0,4,2,1,7,0,0,,4,4,0,191,16,40,32/66 (48%),26/61 (43%),0/6 (0%),39%,6,31/76 (41%),7/21 (33%),7/21 (33%),82%,11,7,52,33,2,5,,,1,,13
14138464,98,77977,NORMAL,REGULAR,Round 19,LEAGUE,3101,Adana Demirspor,Local,1ST,29/12/2025,19,1,41%,0.00,0,8,1,2,6,139,2,7,0,,2,0,4,2,1,7,0,0,,,3,0,101,10,27,,13/31 (42%),0/3 (0%),45%,3,13/32 (41%),7/12 (58%),4/9 (44%),100%,2,3,27,12,,1,,,,,5
14138464,98,77977,NORMAL,REGULAR,Round 19,LEAGUE,3101,Adana Demirspor,Local,2ND,29/12/2025,19,0,34%,0.00,0,0,4,0,4,130,9,7,2,,0,0,0,0,0,0,0,0,,,1,0,90,6,13,,13/30 (43%),0/3 (0%),34%,3,18/44 (41%),0/9 (0%),3/12 (25%),78%,9,4,25,21,,4,,,,,8
14138464,98,77977,NORMAL,REGULAR,Round 19,LEAGUE,3066,İstanbulspor,Visita,ALL,29/12/2025,19,5,62%,3.25,5,28,1,8,14,433,20,10,2,,13,0,8,7,19,9,3,2,,52,4,6,355,21,60,98/149 (66%),22/40 (55%),9/29 (31%),61%,6,45/76 (59%),14/21 (67%),15/20 (75%),70%,20,7,65,17,0,1,,,0,,4
14138464,98,77977,NORMAL,REGULAR,Round 19,LEAGUE,3066,İstanbulspor,Visita,1ST,29/12/2025,19,2,59%,0.00,2,7,1,1,7,191,8,6,2,,3,0,3,1,4,3,1,1,,,2,4,151,9,22,,7/18 (39%),2/11 (18%),55%,2,19/32 (59%),5/12 (42%),5/5 (100%),75%,8,5,29,11,,1,,,,,4
14138464,98,77977,NORMAL,REGULAR,Round 19,LEAGUE,3066,İstanbulspor,Visita,2ND,29/12/2025,19,3,66%,0.00,3,21,0,7,7,242,12,4,0,,10,0,5,6,15,6,2,1,,,2,2,204,12,38,,15/22 (68%),7/18 (39%),66%,4,26/44 (59%),9/9 (100%),10/15 (67%),67%,12,2,36,6,,0,,,,,0
14138458,98,77977,NORMAL,REGULAR,Round 20,LEAGUE,297102,Serikspor A.Ş.,Local,ALL,10/01/2026,20,0,38%,0.39,1,9,3,2,8,350,12,5,3,,2,0,3,4,4,5,0,1,,16,1,,282,16,31,38/60 (63%),14/43 (33%),2/7 (29%),43%,20,33/77 (43%),5/12 (42%),16/23 (70%),58%,12,11,58,28,0,3,,,2,2,11
14138458,98,77977,NORMAL,REGULAR,Round 20,LEAGUE,297102,Serikspor A.Ş.,Local,1ST,10/01/2026,20,0,30%,0.00,0,3,3,1,5,128,1,1,2,,1,0,0,2,0,3,0,0,,,0,,97,8,13,,8/24 (33%),1/4 (0%),26%,12,7/32 (22%),3/6 (50%),5/8 (63%),0%,1,3,22,22,,3,,,,,7
14138458,98,77977,NORMAL,REGULAR,Round 20,LEAGUE,297102,Serikspor A.Ş.,Local,2ND,10/01/2026,20,0,46%,0.00,1,6,0,1,3,222,11,4,1,,1,0,3,2,4,2,0,1,,,1,,185,8,18,,6/19 (32%),2/3 (67%),55%,8,26/45 (58%),2/6 (33%),11/15 (73%),64%,11,8,36,6,,0,,,,,4
14138458,98,77977,NORMAL,REGULAR,Round 20,LEAGUE,3066,İstanbulspor,Visita,ALL,10/01/2026,20,3,62%,1.81,5,15,2,8,5,561,27,8,0,,4,1,9,2,10,5,2,3,,28,1,,487,20,60,110/146 (75%),30/50 (60%),4/20 (20%),57%,7,44/77 (57%),7/12 (58%),10/15 (67%),78%,27,13,58,10,1,2,,,2,0,5
14138458,98,77977,NORMAL,REGULAR,Round 20,LEAGUE,3066,İstanbulspor,Visita,1ST,10/01/2026,20,2,70%,0.00,4,12,1,6,1,301,15,5,0,,3,1,7,2,7,5,1,3,,,1,,272,10,39,,18/28 (64%),2/15 (13%),74%,0,25/32 (78%),3/6 (50%),5/6 (83%),80%,15,6,24,5,,1,,,,,0
14138458,98,77977,NORMAL,REGULAR,Round 20,LEAGUE,3066,İstanbulspor,Visita,2ND,10/01/2026,20,1,54%,0.00,1,3,1,2,4,260,12,3,0,,1,0,2,0,3,0,1,0,,,0,,215,10,21,,12/22 (55%),2/5 (40%),45%,7,19/45 (42%),4/6 (67%),5/9 (56%),75%,12,7,34,5,,1,,,,,5
14143640,98,77977,NORMAL,REGULAR,Round 21,LEAGUE,3066,İstanbulspor,Local,ALL,19/01/2026,21,2,48%,2.31,2,12,3,0,8,348,8,16,2,,5,1,3,4,8,4,2,,,17,3,0,249,16,44,48/83 (58%),24/72 (33%),5/15 (33%),49%,2,31/57 (54%),10/27 (37%),7/15 (47%),63%,8,12,55,34,,3,,0,2,,5
14143640,98,77977,NORMAL,REGULAR,Round 21,LEAGUE,3066,İstanbulspor,Local,1ST,19/01/2026,21,1,46%,0.00,1,5,1,0,5,148,1,7,1,,2,0,0,3,3,2,1,,,,0,0,107,8,20,,9/28 (32%),1/3 (33%),61%,0,11/18 (61%),6/10 (60%),3/5 (60%),100%,1,5,17,17,,1,,,,,3
14143640,98,77977,NORMAL,REGULAR,Round 21,LEAGUE,3066,İstanbulspor,Local,2ND,19/01/2026,21,1,49%,0.00,1,7,2,0,3,200,7,9,1,,3,1,3,1,5,2,1,,,,3,0,142,8,24,,15/44 (34%),4/12 (33%),43%,2,20/39 (51%),4/17 (24%),4/10 (40%),57%,7,7,38,17,,2,,,,,2
14143640,98,77977,NORMAL,REGULAR,Round 21,LEAGUE,6366,Keçiörengücü,Visita,ALL,19/01/2026,21,2,52%,2.63,1,17,3,8,16,368,10,8,3,,5,0,6,6,11,6,1,,,27,5,5,295,21,50,78/119 (66%),22/42 (52%),5/30 (17%),51%,5,26/57 (46%),17/27 (63%),9/12 (75%),80%,10,14,50,15,,3,,1,0,,6
14143640,98,77977,NORMAL,REGULAR,Round 21,LEAGUE,6366,Keçiörengücü,Visita,1ST,19/01/2026,21,2,54%,0.00,1,9,1,6,7,156,2,5,1,,3,0,4,2,6,3,1,,,,4,4,132,11,19,,8/13 (62%),5/20 (25%),39%,1,7/18 (39%),4/10 (40%),1/1 (100%),100%,2,5,21,6,,1,,,,,1
14143640,98,77977,NORMAL,REGULAR,Round 21,LEAGUE,6366,Keçiörengücü,Visita,2ND,19/01/2026,21,0,51%,0.00,0,8,2,2,9,212,8,3,2,,2,0,2,4,5,3,0,,,,1,1,163,10,31,,14/29 (48%),0/10 (0%),57%,4,19/39 (49%),13/17 (76%),8/11 (73%),75%,8,9,29,9,,2,,,,,5
14138485,98,77977,NORMAL,REGULAR,Round 22,LEAGUE,202391,Manisa FK,Local,ALL,25/01/2026,22,1,37%,2.03,2,9,5,5,10,293,16,12,5,1,4,0,2,3,8,1,1,1,1,25,1,1,225,19,53,53/83 (64%),16/56 (29%),3/13 (23%),45%,6,32/61 (52%),6/24 (25%),5/10 (50%),56%,16,14,37,25,,5,,,1,0,7
14138485,98,77977,NORMAL,REGULAR,Round 22,LEAGUE,202391,Manisa FK,Local,1ST,25/01/2026,22,1,38%,0.00,1,1,1,0,5,138,7,7,2,0,1,0,0,0,1,0,1,0,0,,1,1,108,14,30,,9/28 (32%),1/8 (13%),39%,2,15/30 (50%),1/11 (9%),2/5 (40%),71%,7,7,17,12,,1,,,,,3
14138485,98,77977,NORMAL,REGULAR,Round 22,LEAGUE,202391,Manisa FK,Local,2ND,25/01/2026,22,0,37%,0.00,1,8,4,5,5,155,9,5,3,1,3,0,2,3,7,1,0,1,1,,1,0,117,5,23,,7/28 (25%),2/5 (40%),50%,4,16/30 (53%),6/14 (43%),3/5 (60%),44%,9,7,20,13,,4,,,,,4
14138485,98,77977,NORMAL,REGULAR,Round 22,LEAGUE,3066,İstanbulspor,Visita,ALL,25/01/2026,22,0,63%,2.98,3,15,3,5,12,502,11,9,2,0,5,0,5,5,12,3,0,3,0,20,4,1,432,31,75,66/106 (62%),38/61 (62%),6/22 (27%),55%,8,29/61 (48%),18/24 (75%),9/17 (53%),55%,11,7,40,20,,3,,,1,1,4
14138485,98,77977,NORMAL,REGULAR,Round 22,LEAGUE,3066,İstanbulspor,Visita,1ST,25/01/2026,22,0,62%,0.00,0,6,0,3,7,236,5,5,2,0,1,0,3,2,6,0,0,0,0,,1,0,199,15,33,,20/32 (63%),4/8 (50%),61%,5,15/30 (50%),10/11 (91%),5/7 (71%),40%,5,3,18,12,,0,,,,,2
14138485,98,77977,NORMAL,REGULAR,Round 22,LEAGUE,3066,İstanbulspor,Visita,2ND,25/01/2026,22,0,63%,0.00,3,9,3,2,5,266,6,4,0,0,4,0,2,3,6,3,0,3,0,,3,1,233,16,42,,18/29 (62%),2/14 (14%),50%,3,14/30 (47%),8/14 (57%),4/10 (40%),67%,6,4,22,8,,3,,,,,2
14138489,98,77977,NORMAL,REGULAR,Round 23,LEAGUE,3066,İstanbulspor,Local,ALL,30/01/2026,23,1,46%,1.94,1,14,0,10,17,328,11,11,3,1,6,0,5,3,11,3,1,,1,19,3,1,262,20,54,66/99 (67%),28/58 (48%),6/24 (25%),55%,6,29/59 (49%),13/18 (72%),9/18 (50%),45%,11,6,45,14,0,0,,0,1,0,3
14138489,98,77977,NORMAL,REGULAR,Round 23,LEAGUE,3066,İstanbulspor,Local,1ST,30/01/2026,23,0,48%,0.00,0,8,0,5,6,182,5,5,0,1,3,0,4,1,7,1,0,,1,,1,0,154,11,33,,14/27 (52%),4/16 (25%),58%,4,17/31 (55%),5/7 (71%),7/12 (58%),40%,5,2,23,5,,0,,,,,1
14138489,98,77977,NORMAL,REGULAR,Round 23,LEAGUE,3066,İstanbulspor,Local,2ND,30/01/2026,23,1,45%,0.00,1,6,0,5,11,146,6,6,3,0,3,0,1,2,4,2,1,,1,,2,1,108,9,21,,14/31 (45%),2/8 (25%),51%,2,12/28 (43%),8/11 (73%),2/6 (33%),50%,6,4,22,9,,0,,,,,2
14138489,98,77977,NORMAL,REGULAR,Round 23,LEAGUE,3091,Hatayspor,Visita,ALL,30/01/2026,23,0,54%,0.33,0,2,5,0,12,395,15,17,4,0,0,0,1,1,1,1,0,,1,4,3,0,328,15,44,31/57 (54%),22/51 (43%),0/12 (0%),45%,8,30/59 (51%),5/18 (28%),1/5 (20%),47%,15,9,37,24,1,5,,1,0,2,9
14138489,98,77977,NORMAL,REGULAR,Round 23,LEAGUE,3091,Hatayspor,Visita,1ST,30/01/2026,23,0,52%,0.00,0,1,3,0,5,215,9,6,1,0,0,0,1,0,1,0,0,,0,,1,0,181,9,15,,10/29 (34%),0/5 (0%),42%,4,14/31 (45%),2/7 (29%),1/3 (33%),56%,9,4,19,18,,3,,,,,7
14138489,98,77977,NORMAL,REGULAR,Round 23,LEAGUE,3091,Hatayspor,Visita,2ND,30/01/2026,23,0,55%,0.00,0,1,2,0,7,180,6,11,3,0,0,0,0,1,0,1,0,,1,,2,0,147,6,29,,12/22 (55%),0/7 (0%),49%,4,16/28 (57%),3/11 (27%),0/2 (0%),33%,6,5,18,6,,2,,,,,2
14138504,98,77977,NORMAL,REGULAR,Round 24,LEAGUE,55625,Ümraniyespor,Local,ALL,08/02/2026,24,0,46%,0.21,0,6,1,4,5,456,11,3,1,,4,0,1,1,3,3,,0,,16,1,1,369,27,79,72/106 (68%),26/60 (43%),2/19 (11%),54%,3,27/53 (51%),18/30 (60%),14/22 (64%),64%,11,11,48,31,,1,,,1,1,8
14138504,98,77977,NORMAL,REGULAR,Round 24,LEAGUE,55625,Ümraniyespor,Local,1ST,08/02/2026,24,0,49%,0.00,0,5,0,4,2,241,5,1,0,,3,0,1,1,3,2,,0,,,1,1,198,13,37,,16/32 (50%),2/13 (15%),65%,1,13/19 (68%),9/15 (60%),7/9 (78%),60%,5,5,19,14,,0,,,,,4
14138504,98,77977,NORMAL,REGULAR,Round 24,LEAGUE,55625,Ümraniyespor,Local,2ND,08/02/2026,24,0,44%,0.00,0,1,1,1,3,215,6,2,1,,1,0,1,0,1,1,,0,,,0,0,171,14,42,,10/28 (36%),1/6 (0%),47%,2,14/34 (41%),9/15 (60%),7/13 (54%),67%,6,6,29,17,,1,,,,,4
14138504,98,77977,NORMAL,REGULAR,Round 24,LEAGUE,3066,İstanbulspor,Visita,ALL,08/02/2026,24,0,54%,0.87,1,10,4,2,3,532,11,5,2,,1,2,7,2,8,2,,1,,20,0,0,427,23,62,84/137 (61%),41/82 (50%),3/23 (13%),46%,7,26/53 (49%),12/30 (40%),10/14 (71%),82%,11,17,53,22,,4,,,1,1,5
14138504,98,77977,NORMAL,REGULAR,Round 24,LEAGUE,3066,İstanbulspor,Visita,1ST,08/02/2026,24,0,51%,0.00,1,4,3,0,1,262,3,2,1,,0,0,3,1,4,0,,1,,,0,0,208,13,38,,25/48 (52%),1/8 (13%),35%,4,6/19 (32%),6/15 (40%),1/2 (50%),67%,3,7,20,16,,3,,,,,3
14138504,98,77977,NORMAL,REGULAR,Round 24,LEAGUE,3066,İstanbulspor,Visita,2ND,08/02/2026,24,0,56%,0.00,0,6,1,2,2,270,8,3,1,,1,2,4,1,4,2,,0,,,0,0,219,10,24,,16/34 (47%),2/15 (13%),53%,3,20/34 (59%),6/15 (40%),9/12 (75%),88%,8,10,33,6,,1,,,,,2
14138513,98,77977,NORMAL,REGULAR,Round 25,LEAGUE,77629,Çorum FK,Local,ALL,13/02/2026,25,2,69%,1.95,3,14,1,10,7,556,11,10,5,,3,0,8,3,10,4,1,2,,47,3,1,476,21,82,137/186 (74%),16/38 (42%),14/52 (27%),50%,7,24/53 (45%),23/41 (56%),3/14 (21%),73%,11,5,52,10,1,1,,0,0,0,4
14138513,98,77977,NORMAL,REGULAR,Round 25,LEAGUE,77629,Çorum FK,Local,1ST,13/02/2026,25,0,73%,0.00,1,8,0,7,1,366,5,6,0,,1,0,5,2,5,3,0,1,,,2,1,325,8,51,,9/19 (47%),7/30 (23%),51%,5,11/26 (42%),12/19 (63%),1/7 (14%),80%,5,2,33,3,,0,,,,,1
14138513,98,77977,NORMAL,REGULAR,Round 25,LEAGUE,77629,Çorum FK,Local,2ND,13/02/2026,25,2,62%,0.00,2,6,1,3,6,190,6,4,5,,2,0,3,1,5,1,1,1,,,1,0,151,13,31,,7/19 (37%),7/22 (32%),49%,2,13/27 (48%),11/22 (50%),3/7 (43%),67%,6,3,19,7,,1,,,,,3
14138513,98,77977,NORMAL,REGULAR,Round 25,LEAGUE,3066,İstanbulspor,Visita,ALL,13/02/2026,25,3,31%,2.93,5,6,1,1,10,268,18,5,2,,4,0,2,0,6,0,3,2,,13,2,2,186,18,28,25/46 (54%),15/58 (26%),3/10 (30%),50%,7,29/53 (55%),18/41 (44%),4/8 (50%),78%,18,8,42,57,0,1,,1,3,2,14
14138513,98,77977,NORMAL,REGULAR,Round 25,LEAGUE,3066,İstanbulspor,Visita,1ST,13/02/2026,25,1,27%,0.00,1,1,1,0,6,143,12,1,0,,1,0,0,0,1,0,1,0,,,0,0,95,9,10,,4/27 (15%),1/2 (50%),49%,3,15/26 (58%),7/19 (37%),2/4 (50%),67%,12,5,28,32,,1,,,,,8
14138513,98,77977,NORMAL,REGULAR,Round 25,LEAGUE,3066,İstanbulspor,Visita,2ND,13/02/2026,25,2,38%,0.00,4,5,1,1,4,125,6,4,2,,3,0,2,0,5,0,2,2,,,2,2,91,9,18,,11/31 (35%),2/8 (25%),51%,4,14/27 (52%),11/22 (50%),2/4 (50%),100%,6,3,14,25,,1,,,,,6
14138525,98,77977,NORMAL,REGULAR,Round 26,LEAGUE,3066,İstanbulspor,Local,ALL,17/02/2026,26,1,37%,0.66,2,9,1,3,12,301,13,11,3,1,5,1,3,1,5,4,1,1,,11,0,1,240,16,48,45/77 (58%),31/53 (58%),5/14 (36%),52%,7,26/51 (51%),11/20 (55%),2/7 (29%),54%,13,4,37,16,1,1,,,2,0,6
14138525,98,77977,NORMAL,REGULAR,Round 26,LEAGUE,3066,İstanbulspor,Local,1ST,17/02/2026,26,1,32%,0.00,2,4,1,0,3,148,6,6,0,0,3,0,1,1,3,1,1,1,,,0,1,112,9,23,,18/30 (60%),1/5 (20%),60%,2,12/20 (60%),3/5 (60%),0/1 (0%),50%,6,2,20,8,,1,,,,,3
14138525,98,77977,NORMAL,REGULAR,Round 26,LEAGUE,3066,İstanbulspor,Local,2ND,17/02/2026,26,0,43%,0.00,0,5,1,3,9,153,7,5,3,1,2,1,3,0,2,3,0,0,,,0,0,128,7,25,,13/23 (57%),4/9 (44%),48%,5,14/31 (45%),8/15 (53%),2/6 (33%),57%,7,2,17,8,,1,,,,,3
14138525,98,77977,NORMAL,REGULAR,Round 26,LEAGUE,262480,Esenler Erokspor,Visita,ALL,17/02/2026,26,4,63%,2.93,3,15,4,7,11,528,12,10,0,0,5,0,7,3,10,5,2,1,,29,5,2,467,15,47,106/128 (83%),21/42 (50%),5/17 (29%),48%,5,25/51 (49%),9/20 (45%),4/12 (33%),75%,12,9,43,19,0,4,,,0,1,3
14138525,98,77977,NORMAL,REGULAR,Round 26,LEAGUE,262480,Esenler Erokspor,Visita,1ST,17/02/2026,26,2,68%,0.00,2,8,2,3,6,321,3,2,0,0,2,0,4,2,5,3,1,1,,,2,1,298,7,32,,14/20 (70%),3/10 (30%),40%,3,8/20 (40%),2/5 (40%),2/5 (40%),67%,3,8,24,8,,2,,,,,1
14138525,98,77977,NORMAL,REGULAR,Round 26,LEAGUE,262480,Esenler Erokspor,Visita,2ND,17/02/2026,26,2,57%,0.00,1,7,2,4,5,207,9,8,0,0,3,0,3,1,5,2,1,0,,,3,1,169,8,15,,7/22 (32%),2/7 (29%),52%,2,17/31 (55%),7/15 (47%),2/7 (29%),78%,9,1,19,11,,2,,,,,2
14138531,98,77977,NORMAL,REGULAR,Round 27,LEAGUE,6414,Boluspor,Local,ALL,21/02/2026,27,0,68%,0.95,3,10,4,5,10,479,8,17,2,,3,0,5,2,5,5,0,3,,22,5,,392,24,53,72/111 (65%),20/55 (36%),6/29 (21%),55%,5,32/56 (57%),17/33 (52%),7/9 (78%),88%,8,9,50,36,,4,,0,,,4
14138531,98,77977,NORMAL,REGULAR,Round 27,LEAGUE,6414,Boluspor,Local,1ST,21/02/2026,27,0,69%,0.00,2,7,2,1,8,265,4,8,0,,2,0,3,2,3,4,0,2,,,3,,219,13,27,,10/29 (34%),3/11 (27%),54%,5,15/30 (50%),10/16 (63%),3/4 (75%),100%,4,2,22,20,,2,,,,,2
14138531,98,77977,NORMAL,REGULAR,Round 27,LEAGUE,6414,Boluspor,Local,2ND,21/02/2026,27,0,67%,0.00,1,3,2,4,2,214,4,9,2,,1,0,2,1,2,1,0,1,,,2,,173,11,26,,10/26 (38%),3/18 (17%),56%,0,17/26 (65%),7/17 (41%),4/5 (80%),75%,4,7,28,16,,2,,,,,2
14138531,98,77977,NORMAL,REGULAR,Round 27,LEAGUE,3066,İstanbulspor,Visita,ALL,21/02/2026,27,1,32%,1.99,5,13,2,3,17,223,7,10,3,,5,1,5,3,9,4,1,4,,25,1,,152,22,49,30/67 (45%),17/55 (31%),4/14 (29%),45%,6,24/56 (43%),16/33 (48%),8/10 (80%),43%,7,5,55,46,,2,,1,,,8
14138531,98,77977,NORMAL,REGULAR,Round 27,LEAGUE,3066,İstanbulspor,Visita,1ST,21/02/2026,27,0,31%,0.00,1,5,2,1,8,119,6,8,0,,2,0,2,1,2,3,0,1,,,1,,83,11,28,,9/29 (31%),2/4 (50%),46%,4,15/30 (50%),6/16 (38%),2/2 (100%),50%,6,1,22,18,,2,,,,,5
14138531,98,77977,NORMAL,REGULAR,Round 27,LEAGUE,3066,İstanbulspor,Visita,2ND,21/02/2026,27,1,33%,0.00,4,8,0,2,9,104,1,2,3,,3,1,3,2,7,1,1,3,,,1,,69,11,21,,8/26 (31%),2/10 (20%),44%,2,9/26 (35%),10/17 (59%),6/8 (75%),0%,1,4,33,28,,0,,,,,3
14138544,98,77977,NORMAL,REGULAR,Round 28,LEAGUE,3066,İstanbulspor,Local,ALL,27/02/2026,28,1,37%,0.57,0,12,2,4,10,299,13,14,1,,4,0,6,2,5,7,0,0,,11,5,1,196,15,67,55/108 (51%),32/79 (41%),6/20 (30%),51%,6,33/62 (53%),22/46 (48%),7/14 (50%),54%,13,15,52,21,,2,,,1,0,5
14138544,98,77977,NORMAL,REGULAR,Round 28,LEAGUE,3066,İstanbulspor,Local,1ST,27/02/2026,28,0,32%,0.00,0,4,2,1,2,158,6,4,0,,1,0,3,0,3,1,0,0,,,1,1,113,7,34,,18/41 (44%),2/8 (25%),45%,4,15/29 (52%),6/18 (33%),5/9 (56%),50%,6,7,32,8,,2,,,,,5
14138544,98,77977,NORMAL,REGULAR,Round 28,LEAGUE,3066,İstanbulspor,Local,2ND,27/02/2026,28,1,42%,0.00,0,8,0,3,8,141,7,10,1,,3,0,3,2,2,6,0,0,,,4,0,83,8,33,,14/38 (37%),4/12 (33%),56%,2,18/33 (55%),16/28 (57%),2/5 (40%),57%,7,8,20,13,,0,,,,,0
14138544,98,77977,NORMAL,REGULAR,Round 28,LEAGUE,388264,Iğdır FK,Visita,ALL,27/02/2026,28,2,63%,1.56,3,11,3,2,14,545,13,10,4,,6,0,2,3,9,2,2,1,,29,1,4,434,22,79,93/138 (67%),26/64 (41%),3/15 (20%),49%,8,29/62 (47%),24/46 (52%),6/11 (55%),54%,13,8,57,18,,3,,,1,2,10
14138544,98,77977,NORMAL,REGULAR,Round 28,LEAGUE,388264,Iğdır FK,Visita,1ST,27/02/2026,28,1,68%,0.00,2,8,1,1,4,341,8,2,1,,4,0,2,2,7,1,1,1,,,0,0,294,8,43,,19/37 (51%),2/9 (22%),55%,4,14/29 (48%),12/18 (67%),4/6 (67%),75%,8,4,33,4,,1,,,,,5
14138544,98,77977,NORMAL,REGULAR,Round 28,LEAGUE,388264,Iğdır FK,Visita,2ND,27/02/2026,28,1,58%,0.00,1,3,2,1,10,204,5,8,3,,2,0,0,1,2,1,1,0,,,1,4,140,14,36,,7/27 (26%),1/6 (17%),44%,4,15/33 (45%),12/28 (43%),2/5 (40%),20%,5,4,24,14,,2,,,,,5
14138553,98,77977,NORMAL,REGULAR,Round 29,LEAGUE,44320,Bandırmaspor,Local,ALL,07/03/2026,29,1,33%,0.84,1,7,1,2,17,265,18,12,2,,3,0,4,0,6,1,1,,,14,3,1,175,35,48,37/76 (49%),22/69 (32%),2/5 (40%),48%,10,34/77 (44%),14/22 (64%),7/18 (39%),44%,18,8,50,33,,1,,1,2,,8
14138553,98,77977,NORMAL,REGULAR,Round 29,LEAGUE,44320,Bandırmaspor,Local,1ST,07/03/2026,29,1,27%,0.00,1,2,1,1,10,108,12,5,1,,1,0,1,0,2,0,1,,,,0,1,62,18,21,,10/34 (29%),1/2 (50%),48%,7,17/41 (41%),8/11 (73%),1/5 (20%),50%,12,4,24,21,,1,,,,,3
14138553,98,77977,NORMAL,REGULAR,Round 29,LEAGUE,44320,Bandırmaspor,Local,2ND,07/03/2026,29,0,38%,0.00,0,5,0,1,7,157,6,7,1,,2,0,3,0,4,1,0,,,,3,0,113,17,27,,12/35 (34%),1/3 (33%),49%,3,17/36 (47%),6/11 (55%),6/13 (46%),33%,6,4,26,12,,0,,,,,5
14138553,98,77977,NORMAL,REGULAR,Round 29,LEAGUE,3066,İstanbulspor,Visita,ALL,07/03/2026,29,0,67%,0.26,0,10,2,2,12,540,21,17,2,,1,0,5,4,6,4,0,,,16,2,0,442,30,89,100/156 (64%),33/73 (45%),4/24 (17%),52%,11,43/77 (56%),8/22 (36%),6/13 (46%),62%,21,12,50,7,,2,,0,0,,8
14138553,98,77977,NORMAL,REGULAR,Round 29,LEAGUE,3066,İstanbulspor,Visita,1ST,07/03/2026,29,0,73%,0.00,0,5,0,1,5,284,11,10,0,,1,0,0,4,3,2,0,,,,2,0,242,14,49,,19/37 (51%),2/16 (13%),52%,9,24/41 (59%),3/11 (27%),4/7 (57%),73%,11,5,22,4,,0,,,,,3
14138553,98,77977,NORMAL,REGULAR,Round 29,LEAGUE,3066,İstanbulspor,Visita,2ND,07/03/2026,29,0,62%,0.00,0,5,2,1,7,256,10,7,2,,1,0,5,0,3,2,0,,,,0,0,200,16,40,,14/36 (39%),2/8 (25%),51%,2,19/36 (53%),5/11 (45%),2/6 (33%),50%,10,7,28,3,,2,,,,,5
14138565,98,77977,NORMAL,REGULAR,Round 30,LEAGUE,3066,İstanbulspor,Local,ALL,11/03/2026,30,0,53%,0.53,1,13,2,4,6,423,14,14,1,,4,0,6,3,7,6,0,1,1,17,1,0,342,12,56,81/122 (66%),28/59 (47%),6/18 (33%),53%,7,32/54 (59%),8/21 (38%),5/10 (50%),71%,14,7,45,12,,2,,,,,7
14138565,98,77977,NORMAL,REGULAR,Round 30,LEAGUE,3066,İstanbulspor,Local,1ST,11/03/2026,30,0,49%,0.00,1,6,2,2,5,203,5,9,1,,1,0,3,2,4,2,0,1,1,,0,0,159,5,28,,10/31 (32%),4/8 (50%),50%,5,15/28 (54%),5/12 (42%),1/3 (33%),100%,5,6,23,7,,2,,,,,3
14138565,98,77977,NORMAL,REGULAR,Round 30,LEAGUE,3066,İstanbulspor,Local,2ND,11/03/2026,30,0,56%,0.00,0,7,0,2,1,220,9,5,0,,3,0,3,1,3,4,0,0,0,,1,0,183,7,28,,18/28 (64%),2/10 (20%),57%,2,17/26 (65%),3/9 (33%),4/7 (57%),56%,9,1,22,5,,0,,,,,4
14138565,98,77977,NORMAL,REGULAR,Round 30,LEAGUE,207011,Amed Sportif Faaliyetler,Visita,ALL,11/03/2026,30,4,47%,2.16,2,13,4,7,14,379,12,6,1,,6,0,5,2,9,4,2,0,1,21,2,1,295,17,50,81/115 (70%),21/53 (40%),5/17 (29%),47%,7,22/54 (41%),13/21 (62%),5/12 (42%),83%,12,7,42,18,,4,,,,,11
14138565,98,77977,NORMAL,REGULAR,Round 30,LEAGUE,207011,Amed Sportif Faaliyetler,Visita,1ST,11/03/2026,30,2,51%,0.00,0,9,1,5,9,208,7,5,1,,4,0,3,2,6,3,0,0,0,,2,0,161,9,26,,8/21 (38%),3/12 (25%),50%,3,13/28 (46%),7/12 (58%),2/4 (50%),71%,7,0,18,10,,1,,,,,3
14138565,98,77977,NORMAL,REGULAR,Round 30,LEAGUE,207011,Amed Sportif Faaliyetler,Visita,2ND,11/03/2026,30,2,44%,0.00,2,4,3,2,5,171,5,1,0,,2,0,2,0,3,1,2,0,1,,0,1,134,8,24,,13/32 (41%),2/5 (40%),43%,4,9/26 (35%),6/9 (67%),3/8 (38%),100%,5,7,24,8,,3,,,,,8
14138575,98,77977,NORMAL,REGULAR,Round 31,LEAGUE,7032,Pendikspor,Local,ALL,14/03/2026,31,1,58%,1.19,2,15,3,8,13,393,9,20,1,,6,1,6,3,9,6,1,1,,25,8,1,310,30,63,86/131 (66%),33/53 (62%),9/34 (26%),53%,7,38/76 (50%),23/39 (59%),10/23 (43%),56%,9,8,52,26,,3,,0,,0,3
14138575,98,77977,NORMAL,REGULAR,Round 31,LEAGUE,7032,Pendikspor,Local,1ST,14/03/2026,31,0,57%,0.00,0,9,0,4,5,214,5,12,0,,3,1,4,2,6,3,0,0,,,3,0,173,12,29,,18/28 (64%),5/14 (36%),54%,5,21/41 (51%),11/18 (61%),5/12 (42%),60%,5,4,28,12,,0,,,,,0
14138575,98,77977,NORMAL,REGULAR,Round 31,LEAGUE,7032,Pendikspor,Local,2ND,14/03/2026,31,1,59%,0.00,2,6,3,4,8,179,4,8,1,,3,0,2,1,3,3,1,1,,,5,1,137,18,34,,15/25 (60%),4/20 (20%),52%,2,17/35 (49%),12/21 (57%),5/11 (45%),50%,4,4,24,14,,3,,,,,3
14138575,98,77977,NORMAL,REGULAR,Round 31,LEAGUE,3066,İstanbulspor,Visita,ALL,14/03/2026,31,1,42%,2.44,2,9,5,4,20,301,20,12,5,,4,1,3,2,5,4,1,1,,13,3,0,213,16,67,49/99 (49%),32/72 (44%),1/8 (13%),47%,5,38/76 (50%),16/39 (41%),6/10 (60%),70%,20,15,48,35,,5,,2,,1,12
14138575,98,77977,NORMAL,REGULAR,Round 31,LEAGUE,3066,İstanbulspor,Visita,1ST,14/03/2026,31,1,43%,0.00,1,2,3,0,12,171,12,5,2,,1,0,0,1,2,0,1,0,,,1,0,128,8,39,,20/38 (53%),0/1 (0%),46%,3,20/41 (49%),7/18 (39%),3/5 (60%),67%,12,7,23,17,,3,,,,,6
14138575,98,77977,NORMAL,REGULAR,Round 31,LEAGUE,3066,İstanbulspor,Visita,2ND,14/03/2026,31,0,41%,0.00,1,7,2,4,8,130,8,7,3,,3,1,3,1,3,4,0,1,,,2,0,85,8,28,,12/34 (35%),1/7 (14%),48%,2,18/35 (51%),9/21 (43%),3/5 (60%),75%,8,8,25,18,,2,,,,,6
14138589,98,77977,NORMAL,REGULAR,Round 32,LEAGUE,3066,İstanbulspor,Local,ALL,22/03/2026,32,0,49%,1.39,0,16,1,10,10,411,8,8,3,0,3,0,4,9,8,8,0,,1,20,2,1,347,12,47,101/132 (77%),26/46 (57%),5/29 (17%),49%,4,29/54 (54%),13/31 (42%),15/22 (68%),63%,8,4,49,7,0,1,,0,0,0,7
14138589,98,77977,NORMAL,REGULAR,Round 32,LEAGUE,3066,İstanbulspor,Local,1ST,22/03/2026,32,0,42%,0.00,0,11,1,7,5,165,3,2,0,0,3,0,3,5,5,6,0,,1,,0,1,139,5,17,,15/27 (56%),2/10 (20%),50%,2,13/27 (48%),6/11 (55%),9/13 (69%),100%,3,3,24,5,,1,,,,,4
14138589,98,77977,NORMAL,REGULAR,Round 32,LEAGUE,3066,İstanbulspor,Local,2ND,22/03/2026,32,0,55%,0.00,0,5,0,3,5,246,5,6,3,0,0,0,1,4,3,2,0,,0,,2,0,208,7,30,,11/19 (58%),3/19 (16%),49%,2,16/27 (59%),7/20 (35%),6/9 (67%),40%,5,1,25,2,,0,,,,,3
14138589,98,77977,NORMAL,REGULAR,Round 32,LEAGUE,202390,Bodrum FK,Visita,ALL,22/03/2026,32,1,51%,0.81,1,8,3,2,8,454,11,10,2,1,2,1,5,1,4,4,1,,0,11,2,3,397,10,45,43/63 (68%),33/55 (60%),1/4 (0%),51%,4,25/54 (46%),18/31 (58%),8/12 (67%),91%,11,8,44,27,1,3,,2,2,1,8
14138589,98,77977,NORMAL,REGULAR,Round 32,LEAGUE,202390,Bodrum FK,Visita,1ST,22/03/2026,32,1,58%,0.00,1,6,3,1,2,240,6,5,0,0,2,1,4,0,3,3,1,,0,,2,3,218,7,26,,15/19 (79%),0/2 (0%),50%,2,14/27 (52%),5/11 (45%),5/6 (83%),100%,6,2,18,9,,3,,,,,5
14138589,98,77977,NORMAL,REGULAR,Round 32,LEAGUE,202390,Bodrum FK,Visita,2ND,22/03/2026,32,0,45%,0.00,0,2,0,1,6,214,5,5,2,1,1,0,1,1,1,1,0,,0,,1,0,179,3,19,,18/36 (50%),1/2 (0%),51%,2,11/27 (41%),13/20 (65%),3/6 (50%),80%,5,6,26,18,,0,,,,,3
14138596,98,77977,NORMAL,REGULAR,Round 33,LEAGUE,3080,Sakaryaspor,Local,ALL,04/04/2026,33,2,63%,0.83,1,14,1,2,17,452,4,10,4,1,7,0,4,3,10,4,0,1,,21,3,1,360,35,85,78/127 (61%),24/60 (40%),4/20 (20%),42%,11,22/60 (37%),22/45 (49%),9/16 (56%),100%,4,11,37,24,,1,,0,1,0,11
14138596,98,77977,NORMAL,REGULAR,Round 33,LEAGUE,3080,Sakaryaspor,Local,1ST,04/04/2026,33,1,53%,0.00,1,3,0,1,9,205,3,3,0,0,3,0,0,0,2,1,0,1,,,0,1,153,15,35,,10/33 (30%),0/5 (0%),35%,4,9/28 (32%),8/21 (38%),4/9 (44%),100%,3,7,14,14,,0,,,,,8
14138596,98,77977,NORMAL,REGULAR,Round 33,LEAGUE,3080,Sakaryaspor,Local,2ND,04/04/2026,33,1,74%,0.00,0,11,1,1,8,247,1,7,4,1,4,0,4,3,8,3,0,0,,,3,0,207,20,50,,14/27 (52%),4/15 (27%),48%,7,13/32 (41%),14/24 (58%),5/7 (71%),100%,1,4,23,10,,1,,,,,3
14138596,98,77977,NORMAL,REGULAR,Round 33,LEAGUE,3066,İstanbulspor,Visita,ALL,04/04/2026,33,2,37%,1.03,2,8,5,2,10,264,18,17,2,0,3,0,4,1,4,4,1,1,,9,2,2,173,24,43,27/60 (45%),19/62 (31%),2/9 (22%),58%,2,38/60 (63%),23/45 (51%),6/8 (75%),56%,18,6,43,40,,5,,2,3,1,4
14138596,98,77977,NORMAL,REGULAR,Round 33,LEAGUE,3066,İstanbulspor,Visita,1ST,04/04/2026,33,1,47%,0.00,2,4,2,2,3,173,9,9,0,0,1,0,3,0,3,1,1,1,,,1,0,124,13,29,,10/29 (34%),2/8 (25%),65%,1,19/28 (68%),13/21 (62%),3/5 (60%),67%,9,2,20,15,,2,,,,,1
14138596,98,77977,NORMAL,REGULAR,Round 33,LEAGUE,3066,İstanbulspor,Visita,2ND,04/04/2026,33,1,26%,0.00,1,4,3,0,7,91,9,8,2,0,2,0,1,1,1,3,1,0,,,1,2,49,11,14,,9/33 (27%),0/1 (0%),52%,1,19/32 (59%),10/24 (42%),3/3 (100%),44%,9,4,23,25,,3,,,,,3
14138605,98,77977,NORMAL,REGULAR,Round 34,LEAGUE,3066,İstanbulspor,Local,ALL,09/04/2026,34,0,37%,0.81,1,10,2,1,13,367,21,12,3,,1,0,5,4,7,3,0,1,,14,3,2,287,17,59,50/86 (58%),25/64 (39%),4/12 (33%),55%,7,34/61 (56%),14/26 (54%),3/7 (43%),67%,21,4,48,18,,2,,,,,13
14138605,98,77977,NORMAL,REGULAR,Round 34,LEAGUE,3066,İstanbulspor,Local,1ST,09/04/2026,34,0,40%,0.00,1,6,0,1,6,228,10,4,1,,1,0,3,2,4,2,0,1,,,1,1,189,9,30,,16/33 (48%),3/5 (60%),47%,5,16/31 (52%),2/7 (29%),2/5 (40%),70%,10,1,27,5,,0,,,,,6
14138605,98,77977,NORMAL,REGULAR,Round 34,LEAGUE,3066,İstanbulspor,Local,2ND,09/04/2026,34,0,32%,0.00,0,4,2,0,7,139,11,8,2,,0,0,2,2,3,1,0,0,,,2,1,98,8,29,,9/31 (29%),1/7 (14%),61%,2,18/30 (60%),12/19 (63%),1/2 (50%),64%,11,3,21,13,,2,,,,,7
14138605,98,77977,NORMAL,REGULAR,Round 34,LEAGUE,55603,Erzurumspor FK,Visita,ALL,09/04/2026,34,1,63%,0.60,1,13,1,3,12,646,11,13,0,,3,0,8,2,5,8,1,0,,20,3,0,585,16,87,150/178 (84%),27/50 (54%),6/22 (27%),45%,7,27/61 (44%),12/26 (46%),7/21 (33%),82%,11,5,55,22,,1,,,,,9
14138605,98,77977,NORMAL,REGULAR,Round 34,LEAGUE,55603,Erzurumspor FK,Visita,1ST,09/04/2026,34,0,60%,0.00,0,4,1,1,4,343,8,6,0,,0,0,4,0,2,2,0,0,,,0,0,307,8,46,,14/26 (54%),3/8 (38%),53%,2,15/31 (48%),5/7 (71%),3/11 (27%),88%,8,2,29,8,,1,,,,,5
14138605,98,77977,NORMAL,REGULAR,Round 34,LEAGUE,55603,Erzurumspor FK,Visita,2ND,09/04/2026,34,1,68%,0.00,1,9,0,2,8,303,3,7,0,,3,0,4,2,3,6,1,0,,,3,0,278,8,41,,13/24 (54%),3/14 (21%),39%,5,12/30 (40%),7/19 (37%),4/10 (40%),67%,3,3,26,14,,0,,,,,4
14138613,98,77977,NORMAL,REGULAR,Round 35,LEAGUE,3076,Sivasspor,Local,ALL,13/04/2026,35,1,60%,1.75,1,17,2,17,10,449,8,10,0,,3,0,7,7,12,5,0,1,1,36,1,1,368,27,69,81/128 (63%),31/55 (56%),7/33 (21%),46%,10,25/60 (42%),11/19 (58%),8/17 (47%),63%,8,6,45,14,,2,,1,0,0,10
14138613,98,77977,NORMAL,REGULAR,Round 35,LEAGUE,3076,Sivasspor,Local,1ST,13/04/2026,35,1,57%,0.00,1,7,1,6,5,215,2,4,0,,2,0,3,2,4,3,0,1,1,,0,0,180,14,32,,15/30 (50%),0/10 (0%),37%,7,8/24 (33%),3/6 (50%),2/5 (40%),100%,2,3,18,6,,1,,,,,5
14138613,98,77977,NORMAL,REGULAR,Round 35,LEAGUE,3076,Sivasspor,Local,2ND,13/04/2026,35,0,62%,0.00,0,10,2,11,5,234,6,6,0,,1,0,4,5,8,2,0,0,0,,1,1,188,13,37,,16/25 (64%),7/23 (30%),51%,3,17/36 (47%),8/13 (62%),6/12 (50%),50%,6,3,27,8,,2,,,,,5
14138613,98,77977,NORMAL,REGULAR,Round 35,LEAGUE,3066,İstanbulspor,Visita,ALL,13/04/2026,35,3,40%,0.70,2,9,3,2,10,318,19,10,1,,5,0,3,1,7,2,1,1,1,16,1,2,252,16,46,56/87 (64%),21/48 (44%),0/7 (0%),54%,7,35/60 (58%),8/19 (42%),8/9 (89%),47%,19,14,46,34,,3,,0,3,1,12
14138613,98,77977,NORMAL,REGULAR,Round 35,LEAGUE,3066,İstanbulspor,Visita,1ST,13/04/2026,35,1,43%,0.00,0,3,1,0,4,164,10,5,0,,1,0,2,0,2,1,0,0,0,,1,2,131,8,22,,6/22 (27%),0/4 (0%),63%,2,16/24 (67%),3/6 (50%),2/2 (100%),40%,10,6,18,16,,1,,,,,7
14138613,98,77977,NORMAL,REGULAR,Round 35,LEAGUE,3066,İstanbulspor,Visita,2ND,13/04/2026,35,2,38%,0.00,2,6,2,2,6,154,9,5,1,,4,0,1,1,5,1,1,1,1,,0,0,121,8,24,,15/26 (58%),0/3 (0%),49%,5,19/36 (53%),5/13 (38%),6/7 (86%),56%,9,8,28,18,,2,,,,,5
14138627,98,77977,NORMAL,REGULAR,Round 36,LEAGUE,3066,İstanbulspor,Local,ALL,19/04/2026,36,3,50%,2.89,5,14,6,4,7,389,14,12,2,,5,1,4,5,12,2,3,2,0,25,2,4,321,15,47,52/89 (58%),16/43 (37%),3/10 (30%),61%,0,30/47 (64%),13/24 (54%),5/11 (45%),64%,14,6,38,16,0,6,,1,1,,7
14138627,98,77977,NORMAL,REGULAR,Round 36,LEAGUE,3066,İstanbulspor,Local,1ST,19/04/2026,36,0,43%,0.00,1,2,4,1,2,197,6,4,0,,0,0,1,1,2,0,0,1,0,,0,3,161,11,23,,9/21 (43%),1/4 (25%),62%,0,13/20 (65%),5/9 (56%),3/6 (50%),83%,6,3,17,12,,4,,,,,2
14138627,98,77977,NORMAL,REGULAR,Round 36,LEAGUE,3066,İstanbulspor,Local,2ND,19/04/2026,36,3,58%,0.00,4,12,2,3,5,192,8,8,2,,5,1,3,4,10,2,3,1,0,,2,1,160,4,24,,7/22 (32%),2/6 (33%),60%,0,17/27 (63%),8/15 (53%),2/5 (40%),50%,8,3,21,4,,2,,,,,5
14138627,98,77977,NORMAL,REGULAR,Round 36,LEAGUE,4952,Sarıyer,Visita,ALL,19/04/2026,36,1,50%,1.91,3,12,1,1,12,401,6,6,2,,7,0,3,2,6,6,0,3,3,18,1,0,335,19,43,61/92 (66%),26/52 (50%),1/8 (13%),39%,8,17/47 (36%),11/24 (46%),6/12 (50%),67%,6,10,34,12,1,1,,1,1,,7
14138627,98,77977,NORMAL,REGULAR,Round 36,LEAGUE,4952,Sarıyer,Visita,1ST,19/04/2026,36,1,57%,0.00,2,7,0,1,4,260,3,2,1,,5,0,0,2,4,3,0,2,3,,0,0,225,10,32,,18/33 (55%),1/6 (17%),38%,3,7/20 (35%),4/9 (44%),3/6 (50%),67%,3,7,20,4,,0,,,,,4
14138627,98,77977,NORMAL,REGULAR,Round 36,LEAGUE,4952,Sarıyer,Visita,2ND,19/04/2026,36,0,42%,0.00,1,5,1,0,8,141,3,4,1,,2,0,3,0,2,3,0,1,0,,1,0,110,9,11,,8/19 (42%),0/2 (0%),40%,5,10/27 (37%),7/15 (47%),3/6 (50%),67%,3,3,14,8,,1,,,,,3
14138631,98,77977,NORMAL,REGULAR,Round 37,LEAGUE,24750,Vanspor FK,Local,ALL,25/04/2026,37,1,57%,1.63,3,13,4,8,15,337,10,18,1,,5,0,4,4,6,7,1,2,0,15,3,1,270,23,55,78/108 (72%),30/59 (51%),7/22 (32%),49%,4,33/69 (48%),9/16 (56%),7/19 (37%),70%,10,5,41,18,3,4,,,,,9
14138631,98,77977,NORMAL,REGULAR,Round 37,LEAGUE,24750,Vanspor FK,Local,1ST,25/04/2026,37,1,51%,0.00,2,7,3,4,5,166,5,10,1,,2,0,2,3,5,2,1,1,0,,3,0,132,9,29,,14/30 (47%),4/12 (33%),58%,2,16/29 (55%),6/9 (67%),1/4 (25%),80%,5,3,21,6,,3,,,,,6
14138631,98,77977,NORMAL,REGULAR,Round 37,LEAGUE,24750,Vanspor FK,Local,2ND,25/04/2026,37,0,63%,0.00,1,6,1,4,10,171,5,8,0,,3,0,2,1,1,5,0,1,0,,0,1,138,14,26,,16/29 (55%),3/10 (30%),43%,2,17/40 (43%),3/7 (43%),6/15 (40%),60%,5,2,20,12,,1,,,,,3
14138631,98,77977,NORMAL,REGULAR,Round 37,LEAGUE,3066,İstanbulspor,Visita,ALL,25/04/2026,37,3,43%,2.28,4,12,4,3,18,262,16,14,3,,7,0,3,2,8,4,3,1,1,17,2,1,203,9,56,47/83 (57%),21/58 (36%),5/17 (29%),51%,5,36/69 (52%),7/16 (44%),7/12 (58%),69%,16,9,45,27,1,4,,,,,7
14138631,98,77977,NORMAL,REGULAR,Round 37,LEAGUE,3066,İstanbulspor,Visita,1ST,25/04/2026,37,1,49%,0.00,2,8,1,2,10,162,5,5,1,,4,0,3,1,6,2,1,1,1,,0,0,133,5,26,,10/25 (40%),2/7 (29%),42%,1,13/29 (45%),3/9 (33%),4/8 (50%),40%,5,6,23,10,,1,,,,,3
14138631,98,77977,NORMAL,REGULAR,Round 37,LEAGUE,3066,İstanbulspor,Visita,2ND,25/04/2026,37,2,37%,0.00,2,4,3,1,8,100,11,9,2,,3,0,0,1,2,2,2,0,0,,2,1,70,4,30,,11/33 (33%),3/10 (30%),57%,4,23/40 (57%),4/7 (57%),3/4 (75%),82%,11,3,22,17,,3,,,,,4
14138649,98,77977,NORMAL,REGULAR,Round 38,LEAGUE,3066,İstanbulspor,Local,ALL,01/05/2026,38,8,64%,2.98,5,25,3,7,4,570,15,12,1,0,11,0,13,1,17,8,3,2,,40,3,5,508,14,67,144/191 (75%),25/39 (64%),7/21 (33%),59%,7,40/62 (65%),1/8 (13%),14/19 (74%),53%,15,10,58,6,0,3,,0,,,2
14138649,98,77977,NORMAL,REGULAR,Round 38,LEAGUE,3066,İstanbulspor,Local,1ST,01/05/2026,38,4,64%,0.00,3,12,2,5,2,276,8,8,0,0,6,0,5,1,10,2,3,0,,,1,3,243,9,30,,12/19 (63%),4/11 (36%),53%,5,23/38 (61%),1/7 (14%),9/13 (69%),25%,8,7,24,3,,2,,,,,1
14138649,98,77977,NORMAL,REGULAR,Round 38,LEAGUE,3066,İstanbulspor,Local,2ND,01/05/2026,38,4,64%,0.00,2,13,1,2,2,294,7,4,1,0,5,0,8,0,7,6,1,2,,,2,2,265,5,37,,13/20 (65%),3/10 (30%),68%,2,16/23 (70%),1/2 (50%),5/6 (83%),86%,7,3,34,3,,1,,,,,1
14138649,98,77977,NORMAL,REGULAR,Round 38,LEAGUE,3101,Adana Demirspor,Visita,ALL,01/05/2026,38,1,36%,0.88,1,5,4,1,12,329,12,4,1,1,4,0,1,0,3,2,1,0,,4,0,0,263,9,23,20/33 (61%),20/45 (44%),1/1 (100%),41%,7,22/62 (35%),7/8 (88%),6/14 (43%),75%,12,11,35,21,1,4,,1,,,19
14138649,98,77977,NORMAL,REGULAR,Round 38,LEAGUE,3101,Adana Demirspor,Visita,1ST,01/05/2026,38,1,36%,0.00,1,3,2,1,8,162,9,2,0,0,3,0,0,0,3,0,1,0,,,0,0,130,3,14,,10/20 (50%),1/1 (100%),47%,3,15/39 (38%),6/6 (100%),4/9 (44%),78%,9,7,15,11,,2,,,,,8
14138649,98,77977,NORMAL,REGULAR,Round 38,LEAGUE,3101,Adana Demirspor,Visita,2ND,01/05/2026,38,0,36%,0.00,0,2,2,0,4,167,3,2,1,1,1,0,1,0,0,2,0,0,,,0,0,133,6,9,,10/25 (40%),0/0 (0%),32%,4,7/23 (30%),1/2 (50%),2/5 (40%),67%,3,4,20,10,,2,,,,,11
16490425,98,98149,NORMAL,REGULAR,Round 1,LEAGUE,44320,Bandırmaspor,Local,ALL,08/08/2026,1,3,54%,1.27,3,8,3,1,15,445,19,15,3,0.0,6,1,1,1,5,3,3,0.0,1.0,9.0,1.0,1,381,17,46,63/93 (68%),29/64 (45%),0/5 (0%),50%,10,47/92 (51%),10/22 (45%),14/23 (61%),74%,19,8,42,22,,3,,,,1.0,9
16490425,98,98149,NORMAL,REGULAR,Round 1,LEAGUE,44320,Bandırmaspor,Local,1ST,08/08/2026,1,2,49%,0.0,2,4,1,0,6,198,12,6,1,0.0,4,0,0,0,2,2,2,0.0,1.0,,0.0,1,163,12,21,,12/33 (36%),0/1 (0%),51%,7,23/44 (52%),6/13 (46%),6/10 (60%),75%,12,4,19,11,,1,,,,,4
16490425,98,98149,NORMAL,REGULAR,Round 1,LEAGUE,44320,Bandırmaspor,Local,2ND,08/08/2026,1,1,59%,0.0,1,4,2,1,9,247,7,9,2,0.0,2,1,1,1,3,1,1,0.0,0.0,,1.0,0,218,5,25,,17/31 (55%),0/4 (0%),49%,3,24/48 (50%),4/9 (44%),8/13 (62%),71%,7,4,23,11,,2,,,,,5
16490425,98,98149,NORMAL,REGULAR,Round 1,LEAGUE,3066,İstanbulspor,Visita,ALL,08/08/2026,1,0,46%,1.49,2,12,3,3,16,365,19,15,3,1.0,3,1,8,1,7,5,0,2.0,2.0,16.0,3.0,1,301,33,57,64/96 (67%),22/43 (51%),4/15 (27%),50%,10,45/92 (49%),12/22 (55%),12/21 (57%),89%,19,6,45,11,,3,,,,0.0,1
16490425,98,98149,NORMAL,REGULAR,Round 1,LEAGUE,3066,İstanbulspor,Visita,1ST,08/08/2026,1,0,51%,0.0,0,4,2,3,6,199,11,6,1,0.0,1,0,3,0,2,2,0,0.0,1.0,,1.0,0,159,18,30,,10/21 (48%),2/9 (22%),49%,7,21/44 (48%),7/13 (54%),4/9 (44%),91%,11,1,25,4,,2,,,,,0
16490425,98,98149,NORMAL,REGULAR,Round 1,LEAGUE,3066,İstanbulspor,Visita,2ND,08/08/2026,1,0,41%,0.0,2,8,1,0,10,166,8,9,2,1.0,2,1,5,1,5,3,0,2.0,1.0,,2.0,1,142,15,27,,12/22 (55%),2/6 (33%),51%,3,24/48 (50%),5/9 (56%),8/12 (67%),88%,8,6,20,7,,1,,,,,1
16490442,98,98149,NORMAL,REGULAR,Round 2,LEAGUE,3066,İstanbulspor,Local,ALL,15/08/2026,2,2,47%,1.33,1,15,3,5,5,416,11,7,1,,9,0,0,6,9,6,0,,,20,,1,336,21,35,52/82 (63%),27/59 (46%),3/10 (30%),52%,5,23/42 (55%),12/25 (48%),5/11 (45%),73%,11,14,50,27,,3,,,2,2,6
16490442,98,98149,NORMAL,REGULAR,Round 2,LEAGUE,3066,İstanbulspor,Local,1ST,15/08/2026,2,2,51%,0.00,0,9,0,5,2,221,7,2,1,,5,0,0,4,5,4,0,,,,,0,182,7,18,,12/23 (52%),3/8 (38%),53%,3,12/21 (57%),4/9 (44%),3/5 (60%),86%,7,7,26,11,,0,,,,,2
16490442,98,98149,NORMAL,REGULAR,Round 2,LEAGUE,3066,İstanbulspor,Local,2ND,15/08/2026,2,0,43%,0.00,1,6,3,0,3,195,4,5,0,,4,0,0,2,4,2,0,,,,,1,154,14,17,,15/36 (42%),0/2 (0%),51%,2,11/21 (52%),8/16 (50%),2/6 (33%),50%,4,7,24,16,,3,,,,,4
16490442,98,98149,NORMAL,REGULAR,Round 2,LEAGUE,202390,Bodrum FK,Visita,ALL,15/08/2026,2,2,53%,1.63,1,14,7,6,7,467,11,5,1,,5,0,6,3,10,4,1,,,24,,1,396,29,84,80/122 (66%),33/54 (61%),2/23 (9%),48%,3,19/42 (45%),13/25 (52%),3/11 (27%),73%,11,8,50,20,,7,,,0,0,2
16490442,98,98149,NORMAL,REGULAR,Round 2,LEAGUE,202390,Bodrum FK,Visita,1ST,15/08/2026,2,0,49%,0.00,0,3,3,4,2,213,5,2,1,,0,0,1,2,1,2,0,,,,,0,181,14,39,,12/20 (60%),0/10 (0%),47%,3,9/21 (43%),5/9 (56%),2/6 (33%),80%,5,6,23,11,,3,,,,,1
16490442,98,98149,NORMAL,REGULAR,Round 2,LEAGUE,202390,Bodrum FK,Visita,2ND,15/08/2026,2,2,57%,0.00,1,11,4,2,5,254,6,3,0,,5,0,5,1,9,2,1,,,,,1,215,15,45,,21/34 (62%),2/13 (15%),49%,0,10/21 (48%),8/16 (50%),1/5 (20%),67%,6,2,27,9,,4,,,,,1
16490408,98,98149,NORMAL,REGULAR,Round 3,LEAGUE,24750,Vanspor FK,Local,ALL,23/08/2026,3,3,50%,0.87,4,11,1,4,14,415,17,17,0,,5,0,5,1,7,4,3,1,2,13,3,1,333,21,49,52/87 (60%),23/60 (38%),4/15 (27%),56%,7,37/63 (59%),16/31 (52%),6/7 (86%),65%,17,4,35,31,,1,,1,0,,13
16490408,98,98149,NORMAL,REGULAR,Round 3,LEAGUE,24750,Vanspor FK,Local,1ST,23/08/2026,3,2,55%,0.00,3,6,0,3,5,243,8,8,0,,3,0,3,0,5,1,2,1,2,,2,1,204,16,24,,12/24 (50%),2/10 (20%),59%,6,17/29 (59%),7/12 (58%),2/2 (100%),38%,8,2,17,11,,0,,,,,2
16490408,98,98149,NORMAL,REGULAR,Round 3,LEAGUE,24750,Vanspor FK,Local,2ND,23/08/2026,3,1,45%,0.00,1,5,1,1,9,172,9,9,0,,2,0,2,1,2,3,1,0,0,,1,0,129,5,25,,11/36 (31%),2/5 (40%),55%,1,20/34 (59%),9/19 (47%),4/5 (80%),89%,9,2,18,20,,1,,,,,11
16490408,98,98149,NORMAL,REGULAR,Round 3,LEAGUE,3066,İstanbulspor,Visita,ALL,23/08/2026,3,2,50%,2.31,4,13,2,1,17,404,8,13,2,,3,0,5,5,5,8,2,2,2,15,4,1,343,21,52,59/92 (64%),26/53 (49%),5/14 (36%),44%,7,26/63 (41%),15/31 (48%),5/15 (33%),50%,8,7,48,19,,2,,0,2,,4
16490408,98,98149,NORMAL,REGULAR,Round 3,LEAGUE,3066,İstanbulspor,Visita,1ST,23/08/2026,3,2,45%,0.00,3,7,1,1,8,201,6,5,2,,2,0,2,3,3,4,2,1,2,,1,1,168,8,23,,11/27 (41%),1/2 (50%),41%,3,12/29 (41%),5/12 (42%),1/6 (17%),50%,6,4,22,15,,1,,,,,2
16490408,98,98149,NORMAL,REGULAR,Round 3,LEAGUE,3066,İstanbulspor,Visita,2ND,23/08/2026,3,0,55%,0.00,1,6,1,0,9,203,2,8,0,,1,0,3,2,2,4,0,1,0,,3,1,175,13,29,,15/26 (58%),4/12 (33%),45%,4,14/34 (41%),10/19 (53%),4/9 (44%),50%,2,3,26,4,,1,,,,,2