Event_ID,Competition_ID,Season_ID,Season_Format,Competition_Phase,Competition_Stage,Competition_Type,Team_ID,Equipo,Condicion,Tiempo,Fecha,Jornada,Goals,Ball possession,Expected goals,Big chances,Total shots,Goalkeeper saves,Corner kicks,Fouls,Passes,Tackles,Free kicks,Yellow cards,Red cards,Shots on target,Hit woodwork,Shots off target,Blocked shots,Shots inside box,Shots outside box,Big chances scored,Big chances missed,Through balls,Touches in penalty area,Fouled in final third,Offsides,Accurate passes,Throw-ins,Final third entries,Final third phase,Long balls,Crosses,Duels,Dispossessed,Ground duels,Aerial duels,Dribbles,Tackles won,Total tackles,Interceptions,Recoveries,Clearances,Errors lead to a shot,Total saves,Goals prevented,Big saves,High claims,Punches,Goal kicks
9345531,498,35618,CALENDAR,REGULAR,Round of 16,INTERNATIONAL,6574,Deportivo Saprissa,Local,ALL,07/04/2021,4,0,53%,0.00,1,16,1,6,13,447,18,16,3,,2,0,6,8,7,9,0,1,,,1,4,339,27,65,,40/76 (53%),4/20 (20%),52%,5,42/77 (55%),15/32 (47%),8/19 (42%),33%,18,18,,15,,1,,,,,13
9345531,498,35618,CALENDAR,REGULAR,Round of 16,INTERNATIONAL,6574,Deportivo Saprissa,Local,1ST,07/04/2021,4,0,51%,0.00,0,2,1,1,,196,7,7,0,,0,0,1,1,1,1,0,0,,,1,3,146,14,29,,16/35 (46%),1/8 (13%),47%,2,17/36 (47%),5/11 (45%),3/12 (25%),57%,7,5,,12,,1,,,,,5
9345531,498,35618,CALENDAR,REGULAR,Round of 16,INTERNATIONAL,6574,Deportivo Saprissa,Local,2ND,07/04/2021,4,,55%,0.00,1,14,0,5,,251,11,9,3,,2,0,5,7,6,8,0,1,,,0,1,193,13,36,,24/41 (59%),3/12 (25%),56%,3,25/41 (61%),10/21 (48%),5/7 (71%),18%,11,13,,3,,0,,,,,8
9345531,498,35618,CALENDAR,REGULAR,Round of 16,INTERNATIONAL,39833,Philadelphia Union,Visita,ALL,07/04/2021,4,1,47%,0.00,1,5,1,3,16,397,16,13,3,,2,0,3,0,4,1,1,0,,,1,3,295,20,78,,24/65 (37%),3/20 (15%),48%,7,35/77 (45%),17/32 (53%),6/17 (35%),69%,16,14,,22,,1,,,,,8
9345531,498,35618,CALENDAR,REGULAR,Round of 16,INTERNATIONAL,39833,Philadelphia Union,Visita,1ST,07/04/2021,4,1,49%,0.00,1,3,0,2,,186,11,6,0,,2,0,1,0,3,0,1,0,,,0,2,139,12,39,,13/29 (45%),3/13 (23%),53%,2,19/36 (53%),6/11 (55%),2/7 (29%),64%,11,6,,9,,0,,,,,3
9345531,498,35618,CALENDAR,REGULAR,Round of 16,INTERNATIONAL,39833,Philadelphia Union,Visita,2ND,07/04/2021,4,,45%,0.00,0,2,1,1,,211,5,7,3,,0,0,2,0,1,1,0,0,,,1,1,156,8,39,,11/36 (31%),0/7 (0%),44%,5,16/41 (39%),11/21 (52%),4/10 (40%),80%,5,8,,13,,1,,,,,5
9345537,498,35618,CALENDAR,REGULAR,Round of 16,INTERNATIONAL,39833,Philadelphia Union,Local,ALL,14/04/2021,4,4,53%,0.00,2,14,0,4,13,432,8,11,1,,8,1,4,2,10,4,1,1,1,,5,2,351,14,63,,35/66 (53%),8/22 (36%),44%,13,21/56 (38%),12/19 (63%),3/4 (75%),75%,8,18,,4,,0,,,,,5
9345537,498,35618,CALENDAR,REGULAR,Round of 16,INTERNATIONAL,39833,Philadelphia Union,Local,1ST,14/04/2021,4,0,54%,0.00,0,5,0,3,,221,3,6,0,,1,1,3,1,2,3,0,0,0,,3,0,172,8,39,,19/34 (56%),5/18 (28%),40%,9,9/29 (31%),7/11 (64%),0/0 (0%),100%,3,11,,0,,0,,,,,2
9345537,498,35618,CALENDAR,REGULAR,Round of 16,INTERNATIONAL,39833,Philadelphia Union,Local,2ND,14/04/2021,4,,51%,0.00,2,9,0,1,,211,5,5,1,,7,0,1,1,8,1,1,1,1,,2,2,179,6,24,,16/32 (50%),3/4 (75%),49%,4,12/27 (44%),5/8 (63%),3/4 (75%),60%,5,7,,4,,0,,,,,3
9345537,498,35618,CALENDAR,REGULAR,Round of 16,INTERNATIONAL,6574,Deportivo Saprissa,Visita,ALL,14/04/2021,4,0,47%,0.00,1,5,4,2,11,390,14,13,1,,0,0,5,0,4,1,0,1,0,,2,1,282,25,50,,29/71 (41%),4/10 (40%),56%,5,35/56 (63%),7/19 (37%),8/11 (73%),64%,14,13,,15,,4,,,,,9
9345537,498,35618,CALENDAR,REGULAR,Round of 16,INTERNATIONAL,6574,Deportivo Saprissa,Visita,1ST,14/04/2021,4,0,46%,0.00,0,2,1,0,,198,9,7,1,,0,0,2,0,1,1,0,0,0,,1,1,132,13,22,,12/42 (29%),1/3 (33%),60%,1,20/29 (69%),4/11 (36%),4/6 (67%),56%,9,7,,13,,1,,,,,7
9345537,498,35618,CALENDAR,REGULAR,Round of 16,INTERNATIONAL,6574,Deportivo Saprissa,Visita,2ND,14/04/2021,4,,49%,0.00,1,3,3,2,,192,5,6,0,,0,0,3,0,3,0,0,1,0,,1,0,150,12,28,,17/29 (59%),3/7 (43%),51%,4,15/27 (56%),3/8 (38%),4/5 (80%),80%,5,6,,2,,3,,,,,2
9400322,242,35964,CALENDAR,REGULAR_SEASON,Regular Season,LEAGUE,2504,Columbus Crew,Local,ALL,18/04/2021,,0,48%,0.00,2,12,5,1,12,376,16,18,2,,6,1,5,1,5,7,,2,,,3,1,290,22,57,,32/69 (46%),4/8 (50%),49%,11,42/81 (52%),20/46 (43%),8/21 (38%),69%,16,10,,18,,5,,,,,11
9400322,242,35964,CALENDAR,REGULAR_SEASON,Regular Season,LEAGUE,2504,Columbus Crew,Local,1ST,18/04/2021,,0,45%,0.00,0,6,2,0,,189,8,7,0,,3,1,3,0,1,5,,0,,,2,0,146,13,25,,17/33 (52%),1/2 (50%),50%,6,20/41 (49%),14/27 (52%),5/14 (36%),50%,8,6,,10,,2,,,,,7
9400322,242,35964,CALENDAR,REGULAR_SEASON,Regular Season,LEAGUE,2504,Columbus Crew,Local,2ND,18/04/2021,,,51%,0.00,2,6,3,1,,187,8,11,2,,3,0,2,1,4,2,,2,,,1,1,144,9,32,,15/36 (42%),3/6 (50%),47%,5,22/40 (55%),6/19 (32%),3/7 (43%),88%,8,4,,8,,3,,,,,4
9400322,242,35964,CALENDAR,REGULAR_SEASON,Regular Season,LEAGUE,39833,Philadelphia Union,Visita,ALL,18/04/2021,,0,52%,0.00,0,15,6,6,18,394,24,12,4,,5,1,8,2,10,5,,0,,,3,2,292,15,66,,31/60 (52%),8/28 (29%),51%,7,39/81 (48%),26/46 (57%),6/15 (40%),67%,24,10,,6,,6,,,,,9
9400322,242,35964,CALENDAR,REGULAR_SEASON,Regular Season,LEAGUE,39833,Philadelphia Union,Visita,1ST,18/04/2021,,0,55%,0.00,0,8,3,3,,216,15,3,1,,2,0,5,1,5,3,,0,,,2,1,161,7,28,,12/28 (43%),5/17 (29%),50%,5,21/41 (51%),13/27 (48%),3/6 (50%),47%,15,7,,1,,3,,,,,7
9400322,242,35964,CALENDAR,REGULAR_SEASON,Regular Season,LEAGUE,39833,Philadelphia Union,Visita,2ND,18/04/2021,,,49%,0.00,0,7,3,3,,178,9,9,3,,3,1,3,1,5,2,,0,,,1,1,131,8,38,,19/32 (59%),3/11 (27%),53%,2,18/40 (45%),13/19 (68%),3/9 (33%),100%,9,3,,5,,3,,,,,2
9400315,242,35964,CALENDAR,REGULAR_SEASON,Regular Season,LEAGUE,39833,Philadelphia Union,Local,ALL,24/04/2021,,1,,0.00,,0,,,,,,,,,0,0,0,0,0,0,,,,,,,,,,,,,,,,,,,,,,,,,,,,,
9400315,242,35964,CALENDAR,REGULAR_SEASON,Regular Season,LEAGUE,39833,Philadelphia Union,Local,1ST,24/04/2021,,,,,,,,,,,,,,,,,,,,,,,,,,,,,,,,,,,,,,,,,,,,,,,,,
9400315,242,35964,CALENDAR,REGULAR_SEASON,Regular Season,LEAGUE,39833,Philadelphia Union,Local,2ND,24/04/2021,,,,,,,,,,,,,,,,,,,,,,,,,,,,,,,,,,,,,,,,,,,,,,,,,
9400315,242,35964,CALENDAR,REGULAR_SEASON,Regular Season,LEAGUE,337602,Inter Miami CF,Visita,ALL,24/04/2021,,2,,0.00,,0,,,,,,,,,0,0,0,0,0,0,,,,,,,,,,,,,,,,,,,,,,,,,,,,,
9400315,242,35964,CALENDAR,REGULAR_SEASON,Regular Season,LEAGUE,337602,Inter Miami CF,Visita,1ST,24/04/2021,,,,,,,,,,,,,,,,,,,,,,,,,,,,,,,,,,,,,,,,,,,,,,,,,
9400315,242,35964,CALENDAR,REGULAR_SEASON,Regular Season,LEAGUE,337602,Inter Miami CF,Visita,2ND,24/04/2021,,,,,,,,,,,,,,,,,,,,,,,,,,,,,,,,,,,,,,,,,,,,,,,,,
9472945,498,35618,CALENDAR,REGULAR,Quarterfinals,INTERNATIONAL,243211,Atlanta United,Local,ALL,27/04/2021,3,0,65%,0.00,5,16,2,7,12,537,14,15,1,,7,1,5,4,9,7,0,5,1,,2,0,475,15,74,,42/54 (78%),7/25 (28%),56%,9,40/68 (59%),12/25 (48%),11/16 (69%),57%,14,13,,9,,2,,,,,3
9472945,498,35618,CALENDAR,REGULAR,Quarterfinals,INTERNATIONAL,243211,Atlanta United,Local,1ST,27/04/2021,3,0,60%,0.00,3,8,0,4,,287,8,6,0,,5,0,1,2,4,4,0,3,1,,0,0,254,7,40,,19/27 (70%),1/7 (14%),47%,6,18/34 (53%),3/11 (27%),4/7 (57%),50%,8,7,,5,,0,,,,,2
9472945,498,35618,CALENDAR,REGULAR,Quarterfinals,INTERNATIONAL,243211,Atlanta United,Local,2ND,27/04/2021,3,,71%,0.00,2,8,2,3,,250,6,9,1,,2,1,4,2,5,3,0,2,0,,2,0,221,8,34,,23/27 (85%),6/18 (33%),65%,3,22/34 (65%),9/14 (64%),7/9 (78%),67%,6,6,,4,,2,,,,,1
9472945,498,35618,CALENDAR,REGULAR,Quarterfinals,INTERNATIONAL,39833,Philadelphia Union,Visita,ALL,27/04/2021,3,3,35%,0.00,4,8,7,3,16,284,14,11,1,,5,0,2,1,7,1,3,1,0,,2,1,208,15,49,,24/47 (51%),3/17 (18%),44%,7,28/68 (41%),13/25 (52%),3/10 (30%),71%,14,13,,13,,7,,,,,11
9472945,498,35618,CALENDAR,REGULAR,Quarterfinals,INTERNATIONAL,39833,Philadelphia Union,Visita,1ST,27/04/2021,3,0,40%,0.00,0,3,5,2,,180,9,5,1,,0,0,2,1,2,1,0,0,0,,1,0,137,8,24,,15/24 (63%),3/11 (27%),53%,4,16/34 (47%),8/11 (73%),2/6 (33%),56%,9,9,,5,,5,,,,,3
9472945,498,35618,CALENDAR,REGULAR,Quarterfinals,INTERNATIONAL,39833,Philadelphia Union,Visita,2ND,27/04/2021,3,,29%,0.00,4,5,2,1,,104,5,6,0,,5,0,0,0,5,0,3,1,0,,1,1,71,7,25,,9/23 (39%),0/6 (0%),35%,3,12/34 (35%),5/14 (36%),1/4 (25%),100%,5,4,,8,,2,,,,,8
9425769,242,35964,CALENDAR,REGULAR_SEASON,Regular Season,LEAGUE,39833,Philadelphia Union,Local,ALL,01/05/2021,,0,33%,0.00,1,4,5,1,10,335,13,12,1,1,0,0,2,2,2,2,0,1,,,1,1,240,16,39,,27/57 (47%),3/12 (25%),53%,5,40/72 (56%),15/32 (47%),15/16 (94%),46%,13,12,,21,,5,,,,,15
9425769,242,35964,CALENDAR,REGULAR_SEASON,Regular Season,LEAGUE,39833,Philadelphia Union,Local,1ST,01/05/2021,,0,30%,0.00,1,3,2,1,,153,3,5,1,1,0,0,1,2,1,2,0,1,,,0,0,111,9,19,,10/21 (48%),2/7 (29%),51%,2,17/33 (52%),10/20 (50%),9/9 (100%),33%,3,6,,7,,2,,,,,7
9425769,242,35964,CALENDAR,REGULAR_SEASON,Regular Season,LEAGUE,39833,Philadelphia Union,Local,2ND,01/05/2021,,,36%,0.00,0,1,3,0,,182,10,7,0,0,0,0,1,0,1,0,0,0,,,1,1,129,7,20,,17/36 (47%),1/5 (20%),55%,3,23/39 (59%),5/12 (42%),6/7 (86%),50%,10,6,,14,,3,,,,,8
9425769,242,35964,CALENDAR,REGULAR_SEASON,Regular Season,LEAGUE,187643,New York City FC,Visita,ALL,01/05/2021,,2,67%,0.00,4,23,0,7,12,690,6,9,3,0,7,0,12,4,15,8,2,2,,,2,1,616,16,95,,21/35 (60%),9/20 (45%),47%,8,32/72 (44%),17/32 (53%),17/22 (77%),50%,6,11,,11,,0,,,,,5
9425769,242,35964,CALENDAR,REGULAR_SEASON,Regular Season,LEAGUE,187643,New York City FC,Visita,1ST,01/05/2021,,1,70%,0.00,2,9,0,3,,357,2,5,3,0,3,0,6,0,6,3,1,1,,,1,0,321,9,51,,12/21 (57%),6/12 (50%),49%,2,16/33 (48%),10/20 (50%),9/10 (90%),50%,2,5,,2,,0,,,,,2
9425769,242,35964,CALENDAR,REGULAR_SEASON,Regular Season,LEAGUE,187643,New York City FC,Visita,2ND,01/05/2021,,,64%,0.00,2,14,0,4,,333,4,4,0,0,4,0,6,4,9,5,1,1,,,1,1,295,7,44,,9/14 (64%),3/8 (38%),45%,6,16/39 (41%),7/12 (58%),8/12 (67%),50%,4,6,,9,,0,,,,,3
9472950,498,35618,CALENDAR,REGULAR,Quarterfinals,INTERNATIONAL,39833,Philadelphia Union,Local,ALL,04/05/2021,3,1,31%,0.00,3,22,3,4,18,277,14,9,4,,5,1,9,8,16,6,1,2,1,,2,0,205,11,53,,27/52 (52%),6/20 (30%),44%,3,30/70 (43%),18/40 (45%),7/15 (47%),64%,14,10,,29,,3,,,,,5
9472950,498,35618,CALENDAR,REGULAR,Quarterfinals,INTERNATIONAL,39833,Philadelphia Union,Local,1ST,04/05/2021,3,0,30%,0.00,1,12,0,2,,135,7,4,1,,3,0,5,4,7,5,0,1,1,,1,0,108,6,26,,12/24 (50%),2/9 (22%),43%,2,16/35 (46%),7/19 (37%),5/6 (83%),57%,7,5,,8,,0,,,,,1
9472950,498,35618,CALENDAR,REGULAR,Quarterfinals,INTERNATIONAL,39833,Philadelphia Union,Local,2ND,04/05/2021,3,,32%,0.00,2,10,3,2,,142,7,5,3,,2,1,4,4,9,1,1,1,0,,1,0,97,5,27,,15/28 (54%),4/11 (36%),45%,1,14/35 (40%),11/21 (52%),2/9 (22%),71%,7,5,,21,,3,,,,,4
9472950,498,35618,CALENDAR,REGULAR,Quarterfinals,INTERNATIONAL,243211,Atlanta United,Visita,ALL,04/05/2021,3,1,69%,0.00,1,9,4,3,10,635,11,18,1,,4,0,2,3,4,5,0,1,0,,2,3,567,18,82,,45/69 (65%),13/33 (39%),56%,9,40/70 (57%),22/40 (55%),11/16 (69%),45%,11,5,,18,,4,,,,,10
9472950,498,35618,CALENDAR,REGULAR,Quarterfinals,INTERNATIONAL,243211,Atlanta United,Visita,1ST,04/05/2021,3,1,70%,0.00,0,2,3,2,,323,3,10,0,,1,0,0,1,1,1,0,0,0,,1,3,289,7,37,,30/42 (71%),4/12 (33%),57%,3,19/35 (54%),12/19 (63%),6/10 (60%),33%,3,2,,8,,3,,,,,7
9472950,498,35618,CALENDAR,REGULAR,Quarterfinals,INTERNATIONAL,243211,Atlanta United,Visita,2ND,04/05/2021,3,,68%,0.00,1,7,1,1,,312,8,8,1,,3,0,2,2,3,4,0,1,0,,1,0,278,11,45,,15/27 (56%),9/21 (43%),55%,6,21/35 (60%),10/21 (48%),5/6 (83%),50%,8,3,,10,,1,,,,,3
9425884,242,35964,CALENDAR,REGULAR_SEASON,Regular Season,LEAGUE,2505,Chicago Fire,Local,ALL,08/05/2021,,0,60%,0.00,2,9,3,5,10,484,25,15,3,,3,0,6,0,7,2,0,2,,,0,3,366,27,67,,38/71 (54%),10/25 (40%),59%,17,48/83 (58%),33/54 (61%),10/14 (71%),48%,25,17,,26,,3,,,,,9
9425884,242,35964,CALENDAR,REGULAR_SEASON,Regular Season,LEAGUE,2505,Chicago Fire,Local,1ST,08/05/2021,,0,52%,0.00,0,3,1,2,,217,11,5,1,,2,0,1,0,2,1,0,0,,,0,1,147,16,26,,12/36 (33%),5/9 (56%),51%,10,19/38 (50%),16/31 (52%),4/5 (80%),55%,11,10,,16,,1,,,,,8
9425884,242,35964,CALENDAR,REGULAR_SEASON,Regular Season,LEAGUE,2505,Chicago Fire,Local,2ND,08/05/2021,,,68%,0.00,2,6,2,3,,267,14,10,2,,1,0,5,0,5,1,0,2,,,0,2,219,11,41,,26/35 (74%),5/16 (31%),68%,7,29/45 (64%),17/23 (74%),6/9 (67%),43%,14,7,,10,,2,,,,,1
9425884,242,35964,CALENDAR,REGULAR_SEASON,Regular Season,LEAGUE,39833,Philadelphia Union,Visita,ALL,08/05/2021,,2,40%,0.00,4,15,3,4,17,319,21,9,3,,5,0,5,5,12,3,1,3,,,2,3,203,28,66,,28/73 (38%),7/20 (35%),41%,14,35/83 (42%),21/54 (39%),5/16 (31%),29%,21,16,,19,,3,,,,,12
9425884,242,35964,CALENDAR,REGULAR_SEASON,Regular Season,LEAGUE,39833,Philadelphia Union,Visita,1ST,08/05/2021,,0,48%,0.00,3,9,2,1,,193,11,6,0,,1,0,4,4,6,3,0,3,,,2,1,131,13,36,,19/37 (51%),4/11 (36%),49%,5,19/38 (50%),15/31 (48%),2/8 (25%),18%,11,8,,6,,2,,,,,3
9425884,242,35964,CALENDAR,REGULAR_SEASON,Regular Season,LEAGUE,39833,Philadelphia Union,Visita,2ND,08/05/2021,,,32%,0.00,1,6,1,3,,126,10,3,3,,4,0,1,1,6,0,1,0,,,0,2,72,15,30,,9/36 (25%),3/9 (33%),32%,9,16/45 (36%),6/23 (26%),3/8 (38%),40%,10,8,,13,,1,,,,,9
9425965,242,35964,CALENDAR,REGULAR_SEASON,Regular Season,LEAGUE,39833,Philadelphia Union,Local,ALL,12/05/2021,,1,49%,0.00,3,14,4,3,13,393,19,6,3,,3,0,7,4,10,4,1,2,,,1,4,294,25,64,,38/70 (54%),5/18 (28%),49%,13,39/80 (49%),23/47 (49%),14/18 (78%),53%,19,13,,20,,4,,,,,13
9425965,242,35964,CALENDAR,REGULAR_SEASON,Regular Season,LEAGUE,39833,Philadelphia Union,Local,1ST,12/05/2021,,0,52%,0.00,1,4,2,1,,209,9,2,1,,2,0,1,1,2,2,0,1,,,1,2,164,14,38,,22/36 (61%),1/3 (33%),42%,7,14/33 (42%),8/19 (42%),3/5 (60%),44%,9,7,,10,,2,,,,,6
9425965,242,35964,CALENDAR,REGULAR_SEASON,Regular Season,LEAGUE,39833,Philadelphia Union,Local,2ND,12/05/2021,,,46%,0.00,2,10,2,2,,184,10,4,2,,1,0,6,3,8,2,1,1,,,0,2,130,11,26,,16/34 (47%),4/15 (27%),53%,6,25/47 (53%),15/28 (54%),11/13 (85%),60%,10,6,,10,,2,,,,,7
9425965,242,35964,CALENDAR,REGULAR_SEASON,Regular Season,LEAGUE,2511,New England Revolution,Visita,ALL,12/05/2021,,1,51%,0.00,5,15,2,5,6,398,17,13,1,,5,0,8,2,10,5,1,4,,,3,1,323,25,53,,37/60 (62%),5/25 (20%),51%,9,41/80 (51%),24/47 (51%),11/21 (52%),53%,17,13,,17,,2,,,,,9
9425965,242,35964,CALENDAR,REGULAR_SEASON,Regular Season,LEAGUE,2511,New England Revolution,Visita,1ST,12/05/2021,,0,48%,0.00,0,6,2,3,,180,9,5,0,,2,0,3,1,4,2,0,0,,,0,1,142,15,23,,15/29 (52%),3/15 (20%),58%,4,19/33 (58%),11/19 (58%),5/10 (50%),44%,9,5,,4,,2,,,,,3
9425965,242,35964,CALENDAR,REGULAR_SEASON,Regular Season,LEAGUE,2511,New England Revolution,Visita,2ND,12/05/2021,,,54%,0.00,5,9,0,2,,218,8,8,1,,3,0,5,1,6,3,1,4,,,3,0,181,10,30,,22/31 (71%),2/10 (20%),47%,5,22/47 (47%),13/28 (46%),6/11 (55%),63%,8,8,,13,,0,,,,,6
9425910,242,35964,CALENDAR,REGULAR_SEASON,Regular Season,LEAGUE,39833,Philadelphia Union,Local,ALL,15/05/2021,,1,49%,0.00,2,12,1,5,15,318,22,12,2,0,5,0,4,3,10,2,1,1,,,5,1,226,20,62,,40/79 (51%),6/22 (27%),51%,14,42/89 (47%),32/56 (57%),10/19 (53%),64%,22,12,,18,,1,,,,,13
9425910,242,35964,CALENDAR,REGULAR_SEASON,Regular Season,LEAGUE,39833,Philadelphia Union,Local,1ST,15/05/2021,,1,48%,0.00,2,6,0,2,,166,9,5,0,0,3,0,3,0,6,0,1,1,,,2,0,117,13,32,,17/41 (41%),3/11 (27%),49%,4,19/36 (53%),13/29 (45%),6/11 (55%),56%,9,5,,9,,0,,,,,7
9425910,242,35964,CALENDAR,REGULAR_SEASON,Regular Season,LEAGUE,39833,Philadelphia Union,Local,2ND,15/05/2021,,,51%,0.00,0,6,1,3,,152,13,7,2,0,2,0,1,3,4,2,0,0,,,3,1,109,7,30,,23/38 (61%),3/11 (27%),53%,10,23/53 (43%),19/27 (70%),4/8 (50%),69%,13,7,,9,,1,,,,,6
9425910,242,35964,CALENDAR,REGULAR_SEASON,Regular Season,LEAGUE,2506,New York Red Bulls,Visita,ALL,15/05/2021,,0,51%,0.00,0,13,4,12,13,321,23,14,4,1,1,0,9,3,12,1,0,0,,,5,0,228,26,56,,20/54 (37%),7/24 (29%),49%,12,47/89 (53%),24/56 (43%),10/20 (50%),57%,23,15,,23,,4,,,,,4
9425910,242,35964,CALENDAR,REGULAR_SEASON,Regular Season,LEAGUE,2506,New York Red Bulls,Visita,1ST,15/05/2021,,0,52%,0.00,0,4,2,5,,172,9,5,0,0,0,0,4,0,3,1,0,0,,,2,0,124,17,26,,7/22 (32%),5/13 (38%),51%,5,17/36 (47%),16/29 (55%),3/7 (43%),56%,9,8,,16,,2,,,,,4
9425910,242,35964,CALENDAR,REGULAR_SEASON,Regular Season,LEAGUE,2506,New York Red Bulls,Visita,2ND,15/05/2021,,,49%,0.00,0,9,2,7,,149,14,9,4,1,1,0,5,3,9,0,0,0,,,3,0,104,9,30,,13/32 (41%),2/11 (18%),47%,7,30/53 (57%),8/27 (30%),7/13 (54%),57%,14,7,,7,,2,,,,,0
9425891,242,35964,CALENDAR,REGULAR_SEASON,Regular Season,LEAGUE,2502,DC United,Local,ALL,23/05/2021,,0,52%,0.00,2,17,1,8,12,395,8,12,0,,7,0,8,2,10,7,0,2,0,,5,0,299,26,68,,26/57 (46%),4/25 (16%),48%,6,27/54 (50%),18/39 (46%),8/17 (47%),25%,8,16,,14,,1,,,,,7
9425891,242,35964,CALENDAR,REGULAR_SEASON,Regular Season,LEAGUE,2502,DC United,Local,1ST,23/05/2021,,0,47%,0.00,0,6,1,1,,204,7,4,0,,3,0,2,1,4,2,0,0,0,,2,0,157,12,30,,14/30 (47%),0/7 (0%),48%,3,13/27 (48%),8/17 (47%),2/8 (25%),14%,7,8,,9,,1,,,,,3
9425891,242,35964,CALENDAR,REGULAR_SEASON,Regular Season,LEAGUE,2502,DC United,Local,2ND,23/05/2021,,,59%,0.00,2,11,0,7,,191,1,8,0,,4,0,6,1,6,5,0,2,0,,3,0,142,14,38,,12/27 (44%),4/18 (22%),49%,3,14/27 (52%),10/22 (45%),6/9 (67%),100%,1,8,,5,,0,,,,,4
9425891,242,35964,CALENDAR,REGULAR_SEASON,Regular Season,LEAGUE,39833,Philadelphia Union,Visita,ALL,23/05/2021,,1,48%,0.00,2,7,7,5,12,375,15,12,2,,2,0,1,4,4,3,1,1,1,,1,2,258,22,72,,33/71 (46%),2/21 (10%),52%,7,27/54 (50%),21/39 (54%),1/2 (50%),53%,15,17,,25,,7,,,,,12
9425891,242,35964,CALENDAR,REGULAR_SEASON,Regular Season,LEAGUE,39833,Philadelphia Union,Visita,1ST,23/05/2021,,1,53%,0.00,2,6,3,4,,228,9,4,0,,2,0,1,3,3,3,1,1,1,,0,0,169,14,35,,14/32 (44%),2/17 (12%),52%,7,14/27 (52%),9/17 (53%),1/1 (100%),56%,9,10,,9,,3,,,,,3
9425891,242,35964,CALENDAR,REGULAR_SEASON,Regular Season,LEAGUE,39833,Philadelphia Union,Visita,2ND,23/05/2021,,,41%,0.00,0,1,4,1,,147,6,8,2,,0,0,0,1,1,0,0,0,0,,1,2,89,8,37,,19/39 (49%),0/4 (0%),51%,0,13/27 (48%),12/22 (55%),0/1 (0%),50%,6,7,,16,,4,,,,,9
9425812,242,35964,CALENDAR,REGULAR_SEASON,Regular Season,LEAGUE,39833,Philadelphia Union,Local,ALL,30/05/2021,,3,53%,0.00,5,16,4,8,15,412,20,11,1,,5,1,7,4,12,4,3,2,0,,6,3,337,23,55,,35/54 (65%),13/32 (41%),51%,11,38/71 (54%),11/25 (44%),7/11 (64%),70%,20,10,,11,,4,,,,,4
9425812,242,35964,CALENDAR,REGULAR_SEASON,Regular Season,LEAGUE,39833,Philadelphia Union,Local,1ST,30/05/2021,,2,59%,0.00,2,7,1,4,,215,8,4,1,,2,0,3,2,5,2,2,0,0,,3,1,179,18,29,,22/29 (76%),9/21 (43%),47%,5,14/29 (48%),4/9 (44%),2/4 (50%),88%,8,3,,1,,1,,,,,1
9425812,242,35964,CALENDAR,REGULAR_SEASON,Regular Season,LEAGUE,39833,Philadelphia Union,Local,2ND,30/05/2021,,,49%,0.00,3,9,3,4,,197,12,7,0,,3,1,4,2,7,2,1,2,0,,3,2,158,5,26,,13/25 (52%),4/11 (36%),53%,6,24/42 (57%),7/16 (44%),5/7 (71%),58%,12,7,,10,,3,,,,,3
9425812,242,35964,CALENDAR,REGULAR_SEASON,Regular Season,LEAGUE,22007,Portland Timbers,Visita,ALL,30/05/2021,,0,47%,0.00,2,10,2,6,12,370,15,14,2,,4,0,4,2,7,3,0,2,1,,3,0,298,20,44,,19/41 (46%),3/21 (14%),49%,8,33/71 (46%),14/25 (56%),4/16 (25%),67%,15,11,,22,,2,,,,,11
9425812,242,35964,CALENDAR,REGULAR_SEASON,Regular Season,LEAGUE,22007,Portland Timbers,Visita,1ST,30/05/2021,,0,41%,0.00,0,2,0,1,,163,7,6,0,,1,0,1,0,1,1,0,0,0,,1,0,129,5,22,,11/25 (44%),1/5 (20%),53%,4,15/29 (52%),5/9 (56%),2/6 (33%),71%,7,7,,10,,0,,,,,6
9425812,242,35964,CALENDAR,REGULAR_SEASON,Regular Season,LEAGUE,22007,Portland Timbers,Visita,2ND,30/05/2021,,,51%,0.00,2,8,2,5,,207,8,8,2,,3,0,3,2,6,2,0,2,1,,2,0,169,15,22,,8/16 (50%),2/16 (13%),47%,4,18/42 (43%),9/16 (56%),2/10 (20%),63%,8,4,,12,,2,,,,,5
9425879,242,35964,CALENDAR,REGULAR_SEASON,Regular Season,LEAGUE,243211,Atlanta United,Local,ALL,20/06/2021,,2,58%,0.00,0,20,3,12,7,415,23,17,1,,6,0,8,6,13,7,0,0,,,2,1,345,11,36,,27/50 (54%),8/19 (42%),57%,10,46/81 (57%),17/29 (59%),6/12 (50%),78%,23,11,,19,,3,,,,,5
9425879,242,35964,CALENDAR,REGULAR_SEASON,Regular Season,LEAGUE,243211,Atlanta United,Local,1ST,20/06/2021,,0,60%,0.00,0,7,2,6,,212,11,10,0,,2,0,4,1,5,2,0,0,,,0,1,182,5,20,,14/23 (61%),4/9 (44%),63%,3,22/36 (61%),9/13 (69%),1/4 (25%),82%,11,7,,13,,2,,,,,4
9425879,242,35964,CALENDAR,REGULAR_SEASON,Regular Season,LEAGUE,243211,Atlanta United,Local,2ND,20/06/2021,,,56%,0.00,0,13,1,6,,203,12,7,1,,4,0,4,5,8,5,0,0,,,2,0,163,6,16,,13/27 (48%),4/10 (40%),52%,7,24/45 (53%),8/16 (50%),5/8 (63%),75%,12,4,,6,,1,,,,,1
9425879,242,35964,CALENDAR,REGULAR_SEASON,Regular Season,LEAGUE,39833,Philadelphia Union,Visita,ALL,20/06/2021,,2,42%,0.00,2,16,5,5,17,303,16,7,5,,5,0,4,7,11,5,1,1,,,2,1,235,22,52,,27/52 (52%),4/16 (25%),43%,15,35/81 (43%),12/29 (41%),12/20 (60%),63%,16,8,,13,,5,,,,,11
9425879,242,35964,CALENDAR,REGULAR_SEASON,Regular Season,LEAGUE,39833,Philadelphia Union,Visita,1ST,20/06/2021,,0,40%,0.00,1,9,2,4,,140,6,4,2,,2,0,2,5,7,2,0,1,,,2,1,102,12,24,,12/26 (46%),2/10 (20%),37%,7,14/36 (39%),4/13 (31%),4/8 (50%),67%,6,5,,7,,2,,,,,4
9425879,242,35964,CALENDAR,REGULAR_SEASON,Regular Season,LEAGUE,39833,Philadelphia Union,Visita,2ND,20/06/2021,,,44%,0.00,1,7,3,1,,163,10,3,3,,3,0,2,2,4,3,1,0,,,0,0,133,10,28,,15/26 (58%),2/6 (33%),48%,8,21/45 (47%),8/16 (50%),8/12 (67%),60%,10,3,,6,,3,,,,,7
9425823,242,35964,CALENDAR,REGULAR_SEASON,Regular Season,LEAGUE,39833,Philadelphia Union,Local,ALL,23/06/2021,,1,38%,0.00,0,5,2,5,15,359,24,9,2,,1,0,2,2,4,1,,0,0,,1,2,281,14,58,,37/67 (55%),4/20 (20%),49%,5,36/74 (49%),14/29 (48%),3/8 (38%),67%,24,14,,22,,2,,,,,8
9425823,242,35964,CALENDAR,REGULAR_SEASON,Regular Season,LEAGUE,39833,Philadelphia Union,Local,1ST,23/06/2021,,1,44%,0.00,0,4,0,3,,216,11,4,0,,1,0,2,1,4,0,,0,0,,1,0,180,12,29,,21/30 (70%),3/13 (23%),53%,5,18/37 (49%),8/12 (67%),3/7 (43%),55%,11,4,,10,,0,,,,,0
9425823,242,35964,CALENDAR,REGULAR_SEASON,Regular Season,LEAGUE,39833,Philadelphia Union,Local,2ND,23/06/2021,,,32%,0.00,0,1,2,2,,143,13,5,2,,0,0,0,1,0,1,,0,0,,0,2,101,2,29,,16/37 (43%),1/7 (14%),44%,0,18/37 (49%),6/17 (35%),0/1 (0%),77%,13,10,,12,,2,,,,,8
9425823,242,35964,CALENDAR,REGULAR_SEASON,Regular Season,LEAGUE,2504,Columbus Crew,Visita,ALL,23/06/2021,,0,62%,0.00,1,8,0,3,11,581,10,15,2,,2,0,3,3,3,5,,1,1,,2,1,511,18,57,,31/52 (60%),3/30 (10%),51%,13,38/74 (51%),15/29 (52%),13/24 (54%),60%,10,8,,15,,0,,,,,3
9425823,242,35964,CALENDAR,REGULAR_SEASON,Regular Season,LEAGUE,2504,Columbus Crew,Visita,1ST,23/06/2021,,0,56%,0.00,0,1,0,2,,275,9,6,1,,0,0,0,1,0,1,,0,1,,1,1,241,6,24,,12/23 (52%),2/15 (13%),47%,7,19/37 (51%),4/12 (33%),4/8 (50%),67%,9,5,,10,,0,,,,,3
9425823,242,35964,CALENDAR,REGULAR_SEASON,Regular Season,LEAGUE,2504,Columbus Crew,Visita,2ND,23/06/2021,,,68%,0.00,1,7,0,1,,306,1,9,1,,2,0,3,2,3,4,,1,0,,1,0,270,12,33,,19/29 (66%),1/15 (7%),56%,6,19/37 (51%),11/17 (65%),9/16 (56%),0%,1,3,,5,,0,,,,,0
9425861,242,35964,CALENDAR,REGULAR_SEASON,Regular Season,LEAGUE,2505,Chicago Fire,Local,ALL,26/06/2021,,3,43%,0.00,2,14,4,6,11,307,13,9,3,,5,0,7,2,8,6,1,1,3,,3,3,222,20,42,,21/54 (39%),3/16 (19%),48%,7,27/61 (44%),21/39 (54%),5/14 (36%),62%,13,19,,28,,4,,,,,7
9425861,242,35964,CALENDAR,REGULAR_SEASON,Regular Season,LEAGUE,2505,Chicago Fire,Local,1ST,26/06/2021,,1,45%,0.00,1,6,0,4,,171,8,4,1,,1,0,4,1,2,4,0,1,1,,2,1,121,11,24,,7/28 (25%),2/11 (18%),44%,5,13/32 (41%),10/20 (50%),1/6 (17%),75%,8,15,,10,,0,,,,,2
9425861,242,35964,CALENDAR,REGULAR_SEASON,Regular Season,LEAGUE,2505,Chicago Fire,Local,2ND,26/06/2021,,,40%,0.00,1,8,4,2,,136,5,5,2,,4,0,3,1,6,2,1,0,2,,1,2,101,9,18,,14/26 (54%),1/5 (20%),52%,2,14/29 (48%),11/19 (58%),4/8 (50%),40%,5,4,,18,,4,,,,,5
9425861,242,35964,CALENDAR,REGULAR_SEASON,Regular Season,LEAGUE,39833,Philadelphia Union,Visita,ALL,26/06/2021,,3,57%,0.00,1,14,3,6,9,399,16,11,4,,6,0,3,5,8,6,0,1,1,,1,4,297,26,72,,39/75 (52%),4/30 (13%),52%,7,34/61 (56%),18/39 (46%),7/13 (54%),69%,16,10,,15,,3,,,,,12
9425861,242,35964,CALENDAR,REGULAR_SEASON,Regular Season,LEAGUE,39833,Philadelphia Union,Visita,1ST,26/06/2021,,2,55%,0.00,0,6,1,2,,210,10,4,2,,2,0,1,3,4,2,0,0,1,,0,2,146,14,36,,20/40 (50%),2/8 (25%),56%,5,19/32 (59%),10/20 (50%),5/8 (63%),70%,10,4,,9,,1,,,,,6
9425861,242,35964,CALENDAR,REGULAR_SEASON,Regular Season,LEAGUE,39833,Philadelphia Union,Visita,2ND,26/06/2021,,,60%,0.00,1,8,2,4,,189,6,7,2,,4,0,2,2,4,4,0,1,0,,1,2,151,12,36,,19/35 (54%),2/22 (9%),48%,2,15/29 (52%),8/19 (42%),2/5 (40%),67%,6,6,,6,,2,,,,,6
9425766,242,35964,CALENDAR,REGULAR_SEASON,Regular Season,LEAGUE,337612,Nashville SC,Local,ALL,03/07/2021,,1,49%,0.00,0,12,4,6,9,433,18,8,0,,3,1,7,2,6,6,,0,2,,2,1,379,12,53,,36/56 (64%),6/21 (29%),51%,13,38/70 (54%),14/32 (44%),12/18 (67%),67%,18,11,,19,,4,,,,,7
9425766,242,35964,CALENDAR,REGULAR_SEASON,Regular Season,LEAGUE,337612,Nashville SC,Local,1ST,03/07/2021,,1,50%,0.00,0,6,2,2,,219,9,3,0,,1,0,4,1,4,2,,0,2,,2,1,186,11,23,,16/26 (62%),4/13 (31%),51%,6,19/34 (56%),7/17 (41%),7/11 (64%),67%,9,5,,7,,2,,,,,3
9425766,242,35964,CALENDAR,REGULAR_SEASON,Regular Season,LEAGUE,337612,Nashville SC,Local,2ND,03/07/2021,,,47%,0.00,0,6,2,4,,214,9,5,0,,2,1,3,1,2,4,,0,0,,0,0,193,1,30,,20/30 (67%),2/8 (25%),51%,7,19/36 (53%),7/15 (47%),5/7 (71%),67%,9,6,,12,,2,,,,,4
9425766,242,35964,CALENDAR,REGULAR_SEASON,Regular Season,LEAGUE,39833,Philadelphia Union,Visita,ALL,03/07/2021,,0,51%,0.00,2,8,2,5,11,455,19,7,1,,4,0,3,1,6,2,,2,1,,0,3,387,20,45,,41/59 (69%),2/25 (8%),49%,11,32/70 (46%),18/32 (56%),6/13 (46%),74%,19,11,,15,,2,,,,,9
9425766,242,35964,CALENDAR,REGULAR_SEASON,Regular Season,LEAGUE,39833,Philadelphia Union,Visita,1ST,03/07/2021,,0,50%,0.00,0,5,0,2,,224,10,5,0,,2,0,3,0,5,0,,0,1,,0,2,181,8,19,,11/26 (42%),2/9 (22%),49%,4,15/34 (44%),10/17 (59%),0/5 (0%),60%,10,7,,8,,0,,,,,5
9425766,242,35964,CALENDAR,REGULAR_SEASON,Regular Season,LEAGUE,39833,Philadelphia Union,Visita,2ND,03/07/2021,,,53%,0.00,2,3,2,3,,231,9,2,1,,2,0,0,1,1,2,,2,0,,0,1,206,12,26,,30/33 (91%),0/16 (0%),49%,7,17/36 (47%),8/15 (53%),6/8 (75%),89%,9,4,,7,,2,,,,,4
9425782,242,35964,CALENDAR,REGULAR_SEASON,Regular Season,LEAGUE,2506,New York Red Bulls,Local,ALL,08/07/2021,,1,47%,0.00,2,14,5,5,14,339,25,9,2,0,3,0,7,4,10,4,1,1,1,,3,1,248,26,59,,14/46 (30%),7/18 (39%),46%,14,38/80 (48%),18/42 (43%),4/10 (40%),44%,25,17,,28,,5,,,,,5
9425782,242,35964,CALENDAR,REGULAR_SEASON,Regular Season,LEAGUE,2506,New York Red Bulls,Local,1ST,08/07/2021,,0,46%,0.00,1,7,2,3,,169,13,5,1,0,1,0,3,3,5,2,0,1,1,,1,1,121,12,36,,10/29 (34%),4/11 (36%),47%,8,20/45 (44%),11/21 (52%),2/6 (33%),38%,13,8,,14,,2,,,,,4
9425782,242,35964,CALENDAR,REGULAR_SEASON,Regular Season,LEAGUE,2506,New York Red Bulls,Local,2ND,08/07/2021,,,48%,0.00,1,7,3,2,,170,12,4,1,0,2,0,4,1,5,2,1,0,0,,2,0,127,14,23,,4/17 (24%),3/7 (43%),45%,6,18/35 (51%),7/21 (33%),2/4 (50%),50%,12,9,,14,,3,,,,,1
9425782,242,35964,CALENDAR,REGULAR_SEASON,Regular Season,LEAGUE,39833,Philadelphia Union,Visita,ALL,08/07/2021,,1,53%,0.00,1,11,2,5,9,391,20,12,2,1,7,0,3,1,5,6,0,1,0,,3,4,273,20,55,,32/66 (48%),3/22 (14%),54%,16,42/80 (53%),24/42 (57%),10/19 (53%),60%,20,16,,19,,2,,,,,9
9425782,242,35964,CALENDAR,REGULAR_SEASON,Regular Season,LEAGUE,39833,Philadelphia Union,Visita,1ST,08/07/2021,,0,54%,0.00,1,6,1,4,,205,12,6,1,0,3,0,3,0,3,3,0,1,0,,1,3,146,8,22,,15/31 (48%),0/9 (0%),53%,8,25/45 (56%),10/21 (48%),7/12 (58%),58%,12,9,,10,,1,,,,,4
9425782,242,35964,CALENDAR,REGULAR_SEASON,Regular Season,LEAGUE,39833,Philadelphia Union,Visita,2ND,08/07/2021,,,52%,0.00,0,5,1,1,,186,8,6,1,1,4,0,0,1,2,3,0,0,0,,2,1,127,12,33,,17/35 (49%),3/13 (23%),55%,8,17/35 (49%),14/21 (67%),3/7 (43%),63%,8,7,,9,,1,,,,,5
9425805,242,35964,CALENDAR,REGULAR_SEASON,Regular Season,LEAGUE,39833,Philadelphia Union,Local,ALL,17/07/2021,,2,44%,0.00,3,11,2,5,9,298,19,9,1,,4,0,2,5,7,4,2,1,0,,2,2,212,20,44,,32/66 (48%),4/16 (25%),54%,7,38/75 (51%),22/36 (61%),11/19 (58%),74%,19,13,,20,,2,,,,,6
9425805,242,35964,CALENDAR,REGULAR_SEASON,Regular Season,LEAGUE,39833,Philadelphia Union,Local,1ST,17/07/2021,,1,44%,0.00,2,5,2,2,,149,8,7,1,,3,0,1,1,3,2,1,1,0,,2,1,109,10,21,,18/33 (55%),1/9 (11%),58%,2,18/32 (56%),12/20 (60%),4/6 (67%),50%,8,6,,12,,2,,,,,4
9425805,242,35964,CALENDAR,REGULAR_SEASON,Regular Season,LEAGUE,39833,Philadelphia Union,Local,2ND,17/07/2021,,,45%,0.00,1,6,0,3,,149,11,2,0,,1,0,1,4,4,2,1,0,0,,0,1,103,10,23,,14/33 (42%),3/7 (43%),51%,5,20/43 (47%),10/16 (63%),7/13 (54%),91%,11,7,,8,,0,,,,,2
9425805,242,35964,CALENDAR,REGULAR_SEASON,Regular Season,LEAGUE,2502,DC United,Visita,ALL,17/07/2021,,1,56%,0.00,1,9,2,7,9,372,15,9,3,,3,1,3,3,5,4,1,0,1,,2,0,286,24,56,,30/58 (52%),1/16 (6%),46%,9,37/75 (49%),14/36 (39%),14/24 (58%),67%,15,10,,16,,2,,,,,4
9425805,242,35964,CALENDAR,REGULAR_SEASON,Regular Season,LEAGUE,2502,DC United,Visita,1ST,17/07/2021,,0,56%,0.00,0,5,2,3,,191,4,4,3,,2,1,2,1,3,2,0,0,1,,0,0,152,8,23,,16/29 (55%),1/9 (11%),42%,5,14/32 (44%),8/20 (40%),7/10 (70%),75%,4,7,,8,,2,,,,,3
9425805,242,35964,CALENDAR,REGULAR_SEASON,Regular Season,LEAGUE,2502,DC United,Visita,2ND,17/07/2021,,,55%,0.00,1,4,0,4,,181,11,5,0,,1,0,1,2,2,2,1,0,0,,2,0,134,16,33,,14/29 (48%),0/7 (0%),49%,4,23/43 (53%),6/16 (38%),7/14 (50%),64%,11,3,,8,,0,,,,,1
9425801,242,35964,CALENDAR,REGULAR_SEASON,Regular Season,LEAGUE,52237,Orlando City SC,Local,ALL,22/07/2021,,2,50%,0.00,1,5,4,2,8,467,11,8,2,,2,0,2,1,4,1,1,0,1,,3,1,385,15,38,,20/55 (36%),1/8 (13%),49%,8,29/58 (50%),13/28 (46%),10/16 (63%),64%,11,8,,24,,4,,,,,16
9425801,242,35964,CALENDAR,REGULAR_SEASON,Regular Season,LEAGUE,52237,Orlando City SC,Local,1ST,22/07/2021,,1,53%,0.00,1,2,0,1,,246,4,3,1,,1,0,1,0,2,0,1,0,1,,2,0,208,10,18,,8/22 (36%),0/5 (0%),41%,2,11/25 (44%),6/16 (38%),4/9 (44%),75%,4,1,,13,,0,,,,,7
9425801,242,35964,CALENDAR,REGULAR_SEASON,Regular Season,LEAGUE,52237,Orlando City SC,Local,2ND,22/07/2021,,,47%,0.00,0,3,4,1,,221,7,5,1,,1,0,1,1,2,1,0,0,0,,1,1,177,5,20,,12/33 (36%),1/3 (33%),56%,6,18/33 (55%),7/12 (58%),6/7 (86%),57%,7,7,,11,,4,,,,,9
9425801,242,35964,CALENDAR,REGULAR_SEASON,Regular Season,LEAGUE,39833,Philadelphia Union,Visita,ALL,22/07/2021,,1,50%,0.00,1,18,0,3,8,456,14,7,1,,6,0,11,1,13,5,0,1,0,,2,2,380,21,62,,38/56 (68%),5/22 (23%),51%,4,29/58 (50%),15/28 (54%),8/15 (53%),64%,14,9,,10,,0,,,,,4
9425801,242,35964,CALENDAR,REGULAR_SEASON,Regular Season,LEAGUE,39833,Philadelphia Union,Visita,1ST,22/07/2021,,0,47%,0.00,0,6,0,1,,216,7,5,0,,0,0,5,1,4,2,0,0,0,,2,0,181,11,33,,20/27 (74%),2/10 (20%),59%,2,14/25 (56%),10/16 (63%),2/4 (50%),57%,7,4,,8,,0,,,,,2
9425801,242,35964,CALENDAR,REGULAR_SEASON,Regular Season,LEAGUE,39833,Philadelphia Union,Visita,2ND,22/07/2021,,,53%,0.00,1,12,0,2,,240,7,2,1,,6,0,6,0,9,3,0,1,0,,0,2,199,10,29,,18/29 (62%),3/12 (25%),44%,2,15/33 (45%),5/12 (42%),6/11 (55%),71%,7,5,,2,,0,,,,,2
9425826,242,35964,CALENDAR,REGULAR_SEASON,Regular Season,LEAGUE,337602,Inter Miami CF,Local,ALL,25/07/2021,,1,54%,0.00,2,15,3,6,5,448,9,13,0,,6,0,8,1,9,6,1,1,1,,1,4,386,18,42,,32/50 (64%),5/25 (20%),49%,8,27/52 (52%),7/18 (39%),5/10 (50%),78%,9,14,,10,,3,,,,,10
9425826,242,35964,CALENDAR,REGULAR_SEASON,Regular Season,LEAGUE,337602,Inter Miami CF,Local,1ST,25/07/2021,,0,61%,0.00,1,7,1,3,,282,6,6,0,,2,0,4,1,5,2,0,1,0,,0,1,245,10,25,,22/28 (79%),3/14 (21%),53%,5,15/29 (52%),5/9 (56%),3/5 (60%),67%,6,7,,4,,1,,,,,5
9425826,242,35964,CALENDAR,REGULAR_SEASON,Regular Season,LEAGUE,337602,Inter Miami CF,Local,2ND,25/07/2021,,,44%,0.00,1,8,2,3,,166,3,7,0,,4,0,4,0,4,4,1,0,1,,1,3,141,8,17,,10/22 (45%),2/11 (18%),44%,3,12/23 (52%),2/9 (22%),2/5 (40%),100%,3,7,,6,,2,,,,,5
9425826,242,35964,CALENDAR,REGULAR_SEASON,Regular Season,LEAGUE,39833,Philadelphia Union,Visita,ALL,25/07/2021,,1,46%,0.00,2,11,5,2,13,387,13,5,1,,4,0,6,1,5,6,1,1,1,,1,1,337,10,56,,41/62 (66%),3/20 (15%),51%,3,25/52 (48%),11/18 (61%),7/13 (54%),54%,13,12,,25,,5,,,,,6
9425826,242,35964,CALENDAR,REGULAR_SEASON,Regular Season,LEAGUE,39833,Philadelphia Union,Visita,1ST,25/07/2021,,0,39%,0.00,1,4,2,1,,178,7,4,0,,1,0,3,0,2,2,0,1,1,,1,0,155,5,25,,24/32 (75%),0/8 (0%),47%,1,14/29 (48%),4/9 (44%),3/8 (38%),57%,7,7,,13,,2,,,,,3
9425826,242,35964,CALENDAR,REGULAR_SEASON,Regular Season,LEAGUE,39833,Philadelphia Union,Visita,2ND,25/07/2021,,,56%,0.00,1,7,3,1,,209,6,1,1,,3,0,3,1,3,4,1,0,0,,0,1,182,5,31,,17/30 (57%),3/12 (25%),56%,2,11/23 (48%),7/9 (78%),4/5 (80%),50%,6,5,,12,,3,,,,,3
9425804,242,35964,CALENDAR,REGULAR_SEASON,Regular Season,LEAGUE,39833,Philadelphia Union,Local,ALL,01/08/2021,,1,56%,0.00,4,25,1,13,14,459,20,8,2,0,5,1,16,4,17,8,0,4,1,,1,2,381,19,53,,33/50 (66%),10/33 (30%),44%,10,38/84 (45%),17/41 (41%),10/20 (50%),35%,20,3,,4,,1,,,,,5
9425804,242,35964,CALENDAR,REGULAR_SEASON,Regular Season,LEAGUE,39833,Philadelphia Union,Local,1ST,01/08/2021,,1,47%,0.00,1,11,0,5,,176,13,5,1,0,3,1,8,0,8,3,0,1,0,,1,1,139,11,21,,14/26 (54%),3/13 (23%),51%,3,25/47 (53%),8/18 (44%),7/13 (54%),38%,13,2,,3,,0,,,,,2
9425804,242,35964,CALENDAR,REGULAR_SEASON,Regular Season,LEAGUE,39833,Philadelphia Union,Local,2ND,01/08/2021,,,64%,0.00,3,14,1,8,,283,7,3,1,0,2,0,8,4,9,5,0,3,1,,0,1,242,8,32,,19/24 (79%),7/20 (35%),37%,7,13/37 (35%),9/23 (39%),3/7 (43%),29%,7,1,,1,,1,,,,,3
9425804,242,35964,CALENDAR,REGULAR_SEASON,Regular Season,LEAGUE,2505,Chicago Fire,Visita,ALL,01/08/2021,,1,44%,0.00,1,4,4,1,8,376,20,13,2,1,2,0,2,0,2,2,1,0,1,,0,1,297,19,47,,30/67 (45%),4/9 (44%),56%,13,46/84 (55%),24/41 (59%),13/20 (65%),60%,20,20,,21,,4,,,,,17
9425804,242,35964,CALENDAR,REGULAR_SEASON,Regular Season,LEAGUE,2505,Chicago Fire,Visita,1ST,01/08/2021,,1,53%,0.00,1,2,2,0,,208,9,6,1,1,1,0,1,0,1,1,1,0,0,,0,1,169,12,23,,20/34 (59%),3/6 (50%),49%,8,22/47 (47%),10/18 (56%),7/12 (58%),56%,9,7,,6,,2,,,,,10
9425804,242,35964,CALENDAR,REGULAR_SEASON,Regular Season,LEAGUE,2505,Chicago Fire,Visita,2ND,01/08/2021,,,36%,0.00,0,2,2,1,,168,11,7,1,0,1,0,1,0,1,1,0,0,1,,0,0,128,7,24,,10/33 (30%),1/3 (33%),63%,5,24/37 (65%),14/23 (61%),6/8 (75%),64%,11,13,,15,,2,,,,,7
9425989,242,35964,CALENDAR,REGULAR_SEASON,Regular Season,LEAGUE,39833,Philadelphia Union,Local,ALL,04/08/2021,,3,50%,0.00,4,17,1,7,8,437,18,5,3,,7,0,4,6,12,5,3,1,1,,2,1,364,25,53,,29/56 (52%),7/28 (25%),56%,6,35/60 (58%),16/31 (52%),12/13 (92%),56%,18,8,,14,,1,,,,,6
9425989,242,35964,CALENDAR,REGULAR_SEASON,Regular Season,LEAGUE,39833,Philadelphia Union,Local,1ST,04/08/2021,,3,44%,0.00,4,13,0,5,,203,9,1,1,,7,0,4,2,10,3,3,1,1,,1,0,169,13,26,,16/30 (53%),6/21 (29%),57%,5,14/27 (52%),11/17 (65%),4/5 (80%),56%,9,5,,5,,0,,,,,3
9425989,242,35964,CALENDAR,REGULAR_SEASON,Regular Season,LEAGUE,39833,Philadelphia Union,Local,2ND,04/08/2021,,,56%,0.00,0,4,1,2,,234,9,4,2,,0,0,0,4,2,2,0,0,0,,1,1,195,12,27,,13/26 (50%),1/7 (14%),55%,1,21/33 (64%),5/14 (36%),8/8 (100%),56%,9,3,,9,,1,,,,,3
9425989,242,35964,CALENDAR,REGULAR_SEASON,Regular Season,LEAGUE,7080,Toronto FC,Visita,ALL,04/08/2021,,0,50%,0.00,3,6,4,3,5,452,7,8,0,,1,0,4,1,4,2,0,3,0,,4,1,371,21,58,,18/40 (45%),4/16 (25%),44%,10,25/60 (42%),15/31 (48%),10/18 (56%),43%,7,12,,22,,4,,,,,9
9425989,242,35964,CALENDAR,REGULAR_SEASON,Regular Season,LEAGUE,7080,Toronto FC,Visita,1ST,04/08/2021,,0,56%,0.00,2,2,4,1,,269,6,5,0,,0,0,2,0,2,0,0,2,0,,2,0,221,10,30,,7/20 (35%),1/7 (14%),43%,5,13/27 (48%),6/17 (35%),2/6 (33%),50%,6,4,,15,,4,,,,,6
9425989,242,35964,CALENDAR,REGULAR_SEASON,Regular Season,LEAGUE,7080,Toronto FC,Visita,2ND,04/08/2021,,,44%,0.00,1,4,0,2,,183,1,3,0,,1,0,2,1,2,2,0,1,0,,2,1,150,11,28,,11/20 (55%),3/9 (33%),45%,5,12/33 (36%),9/14 (64%),8/12 (67%),0%,1,8,,7,,0,,,,,3
9426283,242,35964,CALENDAR,REGULAR_SEASON,Regular Season,LEAGUE,2511,New England Revolution,Local,ALL,08/08/2021,,2,54%,0.00,5,14,5,9,11,483,11,12,2,,4,0,5,5,11,3,2,3,1,,4,2,432,12,56,,37/50 (74%),4/26 (15%),51%,11,28/59 (47%),15/26 (58%),5/8 (63%),64%,11,6,,20,,5,,,,,4
9426283,242,35964,CALENDAR,REGULAR_SEASON,Regular Season,LEAGUE,2511,New England Revolution,Local,1ST,08/08/2021,,2,57%,0.00,3,6,3,4,,253,6,4,0,,3,0,2,1,5,1,2,1,1,,1,1,225,4,25,,19/25 (76%),1/11 (9%),53%,6,12/26 (46%),8/12 (67%),2/3 (67%),83%,6,3,,12,,3,,,,,2
9426283,242,35964,CALENDAR,REGULAR_SEASON,Regular Season,LEAGUE,2511,New England Revolution,Local,2ND,08/08/2021,,,50%,0.00,2,8,2,5,,230,5,8,2,,1,0,3,4,6,2,0,2,0,,3,1,207,8,31,,18/25 (72%),3/15 (20%),49%,5,16/33 (48%),7/14 (50%),3/5 (60%),40%,5,3,,8,,2,,,,,2
9426283,242,35964,CALENDAR,REGULAR_SEASON,Regular Season,LEAGUE,39833,Philadelphia Union,Visita,ALL,08/08/2021,,1,46%,0.00,2,13,2,7,12,418,14,11,3,,6,1,4,3,12,1,0,2,1,,1,1,349,22,46,,30/50 (60%),3/17 (18%),49%,3,31/59 (53%),11/26 (42%),6/14 (43%),50%,14,8,,22,,2,,,,,9
9426283,242,35964,CALENDAR,REGULAR_SEASON,Regular Season,LEAGUE,39833,Philadelphia Union,Visita,1ST,08/08/2021,,1,43%,0.00,2,9,1,6,,183,7,5,1,,4,0,2,3,8,1,0,2,1,,1,1,147,15,27,,16/28 (57%),3/12 (25%),47%,2,14/26 (54%),4/12 (33%),2/6 (33%),29%,7,4,,8,,1,,,,,5
9426283,242,35964,CALENDAR,REGULAR_SEASON,Regular Season,LEAGUE,39833,Philadelphia Union,Visita,2ND,08/08/2021,,,50%,0.00,0,4,1,1,,235,7,6,2,,2,1,2,0,4,0,0,0,0,,0,0,202,7,19,,14/22 (64%),0/5 (0%),51%,1,17/33 (52%),7/14 (50%),4/8 (50%),71%,7,4,,14,,1,,,,,4
9509517,498,35618,CALENDAR,REGULAR,Semifinals,INTERNATIONAL,1939,Club América,Local,ALL,12/08/2021,2,2,66%,0.00,2,13,2,9,16,441,8,18,0,,5,0,4,4,6,7,1,1,0,,5,1,375,22,37,,41/64 (64%),4/20 (20%),45%,11,36/73 (49%),14/39 (36%),10/18 (56%),50%,8,6,,10,,2,,,,,7
9509517,498,35618,CALENDAR,REGULAR,Semifinals,INTERNATIONAL,1939,Club América,Local,1ST,12/08/2021,2,1,73%,0.00,1,7,1,4,,257,1,7,0,,3,0,2,2,3,4,0,1,0,,3,0,222,14,19,,23/32 (72%),3/13 (23%),48%,6,11/25 (44%),11/21 (52%),3/5 (60%),100%,1,3,,1,,1,,,,,4
9509517,498,35618,CALENDAR,REGULAR,Semifinals,INTERNATIONAL,1939,Club América,Local,2ND,12/08/2021,2,,59%,0.00,1,6,1,5,,184,7,11,0,,2,0,2,2,3,3,1,0,0,,2,1,153,8,18,,18/32 (56%),1/7 (14%),42%,5,25/48 (52%),3/18 (17%),7/13 (54%),43%,7,3,,9,,1,,,,,3
9509517,498,35618,CALENDAR,REGULAR,Semifinals,INTERNATIONAL,39833,Philadelphia Union,Visita,ALL,12/08/2021,2,0,34%,0.00,1,8,3,1,19,224,19,16,1,,2,0,3,3,4,4,0,1,1,,2,3,144,24,50,,29/67 (43%),3/10 (30%),55%,4,37/73 (51%),25/39 (64%),4/8 (50%),79%,19,11,,18,,3,,,,,8
9509517,498,35618,CALENDAR,REGULAR,Semifinals,INTERNATIONAL,39833,Philadelphia Union,Visita,1ST,12/08/2021,2,0,27%,0.00,1,4,2,1,,94,8,5,1,,1,0,2,1,3,1,0,1,1,,0,3,57,14,23,,10/31 (32%),2/4 (50%),52%,0,14/25 (56%),10/21 (48%),2/3 (67%),88%,8,7,,12,,2,,,,,5
9509517,498,35618,CALENDAR,REGULAR,Semifinals,INTERNATIONAL,39833,Philadelphia Union,Visita,2ND,12/08/2021,2,,41%,0.00,0,4,1,0,,130,11,11,0,,1,0,1,2,1,3,0,0,0,,2,0,87,10,27,,19/36 (53%),1/6 (17%),58%,4,23/48 (48%),15/18 (83%),2/5 (40%),73%,11,4,,6,,1,,,,,3
9425997,242,35964,CALENDAR,REGULAR_SEASON,Regular Season,LEAGUE,39833,Philadelphia Union,Local,ALL,18/08/2021,,1,41%,0.00,2,7,2,5,11,301,25,16,1,,2,0,4,1,5,2,1,1,,,2,0,207,22,57,,36/77 (47%),5/22 (23%),58%,11,52/84 (62%),17/36 (47%),11/19 (58%),68%,25,17,,19,,2,,,,,8
9425997,242,35964,CALENDAR,REGULAR_SEASON,Regular Season,LEAGUE,39833,Philadelphia Union,Local,1ST,18/08/2021,,0,38%,0.00,0,3,1,3,,149,10,8,0,,1,0,2,0,2,1,0,0,,,1,0,101,9,31,,19/39 (49%),3/11 (27%),52%,7,21/37 (57%),11/25 (44%),3/5 (60%),70%,10,11,,13,,1,,,,,3
9425997,242,35964,CALENDAR,REGULAR_SEASON,Regular Season,LEAGUE,39833,Philadelphia Union,Local,2ND,18/08/2021,,,45%,0.00,2,4,1,2,,152,15,8,1,,1,0,2,1,3,1,1,1,,,1,0,106,13,26,,17/38 (45%),2/11 (18%),64%,4,31/47 (66%),6/11 (55%),8/14 (57%),67%,15,6,,6,,1,,,,,5
9425997,242,35964,CALENDAR,REGULAR_SEASON,Regular Season,LEAGUE,187643,New York City FC,Visita,ALL,18/08/2021,,0,59%,0.00,0,15,1,7,16,446,19,9,2,,2,0,7,6,10,5,0,0,,,3,2,364,28,46,,16/33 (48%),6/19 (32%),42%,18,32/84 (38%),19/36 (53%),4/11 (36%),53%,19,12,,27,,1,,,,,6
9425997,242,35964,CALENDAR,REGULAR_SEASON,Regular Season,LEAGUE,187643,New York City FC,Visita,1ST,18/08/2021,,0,62%,0.00,0,6,1,4,,255,9,5,2,,1,0,3,2,4,2,0,0,,,0,2,204,12,24,,6/18 (33%),1/8 (13%),48%,8,16/37 (43%),14/25 (56%),2/4 (50%),56%,9,5,,15,,1,,,,,3
9425997,242,35964,CALENDAR,REGULAR_SEASON,Regular Season,LEAGUE,187643,New York City FC,Visita,2ND,18/08/2021,,,55%,0.00,0,9,0,3,,191,10,4,0,,1,0,4,4,6,3,0,0,,,3,0,160,16,22,,10/15 (67%),5/11 (45%),36%,10,16/47 (34%),5/11 (45%),2/7 (29%),50%,10,7,,12,,0,,,,,3
9426088,242,35964,CALENDAR,REGULAR_SEASON,Regular Season,LEAGUE,39833,Philadelphia Union,Local,ALL,21/08/2021,,1,57%,0.00,0,13,4,7,13,470,17,9,2,,1,0,7,5,11,2,0,,0,,1,0,394,20,60,,31/58 (53%),9/26 (35%),47%,4,31/61 (51%),10/26 (38%),5/10 (50%),53%,17,10,,12,,4,,,,,7
9426088,242,35964,CALENDAR,REGULAR_SEASON,Regular Season,LEAGUE,39833,Philadelphia Union,Local,1ST,21/08/2021,,0,54%,0.00,0,8,2,3,,209,7,4,2,,0,0,5,3,7,1,0,,0,,0,0,177,4,24,,17/28 (61%),6/10 (60%),46%,1,12/25 (48%),5/12 (42%),1/3 (33%),57%,7,3,,7,,2,,,,,3
9426088,242,35964,CALENDAR,REGULAR_SEASON,Regular Season,LEAGUE,39833,Philadelphia Union,Local,2ND,21/08/2021,,,60%,0.00,0,5,2,4,,261,10,5,0,,1,0,2,2,4,1,0,,0,,1,0,217,16,36,,14/30 (47%),3/16 (19%),48%,3,19/36 (53%),5/14 (36%),4/7 (57%),50%,10,7,,5,,2,,,,,4
9426088,242,35964,CALENDAR,REGULAR_SEASON,Regular Season,LEAGUE,22006,CF Montréal,Visita,ALL,21/08/2021,,1,43%,0.00,1,9,0,4,9,362,9,13,4,,5,0,4,0,8,1,1,,1,,4,4,292,11,44,,26/58 (45%),6/11 (55%),53%,3,30/61 (49%),16/26 (62%),8/22 (36%),56%,9,8,,23,,0,,,,,18
9426088,242,35964,CALENDAR,REGULAR_SEASON,Regular Season,LEAGUE,22006,CF Montréal,Visita,1ST,21/08/2021,,1,46%,0.00,1,4,0,1,,180,3,6,1,,3,0,1,0,4,0,1,,0,,3,3,154,5,18,,14/24 (58%),4/6 (67%),54%,1,13/25 (52%),7/12 (58%),4/10 (40%),33%,3,2,,7,,0,,,,,12
9426088,242,35964,CALENDAR,REGULAR_SEASON,Regular Season,LEAGUE,22006,CF Montréal,Visita,2ND,21/08/2021,,,40%,0.00,0,5,0,3,,182,6,7,3,,2,0,3,0,4,1,0,,1,,1,1,138,6,26,,12/34 (35%),2/5 (40%),52%,2,17/36 (47%),9/14 (64%),4/12 (33%),67%,6,6,,16,,0,,,,,6
9426161,242,35964,CALENDAR,REGULAR_SEASON,Regular Season,LEAGUE,2502,DC United,Local,ALL,28/08/2021,,3,49%,0.00,5,14,2,5,14,372,11,10,1,,9,0,3,2,10,4,3,2,0,,3,3,284,16,60,,34/63 (54%),4/15 (27%),42%,17,30/82 (37%),25/48 (52%),9/23 (39%),64%,11,15,,26,,2,,,,,9
9426161,242,35964,CALENDAR,REGULAR_SEASON,Regular Season,LEAGUE,2502,DC United,Local,1ST,28/08/2021,,1,59%,0.00,2,8,1,4,,236,5,3,0,,4,0,3,1,6,2,1,1,0,,1,2,191,9,36,,27/36 (75%),2/9 (22%),46%,9,17/43 (40%),13/22 (59%),9/16 (56%),60%,5,6,,11,,1,,,,,5
9426161,242,35964,CALENDAR,REGULAR_SEASON,Regular Season,LEAGUE,2502,DC United,Local,2ND,28/08/2021,,,38%,0.00,3,6,1,1,,136,6,7,1,,5,0,0,1,4,2,2,1,0,,2,1,93,7,24,,7/27 (26%),2/6 (33%),38%,8,13/39 (33%),12/26 (46%),0/7 (0%),67%,6,9,,15,,1,,,,,4
9426161,242,35964,CALENDAR,REGULAR_SEASON,Regular Season,LEAGUE,39833,Philadelphia Union,Visita,ALL,28/08/2021,,1,51%,0.00,1,10,6,3,10,375,31,14,1,,2,0,6,2,4,6,0,1,2,,2,2,280,16,58,,29/60 (48%),6/27 (22%),58%,5,52/82 (63%),23/48 (48%),9/15 (60%),52%,31,8,,17,,6,,,,,5
9426161,242,35964,CALENDAR,REGULAR_SEASON,Regular Season,LEAGUE,39833,Philadelphia Union,Visita,1ST,28/08/2021,,1,41%,0.00,0,4,3,1,,162,16,7,0,,1,0,2,1,1,3,0,0,1,,1,0,115,5,26,,15/31 (48%),2/10 (20%),54%,4,26/43 (60%),9/22 (41%),4/5 (80%),44%,16,6,,15,,3,,,,,4
9426161,242,35964,CALENDAR,REGULAR_SEASON,Regular Season,LEAGUE,39833,Philadelphia Union,Visita,2ND,28/08/2021,,,62%,0.00,1,6,3,2,,213,15,7,1,,1,0,4,1,3,3,0,1,1,,1,2,165,11,32,,14/29 (48%),4/17 (24%),62%,1,26/39 (67%),14/26 (54%),5/10 (50%),60%,15,2,,2,,3,,,,,1
9426223,242,35964,CALENDAR,REGULAR_SEASON,Regular Season,LEAGUE,39833,Philadelphia Union,Local,ALL,03/09/2021,,0,60%,0.00,1,18,2,7,13,443,12,10,5,0,8,0,5,5,10,8,0,1,,,3,0,364,20,49,,36/61 (59%),9/39 (23%),47%,6,26/53 (49%),11/26 (42%),5/10 (50%),83%,12,16,,12,,2,,,,,9
9426223,242,35964,CALENDAR,REGULAR_SEASON,Regular Season,LEAGUE,39833,Philadelphia Union,Local,1ST,03/09/2021,,0,58%,0.00,1,9,1,2,,222,6,6,1,0,2,0,4,3,6,3,0,1,,,1,0,176,9,22,,19/34 (56%),5/14 (36%),50%,3,13/25 (52%),8/17 (47%),2/4 (50%),83%,6,6,,8,,1,,,,,5
9426223,242,35964,CALENDAR,REGULAR_SEASON,Regular Season,LEAGUE,39833,Philadelphia Union,Local,2ND,03/09/2021,,,63%,0.00,0,9,1,5,,221,6,4,4,0,6,0,1,2,4,5,0,0,,,2,0,188,11,27,,17/27 (63%),4/25 (16%),43%,3,13/28 (46%),3/9 (33%),3/6 (50%),83%,6,10,,4,,1,,,,,4
9426223,242,35964,CALENDAR,REGULAR_SEASON,Regular Season,LEAGUE,2511,New England Revolution,Visita,ALL,03/09/2021,,1,40%,0.00,2,8,8,5,10,305,11,11,3,1,3,0,4,1,5,3,1,1,,,2,2,236,27,55,,31/55 (56%),3/16 (19%),53%,9,27/53 (51%),15/26 (58%),6/9 (67%),64%,11,7,,34,,8,,,,,6
9426223,242,35964,CALENDAR,REGULAR_SEASON,Regular Season,LEAGUE,2511,New England Revolution,Visita,1ST,03/09/2021,,1,42%,0.00,1,5,2,3,,168,5,4,0,0,2,0,2,1,2,3,1,0,,,1,1,134,13,27,,18/28 (64%),1/7 (14%),50%,4,12/25 (48%),9/17 (53%),3/5 (60%),60%,5,4,,12,,2,,,,,3
9426223,242,35964,CALENDAR,REGULAR_SEASON,Regular Season,LEAGUE,2511,New England Revolution,Visita,2ND,03/09/2021,,,37%,0.00,1,3,6,2,,137,6,7,3,1,1,0,2,0,3,0,0,1,,,1,1,102,14,28,,13/27 (48%),2/9 (22%),57%,5,15/28 (54%),6/9 (67%),3/4 (75%),67%,6,3,,22,,6,,,,,3
9509514,498,35618,CALENDAR,REGULAR,Semifinals,INTERNATIONAL,39833,Philadelphia Union,Local,ALL,15/09/2021,2,0,59%,0.00,5,13,3,7,25,374,23,10,4,,5,1,3,5,9,4,,5,,,6,0,274,21,74,,20/49 (41%),5/22 (23%),49%,6,41/83 (49%),18/38 (47%),8/12 (67%),57%,23,6,,11,,3,,,,,7
9509514,498,35618,CALENDAR,REGULAR,Semifinals,INTERNATIONAL,39833,Philadelphia Union,Local,1ST,15/09/2021,2,0,55%,0.00,1,5,1,4,,184,11,8,4,,2,0,2,1,3,2,,1,,,3,0,132,9,40,,11/29 (38%),4/10 (40%),47%,4,24/49 (49%),10/24 (42%),5/5 (100%),55%,11,5,,8,,1,,,,,3
9509514,498,35618,CALENDAR,REGULAR,Semifinals,INTERNATIONAL,39833,Philadelphia Union,Local,2ND,15/09/2021,2,,62%,0.00,4,8,2,3,,190,12,2,0,,3,1,1,4,6,2,,4,,,3,0,142,12,34,,9/20 (45%),1/12 (8%),52%,2,17/34 (50%),8/14 (57%),3/7 (43%),58%,12,1,,3,,2,,,,,4
9509514,498,35618,CALENDAR,REGULAR,Semifinals,INTERNATIONAL,1939,Club América,Visita,ALL,15/09/2021,2,2,41%,0.00,0,13,5,4,13,272,10,24,3,,5,0,6,2,5,8,,0,,,7,1,183,17,36,,20/58 (34%),0/9 (0%),51%,15,42/83 (51%),20/38 (53%),8/16 (50%),70%,10,9,,26,,5,,,,,7
9509514,498,35618,CALENDAR,REGULAR,Semifinals,INTERNATIONAL,1939,Club América,Visita,1ST,15/09/2021,2,0,45%,0.00,0,5,2,0,,152,4,16,1,,1,0,3,1,1,4,,0,,,3,0,103,6,18,,13/36 (36%),0/4 (0%),53%,6,25/49 (51%),14/24 (58%),5/10 (50%),75%,4,5,,11,,2,,,,,4
9509514,498,35618,CALENDAR,REGULAR,Semifinals,INTERNATIONAL,1939,Club América,Visita,2ND,15/09/2021,2,,38%,0.00,0,8,3,4,,120,6,8,2,,4,0,3,1,4,4,,0,,,4,1,80,11,18,,7/22 (32%),0/5 (0%),48%,9,17/34 (50%),6/14 (43%),3/6 (50%),67%,6,4,,15,,3,,,,,3
9426225,242,35964,CALENDAR,REGULAR_SEASON,Regular Season,LEAGUE,39833,Philadelphia Union,Local,ALL,19/09/2021,,3,51%,0.00,3,13,3,4,18,379,18,11,1,0,8,0,2,3,10,3,1,2,1,,4,3,302,24,73,,38/68 (56%),2/21 (10%),41%,15,31/77 (40%),7/16 (44%),2/6 (33%),56%,18,8,,13,,3,,,,,4
9426225,242,35964,CALENDAR,REGULAR_SEASON,Regular Season,LEAGUE,39833,Philadelphia Union,Local,1ST,19/09/2021,,1,60%,0.00,0,8,0,4,,210,7,4,0,0,3,0,2,3,6,2,0,0,0,,2,2,177,13,42,,21/32 (66%),1/18 (6%),33%,11,11/37 (30%),4/8 (50%),0/3 (0%),71%,7,4,,5,,0,,,,,2
9426225,242,35964,CALENDAR,REGULAR_SEASON,Regular Season,LEAGUE,39833,Philadelphia Union,Local,2ND,19/09/2021,,,43%,0.00,3,5,3,0,,169,11,7,1,0,5,0,0,0,4,1,1,2,1,,2,1,125,11,31,,17/36 (47%),1/3 (33%),48%,4,20/40 (50%),3/8 (38%),2/3 (67%),45%,11,4,,8,,3,,,,,2
9426225,242,35964,CALENDAR,REGULAR_SEASON,Regular Season,LEAGUE,52237,Orlando City SC,Visita,ALL,19/09/2021,,1,49%,0.00,1,9,5,3,12,367,19,18,6,1,4,0,1,4,5,4,1,0,0,,1,2,295,15,57,,33/58 (57%),3/11 (27%),59%,8,46/77 (60%),9/16 (56%),10/20 (50%),63%,19,21,,22,,5,,,,,5
9426225,242,35964,CALENDAR,REGULAR_SEASON,Regular Season,LEAGUE,52237,Orlando City SC,Visita,1ST,19/09/2021,,0,40%,0.00,0,1,2,1,,151,14,8,1,0,0,0,0,1,1,0,0,0,0,,0,0,113,7,25,,19/33 (58%),0/1 (0%),67%,4,26/37 (70%),4/8 (50%),5/8 (63%),64%,14,12,,18,,2,,,,,4
9426225,242,35964,CALENDAR,REGULAR_SEASON,Regular Season,LEAGUE,52237,Orlando City SC,Visita,2ND,19/09/2021,,,57%,0.00,1,8,3,2,,216,5,10,5,1,4,0,1,3,4,4,1,0,0,,1,2,182,8,32,,14/25 (56%),3/10 (30%),52%,4,20/40 (50%),5/8 (63%),5/12 (42%),60%,5,9,,4,,3,,,,,1
9426236,242,35964,CALENDAR,REGULAR_SEASON,Regular Season,LEAGUE,39833,Philadelphia Union,Local,ALL,25/09/2021,,1,49%,0.00,1,18,2,4,15,444,31,11,1,,9,0,5,4,9,9,,1,0,,1,3,356,27,47,,23/50 (46%),2/18 (11%),53%,13,54/101 (53%),8/17 (47%),12/18 (67%),65%,31,9,,10,,2,,,,,5
9426236,242,35964,CALENDAR,REGULAR_SEASON,Regular Season,LEAGUE,39833,Philadelphia Union,Local,1ST,25/09/2021,,0,52%,0.00,1,12,1,2,,241,15,6,1,,5,0,4,3,5,7,,1,0,,0,2,194,13,27,,13/27 (48%),1/10 (10%),50%,6,24/48 (50%),4/8 (50%),3/5 (60%),60%,15,3,,1,,1,,,,,4
9426236,242,35964,CALENDAR,REGULAR_SEASON,Regular Season,LEAGUE,39833,Philadelphia Union,Local,2ND,25/09/2021,,,47%,0.00,0,6,1,2,,203,16,5,0,,4,0,1,1,4,2,,0,0,,1,1,162,14,20,,10/23 (43%),1/8 (13%),55%,7,30/53 (57%),4/9 (44%),9/13 (69%),69%,16,6,,9,,1,,,,,1
9426236,242,35964,CALENDAR,REGULAR_SEASON,Regular Season,LEAGUE,243211,Atlanta United,Visita,ALL,25/09/2021,,0,51%,0.00,0,6,8,2,11,460,19,13,1,,2,0,2,2,2,4,,0,1,,1,0,384,19,32,,32/52 (62%),0/11 (0%),47%,19,47/101 (47%),9/17 (53%),15/27 (56%),68%,19,10,,23,,8,,,,,10
9426236,242,35964,CALENDAR,REGULAR_SEASON,Regular Season,LEAGUE,243211,Atlanta United,Visita,1ST,25/09/2021,,0,48%,0.00,0,4,5,0,,229,8,6,1,,1,0,2,1,2,2,,0,1,,0,0,189,7,15,,14/24 (58%),0/1 (0%),50%,8,24/48 (50%),4/8 (50%),10/17 (59%),75%,8,5,,14,,5,,,,,7
9426236,242,35964,CALENDAR,REGULAR_SEASON,Regular Season,LEAGUE,243211,Atlanta United,Visita,2ND,25/09/2021,,,53%,0.00,0,2,3,2,,231,11,7,0,,1,0,0,1,0,2,,0,0,,1,0,195,12,17,,18/28 (64%),0/10 (0%),45%,11,23/53 (43%),5/9 (56%),5/10 (50%),64%,11,5,,9,,3,,,,,3
9426496,242,35964,CALENDAR,REGULAR_SEASON,Regular Season,LEAGUE,2506,New York Red Bulls,Local,ALL,29/09/2021,,1,48%,0.00,0,13,1,4,15,392,9,12,2,,4,0,8,1,5,8,0,,,,2,1,267,26,73,,19/73 (26%),4/15 (27%),41%,13,26/77 (34%),27/52 (52%),5/16 (31%),78%,9,9,,20,,1,,,,,6
9426496,242,35964,CALENDAR,REGULAR_SEASON,Regular Season,LEAGUE,2506,New York Red Bulls,Local,1ST,29/09/2021,,1,52%,0.00,0,5,0,1,,215,4,7,0,,1,0,4,0,2,3,0,,,,1,1,156,15,43,,12/36 (33%),1/4 (25%),43%,6,13/31 (42%),9/20 (45%),2/6 (33%),75%,4,4,,2,,0,,,,,2
9426496,242,35964,CALENDAR,REGULAR_SEASON,Regular Season,LEAGUE,2506,New York Red Bulls,Local,2ND,29/09/2021,,,44%,0.00,0,8,1,3,,177,5,5,2,,3,0,4,1,3,5,0,,,,1,0,111,11,30,,7/37 (19%),3/11 (27%),40%,7,13/46 (28%),18/32 (56%),3/10 (30%),80%,5,5,,18,,1,,,,,4
9426496,242,35964,CALENDAR,REGULAR_SEASON,Regular Season,LEAGUE,39833,Philadelphia Union,Visita,ALL,29/09/2021,,1,52%,0.00,1,5,3,9,12,414,24,15,4,,2,0,1,2,2,3,1,,,,1,2,262,27,75,,32/80 (40%),2/20 (10%),59%,5,51/77 (66%),25/52 (48%),13/17 (76%),58%,24,10,,15,,3,,,,,8
9426496,242,35964,CALENDAR,REGULAR_SEASON,Regular Season,LEAGUE,39833,Philadelphia Union,Visita,1ST,29/09/2021,,1,48%,0.00,1,3,0,5,,190,10,4,1,,1,0,1,1,2,1,1,,,,0,1,125,10,29,,12/34 (35%),2/10 (20%),57%,3,18/31 (58%),11/20 (55%),4/5 (80%),70%,10,5,,3,,0,,,,,5
9426496,242,35964,CALENDAR,REGULAR_SEASON,Regular Season,LEAGUE,39833,Philadelphia Union,Visita,2ND,29/09/2021,,,56%,0.00,0,2,3,4,,224,14,11,3,,1,0,0,1,0,2,0,,,,1,1,137,17,46,,20/46 (43%),0/10 (0%),60%,2,33/46 (72%),14/32 (44%),9/12 (75%),50%,14,5,,12,,3,,,,,3
9426128,242,35964,CALENDAR,REGULAR_SEASON,Regular Season,LEAGUE,39833,Philadelphia Union,Local,ALL,03/10/2021,,3,36%,0.00,1,11,3,2,18,268,22,11,4,1,6,0,5,0,4,7,,1,,,3,0,193,15,62,,28/58 (48%),5/12 (42%),55%,8,44/80 (55%),14/26 (54%),11/13 (85%),68%,22,20,,21,,3,,,,,9
9426128,242,35964,CALENDAR,REGULAR_SEASON,Regular Season,LEAGUE,39833,Philadelphia Union,Local,1ST,03/10/2021,,1,42%,0.00,0,4,0,1,,171,11,6,1,0,2,0,2,0,0,4,,0,,,2,0,127,9,36,,14/29 (48%),1/6 (17%),56%,4,22/41 (54%),8/13 (62%),5/6 (83%),45%,11,13,,4,,0,,,,,4
9426128,242,35964,CALENDAR,REGULAR_SEASON,Regular Season,LEAGUE,39833,Philadelphia Union,Local,2ND,03/10/2021,,,28%,0.00,1,7,3,1,,97,11,5,3,1,4,0,3,0,4,3,,1,,,1,0,66,6,26,,14/29 (48%),4/6 (67%),54%,4,22/39 (56%),6/13 (46%),6/7 (86%),91%,11,7,,17,,3,,,,,5
9426128,242,35964,CALENDAR,REGULAR_SEASON,Regular Season,LEAGUE,2504,Columbus Crew,Visita,ALL,03/10/2021,,0,64%,0.00,1,11,3,8,14,479,10,18,1,0,3,0,6,2,7,4,,1,,,3,1,405,25,66,,35/57 (61%),4/29 (14%),45%,13,36/80 (45%),12/26 (46%),8/17 (47%),60%,10,7,,7,,3,,,,,8
9426128,242,35964,CALENDAR,REGULAR_SEASON,Regular Season,LEAGUE,2504,Columbus Crew,Visita,1ST,03/10/2021,,0,58%,0.00,0,1,1,2,,239,5,12,0,0,0,0,1,0,1,0,,0,,,1,0,189,11,29,,17/30 (57%),0/8 (0%),44%,6,19/41 (46%),5/13 (38%),2/7 (29%),60%,5,6,,6,,1,,,,,3
9426128,242,35964,CALENDAR,REGULAR_SEASON,Regular Season,LEAGUE,2504,Columbus Crew,Visita,2ND,03/10/2021,,,72%,0.00,1,10,2,6,,240,5,6,1,0,3,0,5,2,6,4,,1,,,2,1,216,14,37,,18/27 (67%),4/21 (19%),46%,7,17/39 (44%),7/13 (54%),6/10 (60%),60%,5,1,,1,,2,,,,,5
9426366,242,35964,CALENDAR,REGULAR_SEASON,Regular Season,LEAGUE,215167,FC Cincinnati,Local,ALL,09/10/2021,,1,63%,0.00,2,15,4,9,11,549,8,10,1,,6,0,6,3,10,5,0,2,2,,2,0,456,19,73,,32/57 (56%),3/23 (13%),49%,5,29/61 (48%),15/29 (52%),11/21 (52%),75%,8,3,,12,,4,,,,,3
9426366,242,35964,CALENDAR,REGULAR_SEASON,Regular Season,LEAGUE,215167,FC Cincinnati,Local,1ST,09/10/2021,,0,57%,0.00,2,6,4,5,,245,3,6,0,,2,0,4,0,5,1,0,2,2,,1,0,192,14,28,,9/25 (36%),2/10 (20%),51%,3,15/28 (54%),8/17 (47%),6/9 (67%),100%,3,3,,9,,4,,,,,2
9426366,242,35964,CALENDAR,REGULAR_SEASON,Regular Season,LEAGUE,215167,FC Cincinnati,Local,2ND,09/10/2021,,,69%,0.00,0,9,0,4,,304,5,4,1,,4,0,2,3,5,4,0,0,0,,1,0,264,5,45,,23/32 (72%),1/13 (8%),47%,2,14/33 (42%),7/12 (58%),5/12 (42%),60%,5,0,,3,,0,,,,,1
9426366,242,35964,CALENDAR,REGULAR_SEASON,Regular Season,LEAGUE,39833,Philadelphia Union,Visita,ALL,09/10/2021,,2,37%,0.00,1,11,5,5,10,331,15,11,1,,6,0,2,3,9,2,1,0,1,,1,4,221,15,61,,26/70 (37%),5/10 (50%),51%,4,32/61 (52%),14/29 (48%),6/10 (60%),87%,15,8,,24,,5,,,,,12
9426366,242,35964,CALENDAR,REGULAR_SEASON,Regular Season,LEAGUE,39833,Philadelphia Union,Visita,1ST,09/10/2021,,1,43%,0.00,0,8,2,2,,188,6,5,0,,5,0,1,2,6,2,0,0,1,,0,2,129,10,36,,12/30 (40%),2/6 (33%),49%,2,13/28 (46%),9/17 (53%),2/3 (67%),83%,6,4,,9,,2,,,,,8
9426366,242,35964,CALENDAR,REGULAR_SEASON,Regular Season,LEAGUE,39833,Philadelphia Union,Visita,2ND,09/10/2021,,,31%,0.00,1,3,3,3,,143,9,6,1,,1,0,1,1,3,0,1,0,0,,1,2,92,5,25,,14/40 (35%),3/4 (75%),53%,2,19/33 (58%),5/12 (42%),4/7 (57%),89%,9,4,,15,,3,,,,,4
9426148,242,35964,CALENDAR,REGULAR_SEASON,Regular Season,LEAGUE,22006,CF Montréal,Local,ALL,16/10/2021,,2,64%,0.00,2,13,1,9,14,612,12,13,2,,4,0,3,6,8,5,1,1,,,1,0,526,18,74,,17/38 (45%),4/18 (22%),47%,18,37/82 (45%),10/19 (53%),13/21 (62%),67%,12,6,,10,,1,,,,,5
9426148,242,35964,CALENDAR,REGULAR_SEASON,Regular Season,LEAGUE,22006,CF Montréal,Local,1ST,16/10/2021,,1,67%,0.00,1,7,0,6,,344,4,7,1,,2,0,1,4,3,4,0,1,,,1,0,296,11,37,,10/20 (50%),1/7 (14%),49%,8,16/33 (48%),4/8 (50%),5/7 (71%),50%,4,2,,4,,0,,,,,3
9426148,242,35964,CALENDAR,REGULAR_SEASON,Regular Season,LEAGUE,22006,CF Montréal,Local,2ND,16/10/2021,,,60%,0.00,1,6,1,3,,268,8,6,1,,2,0,2,2,5,1,1,0,,,0,0,230,7,37,,7/18 (39%),3/11 (27%),45%,10,21/49 (43%),6/11 (55%),8/14 (57%),75%,8,4,,6,,1,,,,,2
9426148,242,35964,CALENDAR,REGULAR_SEASON,Regular Season,LEAGUE,39833,Philadelphia Union,Visita,ALL,16/10/2021,,2,36%,0.00,0,4,3,2,14,344,26,14,0,,2,2,1,1,1,3,0,0,,,3,1,242,17,38,,25/60 (42%),3/9 (33%),53%,4,45/82 (55%),9/19 (47%),5/13 (38%),69%,26,10,,14,,3,,,,,6
9426148,242,35964,CALENDAR,REGULAR_SEASON,Regular Season,LEAGUE,39833,Philadelphia Union,Visita,1ST,16/10/2021,,0,33%,0.00,0,2,1,0,,164,10,6,0,,0,1,1,1,1,1,0,0,,,2,0,108,7,13,,10/29 (34%),3/4 (75%),51%,3,17/33 (52%),4/8 (50%),1/2 (50%),90%,10,6,,7,,1,,,,,3
9426148,242,35964,CALENDAR,REGULAR_SEASON,Regular Season,LEAGUE,39833,Philadelphia Union,Visita,2ND,16/10/2021,,,40%,0.00,0,2,2,2,,180,16,8,0,,2,1,0,0,0,2,0,0,,,1,1,134,10,25,,15/31 (48%),0/5 (0%),55%,1,28/49 (57%),5/11 (45%),4/11 (36%),56%,16,4,,7,,2,,,,,3
9426402,242,35964,CALENDAR,REGULAR_SEASON,Regular Season,LEAGUE,41618,Minnesota United,Local,ALL,20/10/2021,,3,42%,0.00,4,12,4,5,10,355,17,8,1,1,4,0,5,3,8,4,3,1,,,2,1,280,18,51,,24/47 (51%),2/16 (13%),51%,15,39/78 (50%),14/25 (56%),14/23 (61%),59%,17,10,,24,,4,,,,,9
9426402,242,35964,CALENDAR,REGULAR_SEASON,Regular Season,LEAGUE,41618,Minnesota United,Local,1ST,20/10/2021,,1,47%,0.00,1,5,1,2,,215,8,5,0,0,1,0,2,2,3,2,1,0,,,1,0,168,12,25,,13/25 (52%),2/9 (22%),46%,6,17/36 (47%),8/18 (44%),4/11 (36%),63%,8,7,,8,,1,,,,,3
9426402,242,35964,CALENDAR,REGULAR_SEASON,Regular Season,LEAGUE,41618,Minnesota United,Local,2ND,20/10/2021,,,36%,0.00,3,7,3,3,,140,9,3,1,1,3,0,3,1,5,2,2,1,,,1,1,112,6,26,,11/22 (50%),0/7 (0%),57%,9,22/42 (52%),6/7 (86%),10/12 (83%),56%,9,3,,16,,3,,,,,6
9426402,242,35964,CALENDAR,REGULAR_SEASON,Regular Season,LEAGUE,39833,Philadelphia Union,Visita,ALL,20/10/2021,,2,58%,0.00,3,18,1,5,10,497,24,8,2,0,6,0,6,6,12,6,1,2,,,2,2,421,14,76,,37/62 (60%),8/22 (36%),49%,7,39/78 (50%),11/25 (44%),7/17 (41%),71%,24,17,,15,,1,,,,,11
9426402,242,35964,CALENDAR,REGULAR_SEASON,Regular Season,LEAGUE,39833,Philadelphia Union,Visita,1ST,20/10/2021,,1,53%,0.00,0,7,0,2,,245,13,4,1,0,2,0,3,2,3,4,0,0,,,1,1,202,3,35,,14/30 (47%),2/8 (25%),54%,3,19/36 (53%),10/18 (56%),2/7 (29%),85%,13,13,,7,,0,,,,,6
9426402,242,35964,CALENDAR,REGULAR_SEASON,Regular Season,LEAGUE,39833,Philadelphia Union,Visita,2ND,20/10/2021,,,64%,0.00,3,11,1,3,,252,11,4,1,0,4,0,3,4,9,2,1,2,,,1,1,219,11,41,,23/32 (72%),6/14 (43%),43%,4,20/42 (48%),1/7 (14%),5/10 (50%),55%,11,4,,8,,1,,,,,5
9426163,242,35964,CALENDAR,REGULAR_SEASON,Regular Season,LEAGUE,39833,Philadelphia Union,Local,ALL,23/10/2021,,1,50%,0.00,2,14,1,0,8,519,17,15,3,,4,0,4,6,6,8,1,1,1,,5,4,435,17,68,,25/53 (47%),1/12 (8%),53%,13,39/73 (53%),18/35 (51%),8/17 (47%),59%,17,5,,31,,1,,,,,3
9426163,242,35964,CALENDAR,REGULAR_SEASON,Regular Season,LEAGUE,39833,Philadelphia Union,Local,1ST,23/10/2021,,1,61%,0.00,1,5,0,0,,332,8,6,1,,3,0,0,2,3,2,1,0,0,,2,2,294,14,40,,17/24 (71%),1/7 (14%),64%,3,18/31 (58%),9/11 (82%),4/8 (50%),75%,8,1,,11,,0,,,,,0
9426163,242,35964,CALENDAR,REGULAR_SEASON,Regular Season,LEAGUE,39833,Philadelphia Union,Local,2ND,23/10/2021,,,38%,0.00,1,9,1,0,,187,9,9,2,,1,0,4,4,3,6,0,1,1,,3,2,141,3,28,,8/29 (28%),0/5 (0%),45%,10,21/42 (50%),9/24 (38%),4/9 (44%),44%,9,4,,20,,1,,,,,3
9426163,242,35964,CALENDAR,REGULAR_SEASON,Regular Season,LEAGUE,337612,Nashville SC,Visita,ALL,23/10/2021,,0,50%,0.00,0,8,3,3,16,493,22,7,3,,1,0,3,4,4,4,0,0,0,,2,2,408,27,51,,34/58 (59%),6/28 (21%),47%,8,34/73 (47%),17/35 (49%),5/14 (36%),41%,22,9,,21,,3,,,,,5
9426163,242,35964,CALENDAR,REGULAR_SEASON,Regular Season,LEAGUE,337612,Nashville SC,Visita,1ST,23/10/2021,,0,39%,0.00,0,0,2,0,,203,7,5,1,,0,0,0,0,0,0,0,0,0,,2,2,175,10,20,,15/28 (54%),0/9 (0%),36%,4,13/31 (42%),2/11 (18%),1/5 (20%),43%,7,5,,9,,2,,,,,0
9426163,242,35964,CALENDAR,REGULAR_SEASON,Regular Season,LEAGUE,337612,Nashville SC,Visita,2ND,23/10/2021,,,62%,0.00,0,8,1,3,,290,15,2,2,,1,0,3,4,4,4,0,0,0,,0,0,233,17,31,,19/30 (63%),6/19 (32%),55%,4,21/42 (50%),15/24 (63%),4/9 (44%),40%,15,4,,12,,1,,,,,5
9426449,242,35964,CALENDAR,REGULAR_SEASON,Regular Season,LEAGUE,7080,Toronto FC,Local,ALL,27/10/2021,,2,60%,0.00,1,15,2,6,9,662,11,14,1,,3,0,6,6,12,3,0,1,,,5,1,572,17,52,,20/39 (51%),3/26 (12%),56%,7,28/55 (51%),16/24 (67%),4/9 (44%),64%,11,8,,14,,2,,,,,5
9426449,242,35964,CALENDAR,REGULAR_SEASON,Regular Season,LEAGUE,7080,Toronto FC,Local,1ST,27/10/2021,,0,59%,0.00,1,6,1,4,,347,6,5,0,,1,0,2,3,5,1,0,1,,,3,0,300,9,29,,7/12 (58%),1/15 (7%),54%,5,15/29 (52%),7/12 (58%),4/6 (67%),50%,6,4,,4,,1,,,,,1
9426449,242,35964,CALENDAR,REGULAR_SEASON,Regular Season,LEAGUE,7080,Toronto FC,Local,2ND,27/10/2021,,,61%,0.00,0,9,1,2,,315,5,9,1,,2,0,4,3,7,2,0,0,,,2,1,272,8,23,,13/27 (48%),2/11 (18%),58%,2,13/26 (50%),9/12 (75%),0/3 (0%),80%,5,4,,10,,1,,,,,4
9426449,242,35964,CALENDAR,REGULAR_SEASON,Regular Season,LEAGUE,39833,Philadelphia Union,Visita,ALL,27/10/2021,,2,40%,0.00,4,15,2,4,14,442,12,9,1,,4,1,6,5,10,5,2,2,,,2,0,345,15,61,,36/72 (50%),6/19 (32%),44%,8,27/55 (49%),8/24 (33%),7/10 (70%),42%,12,11,,19,,2,,,,,8
9426449,242,35964,CALENDAR,REGULAR_SEASON,Regular Season,LEAGUE,39833,Philadelphia Union,Visita,1ST,27/10/2021,,1,41%,0.00,1,7,1,1,,245,7,6,0,,2,0,3,2,4,3,1,0,,,2,0,194,4,29,,23/41 (56%),1/4 (25%),46%,5,14/29 (48%),5/12 (42%),2/3 (67%),43%,7,6,,11,,1,,,,,4
9426449,242,35964,CALENDAR,REGULAR_SEASON,Regular Season,LEAGUE,39833,Philadelphia Union,Visita,2ND,27/10/2021,,,39%,0.00,3,8,1,3,,197,5,3,1,,2,1,3,3,6,2,1,2,,,0,0,151,11,32,,13/31 (42%),5/15 (33%),42%,3,13/26 (50%),3/12 (25%),5/7 (71%),40%,5,5,,8,,1,,,,,4
9426115,242,35964,CALENDAR,REGULAR_SEASON,Regular Season,LEAGUE,39833,Philadelphia Union,Local,ALL,31/10/2021,,2,51%,0.00,4,20,2,5,11,497,11,13,,,7,1,10,3,12,8,,4,,,3,3,433,15,51,,31/49 (63%),8/24 (33%),49%,4,31/65 (48%),9/16 (56%),7/18 (39%),64%,11,11,,6,,2,,,,,5
9426115,242,35964,CALENDAR,REGULAR_SEASON,Regular Season,LEAGUE,39833,Philadelphia Union,Local,1ST,31/10/2021,,1,48%,0.00,2,10,0,3,,220,6,7,,,4,1,4,2,7,3,,2,,,2,2,183,5,23,,16/24 (67%),6/13 (46%),49%,3,17/36 (47%),5/9 (56%),4/8 (50%),67%,6,8,,4,,0,,,,,3
9426115,242,35964,CALENDAR,REGULAR_SEASON,Regular Season,LEAGUE,39833,Philadelphia Union,Local,2ND,31/10/2021,,,54%,0.00,2,10,2,2,,277,5,6,,,3,0,6,1,5,5,,2,,,1,1,250,10,28,,15/25 (60%),2/11 (18%),50%,1,14/29 (48%),4/7 (57%),3/10 (30%),60%,5,3,,2,,2,,,,,2
9426115,242,35964,CALENDAR,REGULAR_SEASON,Regular Season,LEAGUE,215167,FC Cincinnati,Visita,ALL,31/10/2021,,0,49%,0.00,0,7,5,3,14,477,15,11,,,2,0,3,2,2,5,,0,,,2,0,404,18,45,,44/68 (65%),3/14 (21%),51%,6,34/65 (52%),7/16 (44%),8/13 (62%),33%,15,9,,22,,5,,,,,11
9426115,242,35964,CALENDAR,REGULAR_SEASON,Regular Season,LEAGUE,215167,FC Cincinnati,Visita,1ST,31/10/2021,,0,52%,0.00,0,1,3,2,,245,7,6,,,0,0,1,0,0,1,,0,,,1,0,200,11,24,,25/38 (66%),2/8 (25%),51%,3,19/36 (53%),4/9 (44%),6/9 (67%),14%,7,4,,12,,3,,,,,4
9426115,242,35964,CALENDAR,REGULAR_SEASON,Regular Season,LEAGUE,215167,FC Cincinnati,Visita,2ND,31/10/2021,,,46%,0.00,0,6,2,1,,232,8,5,,,2,0,2,2,2,4,,0,,,1,0,204,7,21,,19/30 (63%),1/6 (17%),50%,3,15/29 (52%),3/7 (43%),2/4 (50%),50%,8,5,,10,,2,,,,,7
9426269,242,35964,CALENDAR,REGULAR_SEASON,Regular Season,LEAGUE,187643,New York City FC,Local,ALL,07/11/2021,,1,45%,0.00,0,10,3,4,12,393,16,14,1,1,3,0,6,1,6,4,0,,,,1,1,291,25,62,,40/74 (54%),5/12 (42%),51%,10,40/84 (48%),17/28 (61%),10/21 (48%),63%,16,8,,15,,3,,,,,4
9426269,242,35964,CALENDAR,REGULAR_SEASON,Regular Season,LEAGUE,187643,New York City FC,Local,1ST,07/11/2021,,0,43%,0.00,0,4,0,1,,212,11,6,0,1,0,0,3,1,3,1,0,,,,0,1,166,5,29,,27/40 (68%),2/3 (67%),50%,5,22/47 (47%),7/11 (64%),5/10 (50%),64%,11,3,,6,,0,,,,,3
9426269,242,35964,CALENDAR,REGULAR_SEASON,Regular Season,LEAGUE,187643,New York City FC,Local,2ND,07/11/2021,,,47%,0.00,0,6,3,3,,181,5,8,1,0,3,0,3,0,3,3,0,,,,1,0,125,20,33,,13/34 (38%),3/9 (33%),52%,5,18/37 (49%),10/17 (59%),5/11 (45%),60%,5,5,,9,,3,,,,,1
9426269,242,35964,CALENDAR,REGULAR_SEASON,Regular Season,LEAGUE,39833,Philadelphia Union,Visita,ALL,07/11/2021,,1,55%,0.00,1,11,2,0,14,474,21,12,4,0,4,0,3,4,7,4,1,,,,1,2,365,29,73,,39/80 (49%),5/20 (25%),49%,8,44/84 (52%),11/28 (39%),11/19 (58%),67%,21,14,,11,,2,,,,,8
9426269,242,35964,CALENDAR,REGULAR_SEASON,Regular Season,LEAGUE,39833,Philadelphia Union,Visita,1ST,07/11/2021,,1,57%,0.00,1,6,0,0,,271,10,9,2,0,1,0,3,2,4,2,1,,,,1,1,218,20,46,,22/42 (52%),3/11 (27%),50%,5,25/47 (53%),4/11 (36%),6/12 (50%),70%,10,7,,2,,0,,,,,3
9426269,242,35964,CALENDAR,REGULAR_SEASON,Regular Season,LEAGUE,39833,Philadelphia Union,Visita,2ND,07/11/2021,,,53%,0.00,0,5,2,0,,203,11,3,2,0,3,0,0,2,3,2,0,,,,0,1,147,9,27,,17/38 (45%),2/9 (22%),48%,3,19/37 (51%),7/17 (41%),5/7 (71%),64%,11,7,,9,,2,,,,,5
9942243,242,35964,CALENDAR,PLAYOFF,"MLS, Playoffs",LEAGUE,39833,Philadelphia Union,Local,ALL,20/11/2021,,1,46%,0.00,3,13,1,4,10,412,25,21,1,,3,0,7,3,9,4,,3,,,2,6,243,34,92,,36/96 (38%),8/25 (32%),52%,14,57/98 (58%),27/65 (42%),11/24 (46%),36%,25,9,,29,,1,,,,,8
9942243,242,35964,CALENDAR,PLAYOFF,"MLS, Playoffs",LEAGUE,39833,Philadelphia Union,Local,1ST,20/11/2021,,0,46%,0.00,0,4,0,1,,163,9,6,0,,1,0,1,2,2,2,,0,,,1,2,99,18,37,,13/31 (42%),2/8 (25%),48%,4,19/35 (54%),10/25 (40%),4/8 (50%),33%,9,3,,12,,0,,,,,1
9942243,242,35964,CALENDAR,PLAYOFF,"MLS, Playoffs",LEAGUE,39833,Philadelphia Union,Local,2ND,20/11/2021,,,47%,0.00,1,6,0,3,,140,10,8,1,,0,0,5,1,5,1,,1,,,0,1,88,11,24,,13/33 (39%),2/9 (22%),56%,5,24/38 (63%),9/21 (43%),6/11 (55%),40%,10,3,,14,,0,,,,,2
9942243,242,35964,CALENDAR,PLAYOFF,"MLS, Playoffs",LEAGUE,2506,New York Red Bulls,Visita,ALL,20/11/2021,,0,54%,0.00,2,11,2,7,22,484,27,9,4,,1,1,5,5,7,4,,2,,,2,0,329,26,91,,32/90 (36%),5/29 (17%),48%,13,41/98 (42%),38/65 (58%),6/18 (33%),56%,27,7,,39,,2,,,,,10
9942243,242,35964,CALENDAR,PLAYOFF,"MLS, Playoffs",LEAGUE,2506,New York Red Bulls,Visita,1ST,20/11/2021,,0,54%,0.00,0,3,1,4,,188,8,5,1,,0,0,1,2,3,0,,0,,,1,0,132,12,39,,11/32 (34%),3/12 (25%),52%,3,16/35 (46%),15/25 (60%),3/9 (33%),38%,8,3,,17,,1,,,,,2
9942243,242,35964,CALENDAR,PLAYOFF,"MLS, Playoffs",LEAGUE,2506,New York Red Bulls,Visita,2ND,20/11/2021,,,53%,0.00,0,4,0,2,,159,10,3,3,,0,0,1,3,0,4,,0,,,1,0,100,9,27,,8/30 (27%),1/12 (8%),44%,5,14/38 (37%),12/21 (57%),2/7 (29%),70%,10,2,,13,,0,,,,,7
9975005,242,35964,CALENDAR,PLAYOFF,"MLS, Playoffs",LEAGUE,39833,Philadelphia Union,Local,ALL,28/11/2021,,1,50%,0.00,1,24,2,11,16,523,17,21,0,,2,0,12,10,13,11,0,1,1,,6,1,397,20,73,,31/70 (44%),6/34 (18%),49%,10,42/87 (48%),27/55 (49%),5/9 (56%),53%,17,12,,15,,2,,,,,7
9975005,242,35964,CALENDAR,PLAYOFF,"MLS, Playoffs",LEAGUE,39833,Philadelphia Union,Local,1ST,28/11/2021,,1,55%,0.00,0,6,0,5,,237,9,8,0,,1,0,3,2,3,3,0,0,0,,3,0,191,8,26,,15/26 (58%),1/12 (8%),53%,2,20/33 (61%),6/16 (38%),3/6 (50%),67%,9,6,,4,,0,,,,,2
9975005,242,35964,CALENDAR,PLAYOFF,"MLS, Playoffs",LEAGUE,39833,Philadelphia Union,Local,2ND,28/11/2021,,,48%,0.00,1,15,1,5,,175,3,7,0,,0,0,7,8,7,8,0,1,1,,2,0,129,8,28,,10/26 (38%),3/14 (21%),41%,6,11/37 (30%),13/21 (62%),1/2 (50%),0%,3,3,,9,,1,,,,,2
9975005,242,35964,CALENDAR,PLAYOFF,"MLS, Playoffs",LEAGUE,337612,Nashville SC,Visita,ALL,28/11/2021,,1,50%,0.00,1,14,1,8,24,524,14,16,1,,3,1,6,5,10,4,1,0,0,,1,1,402,20,55,,30/76 (39%),6/22 (27%),51%,11,45/87 (52%),28/55 (51%),15/21 (71%),50%,14,7,,36,,1,,,,,15
9975005,242,35964,CALENDAR,PLAYOFF,"MLS, Playoffs",LEAGUE,337612,Nashville SC,Visita,1ST,28/11/2021,,1,45%,0.00,1,3,0,2,,194,5,3,0,,1,0,1,1,2,1,1,0,0,,0,1,155,7,20,,13/28 (46%),2/6 (33%),47%,5,13/33 (39%),10/16 (63%),5/9 (56%),80%,5,4,,15,,0,,,,,3
9975005,242,35964,CALENDAR,PLAYOFF,"MLS, Playoffs",LEAGUE,337612,Nashville SC,Visita,2ND,28/11/2021,,,52%,0.00,0,5,0,4,,195,7,11,1,,1,1,1,3,3,2,0,0,0,,1,0,147,7,18,,10/28 (36%),1/9 (11%),59%,2,26/37 (70%),8/21 (38%),8/9 (89%),29%,7,0,,14,,0,,,,,6
9989226,242,35964,CALENDAR,PLAYOFF,"MLS, Playoffs",LEAGUE,39833,Philadelphia Union,Local,ALL,05/12/2021,,1,35%,0.00,1,8,3,3,11,303,21,16,2,,3,0,4,1,4,4,0,1,,,2,4,209,20,70,,24/62 (39%),1/14 (7%),57%,6,44/75 (59%),21/40 (53%),7/14 (50%),67%,21,10,,12,,3,,,,,5
9989226,242,35964,CALENDAR,PLAYOFF,"MLS, Playoffs",LEAGUE,39833,Philadelphia Union,Local,1ST,05/12/2021,,0,38%,0.00,0,4,0,1,,161,10,12,0,,2,0,1,1,1,3,0,0,,,2,3,105,13,44,,9/31 (29%),0/8 (0%),56%,3,24/40 (60%),10/21 (48%),2/5 (40%),80%,10,7,,7,,0,,,,,1
9989226,242,35964,CALENDAR,PLAYOFF,"MLS, Playoffs",LEAGUE,39833,Philadelphia Union,Local,2ND,05/12/2021,,1,32%,0.00,1,4,3,2,,142,11,4,2,,1,0,3,0,3,1,0,1,,,0,1,104,7,26,,15/31 (48%),1/6 (17%),57%,3,20/35 (57%),11/19 (58%),5/9 (56%),55%,11,3,,5,,3,,,,,4
9989226,242,35964,CALENDAR,PLAYOFF,"MLS, Playoffs",LEAGUE,187643,New York City FC,Visita,ALL,05/12/2021,,2,65%,0.00,2,11,3,2,16,575,13,11,1,,5,0,5,1,9,2,2,0,,,2,2,468,23,55,,32/63 (51%),4/11 (36%),43%,13,31/75 (41%),19/40 (48%),7/15 (47%),54%,13,7,,15,,3,,,,,6
9989226,242,35964,CALENDAR,PLAYOFF,"MLS, Playoffs",LEAGUE,187643,New York City FC,Visita,1ST,05/12/2021,,0,62%,0.00,0,2,2,2,,271,6,5,1,,0,0,1,1,2,0,0,0,,,1,1,201,13,24,,13/29 (45%),0/4 (0%),44%,7,16/40 (40%),11/21 (52%),5/8 (63%),67%,6,6,,9,,2,,,,,1
9989226,242,35964,CALENDAR,PLAYOFF,"MLS, Playoffs",LEAGUE,187643,New York City FC,Visita,2ND,05/12/2021,,2,68%,0.00,2,9,1,0,,304,7,6,0,,5,0,4,0,7,2,2,0,,,1,1,267,10,31,,19/34 (56%),4/7 (57%),43%,6,15/35 (43%),8/19 (42%),2/7 (29%),43%,7,1,,6,,1,,,,,5
10147679,242,40071,CALENDAR,REGULAR_SEASON,Regular Season,LEAGUE,39833,Philadelphia Union,Local,ALL,26/02/2022,,1,53%,0.00,1,19,5,11,12,402,23,16,2,,5,0,7,7,10,9,1,0,0,,5,3,297,29,69,,25/49 (51%),10/35 (29%),51%,10,45/92 (49%),18/31 (58%),6/14 (43%),39%,23,12,,7,,5,,,,,8
10147679,242,40071,CALENDAR,REGULAR_SEASON,Regular Season,LEAGUE,39833,Philadelphia Union,Local,1ST,26/02/2022,,1,46%,0.00,1,9,2,6,,185,14,8,1,,3,0,4,2,6,3,1,0,0,,2,1,140,16,35,,13/19 (68%),6/17 (35%),55%,5,27/51 (53%),8/13 (62%),5/8 (63%),29%,14,7,,4,,2,,,,,4
10147679,242,40071,CALENDAR,REGULAR_SEASON,Regular Season,LEAGUE,39833,Philadelphia Union,Local,2ND,26/02/2022,,0,60%,0.00,0,10,3,5,,217,9,8,1,,2,0,3,5,4,6,0,0,0,,3,2,157,13,34,,12/30 (40%),4/18 (22%),47%,5,18/41 (44%),10/18 (56%),1/6 (17%),56%,9,5,,3,,3,,,,,4
10147679,242,40071,CALENDAR,REGULAR_SEASON,Regular Season,LEAGUE,41618,Minnesota United,Visita,ALL,26/02/2022,,1,47%,0.00,1,14,4,2,16,378,18,12,3,,6,1,7,1,4,10,0,1,1,,2,1,278,16,56,,31/65 (48%),2/13 (15%),49%,15,47/92 (51%),13/31 (42%),17/25 (68%),56%,18,7,,31,,4,,,,,8
10147679,242,40071,CALENDAR,REGULAR_SEASON,Regular Season,LEAGUE,41618,Minnesota United,Visita,1ST,26/02/2022,,1,54%,0.00,0,7,2,1,,225,8,7,0,,3,1,4,0,3,4,0,0,0,,2,0,181,8,26,,16/30 (53%),2/8 (25%),45%,10,24/51 (47%),5/13 (38%),9/13 (69%),50%,8,4,,18,,2,,,,,3
10147679,242,40071,CALENDAR,REGULAR_SEASON,Regular Season,LEAGUE,41618,Minnesota United,Visita,2ND,26/02/2022,,0,40%,0.00,1,7,2,1,,153,10,5,3,,3,0,3,1,1,6,0,1,1,,0,1,97,8,30,,15/35 (43%),0/5 (0%),53%,5,23/41 (56%),8/18 (44%),8/12 (67%),60%,10,3,,13,,2,,,,,5
10013709,242,40071,CALENDAR,REGULAR_SEASON,Regular Season,LEAGUE,22006,CF Montréal,Local,ALL,05/03/2022,,1,66%,0.00,1,12,2,6,16,542,16,14,3,0,5,0,5,2,6,6,0,1,,,4,1,445,21,57,,31/56 (55%),4/24 (17%),50%,9,41/76 (54%),19/43 (44%),11/18 (61%),63%,16,9,,11,,2,,,,,6
10013709,242,40071,CALENDAR,REGULAR_SEASON,Regular Season,LEAGUE,22006,CF Montréal,Local,1ST,05/03/2022,,1,58%,0.00,0,5,1,3,,234,9,9,2,0,4,0,1,0,2,3,0,0,,,3,0,182,11,19,,14/24 (58%),2/7 (29%),54%,5,23/42 (55%),13/25 (52%),5/7 (71%),56%,9,4,,11,,1,,,,,4
10013709,242,40071,CALENDAR,REGULAR_SEASON,Regular Season,LEAGUE,22006,CF Montréal,Local,2ND,05/03/2022,,0,72%,0.00,1,7,1,3,,308,7,5,1,0,1,0,4,2,4,3,0,1,,,1,1,263,10,38,,17/32 (53%),2/17 (12%),46%,4,18/34 (53%),6/18 (33%),6/11 (55%),71%,7,5,,0,,1,,,,,2
10013709,242,40071,CALENDAR,REGULAR_SEASON,Regular Season,LEAGUE,39833,Philadelphia Union,Visita,ALL,05/03/2022,,2,34%,0.00,3,8,4,1,16,287,16,16,2,1,4,0,3,1,6,2,1,2,,,3,2,192,21,57,,22/62 (35%),2/13 (15%),50%,6,35/76 (46%),24/43 (56%),4/14 (29%),63%,16,11,,22,,4,,,,,8
10013709,242,40071,CALENDAR,REGULAR_SEASON,Regular Season,LEAGUE,39833,Philadelphia Union,Visita,1ST,05/03/2022,,0,42%,0.00,0,3,3,1,,163,7,10,0,0,1,0,1,1,1,2,0,0,,,1,2,107,16,33,,8/28 (29%),0/10 (0%),46%,4,19/42 (45%),12/25 (48%),2/7 (29%),86%,7,10,,7,,3,,,,,1
10013709,242,40071,CALENDAR,REGULAR_SEASON,Regular Season,LEAGUE,39833,Philadelphia Union,Visita,2ND,05/03/2022,,2,28%,0.00,3,5,1,0,,124,9,6,2,1,3,0,2,0,5,0,1,2,,,2,0,85,5,24,,14/34 (41%),2/3 (67%),54%,2,16/34 (47%),12/18 (67%),2/7 (29%),44%,9,1,,15,,1,,,,,7
10021182,242,40071,CALENDAR,REGULAR_SEASON,Regular Season,LEAGUE,39833,Philadelphia Union,Local,ALL,12/03/2022,,2,31%,0.00,7,12,1,3,23,248,27,10,3,,6,0,3,3,8,4,2,5,2,,4,1,140,9,58,,15/47 (32%),6/9 (67%),57%,4,46/88 (52%),16/21 (76%),9/21 (43%),74%,27,17,,23,,1,,,,,8
10021182,242,40071,CALENDAR,REGULAR_SEASON,Regular Season,LEAGUE,39833,Philadelphia Union,Local,1ST,12/03/2022,,1,38%,0.00,2,6,1,2,,157,14,3,2,,2,0,2,2,4,2,1,1,1,,1,0,92,4,30,,8/21 (38%),5/7 (71%),55%,3,24/48 (50%),10/14 (71%),7/14 (50%),79%,14,9,,5,,1,,,,,4
10021182,242,40071,CALENDAR,REGULAR_SEASON,Regular Season,LEAGUE,39833,Philadelphia Union,Local,2ND,12/03/2022,,1,24%,0.00,5,6,0,1,,91,13,7,1,,4,0,1,1,4,2,1,4,1,,3,1,48,5,28,,7/26 (27%),1/2 (50%),60%,1,22/40 (55%),6/7 (86%),2/7 (29%),69%,13,8,,18,,0,,,,,4
10021182,242,40071,CALENDAR,REGULAR_SEASON,Regular Season,LEAGUE,21825,San Jose Earthquakes,Visita,ALL,12/03/2022,,0,69%,0.00,0,9,3,5,12,548,16,21,3,,1,0,5,3,4,5,0,0,0,,3,1,442,25,65,,43/71 (61%),4/18 (22%),43%,20,42/88 (48%),5/21 (24%),5/12 (42%),63%,16,16,,9,,3,,,,,8
10021182,242,40071,CALENDAR,REGULAR_SEASON,Regular Season,LEAGUE,21825,San Jose Earthquakes,Visita,1ST,12/03/2022,,0,62%,0.00,0,4,1,1,,263,10,11,2,,1,0,2,1,1,3,0,0,0,,1,0,205,16,34,,25/45 (56%),0/5 (0%),45%,10,24/48 (50%),4/14 (29%),3/7 (43%),60%,10,12,,6,,1,,,,,4
10021182,242,40071,CALENDAR,REGULAR_SEASON,Regular Season,LEAGUE,21825,San Jose Earthquakes,Visita,2ND,12/03/2022,,0,76%,0.00,0,5,2,4,,285,6,10,1,,0,0,3,2,3,2,0,0,0,,2,1,237,9,31,,18/26 (69%),4/13 (31%),40%,10,18/40 (45%),1/7 (14%),2/5 (40%),67%,6,4,,3,,2,,,,,4
10021165,242,40071,CALENDAR,REGULAR_SEASON,Regular Season,LEAGUE,187643,New York City FC,Local,ALL,19/03/2022,,0,73%,0.00,2,18,2,9,12,586,14,12,4,,3,0,10,5,12,6,0,2,,,2,0,475,30,65,,30/57 (53%),9/41 (22%),50%,7,34/73 (47%),24/44 (55%),8/23 (35%),71%,14,9,,18,,2,,,,,6
10021165,242,40071,CALENDAR,REGULAR_SEASON,Regular Season,LEAGUE,187643,New York City FC,Local,1ST,19/03/2022,,0,71%,0.00,1,7,2,3,,270,2,8,1,,1,0,4,2,4,3,0,1,,,1,0,221,15,26,,14/27 (52%),3/16 (19%),47%,6,14/35 (40%),12/20 (60%),4/12 (33%),100%,2,6,,13,,2,,,,,3
10021165,242,40071,CALENDAR,REGULAR_SEASON,Regular Season,LEAGUE,187643,New York City FC,Local,2ND,19/03/2022,,0,75%,0.00,1,11,0,6,,316,12,4,3,,2,0,6,3,8,3,0,1,,,1,0,254,15,39,,16/30 (53%),6/25 (24%),52%,1,20/38 (53%),12/24 (50%),4/11 (36%),67%,12,3,,5,,0,,,,,3
10021165,242,40071,CALENDAR,REGULAR_SEASON,Regular Season,LEAGUE,39833,Philadelphia Union,Visita,ALL,19/03/2022,,2,27%,0.00,2,13,2,5,12,219,22,11,4,,4,0,7,2,10,3,2,0,,,2,2,113,18,69,,24/76 (32%),4/12 (33%),50%,8,39/73 (53%),20/44 (45%),6/12 (50%),64%,22,14,,30,,2,,,,,16
10021165,242,40071,CALENDAR,REGULAR_SEASON,Regular Season,LEAGUE,39833,Philadelphia Union,Visita,1ST,19/03/2022,,2,29%,0.00,2,11,1,3,,109,14,5,1,,4,0,5,2,8,3,2,0,,,2,2,58,14,27,,12/35 (34%),3/8 (38%),53%,2,21/35 (60%),8/20 (40%),2/2 (100%),57%,14,6,,9,,1,,,,,6
10021165,242,40071,CALENDAR,REGULAR_SEASON,Regular Season,LEAGUE,39833,Philadelphia Union,Visita,2ND,19/03/2022,,0,25%,0.00,0,2,1,2,,110,8,6,3,,0,0,2,0,2,0,0,0,,,0,0,55,4,42,,12/41 (29%),1/4 (25%),48%,6,18/38 (47%),12/24 (50%),4/10 (40%),75%,8,8,,21,,1,,,,,10
10021129,242,40071,CALENDAR,REGULAR_SEASON,Regular Season,LEAGUE,39833,Philadelphia Union,Local,ALL,02/04/2022,,2,41%,0.00,3,9,1,5,14,352,14,8,2,,6,0,2,1,6,3,2,1,2,,2,2,274,27,55,,28/53 (53%),2/18 (11%),47%,8,28/56 (50%),15/35 (43%),6/8 (75%),57%,14,9,,26,,1,,,,,8
10021129,242,40071,CALENDAR,REGULAR_SEASON,Regular Season,LEAGUE,39833,Philadelphia Union,Local,1ST,02/04/2022,,1,49%,0.00,1,3,0,3,,228,6,5,1,,3,0,0,0,1,2,1,0,1,,1,1,191,19,34,,16/25 (64%),1/11 (9%),41%,5,13/26 (50%),4/15 (27%),2/4 (50%),67%,6,6,,7,,0,,,,,3
10021129,242,40071,CALENDAR,REGULAR_SEASON,Regular Season,LEAGUE,39833,Philadelphia Union,Local,2ND,02/04/2022,,1,32%,0.00,2,6,1,2,,124,8,3,1,,3,0,2,1,5,1,1,1,1,,1,1,83,8,21,,12/28 (43%),1/7 (14%),52%,3,15/30 (50%),11/20 (55%),4/4 (100%),50%,8,3,,19,,1,,,,,5
10021129,242,40071,CALENDAR,REGULAR_SEASON,Regular Season,LEAGUE,404108,Charlotte FC,Visita,ALL,02/04/2022,,0,59%,0.00,0,10,4,6,8,505,10,14,0,,1,0,4,5,4,6,0,0,0,,3,3,429,16,47,,30/48 (63%),2/25 (8%),53%,8,28/56 (50%),20/35 (57%),4/10 (40%),60%,10,10,,30,,4,,,,,7
10021129,242,40071,CALENDAR,REGULAR_SEASON,Regular Season,LEAGUE,404108,Charlotte FC,Visita,1ST,02/04/2022,,0,51%,0.00,0,2,2,3,,243,7,5,0,,0,0,2,0,1,1,0,0,0,,2,1,207,5,18,,10/19 (53%),0/8 (0%),59%,3,13/26 (50%),11/15 (73%),1/4 (25%),43%,7,7,,18,,2,,,,,3
10021129,242,40071,CALENDAR,REGULAR_SEASON,Regular Season,LEAGUE,404108,Charlotte FC,Visita,2ND,02/04/2022,,0,68%,0.00,0,8,2,3,,262,3,9,0,,1,0,2,5,3,5,0,0,0,,1,2,222,11,29,,20/29 (69%),2/17 (12%),48%,5,15/30 (50%),9/20 (45%),3/6 (50%),100%,3,3,,12,,2,,,,,4
10021147,242,40071,CALENDAR,REGULAR_SEASON,Regular Season,LEAGUE,39833,Philadelphia Union,Local,ALL,09/04/2022,,1,31%,0.00,3,10,4,4,12,275,17,8,1,,5,0,3,2,7,3,,3,0,,1,0,179,9,58,,31/72 (43%),3/10 (30%),49%,1,27/62 (44%),24/43 (56%),2/8 (25%),59%,17,9,,25,,4,,,,,11
10021147,242,40071,CALENDAR,REGULAR_SEASON,Regular Season,LEAGUE,39833,Philadelphia Union,Local,1ST,09/04/2022,,1,36%,0.00,1,3,1,1,,148,8,4,0,,1,0,1,1,3,0,,1,0,,1,0,98,9,31,,15/37 (41%),2/5 (40%),46%,1,14/32 (44%),10/20 (50%),2/6 (33%),63%,8,1,,11,,1,,,,,6
10021147,242,40071,CALENDAR,REGULAR_SEASON,Regular Season,LEAGUE,39833,Philadelphia Union,Local,2ND,09/04/2022,,0,27%,0.00,2,7,3,3,,127,9,4,1,,4,0,2,1,4,3,,2,0,,0,0,81,0,27,,16/35 (46%),1/5 (20%),51%,0,13/30 (43%),14/23 (61%),0/2 (0%),56%,9,8,,14,,3,,,,,5
10021147,242,40071,CALENDAR,REGULAR_SEASON,Regular Season,LEAGUE,2504,Columbus Crew,Visita,ALL,09/04/2022,,0,69%,0.00,0,19,5,8,8,590,7,12,1,,4,0,11,4,12,7,,0,1,,3,4,506,17,66,,37/56 (66%),5/35 (14%),51%,10,35/62 (56%),19/43 (44%),16/23 (70%),43%,7,5,,7,,5,,,,,6
10021147,242,40071,CALENDAR,REGULAR_SEASON,Regular Season,LEAGUE,2504,Columbus Crew,Visita,1ST,09/04/2022,,0,64%,0.00,0,8,1,3,,263,5,4,0,,1,0,4,3,5,3,,0,1,,2,1,219,11,26,,15/25 (60%),2/13 (15%),54%,4,18/32 (56%),10/20 (50%),9/13 (69%),40%,5,3,,2,,1,,,,,3
10021147,242,40071,CALENDAR,REGULAR_SEASON,Regular Season,LEAGUE,2504,Columbus Crew,Visita,2ND,09/04/2022,,0,73%,0.00,0,11,4,5,,327,2,8,1,,3,0,7,1,7,4,,0,0,,1,3,287,6,40,,22/31 (71%),3/22 (14%),49%,6,17/30 (57%),9/23 (39%),7/10 (70%),50%,2,2,,5,,4,,,,,3
10021156,242,40071,CALENDAR,REGULAR_SEASON,Regular Season,LEAGUE,7080,Toronto FC,Local,ALL,16/04/2022,,2,54%,0.00,0,7,4,4,9,448,13,14,4,,4,0,1,2,5,2,0,0,,,2,0,331,34,55,,17/56 (30%),0/9 (0%),47%,11,45/86 (52%),14/40 (35%),18/35 (51%),38%,13,8,,29,,4,,,,,10
10021156,242,40071,CALENDAR,REGULAR_SEASON,Regular Season,LEAGUE,7080,Toronto FC,Local,1ST,16/04/2022,,1,60%,0.00,0,5,1,2,,250,3,5,3,,3,0,1,1,3,2,0,0,,,1,0,186,15,25,,8/27 (30%),0/6 (0%),46%,3,18/35 (51%),10/26 (38%),10/14 (71%),100%,3,4,,10,,1,,,,,4
10021156,242,40071,CALENDAR,REGULAR_SEASON,Regular Season,LEAGUE,7080,Toronto FC,Local,2ND,16/04/2022,,1,47%,0.00,0,2,3,2,,198,10,9,1,,1,0,0,1,2,0,0,0,,,1,0,145,19,30,,9/29 (31%),0/3 (0%),48%,8,27/51 (53%),4/14 (29%),8/21 (38%),20%,10,4,,19,,3,,,,,6
10021156,242,40071,CALENDAR,REGULAR_SEASON,Regular Season,LEAGUE,39833,Philadelphia Union,Visita,ALL,16/04/2022,,1,46%,0.00,3,15,2,10,16,368,28,9,1,,5,0,6,4,13,2,1,2,,,2,2,245,23,72,,30/77 (39%),7/27 (26%),53%,10,41/86 (48%),26/40 (65%),4/7 (57%),64%,28,16,,15,,2,,,,,4
10021156,242,40071,CALENDAR,REGULAR_SEASON,Regular Season,LEAGUE,39833,Philadelphia Union,Visita,1ST,16/04/2022,,1,40%,0.00,2,6,2,6,,162,7,8,0,,2,0,3,1,5,1,1,1,,,2,1,97,6,33,,12/40 (30%),3/10 (30%),54%,2,17/35 (49%),16/26 (62%),2/3 (67%),57%,7,10,,8,,2,,,,,2
10021156,242,40071,CALENDAR,REGULAR_SEASON,Regular Season,LEAGUE,39833,Philadelphia Union,Visita,2ND,16/04/2022,,0,53%,0.00,1,9,0,4,,206,21,1,1,,3,0,3,3,8,1,0,1,,,0,1,148,17,39,,18/37 (49%),4/17 (24%),52%,8,24/51 (47%),10/14 (71%),2/4 (50%),67%,21,6,,7,,0,,,,,2
10024617,242,40071,CALENDAR,REGULAR_SEASON,Regular Season,LEAGUE,39833,Philadelphia Union,Local,ALL,23/04/2022,,1,46%,0.00,1,4,2,1,17,380,21,10,3,,2,0,2,0,3,1,1,,1,,2,1,266,17,58,,21/61 (34%),1/4 (25%),45%,6,35/73 (48%),8/23 (35%),4/10 (40%),71%,21,9,,10,,2,,,,,10
10024617,242,40071,CALENDAR,REGULAR_SEASON,Regular Season,LEAGUE,39833,Philadelphia Union,Local,1ST,23/04/2022,,1,48%,0.00,1,2,2,0,,208,11,5,0,,2,0,0,0,2,0,1,,1,,1,1,151,10,30,,9/25 (36%),1/1 (100%),48%,3,18/35 (51%),5/13 (38%),2/5 (40%),64%,11,6,,5,,2,,,,,5
10024617,242,40071,CALENDAR,REGULAR_SEASON,Regular Season,LEAGUE,39833,Philadelphia Union,Local,2ND,23/04/2022,,0,44%,0.00,0,2,0,1,,172,10,5,3,,0,0,2,0,1,1,0,,0,,1,0,115,7,28,,12/36 (33%),0/3 (0%),42%,3,17/38 (45%),3/10 (30%),2/5 (40%),80%,10,3,,5,,0,,,,,5
10024617,242,40071,CALENDAR,REGULAR_SEASON,Regular Season,LEAGUE,22006,CF Montréal,Visita,ALL,23/04/2022,,1,54%,0.00,1,8,1,1,10,444,12,17,3,,3,0,4,1,3,5,1,,1,,3,1,357,21,60,,40/80 (50%),2/12 (17%),55%,13,38/73 (52%),15/23 (65%),9/17 (53%),67%,12,10,,10,,1,,,,,5
10024617,242,40071,CALENDAR,REGULAR_SEASON,Regular Season,LEAGUE,22006,CF Montréal,Visita,1ST,23/04/2022,,0,52%,0.00,0,5,1,1,,226,6,9,0,,2,0,2,1,0,5,0,,0,,1,1,177,14,30,,16/36 (44%),0/4 (0%),52%,8,17/35 (49%),8/13 (62%),2/5 (40%),83%,6,5,,7,,1,,,,,0
10024617,242,40071,CALENDAR,REGULAR_SEASON,Regular Season,LEAGUE,22006,CF Montréal,Visita,2ND,23/04/2022,,1,56%,0.00,1,3,0,0,,218,6,8,3,,1,0,2,0,3,0,1,,1,,2,0,180,7,30,,24/44 (55%),2/8 (25%),58%,5,21/38 (55%),7/10 (70%),7/12 (58%),50%,6,5,,3,,0,,,,,5
10013719,242,40071,CALENDAR,REGULAR_SEASON,Regular Season,LEAGUE,337612,Nashville SC,Local,ALL,01/05/2022,,1,60%,0.00,2,15,4,13,11,414,6,13,4,,6,2,4,5,9,6,1,1,0,,2,4,326,28,44,,24/41 (59%),7/33 (21%),56%,10,23/56 (41%),31/41 (76%),4/10 (40%),83%,6,7,,15,,4,,,,,1
10013719,242,40071,CALENDAR,REGULAR_SEASON,Regular Season,LEAGUE,337612,Nashville SC,Local,1ST,01/05/2022,,0,60%,0.00,1,9,3,6,,208,3,7,2,,4,2,3,2,5,4,0,1,0,,1,3,171,15,21,,14/22 (64%),3/16 (19%),45%,6,12/31 (39%),8/13 (62%),2/4 (50%),100%,3,2,,7,,3,,,,,1
10013719,242,40071,CALENDAR,REGULAR_SEASON,Regular Season,LEAGUE,337612,Nashville SC,Local,2ND,01/05/2022,,1,60%,0.00,1,6,1,7,,206,3,6,2,,2,0,1,3,4,2,1,0,0,,1,1,155,13,23,,10/19 (53%),4/17 (24%),64%,4,11/25 (44%),23/28 (82%),2/6 (33%),67%,3,5,,8,,1,,,,,0
10013719,242,40071,CALENDAR,REGULAR_SEASON,Regular Season,LEAGUE,39833,Philadelphia Union,Visita,ALL,01/05/2022,,1,40%,0.00,2,10,5,5,14,289,16,11,3,,5,0,2,3,8,2,1,1,1,,5,1,195,17,58,,16/59 (27%),2/14 (14%),44%,2,33/56 (59%),10/41 (24%),6/10 (60%),88%,16,9,,32,,5,,,,,7
10013719,242,40071,CALENDAR,REGULAR_SEASON,Regular Season,LEAGUE,39833,Philadelphia Union,Visita,1ST,01/05/2022,,0,40%,0.00,1,4,4,1,,148,8,6,0,,3,0,1,0,4,0,0,1,0,,3,1,102,13,31,,7/26 (27%),0/5 (0%),55%,1,19/31 (61%),5/13 (38%),5/7 (71%),75%,8,4,,16,,4,,,,,3
10013719,242,40071,CALENDAR,REGULAR_SEASON,Regular Season,LEAGUE,39833,Philadelphia Union,Visita,2ND,01/05/2022,,1,40%,0.00,1,6,1,4,,141,8,5,3,,2,0,1,3,4,2,1,0,1,,2,0,93,4,27,,9/33 (27%),2/9 (22%),36%,1,14/25 (56%),5/28 (18%),1/3 (33%),100%,8,5,,16,,1,,,,,4
10025177,242,40071,CALENDAR,REGULAR_SEASON,Regular Season,LEAGUE,274650,Los Angeles FC,Local,ALL,07/05/2022,,2,67%,0.00,1,22,0,12,12,516,17,11,1,,6,1,8,8,12,10,1,,,,2,1,421,25,62,,28/52 (54%),7/30 (23%),45%,18,36/79 (46%),19/42 (45%),8/18 (44%),59%,17,3,,16,,0,,,,,10
10025177,242,40071,CALENDAR,REGULAR_SEASON,Regular Season,LEAGUE,274650,Los Angeles FC,Local,1ST,07/05/2022,,0,65%,0.00,0,13,0,7,,271,5,6,0,,2,1,6,5,5,8,0,,,,1,1,216,9,36,,18/30 (60%),3/14 (21%),47%,8,18/35 (51%),10/24 (42%),7/8 (88%),80%,5,1,,8,,0,,,,,3
10025177,242,40071,CALENDAR,REGULAR_SEASON,Regular Season,LEAGUE,274650,Los Angeles FC,Local,2ND,07/05/2022,,2,68%,0.00,1,9,0,5,,245,12,5,1,,4,0,2,3,7,2,1,,,,1,0,205,16,26,,10/22 (45%),4/16 (25%),44%,10,18/44 (41%),9/18 (50%),1/10 (10%),50%,12,2,,8,,0,,,,,7
10025177,242,40071,CALENDAR,REGULAR_SEASON,Regular Season,LEAGUE,39833,Philadelphia Union,Visita,ALL,07/05/2022,,2,33%,0.00,1,9,4,1,16,259,28,11,3,,2,0,6,1,6,3,1,,,,0,1,173,17,45,,21/52 (40%),6/15 (40%),55%,9,43/79 (54%),23/42 (55%),4/12 (33%),57%,28,19,,34,,4,,,,,9
10025177,242,40071,CALENDAR,REGULAR_SEASON,Regular Season,LEAGUE,39833,Philadelphia Union,Visita,1ST,07/05/2022,,1,35%,0.00,1,5,2,0,,146,9,6,0,,1,0,3,1,3,2,1,,,,0,0,95,9,18,,10/26 (38%),3/6 (50%),53%,3,17/35 (49%),14/24 (58%),2/4 (50%),67%,9,10,,21,,2,,,,,3
10025177,242,40071,CALENDAR,REGULAR_SEASON,Regular Season,LEAGUE,39833,Philadelphia Union,Visita,2ND,07/05/2022,,1,32%,0.00,0,4,2,1,,113,19,5,3,,1,0,3,0,3,1,0,,,,0,1,78,8,27,,11/26 (42%),3/9 (33%),56%,6,26/44 (59%),9/18 (50%),2/8 (25%),53%,19,9,,13,,2,,,,,6
10268299,495,40595,CALENDAR,REGULAR,Round of 32,CUP,52237,Orlando City SC,Local,ALL,10/05/2022,16,2,55%,0.00,2,12,3,3,13,480,15,17,1,,5,0,5,2,7,5,0,2,,,3,2,395,23,61,,42/68 (62%),2/10 (20%),39%,20,36/87 (41%),10/30 (33%),5/12 (42%),40%,15,14,,14,,3,,,,,14
10268299,495,40595,CALENDAR,REGULAR,Round of 32,CUP,52237,Orlando City SC,Local,1ST,10/05/2022,16,0,59%,0.00,2,6,1,3,,280,4,5,0,,1,0,4,1,4,2,0,2,,,1,2,238,12,28,,24/35 (69%),1/9 (11%),37%,7,11/29 (38%),7/20 (35%),2/5 (40%),50%,4,5,,0,,1,,,,,6
10268299,495,40595,CALENDAR,REGULAR,Round of 32,CUP,52237,Orlando City SC,Local,2ND,10/05/2022,16,2,50%,0.00,0,6,2,0,,200,11,12,1,,4,0,1,1,3,3,0,0,,,2,0,157,11,33,,18/33 (55%),1/1 (100%),41%,13,25/58 (43%),3/10 (30%),3/7 (43%),36%,11,9,,14,,2,,,,,8
10268299,495,40595,CALENDAR,REGULAR,Round of 32,CUP,39833,Philadelphia Union,Visita,ALL,10/05/2022,16,1,45%,0.00,1,10,3,0,18,388,26,13,4,,4,0,5,1,6,4,1,0,,,4,2,303,14,65,,25/51 (49%),1/10 (10%),61%,7,51/87 (59%),20/30 (67%),11/19 (58%),62%,26,17,,17,,3,,,,,7
10268299,495,40595,CALENDAR,REGULAR,Round of 32,CUP,39833,Philadelphia Union,Visita,1ST,10/05/2022,16,0,41%,0.00,0,3,1,0,,199,10,4,1,,1,0,2,0,2,1,0,0,,,2,0,154,4,29,,14/29 (48%),0/2 (0%),63%,1,18/29 (62%),13/20 (65%),4/7 (57%),70%,10,6,,12,,1,,,,,6
10268299,495,40595,CALENDAR,REGULAR,Round of 32,CUP,39833,Philadelphia Union,Visita,2ND,10/05/2022,16,1,50%,0.00,1,7,2,0,,189,16,9,3,,3,0,3,1,4,3,1,0,,,2,2,149,10,36,,11/22 (50%),1/8 (13%),59%,6,33/58 (57%),7/10 (70%),7/12 (58%),56%,16,11,,5,,2,,,,,1
10025196,242,40071,CALENDAR,REGULAR_SEASON,Regular Season,LEAGUE,39833,Philadelphia Union,Local,ALL,14/05/2022,,1,61%,0.00,4,17,5,7,15,389,12,8,4,0,6,0,8,3,11,6,1,3,1,,2,2,300,18,56,,33/61 (54%),8/29 (28%),42%,4,26/67 (39%),23/49 (47%),6/15 (40%),92%,12,10,,19,,5,,,,,6
10025196,242,40071,CALENDAR,REGULAR_SEASON,Regular Season,LEAGUE,39833,Philadelphia Union,Local,1ST,14/05/2022,,0,51%,0.00,0,6,3,5,,154,7,6,0,0,1,0,3,2,2,4,0,0,0,,2,0,114,11,27,,11/25 (44%),2/15 (13%),39%,4,16/40 (40%),11/29 (38%),3/8 (38%),100%,7,8,,16,,3,,,,,2
10025196,242,40071,CALENDAR,REGULAR_SEASON,Regular Season,LEAGUE,39833,Philadelphia Union,Local,2ND,14/05/2022,,1,71%,0.00,4,11,2,2,,235,5,2,4,0,5,0,5,1,9,2,1,3,1,,0,2,186,7,29,,22/36 (61%),6/14 (43%),47%,0,10/27 (37%),12/20 (60%),3/7 (43%),80%,5,2,,3,,2,,,,,4
10025196,242,40071,CALENDAR,REGULAR_SEASON,Regular Season,LEAGUE,2506,New York Red Bulls,Visita,ALL,14/05/2022,,1,39%,0.00,1,10,4,4,10,252,13,14,4,1,6,0,2,2,8,2,1,0,0,,5,1,150,22,52,,14/54 (26%),6/15 (40%),58%,7,41/67 (61%),26/49 (53%),14/19 (74%),62%,13,8,,30,,4,,,,,8
10025196,242,40071,CALENDAR,REGULAR_SEASON,Regular Season,LEAGUE,2506,New York Red Bulls,Visita,1ST,14/05/2022,,0,49%,0.00,0,5,1,2,,152,9,5,1,0,3,0,0,2,4,1,0,0,0,,1,1,100,13,30,,10/27 (37%),4/11 (36%),61%,4,24/40 (60%),18/29 (62%),10/13 (77%),67%,9,5,,15,,1,,,,,4
10025196,242,40071,CALENDAR,REGULAR_SEASON,Regular Season,LEAGUE,2506,New York Red Bulls,Visita,2ND,14/05/2022,,1,29%,0.00,1,5,3,2,,100,4,9,3,1,3,0,2,0,4,1,1,0,0,,4,0,50,9,22,,4/27 (15%),2/4 (50%),53%,3,17/27 (63%),8/20 (40%),4/6 (67%),50%,4,3,,15,,3,,,,,4
10025175,242,40071,CALENDAR,REGULAR_SEASON,Regular Season,LEAGUE,39833,Philadelphia Union,Local,ALL,18/05/2022,,0,44%,0.00,3,20,2,6,9,419,9,8,1,,8,1,9,3,13,7,,3,0,,4,1,326,18,65,,31/51 (61%),7/25 (28%),47%,1,25/60 (42%),18/31 (58%),8/23 (35%),56%,9,14,,13,,2,,,,,6
10025175,242,40071,CALENDAR,REGULAR_SEASON,Regular Season,LEAGUE,39833,Philadelphia Union,Local,1ST,18/05/2022,,0,41%,0.00,3,8,1,2,,188,1,3,1,,4,1,3,1,6,2,,3,0,,1,0,143,8,28,,14/24 (58%),1/3 (33%),41%,0,8/26 (31%),12/23 (52%),4/13 (31%),0%,1,7,,11,,1,,,,,3
10025175,242,40071,CALENDAR,REGULAR_SEASON,Regular Season,LEAGUE,39833,Philadelphia Union,Local,2ND,18/05/2022,,0,47%,0.00,0,12,1,4,,231,8,5,0,,4,0,6,2,7,5,,0,0,,3,1,183,10,37,,17/27 (63%),6/22 (27%),55%,1,17/34 (50%),6/8 (75%),4/10 (40%),63%,8,7,,2,,1,,,,,3
10025175,242,40071,CALENDAR,REGULAR_SEASON,Regular Season,LEAGUE,337602,Inter Miami CF,Visita,ALL,18/05/2022,,0,56%,0.00,1,9,8,2,9,539,16,9,1,,2,1,5,2,6,3,,1,2,,2,3,445,17,56,,37/76 (49%),3/15 (20%),53%,5,35/60 (58%),13/31 (42%),10/14 (71%),69%,16,7,,21,,8,,,,,13
10025175,242,40071,CALENDAR,REGULAR_SEASON,Regular Season,LEAGUE,337602,Inter Miami CF,Visita,1ST,18/05/2022,,0,59%,0.00,0,5,3,2,,266,9,5,0,,1,1,3,1,2,3,,0,1,,1,1,210,14,28,,18/41 (44%),2/9 (22%),59%,1,18/26 (69%),11/23 (48%),4/4 (100%),44%,9,2,,8,,3,,,,,8
10025175,242,40071,CALENDAR,REGULAR_SEASON,Regular Season,LEAGUE,337602,Inter Miami CF,Visita,2ND,18/05/2022,,0,53%,0.00,1,4,5,0,,273,7,4,1,,1,0,2,1,4,0,,1,1,,1,2,235,3,28,,19/35 (54%),1/6 (17%),45%,4,17/34 (50%),2/8 (25%),6/10 (60%),100%,7,5,,13,,5,,,,,5
10025161,242,40071,CALENDAR,REGULAR_SEASON,Regular Season,LEAGUE,22007,Portland Timbers,Local,ALL,22/05/2022,,0,66%,0.00,1,12,2,11,12,525,11,18,1,,2,0,6,4,5,7,,1,1,,4,1,446,18,67,,37/63 (59%),4/34 (12%),52%,4,37/70 (53%),15/30 (50%),9/22 (41%),73%,11,12,,17,,2,,,,,8
10025161,242,40071,CALENDAR,REGULAR_SEASON,Regular Season,LEAGUE,22007,Portland Timbers,Local,1ST,22/05/2022,,0,66%,0.00,0,3,1,3,,263,4,9,1,,0,0,3,0,1,2,,0,1,,2,0,221,10,27,,17/32 (53%),1/11 (9%),59%,1,19/33 (58%),11/18 (61%),6/11 (55%),75%,4,5,,10,,1,,,,,8
10025161,242,40071,CALENDAR,REGULAR_SEASON,Regular Season,LEAGUE,22007,Portland Timbers,Local,2ND,22/05/2022,,0,66%,0.00,1,9,1,8,,262,7,9,0,,2,0,3,4,4,5,,1,0,,2,1,225,8,40,,20/31 (65%),3/23 (13%),45%,3,18/37 (49%),4/12 (33%),3/11 (27%),71%,7,7,,7,,1,,,,,0
10025161,242,40071,CALENDAR,REGULAR_SEASON,Regular Season,LEAGUE,39833,Philadelphia Union,Visita,ALL,22/05/2022,,2,34%,0.00,0,12,2,5,20,276,17,11,3,,4,0,2,6,7,5,,0,0,,5,2,196,26,53,,15/45 (33%),4/14 (29%),48%,1,33/70 (47%),15/30 (50%),5/15 (33%),71%,17,17,,29,,2,,,,,7
10025161,242,40071,CALENDAR,REGULAR_SEASON,Regular Season,LEAGUE,39833,Philadelphia Union,Visita,1ST,22/05/2022,,1,34%,0.00,0,10,0,3,,136,6,4,1,,2,0,2,6,6,4,,0,0,,3,0,98,17,26,,8/20 (40%),3/7 (43%),41%,0,14/33 (42%),7/18 (39%),4/8 (50%),67%,6,8,,8,,0,,,,,2
10025161,242,40071,CALENDAR,REGULAR_SEASON,Regular Season,LEAGUE,39833,Philadelphia Union,Visita,2ND,22/05/2022,,1,34%,0.00,0,2,2,2,,140,11,7,2,,2,0,0,0,1,1,,0,0,,2,2,98,9,27,,7/25 (28%),1/7 (14%),55%,1,19/37 (51%),8/12 (67%),1/7 (14%),73%,11,9,,21,,2,,,,,5
10025160,242,40071,CALENDAR,REGULAR_SEASON,Regular Season,LEAGUE,2511,New England Revolution,Local,ALL,28/05/2022,,1,60%,0.00,3,22,1,11,5,462,12,12,1,,4,0,11,7,16,6,1,2,,,4,1,401,27,49,,45/63 (71%),12/34 (35%),58%,9,40/70 (57%),19/32 (59%),16/26 (62%),33%,12,3,,17,,1,,,,,4
10025160,242,40071,CALENDAR,REGULAR_SEASON,Regular Season,LEAGUE,2511,New England Revolution,Local,1ST,28/05/2022,,0,64%,0.00,2,13,0,9,,255,7,5,0,,2,0,6,5,8,5,0,2,,,1,0,223,16,30,,26/38 (68%),7/23 (30%),54%,2,18/33 (55%),8/15 (53%),6/14 (43%),14%,7,1,,5,,0,,,,,2
10025160,242,40071,CALENDAR,REGULAR_SEASON,Regular Season,LEAGUE,2511,New England Revolution,Local,2ND,28/05/2022,,1,54%,0.00,1,9,1,2,,207,5,7,1,,2,0,5,2,8,1,1,0,,,3,1,178,11,19,,19/25 (76%),5/11 (45%),61%,7,22/37 (59%),11/17 (65%),10/12 (83%),60%,5,2,,12,,1,,,,,2
10025160,242,40071,CALENDAR,REGULAR_SEASON,Regular Season,LEAGUE,39833,Philadelphia Union,Visita,ALL,28/05/2022,,1,40%,0.00,2,5,3,5,13,329,19,5,3,,2,0,1,2,3,2,1,1,,,1,0,250,10,42,,34/66 (52%),3/13 (23%),42%,5,30/70 (43%),13/32 (41%),6/13 (46%),89%,19,7,,19,,3,,,,,16
10025160,242,40071,CALENDAR,REGULAR_SEASON,Regular Season,LEAGUE,39833,Philadelphia Union,Visita,1ST,28/05/2022,,0,36%,0.00,0,1,2,2,,150,10,2,0,,0,0,1,0,0,1,0,0,,,1,0,115,5,20,,15/31 (48%),1/4 (25%),46%,1,15/33 (45%),7/15 (47%),3/9 (33%),90%,10,4,,14,,2,,,,,9
10025160,242,40071,CALENDAR,REGULAR_SEASON,Regular Season,LEAGUE,39833,Philadelphia Union,Visita,2ND,28/05/2022,,1,46%,0.00,2,4,1,3,,179,9,3,3,,2,0,0,2,3,1,1,1,,,0,0,135,5,22,,19/35 (54%),2/9 (22%),39%,4,15/37 (41%),6/17 (35%),3/4 (75%),89%,9,3,,5,,1,,,,,7
10025110,242,40071,CALENDAR,REGULAR_SEASON,Regular Season,LEAGUE,39833,Philadelphia Union,Local,ALL,18/06/2022,,1,45%,0.00,0,13,4,3,10,368,20,11,1,,5,0,3,5,11,2,0,,,,3,3,282,14,44,,22/50 (44%),5/20 (25%),47%,7,36/71 (51%),11/28 (39%),5/14 (36%),65%,20,8,,28,,4,,,,,7
10025110,242,40071,CALENDAR,REGULAR_SEASON,Regular Season,LEAGUE,39833,Philadelphia Union,Local,1ST,18/06/2022,,1,36%,0.00,0,7,2,1,,155,10,4,0,,2,0,2,3,6,1,0,,,,0,2,109,4,21,,10/27 (37%),2/3 (67%),47%,6,17/33 (52%),6/16 (38%),3/7 (43%),40%,10,5,,21,,2,,,,,5
10025110,242,40071,CALENDAR,REGULAR_SEASON,Regular Season,LEAGUE,39833,Philadelphia Union,Local,2ND,18/06/2022,,0,56%,0.00,0,6,2,2,,213,10,7,1,,3,0,1,2,5,1,0,,,,3,1,173,10,23,,12/23 (52%),3/17 (18%),48%,1,19/38 (50%),5/12 (42%),2/7 (29%),90%,10,3,,7,,2,,,,,2
10025110,242,40071,CALENDAR,REGULAR_SEASON,Regular Season,LEAGUE,215167,FC Cincinnati,Visita,ALL,18/06/2022,,1,55%,0.00,1,17,4,8,12,453,16,8,4,,5,0,4,8,10,7,1,,,,5,2,362,19,73,,37/68 (54%),5/23 (22%),53%,13,35/71 (49%),17/28 (61%),11/18 (61%),44%,16,7,,17,,4,,,,,6
10025110,242,40071,CALENDAR,REGULAR_SEASON,Regular Season,LEAGUE,215167,FC Cincinnati,Visita,1ST,18/06/2022,,1,64%,0.00,1,12,1,6,,272,10,3,0,,3,0,4,5,7,5,1,,,,4,1,219,10,37,,20/34 (59%),4/19 (21%),53%,6,16/33 (48%),10/16 (63%),3/7 (43%),50%,10,3,,0,,1,,,,,4
10025110,242,40071,CALENDAR,REGULAR_SEASON,Regular Season,LEAGUE,215167,FC Cincinnati,Visita,2ND,18/06/2022,,0,44%,0.00,0,5,3,2,,181,6,5,4,,2,0,0,3,3,2,0,,,,1,1,143,9,36,,17/34 (50%),1/4 (25%),52%,7,19/38 (50%),7/12 (58%),8/11 (73%),33%,6,4,,17,,3,,,,,2
10025117,242,40071,CALENDAR,REGULAR_SEASON,Regular Season,LEAGUE,39833,Philadelphia Union,Local,ALL,26/06/2022,,2,41%,0.00,4,12,4,4,21,332,14,12,1,,6,0,3,3,9,3,0,4,1,,2,2,228,22,47,,22/60 (37%),4/14 (29%),47%,3,33/72 (46%),16/33 (48%),7/12 (58%),43%,14,15,,18,,4,,,,,11
10025117,242,40071,CALENDAR,REGULAR_SEASON,Regular Season,LEAGUE,39833,Philadelphia Union,Local,1ST,26/06/2022,,1,49%,0.00,3,7,1,2,,201,6,8,0,,4,0,1,2,7,0,0,3,0,,2,2,149,17,28,,11/28 (39%),3/11 (27%),50%,1,18/32 (56%),4/12 (33%),4/6 (67%),50%,6,6,,3,,1,,,,,2
10025117,242,40071,CALENDAR,REGULAR_SEASON,Regular Season,LEAGUE,39833,Philadelphia Union,Local,2ND,26/06/2022,,1,33%,0.00,1,5,3,2,,131,8,4,1,,2,0,2,1,2,3,0,1,1,,0,0,79,5,19,,11/32 (34%),1/3 (33%),44%,2,15/40 (38%),12/21 (57%),3/6 (50%),38%,8,9,,15,,3,,,,,9
10025117,242,40071,CALENDAR,REGULAR_SEASON,Regular Season,LEAGUE,187643,New York City FC,Visita,ALL,26/06/2022,,1,59%,0.00,1,10,4,6,12,475,8,19,4,,5,0,3,2,6,4,1,0,0,,2,1,389,19,42,,31/50 (62%),4/21 (19%),53%,9,39/72 (54%),17/33 (52%),13/18 (72%),38%,8,14,,14,,4,,,,,3
10025117,242,40071,CALENDAR,REGULAR_SEASON,Regular Season,LEAGUE,187643,New York City FC,Visita,1ST,26/06/2022,,0,51%,0.00,0,3,3,2,,213,3,8,1,,1,0,1,1,3,0,0,0,0,,1,1,172,12,17,,11/19 (58%),2/9 (22%),50%,4,14/32 (44%),8/12 (67%),4/6 (67%),0%,3,7,,11,,3,,,,,1
10025117,242,40071,CALENDAR,REGULAR_SEASON,Regular Season,LEAGUE,187643,New York City FC,Visita,2ND,26/06/2022,,1,67%,0.00,1,7,1,4,,262,5,11,3,,4,0,2,1,3,4,1,0,0,,1,0,217,7,25,,20/31 (65%),2/12 (17%),56%,5,25/40 (63%),9/21 (43%),9/12 (75%),60%,5,7,,3,,1,,,,,2
10025216,242,40071,CALENDAR,REGULAR_SEASON,Regular Season,LEAGUE,2505,Chicago Fire,Local,ALL,29/06/2022,,1,57%,0.00,1,14,2,7,12,455,12,13,1,0,3,1,7,4,6,8,,1,2,,5,2,352,20,66,,43/78 (55%),6/26 (23%),42%,10,28/65 (43%),17/42 (40%),3/11 (27%),50%,12,10,,22,,2,,,,,8
10025216,242,40071,CALENDAR,REGULAR_SEASON,Regular Season,LEAGUE,2505,Chicago Fire,Local,1ST,29/06/2022,,0,62%,0.00,1,6,0,5,,217,4,6,0,0,1,0,3,2,3,3,,1,2,,3,1,162,11,34,,24/43 (56%),4/18 (22%),42%,4,10/27 (37%),10/21 (48%),0/2 (0%),50%,4,6,,8,,0,,,,,4
10025216,242,40071,CALENDAR,REGULAR_SEASON,Regular Season,LEAGUE,2505,Chicago Fire,Local,2ND,29/06/2022,,1,53%,0.00,0,8,2,2,,238,8,7,1,0,2,1,4,2,3,5,,0,0,,2,1,190,9,32,,19/35 (54%),2/8 (25%),42%,6,18/38 (47%),7/21 (33%),3/9 (33%),50%,8,4,,14,,2,,,,,4
10025216,242,40071,CALENDAR,REGULAR_SEASON,Regular Season,LEAGUE,39833,Philadelphia Union,Visita,ALL,29/06/2022,,0,43%,0.00,1,8,2,4,13,345,18,12,5,1,2,0,6,0,3,5,,1,0,,2,1,244,26,61,,28/62 (45%),7/18 (39%),58%,3,37/65 (57%),25/42 (60%),7/16 (44%),61%,18,11,,24,,2,,,,,9
10025216,242,40071,CALENDAR,REGULAR_SEASON,Regular Season,LEAGUE,39833,Philadelphia Union,Visita,1ST,29/06/2022,,0,38%,0.00,0,4,1,2,,135,6,6,2,0,0,0,4,0,1,3,,0,0,,2,1,91,14,27,,16/30 (53%),2/7 (29%),58%,2,17/27 (63%),11/21 (52%),5/7 (71%),50%,6,5,,20,,1,,,,,5
10025216,242,40071,CALENDAR,REGULAR_SEASON,Regular Season,LEAGUE,39833,Philadelphia Union,Visita,2ND,29/06/2022,,0,47%,0.00,1,4,1,2,,210,12,6,3,1,2,0,2,0,2,2,,1,0,,0,0,153,12,34,,12/32 (38%),5/11 (45%),58%,1,20/38 (53%),14/21 (67%),2/9 (22%),67%,12,6,,4,,1,,,,,4
10025206,242,40071,CALENDAR,REGULAR_SEASON,Regular Season,LEAGUE,2504,Columbus Crew,Local,ALL,03/07/2022,,0,65%,0.00,1,16,2,6,8,530,21,21,5,,5,0,8,3,7,9,,1,,,6,3,457,20,57,,25/45 (56%),5/13 (38%),54%,10,48/79 (61%),14/36 (39%),6/16 (38%),33%,21,6,,12,,2,,,,,6
10025206,242,40071,CALENDAR,REGULAR_SEASON,Regular Season,LEAGUE,2504,Columbus Crew,Local,1ST,03/07/2022,,0,61%,0.00,1,7,1,2,,236,9,11,4,,3,0,4,0,2,5,,1,,,3,1,199,10,28,,10/21 (48%),2/4 (50%),56%,3,22/32 (69%),10/25 (40%),2/4 (50%),22%,9,4,,9,,1,,,,,3
10025206,242,40071,CALENDAR,REGULAR_SEASON,Regular Season,LEAGUE,2504,Columbus Crew,Local,2ND,03/07/2022,,0,68%,0.00,0,9,1,4,,294,12,10,1,,2,0,4,3,5,4,,0,,,3,2,258,10,29,,15/24 (63%),3/9 (33%),52%,7,26/47 (55%),4/11 (36%),4/12 (33%),42%,12,2,,3,,1,,,,,3
10025206,242,40071,CALENDAR,REGULAR_SEASON,Regular Season,LEAGUE,39833,Philadelphia Union,Visita,ALL,03/07/2022,,0,35%,0.00,0,4,5,5,23,277,20,8,2,,2,0,2,0,2,2,,0,,,1,1,196,15,50,,23/53 (43%),5/17 (29%),46%,9,31/79 (39%),22/36 (61%),3/15 (20%),60%,20,12,,12,,5,,,,,13
10025206,242,40071,CALENDAR,REGULAR_SEASON,Regular Season,LEAGUE,39833,Philadelphia Union,Visita,1ST,03/07/2022,,0,39%,0.00,0,1,3,3,,142,5,4,1,,1,0,0,0,0,1,,0,,,1,0,99,10,24,,13/27 (48%),1/9 (11%),44%,6,10/32 (31%),15/25 (60%),1/4 (25%),80%,5,3,,3,,3,,,,,7
10025206,242,40071,CALENDAR,REGULAR_SEASON,Regular Season,LEAGUE,39833,Philadelphia Union,Visita,2ND,03/07/2022,,0,32%,0.00,0,3,2,2,,135,15,4,1,,1,0,2,0,2,1,,0,,,0,1,97,5,26,,10/26 (38%),4/8 (50%),48%,3,21/47 (45%),7/11 (64%),2/11 (18%),53%,15,9,,9,,2,,,,,6
10025224,242,40071,CALENDAR,REGULAR_SEASON,Regular Season,LEAGUE,39833,Philadelphia Union,Local,ALL,08/07/2022,,7,54%,0.00,10,24,3,2,7,415,10,9,0,,12,0,4,8,19,5,5,5,2,,5,0,345,23,49,,40/56 (71%),5/14 (36%),54%,7,30/54 (56%),19/36 (53%),11/15 (73%),70%,10,9,,20,,3,,,,,5
10025224,242,40071,CALENDAR,REGULAR_SEASON,Regular Season,LEAGUE,39833,Philadelphia Union,Local,1ST,08/07/2022,,5,53%,0.00,5,11,0,1,,210,4,5,0,,7,0,3,1,8,3,4,1,2,,3,0,180,11,29,,23/29 (79%),3/9 (33%),54%,3,14/24 (58%),6/13 (46%),5/9 (56%),50%,4,5,,8,,0,,,,,3
10025224,242,40071,CALENDAR,REGULAR_SEASON,Regular Season,LEAGUE,39833,Philadelphia Union,Local,2ND,08/07/2022,,2,55%,0.00,5,13,3,1,,205,6,4,0,,5,0,1,7,11,2,1,4,0,,2,0,165,12,20,,17/27 (63%),2/5 (40%),55%,4,16/30 (53%),13/23 (57%),6/6 (100%),83%,6,4,,12,,3,,,,,2
10025224,242,40071,CALENDAR,REGULAR_SEASON,Regular Season,LEAGUE,2502,DC United,Visita,ALL,08/07/2022,,0,46%,0.00,2,11,5,8,10,340,11,6,2,,3,0,3,5,9,2,0,2,1,,3,2,247,28,41,,21/53 (40%),4/19 (21%),46%,4,24/54 (44%),17/36 (47%),7/13 (54%),55%,11,9,,20,,5,,,,,6
10025224,242,40071,CALENDAR,REGULAR_SEASON,Regular Season,LEAGUE,2502,DC United,Visita,1ST,08/07/2022,,0,47%,0.00,1,2,2,2,,181,7,1,1,,0,0,1,1,2,0,0,1,1,,1,2,136,15,21,,15/32 (47%),0/7 (0%),46%,2,10/24 (42%),7/13 (54%),2/4 (50%),71%,7,2,,14,,2,,,,,3
10025224,242,40071,CALENDAR,REGULAR_SEASON,Regular Season,LEAGUE,2502,DC United,Visita,2ND,08/07/2022,,0,45%,0.00,1,9,3,6,,159,4,5,1,,3,0,2,4,7,2,0,1,0,,2,0,111,13,20,,6/21 (29%),4/12 (33%),45%,2,14/30 (47%),10/23 (43%),5/9 (56%),25%,4,7,,6,,3,,,,,3
10025237,242,40071,CALENDAR,REGULAR_SEASON,Regular Season,LEAGUE,337602,Inter Miami CF,Local,ALL,13/07/2022,,1,58%,0.00,0,12,3,4,15,451,9,17,3,,3,0,7,2,6,6,0,0,,,2,0,386,17,62,,37/55 (67%),6/27 (22%),47%,10,30/67 (45%),13/25 (52%),5/7 (71%),56%,9,7,,15,,3,,,,,4
10025237,242,40071,CALENDAR,REGULAR_SEASON,Regular Season,LEAGUE,337602,Inter Miami CF,Local,1ST,13/07/2022,,0,51%,0.00,0,6,3,0,,204,6,8,1,,1,0,5,0,5,1,0,0,,,1,0,171,9,26,,15/23 (65%),4/9 (44%),43%,7,15/35 (43%),4/9 (44%),1/2 (50%),50%,6,4,,10,,3,,,,,2
10025237,242,40071,CALENDAR,REGULAR_SEASON,Regular Season,LEAGUE,337602,Inter Miami CF,Local,2ND,13/07/2022,,1,64%,0.00,0,6,0,4,,247,3,9,2,,2,0,2,2,1,5,0,0,,,1,0,215,8,36,,22/32 (69%),2/18 (11%),50%,3,15/32 (47%),9/16 (56%),4/5 (80%),67%,3,3,,5,,0,,,,,2
10025237,242,40071,CALENDAR,REGULAR_SEASON,Regular Season,LEAGUE,39833,Philadelphia Union,Visita,ALL,13/07/2022,,2,42%,0.00,4,11,2,9,18,333,12,15,1,,5,0,5,1,9,2,2,2,,,3,1,269,15,32,,27/45 (60%),3/18 (17%),53%,5,37/67 (55%),12/25 (48%),10/14 (71%),67%,12,9,,24,,2,,,,,8
10025237,242,40071,CALENDAR,REGULAR_SEASON,Regular Season,LEAGUE,39833,Philadelphia Union,Visita,1ST,13/07/2022,,1,49%,0.00,1,6,1,7,,195,8,7,0,,4,0,2,0,4,2,1,0,,,2,1,163,6,17,,13/23 (57%),1/10 (10%),57%,4,20/35 (57%),5/9 (56%),5/7 (71%),63%,8,5,,11,,1,,,,,6
10025237,242,40071,CALENDAR,REGULAR_SEASON,Regular Season,LEAGUE,39833,Philadelphia Union,Visita,2ND,13/07/2022,,1,36%,0.00,3,5,1,2,,138,4,8,1,,1,0,3,1,5,0,1,2,,,1,0,106,9,15,,14/22 (64%),2/8 (25%),50%,1,17/32 (53%),7/16 (44%),5/7 (71%),75%,4,4,,13,,1,,,,,2
10025256,242,40071,CALENDAR,REGULAR_SEASON,Regular Season,LEAGUE,39833,Philadelphia Union,Local,ALL,16/07/2022,,2,44%,0.00,1,20,5,9,5,378,10,8,1,,6,0,8,6,7,13,1,0,0,,2,1,316,10,50,,20/42 (48%),6/22 (27%),49%,5,21/47 (45%),15/26 (58%),4/9 (44%),90%,10,11,,16,,5,,,,,10
10025256,242,40071,CALENDAR,REGULAR_SEASON,Regular Season,LEAGUE,39833,Philadelphia Union,Local,1ST,16/07/2022,,0,40%,0.00,0,12,1,5,,174,5,2,0,,3,0,6,3,3,9,0,0,0,,0,1,144,7,21,,10/19 (53%),4/12 (33%),45%,2,8/20 (40%),5/9 (56%),1/3 (33%),80%,5,10,,4,,1,,,,,4
10025256,242,40071,CALENDAR,REGULAR_SEASON,Regular Season,LEAGUE,39833,Philadelphia Union,Local,2ND,16/07/2022,,2,49%,0.00,1,8,4,4,,204,5,6,1,,3,0,2,3,4,4,1,0,0,,2,0,172,3,29,,10/23 (43%),2/10 (20%),52%,3,13/27 (48%),10/17 (59%),3/6 (50%),100%,5,1,,12,,4,,,,,6
10025256,242,40071,CALENDAR,REGULAR_SEASON,Regular Season,LEAGUE,2511,New England Revolution,Visita,ALL,16/07/2022,,1,56%,0.00,4,18,4,6,8,487,10,5,0,,7,1,9,2,11,7,0,4,1,,0,4,424,17,41,,33/55 (60%),6/19 (32%),51%,1,26/47 (55%),11/26 (42%),11/20 (55%),50%,10,12,,17,,4,,,,,10
10025256,242,40071,CALENDAR,REGULAR_SEASON,Regular Season,LEAGUE,2511,New England Revolution,Visita,1ST,16/07/2022,,0,60%,0.00,1,6,3,0,,275,4,2,0,,1,1,4,1,3,3,0,1,0,,0,3,244,12,11,,18/28 (64%),4/7 (57%),55%,0,12/20 (60%),4/9 (44%),6/11 (55%),50%,4,8,,10,,3,,,,,5
10025256,242,40071,CALENDAR,REGULAR_SEASON,Regular Season,LEAGUE,2511,New England Revolution,Visita,2ND,16/07/2022,,1,51%,0.00,3,12,1,6,,212,6,3,0,,6,0,5,1,8,4,0,3,1,,0,1,180,5,30,,15/27 (56%),2/12 (17%),48%,1,14/27 (52%),7/17 (41%),5/9 (56%),50%,6,4,,7,,1,,,,,5
10025365,242,40071,CALENDAR,REGULAR_SEASON,Regular Season,LEAGUE,52237,Orlando City SC,Local,ALL,23/07/2022,,0,63%,0.00,2,12,0,2,10,551,11,11,3,,1,0,8,3,6,6,0,2,,,1,1,477,15,59,,26/39 (67%),2/18 (11%),55%,8,29/54 (54%),14/24 (58%),8/16 (50%),73%,11,9,,8,,0,,,,,6
10025365,242,40071,CALENDAR,REGULAR_SEASON,Regular Season,LEAGUE,52237,Orlando City SC,Local,1ST,23/07/2022,,0,60%,0.00,1,4,0,0,,275,4,7,2,,1,0,3,0,1,3,0,1,,,1,1,238,4,26,,10/17 (59%),0/6 (0%),67%,2,14/23 (61%),8/10 (80%),4/8 (50%),100%,4,4,,5,,0,,,,,3
10025365,242,40071,CALENDAR,REGULAR_SEASON,Regular Season,LEAGUE,52237,Orlando City SC,Local,2ND,23/07/2022,,0,67%,0.00,1,8,0,2,,276,7,4,1,,0,0,5,3,5,3,0,1,,,0,0,239,11,33,,16/22 (73%),2/12 (17%),47%,6,15/31 (48%),6/14 (43%),4/8 (50%),57%,7,5,,3,,0,,,,,3
10025365,242,40071,CALENDAR,REGULAR_SEASON,Regular Season,LEAGUE,39833,Philadelphia Union,Visita,ALL,23/07/2022,,1,37%,0.00,2,9,1,5,12,319,16,10,2,,1,0,3,5,5,4,1,1,,,0,2,243,12,51,,28/58 (48%),5/12 (42%),45%,5,25/54 (46%),10/24 (42%),0/6 (0%),63%,16,11,,30,,1,,,,,11
10025365,242,40071,CALENDAR,REGULAR_SEASON,Regular Season,LEAGUE,39833,Philadelphia Union,Visita,1ST,23/07/2022,,1,40%,0.00,2,6,1,4,,176,6,3,2,,1,0,2,3,4,2,1,1,,,0,1,140,7,29,,15/31 (48%),4/10 (40%),33%,3,9/23 (39%),2/10 (20%),0/1 (0%),50%,6,7,,13,,1,,,,,4
10025365,242,40071,CALENDAR,REGULAR_SEASON,Regular Season,LEAGUE,39833,Philadelphia Union,Visita,2ND,23/07/2022,,0,33%,0.00,0,3,0,1,,143,10,7,0,,0,0,1,2,1,2,0,0,,,0,1,103,5,22,,13/27 (48%),1/2 (50%),53%,2,16/31 (52%),8/14 (57%),0/5 (0%),70%,10,4,,17,,0,,,,,7
10025412,242,40071,CALENDAR,REGULAR_SEASON,Regular Season,LEAGUE,39833,Philadelphia Union,Local,ALL,30/07/2022,,6,50%,0.00,5,16,1,5,11,427,17,13,1,,8,0,3,5,13,3,4,1,6,,2,0,358,18,39,,31/52 (60%),7/14 (50%),51%,8,35/69 (51%),13/25 (52%),5/10 (50%),59%,17,15,,11,,1,,,,,7
10025412,242,40071,CALENDAR,REGULAR_SEASON,Regular Season,LEAGUE,39833,Philadelphia Union,Local,1ST,30/07/2022,,3,47%,0.00,2,6,1,3,,212,5,3,0,,3,0,1,2,4,2,2,0,2,,2,0,182,10,27,,15/23 (65%),2/8 (25%),44%,3,11/25 (44%),5/11 (45%),3/4 (75%),40%,5,3,,3,,1,,,,,2
10025412,242,40071,CALENDAR,REGULAR_SEASON,Regular Season,LEAGUE,39833,Philadelphia Union,Local,2ND,30/07/2022,,3,53%,0.00,3,10,0,2,,215,12,10,1,,5,0,2,3,9,1,2,1,4,,0,0,176,8,12,,16/29 (55%),5/6 (83%),55%,5,24/44 (55%),8/14 (57%),2/6 (33%),67%,12,12,,8,,0,,,,,5
10025412,242,40071,CALENDAR,REGULAR_SEASON,Regular Season,LEAGUE,2508,Houston Dynamo,Visita,ALL,30/07/2022,,0,50%,0.00,0,11,2,4,13,429,14,11,3,,1,0,5,5,4,7,0,0,0,,4,2,367,12,41,,36/49 (73%),6/17 (35%),49%,9,35/70 (50%),12/25 (48%),10/18 (56%),50%,14,6,,18,,2,,,,,3
10025412,242,40071,CALENDAR,REGULAR_SEASON,Regular Season,LEAGUE,2508,Houston Dynamo,Visita,1ST,30/07/2022,,0,53%,0.00,0,4,0,1,,242,5,5,0,,1,0,0,3,0,4,0,0,0,,1,1,218,5,21,,21/27 (78%),2/5 (40%),56%,1,15/26 (58%),6/11 (55%),5/9 (56%),20%,5,2,,11,,0,,,,,2
10025412,242,40071,CALENDAR,REGULAR_SEASON,Regular Season,LEAGUE,2508,Houston Dynamo,Visita,2ND,30/07/2022,,0,47%,0.00,0,7,2,3,,187,9,6,3,,0,0,5,2,4,3,0,0,0,,3,1,149,7,20,,15/22 (68%),4/12 (33%),45%,8,20/44 (45%),6/14 (43%),5/9 (56%),67%,9,4,,7,,2,,,,,1
10025328,242,40071,CALENDAR,REGULAR_SEASON,Regular Season,LEAGUE,215167,FC Cincinnati,Local,ALL,06/08/2022,,3,48%,0.00,4,13,1,3,10,386,5,9,3,,7,1,4,2,9,4,2,2,3,,5,1,314,21,56,,37/60 (62%),3/13 (23%),44%,12,20/55 (36%),13/20 (65%),6/15 (40%),40%,5,11,,25,,1,,,,,16
10025328,242,40071,CALENDAR,REGULAR_SEASON,Regular Season,LEAGUE,215167,FC Cincinnati,Local,1ST,06/08/2022,,0,53%,0.00,0,5,0,2,,210,2,4,1,,3,0,1,1,2,3,0,0,1,,2,0,166,18,39,,17/31 (55%),1/9 (11%),33%,8,8/29 (28%),5/11 (45%),2/9 (22%),50%,2,5,,13,,0,,,,,4
10025328,242,40071,CALENDAR,REGULAR_SEASON,Regular Season,LEAGUE,215167,FC Cincinnati,Local,2ND,06/08/2022,,3,44%,0.00,4,8,1,1,,176,3,5,2,,4,1,3,1,7,1,2,2,2,,3,1,148,3,17,,20/29 (69%),2/4 (50%),57%,4,12/26 (46%),8/9 (89%),4/6 (67%),33%,3,6,,12,,1,,,,,12
10025328,242,40071,CALENDAR,REGULAR_SEASON,Regular Season,LEAGUE,39833,Philadelphia Union,Visita,ALL,06/08/2022,,1,52%,0.00,1,15,4,7,10,401,21,9,0,,2,0,11,2,8,7,0,1,0,,4,2,316,16,46,,27/61 (44%),6/22 (27%),56%,3,35/55 (64%),7/20 (35%),6/8 (75%),52%,21,10,,12,,4,,,,,5
10025328,242,40071,CALENDAR,REGULAR_SEASON,Regular Season,LEAGUE,39833,Philadelphia Union,Visita,1ST,06/08/2022,,0,47%,0.00,0,5,3,4,,182,15,6,0,,0,0,4,1,3,2,0,0,0,,2,1,129,8,22,,12/33 (36%),3/11 (27%),67%,2,21/29 (72%),6/11 (55%),1/1 (100%),53%,15,6,,10,,3,,,,,1
10025328,242,40071,CALENDAR,REGULAR_SEASON,Regular Season,LEAGUE,39833,Philadelphia Union,Visita,2ND,06/08/2022,,1,56%,0.00,1,10,1,3,,219,6,3,0,,2,0,7,1,5,5,0,1,0,,2,1,187,8,24,,15/28 (54%),3/11 (27%),43%,1,14/26 (54%),1/9 (11%),5/7 (71%),50%,6,4,,2,,1,,,,,4
10025357,242,40071,CALENDAR,REGULAR_SEASON,Regular Season,LEAGUE,39833,Philadelphia Union,Local,ALL,13/08/2022,,4,44%,0.00,4,17,6,5,21,359,15,8,3,,7,0,5,5,12,5,2,2,1,,3,2,277,16,56,,18/45 (40%),3/14 (21%),45%,11,33/75 (44%),10/20 (50%),10/16 (63%),60%,15,8,,14,,6,,,,,9
10025357,242,40071,CALENDAR,REGULAR_SEASON,Regular Season,LEAGUE,39833,Philadelphia Union,Local,1ST,13/08/2022,,2,42%,0.00,0,7,3,2,,160,6,3,1,,4,0,0,3,5,2,0,0,1,,1,2,126,7,29,,7/22 (32%),0/7 (0%),41%,5,14/34 (41%),4/10 (40%),5/8 (63%),67%,6,5,,10,,3,,,,,6
10025357,242,40071,CALENDAR,REGULAR_SEASON,Regular Season,LEAGUE,39833,Philadelphia Union,Local,2ND,13/08/2022,,2,45%,0.00,4,10,3,3,,199,9,5,2,,3,0,5,2,7,3,2,2,0,,2,0,151,9,27,,11/23 (48%),3/7 (43%),49%,6,19/41 (46%),6/10 (60%),5/8 (63%),56%,9,3,,4,,3,,,,,3
10025357,242,40071,CALENDAR,REGULAR_SEASON,Regular Season,LEAGUE,2505,Chicago Fire,Visita,ALL,13/08/2022,,1,56%,0.00,2,13,3,6,8,462,17,20,3,,7,0,4,2,11,2,1,1,0,,8,1,389,19,44,,32/51 (63%),7/25 (28%),55%,9,42/75 (56%),10/20 (50%),5/11 (45%),47%,17,11,,11,,3,,,,,6
10025357,242,40071,CALENDAR,REGULAR_SEASON,Regular Season,LEAGUE,2505,Chicago Fire,Visita,1ST,13/08/2022,,0,58%,0.00,1,7,2,4,,216,8,10,1,,3,0,3,1,6,1,0,1,0,,3,1,179,10,21,,17/27 (63%),4/15 (27%),59%,3,20/34 (59%),6/10 (60%),2/5 (40%),63%,8,5,,5,,2,,,,,1
10025357,242,40071,CALENDAR,REGULAR_SEASON,Regular Season,LEAGUE,2505,Chicago Fire,Visita,2ND,13/08/2022,,1,55%,0.00,1,6,1,2,,246,9,10,2,,4,0,1,1,5,1,1,0,0,,5,0,210,9,23,,15/24 (63%),3/10 (30%),51%,6,22/41 (54%),4/10 (40%),3/6 (50%),33%,9,6,,6,,1,,,,,5
10025304,242,40071,CALENDAR,REGULAR_SEASON,Regular Season,LEAGUE,2512,FC Dallas,Local,ALL,17/08/2022,,1,47%,0.00,2,13,3,2,12,393,10,15,2,,5,0,6,2,8,5,1,1,1,,1,2,326,21,33,,24/54 (44%),3/9 (33%),48%,6,31/64 (48%),7/16 (44%),6/17 (35%),40%,10,15,,26,,3,,,,,14
10025304,242,40071,CALENDAR,REGULAR_SEASON,Regular Season,LEAGUE,2512,FC Dallas,Local,1ST,17/08/2022,,1,58%,0.00,1,5,1,0,,257,3,7,0,,3,0,1,1,3,2,1,0,1,,0,0,229,15,14,,16/24 (67%),0/5 (0%),50%,4,15/32 (47%),3/4 (75%),5/9 (56%),67%,3,5,,6,,1,,,,,7
10025304,242,40071,CALENDAR,REGULAR_SEASON,Regular Season,LEAGUE,2512,FC Dallas,Local,2ND,17/08/2022,,0,35%,0.00,1,8,2,2,,136,7,8,2,,2,0,5,1,5,3,0,1,0,,1,2,97,6,19,,8/30 (27%),3/4 (75%),45%,2,16/32 (50%),4/12 (33%),1/8 (13%),29%,7,10,,20,,2,,,,,7
10025304,242,40071,CALENDAR,REGULAR_SEASON,Regular Season,LEAGUE,39833,Philadelphia Union,Visita,ALL,17/08/2022,,0,53%,0.00,0,10,4,7,15,424,17,12,2,,3,0,4,3,6,4,0,0,0,,4,0,352,23,55,,34/52 (65%),7/32 (22%),52%,3,33/64 (52%),9/16 (56%),4/11 (36%),65%,17,7,,4,,4,,,,,8
10025304,242,40071,CALENDAR,REGULAR_SEASON,Regular Season,LEAGUE,39833,Philadelphia Union,Visita,1ST,17/08/2022,,0,42%,0.00,0,4,2,3,,178,8,6,0,,1,0,2,1,2,2,0,0,0,,1,0,149,7,22,,16/26 (62%),3/11 (27%),50%,1,17/32 (53%),1/4 (25%),3/5 (60%),63%,8,2,,4,,2,,,,,3
10025304,242,40071,CALENDAR,REGULAR_SEASON,Regular Season,LEAGUE,39833,Philadelphia Union,Visita,2ND,17/08/2022,,0,65%,0.00,0,6,2,4,,246,9,6,2,,2,0,2,2,4,2,0,0,0,,3,0,203,16,33,,18/26 (69%),4/21 (19%),55%,2,16/32 (50%),8/12 (67%),1/6 (17%),67%,9,5,,0,,2,,,,,5
10025273,242,40071,CALENDAR,REGULAR_SEASON,Regular Season,LEAGUE,2502,DC United,Local,ALL,20/08/2022,,0,50%,0.00,2,14,6,7,8,376,10,9,,,2,1,10,2,11,3,0,2,0,,1,2,300,24,51,,27/59 (46%),9/33 (27%),46%,6,30/62 (48%),12/30 (40%),11/22 (50%),60%,10,13,,13,,6,,,,,9
10025273,242,40071,CALENDAR,REGULAR_SEASON,Regular Season,LEAGUE,2502,DC United,Local,1ST,20/08/2022,,0,51%,0.00,1,7,2,3,,190,5,4,,,1,1,5,1,6,1,0,1,0,,0,2,147,15,23,,13/34 (38%),4/13 (31%),57%,3,17/31 (55%),7/11 (64%),8/14 (57%),40%,5,8,,7,,2,,,,,4
10025273,242,40071,CALENDAR,REGULAR_SEASON,Regular Season,LEAGUE,2502,DC United,Local,2ND,20/08/2022,,0,49%,0.00,1,7,4,4,,186,5,5,,,1,0,5,1,5,2,0,1,0,,1,0,153,9,28,,14/25 (56%),5/20 (25%),36%,3,13/31 (42%),5/19 (26%),3/8 (38%),80%,5,5,,6,,4,,,,,5
10025273,242,40071,CALENDAR,REGULAR_SEASON,Regular Season,LEAGUE,39833,Philadelphia Union,Visita,ALL,20/08/2022,,6,50%,0.00,8,22,2,2,9,399,17,8,,,12,1,6,4,13,9,3,5,1,,1,6,324,24,59,,43/66 (65%),4/18 (22%),54%,4,32/62 (52%),18/30 (60%),7/13 (54%),53%,17,10,,24,,2,,,,,9
10025273,242,40071,CALENDAR,REGULAR_SEASON,Regular Season,LEAGUE,39833,Philadelphia Union,Visita,1ST,20/08/2022,,2,49%,0.00,4,9,1,1,,192,9,4,,,4,0,3,2,4,5,2,2,0,,1,3,151,11,30,,20/34 (59%),2/10 (20%),43%,2,14/31 (45%),4/11 (36%),1/4 (25%),56%,9,6,,12,,1,,,,,6
10025273,242,40071,CALENDAR,REGULAR_SEASON,Regular Season,LEAGUE,39833,Philadelphia Union,Visita,2ND,20/08/2022,,4,51%,0.00,4,13,1,1,,207,8,4,,,8,1,3,2,9,4,1,3,1,,0,3,173,13,29,,23/32 (72%),2/8 (25%),64%,2,18/31 (58%),14/19 (74%),6/9 (67%),50%,8,4,,12,,1,,,,,3
10025282,242,40071,CALENDAR,REGULAR_SEASON,Regular Season,LEAGUE,39833,Philadelphia Union,Local,ALL,27/08/2022,,6,59%,0.00,11,26,2,3,11,530,14,13,0,0,14,1,7,5,17,9,5,6,3,,4,2,469,12,52,,34/53 (64%),3/9 (33%),51%,6,35/63 (56%),5/16 (31%),8/14 (57%),64%,14,10,,10,,2,,,,,3
10025282,242,40071,CALENDAR,REGULAR_SEASON,Regular Season,LEAGUE,39833,Philadelphia Union,Local,1ST,27/08/2022,,3,58%,0.00,5,7,2,0,,250,5,8,0,0,4,0,2,1,6,1,3,2,1,,3,0,213,8,24,,17/29 (59%),0/2 (0%),50%,4,18/30 (60%),2/10 (20%),5/7 (71%),60%,5,4,,8,,2,,,,,2
10025282,242,40071,CALENDAR,REGULAR_SEASON,Regular Season,LEAGUE,39833,Philadelphia Union,Local,2ND,27/08/2022,,3,60%,0.00,6,19,0,3,,280,9,5,0,0,10,1,5,4,11,8,2,4,2,,1,2,256,4,28,,17/24 (71%),3/7 (43%),51%,2,17/33 (52%),3/6 (50%),3/7 (43%),67%,9,6,,2,,0,,,,,1
10025282,242,40071,CALENDAR,REGULAR_SEASON,Regular Season,LEAGUE,2510,Colorado Rapids,Visita,ALL,27/08/2022,,0,41%,0.00,0,6,8,6,15,354,12,10,4,1,2,0,1,3,5,1,0,0,0,,0,2,291,11,33,,20/42 (48%),5/14 (36%),49%,8,28/63 (44%),11/16 (69%),6/12 (50%),50%,12,17,,9,,8,,,,,6
10025282,242,40071,CALENDAR,REGULAR_SEASON,Regular Season,LEAGUE,2510,Colorado Rapids,Visita,1ST,27/08/2022,,0,42%,0.00,0,5,1,4,,170,6,4,4,1,2,0,1,2,5,0,0,0,0,,0,1,134,2,17,,9/22 (41%),3/9 (33%),50%,4,12/30 (40%),8/10 (80%),2/3 (67%),33%,6,9,,2,,1,,,,,2
10025282,242,40071,CALENDAR,REGULAR_SEASON,Regular Season,LEAGUE,2510,Colorado Rapids,Visita,2ND,27/08/2022,,0,40%,0.00,0,1,7,2,,184,6,6,0,0,0,0,0,1,0,1,0,0,0,,0,1,157,9,16,,11/20 (55%),2/5 (40%),49%,4,16/33 (48%),3/6 (50%),4/9 (44%),67%,6,8,,7,,7,,,,,4
10025425,242,40071,CALENDAR,REGULAR_SEASON,Regular Season,LEAGUE,39833,Philadelphia Union,Local,ALL,31/08/2022,,4,44%,0.00,3,22,4,4,12,308,9,16,4,,8,1,10,4,13,9,2,1,,,4,2,232,17,55,,13/44 (30%),6/18 (33%),44%,9,35/80 (44%),15/33 (45%),11/22 (50%),11%,9,11,,10,,4,,,,,11
10025425,242,40071,CALENDAR,REGULAR_SEASON,Regular Season,LEAGUE,39833,Philadelphia Union,Local,1ST,31/08/2022,,2,44%,0.00,0,8,4,4,,142,3,8,1,,3,0,3,2,5,3,0,0,,,2,1,110,7,24,,3/18 (17%),3/10 (30%),45%,4,12/32 (38%),9/15 (60%),1/5 (20%),0%,3,5,,7,,4,,,,,2
10025425,242,40071,CALENDAR,REGULAR_SEASON,Regular Season,LEAGUE,39833,Philadelphia Union,Local,2ND,31/08/2022,,2,44%,0.00,3,14,0,0,,166,6,8,3,,5,1,7,2,8,6,2,1,,,2,1,122,10,31,,10/26 (38%),3/8 (38%),44%,5,23/48 (48%),6/18 (33%),10/17 (59%),17%,6,6,,3,,0,,,,,9
10025425,242,40071,CALENDAR,REGULAR_SEASON,Regular Season,LEAGUE,243211,Atlanta United,Visita,ALL,31/08/2022,,1,56%,0.00,1,18,4,6,16,397,20,12,2,,5,1,8,5,11,7,1,0,,,3,0,312,12,46,,42/66 (64%),3/13 (23%),56%,6,45/80 (56%),18/33 (55%),13/16 (81%),50%,20,7,,18,,4,,,,,9
10025425,242,40071,CALENDAR,REGULAR_SEASON,Regular Season,LEAGUE,243211,Atlanta United,Visita,1ST,31/08/2022,,1,56%,0.00,1,11,1,6,,182,8,6,0,,5,1,2,4,7,4,1,0,,,1,0,146,5,14,,21/31 (68%),1/10 (10%),55%,2,20/32 (63%),6/15 (40%),6/7 (86%),50%,8,2,,7,,1,,,,,3
10025425,242,40071,CALENDAR,REGULAR_SEASON,Regular Season,LEAGUE,243211,Atlanta United,Visita,2ND,31/08/2022,,0,56%,0.00,0,7,3,0,,215,12,6,2,,0,0,6,1,4,3,0,0,,,2,0,166,7,32,,21/35 (60%),2/3 (67%),56%,4,25/48 (52%),12/18 (67%),7/9 (78%),50%,12,5,,11,,3,,,,,6
10025431,242,40071,CALENDAR,REGULAR_SEASON,Regular Season,LEAGUE,2506,New York Red Bulls,Local,ALL,03/09/2022,,0,55%,0.00,2,8,1,3,12,394,16,17,2,1,3,0,1,4,3,5,0,2,0,,4,2,274,33,69,,33/69 (48%),1/12 (8%),47%,16,37/75 (49%),26/58 (45%),4/12 (33%),56%,16,17,,18,,1,,,,,7
10025431,242,40071,CALENDAR,REGULAR_SEASON,Regular Season,LEAGUE,2506,New York Red Bulls,Local,1ST,03/09/2022,,0,55%,0.00,1,4,0,1,,206,5,9,0,0,2,0,0,2,1,3,0,1,0,,1,1,147,14,32,,18/38 (47%),1/2 (50%),52%,6,17/33 (52%),13/25 (52%),3/5 (60%),60%,5,11,,8,,0,,,,,2
10025431,242,40071,CALENDAR,REGULAR_SEASON,Regular Season,LEAGUE,2506,New York Red Bulls,Local,2ND,03/09/2022,,0,55%,0.00,1,4,1,2,,188,11,8,2,1,1,0,1,2,2,2,0,1,0,,3,1,127,19,37,,15/31 (48%),0/10 (0%),44%,10,20/42 (48%),13/33 (39%),1/7 (14%),55%,11,6,,10,,1,,,,,5
10025431,242,40071,CALENDAR,REGULAR_SEASON,Regular Season,LEAGUE,39833,Philadelphia Union,Visita,ALL,03/09/2022,,2,45%,0.00,2,5,3,0,17,320,24,12,4,0,3,0,1,1,4,1,1,1,2,,1,2,188,26,70,,16/63 (25%),2/13 (15%),53%,10,38/75 (51%),32/58 (55%),2/8 (25%),58%,24,12,,15,,3,,,,,6
10025431,242,40071,CALENDAR,REGULAR_SEASON,Regular Season,LEAGUE,39833,Philadelphia Union,Visita,1ST,03/09/2022,,0,45%,0.00,0,1,2,0,,165,8,6,3,0,0,0,1,0,0,1,0,0,0,,0,1,99,11,36,,8/31 (26%),1/7 (14%),48%,2,16/33 (48%),12/25 (48%),2/5 (40%),50%,8,5,,5,,2,,,,,2
10025431,242,40071,CALENDAR,REGULAR_SEASON,Regular Season,LEAGUE,39833,Philadelphia Union,Visita,2ND,03/09/2022,,2,45%,0.00,2,4,1,0,,155,16,6,1,0,3,0,0,1,4,0,1,1,2,,1,1,89,15,34,,8/32 (25%),1/6 (17%),56%,8,22/42 (52%),20/33 (61%),0/3 (0%),63%,16,7,,10,,1,,,,,4
10025427,242,40071,CALENDAR,REGULAR_SEASON,Regular Season,LEAGUE,39833,Philadelphia Union,Local,ALL,10/09/2022,,5,48%,0.00,5,18,1,2,13,401,16,9,1,,11,0,5,2,12,6,4,1,1,18,3,4,322,17,68,95/130 (73%),27/56 (48%),3/15 (20%),39%,7,32/72 (44%),3/18 (17%),7/20 (35%),63%,16,12,,16,,1,,1,0,1,6
10025427,242,40071,CALENDAR,REGULAR_SEASON,Regular Season,LEAGUE,39833,Philadelphia Union,Local,1ST,10/09/2022,,2,48%,0.00,1,6,1,1,,199,9,5,0,,1,0,4,1,3,3,1,0,1,,1,3,161,9,34,,17/29 (59%),1/9 (11%),39%,3,18/42 (43%),2/9 (22%),4/13 (31%),67%,9,5,,5,,1,,,,,2
10025427,242,40071,CALENDAR,REGULAR_SEASON,Regular Season,LEAGUE,39833,Philadelphia Union,Local,2ND,10/09/2022,,3,49%,0.00,4,12,0,1,,202,7,4,1,,10,0,1,1,9,3,3,1,0,,2,1,161,8,34,,10/27 (37%),2/6 (33%),38%,4,14/30 (47%),1/9 (11%),3/7 (43%),57%,7,7,,11,,0,,,,,4
10025427,242,40071,CALENDAR,REGULAR_SEASON,Regular Season,LEAGUE,52237,Orlando City SC,Visita,ALL,10/09/2022,,1,52%,0.00,0,9,7,1,10,430,20,13,1,,2,0,5,2,4,5,0,0,0,16,3,1,341,25,60,72/115 (63%),23/48 (48%),2/13 (15%),61%,10,40/72 (56%),15/18 (83%),7/13 (54%),50%,20,11,,22,,7,,0,1,0,6
10025427,242,40071,CALENDAR,REGULAR_SEASON,Regular Season,LEAGUE,52237,Orlando City SC,Visita,1ST,10/09/2022,,0,52%,0.00,0,3,0,1,,224,12,8,0,,1,0,1,1,2,1,0,0,0,,1,1,177,8,28,,15/31 (48%),0/4 (0%),61%,6,24/42 (57%),7/9 (78%),4/7 (57%),42%,12,5,,14,,0,,,,,4
10025427,242,40071,CALENDAR,REGULAR_SEASON,Regular Season,LEAGUE,52237,Orlando City SC,Visita,2ND,10/09/2022,,1,51%,0.00,0,6,7,0,,206,8,5,1,,1,0,4,1,2,4,0,0,0,,2,0,164,17,32,,8/17 (47%),2/9 (22%),62%,4,16/30 (53%),8/9 (89%),3/6 (50%),63%,8,6,,8,,7,,,,,2
10025404,242,40071,CALENDAR,REGULAR_SEASON,Regular Season,LEAGUE,243211,Atlanta United,Local,ALL,17/09/2022,,0,60%,0.00,2,16,0,9,13,484,9,15,2,,6,2,7,3,9,7,,2,0,,0,4,415,20,68,,49/74 (66%),5/31 (16%),46%,14,35/72 (49%),16/38 (42%),12/22 (55%),78%,9,11,,15,,0,,,,,8
10025404,242,40071,CALENDAR,REGULAR_SEASON,Regular Season,LEAGUE,243211,Atlanta United,Local,1ST,17/09/2022,,0,56%,0.00,0,2,0,2,,245,5,7,0,,0,0,2,0,1,1,,0,0,,0,2,209,8,28,,24/37 (65%),2/10 (20%),47%,8,14/31 (45%),8/16 (50%),3/7 (43%),60%,5,6,,8,,0,,,,,5
10025404,242,40071,CALENDAR,REGULAR_SEASON,Regular Season,LEAGUE,243211,Atlanta United,Local,2ND,17/09/2022,,0,64%,0.00,2,14,0,7,,239,4,8,2,,6,2,5,3,8,6,,2,0,,0,2,206,12,40,,25/37 (68%),3/21 (14%),46%,6,21/41 (51%),8/22 (36%),9/15 (60%),100%,4,5,,7,,0,,,,,3
10025404,242,40071,CALENDAR,REGULAR_SEASON,Regular Season,LEAGUE,39833,Philadelphia Union,Visita,ALL,17/09/2022,,0,40%,0.00,0,5,5,2,17,325,24,10,3,,0,0,3,2,3,2,,0,1,,1,2,234,18,40,,38/79 (48%),2/14 (14%),54%,6,37/72 (51%),22/38 (58%),3/6 (50%),50%,24,11,,18,,5,,,,,10
10025404,242,40071,CALENDAR,REGULAR_SEASON,Regular Season,LEAGUE,39833,Philadelphia Union,Visita,1ST,17/09/2022,,0,44%,0.00,0,4,0,1,,190,12,5,1,,0,0,2,2,2,2,,0,0,,1,0,145,11,25,,22/44 (50%),0/7 (0%),53%,4,17/31 (55%),8/16 (50%),0/1 (0%),50%,12,6,,3,,0,,,,,5
10025404,242,40071,CALENDAR,REGULAR_SEASON,Regular Season,LEAGUE,39833,Philadelphia Union,Visita,2ND,17/09/2022,,0,36%,0.00,0,1,5,1,,135,12,5,2,,0,0,1,0,1,0,,0,1,,0,2,89,7,15,,16/35 (46%),2/7 (29%),54%,2,20/41 (49%),14/22 (64%),3/5 (60%),50%,12,5,,15,,5,,,,,5
10025320,242,40071,CALENDAR,REGULAR_SEASON,Regular Season,LEAGUE,404108,Charlotte FC,Local,ALL,01/10/2022,,4,52%,0.00,3,10,1,6,19,422,9,17,1,0,4,0,2,4,7,3,3,,,,1,2,338,17,61,,29/57 (51%),3/13 (23%),44%,7,33/75 (44%),15/34 (44%),7/18 (39%),44%,9,11,,17,,1,,,,,7
10025320,242,40071,CALENDAR,REGULAR_SEASON,Regular Season,LEAGUE,404108,Charlotte FC,Local,1ST,01/10/2022,,1,46%,0.00,1,2,1,3,,175,3,12,0,0,1,0,1,0,2,0,1,,,,0,1,134,8,26,,13/31 (42%),3/9 (33%),47%,1,18/37 (49%),9/21 (43%),3/10 (30%),33%,3,7,,12,,1,,,,,2
10025320,242,40071,CALENDAR,REGULAR_SEASON,Regular Season,LEAGUE,404108,Charlotte FC,Local,2ND,01/10/2022,,3,58%,0.00,2,8,0,3,,247,6,5,1,0,3,0,1,4,5,3,2,,,,1,1,204,9,35,,16/26 (62%),0/4 (0%),41%,6,15/38 (39%),6/13 (46%),4/8 (50%),50%,6,4,,5,,0,,,,,5
10025320,242,40071,CALENDAR,REGULAR_SEASON,Regular Season,LEAGUE,39833,Philadelphia Union,Visita,ALL,01/10/2022,,0,48%,0.00,0,12,0,5,18,376,18,18,3,1,1,0,6,5,10,2,0,,,,3,2,283,15,54,,27/55 (49%),5/18 (28%),56%,3,42/75 (56%),19/34 (56%),6/12 (50%),50%,18,11,,15,,0,,,,,7
10025320,242,40071,CALENDAR,REGULAR_SEASON,Regular Season,LEAGUE,39833,Philadelphia Union,Visita,1ST,01/10/2022,,0,54%,0.00,0,6,0,1,,205,8,8,1,0,1,0,2,3,4,2,0,,,,1,1,152,9,33,,17/33 (52%),2/8 (25%),53%,2,19/37 (51%),12/21 (57%),3/4 (75%),63%,8,6,,10,,0,,,,,5
10025320,242,40071,CALENDAR,REGULAR_SEASON,Regular Season,LEAGUE,39833,Philadelphia Union,Visita,2ND,01/10/2022,,0,42%,0.00,0,6,0,4,,171,10,10,2,1,0,0,4,2,6,0,0,,,,2,1,131,6,21,,10/22 (45%),3/10 (30%),59%,1,23/38 (61%),7/13 (54%),3/8 (38%),40%,10,5,,5,,0,,,,,2
10025360,242,40071,CALENDAR,REGULAR_SEASON,Regular Season,LEAGUE,39833,Philadelphia Union,Local,ALL,09/10/2022,,4,51%,0.00,3,18,0,4,16,403,14,11,0,,9,1,3,6,14,4,2,1,1,,6,2,323,13,46,,35/55 (64%),3/14 (21%),46%,10,31/67 (46%),5/12 (42%),6/10 (60%),64%,14,11,,12,,0,,,,,5
10025360,242,40071,CALENDAR,REGULAR_SEASON,Regular Season,LEAGUE,39833,Philadelphia Union,Local,1ST,09/10/2022,,2,55%,0.00,1,7,0,1,,253,7,6,0,,4,1,1,2,5,2,1,0,0,,2,2,207,9,28,,24/36 (67%),0/7 (0%),49%,6,16/33 (48%),3/6 (50%),3/4 (75%),86%,7,5,,6,,0,,,,,2
10025360,242,40071,CALENDAR,REGULAR_SEASON,Regular Season,LEAGUE,39833,Philadelphia Union,Local,2ND,09/10/2022,,2,46%,0.00,2,11,0,3,,150,7,5,0,,5,0,2,4,9,2,1,1,1,,4,0,116,4,18,,11/19 (58%),3/7 (43%),43%,4,15/34 (44%),2/6 (33%),3/6 (50%),43%,7,6,,6,,0,,,,,3
10025360,242,40071,CALENDAR,REGULAR_SEASON,Regular Season,LEAGUE,7080,Toronto FC,Visita,ALL,09/10/2022,,0,49%,0.00,1,6,5,4,13,385,14,15,3,,1,0,3,2,3,3,0,1,2,,3,1,308,15,45,,20/45 (44%),5/16 (31%),54%,4,36/67 (54%),7/12 (58%),7/17 (41%),43%,14,11,,21,,5,,,,,3
10025360,242,40071,CALENDAR,REGULAR_SEASON,Regular Season,LEAGUE,7080,Toronto FC,Visita,1ST,09/10/2022,,0,45%,0.00,1,2,2,2,,203,7,7,1,,1,0,1,0,1,1,0,1,1,,1,1,164,8,23,,10/22 (45%),3/10 (30%),51%,2,17/33 (52%),3/6 (50%),3/8 (38%),43%,7,7,,13,,2,,,,,1
10025360,242,40071,CALENDAR,REGULAR_SEASON,Regular Season,LEAGUE,7080,Toronto FC,Visita,2ND,09/10/2022,,0,54%,0.00,0,4,3,2,,182,7,8,2,,0,0,2,2,2,2,0,0,1,,2,0,144,7,22,,10/23 (43%),2/6 (33%),57%,2,19/34 (56%),4/6 (67%),4/9 (44%),43%,7,4,,8,,3,,,,,2
10800328,242,40071,CALENDAR,PLAYOFF,"MLS, Playoffs",LEAGUE,39833,Philadelphia Union,Local,ALL,20/10/2022,,1,46%,0.00,2,16,5,4,12,356,11,11,3,,6,1,8,2,12,4,,2,1,,2,2,250,28,47,,25/59 (42%),5/15 (33%),44%,6,25/57 (44%),15/34 (44%),3/9 (33%),82%,11,7,,27,,5,,,,,8
10800328,242,40071,CALENDAR,PLAYOFF,"MLS, Playoffs",LEAGUE,39833,Philadelphia Union,Local,1ST,20/10/2022,,0,51%,0.00,1,7,2,2,,191,3,6,0,,3,0,4,0,5,2,,1,1,,1,2,135,17,27,,14/32 (44%),2/7 (29%),33%,5,11/32 (34%),4/14 (29%),2/5 (40%),100%,3,4,,7,,2,,,,,3
10800328,242,40071,CALENDAR,PLAYOFF,"MLS, Playoffs",LEAGUE,39833,Philadelphia Union,Local,2ND,20/10/2022,,1,41%,0.00,1,9,3,2,,165,8,5,3,,3,1,4,2,7,2,,1,0,,1,0,115,11,20,,11/27 (41%),3/8 (38%),56%,1,14/25 (56%),11/20 (55%),1/4 (25%),75%,8,3,,20,,3,,,,,5
10800328,242,40071,CALENDAR,PLAYOFF,"MLS, Playoffs",LEAGUE,215167,FC Cincinnati,Visita,ALL,20/10/2022,,0,54%,0.00,0,15,5,8,11,415,12,12,2,,5,0,4,6,8,7,,0,0,,3,0,313,20,75,,31/72 (43%),6/24 (25%),56%,8,32/57 (56%),19/34 (56%),8/11 (73%),67%,12,14,,22,,5,,,,,6
10800328,242,40071,CALENDAR,PLAYOFF,"MLS, Playoffs",LEAGUE,215167,FC Cincinnati,Visita,1ST,20/10/2022,,0,49%,0.00,0,5,3,2,,184,8,6,1,,2,0,1,2,2,3,,0,0,,0,0,131,10,31,,15/40 (38%),2/5 (40%),67%,3,21/32 (66%),10/14 (71%),7/7 (100%),75%,8,9,,14,,3,,,,,4
10800328,242,40071,CALENDAR,PLAYOFF,"MLS, Playoffs",LEAGUE,215167,FC Cincinnati,Visita,2ND,20/10/2022,,0,59%,0.00,0,10,2,6,,231,4,6,1,,3,0,3,4,6,4,,0,0,,3,0,182,10,44,,16/32 (50%),4/19 (21%),44%,5,11/25 (44%),9/20 (45%),1/4 (25%),50%,4,5,,8,,2,,,,,2
10836819,242,40071,CALENDAR,PLAYOFF,"MLS, Playoffs",LEAGUE,39833,Philadelphia Union,Local,ALL,30/10/2022,,3,35%,0.00,3,10,3,3,19,309,25,9,2,,6,0,2,2,5,5,3,,1,,2,2,209,21,52,,24/58 (41%),2/8 (25%),56%,7,43/81 (53%),19/30 (63%),9/14 (64%),72%,25,16,,10,,3,,,,,5
10836819,242,40071,CALENDAR,PLAYOFF,"MLS, Playoffs",LEAGUE,39833,Philadelphia Union,Local,1ST,30/10/2022,,0,40%,0.00,0,4,1,2,,177,12,5,1,,2,0,1,1,1,3,0,,1,,1,2,126,5,28,,9/25 (36%),1/6 (17%),61%,2,21/38 (55%),13/18 (72%),4/6 (67%),92%,12,10,,3,,1,,,,,1
10836819,242,40071,CALENDAR,PLAYOFF,"MLS, Playoffs",LEAGUE,39833,Philadelphia Union,Local,2ND,30/10/2022,,3,30%,0.00,3,6,2,1,,132,13,4,1,,4,0,1,1,4,2,3,,0,,1,0,83,16,24,,15/33 (45%),1/2 (50%),51%,5,22/43 (51%),6/12 (50%),5/8 (63%),54%,13,6,,7,,2,,,,,4
10836819,242,40071,CALENDAR,PLAYOFF,"MLS, Playoffs",LEAGUE,187643,New York City FC,Visita,ALL,30/10/2022,,1,65%,0.00,0,13,3,3,9,580,12,18,0,,4,0,3,6,4,9,0,,0,,1,1,496,22,40,,22/41 (54%),6/9 (67%),44%,15,38/81 (47%),11/30 (37%),8/18 (44%),58%,12,12,,19,,3,,,,,6
10836819,242,40071,CALENDAR,PLAYOFF,"MLS, Playoffs",LEAGUE,187643,New York City FC,Visita,1ST,30/10/2022,,0,60%,0.00,0,4,2,0,,269,4,11,0,,1,0,2,1,1,3,0,,0,,1,0,226,13,14,,13/26 (50%),1/1 (100%),39%,10,17/38 (45%),5/18 (28%),2/4 (50%),75%,4,7,,7,,2,,,,,4
10836819,242,40071,CALENDAR,PLAYOFF,"MLS, Playoffs",LEAGUE,187643,New York City FC,Visita,2ND,30/10/2022,,1,70%,0.00,0,9,1,3,,311,8,7,0,,3,0,1,5,3,6,0,,0,,0,1,270,9,26,,9/15 (60%),5/8 (63%),49%,5,21/43 (49%),6/12 (50%),6/14 (43%),50%,8,5,,12,,1,,,,,2
10850996,242,40071,CALENDAR,PLAYOFF,"MLS, Playoffs",LEAGUE,274650,Los Angeles FC,Local,ALL,05/11/2022,,3,47%,0.00,2,16,1,4,15,450,19,24,2,1,8,0,2,6,9,7,1,1,,,6,0,315,19,67,,25/64 (39%),5/16 (31%),55%,12,50/90 (56%),32/60 (53%),7/16 (44%),58%,19,9,,39,,1,,,,,11
10850996,242,40071,CALENDAR,PLAYOFF,"MLS, Playoffs",LEAGUE,274650,Los Angeles FC,Local,1ST,05/11/2022,,1,43%,0.00,1,8,0,0,,179,9,8,0,0,2,0,2,4,4,4,0,1,,,4,0,128,8,25,,10/26 (38%),1/5 (20%),49%,6,19/36 (53%),9/21 (43%),2/6 (33%),44%,9,5,,10,,0,,,,,5
10850996,242,40071,CALENDAR,PLAYOFF,"MLS, Playoffs",LEAGUE,274650,Los Angeles FC,Local,2ND,05/11/2022,,1,52%,0.00,0,5,0,3,,162,5,12,2,0,3,0,0,2,4,1,0,0,,,2,0,105,2,25,,11/27 (41%),3/9 (33%),70%,1,18/26 (69%),17/24 (71%),1/1 (100%),60%,5,1,,16,,0,,,,,4
10850996,242,40071,CALENDAR,PLAYOFF,"MLS, Playoffs",LEAGUE,39833,Philadelphia Union,Visita,ALL,05/11/2022,,3,53%,0.00,3,17,5,5,26,497,21,14,2,0,3,0,9,5,8,9,3,0,,,7,8,359,25,77,,47/101 (47%),5/28 (18%),45%,14,40/90 (44%),28/60 (47%),6/11 (55%),81%,21,6,,19,,5,,,,,13
10850996,242,40071,CALENDAR,PLAYOFF,"MLS, Playoffs",LEAGUE,39833,Philadelphia Union,Visita,1ST,05/11/2022,,0,57%,0.00,0,8,1,2,,240,10,4,1,0,0,0,5,3,3,5,0,0,,,2,4,180,8,31,,16/36 (44%),2/7 (29%),51%,6,17/36 (47%),12/21 (57%),3/6 (50%),80%,10,0,,4,,1,,,,,6
10850996,242,40071,CALENDAR,PLAYOFF,"MLS, Playoffs",LEAGUE,39833,Philadelphia Union,Visita,2ND,05/11/2022,,2,48%,0.00,2,4,2,1,,147,1,7,1,0,2,0,2,0,2,2,2,0,,,4,3,97,11,28,,19/40 (48%),2/12 (17%),30%,4,8/26 (31%),7/24 (29%),1/2 (50%),100%,1,3,,7,,2,,,,,4
10952502,242,47955,CALENDAR,REGULAR_SEASON,Regular Season,LEAGUE,39833,Philadelphia Union,Local,ALL,25/02/2023,,4,41%,3.41,5,14,2,2,12,316,22,12,1,,5,0,1,8,11,3,4,1,1,,6,9,233,12,40,,19/54 (35%),3/10 (30%),51%,7,38/74 (51%),7/15 (47%),4/9 (44%),50%,22,12,,13,,2,-0.67,,,,5
10952502,242,47955,CALENDAR,REGULAR_SEASON,Regular Season,LEAGUE,39833,Philadelphia Union,Local,1ST,25/02/2023,,1,41%,1.28,1,7,1,2,,153,13,7,0,,2,0,0,5,6,1,1,0,0,,4,6,116,6,16,,9/26 (35%),2/7 (29%),51%,4,21/40 (53%),2/5 (40%),1/3 (33%),54%,13,5,,5,,1,,,,,3
10952502,242,47955,CALENDAR,REGULAR_SEASON,Regular Season,LEAGUE,39833,Philadelphia Union,Local,2ND,25/02/2023,,3,41%,2.13,4,7,1,0,,163,9,5,1,,3,0,1,3,5,2,3,1,1,,2,3,117,6,24,,10/28 (36%),1/3 (33%),50%,3,17/34 (50%),5/10 (50%),3/6 (50%),44%,9,7,,8,,1,,,,,2
10952502,242,47955,CALENDAR,REGULAR_SEASON,Regular Season,LEAGUE,2504,Columbus Crew,Visita,ALL,25/02/2023,,1,59%,0.55,1,7,1,2,15,462,12,11,5,,2,0,5,0,1,6,0,1,0,,4,0,381,17,44,,16/34 (47%),2/8 (25%),49%,15,36/74 (49%),8/15 (53%),13/20 (65%),50%,12,11,,7,,1,-0.09,,,,1
10952502,242,47955,CALENDAR,REGULAR_SEASON,Regular Season,LEAGUE,2504,Columbus Crew,Visita,1ST,25/02/2023,,1,59%,0.12,0,4,1,1,,227,6,8,2,,1,0,3,0,0,4,0,0,0,,2,0,184,10,17,,7/18 (39%),0/4 (0%),49%,8,19/40 (48%),3/5 (60%),5/10 (50%),50%,6,3,,4,,1,,,,,0
10952502,242,47955,CALENDAR,REGULAR_SEASON,Regular Season,LEAGUE,2504,Columbus Crew,Visita,2ND,25/02/2023,,0,59%,0.44,1,3,0,1,,235,6,3,3,,1,0,2,0,1,2,0,1,0,,2,0,197,7,27,,9/16 (56%),2/4 (50%),50%,7,17/34 (50%),5/10 (50%),8/10 (80%),50%,6,8,,3,,0,,,,,1
10952491,242,47955,CALENDAR,REGULAR_SEASON,Regular Season,LEAGUE,337602,Inter Miami CF,Local,ALL,04/03/2023,,2,48%,0.47,0,10,4,6,14,377,14,16,1,,2,1,3,5,3,7,,0,0,,3,0,285,21,29,,20/55 (36%),0/7 (0%),49%,9,35/66 (53%),9/24 (38%),5/10 (50%),57%,14,11,,29,,4,0.49,,,,7
10952491,242,47955,CALENDAR,REGULAR_SEASON,Regular Season,LEAGUE,337602,Inter Miami CF,Local,1ST,04/03/2023,,1,55%,0.30,0,6,2,4,,209,4,8,1,,1,0,2,3,2,4,,0,0,,2,0,169,13,11,,14/25 (56%),0/5 (0%),48%,6,14/31 (45%),5/9 (56%),2/5 (40%),25%,4,6,,8,,2,,,,,5
10952491,242,47955,CALENDAR,REGULAR_SEASON,Regular Season,LEAGUE,337602,Inter Miami CF,Local,2ND,04/03/2023,,1,41%,0.16,0,4,2,2,,168,10,8,0,,1,1,1,2,1,3,,0,0,,1,0,116,8,18,,6/30 (20%),0/2 (0%),50%,3,21/35 (60%),4/15 (27%),3/5 (60%),70%,10,5,,21,,2,,,,,2
10952491,242,47955,CALENDAR,REGULAR_SEASON,Regular Season,LEAGUE,39833,Philadelphia Union,Visita,ALL,04/03/2023,,0,52%,1.01,1,11,0,5,17,396,14,14,3,,4,0,7,0,7,4,,1,1,,2,2,299,26,68,,32/51 (63%),6/18 (33%),51%,5,31/66 (47%),15/24 (63%),4/13 (31%),86%,14,11,,9,,0,-1.48,,,,4
10952491,242,47955,CALENDAR,REGULAR_SEASON,Regular Season,LEAGUE,39833,Philadelphia Union,Visita,1ST,04/03/2023,,0,45%,0.62,1,6,0,1,,166,9,8,2,,2,0,4,0,3,3,,1,0,,1,0,126,9,26,,15/24 (63%),4/8 (50%),52%,2,17/31 (55%),4/9 (44%),1/3 (33%),89%,9,8,,7,,0,,,,,3
10952491,242,47955,CALENDAR,REGULAR_SEASON,Regular Season,LEAGUE,39833,Philadelphia Union,Visita,2ND,04/03/2023,,0,59%,0.39,0,5,0,4,,230,5,6,1,,2,0,3,0,4,1,,0,1,,1,2,173,17,42,,17/27 (63%),2/10 (20%),50%,3,14/35 (40%),11/15 (73%),3/10 (30%),80%,5,3,,2,,0,,,,,1
10911179,498,47653,CALENDAR,REGULAR,Round of 16,INTERNATIONAL,24383,Alianza FC,Local,ALL,07/03/2023,5,0,54%,0.00,,7,1,3,7,413,18,15,0,,2,0,4,1,2,5,,,,,3,2,249,25,41,,37/93 (40%),2/13 (15%),53%,12,38/65 (58%),17/38 (45%),5/12 (42%),83%,18,12,,33,,1,,,,,10
10911179,498,47653,CALENDAR,REGULAR,Round of 16,INTERNATIONAL,24383,Alianza FC,Local,1ST,07/03/2023,5,0,56%,0.00,,4,0,2,,222,8,5,0,,1,0,2,1,1,3,,,,,2,2,137,11,21,,17/44 (39%),1/7 (14%),48%,5,14/26 (54%),8/20 (40%),1/3 (33%),100%,8,4,,14,,0,,,,,5
10911179,498,47653,CALENDAR,REGULAR,Round of 16,INTERNATIONAL,24383,Alianza FC,Local,2ND,07/03/2023,5,0,51%,0.00,,3,1,1,,191,10,10,0,,1,0,2,0,1,2,,,,,1,0,112,14,20,,20/49 (41%),1/6 (17%),58%,7,24/39 (62%),9/18 (50%),4/9 (44%),70%,10,8,,19,,1,,,,,5
10911179,498,47653,CALENDAR,REGULAR,Round of 16,INTERNATIONAL,39833,Philadelphia Union,Visita,ALL,07/03/2023,5,0,46%,0.00,,8,2,5,16,349,19,5,2,,1,0,4,3,5,3,,,,,1,0,200,32,123,,33/87 (38%),4/20 (20%),47%,15,27/65 (42%),21/38 (55%),3/6 (50%),58%,19,25,,13,,2,,,,,6
10911179,498,47653,CALENDAR,REGULAR,Round of 16,INTERNATIONAL,39833,Philadelphia Union,Visita,1ST,07/03/2023,5,0,44%,0.00,,4,1,2,,173,7,4,1,,0,0,2,2,2,2,,,,,0,0,100,16,60,,23/51 (45%),2/7 (29%),52%,7,12/26 (46%),12/20 (60%),1/2 (50%),57%,7,14,,10,,1,,,,,2
10911179,498,47653,CALENDAR,REGULAR,Round of 16,INTERNATIONAL,39833,Philadelphia Union,Visita,2ND,07/03/2023,5,0,49%,0.00,,4,1,3,,176,12,1,1,,1,0,2,1,3,1,,,,,1,0,100,16,63,,10/36 (28%),2/13 (15%),42%,8,15/39 (38%),9/18 (50%),2/4 (50%),58%,12,11,,3,,1,,,,,4
10952475,242,47955,CALENDAR,REGULAR_SEASON,Regular Season,LEAGUE,39833,Philadelphia Union,Local,ALL,11/03/2023,,1,55%,1.09,0,14,2,6,19,442,13,10,5,0,3,0,8,3,9,5,,0,3,,4,3,331,20,73,,23/47 (49%),5/19 (26%),44%,4,27/58 (47%),15/37 (41%),4/7 (57%),46%,13,11,,14,,2,0.64,,,,7
10952475,242,47955,CALENDAR,REGULAR_SEASON,Regular Season,LEAGUE,39833,Philadelphia Union,Local,1ST,11/03/2023,,0,44%,0.38,0,4,2,1,,157,5,6,1,0,1,0,2,1,2,2,,0,2,,3,2,100,11,27,,12/26 (46%),1/3 (33%),42%,2,13/27 (48%),6/18 (33%),2/3 (67%),40%,5,7,,10,,2,,,,,6
10952475,242,47955,CALENDAR,REGULAR_SEASON,Regular Season,LEAGUE,39833,Philadelphia Union,Local,2ND,11/03/2023,,1,63%,0.71,0,10,0,5,,285,8,4,4,0,2,0,6,2,7,3,,0,1,,1,1,231,9,46,,11/21 (52%),4/16 (25%),46%,2,14/31 (45%),9/19 (47%),2/4 (50%),50%,8,4,,4,,0,,,,,1
10952475,242,47955,CALENDAR,REGULAR_SEASON,Regular Season,LEAGUE,2505,Chicago Fire,Visita,ALL,11/03/2023,,0,45%,1.36,3,12,1,2,10,369,7,16,6,2,2,0,7,3,7,5,,3,0,,5,2,260,13,55,,29/68 (43%),5/15 (33%),56%,7,31/58 (53%),22/37 (59%),9/15 (60%),86%,7,15,,24,,1,-0.71,,,,13
10952475,242,47955,CALENDAR,REGULAR_SEASON,Regular Season,LEAGUE,2505,Chicago Fire,Visita,1ST,11/03/2023,,0,56%,1.32,3,10,0,2,,195,3,9,4,0,2,0,5,3,7,3,,3,0,,4,2,143,8,24,,13/27 (48%),5/15 (33%),58%,5,14/27 (52%),12/18 (67%),3/3 (100%),67%,3,5,,7,,0,,,,,4
10952475,242,47955,CALENDAR,REGULAR_SEASON,Regular Season,LEAGUE,2505,Chicago Fire,Visita,2ND,11/03/2023,,0,37%,0.04,0,2,1,0,,174,4,7,4,2,0,0,2,0,0,2,,0,0,,1,0,117,5,31,,16/41 (39%),0/0 (0%),54%,2,17/31 (55%),10/19 (53%),6/12 (50%),100%,4,10,,17,,1,,,,,9
10911187,498,47653,CALENDAR,REGULAR,Round of 16,INTERNATIONAL,39833,Philadelphia Union,Local,ALL,14/03/2023,5,4,65%,0.00,3,22,1,10,16,446,23,12,2,0,8,0,7,7,14,8,3,,1,,8,6,370,12,66,,31/47 (66%),12/30 (40%),62%,3,46/76 (61%),12/17 (71%),11/17 (65%),48%,23,8,,2,,1,,,,,5
10911187,498,47653,CALENDAR,REGULAR,Round of 16,INTERNATIONAL,39833,Philadelphia Union,Local,1ST,14/03/2023,5,1,60%,0.00,1,8,0,5,,196,13,8,0,0,3,0,3,2,3,5,1,,1,,5,3,152,8,36,,20/30 (67%),7/16 (44%),61%,1,26/46 (57%),8/10 (80%),5/10 (50%),54%,13,4,,2,,0,,,,,3
10911187,498,47653,CALENDAR,REGULAR,Round of 16,INTERNATIONAL,39833,Philadelphia Union,Local,2ND,14/03/2023,5,3,71%,0.00,2,14,1,5,,250,10,4,2,0,5,0,4,5,11,3,2,,0,,3,3,218,4,30,,11/17 (65%),5/14 (36%),65%,2,20/30 (67%),4/7 (57%),6/7 (86%),40%,10,4,,0,,1,,,,,2
10911187,498,47653,CALENDAR,REGULAR,Round of 16,INTERNATIONAL,24383,Alianza FC,Visita,ALL,14/03/2023,5,0,35%,0.00,0,3,4,0,13,250,9,16,2,1,1,0,2,0,1,2,0,,0,,0,0,160,14,25,,16/52 (31%),0/1 (0%),38%,8,30/76 (39%),5/17 (29%),5/20 (25%),89%,9,13,,23,,4,,,,,6
10911187,498,47653,CALENDAR,REGULAR,Round of 16,INTERNATIONAL,24383,Alianza FC,Visita,1ST,14/03/2023,5,0,40%,0.00,0,1,2,0,,142,6,10,2,1,0,0,1,0,0,1,0,,0,,0,0,86,9,16,,11/31 (35%),0/0 (0%),39%,7,20/46 (43%),2/10 (20%),4/10 (40%),100%,6,6,,10,,2,,,,,3
10911187,498,47653,CALENDAR,REGULAR,Round of 16,INTERNATIONAL,24383,Alianza FC,Visita,2ND,14/03/2023,5,0,29%,0.00,0,2,2,0,,108,3,6,0,0,1,0,1,0,1,1,0,,0,,0,0,74,5,9,,5/21 (24%),0/1 (0%),35%,1,10/30 (33%),3/7 (43%),1/10 (10%),67%,3,7,,13,,2,,,,,3
10952463,242,47955,CALENDAR,REGULAR_SEASON,Regular Season,LEAGUE,22006,CF Montréal,Local,ALL,18/03/2023,,3,55%,1.81,3,15,5,8,14,446,11,12,4,0,4,1,6,5,9,6,3,0,1,,1,1,354,18,66,,29/54 (54%),3/25 (12%),55%,5,33/61 (54%),15/27 (56%),10/18 (56%),36%,11,7,,15,,5,-0.23,,,,8
10952463,242,47955,CALENDAR,REGULAR_SEASON,Regular Season,LEAGUE,22006,CF Montréal,Local,1ST,18/03/2023,,1,45%,1.07,1,5,3,2,,180,5,8,3,0,2,0,2,1,4,1,1,0,1,,1,0,130,6,24,,15/33 (45%),1/4 (25%),49%,3,18/34 (53%),3/9 (33%),5/8 (63%),40%,5,3,,7,,3,,,,,5
10952463,242,47955,CALENDAR,REGULAR_SEASON,Regular Season,LEAGUE,22006,CF Montréal,Local,2ND,18/03/2023,,2,65%,0.74,2,10,2,6,,266,6,4,1,0,2,1,4,4,5,5,2,0,0,,0,1,224,12,42,,14/21 (67%),2/21 (10%),60%,2,15/27 (56%),12/18 (67%),5/10 (50%),33%,6,4,,8,,2,,,,,3
10952463,242,47955,CALENDAR,REGULAR_SEASON,Regular Season,LEAGUE,39833,Philadelphia Union,Visita,ALL,18/03/2023,,2,45%,1.31,2,11,1,3,15,378,13,14,4,1,7,0,4,0,5,6,1,1,1,,4,3,286,14,61,,37/66 (56%),3/10 (30%),45%,8,28/61 (46%),12/27 (44%),1/4 (25%),77%,13,14,,22,,1,-0.91,,,,7
10952463,242,47955,CALENDAR,REGULAR_SEASON,Regular Season,LEAGUE,39833,Philadelphia Union,Visita,1ST,18/03/2023,,0,55%,0.57,1,6,1,2,,225,6,9,1,0,3,0,3,0,4,2,0,1,0,,2,1,176,8,38,,21/38 (55%),2/6 (33%),51%,3,16/34 (47%),6/9 (67%),1/3 (33%),50%,6,8,,4,,1,,,,,4
10952463,242,47955,CALENDAR,REGULAR_SEASON,Regular Season,LEAGUE,39833,Philadelphia Union,Visita,2ND,18/03/2023,,2,35%,0.74,1,5,0,1,,153,7,5,3,1,4,0,1,0,1,4,1,0,1,,2,2,110,6,23,,16/28 (57%),1/4 (25%),40%,5,12/27 (44%),6/18 (33%),0/1 (0%),100%,7,6,,18,,0,,,,,3
10952450,242,47955,CALENDAR,REGULAR_SEASON,Regular Season,LEAGUE,39833,Philadelphia Union,Local,ALL,25/03/2023,,1,47%,1.77,3,26,2,7,6,377,14,8,2,,6,2,13,7,13,13,1,2,0,,5,4,270,32,68,,36/72 (50%),11/27 (41%),58%,8,36/64 (56%),32/54 (59%),14/21 (67%),71%,14,11,,13,,2,0.55,,,,7
10952450,242,47955,CALENDAR,REGULAR_SEASON,Regular Season,LEAGUE,39833,Philadelphia Union,Local,1ST,25/03/2023,,1,51%,0.80,2,12,0,2,,188,7,5,0,,3,1,6,3,4,8,1,1,0,,4,2,132,15,35,,22/39 (56%),5/10 (50%),55%,6,21/40 (53%),13/22 (59%),9/14 (64%),71%,7,6,,3,,0,,,,,2
10952450,242,47955,CALENDAR,REGULAR_SEASON,Regular Season,LEAGUE,39833,Philadelphia Union,Local,2ND,25/03/2023,,0,44%,0.96,1,14,2,5,,189,7,3,2,,3,1,7,4,9,5,0,1,0,,1,2,138,17,33,,14/33 (42%),6/17 (35%),61%,2,15/24 (63%),19/32 (59%),5/7 (71%),71%,7,5,,10,,2,,,,,5
10952450,242,47955,CALENDAR,REGULAR_SEASON,Regular Season,LEAGUE,52237,Orlando City SC,Visita,ALL,25/03/2023,,2,53%,1.93,3,12,5,4,9,441,15,6,2,,4,0,4,4,8,4,2,1,3,,1,2,336,16,56,,26/64 (41%),2/8 (25%),42%,7,28/64 (44%),22/54 (41%),7/14 (50%),73%,15,15,,36,,5,0.69,,,,12
10952450,242,47955,CALENDAR,REGULAR_SEASON,Regular Season,LEAGUE,52237,Orlando City SC,Visita,1ST,25/03/2023,,2,49%,0.91,2,5,2,1,,188,11,3,2,,2,0,1,2,3,2,2,0,2,,0,2,134,9,15,,16/32 (50%),0/1 (0%),45%,5,19/40 (48%),9/22 (41%),5/7 (71%),73%,11,10,,14,,2,,,,,6
10952450,242,47955,CALENDAR,REGULAR_SEASON,Regular Season,LEAGUE,52237,Orlando City SC,Visita,2ND,25/03/2023,,0,56%,1.02,1,7,3,3,,253,4,3,0,,2,0,3,2,5,2,0,1,1,,1,0,202,7,41,,10/32 (31%),2/7 (29%),39%,2,9/24 (38%),13/32 (41%),2/7 (29%),75%,4,5,,22,,3,,,,,6
10952432,242,47955,CALENDAR,REGULAR_SEASON,Regular Season,LEAGUE,39833,Philadelphia Union,Local,ALL,01/04/2023,,0,51%,1.12,0,17,4,3,13,390,22,10,3,,4,0,8,5,11,6,,0,1,,2,2,280,22,61,,27/60 (45%),5/13 (38%),60%,2,40/68 (59%),24/39 (62%),8/11 (73%),64%,22,16,,26,,4,0.92,,,,7
10952432,242,47955,CALENDAR,REGULAR_SEASON,Regular Season,LEAGUE,39833,Philadelphia Union,Local,1ST,01/04/2023,,0,47%,0.14,0,4,2,0,,164,9,5,2,,0,0,1,3,2,2,,0,1,,0,1,116,10,23,,15/31 (48%),1/3 (33%),55%,0,18/33 (55%),11/20 (55%),4/5 (80%),78%,9,7,,17,,2,,,,,4
10952432,242,47955,CALENDAR,REGULAR_SEASON,Regular Season,LEAGUE,39833,Philadelphia Union,Local,2ND,01/04/2023,,0,54%,0.99,0,13,2,3,,226,13,5,1,,4,0,7,2,9,4,,0,0,,2,1,164,12,38,,12/29 (41%),4/10 (40%),65%,2,22/35 (63%),13/19 (68%),4/6 (67%),54%,13,9,,9,,2,,,,,3
10952432,242,47955,CALENDAR,REGULAR_SEASON,Regular Season,LEAGUE,2509,Sporting Kansas City,Visita,ALL,01/04/2023,,0,49%,0.68,1,13,4,8,11,372,5,12,2,,4,0,5,4,3,10,,1,0,,5,0,269,24,67,,28/76 (37%),3/24 (13%),40%,14,28/68 (41%),15/39 (38%),11/19 (58%),60%,5,13,,16,,4,0.67,,,,7
10952432,242,47955,CALENDAR,REGULAR_SEASON,Regular Season,LEAGUE,2509,Sporting Kansas City,Visita,1ST,01/04/2023,,0,53%,0.56,1,9,0,7,,180,1,8,1,,2,0,3,4,1,8,,1,0,,3,0,135,11,28,,16/37 (43%),1/14 (7%),45%,6,15/33 (45%),9/20 (45%),6/9 (67%),100%,1,7,,5,,0,,,,,0
10952432,242,47955,CALENDAR,REGULAR_SEASON,Regular Season,LEAGUE,2509,Sporting Kansas City,Visita,2ND,01/04/2023,,0,46%,0.12,0,4,4,1,,192,4,4,1,,2,0,2,0,2,2,,0,0,,2,0,134,13,39,,12/39 (31%),2/10 (20%),35%,8,13/35 (37%),6/19 (32%),5/10 (50%),50%,4,6,,11,,4,,,,,7
11137654,498,47653,CALENDAR,REGULAR,Quarterfinals,INTERNATIONAL,39833,Philadelphia Union,Local,ALL,04/04/2023,27,1,58%,0.00,1,18,2,6,15,439,17,21,0,0,7,1,8,3,6,12,1,0,,,6,3,352,18,73,,29/52 (56%),5/17 (29%),55%,11,47/84 (56%),14/27 (52%),9/18 (50%),65%,17,9,,7,,2,,,,,5
11137654,498,47653,CALENDAR,REGULAR,Quarterfinals,INTERNATIONAL,39833,Philadelphia Union,Local,1ST,04/04/2023,27,0,52%,0.00,0,5,2,3,,223,9,12,0,0,1,0,3,1,2,3,0,0,,,3,2,178,8,36,,16/28 (57%),2/10 (20%),52%,9,26/49 (53%),8/16 (50%),5/13 (38%),78%,9,5,,3,,2,,,,,5
11137654,498,47653,CALENDAR,REGULAR,Quarterfinals,INTERNATIONAL,39833,Philadelphia Union,Local,2ND,04/04/2023,27,1,65%,0.00,1,13,0,3,,216,8,9,0,0,6,1,5,2,4,9,1,0,,,3,1,174,10,37,,13/24 (54%),3/7 (43%),59%,2,21/35 (60%),6/11 (55%),4/5 (80%),50%,8,4,,4,,0,,,,,0
11137654,498,47653,CALENDAR,REGULAR,Quarterfinals,INTERNATIONAL,1949,Atlas FC,Visita,ALL,04/04/2023,27,0,42%,0.00,1,8,6,1,21,327,20,14,2,1,3,0,4,1,3,5,0,1,,,1,1,232,10,37,,32/61 (52%),0/6 (0%),45%,8,37/84 (44%),13/27 (48%),3/12 (25%),50%,20,10,,26,,6,,,,,9
11137654,498,47653,CALENDAR,REGULAR,Quarterfinals,INTERNATIONAL,1949,Atlas FC,Visita,1ST,04/04/2023,27,0,48%,0.00,1,6,1,1,,207,17,3,0,1,3,0,2,1,3,3,0,1,,,0,1,156,4,21,,19/33 (58%),0/5 (0%),48%,4,23/49 (47%),8/16 (50%),3/8 (38%),53%,17,3,,11,,1,,,,,6
11137654,498,47653,CALENDAR,REGULAR,Quarterfinals,INTERNATIONAL,1949,Atlas FC,Visita,2ND,04/04/2023,27,0,35%,0.00,0,2,5,0,,120,3,11,2,0,0,0,2,0,0,2,0,0,,,1,0,76,6,16,,13/28 (46%),0/1 (0%),41%,4,14/35 (40%),5/11 (45%),0/4 (0%),33%,3,7,,15,,5,,,,,3
10952424,242,47955,CALENDAR,REGULAR_SEASON,Regular Season,LEAGUE,215167,FC Cincinnati,Local,ALL,08/04/2023,,1,64%,1.72,2,8,4,1,8,604,14,12,1,,2,0,4,2,4,4,1,1,,,5,1,524,23,69,,46/69 (67%),2/8 (25%),59%,14,36/67 (54%),23/33 (70%),10/16 (63%),79%,14,14,,14,,4,0.18,,,,6
10952424,242,47955,CALENDAR,REGULAR_SEASON,Regular Season,LEAGUE,215167,FC Cincinnati,Local,1ST,08/04/2023,,0,74%,0.17,0,3,2,0,,368,10,5,0,,0,0,1,2,0,3,0,0,,,2,0,325,15,37,,28/40 (70%),0/3 (0%),69%,4,22/34 (65%),12/15 (80%),7/9 (78%),80%,10,9,,4,,2,,,,,1
10952424,242,47955,CALENDAR,REGULAR_SEASON,Regular Season,LEAGUE,215167,FC Cincinnati,Local,2ND,08/04/2023,,1,53%,1.55,2,5,2,1,,236,4,7,1,,2,0,3,0,4,1,1,1,,,3,1,199,8,32,,18/29 (62%),2/5 (40%),49%,10,14/33 (42%),11/18 (61%),3/7 (43%),75%,4,5,,10,,2,,,,,5
10952424,242,47955,CALENDAR,REGULAR_SEASON,Regular Season,LEAGUE,39833,Philadelphia Union,Visita,ALL,08/04/2023,,0,36%,0.63,0,10,1,4,14,334,20,8,2,,4,0,4,2,6,4,0,0,,,0,1,256,16,46,,24/49 (49%),3/11 (27%),41%,7,31/67 (46%),10/33 (30%),3/10 (30%),60%,20,15,,20,,1,0.15,,,,7
10952424,242,47955,CALENDAR,REGULAR_SEASON,Regular Season,LEAGUE,39833,Philadelphia Union,Visita,1ST,08/04/2023,,0,26%,0.08,0,3,0,2,,124,6,5,1,,2,0,1,0,1,2,0,0,,,0,1,89,8,17,,8/21 (38%),0/6 (0%),31%,6,12/34 (35%),3/15 (20%),1/5 (20%),67%,6,7,,14,,0,,,,,3
10952424,242,47955,CALENDAR,REGULAR_SEASON,Regular Season,LEAGUE,39833,Philadelphia Union,Visita,2ND,08/04/2023,,0,47%,0.55,0,7,1,2,,210,14,3,1,,2,0,3,2,5,2,0,0,,,0,0,167,8,29,,16/28 (57%),3/5 (60%),51%,1,19/33 (58%),7/18 (39%),2/5 (40%),57%,14,8,,6,,1,,,,,4
11151734,498,47653,CALENDAR,REGULAR,Quarterfinals,INTERNATIONAL,1949,Atlas FC,Local,ALL,12/04/2023,27,2,59%,0.00,3,23,3,4,14,462,8,17,5,1,6,0,9,8,12,11,1,2,0,,3,0,374,29,64,,36/62 (58%),4/23 (17%),59%,12,37/66 (56%),26/41 (63%),12/14 (86%),63%,8,3,,14,,3,,,,,9
11151734,498,47653,CALENDAR,REGULAR,Quarterfinals,INTERNATIONAL,1949,Atlas FC,Local,1ST,12/04/2023,27,2,57%,0.00,2,10,2,2,,226,2,7,0,0,4,0,4,2,8,2,1,1,0,,0,0,188,11,26,,14/23 (61%),2/9 (22%),58%,5,15/28 (54%),13/20 (65%),6/6 (100%),50%,2,0,,11,,2,,,,,3
11151734,498,47653,CALENDAR,REGULAR,Quarterfinals,INTERNATIONAL,1949,Atlas FC,Local,2ND,12/04/2023,27,0,61%,0.00,1,13,1,2,,236,6,10,5,1,2,0,5,6,4,9,0,1,0,,3,0,186,18,38,,22/39 (56%),2/14 (14%),59%,7,22/38 (58%),13/21 (62%),6/8 (75%),67%,6,3,,3,,1,,,,,6
11151734,498,47653,CALENDAR,REGULAR,Quarterfinals,INTERNATIONAL,39833,Philadelphia Union,Visita,ALL,12/04/2023,27,2,41%,0.00,4,10,4,4,17,329,14,14,1,0,5,0,3,2,7,3,2,2,1,,4,1,226,18,57,,26/73 (36%),3/15 (20%),41%,5,29/66 (44%),15/41 (37%),1/4 (25%),57%,14,6,,28,,4,,,,,12
11151734,498,47653,CALENDAR,REGULAR,Quarterfinals,INTERNATIONAL,39833,Philadelphia Union,Visita,1ST,12/04/2023,27,1,43%,0.00,2,8,2,4,,174,5,7,1,0,3,0,3,2,5,3,1,1,1,,2,0,121,11,27,,14/41 (34%),3/10 (30%),42%,2,13/28 (46%),7/20 (35%),1/1 (100%),80%,5,3,,8,,2,,,,,5
11151734,498,47653,CALENDAR,REGULAR,Quarterfinals,INTERNATIONAL,39833,Philadelphia Union,Visita,2ND,12/04/2023,27,1,39%,0.00,2,2,2,0,,155,9,7,0,0,2,0,0,0,2,0,1,1,0,,2,1,105,7,30,,12/32 (38%),0/5 (0%),41%,3,16/38 (42%),8/21 (38%),0/3 (0%),44%,9,3,,20,,2,,,,,7
10952403,242,47955,CALENDAR,REGULAR_SEASON,Regular Season,LEAGUE,2505,Chicago Fire,Local,ALL,15/04/2023,,2,50%,1.91,2,12,2,4,8,422,19,9,2,,2,1,8,2,8,4,1,1,,,1,0,327,20,57,,22/55 (40%),5/18 (28%),53%,8,38/61 (62%),19/47 (40%),10/17 (59%),68%,19,11,,22,,2,-0.09,,,,7
10952403,242,47955,CALENDAR,REGULAR_SEASON,Regular Season,LEAGUE,2505,Chicago Fire,Local,1ST,15/04/2023,,1,52%,1.09,1,6,1,3,,232,9,3,0,,1,0,4,1,3,3,1,0,,,1,0,190,6,35,,17/32 (53%),3/11 (27%),57%,4,18/28 (64%),9/19 (47%),6/9 (67%),78%,9,8,,9,,1,,,,,2
10952403,242,47955,CALENDAR,REGULAR_SEASON,Regular Season,LEAGUE,2505,Chicago Fire,Local,2ND,15/04/2023,,1,47%,0.83,1,6,1,1,,190,10,6,2,,1,1,4,1,5,1,0,1,,,0,0,137,14,22,,5/23 (22%),2/7 (29%),49%,4,20/33 (61%),10/28 (36%),4/8 (50%),60%,10,3,,13,,1,,,,,5
10952403,242,47955,CALENDAR,REGULAR_SEASON,Regular Season,LEAGUE,39833,Philadelphia Union,Visita,ALL,15/04/2023,,2,50%,2.61,2,16,1,2,12,443,15,8,1,,4,1,7,5,14,2,2,0,,,3,2,355,32,64,,28/53 (53%),5/14 (36%),47%,14,23/61 (38%),28/47 (60%),1/6 (17%),33%,15,13,,11,,1,-0.98,,,,13
10952403,242,47955,CALENDAR,REGULAR_SEASON,Regular Season,LEAGUE,39833,Philadelphia Union,Visita,1ST,15/04/2023,,0,48%,0.40,0,6,0,1,,226,7,4,0,,1,0,3,2,5,1,0,0,,,1,1,187,13,21,,14/24 (58%),1/6 (17%),43%,6,10/28 (36%),10/19 (53%),0/3 (0%),43%,7,5,,8,,0,,,,,8
10952403,242,47955,CALENDAR,REGULAR_SEASON,Regular Season,LEAGUE,39833,Philadelphia Union,Visita,2ND,15/04/2023,,2,53%,2.21,2,10,1,1,,217,8,4,1,,3,1,4,3,9,1,2,0,,,2,1,168,19,43,,14/29 (48%),4/8 (50%),51%,8,13/33 (39%),18/28 (64%),1/3 (33%),25%,8,8,,3,,1,,,,,5
10952389,242,47955,CALENDAR,REGULAR_SEASON,Regular Season,LEAGUE,39833,Philadelphia Union,Local,ALL,22/04/2023,,4,40%,2.77,3,18,3,6,12,429,22,7,1,,7,1,5,6,12,6,2,1,1,,1,3,350,21,67,,35/58 (60%),2/20 (10%),44%,13,33/76 (43%),8/17 (47%),4/8 (50%),68%,22,17,,17,,3,-0.49,,,,7
10952389,242,47955,CALENDAR,REGULAR_SEASON,Regular Season,LEAGUE,39833,Philadelphia Union,Local,1ST,22/04/2023,,3,45%,2.01,2,15,1,5,,230,10,4,1,,4,1,5,6,11,4,1,1,1,,1,2,196,10,31,,20/26 (77%),2/16 (13%),48%,6,17/38 (45%),5/8 (63%),3/4 (75%),70%,10,8,,6,,1,,,,,1
10952389,242,47955,CALENDAR,REGULAR_SEASON,Regular Season,LEAGUE,39833,Philadelphia Union,Local,2ND,22/04/2023,,1,35%,0.76,1,3,2,1,,199,12,3,0,,3,0,0,0,1,2,1,0,0,,0,1,154,11,36,,15/32 (47%),0/4 (0%),40%,7,16/38 (42%),3/9 (33%),1/4 (25%),67%,12,9,,11,,2,,,,,6
10952389,242,47955,CALENDAR,REGULAR_SEASON,Regular Season,LEAGUE,7080,Toronto FC,Visita,ALL,22/04/2023,,2,60%,0.64,1,10,4,7,7,662,17,12,1,,5,0,2,3,7,3,0,1,3,,0,0,566,16,40,,16/41 (39%),3/12 (25%),56%,10,43/76 (57%),9/17 (53%),14/26 (54%),71%,17,6,,18,,4,-0.58,,,,5
10952389,242,47955,CALENDAR,REGULAR_SEASON,Regular Season,LEAGUE,7080,Toronto FC,Visita,1ST,22/04/2023,,0,55%,0.20,1,2,2,2,,297,7,6,1,,1,0,0,1,2,0,0,1,1,,0,0,248,9,23,,8/23 (35%),0/2 (0%),52%,3,21/38 (55%),3/8 (38%),8/15 (53%),43%,7,2,,14,,2,,,,,4
10952389,242,47955,CALENDAR,REGULAR_SEASON,Regular Season,LEAGUE,7080,Toronto FC,Visita,2ND,22/04/2023,,2,65%,0.44,0,8,2,5,,365,10,6,0,,4,0,2,2,5,3,0,0,2,,0,0,318,7,17,,8/18 (44%),3/10 (30%),60%,7,22/38 (58%),6/9 (67%),6/11 (55%),90%,10,4,,4,,2,,,,,1
11213382,498,47653,CALENDAR,REGULAR,Semifinals,INTERNATIONAL,39833,Philadelphia Union,Local,ALL,26/04/2023,28,1,50%,0.00,3,9,3,5,11,374,23,9,1,,5,0,2,2,7,2,1,2,,,5,6,273,23,81,,33/72 (46%),2/19 (11%),53%,4,35/61 (57%),8/20 (40%),3/9 (33%),61%,23,14,,16,,3,,,,,6
11213382,498,47653,CALENDAR,REGULAR,Semifinals,INTERNATIONAL,39833,Philadelphia Union,Local,1ST,26/04/2023,28,0,49%,0.00,2,4,0,1,,226,9,2,0,,2,0,1,1,4,0,0,2,,,0,4,174,11,49,,21/41 (51%),2/8 (25%),54%,2,13/27 (48%),6/8 (75%),2/6 (33%),56%,9,11,,9,,0,,,,,3
11213382,498,47653,CALENDAR,REGULAR,Semifinals,INTERNATIONAL,39833,Philadelphia Union,Local,2ND,26/04/2023,28,1,50%,0.00,1,5,3,4,,148,14,7,1,,3,0,1,1,3,2,1,0,,,5,2,99,12,32,,12/31 (39%),0/11 (0%),52%,2,22/34 (65%),2/12 (17%),1/3 (33%),64%,14,3,,7,,3,,,,,3
11213382,498,47653,CALENDAR,REGULAR,Semifinals,INTERNATIONAL,274650,Los Angeles FC,Visita,ALL,26/04/2023,28,1,50%,0.00,1,9,4,3,11,384,10,10,1,,4,0,4,1,6,3,0,1,,,1,1,283,20,58,,20/57 (35%),3/13 (23%),47%,18,26/61 (43%),12/20 (60%),6/11 (55%),60%,10,15,,16,,4,,,,,4
11213382,498,47653,CALENDAR,REGULAR,Semifinals,INTERNATIONAL,274650,Los Angeles FC,Visita,1ST,26/04/2023,28,0,51%,0.00,0,3,2,1,,231,6,5,0,,0,0,2,1,2,1,0,0,,,1,1,172,12,36,,10/33 (30%),0/7 (0%),46%,6,14/27 (52%),2/8 (25%),3/6 (50%),83%,6,11,,4,,2,,,,,1
11213382,498,47653,CALENDAR,REGULAR,Semifinals,INTERNATIONAL,274650,Los Angeles FC,Visita,2ND,26/04/2023,28,1,50%,0.00,1,6,2,2,,153,4,5,1,,4,0,2,0,4,2,0,1,,,0,0,111,8,22,,10/24 (42%),3/6 (50%),48%,12,12/34 (35%),10/12 (83%),3/5 (60%),25%,4,4,,12,,2,,,,,3
11215781,498,47653,CALENDAR,REGULAR,Semifinals,INTERNATIONAL,274650,Los Angeles FC,Local,ALL,02/05/2023,28,3,51%,0.00,3,19,2,5,14,418,10,16,2,0,8,0,3,8,13,6,3,0,2,,4,2,343,11,55,,23/43 (53%),6/14 (43%),56%,9,35/66 (53%),14/22 (64%),9/15 (60%),30%,10,9,,17,,2,,,,,9
11215781,498,47653,CALENDAR,REGULAR,Semifinals,INTERNATIONAL,274650,Los Angeles FC,Local,1ST,02/05/2023,28,1,44%,0.00,1,9,2,2,,178,4,4,2,0,4,0,1,4,6,3,1,0,0,,0,2,138,8,27,,7/18 (39%),4/6 (67%),47%,5,11/29 (38%),10/16 (63%),3/7 (43%),50%,4,7,,6,,2,,,,,3
11215781,498,47653,CALENDAR,REGULAR,Semifinals,INTERNATIONAL,274650,Los Angeles FC,Local,2ND,02/05/2023,28,2,57%,0.00,2,10,0,3,,240,6,12,0,0,4,0,2,4,7,3,2,0,2,,4,0,205,3,28,,16/25 (64%),2/8 (25%),65%,4,24/37 (65%),4/6 (67%),6/8 (75%),17%,6,2,,11,,0,,,,,6
11215781,498,47653,CALENDAR,REGULAR,Semifinals,INTERNATIONAL,39833,Philadelphia Union,Visita,ALL,02/05/2023,28,0,49%,0.00,1,7,5,4,16,406,15,14,4,1,2,0,4,1,3,4,0,1,0,,5,1,315,16,59,,17/54 (31%),4/16 (25%),44%,7,31/66 (47%),8/22 (36%),2/5 (40%),80%,15,9,,14,,5,,,,,4
11215781,498,47653,CALENDAR,REGULAR,Semifinals,INTERNATIONAL,39833,Philadelphia Union,Visita,1ST,02/05/2023,28,0,56%,0.00,1,3,3,2,,232,9,9,3,0,2,0,0,1,1,2,0,1,0,,2,1,178,12,32,,10/34 (29%),3/8 (38%),53%,2,18/29 (62%),6/16 (38%),0/2 (0%),78%,9,6,,8,,3,,,,,2
11215781,498,47653,CALENDAR,REGULAR,Semifinals,INTERNATIONAL,39833,Philadelphia Union,Visita,2ND,02/05/2023,28,0,43%,0.00,0,4,2,2,,174,6,5,2,1,0,0,4,0,2,2,0,0,0,,3,0,137,4,27,,7/20 (35%),1/8 (13%),35%,5,13/37 (35%),2/6 (33%),2/3 (67%),83%,6,3,,6,,2,,,,,2
10952364,242,47955,CALENDAR,REGULAR_SEASON,Regular Season,LEAGUE,2506,New York Red Bulls,Local,ALL,06/05/2023,,0,53%,1.59,1,17,1,3,23,323,10,18,2,,3,0,6,8,12,5,0,1,,,3,1,200,30,71,,23/60 (38%),6/21 (29%),48%,11,48/105 (46%),37/73 (51%),21/41 (51%),70%,10,15,,15,,1,0.96,,,,4
10952364,242,47955,CALENDAR,REGULAR_SEASON,Regular Season,LEAGUE,2506,New York Red Bulls,Local,1ST,06/05/2023,,0,56%,0.63,0,9,0,3,,170,4,9,1,,1,0,5,3,6,3,0,0,,,1,1,104,14,32,,9/26 (35%),3/7 (43%),47%,5,22/44 (50%),17/39 (44%),9/15 (60%),100%,4,5,,10,,0,,,,,3
10952364,242,47955,CALENDAR,REGULAR_SEASON,Regular Season,LEAGUE,2506,New York Red Bulls,Local,2ND,06/05/2023,,0,51%,0.96,1,8,1,0,,153,6,9,1,,2,0,1,5,6,2,0,1,,,2,0,96,16,39,,14/34 (41%),3/14 (21%),48%,6,26/61 (43%),20/34 (59%),12/26 (46%),50%,6,10,,5,,1,,,,,1
10952364,242,47955,CALENDAR,REGULAR_SEASON,Regular Season,LEAGUE,39833,Philadelphia Union,Visita,ALL,06/05/2023,,1,47%,1.07,2,3,3,2,18,292,31,22,2,,2,0,1,0,3,0,1,1,,,5,2,153,28,59,,22/76 (29%),2/11 (18%),52%,4,57/105 (54%),36/73 (49%),4/10 (40%),48%,31,11,,28,,3,0.55,,,,11
10952364,242,47955,CALENDAR,REGULAR_SEASON,Regular Season,LEAGUE,39833,Philadelphia Union,Visita,1ST,06/05/2023,,1,44%,0.79,1,1,1,0,,138,11,10,2,,1,0,0,0,1,0,1,0,,,2,1,67,12,28,,9/38 (24%),0/4 (0%),53%,1,22/44 (50%),22/39 (56%),1/4 (25%),55%,11,3,,12,,1,,,,,7
10952364,242,47955,CALENDAR,REGULAR_SEASON,Regular Season,LEAGUE,39833,Philadelphia Union,Visita,2ND,06/05/2023,,0,49%,0.29,1,2,2,2,,154,20,12,0,,1,0,1,0,2,0,0,1,,,3,1,86,16,31,,13/38 (34%),2/7 (29%),52%,3,35/61 (57%),14/34 (41%),3/6 (50%),45%,20,8,,16,,2,,,,,4
11252719,495,48837,CALENDAR,REGULAR,Round of 32,CUP,41618,Minnesota United,Local,ALL,09/05/2023,6,3,52%,0.00,0,15,3,9,18,551,16,13,3,,4,0,6,5,11,4,0,,,,3,1,440,32,69,,39/65 (60%),7/26 (27%),46%,28,40/99 (40%),28/49 (57%),11/14 (79%),56%,16,14,,29,,3,,,,,14
11252719,495,48837,CALENDAR,REGULAR,Round of 32,CUP,41618,Minnesota United,Local,1ST,09/05/2023,6,0,60%,0.00,0,5,0,4,,253,3,2,1,,0,0,3,2,4,1,0,,,,1,0,202,19,27,,19/29 (66%),1/12 (8%),44%,9,5/22 (23%),13/19 (68%),0/1 (0%),33%,3,7,,6,,0,,,,,7
11252719,495,48837,CALENDAR,REGULAR,Round of 32,CUP,41618,Minnesota United,Local,2ND,09/05/2023,6,2,50%,0.00,0,7,3,4,,194,8,8,1,,2,0,2,3,5,2,0,,,,0,0,154,7,32,,14/27 (52%),5/11 (45%),47%,15,25/52 (48%),7/16 (44%),9/9 (100%),63%,8,4,,12,,3,,,,,4
11252719,495,48837,CALENDAR,REGULAR,Round of 32,CUP,39833,Philadelphia Union,Visita,ALL,09/05/2023,6,3,48%,0.00,1,17,1,4,13,531,31,17,5,,6,0,8,3,7,10,1,,,,4,1,400,32,82,,40/75 (53%),2/15 (13%),54%,8,59/99 (60%),21/49 (43%),11/19 (58%),52%,31,21,,21,,1,,,,,15
11252719,495,48837,CALENDAR,REGULAR,Round of 32,CUP,39833,Philadelphia Union,Visita,1ST,09/05/2023,6,0,40%,0.00,0,3,0,1,,174,10,4,1,,0,0,3,0,1,2,0,,,,0,0,124,12,25,,14/32 (44%),1/2 (50%),56%,2,17/22 (77%),6/19 (32%),3/4 (75%),40%,10,13,,11,,0,,,,,8
11252719,495,48837,CALENDAR,REGULAR,Round of 32,CUP,39833,Philadelphia Union,Visita,2ND,09/05/2023,6,2,50%,0.00,1,12,0,2,,198,15,7,1,,5,0,4,3,6,6,1,,,,2,0,151,12,28,,18/30 (60%),1/8 (13%),53%,3,27/52 (52%),9/16 (56%),5/10 (50%),47%,15,7,,6,,0,,,,,5
10952344,242,47955,CALENDAR,REGULAR_SEASON,Regular Season,LEAGUE,2510,Colorado Rapids,Local,ALL,13/05/2023,,1,56%,1.43,3,11,0,6,8,454,13,9,5,1,5,1,5,1,8,3,1,2,,,3,1,374,24,63,,31/58 (53%),4/20 (20%),52%,2,33/53 (62%),15/39 (38%),11/16 (69%),69%,13,12,,14,,0,-1.53,,,,11
10952344,242,47955,CALENDAR,REGULAR_SEASON,Regular Season,LEAGUE,2510,Colorado Rapids,Local,1ST,13/05/2023,,1,48%,0.98,2,4,0,1,,200,6,5,2,0,2,0,1,1,3,1,1,1,,,1,1,163,11,19,,15/30 (50%),2/3 (67%),51%,1,12/19 (63%),6/16 (38%),1/2 (50%),83%,6,7,,12,,0,,,,,8
10952344,242,47955,CALENDAR,REGULAR_SEASON,Regular Season,LEAGUE,2510,Colorado Rapids,Local,2ND,13/05/2023,,0,65%,0.45,1,7,0,5,,254,7,4,3,1,3,1,4,0,5,2,0,1,,,2,0,211,13,44,,16/28 (57%),2/17 (12%),53%,1,21/34 (62%),9/23 (39%),10/14 (71%),57%,7,5,,2,,0,,,,,3
10952344,242,47955,CALENDAR,REGULAR_SEASON,Regular Season,LEAGUE,39833,Philadelphia Union,Visita,ALL,13/05/2023,,2,44%,0.98,1,10,4,6,9,351,7,7,4,1,2,0,5,3,4,6,0,1,,,1,1,267,24,43,,32/57 (56%),5/15 (33%),48%,6,20/53 (38%),24/39 (62%),7/14 (50%),71%,7,10,,22,,4,0.24,,,,13
10952344,242,47955,CALENDAR,REGULAR_SEASON,Regular Season,LEAGUE,39833,Philadelphia Union,Visita,1ST,13/05/2023,,1,52%,0.81,1,8,1,6,,206,2,3,2,0,1,0,4,3,4,4,0,1,,,0,0,166,12,21,,19/29 (66%),5/14 (36%),49%,4,7/19 (37%),10/16 (63%),3/5 (60%),100%,2,3,,5,,1,,,,,2
10952344,242,47955,CALENDAR,REGULAR_SEASON,Regular Season,LEAGUE,39833,Philadelphia Union,Visita,2ND,13/05/2023,,1,35%,0.17,0,2,3,0,,145,5,4,2,1,1,0,1,0,0,2,0,0,,,1,1,101,12,22,,13/28 (46%),0/1 (0%),47%,2,13/34 (38%),14/23 (61%),4/9 (44%),60%,5,7,,17,,3,,,,,11
10952335,242,47955,CALENDAR,REGULAR_SEASON,Regular Season,LEAGUE,39833,Philadelphia Union,Local,ALL,17/05/2023,,0,45%,0.63,1,16,3,4,11,372,12,12,2,,2,0,8,6,5,11,,1,,,0,1,277,15,64,,31/65 (48%),3/19 (16%),44%,7,39/82 (48%),9/26 (35%),15/23 (65%),58%,12,10,,21,,3,1.16,,,,7
10952335,242,47955,CALENDAR,REGULAR_SEASON,Regular Season,LEAGUE,39833,Philadelphia Union,Local,1ST,17/05/2023,,0,45%,0.11,0,4,3,2,,183,5,3,1,,1,0,2,1,0,4,,0,,,0,1,134,7,22,,19/32 (59%),1/7 (14%),44%,3,19/42 (45%),3/8 (38%),11/13 (85%),40%,5,9,,13,,3,,,,,3
10952335,242,47955,CALENDAR,REGULAR_SEASON,Regular Season,LEAGUE,39833,Philadelphia Union,Local,2ND,17/05/2023,,0,45%,0.52,1,12,0,2,,189,7,9,1,,1,0,6,5,5,7,,1,,,0,0,143,8,42,,12/33 (36%),2/12 (17%),45%,4,20/40 (50%),6/18 (33%),4/10 (40%),71%,7,1,,8,,0,,,,,4
10952335,242,47955,CALENDAR,REGULAR_SEASON,Regular Season,LEAGUE,2502,DC United,Visita,ALL,17/05/2023,,0,55%,1.51,2,11,2,4,12,453,15,11,2,,3,1,2,6,8,3,,2,,,3,2,349,17,69,,28/65 (43%),6/27 (22%),56%,5,43/82 (52%),17/26 (65%),17/24 (71%),47%,15,12,,20,,2,0.29,,,,11
10952335,242,47955,CALENDAR,REGULAR_SEASON,Regular Season,LEAGUE,2502,DC United,Visita,1ST,17/05/2023,,0,55%,0.83,1,5,1,2,,217,5,9,0,,3,0,1,1,3,2,,1,,,2,1,163,9,35,,16/33 (48%),2/15 (13%),56%,2,23/42 (55%),5/8 (63%),9/12 (75%),80%,5,7,,9,,1,,,,,3
10952335,242,47955,CALENDAR,REGULAR_SEASON,Regular Season,LEAGUE,2502,DC United,Visita,2ND,17/05/2023,,0,55%,0.68,1,6,1,2,,236,10,2,2,,0,1,1,5,5,1,,1,,,1,1,186,8,34,,12/32 (38%),4/12 (33%),55%,3,20/40 (50%),12/18 (67%),8/12 (67%),30%,10,5,,11,,1,,,,,8
10952322,242,47955,CALENDAR,REGULAR_SEASON,Regular Season,LEAGUE,39833,Philadelphia Union,Local,ALL,20/05/2023,,3,43%,2.45,4,17,0,7,12,317,15,13,1,,7,0,4,6,10,7,2,2,,,3,3,236,18,55,,22/55 (40%),3/18 (17%),43%,10,34/79 (43%),10/23 (43%),6/16 (38%),73%,15,11,,18,,0,0.00,,,,8
10952322,242,47955,CALENDAR,REGULAR_SEASON,Regular Season,LEAGUE,39833,Philadelphia Union,Local,1ST,20/05/2023,,0,41%,0.47,1,8,0,2,,158,10,6,0,,4,0,0,4,3,5,0,1,,,1,2,112,8,30,,11/30 (37%),1/8 (13%),45%,7,19/45 (42%),6/10 (60%),3/7 (43%),90%,10,2,,9,,0,,,,,5
10952322,242,47955,CALENDAR,REGULAR_SEASON,Regular Season,LEAGUE,39833,Philadelphia Union,Local,2ND,20/05/2023,,3,45%,1.98,3,9,0,5,,159,5,7,1,,3,0,4,2,7,2,2,1,,,2,1,124,10,25,,11/25 (44%),2/10 (20%),40%,3,15/34 (44%),4/13 (31%),3/9 (33%),40%,5,9,,9,,0,,,,,3
10952322,242,47955,CALENDAR,REGULAR_SEASON,Regular Season,LEAGUE,2511,New England Revolution,Visita,ALL,20/05/2023,,0,57%,0.74,1,8,4,5,13,421,20,12,5,,0,0,4,4,5,3,0,1,,,1,0,327,11,66,,22/50 (44%),4/21 (19%),57%,10,45/79 (57%),13/23 (57%),13/18 (72%),60%,20,11,,15,,4,-0.18,,,,9
10952322,242,47955,CALENDAR,REGULAR_SEASON,Regular Season,LEAGUE,2511,New England Revolution,Visita,1ST,20/05/2023,,0,59%,0.18,1,2,4,3,,221,11,6,2,,0,0,1,1,1,1,0,1,,,0,0,172,6,29,,7/24 (29%),1/10 (10%),55%,8,26/45 (58%),4/10 (40%),9/11 (82%),64%,11,5,,8,,4,,,,,4
10952322,242,47955,CALENDAR,REGULAR_SEASON,Regular Season,LEAGUE,2511,New England Revolution,Visita,2ND,20/05/2023,,0,55%,0.56,0,6,0,2,,200,9,6,3,,0,0,3,3,4,2,0,0,,,1,0,155,5,37,,15/26 (58%),3/11 (27%),60%,2,19/34 (56%),9/13 (69%),4/7 (57%),56%,9,6,,7,,0,,,,,5
10952311,242,47955,CALENDAR,REGULAR_SEASON,Regular Season,LEAGUE,187643,New York City FC,Local,ALL,27/05/2023,,1,59%,1.51,3,16,3,5,16,494,13,14,3,,7,1,5,4,11,5,1,2,3,,1,2,421,18,51,,28/46 (61%),3/11 (27%),45%,4,33/68 (49%),9/25 (36%),6/16 (38%),46%,13,5,,20,,3,-0.44,,,,8
10952311,242,47955,CALENDAR,REGULAR_SEASON,Regular Season,LEAGUE,187643,New York City FC,Local,1ST,27/05/2023,,1,58%,0.88,2,10,1,2,,213,4,7,1,,6,1,2,2,6,4,1,1,1,,1,0,176,10,23,,11/24 (46%),1/3 (33%),37%,3,13/33 (39%),3/10 (30%),2/7 (29%),75%,4,3,,13,,1,,,,,3
10952311,242,47955,CALENDAR,REGULAR_SEASON,Regular Season,LEAGUE,187643,New York City FC,Local,2ND,27/05/2023,,0,61%,0.64,1,6,2,3,,281,9,7,2,,1,0,3,2,5,1,0,1,2,,0,2,245,8,28,,17/22 (77%),2/8 (25%),52%,1,20/35 (57%),6/15 (40%),4/9 (44%),33%,9,2,,7,,2,,,,,5
10952311,242,47955,CALENDAR,REGULAR_SEASON,Regular Season,LEAGUE,39833,Philadelphia Union,Visita,ALL,27/05/2023,,3,41%,1.67,3,13,6,7,15,322,13,16,3,,6,1,6,1,9,4,3,0,1,,3,3,244,19,57,,24/57 (42%),4/22 (18%),55%,10,35/68 (51%),16/25 (64%),5/8 (63%),62%,13,14,,12,,6,0.76,,,,8
10952311,242,47955,CALENDAR,REGULAR_SEASON,Regular Season,LEAGUE,39833,Philadelphia Union,Visita,1ST,27/05/2023,,2,42%,0.51,2,5,5,5,,144,8,9,1,,3,0,2,0,3,2,2,0,1,,2,2,104,7,28,,17/34 (50%),2/13 (15%),63%,4,20/33 (61%),7/10 (70%),3/3 (100%),63%,8,4,,4,,5,,,,,4
10952311,242,47955,CALENDAR,REGULAR_SEASON,Regular Season,LEAGUE,39833,Philadelphia Union,Visita,2ND,27/05/2023,,1,39%,1.17,1,8,1,2,,178,5,7,2,,3,1,4,1,6,2,1,0,0,,1,1,140,12,29,,7/23 (30%),2/9 (22%),48%,6,15/35 (43%),9/15 (60%),2/5 (40%),60%,5,10,,8,,1,,,,,4
10952296,242,47955,CALENDAR,REGULAR_SEASON,Regular Season,LEAGUE,39833,Philadelphia Union,Local,ALL,31/05/2023,,1,46%,0.93,2,11,2,5,17,366,12,9,1,,2,2,5,4,6,5,,2,1,,2,4,266,28,57,,40/76 (53%),5/25 (20%),46%,2,26/61 (43%),17/32 (53%),5/13 (38%),42%,12,9,69,11,,2,0.54,,,,3
10952296,242,47955,CALENDAR,REGULAR_SEASON,Regular Season,LEAGUE,39833,Philadelphia Union,Local,1ST,31/05/2023,,0,44%,0.40,1,6,1,3,,183,5,4,0,,1,1,2,3,4,2,,1,1,,2,1,133,16,30,,21/37 (57%),2/11 (18%),43%,0,11/27 (41%),6/13 (46%),2/6 (33%),40%,5,5,32,5,,1,,,,,1
10952296,242,47955,CALENDAR,REGULAR_SEASON,Regular Season,LEAGUE,39833,Philadelphia Union,Local,2ND,31/05/2023,,1,49%,0.53,1,5,1,2,,183,7,5,1,,1,1,3,1,2,3,,1,0,,0,3,133,12,27,,19/39 (49%),3/14 (21%),49%,2,15/34 (44%),11/19 (58%),3/7 (43%),43%,7,4,37,6,,1,,,,,2
10952296,242,47955,CALENDAR,REGULAR_SEASON,Regular Season,LEAGUE,404108,Charlotte FC,Visita,ALL,31/05/2023,,0,54%,0.27,0,5,2,6,10,439,10,15,1,,2,0,1,2,4,1,,0,0,,2,0,340,18,67,,27/66 (41%),3/21 (14%),54%,5,35/61 (57%),15/32 (47%),10/17 (59%),60%,10,9,64,27,,2,-0.93,,,,4
10952296,242,47955,CALENDAR,REGULAR_SEASON,Regular Season,LEAGUE,404108,Charlotte FC,Visita,1ST,31/05/2023,,0,56%,0.21,0,3,1,2,,240,4,8,1,,1,0,1,1,3,0,,0,0,,1,0,194,9,34,,13/32 (41%),2/12 (17%),57%,4,16/27 (59%),7/13 (54%),4/5 (80%),50%,4,5,28,14,,1,,,,,2
10952296,242,47955,CALENDAR,REGULAR_SEASON,Regular Season,LEAGUE,404108,Charlotte FC,Visita,2ND,31/05/2023,,0,51%,0.05,0,2,1,4,,199,6,7,0,,1,0,0,1,1,1,,0,0,,1,0,146,9,33,,14/34 (41%),1/9 (11%),51%,1,19/34 (56%),8/19 (42%),6/12 (50%),67%,6,4,36,13,,1,,,,,2
10952281,242,47955,CALENDAR,REGULAR_SEASON,Regular Season,LEAGUE,39833,Philadelphia Union,Local,ALL,03/06/2023,,3,44%,1.77,4,23,2,7,16,350,20,15,1,,8,0,9,6,12,11,1,3,0,,5,4,253,22,62,,21/45 (47%),9/18 (50%),54%,5,45/81 (56%),7/15 (47%),10/15 (67%),45%,20,17,72,12,,2,0.59,,,,5
10952281,242,47955,CALENDAR,REGULAR_SEASON,Regular Season,LEAGUE,39833,Philadelphia Union,Local,1ST,03/06/2023,,2,44%,0.90,3,12,2,3,,176,10,7,0,,3,0,5,4,7,5,1,2,0,,4,2,130,11,26,,9/18 (50%),5/11 (45%),53%,2,19/35 (54%),4/8 (50%),2/6 (33%),20%,10,9,40,8,,2,,,,,2
10952281,242,47955,CALENDAR,REGULAR_SEASON,Regular Season,LEAGUE,39833,Philadelphia Union,Local,2ND,03/06/2023,,1,44%,0.86,1,11,0,4,,174,10,8,1,,5,0,4,2,5,6,0,1,0,,1,2,123,11,36,,12/27 (44%),4/7 (57%),55%,3,26/46 (57%),3/7 (43%),8/9 (89%),70%,10,8,32,4,,0,,,,,3
10952281,242,47955,CALENDAR,REGULAR_SEASON,Regular Season,LEAGUE,22006,CF Montréal,Visita,ALL,03/06/2023,,0,56%,1.30,1,9,5,4,17,454,10,16,3,,2,0,3,4,7,2,0,1,1,,1,0,367,15,39,,18/44 (41%),2/11 (18%),46%,9,36/81 (44%),8/15 (53%),11/22 (50%),30%,10,10,64,19,,5,-0.73,,,,13
10952281,242,47955,CALENDAR,REGULAR_SEASON,Regular Season,LEAGUE,22006,CF Montréal,Visita,1ST,03/06/2023,,0,56%,1.06,1,6,2,2,,229,6,8,1,,2,0,1,3,5,1,0,1,1,,0,0,184,8,21,,9/22 (41%),2/6 (33%),47%,4,16/35 (46%),4/8 (50%),3/9 (33%),33%,6,7,30,6,,2,,,,,9
10952281,242,47955,CALENDAR,REGULAR_SEASON,Regular Season,LEAGUE,22006,CF Montréal,Visita,2ND,03/06/2023,,0,56%,0.23,0,3,3,2,,225,4,8,2,,0,0,2,1,2,1,0,0,0,,1,0,183,7,18,,9/22 (41%),0/5 (0%),45%,5,20/46 (43%),4/7 (57%),8/13 (62%),25%,4,3,34,13,,3,,,,,4
10952262,242,47955,CALENDAR,REGULAR_SEASON,Regular Season,LEAGUE,21825,San Jose Earthquakes,Local,ALL,10/06/2023,,2,48%,0.64,0,10,6,1,12,378,11,20,,,2,0,6,2,4,6,0,0,1,,3,1,287,33,47,,38/69 (55%),4/12 (33%),53%,7,42/76 (55%),18/37 (49%),11/20 (55%),73%,11,14,58,24,,6,1.12,,,,8
10952262,242,47955,CALENDAR,REGULAR_SEASON,Regular Season,LEAGUE,21825,San Jose Earthquakes,Local,1ST,10/06/2023,,1,57%,0.15,0,3,1,0,,227,4,10,,,1,0,0,2,1,2,0,0,0,,1,1,172,16,24,,18/37 (49%),0/5 (0%),52%,4,20/40 (50%),9/16 (56%),6/12 (50%),75%,4,7,27,4,,1,,,,,6
10952262,242,47955,CALENDAR,REGULAR_SEASON,Regular Season,LEAGUE,21825,San Jose Earthquakes,Local,2ND,10/06/2023,,1,39%,0.49,0,7,5,1,,151,7,10,,,1,0,6,0,3,4,0,0,1,,2,0,115,17,23,,20/32 (63%),4/7 (57%),54%,3,22/36 (61%),9/21 (43%),5/8 (63%),71%,7,7,31,20,,5,,,,,2
10952262,242,47955,CALENDAR,REGULAR_SEASON,Regular Season,LEAGUE,39833,Philadelphia Union,Visita,ALL,10/06/2023,,1,52%,1.59,4,18,0,6,21,406,16,12,,,7,0,7,4,12,6,1,3,0,,1,1,316,21,62,,27/57 (47%),12/25 (48%),47%,5,34/76 (45%),19/37 (51%),7/13 (54%),75%,16,11,56,16,,0,-0.95,,,,9
10952262,242,47955,CALENDAR,REGULAR_SEASON,Regular Season,LEAGUE,39833,Philadelphia Union,Visita,1ST,10/06/2023,,1,43%,0.86,3,7,0,2,,167,10,7,,,2,0,4,1,6,1,1,2,0,,0,0,121,12,21,,12/30 (40%),4/10 (40%),48%,2,20/40 (50%),7/16 (44%),4/6 (67%),70%,10,8,24,7,,0,,,,,3
10952262,242,47955,CALENDAR,REGULAR_SEASON,Regular Season,LEAGUE,39833,Philadelphia Union,Visita,2ND,10/06/2023,,0,61%,0.73,1,11,0,4,,239,6,5,,,5,0,3,3,6,5,0,1,0,,1,1,195,9,41,,15/27 (56%),8/15 (53%),46%,3,14/36 (39%),12/21 (57%),3/7 (43%),83%,6,3,32,9,,0,,,,,6
10952245,242,47955,CALENDAR,REGULAR_SEASON,Regular Season,LEAGUE,52237,Orlando City SC,Local,ALL,21/06/2023,,2,45%,0.83,1,8,3,4,11,340,10,14,4,,4,1,2,2,5,3,,1,0,,1,1,261,18,46,,20/52 (38%),2/14 (14%),56%,7,31/58 (53%),17/28 (61%),7/12 (58%),70%,10,9,55,27,,3,-0.38,,,,6
10952245,242,47955,CALENDAR,REGULAR_SEASON,Regular Season,LEAGUE,52237,Orlando City SC,Local,1ST,21/06/2023,,1,49%,0.52,0,5,1,3,,183,5,7,0,,3,0,0,2,3,2,,0,0,,1,1,156,4,24,,15/22 (68%),2/11 (18%),64%,4,15/24 (63%),6/9 (67%),3/5 (60%),80%,5,2,21,13,,1,,,,,3
10952245,242,47955,CALENDAR,REGULAR_SEASON,Regular Season,LEAGUE,52237,Orlando City SC,Local,2ND,21/06/2023,,1,41%,0.30,1,3,2,1,,157,5,7,4,,1,1,2,0,2,1,,1,0,,0,0,105,14,22,,5/30 (17%),0/3 (0%),51%,3,16/34 (47%),11/19 (58%),4/7 (57%),60%,5,7,34,14,,2,,,,,3
10952245,242,47955,CALENDAR,REGULAR_SEASON,Regular Season,LEAGUE,39833,Philadelphia Union,Visita,ALL,21/06/2023,,2,55%,0.93,2,9,2,7,14,407,12,11,4,,5,1,3,1,5,4,,2,1,,2,0,335,23,69,,39/64 (61%),5/30 (17%),44%,4,27/58 (47%),11/28 (39%),4/10 (40%),67%,12,8,46,13,,2,-1.36,,,,4
10952245,242,47955,CALENDAR,REGULAR_SEASON,Regular Season,LEAGUE,39833,Philadelphia Union,Visita,1ST,21/06/2023,,0,51%,0.16,0,3,2,6,,188,6,3,2,,1,0,1,1,2,1,,0,1,,2,0,162,8,31,,22/35 (63%),1/15 (7%),36%,2,9/24 (38%),3/9 (33%),0/3 (0%),50%,6,3,17,7,,2,,,,,3
10952245,242,47955,CALENDAR,REGULAR_SEASON,Regular Season,LEAGUE,39833,Philadelphia Union,Visita,2ND,21/06/2023,,2,59%,0.77,2,6,0,1,,219,6,8,2,,4,1,2,0,3,3,,2,0,,0,0,173,15,38,,17/29 (59%),4/15 (27%),49%,2,18/34 (53%),8/19 (42%),4/7 (57%),83%,6,5,29,6,,0,,,,,1
10952234,242,47955,CALENDAR,REGULAR_SEASON,Regular Season,LEAGUE,39833,Philadelphia Union,Local,ALL,24/06/2023,,4,31%,0.85,1,8,1,2,10,301,13,8,2,,3,1,5,0,2,6,1,0,,,0,2,222,18,44,,32/57 (56%),1/9 (11%),49%,8,28/59 (47%),5/9 (56%),7/13 (54%),62%,13,7,65,7,,1,-0.86,,,,13
10952234,242,47955,CALENDAR,REGULAR_SEASON,Regular Season,LEAGUE,39833,Philadelphia Union,Local,1ST,24/06/2023,,3,32%,0.77,1,4,1,1,,150,8,3,2,,3,0,1,0,2,2,1,0,,,0,0,111,9,23,,19/34 (56%),1/6 (17%),44%,4,14/32 (44%),2/4 (50%),3/5 (60%),63%,8,5,34,2,,1,,,,,6
10952234,242,47955,CALENDAR,REGULAR_SEASON,Regular Season,LEAGUE,39833,Philadelphia Union,Local,2ND,24/06/2023,,1,30%,0.09,0,4,0,1,,151,5,5,0,,0,1,4,0,0,4,0,0,,,0,2,111,9,21,,13/23 (57%),0/3 (0%),53%,4,14/27 (52%),3/5 (60%),4/8 (50%),60%,5,2,31,5,,0,,,,,7
10952234,242,47955,CALENDAR,REGULAR_SEASON,Regular Season,LEAGUE,337602,Inter Miami CF,Visita,ALL,24/06/2023,,1,69%,1.06,1,9,0,0,8,688,14,9,1,,3,0,3,3,7,2,0,1,,,2,0,605,13,70,,42/59 (71%),1/8 (13%),51%,9,31/59 (53%),4/9 (44%),8/12 (67%),71%,14,5,70,9,,0,-2.75,,,,4
10952234,242,47955,CALENDAR,REGULAR_SEASON,Regular Season,LEAGUE,337602,Inter Miami CF,Visita,1ST,24/06/2023,,0,68%,0.23,0,4,0,0,,331,6,6,0,,1,0,3,0,3,1,0,0,,,2,0,290,9,28,,26/36 (72%),1/4 (25%),56%,7,18/32 (56%),2/4 (50%),6/7 (86%),50%,6,2,36,6,,0,,,,,0
10952234,242,47955,CALENDAR,REGULAR_SEASON,Regular Season,LEAGUE,337602,Inter Miami CF,Visita,2ND,24/06/2023,,1,70%,0.83,1,5,0,0,,357,8,3,1,,2,0,0,3,4,1,0,1,,,0,0,315,4,42,,16/23 (70%),0/4 (0%),47%,2,13/27 (48%),2/5 (40%),2/5 (40%),88%,8,3,34,3,,0,,,,,4
10952209,242,47955,CALENDAR,REGULAR_SEASON,Regular Season,LEAGUE,243211,Atlanta United,Local,ALL,02/07/2023,,2,49%,0.85,1,13,1,6,11,317,16,13,2,,6,0,1,6,7,6,1,,,,4,0,246,15,46,,29/55 (53%),7/18 (39%),55%,5,31/62 (50%),17/25 (68%),2/11 (18%),69%,16,8,47,16,,1,0.01,,,,7
10952209,242,47955,CALENDAR,REGULAR_SEASON,Regular Season,LEAGUE,243211,Atlanta United,Local,1ST,02/07/2023,,1,52%,0.60,0,7,1,3,,162,9,9,0,,4,0,1,2,5,2,0,,,,2,0,121,10,30,,13/28 (46%),6/12 (50%),61%,4,19/34 (56%),9/12 (75%),1/2 (50%),78%,9,5,26,4,,1,,,,,0
10952209,242,47955,CALENDAR,REGULAR_SEASON,Regular Season,LEAGUE,243211,Atlanta United,Local,2ND,02/07/2023,,1,47%,0.25,1,6,0,3,,155,7,4,2,,2,0,0,4,2,4,1,,,,2,0,125,5,16,,16/27 (59%),1/6 (17%),49%,1,12/28 (43%),8/13 (62%),1/9 (11%),57%,7,3,21,12,,0,,,,,7
10952209,242,47955,CALENDAR,REGULAR_SEASON,Regular Season,LEAGUE,39833,Philadelphia Union,Visita,ALL,02/07/2023,,0,51%,0.79,0,15,4,3,14,326,14,11,4,,1,0,5,9,12,3,0,,,,2,6,262,22,52,,33/46 (72%),2/20 (10%),45%,12,31/62 (50%),8/25 (32%),6/10 (60%),64%,14,17,54,14,,4,-1.49,,,,5
10952209,242,47955,CALENDAR,REGULAR_SEASON,Regular Season,LEAGUE,39833,Philadelphia Union,Visita,1ST,02/07/2023,,0,48%,0.25,0,5,3,1,,154,5,6,1,,1,0,0,4,3,2,0,,,,2,3,117,8,26,,16/24 (67%),1/8 (13%),39%,6,15/34 (44%),3/12 (25%),4/7 (57%),40%,5,8,28,7,,3,,,,,3
10952209,242,47955,CALENDAR,REGULAR_SEASON,Regular Season,LEAGUE,39833,Philadelphia Union,Visita,2ND,02/07/2023,,0,53%,0.54,0,10,1,2,,172,9,5,3,,0,0,5,5,9,1,0,,,,0,3,145,14,26,,17/22 (77%),1/12 (8%),51%,6,16/28 (57%),5/13 (38%),2/3 (67%),78%,9,9,26,7,,1,,,,,2
10952193,242,47955,CALENDAR,REGULAR_SEASON,Regular Season,LEAGUE,2513,LA Galaxy,Local,ALL,08/07/2023,,3,53%,1.39,3,16,1,4,13,495,11,9,3,,7,1,7,2,8,8,,3,2,,1,0,423,12,48,,21/39 (54%),1/8 (13%),42%,7,29/65 (45%),3/12 (25%),9/17 (53%),64%,11,12,63,19,,1,-0.68,,,,8
10952193,242,47955,CALENDAR,REGULAR_SEASON,Regular Season,LEAGUE,2513,LA Galaxy,Local,1ST,08/07/2023,,2,56%,0.64,1,9,0,2,,256,1,7,1,,4,0,4,1,4,5,,1,0,,1,0,216,8,21,,11/18 (61%),1/4 (25%),40%,2,14/30 (47%),0/5 (0%),6/9 (67%),100%,1,4,27,9,,0,,,,,4
10952193,242,47955,CALENDAR,REGULAR_SEASON,Regular Season,LEAGUE,2513,LA Galaxy,Local,2ND,08/07/2023,,1,50%,0.75,2,7,1,2,,239,10,2,2,,3,1,3,1,4,3,,2,2,,0,0,207,4,27,,10/21 (48%),0/4 (0%),43%,5,15/35 (43%),3/7 (43%),3/8 (38%),60%,10,8,36,10,,1,,,,,4
10952193,242,47955,CALENDAR,REGULAR_SEASON,Regular Season,LEAGUE,39833,Philadelphia Union,Visita,ALL,08/07/2023,,1,47%,0.68,0,11,5,1,10,430,15,13,3,,2,0,5,4,7,4,,0,2,,5,3,341,22,66,,39/69 (57%),3/17 (18%),58%,5,36/65 (55%),9/12 (75%),8/14 (57%),53%,15,8,62,7,,5,-0.92,,,,10
10952193,242,47955,CALENDAR,REGULAR_SEASON,Regular Season,LEAGUE,39833,Philadelphia Union,Visita,1ST,08/07/2023,,1,44%,0.46,0,6,3,1,,200,5,7,2,,1,0,3,2,3,3,,0,1,,2,1,160,8,27,,17/31 (55%),1/7 (14%),60%,0,16/30 (53%),5/5 (100%),4/5 (80%),40%,5,5,28,4,,3,,,,,4
10952193,242,47955,CALENDAR,REGULAR_SEASON,Regular Season,LEAGUE,39833,Philadelphia Union,Visita,2ND,08/07/2023,,0,50%,0.23,0,5,2,0,,230,10,6,1,,1,0,2,2,4,1,,0,1,,3,2,181,14,39,,22/38 (58%),2/10 (20%),57%,5,20/35 (57%),4/7 (57%),4/9 (44%),60%,10,3,34,3,,2,,,,,6
10952184,242,47955,CALENDAR,REGULAR_SEASON,Regular Season,LEAGUE,337612,Nashville SC,Local,ALL,12/07/2023,,0,57%,2.36,5,18,3,7,9,427,12,15,4,2,3,2,11,4,14,4,0,5,1,,3,0,354,28,58,,26/51 (51%),8/33 (24%),61%,11,33/58 (57%),23/34 (68%),6/10 (60%),58%,12,8,49,13,,3,0.17,,,,2
10952184,242,47955,CALENDAR,REGULAR_SEASON,Regular Season,LEAGUE,337612,Nashville SC,Local,1ST,12/07/2023,,0,57%,1.04,2,6,2,3,,214,8,8,2,0,0,0,3,3,4,2,0,2,0,,1,0,176,16,26,,12/27 (44%),6/16 (38%),61%,8,18/32 (56%),10/14 (71%),2/5 (40%),63%,8,5,26,8,,2,,,,,0
10952184,242,47955,CALENDAR,REGULAR_SEASON,Regular Season,LEAGUE,337612,Nashville SC,Local,2ND,12/07/2023,,0,58%,1.32,3,12,1,4,,213,4,7,2,2,3,2,8,1,10,2,0,3,1,,2,0,178,12,32,,14/24 (58%),2/17 (12%),61%,3,15/26 (58%),13/20 (65%),4/5 (80%),50%,4,3,23,5,,1,,,,,2
10952184,242,47955,CALENDAR,REGULAR_SEASON,Regular Season,LEAGUE,39833,Philadelphia Union,Visita,ALL,12/07/2023,,2,43%,1.79,2,9,0,3,16,341,15,9,2,1,5,1,3,1,2,7,2,0,2,,2,1,271,19,51,,27/57 (47%),0/8 (0%),39%,9,25/58 (43%),11/34 (32%),2/5 (40%),67%,15,9,47,31,,0,0.00,,,,14
10952184,242,47955,CALENDAR,REGULAR_SEASON,Regular Season,LEAGUE,39833,Philadelphia Union,Visita,1ST,12/07/2023,,1,43%,0.88,1,4,0,3,,173,11,3,1,0,3,1,1,0,1,3,1,0,1,,1,1,131,13,22,,13/28 (46%),0/7 (0%),39%,5,14/32 (44%),4/14 (29%),0/3 (0%),55%,11,4,22,13,,0,,,,,8
10952184,242,47955,CALENDAR,REGULAR_SEASON,Regular Season,LEAGUE,39833,Philadelphia Union,Visita,2ND,12/07/2023,,1,42%,0.91,1,5,0,0,,168,4,6,1,1,2,0,2,1,1,4,1,0,1,,1,0,140,6,29,,14/29 (48%),0/1 (0%),39%,4,11/26 (42%),7/20 (35%),2/2 (100%),100%,4,5,25,18,,0,,,,,6
10952177,242,47955,CALENDAR,REGULAR_SEASON,Regular Season,LEAGUE,39833,Philadelphia Union,Local,ALL,15/07/2023,,2,44%,1.10,2,5,2,3,9,446,21,8,,,3,0,1,1,5,0,2,0,,,1,0,367,17,56,,28/57 (49%),1/14 (7%),51%,2,33/63 (52%),8/18 (44%),4/10 (40%),38%,21,12,52,9,,2,0.04,,,,8
10952177,242,47955,CALENDAR,REGULAR_SEASON,Regular Season,LEAGUE,39833,Philadelphia Union,Local,1ST,15/07/2023,,1,48%,0.23,1,2,1,1,,272,9,2,,,2,0,0,0,2,0,1,0,,,1,0,239,7,32,,13/22 (59%),0/8 (0%),52%,2,14/26 (54%),3/7 (43%),3/3 (100%),33%,9,6,26,2,,1,,,,,2
10952177,242,47955,CALENDAR,REGULAR_SEASON,Regular Season,LEAGUE,39833,Philadelphia Union,Local,2ND,15/07/2023,,1,39%,0.87,1,3,1,2,,174,12,6,,,1,0,1,1,3,0,1,0,,,0,0,128,10,24,,15/35 (43%),1/6 (17%),50%,0,19/37 (51%),5/11 (45%),1/7 (14%),42%,12,6,26,7,,1,,,,,6
10952177,242,47955,CALENDAR,REGULAR_SEASON,Regular Season,LEAGUE,187643,New York City FC,Visita,ALL,15/07/2023,,1,56%,1.26,2,11,1,6,9,563,8,9,,,3,1,6,2,8,3,1,1,,,3,1,498,15,50,,33/44 (75%),5/19 (26%),49%,15,30/63 (48%),10/18 (56%),13/19 (68%),75%,8,18,61,15,,1,-0.50,,,,4
10952177,242,47955,CALENDAR,REGULAR_SEASON,Regular Season,LEAGUE,187643,New York City FC,Visita,1ST,15/07/2023,,0,52%,0.25,0,3,1,3,,297,2,4,,,1,0,2,0,3,0,0,0,,,2,0,266,9,24,,18/23 (78%),2/7 (29%),48%,5,12/26 (46%),4/7 (57%),6/10 (60%),100%,2,7,26,9,,1,,,,,2
10952177,242,47955,CALENDAR,REGULAR_SEASON,Regular Season,LEAGUE,187643,New York City FC,Visita,2ND,15/07/2023,,1,61%,1.01,2,8,0,3,,266,6,5,,,2,1,4,2,5,3,1,1,,,1,1,232,6,26,,15/21 (71%),3/12 (25%),50%,10,18/37 (49%),6/11 (55%),7/9 (78%),67%,6,11,35,6,,0,,,,,2
11156295,13783,49648,CALENDAR,GROUP,"Leagues Cup, Group East 1",CUP,39833,Philadelphia Union,Local,ALL,22/07/2023,1,3,56%,6.31,,28,4,6,14,485,0,1,2,0,18,0,5,5,22,6,,,5,40,,4,429,8,,51/64 (80%),31/43 (72%),8/18 (44%),41%,3,39/102 (38%),11/18 (61%),12/18 (67%),,0,12,,3,5,4,,3,,,6
11156295,13783,49648,CALENDAR,GROUP,"Leagues Cup, Group East 1",CUP,39833,Philadelphia Union,Local,1ST,22/07/2023,1,,,,,,,,,,,,,,,,,,,,,,,,,,,,,,,,,,,,,,,,,,,,,,,,
11156295,13783,49648,CALENDAR,GROUP,"Leagues Cup, Group East 1",CUP,39833,Philadelphia Union,Local,2ND,22/07/2023,1,,,,,,,,,,,,,,,,,,,,,,,,,,,,,,,,,,,,,,,,,,,,,,,,
11156295,13783,49648,CALENDAR,GROUP,"Leagues Cup, Group East 1",CUP,36525,Club Tijuana,Visita,ALL,22/07/2023,1,1,44%,1.73,,13,15,2,16,287,4,2,0,2,5,0,6,2,8,5,,,0,11,,0,238,15,,19/26 (73%),26/39 (66%),5/5 (100%),36%,2,38/108 (35%),7/15 (47%),15/21 (71%),,4,21,,17,7,15,,12,,,8
11156295,13783,49648,CALENDAR,GROUP,"Leagues Cup, Group East 1",CUP,36525,Club Tijuana,Visita,1ST,22/07/2023,1,,,,,,,,,,,,,,,,,,,,,,,,,,,,,,,,,,,,,,,,,,,,,,,,
11156295,13783,49648,CALENDAR,GROUP,"Leagues Cup, Group East 1",CUP,36525,Club Tijuana,Visita,2ND,22/07/2023,1,,,,,,,,,,,,,,,,,,,,,,,,,,,,,,,,,,,,,,,,,,,,,,,,
11156294,13783,49648,CALENDAR,GROUP,"Leagues Cup, Group East 1",CUP,39833,Philadelphia Union,Local,ALL,26/07/2023,2,5,50%,1.96,,12,2,4,14,343,2,4,2,0,6,0,4,2,6,6,,,2,13,,2,293,17,,43/54 (80%),26/38 (68%),0/3 (0%),37%,5,42/120 (35%),13/26 (50%),12/19 (63%),,2,20,,9,3,2,,1,,,5
11156294,13783,49648,CALENDAR,GROUP,"Leagues Cup, Group East 1",CUP,39833,Philadelphia Union,Local,1ST,26/07/2023,2,,,,,,,,,,,,,,,,,,,,,,,,,,,,,,,,,,,,,,,,,,,,,,,,
11156294,13783,49648,CALENDAR,GROUP,"Leagues Cup, Group East 1",CUP,39833,Philadelphia Union,Local,2ND,26/07/2023,2,,,,,,,,,,,,,,,,,,,,,,,,,,,,,,,,,,,,,,,,,,,,,,,,
11156294,13783,49648,CALENDAR,GROUP,"Leagues Cup, Group East 1",CUP,1951,Querétaro FC,Visita,ALL,26/07/2023,2,1,50%,0.87,,7,1,5,17,333,2,3,1,0,3,0,3,1,2,5,,,2,7,,1,265,12,,19/33 (58%),14/32 (43%),2/7 (28%),38%,5,40/105 (38%),9/22 (41%),11/17 (65%),,2,12,,11,4,1,,0,,,8
11156294,13783,49648,CALENDAR,GROUP,"Leagues Cup, Group East 1",CUP,1951,Querétaro FC,Visita,1ST,26/07/2023,2,,,,,,,,,,,,,,,,,,,,,,,,,,,,,,,,,,,,,,,,,,,,,,,,
11156294,13783,49648,CALENDAR,GROUP,"Leagues Cup, Group East 1",CUP,1951,Querétaro FC,Visita,2ND,26/07/2023,2,,,,,,,,,,,,,,,,,,,,,,,,,,,,,,,,,,,,,,,,,,,,,,,,
11491726,13783,49648,CALENDAR,REGULAR,Round of 32,CUP,39833,Philadelphia Union,Local,ALL,03/08/2023,6,0,56%,1.19,,7,4,3,17,375,2,5,3,0,3,0,3,1,3,4,,,5,16,,2,302,19,,33/57 (58%),25/46 (54%),5/20 (25%),41%,3,36/92 (39%),16/33 (48%),10/14 (71%),,2,13,,9,5,4,,2,1,,8
11491726,13783,49648,CALENDAR,REGULAR,Round of 32,CUP,39833,Philadelphia Union,Local,1ST,03/08/2023,6,,,,,,,,,,,,,,,,,,,,,,,,,,,,,,,,,,,,,,,,,,,,,,,,
11491726,13783,49648,CALENDAR,REGULAR,Round of 32,CUP,39833,Philadelphia Union,Local,2ND,03/08/2023,6,,,,,,,,,,,,,,,,,,,,,,,,,,,,,,,,,,,,,,,,,,,,,,,,
11491726,13783,49648,CALENDAR,REGULAR,Round of 32,CUP,2502,DC United,Visita,ALL,03/08/2023,6,0,44%,0.69,,11,3,6,16,314,1,2,0,0,4,0,4,3,6,5,,,0,12,,0,251,17,,24/43 (56%),18/35 (51%),3/9 (33%),39%,5,33/95 (35%),18/34 (53%),17/22 (77%),,1,28,,19,2,3,,2,0,,8
11491726,13783,49648,CALENDAR,REGULAR,Round of 32,CUP,2502,DC United,Visita,1ST,03/08/2023,6,,,,,,,,,,,,,,,,,,,,,,,,,,,,,,,,,,,,,,,,,,,,,,,,
11491726,13783,49648,CALENDAR,REGULAR,Round of 32,CUP,2502,DC United,Visita,2ND,03/08/2023,6,,,,,,,,,,,,,,,,,,,,,,,,,,,,,,,,,,,,,,,,,,,,,,,,
11502777,13783,49648,CALENDAR,REGULAR,Round of 16,CUP,39833,Philadelphia Union,Local,ALL,08/08/2023,5,1,55%,0.76,,14,0,8,10,385,3,3,4,0,4,0,7,3,6,8,,,4,17,,1,285,32,,31/61 (51%),41/78 (52%),2/12 (16%),47%,3,47/107 (44%),32/58 (55%),15/23 (65%),,3,8,,9,4,0,,0,1,,6
11502777,13783,49648,CALENDAR,REGULAR,Round of 16,CUP,39833,Philadelphia Union,Local,1ST,08/08/2023,5,,,,,,,,,,,,,,,,,,,,,,,,,,,,,,,,,,,,,,,,,,,,,,,,
11502777,13783,49648,CALENDAR,REGULAR,Round of 16,CUP,39833,Philadelphia Union,Local,2ND,08/08/2023,5,,,,,,,,,,,,,,,,,,,,,,,,,,,,,,,,,,,,,,,,,,,,,,,,
11502777,13783,49648,CALENDAR,REGULAR,Round of 16,CUP,2506,New York Red Bulls,Visita,ALL,08/08/2023,5,1,45%,0.87,,6,3,1,20,311,1,3,1,0,1,0,4,1,3,3,,,1,6,,1,216,19,,27/52 (52%),20/52 (38%),2/8 (25%),33%,8,36/118 (31%),20/51 (39%),13/24 (54%),,1,33,,13,6,3,,1,0,,13
11502777,13783,49648,CALENDAR,REGULAR,Round of 16,CUP,2506,New York Red Bulls,Visita,1ST,08/08/2023,5,,,,,,,,,,,,,,,,,,,,,,,,,,,,,,,,,,,,,,,,,,,,,,,,
11502777,13783,49648,CALENDAR,REGULAR,Round of 16,CUP,2506,New York Red Bulls,Visita,2ND,08/08/2023,5,,,,,,,,,,,,,,,,,,,,,,,,,,,,,,,,,,,,,,,,,,,,,,,,
11519440,13783,49648,CALENDAR,REGULAR,Quarterfinals,CUP,39833,Philadelphia Union,Local,ALL,11/08/2023,27,2,42%,1.23,,18,1,4,15,363,2,5,1,0,5,0,9,4,9,9,,,3,19,,2,283,15,,28/46 (61%),27/51 (52%),8/19 (42%),37%,5,55/148 (37%),18/49 (37%),20/25 (80%),,2,12,,11,1,1,,0,,,1
11519440,13783,49648,CALENDAR,REGULAR,Quarterfinals,CUP,39833,Philadelphia Union,Local,1ST,11/08/2023,27,,,,,,,,,,,,,,,,,,,,,,,,,,,,,,,,,,,,,,,,,,,,,,,,
11519440,13783,49648,CALENDAR,REGULAR,Quarterfinals,CUP,39833,Philadelphia Union,Local,2ND,11/08/2023,27,,,,,,,,,,,,,,,,,,,,,,,,,,,,,,,,,,,,,,,,,,,,,,,,
11519440,13783,49648,CALENDAR,REGULAR,Quarterfinals,CUP,1951,Querétaro FC,Visita,ALL,11/08/2023,27,1,58%,0.38,,4,3,3,15,444,5,1,5,1,2,0,1,1,3,1,,,0,5,,2,385,19,,35/47 (74%),21/36 (58%),2/9 (22%),29%,12,36/145 (25%),21/50 (42%),10/23 (43%),,5,20,,23,6,3,,2,,,14
11519440,13783,49648,CALENDAR,REGULAR,Quarterfinals,CUP,1951,Querétaro FC,Visita,1ST,11/08/2023,27,,,,,,,,,,,,,,,,,,,,,,,,,,,,,,,,,,,,,,,,,,,,,,,,
11519440,13783,49648,CALENDAR,REGULAR,Quarterfinals,CUP,1951,Querétaro FC,Visita,2ND,11/08/2023,27,,,,,,,,,,,,,,,,,,,,,,,,,,,,,,,,,,,,,,,,,,,,,,,,
11529596,13783,49648,CALENDAR,REGULAR,Semifinals,CUP,39833,Philadelphia Union,Local,ALL,15/08/2023,28,1,48%,1.89,,15,0,8,15,429,4,1,2,0,4,0,7,4,9,6,,,7,20,,3,357,17,,57/79 (72%),23/37 (62%),6/23 (26%),34%,2,36/112 (32%),9/19 (47%),12/23 (52%),,4,20,,5,0,0,,0,0,,2
11529596,13783,49648,CALENDAR,REGULAR,Semifinals,CUP,39833,Philadelphia Union,Local,1ST,15/08/2023,28,,,,,,,,,,,,,,,,,,,,,,,,,,,,,,,,,,,,,,,,,,,,,,,,
11529596,13783,49648,CALENDAR,REGULAR,Semifinals,CUP,39833,Philadelphia Union,Local,2ND,15/08/2023,28,,,,,,,,,,,,,,,,,,,,,,,,,,,,,,,,,,,,,,,,,,,,,,,,
11529596,13783,49648,CALENDAR,REGULAR,Semifinals,CUP,337602,Inter Miami CF,Visita,ALL,15/08/2023,28,4,52%,0.53,,5,4,0,4,482,4,1,1,0,4,0,1,0,4,1,,,2,7,,1,417,13,,20/28 (71%),20/43 (46%),2/3 (66%),37%,6,41/110 (37%),7/19 (37%),8/16 (50%),,4,17,,11,3,4,,2,2,,14
11529596,13783,49648,CALENDAR,REGULAR,Semifinals,CUP,337602,Inter Miami CF,Visita,1ST,15/08/2023,28,,,,,,,,,,,,,,,,,,,,,,,,,,,,,,,,,,,,,,,,,,,,,,,,
11529596,13783,49648,CALENDAR,REGULAR,Semifinals,CUP,337602,Inter Miami CF,Visita,2ND,15/08/2023,28,,,,,,,,,,,,,,,,,,,,,,,,,,,,,,,,,,,,,,,,,,,,,,,,
11542708,13783,49648,CALENDAR,REGULAR,Match for 3rd place,CUP,39833,Philadelphia Union,Local,ALL,19/08/2023,50,3,44%,3.11,,14,1,9,12,325,1,3,0,0,9,1,3,1,12,2,,,2,30,,1,262,13,,31/45 (69%),21/36 (58%),7/17 (41%),30%,4,35/119 (29%),9/24 (38%),11/18 (61%),,1,21,,17,0,1,,0,0,,10
11542708,13783,49648,CALENDAR,REGULAR,Match for 3rd place,CUP,39833,Philadelphia Union,Local,1ST,19/08/2023,50,,,,,,,,,,,,,,,,,,,,,,,,,,,,,,,,,,,,,,,,,,,,,,,,
11542708,13783,49648,CALENDAR,REGULAR,Match for 3rd place,CUP,39833,Philadelphia Union,Local,2ND,19/08/2023,50,,,,,,,,,,,,,,,,,,,,,,,,,,,,,,,,,,,,,,,,,,,,,,,,
11542708,13783,49648,CALENDAR,REGULAR,Match for 3rd place,CUP,1932,CF Monterrey,Visita,ALL,19/08/2023,50,0,56%,0.56,,9,6,1,13,417,7,1,1,0,1,0,7,1,4,5,,,4,14,,0,358,22,,29/37 (78%),17/28 (60%),4/11 (36%),36%,4,47/133 (35%),11/25 (44%),30/40 (75%),,7,15,,13,1,6,,4,1,,7
11542708,13783,49648,CALENDAR,REGULAR,Match for 3rd place,CUP,1932,CF Monterrey,Visita,1ST,19/08/2023,50,,,,,,,,,,,,,,,,,,,,,,,,,,,,,,,,,,,,,,,,,,,,,,,,
11542708,13783,49648,CALENDAR,REGULAR,Match for 3rd place,CUP,1932,CF Monterrey,Visita,2ND,19/08/2023,50,,,,,,,,,,,,,,,,,,,,,,,,,,,,,,,,,,,,,,,,,,,,,,,,
10952145,242,47955,CALENDAR,REGULAR_SEASON,Regular Season,LEAGUE,2502,DC United,Local,ALL,26/08/2023,,1,53%,1.49,3,12,7,7,11,430,7,13,1,,8,0,1,3,8,4,0,3,0,,6,3,366,15,63,,29/39 (74%),3/23 (13%),48%,4,27/57 (47%),12/25 (48%),7/16 (44%),86%,7,6,56,11,,7,0.27,,,,9
10952145,242,47955,CALENDAR,REGULAR_SEASON,Regular Season,LEAGUE,2502,DC United,Local,1ST,26/08/2023,,0,53%,0.39,1,3,1,1,,218,2,5,1,,2,0,1,0,2,1,0,1,0,,2,1,185,11,33,,15/22 (68%),1/10 (10%),46%,3,11/24 (46%),5/11 (45%),4/7 (57%),100%,2,4,33,5,,1,,,,,3
10952145,242,47955,CALENDAR,REGULAR_SEASON,Regular Season,LEAGUE,2502,DC United,Local,2ND,26/08/2023,,1,54%,1.10,2,9,6,6,,212,5,8,0,,6,0,0,3,6,3,0,2,0,,4,2,181,4,30,,14/17 (82%),2/13 (15%),49%,1,16/33 (48%),7/14 (50%),3/9 (33%),80%,5,2,23,6,,6,,,,,6
10952145,242,47955,CALENDAR,REGULAR_SEASON,Regular Season,LEAGUE,39833,Philadelphia Union,Visita,ALL,26/08/2023,,3,47%,2.57,4,17,5,5,14,376,13,10,3,,10,0,4,3,13,4,3,1,1,,2,2,298,6,64,,23/56 (41%),6/17 (35%),52%,3,30/57 (53%),13/25 (52%),7/11 (64%),62%,13,11,71,20,,5,0.59,,,,2
10952145,242,47955,CALENDAR,REGULAR_SEASON,Regular Season,LEAGUE,39833,Philadelphia Union,Visita,1ST,26/08/2023,,3,47%,1.77,3,8,2,1,,193,6,4,0,,4,0,2,2,7,1,3,0,1,,2,0,150,4,25,,11/26 (42%),2/5 (40%),54%,1,13/24 (54%),6/11 (55%),3/4 (75%),50%,6,5,43,5,,2,,,,,1
10952145,242,47955,CALENDAR,REGULAR_SEASON,Regular Season,LEAGUE,39833,Philadelphia Union,Visita,2ND,26/08/2023,,0,46%,0.81,1,9,3,4,,183,7,6,3,,6,0,2,1,6,3,0,1,0,,0,2,148,2,39,,12/30 (40%),4/12 (33%),51%,2,17/33 (52%),7/14 (50%),4/7 (57%),71%,7,6,28,15,,3,,,,,1
10952137,242,47955,CALENDAR,REGULAR_SEASON,Regular Season,LEAGUE,7080,Toronto FC,Local,ALL,30/08/2023,,3,57%,1.81,3,12,1,4,6,493,19,14,4,0,6,1,3,3,8,4,2,1,2,,0,2,421,14,42,,43/70 (61%),1/9 (11%),55%,8,44/70 (63%),4/18 (22%),11/17 (65%),53%,19,13,57,19,,1,0.00,,,,13
10952137,242,47955,CALENDAR,REGULAR_SEASON,Regular Season,LEAGUE,7080,Toronto FC,Local,1ST,30/08/2023,,1,57%,0.94,1,6,0,4,,259,8,5,0,0,4,0,0,2,3,3,1,0,0,,0,1,221,6,23,,23/36 (64%),1/7 (14%),53%,6,16/28 (57%),4/10 (40%),3/6 (50%),38%,8,10,34,11,,0,,,,,9
10952137,242,47955,CALENDAR,REGULAR_SEASON,Regular Season,LEAGUE,7080,Toronto FC,Local,2ND,30/08/2023,,2,57%,0.87,2,6,1,0,,234,11,9,4,0,2,1,3,1,5,1,1,1,2,,0,1,200,8,19,,20/34 (59%),0/2 (0%),56%,2,28/42 (67%),0/8 (0%),8/11 (73%),64%,11,3,23,8,,1,,,,,4
10952137,242,47955,CALENDAR,REGULAR_SEASON,Regular Season,LEAGUE,39833,Philadelphia Union,Visita,ALL,30/08/2023,,1,43%,2.27,3,17,3,8,14,352,14,6,3,1,2,1,10,5,12,5,1,2,1,,2,2,288,22,64,,26/40 (65%),8/30 (27%),45%,10,26/70 (37%),14/18 (78%),6/15 (40%),79%,14,13,62,7,,3,-0.75,,,,3
10952137,242,47955,CALENDAR,REGULAR_SEASON,Regular Season,LEAGUE,39833,Philadelphia Union,Visita,1ST,30/08/2023,,1,43%,1.72,3,10,3,5,,184,9,3,0,0,1,0,5,4,7,3,1,2,1,,1,1,143,9,36,,12/22 (55%),5/17 (29%),47%,6,12/28 (43%),6/10 (60%),0/2 (0%),89%,9,5,39,5,,3,,,,,0
10952137,242,47955,CALENDAR,REGULAR_SEASON,Regular Season,LEAGUE,39833,Philadelphia Union,Visita,2ND,30/08/2023,,0,43%,0.55,0,7,0,3,,168,5,3,3,1,1,1,5,1,5,2,0,0,0,,1,1,145,13,28,,14/18 (78%),3/13 (23%),44%,4,14/42 (33%),8/8 (100%),6/13 (46%),60%,5,8,23,2,,0,,,,,3
10952129,242,47955,CALENDAR,REGULAR_SEASON,Regular Season,LEAGUE,39833,Philadelphia Union,Local,ALL,03/09/2023,,4,53%,2.12,3,11,3,6,18,365,14,7,4,0,6,1,2,3,10,1,3,0,1,,2,6,278,16,50,,32/67 (48%),10/21 (48%),42%,0,23/61 (38%),14/27 (52%),3/10 (30%),43%,14,8,59,8,,3,0.62,,,,4
10952129,242,47955,CALENDAR,REGULAR_SEASON,Regular Season,LEAGUE,39833,Philadelphia Union,Local,1ST,03/09/2023,,1,52%,0.83,1,7,0,5,,154,6,4,2,0,3,1,2,2,6,1,1,0,0,,1,4,109,6,22,,19/36 (53%),7/16 (44%),42%,0,12/30 (40%),9/20 (45%),2/6 (33%),50%,6,4,31,4,,0,,,,,2
10952129,242,47955,CALENDAR,REGULAR_SEASON,Regular Season,LEAGUE,39833,Philadelphia Union,Local,2ND,03/09/2023,,3,54%,1.29,2,4,3,1,,211,8,3,2,0,3,0,0,1,4,0,2,0,1,,1,2,169,10,28,,13/31 (42%),3/5 (60%),42%,0,11/31 (35%),5/7 (71%),1/4 (25%),38%,8,4,28,4,,3,,,,,2
10952129,242,47955,CALENDAR,REGULAR_SEASON,Regular Season,LEAGUE,2506,New York Red Bulls,Visita,ALL,03/09/2023,,1,47%,1.30,2,14,2,2,10,328,7,18,3,1,4,0,2,8,10,4,1,1,0,,3,1,250,14,58,,23/61 (38%),1/8 (13%),58%,5,38/61 (62%),13/27 (48%),14/23 (61%),43%,7,11,53,20,,2,-1.40,,,,6
10952129,242,47955,CALENDAR,REGULAR_SEASON,Regular Season,LEAGUE,2506,New York Red Bulls,Visita,1ST,03/09/2023,,1,48%,0.40,1,6,2,0,,152,4,8,3,1,1,0,1,4,5,1,1,0,0,,3,1,111,7,28,,10/29 (34%),0/3 (0%),58%,2,18/30 (60%),11/20 (55%),7/11 (64%),25%,4,6,24,16,,2,,,,,3
10952129,242,47955,CALENDAR,REGULAR_SEASON,Regular Season,LEAGUE,2506,New York Red Bulls,Visita,2ND,03/09/2023,,0,46%,0.90,1,8,0,2,,176,3,10,0,0,3,0,1,4,5,3,0,1,0,,0,0,139,7,30,,13/32 (41%),1/5 (20%),58%,3,20/31 (65%),2/7 (29%),7/12 (58%),67%,3,5,29,4,,0,,,,,3
10952110,242,47955,CALENDAR,REGULAR_SEASON,Regular Season,LEAGUE,39833,Philadelphia Union,Local,ALL,16/09/2023,,2,43%,1.92,1,15,4,3,22,312,11,19,7,1,6,0,4,5,12,3,1,0,,,3,2,240,23,48,,16/46 (35%),5/18 (28%),46%,5,32/66 (48%),10/25 (40%),2/6 (33%),27%,11,8,50,10,,4,0.18,,,,4
10952110,242,47955,CALENDAR,REGULAR_SEASON,Regular Season,LEAGUE,39833,Philadelphia Union,Local,1ST,16/09/2023,,2,35%,1.51,1,7,2,2,,121,6,12,3,0,5,0,1,1,6,1,1,0,,,1,0,86,13,20,,7/22 (32%),2/5 (40%),49%,4,20/41 (49%),6/12 (50%),2/4 (50%),33%,6,5,24,5,,2,,,,,0
10952110,242,47955,CALENDAR,REGULAR_SEASON,Regular Season,LEAGUE,39833,Philadelphia Union,Local,2ND,16/09/2023,,0,49%,0.41,0,8,2,1,,191,5,7,4,1,1,0,3,4,6,2,0,0,,,2,2,154,10,28,,9/24 (38%),3/13 (23%),42%,1,12/25 (48%),4/13 (31%),0/2 (0%),20%,5,3,26,5,,2,,,,,4
10952110,242,47955,CALENDAR,REGULAR_SEASON,Regular Season,LEAGUE,215167,FC Cincinnati,Visita,ALL,16/09/2023,,2,57%,2.58,6,14,3,3,21,434,9,22,5,1,6,0,4,4,11,3,2,4,,,1,2,362,10,51,,23/54 (43%),5/15 (33%),54%,6,34/66 (52%),15/25 (60%),5/10 (50%),78%,9,4,58,22,,3,-0.47,,,,6
10952110,242,47955,CALENDAR,REGULAR_SEASON,Regular Season,LEAGUE,215167,FC Cincinnati,Visita,1ST,16/09/2023,,0,65%,0.39,1,5,2,2,,227,6,13,4,0,2,0,1,2,3,2,0,1,,,0,0,192,6,20,,11/25 (44%),3/10 (30%),51%,3,21/41 (51%),6/12 (50%),3/6 (50%),67%,6,4,26,7,,2,,,,,3
10952110,242,47955,CALENDAR,REGULAR_SEASON,Regular Season,LEAGUE,215167,FC Cincinnati,Visita,2ND,16/09/2023,,2,51%,2.19,5,9,1,1,,207,3,9,2,1,4,0,3,2,8,1,2,3,,,1,2,170,4,31,,12/29 (41%),2/5 (40%),58%,3,13/25 (52%),9/13 (69%),2/4 (50%),100%,3,0,32,15,,1,,,,,3
10952105,242,47955,CALENDAR,REGULAR_SEASON,Regular Season,LEAGUE,404108,Charlotte FC,Local,ALL,20/09/2023,,2,58%,1.80,2,12,3,7,17,474,13,12,3,,6,1,4,2,11,1,1,1,2,,3,1,384,16,68,,19/58 (33%),3/23 (13%),49%,7,24/52 (46%),18/33 (55%),0/3 (0%),85%,13,4,65,11,,3,-0.18,,,,6
10952105,242,47955,CALENDAR,REGULAR_SEASON,Regular Season,LEAGUE,404108,Charlotte FC,Local,1ST,20/09/2023,,0,62%,0.56,0,6,3,4,,273,7,3,0,,3,0,2,1,5,1,0,0,1,,0,1,229,8,37,,11/25 (44%),2/11 (18%),55%,0,9/18 (50%),12/20 (60%),0/0 (0%),71%,7,4,31,6,,3,,,,,4
10952105,242,47955,CALENDAR,REGULAR_SEASON,Regular Season,LEAGUE,404108,Charlotte FC,Local,2ND,20/09/2023,,2,53%,1.25,2,6,0,3,,201,6,9,3,,3,1,2,1,6,0,1,1,1,,3,0,155,8,31,,8/33 (24%),1/12 (8%),45%,7,15/34 (44%),6/13 (46%),0/3 (0%),100%,6,0,34,5,,0,,,,,2
10952105,242,47955,CALENDAR,REGULAR_SEASON,Regular Season,LEAGUE,39833,Philadelphia Union,Visita,ALL,20/09/2023,,2,42%,1.36,2,12,4,2,12,350,10,16,1,,5,1,6,1,9,3,1,1,1,,3,2,258,20,56,,25/58 (43%),2/9 (22%),51%,9,28/52 (54%),15/33 (45%),2/6 (33%),40%,10,11,62,25,,4,-0.76,,,,8
10952105,242,47955,CALENDAR,REGULAR_SEASON,Regular Season,LEAGUE,39833,Philadelphia Union,Visita,1ST,20/09/2023,,0,38%,0.43,1,7,3,1,,169,0,8,0,,3,1,3,1,5,2,0,1,1,,0,0,129,12,24,,13/28 (46%),1/5 (20%),45%,5,9/18 (50%),8/20 (40%),1/3 (33%),0%,0,8,35,7,,3,,,,,3
10952105,242,47955,CALENDAR,REGULAR_SEASON,Regular Season,LEAGUE,39833,Philadelphia Union,Visita,2ND,20/09/2023,,2,47%,0.93,1,5,1,1,,181,10,8,1,,2,0,3,0,4,1,1,0,0,,3,2,129,8,32,,12/30 (40%),1/4 (25%),55%,4,19/34 (56%),7/13 (54%),1/3 (33%),40%,10,3,27,18,,1,,,,,5
10952078,242,47955,CALENDAR,REGULAR_SEASON,Regular Season,LEAGUE,39833,Philadelphia Union,Local,ALL,23/09/2023,,0,61%,0.25,,4,,0,11,549,28,12,0,,0,0,3,1,1,3,,,1,,1,4,404,32,79,,28/74 (38%),4/8 (50%),50%,11,43/86 (50%),17/33 (52%),4/10 (40%),71%,28,15,91,13,,,,,,,5
10952078,242,47955,CALENDAR,REGULAR_SEASON,Regular Season,LEAGUE,39833,Philadelphia Union,Local,1ST,23/09/2023,,0,64%,0.19,,3,,0,,287,16,6,0,,0,0,2,1,1,2,,,1,,1,2,217,21,39,,10/28 (36%),2/4 (50%),56%,4,24/44 (55%),9/15 (60%),3/5 (60%),81%,16,7,40,7,,,,,,,1
10952078,242,47955,CALENDAR,REGULAR_SEASON,Regular Season,LEAGUE,39833,Philadelphia Union,Local,2ND,23/09/2023,,0,59%,0.06,,1,,0,,262,12,6,0,,0,0,1,0,0,1,,,0,,0,2,187,11,40,,18/46 (39%),2/4 (50%),45%,7,19/42 (45%),8/18 (44%),1/5 (20%),58%,12,8,51,6,,,,,,,4
10952078,242,47955,CALENDAR,REGULAR_SEASON,Regular Season,LEAGUE,274650,Los Angeles FC,Visita,ALL,23/09/2023,,0,39%,0.04,,2,,5,14,338,17,11,2,,0,0,1,1,1,1,,,0,,2,1,220,37,54,,9/51 (18%),1/14 (7%),50%,8,43/86 (50%),16/33 (48%),15/35 (43%),65%,17,18,85,22,,,,,,,8
10952078,242,47955,CALENDAR,REGULAR_SEASON,Regular Season,LEAGUE,274650,Los Angeles FC,Visita,1ST,23/09/2023,,0,36%,0.00,,0,,1,,157,6,7,1,,0,0,0,0,0,0,,,0,,1,0,99,19,24,,6/22 (27%),0/4 (0%),44%,4,20/44 (45%),6/15 (40%),7/19 (37%),67%,6,13,39,14,,,,,,,3
10952078,242,47955,CALENDAR,REGULAR_SEASON,Regular Season,LEAGUE,274650,Los Angeles FC,Visita,2ND,23/09/2023,,0,41%,0.04,,2,,4,,181,11,4,1,,0,0,1,1,1,1,,,0,,1,1,121,18,30,,3/29 (10%),1/10 (10%),55%,4,23/42 (55%),10/18 (56%),8/16 (50%),64%,11,5,46,8,,,,,,,5
11547241,242,47955,CALENDAR,REGULAR_SEASON,Regular Season,LEAGUE,39833,Philadelphia Union,Local,ALL,27/09/2023,,1,44%,1.56,2,19,3,5,12,395,20,6,2,,4,0,8,7,11,8,1,1,1,,1,1,330,17,63,,28/55 (51%),5/19 (26%),44%,7,27/62 (44%),11/25 (44%),1/5 (20%),55%,20,17,65,15,,3,0.36,,,,3
11547241,242,47955,CALENDAR,REGULAR_SEASON,Regular Season,LEAGUE,39833,Philadelphia Union,Local,1ST,27/09/2023,,1,44%,1.08,1,10,1,2,,208,14,2,2,,2,0,5,3,7,3,1,0,1,,0,0,177,8,30,,18/30 (60%),3/8 (38%),48%,3,17/36 (47%),7/14 (50%),1/4 (25%),50%,14,3,30,10,,1,,,,,1
11547241,242,47955,CALENDAR,REGULAR_SEASON,Regular Season,LEAGUE,39833,Philadelphia Union,Local,2ND,27/09/2023,,0,44%,0.48,1,9,2,3,,187,6,4,0,,2,0,3,4,4,5,0,1,0,,1,1,153,9,33,,10/25 (40%),2/11 (18%),38%,4,10/26 (38%),4/11 (36%),0/1 (0%),67%,6,14,35,5,,2,,,,,2
11547241,242,47955,CALENDAR,REGULAR_SEASON,Regular Season,LEAGUE,2512,FC Dallas,Visita,ALL,27/09/2023,,1,56%,1.11,2,7,3,2,9,512,11,12,2,,4,0,2,1,4,3,0,2,1,,2,0,440,22,39,,31/55 (56%),3/15 (20%),56%,10,35/62 (56%),14/25 (56%),14/24 (58%),73%,11,9,60,25,,3,0.74,,,,9
11547241,242,47955,CALENDAR,REGULAR_SEASON,Regular Season,LEAGUE,2512,FC Dallas,Visita,1ST,27/09/2023,,1,56%,0.61,1,3,1,0,,268,6,7,1,,2,0,1,0,1,2,0,1,0,,1,0,243,6,18,,18/27 (67%),2/8 (25%),52%,7,19/36 (53%),7/14 (50%),8/15 (53%),100%,6,5,28,11,,1,,,,,6
11547241,242,47955,CALENDAR,REGULAR_SEASON,Regular Season,LEAGUE,2512,FC Dallas,Visita,2ND,27/09/2023,,0,56%,0.49,1,4,2,2,,244,5,5,1,,2,0,1,1,3,1,0,1,1,,1,0,197,16,21,,13/28 (46%),1/7 (14%),62%,3,16/26 (62%),7/11 (64%),6/9 (67%),40%,5,4,32,14,,2,,,,,3
10952074,242,47955,CALENDAR,REGULAR_SEASON,Regular Season,LEAGUE,2504,Columbus Crew,Local,ALL,30/09/2023,,1,68%,2.68,4,23,1,12,8,547,11,5,2,,9,0,8,6,18,5,1,3,,,3,2,483,18,71,,24/36 (67%),6/30 (20%),42%,7,24/57 (42%),9/22 (41%),8/20 (40%),64%,11,4,54,14,,1,-0.01,,,,10
10952074,242,47955,CALENDAR,REGULAR_SEASON,Regular Season,LEAGUE,2504,Columbus Crew,Local,1ST,30/09/2023,,0,73%,1.11,2,13,1,4,,344,5,2,0,,5,0,5,3,9,4,0,2,,,1,2,307,11,44,,16/24 (67%),3/13 (23%),43%,4,12/27 (44%),5/13 (38%),5/11 (45%),60%,5,2,31,8,,1,,,,,5
10952074,242,47955,CALENDAR,REGULAR_SEASON,Regular Season,LEAGUE,2504,Columbus Crew,Local,2ND,30/09/2023,,1,61%,1.56,2,10,0,8,,203,6,3,2,,4,0,3,3,9,1,1,1,,,2,0,176,7,27,,8/12 (67%),3/17 (18%),41%,3,12/30 (40%),4/9 (44%),3/9 (33%),67%,6,2,23,6,,0,,,,,5
10952074,242,47955,CALENDAR,REGULAR_SEASON,Regular Season,LEAGUE,39833,Philadelphia Union,Visita,ALL,30/09/2023,,1,32%,1.42,3,11,8,8,8,251,19,6,3,,2,1,9,0,8,3,1,2,,,0,1,181,9,42,,24/53 (45%),6/19 (32%),58%,7,33/57 (58%),13/22 (59%),8/12 (67%),63%,19,15,62,26,,8,1.07,,,,11
10952074,242,47955,CALENDAR,REGULAR_SEASON,Regular Season,LEAGUE,39833,Philadelphia Union,Visita,1ST,30/09/2023,,0,27%,0.32,1,5,5,4,,125,10,1,0,,1,0,4,0,3,2,0,1,,,0,0,86,7,22,,12/26 (46%),1/9 (11%),57%,3,15/27 (56%),8/13 (62%),4/6 (67%),70%,10,8,33,11,,5,,,,,6
10952074,242,47955,CALENDAR,REGULAR_SEASON,Regular Season,LEAGUE,39833,Philadelphia Union,Visita,2ND,30/09/2023,,1,39%,1.10,2,6,3,4,,126,9,5,3,,1,1,5,0,5,1,1,1,,,0,1,95,2,20,,12/27 (44%),5/10 (50%),59%,4,18/30 (60%),5/9 (56%),4/6 (67%),56%,9,7,29,15,,3,,,,,5
10952050,242,47955,CALENDAR,REGULAR_SEASON,Regular Season,LEAGUE,39833,Philadelphia Union,Local,ALL,04/10/2023,,3,40%,2.73,3,19,4,3,11,350,25,11,4,,6,0,6,7,14,5,1,2,0,,2,2,291,6,40,,22/36 (61%),3/19 (16%),54%,5,39/72 (54%),9/17 (53%),4/8 (50%),56%,25,8,60,18,,4,0.90,,,,7
10952050,242,47955,CALENDAR,REGULAR_SEASON,Regular Season,LEAGUE,39833,Philadelphia Union,Local,1ST,04/10/2023,,3,41%,2.24,2,14,2,1,,186,11,6,1,,4,0,3,7,11,3,1,1,0,,2,1,156,4,21,,13/18 (72%),3/10 (30%),51%,4,19/37 (51%),2/4 (50%),2/2 (100%),36%,11,4,32,4,,2,,,,,2
10952050,242,47955,CALENDAR,REGULAR_SEASON,Regular Season,LEAGUE,39833,Philadelphia Union,Local,2ND,04/10/2023,,0,40%,0.48,1,5,2,2,,164,14,5,3,,2,0,3,0,3,2,0,1,0,,0,1,135,2,19,,9/18 (50%),0/9 (0%),56%,1,20/35 (57%),7/13 (54%),2/6 (33%),71%,14,4,28,14,,2,,,,,5
10952050,242,47955,CALENDAR,REGULAR_SEASON,Regular Season,LEAGUE,243211,Atlanta United,Visita,ALL,04/10/2023,,2,60%,1.99,3,12,3,5,11,531,9,10,1,,6,0,5,1,8,4,2,1,1,,5,3,472,18,61,,32/50 (64%),5/24 (21%),46%,12,33/72 (46%),8/17 (47%),14/27 (52%),56%,9,3,52,15,,3,-1.02,,,,9
10952050,242,47955,CALENDAR,REGULAR_SEASON,Regular Season,LEAGUE,243211,Atlanta United,Visita,1ST,04/10/2023,,0,59%,0.18,0,3,1,1,,284,4,7,0,,2,0,1,0,2,1,0,0,0,,1,3,254,4,26,,15/25 (60%),2/7 (29%),49%,4,18/37 (49%),2/4 (50%),7/14 (50%),75%,4,3,26,7,,1,,,,,2
10952050,242,47955,CALENDAR,REGULAR_SEASON,Regular Season,LEAGUE,243211,Atlanta United,Visita,2ND,04/10/2023,,2,60%,1.81,3,9,2,4,,247,5,3,1,,4,0,4,1,6,3,2,1,1,,4,0,218,14,35,,17/25 (68%),3/17 (18%),44%,8,15/35 (43%),6/13 (46%),7/13 (54%),40%,5,0,26,8,,2,,,,,7
10952072,242,47955,CALENDAR,REGULAR_SEASON,Regular Season,LEAGUE,39833,Philadelphia Union,Local,ALL,07/10/2023,,0,53%,0.55,,14,1,8,15,440,19,13,2,,5,0,3,6,3,11,,,,,1,3,372,16,73,,35/48 (73%),1/18 (6%),53%,4,35/64 (55%),11/23 (48%),4/10 (40%),63%,19,12,53,13,,1,0.19,,,,6
10952072,242,47955,CALENDAR,REGULAR_SEASON,Regular Season,LEAGUE,39833,Philadelphia Union,Local,1ST,07/10/2023,,0,54%,0.24,,8,0,3,,258,8,6,1,,3,0,3,2,2,6,,,,,0,1,224,9,44,,18/23 (78%),0/12 (0%),48%,2,14/31 (45%),8/15 (53%),1/7 (14%),75%,8,5,34,6,,0,,,,,1
10952072,242,47955,CALENDAR,REGULAR_SEASON,Regular Season,LEAGUE,39833,Philadelphia Union,Local,2ND,07/10/2023,,0,51%,0.31,,6,1,5,,182,11,7,1,,2,0,0,4,1,5,,,,,1,2,148,7,29,,17/25 (68%),1/6 (17%),59%,2,21/33 (64%),3/8 (38%),3/3 (100%),55%,11,7,19,7,,1,,,,,5
10952072,242,47955,CALENDAR,REGULAR_SEASON,Regular Season,LEAGUE,337612,Nashville SC,Visita,ALL,07/10/2023,,0,47%,0.36,,7,5,2,13,402,10,13,2,,1,0,3,3,5,2,,,,,1,3,331,19,43,,36/60 (60%),2/10 (20%),47%,13,29/64 (45%),12/23 (52%),6/12 (50%),50%,10,11,53,24,,5,0.30,,,,7
10952072,242,47955,CALENDAR,REGULAR_SEASON,Regular Season,LEAGUE,337612,Nashville SC,Visita,1ST,07/10/2023,,0,46%,0.12,,3,3,1,,224,8,6,1,,0,0,0,3,1,2,,,,,0,2,186,8,18,,18/35 (51%),0/3 (0%),52%,4,17/31 (55%),7/15 (47%),3/7 (43%),38%,8,7,33,18,,3,,,,,3
10952072,242,47955,CALENDAR,REGULAR_SEASON,Regular Season,LEAGUE,337612,Nashville SC,Visita,2ND,07/10/2023,,0,49%,0.24,,4,2,1,,178,2,7,1,,1,0,3,0,4,0,,,,,1,1,145,11,25,,18/25 (72%),2/7 (29%),41%,9,12/33 (36%),5/8 (63%),3/5 (60%),100%,2,4,20,6,,2,,,,,4
10952015,242,47955,CALENDAR,REGULAR_SEASON,Regular Season,LEAGUE,2511,New England Revolution,Local,ALL,21/10/2023,,2,52%,1.98,2,16,2,2,6,503,11,14,0,,5,0,4,7,11,5,1,1,2,,2,2,432,15,30,,32/52 (62%),1/12 (8%),59%,7,39/63 (62%),5/12 (42%),14/20 (70%),64%,11,7,50,13,,2,-0.12,,,,11
10952015,242,47955,CALENDAR,REGULAR_SEASON,Regular Season,LEAGUE,2511,New England Revolution,Local,1ST,21/10/2023,,2,55%,1.51,2,10,2,0,,274,2,9,0,,3,0,2,5,7,3,1,1,1,,1,1,239,7,16,,22/30 (73%),0/6 (0%),51%,3,17/29 (59%),1/6 (17%),6/9 (67%),50%,2,6,27,6,,2,,,,,5
10952015,242,47955,CALENDAR,REGULAR_SEASON,Regular Season,LEAGUE,2511,New England Revolution,Local,2ND,21/10/2023,,0,48%,0.47,0,6,0,2,,229,9,5,0,,2,0,2,2,4,2,0,0,1,,1,1,193,8,14,,10/22 (45%),1/6 (17%),65%,4,22/34 (65%),4/6 (67%),8/11 (73%),67%,9,1,23,7,,0,,,,,6
10952015,242,47955,CALENDAR,REGULAR_SEASON,Regular Season,LEAGUE,39833,Philadelphia Union,Visita,ALL,21/10/2023,,1,48%,0.81,2,11,3,3,16,463,13,5,4,,3,0,7,1,7,4,1,1,0,,1,5,397,14,69,,39/60 (65%),2/14 (14%),41%,6,24/63 (38%),7/12 (58%),6/11 (55%),23%,13,13,56,9,,3,-0.72,,,,9
10952015,242,47955,CALENDAR,REGULAR_SEASON,Regular Season,LEAGUE,39833,Philadelphia Union,Visita,1ST,21/10/2023,,1,45%,0.41,1,6,1,0,,222,6,2,3,,3,0,3,0,4,2,1,0,0,,0,3,190,6,39,,19/30 (63%),1/5 (20%),49%,1,12/29 (41%),5/6 (83%),4/5 (80%),17%,6,6,28,5,,1,,,,,6
10952015,242,47955,CALENDAR,REGULAR_SEASON,Regular Season,LEAGUE,39833,Philadelphia Union,Visita,2ND,21/10/2023,,0,52%,0.40,1,5,2,3,,241,7,3,1,,0,0,4,1,3,2,0,1,0,,1,2,207,8,30,,20/30 (67%),1/9 (11%),35%,5,12/34 (35%),2/6 (33%),2/6 (33%),29%,7,7,28,4,,2,,,,,3
11768408,242,47955,CALENDAR,PLAYOFF,"MLS, Playoffs",LEAGUE,39833,Philadelphia Union,Local,ALL,28/10/2023,,3,46%,2.52,3,18,5,0,15,421,10,11,1,,4,0,10,4,9,9,3,0,1,,2,2,364,6,43,,43/66 (65%),5/12 (42%),46%,5,25/59 (42%),6/9 (67%),4/9 (44%),60%,10,8,56,18,,5,0.48,,,,5
11768408,242,47955,CALENDAR,PLAYOFF,"MLS, Playoffs",LEAGUE,39833,Philadelphia Union,Local,1ST,28/10/2023,,3,47%,2.13,3,7,3,0,,214,3,5,0,,4,0,1,2,6,1,3,0,1,,2,0,189,2,22,,21/33 (64%),3/9 (33%),41%,2,10/25 (40%),2/4 (50%),2/4 (50%),67%,3,5,22,5,,3,,,,,2
11768408,242,47955,CALENDAR,PLAYOFF,"MLS, Playoffs",LEAGUE,39833,Philadelphia Union,Local,2ND,28/10/2023,,0,44%,0.39,0,11,2,0,,207,7,6,1,,0,0,9,2,3,8,0,0,0,,0,2,175,4,21,,22/33 (67%),2/3 (67%),49%,3,15/34 (44%),4/5 (80%),2/5 (40%),57%,7,3,34,13,,2,,,,,3
11768408,242,47955,CALENDAR,PLAYOFF,"MLS, Playoffs",LEAGUE,2511,New England Revolution,Visita,ALL,28/10/2023,,1,54%,1.12,1,14,2,4,11,502,10,15,4,,6,2,4,4,9,5,0,1,1,,3,2,459,16,35,,18/25 (72%),3/18 (17%),54%,3,34/59 (58%),3/9 (33%),9/16 (56%),80%,10,10,41,11,,2,-0.70,,,,13
11768408,242,47955,CALENDAR,PLAYOFF,"MLS, Playoffs",LEAGUE,2511,New England Revolution,Visita,1ST,28/10/2023,,0,53%,0.36,0,7,2,2,,249,4,8,3,,3,1,2,2,5,2,0,0,0,,1,1,230,5,17,,9/12 (75%),1/7 (14%),59%,1,15/25 (60%),2/4 (50%),3/5 (60%),50%,4,3,18,7,,2,,,,,1
11768408,242,47955,CALENDAR,PLAYOFF,"MLS, Playoffs",LEAGUE,2511,New England Revolution,Visita,2ND,28/10/2023,,1,56%,0.76,1,7,0,2,,253,6,7,1,,3,1,2,2,4,3,0,1,1,,2,1,229,11,18,,9/13 (69%),2/11 (18%),51%,2,19/34 (56%),1/5 (20%),6/11 (55%),100%,6,7,23,4,,0,,,,,12
11768401,242,47955,CALENDAR,PLAYOFF,"MLS, Playoffs",LEAGUE,2511,New England Revolution,Local,ALL,08/11/2023,,0,58%,0.53,0,8,4,5,10,533,9,14,1,1,3,0,3,2,5,3,0,,0,,1,2,455,15,46,,41/66 (62%),3/24 (13%),48%,5,30/59 (51%),9/23 (39%),7/15 (47%),67%,9,8,45,22,,4,0.29,,,,6
11768401,242,47955,CALENDAR,PLAYOFF,"MLS, Playoffs",LEAGUE,2511,New England Revolution,Local,1ST,08/11/2023,,0,63%,0.25,0,2,2,3,,279,5,7,0,1,0,0,1,1,2,0,0,,0,,1,1,234,6,29,,20/33 (61%),2/15 (13%),44%,2,13/26 (50%),5/15 (33%),1/3 (33%),80%,5,5,27,10,,2,,,,,3
11768401,242,47955,CALENDAR,PLAYOFF,"MLS, Playoffs",LEAGUE,2511,New England Revolution,Local,2ND,08/11/2023,,0,53%,0.28,0,6,2,2,,254,4,7,1,0,3,0,2,1,3,3,0,,0,,0,1,221,9,17,,21/33 (64%),1/9 (11%),51%,3,17/33 (52%),4/8 (50%),6/12 (50%),50%,4,3,18,12,,2,,,,,3
11768401,242,47955,CALENDAR,PLAYOFF,"MLS, Playoffs",LEAGUE,39833,Philadelphia Union,Visita,ALL,08/11/2023,,1,42%,1.05,1,19,3,5,14,385,13,10,2,0,4,2,5,10,10,9,1,,1,,3,3,317,13,56,,24/45 (53%),7/24 (29%),52%,5,29/59 (49%),14/23 (61%),6/10 (60%),69%,13,4,51,27,,3,0.65,,,,9
11768401,242,47955,CALENDAR,PLAYOFF,"MLS, Playoffs",LEAGUE,39833,Philadelphia Union,Visita,1ST,08/11/2023,,0,37%,0.52,0,11,0,3,,162,4,6,1,0,1,1,4,6,7,4,0,,0,,1,2,126,8,18,,13/23 (57%),5/12 (42%),56%,3,13/26 (50%),10/15 (67%),3/5 (60%),50%,4,3,26,14,,0,,,,,5
11768401,242,47955,CALENDAR,PLAYOFF,"MLS, Playoffs",LEAGUE,39833,Philadelphia Union,Visita,2ND,08/11/2023,,1,47%,0.54,1,8,3,2,,223,9,4,1,0,3,1,1,4,3,5,1,,1,,2,1,191,5,38,,11/22 (50%),2/12 (17%),49%,2,16/33 (48%),4/8 (50%),3/5 (60%),78%,9,1,25,13,,3,,,,,4
11825846,242,47955,CALENDAR,PLAYOFF,"MLS, Playoffs",LEAGUE,215167,FC Cincinnati,Local,ALL,25/11/2023,,1,55%,0.79,2,11,4,8,14,482,15,17,2,,6,0,1,4,7,4,1,1,1,,2,5,393,17,46,,15/40 (38%),2/19 (11%),59%,6,40/68 (59%),15/25 (60%),8/14 (57%),60%,15,6,66,10,,4,0.80,,,,9
11825846,242,47955,CALENDAR,PLAYOFF,"MLS, Playoffs",LEAGUE,215167,FC Cincinnati,Local,1ST,25/11/2023,,0,59%,0.42,1,6,1,5,,240,8,8,1,,3,0,0,3,4,2,0,1,0,,0,1,191,8,21,,6/20 (30%),1/10 (10%),66%,2,22/33 (67%),7/11 (64%),6/6 (100%),75%,8,4,33,4,,1,,,,,4
11825846,242,47955,CALENDAR,PLAYOFF,"MLS, Playoffs",LEAGUE,215167,FC Cincinnati,Local,2ND,25/11/2023,,1,52%,0.37,1,5,3,3,,242,7,9,1,,3,0,1,1,3,2,1,0,1,,2,4,202,9,25,,9/20 (45%),1/9 (11%),53%,4,18/35 (51%),8/14 (57%),2/8 (25%),43%,7,2,33,6,,3,,,,,5
11825846,242,47955,CALENDAR,PLAYOFF,"MLS, Playoffs",LEAGUE,39833,Philadelphia Union,Visita,ALL,25/11/2023,,0,45%,1.10,1,16,5,5,17,390,12,13,2,,4,0,6,6,8,8,0,1,0,,1,0,318,15,43,,31/59 (53%),3/18 (17%),41%,10,28/68 (41%),10/25 (40%),3/8 (38%),75%,12,4,64,26,,5,1.33,,,,5
11825846,242,47955,CALENDAR,PLAYOFF,"MLS, Playoffs",LEAGUE,39833,Philadelphia Union,Visita,1ST,25/11/2023,,0,41%,0.63,1,6,3,2,,164,2,8,1,,1,0,3,2,3,3,0,1,0,,1,0,126,11,24,,15/28 (54%),2/6 (33%),34%,4,11/33 (33%),4/11 (36%),1/5 (20%),50%,2,3,31,9,,3,,,,,4
11825846,242,47955,CALENDAR,PLAYOFF,"MLS, Playoffs",LEAGUE,39833,Philadelphia Union,Visita,2ND,25/11/2023,,0,48%,0.47,0,10,2,3,,226,10,5,1,,3,0,3,4,5,5,0,0,0,,0,0,192,4,19,,16/31 (52%),1/12 (8%),47%,6,17/35 (49%),6/14 (43%),2/3 (67%),80%,10,1,33,17,,2,,,,,1
11909253,498,57303,CALENDAR,PLAYOFF,Round 1,INTERNATIONAL,6574,Deportivo Saprissa,Local,ALL,20/02/2024,1,2,52%,0.00,2,16,0,8,12,391,11,8,1,,4,0,9,3,8,8,0,2,,,2,1,289,33,57,,33/71 (46%),3/19 (16%),47%,8,30/67 (45%),11/20 (55%),11/24 (46%),91%,11,19,65,15,,0,,,,,7
11909253,498,57303,CALENDAR,PLAYOFF,Round 1,INTERNATIONAL,6574,Deportivo Saprissa,Local,1ST,20/02/2024,1,1,50%,0.00,1,9,0,5,,178,6,4,1,,3,0,3,3,5,4,0,1,,,1,0,130,16,25,,20/39 (51%),2/12 (17%),48%,2,15/31 (48%),5/11 (45%),5/12 (42%),83%,6,8,33,5,,0,,,,,4
11909253,498,57303,CALENDAR,PLAYOFF,Round 1,INTERNATIONAL,6574,Deportivo Saprissa,Local,2ND,20/02/2024,1,1,54%,0.00,1,7,0,3,,213,5,4,0,,1,0,6,0,3,4,0,1,,,1,1,159,17,32,,13/32 (41%),1/7 (14%),47%,6,15/36 (42%),6/9 (67%),6/12 (50%),100%,5,11,32,10,,0,,,,,3
11909253,498,57303,CALENDAR,PLAYOFF,Round 1,INTERNATIONAL,39833,Philadelphia Union,Visita,ALL,20/02/2024,1,3,48%,0.00,4,9,3,2,9,364,21,12,4,,3,0,5,1,5,4,3,1,,,0,2,257,21,59,,31/75 (41%),3/16 (19%),53%,7,37/67 (55%),9/20 (45%),4/8 (50%),71%,21,16,59,23,,3,,,,,17
11909253,498,57303,CALENDAR,PLAYOFF,Round 1,INTERNATIONAL,39833,Philadelphia Union,Visita,1ST,20/02/2024,1,0,50%,0.00,0,2,3,2,,183,9,5,2,,0,0,1,1,0,2,0,0,,,0,2,135,9,32,,12/30 (40%),0/9 (0%),52%,2,16/31 (52%),6/11 (55%),2/6 (33%),67%,9,8,32,11,,3,,,,,8
11909253,498,57303,CALENDAR,PLAYOFF,Round 1,INTERNATIONAL,39833,Philadelphia Union,Visita,2ND,20/02/2024,1,3,46%,0.00,4,7,0,0,,181,12,7,2,,3,0,4,0,5,2,3,1,,,0,0,122,12,27,,19/45 (42%),3/7 (43%),53%,5,21/36 (58%),3/9 (33%),2/2 (100%),75%,12,8,27,12,,0,,,,,9
11911484,242,57317,CALENDAR,REGULAR_SEASON,Regular Season,LEAGUE,39833,Philadelphia Union,Local,ALL,24/02/2024,,2,54%,2.14,5,16,2,10,13,444,18,12,1,,6,1,7,3,11,5,2,3,0,,1,4,360,22,70,,40/62 (65%),9/34 (26%),51%,3,32/61 (52%),22/44 (50%),3/9 (33%),67%,18,4,64,15,,2,0.32,,,,4
11911484,242,57317,CALENDAR,REGULAR_SEASON,Regular Season,LEAGUE,39833,Philadelphia Union,Local,1ST,24/02/2024,,0,54%,0.02,0,2,0,3,,209,7,7,0,,0,0,1,1,1,1,0,0,0,,0,2,168,12,28,,24/37 (65%),1/10 (10%),47%,2,16/33 (48%),8/18 (44%),2/7 (29%),57%,7,3,31,7,,0,,,,,2
11911484,242,57317,CALENDAR,REGULAR_SEASON,Regular Season,LEAGUE,39833,Philadelphia Union,Local,2ND,24/02/2024,,2,54%,2.11,5,14,2,7,,235,11,5,1,,6,1,6,2,10,4,2,3,0,,1,2,192,10,42,,16/25 (64%),8/24 (33%),56%,1,16/28 (57%),14/26 (54%),1/2 (50%),73%,11,1,33,8,,2,,,,,2
11911484,242,57317,CALENDAR,REGULAR_SEASON,Regular Season,LEAGUE,2505,Chicago Fire,Visita,ALL,24/02/2024,,2,46%,1.60,4,10,4,3,12,393,9,12,2,,4,0,3,3,5,5,1,3,2,,1,1,304,12,37,,17/53 (32%),2/14 (14%),49%,11,29/61 (48%),22/44 (50%),10/17 (59%),67%,9,7,59,31,,4,0.95,,,,7
11911484,242,57317,CALENDAR,REGULAR_SEASON,Regular Season,LEAGUE,2505,Chicago Fire,Visita,1ST,24/02/2024,,1,46%,0.37,1,5,0,1,,181,7,6,1,,1,0,1,3,2,3,0,1,0,,1,0,137,6,18,,7/29 (24%),1/5 (20%),53%,4,17/33 (52%),10/18 (56%),5/8 (63%),57%,7,4,32,14,,0,,,,,2
11911484,242,57317,CALENDAR,REGULAR_SEASON,Regular Season,LEAGUE,2505,Chicago Fire,Visita,2ND,24/02/2024,,1,46%,1.23,3,5,4,2,,212,2,6,1,,3,0,2,0,3,2,1,2,2,,0,1,167,6,19,,10/24 (42%),1/9 (11%),44%,7,12/28 (43%),12/26 (46%),5/9 (56%),100%,2,3,27,17,,4,,,,,5
11909254,498,57303,CALENDAR,PLAYOFF,Round 1,INTERNATIONAL,39833,Philadelphia Union,Local,ALL,27/02/2024,1,3,53%,0.00,2,19,5,7,22,579,18,29,4,1,8,0,5,6,11,8,2,0,,,5,1,448,24,98,,52/100 (52%),6/18 (33%),51%,13,48/93 (52%),19/39 (49%),3/8 (38%),61%,18,9,62,28,,5,,,,,7
11909254,498,57303,CALENDAR,PLAYOFF,Round 1,INTERNATIONAL,39833,Philadelphia Union,Local,1ST,27/02/2024,1,2,57%,0.00,1,10,1,2,,212,9,10,1,0,5,0,2,3,5,5,1,0,,,2,0,169,10,35,,21/35 (60%),3/5 (60%),48%,8,19/39 (49%),5/11 (45%),1/4 (25%),89%,9,3,25,4,,1,,,,,0
11909254,498,57303,CALENDAR,PLAYOFF,Round 1,INTERNATIONAL,39833,Philadelphia Union,Local,2ND,27/02/2024,1,0,65%,0.00,0,6,2,3,,260,8,11,0,1,0,0,3,3,4,2,0,0,,,2,1,209,13,46,,19/34 (56%),2/10 (20%),60%,3,21/35 (60%),6/10 (60%),2/4 (50%),38%,8,4,23,6,,2,,,,,2
11909254,498,57303,CALENDAR,PLAYOFF,Round 1,INTERNATIONAL,6574,Deportivo Saprissa,Visita,ALL,27/02/2024,1,3,47%,0.00,3,17,5,2,30,501,18,21,1,0,8,2,5,4,8,9,2,1,,,5,5,384,21,91,,44/89 (49%),9/25 (36%),49%,14,45/93 (48%),20/39 (51%),6/10 (60%),89%,18,14,67,17,,5,,,,,6
11909254,498,57303,CALENDAR,PLAYOFF,Round 1,INTERNATIONAL,6574,Deportivo Saprissa,Visita,1ST,27/02/2024,1,2,43%,0.00,2,4,3,1,,157,11,8,0,0,3,0,0,1,3,1,2,0,,,2,3,122,8,19,,15/27 (56%),2/4 (50%),52%,6,20/39 (51%),6/11 (55%),1/4 (25%),91%,11,5,24,4,,3,,,,,3
11909254,498,57303,CALENDAR,PLAYOFF,Round 1,INTERNATIONAL,6574,Deportivo Saprissa,Visita,2ND,27/02/2024,1,1,35%,0.00,0,4,0,1,,140,5,8,1,0,3,0,0,1,0,4,0,0,,,3,2,94,7,33,,14/35 (40%),2/7 (29%),40%,7,14/35 (40%),4/10 (40%),1/2 (50%),100%,5,7,23,12,,0,,,,,3
11911500,242,57317,CALENDAR,REGULAR_SEASON,Regular Season,LEAGUE,2509,Sporting Kansas City,Local,ALL,02/03/2024,,1,59%,0.89,1,12,1,7,9,586,7,13,1,,7,1,2,3,7,5,0,1,,,2,2,506,20,57,,42/67 (63%),5/14 (36%),48%,8,25/54 (46%),13/26 (50%),7/17 (41%),57%,7,10,49,8,,1,-0.37,,,,9
11911500,242,57317,CALENDAR,REGULAR_SEASON,Regular Season,LEAGUE,2509,Sporting Kansas City,Local,1ST,02/03/2024,,1,61%,0.47,1,6,0,1,,361,2,5,0,,4,0,1,1,3,3,0,1,,,0,1,323,10,36,,28/40 (70%),1/3 (33%),48%,2,6/17 (35%),9/14 (64%),1/4 (25%),100%,2,4,23,1,,0,,,,,4
11911500,242,57317,CALENDAR,REGULAR_SEASON,Regular Season,LEAGUE,2509,Sporting Kansas City,Local,2ND,02/03/2024,,0,56%,0.42,0,6,1,6,,225,5,8,1,,3,1,1,2,4,2,0,0,,,2,1,183,10,21,,14/27 (52%),4/11 (36%),47%,6,19/37 (51%),4/12 (33%),6/13 (46%),40%,5,6,26,7,,1,,,,,5
11911500,242,57317,CALENDAR,REGULAR_SEASON,Regular Season,LEAGUE,39833,Philadelphia Union,Visita,ALL,02/03/2024,,1,41%,0.54,2,7,6,2,13,401,18,9,2,,2,0,5,0,5,2,1,1,,,1,1,316,22,59,,27/55 (49%),4/13 (31%),52%,5,29/54 (54%),13/26 (50%),3/5 (60%),61%,18,10,52,10,,6,0.07,,,,6
11911500,242,57317,CALENDAR,REGULAR_SEASON,Regular Season,LEAGUE,39833,Philadelphia Union,Visita,1ST,02/03/2024,,0,39%,0.00,0,0,3,0,,227,5,4,0,,0,0,0,0,0,0,0,0,,,0,1,184,10,25,,10/26 (38%),1/3 (33%),52%,1,11/17 (65%),5/14 (36%),2/3 (67%),60%,5,4,24,1,,3,,,,,6
11911500,242,57317,CALENDAR,REGULAR_SEASON,Regular Season,LEAGUE,39833,Philadelphia Union,Visita,2ND,02/03/2024,,1,44%,0.54,2,7,3,2,,174,13,5,2,,2,0,5,0,5,2,1,1,,,1,0,132,12,34,,17/29 (59%),3/10 (30%),53%,4,18/37 (49%),8/12 (67%),1/2 (50%),62%,13,6,28,9,,3,,,,,0
12116959,498,57303,CALENDAR,REGULAR,Round of 16,INTERNATIONAL,39833,Philadelphia Union,Local,ALL,05/03/2024,5,0,51%,0.00,1,5,3,1,14,454,17,15,1,,3,0,1,1,4,1,,1,1,,2,1,357,24,63,,38/80 (48%),1/13 (8%),50%,5,36/75 (48%),16/28 (57%),5/14 (36%),59%,17,16,58,10,,3,,,,,9
12116959,498,57303,CALENDAR,REGULAR,Round of 16,INTERNATIONAL,39833,Philadelphia Union,Local,1ST,05/03/2024,5,0,61%,0.00,1,3,2,1,,273,10,10,0,,2,0,0,1,3,0,,1,1,,2,0,216,13,38,,25/47 (53%),0/10 (0%),65%,3,23/35 (66%),10/16 (63%),4/7 (57%),70%,10,4,25,4,,2,,,,,5
12116959,498,57303,CALENDAR,REGULAR,Round of 16,INTERNATIONAL,39833,Philadelphia Union,Local,2ND,05/03/2024,5,0,41%,0.00,0,2,1,0,,181,7,5,1,,1,0,1,0,1,1,,0,0,,0,1,141,11,25,,13/33 (39%),1/3 (33%),37%,2,13/40 (33%),6/12 (50%),1/7 (14%),43%,7,12,33,6,,1,,,,,4
12116959,498,57303,CALENDAR,REGULAR,Round of 16,INTERNATIONAL,1936,CF Pachuca,Visita,ALL,05/03/2024,5,0,49%,0.00,0,18,3,6,17,435,14,13,1,,3,0,8,7,11,7,,0,0,,2,1,347,19,53,,42/78 (54%),0/8 (0%),50%,13,39/75 (52%),12/28 (43%),12/16 (75%),71%,14,15,62,13,,3,,,,,4
12116959,498,57303,CALENDAR,REGULAR,Round of 16,INTERNATIONAL,1936,CF Pachuca,Visita,1ST,05/03/2024,5,0,39%,0.00,0,9,2,4,,174,6,3,0,,2,0,3,4,6,3,,0,0,,0,1,135,7,17,,19/39 (49%),0/6 (0%),35%,7,12/35 (34%),6/16 (38%),3/6 (50%),67%,6,11,32,11,,2,,,,,2
12116959,498,57303,CALENDAR,REGULAR,Round of 16,INTERNATIONAL,1936,CF Pachuca,Visita,2ND,05/03/2024,5,0,59%,0.00,0,9,1,2,,261,8,10,1,,1,0,5,3,5,4,,0,0,,2,0,212,12,36,,23/39 (59%),0/2 (0%),63%,6,27/40 (68%),6/12 (50%),9/10 (90%),75%,8,4,30,2,,1,,,,,2
12116965,498,57303,CALENDAR,REGULAR,Round of 16,INTERNATIONAL,1936,CF Pachuca,Local,ALL,12/03/2024,5,6,58%,0.00,8,20,2,4,9,456,7,12,2,,11,0,6,3,11,9,4,4,,,3,3,399,30,45,,28/43 (65%),1/11 (9%),52%,8,34/70 (49%),15/25 (60%),15/32 (47%),100%,7,11,56,11,,2,,,,,7
12116965,498,57303,CALENDAR,REGULAR,Round of 16,INTERNATIONAL,1936,CF Pachuca,Local,1ST,12/03/2024,5,2,57%,0.00,3,7,2,2,,225,4,5,1,,5,0,0,2,4,3,2,1,,,2,2,193,10,26,,17/26 (65%),0/8 (0%),46%,6,13/33 (39%),9/15 (60%),4/14 (29%),100%,4,7,33,5,,2,,,,,3
12116965,498,57303,CALENDAR,REGULAR,Round of 16,INTERNATIONAL,1936,CF Pachuca,Local,2ND,12/03/2024,5,4,59%,0.00,5,13,0,2,,231,3,7,1,,6,0,6,1,7,6,2,3,,,1,1,206,20,19,,11/17 (65%),1/3 (33%),57%,2,21/37 (57%),6/10 (60%),11/18 (61%),100%,3,4,23,6,,0,,,,,4
12116965,498,57303,CALENDAR,REGULAR,Round of 16,INTERNATIONAL,39833,Philadelphia Union,Visita,ALL,12/03/2024,5,0,42%,0.00,0,5,5,2,12,323,25,8,1,,2,0,3,0,3,2,0,0,,,0,0,241,25,44,,23/62 (37%),2/9 (22%),48%,4,36/70 (51%),10/25 (40%),4/7 (57%),60%,25,10,46,10,,5,,,,,12
12116965,498,57303,CALENDAR,REGULAR,Round of 16,INTERNATIONAL,39833,Philadelphia Union,Visita,1ST,12/03/2024,5,0,43%,0.00,0,3,3,2,,167,16,3,0,,2,0,1,0,2,1,0,0,,,0,0,121,13,28,,9/32 (28%),2/7 (29%),54%,3,20/33 (61%),6/15 (40%),2/3 (67%),56%,16,6,28,4,,3,,,,,6
12116965,498,57303,CALENDAR,REGULAR,Round of 16,INTERNATIONAL,39833,Philadelphia Union,Visita,2ND,12/03/2024,5,0,41%,0.00,0,2,2,0,,156,9,5,1,,0,0,2,0,1,1,0,0,,,0,0,120,12,16,,14/30 (47%),0/2 (0%),43%,1,16/37 (43%),4/10 (40%),2/4 (50%),67%,9,4,18,6,,2,,,,,6
11911526,242,57317,CALENDAR,REGULAR_SEASON,Regular Season,LEAGUE,377973,Austin FC,Local,ALL,16/03/2024,,2,54%,1.19,2,13,4,5,12,370,6,19,2,,2,0,6,5,7,6,1,1,0,19,2,1,307,19,51,66/95 (69%),42/64 (66%),4/19 (21%),45%,12,30/64 (47%),9/23 (39%),5/14 (36%),67%,6,7,48,16,0,4,0.06,1,3,1,8
11911526,242,57317,CALENDAR,REGULAR_SEASON,Regular Season,LEAGUE,377973,Austin FC,Local,1ST,16/03/2024,,0,51%,0.16,0,3,1,1,,172,4,10,0,,0,0,1,2,1,2,0,0,0,,0,0,143,9,26,,20/31 (65%),0/7 (0%),37%,8,17/38 (45%),2/13 (15%),3/9 (33%),50%,4,4,20,6,,1,,,,,5
11911526,242,57317,CALENDAR,REGULAR_SEASON,Regular Season,LEAGUE,377973,Austin FC,Local,2ND,16/03/2024,,2,56%,1.03,2,10,3,4,,198,2,9,2,,2,0,5,3,6,4,1,1,0,,2,1,164,10,25,,22/33 (67%),4/12 (33%),56%,4,13/26 (50%),7/10 (70%),2/5 (40%),100%,2,3,28,10,,3,,,,,3
11911526,242,57317,CALENDAR,REGULAR_SEASON,Regular Season,LEAGUE,39833,Philadelphia Union,Visita,ALL,16/03/2024,,2,46%,2.51,4,17,0,5,19,315,21,11,6,,6,0,6,5,11,6,2,2,1,20,5,6,258,15,57,80/110 (73%),33/56 (59%),5/23 (22%),55%,4,34/64 (53%),14/23 (61%),2/4 (50%),81%,21,6,51,25,1,0,-1.30,0,0,0,6
11911526,242,57317,CALENDAR,REGULAR_SEASON,Regular Season,LEAGUE,39833,Philadelphia Union,Visita,1ST,16/03/2024,,1,49%,1.30,2,8,0,4,,158,14,6,2,,2,0,3,3,5,3,1,1,0,,3,4,131,10,29,,21/30 (70%),3/12 (25%),63%,3,21/38 (55%),11/13 (85%),1/2 (50%),79%,14,3,25,13,,0,,,,,1
11911526,242,57317,CALENDAR,REGULAR_SEASON,Regular Season,LEAGUE,39833,Philadelphia Union,Visita,2ND,16/03/2024,,1,44%,1.21,2,9,0,1,,157,7,5,4,,4,0,3,2,6,3,1,1,1,,2,2,127,5,28,,12/26 (46%),2/11 (18%),44%,1,13/26 (50%),3/10 (30%),1/2 (50%),86%,7,3,26,12,,0,,,,,5
11911546,242,57317,CALENDAR,REGULAR_SEASON,Regular Season,LEAGUE,22007,Portland Timbers,Local,ALL,23/03/2024,,1,72%,1.79,4,18,4,4,13,674,11,19,1,,6,1,9,3,12,6,1,3,1,,1,0,582,25,72,,22/41 (54%),8/27 (30%),54%,10,41/75 (55%),18/35 (51%),12/22 (55%),82%,11,11,49,11,,4,-0.26,,,,7
11911546,242,57317,CALENDAR,REGULAR_SEASON,Regular Season,LEAGUE,22007,Portland Timbers,Local,1ST,23/03/2024,,0,70%,1.13,3,9,1,4,,302,3,10,1,,3,1,5,1,6,3,0,3,1,,1,0,269,12,28,,12/19 (63%),4/12 (33%),47%,4,15/32 (47%),7/15 (47%),3/8 (38%),67%,3,8,15,9,,1,,,,,3
11911546,242,57317,CALENDAR,REGULAR_SEASON,Regular Season,LEAGUE,22007,Portland Timbers,Local,2ND,23/03/2024,,1,75%,0.67,1,9,3,0,,372,8,9,0,,3,0,4,2,6,3,1,0,0,,0,0,313,13,44,,10/22 (45%),4/15 (27%),59%,6,26/43 (60%),11/20 (55%),9/14 (64%),88%,8,3,34,2,,3,,,,,4
11911546,242,57317,CALENDAR,REGULAR_SEASON,Regular Season,LEAGUE,39833,Philadelphia Union,Visita,ALL,23/03/2024,,3,28%,1.88,4,15,5,5,19,257,20,10,4,,7,0,6,2,12,3,2,2,0,,0,2,168,18,48,,29/73 (40%),4/12 (33%),46%,5,34/75 (45%),17/35 (49%),4/10 (40%),60%,20,12,59,30,,5,0.28,,,,10
11911546,242,57317,CALENDAR,REGULAR_SEASON,Regular Season,LEAGUE,39833,Philadelphia Union,Visita,1ST,23/03/2024,,1,30%,0.90,1,6,3,3,,126,9,7,2,,2,0,2,2,5,1,0,1,0,,0,1,91,10,20,,14/31 (45%),2/10 (20%),53%,2,17/32 (53%),8/15 (53%),1/2 (50%),56%,9,5,23,15,,3,,,,,3
11911546,242,57317,CALENDAR,REGULAR_SEASON,Regular Season,LEAGUE,39833,Philadelphia Union,Visita,2ND,23/03/2024,,2,25%,0.98,3,9,2,2,,131,11,3,2,,5,0,4,0,7,2,2,1,0,,0,1,77,8,28,,15/42 (36%),2/2 (100%),41%,3,17/43 (40%),9/20 (45%),3/8 (38%),64%,11,7,36,15,,2,,,,,7
11911548,242,57317,CALENDAR,REGULAR_SEASON,Regular Season,LEAGUE,39833,Philadelphia Union,Local,ALL,30/03/2024,,2,45%,2.28,3,14,5,8,8,352,14,12,2,,4,1,3,7,12,2,2,1,0,,4,5,255,21,76,,37/76 (49%),10/31 (32%),59%,5,29/51 (57%),23/37 (62%),4/11 (36%),71%,14,10,68,17,,5,0.76,,,,3
11911548,242,57317,CALENDAR,REGULAR_SEASON,Regular Season,LEAGUE,39833,Philadelphia Union,Local,1ST,30/03/2024,,1,45%,1.25,1,5,3,3,,171,6,3,0,,2,0,2,1,5,0,1,0,0,,1,3,124,14,35,,22/40 (55%),4/16 (25%),52%,3,10/20 (50%),12/22 (55%),2/5 (40%),50%,6,3,33,9,,3,,,,,3
11911548,242,57317,CALENDAR,REGULAR_SEASON,Regular Season,LEAGUE,39833,Philadelphia Union,Local,2ND,30/03/2024,,1,45%,1.03,2,9,2,5,,181,8,9,2,,2,1,1,6,7,2,1,1,0,,3,2,131,7,41,,15/36 (42%),6/15 (40%),65%,2,19/31 (61%),11/15 (73%),2/6 (33%),88%,8,7,35,8,,2,,,,,0
11911548,242,57317,CALENDAR,REGULAR_SEASON,Regular Season,LEAGUE,41618,Minnesota United,Visita,ALL,30/03/2024,,0,55%,0.57,1,7,2,3,12,447,12,8,1,,5,0,0,2,4,3,0,1,1,,2,2,342,23,56,,14/54 (26%),1/15 (7%),41%,9,22/51 (43%),14/37 (38%),2/7 (29%),42%,12,8,54,19,,2,0.46,,,,14
11911548,242,57317,CALENDAR,REGULAR_SEASON,Regular Season,LEAGUE,41618,Minnesota United,Visita,1ST,30/03/2024,,0,55%,0.28,1,4,1,1,,222,6,3,0,,3,0,0,1,2,2,0,1,1,,0,0,164,12,27,,6/31 (19%),1/6 (17%),48%,4,10/20 (50%),10/22 (45%),1/3 (33%),33%,6,4,26,9,,1,,,,,10
11911548,242,57317,CALENDAR,REGULAR_SEASON,Regular Season,LEAGUE,41618,Minnesota United,Visita,2ND,30/03/2024,,0,55%,0.29,0,3,1,2,,225,6,5,1,,2,0,0,1,2,1,0,0,0,,2,2,178,11,29,,8/23 (35%),0/9 (0%),35%,5,12/31 (39%),4/15 (27%),1/4 (25%),50%,6,4,28,10,,1,,,,,4
11911572,242,57317,CALENDAR,REGULAR_SEASON,Regular Season,LEAGUE,337612,Nashville SC,Local,ALL,06/04/2024,,1,52%,1.73,2,11,3,8,10,365,12,9,1,,5,1,3,3,8,3,1,1,,,5,2,266,36,74,,23/69 (33%),6/27 (22%),46%,6,26/51 (51%),18/44 (41%),5/12 (42%),75%,12,8,49,13,,3,-0.64,,,,8
11911572,242,57317,CALENDAR,REGULAR_SEASON,Regular Season,LEAGUE,337612,Nashville SC,Local,1ST,06/04/2024,,1,56%,1.59,2,7,2,7,,199,5,5,0,,4,1,2,1,6,1,1,1,,,3,1,153,14,40,,7/27 (26%),6/18 (33%),46%,3,10/20 (50%),8/19 (42%),0/3 (0%),100%,5,3,29,4,,2,,,,,0
11911572,242,57317,CALENDAR,REGULAR_SEASON,Regular Season,LEAGUE,337612,Nashville SC,Local,2ND,06/04/2024,,0,47%,0.14,0,4,1,1,,166,7,4,1,,1,0,1,2,2,2,0,0,,,2,1,113,22,34,,16/42 (38%),0/9 (0%),46%,3,16/31 (52%),10/25 (40%),5/9 (56%),57%,7,5,20,9,,1,,,,,8
11911572,242,57317,CALENDAR,REGULAR_SEASON,Regular Season,LEAGUE,39833,Philadelphia Union,Visita,ALL,06/04/2024,,2,48%,1.93,3,13,4,5,9,363,13,10,0,,5,0,6,2,11,2,1,2,,,1,0,249,24,51,,27/80 (34%),5/11 (45%),54%,6,25/51 (49%),26/44 (59%),2/8 (25%),62%,13,11,56,32,,4,1.03,,,,4
11911572,242,57317,CALENDAR,REGULAR_SEASON,Regular Season,LEAGUE,39833,Philadelphia Union,Visita,1ST,06/04/2024,,0,44%,0.54,0,4,3,1,,170,6,4,0,,2,0,1,1,3,1,0,0,,,0,0,113,13,20,,12/40 (30%),0/1 (0%),54%,2,10/20 (50%),11/19 (58%),0/3 (0%),50%,6,4,27,15,,3,,,,,2
11911572,242,57317,CALENDAR,REGULAR_SEASON,Regular Season,LEAGUE,39833,Philadelphia Union,Visita,2ND,06/04/2024,,2,53%,1.38,3,9,1,4,,193,7,6,0,,3,0,5,1,8,1,1,2,,,1,0,136,11,31,,15/40 (38%),5/10 (50%),54%,4,15/31 (48%),15/25 (60%),2/5 (40%),71%,7,7,29,17,,1,,,,,2
11911588,242,57317,CALENDAR,REGULAR_SEASON,Regular Season,LEAGUE,243211,Atlanta United,Local,ALL,14/04/2024,,2,62%,1.62,2,19,2,7,11,479,16,8,2,,6,1,7,6,12,7,1,1,,,0,4,405,19,42,,28/46 (61%),7/24 (29%),48%,21,38/79 (48%),16/34 (47%),14/20 (70%),56%,16,6,54,17,,2,-0.85,,,,5
11911588,242,57317,CALENDAR,REGULAR_SEASON,Regular Season,LEAGUE,243211,Atlanta United,Local,1ST,14/04/2024,,0,64%,0.13,0,6,1,3,,249,9,6,1,,2,0,3,1,3,3,0,0,,,0,2,212,9,19,,14/23 (61%),2/9 (22%),52%,11,24/43 (56%),7/17 (41%),9/11 (82%),56%,9,3,22,10,,1,,,,,3
11911588,242,57317,CALENDAR,REGULAR_SEASON,Regular Season,LEAGUE,243211,Atlanta United,Local,2ND,14/04/2024,,2,61%,1.48,2,13,1,4,,230,7,2,1,,4,1,4,5,9,4,1,1,,,0,2,193,10,23,,14/23 (61%),5/15 (33%),43%,10,14/36 (39%),9/17 (53%),5/9 (56%),57%,7,3,32,7,,1,,,,,2
11911588,242,57317,CALENDAR,REGULAR_SEASON,Regular Season,LEAGUE,39833,Philadelphia Union,Visita,ALL,14/04/2024,,2,38%,1.11,3,13,4,5,8,286,27,11,5,,5,0,2,6,10,3,1,2,,,2,2,206,15,47,,26/59 (44%),4/18 (22%),52%,5,41/79 (52%),18/34 (53%),4/15 (27%),74%,27,7,53,20,,4,-0.67,,,,8
11911588,242,57317,CALENDAR,REGULAR_SEASON,Regular Season,LEAGUE,39833,Philadelphia Union,Visita,1ST,14/04/2024,,0,36%,0.58,1,8,2,2,,135,13,6,3,,2,0,2,4,5,3,0,1,,,2,1,97,7,27,,13/26 (50%),3/9 (33%),48%,2,19/43 (44%),10/17 (59%),0/7 (0%),69%,13,3,23,8,,2,,,,,4
11911588,242,57317,CALENDAR,REGULAR_SEASON,Regular Season,LEAGUE,39833,Philadelphia Union,Visita,2ND,14/04/2024,,2,39%,0.53,2,5,2,3,,151,14,5,2,,3,0,0,2,5,0,1,1,,,0,1,109,8,20,,13/33 (39%),1/9 (11%),57%,3,22/36 (61%),8/17 (47%),4/8 (50%),79%,14,4,30,12,,2,,,,,4
11911612,242,57317,CALENDAR,REGULAR_SEASON,Regular Season,LEAGUE,39833,Philadelphia Union,Local,ALL,27/04/2024,,1,50%,1.84,6,14,2,4,18,403,28,16,3,,5,0,5,4,7,7,1,5,,,4,3,323,20,57,,20/47 (43%),7/19 (37%),55%,7,50/91 (55%),10/18 (56%),6/11 (55%),50%,28,12,61,16,,2,-1.35,,,,7
11911612,242,57317,CALENDAR,REGULAR_SEASON,Regular Season,LEAGUE,39833,Philadelphia Union,Local,1ST,27/04/2024,,0,50%,0.38,1,8,1,4,,185,10,7,0,,2,0,2,4,4,4,0,1,,,3,3,145,8,25,,9/25 (36%),5/13 (38%),60%,0,20/33 (61%),6/10 (60%),3/5 (60%),70%,10,8,30,6,,1,,,,,3
11911612,242,57317,CALENDAR,REGULAR_SEASON,Regular Season,LEAGUE,39833,Philadelphia Union,Local,2ND,27/04/2024,,1,50%,1.46,5,6,1,0,,218,18,9,3,,3,0,3,0,3,3,1,4,,,1,0,178,12,32,,11/22 (50%),2/6 (33%),52%,7,30/58 (52%),4/8 (50%),3/6 (50%),39%,18,4,31,10,,1,,,,,4
11911612,242,57317,CALENDAR,REGULAR_SEASON,Regular Season,LEAGUE,5133,Real Salt Lake,Visita,ALL,27/04/2024,,2,50%,0.48,0,9,4,5,16,403,12,18,5,,4,0,2,3,4,5,0,0,,,0,2,325,22,54,,37/67 (55%),1/15 (7%),45%,15,41/91 (45%),8/18 (44%),11/24 (46%),75%,12,7,62,14,,4,0.82,,,,10
11911612,242,57317,CALENDAR,REGULAR_SEASON,Regular Season,LEAGUE,5133,Real Salt Lake,Visita,1ST,27/04/2024,,1,50%,0.18,0,3,2,2,,190,2,8,1,,2,0,1,0,1,2,0,0,,,0,1,153,10,25,,15/29 (52%),0/6 (0%),40%,5,13/33 (39%),4/10 (40%),3/8 (38%),100%,2,2,24,8,,2,,,,,4
11911612,242,57317,CALENDAR,REGULAR_SEASON,Regular Season,LEAGUE,5133,Real Salt Lake,Visita,2ND,27/04/2024,,1,50%,0.29,0,6,2,3,,213,10,10,4,,2,0,1,3,3,3,0,0,,,0,1,172,12,29,,22/38 (58%),1/9 (11%),48%,10,28/58 (48%),4/8 (50%),8/16 (50%),70%,10,5,38,6,,2,,,,,6
11911513,242,57317,CALENDAR,REGULAR_SEASON,Regular Season,LEAGUE,39833,Philadelphia Union,Local,ALL,30/04/2024,,2,58%,1.18,2,15,1,9,6,441,22,6,2,,6,1,4,5,9,6,1,1,0,22,1,2,350,32,52,97/132 (73%),32/62 (52%),7/30 (23%),52%,7,33/61 (54%),20/40 (50%),5/13 (38%),45%,22,8,49,13,,1,-1.03,1,0,,6
11911513,242,57317,CALENDAR,REGULAR_SEASON,Regular Season,LEAGUE,39833,Philadelphia Union,Local,1ST,30/04/2024,,0,56%,0.64,1,8,0,4,,198,13,5,2,,2,0,1,5,5,3,0,1,0,,0,1,155,13,23,,18/33 (55%),1/11 (9%),56%,4,22/41 (54%),11/18 (61%),4/10 (40%),46%,13,6,24,8,,0,,,,,4
11911513,242,57317,CALENDAR,REGULAR_SEASON,Regular Season,LEAGUE,39833,Philadelphia Union,Local,2ND,30/04/2024,,2,61%,0.54,1,7,1,5,,243,9,1,0,,4,1,3,0,4,3,1,0,0,,1,1,195,19,29,,14/29 (48%),6/19 (32%),48%,3,11/20 (55%),9/22 (41%),1/3 (33%),44%,9,2,25,5,,1,,,,,2
11911513,242,57317,CALENDAR,REGULAR_SEASON,Regular Season,LEAGUE,22009,Seattle Sounders FC,Visita,ALL,30/04/2024,,3,42%,2.25,3,14,4,10,7,317,15,6,2,,4,0,5,5,9,5,1,2,1,25,1,3,226,22,64,102/150 (68%),17/58 (29%),6/20 (30%),48%,10,28/61 (46%),20/40 (50%),7/19 (37%),93%,15,7,53,36,,4,-0.15,0,2,,5
11911513,242,57317,CALENDAR,REGULAR_SEASON,Regular Season,LEAGUE,22009,Seattle Sounders FC,Visita,1ST,30/04/2024,,3,44%,1.09,1,6,2,5,,158,10,5,1,,3,0,2,1,2,4,1,0,1,,1,1,109,8,35,,7/28 (25%),2/9 (22%),44%,4,19/41 (46%),7/18 (39%),4/13 (31%),90%,10,4,32,15,,2,,,,,1
11911513,242,57317,CALENDAR,REGULAR_SEASON,Regular Season,LEAGUE,22009,Seattle Sounders FC,Visita,2ND,30/04/2024,,0,39%,1.17,2,8,2,5,,159,5,1,1,,1,0,3,4,7,1,0,2,0,,0,2,117,14,29,,10/30 (33%),4/11 (36%),52%,6,9/20 (45%),13/22 (59%),3/6 (50%),100%,5,3,21,21,,2,,,,,4
11911621,242,57317,CALENDAR,REGULAR_SEASON,Regular Season,LEAGUE,2502,DC United,Local,ALL,04/05/2024,,2,48%,1.10,2,8,1,4,12,414,11,10,1,,5,0,0,3,4,4,1,1,0,,3,3,334,13,63,,29/65 (45%),5/18 (28%),51%,10,25/54 (46%),17/28 (61%),5/11 (45%),64%,11,10,62,15,,1,-0.94,,,,4
11911621,242,57317,CALENDAR,REGULAR_SEASON,Regular Season,LEAGUE,2502,DC United,Local,1ST,04/05/2024,,2,56%,0.76,1,5,0,1,,238,5,6,0,,4,0,0,1,2,3,1,0,0,,3,1,198,4,37,,14/33 (42%),3/10 (30%),58%,4,11/22 (50%),11/16 (69%),1/2 (50%),60%,5,4,30,1,,0,,,,,2
11911621,242,57317,CALENDAR,REGULAR_SEASON,Regular Season,LEAGUE,2502,DC United,Local,2ND,04/05/2024,,0,40%,0.33,1,3,1,3,,176,6,4,1,,1,0,0,2,2,1,0,1,0,,0,2,136,9,26,,15/32 (47%),2/8 (25%),45%,6,14/32 (44%),6/12 (50%),4/9 (44%),67%,6,6,32,14,,1,,,,,2
11911621,242,57317,CALENDAR,REGULAR_SEASON,Regular Season,LEAGUE,39833,Philadelphia Union,Visita,ALL,04/05/2024,,2,52%,0.59,1,9,2,5,11,446,16,11,3,,3,1,3,3,4,5,1,0,1,,2,2,356,15,42,,28/60 (47%),3/18 (17%),49%,5,29/54 (54%),11/28 (39%),3/9 (33%),56%,16,8,62,15,,2,-0.57,,,,3
11911621,242,57317,CALENDAR,REGULAR_SEASON,Regular Season,LEAGUE,39833,Philadelphia Union,Visita,1ST,04/05/2024,,1,44%,0.40,1,5,2,2,,184,5,6,3,,1,1,2,2,3,2,1,0,1,,2,1,139,4,15,,9/25 (36%),1/5 (20%),42%,2,11/22 (50%),5/16 (31%),0/3 (0%),80%,5,4,31,10,,2,,,,,0
11911621,242,57317,CALENDAR,REGULAR_SEASON,Regular Season,LEAGUE,39833,Philadelphia Union,Visita,2ND,04/05/2024,,1,60%,0.20,0,4,0,3,,262,11,5,0,,2,0,1,1,1,3,0,0,0,,0,1,217,11,27,,19/35 (54%),2/13 (15%),55%,3,18/32 (56%),6/12 (50%),3/6 (50%),45%,11,4,31,5,,0,,,,,3
11911637,242,57317,CALENDAR,REGULAR_SEASON,Regular Season,LEAGUE,39833,Philadelphia Union,Local,ALL,11/05/2024,,2,61%,3.80,6,29,1,7,12,521,8,7,1,,6,0,14,9,21,8,1,5,0,47,4,2,420,18,88,154/214 (72%),43/86 (50%),14/29 (48%),52%,3,21/46 (46%),22/37 (59%),6/10 (60%),63%,8,11,52,13,,1,-0.69,,,,7
11911637,242,57317,CALENDAR,REGULAR_SEASON,Regular Season,LEAGUE,39833,Philadelphia Union,Local,1ST,11/05/2024,,1,58%,0.56,0,8,1,3,,278,4,3,0,,3,0,4,1,7,1,0,0,0,,1,1,221,6,35,,20/46 (43%),4/10 (40%),57%,1,12/22 (55%),9/15 (60%),5/7 (71%),75%,4,8,29,10,,1,,,,,5
11911637,242,57317,CALENDAR,REGULAR_SEASON,Regular Season,LEAGUE,39833,Philadelphia Union,Local,2ND,11/05/2024,,1,64%,3.24,6,21,0,4,,243,4,4,1,,3,0,10,8,14,7,1,5,0,,3,1,199,12,53,,23/40 (58%),10/19 (53%),48%,2,9/24 (38%),13/22 (59%),1/3 (33%),50%,4,3,23,3,,0,,,,,2
11911637,242,57317,CALENDAR,REGULAR_SEASON,Regular Season,LEAGUE,52237,Orlando City SC,Visita,ALL,11/05/2024,,3,39%,1.25,3,13,4,6,9,337,7,11,3,,4,2,6,3,8,5,2,1,1,27,1,1,252,10,43,64/101 (63%),22/65 (34%),3/18 (17%),48%,8,25/46 (54%),15/37 (41%),8/8 (100%),29%,7,7,47,37,,4,0.63,,,,13
11911637,242,57317,CALENDAR,REGULAR_SEASON,Regular Season,LEAGUE,52237,Orlando City SC,Visita,1ST,11/05/2024,,2,42%,0.88,2,10,2,5,,194,3,3,1,,3,2,4,3,5,5,1,1,0,,0,0,149,7,25,,10/30 (33%),1/13 (8%),43%,4,10/22 (45%),6/15 (40%),4/4 (100%),33%,3,5,31,12,,2,,,,,3
11911637,242,57317,CALENDAR,REGULAR_SEASON,Regular Season,LEAGUE,52237,Orlando City SC,Visita,2ND,11/05/2024,,1,36%,0.37,1,3,2,1,,143,4,8,2,,1,0,2,0,3,0,1,0,1,,1,1,103,3,18,,12/35 (34%),2/5 (40%),52%,4,15/24 (63%),9/22 (41%),4/4 (100%),25%,4,2,16,25,,2,,,,,10
11911650,242,57317,CALENDAR,REGULAR_SEASON,Regular Season,LEAGUE,39833,Philadelphia Union,Local,ALL,15/05/2024,,1,58%,2.23,5,25,5,9,10,429,22,10,2,,5,0,13,7,17,8,0,5,1,35,2,5,350,17,65,106/148 (72%),29/57 (51%),13/31 (42%),57%,6,36/60 (60%),20/38 (53%),4/6 (67%),50%,22,12,48,10,,5,0.68,,,0,7
11911650,242,57317,CALENDAR,REGULAR_SEASON,Regular Season,LEAGUE,39833,Philadelphia Union,Local,1ST,15/05/2024,,0,53%,1.29,3,14,3,6,,215,17,4,1,,3,0,9,2,10,4,0,3,0,,0,2,173,11,33,,15/30 (50%),7/18 (39%),65%,0,23/30 (77%),10/21 (48%),2/3 (67%),47%,17,6,24,3,,3,,,,,2
11911650,242,57317,CALENDAR,REGULAR_SEASON,Regular Season,LEAGUE,39833,Philadelphia Union,Local,2ND,15/05/2024,,1,64%,0.94,2,11,2,3,,214,5,6,1,,2,0,4,5,7,4,0,2,1,,2,3,177,6,32,,14/27 (52%),6/13 (46%),49%,6,13/30 (43%),10/17 (59%),2/3 (67%),60%,5,6,24,7,,2,,,,,5
11911650,242,57317,CALENDAR,REGULAR_SEASON,Regular Season,LEAGUE,187643,New York City FC,Visita,ALL,15/05/2024,,2,42%,1.29,2,10,4,3,12,332,8,10,5,,7,0,3,0,7,3,1,1,2,18,2,0,255,24,29,51/74 (69%),12/39 (31%),1/7 (14%),43%,6,24/60 (40%),18/38 (47%),6/22 (27%),88%,8,4,38,32,,4,0.70,,,1,15
11911650,242,57317,CALENDAR,REGULAR_SEASON,Regular Season,LEAGUE,187643,New York City FC,Visita,1ST,15/05/2024,,2,47%,0.95,1,6,3,0,,209,1,3,0,,5,0,1,0,3,3,1,0,1,,1,0,174,11,19,,9/20 (45%),0/3 (0%),35%,5,7/30 (23%),11/21 (52%),3/15 (20%),100%,1,2,20,25,,3,,,,,7
11911650,242,57317,CALENDAR,REGULAR_SEASON,Regular Season,LEAGUE,187643,New York City FC,Visita,2ND,15/05/2024,,0,36%,0.34,1,4,1,3,,123,7,7,5,,2,0,2,0,4,0,0,1,1,,1,0,81,13,10,,3/19 (16%),1/4 (25%),51%,1,17/30 (57%),7/17 (41%),3/7 (43%),86%,7,2,18,7,,1,,,,,8
11911664,242,57317,CALENDAR,REGULAR_SEASON,Regular Season,LEAGUE,2511,New England Revolution,Local,ALL,18/05/2024,,0,41%,1.41,2,9,6,6,16,355,8,14,3,1,3,0,5,1,8,1,0,2,1,21,3,0,279,26,44,64/101 (63%),29/64 (45%),5/24 (21%),43%,8,22/61 (36%),20/37 (54%),2/13 (15%),13%,8,9,38,19,,6,0.23,2,2,,10
11911664,242,57317,CALENDAR,REGULAR_SEASON,Regular Season,LEAGUE,2511,New England Revolution,Local,1ST,18/05/2024,,0,42%,0.45,1,4,3,3,,171,3,6,1,1,2,0,2,0,4,0,0,1,1,,1,0,124,15,23,,15/35 (43%),3/12 (25%),37%,7,9/31 (29%),10/21 (48%),1/6 (17%),33%,3,6,20,10,,3,,,,,5
11911664,242,57317,CALENDAR,REGULAR_SEASON,Regular Season,LEAGUE,2511,New England Revolution,Local,2ND,18/05/2024,,0,41%,0.96,1,5,3,3,,184,5,8,2,0,1,0,3,1,4,1,0,1,0,,2,0,155,11,21,,14/29 (48%),2/12 (17%),50%,1,13/30 (43%),10/16 (63%),1/7 (14%),0%,5,3,18,9,,3,,,,,5
11911664,242,57317,CALENDAR,REGULAR_SEASON,Regular Season,LEAGUE,39833,Philadelphia Union,Visita,ALL,18/05/2024,,3,59%,2.21,6,20,3,5,14,515,19,16,1,0,9,1,9,2,13,7,3,3,1,30,0,1,438,11,55,133/165 (81%),31/57 (54%),7/17 (41%),57%,5,39/61 (64%),17/37 (46%),4/7 (57%),32%,19,11,52,24,,3,1.56,2,1,,6
11911664,242,57317,CALENDAR,REGULAR_SEASON,Regular Season,LEAGUE,39833,Philadelphia Union,Visita,1ST,18/05/2024,,1,58%,0.64,1,8,2,2,,246,12,8,1,0,4,0,3,1,5,3,1,0,0,,0,0,197,7,29,,14/27 (52%),4/7 (57%),63%,2,22/31 (71%),11/21 (52%),2/3 (67%),42%,12,7,24,16,,2,,,,,2
11911664,242,57317,CALENDAR,REGULAR_SEASON,Regular Season,LEAGUE,39833,Philadelphia Union,Visita,2ND,18/05/2024,,2,59%,1.57,5,12,1,3,,269,7,8,0,0,5,1,6,1,8,4,2,3,1,,0,1,241,4,26,,17/30 (57%),3/10 (30%),50%,3,17/30 (57%),6/16 (38%),2/4 (50%),14%,7,4,28,8,,1,,,,,4
11911675,242,57317,CALENDAR,REGULAR_SEASON,Regular Season,LEAGUE,404108,Charlotte FC,Local,ALL,25/05/2024,,0,65%,1.03,0,14,5,11,7,499,7,9,0,,4,0,3,7,7,7,,0,1,31,3,1,413,33,70,96/139 (69%),31/68 (46%),2/27 (7%),44%,10,25/58 (43%),10/22 (45%),9/23 (39%),86%,7,5,51,15,2,5,0.94,0,1,0,5
11911675,242,57317,CALENDAR,REGULAR_SEASON,Regular Season,LEAGUE,404108,Charlotte FC,Local,1ST,25/05/2024,,0,69%,0.28,0,2,3,3,,256,3,4,0,,1,0,1,0,1,1,,0,1,,1,0,219,19,31,,15/34 (44%),0/10 (0%),37%,7,13/33 (39%),3/10 (30%),6/13 (46%),67%,3,4,20,8,,3,,,,,3
11911675,242,57317,CALENDAR,REGULAR_SEASON,Regular Season,LEAGUE,404108,Charlotte FC,Local,2ND,25/05/2024,,0,61%,0.75,0,12,2,8,,243,4,5,0,,3,0,2,7,6,6,,0,0,,2,1,194,14,39,,16/34 (47%),2/17 (12%),51%,3,12/25 (48%),7/12 (58%),3/10 (30%),100%,4,1,31,7,,2,,,,,2
11911675,242,57317,CALENDAR,REGULAR_SEASON,Regular Season,LEAGUE,39833,Philadelphia Union,Visita,ALL,25/05/2024,,0,35%,0.94,2,10,4,2,9,275,24,7,2,,5,0,3,2,6,4,,2,0,22,1,2,183,17,37,42/76 (55%),26/66 (39%),2/12 (17%),56%,4,33/58 (57%),12/22 (55%),2/5 (40%),75%,24,18,55,25,1,4,1.12,1,0,1,9
11911675,242,57317,CALENDAR,REGULAR_SEASON,Regular Season,LEAGUE,39833,Philadelphia Union,Visita,1ST,25/05/2024,,0,31%,0.59,1,6,1,1,,116,14,6,1,,3,0,2,1,3,3,,1,0,,1,1,70,6,19,,12/33 (36%),2/6 (33%),63%,2,20/33 (61%),7/10 (70%),0/1 (0%),79%,14,8,22,13,,1,,,,,5
11911675,242,57317,CALENDAR,REGULAR_SEASON,Regular Season,LEAGUE,39833,Philadelphia Union,Visita,2ND,25/05/2024,,0,39%,0.34,1,4,3,1,,159,10,1,1,,2,0,1,1,3,1,,1,0,,0,1,113,11,18,,14/33 (42%),0/6 (0%),49%,2,13/25 (52%),5/12 (42%),2/4 (50%),70%,10,10,33,12,,3,,,,,4
11911692,242,57317,CALENDAR,REGULAR_SEASON,Regular Season,LEAGUE,39833,Philadelphia Union,Local,ALL,29/05/2024,,0,49%,0.72,1,12,3,5,8,474,14,8,1,,1,0,5,6,6,6,,1,1,19,0,1,404,16,55,82/119 (69%),33/53 (62%),6/19 (32%),50%,8,25/56 (45%),17/28 (61%),4/12 (33%),57%,14,11,42,18,,3,0.50,2,0,2,9
11911692,242,57317,CALENDAR,REGULAR_SEASON,Regular Season,LEAGUE,39833,Philadelphia Union,Local,1ST,29/05/2024,,0,48%,0.23,0,5,1,3,,236,6,3,1,,0,0,1,4,2,3,,0,0,,0,1,200,6,23,,18/27 (67%),4/9 (44%),56%,3,10/23 (43%),10/13 (77%),1/4 (25%),67%,6,7,21,12,,1,,,,,4
11911692,242,57317,CALENDAR,REGULAR_SEASON,Regular Season,LEAGUE,39833,Philadelphia Union,Local,2ND,29/05/2024,,0,50%,0.49,1,7,2,2,,238,8,5,0,,1,0,4,2,4,3,,1,1,,0,0,204,10,32,,15/26 (58%),2/10 (20%),46%,5,15/33 (45%),7/15 (47%),3/8 (38%),50%,8,4,21,6,,2,,,,,5
11911692,242,57317,CALENDAR,REGULAR_SEASON,Regular Season,LEAGUE,7080,Toronto FC,Visita,ALL,29/05/2024,,0,51%,1.21,1,13,1,4,8,501,16,8,2,,3,1,5,5,10,3,,1,2,21,2,1,428,17,64,115/150 (77%),48/76 (63%),3/12 (25%),50%,8,31/56 (55%),11/28 (39%),7/13 (54%),69%,16,1,49,28,,1,0.63,0,2,0,6
11911692,242,57317,CALENDAR,REGULAR_SEASON,Regular Season,LEAGUE,7080,Toronto FC,Visita,1ST,29/05/2024,,0,52%,0.75,1,6,0,2,,258,6,4,0,,1,1,3,2,4,2,,1,2,,1,0,215,12,33,,25/37 (68%),1/5 (20%),44%,3,13/23 (57%),3/13 (23%),3/6 (50%),83%,6,1,22,11,,0,,,,,2
11911692,242,57317,CALENDAR,REGULAR_SEASON,Regular Season,LEAGUE,7080,Toronto FC,Visita,2ND,29/05/2024,,0,50%,0.45,0,7,1,2,,243,10,4,2,,2,0,2,3,6,1,,0,0,,1,1,213,5,31,,23/39 (59%),2/7 (29%),54%,5,18/33 (55%),8/15 (53%),4/7 (57%),60%,10,0,27,17,,1,,,,,4
11911706,242,57317,CALENDAR,REGULAR_SEASON,Regular Season,LEAGUE,39833,Philadelphia Union,Local,ALL,01/06/2024,,2,67%,2.80,2,24,1,11,12,524,8,10,1,1,10,1,8,6,15,9,2,,,39,3,1,449,21,95,135/187 (72%),40/70 (57%),11/34 (32%),59%,5,19/37 (51%),22/33 (67%),1/4 (25%),75%,8,6,48,3,,1,-0.74,0,,0,4
11911706,242,57317,CALENDAR,REGULAR_SEASON,Regular Season,LEAGUE,39833,Philadelphia Union,Local,1ST,01/06/2024,,0,62%,0.41,0,9,0,4,,252,6,7,1,0,3,1,3,3,4,5,0,,,,2,1,208,9,47,,23/40 (58%),4/10 (40%),64%,3,14/23 (61%),15/22 (68%),1/2 (50%),67%,6,2,26,3,,0,,,,,1
11911706,242,57317,CALENDAR,REGULAR_SEASON,Regular Season,LEAGUE,39833,Philadelphia Union,Local,2ND,01/06/2024,,2,72%,2.38,2,15,1,7,,272,2,3,0,1,7,0,5,3,11,4,2,,,,1,0,241,12,48,,17/30 (57%),7/24 (29%),48%,2,5/14 (36%),7/11 (64%),0/2 (0%),100%,2,4,22,0,,1,,,,,3
11911706,242,57317,CALENDAR,REGULAR_SEASON,Regular Season,LEAGUE,22006,CF Montréal,Visita,ALL,01/06/2024,,2,33%,1.14,1,6,9,1,11,270,8,9,2,1,3,1,2,1,4,2,1,,,8,2,1,188,14,21,16/31 (52%),13/54 (24%),2/4 (50%),41%,3,18/37 (49%),11/33 (33%),2/7 (29%),50%,8,8,32,27,,9,0.79,1,,1,17
11911706,242,57317,CALENDAR,REGULAR_SEASON,Regular Season,LEAGUE,22006,CF Montréal,Visita,1ST,01/06/2024,,1,38%,0.12,0,2,3,1,,160,4,4,2,1,1,0,0,1,1,1,0,,,,0,1,117,5,13,,9/32 (28%),0/1 (0%),36%,3,9/23 (39%),7/22 (32%),2/5 (40%),75%,4,4,17,12,,3,,,,,8
11911706,242,57317,CALENDAR,REGULAR_SEASON,Regular Season,LEAGUE,22006,CF Montréal,Visita,2ND,01/06/2024,,1,28%,1.02,1,4,6,0,,110,4,5,0,0,2,1,2,0,3,1,1,,,,2,0,71,9,8,,4/22 (18%),2/3 (67%),52%,0,9/14 (64%),4/11 (36%),0/2 (0%),25%,4,4,15,15,,6,,,,,9
11911725,242,57317,CALENDAR,REGULAR_SEASON,Regular Season,LEAGUE,39833,Philadelphia Union,Local,ALL,15/06/2024,,1,43%,1.90,3,19,2,6,8,388,22,10,3,0,3,0,9,7,8,11,1,2,1,15,2,1,309,17,52,86/117 (74%),26/46 (57%),5/21 (24%),54%,7,44/72 (61%),7/23 (30%),12/19 (63%),68%,22,10,61,19,0,2,0.07,,0,0,7
11911725,242,57317,CALENDAR,REGULAR_SEASON,Regular Season,LEAGUE,39833,Philadelphia Union,Local,1ST,15/06/2024,,1,37%,1.04,2,9,1,1,,183,13,3,1,0,1,0,5,3,3,6,1,1,1,,1,0,134,10,22,,15/28 (54%),1/5 (20%),55%,2,20/34 (59%),4/10 (40%),4/8 (50%),77%,13,5,35,11,,1,,,,,3
11911725,242,57317,CALENDAR,REGULAR_SEASON,Regular Season,LEAGUE,39833,Philadelphia Union,Local,2ND,15/06/2024,,0,49%,0.87,1,10,1,5,,205,9,7,2,0,2,0,4,4,5,5,0,1,0,,1,1,175,7,30,,11/18 (61%),4/16 (25%),53%,5,24/38 (63%),3/13 (23%),8/11 (73%),56%,9,5,26,8,,1,,,,,4
11911725,242,57317,CALENDAR,REGULAR_SEASON,Regular Season,LEAGUE,337602,Inter Miami CF,Visita,ALL,15/06/2024,,2,57%,1.20,3,11,2,3,11,541,14,7,5,2,4,1,5,2,8,3,1,2,0,16,0,1,463,17,49,92/124 (74%),36/65 (55%),3/15 (20%),46%,13,28/72 (39%),16/23 (70%),7/16 (44%),71%,14,11,61,16,1,2,0.26,,1,1,14
11911725,242,57317,CALENDAR,REGULAR_SEASON,Regular Season,LEAGUE,337602,Inter Miami CF,Visita,1ST,15/06/2024,,0,63%,0.11,1,3,0,0,,318,6,3,1,0,1,0,1,1,2,1,0,1,0,,0,1,277,14,28,,18/31 (58%),2/10 (20%),45%,8,14/34 (41%),6/10 (60%),5/10 (50%),83%,6,5,33,6,,0,,,,,7
11911725,242,57317,CALENDAR,REGULAR_SEASON,Regular Season,LEAGUE,337602,Inter Miami CF,Visita,2ND,15/06/2024,,2,51%,1.09,2,8,2,3,,223,8,4,4,2,3,1,4,1,6,2,1,1,0,,0,0,186,3,21,,18/34 (53%),1/5 (20%),47%,5,14/38 (37%),10/13 (77%),2/6 (33%),63%,8,6,28,10,,2,,,,,7
11911733,242,57317,CALENDAR,REGULAR_SEASON,Regular Season,LEAGUE,215167,FC Cincinnati,Local,ALL,19/06/2024,,4,54%,2.21,6,16,2,2,9,508,16,7,1,,5,0,6,5,14,2,2,4,,32,2,4,432,18,47,90/123 (73%),23/43 (53%),3/12 (25%),51%,14,30/64 (47%),15/25 (60%),7/13 (54%),50%,16,4,56,14,,2,-0.58,2,1,,8
11911733,242,57317,CALENDAR,REGULAR_SEASON,Regular Season,LEAGUE,215167,FC Cincinnati,Local,1ST,19/06/2024,,1,60%,0.33,2,5,0,1,,283,6,3,1,,1,0,3,1,4,1,1,1,,,1,3,246,8,14,,7/18 (39%),1/6 (17%),51%,7,14/33 (42%),8/10 (80%),5/9 (56%),33%,6,1,29,6,,0,,,,,3
11911733,242,57317,CALENDAR,REGULAR_SEASON,Regular Season,LEAGUE,215167,FC Cincinnati,Local,2ND,19/06/2024,,3,48%,1.87,4,11,2,1,,225,10,4,0,,4,0,3,4,10,1,1,3,,,1,1,186,10,33,,16/25 (64%),2/6 (33%),50%,7,16/31 (52%),7/15 (47%),2/4 (50%),60%,10,3,27,8,,2,,,,,5
11911733,242,57317,CALENDAR,REGULAR_SEASON,Regular Season,LEAGUE,39833,Philadelphia Union,Visita,ALL,19/06/2024,,3,46%,1.19,3,12,1,4,7,418,20,9,3,,5,0,6,1,6,6,3,0,,20,1,2,329,23,42,68/107 (64%),37/72 (51%),9/17 (53%),49%,7,34/64 (53%),10/25 (40%),5/14 (36%),55%,20,13,51,12,,1,-1.69,0,1,,11
11911733,242,57317,CALENDAR,REGULAR_SEASON,Regular Season,LEAGUE,39833,Philadelphia Union,Visita,1ST,19/06/2024,,1,40%,0.21,1,3,0,1,,187,11,5,2,,1,0,2,0,1,2,1,0,,,0,1,143,11,17,,13/33 (39%),2/4 (50%),49%,2,19/33 (58%),2/10 (20%),3/7 (43%),55%,11,4,24,4,,0,,,,,4
11911733,242,57317,CALENDAR,REGULAR_SEASON,Regular Season,LEAGUE,39833,Philadelphia Union,Visita,2ND,19/06/2024,,2,52%,0.99,2,9,1,3,,231,9,4,1,,4,0,4,1,5,4,2,0,,,1,1,186,12,25,,24/39 (62%),7/13 (54%),50%,5,15/31 (48%),8/15 (53%),2/7 (29%),56%,9,9,27,8,,1,,,,,7
11911750,242,57317,CALENDAR,REGULAR_SEASON,Regular Season,LEAGUE,39833,Philadelphia Union,Local,ALL,22/06/2024,,0,56%,0.97,1,16,5,7,9,473,19,10,0,,6,0,5,5,7,9,0,1,1,34,2,2,404,19,66,127/167 (76%),46/70 (66%),0/17 (0%),54%,6,34/65 (52%),15/26 (58%),5/9 (56%),68%,19,8,44,14,0,5,0.83,,0,0,9
11911750,242,57317,CALENDAR,REGULAR_SEASON,Regular Season,LEAGUE,39833,Philadelphia Union,Local,1ST,22/06/2024,,0,55%,0.41,0,8,2,6,,220,6,4,0,,3,0,4,1,5,3,0,0,0,,1,1,188,9,29,,21/35 (60%),0/11 (0%),47%,4,11/22 (50%),5/12 (42%),1/3 (33%),50%,6,4,20,9,,2,,,,,3
11911750,242,57317,CALENDAR,REGULAR_SEASON,Regular Season,LEAGUE,39833,Philadelphia Union,Local,2ND,22/06/2024,,0,57%,0.57,1,8,3,1,,253,13,6,0,,3,0,1,4,2,6,0,1,1,,1,1,216,10,37,,25/35 (71%),0/6 (0%),58%,2,23/43 (53%),10/14 (71%),4/6 (67%),77%,13,4,24,5,,3,,,,,6
11911750,242,57317,CALENDAR,REGULAR_SEASON,Regular Season,LEAGUE,404108,Charlotte FC,Visita,ALL,22/06/2024,,2,44%,2.56,5,18,5,9,10,367,10,9,3,,7,0,6,5,16,2,1,4,3,32,1,2,302,19,56,87/122 (71%),29/57 (51%),3/10 (30%),46%,6,31/65 (48%),11/26 (42%),14/27 (52%),50%,10,4,48,28,1,5,0.74,,2,1,5
11911750,242,57317,CALENDAR,REGULAR_SEASON,Regular Season,LEAGUE,404108,Charlotte FC,Visita,1ST,22/06/2024,,0,45%,1.32,1,8,2,2,,181,6,4,0,,2,0,3,3,7,1,0,1,1,,0,2,149,8,35,,17/30 (57%),2/6 (33%),53%,2,11/22 (50%),7/12 (58%),2/6 (33%),33%,6,0,22,15,,2,,,,,3
11911750,242,57317,CALENDAR,REGULAR_SEASON,Regular Season,LEAGUE,404108,Charlotte FC,Visita,2ND,22/06/2024,,2,43%,1.24,4,10,3,7,,186,4,5,3,,5,0,3,2,9,1,1,3,2,,1,0,153,11,21,,12/27 (44%),1/4 (25%),42%,4,20/43 (47%),4/14 (29%),12/21 (57%),75%,4,4,26,13,,3,,,,,2
11911762,242,57317,CALENDAR,REGULAR_SEASON,Regular Season,LEAGUE,22006,CF Montréal,Local,ALL,29/06/2024,,4,64%,2.07,3,14,3,5,11,662,11,10,1,,6,0,5,3,8,6,2,1,,25,3,2,582,15,69,141/182 (77%),33/48 (69%),6/19 (32%),49%,11,30/60 (50%),9/20 (45%),9/18 (50%),73%,11,6,60,12,1,3,-0.68,2,1,,5
11911762,242,57317,CALENDAR,REGULAR_SEASON,Regular Season,LEAGUE,22006,CF Montréal,Local,1ST,29/06/2024,,1,58%,0.81,2,5,2,1,,318,5,4,0,,2,0,2,1,4,1,1,1,,,1,1,276,8,25,,17/27 (63%),3/7 (43%),53%,7,14/27 (52%),6/11 (55%),5/7 (71%),80%,5,3,30,11,,2,,,,,1
11911762,242,57317,CALENDAR,REGULAR_SEASON,Regular Season,LEAGUE,22006,CF Montréal,Local,2ND,29/06/2024,,3,72%,1.26,1,9,1,4,,344,6,6,1,,4,0,3,2,4,5,1,0,,,2,1,306,7,44,,16/21 (76%),3/12 (25%),45%,4,16/33 (48%),3/9 (33%),4/11 (36%),67%,6,3,30,1,,1,,,,,4
11911762,242,57317,CALENDAR,REGULAR_SEASON,Regular Season,LEAGUE,39833,Philadelphia Union,Visita,ALL,29/06/2024,,2,36%,0.95,1,8,2,3,10,366,20,8,1,,5,0,2,1,5,3,1,0,,13,2,1,286,22,54,85/132 (64%),22/59 (37%),3/15 (20%),51%,5,30/60 (50%),11/20 (55%),3/9 (33%),40%,20,12,48,21,0,2,-1.77,0,2,,7
11911762,242,57317,CALENDAR,REGULAR_SEASON,Regular Season,LEAGUE,39833,Philadelphia Union,Visita,1ST,29/06/2024,,2,42%,0.78,1,5,1,3,,226,9,2,0,,4,0,1,0,4,1,1,0,,,0,0,185,13,33,,11/28 (39%),2/11 (18%),47%,3,13/27 (48%),5/11 (45%),2/4 (50%),44%,9,8,26,11,,1,,,,,4
11911762,242,57317,CALENDAR,REGULAR_SEASON,Regular Season,LEAGUE,39833,Philadelphia Union,Visita,2ND,29/06/2024,,0,28%,0.17,0,3,1,0,,140,11,6,1,,1,0,1,1,1,2,0,0,,,2,1,101,9,21,,11/31 (35%),1/4 (25%),55%,2,17/33 (52%),6/9 (67%),1/5 (20%),36%,11,4,22,10,,1,,,,,3
11911779,242,57317,CALENDAR,REGULAR_SEASON,Regular Season,LEAGUE,2505,Chicago Fire,Local,ALL,03/07/2024,,4,47%,3.21,7,18,1,4,16,407,17,11,2,,10,0,7,1,12,6,3,4,1,29,0,3,326,20,43,70/98 (71%),32/74 (43%),3/14 (21%),44%,4,31/67 (46%),16/40 (40%),7/13 (54%),47%,17,11,45,17,0,1,-1.47,0,,1,5
11911779,242,57317,CALENDAR,REGULAR_SEASON,Regular Season,LEAGUE,2505,Chicago Fire,Local,1ST,03/07/2024,,1,33%,1.35,3,6,0,0,,160,7,6,2,,4,0,2,0,4,2,1,2,1,,0,0,122,8,16,,15/36 (42%),2/3 (67%),40%,2,12/30 (40%),7/17 (41%),2/4 (50%),43%,7,9,24,9,,0,,,,,3
11911779,242,57317,CALENDAR,REGULAR_SEASON,Regular Season,LEAGUE,2505,Chicago Fire,Local,2ND,03/07/2024,,3,63%,1.86,4,12,1,4,,247,10,5,0,,6,0,5,1,8,4,2,2,0,,0,3,204,12,27,,17/38 (45%),1/11 (9%),47%,2,19/37 (51%),9/23 (39%),5/9 (56%),50%,10,2,21,8,,1,,,,,2
11911779,242,57317,CALENDAR,REGULAR_SEASON,Regular Season,LEAGUE,39833,Philadelphia Union,Visita,ALL,03/07/2024,,3,53%,1.35,1,12,6,1,12,482,10,15,2,,4,0,7,1,5,7,1,0,0,20,2,2,384,17,71,87/139 (63%),48/84 (57%),1/5 (20%),56%,12,36/67 (54%),24/40 (60%),12/17 (71%),70%,10,11,50,21,1,6,0.81,1,,1,8
11911779,242,57317,CALENDAR,REGULAR_SEASON,Regular Season,LEAGUE,39833,Philadelphia Union,Visita,1ST,03/07/2024,,2,67%,1.07,1,7,3,0,,330,4,8,1,,2,0,4,1,4,3,1,0,0,,1,1,279,10,40,,29/46 (63%),0/3 (0%),60%,6,18/30 (60%),10/17 (59%),7/8 (88%),75%,4,4,27,2,,3,,,,,2
11911779,242,57317,CALENDAR,REGULAR_SEASON,Regular Season,LEAGUE,39833,Philadelphia Union,Visita,2ND,03/07/2024,,1,37%,0.28,0,5,3,1,,152,6,7,1,,2,0,3,0,1,4,0,0,0,,1,1,105,7,31,,19/38 (50%),1/2 (50%),53%,6,18/37 (49%),14/23 (61%),5/9 (56%),67%,6,7,23,19,,3,,,,,6
12000781,242,57317,CALENDAR,REGULAR_SEASON,Regular Season,LEAGUE,39833,Philadelphia Union,Local,ALL,06/07/2024,,0,53%,2.56,4,17,5,4,8,438,11,10,1,,6,0,8,3,15,2,,4,1,29,2,2,353,22,60,73/113 (65%),47/78 (60%),6/17 (35%),57%,3,24/46 (52%),24/38 (63%),5/11 (45%),27%,11,5,42,16,0,5,1.43,0,,,14
12000781,242,57317,CALENDAR,REGULAR_SEASON,Regular Season,LEAGUE,39833,Philadelphia Union,Local,1ST,06/07/2024,,0,58%,1.18,1,8,2,1,,220,9,7,0,,1,0,4,3,7,1,,1,0,,2,2,176,17,35,,24/42 (57%),3/9 (33%),67%,1,17/27 (63%),16/22 (73%),3/6 (50%),33%,9,0,20,7,,2,,,,,5
12000781,242,57317,CALENDAR,REGULAR_SEASON,Regular Season,LEAGUE,39833,Philadelphia Union,Local,2ND,06/07/2024,,0,49%,1.38,3,9,3,3,,218,2,3,1,,5,0,4,0,8,1,,3,1,,0,0,177,5,25,,23/36 (64%),3/8 (38%),43%,2,7/19 (37%),8/16 (50%),2/5 (40%),0%,2,5,22,9,,3,,,,,9
12000781,242,57317,CALENDAR,REGULAR_SEASON,Regular Season,LEAGUE,2506,New York Red Bulls,Visita,ALL,06/07/2024,,0,47%,3.14,6,16,6,3,10,384,9,7,1,,5,0,8,3,11,5,,6,3,27,0,2,309,21,55,74/113 (65%),35/64 (55%),5/13 (38%),43%,7,22/46 (48%),14/38 (37%),6/10 (60%),67%,9,7,39,18,1,6,1.23,1,,,11
12000781,242,57317,CALENDAR,REGULAR_SEASON,Regular Season,LEAGUE,2506,New York Red Bulls,Visita,1ST,06/07/2024,,0,42%,1.69,3,7,1,1,,165,4,3,1,,2,0,2,3,4,3,,3,2,,0,1,126,12,28,,12/30 (40%),2/4 (50%),33%,5,10/27 (37%),6/22 (27%),3/7 (43%),100%,4,5,17,6,,1,,,,,5
12000781,242,57317,CALENDAR,REGULAR_SEASON,Regular Season,LEAGUE,2506,New York Red Bulls,Visita,2ND,06/07/2024,,0,51%,1.45,3,9,5,2,,219,5,4,0,,3,0,6,0,7,2,,3,1,,0,1,183,9,27,,23/34 (68%),3/9 (33%),57%,2,12/19 (63%),8/16 (50%),3/3 (100%),40%,5,2,22,12,,5,,,,,6
12000843,242,57317,CALENDAR,REGULAR_SEASON,Regular Season,LEAGUE,7080,Toronto FC,Local,ALL,13/07/2024,,2,62%,0.89,1,10,2,0,8,580,8,12,0,,2,0,6,2,7,3,1,0,1,21,1,2,502,19,46,94/123 (76%),43/65 (66%),4/16 (25%),53%,7,30/54 (56%),14/29 (48%),10/18 (56%),63%,8,5,56,19,,2,0.55,1,2,,9
12000843,242,57317,CALENDAR,REGULAR_SEASON,Regular Season,LEAGUE,7080,Toronto FC,Local,1ST,13/07/2024,,0,62%,0.13,0,3,2,0,,290,4,6,0,,0,0,3,0,2,1,0,0,0,,0,1,249,10,21,,20/29 (69%),1/8 (13%),54%,2,15/28 (54%),7/13 (54%),5/9 (56%),50%,4,1,27,6,,2,,,,,3
12000843,242,57317,CALENDAR,REGULAR_SEASON,Regular Season,LEAGUE,7080,Toronto FC,Local,2ND,13/07/2024,,2,63%,0.76,1,7,0,0,,290,4,6,0,,2,0,3,2,5,2,1,0,1,,1,1,253,9,25,,23/36 (64%),3/8 (38%),52%,5,15/26 (58%),7/16 (44%),5/9 (56%),75%,4,4,29,13,,0,,,,,6
12000843,242,57317,CALENDAR,REGULAR_SEASON,Regular Season,LEAGUE,39833,Philadelphia Union,Visita,ALL,13/07/2024,,1,38%,1.05,3,11,1,3,12,345,14,7,1,,3,0,8,0,7,4,1,2,0,22,1,5,257,14,52,50/98 (51%),27/71 (38%),4/16 (25%),47%,4,24/54 (44%),15/29 (52%),2/6 (33%),79%,14,10,56,15,,1,-1.61,0,0,,9
12000843,242,57317,CALENDAR,REGULAR_SEASON,Regular Season,LEAGUE,39833,Philadelphia Union,Visita,1ST,13/07/2024,,1,38%,0.79,3,5,0,1,,178,6,6,0,,3,0,2,0,4,1,1,2,0,,1,3,131,5,28,,14/40 (35%),2/6 (33%),46%,3,13/28 (46%),6/13 (46%),1/2 (50%),67%,6,5,29,7,,0,,,,,5
12000843,242,57317,CALENDAR,REGULAR_SEASON,Regular Season,LEAGUE,39833,Philadelphia Union,Visita,2ND,13/07/2024,,0,37%,0.26,0,6,1,2,,167,8,1,1,,0,0,6,0,3,3,0,0,0,,0,2,126,9,24,,13/31 (42%),2/10 (20%),48%,1,11/26 (42%),9/16 (56%),1/4 (25%),88%,8,5,27,8,,1,,,,,4
12000859,242,57317,CALENDAR,REGULAR_SEASON,Regular Season,LEAGUE,39833,Philadelphia Union,Local,ALL,17/07/2024,,5,49%,2.25,3,19,0,4,10,428,12,6,0,,8,1,7,4,8,11,3,,1,18,2,2,382,16,32,56/76 (74%),39/56 (70%),6/13 (46%),44%,5,21/49 (43%),10/22 (45%),3/8 (38%),42%,12,6,40,10,,0,-0.69,,1,2,8
12000859,242,57317,CALENDAR,REGULAR_SEASON,Regular Season,LEAGUE,39833,Philadelphia Union,Local,1ST,17/07/2024,,3,54%,1.34,2,12,0,3,,212,7,5,0,,5,1,4,3,6,6,2,,1,,2,1,197,7,18,,23/29 (79%),4/8 (50%),42%,3,13/31 (42%),6/14 (43%),1/4 (25%),29%,7,3,20,6,,0,,,,,4
12000859,242,57317,CALENDAR,REGULAR_SEASON,Regular Season,LEAGUE,39833,Philadelphia Union,Local,2ND,17/07/2024,,2,45%,0.91,1,7,0,1,,216,5,1,0,,3,0,3,1,2,5,1,,0,,0,1,185,9,14,,16/27 (59%),2/5 (40%),46%,2,8/18 (44%),4/8 (50%),2/4 (50%),60%,5,3,20,4,,0,,,,,4
12000859,242,57317,CALENDAR,REGULAR_SEASON,Regular Season,LEAGUE,2511,New England Revolution,Visita,ALL,17/07/2024,,1,51%,0.12,0,5,3,3,6,451,10,10,1,,1,1,3,1,1,4,0,,0,9,2,1,394,11,43,56/85 (66%),22/40 (55%),2/11 (18%),56%,3,28/49 (57%),12/22 (55%),8/17 (47%),60%,10,5,37,10,,3,-2.44,,0,0,9
12000859,242,57317,CALENDAR,REGULAR_SEASON,Regular Season,LEAGUE,2511,New England Revolution,Visita,1ST,17/07/2024,,0,46%,0.06,0,3,2,3,,181,6,7,0,,0,1,2,1,0,3,0,,0,,1,0,154,6,9,,10/19 (53%),1/8 (13%),58%,1,18/31 (58%),8/14 (57%),5/11 (45%),50%,6,3,13,5,,2,,,,,6
12000859,242,57317,CALENDAR,REGULAR_SEASON,Regular Season,LEAGUE,2511,New England Revolution,Visita,2ND,17/07/2024,,1,55%,0.06,0,2,1,0,,270,4,3,1,,1,0,1,0,1,1,0,,0,,1,1,240,5,34,,12/21 (57%),1/3 (33%),54%,2,10/18 (56%),4/8 (50%),3/6 (50%),75%,4,2,24,5,,1,,,,,3
12000875,242,57317,CALENDAR,REGULAR_SEASON,Regular Season,LEAGUE,39833,Philadelphia Union,Local,ALL,20/07/2024,,3,42%,4.28,7,19,3,4,12,334,32,8,3,,9,0,4,6,12,7,3,4,4,32,0,,255,9,42,90/127 (71%),21/50 (42%),6/17 (35%),58%,7,49/77 (64%),12/29 (41%),9/12 (75%),75%,32,8,48,13,,3,1.20,1,0,1,15
12000875,242,57317,CALENDAR,REGULAR_SEASON,Regular Season,LEAGUE,39833,Philadelphia Union,Local,1ST,20/07/2024,,2,45%,1.93,4,9,1,1,,178,23,3,2,,5,0,0,4,6,3,2,2,2,,0,,135,4,17,,8/26 (31%),4/6 (67%),58%,4,27/42 (64%),4/11 (36%),1/2 (50%),70%,23,5,22,4,,1,,,,,8
12000875,242,57317,CALENDAR,REGULAR_SEASON,Regular Season,LEAGUE,39833,Philadelphia Union,Local,2ND,20/07/2024,,1,39%,2.35,3,10,2,3,,156,9,5,1,,4,0,4,2,6,4,1,2,2,,0,,120,5,25,,13/24 (54%),2/11 (18%),57%,3,22/35 (63%),8/18 (44%),8/10 (80%),89%,9,3,26,9,,2,,,,,7
12000875,242,57317,CALENDAR,REGULAR_SEASON,Regular Season,LEAGUE,337612,Nashville SC,Visita,ALL,20/07/2024,,0,58%,1.69,3,20,6,7,9,449,10,11,3,,3,1,9,8,17,3,0,3,1,29,3,,376,21,66,93/118 (79%),47/70 (67%),14/28 (50%),42%,17,28/77 (36%),17/29 (59%),7/22 (32%),60%,10,8,56,17,,6,0.85,0,3,0,5
12000875,242,57317,CALENDAR,REGULAR_SEASON,Regular Season,LEAGUE,337612,Nashville SC,Visita,1ST,20/07/2024,,0,55%,0.23,0,6,3,1,,211,5,6,0,,1,0,3,2,5,1,0,0,1,,2,,168,18,29,,24/39 (62%),5/11 (45%),42%,14,15/42 (36%),7/11 (64%),4/13 (31%),80%,5,5,24,7,,3,,,,,4
12000875,242,57317,CALENDAR,REGULAR_SEASON,Regular Season,LEAGUE,337612,Nashville SC,Visita,2ND,20/07/2024,,0,61%,1.46,3,14,3,6,,238,5,5,3,,2,1,6,6,12,2,0,3,0,,1,,208,3,37,,23/31 (74%),9/17 (53%),43%,3,13/35 (37%),10/18 (56%),3/9 (33%),40%,5,3,32,10,,3,,,,,1
12575524,13783,59128,CALENDAR,GROUP,"Leagues Cup, Group East 4",CUP,39833,Philadelphia Union,Local,ALL,27/07/2024,1,1,50%,1.27,1,9,0,5,9,439,2,1,3,0,4,0,4,1,7,2,1,,0,13,1,7,368,20,53,28/42 (67%),17/34 (50%),2/11 (18%),32%,1,20/64 (31%),7/18 (39%),10/14 (71%),92%,2,20,47,12,0,0,,0,,,8
12575524,13783,59128,CALENDAR,GROUP,"Leagues Cup, Group East 4",CUP,39833,Philadelphia Union,Local,1ST,27/07/2024,1,1,56%,0.00,1,4,0,2,,267,6,5,1,,1,0,3,0,3,1,1,,,,0,4,228,17,27,,30/40 (75%),2/8 (25%),64%,5,12/20 (60%),6/8 (75%),1/2 (50%),83%,6,4,22,5,,0,,,,,3
12575524,13783,59128,CALENDAR,GROUP,"Leagues Cup, Group East 4",CUP,39833,Philadelphia Union,Local,2ND,27/07/2024,1,0,41%,0.00,0,6,0,3,,162,7,6,2,,4,0,1,1,5,1,0,,,,1,3,130,2,26,,16/31 (52%),2/6 (33%),56%,0,14/23 (61%),4/9 (44%),1/4 (25%),100%,7,10,25,11,,0,,,,,5
12575524,13783,59128,CALENDAR,GROUP,"Leagues Cup, Group East 4",CUP,404108,Charlotte FC,Visita,ALL,27/07/2024,1,0,50%,0.42,0,7,3,5,11,434,0,2,1,0,0,0,2,5,3,4,0,,2,14,1,3,359,22,54,36/48 (75%),36/57 (63%),4/16 (25%),32%,5,21/69 (30%),7/17 (41%),14/20 (70%),44%,0,9,41,14,2,3,,1,,,8
12575524,13783,59128,CALENDAR,GROUP,"Leagues Cup, Group East 4",CUP,404108,Charlotte FC,Visita,1ST,27/07/2024,1,0,44%,0.00,0,4,0,1,,206,6,1,0,,0,0,1,3,2,2,0,,,,0,2,172,8,26,,13/29 (45%),1/10 (10%),36%,2,8/20 (40%),2/8 (25%),1/5 (20%),33%,6,6,24,11,,0,,,,,5
12575524,13783,59128,CALENDAR,GROUP,"Leagues Cup, Group East 4",CUP,404108,Charlotte FC,Visita,2ND,27/07/2024,1,0,59%,0.00,0,3,3,4,,232,3,7,1,,0,0,0,3,2,1,0,,,,1,1,196,14,28,,15/25 (60%),3/13 (23%),44%,2,9/23 (39%),5/9 (56%),0/5 (0%),67%,3,2,17,3,,3,,,,,3
12575538,13783,59128,CALENDAR,GROUP,"Leagues Cup, Group East 4",CUP,39833,Philadelphia Union,Local,ALL,04/08/2024,3,1,40%,0.33,2,3,6,2,12,284,8,3,4,0,2,0,0,1,1,2,1,1,4,11,1,1,228,13,53,33/46 (72%),35/53 (66%),4/10 (40%),39%,6,36/103 (35%),16/28 (57%),8/16 (50%),64%,8,18,49,20,1,6,,1,,,11
12575538,13783,59128,CALENDAR,GROUP,"Leagues Cup, Group East 4",CUP,39833,Philadelphia Union,Local,1ST,04/08/2024,3,0,36%,0.00,1,2,2,1,,145,8,4,2,,0,0,2,0,2,0,0,1,,,1,1,100,7,22,,16/34 (47%),3/7 (43%),47%,2,13/32 (41%),9/15 (60%),1/9 (11%),75%,8,4,26,7,,2,,,,,6
12575538,13783,59128,CALENDAR,GROUP,"Leagues Cup, Group East 4",CUP,39833,Philadelphia Union,Local,2ND,04/08/2024,3,1,42%,0.00,1,2,3,1,,161,6,6,2,,1,0,1,0,1,1,1,0,,,0,1,129,6,31,,24/33 (73%),0/5 (0%),53%,4,17/34 (50%),7/11 (64%),5/8 (63%),50%,6,5,23,7,,3,,,,,5
12575538,13783,59128,CALENDAR,GROUP,"Leagues Cup, Group East 4",CUP,1947,Cruz Azul,Visita,ALL,04/08/2024,3,1,60%,1.61,2,17,2,3,10,483,1,4,3,0,7,1,8,1,5,12,0,2,2,18,4,2,408,20,65,42/55 (76%),38/49 (77%),0/8 (0%),40%,7,46/116 (40%),13/31 (42%),17/21 (81%),76%,1,12,48,10,1,2,,0,,,8
12575538,13783,59128,CALENDAR,GROUP,"Leagues Cup, Group East 4",CUP,1947,Cruz Azul,Visita,1ST,04/08/2024,3,1,64%,0.00,0,12,0,2,,277,10,5,0,,3,1,8,1,4,8,0,0,,,2,1,237,11,43,,26/37 (70%),0/6 (0%),53%,5,19/32 (59%),6/15 (40%),4/7 (57%),70%,10,3,27,5,,0,,,,,3
12575538,13783,59128,CALENDAR,GROUP,"Leagues Cup, Group East 4",CUP,1947,Cruz Azul,Visita,2ND,04/08/2024,3,0,58%,0.00,2,5,0,1,,213,7,6,3,,3,0,2,0,2,3,0,2,,,2,1,168,9,22,,21/35 (60%),1/8 (13%),47%,3,17/34 (50%),4/11 (36%),4/7 (57%),86%,7,1,21,4,,0,,,,,4
12649695,13783,59128,CALENDAR,REGULAR,Round of 32,CUP,39833,Philadelphia Union,Local,ALL,09/08/2024,6,2,46%,2.28,3,11,2,3,10,445,5,1,2,0,6,0,2,3,9,2,2,1,1,17,1,4,365,13,62,37/58 (64%),21/46 (45%),4/15 (26%),40%,2,36/92 (39%),14/32 (44%),16/24 (67%),82%,5,21,58,13,1,2,,,,,7
12649695,13783,59128,CALENDAR,REGULAR,Round of 32,CUP,39833,Philadelphia Union,Local,1ST,09/08/2024,6,1,57%,0.00,2,9,1,3,,272,5,2,0,,5,0,1,3,7,2,1,1,,,1,3,224,5,36,,14/27 (52%),2/11 (18%),57%,1,10/17 (59%),7/13 (54%),3/6 (50%),100%,5,4,32,1,,1,,,,,3
12649695,13783,59128,CALENDAR,REGULAR,Round of 32,CUP,39833,Philadelphia Union,Local,2ND,09/08/2024,6,1,34%,0.00,1,3,1,0,,157,12,4,2,,2,0,1,0,3,0,1,0,,,0,0,117,7,26,,14/34 (41%),1/2 (50%),53%,2,18/37 (49%),8/12 (67%),3/8 (38%),75%,12,9,26,11,,1,,,,,4
12649695,13783,59128,CALENDAR,REGULAR,Round of 32,CUP,22006,CF Montréal,Visita,ALL,09/08/2024,6,0,54%,0.60,2,7,5,2,6,525,2,3,0,0,2,0,3,2,5,2,0,2,0,9,4,0,453,18,72,46/62 (74%),28/45 (62%),4/14 (28%),41%,8,28/72 (39%),14/30 (47%),16/20 (80%),73%,2,21,47,10,1,5,,,,,8
12649695,13783,59128,CALENDAR,REGULAR,Round of 32,CUP,22006,CF Montréal,Visita,1ST,09/08/2024,6,0,43%,0.00,1,2,4,0,,212,4,2,0,,1,0,1,0,2,0,0,1,,,1,0,174,7,30,,10/24 (42%),1/5 (20%),43%,1,7/17 (41%),6/13 (46%),1/5 (20%),75%,4,4,25,9,,4,,,,,4
12649695,13783,59128,CALENDAR,REGULAR,Round of 32,CUP,22006,CF Montréal,Visita,2ND,09/08/2024,6,0,66%,0.00,1,6,1,2,,299,7,7,0,,1,0,2,3,4,2,0,1,,,3,0,262,11,42,,17/29 (59%),3/13 (23%),47%,9,19/37 (51%),4/12 (33%),5/8 (63%),71%,7,6,22,2,,1,,,,,4
12665268,13783,59128,CALENDAR,REGULAR,Round of 16,CUP,215167,FC Cincinnati,Local,ALL,13/08/2024,5,2,56%,4.08,4,21,2,5,9,540,2,1,1,0,8,1,8,4,16,5,2,2,1,29,0,2,463,16,84,50/65 (77%),12/25 (48%),6/16 (37%),41%,9,54/125 (43%),10/29 (34%),27/44 (61%),71%,2,20,54,6,1,2,,0,0,0,8
12665268,13783,59128,CALENDAR,REGULAR,Round of 16,CUP,215167,FC Cincinnati,Local,1ST,13/08/2024,5,0,47%,0.00,1,10,0,2,,231,8,3,1,,2,1,4,4,7,3,0,1,0,,0,2,200,9,40,,12/22 (55%),2/5 (40%),42%,10,17/43 (40%),3/5 (60%),6/15 (40%),88%,8,5,27,9,,0,,,,,4
12665268,13783,59128,CALENDAR,REGULAR,Round of 16,CUP,215167,FC Cincinnati,Local,2ND,13/08/2024,5,2,65%,0.00,3,10,2,3,,305,9,4,0,,6,1,4,0,8,2,2,1,0,,0,0,255,7,44,,18/28 (64%),3/10 (30%),45%,6,21/40 (53%),3/13 (23%),8/15 (53%),56%,9,6,27,3,,2,,,,,4
12665268,13783,59128,CALENDAR,REGULAR,Round of 16,CUP,39833,Philadelphia Union,Visita,ALL,13/08/2024,5,4,44%,1.55,1,14,7,1,6,410,5,1,0,0,6,1,3,4,8,6,0,1,6,19,1,4,332,12,50,33/47 (70%),25/47 (53%),4/15 (26%),36%,6,41/126 (33%),16/29 (55%),8/14 (57%),75%,5,29,61,25,1,7,,1,1,1,11
12665268,13783,59128,CALENDAR,REGULAR,Round of 16,CUP,39833,Philadelphia Union,Visita,1ST,13/08/2024,5,0,53%,0.00,1,7,2,0,,254,19,6,0,,0,0,4,3,3,4,0,1,0,,1,3,216,7,27,,22/35 (63%),1/7 (14%),58%,4,26/43 (60%),2/5 (40%),1/5 (20%),68%,19,7,34,4,,2,,,,,4
12665268,13783,59128,CALENDAR,REGULAR,Round of 16,CUP,39833,Philadelphia Union,Visita,2ND,13/08/2024,5,4,35%,0.00,0,10,4,1,,166,13,3,1,,6,1,3,1,6,4,0,0,1,,0,0,119,5,23,,12/32 (38%),1/2 (50%),55%,6,19/40 (48%),10/13 (77%),3/6 (50%),85%,13,13,27,15,,4,,,,,7
12686440,13783,59128,CALENDAR,REGULAR,Quarterfinals,CUP,39833,Philadelphia Union,Local,ALL,17/08/2024,27,1,38%,0.84,1,9,4,8,8,295,1,0,2,1,5,0,2,2,6,3,1,,1,12,0,0,230,11,44,36/45 (80%),34/51 (66%),2/13 (15%),37%,3,26/68 (38%),17/48 (35%),11/13 (85%),71%,1,20,40,8,6,4,,2,2,,9
12686440,13783,59128,CALENDAR,REGULAR,Quarterfinals,CUP,39833,Philadelphia Union,Local,1ST,17/08/2024,27,1,46%,0.00,1,4,3,4,,180,3,8,2,1,1,0,3,0,3,1,1,,1,,0,0,137,6,19,,9/31 (29%),3/9 (33%),45%,2,13/23 (57%),5/17 (29%),2/3 (67%),100%,3,8,25,8,,3,,,,,4
12686440,13783,59128,CALENDAR,REGULAR,Quarterfinals,CUP,39833,Philadelphia Union,Local,2ND,17/08/2024,27,0,25%,0.00,0,5,1,4,,101,14,11,1,0,4,0,1,0,3,2,0,,1,,0,0,65,5,25,,15/30 (50%),1/8 (13%),59%,4,25/34 (74%),4/15 (27%),0/2 (0%),64%,14,3,15,21,,1,,,,,4
12686440,13783,59128,CALENDAR,REGULAR,Quarterfinals,CUP,1946,Mazatlán FC,Visita,ALL,17/08/2024,27,1,62%,1.43,0,18,4,4,19,546,1,2,4,0,5,0,9,4,6,12,0,,2,24,3,1,475,21,78,66/79 (84%),27/41 (65%),11/35 (31%),43%,2,26/73 (36%),23/40 (57%),17/21 (81%),88%,1,10,45,5,1,4,,2,0,,3
12686440,13783,59128,CALENDAR,REGULAR,Quarterfinals,CUP,1946,Mazatlán FC,Visita,1ST,17/08/2024,27,0,54%,0.00,0,10,0,2,,212,3,6,2,0,3,0,5,2,4,6,0,,0,,2,0,177,11,40,,9/20 (45%),5/11 (45%),55%,3,10/23 (43%),12/17 (71%),1/1 (100%),67%,3,6,21,3,,0,,,,,2
12686440,13783,59128,CALENDAR,REGULAR,Quarterfinals,CUP,1946,Mazatlán FC,Visita,2ND,17/08/2024,27,1,75%,0.00,0,7,3,2,,303,5,2,2,0,2,1,3,2,3,4,0,,0,,1,1,273,10,38,,16/23 (70%),5/20 (25%),41%,10,9/34 (26%),11/15 (73%),1/5 (20%),100%,5,1,24,8,,3,,,,,1
12705900,13783,59128,CALENDAR,REGULAR,Semifinals,CUP,2504,Columbus Crew,Local,ALL,21/08/2024,28,3,57%,2.86,4,15,4,2,7,508,1,2,1,0,7,0,4,4,11,4,2,2,1,24,2,0,438,18,56,48/68 (71%),22/51 (43%),7/15 (46%),47%,5,45/95 (47%),12/26 (46%),22/26 (85%),83%,1,12,41,7,0,4,,0,1,1,4
12705900,13783,59128,CALENDAR,REGULAR,Semifinals,CUP,2504,Columbus Crew,Local,1ST,21/08/2024,28,2,55%,0.00,1,7,1,1,,247,3,4,0,,3,0,2,2,6,1,1,0,1,,1,0,204,12,32,,12/29 (41%),5/9 (56%),41%,6,10/22 (45%),4/12 (33%),3/4 (75%),67%,3,4,19,6,,1,,,,,2
12705900,13783,59128,CALENDAR,REGULAR,Semifinals,CUP,2504,Columbus Crew,Local,2ND,21/08/2024,28,1,56%,0.00,3,8,2,1,,270,3,6,1,,4,0,2,2,6,2,1,2,0,,1,0,231,6,24,,11/22 (50%),3/5 (60%),51%,9,13/28 (46%),6/9 (67%),4/4 (100%),100%,3,2,22,10,,2,,,,,2
12705900,13783,59128,CALENDAR,REGULAR,Semifinals,CUP,39833,Philadelphia Union,Visita,ALL,21/08/2024,28,1,43%,1.38,2,8,4,7,10,396,3,2,1,0,5,0,2,1,6,2,1,1,1,13,2,4,320,19,51,38/60 (63%),25/51 (49%),5/14 (35%),29%,2,24/99 (24%),13/27 (48%),13/18 (72%),50%,3,19,46,9,3,4,,2,0,0,5
12705900,13783,59128,CALENDAR,REGULAR,Semifinals,CUP,39833,Philadelphia Union,Visita,1ST,21/08/2024,28,1,45%,0.00,2,3,1,4,,199,7,4,0,,2,0,0,1,2,1,1,1,0,,0,2,158,9,25,,17/34 (50%),1/6 (17%),59%,0,12/22 (55%),8/12 (67%),1/4 (25%),43%,7,7,22,7,,1,,,,,4
12705900,13783,59128,CALENDAR,REGULAR,Semifinals,CUP,39833,Philadelphia Union,Visita,2ND,21/08/2024,28,0,44%,0.00,0,6,3,3,,202,9,3,1,,2,0,2,2,5,1,0,0,0,,2,2,165,10,26,,10/23 (43%),4/13 (31%),49%,1,15/28 (54%),3/9 (33%),3/5 (60%),56%,9,4,24,5,,3,,,,,1
12726867,13783,59128,CALENDAR,REGULAR,Match for 3rd place,CUP,39833,Philadelphia Union,Local,ALL,25/08/2024,50,2,55%,1.54,2,14,2,9,9,465,3,2,1,0,6,1,4,3,7,7,2,0,1,20,3,2,386,19,54,42/59 (71%),33/53 (62%),11/33 (33%),33%,4,31/97 (32%),10/25 (40%),9/10 (90%),53%,3,6,52,9,2,2,,1,0,0,6
12726867,13783,59128,CALENDAR,REGULAR,Match for 3rd place,CUP,39833,Philadelphia Union,Local,1ST,25/08/2024,50,2,66%,0.00,2,10,1,4,,276,10,4,1,,5,1,2,3,5,5,2,0,,,2,1,239,12,30,,25/32 (78%),1/15 (7%),51%,1,17/30 (57%),3/9 (33%),3/6 (50%),50%,10,2,25,1,,1,,,,,2
12726867,13783,59128,CALENDAR,REGULAR,Match for 3rd place,CUP,39833,Philadelphia Union,Local,2ND,25/08/2024,50,0,50%,0.00,0,7,0,5,,214,7,4,0,,1,0,5,1,4,3,0,0,,,1,1,166,8,24,,20/34 (59%),3/16 (19%),57%,2,13/22 (59%),7/13 (54%),2/5 (40%),57%,7,6,27,12,,0,,,,,5
12726867,13783,59128,CALENDAR,REGULAR,Match for 3rd place,CUP,2510,Colorado Rapids,Visita,ALL,25/08/2024,50,2,45%,1.30,2,11,4,7,7,355,4,2,0,0,4,1,4,2,7,4,1,1,0,25,3,0,309,16,50,31/45 (69%),22/40 (55%),8/11 (72%),35%,7,26/77 (34%),12/29 (41%),9/9 (100%),67%,4,20,50,21,0,4,,1,1,1,6
12726867,13783,59128,CALENDAR,REGULAR,Match for 3rd place,CUP,2510,Colorado Rapids,Visita,1ST,25/08/2024,50,1,34%,0.00,1,4,3,1,,147,4,5,1,,2,0,2,0,2,2,1,0,,,1,0,119,3,11,,12/19 (63%),0/2 (0%),49%,5,13/30 (43%),6/9 (67%),4/9 (44%),75%,4,7,23,14,,3,,,,,2
12726867,13783,59128,CALENDAR,REGULAR,Match for 3rd place,CUP,2510,Colorado Rapids,Visita,2ND,25/08/2024,50,1,50%,0.00,1,6,1,6,,213,5,4,0,,1,1,3,2,4,2,0,1,,,2,0,169,13,39,,9/26 (35%),3/14 (21%),43%,1,9/22 (41%),6/13 (46%),0/6 (0%),60%,5,7,27,9,,1,,,,,7
12719212,242,57317,CALENDAR,REGULAR_SEASON,Regular Season,LEAGUE,39833,Philadelphia Union,Local,ALL,28/08/2024,,0,44%,1.22,3,11,6,8,14,403,13,9,1,,3,2,7,1,9,2,0,3,0,22,3,2,338,10,43,79/114 (69%),31/53 (58%),9/24 (38%),40%,5,24/58 (41%),8/22 (36%),3/11 (27%),38%,13,5,47,15,,6,0.95,2,1,,4
12719212,242,57317,CALENDAR,REGULAR_SEASON,Regular Season,LEAGUE,39833,Philadelphia Union,Local,1ST,28/08/2024,,0,40%,1.01,2,8,2,5,,180,8,4,1,,1,2,6,1,7,1,0,2,0,,1,1,152,7,21,,13/23 (57%),6/14 (43%),41%,4,12/34 (35%),8/15 (53%),1/7 (14%),38%,8,2,23,9,,2,,,,,1
12719212,242,57317,CALENDAR,REGULAR_SEASON,Regular Season,LEAGUE,39833,Philadelphia Union,Local,2ND,28/08/2024,,0,49%,0.22,1,3,4,3,,223,5,5,0,,2,0,1,0,2,1,0,1,0,,2,1,186,3,22,,18/30 (60%),3/10 (30%),39%,1,12/24 (50%),0/7 (0%),2/4 (50%),40%,5,3,24,6,,4,,,,,3
12719212,242,57317,CALENDAR,REGULAR_SEASON,Regular Season,LEAGUE,2504,Columbus Crew,Visita,ALL,28/08/2024,,1,56%,1.26,3,11,3,6,10,533,13,14,3,,7,0,3,1,7,4,1,2,1,14,2,4,477,16,50,93/117 (79%),21/33 (64%),4/16 (25%),60%,5,34/58 (59%),14/22 (64%),8/16 (50%),62%,13,8,48,14,,3,0.92,0,1,,5
12719212,242,57317,CALENDAR,REGULAR_SEASON,Regular Season,LEAGUE,2504,Columbus Crew,Visita,1ST,28/08/2024,,0,60%,0.26,0,4,1,2,,292,10,6,1,,2,0,2,0,2,2,0,0,0,,1,1,262,9,26,,10/14 (71%),2/8 (25%),59%,5,22/34 (65%),7/15 (47%),6/9 (67%),70%,10,4,24,9,,1,,,,,3
12719212,242,57317,CALENDAR,REGULAR_SEASON,Regular Season,LEAGUE,2504,Columbus Crew,Visita,2ND,28/08/2024,,1,51%,1.00,3,7,2,4,,241,3,8,2,,5,0,1,1,5,2,1,2,1,,1,3,215,7,24,,11/19 (58%),2/8 (25%),61%,0,12/24 (50%),7/7 (100%),2/7 (29%),33%,3,4,24,5,,2,,,,,2
12000899,242,57317,CALENDAR,REGULAR_SEASON,Regular Season,LEAGUE,2506,New York Red Bulls,Local,ALL,31/08/2024,,0,59%,1.61,2,21,5,10,2,539,13,9,0,,4,5,11,6,15,6,,2,2,31,,1,445,28,77,127/174 (73%),34/61 (56%),8/25 (32%),57%,8,38/63 (60%),15/30 (50%),16/26 (62%),54%,13,5,64,10,1,5,-0.80,1,1,1,3
12000899,242,57317,CALENDAR,REGULAR_SEASON,Regular Season,LEAGUE,2506,New York Red Bulls,Local,1ST,31/08/2024,,0,51%,0.72,2,7,2,5,,208,5,3,0,,3,1,2,2,5,2,,2,1,,,1,172,14,29,,13/21 (62%),1/11 (9%),50%,5,13/27 (48%),10/19 (53%),5/9 (56%),80%,5,2,29,7,,2,,,,,0
12000899,242,57317,CALENDAR,REGULAR_SEASON,Regular Season,LEAGUE,2506,New York Red Bulls,Local,2ND,31/08/2024,,0,66%,0.89,0,14,3,5,,331,8,6,0,,1,4,9,4,10,4,,0,1,,,0,273,14,48,,21/40 (53%),7/14 (50%),64%,3,25/36 (69%),5/11 (45%),11/17 (65%),38%,8,3,35,3,,3,,,,,3
12000899,242,57317,CALENDAR,REGULAR_SEASON,Regular Season,LEAGUE,39833,Philadelphia Union,Visita,ALL,31/08/2024,,2,41%,2.38,3,12,4,5,9,391,18,2,2,,7,1,5,0,8,4,,3,0,18,,0,285,18,58,80/131 (61%),26/74 (35%),2/9 (22%),43%,8,25/63 (40%),15/30 (50%),5/10 (50%),67%,18,9,55,27,0,4,0.61,0,0,0,15
12000899,242,57317,CALENDAR,REGULAR_SEASON,Regular Season,LEAGUE,39833,Philadelphia Union,Visita,1ST,31/08/2024,,2,49%,0.26,0,4,3,4,,215,9,2,0,,4,0,0,0,2,2,,0,0,,,0,162,10,28,,15/39 (38%),0/6 (0%),50%,4,14/27 (52%),9/19 (47%),3/4 (75%),78%,9,3,21,18,,3,,,,,7
12000899,242,57317,CALENDAR,REGULAR_SEASON,Regular Season,LEAGUE,39833,Philadelphia Union,Visita,2ND,31/08/2024,,0,34%,2.13,3,8,1,1,,176,9,0,2,,3,1,5,0,6,2,,3,0,,,0,123,8,30,,11/35 (31%),2/3 (67%),36%,4,11/36 (31%),6/11 (55%),2/6 (33%),56%,9,6,34,9,,1,,,,,8
12000726,242,57317,CALENDAR,REGULAR_SEASON,Regular Season,LEAGUE,337602,Inter Miami CF,Local,ALL,14/09/2024,,3,63%,1.07,1,9,7,5,8,613,12,13,4,,4,0,1,4,7,2,1,0,1,21,2,4,541,19,49,101/133 (76%),34/53 (64%),3/16 (19%),44%,12,30/59 (51%),4/18 (22%),5/8 (63%),50%,12,4,49,12,2,7,0.67,1,2,1,10
12000726,242,57317,CALENDAR,REGULAR_SEASON,Regular Season,LEAGUE,337602,Inter Miami CF,Local,1ST,14/09/2024,,2,67%,0.76,1,6,5,2,,356,6,5,1,,3,0,0,3,5,1,1,0,1,,1,1,313,10,30,,22/32 (69%),1/11 (9%),40%,8,13/29 (45%),1/6 (17%),2/4 (50%),50%,6,3,30,4,,5,,,,,3
12000726,242,57317,CALENDAR,REGULAR_SEASON,Regular Season,LEAGUE,337602,Inter Miami CF,Local,2ND,14/09/2024,,1,58%,0.30,0,3,2,3,,257,6,8,3,,1,0,1,1,2,1,0,0,0,,1,3,228,9,19,,12/21 (57%),2/5 (40%),48%,4,17/30 (57%),3/12 (25%),3/4 (75%),50%,6,1,19,8,,2,,,,,7
12000726,242,57317,CALENDAR,REGULAR_SEASON,Regular Season,LEAGUE,39833,Philadelphia Union,Visita,ALL,14/09/2024,,1,37%,1.96,5,22,1,4,13,354,15,7,2,,8,0,7,7,13,9,0,5,1,22,2,1,297,9,51,77/106 (73%),29/43 (67%),4/17 (24%),56%,5,29/59 (49%),14/18 (78%),7/14 (50%),60%,15,17,51,21,0,1,-0.86,1,0,1,2
12000726,242,57317,CALENDAR,REGULAR_SEASON,Regular Season,LEAGUE,39833,Philadelphia Union,Visita,1ST,14/09/2024,,1,33%,0.80,3,11,1,2,,173,10,3,0,,6,0,2,3,7,4,0,3,0,,1,1,138,7,27,,13/23 (57%),2/7 (29%),60%,3,16/29 (55%),5/6 (83%),3/6 (50%),60%,10,10,32,13,,1,,,,,1
12000726,242,57317,CALENDAR,REGULAR_SEASON,Regular Season,LEAGUE,39833,Philadelphia Union,Visita,2ND,14/09/2024,,0,42%,1.16,2,11,0,2,,181,5,4,2,,2,0,5,4,6,5,0,2,1,,1,0,159,2,24,,16/20 (80%),2/10 (20%),52%,2,13/30 (43%),9/12 (75%),4/8 (50%),60%,5,7,19,8,,0,,,,,1
12000739,242,57317,CALENDAR,REGULAR_SEASON,Regular Season,LEAGUE,187643,New York City FC,Local,ALL,18/09/2024,,1,64%,3.11,5,26,2,12,16,603,7,8,2,,9,2,9,8,18,8,1,4,2,38,,2,515,39,65,148/201 (74%),22/41 (54%),11/27 (41%),45%,9,19/55 (35%),25/42 (60%),5/15 (33%),43%,7,2,43,11,,2,-2.07,0,,0,3
12000739,242,57317,CALENDAR,REGULAR_SEASON,Regular Season,LEAGUE,187643,New York City FC,Local,1ST,18/09/2024,,1,61%,1.00,2,8,1,3,,312,4,5,0,,2,0,3,3,5,3,1,1,1,,,1,271,15,30,,10/22 (45%),3/6 (50%),41%,6,9/27 (33%),10/19 (53%),0/5 (0%),25%,4,2,18,8,,1,,,,,1
12000739,242,57317,CALENDAR,REGULAR_SEASON,Regular Season,LEAGUE,187643,New York City FC,Local,2ND,18/09/2024,,0,68%,2.12,3,18,1,9,,291,3,3,2,,7,2,6,5,13,5,0,3,1,,,1,244,24,35,,12/19 (63%),8/21 (38%),49%,3,10/28 (36%),15/23 (65%),5/10 (50%),67%,3,0,25,3,,1,,,,,2
12000739,242,57317,CALENDAR,REGULAR_SEASON,Regular Season,LEAGUE,39833,Philadelphia Union,Visita,ALL,18/09/2024,,5,36%,1.76,2,12,7,4,10,338,19,16,1,,7,0,2,3,9,3,2,0,1,19,,2,247,17,57,74/114 (65%),18/64 (28%),7/17 (41%),55%,6,36/55 (65%),17/42 (40%),1/2 (50%),58%,19,14,48,24,,7,0.88,3,,1,10
12000739,242,57317,CALENDAR,REGULAR_SEASON,Regular Season,LEAGUE,39833,Philadelphia Union,Visita,1ST,18/09/2024,,3,39%,1.20,2,6,1,3,,195,11,7,1,,4,0,1,1,5,1,2,0,0,,,2,145,12,32,,13/36 (36%),4/12 (33%),59%,3,18/27 (67%),9/19 (47%),0/1 (0%),55%,11,4,24,6,,1,,,,,4
12000739,242,57317,CALENDAR,REGULAR_SEASON,Regular Season,LEAGUE,39833,Philadelphia Union,Visita,2ND,18/09/2024,,2,32%,0.56,0,6,6,1,,143,8,9,0,,3,0,1,2,4,2,0,0,1,,,0,102,5,25,,5/28 (18%),3/5 (60%),51%,3,18/28 (64%),8/23 (35%),1/1 (100%),63%,8,10,24,18,,6,,,,,6
12000769,242,57317,CALENDAR,REGULAR_SEASON,Regular Season,LEAGUE,39833,Philadelphia Union,Local,ALL,22/09/2024,,4,50%,3.53,7,17,4,4,12,398,17,23,0,,9,2,5,3,9,8,3,4,,33,4,3,325,12,53,77/109 (71%),30/58 (52%),3/14 (21%),57%,7,45/75 (60%),11/23 (48%),7/14 (50%),59%,17,10,51,24,,4,0.88,2,2,0,6
12000769,242,57317,CALENDAR,REGULAR_SEASON,Regular Season,LEAGUE,39833,Philadelphia Union,Local,1ST,22/09/2024,,2,54%,1.20,2,7,2,1,,247,11,10,0,,3,0,3,1,4,3,1,1,,,2,1,209,8,32,,18/30 (60%),1/5 (20%),57%,6,22/39 (56%),4/7 (57%),2/6 (33%),55%,11,3,27,10,,2,,,,,3
12000769,242,57317,CALENDAR,REGULAR_SEASON,Regular Season,LEAGUE,39833,Philadelphia Union,Local,2ND,22/09/2024,,2,44%,2.33,5,10,2,3,,151,6,13,0,,6,2,2,2,5,5,2,3,,,2,2,116,4,21,,12/28 (43%),2/9 (22%),58%,1,23/36 (64%),7/16 (44%),5/8 (63%),67%,6,7,24,14,,2,,,,,3
12000769,242,57317,CALENDAR,REGULAR_SEASON,Regular Season,LEAGUE,2502,DC United,Visita,ALL,22/09/2024,,0,50%,0.85,1,16,5,5,25,392,14,12,2,,4,1,7,5,9,7,0,1,,33,0,2,327,8,41,120/155 (77%),21/46 (46%),7/27 (26%),43%,10,30/75 (40%),12/23 (52%),6/13 (46%),79%,14,7,48,17,,5,0.59,1,0,1,8
12000769,242,57317,CALENDAR,REGULAR_SEASON,Regular Season,LEAGUE,2502,DC United,Visita,1ST,22/09/2024,,0,46%,0.35,0,7,1,0,,205,10,6,1,,2,0,4,1,3,4,0,0,,,0,1,173,5,14,,9/24 (38%),2/9 (22%),43%,7,17/39 (44%),3/7 (43%),1/5 (20%),70%,10,5,29,3,,1,,,,,4
12000769,242,57317,CALENDAR,REGULAR_SEASON,Regular Season,LEAGUE,2502,DC United,Visita,2ND,22/09/2024,,0,56%,0.50,1,9,4,5,,187,4,6,1,,2,1,3,4,6,3,0,1,,,0,1,154,3,27,,12/22 (55%),5/18 (28%),42%,3,13/36 (36%),9/16 (56%),5/8 (63%),100%,4,2,19,14,,4,,,,,4
12000779,242,57317,CALENDAR,REGULAR_SEASON,Regular Season,LEAGUE,39833,Philadelphia Union,Local,ALL,28/09/2024,,1,51%,0.87,1,22,0,8,8,445,11,6,2,,7,0,10,5,8,14,0,1,1,27,1,2,370,20,75,152/190 (80%),39/69 (57%),6/32 (19%),50%,6,19/42 (45%),13/22 (59%),2/8 (25%),64%,11,8,47,15,,0,-0.01,0,0,1,10
12000779,242,57317,CALENDAR,REGULAR_SEASON,Regular Season,LEAGUE,39833,Philadelphia Union,Local,1ST,28/09/2024,,0,51%,0.23,0,7,0,4,,232,6,2,0,,1,0,4,2,3,4,0,0,1,,0,1,190,11,38,,15/32 (47%),3/20 (15%),47%,5,9/21 (43%),5/9 (56%),1/3 (33%),67%,6,5,28,1,,0,,,,,5
12000779,242,57317,CALENDAR,REGULAR_SEASON,Regular Season,LEAGUE,39833,Philadelphia Union,Local,2ND,28/09/2024,,1,52%,0.64,1,15,0,4,,213,5,4,2,,6,0,6,3,5,10,0,1,0,,1,1,180,9,37,,24/37 (65%),3/12 (25%),53%,1,10/21 (48%),8/13 (62%),1/5 (20%),60%,5,3,19,14,,0,,,,,5
12000779,242,57317,CALENDAR,REGULAR_SEASON,Regular Season,LEAGUE,243211,Atlanta United,Visita,ALL,28/09/2024,,1,49%,1.45,3,11,7,9,8,432,12,8,1,,1,0,5,5,7,4,1,2,1,26,0,1,361,19,54,89/132 (67%),24/50 (48%),6/20 (30%),50%,4,23/42 (55%),9/22 (41%),3/10 (30%),42%,12,7,45,33,,7,0.53,4,1,0,9
12000779,242,57317,CALENDAR,REGULAR_SEASON,Regular Season,LEAGUE,243211,Atlanta United,Visita,1ST,28/09/2024,,0,49%,0.72,2,5,2,1,,240,7,4,0,,0,0,2,3,3,2,0,2,0,,0,1,205,10,30,,10/22 (45%),4/6 (67%),53%,3,12/21 (57%),4/9 (44%),1/4 (25%),29%,7,4,24,18,,2,,,,,5
12000779,242,57317,CALENDAR,REGULAR_SEASON,Regular Season,LEAGUE,243211,Atlanta United,Visita,2ND,28/09/2024,,1,48%,0.72,1,6,5,8,,192,5,4,1,,1,0,3,2,4,2,1,0,1,,0,0,156,9,24,,14/28 (50%),2/14 (14%),47%,1,11/21 (52%),5/13 (38%),2/6 (33%),60%,5,3,21,15,,5,,,,,4
12000794,242,57317,CALENDAR,REGULAR_SEASON,Regular Season,LEAGUE,52237,Orlando City SC,Local,ALL,02/10/2024,,2,53%,2.23,5,18,1,3,7,449,2,9,4,,6,0,6,6,10,8,1,4,3,23,2,1,393,15,57,132/157 (84%),28/45 (62%),3/14 (21%),40%,7,16/42 (38%),8/18 (44%),5/16 (31%),50%,2,7,48,19,,1,-0.32,0,1,,9
12000794,242,57317,CALENDAR,REGULAR_SEASON,Regular Season,LEAGUE,52237,Orlando City SC,Local,1ST,02/10/2024,,0,64%,1.09,2,9,0,1,,281,2,5,1,,0,0,4,5,4,5,0,2,0,,2,0,256,8,32,,20/24 (83%),2/10 (20%),38%,3,8/22 (36%),4/10 (40%),1/8 (13%),50%,2,4,25,7,,0,,,,,4
12000794,242,57317,CALENDAR,REGULAR_SEASON,Regular Season,LEAGUE,52237,Orlando City SC,Local,2ND,02/10/2024,,2,41%,1.14,3,9,1,2,,168,0,4,3,,6,0,2,1,6,3,1,2,3,,0,1,137,7,25,,8/21 (38%),1/4 (25%),43%,4,8/20 (40%),4/8 (50%),4/8 (50%),0%,0,3,23,12,,1,,,,,5
12000794,242,57317,CALENDAR,REGULAR_SEASON,Regular Season,LEAGUE,39833,Philadelphia Union,Visita,ALL,02/10/2024,,1,47%,2.22,4,15,4,8,9,387,18,7,3,,2,0,8,5,12,3,0,4,0,24,2,3,327,13,62,97/131 (74%),38/62 (61%),8/27 (30%),60%,2,26/42 (62%),10/18 (56%),2/2 (100%),72%,18,5,43,7,,4,0.26,2,0,,12
12000794,242,57317,CALENDAR,REGULAR_SEASON,Regular Season,LEAGUE,39833,Philadelphia Union,Visita,1ST,02/10/2024,,0,36%,0.92,1,7,0,2,,157,10,5,0,,0,0,4,3,6,1,0,1,0,,1,3,126,9,26,,19/31 (61%),1/5 (20%),62%,2,14/22 (64%),6/10 (60%),0/0 (0%),70%,10,2,21,4,,0,,,,,8
12000794,242,57317,CALENDAR,REGULAR_SEASON,Regular Season,LEAGUE,39833,Philadelphia Union,Visita,2ND,02/10/2024,,1,59%,1.30,3,8,4,6,,230,8,2,3,,2,0,4,2,6,2,0,3,0,,1,0,201,4,36,,19/31 (61%),7/22 (32%),57%,0,12/20 (60%),4/8 (50%),2/2 (100%),75%,8,3,22,3,,4,,,,,4
12000811,242,57317,CALENDAR,REGULAR_SEASON,Regular Season,LEAGUE,2504,Columbus Crew,Local,ALL,05/10/2024,,3,62%,1.32,4,20,4,9,9,583,12,6,2,,10,0,5,5,13,7,2,2,,35,2,,509,18,64,136/173 (79%),23/52 (44%),6/22 (27%),46%,12,25/56 (45%),11/23 (48%),7/15 (47%),83%,12,9,59,16,,4,-0.23,0,1,0,7
12000811,242,57317,CALENDAR,REGULAR_SEASON,Regular Season,LEAGUE,2504,Columbus Crew,Local,1ST,05/10/2024,,2,64%,0.91,3,12,3,4,,295,5,4,1,,7,0,4,1,8,4,1,2,,,2,,252,11,35,,10/24 (42%),4/11 (36%),42%,8,13/31 (42%),5/12 (42%),4/9 (44%),60%,5,2,30,8,,3,,,,,4
12000811,242,57317,CALENDAR,REGULAR_SEASON,Regular Season,LEAGUE,2504,Columbus Crew,Local,2ND,05/10/2024,,1,59%,0.40,1,8,1,5,,288,7,2,1,,3,0,1,4,5,3,1,0,,,0,,257,7,29,,13/28 (46%),2/11 (18%),50%,4,12/25 (48%),6/11 (55%),3/6 (50%),100%,7,7,29,8,,1,,,,,3
12000811,242,57317,CALENDAR,REGULAR_SEASON,Regular Season,LEAGUE,39833,Philadelphia Union,Visita,ALL,05/10/2024,,2,38%,1.00,2,11,7,2,6,361,20,9,0,,6,0,4,1,4,7,1,1,,16,2,,270,20,59,60/108 (56%),33/62 (53%),5/13 (38%),54%,10,31/56 (55%),12/23 (52%),2/4 (50%),40%,20,16,50,16,,7,0.29,1,0,1,9
12000811,242,57317,CALENDAR,REGULAR_SEASON,Regular Season,LEAGUE,39833,Philadelphia Union,Visita,1ST,05/10/2024,,1,36%,0.58,1,6,5,1,,164,13,5,0,,4,0,1,1,3,3,1,0,,,1,,113,8,23,,15/32 (47%),2/7 (29%),58%,5,18/31 (58%),7/12 (58%),0/0 (0%),38%,13,11,25,11,,5,,,,,4
12000811,242,57317,CALENDAR,REGULAR_SEASON,Regular Season,LEAGUE,39833,Philadelphia Union,Visita,2ND,05/10/2024,,1,41%,0.42,1,5,2,1,,197,7,4,0,,2,0,3,0,1,4,0,1,,,1,,157,12,36,,18/30 (60%),3/6 (50%),50%,5,13/25 (52%),5/11 (45%),2/4 (50%),43%,7,5,25,5,,2,,,,,5
12000831,242,57317,CALENDAR,REGULAR_SEASON,Regular Season,LEAGUE,39833,Philadelphia Union,Local,ALL,19/10/2024,,1,43%,0.81,1,14,4,3,16,409,18,18,3,,3,0,4,7,7,7,,1,1,12,4,0,303,24,64,69/117 (59%),23/68 (34%),2/10 (20%),53%,7,37/68 (54%),16/32 (50%),2/6 (33%),56%,18,17,65,14,,4,0.04,0,0,0,5
12000831,242,57317,CALENDAR,REGULAR_SEASON,Regular Season,LEAGUE,39833,Philadelphia Union,Local,1ST,19/10/2024,,1,33%,0.35,1,5,3,0,,161,9,7,1,,3,0,0,2,3,2,,1,1,,0,0,114,10,27,,10/37 (27%),0/3 (0%),49%,2,17/31 (55%),4/12 (33%),1/3 (33%),67%,9,8,31,10,,3,,,,,3
12000831,242,57317,CALENDAR,REGULAR_SEASON,Regular Season,LEAGUE,39833,Philadelphia Union,Local,2ND,19/10/2024,,0,54%,0.45,0,9,1,3,,248,9,11,2,,0,0,4,5,4,5,,0,0,,4,0,189,14,37,,13/31 (42%),2/7 (29%),56%,5,20/37 (54%),12/20 (60%),1/3 (33%),44%,9,9,34,4,,1,,,,,2
12000831,242,57317,CALENDAR,REGULAR_SEASON,Regular Season,LEAGUE,215167,FC Cincinnati,Visita,ALL,19/10/2024,,2,57%,1.49,4,11,2,1,18,553,11,15,3,,5,0,2,4,6,5,,4,1,29,2,4,458,18,71,129/176 (73%),22/57 (39%),1/2 (50%),47%,5,31/68 (46%),16/32 (50%),7/20 (35%),91%,11,12,57,24,,2,-0.08,2,3,2,5
12000831,242,57317,CALENDAR,REGULAR_SEASON,Regular Season,LEAGUE,215167,FC Cincinnati,Visita,1ST,19/10/2024,,1,67%,1.06,3,9,2,0,,336,4,5,0,,4,0,2,3,4,5,,3,0,,1,1,296,9,45,,14/24 (58%),1/2 (50%),51%,2,14/31 (45%),8/12 (67%),5/12 (42%),75%,4,5,25,7,,2,,,,,3
12000831,242,57317,CALENDAR,REGULAR_SEASON,Regular Season,LEAGUE,215167,FC Cincinnati,Visita,2ND,19/10/2024,,1,46%,0.43,1,2,0,1,,217,7,10,3,,1,0,0,1,2,0,,1,1,,1,3,162,9,26,,8/33 (24%),0/0 (0%),44%,3,17/37 (46%),8/20 (40%),2/8 (25%),100%,7,7,32,17,,0,,,,,2
13268301,242,70158,CALENDAR,REGULAR_SEASON,Regular Season,LEAGUE,52237,Orlando City SC,Local,ALL,22/02/2025,,2,55%,2.49,8,22,0,7,6,492,17,20,1,,9,3,8,5,16,6,2,6,,31,3,0,418,26,55,92/118 (78%),27/51 (53%),7/27 (26%),57%,7,41/68 (60%),13/26 (50%),7/14 (50%),53%,17,8,37,22,0,0,-1.65,0,0,,2
13268301,242,70158,CALENDAR,REGULAR_SEASON,Regular Season,LEAGUE,52237,Orlando City SC,Local,1ST,22/02/2025,,1,51%,0.35,1,9,0,3,,225,8,8,1,,3,0,4,2,5,4,1,0,,,2,0,185,13,24,,13/26 (50%),2/10 (20%),59%,3,20/32 (63%),3/7 (43%),5/8 (63%),38%,8,3,18,12,,0,,,,,1
13268301,242,70158,CALENDAR,REGULAR_SEASON,Regular Season,LEAGUE,52237,Orlando City SC,Local,2ND,22/02/2025,,1,58%,2.13,7,13,0,4,,267,9,12,0,,6,3,4,3,11,2,1,6,,,1,0,233,13,31,,14/25 (56%),5/17 (29%),56%,4,21/36 (58%),10/19 (53%),2/6 (33%),67%,9,5,19,10,,0,,,,,1
13268301,242,70158,CALENDAR,REGULAR_SEASON,Regular Season,LEAGUE,39833,Philadelphia Union,Visita,ALL,22/02/2025,,4,45%,1.83,3,11,5,8,20,411,14,6,2,,4,0,3,4,7,4,3,0,,17,1,2,328,17,49,76/113 (67%),19/52 (37%),8/17 (47%),43%,6,27/68 (40%),13/26 (50%),7/18 (39%),93%,14,9,51,30,2,5,0.04,2,4,,3
13268301,242,70158,CALENDAR,REGULAR_SEASON,Regular Season,LEAGUE,39833,Philadelphia Union,Visita,1ST,22/02/2025,,1,49%,1.04,1,7,2,4,,216,6,3,1,,1,0,3,3,5,2,1,0,,,0,2,178,11,21,,6/22 (27%),6/10 (60%),41%,3,12/32 (38%),4/7 (57%),3/8 (38%),100%,6,1,20,13,,2,,,,,3
13268301,242,70158,CALENDAR,REGULAR_SEASON,Regular Season,LEAGUE,39833,Philadelphia Union,Visita,2ND,22/02/2025,,3,42%,0.79,2,4,3,4,,195,8,3,1,,3,0,0,1,2,2,2,0,,,1,0,150,6,28,,13/30 (43%),2/7 (29%),44%,3,15/36 (42%),9/19 (47%),4/10 (40%),88%,8,8,31,17,,3,,,,,0
13268316,242,70158,CALENDAR,REGULAR_SEASON,Regular Season,LEAGUE,39833,Philadelphia Union,Local,ALL,01/03/2025,,4,53%,3.20,5,14,2,7,7,530,29,9,0,,7,0,3,4,9,5,4,1,1,18,1,3,409,17,82,103/158 (65%),20/68 (29%),2/25 (8%),57%,10,49/78 (63%),12/29 (41%),11/19 (58%),52%,29,21,70,21,,2,-0.62,,,0,5
13268316,242,70158,CALENDAR,REGULAR_SEASON,Regular Season,LEAGUE,39833,Philadelphia Union,Local,1ST,01/03/2025,,2,49%,1.11,2,5,1,0,,257,8,5,0,,3,0,1,1,3,2,2,0,0,,0,2,195,8,37,,7/32 (22%),1/5 (20%),54%,7,19/34 (56%),7/14 (50%),6/8 (75%),38%,8,11,37,9,,1,,,,,1
13268316,242,70158,CALENDAR,REGULAR_SEASON,Regular Season,LEAGUE,39833,Philadelphia Union,Local,2ND,01/03/2025,,2,57%,2.09,3,9,1,7,,273,21,4,0,,4,0,2,3,6,3,2,1,1,,1,1,214,9,45,,13/36 (36%),1/20 (5%),59%,3,30/44 (68%),5/15 (33%),5/11 (45%),57%,21,10,33,12,,1,,,,,4
13268316,242,70158,CALENDAR,REGULAR_SEASON,Regular Season,LEAGUE,215167,FC Cincinnati,Visita,ALL,01/03/2025,,1,47%,1.06,2,7,3,2,9,479,18,7,1,,2,1,2,3,6,1,0,2,0,11,2,6,368,29,44,48/81 (59%),15/46 (33%),0/9 (0%),43%,17,29/78 (37%),17/29 (59%),4/16 (25%),67%,18,8,60,44,,3,-0.05,,,1,6
13268316,242,70158,CALENDAR,REGULAR_SEASON,Regular Season,LEAGUE,215167,FC Cincinnati,Visita,1ST,01/03/2025,,0,51%,0.02,0,1,1,2,,267,9,6,0,,0,0,0,1,1,0,0,0,0,,2,4,204,15,27,,7/24 (29%),0/6 (0%),46%,5,15/34 (44%),7/14 (50%),0/3 (0%),67%,9,3,31,15,,1,,,,,4
13268316,242,70158,CALENDAR,REGULAR_SEASON,Regular Season,LEAGUE,215167,FC Cincinnati,Visita,2ND,01/03/2025,,1,43%,1.04,2,6,2,0,,212,9,1,1,,2,1,2,2,5,1,0,2,0,,0,2,164,14,17,,8/22 (36%),0/3 (0%),41%,12,14/44 (32%),10/15 (67%),4/13 (31%),67%,9,5,29,29,,2,,,,,2
13268330,242,70158,CALENDAR,REGULAR_SEASON,Regular Season,LEAGUE,2511,New England Revolution,Local,ALL,08/03/2025,,0,49%,0.36,0,8,5,4,12,459,16,21,2,,1,0,5,2,3,5,0,0,,25,1,3,361,19,51,93/134 (69%),18/48 (38%),0/16 (0%),48%,15,51/95 (54%),9/29 (31%),14/22 (64%),56%,16,10,61,40,,5,-0.12,1,,,9
13268330,242,70158,CALENDAR,REGULAR_SEASON,Regular Season,LEAGUE,2511,New England Revolution,Local,1ST,08/03/2025,,0,56%,0.30,0,6,3,1,,289,11,10,0,,0,0,4,2,3,3,0,0,,,0,0,237,7,28,,10/22 (45%),0/7 (0%),52%,12,32/59 (54%),4/10 (40%),11/18 (61%),55%,11,7,33,15,,3,,,,,7
13268330,242,70158,CALENDAR,REGULAR_SEASON,Regular Season,LEAGUE,2511,New England Revolution,Local,2ND,08/03/2025,,0,41%,0.06,0,2,2,3,,170,5,11,2,,1,0,1,0,0,2,0,0,,,1,3,124,12,23,,8/26 (31%),0/9 (0%),44%,3,19/36 (53%),5/19 (26%),3/4 (75%),60%,5,3,28,25,,2,,,,,2
13268330,242,70158,CALENDAR,REGULAR_SEASON,Regular Season,LEAGUE,39833,Philadelphia Union,Visita,ALL,08/03/2025,,2,51%,1.23,2,19,1,5,21,479,23,12,3,,7,1,7,5,11,8,1,1,,42,3,3,389,15,75,125/174 (72%),23/49 (47%),4/20 (20%),52%,12,44/95 (46%),20/29 (69%),9/13 (69%),83%,23,8,61,37,,1,0.13,1,,,7
13268330,242,70158,CALENDAR,REGULAR_SEASON,Regular Season,LEAGUE,39833,Philadelphia Union,Visita,1ST,08/03/2025,,0,44%,0.55,1,8,0,3,,231,19,4,1,,3,0,3,2,5,3,0,1,,,0,1,183,4,35,,7/20 (35%),2/9 (22%),48%,8,27/59 (46%),6/10 (60%),4/7 (57%),79%,19,1,33,17,,0,,,,,4
13268330,242,70158,CALENDAR,REGULAR_SEASON,Regular Season,LEAGUE,39833,Philadelphia Union,Visita,2ND,08/03/2025,,2,59%,0.67,1,11,1,2,,248,4,8,2,,4,1,4,3,6,5,1,0,,,3,2,206,11,40,,16/29 (55%),2/11 (18%),56%,4,17/36 (47%),14/19 (74%),5/6 (83%),100%,4,7,28,20,,1,,,,,3
13268355,242,70158,CALENDAR,REGULAR_SEASON,Regular Season,LEAGUE,39833,Philadelphia Union,Local,ALL,16/03/2025,,1,61%,2.03,3,11,1,7,11,443,25,19,2,1,5,0,3,3,8,3,0,3,1,16,4,0,341,24,74,58/118 (49%),27/65 (42%),2/29 (7%),54%,7,48/79 (61%),15/37 (41%),4/12 (33%),68%,25,8,50,30,2,1,-1.18,1,0,,6
13268355,242,70158,CALENDAR,REGULAR_SEASON,Regular Season,LEAGUE,39833,Philadelphia Union,Local,1ST,16/03/2025,,1,64%,0.64,0,6,1,4,,245,9,9,0,0,2,0,1,3,4,2,0,0,1,,2,0,204,9,30,,15/30 (50%),1/15 (7%),57%,4,18/29 (62%),6/13 (46%),0/3 (0%),78%,9,2,25,10,,1,,,,,4
13268355,242,70158,CALENDAR,REGULAR_SEASON,Regular Season,LEAGUE,39833,Philadelphia Union,Local,2ND,16/03/2025,,0,58%,1.39,3,5,0,3,,198,16,10,2,1,3,0,2,0,4,1,0,3,0,,2,0,137,15,44,,12/35 (34%),1/14 (7%),53%,3,30/50 (60%),9/24 (38%),4/9 (44%),63%,16,6,25,20,,0,,,,,2
13268355,242,70158,CALENDAR,REGULAR_SEASON,Regular Season,LEAGUE,337612,Nashville SC,Visita,ALL,16/03/2025,,3,39%,1.68,5,12,4,2,20,290,15,10,2,0,4,1,5,3,9,3,3,2,0,21,2,4,204,31,45,38/72 (53%),26/62 (42%),2/8 (25%),46%,9,31/79 (39%),22/37 (59%),6/22 (27%),73%,15,9,53,47,0,4,1.46,1,6,,10
13268355,242,70158,CALENDAR,REGULAR_SEASON,Regular Season,LEAGUE,337612,Nashville SC,Visita,1ST,16/03/2025,,2,36%,0.83,3,9,1,1,,142,7,2,1,0,3,1,4,2,7,2,2,1,0,,0,2,105,10,22,,9/24 (38%),1/4 (25%),43%,2,11/29 (38%),7/13 (54%),3/10 (30%),57%,7,2,28,18,,1,,,,,4
13268355,242,70158,CALENDAR,REGULAR_SEASON,Regular Season,LEAGUE,337612,Nashville SC,Visita,2ND,16/03/2025,,1,42%,0.86,2,3,3,1,,148,8,8,1,0,1,0,1,1,2,1,1,1,0,,2,2,99,21,23,,17/38 (45%),1/4 (25%),47%,7,20/50 (40%),15/24 (63%),3/12 (25%),88%,8,7,25,29,,3,,,,,6
13268364,242,70158,CALENDAR,REGULAR_SEASON,Regular Season,LEAGUE,39833,Philadelphia Union,Local,ALL,22/03/2025,,1,46%,1.34,2,17,1,7,18,312,13,18,3,0,9,1,6,2,10,7,,2,0,24,2,1,220,31,65,90/145 (62%),22/44 (50%),5/23 (22%),58%,5,36/69 (52%),29/43 (67%),5/9 (56%),46%,13,12,44,20,,1,0.13,1,0,,9
13268364,242,70158,CALENDAR,REGULAR_SEASON,Regular Season,LEAGUE,39833,Philadelphia Union,Local,1ST,22/03/2025,,1,39%,1.20,2,14,1,4,,115,6,9,1,0,8,1,5,1,9,5,,2,0,,2,1,76,18,23,,9/18 (50%),2/11 (18%),58%,1,15/32 (47%),15/20 (75%),0/2 (0%),67%,6,6,22,8,,1,,,,,1
13268364,242,70158,CALENDAR,REGULAR_SEASON,Regular Season,LEAGUE,39833,Philadelphia Union,Local,2ND,22/03/2025,,0,52%,0.14,0,3,0,3,,197,7,9,2,0,1,0,1,1,1,2,,0,0,,0,0,144,13,42,,13/26 (50%),3/12 (25%),58%,4,21/37 (57%),14/23 (61%),5/7 (71%),29%,7,6,22,12,,0,,,,,8
13268364,242,70158,CALENDAR,REGULAR_SEASON,Regular Season,LEAGUE,407803,St.Louis City,Visita,ALL,22/03/2025,,0,54%,0.16,0,5,8,5,18,370,9,18,5,1,1,0,4,0,2,3,,0,1,10,0,5,277,23,37,32/61 (52%),20/56 (36%),0/9 (0%),42%,8,33/69 (48%),14/43 (33%),7/12 (58%),78%,9,8,51,32,,8,0.90,3,2,,10
13268364,242,70158,CALENDAR,REGULAR_SEASON,Regular Season,LEAGUE,407803,St.Louis City,Visita,1ST,22/03/2025,,0,61%,0.07,0,2,7,2,,187,3,10,2,0,1,0,1,0,1,1,,0,1,,0,3,143,13,16,,11/31 (35%),0/4 (0%),42%,4,17/32 (53%),5/20 (25%),5/7 (71%),67%,3,2,25,20,,7,,,,,7
13268364,242,70158,CALENDAR,REGULAR_SEASON,Regular Season,LEAGUE,407803,St.Louis City,Visita,2ND,22/03/2025,,0,48%,0.08,0,3,1,3,,183,6,8,3,1,0,0,3,0,1,2,,0,0,,0,2,134,10,21,,9/25 (36%),0/5 (0%),42%,4,16/37 (43%),9/23 (39%),2/5 (40%),83%,6,6,26,12,,1,,,,,3
13268376,242,70158,CALENDAR,REGULAR_SEASON,Regular Season,LEAGUE,337602,Inter Miami CF,Local,ALL,29/03/2025,,2,53%,2.13,3,7,5,3,22,432,22,12,6,,3,1,3,1,6,1,1,2,,13,1,3,342,15,51,66/103 (64%),30/59 (51%),2/7 (29%),48%,8,41/84 (49%),8/19 (42%),7/15 (47%),50%,22,9,68,19,0,5,0.61,1,1,,9
13268376,242,70158,CALENDAR,REGULAR_SEASON,Regular Season,LEAGUE,337602,Inter Miami CF,Local,1ST,29/03/2025,,1,52%,1.07,1,3,2,2,,213,7,6,1,,1,1,2,0,3,0,1,0,,,0,2,173,8,26,,15/27 (56%),1/5 (20%),44%,3,16/36 (44%),5/12 (42%),3/7 (43%),43%,7,2,32,5,,2,,,,,5
13268376,242,70158,CALENDAR,REGULAR_SEASON,Regular Season,LEAGUE,337602,Inter Miami CF,Local,2ND,29/03/2025,,1,53%,1.06,2,4,3,1,,219,15,6,5,,2,0,1,1,3,1,0,2,,,1,1,169,7,25,,15/32 (47%),1/2 (50%),51%,5,25/48 (52%),3/7 (43%),4/8 (50%),53%,15,7,36,14,,3,,,,,4
13268376,242,70158,CALENDAR,REGULAR_SEASON,Regular Season,LEAGUE,39833,Philadelphia Union,Visita,ALL,29/03/2025,,1,47%,2.20,6,19,1,5,12,381,16,22,2,,6,0,7,6,9,10,1,5,,27,3,1,295,10,60,79/122 (65%),25/47 (53%),8/20 (40%),52%,12,43/84 (51%),11/19 (58%),5/15 (33%),63%,16,12,71,14,1,1,-0.10,0,0,,5
13268376,242,70158,CALENDAR,REGULAR_SEASON,Regular Season,LEAGUE,39833,Philadelphia Union,Visita,1ST,29/03/2025,,0,48%,0.33,1,6,0,1,,195,7,10,1,,2,0,3,1,2,4,0,1,,,1,1,149,6,32,,16/26 (62%),2/6 (33%),56%,5,20/36 (56%),7/12 (58%),3/5 (60%),43%,7,7,30,6,,0,,,,,2
13268376,242,70158,CALENDAR,REGULAR_SEASON,Regular Season,LEAGUE,39833,Philadelphia Union,Visita,2ND,29/03/2025,,1,47%,1.87,5,13,1,4,,186,9,12,1,,4,0,4,5,7,6,1,4,,,2,0,146,4,28,,9/21 (43%),6/14 (43%),49%,7,23/48 (48%),4/7 (57%),2/10 (20%),78%,9,5,41,8,,1,,,,,3
13295811,242,70158,CALENDAR,REGULAR_SEASON,Regular Season,LEAGUE,39833,Philadelphia Union,Local,ALL,05/04/2025,,0,63%,1.49,2,21,3,8,14,489,15,13,4,,4,0,9,8,10,11,,2,,28,3,,388,32,82,125/182 (69%),17/39 (44%),7/25 (28%),51%,17,33/76 (43%),31/49 (63%),5/9 (56%),53%,15,7,56,23,,3,0.89,0,,0,1
13295811,242,70158,CALENDAR,REGULAR_SEASON,Regular Season,LEAGUE,39833,Philadelphia Union,Local,1ST,05/04/2025,,0,59%,0.25,0,10,1,4,,191,3,5,0,,2,0,3,5,4,6,,0,,,2,,132,21,45,,10/26 (38%),2/12 (17%),46%,8,9/28 (32%),17/29 (59%),1/3 (33%),33%,3,4,29,11,,1,,,,,1
13295811,242,70158,CALENDAR,REGULAR_SEASON,Regular Season,LEAGUE,39833,Philadelphia Union,Local,2ND,05/04/2025,,0,66%,1.25,2,11,2,4,,298,12,8,4,,2,0,6,3,6,5,,2,,,1,,256,11,37,,7/13 (54%),5/13 (38%),56%,9,24/48 (50%),14/20 (70%),4/6 (67%),58%,12,3,27,12,,2,,,,,0
13295811,242,70158,CALENDAR,REGULAR_SEASON,Regular Season,LEAGUE,52237,Orlando City SC,Visita,ALL,05/04/2025,,0,37%,0.83,1,6,4,2,13,298,21,14,5,,3,0,1,2,5,1,,1,,12,0,,202,16,43,28/59 (47%),27/67 (40%),2/4 (50%),49%,9,43/76 (57%),18/49 (37%),9/15 (60%),38%,21,8,51,47,,4,0.49,1,,1,15
13295811,242,70158,CALENDAR,REGULAR_SEASON,Regular Season,LEAGUE,52237,Orlando City SC,Visita,1ST,05/04/2025,,0,41%,0.11,0,1,2,1,,140,10,7,1,,1,0,0,0,1,0,,0,,,0,,85,8,15,,14/35 (40%),0/1 (0%),54%,2,19/28 (68%),12/29 (41%),3/4 (75%),40%,10,5,25,27,,2,,,,,8
13295811,242,70158,CALENDAR,REGULAR_SEASON,Regular Season,LEAGUE,52237,Orlando City SC,Visita,2ND,05/04/2025,,0,34%,0.72,1,5,2,1,,158,11,7,4,,2,0,1,2,4,1,,1,,,0,,117,8,28,,13/32 (41%),2/3 (67%),44%,7,24/48 (50%),6/20 (30%),6/11 (55%),36%,11,3,26,20,,2,,,,,7
13299317,242,70158,CALENDAR,REGULAR_SEASON,Regular Season,LEAGUE,187643,New York City FC,Local,ALL,12/04/2025,,1,51%,1.30,4,11,3,6,9,456,7,12,0,,2,0,6,3,6,5,1,3,4,20,2,0,340,27,48,69/108 (64%),14/50 (28%),3/13 (23%),44%,12,23/57 (40%),16/31 (52%),5/14 (36%),57%,7,13,68,35,1,3,0.42,1,3,,12
13299317,242,70158,CALENDAR,REGULAR_SEASON,Regular Season,LEAGUE,187643,New York City FC,Local,1ST,12/04/2025,,0,56%,0.50,2,6,0,2,,278,3,7,0,,1,0,4,1,3,3,0,2,1,,0,0,213,14,23,,7/24 (29%),1/6 (17%),54%,3,12/24 (50%),10/17 (59%),2/5 (40%),67%,3,8,32,21,,0,,,,,6
13299317,242,70158,CALENDAR,REGULAR_SEASON,Regular Season,LEAGUE,187643,New York City FC,Local,2ND,12/04/2025,,1,45%,0.80,2,5,3,4,,178,4,5,0,,1,0,2,2,3,2,1,1,3,,2,0,127,13,25,,7/26 (27%),2/7 (29%),36%,9,11/33 (33%),6/14 (43%),3/9 (33%),50%,4,5,36,14,,3,,,,,6
13299317,242,70158,CALENDAR,REGULAR_SEASON,Regular Season,LEAGUE,39833,Philadelphia Union,Visita,ALL,12/04/2025,,0,49%,1.27,2,16,1,6,12,419,21,9,2,,3,0,5,8,10,6,0,2,0,27,0,1,317,28,63,68/110 (62%),16/55 (29%),11/35 (31%),56%,2,34/57 (60%),15/31 (48%),6/11 (55%),86%,21,17,66,30,1,1,0.21,0,0,,8
13299317,242,70158,CALENDAR,REGULAR_SEASON,Regular Season,LEAGUE,39833,Philadelphia Union,Visita,1ST,12/04/2025,,0,44%,0.91,2,8,1,1,,212,6,3,1,,0,0,4,4,4,4,0,2,0,,0,0,158,18,30,,6/23 (26%),3/13 (23%),46%,0,12/24 (50%),7/17 (41%),4/7 (57%),100%,6,12,30,20,,1,,,,,4
13299317,242,70158,CALENDAR,REGULAR_SEASON,Regular Season,LEAGUE,39833,Philadelphia Union,Visita,2ND,12/04/2025,,0,55%,0.36,0,8,0,5,,207,15,6,1,,3,0,1,4,6,2,0,0,0,,0,1,159,10,33,,10/32 (31%),8/22 (36%),64%,2,22/33 (67%),8/14 (57%),2/4 (50%),80%,15,5,36,10,,0,,,,,4
13299344,242,70158,CALENDAR,REGULAR_SEASON,Regular Season,LEAGUE,39833,Philadelphia Union,Local,ALL,19/04/2025,,3,29%,1.34,2,10,3,4,11,250,14,6,4,1,4,1,3,3,10,0,1,1,,28,1,2,167,19,49,60/103 (58%),19/55 (35%),5/19 (26%),40%,13,24/62 (39%),15/36 (42%),5/8 (63%),71%,14,10,50,30,0,3,0.45,,,1,12
13299344,242,70158,CALENDAR,REGULAR_SEASON,Regular Season,LEAGUE,39833,Philadelphia Union,Local,1ST,19/04/2025,,1,34%,0.96,1,8,1,4,,138,4,4,2,0,2,1,3,3,8,0,0,1,,,1,1,96,9,28,,10/25 (40%),3/14 (21%),37%,6,11/31 (35%),8/20 (40%),4/7 (57%),75%,4,4,21,8,,1,,,,,7
13299344,242,70158,CALENDAR,REGULAR_SEASON,Regular Season,LEAGUE,39833,Philadelphia Union,Local,2ND,19/04/2025,,2,24%,0.38,1,2,2,0,,112,10,2,2,1,2,0,0,0,2,0,1,0,,,0,1,71,10,21,,9/30 (30%),2/5 (40%),43%,7,13/31 (42%),7/16 (44%),1/1 (100%),70%,10,6,29,22,,2,,,,,5
13299344,242,70158,CALENDAR,REGULAR_SEASON,Regular Season,LEAGUE,243211,Atlanta United,Visita,ALL,19/04/2025,,0,71%,0.81,1,12,1,3,6,640,16,11,1,0,3,1,6,3,5,7,0,1,,22,3,4,547,20,94,133/185 (72%),28/50 (56%),4/24 (17%),60%,5,38/62 (61%),21/36 (58%),11/20 (55%),56%,16,10,58,22,1,1,-0.50,,,0,9
13299344,242,70158,CALENDAR,REGULAR_SEASON,Regular Season,LEAGUE,243211,Atlanta United,Visita,1ST,19/04/2025,,0,66%,0.39,0,7,1,3,,289,9,6,0,0,1,0,3,3,2,5,0,0,,,1,1,240,8,30,,15/27 (56%),1/9 (11%),63%,1,20/31 (65%),12/20 (60%),5/8 (63%),67%,9,5,27,18,,1,,,,,5
13299344,242,70158,CALENDAR,REGULAR_SEASON,Regular Season,LEAGUE,243211,Atlanta United,Visita,2ND,19/04/2025,,0,76%,0.42,1,5,0,0,,351,7,5,1,0,2,1,3,0,3,2,0,1,,,2,3,307,12,64,,13/23 (57%),3/15 (20%),57%,4,18/31 (58%),9/16 (56%),6/12 (50%),43%,7,5,31,4,,0,,,,,4
13299364,242,70158,CALENDAR,REGULAR_SEASON,Regular Season,LEAGUE,39833,Philadelphia Union,Local,ALL,26/04/2025,,3,45%,1.22,1,12,5,3,11,314,14,12,3,,6,0,1,5,8,4,1,0,0,12,1,5,207,26,56,47/91 (52%),18/53 (34%),4/20 (20%),48%,5,32/63 (51%),25/57 (44%),8/17 (47%),50%,14,8,47,35,0,5,0.62,0,,,9
13299364,242,70158,CALENDAR,REGULAR_SEASON,Regular Season,LEAGUE,39833,Philadelphia Union,Local,1ST,26/04/2025,,1,52%,0.16,0,2,2,0,,168,5,7,2,,1,0,0,1,2,0,0,0,0,,1,4,112,14,30,,10/27 (37%),2/10 (20%),50%,2,14/26 (54%),15/32 (47%),3/7 (43%),60%,5,5,20,23,,2,,,,,7
13299364,242,70158,CALENDAR,REGULAR_SEASON,Regular Season,LEAGUE,39833,Philadelphia Union,Local,2ND,26/04/2025,,2,38%,1.06,1,10,3,3,,146,9,5,1,,5,0,1,4,6,4,1,0,0,,0,1,95,12,26,,8/26 (31%),2/10 (20%),45%,3,18/37 (49%),10/25 (40%),5/10 (50%),44%,9,3,27,12,,3,,,,,2
13299364,242,70158,CALENDAR,REGULAR_SEASON,Regular Season,LEAGUE,2502,DC United,Visita,ALL,26/04/2025,,0,55%,0.75,2,9,3,6,12,389,14,11,3,,5,0,4,0,7,2,0,2,1,17,1,0,281,28,56,48/98 (49%),39/85 (46%),11/23 (48%),52%,9,31/63 (49%),32/57 (56%),7/12 (58%),43%,14,13,50,34,1,3,-1.29,2,,,6
13299364,242,70158,CALENDAR,REGULAR_SEASON,Regular Season,LEAGUE,2502,DC United,Visita,1ST,26/04/2025,,0,48%,0.64,2,5,0,3,,152,6,5,1,,2,0,3,0,5,0,0,2,1,,0,0,97,18,34,,16/42 (38%),6/12 (50%),50%,3,12/26 (46%),17/32 (53%),1/3 (33%),33%,6,7,23,19,,0,,,,,2
13299364,242,70158,CALENDAR,REGULAR_SEASON,Regular Season,LEAGUE,2502,DC United,Visita,2ND,26/04/2025,,0,62%,0.11,0,4,3,3,,237,8,6,2,,3,0,1,0,2,2,0,0,0,,1,0,184,10,22,,23/43 (53%),5/11 (45%),55%,6,19/37 (51%),15/25 (60%),6/9 (67%),50%,8,6,27,15,,3,,,,,4
13299396,242,70158,CALENDAR,REGULAR_SEASON,Regular Season,LEAGUE,22006,CF Montréal,Local,ALL,03/05/2025,,1,59%,1.25,2,12,2,6,19,480,24,18,4,,2,0,6,4,8,4,1,1,0,27,4,1,367,22,51,58/111 (52%),28/63 (44%),1/18 (6%),49%,11,52/95 (55%),13/37 (35%),11/19 (58%),67%,24,9,52,24,,2,-0.96,,,1,5
13299396,242,70158,CALENDAR,REGULAR_SEASON,Regular Season,LEAGUE,22006,CF Montréal,Local,1ST,03/05/2025,,1,57%,0.95,1,7,2,3,,247,7,8,2,,2,0,2,3,5,2,1,0,0,,3,0,193,12,20,,11/20 (55%),0/9 (0%),50%,3,22/41 (54%),8/19 (42%),7/11 (64%),57%,7,2,24,16,,2,,,,,1
13299396,242,70158,CALENDAR,REGULAR_SEASON,Regular Season,LEAGUE,22006,CF Montréal,Local,2ND,03/05/2025,,0,61%,0.30,1,5,0,3,,233,17,10,2,,0,0,4,1,3,2,0,1,0,,1,1,174,10,31,,17/43 (40%),1/9 (11%),49%,8,30/54 (56%),5/18 (28%),4/8 (50%),71%,17,7,28,8,,0,,,,,4
13299396,242,70158,CALENDAR,REGULAR_SEASON,Regular Season,LEAGUE,39833,Philadelphia Union,Visita,ALL,03/05/2025,,2,41%,0.96,1,9,1,2,18,334,19,19,3,,4,0,2,3,3,6,1,0,1,8,3,0,232,19,59,57/98 (58%),29/60 (48%),2/10 (20%),51%,13,43/95 (45%),24/37 (65%),7/18 (39%),58%,19,10,50,38,,1,-0.22,,,0,9
13299396,242,70158,CALENDAR,REGULAR_SEASON,Regular Season,LEAGUE,39833,Philadelphia Union,Visita,1ST,03/05/2025,,1,43%,0.23,0,5,1,2,,184,7,7,0,,3,0,1,1,2,3,0,0,0,,2,0,133,8,32,,17/30 (57%),2/7 (29%),50%,4,19/41 (46%),11/19 (58%),5/8 (63%),29%,7,4,22,15,,1,,,,,4
13299396,242,70158,CALENDAR,REGULAR_SEASON,Regular Season,LEAGUE,39833,Philadelphia Union,Visita,2ND,03/05/2025,,1,39%,0.72,1,4,0,0,,150,12,12,3,,1,0,1,2,1,3,1,0,1,,1,0,99,11,27,,12/30 (40%),0/3 (0%),51%,9,24/54 (44%),13/18 (72%),2/10 (20%),75%,12,6,28,23,,0,,,,,5
13789720,495,71737,CALENDAR,REGULAR,Round of 32,CUP,39833,Philadelphia Union,Local,ALL,07/05/2025,6,1,67%,3.92,3,33,3,8,15,699,11,18,2,,11,1,11,11,15,18,1,2,1,41,8,5,554,38,135,198/282 (70%),44/73 (60%),7/40 (18%),54%,13,35/66 (53%),17/30 (57%),7/11 (64%),91%,11,10,53,12,,3,,2,0,0,6
13789720,495,71737,CALENDAR,REGULAR,Round of 32,CUP,39833,Philadelphia Union,Local,1ST,07/05/2025,6,1,63%,0.00,1,12,1,3,,285,5,3,0,,6,0,2,4,3,9,1,0,0,,1,1,232,12,47,,19/31 (61%),1/11 (9%),47%,6,7/19 (37%),9/15 (60%),0/1 (0%),80%,5,3,24,7,,1,,,,,1
13789720,495,71737,CALENDAR,REGULAR,Round of 32,CUP,39833,Philadelphia Union,Local,2ND,07/05/2025,6,0,64%,0.00,1,9,1,2,,225,3,9,2,,2,1,6,1,6,3,0,1,0,,4,2,168,16,44,,16/27 (59%),3/11 (27%),53%,6,17/31 (55%),4/9 (44%),5/7 (71%),100%,3,6,16,3,,1,,,,,2
13789720,495,71737,CALENDAR,REGULAR,Round of 32,CUP,148992,Indy Eleven,Visita,ALL,07/05/2025,6,1,33%,0.93,1,12,10,3,18,361,17,15,3,,4,1,6,2,6,6,1,0,0,13,0,3,230,28,64,50/108 (46%),33/90 (37%),2/9 (22%),46%,4,31/66 (47%),13/30 (43%),2/9 (22%),100%,17,20,51,39,,10,,1,3,2,12
13789720,495,71737,CALENDAR,REGULAR,Round of 32,CUP,148992,Indy Eleven,Visita,1ST,07/05/2025,6,0,37%,0.00,0,4,5,2,,168,7,6,0,,1,1,3,0,2,2,0,0,0,,0,2,120,9,26,,13/33 (39%),1/6 (17%),53%,1,12/19 (63%),6/15 (40%),1/5 (20%),100%,7,7,24,14,,5,,,,,2
13789720,495,71737,CALENDAR,REGULAR,Round of 32,CUP,148992,Indy Eleven,Visita,2ND,07/05/2025,6,1,36%,0.00,1,5,2,1,,132,8,6,3,,2,0,1,2,2,3,1,0,0,,0,1,82,14,27,,13/32 (41%),0/2 (0%),47%,1,14/31 (45%),5/9 (56%),1/3 (33%),100%,8,8,15,14,,2,,,,,6
13299421,242,70158,CALENDAR,REGULAR_SEASON,Regular Season,LEAGUE,39833,Philadelphia Union,Local,ALL,10/05/2025,,2,30%,1.70,2,16,1,3,13,283,23,10,0,,6,0,5,5,8,8,1,1,1,26,0,6,219,14,38,57/84 (68%),19/48 (40%),1/8 (13%),52%,4,37/75 (49%),15/25 (60%),6/12 (50%),61%,23,15,49,17,0,1,-0.08,,1,0,10
13299421,242,70158,CALENDAR,REGULAR_SEASON,Regular Season,LEAGUE,39833,Philadelphia Union,Local,1ST,10/05/2025,,1,35%,0.85,1,7,1,2,,149,9,3,0,,4,0,1,2,3,4,1,0,0,,0,5,118,10,13,,6/17 (35%),1/6 (17%),53%,2,13/27 (48%),7/11 (64%),3/5 (60%),67%,9,7,20,9,,1,,,,,7
13299421,242,70158,CALENDAR,REGULAR_SEASON,Regular Season,LEAGUE,39833,Philadelphia Union,Local,2ND,10/05/2025,,1,26%,0.85,1,9,0,1,,134,14,7,0,,2,0,4,3,5,4,0,1,1,,0,1,101,4,25,,13/31 (42%),0/2 (0%),52%,2,24/48 (50%),8/14 (57%),3/7 (43%),57%,14,8,29,8,,0,,,,,3
13299421,242,70158,CALENDAR,REGULAR_SEASON,Regular Season,LEAGUE,2504,Columbus Crew,Visita,ALL,10/05/2025,,2,70%,0.95,4,10,4,5,10,678,10,13,2,,3,0,5,2,7,3,2,2,1,21,2,0,595,17,88,146/191 (76%),17/34 (50%),5/10 (50%),48%,15,38/75 (51%),10/25 (40%),15/23 (65%),80%,10,8,47,18,1,4,-0.15,,0,1,9
13299421,242,70158,CALENDAR,REGULAR_SEASON,Regular Season,LEAGUE,2504,Columbus Crew,Visita,1ST,10/05/2025,,0,65%,0.54,1,7,3,4,,288,4,4,0,,1,0,4,2,4,3,0,1,1,,1,0,249,9,38,,6/18 (33%),3/5 (60%),47%,5,14/27 (52%),4/11 (36%),6/10 (60%),100%,4,5,21,11,,3,,,,,4
13299421,242,70158,CALENDAR,REGULAR_SEASON,Regular Season,LEAGUE,2504,Columbus Crew,Visita,2ND,10/05/2025,,2,74%,0.41,3,3,1,1,,390,6,9,2,,2,0,1,0,3,0,2,1,0,,1,0,346,8,50,,11/16 (69%),2/5 (40%),48%,10,24/48 (50%),6/14 (43%),9/13 (69%),67%,6,3,26,7,,1,,,,,5
13299436,242,70158,CALENDAR,REGULAR_SEASON,Regular Season,LEAGUE,39833,Philadelphia Union,Local,ALL,14/05/2025,,3,57%,1.93,3,22,0,12,9,436,17,11,1,,9,0,5,8,18,4,2,1,,40,3,1,329,23,86,122/186 (66%),25/49 (51%),14/38 (37%),56%,6,34/64 (53%),24/39 (62%),7/15 (47%),82%,17,9,58,11,1,0,-1.11,0,0,,4
13299436,242,70158,CALENDAR,REGULAR_SEASON,Regular Season,LEAGUE,39833,Philadelphia Union,Local,1ST,14/05/2025,,0,55%,0.41,0,9,0,3,,237,10,6,1,,4,0,2,3,6,3,0,0,,,3,0,189,8,34,,11/23 (48%),2/11 (18%),51%,4,21/40 (53%),8/17 (47%),5/9 (56%),100%,10,7,34,5,,0,,,,,1
13299436,242,70158,CALENDAR,REGULAR_SEASON,Regular Season,LEAGUE,39833,Philadelphia Union,Local,2ND,14/05/2025,,3,60%,1.52,3,13,0,9,,199,7,5,0,,5,0,3,5,12,1,2,1,,,0,1,140,15,52,,14/26 (54%),12/27 (44%),63%,2,13/24 (54%),16/22 (73%),2/6 (33%),57%,7,2,24,6,,0,,,,,3
13299436,242,70158,CALENDAR,REGULAR_SEASON,Regular Season,LEAGUE,2513,LA Galaxy,Visita,ALL,14/05/2025,,2,43%,0.32,1,3,6,2,11,350,14,9,2,,2,0,1,0,3,0,1,0,,14,1,2,247,23,60,58/107 (54%),20/62 (32%),2/7 (29%),44%,10,30/64 (47%),15/39 (38%),7/14 (50%),57%,14,12,56,42,0,6,-0.49,1,1,,9
13299436,242,70158,CALENDAR,REGULAR_SEASON,Regular Season,LEAGUE,2513,LA Galaxy,Visita,1ST,14/05/2025,,2,45%,0.27,1,2,4,2,,204,8,6,0,,2,0,0,0,2,0,1,0,,,1,1,153,10,34,,11/28 (39%),1/4 (25%),49%,4,19/40 (48%),9/17 (53%),5/11 (45%),75%,8,9,33,15,,4,,,,,2
13299436,242,70158,CALENDAR,REGULAR_SEASON,Regular Season,LEAGUE,2513,LA Galaxy,Visita,2ND,14/05/2025,,0,40%,0.05,0,1,2,0,,146,6,3,2,,0,0,1,0,1,0,0,0,,,0,1,94,13,26,,9/34 (26%),1/3 (33%),37%,6,11/24 (46%),6/22 (27%),2/3 (67%),33%,6,3,23,27,,2,,,,,7
13299453,242,70158,CALENDAR,REGULAR_SEASON,Regular Season,LEAGUE,243211,Atlanta United,Local,ALL,17/05/2025,,0,65%,1.17,1,10,4,4,9,561,9,10,2,,3,0,6,1,8,2,0,1,,19,2,3,488,20,74,91/134 (68%),41/61 (67%),4/19 (21%),54%,8,26/51 (51%),24/42 (57%),8/14 (57%),78%,9,11,48,21,2,4,0.91,1,0,1,9
13299453,242,70158,CALENDAR,REGULAR_SEASON,Regular Season,LEAGUE,243211,Atlanta United,Local,1ST,17/05/2025,,0,61%,0.54,0,5,3,3,,280,3,4,0,,1,0,4,0,3,2,0,0,,,0,2,245,9,35,,21/31 (68%),3/11 (27%),45%,2,8/22 (36%),12/22 (55%),1/6 (17%),67%,3,8,22,15,,3,,,,,4
13299453,242,70158,CALENDAR,REGULAR_SEASON,Regular Season,LEAGUE,243211,Atlanta United,Local,2ND,17/05/2025,,0,70%,0.63,1,5,1,1,,281,6,6,2,,2,0,2,1,5,0,0,1,,,2,1,243,11,39,,20/30 (67%),1/8 (13%),61%,6,18/29 (62%),12/20 (60%),7/8 (88%),83%,6,3,26,6,,1,,,,,5
13299453,242,70158,CALENDAR,REGULAR_SEASON,Regular Season,LEAGUE,39833,Philadelphia Union,Visita,ALL,17/05/2025,,1,35%,1.79,2,14,3,6,10,297,14,8,3,,6,0,7,1,11,3,1,1,,28,3,1,219,18,51,52/87 (60%),16/47 (34%),4/16 (25%),46%,9,25/51 (49%),18/42 (43%),4/4 (100%),93%,14,12,44,28,0,3,0.46,2,2,0,11
13299453,242,70158,CALENDAR,REGULAR_SEASON,Regular Season,LEAGUE,39833,Philadelphia Union,Visita,1ST,17/05/2025,,0,39%,0.61,0,7,1,3,,178,7,6,1,,3,0,3,1,6,1,0,0,,,0,1,137,8,29,,11/24 (46%),3/10 (30%),55%,3,14/22 (64%),10/22 (45%),1/1 (100%),100%,7,8,20,15,,1,,,,,4
13299453,242,70158,CALENDAR,REGULAR_SEASON,Regular Season,LEAGUE,39833,Philadelphia Union,Visita,2ND,17/05/2025,,1,30%,1.18,2,7,2,3,,119,7,2,2,,3,0,4,0,5,2,1,1,,,3,0,82,10,22,,5/23 (22%),1/6 (17%),39%,6,11/29 (38%),8/20 (40%),3/3 (100%),86%,7,4,24,13,,2,,,,,7
13874114,495,71737,CALENDAR,REGULAR,Round of 16,CUP,39833,Philadelphia Union,Local,ALL,21/05/2025,5,4,60%,2.99,4,15,4,6,17,522,10,11,2,,6,0,5,4,9,6,3,1,,25,2,3,411,23,72,90/145 (62%),26/57 (46%),6/15 (40%),46%,4,25/57 (44%),23/47 (49%),6/16 (38%),50%,10,7,67,28,,4,,1,,,7
13874114,495,71737,CALENDAR,REGULAR,Round of 16,CUP,39833,Philadelphia Union,Local,1ST,21/05/2025,5,2,61%,0.00,2,2,2,1,,279,9,4,1,,2,0,0,0,2,0,2,0,,,2,1,206,15,41,,12/30 (40%),1/4 (25%),45%,4,15/35 (43%),10/21 (48%),3/8 (38%),56%,9,3,36,18,,2,,,,,5
13874114,495,71737,CALENDAR,REGULAR,Round of 16,CUP,39833,Philadelphia Union,Local,2ND,21/05/2025,5,2,60%,0.00,2,13,2,5,,243,1,7,1,,4,0,5,4,7,6,1,1,,,0,2,205,8,31,,14/27 (52%),5/11 (45%),48%,0,10/22 (45%),13/26 (50%),3/8 (38%),0%,1,4,31,10,,2,,,,,2
13874114,495,71737,CALENDAR,REGULAR,Round of 16,CUP,23635,Pittsburgh Riverhounds,Visita,ALL,21/05/2025,5,1,40%,0.29,0,7,2,3,12,343,14,17,1,,5,0,0,2,5,2,0,0,,12,2,1,237,21,69,50/98 (51%),28/67 (42%),3/15 (20%),54%,9,32/57 (56%),24/47 (51%),4/5 (80%),36%,14,16,56,35,,2,,0,,,8
13874114,495,71737,CALENDAR,REGULAR,Round of 16,CUP,23635,Pittsburgh Riverhounds,Visita,1ST,21/05/2025,5,0,39%,0.00,0,3,0,2,,180,9,10,1,,2,0,0,1,2,1,0,0,,,0,0,126,12,33,,11/32 (34%),1/8 (13%),55%,8,20/35 (57%),11/21 (52%),2/3 (67%),33%,9,11,33,18,,0,,,,,2
13874114,495,71737,CALENDAR,REGULAR,Round of 16,CUP,23635,Pittsburgh Riverhounds,Visita,2ND,21/05/2025,5,1,40%,0.00,0,4,2,1,,163,5,7,0,,3,0,0,1,3,1,0,0,,,2,1,111,9,36,,17/35 (49%),2/7 (29%),52%,1,12/22 (55%),13/26 (50%),2/2 (100%),40%,5,5,23,17,,2,,,,,6
13299369,242,70158,CALENDAR,REGULAR_SEASON,Regular Season,LEAGUE,39833,Philadelphia Union,Local,ALL,24/05/2025,,3,34%,2.78,5,18,1,8,11,298,17,10,4,,8,1,6,4,14,4,1,4,,29,0,3,211,17,52,64/108 (59%),13/54 (24%),5/25 (20%),47%,9,29/65 (45%),11/20 (55%),3/9 (33%),59%,17,19,57,28,0,1,-1.08,,,1,8
13299369,242,70158,CALENDAR,REGULAR_SEASON,Regular Season,LEAGUE,39833,Philadelphia Union,Local,1ST,24/05/2025,,2,39%,0.95,1,11,1,6,,171,12,4,1,,5,0,3,3,8,3,0,1,,,0,1,119,8,24,,7/27 (26%),4/17 (24%),53%,4,17/35 (49%),4/5 (80%),1/4 (25%),50%,12,11,31,12,,1,,,,,4
13299369,242,70158,CALENDAR,REGULAR_SEASON,Regular Season,LEAGUE,39833,Philadelphia Union,Local,2ND,24/05/2025,,1,28%,1.83,4,7,0,2,,127,5,6,3,,3,1,3,1,6,1,1,3,,,0,2,92,9,28,,6/27 (22%),1/8 (13%),42%,5,12/30 (40%),7/15 (47%),2/5 (40%),80%,5,8,26,16,,0,,,,,4
13299369,242,70158,CALENDAR,REGULAR_SEASON,Regular Season,LEAGUE,337602,Inter Miami CF,Visita,ALL,24/05/2025,,3,66%,1.30,1,11,5,6,10,609,15,11,3,,5,0,4,2,8,3,1,0,,17,1,1,523,21,66,121/160 (76%),34/50 (68%),5/21 (24%),53%,4,36/65 (55%),9/20 (45%),11/24 (46%),53%,15,5,53,37,2,5,0.78,,,1,9
13299369,242,70158,CALENDAR,REGULAR_SEASON,Regular Season,LEAGUE,337602,Inter Miami CF,Visita,1ST,24/05/2025,,0,61%,0.35,0,5,3,3,,280,7,6,1,,1,0,2,2,3,2,0,0,,,0,0,235,8,30,,9/17 (53%),0/8 (0%),47%,3,18/35 (51%),1/5 (20%),6/15 (40%),43%,7,4,29,25,,3,,,,,5
13299369,242,70158,CALENDAR,REGULAR_SEASON,Regular Season,LEAGUE,337602,Inter Miami CF,Visita,2ND,24/05/2025,,3,72%,0.95,1,6,2,3,,329,8,5,2,,4,0,2,0,5,1,1,0,,,1,1,288,13,36,,25/33 (76%),5/13 (38%),58%,1,18/30 (60%),8/15 (53%),5/9 (56%),63%,8,1,24,12,,2,,,,,4
13299430,242,70158,CALENDAR,REGULAR_SEASON,Regular Season,LEAGUE,7080,Toronto FC,Local,ALL,28/05/2025,,1,42%,0.97,2,9,4,3,13,276,21,17,0,,4,0,4,1,6,3,1,1,2,24,1,2,184,24,55,43/85 (51%),24/67 (36%),4/13 (31%),56%,7,46/75 (61%),22/46 (48%),9/18 (50%),38%,21,11,56,57,,4,-0.13,2,,,9
13299430,242,70158,CALENDAR,REGULAR_SEASON,Regular Season,LEAGUE,7080,Toronto FC,Local,1ST,28/05/2025,,0,44%,0.72,1,4,3,1,,134,9,8,0,,1,0,2,1,2,2,0,1,1,,0,0,90,11,20,,12/30 (40%),3/8 (38%),52%,4,21/37 (57%),10/23 (43%),5/11 (45%),33%,9,6,25,26,,3,,,,,3
13299430,242,70158,CALENDAR,REGULAR_SEASON,Regular Season,LEAGUE,7080,Toronto FC,Local,2ND,28/05/2025,,1,41%,0.24,1,5,1,2,,142,12,9,0,,3,0,2,0,4,1,1,0,1,,1,2,94,13,35,,12/37 (32%),1/5 (20%),61%,3,25/38 (66%),12/23 (52%),4/7 (57%),42%,12,5,31,31,,1,,,,,6
13299430,242,70158,CALENDAR,REGULAR_SEASON,Regular Season,LEAGUE,39833,Philadelphia Union,Visita,ALL,28/05/2025,,2,58%,1.36,1,14,3,9,17,371,16,13,2,,6,0,6,2,8,6,1,0,0,26,3,3,256,27,83,98/166 (59%),33/59 (56%),7/22 (32%),44%,9,29/75 (39%),24/46 (52%),3/15 (20%),75%,16,8,58,18,,3,-0.00,0,,,7
13299430,242,70158,CALENDAR,REGULAR_SEASON,Regular Season,LEAGUE,39833,Philadelphia Union,Visita,1ST,28/05/2025,,0,56%,0.69,0,8,1,4,,169,10,8,0,,3,0,3,2,5,3,0,0,0,,3,2,114,14,41,,14/30 (47%),4/12 (33%),48%,6,16/37 (43%),13/23 (57%),1/4 (25%),60%,10,2,26,9,,1,,,,,4
13299430,242,70158,CALENDAR,REGULAR_SEASON,Regular Season,LEAGUE,39833,Philadelphia Union,Visita,2ND,28/05/2025,,2,59%,0.67,1,6,2,5,,202,6,5,2,,3,0,3,0,3,3,1,0,0,,0,1,142,13,42,,19/29 (66%),3/10 (30%),39%,3,13/38 (34%),11/23 (48%),2/11 (18%),100%,6,6,32,9,,2,,,,,3
13299468,242,70158,CALENDAR,REGULAR_SEASON,Regular Season,LEAGUE,2512,FC Dallas,Local,ALL,31/05/2025,,0,31%,0.55,1,7,1,2,11,289,7,15,4,1,2,0,4,1,2,5,,1,1,5,1,1,203,24,35,29/53 (55%),21/51 (41%),1/6 (17%),44%,7,26/55 (47%),21/51 (41%),5/16 (31%),71%,7,9,37,48,,1,0.58,,1,,21
13299468,242,70158,CALENDAR,REGULAR_SEASON,Regular Season,LEAGUE,2512,FC Dallas,Local,1ST,31/05/2025,,0,44%,0.41,1,4,0,1,,194,5,10,2,1,0,0,3,1,1,3,,1,1,,1,1,151,17,17,,8/18 (44%),1/5 (20%),58%,3,18/28 (64%),11/22 (50%),4/8 (50%),80%,5,2,17,20,,0,,,,,8
13299468,242,70158,CALENDAR,REGULAR_SEASON,Regular Season,LEAGUE,2512,FC Dallas,Local,2ND,31/05/2025,,0,19%,0.14,0,3,1,1,,95,2,5,2,0,2,0,1,0,1,2,,0,0,,0,0,52,7,18,,13/33 (39%),0/1 (0%),32%,4,8/27 (30%),10/29 (34%),1/8 (13%),50%,2,7,20,28,,1,,,,,13
13299468,242,70158,CALENDAR,REGULAR_SEASON,Regular Season,LEAGUE,39833,Philadelphia Union,Visita,ALL,31/05/2025,,0,69%,1.93,4,24,2,11,15,599,18,11,1,0,1,1,18,5,15,9,,4,0,40,2,0,510,19,108,229/284 (81%),22/44 (50%),15/51 (29%),56%,4,29/55 (53%),30/51 (59%),1/4 (25%),50%,18,11,52,16,,2,0.12,,0,,4
13299468,242,70158,CALENDAR,REGULAR_SEASON,Regular Season,LEAGUE,39833,Philadelphia Union,Visita,1ST,31/05/2025,,0,56%,0.92,2,11,0,6,,231,7,3,0,0,0,0,7,4,7,4,,2,0,,2,0,194,7,40,,13/24 (54%),4/20 (20%),42%,3,10/28 (36%),11/22 (50%),0/2 (0%),71%,7,5,27,9,,0,,,,,3
13299468,242,70158,CALENDAR,REGULAR_SEASON,Regular Season,LEAGUE,39833,Philadelphia Union,Visita,2ND,31/05/2025,,0,81%,1.01,2,13,2,5,,368,11,8,1,0,1,1,11,1,8,5,,2,0,,0,0,316,12,68,,9/20 (45%),11/31 (35%),68%,1,19/27 (70%),19/29 (66%),1/2 (50%),36%,11,6,25,7,,2,,,,,1
13299485,242,70158,CALENDAR,REGULAR_SEASON,Regular Season,LEAGUE,39833,Philadelphia Union,Local,ALL,14/06/2025,,2,48%,1.19,2,19,1,8,17,392,21,11,4,,9,0,5,5,9,10,,2,1,20,3,3,304,17,68,112/149 (75%),30/55 (55%),3/31 (10%),46%,8,34/74 (46%),18/39 (46%),3/11 (27%),62%,21,11,60,18,0,1,-0.11,0,,,4
13299485,242,70158,CALENDAR,REGULAR_SEASON,Regular Season,LEAGUE,39833,Philadelphia Union,Local,1ST,14/06/2025,,1,58%,0.38,1,11,0,4,,231,8,5,2,,3,0,4,4,6,5,,1,0,,0,2,176,12,32,,13/28 (46%),2/14 (14%),43%,2,13/29 (45%),9/22 (41%),1/3 (33%),63%,8,3,28,5,,0,,,,,2
13299485,242,70158,CALENDAR,REGULAR_SEASON,Regular Season,LEAGUE,39833,Philadelphia Union,Local,2ND,14/06/2025,,1,40%,0.82,1,8,1,4,,161,13,6,2,,6,0,1,1,3,5,,1,1,,3,1,128,5,36,,17/27 (63%),1/17 (6%),48%,6,21/45 (47%),9/17 (53%),2/8 (25%),62%,13,8,32,13,,1,,,,,2
13299485,242,70158,CALENDAR,REGULAR_SEASON,Regular Season,LEAGUE,404108,Charlotte FC,Visita,ALL,14/06/2025,,1,52%,0.47,0,8,7,4,11,432,16,17,2,,2,0,4,2,5,3,,0,2,17,1,1,334,25,55,59/98 (60%),24/66 (36%),5/20 (25%),54%,6,40/74 (54%),21/39 (54%),8/23 (35%),81%,16,10,42,28,1,7,-0.11,1,,,8
13299485,242,70158,CALENDAR,REGULAR_SEASON,Regular Season,LEAGUE,404108,Charlotte FC,Visita,1ST,14/06/2025,,0,42%,0.33,0,4,2,1,,174,4,9,2,,0,0,3,1,2,2,,0,0,,0,1,122,15,32,,8/33 (24%),2/6 (33%),57%,1,16/29 (55%),13/22 (59%),4/11 (36%),75%,4,7,16,16,,2,,,,,5
13299485,242,70158,CALENDAR,REGULAR_SEASON,Regular Season,LEAGUE,404108,Charlotte FC,Visita,2ND,14/06/2025,,1,60%,0.14,0,4,5,3,,258,12,8,0,,2,0,1,1,3,1,,0,2,,1,0,212,10,23,,16/33 (48%),3/14 (21%),52%,5,24/45 (53%),8/17 (47%),4/12 (33%),83%,12,3,26,12,,5,,,,,3
13299497,242,70158,CALENDAR,REGULAR_SEASON,Regular Season,LEAGUE,2505,Chicago Fire,Local,ALL,25/06/2025,,0,55%,1.03,0,15,2,1,21,469,17,21,1,,2,1,7,6,8,7,0,,,20,2,,384,19,50,59/100 (59%),21/47 (45%),1/4 (25%),51%,12,48/92 (52%),16/34 (47%),12/22 (55%),71%,17,10,51,25,,2,-0.15,,1,,5
13299497,242,70158,CALENDAR,REGULAR_SEASON,Regular Season,LEAGUE,2505,Chicago Fire,Local,1ST,25/06/2025,,0,54%,0.60,0,7,2,1,,230,8,8,0,,1,1,4,2,3,4,0,,,,0,,188,8,22,,7/23 (30%),1/2 (50%),49%,4,21/36 (58%),7/21 (33%),6/8 (75%),75%,8,3,26,17,,2,,,,,3
13299497,242,70158,CALENDAR,REGULAR_SEASON,Regular Season,LEAGUE,2505,Chicago Fire,Local,2ND,25/06/2025,,0,55%,0.43,0,8,0,0,,239,9,13,1,,1,0,3,4,5,3,0,,,,2,,196,11,28,,14/24 (58%),0/2 (0%),52%,8,27/56 (48%),9/13 (69%),6/14 (43%),67%,9,7,25,8,,0,,,,,2
13299497,242,70158,CALENDAR,REGULAR_SEASON,Regular Season,LEAGUE,39833,Philadelphia Union,Visita,ALL,25/06/2025,,1,45%,1.26,1,11,1,4,21,386,22,20,5,,3,1,5,3,4,7,1,,,23,2,,305,26,52,71/109 (65%),15/49 (31%),4/15 (27%),49%,11,44/92 (48%),18/34 (53%),5/11 (45%),50%,22,7,49,14,,1,0.03,,0,,12
13299497,242,70158,CALENDAR,REGULAR_SEASON,Regular Season,LEAGUE,39833,Philadelphia Union,Visita,1ST,25/06/2025,,1,46%,1.14,1,8,1,3,,190,6,8,1,,3,1,3,2,2,6,1,,,,2,,149,12,28,,9/24 (38%),3/12 (25%),51%,5,15/36 (42%),14/21 (67%),3/6 (50%),50%,6,4,28,6,,1,,,,,6
13299497,242,70158,CALENDAR,REGULAR_SEASON,Regular Season,LEAGUE,39833,Philadelphia Union,Visita,2ND,25/06/2025,,0,45%,0.12,0,3,0,1,,196,16,12,4,,0,0,2,1,2,1,0,,,,0,,156,14,24,,6/25 (24%),1/3 (33%),48%,6,29/56 (52%),4/13 (31%),2/5 (40%),50%,16,3,21,8,,0,,,,,6
13299520,242,70158,CALENDAR,REGULAR_SEASON,Regular Season,LEAGUE,2504,Columbus Crew,Local,ALL,29/06/2025,,1,60%,0.88,2,7,0,2,16,493,14,17,2,,3,0,1,3,5,2,1,1,,12,5,1,426,19,40,58/79 (73%),15/29 (52%),2/7 (29%),42%,10,34/74 (46%),10/31 (32%),5/16 (31%),71%,14,9,46,23,3,0,0.00,,,0,8
13299520,242,70158,CALENDAR,REGULAR_SEASON,Regular Season,LEAGUE,2504,Columbus Crew,Local,1ST,29/06/2025,,1,64%,0.50,1,5,0,0,,264,10,10,0,,2,0,1,2,3,2,1,0,,,5,1,240,11,28,,10/13 (77%),2/5 (40%),45%,5,20/44 (45%),5/12 (42%),2/9 (22%),70%,10,5,19,6,,0,,,,,3
13299520,242,70158,CALENDAR,REGULAR_SEASON,Regular Season,LEAGUE,2504,Columbus Crew,Local,2ND,29/06/2025,,0,55%,0.39,1,2,0,2,,229,4,7,2,,1,0,0,1,2,0,0,1,,,0,0,186,8,12,,5/16 (31%),0/2 (0%),39%,5,14/30 (47%),5/19 (26%),3/7 (43%),75%,4,4,27,17,,0,,,,,5
13299520,242,70158,CALENDAR,REGULAR_SEASON,Regular Season,LEAGUE,39833,Philadelphia Union,Visita,ALL,29/06/2025,,0,40%,0.45,1,6,2,3,17,325,21,16,6,,0,0,5,1,4,2,0,1,,21,1,2,244,18,53,49/96 (51%),32/58 (55%),3/11 (27%),58%,7,40/74 (54%),21/31 (68%),3/10 (30%),81%,21,6,47,15,0,2,0.05,,,1,5
13299520,242,70158,CALENDAR,REGULAR_SEASON,Regular Season,LEAGUE,39833,Philadelphia Union,Visita,1ST,29/06/2025,,0,36%,0.08,0,1,1,0,,148,12,9,3,,0,0,1,0,0,1,0,0,,,1,1,116,6,17,,15/25 (60%),0/2 (0%),55%,5,24/44 (55%),7/12 (58%),3/8 (38%),75%,12,1,21,7,,1,,,,,4
13299520,242,70158,CALENDAR,REGULAR_SEASON,Regular Season,LEAGUE,39833,Philadelphia Union,Visita,2ND,29/06/2025,,0,45%,0.38,1,5,1,3,,177,9,7,3,,0,0,4,1,4,1,0,1,,,0,1,128,12,36,,17/33 (52%),3/9 (33%),61%,2,16/30 (53%),14/19 (74%),0/2 (0%),89%,9,5,26,8,,1,,,,,1
13295813,242,70158,CALENDAR,REGULAR_SEASON,Regular Season,LEAGUE,337612,Nashville SC,Local,ALL,05/07/2025,,1,50%,2.48,3,12,2,4,12,360,13,11,1,1,4,1,6,2,9,3,1,2,1,20,2,2,275,20,52,50/91 (55%),15/44 (34%),5/11 (45%),48%,8,37/69 (54%),15/40 (38%),13/20 (65%),62%,13,10,38,33,1,2,0.40,0,0,,8
13295813,242,70158,CALENDAR,REGULAR_SEASON,Regular Season,LEAGUE,337612,Nashville SC,Local,1ST,05/07/2025,,0,63%,1.04,1,9,0,2,,234,7,4,0,0,2,1,5,2,6,3,0,1,0,,1,1,195,10,26,,6/16 (38%),4/8 (50%),43%,5,16/31 (52%),4/16 (25%),6/8 (75%),71%,7,5,23,12,,0,,,,,3
13295813,242,70158,CALENDAR,REGULAR_SEASON,Regular Season,LEAGUE,337612,Nashville SC,Local,2ND,05/07/2025,,1,36%,1.44,2,3,2,2,,126,6,7,1,1,2,0,1,0,3,0,1,1,1,,1,1,80,10,26,,9/28 (32%),1/3 (33%),52%,3,21/38 (55%),11/24 (46%),7/12 (58%),50%,6,5,15,21,,2,,,,,5
13295813,242,70158,CALENDAR,REGULAR_SEASON,Regular Season,LEAGUE,39833,Philadelphia Union,Visita,ALL,05/07/2025,,0,50%,1.20,2,11,3,3,12,355,15,12,4,0,3,1,7,1,7,4,0,2,0,21,4,1,281,24,62,85/122 (70%),19/44 (43%),7/23 (30%),52%,7,32/69 (46%),25/40 (63%),5/11 (45%),73%,15,5,34,13,0,3,1.65,1,2,,7
13295813,242,70158,CALENDAR,REGULAR_SEASON,Regular Season,LEAGUE,39833,Philadelphia Union,Visita,1ST,05/07/2025,,0,37%,0.21,0,4,2,1,,135,7,7,0,0,1,0,2,1,3,1,0,0,0,,2,0,99,12,23,,11/27 (41%),2/10 (20%),57%,4,15/31 (48%),12/16 (75%),1/4 (25%),86%,7,3,16,7,,2,,,,,6
13295813,242,70158,CALENDAR,REGULAR_SEASON,Regular Season,LEAGUE,39833,Philadelphia Union,Visita,2ND,05/07/2025,,0,64%,1.00,2,7,1,2,,220,8,5,4,0,2,1,5,0,4,3,0,2,0,,2,1,182,12,39,,8/17 (47%),5/13 (38%),48%,3,17/38 (45%),13/24 (54%),4/7 (57%),63%,8,2,18,6,,1,,,,,1
13295827,242,70158,CALENDAR,REGULAR_SEASON,Regular Season,LEAGUE,39833,Philadelphia Union,Local,ALL,12/07/2025,,2,52%,2.53,5,17,1,8,13,469,17,11,2,,5,0,9,3,10,7,2,3,1,24,4,2,346,28,61,104/159 (65%),21/62 (34%),6/17 (35%),54%,9,32/66 (48%),31/51 (61%),4/6 (67%),71%,17,15,57,22,,1,0.10,0,,1,5
13295827,242,70158,CALENDAR,REGULAR_SEASON,Regular Season,LEAGUE,39833,Philadelphia Union,Local,1ST,12/07/2025,,2,60%,1.87,3,10,0,5,,270,7,7,0,,3,0,5,2,7,3,2,1,1,,3,1,195,17,29,,11/31 (35%),4/11 (36%),57%,4,15/28 (54%),20/33 (61%),1/1 (100%),86%,7,7,31,9,,0,,,,,1
13295827,242,70158,CALENDAR,REGULAR_SEASON,Regular Season,LEAGUE,39833,Philadelphia Union,Local,2ND,12/07/2025,,0,44%,0.66,2,7,1,3,,199,10,4,2,,2,0,4,1,3,4,0,2,0,,1,1,151,11,32,,10/31 (32%),2/6 (33%),50%,5,17/38 (45%),11/18 (61%),3/5 (60%),60%,10,8,26,13,,1,,,,,4
13295827,242,70158,CALENDAR,REGULAR_SEASON,Regular Season,LEAGUE,2506,New York Red Bulls,Visita,ALL,12/07/2025,,0,48%,0.60,0,8,3,5,11,432,11,13,2,,1,0,5,2,6,2,0,0,0,16,2,1,322,15,55,69/111 (62%),20/64 (31%),5/14 (36%),46%,10,34/66 (52%),20/51 (39%),11/18 (61%),27%,11,26,53,18,,3,0.46,1,,0,10
13295827,242,70158,CALENDAR,REGULAR_SEASON,Regular Season,LEAGUE,2506,New York Red Bulls,Visita,1ST,12/07/2025,,0,40%,0.00,0,0,1,1,,180,4,6,0,,0,0,0,0,0,0,0,0,0,,0,0,116,7,27,,7/34 (21%),1/5 (20%),43%,5,13/28 (46%),13/33 (39%),3/5 (60%),50%,4,15,28,9,,1,,,,,5
13295827,242,70158,CALENDAR,REGULAR_SEASON,Regular Season,LEAGUE,2506,New York Red Bulls,Visita,2ND,12/07/2025,,0,56%,0.60,0,8,2,4,,252,7,7,2,,1,0,5,2,6,2,0,0,0,,2,1,206,8,28,,13/30 (43%),4/9 (44%),50%,5,21/38 (55%),7/18 (39%),8/13 (62%),14%,7,11,25,9,,2,,,,,5
13295843,242,70158,CALENDAR,REGULAR_SEASON,Regular Season,LEAGUE,39833,Philadelphia Union,Local,ALL,16/07/2025,,2,59%,1.58,2,17,3,9,17,398,13,8,2,,6,0,5,6,10,7,1,1,1,23,3,0,330,19,60,102/142 (72%),24/40 (60%),6/23 (26%),49%,7,26/66 (39%),21/30 (70%),5/17 (29%),92%,13,7,46,35,0,3,0.67,1,0,0,5
13295843,242,70158,CALENDAR,REGULAR_SEASON,Regular Season,LEAGUE,39833,Philadelphia Union,Local,1ST,16/07/2025,,1,58%,0.92,1,7,1,3,,192,10,4,2,,2,0,2,3,5,2,1,0,0,,1,0,153,9,28,,10/21 (48%),2/11 (18%),50%,4,18/37 (49%),9/17 (53%),4/9 (44%),90%,10,4,24,18,,1,,,,,3
13295843,242,70158,CALENDAR,REGULAR_SEASON,Regular Season,LEAGUE,39833,Philadelphia Union,Local,2ND,16/07/2025,,1,59%,0.66,1,10,2,6,,206,3,4,0,,4,0,3,3,5,5,0,1,1,,2,0,177,10,32,,14/19 (74%),4/12 (33%),48%,3,8/29 (28%),12/13 (92%),1/8 (13%),100%,3,3,22,17,,2,,,,,2
13295843,242,70158,CALENDAR,REGULAR_SEASON,Regular Season,LEAGUE,22006,CF Montréal,Visita,ALL,16/07/2025,,1,41%,1.53,2,11,4,4,8,282,19,17,2,,4,1,5,2,9,2,1,1,0,18,2,2,206,23,52,38/71 (54%),23/58 (40%),3/10 (30%),51%,6,40/66 (61%),9/30 (30%),5/12 (42%),63%,19,2,35,30,1,4,0.98,2,4,1,4
13295843,242,70158,CALENDAR,REGULAR_SEASON,Regular Season,LEAGUE,22006,CF Montréal,Visita,1ST,16/07/2025,,1,42%,0.80,1,6,1,0,,141,9,9,1,,2,0,3,1,4,2,1,0,0,,2,2,103,16,30,,11/28 (39%),1/3 (33%),50%,6,19/37 (51%),8/17 (47%),2/6 (33%),56%,9,1,19,13,,1,,,,,1
13295843,242,70158,CALENDAR,REGULAR_SEASON,Regular Season,LEAGUE,22006,CF Montréal,Visita,2ND,16/07/2025,,0,41%,0.74,1,5,3,4,,141,10,8,1,,2,1,2,1,5,0,0,1,0,,0,0,103,7,22,,12/30 (40%),2/7 (29%),52%,0,21/29 (72%),1/13 (8%),3/6 (50%),70%,10,1,16,17,,3,,,,,3
13295858,242,70158,CALENDAR,REGULAR_SEASON,Regular Season,LEAGUE,2508,Houston Dynamo,Local,ALL,19/07/2025,,1,60%,1.74,4,11,1,2,19,486,14,24,3,0,3,2,7,1,5,6,1,3,1,14,4,1,408,18,50,70/95 (74%),31/67 (46%),3/15 (20%),46%,7,40/80 (50%),11/30 (37%),3/10 (30%),50%,14,10,41,28,,1,-0.05,,1,1,4
13295858,242,70158,CALENDAR,REGULAR_SEASON,Regular Season,LEAGUE,2508,Houston Dynamo,Local,1ST,19/07/2025,,1,63%,1.47,3,5,0,0,,245,4,14,1,0,3,0,1,1,3,2,1,2,1,,2,1,214,11,16,,16/30 (53%),1/7 (14%),45%,5,19/41 (46%),6/15 (40%),2/4 (50%),50%,4,5,20,16,,0,,,,,1
13295858,242,70158,CALENDAR,REGULAR_SEASON,Regular Season,LEAGUE,2508,Houston Dynamo,Local,2ND,19/07/2025,,0,58%,0.27,1,6,1,2,,241,10,10,2,0,0,2,6,0,2,4,0,1,0,,2,0,194,7,34,,15/37 (41%),2/8 (25%),48%,2,21/39 (54%),5/15 (33%),1/6 (17%),50%,10,5,21,12,,1,,,,,3
13295858,242,70158,CALENDAR,REGULAR_SEASON,Regular Season,LEAGUE,39833,Philadelphia Union,Visita,ALL,19/07/2025,,1,40%,1.39,3,12,2,4,25,311,14,19,4,1,2,0,5,5,9,3,1,2,0,19,5,0,215,15,31,52/87 (60%),14/36 (39%),9/21 (43%),54%,10,40/80 (50%),19/30 (63%),7/11 (64%),50%,14,9,44,22,,2,-0.15,,0,1,7
13295858,242,70158,CALENDAR,REGULAR_SEASON,Regular Season,LEAGUE,39833,Philadelphia Union,Visita,1ST,19/07/2025,,1,37%,0.70,1,5,2,2,,135,7,11,3,0,1,0,1,3,3,2,1,0,0,,3,0,86,4,19,,10/19 (53%),3/12 (25%),55%,3,22/41 (54%),9/15 (60%),4/5 (80%),43%,7,5,22,9,,2,,,,,3
13295858,242,70158,CALENDAR,REGULAR_SEASON,Regular Season,LEAGUE,39833,Philadelphia Union,Visita,2ND,19/07/2025,,0,42%,0.69,2,7,0,2,,176,7,8,1,1,1,0,4,2,6,1,0,2,0,,2,0,129,11,12,,4/17 (24%),6/9 (67%),52%,7,18/39 (46%),10/15 (67%),3/6 (50%),57%,7,4,22,13,,0,,,,,4
13295876,242,70158,CALENDAR,REGULAR_SEASON,Regular Season,LEAGUE,39833,Philadelphia Union,Local,ALL,26/07/2025,,3,61%,4.00,8,27,0,11,14,492,13,9,1,,11,1,12,4,20,7,2,6,2,41,3,1,419,17,61,126/161 (78%),13/35 (37%),9/33 (27%),51%,8,29/57 (51%),14/27 (52%),8/11 (73%),77%,13,7,45,18,,0,-0.07,0,0,0,5
13295876,242,70158,CALENDAR,REGULAR_SEASON,Regular Season,LEAGUE,39833,Philadelphia Union,Local,1ST,26/07/2025,,0,67%,1.92,3,12,0,3,,295,7,3,0,,7,1,4,1,9,3,0,3,0,,1,0,251,12,35,,7/19 (37%),6/15 (40%),53%,4,11/19 (58%),5/11 (45%),1/1 (100%),71%,7,4,24,6,,0,,,,,3
13295876,242,70158,CALENDAR,REGULAR_SEASON,Regular Season,LEAGUE,39833,Philadelphia Union,Local,2ND,26/07/2025,,3,54%,2.08,5,15,0,8,,197,6,6,1,,4,0,8,3,11,4,2,3,2,,2,1,168,5,26,,6/16 (38%),3/18 (17%),50%,4,18/38 (47%),9/16 (56%),7/10 (70%),83%,6,3,21,12,,0,,,,,2
13295876,242,70158,CALENDAR,REGULAR_SEASON,Regular Season,LEAGUE,2510,Colorado Rapids,Visita,ALL,26/07/2025,,1,39%,0.58,3,5,8,1,9,320,11,14,3,,1,1,4,0,4,1,1,2,1,18,2,3,226,24,53,48/92 (52%),21/64 (33%),1/8 (13%),49%,7,28/57 (49%),13/27 (48%),4/10 (40%),64%,11,5,41,28,,8,0.83,1,2,2,16
13295876,242,70158,CALENDAR,REGULAR_SEASON,Regular Season,LEAGUE,2510,Colorado Rapids,Visita,1ST,26/07/2025,,1,33%,0.50,2,4,7,0,,145,4,5,0,,1,1,3,0,3,1,1,1,1,,1,1,98,15,32,,7/31 (23%),0/2 (0%),47%,4,8/19 (42%),6/11 (55%),0/3 (0%),100%,4,3,26,12,,7,,,,,6
13295876,242,70158,CALENDAR,REGULAR_SEASON,Regular Season,LEAGUE,2510,Colorado Rapids,Visita,2ND,26/07/2025,,0,46%,0.08,1,1,1,1,,175,7,9,3,,0,0,1,0,1,0,0,1,0,,1,2,128,9,21,,14/33 (42%),1/6 (17%),50%,3,20/38 (53%),7/16 (44%),4/7 (57%),43%,7,2,15,16,,1,,,,,10
13295884,242,70158,CALENDAR,REGULAR_SEASON,Regular Season,LEAGUE,39833,Philadelphia Union,Local,ALL,09/08/2025,,1,50%,1.56,4,12,3,5,16,384,23,8,3,,3,0,8,1,9,3,1,3,0,26,2,1,293,28,57,86/126 (68%),21/46 (46%),7/20 (35%),51%,8,35/71 (49%),13/24 (54%),4/11 (36%),61%,23,11,49,25,,3,0.76,1,0,0,6
13295884,242,70158,CALENDAR,REGULAR_SEASON,Regular Season,LEAGUE,39833,Philadelphia Union,Local,1ST,09/08/2025,,1,51%,0.82,2,3,1,2,,203,8,3,1,,1,0,2,0,3,0,1,1,0,,1,0,152,13,24,,12/28 (43%),2/6 (33%),43%,4,13/30 (43%),7/16 (44%),2/4 (50%),88%,8,6,26,12,,1,,,,,3
13295884,242,70158,CALENDAR,REGULAR_SEASON,Regular Season,LEAGUE,39833,Philadelphia Union,Local,2ND,09/08/2025,,0,50%,0.75,2,9,2,3,,181,15,5,2,,2,0,6,1,6,3,0,2,0,,1,1,141,15,33,,9/18 (50%),5/14 (36%),57%,4,22/41 (54%),6/8 (75%),2/7 (29%),47%,15,5,23,13,,2,,,,,3
13295884,242,70158,CALENDAR,REGULAR_SEASON,Regular Season,LEAGUE,7080,Toronto FC,Visita,ALL,09/08/2025,,1,50%,1.54,1,10,2,8,8,383,15,16,3,,4,0,4,2,10,0,1,0,1,19,0,0,294,17,65,46/88 (52%),27/67 (40%),5/17 (29%),49%,13,36/71 (51%),11/24 (46%),5/15 (33%),73%,15,9,47,33,,2,0.18,1,1,2,12
13295884,242,70158,CALENDAR,REGULAR_SEASON,Regular Season,LEAGUE,7080,Toronto FC,Visita,1ST,09/08/2025,,0,49%,0.13,0,3,0,3,,197,6,9,0,,1,0,2,0,3,0,0,0,0,,0,0,151,9,39,,16/37 (43%),1/7 (14%),57%,3,17/30 (57%),9/16 (56%),2/7 (29%),83%,6,6,25,14,,0,,,,,4
13295884,242,70158,CALENDAR,REGULAR_SEASON,Regular Season,LEAGUE,7080,Toronto FC,Visita,2ND,09/08/2025,,1,50%,1.41,1,7,2,5,,186,9,7,3,,3,0,2,2,7,0,1,0,1,,0,0,143,8,26,,11/30 (37%),4/10 (40%),43%,10,19/41 (46%),2/8 (25%),3/8 (38%),67%,9,3,22,19,,2,,,,,8
14146876,495,71737,CALENDAR,REGULAR,Quarterfinals,CUP,39833,Philadelphia Union,Local,ALL,13/08/2025,27,3,48%,2.02,4,12,2,0,15,354,17,21,2,,5,0,4,3,9,3,3,1,,21,6,2,255,24,51,48/79 (61%),20/48 (42%),3/14 (21%),55%,7,42/70 (60%),12/29 (41%),5/7 (71%),82%,17,10,49,19,0,2,,,0,1,5
14146876,495,71737,CALENDAR,REGULAR,Quarterfinals,CUP,39833,Philadelphia Union,Local,1ST,13/08/2025,27,1,45%,0.00,2,3,2,0,,177,5,10,0,,2,0,1,0,3,0,1,1,,,2,0,130,14,25,,11/23 (48%),2/5 (40%),51%,4,15/29 (52%),9/18 (50%),1/1 (100%),80%,5,4,22,5,,2,,,,,3
14146876,495,71737,CALENDAR,REGULAR,Quarterfinals,CUP,39833,Philadelphia Union,Local,2ND,13/08/2025,27,2,51%,0.00,2,9,0,0,,177,12,11,2,,3,0,3,3,6,3,2,0,,,4,2,125,10,26,,9/25 (36%),1/9 (11%),58%,3,27/41 (66%),3/11 (27%),4/6 (67%),83%,12,6,27,14,,0,,,,,2
14146876,495,71737,CALENDAR,REGULAR,Quarterfinals,CUP,2506,New York Red Bulls,Visita,ALL,13/08/2025,27,2,52%,1.13,1,12,2,5,21,379,9,15,4,,4,0,5,3,7,5,0,1,,15,2,0,271,19,70,62/114 (54%),18/60 (30%),4/14 (29%),45%,6,28/70 (40%),17/29 (59%),4/15 (27%),67%,9,8,54,20,1,2,,,1,1,4
14146876,495,71737,CALENDAR,REGULAR,Quarterfinals,CUP,2506,New York Red Bulls,Visita,1ST,13/08/2025,27,1,55%,0.00,1,7,1,2,,215,4,9,2,,3,0,3,1,4,3,0,1,,,0,0,157,12,38,,9/33 (27%),2/5 (40%),49%,4,14/29 (48%),9/18 (50%),1/2 (50%),75%,4,4,27,7,,1,,,,,0
14146876,495,71737,CALENDAR,REGULAR,Quarterfinals,CUP,2506,New York Red Bulls,Visita,2ND,13/08/2025,27,1,49%,0.00,0,5,1,3,,164,5,6,2,,1,0,2,2,3,2,0,0,,,2,0,114,7,32,,9/27 (33%),2/9 (22%),42%,2,14/41 (34%),8/11 (73%),3/13 (23%),60%,5,4,27,13,,1,,,,,4
13265540,242,70158,CALENDAR,REGULAR_SEASON,Regular Season,LEAGUE,2506,New York Red Bulls,Local,ALL,16/08/2025,,1,51%,0.31,0,7,1,1,13,398,10,8,2,,2,0,3,2,5,2,,0,,16,2,3,281,29,61,57/107 (53%),23/65 (35%),2/7 (29%),54%,12,26/65 (40%),42/62 (68%),8/16 (50%),50%,10,10,61,38,,1,0.92,,2,,5
13265540,242,70158,CALENDAR,REGULAR_SEASON,Regular Season,LEAGUE,2506,New York Red Bulls,Local,1ST,16/08/2025,,0,57%,0.16,0,5,0,0,,242,4,4,0,,1,0,2,2,3,2,,0,,,1,0,181,12,30,,11/33 (33%),1/3 (33%),55%,6,12/32 (38%),23/32 (72%),4/8 (50%),75%,4,3,35,21,,0,,,,,2
13265540,242,70158,CALENDAR,REGULAR_SEASON,Regular Season,LEAGUE,2506,New York Red Bulls,Local,2ND,16/08/2025,,1,45%,0.14,0,2,1,1,,156,6,4,2,,1,0,1,0,2,0,,0,,,1,3,100,17,31,,12/32 (38%),1/4 (25%),52%,6,14/33 (42%),19/30 (63%),4/8 (50%),33%,6,7,26,17,,1,,,,,3
13265540,242,70158,CALENDAR,REGULAR_SEASON,Regular Season,LEAGUE,39833,Philadelphia Union,Visita,ALL,16/08/2025,,0,49%,1.37,1,11,1,2,8,371,20,12,0,,1,0,5,5,5,6,,1,,24,5,0,251,34,75,79/135 (59%),25/79 (32%),5/20 (25%),46%,4,39/65 (60%),20/62 (32%),6/12 (50%),65%,20,9,61,25,,1,-0.30,,0,,9
13265540,242,70158,CALENDAR,REGULAR_SEASON,Regular Season,LEAGUE,39833,Philadelphia Union,Visita,1ST,16/08/2025,,0,43%,0.37,0,4,1,0,,180,10,6,0,,0,0,2,2,3,1,,0,,,2,0,121,16,34,,12/36 (33%),4/10 (40%),45%,2,20/32 (63%),9/32 (28%),4/6 (67%),60%,10,8,35,15,,1,,,,,3
13265540,242,70158,CALENDAR,REGULAR_SEASON,Regular Season,LEAGUE,39833,Philadelphia Union,Visita,2ND,16/08/2025,,0,55%,0.99,1,7,0,2,,191,10,6,0,,1,0,3,3,2,5,,1,,,3,0,130,18,41,,13/43 (30%),1/10 (10%),48%,2,19/33 (58%),11/30 (37%),2/6 (33%),70%,10,1,26,10,,0,,,,,6
13265549,242,70158,CALENDAR,REGULAR_SEASON,Regular Season,LEAGUE,39833,Philadelphia Union,Local,ALL,23/08/2025,,4,52%,2.70,5,23,2,6,16,455,24,10,3,,8,1,9,6,11,12,2,3,,34,3,3,387,17,62,128/170 (75%),26/44 (59%),7/20 (35%),53%,9,44/88 (50%),19/31 (61%),11/20 (55%),63%,24,10,59,22,0,2,0.29,0,,0,7
13265549,242,70158,CALENDAR,REGULAR_SEASON,Regular Season,LEAGUE,39833,Philadelphia Union,Local,1ST,23/08/2025,,1,58%,1.90,4,10,1,3,,246,10,5,1,,3,1,6,1,5,5,1,3,,,2,1,211,10,27,,9/14 (64%),4/15 (27%),60%,3,22/41 (54%),8/9 (89%),8/11 (73%),70%,10,6,23,9,,1,,,,,2
13265549,242,70158,CALENDAR,REGULAR_SEASON,Regular Season,LEAGUE,39833,Philadelphia Union,Local,2ND,23/08/2025,,3,46%,0.81,1,13,1,3,,209,14,5,2,,5,0,3,5,6,7,1,0,,,1,2,176,7,35,,17/30 (57%),3/5 (60%),48%,6,22/47 (47%),11/22 (50%),3/9 (33%),57%,14,4,36,13,,1,,,,,5
13265549,242,70158,CALENDAR,REGULAR_SEASON,Regular Season,LEAGUE,2505,Chicago Fire,Visita,ALL,23/08/2025,,0,48%,0.25,0,7,4,4,10,426,18,16,2,,2,1,3,2,2,5,0,0,,17,4,1,350,17,30,48/68 (71%),16/30 (53%),2/11 (18%),47%,11,44/88 (50%),12/31 (39%),10/23 (43%),72%,18,11,45,29,4,4,-1.79,1,,1,12
13265549,242,70158,CALENDAR,REGULAR_SEASON,Regular Season,LEAGUE,2505,Chicago Fire,Visita,1ST,23/08/2025,,0,42%,0.05,0,2,2,1,,189,6,6,1,,1,0,1,0,0,2,0,0,,,1,1,150,9,13,,7/15 (47%),0/2 (0%),40%,6,19/41 (46%),1/9 (11%),7/11 (64%),50%,6,8,19,16,,2,,,,,9
13265549,242,70158,CALENDAR,REGULAR_SEASON,Regular Season,LEAGUE,2505,Chicago Fire,Visita,2ND,23/08/2025,,0,54%,0.20,0,5,2,3,,237,12,10,1,,1,1,2,2,2,3,0,0,,,3,0,200,8,17,,9/15 (60%),2/9 (22%),52%,5,25/47 (53%),11/22 (50%),3/12 (25%),83%,12,3,26,13,,2,,,,,3
13299329,242,70158,CALENDAR,REGULAR_SEASON,Regular Season,LEAGUE,215167,FC Cincinnati,Local,ALL,30/08/2025,,0,58%,1.41,2,13,3,7,13,456,9,17,2,0,3,0,4,6,8,5,0,2,,27,4,1,348,20,58,79/120 (66%),22/57 (39%),3/23 (13%),54%,11,35/67 (52%),25/44 (57%),9/14 (64%),22%,9,7,47,30,,3,0.37,2,,,9
13299329,242,70158,CALENDAR,REGULAR_SEASON,Regular Season,LEAGUE,215167,FC Cincinnati,Local,1ST,30/08/2025,,0,47%,0.62,1,4,1,2,,180,5,9,1,0,1,0,1,2,2,2,0,1,,,2,1,132,11,22,,9/23 (39%),2/8 (25%),57%,5,17/36 (47%),13/17 (76%),3/6 (50%),20%,5,6,17,22,,1,,,,,4
13299329,242,70158,CALENDAR,REGULAR_SEASON,Regular Season,LEAGUE,215167,FC Cincinnati,Local,2ND,30/08/2025,,0,69%,0.79,1,9,2,5,,276,4,8,1,0,2,0,3,4,6,3,0,1,,,2,0,216,9,36,,13/34 (38%),1/15 (7%),52%,6,18/31 (58%),12/27 (44%),6/8 (75%),25%,4,1,30,8,,2,,,,,5
13299329,242,70158,CALENDAR,REGULAR_SEASON,Regular Season,LEAGUE,39833,Philadelphia Union,Visita,ALL,30/08/2025,,1,42%,2.33,4,14,3,4,17,337,16,13,5,1,4,1,6,4,8,6,1,3,,22,1,1,235,21,52,70/114 (61%),13/53 (25%),2/15 (13%),46%,5,32/67 (48%),19/44 (43%),3/7 (43%),63%,16,10,51,39,,3,0.25,1,,,11
13299329,242,70158,CALENDAR,REGULAR_SEASON,Regular Season,LEAGUE,39833,Philadelphia Union,Visita,1ST,30/08/2025,,0,53%,1.01,2,8,1,4,,207,8,8,2,0,1,1,3,4,4,4,0,2,,,1,1,160,11,27,,7/25 (28%),1/10 (10%),43%,4,19/36 (53%),4/17 (24%),3/4 (75%),63%,8,8,23,14,,1,,,,,0
13299329,242,70158,CALENDAR,REGULAR_SEASON,Regular Season,LEAGUE,39833,Philadelphia Union,Visita,2ND,30/08/2025,,1,31%,1.32,2,6,2,0,,130,8,5,3,1,3,0,3,0,4,2,1,1,,,0,0,75,10,25,,6/28 (21%),1/5 (20%),48%,1,13/31 (42%),15/27 (56%),0/3 (0%),63%,8,2,28,25,,2,,,,,11
13265512,242,70158,CALENDAR,REGULAR_SEASON,Regular Season,LEAGUE,22010,Vancouver Whitecaps,Local,ALL,13/09/2025,,7,57%,5.46,11,19,2,9,15,506,10,21,3,,12,0,6,1,18,1,5,6,2,36,2,1,421,15,52,76/113 (67%),34/61 (56%),7/17 (41%),52%,10,41/80 (51%),12/21 (57%),10/20 (50%),50%,10,12,55,20,,2,0.09,1,1,1,4
13265512,242,70158,CALENDAR,REGULAR_SEASON,Regular Season,LEAGUE,22010,Vancouver Whitecaps,Local,1ST,13/09/2025,,4,66%,3.20,6,10,0,6,,279,5,7,2,,6,0,3,1,10,0,4,2,0,,2,0,235,10,33,,18/30 (60%),4/11 (36%),47%,8,18/39 (46%),4/8 (50%),6/11 (55%),40%,5,6,33,7,,0,,,,,2
13265512,242,70158,CALENDAR,REGULAR_SEASON,Regular Season,LEAGUE,22010,Vancouver Whitecaps,Local,2ND,13/09/2025,,3,48%,2.25,5,9,2,3,,227,5,14,1,,6,0,3,0,8,1,1,4,2,,0,1,186,5,19,,16/31 (52%),3/6 (50%),57%,2,23/41 (56%),8/13 (62%),4/9 (44%),60%,5,6,22,13,,2,,,,,2
13265512,242,70158,CALENDAR,REGULAR_SEASON,Regular Season,LEAGUE,39833,Philadelphia Union,Visita,ALL,13/09/2025,,0,43%,0.90,1,10,5,1,23,389,20,15,3,,2,0,3,5,4,6,0,1,0,13,4,1,287,25,45,34/79 (43%),16/47 (34%),3/11 (27%),48%,6,39/80 (49%),9/21 (43%),5/9 (56%),70%,20,12,44,16,,5,-0.34,0,0,1,9
13265512,242,70158,CALENDAR,REGULAR_SEASON,Regular Season,LEAGUE,39833,Philadelphia Union,Visita,1ST,13/09/2025,,0,34%,0.17,0,3,2,1,,144,13,6,0,,0,0,1,2,0,3,0,0,0,,1,1,94,15,18,,6/19 (32%),1/4 (25%),53%,4,21/39 (54%),4/8 (50%),2/3 (67%),77%,13,9,22,10,,2,,,,,5
13265512,242,70158,CALENDAR,REGULAR_SEASON,Regular Season,LEAGUE,39833,Philadelphia Union,Visita,2ND,13/09/2025,,0,52%,0.73,1,7,3,0,,245,7,9,3,,2,0,2,3,4,3,0,1,0,,3,0,193,10,27,,10/28 (36%),2/7 (29%),43%,2,18/41 (44%),5/13 (38%),3/6 (50%),57%,7,3,22,6,,3,,,,,4
14428138,495,71737,CALENDAR,REGULAR,Semifinals,CUP,337612,Nashville SC,Local,ALL,16/09/2025,28,3,41%,2.11,5,11,3,4,15,332,7,12,2,,8,0,2,1,8,3,3,2,,15,2,2,257,21,41,35/62 (56%),19/56 (34%),0/6 (0%),44%,7,23/55 (42%),8/15 (53%),4/10 (40%),57%,7,7,46,28,,3,,,1,,7
14428138,495,71737,CALENDAR,REGULAR,Semifinals,CUP,337612,Nashville SC,Local,1ST,16/09/2025,28,1,53%,0.00,2,5,0,3,,220,6,7,0,,4,0,1,0,3,2,1,1,,,1,0,178,15,21,,9/29 (31%),0/4 (0%),47%,4,16/35 (46%),4/8 (50%),3/6 (50%),67%,6,3,25,8,,0,,,,,4
14428138,495,71737,CALENDAR,REGULAR,Semifinals,CUP,337612,Nashville SC,Local,2ND,16/09/2025,28,2,28%,0.00,3,6,3,1,,112,1,5,2,,4,0,1,1,5,1,2,1,,,1,2,79,6,20,,10/27 (37%),0/2 (0%),41%,3,7/20 (35%),4/7 (57%),1/4 (25%),0%,1,4,21,20,,3,,,,,3
14428138,495,71737,CALENDAR,REGULAR,Semifinals,CUP,39833,Philadelphia Union,Visita,ALL,16/09/2025,28,1,59%,0.55,0,9,5,3,12,483,13,15,5,,5,1,2,2,2,7,0,0,,14,0,3,397,18,97,128/186 (69%),45/72 (63%),3/19 (16%),56%,7,32/55 (58%),7/15 (47%),4/4 (100%),100%,13,7,34,5,,5,,,0,,2
14428138,495,71737,CALENDAR,REGULAR,Semifinals,CUP,39833,Philadelphia Union,Visita,1ST,16/09/2025,28,0,47%,0.00,0,0,3,1,,197,7,9,3,,0,0,0,0,0,0,0,0,,,0,0,147,8,39,,18/33 (55%),0/4 (0%),53%,6,19/35 (54%),4/8 (50%),3/3 (100%),100%,7,6,17,4,,3,,,,,1
14428138,495,71737,CALENDAR,REGULAR,Semifinals,CUP,39833,Philadelphia Union,Visita,2ND,16/09/2025,28,1,72%,0.00,0,9,2,2,,286,6,6,2,,5,1,2,2,2,7,0,0,,,0,3,250,10,58,,27/39 (69%),3/15 (20%),59%,1,13/20 (65%),3/7 (43%),1/1 (100%),100%,6,1,17,1,,2,,,,,1
13265518,242,70158,CALENDAR,REGULAR_SEASON,Regular Season,LEAGUE,39833,Philadelphia Union,Local,ALL,20/09/2025,,1,54%,1.64,3,16,1,4,12,418,17,15,1,0,4,0,7,5,9,7,1,2,,21,1,0,324,39,60,81/125 (65%),20/51 (39%),7/21 (33%),50%,9,34/72 (47%),19/33 (58%),5/11 (45%),71%,17,9,52,19,,1,0.30,0,1,1,5
13265518,242,70158,CALENDAR,REGULAR_SEASON,Regular Season,LEAGUE,39833,Philadelphia Union,Local,1ST,20/09/2025,,0,52%,0.91,1,6,0,2,,225,7,5,0,0,2,0,2,2,4,2,0,1,,,0,0,175,22,26,,8/26 (31%),2/11 (18%),48%,2,13/30 (43%),8/14 (57%),3/7 (43%),71%,7,3,25,8,,0,,,,,3
13265518,242,70158,CALENDAR,REGULAR_SEASON,Regular Season,LEAGUE,39833,Philadelphia Union,Local,2ND,20/09/2025,,1,58%,0.72,2,10,1,2,,193,10,10,1,0,2,0,5,3,5,5,1,1,,,1,0,149,17,34,,12/25 (48%),5/10 (50%),52%,7,21/42 (50%),11/19 (58%),2/4 (50%),70%,10,6,27,11,,1,,,,,2
13265518,242,70158,CALENDAR,REGULAR_SEASON,Regular Season,LEAGUE,2511,New England Revolution,Visita,ALL,20/09/2025,,0,46%,0.44,2,8,3,3,15,353,15,12,4,1,1,1,7,0,7,1,0,2,,17,1,2,262,25,57,46/87 (53%),20/64 (31%),2/11 (18%),50%,10,38/72 (53%),14/33 (42%),11/18 (61%),87%,15,14,61,39,,3,1.21,1,4,0,8
13265518,242,70158,CALENDAR,REGULAR_SEASON,Regular Season,LEAGUE,2511,New England Revolution,Visita,1ST,20/09/2025,,0,48%,0.16,0,3,2,1,,215,6,5,1,0,0,0,3,0,3,0,0,0,,,0,1,171,11,29,,14/36 (39%),1/4 (25%),52%,5,17/30 (57%),6/14 (43%),6/8 (75%),100%,6,8,33,16,,2,,,,,2
13265518,242,70158,CALENDAR,REGULAR_SEASON,Regular Season,LEAGUE,2511,New England Revolution,Visita,2ND,20/09/2025,,0,42%,0.28,2,5,1,2,,138,9,7,3,1,1,1,4,0,4,1,0,2,,,1,1,91,14,28,,6/28 (21%),1/7 (14%),48%,5,21/42 (50%),8/19 (42%),5/10 (50%),78%,9,6,28,23,,1,,,,,6
13265526,242,70158,CALENDAR,REGULAR_SEASON,Regular Season,LEAGUE,2502,DC United,Local,ALL,27/09/2025,,0,51%,1.60,2,18,2,2,17,429,17,10,2,,4,2,8,6,13,5,0,2,0,26,2,,352,18,40,65/95 (68%),23/45 (51%),4/14 (29%),52%,8,35/73 (48%),18/29 (62%),8/16 (50%),71%,17,5,52,11,,2,-1.50,,,1,4
13265526,242,70158,CALENDAR,REGULAR_SEASON,Regular Season,LEAGUE,2502,DC United,Local,1ST,27/09/2025,,0,49%,0.84,1,8,1,2,5,216,5,5,2,,0,2,5,3,7,1,0,1,0,,1,,174,8,19,,9/24 (38%),3/9 (33%),50%,4,14/32 (44%),10/16 (63%),4/9 (44%),80%,5,3,23,7,,1,,,,,2
13265526,242,70158,CALENDAR,REGULAR_SEASON,Regular Season,LEAGUE,2502,DC United,Local,2ND,27/09/2025,,0,52%,0.76,1,10,1,0,12,213,12,5,0,,4,0,3,3,6,4,0,1,0,,1,,178,10,21,,14/21 (67%),1/5 (20%),54%,4,21/41 (51%),8/13 (62%),4/7 (57%),67%,12,2,29,4,,1,,,,,2
13265526,242,70158,CALENDAR,REGULAR_SEASON,Regular Season,LEAGUE,39833,Philadelphia Union,Visita,ALL,27/09/2025,,6,49%,2.79,5,14,4,5,10,423,16,17,1,,7,0,3,4,8,6,4,1,1,16,3,,343,9,73,96/135 (71%),24/55 (44%),0/11 (0%),48%,11,38/73 (52%),11/29 (38%),6/12 (50%),63%,16,13,68,16,,4,1.11,,,1,6
13265526,242,70158,CALENDAR,REGULAR_SEASON,Regular Season,LEAGUE,39833,Philadelphia Union,Visita,1ST,27/09/2025,,3,51%,1.30,2,8,0,3,5,228,9,5,0,,3,0,3,2,4,4,2,0,0,,2,,192,5,44,,11/25 (44%),0/8 (0%),50%,3,18/32 (56%),6/16 (38%),4/6 (67%),44%,9,7,34,9,,0,,,,,2
13265526,242,70158,CALENDAR,REGULAR_SEASON,Regular Season,LEAGUE,39833,Philadelphia Union,Visita,2ND,27/09/2025,,3,48%,1.49,3,6,4,2,5,195,7,12,1,,4,0,0,2,4,2,2,1,1,,1,,151,4,29,,13/30 (43%),0/3 (0%),46%,8,20/41 (49%),5/13 (38%),2/6 (33%),86%,7,6,34,7,,4,,,,,4
13265494,242,70158,CALENDAR,REGULAR_SEASON,Regular Season,LEAGUE,39833,Philadelphia Union,Local,ALL,04/10/2025,,1,39%,0.90,5,15,2,10,9,322,21,14,3,,5,0,7,3,10,5,,5,0,27,5,2,244,22,50,88/131 (67%),16/40 (40%),3/19 (16%),51%,10,38/76 (50%),18/33 (55%),4/14 (29%),62%,21,9,50,28,1,2,0.06,1,1,,5
13265494,242,70158,CALENDAR,REGULAR_SEASON,Regular Season,LEAGUE,39833,Philadelphia Union,Local,1ST,04/10/2025,,1,42%,0.52,3,8,1,7,,155,9,7,2,,3,0,3,2,6,2,,3,0,,4,1,126,9,16,,4/12 (33%),2/14 (14%),51%,5,16/32 (50%),7/13 (54%),1/6 (17%),33%,9,4,21,11,,1,,,,,3
13265494,242,70158,CALENDAR,REGULAR_SEASON,Regular Season,LEAGUE,39833,Philadelphia Union,Local,2ND,04/10/2025,,0,37%,0.38,2,7,1,3,,167,12,7,1,,2,0,4,1,4,3,,2,0,,1,1,118,13,34,,12/28 (43%),1/5 (20%),52%,5,22/44 (50%),11/20 (55%),3/8 (38%),83%,12,5,29,17,,1,,,,,2
13265494,242,70158,CALENDAR,REGULAR_SEASON,Regular Season,LEAGUE,187643,New York City FC,Visita,ALL,04/10/2025,,0,61%,0.52,3,7,4,5,14,504,20,9,1,,2,0,3,2,4,3,,3,2,23,0,2,415,17,62,73/120 (61%),17/41 (41%),2/23 (9%),49%,10,38/76 (50%),15/33 (45%),10/21 (48%),70%,20,7,48,26,0,4,-0.01,0,3,,10
13265494,242,70158,CALENDAR,REGULAR_SEASON,Regular Season,LEAGUE,187643,New York City FC,Visita,1ST,04/10/2025,,0,58%,0.27,2,3,2,2,,220,10,4,1,,1,0,2,0,2,1,,2,2,,0,0,180,3,22,,10/22 (45%),0/10 (0%),49%,5,16/32 (50%),6/13 (46%),3/7 (43%),70%,10,5,23,10,,2,,,,,4
13265494,242,70158,CALENDAR,REGULAR_SEASON,Regular Season,LEAGUE,187643,New York City FC,Visita,2ND,04/10/2025,,0,63%,0.25,1,4,2,3,,284,10,5,0,,1,0,1,2,2,2,,1,0,,0,2,235,14,40,,7/19 (37%),2/13 (15%),48%,5,22/44 (50%),9/20 (45%),7/14 (50%),70%,10,2,25,16,,2,,,,,6
13265572,242,70158,CALENDAR,REGULAR_SEASON,Regular Season,LEAGUE,404108,Charlotte FC,Local,ALL,18/10/2025,,2,41%,1.17,2,8,5,4,5,362,17,13,3,1,5,0,3,0,8,0,1,1,0,13,1,0,290,24,43,66/96 (69%),25/59 (42%),4/11 (36%),51%,11,35/63 (56%),8/21 (38%),5/12 (42%),76%,17,15,48,37,,5,1.50,0,2,,15
13265572,242,70158,CALENDAR,REGULAR_SEASON,Regular Season,LEAGUE,404108,Charlotte FC,Local,1ST,18/10/2025,,2,55%,0.86,2,5,2,2,3,238,10,7,1,0,3,0,2,0,5,0,1,1,0,,1,0,201,20,30,,16/31 (52%),3/8 (38%),52%,8,21/39 (54%),4/9 (44%),4/9 (44%),90%,10,5,21,7,,2,,,,,5
13265572,242,70158,CALENDAR,REGULAR_SEASON,Regular Season,LEAGUE,404108,Charlotte FC,Local,2ND,18/10/2025,,0,27%,0.31,0,3,3,2,2,124,7,6,2,1,2,0,1,0,3,0,0,0,0,,0,0,89,4,13,,9/28 (32%),1/3 (33%),50%,3,14/24 (58%),4/12 (33%),1/3 (33%),57%,7,10,27,30,,3,,,,,10
13265572,242,70158,CALENDAR,REGULAR_SEASON,Regular Season,LEAGUE,39833,Philadelphia Union,Visita,ALL,18/10/2025,,0,59%,1.96,2,23,3,12,13,520,18,5,4,0,5,1,12,6,15,8,0,2,2,41,0,2,447,22,82,169/215 (79%),18/37 (49%),5/29 (17%),49%,8,28/63 (44%),13/21 (62%),6/15 (40%),72%,18,11,52,11,,3,0.38,2,0,,3
13265572,242,70158,CALENDAR,REGULAR_SEASON,Regular Season,LEAGUE,39833,Philadelphia Union,Visita,1ST,18/10/2025,,0,45%,0.59,1,7,1,1,7,199,13,3,2,0,2,0,3,2,3,4,0,1,1,,0,1,167,11,22,,9/18 (50%),1/3 (33%),48%,5,18/39 (46%),5/9 (56%),2/7 (29%),77%,13,8,25,6,,1,,,,,2
13265572,242,70158,CALENDAR,REGULAR_SEASON,Regular Season,LEAGUE,39833,Philadelphia Union,Visita,2ND,18/10/2025,,0,73%,1.36,1,16,2,11,6,321,5,2,2,0,3,1,9,4,12,4,0,1,1,,0,1,280,11,60,,9/19 (47%),4/26 (15%),50%,3,10/24 (42%),8/12 (67%),4/8 (50%),60%,5,3,27,5,,2,,,,,1
14918359,242,70158,CALENDAR,PLAYOFF,"MLS, Playoffs",LEAGUE,39833,Philadelphia Union,Local,ALL,26/10/2025,,2,57%,1.50,2,18,3,7,8,458,11,12,3,0,2,0,10,6,10,8,1,1,,30,2,2,349,26,79,102/164 (62%),22/57 (39%),7/26 (27%),56%,12,26/54 (48%),31/48 (65%),5/8 (63%),45%,11,7,62,23,1,3,-0.38,2,1,1,5
14918359,242,70158,CALENDAR,PLAYOFF,"MLS, Playoffs",LEAGUE,39833,Philadelphia Union,Local,1ST,26/10/2025,,0,63%,0.32,0,8,1,1,4,241,7,6,0,0,0,0,5,3,4,4,0,0,,,1,0,193,17,35,,9/23 (39%),2/14 (14%),59%,8,13/28 (46%),20/28 (71%),2/3 (67%),43%,7,2,27,11,,1,,,,,1
14918359,242,70158,CALENDAR,PLAYOFF,"MLS, Playoffs",LEAGUE,39833,Philadelphia Union,Local,2ND,26/10/2025,,2,52%,1.18,2,10,2,6,4,217,4,6,3,0,2,0,5,3,6,4,1,1,,,1,2,156,9,44,,13/34 (38%),5/12 (42%),52%,4,13/26 (50%),11/20 (55%),3/5 (60%),50%,4,5,35,12,,2,,,,,4
14918359,242,70158,CALENDAR,PLAYOFF,"MLS, Playoffs",LEAGUE,2505,Chicago Fire,Visita,ALL,26/10/2025,,2,43%,1.33,2,13,0,5,12,351,15,8,3,1,5,1,5,3,8,5,1,1,,20,1,1,237,19,45,37/79 (47%),22/65 (34%),2/11 (18%),44%,3,28/54 (52%),17/48 (35%),5/13 (38%),40%,15,6,53,55,1,0,-0.94,0,0,0,13
14918359,242,70158,CALENDAR,PLAYOFF,"MLS, Playoffs",LEAGUE,2505,Chicago Fire,Visita,1ST,26/10/2025,,0,37%,0.33,0,2,0,2,6,143,9,4,0,0,1,0,1,0,2,0,0,0,,,0,1,89,14,22,,12/34 (35%),1/7 (14%),41%,2,15/28 (54%),8/28 (29%),2/7 (29%),33%,9,3,23,22,,0,,,,,8
14918359,242,70158,CALENDAR,PLAYOFF,"MLS, Playoffs",LEAGUE,2505,Chicago Fire,Visita,2ND,26/10/2025,,2,48%,1.00,2,11,0,3,6,208,6,4,3,1,4,1,4,3,6,5,1,1,,,1,0,148,5,23,,10/31 (32%),1/4 (25%),48%,1,13/26 (50%),9/20 (45%),3/6 (50%),50%,6,3,30,33,,0,,,,,5
14918357,242,70158,CALENDAR,PLAYOFF,"MLS, Playoffs",LEAGUE,2505,Chicago Fire,Local,ALL,01/11/2025,,0,71%,1.36,2,11,0,8,17,536,11,12,3,,2,0,3,6,6,5,0,2,,27,2,1,434,20,82,84/141 (60%),13/47 (28%),2/18 (11%),45%,6,29/74 (39%),29/54 (54%),6/25 (24%),55%,11,7,45,39,0,0,-0.49,0,1,,5
14918357,242,70158,CALENDAR,PLAYOFF,"MLS, Playoffs",LEAGUE,2505,Chicago Fire,Local,1ST,01/11/2025,,0,73%,1.18,1,6,0,2,6,289,3,7,1,,1,0,0,5,4,2,0,1,,,1,1,232,11,43,,6/28 (21%),1/7 (14%),51%,2,12/31 (39%),17/26 (65%),2/12 (17%),0%,3,6,20,24,,0,,,,,2
14918357,242,70158,CALENDAR,PLAYOFF,"MLS, Playoffs",LEAGUE,2505,Chicago Fire,Local,2ND,01/11/2025,,0,69%,0.18,1,5,0,6,11,247,8,5,2,,1,0,3,1,2,3,0,1,,,1,0,202,9,39,,7/19 (37%),1/11 (9%),41%,4,17/43 (40%),12/28 (43%),4/13 (31%),75%,8,1,25,15,,0,,,,,3
14918357,242,70158,CALENDAR,PLAYOFF,"MLS, Playoffs",LEAGUE,39833,Philadelphia Union,Visita,ALL,01/11/2025,,3,29%,1.67,3,9,2,3,13,211,25,17,2,,3,0,2,4,4,5,3,0,,17,5,0,112,25,60,28/81 (35%),13/62 (21%),5/17 (29%),55%,8,45/74 (61%),25/54 (46%),5/8 (63%),76%,25,8,46,43,1,2,0.89,1,1,,7
14918357,242,70158,CALENDAR,PLAYOFF,"MLS, Playoffs",LEAGUE,39833,Philadelphia Union,Visita,1ST,01/11/2025,,3,27%,1.59,3,7,1,2,8,98,12,6,2,,3,0,1,3,4,3,3,0,,,3,0,48,15,35,,5/29 (17%),3/10 (30%),49%,2,19/31 (61%),9/26 (35%),1/2 (50%),92%,12,4,18,16,,1,,,,,3
14918357,242,70158,CALENDAR,PLAYOFF,"MLS, Playoffs",LEAGUE,39833,Philadelphia Union,Visita,2ND,01/11/2025,,0,31%,0.09,0,2,1,1,5,113,13,11,0,,0,0,1,1,0,2,0,0,,,2,0,64,10,25,,8/33 (24%),2/7 (29%),59%,6,26/43 (60%),16/28 (57%),4/6 (67%),62%,13,4,28,27,,1,,,,,4
14924714,242,70158,CALENDAR,PLAYOFF,Eastern conference semifinals,LEAGUE,39833,Philadelphia Union,Local,ALL,23/11/2025,195,0,50%,2.04,6,18,3,8,18,396,22,9,1,,5,0,9,4,12,6,0,6,0,28,1,1,290,35,88,96/157 (61%),19/56 (34%),7/34 (21%),49%,8,42/83 (51%),18/40 (45%),11/21 (52%),55%,22,8,57,13,1,3,0.03,1,,0,2
14924714,242,70158,CALENDAR,PLAYOFF,Eastern conference semifinals,LEAGUE,39833,Philadelphia Union,Local,1ST,23/11/2025,195,0,47%,0.90,3,8,1,2,9,189,9,5,1,,3,0,3,2,6,2,0,3,0,,1,0,140,17,34,,10/29 (34%),5/11 (45%),49%,3,20/42 (48%),10/19 (53%),6/11 (55%),44%,9,5,29,9,,1,,,,,1
14924714,242,70158,CALENDAR,PLAYOFF,Eastern conference semifinals,LEAGUE,39833,Philadelphia Union,Local,2ND,23/11/2025,195,0,53%,1.14,3,10,2,6,9,207,13,4,0,,2,0,6,2,6,4,0,3,0,,0,1,150,18,54,,9/27 (33%),2/23 (9%),48%,5,22/41 (54%),8/21 (38%),5/10 (50%),62%,13,3,28,4,,2,,,,,1
14924714,242,70158,CALENDAR,PLAYOFF,Eastern conference semifinals,LEAGUE,187643,New York City FC,Visita,ALL,23/11/2025,195,1,50%,1.00,1,5,5,3,9,419,18,18,4,,4,1,1,0,3,2,1,0,1,11,0,3,307,24,48,57/92 (62%),19/65 (29%),2/6 (33%),51%,12,41/83 (49%),22/40 (55%),7/17 (41%),56%,18,11,55,36,0,5,1.31,1,,1,13
14924714,242,70158,CALENDAR,PLAYOFF,Eastern conference semifinals,LEAGUE,187643,New York City FC,Visita,1ST,23/11/2025,195,1,53%,0.86,1,3,3,2,5,218,8,9,2,,2,1,1,0,2,1,1,0,1,,0,1,164,12,24,,10/28 (36%),1/5 (20%),51%,4,22/42 (52%),9/19 (47%),5/10 (50%),75%,8,5,32,9,,3,,,,,6
14924714,242,70158,CALENDAR,PLAYOFF,Eastern conference semifinals,LEAGUE,187643,New York City FC,Visita,2ND,23/11/2025,195,0,47%,0.13,0,2,2,1,4,201,10,9,2,,2,0,0,0,1,1,0,0,0,,0,2,143,12,24,,9/37 (24%),1/1 (100%),52%,8,19/41 (46%),13/21 (62%),2/7 (29%),40%,10,6,23,27,,2,,,,,7
15216968,498,87494,CALENDAR,PLAYOFF,Round 1,CUP,246035,Defence Force FC,Local,ALL,18/02/2026,1,0,43%,0.14,0,4,4,3,12,299,10,13,5,1,1,0,2,1,2,2,0,,2,6,3,2,226,21,39,32/60 (53%),20/55 (36%),0/11 (0%),45%,12,33/66 (50%),7/23 (30%),11/14 (79%),70%,10,5,40,29,,4,,,,,11
15216968,498,87494,CALENDAR,PLAYOFF,Round 1,CUP,246035,Defence Force FC,Local,1ST,18/02/2026,1,0,35%,0.00,0,4,3,3,2,122,6,6,1,0,1,0,2,1,2,2,0,,2,,3,1,86,11,17,,11/30 (37%),0/10 (0%),48%,6,18/30 (60%),3/14 (21%),7/7 (100%),50%,6,4,20,18,,3,,,,,5
15216968,498,87494,CALENDAR,PLAYOFF,Round 1,CUP,246035,Defence Force FC,Local,2ND,18/02/2026,1,0,52%,0.00,0,0,1,0,10,177,4,7,4,1,0,0,0,0,0,0,0,,0,,1,1,140,10,22,,9/25 (36%),0/1 (0%),42%,6,15/36 (42%),4/9 (44%),4/7 (57%),100%,4,1,20,11,,1,,,,,6
15216968,498,87494,CALENDAR,PLAYOFF,Round 1,CUP,39833,Philadelphia Union,Visita,ALL,18/02/2026,1,5,57%,2.39,3,18,1,10,13,400,15,11,1,0,9,1,6,3,13,5,3,,0,29,6,0,324,13,78,115/171 (67%),23/43 (53%),8/20 (40%),55%,5,33/66 (50%),16/23 (70%),6/11 (55%),73%,15,11,51,19,,1,,,,,4
15216968,498,87494,CALENDAR,PLAYOFF,Round 1,CUP,39833,Philadelphia Union,Visita,1ST,18/02/2026,1,2,65%,0.00,1,13,1,7,6,240,6,2,0,0,5,1,5,3,10,3,1,,0,,1,0,200,7,41,,13/22 (59%),6/13 (46%),52%,5,12/30 (40%),11/14 (79%),4/5 (80%),67%,6,7,28,15,,1,,,,,2
15216968,498,87494,CALENDAR,PLAYOFF,Round 1,CUP,39833,Philadelphia Union,Visita,2ND,18/02/2026,1,3,48%,0.00,2,5,0,3,7,160,9,9,1,0,4,0,1,0,3,2,2,,0,,5,0,124,6,37,,10/21 (48%),2/7 (29%),58%,0,21/36 (58%),5/9 (56%),2/6 (33%),78%,9,4,23,4,,0,,,,,2
15289382,242,86668,CALENDAR,REGULAR_SEASON,Regular Season,LEAGUE,2502,DC United,Local,ALL,21/02/2026,,1,49%,1.12,3,7,4,1,19,397,18,16,2,0,1,1,5,1,5,2,1,2,,20,1,2,290,20,66,49/104 (47%),24/77 (31%),0/9 (0%),48%,13,49/100 (49%),15/33 (45%),15/28 (54%),50%,18,11,64,30,,4,0.30,,1,1,5
15289382,242,86668,CALENDAR,REGULAR_SEASON,Regular Season,LEAGUE,2502,DC United,Local,1ST,21/02/2026,,1,51%,0.84,3,3,3,1,12,194,9,9,0,0,1,1,2,0,3,0,1,2,,,0,1,140,9,33,,14/43 (33%),0/3 (0%),44%,7,24/54 (44%),7/17 (41%),6/14 (43%),67%,9,7,29,15,,3,,,,,2
15289382,242,86668,CALENDAR,REGULAR_SEASON,Regular Season,LEAGUE,2502,DC United,Local,2ND,21/02/2026,,0,47%,0.28,1,4,1,0,7,203,9,7,2,0,0,0,3,1,2,2,0,1,,,1,1,150,11,33,,10/34 (29%),0/6 (0%),53%,6,25/46 (54%),8/16 (50%),9/14 (64%),33%,9,4,35,15,,1,,,,,3
15289382,242,86668,CALENDAR,REGULAR_SEASON,Regular Season,LEAGUE,39833,Philadelphia Union,Visita,ALL,21/02/2026,,0,51%,0.54,1,12,0,5,16,419,26,19,4,1,3,0,3,6,5,7,0,1,,12,4,1,313,22,71,53/103 (51%),10/30 (33%),2/12 (17%),52%,11,51/100 (51%),18/33 (55%),8/15 (53%),50%,26,12,56,30,,0,-0.48,,1,0,4
15289382,242,86668,CALENDAR,REGULAR_SEASON,Regular Season,LEAGUE,39833,Philadelphia Union,Visita,1ST,21/02/2026,,0,49%,0.10,0,3,0,1,9,189,15,12,2,0,2,0,1,0,1,2,0,0,,,3,1,132,11,38,,4/14 (29%),0/4 (0%),56%,5,30/54 (56%),10/17 (59%),4/8 (50%),47%,15,4,29,15,,0,,,,,1
15289382,242,86668,CALENDAR,REGULAR_SEASON,Regular Season,LEAGUE,39833,Philadelphia Union,Visita,2ND,21/02/2026,,0,53%,0.44,1,9,0,4,7,230,11,7,2,1,1,0,2,6,4,5,0,1,,,1,0,181,11,33,,6/16 (38%),2/8 (25%),47%,6,21/46 (46%),8/16 (50%),4/7 (57%),55%,11,8,27,15,,0,,,,,3
15213473,498,87494,CALENDAR,PLAYOFF,Round 1,CUP,39833,Philadelphia Union,Local,ALL,26/02/2026,1,7,66%,2.59,5,19,0,7,13,585,20,6,2,,9,1,6,4,15,4,4,1,0,39,2,0,519,22,69,174/213 (82%),23/34 (68%),3/22 (14%),52%,3,38/75 (51%),8/13 (62%),12/22 (55%),65%,20,6,53,4,,0,,0,,,2
15213473,498,87494,CALENDAR,PLAYOFF,Round 1,CUP,39833,Philadelphia Union,Local,1ST,26/02/2026,1,3,76%,0.00,3,9,0,5,5,355,14,4,1,,5,1,1,3,7,2,2,1,0,,2,0,317,9,39,,9/14 (64%),1/11 (0%),64%,1,25/40 (63%),5/7 (71%),7/10 (70%),71%,14,4,30,1,,0,,,,,0
15213473,498,87494,CALENDAR,PLAYOFF,Round 1,CUP,39833,Philadelphia Union,Local,2ND,26/02/2026,1,4,55%,0.00,2,10,0,2,8,230,6,2,1,,4,0,5,1,8,2,2,0,0,,0,0,202,13,30,,14/20 (70%),3/11 (27%),39%,2,13/35 (37%),3/6 (50%),5/12 (42%),50%,6,2,23,3,,0,,,,,2
15213473,498,87494,CALENDAR,PLAYOFF,Round 1,CUP,246035,Defence Force FC,Visita,ALL,26/02/2026,1,0,34%,0.10,0,0,2,2,7,314,13,13,1,,0,0,0,0,0,0,0,0,2,4,0,1,237,12,32,22/48 (46%),12/43 (28%),0/4 (0%),48%,12,37/75 (49%),5/13 (38%),11/19 (58%),77%,13,9,49,20,,2,,1,,,6
15213473,498,87494,CALENDAR,PLAYOFF,Round 1,CUP,246035,Defence Force FC,Visita,1ST,26/02/2026,1,0,24%,0.00,0,0,2,1,5,116,4,5,1,,0,0,0,0,0,0,0,0,2,,0,0,85,4,10,,6/20 (30%),0/2 (0%),36%,8,15/40 (38%),2/7 (29%),6/12 (50%),75%,4,4,26,14,,2,,,,,2
15213473,498,87494,CALENDAR,PLAYOFF,Round 1,CUP,246035,Defence Force FC,Visita,2ND,26/02/2026,1,0,45%,0.00,0,0,0,1,2,198,9,8,0,,0,0,0,0,0,0,0,0,0,,0,1,152,8,22,,6/23 (26%),0/2 (0%),61%,4,22/35 (63%),3/6 (50%),5/7 (71%),78%,9,5,23,6,,0,,,,,4
15137910,242,86668,CALENDAR,REGULAR_SEASON,Regular Season,LEAGUE,39833,Philadelphia Union,Local,ALL,01/03/2026,,1,48%,2.07,3,16,8,5,12,453,18,13,3,1,5,1,7,4,12,4,1,2,2,33,3,1,350,21,81,148/207 (71%),10/34 (29%),5/24 (21%),49%,13,38/76 (50%),17/36 (47%),7/15 (47%),44%,18,12,60,15,0,8,0.63,0,0,,4
15137910,242,86668,CALENDAR,REGULAR_SEASON,Regular Season,LEAGUE,39833,Philadelphia Union,Local,1ST,01/03/2026,,0,40%,0.29,0,6,4,3,6,197,7,5,1,0,0,0,4,2,3,3,0,0,0,,2,0,149,10,32,,3/12 (25%),1/9 (11%),52%,4,17/35 (49%),8/13 (62%),5/10 (50%),71%,7,7,30,3,,4,,,,,3
15137910,242,86668,CALENDAR,REGULAR_SEASON,Regular Season,LEAGUE,39833,Philadelphia Union,Local,2ND,01/03/2026,,1,56%,1.78,3,10,4,2,6,256,11,8,2,1,5,1,3,2,9,1,1,2,2,,1,1,201,11,49,,7/22 (32%),4/15 (27%),47%,9,21/41 (51%),9/23 (39%),2/5 (40%),27%,11,5,30,12,,4,,,,,1
15137910,242,86668,CALENDAR,REGULAR_SEASON,Regular Season,LEAGUE,187643,New York City FC,Visita,ALL,01/03/2026,,2,52%,2.43,5,13,3,4,14,514,21,12,2,0,9,1,1,3,11,2,2,3,0,30,1,3,408,9,32,79/103 (77%),24/57 (42%),3/7 (43%),51%,12,38/76 (50%),19/36 (53%),5/11 (45%),52%,21,11,57,37,1,3,-0.02,1,2,,14
15137910,242,86668,CALENDAR,REGULAR_SEASON,Regular Season,LEAGUE,187643,New York City FC,Visita,1ST,01/03/2026,,1,60%,1.31,3,7,0,1,5,308,9,6,2,0,4,1,1,2,7,0,1,2,0,,0,0,255,3,21,,15/28 (54%),1/1 (100%),48%,5,18/35 (51%),5/13 (38%),3/5 (60%),78%,9,4,29,13,,0,,,,,7
15137910,242,86668,CALENDAR,REGULAR_SEASON,Regular Season,LEAGUE,187643,New York City FC,Visita,2ND,01/03/2026,,1,44%,1.12,2,6,3,3,9,206,12,6,0,0,5,0,0,1,4,2,1,1,0,,1,3,153,6,11,,9/29 (31%),3/7 (43%),53%,7,20/41 (49%),14/23 (61%),2/6 (33%),33%,12,7,28,24,,3,,,,,7
15137912,242,86668,CALENDAR,REGULAR_SEASON,Regular Season,LEAGUE,39833,Philadelphia Union,Local,ALL,07/03/2026,,0,50%,1.18,1,13,2,11,20,351,18,16,3,,3,0,7,3,10,3,0,1,0,39,0,2,243,29,68,71/136 (52%),26/57 (46%),11/27 (41%),56%,6,36/73 (49%),32/49 (65%),3/10 (30%),56%,18,14,58,17,,2,0.35,0,1,0,4
15137912,242,86668,CALENDAR,REGULAR_SEASON,Regular Season,LEAGUE,39833,Philadelphia Union,Local,1ST,07/03/2026,,0,44%,0.46,0,5,2,3,10,168,8,6,1,,1,0,3,1,4,1,0,0,0,,0,1,109,15,38,,12/29 (41%),4/6 (67%),57%,4,14/31 (45%),18/25 (72%),1/3 (33%),38%,8,9,32,7,,2,,,,,3
15137912,242,86668,CALENDAR,REGULAR_SEASON,Regular Season,LEAGUE,39833,Philadelphia Union,Local,2ND,07/03/2026,,0,55%,0.73,1,8,0,8,10,183,10,10,2,,2,0,4,2,6,2,0,1,0,,0,1,134,14,30,,14/28 (50%),7/21 (33%),55%,2,22/42 (52%),14/24 (58%),2/7 (29%),70%,10,5,26,10,,0,,,,,1
15137912,242,86668,CALENDAR,REGULAR_SEASON,Regular Season,LEAGUE,21825,San Jose Earthquakes,Visita,ALL,07/03/2026,,1,50%,0.88,1,8,3,1,16,376,13,20,2,,3,0,3,2,6,2,1,0,1,15,2,1,269,27,52,49/88 (56%),25/72 (35%),3/12 (25%),44%,7,37/73 (51%),17/49 (35%),5/16 (31%),54%,13,14,63,46,,3,0.91,1,0,2,8
15137912,242,86668,CALENDAR,REGULAR_SEASON,Regular Season,LEAGUE,21825,San Jose Earthquakes,Visita,1ST,07/03/2026,,0,56%,0.42,0,4,1,0,6,214,6,10,1,,2,0,2,0,4,0,0,0,0,,1,1,153,16,27,,17/42 (40%),3/7 (43%),43%,3,17/31 (55%),7/25 (28%),2/7 (29%),50%,6,8,32,20,,1,,,,,3
15137912,242,86668,CALENDAR,REGULAR_SEASON,Regular Season,LEAGUE,21825,San Jose Earthquakes,Visita,2ND,07/03/2026,,1,45%,0.47,1,4,2,1,10,162,7,10,1,,1,0,1,2,2,2,1,0,1,,1,0,116,11,25,,8/30 (27%),0/5 (0%),45%,4,20/42 (48%),10/24 (42%),3/9 (33%),57%,7,6,31,26,,2,,,,,5
15645950,498,87494,CALENDAR,REGULAR,Round of 16,CUP,39833,Philadelphia Union,Local,ALL,10/03/2026,5,0,52%,1.18,2,12,2,5,17,443,18,14,3,,1,0,7,4,9,3,,2,,20,7,2,340,28,79,86/148 (58%),24/54 (44%),7/21 (33%),48%,10,40/86 (47%),20/38 (53%),8/14 (57%),94%,18,8,60,11,0,2,,,0,0,6
15645950,498,87494,CALENDAR,REGULAR,Round of 16,CUP,39833,Philadelphia Union,Local,1ST,10/03/2026,5,0,47%,0.00,0,1,1,2,9,202,10,8,2,,0,0,1,1,1,0,,0,,,3,0,149,9,33,,10/27 (37%),2/8 (25%),45%,3,22/46 (48%),6/16 (38%),4/7 (57%),100%,10,4,35,7,,1,,,,,1
15645950,498,87494,CALENDAR,REGULAR,Round of 16,CUP,39833,Philadelphia Union,Local,2ND,10/03/2026,5,0,58%,0.00,2,11,1,3,8,241,8,6,1,,1,0,7,3,8,3,,2,,,4,2,191,19,46,,14/27 (52%),5/13 (38%),52%,7,18/40 (45%),14/22 (64%),4/7 (57%),88%,8,4,25,4,,1,,,,,5
15645950,498,87494,CALENDAR,REGULAR,Round of 16,CUP,1939,Club América,Visita,ALL,10/03/2026,5,1,48%,0.69,2,7,1,0,14,416,16,17,1,,3,0,3,1,4,3,,2,,8,1,0,329,21,48,47/78 (60%),18/54 (33%),1/4 (25%),52%,8,46/86 (53%),18/38 (47%),15/25 (60%),63%,16,15,58,33,1,1,,,3,2,9
15645950,498,87494,CALENDAR,REGULAR,Round of 16,CUP,1939,Club América,Visita,1ST,10/03/2026,5,1,53%,0.00,0,3,0,0,8,239,6,9,0,,2,0,1,0,2,1,,0,,,0,0,188,14,30,,14/29 (48%),0/1 (0%),55%,7,24/46 (52%),10/16 (63%),10/13 (77%),83%,6,5,33,12,,0,,,,,2
15645950,498,87494,CALENDAR,REGULAR,Round of 16,CUP,1939,Club América,Visita,2ND,10/03/2026,5,0,42%,0.00,2,4,1,0,6,177,10,8,1,,1,0,2,1,2,2,,2,,,1,0,141,7,18,,4/25 (16%),1/3 (33%),48%,1,22/40 (55%),8/22 (36%),5/12 (42%),50%,10,10,25,21,,1,,,,,7
15137911,242,86668,CALENDAR,REGULAR_SEASON,Regular Season,LEAGUE,243211,Atlanta United,Local,ALL,14/03/2026,,3,42%,2.02,5,10,2,4,15,350,23,12,4,,4,0,4,2,7,3,3,2,1,15,1,2,257,24,37,40/69 (58%),21/49 (43%),3/12 (25%),50%,9,36/70 (51%),21/43 (49%),3/9 (33%),78%,23,12,40,46,,2,0.07,,0,,11
15137911,242,86668,CALENDAR,REGULAR_SEASON,Regular Season,LEAGUE,243211,Atlanta United,Local,1ST,14/03/2026,,1,42%,0.99,2,6,0,4,9,173,15,5,2,,2,0,2,2,3,3,1,1,1,,0,1,131,11,20,,9/18 (50%),3/10 (30%),54%,3,20/35 (57%),8/17 (47%),1/5 (20%),80%,15,5,20,22,,0,,,,,3
15137911,242,86668,CALENDAR,REGULAR_SEASON,Regular Season,LEAGUE,243211,Atlanta United,Local,2ND,14/03/2026,,2,42%,1.03,3,4,2,0,6,177,8,7,2,,2,0,2,0,4,0,2,1,1,,1,1,126,13,17,,12/31 (39%),0/2 (0%),48%,6,16/35 (46%),13/26 (50%),2/4 (50%),75%,8,7,20,24,,2,,,,,8
15137911,242,86668,CALENDAR,REGULAR_SEASON,Regular Season,LEAGUE,39833,Philadelphia Union,Visita,ALL,14/03/2026,,1,58%,2.24,5,14,1,6,12,466,15,14,0,,3,2,9,2,9,5,1,4,1,41,6,0,374,40,88,140/194 (72%),23/42 (55%),7/36 (19%),50%,12,34/70 (49%),22/43 (51%),5/16 (31%),93%,15,13,52,10,,1,-0.90,,1,,5
15137911,242,86668,CALENDAR,REGULAR_SEASON,Regular Season,LEAGUE,39833,Philadelphia Union,Visita,1ST,14/03/2026,,0,58%,1.25,2,5,1,1,5,243,7,8,0,,0,1,3,2,3,2,0,2,0,,3,0,191,27,39,,7/18 (39%),3/8 (38%),46%,7,15/35 (43%),9/17 (53%),0/8 (0%),86%,7,7,24,8,,1,,,,,2
15137911,242,86668,CALENDAR,REGULAR_SEASON,Regular Season,LEAGUE,39833,Philadelphia Union,Visita,2ND,14/03/2026,,1,58%,0.99,3,9,0,5,7,223,8,6,0,,3,1,6,0,6,3,1,2,1,,3,0,183,13,49,,16/24 (67%),4/28 (14%),52%,5,19/35 (54%),13/26 (50%),5/8 (63%),100%,8,6,28,2,,0,,,,,3
15645941,498,87494,CALENDAR,REGULAR,Round of 16,CUP,1939,Club América,Local,ALL,18/03/2026,5,1,57%,0.78,1,8,1,5,12,482,9,15,1,,2,0,2,4,4,4,1,1,,13,3,4,409,19,42,42/75 (56%),25/55 (45%),4/8 (50%),51%,2,26/48 (54%),8/19 (42%),6/12 (50%),89%,9,12,39,21,,1,,,,1,4
15645941,498,87494,CALENDAR,REGULAR,Round of 16,CUP,1939,Club América,Local,1ST,18/03/2026,5,1,61%,0.00,1,6,1,3,5,255,3,3,1,,2,0,2,2,4,2,1,1,,,2,3,222,10,25,,17/29 (59%),3/6 (50%),43%,1,9/20 (45%),0/1 (0%),3/7 (43%),100%,3,8,25,12,,1,,,,,2
15645941,498,87494,CALENDAR,REGULAR,Round of 16,CUP,1939,Club América,Local,2ND,18/03/2026,5,0,53%,0.00,0,2,0,2,7,227,6,12,0,,0,0,0,2,0,2,0,0,,,1,1,187,9,17,,8/26 (31%),1/2 (50%),54%,1,17/28 (61%),8/18 (44%),3/5 (60%),83%,6,4,14,9,,0,,,,,2
15645941,498,87494,CALENDAR,REGULAR,Round of 16,CUP,39833,Philadelphia Union,Visita,ALL,18/03/2026,5,1,43%,1.22,1,7,1,2,15,365,8,11,1,,2,0,3,2,5,2,1,1,,14,3,1,290,23,53,56/98 (57%),8/36 (22%),2/13 (15%),49%,4,22/48 (46%),11/19 (58%),2/7 (29%),75%,8,12,33,13,,1,,,,0,6
15645941,498,87494,CALENDAR,REGULAR,Round of 16,CUP,39833,Philadelphia Union,Visita,1ST,18/03/2026,5,0,39%,0.00,1,1,1,2,3,170,5,5,0,,1,0,0,0,1,0,0,1,,,1,0,130,11,21,,1/16 (6%),0/4 (0%),57%,2,11/20 (55%),1/1 (100%),1/2 (50%),80%,5,6,15,8,,1,,,,,5
15645941,498,87494,CALENDAR,REGULAR,Round of 16,CUP,39833,Philadelphia Union,Visita,2ND,18/03/2026,5,1,47%,0.00,1,6,0,0,12,195,3,6,1,,1,0,3,2,4,2,1,0,,,2,1,160,12,32,,7/20 (35%),2/9 (22%),46%,2,11/28 (39%),10/18 (56%),1/5 (20%),67%,3,6,18,5,,0,,,,,1
15137921,242,86668,CALENDAR,REGULAR_SEASON,Regular Season,LEAGUE,39833,Philadelphia Union,Local,ALL,21/03/2026,,1,47%,0.84,1,12,2,6,11,377,19,15,1,,3,1,6,3,5,7,0,1,,22,5,,273,31,74,76/133 (57%),13/49 (27%),4/19 (21%),53%,14,38/84 (45%),33/49 (67%),4/16 (25%),53%,19,13,62,25,1,2,-0.15,,,0,6
15137921,242,86668,CALENDAR,REGULAR_SEASON,Regular Season,LEAGUE,39833,Philadelphia Union,Local,1ST,21/03/2026,,1,44%,0.28,0,5,2,3,5,177,9,7,1,,2,1,2,1,3,2,0,0,,,2,,134,11,32,,5/22 (23%),1/7 (14%),48%,8,18/41 (44%),12/21 (57%),2/10 (20%),56%,9,7,30,12,,2,,,,,2
15137921,242,86668,CALENDAR,REGULAR_SEASON,Regular Season,LEAGUE,39833,Philadelphia Union,Local,2ND,21/03/2026,,0,51%,0.57,1,7,0,3,6,200,10,8,0,,1,0,4,2,2,5,0,1,,,3,,139,20,42,,8/27 (30%),3/12 (25%),58%,6,20/43 (47%),21/28 (75%),2/6 (33%),50%,10,6,32,13,,0,,,,,4
15137921,242,86668,CALENDAR,REGULAR_SEASON,Regular Season,LEAGUE,2505,Chicago Fire,Visita,ALL,21/03/2026,,2,53%,2.22,5,11,2,2,15,431,26,11,3,,4,1,6,1,9,2,2,3,,17,1,,313,24,60,52/102 (51%),23/75 (31%),3/8 (38%),47%,10,46/84 (55%),16/49 (33%),10/19 (53%),54%,26,7,58,36,0,2,0.32,,,1,6
15137921,242,86668,CALENDAR,REGULAR_SEASON,Regular Season,LEAGUE,2505,Chicago Fire,Visita,1ST,21/03/2026,,1,56%,0.98,2,5,1,1,7,234,16,5,2,,3,0,1,1,3,2,1,1,,,1,,176,13,32,,13/38 (34%),2/4 (50%),52%,5,23/41 (56%),9/21 (43%),3/7 (43%),44%,16,3,28,7,,1,,,,,2
15137921,242,86668,CALENDAR,REGULAR_SEASON,Regular Season,LEAGUE,2505,Chicago Fire,Visita,2ND,21/03/2026,,1,49%,1.23,3,6,1,1,8,197,10,6,1,,1,1,5,0,6,1,1,2,,,0,,137,11,28,,10/37 (27%),1/4 (25%),42%,5,23/43 (53%),7/28 (25%),7/12 (58%),70%,10,4,30,29,,1,,,,,4
15171453,242,86668,CALENDAR,REGULAR_SEASON,Regular Season,LEAGUE,404108,Charlotte FC,Local,ALL,04/04/2026,,2,58%,1.46,3,9,2,6,10,509,7,22,4,,5,0,2,2,8,1,1,2,1,27,4,1,435,19,55,80/118 (68%),34/63 (54%),4/12 (33%),51%,13,32/67 (48%),16/27 (59%),7/14 (50%),71%,7,4,43,39,,2,-0.10,1,2,1,11
15171453,242,86668,CALENDAR,REGULAR_SEASON,Regular Season,LEAGUE,404108,Charlotte FC,Local,1ST,04/04/2026,,1,67%,0.73,1,6,0,4,4,325,5,10,2,,2,0,2,2,5,1,0,1,0,,4,0,292,11,36,,21/31 (68%),4/11 (36%),49%,8,14/31 (45%),6/10 (60%),2/5 (40%),80%,5,2,23,11,,0,,,,,2
15171453,242,86668,CALENDAR,REGULAR_SEASON,Regular Season,LEAGUE,404108,Charlotte FC,Local,2ND,04/04/2026,,1,47%,0.73,2,3,2,2,6,184,2,12,2,,3,0,0,0,3,0,1,1,1,,0,1,143,8,19,,13/32 (41%),0/1 (0%),53%,5,18/36 (50%),10/17 (59%),5/9 (56%),50%,2,2,20,28,,2,,,,,9
15171453,242,86668,CALENDAR,REGULAR_SEASON,Regular Season,LEAGUE,39833,Philadelphia Union,Visita,ALL,04/04/2026,,1,42%,1.71,2,17,3,7,22,345,20,10,4,,3,0,7,7,11,6,1,1,0,23,2,1,277,19,55,97/128 (76%),16/41 (39%),8/33 (24%),49%,5,35/67 (52%),11/27 (41%),5/7 (71%),70%,20,11,54,19,,3,-0.23,2,0,2,3
15171453,242,86668,CALENDAR,REGULAR_SEASON,Regular Season,LEAGUE,39833,Philadelphia Union,Visita,1ST,04/04/2026,,0,33%,0.06,0,2,1,1,10,158,11,4,2,,0,0,0,2,0,2,0,0,0,,1,1,125,5,25,,5/21 (24%),0/9 (0%),51%,3,17/31 (55%),4/10 (40%),2/4 (50%),73%,11,5,28,11,,1,,,,,3
15171453,242,86668,CALENDAR,REGULAR_SEASON,Regular Season,LEAGUE,39833,Philadelphia Union,Visita,2ND,04/04/2026,,1,53%,1.65,2,15,2,6,12,187,9,6,2,,3,0,7,5,11,4,1,1,0,,2,0,152,14,30,,11/20 (55%),8/24 (33%),47%,2,18/36 (50%),7/17 (41%),3/3 (100%),67%,9,6,26,8,,2,,,,,0
15171440,242,86668,CALENDAR,REGULAR_SEASON,Regular Season,LEAGUE,22006,CF Montréal,Local,ALL,11/04/2026,,1,50%,0.96,1,7,4,2,16,341,12,19,3,,4,0,3,0,5,2,1,1,,19,5,4,240,26,46,45/85 (53%),21/62 (34%),4/12 (33%),51%,8,37/70 (53%),20/42 (48%),8/16 (50%),58%,12,10,42,35,,4,0.21,1,1,0,8
15171440,242,86668,CALENDAR,REGULAR_SEASON,Regular Season,LEAGUE,22006,CF Montréal,Local,1ST,11/04/2026,,1,45%,0.87,1,4,2,1,10,147,5,7,3,,3,0,1,0,3,1,1,0,,,3,1,104,10,21,,13/31 (42%),2/5 (40%),52%,4,15/31 (48%),9/15 (60%),4/6 (67%),60%,5,4,17,19,,2,,,,,4
15171440,242,86668,CALENDAR,REGULAR_SEASON,Regular Season,LEAGUE,22006,CF Montréal,Local,2ND,11/04/2026,,0,54%,0.10,1,3,2,1,6,194,7,12,0,,1,0,2,0,2,1,0,1,,,2,3,136,16,25,,8/31 (26%),2/7 (29%),50%,4,22/39 (56%),11/27 (41%),4/10 (40%),57%,7,6,25,16,,2,,,,,4
15171440,242,86668,CALENDAR,REGULAR_SEASON,Regular Season,LEAGUE,39833,Philadelphia Union,Visita,ALL,11/04/2026,,2,50%,1.07,3,15,3,4,19,328,16,16,4,,6,0,7,2,10,5,2,1,,27,5,1,235,27,53,66/108 (61%),24/61 (39%),5/25 (20%),49%,10,33/70 (47%),22/42 (52%),3/5 (60%),69%,16,7,42,20,,3,0.76,0,0,1,6
15171440,242,86668,CALENDAR,REGULAR_SEASON,Regular Season,LEAGUE,39833,Philadelphia Union,Visita,1ST,11/04/2026,,0,55%,0.19,0,6,2,1,7,172,6,10,1,,2,0,3,1,2,4,0,0,,,3,0,126,15,27,,9/25 (36%),0/10 (0%),48%,5,16/31 (52%),6/15 (40%),1/1 (100%),33%,6,3,15,8,,2,,,,,4
15171440,242,86668,CALENDAR,REGULAR_SEASON,Regular Season,LEAGUE,39833,Philadelphia Union,Visita,2ND,11/04/2026,,2,46%,0.88,3,9,1,3,12,156,10,6,3,,4,0,4,1,8,1,2,1,,,2,1,109,12,26,,15/36 (42%),5/15 (33%),50%,5,17/39 (44%),16/27 (59%),2/4 (50%),90%,10,4,27,12,,1,,,,,2
15171479,242,86668,CALENDAR,REGULAR_SEASON,Regular Season,LEAGUE,39833,Philadelphia Union,Local,ALL,18/04/2026,,0,62%,1.27,1,17,0,13,11,410,11,11,0,,4,1,6,7,9,8,,1,0,34,3,1,273,27,93,119/202 (59%),33/73 (45%),10/39 (26%),57%,4,27/53 (51%),42/67 (63%),5/13 (38%),45%,11,10,52,26,,0,0.00,0,2,0,5
15171479,242,86668,CALENDAR,REGULAR_SEASON,Regular Season,LEAGUE,39833,Philadelphia Union,Local,1ST,18/04/2026,,0,61%,0.71,1,7,0,4,6,199,7,5,0,,3,1,2,2,4,3,,1,0,,0,1,130,14,41,,16/35 (46%),4/18 (22%),61%,3,13/25 (52%),26/39 (67%),1/4 (25%),29%,7,8,28,17,,0,,,,,3
15171479,242,86668,CALENDAR,REGULAR_SEASON,Regular Season,LEAGUE,39833,Philadelphia Union,Local,2ND,18/04/2026,,0,63%,0.56,0,10,0,9,5,211,4,6,0,,1,0,4,5,5,5,,0,0,,3,0,143,13,52,,17/38 (45%),6/21 (29%),54%,1,14/28 (50%),16/28 (57%),4/9 (44%),75%,4,2,24,9,,0,,,,,2
15171479,242,86668,CALENDAR,REGULAR_SEASON,Regular Season,LEAGUE,2502,DC United,Visita,ALL,18/04/2026,,0,38%,0.66,1,6,4,1,11,260,12,11,3,,0,0,5,1,3,3,,1,1,7,0,0,151,25,54,30/85 (35%),13/69 (19%),4/10 (40%),43%,9,26/53 (49%),25/67 (37%),5/7 (71%),50%,12,18,44,68,,4,0.76,2,1,2,11
15171479,242,86668,CALENDAR,REGULAR_SEASON,Regular Season,LEAGUE,2502,DC United,Visita,1ST,18/04/2026,,0,39%,0.58,1,3,3,1,5,128,6,6,2,,0,0,3,0,2,1,,1,1,,0,0,77,15,30,,5/29 (17%),2/8 (25%),39%,6,12/25 (48%),13/39 (33%),2/3 (67%),33%,6,10,20,33,,3,,,,,2
15171479,242,86668,CALENDAR,REGULAR_SEASON,Regular Season,LEAGUE,2502,DC United,Visita,2ND,18/04/2026,,0,37%,0.08,0,3,1,0,6,132,6,5,1,,0,0,2,1,1,2,,0,0,,0,0,74,10,24,,8/40 (20%),2/2 (100%),46%,3,14/28 (50%),12/28 (43%),3/4 (75%),67%,6,8,24,35,,1,,,,,9
15171490,242,86668,CALENDAR,REGULAR_SEASON,Regular Season,LEAGUE,7080,Toronto FC,Local,ALL,22/04/2026,,3,64%,1.43,7,12,2,2,12,503,9,18,4,,4,0,5,3,10,2,1,6,1,22,3,4,410,27,47,58/89 (65%),16/48 (33%),7/19 (37%),51%,8,41/65 (63%),11/36 (31%),14/18 (78%),56%,9,5,49,36,1,2,-1.75,1,0,2,7
15171490,242,86668,CALENDAR,REGULAR_SEASON,Regular Season,LEAGUE,7080,Toronto FC,Local,1ST,22/04/2026,,0,60%,0.51,4,6,0,2,7,236,6,6,2,,1,0,3,2,5,1,0,4,0,,0,1,182,13,20,,9/26 (35%),3/8 (38%),58%,3,22/35 (63%),9/18 (50%),10/13 (77%),50%,6,3,31,15,,0,,,,,3
15171490,242,86668,CALENDAR,REGULAR_SEASON,Regular Season,LEAGUE,7080,Toronto FC,Local,2ND,22/04/2026,,3,68%,0.91,3,6,2,0,5,267,3,12,2,,3,0,2,1,5,1,1,2,1,,3,3,228,14,27,,7/22 (32%),4/11 (36%),44%,5,19/30 (63%),2/18 (11%),4/5 (80%),67%,3,2,18,21,,2,,,,,4
15171490,242,86668,CALENDAR,REGULAR_SEASON,Regular Season,LEAGUE,39833,Philadelphia Union,Visita,ALL,22/04/2026,,3,36%,0.83,1,12,0,2,18,274,12,12,4,,5,1,3,4,6,6,1,0,0,18,5,0,189,23,57,52/103 (50%),25/51 (49%),4/20 (20%),49%,5,24/65 (37%),25/36 (69%),1/5 (20%),75%,12,14,36,22,0,0,-2.38,0,1,0,7
15171490,242,86668,CALENDAR,REGULAR_SEASON,Regular Season,LEAGUE,39833,Philadelphia Union,Visita,1ST,22/04/2026,,1,40%,0.41,0,8,0,1,6,153,6,7,0,,1,1,3,4,2,6,0,0,0,,4,0,109,5,29,,9/24 (38%),1/11 (9%),42%,3,13/35 (37%),9/18 (50%),0/3 (0%),67%,6,7,25,11,,0,,,,,4
15171490,242,86668,CALENDAR,REGULAR_SEASON,Regular Season,LEAGUE,39833,Philadelphia Union,Visita,2ND,22/04/2026,,2,32%,0.43,1,4,0,1,12,121,6,5,4,,4,0,0,0,4,0,1,0,0,,1,0,80,18,28,,16/27 (59%),3/9 (33%),56%,2,11/30 (37%),16/18 (89%),1/2 (50%),83%,6,7,11,11,,0,,,,,3
15171499,242,86668,CALENDAR,REGULAR_SEASON,Regular Season,LEAGUE,2504,Columbus Crew,Local,ALL,25/04/2026,,2,56%,1.02,2,7,2,2,11,500,16,18,1,0,4,0,0,3,3,4,1,1,2,11,2,2,397,24,44,54/94 (57%),27/65 (42%),1/10 (10%),50%,11,40/78 (51%),16/34 (47%),10/20 (50%),75%,16,19,53,18,,2,0.06,0,1,0,7
15171499,242,86668,CALENDAR,REGULAR_SEASON,Regular Season,LEAGUE,2504,Columbus Crew,Local,1ST,25/04/2026,,2,57%,0.96,2,5,0,2,7,254,9,9,1,0,3,0,0,2,3,2,1,1,1,,1,1,213,9,22,,14/30 (47%),1/7 (14%),51%,4,20/37 (54%),3/8 (38%),4/8 (50%),56%,9,10,21,8,,0,,,,,4
15171499,242,86668,CALENDAR,REGULAR_SEASON,Regular Season,LEAGUE,2504,Columbus Crew,Local,2ND,25/04/2026,,0,55%,0.06,0,2,2,0,4,246,7,9,0,0,1,0,0,1,0,2,0,0,1,,1,1,184,15,22,,13/35 (37%),0/3 (0%),49%,7,20/41 (49%),13/26 (50%),6/12 (50%),100%,7,9,32,10,,2,,,,,3
15171499,242,86668,CALENDAR,REGULAR_SEASON,Regular Season,LEAGUE,39833,Philadelphia Union,Visita,ALL,25/04/2026,,0,44%,0.80,1,10,4,4,18,392,21,11,1,1,2,1,6,2,7,3,0,1,0,25,2,3,285,24,45,39/84 (46%),27/54 (50%),6/8 (75%),50%,11,38/78 (49%),18/34 (53%),6/11 (55%),52%,21,17,54,21,,4,-1.01,1,0,1,1
15171499,242,86668,CALENDAR,REGULAR_SEASON,Regular Season,LEAGUE,39833,Philadelphia Union,Visita,1ST,25/04/2026,,0,43%,0.33,0,3,3,2,9,190,8,7,1,0,0,1,3,0,2,1,0,0,0,,1,1,152,7,16,,14/25 (56%),3/3 (100%),49%,6,17/37 (46%),5/8 (63%),2/5 (40%),50%,8,6,21,14,,3,,,,,1
15171499,242,86668,CALENDAR,REGULAR_SEASON,Regular Season,LEAGUE,39833,Philadelphia Union,Visita,2ND,25/04/2026,,0,45%,0.48,1,7,1,2,9,202,13,4,0,1,2,0,3,2,5,2,0,1,0,,1,2,133,17,29,,13/29 (45%),3/5 (60%),51%,5,21/41 (51%),13/26 (50%),4/6 (67%),54%,13,11,33,7,,1,,,,,0
15171518,242,86668,CALENDAR,REGULAR_SEASON,Regular Season,LEAGUE,39833,Philadelphia Union,Local,ALL,02/05/2026,,0,46%,1.64,3,16,1,5,14,368,17,11,1,,4,2,10,2,13,3,,3,0,26,1,2,291,25,54,93/132 (70%),20/47 (43%),5/24 (21%),52%,12,34/75 (45%),23/35 (66%),6/10 (60%),47%,17,7,46,22,0,1,0.74,0,,1,4
15171518,242,86668,CALENDAR,REGULAR_SEASON,Regular Season,LEAGUE,39833,Philadelphia Union,Local,1ST,02/05/2026,,0,52%,0.84,2,5,0,2,8,211,8,6,0,,2,0,2,1,5,0,,2,0,,1,1,168,12,32,,10/27 (37%),1/11 (9%),54%,4,17/36 (47%),11/16 (69%),3/5 (60%),38%,8,5,22,9,,0,,,,,2
15171518,242,86668,CALENDAR,REGULAR_SEASON,Regular Season,LEAGUE,39833,Philadelphia Union,Local,2ND,02/05/2026,,0,40%,0.81,1,11,1,3,6,157,9,5,1,,2,2,8,1,8,3,,1,0,,0,1,123,13,22,,10/20 (50%),4/13 (31%),50%,8,17/39 (44%),12/19 (63%),3/5 (60%),56%,9,2,24,13,,1,,,,,2
15171518,242,86668,CALENDAR,REGULAR_SEASON,Regular Season,LEAGUE,337612,Nashville SC,Visita,ALL,02/05/2026,,0,54%,0.50,2,8,4,2,11,455,16,14,1,,1,1,4,3,5,3,,2,1,14,3,0,369,20,51,57/94 (61%),24/54 (44%),3/14 (21%),48%,8,41/75 (55%),12/35 (34%),12/21 (57%),50%,16,4,35,46,1,4,1.32,1,,0,12
15171518,242,86668,CALENDAR,REGULAR_SEASON,Regular Season,LEAGUE,337612,Nashville SC,Visita,1ST,02/05/2026,,0,48%,0.05,0,1,2,0,6,208,6,8,0,,0,0,1,0,0,1,,0,0,,0,0,162,12,24,,11/25 (44%),0/2 (0%),46%,5,19/36 (53%),5/16 (31%),5/8 (63%),50%,6,1,12,30,,2,,,,,4
15171518,242,86668,CALENDAR,REGULAR_SEASON,Regular Season,LEAGUE,337612,Nashville SC,Visita,2ND,02/05/2026,,0,60%,0.45,2,7,2,2,5,247,10,6,1,,1,1,3,3,5,2,,2,1,,3,0,207,8,27,,13/29 (45%),3/12 (25%),50%,3,22/39 (56%),7/19 (37%),7/13 (54%),50%,10,3,23,16,,2,,,,,8
15171529,242,86668,CALENDAR,REGULAR_SEASON,Regular Season,LEAGUE,2511,New England Revolution,Local,ALL,09/05/2026,,2,61%,1.05,2,10,1,9,8,597,12,16,0,,2,0,5,3,6,4,1,1,1,25,4,2,521,16,55,100/132 (76%),19/40 (48%),4/22 (18%),45%,10,37/76 (49%),8/24 (33%),9/24 (38%),58%,12,6,57,22,1,1,-0.98,,2,0,9
15171529,242,86668,CALENDAR,REGULAR_SEASON,Regular Season,LEAGUE,2511,New England Revolution,Local,1ST,09/05/2026,,0,64%,0.42,0,3,0,5,6,286,7,6,0,,0,0,2,1,3,0,0,0,0,,0,1,252,9,33,,10/23 (43%),1/8 (13%),35%,5,16/42 (38%),3/12 (25%),3/15 (20%),57%,7,4,26,11,,0,,,,,5
15171529,242,86668,CALENDAR,REGULAR_SEASON,Regular Season,LEAGUE,2511,New England Revolution,Local,2ND,09/05/2026,,2,59%,0.63,2,7,1,4,2,311,5,10,0,,2,0,3,2,3,4,1,1,1,,4,1,269,7,22,,9/17 (53%),3/14 (21%),57%,5,21/34 (62%),5/12 (42%),6/9 (67%),60%,5,2,31,11,,1,,,,,4
15171529,242,86668,CALENDAR,REGULAR_SEASON,Regular Season,LEAGUE,39833,Philadelphia Union,Visita,ALL,09/05/2026,,1,39%,1.27,1,11,0,3,16,379,25,8,3,,2,0,7,2,7,4,0,1,0,18,0,0,306,17,56,80/114 (70%),28/49 (57%),5/14 (36%),55%,6,39/76 (51%),16/24 (67%),6/12 (50%),56%,25,10,47,23,0,0,-1.31,,0,3,9
15171529,242,86668,CALENDAR,REGULAR_SEASON,Regular Season,LEAGUE,39833,Philadelphia Union,Visita,1ST,09/05/2026,,1,36%,0.24,0,5,0,3,6,161,17,6,2,,0,0,4,1,2,3,0,0,0,,0,0,129,7,23,,10/20 (50%),3/8 (38%),65%,4,26/42 (62%),9/12 (75%),3/6 (50%),65%,17,5,22,12,,0,,,,,5
15171529,242,86668,CALENDAR,REGULAR_SEASON,Regular Season,LEAGUE,39833,Philadelphia Union,Visita,2ND,09/05/2026,,0,41%,1.03,1,6,0,0,10,218,8,2,1,,2,0,3,1,5,1,0,1,0,,0,0,177,10,33,,18/29 (62%),2/6 (33%),43%,2,13/34 (38%),7/12 (58%),3/6 (50%),38%,8,5,25,11,,0,,,,,4
15171550,242,86668,CALENDAR,REGULAR_SEASON,Regular Season,LEAGUE,52237,Orlando City SC,Local,ALL,13/05/2026,,4,54%,2.79,7,12,4,2,9,498,19,11,1,,6,0,5,1,11,1,3,4,,29,2,0,420,16,42,56/91 (62%),11/36 (31%),1/6 (17%),54%,10,42/73 (58%),10/24 (42%),13/22 (59%),58%,19,8,43,35,0,4,-0.27,,1,,11
15171550,242,86668,CALENDAR,REGULAR_SEASON,Regular Season,LEAGUE,52237,Orlando City SC,Local,1ST,13/05/2026,,2,55%,1.26,3,4,2,0,4,263,8,2,0,,2,0,1,1,3,1,2,1,,,1,0,229,10,19,,5/17 (29%),0/2 (0%),61%,3,19/29 (66%),4/9 (44%),8/11 (73%),63%,8,4,19,19,,2,,,,,6
15171550,242,86668,CALENDAR,REGULAR_SEASON,Regular Season,LEAGUE,52237,Orlando City SC,Local,2ND,13/05/2026,,2,54%,1.53,4,8,2,2,5,235,11,9,1,,4,0,4,0,8,0,1,3,,,1,0,191,6,23,,6/19 (32%),1/4 (25%),49%,7,23/44 (52%),6/15 (40%),5/11 (45%),55%,11,4,24,16,,2,,,,,5
15171550,242,86668,CALENDAR,REGULAR_SEASON,Regular Season,LEAGUE,39833,Philadelphia Union,Visita,ALL,13/05/2026,,3,46%,1.67,3,26,2,10,12,395,19,9,3,,7,2,13,6,20,6,2,1,,42,1,1,329,16,50,122/157 (78%),21/43 (49%),10/23 (43%),46%,13,31/73 (42%),14/24 (58%),4/10 (40%),58%,19,18,48,18,1,2,-1.45,,0,,6
15171550,242,86668,CALENDAR,REGULAR_SEASON,Regular Season,LEAGUE,39833,Philadelphia Union,Visita,1ST,13/05/2026,,0,45%,0.58,1,12,0,7,3,199,6,4,1,,2,1,6,4,10,2,0,1,,,1,0,168,11,20,,7/14 (50%),6/14 (43%),39%,6,10/29 (34%),5/9 (56%),1/2 (50%),67%,6,11,21,6,,0,,,,,3
15171550,242,86668,CALENDAR,REGULAR_SEASON,Regular Season,LEAGUE,39833,Philadelphia Union,Visita,2ND,13/05/2026,,3,46%,1.09,2,14,2,3,9,196,13,5,2,,5,1,7,2,10,4,2,0,,,0,1,161,5,30,,14/29 (48%),4/9 (44%),51%,7,21/44 (48%),9/15 (60%),4/8 (50%),54%,13,7,27,12,,2,,,,,3
15171558,242,86668,CALENDAR,REGULAR_SEASON,Regular Season,LEAGUE,39833,Philadelphia Union,Local,ALL,16/05/2026,,1,38%,1.09,1,12,0,4,14,317,23,12,3,,5,0,4,3,4,8,1,0,1,27,3,0,224,21,55,65/114 (57%),17/39 (44%),3/13 (23%),46%,19,43/94 (46%),8/18 (44%),9/15 (60%),52%,23,11,51,16,0,0,-0.23,0,,0,5
15171558,242,86668,CALENDAR,REGULAR_SEASON,Regular Season,LEAGUE,39833,Philadelphia Union,Local,1ST,16/05/2026,,0,31%,0.03,0,1,0,2,8,129,12,5,3,,0,0,1,0,0,1,0,0,1,,1,0,89,6,22,,10/19 (53%),2/5 (40%),43%,12,19/46 (41%),3/5 (60%),2/3 (67%),42%,12,7,23,4,,0,,,,,3
15171558,242,86668,CALENDAR,REGULAR_SEASON,Regular Season,LEAGUE,39833,Philadelphia Union,Local,2ND,16/05/2026,,1,45%,1.06,1,11,0,2,6,188,11,7,0,,5,0,3,3,4,7,1,0,0,,2,0,135,15,33,,7/20 (35%),1/8 (13%),48%,7,24/48 (50%),5/13 (38%),7/12 (58%),64%,11,4,28,12,,0,,,,,2
15171558,242,86668,CALENDAR,REGULAR_SEASON,Regular Season,LEAGUE,2504,Columbus Crew,Visita,ALL,16/05/2026,,1,62%,0.41,1,5,4,4,12,530,25,14,1,,1,0,3,1,2,3,0,1,2,13,1,2,439,31,38,55/89 (62%),15/44 (34%),2/14 (14%),54%,12,51/94 (54%),10/18 (56%),13/24 (54%),60%,25,7,47,23,1,4,0.27,1,,1,8
15171558,242,86668,CALENDAR,REGULAR_SEASON,Regular Season,LEAGUE,2504,Columbus Crew,Visita,1ST,16/05/2026,,1,69%,0.06,0,3,0,2,5,295,13,8,1,,1,0,1,1,1,2,0,0,1,,1,1,255,17,18,,7/20 (35%),1/6 (17%),57%,8,27/46 (59%),2/5 (40%),6/10 (60%),38%,13,3,23,7,,0,,,,,3
15171558,242,86668,CALENDAR,REGULAR_SEASON,Regular Season,LEAGUE,2504,Columbus Crew,Visita,2ND,16/05/2026,,0,55%,0.35,1,2,4,2,7,235,12,6,0,,0,0,2,0,1,1,0,1,1,,0,1,184,14,20,,8/24 (33%),1/8 (13%),52%,4,24/48 (50%),8/13 (62%),7/14 (50%),83%,12,4,24,16,,4,,,,,5
15171584,242,86668,CALENDAR,REGULAR_SEASON,Regular Season,LEAGUE,337602,Inter Miami CF,Local,ALL,24/05/2026,,6,64%,5.51,8,17,6,4,18,531,7,16,6,,10,2,5,2,16,1,6,2,2,28,4,2,450,8,49,67/106 (63%),17/41 (41%),1/7 (14%),46%,3,27/57 (47%),9/21 (43%),6/13 (46%),71%,7,13,54,23,0,6,1.02,1,,0,6
15171584,242,86668,CALENDAR,REGULAR_SEASON,Regular Season,LEAGUE,337602,Inter Miami CF,Local,1ST,24/05/2026,,4,66%,3.07,5,7,4,3,9,246,3,7,3,,6,0,1,0,7,0,4,1,2,,2,1,207,3,23,,7/17 (41%),0/4 (0%),47%,2,14/28 (50%),2/6 (33%),4/6 (67%),100%,3,6,23,8,,4,,,,,2
15171584,242,86668,CALENDAR,REGULAR_SEASON,Regular Season,LEAGUE,337602,Inter Miami CF,Local,2ND,24/05/2026,,2,62%,2.44,3,10,2,1,9,285,4,9,3,,4,2,4,2,9,1,2,1,0,,2,2,243,5,26,,10/24 (42%),1/3 (33%),45%,1,13/29 (45%),7/15 (47%),2/7 (29%),50%,4,7,31,15,,2,,,,,4
15171584,242,86668,CALENDAR,REGULAR_SEASON,Regular Season,LEAGUE,39833,Philadelphia Union,Visita,ALL,24/05/2026,,4,36%,3.95,7,21,4,2,16,295,10,16,3,,10,1,7,4,14,7,4,3,0,32,6,3,215,13,50,64/106 (60%),11/45 (24%),5/15 (33%),54%,2,30/57 (53%),12/21 (57%),5/10 (50%),80%,10,13,56,14,1,4,-0.21,0,,1,6
15171584,242,86668,CALENDAR,REGULAR_SEASON,Regular Season,LEAGUE,39833,Philadelphia Union,Visita,1ST,24/05/2026,,4,34%,3.74,7,14,2,2,7,123,4,7,2,,8,1,4,2,12,2,4,3,0,,3,2,92,7,20,,7/21 (33%),1/8 (13%),53%,1,14/28 (50%),4/6 (67%),3/5 (60%),75%,4,4,24,7,,2,,,,,1
15171584,242,86668,CALENDAR,REGULAR_SEASON,Regular Season,LEAGUE,39833,Philadelphia Union,Visita,2ND,24/05/2026,,0,38%,0.21,0,7,2,0,9,172,6,9,1,,2,0,3,2,2,5,0,0,0,,3,1,123,6,30,,4/24 (17%),4/7 (57%),55%,1,16/29 (55%),8/15 (53%),2/5 (40%),83%,6,9,32,7,,2,,,,,5
15171596,242,86668,CALENDAR,REGULAR_SEASON,Regular Season,LEAGUE,39833,Philadelphia Union,Local,ALL,22/07/2026,,3,37%,3.25,7,24,3,8,13,286,13,10,0,,9,2,11,4,16,8,2,5,1,29,2,1,197,23,72,94/150 (63%),26/62 (42%),10/23 (43%),56%,5,34/57 (60%),14/29 (48%),12/14 (86%),62%,13,17,62,17,1,3,-0.38,1,1,2,4
15171596,242,86668,CALENDAR,REGULAR_SEASON,Regular Season,LEAGUE,39833,Philadelphia Union,Local,1ST,22/07/2026,,1,38%,1.50,5,9,1,4,9,136,3,4,0,,5,0,3,1,5,4,1,4,1,,0,1,89,15,33,,12/29 (41%),4/9 (44%),44%,3,11/25 (44%),8/18 (44%),4/4 (100%),100%,3,9,23,11,,1,,,,,2
15171596,242,86668,CALENDAR,REGULAR_SEASON,Regular Season,LEAGUE,39833,Philadelphia Union,Local,2ND,22/07/2026,,2,36%,1.76,2,15,3,4,4,150,10,6,0,,4,2,8,3,11,4,1,1,0,,2,0,108,8,39,,14/33 (42%),6/14 (43%),67%,2,23/32 (72%),6/11 (55%),8/10 (80%),50%,10,8,39,6,,3,,,,,2
15171596,242,86668,CALENDAR,REGULAR_SEASON,Regular Season,LEAGUE,2506,New York Red Bulls,Visita,ALL,22/07/2026,,1,63%,0.79,2,9,6,6,10,517,7,13,3,,4,0,3,2,6,3,1,1,1,19,3,0,431,17,52,81/122 (66%),15/44 (34%),2/14 (14%),44%,9,23/57 (40%),15/29 (52%),5/9 (56%),71%,7,8,58,35,2,6,0.21,3,0,1,11
15171596,242,86668,CALENDAR,REGULAR_SEASON,Regular Season,LEAGUE,2506,New York Red Bulls,Visita,1ST,22/07/2026,,1,62%,0.35,1,4,4,4,4,222,3,9,0,,1,0,1,2,3,1,1,0,0,,1,0,178,11,27,,9/29 (31%),1/10 (10%),56%,3,14/25 (56%),10/18 (56%),3/3 (100%),100%,3,4,22,22,,4,,,,,6
15171596,242,86668,CALENDAR,REGULAR_SEASON,Regular Season,LEAGUE,2506,New York Red Bulls,Visita,2ND,22/07/2026,,0,64%,0.45,1,5,2,2,6,295,4,4,3,,3,0,2,0,3,2,0,1,1,,2,0,253,6,25,,6/15 (40%),1/4 (25%),33%,6,9/32 (28%),5/11 (45%),2/6 (33%),50%,4,4,36,13,,2,,,,,5
15171613,242,86668,CALENDAR,REGULAR_SEASON,Regular Season,LEAGUE,39833,Philadelphia Union,Local,ALL,25/07/2026,,1,44%,1.21,1,15,1,6,11,348,22,11,0,,5,0,7,3,9,6,1,,1,26,2,1,249,25,70,95/148 (64%),13/45 (29%),6/22 (27%),55%,6,34/66 (52%),30/50 (60%),3/9 (33%),64%,22,16,49,22,1,1,0.04,0,0,1,7
15171613,242,86668,CALENDAR,REGULAR_SEASON,Regular Season,LEAGUE,39833,Philadelphia Union,Local,1ST,25/07/2026,,1,56%,0.42,1,4,0,3,6,197,15,6,0,,1,0,1,2,2,2,1,,1,,2,0,147,14,30,,6/20 (30%),2/13 (15%),57%,3,21/36 (58%),17/31 (55%),1/6 (17%),67%,15,6,17,14,,0,,,,,4
15171613,242,86668,CALENDAR,REGULAR_SEASON,Regular Season,LEAGUE,39833,Philadelphia Union,Local,2ND,25/07/2026,,0,35%,0.79,0,11,1,3,5,151,7,5,0,,4,0,6,1,7,4,0,,0,,0,1,102,11,40,,7/25 (28%),4/9 (44%),53%,3,13/30 (43%),13/19 (68%),2/3 (67%),57%,7,10,32,8,,1,,,,,3
15171613,242,86668,CALENDAR,REGULAR_SEASON,Regular Season,LEAGUE,22009,Seattle Sounders FC,Visita,ALL,25/07/2026,,0,56%,0.36,0,7,4,1,11,451,12,11,1,,1,0,5,1,6,1,0,,0,14,0,0,350,18,60,55/102 (54%),13/46 (28%),5/10 (50%),45%,9,32/66 (48%),20/50 (40%),9/22 (41%),83%,12,7,52,31,1,4,1.09,1,2,2,10
15171613,242,86668,CALENDAR,REGULAR_SEASON,Regular Season,LEAGUE,22009,Seattle Sounders FC,Visita,1ST,25/07/2026,,0,44%,0.12,0,2,0,1,6,158,8,6,1,,0,0,1,1,2,0,0,,0,,0,0,104,9,29,,2/21 (10%),2/3 (67%),43%,7,15/36 (42%),14/31 (45%),1/9 (11%),88%,8,2,25,23,,0,,,,,3
15171613,242,86668,CALENDAR,REGULAR_SEASON,Regular Season,LEAGUE,22009,Seattle Sounders FC,Visita,2ND,25/07/2026,,0,65%,0.24,0,5,4,0,5,293,4,5,0,,1,0,4,0,4,1,0,,0,,0,0,246,9,31,,11/25 (44%),3/7 (43%),47%,2,17/30 (57%),6/19 (32%),8/13 (62%),75%,4,5,27,8,,4,,,,,7
15171626,242,86668,CALENDAR,REGULAR_SEASON,Regular Season,LEAGUE,39833,Philadelphia Union,Local,ALL,01/08/2026,,3,71%,2.81,4,30,0,12,15,517,9,5,3,0,6,2,16,8,25,5,1,3,1,64,3,3,437,35,93,213/271 (79%),29/48 (60%),18/53 (34%),47%,7,20/53 (38%),24/41 (59%),6/18 (33%),56%,9,5,50,11,0,0,-1.43,0,0,0,3
15171626,242,86668,CALENDAR,REGULAR_SEASON,Regular Season,LEAGUE,39833,Philadelphia Union,Local,1ST,01/08/2026,,0,61%,0.97,1,12,0,5,10,215,6,3,1,0,2,2,6,4,10,2,0,1,1,,2,2,181,11,32,,8/16 (50%),5/18 (28%),47%,3,12/30 (40%),12/21 (57%),3/9 (33%),67%,6,5,22,5,,0,,,,,2
15171626,242,86668,CALENDAR,REGULAR_SEASON,Regular Season,LEAGUE,39833,Philadelphia Union,Local,2ND,01/08/2026,,3,80%,1.84,3,18,0,7,5,302,3,2,2,0,4,0,10,4,15,3,1,2,0,,1,1,256,24,61,,21/32 (66%),13/35 (37%),47%,4,8/23 (35%),12/20 (60%),3/9 (33%),33%,3,1,28,6,,0,,,,,1
15171626,242,86668,CALENDAR,REGULAR_SEASON,Regular Season,LEAGUE,243211,Atlanta United,Visita,ALL,01/08/2026,,2,29%,0.52,2,4,4,2,5,225,19,15,2,1,2,0,2,0,3,1,1,1,0,4,1,2,144,19,40,32/62 (52%),21/67 (31%),2/9 (22%),53%,6,33/53 (62%),17/41 (41%),3/6 (50%),68%,19,14,39,58,1,4,-1.10,2,3,1,12
15171626,242,86668,CALENDAR,REGULAR_SEASON,Regular Season,LEAGUE,243211,Atlanta United,Visita,1ST,01/08/2026,,1,39%,0.40,1,2,3,1,3,145,9,10,0,1,1,0,1,0,2,0,1,0,0,,1,2,101,10,17,,13/32 (41%),1/5 (20%),53%,6,18/30 (60%),9/21 (43%),3/3 (100%),89%,9,5,19,26,,3,,,,,3
15171626,242,86668,CALENDAR,REGULAR_SEASON,Regular Season,LEAGUE,243211,Atlanta United,Visita,2ND,01/08/2026,,1,20%,0.12,1,2,1,1,2,80,10,5,2,0,1,0,1,0,1,1,0,1,0,,1,0,43,9,23,,8/35 (23%),1/4 (25%),53%,0,15/23 (65%),8/20 (40%),0/3 (0%),50%,10,9,20,32,,1,,,,,9
15679391,13783,91033,CALENDAR,GROUP,"Leagues Cup, Group Stage",CUP,1947,Cruz Azul,Local,ALL,06/08/2026,1.0,1,52%,0.56,1,10,3,1,8,453,14,6,2,,3,0,4,3,6,4,,1,,15.0,1,1,362,19,37,64/87 (74%),24/62 (39%),1/4 (25%),45%,7,28/66 (42%),15/30 (50%),8/18 (44%),57%,14,12,61,30,,3,,,1.0,3.0,13
15679391,13783,91033,CALENDAR,GROUP,"Leagues Cup, Group Stage",CUP,1947,Cruz Azul,Local,1ST,06/08/2026,1.0,1,60%,0.0,0,3,0,1,3,255,6,3,1,,1,0,2,0,2,1,,0,,,0,1,211,13,19,,10/27 (37%),0/3 (0%),48%,4,17/33 (52%),5/13 (38%),8/15 (53%),83%,6,7,29,11,,0,,,,,5
15679391,13783,91033,CALENDAR,GROUP,"Leagues Cup, Group Stage",CUP,1947,Cruz Azul,Local,2ND,06/08/2026,1.0,0,45%,0.0,1,7,3,0,5,198,8,3,1,,2,0,2,3,4,3,,1,,,1,0,151,6,18,,14/35 (40%),1/1 (100%),42%,3,11/33 (33%),10/17 (59%),0/3 (0%),38%,8,5,32,19,,3,,,,,8
15679391,13783,91033,CALENDAR,GROUP,"Leagues Cup, Group Stage",CUP,39833,Philadelphia Union,Visita,ALL,06/08/2026,1.0,0,48%,1.04,3,14,2,7,6,397,17,8,1,,3,0,7,4,10,4,,3,,33.0,2,1,297,32,83,95/160 (59%),19/52 (37%),1/20 (5%),55%,8,38/66 (58%),15/30 (50%),13/19 (68%),71%,17,9,56,7,,2,,,0.0,0.0,6
15679391,13783,91033,CALENDAR,GROUP,"Leagues Cup, Group Stage",CUP,39833,Philadelphia Union,Visita,1ST,06/08/2026,1.0,0,40%,0.0,0,3,0,2,3,168,11,3,1,,0,0,2,1,2,1,,0,,,0,1,114,14,40,,12/32 (38%),0/5 (0%),52%,2,16/33 (48%),8/13 (62%),2/6 (33%),73%,11,4,23,4,,0,,,,,5
15679391,13783,91033,CALENDAR,GROUP,"Leagues Cup, Group Stage",CUP,39833,Philadelphia Union,Visita,2ND,06/08/2026,1.0,0,55%,0.0,3,11,2,5,3,229,6,5,0,,3,0,5,3,8,3,,3,,,2,0,183,18,43,,7/20 (35%),1/15 (7%),58%,6,22/33 (67%),7/17 (41%),11/13 (85%),67%,6,5,33,3,,2,,,,,1
15679400,13783,91033,CALENDAR,GROUP,"Leagues Cup, Group Stage",CUP,39833,Philadelphia Union,Local,ALL,09/08/2026,1.0,3,45%,1.81,3,12,8,4,20,364,20,9,3,,3,0,5,4,9,3,2.0,1,1.0,23.0,1,2,288,26,54,87/125 (70%),20/49 (41%),3/14 (21%),45%,11,33/74 (45%),9/20 (45%),4/9 (44%),60%,20,15,61,18,,8,,,0.0,,3
15679400,13783,91033,CALENDAR,GROUP,"Leagues Cup, Group Stage",CUP,39833,Philadelphia Union,Local,1ST,09/08/2026,1.0,2,48%,0.0,2,4,4,0,9,196,6,7,1,,2,0,2,0,3,1,1.0,1,1.0,,1,1,162,13,24,,12/23 (52%),2/5 (40%),51%,6,16/34 (47%),7/11 (64%),3/4 (75%),50%,6,7,26,12,,4,,,,,2
15679400,13783,91033,CALENDAR,GROUP,"Leagues Cup, Group Stage",CUP,39833,Philadelphia Union,Local,2ND,09/08/2026,1.0,1,42%,0.0,1,8,4,4,11,168,14,2,2,,1,0,3,4,6,2,1.0,0,0.0,,0,1,126,13,30,,8/26 (31%),1/9 (11%),39%,5,17/40 (43%),2/9 (22%),1/5 (20%),64%,14,8,35,6,,4,,,,,1
15679400,13783,91033,CALENDAR,GROUP,"Leagues Cup, Group Stage",CUP,1944,Club Necaxa,Visita,ALL,09/08/2026,1.0,1,55%,1.28,2,16,0,7,9,458,16,20,2,,9,0,4,3,10,6,1.0,1,0.0,23.0,1,1,373,23,38,56/91 (62%),22/50 (44%),6/9 (67%),55%,9,41/74 (55%),11/20 (55%),6/17 (35%),88%,16,16,50,18,,0,,,1.0,,8
15679400,13783,91033,CALENDAR,GROUP,"Leagues Cup, Group Stage",CUP,1944,Club Necaxa,Visita,1ST,09/08/2026,1.0,0,52%,0.0,0,7,0,2,7,221,7,9,1,,4,0,2,1,3,4,0.0,0,0.0,,1,0,183,8,18,,12/25 (48%),2/3 (67%),49%,3,18/34 (53%),4/11 (36%),3/6 (50%),86%,7,8,21,4,,0,,,,,4
15679400,13783,91033,CALENDAR,GROUP,"Leagues Cup, Group Stage",CUP,1944,Club Necaxa,Visita,2ND,09/08/2026,1.0,1,58%,0.0,2,9,0,5,2,237,9,11,1,,5,0,2,2,7,2,1.0,1,0.0,,0,1,190,15,20,,10/25 (40%),4/6 (67%),61%,6,23/40 (57%),7/9 (78%),3/11 (27%),89%,9,8,29,14,,0,,,,,4
15171647,242,86668,CALENDAR,REGULAR_SEASON,Regular Season,LEAGUE,187643,New York City FC,Local,ALL,16/08/2026,,2,51%,2.53,2,17,2,8,15,349,8,19,3,,4,0,6,7,11,6,2.0,0,1.0,28.0,5,1,249,24,55,36/80 (45%),16/59 (27%),4/15 (27%),50%,9,40/74 (54%),17/40 (43%),12/21 (57%),63%,8,4,47,27,,2,-0.16,1.0,,,10
15171647,242,86668,CALENDAR,REGULAR_SEASON,Regular Season,LEAGUE,187643,New York City FC,Local,1ST,16/08/2026,,2,54%,2.22,2,13,1,4,7,189,5,10,1,,3,0,3,7,8,5,2.0,0,0.0,,3,1,135,10,27,,9/28 (32%),2/7 (29%),57%,3,22/35 (63%),9/19 (47%),6/9 (67%),60%,5,3,23,16,,1,,,,,4
15171647,242,86668,CALENDAR,REGULAR_SEASON,Regular Season,LEAGUE,187643,New York City FC,Local,2ND,16/08/2026,,0,48%,0.32,0,4,1,4,8,160,3,9,2,,1,0,3,0,3,1,0.0,0,1.0,,2,0,114,14,28,,7/31 (23%),2/8 (25%),43%,6,18/39 (46%),8/21 (38%),6/12 (50%),67%,3,1,24,11,,1,,,,,6
15171647,242,86668,CALENDAR,REGULAR_SEASON,Regular Season,LEAGUE,39833,Philadelphia Union,Visita,ALL,16/08/2026,,3,49%,2.85,5,18,2,4,21,328,18,15,4,,5,0,8,5,9,9,3.0,2,1.0,24.0,2,3,246,22,64,58/97 (60%),25/58 (43%),4/22 (18%),50%,3,34/74 (46%),23/40 (57%),3/8 (38%),61%,18,8,44,28,,2,0.87,1.0,,,7
15171647,242,86668,CALENDAR,REGULAR_SEASON,Regular Season,LEAGUE,39833,Philadelphia Union,Visita,1ST,16/08/2026,,0,46%,0.84,2,6,1,2,12,157,6,7,2,,1,0,3,2,2,4,0.0,2,1.0,,0,2,117,13,35,,11/32 (34%),1/11 (9%),43%,1,13/35 (37%),10/19 (53%),1/5 (20%),67%,6,3,18,16,,1,,,,,3
15171647,242,86668,CALENDAR,REGULAR_SEASON,Regular Season,LEAGUE,39833,Philadelphia Union,Visita,2ND,16/08/2026,,3,52%,2.01,3,12,1,2,9,171,12,8,2,,4,0,5,3,7,5,3.0,0,0.0,,2,1,129,9,29,,14/26 (54%),3/11 (27%),57%,2,21/39 (54%),13/21 (62%),2/3 (67%),58%,12,5,26,12,,1,,,,,4
15679432,13783,91033,CALENDAR,GROUP,"Leagues Cup, Group Stage",CUP,39833,Philadelphia Union,Local,ALL,13/08/2026,1.0,0,51%,0.98,2,12,1,6,13,403,17,13,2,,4,0,6,2,7,5,0.0,2,,16.0,4,1,334,23,64,81/122 (66%),24/40 (60%),1/20 (5%),57%,6,37/72 (51%),12/14 (86%),8/16 (50%),65%,17,12,42,12,,1,,0.0,0.0,0.0,3
15679432,13783,91033,CALENDAR,GROUP,"Leagues Cup, Group Stage",CUP,39833,Philadelphia Union,Local,1ST,13/08/2026,1.0,0,54%,0.0,1,7,1,2,6,221,13,7,0,,2,0,4,1,4,3,0.0,1,,,2,1,187,14,40,,14/22 (64%),0/10 (0%),60%,5,23/42 (55%),6/6 (100%),3/6 (50%),69%,13,5,25,4,,1,,,,,2
15679432,13783,91033,CALENDAR,GROUP,"Leagues Cup, Group Stage",CUP,39833,Philadelphia Union,Local,2ND,13/08/2026,1.0,0,48%,0.0,1,5,0,4,7,182,4,6,2,,2,0,2,1,3,2,0.0,1,,,2,0,147,9,24,,10/18 (56%),1/10 (10%),53%,1,14/30 (47%),6/8 (75%),5/10 (50%),50%,4,7,17,8,,0,,,,,1
15679432,13783,91033,CALENDAR,GROUP,"Leagues Cup, Group Stage",CUP,1948,Santos Laguna,Visita,ALL,13/08/2026,1.0,2,49%,0.92,2,6,3,6,13,394,14,13,3,,3,0,2,1,4,2,2.0,0,,15.0,2,3,330,23,34,44/67 (66%),42/69 (61%),2/14 (14%),43%,8,35/72 (49%),2/14 (14%),9/18 (50%),86%,14,10,39,30,,3,,1.0,1.0,1.0,5
15679432,13783,91033,CALENDAR,GROUP,"Leagues Cup, Group Stage",CUP,1948,Santos Laguna,Visita,1ST,13/08/2026,1.0,0,46%,0.0,0,2,1,3,7,189,8,6,2,,1,0,1,0,1,1,0.0,0,,,0,2,154,14,12,,19/34 (56%),1/6 (17%),40%,8,19/42 (45%),0/6 (0%),6/11 (55%),88%,8,7,18,16,,1,,,,,3
15679432,13783,91033,CALENDAR,GROUP,"Leagues Cup, Group Stage",CUP,1948,Santos Laguna,Visita,2ND,13/08/2026,1.0,2,52%,0.0,2,4,2,3,6,205,6,7,1,,2,0,1,1,3,1,2.0,0,,,2,1,176,9,22,,23/35 (66%),1/8 (13%),47%,0,16/30 (53%),2/8 (25%),3/7 (43%),83%,6,3,21,14,,2,,,,,2