Event_ID,Competition_ID,Season_ID,Season_Format,Competition_Phase,Competition_Stage,Competition_Type,Team_ID,Equipo,Condicion,Tiempo,Fecha,Jornada,Goals,Ball possession,Expected goals,Big chances,Total shots,Goalkeeper saves,Corner kicks,Fouls,Passes,Tackles,Free kicks,Yellow cards,Red cards,Shots on target,Hit woodwork,Shots off target,Blocked shots,Shots inside box,Shots outside box,Big chances scored,Big chances missed,Through balls,Touches in penalty area,Fouled in final third,Offsides,Accurate passes,Throw-ins,Final third entries,Final third phase,Long balls,Crosses,Duels,Dispossessed,Ground duels,Aerial duels,Dribbles,Tackles won,Total tackles,Interceptions,Recoveries,Clearances,Errors lead to a shot,Total saves,Goals prevented,Big saves,High claims,Punches,Goal kicks
9764107,185,37707,NORMAL,REGULAR,Round 1,LEAGUE,3245,Olympiacos FC,Local,ALL,12/09/2021,1,0,64%,,,21,2,9,13,,,17,1,0,6,,10,5,,,,,,,,1,,20,,,,,,,,,,,,,,,,2,,,,,2
9764107,185,37707,NORMAL,REGULAR,Round 1,LEAGUE,3245,Olympiacos FC,Local,1ST,12/09/2021,1,,,,,,,,,,,,,,,,,,,,,,,,,,,,,,,,,,,,,,,,,,,,,,,,
9764107,185,37707,NORMAL,REGULAR,Round 1,LEAGUE,3245,Olympiacos FC,Local,2ND,12/09/2021,1,,,,,,,,,,,,,,,,,,,,,,,,,,,,,,,,,,,,,,,,,,,,,,,,
9764107,185,37707,NORMAL,REGULAR,Round 1,LEAGUE,5062,APS Atromitos Athinon,Visita,ALL,12/09/2021,1,0,36%,,,3,4,0,16,,,14,6,0,2,,1,0,,,,,,,,1,,25,,,,,,,,,,,,,,,,4,,,,,14
9764107,185,37707,NORMAL,REGULAR,Round 1,LEAGUE,5062,APS Atromitos Athinon,Visita,1ST,12/09/2021,1,,,,,,,,,,,,,,,,,,,,,,,,,,,,,,,,,,,,,,,,,,,,,,,,
9764107,185,37707,NORMAL,REGULAR,Round 1,LEAGUE,5062,APS Atromitos Athinon,Visita,2ND,12/09/2021,1,,,,,,,,,,,,,,,,,,,,,,,,,,,,,,,,,,,,,,,,,,,,,,,,
9790034,185,37707,NORMAL,REGULAR,Round 2,LEAGUE,5062,APS Atromitos Athinon,Local,ALL,19/09/2021,2,1,54%,,,11,5,4,20,,,20,2,0,4,,5,2,,,,,,,,2,,19,,,,,,,,,,,,,,,,5,,,,,9
9790034,185,37707,NORMAL,REGULAR,Round 2,LEAGUE,5062,APS Atromitos Athinon,Local,1ST,19/09/2021,2,,,,,,,,,,,,,,,,,,,,,,,,,,,,,,,,,,,,,,,,,,,,,,,,
9790034,185,37707,NORMAL,REGULAR,Round 2,LEAGUE,5062,APS Atromitos Athinon,Local,2ND,19/09/2021,2,,,,,,,,,,,,,,,,,,,,,,,,,,,,,,,,,,,,,,,,,,,,,,,,
9790034,185,37707,NORMAL,REGULAR,Round 2,LEAGUE,7004,GFS Panetolikos,Visita,ALL,19/09/2021,2,2,46%,,,15,2,8,19,,,22,1,0,9,,5,1,,,,,,,,1,,13,,,,,,,,,,,,,,,,2,,,,,8
9790034,185,37707,NORMAL,REGULAR,Round 2,LEAGUE,7004,GFS Panetolikos,Visita,1ST,19/09/2021,2,,,,,,,,,,,,,,,,,,,,,,,,,,,,,,,,,,,,,,,,,,,,,,,,
9790034,185,37707,NORMAL,REGULAR,Round 2,LEAGUE,7004,GFS Panetolikos,Visita,2ND,19/09/2021,2,,,,,,,,,,,,,,,,,,,,,,,,,,,,,,,,,,,,,,,,,,,,,,,,
9712377,185,37707,NORMAL,REGULAR,Round 3,LEAGUE,267459,NPS Volos,Local,ALL,23/09/2021,3,3,54%,,,16,0,8,17,,,17,3,0,4,,7,5,,,,,,,,2,,25,,,,,,,,,,,,,,,,0,,,,,7
9712377,185,37707,NORMAL,REGULAR,Round 3,LEAGUE,267459,NPS Volos,Local,1ST,23/09/2021,3,,,,,,,,,,,,,,,,,,,,,,,,,,,,,,,,,,,,,,,,,,,,,,,,
9712377,185,37707,NORMAL,REGULAR,Round 3,LEAGUE,267459,NPS Volos,Local,2ND,23/09/2021,3,,,,,,,,,,,,,,,,,,,,,,,,,,,,,,,,,,,,,,,,,,,,,,,,
9712377,185,37707,NORMAL,REGULAR,Round 3,LEAGUE,5062,APS Atromitos Athinon,Visita,ALL,23/09/2021,3,0,46%,,,6,1,2,16,,,18,2,0,0,,4,2,,,,,,,,1,,16,,,,,,,,,,,,,,,,1,,,,,10
9712377,185,37707,NORMAL,REGULAR,Round 3,LEAGUE,5062,APS Atromitos Athinon,Visita,1ST,23/09/2021,3,,,,,,,,,,,,,,,,,,,,,,,,,,,,,,,,,,,,,,,,,,,,,,,,
9712377,185,37707,NORMAL,REGULAR,Round 3,LEAGUE,5062,APS Atromitos Athinon,Visita,2ND,23/09/2021,3,,,,,,,,,,,,,,,,,,,,,,,,,,,,,,,,,,,,,,,,,,,,,,,,
9712582,185,37707,NORMAL,REGULAR,Round 4,LEAGUE,5062,APS Atromitos Athinon,Local,ALL,27/09/2021,4,1,61%,,,12,0,7,17,,,17,3,0,4,,6,2,,,,,,,,0,,26,,,,,,,,,,,,,,,,0,,,,,4
9712582,185,37707,NORMAL,REGULAR,Round 4,LEAGUE,5062,APS Atromitos Athinon,Local,1ST,27/09/2021,4,,,,,,,,,,,,,,,,,,,,,,,,,,,,,,,,,,,,,,,,,,,,,,,,
9712582,185,37707,NORMAL,REGULAR,Round 4,LEAGUE,5062,APS Atromitos Athinon,Local,2ND,27/09/2021,4,,,,,,,,,,,,,,,,,,,,,,,,,,,,,,,,,,,,,,,,,,,,,,,,
9712582,185,37707,NORMAL,REGULAR,Round 4,LEAGUE,3252,Aris Thessaloniki,Visita,ALL,27/09/2021,4,3,39%,,,5,3,4,13,,,17,1,0,3,,2,0,,,,,,,,4,,18,,,,,,,,,,,,,,,,3,,,,,9
9712582,185,37707,NORMAL,REGULAR,Round 4,LEAGUE,3252,Aris Thessaloniki,Visita,1ST,27/09/2021,4,,,,,,,,,,,,,,,,,,,,,,,,,,,,,,,,,,,,,,,,,,,,,,,,
9712582,185,37707,NORMAL,REGULAR,Round 4,LEAGUE,3252,Aris Thessaloniki,Visita,2ND,27/09/2021,4,,,,,,,,,,,,,,,,,,,,,,,,,,,,,,,,,,,,,,,,,,,,,,,,
9712427,185,37707,NORMAL,REGULAR,Round 5,LEAGUE,5062,APS Atromitos Athinon,Local,ALL,03/10/2021,5,1,52%,,,9,2,4,17,,,24,0,0,2,,5,2,,,,,,,,1,,21,,,,,,,,,,,,,,,,2,,,,,7
9712427,185,37707,NORMAL,REGULAR,Round 5,LEAGUE,5062,APS Atromitos Athinon,Local,1ST,03/10/2021,5,,,,,,,,,,,,,,,,,,,,,,,,,,,,,,,,,,,,,,,,,,,,,,,,
9712427,185,37707,NORMAL,REGULAR,Round 5,LEAGUE,5062,APS Atromitos Athinon,Local,2ND,03/10/2021,5,,,,,,,,,,,,,,,,,,,,,,,,,,,,,,,,,,,,,,,,,,,,,,,,
9712427,185,37707,NORMAL,REGULAR,Round 5,LEAGUE,6349,PAS Giannina,Visita,ALL,03/10/2021,5,1,48%,,,5,1,5,21,,,18,3,0,3,,2,0,,,,,,,,3,,23,,,,,,,,,,,,,,,,1,,,,,9
9712427,185,37707,NORMAL,REGULAR,Round 5,LEAGUE,6349,PAS Giannina,Visita,1ST,03/10/2021,5,,,,,,,,,,,,,,,,,,,,,,,,,,,,,,,,,,,,,,,,,,,,,,,,
9712427,185,37707,NORMAL,REGULAR,Round 5,LEAGUE,6349,PAS Giannina,Visita,2ND,03/10/2021,5,,,,,,,,,,,,,,,,,,,,,,,,,,,,,,,,,,,,,,,,,,,,,,,,
9712671,185,37707,NORMAL,REGULAR,Round 6,LEAGUE,3250,AEK Athens,Local,ALL,17/10/2021,6,3,57%,,,11,3,3,14,,,6,2,0,4,,6,1,,,,,,,,1,,22,,,,,,,,,,,,,,,,3,,,,,9
9712671,185,37707,NORMAL,REGULAR,Round 6,LEAGUE,3250,AEK Athens,Local,1ST,17/10/2021,6,,,,,,,,,,,,,,,,,,,,,,,,,,,,,,,,,,,,,,,,,,,,,,,,
9712671,185,37707,NORMAL,REGULAR,Round 6,LEAGUE,3250,AEK Athens,Local,2ND,17/10/2021,6,,,,,,,,,,,,,,,,,,,,,,,,,,,,,,,,,,,,,,,,,,,,,,,,
9712671,185,37707,NORMAL,REGULAR,Round 6,LEAGUE,5062,APS Atromitos Athinon,Visita,ALL,17/10/2021,6,0,43%,,,9,1,8,5,,,15,1,0,3,,6,0,,,,,,,,1,,21,,,,,,,,,,,,,,,,1,,,,,11
9712671,185,37707,NORMAL,REGULAR,Round 6,LEAGUE,5062,APS Atromitos Athinon,Visita,1ST,17/10/2021,6,,,,,,,,,,,,,,,,,,,,,,,,,,,,,,,,,,,,,,,,,,,,,,,,
9712671,185,37707,NORMAL,REGULAR,Round 6,LEAGUE,5062,APS Atromitos Athinon,Visita,2ND,17/10/2021,6,,,,,,,,,,,,,,,,,,,,,,,,,,,,,,,,,,,,,,,,,,,,,,,,
9712184,185,37707,NORMAL,REGULAR,Round 7,LEAGUE,5062,APS Atromitos Athinon,Local,ALL,23/10/2021,7,0,58%,,,16,2,9,11,,,19,1,0,4,,7,5,,,,,,,,1,,31,,,,,,,,,,,,,,,,2,,,,,4
9712184,185,37707,NORMAL,REGULAR,Round 7,LEAGUE,5062,APS Atromitos Athinon,Local,1ST,23/10/2021,7,,,,,,,,,,,,,,,,,,,,,,,,,,,,,,,,,,,,,,,,,,,,,,,,
9712184,185,37707,NORMAL,REGULAR,Round 7,LEAGUE,5062,APS Atromitos Athinon,Local,2ND,23/10/2021,7,,,,,,,,,,,,,,,,,,,,,,,,,,,,,,,,,,,,,,,,,,,,,,,,
9712184,185,37707,NORMAL,REGULAR,Round 7,LEAGUE,3249,AO Ionikos Nikeas,Visita,ALL,23/10/2021,7,2,42%,,,6,2,2,17,,,12,3,0,4,,2,0,,,,,,,,2,,21,,,,,,,,,,,,,,,,2,,,,,11
9712184,185,37707,NORMAL,REGULAR,Round 7,LEAGUE,3249,AO Ionikos Nikeas,Visita,1ST,23/10/2021,7,,,,,,,,,,,,,,,,,,,,,,,,,,,,,,,,,,,,,,,,,,,,,,,,
9712184,185,37707,NORMAL,REGULAR,Round 7,LEAGUE,3249,AO Ionikos Nikeas,Visita,2ND,23/10/2021,7,,,,,,,,,,,,,,,,,,,,,,,,,,,,,,,,,,,,,,,,,,,,,,,,
9712171,185,37707,NORMAL,REGULAR,Round 8,LEAGUE,120154,PAS Lamia 1964,Local,ALL,31/10/2021,8,2,61%,,,9,3,7,13,,,23,0,0,3,,4,2,,,,,,,,1,,35,,,,,,,,,,,,,,,,3,,,,,7
9712171,185,37707,NORMAL,REGULAR,Round 8,LEAGUE,120154,PAS Lamia 1964,Local,1ST,31/10/2021,8,,,,,,,,,,,,,,,,,,,,,,,,,,,,,,,,,,,,,,,,,,,,,,,,
9712171,185,37707,NORMAL,REGULAR,Round 8,LEAGUE,120154,PAS Lamia 1964,Local,2ND,31/10/2021,8,,,,,,,,,,,,,,,,,,,,,,,,,,,,,,,,,,,,,,,,,,,,,,,,
9712171,185,37707,NORMAL,REGULAR,Round 8,LEAGUE,5062,APS Atromitos Athinon,Visita,ALL,31/10/2021,8,2,39%,,,9,2,4,23,,,13,2,0,5,,4,0,,,,,,,,0,,23,,,,,,,,,,,,,,,,2,,,,,9
9712171,185,37707,NORMAL,REGULAR,Round 8,LEAGUE,5062,APS Atromitos Athinon,Visita,1ST,31/10/2021,8,,,,,,,,,,,,,,,,,,,,,,,,,,,,,,,,,,,,,,,,,,,,,,,,
9712171,185,37707,NORMAL,REGULAR,Round 8,LEAGUE,5062,APS Atromitos Athinon,Visita,2ND,31/10/2021,8,,,,,,,,,,,,,,,,,,,,,,,,,,,,,,,,,,,,,,,,,,,,,,,,
9712677,185,37707,NORMAL,REGULAR,Round 9,LEAGUE,3241,OFI Crete,Local,ALL,06/11/2021,9,2,54%,,,13,5,1,20,,,19,3,0,6,,5,2,,,,,,,,3,,17,,,,,,,,,,,,,,,,5,,,,,8
9712677,185,37707,NORMAL,REGULAR,Round 9,LEAGUE,3241,OFI Crete,Local,1ST,06/11/2021,9,,,,,,,,,,,,,,,,,,,,,,,,,,,,,,,,,,,,,,,,,,,,,,,,
9712677,185,37707,NORMAL,REGULAR,Round 9,LEAGUE,3241,OFI Crete,Local,2ND,06/11/2021,9,,,,,,,,,,,,,,,,,,,,,,,,,,,,,,,,,,,,,,,,,,,,,,,,
9712677,185,37707,NORMAL,REGULAR,Round 9,LEAGUE,5062,APS Atromitos Athinon,Visita,ALL,06/11/2021,9,0,46%,,,12,3,2,15,,,23,1,0,6,,5,1,,,,,,,,5,,19,,,,,,,,,,,,,,,,3,,,,,12
9712677,185,37707,NORMAL,REGULAR,Round 9,LEAGUE,5062,APS Atromitos Athinon,Visita,1ST,06/11/2021,9,,,,,,,,,,,,,,,,,,,,,,,,,,,,,,,,,,,,,,,,,,,,,,,,
9712677,185,37707,NORMAL,REGULAR,Round 9,LEAGUE,5062,APS Atromitos Athinon,Visita,2ND,06/11/2021,9,,,,,,,,,,,,,,,,,,,,,,,,,,,,,,,,,,,,,,,,,,,,,,,,
9712403,185,37707,NORMAL,REGULAR,Round 10,LEAGUE,5062,APS Atromitos Athinon,Local,ALL,21/11/2021,10,2,30%,0.00,,7,3,4,19,,,16,3,0,3,0,3,1,0,0,,,,,,1,,16,,,,,,,,,,,,,,,,3,,,,,13
9712403,185,37707,NORMAL,REGULAR,Round 10,LEAGUE,5062,APS Atromitos Athinon,Local,1ST,21/11/2021,10,,,,,,,,,,,,,,,,,,,,,,,,,,,,,,,,,,,,,,,,,,,,,,,,
9712403,185,37707,NORMAL,REGULAR,Round 10,LEAGUE,5062,APS Atromitos Athinon,Local,2ND,21/11/2021,10,,,,,,,,,,,,,,,,,,,,,,,,,,,,,,,,,,,,,,,,,,,,,,,,
9712403,185,37707,NORMAL,REGULAR,Round 10,LEAGUE,3251,PAOK,Visita,ALL,21/11/2021,10,0,70%,0.00,,15,1,9,15,,,20,2,0,4,0,7,4,0,0,,,,,,1,,23,,,,,,,,,,,,,,,,1,,,,,5
9712403,185,37707,NORMAL,REGULAR,Round 10,LEAGUE,3251,PAOK,Visita,1ST,21/11/2021,10,,,,,,,,,,,,,,,,,,,,,,,,,,,,,,,,,,,,,,,,,,,,,,,,
9712403,185,37707,NORMAL,REGULAR,Round 10,LEAGUE,3251,PAOK,Visita,2ND,21/11/2021,10,,,,,,,,,,,,,,,,,,,,,,,,,,,,,,,,,,,,,,,,,,,,,,,,
9712455,185,37707,NORMAL,REGULAR,Round 11,LEAGUE,6342,Asteras Aktor,Local,ALL,27/11/2021,11,6,55%,,,12,3,2,15,,,15,0,0,7,,3,2,,,,,,,,1,,17,,,,,,,,,,,,,,,,3,,,,,2
9712455,185,37707,NORMAL,REGULAR,Round 11,LEAGUE,6342,Asteras Aktor,Local,1ST,27/11/2021,11,,,,,,,,,,,,,,,,,,,,,,,,,,,,,,,,,,,,,,,,,,,,,,,,
9712455,185,37707,NORMAL,REGULAR,Round 11,LEAGUE,6342,Asteras Aktor,Local,2ND,27/11/2021,11,,,,,,,,,,,,,,,,,,,,,,,,,,,,,,,,,,,,,,,,,,,,,,,,
9712455,185,37707,NORMAL,REGULAR,Round 11,LEAGUE,5062,APS Atromitos Athinon,Visita,ALL,27/11/2021,11,2,45%,,,7,1,0,13,,,16,4,0,5,,2,0,,,,,,,,2,,22,,,,,,,,,,,,,,,,1,,,,,5
9712455,185,37707,NORMAL,REGULAR,Round 11,LEAGUE,5062,APS Atromitos Athinon,Visita,1ST,27/11/2021,11,,,,,,,,,,,,,,,,,,,,,,,,,,,,,,,,,,,,,,,,,,,,,,,,
9712455,185,37707,NORMAL,REGULAR,Round 11,LEAGUE,5062,APS Atromitos Athinon,Visita,2ND,27/11/2021,11,,,,,,,,,,,,,,,,,,,,,,,,,,,,,,,,,,,,,,,,,,,,,,,,
9712219,185,37707,NORMAL,REGULAR,Round 12,LEAGUE,5062,APS Atromitos Athinon,Local,ALL,04/12/2021,12,4,55%,0.00,,16,2,4,15,,,21,3,0,8,0,7,1,0,0,,,,,,0,,20,,,,,,,,,,,,,,,,2,,,,,8
9712219,185,37707,NORMAL,REGULAR,Round 12,LEAGUE,5062,APS Atromitos Athinon,Local,1ST,04/12/2021,12,,,,,,,,,,,,,,,,,,,,,,,,,,,,,,,,,,,,,,,,,,,,,,,,
9712219,185,37707,NORMAL,REGULAR,Round 12,LEAGUE,5062,APS Atromitos Athinon,Local,2ND,04/12/2021,12,,,,,,,,,,,,,,,,,,,,,,,,,,,,,,,,,,,,,,,,,,,,,,,,
9712219,185,37707,NORMAL,REGULAR,Round 12,LEAGUE,6988,GS Apollon Smyrnis,Visita,ALL,04/12/2021,12,1,45%,0.00,,6,4,1,21,,,14,4,1,3,0,3,0,0,0,,,,,,0,,17,,,,,,,,,,,,,,,,4,,,,,9
9712219,185,37707,NORMAL,REGULAR,Round 12,LEAGUE,6988,GS Apollon Smyrnis,Visita,1ST,04/12/2021,12,,,,,,,,,,,,,,,,,,,,,,,,,,,,,,,,,,,,,,,,,,,,,,,,
9712219,185,37707,NORMAL,REGULAR,Round 12,LEAGUE,6988,GS Apollon Smyrnis,Visita,2ND,04/12/2021,12,,,,,,,,,,,,,,,,,,,,,,,,,,,,,,,,,,,,,,,,,,,,,,,,
9712210,185,37707,NORMAL,REGULAR,Round 13,LEAGUE,3248,Panathinaikos FC,Local,ALL,11/12/2021,13,2,59%,,,12,2,5,11,,,17,1,0,7,,0,5,,,,,,,,1,,31,,,,,,,,,,,,,,,,2,,,,,3
9712210,185,37707,NORMAL,REGULAR,Round 13,LEAGUE,3248,Panathinaikos FC,Local,1ST,11/12/2021,13,,,,,,,,,,,,,,,,,,,,,,,,,,,,,,,,,,,,,,,,,,,,,,,,
9712210,185,37707,NORMAL,REGULAR,Round 13,LEAGUE,3248,Panathinaikos FC,Local,2ND,11/12/2021,13,,,,,,,,,,,,,,,,,,,,,,,,,,,,,,,,,,,,,,,,,,,,,,,,
9712210,185,37707,NORMAL,REGULAR,Round 13,LEAGUE,5062,APS Atromitos Athinon,Visita,ALL,11/12/2021,13,0,41%,,,3,5,0,17,,,12,2,0,2,,1,0,,,,,,,,1,,22,,,,,,,,,,,,,,,,5,,,,,7
9712210,185,37707,NORMAL,REGULAR,Round 13,LEAGUE,5062,APS Atromitos Athinon,Visita,1ST,11/12/2021,13,,,,,,,,,,,,,,,,,,,,,,,,,,,,,,,,,,,,,,,,,,,,,,,,
9712210,185,37707,NORMAL,REGULAR,Round 13,LEAGUE,5062,APS Atromitos Athinon,Visita,2ND,11/12/2021,13,,,,,,,,,,,,,,,,,,,,,,,,,,,,,,,,,,,,,,,,,,,,,,,,
9712172,185,37707,NORMAL,REGULAR,Round 14,LEAGUE,5062,APS Atromitos Athinon,Local,ALL,15/12/2021,14,0,40%,0.00,,6,0,3,16,,,14,2,0,0,0,5,1,0,0,,,,,,1,,25,,,,,,,,,,,,,,,,0,,,,,7
9712172,185,37707,NORMAL,REGULAR,Round 14,LEAGUE,5062,APS Atromitos Athinon,Local,1ST,15/12/2021,14,,,,,,,,,,,,,,,,,,,,,,,,,,,,,,,,,,,,,,,,,,,,,,,,
9712172,185,37707,NORMAL,REGULAR,Round 14,LEAGUE,5062,APS Atromitos Athinon,Local,2ND,15/12/2021,14,,,,,,,,,,,,,,,,,,,,,,,,,,,,,,,,,,,,,,,,,,,,,,,,
9712172,185,37707,NORMAL,REGULAR,Round 14,LEAGUE,3245,Olympiacos FC,Visita,ALL,15/12/2021,14,3,60%,0.00,,7,0,4,11,,,16,1,0,3,0,3,1,0,0,,,,,,3,,20,,,,,,,,,,,,,,,,0,,,,,10
9712172,185,37707,NORMAL,REGULAR,Round 14,LEAGUE,3245,Olympiacos FC,Visita,1ST,15/12/2021,14,,,,,,,,,,,,,,,,,,,,,,,,,,,,,,,,,,,,,,,,,,,,,,,,
9712172,185,37707,NORMAL,REGULAR,Round 14,LEAGUE,3245,Olympiacos FC,Visita,2ND,15/12/2021,14,,,,,,,,,,,,,,,,,,,,,,,,,,,,,,,,,,,,,,,,,,,,,,,,
9712884,185,37707,NORMAL,REGULAR,Round 15,LEAGUE,7004,GFS Panetolikos,Local,ALL,18/12/2021,15,2,44%,,,8,4,3,20,,,23,2,0,6,,2,0,,,,,,,,1,,10,,,,,,,,,,,,,,,,4,,,,,4
9712884,185,37707,NORMAL,REGULAR,Round 15,LEAGUE,7004,GFS Panetolikos,Local,1ST,18/12/2021,15,,,,,,,,,,,,,,,,,,,,,,,,,,,,,,,,,,,,,,,,,,,,,,,,
9712884,185,37707,NORMAL,REGULAR,Round 15,LEAGUE,7004,GFS Panetolikos,Local,2ND,18/12/2021,15,,,,,,,,,,,,,,,,,,,,,,,,,,,,,,,,,,,,,,,,,,,,,,,,
9712884,185,37707,NORMAL,REGULAR,Round 15,LEAGUE,5062,APS Atromitos Athinon,Visita,ALL,18/12/2021,15,1,56%,,,9,3,3,23,,,21,3,0,5,,3,1,,,,,,,,0,,27,,,,,,,,,,,,,,,,3,,,,,7
9712884,185,37707,NORMAL,REGULAR,Round 15,LEAGUE,5062,APS Atromitos Athinon,Visita,1ST,18/12/2021,15,,,,,,,,,,,,,,,,,,,,,,,,,,,,,,,,,,,,,,,,,,,,,,,,
9712884,185,37707,NORMAL,REGULAR,Round 15,LEAGUE,5062,APS Atromitos Athinon,Visita,2ND,18/12/2021,15,,,,,,,,,,,,,,,,,,,,,,,,,,,,,,,,,,,,,,,,,,,,,,,,
9712603,185,37707,NORMAL,REGULAR,Round 18,LEAGUE,6349,PAS Giannina,Local,ALL,16/01/2022,18,1,47%,0.00,,8,2,8,15,,,16,1,0,6,0,2,0,0,0,,,,,,1,,27,,,,,,,,,,,,,,,,2,,,,,3
9712603,185,37707,NORMAL,REGULAR,Round 18,LEAGUE,6349,PAS Giannina,Local,1ST,16/01/2022,18,,,,,,,,,,,,,,,,,,,,,,,,,,,,,,,,,,,,,,,,,,,,,,,,
9712603,185,37707,NORMAL,REGULAR,Round 18,LEAGUE,6349,PAS Giannina,Local,2ND,16/01/2022,18,,,,,,,,,,,,,,,,,,,,,,,,,,,,,,,,,,,,,,,,,,,,,,,,
9712603,185,37707,NORMAL,REGULAR,Round 18,LEAGUE,5062,APS Atromitos Athinon,Visita,ALL,16/01/2022,18,1,53%,0.00,,10,5,4,16,,,16,2,0,3,0,2,5,0,0,,,,,,0,,13,,,,,,,,,,,,,,,,5,,,,,8
9712603,185,37707,NORMAL,REGULAR,Round 18,LEAGUE,5062,APS Atromitos Athinon,Visita,1ST,16/01/2022,18,,,,,,,,,,,,,,,,,,,,,,,,,,,,,,,,,,,,,,,,,,,,,,,,
9712603,185,37707,NORMAL,REGULAR,Round 18,LEAGUE,5062,APS Atromitos Athinon,Visita,2ND,16/01/2022,18,,,,,,,,,,,,,,,,,,,,,,,,,,,,,,,,,,,,,,,,,,,,,,,,
9712812,185,37707,NORMAL,REGULAR,Round 19,LEAGUE,5062,APS Atromitos Athinon,Local,ALL,23/01/2022,19,0,45%,0.00,,7,3,4,19,,,25,2,1,1,0,6,0,0,0,,,,,,0,,29,,,,,,,,,,,,,,,,3,,,,,7
9712812,185,37707,NORMAL,REGULAR,Round 19,LEAGUE,5062,APS Atromitos Athinon,Local,1ST,23/01/2022,19,,,,,,,,,,,,,,,,,,,,,,,,,,,,,,,,,,,,,,,,,,,,,,,,
9712812,185,37707,NORMAL,REGULAR,Round 19,LEAGUE,5062,APS Atromitos Athinon,Local,2ND,23/01/2022,19,,,,,,,,,,,,,,,,,,,,,,,,,,,,,,,,,,,,,,,,,,,,,,,,
9712812,185,37707,NORMAL,REGULAR,Round 19,LEAGUE,3250,AEK Athens,Visita,ALL,23/01/2022,19,2,55%,0.00,,10,1,3,21,,,19,4,0,6,0,2,2,0,0,,,,,,4,,20,,,,,,,,,,,,,,,,1,,,,,8
9712812,185,37707,NORMAL,REGULAR,Round 19,LEAGUE,3250,AEK Athens,Visita,1ST,23/01/2022,19,,,,,,,,,,,,,,,,,,,,,,,,,,,,,,,,,,,,,,,,,,,,,,,,
9712812,185,37707,NORMAL,REGULAR,Round 19,LEAGUE,3250,AEK Athens,Visita,2ND,23/01/2022,19,,,,,,,,,,,,,,,,,,,,,,,,,,,,,,,,,,,,,,,,,,,,,,,,
9712792,185,37707,NORMAL,REGULAR,Round 20,LEAGUE,3249,AO Ionikos Nikeas,Local,ALL,29/01/2022,20,2,55%,0.00,,4,4,4,16,,,13,4,0,3,0,1,0,0,0,,,,,,3,,25,,,,,,,,,,,,,,,,4,,,,,9
9712792,185,37707,NORMAL,REGULAR,Round 20,LEAGUE,3249,AO Ionikos Nikeas,Local,1ST,29/01/2022,20,,,,,,,,,,,,,,,,,,,,,,,,,,,,,,,,,,,,,,,,,,,,,,,,
9712792,185,37707,NORMAL,REGULAR,Round 20,LEAGUE,3249,AO Ionikos Nikeas,Local,2ND,29/01/2022,20,,,,,,,,,,,,,,,,,,,,,,,,,,,,,,,,,,,,,,,,,,,,,,,,
9712792,185,37707,NORMAL,REGULAR,Round 20,LEAGUE,5062,APS Atromitos Athinon,Visita,ALL,29/01/2022,20,1,45%,0.00,,14,1,4,12,,,19,2,0,5,0,5,4,0,0,,,,,,1,,36,,,,,,,,,,,,,,,,1,,,,,6
9712792,185,37707,NORMAL,REGULAR,Round 20,LEAGUE,5062,APS Atromitos Athinon,Visita,1ST,29/01/2022,20,,,,,,,,,,,,,,,,,,,,,,,,,,,,,,,,,,,,,,,,,,,,,,,,
9712792,185,37707,NORMAL,REGULAR,Round 20,LEAGUE,5062,APS Atromitos Athinon,Visita,2ND,29/01/2022,20,,,,,,,,,,,,,,,,,,,,,,,,,,,,,,,,,,,,,,,,,,,,,,,,
10114678,185,37707,NORMAL,REGULAR,Round 21,LEAGUE,5062,APS Atromitos Athinon,Local,ALL,10/02/2022,21,3,50%,0.00,,15,2,6,16,,,17,1,0,7,0,5,3,0,0,,,,,,0,,18,,,,,,,,,,,,,,,,2,,,,,7
10114678,185,37707,NORMAL,REGULAR,Round 21,LEAGUE,5062,APS Atromitos Athinon,Local,1ST,10/02/2022,21,,,,,,,,,,,,,,,,,,,,,,,,,,,,,,,,,,,,,,,,,,,,,,,,
10114678,185,37707,NORMAL,REGULAR,Round 21,LEAGUE,5062,APS Atromitos Athinon,Local,2ND,10/02/2022,21,,,,,,,,,,,,,,,,,,,,,,,,,,,,,,,,,,,,,,,,,,,,,,,,
10114678,185,37707,NORMAL,REGULAR,Round 21,LEAGUE,120154,PAS Lamia 1964,Visita,ALL,10/02/2022,21,1,50%,0.00,,6,4,0,14,,,16,2,0,3,0,3,0,0,0,,,,,,3,,21,,,,,,,,,,,,,,,,4,,,,,8
10114678,185,37707,NORMAL,REGULAR,Round 21,LEAGUE,120154,PAS Lamia 1964,Visita,1ST,10/02/2022,21,,,,,,,,,,,,,,,,,,,,,,,,,,,,,,,,,,,,,,,,,,,,,,,,
10114678,185,37707,NORMAL,REGULAR,Round 21,LEAGUE,120154,PAS Lamia 1964,Visita,2ND,10/02/2022,21,,,,,,,,,,,,,,,,,,,,,,,,,,,,,,,,,,,,,,,,,,,,,,,,
9712595,185,37707,NORMAL,REGULAR,Round 23,LEAGUE,3251,PAOK,Local,ALL,13/02/2022,23,1,66%,0.00,,14,1,10,14,,,14,1,0,5,0,4,5,0,0,,,,,,2,,13,,,,,,,,,,,,,,,,1,,,,,6
9712595,185,37707,NORMAL,REGULAR,Round 23,LEAGUE,3251,PAOK,Local,1ST,13/02/2022,23,,,,,,,,,,,,,,,,,,,,,,,,,,,,,,,,,,,,,,,,,,,,,,,,
9712595,185,37707,NORMAL,REGULAR,Round 23,LEAGUE,3251,PAOK,Local,2ND,13/02/2022,23,,,,,,,,,,,,,,,,,,,,,,,,,,,,,,,,,,,,,,,,,,,,,,,,
9712595,185,37707,NORMAL,REGULAR,Round 23,LEAGUE,5062,APS Atromitos Athinon,Visita,ALL,13/02/2022,23,0,34%,0.00,,3,4,0,16,,,16,3,0,1,0,2,0,0,0,,,,,,0,,21,,,,,,,,,,,,,,,,4,,,,,7
9712595,185,37707,NORMAL,REGULAR,Round 23,LEAGUE,5062,APS Atromitos Athinon,Visita,1ST,13/02/2022,23,,,,,,,,,,,,,,,,,,,,,,,,,,,,,,,,,,,,,,,,,,,,,,,,
9712595,185,37707,NORMAL,REGULAR,Round 23,LEAGUE,5062,APS Atromitos Athinon,Visita,2ND,13/02/2022,23,,,,,,,,,,,,,,,,,,,,,,,,,,,,,,,,,,,,,,,,,,,,,,,,
10129145,185,37707,NORMAL,REGULAR,Round 22,LEAGUE,5062,APS Atromitos Athinon,Local,ALL,16/02/2022,22,2,38%,0.00,,11,1,3,17,,,22,0,0,6,0,5,0,0,0,,,,,,2,,23,,,,,,,,,,,,,,,,1,,,,,4
10129145,185,37707,NORMAL,REGULAR,Round 22,LEAGUE,5062,APS Atromitos Athinon,Local,1ST,16/02/2022,22,,,,,,,,,,,,,,,,,,,,,,,,,,,,,,,,,,,,,,,,,,,,,,,,
10129145,185,37707,NORMAL,REGULAR,Round 22,LEAGUE,5062,APS Atromitos Athinon,Local,2ND,16/02/2022,22,,,,,,,,,,,,,,,,,,,,,,,,,,,,,,,,,,,,,,,,,,,,,,,,
10129145,185,37707,NORMAL,REGULAR,Round 22,LEAGUE,3241,OFI Crete,Visita,ALL,16/02/2022,22,2,62%,0.00,,6,4,3,21,,,19,4,0,3,0,1,2,0,0,,,,,,1,,21,,,,,,,,,,,,,,,,4,,,,,7
10129145,185,37707,NORMAL,REGULAR,Round 22,LEAGUE,3241,OFI Crete,Visita,1ST,16/02/2022,22,,,,,,,,,,,,,,,,,,,,,,,,,,,,,,,,,,,,,,,,,,,,,,,,
10129145,185,37707,NORMAL,REGULAR,Round 22,LEAGUE,3241,OFI Crete,Visita,2ND,16/02/2022,22,,,,,,,,,,,,,,,,,,,,,,,,,,,,,,,,,,,,,,,,,,,,,,,,
9712896,185,37707,NORMAL,REGULAR,Round 24,LEAGUE,5062,APS Atromitos Athinon,Local,ALL,19/02/2022,24,2,43%,0.00,,7,1,2,16,,,13,2,0,5,0,1,1,0,0,,,,,,3,,17,,,,,,,,,,,,,,,,1,,,,,10
9712896,185,37707,NORMAL,REGULAR,Round 24,LEAGUE,5062,APS Atromitos Athinon,Local,1ST,19/02/2022,24,,,,,,,,,,,,,,,,,,,,,,,,,,,,,,,,,,,,,,,,,,,,,,,,
9712896,185,37707,NORMAL,REGULAR,Round 24,LEAGUE,5062,APS Atromitos Athinon,Local,2ND,19/02/2022,24,,,,,,,,,,,,,,,,,,,,,,,,,,,,,,,,,,,,,,,,,,,,,,,,
9712896,185,37707,NORMAL,REGULAR,Round 24,LEAGUE,6342,Asteras Aktor,Visita,ALL,19/02/2022,24,0,57%,0.00,,8,3,8,14,,,19,3,1,2,0,5,1,0,0,,,,,,0,,21,,,,,,,,,,,,,,,,3,,,,,1
9712896,185,37707,NORMAL,REGULAR,Round 24,LEAGUE,6342,Asteras Aktor,Visita,1ST,19/02/2022,24,,,,,,,,,,,,,,,,,,,,,,,,,,,,,,,,,,,,,,,,,,,,,,,,
9712896,185,37707,NORMAL,REGULAR,Round 24,LEAGUE,6342,Asteras Aktor,Visita,2ND,19/02/2022,24,,,,,,,,,,,,,,,,,,,,,,,,,,,,,,,,,,,,,,,,,,,,,,,,
10129157,185,37707,NORMAL,REGULAR,Round 17,LEAGUE,3252,Aris Thessaloniki,Local,ALL,23/02/2022,17,3,65%,0.00,,23,1,3,11,,,14,1,0,10,0,11,2,0,0,,,,,,4,,22,,,,,,,,,,,,,,,,1,,,,,3
10129157,185,37707,NORMAL,REGULAR,Round 17,LEAGUE,3252,Aris Thessaloniki,Local,1ST,23/02/2022,17,,,,,,,,,,,,,,,,,,,,,,,,,,,,,,,,,,,,,,,,,,,,,,,,
10129157,185,37707,NORMAL,REGULAR,Round 17,LEAGUE,3252,Aris Thessaloniki,Local,2ND,23/02/2022,17,,,,,,,,,,,,,,,,,,,,,,,,,,,,,,,,,,,,,,,,,,,,,,,,
10129157,185,37707,NORMAL,REGULAR,Round 17,LEAGUE,5062,APS Atromitos Athinon,Visita,ALL,23/02/2022,17,0,35%,0.00,,2,7,0,14,,,15,2,0,1,0,0,1,0,0,,,,,,0,,12,,,,,,,,,,,,,,,,7,,,,,18
10129157,185,37707,NORMAL,REGULAR,Round 17,LEAGUE,5062,APS Atromitos Athinon,Visita,1ST,23/02/2022,17,,,,,,,,,,,,,,,,,,,,,,,,,,,,,,,,,,,,,,,,,,,,,,,,
10129157,185,37707,NORMAL,REGULAR,Round 17,LEAGUE,5062,APS Atromitos Athinon,Visita,2ND,23/02/2022,17,,,,,,,,,,,,,,,,,,,,,,,,,,,,,,,,,,,,,,,,,,,,,,,,
9712163,185,37707,NORMAL,REGULAR,Round 25,LEAGUE,6988,GS Apollon Smyrnis,Local,ALL,28/02/2022,25,0,45%,0.00,,5,1,5,13,,,12,4,0,3,0,1,1,0,0,,,,,,5,,23,,,,,,,,,,,,,,,,1,,,,,6
9712163,185,37707,NORMAL,REGULAR,Round 25,LEAGUE,6988,GS Apollon Smyrnis,Local,1ST,28/02/2022,25,,,,,,,,,,,,,,,,,,,,,,,,,,,,,,,,,,,,,,,,,,,,,,,,
9712163,185,37707,NORMAL,REGULAR,Round 25,LEAGUE,6988,GS Apollon Smyrnis,Local,2ND,28/02/2022,25,,,,,,,,,,,,,,,,,,,,,,,,,,,,,,,,,,,,,,,,,,,,,,,,
9712163,185,37707,NORMAL,REGULAR,Round 25,LEAGUE,5062,APS Atromitos Athinon,Visita,ALL,28/02/2022,25,2,55%,0.00,,9,3,4,12,,,17,2,0,4,0,3,2,0,0,,,,,,0,,18,,,,,,,,,,,,,,,,3,,,,,5
9712163,185,37707,NORMAL,REGULAR,Round 25,LEAGUE,5062,APS Atromitos Athinon,Visita,1ST,28/02/2022,25,,,,,,,,,,,,,,,,,,,,,,,,,,,,,,,,,,,,,,,,,,,,,,,,
9712163,185,37707,NORMAL,REGULAR,Round 25,LEAGUE,5062,APS Atromitos Athinon,Visita,2ND,28/02/2022,25,,,,,,,,,,,,,,,,,,,,,,,,,,,,,,,,,,,,,,,,,,,,,,,,
10129162,185,37707,NORMAL,REGULAR,Round 16,LEAGUE,5062,APS Atromitos Athinon,Local,ALL,03/03/2022,16,2,53%,0.00,,12,2,2,11,,,18,1,0,8,0,3,1,0,0,,,,,,0,,21,,,,,,,,,,,,,,,,2,,,,,12
10129162,185,37707,NORMAL,REGULAR,Round 16,LEAGUE,5062,APS Atromitos Athinon,Local,1ST,03/03/2022,16,,,,,,,,,,,,,,,,,,,,,,,,,,,,,,,,,,,,,,,,,,,,,,,,
10129162,185,37707,NORMAL,REGULAR,Round 16,LEAGUE,5062,APS Atromitos Athinon,Local,2ND,03/03/2022,16,,,,,,,,,,,,,,,,,,,,,,,,,,,,,,,,,,,,,,,,,,,,,,,,
10129162,185,37707,NORMAL,REGULAR,Round 16,LEAGUE,267459,NPS Volos,Visita,ALL,03/03/2022,16,1,47%,0.00,,13,5,4,17,,,11,2,0,3,0,7,3,0,0,,,,,,1,,20,,,,,,,,,,,,,,,,5,,,,,6
10129162,185,37707,NORMAL,REGULAR,Round 16,LEAGUE,267459,NPS Volos,Visita,1ST,03/03/2022,16,,,,,,,,,,,,,,,,,,,,,,,,,,,,,,,,,,,,,,,,,,,,,,,,
10129162,185,37707,NORMAL,REGULAR,Round 16,LEAGUE,267459,NPS Volos,Visita,2ND,03/03/2022,16,,,,,,,,,,,,,,,,,,,,,,,,,,,,,,,,,,,,,,,,,,,,,,,,
9712164,185,37707,NORMAL,REGULAR,Round 26,LEAGUE,5062,APS Atromitos Athinon,Local,ALL,06/03/2022,26,0,40%,0.00,,5,5,3,18,,,22,0,0,0,0,4,1,0,0,,,,,,0,,22,,,,,,,,,,,,,,,,5,,,,,10
9712164,185,37707,NORMAL,REGULAR,Round 26,LEAGUE,5062,APS Atromitos Athinon,Local,1ST,06/03/2022,26,,,,,,,,,,,,,,,,,,,,,,,,,,,,,,,,,,,,,,,,,,,,,,,,
9712164,185,37707,NORMAL,REGULAR,Round 26,LEAGUE,5062,APS Atromitos Athinon,Local,2ND,06/03/2022,26,,,,,,,,,,,,,,,,,,,,,,,,,,,,,,,,,,,,,,,,,,,,,,,,
9712164,185,37707,NORMAL,REGULAR,Round 26,LEAGUE,3248,Panathinaikos FC,Visita,ALL,06/03/2022,26,2,60%,0.00,,9,0,6,20,,,18,1,0,7,0,1,1,0,0,,,,,,2,,16,,,,,,,,,,,,,,,,0,,,,,5
9712164,185,37707,NORMAL,REGULAR,Round 26,LEAGUE,3248,Panathinaikos FC,Visita,1ST,06/03/2022,26,,,,,,,,,,,,,,,,,,,,,,,,,,,,,,,,,,,,,,,,,,,,,,,,
9712164,185,37707,NORMAL,REGULAR,Round 26,LEAGUE,3248,Panathinaikos FC,Visita,2ND,06/03/2022,26,,,,,,,,,,,,,,,,,,,,,,,,,,,,,,,,,,,,,,,,,,,,,,,,
10185448,185,37707,NORMAL,REGULAR,Round 27,LEAGUE,5062,APS Atromitos Athinon,Local,ALL,19/03/2022,27,1,58%,0.00,,9,0,2,18,,,14,2,0,2,0,6,1,0,0,,,,,,1,,22,,,,,,,,,,,,,,,,0,,,,,8
10185448,185,37707,NORMAL,REGULAR,Round 27,LEAGUE,5062,APS Atromitos Athinon,Local,1ST,19/03/2022,27,,,,,,,,,,,,,,,,,,,,,,,,,,,,,,,,,,,,,,,,,,,,,,,,
10185448,185,37707,NORMAL,REGULAR,Round 27,LEAGUE,5062,APS Atromitos Athinon,Local,2ND,19/03/2022,27,,,,,,,,,,,,,,,,,,,,,,,,,,,,,,,,,,,,,,,,,,,,,,,,
10185448,185,37707,NORMAL,REGULAR,Round 27,LEAGUE,6988,GS Apollon Smyrnis,Visita,ALL,19/03/2022,27,0,42%,0.00,,7,1,2,14,,,19,3,0,0,0,4,3,0,0,,,,,,1,,31,,,,,,,,,,,,,,,,1,,,,,7
10185448,185,37707,NORMAL,REGULAR,Round 27,LEAGUE,6988,GS Apollon Smyrnis,Visita,1ST,19/03/2022,27,,,,,,,,,,,,,,,,,,,,,,,,,,,,,,,,,,,,,,,,,,,,,,,,
10185448,185,37707,NORMAL,REGULAR,Round 27,LEAGUE,6988,GS Apollon Smyrnis,Visita,2ND,19/03/2022,27,,,,,,,,,,,,,,,,,,,,,,,,,,,,,,,,,,,,,,,,,,,,,,,,
10185458,185,37707,NORMAL,REGULAR,Round 28,LEAGUE,6342,Asteras Aktor,Local,ALL,02/04/2022,28,0,60%,0.00,,8,1,9,24,,,17,1,0,4,0,3,1,0,0,,,,,,1,,18,,,,,,,,,,,,,,,,1,,,,,4
10185458,185,37707,NORMAL,REGULAR,Round 28,LEAGUE,6342,Asteras Aktor,Local,1ST,02/04/2022,28,,,,,,,,,,,,,,,,,,,,,,,,,,,,,,,,,,,,,,,,,,,,,,,,
10185458,185,37707,NORMAL,REGULAR,Round 28,LEAGUE,6342,Asteras Aktor,Local,2ND,02/04/2022,28,,,,,,,,,,,,,,,,,,,,,,,,,,,,,,,,,,,,,,,,,,,,,,,,
10185458,185,37707,NORMAL,REGULAR,Round 28,LEAGUE,5062,APS Atromitos Athinon,Visita,ALL,02/04/2022,28,0,40%,0.00,,2,4,4,16,,,24,0,1,1,0,0,1,0,0,,,,,,1,,21,,,,,,,,,,,,,,,,4,,,,,6
10185458,185,37707,NORMAL,REGULAR,Round 28,LEAGUE,5062,APS Atromitos Athinon,Visita,1ST,02/04/2022,28,,,,,,,,,,,,,,,,,,,,,,,,,,,,,,,,,,,,,,,,,,,,,,,,
10185458,185,37707,NORMAL,REGULAR,Round 28,LEAGUE,5062,APS Atromitos Athinon,Visita,2ND,02/04/2022,28,,,,,,,,,,,,,,,,,,,,,,,,,,,,,,,,,,,,,,,,,,,,,,,,
10185421,185,37707,NORMAL,REGULAR,Round 29,LEAGUE,7004,GFS Panetolikos,Local,ALL,09/04/2022,29,2,54%,0.00,,13,1,6,21,,,15,2,0,3,0,5,5,0,0,,,,,,2,,23,,,,,,,,,,,,,,,,1,,,,,11
10185421,185,37707,NORMAL,REGULAR,Round 29,LEAGUE,7004,GFS Panetolikos,Local,1ST,09/04/2022,29,,,,,,,,,,,,,,,,,,,,,,,,,,,,,,,,,,,,,,,,,,,,,,,,
10185421,185,37707,NORMAL,REGULAR,Round 29,LEAGUE,7004,GFS Panetolikos,Local,2ND,09/04/2022,29,,,,,,,,,,,,,,,,,,,,,,,,,,,,,,,,,,,,,,,,,,,,,,,,
10185421,185,37707,NORMAL,REGULAR,Round 29,LEAGUE,5062,APS Atromitos Athinon,Visita,ALL,09/04/2022,29,3,46%,0.00,,13,1,3,14,,,23,4,0,4,0,8,1,0,0,,,,,,1,,22,,,,,,,,,,,,,,,,1,,,,,10
10185421,185,37707,NORMAL,REGULAR,Round 29,LEAGUE,5062,APS Atromitos Athinon,Visita,1ST,09/04/2022,29,,,,,,,,,,,,,,,,,,,,,,,,,,,,,,,,,,,,,,,,,,,,,,,,
10185421,185,37707,NORMAL,REGULAR,Round 29,LEAGUE,5062,APS Atromitos Athinon,Visita,2ND,09/04/2022,29,,,,,,,,,,,,,,,,,,,,,,,,,,,,,,,,,,,,,,,,,,,,,,,,
10185460,185,37707,NORMAL,REGULAR,Round 30,LEAGUE,5062,APS Atromitos Athinon,Local,ALL,17/04/2022,30,1,50%,0.00,,8,2,6,15,,,15,1,0,3,0,3,2,0,0,,,,,,1,,16,,,,,,,,,,,,,,,,2,,,,,15
10185460,185,37707,NORMAL,REGULAR,Round 30,LEAGUE,5062,APS Atromitos Athinon,Local,1ST,17/04/2022,30,,,,,,,,,,,,,,,,,,,,,,,,,,,,,,,,,,,,,,,,,,,,,,,,
10185460,185,37707,NORMAL,REGULAR,Round 30,LEAGUE,5062,APS Atromitos Athinon,Local,2ND,17/04/2022,30,,,,,,,,,,,,,,,,,,,,,,,,,,,,,,,,,,,,,,,,,,,,,,,,
10185460,185,37707,NORMAL,REGULAR,Round 30,LEAGUE,3241,OFI Crete,Visita,ALL,17/04/2022,30,1,50%,0.00,,11,2,3,15,,,16,0,0,4,0,6,1,0,0,,,,,,0,,22,,,,,,,,,,,,,,,,2,,,,,5
10185460,185,37707,NORMAL,REGULAR,Round 30,LEAGUE,3241,OFI Crete,Visita,1ST,17/04/2022,30,,,,,,,,,,,,,,,,,,,,,,,,,,,,,,,,,,,,,,,,,,,,,,,,
10185460,185,37707,NORMAL,REGULAR,Round 30,LEAGUE,3241,OFI Crete,Visita,2ND,17/04/2022,30,,,,,,,,,,,,,,,,,,,,,,,,,,,,,,,,,,,,,,,,,,,,,,,,
10185440,185,37707,NORMAL,REGULAR,Round 31,LEAGUE,267459,NPS Volos,Local,ALL,30/04/2022,31,1,60%,0.00,,19,3,7,18,,,13,1,0,7,0,9,3,0,0,,,,,,0,,22,,,,,,,,,,,,,,,,3,,,,,5
10185440,185,37707,NORMAL,REGULAR,Round 31,LEAGUE,267459,NPS Volos,Local,1ST,30/04/2022,31,,,,,,,,,,,,,,,,,,,,,,,,,,,,,,,,,,,,,,,,,,,,,,,,
10185440,185,37707,NORMAL,REGULAR,Round 31,LEAGUE,267459,NPS Volos,Local,2ND,30/04/2022,31,,,,,,,,,,,,,,,,,,,,,,,,,,,,,,,,,,,,,,,,,,,,,,,,
10185440,185,37707,NORMAL,REGULAR,Round 31,LEAGUE,5062,APS Atromitos Athinon,Visita,ALL,30/04/2022,31,1,40%,0.00,,8,6,3,13,,,18,3,0,4,0,0,4,0,0,,,,,,0,,17,,,,,,,,,,,,,,,,6,,,,,10
10185440,185,37707,NORMAL,REGULAR,Round 31,LEAGUE,5062,APS Atromitos Athinon,Visita,1ST,30/04/2022,31,,,,,,,,,,,,,,,,,,,,,,,,,,,,,,,,,,,,,,,,,,,,,,,,
10185440,185,37707,NORMAL,REGULAR,Round 31,LEAGUE,5062,APS Atromitos Athinon,Visita,2ND,30/04/2022,31,,,,,,,,,,,,,,,,,,,,,,,,,,,,,,,,,,,,,,,,,,,,,,,,
10185459,185,37707,NORMAL,REGULAR,Round 32,LEAGUE,5062,APS Atromitos Athinon,Local,ALL,07/05/2022,32,0,58%,0.00,,10,4,4,14,,,19,2,0,2,0,6,2,0,0,,,,,,0,,12,,,,,,,,,,,,,,,,4,,,,,5
10185459,185,37707,NORMAL,REGULAR,Round 32,LEAGUE,5062,APS Atromitos Athinon,Local,1ST,07/05/2022,32,,,,,,,,,,,,,,,,,,,,,,,,,,,,,,,,,,,,,,,,,,,,,,,,
10185459,185,37707,NORMAL,REGULAR,Round 32,LEAGUE,5062,APS Atromitos Athinon,Local,2ND,07/05/2022,32,,,,,,,,,,,,,,,,,,,,,,,,,,,,,,,,,,,,,,,,,,,,,,,,
10185459,185,37707,NORMAL,REGULAR,Round 32,LEAGUE,3249,AO Ionikos Nikeas,Visita,ALL,07/05/2022,32,1,42%,0.00,,10,0,2,16,,,14,1,0,5,0,3,2,0,0,,,,,,3,,15,,,,,,,,,,,,,,,,0,,,,,10
10185459,185,37707,NORMAL,REGULAR,Round 32,LEAGUE,3249,AO Ionikos Nikeas,Visita,1ST,07/05/2022,32,,,,,,,,,,,,,,,,,,,,,,,,,,,,,,,,,,,,,,,,,,,,,,,,
10185459,185,37707,NORMAL,REGULAR,Round 32,LEAGUE,3249,AO Ionikos Nikeas,Visita,2ND,07/05/2022,32,,,,,,,,,,,,,,,,,,,,,,,,,,,,,,,,,,,,,,,,,,,,,,,,
10185462,185,37707,NORMAL,REGULAR,Round 33,LEAGUE,120154,PAS Lamia 1964,Local,ALL,15/05/2022,33,0,46%,0.00,,13,5,2,8,,,12,2,0,5,0,5,3,0,0,,,,,,4,,17,,,,,,,,,,,,,,,,5,,,,,8
10185462,185,37707,NORMAL,REGULAR,Round 33,LEAGUE,120154,PAS Lamia 1964,Local,1ST,15/05/2022,33,,,,,,,,,,,,,,,,,,,,,,,,,,,,,,,,,,,,,,,,,,,,,,,,
10185462,185,37707,NORMAL,REGULAR,Round 33,LEAGUE,120154,PAS Lamia 1964,Local,2ND,15/05/2022,33,,,,,,,,,,,,,,,,,,,,,,,,,,,,,,,,,,,,,,,,,,,,,,,,
10185462,185,37707,NORMAL,REGULAR,Round 33,LEAGUE,5062,APS Atromitos Athinon,Visita,ALL,15/05/2022,33,0,54%,0.00,,12,4,5,12,,,12,0,0,5,0,5,2,0,0,,,,,,0,,21,,,,,,,,,,,,,,,,4,,,,,9
10185462,185,37707,NORMAL,REGULAR,Round 33,LEAGUE,5062,APS Atromitos Athinon,Visita,1ST,15/05/2022,33,,,,,,,,,,,,,,,,,,,,,,,,,,,,,,,,,,,,,,,,,,,,,,,,
10185462,185,37707,NORMAL,REGULAR,Round 33,LEAGUE,5062,APS Atromitos Athinon,Visita,2ND,15/05/2022,33,,,,,,,,,,,,,,,,,,,,,,,,,,,,,,,,,,,,,,,,,,,,,,,,
10521927,185,44513,NORMAL,REGULAR,Round 1,LEAGUE,5062,APS Atromitos Athinon,Local,ALL,20/08/2022,1,3,43%,0.00,3,11,1,2,9,344,13,20,2,,5,1,5,1,6,5,1,2,,,6,,266,14,33,,27/65 (42%),6/13 (46%),63%,9,34/57 (60%),8/10 (80%),2/5 (40%),100%,13,11,,13,,1,,,,,7
10521927,185,44513,NORMAL,REGULAR,Round 1,LEAGUE,5062,APS Atromitos Athinon,Local,1ST,20/08/2022,1,2,53%,0.00,1,6,0,1,,235,5,9,1,,3,0,2,1,2,4,1,0,,,2,,186,8,21,,14/37 (38%),3/5 (60%),66%,3,15/24 (63%),4/5 (80%),1/3 (33%),100%,5,6,,3,,0,,,,,1
10521927,185,44513,NORMAL,REGULAR,Round 1,LEAGUE,5062,APS Atromitos Athinon,Local,2ND,20/08/2022,1,1,32%,0.00,2,5,1,1,,109,8,11,1,,2,1,3,0,4,1,0,2,,,4,,80,6,12,,13/28 (46%),3/8 (38%),61%,6,19/33 (58%),4/5 (80%),1/2 (50%),100%,8,5,,10,,1,,,,,6
10521927,185,44513,NORMAL,REGULAR,Round 1,LEAGUE,3241,OFI Crete,Visita,ALL,20/08/2022,1,1,57%,0.00,1,9,2,5,21,457,12,9,5,,2,0,3,4,6,3,0,1,,,2,,364,23,87,,44/68 (65%),2/19 (11%),37%,7,23/56 (41%),2/10 (20%),2/8 (25%),100%,12,4,,1,,2,,,,,6
10521927,185,44513,NORMAL,REGULAR,Round 1,LEAGUE,3241,OFI Crete,Visita,1ST,20/08/2022,1,1,47%,0.00,0,3,1,2,,213,5,3,3,,1,0,0,2,3,0,0,0,,,1,,162,9,50,,20/37 (54%),0/7 (0%),34%,2,9/24 (38%),1/5 (20%),1/4 (25%),100%,5,4,,1,,1,,,,,4
10521927,185,44513,NORMAL,REGULAR,Round 1,LEAGUE,3241,OFI Crete,Visita,2ND,20/08/2022,1,0,68%,0.00,1,6,1,3,,244,7,6,2,,1,0,3,2,3,3,0,1,,,1,,202,14,37,,24/31 (77%),2/12 (17%),41%,5,14/32 (44%),1/5 (20%),1/4 (25%),100%,7,0,,0,,1,,,,,2
10521950,185,44513,NORMAL,REGULAR,Round 2,LEAGUE,3251,PAOK,Local,ALL,28/08/2022,2,2,57%,0.00,1,14,3,8,12,486,12,16,1,0,4,0,6,4,9,5,1,,,,4,3,414,17,58,,18/43 (42%),8/18 (44%),58%,4,27/49 (55%),6/8 (75%),1/7 (14%),100%,12,15,,8,,3,,,,,2
10521950,185,44513,NORMAL,REGULAR,Round 2,LEAGUE,3251,PAOK,Local,1ST,28/08/2022,2,1,66%,0.00,1,7,1,4,,287,5,10,0,0,2,0,3,2,2,5,1,,,,3,2,250,10,34,,11/23 (48%),3/9 (33%),71%,2,14/20 (70%),3/4 (75%),0/2 (0%),100%,5,8,,0,,1,,,,,2
10521950,185,44513,NORMAL,REGULAR,Round 2,LEAGUE,3251,PAOK,Local,2ND,28/08/2022,2,1,48%,0.00,0,7,2,4,,199,7,6,1,0,2,0,3,2,7,0,0,,,,1,1,164,7,24,,7/20 (35%),5/9 (56%),48%,2,13/29 (45%),3/4 (75%),1/5 (20%),100%,7,7,,8,,2,,,,,0
10521950,185,44513,NORMAL,REGULAR,Round 2,LEAGUE,5062,APS Atromitos Athinon,Visita,ALL,28/08/2022,2,1,43%,0.00,0,6,2,3,17,365,10,11,4,1,4,0,2,0,2,4,0,,,,1,1,298,25,44,,23/51 (45%),2/11 (18%),42%,8,22/49 (45%),2/8 (25%),2/6 (33%),90%,10,15,,21,,2,,,,,8
10521950,185,44513,NORMAL,REGULAR,Round 2,LEAGUE,5062,APS Atromitos Athinon,Visita,1ST,28/08/2022,2,0,34%,0.00,0,2,1,0,,146,4,3,2,0,1,0,1,0,0,2,0,,,,0,1,113,11,16,,4/18 (22%),0/3 (0%),29%,4,6/20 (30%),1/4 (25%),0/1 (0%),75%,4,9,,11,,1,,,,,5
10521950,185,44513,NORMAL,REGULAR,Round 2,LEAGUE,5062,APS Atromitos Athinon,Visita,2ND,28/08/2022,2,1,52%,0.00,0,4,1,3,,219,6,8,2,1,3,0,1,0,2,2,0,,,,1,0,185,14,28,,19/33 (58%),2/8 (25%),52%,4,16/29 (55%),1/4 (25%),2/5 (40%),100%,6,6,,10,,1,,,,,3
10521984,185,44513,NORMAL,REGULAR,Round 3,LEAGUE,5062,APS Atromitos Athinon,Local,ALL,04/09/2022,3,1,58%,0.00,1,13,0,9,11,501,9,13,2,,3,0,4,6,11,2,1,,,,2,0,420,17,65,,29/51 (57%),4/21 (19%),51%,10,23/47 (49%),3/4 (75%),1/2 (50%),89%,9,9,,13,,0,,,,,6
10521984,185,44513,NORMAL,REGULAR,Round 3,LEAGUE,5062,APS Atromitos Athinon,Local,1ST,04/09/2022,3,0,55%,0.00,0,6,0,4,,215,6,10,1,,0,0,4,2,5,1,0,,,,2,0,170,9,29,,12/27 (44%),2/5 (40%),63%,5,17/27 (63%),2/3 (67%),1/2 (50%),83%,6,4,,7,,0,,,,,2
10521984,185,44513,NORMAL,REGULAR,Round 3,LEAGUE,5062,APS Atromitos Athinon,Local,2ND,04/09/2022,3,1,60%,0.00,1,7,0,5,,286,3,3,1,,3,0,0,4,6,1,1,,,,0,0,250,8,36,,17/24 (71%),2/16 (13%),33%,5,6/20 (30%),1/1 (100%),0/0 (0%),100%,3,5,,6,,0,,,,,4
10521984,185,44513,NORMAL,REGULAR,Round 3,LEAGUE,7004,GFS Panetolikos,Visita,ALL,04/09/2022,3,1,42%,0.00,1,5,2,2,15,364,11,11,4,,1,0,1,3,2,3,1,,,,2,1,279,19,70,,32/73 (44%),3/12 (25%),49%,2,24/47 (51%),1/4 (25%),2/9 (22%),82%,11,12,,17,,2,,,,,10
10521984,185,44513,NORMAL,REGULAR,Round 3,LEAGUE,7004,GFS Panetolikos,Visita,1ST,04/09/2022,3,1,45%,0.00,1,2,0,1,,175,6,3,3,,1,0,1,0,1,1,1,,,,0,1,129,11,30,,13/40 (33%),0/4 (0%),37%,2,10/27 (37%),1/3 (33%),1/5 (20%),67%,6,6,,9,,0,,,,,9
10521984,185,44513,NORMAL,REGULAR,Round 3,LEAGUE,7004,GFS Panetolikos,Visita,2ND,04/09/2022,3,0,40%,0.00,0,3,2,1,,189,5,8,1,,0,0,0,3,1,2,0,,,,2,0,150,8,40,,19/33 (58%),3/8 (38%),67%,0,14/20 (70%),0/1 (0%),1/4 (25%),100%,5,6,,8,,2,,,,,1
10522041,185,44513,NORMAL,REGULAR,Round 4,LEAGUE,3249,AO Ionikos Nikeas,Local,ALL,10/09/2022,4,1,57%,0.00,0,13,6,3,13,498,11,8,3,,6,0,5,2,3,10,0,,,,1,4,427,18,65,,44/59 (75%),4/18 (22%),43%,6,25/57 (44%),6/15 (40%),6/15 (40%),91%,11,8,,4,,6,,,,,5
10522041,185,44513,NORMAL,REGULAR,Round 4,LEAGUE,3249,AO Ionikos Nikeas,Local,1ST,10/09/2022,4,1,55%,0.00,0,9,3,0,,276,6,4,1,,4,0,5,0,2,7,0,,,,1,3,239,8,30,,24/32 (75%),1/7 (14%),47%,0,13/25 (52%),2/7 (29%),3/10 (30%),100%,6,5,,3,,3,,,,,5
10522041,185,44513,NORMAL,REGULAR,Round 4,LEAGUE,3249,AO Ionikos Nikeas,Local,2ND,10/09/2022,4,0,59%,0.00,0,4,3,3,,222,5,4,2,,2,0,0,2,1,3,0,,,,0,1,188,10,35,,20/27 (74%),3/11 (27%),40%,6,12/32 (38%),4/8 (50%),3/5 (60%),80%,5,3,,1,,3,,,,,0
10522041,185,44513,NORMAL,REGULAR,Round 4,LEAGUE,5062,APS Atromitos Athinon,Visita,ALL,10/09/2022,4,4,43%,0.00,2,11,5,0,8,395,15,12,2,,10,0,1,0,8,3,2,,,,3,0,307,18,67,,39/75 (52%),2/8 (25%),57%,8,32/57 (56%),9/15 (60%),5/8 (63%),73%,15,7,,10,,5,,,,,12
10522041,185,44513,NORMAL,REGULAR,Round 4,LEAGUE,5062,APS Atromitos Athinon,Visita,1ST,10/09/2022,4,0,45%,0.00,0,4,3,0,,228,7,4,1,,3,0,1,0,3,1,0,,,,2,0,183,10,40,,22/40 (55%),1/6 (17%),53%,4,12/25 (48%),5/7 (71%),1/3 (33%),71%,7,5,,4,,3,,,,,9
10522041,185,44513,NORMAL,REGULAR,Round 4,LEAGUE,5062,APS Atromitos Athinon,Visita,2ND,10/09/2022,4,4,41%,0.00,2,7,2,0,,167,8,8,1,,7,0,0,0,5,2,2,,,,1,0,124,8,27,,17/35 (49%),1/2 (50%),60%,4,20/32 (63%),4/8 (50%),4/5 (80%),75%,8,2,,6,,2,,,,,3
10522101,185,44513,NORMAL,REGULAR,Round 5,LEAGUE,5062,APS Atromitos Athinon,Local,ALL,17/09/2022,5,0,56%,0.00,0,14,3,6,7,499,15,19,2,,1,1,9,4,9,5,,0,,,3,2,420,19,53,,35/57 (61%),3/12 (25%),56%,19,34/63 (54%),11/17 (65%),0/2 (0%),67%,15,9,,7,,3,,,,,5
10522101,185,44513,NORMAL,REGULAR,Round 5,LEAGUE,5062,APS Atromitos Athinon,Local,1ST,17/09/2022,5,0,55%,0.00,0,7,1,4,,259,6,12,0,,0,0,4,3,5,2,,0,,,1,1,218,10,29,,17/29 (59%),1/5 (20%),60%,10,18/34 (53%),7/8 (88%),0/2 (0%),67%,6,2,,4,,1,,,,,1
10522101,185,44513,NORMAL,REGULAR,Round 5,LEAGUE,5062,APS Atromitos Athinon,Local,2ND,17/09/2022,5,0,56%,0.00,0,7,2,2,,240,9,7,2,,1,1,5,1,4,3,,0,,,2,1,202,9,24,,18/28 (64%),2/7 (29%),53%,9,16/29 (55%),4/9 (44%),0/0 (0%),67%,9,7,,3,,2,,,,,4
10522101,185,44513,NORMAL,REGULAR,Round 5,LEAGUE,120154,PAS Lamia 1964,Visita,ALL,17/09/2022,5,0,44%,0.00,1,9,1,1,19,404,21,7,3,,3,1,4,2,5,4,,1,,,2,2,317,20,57,,34/73 (47%),2/9 (22%),44%,7,29/63 (46%),6/17 (35%),1/9 (11%),76%,21,8,,2,,1,,,,,11
10522101,185,44513,NORMAL,REGULAR,Round 5,LEAGUE,120154,PAS Lamia 1964,Visita,1ST,17/09/2022,5,0,45%,0.00,1,2,0,0,,215,12,3,0,,1,0,0,1,1,1,,1,,,1,1,176,7,26,,21/39 (54%),0/4 (0%),40%,2,16/34 (47%),1/8 (13%),1/5 (20%),58%,12,5,,1,,0,,,,,6
10522101,185,44513,NORMAL,REGULAR,Round 5,LEAGUE,120154,PAS Lamia 1964,Visita,2ND,17/09/2022,5,0,44%,0.00,0,7,1,1,,189,9,4,3,,2,1,4,1,4,3,,0,,,1,1,141,13,31,,13/34 (38%),2/5 (40%),47%,5,13/29 (45%),5/9 (56%),0/4 (0%),100%,9,3,,1,,1,,,,,5
10522175,185,44513,NORMAL,REGULAR,Round 6,LEAGUE,3245,Olympiacos FC,Local,ALL,02/10/2022,6,2,50%,0.00,5,15,2,3,21,463,13,14,1,,7,1,6,2,12,3,2,3,1,,5,5,385,10,60,,22/51 (43%),5/13 (38%),43%,9,26/60 (43%),7/16 (44%),0/0 (0%),92%,13,12,,10,,2,,,,,4
10522175,185,44513,NORMAL,REGULAR,Round 6,LEAGUE,3245,Olympiacos FC,Local,1ST,02/10/2022,6,1,53%,0.00,3,11,0,2,,241,6,7,0,,5,1,5,1,9,2,1,2,0,,4,3,200,5,36,,12/25 (48%),3/11 (27%),46%,5,12/26 (46%),5/11 (45%),0/0 (0%),83%,6,5,,4,,0,,,,,2
10522175,185,44513,NORMAL,REGULAR,Round 6,LEAGUE,3245,Olympiacos FC,Local,2ND,02/10/2022,6,1,48%,0.00,2,4,2,1,,222,7,7,1,,2,0,1,1,3,1,1,1,1,,1,2,185,5,24,,10/26 (38%),2/2 (100%),41%,4,14/34 (41%),2/5 (40%),0/0 (0%),100%,7,7,,6,,2,,,,,2
10522175,185,44513,NORMAL,REGULAR,Round 6,LEAGUE,5062,APS Atromitos Athinon,Visita,ALL,02/10/2022,6,0,50%,0.00,1,5,4,4,16,461,9,21,4,,2,0,2,1,2,3,0,1,0,,3,1,383,14,43,,37/64 (58%),1/8 (13%),57%,10,34/60 (57%),9/16 (56%),6/9 (67%),89%,9,6,,15,,4,,,,,7
10522175,185,44513,NORMAL,REGULAR,Round 6,LEAGUE,5062,APS Atromitos Athinon,Visita,1ST,02/10/2022,6,0,47%,0.00,0,1,4,0,,224,5,9,1,,0,0,1,0,0,1,0,0,0,,1,0,188,5,21,,18/32 (56%),0/1 (0%),54%,5,14/26 (54%),6/11 (55%),1/2 (50%),80%,5,5,,14,,4,,,,,4
10522175,185,44513,NORMAL,REGULAR,Round 6,LEAGUE,5062,APS Atromitos Athinon,Visita,2ND,02/10/2022,6,0,52%,0.00,1,4,0,4,,237,4,12,3,,2,0,1,1,2,2,0,1,0,,2,1,195,9,22,,19/32 (59%),1/7 (14%),59%,5,20/34 (59%),3/5 (60%),5/7 (71%),100%,4,1,,1,,0,,,,,3
10522219,185,44513,NORMAL,REGULAR,Round 7,LEAGUE,5062,APS Atromitos Athinon,Local,ALL,10/10/2022,7,2,63%,0.00,2,13,1,6,14,559,11,10,4,,4,0,6,3,7,6,2,,,,4,2,480,13,89,,34/48 (71%),3/28 (11%),41%,17,24/64 (38%),12/23 (52%),3/8 (38%),82%,11,12,,8,,1,,,,,4
10522219,185,44513,NORMAL,REGULAR,Round 7,LEAGUE,5062,APS Atromitos Athinon,Local,1ST,10/10/2022,7,0,59%,0.00,0,6,1,2,,292,5,7,0,,0,0,6,0,2,4,0,,,,4,0,250,5,43,,20/29 (69%),0/9 (0%),49%,5,13/28 (46%),7/13 (54%),1/4 (25%),60%,5,5,,3,,1,,,,,2
10522219,185,44513,NORMAL,REGULAR,Round 7,LEAGUE,5062,APS Atromitos Athinon,Local,2ND,10/10/2022,7,2,69%,0.00,2,7,0,4,,267,6,3,4,,4,0,0,3,5,2,2,,,,0,2,230,8,46,,14/19 (74%),3/19 (16%),35%,12,11/36 (31%),5/10 (50%),2/4 (50%),100%,6,7,,5,,0,,,,,2
10522219,185,44513,NORMAL,REGULAR,Round 7,LEAGUE,6349,PAS Giannina,Visita,ALL,10/10/2022,7,1,37%,0.00,0,8,2,4,10,323,22,14,1,,2,0,2,4,4,4,0,,,,1,0,238,12,54,,26/69 (38%),4/14 (29%),59%,7,40/64 (63%),11/23 (48%),4/8 (50%),82%,22,18,,21,,2,,,,,17
10522219,185,44513,NORMAL,REGULAR,Round 7,LEAGUE,6349,PAS Giannina,Visita,1ST,10/10/2022,7,0,41%,0.00,0,3,0,2,,204,8,5,1,,1,0,1,1,1,2,0,,,,0,0,155,6,28,,16/44 (36%),2/6 (33%),51%,4,15/28 (54%),6/13 (46%),2/3 (67%),88%,8,6,,6,,0,,,,,14
10522219,185,44513,NORMAL,REGULAR,Round 7,LEAGUE,6349,PAS Giannina,Visita,2ND,10/10/2022,7,1,31%,0.00,0,5,2,2,,119,14,9,0,,1,0,1,3,3,2,0,,,,1,0,83,6,26,,10/25 (40%),2/8 (25%),65%,3,25/36 (69%),5/10 (50%),2/5 (40%),79%,14,12,,15,,2,,,,,3
10522277,185,44513,NORMAL,REGULAR,Round 8,LEAGUE,3250,AEK Athens,Local,ALL,16/10/2022,8,1,67%,0.00,3,26,4,14,15,526,6,7,2,,13,0,8,5,21,5,1,2,,,3,1,446,18,92,,47/69 (68%),7/35 (20%),42%,5,17/38 (45%),3/10 (30%),4/6 (67%),83%,6,1,,1,,4,,,,,5
10522277,185,44513,NORMAL,REGULAR,Round 8,LEAGUE,3250,AEK Athens,Local,1ST,16/10/2022,8,0,65%,0.00,0,13,2,6,,254,3,4,1,,4,0,5,4,9,4,0,0,,,2,1,213,12,46,,28/41 (68%),2/17 (12%),48%,2,8/18 (44%),2/3 (67%),1/2 (50%),67%,3,0,,0,,2,,,,,3
10522277,185,44513,NORMAL,REGULAR,Round 8,LEAGUE,3250,AEK Athens,Local,2ND,16/10/2022,8,1,69%,0.00,3,13,2,8,,272,3,3,1,,9,0,3,1,12,1,1,2,,,1,0,233,6,46,,19/28 (68%),5/18 (28%),37%,3,9/20 (45%),1/7 (14%),3/4 (75%),100%,3,1,,1,,2,,,,,2
10522277,185,44513,NORMAL,REGULAR,Round 8,LEAGUE,5062,APS Atromitos Athinon,Visita,ALL,16/10/2022,8,0,33%,0.00,4,8,12,3,9,263,7,14,5,,4,0,3,1,5,3,0,4,,,2,0,170,13,48,,25/67 (37%),2/7 (29%),58%,5,21/38 (55%),7/10 (70%),1/2 (50%),57%,7,19,,30,,12,,,,,14
10522277,185,44513,NORMAL,REGULAR,Round 8,LEAGUE,5062,APS Atromitos Athinon,Visita,1ST,16/10/2022,8,0,35%,0.00,2,3,4,0,,138,3,6,2,,2,0,1,0,2,1,0,2,,,1,0,86,9,18,,5/32 (16%),1/3 (33%),52%,3,10/18 (56%),1/3 (33%),1/1 (100%),100%,3,12,,15,,4,,,,,7
10522277,185,44513,NORMAL,REGULAR,Round 8,LEAGUE,5062,APS Atromitos Athinon,Visita,2ND,16/10/2022,8,0,31%,0.00,2,5,8,3,,125,4,8,3,,2,0,2,1,3,2,0,2,,,1,0,84,4,30,,20/35 (57%),1/4 (25%),63%,2,11/20 (55%),6/7 (86%),0/1 (0%),25%,4,7,,15,,8,,,,,7
10522342,185,44513,NORMAL,REGULAR,Round 9,LEAGUE,5062,APS Atromitos Athinon,Local,ALL,22/10/2022,9,0,53%,0.00,,13,2,6,8,442,3,13,2,,5,1,5,3,8,5,,,,,2,1,359,16,59,,30/57 (53%),2/13 (15%),55%,0,16/30 (53%),1/1 (100%),0/5 (0%),100%,3,5,,8,,2,,,,,8
10522342,185,44513,NORMAL,REGULAR,Round 9,LEAGUE,5062,APS Atromitos Athinon,Local,1ST,22/10/2022,9,0,48%,0.00,,7,2,5,,182,1,6,0,,1,0,4,2,4,3,,,,,1,1,141,9,23,,11/25 (44%),2/7 (29%),62%,0,7/12 (58%),1/1 (100%),0/2 (0%),100%,1,2,,5,,2,,,,,5
10522342,185,44513,NORMAL,REGULAR,Round 9,LEAGUE,5062,APS Atromitos Athinon,Local,2ND,22/10/2022,9,0,57%,0.00,,6,0,1,,260,2,7,2,,4,1,1,1,4,2,,,,,1,0,218,7,36,,19/32 (59%),0/6 (0%),50%,0,9/18 (50%),,0/3 (0%),100%,2,3,,3,,0,,,,,3
10522342,185,44513,NORMAL,REGULAR,Round 9,LEAGUE,267459,NPS Volos,Visita,ALL,22/10/2022,9,2,47%,0.00,,8,5,4,15,399,5,8,2,,4,0,1,3,4,4,,,,,1,1,310,19,55,,35/73 (48%),0/11 (0%),45%,3,14/30 (47%),0/1 (0%),1/1 (100%),40%,5,2,,14,,5,,,,,10
10522342,185,44513,NORMAL,REGULAR,Round 9,LEAGUE,267459,NPS Volos,Visita,1ST,22/10/2022,9,1,52%,0.00,,4,1,2,,206,2,3,1,,3,0,1,0,2,2,,,,,0,1,164,10,25,,20/38 (53%),0/5 (0%),38%,1,5/12 (42%),0/1 (0%),0/0 (0%),0%,2,1,,8,,1,,,,,7
10522342,185,44513,NORMAL,REGULAR,Round 9,LEAGUE,267459,NPS Volos,Visita,2ND,22/10/2022,9,1,43%,0.00,,4,4,2,,193,3,5,1,,1,0,0,3,2,2,,,,,1,0,146,9,30,,15/35 (43%),0/6 (0%),50%,2,9/18 (50%),,1/1 (100%),67%,3,1,,6,,4,,,,,3
10522446,185,44513,NORMAL,REGULAR,Round 10,LEAGUE,5063,APO Levadiakos,Local,ALL,30/10/2022,10,2,32%,0.00,3,11,0,4,12,257,11,11,4,,3,2,7,1,9,2,1,2,,,2,1,179,18,61,,26/77 (34%),3/13 (23%),59%,4,24/38 (63%),3/8 (38%),2/2 (100%),73%,11,16,,17,,0,,,,,10
10522446,185,44513,NORMAL,REGULAR,Round 10,LEAGUE,5063,APO Levadiakos,Local,1ST,30/10/2022,10,1,35%,0.00,1,5,0,3,,159,6,4,2,,1,0,3,1,5,0,0,1,,,0,0,119,6,36,,17/40 (43%),3/11 (27%),46%,2,11/22 (50%),1/4 (25%),1/1 (100%),83%,6,11,,9,,0,,,,,4
10522446,185,44513,NORMAL,REGULAR,Round 10,LEAGUE,5063,APO Levadiakos,Local,2ND,30/10/2022,10,1,27%,0.00,2,6,0,1,,98,5,7,2,,2,2,4,0,4,2,1,1,,,2,1,60,12,25,,9/37 (24%),0/2 (0%),75%,2,13/16 (81%),2/4 (50%),1/1 (100%),60%,5,5,,8,,0,,,,,6
10522446,185,44513,NORMAL,REGULAR,Round 10,LEAGUE,5062,APS Atromitos Athinon,Visita,ALL,30/10/2022,10,1,68%,0.00,0,11,1,9,14,556,4,11,6,,1,0,6,4,8,3,0,0,,,1,1,457,28,83,,56/88 (64%),8/23 (35%),41%,10,14/38 (37%),5/8 (63%),0/1 (0%),75%,4,9,,14,,1,,,,,10
10522446,185,44513,NORMAL,REGULAR,Round 10,LEAGUE,5062,APS Atromitos Athinon,Visita,1ST,30/10/2022,10,0,65%,0.00,0,4,0,5,,299,2,9,1,,0,0,3,1,3,1,0,0,,,0,1,250,10,44,,33/48 (69%),4/12 (33%),54%,5,11/22 (50%),3/4 (75%),0/1 (0%),50%,2,4,,7,,0,,,,,6
10522446,185,44513,NORMAL,REGULAR,Round 10,LEAGUE,5062,APS Atromitos Athinon,Visita,2ND,30/10/2022,10,1,73%,0.00,0,7,1,4,,257,2,2,5,,1,0,3,3,5,2,0,0,,,1,0,207,18,39,,23/40 (58%),4/11 (36%),25%,5,3/16 (19%),2/4 (50%),0/0 (0%),100%,2,5,,7,,1,,,,,4
10522481,185,44513,NORMAL,REGULAR,Round 11,LEAGUE,5062,APS Atromitos Athinon,Local,ALL,05/11/2022,11,0,31%,0.00,,6,3,3,14,275,8,10,3,,2,0,3,1,6,0,,,,,3,2,184,20,39,,18/58 (31%),1/6 (17%),45%,3,19/47 (40%),9/15 (60%),2/11 (18%),75%,8,15,,24,,3,,,,,14
10522481,185,44513,NORMAL,REGULAR,Round 11,LEAGUE,5062,APS Atromitos Athinon,Local,1ST,05/11/2022,11,0,34%,0.00,,2,0,0,,167,5,5,2,,0,0,1,1,2,0,,,,,0,1,126,10,22,,12/30 (40%),0/2 (0%),46%,3,10/26 (38%),6/9 (67%),1/6 (17%),80%,5,8,,8,,0,,,,,8
10522481,185,44513,NORMAL,REGULAR,Round 11,LEAGUE,5062,APS Atromitos Athinon,Local,2ND,05/11/2022,11,0,27%,0.00,,4,3,3,,108,3,5,1,,2,0,2,0,4,0,,,,,3,1,58,10,17,,6/28 (21%),1/4 (25%),44%,0,9/21 (43%),3/6 (50%),1/5 (20%),67%,3,7,,16,,3,,,,,6
10522481,185,44513,NORMAL,REGULAR,Round 11,LEAGUE,3252,Aris Thessaloniki,Visita,ALL,05/11/2022,11,0,69%,0.00,,10,2,7,11,612,12,13,3,,3,0,6,1,4,6,,,,,3,2,511,17,65,,19/29 (66%),6/22 (27%),55%,4,28/47 (60%),6/15 (40%),3/7 (43%),75%,12,5,,3,,2,,,,,5
10522481,185,44513,NORMAL,REGULAR,Round 11,LEAGUE,3252,Aris Thessaloniki,Visita,1ST,05/11/2022,11,0,66%,0.00,,4,0,2,,322,8,8,1,,0,0,3,1,1,3,,,,,3,1,273,7,29,,9/14 (64%),1/6 (17%),54%,3,16/26 (62%),3/9 (33%),0/2 (0%),75%,8,2,,2,,0,,,,,1
10522481,185,44513,NORMAL,REGULAR,Round 11,LEAGUE,3252,Aris Thessaloniki,Visita,2ND,05/11/2022,11,0,73%,0.00,,6,2,5,,290,4,5,2,,3,0,3,0,3,3,,,,,0,1,238,10,36,,10/15 (67%),5/16 (31%),56%,1,12/21 (57%),3/6 (50%),3/5 (60%),75%,4,3,,1,,2,,,,,4
10522554,185,44513,NORMAL,REGULAR,Round 12,LEAGUE,5062,APS Atromitos Athinon,Local,ALL,09/11/2022,12,2,46%,0.00,2,9,4,2,11,391,20,16,1,,5,2,4,0,6,3,1,1,1,,2,1,299,10,52,,35/79 (44%),2/7 (29%),57%,4,39/68 (57%),12/21 (57%),4/10 (40%),60%,20,13,,24,,4,,,,,13
10522554,185,44513,NORMAL,REGULAR,Round 12,LEAGUE,5062,APS Atromitos Athinon,Local,1ST,09/11/2022,12,2,51%,0.00,2,5,1,0,,233,8,9,0,,4,1,1,0,3,2,1,1,1,,0,1,191,2,28,,20/40 (50%),1/3 (33%),60%,2,19/33 (58%),6/9 (67%),3/5 (60%),63%,8,7,,7,,1,,,,,5
10522554,185,44513,NORMAL,REGULAR,Round 12,LEAGUE,5062,APS Atromitos Athinon,Local,2ND,09/11/2022,12,0,39%,0.00,0,4,3,2,,158,12,7,1,,1,1,3,0,3,1,0,0,0,,2,0,108,8,24,,15/39 (38%),1/4 (25%),55%,2,20/35 (57%),6/12 (50%),1/5 (20%),58%,12,6,,17,,3,,,,,8
10522554,185,44513,NORMAL,REGULAR,Round 12,LEAGUE,6342,Asteras Aktor,Visita,ALL,09/11/2022,12,0,54%,0.00,4,18,3,3,16,458,10,10,3,,4,1,12,2,10,8,0,4,0,,2,3,380,19,66,,25/41 (61%),7/24 (29%),43%,12,29/68 (43%),9/21 (43%),9/17 (53%),50%,10,10,,8,,3,,,,,5
10522554,185,44513,NORMAL,REGULAR,Round 12,LEAGUE,6342,Asteras Aktor,Visita,1ST,09/11/2022,12,0,49%,0.00,3,6,2,2,,220,4,7,1,,1,0,5,0,5,1,0,3,0,,2,2,184,12,28,,14/23 (61%),2/11 (18%),40%,4,14/33 (42%),3/9 (33%),3/7 (43%),50%,4,6,,3,,2,,,,,2
10522554,185,44513,NORMAL,REGULAR,Round 12,LEAGUE,6342,Asteras Aktor,Visita,2ND,09/11/2022,12,0,61%,0.00,1,12,1,1,,238,6,3,2,,3,1,7,2,5,7,0,1,0,,0,1,196,7,38,,11/18 (61%),5/13 (38%),45%,8,15/35 (43%),6/12 (50%),6/10 (60%),50%,6,4,,5,,1,,,,,3
10522624,185,44513,NORMAL,REGULAR,Round 13,LEAGUE,3248,Panathinaikos FC,Local,ALL,13/11/2022,13,2,75%,0.00,1,22,0,6,11,650,8,11,1,0,5,1,8,9,12,10,,1,,,6,3,577,19,86,,39/49 (80%),4/28 (14%),48%,10,24/45 (53%),4/13 (31%),5/6 (83%),88%,8,13,,1,,0,,,,,4
10522624,185,44513,NORMAL,REGULAR,Round 13,LEAGUE,3248,Panathinaikos FC,Local,1ST,13/11/2022,13,0,75%,0.00,1,11,0,3,,339,5,6,1,0,2,1,3,6,6,5,,1,,,4,2,298,11,48,,16/21 (76%),3/12 (25%),55%,5,15/27 (56%),2/4 (50%),4/5 (80%),100%,5,6,,0,,0,,,,,1
10522624,185,44513,NORMAL,REGULAR,Round 13,LEAGUE,3248,Panathinaikos FC,Local,2ND,13/11/2022,13,2,76%,0.00,0,11,0,3,,311,3,5,0,0,3,0,5,3,6,5,,0,,,2,1,279,8,38,,23/28 (82%),1/16 (6%),41%,5,9/18 (50%),2/9 (22%),1/1 (100%),67%,3,7,,1,,0,,,,,3
10522624,185,44513,NORMAL,REGULAR,Round 13,LEAGUE,5062,APS Atromitos Athinon,Visita,ALL,13/11/2022,13,0,25%,0.00,0,4,3,0,12,216,11,11,3,1,0,0,4,0,2,2,,0,,,0,0,141,9,27,,18/57 (32%),1/2 (50%),52%,7,21/45 (47%),9/13 (69%),0/1 (0%),64%,11,5,,23,,3,,,,,17
10522624,185,44513,NORMAL,REGULAR,Round 13,LEAGUE,5062,APS Atromitos Athinon,Visita,1ST,13/11/2022,13,0,25%,0.00,0,1,2,0,,119,6,6,2,1,0,0,1,0,0,1,,0,,,0,0,82,4,14,,11/30 (37%),0/0 (0%),47%,5,12/26 (46%),2/4 (50%),0/0 (0%),83%,6,3,,8,,2,,,,,6
10522624,185,44513,NORMAL,REGULAR,Round 13,LEAGUE,5062,APS Atromitos Athinon,Visita,2ND,13/11/2022,13,0,24%,0.00,0,3,1,0,,97,5,5,1,0,0,0,3,0,2,1,,0,,,0,0,59,5,13,,7/27 (26%),1/2 (50%),57%,2,9/19 (47%),7/9 (78%),0/1 (0%),40%,5,2,,15,,1,,,,,11
10884429,375,46285,NORMAL,REGULAR,Round of 16,CUP,3245,Olympiacos FC,Local,ALL,15/12/2022,5,4,,,,,,6,,,,,1,0,,,,,,,,,,,,,,,,,,,,,,,,,,,,,,,,,,,
10884429,375,46285,NORMAL,REGULAR,Round of 16,CUP,3245,Olympiacos FC,Local,1ST,15/12/2022,5,,,,,,,,,,,,,,,,,,,,,,,,,,,,,,,,,,,,,,,,,,,,,,,,
10884429,375,46285,NORMAL,REGULAR,Round of 16,CUP,3245,Olympiacos FC,Local,2ND,15/12/2022,5,,,,,,,,,,,,,,,,,,,,,,,,,,,,,,,,,,,,,,,,,,,,,,,,
10884429,375,46285,NORMAL,REGULAR,Round of 16,CUP,5062,APS Atromitos Athinon,Visita,ALL,15/12/2022,5,1,,,,,,2,,,,,1,0,,,,,,,,,,,,,,,,,,,,,,,,,,,,,,,,,,,
10884429,375,46285,NORMAL,REGULAR,Round of 16,CUP,5062,APS Atromitos Athinon,Visita,1ST,15/12/2022,5,,,,,,,,,,,,,,,,,,,,,,,,,,,,,,,,,,,,,,,,,,,,,,,,
10884429,375,46285,NORMAL,REGULAR,Round of 16,CUP,5062,APS Atromitos Athinon,Visita,2ND,15/12/2022,5,,,,,,,,,,,,,,,,,,,,,,,,,,,,,,,,,,,,,,,,,,,,,,,,
10522698,185,44513,NORMAL,REGULAR,Round 14,LEAGUE,3241,OFI Crete,Local,ALL,22/12/2022,14,0,75%,0.00,,21,2,7,13,645,4,10,1,,7,1,5,9,9,12,,,,,2,2,566,19,89,,33/57 (58%),6/30 (20%),36%,14,19/53 (36%),5/13 (38%),5/7 (71%),100%,4,15,,7,,2,,,,,2
10522698,185,44513,NORMAL,REGULAR,Round 14,LEAGUE,3241,OFI Crete,Local,1ST,22/12/2022,14,0,74%,0.00,,9,1,4,,328,1,2,0,,2,0,2,5,4,5,,,,,0,0,292,11,41,,21/32 (66%),4/15 (27%),25%,10,5/30 (17%),5/10 (50%),2/4 (50%),100%,1,8,,6,,1,,,,,1
10522698,185,44513,NORMAL,REGULAR,Round 14,LEAGUE,3241,OFI Crete,Local,2ND,22/12/2022,14,0,76%,0.00,,12,1,3,,317,3,8,1,,5,1,3,4,5,7,,,,,2,2,274,8,48,,12/25 (48%),2/15 (13%),54%,4,14/23 (61%),0/3 (0%),3/3 (100%),100%,3,7,,1,,1,,,,,1
10522698,185,44513,NORMAL,REGULAR,Round 14,LEAGUE,5062,APS Atromitos Athinon,Visita,ALL,22/12/2022,14,1,25%,0.00,,3,7,0,10,221,16,12,1,,3,0,0,0,1,2,,,,,1,2,122,17,41,,28/75 (37%),0/5 (0%),64%,3,34/53 (64%),8/13 (62%),6/7 (86%),75%,16,7,,14,,7,,,,,10
10522698,185,44513,NORMAL,REGULAR,Round 14,LEAGUE,5062,APS Atromitos Athinon,Visita,1ST,22/12/2022,14,1,26%,0.00,,2,2,0,,121,12,8,0,,2,0,0,0,0,2,,,,,1,1,73,11,14,,16/36 (44%),0/3 (0%),75%,1,25/30 (83%),5/10 (50%),5/5 (100%),67%,12,2,,4,,2,,,,,5
10522698,185,44513,NORMAL,REGULAR,Round 14,LEAGUE,5062,APS Atromitos Athinon,Visita,2ND,22/12/2022,14,0,24%,0.00,,1,5,0,,100,4,4,1,,1,0,0,0,1,0,,,,,0,1,49,6,27,,12/39 (31%),0/2 (0%),46%,2,9/23 (39%),3/3 (100%),1/2 (50%),100%,4,5,,10,,5,,,,,5
10522736,185,44513,NORMAL,REGULAR,Round 15,LEAGUE,5062,APS Atromitos Athinon,Local,ALL,28/12/2022,15,1,36%,0.00,0,8,2,3,7,301,11,13,3,,2,0,4,2,4,4,0,0,0,,,1,216,18,57,,32/80 (40%),2/7 (29%),55%,11,24/47 (51%),5/6 (83%),1/3 (33%),73%,11,19,,28,,2,,,,,7
10522736,185,44513,NORMAL,REGULAR,Round 15,LEAGUE,5062,APS Atromitos Athinon,Local,1ST,28/12/2022,15,0,33%,0.00,0,4,1,1,,156,6,3,0,,1,0,2,1,1,3,0,0,0,,,1,115,11,23,,21/42 (50%),1/4 (25%),50%,4,10/22 (45%),3/4 (75%),1/3 (33%),67%,6,13,,10,,1,,,,,4
10522736,185,44513,NORMAL,REGULAR,Round 15,LEAGUE,5062,APS Atromitos Athinon,Local,2ND,28/12/2022,15,1,38%,0.00,0,4,1,2,,145,5,10,3,,1,0,2,1,3,1,0,0,0,,,0,101,7,34,,11/38 (29%),1/3 (33%),59%,7,14/25 (56%),2/2 (100%),0/0 (0%),80%,5,6,,18,,1,,,,,3
10522736,185,44513,NORMAL,REGULAR,Round 15,LEAGUE,3251,PAOK,Visita,ALL,28/12/2022,15,1,64%,0.00,2,12,1,11,13,542,13,7,2,,3,1,7,2,8,4,1,1,2,,,3,436,23,68,,20/43 (47%),1/20 (5%),45%,6,23/47 (49%),1/6 (17%),3/8 (38%),77%,13,12,,4,,1,,,,,4
10522736,185,44513,NORMAL,REGULAR,Round 15,LEAGUE,3251,PAOK,Visita,1ST,28/12/2022,15,1,67%,0.00,1,8,1,3,,317,6,4,0,,2,1,5,1,5,3,1,0,0,,,1,264,10,34,,12/22 (55%),0/5 (0%),50%,3,12/22 (55%),1/4 (25%),2/5 (40%),83%,6,7,,3,,1,,,,,3
10522736,185,44513,NORMAL,REGULAR,Round 15,LEAGUE,3251,PAOK,Visita,2ND,28/12/2022,15,0,62%,0.00,1,4,0,8,,225,7,3,2,,1,0,2,1,3,1,0,1,2,,,2,172,13,34,,8/21 (38%),1/15 (7%),41%,3,11/25 (44%),0/2 (0%),1/3 (33%),71%,7,5,,1,,0,,,,,1
10521948,185,44513,NORMAL,REGULAR,Round 16,LEAGUE,7004,GFS Panetolikos,Local,ALL,04/01/2023,16,2,63%,0.00,2,15,1,8,14,573,8,4,4,0,5,0,6,4,10,5,,2,,,1,3,502,16,69,,40/63 (63%),6/22 (27%),35%,15,13/44 (30%),9/19 (47%),1/1 (100%),88%,8,7,,10,,1,,,,,7
10521948,185,44513,NORMAL,REGULAR,Round 16,LEAGUE,7004,GFS Panetolikos,Local,1ST,04/01/2023,16,0,58%,0.00,1,7,1,4,,245,3,3,2,0,1,0,4,2,4,3,,1,,,1,2,201,11,37,,24/38 (63%),3/12 (25%),35%,7,6/22 (27%),7/15 (47%),0/0 (0%),100%,3,4,,5,,1,,,,,2
10521948,185,44513,NORMAL,REGULAR,Round 16,LEAGUE,7004,GFS Panetolikos,Local,2ND,04/01/2023,16,2,67%,0.00,1,8,0,4,,328,5,1,2,0,4,0,2,2,6,2,,1,,,0,1,301,5,32,,16/25 (64%),3/10 (30%),35%,8,7/22 (32%),2/4 (50%),1/1 (100%),80%,5,3,,5,,0,,,,,5
10521948,185,44513,NORMAL,REGULAR,Round 16,LEAGUE,5062,APS Atromitos Athinon,Visita,ALL,04/01/2023,16,0,37%,0.00,0,6,3,2,4,344,15,13,1,1,1,0,2,3,3,3,,0,,,1,0,267,19,47,,33/70 (47%),2/9 (22%),65%,8,31/44 (70%),10/19 (53%),3/3 (100%),53%,15,8,,18,,3,,,,,9
10521948,185,44513,NORMAL,REGULAR,Round 16,LEAGUE,5062,APS Atromitos Athinon,Visita,1ST,04/01/2023,16,0,42%,0.00,0,3,1,0,,186,7,6,0,1,1,0,0,2,2,1,,0,,,1,0,141,9,25,,19/42 (45%),0/2 (0%),65%,3,16/22 (73%),8/15 (53%),3/3 (100%),29%,7,6,,11,,1,,,,,7
10521948,185,44513,NORMAL,REGULAR,Round 16,LEAGUE,5062,APS Atromitos Athinon,Visita,2ND,04/01/2023,16,0,33%,0.00,0,3,2,2,,158,8,7,1,0,0,0,2,1,1,2,,0,,,0,0,126,10,22,,14/28 (50%),2/7 (29%),65%,5,15/22 (68%),2/4 (50%),0/0 (0%),75%,8,2,,7,,2,,,,,2
10521961,185,44513,NORMAL,REGULAR,Round 17,LEAGUE,5062,APS Atromitos Athinon,Local,ALL,08/01/2023,17,2,67%,0.00,8,20,4,5,17,543,8,11,2,0,7,0,12,1,14,6,2,6,1,,4,4,497,10,62,,59/74 (80%),8/20 (40%),48%,2,21/46 (46%),8/15 (53%),2/6 (33%),63%,8,3,,14,,4,,,,,1
10521961,185,44513,NORMAL,REGULAR,Round 17,LEAGUE,5062,APS Atromitos Athinon,Local,1ST,08/01/2023,17,1,68%,0.00,5,15,3,1,,240,3,8,1,0,6,0,8,1,9,6,1,4,0,,4,3,221,5,25,,18/25 (72%),4/7 (57%),50%,0,11/23 (48%),5/9 (56%),0/2 (0%),67%,3,0,,6,,3,,,,,1
10521961,185,44513,NORMAL,REGULAR,Round 17,LEAGUE,5062,APS Atromitos Athinon,Local,2ND,08/01/2023,17,1,67%,0.00,3,5,1,4,,303,5,3,1,0,1,0,4,0,5,0,1,2,1,,0,1,276,5,37,,41/49 (84%),4/13 (31%),45%,2,10/23 (43%),3/6 (50%),2/4 (50%),60%,5,3,,8,,1,,,,,0
10521961,185,44513,NORMAL,REGULAR,Round 17,LEAGUE,3249,AO Ionikos Nikeas,Visita,ALL,08/01/2023,17,0,33%,0.00,1,7,5,4,12,262,6,16,1,1,4,0,0,3,5,2,0,1,0,,4,1,195,9,54,,20/49 (41%),2/12 (17%),52%,8,25/46 (54%),7/15 (47%),3/3 (100%),83%,6,6,,11,,5,,,,,12
10521961,185,44513,NORMAL,REGULAR,Round 17,LEAGUE,3249,AO Ionikos Nikeas,Visita,1ST,08/01/2023,17,0,32%,0.00,0,3,5,3,,106,2,8,1,1,3,0,0,0,3,0,0,0,0,,2,0,75,3,20,,8/23 (35%),2/9 (22%),50%,3,12/23 (52%),4/9 (44%),2/2 (100%),100%,2,4,,4,,5,,,,,8
10521961,185,44513,NORMAL,REGULAR,Round 17,LEAGUE,3249,AO Ionikos Nikeas,Visita,2ND,08/01/2023,17,0,33%,0.00,1,4,0,1,,156,4,8,0,0,1,0,0,3,2,2,0,1,0,,2,1,120,6,34,,12/26 (46%),0/3 (0%),55%,5,13/23 (57%),3/6 (50%),1/1 (100%),75%,4,2,,7,,0,,,,,4
10886268,375,46285,NORMAL,REGULAR,Round of 16,CUP,5062,APS Atromitos Athinon,Local,ALL,11/01/2023,5,2,,,,,,3,,,,,0,0,,,,,,,,,,,,,,,,,,,,,,,,,,,,,,,,,,,
10886268,375,46285,NORMAL,REGULAR,Round of 16,CUP,5062,APS Atromitos Athinon,Local,1ST,11/01/2023,5,,,,,,,,,,,,,,,,,,,,,,,,,,,,,,,,,,,,,,,,,,,,,,,,
10886268,375,46285,NORMAL,REGULAR,Round of 16,CUP,5062,APS Atromitos Athinon,Local,2ND,11/01/2023,5,,,,,,,,,,,,,,,,,,,,,,,,,,,,,,,,,,,,,,,,,,,,,,,,
10886268,375,46285,NORMAL,REGULAR,Round of 16,CUP,3245,Olympiacos FC,Visita,ALL,11/01/2023,5,2,,,,,,5,,,,,1,0,,,,,,,,,,,,,,,,,,,,,,,,,,,,,,,,,,,
10886268,375,46285,NORMAL,REGULAR,Round of 16,CUP,3245,Olympiacos FC,Visita,1ST,11/01/2023,5,,,,,,,,,,,,,,,,,,,,,,,,,,,,,,,,,,,,,,,,,,,,,,,,
10886268,375,46285,NORMAL,REGULAR,Round of 16,CUP,3245,Olympiacos FC,Visita,2ND,11/01/2023,5,,,,,,,,,,,,,,,,,,,,,,,,,,,,,,,,,,,,,,,,,,,,,,,,
10521989,185,44513,NORMAL,REGULAR,Round 18,LEAGUE,120154,PAS Lamia 1964,Local,ALL,14/01/2023,18,1,42%,0.00,2,10,4,4,13,318,11,23,4,1,3,0,4,3,8,2,1,1,0,,7,1,234,31,59,,19/47 (40%),5/25 (20%),58%,8,42/72 (58%),21/37 (57%),9/15 (60%),73%,11,18,,11,,4,,,,,8
10521989,185,44513,NORMAL,REGULAR,Round 18,LEAGUE,120154,PAS Lamia 1964,Local,1ST,14/01/2023,18,0,47%,0.00,1,5,4,2,,206,5,12,2,0,2,0,1,2,3,2,0,1,0,,2,0,158,18,32,,6/20 (30%),3/15 (20%),53%,5,21/38 (55%),8/17 (47%),4/7 (57%),80%,5,9,,2,,4,,,,,2
10521989,185,44513,NORMAL,REGULAR,Round 18,LEAGUE,120154,PAS Lamia 1964,Local,2ND,14/01/2023,18,1,36%,0.00,1,5,0,2,,112,6,11,2,1,1,0,3,1,5,0,1,0,0,,5,1,76,13,27,,13/27 (48%),2/10 (20%),63%,3,21/34 (62%),13/20 (65%),5/8 (63%),67%,6,9,,9,,0,,,,,6
10521989,185,44513,NORMAL,REGULAR,Round 18,LEAGUE,5062,APS Atromitos Athinon,Visita,ALL,14/01/2023,18,1,58%,0.00,1,11,2,2,23,457,14,12,3,0,5,1,5,1,9,2,1,0,1,,0,2,356,18,60,,44/88 (50%),5/11 (45%),42%,4,30/72 (42%),16/37 (43%),4/11 (36%),64%,14,17,,17,,2,,,,,7
10521989,185,44513,NORMAL,REGULAR,Round 18,LEAGUE,5062,APS Atromitos Athinon,Visita,1ST,14/01/2023,18,1,53%,0.00,1,5,2,0,,241,8,7,0,0,5,0,0,0,4,1,1,0,0,,0,1,187,6,29,,24/46 (52%),2/6 (33%),47%,2,17/38 (45%),9/17 (53%),2/5 (40%),63%,8,9,,10,,2,,,,,3
10521989,185,44513,NORMAL,REGULAR,Round 18,LEAGUE,5062,APS Atromitos Athinon,Visita,2ND,14/01/2023,18,0,64%,0.00,0,6,0,2,,216,6,5,3,0,0,1,5,1,5,1,0,0,1,,0,1,169,12,31,,20/42 (48%),3/5 (60%),37%,2,13/34 (38%),7/20 (35%),2/6 (33%),67%,6,8,,7,,0,,,,,4
10521995,185,44513,NORMAL,REGULAR,Round 19,LEAGUE,5062,APS Atromitos Athinon,Local,ALL,22/01/2023,19,1,32%,0.00,6,13,6,3,11,293,14,10,1,,2,1,7,4,7,6,1,5,,,0,3,225,15,41,,30/57 (53%),3/12 (25%),53%,13,24/48 (50%),9/14 (64%),2/2 (100%),79%,14,9,,16,,6,,,,,10
10521995,185,44513,NORMAL,REGULAR,Round 19,LEAGUE,5062,APS Atromitos Athinon,Local,1ST,22/01/2023,19,0,38%,0.00,2,4,3,2,,190,5,5,0,,1,0,1,2,3,1,0,2,,,0,2,152,5,14,,17/28 (61%),2/5 (40%),45%,8,9/24 (38%),4/5 (80%),1/1 (100%),100%,5,6,,7,,3,,,,,4
10521995,185,44513,NORMAL,REGULAR,Round 19,LEAGUE,5062,APS Atromitos Athinon,Local,2ND,22/01/2023,19,1,26%,0.00,4,9,3,1,,103,9,5,1,,1,1,6,2,4,5,1,3,,,0,1,73,10,27,,13/29 (45%),1/7 (14%),61%,5,15/24 (63%),5/9 (56%),1/1 (100%),67%,9,3,,9,,3,,,,,6
10521995,185,44513,NORMAL,REGULAR,Round 19,LEAGUE,3245,Olympiacos FC,Visita,ALL,22/01/2023,19,1,68%,0.00,1,18,1,4,11,615,13,10,3,,6,0,7,5,9,9,0,1,,,4,0,554,15,85,,32/51 (63%),3/21 (14%),47%,12,24/47 (51%),5/14 (36%),1/3 (33%),69%,13,3,,7,,1,,,,,7
10521995,185,44513,NORMAL,REGULAR,Round 19,LEAGUE,3245,Olympiacos FC,Visita,1ST,22/01/2023,19,0,62%,0.00,0,6,1,3,,316,8,7,0,,2,0,2,2,2,4,0,0,,,3,0,280,8,47,,17/29 (59%),2/11 (18%),55%,5,15/24 (63%),1/5 (20%),0/0 (0%),63%,8,2,,5,,1,,,,,1
10521995,185,44513,NORMAL,REGULAR,Round 19,LEAGUE,3245,Olympiacos FC,Visita,2ND,22/01/2023,19,1,74%,0.00,1,12,0,1,,299,5,3,3,,4,0,5,3,7,5,0,1,,,1,0,274,7,38,,15/22 (68%),1/10 (10%),41%,7,9/23 (39%),4/9 (44%),1/3 (33%),80%,5,1,,2,,0,,,,,6
10522027,185,44513,NORMAL,REGULAR,Round 20,LEAGUE,6349,PAS Giannina,Local,ALL,28/01/2023,20,1,48%,0.00,5,11,4,6,12,393,15,13,2,,4,0,4,3,8,3,1,4,,,2,1,314,15,54,,38/67 (57%),6/25 (24%),46%,11,30/57 (53%),6/21 (29%),2/4 (50%),60%,15,5,,12,,4,,,,,13
10522027,185,44513,NORMAL,REGULAR,Round 20,LEAGUE,6349,PAS Giannina,Local,1ST,28/01/2023,20,1,53%,0.00,2,4,1,3,,236,8,8,0,,1,0,1,2,3,1,1,1,,,1,1,193,6,27,,20/34 (59%),4/13 (31%),59%,5,17/25 (68%),5/12 (42%),1/2 (50%),63%,8,4,,8,,1,,,,,5
10522027,185,44513,NORMAL,REGULAR,Round 20,LEAGUE,6349,PAS Giannina,Local,2ND,28/01/2023,20,0,43%,0.00,3,7,3,3,,157,7,5,2,,3,0,3,1,5,2,0,3,,,1,0,121,9,27,,18/33 (55%),2/12 (17%),34%,6,13/32 (41%),1/9 (11%),1/2 (50%),57%,7,1,,4,,3,,,,,8
10522027,185,44513,NORMAL,REGULAR,Round 20,LEAGUE,5062,APS Atromitos Athinon,Visita,ALL,28/01/2023,20,1,52%,0.00,1,15,3,7,13,436,13,12,3,,5,0,9,1,9,6,0,1,,,3,0,350,26,64,,43/60 (72%),4/18 (22%),54%,13,27/57 (47%),15/21 (71%),2/4 (50%),85%,13,7,,18,,3,,,,,8
10522027,185,44513,NORMAL,REGULAR,Round 20,LEAGUE,5062,APS Atromitos Athinon,Visita,1ST,28/01/2023,20,0,47%,0.00,0,5,0,2,,216,6,2,1,,1,0,3,1,4,1,0,0,,,1,0,174,13,36,,27/35 (77%),1/7 (14%),41%,6,8/25 (32%),7/12 (58%),0/2 (0%),100%,6,4,,9,,0,,,,,2
10522027,185,44513,NORMAL,REGULAR,Round 20,LEAGUE,5062,APS Atromitos Athinon,Visita,2ND,28/01/2023,20,1,57%,0.00,1,10,3,5,,220,7,10,2,,4,0,6,0,5,5,0,1,,,2,0,176,13,28,,16/25 (64%),3/11 (27%),66%,7,19/32 (59%),8/9 (89%),2/2 (100%),71%,7,3,,9,,3,,,,,6
10522065,185,44513,NORMAL,REGULAR,Round 22,LEAGUE,267459,NPS Volos,Local,ALL,12/02/2023,22,2,48%,0.00,0,9,1,3,19,392,10,17,3,,3,0,2,4,7,2,0,,0,,3,1,322,11,47,,22/54 (41%),0/11 (0%),43%,8,32/73 (44%),4/11 (36%),5/15 (33%),90%,10,10,,10,,1,,,,,14
10522065,185,44513,NORMAL,REGULAR,Round 22,LEAGUE,267459,NPS Volos,Local,1ST,12/02/2023,22,0,53%,0.00,0,3,0,0,,231,4,5,1,,1,0,1,1,2,1,0,,0,,0,0,196,6,25,,7/21 (33%),0/5 (0%),36%,3,13/38 (34%),2/4 (50%),4/11 (36%),100%,4,1,,6,,0,,,,,5
10522065,185,44513,NORMAL,REGULAR,Round 22,LEAGUE,267459,NPS Volos,Local,2ND,12/02/2023,22,2,42%,0.00,0,6,1,3,,161,6,12,2,,2,0,1,3,5,1,0,,0,,3,1,126,5,22,,15/33 (45%),0/6 (0%),50%,5,19/35 (54%),2/7 (29%),1/4 (25%),83%,6,9,,4,,1,,,,,9
10522065,185,44513,NORMAL,REGULAR,Round 22,LEAGUE,5062,APS Atromitos Athinon,Visita,ALL,12/02/2023,22,1,52%,0.00,1,8,1,5,17,426,18,19,1,,2,0,4,2,5,3,1,,1,,4,3,348,12,66,,41/67 (61%),3/11 (27%),57%,3,41/73 (56%),7/11 (64%),4/11 (36%),61%,18,9,,13,,1,,,,,6
10522065,185,44513,NORMAL,REGULAR,Round 22,LEAGUE,5062,APS Atromitos Athinon,Visita,1ST,12/02/2023,22,0,47%,0.00,0,3,1,2,,203,10,13,0,,0,0,1,2,0,3,0,,0,,4,2,165,7,33,,23/38 (61%),0/4 (0%),64%,2,25/38 (66%),2/4 (50%),2/4 (50%),70%,10,6,,7,,1,,,,,3
10522065,185,44513,NORMAL,REGULAR,Round 22,LEAGUE,5062,APS Atromitos Athinon,Visita,2ND,12/02/2023,22,1,58%,0.00,1,5,0,3,,223,8,6,1,,2,0,3,0,5,0,1,,1,,0,1,183,5,33,,18/29 (62%),3/7 (43%),50%,1,16/35 (46%),5/7 (71%),2/7 (29%),50%,8,3,,6,,0,,,,,3
10522080,185,44513,NORMAL,REGULAR,Round 23,LEAGUE,5062,APS Atromitos Athinon,Local,ALL,20/02/2023,23,1,68%,0.00,1,18,3,4,12,652,10,19,1,0,6,1,9,3,13,5,,1,,,0,3,556,18,68,,43/62 (69%),5/10 (50%),55%,12,38/74 (51%),14/21 (67%),9/12 (75%),90%,10,5,,11,,3,,,,,7
10522080,185,44513,NORMAL,REGULAR,Round 23,LEAGUE,5062,APS Atromitos Athinon,Local,1ST,20/02/2023,23,1,66%,0.00,0,5,1,2,,330,6,9,0,0,2,0,2,1,4,1,,0,,,0,1,293,8,32,,27/34 (79%),2/5 (40%),50%,8,19/37 (51%),5/11 (45%),4/7 (57%),100%,6,3,,9,,1,,,,,6
10522080,185,44513,NORMAL,REGULAR,Round 23,LEAGUE,5062,APS Atromitos Athinon,Local,2ND,20/02/2023,23,0,70%,0.00,1,13,2,2,,322,4,10,1,0,4,1,7,2,9,4,,1,,,0,2,263,10,36,,16/28 (57%),3/5 (60%),60%,4,19/37 (51%),9/10 (90%),5/5 (100%),75%,4,2,,2,,2,,,,,1
10522080,185,44513,NORMAL,REGULAR,Round 23,LEAGUE,5063,APO Levadiakos,Visita,ALL,20/02/2023,23,0,32%,0.00,1,7,5,3,21,292,15,12,6,1,3,0,3,1,2,5,,1,,,1,2,219,16,45,,25/58 (43%),0/16 (0%),45%,5,36/74 (49%),7/21 (33%),9/14 (64%),73%,15,17,,10,,5,,,,,8
10522080,185,44513,NORMAL,REGULAR,Round 23,LEAGUE,5063,APO Levadiakos,Visita,1ST,20/02/2023,23,0,34%,0.00,0,5,1,2,,157,11,3,3,0,1,0,3,1,1,4,,0,,,0,2,128,10,20,,15/28 (54%),0/13 (0%),50%,3,18/37 (49%),6/11 (55%),4/7 (57%),73%,11,9,,3,,1,,,,,2
10522080,185,44513,NORMAL,REGULAR,Round 23,LEAGUE,5063,APO Levadiakos,Visita,2ND,20/02/2023,23,0,30%,0.00,1,2,4,1,,135,4,9,3,1,2,0,0,0,1,1,,1,,,1,0,91,6,25,,10/30 (33%),0/3 (0%),40%,2,18/37 (49%),1/10 (10%),5/7 (71%),75%,4,8,,7,,4,,,,,6
10522103,185,44513,NORMAL,REGULAR,Round 24,LEAGUE,3252,Aris Thessaloniki,Local,ALL,26/02/2023,24,2,62%,0.00,2,15,1,3,15,574,13,16,2,,6,1,5,4,11,4,1,1,,,5,2,524,19,58,,37/56 (66%),1/10 (10%),55%,10,38/70 (54%),4/7 (57%),11/18 (61%),100%,13,8,,7,,1,,,,,5
10522103,185,44513,NORMAL,REGULAR,Round 24,LEAGUE,3252,Aris Thessaloniki,Local,1ST,26/02/2023,24,2,60%,0.00,1,10,0,1,,272,7,6,2,,5,1,2,3,8,2,1,0,,,2,1,248,13,29,,18/27 (67%),1/7 (14%),51%,5,19/35 (54%),1/4 (25%),6/10 (60%),100%,7,4,,2,,0,,,,,1
10522103,185,44513,NORMAL,REGULAR,Round 24,LEAGUE,3252,Aris Thessaloniki,Local,2ND,26/02/2023,24,0,64%,0.00,1,5,1,2,,302,6,10,0,,1,0,3,1,3,2,0,1,,,3,1,276,6,29,,19/29 (66%),0/3 (0%),58%,5,19/35 (54%),3/3 (100%),5/8 (63%),100%,6,4,,5,,1,,,,,4
10522103,185,44513,NORMAL,REGULAR,Round 24,LEAGUE,5062,APS Atromitos Athinon,Visita,ALL,26/02/2023,24,1,38%,0.00,2,8,4,2,16,344,17,15,3,,2,0,3,3,5,3,0,2,,,2,0,292,13,40,,28/45 (62%),3/12 (25%),45%,9,32/70 (46%),3/7 (43%),1/5 (20%),82%,17,10,,15,,4,,,,,7
10522103,185,44513,NORMAL,REGULAR,Round 24,LEAGUE,5062,APS Atromitos Athinon,Visita,1ST,26/02/2023,24,0,40%,0.00,1,3,3,0,,180,9,7,2,,0,0,1,2,2,1,0,1,,,0,0,150,9,19,,13/22 (59%),1/4 (25%),49%,6,16/35 (46%),3/4 (75%),1/2 (50%),78%,9,5,,9,,3,,,,,3
10522103,185,44513,NORMAL,REGULAR,Round 24,LEAGUE,5062,APS Atromitos Athinon,Visita,2ND,26/02/2023,24,1,36%,0.00,1,5,1,2,,164,8,8,1,,2,0,2,1,3,2,0,1,,,2,0,142,4,21,,15/23 (65%),2/8 (25%),42%,3,16/35 (46%),0/3 (0%),0/3 (0%),88%,8,5,,6,,1,,,,,4
10522121,185,44513,NORMAL,REGULAR,Round 25,LEAGUE,6342,Asteras Aktor,Local,ALL,04/03/2023,25,1,50%,0.00,0,12,3,5,9,471,13,4,2,,2,0,7,3,5,7,0,0,,,3,0,399,13,38,,26/37 (70%),3/25 (12%),52%,7,24/48 (50%),7/12 (58%),7/10 (70%),54%,13,6,,2,,3,,,,,6
10522121,185,44513,NORMAL,REGULAR,Round 25,LEAGUE,6342,Asteras Aktor,Local,1ST,04/03/2023,25,0,47%,0.00,0,5,1,2,,232,8,1,0,,1,0,1,3,3,2,0,0,,,1,0,191,7,22,,17/23 (74%),2/10 (20%),44%,5,13/27 (48%),1/5 (20%),4/5 (80%),63%,8,2,,0,,1,,,,,2
10522121,185,44513,NORMAL,REGULAR,Round 25,LEAGUE,6342,Asteras Aktor,Local,2ND,04/03/2023,25,1,54%,0.00,0,7,2,3,,239,5,3,2,,1,0,6,0,2,5,0,0,,,2,0,208,6,16,,9/14 (64%),1/15 (7%),61%,2,11/21 (52%),6/7 (86%),3/5 (60%),40%,5,4,,2,,2,,,,,4
10522121,185,44513,NORMAL,REGULAR,Round 25,LEAGUE,5062,APS Atromitos Athinon,Visita,ALL,04/03/2023,25,1,50%,0.00,3,13,1,6,5,481,10,9,2,,4,1,5,4,6,7,1,2,,,1,4,418,13,34,,33/52 (63%),3/10 (30%),48%,11,24/48 (50%),5/12 (42%),5/7 (71%),60%,10,12,,35,,1,,,,,8
10522121,185,44513,NORMAL,REGULAR,Round 25,LEAGUE,5062,APS Atromitos Athinon,Visita,1ST,04/03/2023,25,1,53%,0.00,2,6,1,2,,272,6,4,0,,2,0,2,2,2,4,1,1,,,0,3,237,9,20,,18/28 (64%),1/3 (33%),56%,6,14/27 (52%),4/5 (80%),4/6 (67%),83%,6,4,,21,,1,,,,,2
10522121,185,44513,NORMAL,REGULAR,Round 25,LEAGUE,5062,APS Atromitos Athinon,Visita,2ND,04/03/2023,25,0,46%,0.00,1,7,0,4,,209,4,5,2,,2,1,3,2,4,3,0,1,,,1,1,181,4,14,,15/24 (63%),2/7 (29%),39%,5,10/21 (48%),1/7 (14%),1/1 (100%),25%,4,8,,14,,0,,,,,6
11095663,185,44513,NORMAL,REGULAR,Round 21,LEAGUE,5062,APS Atromitos Athinon,Local,ALL,08/03/2023,21,0,37%,0.00,0,3,,1,14,284,17,16,2,,0,0,2,1,3,0,0,,,,0,2,197,14,37,,21/58 (36%),2/5 (40%),56%,13,34/68 (50%),15/20 (75%),2/2 (100%),94%,17,12,,16,,,,,,,12
11095663,185,44513,NORMAL,REGULAR,Round 21,LEAGUE,5062,APS Atromitos Athinon,Local,1ST,08/03/2023,21,0,30%,0.00,0,0,,0,,120,8,9,1,,0,0,0,0,0,0,0,,,,0,0,81,6,18,,13/31 (42%),0/1 (0%),51%,8,17/37 (46%),5/6 (83%),0/0 (0%),88%,8,7,,10,,,,,,,7
11095663,185,44513,NORMAL,REGULAR,Round 21,LEAGUE,5062,APS Atromitos Athinon,Local,2ND,08/03/2023,21,0,46%,0.00,0,3,,1,,164,9,7,1,,0,0,2,1,3,0,0,,,,0,2,116,8,19,,8/27 (30%),2/4 (50%),60%,5,17/31 (55%),10/14 (71%),2/2 (100%),100%,9,5,,6,,,,,,,5
11095663,185,44513,NORMAL,REGULAR,Round 21,LEAGUE,3250,AEK Athens,Visita,ALL,08/03/2023,21,1,63%,0.00,1,14,,7,16,467,13,14,0,,1,2,9,4,8,6,1,,,,6,3,386,21,87,,57/89 (64%),8/23 (35%),44%,17,34/68 (50%),5/20 (25%),7/7 (100%),77%,13,3,,2,,,,,,,4
11095663,185,44513,NORMAL,REGULAR,Round 21,LEAGUE,3250,AEK Athens,Visita,1ST,08/03/2023,21,1,70%,0.00,1,12,,4,,276,8,7,0,,1,2,7,4,6,6,1,,,,4,2,244,11,55,,29/41 (71%),4/14 (29%),49%,8,20/37 (54%),1/6 (17%),5/5 (100%),88%,8,3,,2,,,,,,,1
11095663,185,44513,NORMAL,REGULAR,Round 21,LEAGUE,3250,AEK Athens,Visita,2ND,08/03/2023,21,0,54%,0.00,0,2,,3,,191,5,7,0,,0,0,2,0,2,0,0,,,,2,1,142,10,32,,28/48 (58%),4/9 (44%),40%,9,14/31 (45%),4/14 (29%),2/2 (100%),60%,5,0,,0,,,,,,,3
10522150,185,44513,NORMAL,REGULAR,Round 26,LEAGUE,5062,APS Atromitos Athinon,Local,ALL,12/03/2023,26,0,41%,0.00,0,5,4,5,13,389,11,12,,,1,0,2,2,4,1,0,0,,,0,0,318,13,32,,16/43 (37%),4/11 (36%),52%,2,27/54 (50%),6/10 (60%),4/9 (44%),82%,11,19,,12,,4,,,,,8
10522150,185,44513,NORMAL,REGULAR,Round 26,LEAGUE,5062,APS Atromitos Athinon,Local,1ST,12/03/2023,26,0,43%,0.00,0,4,2,5,,214,6,3,,,0,0,2,2,4,0,0,0,,,0,0,175,7,23,,8/26 (31%),4/10 (40%),45%,1,12/26 (46%),1/3 (33%),3/6 (50%),100%,6,11,,9,,2,,,,,5
10522150,185,44513,NORMAL,REGULAR,Round 26,LEAGUE,5062,APS Atromitos Athinon,Local,2ND,12/03/2023,26,0,39%,0.00,0,1,2,0,,175,5,9,,,1,0,0,0,0,1,0,0,,,0,0,143,6,9,,8/17 (47%),0/1 (0%),57%,1,15/28 (54%),5/7 (71%),1/3 (33%),60%,5,8,,3,,2,,,,,3
10522150,185,44513,NORMAL,REGULAR,Round 26,LEAGUE,3248,Panathinaikos FC,Visita,ALL,12/03/2023,26,2,59%,0.00,2,16,1,8,13,567,7,13,,,6,0,6,4,10,6,1,1,,,3,2,496,22,80,,35/56 (63%),2/13 (15%),48%,5,27/54 (50%),4/10 (40%),7/13 (54%),86%,7,7,,8,,1,,,,,3
10522150,185,44513,NORMAL,REGULAR,Round 26,LEAGUE,3248,Panathinaikos FC,Visita,1ST,12/03/2023,26,0,57%,0.00,1,6,0,2,,302,4,6,,,2,0,3,1,4,2,0,1,,,1,0,256,13,43,,15/30 (50%),1/3 (33%),55%,5,14/26 (54%),2/3 (67%),4/5 (80%),75%,4,4,,6,,0,,,,,3
10522150,185,44513,NORMAL,REGULAR,Round 26,LEAGUE,3248,Panathinaikos FC,Visita,2ND,12/03/2023,26,2,61%,0.00,1,10,1,6,,265,3,7,,,4,0,3,3,6,4,1,0,,,2,2,240,9,37,,20/26 (77%),1/10 (10%),43%,0,13/28 (46%),2/7 (29%),3/8 (38%),100%,3,3,,2,,1,,,,,0
11129945,185,44513,NORMAL,REGULAR,Round 1,LEAGUE,5062,APS Atromitos Athinon,Local,ALL,18/03/2023,1,2,50%,0.00,2,4,5,3,13,413,15,13,2,,3,0,1,0,3,1,2,0,,,1,0,298,11,55,,46/95 (48%),2/5 (40%),53%,5,32/63 (51%),12/20 (60%),6/11 (55%),53%,15,15,,12,,5,,,,,13
11129945,185,44513,NORMAL,REGULAR,Round 1,LEAGUE,5062,APS Atromitos Athinon,Local,1ST,18/03/2023,1,1,53%,0.00,1,3,3,1,,264,7,6,0,,2,0,1,0,2,1,1,0,,,1,0,215,6,41,,24/44 (55%),0/2 (0%),57%,0,18/32 (56%),3/5 (60%),5/9 (56%),57%,7,7,,5,,3,,,,,0
11129945,185,44513,NORMAL,REGULAR,Round 1,LEAGUE,5062,APS Atromitos Athinon,Local,2ND,18/03/2023,1,1,45%,0.00,1,1,2,2,,149,8,7,2,,1,0,0,0,1,0,1,0,,,0,0,83,5,14,,22/51 (43%),2/3 (67%),50%,5,14/31 (45%),9/15 (60%),1/2 (50%),50%,8,8,,7,,2,,,,,13
11129945,185,44513,NORMAL,REGULAR,Round 1,LEAGUE,3249,AO Ionikos Nikeas,Visita,ALL,18/03/2023,1,0,50%,0.00,1,19,1,8,13,401,10,13,3,,5,1,11,3,8,11,0,1,,,3,1,313,18,60,,32/52 (62%),2/25 (8%),47%,13,31/63 (49%),8/20 (40%),9/11 (82%),100%,10,14,,4,,1,,,,,3
11129945,185,44513,NORMAL,REGULAR,Round 1,LEAGUE,3249,AO Ionikos Nikeas,Visita,1ST,18/03/2023,1,0,47%,0.00,1,6,1,3,,227,4,6,1,,3,0,0,3,3,3,0,1,,,2,1,191,8,25,,13/23 (57%),1/12 (8%),43%,6,14/32 (44%),2/5 (40%),4/5 (80%),100%,4,9,,3,,1,,,,,3
11129945,185,44513,NORMAL,REGULAR,Round 1,LEAGUE,3249,AO Ionikos Nikeas,Visita,2ND,18/03/2023,1,0,55%,0.00,0,13,0,5,,174,6,7,2,,2,1,11,0,5,8,0,0,,,1,0,122,10,35,,19/29 (66%),1/13 (8%),50%,7,17/31 (55%),6/15 (40%),5/6 (83%),100%,6,5,,1,,0,,,,,0
11129926,185,44513,NORMAL,REGULAR,Round 2,LEAGUE,5063,APO Levadiakos,Local,ALL,01/04/2023,2,1,61%,0.00,1,21,1,13,9,352,12,10,2,,5,1,7,9,13,8,0,1,,,2,1,235,44,73,,28/70 (40%),9/40 (23%),49%,8,27/54 (50%),11/24 (46%),5/13 (38%),50%,12,7,,8,,1,,,,,8
11129926,185,44513,NORMAL,REGULAR,Round 2,LEAGUE,5063,APO Levadiakos,Local,1ST,01/04/2023,2,0,58%,0.00,0,8,0,10,,162,3,4,0,,1,0,2,5,4,4,0,0,,,1,1,105,26,44,,10/29 (34%),3/27 (11%),44%,1,9/22 (41%),7/14 (50%),2/8 (25%),33%,3,1,,5,,0,,,,,1
11129926,185,44513,NORMAL,REGULAR,Round 2,LEAGUE,5063,APO Levadiakos,Local,2ND,01/04/2023,2,1,64%,0.00,1,13,1,3,,190,9,6,2,,4,1,5,4,9,4,0,1,,,1,0,130,18,29,,18/41 (44%),6/13 (46%),52%,7,18/32 (56%),4/10 (40%),3/5 (60%),56%,9,6,,3,,1,,,,,7
11129926,185,44513,NORMAL,REGULAR,Round 2,LEAGUE,5062,APS Atromitos Athinon,Visita,ALL,01/04/2023,2,1,39%,0.00,2,6,4,2,10,245,16,9,2,,2,0,3,1,3,3,1,1,,,1,0,131,28,43,,21/75 (28%),1/10 (10%),51%,5,27/54 (50%),13/24 (54%),2/9 (22%),56%,16,15,,26,,4,,,,,15
11129926,185,44513,NORMAL,REGULAR,Round 2,LEAGUE,5062,APS Atromitos Athinon,Visita,1ST,01/04/2023,2,0,42%,0.00,0,1,1,2,,132,7,5,1,,0,0,1,0,1,0,0,0,,,0,0,69,13,15,,15/44 (34%),0/5 (0%),56%,1,13/22 (59%),7/14 (50%),1/3 (33%),71%,7,10,,17,,1,,,,,11
11129926,185,44513,NORMAL,REGULAR,Round 2,LEAGUE,5062,APS Atromitos Athinon,Visita,2ND,01/04/2023,2,1,36%,0.00,2,5,3,0,,113,9,4,1,,2,0,2,1,2,3,1,1,,,1,0,62,15,28,,6/31 (19%),1/5 (20%),48%,4,14/32 (44%),6/10 (60%),1/6 (17%),44%,9,5,,9,,3,,,,,4
11129925,185,44513,NORMAL,REGULAR,Round 3,LEAGUE,5062,APS Atromitos Athinon,Local,ALL,08/04/2023,3,1,71%,0.00,0,15,1,9,12,573,15,13,2,,7,0,6,2,9,6,0,,,,4,1,473,17,94,,57/83 (69%),9/25 (36%),56%,13,37/69 (54%),12/18 (67%),9/10 (90%),93%,15,12,,3,,1,,,,,1
11129925,185,44513,NORMAL,REGULAR,Round 3,LEAGUE,5062,APS Atromitos Athinon,Local,1ST,08/04/2023,3,1,67%,0.00,0,7,1,3,,290,8,6,1,,4,0,2,1,5,2,0,,,,0,1,246,9,40,,33/43 (77%),2/10 (20%),58%,7,19/32 (59%),3/6 (50%),5/5 (100%),100%,8,6,,1,,1,,,,,0
11129925,185,44513,NORMAL,REGULAR,Round 3,LEAGUE,5062,APS Atromitos Athinon,Local,2ND,08/04/2023,3,0,76%,0.00,0,8,0,6,,283,7,7,1,,3,0,4,1,4,4,0,,,,4,0,227,8,54,,24/40 (60%),7/15 (47%),55%,6,18/37 (49%),9/12 (75%),4/5 (80%),86%,7,6,,2,,0,,,,,1
11129925,185,44513,NORMAL,REGULAR,Round 3,LEAGUE,6349,PAS Giannina,Visita,ALL,08/04/2023,3,1,29%,0.00,1,4,7,3,13,232,14,12,4,,2,0,0,2,2,2,1,,,,1,3,149,21,43,,12/42 (29%),1/10 (10%),44%,12,32/69 (46%),6/18 (33%),6/9 (67%),50%,14,13,,22,,7,,,,,10
11129925,185,44513,NORMAL,REGULAR,Round 3,LEAGUE,6349,PAS Giannina,Visita,1ST,08/04/2023,3,1,33%,0.00,1,2,3,1,,142,7,2,1,,2,0,0,0,2,0,1,,,,0,2,99,13,18,,9/24 (38%),1/5 (20%),42%,7,13/32 (41%),3/6 (50%),4/5 (80%),43%,7,7,,6,,3,,,,,5
11129925,185,44513,NORMAL,REGULAR,Round 3,LEAGUE,6349,PAS Giannina,Visita,2ND,08/04/2023,3,0,24%,0.00,0,2,4,2,,90,7,10,3,,0,0,0,2,0,2,0,,,,1,1,50,8,25,,3/18 (17%),0/5 (0%),45%,5,19/37 (51%),3/12 (25%),2/4 (50%),57%,7,6,,16,,4,,,,,5
11129930,185,44513,NORMAL,REGULAR,Round 4,LEAGUE,120154,PAS Lamia 1964,Local,ALL,22/04/2023,4,1,44%,0.00,1,11,0,7,11,350,12,14,1,,5,0,5,1,9,2,1,,,,2,1,241,29,72,,27/67 (40%),3/26 (12%),55%,13,34/63 (54%),13/23 (57%),8/8 (100%),92%,12,12,,9,,0,,,,,2
11129930,185,44513,NORMAL,REGULAR,Round 4,LEAGUE,120154,PAS Lamia 1964,Local,1ST,22/04/2023,4,0,44%,0.00,0,5,0,1,,183,7,7,0,,0,0,4,1,4,1,0,,,,0,0,121,18,34,,12/33 (36%),3/14 (21%),55%,9,18/35 (51%),10/16 (63%),4/4 (100%),86%,7,9,,7,,0,,,,,0
11129930,185,44513,NORMAL,REGULAR,Round 4,LEAGUE,120154,PAS Lamia 1964,Local,2ND,22/04/2023,4,1,44%,0.00,1,6,0,6,,167,5,7,1,,5,0,1,0,5,1,1,,,,2,1,120,11,38,,15/34 (44%),0/12 (0%),54%,4,16/28 (57%),3/7 (43%),4/4 (100%),100%,5,3,,2,,0,,,,,2
11129930,185,44513,NORMAL,REGULAR,Round 4,LEAGUE,5062,APS Atromitos Athinon,Visita,ALL,22/04/2023,4,0,56%,0.00,0,4,4,2,14,466,13,11,2,,0,0,2,2,0,4,0,,,,2,2,358,28,80,,45/91 (49%),0/7 (0%),45%,12,29/63 (46%),10/23 (43%),6/6 (100%),100%,13,12,,15,,4,,,,,7
11129930,185,44513,NORMAL,REGULAR,Round 4,LEAGUE,5062,APS Atromitos Athinon,Visita,1ST,22/04/2023,4,0,56%,0.00,0,1,0,2,,247,9,7,2,,0,0,0,1,0,1,0,,,,2,1,187,14,42,,20/49 (41%),0/5 (0%),45%,7,17/35 (49%),6/16 (38%),2/2 (100%),100%,9,9,,6,,0,,,,,5
11129930,185,44513,NORMAL,REGULAR,Round 4,LEAGUE,5062,APS Atromitos Athinon,Visita,2ND,22/04/2023,4,0,56%,0.00,0,3,4,0,,219,4,4,0,,0,0,2,1,0,3,0,,,,0,1,171,14,38,,25/42 (60%),0/2 (0%),46%,5,12/28 (43%),4/7 (57%),4/4 (100%),100%,4,3,,9,,4,,,,,2
11129946,185,44513,NORMAL,REGULAR,Round 5,LEAGUE,5062,APS Atromitos Athinon,Local,ALL,29/04/2023,5,2,48%,0.00,1,9,3,3,14,429,10,12,2,,4,0,3,2,5,4,1,,0,,2,1,357,20,66,,36/61 (59%),2/11 (18%),45%,15,27/58 (47%),1/4 (25%),5/5 (100%),100%,10,13,,11,,3,,,,,7
11129946,185,44513,NORMAL,REGULAR,Round 5,LEAGUE,5062,APS Atromitos Athinon,Local,1ST,29/04/2023,5,2,46%,0.00,1,7,1,2,,178,4,8,1,,3,0,2,2,3,4,1,,0,,2,0,144,9,24,,16/28 (57%),0/3 (0%),45%,10,15/31 (48%),0/2 (0%),3/3 (100%),100%,4,7,,3,,1,,,,,3
11129946,185,44513,NORMAL,REGULAR,Round 5,LEAGUE,5062,APS Atromitos Athinon,Local,2ND,29/04/2023,5,0,50%,0.00,0,2,2,1,,251,6,4,1,,1,0,1,0,2,0,0,,0,,0,1,213,11,42,,20/33 (61%),2/8 (25%),45%,5,12/27 (44%),1/2 (50%),2/2 (100%),100%,6,6,,8,,2,,,,,4
11129946,185,44513,NORMAL,REGULAR,Round 5,LEAGUE,3241,OFI Crete,Visita,ALL,29/04/2023,5,3,52%,0.00,2,10,3,3,13,458,15,14,3,,6,0,3,1,7,3,2,,1,,0,2,387,16,68,,36/57 (63%),4/14 (29%),55%,8,31/58 (53%),3/4 (75%),2/4 (50%),80%,15,3,,8,,3,,,,,6
11129946,185,44513,NORMAL,REGULAR,Round 5,LEAGUE,3241,OFI Crete,Visita,1ST,29/04/2023,5,2,54%,0.00,1,6,2,1,,210,10,6,1,,3,0,2,1,5,1,1,,0,,0,0,175,11,28,,15/25 (60%),3/6 (50%),55%,4,16/31 (52%),2/2 (100%),0/0 (0%),70%,10,1,,2,,2,,,,,3
11129946,185,44513,NORMAL,REGULAR,Round 5,LEAGUE,3241,OFI Crete,Visita,2ND,29/04/2023,5,1,50%,0.00,1,4,1,2,,248,5,8,2,,3,0,1,0,2,2,1,,1,,0,2,212,5,40,,21/32 (66%),1/8 (13%),55%,4,15/27 (56%),1/2 (50%),2/4 (50%),100%,5,2,,6,,1,,,,,3
11129944,185,44513,NORMAL,REGULAR,Round 6,LEAGUE,5062,APS Atromitos Athinon,Local,ALL,06/05/2023,6,2,57%,0.00,4,16,4,4,11,548,14,6,,,4,0,8,4,8,8,2,2,,,1,1,465,11,79,,39/74 (53%),3/15 (20%),48%,15,24/52 (46%),5/9 (56%),5/5 (100%),93%,14,10,,9,,4,,,,,7
11129944,185,44513,NORMAL,REGULAR,Round 6,LEAGUE,5062,APS Atromitos Athinon,Local,1ST,06/05/2023,6,1,61%,0.00,2,6,3,2,,301,7,4,,,1,0,2,3,3,3,1,1,,,1,0,257,8,45,,18/34 (53%),0/9 (0%),44%,9,14/30 (47%),2/6 (33%),3/3 (100%),86%,7,6,,5,,3,,,,,2
11129944,185,44513,NORMAL,REGULAR,Round 6,LEAGUE,5062,APS Atromitos Athinon,Local,2ND,06/05/2023,6,1,53%,0.00,2,10,1,2,,247,7,2,,,3,0,6,1,5,5,1,1,,,0,1,208,3,34,,21/40 (53%),3/6 (50%),52%,6,10/22 (45%),3/3 (100%),2/2 (100%),100%,7,4,,4,,1,,,,,5
11129944,185,44513,NORMAL,REGULAR,Round 6,LEAGUE,7004,GFS Panetolikos,Visita,ALL,06/05/2023,6,0,43%,0.00,0,15,2,1,6,411,15,10,,,4,1,7,4,8,7,0,0,,,2,1,329,7,53,,36/63 (57%),6/13 (46%),52%,10,28/52 (54%),4/9 (44%),3/7 (43%),100%,15,18,,11,,2,,,,,11
11129944,185,44513,NORMAL,REGULAR,Round 6,LEAGUE,7004,GFS Panetolikos,Visita,1ST,06/05/2023,6,0,39%,0.00,0,7,0,0,,194,9,7,,,3,0,2,2,3,4,0,0,,,1,1,150,3,28,,15/33 (45%),2/4 (50%),56%,5,16/30 (53%),4/6 (67%),0/2 (0%),100%,9,13,,6,,0,,,,,4
11129944,185,44513,NORMAL,REGULAR,Round 6,LEAGUE,7004,GFS Panetolikos,Visita,2ND,06/05/2023,6,0,47%,0.00,0,8,2,1,,217,6,3,,,1,1,5,2,5,3,0,0,,,1,0,179,4,25,,21/30 (70%),4/9 (44%),48%,5,12/22 (55%),0/3 (0%),3/5 (60%),100%,6,5,,5,,2,,,,,7
11129953,185,44513,NORMAL,REGULAR,Round 7,LEAGUE,6342,Asteras Aktor,Local,ALL,13/05/2023,7,1,56%,0.00,2,6,3,5,8,476,5,14,3,,2,0,2,2,3,3,1,1,1,,2,1,418,22,40,,32/46 (70%),3/18 (17%),55%,2,26/46 (57%),5/10 (50%),7/13 (54%),80%,5,10,,10,,3,,,,,7
11129953,185,44513,NORMAL,REGULAR,Round 7,LEAGUE,6342,Asteras Aktor,Local,1ST,13/05/2023,7,1,57%,0.00,1,2,0,2,,247,3,8,1,,1,0,0,1,1,1,1,0,0,,1,1,214,14,26,,16/22 (73%),2/9 (22%),58%,1,16/27 (59%),2/4 (50%),5/8 (63%),67%,3,6,,5,,0,,,,,4
11129953,185,44513,NORMAL,REGULAR,Round 7,LEAGUE,6342,Asteras Aktor,Local,2ND,13/05/2023,7,0,55%,0.00,1,4,3,3,,229,2,6,2,,1,0,2,1,2,2,0,1,1,,1,0,204,8,14,,16/24 (67%),1/9 (11%),52%,1,10/19 (53%),3/6 (50%),2/5 (40%),100%,2,4,,5,,3,,,,,3
11129953,185,44513,NORMAL,REGULAR,Round 7,LEAGUE,5062,APS Atromitos Athinon,Visita,ALL,13/05/2023,7,1,44%,0.00,3,13,1,5,14,380,8,8,2,,4,1,7,2,6,7,0,3,0,,2,1,326,11,43,,30/48 (63%),2/10 (20%),45%,5,20/46 (43%),5/10 (50%),4/4 (100%),100%,8,11,,16,,1,,,,,3
11129953,185,44513,NORMAL,REGULAR,Round 7,LEAGUE,5062,APS Atromitos Athinon,Visita,1ST,13/05/2023,7,0,43%,0.00,1,6,0,3,,188,4,5,1,,0,1,5,1,3,3,0,1,0,,0,0,155,8,23,,18/27 (67%),2/6 (33%),42%,3,11/27 (41%),2/4 (50%),2/2 (100%),100%,4,5,,7,,0,,,,,1
11129953,185,44513,NORMAL,REGULAR,Round 7,LEAGUE,5062,APS Atromitos Athinon,Visita,2ND,13/05/2023,7,1,45%,0.00,2,7,1,2,,192,4,3,1,,4,0,2,1,3,4,0,2,0,,2,1,171,3,20,,12/21 (57%),0/4 (0%),48%,2,9/19 (47%),3/6 (50%),2/2 (100%),100%,4,6,,9,,1,,,,,2
11451285,185,53223,NORMAL,REGULAR,Round 2,LEAGUE,3245,Olympiacos FC,Local,ALL,27/08/2023,2,4,67%,0.00,3,27,1,5,9,577,15,10,1,0,9,1,9,9,19,8,3,,,,4,2,511,18,81,,51/64 (80%),5/28 (18%),58%,5,38/66 (58%),7/12 (58%),13/24 (54%),60%,15,9,67,11,,1,,,,,2
11451285,185,53223,NORMAL,REGULAR,Round 2,LEAGUE,3245,Olympiacos FC,Local,1ST,27/08/2023,2,2,67%,0.00,1,16,1,3,,281,8,5,0,0,4,0,4,8,10,6,1,,,,2,2,247,12,43,,29/36 (81%),3/19 (16%),61%,4,19/33 (58%),6/8 (75%),6/11 (55%),63%,8,2,35,7,,1,,,,,1
11451285,185,53223,NORMAL,REGULAR,Round 2,LEAGUE,3245,Olympiacos FC,Local,2ND,27/08/2023,2,2,67%,0.00,2,11,0,2,,296,7,5,1,0,5,1,5,1,9,2,2,,,,2,0,264,6,38,,22/28 (79%),2/9 (22%),54%,1,19/33 (58%),1/4 (25%),7/13 (54%),57%,7,7,32,4,,0,,,,,1
11451285,185,53223,NORMAL,REGULAR,Round 2,LEAGUE,5062,APS Atromitos Athinon,Visita,ALL,27/08/2023,2,0,33%,0.00,0,3,5,2,11,288,16,9,5,1,1,0,0,2,1,2,0,,,,1,0,212,13,28,,17/44 (39%),1/8 (13%),42%,7,28/66 (42%),5/12 (42%),3/11 (27%),81%,16,14,56,23,,5,,,,,8
11451285,185,53223,NORMAL,REGULAR,Round 2,LEAGUE,5062,APS Atromitos Athinon,Visita,1ST,27/08/2023,2,0,33%,0.00,0,2,2,0,,145,9,4,0,0,1,0,0,1,1,1,0,,,,1,0,110,7,14,,11/26 (42%),1/4 (25%),39%,3,14/33 (42%),2/8 (25%),1/6 (17%),89%,9,7,28,16,,2,,,,,4
11451285,185,53223,NORMAL,REGULAR,Round 2,LEAGUE,5062,APS Atromitos Athinon,Visita,2ND,27/08/2023,2,0,33%,0.00,0,1,3,2,,143,7,5,5,1,0,0,0,1,0,1,0,,,,0,0,102,6,14,,6/18 (33%),0/4 (0%),46%,4,14/33 (42%),3/4 (75%),2/5 (40%),71%,7,7,28,7,,3,,,,,4
11451374,185,53223,NORMAL,REGULAR,Round 3,LEAGUE,120224,AE Kifisia,Local,ALL,01/09/2023,3,2,33%,0.00,0,12,7,5,14,250,10,11,3,0,5,1,3,4,6,6,0,0,,,3,0,168,20,46,,15/50 (30%),2/8 (25%),44%,7,28/64 (44%),16/36 (44%),7/16 (44%),60%,10,10,70,20,,7,,,,,8
11451374,185,53223,NORMAL,REGULAR,Round 3,LEAGUE,120224,AE Kifisia,Local,1ST,01/09/2023,3,1,31%,0.00,0,3,2,3,,119,3,7,1,0,1,0,0,2,1,2,0,0,,,2,0,86,8,27,,7/18 (39%),0/6 (0%),38%,4,13/33 (39%),5/14 (36%),3/7 (43%),100%,3,4,33,8,,2,,,,,4
11451374,185,53223,NORMAL,REGULAR,Round 3,LEAGUE,120224,AE Kifisia,Local,2ND,01/09/2023,3,1,35%,0.00,0,9,5,2,,131,7,4,2,0,4,1,3,2,5,4,0,0,,,1,0,82,12,19,,8/32 (25%),2/2 (100%),49%,3,15/31 (48%),11/22 (50%),4/9 (44%),43%,7,6,37,12,,5,,,,,4
11451374,185,53223,NORMAL,REGULAR,Round 3,LEAGUE,5062,APS Atromitos Athinon,Visita,ALL,01/09/2023,3,1,67%,0.00,2,13,3,5,12,512,16,13,1,1,8,0,4,1,10,3,1,1,,,3,1,417,22,84,,32/73 (44%),5/21 (24%),56%,6,36/64 (56%),20/36 (56%),7/11 (64%),50%,16,16,63,7,,3,,,,,4
11451374,185,53223,NORMAL,REGULAR,Round 3,LEAGUE,5062,APS Atromitos Athinon,Visita,1ST,01/09/2023,3,0,69%,0.00,0,5,0,3,,266,8,7,1,1,2,0,2,1,5,0,0,0,,,1,0,227,10,31,,18/34 (53%),2/11 (18%),62%,2,20/33 (61%),9/14 (64%),5/6 (83%),50%,8,8,30,5,,0,,,,,2
11451374,185,53223,NORMAL,REGULAR,Round 3,LEAGUE,5062,APS Atromitos Athinon,Visita,2ND,01/09/2023,3,1,65%,0.00,2,8,3,2,,246,8,6,0,0,6,0,2,0,5,3,1,1,,,2,1,190,12,53,,14/39 (36%),3/10 (30%),51%,4,16/31 (52%),11/22 (50%),2/5 (40%),50%,8,8,33,2,,3,,,,,2
11451367,185,53223,NORMAL,REGULAR,Round 4,LEAGUE,5062,APS Atromitos Athinon,Local,ALL,18/09/2023,4,1,60%,0.00,4,12,1,4,16,488,13,20,3,,2,0,8,2,9,3,1,3,,,2,1,413,19,60,,33/55 (60%),5/18 (28%),53%,7,44/83 (53%),15/28 (54%),11/19 (58%),77%,13,5,53,11,,1,,,,,12
11451367,185,53223,NORMAL,REGULAR,Round 4,LEAGUE,5062,APS Atromitos Athinon,Local,1ST,18/09/2023,4,1,64%,0.00,1,7,0,3,,230,5,12,1,,2,0,3,2,4,3,1,0,,,2,1,200,8,24,,21/33 (64%),2/11 (18%),57%,1,22/38 (58%),6/11 (55%),5/8 (63%),100%,5,3,23,7,,0,,,,,5
11451367,185,53223,NORMAL,REGULAR,Round 4,LEAGUE,5062,APS Atromitos Athinon,Local,2ND,18/09/2023,4,0,57%,0.00,3,5,1,1,,258,8,8,2,,0,0,5,0,5,0,0,3,,,0,0,213,11,36,,12/22 (55%),3/7 (43%),50%,6,22/45 (49%),9/17 (53%),6/11 (55%),63%,8,2,30,4,,1,,,,,7
11451367,185,53223,NORMAL,REGULAR,Round 4,LEAGUE,267459,NPS Volos,Visita,ALL,18/09/2023,4,1,40%,0.00,0,10,1,1,20,323,15,15,2,,1,0,8,1,1,9,0,0,,,3,3,264,9,45,,19/44 (43%),2/14 (14%),47%,10,39/83 (47%),13/28 (46%),10/13 (77%),47%,15,15,59,19,,1,,,,,9
11451367,185,53223,NORMAL,REGULAR,Round 4,LEAGUE,267459,NPS Volos,Visita,1ST,18/09/2023,4,0,36%,0.00,0,2,1,1,,127,4,8,1,,0,0,1,1,0,2,0,0,,,1,2,99,6,20,,10/21 (48%),1/9 (11%),43%,5,16/38 (42%),5/11 (45%),4/4 (100%),50%,4,6,21,8,,1,,,,,5
11451367,185,53223,NORMAL,REGULAR,Round 4,LEAGUE,267459,NPS Volos,Visita,2ND,18/09/2023,4,1,43%,0.00,0,8,0,0,,196,11,7,1,,1,0,7,0,1,7,0,0,,,2,1,165,3,25,,9/23 (39%),1/5 (20%),50%,5,23/45 (51%),8/17 (47%),6/9 (67%),45%,11,9,38,11,,0,,,,,4
11451357,185,53223,NORMAL,REGULAR,Round 5,LEAGUE,3241,OFI Crete,Local,ALL,23/09/2023,5,1,49%,0.00,2,19,2,8,14,379,13,19,3,,5,2,10,4,11,8,1,1,0,,3,0,300,12,64,,26/58 (45%),8/22 (36%),54%,13,37/67 (55%),15/29 (52%),5/7 (71%),69%,13,10,48,14,,2,,,,,6
11451357,185,53223,NORMAL,REGULAR,Round 5,LEAGUE,3241,OFI Crete,Local,1ST,23/09/2023,5,1,45%,0.00,1,12,0,4,,181,7,11,1,,4,0,4,4,6,6,1,0,0,,1,0,144,4,29,,13/27 (48%),4/11 (36%),60%,5,19/32 (59%),8/13 (62%),1/2 (50%),57%,7,6,21,7,,0,,,,,5
11451357,185,53223,NORMAL,REGULAR,Round 5,LEAGUE,3241,OFI Crete,Local,2ND,23/09/2023,5,0,53%,0.00,1,7,2,4,,198,6,8,2,,1,2,6,0,5,2,0,1,0,,2,0,156,8,35,,13/31 (42%),4/11 (36%),49%,8,18/35 (51%),7/16 (44%),4/5 (80%),83%,6,4,27,7,,2,,,,,1
11451357,185,53223,NORMAL,REGULAR,Round 5,LEAGUE,5062,APS Atromitos Athinon,Visita,ALL,23/09/2023,5,1,51%,0.00,1,13,4,4,19,399,15,12,4,,4,1,5,4,7,6,0,1,1,,2,3,329,9,39,,32/53 (60%),4/19 (21%),46%,4,30/67 (45%),14/29 (48%),3/12 (25%),60%,15,13,54,14,,4,,,,,16
11451357,185,53223,NORMAL,REGULAR,Round 5,LEAGUE,5062,APS Atromitos Athinon,Visita,1ST,23/09/2023,5,0,55%,0.00,1,8,3,4,,221,6,6,1,,1,0,3,4,5,3,0,1,0,,1,1,183,6,18,,20/27 (74%),2/9 (22%),40%,3,13/32 (41%),5/13 (38%),1/5 (20%),67%,6,7,26,9,,3,,,,,5
11451357,185,53223,NORMAL,REGULAR,Round 5,LEAGUE,5062,APS Atromitos Athinon,Visita,2ND,23/09/2023,5,1,47%,0.00,0,5,1,0,,178,9,6,3,,3,1,2,0,2,3,0,0,1,,1,2,146,3,21,,12/26 (46%),2/10 (20%),51%,1,17/35 (49%),9/16 (56%),2/7 (29%),56%,9,6,28,5,,1,,,,,11
11451356,185,53223,NORMAL,REGULAR,Round 6,LEAGUE,3250,AEK Athens,Local,ALL,28/09/2023,6,2,62%,0.00,4,21,2,6,11,551,15,14,2,1,7,1,9,5,16,5,2,2,,,5,2,485,19,80,,32/52 (62%),6/23 (26%),50%,7,35/71 (49%),9/17 (53%),6/14 (43%),73%,15,6,69,6,,2,,,,,1
11451356,185,53223,NORMAL,REGULAR,Round 6,LEAGUE,3250,AEK Athens,Local,1ST,28/09/2023,6,1,69%,0.00,3,15,0,5,,291,9,6,0,0,5,1,8,2,12,3,1,2,,,3,2,257,12,38,,21/33 (64%),5/16 (31%),59%,2,16/29 (55%),8/12 (67%),1/3 (33%),67%,9,3,39,2,,0,,,,,0
11451356,185,53223,NORMAL,REGULAR,Round 6,LEAGUE,3250,AEK Athens,Local,2ND,28/09/2023,6,1,56%,0.00,1,6,2,1,,260,6,8,2,1,2,0,1,3,4,2,1,0,,,2,0,228,7,42,,11/19 (58%),1/7 (14%),43%,5,19/42 (45%),1/5 (20%),5/11 (45%),83%,6,3,30,4,,2,,,,,1
11451356,185,53223,NORMAL,REGULAR,Round 6,LEAGUE,5062,APS Atromitos Athinon,Visita,ALL,28/09/2023,6,1,38%,0.00,2,6,5,1,14,336,15,11,4,0,4,0,1,1,3,3,1,1,,,1,2,261,11,33,,24/58 (41%),1/6 (17%),50%,8,36/71 (51%),8/17 (47%),10/17 (59%),67%,15,6,53,19,,5,,,,,15
11451356,185,53223,NORMAL,REGULAR,Round 6,LEAGUE,5062,APS Atromitos Athinon,Visita,1ST,28/09/2023,6,0,31%,0.00,0,0,4,0,,128,4,3,3,0,0,0,0,0,0,0,0,0,,,0,1,89,7,16,,13/31 (42%),0/4 (0%),41%,6,13/29 (45%),4/12 (33%),6/9 (67%),100%,4,2,29,9,,4,,,,,9
11451356,185,53223,NORMAL,REGULAR,Round 6,LEAGUE,5062,APS Atromitos Athinon,Visita,2ND,28/09/2023,6,1,44%,0.00,2,6,1,1,,208,11,8,1,0,4,0,1,1,3,3,1,1,,,1,1,172,4,17,,11/27 (41%),1/2 (50%),57%,2,23/42 (55%),4/5 (80%),4/8 (50%),55%,11,4,24,10,,1,,,,,6
11451345,185,53223,NORMAL,REGULAR,Round 7,LEAGUE,5062,APS Atromitos Athinon,Local,ALL,02/10/2023,7,0,46%,0.00,0,8,4,4,8,404,4,20,1,1,1,0,4,3,3,5,,0,0,,2,2,329,18,57,,22/51 (43%),3/9 (33%),60%,5,28/53 (53%),17/22 (77%),6/13 (46%),50%,4,5,53,20,,4,,,,,6
11451345,185,53223,NORMAL,REGULAR,Round 7,LEAGUE,5062,APS Atromitos Athinon,Local,1ST,02/10/2023,7,0,58%,0.00,0,3,2,2,,249,0,9,1,0,0,0,3,0,1,2,,0,0,,2,1,209,9,28,,11/23 (48%),2/5 (40%),55%,4,11/26 (42%),7/7 (100%),2/4 (50%),0%,0,4,27,7,,2,,,,,1
11451345,185,53223,NORMAL,REGULAR,Round 7,LEAGUE,5062,APS Atromitos Athinon,Local,2ND,02/10/2023,7,0,35%,0.00,0,5,2,2,,155,4,11,0,1,1,0,1,3,2,3,,0,0,,0,1,120,9,29,,11/28 (39%),1/4 (25%),64%,1,17/27 (63%),10/15 (67%),4/9 (44%),50%,4,1,26,13,,2,,,,,5
11451345,185,53223,NORMAL,REGULAR,Round 7,LEAGUE,6342,Asteras Aktor,Visita,ALL,02/10/2023,7,0,54%,0.00,2,11,1,5,22,462,12,8,5,0,4,0,4,3,7,4,,2,1,,1,4,394,13,53,,15/42 (36%),5/27 (19%),40%,3,25/53 (47%),5/22 (23%),6/7 (86%),58%,12,8,59,13,,1,,,,,6
11451345,185,53223,NORMAL,REGULAR,Round 7,LEAGUE,6342,Asteras Aktor,Visita,1ST,02/10/2023,7,0,42%,0.00,0,3,0,3,,181,6,5,2,0,2,0,0,1,2,1,,0,1,,1,4,145,12,20,,6/21 (29%),0/8 (0%),45%,0,15/26 (58%),0/7 (0%),4/4 (100%),67%,6,4,26,8,,0,,,,,4
11451345,185,53223,NORMAL,REGULAR,Round 7,LEAGUE,6342,Asteras Aktor,Visita,2ND,02/10/2023,7,0,65%,0.00,2,8,1,2,,281,6,3,3,0,2,0,4,2,5,3,,2,0,,0,0,249,1,33,,9/21 (43%),5/19 (26%),36%,3,10/27 (37%),5/15 (33%),2/3 (67%),50%,6,4,33,5,,1,,,,,2
11687385,185,53223,NORMAL,REGULAR,Round 1,LEAGUE,3248,Panathinaikos FC,Local,ALL,08/10/2023,1,5,67%,0.00,2,16,1,2,14,664,16,9,0,1,9,0,2,5,13,3,2,,,,5,,594,19,92,,35/44 (80%),5/16 (31%),46%,8,36/81 (44%),6/11 (55%),11/24 (46%),63%,16,8,65,1,,1,,,,,5
11687385,185,53223,NORMAL,REGULAR,Round 1,LEAGUE,3248,Panathinaikos FC,Local,1ST,08/10/2023,1,3,58%,0.00,1,5,1,2,,261,7,3,0,0,4,0,1,0,5,0,1,,,,1,,227,12,23,,18/24 (75%),3/7 (43%),43%,2,15/39 (38%),5/7 (71%),5/14 (36%),71%,7,5,36,1,,1,,,,,3
11687385,185,53223,NORMAL,REGULAR,Round 1,LEAGUE,3248,Panathinaikos FC,Local,2ND,08/10/2023,1,2,75%,0.00,1,11,0,0,,403,9,6,0,1,5,0,1,5,8,3,1,,,,4,,367,7,69,,17/20 (85%),2/9 (22%),48%,6,21/42 (50%),1/4 (25%),6/10 (60%),56%,9,3,29,0,,0,,,,,2
11687385,185,53223,NORMAL,REGULAR,Round 1,LEAGUE,5062,APS Atromitos Athinon,Visita,ALL,08/10/2023,1,0,33%,0.00,0,5,3,1,9,321,21,13,1,1,1,0,3,1,2,3,0,,,,1,,251,11,40,,31/55 (56%),0/5 (0%),54%,12,45/81 (56%),5/11 (45%),11/15 (73%),67%,21,15,54,16,,3,,,,,5
11687385,185,53223,NORMAL,REGULAR,Round 1,LEAGUE,5062,APS Atromitos Athinon,Visita,1ST,08/10/2023,1,0,42%,0.00,0,3,1,1,,188,11,7,1,1,1,0,2,0,1,2,0,,,,1,,150,8,30,,17/30 (57%),0/5 (0%),57%,5,24/39 (62%),2/7 (29%),6/8 (75%),82%,11,7,25,5,,1,,,,,4
11687385,185,53223,NORMAL,REGULAR,Round 1,LEAGUE,5062,APS Atromitos Athinon,Visita,2ND,08/10/2023,1,0,25%,0.00,0,2,2,0,,133,10,6,0,0,0,0,1,1,1,1,0,,,,0,,101,3,10,,14/25 (56%),0/0 (0%),52%,7,21/42 (50%),3/4 (75%),5/7 (71%),50%,10,8,29,11,,2,,,,,1
11451334,185,53223,NORMAL,REGULAR,Round 8,LEAGUE,3251,PAOK,Local,ALL,22/10/2023,8,2,59%,0.00,1,20,3,8,15,525,16,12,3,,7,0,8,5,16,4,,1,,,2,5,458,22,57,,48/63 (76%),8/20 (40%),52%,6,37/72 (51%),9/16 (56%),9/16 (56%),50%,16,5,51,9,,3,,,,,3
11451334,185,53223,NORMAL,REGULAR,Round 8,LEAGUE,3251,PAOK,Local,1ST,22/10/2023,8,1,70%,0.00,0,13,1,7,,304,6,6,0,,4,0,6,3,10,3,,0,,,2,2,260,15,34,,28/38 (74%),6/13 (46%),49%,3,15/31 (48%),6/12 (50%),3/6 (50%),50%,6,4,26,1,,1,,,,,2
11451334,185,53223,NORMAL,REGULAR,Round 8,LEAGUE,3251,PAOK,Local,2ND,22/10/2023,8,1,49%,0.00,1,7,2,1,,221,10,6,3,,3,0,2,2,6,1,,1,,,0,3,198,7,23,,20/25 (80%),2/7 (29%),56%,3,22/41 (54%),3/4 (75%),6/10 (60%),50%,10,1,25,8,,2,,,,,1
11451334,185,53223,NORMAL,REGULAR,Round 8,LEAGUE,5062,APS Atromitos Athinon,Visita,ALL,22/10/2023,8,0,41%,0.00,2,7,3,1,13,358,13,14,3,,3,0,4,0,5,2,,2,,,2,2,284,12,44,,31/61 (51%),4/15 (27%),48%,10,35/72 (49%),7/16 (44%),8/14 (57%),69%,13,13,52,11,,3,,,,,6
11451334,185,53223,NORMAL,REGULAR,Round 8,LEAGUE,5062,APS Atromitos Athinon,Visita,1ST,22/10/2023,8,0,30%,0.00,1,3,2,0,,132,6,7,1,,1,0,2,0,2,1,,1,,,1,1,92,6,21,,17/37 (46%),3/4 (75%),51%,4,16/31 (52%),6/12 (50%),3/5 (60%),50%,6,9,31,8,,2,,,,,3
11451334,185,53223,NORMAL,REGULAR,Round 8,LEAGUE,5062,APS Atromitos Athinon,Visita,2ND,22/10/2023,8,0,51%,0.00,1,4,1,1,,226,7,7,2,,2,0,2,0,3,1,,1,,,1,1,192,6,23,,14/24 (58%),1/11 (9%),44%,6,19/41 (46%),1/4 (25%),5/9 (56%),86%,7,4,21,3,,1,,,,,3
11451328,185,53223,NORMAL,REGULAR,Round 9,LEAGUE,5062,APS Atromitos Athinon,Local,ALL,28/10/2023,9,3,64%,0.00,5,12,1,1,22,548,12,16,2,0,5,1,5,2,10,2,2,3,1,,2,3,455,17,63,,34/64 (53%),4/12 (33%),53%,7,38/79 (48%),17/24 (71%),10/18 (56%),58%,12,14,63,13,,1,,,,,6
11451328,185,53223,NORMAL,REGULAR,Round 9,LEAGUE,5062,APS Atromitos Athinon,Local,1ST,28/10/2023,9,0,62%,0.00,1,5,0,1,,259,4,10,1,0,1,0,3,1,4,1,0,1,1,,2,2,214,7,22,,11/25 (44%),1/4 (25%),56%,2,18/36 (50%),10/14 (71%),4/6 (67%),50%,4,7,27,7,,0,,,,,4
11451328,185,53223,NORMAL,REGULAR,Round 9,LEAGUE,5062,APS Atromitos Athinon,Local,2ND,28/10/2023,9,3,67%,0.00,4,7,1,0,,289,8,6,1,0,4,1,2,1,6,1,2,2,0,,0,1,241,10,41,,23/39 (59%),3/8 (38%),51%,5,20/43 (47%),7/10 (70%),6/12 (50%),63%,8,7,36,6,,1,,,,,2
11451328,185,53223,NORMAL,REGULAR,Round 9,LEAGUE,7004,GFS Panetolikos,Visita,ALL,28/10/2023,9,2,36%,0.00,2,7,2,2,16,298,15,19,2,1,4,0,3,0,5,2,1,1,1,,2,0,200,27,62,,32/78 (41%),1/13 (8%),47%,5,41/79 (52%),7/24 (29%),7/14 (50%),80%,15,12,58,15,,2,,,,,7
11451328,185,53223,NORMAL,REGULAR,Round 9,LEAGUE,7004,GFS Panetolikos,Visita,1ST,28/10/2023,9,1,38%,0.00,2,5,1,2,,156,4,11,0,0,2,0,3,0,4,1,1,1,1,,2,0,114,18,28,,18/35 (51%),0/8 (0%),44%,2,18/36 (50%),4/14 (29%),3/5 (60%),75%,4,8,25,4,,1,,,,,3
11451328,185,53223,NORMAL,REGULAR,Round 9,LEAGUE,7004,GFS Panetolikos,Visita,2ND,28/10/2023,9,1,33%,0.00,0,2,1,0,,142,11,8,2,1,2,0,0,0,1,1,0,0,0,,0,0,86,9,34,,14/43 (33%),1/5 (20%),49%,3,23/43 (53%),3/10 (30%),4/9 (44%),82%,11,4,33,11,,1,,,,,4
11451326,185,53223,NORMAL,REGULAR,Round 10,LEAGUE,3252,Aris Thessaloniki,Local,ALL,05/11/2023,10,1,58%,0.00,4,23,2,9,15,424,8,17,3,,5,1,9,9,11,12,1,3,0,,7,3,333,23,65,,31/58 (53%),5/29 (17%),40%,13,32/75 (43%),8/26 (31%),7/10 (70%),63%,8,11,60,7,,2,,,,,5
11451326,185,53223,NORMAL,REGULAR,Round 10,LEAGUE,3252,Aris Thessaloniki,Local,1ST,05/11/2023,10,1,55%,0.00,3,11,0,5,,210,3,11,0,,4,0,6,1,7,4,1,2,0,,4,2,171,5,25,,16/30 (53%),3/12 (25%),47%,4,18/35 (51%),3/10 (30%),4/7 (57%),67%,3,7,32,2,,0,,,,,3
11451326,185,53223,NORMAL,REGULAR,Round 10,LEAGUE,3252,Aris Thessaloniki,Local,2ND,05/11/2023,10,0,62%,0.00,1,12,2,4,,214,5,6,3,,1,1,3,8,4,8,0,1,0,,3,1,162,18,40,,15/28 (54%),2/17 (12%),34%,9,14/40 (35%),5/16 (31%),3/3 (100%),60%,5,4,28,5,,2,,,,,2
11451326,185,53223,NORMAL,REGULAR,Round 10,LEAGUE,5062,APS Atromitos Athinon,Visita,ALL,05/11/2023,10,3,42%,0.00,2,7,4,2,18,313,16,15,4,,5,0,2,0,6,1,1,1,1,,3,1,224,23,45,,19/62 (31%),3/12 (25%),60%,3,43/75 (57%),18/26 (69%),12/17 (71%),75%,16,9,55,28,,4,,,,,10
11451326,185,53223,NORMAL,REGULAR,Round 10,LEAGUE,5062,APS Atromitos Athinon,Visita,1ST,05/11/2023,10,1,45%,0.00,1,2,3,0,,180,7,6,2,,1,0,1,0,2,0,0,1,1,,0,0,136,8,24,,12/30 (40%),0/2 (0%),53%,1,17/35 (49%),7/10 (70%),4/6 (67%),100%,7,3,25,11,,3,,,,,7
11451326,185,53223,NORMAL,REGULAR,Round 10,LEAGUE,5062,APS Atromitos Athinon,Visita,2ND,05/11/2023,10,2,38%,0.00,1,5,1,2,,133,9,9,2,,4,0,1,0,4,1,1,0,0,,3,1,88,15,21,,7/32 (22%),3/10 (30%),66%,2,26/40 (65%),11/16 (69%),8/11 (73%),56%,9,6,30,17,,1,,,,,3
11451317,185,53223,NORMAL,REGULAR,Round 11,LEAGUE,5062,APS Atromitos Athinon,Local,ALL,11/11/2023,11,1,69%,0.00,1,10,1,5,21,493,6,19,4,,3,0,2,5,4,6,1,0,0,,4,2,383,30,85,,47/80 (59%),7/25 (28%),47%,6,30/66 (45%),16/32 (50%),5/9 (56%),50%,6,9,55,9,,1,,,,,5
11451317,185,53223,NORMAL,REGULAR,Round 11,LEAGUE,5062,APS Atromitos Athinon,Local,1ST,11/11/2023,11,0,68%,0.00,0,7,0,4,,236,1,6,0,,2,0,1,4,2,5,0,0,0,,3,0,189,17,38,,23/37 (62%),3/16 (19%),33%,5,9/33 (27%),7/16 (44%),2/6 (33%),100%,1,5,29,2,,0,,,,,1
11451317,185,53223,NORMAL,REGULAR,Round 11,LEAGUE,5062,APS Atromitos Athinon,Local,2ND,11/11/2023,11,1,69%,0.00,1,3,1,1,,257,5,13,4,,1,0,1,1,2,1,1,0,0,,1,2,194,13,47,,24/43 (56%),4/9 (44%),61%,1,21/33 (64%),9/16 (56%),3/3 (100%),40%,5,4,26,7,,1,,,,,4
11451317,185,53223,NORMAL,REGULAR,Round 11,LEAGUE,6347,MGS Panserraikos,Visita,ALL,11/11/2023,11,1,31%,0.00,2,7,2,1,21,230,10,21,4,,2,0,4,1,5,2,1,1,1,,3,1,136,19,39,,16/64 (25%),3/10 (30%),53%,3,36/66 (55%),16/32 (50%),5/8 (63%),70%,10,15,55,29,,2,,,,,5
11451317,185,53223,NORMAL,REGULAR,Round 11,LEAGUE,6347,MGS Panserraikos,Visita,1ST,11/11/2023,11,1,32%,0.00,1,2,2,0,,115,9,12,0,,1,0,1,0,2,0,1,0,0,,0,0,72,10,15,,10/29 (34%),0/3 (0%),67%,0,24/33 (73%),9/16 (56%),3/4 (75%),78%,9,5,25,20,,2,,,,,2
11451317,185,53223,NORMAL,REGULAR,Round 11,LEAGUE,6347,MGS Panserraikos,Visita,2ND,11/11/2023,11,0,31%,0.00,1,5,0,1,,115,1,9,4,,1,0,3,1,3,2,0,1,1,,3,1,64,9,24,,6/35 (17%),3/7 (43%),39%,3,12/33 (36%),7/16 (44%),2/4 (50%),0%,1,10,30,9,,0,,,,,3
11835625,375,54800,NORMAL,REGULAR,Round 5,CUP,120212,AO Giouchtas Archanon,Local,ALL,22/11/2023,5,0,,,,,,2,,,,,2,0,,,,,,,,,,,,,,,,,,,,,,,,,,,,,,,,,,,
11835625,375,54800,NORMAL,REGULAR,Round 5,CUP,120212,AO Giouchtas Archanon,Local,1ST,22/11/2023,5,,,,,,,,,,,,,,,,,,,,,,,,,,,,,,,,,,,,,,,,,,,,,,,,
11835625,375,54800,NORMAL,REGULAR,Round 5,CUP,120212,AO Giouchtas Archanon,Local,2ND,22/11/2023,5,,,,,,,,,,,,,,,,,,,,,,,,,,,,,,,,,,,,,,,,,,,,,,,,
11835625,375,54800,NORMAL,REGULAR,Round 5,CUP,5062,APS Atromitos Athinon,Visita,ALL,22/11/2023,5,1,,,,,,7,,,,,2,0,,,,,,,,,,,,,,,,,,,,,,,,,,,,,,,,,,,
11835625,375,54800,NORMAL,REGULAR,Round 5,CUP,5062,APS Atromitos Athinon,Visita,1ST,22/11/2023,5,,,,,,,,,,,,,,,,,,,,,,,,,,,,,,,,,,,,,,,,,,,,,,,,
11835625,375,54800,NORMAL,REGULAR,Round 5,CUP,5062,APS Atromitos Athinon,Visita,2ND,22/11/2023,5,,,,,,,,,,,,,,,,,,,,,,,,,,,,,,,,,,,,,,,,,,,,,,,,
11451305,185,53223,NORMAL,REGULAR,Round 12,LEAGUE,120154,PAS Lamia 1964,Local,ALL,26/11/2023,12,3,40%,0.00,3,13,3,3,14,298,13,15,4,,7,0,5,1,11,2,2,1,,,1,3,197,23,63,,35/71 (49%),4/17 (24%),57%,8,33/60 (55%),13/21 (62%),5/10 (50%),69%,13,10,51,17,,3,,,,,6
11451305,185,53223,NORMAL,REGULAR,Round 12,LEAGUE,120154,PAS Lamia 1964,Local,1ST,26/11/2023,12,2,41%,0.00,1,4,1,1,,163,3,7,1,,3,0,1,0,4,0,1,0,,,0,2,108,13,31,,17/40 (43%),2/9 (22%),47%,5,12/26 (46%),6/12 (50%),2/6 (33%),100%,3,6,25,6,,1,,,,,2
11451305,185,53223,NORMAL,REGULAR,Round 12,LEAGUE,120154,PAS Lamia 1964,Local,2ND,26/11/2023,12,1,39%,0.00,2,9,2,2,,135,10,8,3,,4,0,4,1,7,2,1,1,,,1,1,89,10,32,,18/31 (58%),2/8 (25%),65%,3,21/34 (62%),7/9 (78%),3/4 (75%),60%,10,4,26,11,,2,,,,,4
11451305,185,53223,NORMAL,REGULAR,Round 12,LEAGUE,5062,APS Atromitos Athinon,Visita,ALL,26/11/2023,12,3,60%,0.00,2,15,4,8,17,438,13,12,3,,6,0,5,4,11,4,1,1,,,3,0,340,17,52,,36/73 (49%),11/28 (39%),43%,10,27/60 (45%),8/21 (38%),2/5 (40%),77%,13,15,54,15,,4,,,,,8
11451305,185,53223,NORMAL,REGULAR,Round 12,LEAGUE,5062,APS Atromitos Athinon,Visita,1ST,26/11/2023,12,2,59%,0.00,1,6,1,5,,233,9,4,1,,3,0,1,2,5,1,0,1,,,1,0,179,10,19,,14/37 (38%),5/11 (45%),53%,3,14/26 (54%),6/12 (50%),1/1 (100%),100%,9,9,25,8,,1,,,,,2
11451305,185,53223,NORMAL,REGULAR,Round 12,LEAGUE,5062,APS Atromitos Athinon,Visita,2ND,26/11/2023,12,1,61%,0.00,1,9,3,3,,205,4,8,2,,3,0,4,2,6,3,1,0,,,2,0,161,7,33,,22/36 (61%),6/17 (35%),35%,7,13/34 (38%),2/9 (22%),1/4 (25%),25%,4,6,29,7,,3,,,,,6
11451299,185,53223,NORMAL,REGULAR,Round 13,LEAGUE,5062,APS Atromitos Athinon,Local,ALL,03/12/2023,13,1,63%,0.00,3,14,2,2,16,566,9,6,4,,5,0,4,5,10,4,1,2,0,,3,2,474,37,80,,36/63 (57%),3/24 (13%),44%,13,24/63 (38%),17/31 (55%),9/15 (60%),89%,9,15,56,9,,2,,,,,4
11451299,185,53223,NORMAL,REGULAR,Round 13,LEAGUE,5062,APS Atromitos Athinon,Local,1ST,03/12/2023,13,0,66%,0.00,1,3,1,1,,318,2,4,0,,1,0,0,2,2,1,0,1,0,,2,2,273,19,42,,24/36 (67%),1/13 (8%),41%,3,9/26 (35%),7/13 (54%),3/6 (50%),100%,2,4,27,5,,1,,,,,3
11451299,185,53223,NORMAL,REGULAR,Round 13,LEAGUE,5062,APS Atromitos Athinon,Local,2ND,03/12/2023,13,1,60%,0.00,2,11,1,1,,248,7,2,4,,4,0,4,3,8,3,1,1,0,,1,0,201,18,38,,12/27 (44%),2/11 (18%),45%,10,15/37 (41%),10/18 (56%),6/9 (67%),86%,7,11,29,4,,1,,,,,1
11451299,185,53223,NORMAL,REGULAR,Round 13,LEAGUE,6349,PAS Giannina,Visita,ALL,03/12/2023,13,1,37%,0.00,2,10,3,2,7,338,19,15,2,,3,0,4,3,7,3,1,1,2,,3,3,259,21,47,,34/70 (49%),4/10 (40%),56%,7,39/63 (62%),14/31 (45%),5/7 (71%),68%,19,20,53,28,,3,,,,,8
11451299,185,53223,NORMAL,REGULAR,Round 13,LEAGUE,6349,PAS Giannina,Visita,1ST,03/12/2023,13,0,34%,0.00,1,5,1,0,,167,6,9,1,,1,0,3,1,4,1,0,1,2,,0,1,134,11,29,,18/35 (51%),1/4 (25%),59%,2,17/26 (65%),6/13 (46%),2/2 (100%),83%,6,9,30,19,,1,,,,,1
11451299,185,53223,NORMAL,REGULAR,Round 13,LEAGUE,6349,PAS Giannina,Visita,2ND,03/12/2023,13,1,40%,0.00,1,5,2,2,,171,13,6,1,,2,0,1,2,3,2,1,0,0,,3,2,125,10,18,,16/35 (46%),3/6 (50%),55%,5,22/37 (59%),8/18 (44%),3/5 (60%),62%,13,11,23,9,,2,,,,,7
11851911,375,54800,NORMAL,REGULAR,Round of 16,CUP,3265,AEL Novibet,Local,ALL,06/12/2023,5,1,,,,,,9,,,,,0,0,,,,,,,,,,,,,,,,,,,,,,,,,,,,,,,,,,,
11851911,375,54800,NORMAL,REGULAR,Round of 16,CUP,3265,AEL Novibet,Local,1ST,06/12/2023,5,,,,,,,,,,,,,,,,,,,,,,,,,,,,,,,,,,,,,,,,,,,,,,,,
11851911,375,54800,NORMAL,REGULAR,Round of 16,CUP,3265,AEL Novibet,Local,2ND,06/12/2023,5,,,,,,,,,,,,,,,,,,,,,,,,,,,,,,,,,,,,,,,,,,,,,,,,
11851911,375,54800,NORMAL,REGULAR,Round of 16,CUP,5062,APS Atromitos Athinon,Visita,ALL,06/12/2023,5,1,,,,,,5,,,,,3,0,,,,,,,,,,,,,,,,,,,,,,,,,,,,,,,,,,,
11851911,375,54800,NORMAL,REGULAR,Round of 16,CUP,5062,APS Atromitos Athinon,Visita,1ST,06/12/2023,5,,,,,,,,,,,,,,,,,,,,,,,,,,,,,,,,,,,,,,,,,,,,,,,,
11851911,375,54800,NORMAL,REGULAR,Round of 16,CUP,5062,APS Atromitos Athinon,Visita,2ND,06/12/2023,5,,,,,,,,,,,,,,,,,,,,,,,,,,,,,,,,,,,,,,,,,,,,,,,,
11889934,185,53223,NORMAL,REGULAR,Round 14,LEAGUE,5062,APS Atromitos Athinon,Local,ALL,17/12/2023,14,3,29%,0.00,4,10,2,1,15,241,15,15,3,,4,0,2,4,5,5,3,1,1,,2,0,163,15,40,,11/44 (25%),3/11 (27%),56%,3,32/59 (54%),16/27 (59%),2/8 (25%),67%,15,10,53,25,,2,,,,,6
11889934,185,53223,NORMAL,REGULAR,Round 14,LEAGUE,5062,APS Atromitos Athinon,Local,1ST,17/12/2023,14,1,31%,0.00,2,5,1,1,,135,5,8,2,,2,0,0,3,2,3,1,1,0,,0,0,97,9,16,,4/21 (19%),3/7 (43%),59%,0,15/28 (54%),9/13 (69%),2/4 (50%),80%,5,5,30,14,,1,,,,,0
11889934,185,53223,NORMAL,REGULAR,Round 14,LEAGUE,5062,APS Atromitos Athinon,Local,2ND,17/12/2023,14,2,27%,0.00,2,5,1,0,,106,10,7,1,,2,0,2,1,3,2,2,0,1,,2,0,66,6,24,,7/23 (30%),0/4 (0%),53%,3,17/31 (55%),7/14 (50%),0/4 (0%),60%,10,5,23,11,,1,,,,,6
11889934,185,53223,NORMAL,REGULAR,Round 14,LEAGUE,3248,Panathinaikos FC,Visita,ALL,17/12/2023,14,2,71%,0.00,3,12,1,7,16,600,9,14,3,,5,1,5,2,9,3,2,1,0,,8,1,514,21,110,,33/64 (52%),2/18 (11%),44%,5,27/59 (46%),11/27 (41%),5/15 (33%),67%,9,3,52,8,,1,,,,,2
11889934,185,53223,NORMAL,REGULAR,Round 14,LEAGUE,3248,Panathinaikos FC,Visita,1ST,17/12/2023,14,1,69%,0.00,2,5,1,5,,310,2,8,0,,3,0,1,1,3,2,1,1,0,,3,1,268,9,62,,12/27 (44%),1/11 (9%),41%,3,13/28 (46%),4/13 (31%),3/5 (60%),100%,2,2,28,6,,1,,,,,0
11889934,185,53223,NORMAL,REGULAR,Round 14,LEAGUE,3248,Panathinaikos FC,Visita,2ND,17/12/2023,14,1,73%,0.00,1,7,0,2,,290,7,6,3,,2,1,4,1,6,1,1,0,0,,5,0,246,12,48,,21/37 (57%),1/7 (14%),47%,2,14/31 (45%),7/14 (50%),2/10 (20%),57%,7,1,24,2,,0,,,,,2
11559424,185,53223,NORMAL,REGULAR,Round 15,LEAGUE,5062,APS Atromitos Athinon,Local,ALL,21/12/2023,15,0,28%,0.00,1,4,3,0,13,239,24,10,3,,1,1,2,1,3,1,,1,0,,1,1,142,13,47,,27/78 (35%),4/9 (44%),49%,10,36/75 (48%),18/36 (50%),2/7 (29%),63%,24,23,52,38,,3,,,,,13
11559424,185,53223,NORMAL,REGULAR,Round 15,LEAGUE,5062,APS Atromitos Athinon,Local,1ST,21/12/2023,15,0,25%,0.00,0,2,1,0,,108,12,3,0,,0,0,2,0,1,1,,0,0,,0,1,61,5,21,,10/31 (32%),2/4 (50%),52%,4,15/28 (54%),9/18 (50%),0/1 (0%),67%,12,10,25,15,,1,,,,,7
11559424,185,53223,NORMAL,REGULAR,Round 15,LEAGUE,5062,APS Atromitos Athinon,Local,2ND,21/12/2023,15,0,31%,0.00,1,2,2,0,,131,12,7,3,,1,1,0,1,2,0,,1,0,,1,0,81,8,26,,17/47 (36%),2/5 (40%),46%,6,21/47 (45%),9/18 (50%),2/6 (33%),58%,12,13,27,23,,2,,,,,6
11559424,185,53223,NORMAL,REGULAR,Round 15,LEAGUE,3245,Olympiacos FC,Visita,ALL,21/12/2023,15,0,72%,0.00,1,21,1,9,10,628,15,12,1,,3,1,11,7,13,8,,1,2,,2,2,531,39,82,,35/56 (63%),11/30 (37%),51%,15,39/75 (52%),18/36 (50%),12/21 (57%),80%,15,5,49,7,,1,,,,,4
11559424,185,53223,NORMAL,REGULAR,Round 15,LEAGUE,3245,Olympiacos FC,Visita,1ST,21/12/2023,15,0,75%,0.00,1,9,0,3,,336,5,5,0,,1,0,5,3,5,4,,1,1,,1,2,289,24,42,,17/27 (63%),4/11 (36%),48%,8,13/28 (46%),9/18 (50%),3/7 (43%),100%,5,4,20,4,,0,,,,,2
11559424,185,53223,NORMAL,REGULAR,Round 15,LEAGUE,3245,Olympiacos FC,Visita,2ND,21/12/2023,15,0,69%,0.00,0,12,1,6,,292,10,7,1,,2,1,6,4,8,4,,0,1,,1,0,242,15,40,,18/29 (62%),7/19 (37%),54%,7,26/47 (55%),9/18 (50%),9/14 (64%),70%,10,1,29,3,,1,,,,,2
11451282,185,53223,NORMAL,REGULAR,Round 16,LEAGUE,5062,APS Atromitos Athinon,Local,ALL,04/01/2024,16,3,53%,0.00,3,13,3,1,14,420,9,11,2,,7,0,5,1,10,3,2,1,,,2,1,330,18,38,,34/67 (51%),2/15 (13%),48%,2,23/48 (48%),15/31 (48%),3/5 (60%),44%,9,9,61,23,,3,,,,,6
11451282,185,53223,NORMAL,REGULAR,Round 16,LEAGUE,5062,APS Atromitos Athinon,Local,1ST,04/01/2024,16,1,60%,0.00,1,9,2,1,,253,6,6,1,,5,0,3,1,8,1,0,1,,,1,1,210,11,27,,17/30 (57%),1/10 (10%),45%,2,13/25 (52%),4/13 (31%),1/2 (50%),50%,6,3,31,7,,2,,,,,2
11451282,185,53223,NORMAL,REGULAR,Round 16,LEAGUE,5062,APS Atromitos Athinon,Local,2ND,04/01/2024,16,2,45%,0.00,2,4,1,0,,167,3,5,1,,2,0,2,0,2,2,2,0,,,1,0,120,7,11,,17/37 (46%),1/5 (20%),51%,0,10/23 (43%),11/18 (61%),2/3 (67%),33%,3,6,30,16,,1,,,,,4
11451282,185,53223,NORMAL,REGULAR,Round 16,LEAGUE,120224,AE Kifisia,Visita,ALL,04/01/2024,16,0,47%,0.00,0,13,4,10,12,360,4,14,4,,3,0,4,6,11,2,0,0,,,1,3,289,19,54,,17/35 (49%),1/18 (6%),52%,5,25/48 (52%),16/31 (52%),9/13 (69%),75%,4,16,55,12,,4,,,,,5
11451282,185,53223,NORMAL,REGULAR,Round 16,LEAGUE,120224,AE Kifisia,Visita,1ST,04/01/2024,16,0,40%,0.00,0,6,4,4,,163,3,7,2,,2,0,1,3,5,1,0,0,,,1,1,135,7,22,,14/22 (64%),1/7 (14%),55%,3,12/25 (48%),9/13 (69%),4/7 (57%),67%,3,9,27,9,,4,,,,,3
11451282,185,53223,NORMAL,REGULAR,Round 16,LEAGUE,120224,AE Kifisia,Visita,2ND,04/01/2024,16,0,55%,0.00,0,7,0,6,,197,1,7,2,,1,0,3,3,6,1,0,0,,,0,2,154,12,32,,3/13 (23%),0/11 (0%),49%,2,13/23 (57%),7/18 (39%),5/6 (83%),100%,1,7,28,3,,0,,,,,2
11451274,185,53223,NORMAL,REGULAR,Round 17,LEAGUE,267459,NPS Volos,Local,ALL,07/01/2024,17,1,43%,0.00,1,8,5,2,17,275,10,17,4,,4,0,3,1,6,2,0,1,,,4,1,187,20,76,,18/58 (31%),5/25 (20%),52%,6,31/61 (51%),16/30 (53%),4/8 (50%),60%,10,6,59,17,,5,,,,,5
11451274,185,53223,NORMAL,REGULAR,Round 17,LEAGUE,267459,NPS Volos,Local,1ST,07/01/2024,17,0,49%,0.00,0,3,4,1,,160,7,9,2,,2,0,1,0,2,1,0,0,,,2,1,102,12,46,,10/35 (29%),2/11 (18%),53%,2,17/27 (63%),9/22 (41%),1/3 (33%),71%,7,2,31,12,,4,,,,,3
11451274,185,53223,NORMAL,REGULAR,Round 17,LEAGUE,267459,NPS Volos,Local,2ND,07/01/2024,17,1,37%,0.00,1,5,1,1,,115,3,8,2,,2,0,2,1,4,1,0,1,,,2,0,85,8,30,,8/23 (35%),3/14 (21%),50%,4,14/34 (41%),7/8 (88%),3/5 (60%),33%,3,4,28,5,,1,,,,,2
11451274,185,53223,NORMAL,REGULAR,Round 17,LEAGUE,5062,APS Atromitos Athinon,Visita,ALL,07/01/2024,17,2,57%,0.00,2,14,3,8,18,383,10,15,3,,7,0,4,3,10,4,1,1,,,2,0,288,16,49,,28/68 (41%),2/15 (13%),48%,5,30/61 (49%),14/30 (47%),6/11 (55%),40%,10,4,56,22,,3,,,,,11
11451274,185,53223,NORMAL,REGULAR,Round 17,LEAGUE,5062,APS Atromitos Athinon,Visita,1ST,07/01/2024,17,1,51%,0.00,1,8,2,6,,168,4,5,0,,5,0,2,1,7,1,0,1,,,0,0,115,13,21,,16/38 (42%),2/9 (22%),47%,4,10/27 (37%),13/22 (59%),2/5 (40%),0%,4,3,29,9,,2,,,,,7
11451274,185,53223,NORMAL,REGULAR,Round 17,LEAGUE,5062,APS Atromitos Athinon,Visita,2ND,07/01/2024,17,1,63%,0.00,1,6,1,2,,215,6,10,3,,2,0,2,2,3,3,1,0,,,2,0,173,3,28,,12/30 (40%),0/6 (0%),50%,1,20/34 (59%),1/8 (13%),4/6 (67%),67%,6,1,27,13,,1,,,,,4
11451267,185,53223,NORMAL,REGULAR,Round 18,LEAGUE,5062,APS Atromitos Athinon,Local,ALL,13/01/2024,18,1,44%,0.00,0,8,2,5,9,343,12,18,2,,2,0,5,1,4,4,,0,,,3,5,264,23,52,,31/67 (46%),6/25 (24%),55%,11,38/69 (55%),11/20 (55%),8/12 (67%),75%,12,11,55,9,,2,,,,,10
11451267,185,53223,NORMAL,REGULAR,Round 18,LEAGUE,5062,APS Atromitos Athinon,Local,1ST,13/01/2024,18,0,43%,0.00,0,3,2,3,,176,7,6,1,,0,0,2,1,1,2,,0,,,2,1,142,12,18,,22/40 (55%),2/10 (20%),50%,5,17/33 (52%),3/7 (43%),4/6 (67%),100%,7,7,26,7,,2,,,,,7
11451267,185,53223,NORMAL,REGULAR,Round 18,LEAGUE,5062,APS Atromitos Athinon,Local,2ND,13/01/2024,18,1,44%,0.00,0,5,0,2,,167,5,12,1,,2,0,3,0,3,2,,0,,,1,4,122,11,34,,9/27 (33%),4/15 (27%),59%,6,21/36 (58%),8/13 (62%),4/6 (67%),40%,5,4,29,2,,0,,,,,3
11451267,185,53223,NORMAL,REGULAR,Round 18,LEAGUE,3241,OFI Crete,Visita,ALL,13/01/2024,18,1,56%,0.00,1,12,1,7,20,462,15,9,4,,3,1,7,2,5,7,,1,,,1,1,382,21,51,,20/55 (36%),5/16 (31%),45%,6,31/69 (45%),9/20 (45%),7/13 (54%),67%,15,9,55,20,,1,,,,,7
11451267,185,53223,NORMAL,REGULAR,Round 18,LEAGUE,3241,OFI Crete,Visita,1ST,13/01/2024,18,0,57%,0.00,1,9,0,6,,233,7,5,0,,2,1,5,2,3,6,,1,,,1,0,200,6,26,,11/24 (46%),3/10 (30%),50%,2,16/33 (48%),4/7 (57%),4/9 (44%),86%,7,3,30,9,,0,,,,,3
11451267,185,53223,NORMAL,REGULAR,Round 18,LEAGUE,3241,OFI Crete,Visita,2ND,13/01/2024,18,1,56%,0.00,0,3,1,1,,229,8,4,4,,1,0,2,0,2,1,,0,,,0,1,182,15,25,,9/31 (29%),2/6 (33%),41%,4,15/36 (42%),5/13 (38%),3/4 (75%),50%,8,6,25,11,,1,,,,,4
11912596,375,54800,NORMAL,REGULAR,Round of 16,CUP,5062,APS Atromitos Athinon,Local,ALL,16/01/2024,5,4,62%,,,6,2,5,16,,,12,1,0,5,,1,0,,,,,,,,2,,14,,,,,,,,,,,,,,,,2,,,,,5
11912596,375,54800,NORMAL,REGULAR,Round of 16,CUP,5062,APS Atromitos Athinon,Local,1ST,16/01/2024,5,,,,,,,,,,,,,,,,,,,,,,,,,,,,,,,,,,,,,,,,,,,,,,,,
11912596,375,54800,NORMAL,REGULAR,Round of 16,CUP,5062,APS Atromitos Athinon,Local,2ND,16/01/2024,5,,,,,,,,,,,,,,,,,,,,,,,,,,,,,,,,,,,,,,,,,,,,,,,,
11912596,375,54800,NORMAL,REGULAR,Round of 16,CUP,3265,AEL Novibet,Visita,ALL,16/01/2024,5,0,38%,,,4,1,3,11,,,18,4,1,2,,2,0,,,,,,,,1,,17,,,,,,,,,,,,,,,,1,,,,,3
11912596,375,54800,NORMAL,REGULAR,Round of 16,CUP,3265,AEL Novibet,Visita,1ST,16/01/2024,5,,,,,,,,,,,,,,,,,,,,,,,,,,,,,,,,,,,,,,,,,,,,,,,,
11912596,375,54800,NORMAL,REGULAR,Round of 16,CUP,3265,AEL Novibet,Visita,2ND,16/01/2024,5,,,,,,,,,,,,,,,,,,,,,,,,,,,,,,,,,,,,,,,,,,,,,,,,
11451259,185,53223,NORMAL,REGULAR,Round 19,LEAGUE,5062,APS Atromitos Athinon,Local,ALL,21/01/2024,19,0,41%,0.00,0,9,5,7,21,295,9,21,0,,3,0,4,2,4,5,0,0,,,4,0,198,24,42,,25/67 (37%),3/14 (21%),43%,8,40/88 (45%),6/18 (33%),10/18 (56%),44%,9,10,47,15,,5,,,,,7
11451259,185,53223,NORMAL,REGULAR,Round 19,LEAGUE,5062,APS Atromitos Athinon,Local,1ST,21/01/2024,19,0,43%,0.00,0,3,3,3,,157,3,11,0,,1,0,1,1,1,2,0,0,,,3,0,97,14,23,,16/40 (40%),1/6 (17%),47%,5,16/33 (48%),4/10 (40%),2/4 (50%),33%,3,3,25,6,,3,,,,,1
11451259,185,53223,NORMAL,REGULAR,Round 19,LEAGUE,5062,APS Atromitos Athinon,Local,2ND,21/01/2024,19,0,38%,0.00,0,6,2,4,,138,6,10,0,,2,0,3,1,3,3,0,0,,,1,0,101,10,19,,9/27 (33%),2/8 (25%),41%,3,24/55 (44%),2/8 (25%),8/14 (57%),50%,6,7,22,9,,2,,,,,6
11451259,185,53223,NORMAL,REGULAR,Round 19,LEAGUE,3250,AEK Athens,Visita,ALL,21/01/2024,19,5,59%,0.00,7,18,3,7,22,429,16,21,2,,10,0,7,1,14,4,4,3,,,3,2,343,18,55,,20/36 (56%),6/22 (27%),57%,4,48/88 (55%),12/18 (67%),11/16 (69%),69%,16,6,67,17,,3,,,,,6
11451259,185,53223,NORMAL,REGULAR,Round 19,LEAGUE,3250,AEK Athens,Visita,1ST,21/01/2024,19,3,57%,0.00,2,10,1,4,,207,7,8,1,,6,0,3,1,9,1,2,0,,,1,1,159,11,24,,9/18 (50%),3/12 (25%),53%,0,17/33 (52%),6/10 (60%),2/5 (40%),86%,7,4,30,9,,1,,,,,3
11451259,185,53223,NORMAL,REGULAR,Round 19,LEAGUE,3250,AEK Athens,Visita,2ND,21/01/2024,19,2,62%,0.00,5,8,2,3,,222,9,13,1,,4,0,4,0,5,3,2,3,,,2,1,184,7,31,,11/18 (61%),3/10 (30%),59%,4,31/55 (56%),6/8 (75%),9/11 (82%),56%,9,2,37,8,,2,,,,,3
11981288,375,54800,NORMAL,REGULAR,Quarterfinals,CUP,3248,Panathinaikos FC,Local,ALL,24/01/2024,27,1,,,,18,3,13,11,,,16,1,0,5,,8,5,,,,,,,,3,,25,,,,,,,,,,,,,,,,3,,,,,3
11981288,375,54800,NORMAL,REGULAR,Quarterfinals,CUP,3248,Panathinaikos FC,Local,1ST,24/01/2024,27,,,,,,,,,,,,,,,,,,,,,,,,,,,,,,,,,,,,,,,,,,,,,,,,
11981288,375,54800,NORMAL,REGULAR,Quarterfinals,CUP,3248,Panathinaikos FC,Local,2ND,24/01/2024,27,,,,,,,,,,,,,,,,,,,,,,,,,,,,,,,,,,,,,,,,,,,,,,,,
11981288,375,54800,NORMAL,REGULAR,Quarterfinals,CUP,5062,APS Atromitos Athinon,Visita,ALL,24/01/2024,27,2,,,,7,4,0,15,,,14,5,0,5,,2,0,,,,,,,,1,,11,,,,,,,,,,,,,,,,4,,,,,12
11981288,375,54800,NORMAL,REGULAR,Quarterfinals,CUP,5062,APS Atromitos Athinon,Visita,1ST,24/01/2024,27,,,,,,,,,,,,,,,,,,,,,,,,,,,,,,,,,,,,,,,,,,,,,,,,
11981288,375,54800,NORMAL,REGULAR,Quarterfinals,CUP,5062,APS Atromitos Athinon,Visita,2ND,24/01/2024,27,,,,,,,,,,,,,,,,,,,,,,,,,,,,,,,,,,,,,,,,,,,,,,,,
11451254,185,53223,NORMAL,REGULAR,Round 20,LEAGUE,6342,Asteras Aktor,Local,ALL,28/01/2024,20,3,48%,0.00,2,9,2,5,16,384,7,9,1,,6,0,3,0,6,3,2,0,0,,0,0,295,11,38,,19/62 (31%),4/20 (20%),41%,2,20/51 (39%),13/29 (45%),4/9 (44%),71%,7,17,62,21,,2,,,,,9
11451254,185,53223,NORMAL,REGULAR,Round 20,LEAGUE,6342,Asteras Aktor,Local,1ST,28/01/2024,20,1,62%,0.00,1,3,1,2,,256,4,3,1,,1,0,2,0,2,1,1,0,0,,0,0,206,9,19,,12/28 (43%),2/13 (15%),39%,2,9/25 (36%),5/11 (45%),2/3 (67%),75%,4,8,30,7,,1,,,,,5
11451254,185,53223,NORMAL,REGULAR,Round 20,LEAGUE,6342,Asteras Aktor,Local,2ND,28/01/2024,20,2,32%,0.00,1,6,1,3,,128,3,6,0,,5,0,1,0,4,2,1,0,0,,0,0,89,2,19,,7/34 (21%),2/7 (29%),43%,0,11/26 (42%),8/18 (44%),2/6 (33%),67%,3,9,32,14,,1,,,,,4
11451254,185,53223,NORMAL,REGULAR,Round 20,LEAGUE,5062,APS Atromitos Athinon,Visita,ALL,28/01/2024,20,1,52%,0.00,1,12,3,3,9,423,7,15,0,,2,1,7,3,7,5,0,1,1,,3,2,324,21,61,,22/60 (37%),4/19 (21%),59%,2,31/51 (61%),16/29 (55%),9/14 (64%),71%,7,10,55,13,,3,,,,,4
11451254,185,53223,NORMAL,REGULAR,Round 20,LEAGUE,5062,APS Atromitos Athinon,Visita,1ST,28/01/2024,20,0,38%,0.00,1,5,0,2,,164,3,10,0,,1,0,3,1,3,2,0,1,1,,1,2,113,11,27,,7/28 (25%),1/3 (33%),61%,0,16/25 (64%),6/11 (55%),3/7 (43%),33%,3,8,27,11,,0,,,,,2
11451254,185,53223,NORMAL,REGULAR,Round 20,LEAGUE,5062,APS Atromitos Athinon,Visita,2ND,28/01/2024,20,1,68%,0.00,0,7,3,1,,259,4,5,0,,1,1,4,2,4,3,0,0,0,,2,0,211,10,34,,15/32 (47%),3/16 (19%),57%,2,15/26 (58%),10/18 (56%),6/7 (86%),100%,4,2,28,2,,3,,,,,2
11981892,375,54800,NORMAL,REGULAR,Quarterfinals,CUP,5062,APS Atromitos Athinon,Local,ALL,31/01/2024,27,0,,,,4,4,2,12,,,19,3,0,0,,2,2,,,,,,,,1,,12,,,,,,,,,,,,,,,,4,,,,,12
11981892,375,54800,NORMAL,REGULAR,Quarterfinals,CUP,5062,APS Atromitos Athinon,Local,1ST,31/01/2024,27,,,,,,,,,,,,,,,,,,,,,,,,,,,,,,,,,,,,,,,,,,,,,,,,
11981892,375,54800,NORMAL,REGULAR,Quarterfinals,CUP,5062,APS Atromitos Athinon,Local,2ND,31/01/2024,27,,,,,,,,,,,,,,,,,,,,,,,,,,,,,,,,,,,,,,,,,,,,,,,,
11981892,375,54800,NORMAL,REGULAR,Quarterfinals,CUP,3248,Panathinaikos FC,Visita,ALL,31/01/2024,27,2,,,,14,0,10,16,,,13,0,0,6,,7,1,,,,,,,,3,,24,,,,,,,,,,,,,,,,0,,,,,4
11981892,375,54800,NORMAL,REGULAR,Quarterfinals,CUP,3248,Panathinaikos FC,Visita,1ST,31/01/2024,27,,,,,,,,,,,,,,,,,,,,,,,,,,,,,,,,,,,,,,,,,,,,,,,,
11981892,375,54800,NORMAL,REGULAR,Quarterfinals,CUP,3248,Panathinaikos FC,Visita,2ND,31/01/2024,27,,,,,,,,,,,,,,,,,,,,,,,,,,,,,,,,,,,,,,,,,,,,,,,,
11451244,185,53223,NORMAL,REGULAR,Round 21,LEAGUE,5062,APS Atromitos Athinon,Local,ALL,04/02/2024,21,0,31%,0.00,0,2,,2,15,273,15,10,3,,0,0,2,0,1,1,0,0,,,0,0,177,20,30,,27/77 (35%),1/8 (13%),45%,1,30/62 (48%),6/18 (33%),5/10 (50%),80%,15,6,51,32,,,,,,,15
11451244,185,53223,NORMAL,REGULAR,Round 21,LEAGUE,5062,APS Atromitos Athinon,Local,1ST,04/02/2024,21,0,33%,0.00,0,0,,1,,162,6,4,1,,0,0,0,0,0,0,0,0,,,0,0,115,11,16,,18/42 (43%),0/4 (0%),38%,0,13/32 (41%),1/5 (20%),3/7 (43%),83%,6,4,20,9,,,,,,,10
11451244,185,53223,NORMAL,REGULAR,Round 21,LEAGUE,5062,APS Atromitos Athinon,Local,2ND,04/02/2024,21,0,28%,0.00,0,2,,1,,111,9,6,2,,0,0,2,0,1,1,0,0,,,0,0,62,9,14,,9/35 (26%),1/4 (25%),51%,1,17/30 (57%),5/13 (38%),2/3 (67%),78%,9,2,31,23,,,,,,,5
11451244,185,53223,NORMAL,REGULAR,Round 21,LEAGUE,3251,PAOK,Visita,ALL,04/02/2024,21,2,69%,0.00,5,20,,8,10,616,6,14,3,,2,2,12,6,14,6,2,3,,,6,2,539,23,91,,51/78 (65%),5/31 (16%),55%,10,32/62 (52%),12/18 (67%),12/17 (71%),67%,6,5,55,6,,,,,,,3
11451244,185,53223,NORMAL,REGULAR,Round 21,LEAGUE,3251,PAOK,Visita,1ST,04/02/2024,21,0,67%,0.00,2,11,,3,,325,4,8,1,,0,2,8,3,8,3,0,2,,,3,2,290,11,42,,30/40 (75%),4/12 (33%),62%,4,19/32 (59%),4/5 (80%),7/9 (78%),75%,4,2,23,4,,,,,,,2
11451244,185,53223,NORMAL,REGULAR,Round 21,LEAGUE,3251,PAOK,Visita,2ND,04/02/2024,21,2,72%,0.00,3,9,,5,,291,2,6,2,,2,0,4,3,6,3,2,1,,,3,0,249,12,49,,21/38 (55%),1/19 (5%),49%,6,13/30 (43%),8/13 (62%),5/8 (63%),50%,2,3,32,2,,,,,,,1
11451238,185,53223,NORMAL,REGULAR,Round 22,LEAGUE,7004,GFS Panetolikos,Local,ALL,10/02/2024,22,1,32%,0.00,2,8,5,5,13,260,14,15,4,1,5,0,3,0,4,4,1,1,,,1,0,187,8,39,,23/62 (37%),0/13 (0%),50%,5,30/59 (51%),9/19 (47%),2/12 (17%),79%,14,8,55,33,,5,,,,,14
11451238,185,53223,NORMAL,REGULAR,Round 22,LEAGUE,7004,GFS Panetolikos,Local,1ST,10/02/2024,22,1,39%,0.00,1,5,1,3,,163,12,4,2,1,3,0,2,0,3,2,1,0,,,0,0,127,4,21,,11/31 (35%),0/8 (0%),48%,3,18/36 (50%),4/10 (40%),2/7 (29%),75%,12,4,26,4,,1,,,,,7
11451238,185,53223,NORMAL,REGULAR,Round 22,LEAGUE,7004,GFS Panetolikos,Local,2ND,10/02/2024,22,0,24%,0.00,1,3,4,2,,97,2,11,2,0,2,0,1,0,1,2,0,1,,,1,0,60,4,18,,12/31 (39%),0/5 (0%),53%,2,12/23 (52%),5/9 (56%),0/5 (0%),100%,2,4,29,29,,4,,,,,7
11451238,185,53223,NORMAL,REGULAR,Round 22,LEAGUE,5062,APS Atromitos Athinon,Visita,ALL,10/02/2024,22,0,68%,0.00,3,15,4,10,16,550,15,12,3,0,5,1,7,3,7,8,0,3,,,3,2,473,24,90,,54/77 (70%),7/49 (14%),50%,7,29/59 (49%),10/19 (53%),2/9 (22%),80%,15,6,54,12,,4,,,,,5
11451238,185,53223,NORMAL,REGULAR,Round 22,LEAGUE,5062,APS Atromitos Athinon,Visita,1ST,10/02/2024,22,0,61%,0.00,1,4,2,5,,264,8,9,1,0,1,0,3,0,2,2,0,1,,,2,2,218,10,38,,23/38 (61%),1/12 (8%),52%,5,18/36 (50%),6/10 (60%),1/8 (13%),75%,8,3,23,9,,2,,,,,3
11451238,185,53223,NORMAL,REGULAR,Round 22,LEAGUE,5062,APS Atromitos Athinon,Visita,2ND,10/02/2024,22,0,76%,0.00,2,11,2,5,,286,7,3,2,0,4,1,4,3,5,6,0,2,,,1,0,255,14,52,,31/39 (79%),6/37 (16%),47%,2,11/23 (48%),4/9 (44%),1/1 (100%),86%,7,3,31,3,,2,,,,,2
11451232,185,53223,NORMAL,REGULAR,Round 23,LEAGUE,5062,APS Atromitos Athinon,Local,ALL,17/02/2024,23,0,58%,0.00,0,11,2,0,13,473,21,18,4,,1,0,7,3,5,6,0,,,,4,1,378,32,72,,39/80 (49%),3/15 (20%),51%,14,41/75 (55%),7/20 (35%),2/4 (50%),57%,21,10,40,12,,2,,,,,8
11451232,185,53223,NORMAL,REGULAR,Round 23,LEAGUE,5062,APS Atromitos Athinon,Local,1ST,17/02/2024,23,0,46%,0.00,0,6,1,0,,190,12,6,2,,1,0,4,1,2,4,0,,,,1,0,140,14,30,,17/37 (46%),0/4 (0%),58%,5,20/31 (65%),3/9 (33%),2/3 (67%),50%,12,6,21,9,,1,,,,,2
11451232,185,53223,NORMAL,REGULAR,Round 23,LEAGUE,5062,APS Atromitos Athinon,Local,2ND,17/02/2024,23,0,68%,0.00,0,5,1,0,,283,9,12,2,,0,0,3,2,3,2,0,,,,3,1,238,18,42,,22/43 (51%),3/11 (27%),45%,9,21/44 (48%),4/11 (36%),0/1 (0%),67%,9,4,19,3,,1,,,,,6
11451232,185,53223,NORMAL,REGULAR,Round 23,LEAGUE,3252,Aris Thessaloniki,Visita,ALL,17/02/2024,23,2,42%,0.00,2,9,1,3,19,347,16,12,4,,4,1,5,0,4,5,2,,,,5,1,254,15,39,,31/69 (45%),0/14 (0%),49%,14,34/75 (45%),13/20 (65%),6/13 (46%),81%,16,5,56,29,,1,,,,,9
11451232,185,53223,NORMAL,REGULAR,Round 23,LEAGUE,3252,Aris Thessaloniki,Visita,1ST,17/02/2024,23,1,54%,0.00,1,3,1,3,,213,6,4,2,,2,0,1,0,1,2,1,,,,3,1,159,12,20,,15/35 (43%),0/10 (0%),42%,10,11/31 (35%),6/9 (67%),1/3 (33%),83%,6,1,24,12,,1,,,,,7
11451232,185,53223,NORMAL,REGULAR,Round 23,LEAGUE,3252,Aris Thessaloniki,Visita,2ND,17/02/2024,23,1,32%,0.00,1,6,0,0,,134,10,8,2,,2,1,4,0,3,3,1,,,,2,0,95,3,19,,16/34 (47%),0/4 (0%),55%,4,23/44 (52%),7/11 (64%),5/10 (50%),80%,10,4,32,17,,0,,,,,2
11451223,185,53223,NORMAL,REGULAR,Round 24,LEAGUE,6347,MGS Panserraikos,Local,ALL,24/02/2024,24,0,59%,0.00,1,9,2,3,15,438,8,24,3,,2,0,5,2,4,5,,1,,,7,3,353,31,76,,42/74 (57%),3/18 (17%),58%,2,36/60 (60%),14/26 (54%),4/9 (44%),50%,8,6,44,15,,2,,,,,3
11451223,185,53223,NORMAL,REGULAR,Round 24,LEAGUE,6347,MGS Panserraikos,Local,1ST,24/02/2024,24,0,57%,0.00,0,3,0,0,,247,1,11,1,,0,0,3,0,0,3,,0,,,4,3,206,14,42,,21/40 (53%),0/5 (0%),57%,0,14/23 (61%),7/14 (50%),2/3 (67%),100%,1,5,21,8,,0,,,,,2
11451223,185,53223,NORMAL,REGULAR,Round 24,LEAGUE,6347,MGS Panserraikos,Local,2ND,24/02/2024,24,0,61%,0.00,1,6,2,3,,191,7,13,2,,2,0,2,2,4,2,,1,,,3,0,147,17,34,,21/34 (62%),3/13 (23%),59%,2,22/37 (59%),7/12 (58%),2/6 (33%),43%,7,1,23,7,,2,,,,,1
11451223,185,53223,NORMAL,REGULAR,Round 24,LEAGUE,5062,APS Atromitos Athinon,Visita,ALL,24/02/2024,24,0,41%,0.00,0,3,2,4,24,299,7,13,4,,2,0,0,1,3,0,,0,,,3,0,190,22,41,,28/85 (33%),1/15 (7%),42%,5,24/60 (40%),12/26 (46%),4/7 (57%),43%,7,13,44,20,,2,,,,,11
11451223,185,53223,NORMAL,REGULAR,Round 24,LEAGUE,5062,APS Atromitos Athinon,Visita,1ST,24/02/2024,24,0,43%,0.00,0,1,0,2,,177,1,5,1,,0,0,0,1,1,0,,0,,,0,0,116,14,16,,16/49 (33%),0/9 (0%),43%,0,9/23 (39%),7/14 (50%),3/4 (75%),0%,1,6,21,4,,0,,,,,6
11451223,185,53223,NORMAL,REGULAR,Round 24,LEAGUE,5062,APS Atromitos Athinon,Visita,2ND,24/02/2024,24,0,39%,0.00,0,2,2,2,,122,6,8,3,,2,0,0,0,2,0,,0,,,3,0,74,8,25,,12/36 (33%),1/6 (17%),41%,5,15/37 (41%),5/12 (42%),1/3 (33%),50%,6,7,23,16,,2,,,,,5
11451218,185,53223,NORMAL,REGULAR,Round 25,LEAGUE,5062,APS Atromitos Athinon,Local,ALL,28/02/2024,25,3,58%,0.00,4,13,2,3,14,507,13,11,4,1,6,0,3,4,8,5,3,1,2,,4,3,441,11,62,,32/57 (56%),3/11 (27%),48%,12,31/68 (46%),12/22 (55%),8/12 (67%),77%,13,7,52,7,,2,,,,,5
11451218,185,53223,NORMAL,REGULAR,Round 25,LEAGUE,5062,APS Atromitos Athinon,Local,1ST,28/02/2024,25,1,65%,0.00,1,6,2,1,,351,6,4,2,0,3,0,2,1,3,3,1,0,1,,1,1,315,6,34,,18/32 (56%),1/4 (25%),40%,6,12/32 (38%),5/10 (50%),2/4 (50%),83%,6,4,27,2,,2,,,,,2
11451218,185,53223,NORMAL,REGULAR,Round 25,LEAGUE,5062,APS Atromitos Athinon,Local,2ND,28/02/2024,25,2,47%,0.00,3,7,0,2,,156,7,7,2,1,3,0,1,3,5,2,2,1,1,,3,2,126,5,28,,14/25 (56%),2/7 (29%),54%,6,19/36 (53%),7/12 (58%),6/8 (75%),71%,7,3,25,5,,0,,,,,3
11451218,185,53223,NORMAL,REGULAR,Round 25,LEAGUE,120154,PAS Lamia 1964,Visita,ALL,28/02/2024,25,1,42%,0.00,1,7,3,3,11,361,16,14,3,0,3,1,1,3,5,2,1,0,1,,1,2,305,17,43,,25/43 (58%),1/11 (9%),52%,8,37/68 (54%),10/22 (45%),8/13 (62%),75%,16,2,47,11,,3,,,,,6
11451218,185,53223,NORMAL,REGULAR,Round 25,LEAGUE,120154,PAS Lamia 1964,Visita,1ST,28/02/2024,25,1,35%,0.00,1,4,2,1,,182,8,7,1,0,3,0,0,1,4,0,1,0,1,,1,1,154,9,22,,12/20 (60%),0/3 (0%),60%,2,20/32 (63%),5/10 (50%),5/9 (56%),63%,8,1,24,4,,2,,,,,5
11451218,185,53223,NORMAL,REGULAR,Round 25,LEAGUE,120154,PAS Lamia 1964,Visita,2ND,28/02/2024,25,0,53%,0.00,0,3,1,2,,179,8,7,2,0,0,1,1,2,1,2,0,0,0,,0,1,151,8,21,,13/23 (57%),1/8 (13%),46%,6,17/36 (47%),5/12 (42%),3/4 (75%),88%,8,1,23,7,,1,,,,,1
11451207,185,53223,NORMAL,REGULAR,Round 26,LEAGUE,6349,PAS Giannina,Local,ALL,03/03/2024,26,1,51%,0.00,2,17,1,8,17,353,8,13,1,0,3,1,8,6,9,8,1,1,,,3,1,260,31,79,,34/70 (49%),4/20 (20%),42%,15,23/56 (41%),4/9 (44%),2/2 (100%),88%,8,4,39,11,,1,,,,,6
11451207,185,53223,NORMAL,REGULAR,Round 26,LEAGUE,6349,PAS Giannina,Local,1ST,03/03/2024,26,1,45%,0.00,1,9,0,6,,159,5,8,0,0,1,0,3,5,3,6,1,0,,,2,1,112,13,38,,13/30 (43%),3/11 (27%),47%,6,13/28 (46%),2/4 (50%),0/0 (0%),80%,5,1,20,1,,0,,,,,2
11451207,185,53223,NORMAL,REGULAR,Round 26,LEAGUE,6349,PAS Giannina,Local,2ND,03/03/2024,26,0,58%,0.00,1,8,1,2,,194,3,5,1,0,2,1,5,1,6,2,0,1,,,1,0,148,18,41,,21/40 (53%),1/9 (11%),36%,9,10/28 (36%),2/5 (40%),2/2 (100%),100%,3,3,19,10,,1,,,,,4
11451207,185,53223,NORMAL,REGULAR,Round 26,LEAGUE,5062,APS Atromitos Athinon,Visita,ALL,03/03/2024,26,1,49%,0.00,2,8,2,2,14,346,15,17,1,1,2,0,4,2,7,1,1,1,,,5,1,249,28,46,,32/71 (45%),4/12 (33%),58%,5,33/56 (59%),5/9 (56%),1/4 (25%),60%,15,14,35,19,,2,,,,,10
11451207,185,53223,NORMAL,REGULAR,Round 26,LEAGUE,5062,APS Atromitos Athinon,Visita,1ST,03/03/2024,26,0,55%,0.00,0,2,0,0,,205,6,9,1,0,0,0,1,1,2,0,0,0,,,2,1,159,12,23,,13/31 (42%),1/4 (25%),53%,3,15/28 (54%),2/4 (50%),0/2 (0%),50%,6,8,17,6,,0,,,,,5
11451207,185,53223,NORMAL,REGULAR,Round 26,LEAGUE,5062,APS Atromitos Athinon,Visita,2ND,03/03/2024,26,1,42%,0.00,2,6,2,2,,141,9,8,0,1,2,0,3,1,5,1,1,1,,,3,0,90,16,23,,19/40 (48%),3/8 (38%),64%,2,18/28 (64%),3/5 (60%),1/2 (50%),67%,9,6,18,13,,2,,,,,5
12129661,185,53223,NORMAL,REGULAR,Round 1,LEAGUE,5062,APS Atromitos Athinon,Local,ALL,16/03/2024,1,3,56%,0.00,3,8,3,2,12,482,13,12,1,,6,0,2,0,5,3,3,0,1,,3,0,394,17,47,,34/70 (49%),0/10 (0%),47%,5,28/54 (52%),3/12 (25%),3/7 (43%),77%,13,3,54,25,,3,,,,,7
12129661,185,53223,NORMAL,REGULAR,Round 1,LEAGUE,5062,APS Atromitos Athinon,Local,1ST,16/03/2024,1,1,63%,0.00,1,4,1,1,,312,6,5,0,,3,0,1,0,2,2,1,0,0,,2,0,273,8,28,,18/31 (58%),0/7 (0%),50%,2,14/27 (52%),2/5 (40%),3/5 (60%),67%,6,1,33,15,,1,,,,,4
12129661,185,53223,NORMAL,REGULAR,Round 1,LEAGUE,5062,APS Atromitos Athinon,Local,2ND,16/03/2024,1,2,46%,0.00,2,4,2,1,,170,7,7,1,,3,0,1,0,3,1,2,0,1,,1,0,121,9,19,,16/39 (41%),0/3 (0%),44%,3,14/27 (52%),1/7 (14%),0/2 (0%),86%,7,2,21,10,,2,,,,,3
12129661,185,53223,NORMAL,REGULAR,Round 1,LEAGUE,6349,PAS Giannina,Visita,ALL,16/03/2024,1,2,44%,0.00,3,17,3,6,13,358,9,11,2,,5,1,6,6,12,5,1,2,0,,1,5,286,26,59,,28/51 (55%),6/32 (19%),53%,8,26/54 (48%),9/12 (75%),6/11 (55%),89%,9,9,54,14,,3,,,,,4
12129661,185,53223,NORMAL,REGULAR,Round 1,LEAGUE,6349,PAS Giannina,Visita,1ST,16/03/2024,1,0,37%,0.00,2,8,2,4,,169,4,6,1,,1,1,3,4,6,2,0,2,0,,1,1,139,10,30,,9/20 (45%),2/21 (10%),50%,3,13/27 (48%),3/5 (60%),3/6 (50%),100%,4,7,34,10,,2,,,,,2
12129661,185,53223,NORMAL,REGULAR,Round 1,LEAGUE,6349,PAS Giannina,Visita,2ND,16/03/2024,1,2,54%,0.00,1,9,1,2,,189,5,5,1,,4,0,3,2,6,3,1,0,0,,0,4,147,16,29,,19/31 (61%),4/11 (36%),56%,5,13/27 (48%),6/7 (86%),3/5 (60%),80%,5,2,20,4,,1,,,,,2
12129672,185,53223,NORMAL,REGULAR,Round 2,LEAGUE,3241,OFI Crete,Local,ALL,30/03/2024,2,0,44%,0.00,2,19,3,5,9,385,14,15,3,,4,0,12,3,9,10,,2,2,,2,,311,21,47,,36/50 (72%),5/21 (24%),55%,10,35/66 (53%),10/16 (63%),5/8 (63%),93%,14,11,57,11,,3,,,,,7
12129672,185,53223,NORMAL,REGULAR,Round 2,LEAGUE,3241,OFI Crete,Local,1ST,30/03/2024,2,0,43%,0.00,2,11,1,3,,207,8,7,1,,3,0,6,2,5,6,,2,1,,1,,170,11,30,,23/32 (72%),4/11 (36%),51%,7,19/36 (53%),5/11 (45%),4/6 (67%),88%,8,6,26,2,,1,,,,,3
12129672,185,53223,NORMAL,REGULAR,Round 2,LEAGUE,3241,OFI Crete,Local,2ND,30/03/2024,2,0,44%,0.00,0,8,2,2,,178,6,8,2,,1,0,6,1,4,4,,0,1,,1,,141,10,17,,13/18 (72%),1/10 (10%),60%,3,16/30 (53%),5/5 (100%),1/2 (50%),100%,6,5,31,9,,2,,,,,4
12129672,185,53223,NORMAL,REGULAR,Round 2,LEAGUE,5062,APS Atromitos Athinon,Visita,ALL,30/03/2024,2,0,56%,0.00,0,12,4,3,17,506,13,9,5,,3,3,8,1,6,6,,0,1,,1,,430,15,45,,45/77 (58%),5/16 (31%),45%,9,31/66 (47%),6/16 (38%),9/15 (60%),85%,13,10,53,15,,4,,,,,17
12129672,185,53223,NORMAL,REGULAR,Round 2,LEAGUE,5062,APS Atromitos Athinon,Visita,1ST,30/03/2024,2,0,57%,0.00,0,4,3,0,,278,9,4,1,,1,1,3,0,2,2,,0,0,,0,,237,5,20,,26/45 (58%),1/3 (33%),49%,5,17/36 (47%),6/11 (55%),4/7 (57%),78%,9,2,23,11,,3,,,,,10
12129672,185,53223,NORMAL,REGULAR,Round 2,LEAGUE,5062,APS Atromitos Athinon,Visita,2ND,30/03/2024,2,0,56%,0.00,0,8,1,3,,228,4,5,4,,2,2,5,1,4,4,,0,1,,1,,193,10,25,,19/32 (59%),4/13 (31%),40%,4,14/30 (47%),0/5 (0%),5/8 (63%),100%,4,8,30,4,,1,,,,,7
12129678,185,53223,NORMAL,REGULAR,Round 3,LEAGUE,5062,APS Atromitos Athinon,Local,ALL,06/04/2024,3,1,60%,0.00,0,10,3,5,17,496,12,18,6,,2,1,6,2,5,5,0,0,,,1,0,417,24,53,,32/59 (54%),4/21 (19%),53%,7,36/71 (51%),11/17 (65%),6/15 (40%),75%,12,23,51,6,,3,,,,,3
12129678,185,53223,NORMAL,REGULAR,Round 3,LEAGUE,5062,APS Atromitos Athinon,Local,1ST,06/04/2024,3,0,49%,0.00,0,4,1,3,,219,4,9,2,,1,0,2,1,1,3,0,0,,,1,0,177,12,24,,16/35 (46%),0/7 (0%),51%,3,16/32 (50%),4/7 (57%),3/5 (60%),100%,4,14,28,4,,1,,,,,2
12129678,185,53223,NORMAL,REGULAR,Round 3,LEAGUE,5062,APS Atromitos Athinon,Local,2ND,06/04/2024,3,1,73%,0.00,0,6,2,2,,277,8,9,4,,1,1,4,1,4,2,0,0,,,0,0,240,12,29,,16/24 (67%),4/14 (29%),55%,4,20/39 (51%),7/10 (70%),3/10 (30%),63%,8,9,23,2,,2,,,,,1
12129678,185,53223,NORMAL,REGULAR,Round 3,LEAGUE,6347,MGS Panserraikos,Visita,ALL,06/04/2024,3,1,40%,0.00,2,10,1,1,20,338,16,17,3,,4,0,3,3,7,3,1,1,,,2,2,266,22,47,,20/48 (42%),3/7 (43%),47%,6,35/71 (49%),6/17 (35%),3/9 (33%),69%,16,10,58,24,,1,,,,,6
12129678,185,53223,NORMAL,REGULAR,Round 3,LEAGUE,6347,MGS Panserraikos,Visita,1ST,06/04/2024,3,1,51%,0.00,1,3,1,0,,233,5,9,1,,2,0,1,0,1,2,1,0,,,1,1,195,9,24,,10/22 (45%),1/5 (20%),49%,2,16/32 (50%),3/7 (43%),2/4 (50%),100%,5,5,34,12,,1,,,,,3
12129678,185,53223,NORMAL,REGULAR,Round 3,LEAGUE,6347,MGS Panserraikos,Visita,2ND,06/04/2024,3,0,27%,0.00,1,7,0,1,,105,11,8,2,,2,0,2,3,6,1,0,1,,,1,1,71,13,23,,10/26 (38%),2/2 (100%),45%,4,19/39 (49%),3/10 (30%),1/5 (20%),55%,11,5,24,12,,0,,,,,3
12129682,185,53223,NORMAL,REGULAR,Round 4,LEAGUE,267459,NPS Volos,Local,ALL,13/04/2024,4,2,56%,0.00,3,13,3,7,21,370,16,20,3,,8,0,2,3,7,6,1,2,,,5,0,297,22,58,,27/45 (60%),4/18 (22%),51%,11,40/81 (49%),7/12 (58%),4/10 (40%),94%,16,9,48,3,,3,,,,,3
12129682,185,53223,NORMAL,REGULAR,Round 4,LEAGUE,267459,NPS Volos,Local,1ST,13/04/2024,4,1,53%,0.00,2,7,1,4,,193,10,11,0,,4,0,1,2,4,3,1,1,,,2,0,156,15,36,,17/24 (71%),2/11 (18%),53%,7,25/47 (53%),3/6 (50%),4/8 (50%),90%,10,2,23,1,,1,,,,,0
12129682,185,53223,NORMAL,REGULAR,Round 4,LEAGUE,267459,NPS Volos,Local,2ND,13/04/2024,4,1,59%,0.00,1,6,2,3,,177,6,9,3,,4,0,1,1,3,3,0,1,,,3,0,141,7,22,,10/21 (48%),2/7 (29%),48%,4,15/34 (44%),4/6 (67%),0/2 (0%),100%,6,7,25,2,,2,,,,,3
12129682,185,53223,NORMAL,REGULAR,Round 4,LEAGUE,5062,APS Atromitos Athinon,Visita,ALL,13/04/2024,4,2,44%,0.00,1,12,6,2,21,306,17,19,5,,5,0,1,6,8,4,1,0,,,3,2,244,20,39,,35/65 (54%),4/7 (57%),49%,14,41/81 (51%),5/12 (42%),5/7 (71%),76%,17,11,50,11,,6,,,,,3
12129682,185,53223,NORMAL,REGULAR,Round 4,LEAGUE,5062,APS Atromitos Athinon,Visita,1ST,13/04/2024,4,1,47%,0.00,0,5,3,0,,180,11,8,2,,2,0,0,3,3,2,0,0,,,0,0,154,9,20,,18/31 (58%),1/2 (50%),47%,9,22/47 (47%),3/6 (50%),3/4 (75%),82%,11,4,26,7,,3,,,,,2
12129682,185,53223,NORMAL,REGULAR,Round 4,LEAGUE,5062,APS Atromitos Athinon,Visita,2ND,13/04/2024,4,1,41%,0.00,1,7,3,2,,126,6,11,3,,3,0,1,3,5,2,1,0,,,3,2,90,11,19,,17/34 (50%),3/5 (60%),52%,5,19/34 (56%),2/6 (33%),2/3 (67%),67%,6,7,24,4,,3,,,,,1
12129660,185,53223,NORMAL,REGULAR,Round 5,LEAGUE,5062,APS Atromitos Athinon,Local,ALL,20/04/2024,5,1,60%,0.00,3,15,6,3,20,431,18,14,3,,3,0,8,4,12,3,1,2,,,1,3,342,21,57,,40/84 (48%),2/14 (14%),54%,2,36/65 (55%),8/16 (50%),4/10 (40%),78%,18,10,41,9,,6,,,,,4
12129660,185,53223,NORMAL,REGULAR,Round 5,LEAGUE,5062,APS Atromitos Athinon,Local,1ST,20/04/2024,5,1,63%,0.00,2,10,0,3,,261,10,7,1,,2,0,5,3,8,2,1,1,,,0,1,220,12,26,,24/44 (55%),1/9 (11%),59%,2,21/36 (58%),5/8 (63%),4/7 (57%),70%,10,5,21,3,,0,,,,,2
12129660,185,53223,NORMAL,REGULAR,Round 5,LEAGUE,5062,APS Atromitos Athinon,Local,2ND,20/04/2024,5,0,55%,0.00,1,5,6,0,,170,8,7,2,,1,0,3,1,4,1,0,1,,,1,2,122,9,31,,16/40 (40%),1/5 (20%),49%,0,15/29 (52%),3/8 (38%),0/3 (0%),88%,8,5,20,6,,6,,,,,2
12129660,185,53223,NORMAL,REGULAR,Round 5,LEAGUE,120224,AE Kifisia,Visita,ALL,20/04/2024,5,2,40%,0.00,2,15,2,5,15,289,8,17,6,,8,0,3,4,9,6,1,1,,,3,2,216,22,49,,21/50 (42%),4/11 (36%),46%,7,29/65 (45%),8/16 (50%),4/15 (27%),50%,8,18,41,20,,2,,,,,8
12129660,185,53223,NORMAL,REGULAR,Round 5,LEAGUE,120224,AE Kifisia,Visita,1ST,20/04/2024,5,0,37%,0.00,0,3,1,0,,158,5,8,2,,0,0,2,1,2,1,0,0,,,0,2,121,6,19,,8/25 (32%),1/1 (100%),41%,4,15/36 (42%),3/8 (38%),2/8 (25%),40%,5,8,23,9,,1,,,,,4
12129660,185,53223,NORMAL,REGULAR,Round 5,LEAGUE,120224,AE Kifisia,Visita,2ND,20/04/2024,5,2,45%,0.00,2,12,1,5,,131,3,9,4,,8,0,1,3,7,5,1,1,,,3,0,95,16,30,,13/25 (52%),3/10 (30%),51%,3,14/29 (48%),5/8 (63%),2/7 (29%),67%,3,10,18,11,,1,,,,,4
12129669,185,53223,NORMAL,REGULAR,Round 6,LEAGUE,7004,GFS Panetolikos,Local,ALL,27/04/2024,6,1,51%,0.00,3,11,5,3,14,371,15,9,5,1,4,0,4,3,5,6,1,2,0,,4,0,301,24,48,,25/50 (50%),3/8 (38%),50%,7,30/64 (47%),14/24 (58%),6/15 (40%),60%,15,7,39,16,,5,,,,,5
12129669,185,53223,NORMAL,REGULAR,Round 6,LEAGUE,7004,GFS Panetolikos,Local,1ST,27/04/2024,6,0,57%,0.00,1,5,0,0,,252,9,5,2,0,2,0,1,2,3,2,0,1,0,,2,0,214,15,30,,17/28 (61%),1/3 (33%),61%,5,20/37 (54%),10/12 (83%),6/9 (67%),44%,9,3,24,4,,0,,,,,1
12129669,185,53223,NORMAL,REGULAR,Round 6,LEAGUE,7004,GFS Panetolikos,Local,2ND,27/04/2024,6,1,42%,0.00,2,6,5,3,,119,6,4,3,1,2,0,3,1,2,4,1,1,0,,2,0,87,9,18,,8/22 (36%),2/5 (40%),36%,2,10/27 (37%),4/12 (33%),0/6 (0%),83%,6,4,15,12,,5,,,,,4
12129669,185,53223,NORMAL,REGULAR,Round 6,LEAGUE,5062,APS Atromitos Athinon,Visita,ALL,27/04/2024,6,0,49%,0.00,1,15,3,6,10,344,16,14,6,1,6,0,5,4,10,5,0,1,1,,4,5,265,15,62,,29/75 (39%),4/15 (27%),50%,14,34/64 (53%),10/24 (42%),4/5 (80%),88%,16,11,44,5,,3,,,,,8
12129669,185,53223,NORMAL,REGULAR,Round 6,LEAGUE,5062,APS Atromitos Athinon,Visita,1ST,27/04/2024,6,0,43%,0.00,0,2,2,0,,188,8,8,2,0,0,0,1,1,1,1,0,0,0,,0,1,145,7,34,,14/44 (32%),0/3 (0%),39%,8,17/37 (46%),2/12 (17%),1/2 (50%),75%,8,9,21,2,,2,,,,,5
12129669,185,53223,NORMAL,REGULAR,Round 6,LEAGUE,5062,APS Atromitos Athinon,Visita,2ND,27/04/2024,6,0,58%,0.00,1,13,1,6,,156,8,6,4,1,6,0,4,3,9,4,0,1,1,,4,4,120,8,28,,15/31 (48%),4/12 (33%),64%,6,17/27 (63%),8/12 (67%),3/3 (100%),100%,8,2,23,3,,1,,,,,3
12129681,185,53223,NORMAL,REGULAR,Round 7,LEAGUE,5062,APS Atromitos Athinon,Local,ALL,11/05/2024,7,0,55%,0.00,0,7,3,1,13,497,9,17,0,,0,0,3,4,4,3,0,,0,,0,5,433,22,65,,28/56 (50%),4/23 (17%),52%,3,35/67 (52%),8/16 (50%),9/16 (56%),67%,9,13,43,19,,3,,,,,7
12129681,185,53223,NORMAL,REGULAR,Round 7,LEAGUE,5062,APS Atromitos Athinon,Local,1ST,11/05/2024,7,0,54%,0.00,0,6,2,1,,250,4,9,0,,0,0,2,4,3,3,0,,0,,0,3,216,9,31,,14/29 (48%),1/10 (10%),60%,2,17/29 (59%),4/6 (67%),4/7 (57%),50%,4,8,26,14,,2,,,,,4
12129681,185,53223,NORMAL,REGULAR,Round 7,LEAGUE,5062,APS Atromitos Athinon,Local,2ND,11/05/2024,7,0,56%,0.00,0,1,1,0,,247,5,8,0,,0,0,1,0,1,0,0,,0,,0,2,217,13,34,,14/27 (52%),3/13 (23%),46%,1,18/38 (47%),4/10 (40%),5/9 (56%),80%,5,5,17,5,,1,,,,,3
12129681,185,53223,NORMAL,REGULAR,Round 7,LEAGUE,6342,Asteras Aktor,Visita,ALL,11/05/2024,7,1,45%,0.00,1,12,0,4,19,413,10,13,2,,4,1,7,1,8,4,1,,1,,1,1,343,15,48,,27/54 (50%),3/8 (38%),48%,8,32/67 (48%),8/16 (50%),9/10 (90%),80%,10,15,49,12,,0,,,,,6
12129681,185,53223,NORMAL,REGULAR,Round 7,LEAGUE,6342,Asteras Aktor,Visita,1ST,11/05/2024,7,0,46%,0.00,0,6,0,3,,215,5,3,1,,2,0,3,1,3,3,0,,0,,0,0,173,8,23,,16/29 (55%),1/5 (20%),40%,4,12/29 (41%),2/6 (33%),4/4 (100%),80%,5,6,26,6,,0,,,,,6
12129681,185,53223,NORMAL,REGULAR,Round 7,LEAGUE,6342,Asteras Aktor,Visita,2ND,11/05/2024,7,1,44%,0.00,1,6,0,1,,198,5,10,1,,2,1,4,0,5,1,1,,1,,1,1,170,7,25,,11/25 (44%),2/3 (67%),54%,4,20/38 (53%),6/10 (60%),5/6 (83%),80%,5,9,23,6,,0,,,,,0
12558964,185,64052,NORMAL,REGULAR,Round 1,LEAGUE,5062,APS Atromitos Athinon,Local,ALL,18/08/2024,1,1,49%,0.00,3,7,2,3,15,387,20,19,2,,5,0,2,0,6,1,1,2,1,18,2,1,318,27,55,49/86 (57%),21/50 (42%),2/18 (11%),51%,5,46/80 (57%),8/26 (31%),10/15 (67%),50%,20,5,48,13,1,2,,,3,1,6
12558964,185,64052,NORMAL,REGULAR,Round 1,LEAGUE,5062,APS Atromitos Athinon,Local,1ST,18/08/2024,1,0,50%,0.00,2,4,1,1,,217,9,10,1,,3,0,1,0,4,0,0,2,1,,0,0,186,12,35,,12/23 (52%),2/10 (20%),53%,4,27/45 (60%),4/13 (31%),9/10 (90%),56%,9,3,30,4,,1,,,,,1
12558964,185,64052,NORMAL,REGULAR,Round 1,LEAGUE,5062,APS Atromitos Athinon,Local,2ND,18/08/2024,1,1,47%,0.00,1,3,1,2,,170,11,9,1,,2,0,1,0,2,1,1,0,0,,2,1,132,15,20,,9/27 (33%),0/8 (0%),48%,1,19/35 (54%),4/13 (31%),1/5 (20%),45%,11,2,18,9,,1,,,,,5
12558964,185,64052,NORMAL,REGULAR,Round 1,LEAGUE,3252,Aris Thessaloniki,Visita,ALL,18/08/2024,1,1,51%,0.00,1,10,4,4,19,399,10,15,3,,2,0,4,4,5,5,0,1,0,25,1,2,333,22,40,85/109 (78%),32/57 (56%),8/20 (40%),49%,6,34/80 (43%),18/26 (69%),10/24 (42%),50%,10,9,54,14,0,4,,,3,0,5
12558964,185,64052,NORMAL,REGULAR,Round 1,LEAGUE,3252,Aris Thessaloniki,Visita,1ST,18/08/2024,1,0,50%,0.00,1,6,3,3,,210,5,9,0,,1,0,2,3,4,2,0,1,0,,1,2,177,10,20,,15/28 (54%),5/11 (45%),47%,2,18/45 (40%),9/13 (69%),5/12 (42%),80%,5,5,34,5,,3,,,,,1
12558964,185,64052,NORMAL,REGULAR,Round 1,LEAGUE,3252,Aris Thessaloniki,Visita,2ND,18/08/2024,1,1,53%,0.00,0,4,1,1,,189,5,6,3,,1,0,2,1,1,3,0,0,0,,0,0,156,12,20,,17/29 (59%),3/9 (33%),52%,4,16/35 (46%),9/13 (69%),5/12 (42%),20%,5,4,20,9,,1,,,,,4
12568247,185,64052,NORMAL,REGULAR,Round 2,LEAGUE,3241,OFI Crete,Local,ALL,24/08/2024,2,1,37%,0.00,1,7,1,4,23,270,11,11,7,1,2,0,5,0,3,4,0,1,0,8,1,0,201,18,44,45/76 (59%),27/69 (39%),2/14 (14%),31%,14,25/86 (29%),11/31 (35%),3/15 (20%),55%,11,8,43,34,,1,,1,1,1,10
12568247,185,64052,NORMAL,REGULAR,Round 2,LEAGUE,3241,OFI Crete,Local,1ST,24/08/2024,2,1,44%,0.00,1,3,0,4,,145,4,8,3,0,1,0,2,0,1,2,0,1,0,,0,0,112,11,22,,13/37 (35%),1/8 (13%),28%,7,12/44 (27%),5/16 (31%),0/10 (0%),50%,4,4,18,13,,0,,,,,5
12568247,185,64052,NORMAL,REGULAR,Round 2,LEAGUE,3241,OFI Crete,Local,2ND,24/08/2024,2,0,31%,0.00,0,4,1,0,,125,7,3,4,1,1,0,3,0,2,2,0,0,0,,1,0,89,7,22,,14/32 (44%),1/6 (17%),33%,7,13/42 (31%),6/15 (40%),3/5 (60%),57%,7,4,25,21,,1,,,,,5
12568247,185,64052,NORMAL,REGULAR,Round 2,LEAGUE,5062,APS Atromitos Athinon,Visita,ALL,24/08/2024,2,1,63%,0.00,3,17,1,3,12,450,26,23,6,2,2,0,8,7,12,5,1,2,1,25,5,4,362,27,59,87/126 (69%),26/53 (49%),6/30 (20%),69%,6,61/86 (71%),20/31 (65%),12/17 (71%),58%,26,6,41,12,,1,,0,1,0,10
12568247,185,64052,NORMAL,REGULAR,Round 2,LEAGUE,5062,APS Atromitos Athinon,Visita,1ST,24/08/2024,2,0,56%,0.00,1,9,0,2,,179,17,9,2,0,0,0,5,4,8,1,0,1,0,,2,1,139,17,29,,14/28 (50%),4/16 (25%),72%,2,32/44 (73%),11/16 (69%),6/8 (75%),71%,17,3,14,7,,0,,,,,7
12568247,185,64052,NORMAL,REGULAR,Round 2,LEAGUE,5062,APS Atromitos Athinon,Visita,2ND,24/08/2024,2,1,69%,0.00,2,8,1,1,,271,9,14,4,2,2,0,3,3,4,4,1,1,1,,3,3,223,10,30,,12/25 (48%),2/14 (14%),67%,4,29/42 (69%),9/15 (60%),6/9 (67%),33%,9,3,27,5,,1,,,,,3
12568266,185,64052,NORMAL,REGULAR,Round 3,LEAGUE,5062,APS Atromitos Athinon,Local,ALL,01/09/2024,3,1,44%,0.00,1,7,2,4,16,332,11,14,4,,3,0,2,2,2,5,1,0,,16,5,1,233,26,55,70/115 (61%),19/55 (35%),2/18 (11%),46%,8,36/72 (50%),10/27 (37%),11/19 (58%),45%,11,10,38,15,0,2,,0,,2,6
12568266,185,64052,NORMAL,REGULAR,Round 3,LEAGUE,5062,APS Atromitos Athinon,Local,1ST,01/09/2024,3,0,46%,0.00,0,4,0,3,,182,8,8,1,,2,0,1,1,1,3,0,0,,,3,0,124,14,28,,7/28 (25%),1/12 (8%),50%,5,25/43 (58%),3/13 (23%),9/14 (64%),50%,8,7,22,8,,0,,,,,4
12568266,185,64052,NORMAL,REGULAR,Round 3,LEAGUE,5062,APS Atromitos Athinon,Local,2ND,01/09/2024,3,1,42%,0.00,1,3,2,1,,150,3,6,3,,1,0,1,1,1,2,1,0,,,2,1,109,12,27,,12/27 (44%),1/6 (17%),42%,3,11/29 (38%),7/14 (50%),2/5 (40%),33%,3,3,16,7,,2,,,,,2
12568266,185,64052,NORMAL,REGULAR,Round 3,LEAGUE,3251,PAOK,Visita,ALL,01/09/2024,3,2,56%,0.00,3,8,2,2,16,435,16,16,3,,4,0,2,2,6,2,2,1,,16,3,3,344,27,49,57/90 (63%),22/58 (38%),2/10 (20%),54%,6,36/72 (50%),17/27 (63%),5/10 (50%),44%,16,9,42,19,1,2,,1,,0,6
12568266,185,64052,NORMAL,REGULAR,Round 3,LEAGUE,3251,PAOK,Visita,1ST,01/09/2024,3,1,54%,0.00,2,5,2,2,,225,10,5,0,,1,0,2,2,5,0,1,1,,,0,2,178,13,21,,11/27 (41%),1/4 (25%),50%,4,18/43 (42%),10/13 (77%),3/7 (43%),60%,10,6,27,14,,2,,,,,3
12568266,185,64052,NORMAL,REGULAR,Round 3,LEAGUE,3251,PAOK,Visita,2ND,01/09/2024,3,1,58%,0.00,1,3,0,0,,210,6,11,3,,3,0,0,0,1,2,1,0,,,3,1,166,14,28,,11/31 (35%),1/6 (17%),58%,2,18/29 (62%),7/14 (50%),2/3 (67%),17%,6,3,15,5,,0,,,,,3
12568223,185,64052,NORMAL,REGULAR,Round 4,LEAGUE,6342,Asteras Aktor,Local,ALL,14/09/2024,4,1,68%,0.00,3,14,0,6,15,467,13,17,1,,5,0,8,1,8,6,1,2,0,20,5,2,376,26,72,95/143 (66%),31/66 (47%),6/19 (32%),54%,9,39/75 (52%),19/32 (59%),9/16 (56%),46%,13,7,43,14,1,0,,0,,,8
12568223,185,64052,NORMAL,REGULAR,Round 4,LEAGUE,6342,Asteras Aktor,Local,1ST,14/09/2024,4,1,63%,0.00,2,7,0,2,,212,5,8,0,,2,0,5,0,4,3,1,1,0,,4,1,165,12,30,,15/32 (47%),3/6 (50%),54%,4,16/33 (48%),11/17 (65%),3/6 (50%),20%,5,1,20,7,,0,,,,,5
12568223,185,64052,NORMAL,REGULAR,Round 4,LEAGUE,6342,Asteras Aktor,Local,2ND,14/09/2024,4,0,73%,0.00,1,7,0,4,,255,8,9,1,,3,0,3,1,4,3,0,1,0,,1,1,211,14,42,,16/34 (47%),3/13 (23%),54%,5,23/42 (55%),8/15 (53%),6/10 (60%),63%,8,6,23,7,,0,,,,,3
12568223,185,64052,NORMAL,REGULAR,Round 4,LEAGUE,5062,APS Atromitos Athinon,Visita,ALL,14/09/2024,4,2,32%,0.00,3,8,4,1,17,218,16,14,5,,2,0,6,0,6,2,2,1,1,13,3,4,142,25,37,28/56 (50%),13/55 (24%),2/8 (25%),46%,7,36/75 (48%),13/32 (41%),8/14 (57%),44%,16,11,40,26,0,4,,2,,,13
12568223,185,64052,NORMAL,REGULAR,Round 4,LEAGUE,5062,APS Atromitos Athinon,Visita,1ST,14/09/2024,4,2,37%,0.00,3,5,1,1,,123,7,8,1,,2,0,3,0,4,1,2,1,1,,1,2,86,10,17,,6/28 (21%),1/5 (20%),46%,3,17/33 (52%),6/17 (35%),3/5 (60%),43%,7,1,22,12,,1,,,,,6
12568223,185,64052,NORMAL,REGULAR,Round 4,LEAGUE,5062,APS Atromitos Athinon,Visita,2ND,14/09/2024,4,0,27%,0.00,0,3,3,0,,95,9,6,4,,0,0,3,0,2,1,0,0,0,,2,2,56,15,20,,7/27 (26%),1/3 (33%),46%,4,19/42 (45%),7/15 (47%),5/9 (56%),44%,9,10,18,14,,3,,,,,7
12568250,185,64052,NORMAL,REGULAR,Round 5,LEAGUE,5062,APS Atromitos Athinon,Local,ALL,22/09/2024,5,4,56%,0.00,4,12,1,6,13,484,18,11,1,,8,2,4,0,11,1,1,3,2,30,1,2,417,26,65,119/162 (73%),30/54 (56%),4/20 (20%),46%,9,35/74 (47%),10/24 (42%),7/18 (39%),56%,18,7,49,12,0,1,,0,1,,5
12568250,185,64052,NORMAL,REGULAR,Round 5,LEAGUE,5062,APS Atromitos Athinon,Local,1ST,22/09/2024,5,1,60%,0.00,2,4,0,2,,289,6,7,0,,4,1,0,0,4,0,0,2,1,,0,1,256,11,35,,17/29 (59%),1/7 (14%),40%,6,15/39 (38%),6/13 (46%),3/10 (30%),67%,6,4,25,8,,0,,,,,2
12568250,185,64052,NORMAL,REGULAR,Round 5,LEAGUE,5062,APS Atromitos Athinon,Local,2ND,22/09/2024,5,3,51%,0.00,2,8,1,4,,195,12,4,1,,4,1,4,0,7,1,1,1,1,,1,1,161,15,30,,13/25 (52%),3/13 (23%),52%,3,20/35 (57%),4/11 (36%),4/8 (50%),50%,12,3,24,4,,1,,,,,3
12568250,185,64052,NORMAL,REGULAR,Round 5,LEAGUE,120154,PAS Lamia 1964,Visita,ALL,22/09/2024,5,2,44%,0.00,1,5,4,2,11,379,20,13,1,,2,0,2,1,4,1,1,0,1,11,0,2,303,20,39,50/74 (68%),21/49 (43%),5/10 (50%),54%,7,39/74 (53%),14/24 (58%),7/18 (39%),80%,20,10,50,17,1,4,,2,0,,8
12568250,185,64052,NORMAL,REGULAR,Round 5,LEAGUE,120154,PAS Lamia 1964,Visita,1ST,22/09/2024,5,1,40%,0.00,1,3,3,2,,187,13,8,0,,1,0,1,1,3,0,1,0,1,,0,1,149,10,22,,7/23 (30%),3/5 (60%),60%,2,24/39 (62%),7/13 (54%),3/7 (43%),69%,13,7,27,10,,3,,,,,2
12568250,185,64052,NORMAL,REGULAR,Round 5,LEAGUE,120154,PAS Lamia 1964,Visita,2ND,22/09/2024,5,1,49%,0.00,0,2,1,0,,192,7,5,1,,1,0,1,0,1,1,0,0,0,,0,1,154,10,17,,14/26 (54%),2/5 (40%),48%,5,15/35 (43%),7/11 (64%),4/11 (36%),100%,7,3,23,7,,1,,,,,6
12568237,185,64052,NORMAL,REGULAR,Round 6,LEAGUE,3245,Olympiacos FC,Local,ALL,29/09/2024,6,2,52%,0.00,3,15,2,5,17,423,16,7,2,,7,2,6,2,11,4,1,2,1,27,1,2,327,27,62,101/147 (69%),33/64 (52%),9/24 (38%),50%,8,34/76 (45%),24/39 (62%),12/22 (55%),63%,16,9,53,18,,2,,0,2,1,4
12568237,185,64052,NORMAL,REGULAR,Round 6,LEAGUE,3245,Olympiacos FC,Local,1ST,29/09/2024,6,1,53%,0.00,1,8,1,3,,210,11,5,1,,3,0,3,2,6,2,1,0,1,,1,1,159,17,32,,18/37 (49%),4/13 (31%),49%,6,18/41 (44%),14/24 (58%),3/9 (33%),55%,11,4,25,11,,1,,,,,0
12568237,185,64052,NORMAL,REGULAR,Round 6,LEAGUE,3245,Olympiacos FC,Local,2ND,29/09/2024,6,1,51%,0.00,2,7,1,2,,213,5,2,1,,4,2,3,0,5,2,0,2,0,,0,1,168,10,30,,15/27 (56%),5/11 (45%),52%,2,16/35 (46%),10/15 (67%),9/13 (69%),80%,5,5,28,7,,1,,,,,4
12568237,185,64052,NORMAL,REGULAR,Round 6,LEAGUE,5062,APS Atromitos Athinon,Visita,ALL,29/09/2024,6,0,48%,0.00,1,7,5,5,7,394,18,17,1,,2,0,2,3,4,3,0,1,1,23,0,5,295,20,51,84/122 (69%),19/76 (25%),7/18 (39%),50%,8,42/76 (55%),15/39 (38%),7/15 (47%),78%,18,11,53,25,,5,,2,0,0,12
12568237,185,64052,NORMAL,REGULAR,Round 6,LEAGUE,5062,APS Atromitos Athinon,Visita,1ST,29/09/2024,6,0,47%,0.00,0,3,2,1,,192,12,8,0,,1,0,0,2,1,2,0,0,1,,0,2,142,10,27,,7/37 (19%),2/8 (25%),51%,5,23/41 (56%),10/24 (42%),3/9 (33%),75%,12,5,23,19,,2,,,,,7
12568237,185,64052,NORMAL,REGULAR,Round 6,LEAGUE,5062,APS Atromitos Athinon,Visita,2ND,29/09/2024,6,0,49%,0.00,1,4,3,4,,202,6,9,1,,1,0,2,1,3,1,0,1,0,,0,3,153,10,24,,12/39 (31%),5/10 (50%),48%,3,19/35 (54%),5/15 (33%),4/6 (67%),83%,6,6,30,6,,3,,,,,5
12568227,185,64052,NORMAL,REGULAR,Round 7,LEAGUE,5062,APS Atromitos Athinon,Local,ALL,05/10/2024,7,1,59%,0.00,0,14,1,5,12,512,7,16,1,1,3,1,8,3,6,8,0,,0,17,6,0,445,27,84,145/184 (79%),24/42 (57%),6/37 (16%),41%,5,26/55 (47%),10/33 (30%),5/14 (36%),43%,7,7,47,14,,1,,,0,0,3
12568227,185,64052,NORMAL,REGULAR,Round 7,LEAGUE,5062,APS Atromitos Athinon,Local,1ST,05/10/2024,7,1,69%,0.00,0,4,0,2,,313,1,8,1,1,1,1,2,1,2,2,0,,0,,5,0,276,15,46,,18/27 (67%),3/19 (16%),33%,1,10/23 (43%),4/20 (20%),2/6 (33%),0%,1,4,23,5,,0,,,,,2
12568227,185,64052,NORMAL,REGULAR,Round 7,LEAGUE,5062,APS Atromitos Athinon,Local,2ND,05/10/2024,7,0,48%,0.00,0,10,1,3,,199,6,8,0,0,2,0,6,2,4,6,0,,0,,1,0,169,12,38,,6/15 (40%),3/18 (17%),49%,4,16/32 (50%),6/13 (46%),3/8 (38%),50%,6,3,24,9,,1,,,,,1
12568227,185,64052,NORMAL,REGULAR,Round 7,LEAGUE,267459,NPS Volos,Visita,ALL,05/10/2024,7,2,41%,0.00,1,6,2,1,18,369,14,11,6,1,3,0,1,2,4,2,1,,1,12,0,1,296,15,35,51/78 (65%),30/54 (56%),2/8 (25%),59%,2,29/55 (53%),23/33 (70%),5/10 (50%),57%,14,9,56,32,,2,,,1,1,9
12568227,185,64052,NORMAL,REGULAR,Round 7,LEAGUE,267459,NPS Volos,Visita,1ST,05/10/2024,7,0,31%,0.00,0,2,0,0,,144,5,7,3,0,0,0,1,1,2,0,0,,0,,0,0,102,8,13,,12/25 (48%),1/3 (33%),67%,0,13/23 (57%),16/20 (80%),2/3 (67%),60%,5,6,27,15,,0,,,,,3
12568227,185,64052,NORMAL,REGULAR,Round 7,LEAGUE,267459,NPS Volos,Visita,2ND,05/10/2024,7,2,52%,0.00,1,4,2,1,,225,9,4,3,1,3,0,0,1,2,2,1,,1,,0,1,194,7,22,,18/29 (62%),1/5 (20%),51%,2,16/32 (50%),7/13 (54%),3/7 (43%),56%,9,3,29,17,,2,,,,,6
12568262,185,64052,NORMAL,REGULAR,Round 8,LEAGUE,5062,APS Atromitos Athinon,Local,ALL,19/10/2024,8,0,67%,0.00,1,19,3,8,9,595,26,10,1,,4,0,8,7,7,12,,1,2,25,4,,517,20,96,167/220 (76%),15/35 (43%),4/35 (11%),54%,7,44/76 (58%),9/22 (41%),8/14 (57%),38%,26,15,53,8,0,3,,,0,0,3
12568262,185,64052,NORMAL,REGULAR,Round 8,LEAGUE,5062,APS Atromitos Athinon,Local,1ST,19/10/2024,8,0,63%,0.00,1,7,2,3,,261,13,4,0,,2,0,4,1,2,5,,1,1,,2,,222,10,47,,9/17 (53%),3/15 (20%),61%,2,20/35 (57%),8/11 (73%),3/6 (50%),46%,13,10,26,6,,2,,,,,1
12568262,185,64052,NORMAL,REGULAR,Round 8,LEAGUE,5062,APS Atromitos Athinon,Local,2ND,19/10/2024,8,0,71%,0.00,0,12,1,5,,334,13,6,1,,2,0,4,6,5,7,,0,1,,2,,295,10,49,,6/18 (33%),1/20 (5%),48%,5,24/41 (59%),1/11 (9%),5/8 (63%),31%,13,5,27,2,,1,,,,,2
12568262,185,64052,NORMAL,REGULAR,Round 8,LEAGUE,7004,GFS Panetolikos,Visita,ALL,19/10/2024,8,2,33%,0.00,1,7,4,1,10,296,13,9,0,,4,1,3,0,5,2,,1,0,11,2,,224,22,37,62/94 (66%),19/51 (37%),5/9 (56%),46%,15,32/76 (42%),13/22 (59%),10/21 (48%),54%,13,8,47,42,1,4,,,6,2,11
12568262,185,64052,NORMAL,REGULAR,Round 8,LEAGUE,7004,GFS Panetolikos,Visita,1ST,19/10/2024,8,2,37%,0.00,1,4,2,1,,149,5,6,0,,3,0,1,0,4,0,,1,0,,1,,116,12,18,,11/27 (41%),5/8 (63%),39%,7,15/35 (43%),3/11 (27%),4/10 (40%),60%,5,5,18,17,,2,,,,,6
12568262,185,64052,NORMAL,REGULAR,Round 8,LEAGUE,7004,GFS Panetolikos,Visita,2ND,19/10/2024,8,0,29%,0.00,0,3,2,0,,147,8,3,0,,1,1,2,0,1,2,,0,0,,1,,108,10,19,,8/24 (33%),0/1 (0%),52%,8,17/41 (41%),10/11 (91%),6/11 (55%),50%,8,3,29,25,,2,,,,,5
12568235,185,64052,NORMAL,REGULAR,Round 9,LEAGUE,3255,Athens Kallithea FC,Local,ALL,27/10/2024,9,0,56%,0.00,2,11,4,4,20,407,16,12,2,,3,2,7,1,8,3,0,2,0,15,2,2,307,27,53,70/114 (61%),43/74 (58%),8/20 (40%),54%,7,36/74 (49%),31/49 (63%),10/15 (67%),63%,16,3,36,16,,4,,3,1,,12
12568235,185,64052,NORMAL,REGULAR,Round 9,LEAGUE,3255,Athens Kallithea FC,Local,1ST,27/10/2024,9,0,48%,0.00,1,5,0,0,,174,7,4,1,,1,1,4,0,3,2,0,1,0,,1,0,122,14,22,,24/43 (56%),4/7 (57%),52%,3,16/32 (50%),13/24 (54%),5/8 (63%),71%,7,2,17,12,,0,,,,,8
12568235,185,64052,NORMAL,REGULAR,Round 9,LEAGUE,3255,Athens Kallithea FC,Local,2ND,27/10/2024,9,0,64%,0.00,1,6,4,4,,233,9,8,1,,2,1,3,1,5,1,0,1,0,,1,2,185,13,31,,19/31 (61%),4/13 (31%),57%,4,20/42 (48%),18/25 (72%),5/7 (71%),56%,9,1,19,4,,4,,,,,4
12568235,185,64052,NORMAL,REGULAR,Round 9,LEAGUE,5062,APS Atromitos Athinon,Visita,ALL,27/10/2024,9,3,44%,0.00,2,19,3,7,12,316,12,20,4,,7,1,7,5,13,6,1,1,2,21,5,1,236,17,49,88/121 (73%),18/66 (27%),3/17 (18%),46%,8,38/74 (51%),18/49 (37%),9/17 (53%),42%,12,8,46,26,,3,,0,0,,7
12568235,185,64052,NORMAL,REGULAR,Round 9,LEAGUE,5062,APS Atromitos Athinon,Visita,1ST,27/10/2024,9,1,52%,0.00,0,8,1,4,,184,6,8,1,,1,1,4,3,5,3,0,0,1,,1,1,137,9,25,,8/34 (24%),3/12 (25%),48%,3,16/32 (50%),11/24 (46%),4/8 (50%),50%,6,7,23,7,,1,,,,,4
12568235,185,64052,NORMAL,REGULAR,Round 9,LEAGUE,5062,APS Atromitos Athinon,Visita,2ND,27/10/2024,9,2,36%,0.00,2,11,2,3,,132,6,12,3,,6,0,3,2,8,3,1,1,1,,4,0,99,8,24,,10/32 (31%),0/5 (0%),43%,5,22/42 (52%),7/25 (28%),5/9 (56%),33%,6,1,23,19,,2,,,,,3
12568367,185,64052,NORMAL,REGULAR,Round 10,LEAGUE,5062,APS Atromitos Athinon,Local,ALL,03/11/2024,10,0,35%,0.00,0,5,2,5,15,268,22,14,1,,2,1,3,0,4,1,0,,1,13,0,3,178,25,61,58/107 (54%),20/64 (31%),1/15 (7%),44%,4,39/73 (53%),5/26 (19%),4/11 (36%),64%,22,8,46,16,0,2,,1,1,,7
12568367,185,64052,NORMAL,REGULAR,Round 10,LEAGUE,5062,APS Atromitos Athinon,Local,1ST,03/11/2024,10,0,28%,0.00,0,2,1,2,,101,15,7,1,,1,0,1,0,1,1,0,,0,,0,2,64,10,20,,7/30 (23%),0/7 (0%),46%,1,23/42 (55%),2/12 (17%),1/6 (17%),60%,15,3,21,5,,1,,,,,4
12568367,185,64052,NORMAL,REGULAR,Round 10,LEAGUE,5062,APS Atromitos Athinon,Local,2ND,03/11/2024,10,0,42%,0.00,0,3,1,3,,167,7,7,0,,1,1,2,0,3,0,0,,1,,0,1,114,15,41,,13/34 (38%),1/8 (13%),42%,3,16/31 (52%),3/14 (21%),3/5 (60%),71%,7,5,25,11,,1,,,,,3
12568367,185,64052,NORMAL,REGULAR,Round 10,LEAGUE,3250,AEK Athens,Visita,ALL,03/11/2024,10,1,65%,0.00,1,7,2,2,14,511,11,15,3,,3,2,3,1,3,4,1,,0,15,1,3,425,30,58,117/152 (77%),33/61 (54%),3/12 (25%),56%,16,34/73 (47%),21/26 (81%),8/14 (57%),82%,11,10,54,26,1,2,,0,0,,9
12568367,185,64052,NORMAL,REGULAR,Round 10,LEAGUE,3250,AEK Athens,Visita,1ST,03/11/2024,10,1,72%,0.00,1,5,1,0,,278,6,8,1,,2,1,2,1,2,3,1,,0,,1,2,244,19,25,,16/28 (57%),2/5 (40%),54%,10,19/42 (45%),10/12 (83%),5/10 (50%),83%,6,4,21,7,,1,,,,,4
12568367,185,64052,NORMAL,REGULAR,Round 10,LEAGUE,3250,AEK Athens,Visita,2ND,03/11/2024,10,0,58%,0.00,0,2,1,2,,233,5,7,2,,1,1,1,0,1,1,0,,0,,0,1,181,11,33,,17/33 (52%),1/7 (14%),58%,6,15/31 (48%),11/14 (79%),3/4 (75%),80%,5,6,33,19,,1,,,,,5
12568368,185,64052,NORMAL,REGULAR,Round 11,LEAGUE,6347,MGS Panserraikos,Local,ALL,09/11/2024,11,2,62%,0.00,2,11,1,3,21,485,17,14,4,,3,0,4,4,4,7,1,1,,13,4,0,385,21,54,69/115 (60%),28/57 (49%),5/17 (29%),54%,5,36/73 (49%),20/31 (65%),7/13 (54%),65%,17,8,50,11,,1,,,1,1,9
12568368,185,64052,NORMAL,REGULAR,Round 11,LEAGUE,6347,MGS Panserraikos,Local,1ST,09/11/2024,11,1,56%,0.00,1,6,1,2,,198,9,8,1,,2,0,3,1,2,4,1,0,,,2,0,160,6,15,,14/24 (58%),0/5 (0%),61%,2,21/37 (57%),9/12 (75%),4/7 (57%),56%,9,2,22,6,,1,,,,,0
12568368,185,64052,NORMAL,REGULAR,Round 11,LEAGUE,6347,MGS Panserraikos,Local,2ND,09/11/2024,11,1,67%,0.00,1,5,0,1,,287,8,6,3,,1,0,1,3,2,3,0,1,,,2,0,225,15,39,,14/33 (42%),5/12 (42%),47%,3,15/36 (42%),11/19 (58%),3/6 (50%),75%,8,6,28,5,,0,,,,,9
12568368,185,64052,NORMAL,REGULAR,Round 11,LEAGUE,5062,APS Atromitos Athinon,Visita,ALL,09/11/2024,11,3,38%,0.00,2,9,1,3,15,297,11,21,2,,4,0,1,4,5,4,1,1,,13,4,1,208,20,61,60/105 (57%),20/62 (32%),2/9 (22%),46%,9,37/73 (51%),11/31 (35%),7/15 (47%),73%,11,8,49,30,,1,,,2,0,8
12568368,185,64052,NORMAL,REGULAR,Round 11,LEAGUE,5062,APS Atromitos Athinon,Visita,1ST,09/11/2024,11,3,44%,0.00,1,7,1,1,,154,5,10,2,,4,0,0,3,3,4,1,0,,,2,1,119,9,24,,8/27 (30%),0/4 (0%),39%,4,16/37 (43%),3/12 (25%),3/8 (38%),60%,5,1,18,7,,1,,,,,5
12568368,185,64052,NORMAL,REGULAR,Round 11,LEAGUE,5062,APS Atromitos Athinon,Visita,2ND,09/11/2024,11,0,33%,0.00,1,2,0,2,,143,6,11,0,,0,0,1,1,2,0,0,1,,,2,0,89,11,37,,12/35 (34%),2/5 (40%),53%,5,21/36 (58%),8/19 (42%),4/7 (57%),83%,6,7,31,23,,0,,,,,3
12568370,185,64052,NORMAL,REGULAR,Round 12,LEAGUE,5062,APS Atromitos Athinon,Local,ALL,25/11/2024,12,2,57%,0.00,3,8,3,4,9,511,13,13,1,,5,0,1,2,6,2,2,1,,16,2,3,404,28,76,81/130 (62%),25/65 (38%),7/28 (25%),54%,6,35/65 (54%),16/29 (55%),9/20 (45%),46%,13,5,58,15,1,3,,2,,1,6
12568370,185,64052,NORMAL,REGULAR,Round 12,LEAGUE,5062,APS Atromitos Athinon,Local,1ST,25/11/2024,12,0,52%,0.00,0,5,2,2,,251,7,7,0,,2,0,1,2,3,2,0,0,,,0,2,198,13,39,,13/36 (36%),4/13 (31%),50%,3,18/34 (53%),6/14 (43%),4/11 (36%),29%,7,4,35,7,,2,,,,,2
12568370,185,64052,NORMAL,REGULAR,Round 12,LEAGUE,5062,APS Atromitos Athinon,Local,2ND,25/11/2024,12,2,62%,0.00,3,3,1,2,,260,6,6,1,,3,0,0,0,3,0,2,1,,,2,1,206,15,37,,12/29 (41%),3/15 (20%),59%,3,17/31 (55%),10/15 (67%),5/9 (56%),67%,6,1,23,8,,1,,,,,4
12568370,185,64052,NORMAL,REGULAR,Round 12,LEAGUE,5063,APO Levadiakos,Visita,ALL,25/11/2024,12,1,43%,0.00,1,11,3,6,13,391,17,9,4,,4,0,4,3,6,5,1,0,,19,2,2,304,25,54,65/105 (62%),26/59 (44%),3/17 (18%),46%,3,30/65 (46%),13/29 (45%),5/15 (33%),65%,17,12,54,42,1,3,,0,,1,6
12568370,185,64052,NORMAL,REGULAR,Round 12,LEAGUE,5063,APO Levadiakos,Visita,1ST,25/11/2024,12,1,48%,0.00,1,4,2,3,,231,10,3,2,,3,0,1,0,2,2,1,0,,,1,0,178,18,28,,16/37 (43%),2/9 (22%),50%,0,16/34 (47%),8/14 (57%),4/11 (36%),50%,10,6,29,11,,2,,,,,4
12568370,185,64052,NORMAL,REGULAR,Round 12,LEAGUE,5063,APO Levadiakos,Visita,2ND,25/11/2024,12,0,38%,0.00,0,7,1,3,,160,7,6,2,,1,0,3,3,4,3,0,0,,,1,2,126,7,26,,10/22 (45%),1/8 (13%),41%,3,14/31 (45%),5/15 (33%),1/4 (25%),86%,7,6,25,31,,1,,,,,2
12568713,185,64052,NORMAL,REGULAR,Round 13,LEAGUE,3248,Panathinaikos FC,Local,ALL,01/12/2024,13,1,56%,0.00,2,16,1,6,10,489,16,20,1,,7,1,5,4,11,5,1,1,,32,4,1,406,27,65,96/149 (64%),20/43 (47%),5/16 (31%),61%,6,49/81 (60%),11/18 (61%),13/21 (62%),69%,16,11,39,15,1,1,,,,0,5
12568713,185,64052,NORMAL,REGULAR,Round 13,LEAGUE,3248,Panathinaikos FC,Local,1ST,01/12/2024,13,1,58%,0.00,1,9,0,1,,310,11,7,0,,3,0,3,3,6,3,1,0,,,1,0,263,10,27,,10/18 (56%),2/5 (40%),65%,3,26/39 (67%),5/9 (56%),8/10 (80%),64%,11,5,23,7,,0,,,,,3
12568713,185,64052,NORMAL,REGULAR,Round 13,LEAGUE,3248,Panathinaikos FC,Local,2ND,01/12/2024,13,0,53%,0.00,1,7,1,5,,179,5,13,1,,4,1,2,1,5,2,0,1,,,3,1,143,17,38,,10/25 (40%),3/11 (27%),57%,3,23/42 (55%),6/9 (67%),5/11 (45%),80%,5,6,16,8,,1,,,,,2
12568713,185,64052,NORMAL,REGULAR,Round 13,LEAGUE,5062,APS Atromitos Athinon,Visita,ALL,01/12/2024,13,1,44%,0.00,0,7,6,1,20,388,14,10,4,,2,1,4,1,4,3,0,0,,9,1,3,315,19,39,36/56 (64%),16/47 (34%),3/9 (33%),39%,7,32/81 (40%),7/18 (39%),8/17 (47%),71%,14,11,46,34,0,6,,,,2,9
12568713,185,64052,NORMAL,REGULAR,Round 13,LEAGUE,5062,APS Atromitos Athinon,Visita,1ST,01/12/2024,13,0,42%,0.00,0,2,2,1,,228,5,5,1,,0,0,1,1,1,1,0,0,,,0,1,196,8,20,,7/21 (33%),0/3 (0%),35%,4,13/39 (33%),4/9 (44%),3/10 (30%),60%,5,5,25,12,,2,,,,,6
12568713,185,64052,NORMAL,REGULAR,Round 13,LEAGUE,5062,APS Atromitos Athinon,Visita,2ND,01/12/2024,13,1,47%,0.00,0,5,4,0,,160,9,5,3,,2,1,3,0,3,2,0,0,,,1,2,119,11,19,,9/26 (35%),3/6 (50%),43%,3,19/42 (45%),3/9 (33%),5/7 (71%),78%,9,6,21,22,,4,,,,,3
13086678,375,66746,NORMAL,REGULAR,Round of 16,CUP,5062,APS Atromitos Athinon,Local,ALL,04/12/2024,5,1,,,,,,,,,,,3,0,,,,,,,,,,,,,,,,,,,,,,,,,,,,,,,,,,,
13086678,375,66746,NORMAL,REGULAR,Round of 16,CUP,5062,APS Atromitos Athinon,Local,1ST,04/12/2024,5,,,,,,,,,,,,,,,,,,,,,,,,,,,,,,,,,,,,,,,,,,,,,,,,
13086678,375,66746,NORMAL,REGULAR,Round of 16,CUP,5062,APS Atromitos Athinon,Local,2ND,04/12/2024,5,,,,,,,,,,,,,,,,,,,,,,,,,,,,,,,,,,,,,,,,,,,,,,,,
13086678,375,66746,NORMAL,REGULAR,Round of 16,CUP,3248,Panathinaikos FC,Visita,ALL,04/12/2024,5,2,,,,,,,,,,,2,0,,,,,,,,,,,,,,,,,,,,,,,,,,,,,,,,,,,
13086678,375,66746,NORMAL,REGULAR,Round of 16,CUP,3248,Panathinaikos FC,Visita,1ST,04/12/2024,5,,,,,,,,,,,,,,,,,,,,,,,,,,,,,,,,,,,,,,,,,,,,,,,,
13086678,375,66746,NORMAL,REGULAR,Round of 16,CUP,3248,Panathinaikos FC,Visita,2ND,04/12/2024,5,,,,,,,,,,,,,,,,,,,,,,,,,,,,,,,,,,,,,,,,,,,,,,,,
12568732,185,64052,NORMAL,REGULAR,Round 14,LEAGUE,3252,Aris Thessaloniki,Local,ALL,07/12/2024,14,2,54%,0.00,2,7,2,1,20,462,13,10,3,,2,0,2,3,5,2,1,1,,21,2,2,385,19,47,89/127 (70%),30/59 (51%),1/8 (13%),43%,5,27/66 (41%),15/31 (48%),3/6 (50%),62%,13,6,48,36,,2,,,3,,7
12568732,185,64052,NORMAL,REGULAR,Round 14,LEAGUE,3252,Aris Thessaloniki,Local,1ST,07/12/2024,14,2,49%,0.00,2,5,0,0,,218,4,5,2,,2,0,2,1,3,2,1,1,,,1,2,182,4,24,,14/33 (42%),0/1 (0%),49%,2,12/27 (44%),9/16 (56%),2/4 (50%),50%,4,5,22,16,,0,,,,,4
12568732,185,64052,NORMAL,REGULAR,Round 14,LEAGUE,3252,Aris Thessaloniki,Local,2ND,07/12/2024,14,0,58%,0.00,0,2,2,1,,244,9,5,1,,0,0,0,2,2,0,0,0,,,1,0,203,15,23,,16/26 (62%),1/7 (14%),39%,3,15/39 (38%),6/15 (40%),1/2 (50%),67%,9,1,26,20,,2,,,,,3
12568732,185,64052,NORMAL,REGULAR,Round 14,LEAGUE,5062,APS Atromitos Athinon,Visita,ALL,07/12/2024,14,1,46%,0.00,1,11,0,5,11,377,8,19,3,,3,0,3,5,6,5,1,0,,20,6,0,296,14,35,55/83 (66%),22/52 (42%),3/29 (10%),57%,8,39/66 (59%),16/31 (52%),13/18 (72%),75%,8,6,50,15,,0,,,0,,5
12568732,185,64052,NORMAL,REGULAR,Round 14,LEAGUE,5062,APS Atromitos Athinon,Visita,1ST,07/12/2024,14,0,51%,0.00,0,4,0,3,,206,4,10,1,,0,0,2,2,2,2,0,0,,,3,0,168,8,17,,13/27 (48%),2/20 (10%),51%,3,15/27 (56%),7/16 (44%),2/3 (67%),75%,4,3,21,5,,0,,,,,4
12568732,185,64052,NORMAL,REGULAR,Round 14,LEAGUE,5062,APS Atromitos Athinon,Visita,2ND,07/12/2024,14,1,42%,0.00,1,7,0,2,,171,4,9,2,,3,0,1,3,4,3,1,0,,,3,0,128,6,18,,9/25 (36%),1/9 (11%),61%,5,24/39 (62%),9/15 (60%),11/15 (73%),75%,4,3,29,10,,0,,,,,1
12568715,185,64052,NORMAL,REGULAR,Round 15,LEAGUE,5062,APS Atromitos Athinon,Local,ALL,14/12/2024,15,0,47%,0.00,1,12,0,4,17,389,15,9,2,,3,0,7,2,9,3,,1,,16,2,6,311,22,60,62/104 (60%),22/52 (42%),3/20 (15%),43%,9,29/68 (43%),13/30 (43%),6/15 (40%),87%,15,16,52,20,,0,,0,0,,3
12568715,185,64052,NORMAL,REGULAR,Round 15,LEAGUE,5062,APS Atromitos Athinon,Local,1ST,14/12/2024,15,0,44%,0.00,0,5,0,2,,193,8,1,1,,0,0,4,1,4,1,,0,,,0,4,144,10,31,,8/27 (30%),2/11 (18%),47%,3,11/26 (42%),9/17 (53%),2/6 (33%),88%,8,10,30,7,,0,,,,,2
12568715,185,64052,NORMAL,REGULAR,Round 15,LEAGUE,5062,APS Atromitos Athinon,Local,2ND,14/12/2024,15,0,51%,0.00,1,7,0,2,,196,7,8,1,,3,0,3,1,5,2,,1,,,2,2,167,12,29,,14/25 (56%),1/9 (11%),40%,6,18/42 (43%),4/13 (31%),4/9 (44%),86%,7,6,22,13,,0,,,,,1
12568715,185,64052,NORMAL,REGULAR,Round 15,LEAGUE,3241,OFI Crete,Visita,ALL,14/12/2024,15,0,53%,0.00,0,3,3,2,9,449,18,17,4,,0,0,2,1,2,1,,0,,9,1,0,349,27,47,54/87 (62%),25/62 (40%),0/11 (0%),57%,10,39/68 (57%),17/30 (57%),6/11 (55%),67%,18,10,49,30,,3,,1,2,,11
12568715,185,64052,NORMAL,REGULAR,Round 15,LEAGUE,3241,OFI Crete,Visita,1ST,14/12/2024,15,0,56%,0.00,0,2,0,0,,254,7,8,0,,0,0,2,0,1,1,,0,,,0,0,195,13,26,,14/35 (40%),0/4 (0%),53%,6,15/26 (58%),8/17 (47%),2/4 (50%),86%,7,6,28,13,,0,,,,,5
12568715,185,64052,NORMAL,REGULAR,Round 15,LEAGUE,3241,OFI Crete,Visita,2ND,14/12/2024,15,0,49%,0.00,0,1,3,2,,195,11,9,4,,0,0,0,1,1,0,,0,,,1,0,154,14,21,,11/27 (41%),0/7 (0%),60%,4,24/42 (57%),9/13 (69%),4/7 (57%),55%,11,4,21,17,,3,,,,,6
12568284,185,64052,NORMAL,REGULAR,Round 16,LEAGUE,3251,PAOK,Local,ALL,22/12/2024,16,3,74%,0.00,2,16,1,7,10,562,8,15,2,0,5,1,6,5,10,6,2,0,,42,4,2,488,16,75,132/177 (75%),30/50 (60%),5/30 (17%),53%,2,27/51 (53%),14/27 (52%),5/12 (42%),38%,8,8,41,13,,1,,0,,0,4
12568284,185,64052,NORMAL,REGULAR,Round 16,LEAGUE,3251,PAOK,Local,1ST,22/12/2024,16,1,76%,0.00,1,9,0,4,,291,7,8,1,0,3,1,4,2,5,4,1,0,,,3,1,251,12,44,,17/29 (59%),1/17 (6%),50%,2,17/33 (52%),8/17 (47%),2/6 (33%),29%,7,2,24,6,,0,,,,,1
12568284,185,64052,NORMAL,REGULAR,Round 16,LEAGUE,3251,PAOK,Local,2ND,22/12/2024,16,2,71%,0.00,1,7,1,3,,271,1,7,1,0,2,0,2,3,5,2,1,0,,,1,1,237,4,31,,13/21 (62%),4/13 (31%),57%,0,10/18 (56%),6/10 (60%),3/6 (50%),100%,1,6,17,7,,1,,,,,3
12568284,185,64052,NORMAL,REGULAR,Round 16,LEAGUE,5062,APS Atromitos Athinon,Visita,ALL,22/12/2024,16,0,26%,0.00,1,5,2,6,15,198,9,9,4,1,1,0,3,1,4,1,0,1,,8,3,2,122,12,32,13/35 (37%),9/45 (20%),4/14 (29%),47%,3,24/51 (47%),13/27 (48%),7/12 (58%),56%,9,1,45,37,,2,,1,,1,9
12568284,185,64052,NORMAL,REGULAR,Round 16,LEAGUE,5062,APS Atromitos Athinon,Visita,1ST,22/12/2024,16,0,24%,0.00,0,1,2,1,,92,6,4,1,1,0,0,0,1,1,0,0,0,,,1,1,51,8,19,,5/24 (21%),2/5 (40%),50%,3,16/33 (48%),9/17 (53%),6/10 (60%),67%,6,0,25,28,,2,,,,,5
12568284,185,64052,NORMAL,REGULAR,Round 16,LEAGUE,5062,APS Atromitos Athinon,Visita,2ND,22/12/2024,16,0,29%,0.00,1,4,0,5,,106,3,5,3,0,1,0,3,0,3,1,0,1,,,2,1,71,4,13,,4/21 (19%),2/9 (22%),43%,0,8/18 (44%),4/10 (40%),1/2 (50%),33%,3,1,20,9,,0,,,,,4
12568283,185,64052,NORMAL,REGULAR,Round 17,LEAGUE,5062,APS Atromitos Athinon,Local,ALL,05/01/2025,17,0,54%,0.00,,6,0,4,13,455,7,13,2,,1,1,2,3,2,4,,,,14,0,1,372,23,60,67/111 (60%),27/62 (44%),5/23 (22%),52%,6,23/49 (47%),21/36 (58%),5/9 (56%),57%,7,4,39,31,1,0,,,,,9
12568283,185,64052,NORMAL,REGULAR,Round 17,LEAGUE,5062,APS Atromitos Athinon,Local,1ST,05/01/2025,17,0,58%,0.00,,2,0,3,,246,1,5,0,,0,0,1,1,0,2,,,,,0,0,210,12,23,,15/29 (52%),2/12 (17%),54%,2,9/18 (50%),13/23 (57%),3/4 (75%),100%,1,1,16,11,,0,,,,,4
12568283,185,64052,NORMAL,REGULAR,Round 17,LEAGUE,5062,APS Atromitos Athinon,Local,2ND,05/01/2025,17,0,50%,0.00,,4,0,1,,209,6,8,2,,1,1,1,2,2,2,,,,,0,1,162,11,37,,12/33 (36%),3/11 (27%),50%,4,14/31 (45%),8/13 (62%),2/5 (40%),50%,6,3,23,20,,0,,,,,5
12568283,185,64052,NORMAL,REGULAR,Round 17,LEAGUE,6342,Asteras Aktor,Visita,ALL,05/01/2025,17,1,46%,0.00,,13,1,8,13,389,10,13,4,,1,1,7,5,6,7,,,,15,3,3,306,19,47,74/112 (66%),23/68 (34%),4/22 (18%),48%,5,26/49 (53%),15/36 (42%),3/5 (60%),100%,10,7,48,36,0,1,,,,,4
12568283,185,64052,NORMAL,REGULAR,Round 17,LEAGUE,6342,Asteras Aktor,Visita,1ST,05/01/2025,17,0,42%,0.00,,8,0,5,,181,3,5,2,,0,1,5,3,5,3,,,,,3,1,150,7,18,,13/32 (41%),3/11 (27%),46%,1,9/18 (50%),10/23 (43%),1/1 (100%),100%,3,3,22,14,,0,,,,,2
12568283,185,64052,NORMAL,REGULAR,Round 17,LEAGUE,6342,Asteras Aktor,Visita,2ND,05/01/2025,17,1,50%,0.00,,5,1,3,,208,7,8,2,,1,0,2,2,1,4,,,,,0,2,156,12,29,,10/36 (28%),1/11 (9%),50%,4,17/31 (55%),5/13 (38%),2/4 (50%),100%,7,4,26,22,,1,,,,,2
13204784,375,66746,NORMAL,REGULAR,Round of 16,CUP,3248,Panathinaikos FC,Local,ALL,08/01/2025,5,2,,,,,,,,,,,2,0,,,,,,,,,,,,,,,,,,,,,,,,,,,,,,,,,,,
13204784,375,66746,NORMAL,REGULAR,Round of 16,CUP,3248,Panathinaikos FC,Local,1ST,08/01/2025,5,,,,,,,,,,,,,,,,,,,,,,,,,,,,,,,,,,,,,,,,,,,,,,,,
13204784,375,66746,NORMAL,REGULAR,Round of 16,CUP,3248,Panathinaikos FC,Local,2ND,08/01/2025,5,,,,,,,,,,,,,,,,,,,,,,,,,,,,,,,,,,,,,,,,,,,,,,,,
13204784,375,66746,NORMAL,REGULAR,Round of 16,CUP,5062,APS Atromitos Athinon,Visita,ALL,08/01/2025,5,1,,,,,,,,,,,1,0,,,,,,,,,,,,,,,,,,,,,,,,,,,,,,,,,,,
13204784,375,66746,NORMAL,REGULAR,Round of 16,CUP,5062,APS Atromitos Athinon,Visita,1ST,08/01/2025,5,,,,,,,,,,,,,,,,,,,,,,,,,,,,,,,,,,,,,,,,,,,,,,,,
13204784,375,66746,NORMAL,REGULAR,Round of 16,CUP,5062,APS Atromitos Athinon,Visita,2ND,08/01/2025,5,,,,,,,,,,,,,,,,,,,,,,,,,,,,,,,,,,,,,,,,,,,,,,,,
12568309,185,64052,NORMAL,REGULAR,Round 18,LEAGUE,120154,PAS Lamia 1964,Local,ALL,12/01/2025,18,0,59%,0.00,1,11,2,6,15,425,20,16,2,,2,1,9,0,7,4,0,1,1,13,9,3,319,38,70,70/128 (55%),26/62 (42%),6/26 (23%),48%,5,41/80 (51%),21/50 (42%),8/20 (40%),70%,20,5,51,11,,2,,1,0,,8
12568309,185,64052,NORMAL,REGULAR,Round 18,LEAGUE,120154,PAS Lamia 1964,Local,1ST,12/01/2025,18,0,53%,0.00,0,3,1,2,,201,12,5,1,,0,0,3,0,2,1,0,0,0,,1,2,151,20,32,,13/31 (42%),2/9 (22%),47%,4,19/38 (50%),12/28 (43%),4/9 (44%),58%,12,3,24,6,,1,,,,,4
12568309,185,64052,NORMAL,REGULAR,Round 18,LEAGUE,120154,PAS Lamia 1964,Local,2ND,12/01/2025,18,0,65%,0.00,1,8,1,4,,224,8,11,1,,2,1,6,0,5,3,0,1,1,,8,1,168,18,38,,13/31 (42%),4/17 (24%),48%,1,22/42 (52%),9/22 (41%),4/11 (36%),88%,8,2,27,5,,1,,,,,4
12568309,185,64052,NORMAL,REGULAR,Round 18,LEAGUE,5062,APS Atromitos Athinon,Visita,ALL,12/01/2025,18,3,41%,0.00,3,8,2,1,16,308,17,15,3,,5,1,3,0,3,5,3,0,0,8,1,0,212,24,36,36/69 (52%),26/72 (36%),1/5 (20%),52%,9,39/80 (49%),29/50 (58%),10/21 (48%),76%,17,6,43,43,,2,,1,1,,13
12568309,185,64052,NORMAL,REGULAR,Round 18,LEAGUE,5062,APS Atromitos Athinon,Visita,1ST,12/01/2025,18,2,47%,0.00,2,5,0,1,,181,9,6,0,,3,1,2,0,2,3,2,0,0,,1,0,130,14,15,,13/35 (37%),1/3 (33%),53%,3,19/38 (50%),16/28 (57%),6/15 (40%),78%,9,2,23,15,,0,,,,,6
12568309,185,64052,NORMAL,REGULAR,Round 18,LEAGUE,5062,APS Atromitos Athinon,Visita,2ND,12/01/2025,18,1,35%,0.00,1,3,2,0,,127,8,9,3,,2,0,1,0,1,2,1,0,0,,0,0,82,10,21,,13/37 (35%),0/2 (0%),52%,6,20/42 (48%),13/22 (59%),4/6 (67%),75%,8,4,20,28,,2,,,,,7
12568311,185,64052,NORMAL,REGULAR,Round 19,LEAGUE,5062,APS Atromitos Athinon,Local,ALL,19/01/2025,19,1,39%,0.00,3,5,6,3,13,293,20,8,2,,1,0,3,1,5,0,0,3,1,11,2,0,198,22,45,38/71 (54%),19/70 (27%),4/15 (27%),40%,5,30/66 (45%),14/43 (33%),1/13 (8%),60%,20,3,41,21,,6,,,1,,15
12568311,185,64052,NORMAL,REGULAR,Round 19,LEAGUE,5062,APS Atromitos Athinon,Local,1ST,19/01/2025,19,1,32%,0.00,0,1,2,1,,150,12,3,1,,0,0,1,0,1,0,0,0,0,,0,0,103,10,9,,8/32 (25%),1/3 (33%),42%,2,15/26 (58%),5/22 (23%),0/1 (0%),50%,12,0,22,9,,2,,,,,9
12568311,185,64052,NORMAL,REGULAR,Round 19,LEAGUE,5062,APS Atromitos Athinon,Local,2ND,19/01/2025,19,0,50%,0.00,3,4,4,2,,143,8,5,1,,1,0,2,1,4,0,0,3,1,,2,0,95,12,36,,11/38 (29%),3/12 (25%),39%,3,15/40 (38%),9/21 (43%),1/12 (8%),75%,8,3,19,12,,4,,,,,6
12568311,185,64052,NORMAL,REGULAR,Round 19,LEAGUE,3245,Olympiacos FC,Visita,ALL,19/01/2025,19,2,61%,0.00,4,17,1,5,9,478,17,13,2,,8,1,8,1,11,6,1,3,0,26,3,6,393,27,63,105/148 (71%),35/64 (55%),7/20 (35%),60%,13,36/66 (55%),29/43 (67%),7/14 (50%),76%,17,6,54,14,,1,,,0,,6
12568311,185,64052,NORMAL,REGULAR,Round 19,LEAGUE,3245,Olympiacos FC,Visita,1ST,19/01/2025,19,2,68%,0.00,3,9,0,3,,330,3,5,0,,4,0,4,1,6,3,1,2,0,,0,2,285,13,44,,23/36 (64%),4/11 (36%),58%,6,11/26 (42%),17/22 (77%),4/10 (40%),100%,3,4,32,1,,0,,,,,1
12568311,185,64052,NORMAL,REGULAR,Round 19,LEAGUE,3245,Olympiacos FC,Visita,2ND,19/01/2025,19,0,50%,0.00,1,8,1,2,,148,14,8,2,,4,1,4,0,5,3,0,1,0,,3,4,108,14,19,,12/28 (43%),3/9 (33%),61%,7,25/40 (63%),12/21 (57%),3/4 (75%),71%,14,2,22,13,,1,,,,,5
12568316,185,64052,NORMAL,REGULAR,Round 20,LEAGUE,267459,NPS Volos,Local,ALL,24/01/2025,20,0,66%,0.00,1,9,1,4,23,472,7,21,5,0,2,0,6,1,6,3,,1,,12,2,1,385,19,72,65/105 (62%),38/71 (54%),7/23 (30%),50%,7,33/70 (47%),22/40 (55%),6/12 (50%),86%,7,7,43,17,,1,,,0,0,9
12568316,185,64052,NORMAL,REGULAR,Round 20,LEAGUE,267459,NPS Volos,Local,1ST,24/01/2025,20,0,61%,0.00,1,5,1,2,,235,1,12,1,0,1,0,4,0,4,1,,1,,,2,1,193,9,22,,23/41 (56%),4/7 (57%),51%,4,17/38 (45%),12/19 (63%),5/9 (56%),0%,1,5,18,12,,1,,,,,7
12568316,185,64052,NORMAL,REGULAR,Round 20,LEAGUE,267459,NPS Volos,Local,2ND,24/01/2025,20,0,71%,0.00,0,4,0,2,,237,6,9,4,0,1,0,2,1,2,2,,0,,,0,0,192,10,50,,15/30 (50%),3/16 (19%),49%,3,16/32 (50%),10/21 (48%),1/3 (33%),100%,6,2,25,5,,0,,,,,2
12568316,185,64052,NORMAL,REGULAR,Round 20,LEAGUE,5062,APS Atromitos Athinon,Visita,ALL,24/01/2025,20,1,34%,0.00,0,6,2,2,21,237,13,23,3,1,2,0,4,0,5,1,,0,,10,3,3,153,14,51,34/73 (47%),16/62 (26%),7/18 (39%),50%,3,37/70 (53%),18/40 (45%),3/7 (43%),69%,13,2,51,32,,2,,,3,2,6
12568316,185,64052,NORMAL,REGULAR,Round 20,LEAGUE,5062,APS Atromitos Athinon,Visita,1ST,24/01/2025,20,0,39%,0.00,0,4,1,1,,138,8,12,0,0,1,0,3,0,4,0,,0,,,2,3,98,4,23,,8/26 (31%),6/14 (43%),49%,1,21/38 (55%),7/19 (37%),2/2 (100%),75%,8,2,25,10,,1,,,,,3
12568316,185,64052,NORMAL,REGULAR,Round 20,LEAGUE,5062,APS Atromitos Athinon,Visita,2ND,24/01/2025,20,1,29%,0.00,0,2,1,1,,99,5,11,3,1,1,0,1,0,1,1,,0,,,1,0,55,10,28,,8/36 (22%),1/4 (25%),51%,2,16/32 (50%),11/21 (52%),1/5 (20%),60%,5,0,26,22,,1,,,,,3
12568325,185,64052,NORMAL,REGULAR,Round 21,LEAGUE,7004,GFS Panetolikos,Local,ALL,02/02/2025,21,0,54%,0.00,1,5,7,0,13,431,12,21,4,1,0,0,5,0,3,2,0,1,0,11,2,1,356,20,42,51/84 (61%),28/66 (42%),4/10 (40%),45%,12,40/85 (47%),12/30 (40%),7/21 (33%),50%,12,9,53,25,1,7,,,1,,11
12568325,185,64052,NORMAL,REGULAR,Round 21,LEAGUE,7004,GFS Panetolikos,Local,1ST,02/02/2025,21,0,51%,0.00,1,4,2,0,,212,4,11,0,0,0,0,4,0,3,1,0,1,0,,2,0,173,9,21,,14/32 (44%),4/8 (50%),57%,0,18/29 (62%),8/17 (47%),3/7 (43%),50%,4,3,30,14,,2,,,,,3
12568325,185,64052,NORMAL,REGULAR,Round 21,LEAGUE,7004,GFS Panetolikos,Local,2ND,02/02/2025,21,0,58%,0.00,0,1,5,0,,219,8,10,4,1,0,0,1,0,0,1,0,0,0,,0,1,183,11,21,,14/34 (41%),0/2 (0%),38%,12,22/56 (39%),4/13 (31%),4/14 (29%),50%,8,6,23,11,,5,,,,,8
12568325,185,64052,NORMAL,REGULAR,Round 21,LEAGUE,5062,APS Atromitos Athinon,Visita,ALL,02/02/2025,21,1,46%,0.00,4,20,0,5,21,358,26,12,2,0,8,0,6,6,12,8,1,3,1,22,4,3,276,24,63,85/133 (64%),21/58 (36%),4/21 (19%),55%,6,45/85 (53%),18/30 (60%),8/14 (57%),77%,26,2,52,19,0,0,,,0,,9
12568325,185,64052,NORMAL,REGULAR,Round 21,LEAGUE,5062,APS Atromitos Athinon,Visita,1ST,02/02/2025,21,1,49%,0.00,2,7,0,2,,211,4,5,0,0,3,0,1,3,5,2,1,1,0,,2,1,168,10,34,,10/30 (33%),2/7 (29%),43%,0,11/29 (38%),9/17 (53%),3/7 (43%),75%,4,0,25,9,,0,,,,,5
12568325,185,64052,NORMAL,REGULAR,Round 21,LEAGUE,5062,APS Atromitos Athinon,Visita,2ND,02/02/2025,21,0,42%,0.00,2,13,0,3,,147,22,7,2,0,5,0,5,3,7,6,0,2,1,,2,2,108,14,29,,11/28 (39%),2/14 (14%),62%,6,34/56 (61%),9/13 (69%),5/7 (71%),77%,22,2,27,10,,0,,,,,4
12568339,185,64052,NORMAL,REGULAR,Round 22,LEAGUE,5062,APS Atromitos Athinon,Local,ALL,10/02/2025,22,1,58%,0.00,4,17,1,10,18,384,14,18,4,,6,1,7,4,11,6,1,3,1,26,9,0,309,20,49,75/118 (64%),25/51 (49%),5/37 (14%),53%,4,40/74 (54%),14/27 (52%),10/17 (59%),57%,14,8,42,8,1,1,,1,1,1,7
12568339,185,64052,NORMAL,REGULAR,Round 22,LEAGUE,5062,APS Atromitos Athinon,Local,1ST,10/02/2025,22,0,55%,0.00,0,6,1,1,,190,8,9,1,,0,0,4,2,2,4,0,0,0,,5,0,155,9,23,,12/20 (60%),2/11 (18%),51%,1,20/40 (50%),8/15 (53%),5/11 (45%),63%,8,3,14,6,,1,,,,,4
12568339,185,64052,NORMAL,REGULAR,Round 22,LEAGUE,5062,APS Atromitos Athinon,Local,2ND,10/02/2025,22,1,61%,0.00,4,11,0,9,,194,6,9,3,,6,1,3,2,9,2,1,3,1,,4,0,154,11,26,,13/31 (42%),3/26 (12%),57%,3,20/34 (59%),6/12 (50%),5/6 (83%),50%,6,5,28,2,,0,,,,,3
12568339,185,64052,NORMAL,REGULAR,Round 22,LEAGUE,3255,Athens Kallithea FC,Visita,ALL,10/02/2025,22,2,42%,0.00,1,11,5,6,19,281,11,17,5,,3,0,5,3,7,4,1,0,0,19,3,3,206,20,27,46/65 (71%),26/62 (42%),6/20 (30%),47%,4,34/74 (46%),13/27 (48%),8/18 (44%),73%,11,11,51,32,1,5,,0,0,2,11
12568339,185,64052,NORMAL,REGULAR,Round 22,LEAGUE,3255,Athens Kallithea FC,Visita,1ST,10/02/2025,22,2,45%,0.00,1,7,0,5,,150,7,9,1,,3,0,2,2,7,0,1,0,0,,2,2,117,12,11,,9/26 (35%),6/14 (43%),49%,2,20/40 (50%),7/15 (47%),4/10 (40%),71%,7,5,22,7,,0,,,,,5
12568339,185,64052,NORMAL,REGULAR,Round 22,LEAGUE,3255,Athens Kallithea FC,Visita,2ND,10/02/2025,22,0,39%,0.00,0,4,5,1,,131,4,8,4,,0,0,3,1,0,4,0,0,0,,1,1,89,8,16,,17/36 (47%),0/6 (0%),43%,2,14/34 (41%),6/12 (50%),4/8 (50%),75%,4,6,29,25,,5,,,,,6
12568336,185,64052,NORMAL,REGULAR,Round 23,LEAGUE,3250,AEK Athens,Local,ALL,15/02/2025,23,2,78%,0.00,5,22,3,6,11,646,16,11,3,,4,0,15,3,16,6,1,4,2,39,2,0,557,24,76,181/234 (77%),29/46 (63%),7/30 (23%),51%,10,35/68 (51%),24/47 (51%),9/13 (69%),69%,16,7,51,21,2,3,,,,,3
12568336,185,64052,NORMAL,REGULAR,Round 23,LEAGUE,3250,AEK Athens,Local,1ST,15/02/2025,23,1,76%,0.00,2,9,1,4,,277,6,8,0,,2,0,6,1,7,2,0,2,1,,2,0,231,8,32,,11/20 (55%),3/14 (21%),52%,5,18/35 (51%),14/27 (52%),5/6 (83%),67%,6,5,21,9,,1,,,,,2
12568336,185,64052,NORMAL,REGULAR,Round 23,LEAGUE,3250,AEK Athens,Local,2ND,15/02/2025,23,1,79%,0.00,3,13,2,2,,369,10,3,3,,2,0,9,2,9,4,1,2,1,,0,0,326,16,44,,18/26 (69%),4/16 (25%),51%,5,17/33 (52%),10/20 (50%),4/7 (57%),70%,10,2,30,12,,2,,,,,1
12568336,185,64052,NORMAL,REGULAR,Round 23,LEAGUE,5062,APS Atromitos Athinon,Visita,ALL,15/02/2025,23,1,22%,0.00,1,8,2,0,11,193,14,11,3,,4,0,3,1,6,2,1,0,1,9,0,3,108,27,37,23/59 (39%),18/62 (29%),0/5 (0%),49%,9,33/68 (49%),23/47 (49%),9/16 (56%),64%,14,6,33,44,1,2,,,,,21
12568336,185,64052,NORMAL,REGULAR,Round 23,LEAGUE,5062,APS Atromitos Athinon,Visita,1ST,15/02/2025,23,1,24%,0.00,1,5,1,0,,91,6,6,2,,2,0,2,1,4,1,1,0,1,,0,2,50,15,12,,7/29 (24%),0/3 (0%),48%,4,17/35 (49%),13/27 (48%),6/8 (75%),50%,6,3,14,18,,1,,,,,9
12568336,185,64052,NORMAL,REGULAR,Round 23,LEAGUE,5062,APS Atromitos Athinon,Visita,2ND,15/02/2025,23,0,21%,0.00,0,3,1,0,,102,8,5,1,,2,0,1,0,2,1,0,0,0,,0,1,58,12,25,,11/33 (33%),0/2 (0%),49%,5,16/33 (48%),10/20 (50%),3/8 (38%),75%,8,3,19,26,,1,,,,,12
12568342,185,64052,NORMAL,REGULAR,Round 24,LEAGUE,5062,APS Atromitos Athinon,Local,ALL,22/02/2025,24,1,53%,0.00,2,15,3,6,15,441,17,5,1,,5,1,4,6,13,2,1,1,,27,1,1,357,30,67,95/134 (71%),10/42 (24%),6/37 (16%),47%,13,27/67 (40%),19/31 (61%),5/11 (45%),53%,17,8,59,25,1,3,,2,2,0,6
12568342,185,64052,NORMAL,REGULAR,Round 24,LEAGUE,5062,APS Atromitos Athinon,Local,1ST,22/02/2025,24,0,55%,0.00,1,13,1,4,,239,10,2,0,,4,1,3,6,12,1,0,1,,,0,0,194,20,39,,5/22 (23%),5/26 (19%),43%,8,14/39 (36%),9/15 (60%),2/7 (29%),50%,10,3,31,13,,1,,,,,1
12568342,185,64052,NORMAL,REGULAR,Round 24,LEAGUE,5062,APS Atromitos Athinon,Local,2ND,22/02/2025,24,1,50%,0.00,1,2,2,2,,202,7,3,1,,1,0,1,0,1,1,1,0,,,1,1,163,10,28,,5/20 (25%),1/11 (9%),52%,5,13/28 (46%),10/16 (63%),3/4 (75%),57%,7,5,28,12,,2,,,,,5
12568342,185,64052,NORMAL,REGULAR,Round 24,LEAGUE,6347,MGS Panserraikos,Visita,ALL,22/02/2025,24,0,47%,0.00,0,8,5,4,6,415,19,15,1,,4,0,2,2,4,4,0,0,,12,2,1,326,16,56,49/94 (52%),24/67 (36%),2/15 (13%),53%,8,40/67 (60%),12/31 (39%),7/16 (44%),53%,19,12,62,41,0,5,,1,1,1,7
12568342,185,64052,NORMAL,REGULAR,Round 24,LEAGUE,6347,MGS Panserraikos,Visita,1ST,22/02/2025,24,0,45%,0.00,0,4,5,1,,213,13,8,1,,2,0,1,1,2,2,0,0,,,2,1,166,7,29,,11/36 (31%),2/4 (50%),57%,7,25/39 (64%),6/15 (40%),4/7 (57%),54%,13,7,37,29,,5,,,,,4
12568342,185,64052,NORMAL,REGULAR,Round 24,LEAGUE,6347,MGS Panserraikos,Visita,2ND,22/02/2025,24,0,50%,0.00,0,4,0,3,,202,6,7,0,,2,0,1,1,2,2,0,0,,,0,0,160,9,27,,13/31 (42%),0/11 (0%),48%,1,15/28 (54%),6/16 (38%),3/9 (33%),50%,6,5,25,12,,0,,,,,3
12568350,185,64052,NORMAL,REGULAR,Round 25,LEAGUE,5063,APO Levadiakos,Local,ALL,02/03/2025,25,1,67%,0.00,2,12,1,7,13,434,12,16,2,,4,1,4,4,8,4,1,1,1,31,4,1,331,39,62,80/122 (66%),33/79 (42%),7/25 (28%),53%,4,35/61 (57%),22/47 (47%),8/14 (57%),50%,12,7,52,21,,1,,0,0,,7
12568350,185,64052,NORMAL,REGULAR,Round 25,LEAGUE,5063,APO Levadiakos,Local,1ST,02/03/2025,25,1,68%,0.00,1,4,0,6,,245,7,10,1,,2,0,0,2,3,1,1,0,1,,3,0,201,16,22,,21/36 (58%),3/13 (23%),63%,1,21/31 (68%),11/20 (55%),5/7 (71%),43%,7,6,21,10,,0,,,,,4
12568350,185,64052,NORMAL,REGULAR,Round 25,LEAGUE,5063,APO Levadiakos,Local,2ND,02/03/2025,25,0,65%,0.00,1,8,1,1,,189,5,6,1,,2,1,4,2,5,3,0,1,0,,1,1,130,23,40,,12/43 (28%),4/12 (33%),44%,3,14/30 (47%),11/27 (41%),3/7 (43%),60%,5,1,31,11,,1,,,,,3
12568350,185,64052,NORMAL,REGULAR,Round 25,LEAGUE,5062,APS Atromitos Athinon,Visita,ALL,02/03/2025,25,2,33%,0.00,1,7,3,2,16,217,10,12,4,,3,0,3,1,7,0,1,0,0,17,2,2,132,18,59,29/72 (40%),15/61 (25%),3/14 (21%),47%,5,26/61 (43%),25/47 (53%),4/11 (36%),80%,10,7,58,35,,3,,1,2,,5
12568350,185,64052,NORMAL,REGULAR,Round 25,LEAGUE,5062,APS Atromitos Athinon,Visita,1ST,02/03/2025,25,1,32%,0.00,0,3,1,2,,114,3,7,2,,1,0,2,0,3,0,0,0,0,,0,1,73,10,28,,7/27 (26%),2/8 (25%),37%,3,10/31 (32%),9/20 (45%),0/4 (0%),67%,3,5,26,10,,1,,,,,0
12568350,185,64052,NORMAL,REGULAR,Round 25,LEAGUE,5062,APS Atromitos Athinon,Visita,2ND,02/03/2025,25,1,35%,0.00,1,4,2,0,,103,7,5,2,,2,0,1,1,4,0,1,0,0,,2,1,59,8,31,,8/34 (24%),1/6 (17%),56%,2,16/30 (53%),16/27 (59%),4/7 (57%),86%,7,2,32,25,,2,,,,,5
12568282,185,64052,NORMAL,REGULAR,Round 26,LEAGUE,5062,APS Atromitos Athinon,Local,ALL,09/03/2025,26,1,32%,0.00,0,10,5,2,23,253,28,9,3,,4,0,5,1,7,3,,0,,15,1,3,176,22,43,49/85 (58%),19/57 (33%),8/17 (47%),51%,2,44/80 (55%),19/44 (43%),9/10 (90%),54%,28,6,53,48,,5,,1,0,2,6
12568282,185,64052,NORMAL,REGULAR,Round 26,LEAGUE,5062,APS Atromitos Athinon,Local,1ST,09/03/2025,26,0,35%,0.00,0,7,2,2,,137,11,5,1,,2,0,4,1,5,2,,0,,,0,0,99,12,23,,11/30 (37%),6/12 (50%),48%,1,20/40 (50%),11/24 (46%),5/5 (100%),55%,11,4,25,22,,2,,,,,3
12568282,185,64052,NORMAL,REGULAR,Round 26,LEAGUE,5062,APS Atromitos Athinon,Local,2ND,09/03/2025,26,1,29%,0.00,0,3,3,0,,116,17,4,2,,2,0,1,0,2,1,,0,,,1,3,77,10,20,,8/27 (30%),2/5 (40%),53%,1,24/40 (60%),8/20 (40%),4/5 (80%),53%,17,2,28,26,,3,,,,,3
12568282,185,64052,NORMAL,REGULAR,Round 26,LEAGUE,3248,Panathinaikos FC,Visita,ALL,09/03/2025,26,1,68%,0.00,2,14,3,3,9,563,3,23,3,,6,0,5,3,11,3,,2,,19,2,0,486,25,60,106/142 (75%),26/50 (52%),6/20 (30%),49%,16,36/80 (45%),25/44 (57%),11/23 (48%),67%,3,1,48,22,,3,,0,1,0,6
12568282,185,64052,NORMAL,REGULAR,Round 26,LEAGUE,3248,Panathinaikos FC,Visita,1ST,09/03/2025,26,0,65%,0.00,1,5,2,2,,271,1,15,1,,2,0,2,1,4,1,,1,,,1,0,226,13,28,,14/26 (54%),3/6 (50%),52%,5,20/40 (50%),13/24 (54%),5/11 (45%),0%,1,1,23,15,,2,,,,,5
12568282,185,64052,NORMAL,REGULAR,Round 26,LEAGUE,3248,Panathinaikos FC,Visita,2ND,09/03/2025,26,1,71%,0.00,1,9,1,1,,292,2,8,2,,4,0,3,2,7,2,,1,,,1,0,260,12,32,,12/24 (50%),3/14 (21%),47%,11,16/40 (40%),12/20 (60%),6/12 (50%),100%,2,0,25,7,,1,,,,,1
13589199,185,64052,NORMAL,REGULAR,Round 1,LEAGUE,3241,OFI Crete,Local,ALL,29/03/2025,1,1,59%,0.00,1,14,3,7,13,476,10,17,1,0,3,1,8,3,11,3,1,0,0,25,1,0,382,23,56,62/103 (60%),25/65 (38%),7/27 (26%),49%,8,38/74 (51%),16/37 (43%),11/22 (50%),40%,10,7,48,24,,3,,1,1,,10
13589199,185,64052,NORMAL,REGULAR,Round 1,LEAGUE,3241,OFI Crete,Local,1ST,29/03/2025,1,1,58%,0.00,1,10,2,5,,251,5,7,1,0,2,1,6,2,8,2,1,0,0,,0,0,213,8,28,,16/35 (46%),5/11 (45%),48%,3,15/30 (50%),7/16 (44%),3/8 (38%),60%,5,2,25,10,,2,,,,,2
13589199,185,64052,NORMAL,REGULAR,Round 1,LEAGUE,3241,OFI Crete,Local,2ND,29/03/2025,1,0,61%,0.00,0,4,1,2,,225,5,10,0,0,1,0,2,1,3,1,0,0,0,,1,0,169,15,28,,9/30 (30%),2/16 (13%),49%,5,23/44 (52%),9/21 (43%),8/14 (57%),20%,5,5,23,14,,1,,,,,8
13589199,185,64052,NORMAL,REGULAR,Round 1,LEAGUE,5062,APS Atromitos Athinon,Visita,ALL,29/03/2025,1,2,41%,0.00,2,13,1,2,17,332,19,13,3,1,5,0,6,2,6,7,1,1,1,18,2,4,251,21,52,58/94 (62%),16/51 (31%),4/12 (33%),51%,5,36/74 (49%),21/37 (57%),5/10 (50%),53%,19,15,51,50,,1,,1,2,,8
13589199,185,64052,NORMAL,REGULAR,Round 1,LEAGUE,5062,APS Atromitos Athinon,Visita,1ST,29/03/2025,1,1,42%,0.00,2,5,1,0,,183,8,7,0,0,3,0,2,0,2,3,1,1,1,,0,4,142,12,28,,9/26 (35%),1/5 (20%),52%,3,15/30 (50%),9/16 (56%),1/3 (33%),63%,8,5,22,18,,1,,,,,5
13589199,185,64052,NORMAL,REGULAR,Round 1,LEAGUE,5062,APS Atromitos Athinon,Visita,2ND,29/03/2025,1,1,39%,0.00,0,8,0,2,,149,11,6,3,1,2,0,4,2,4,4,0,0,0,,2,0,109,9,24,,7/25 (28%),3/7 (43%),51%,2,21/44 (48%),12/21 (57%),4/7 (57%),45%,11,10,29,32,,0,,,,,3
13589200,185,64052,NORMAL,REGULAR,Round 2,LEAGUE,5062,APS Atromitos Athinon,Local,ALL,07/04/2025,2,0,57%,0.00,2,16,2,5,19,438,15,13,2,,6,1,3,7,12,4,,2,0,33,5,1,382,20,64,98/136 (72%),17/44 (39%),10/26 (38%),46%,9,29/69 (42%),15/26 (58%),3/9 (33%),40%,15,6,42,13,2,2,,,0,,3
13589200,185,64052,NORMAL,REGULAR,Round 2,LEAGUE,5062,APS Atromitos Athinon,Local,1ST,07/04/2025,2,0,52%,0.00,1,6,1,3,,210,8,3,1,,2,0,1,3,5,1,,1,0,,0,1,184,11,27,,9/22 (41%),6/12 (50%),45%,5,10/28 (36%),10/16 (63%),0/3 (0%),50%,8,4,21,9,,1,,,,,3
13589200,185,64052,NORMAL,REGULAR,Round 2,LEAGUE,5062,APS Atromitos Athinon,Local,2ND,07/04/2025,2,0,62%,0.00,1,10,1,2,,228,7,10,1,,4,1,2,4,7,3,,1,0,,5,0,198,9,37,,8/22 (36%),4/14 (29%),47%,4,19/41 (46%),5/10 (50%),3/6 (50%),29%,7,2,21,4,,1,,,,,0
13589200,185,64052,NORMAL,REGULAR,Round 2,LEAGUE,6342,Asteras Aktor,Visita,ALL,07/04/2025,2,1,43%,0.00,2,9,4,1,13,335,15,19,4,,3,1,4,2,6,3,,2,1,9,5,2,269,17,33,62/92 (67%),14/45 (31%),2/9 (22%),54%,8,40/69 (58%),11/26 (42%),7/14 (50%),27%,15,4,50,30,0,4,,,1,,8
13589200,185,64052,NORMAL,REGULAR,Round 2,LEAGUE,6342,Asteras Aktor,Visita,1ST,07/04/2025,2,0,48%,0.00,1,6,1,1,,194,8,10,0,,1,1,3,2,4,2,,1,1,,2,0,157,14,18,,8/24 (33%),2/8 (25%),55%,4,18/28 (64%),6/16 (38%),1/5 (20%),13%,8,2,22,9,,1,,,,,5
13589200,185,64052,NORMAL,REGULAR,Round 2,LEAGUE,6342,Asteras Aktor,Visita,2ND,07/04/2025,2,1,38%,0.00,1,3,3,0,,141,7,9,4,,2,0,1,0,2,1,,1,0,,3,2,112,3,15,,6/21 (29%),0/1 (0%),53%,4,22/41 (54%),5/10 (50%),6/9 (67%),43%,7,2,28,21,,3,,,,,3
13589195,185,64052,NORMAL,REGULAR,Round 3,LEAGUE,3252,Aris Thessaloniki,Local,ALL,13/04/2025,3,1,65%,0.00,2,5,3,7,14,506,15,14,1,,3,0,2,0,3,2,1,1,,15,4,1,423,38,55,114/158 (72%),44/72 (61%),4/18 (22%),48%,8,37/79 (47%),13/26 (50%),9/20 (45%),60%,15,5,27,17,,3,,,1,,9
13589195,185,64052,NORMAL,REGULAR,Round 3,LEAGUE,3252,Aris Thessaloniki,Local,1ST,13/04/2025,3,0,68%,0.00,1,3,0,2,,275,7,5,0,,1,0,2,0,2,1,0,1,,,2,1,235,27,30,,27/40 (68%),3/12 (25%),44%,6,15/38 (39%),8/14 (57%),4/9 (44%),57%,7,5,15,5,,0,,,,,4
13589195,185,64052,NORMAL,REGULAR,Round 3,LEAGUE,3252,Aris Thessaloniki,Local,2ND,13/04/2025,3,1,62%,0.00,1,2,3,5,,231,8,9,1,,2,0,0,0,1,1,1,0,,,2,0,188,11,25,,17/32 (53%),1/6 (17%),51%,2,22/41 (54%),5/12 (42%),5/11 (45%),63%,8,0,12,12,,3,,,,,5
13589195,185,64052,NORMAL,REGULAR,Round 3,LEAGUE,5062,APS Atromitos Athinon,Visita,ALL,13/04/2025,3,0,35%,0.00,4,13,2,3,14,252,19,14,3,,3,0,7,3,9,4,0,4,,17,6,1,198,21,31,66/86 (77%),26/44 (59%),6/22 (27%),52%,10,42/79 (53%),13/26 (50%),9/14 (64%),68%,19,8,35,39,,2,,,1,,5
13589195,185,64052,NORMAL,REGULAR,Round 3,LEAGUE,5062,APS Atromitos Athinon,Visita,1ST,13/04/2025,3,0,32%,0.00,1,5,1,1,,125,11,7,0,,0,0,4,1,3,2,0,1,,,1,1,97,12,12,,14/24 (58%),2/7 (29%),56%,6,23/38 (61%),6/14 (43%),5/6 (83%),73%,11,2,20,27,,1,,,,,2
13589195,185,64052,NORMAL,REGULAR,Round 3,LEAGUE,5062,APS Atromitos Athinon,Visita,2ND,13/04/2025,3,0,38%,0.00,3,8,1,2,,127,8,7,3,,3,0,3,2,6,2,0,3,,,5,0,101,9,19,,12/20 (60%),4/15 (27%),49%,4,19/41 (46%),7/12 (58%),4/8 (50%),63%,8,6,15,12,,1,,,,,3
13589203,185,64052,NORMAL,REGULAR,Round 4,LEAGUE,5062,APS Atromitos Athinon,Local,ALL,26/04/2025,4,1,56%,0.00,4,19,3,6,10,481,21,13,1,,6,1,9,4,11,8,1,3,2,27,3,0,412,18,56,89/123 (72%),21/45 (47%),7/34 (21%),54%,4,42/68 (62%),8/24 (33%),8/13 (62%),71%,21,4,50,17,0,3,,0,0,0,5
13589203,185,64052,NORMAL,REGULAR,Round 4,LEAGUE,5062,APS Atromitos Athinon,Local,1ST,26/04/2025,4,0,52%,0.00,2,6,1,3,,224,10,7,1,,1,0,3,2,4,2,0,2,0,,3,0,198,9,23,,8/15 (53%),4/15 (27%),52%,4,21/37 (57%),4/11 (36%),4/8 (50%),60%,10,1,23,10,,1,,,,,0
13589203,185,64052,NORMAL,REGULAR,Round 4,LEAGUE,5062,APS Atromitos Athinon,Local,2ND,26/04/2025,4,1,60%,0.00,2,13,2,3,,257,11,6,0,,5,1,6,2,7,6,1,1,2,,0,0,214,9,33,,13/30 (43%),3/19 (16%),57%,0,21/31 (68%),4/13 (31%),4/5 (80%),82%,11,3,27,7,,2,,,,,5
13589203,185,64052,NORMAL,REGULAR,Round 4,LEAGUE,3252,Aris Thessaloniki,Visita,ALL,26/04/2025,4,1,44%,0.00,4,11,5,5,13,388,9,10,3,,4,0,6,1,8,3,0,4,2,20,1,2,305,21,51,86/119 (72%),31/66 (47%),3/10 (30%),46%,10,26/68 (38%),16/24 (67%),8/19 (42%),89%,9,7,44,27,1,5,,2,3,1,11
13589203,185,64052,NORMAL,REGULAR,Round 4,LEAGUE,3252,Aris Thessaloniki,Visita,1ST,26/04/2025,4,1,48%,0.00,1,4,1,3,,212,8,5,0,,2,0,2,0,3,1,0,1,1,,1,1,171,13,20,,16/32 (50%),2/8 (25%),48%,3,16/37 (43%),7/11 (64%),4/11 (36%),88%,8,3,21,11,,1,,,,,5
13589203,185,64052,NORMAL,REGULAR,Round 4,LEAGUE,3252,Aris Thessaloniki,Visita,2ND,26/04/2025,4,0,40%,0.00,3,7,4,2,,176,1,5,3,,2,0,4,1,5,2,0,3,1,,0,1,134,8,31,,15/34 (44%),1/2 (50%),43%,7,10/31 (32%),9/13 (69%),4/8 (50%),100%,1,4,23,16,,4,,,,,6
13589205,185,64052,NORMAL,REGULAR,Round 5,LEAGUE,6342,Asteras Aktor,Local,ALL,03/05/2025,5,1,63%,0.00,8,21,1,10,7,460,10,18,2,,9,1,12,0,17,4,1,7,,38,4,1,386,29,72,86/127 (68%),42/74 (57%),13/39 (33%),57%,9,40/68 (59%),16/30 (53%),12/21 (57%),90%,10,7,53,10,0,1,,0,,0,2
13589205,185,64052,NORMAL,REGULAR,Round 5,LEAGUE,6342,Asteras Aktor,Local,1ST,03/05/2025,5,0,57%,0.00,2,6,1,4,,222,5,9,0,,3,1,3,0,4,2,0,2,,,2,0,191,10,25,,21/33 (64%),2/14 (14%),58%,4,19/32 (59%),3/6 (50%),5/8 (63%),80%,5,3,27,8,,1,,,,,1
13589205,185,64052,NORMAL,REGULAR,Round 5,LEAGUE,6342,Asteras Aktor,Local,2ND,03/05/2025,5,1,69%,0.00,6,15,0,6,,238,5,9,2,,6,0,9,0,13,2,1,5,,,2,1,195,19,47,,21/41 (51%),11/25 (44%),57%,5,21/36 (58%),13/24 (54%),7/13 (54%),100%,5,4,26,2,,0,,,,,1
13589205,185,64052,NORMAL,REGULAR,Round 5,LEAGUE,5062,APS Atromitos Athinon,Visita,ALL,03/05/2025,5,4,37%,0.00,2,7,6,2,18,292,18,7,2,,5,0,1,1,3,4,2,0,,8,0,3,212,24,40,36/65 (55%),24/70 (34%),3/8 (38%),43%,3,28/68 (41%),14/30 (47%),4/11 (36%),67%,18,12,45,54,1,6,,1,,1,13
13589205,185,64052,NORMAL,REGULAR,Round 5,LEAGUE,5062,APS Atromitos Athinon,Visita,1ST,03/05/2025,5,4,43%,0.00,2,5,2,2,,171,7,2,0,,5,0,0,0,3,2,2,0,,,0,0,141,11,24,,11/30 (37%),3/8 (38%),42%,1,13/32 (41%),3/6 (50%),4/8 (50%),71%,7,8,25,18,,2,,,,,5
13589205,185,64052,NORMAL,REGULAR,Round 5,LEAGUE,5062,APS Atromitos Athinon,Visita,2ND,03/05/2025,5,0,31%,0.00,0,2,4,0,,121,11,5,2,,0,0,1,1,0,2,0,0,,,0,3,71,13,16,,13/40 (33%),0/0 (0%),43%,2,15/36 (42%),11/24 (46%),0/3 (0%),64%,11,4,20,36,,4,,,,,8
13589202,185,64052,NORMAL,REGULAR,Round 6,LEAGUE,5062,APS Atromitos Athinon,Local,ALL,10/05/2025,6,0,56%,0.00,1,11,3,5,23,401,18,17,2,,4,0,6,1,6,5,,1,,28,1,3,333,20,53,92/129 (71%),23/50 (46%),5/23 (22%),47%,8,42/92 (46%),12/22 (55%),10/24 (42%),67%,18,4,49,19,1,3,,0,0,0,8
13589202,185,64052,NORMAL,REGULAR,Round 6,LEAGUE,5062,APS Atromitos Athinon,Local,1ST,10/05/2025,6,0,56%,0.00,0,2,1,3,,200,10,7,0,,1,0,0,1,1,1,,0,,,1,0,168,10,28,,7/25 (28%),2/15 (13%),48%,6,20/42 (48%),4/8 (50%),4/7 (57%),60%,10,2,26,7,,1,,,,,4
13589202,185,64052,NORMAL,REGULAR,Round 6,LEAGUE,5062,APS Atromitos Athinon,Local,2ND,10/05/2025,6,0,55%,0.00,1,9,2,2,,201,8,10,2,,3,0,6,0,5,4,,1,,,0,3,165,10,25,,16/25 (64%),3/8 (38%),47%,2,22/50 (44%),8/14 (57%),6/17 (35%),75%,8,2,23,12,,2,,,,,4
13589202,185,64052,NORMAL,REGULAR,Round 6,LEAGUE,3241,OFI Crete,Visita,ALL,10/05/2025,6,0,44%,0.00,2,11,5,4,17,325,22,23,1,,3,1,5,3,5,6,,2,,15,4,0,254,16,42,60/84 (71%),29/66 (44%),1/16 (6%),53%,7,50/92 (54%),10/22 (45%),7/18 (39%),45%,22,16,46,12,0,5,,1,1,1,13
13589202,185,64052,NORMAL,REGULAR,Round 6,LEAGUE,3241,OFI Crete,Visita,1ST,10/05/2025,6,0,44%,0.00,0,3,1,0,,165,9,11,1,,1,0,2,0,1,2,,0,,,1,0,127,11,19,,16/35 (46%),0/4 (0%),52%,5,22/42 (52%),4/8 (50%),2/7 (29%),33%,9,5,22,5,,1,,,,,8
13589202,185,64052,NORMAL,REGULAR,Round 6,LEAGUE,3241,OFI Crete,Visita,2ND,10/05/2025,6,0,45%,0.00,2,8,4,4,,160,13,12,0,,2,1,3,3,4,4,,2,,,3,0,127,5,23,,13/31 (42%),1/12 (8%),53%,2,28/50 (56%),6/14 (43%),5/11 (45%),54%,13,11,24,7,,4,,,,,5
14159107,185,78175,NORMAL,REGULAR,Round 1,LEAGUE,7004,GFS Panetolikos,Local,ALL,23/08/2025,1,0,53%,0.70,2,11,2,1,12,463,20,15,1,,0,0,4,7,6,5,0,2,,16,4,1,371,25,58,53/101 (52%),23/57 (40%),4/17 (24%),60%,4,40/63 (63%),9/18 (50%),6/10 (60%),45%,20,9,44,22,0,2,-0.47,,0,,6
14159107,185,78175,NORMAL,REGULAR,Round 1,LEAGUE,7004,GFS Panetolikos,Local,1ST,23/08/2025,1,0,49%,0.12,0,5,2,1,,194,7,7,1,,0,0,2,3,1,4,0,0,,,0,1,158,11,22,,12/29 (41%),0/5 (0%),48%,2,15/31 (48%),4/9 (44%),2/5 (40%),14%,7,5,17,12,,2,,,,,3
14159107,185,78175,NORMAL,REGULAR,Round 1,LEAGUE,7004,GFS Panetolikos,Local,2ND,23/08/2025,1,0,55%,0.58,2,6,0,0,,269,13,8,0,,0,0,2,4,5,1,0,2,,,4,0,213,14,36,,11/28 (39%),4/12 (33%),73%,2,25/32 (78%),5/9 (56%),4/5 (80%),62%,13,4,27,10,,0,,,,,3
14159107,185,78175,NORMAL,REGULAR,Round 1,LEAGUE,5062,APS Atromitos Athinon,Visita,ALL,23/08/2025,1,2,47%,1.80,2,14,0,4,15,420,8,12,2,,3,0,4,7,11,3,1,1,,16,1,0,333,30,62,83/119 (70%),16/50 (32%),3/12 (25%),40%,9,23/63 (37%),9/18 (50%),4/15 (27%),63%,8,11,47,24,1,0,0.00,,1,,13
14159107,185,78175,NORMAL,REGULAR,Round 1,LEAGUE,5062,APS Atromitos Athinon,Visita,1ST,23/08/2025,1,1,51%,0.56,0,8,0,4,,199,5,8,0,,2,0,2,4,6,2,0,0,,,1,0,160,12,29,,9/24 (38%),3/9 (33%),52%,5,16/31 (52%),5/9 (56%),3/5 (60%),60%,5,4,21,7,,0,,,,,7
14159107,185,78175,NORMAL,REGULAR,Round 1,LEAGUE,5062,APS Atromitos Athinon,Visita,2ND,23/08/2025,1,1,45%,1.24,2,6,0,0,,221,3,4,2,,1,0,2,3,5,1,1,1,,,0,0,173,18,33,,7/26 (27%),0/3 (0%),27%,4,7/32 (22%),4/9 (44%),1/10 (10%),67%,3,7,26,17,,0,,,,,6
14151975,185,78175,NORMAL,REGULAR,Round 2,LEAGUE,3251,PAOK,Local,ALL,31/08/2025,2,1,73%,2.43,5,26,1,6,11,649,13,18,1,0,5,1,14,7,15,11,1,4,1,41,7,3,571,24,83,172/218 (79%),39/59 (66%),13/32 (41%),46%,7,32/67 (48%),9/22 (41%),3/10 (30%),46%,13,6,49,10,0,1,0.20,1,1,0,1
14151975,185,78175,NORMAL,REGULAR,Round 2,LEAGUE,3251,PAOK,Local,1ST,31/08/2025,2,0,74%,0.65,1,11,1,3,,354,7,10,0,0,2,0,5,4,6,5,0,1,0,,4,2,315,10,48,,21/32 (66%),8/17 (47%),51%,2,18/35 (51%),5/10 (50%),1/6 (17%),57%,7,4,26,6,,1,,,,,1
14151975,185,78175,NORMAL,REGULAR,Round 2,LEAGUE,3251,PAOK,Local,2ND,31/08/2025,2,1,72%,1.78,4,15,0,3,,295,6,8,1,0,3,1,9,3,9,6,1,3,1,,3,1,256,14,35,,18/27 (67%),5/15 (33%),41%,5,14/32 (44%),4/12 (33%),2/4 (50%),33%,6,2,23,4,,0,,,,,0
14151975,185,78175,NORMAL,REGULAR,Round 2,LEAGUE,5062,APS Atromitos Athinon,Visita,ALL,31/08/2025,2,0,27%,0.04,0,1,4,1,18,248,14,11,6,1,1,0,0,0,0,1,0,0,0,0,1,1,171,15,36,20/49 (41%),19/52 (37%),0/2 (0%),54%,6,35/67 (52%),13/22 (59%),10/17 (59%),50%,14,11,36,36,1,4,0.39,0,0,1,19
14151975,185,78175,NORMAL,REGULAR,Round 2,LEAGUE,5062,APS Atromitos Athinon,Visita,1ST,31/08/2025,2,0,26%,0.04,0,1,2,1,,128,7,4,3,1,1,0,0,0,0,1,0,0,0,,0,1,94,7,15,,8/20 (40%),0/2 (0%),49%,3,17/35 (49%),5/10 (50%),6/10 (60%),71%,7,8,21,21,,2,,,,,6
14151975,185,78175,NORMAL,REGULAR,Round 2,LEAGUE,5062,APS Atromitos Athinon,Visita,2ND,31/08/2025,2,0,28%,0.00,0,0,2,0,,120,7,7,3,0,0,0,0,0,0,0,0,0,0,,1,0,77,8,21,,11/32 (34%),0/0 (0%),59%,3,18/32 (56%),8/12 (67%),4/7 (57%),29%,7,3,15,15,,2,,,,,13
14151959,185,78175,NORMAL,REGULAR,Round 3,LEAGUE,5062,APS Atromitos Athinon,Local,ALL,13/09/2025,3,1,56%,0.33,0,7,3,4,12,482,15,17,1,,2,0,2,3,4,3,0,0,0,11,2,0,401,29,46,77/114 (68%),20/49 (41%),2/20 (10%),49%,8,35/70 (50%),14/29 (48%),3/6 (50%),67%,15,4,30,15,1,3,0.29,,1,,7
14151959,185,78175,NORMAL,REGULAR,Round 3,LEAGUE,5062,APS Atromitos Athinon,Local,1ST,13/09/2025,3,1,47%,0.15,0,3,1,2,,211,10,8,0,,1,0,0,2,2,1,0,0,0,,0,0,177,14,17,,7/22 (32%),0/7 (0%),54%,7,19/36 (53%),6/10 (60%),1/1 (100%),70%,10,2,11,7,,1,,,,,5
14151959,185,78175,NORMAL,REGULAR,Round 3,LEAGUE,5062,APS Atromitos Athinon,Local,2ND,13/09/2025,3,0,65%,0.19,0,4,2,2,,271,5,9,1,,1,0,2,1,2,2,0,0,0,,2,0,224,15,29,,13/27 (48%),2/13 (15%),45%,1,16/34 (47%),8/19 (42%),2/5 (40%),60%,5,2,19,8,,2,,,,,2
14151959,185,78175,NORMAL,REGULAR,Round 3,LEAGUE,3252,Aris Thessaloniki,Visita,ALL,13/09/2025,3,2,44%,1.47,3,11,2,7,17,385,11,12,2,,5,0,5,1,9,2,1,2,1,14,1,3,326,18,51,67/100 (67%),15/43 (35%),4/15 (27%),51%,7,35/70 (50%),15/29 (52%),12/20 (60%),73%,11,9,45,32,0,2,-0.59,,1,,1
14151959,185,78175,NORMAL,REGULAR,Round 3,LEAGUE,3252,Aris Thessaloniki,Visita,1ST,13/09/2025,3,1,53%,0.49,1,5,1,4,,241,7,5,1,,2,0,3,0,5,0,0,1,0,,1,1,214,10,29,,7/16 (44%),2/8 (25%),46%,5,17/36 (47%),4/10 (40%),5/10 (50%),86%,7,3,19,14,,1,,,,,1
14151959,185,78175,NORMAL,REGULAR,Round 3,LEAGUE,3252,Aris Thessaloniki,Visita,2ND,13/09/2025,3,1,35%,0.99,2,6,1,3,,144,4,7,1,,3,0,2,1,4,2,1,1,1,,0,2,112,8,22,,8/27 (30%),2/7 (29%),55%,2,18/34 (53%),11/19 (58%),7/10 (70%),50%,4,6,26,18,,1,,,,,0
14609090,375,79874,NORMAL,REGULAR,Round 1,CUP,5062,APS Atromitos Athinon,Local,ALL,17/09/2025,1,4,0%,,,,,0,21,,,18,1,0,5,0,3,5,,,,,,,,3,,15,,,,,,,,,,,,,,,,,,,,,8
14609090,375,79874,NORMAL,REGULAR,Round 1,CUP,5062,APS Atromitos Athinon,Local,1ST,17/09/2025,1,,,,,,,,,,,,,,,,,,,,,,,,,,,,,,,,,,,,,,,,,,,,,,,,
14609090,375,79874,NORMAL,REGULAR,Round 1,CUP,5062,APS Atromitos Athinon,Local,2ND,17/09/2025,1,,,,,,,,,,,,,,,,,,,,,,,,,,,,,,,,,,,,,,,,,,,,,,,,
14609090,375,79874,NORMAL,REGULAR,Round 1,CUP,426039,APO Ellas Syrou,Visita,ALL,17/09/2025,1,2,0%,,,,,6,16,,,24,4,0,5,0,5,7,,,,,,,,2,,15,,,,,,,,,,,,,,,,,,,,,3
14609090,375,79874,NORMAL,REGULAR,Round 1,CUP,426039,APO Ellas Syrou,Visita,1ST,17/09/2025,1,,,,,,,,,,,,,,,,,,,,,,,,,,,,,,,,,,,,,,,,,,,,,,,,
14609090,375,79874,NORMAL,REGULAR,Round 1,CUP,426039,APO Ellas Syrou,Visita,2ND,17/09/2025,1,,,,,,,,,,,,,,,,,,,,,,,,,,,,,,,,,,,,,,,,,,,,,,,,
14151960,185,78175,NORMAL,REGULAR,Round 4,LEAGUE,6347,MGS Panserraikos,Local,ALL,20/09/2025,4,1,43%,0.99,2,15,1,3,19,327,14,21,5,,2,1,10,3,10,5,1,1,,19,4,1,263,19,49,66/100 (66%),16/41 (39%),7/18 (39%),47%,6,38/81 (47%),10/21 (48%),5/17 (29%),64%,14,7,36,29,,1,-0.53,1,0,1,6
14151960,185,78175,NORMAL,REGULAR,Round 4,LEAGUE,6347,MGS Panserraikos,Local,1ST,20/09/2025,4,0,43%,0.31,0,8,1,3,,165,4,8,2,,0,1,5,3,5,3,0,0,,,2,1,137,12,21,,6/15 (40%),2/9 (22%),38%,4,12/35 (34%),4/7 (57%),2/9 (22%),75%,4,4,15,11,,1,,,,,2
14151960,185,78175,NORMAL,REGULAR,Round 4,LEAGUE,6347,MGS Panserraikos,Local,2ND,20/09/2025,4,1,44%,0.68,2,7,0,0,,162,10,13,3,,2,0,5,0,5,2,1,1,,,2,0,126,7,28,,10/26 (38%),5/9 (56%),53%,2,26/46 (57%),6/14 (43%),3/8 (38%),60%,10,3,21,18,,0,,,,,4
14151960,185,78175,NORMAL,REGULAR,Round 4,LEAGUE,5062,APS Atromitos Athinon,Visita,ALL,20/09/2025,4,1,57%,0.35,0,11,1,7,21,428,18,19,3,,2,0,6,3,4,7,0,0,,8,4,3,348,25,67,81/126 (64%),25/59 (42%),3/22 (14%),53%,6,43/81 (53%),11/21 (52%),6/14 (43%),72%,18,5,35,21,,1,-0.53,0,1,0,10
14151960,185,78175,NORMAL,REGULAR,Round 4,LEAGUE,5062,APS Atromitos Athinon,Visita,1ST,20/09/2025,4,1,57%,0.09,0,4,0,3,,226,11,10,1,,2,0,2,0,1,3,0,0,,,2,1,189,10,35,,15/31 (48%),0/10 (0%),62%,0,23/35 (66%),3/7 (43%),2/6 (33%),82%,11,3,13,10,,0,,,,,3
14151960,185,78175,NORMAL,REGULAR,Round 4,LEAGUE,5062,APS Atromitos Athinon,Visita,2ND,20/09/2025,4,0,56%,0.26,0,7,1,4,,202,7,9,2,,0,0,4,3,3,4,0,0,,,2,2,159,15,32,,10/28 (36%),3/12 (25%),47%,6,20/46 (43%),8/14 (57%),4/8 (50%),57%,7,2,22,11,,1,,,,,7
14613044,375,79874,NORMAL,REGULAR,Round 2,CUP,267459,NPS Volos,Local,ALL,24/09/2025,2,1,0%,,,,,2,19,,,19,6,0,3,0,3,2,,,,,,,,1,,18,,,,,,,,,,,,,,,,,,,,,3
14613044,375,79874,NORMAL,REGULAR,Round 2,CUP,267459,NPS Volos,Local,1ST,24/09/2025,2,,,,,,,,,,,,,,,,,,,,,,,,,,,,,,,,,,,,,,,,,,,,,,,,
14613044,375,79874,NORMAL,REGULAR,Round 2,CUP,267459,NPS Volos,Local,2ND,24/09/2025,2,,,,,,,,,,,,,,,,,,,,,,,,,,,,,,,,,,,,,,,,,,,,,,,,
14613044,375,79874,NORMAL,REGULAR,Round 2,CUP,5062,APS Atromitos Athinon,Visita,ALL,24/09/2025,2,1,0%,,,,,6,16,,,20,6,0,2,0,0,3,,,,,,,,3,,24,,,,,,,,,,,,,,,,,,,,,9
14613044,375,79874,NORMAL,REGULAR,Round 2,CUP,5062,APS Atromitos Athinon,Visita,1ST,24/09/2025,2,,,,,,,,,,,,,,,,,,,,,,,,,,,,,,,,,,,,,,,,,,,,,,,,
14613044,375,79874,NORMAL,REGULAR,Round 2,CUP,5062,APS Atromitos Athinon,Visita,2ND,24/09/2025,2,,,,,,,,,,,,,,,,,,,,,,,,,,,,,,,,,,,,,,,,,,,,,,,,
14151974,185,78175,NORMAL,REGULAR,Round 5,LEAGUE,5062,APS Atromitos Athinon,Local,ALL,29/09/2025,5,1,68%,1.54,2,14,1,2,17,578,10,17,2,0,3,1,8,3,10,4,1,1,,29,4,1,522,15,58,135/163 (83%),17/29 (59%),5/26 (19%),44%,5,30/72 (42%),10/18 (56%),4/11 (36%),60%,10,5,40,15,,1,-0.15,1,3,1,4
14151974,185,78175,NORMAL,REGULAR,Round 5,LEAGUE,5062,APS Atromitos Athinon,Local,1ST,29/09/2025,5,0,69%,1.06,2,8,1,0,,306,5,12,1,0,2,0,3,3,4,4,1,1,,,4,1,275,6,25,,11/20 (55%),1/11 (9%),51%,3,19/36 (53%),5/11 (45%),2/5 (40%),80%,5,3,25,6,,1,,,,,2
14151974,185,78175,NORMAL,REGULAR,Round 5,LEAGUE,5062,APS Atromitos Athinon,Local,2ND,29/09/2025,5,1,67%,0.47,0,6,0,2,,272,5,5,1,0,1,1,5,0,6,0,0,0,,,0,0,247,9,33,,6/9 (67%),4/15 (27%),37%,2,11/36 (31%),5/7 (71%),2/6 (33%),40%,5,2,15,9,,0,,,,,2
14151974,185,78175,NORMAL,REGULAR,Round 5,LEAGUE,3265,AEL Novibet,Visita,ALL,29/09/2025,5,1,32%,0.44,0,5,2,3,18,269,12,17,6,1,2,0,3,0,3,2,0,0,,13,1,4,208,15,53,58/94 (62%),18/57 (32%),2/9 (22%),56%,0,42/72 (58%),8/18 (44%),16/26 (62%),67%,12,8,37,25,,2,0.14,0,1,1,11
14151974,185,78175,NORMAL,REGULAR,Round 5,LEAGUE,3265,AEL Novibet,Visita,1ST,29/09/2025,5,0,31%,0.14,0,2,1,2,,134,6,6,2,1,1,0,1,0,2,0,0,0,,,0,1,99,5,20,,8/29 (28%),2/4 (50%),49%,0,17/36 (47%),6/11 (55%),6/11 (55%),67%,6,4,21,11,,1,,,,,4
14151974,185,78175,NORMAL,REGULAR,Round 5,LEAGUE,3265,AEL Novibet,Visita,2ND,29/09/2025,5,1,33%,0.30,0,3,1,1,,135,6,11,4,0,1,0,2,0,1,2,0,0,,,1,3,109,10,33,,10/28 (36%),0/5 (0%),63%,0,25/36 (69%),2/7 (29%),10/15 (67%),67%,6,4,16,14,,1,,,,,7
14151988,185,78175,NORMAL,REGULAR,Round 6,LEAGUE,3248,Panathinaikos FC,Local,ALL,05/10/2025,6,1,58%,1.49,4,19,0,6,18,602,16,17,0,,8,0,7,4,15,4,1,3,2,51,4,3,533,15,94,188/240 (78%),15/29 (52%),6/21 (29%),52%,4,38/79 (48%),16/24 (67%),6/16 (38%),31%,16,8,50,19,0,0,0.00,0,0,0,2
14151988,185,78175,NORMAL,REGULAR,Round 6,LEAGUE,3248,Panathinaikos FC,Local,1ST,05/10/2025,6,0,62%,0.45,1,7,0,2,,350,9,8,0,,4,0,2,1,4,3,0,1,0,,2,2,323,6,50,,6/8 (75%),2/15 (13%),56%,0,21/38 (55%),6/10 (60%),4/12 (33%),11%,9,1,19,8,,0,,,,,2
14151988,185,78175,NORMAL,REGULAR,Round 6,LEAGUE,3248,Panathinaikos FC,Local,2ND,05/10/2025,6,1,52%,1.05,3,12,0,4,,252,7,9,0,,4,0,5,3,11,1,1,2,2,,2,1,210,9,44,,9/21 (43%),4/6 (67%),49%,4,17/41 (41%),10/14 (71%),2/4 (50%),57%,7,7,31,11,,0,,,,,0
14151988,185,78175,NORMAL,REGULAR,Round 6,LEAGUE,5062,APS Atromitos Athinon,Visita,ALL,05/10/2025,6,0,42%,0.20,0,3,7,2,17,446,14,18,1,,0,0,2,1,1,2,0,0,0,5,0,1,362,14,34,24/50 (48%),25/61 (41%),1/10 (10%),48%,8,41/79 (52%),8/24 (33%),10/18 (56%),36%,14,11,47,28,2,7,0.37,2,1,2,10
14151988,185,78175,NORMAL,REGULAR,Round 6,LEAGUE,5062,APS Atromitos Athinon,Visita,1ST,05/10/2025,6,0,38%,0.16,0,2,4,1,,215,8,5,0,,0,0,2,0,1,1,0,0,0,,0,1,178,6,13,,14/29 (48%),1/3 (33%),44%,5,17/38 (45%),4/10 (40%),4/8 (50%),50%,8,7,24,16,,4,,,,,5
14151988,185,78175,NORMAL,REGULAR,Round 6,LEAGUE,5062,APS Atromitos Athinon,Visita,2ND,05/10/2025,6,0,48%,0.03,0,1,3,1,,231,6,13,1,,0,0,0,1,0,1,0,0,0,,0,0,184,8,21,,11/32 (34%),0/7 (0%),51%,3,24/41 (59%),4/14 (29%),6/10 (60%),17%,6,4,23,12,,3,,,,,5
14151993,185,78175,NORMAL,REGULAR,Round 7,LEAGUE,5062,APS Atromitos Athinon,Local,ALL,18/10/2025,7,2,39%,0.63,1,7,1,1,19,346,12,11,6,,4,0,2,1,4,3,1,,1,11,1,1,264,24,47,54/85 (64%),16/48 (33%),2/12 (17%),45%,4,26/64 (41%),14/25 (56%),3/15 (20%),75%,12,11,45,25,,1,-0.88,0,1,1,6
14151993,185,78175,NORMAL,REGULAR,Round 7,LEAGUE,5062,APS Atromitos Athinon,Local,1ST,18/10/2025,7,2,47%,0.51,1,4,0,0,10,242,5,4,1,,3,0,1,0,3,1,1,,1,,1,0,205,15,28,,13/26 (50%),0/4 (0%),42%,2,10/28 (36%),6/10 (60%),1/6 (17%),80%,5,2,24,5,,0,,,,,3
14151993,185,78175,NORMAL,REGULAR,Round 7,LEAGUE,5062,APS Atromitos Athinon,Local,2ND,18/10/2025,7,0,28%,0.12,0,3,1,1,9,104,7,7,5,,1,0,1,1,1,2,0,,0,,0,1,59,9,19,,3/22 (14%),2/8 (25%),47%,2,16/36 (44%),8/15 (53%),2/9 (22%),71%,7,9,21,20,,1,,,,,3
14151993,185,78175,NORMAL,REGULAR,Round 7,LEAGUE,5063,APO Levadiakos,Visita,ALL,18/10/2025,7,2,61%,1.18,1,9,2,5,11,552,16,19,0,,3,0,4,2,4,5,1,,2,16,5,2,467,24,52,88/119 (74%),23/45 (51%),2/18 (11%),55%,6,38/64 (59%),11/25 (44%),6/12 (50%),94%,16,10,41,18,,2,-0.65,1,1,0,4
14151993,185,78175,NORMAL,REGULAR,Round 7,LEAGUE,5063,APO Levadiakos,Visita,1ST,18/10/2025,7,1,53%,0.78,1,3,1,1,4,267,7,10,0,,1,0,2,0,2,1,1,,2,,2,2,225,13,19,,11/21 (52%),0/4 (0%),58%,2,18/28 (64%),4/10 (40%),2/5 (40%),100%,7,6,24,9,,1,,,,,2
14151993,185,78175,NORMAL,REGULAR,Round 7,LEAGUE,5063,APO Levadiakos,Visita,2ND,18/10/2025,7,1,72%,0.40,0,6,1,4,7,285,9,9,0,,2,0,2,2,2,4,0,,0,,3,0,242,11,33,,12/24 (50%),2/14 (14%),53%,4,20/36 (56%),7/15 (47%),4/7 (57%),89%,9,4,17,9,,1,,,,,2
14152004,185,78175,NORMAL,REGULAR,Round 8,LEAGUE,3241,OFI Crete,Local,ALL,25/10/2025,8,1,44%,1.76,2,18,1,4,16,327,26,18,2,,2,1,9,7,6,12,0,2,1,15,3,0,260,20,41,41/75 (55%),11/33 (33%),4/13 (31%),55%,9,54/94 (57%),11/24 (46%),11/18 (61%),54%,26,3,45,22,,1,-0.72,0,1,,5
14152004,185,78175,NORMAL,REGULAR,Round 8,LEAGUE,3241,OFI Crete,Local,1ST,25/10/2025,8,1,39%,1.35,2,7,1,1,5,152,15,7,0,,1,0,4,2,2,5,0,2,1,,2,0,120,9,13,,7/18 (39%),1/6 (17%),55%,6,25/43 (58%),5/12 (42%),3/5 (60%),60%,15,1,24,17,,1,,,,,3
14152004,185,78175,NORMAL,REGULAR,Round 8,LEAGUE,3241,OFI Crete,Local,2ND,25/10/2025,8,0,48%,0.41,0,11,0,3,11,175,11,11,2,,1,1,5,5,4,7,0,0,0,,1,0,140,11,28,,4/15 (27%),3/7 (43%),56%,3,29/51 (57%),6/12 (50%),8/13 (62%),45%,11,2,21,5,,0,,,,,2
14152004,185,78175,NORMAL,REGULAR,Round 8,LEAGUE,5062,APS Atromitos Athinon,Visita,ALL,25/10/2025,8,3,56%,1.79,3,11,1,8,18,424,16,16,2,,4,0,4,3,9,2,3,0,0,23,2,3,364,21,44,75/106 (71%),22/47 (47%),8/22 (36%),45%,18,40/94 (43%),13/24 (54%),8/16 (50%),63%,16,8,45,13,,1,-0.61,1,0,,15
14152004,185,78175,NORMAL,REGULAR,Round 8,LEAGUE,5062,APS Atromitos Athinon,Visita,1ST,25/10/2025,8,1,61%,0.61,1,8,0,7,7,229,8,5,1,,2,0,3,3,7,1,1,0,0,,1,2,200,12,26,,7/16 (44%),5/17 (29%),45%,10,18/43 (42%),7/12 (58%),5/10 (50%),63%,8,4,25,5,,0,,,,,6
14152004,185,78175,NORMAL,REGULAR,Round 8,LEAGUE,5062,APS Atromitos Athinon,Visita,2ND,25/10/2025,8,2,52%,1.18,2,3,1,1,11,195,8,11,1,,2,0,1,0,2,1,2,0,0,,1,1,164,9,18,,15/31 (48%),3/5 (60%),44%,8,22/51 (43%),6/12 (50%),3/6 (50%),63%,8,4,20,8,,1,,,,,9
14613049,375,79874,NORMAL,REGULAR,Round 3,CUP,5062,APS Atromitos Athinon,Local,ALL,29/10/2025,3,1,,,,,,,,,,,,0,,,,,,,,,,,,,,,,,,,,,,,,,,,,,,,,,,,
14613049,375,79874,NORMAL,REGULAR,Round 3,CUP,5062,APS Atromitos Athinon,Local,1ST,29/10/2025,3,,,,,,,,,,,,,,,,,,,,,,,,,,,,,,,,,,,,,,,,,,,,,,,,
14613049,375,79874,NORMAL,REGULAR,Round 3,CUP,5062,APS Atromitos Athinon,Local,2ND,29/10/2025,3,,,,,,,,,,,,,,,,,,,,,,,,,,,,,,,,,,,,,,,,,,,,,,,,
14613049,375,79874,NORMAL,REGULAR,Round 3,CUP,3248,Panathinaikos FC,Visita,ALL,29/10/2025,3,2,,,,,,,,,,,,0,,,,,,,,,,,,,,,,,,,,,,,,,,,,,,,,,,,
14613049,375,79874,NORMAL,REGULAR,Round 3,CUP,3248,Panathinaikos FC,Visita,1ST,29/10/2025,3,,,,,,,,,,,,,,,,,,,,,,,,,,,,,,,,,,,,,,,,,,,,,,,,
14613049,375,79874,NORMAL,REGULAR,Round 3,CUP,3248,Panathinaikos FC,Visita,2ND,29/10/2025,3,,,,,,,,,,,,,,,,,,,,,,,,,,,,,,,,,,,,,,,,,,,,,,,,
14152010,185,78175,NORMAL,REGULAR,Round 9,LEAGUE,5062,APS Atromitos Athinon,Local,ALL,01/11/2025,9,1,57%,1.52,2,20,6,3,5,416,13,18,1,,3,0,10,7,9,11,1,1,,20,5,5,366,15,44,92/110 (84%),24/45 (53%),3/17 (18%),59%,4,34/57 (60%),15/26 (58%),5/13 (38%),62%,13,6,44,23,,6,1.06,2,,,11
14152010,185,78175,NORMAL,REGULAR,Round 9,LEAGUE,5062,APS Atromitos Athinon,Local,1ST,01/11/2025,9,0,48%,0.29,0,4,5,1,2,196,4,7,0,,1,0,0,3,1,3,0,0,,,2,2,170,5,16,,9/21 (43%),1/6 (17%),54%,2,14/24 (58%),6/13 (46%),3/7 (43%),50%,4,3,22,20,,5,,,,,6
14152010,185,78175,NORMAL,REGULAR,Round 9,LEAGUE,5062,APS Atromitos Athinon,Local,2ND,01/11/2025,9,1,68%,1.22,2,16,1,2,3,220,9,11,1,,2,0,10,4,8,8,1,1,,,3,3,196,10,28,,15/24 (63%),2/11 (18%),63%,2,20/33 (61%),9/13 (69%),2/6 (33%),67%,9,3,22,3,,1,,,,,5
14152010,185,78175,NORMAL,REGULAR,Round 9,LEAGUE,120224,AE Kifisia,Visita,ALL,01/11/2025,9,2,43%,1.40,2,23,2,9,18,312,12,5,4,,8,0,8,7,12,11,1,1,,26,0,0,251,22,59,89/128 (70%),18/41 (44%),5/19 (26%),41%,4,23/57 (40%),11/26 (42%),6/15 (40%),58%,12,4,39,22,,2,0.00,0,,,11
14152010,185,78175,NORMAL,REGULAR,Round 9,LEAGUE,120224,AE Kifisia,Visita,1ST,01/11/2025,9,0,52%,0.95,1,18,1,9,7,204,6,2,1,,5,0,6,7,10,8,0,1,,,0,0,176,12,37,,8/17 (47%),5/17 (29%),46%,1,10/24 (42%),7/13 (54%),2/5 (40%),50%,6,2,21,11,,1,,,,,1
14152010,185,78175,NORMAL,REGULAR,Round 9,LEAGUE,120224,AE Kifisia,Visita,2ND,01/11/2025,9,2,32%,0.45,1,5,1,0,11,108,6,3,3,,3,0,2,0,2,3,1,0,,,0,0,75,10,22,,10/24 (42%),0/2 (0%),37%,3,13/33 (39%),4/13 (31%),4/10 (40%),67%,6,2,18,11,,1,,,,,10
14152016,185,78175,NORMAL,REGULAR,Round 10,LEAGUE,5062,APS Atromitos Athinon,Local,ALL,09/11/2025,10,0,63%,1.64,2,23,3,7,16,540,21,16,2,,4,0,8,11,13,10,0,2,,25,4,0,478,30,73,133/165 (81%),22/49 (45%),5/31 (16%),58%,4,42/70 (60%),12/23 (52%),6/9 (67%),52%,21,9,43,8,,3,0.43,,,,3
14152016,185,78175,NORMAL,REGULAR,Round 10,LEAGUE,5062,APS Atromitos Athinon,Local,1ST,09/11/2025,10,0,53%,1.07,2,11,2,1,9,230,11,5,1,,3,0,4,4,7,4,0,2,,,1,0,205,14,27,,8/21 (38%),3/12 (25%),57%,1,20/34 (59%),4/8 (50%),4/4 (100%),55%,11,5,21,6,,2,,,,,2
14152016,185,78175,NORMAL,REGULAR,Round 10,LEAGUE,5062,APS Atromitos Athinon,Local,2ND,09/11/2025,10,0,72%,0.57,0,12,1,6,7,310,10,11,1,,1,0,4,7,6,6,0,0,,,3,0,273,16,46,,14/28 (50%),2/19 (11%),59%,3,22/36 (61%),8/15 (53%),2/5 (40%),50%,10,4,22,2,,1,,,,,1
14152016,185,78175,NORMAL,REGULAR,Round 10,LEAGUE,267459,NPS Volos,Visita,ALL,09/11/2025,10,1,37%,0.49,3,4,3,0,16,333,7,16,4,,4,0,0,0,3,1,1,2,,7,2,2,262,23,39,36/54 (67%),17/51 (33%),2/6 (33%),42%,13,28/70 (40%),11/23 (48%),5/13 (38%),43%,7,7,47,30,,3,0.51,,,,12
14152016,185,78175,NORMAL,REGULAR,Round 10,LEAGUE,267459,NPS Volos,Visita,1ST,09/11/2025,10,1,47%,0.45,2,3,2,0,5,209,1,9,2,,3,0,0,0,2,1,1,1,,,2,1,176,12,21,,12/24 (50%),2/5 (40%),43%,6,14/34 (41%),4/8 (50%),4/9 (44%),0%,1,4,20,10,,2,,,,,5
14152016,185,78175,NORMAL,REGULAR,Round 10,LEAGUE,267459,NPS Volos,Visita,2ND,09/11/2025,10,0,28%,0.04,1,1,1,0,11,124,6,7,2,,1,0,0,0,1,0,0,1,,,0,1,86,11,18,,5/27 (19%),0/1 (0%),41%,7,14/36 (39%),7/15 (47%),1/4 (25%),50%,6,3,27,20,,1,,,,,7
14152024,185,78175,NORMAL,REGULAR,Round 11,LEAGUE,3245,Olympiacos FC,Local,ALL,22/11/2025,11,3,65%,4.83,5,27,2,7,5,555,13,12,0,,7,2,11,9,21,6,3,2,0,50,7,1,487,16,62,151/189 (80%),24/42 (57%),10/37 (27%),64%,4,42/63 (67%),19/33 (58%),16/26 (62%),85%,13,10,57,12,1,2,0.27,,,,5
14152024,185,78175,NORMAL,REGULAR,Round 11,LEAGUE,3245,Olympiacos FC,Local,1ST,22/11/2025,11,0,74%,2.05,1,14,1,5,2,312,3,8,0,,2,1,5,7,12,2,1,0,0,,5,0,284,8,32,,10/14 (71%),7/27 (26%),63%,1,20/30 (67%),5/10 (50%),8/13 (62%),100%,3,6,26,2,,1,,,,,1
14152024,185,78175,NORMAL,REGULAR,Round 11,LEAGUE,3245,Olympiacos FC,Local,2ND,22/11/2025,11,3,55%,2.77,4,13,1,2,3,243,10,4,0,,5,1,6,2,9,4,2,2,0,,2,1,203,8,30,,14/28 (50%),3/10 (30%),64%,3,22/33 (67%),14/23 (61%),8/13 (62%),80%,10,4,31,10,,1,,,,,4
14152024,185,78175,NORMAL,REGULAR,Round 11,LEAGUE,5062,APS Atromitos Athinon,Visita,ALL,22/11/2025,11,0,35%,0.52,0,6,5,1,13,314,14,5,2,,2,0,3,1,4,2,0,0,1,12,0,1,229,23,27,33/50 (66%),12/53 (23%),2/7 (29%),36%,8,21/63 (33%),14/33 (42%),3/8 (38%),50%,14,7,43,37,0,5,0.64,,,,14
14152024,185,78175,NORMAL,REGULAR,Round 11,LEAGUE,5062,APS Atromitos Athinon,Visita,1ST,22/11/2025,11,0,26%,0.12,0,3,2,0,9,116,6,2,2,,1,0,1,1,1,2,0,0,0,,0,0,77,7,9,,3/27 (11%),1/2 (50%),37%,1,10/30 (33%),5/10 (50%),2/4 (50%),50%,6,3,21,25,,2,,,,,6
14152024,185,78175,NORMAL,REGULAR,Round 11,LEAGUE,5062,APS Atromitos Athinon,Visita,2ND,22/11/2025,11,0,45%,0.40,0,3,3,1,4,198,8,3,0,,1,0,2,0,3,0,0,0,1,,0,1,152,16,18,,9/26 (35%),1/5 (20%),36%,7,11/33 (33%),9/23 (39%),1/4 (25%),50%,8,4,22,12,,3,,,,,8
14152026,185,78175,NORMAL,REGULAR,Round 12,LEAGUE,5062,APS Atromitos Athinon,Local,ALL,30/11/2025,12,0,65%,1.35,2,11,5,7,15,511,12,17,2,,4,0,1,6,6,5,,2,0,20,4,2,430,29,51,78/118 (66%),22/47 (47%),5/20 (25%),50%,7,33/65 (51%),17/36 (47%),4/8 (50%),67%,12,9,39,22,,5,0.68,1,1,,4
14152026,185,78175,NORMAL,REGULAR,Round 12,LEAGUE,5062,APS Atromitos Athinon,Local,1ST,30/11/2025,12,0,67%,1.22,2,9,2,5,5,258,4,8,1,,3,0,1,5,4,5,,2,0,,4,2,225,18,22,,13/23 (57%),3/16 (19%),50%,5,14/26 (54%),7/16 (44%),2/3 (67%),75%,4,4,19,8,,2,,,,,0
14152026,185,78175,NORMAL,REGULAR,Round 12,LEAGUE,5062,APS Atromitos Athinon,Local,2ND,30/11/2025,12,0,63%,0.14,0,2,3,2,10,253,8,9,1,,1,0,0,1,2,0,,0,0,,0,0,205,11,29,,9/24 (38%),2/4 (50%),49%,2,19/39 (49%),10/20 (50%),2/5 (40%),63%,8,5,20,14,,3,,,,,4
14152026,185,78175,NORMAL,REGULAR,Round 12,LEAGUE,6342,Asteras Aktor,Visita,ALL,30/11/2025,12,1,35%,1.81,3,9,4,6,18,271,11,15,1,,6,0,2,1,6,3,,3,1,18,5,4,193,22,38,37/71 (52%),18/55 (33%),5/15 (33%),50%,6,32/65 (49%),19/36 (53%),6/12 (50%),73%,11,11,47,26,,4,1.44,0,1,,6
14152026,185,78175,NORMAL,REGULAR,Round 12,LEAGUE,6342,Asteras Aktor,Visita,1ST,30/11/2025,12,1,33%,0.68,1,3,3,2,9,127,6,5,1,,3,0,0,0,2,1,,1,1,,2,1,94,10,16,,13/29 (45%),2/6 (33%),50%,1,12/26 (46%),9/16 (56%),1/4 (25%),67%,6,5,21,14,,3,,,,,2
14152026,185,78175,NORMAL,REGULAR,Round 12,LEAGUE,6342,Asteras Aktor,Visita,2ND,30/11/2025,12,0,37%,1.13,2,6,1,4,9,144,5,10,0,,3,0,2,1,4,2,,2,0,,3,3,99,12,22,,5/26 (19%),3/9 (33%),51%,5,20/39 (51%),10/20 (50%),5/8 (63%),80%,5,6,26,12,,1,,,,,4
14613066,375,79874,NORMAL,REGULAR,Round 4,CUP,3265,AEL Novibet,Local,ALL,03/12/2025,4,0,0%,,,,,4,11,,,28,3,0,2,0,2,2,,,,,,,,1,,14,,,,,,,,,,,,,,,,,,,,,6
14613066,375,79874,NORMAL,REGULAR,Round 4,CUP,3265,AEL Novibet,Local,1ST,03/12/2025,4,,,,,,,,,,,,,,,,,,,,,,,,,,,,,,,,,,,,,,,,,,,,,,,,
14613066,375,79874,NORMAL,REGULAR,Round 4,CUP,3265,AEL Novibet,Local,2ND,03/12/2025,4,,,,,,,,,,,,,,,,,,,,,,,,,,,,,,,,,,,,,,,,,,,,,,,,
14613066,375,79874,NORMAL,REGULAR,Round 4,CUP,5062,APS Atromitos Athinon,Visita,ALL,03/12/2025,4,1,0%,,,,,5,30,,,12,3,0,2,1,6,4,,,,,,,,1,,25,,,,,,,,,,,,,,,,,,,,,5
14613066,375,79874,NORMAL,REGULAR,Round 4,CUP,5062,APS Atromitos Athinon,Visita,1ST,03/12/2025,4,,,,,,,,,,,,,,,,,,,,,,,,,,,,,,,,,,,,,,,,,,,,,,,,
14613066,375,79874,NORMAL,REGULAR,Round 4,CUP,5062,APS Atromitos Athinon,Visita,2ND,03/12/2025,4,,,,,,,,,,,,,,,,,,,,,,,,,,,,,,,,,,,,,,,,,,,,,,,,
14152033,185,78175,NORMAL,REGULAR,Round 13,LEAGUE,3250,AEK Athens,Local,ALL,07/12/2025,13,4,59%,2.54,4,17,1,5,14,523,19,13,1,,9,0,4,4,13,4,3,1,,31,6,0,463,18,63,105/142 (74%),15/33 (45%),9/26 (35%),59%,5,41/67 (61%),6/13 (46%),8/14 (57%),74%,19,6,47,5,0,1,0.00,0,,1,5
14152033,185,78175,NORMAL,REGULAR,Round 13,LEAGUE,3250,AEK Athens,Local,1ST,07/12/2025,13,1,62%,0.47,1,5,1,2,7,320,7,3,0,,1,0,3,1,5,0,0,1,,,1,0,290,14,36,,11/19 (58%),6/15 (40%),51%,2,14/28 (50%),4/7 (57%),4/8 (50%),71%,7,5,25,4,,1,,,,,2
14152033,185,78175,NORMAL,REGULAR,Round 13,LEAGUE,3250,AEK Athens,Local,2ND,07/12/2025,13,3,56%,2.07,3,12,0,3,7,203,12,10,1,,8,0,1,3,8,4,3,0,,,5,0,173,4,27,,4/14 (29%),3/11 (27%),64%,3,27/39 (69%),2/6 (33%),4/6 (67%),75%,12,1,22,1,,0,,,,,3
14152033,185,78175,NORMAL,REGULAR,Round 13,LEAGUE,5062,APS Atromitos Athinon,Visita,ALL,07/12/2025,13,1,41%,0.92,2,5,6,0,14,367,11,14,3,,2,0,3,0,3,2,1,1,,6,1,1,313,13,29,34/50 (68%),22/43 (51%),1/6 (17%),41%,9,26/67 (39%),7/13 (54%),4/14 (29%),45%,11,8,42,26,1,6,-0.02,3,,0,8
14152033,185,78175,NORMAL,REGULAR,Round 13,LEAGUE,5062,APS Atromitos Athinon,Visita,1ST,07/12/2025,13,0,38%,0.36,1,3,0,0,3,200,6,7,0,,1,0,2,0,2,1,0,1,,,1,1,169,7,20,,14/26 (54%),1/4 (25%),49%,1,14/28 (50%),3/7 (43%),1/7 (14%),67%,6,4,22,15,,0,,,,,6
14152033,185,78175,NORMAL,REGULAR,Round 13,LEAGUE,5062,APS Atromitos Athinon,Visita,2ND,07/12/2025,13,1,44%,0.56,1,2,6,0,11,167,5,7,3,,1,0,1,0,1,1,1,0,,,0,0,144,6,9,,8/17 (47%),0/2 (0%),36%,8,12/39 (31%),4/6 (67%),3/7 (43%),20%,5,4,20,11,,6,,,,,2
14152039,185,78175,NORMAL,REGULAR,Round 14,LEAGUE,5062,APS Atromitos Athinon,Local,ALL,14/12/2025,14,2,30%,1.48,3,7,2,3,16,250,18,10,3,,2,0,2,3,4,3,2,1,0,11,3,1,179,20,43,57/88 (65%),15/44 (34%),4/10 (40%),41%,7,32/78 (41%),10/24 (42%),4/12 (33%),67%,18,7,47,35,1,2,1.24,,2,0,5
14152039,185,78175,NORMAL,REGULAR,Round 14,LEAGUE,5062,APS Atromitos Athinon,Local,1ST,14/12/2025,14,1,34%,0.38,1,3,2,2,5,147,9,6,0,,1,0,0,2,1,2,1,0,0,,2,0,113,9,17,,9/23 (39%),3/6 (50%),44%,3,16/36 (44%),4/9 (44%),2/6 (33%),67%,9,2,21,13,,2,,,,,3
14152039,185,78175,NORMAL,REGULAR,Round 14,LEAGUE,5062,APS Atromitos Athinon,Local,2ND,14/12/2025,14,0,25%,1.10,2,4,0,1,11,103,9,4,3,,1,0,2,1,3,1,1,1,0,,1,1,66,11,26,,6/21 (29%),1/4 (25%),39%,4,16/42 (38%),6/15 (40%),2/6 (33%),67%,9,5,26,22,,0,,,,,2
14152039,185,78175,NORMAL,REGULAR,Round 14,LEAGUE,3251,PAOK,Visita,ALL,14/12/2025,14,0,70%,1.08,1,11,0,9,11,600,15,16,1,,2,0,4,5,7,4,0,1,1,35,7,4,528,24,66,139/182 (76%),37/54 (69%),4/23 (17%),59%,9,46/78 (59%),14/24 (58%),17/26 (65%),60%,15,6,50,13,0,0,0.17,,0,1,2
14152039,185,78175,NORMAL,REGULAR,Round 14,LEAGUE,3251,PAOK,Visita,1ST,14/12/2025,14,0,66%,0.71,1,7,0,3,6,289,7,5,1,,2,0,3,2,5,2,0,1,0,,3,3,259,14,27,,15/23 (65%),2/10 (20%),56%,6,20/36 (56%),5/9 (56%),9/12 (75%),71%,7,3,22,5,,0,,,,,0
14152039,185,78175,NORMAL,REGULAR,Round 14,LEAGUE,3251,PAOK,Visita,2ND,14/12/2025,14,0,75%,0.37,0,4,0,6,5,311,8,11,0,,0,0,1,3,2,2,0,0,1,,4,1,269,10,39,,22/31 (71%),2/13 (15%),61%,3,26/42 (62%),9/15 (60%),8/14 (57%),50%,8,3,28,8,,0,,,,,2
14152048,185,78175,NORMAL,REGULAR,Round 15,LEAGUE,3265,AEL Novibet,Local,ALL,21/12/2025,15,0,40%,0.19,,4,0,1,19,300,12,18,2,,2,0,2,0,3,1,,,,12,0,6,224,24,52,44/84 (52%),19/45 (42%),0/8 (0%),54%,8,41/76 (54%),22/40 (55%),11/17 (65%),42%,12,9,42,29,,0,0.00,,2,1,3
14152048,185,78175,NORMAL,REGULAR,Round 15,LEAGUE,3265,AEL Novibet,Local,1ST,21/12/2025,15,0,41%,0.17,,3,0,0,9,169,6,7,2,,2,0,1,0,3,0,,,,,0,3,132,13,29,,11/23 (48%),0/1 (0%),53%,6,21/41 (51%),13/23 (57%),8/12 (67%),50%,6,4,19,12,,0,,,,,2
14152048,185,78175,NORMAL,REGULAR,Round 15,LEAGUE,3265,AEL Novibet,Local,2ND,21/12/2025,15,0,40%,0.02,,1,0,1,10,131,6,11,0,,0,0,1,0,0,1,,,,,0,3,92,11,23,,8/22 (36%),0/7 (0%),56%,2,20/35 (57%),9/17 (53%),3/5 (60%),33%,6,5,23,17,,0,,,,,1
14152048,185,78175,NORMAL,REGULAR,Round 15,LEAGUE,5062,APS Atromitos Athinon,Visita,ALL,21/12/2025,15,0,60%,0.34,,9,2,4,18,438,14,19,5,,0,0,5,4,3,6,,,,13,3,1,348,27,40,70/101 (69%),21/59 (36%),2/16 (13%),46%,4,35/76 (46%),18/40 (45%),4/12 (33%),36%,14,9,40,22,,2,0.09,,1,1,1
14152048,185,78175,NORMAL,REGULAR,Round 15,LEAGUE,5062,APS Atromitos Athinon,Visita,1ST,21/12/2025,15,0,59%,0.18,,4,2,1,7,238,10,9,3,,0,0,2,2,2,2,,,,,0,0,195,11,20,,13/33 (39%),1/5 (20%),47%,2,20/41 (49%),10/23 (43%),2/6 (33%),40%,10,4,19,11,,2,,,,,0
14152048,185,78175,NORMAL,REGULAR,Round 15,LEAGUE,5062,APS Atromitos Athinon,Visita,2ND,21/12/2025,15,0,60%,0.16,,5,0,3,11,200,4,10,2,,0,0,3,2,1,4,,,,,3,1,153,16,20,,8/26 (31%),1/11 (9%),44%,2,15/35 (43%),8/17 (47%),2/6 (33%),25%,4,5,21,11,,0,,,,,1
15250655,375,79874,NORMAL,PLAYOFF,Playoff round,CUP,3251,PAOK,Local,ALL,06/01/2026,636,1,0%,,,,,9,12,,,15,1,0,8,0,10,2,,,,,,,,2,,21,,,,,,,,,,,,,,,,,,,,,4
15250655,375,79874,NORMAL,PLAYOFF,Playoff round,CUP,3251,PAOK,Local,1ST,06/01/2026,636,,,,,,,,,,,,,,,,,,,,,,,,,,,,,,,,,,,,,,,,,,,,,,,,
15250655,375,79874,NORMAL,PLAYOFF,Playoff round,CUP,3251,PAOK,Local,2ND,06/01/2026,636,,,,,,,,,,,,,,,,,,,,,,,,,,,,,,,,,,,,,,,,,,,,,,,,
15250655,375,79874,NORMAL,PLAYOFF,Playoff round,CUP,5062,APS Atromitos Athinon,Visita,ALL,06/01/2026,636,1,0%,,,,,2,14,,,14,3,0,1,0,0,1,,,,,,,,1,,18,,,,,,,,,,,,,,,,,,,,,17
15250655,375,79874,NORMAL,PLAYOFF,Playoff round,CUP,5062,APS Atromitos Athinon,Visita,1ST,06/01/2026,636,,,,,,,,,,,,,,,,,,,,,,,,,,,,,,,,,,,,,,,,,,,,,,,,
15250655,375,79874,NORMAL,PLAYOFF,Playoff round,CUP,5062,APS Atromitos Athinon,Visita,2ND,06/01/2026,636,,,,,,,,,,,,,,,,,,,,,,,,,,,,,,,,,,,,,,,,,,,,,,,,
14152055,185,78175,NORMAL,REGULAR,Round 16,LEAGUE,5062,APS Atromitos Athinon,Local,ALL,10/01/2026,16,0,51%,0.20,0,4,3,2,16,419,18,15,3,,2,0,2,0,2,2,0,0,,3,2,3,311,33,43,40/82 (49%),17/58 (29%),1/6 (17%),49%,9,37/77 (48%),15/29 (52%),4/6 (67%),56%,18,9,44,31,,3,-0.84,,1,2,5
14152055,185,78175,NORMAL,REGULAR,Round 16,LEAGUE,5062,APS Atromitos Athinon,Local,1ST,10/01/2026,16,0,39%,0.00,0,0,0,0,11,160,13,4,2,,0,0,0,0,0,0,0,0,,,2,2,105,14,22,,3/28 (11%),0/1 (0%),42%,4,17/40 (43%),5/12 (42%),0/1 (0%),46%,13,5,24,25,,0,,,,,3
14152055,185,78175,NORMAL,REGULAR,Round 16,LEAGUE,5062,APS Atromitos Athinon,Local,2ND,10/01/2026,16,0,63%,0.20,0,4,3,2,5,259,5,11,1,,2,0,2,0,2,2,0,0,,,0,1,206,19,21,,14/30 (47%),1/5 (20%),56%,5,20/37 (54%),10/17 (59%),4/5 (80%),80%,5,4,20,6,,3,,,,,2
14152055,185,78175,NORMAL,REGULAR,Round 16,LEAGUE,3245,Olympiacos FC,Visita,ALL,10/01/2026,16,2,49%,0.99,3,9,2,5,15,388,11,16,2,,5,1,2,2,8,1,2,1,,38,5,2,295,33,63,94/143 (66%),29/63 (46%),8/20 (40%),51%,6,40/77 (52%),14/29 (48%),13/25 (52%),55%,11,9,41,15,,2,0.28,,0,0,4
14152055,185,78175,NORMAL,REGULAR,Round 16,LEAGUE,3245,Olympiacos FC,Visita,1ST,10/01/2026,16,1,61%,0.51,2,4,0,1,4,242,5,11,0,,1,1,1,2,4,0,1,1,,,3,1,190,17,36,,19/36 (53%),4/11 (36%),58%,5,23/40 (57%),7/12 (58%),7/15 (47%),60%,5,6,21,8,,0,,,,,0
14152055,185,78175,NORMAL,REGULAR,Round 16,LEAGUE,3245,Olympiacos FC,Visita,2ND,10/01/2026,16,1,37%,0.48,1,5,2,4,11,146,6,5,2,,4,0,1,0,4,1,1,0,,,2,1,105,16,27,,10/27 (37%),4/9 (44%),44%,1,17/37 (46%),7/17 (41%),6/10 (60%),50%,6,3,20,7,,2,,,,,4
14159117,185,78175,NORMAL,REGULAR,Round 17,LEAGUE,267459,NPS Volos,Local,ALL,19/01/2026,17,0,58%,0.40,1,7,6,3,15,551,14,18,6,,1,1,5,1,4,3,0,1,,15,2,2,470,28,41,55/87 (63%),17/40 (43%),2/18 (11%),45%,6,40/83 (48%),8/24 (33%),9/20 (45%),57%,14,10,59,14,,6,0.63,0,1,,6
14159117,185,78175,NORMAL,REGULAR,Round 17,LEAGUE,267459,NPS Volos,Local,1ST,19/01/2026,17,0,57%,0.18,1,2,2,1,8,318,11,11,1,,0,0,1,1,2,0,0,1,,,2,1,271,10,25,,7/20 (35%),2/10 (20%),58%,2,29/45 (64%),6/15 (40%),7/9 (78%),55%,11,9,35,7,,2,,,,,2
14159117,185,78175,NORMAL,REGULAR,Round 17,LEAGUE,267459,NPS Volos,Local,2ND,19/01/2026,17,0,58%,0.21,0,5,4,2,7,233,3,7,5,,1,1,4,0,2,3,0,0,,,0,1,199,18,16,,10/20 (50%),0/8 (0%),28%,4,11/38 (29%),2/9 (22%),2/11 (18%),67%,3,1,24,7,,4,,,,,4
14159117,185,78175,NORMAL,REGULAR,Round 17,LEAGUE,5062,APS Atromitos Athinon,Visita,ALL,19/01/2026,17,3,42%,2.97,6,15,1,4,18,411,17,15,3,,9,1,5,1,13,2,3,3,,21,0,0,330,18,54,76/120 (63%),18/44 (41%),2/12 (17%),55%,6,43/83 (52%),16/24 (67%),11/19 (58%),71%,17,14,60,26,,1,0.07,1,1,,5
14159117,185,78175,NORMAL,REGULAR,Round 17,LEAGUE,5062,APS Atromitos Athinon,Visita,1ST,19/01/2026,17,2,43%,0.55,2,5,0,1,11,242,4,8,1,,4,0,1,0,4,1,2,0,,,0,0,194,7,29,,8/19 (42%),0/3 (0%),42%,5,16/45 (36%),9/15 (60%),4/10 (40%),50%,4,8,35,15,,0,,,,,2
14159117,185,78175,NORMAL,REGULAR,Round 17,LEAGUE,5062,APS Atromitos Athinon,Visita,2ND,19/01/2026,17,1,42%,2.42,4,10,1,3,7,169,13,7,2,,5,1,4,1,9,1,1,3,,,0,0,136,11,25,,10/25 (40%),2/9 (22%),72%,1,27/38 (71%),7/9 (78%),7/9 (78%),77%,13,6,25,11,,1,,,,,3
14159125,185,78175,NORMAL,REGULAR,Round 18,LEAGUE,5062,APS Atromitos Athinon,Local,ALL,25/01/2026,18,0,41%,1.71,2,11,2,1,16,411,14,16,2,,4,0,4,3,9,2,,2,2,26,1,0,331,16,44,70/107 (65%),23/54 (43%),3/9 (33%),48%,7,35/68 (51%),7/20 (35%),8/12 (67%),79%,14,8,47,30,0,2,0.38,0,1,,7
14159125,185,78175,NORMAL,REGULAR,Round 18,LEAGUE,5062,APS Atromitos Athinon,Local,1ST,25/01/2026,18,0,52%,1.44,2,5,0,0,10,265,10,10,0,,2,0,2,1,5,0,,2,2,,1,0,233,10,25,,15/25 (60%),2/3 (67%),51%,4,23/42 (55%),3/9 (33%),4/6 (67%),70%,10,3,21,7,,0,,,,,2
14159125,185,78175,NORMAL,REGULAR,Round 18,LEAGUE,5062,APS Atromitos Athinon,Local,2ND,25/01/2026,18,0,30%,0.28,0,6,2,1,6,146,4,6,2,,2,0,2,2,4,2,,0,0,,0,0,98,6,19,,8/29 (28%),1/6 (17%),43%,3,12/26 (46%),4/11 (36%),4/6 (67%),100%,4,5,26,23,,2,,,,,5
14159125,185,78175,NORMAL,REGULAR,Round 18,LEAGUE,3248,Panathinaikos FC,Visita,ALL,25/01/2026,18,0,59%,0.71,2,9,4,2,17,583,11,16,2,,3,0,4,2,6,3,,2,1,24,2,1,504,31,67,118/155 (76%),28/51 (55%),10/28 (36%),52%,7,33/68 (49%),13/20 (65%),6/13 (46%),64%,11,11,47,13,1,4,1.30,1,0,,5
14159125,185,78175,NORMAL,REGULAR,Round 18,LEAGUE,3248,Panathinaikos FC,Visita,1ST,25/01/2026,18,0,48%,0.17,1,2,2,1,11,242,6,10,1,,1,0,1,1,2,0,,1,0,,1,0,208,11,20,,14/25 (56%),4/7 (57%),49%,5,19/42 (45%),6/9 (67%),3/8 (38%),67%,6,5,21,8,,2,,,,,2
14159125,185,78175,NORMAL,REGULAR,Round 18,LEAGUE,3248,Panathinaikos FC,Visita,2ND,25/01/2026,18,0,70%,0.55,1,7,2,1,6,341,5,6,1,,2,0,3,2,4,3,,1,1,,1,1,296,20,47,,14/26 (54%),6/21 (29%),57%,2,14/26 (54%),7/11 (64%),3/5 (60%),60%,5,6,26,5,,2,,,,,3
14159130,185,78175,NORMAL,REGULAR,Round 19,LEAGUE,5062,APS Atromitos Athinon,Local,ALL,31/01/2026,19,1,67%,0.88,1,15,2,8,14,528,6,14,2,,1,0,9,5,11,4,0,1,0,32,1,2,454,35,60,103/144 (72%),22/42 (52%),11/32 (34%),46%,4,29/59 (49%),10/25 (40%),11/17 (65%),33%,6,8,44,17,2,2,0.01,,0,,3
14159130,185,78175,NORMAL,REGULAR,Round 19,LEAGUE,5062,APS Atromitos Athinon,Local,1ST,31/01/2026,19,1,64%,0.10,0,1,1,1,9,320,6,4,1,,1,0,0,0,0,1,0,0,0,,0,0,279,16,26,,12/23 (52%),1/4 (25%),41%,1,13/29 (45%),1/5 (20%),4/6 (67%),33%,6,5,24,10,,1,,,,,1
14159130,185,78175,NORMAL,REGULAR,Round 19,LEAGUE,5062,APS Atromitos Athinon,Local,2ND,31/01/2026,19,0,71%,0.78,1,14,1,7,5,208,0,10,1,,0,0,9,5,11,3,0,1,0,,1,2,175,19,34,,10/19 (53%),10/28 (36%),50%,3,16/30 (53%),9/20 (45%),7/11 (64%),0%,0,3,20,7,,1,,,,,2
14159130,185,78175,NORMAL,REGULAR,Round 19,LEAGUE,3241,OFI Crete,Visita,ALL,31/01/2026,19,2,33%,1.60,4,6,1,2,14,267,10,14,3,,4,1,1,1,5,1,1,3,1,14,2,2,196,12,36,39/65 (60%),18/50 (36%),2/10 (20%),54%,3,30/59 (51%),15/25 (60%),6/9 (67%),80%,10,9,43,41,0,1,-0.25,,4,,9
14159130,185,78175,NORMAL,REGULAR,Round 19,LEAGUE,3241,OFI Crete,Visita,1ST,31/01/2026,19,1,36%,0.15,1,2,0,2,4,177,3,9,1,,2,0,0,0,1,1,0,1,0,,2,2,141,5,18,,9/19 (47%),2/6 (33%),59%,3,16/29 (55%),4/5 (80%),4/7 (57%),100%,3,3,29,14,,0,,,,,0
14159130,185,78175,NORMAL,REGULAR,Round 19,LEAGUE,3241,OFI Crete,Visita,2ND,31/01/2026,19,1,29%,1.45,3,4,1,0,10,90,7,5,2,,2,1,1,1,4,0,1,2,1,,0,0,55,7,18,,9/31 (29%),1/4 (0%),50%,0,14/30 (47%),11/20 (55%),2/2 (100%),71%,7,6,14,27,,1,,,,,9
14159138,185,78175,NORMAL,REGULAR,Round 20,LEAGUE,120224,AE Kifisia,Local,ALL,07/02/2026,20,0,50%,1.28,5,11,4,4,12,384,16,17,0,,2,0,6,3,6,5,,5,1,24,4,1,299,24,50,62/106 (58%),31/62 (50%),7/21 (33%),61%,2,37/60 (62%),16/27 (59%),5/13 (38%),75%,16,2,44,18,,4,1.00,1,2,,6
14159138,185,78175,NORMAL,REGULAR,Round 20,LEAGUE,120224,AE Kifisia,Local,1ST,07/02/2026,20,0,44%,0.47,2,4,2,0,6,204,8,7,0,,1,0,2,1,2,2,,2,1,,1,0,154,11,23,,11/27 (41%),1/4 (25%),58%,1,16/28 (57%),9/15 (60%),1/5 (20%),75%,8,2,24,11,,2,,,,,4
14159138,185,78175,NORMAL,REGULAR,Round 20,LEAGUE,120224,AE Kifisia,Local,2ND,07/02/2026,20,0,59%,0.80,3,7,2,4,6,180,8,10,0,,1,0,4,2,4,3,,3,0,,4,1,145,13,27,,20/35 (57%),6/17 (35%),64%,1,21/32 (66%),7/12 (58%),4/8 (50%),75%,8,0,20,7,,2,,,,,2
14159138,185,78175,NORMAL,REGULAR,Round 20,LEAGUE,5062,APS Atromitos Athinon,Visita,ALL,07/02/2026,20,1,50%,0.67,1,7,2,4,17,396,10,12,2,,4,1,3,0,3,4,,1,0,5,3,2,322,20,49,88/128 (69%),22/56 (39%),1/9 (0%),39%,9,23/60 (38%),11/27 (41%),3/10 (30%),70%,10,12,41,27,,2,0.58,0,1,,10
14159138,185,78175,NORMAL,REGULAR,Round 20,LEAGUE,5062,APS Atromitos Athinon,Visita,1ST,07/02/2026,20,0,56%,0.21,0,5,1,4,7,265,5,6,0,,2,0,3,0,2,3,,0,0,,1,1,217,11,30,,9/30 (30%),1/5 (0%),42%,6,12/28 (43%),6/15 (40%),2/4 (50%),40%,5,7,28,10,,1,,,,,2
14159138,185,78175,NORMAL,REGULAR,Round 20,LEAGUE,5062,APS Atromitos Athinon,Visita,2ND,07/02/2026,20,1,41%,0.46,1,2,1,0,10,131,5,6,2,,2,1,0,0,1,1,,1,0,,2,1,105,9,19,,13/26 (50%),0/4 (0%),36%,3,11/32 (34%),5/12 (42%),1/6 (17%),100%,5,5,13,17,,1,,,,,8
14159144,185,78175,NORMAL,REGULAR,Round 21,LEAGUE,5062,APS Atromitos Athinon,Local,ALL,16/02/2026,21,2,70%,1.57,1,15,2,4,16,581,8,18,3,0,4,0,6,5,7,8,1,0,,29,3,2,515,21,64,129/170 (76%),34/54 (63%),4/24 (17%),54%,13,35/71 (49%),20/30 (67%),10/15 (67%),63%,8,13,40,35,,2,-0.09,1,,0,3
14159144,185,78175,NORMAL,REGULAR,Round 21,LEAGUE,5062,APS Atromitos Athinon,Local,1ST,16/02/2026,21,1,73%,1.24,1,6,0,1,8,361,6,10,2,0,3,0,3,0,5,1,1,0,,,3,0,329,7,33,,21/31 (68%),2/11 (18%),61%,8,21/40 (53%),10/11 (91%),5/8 (63%),50%,6,5,25,12,,0,,,,,1
14159144,185,78175,NORMAL,REGULAR,Round 21,LEAGUE,5062,APS Atromitos Athinon,Local,2ND,16/02/2026,21,1,67%,0.32,0,9,2,3,8,220,2,8,1,0,1,0,3,5,2,7,0,0,,,0,2,186,14,31,,13/23 (57%),2/13 (15%),48%,5,14/31 (45%),10/19 (53%),5/7 (71%),100%,2,8,15,23,,2,,,,,2
14159144,185,78175,NORMAL,REGULAR,Round 21,LEAGUE,6347,MGS Panserraikos,Visita,ALL,16/02/2026,21,2,30%,0.69,2,6,2,3,19,238,18,16,3,1,4,0,2,0,3,3,1,1,,14,0,1,161,18,42,44/74 (59%),18/60 (30%),3/13 (23%),46%,7,36/71 (51%),10/30 (33%),4/5 (80%),72%,18,5,37,36,,2,-0.54,0,,1,8
14159144,185,78175,NORMAL,REGULAR,Round 21,LEAGUE,6347,MGS Panserraikos,Visita,1ST,16/02/2026,21,1,27%,0.34,1,2,2,0,11,128,11,8,0,0,1,0,1,0,1,1,1,0,,,0,1,92,6,19,,11/27 (41%),1/5 (20%),39%,5,19/40 (48%),1/11 (9%),1/1 (100%),73%,11,2,22,13,,2,,,,,4
14159144,185,78175,NORMAL,REGULAR,Round 21,LEAGUE,6347,MGS Panserraikos,Visita,2ND,16/02/2026,21,1,33%,0.34,1,4,0,3,8,110,7,8,3,1,3,0,1,0,2,2,0,1,,,0,0,69,12,23,,7/33 (21%),2/8 (25%),52%,2,17/31 (55%),9/19 (47%),4/4 (100%),71%,7,3,15,23,,0,,,,,4
14159152,185,78175,NORMAL,REGULAR,Round 22,LEAGUE,6342,Asteras Aktor,Local,ALL,21/02/2026,22,1,57%,0.98,2,15,1,6,20,481,11,12,2,,4,0,2,9,10,5,0,2,1,34,3,1,405,21,63,96/133 (72%),37/59 (63%),8/37 (22%),49%,5,30/62 (48%),17/33 (52%),7/12 (58%),73%,11,11,43,21,0,1,-0.73,1,1,0,4
14159152,185,78175,NORMAL,REGULAR,Round 22,LEAGUE,6342,Asteras Aktor,Local,1ST,21/02/2026,22,0,52%,0.28,0,4,1,1,11,236,7,6,0,,1,0,0,3,4,0,0,0,0,,1,0,194,6,26,,19/30 (63%),2/12 (17%),56%,4,16/32 (50%),8/11 (73%),3/3 (100%),71%,7,9,18,12,,1,,,,,2
14159152,185,78175,NORMAL,REGULAR,Round 22,LEAGUE,6342,Asteras Aktor,Local,2ND,21/02/2026,22,1,62%,0.70,2,11,0,5,9,245,4,6,2,,3,0,2,6,6,5,0,2,1,,2,1,211,15,37,,18/29 (62%),6/25 (24%),44%,1,14/30 (47%),9/22 (41%),4/9 (44%),75%,4,2,25,9,,0,,,,,2
14159152,185,78175,NORMAL,REGULAR,Round 22,LEAGUE,5062,APS Atromitos Athinon,Visita,ALL,21/02/2026,22,2,43%,0.71,1,8,3,6,12,379,10,20,1,,3,0,3,2,7,1,1,0,0,10,0,2,293,14,41,50/83 (60%),22/57 (39%),4/14 (29%),51%,7,32/62 (52%),16/33 (48%),2/6 (33%),80%,10,5,40,38,1,3,-0.12,0,1,1,8
14159152,185,78175,NORMAL,REGULAR,Round 22,LEAGUE,5062,APS Atromitos Athinon,Visita,1ST,21/02/2026,22,2,48%,0.57,1,5,1,4,6,222,4,11,1,,3,0,2,0,4,1,1,0,0,,0,1,184,8,20,,13/28 (46%),2/10 (20%),44%,4,16/32 (50%),3/11 (27%),1/4 (25%),75%,4,3,17,12,,1,,,,,4
14159152,185,78175,NORMAL,REGULAR,Round 22,LEAGUE,5062,APS Atromitos Athinon,Visita,2ND,21/02/2026,22,0,38%,0.14,0,3,2,2,6,157,6,9,0,,0,0,1,2,3,0,0,0,0,,0,1,109,6,21,,9/29 (31%),2/4 (50%),56%,3,16/30 (53%),13/22 (59%),1/2 (50%),83%,6,2,23,26,,2,,,,,4
14159154,185,78175,NORMAL,REGULAR,Round 23,LEAGUE,5062,APS Atromitos Athinon,Local,ALL,28/02/2026,23,1,54%,0.96,1,9,4,4,14,443,12,20,5,,3,1,5,1,6,3,1,0,,14,2,2,363,25,49,63/107 (59%),18/54 (33%),2/12 (17%),53%,6,35/65 (54%),7/14 (50%),4/10 (40%),67%,12,7,47,24,2,4,1.07,0,1,0,2
14159154,185,78175,NORMAL,REGULAR,Round 23,LEAGUE,5062,APS Atromitos Athinon,Local,1ST,28/02/2026,23,1,61%,0.77,1,6,2,4,5,278,5,7,3,,2,1,3,1,3,3,1,0,,,2,1,237,11,31,,6/24 (25%),0/9 (0%),55%,4,15/26 (58%),3/7 (43%),3/5 (60%),60%,5,0,27,8,,2,,,,,1
14159154,185,78175,NORMAL,REGULAR,Round 23,LEAGUE,5062,APS Atromitos Athinon,Local,2ND,28/02/2026,23,0,45%,0.19,0,3,2,0,9,165,7,13,2,,1,0,2,0,3,0,0,0,,,0,1,126,14,18,,12/30 (40%),2/3 (67%),52%,2,20/39 (51%),4/7 (57%),1/5 (20%),71%,7,7,20,16,,2,,,,,1
14159154,185,78175,NORMAL,REGULAR,Round 23,LEAGUE,7004,GFS Panetolikos,Visita,ALL,28/02/2026,23,0,46%,1.21,2,6,2,0,20,377,12,13,3,,4,0,1,1,3,3,0,2,,16,2,0,309,24,49,63/94 (67%),28/52 (54%),1/14 (0%),47%,6,30/65 (46%),7/14 (50%),5/11 (45%),58%,12,11,39,19,0,2,0.45,1,1,1,6
14159154,185,78175,NORMAL,REGULAR,Round 23,LEAGUE,7004,GFS Panetolikos,Visita,1ST,28/02/2026,23,0,39%,0.17,0,3,1,0,7,178,6,5,1,,2,0,1,0,1,2,0,0,,,0,0,150,9,21,,12/22 (55%),0/4 (0%),45%,2,11/26 (42%),4/7 (57%),0/3 (0%),50%,6,5,23,15,,1,,,,,3
14159154,185,78175,NORMAL,REGULAR,Round 23,LEAGUE,7004,GFS Panetolikos,Visita,2ND,28/02/2026,23,0,55%,1.04,2,3,1,0,13,199,6,8,2,,2,0,0,1,2,1,0,2,,,2,0,159,15,28,,16/30 (53%),1/10 (0%),48%,4,19/39 (49%),3/7 (43%),5/8 (63%),67%,6,6,16,4,,1,,,,,3
14159166,185,78175,NORMAL,REGULAR,Round 24,LEAGUE,3252,Aris Thessaloniki,Local,ALL,07/03/2026,24,0,34%,2.45,4,7,1,2,17,254,16,16,0,1,3,1,2,2,6,1,,4,1,19,4,1,184,19,46,53/87 (61%),22/55 (40%),1/18 (6%),50%,6,38/72 (53%),11/26 (42%),6/14 (43%),75%,16,5,41,26,,1,0.04,0,1,1,6
14159166,185,78175,NORMAL,REGULAR,Round 24,LEAGUE,3252,Aris Thessaloniki,Local,1ST,07/03/2026,24,0,47%,1.61,3,5,0,0,12,183,4,5,0,1,2,0,1,2,4,1,,3,1,,2,1,148,12,25,,13/27 (48%),1/8 (13%),43%,4,16/40 (40%),6/11 (55%),6/12 (50%),50%,4,3,25,8,,0,,,,,2
14159166,185,78175,NORMAL,REGULAR,Round 24,LEAGUE,3252,Aris Thessaloniki,Local,2ND,07/03/2026,24,0,21%,0.85,1,2,1,2,5,71,12,11,0,0,1,1,1,0,2,0,,1,0,,2,0,36,7,21,,9/28 (32%),0/10 (0%),57%,2,22/32 (69%),5/15 (33%),0/2 (0%),83%,12,2,16,18,,1,,,,,4
14159166,185,78175,NORMAL,REGULAR,Round 24,LEAGUE,5062,APS Atromitos Athinon,Visita,ALL,07/03/2026,24,0,66%,0.87,1,11,3,8,18,511,14,17,3,0,1,0,8,2,5,6,,1,0,24,1,2,453,21,51,105/138 (76%),18/41 (44%),3/15 (20%),50%,8,34/72 (47%),15/26 (58%),4/12 (33%),29%,14,4,33,24,,3,1.15,1,2,1,5
14159166,185,78175,NORMAL,REGULAR,Round 24,LEAGUE,5062,APS Atromitos Athinon,Visita,1ST,07/03/2026,24,0,53%,0.08,0,2,2,1,6,214,10,12,2,0,0,0,2,0,0,2,,0,0,,1,1,180,10,22,,5/19 (26%),0/2 (0%),57%,2,24/40 (60%),5/11 (45%),2/4 (50%),30%,10,4,15,12,,2,,,,,4
14159166,185,78175,NORMAL,REGULAR,Round 24,LEAGUE,5062,APS Atromitos Athinon,Visita,2ND,07/03/2026,24,0,79%,0.79,1,9,1,7,12,297,4,5,1,0,1,0,6,2,5,4,,1,0,,0,1,273,11,29,,13/22 (59%),3/13 (23%),43%,6,10/32 (31%),10/15 (67%),2/8 (25%),25%,4,0,18,12,,1,,,,,1
14159169,185,78175,NORMAL,REGULAR,Round 25,LEAGUE,5062,APS Atromitos Athinon,Local,ALL,15/03/2026,25,2,36%,0.80,1,12,4,1,20,274,26,17,2,,6,1,5,1,5,7,1,0,1,11,4,2,204,12,47,42/75 (56%),18/50 (36%),2/6 (33%),50%,7,45/82 (55%),11/29 (38%),4/9 (44%),77%,26,13,52,44,1,4,-0.28,1,3,3,7
14159169,185,78175,NORMAL,REGULAR,Round 25,LEAGUE,5062,APS Atromitos Athinon,Local,1ST,15/03/2026,25,1,37%,0.56,1,7,2,0,11,142,14,8,1,,4,1,3,0,2,5,1,0,1,,2,1,118,3,20,,6/19 (32%),0/2 (0%),50%,5,22/41 (54%),6/15 (40%),1/2 (50%),93%,14,8,24,22,,2,,,,,5
14159169,185,78175,NORMAL,REGULAR,Round 25,LEAGUE,5062,APS Atromitos Athinon,Local,2ND,15/03/2026,25,1,36%,0.23,1,5,2,1,9,132,12,9,1,,2,0,2,1,3,2,1,0,0,,2,1,86,9,27,,12/31 (39%),2/4 (50%),51%,2,23/41 (56%),5/14 (36%),4/7 (57%),58%,12,5,28,22,,2,,,,,2
14159169,185,78175,NORMAL,REGULAR,Round 25,LEAGUE,3250,AEK Athens,Visita,ALL,15/03/2026,25,2,64%,1.22,4,14,4,7,17,469,12,20,2,,6,2,5,3,13,1,1,3,1,41,5,3,392,31,61,93/142 (65%),24/46 (52%),7/27 (26%),50%,15,37/82 (45%),18/29 (62%),7/18 (39%),83%,12,7,49,8,2,4,-0.17,0,0,0,6
14159169,185,78175,NORMAL,REGULAR,Round 25,LEAGUE,3250,AEK Athens,Visita,1ST,15/03/2026,25,0,63%,0.38,1,5,3,3,8,237,7,11,0,,2,0,2,1,5,0,1,1,0,,3,1,199,17,33,,13/26 (50%),4/12 (33%),50%,9,19/41 (46%),9/15 (60%),2/7 (29%),86%,7,2,18,4,,3,,,,,5
14159169,185,78175,NORMAL,REGULAR,Round 25,LEAGUE,3250,AEK Athens,Visita,2ND,15/03/2026,25,2,64%,0.84,3,9,1,4,9,232,5,9,2,,4,2,3,2,8,1,1,2,1,,2,2,193,14,28,,11/20 (55%),3/15 (20%),49%,6,18/41 (44%),9/14 (64%),5/11 (45%),80%,5,5,31,4,,1,,,,,1
14159183,185,78175,NORMAL,REGULAR,Round 26,LEAGUE,5063,APO Levadiakos,Local,ALL,22/03/2026,26,1,51%,1.40,1,10,2,3,15,428,13,27,4,,3,0,2,5,7,3,1,0,0,21,7,1,343,20,45,73/106 (69%),23/59 (39%),2/16 (13%),60%,7,46/76 (61%),6/11 (55%),7/11 (64%),46%,13,8,35,22,1,2,0.75,0,,0,6
14159183,185,78175,NORMAL,REGULAR,Round 26,LEAGUE,5063,APO Levadiakos,Local,1ST,22/03/2026,26,0,55%,0.32,0,5,1,3,9,221,5,13,1,,1,0,2,3,4,1,0,0,0,,5,0,185,9,26,,9/25 (36%),1/12 (8%),69%,1,22/33 (67%),3/3 (100%),4/5 (80%),40%,5,6,16,6,,1,,,,,2
14159183,185,78175,NORMAL,REGULAR,Round 26,LEAGUE,5063,APO Levadiakos,Local,2ND,22/03/2026,26,1,46%,1.08,1,5,1,0,6,207,8,14,3,,3,0,0,2,3,2,1,0,0,,2,1,158,11,19,,14/34 (41%),1/4 (25%),53%,6,24/43 (56%),3/8 (38%),3/6 (50%),50%,8,2,19,16,,1,,,,,4
14159183,185,78175,NORMAL,REGULAR,Round 26,LEAGUE,5062,APS Atromitos Athinon,Visita,ALL,22/03/2026,26,0,49%,1.86,3,13,2,4,27,419,11,15,3,,4,2,6,3,10,3,0,3,1,24,1,1,354,15,42,77/107 (72%),18/40 (45%),4/18 (22%),40%,3,30/76 (39%),5/11 (45%),4/14 (29%),45%,11,7,43,25,0,2,0.64,1,,2,5
14159183,185,78175,NORMAL,REGULAR,Round 26,LEAGUE,5062,APS Atromitos Athinon,Visita,1ST,22/03/2026,26,0,45%,1.17,3,4,1,2,13,186,2,9,2,,3,1,1,0,3,1,0,3,1,,1,0,159,9,15,,6/17 (35%),2/7 (29%),31%,1,11/33 (33%),0/3 (0%),0/4 (0%),0%,2,1,18,17,,1,,,,,4
14159183,185,78175,NORMAL,REGULAR,Round 26,LEAGUE,5062,APS Atromitos Athinon,Visita,2ND,22/03/2026,26,0,54%,0.68,0,9,2,2,14,233,9,6,1,,1,1,5,3,7,2,0,0,0,,0,1,195,6,27,,12/23 (52%),2/11 (18%),47%,2,19/43 (44%),5/8 (63%),4/10 (40%),56%,9,6,25,8,,2,,,,,1
15866564,185,78175,NORMAL,REGULAR,Round 1,LEAGUE,7004,GFS Panetolikos,Local,ALL,04/04/2026,1,1,33%,1.09,2,9,2,3,10,263,12,19,2,,3,1,5,1,6,3,1,1,,18,2,2,179,18,45,41/88 (47%),18/58 (31%),1/13 (8%),55%,3,34/58 (59%),11/24 (46%),8/11 (73%),83%,12,5,36,36,,2,-0.77,1,,5,10
15866564,185,78175,NORMAL,REGULAR,Round 1,LEAGUE,7004,GFS Panetolikos,Local,1ST,04/04/2026,1,1,40%,1.06,2,8,1,3,3,161,6,7,0,,3,1,4,1,5,3,1,1,,,2,2,126,13,19,,10/23 (43%),1/10 (10%),62%,1,16/24 (67%),2/5 (40%),5/7 (71%),83%,6,2,20,10,,1,,,,,4
15866564,185,78175,NORMAL,REGULAR,Round 1,LEAGUE,7004,GFS Panetolikos,Local,2ND,04/04/2026,1,0,26%,0.03,0,1,1,0,7,102,6,12,2,,0,0,1,0,1,0,0,0,,,0,0,53,5,26,,8/35 (23%),0/3 (0%),51%,2,18/34 (53%),9/19 (47%),3/4 (75%),83%,6,3,16,26,,1,,,,,6
15866564,185,78175,NORMAL,REGULAR,Round 1,LEAGUE,5062,APS Atromitos Athinon,Visita,ALL,04/04/2026,1,1,67%,0.83,2,10,2,10,19,533,6,10,2,,4,0,5,1,5,5,0,2,,29,2,0,461,16,57,82/123 (67%),12/35 (34%),5/29 (17%),45%,7,24/58 (41%),13/24 (54%),8/13 (62%),83%,6,6,45,17,,2,0.15,1,,1,6
15866564,185,78175,NORMAL,REGULAR,Round 1,LEAGUE,5062,APS Atromitos Athinon,Visita,1ST,04/04/2026,1,0,60%,0.09,0,2,2,3,7,253,3,3,1,,1,0,1,0,2,0,0,0,,,0,0,225,6,22,,6/15 (40%),1/6 (17%),38%,4,8/24 (33%),3/5 (60%),2/4 (50%),100%,3,3,21,9,,2,,,,,3
15866564,185,78175,NORMAL,REGULAR,Round 1,LEAGUE,5062,APS Atromitos Athinon,Visita,2ND,04/04/2026,1,1,74%,0.74,2,8,0,7,12,280,3,7,1,,3,0,4,1,3,5,0,2,,,2,0,236,10,35,,6/20 (30%),4/23 (17%),49%,3,16/34 (47%),10/19 (53%),6/9 (67%),67%,3,3,24,8,,0,,,,,3
15866565,185,78175,NORMAL,REGULAR,Round 2,LEAGUE,5062,APS Atromitos Athinon,Local,ALL,08/04/2026,2,0,62%,0.92,1,12,3,4,15,529,9,20,2,0,1,1,9,2,6,6,,1,,23,4,4,463,16,44,79/114 (69%),14/34 (41%),6/20 (30%),51%,8,34/69 (49%),13/24 (54%),7/12 (58%),44%,9,7,44,15,,3,0.48,2,3,1,2
15866565,185,78175,NORMAL,REGULAR,Round 2,LEAGUE,5062,APS Atromitos Athinon,Local,1ST,08/04/2026,2,0,58%,0.22,1,2,1,0,10,297,6,10,1,0,0,1,2,0,1,1,,1,,,1,0,257,11,25,,8/22 (36%),2/7 (29%),41%,6,16/40 (40%),5/11 (45%),2/4 (50%),50%,6,4,22,9,,1,,,,,1
15866565,185,78175,NORMAL,REGULAR,Round 2,LEAGUE,5062,APS Atromitos Athinon,Local,2ND,08/04/2026,2,0,67%,0.71,0,10,2,4,5,232,3,10,1,0,1,0,7,2,5,5,,0,,,3,4,206,5,19,,6/12 (50%),4/13 (31%),62%,2,18/29 (62%),8/13 (62%),5/8 (63%),33%,3,3,22,6,,2,,,,,1
15866565,185,78175,NORMAL,REGULAR,Round 2,LEAGUE,120224,AE Kifisia,Visita,ALL,08/04/2026,2,0,38%,0.28,0,6,1,2,20,326,13,15,6,1,3,0,1,2,3,3,,0,,7,2,2,250,16,42,50/85 (59%),22/59 (37%),0/8 (0%),49%,2,35/69 (51%),11/24 (46%),8/15 (53%),54%,13,11,40,23,,1,0.01,0,1,0,12
15866565,185,78175,NORMAL,REGULAR,Round 2,LEAGUE,120224,AE Kifisia,Visita,1ST,08/04/2026,2,0,42%,0.10,0,2,0,2,10,208,8,10,0,0,1,0,0,1,1,1,,0,,,1,0,162,12,23,,15/33 (45%),0/7 (0%),59%,1,24/40 (60%),6/11 (55%),7/12 (58%),50%,8,6,24,10,,0,,,,,3
15866565,185,78175,NORMAL,REGULAR,Round 2,LEAGUE,120224,AE Kifisia,Visita,2ND,08/04/2026,2,0,33%,0.18,0,4,1,0,10,118,5,5,6,1,2,0,1,1,2,2,,0,,,1,2,88,4,19,,7/26 (27%),0/1 (0%),38%,1,11/29 (38%),5/13 (38%),1/3 (33%),60%,5,5,16,13,,1,,,,,9
15866557,185,78175,NORMAL,REGULAR,Round 3,LEAGUE,5062,APS Atromitos Athinon,Local,ALL,18/04/2026,3,3,49%,1.87,4,11,5,2,8,413,15,13,5,1,4,0,5,2,7,4,3,1,3,15,0,1,346,8,58,83/118 (70%),16/43 (37%),2/8 (25%),57%,2,34/59 (58%),7/13 (54%),7/16 (44%),73%,15,12,50,37,2,5,-0.17,1,1,1,9
15866557,185,78175,NORMAL,REGULAR,Round 3,LEAGUE,5062,APS Atromitos Athinon,Local,1ST,18/04/2026,3,3,64%,1.11,3,6,2,2,5,284,6,6,1,0,3,0,2,1,3,3,3,0,2,,0,1,250,7,33,,8/19 (42%),2/8 (25%),52%,2,13/28 (46%),4/5 (80%),2/7 (29%),67%,6,5,23,9,,2,,,,,3
15866557,185,78175,NORMAL,REGULAR,Round 3,LEAGUE,5062,APS Atromitos Athinon,Local,2ND,18/04/2026,3,0,32%,0.76,1,5,3,0,3,129,9,7,4,1,1,0,3,1,4,1,0,1,1,,0,0,96,1,25,,8/24 (33%),0/0 (0%),62%,0,21/31 (68%),3/8 (38%),5/9 (56%),78%,9,7,27,28,,3,,,,,6
15866557,185,78175,NORMAL,REGULAR,Round 3,LEAGUE,3265,AEL Novibet,Visita,ALL,18/04/2026,3,2,51%,1.65,3,18,1,4,13,405,11,8,1,0,7,0,3,8,12,6,1,2,0,35,2,3,338,21,55,103/144 (72%),25/52 (48%),9/33 (27%),43%,8,25/59 (42%),6/13 (46%),6/13 (46%),36%,11,7,43,7,1,1,-0.54,0,0,0,14
15866557,185,78175,NORMAL,REGULAR,Round 3,LEAGUE,3265,AEL Novibet,Visita,1ST,18/04/2026,3,0,36%,0.43,1,7,0,2,6,158,7,5,1,0,2,0,1,4,4,3,0,1,0,,0,2,123,10,18,,9/25 (36%),2/9 (22%),48%,3,15/28 (54%),1/5 (20%),3/6 (50%),57%,7,4,20,5,,0,,,,,5
15866557,185,78175,NORMAL,REGULAR,Round 3,LEAGUE,3265,AEL Novibet,Visita,2ND,18/04/2026,3,2,68%,1.21,2,11,1,2,7,247,4,3,0,0,5,0,2,4,8,3,1,1,0,,2,1,215,11,37,,16/27 (59%),7/24 (29%),38%,5,10/31 (32%),5/8 (63%),3/7 (43%),0%,4,3,23,2,,1,,,,,9
15866541,185,78175,NORMAL,REGULAR,Round 4,LEAGUE,6347,MGS Panserraikos,Local,ALL,22/04/2026,4,0,43%,0.86,1,8,3,6,14,368,8,8,5,,1,0,4,3,6,2,1,1,0,24,2,4,298,18,54,59/90 (66%),27/60 (45%),2/16 (13%),43%,11,19/53 (36%),11/17 (65%),3/7 (43%),75%,8,5,51,13,1,3,0.52,2,1,0,4
15866541,185,78175,NORMAL,REGULAR,Round 4,LEAGUE,6347,MGS Panserraikos,Local,1ST,22/04/2026,4,0,43%,0.34,0,3,1,3,10,191,2,3,3,,0,0,2,1,3,0,0,0,0,,0,0,153,7,24,,13/33 (39%),1/7 (14%),33%,6,6/29 (21%),7/10 (70%),1/4 (25%),50%,2,1,27,8,,1,,,,,2
15866541,185,78175,NORMAL,REGULAR,Round 4,LEAGUE,6347,MGS Panserraikos,Local,2ND,22/04/2026,4,0,43%,0.52,1,5,2,3,4,177,6,5,2,,1,0,2,2,3,2,1,1,0,,2,4,145,11,30,,14/27 (52%),1/9 (11%),55%,5,13/24 (54%),4/7 (57%),2/3 (67%),83%,6,5,24,5,,2,,,,,2
15866541,185,78175,NORMAL,REGULAR,Round 4,LEAGUE,5062,APS Atromitos Athinon,Visita,ALL,22/04/2026,4,4,57%,2.43,5,14,1,7,8,505,15,13,1,,7,2,4,3,9,5,2,3,3,26,1,3,434,15,50,62/102 (61%),29/52 (56%),1/12 (8%),57%,4,34/53 (64%),6/17 (35%),5/9 (56%),67%,15,13,45,25,0,1,0.26,0,0,1,4
15866541,185,78175,NORMAL,REGULAR,Round 4,LEAGUE,5062,APS Atromitos Athinon,Visita,1ST,22/04/2026,4,3,57%,1.64,3,9,0,3,3,260,9,9,1,,4,2,4,1,7,2,1,2,2,,1,1,218,8,28,,14/28 (50%),1/6 (0%),67%,1,23/29 (79%),3/10 (30%),4/5 (80%),78%,9,5,24,9,,0,,,,,1
15866541,185,78175,NORMAL,REGULAR,Round 4,LEAGUE,5062,APS Atromitos Athinon,Visita,2ND,22/04/2026,4,1,57%,0.79,2,5,1,4,5,245,6,4,0,,3,0,0,2,2,3,1,1,1,,0,2,216,7,22,,15/24 (63%),1/6 (17%),45%,3,11/24 (46%),3/7 (43%),1/4 (25%),50%,6,8,21,16,,1,,,,,3
15866552,185,78175,NORMAL,REGULAR,Round 5,LEAGUE,5062,APS Atromitos Athinon,Local,ALL,26/04/2026,5,2,60%,1.07,2,13,3,5,11,518,9,14,1,,8,2,1,4,6,7,1,1,,21,2,1,449,25,69,112/145 (77%),23/46 (50%),2/15 (13%),55%,12,37/71 (52%),15/24 (63%),15/20 (75%),56%,9,7,45,35,0,3,0.31,0,0,1,7
15866552,185,78175,NORMAL,REGULAR,Round 5,LEAGUE,5062,APS Atromitos Athinon,Local,1ST,26/04/2026,5,1,61%,0.56,0,8,0,4,6,306,5,6,0,,5,1,0,3,4,4,0,0,,,1,0,277,11,40,,12/21 (57%),1/10 (0%),46%,8,15/34 (44%),4/7 (57%),4/7 (57%),40%,5,5,24,6,,0,,,,,2
15866552,185,78175,NORMAL,REGULAR,Round 5,LEAGUE,5062,APS Atromitos Athinon,Local,2ND,26/04/2026,5,1,58%,0.50,2,5,3,1,5,212,4,8,1,,3,1,1,1,2,3,1,1,,,1,1,172,14,29,,11/25 (44%),2/5 (40%),61%,4,22/37 (59%),11/17 (65%),11/13 (85%),75%,4,2,21,29,,3,,,,,5
15866552,185,78175,NORMAL,REGULAR,Round 5,LEAGUE,6342,Asteras Aktor,Visita,ALL,26/04/2026,5,1,40%,1.16,2,13,6,10,14,333,17,11,1,,4,0,4,5,9,4,0,2,,25,1,1,267,23,47,61/89 (69%),36/62 (58%),5/26 (19%),45%,3,34/71 (48%),9/24 (38%),6/12 (50%),59%,17,8,51,22,1,6,0.08,1,1,0,5
15866552,185,78175,NORMAL,REGULAR,Round 5,LEAGUE,6342,Asteras Aktor,Visita,1ST,26/04/2026,5,1,39%,0.44,0,5,4,0,6,195,11,6,0,,1,0,4,0,4,1,0,0,,,1,1,164,8,15,,18/32 (56%),3/7 (43%),54%,2,19/34 (56%),3/7 (43%),2/5 (40%),55%,11,4,28,14,,4,,,,,3
15866552,185,78175,NORMAL,REGULAR,Round 5,LEAGUE,6342,Asteras Aktor,Visita,2ND,26/04/2026,5,0,42%,0.73,2,8,2,10,8,138,6,5,1,,3,0,0,5,5,3,0,2,,,0,0,103,15,32,,18/30 (60%),2/19 (11%),39%,1,15/37 (41%),6/17 (35%),4/7 (57%),67%,6,4,23,8,,2,,,,,2
15866556,185,78175,NORMAL,REGULAR,Round 6,LEAGUE,6342,Asteras Aktor,Local,ALL,02/05/2026,6,4,33%,3.54,7,12,1,4,17,271,18,13,1,,9,0,1,2,10,2,4,3,0,20,4,,192,16,45,47/86 (55%),23/57 (40%),3/11 (27%),49%,3,41/80 (51%),6/15 (40%),10/18 (56%),50%,18,12,49,28,,1,-1.40,,,,11
15866556,185,78175,NORMAL,REGULAR,Round 6,LEAGUE,6342,Asteras Aktor,Local,1ST,02/05/2026,6,3,41%,3.17,6,10,1,2,6,141,11,8,0,,8,0,1,2,9,1,3,3,0,,3,,101,9,17,,11/26 (42%),2/6 (33%),59%,2,25/40 (63%),1/4 (25%),6/10 (60%),36%,11,2,27,15,,1,,,,,6
15866556,185,78175,NORMAL,REGULAR,Round 6,LEAGUE,6342,Asteras Aktor,Local,2ND,02/05/2026,6,1,28%,0.38,1,2,0,2,11,130,7,5,1,,1,0,1,0,1,1,1,0,0,,1,,91,7,28,,12/31 (39%),1/5 (20%),41%,1,16/40 (40%),5/11 (45%),4/8 (50%),71%,7,10,22,13,,0,,,,,5
15866556,185,78175,NORMAL,REGULAR,Round 6,LEAGUE,5062,APS Atromitos Athinon,Visita,ALL,02/05/2026,6,2,67%,1.59,4,12,4,4,14,537,11,17,3,,3,0,6,3,7,5,1,3,2,25,2,,459,25,51,123/163 (75%),16/35 (46%),8/24 (33%),51%,8,39/80 (49%),9/15 (60%),12/22 (55%),73%,11,6,44,12,,4,0.25,,,,2
15866556,185,78175,NORMAL,REGULAR,Round 6,LEAGUE,5062,APS Atromitos Athinon,Visita,1ST,02/05/2026,6,0,59%,0.89,2,4,4,3,9,201,6,6,2,,1,0,3,0,4,0,0,2,1,,1,,166,15,24,,8/18 (44%),1/8 (13%),41%,8,15/40 (38%),3/4 (75%),4/7 (57%),50%,6,3,23,8,,4,,,,,0
15866556,185,78175,NORMAL,REGULAR,Round 6,LEAGUE,5062,APS Atromitos Athinon,Visita,2ND,02/05/2026,6,2,72%,0.70,2,8,0,1,5,336,5,11,1,,2,0,3,3,3,5,1,1,1,,1,,293,10,27,,8/17 (47%),7/16 (44%),59%,1,24/40 (60%),6/11 (55%),8/15 (53%),100%,5,3,21,4,,0,,,,,2
15866543,185,78175,NORMAL,REGULAR,Round 7,LEAGUE,5062,APS Atromitos Athinon,Local,ALL,09/05/2026,7,1,70%,1.11,2,10,2,4,15,562,12,17,1,,3,0,6,1,4,6,1,1,1,21,1,2,471,19,71,114/171 (67%),28/55 (51%),3/19 (16%),49%,4,35/63 (56%),7/22 (32%),6/10 (60%),33%,12,6,41,14,2,2,-0.60,,1,0,9
15866543,185,78175,NORMAL,REGULAR,Round 7,LEAGUE,5062,APS Atromitos Athinon,Local,1ST,09/05/2026,7,1,73%,0.67,1,8,1,2,6,313,3,6,0,,3,0,4,1,3,5,1,0,0,,0,1,271,9,39,,17/28 (61%),2/8 (25%),52%,1,13/22 (59%),2/7 (29%),4/6 (67%),0%,3,3,25,4,,1,,,,,5
15866543,185,78175,NORMAL,REGULAR,Round 7,LEAGUE,5062,APS Atromitos Athinon,Local,2ND,09/05/2026,7,0,66%,0.44,1,2,1,2,9,249,9,11,1,,1,0,2,0,1,1,0,1,1,,1,1,200,10,32,,11/27 (41%),1/11 (9%),48%,3,22/41 (54%),5/15 (33%),2/4 (50%),44%,9,3,16,10,,1,,,,,4
15866543,185,78175,NORMAL,REGULAR,Round 7,LEAGUE,7004,GFS Panetolikos,Visita,ALL,09/05/2026,7,2,30%,1.06,1,10,2,3,17,238,8,14,4,,4,0,4,2,7,3,1,0,0,27,3,2,186,12,46,51/80 (64%),29/52 (56%),2/16 (13%),51%,4,28/63 (44%),15/22 (68%),6/14 (43%),75%,8,12,50,40,1,2,-0.28,,1,1,7
15866543,185,78175,NORMAL,REGULAR,Round 7,LEAGUE,7004,GFS Panetolikos,Visita,1ST,09/05/2026,7,0,27%,0.06,0,3,2,1,6,109,3,6,1,,1,0,2,0,0,3,0,0,0,,2,1,83,3,19,,9/22 (41%),1/9 (11%),48%,2,9/22 (41%),5/7 (71%),1/2 (50%),67%,3,6,28,20,,2,,,,,4
15866543,185,78175,NORMAL,REGULAR,Round 7,LEAGUE,7004,GFS Panetolikos,Visita,2ND,09/05/2026,7,2,34%,1.01,1,7,0,2,11,129,5,8,3,,3,0,2,2,7,0,1,0,0,,1,1,103,9,27,,20/30 (67%),1/7 (14%),52%,2,19/41 (46%),10/15 (67%),5/12 (42%),80%,5,6,22,20,,0,,,,,3
15866551,185,78175,NORMAL,REGULAR,Round 8,LEAGUE,120224,AE Kifisia,Local,ALL,12/05/2026,8,0,50%,1.29,2,10,2,5,13,435,16,11,0,,4,0,3,3,7,3,0,2,,19,3,3,365,21,50,69/110 (63%),26/49 (53%),5/14 (36%),54%,12,39/76 (51%),19/32 (59%),13/20 (65%),56%,16,13,52,19,1,2,0.02,1,1,,4
15866551,185,78175,NORMAL,REGULAR,Round 8,LEAGUE,120224,AE Kifisia,Local,1ST,12/05/2026,8,0,51%,1.08,2,7,1,2,7,216,7,8,0,,3,0,1,3,6,1,0,2,,,2,1,181,11,23,,12/25 (48%),4/9 (44%),54%,7,22/44 (50%),11/17 (65%),8/13 (62%),71%,7,9,31,7,,1,,,,,1
15866551,185,78175,NORMAL,REGULAR,Round 8,LEAGUE,120224,AE Kifisia,Local,2ND,12/05/2026,8,0,49%,0.20,0,3,1,3,6,219,9,3,0,,1,0,2,0,1,2,0,0,,,1,2,184,10,27,,14/24 (58%),1/5 (20%),53%,5,17/32 (53%),8/15 (53%),5/7 (71%),44%,9,4,21,12,,1,,,,,3
15866551,185,78175,NORMAL,REGULAR,Round 8,LEAGUE,5062,APS Atromitos Athinon,Visita,ALL,12/05/2026,8,3,50%,1.61,4,10,4,9,11,433,19,13,1,,5,0,3,2,7,3,2,2,,17,3,1,351,16,50,66/107 (62%),17/53 (32%),4/18 (22%),46%,12,37/76 (49%),13/32 (41%),6/10 (60%),63%,19,6,49,21,1,4,1.03,2,0,,9
15866551,185,78175,NORMAL,REGULAR,Round 8,LEAGUE,5062,APS Atromitos Athinon,Visita,1ST,12/05/2026,8,1,49%,0.66,2,6,3,5,8,203,12,7,1,,2,0,2,2,3,3,1,1,,,2,1,162,6,24,,6/20 (30%),1/11 (9%),46%,6,22/44 (50%),6/17 (35%),4/5 (80%),58%,12,4,28,10,,3,,,,,3
15866551,185,78175,NORMAL,REGULAR,Round 8,LEAGUE,5062,APS Atromitos Athinon,Visita,2ND,12/05/2026,8,2,51%,0.95,2,4,1,4,3,230,7,6,0,,3,0,1,0,4,0,1,1,,,1,0,189,10,26,,11/33 (33%),3/7 (43%),47%,6,15/32 (47%),7/15 (47%),2/5 (40%),71%,7,2,21,11,,1,,,,,6
15866540,185,78175,NORMAL,REGULAR,Round 9,LEAGUE,3265,AEL Novibet,Local,ALL,16/05/2026,9,2,51%,1.46,2,11,4,3,12,431,10,20,1,,5,0,4,2,8,3,1,1,0,22,1,5,357,15,51,91/122 (75%),21/49 (43%),1/11 (9%),47%,12,41/84 (49%),8/21 (38%),14/25 (56%),70%,10,11,38,23,1,4,0.37,1,,1,11
15866540,185,78175,NORMAL,REGULAR,Round 9,LEAGUE,3265,AEL Novibet,Local,1ST,16/05/2026,9,2,54%,0.98,1,5,2,3,4,248,4,7,0,,2,0,2,1,4,1,1,0,0,,0,2,210,10,31,,11/26 (42%),1/10 (10%),45%,5,18/37 (49%),3/10 (30%),8/16 (50%),75%,4,2,18,13,,2,,,,,8
15866540,185,78175,NORMAL,REGULAR,Round 9,LEAGUE,3265,AEL Novibet,Local,2ND,16/05/2026,9,0,48%,0.48,1,6,2,0,8,183,6,13,1,,3,0,2,1,4,2,0,1,0,,1,3,147,5,20,,10/23 (43%),0/1 (0%),48%,7,23/47 (49%),5/11 (45%),6/9 (67%),67%,6,9,20,10,,2,,,,,3
15866540,185,78175,NORMAL,REGULAR,Round 9,LEAGUE,5062,APS Atromitos Athinon,Visita,ALL,16/05/2026,9,1,49%,1.86,2,14,3,6,20,401,23,12,4,,6,0,7,1,10,4,1,1,1,30,3,0,325,16,54,74/110 (67%),16/38 (42%),7/23 (30%),53%,4,43/84 (51%),13/21 (62%),8/14 (57%),65%,23,5,43,13,0,3,-0.05,1,,2,5
15866540,185,78175,NORMAL,REGULAR,Round 9,LEAGUE,5062,APS Atromitos Athinon,Visita,1ST,16/05/2026,9,0,46%,0.18,0,6,0,6,7,209,13,4,1,,2,0,4,0,3,3,0,0,0,,1,0,177,8,24,,7/18 (39%),5/14 (36%),55%,1,19/37 (51%),7/10 (70%),2/5 (40%),69%,13,2,20,10,,0,,,,,1
15866540,185,78175,NORMAL,REGULAR,Round 9,LEAGUE,5062,APS Atromitos Athinon,Visita,2ND,16/05/2026,9,1,52%,1.68,2,8,3,0,13,192,10,8,3,,4,0,3,1,7,1,1,1,1,,2,0,148,8,30,,9/20 (45%),2/9 (22%),52%,3,24/47 (51%),6/11 (55%),6/9 (67%),60%,10,3,23,3,,3,,,,,4
15866538,185,78175,NORMAL,REGULAR,Round 10,LEAGUE,5062,APS Atromitos Athinon,Local,ALL,21/05/2026,10,6,59%,2.58,5,15,0,3,15,614,23,10,,,9,0,2,4,14,1,2,3,1,36,2,5,556,12,68,110/149 (74%),22/31 (71%),2/8 (25%),52%,8,43/84 (51%),6/10 (60%),10/21 (48%),61%,23,4,50,18,0,0,0.00,,0,,6
15866538,185,78175,NORMAL,REGULAR,Round 10,LEAGUE,5062,APS Atromitos Athinon,Local,1ST,21/05/2026,10,4,58%,1.59,4,10,0,3,7,322,10,4,,,5,0,1,4,10,0,1,3,1,,1,3,283,6,41,,15/17 (88%),2/4 (50%),53%,2,18/35 (51%),3/5 (60%),4/9 (44%),60%,10,3,29,7,,0,,,,,2
15866538,185,78175,NORMAL,REGULAR,Round 10,LEAGUE,5062,APS Atromitos Athinon,Local,2ND,21/05/2026,10,2,61%,0.99,1,5,0,0,8,292,13,6,,,4,0,1,0,4,1,1,0,0,,1,2,273,6,27,,7/14 (50%),0/4 (0%),52%,6,25/49 (51%),3/5 (60%),6/12 (50%),62%,13,1,21,11,,0,,,,,4
15866538,185,78175,NORMAL,REGULAR,Round 10,LEAGUE,6347,MGS Panserraikos,Visita,ALL,21/05/2026,10,0,41%,0.29,0,5,3,4,10,410,19,15,,,0,0,4,1,4,1,0,0,0,13,4,3,346,18,34,68/92 (74%),26/56 (46%),2/15 (13%),48%,14,41/84 (49%),4/10 (40%),9/18 (50%),63%,19,10,47,10,1,3,-1.58,,1,,4
15866538,185,78175,NORMAL,REGULAR,Round 10,LEAGUE,6347,MGS Panserraikos,Visita,1ST,21/05/2026,10,0,42%,0.16,0,2,1,1,4,232,7,7,,,0,0,1,1,1,1,0,0,0,,2,1,194,5,18,,16/34 (47%),0/3 (0%),47%,7,17/35 (49%),2/5 (40%),4/7 (57%),71%,7,8,25,5,,1,,,,,2
15866538,185,78175,NORMAL,REGULAR,Round 10,LEAGUE,6347,MGS Panserraikos,Visita,2ND,21/05/2026,10,0,39%,0.13,0,3,2,3,6,178,12,8,,,0,0,3,0,3,1,0,0,0,,2,2,152,13,16,,10/22 (45%),2/12 (17%),48%,7,24/49 (49%),2/5 (40%),5/11 (45%),58%,12,2,22,5,,2,,,,,2