Event_ID,Competition_ID,Season_ID,Season_Format,Competition_Phase,Competition_Stage,Competition_Type,Team_ID,Equipo,Condicion,Tiempo,Fecha,Jornada,Goals,Ball possession,Expected goals,Big chances,Total shots,Goalkeeper saves,Corner kicks,Fouls,Passes,Tackles,Free kicks,Yellow cards,Red cards,Shots on target,Hit woodwork,Shots off target,Blocked shots,Shots inside box,Shots outside box,Big chances scored,Big chances missed,Through balls,Touches in penalty area,Fouled in final third,Offsides,Accurate passes,Throw-ins,Final third entries,Final third phase,Long balls,Crosses,Duels,Dispossessed,Ground duels,Aerial duels,Dribbles,Tackles won,Total tackles,Interceptions,Recoveries,Clearances,Errors lead to a shot,Total saves,Goals prevented,Big saves,High claims,Punches,Goal kicks
9591161,25,37156,NORMAL,REGULAR,Round 1,LEAGUE,94,Forest Green Rovers,Local,ALL,07/08/2021,1,2,57%,0.00,2,11,1,4,11,366,20,12,3,,2,1,3,6,7,4,1,1,,,2,1,242,39,65,,28/74 (38%),8/19 (42%),49%,7,41/72 (57%),20/53 (38%),9/20 (45%),50%,20,10,,11,,1,,,,,12
9591161,25,37156,NORMAL,REGULAR,Round 1,LEAGUE,94,Forest Green Rovers,Local,1ST,07/08/2021,1,1,54%,0.00,0,3,0,0,,178,9,5,2,,1,0,1,1,1,2,0,0,,,0,1,111,15,33,,15/42 (36%),3/6 (50%),47%,4,17/33 (52%),11/27 (41%),3/6 (50%),33%,9,3,,7,,0,,,,,8
9591161,25,37156,NORMAL,REGULAR,Round 1,LEAGUE,94,Forest Green Rovers,Local,2ND,07/08/2021,1,1,59%,0.00,2,8,1,4,,188,11,7,1,,1,1,2,5,6,2,1,1,,,2,0,131,24,32,,13/32 (41%),5/13 (38%),51%,3,24/39 (62%),9/26 (35%),6/14 (43%),64%,11,7,,4,,1,,,,,4
9591161,25,37156,NORMAL,REGULAR,Round 1,LEAGUE,6339,Sutton United,Visita,ALL,07/08/2021,1,1,43%,0.00,1,9,0,6,12,281,18,10,0,,2,0,4,3,5,4,1,0,,,1,0,161,25,71,,39/93 (42%),3/16 (19%),51%,12,31/72 (43%),33/53 (62%),3/11 (27%),78%,18,16,,21,,0,,,,,8
9591161,25,37156,NORMAL,REGULAR,Round 1,LEAGUE,6339,Sutton United,Visita,1ST,07/08/2021,1,0,46%,0.00,0,4,0,4,,147,7,7,0,,0,0,2,2,2,2,0,0,,,1,0,86,16,43,,23/50 (46%),1/10 (10%),53%,4,16/33 (48%),16/27 (59%),2/7 (29%),100%,7,7,,6,,0,,,,,1
9591161,25,37156,NORMAL,REGULAR,Round 1,LEAGUE,6339,Sutton United,Visita,2ND,07/08/2021,1,1,41%,0.00,1,5,0,2,,134,11,3,0,,2,0,2,1,3,2,1,0,,,0,0,75,9,28,,16/43 (37%),2/6 (33%),49%,8,15/39 (38%),17/26 (65%),1/4 (25%),64%,11,9,,15,,0,,,,,7
9602099,21,37177,NORMAL,PLAYOFF,Round 1,CUP,61,Cardiff City,Local,ALL,10/08/2021,7,3,59%,0.00,1,11,4,5,13,369,7,11,0,,3,0,2,6,8,3,0,1,0,,2,0,248,21,75,,28/62 (45%),3/17 (18%),60%,2,20/46 (43%),53/76 (70%),4/7 (57%),43%,7,10,,48,,4,,,,,9
9602099,21,37177,NORMAL,PLAYOFF,Round 1,CUP,61,Cardiff City,Local,1ST,10/08/2021,7,1,67%,0.00,1,8,2,3,,223,3,6,0,,1,0,2,5,6,2,0,1,0,,1,0,161,7,43,,19/35 (54%),3/9 (33%),71%,0,9/14 (64%),30/41 (73%),1/2 (50%),67%,3,6,,20,,2,,,,,6
9602099,21,37177,NORMAL,PLAYOFF,Round 1,CUP,61,Cardiff City,Local,2ND,10/08/2021,7,2,50%,0.00,0,3,2,2,,146,4,5,0,,2,0,0,1,2,1,0,0,0,,1,0,87,14,32,,9/27 (33%),0/8 (0%),51%,2,11/32 (34%),23/35 (66%),3/5 (60%),25%,4,4,,28,,2,,,,,3
9602099,21,37177,NORMAL,PLAYOFF,Round 1,CUP,6339,Sutton United,Visita,ALL,10/08/2021,7,2,41%,0.00,3,14,0,7,11,254,5,13,2,,6,0,3,5,7,7,1,2,1,,3,1,134,41,65,,15/82 (18%),4/18 (22%),40%,3,26/46 (57%),23/76 (30%),8/12 (67%),80%,5,14,,23,,0,,,,,7
9602099,21,37177,NORMAL,PLAYOFF,Round 1,CUP,6339,Sutton United,Visita,1ST,10/08/2021,7,1,33%,0.00,2,7,0,3,,110,1,3,1,,3,0,2,2,3,4,1,1,0,,1,1,56,25,30,,6/41 (15%),1/6 (17%),29%,1,5/14 (36%),11/41 (27%),1/3 (33%),100%,1,6,,11,,0,,,,,5
9602099,21,37177,NORMAL,PLAYOFF,Round 1,CUP,6339,Sutton United,Visita,2ND,10/08/2021,7,1,50%,0.00,1,7,0,4,,144,4,10,1,,3,0,1,3,4,3,0,1,1,,2,0,78,16,35,,9/41 (22%),3/12 (25%),49%,2,21/32 (66%),12/35 (34%),7/9 (78%),75%,4,8,,12,,0,,,,,2
9591586,25,37156,NORMAL,REGULAR,Round 2,LEAGUE,37998,Salford City,Local,ALL,14/08/2021,2,0,67%,0.00,1,16,3,4,14,566,15,10,3,,6,0,5,5,11,5,,1,,,3,2,426,34,94,,46/95 (48%),10/35 (29%),55%,10,31/66 (47%),32/49 (65%),6/13 (46%),60%,15,7,,24,,3,,,,,6
9591586,25,37156,NORMAL,REGULAR,Round 2,LEAGUE,37998,Salford City,Local,1ST,14/08/2021,2,0,68%,0.00,0,5,2,3,,250,7,6,1,,2,0,2,1,4,1,,0,,,2,0,182,18,48,,23/49 (47%),4/16 (25%),47%,5,15/37 (41%),13/23 (57%),2/9 (22%),57%,7,4,,15,,2,,,,,3
9591586,25,37156,NORMAL,REGULAR,Round 2,LEAGUE,37998,Salford City,Local,2ND,14/08/2021,2,0,67%,0.00,1,11,1,1,,316,8,4,2,,4,0,3,4,7,4,,1,,,1,2,244,16,46,,23/46 (50%),6/19 (32%),64%,5,16/29 (55%),19/26 (73%),4/4 (100%),63%,8,3,,9,,1,,,,,3
9591586,25,37156,NORMAL,REGULAR,Round 2,LEAGUE,6339,Sutton United,Visita,ALL,14/08/2021,2,0,33%,0.00,2,11,6,2,10,284,17,12,1,,3,1,4,4,5,6,,2,,,3,0,151,21,74,,20/86 (23%),1/11 (9%),45%,10,35/66 (53%),17/49 (35%),7/12 (58%),53%,17,11,,29,,6,,,,,5
9591586,25,37156,NORMAL,REGULAR,Round 2,LEAGUE,6339,Sutton United,Visita,1ST,14/08/2021,2,0,32%,0.00,0,8,2,1,,120,12,7,0,,2,0,2,4,3,5,,0,,,2,0,61,14,33,,6/33 (18%),0/5 (0%),53%,4,22/37 (59%),10/23 (43%),3/6 (50%),42%,12,3,,12,,2,,,,,3
9591586,25,37156,NORMAL,REGULAR,Round 2,LEAGUE,6339,Sutton United,Visita,2ND,14/08/2021,2,0,33%,0.00,2,3,4,1,,164,5,5,1,,1,1,2,0,2,1,,2,,,1,0,90,7,41,,14/53 (26%),1/6 (17%),36%,6,13/29 (45%),7/26 (27%),4/6 (67%),80%,5,8,,17,,4,,,,,2
9591113,25,37156,NORMAL,REGULAR,Round 4,LEAGUE,85,Scunthorpe United,Local,ALL,21/08/2021,4,1,49%,0.00,2,8,5,11,11,299,23,9,3,,1,0,4,3,6,2,1,1,2,,2,2,167,32,81,,22/92 (24%),4/22 (18%),49%,9,35/66 (53%),35/78 (45%),5/12 (42%),35%,23,3,,28,,5,,,,,12
9591113,25,37156,NORMAL,REGULAR,Round 4,LEAGUE,85,Scunthorpe United,Local,1ST,21/08/2021,4,0,53%,0.00,1,5,4,9,,143,9,6,1,,0,0,2,3,4,1,0,1,1,,2,1,84,17,31,,11/40 (28%),2/16 (13%),53%,2,15/23 (65%),15/34 (44%),2/4 (50%),22%,9,1,,13,,4,,,,,5
9591113,25,37156,NORMAL,REGULAR,Round 4,LEAGUE,85,Scunthorpe United,Local,2ND,21/08/2021,4,1,45%,0.00,1,3,1,2,,156,14,3,2,,1,0,2,0,2,1,1,0,1,,0,1,83,15,50,,11/52 (21%),2/6 (33%),46%,7,20/43 (47%),20/44 (45%),3/8 (38%),43%,14,2,,15,,1,,,,,7
9591113,25,37156,NORMAL,REGULAR,Round 4,LEAGUE,6339,Sutton United,Visita,ALL,21/08/2021,4,1,51%,0.00,2,16,0,2,9,331,16,10,1,,6,0,8,2,8,8,0,2,0,,1,1,190,34,78,,26/84 (31%),2/10 (20%),51%,17,31/66 (47%),43/78 (55%),6/12 (50%),69%,16,9,,23,,0,,,,,5
9591113,25,37156,NORMAL,REGULAR,Round 4,LEAGUE,6339,Sutton United,Visita,1ST,21/08/2021,4,0,47%,0.00,1,8,0,1,,140,4,2,0,,4,0,3,1,4,4,0,1,0,,0,0,78,15,38,,13/40 (33%),0/7 (0%),47%,7,8/23 (35%),19/34 (56%),2/4 (50%),75%,4,5,,14,,0,,,,,2
9591113,25,37156,NORMAL,REGULAR,Round 4,LEAGUE,6339,Sutton United,Visita,2ND,21/08/2021,4,1,55%,0.00,1,8,0,1,,191,12,8,1,,2,0,5,1,4,4,0,1,0,,1,1,112,19,40,,13/44 (30%),2/3 (67%),54%,10,23/43 (53%),24/44 (55%),4/8 (50%),67%,12,4,,9,,0,,,,,3
9591118,25,37156,NORMAL,REGULAR,Round 5,LEAGUE,6339,Sutton United,Local,ALL,28/08/2021,5,1,46%,0.00,2,16,2,7,15,267,19,15,2,,2,1,10,4,11,5,1,1,,,2,0,154,28,86,,25/77 (32%),5/25 (20%),57%,5,38/66 (58%),31/55 (56%),4/6 (67%),63%,19,6,,20,,2,,,,,9
9591118,25,37156,NORMAL,REGULAR,Round 5,LEAGUE,6339,Sutton United,Local,1ST,28/08/2021,5,0,52%,0.00,1,9,1,5,,163,9,7,0,,1,0,7,1,7,2,0,1,,,1,0,97,13,44,,14/43 (33%),4/15 (27%),59%,1,18/29 (62%),20/35 (57%),2/4 (50%),78%,9,1,,5,,1,,,,,5
9591118,25,37156,NORMAL,REGULAR,Round 5,LEAGUE,6339,Sutton United,Local,2ND,28/08/2021,5,1,38%,0.00,1,7,1,2,,104,10,8,2,,1,1,3,3,4,3,1,0,,,1,0,57,15,42,,11/34 (32%),1/10 (10%),54%,4,20/37 (54%),11/20 (55%),2/2 (100%),50%,10,5,,15,,1,,,,,4
9591118,25,37156,NORMAL,REGULAR,Round 5,LEAGUE,65,Oldham Athletic,Visita,ALL,28/08/2021,5,2,54%,0.00,1,12,1,4,15,327,7,14,3,,4,0,6,2,6,6,1,0,,,1,1,224,24,70,,32/86 (37%),3/18 (17%),43%,14,28/66 (42%),24/55 (44%),7/12 (58%),71%,7,9,,35,,1,,,,,11
9591118,25,37156,NORMAL,REGULAR,Round 5,LEAGUE,65,Oldham Athletic,Visita,1ST,28/08/2021,5,0,48%,0.00,0,4,1,3,,156,3,5,1,,1,0,3,0,2,2,0,0,,,0,0,91,7,36,,17/48 (35%),2/5 (40%),41%,5,11/29 (38%),15/35 (43%),3/7 (43%),67%,3,6,,19,,1,,,,,6
9591118,25,37156,NORMAL,REGULAR,Round 5,LEAGUE,65,Oldham Athletic,Visita,2ND,28/08/2021,5,2,62%,0.00,1,8,0,1,,171,4,9,2,,3,0,3,2,4,4,1,0,,,1,1,133,17,34,,15/38 (39%),1/13 (8%),46%,9,17/37 (46%),9/20 (45%),4/5 (80%),75%,4,3,,16,,0,,,,,5
9652227,334,37498,SPECIAL_EVENT,GROUP,"EFL Trophy, Southern Group B",SUPER_CUP,6339,Sutton United,Local,ALL,31/08/2021,,3,41%,0.00,2,18,2,7,14,245,27,12,2,,8,0,8,2,14,4,2,,0,,4,3,166,34,80,,31/63 (49%),6/20 (30%),66%,1,45/67 (67%),30/47 (64%),7/11 (64%),48%,27,13,,9,,2,,,,,8
9652227,334,37498,SPECIAL_EVENT,GROUP,"EFL Trophy, Southern Group B",SUPER_CUP,6339,Sutton United,Local,1ST,31/08/2021,,1,37%,0.00,1,10,2,1,,116,13,5,0,,4,0,5,1,7,3,1,,0,,1,1,75,15,35,,17/31 (55%),2/7 (29%),69%,1,21/33 (64%),19/25 (76%),4/6 (67%),31%,13,6,,6,,2,,,,,6
9652227,334,37498,SPECIAL_EVENT,GROUP,"EFL Trophy, Southern Group B",SUPER_CUP,6339,Sutton United,Local,2ND,31/08/2021,,2,45%,0.00,1,8,0,6,,129,14,7,2,,4,0,3,1,7,1,1,,0,,3,2,91,19,45,,14/32 (44%),4/13 (31%),63%,0,24/34 (71%),11/22 (50%),3/5 (60%),64%,14,7,,3,,0,,,,,2
9652227,334,37498,SPECIAL_EVENT,GROUP,"EFL Trophy, Southern Group B",SUPER_CUP,77869,Crystal Palace U21,Visita,ALL,31/08/2021,,0,59%,0.00,0,5,3,3,12,362,5,13,2,,2,0,1,2,3,2,0,,2,,0,2,273,28,52,,20/58 (34%),0/14 (0%),34%,15,22/67 (33%),17/47 (36%),4/16 (25%),80%,5,8,,34,,3,,,,,10
9652227,334,37498,SPECIAL_EVENT,GROUP,"EFL Trophy, Southern Group B",SUPER_CUP,77869,Crystal Palace U21,Visita,1ST,31/08/2021,,0,63%,0.00,0,5,2,0,,197,3,7,0,,2,0,1,2,3,2,0,,2,,0,0,152,15,34,,13/36 (36%),0/8 (0%),31%,7,12/33 (36%),6/25 (24%),2/8 (25%),67%,3,3,,18,,2,,,,,4
9652227,334,37498,SPECIAL_EVENT,GROUP,"EFL Trophy, Southern Group B",SUPER_CUP,77869,Crystal Palace U21,Visita,2ND,31/08/2021,,0,55%,0.00,0,0,1,3,,165,2,6,2,,0,0,0,0,0,0,0,,0,,0,2,121,13,18,,7/22 (32%),0/6 (0%),37%,8,10/34 (29%),11/22 (50%),2/8 (25%),100%,2,5,,16,,1,,,,,6
9590927,25,37156,NORMAL,REGULAR,Round 7,LEAGUE,6339,Sutton United,Local,ALL,11/09/2021,7,2,43%,0.00,4,18,4,1,7,336,10,6,2,0,4,0,7,7,11,7,2,2,,,2,2,216,34,84,,36/88 (41%),4/10 (40%),47%,13,20/41 (49%),22/48 (46%),5/6 (83%),70%,10,14,,7,,4,,,,,4
9590927,25,37156,NORMAL,REGULAR,Round 7,LEAGUE,6339,Sutton United,Local,1ST,11/09/2021,7,0,39%,0.00,0,4,2,1,,148,3,2,1,0,2,0,1,1,2,2,0,0,,,0,1,89,22,37,,16/43 (37%),1/4 (25%),36%,8,6/19 (32%),9/23 (39%),2/2 (100%),67%,3,7,,5,,2,,,,,0
9590927,25,37156,NORMAL,REGULAR,Round 7,LEAGUE,6339,Sutton United,Local,2ND,11/09/2021,7,2,47%,0.00,4,14,2,0,,188,7,4,1,0,2,0,6,6,9,5,2,2,,,2,1,127,12,47,,20/45 (44%),3/6 (50%),57%,5,14/22 (64%),13/25 (52%),3/4 (75%),71%,7,7,,2,,2,,,,,4
9590927,25,37156,NORMAL,REGULAR,Round 7,LEAGUE,133,Stevenage,Visita,ALL,11/09/2021,7,1,57%,0.00,1,9,2,6,8,443,14,7,2,1,5,0,3,1,7,2,1,0,,,1,2,324,36,74,,34/84 (40%),2/13 (15%),53%,5,21/41 (51%),26/48 (54%),1/6 (17%),36%,14,7,,19,,2,,,,,14
9590927,25,37156,NORMAL,REGULAR,Round 7,LEAGUE,133,Stevenage,Visita,1ST,11/09/2021,7,0,61%,0.00,0,3,2,4,,233,8,6,0,0,2,0,0,1,1,2,0,0,,,1,1,171,18,42,,19/45 (42%),2/9 (22%),64%,2,13/19 (68%),14/23 (61%),0/1 (0%),50%,8,4,,11,,2,,,,,7
9590927,25,37156,NORMAL,REGULAR,Round 7,LEAGUE,133,Stevenage,Visita,2ND,11/09/2021,7,1,53%,0.00,1,6,0,2,,210,6,1,2,1,3,0,3,0,6,0,1,0,,,0,1,153,18,32,,15/39 (38%),0/4 (0%),43%,3,8/22 (36%),12/25 (48%),1/5 (20%),17%,6,3,,8,,0,,,,,7
9592237,25,37156,NORMAL,REGULAR,Round 3,LEAGUE,6339,Sutton United,Local,ALL,14/09/2021,3,1,52%,0.00,1,19,2,10,8,294,13,17,2,,7,0,8,4,12,7,1,0,,,5,3,189,35,73,,32/73 (44%),11/29 (38%),66%,4,29/40 (73%),38/61 (62%),0/1 (0%),77%,13,16,,13,,2,,,,,3
9592237,25,37156,NORMAL,REGULAR,Round 3,LEAGUE,6339,Sutton United,Local,1ST,14/09/2021,3,1,62%,0.00,1,8,0,8,,166,5,4,0,,4,0,2,2,4,4,1,0,,,2,0,112,21,37,,17/38 (45%),6/18 (33%),62%,0,9/12 (75%),23/40 (57%),0/1 (0%),100%,5,8,,6,,0,,,,,1
9592237,25,37156,NORMAL,REGULAR,Round 3,LEAGUE,6339,Sutton United,Local,2ND,14/09/2021,3,0,43%,0.00,0,11,2,2,,128,8,13,2,,3,0,6,2,8,3,0,0,,,3,3,77,14,36,,15/35 (43%),5/11 (45%),71%,4,20/28 (71%),15/21 (71%),0/0 (0%),63%,8,8,,7,,2,,,,,2
9592237,25,37156,NORMAL,REGULAR,Round 3,LEAGUE,101,Hartlepool United,Visita,ALL,14/09/2021,3,0,48%,0.00,1,4,6,5,17,279,5,7,3,,3,0,1,0,4,0,0,1,,,0,1,172,31,58,,17/68 (25%),4/15 (27%),34%,5,11/40 (28%),23/61 (38%),0/8 (0%),60%,5,9,,39,,6,,,,,12
9592237,25,37156,NORMAL,REGULAR,Round 3,LEAGUE,101,Hartlepool United,Visita,1ST,14/09/2021,3,0,38%,0.00,0,1,3,1,,111,1,3,0,,1,0,0,0,1,0,0,0,,,0,0,60,20,21,,10/34 (29%),1/4 (25%),38%,2,3/12 (25%),17/40 (43%),0/3 (0%),100%,1,4,,25,,3,,,,,5
9592237,25,37156,NORMAL,REGULAR,Round 3,LEAGUE,101,Hartlepool United,Visita,2ND,14/09/2021,3,0,57%,0.00,1,3,3,4,,168,4,4,3,,2,0,1,0,3,0,0,1,,,0,1,112,11,37,,7/34 (21%),3/11 (27%),29%,3,8/28 (29%),6/21 (29%),0/5 (0%),50%,4,5,,14,,3,,,,,7
9590959,25,37156,NORMAL,REGULAR,Round 8,LEAGUE,86,Exeter City,Local,ALL,18/09/2021,8,2,54%,0.00,4,15,1,3,11,363,15,7,,,7,0,2,6,11,4,1,3,0,,1,1,233,24,88,,22/65 (34%),0/7 (0%),46%,14,25/52 (48%),27/61 (44%),5/7 (71%),80%,15,14,,40,,1,,,,,11
9590959,25,37156,NORMAL,REGULAR,Round 8,LEAGUE,86,Exeter City,Local,1ST,18/09/2021,8,0,51%,0.00,1,3,1,2,,171,6,2,,,2,0,1,0,2,1,0,1,0,,1,1,102,11,44,,9/37 (24%),0/5 (0%),43%,8,9/21 (43%),14/33 (42%),2/2 (100%),83%,6,9,,24,,1,,,,,9
9590959,25,37156,NORMAL,REGULAR,Round 8,LEAGUE,86,Exeter City,Local,2ND,18/09/2021,8,2,57%,0.00,3,12,0,1,,192,9,5,,,5,0,1,6,9,3,1,2,0,,0,0,131,13,44,,13/28 (46%),0/2 (0%),49%,6,16/31 (52%),13/28 (46%),3/5 (60%),78%,9,5,,16,,0,,,,,2
9590959,25,37156,NORMAL,REGULAR,Round 8,LEAGUE,6339,Sutton United,Visita,ALL,18/09/2021,8,0,46%,0.00,4,18,5,14,7,291,16,10,,,2,1,7,9,11,7,0,4,1,,1,2,153,30,79,,25/79 (32%),9/25 (36%),54%,13,27/52 (52%),34/61 (56%),1/3 (33%),63%,16,10,,8,,5,,,,,4
9590959,25,37156,NORMAL,REGULAR,Round 8,LEAGUE,6339,Sutton United,Visita,1ST,18/09/2021,8,0,49%,0.00,3,9,1,7,,153,8,4,,,1,1,5,3,6,3,0,3,1,,0,1,80,18,47,,16/35 (46%),5/15 (33%),57%,5,12/21 (57%),19/33 (58%),0/1 (0%),75%,8,7,,4,,1,,,,,2
9590959,25,37156,NORMAL,REGULAR,Round 8,LEAGUE,6339,Sutton United,Visita,2ND,18/09/2021,8,0,43%,0.00,1,9,4,7,,138,8,6,,,1,0,2,6,5,4,0,1,0,,1,1,73,12,32,,9/44 (20%),4/10 (40%),51%,8,15/31 (48%),15/28 (54%),1/2 (50%),50%,8,3,,4,,4,,,,,2
9590933,25,37156,NORMAL,REGULAR,Round 9,LEAGUE,6339,Sutton United,Local,ALL,25/09/2021,9,4,50%,0.00,3,18,7,7,12,304,11,11,1,0,8,0,6,4,14,4,1,2,,,3,1,151,33,69,,35/91 (38%),5/13 (38%),57%,7,28/53 (53%),37/61 (61%),6/10 (60%),55%,11,10,,19,,7,,,,,10
9590933,25,37156,NORMAL,REGULAR,Round 9,LEAGUE,6339,Sutton United,Local,1ST,25/09/2021,9,2,54%,0.00,0,10,3,2,,185,6,7,0,0,4,0,3,3,8,2,0,0,,,3,0,99,21,40,,20/54 (37%),2/5 (40%),56%,4,17/32 (53%),18/31 (58%),4/7 (57%),67%,6,7,,6,,3,,,,,5
9590933,25,37156,NORMAL,REGULAR,Round 9,LEAGUE,6339,Sutton United,Local,2ND,25/09/2021,9,2,44%,0.00,3,8,4,5,,119,5,4,1,0,4,0,3,1,6,2,1,2,,,0,1,52,12,29,,15/37 (41%),3/8 (38%),59%,3,11/21 (52%),19/30 (63%),2/3 (67%),40%,5,3,,13,,4,,,,,5
9590933,25,37156,NORMAL,REGULAR,Round 9,LEAGUE,78,Carlisle United,Visita,ALL,25/09/2021,9,0,50%,0.00,0,19,3,8,11,298,11,12,3,1,7,0,6,6,12,7,0,0,,,2,2,153,31,91,,18/82 (22%),5/24 (21%),43%,5,25/53 (47%),24/61 (39%),3/9 (33%),55%,11,8,,10,,3,,,,,9
9590933,25,37156,NORMAL,REGULAR,Round 9,LEAGUE,78,Carlisle United,Visita,1ST,25/09/2021,9,0,46%,0.00,0,7,1,3,,154,7,7,0,0,3,0,1,3,5,2,0,0,,,1,1,70,13,49,,9/46 (20%),2/9 (22%),44%,1,15/32 (47%),13/31 (42%),2/7 (29%),71%,7,2,,7,,1,,,,,5
9590933,25,37156,NORMAL,REGULAR,Round 9,LEAGUE,78,Carlisle United,Visita,2ND,25/09/2021,9,0,56%,0.00,0,12,2,5,,144,4,5,3,1,4,0,5,3,7,5,0,0,,,1,1,83,18,42,,9/36 (25%),3/15 (20%),41%,4,10/21 (48%),11/30 (37%),1/2 (50%),25%,4,6,,3,,2,,,,,4
9590994,25,37156,NORMAL,REGULAR,Round 10,LEAGUE,57,Northampton Town,Local,ALL,02/10/2021,10,0,53%,0.00,0,10,5,4,13,299,15,9,4,,0,0,5,5,6,4,0,0,,,2,0,165,34,94,,39/97 (40%),4/25 (16%),45%,8,24/52 (46%),36/81 (44%),2/5 (40%),80%,15,7,,20,,5,,,,,10
9590994,25,37156,NORMAL,REGULAR,Round 10,LEAGUE,57,Northampton Town,Local,1ST,02/10/2021,10,0,54%,0.00,0,5,2,2,,171,8,4,2,,0,0,3,2,4,1,0,0,,,1,0,101,10,40,,22/51 (43%),2/11 (18%),47%,4,11/25 (44%),20/41 (49%),1/2 (50%),88%,8,2,,13,,2,,,,,6
9590994,25,37156,NORMAL,REGULAR,Round 10,LEAGUE,57,Northampton Town,Local,2ND,02/10/2021,10,0,51%,0.00,0,5,3,2,,128,7,5,2,,0,0,2,3,2,3,0,0,,,1,0,64,24,54,,17/46 (37%),2/14 (14%),43%,4,13/27 (48%),16/40 (40%),1/3 (33%),71%,7,5,,7,,3,,,,,4
9590994,25,37156,NORMAL,REGULAR,Round 10,LEAGUE,6339,Sutton United,Visita,ALL,02/10/2021,10,2,47%,0.00,2,16,0,4,9,279,11,13,1,,7,0,6,3,13,3,1,1,,,2,2,161,26,69,,17/71 (24%),8/16 (50%),55%,13,28/52 (54%),45/81 (56%),4/6 (67%),82%,11,7,,24,,0,,,,,8
9590994,25,37156,NORMAL,REGULAR,Round 10,LEAGUE,6339,Sutton United,Visita,1ST,02/10/2021,10,1,46%,0.00,1,8,0,2,,145,5,7,0,,3,0,4,1,6,2,0,1,,,1,2,91,13,41,,10/34 (29%),6/12 (50%),53%,8,14/25 (56%),21/41 (51%),2/2 (100%),60%,5,5,,6,,0,,,,,3
9590994,25,37156,NORMAL,REGULAR,Round 10,LEAGUE,6339,Sutton United,Visita,2ND,02/10/2021,10,1,49%,0.00,1,8,0,2,,134,6,6,1,,4,0,2,2,7,1,1,0,,,1,0,70,13,28,,7/37 (19%),2/4 (50%),57%,5,14/27 (52%),24/40 (60%),2/4 (50%),100%,6,2,,18,,0,,,,,5
9590971,25,37156,NORMAL,REGULAR,Round 11,LEAGUE,6339,Sutton United,Local,ALL,09/10/2021,11,4,49%,0.00,0,13,4,4,12,306,10,10,1,,6,0,2,5,7,6,0,,,,2,0,184,30,77,,38/89 (43%),5/21 (24%),54%,9,24/51 (47%),43/72 (60%),4/9 (44%),70%,10,9,,27,,4,,,,,3
9590971,25,37156,NORMAL,REGULAR,Round 11,LEAGUE,6339,Sutton United,Local,1ST,09/10/2021,11,1,45%,0.00,0,4,2,2,,152,4,5,0,,1,0,1,2,0,4,0,,,,1,0,84,15,40,,18/46 (39%),1/11 (9%),55%,3,11/20 (55%),21/38 (55%),2/3 (67%),50%,4,5,,11,,2,,,,,2
9590971,25,37156,NORMAL,REGULAR,Round 11,LEAGUE,6339,Sutton United,Local,2ND,09/10/2021,11,3,54%,0.00,0,9,2,2,,154,6,5,1,,5,0,1,3,7,2,0,,,,1,0,100,15,37,,20/43 (47%),4/10 (40%),54%,6,13/31 (42%),22/34 (65%),2/6 (33%),83%,6,4,,16,,2,,,,,1
9590971,25,37156,NORMAL,REGULAR,Round 11,LEAGUE,55,Port Vale,Visita,ALL,09/10/2021,11,3,51%,0.00,1,11,3,7,10,322,14,11,5,,7,0,2,2,9,2,1,,,,1,2,206,27,74,,22/70 (31%),5/17 (29%),46%,4,27/51 (53%),29/72 (40%),4/10 (40%),64%,14,6,,39,,3,,,,,7
9590971,25,37156,NORMAL,REGULAR,Round 11,LEAGUE,55,Port Vale,Visita,1ST,09/10/2021,11,2,55%,0.00,1,5,0,4,,188,4,4,1,,4,0,1,0,3,2,1,,,,0,1,133,11,37,,11/38 (29%),2/7 (29%),45%,2,9/20 (45%),17/38 (45%),2/4 (50%),50%,4,5,,29,,0,,,,,5
9590971,25,37156,NORMAL,REGULAR,Round 11,LEAGUE,55,Port Vale,Visita,2ND,09/10/2021,11,1,46%,0.00,0,6,3,3,,134,10,7,4,,3,0,1,2,6,0,0,,,,1,1,73,16,37,,11/32 (34%),3/10 (30%),46%,2,18/31 (58%),12/34 (35%),2/6 (33%),70%,10,1,,10,,3,,,,,2
9652230,334,37498,SPECIAL_EVENT,GROUP,"EFL Trophy, Southern Group B",SUPER_CUP,2,Portsmouth,Local,ALL,12/10/2021,,0,60%,0.00,,2,2,1,14,487,18,13,1,,0,0,0,2,0,2,,,,,3,0,362,29,64,,25/77 (32%),0/12 (0%),47%,12,38/77 (49%),22/52 (42%),8/17 (47%),67%,18,7,,19,,2,,,,,9
9652230,334,37498,SPECIAL_EVENT,GROUP,"EFL Trophy, Southern Group B",SUPER_CUP,2,Portsmouth,Local,1ST,12/10/2021,,0,59%,0.00,,2,2,0,,248,14,5,0,,0,0,0,2,0,2,,,,,1,0,178,15,44,,14/43 (33%),0/4 (0%),53%,5,24/42 (57%),12/26 (46%),5/11 (45%),71%,14,1,,13,,2,,,,,3
9652230,334,37498,SPECIAL_EVENT,GROUP,"EFL Trophy, Southern Group B",SUPER_CUP,2,Portsmouth,Local,2ND,12/10/2021,,0,60%,0.00,,0,0,1,,239,4,8,1,,0,0,0,0,0,0,,,,,2,0,184,14,20,,11/34 (32%),0/8 (0%),39%,7,14/35 (40%),10/26 (38%),3/6 (50%),50%,4,6,,6,,0,,,,,6
9652230,334,37498,SPECIAL_EVENT,GROUP,"EFL Trophy, Southern Group B",SUPER_CUP,6339,Sutton United,Visita,ALL,12/10/2021,,2,40%,0.00,,14,0,5,13,322,21,14,1,,4,0,7,3,10,4,,,,,3,1,219,22,78,,23/72 (32%),7/22 (32%),53%,17,39/77 (51%),30/52 (58%),5/6 (83%),71%,21,9,,9,,0,,,,,5
9652230,334,37498,SPECIAL_EVENT,GROUP,"EFL Trophy, Southern Group B",SUPER_CUP,6339,Sutton United,Visita,1ST,12/10/2021,,0,41%,0.00,,6,0,3,,165,11,5,0,,2,0,2,2,5,1,,,,,1,1,111,14,41,,14/38 (37%),3/13 (23%),47%,13,18/42 (43%),14/26 (54%),2/3 (67%),73%,11,7,,2,,0,,,,,1
9652230,334,37498,SPECIAL_EVENT,GROUP,"EFL Trophy, Southern Group B",SUPER_CUP,6339,Sutton United,Visita,2ND,12/10/2021,,2,40%,0.00,,8,0,2,,157,10,9,1,,2,0,5,1,5,3,,,,,2,0,108,8,37,,9/34 (26%),4/9 (44%),61%,4,21/35 (60%),16/26 (62%),3/3 (100%),70%,10,2,,7,,0,,,,,4
9590975,25,37156,NORMAL,REGULAR,Round 12,LEAGUE,4875,Crawley Town,Local,ALL,16/10/2021,12,0,56%,0.00,1,7,5,6,16,411,15,11,2,,4,0,0,3,5,2,,1,1,,2,3,260,43,105,,38/102 (37%),1/15 (7%),43%,16,27/65 (42%),25/55 (45%),1/6 (17%),60%,15,7,,30,,5,,,,,8
9590975,25,37156,NORMAL,REGULAR,Round 12,LEAGUE,4875,Crawley Town,Local,1ST,16/10/2021,12,0,58%,0.00,0,2,3,3,,200,8,4,1,,1,0,0,1,1,1,,0,0,,1,1,122,21,49,,18/50 (36%),0/9 (0%),56%,6,13/25 (52%),17/29 (59%),1/1 (100%),63%,8,3,,14,,3,,,,,6
9590975,25,37156,NORMAL,REGULAR,Round 12,LEAGUE,4875,Crawley Town,Local,2ND,16/10/2021,12,0,55%,0.00,1,5,2,3,,211,7,7,1,,3,0,0,2,4,1,,1,1,,1,2,138,22,56,,20/52 (38%),1/6 (17%),33%,10,14/40 (35%),8/26 (31%),0/5 (0%),57%,7,4,,16,,2,,,,,2
9590975,25,37156,NORMAL,REGULAR,Round 12,LEAGUE,6339,Sutton United,Visita,ALL,16/10/2021,12,1,44%,0.00,0,13,4,7,11,312,21,14,4,,6,0,2,5,8,5,,0,0,,1,0,169,25,85,,34/91 (37%),6/17 (35%),57%,11,38/65 (58%),30/55 (55%),4/8 (50%),76%,21,12,,24,,4,,,,,2
9590975,25,37156,NORMAL,REGULAR,Round 12,LEAGUE,6339,Sutton United,Visita,1ST,16/10/2021,12,0,42%,0.00,0,6,1,2,,143,6,5,0,,3,0,1,2,2,4,,0,0,,1,0,79,20,40,,15/40 (38%),3/8 (38%),44%,6,12/25 (48%),12/29 (41%),1/3 (33%),100%,6,8,,9,,1,,,,,2
9590975,25,37156,NORMAL,REGULAR,Round 12,LEAGUE,6339,Sutton United,Visita,2ND,16/10/2021,12,1,45%,0.00,0,7,3,5,,169,15,9,4,,3,0,1,3,6,1,,0,0,,0,0,90,5,45,,19/51 (37%),3/9 (33%),67%,5,26/40 (65%),18/26 (69%),3/5 (60%),67%,15,4,,15,,3,,,,,0
9590893,25,37156,NORMAL,REGULAR,Round 13,LEAGUE,6339,Sutton United,Local,ALL,19/10/2021,13,1,47%,0.00,2,7,5,4,10,328,16,14,3,,3,0,3,1,5,2,1,1,0,,5,0,210,32,92,,44/94 (47%),3/20 (15%),55%,13,36/74 (49%),25/36 (69%),7/15 (47%),81%,16,10,,10,,5,,,,,6
9590893,25,37156,NORMAL,REGULAR,Round 13,LEAGUE,6339,Sutton United,Local,1ST,19/10/2021,13,1,42%,0.00,1,2,3,1,,147,5,9,1,,1,0,1,0,2,0,1,0,0,,1,0,86,13,44,,22/51 (43%),0/7 (0%),55%,4,13/29 (45%),14/20 (70%),0/2 (0%),80%,5,3,,6,,3,,,,,1
9590893,25,37156,NORMAL,REGULAR,Round 13,LEAGUE,6339,Sutton United,Local,2ND,19/10/2021,13,0,53%,0.00,1,5,2,3,,181,11,5,2,,2,0,2,1,3,2,0,1,0,,4,0,124,19,48,,22/43 (51%),3/13 (23%),56%,9,23/45 (51%),11/16 (69%),7/13 (54%),82%,11,7,,4,,2,,,,,5
9590893,25,37156,NORMAL,REGULAR,Round 13,LEAGUE,53,Swindon Town,Visita,ALL,19/10/2021,13,2,53%,0.00,2,16,2,4,16,372,21,10,2,,7,1,3,6,8,8,0,2,2,,1,1,257,25,61,,32/94 (34%),0/9 (0%),45%,8,38/74 (51%),11/36 (31%),7/15 (47%),57%,21,8,,19,,2,,,,,14
9590893,25,37156,NORMAL,REGULAR,Round 13,LEAGUE,53,Swindon Town,Visita,1ST,19/10/2021,13,2,58%,0.00,1,12,0,3,,201,6,5,0,,5,1,2,5,6,6,0,1,0,,1,1,146,10,31,,20/47 (43%),0/7 (0%),45%,3,16/29 (55%),6/20 (30%),5/7 (71%),67%,6,4,,7,,0,,,,,7
9590893,25,37156,NORMAL,REGULAR,Round 13,LEAGUE,53,Swindon Town,Visita,2ND,19/10/2021,13,0,47%,0.00,1,4,2,1,,171,15,5,2,,2,0,1,1,2,2,0,1,2,,0,0,111,15,30,,12/47 (26%),0/2 (0%),44%,5,22/45 (49%),5/16 (31%),2/8 (25%),53%,15,4,,12,,2,,,,,7
9590895,25,37156,NORMAL,REGULAR,Round 14,LEAGUE,103,Rochdale,Local,ALL,23/10/2021,14,3,63%,0.00,3,23,3,10,5,557,8,7,,0,10,0,9,4,11,12,1,2,,,1,2,470,18,70,,39/71 (55%),8/24 (33%),46%,6,21/41 (51%),12/31 (39%),6/12 (50%),63%,8,6,,24,,3,,,,,5
9590895,25,37156,NORMAL,REGULAR,Round 14,LEAGUE,103,Rochdale,Local,1ST,23/10/2021,14,1,56%,0.00,2,12,2,7,,230,4,4,,0,3,0,6,3,6,6,1,1,,,0,0,186,6,33,,21/40 (53%),5/14 (36%),49%,3,12/21 (57%),9/22 (41%),4/7 (57%),25%,4,2,,12,,2,,,,,3
9590895,25,37156,NORMAL,REGULAR,Round 14,LEAGUE,103,Rochdale,Local,2ND,23/10/2021,14,2,70%,0.00,1,11,1,3,,327,4,3,,0,7,0,3,1,5,6,0,1,,,1,2,284,12,37,,18/31 (58%),3/10 (30%),41%,3,9/20 (45%),3/9 (33%),2/5 (40%),100%,4,4,,12,,1,,,,,2
9590895,25,37156,NORMAL,REGULAR,Round 14,LEAGUE,6339,Sutton United,Visita,ALL,23/10/2021,14,2,37%,0.00,2,10,7,4,7,327,12,5,,1,5,0,3,2,9,1,2,0,,,0,1,220,24,74,,40/91 (44%),3/11 (27%),54%,6,20/41 (49%),19/31 (61%),3/5 (60%),50%,12,11,,23,,7,,,,,14
9590895,25,37156,NORMAL,REGULAR,Round 14,LEAGUE,6339,Sutton United,Visita,1ST,23/10/2021,14,0,44%,0.00,0,5,2,1,,189,6,2,,1,2,0,2,1,5,0,0,0,,,0,0,133,12,48,,18/44 (41%),1/6 (17%),51%,3,9/21 (43%),13/22 (59%),1/2 (50%),83%,6,6,,11,,2,,,,,7
9590895,25,37156,NORMAL,REGULAR,Round 14,LEAGUE,6339,Sutton United,Visita,2ND,23/10/2021,14,2,30%,0.00,2,5,5,3,,138,6,3,,0,3,0,1,1,4,1,2,0,,,0,1,87,12,26,,22/47 (47%),2/5 (40%),59%,3,11/20 (55%),6/9 (67%),2/3 (67%),17%,6,5,,12,,5,,,,,7
9809764,25,37156,NORMAL,REGULAR,Round 6,LEAGUE,66,Colchester United,Local,ALL,26/10/2021,6,1,47%,0.00,0,9,2,3,9,357,10,11,3,1,2,1,3,4,5,4,0,0,,,6,2,230,26,57,,18/81 (22%),4/14 (29%),51%,3,28/44 (64%),26/61 (43%),7/11 (64%),40%,10,4,,17,,2,,,,,12
9809764,25,37156,NORMAL,REGULAR,Round 6,LEAGUE,66,Colchester United,Local,1ST,26/10/2021,6,1,43%,0.00,0,3,2,1,,176,3,5,1,1,1,0,0,2,3,0,0,0,,,3,0,109,10,31,,8/43 (19%),3/7 (43%),49%,1,11/19 (58%),17/38 (45%),3/5 (60%),67%,3,2,,11,,2,,,,,7
9809764,25,37156,NORMAL,REGULAR,Round 6,LEAGUE,66,Colchester United,Local,2ND,26/10/2021,6,0,52%,0.00,0,6,0,2,,181,7,6,2,0,1,1,3,2,2,4,0,0,,,3,2,121,16,26,,10/38 (26%),1/7 (14%),54%,2,17/25 (68%),9/23 (39%),4/6 (67%),29%,7,2,,6,,0,,,,,5
9809764,25,37156,NORMAL,REGULAR,Round 6,LEAGUE,6339,Sutton United,Visita,ALL,26/10/2021,6,3,53%,0.00,3,18,1,6,11,408,7,7,1,0,5,0,8,5,12,6,2,1,,,4,2,300,18,65,,34/84 (40%),5/15 (33%),49%,5,16/44 (36%),35/61 (57%),2/7 (29%),43%,7,4,,9,,1,,,,,4
9809764,25,37156,NORMAL,REGULAR,Round 6,LEAGUE,6339,Sutton United,Visita,1ST,26/10/2021,6,2,57%,0.00,3,12,0,4,,234,3,4,0,0,4,0,4,4,7,5,2,1,,,2,1,183,11,36,,19/42 (45%),3/12 (25%),51%,1,8/19 (42%),21/38 (55%),1/3 (33%),33%,3,2,,1,,0,,,,,1
9809764,25,37156,NORMAL,REGULAR,Round 6,LEAGUE,6339,Sutton United,Visita,2ND,26/10/2021,6,1,48%,0.00,0,6,1,2,,174,4,3,1,0,1,0,4,1,5,1,0,0,,,2,1,117,7,29,,15/42 (36%),2/3 (67%),46%,4,8/25 (32%),14/23 (61%),1/4 (25%),50%,4,2,,8,,1,,,,,3
9590885,25,37156,NORMAL,REGULAR,Round 15,LEAGUE,6339,Sutton United,Local,ALL,30/10/2021,15,0,55%,0.00,,13,1,4,11,381,11,10,0,,3,1,6,4,7,6,,,,,2,0,260,41,95,,37/96 (39%),4/25 (16%),48%,15,28/64 (44%),24/45 (53%),7/12 (58%),82%,11,5,,15,,1,,,,,9
9590885,25,37156,NORMAL,REGULAR,Round 15,LEAGUE,6339,Sutton United,Local,1ST,30/10/2021,15,0,49%,0.00,,6,1,3,,162,2,4,0,,1,0,4,1,3,3,,,,,0,0,108,18,45,,13/40 (33%),3/10 (30%),50%,5,11/21 (52%),12/25 (48%),5/6 (83%),100%,2,3,,14,,1,,,,,2
9590885,25,37156,NORMAL,REGULAR,Round 15,LEAGUE,6339,Sutton United,Local,2ND,30/10/2021,15,0,60%,0.00,,7,0,1,,219,9,6,0,,2,1,2,3,4,3,,,,,2,0,152,23,50,,24/56 (43%),1/15 (7%),46%,10,17/43 (40%),12/20 (60%),2/6 (33%),78%,9,2,,1,,0,,,,,7
9590885,25,37156,NORMAL,REGULAR,Round 15,LEAGUE,26,Walsall,Visita,ALL,30/10/2021,15,1,45%,0.00,,5,2,3,10,318,20,11,2,,2,0,3,0,2,3,,,,,2,1,189,19,70,,24/90 (27%),2/11 (18%),52%,8,36/64 (56%),21/45 (47%),5/8 (63%),70%,20,3,,20,,2,,,,,13
9590885,25,37156,NORMAL,REGULAR,Round 15,LEAGUE,26,Walsall,Visita,1ST,30/10/2021,15,0,51%,0.00,,3,0,3,,164,6,4,1,,1,0,2,0,2,1,,,,,1,1,105,13,34,,11/41 (27%),1/8 (13%),50%,2,10/21 (48%),13/25 (52%),0/0 (0%),67%,6,2,,7,,0,,,,,8
9590885,25,37156,NORMAL,REGULAR,Round 15,LEAGUE,26,Walsall,Visita,2ND,30/10/2021,15,1,40%,0.00,,2,2,0,,154,14,7,1,,1,0,1,0,0,2,,,,,1,0,84,6,36,,13/49 (27%),1/3 (33%),54%,6,26/43 (60%),8/20 (40%),5/8 (63%),71%,14,1,,13,,2,,,,,5
9652231,334,37498,SPECIAL_EVENT,GROUP,"EFL Trophy, Southern Group B",SUPER_CUP,6339,Sutton United,Local,ALL,09/11/2021,,1,40%,0.00,1,18,1,2,10,303,14,9,0,,5,1,11,2,11,7,,1,,,1,0,197,33,82,,39/77 (51%),7/23 (30%),57%,9,27/50 (54%),33/55 (60%),4/6 (67%),50%,14,9,,22,,1,,,,,8
9652231,334,37498,SPECIAL_EVENT,GROUP,"EFL Trophy, Southern Group B",SUPER_CUP,6339,Sutton United,Local,1ST,09/11/2021,,0,38%,0.00,0,11,1,2,,154,6,6,0,,3,1,7,1,7,4,,0,,,1,0,102,12,38,,24/38 (63%),4/12 (33%),67%,3,12/20 (60%),16/22 (73%),0/1 (0%),33%,6,3,,7,,1,,,,,4
9652231,334,37498,SPECIAL_EVENT,GROUP,"EFL Trophy, Southern Group B",SUPER_CUP,6339,Sutton United,Local,2ND,09/11/2021,,1,42%,0.00,1,7,0,0,,149,8,3,0,,2,0,4,1,4,3,,1,,,0,0,95,21,44,,15/39 (38%),3/11 (27%),51%,6,15/30 (50%),17/33 (52%),4/5 (80%),63%,8,6,,15,,0,,,,,4
9652231,334,37498,SPECIAL_EVENT,GROUP,"EFL Trophy, Southern Group B",SUPER_CUP,23957,AFC Wimbledon,Visita,ALL,09/11/2021,,0,60%,0.00,2,7,4,4,9,460,11,9,1,,1,0,4,2,4,3,,2,,,0,1,352,28,65,,32/83 (39%),2/24 (8%),43%,5,23/50 (46%),22/55 (40%),3/12 (25%),55%,11,5,,39,,4,,,,,10
9652231,334,37498,SPECIAL_EVENT,GROUP,"EFL Trophy, Southern Group B",SUPER_CUP,23957,AFC Wimbledon,Visita,1ST,09/11/2021,,0,62%,0.00,1,3,3,3,,257,4,4,0,,1,0,2,0,1,2,,1,,,0,1,213,8,38,,22/47 (47%),0/9 (0%),33%,2,8/20 (40%),6/22 (27%),0/4 (0%),50%,4,3,,18,,3,,,,,6
9652231,334,37498,SPECIAL_EVENT,GROUP,"EFL Trophy, Southern Group B",SUPER_CUP,23957,AFC Wimbledon,Visita,2ND,09/11/2021,,0,58%,0.00,1,4,1,1,,203,7,5,1,,0,0,2,2,3,1,,1,,,0,0,139,20,27,,10/36 (28%),2/15 (13%),49%,3,15/30 (50%),16/33 (48%),3/8 (38%),57%,7,2,,21,,1,,,,,4
9591314,25,37156,NORMAL,REGULAR,Round 16,LEAGUE,51,Tranmere Rovers,Local,ALL,13/11/2021,16,0,65%,0.00,0,14,1,9,5,473,13,7,2,,1,0,5,8,8,6,0,,,,0,2,337,28,86,,30/90 (33%),5/32 (16%),48%,4,23/43 (53%),28/64 (44%),3/6 (50%),69%,13,3,,32,,1,,,,,7
9591314,25,37156,NORMAL,REGULAR,Round 16,LEAGUE,51,Tranmere Rovers,Local,1ST,13/11/2021,16,0,63%,0.00,0,3,1,4,,215,5,2,1,,0,0,3,0,2,1,0,,,,0,2,158,11,29,,13/39 (33%),2/13 (15%),42%,1,8/19 (42%),11/26 (42%),1/2 (50%),80%,5,1,,28,,1,,,,,3
9591314,25,37156,NORMAL,REGULAR,Round 16,LEAGUE,51,Tranmere Rovers,Local,2ND,13/11/2021,16,0,66%,0.00,0,11,0,5,,258,8,5,1,,1,0,2,8,6,5,0,,,,0,0,179,17,57,,17/51 (33%),3/19 (16%),52%,3,15/24 (63%),17/38 (45%),2/4 (50%),63%,8,2,,4,,0,,,,,4
9591314,25,37156,NORMAL,REGULAR,Round 16,LEAGUE,6339,Sutton United,Visita,ALL,13/11/2021,16,1,35%,0.00,1,17,1,5,8,265,7,4,2,,3,1,5,9,10,7,1,,,,3,1,134,30,74,,19/76 (25%),4/14 (29%),52%,10,20/43 (47%),36/64 (56%),9/12 (75%),71%,7,12,,40,,1,,,,,10
9591314,25,37156,NORMAL,REGULAR,Round 16,LEAGUE,6339,Sutton United,Visita,1ST,13/11/2021,16,0,37%,0.00,0,9,0,3,,124,2,2,0,,1,1,3,5,6,3,0,,,,2,0,69,22,34,,6/28 (21%),4/11 (36%),58%,4,11/19 (58%),15/26 (58%),7/8 (88%),50%,2,7,,14,,0,,,,,4
9591314,25,37156,NORMAL,REGULAR,Round 16,LEAGUE,6339,Sutton United,Visita,2ND,13/11/2021,16,1,34%,0.00,1,8,1,2,,141,5,2,2,,2,0,2,4,4,4,1,,,,1,1,65,8,40,,13/48 (27%),0/3 (0%),48%,6,9/24 (38%),21/38 (55%),2/4 (50%),80%,5,5,,26,,1,,,,,6
9591453,25,37156,NORMAL,REGULAR,Round 17,LEAGUE,83,Leyton Orient,Local,ALL,20/11/2021,17,4,58%,0.00,5,19,3,7,10,348,17,11,1,,4,2,13,2,15,4,2,3,,,2,0,209,31,85,,31/81 (38%),2/20 (10%),51%,9,34/64 (53%),33/67 (49%),6/13 (46%),59%,17,8,,22,,3,,,,,6
9591453,25,37156,NORMAL,REGULAR,Round 17,LEAGUE,83,Leyton Orient,Local,1ST,20/11/2021,17,1,62%,0.00,2,6,0,4,,194,6,4,0,,1,0,5,0,5,1,1,1,,,0,0,123,18,42,,14/42 (33%),0/12 (0%),54%,3,13/26 (50%),23/41 (56%),3/6 (50%),67%,6,3,,7,,0,,,,,3
9591453,25,37156,NORMAL,REGULAR,Round 17,LEAGUE,83,Leyton Orient,Local,2ND,20/11/2021,17,3,53%,0.00,3,13,3,3,,154,11,7,1,,3,2,8,2,10,3,1,2,,,2,0,86,13,43,,17/39 (44%),2/8 (25%),48%,6,21/38 (55%),10/26 (38%),3/7 (43%),55%,11,5,,15,,3,,,,,3
9591453,25,37156,NORMAL,REGULAR,Round 17,LEAGUE,6339,Sutton United,Visita,ALL,20/11/2021,17,1,42%,0.00,1,10,0,6,11,255,16,10,2,,4,1,4,2,7,3,0,1,,,2,1,118,23,54,,23/80 (29%),2/11 (18%),49%,10,30/64 (47%),34/67 (51%),5/12 (42%),63%,16,7,,26,,0,,,,,16
9591453,25,37156,NORMAL,REGULAR,Round 17,LEAGUE,6339,Sutton United,Visita,1ST,20/11/2021,17,1,38%,0.00,0,5,0,4,,117,6,5,0,,1,1,3,1,4,1,0,0,,,1,1,53,12,23,,11/37 (30%),2/8 (25%),46%,3,13/26 (50%),18/41 (44%),3/6 (50%),67%,6,6,,16,,0,,,,,8
9591453,25,37156,NORMAL,REGULAR,Round 17,LEAGUE,6339,Sutton United,Visita,2ND,20/11/2021,17,0,47%,0.00,1,5,0,2,,138,10,5,2,,3,0,1,1,3,2,0,1,,,1,0,65,11,31,,12/43 (28%),0/3 (0%),52%,7,17/38 (45%),16/26 (62%),2/6 (33%),60%,10,1,,10,,0,,,,,8
9591233,25,37156,NORMAL,REGULAR,Round 18,LEAGUE,6339,Sutton United,Local,ALL,23/11/2021,18,2,42%,0.00,0,12,2,2,16,283,20,17,0,,4,0,5,3,7,5,,0,,,4,5,146,34,74,,38/96 (40%),1/12 (8%),53%,10,41/72 (57%),44/89 (49%),6/8 (75%),70%,20,14,,24,,2,,,,,7
9591233,25,37156,NORMAL,REGULAR,Round 18,LEAGUE,6339,Sutton United,Local,1ST,23/11/2021,18,1,42%,0.00,0,4,1,2,,128,12,9,0,,2,0,1,1,3,1,,0,,,2,3,63,18,35,,14/41 (34%),1/9 (11%),52%,2,21/33 (64%),24/54 (44%),1/2 (50%),67%,12,10,,9,,1,,,,,2
9591233,25,37156,NORMAL,REGULAR,Round 18,LEAGUE,6339,Sutton United,Local,2ND,23/11/2021,18,1,41%,0.00,0,8,1,0,,155,8,8,0,,2,0,4,2,4,4,,0,,,2,2,83,16,39,,24/55 (44%),0/3 (0%),54%,8,20/39 (51%),20/35 (57%),5/6 (83%),75%,8,4,,15,,1,,,,,5
9591233,25,37156,NORMAL,REGULAR,Round 18,LEAGUE,70,Mansfield Town,Visita,ALL,23/11/2021,18,0,58%,0.00,1,14,1,5,17,385,12,15,3,,3,0,7,4,8,6,,1,,,3,0,236,32,112,,29/94 (31%),4/21 (19%),47%,10,31/72 (43%),45/89 (51%),5/15 (33%),67%,12,5,,28,,1,,,,,9
9591233,25,37156,NORMAL,REGULAR,Round 18,LEAGUE,70,Mansfield Town,Visita,1ST,23/11/2021,18,0,58%,0.00,1,6,1,1,,177,3,8,2,,2,0,3,1,4,2,,1,,,1,0,100,17,63,,10/44 (23%),2/8 (25%),48%,7,12/33 (36%),30/54 (56%),2/7 (29%),100%,3,3,,15,,1,,,,,3
9591233,25,37156,NORMAL,REGULAR,Round 18,LEAGUE,70,Mansfield Town,Visita,2ND,23/11/2021,18,0,59%,0.00,0,8,0,4,,208,9,7,1,,1,0,4,3,4,4,,0,,,2,0,136,15,49,,19/50 (38%),2/13 (15%),46%,3,19/39 (49%),15/35 (43%),3/8 (38%),56%,9,2,,13,,0,,,,,6
9591594,25,37156,NORMAL,REGULAR,Round 19,LEAGUE,6339,Sutton United,Local,ALL,27/11/2021,19,1,35%,0.00,0,10,3,1,14,270,17,10,4,,3,0,4,3,5,5,,0,0,,4,0,175,30,69,,33/77 (43%),3/9 (33%),55%,10,31/58 (53%),21/37 (57%),4/6 (67%),65%,17,7,,21,,3,,,,,7
9591594,25,37156,NORMAL,REGULAR,Round 19,LEAGUE,6339,Sutton United,Local,1ST,27/11/2021,19,1,33%,0.00,0,5,1,1,,132,8,4,1,,1,0,2,2,5,0,,0,0,,0,0,90,18,34,,16/33 (48%),1/2 (50%),53%,6,14/28 (50%),13/23 (57%),2/4 (50%),63%,8,4,,9,,1,,,,,4
9591594,25,37156,NORMAL,REGULAR,Round 19,LEAGUE,6339,Sutton United,Local,2ND,27/11/2021,19,0,38%,0.00,0,5,2,0,,138,9,6,3,,2,0,2,1,0,5,,0,0,,4,0,85,12,35,,17/44 (39%),2/7 (29%),57%,4,17/30 (57%),8/14 (57%),2/2 (100%),67%,9,3,,12,,2,,,,,3
9591594,25,37156,NORMAL,REGULAR,Round 19,LEAGUE,97,Barrow AFC,Visita,ALL,27/11/2021,19,0,65%,0.00,2,14,2,15,12,489,12,14,2,,3,1,7,4,9,5,,2,2,,1,1,379,24,71,,42/93 (45%),8/28 (29%),45%,13,27/58 (47%),16/37 (43%),1/5 (20%),75%,12,5,,10,,2,,,,,14
9591594,25,37156,NORMAL,REGULAR,Round 19,LEAGUE,97,Barrow AFC,Visita,1ST,27/11/2021,19,0,67%,0.00,2,5,0,7,,260,8,6,1,,1,0,3,1,3,2,,2,2,,0,0,202,11,33,,21/52 (40%),4/16 (25%),47%,6,14/28 (50%),10/23 (43%),0/2 (0%),63%,8,2,,1,,0,,,,,5
9591594,25,37156,NORMAL,REGULAR,Round 19,LEAGUE,97,Barrow AFC,Visita,2ND,27/11/2021,19,0,62%,0.00,0,9,2,8,,229,4,8,1,,2,1,4,3,6,3,,0,0,,1,1,177,13,38,,21/41 (51%),4/12 (33%),43%,7,13/30 (43%),6/14 (43%),1/3 (33%),100%,4,3,,9,,2,,,,,9
9961510,334,37498,SPECIAL_EVENT,PLAYOFF,Round 2,SUPER_CUP,6339,Sutton United,Local,ALL,30/11/2021,8,0,43%,0.00,,8,3,4,12,308,25,8,1,,2,0,6,0,1,7,,,,,4,1,200,32,64,,27/77 (35%),3/15 (20%),50%,17,38/77 (49%),29/57 (51%),6/10 (60%),32%,25,9,,16,,3,,,,,10
9961510,334,37498,SPECIAL_EVENT,PLAYOFF,Round 2,SUPER_CUP,6339,Sutton United,Local,1ST,30/11/2021,8,0,44%,0.00,,7,1,3,,148,13,6,0,,2,0,5,0,1,6,,,,,4,0,94,21,37,,9/33 (27%),3/10 (30%),57%,10,24/42 (57%),19/34 (56%),5/7 (71%),31%,13,5,,9,,1,,,,,3
9961510,334,37498,SPECIAL_EVENT,PLAYOFF,Round 2,SUPER_CUP,6339,Sutton United,Local,2ND,30/11/2021,8,0,42%,0.00,,1,2,1,,160,12,2,1,,0,0,1,0,0,1,,,,,0,1,106,11,27,,18/44 (41%),0/5 (0%),41%,7,14/35 (40%),10/23 (43%),1/3 (33%),33%,12,4,,7,,2,,,,,7
9961510,334,37498,SPECIAL_EVENT,PLAYOFF,Round 2,SUPER_CUP,133,Stevenage,Visita,ALL,30/11/2021,8,0,57%,0.00,,9,2,7,8,408,21,12,4,,3,0,4,2,5,4,,,,,1,1,271,25,71,,27/87 (31%),1/15 (7%),50%,15,39/77 (51%),28/57 (49%),7/17 (41%),57%,21,8,,24,,2,,,,,13
9961510,334,37498,SPECIAL_EVENT,PLAYOFF,Round 2,SUPER_CUP,133,Stevenage,Visita,1ST,30/11/2021,8,0,56%,0.00,,5,2,4,,188,12,4,2,,1,0,3,1,3,2,,,,,0,0,117,13,36,,18/50 (36%),1/10 (10%),43%,8,18/42 (43%),15/34 (44%),2/7 (29%),58%,12,4,,13,,2,,,,,8
9961510,334,37498,SPECIAL_EVENT,PLAYOFF,Round 2,SUPER_CUP,133,Stevenage,Visita,2ND,30/11/2021,8,0,58%,0.00,,4,0,3,,220,9,8,2,,2,0,1,1,2,2,,,,,1,1,154,12,35,,9/37 (24%),0/5 (0%),59%,7,21/35 (60%),13/23 (57%),5/10 (50%),56%,9,4,,11,,0,,,,,5
9962309,19,39384,NORMAL,REGULAR,Round 2,CUP,76,Bristol Rovers,Local,ALL,04/12/2021,2,2,,,,2,,5,,,,,2,0,2,,,,,,,,,,,,,,,,,,,,,,,,,,,,,,,,,,
9962309,19,39384,NORMAL,REGULAR,Round 2,CUP,76,Bristol Rovers,Local,1ST,04/12/2021,2,,,,,,,,,,,,,,,,,,,,,,,,,,,,,,,,,,,,,,,,,,,,,,,,
9962309,19,39384,NORMAL,REGULAR,Round 2,CUP,76,Bristol Rovers,Local,2ND,04/12/2021,2,,,,,,,,,,,,,,,,,,,,,,,,,,,,,,,,,,,,,,,,,,,,,,,,
9962309,19,39384,NORMAL,REGULAR,Round 2,CUP,6339,Sutton United,Visita,ALL,04/12/2021,2,1,,,,1,,6,,,,,2,0,1,,,,,,,,,,,,,,,,,,,,,,,,,,,,,,,,,,
9962309,19,39384,NORMAL,REGULAR,Round 2,CUP,6339,Sutton United,Visita,1ST,04/12/2021,2,,,,,,,,,,,,,,,,,,,,,,,,,,,,,,,,,,,,,,,,,,,,,,,,
9962309,19,39384,NORMAL,REGULAR,Round 2,CUP,6339,Sutton United,Visita,2ND,04/12/2021,2,,,,,,,,,,,,,,,,,,,,,,,,,,,,,,,,,,,,,,,,,,,,,,,,
9591601,25,37156,NORMAL,REGULAR,Round 20,LEAGUE,79,Newport County,Local,ALL,07/12/2021,20,3,75%,0.00,2,28,0,9,10,578,17,8,0,0,6,0,11,11,20,8,1,1,,,3,3,470,30,110,,30/65 (46%),11/42 (26%),63%,2,32/53 (60%),25/38 (66%),7/9 (78%),65%,17,6,,11,,0,,,,,2
9591601,25,37156,NORMAL,REGULAR,Round 20,LEAGUE,79,Newport County,Local,1ST,07/12/2021,20,0,70%,0.00,1,14,0,4,,256,10,4,0,0,1,0,6,7,9,5,0,1,,,1,1,190,14,51,,15/35 (43%),4/19 (21%),66%,2,19/32 (59%),21/29 (72%),5/7 (71%),60%,10,3,,8,,0,,,,,0
9591601,25,37156,NORMAL,REGULAR,Round 20,LEAGUE,79,Newport County,Local,2ND,07/12/2021,20,3,80%,0.00,1,14,0,5,,322,7,4,0,0,5,0,5,4,11,3,1,0,,,2,2,280,16,59,,15/30 (50%),7/23 (30%),57%,0,13/21 (62%),4/9 (44%),2/2 (100%),71%,7,3,,3,,0,,,,,2
9591601,25,37156,NORMAL,REGULAR,Round 20,LEAGUE,6339,Sutton United,Visita,ALL,07/12/2021,20,2,25%,0.00,1,4,3,2,8,193,4,9,1,1,2,0,0,2,4,0,1,0,,,2,0,98,19,63,,19/74 (26%),0/9 (0%),37%,6,21/53 (40%),13/38 (34%),8/19 (42%),75%,4,11,,42,,3,,,,,13
9591601,25,37156,NORMAL,REGULAR,Round 20,LEAGUE,6339,Sutton United,Visita,1ST,07/12/2021,20,2,30%,0.00,1,3,1,2,,112,4,5,0,1,2,0,0,1,3,0,1,0,,,1,0,61,12,36,,11/37 (30%),0/5 (0%),34%,4,13/32 (41%),8/29 (28%),4/10 (40%),75%,4,5,,25,,1,,,,,5
9591601,25,37156,NORMAL,REGULAR,Round 20,LEAGUE,6339,Sutton United,Visita,2ND,07/12/2021,20,0,20%,0.00,0,1,2,0,,81,0,4,1,0,0,0,0,1,1,0,0,0,,,1,0,37,7,27,,8/37 (22%),0/4 (0%),43%,2,8/21 (38%),5/9 (56%),4/9 (44%),0%,0,6,,17,,2,,,,,8
9591617,25,37156,NORMAL,REGULAR,Round 21,LEAGUE,22,Bradford City,Local,ALL,11/12/2021,21,2,42%,0.00,1,11,3,5,14,286,18,9,3,1,4,0,6,1,7,4,1,0,,,2,,189,19,63,,28/64 (44%),5/24 (21%),48%,12,33/72 (46%),31/62 (50%),6/12 (50%),56%,18,8,,33,,3,,,,,9
9591617,25,37156,NORMAL,REGULAR,Round 21,LEAGUE,22,Bradford City,Local,1ST,11/12/2021,21,1,49%,0.00,0,9,1,4,,144,9,4,1,1,2,0,6,1,5,4,0,0,,,1,,90,9,25,,17/36 (47%),3/14 (21%),53%,5,17/34 (50%),22/40 (55%),4/5 (80%),67%,9,7,,16,,1,,,,,5
9591617,25,37156,NORMAL,REGULAR,Round 21,LEAGUE,22,Bradford City,Local,2ND,11/12/2021,21,1,37%,0.00,1,2,2,1,,142,9,5,2,0,2,0,0,0,2,0,1,0,,,1,,99,10,38,,11/28 (39%),2/10 (20%),42%,7,16/38 (42%),9/22 (41%),2/7 (29%),44%,9,1,,17,,2,,,,,4
9591617,25,37156,NORMAL,REGULAR,Round 21,LEAGUE,6339,Sutton United,Visita,ALL,11/12/2021,21,2,58%,0.00,4,13,2,6,9,390,18,14,1,0,5,0,5,3,11,2,2,2,,,4,,288,25,81,,56/87 (64%),7/27 (26%),52%,11,39/72 (54%),31/62 (50%),7/14 (50%),61%,18,7,,26,,2,,,,,9
9591617,25,37156,NORMAL,REGULAR,Round 21,LEAGUE,6339,Sutton United,Visita,1ST,11/12/2021,21,1,51%,0.00,3,4,1,3,,155,6,7,1,0,2,0,2,0,3,1,1,2,,,1,,100,11,42,,20/39 (51%),2/11 (18%),47%,6,17/34 (50%),18/40 (45%),4/7 (57%),50%,6,4,,14,,1,,,,,6
9591617,25,37156,NORMAL,REGULAR,Round 21,LEAGUE,6339,Sutton United,Visita,2ND,11/12/2021,21,1,63%,0.00,1,9,1,3,,235,12,7,0,0,3,0,3,3,8,1,1,0,,,3,,188,14,39,,36/48 (75%),5/16 (31%),58%,5,22/38 (58%),13/22 (59%),3/7 (43%),67%,12,3,,12,,1,,,,,3
9591513,25,37156,NORMAL,REGULAR,Round 22,LEAGUE,6339,Sutton United,Local,ALL,18/12/2021,22,1,40%,0.00,2,6,4,1,11,329,12,12,2,,2,0,4,0,4,2,1,1,1,,3,0,164,30,92,,30/105 (29%),2/6 (33%),47%,14,27/61 (44%),34/70 (49%),4/8 (50%),75%,12,13,,25,,4,,,,,10
9591513,25,37156,NORMAL,REGULAR,Round 22,LEAGUE,6339,Sutton United,Local,1ST,18/12/2021,22,1,45%,0.00,1,1,0,0,,186,5,5,1,,1,0,0,0,1,0,1,0,1,,1,0,92,17,50,,16/54 (30%),2/3 (67%),49%,5,11/25 (44%),16/30 (53%),2/5 (40%),100%,5,7,,7,,0,,,,,6
9591513,25,37156,NORMAL,REGULAR,Round 22,LEAGUE,6339,Sutton United,Local,2ND,18/12/2021,22,0,36%,0.00,1,5,4,1,,143,7,7,1,,1,0,4,0,3,2,0,1,0,,2,0,72,13,42,,14/51 (27%),0/3 (0%),45%,9,16/36 (44%),18/40 (45%),2/3 (67%),57%,7,6,,18,,4,,,,,4
9591513,25,37156,NORMAL,REGULAR,Round 22,LEAGUE,159,Harrogate Town,Visita,ALL,18/12/2021,22,0,60%,0.00,0,15,1,6,13,471,18,11,1,,4,1,5,6,6,9,0,0,0,,3,1,300,35,106,,43/121 (36%),6/26 (23%),53%,8,34/61 (56%),36/70 (51%),6/10 (60%),61%,18,5,,14,,1,,,,,8
9591513,25,37156,NORMAL,REGULAR,Round 22,LEAGUE,159,Harrogate Town,Visita,1ST,18/12/2021,22,0,55%,0.00,0,4,0,1,,228,8,5,0,,0,0,3,1,1,3,0,0,0,,2,1,134,17,56,,19/65 (29%),1/7 (14%),51%,4,14/25 (56%),14/30 (47%),1/2 (50%),75%,8,2,,6,,0,,,,,3
9591513,25,37156,NORMAL,REGULAR,Round 22,LEAGUE,159,Harrogate Town,Visita,2ND,18/12/2021,22,0,64%,0.00,0,11,1,5,,243,10,6,1,,4,1,2,5,5,6,0,0,0,,1,0,166,18,50,,24/56 (43%),5/19 (26%),55%,4,20/36 (56%),22/40 (55%),5/8 (63%),50%,10,3,,8,,1,,,,,5
9591524,25,37156,NORMAL,REGULAR,Round 25,LEAGUE,6339,Sutton United,Local,ALL,01/01/2022,25,2,52%,0.00,2,12,1,5,10,346,16,7,1,,5,0,2,5,5,7,2,,,,2,1,206,27,77,,39/100 (39%),4/19 (21%),50%,15,31/69 (45%),40/72 (56%),8/15 (53%),63%,16,7,,15,,1,,,,,14
9591524,25,37156,NORMAL,REGULAR,Round 25,LEAGUE,6339,Sutton United,Local,1ST,01/01/2022,25,1,49%,0.00,1,5,1,3,,160,8,4,0,,3,0,1,1,2,3,1,,,,1,0,83,16,37,,19/48 (40%),3/9 (33%),53%,7,17/33 (52%),22/40 (55%),5/8 (63%),50%,8,5,,13,,1,,,,,6
9591524,25,37156,NORMAL,REGULAR,Round 25,LEAGUE,6339,Sutton United,Local,2ND,01/01/2022,25,1,55%,0.00,1,7,0,2,,186,8,3,1,,2,0,1,4,3,4,1,,,,1,1,123,11,40,,20/52 (38%),1/10 (10%),47%,8,14/36 (39%),18/32 (56%),3/7 (43%),75%,8,2,,2,,0,,,,,8
9591524,25,37156,NORMAL,REGULAR,Round 25,LEAGUE,86,Exeter City,Visita,ALL,01/01/2022,25,1,48%,0.00,1,9,2,1,8,330,22,10,0,,2,0,4,3,2,7,1,,,,0,3,182,26,96,,27/89 (30%),1/8 (13%),50%,9,38/69 (55%),32/72 (44%),7/14 (50%),59%,22,4,,31,,2,,,,,6
9591524,25,37156,NORMAL,REGULAR,Round 25,LEAGUE,86,Exeter City,Visita,1ST,01/01/2022,25,1,51%,0.00,1,4,2,1,,171,10,4,0,,2,0,2,0,1,3,1,,,,0,1,88,17,52,,16/46 (35%),0/5 (0%),47%,4,16/33 (48%),18/40 (45%),2/6 (33%),40%,10,2,,14,,2,,,,,3
9591524,25,37156,NORMAL,REGULAR,Round 25,LEAGUE,86,Exeter City,Visita,2ND,01/01/2022,25,0,45%,0.00,0,5,0,0,,159,12,6,0,,0,0,2,3,1,4,0,,,,0,2,94,9,44,,11/43 (26%),1/3 (33%),53%,5,22/36 (61%),14/32 (44%),5/8 (63%),75%,12,2,,17,,0,,,,,3
10013470,334,37498,SPECIAL_EVENT,PLAYOFF,Round 3,SUPER_CUP,6339,Sutton United,Local,ALL,04/01/2022,9,2,40%,0.00,1,16,5,4,10,333,14,6,1,,3,1,9,4,6,10,0,1,1,,2,2,220,26,93,,18/69 (26%),3/14 (21%),47%,11,25/50 (50%),13/31 (42%),5/6 (83%),64%,14,4,,20,,5,,,,,13
10013470,334,37498,SPECIAL_EVENT,PLAYOFF,Round 3,SUPER_CUP,6339,Sutton United,Local,1ST,04/01/2022,9,1,39%,0.00,1,8,2,1,,170,8,4,0,,2,1,3,3,2,6,0,1,0,,1,2,112,19,53,,9/34 (26%),0/6 (0%),44%,6,12/26 (46%),7/17 (41%),0/1 (0%),63%,8,4,,3,,2,,,,,4
10013470,334,37498,SPECIAL_EVENT,PLAYOFF,Round 3,SUPER_CUP,6339,Sutton United,Local,2ND,04/01/2022,9,1,41%,0.00,0,8,3,3,,163,6,2,1,,1,0,6,1,4,4,0,0,1,,1,0,108,7,40,,9/35 (26%),3/8 (38%),50%,5,13/24 (54%),6/14 (43%),5/5 (100%),67%,6,0,,17,,3,,,,,9
10013470,334,37498,SPECIAL_EVENT,PLAYOFF,Round 3,SUPER_CUP,66,Colchester United,Visita,ALL,04/01/2022,9,1,60%,0.00,3,20,2,2,6,500,12,9,3,,6,2,8,6,11,9,1,2,1,,2,1,376,24,70,,27/68 (40%),4/15 (27%),53%,8,25/50 (50%),18/31 (58%),4/10 (40%),67%,12,7,,18,,2,,,,,8
10013470,334,37498,SPECIAL_EVENT,PLAYOFF,Round 3,SUPER_CUP,66,Colchester United,Visita,1ST,04/01/2022,9,1,61%,0.00,1,6,2,1,,268,7,6,1,,3,0,1,2,4,2,1,0,1,,0,1,196,8,35,,12/35 (34%),1/4 (25%),56%,6,14/26 (54%),10/17 (59%),1/3 (33%),71%,7,2,,10,,2,,,,,4
10013470,334,37498,SPECIAL_EVENT,PLAYOFF,Round 3,SUPER_CUP,66,Colchester United,Visita,2ND,04/01/2022,9,0,59%,0.00,2,14,0,1,,232,5,3,2,,3,2,7,4,7,7,0,2,0,,2,0,180,16,35,,15/33 (45%),3/11 (27%),50%,2,11/24 (46%),8/14 (57%),3/7 (43%),60%,5,5,,8,,0,,,,,4
9591847,25,37156,NORMAL,REGULAR,Round 27,LEAGUE,133,Stevenage,Local,ALL,15/01/2022,27,3,50%,0.00,2,20,1,2,11,373,13,10,1,,8,0,7,5,15,5,1,1,2,,3,1,183,34,96,,21/92 (23%),3/15 (20%),52%,11,26/51 (51%),35/66 (53%),4/5 (80%),69%,13,7,,34,,1,,,,,9
9591847,25,37156,NORMAL,REGULAR,Round 27,LEAGUE,133,Stevenage,Local,1ST,15/01/2022,27,2,51%,0.00,1,10,0,1,,192,6,3,0,,4,0,3,3,8,2,0,1,2,,3,1,98,16,42,,15/46 (33%),2/5 (40%),56%,4,12/22 (55%),20/35 (57%),3/4 (75%),83%,6,4,,12,,0,,,,,6
9591847,25,37156,NORMAL,REGULAR,Round 27,LEAGUE,133,Stevenage,Local,2ND,15/01/2022,27,1,48%,0.00,1,10,1,1,,181,7,7,1,,4,0,4,2,7,3,1,0,0,,0,0,85,18,54,,6/46 (13%),1/10 (10%),48%,7,14/29 (48%),15/31 (48%),1/1 (100%),57%,7,3,,22,,1,,,,,3
9591847,25,37156,NORMAL,REGULAR,Round 27,LEAGUE,6339,Sutton United,Visita,ALL,15/01/2022,27,3,50%,0.00,2,11,5,2,10,379,12,11,0,,4,0,4,3,5,6,1,1,0,,3,0,194,36,91,,44/127 (35%),3/12 (25%),48%,12,25/51 (49%),31/66 (47%),2/3 (67%),58%,12,7,,24,,5,,,,,11
9591847,25,37156,NORMAL,REGULAR,Round 27,LEAGUE,6339,Sutton United,Visita,1ST,15/01/2022,27,0,49%,0.00,1,5,2,1,,179,5,5,0,,0,0,4,1,2,3,0,1,0,,2,0,93,17,37,,21/57 (37%),1/7 (14%),44%,5,10/22 (45%),15/35 (43%),0/1 (0%),60%,5,4,,5,,2,,,,,3
9591847,25,37156,NORMAL,REGULAR,Round 27,LEAGUE,6339,Sutton United,Visita,2ND,15/01/2022,27,3,52%,0.00,1,6,3,1,,200,7,6,0,,4,0,0,2,3,3,1,0,0,,1,0,101,19,54,,23/70 (33%),2/5 (40%),52%,7,15/29 (52%),16/31 (52%),2/2 (100%),57%,7,3,,19,,3,,,,,8
10056697,25,37156,NORMAL,REGULAR,Round 24,LEAGUE,6339,Sutton United,Local,ALL,18/01/2022,24,3,58%,0.00,2,12,3,1,9,356,8,17,3,,8,1,3,1,9,3,1,1,,,4,1,217,30,88,,37/107 (35%),4/22 (18%),47%,17,30/62 (48%),37/82 (45%),6/9 (67%),75%,8,4,,17,,3,,,,,5
10056697,25,37156,NORMAL,REGULAR,Round 24,LEAGUE,6339,Sutton United,Local,1ST,18/01/2022,24,1,61%,0.00,2,6,2,1,,201,5,7,1,,6,1,0,0,6,0,1,1,,,2,1,131,13,46,,18/51 (35%),3/13 (23%),41%,12,13/32 (41%),18/44 (41%),2/3 (67%),80%,5,3,,9,,2,,,,,3
10056697,25,37156,NORMAL,REGULAR,Round 24,LEAGUE,6339,Sutton United,Local,2ND,18/01/2022,24,2,54%,0.00,0,6,1,0,,155,3,10,2,,2,0,3,1,3,3,0,0,,,2,0,86,17,42,,19/56 (34%),1/9 (11%),53%,5,17/30 (57%),19/38 (50%),4/6 (67%),67%,3,1,,8,,1,,,,,2
10056697,25,37156,NORMAL,REGULAR,Round 24,LEAGUE,66,Colchester United,Visita,ALL,18/01/2022,24,2,42%,0.00,2,8,5,4,18,261,20,8,4,,5,0,1,2,6,2,1,1,,,1,0,121,30,81,,22/86 (26%),2/12 (17%),53%,6,32/62 (52%),45/82 (55%),4/6 (67%),60%,20,9,,41,,5,,,,,8
10056697,25,37156,NORMAL,REGULAR,Round 24,LEAGUE,66,Colchester United,Visita,1ST,18/01/2022,24,2,39%,0.00,2,5,5,0,,132,13,4,1,,4,0,0,1,4,1,1,1,,,1,0,51,15,35,,9/43 (21%),0/3 (0%),59%,5,19/32 (59%),26/44 (59%),2/2 (100%),54%,13,4,,17,,5,,,,,2
10056697,25,37156,NORMAL,REGULAR,Round 24,LEAGUE,66,Colchester United,Visita,2ND,18/01/2022,24,0,46%,0.00,0,3,0,4,,129,7,4,3,,1,0,1,1,2,1,0,0,,,0,0,70,15,46,,13/43 (30%),2/9 (22%),47%,1,13/30 (43%),19/38 (50%),2/4 (50%),71%,7,5,,24,,0,,,,,6
9591865,25,37156,NORMAL,REGULAR,Round 28,LEAGUE,6339,Sutton United,Local,ALL,22/01/2022,28,0,40%,0.00,1,12,3,3,7,310,10,12,0,1,5,0,4,3,6,6,,1,,,4,1,151,18,93,,25/103 (24%),5/13 (38%),59%,4,25/42 (60%),38/64 (59%),3/6 (50%),70%,10,6,,31,,3,,,,,5
9591865,25,37156,NORMAL,REGULAR,Round 28,LEAGUE,6339,Sutton United,Local,1ST,22/01/2022,28,0,42%,0.00,0,6,3,2,,158,6,5,0,0,2,0,2,2,3,3,,0,,,1,0,82,10,44,,10/55 (18%),2/9 (22%),64%,1,13/19 (68%),17/28 (61%),2/4 (50%),67%,6,4,,10,,3,,,,,1
9591865,25,37156,NORMAL,REGULAR,Round 28,LEAGUE,6339,Sutton United,Local,2ND,22/01/2022,28,0,38%,0.00,1,6,0,1,,152,4,7,0,1,3,0,2,1,3,3,,1,,,3,1,69,8,49,,15/48 (31%),3/4 (75%),56%,3,12/23 (52%),21/36 (58%),1/2 (50%),75%,4,2,,21,,0,,,,,4
9591865,25,37156,NORMAL,REGULAR,Round 28,LEAGUE,57,Northampton Town,Visita,ALL,22/01/2022,28,0,60%,0.00,1,8,5,3,13,460,7,7,3,0,3,0,4,1,5,3,,1,,,0,3,307,37,110,,36/103 (35%),2/19 (11%),41%,8,17/42 (40%),26/64 (41%),3/5 (60%),71%,7,6,,21,,5,,,,,10
9591865,25,37156,NORMAL,REGULAR,Round 28,LEAGUE,57,Northampton Town,Visita,1ST,22/01/2022,28,0,58%,0.00,1,4,2,2,,220,3,3,0,0,3,0,0,1,3,1,,1,,,0,3,150,18,55,,16/48 (33%),1/8 (13%),36%,6,6/19 (32%),11/28 (39%),0/0 (0%),67%,3,2,,12,,2,,,,,4
9591865,25,37156,NORMAL,REGULAR,Round 28,LEAGUE,57,Northampton Town,Visita,2ND,22/01/2022,28,0,62%,0.00,0,4,3,1,,240,4,4,3,0,0,0,4,0,2,2,,0,,,0,0,157,19,55,,20/55 (36%),1/11 (9%),44%,2,11/23 (48%),15/36 (42%),3/5 (60%),75%,4,4,,9,,3,,,,,6
10059909,334,37498,SPECIAL_EVENT,PLAYOFF,Quarterfinals,SUPER_CUP,6339,Sutton United,Local,ALL,25/01/2022,3,1,49%,0.00,,10,4,4,15,389,11,8,2,,3,0,6,1,5,5,,,,,3,0,246,26,86,,34/100 (34%),2/15 (13%),39%,12,21/53 (40%),20/51 (39%),2/4 (50%),91%,11,6,,15,,4,,,,,5
10059909,334,37498,SPECIAL_EVENT,PLAYOFF,Quarterfinals,SUPER_CUP,6339,Sutton United,Local,1ST,25/01/2022,3,0,47%,0.00,,3,3,0,,193,5,3,1,,0,0,3,0,3,0,,,,,0,0,126,13,49,,18/48 (38%),2/3 (67%),36%,8,9/26 (35%),11/29 (38%),1/1 (100%),100%,5,3,,8,,3,,,,,3
10059909,334,37498,SPECIAL_EVENT,PLAYOFF,Quarterfinals,SUPER_CUP,6339,Sutton United,Local,2ND,25/01/2022,3,1,51%,0.00,,7,1,4,,196,6,5,1,,3,0,3,1,2,5,,,,,3,0,120,13,37,,16/52 (31%),0/12 (0%),43%,4,12/27 (44%),9/22 (41%),1/3 (33%),83%,6,3,,7,,1,,,,,2
10059909,334,37498,SPECIAL_EVENT,PLAYOFF,Quarterfinals,SUPER_CUP,159,Harrogate Town,Visita,ALL,25/01/2022,3,0,51%,0.00,,12,1,3,8,406,14,14,3,,4,1,4,4,10,2,,,,,2,1,239,28,88,,26/92 (28%),2/14 (14%),61%,11,32/53 (60%),31/51 (61%),6/6 (100%),64%,14,4,,13,,1,,,,,5
10059909,334,37498,SPECIAL_EVENT,PLAYOFF,Quarterfinals,SUPER_CUP,159,Harrogate Town,Visita,1ST,25/01/2022,3,0,53%,0.00,,10,0,2,,214,8,7,2,,3,0,3,4,8,2,,,,,2,1,134,13,38,,12/53 (23%),2/8 (25%),64%,5,17/26 (65%),18/29 (62%),4/4 (100%),50%,8,0,,6,,0,,,,,3
10059909,334,37498,SPECIAL_EVENT,PLAYOFF,Quarterfinals,SUPER_CUP,159,Harrogate Town,Visita,2ND,25/01/2022,3,0,49%,0.00,,2,1,1,,192,6,7,1,,1,1,1,0,2,0,,,,,0,0,105,15,50,,14/39 (36%),0/6 (0%),57%,6,15/27 (56%),13/22 (59%),2/2 (100%),83%,6,4,,7,,1,,,,,2
9591810,25,37156,NORMAL,REGULAR,Round 29,LEAGUE,78,Carlisle United,Local,ALL,29/01/2022,29,0,55%,0.00,2,10,4,5,10,390,10,12,1,,2,1,4,4,6,4,,2,0,,1,0,261,24,65,,26/85 (31%),4/22 (18%),43%,6,29/58 (50%),22/61 (36%),7/13 (54%),60%,10,11,,29,,4,,,,,10
9591810,25,37156,NORMAL,REGULAR,Round 29,LEAGUE,78,Carlisle United,Local,1ST,29/01/2022,29,0,43%,0.00,1,3,3,1,,132,6,2,0,,1,1,2,0,1,2,,1,0,,0,0,71,10,25,,8/46 (17%),2/7 (29%),38%,3,12/25 (48%),9/31 (29%),4/6 (67%),67%,6,5,,23,,3,,,,,8
9591810,25,37156,NORMAL,REGULAR,Round 29,LEAGUE,78,Carlisle United,Local,2ND,29/01/2022,29,0,64%,0.00,1,7,1,4,,258,4,10,1,,1,0,2,4,5,2,,1,0,,1,0,190,14,40,,18/39 (46%),2/15 (13%),48%,3,17/33 (52%),13/30 (43%),3/7 (43%),50%,4,6,,6,,1,,,,,2
9591810,25,37156,NORMAL,REGULAR,Round 29,LEAGUE,6339,Sutton United,Visita,ALL,29/01/2022,29,2,45%,0.00,2,12,2,8,13,322,12,9,2,,6,0,1,5,9,3,,2,1,,1,1,187,31,92,,33/79 (42%),0/18 (0%),57%,7,29/58 (50%),39/61 (64%),8/11 (73%),58%,12,7,,26,,2,,,,,7
9591810,25,37156,NORMAL,REGULAR,Round 29,LEAGUE,6339,Sutton United,Visita,1ST,29/01/2022,29,2,57%,0.00,1,7,1,6,,176,5,5,0,,5,0,0,2,7,0,,1,1,,1,1,102,18,50,,22/45 (49%),0/13 (0%),62%,5,13/25 (52%),22/31 (71%),3/4 (75%),40%,5,2,,6,,1,,,,,5
9591810,25,37156,NORMAL,REGULAR,Round 29,LEAGUE,6339,Sutton United,Visita,2ND,29/01/2022,29,0,36%,0.00,1,5,1,2,,146,7,4,2,,1,0,1,3,2,3,,1,0,,0,0,85,13,42,,11/34 (32%),0/5 (0%),52%,2,16/33 (48%),17/30 (57%),5/7 (71%),71%,7,5,,20,,1,,,,,2
9591692,25,37156,NORMAL,REGULAR,Round 30,LEAGUE,6339,Sutton United,Local,ALL,05/02/2022,30,1,36%,0.00,3,16,1,8,21,271,13,6,4,,10,1,5,1,10,6,1,2,,,2,4,157,20,82,,38/82 (46%),5/19 (26%),48%,13,22/60 (37%),27/42 (64%),4/7 (57%),77%,13,10,,11,,1,,,,,8
9591692,25,37156,NORMAL,REGULAR,Round 30,LEAGUE,6339,Sutton United,Local,1ST,05/02/2022,30,1,34%,0.00,1,7,0,5,,138,8,4,2,,4,0,2,1,5,2,1,0,,,2,2,76,8,38,,18/41 (44%),3/9 (33%),57%,5,13/27 (48%),16/24 (67%),1/1 (100%),75%,8,4,,6,,0,,,,,2
9591692,25,37156,NORMAL,REGULAR,Round 30,LEAGUE,6339,Sutton United,Local,2ND,05/02/2022,30,0,39%,0.00,2,9,1,3,,133,5,2,2,,6,1,3,0,5,4,0,2,,,0,2,81,12,44,,20/41 (49%),2/10 (20%),39%,8,9/33 (27%),11/18 (61%),3/6 (50%),80%,5,6,,5,,1,,,,,6
9591692,25,37156,NORMAL,REGULAR,Round 30,LEAGUE,76,Bristol Rovers,Visita,ALL,05/02/2022,30,1,64%,0.00,2,9,8,8,6,491,16,20,1,,2,2,3,4,4,5,1,1,,,4,2,370,16,76,,31/80 (39%),1/13 (8%),52%,7,38/60 (63%),15/42 (36%),5/11 (45%),56%,16,5,,32,,8,,,,,8
9591692,25,37156,NORMAL,REGULAR,Round 30,LEAGUE,76,Bristol Rovers,Visita,1ST,05/02/2022,30,0,66%,0.00,0,4,2,5,,280,5,8,1,,0,2,1,3,1,3,0,0,,,2,2,220,11,44,,12/34 (35%),1/7 (14%),43%,5,14/27 (52%),8/24 (33%),2/5 (40%),40%,5,3,,12,,2,,,,,1
9591692,25,37156,NORMAL,REGULAR,Round 30,LEAGUE,76,Bristol Rovers,Visita,2ND,05/02/2022,30,1,61%,0.00,2,5,6,3,,211,11,12,0,,2,0,2,1,3,2,1,1,,,2,0,150,5,32,,19/46 (41%),0/6 (0%),61%,2,24/33 (73%),7/18 (39%),3/6 (50%),64%,11,2,,20,,6,,,,,7
9591058,25,37156,NORMAL,REGULAR,Round 31,LEAGUE,6339,Sutton United,Local,ALL,08/02/2022,31,0,50%,0.00,3,12,1,7,12,327,13,10,2,,2,1,6,4,7,5,,3,,,4,2,185,37,79,,24/83 (29%),3/21 (14%),46%,6,24/55 (44%),33/70 (47%),1/9 (11%),62%,13,6,,25,,1,,,,,4
9591058,25,37156,NORMAL,REGULAR,Round 31,LEAGUE,6339,Sutton United,Local,1ST,08/02/2022,31,0,51%,0.00,1,8,1,4,,183,9,2,0,,1,1,5,2,5,3,,1,,,1,2,106,21,33,,10/37 (27%),2/14 (14%),50%,2,12/24 (50%),19/38 (50%),1/4 (25%),56%,9,5,,8,,1,,,,,0
9591058,25,37156,NORMAL,REGULAR,Round 31,LEAGUE,6339,Sutton United,Local,2ND,08/02/2022,31,0,50%,0.00,2,4,0,3,,144,4,8,2,,1,0,1,2,2,2,,2,,,3,0,79,16,46,,14/46 (30%),1/7 (14%),41%,4,12/31 (39%),14/32 (44%),0/5 (0%),75%,4,1,,17,,0,,,,,4
9591058,25,37156,NORMAL,REGULAR,Round 31,LEAGUE,37998,Salford City,Visita,ALL,08/02/2022,31,0,50%,0.00,0,9,2,5,12,324,14,12,1,,1,0,4,4,6,3,,0,,,2,1,172,31,73,,21/80 (26%),4/14 (29%),54%,7,31/55 (56%),37/70 (53%),5/11 (45%),71%,14,8,,33,,2,,,,,9
9591058,25,37156,NORMAL,REGULAR,Round 31,LEAGUE,37998,Salford City,Visita,1ST,08/02/2022,31,0,49%,0.00,0,3,1,1,,183,5,5,0,,1,0,0,2,3,0,,0,,,1,0,99,15,37,,11/46 (24%),1/3 (33%),50%,3,12/24 (50%),19/38 (50%),2/8 (25%),100%,5,2,,23,,1,,,,,6
9591058,25,37156,NORMAL,REGULAR,Round 31,LEAGUE,37998,Salford City,Visita,2ND,08/02/2022,31,0,50%,0.00,0,6,1,4,,141,9,7,1,,0,0,4,2,3,3,,0,,,1,1,73,16,36,,10/34 (29%),3/11 (27%),59%,4,19/31 (61%),18/32 (56%),3/3 (100%),56%,9,6,,10,,1,,,,,3
9591702,25,37156,NORMAL,REGULAR,Round 32,LEAGUE,6339,Sutton United,Local,ALL,12/02/2022,32,1,45%,0.00,1,12,3,4,11,305,23,10,1,,4,0,6,2,10,2,0,1,0,,2,1,167,31,77,,27/80 (34%),4/13 (31%),56%,8,39/74 (53%),31/51 (61%),7/13 (54%),61%,23,4,,18,,3,,,,,4
9591702,25,37156,NORMAL,REGULAR,Round 32,LEAGUE,6339,Sutton United,Local,1ST,12/02/2022,32,1,44%,0.00,0,5,1,1,,142,9,5,0,,1,0,4,0,4,1,0,0,0,,2,1,74,16,49,,14/41 (34%),2/6 (33%),61%,4,16/30 (53%),19/27 (70%),2/3 (67%),67%,9,2,,9,,1,,,,,2
9591702,25,37156,NORMAL,REGULAR,Round 32,LEAGUE,6339,Sutton United,Local,2ND,12/02/2022,32,0,46%,0.00,1,7,2,3,,163,14,5,1,,3,0,2,2,6,1,0,1,0,,0,0,93,15,28,,13/39 (33%),2/7 (29%),51%,4,23/44 (52%),12/24 (50%),5/10 (50%),57%,14,2,,9,,2,,,,,2
9591702,25,37156,NORMAL,REGULAR,Round 32,LEAGUE,94,Forest Green Rovers,Visita,ALL,12/02/2022,32,1,55%,0.00,1,12,1,4,11,375,14,11,0,,4,0,5,3,7,5,1,0,1,,1,1,233,24,80,,26/84 (31%),4/25 (16%),44%,18,35/74 (47%),20/51 (39%),10/15 (67%),64%,14,9,,17,,1,,,,,8
9591702,25,37156,NORMAL,REGULAR,Round 32,LEAGUE,94,Forest Green Rovers,Visita,1ST,12/02/2022,32,0,56%,0.00,0,4,0,2,,183,5,5,0,,1,0,3,0,2,2,0,0,1,,0,1,117,8,33,,16/44 (36%),1/10 (10%),39%,7,14/30 (47%),8/27 (30%),4/6 (67%),60%,5,5,,10,,0,,,,,7
9591702,25,37156,NORMAL,REGULAR,Round 32,LEAGUE,94,Forest Green Rovers,Visita,2ND,12/02/2022,32,1,54%,0.00,1,8,1,2,,192,9,6,0,,3,0,2,3,5,3,1,0,0,,1,0,116,16,47,,10/40 (25%),3/15 (20%),49%,11,21/44 (48%),12/24 (50%),6/9 (67%),67%,9,4,,7,,1,,,,,1
10081823,25,37156,NORMAL,REGULAR,Round 23,LEAGUE,76,Bristol Rovers,Local,ALL,15/02/2022,23,2,56%,0.00,3,20,2,5,9,367,13,11,1,,6,0,8,6,8,12,1,2,,,5,4,260,26,78,,16/67 (24%),1/14 (7%),50%,9,33/53 (62%),18/48 (38%),9/10 (90%),77%,13,8,,26,,2,,,,,9
10081823,25,37156,NORMAL,REGULAR,Round 23,LEAGUE,76,Bristol Rovers,Local,1ST,15/02/2022,23,1,66%,0.00,2,14,2,3,,242,4,4,0,,4,0,5,5,6,8,0,2,,,2,2,188,12,43,,8/34 (24%),1/7 (14%),44%,6,12/21 (57%),9/27 (33%),4/5 (80%),75%,4,5,,10,,2,,,,,5
10081823,25,37156,NORMAL,REGULAR,Round 23,LEAGUE,76,Bristol Rovers,Local,2ND,15/02/2022,23,1,43%,0.00,1,6,0,2,,125,9,7,1,,2,0,3,1,2,4,1,0,,,3,2,72,14,35,,8/33 (24%),0/7 (0%),57%,3,21/32 (66%),9/21 (43%),5/5 (100%),78%,9,3,,16,,0,,,,,4
10081823,25,37156,NORMAL,REGULAR,Round 23,LEAGUE,6339,Sutton United,Visita,ALL,15/02/2022,23,0,44%,0.00,2,16,4,6,11,283,10,9,3,,2,0,5,9,10,6,0,2,,,1,1,172,31,63,,28/77 (36%),5/21 (24%),50%,8,20/53 (38%),30/48 (63%),2/7 (29%),60%,10,12,,15,,4,,,,,10
10081823,25,37156,NORMAL,REGULAR,Round 23,LEAGUE,6339,Sutton United,Visita,1ST,15/02/2022,23,0,34%,0.00,1,11,3,4,,116,7,3,1,,2,0,2,7,7,4,0,1,,,0,0,62,13,33,,12/32 (38%),3/12 (25%),56%,2,9/21 (43%),18/27 (67%),0/2 (0%),71%,7,8,,11,,3,,,,,7
10081823,25,37156,NORMAL,REGULAR,Round 23,LEAGUE,6339,Sutton United,Visita,2ND,15/02/2022,23,0,57%,0.00,1,5,1,2,,167,3,6,2,,0,0,3,2,3,2,0,1,,,1,1,110,18,30,,16/45 (36%),2/9 (22%),43%,6,11/32 (34%),12/21 (57%),2/5 (40%),33%,3,4,,4,,1,,,,,3
9592264,25,37156,NORMAL,REGULAR,Round 33,LEAGUE,101,Hartlepool United,Local,ALL,19/02/2022,33,1,63%,0.00,1,10,2,3,8,534,23,10,,,4,1,5,1,3,7,1,0,,,,2,386,24,86,,39/94 (41%),2/9 (22%),55%,10,46/75 (61%),25/55 (45%),13/19 (68%),61%,23,4,,27,,2,,,,,4
9592264,25,37156,NORMAL,REGULAR,Round 33,LEAGUE,101,Hartlepool United,Local,1ST,19/02/2022,33,0,66%,0.00,0,5,1,0,,309,10,3,,,2,1,2,1,0,5,0,0,,,,0,243,9,44,,22/47 (47%),1/2 (50%),60%,4,17/29 (59%),16/26 (62%),4/8 (50%),70%,10,2,,13,,1,,,,,3
9592264,25,37156,NORMAL,REGULAR,Round 33,LEAGUE,101,Hartlepool United,Local,2ND,19/02/2022,33,1,60%,0.00,1,5,1,3,,225,13,7,,,2,0,3,0,3,2,1,0,,,,2,143,15,42,,17/47 (36%),1/7 (14%),51%,6,29/46 (63%),9/29 (31%),9/11 (82%),54%,13,2,,14,,1,,,,,1
9592264,25,37156,NORMAL,REGULAR,Round 33,LEAGUE,6339,Sutton United,Visita,ALL,19/02/2022,33,1,37%,0.00,1,11,3,3,11,312,16,8,,,3,0,2,6,6,5,0,1,,,,3,190,37,92,,32/94 (34%),2/10 (20%),45%,13,29/75 (39%),30/55 (55%),5/15 (33%),56%,16,8,,10,,3,,,,,5
9592264,25,37156,NORMAL,REGULAR,Round 33,LEAGUE,6339,Sutton United,Visita,1ST,19/02/2022,33,1,34%,0.00,1,7,2,3,,156,8,3,,,2,0,2,3,4,3,0,1,,,,0,92,16,43,,13/47 (28%),2/9 (22%),40%,6,12/29 (41%),10/26 (38%),1/5 (20%),63%,8,4,,1,,2,,,,,2
9592264,25,37156,NORMAL,REGULAR,Round 33,LEAGUE,6339,Sutton United,Visita,2ND,19/02/2022,33,0,40%,0.00,0,4,1,0,,156,8,5,,,1,0,0,3,2,2,0,0,,,,3,98,21,49,,19/47 (40%),0/1 (0%),49%,7,17/46 (37%),20/29 (69%),4/10 (40%),50%,8,4,,9,,1,,,,,3
9591775,25,37156,NORMAL,REGULAR,Round 34,LEAGUE,6339,Sutton United,Local,ALL,26/02/2022,34,4,45%,0.00,4,12,3,2,14,324,24,11,0,,6,0,3,3,9,3,2,2,,,4,3,170,33,93,,30/104 (29%),0/10 (0%),60%,14,42/77 (55%),35/51 (69%),8/10 (80%),75%,24,10,,15,,3,,,,,5
9591775,25,37156,NORMAL,REGULAR,Round 34,LEAGUE,6339,Sutton United,Local,1ST,26/02/2022,34,3,49%,0.00,2,6,1,1,,173,10,7,0,,3,0,2,1,4,2,2,0,,,3,1,92,21,44,,15/52 (29%),0/6 (0%),63%,8,20/35 (57%),23/33 (70%),4/5 (80%),80%,10,3,,8,,1,,,,,3
9591775,25,37156,NORMAL,REGULAR,Round 34,LEAGUE,6339,Sutton United,Local,2ND,26/02/2022,34,1,41%,0.00,2,6,2,1,,151,14,4,0,,3,0,1,2,5,1,0,2,,,1,2,78,12,49,,15/52 (29%),0/4 (0%),57%,6,22/42 (52%),12/18 (67%),4/5 (80%),71%,14,7,,7,,2,,,,,2
9591775,25,37156,NORMAL,REGULAR,Round 34,LEAGUE,85,Scunthorpe United,Visita,ALL,26/02/2022,34,1,55%,0.00,0,12,2,4,11,395,16,13,2,,3,0,5,4,7,5,0,0,,,0,2,239,26,90,,34/114 (30%),5/13 (38%),40%,19,35/77 (45%),16/51 (31%),6/11 (55%),88%,16,10,,15,,2,,,,,6
9591775,25,37156,NORMAL,REGULAR,Round 34,LEAGUE,85,Scunthorpe United,Visita,1ST,26/02/2022,34,0,51%,0.00,0,6,0,4,,175,9,5,1,,1,0,4,1,6,0,0,0,,,0,1,92,11,35,,7/50 (14%),4/10 (40%),37%,6,15/35 (43%),10/33 (30%),1/5 (20%),100%,9,3,,11,,0,,,,,4
9591775,25,37156,NORMAL,REGULAR,Round 34,LEAGUE,85,Scunthorpe United,Visita,2ND,26/02/2022,34,1,59%,0.00,0,6,2,0,,220,7,8,1,,2,0,1,3,1,5,0,0,,,0,1,147,15,55,,27/64 (42%),1/3 (33%),43%,13,20/42 (48%),6/18 (33%),5/6 (83%),71%,7,7,,4,,2,,,,,2
9591785,25,37156,NORMAL,REGULAR,Round 35,LEAGUE,6339,Sutton United,Local,ALL,05/03/2022,35,3,37%,0.00,2,13,1,8,8,280,15,12,1,,8,0,3,2,8,5,1,1,,,3,0,161,25,79,,24/82 (29%),6/24 (25%),52%,8,30/54 (56%),20/43 (47%),4/8 (50%),67%,15,11,,22,,1,,,,,10
9591785,25,37156,NORMAL,REGULAR,Round 35,LEAGUE,6339,Sutton United,Local,1ST,05/03/2022,35,2,39%,0.00,2,8,1,2,,140,7,7,0,,5,0,2,1,4,4,1,1,,,3,0,78,14,39,,10/40 (25%),4/8 (50%),51%,4,14/28 (50%),12/23 (52%),1/3 (33%),71%,7,6,,12,,1,,,,,6
9591785,25,37156,NORMAL,REGULAR,Round 35,LEAGUE,6339,Sutton United,Local,2ND,05/03/2022,35,1,35%,0.00,0,5,0,6,,140,8,5,1,,3,0,1,1,4,1,0,0,,,0,0,83,11,40,,14/42 (33%),2/16 (13%),52%,4,16/26 (62%),8/20 (40%),3/5 (60%),63%,8,5,,10,,0,,,,,4
9591785,25,37156,NORMAL,REGULAR,Round 35,LEAGUE,103,Rochdale,Visita,ALL,05/03/2022,35,0,63%,0.00,0,8,5,7,12,496,12,8,2,,1,0,4,3,4,4,0,0,,,3,1,374,21,75,,38/82 (46%),4/16 (25%),48%,11,24/54 (44%),23/43 (53%),6/10 (60%),67%,12,11,,32,,5,,,,,8
9591785,25,37156,NORMAL,REGULAR,Round 35,LEAGUE,103,Rochdale,Visita,1ST,05/03/2022,35,0,61%,0.00,0,4,3,4,,220,6,4,2,,1,0,2,1,2,2,0,0,,,1,0,156,13,30,,18/37 (49%),2/9 (22%),49%,5,14/28 (50%),11/23 (48%),5/7 (71%),83%,6,3,,14,,3,,,,,4
9591785,25,37156,NORMAL,REGULAR,Round 35,LEAGUE,103,Rochdale,Visita,2ND,05/03/2022,35,0,65%,0.00,0,4,2,3,,276,6,4,0,,0,0,2,2,2,2,0,0,,,2,1,218,8,45,,20/45 (44%),2/7 (29%),48%,6,10/26 (38%),12/20 (60%),1/3 (33%),50%,6,8,,18,,2,,,,,4
10103407,334,37498,SPECIAL_EVENT,PLAYOFF,Semifinals,SUPER_CUP,49,Wigan Athletic,Local,ALL,08/03/2022,2,1,70%,0.00,0,14,5,5,10,516,10,7,2,,3,0,5,6,10,4,0,0,1,,1,0,412,22,64,,29/72 (40%),7/30 (23%),47%,8,22/52 (42%),28/55 (51%),5/10 (50%),60%,10,7,,21,,5,,,,,11
10103407,334,37498,SPECIAL_EVENT,PLAYOFF,Semifinals,SUPER_CUP,49,Wigan Athletic,Local,1ST,08/03/2022,2,1,65%,0.00,0,6,2,3,,225,6,3,0,,1,0,2,3,5,1,0,0,1,,0,0,169,11,26,,17/41 (41%),2/12 (17%),51%,4,13/27 (48%),17/32 (53%),4/7 (57%),33%,6,6,,12,,2,,,,,6
10103407,334,37498,SPECIAL_EVENT,PLAYOFF,Semifinals,SUPER_CUP,49,Wigan Athletic,Local,2ND,08/03/2022,2,0,75%,0.00,0,8,3,2,,291,4,4,2,,2,0,3,3,5,3,0,0,0,,1,0,243,11,38,,12/31 (39%),5/18 (28%),42%,4,9/25 (36%),11/23 (48%),1/3 (33%),100%,4,1,,9,,3,,,,,5
10103407,334,37498,SPECIAL_EVENT,PLAYOFF,Semifinals,SUPER_CUP,6339,Sutton United,Visita,ALL,08/03/2022,2,1,30%,0.00,3,13,2,2,7,227,13,10,1,,6,1,5,2,9,4,1,2,0,,0,1,128,26,63,,19/62 (31%),4/9 (44%),53%,6,30/52 (58%),27/55 (49%),7/11 (64%),77%,13,13,,31,,2,,,,,12
10103407,334,37498,SPECIAL_EVENT,PLAYOFF,Semifinals,SUPER_CUP,6339,Sutton United,Visita,1ST,08/03/2022,2,1,35%,0.00,2,7,0,1,,123,7,5,0,,3,1,2,2,4,3,1,1,0,,0,0,68,15,40,,13/42 (31%),3/6 (50%),49%,3,14/27 (52%),15/32 (47%),2/5 (40%),57%,7,6,,13,,0,,,,,7
10103407,334,37498,SPECIAL_EVENT,PLAYOFF,Semifinals,SUPER_CUP,6339,Sutton United,Visita,2ND,08/03/2022,2,0,25%,0.00,1,6,2,1,,104,6,5,1,,3,0,3,0,5,1,0,1,0,,0,1,60,11,23,,6/20 (30%),1/3 (33%),58%,3,16/25 (64%),12/23 (52%),5/6 (83%),100%,6,7,,18,,2,,,,,5
9591681,25,37156,NORMAL,REGULAR,Round 36,LEAGUE,26,Walsall,Local,ALL,12/03/2022,36,1,50%,0.00,1,10,1,3,13,338,24,11,1,,4,0,1,5,6,4,1,0,,,3,2,197,27,84,,24/82 (29%),2/9 (22%),55%,13,44/77 (57%),28/55 (51%),9/14 (64%),58%,24,8,,27,,1,,,,,10
9591681,25,37156,NORMAL,REGULAR,Round 36,LEAGUE,26,Walsall,Local,1ST,12/03/2022,36,1,54%,0.00,1,3,1,0,,183,11,6,0,,2,0,0,1,1,2,1,0,,,2,0,112,11,41,,16/42 (38%),0/4 (0%),66%,4,22/31 (71%),16/27 (59%),5/5 (100%),55%,11,5,,18,,1,,,,,6
9591681,25,37156,NORMAL,REGULAR,Round 36,LEAGUE,26,Walsall,Local,2ND,12/03/2022,36,0,46%,0.00,0,7,0,3,,155,13,5,1,,2,0,1,4,5,2,0,0,,,1,2,85,16,43,,8/40 (20%),2/5 (40%),46%,9,22/46 (48%),12/28 (43%),4/9 (44%),62%,13,3,,9,,0,,,,,4
9591681,25,37156,NORMAL,REGULAR,Round 36,LEAGUE,6339,Sutton United,Visita,ALL,12/03/2022,36,0,50%,0.00,1,9,3,4,12,327,18,12,3,,1,0,5,3,5,4,0,1,,,4,2,167,25,75,,31/92 (34%),3/19 (16%),45%,17,33/77 (43%),27/55 (49%),4/11 (36%),56%,18,4,,13,,3,,,,,8
9591681,25,37156,NORMAL,REGULAR,Round 36,LEAGUE,6339,Sutton United,Visita,1ST,12/03/2022,36,0,46%,0.00,0,4,1,2,,153,4,6,0,,1,0,1,2,3,1,0,0,,,3,2,74,17,44,,15/43 (35%),1/10 (10%),34%,8,9/31 (29%),11/27 (41%),0/3 (0%),50%,4,3,,5,,1,,,,,3
9591681,25,37156,NORMAL,REGULAR,Round 36,LEAGUE,6339,Sutton United,Visita,2ND,12/03/2022,36,0,54%,0.00,1,5,2,2,,174,14,6,3,,0,0,4,1,2,3,0,1,,,1,0,93,8,31,,16/49 (33%),2/9 (22%),54%,9,24/46 (52%),16/28 (57%),4/8 (50%),57%,14,1,,8,,2,,,,,5
9591579,25,37156,NORMAL,REGULAR,Round 37,LEAGUE,53,Swindon Town,Local,ALL,15/03/2022,37,2,63%,0.00,2,13,2,2,13,389,11,14,4,1,5,0,6,2,10,3,2,,1,,2,2,291,26,59,,30/68 (44%),4/11 (36%),48%,10,29/64 (45%),30/58 (52%),4/9 (44%),73%,11,10,,17,,2,,,,,6
9591579,25,37156,NORMAL,REGULAR,Round 37,LEAGUE,53,Swindon Town,Local,1ST,15/03/2022,37,1,71%,0.00,1,10,1,2,,267,4,6,1,0,3,0,5,2,8,2,1,,1,,1,2,227,13,29,,17/28 (61%),4/9 (44%),48%,8,13/32 (41%),14/24 (58%),3/5 (60%),100%,4,4,,5,,1,,,,,2
9591579,25,37156,NORMAL,REGULAR,Round 37,LEAGUE,53,Swindon Town,Local,2ND,15/03/2022,37,1,51%,0.00,1,3,1,0,,122,7,8,3,1,2,0,1,0,2,1,1,,0,,1,0,64,13,30,,13/40 (33%),0/2 (0%),48%,2,16/32 (50%),16/34 (47%),1/4 (25%),57%,7,6,,12,,1,,,,,4
9591579,25,37156,NORMAL,REGULAR,Round 37,LEAGUE,6339,Sutton United,Visita,ALL,15/03/2022,37,1,37%,0.00,0,9,3,5,15,224,14,11,2,0,3,0,3,3,3,6,0,,0,,3,4,125,36,63,,17/75 (23%),4/16 (25%),52%,4,35/64 (55%),28/58 (48%),10/17 (59%),79%,14,6,,20,,3,,,,,9
9591579,25,37156,NORMAL,REGULAR,Round 37,LEAGUE,6339,Sutton United,Visita,1ST,15/03/2022,37,1,29%,0.00,0,4,2,3,,110,10,4,0,0,2,0,1,1,1,3,0,,0,,2,0,62,13,29,,9/38 (24%),1/6 (17%),52%,0,19/32 (59%),10/24 (42%),5/9 (56%),80%,10,3,,9,,2,,,,,4
9591579,25,37156,NORMAL,REGULAR,Round 37,LEAGUE,6339,Sutton United,Visita,2ND,15/03/2022,37,0,49%,0.00,0,5,1,2,,114,4,7,2,0,1,0,2,2,2,3,0,,0,,1,4,63,23,34,,8/37 (22%),3/10 (30%),52%,4,16/32 (50%),18/34 (53%),5/8 (63%),75%,4,3,,11,,1,,,,,5
9591832,25,37156,NORMAL,REGULAR,Round 38,LEAGUE,6339,Sutton United,Local,ALL,19/03/2022,38,1,48%,0.00,2,13,3,4,9,332,17,10,0,,5,0,6,2,9,4,0,2,,,3,1,155,30,84,,29/87 (33%),8/18 (44%),58%,10,31/58 (53%),47/77 (61%),5/10 (50%),59%,17,7,,40,,3,,,,,10
9591832,25,37156,NORMAL,REGULAR,Round 38,LEAGUE,6339,Sutton United,Local,1ST,19/03/2022,38,1,52%,0.00,2,9,1,4,,174,9,6,0,,4,0,4,1,7,2,0,2,,,2,1,88,14,50,,13/44 (30%),5/12 (42%),58%,4,17/29 (59%),29/50 (58%),2/3 (67%),78%,9,6,,10,,1,,,,,2
9591832,25,37156,NORMAL,REGULAR,Round 38,LEAGUE,6339,Sutton United,Local,2ND,19/03/2022,38,0,44%,0.00,0,4,2,0,,158,8,4,0,,1,0,2,1,2,2,0,0,,,1,0,67,16,34,,16/43 (37%),3/6 (50%),57%,6,14/29 (48%),18/27 (67%),3/7 (43%),38%,8,1,,30,,2,,,,,8
9591832,25,37156,NORMAL,REGULAR,Round 38,LEAGUE,51,Tranmere Rovers,Visita,ALL,19/03/2022,38,1,52%,0.00,2,15,4,11,10,354,15,9,1,,4,0,4,7,8,7,1,1,,,1,1,188,34,92,,29/88 (33%),5/25 (20%),42%,15,27/58 (47%),30/77 (39%),3/5 (60%),67%,15,9,,25,,4,,,,,17
9591832,25,37156,NORMAL,REGULAR,Round 38,LEAGUE,51,Tranmere Rovers,Visita,1ST,19/03/2022,38,0,48%,0.00,0,1,3,1,,171,5,5,0,,1,0,0,0,0,1,0,0,,,0,1,87,15,33,,16/43 (37%),1/2 (50%),42%,8,12/29 (41%),21/50 (42%),2/3 (67%),80%,5,5,,18,,3,,,,,11
9591832,25,37156,NORMAL,REGULAR,Round 38,LEAGUE,51,Tranmere Rovers,Visita,2ND,19/03/2022,38,1,56%,0.00,2,14,1,10,,183,10,4,1,,3,0,4,7,8,6,1,1,,,1,0,101,19,59,,13/45 (29%),4/23 (17%),43%,7,15/29 (52%),9/27 (33%),1/2 (50%),60%,10,4,,7,,1,,,,,6
10081811,25,37156,NORMAL,REGULAR,Round 26,LEAGUE,65,Oldham Athletic,Local,ALL,22/03/2022,26,1,55%,0.00,1,12,3,6,7,389,13,5,,,3,1,5,4,10,2,1,0,,,1,3,272,32,57,,24/75 (32%),7/28 (25%),40%,12,24/50 (48%),20/61 (33%),6/12 (50%),54%,13,6,,24,,3,,,,,19
10081811,25,37156,NORMAL,REGULAR,Round 26,LEAGUE,65,Oldham Athletic,Local,1ST,22/03/2022,26,0,55%,0.00,0,2,1,1,,191,6,3,,,0,0,2,0,2,0,0,0,,,0,3,137,11,22,,14/40 (35%),2/10 (20%),42%,6,11/23 (48%),12/32 (38%),2/3 (67%),67%,6,4,,15,,1,,,,,11
10081811,25,37156,NORMAL,REGULAR,Round 26,LEAGUE,65,Oldham Athletic,Local,2ND,22/03/2022,26,1,56%,0.00,1,10,2,5,,198,7,2,,,3,1,3,4,8,2,1,0,,,1,0,135,21,35,,10/35 (29%),5/18 (28%),38%,6,13/27 (48%),8/29 (28%),4/9 (44%),43%,7,2,,9,,2,,,,,8
10081811,25,37156,NORMAL,REGULAR,Round 26,LEAGUE,6339,Sutton United,Visita,ALL,22/03/2022,26,3,45%,0.00,3,16,2,7,6,328,18,7,,,6,0,7,3,12,4,2,1,,,3,2,203,25,92,,32/88 (36%),4/16 (25%),60%,11,26/50 (52%),41/61 (67%),2/4 (50%),56%,18,4,,14,,2,,,,,11
10081811,25,37156,NORMAL,REGULAR,Round 26,LEAGUE,6339,Sutton United,Visita,1ST,22/03/2022,26,1,45%,0.00,0,6,0,5,,162,7,4,,,2,0,3,1,6,0,0,0,,,1,0,98,15,53,,14/38 (37%),1/10 (10%),58%,5,12/23 (52%),20/32 (63%),1/2 (50%),43%,7,1,,4,,0,,,,,5
10081811,25,37156,NORMAL,REGULAR,Round 26,LEAGUE,6339,Sutton United,Visita,2ND,22/03/2022,26,2,44%,0.00,3,10,2,2,,166,11,3,,,4,0,4,2,6,4,2,1,,,2,2,105,10,39,,18/50 (36%),3/6 (50%),62%,6,14/27 (52%),21/29 (72%),1/2 (50%),64%,11,3,,10,,2,,,,,6
10015229,25,37156,NORMAL,REGULAR,Round 39,LEAGUE,55,Port Vale,Local,ALL,26/03/2022,39,2,52%,0.00,2,15,1,6,13,325,21,11,2,,6,0,6,3,14,1,1,1,,,3,2,210,23,81,,31/79 (39%),6/22 (27%),55%,14,39/75 (52%),42/73 (58%),7/10 (70%),76%,21,5,,29,,1,,,,,14
10015229,25,37156,NORMAL,REGULAR,Round 39,LEAGUE,55,Port Vale,Local,1ST,26/03/2022,39,2,48%,0.00,2,8,1,1,,142,8,4,0,,4,0,2,2,7,1,1,1,,,1,0,94,11,30,,16/43 (37%),2/10 (20%),47%,5,14/34 (41%),19/36 (53%),2/3 (67%),88%,8,4,,16,,1,,,,,10
10015229,25,37156,NORMAL,REGULAR,Round 39,LEAGUE,55,Port Vale,Local,2ND,26/03/2022,39,0,54%,0.00,0,7,0,5,,183,13,7,2,,2,0,4,1,7,0,0,0,,,2,2,116,12,51,,15/36 (42%),4/12 (33%),62%,9,25/41 (61%),23/37 (62%),5/7 (71%),69%,13,1,,13,,0,,,,,4
10015229,25,37156,NORMAL,REGULAR,Round 39,LEAGUE,6339,Sutton United,Visita,ALL,26/03/2022,39,0,48%,0.00,0,10,4,6,13,311,17,13,1,,1,1,6,3,8,2,0,0,,,1,1,190,28,76,,28/88 (32%),3/18 (17%),45%,18,36/75 (48%),31/73 (42%),6/9 (67%),65%,17,7,,28,,4,,,,,8
10015229,25,37156,NORMAL,REGULAR,Round 39,LEAGUE,6339,Sutton United,Visita,1ST,26/03/2022,39,0,52%,0.00,0,6,2,4,,153,6,9,0,,1,0,3,2,4,2,0,0,,,1,1,93,11,38,,9/43 (21%),2/12 (17%),53%,7,20/34 (59%),17/36 (47%),5/6 (83%),83%,6,1,,10,,2,,,,,2
10015229,25,37156,NORMAL,REGULAR,Round 39,LEAGUE,6339,Sutton United,Visita,2ND,26/03/2022,39,0,46%,0.00,0,4,2,2,,158,11,4,1,,0,1,3,1,4,0,0,0,,,0,0,97,17,38,,19/45 (42%),1/6 (17%),38%,11,16/41 (39%),14/37 (38%),1/3 (33%),55%,11,6,,18,,2,,,,,6
10187012,334,37498,SPECIAL_EVENT,FINAL,Final,SUPER_CUP,13,Rotherham United,Local,ALL,03/04/2022,1,4,60%,0.00,3,25,0,10,19,485,15,19,1,,12,1,10,3,17,8,1,2,1,,5,5,316,32,103,,36/92 (39%),13/38 (34%),50%,17,35/86 (41%),56/96 (58%),2/12 (17%),67%,15,6,,22,,0,,,,,11
10187012,334,37498,SPECIAL_EVENT,FINAL,Final,SUPER_CUP,13,Rotherham United,Local,1ST,03/04/2022,1,1,60%,0.00,0,6,0,1,,199,6,8,1,,3,0,3,0,4,2,0,0,0,,1,4,131,12,41,,13/36 (36%),2/9 (22%),49%,3,13/32 (41%),22/40 (55%),0/5 (0%),33%,6,1,,5,,0,,,,,4
10187012,334,37498,SPECIAL_EVENT,FINAL,Final,SUPER_CUP,13,Rotherham United,Local,2ND,03/04/2022,1,1,58%,0.00,2,10,0,4,,153,8,8,0,,5,0,3,2,9,1,1,1,1,,1,1,87,14,42,,11/33 (33%),6/17 (35%),51%,9,18/38 (47%),18/33 (55%),2/4 (50%),88%,8,2,,10,,0,,,,,4
10187012,334,37498,SPECIAL_EVENT,FINAL,Final,SUPER_CUP,6339,Sutton United,Visita,ALL,03/04/2022,1,2,40%,0.00,1,14,8,6,19,327,27,17,2,,2,0,9,3,10,4,0,1,0,,1,2,160,28,98,,24/103 (23%),4/19 (21%),50%,13,51/86 (59%),40/96 (42%),7/9 (78%),59%,27,11,,32,,8,,,,,14
10187012,334,37498,SPECIAL_EVENT,FINAL,Final,SUPER_CUP,6339,Sutton United,Visita,1ST,03/04/2022,1,1,40%,0.00,1,4,2,3,,130,8,7,0,,1,0,2,1,3,1,0,1,0,,1,0,64,7,37,,12/43 (28%),1/8 (13%),51%,5,19/32 (59%),18/40 (45%),4/5 (80%),50%,8,6,,5,,2,,,,,4
10187012,334,37498,SPECIAL_EVENT,FINAL,Final,SUPER_CUP,6339,Sutton United,Visita,2ND,03/04/2022,1,1,42%,0.00,0,6,4,2,,114,11,7,1,,1,0,3,2,4,2,0,0,0,,0,0,51,15,34,,7/37 (19%),2/9 (22%),49%,7,20/38 (53%),15/33 (45%),2/3 (67%),82%,11,3,,17,,4,,,,,5
10015252,25,37156,NORMAL,REGULAR,Round 41,LEAGUE,6339,Sutton United,Local,ALL,09/04/2022,41,1,30%,0.00,1,7,2,4,14,230,17,18,1,,2,0,4,1,4,3,1,0,,,4,3,117,20,75,,16/81 (20%),4/10 (40%),51%,13,35/67 (52%),23/47 (49%),0/1 (0%),59%,17,8,,29,,2,,,,,9
10015252,25,37156,NORMAL,REGULAR,Round 41,LEAGUE,6339,Sutton United,Local,1ST,09/04/2022,41,1,35%,0.00,1,6,2,4,,112,9,8,0,,2,0,3,1,3,3,1,0,,,3,2,62,14,35,,8/40 (20%),4/10 (40%),55%,6,17/30 (57%),14/26 (54%),0/1 (0%),67%,9,4,,7,,2,,,,,4
10015252,25,37156,NORMAL,REGULAR,Round 41,LEAGUE,6339,Sutton United,Local,2ND,09/04/2022,41,0,26%,0.00,0,1,0,0,,118,8,10,1,,0,0,1,0,1,0,0,0,,,1,1,55,6,40,,8/41 (20%),0/0 (0%),47%,7,18/37 (49%),9/21 (43%),0/0 (0%),50%,8,4,,22,,0,,,,,5
10015252,25,37156,NORMAL,REGULAR,Round 41,LEAGUE,83,Leyton Orient,Visita,ALL,09/04/2022,41,0,70%,0.00,1,9,2,5,18,541,14,14,4,,2,0,4,3,6,3,0,1,,,2,1,408,31,89,,41/89 (46%),2/15 (13%),49%,12,32/67 (48%),24/47 (51%),4/9 (44%),64%,14,5,,16,,2,,,,,12
10015252,25,37156,NORMAL,REGULAR,Round 41,LEAGUE,83,Leyton Orient,Visita,1ST,09/04/2022,41,0,65%,0.00,0,3,2,2,,221,7,5,1,,2,0,1,0,3,0,0,0,,,0,0,163,12,29,,17/42 (40%),0/5 (0%),45%,4,13/30 (43%),12/26 (46%),1/6 (17%),71%,7,2,,13,,2,,,,,11
10015252,25,37156,NORMAL,REGULAR,Round 41,LEAGUE,83,Leyton Orient,Visita,2ND,09/04/2022,41,0,74%,0.00,1,6,0,3,,320,7,9,3,,0,0,3,3,3,3,0,1,,,2,1,245,19,60,,24/47 (51%),2/10 (20%),53%,8,19/37 (51%),12/21 (57%),3/3 (100%),57%,7,3,,3,,0,,,,,1
10015261,25,37156,NORMAL,REGULAR,Round 42,LEAGUE,70,Mansfield Town,Local,ALL,15/04/2022,42,2,65%,0.00,2,13,2,6,12,436,19,13,1,,4,0,5,4,10,3,0,2,,,3,0,301,29,93,,29/71 (41%),8/26 (31%),58%,4,36/61 (59%),45/79 (57%),6/11 (55%),63%,19,5,,41,,2,,,,,8
10015261,25,37156,NORMAL,REGULAR,Round 42,LEAGUE,70,Mansfield Town,Local,1ST,15/04/2022,42,0,68%,0.00,1,5,1,1,,227,11,6,0,,0,0,3,2,4,1,0,1,,,0,0,157,8,37,,10/31 (32%),3/10 (30%),60%,1,19/31 (61%),25/42 (60%),3/5 (60%),55%,11,2,,26,,1,,,,,7
10015261,25,37156,NORMAL,REGULAR,Round 42,LEAGUE,70,Mansfield Town,Local,2ND,15/04/2022,42,2,61%,0.00,1,8,1,5,,209,8,7,1,,4,0,2,2,6,2,0,1,,,3,0,144,21,56,,19/40 (48%),5/16 (31%),55%,3,17/30 (57%),20/37 (54%),3/6 (50%),75%,8,3,,15,,1,,,,,1
10015261,25,37156,NORMAL,REGULAR,Round 42,LEAGUE,6339,Sutton United,Visita,ALL,15/04/2022,42,3,35%,0.00,2,9,3,7,14,238,9,10,0,,5,0,2,2,6,3,2,0,,,1,1,121,35,68,,22/77 (29%),1/18 (6%),42%,15,25/61 (41%),34/79 (43%),6/10 (60%),78%,9,5,,38,,3,,,,,7
10015261,25,37156,NORMAL,REGULAR,Round 42,LEAGUE,6339,Sutton United,Visita,1ST,15/04/2022,42,1,32%,0.00,1,5,0,4,,100,3,6,0,,2,0,1,2,3,2,1,0,,,1,0,45,25,32,,6/34 (18%),1/13 (8%),40%,9,12/31 (39%),17/42 (40%),3/5 (60%),67%,3,3,,13,,0,,,,,3
10015261,25,37156,NORMAL,REGULAR,Round 42,LEAGUE,6339,Sutton United,Visita,2ND,15/04/2022,42,2,39%,0.00,1,4,3,3,,138,6,4,0,,3,0,1,0,3,1,1,0,,,0,1,76,10,36,,16/43 (37%),0/5 (0%),45%,6,13/30 (43%),17/37 (46%),3/5 (60%),83%,6,2,,25,,3,,,,,4
10015274,25,37156,NORMAL,REGULAR,Round 43,LEAGUE,6339,Sutton United,Local,ALL,18/04/2022,43,1,43%,0.00,1,7,3,3,6,266,14,13,5,,1,0,5,1,4,3,1,0,,,1,1,146,27,67,,30/77 (39%),2/6 (33%),56%,17,29/57 (51%),43/72 (60%),3/8 (38%),79%,14,12,,46,,3,,,,,13
10015274,25,37156,NORMAL,REGULAR,Round 43,LEAGUE,6339,Sutton United,Local,1ST,18/04/2022,43,1,44%,0.00,1,4,3,2,,140,4,5,0,,1,0,3,0,2,2,1,0,,,1,0,76,17,37,,14/38 (37%),1/4 (25%),52%,9,11/26 (42%),22/38 (58%),2/5 (40%),100%,4,8,,17,,3,,,,,5
10015274,25,37156,NORMAL,REGULAR,Round 43,LEAGUE,6339,Sutton United,Local,2ND,18/04/2022,43,0,42%,0.00,0,3,0,1,,126,10,8,5,,0,0,2,1,2,1,0,0,,,0,1,70,10,30,,16/39 (41%),1/2 (50%),60%,8,18/31 (58%),21/34 (62%),1/3 (33%),70%,10,4,,29,,0,,,,,8
10015274,25,37156,NORMAL,REGULAR,Round 43,LEAGUE,79,Newport County,Visita,ALL,18/04/2022,43,0,57%,0.00,1,14,0,6,13,339,22,5,2,,3,0,9,2,8,6,0,1,,,1,1,202,44,70,,17/62 (27%),8/22 (36%),44%,8,28/57 (49%),29/72 (40%),1/7 (14%),64%,22,6,,13,,0,,,,,13
10015274,25,37156,NORMAL,REGULAR,Round 43,LEAGUE,79,Newport County,Visita,1ST,18/04/2022,43,0,56%,0.00,1,8,0,2,,174,12,2,0,,3,0,3,2,3,5,0,1,,,0,1,102,21,28,,8/31 (26%),3/7 (43%),48%,2,15/26 (58%),16/38 (42%),1/3 (33%),67%,12,1,,10,,0,,,,,9
10015274,25,37156,NORMAL,REGULAR,Round 43,LEAGUE,79,Newport County,Visita,2ND,18/04/2022,43,0,58%,0.00,0,6,0,4,,165,10,3,2,,0,0,6,0,5,1,0,0,,,1,0,100,23,42,,9/31 (29%),5/15 (33%),40%,6,13/31 (42%),13/34 (38%),0/4 (0%),60%,10,5,,3,,0,,,,,4
10015277,25,37156,NORMAL,REGULAR,Round 44,LEAGUE,97,Barrow AFC,Local,ALL,23/04/2022,44,1,47%,0.00,2,10,1,5,11,245,19,12,3,1,1,0,6,3,8,2,1,1,,,1,,127,25,71,,20/72 (28%),4/18 (22%),45%,9,32/59 (54%),22/60 (37%),1/3 (33%),47%,19,5,,25,,1,,,,,13
10015277,25,37156,NORMAL,REGULAR,Round 44,LEAGUE,97,Barrow AFC,Local,1ST,23/04/2022,44,0,50%,0.00,0,3,0,3,,126,10,9,1,0,0,0,2,1,2,1,0,0,,,1,,69,9,27,,11/39 (28%),2/8 (25%),52%,3,19/28 (68%),14/36 (39%),0/0 (0%),50%,10,3,,16,,0,,,,,9
10015277,25,37156,NORMAL,REGULAR,Round 44,LEAGUE,97,Barrow AFC,Local,2ND,23/04/2022,44,1,43%,0.00,2,7,1,2,,119,9,3,2,1,1,0,4,2,6,1,1,1,,,0,,58,16,44,,9/33 (27%),2/10 (20%),38%,6,13/31 (42%),8/24 (33%),1/3 (33%),44%,9,2,,9,,1,,,,,4
10015277,25,37156,NORMAL,REGULAR,Round 44,LEAGUE,6339,Sutton United,Visita,ALL,23/04/2022,44,0,53%,0.00,2,9,0,5,12,285,11,11,1,0,1,0,3,5,5,4,0,2,,,3,,172,33,57,,28/66 (42%),3/16 (19%),55%,11,27/59 (46%),38/60 (63%),6/14 (43%),64%,11,4,,25,,0,,,,,16
10015277,25,37156,NORMAL,REGULAR,Round 44,LEAGUE,6339,Sutton United,Visita,1ST,23/04/2022,44,0,50%,0.00,1,4,0,3,,126,3,6,0,0,0,0,1,3,2,2,0,1,,,1,,67,19,31,,9/28 (32%),2/9 (22%),48%,8,9/28 (32%),22/36 (61%),1/3 (33%),100%,3,1,,9,,0,,,,,5
10015277,25,37156,NORMAL,REGULAR,Round 44,LEAGUE,6339,Sutton United,Visita,2ND,23/04/2022,44,0,57%,0.00,1,5,0,2,,159,8,5,1,0,1,0,2,2,3,2,0,1,,,2,,105,14,26,,19/38 (50%),1/7 (14%),62%,3,18/31 (58%),16/24 (67%),5/11 (45%),50%,8,3,,16,,0,,,,,11
10015241,25,37156,NORMAL,REGULAR,Round 40,LEAGUE,6339,Sutton United,Local,ALL,26/04/2022,40,3,45%,0.00,3,14,4,3,8,365,12,12,1,,4,0,4,6,10,4,1,2,,,3,0,233,22,91,,30/95 (32%),3/11 (27%),50%,12,29/52 (56%),24/53 (45%),5/5 (100%),50%,12,8,,20,,4,,,,,8
10015241,25,37156,NORMAL,REGULAR,Round 40,LEAGUE,6339,Sutton United,Local,1ST,26/04/2022,40,2,47%,0.00,2,6,2,2,,211,9,4,1,,3,0,1,2,4,2,1,1,,,1,0,137,10,51,,17/52 (33%),2/5 (40%),48%,9,14/29 (48%),16/34 (47%),1/1 (100%),56%,9,3,,7,,2,,,,,5
10015241,25,37156,NORMAL,REGULAR,Round 40,LEAGUE,6339,Sutton United,Local,2ND,26/04/2022,40,1,43%,0.00,1,8,2,1,,154,3,8,0,,1,0,3,4,6,2,0,1,,,2,0,96,12,40,,13/43 (30%),1/6 (17%),55%,3,15/23 (65%),8/19 (42%),4/4 (100%),33%,3,5,,13,,2,,,,,3
10015241,25,37156,NORMAL,REGULAR,Round 40,LEAGUE,4875,Crawley Town,Visita,ALL,26/04/2022,40,0,55%,0.00,1,10,1,5,12,440,12,8,3,,4,0,4,2,6,4,0,1,,,1,1,288,26,99,,21/86 (24%),3/16 (19%),50%,8,23/52 (44%),29/53 (55%),3/7 (43%),58%,12,7,,14,,1,,,,,8
10015241,25,37156,NORMAL,REGULAR,Round 40,LEAGUE,4875,Crawley Town,Visita,1ST,26/04/2022,40,0,53%,0.00,1,5,1,1,,238,9,6,1,,2,0,3,0,4,1,0,1,,,1,1,151,9,60,,17/51 (33%),1/6 (17%),52%,5,15/29 (52%),18/34 (53%),0/4 (0%),78%,9,2,,4,,1,,,,,3
10015241,25,37156,NORMAL,REGULAR,Round 40,LEAGUE,4875,Crawley Town,Visita,2ND,26/04/2022,40,0,57%,0.00,0,5,0,4,,202,3,2,2,,2,0,1,2,2,3,0,0,,,0,0,137,17,39,,4/35 (11%),2/10 (20%),45%,3,8/23 (35%),11/19 (58%),3/3 (100%),0%,3,5,,10,,0,,,,,5
10015296,25,37156,NORMAL,REGULAR,Round 45,LEAGUE,6339,Sutton United,Local,ALL,30/04/2022,45,1,43%,0.00,0,12,7,5,14,275,6,16,2,,1,1,7,4,10,2,0,0,0,,4,4,161,37,80,,31/67 (46%),7/19 (37%),44%,11,22/57 (39%),32/66 (48%),0/4 (0%),100%,6,4,,13,,7,,,,,4
10015296,25,37156,NORMAL,REGULAR,Round 45,LEAGUE,6339,Sutton United,Local,1ST,30/04/2022,45,0,37%,0.00,0,5,5,2,,133,1,6,1,,0,1,5,0,4,1,0,0,0,,1,2,79,19,39,,13/35 (37%),4/6 (67%),36%,8,7/29 (24%),16/35 (46%),0/2 (0%),100%,1,2,,11,,5,,,,,2
10015296,25,37156,NORMAL,REGULAR,Round 45,LEAGUE,6339,Sutton United,Local,2ND,30/04/2022,45,1,49%,0.00,0,7,2,3,,142,5,10,1,,1,0,2,4,6,1,0,0,0,,3,2,82,18,41,,18/32 (56%),3/13 (23%),53%,3,15/28 (54%),16/31 (52%),0/2 (0%),100%,5,2,,2,,2,,,,,2
10015296,25,37156,NORMAL,REGULAR,Round 45,LEAGUE,22,Bradford City,Visita,ALL,30/04/2022,45,4,57%,0.00,4,22,0,8,17,380,15,14,3,,11,0,5,6,15,7,3,1,1,,3,3,273,13,74,,36/79 (46%),9/19 (47%),56%,3,35/57 (61%),34/66 (52%),6/9 (67%),73%,15,9,,37,,0,,,,,7
10015296,25,37156,NORMAL,REGULAR,Round 45,LEAGUE,22,Bradford City,Visita,1ST,30/04/2022,45,1,63%,0.00,0,11,0,4,,230,10,8,0,,6,0,3,2,5,6,0,0,0,,0,0,171,8,42,,21/43 (49%),4/11 (36%),64%,1,22/29 (76%),19/35 (54%),4/4 (100%),70%,10,6,,12,,0,,,,,4
10015296,25,37156,NORMAL,REGULAR,Round 45,LEAGUE,22,Bradford City,Visita,2ND,30/04/2022,45,3,51%,0.00,4,11,0,4,,150,5,6,3,,5,0,2,4,10,1,3,1,1,,3,3,102,5,32,,15/36 (42%),5/8 (63%),47%,2,13/28 (46%),15/31 (48%),2/5 (40%),80%,5,3,,25,,0,,,,,3
10015303,25,37156,NORMAL,REGULAR,Round 46,LEAGUE,159,Harrogate Town,Local,ALL,07/05/2022,46,0,71%,0.00,4,22,6,11,7,530,14,7,0,,5,2,5,12,14,8,0,4,1,,4,,420,30,77,,31/78 (40%),5/31 (16%),45%,12,27/57 (47%),26/61 (43%),6/10 (60%),57%,14,5,,19,,6,,,,,6
10015303,25,37156,NORMAL,REGULAR,Round 46,LEAGUE,159,Harrogate Town,Local,1ST,07/05/2022,46,0,69%,0.00,0,6,1,4,,289,7,2,0,,0,1,2,4,6,0,0,0,0,,1,,226,14,38,,15/43 (35%),2/9 (22%),43%,7,11/27 (41%),14/31 (45%),2/4 (50%),57%,7,3,,10,,1,,,,,4
10015303,25,37156,NORMAL,REGULAR,Round 46,LEAGUE,159,Harrogate Town,Local,2ND,07/05/2022,46,0,72%,0.00,4,16,5,7,,241,7,5,0,,5,1,3,8,8,8,0,4,1,,3,,194,16,39,,16/35 (46%),3/22 (14%),47%,5,16/30 (53%),12/30 (40%),4/6 (67%),57%,7,2,,9,,5,,,,,2
10015303,25,37156,NORMAL,REGULAR,Round 46,LEAGUE,6339,Sutton United,Visita,ALL,07/05/2022,46,2,29%,0.00,3,17,5,7,8,225,16,7,1,,9,4,6,2,14,3,1,2,0,,2,,124,18,52,,19/72 (26%),2/13 (15%),55%,12,30/57 (53%),35/61 (57%),8/10 (80%),56%,16,10,,29,,5,,,,,7
10015303,25,37156,NORMAL,REGULAR,Round 46,LEAGUE,6339,Sutton United,Visita,1ST,07/05/2022,46,1,31%,0.00,1,6,0,3,,127,9,4,0,,2,2,2,2,5,1,1,0,0,,1,,70,10,26,,12/37 (32%),1/7 (14%),57%,7,16/27 (59%),17/31 (55%),4/4 (100%),56%,9,6,,11,,0,,,,,5
10015303,25,37156,NORMAL,REGULAR,Round 46,LEAGUE,6339,Sutton United,Visita,2ND,07/05/2022,46,1,28%,0.00,2,11,5,4,,98,7,3,1,,7,2,4,0,9,2,0,2,0,,1,,54,8,26,,7/35 (20%),1/6 (17%),53%,5,14/30 (47%),18/30 (60%),4/6 (67%),57%,7,4,,18,,5,,,,,2
10406548,25,42403,NORMAL,REGULAR,Round 1,LEAGUE,6339,Sutton United,Local,ALL,30/07/2022,1,1,53%,0.00,0,13,2,4,10,287,15,16,3,,3,2,5,5,7,6,,0,1,,1,2,179,32,64,,25/78 (32%),6/18 (33%),50%,3,33/59 (56%),27/62 (44%),3/12 (25%),67%,15,9,,38,,2,,,,,3
10406548,25,42403,NORMAL,REGULAR,Round 1,LEAGUE,6339,Sutton United,Local,1ST,30/07/2022,1,1,51%,0.00,0,8,0,2,,133,6,9,1,,2,1,4,2,5,3,,0,1,,1,1,84,16,40,,11/40 (28%),1/6 (17%),53%,2,16/31 (52%),18/33 (55%),2/8 (25%),50%,6,6,,16,,0,,,,,1
10406548,25,42403,NORMAL,REGULAR,Round 1,LEAGUE,6339,Sutton United,Local,2ND,30/07/2022,1,0,54%,0.00,0,5,2,2,,154,9,7,2,,1,1,1,3,2,3,,0,0,,0,1,95,16,24,,14/38 (37%),5/12 (42%),46%,1,17/28 (61%),9/29 (31%),1/4 (25%),78%,9,3,,22,,2,,,,,2
10406548,25,42403,NORMAL,REGULAR,Round 1,LEAGUE,79,Newport County,Visita,ALL,30/07/2022,1,1,47%,0.00,1,17,2,7,16,260,12,9,3,,3,0,5,9,11,6,,1,2,,3,1,145,30,76,,30/70 (43%),2/17 (12%),50%,10,26/59 (44%),35/62 (56%),6/11 (55%),83%,12,7,,29,,2,,,,,6
10406548,25,42403,NORMAL,REGULAR,Round 1,LEAGUE,79,Newport County,Visita,1ST,30/07/2022,1,1,49%,0.00,0,7,1,3,,127,8,6,1,,1,0,1,5,5,2,,0,2,,1,1,72,11,33,,14/35 (40%),0/7 (0%),47%,4,15/31 (48%),15/33 (45%),2/4 (50%),75%,8,1,,14,,1,,,,,5
10406548,25,42403,NORMAL,REGULAR,Round 1,LEAGUE,79,Newport County,Visita,2ND,30/07/2022,1,0,46%,0.00,1,10,1,4,,133,4,3,2,,2,0,4,4,6,4,,1,0,,2,0,73,19,43,,16/35 (46%),2/10 (20%),54%,6,11/28 (39%),20/29 (69%),4/7 (57%),100%,4,6,,15,,1,,,,,1
10406522,25,42403,NORMAL,REGULAR,Round 2,LEAGUE,84,Doncaster Rovers,Local,ALL,06/08/2022,2,2,56%,0.00,3,12,3,2,13,368,11,21,1,,4,0,4,4,8,4,2,1,,,3,2,235,26,107,,34/83 (41%),4/9 (44%),48%,16,36/69 (52%),24/57 (42%),4/7 (57%),73%,11,8,,18,,3,,,,,9
10406522,25,42403,NORMAL,REGULAR,Round 2,LEAGUE,84,Doncaster Rovers,Local,1ST,06/08/2022,2,0,51%,0.00,0,6,2,1,,172,5,12,0,,1,0,3,2,4,2,0,0,,,1,1,107,12,47,,14/40 (35%),3/4 (75%),47%,11,18/34 (53%),12/30 (40%),1/1 (100%),80%,5,6,,15,,2,,,,,4
10406522,25,42403,NORMAL,REGULAR,Round 2,LEAGUE,84,Doncaster Rovers,Local,2ND,06/08/2022,2,2,60%,0.00,3,6,1,1,,196,6,9,1,,3,0,1,2,4,2,2,1,,,2,1,128,14,60,,20/43 (47%),1/5 (20%),48%,5,18/35 (51%),12/27 (44%),3/6 (50%),67%,6,2,,3,,1,,,,,5
10406522,25,42403,NORMAL,REGULAR,Round 2,LEAGUE,6339,Sutton United,Visita,ALL,06/08/2022,2,1,44%,0.00,2,14,2,3,21,284,18,12,3,,4,1,5,5,13,1,0,2,,,0,0,159,23,84,,34/91 (37%),5/16 (31%),52%,8,32/69 (46%),33/57 (58%),2/6 (33%),83%,18,11,,28,,2,,,,,6
10406522,25,42403,NORMAL,REGULAR,Round 2,LEAGUE,6339,Sutton United,Visita,1ST,06/08/2022,2,1,49%,0.00,2,13,1,3,,154,11,5,1,,3,1,5,5,12,1,0,2,,,0,0,81,13,46,,13/44 (30%),5/13 (38%),53%,4,16/34 (47%),18/30 (60%),0/1 (0%),100%,11,3,,8,,1,,,,,3
10406522,25,42403,NORMAL,REGULAR,Round 2,LEAGUE,6339,Sutton United,Visita,2ND,06/08/2022,2,0,40%,0.00,0,1,1,0,,130,7,7,2,,1,0,0,0,1,0,0,0,,,0,0,78,10,38,,21/47 (45%),0/3 (0%),50%,4,16/35 (46%),15/27 (56%),2/5 (40%),57%,7,8,,20,,1,,,,,3
10437221,21,42443,NORMAL,PLAYOFF,Round 1,CUP,4,Milton Keynes Dons,Local,ALL,09/08/2022,1,1,69%,0.00,1,17,4,3,9,530,11,14,,,7,0,6,4,10,7,1,,2,,2,3,434,13,46,,25/56 (45%),3/13 (23%),60%,8,34/61 (56%),29/44 (66%),9/17 (53%),64%,11,10,,21,,4,,,,,8
10437221,21,42443,NORMAL,PLAYOFF,Round 1,CUP,4,Milton Keynes Dons,Local,1ST,09/08/2022,1,1,73%,0.00,1,9,3,3,,288,6,6,,,3,0,3,3,6,3,1,,1,,1,2,244,6,19,,11/23 (48%),1/8 (13%),59%,4,17/33 (52%),12/16 (75%),5/10 (50%),67%,6,2,,5,,3,,,,,3
10437221,21,42443,NORMAL,PLAYOFF,Round 1,CUP,4,Milton Keynes Dons,Local,2ND,09/08/2022,1,0,65%,0.00,0,8,1,0,,242,5,8,,,4,0,3,1,4,4,0,,1,,1,1,190,7,27,,14/33 (42%),2/5 (40%),61%,4,17/28 (61%),17/28 (61%),4/7 (57%),60%,5,8,,16,,1,,,,,5
10437221,21,42443,NORMAL,PLAYOFF,Round 1,CUP,6339,Sutton United,Visita,ALL,09/08/2022,1,0,31%,0.00,0,10,6,3,14,238,16,9,,,4,0,4,2,4,6,0,,0,,1,1,130,31,60,,26/74 (35%),4/11 (36%),40%,7,27/61 (44%),15/44 (34%),2/6 (33%),44%,16,11,,8,,6,,,,,13
10437221,21,42443,NORMAL,PLAYOFF,Round 1,CUP,6339,Sutton United,Visita,1ST,09/08/2022,1,0,27%,0.00,0,4,2,0,,111,9,5,,,3,0,0,1,2,2,0,,0,,1,0,65,12,32,,11/39 (28%),1/2 (50%),41%,4,16/33 (48%),4/16 (25%),2/4 (50%),44%,9,4,,2,,2,,,,,5
10437221,21,42443,NORMAL,PLAYOFF,Round 1,CUP,6339,Sutton United,Visita,2ND,09/08/2022,1,0,35%,0.00,0,6,4,3,,127,7,4,,,1,0,4,1,2,4,0,,0,,0,1,65,19,28,,15/35 (43%),3/9 (33%),39%,3,11/28 (39%),11/28 (39%),0/2 (0%),43%,7,7,,6,,4,,,,,8
10406706,25,42403,NORMAL,REGULAR,Round 3,LEAGUE,6339,Sutton United,Local,ALL,13/08/2022,3,1,46%,0.00,2,10,3,4,14,256,12,8,0,,5,0,4,1,9,1,1,1,,,1,2,148,36,90,,31/76 (41%),4/14 (29%),50%,11,26/56 (46%),29/55 (53%),6/9 (67%),58%,12,11,,18,,3,,,,,10
10406706,25,42403,NORMAL,REGULAR,Round 3,LEAGUE,6339,Sutton United,Local,1ST,13/08/2022,3,0,45%,0.00,0,4,1,4,,132,8,4,0,,2,0,1,1,4,0,0,0,,,0,1,68,20,51,,11/43 (26%),3/10 (30%),55%,6,16/30 (53%),18/32 (56%),4/4 (100%),75%,8,6,,7,,1,,,,,2
10406706,25,42403,NORMAL,REGULAR,Round 3,LEAGUE,6339,Sutton United,Local,2ND,13/08/2022,3,1,48%,0.00,2,6,2,0,,124,4,4,0,,3,0,3,0,5,1,1,1,,,1,1,80,16,39,,20/33 (61%),1/4 (25%),43%,5,10/26 (38%),11/23 (48%),2/5 (40%),25%,4,5,,11,,2,,,,,8
10406706,25,42403,NORMAL,REGULAR,Round 3,LEAGUE,97,Barrow AFC,Visita,ALL,13/08/2022,3,0,54%,0.00,1,6,4,5,8,301,14,13,1,,3,1,2,1,4,2,0,1,,,2,1,157,24,82,,23/81 (28%),1/13 (8%),50%,11,30/56 (54%),26/55 (47%),4/5 (80%),57%,14,3,,31,,4,,,,,10
10406706,25,42403,NORMAL,REGULAR,Round 3,LEAGUE,97,Barrow AFC,Visita,1ST,13/08/2022,3,0,55%,0.00,0,1,2,1,,168,6,6,0,,1,1,0,0,0,1,0,0,,,0,0,96,14,37,,12/41 (29%),0/3 (0%),45%,8,14/30 (47%),14/32 (44%),2/2 (100%),67%,6,0,,24,,2,,,,,4
10406706,25,42403,NORMAL,REGULAR,Round 3,LEAGUE,97,Barrow AFC,Visita,2ND,13/08/2022,3,0,52%,0.00,1,5,2,4,,133,8,7,1,,2,0,2,1,4,1,0,1,,,2,1,61,10,45,,11/40 (28%),1/10 (10%),57%,3,16/26 (62%),12/23 (52%),2/3 (67%),50%,8,3,,7,,2,,,,,6
10406770,25,42403,NORMAL,REGULAR,Round 4,LEAGUE,19,Crewe Alexandra,Local,ALL,16/08/2022,4,1,50%,0.00,1,10,6,4,16,337,11,14,2,,4,0,3,3,5,5,1,,,,1,1,213,22,69,,44/102 (43%),3/7 (43%),46%,19,34/75 (45%),22/47 (47%),9/13 (69%),91%,11,5,,30,,6,,,,,9
10406770,25,42403,NORMAL,REGULAR,Round 4,LEAGUE,19,Crewe Alexandra,Local,1ST,16/08/2022,4,1,53%,0.00,1,4,2,1,,204,9,9,0,,1,0,2,1,2,2,1,,,,1,0,136,14,43,,29/59 (49%),1/4 (25%),54%,5,22/35 (63%),13/30 (43%),4/6 (67%),89%,9,3,,11,,2,,,,,5
10406770,25,42403,NORMAL,REGULAR,Round 4,LEAGUE,19,Crewe Alexandra,Local,2ND,16/08/2022,4,0,46%,0.00,0,6,4,3,,133,2,5,2,,3,0,1,2,3,3,0,,,,0,1,77,8,26,,15/43 (35%),2/3 (67%),37%,14,12/40 (30%),9/17 (53%),5/7 (71%),100%,2,2,,19,,4,,,,,4
10406770,25,42403,NORMAL,REGULAR,Round 4,LEAGUE,6339,Sutton United,Visita,ALL,16/08/2022,4,0,50%,0.00,0,20,3,5,16,323,23,15,2,,6,1,9,5,15,5,0,,,,5,1,204,24,75,,30/74 (41%),6/21 (29%),54%,8,41/75 (55%),25/47 (53%),4/7 (57%),52%,23,5,,7,,3,,,,,6
10406770,25,42403,NORMAL,REGULAR,Round 4,LEAGUE,6339,Sutton United,Visita,1ST,16/08/2022,4,0,47%,0.00,0,9,0,1,,175,7,6,1,,2,1,4,3,7,2,0,,,,1,0,109,12,39,,15/40 (38%),2/7 (29%),46%,6,13/35 (37%),17/30 (57%),1/4 (25%),57%,7,4,,4,,0,,,,,3
10406770,25,42403,NORMAL,REGULAR,Round 4,LEAGUE,6339,Sutton United,Visita,2ND,16/08/2022,4,0,54%,0.00,0,11,3,4,,148,16,9,1,,4,0,5,2,8,3,0,,,,4,1,95,12,36,,15/34 (44%),4/14 (29%),63%,2,28/40 (70%),8/17 (47%),3/3 (100%),50%,16,1,,3,,3,,,,,3
10406812,25,42403,NORMAL,REGULAR,Round 5,LEAGUE,18,Grimsby Town,Local,ALL,20/08/2022,5,0,56%,0.00,1,9,2,5,17,364,11,11,3,,3,0,4,2,5,4,,1,,,1,1,213,30,78,,31/76 (41%),3/13 (23%),53%,6,26/61 (43%),46/74 (62%),5/15 (33%),55%,11,9,,36,,2,,,,,12
10406812,25,42403,NORMAL,REGULAR,Round 5,LEAGUE,18,Grimsby Town,Local,1ST,20/08/2022,5,0,58%,0.00,0,4,1,3,,189,4,6,1,,0,0,3,1,1,3,,0,,,1,0,114,18,38,,11/32 (34%),1/4 (25%),55%,1,14/27 (52%),16/28 (57%),4/7 (57%),75%,4,5,,18,,1,,,,,4
10406812,25,42403,NORMAL,REGULAR,Round 5,LEAGUE,18,Grimsby Town,Local,2ND,20/08/2022,5,0,55%,0.00,1,5,1,2,,175,7,5,2,,3,0,1,1,4,1,,1,,,0,1,99,12,40,,20/44 (45%),2/9 (22%),53%,5,12/34 (35%),30/46 (65%),1/8 (13%),43%,7,4,,18,,1,,,,,8
10406812,25,42403,NORMAL,REGULAR,Round 5,LEAGUE,6339,Sutton United,Visita,ALL,20/08/2022,5,0,44%,0.00,2,12,3,6,11,274,15,16,2,,3,0,3,6,7,5,,2,,,2,0,122,37,75,,12/92 (13%),6/18 (33%),47%,7,35/61 (57%),28/74 (38%),4/8 (50%),67%,15,16,,13,,3,,,,,7
10406812,25,42403,NORMAL,REGULAR,Round 5,LEAGUE,6339,Sutton United,Visita,1ST,20/08/2022,5,0,42%,0.00,2,6,0,1,,134,4,8,1,,1,0,1,4,2,4,,2,,,1,0,58,18,37,,7/51 (14%),2/6 (33%),45%,4,13/27 (48%),12/28 (43%),2/2 (100%),25%,4,12,,6,,0,,,,,5
10406812,25,42403,NORMAL,REGULAR,Round 5,LEAGUE,6339,Sutton United,Visita,2ND,20/08/2022,5,0,45%,0.00,0,6,3,5,,140,11,8,1,,2,0,2,2,5,1,,0,,,1,0,64,19,38,,5/41 (12%),4/12 (33%),47%,3,22/34 (65%),16/46 (35%),2/6 (33%),82%,11,4,,7,,3,,,,,2
10406786,25,42403,NORMAL,REGULAR,Round 6,LEAGUE,6339,Sutton United,Local,ALL,27/08/2022,6,2,40%,0.00,0,11,1,5,14,244,5,9,3,,3,0,6,2,9,2,,0,,,4,2,140,27,55,,24/73 (33%),4/14 (29%),49%,14,21/56 (38%),33/55 (60%),7/12 (58%),80%,5,6,,38,,1,,,,,9
10406786,25,42403,NORMAL,REGULAR,Round 6,LEAGUE,6339,Sutton United,Local,1ST,27/08/2022,6,1,37%,0.00,0,4,1,2,,118,2,5,2,,2,0,2,0,3,1,,0,,,2,0,67,18,35,,11/33 (33%),2/10 (20%),43%,10,8/27 (30%),13/22 (59%),1/1 (100%),50%,2,4,,9,,1,,,,,3
10406786,25,42403,NORMAL,REGULAR,Round 6,LEAGUE,6339,Sutton United,Local,2ND,27/08/2022,6,1,43%,0.00,0,7,0,3,,126,3,4,1,,1,0,4,2,6,1,,0,,,2,2,73,9,20,,13/40 (33%),2/4 (50%),53%,4,13/29 (45%),20/33 (61%),6/11 (55%),100%,3,2,,29,,0,,,,,6
10406786,25,42403,NORMAL,REGULAR,Round 6,LEAGUE,70,Mansfield Town,Visita,ALL,27/08/2022,6,1,60%,0.00,1,9,1,9,10,364,19,14,2,,2,0,3,4,6,3,,1,,,2,1,246,22,70,,31/88 (35%),8/21 (38%),51%,3,35/56 (63%),22/55 (40%),2/4 (50%),53%,19,12,,27,,1,,,,,8
10406786,25,42403,NORMAL,REGULAR,Round 6,LEAGUE,70,Mansfield Town,Visita,1ST,27/08/2022,6,0,63%,0.00,0,2,1,1,,209,10,9,1,,1,0,1,0,1,1,,0,,,1,1,149,10,34,,18/50 (36%),2/5 (40%),57%,1,19/27 (70%),9/22 (41%),0/1 (0%),30%,10,2,,19,,1,,,,,5
10406786,25,42403,NORMAL,REGULAR,Round 6,LEAGUE,70,Mansfield Town,Visita,2ND,27/08/2022,6,1,57%,0.00,1,7,0,8,,155,9,5,1,,1,0,2,4,5,2,,1,,,1,0,97,12,36,,13/38 (34%),6/16 (38%),47%,2,16/29 (55%),13/33 (39%),2/3 (67%),78%,9,10,,8,,0,,,,,3
10462580,334,42689,SPECIAL_EVENT,GROUP,"EFL Trophy, Southern Group G",SUPER_CUP,6339,Sutton United,Local,ALL,31/08/2022,,1,33%,0.00,1,9,5,3,8,257,16,5,2,0,4,1,4,1,6,3,,1,1,,3,1,158,28,65,,18/63 (29%),3/11 (27%),45%,21,27/71 (38%),23/40 (57%),6/9 (67%),56%,16,20,,18,,5,,,,,12
10462580,334,42689,SPECIAL_EVENT,GROUP,"EFL Trophy, Southern Group G",SUPER_CUP,6339,Sutton United,Local,1ST,31/08/2022,,1,31%,0.00,0,3,2,1,,121,10,2,0,0,2,0,0,1,1,2,,0,1,,1,1,71,17,37,,7/26 (27%),0/5 (0%),48%,11,15/39 (38%),14/22 (64%),3/6 (50%),60%,10,6,,8,,2,,,,,3
10462580,334,42689,SPECIAL_EVENT,GROUP,"EFL Trophy, Southern Group G",SUPER_CUP,6339,Sutton United,Local,2ND,31/08/2022,,0,36%,0.00,1,6,3,2,,136,6,3,2,0,2,1,4,0,5,1,,1,0,,2,0,87,11,28,,11/37 (30%),3/6 (50%),42%,10,12/32 (38%),9/18 (50%),3/3 (100%),50%,6,14,,10,,3,,,,,9
10462580,334,42689,SPECIAL_EVENT,GROUP,"EFL Trophy, Southern Group G",SUPER_CUP,36539,Chelsea U21,Visita,ALL,31/08/2022,,0,67%,0.00,1,13,3,4,7,521,24,8,4,1,5,0,6,2,5,8,,1,0,,1,1,425,15,64,,25/54 (46%),4/15 (27%),55%,12,44/71 (62%),17/40 (43%),12/16 (75%),71%,24,10,,16,,3,,,,,11
10462580,334,42689,SPECIAL_EVENT,GROUP,"EFL Trophy, Southern Group G",SUPER_CUP,36539,Chelsea U21,Visita,1ST,31/08/2022,,0,69%,0.00,1,6,1,2,,276,14,2,1,0,2,0,2,2,2,4,,1,0,,0,1,229,6,24,,16/30 (53%),2/7 (29%),52%,8,24/39 (62%),8/22 (36%),8/10 (80%),79%,14,4,,11,,1,,,,,6
10462580,334,42689,SPECIAL_EVENT,GROUP,"EFL Trophy, Southern Group G",SUPER_CUP,36539,Chelsea U21,Visita,2ND,31/08/2022,,0,64%,0.00,0,7,2,2,,245,10,6,3,1,3,0,4,0,3,4,,0,0,,1,0,196,9,40,,9/24 (38%),2/8 (25%),58%,4,20/32 (63%),9/18 (50%),4/6 (67%),60%,10,6,,5,,2,,,,,5
10405898,25,42403,NORMAL,REGULAR,Round 7,LEAGUE,6339,Sutton United,Local,ALL,03/09/2022,7,2,52%,0.00,2,20,0,14,8,314,9,6,1,0,7,0,8,5,12,8,2,,,,1,1,195,32,80,,30/82 (37%),9/33 (27%),50%,12,21/48 (44%),39/73 (53%),6/12 (50%),56%,9,11,,25,,0,,,,,11
10405898,25,42403,NORMAL,REGULAR,Round 7,LEAGUE,6339,Sutton United,Local,1ST,03/09/2022,7,1,51%,0.00,1,13,0,9,,148,4,1,0,0,4,0,5,4,9,4,1,,,,1,0,97,14,40,,18/42 (43%),6/19 (32%),39%,9,10/28 (36%),12/29 (41%),5/8 (63%),75%,4,5,,9,,0,,,,,4
10405898,25,42403,NORMAL,REGULAR,Round 7,LEAGUE,6339,Sutton United,Local,2ND,03/09/2022,7,1,53%,0.00,1,7,0,5,,166,5,5,1,0,3,0,3,1,3,4,1,,,,0,1,98,18,40,,12/40 (30%),3/14 (21%),59%,3,11/20 (55%),27/44 (61%),1/4 (25%),40%,5,6,,16,,0,,,,,7
10405898,25,42403,NORMAL,REGULAR,Round 7,LEAGUE,159,Harrogate Town,Visita,ALL,03/09/2022,7,1,48%,0.00,1,7,5,3,7,315,18,8,2,1,1,2,6,0,4,3,1,,,,2,0,186,22,69,,27/90 (30%),2/9 (22%),50%,7,27/48 (56%),34/73 (47%),2/4 (50%),67%,18,8,,49,,5,,,,,13
10405898,25,42403,NORMAL,REGULAR,Round 7,LEAGUE,159,Harrogate Town,Visita,1ST,03/09/2022,7,1,49%,0.00,1,5,3,0,,158,12,6,1,0,1,2,4,0,3,2,1,,,,2,0,103,9,31,,12/38 (32%),1/4 (25%),61%,3,18/28 (64%),17/29 (59%),1/2 (50%),92%,12,2,,27,,3,,,,,5
10405898,25,42403,NORMAL,REGULAR,Round 7,LEAGUE,159,Harrogate Town,Visita,2ND,03/09/2022,7,0,47%,0.00,0,2,2,3,,157,6,2,1,1,0,0,2,0,1,1,0,,,,0,0,83,13,38,,15/52 (29%),1/5 (20%),41%,4,9/20 (45%),17/44 (39%),1/2 (50%),17%,6,6,,22,,2,,,,,8
10406325,25,42403,NORMAL,REGULAR,Round 9,LEAGUE,53,Swindon Town,Local,ALL,13/09/2022,9,3,68%,0.00,2,17,6,8,5,487,14,7,2,,9,0,4,4,10,7,,2,1,,2,2,382,18,63,,29/70 (41%),11/25 (44%),47%,12,29/58 (50%),27/61 (44%),8/15 (53%),50%,14,5,,24,,6,,,,,11
10406325,25,42403,NORMAL,REGULAR,Round 9,LEAGUE,53,Swindon Town,Local,1ST,13/09/2022,9,2,69%,0.00,2,11,3,5,,260,7,5,1,,7,0,2,2,6,5,,2,0,,1,0,209,9,33,,14/31 (45%),4/13 (31%),52%,6,17/31 (55%),15/31 (48%),5/7 (71%),57%,7,3,,13,,3,,,,,3
10406325,25,42403,NORMAL,REGULAR,Round 9,LEAGUE,53,Swindon Town,Local,2ND,13/09/2022,9,1,66%,0.00,0,6,3,3,,227,7,2,1,,2,0,2,2,4,2,,0,1,,1,2,173,9,30,,15/39 (38%),7/12 (58%),42%,6,12/27 (44%),12/30 (40%),3/8 (38%),43%,7,2,,11,,3,,,,,8
10406325,25,42403,NORMAL,REGULAR,Round 9,LEAGUE,6339,Sutton United,Visita,ALL,13/09/2022,9,2,32%,0.00,1,15,6,9,8,228,19,5,2,,8,0,3,4,10,5,,1,0,,2,1,128,24,59,,18/60 (30%),6/18 (33%),53%,9,29/58 (50%),34/61 (56%),5/10 (50%),47%,19,11,,17,,6,,,,,10
10406325,25,42403,NORMAL,REGULAR,Round 9,LEAGUE,6339,Sutton United,Visita,1ST,13/09/2022,9,2,31%,0.00,0,7,5,4,,113,8,2,1,,5,0,1,1,5,2,,0,0,,1,0,67,10,24,,6/26 (23%),3/10 (30%),48%,5,14/31 (45%),16/31 (52%),4/6 (67%),38%,8,8,,10,,5,,,,,6
10406325,25,42403,NORMAL,REGULAR,Round 9,LEAGUE,6339,Sutton United,Visita,2ND,13/09/2022,9,0,34%,0.00,1,8,1,5,,115,11,3,1,,3,0,2,3,5,3,,1,0,,1,1,61,14,35,,12/34 (35%),3/8 (38%),58%,4,15/27 (56%),18/30 (60%),1/4 (25%),55%,11,3,,7,,1,,,,,4
10406240,25,42403,NORMAL,REGULAR,Round 10,LEAGUE,6339,Sutton United,Local,ALL,17/09/2022,10,2,40%,0.00,3,10,1,6,7,333,31,9,0,,6,0,2,2,10,0,2,1,1,,1,,210,23,84,,29/88 (33%),7/17 (41%),50%,18,40/76 (53%),17/38 (45%),1/6 (17%),74%,31,7,,18,,1,,,,,7
10406240,25,42403,NORMAL,REGULAR,Round 10,LEAGUE,6339,Sutton United,Local,1ST,17/09/2022,10,0,40%,0.00,0,3,0,2,,178,13,5,0,,1,0,2,0,3,0,0,0,1,,1,,121,12,47,,15/39 (38%),3/9 (33%),43%,6,18/35 (51%),7/23 (30%),1/4 (25%),62%,13,4,,9,,0,,,,,3
10406240,25,42403,NORMAL,REGULAR,Round 10,LEAGUE,6339,Sutton United,Local,2ND,17/09/2022,10,2,40%,0.00,3,7,1,4,,155,18,4,0,,5,0,0,2,7,0,2,1,0,,0,,89,11,37,,14/49 (29%),4/8 (50%),57%,12,22/41 (54%),10/15 (67%),0/2 (0%),83%,18,3,,9,,1,,,,,4
10406240,25,42403,NORMAL,REGULAR,Round 10,LEAGUE,101,Hartlepool United,Visita,ALL,17/09/2022,10,0,60%,0.00,0,8,4,7,9,504,23,7,1,,1,0,4,3,5,3,0,0,0,,0,,388,29,71,,34/84 (40%),6/15 (40%),50%,17,36/76 (47%),21/38 (55%),7/21 (33%),57%,23,7,,24,,4,,,,,11
10406240,25,42403,NORMAL,REGULAR,Round 10,LEAGUE,101,Hartlepool United,Visita,1ST,17/09/2022,10,0,60%,0.00,0,2,1,2,,274,9,5,0,,0,0,2,0,1,1,0,0,0,,0,,211,13,31,,19/46 (41%),3/6 (50%),57%,9,17/35 (49%),16/23 (70%),4/8 (50%),67%,9,3,,12,,1,,,,,7
10406240,25,42403,NORMAL,REGULAR,Round 10,LEAGUE,101,Hartlepool United,Visita,2ND,17/09/2022,10,0,60%,0.00,0,6,3,5,,230,14,2,1,,1,0,2,3,4,2,0,0,0,,0,,177,16,40,,15/38 (39%),3/9 (33%),43%,8,19/41 (46%),5/15 (33%),3/13 (23%),50%,14,4,,12,,3,,,,,4
10460411,334,42689,SPECIAL_EVENT,GROUP,"EFL Trophy, Southern Group G",SUPER_CUP,83,Leyton Orient,Local,ALL,20/09/2022,,3,69%,0.00,4,15,2,8,11,527,20,8,3,0,8,1,5,2,9,6,2,2,2,,3,0,421,24,65,,24/66 (36%),1/14 (7%),50%,7,36/68 (53%),30/63 (48%),9/16 (56%),55%,20,4,,23,,2,,,,,13
10460411,334,42689,SPECIAL_EVENT,GROUP,"EFL Trophy, Southern Group G",SUPER_CUP,83,Leyton Orient,Local,1ST,20/09/2022,,2,70%,0.00,3,12,1,7,,234,10,2,0,0,6,1,4,2,7,5,2,1,2,,0,0,182,10,31,,5/26 (19%),1/10 (10%),54%,0,15/29 (52%),18/32 (56%),4/7 (57%),50%,10,1,,13,,1,,,,,4
10460411,334,42689,SPECIAL_EVENT,GROUP,"EFL Trophy, Southern Group G",SUPER_CUP,83,Leyton Orient,Local,2ND,20/09/2022,,1,69%,0.00,1,3,1,1,,293,10,6,3,0,2,0,1,0,2,1,0,1,0,,3,0,239,14,34,,19/40 (48%),0/4 (0%),47%,7,21/39 (54%),12/31 (39%),5/9 (56%),60%,10,3,,10,,1,,,,,9
10460411,334,42689,SPECIAL_EVENT,GROUP,"EFL Trophy, Southern Group G",SUPER_CUP,6339,Sutton United,Visita,ALL,20/09/2022,,1,31%,0.00,0,10,4,4,8,234,14,11,3,1,3,0,6,1,4,6,0,0,0,,2,2,124,21,56,,23/67 (34%),6/10 (60%),50%,14,32/68 (47%),33/63 (52%),7/13 (54%),43%,14,10,,16,,4,,,,,10
10460411,334,42689,SPECIAL_EVENT,GROUP,"EFL Trophy, Southern Group G",SUPER_CUP,6339,Sutton United,Visita,1ST,20/09/2022,,1,30%,0.00,0,4,4,2,,100,3,6,0,0,2,0,2,0,2,2,0,0,0,,1,0,51,14,28,,8/31 (26%),4/7 (57%),46%,8,14/29 (48%),14/32 (44%),5/7 (71%),0%,3,4,,11,,4,,,,,7
10460411,334,42689,SPECIAL_EVENT,GROUP,"EFL Trophy, Southern Group G",SUPER_CUP,6339,Sutton United,Visita,2ND,20/09/2022,,0,31%,0.00,0,6,0,2,,134,11,5,3,1,1,0,4,1,2,4,0,0,0,,1,2,73,7,28,,15/36 (42%),2/3 (67%),53%,6,18/39 (46%),19/31 (61%),2/6 (33%),55%,11,6,,5,,0,,,,,3
10406142,25,42403,NORMAL,REGULAR,Round 11,LEAGUE,6339,Sutton United,Local,ALL,24/09/2022,11,1,36%,0.00,1,13,2,3,21,253,13,10,1,1,2,0,7,4,8,5,1,0,,,4,3,149,29,74,,26/64 (41%),3/14 (21%),42%,5,27/76 (36%),28/55 (51%),4/16 (25%),69%,13,10,,12,,2,,,,,12
10406142,25,42403,NORMAL,REGULAR,Round 11,LEAGUE,6339,Sutton United,Local,1ST,24/09/2022,11,0,35%,0.00,0,8,1,2,,120,9,6,0,0,0,0,5,3,5,3,0,0,,,3,0,66,8,33,,10/31 (32%),1/7 (14%),49%,2,17/43 (40%),18/28 (64%),2/7 (29%),78%,9,8,,7,,1,,,,,6
10406142,25,42403,NORMAL,REGULAR,Round 11,LEAGUE,6339,Sutton United,Local,2ND,24/09/2022,11,1,37%,0.00,1,5,1,1,,133,4,4,1,1,2,0,2,1,3,2,1,0,,,1,3,83,21,41,,16/33 (48%),2/7 (29%),33%,3,10/33 (30%),10/27 (37%),2/9 (22%),50%,4,2,,5,,1,,,,,6
10406142,25,42403,NORMAL,REGULAR,Round 11,LEAGUE,37998,Salford City,Visita,ALL,24/09/2022,11,2,64%,0.00,2,14,1,3,10,463,17,21,4,0,4,0,5,5,11,3,1,1,,,2,1,357,22,56,,25/74 (34%),8/16 (50%),58%,6,49/76 (64%),27/55 (49%),12/19 (63%),71%,17,5,,35,,1,,,,,12
10406142,25,42403,NORMAL,REGULAR,Round 11,LEAGUE,37998,Salford City,Visita,1ST,24/09/2022,11,0,65%,0.00,1,5,0,1,,233,7,12,1,0,1,0,3,1,3,2,0,1,,,1,0,175,13,27,,13/40 (33%),4/8 (50%),51%,4,26/43 (60%),10/28 (36%),8/13 (62%),86%,7,3,,13,,0,,,,,9
10406142,25,42403,NORMAL,REGULAR,Round 11,LEAGUE,37998,Salford City,Visita,2ND,24/09/2022,11,2,63%,0.00,1,9,1,2,,230,10,9,3,0,3,0,2,4,8,1,1,0,,,1,1,182,9,29,,12/34 (35%),4/8 (50%),67%,2,23/33 (70%),17/27 (63%),4/6 (67%),60%,10,2,,22,,1,,,,,3
10406391,25,42403,NORMAL,REGULAR,Round 12,LEAGUE,20,Gillingham,Local,ALL,01/10/2022,12,1,48%,0.00,,13,1,7,10,301,12,11,0,,5,0,3,5,9,4,,,,,5,3,163,28,101,,22/91 (24%),4/23 (17%),51%,9,27/55 (49%),33/63 (52%),4/11 (36%),67%,12,3,,31,,1,,,,,8
10406391,25,42403,NORMAL,REGULAR,Round 12,LEAGUE,20,Gillingham,Local,1ST,01/10/2022,12,0,46%,0.00,,3,1,3,,154,4,5,0,,0,0,1,2,1,2,,,,,3,3,73,19,52,,9/45 (20%),2/8 (25%),43%,3,10/20 (50%),12/31 (39%),1/3 (33%),75%,4,0,,16,,1,,,,,5
10406391,25,42403,NORMAL,REGULAR,Round 12,LEAGUE,20,Gillingham,Local,2ND,01/10/2022,12,1,51%,0.00,,10,0,4,,147,8,6,0,,5,0,2,3,8,2,,,,,2,0,90,9,49,,13/46 (28%),2/15 (13%),57%,6,17/35 (49%),21/32 (66%),3/8 (38%),63%,8,3,,15,,0,,,,,3
10406391,25,42403,NORMAL,REGULAR,Round 12,LEAGUE,6339,Sutton United,Visita,ALL,01/10/2022,12,0,52%,0.00,,7,4,5,13,334,16,10,2,,1,0,2,4,5,2,,,,,0,0,196,30,84,,36/93 (39%),5/13 (38%),49%,8,28/55 (51%),30/63 (48%),2/6 (33%),50%,16,6,,28,,4,,,,,9
10406391,25,42403,NORMAL,REGULAR,Round 12,LEAGUE,6339,Sutton United,Visita,1ST,01/10/2022,12,0,54%,0.00,,2,0,1,,184,5,4,0,,1,0,0,1,1,1,,,,,0,0,113,17,44,,21/47 (45%),1/5 (20%),57%,4,10/20 (50%),19/31 (61%),1/1 (100%),60%,5,4,,16,,0,,,,,1
10406391,25,42403,NORMAL,REGULAR,Round 12,LEAGUE,6339,Sutton United,Visita,2ND,01/10/2022,12,0,49%,0.00,,5,4,4,,150,11,6,2,,0,0,2,3,4,1,,,,,0,0,83,13,40,,15/46 (33%),4/8 (50%),43%,4,18/35 (51%),11/32 (34%),1/5 (20%),45%,11,2,,12,,4,,,,,8
10706812,25,42403,NORMAL,REGULAR,Round 8,LEAGUE,133,Stevenage,Local,ALL,04/10/2022,8,3,50%,0.00,1,11,0,2,12,335,20,15,2,,7,0,3,1,9,2,1,,,,4,3,183,24,84,,31/94 (33%),5/14 (36%),58%,7,39/66 (59%),45/79 (57%),4/7 (57%),55%,20,6,,14,,0,,,,,11
10706812,25,42403,NORMAL,REGULAR,Round 8,LEAGUE,133,Stevenage,Local,1ST,04/10/2022,8,1,49%,0.00,0,2,0,0,,174,10,6,0,,1,0,1,0,2,0,0,,,,0,1,95,17,46,,17/49 (35%),1/4 (25%),57%,3,19/33 (58%),23/41 (56%),3/5 (60%),60%,10,3,,7,,0,,,,,5
10706812,25,42403,NORMAL,REGULAR,Round 8,LEAGUE,133,Stevenage,Local,2ND,04/10/2022,8,2,50%,0.00,1,9,0,2,,161,10,9,2,,6,0,2,1,7,2,1,,,,4,2,88,7,38,,14/45 (31%),4/10 (40%),59%,4,20/33 (61%),22/38 (58%),1/2 (50%),50%,10,3,,7,,0,,,,,6
10706812,25,42403,NORMAL,REGULAR,Round 8,LEAGUE,6339,Sutton United,Visita,ALL,04/10/2022,8,0,50%,0.00,0,7,4,2,16,335,10,12,5,,0,0,5,2,3,4,0,,,,2,0,194,30,85,,22/81 (27%),4/15 (27%),42%,14,27/66 (41%),34/79 (43%),5/11 (45%),80%,10,14,,19,,4,,,,,6
10706812,25,42403,NORMAL,REGULAR,Round 8,LEAGUE,6339,Sutton United,Visita,1ST,04/10/2022,8,0,51%,0.00,0,6,0,0,,177,5,7,1,,0,0,4,2,2,4,0,,,,1,0,108,13,42,,14/43 (33%),0/6 (0%),43%,7,14/33 (42%),18/41 (44%),2/5 (40%),60%,5,6,,9,,0,,,,,3
10706812,25,42403,NORMAL,REGULAR,Round 8,LEAGUE,6339,Sutton United,Visita,2ND,04/10/2022,8,0,50%,0.00,0,1,4,2,,158,5,5,4,,0,0,1,0,1,0,0,,,,1,0,86,17,43,,8/38 (21%),4/9 (44%),41%,7,13/33 (39%),16/38 (42%),3/6 (50%),100%,5,8,,10,,4,,,,,3
10406558,25,42403,NORMAL,REGULAR,Round 13,LEAGUE,6339,Sutton United,Local,ALL,08/10/2022,13,0,56%,0.00,1,5,1,2,6,410,10,11,1,,1,0,3,1,3,2,0,1,,,5,0,259,27,102,,45/104 (43%),3/18 (17%),56%,14,24/52 (46%),43/67 (64%),3/10 (30%),70%,10,6,,20,,1,,,,,8
10406558,25,42403,NORMAL,REGULAR,Round 13,LEAGUE,6339,Sutton United,Local,1ST,08/10/2022,13,0,56%,0.00,0,3,1,1,,195,5,5,1,,1,0,2,0,1,2,0,0,,,3,0,119,14,54,,21/52 (40%),2/9 (22%),51%,10,11/28 (39%),20/33 (61%),1/4 (25%),60%,5,2,,10,,1,,,,,4
10406558,25,42403,NORMAL,REGULAR,Round 13,LEAGUE,6339,Sutton United,Local,2ND,08/10/2022,13,0,56%,0.00,1,2,0,1,,215,5,6,0,,0,0,1,1,2,0,0,1,,,2,0,140,13,48,,24/52 (46%),1/9 (11%),62%,4,13/24 (54%),23/34 (68%),2/6 (33%),80%,5,4,,10,,0,,,,,4
10406558,25,42403,NORMAL,REGULAR,Round 13,LEAGUE,51,Tranmere Rovers,Visita,ALL,08/10/2022,13,2,44%,0.00,2,12,1,3,12,326,21,5,2,,3,0,3,6,5,7,2,0,,,2,1,161,29,92,,30/115 (26%),4/12 (33%),44%,6,28/52 (54%),24/67 (36%),2/6 (33%),43%,21,9,,24,,1,,,,,11
10406558,25,42403,NORMAL,REGULAR,Round 13,LEAGUE,51,Tranmere Rovers,Visita,1ST,08/10/2022,13,2,44%,0.00,2,7,1,0,,157,13,3,1,,3,0,1,3,2,5,2,0,,,2,0,76,17,48,,11/47 (23%),2/2 (100%),49%,3,17/28 (61%),13/33 (39%),1/3 (33%),23%,13,6,,10,,1,,,,,5
10406558,25,42403,NORMAL,REGULAR,Round 13,LEAGUE,51,Tranmere Rovers,Visita,2ND,08/10/2022,13,0,44%,0.00,0,5,0,3,,169,8,2,1,,0,0,2,3,3,2,0,0,,,0,1,85,12,44,,19/68 (28%),2/10 (20%),38%,3,11/24 (46%),11/34 (32%),1/3 (33%),75%,8,3,,14,,0,,,,,6
10406482,25,42403,NORMAL,REGULAR,Round 14,LEAGUE,23957,AFC Wimbledon,Local,ALL,15/10/2022,14,0,60%,0.00,2,7,6,4,19,345,16,16,2,,1,0,4,2,6,1,,2,,,2,4,216,31,71,,27/78 (35%),3/15 (20%),44%,9,32/69 (46%),18/44 (41%),1/5 (20%),63%,16,2,,14,,6,,,,,5
10406482,25,42403,NORMAL,REGULAR,Round 14,LEAGUE,23957,AFC Wimbledon,Local,1ST,15/10/2022,14,0,58%,0.00,2,6,2,2,,158,9,8,1,,1,0,4,1,5,1,,2,,,1,2,91,16,42,,9/38 (24%),2/9 (22%),45%,4,18/39 (46%),12/28 (43%),1/4 (25%),56%,9,1,,4,,2,,,,,1
10406482,25,42403,NORMAL,REGULAR,Round 14,LEAGUE,23957,AFC Wimbledon,Local,2ND,15/10/2022,14,0,61%,0.00,0,1,4,2,,187,7,8,1,,0,0,0,1,1,0,,0,,,1,2,125,15,29,,18/40 (45%),1/6 (17%),43%,5,14/30 (47%),6/16 (38%),0/1 (0%),71%,7,1,,10,,4,,,,,4
10406482,25,42403,NORMAL,REGULAR,Round 14,LEAGUE,6339,Sutton United,Visita,ALL,15/10/2022,14,1,40%,0.00,2,13,1,8,17,228,13,19,3,,7,0,2,4,7,6,,2,,,2,1,134,29,70,,24/73 (33%),4/18 (22%),56%,8,37/69 (54%),26/44 (59%),5/13 (38%),69%,13,8,,24,,1,,,,,7
10406482,25,42403,NORMAL,REGULAR,Round 14,LEAGUE,6339,Sutton United,Visita,1ST,15/10/2022,14,1,42%,0.00,0,4,1,2,,113,7,10,0,,3,0,0,1,4,0,,0,,,1,1,70,17,40,,12/34 (35%),2/8 (25%),55%,4,21/39 (54%),16/28 (57%),4/9 (44%),57%,7,4,,13,,1,,,,,3
10406482,25,42403,NORMAL,REGULAR,Round 14,LEAGUE,6339,Sutton United,Visita,2ND,15/10/2022,14,0,39%,0.00,2,9,0,6,,115,6,9,3,,4,0,2,3,3,6,,2,,,1,0,64,12,30,,12/39 (31%),2/10 (20%),57%,4,16/30 (53%),10/16 (63%),1/4 (25%),83%,6,4,,11,,0,,,,,4
10462641,334,42689,SPECIAL_EVENT,GROUP,"EFL Trophy, Southern Group G",SUPER_CUP,6339,Sutton United,Local,ALL,18/10/2022,,2,31%,0.00,1,12,4,3,8,235,20,10,2,,4,0,6,2,5,7,1,0,0,,5,2,116,24,60,,16/75 (21%),4/11 (36%),54%,5,33/57 (58%),18/38 (47%),3/12 (25%),45%,20,11,,24,,4,,,,,10
10462641,334,42689,SPECIAL_EVENT,GROUP,"EFL Trophy, Southern Group G",SUPER_CUP,6339,Sutton United,Local,1ST,18/10/2022,,0,33%,0.00,0,6,0,1,,131,12,4,0,,1,0,4,1,1,5,0,0,0,,2,0,71,16,24,,13/40 (33%),1/6 (17%),54%,5,18/32 (56%),9/18 (50%),2/6 (33%),42%,12,6,,5,,0,,,,,6
10462641,334,42689,SPECIAL_EVENT,GROUP,"EFL Trophy, Southern Group G",SUPER_CUP,6339,Sutton United,Local,2ND,18/10/2022,,2,30%,0.00,1,6,4,2,,104,8,6,2,,3,0,2,1,4,2,1,0,0,,3,2,45,8,36,,3/35 (9%),3/5 (60%),53%,0,15/25 (60%),9/20 (45%),1/6 (17%),50%,8,5,,19,,4,,,,,4
10462641,334,42689,SPECIAL_EVENT,GROUP,"EFL Trophy, Southern Group G",SUPER_CUP,95,Oxford United,Visita,ALL,18/10/2022,,0,69%,0.00,2,14,2,2,11,512,14,8,0,,4,2,6,4,8,6,0,2,1,,1,3,397,33,79,,39/83 (47%),3/19 (16%),46%,9,24/57 (42%),20/38 (53%),2/13 (15%),57%,14,7,,12,,2,,,,,10
10462641,334,42689,SPECIAL_EVENT,GROUP,"EFL Trophy, Southern Group G",SUPER_CUP,95,Oxford United,Visita,1ST,18/10/2022,,0,67%,0.00,2,6,1,0,,276,9,3,0,,0,2,4,2,4,2,0,2,0,,0,2,216,15,41,,21/46 (46%),2/5 (40%),46%,4,14/32 (44%),9/18 (50%),2/10 (20%),44%,9,0,,5,,1,,,,,4
10462641,334,42689,SPECIAL_EVENT,GROUP,"EFL Trophy, Southern Group G",SUPER_CUP,95,Oxford United,Visita,2ND,18/10/2022,,0,70%,0.00,0,8,1,2,,236,5,5,0,,4,0,2,2,4,4,0,0,1,,1,1,181,18,38,,18/37 (49%),1/14 (7%),47%,5,10/25 (40%),11/20 (55%),0/3 (0%),80%,5,7,,7,,1,,,,,6
10405741,25,42403,NORMAL,REGULAR,Round 15,LEAGUE,6339,Sutton United,Local,ALL,22/10/2022,15,1,72%,0.00,1,15,1,7,7,440,19,10,1,0,5,1,6,4,7,8,1,,,,2,2,344,35,84,,41/71 (58%),9/32 (28%),55%,12,31/65 (48%),34/54 (63%),2/11 (18%),68%,19,3,,21,,1,,,,,8
10405741,25,42403,NORMAL,REGULAR,Round 15,LEAGUE,6339,Sutton United,Local,1ST,22/10/2022,15,0,68%,0.00,0,5,1,2,,186,9,7,1,0,1,1,3,1,3,2,0,,,,1,2,132,18,41,,18/32 (56%),2/10 (20%),55%,7,16/36 (44%),19/28 (68%),0/6 (0%),67%,9,1,,8,,1,,,,,5
10405741,25,42403,NORMAL,REGULAR,Round 15,LEAGUE,6339,Sutton United,Local,2ND,22/10/2022,15,1,76%,0.00,1,10,0,5,,254,10,3,0,0,4,0,3,3,4,6,1,,,,1,0,212,17,43,,23/39 (59%),7/22 (32%),55%,5,15/29 (52%),15/26 (58%),2/5 (40%),70%,10,2,,13,,0,,,,,3
10405741,25,42403,NORMAL,REGULAR,Round 15,LEAGUE,26,Walsall,Visita,ALL,22/10/2022,15,1,28%,0.00,0,7,4,3,10,173,21,7,3,1,2,0,1,4,4,3,0,,,,0,1,77,29,66,,14/65 (22%),0/7 (0%),45%,10,34/65 (52%),20/54 (37%),7/16 (44%),43%,21,6,,27,,4,,,,,7
10405741,25,42403,NORMAL,REGULAR,Round 15,LEAGUE,26,Walsall,Visita,1ST,22/10/2022,15,0,32%,0.00,0,1,1,2,,92,13,4,3,1,1,0,0,0,1,0,0,,,,0,1,40,13,39,,9/37 (24%),0/2 (0%),45%,5,20/36 (56%),9/28 (32%),3/7 (43%),46%,13,2,,13,,1,,,,,2
10405741,25,42403,NORMAL,REGULAR,Round 15,LEAGUE,26,Walsall,Visita,2ND,22/10/2022,15,1,24%,0.00,0,6,3,1,,81,8,3,0,0,1,0,1,4,3,3,0,,,,0,0,37,16,27,,5/28 (18%),0/5 (0%),45%,5,14/29 (48%),11/26 (42%),4/9 (44%),38%,8,4,,14,,3,,,,,5
10405747,25,42403,NORMAL,REGULAR,Round 16,LEAGUE,57,Northampton Town,Local,ALL,25/10/2022,16,2,51%,0.00,1,11,0,5,10,326,11,10,1,,5,0,4,2,7,4,0,1,2,,3,2,196,29,82,,15/82 (18%),4/18 (22%),45%,6,23/45 (51%),20/50 (40%),2/4 (50%),73%,11,12,,15,,0,,,,,9
10405747,25,42403,NORMAL,REGULAR,Round 16,LEAGUE,57,Northampton Town,Local,1ST,25/10/2022,16,2,56%,0.00,0,8,0,1,,196,5,4,0,,4,0,2,2,5,3,0,0,1,,2,0,138,17,45,,10/41 (24%),2/8 (25%),53%,2,11/19 (58%),13/26 (50%),2/3 (67%),60%,5,2,,7,,0,,,,,3
10405747,25,42403,NORMAL,REGULAR,Round 16,LEAGUE,57,Northampton Town,Local,2ND,25/10/2022,16,0,46%,0.00,1,3,0,4,,130,6,6,1,,1,0,2,0,2,1,0,1,1,,1,2,58,12,37,,5/41 (12%),2/10 (20%),38%,4,12/26 (46%),7/24 (29%),0/1 (0%),83%,6,10,,8,,0,,,,,6
10405747,25,42403,NORMAL,REGULAR,Round 16,LEAGUE,6339,Sutton United,Visita,ALL,25/10/2022,16,2,49%,0.00,3,11,3,5,11,311,8,10,2,,2,0,6,3,8,3,1,2,0,,0,2,178,25,92,,33/82 (40%),4/16 (25%),55%,5,22/45 (49%),30/50 (60%),4/10 (40%),38%,8,11,,31,,3,,,,,6
10405747,25,42403,NORMAL,REGULAR,Round 16,LEAGUE,6339,Sutton United,Visita,1ST,25/10/2022,16,0,44%,0.00,1,3,2,2,,155,3,3,2,,0,0,2,1,2,1,0,1,0,,0,2,96,16,42,,14/36 (39%),1/8 (13%),47%,3,8/19 (42%),13/26 (50%),2/4 (50%),33%,3,8,,15,,2,,,,,3
10405747,25,42403,NORMAL,REGULAR,Round 16,LEAGUE,6339,Sutton United,Visita,2ND,25/10/2022,16,2,54%,0.00,2,8,1,3,,156,5,7,0,,2,0,4,2,6,2,1,1,0,,0,0,82,9,50,,19/46 (41%),3/8 (38%),62%,2,14/26 (54%),17/24 (71%),2/6 (33%),40%,5,3,,16,,1,,,,,3
10405833,25,42403,NORMAL,REGULAR,Round 17,LEAGUE,10,Stockport County,Local,ALL,29/10/2022,17,3,79%,0.00,5,16,1,9,3,672,13,6,1,0,6,0,8,2,11,5,2,3,,,2,1,579,28,119,,40/75 (53%),10/32 (31%),64%,5,23/36 (64%),25/39 (64%),4/7 (57%),46%,13,6,,6,,1,,,,,6
10405833,25,42403,NORMAL,REGULAR,Round 17,LEAGUE,10,Stockport County,Local,1ST,29/10/2022,17,1,76%,0.00,3,8,1,4,,337,9,2,1,0,3,0,4,1,5,3,1,2,,,1,0,293,16,61,,16/34 (47%),5/15 (33%),71%,2,11/18 (61%),14/17 (82%),0/1 (0%),33%,9,3,,2,,1,,,,,2
10405833,25,42403,NORMAL,REGULAR,Round 17,LEAGUE,10,Stockport County,Local,2ND,29/10/2022,17,2,83%,0.00,2,8,0,5,,335,4,4,0,0,3,0,4,1,6,2,1,1,,,1,1,286,12,58,,24/41 (59%),5/17 (29%),58%,3,12/18 (67%),11/22 (50%),4/6 (67%),75%,4,3,,4,,0,,,,,4
10405833,25,42403,NORMAL,REGULAR,Round 17,LEAGUE,6339,Sutton United,Visita,ALL,29/10/2022,17,0,21%,0.00,0,6,3,3,7,177,8,3,2,1,1,0,3,2,4,2,0,0,,,2,1,92,24,53,,14/60 (23%),4/8 (50%),36%,4,13/36 (36%),14/39 (36%),2/11 (18%),88%,8,9,,27,,3,,,,,9
10405833,25,42403,NORMAL,REGULAR,Round 17,LEAGUE,6339,Sutton United,Visita,1ST,29/10/2022,17,0,24%,0.00,0,3,2,3,,109,3,2,1,1,1,0,0,2,1,2,0,0,,,1,1,64,7,26,,8/31 (26%),2/4 (50%),29%,3,7/18 (39%),3/17 (18%),2/8 (25%),100%,3,2,,13,,2,,,,,5
10405833,25,42403,NORMAL,REGULAR,Round 17,LEAGUE,6339,Sutton United,Visita,2ND,29/10/2022,17,0,17%,0.00,0,3,1,0,,68,5,1,1,0,0,0,3,0,3,0,0,0,,,1,0,28,17,27,,6/29 (21%),2/4 (50%),42%,1,6/18 (33%),11/22 (50%),0/3 (0%),80%,5,7,,14,,1,,,,,4
10825448,19,41913,NORMAL,PLAYOFF,Round 1,CUP,6339,Sutton United,Local,ALL,05/11/2022,1,0,,,,0,,0,,,,,3,0,0,,,,,,,,,,,,,,,,,,,,,,,,,,,,,,,,,,
10825448,19,41913,NORMAL,PLAYOFF,Round 1,CUP,6339,Sutton United,Local,1ST,05/11/2022,1,,,,,,,,,,,,,,,,,,,,,,,,,,,,,,,,,,,,,,,,,,,,,,,,
10825448,19,41913,NORMAL,PLAYOFF,Round 1,CUP,6339,Sutton United,Local,2ND,05/11/2022,1,,,,,,,,,,,,,,,,,,,,,,,,,,,,,,,,,,,,,,,,,,,,,,,,
10825448,19,41913,NORMAL,PLAYOFF,Round 1,CUP,88,Farnborough,Visita,ALL,05/11/2022,1,2,,,,2,,0,,,,,0,0,2,,,,,,,,,,,,,,,,,,,,,,,,,,,,,,,,,,
10825448,19,41913,NORMAL,PLAYOFF,Round 1,CUP,88,Farnborough,Visita,1ST,05/11/2022,1,,,,,,,,,,,,,,,,,,,,,,,,,,,,,,,,,,,,,,,,,,,,,,,,
10825448,19,41913,NORMAL,PLAYOFF,Round 1,CUP,88,Farnborough,Visita,2ND,05/11/2022,1,,,,,,,,,,,,,,,,,,,,,,,,,,,,,,,,,,,,,,,,,,,,,,,,
10405863,25,42403,NORMAL,REGULAR,Round 18,LEAGUE,6339,Sutton United,Local,ALL,12/11/2022,18,0,50%,0.00,0,10,1,5,16,298,8,13,0,,1,0,4,5,9,1,0,0,,,3,1,171,35,88,,41/94 (44%),4/17 (24%),49%,3,22/53 (42%),36/66 (55%),1/8 (13%),88%,8,12,,12,,1,,,,,9
10405863,25,42403,NORMAL,REGULAR,Round 18,LEAGUE,6339,Sutton United,Local,1ST,12/11/2022,18,0,41%,0.00,0,7,0,3,,123,3,4,0,,1,0,3,3,6,1,0,0,,,2,0,70,15,37,,23/42 (55%),2/10 (20%),42%,3,7/22 (32%),15/31 (48%),0/3 (0%),100%,3,4,,10,,0,,,,,5
10405863,25,42403,NORMAL,REGULAR,Round 18,LEAGUE,6339,Sutton United,Local,2ND,12/11/2022,18,0,59%,0.00,0,3,1,2,,175,5,9,0,,0,0,1,2,3,0,0,0,,,1,1,101,20,51,,18/52 (35%),2/7 (29%),55%,0,15/31 (48%),21/35 (60%),1/5 (20%),80%,5,8,,2,,1,,,,,4
10405863,25,42403,NORMAL,REGULAR,Round 18,LEAGUE,22,Bradford City,Visita,ALL,12/11/2022,18,2,50%,0.00,3,11,1,2,13,312,10,16,4,,4,0,5,2,4,7,1,2,,,1,0,177,29,69,,22/87 (25%),1/6 (17%),51%,3,31/53 (58%),30/66 (45%),5/10 (50%),50%,10,5,,37,,1,,,,,13
10405863,25,42403,NORMAL,REGULAR,Round 18,LEAGUE,22,Bradford City,Visita,1ST,12/11/2022,18,1,59%,0.00,2,7,1,0,,187,6,7,2,,2,0,3,2,2,5,1,1,,,0,0,125,22,31,,12/40 (30%),0/3 (0%),58%,3,15/22 (68%),16/31 (52%),2/2 (100%),67%,6,1,,16,,1,,,,,6
10405863,25,42403,NORMAL,REGULAR,Round 18,LEAGUE,22,Bradford City,Visita,2ND,12/11/2022,18,1,41%,0.00,1,4,0,2,,125,4,9,2,,2,0,2,0,2,2,0,1,,,1,0,52,7,38,,10/47 (21%),1/3 (33%),45%,0,16/31 (52%),14/35 (40%),3/8 (38%),25%,4,4,,21,,0,,,,,7
10405952,25,42403,NORMAL,REGULAR,Round 19,LEAGUE,6339,Sutton United,Local,ALL,19/11/2022,19,1,39%,0.00,3,11,3,2,12,285,18,5,,,4,1,3,4,8,3,,3,,,1,3,165,24,88,,28/83 (34%),2/17 (12%),50%,5,27/52 (52%),31/63 (49%),4/10 (40%),61%,18,8,,35,,3,,,,,6
10405952,25,42403,NORMAL,REGULAR,Round 19,LEAGUE,6339,Sutton United,Local,1ST,19/11/2022,19,1,47%,0.00,2,5,1,2,,165,5,4,,,3,0,0,2,4,1,,2,,,0,2,94,17,47,,10/39 (26%),1/11 (9%),47%,4,12/28 (43%),18/36 (50%),3/7 (43%),40%,5,4,,9,,1,,,,,2
10405952,25,42403,NORMAL,REGULAR,Round 19,LEAGUE,6339,Sutton United,Local,2ND,19/11/2022,19,0,33%,0.00,1,6,2,0,,120,13,1,,,1,1,3,2,4,2,,1,,,1,1,71,7,41,,18/44 (41%),1/6 (17%),55%,1,15/24 (63%),13/27 (48%),1/3 (33%),69%,13,4,,26,,2,,,,,4
10405952,25,42403,NORMAL,REGULAR,Round 19,LEAGUE,103,Rochdale,Visita,ALL,19/11/2022,19,0,61%,0.00,1,10,3,9,6,433,11,12,,,3,0,2,5,6,4,,1,,,2,4,285,35,73,,34/100 (34%),6/29 (21%),50%,13,25/52 (48%),32/63 (51%),3/8 (38%),82%,11,6,,17,,3,,,,,6
10405952,25,42403,NORMAL,REGULAR,Round 19,LEAGUE,103,Rochdale,Visita,1ST,19/11/2022,19,0,53%,0.00,0,4,2,3,,193,8,8,,,1,0,1,2,2,2,,0,,,1,1,111,13,35,,9/46 (20%),3/10 (30%),53%,3,16/28 (57%),18/36 (50%),0/2 (0%),75%,8,2,,8,,2,,,,,2
10405952,25,42403,NORMAL,REGULAR,Round 19,LEAGUE,103,Rochdale,Visita,2ND,19/11/2022,19,0,67%,0.00,1,6,1,6,,240,3,4,,,2,0,1,3,4,2,,1,,,1,3,174,22,38,,25/54 (46%),3/19 (16%),45%,10,9/24 (38%),14/27 (52%),3/6 (50%),100%,3,4,,9,,1,,,,,4
10880479,334,42689,SPECIAL_EVENT,PLAYOFF,Round 2,SUPER_CUP,23957,AFC Wimbledon,Local,ALL,22/11/2022,2,1,48%,0.00,1,3,3,1,14,315,17,11,3,,2,0,0,1,1,2,1,,1,,0,2,191,20,78,,36/88 (41%),4/10 (40%),45%,13,33/73 (45%),37/81 (46%),5/15 (33%),59%,17,13,,34,,3,,,,,6
10880479,334,42689,SPECIAL_EVENT,PLAYOFF,Round 2,SUPER_CUP,23957,AFC Wimbledon,Local,1ST,22/11/2022,2,1,51%,0.00,1,2,2,1,,166,10,5,0,,1,0,0,1,1,1,1,,0,,0,1,112,12,35,,17/42 (40%),2/5 (40%),38%,10,17/39 (44%),13/39 (33%),2/4 (50%),70%,10,4,,16,,2,,,,,3
10880479,334,42689,SPECIAL_EVENT,PLAYOFF,Round 2,SUPER_CUP,23957,AFC Wimbledon,Local,2ND,22/11/2022,2,0,44%,0.00,0,1,1,0,,149,7,6,3,,1,0,0,0,0,1,0,,1,,0,1,79,8,43,,19/46 (41%),2/5 (40%),53%,3,16/34 (47%),24/42 (57%),3/11 (27%),43%,7,9,,18,,1,,,,,3
10880479,334,42689,SPECIAL_EVENT,PLAYOFF,Round 2,SUPER_CUP,6339,Sutton United,Visita,ALL,22/11/2022,2,0,52%,0.00,0,7,1,9,11,336,23,13,2,,3,0,0,4,3,4,0,,1,,4,0,204,38,97,,28/81 (35%),4/18 (22%),55%,9,40/73 (55%),44/81 (54%),4/12 (33%),39%,23,4,,18,,1,,,,,1
10880479,334,42689,SPECIAL_EVENT,PLAYOFF,Round 2,SUPER_CUP,6339,Sutton United,Visita,1ST,22/11/2022,2,0,49%,0.00,0,3,0,2,,155,12,8,0,,2,0,0,1,1,2,0,,0,,2,0,95,17,50,,12/34 (35%),0/5 (0%),62%,5,22/39 (56%),26/39 (67%),2/7 (29%),33%,12,1,,7,,0,,,,,0
10880479,334,42689,SPECIAL_EVENT,PLAYOFF,Round 2,SUPER_CUP,6339,Sutton United,Visita,2ND,22/11/2022,2,0,56%,0.00,0,4,1,7,,181,11,5,2,,1,0,0,3,2,2,0,,1,,2,0,109,21,47,,16/47 (34%),4/13 (31%),47%,4,18/34 (53%),18/42 (43%),2/5 (40%),45%,11,3,,11,,1,,,,,1
10406014,25,42403,NORMAL,REGULAR,Round 20,LEAGUE,78,Carlisle United,Local,ALL,03/12/2022,20,1,51%,0.00,1,8,4,8,6,352,14,8,2,,1,0,3,4,5,3,1,,,,0,3,214,24,56,,19/62 (31%),4/12 (33%),50%,8,30/56 (54%),21/47 (45%),9/15 (60%),64%,14,5,,28,,4,,,,,7
10406014,25,42403,NORMAL,REGULAR,Round 20,LEAGUE,78,Carlisle United,Local,1ST,03/12/2022,20,1,49%,0.00,1,6,3,4,,193,4,3,1,,1,0,3,2,3,3,1,,,,0,0,123,13,31,,11/34 (32%),0/2 (0%),39%,6,10/25 (40%),13/34 (38%),4/7 (57%),75%,4,3,,14,,3,,,,,4
10406014,25,42403,NORMAL,REGULAR,Round 20,LEAGUE,78,Carlisle United,Local,2ND,03/12/2022,20,0,53%,0.00,0,2,1,4,,159,10,5,1,,0,0,0,2,2,0,0,,,,0,3,91,11,25,,8/28 (29%),4/10 (40%),64%,2,20/31 (65%),8/13 (62%),5/8 (63%),60%,10,2,,14,,1,,,,,3
10406014,25,42403,NORMAL,REGULAR,Round 20,LEAGUE,6339,Sutton United,Visita,ALL,03/12/2022,20,1,49%,0.00,1,11,0,8,8,334,14,6,3,,5,0,3,3,6,5,1,,,,1,0,193,29,88,,23/81 (28%),3/20 (15%),50%,5,26/56 (46%),26/47 (55%),6/15 (40%),86%,14,13,,14,,0,,,,,8
10406014,25,42403,NORMAL,REGULAR,Round 20,LEAGUE,6339,Sutton United,Visita,1ST,03/12/2022,20,1,51%,0.00,1,8,0,3,,193,9,3,0,,4,0,2,2,5,3,1,,,,1,0,114,13,41,,13/43 (30%),1/10 (10%),61%,2,15/25 (60%),21/34 (62%),3/5 (60%),78%,9,8,,3,,0,,,,,4
10406014,25,42403,NORMAL,REGULAR,Round 20,LEAGUE,6339,Sutton United,Visita,2ND,03/12/2022,20,0,47%,0.00,0,3,0,5,,141,5,3,3,,1,0,1,1,1,2,0,,,,0,0,79,16,47,,10/38 (26%),2/10 (20%),36%,3,11/31 (35%),5/13 (38%),3/10 (30%),100%,5,5,,11,,0,,,,,4
10406149,25,42403,NORMAL,REGULAR,Round 21,LEAGUE,6339,Sutton United,Local,ALL,10/12/2022,21,1,55%,0.00,1,14,0,5,9,317,10,16,3,0,7,1,0,7,8,6,1,,,,3,3,193,22,88,,29/84 (35%),5/15 (33%),56%,4,26/50 (52%),27/45 (60%),0/9 (0%),80%,10,2,,18,,0,,,,,9
10406149,25,42403,NORMAL,REGULAR,Round 21,LEAGUE,6339,Sutton United,Local,1ST,10/12/2022,21,1,51%,0.00,1,5,0,3,,141,8,8,0,0,3,1,0,2,4,1,1,,,,3,1,80,9,44,,13/36 (36%),2/8 (25%),68%,1,16/22 (73%),14/22 (64%),0/1 (0%),75%,8,2,,12,,0,,,,,6
10406149,25,42403,NORMAL,REGULAR,Round 21,LEAGUE,6339,Sutton United,Local,2ND,10/12/2022,21,0,59%,0.00,0,9,0,2,,176,2,8,3,0,4,0,0,5,4,5,0,,,,0,2,113,13,44,,16/48 (33%),3/7 (43%),45%,3,10/28 (36%),13/23 (57%),0/8 (0%),100%,2,0,,6,,0,,,,,3
10406149,25,42403,NORMAL,REGULAR,Round 21,LEAGUE,66,Colchester United,Visita,ALL,10/12/2022,21,0,45%,0.00,0,7,6,2,16,266,13,9,5,1,0,0,6,1,5,2,0,,,,0,2,127,36,70,,21/73 (29%),0/5 (0%),44%,6,24/50 (48%),18/45 (40%),2/6 (33%),54%,13,10,,18,,6,,,,,6
10406149,25,42403,NORMAL,REGULAR,Round 21,LEAGUE,66,Colchester United,Visita,1ST,10/12/2022,21,0,49%,0.00,0,6,2,2,,142,2,3,2,0,0,0,5,1,4,2,0,,,,0,1,73,20,37,,9/32 (28%),0/3 (0%),32%,6,6/22 (27%),8/22 (36%),1/3 (33%),0%,2,6,,10,,2,,,,,5
10406149,25,42403,NORMAL,REGULAR,Round 21,LEAGUE,66,Colchester United,Visita,2ND,10/12/2022,21,0,41%,0.00,0,1,4,0,,124,11,6,3,1,0,0,1,0,1,0,0,,,,0,1,54,16,33,,12/41 (29%),0/2 (0%),55%,0,18/28 (64%),10/23 (43%),1/3 (33%),64%,11,4,,8,,4,,,,,1
10406368,25,42403,NORMAL,REGULAR,Round 22,LEAGUE,83,Leyton Orient,Local,ALL,17/12/2022,22,2,61%,0.00,,7,1,4,12,407,14,16,2,,1,1,3,3,3,4,,,,,1,1,275,32,70,,24/76 (32%),3/11 (27%),56%,6,35/61 (57%),27/50 (54%),6/12 (50%),57%,14,7,,19,,1,,,,,2
10406368,25,42403,NORMAL,REGULAR,Round 22,LEAGUE,83,Leyton Orient,Local,1ST,17/12/2022,22,0,68%,0.00,,4,1,3,,229,5,7,1,,0,1,2,2,3,1,,,,,1,0,168,18,29,,14/35 (40%),3/8 (38%),51%,4,17/35 (49%),14/26 (54%),5/11 (45%),40%,5,3,,7,,1,,,,,0
10406368,25,42403,NORMAL,REGULAR,Round 22,LEAGUE,83,Leyton Orient,Local,2ND,17/12/2022,22,2,55%,0.00,,3,0,1,,178,9,9,1,,1,0,1,1,0,3,,,,,0,1,107,14,41,,10/41 (24%),0/3 (0%),62%,2,18/26 (69%),13/24 (54%),1/1 (100%),67%,9,4,,12,,0,,,,,2
10406368,25,42403,NORMAL,REGULAR,Round 22,LEAGUE,6339,Sutton United,Visita,ALL,17/12/2022,22,0,39%,0.00,,2,0,3,16,250,12,11,1,,1,0,0,1,1,1,,,,,3,1,126,28,68,,16/72 (22%),1/12 (8%),44%,5,26/60 (43%),23/50 (46%),3/12 (25%),58%,12,14,,20,,0,,,,,6
10406368,25,42403,NORMAL,REGULAR,Round 22,LEAGUE,6339,Sutton United,Visita,1ST,17/12/2022,22,0,32%,0.00,,2,0,0,,111,10,6,1,,1,0,0,1,1,1,,,,,1,0,48,14,34,,6/37 (16%),0/2 (0%),49%,3,18/34 (53%),12/26 (46%),2/4 (50%),50%,10,5,,12,,0,,,,,2
10406368,25,42403,NORMAL,REGULAR,Round 22,LEAGUE,6339,Sutton United,Visita,2ND,17/12/2022,22,0,45%,0.00,,0,0,3,,139,2,5,0,,0,0,0,0,0,0,,,,,2,1,78,14,34,,10/35 (29%),1/10 (10%),38%,2,8/26 (31%),11/24 (46%),1/8 (13%),100%,2,9,,8,,0,,,,,4
10406544,25,42403,NORMAL,REGULAR,Round 23,LEAGUE,4875,Crawley Town,Local,ALL,26/12/2022,23,1,56%,0.00,0,3,3,4,12,407,19,16,1,,2,0,0,1,2,1,0,,,,4,1,251,33,74,,24/87 (28%),2/22 (9%),49%,13,41/77 (53%),27/62 (44%),6/10 (60%),79%,19,8,,29,,3,,,,,15
10406544,25,42403,NORMAL,REGULAR,Round 23,LEAGUE,4875,Crawley Town,Local,1ST,26/12/2022,23,0,47%,0.00,0,1,1,3,,161,13,6,0,,1,0,0,0,1,0,0,,,,1,1,94,17,34,,11/38 (29%),0/11 (0%),47%,6,21/40 (53%),14/34 (41%),2/4 (50%),69%,13,6,,18,,1,,,,,10
10406544,25,42403,NORMAL,REGULAR,Round 23,LEAGUE,4875,Crawley Town,Local,2ND,26/12/2022,23,1,65%,0.00,0,2,2,1,,246,6,10,1,,1,0,0,1,1,1,0,,,,3,0,157,16,40,,13/49 (27%),2/11 (18%),51%,7,20/37 (54%),13/28 (46%),4/6 (67%),100%,6,2,,11,,2,,,,,5
10406544,25,42403,NORMAL,REGULAR,Round 23,LEAGUE,6339,Sutton United,Visita,ALL,26/12/2022,23,2,44%,0.00,2,10,1,2,17,319,17,12,2,,5,0,5,0,8,2,2,,,,2,1,183,42,83,,22/79 (28%),1/11 (9%),51%,10,36/77 (47%),35/62 (56%),7/16 (44%),59%,17,8,,21,,1,,,,,2
10406544,25,42403,NORMAL,REGULAR,Round 23,LEAGUE,6339,Sutton United,Visita,1ST,26/12/2022,23,0,53%,0.00,0,4,1,0,,186,8,7,0,,1,0,3,0,3,1,0,,,,1,0,115,21,38,,11/41 (27%),1/5 (20%),53%,7,19/40 (48%),20/34 (59%),4/10 (40%),75%,8,5,,11,,1,,,,,1
10406544,25,42403,NORMAL,REGULAR,Round 23,LEAGUE,6339,Sutton United,Visita,2ND,26/12/2022,23,2,35%,0.00,2,6,0,2,,133,9,5,2,,4,0,2,0,5,1,2,,,,1,1,68,21,45,,11/38 (29%),0/6 (0%),49%,3,17/37 (46%),15/28 (54%),3/6 (50%),44%,9,3,,10,,0,,,,,1
10405771,25,42403,NORMAL,REGULAR,Round 24,LEAGUE,6339,Sutton United,Local,ALL,29/12/2022,24,2,56%,0.00,1,15,2,5,9,326,8,12,2,,3,0,7,5,9,6,,1,,,3,0,184,37,100,,29/84 (35%),10/32 (31%),56%,8,22/50 (44%),41/62 (66%),2/11 (18%),63%,8,6,,20,,2,,,,,13
10405771,25,42403,NORMAL,REGULAR,Round 24,LEAGUE,6339,Sutton United,Local,1ST,29/12/2022,24,1,58%,0.00,1,7,1,4,,172,4,7,0,,1,0,5,1,4,3,,1,,,1,0,94,15,54,,15/46 (33%),4/15 (27%),69%,2,13/22 (59%),25/33 (76%),2/5 (40%),100%,4,2,,7,,1,,,,,5
10405771,25,42403,NORMAL,REGULAR,Round 24,LEAGUE,6339,Sutton United,Local,2ND,29/12/2022,24,1,54%,0.00,0,8,1,1,,154,4,5,2,,2,0,2,4,5,3,,0,,,2,0,90,22,46,,14/38 (37%),6/17 (35%),44%,6,9/28 (32%),16/29 (55%),0/6 (0%),25%,4,4,,13,,1,,,,,8
10405771,25,42403,NORMAL,REGULAR,Round 24,LEAGUE,20,Gillingham,Visita,ALL,29/12/2022,24,1,44%,0.00,1,11,2,1,12,275,17,9,1,,3,0,7,1,5,6,,1,,,2,1,134,26,75,,32/95 (34%),4/8 (50%),44%,2,28/50 (56%),21/62 (34%),2/8 (25%),41%,17,5,,39,,2,,,,,9
10405771,25,42403,NORMAL,REGULAR,Round 24,LEAGUE,20,Gillingham,Visita,1ST,29/12/2022,24,0,42%,0.00,0,4,1,1,,135,5,3,1,,1,0,3,0,2,2,,0,,,1,1,61,14,28,,17/45 (38%),2/2 (100%),31%,2,9/22 (41%),8/33 (24%),1/3 (33%),20%,5,2,,18,,1,,,,,6
10405771,25,42403,NORMAL,REGULAR,Round 24,LEAGUE,20,Gillingham,Visita,2ND,29/12/2022,24,1,46%,0.00,1,7,1,0,,140,12,6,0,,2,0,4,1,3,4,,1,,,1,0,73,12,47,,15/50 (30%),2/6 (33%),56%,0,19/28 (68%),13/29 (45%),1/5 (20%),50%,12,3,,21,,1,,,,,3
10405819,25,42403,NORMAL,REGULAR,Round 25,LEAGUE,6339,Sutton United,Local,ALL,01/01/2023,25,2,47%,0.00,6,15,3,2,15,292,11,12,1,,10,1,4,1,10,5,1,5,,,4,2,151,26,89,,20/89 (22%),5/18 (28%),44%,8,26/53 (49%),28/70 (40%),3/7 (43%),73%,11,5,,22,,3,,,,,9
10405819,25,42403,NORMAL,REGULAR,Round 25,LEAGUE,6339,Sutton United,Local,1ST,01/01/2023,25,1,50%,0.00,3,9,1,2,,152,7,6,0,,5,1,3,1,5,4,0,3,,,2,2,79,15,45,,11/45 (24%),2/9 (22%),45%,6,13/30 (43%),15/32 (47%),0/1 (0%),71%,7,1,,10,,1,,,,,4
10405819,25,42403,NORMAL,REGULAR,Round 25,LEAGUE,6339,Sutton United,Local,2ND,01/01/2023,25,1,45%,0.00,3,6,2,0,,140,4,6,1,,5,0,1,0,5,1,1,2,,,2,0,72,11,44,,9/44 (20%),3/9 (33%),43%,2,13/23 (57%),13/38 (34%),3/6 (50%),75%,4,4,,12,,2,,,,,5
10405819,25,42403,NORMAL,REGULAR,Round 25,LEAGUE,23957,AFC Wimbledon,Visita,ALL,01/01/2023,25,1,53%,0.00,0,6,7,2,12,326,12,14,1,,4,0,1,1,5,1,0,0,,,3,2,172,32,111,,20/87 (23%),4/18 (22%),56%,8,27/53 (51%),42/70 (60%),1/4 (25%),58%,12,1,,27,,7,,,,,5
10405819,25,42403,NORMAL,REGULAR,Round 25,LEAGUE,23957,AFC Wimbledon,Visita,1ST,01/01/2023,25,1,50%,0.00,0,3,4,1,,151,7,9,1,,2,0,0,1,3,0,0,0,,,2,0,76,15,64,,6/44 (14%),1/9 (11%),55%,5,17/30 (57%),17/32 (53%),1/3 (33%),57%,7,1,,14,,4,,,,,3
10405819,25,42403,NORMAL,REGULAR,Round 25,LEAGUE,23957,AFC Wimbledon,Visita,2ND,01/01/2023,25,0,55%,0.00,0,3,3,1,,175,5,5,0,,2,0,1,0,2,1,0,0,,,1,2,96,17,47,,14/43 (33%),3/9 (33%),57%,3,10/23 (43%),25/38 (66%),0/1 (0%),60%,5,0,,13,,3,,,,,2
10406034,25,42403,NORMAL,REGULAR,Round 26,LEAGUE,51,Tranmere Rovers,Local,ALL,07/01/2023,26,2,55%,0.00,0,7,0,6,13,410,16,11,4,,3,0,2,2,2,5,0,0,,,1,0,250,44,78,,21/92 (23%),2/23 (9%),46%,8,28/55 (51%),37/87 (43%),2/6 (33%),69%,16,9,,12,,0,,,,,8
10406034,25,42403,NORMAL,REGULAR,Round 26,LEAGUE,51,Tranmere Rovers,Local,1ST,07/01/2023,26,1,56%,0.00,0,4,0,5,,192,10,4,1,,2,0,2,0,1,3,0,0,,,1,0,124,18,29,,9/43 (21%),1/15 (7%),41%,6,14/29 (48%),14/40 (35%),1/3 (33%),80%,10,6,,5,,0,,,,,5
10406034,25,42403,NORMAL,REGULAR,Round 26,LEAGUE,51,Tranmere Rovers,Local,2ND,07/01/2023,26,1,54%,0.00,0,3,0,1,,218,6,7,3,,1,0,0,2,1,2,0,0,,,0,0,126,26,49,,12/49 (24%),1/8 (13%),51%,2,14/26 (54%),23/47 (49%),1/3 (33%),50%,6,3,,7,,0,,,,,3
10406034,25,42403,NORMAL,REGULAR,Round 26,LEAGUE,6339,Sutton United,Visita,ALL,07/01/2023,26,2,45%,0.00,2,6,1,2,11,347,12,12,2,,3,0,0,3,5,1,1,1,,,0,1,183,28,94,,29/87 (33%),3/9 (33%),54%,9,27/55 (49%),50/87 (57%),3/10 (30%),42%,12,7,,26,,1,,,,,7
10406034,25,42403,NORMAL,REGULAR,Round 26,LEAGUE,6339,Sutton United,Visita,1ST,07/01/2023,26,1,44%,0.00,1,2,1,1,,162,8,7,0,,1,0,0,1,2,0,1,0,,,0,1,88,10,46,,17/44 (39%),0/1 (0%),59%,6,15/29 (52%),26/40 (65%),0/4 (0%),63%,8,4,,17,,1,,,,,5
10406034,25,42403,NORMAL,REGULAR,Round 26,LEAGUE,6339,Sutton United,Visita,2ND,07/01/2023,26,1,46%,0.00,1,4,0,1,,185,4,5,2,,2,0,0,2,3,1,0,1,,,0,0,95,18,48,,12/43 (28%),3/8 (38%),49%,3,12/26 (46%),24/47 (51%),3/6 (50%),0%,4,3,,9,,0,,,,,2
10405965,25,42403,NORMAL,REGULAR,Round 27,LEAGUE,37998,Salford City,Local,ALL,14/01/2023,27,2,45%,0.00,2,9,4,5,12,259,11,17,3,,5,0,0,4,7,2,1,1,,,4,1,146,23,58,,26/69 (38%),2/15 (13%),53%,9,32/61 (52%),24/45 (53%),4/9 (44%),64%,11,6,,29,,4,,,,,10
10405965,25,42403,NORMAL,REGULAR,Round 27,LEAGUE,37998,Salford City,Local,1ST,14/01/2023,27,2,48%,0.00,2,8,0,4,,149,6,9,0,,5,0,0,3,6,2,1,1,,,1,1,90,10,27,,11/29 (38%),2/11 (18%),56%,5,18/31 (58%),10/19 (53%),3/6 (50%),67%,6,2,,15,,0,,,,,4
10405965,25,42403,NORMAL,REGULAR,Round 27,LEAGUE,37998,Salford City,Local,2ND,14/01/2023,27,0,42%,0.00,0,1,4,1,,110,5,8,3,,0,0,0,1,1,0,0,0,,,3,0,56,13,31,,15/40 (38%),0/4 (0%),50%,4,14/30 (47%),14/26 (54%),1/3 (33%),60%,5,4,,14,,4,,,,,6
10405965,25,42403,NORMAL,REGULAR,Round 27,LEAGUE,6339,Sutton United,Visita,ALL,14/01/2023,27,0,55%,0.00,2,14,3,8,17,306,14,12,2,,4,0,5,5,9,5,0,2,,,5,3,197,30,64,,30/62 (48%),6/23 (26%),47%,9,29/61 (48%),21/45 (47%),3/5 (60%),79%,14,3,,13,,3,,,,,2
10405965,25,42403,NORMAL,REGULAR,Round 27,LEAGUE,6339,Sutton United,Visita,1ST,14/01/2023,27,0,52%,0.00,0,4,3,3,,160,8,3,0,,0,0,2,2,2,2,0,0,,,1,0,104,17,31,,21/38 (55%),3/12 (25%),44%,4,13/31 (42%),9/19 (47%),2/4 (50%),63%,8,1,,7,,3,,,,,1
10405965,25,42403,NORMAL,REGULAR,Round 27,LEAGUE,6339,Sutton United,Visita,2ND,14/01/2023,27,0,58%,0.00,2,10,0,5,,146,6,9,2,,4,0,3,3,7,3,0,2,,,4,3,93,13,33,,9/24 (38%),3/11 (27%),50%,5,16/30 (53%),12/26 (46%),1/1 (100%),100%,6,2,,6,,0,,,,,1
10406353,25,42403,NORMAL,REGULAR,Round 29,LEAGUE,159,Harrogate Town,Local,ALL,28/01/2023,29,0,60%,0.00,,9,2,7,16,424,20,6,1,,3,0,3,3,2,7,,,,,2,1,285,27,95,,38/91 (42%),0/18 (0%),49%,9,28/62 (45%),32/60 (53%),2/10 (20%),55%,20,10,,27,,2,,,,,10
10406353,25,42403,NORMAL,REGULAR,Round 29,LEAGUE,159,Harrogate Town,Local,1ST,28/01/2023,29,0,50%,0.00,,2,1,0,,175,10,3,1,,0,0,1,1,0,2,,,,,1,0,103,14,48,,17/45 (38%),0/4 (0%),48%,3,13/27 (48%),18/37 (49%),0/3 (0%),60%,10,6,,20,,1,,,,,6
10406353,25,42403,NORMAL,REGULAR,Round 29,LEAGUE,159,Harrogate Town,Local,2ND,28/01/2023,29,0,70%,0.00,,7,1,7,,249,10,3,0,,3,0,2,2,2,5,,,,,1,1,182,13,47,,21/46 (46%),0/14 (0%),50%,6,15/35 (43%),14/23 (61%),2/7 (29%),50%,10,4,,7,,1,,,,,4
10406353,25,42403,NORMAL,REGULAR,Round 29,LEAGUE,6339,Sutton United,Visita,ALL,28/01/2023,29,1,40%,0.00,,16,3,7,8,274,17,15,1,,3,2,5,8,9,7,,,,,2,1,149,23,72,,17/77 (22%),3/21 (14%),51%,9,34/62 (55%),28/60 (47%),3/14 (21%),65%,17,7,,45,,3,,,,,5
10406353,25,42403,NORMAL,REGULAR,Round 29,LEAGUE,6339,Sutton United,Visita,1ST,28/01/2023,29,1,50%,0.00,,12,0,4,,167,6,7,0,,2,1,3,7,9,3,,,,,0,0,94,13,46,,14/46 (30%),2/11 (18%),52%,5,14/27 (52%),19/37 (51%),2/7 (29%),67%,6,3,,18,,0,,,,,3
10406353,25,42403,NORMAL,REGULAR,Round 29,LEAGUE,6339,Sutton United,Visita,2ND,28/01/2023,29,0,30%,0.00,,4,3,3,,107,11,8,1,,1,1,2,1,0,4,,,,,2,1,55,10,26,,3/31 (10%),1/10 (10%),50%,4,20/35 (57%),9/23 (39%),1/7 (14%),64%,11,4,,27,,3,,,,,2
10406500,25,42403,NORMAL,REGULAR,Round 30,LEAGUE,6339,Sutton United,Local,ALL,04/02/2023,30,0,44%,0.00,,6,4,2,9,277,11,15,1,,2,0,2,2,3,3,,,,,4,0,156,25,91,,26/80 (33%),1/9 (11%),43%,10,30/63 (48%),25/64 (39%),6/17 (35%),91%,11,14,,48,,4,,,,,10
10406500,25,42403,NORMAL,REGULAR,Round 30,LEAGUE,6339,Sutton United,Local,1ST,04/02/2023,30,0,43%,0.00,,3,1,1,,141,5,6,0,,2,0,1,0,2,1,,,,,2,0,92,10,49,,13/37 (35%),1/6 (17%),43%,6,15/30 (50%),11/31 (35%),4/8 (50%),100%,5,6,,32,,1,,,,,5
10406500,25,42403,NORMAL,REGULAR,Round 30,LEAGUE,6339,Sutton United,Local,2ND,04/02/2023,30,0,44%,0.00,,3,3,1,,136,6,9,1,,0,0,1,2,1,2,,,,,2,0,64,15,42,,13/43 (30%),0/3 (0%),44%,4,15/33 (45%),14/33 (42%),2/9 (22%),83%,6,8,,16,,3,,,,,5
10406500,25,42403,NORMAL,REGULAR,Round 30,LEAGUE,133,Stevenage,Visita,ALL,04/02/2023,30,0,56%,0.00,,15,2,4,15,344,21,8,2,,4,0,6,5,10,5,,,,,3,3,182,28,94,,25/88 (28%),4/28 (14%),57%,7,33/63 (52%),39/64 (61%),5/9 (56%),81%,21,12,,9,,2,,,,,6
10406500,25,42403,NORMAL,REGULAR,Round 30,LEAGUE,133,Stevenage,Visita,1ST,04/02/2023,30,0,57%,0.00,,8,2,3,,176,10,3,1,,1,0,3,4,6,2,,,,,1,1,114,14,41,,14/36 (39%),3/19 (16%),57%,3,15/30 (50%),20/31 (65%),2/4 (50%),90%,10,7,,6,,2,,,,,4
10406500,25,42403,NORMAL,REGULAR,Round 30,LEAGUE,133,Stevenage,Visita,2ND,04/02/2023,30,0,56%,0.00,,7,0,1,,168,11,5,1,,3,0,3,1,4,3,,,,,2,2,68,14,53,,11/52 (21%),1/9 (11%),56%,4,18/33 (55%),19/33 (58%),3/5 (60%),73%,11,5,,3,,0,,,,,2
10406205,25,42403,NORMAL,REGULAR,Round 31,LEAGUE,101,Hartlepool United,Local,ALL,11/02/2023,31,2,65%,0.00,0,14,5,3,11,472,12,13,2,0,6,0,4,4,10,4,0,0,0,,4,1,361,20,65,,34/66 (52%),4/12 (33%),52%,8,32/72 (44%),33/53 (62%),7/14 (50%),58%,12,6,,31,,5,,,,,9
10406205,25,42403,NORMAL,REGULAR,Round 31,LEAGUE,101,Hartlepool United,Local,1ST,11/02/2023,31,2,55%,0.00,0,3,3,0,,179,5,6,1,0,2,0,0,1,1,2,0,0,0,,1,1,124,9,32,,18/38 (47%),1/4 (25%),47%,3,14/35 (40%),14/25 (56%),3/5 (60%),80%,5,2,,20,,3,,,,,7
10406205,25,42403,NORMAL,REGULAR,Round 31,LEAGUE,101,Hartlepool United,Local,2ND,11/02/2023,31,0,72%,0.00,0,11,2,3,,293,7,7,1,0,4,0,4,3,9,2,0,0,0,,3,0,237,11,33,,16/28 (57%),3/8 (38%),57%,5,18/37 (49%),19/28 (68%),4/9 (44%),43%,7,4,,11,,2,,,,,2
10406205,25,42403,NORMAL,REGULAR,Round 31,LEAGUE,6339,Sutton United,Visita,ALL,11/02/2023,31,2,35%,0.00,7,16,4,7,15,249,15,11,4,1,7,1,5,4,12,4,2,5,1,,0,0,132,23,87,,26/73 (36%),7/19 (37%),48%,7,40/72 (56%),20/53 (38%),14/19 (74%),53%,15,5,,19,,4,,,,,8
10406205,25,42403,NORMAL,REGULAR,Round 31,LEAGUE,6339,Sutton United,Visita,1ST,11/02/2023,31,2,45%,0.00,6,10,0,4,,137,5,7,2,1,5,1,4,1,9,1,2,4,1,,0,0,81,14,53,,13/37 (35%),5/14 (36%),53%,3,21/35 (60%),11/25 (44%),9/11 (82%),60%,5,1,,9,,0,,,,,1
10406205,25,42403,NORMAL,REGULAR,Round 31,LEAGUE,6339,Sutton United,Visita,2ND,11/02/2023,31,0,28%,0.00,1,6,4,3,,112,10,4,2,0,2,0,1,3,3,3,0,1,0,,0,0,51,9,34,,13/36 (36%),2/5 (40%),43%,4,19/37 (51%),9/28 (32%),5/8 (63%),50%,10,4,,10,,4,,,,,7
10406366,25,42403,NORMAL,REGULAR,Round 32,LEAGUE,6339,Sutton United,Local,ALL,14/02/2023,32,2,45%,0.00,,22,4,8,19,291,11,8,2,,3,1,8,11,12,10,,,,,2,4,178,22,73,,33/73 (45%),10/25 (40%),45%,4,26/59 (44%),24/52 (46%),7/14 (50%),64%,11,10,,15,,4,,,,,7
10406366,25,42403,NORMAL,REGULAR,Round 32,LEAGUE,6339,Sutton United,Local,1ST,14/02/2023,32,0,43%,0.00,,6,1,1,,150,6,3,1,,1,0,2,3,3,3,,,,,0,3,90,9,36,,17/35 (49%),1/4 (25%),47%,2,12/29 (41%),15/28 (54%),3/6 (50%),50%,6,7,,9,,1,,,,,3
10406366,25,42403,NORMAL,REGULAR,Round 32,LEAGUE,6339,Sutton United,Local,2ND,14/02/2023,32,2,48%,0.00,,16,3,7,,141,5,5,1,,2,1,6,8,9,7,,,,,2,1,88,13,37,,16/38 (42%),9/21 (43%),43%,2,14/30 (47%),9/24 (38%),4/8 (50%),80%,5,3,,6,,3,,,,,4
10406366,25,42403,NORMAL,REGULAR,Round 32,LEAGUE,53,Swindon Town,Visita,ALL,14/02/2023,32,1,55%,0.00,,11,1,5,9,368,11,18,3,,5,0,4,2,9,2,,,,,2,1,251,27,59,,14/66 (21%),7/18 (39%),55%,6,33/59 (56%),28/52 (54%),4/9 (44%),27%,11,4,,31,,1,,,,,11
10406366,25,42403,NORMAL,REGULAR,Round 32,LEAGUE,53,Swindon Town,Visita,1ST,14/02/2023,32,1,57%,0.00,,5,1,3,,199,5,11,1,,2,0,2,1,5,0,,,,,1,1,134,17,36,,5/36 (14%),4/11 (36%),53%,3,17/29 (59%),13/28 (46%),1/4 (25%),40%,5,2,,12,,1,,,,,4
10406366,25,42403,NORMAL,REGULAR,Round 32,LEAGUE,53,Swindon Town,Visita,2ND,14/02/2023,32,0,52%,0.00,,6,0,2,,169,6,7,2,,3,0,2,1,4,2,,,,,1,0,117,10,23,,9/30 (30%),3/7 (43%),57%,3,16/30 (53%),15/24 (63%),3/5 (60%),17%,6,2,,19,,0,,,,,7
10406575,25,42403,NORMAL,REGULAR,Round 33,LEAGUE,6339,Sutton United,Local,ALL,18/02/2023,33,2,35%,0.00,2,14,1,4,10,233,16,7,1,,7,1,4,3,10,4,2,0,0,,2,0,136,35,67,,26/69 (38%),5/18 (28%),51%,9,36/73 (49%),22/41 (54%),13/24 (54%),88%,16,11,,30,,1,,,,,12
10406575,25,42403,NORMAL,REGULAR,Round 33,LEAGUE,6339,Sutton United,Local,1ST,18/02/2023,33,0,35%,0.00,0,7,1,2,,114,11,3,0,,4,1,2,1,6,1,0,0,0,,0,0,71,17,31,,11/31 (35%),4/12 (33%),48%,7,18/38 (47%),10/20 (50%),4/10 (40%),82%,11,3,,14,,1,,,,,4
10406575,25,42403,NORMAL,REGULAR,Round 33,LEAGUE,6339,Sutton United,Local,2ND,18/02/2023,33,2,35%,0.00,2,7,0,2,,119,5,4,1,,3,0,2,2,4,3,2,0,0,,2,0,65,18,36,,15/38 (39%),1/6 (17%),54%,2,18/35 (51%),12/21 (57%),9/14 (64%),100%,5,8,,16,,0,,,,,8
10406575,25,42403,NORMAL,REGULAR,Round 33,LEAGUE,84,Doncaster Rovers,Visita,ALL,18/02/2023,33,0,65%,0.00,2,12,5,7,7,438,20,10,1,,2,0,4,6,9,3,0,2,2,,1,1,306,37,77,,21/65 (32%),1/17 (6%),49%,8,37/73 (51%),19/41 (46%),7/15 (47%),70%,20,6,,22,,5,,,,,6
10406575,25,42403,NORMAL,REGULAR,Round 33,LEAGUE,84,Doncaster Rovers,Visita,1ST,18/02/2023,33,0,65%,0.00,0,8,4,5,,216,13,3,0,,1,0,2,5,5,3,0,0,2,,1,1,156,18,42,,16/43 (37%),1/11 (9%),52%,4,20/38 (53%),10/20 (50%),4/11 (36%),77%,13,3,,11,,4,,,,,2
10406575,25,42403,NORMAL,REGULAR,Round 33,LEAGUE,84,Doncaster Rovers,Visita,2ND,18/02/2023,33,0,65%,0.00,2,4,1,2,,222,7,7,1,,1,0,2,1,4,0,0,2,0,,0,0,150,19,35,,5/22 (23%),0/6 (0%),46%,4,17/35 (49%),9/21 (43%),3/4 (75%),57%,7,3,,11,,1,,,,,4
10406656,25,42403,NORMAL,REGULAR,Round 34,LEAGUE,79,Newport County,Local,ALL,25/02/2023,34,0,60%,0.00,0,15,2,6,8,332,17,15,0,,5,1,6,4,13,2,0,,,,5,1,187,38,118,,25/85 (29%),8/34 (24%),56%,9,33/60 (55%),27/47 (57%),3/5 (60%),82%,17,5,,16,,2,,,,,6
10406656,25,42403,NORMAL,REGULAR,Round 34,LEAGUE,79,Newport County,Local,1ST,25/02/2023,34,0,55%,0.00,0,7,0,2,,153,8,9,0,,3,1,3,1,7,0,0,,,,4,1,83,14,52,,15/50 (30%),4/15 (27%),53%,6,15/29 (52%),12/22 (55%),0/1 (0%),88%,8,3,,7,,0,,,,,1
10406656,25,42403,NORMAL,REGULAR,Round 34,LEAGUE,79,Newport County,Local,2ND,25/02/2023,34,0,65%,0.00,0,8,2,4,,179,9,6,0,,2,0,3,3,6,2,0,,,,1,0,104,24,66,,10/35 (29%),4/19 (21%),59%,3,18/31 (58%),15/25 (60%),3/4 (75%),78%,9,2,,9,,2,,,,,5
10406656,25,42403,NORMAL,REGULAR,Round 34,LEAGUE,6339,Sutton United,Visita,ALL,25/02/2023,34,2,40%,0.00,1,12,5,2,15,229,11,8,1,,4,0,6,2,9,3,1,,,,3,0,128,25,72,,22/75 (29%),5/13 (38%),44%,5,27/60 (45%),20/47 (43%),8/20 (40%),73%,11,10,,85,,5,,,,,14
10406656,25,42403,NORMAL,REGULAR,Round 34,LEAGUE,6339,Sutton United,Visita,1ST,25/02/2023,34,1,45%,0.00,1,5,3,2,,128,7,2,0,,1,0,3,1,5,0,1,,,,0,0,73,13,44,,13/41 (32%),4/8 (50%),47%,2,14/29 (48%),10/22 (45%),5/11 (45%),57%,7,4,,36,,3,,,,,5
10406656,25,42403,NORMAL,REGULAR,Round 34,LEAGUE,6339,Sutton United,Visita,2ND,25/02/2023,34,1,35%,0.00,0,7,2,0,,101,4,6,1,,3,0,3,1,4,3,0,,,,3,0,55,12,28,,9/34 (26%),1/5 (20%),41%,3,13/31 (42%),10/25 (40%),3/9 (33%),100%,4,6,,49,,2,,,,,9
10406762,25,42403,NORMAL,REGULAR,Round 35,LEAGUE,6339,Sutton United,Local,ALL,04/03/2023,35,1,61%,0.00,3,22,3,11,14,331,11,16,1,0,5,0,7,10,18,4,0,3,,,5,2,204,36,96,,24/72 (33%),11/32 (34%),58%,5,35/62 (56%),49/83 (59%),8/14 (57%),64%,11,5,,19,,3,,,,,5
10406762,25,42403,NORMAL,REGULAR,Round 35,LEAGUE,6339,Sutton United,Local,1ST,04/03/2023,35,0,56%,0.00,1,6,1,1,,159,5,10,0,0,2,0,1,3,4,2,0,1,,,3,0,97,18,50,,15/43 (35%),1/7 (14%),55%,4,19/34 (56%),22/40 (55%),4/7 (57%),40%,5,2,,14,,1,,,,,3
10406762,25,42403,NORMAL,REGULAR,Round 35,LEAGUE,6339,Sutton United,Local,2ND,04/03/2023,35,1,66%,0.00,2,16,2,10,,172,6,6,1,0,3,0,6,7,14,2,0,2,,,2,2,107,18,46,,9/29 (31%),10/25 (40%),61%,1,16/28 (57%),27/43 (63%),4/7 (57%),83%,6,3,,5,,2,,,,,2
10406762,25,42403,NORMAL,REGULAR,Round 35,LEAGUE,19,Crewe Alexandra,Visita,ALL,04/03/2023,35,1,39%,0.00,2,8,4,1,17,226,11,13,2,1,4,0,1,3,6,2,1,1,,,1,1,88,16,59,,12/83 (14%),3/9 (33%),42%,8,27/62 (44%),34/83 (41%),4/7 (57%),73%,11,6,,42,,4,,,,,14
10406762,25,42403,NORMAL,REGULAR,Round 35,LEAGUE,19,Crewe Alexandra,Visita,1ST,04/03/2023,35,1,44%,0.00,1,3,2,1,,126,7,6,2,0,2,0,0,1,3,0,1,0,,,1,1,50,12,27,,6/42 (14%),2/6 (33%),45%,2,15/34 (44%),18/40 (45%),2/5 (40%),71%,7,4,,15,,2,,,,,5
10406762,25,42403,NORMAL,REGULAR,Round 35,LEAGUE,19,Crewe Alexandra,Visita,2ND,04/03/2023,35,0,34%,0.00,1,5,2,0,,100,4,7,0,1,2,0,1,2,3,2,0,1,,,0,0,38,4,32,,6/41 (15%),1/3 (33%),39%,6,12/28 (43%),16/43 (37%),2/2 (100%),75%,4,2,,27,,2,,,,,9
11061446,25,42403,NORMAL,REGULAR,Round 28,LEAGUE,6339,Sutton United,Local,ALL,07/03/2023,28,3,49%,0.00,1,10,3,9,10,281,9,15,0,0,5,0,4,1,8,2,1,,2,,5,1,174,29,74,,24/76 (32%),5/24 (21%),57%,4,34/61 (56%),30/51 (59%),10/19 (53%),78%,9,12,,14,,3,,,,,8
11061446,25,42403,NORMAL,REGULAR,Round 28,LEAGUE,6339,Sutton United,Local,1ST,07/03/2023,28,1,52%,0.00,0,2,1,4,,155,6,7,0,0,1,0,1,0,2,0,0,,1,,2,1,93,14,33,,12/43 (28%),3/13 (23%),52%,2,15/29 (52%),15/29 (52%),2/6 (33%),67%,6,5,,7,,1,,,,,2
11061446,25,42403,NORMAL,REGULAR,Round 28,LEAGUE,6339,Sutton United,Local,2ND,07/03/2023,28,2,47%,0.00,1,8,2,5,,126,3,8,0,0,4,0,3,1,6,2,1,,1,,3,0,81,15,41,,12/33 (36%),2/11 (18%),63%,2,19/32 (59%),15/22 (68%),8/13 (62%),100%,3,7,,7,,2,,,,,6
11061446,25,42403,NORMAL,REGULAR,Round 28,LEAGUE,4875,Crawley Town,Visita,ALL,07/03/2023,28,0,51%,0.00,0,12,2,5,16,299,13,8,5,1,3,0,5,4,7,5,0,,0,,1,3,194,23,70,,22/66 (33%),3/15 (20%),43%,6,27/61 (44%),21/51 (41%),6/9 (67%),54%,13,8,,30,,2,,,,,10
11061446,25,42403,NORMAL,REGULAR,Round 28,LEAGUE,4875,Crawley Town,Visita,1ST,07/03/2023,28,0,48%,0.00,0,3,0,2,,155,6,6,1,0,1,0,0,2,2,1,0,,0,,1,1,88,9,37,,10/37 (27%),0/5 (0%),48%,4,14/29 (48%),14/29 (48%),2/4 (50%),67%,6,5,,12,,0,,,,,6
11061446,25,42403,NORMAL,REGULAR,Round 28,LEAGUE,4875,Crawley Town,Visita,2ND,07/03/2023,28,0,53%,0.00,0,9,2,3,,144,7,2,4,1,2,0,5,2,5,4,0,,0,,0,2,106,14,33,,12/29 (41%),3/10 (30%),37%,2,13/32 (41%),7/22 (32%),4/5 (80%),43%,7,3,,18,,2,,,,,4
10406582,25,42403,NORMAL,REGULAR,Round 36,LEAGUE,97,Barrow AFC,Local,ALL,11/03/2023,36,0,52%,0.00,,9,0,4,10,339,21,8,1,,1,0,5,3,5,4,,,,,0,3,194,28,81,,16/70 (23%),7/19 (37%),51%,9,39/72 (54%),31/66 (47%),10/16 (63%),67%,21,10,,31,,0,,,,,15
10406582,25,42403,NORMAL,REGULAR,Round 36,LEAGUE,97,Barrow AFC,Local,1ST,11/03/2023,36,0,49%,0.00,,7,0,3,,155,8,4,1,,1,0,5,1,4,3,,,,,0,1,76,20,44,,6/35 (17%),4/9 (44%),54%,0,16/27 (59%),20/40 (50%),4/5 (80%),50%,8,6,,11,,0,,,,,5
10406582,25,42403,NORMAL,REGULAR,Round 36,LEAGUE,97,Barrow AFC,Local,2ND,11/03/2023,36,0,55%,0.00,,2,0,1,,184,13,4,0,,0,0,0,2,1,1,,,,,0,2,118,8,37,,10/35 (29%),3/10 (30%),48%,9,23/45 (51%),11/26 (42%),6/11 (55%),77%,13,4,,20,,0,,,,,10
10406582,25,42403,NORMAL,REGULAR,Round 36,LEAGUE,6339,Sutton United,Visita,ALL,11/03/2023,36,0,48%,0.00,,9,1,4,10,312,15,10,0,,0,0,5,4,4,5,,,,,1,1,168,31,76,,21/80 (26%),5/21 (24%),49%,6,33/72 (46%),35/66 (53%),8/23 (35%),47%,15,9,,29,,1,,,,,7
10406582,25,42403,NORMAL,REGULAR,Round 36,LEAGUE,6339,Sutton United,Visita,1ST,11/03/2023,36,0,51%,0.00,,3,1,2,,161,1,5,0,,0,0,2,1,2,1,,,,,0,0,79,18,39,,14/43 (33%),2/10 (20%),46%,2,11/27 (41%),20/40 (50%),5/11 (45%),100%,1,4,,13,,1,,,,,6
10406582,25,42403,NORMAL,REGULAR,Round 36,LEAGUE,6339,Sutton United,Visita,2ND,11/03/2023,36,0,45%,0.00,,6,0,2,,151,14,5,0,,0,0,3,3,2,4,,,,,1,1,89,13,37,,7/37 (19%),3/11 (27%),52%,4,22/45 (49%),15/26 (58%),3/12 (25%),43%,14,5,,16,,0,,,,,1
10406819,25,42403,NORMAL,REGULAR,Round 37,LEAGUE,6339,Sutton United,Local,ALL,14/03/2023,37,0,53%,0.00,1,8,0,5,13,320,11,11,4,,3,0,4,1,5,3,0,1,0,,1,2,194,47,95,,30/94 (32%),3/16 (19%),43%,14,34/68 (50%),27/73 (37%),12/16 (75%),73%,11,10,,13,,0,,,,,17
10406819,25,42403,NORMAL,REGULAR,Round 37,LEAGUE,6339,Sutton United,Local,1ST,14/03/2023,37,0,52%,0.00,1,5,0,1,,174,6,6,1,,1,0,4,0,3,2,0,1,0,,1,0,107,22,39,,13/49 (27%),3/11 (27%),41%,7,17/33 (52%),12/37 (32%),5/6 (83%),83%,6,7,,7,,0,,,,,8
10406819,25,42403,NORMAL,REGULAR,Round 37,LEAGUE,6339,Sutton United,Local,2ND,14/03/2023,37,0,55%,0.00,0,3,0,4,,146,5,5,3,,2,0,0,1,2,1,0,0,0,,0,2,87,25,56,,17/45 (38%),0/5 (0%),45%,7,17/35 (49%),15/36 (42%),7/10 (70%),60%,5,3,,6,,0,,,,,9
10406819,25,42403,NORMAL,REGULAR,Round 37,LEAGUE,18,Grimsby Town,Visita,ALL,14/03/2023,37,1,47%,0.00,2,7,3,3,12,289,18,13,2,,1,0,5,1,3,4,1,1,1,,3,2,140,19,79,,22/77 (29%),4/14 (29%),57%,9,34/68 (50%),46/73 (63%),3/5 (60%),61%,18,10,,39,,3,,,,,9
10406819,25,42403,NORMAL,REGULAR,Round 37,LEAGUE,18,Grimsby Town,Visita,1ST,14/03/2023,37,1,48%,0.00,2,6,1,1,,163,8,6,1,,1,0,4,1,2,4,1,1,1,,2,1,80,9,44,,12/41 (29%),3/9 (33%),59%,6,16/33 (48%),25/37 (68%),2/2 (100%),50%,8,4,,15,,1,,,,,7
10406819,25,42403,NORMAL,REGULAR,Round 37,LEAGUE,18,Grimsby Town,Visita,2ND,14/03/2023,37,0,45%,0.00,0,1,2,2,,126,10,7,1,,0,0,1,0,1,0,0,0,0,,1,1,60,10,35,,10/36 (28%),1/5 (20%),55%,3,18/35 (51%),21/36 (58%),1/3 (33%),70%,10,6,,24,,2,,,,,2
10406737,25,42403,NORMAL,REGULAR,Round 38,LEAGUE,70,Mansfield Town,Local,ALL,25/03/2023,38,0,48%,0.00,0,5,1,4,8,290,22,20,1,,1,0,2,2,3,2,,0,,,4,0,145,26,50,,17/64 (27%),6/18 (33%),55%,10,52/83 (63%),40/83 (48%),10/18 (56%),77%,22,16,,25,,1,,,,,7
10406737,25,42403,NORMAL,REGULAR,Round 38,LEAGUE,70,Mansfield Town,Local,1ST,25/03/2023,38,0,48%,0.00,0,0,0,3,,141,11,11,0,,0,0,0,0,0,0,,0,,,1,0,78,11,26,,9/30 (30%),3/10 (30%),53%,7,27/49 (55%),22/43 (51%),5/11 (45%),91%,11,10,,11,,0,,,,,4
10406737,25,42403,NORMAL,REGULAR,Round 38,LEAGUE,70,Mansfield Town,Local,2ND,25/03/2023,38,0,48%,0.00,0,5,1,1,,149,11,9,1,,1,0,2,2,3,2,,0,,,3,0,67,15,24,,8/34 (24%),3/8 (38%),58%,3,25/34 (74%),18/40 (45%),5/7 (71%),64%,11,6,,14,,1,,,,,3
10406737,25,42403,NORMAL,REGULAR,Round 38,LEAGUE,6339,Sutton United,Visita,ALL,25/03/2023,38,0,52%,0.00,1,7,1,5,20,313,18,8,4,,2,0,3,2,3,4,,1,,,4,2,189,44,68,,31/73 (42%),5/17 (29%),45%,14,31/83 (37%),43/83 (52%),5/13 (38%),50%,18,5,,24,,1,,,,,7
10406737,25,42403,NORMAL,REGULAR,Round 38,LEAGUE,6339,Sutton United,Visita,1ST,25/03/2023,38,0,52%,0.00,0,2,0,2,,155,13,5,1,,0,0,1,1,0,2,,0,,,2,2,106,21,29,,16/35 (46%),1/7 (14%),47%,8,22/49 (45%),21/43 (49%),4/7 (57%),54%,13,2,,13,,0,,,,,2
10406737,25,42403,NORMAL,REGULAR,Round 38,LEAGUE,6339,Sutton United,Visita,2ND,25/03/2023,38,0,52%,0.00,1,5,1,3,,158,5,3,3,,2,0,2,1,3,2,,1,,,2,0,83,23,39,,15/38 (39%),4/10 (40%),42%,6,9/34 (26%),22/40 (55%),1/6 (17%),40%,5,3,,11,,1,,,,,5
10406914,25,42403,NORMAL,REGULAR,Round 39,LEAGUE,26,Walsall,Local,ALL,01/04/2023,39,1,54%,0.00,2,13,2,5,17,292,23,17,2,,6,0,4,3,9,4,1,1,,,3,0,176,21,71,,24/76 (32%),7/26 (27%),53%,6,44/84 (52%),34/64 (53%),4/12 (33%),70%,23,6,,42,,2,,,,,11
10406914,25,42403,NORMAL,REGULAR,Round 39,LEAGUE,26,Walsall,Local,1ST,01/04/2023,39,0,54%,0.00,0,7,2,3,,165,9,7,0,,3,0,2,2,6,1,0,0,,,1,0,99,9,36,,11/45 (24%),4/14 (29%),47%,4,20/41 (49%),14/31 (45%),4/10 (40%),78%,9,3,,21,,2,,,,,4
10406914,25,42403,NORMAL,REGULAR,Round 39,LEAGUE,26,Walsall,Local,2ND,01/04/2023,39,1,55%,0.00,2,6,0,2,,127,14,10,2,,3,0,2,1,3,3,1,1,,,2,0,77,12,35,,13/31 (42%),3/12 (25%),58%,2,24/43 (56%),20/33 (61%),0/2 (0%),64%,14,3,,21,,0,,,,,7
10406914,25,42403,NORMAL,REGULAR,Round 39,LEAGUE,6339,Sutton United,Visita,ALL,01/04/2023,39,1,46%,0.00,2,12,5,10,17,244,14,16,2,,3,1,4,5,5,7,1,1,,,3,1,141,18,84,,20/73 (27%),4/23 (17%),47%,12,40/84 (48%),30/64 (47%),11/22 (50%),71%,14,7,,38,,5,,,,,7
10406914,25,42403,NORMAL,REGULAR,Round 39,LEAGUE,6339,Sutton United,Visita,1ST,01/04/2023,39,1,46%,0.00,1,7,3,7,,137,10,5,1,,3,0,1,3,4,3,1,0,,,2,0,86,6,47,,13/39 (33%),2/15 (13%),53%,5,21/41 (51%),17/31 (55%),6/10 (60%),60%,10,1,,19,,3,,,,,4
10406914,25,42403,NORMAL,REGULAR,Round 39,LEAGUE,6339,Sutton United,Visita,2ND,01/04/2023,39,0,45%,0.00,1,5,2,3,,107,4,11,1,,0,1,3,2,1,4,0,1,,,1,1,55,12,37,,7/34 (21%),2/8 (25%),42%,7,19/43 (44%),13/33 (39%),5/12 (42%),100%,4,6,,19,,2,,,,,3
10406448,25,42403,NORMAL,REGULAR,Round 40,LEAGUE,6339,Sutton United,Local,ALL,07/04/2023,40,0,45%,0.00,1,12,4,2,11,267,9,12,2,,7,0,3,2,6,6,0,1,,,1,1,149,33,73,,17/69 (25%),3/18 (17%),45%,8,27/56 (48%),28/66 (42%),6/10 (60%),56%,9,16,,36,,4,,,,,11
10406448,25,42403,NORMAL,REGULAR,Round 40,LEAGUE,6339,Sutton United,Local,1ST,07/04/2023,40,0,42%,0.00,0,4,1,1,,133,2,7,1,,1,0,2,1,1,3,0,0,,,1,0,73,21,30,,7/37 (19%),2/9 (22%),44%,3,11/24 (46%),13/30 (43%),2/5 (40%),100%,2,7,,17,,1,,,,,6
10406448,25,42403,NORMAL,REGULAR,Round 40,LEAGUE,6339,Sutton United,Local,2ND,07/04/2023,40,0,48%,0.00,1,8,3,1,,134,7,5,1,,6,0,1,1,5,3,0,1,,,0,1,76,12,43,,10/32 (31%),1/9 (11%),46%,5,16/32 (50%),15/36 (42%),4/5 (80%),43%,7,9,,19,,3,,,,,5
10406448,25,42403,NORMAL,REGULAR,Round 40,LEAGUE,10,Stockport County,Visita,ALL,07/04/2023,40,1,55%,0.00,3,13,6,4,13,327,12,11,3,,5,1,5,3,8,5,1,2,,,4,1,193,25,78,,25/83 (30%),6/22 (27%),55%,7,29/56 (52%),38/66 (58%),6/8 (75%),67%,12,11,,38,,6,,,,,6
10406448,25,42403,NORMAL,REGULAR,Round 40,LEAGUE,10,Stockport County,Visita,1ST,07/04/2023,40,0,58%,0.00,1,4,1,2,,181,6,4,1,,1,0,1,2,3,1,0,1,,,1,1,119,12,45,,13/45 (29%),5/15 (33%),56%,1,13/24 (54%),17/30 (57%),3/4 (75%),83%,6,8,,20,,1,,,,,4
10406448,25,42403,NORMAL,REGULAR,Round 40,LEAGUE,10,Stockport County,Visita,2ND,07/04/2023,40,1,52%,0.00,2,9,5,2,,146,6,7,2,,4,1,4,1,5,4,1,1,,,3,0,74,13,33,,12/38 (32%),1/7 (14%),54%,6,16/32 (50%),21/36 (58%),3/4 (75%),50%,6,3,,18,,5,,,,,2
10406523,25,42403,NORMAL,REGULAR,Round 41,LEAGUE,22,Bradford City,Local,ALL,10/04/2023,41,3,61%,0.00,1,16,0,7,12,381,18,17,2,,7,2,6,3,13,3,0,1,,,2,0,271,30,75,,26/68 (38%),9/29 (31%),53%,7,38/75 (51%),34/62 (55%),3/11 (27%),67%,18,8,,20,,0,,,,,5
10406523,25,42403,NORMAL,REGULAR,Round 41,LEAGUE,22,Bradford City,Local,1ST,10/04/2023,41,1,64%,0.00,1,10,0,5,,210,8,7,2,,4,1,4,2,10,0,0,1,,,0,0,154,15,32,,15/40 (38%),8/15 (53%),51%,6,17/39 (44%),20/33 (61%),2/4 (50%),75%,8,5,,4,,0,,,,,3
10406523,25,42403,NORMAL,REGULAR,Round 41,LEAGUE,22,Bradford City,Local,2ND,10/04/2023,41,2,58%,0.00,0,6,0,2,,171,10,10,0,,3,1,2,1,3,3,0,0,,,2,0,117,15,43,,11/28 (39%),1/14 (7%),54%,1,21/36 (58%),14/29 (48%),1/7 (14%),60%,10,3,,16,,0,,,,,2
10406523,25,42403,NORMAL,REGULAR,Round 41,LEAGUE,6339,Sutton United,Visita,ALL,10/04/2023,41,1,39%,0.00,2,8,3,3,18,250,15,10,2,,1,1,5,2,5,3,1,1,,,3,1,141,32,61,,25/65 (38%),1/9 (11%),47%,7,37/75 (49%),28/62 (45%),12/23 (52%),67%,15,8,,29,,3,,,,,12
10406523,25,42403,NORMAL,REGULAR,Round 41,LEAGUE,6339,Sutton United,Visita,1ST,10/04/2023,41,0,36%,0.00,1,4,2,1,,124,8,6,1,,0,1,3,1,2,2,0,1,,,2,0,71,16,29,,10/28 (36%),0/3 (0%),49%,2,22/39 (56%),13/33 (39%),8/14 (57%),63%,8,6,,13,,2,,,,,5
10406523,25,42403,NORMAL,REGULAR,Round 41,LEAGUE,6339,Sutton United,Visita,2ND,10/04/2023,41,1,42%,0.00,1,4,1,2,,126,7,4,1,,1,0,2,1,3,1,1,0,,,1,1,70,16,32,,15/37 (41%),1/6 (17%),46%,5,15/36 (42%),15/29 (52%),4/9 (44%),71%,7,2,,16,,1,,,,,7
10406674,25,42403,NORMAL,REGULAR,Round 42,LEAGUE,6339,Sutton United,Local,ALL,15/04/2023,42,0,37%,0.00,0,7,3,2,10,262,11,13,1,,0,0,6,1,4,3,,0,,,4,0,152,32,104,,34/85 (40%),4/19 (21%),52%,5,33/58 (57%),17/38 (45%),9/15 (60%),73%,11,7,,24,,3,,,,,9
10406674,25,42403,NORMAL,REGULAR,Round 42,LEAGUE,6339,Sutton United,Local,1ST,15/04/2023,42,0,31%,0.00,0,3,1,0,,128,6,5,1,,0,0,2,1,1,2,,0,,,1,0,78,14,54,,20/44 (45%),0/6 (0%),48%,2,16/32 (50%),6/14 (43%),5/10 (50%),83%,6,3,,13,,1,,,,,5
10406674,25,42403,NORMAL,REGULAR,Round 42,LEAGUE,6339,Sutton United,Local,2ND,15/04/2023,42,0,45%,0.00,0,4,2,2,,134,5,8,0,,0,0,4,0,3,1,,0,,,3,0,74,18,50,,14/41 (34%),4/13 (31%),56%,3,17/26 (65%),11/24 (46%),4/5 (80%),60%,5,4,,11,,2,,,,,4
10406674,25,42403,NORMAL,REGULAR,Round 42,LEAGUE,83,Leyton Orient,Visita,ALL,15/04/2023,42,2,63%,0.00,2,14,0,3,13,472,11,10,2,,5,0,5,4,9,5,,2,,,1,1,326,23,63,,17/72 (24%),4/10 (40%),48%,5,25/58 (43%),21/38 (55%),4/10 (40%),82%,11,6,,20,,0,,,,,11
10406674,25,42403,NORMAL,REGULAR,Round 42,LEAGUE,83,Leyton Orient,Visita,1ST,15/04/2023,42,2,69%,0.00,0,9,0,3,,297,7,6,0,,3,0,3,3,6,3,,0,,,1,0,232,12,36,,12/35 (34%),3/8 (38%),52%,0,16/32 (50%),8/14 (57%),3/9 (33%),86%,7,2,,10,,0,,,,,5
10406674,25,42403,NORMAL,REGULAR,Round 42,LEAGUE,83,Leyton Orient,Visita,2ND,15/04/2023,42,0,55%,0.00,2,5,0,0,,175,4,4,2,,2,0,2,1,3,2,,2,,,0,1,94,11,27,,5/37 (14%),1/2 (50%),44%,5,9/26 (35%),13/24 (54%),1/1 (100%),75%,4,4,,10,,0,,,,,6
10406743,25,42403,NORMAL,REGULAR,Round 43,LEAGUE,6339,Sutton United,Local,ALL,18/04/2023,43,1,63%,0.00,3,13,2,5,12,392,19,14,3,,2,1,8,3,7,6,1,2,,,2,3,262,31,78,,26/83 (31%),6/16 (38%),58%,12,42/77 (55%),31/49 (63%),9/17 (53%),74%,19,4,,18,,2,,,,,9
10406743,25,42403,NORMAL,REGULAR,Round 43,LEAGUE,6339,Sutton United,Local,1ST,18/04/2023,43,1,57%,0.00,2,9,1,5,,182,14,4,1,,2,1,4,3,5,4,1,1,,,0,1,112,9,38,,10/38 (26%),4/9 (44%),58%,4,22/38 (58%),11/19 (58%),4/8 (50%),71%,14,4,,9,,1,,,,,6
10406743,25,42403,NORMAL,REGULAR,Round 43,LEAGUE,6339,Sutton United,Local,2ND,18/04/2023,43,0,70%,0.00,1,4,1,0,,210,5,10,2,,0,0,4,0,2,2,0,1,,,2,2,150,22,40,,16/45 (36%),2/7 (29%),58%,8,20/39 (51%),20/30 (67%),5/9 (56%),80%,5,0,,9,,1,,,,,3
10406743,25,42403,NORMAL,REGULAR,Round 43,LEAGUE,57,Northampton Town,Visita,ALL,18/04/2023,43,2,37%,0.00,2,8,1,3,15,234,20,11,2,,4,0,4,0,5,3,2,0,,,1,2,103,22,69,,19/73 (26%),1/7 (14%),42%,15,35/77 (45%),18/49 (37%),4/8 (50%),45%,20,6,,31,,1,,,,,8
10406743,25,42403,NORMAL,REGULAR,Round 43,LEAGUE,57,Northampton Town,Visita,1ST,18/04/2023,43,1,43%,0.00,1,5,1,2,,140,8,4,0,,2,0,3,0,4,1,1,0,,,0,2,69,12,38,,13/42 (31%),1/5 (20%),42%,11,16/38 (42%),8/19 (42%),4/7 (57%),50%,8,3,,17,,1,,,,,5
10406743,25,42403,NORMAL,REGULAR,Round 43,LEAGUE,57,Northampton Town,Visita,2ND,18/04/2023,43,1,30%,0.00,1,3,0,1,,94,12,7,2,,2,0,1,0,1,2,1,0,,,1,0,34,10,31,,6/31 (19%),0/2 (0%),42%,4,19/39 (49%),10/30 (33%),0/1 (0%),42%,12,3,,14,,0,,,,,3
10406312,25,42403,NORMAL,REGULAR,Round 44,LEAGUE,66,Colchester United,Local,ALL,22/04/2023,44,4,42%,0.00,5,10,2,5,13,262,17,9,0,,6,1,4,0,8,2,4,1,,,2,2,150,16,52,,28/83 (34%),3/11 (27%),45%,10,37/75 (49%),29/73 (40%),11/17 (65%),59%,17,14,,30,,2,,,,,7
10406312,25,42403,NORMAL,REGULAR,Round 44,LEAGUE,66,Colchester United,Local,1ST,22/04/2023,44,3,41%,0.00,4,7,2,4,,124,4,3,0,,5,1,2,0,5,2,3,1,,,1,1,65,8,23,,14/43 (33%),1/8 (13%),41%,6,14/35 (40%),15/36 (42%),7/9 (78%),25%,4,5,,13,,2,,,,,4
10406312,25,42403,NORMAL,REGULAR,Round 44,LEAGUE,66,Colchester United,Local,2ND,22/04/2023,44,1,43%,0.00,1,3,0,1,,138,13,6,0,,1,0,2,0,3,0,1,0,,,1,1,85,8,29,,14/40 (35%),2/3 (67%),48%,4,23/40 (57%),14/37 (38%),4/8 (50%),69%,13,9,,17,,0,,,,,3
10406312,25,42403,NORMAL,REGULAR,Round 44,LEAGUE,6339,Sutton United,Visita,ALL,22/04/2023,44,1,58%,0.00,1,10,2,6,10,358,16,13,1,,3,1,3,4,4,6,1,0,,,3,2,255,26,74,,25/68 (37%),3/21 (14%),55%,9,38/75 (51%),44/73 (60%),9/17 (53%),56%,16,16,,7,,2,,,,,10
10406312,25,42403,NORMAL,REGULAR,Round 44,LEAGUE,6339,Sutton United,Visita,1ST,22/04/2023,44,1,59%,0.00,1,7,2,2,,181,8,7,0,,3,1,2,2,3,4,1,0,,,1,1,125,11,38,,10/35 (29%),0/8 (0%),59%,1,21/35 (60%),21/36 (58%),6/9 (67%),25%,8,6,,6,,2,,,,,4
10406312,25,42403,NORMAL,REGULAR,Round 44,LEAGUE,6339,Sutton United,Visita,2ND,22/04/2023,44,0,57%,0.00,0,3,0,4,,177,8,6,1,,0,0,1,2,1,2,0,0,,,2,1,130,15,36,,15/33 (45%),3/13 (23%),52%,8,17/40 (43%),23/37 (62%),3/8 (38%),88%,8,10,,1,,0,,,,,6
10406744,25,42403,NORMAL,REGULAR,Round 45,LEAGUE,103,Rochdale,Local,ALL,29/04/2023,45,4,68%,0.00,5,16,0,6,8,610,11,14,2,0,6,0,7,3,10,6,3,2,3,,1,3,534,11,72,,24/47 (51%),2/15 (13%),63%,8,38/60 (63%),17/28 (61%),13/14 (93%),45%,11,4,55,12,,0,,,,,4
10406744,25,42403,NORMAL,REGULAR,Round 45,LEAGUE,103,Rochdale,Local,1ST,29/04/2023,45,2,62%,0.00,3,6,0,1,,253,4,7,0,0,3,0,3,0,4,2,2,1,2,,1,1,200,8,26,,16/36 (44%),0/2 (0%),57%,3,17/28 (61%),11/21 (52%),6/7 (86%),50%,4,3,28,9,,0,,,,,4
10406744,25,42403,NORMAL,REGULAR,Round 45,LEAGUE,103,Rochdale,Local,2ND,29/04/2023,45,2,72%,0.00,2,10,0,5,,357,7,7,2,0,3,0,4,3,6,4,1,1,1,,0,2,334,3,46,,8/11 (73%),2/13 (15%),69%,5,21/32 (66%),6/7 (86%),7/7 (100%),43%,7,1,27,3,,0,,,,,0
10406744,25,42403,NORMAL,REGULAR,Round 45,LEAGUE,6339,Sutton United,Visita,ALL,29/04/2023,45,1,32%,0.00,0,6,2,4,14,288,9,7,3,1,1,0,1,4,3,3,0,0,0,,2,0,212,10,57,,26/58 (45%),3/11 (27%),37%,8,22/60 (37%),11/28 (39%),6/9 (67%),44%,9,10,43,22,,2,,,,,14
10406744,25,42403,NORMAL,REGULAR,Round 45,LEAGUE,6339,Sutton United,Visita,1ST,29/04/2023,45,1,38%,0.00,0,6,1,4,,148,4,3,0,1,1,0,1,4,3,3,0,0,0,,1,0,103,8,33,,10/32 (31%),3/11 (27%),43%,3,11/28 (39%),10/21 (48%),4/5 (80%),25%,4,5,24,8,,1,,,,,9
10406744,25,42403,NORMAL,REGULAR,Round 45,LEAGUE,6339,Sutton United,Visita,2ND,29/04/2023,45,0,28%,0.00,0,0,1,0,,140,5,4,3,0,0,0,0,0,0,0,0,0,0,,1,0,109,2,24,,16/26 (62%),0/0 (0%),31%,5,11/32 (34%),1/7 (14%),2/4 (50%),60%,5,5,19,14,,1,,,,,5
10406590,25,42403,NORMAL,REGULAR,Round 46,LEAGUE,6339,Sutton United,Local,ALL,08/05/2023,46,1,44%,0.00,1,12,1,5,9,307,11,10,0,,2,0,6,4,7,5,,1,,,4,2,174,23,77,,31/84 (37%),3/16 (19%),50%,13,27/64 (42%),37/64 (58%),6/11 (55%),73%,11,9,,35,,1,,,,,6
10406590,25,42403,NORMAL,REGULAR,Round 46,LEAGUE,6339,Sutton United,Local,1ST,08/05/2023,46,1,48%,0.00,1,5,0,2,,166,6,5,0,,1,0,2,2,3,2,,1,,,2,1,96,8,42,,18/49 (37%),1/8 (13%),59%,5,15/31 (48%),25/37 (68%),4/7 (57%),100%,6,5,,12,,0,,,,,4
10406590,25,42403,NORMAL,REGULAR,Round 46,LEAGUE,6339,Sutton United,Local,2ND,08/05/2023,46,0,40%,0.00,0,7,1,3,,141,5,5,0,,1,0,4,2,4,3,,0,,,2,1,78,15,35,,13/35 (37%),2/8 (25%),40%,8,12/33 (36%),12/27 (44%),2/4 (50%),40%,5,4,,23,,1,,,,,2
10406590,25,42403,NORMAL,REGULAR,Round 46,LEAGUE,78,Carlisle United,Visita,ALL,08/05/2023,46,1,56%,0.00,0,10,1,2,10,390,18,9,1,,1,1,5,4,4,6,,0,,,1,2,234,32,89,,29/94 (31%),1/21 (5%),50%,8,37/64 (58%),27/64 (42%),10/13 (77%),67%,18,8,,11,,1,,,,,10
10406590,25,42403,NORMAL,REGULAR,Round 46,LEAGUE,78,Carlisle United,Visita,1ST,08/05/2023,46,0,52%,0.00,0,4,0,1,,179,8,6,0,,0,1,3,1,1,3,,0,,,1,1,102,19,41,,16/50 (32%),0/8 (0%),41%,5,16/31 (52%),12/37 (32%),2/3 (67%),50%,8,4,,5,,0,,,,,4
10406590,25,42403,NORMAL,REGULAR,Round 46,LEAGUE,78,Carlisle United,Visita,2ND,08/05/2023,46,1,60%,0.00,0,6,1,1,,211,10,3,1,,1,0,2,3,3,3,,0,,,0,1,132,13,48,,13/44 (30%),1/13 (8%),60%,3,21/33 (64%),15/27 (56%),8/10 (80%),80%,10,4,,6,,1,,,,,6
11369509,25,52368,NORMAL,REGULAR,Round 1,LEAGUE,6339,Sutton United,Local,ALL,05/08/2023,1,5,34%,0.00,4,12,2,4,17,313,14,8,3,0,6,2,6,0,10,2,3,1,,,1,3,225,14,56,,38/76 (50%),4/14 (29%),55%,5,29/57 (51%),15/23 (65%),7/9 (78%),50%,14,9,58,12,,2,,,,,6
11369509,25,52368,NORMAL,REGULAR,Round 1,LEAGUE,6339,Sutton United,Local,1ST,05/08/2023,1,2,28%,0.00,2,5,0,3,,109,7,4,3,0,2,1,3,0,4,1,1,1,,,1,1,60,6,23,,10/30 (33%),2/7 (29%),56%,1,13/27 (48%),9/12 (75%),2/3 (67%),57%,7,3,29,10,,0,,,,,3
11369509,25,52368,NORMAL,REGULAR,Round 1,LEAGUE,6339,Sutton United,Local,2ND,05/08/2023,1,3,38%,0.00,2,7,2,1,,204,7,4,0,0,4,1,3,0,6,1,2,0,,,0,2,165,8,33,,28/46 (61%),2/7 (29%),54%,4,16/30 (53%),6/11 (55%),5/6 (83%),43%,7,6,29,2,,2,,,,,3
11369509,25,52368,NORMAL,REGULAR,Round 1,LEAGUE,56,Notts County,Visita,ALL,05/08/2023,1,1,66%,0.00,1,12,1,5,8,622,7,15,3,1,3,0,3,6,5,7,1,0,,,3,2,528,24,91,,35/83 (42%),1/14 (7%),45%,6,28/57 (49%),8/23 (35%),6/14 (43%),43%,7,4,48,13,,1,,,,,12
11369509,25,52368,NORMAL,REGULAR,Round 1,LEAGUE,56,Notts County,Visita,1ST,05/08/2023,1,0,72%,0.00,0,7,0,5,,285,2,9,2,1,0,0,2,5,1,6,0,0,,,3,0,232,14,55,,15/44 (34%),0/10 (0%),44%,3,14/27 (52%),3/12 (25%),3/7 (43%),100%,2,2,24,5,,0,,,,,6
11369509,25,52368,NORMAL,REGULAR,Round 1,LEAGUE,56,Notts County,Visita,2ND,05/08/2023,1,1,62%,0.00,1,5,1,0,,337,5,6,1,0,3,0,1,1,4,1,1,0,,,0,2,296,10,36,,20/39 (51%),1/4 (25%),46%,3,14/30 (47%),5/11 (45%),3/7 (43%),20%,5,2,24,8,,1,,,,,6
11373426,21,52393,NORMAL,PLAYOFF,Round 1,CUP,6339,Sutton United,Local,ALL,08/08/2023,1,2,47%,0.00,7,20,2,4,12,327,10,10,,,9,1,8,3,16,4,2,5,0,,2,6,199,31,76,,27/81 (33%),4/20 (20%),55%,7,24/59 (41%),54/82 (66%),4/10 (40%),70%,10,6,59,20,,2,,,,,12
11373426,21,52393,NORMAL,PLAYOFF,Round 1,CUP,6339,Sutton United,Local,1ST,08/08/2023,1,1,46%,0.00,5,9,2,2,,160,4,3,,,4,1,4,1,9,0,1,4,0,,1,3,97,18,35,,10/30 (33%),2/13 (15%),57%,4,8/26 (31%),35/50 (70%),1/5 (20%),75%,4,4,33,7,,2,,,,,4
11373426,21,52393,NORMAL,PLAYOFF,Round 1,CUP,6339,Sutton United,Local,2ND,08/08/2023,1,1,48%,0.00,2,11,0,2,,167,6,7,,,5,0,4,2,7,4,1,1,0,,1,3,102,13,41,,17/51 (33%),2/7 (29%),54%,3,16/33 (48%),19/32 (59%),3/5 (60%),67%,6,2,26,13,,0,,,,,8
11373426,21,52393,NORMAL,PLAYOFF,Round 1,CUP,63,Cambridge United,Visita,ALL,08/08/2023,1,2,53%,0.00,5,16,7,5,10,369,13,10,,,4,0,7,5,12,4,2,3,1,,3,1,235,28,74,,21/84 (25%),3/19 (16%),45%,8,35/59 (59%),28/82 (34%),12/14 (86%),85%,13,15,65,21,,7,,,,,11
11373426,21,52393,NORMAL,PLAYOFF,Round 1,CUP,63,Cambridge United,Visita,1ST,08/08/2023,1,1,54%,0.00,3,5,3,1,,189,8,4,,,3,0,1,1,5,0,1,2,0,,1,0,124,17,33,,7/42 (17%),1/8 (13%),43%,3,18/26 (69%),15/50 (30%),6/7 (86%),75%,8,7,32,15,,3,,,,,6
11373426,21,52393,NORMAL,PLAYOFF,Round 1,CUP,63,Cambridge United,Visita,2ND,08/08/2023,1,1,52%,0.00,2,11,4,4,,180,5,6,,,1,0,6,4,7,4,1,1,1,,2,1,111,11,41,,14/42 (33%),2/11 (18%),46%,5,17/33 (52%),13/32 (41%),6/7 (86%),100%,5,8,33,6,,4,,,,,5
11369513,25,52368,NORMAL,REGULAR,Round 2,LEAGUE,97,Barrow AFC,Local,ALL,12/08/2023,2,2,75%,0.00,1,18,2,9,8,589,18,6,0,0,7,1,7,4,14,4,1,0,1,,1,0,490,30,92,,49/84 (58%),9/32 (28%),50%,12,34/65 (52%),19/42 (45%),10/17 (59%),56%,18,3,65,16,,2,,,,,8
11369513,25,52368,NORMAL,REGULAR,Round 2,LEAGUE,97,Barrow AFC,Local,1ST,12/08/2023,2,0,71%,0.00,0,11,1,6,,278,11,4,0,0,3,1,5,3,7,4,0,0,0,,0,0,225,13,42,,23/44 (52%),4/16 (25%),50%,5,19/33 (58%),8/21 (38%),4/5 (80%),55%,11,2,35,8,,1,,,,,2
11369513,25,52368,NORMAL,REGULAR,Round 2,LEAGUE,97,Barrow AFC,Local,2ND,12/08/2023,2,2,78%,0.00,1,7,1,3,,311,7,2,0,0,4,0,2,1,7,0,1,0,1,,1,0,265,17,50,,26/40 (65%),5/16 (31%),49%,7,15/32 (47%),11/21 (52%),6/12 (50%),57%,7,1,30,8,,1,,,,,6
11369513,25,52368,NORMAL,REGULAR,Round 2,LEAGUE,6339,Sutton United,Visita,ALL,12/08/2023,2,1,25%,0.00,4,10,5,1,7,206,19,8,1,1,3,0,5,2,8,2,1,3,0,,1,2,106,26,53,,18/72 (25%),2/6 (33%),50%,9,31/65 (48%),23/42 (55%),4/13 (31%),53%,19,4,68,33,,5,,,,,12
11369513,25,52368,NORMAL,REGULAR,Round 2,LEAGUE,6339,Sutton United,Visita,1ST,12/08/2023,2,1,29%,0.00,3,8,3,1,,112,6,5,0,1,2,0,4,2,6,2,1,2,0,,1,1,65,12,24,,10/33 (30%),2/5 (40%),50%,7,14/33 (42%),13/21 (62%),3/7 (43%),83%,6,2,36,23,,3,,,,,4
11369513,25,52368,NORMAL,REGULAR,Round 2,LEAGUE,6339,Sutton United,Visita,2ND,12/08/2023,2,0,22%,0.00,1,2,2,0,,94,13,3,1,0,1,0,1,0,2,0,0,1,0,,0,1,41,14,29,,8/39 (21%),0/1 (0%),51%,2,17/32 (53%),10/21 (48%),1/6 (17%),38%,13,2,32,10,,2,,,,,8
11369533,25,52368,NORMAL,REGULAR,Round 3,LEAGUE,6339,Sutton United,Local,ALL,15/08/2023,3,0,49%,0.00,2,6,0,2,6,330,13,10,2,,2,0,0,4,4,2,0,2,1,,0,2,184,40,83,,29/80 (36%),4/17 (24%),52%,10,25/55 (45%),44/77 (57%),2/11 (18%),62%,13,7,79,18,,0,,,,,7
11369533,25,52368,NORMAL,REGULAR,Round 3,LEAGUE,6339,Sutton United,Local,1ST,15/08/2023,3,0,48%,0.00,2,4,0,2,,176,5,5,2,,1,0,0,3,3,1,0,2,1,,0,0,91,17,50,,16/48 (33%),2/9 (22%),44%,5,11/24 (46%),15/35 (43%),1/4 (25%),40%,5,2,48,4,,0,,,,,3
11369533,25,52368,NORMAL,REGULAR,Round 3,LEAGUE,6339,Sutton United,Local,2ND,15/08/2023,3,0,50%,0.00,0,2,0,0,,154,8,5,0,,1,0,0,1,1,1,0,0,0,,0,2,93,23,33,,13/32 (41%),2/8 (25%),59%,5,14/31 (45%),29/42 (69%),1/7 (14%),75%,8,5,31,14,,0,,,,,4
11369533,25,52368,NORMAL,REGULAR,Round 3,LEAGUE,20,Gillingham,Visita,ALL,15/08/2023,3,1,51%,0.00,1,5,1,9,10,356,19,4,1,,1,0,1,3,5,0,1,0,0,,1,1,209,31,80,,29/89 (33%),3/11 (27%),48%,7,30/55 (55%),33/77 (43%),7/13 (54%),68%,19,12,84,40,,1,,,,,6
11369533,25,52368,NORMAL,REGULAR,Round 3,LEAGUE,20,Gillingham,Visita,1ST,15/08/2023,3,1,52%,0.00,1,4,0,2,,200,8,2,0,,1,0,1,2,4,0,1,0,0,,0,1,119,15,38,,17/49 (35%),1/4 (25%),56%,4,13/24 (54%),20/35 (57%),3/4 (75%),63%,8,4,47,23,,0,,,,,6
11369533,25,52368,NORMAL,REGULAR,Round 3,LEAGUE,20,Gillingham,Visita,2ND,15/08/2023,3,0,50%,0.00,0,1,1,7,,156,11,2,1,,0,0,0,1,1,0,0,0,0,,1,0,90,16,42,,12/40 (30%),2/7 (29%),41%,3,17/31 (55%),13/42 (31%),4/9 (44%),73%,11,8,37,17,,1,,,,,0
11369545,25,52368,NORMAL,REGULAR,Round 4,LEAGUE,6339,Sutton United,Local,ALL,19/08/2023,4,0,49%,0.00,1,11,2,4,7,288,13,18,2,,4,1,6,1,7,4,0,1,0,,1,3,151,36,81,,20/87 (23%),7/17 (41%),50%,8,36/62 (58%),26/63 (41%),5/11 (45%),69%,13,9,55,29,,2,,,,,14
11369545,25,52368,NORMAL,REGULAR,Round 4,LEAGUE,6339,Sutton United,Local,1ST,19/08/2023,4,0,46%,0.00,0,4,2,3,,127,8,5,1,,1,0,3,0,3,1,0,0,0,,0,2,57,20,35,,6/45 (13%),3/7 (43%),45%,5,15/28 (54%),13/34 (38%),2/3 (67%),50%,8,7,29,12,,2,,,,,7
11369545,25,52368,NORMAL,REGULAR,Round 4,LEAGUE,6339,Sutton United,Local,2ND,19/08/2023,4,0,52%,0.00,1,7,0,1,,161,5,13,1,,3,1,3,1,4,3,0,1,0,,1,1,94,16,46,,14/42 (33%),4/10 (40%),54%,3,21/34 (62%),13/29 (45%),3/8 (38%),100%,5,2,26,17,,0,,,,,7
11369545,25,52368,NORMAL,REGULAR,Round 4,LEAGUE,23957,AFC Wimbledon,Visita,ALL,19/08/2023,4,3,51%,0.00,4,15,4,5,18,295,14,7,1,,5,2,6,4,11,4,1,3,1,,2,1,153,32,88,,18/84 (21%),7/21 (33%),50%,5,26/62 (42%),37/63 (59%),5/13 (38%),71%,14,5,71,47,,4,,,,,7
11369545,25,52368,NORMAL,REGULAR,Round 4,LEAGUE,23957,AFC Wimbledon,Visita,1ST,19/08/2023,4,0,54%,0.00,2,8,1,1,,144,6,3,0,,2,0,4,2,5,3,0,2,1,,1,1,67,20,39,,11/42 (26%),4/10 (40%),55%,1,13/28 (46%),21/34 (62%),4/11 (36%),83%,6,3,33,17,,1,,,,,4
11369545,25,52368,NORMAL,REGULAR,Round 4,LEAGUE,23957,AFC Wimbledon,Visita,2ND,19/08/2023,4,3,48%,0.00,2,7,3,4,,151,8,4,1,,3,2,2,2,6,1,1,1,0,,1,0,86,12,49,,7/42 (17%),3/11 (27%),46%,4,13/34 (38%),16/29 (55%),1/2 (50%),63%,8,2,38,30,,3,,,,,3
11369555,25,52368,NORMAL,REGULAR,Round 5,LEAGUE,79,Newport County,Local,ALL,26/08/2023,5,3,51%,0.00,3,15,3,1,7,334,16,11,1,,5,0,4,6,12,3,1,2,,,1,2,175,25,83,,29/100 (29%),6/19 (32%),56%,7,30/54 (56%),44/79 (56%),4/5 (80%),69%,16,8,79,30,,3,,,,,11
11369555,25,52368,NORMAL,REGULAR,Round 5,LEAGUE,79,Newport County,Local,1ST,26/08/2023,5,0,50%,0.00,1,7,1,1,,146,9,6,1,,2,0,3,2,6,1,0,1,,,1,2,67,14,34,,11/46 (24%),3/12 (25%),59%,2,16/28 (57%),28/46 (61%),2/3 (67%),78%,9,4,37,12,,1,,,,,5
11369555,25,52368,NORMAL,REGULAR,Round 5,LEAGUE,79,Newport County,Local,2ND,26/08/2023,5,3,51%,0.00,2,8,2,0,,188,7,5,0,,3,0,1,4,6,2,1,1,,,0,0,108,11,49,,18/54 (33%),3/7 (43%),51%,5,14/26 (54%),16/33 (48%),2/2 (100%),57%,7,4,42,18,,2,,,,,6
11369555,25,52368,NORMAL,REGULAR,Round 5,LEAGUE,6339,Sutton United,Visita,ALL,26/08/2023,5,1,49%,0.00,0,15,3,6,11,320,8,7,3,,5,0,6,4,10,5,0,0,,,1,1,182,34,82,,17/74 (23%),9/28 (32%),44%,10,24/54 (44%),35/79 (44%),10/16 (63%),75%,8,10,73,21,,3,,,,,10
11369555,25,52368,NORMAL,REGULAR,Round 5,LEAGUE,6339,Sutton United,Visita,1ST,26/08/2023,5,0,50%,0.00,0,7,2,3,,142,3,4,2,,1,0,2,4,4,3,0,0,,,0,0,72,14,40,,10/43 (23%),5/16 (31%),41%,8,12/28 (43%),18/46 (39%),6/7 (86%),100%,3,3,33,12,,2,,,,,8
11369555,25,52368,NORMAL,REGULAR,Round 5,LEAGUE,6339,Sutton United,Visita,2ND,26/08/2023,5,1,49%,0.00,0,8,1,3,,178,5,3,1,,4,0,4,0,6,2,0,0,,,1,1,110,20,42,,7/31 (23%),4/12 (33%),49%,2,12/26 (46%),17/33 (52%),4/9 (44%),60%,5,7,40,9,,1,,,,,2
11523767,21,52393,NORMAL,REGULAR,Round 2,CUP,62,Wycombe Wanderers,Local,ALL,29/08/2023,2,0,62%,0.00,4,17,2,7,11,485,18,9,2,,4,2,9,4,10,7,0,4,1,,1,0,362,28,85,,34/84 (40%),8/27 (30%),52%,11,30/62 (48%),28/49 (57%),3/7 (43%),72%,18,5,68,13,,2,,,,,8
11523767,21,52393,NORMAL,REGULAR,Round 2,CUP,62,Wycombe Wanderers,Local,1ST,29/08/2023,2,0,57%,0.00,1,6,1,2,,254,12,2,1,,3,0,1,2,1,5,0,1,1,,0,0,199,12,37,,16/37 (43%),0/7 (0%),45%,8,14/35 (40%),15/29 (52%),0/2 (0%),67%,12,2,35,10,,1,,,,,6
11523767,21,52393,NORMAL,REGULAR,Round 2,CUP,62,Wycombe Wanderers,Local,2ND,29/08/2023,2,0,69%,0.00,3,11,1,5,,231,6,7,1,,1,2,8,2,9,2,0,3,0,,1,0,163,16,48,,18/47 (38%),8/20 (40%),62%,3,16/27 (59%),13/20 (65%),3/5 (60%),83%,6,3,33,3,,1,,,,,2
11523767,21,52393,NORMAL,REGULAR,Round 2,CUP,6339,Sutton United,Visita,ALL,29/08/2023,2,1,38%,0.00,1,8,4,3,9,298,15,11,2,,3,0,2,3,6,2,1,0,0,,2,1,185,25,61,,22/86 (26%),2/12 (17%),48%,10,32/62 (52%),21/49 (43%),6/14 (43%),67%,15,9,76,26,,4,,,,,10
11523767,21,52393,NORMAL,REGULAR,Round 2,CUP,6339,Sutton United,Visita,1ST,29/08/2023,2,1,43%,0.00,1,5,3,0,,187,10,6,0,,2,0,2,1,4,1,1,0,0,,1,1,132,11,38,,16/47 (34%),1/9 (11%),55%,6,21/35 (60%),14/29 (48%),5/11 (45%),70%,10,2,42,7,,3,,,,,2
11523767,21,52393,NORMAL,REGULAR,Round 2,CUP,6339,Sutton United,Visita,2ND,29/08/2023,2,0,31%,0.00,0,3,1,3,,111,5,5,2,,1,0,0,2,2,1,0,0,0,,1,0,53,14,23,,6/39 (15%),1/3 (33%),38%,4,11/27 (41%),7/20 (35%),1/3 (33%),60%,5,7,34,19,,1,,,,,8
11369569,25,52368,NORMAL,REGULAR,Round 6,LEAGUE,6339,Sutton United,Local,ALL,02/09/2023,6,0,44%,0.00,0,13,5,7,13,333,12,13,1,,1,0,7,5,9,4,,0,0,,2,2,212,38,75,,34/81 (42%),6/20 (30%),56%,9,32/57 (56%),39/70 (56%),9/12 (75%),67%,12,4,60,14,,5,,,,,10
11369569,25,52368,NORMAL,REGULAR,Round 6,LEAGUE,6339,Sutton United,Local,1ST,02/09/2023,6,0,36%,0.00,0,2,3,3,,136,8,7,0,,0,0,2,0,1,1,,0,0,,1,2,74,15,36,,13/38 (34%),2/8 (25%),58%,5,19/35 (54%),20/32 (63%),5/8 (63%),75%,8,2,33,7,,3,,,,,1
11369569,25,52368,NORMAL,REGULAR,Round 6,LEAGUE,6339,Sutton United,Local,2ND,02/09/2023,6,0,53%,0.00,0,11,2,4,,197,4,6,1,,1,0,5,5,8,3,,0,0,,1,0,138,23,39,,21/43 (49%),4/12 (33%),53%,4,13/22 (59%),19/38 (50%),4/4 (100%),50%,4,2,27,7,,2,,,,,9
11369569,25,52368,NORMAL,REGULAR,Round 6,LEAGUE,94,Forest Green Rovers,Visita,ALL,02/09/2023,6,1,56%,0.00,1,16,1,3,14,427,12,12,2,,6,0,5,5,11,5,,1,1,,2,4,332,24,61,,27/66 (41%),4/10 (40%),44%,6,25/57 (44%),31/70 (44%),3/9 (33%),75%,12,9,66,57,,1,,,,,7
11369569,25,52368,NORMAL,REGULAR,Round 6,LEAGUE,94,Forest Green Rovers,Visita,1ST,02/09/2023,6,0,64%,0.00,0,7,0,2,,245,8,5,2,,3,0,1,3,5,2,,0,0,,2,3,201,12,29,,18/36 (50%),1/6 (17%),42%,4,16/35 (46%),12/32 (38%),3/7 (43%),88%,8,4,37,23,,0,,,,,4
11369569,25,52368,NORMAL,REGULAR,Round 6,LEAGUE,94,Forest Green Rovers,Visita,2ND,02/09/2023,6,1,47%,0.00,1,9,1,1,,182,4,7,0,,3,0,4,2,6,3,,1,1,,0,1,131,12,32,,9/30 (30%),3/4 (75%),47%,2,9/22 (41%),19/38 (50%),0/2 (0%),50%,4,5,29,34,,1,,,,,3
11369582,25,52368,NORMAL,REGULAR,Round 7,LEAGUE,53,Swindon Town,Local,ALL,09/09/2023,7,5,61%,0.00,4,15,2,5,4,514,12,6,1,,7,0,2,6,10,5,3,1,1,43,2,5,432,19,57,89/135 (66%),34/71 (48%),3/13 (23%),46%,13,27/51 (53%),10/30 (33%),9/12 (75%),42%,12,4,56,12,,2,,,,,8
11369582,25,52368,NORMAL,REGULAR,Round 7,LEAGUE,53,Swindon Town,Local,1ST,09/09/2023,7,3,63%,0.00,2,4,0,3,,287,6,1,0,,3,0,0,1,3,1,1,1,0,,0,1,247,10,24,,20/37 (54%),2/9 (22%),48%,5,10/19 (53%),6/14 (43%),3/4 (75%),50%,6,1,26,7,,0,,,,,2
11369582,25,52368,NORMAL,REGULAR,Round 7,LEAGUE,53,Swindon Town,Local,2ND,09/09/2023,7,2,60%,0.00,2,11,2,2,,227,6,5,1,,4,0,2,5,7,4,2,0,1,,2,4,185,9,33,,14/34 (41%),1/4 (25%),44%,8,17/32 (53%),4/16 (25%),6/8 (75%),33%,6,3,30,5,,2,,,,,6
11369582,25,52368,NORMAL,REGULAR,Round 7,LEAGUE,6339,Sutton United,Visita,ALL,09/09/2023,7,3,39%,0.00,2,13,2,3,6,316,16,4,2,,5,0,4,4,8,5,1,1,0,27,1,5,236,20,58,63/111 (57%),24/60 (40%),2/15 (13%),54%,6,24/51 (47%),20/30 (67%),4/10 (40%),38%,16,7,49,19,,2,,,,,8
11369582,25,52368,NORMAL,REGULAR,Round 7,LEAGUE,6339,Sutton United,Visita,1ST,09/09/2023,7,2,37%,0.00,1,3,0,1,,166,6,1,0,,2,0,1,0,3,0,1,0,0,,1,1,126,11,31,,10/30 (33%),2/9 (22%),52%,4,9/19 (47%),8/14 (57%),2/4 (50%),17%,6,6,24,9,,0,,,,,4
11369582,25,52368,NORMAL,REGULAR,Round 7,LEAGUE,6339,Sutton United,Visita,2ND,09/09/2023,7,1,40%,0.00,1,10,2,2,,150,10,3,2,,3,0,3,4,5,5,0,1,0,,0,4,110,9,27,,14/30 (47%),0/6 (0%),56%,2,15/32 (47%),12/16 (75%),2/6 (33%),50%,10,1,25,10,,2,,,,,4
11369585,25,52368,NORMAL,REGULAR,Round 8,LEAGUE,187,Accrington Stanley,Local,ALL,16/09/2023,8,4,44%,0.00,5,15,0,2,10,262,14,12,3,,5,0,7,3,11,4,3,2,2,,2,5,130,32,78,,31/89 (35%),2/8 (25%),54%,5,29/52 (56%),42/79 (53%),4/8 (50%),50%,14,14,64,32,,0,,,,,13
11369585,25,52368,NORMAL,REGULAR,Round 8,LEAGUE,187,Accrington Stanley,Local,1ST,16/09/2023,8,1,45%,0.00,2,9,0,1,,140,7,7,1,,1,0,6,2,6,3,1,1,1,,1,2,67,14,32,,16/46 (35%),2/5 (40%),49%,2,14/24 (58%),19/43 (44%),1/3 (33%),57%,7,6,32,18,,0,,,,,7
11369585,25,52368,NORMAL,REGULAR,Round 8,LEAGUE,187,Accrington Stanley,Local,2ND,16/09/2023,8,3,42%,0.00,3,6,0,1,,122,7,5,2,,4,0,1,1,5,1,2,1,1,,1,3,63,18,46,,15/43 (35%),0/3 (0%),59%,3,15/28 (54%),23/36 (64%),3/5 (60%),43%,7,8,32,14,,0,,,,,6
11369585,25,52368,NORMAL,REGULAR,Round 8,LEAGUE,6339,Sutton United,Visita,ALL,16/09/2023,8,1,56%,0.00,2,13,1,3,12,331,9,10,1,,1,0,8,4,9,4,0,2,0,,2,1,205,50,92,,24/73 (33%),4/18 (22%),46%,6,23/52 (44%),37/79 (47%),5/13 (38%),33%,9,16,56,20,,1,,,,,12
11369585,25,52368,NORMAL,REGULAR,Round 8,LEAGUE,6339,Sutton United,Visita,1ST,16/09/2023,8,0,55%,0.00,1,6,0,2,,164,4,3,1,,0,0,3,3,3,3,0,1,0,,0,0,105,26,43,,11/33 (33%),1/11 (9%),51%,4,10/24 (42%),24/43 (56%),3/6 (50%),25%,4,10,27,12,,0,,,,,6
11369585,25,52368,NORMAL,REGULAR,Round 8,LEAGUE,6339,Sutton United,Visita,2ND,16/09/2023,8,1,58%,0.00,1,7,1,1,,167,5,7,0,,1,0,5,1,6,1,0,1,0,,2,1,100,24,49,,13/40 (33%),3/7 (43%),41%,2,13/28 (46%),13/36 (36%),2/7 (29%),40%,5,6,29,8,,1,,,,,6
11488194,334,53537,SPECIAL_EVENT,GROUP,"EFL Trophy, Southern Group B",SUPER_CUP,6339,Sutton United,Local,ALL,19/09/2023,,2,60%,0.00,2,19,0,3,17,525,19,12,3,,5,1,9,5,12,7,1,1,,,2,2,431,31,78,,33/71 (46%),5/14 (36%),50%,13,41/83 (49%),10/18 (56%),10/14 (71%),74%,19,6,55,4,,0,,,,,5
11488194,334,53537,SPECIAL_EVENT,GROUP,"EFL Trophy, Southern Group B",SUPER_CUP,6339,Sutton United,Local,1ST,19/09/2023,,0,52%,0.00,1,13,0,2,,226,11,5,2,,2,1,6,5,6,7,0,1,,,2,1,194,13,27,,19/30 (63%),3/8 (38%),48%,10,23/49 (47%),5/9 (56%),7/8 (88%),73%,11,3,29,2,,0,,,,,1
11488194,334,53537,SPECIAL_EVENT,GROUP,"EFL Trophy, Southern Group B",SUPER_CUP,6339,Sutton United,Local,2ND,19/09/2023,,2,68%,0.00,1,6,0,1,,299,8,7,1,,3,0,3,0,6,0,1,0,,,0,1,237,18,51,,14/41 (34%),2/6 (33%),53%,3,18/34 (53%),5/9 (56%),3/6 (50%),75%,8,3,26,2,,0,,,,,4
11488194,334,53537,SPECIAL_EVENT,GROUP,"EFL Trophy, Southern Group B",SUPER_CUP,36541,Aston Villa U21,Visita,ALL,19/09/2023,,2,40%,0.00,2,3,3,0,12,355,17,17,1,,2,0,1,0,2,1,2,0,,,1,2,280,16,36,,26/54 (48%),0/3 (0%),50%,12,42/83 (51%),8/18 (44%),8/15 (53%),65%,17,8,54,26,,3,,,,,16
11488194,334,53537,SPECIAL_EVENT,GROUP,"EFL Trophy, Southern Group B",SUPER_CUP,36541,Aston Villa U21,Visita,1ST,19/09/2023,,1,48%,0.00,1,1,2,0,,217,11,10,0,,1,0,0,0,1,0,1,0,,,1,2,186,7,14,,12/21 (57%),0/1 (0%),52%,7,26/49 (53%),4/9 (44%),5/9 (56%),55%,11,2,28,13,,2,,,,,8
11488194,334,53537,SPECIAL_EVENT,GROUP,"EFL Trophy, Southern Group B",SUPER_CUP,36541,Aston Villa U21,Visita,2ND,19/09/2023,,1,32%,0.00,1,2,1,0,,138,6,7,1,,1,0,1,0,1,1,1,0,,,0,0,94,9,22,,14/33 (42%),0/2 (0%),47%,5,16/34 (47%),4/9 (44%),3/6 (50%),83%,6,6,26,13,,1,,,,,8
11369605,25,52368,NORMAL,REGULAR,Round 9,LEAGUE,6339,Sutton United,Local,ALL,23/09/2023,9,1,42%,0.00,1,10,1,7,10,294,11,13,0,,5,0,2,3,4,6,1,0,,,1,2,155,29,90,,20/75 (27%),5/22 (23%),54%,7,42/71 (59%),45/90 (50%),19/30 (63%),55%,11,11,69,37,,1,,,,,11
11369605,25,52368,NORMAL,REGULAR,Round 9,LEAGUE,6339,Sutton United,Local,1ST,23/09/2023,9,1,43%,0.00,1,4,1,6,,131,3,5,0,,1,0,0,3,2,2,1,0,,,1,1,60,14,39,,6/34 (18%),5/15 (33%),52%,4,11/25 (44%),19/33 (58%),3/8 (38%),67%,3,6,27,18,,1,,,,,5
11369605,25,52368,NORMAL,REGULAR,Round 9,LEAGUE,6339,Sutton United,Local,2ND,23/09/2023,9,0,41%,0.00,0,6,0,1,,163,8,8,0,,4,0,2,0,2,4,0,0,,,0,1,95,15,51,,14/41 (34%),0/7 (0%),55%,3,31/46 (67%),26/57 (46%),16/22 (73%),50%,8,5,42,19,,0,,,,,6
11369605,25,52368,NORMAL,REGULAR,Round 9,LEAGUE,4,Milton Keynes Dons,Visita,ALL,23/09/2023,9,1,58%,0.00,1,13,4,10,13,408,18,9,1,,2,1,5,6,7,6,0,1,,,2,4,258,31,89,,37/107 (35%),3/27 (11%),46%,9,29/71 (41%),45/90 (50%),2/4 (50%),72%,18,6,79,34,,4,,,,,6
11369605,25,52368,NORMAL,REGULAR,Round 9,LEAGUE,4,Milton Keynes Dons,Visita,1ST,23/09/2023,9,0,57%,0.00,0,6,0,5,,180,9,4,0,,1,1,2,3,3,3,0,0,,,1,1,108,19,48,,16/51 (31%),0/11 (0%),48%,2,14/25 (56%),14/33 (42%),1/2 (50%),78%,9,3,30,13,,0,,,,,4
11369605,25,52368,NORMAL,REGULAR,Round 9,LEAGUE,4,Milton Keynes Dons,Visita,2ND,23/09/2023,9,1,59%,0.00,1,7,4,5,,228,9,5,1,,1,0,3,3,4,3,0,1,,,1,3,150,12,41,,21/56 (38%),3/16 (19%),45%,7,15/46 (33%),31/57 (54%),1/2 (50%),67%,9,3,49,21,,4,,,,,2
11598402,21,52393,NORMAL,REGULAR,Round 3,CUP,55,Port Vale,Local,ALL,26/09/2023,3,2,67%,0.00,2,12,1,4,4,577,19,14,1,,5,0,6,1,8,4,1,1,,,6,3,458,24,69,,33/79 (42%),4/15 (27%),67%,6,47/65 (72%),32/53 (60%),14/17 (82%),53%,19,7,65,23,,1,,,,,9
11598402,21,52393,NORMAL,REGULAR,Round 3,CUP,55,Port Vale,Local,1ST,26/09/2023,3,0,74%,0.00,0,5,1,3,,312,8,5,0,,1,0,4,0,3,2,0,0,,,3,1,256,12,34,,17/39 (44%),2/11 (18%),65%,1,22/29 (76%),14/26 (54%),9/10 (90%),50%,8,4,28,6,,1,,,,,6
11598402,21,52393,NORMAL,REGULAR,Round 3,CUP,55,Port Vale,Local,2ND,26/09/2023,3,2,59%,0.00,2,7,0,1,,265,11,9,1,,4,0,2,1,5,2,1,1,,,3,2,202,12,35,,16/40 (40%),2/4 (50%),68%,5,25/36 (69%),18/27 (67%),5/7 (71%),55%,11,3,37,17,,0,,,,,3
11598402,21,52393,NORMAL,REGULAR,Round 3,CUP,6339,Sutton United,Visita,ALL,26/09/2023,3,1,33%,0.00,3,9,3,3,16,290,9,4,4,,2,1,4,3,7,2,1,2,,,0,0,185,24,68,,22/67 (33%),2/7 (29%),33%,8,18/65 (28%),21/53 (40%),5/16 (31%),56%,9,12,53,19,,3,,,,,10
11598402,21,52393,NORMAL,REGULAR,Round 3,CUP,6339,Sutton United,Visita,1ST,26/09/2023,3,0,26%,0.00,1,5,1,1,,110,2,2,2,,1,0,4,0,4,1,0,1,,,0,0,69,12,29,,12/32 (38%),1/3 (33%),35%,3,7/29 (24%),12/26 (46%),3/8 (38%),50%,2,7,27,10,,1,,,,,5
11598402,21,52393,NORMAL,REGULAR,Round 3,CUP,6339,Sutton United,Visita,2ND,26/09/2023,3,1,41%,0.00,2,4,2,2,,180,7,2,2,,1,1,0,3,3,1,1,1,,,0,0,116,12,39,,10/35 (29%),1/4 (25%),32%,5,11/36 (31%),9/27 (33%),2/8 (25%),57%,7,5,26,9,,2,,,,,5
11369618,25,52368,NORMAL,REGULAR,Round 10,LEAGUE,4875,Crawley Town,Local,ALL,30/09/2023,10,3,66%,0.00,2,18,2,5,8,588,17,11,1,,8,1,7,3,10,8,2,,,,2,3,479,22,58,,22/66 (33%),2/9 (22%),50%,6,34/59 (58%),22/54 (41%),7/12 (58%),47%,17,15,67,22,,2,,,,,6
11369618,25,52368,NORMAL,REGULAR,Round 10,LEAGUE,4875,Crawley Town,Local,1ST,30/09/2023,10,1,67%,0.00,0,5,1,2,,291,4,3,0,,3,0,1,1,2,3,0,,,,0,1,229,14,34,,10/38 (26%),1/5 (20%),39%,1,10/22 (45%),10/29 (34%),3/6 (50%),50%,4,5,35,10,,1,,,,,5
11369618,25,52368,NORMAL,REGULAR,Round 10,LEAGUE,4875,Crawley Town,Local,2ND,30/09/2023,10,2,66%,0.00,2,13,1,3,,297,13,8,1,,5,1,6,2,8,5,2,,,,2,2,250,8,24,,12/28 (43%),1/4 (25%),58%,5,24/37 (65%),12/25 (48%),4/6 (67%),46%,13,10,32,12,,1,,,,,1
11369618,25,52368,NORMAL,REGULAR,Round 10,LEAGUE,6339,Sutton United,Visita,ALL,30/09/2023,10,0,34%,0.00,0,8,5,4,12,289,11,7,3,,2,0,3,3,8,0,0,,,,5,3,183,34,70,,21/65 (32%),6/18 (33%),50%,6,25/59 (42%),32/54 (59%),7/18 (39%),55%,11,9,61,14,,5,,,,,7
11369618,25,52368,NORMAL,REGULAR,Round 10,LEAGUE,6339,Sutton United,Visita,1ST,30/09/2023,10,0,33%,0.00,0,6,2,3,,140,4,4,0,,1,0,2,3,6,0,0,,,,3,2,82,19,42,,11/35 (31%),5/10 (50%),61%,0,12/22 (55%),19/29 (66%),4/8 (50%),75%,4,2,35,7,,2,,,,,1
11369618,25,52368,NORMAL,REGULAR,Round 10,LEAGUE,6339,Sutton United,Visita,2ND,30/09/2023,10,0,34%,0.00,0,2,3,1,,149,7,3,3,,1,0,1,0,2,0,0,,,,2,1,101,15,28,,10/30 (33%),1/8 (13%),42%,6,13/37 (35%),13/25 (52%),3/10 (30%),43%,7,7,26,7,,3,,,,,6
11369629,25,52368,NORMAL,REGULAR,Round 11,LEAGUE,6339,Sutton United,Local,ALL,03/10/2023,11,0,42%,0.00,4,8,3,4,15,335,15,9,1,,2,0,3,3,7,1,0,4,0,,0,2,234,35,65,,26/59 (44%),5/19 (26%),44%,10,36/74 (49%),15/43 (35%),12/21 (57%),60%,15,6,70,23,,3,,,,,7
11369629,25,52368,NORMAL,REGULAR,Round 11,LEAGUE,6339,Sutton United,Local,1ST,03/10/2023,11,0,41%,0.00,1,2,2,0,,172,7,7,1,,1,0,1,0,2,0,0,1,0,,0,0,124,13,30,,16/34 (47%),1/7 (14%),41%,6,17/34 (50%),3/15 (20%),3/4 (75%),57%,7,3,33,13,,2,,,,,5
11369629,25,52368,NORMAL,REGULAR,Round 11,LEAGUE,6339,Sutton United,Local,2ND,03/10/2023,11,0,44%,0.00,3,6,1,4,,163,8,2,0,,1,0,2,3,5,1,0,3,0,,0,2,110,22,35,,10/25 (40%),4/12 (33%),46%,4,19/40 (48%),12/28 (43%),9/17 (53%),63%,8,3,37,10,,1,,,,,2
11369629,25,52368,NORMAL,REGULAR,Round 11,LEAGUE,37998,Salford City,Visita,ALL,03/10/2023,11,2,58%,0.00,3,12,2,3,10,458,18,15,3,,5,1,6,1,8,4,2,1,1,,1,1,347,24,54,,33/79 (42%),5/24 (21%),56%,4,38/74 (51%),28/43 (65%),5/16 (31%),61%,18,4,74,34,,2,,,,,8
11369629,25,52368,NORMAL,REGULAR,Round 11,LEAGUE,37998,Salford City,Visita,1ST,03/10/2023,11,0,59%,0.00,1,6,1,2,,240,7,7,2,,2,1,4,0,3,3,0,1,0,,1,0,195,13,24,,13/26 (50%),3/16 (19%),59%,0,17/34 (50%),12/15 (80%),4/11 (36%),86%,7,1,31,16,,1,,,,,2
11369629,25,52368,NORMAL,REGULAR,Round 11,LEAGUE,37998,Salford City,Visita,2ND,03/10/2023,11,2,56%,0.00,2,6,1,1,,218,11,8,1,,3,0,2,1,5,1,2,0,1,,0,1,152,11,30,,20/53 (38%),2/8 (25%),54%,4,21/40 (53%),16/28 (57%),1/5 (20%),45%,11,3,43,18,,1,,,,,6
11369642,25,52368,NORMAL,REGULAR,Round 12,LEAGUE,6339,Sutton United,Local,ALL,07/10/2023,12,4,44%,0.00,,12,4,4,15,312,16,8,,,6,0,3,3,10,2,,,1,,3,1,193,33,75,,31/83 (37%),5/14 (36%),52%,10,28/67 (42%),34/53 (64%),4/15 (27%),56%,16,10,76,18,,4,,,,,5
11369642,25,52368,NORMAL,REGULAR,Round 12,LEAGUE,6339,Sutton United,Local,1ST,07/10/2023,12,4,38%,0.00,,7,3,0,,119,8,3,,,3,0,2,2,5,2,,,0,,2,0,60,13,36,,9/38 (24%),1/3 (33%),45%,6,11/32 (34%),19/35 (54%),0/4 (0%),75%,8,4,35,15,,3,,,,,4
11369642,25,52368,NORMAL,REGULAR,Round 12,LEAGUE,6339,Sutton United,Local,2ND,07/10/2023,12,0,49%,0.00,,5,1,4,,193,8,5,,,3,0,1,1,5,0,,,1,,1,1,133,20,39,,22/45 (49%),4/11 (36%),60%,4,17/35 (49%),15/18 (83%),4/11 (36%),38%,8,6,41,3,,1,,,,,1
11369642,25,52368,NORMAL,REGULAR,Round 12,LEAGUE,26,Walsall,Visita,ALL,07/10/2023,12,0,56%,0.00,,12,3,5,8,384,21,14,,,5,0,4,3,7,5,,,0,,3,3,262,21,55,,37/93 (40%),4/23 (17%),48%,10,39/67 (58%),19/53 (36%),5/11 (45%),57%,21,6,73,22,,3,,,,,7
11369642,25,52368,NORMAL,REGULAR,Round 12,LEAGUE,26,Walsall,Visita,1ST,07/10/2023,12,0,62%,0.00,,9,0,5,,176,10,9,,,3,0,3,3,6,3,,,0,,2,2,118,7,27,,15/45 (33%),3/18 (17%),55%,4,21/32 (66%),16/35 (46%),3/7 (43%),80%,10,3,30,9,,0,,,,,6
11369642,25,52368,NORMAL,REGULAR,Round 12,LEAGUE,26,Walsall,Visita,2ND,07/10/2023,12,0,51%,0.00,,3,3,0,,208,11,5,,,2,0,1,0,1,2,,,0,,1,1,144,14,28,,22/48 (46%),1/5 (20%),40%,6,18/35 (51%),3/18 (17%),2/4 (50%),36%,11,3,43,13,,3,,,,,1
11488232,334,53537,SPECIAL_EVENT,GROUP,"EFL Trophy, Southern Group B",SUPER_CUP,6339,Sutton United,Local,ALL,10/10/2023,,0,30%,0.00,0,8,6,1,11,261,15,11,1,,2,0,3,3,5,3,,0,,,3,0,174,22,66,,28/75 (37%),1/3 (33%),44%,11,32/70 (46%),19/46 (41%),6/11 (55%),47%,15,6,54,20,,6,,,,,7
11488232,334,53537,SPECIAL_EVENT,GROUP,"EFL Trophy, Southern Group B",SUPER_CUP,6339,Sutton United,Local,1ST,10/10/2023,,0,30%,0.00,0,2,4,0,,138,7,4,0,,0,0,1,1,1,1,,0,,,2,0,96,15,31,,10/32 (31%),0/1 (0%),49%,4,16/31 (52%),8/18 (44%),5/7 (71%),43%,7,2,28,8,,4,,,,,2
11488232,334,53537,SPECIAL_EVENT,GROUP,"EFL Trophy, Southern Group B",SUPER_CUP,6339,Sutton United,Local,2ND,10/10/2023,,0,30%,0.00,0,6,2,1,,123,8,7,1,,2,0,2,2,4,2,,0,,,1,0,78,7,35,,18/43 (42%),1/2 (50%),40%,7,16/39 (41%),11/28 (39%),1/4 (25%),50%,8,4,26,12,,2,,,,,5
11488232,334,53537,SPECIAL_EVENT,GROUP,"EFL Trophy, Southern Group B",SUPER_CUP,4875,Crawley Town,Visita,ALL,10/10/2023,,0,70%,0.00,2,14,2,9,11,613,16,10,2,,6,1,4,4,8,6,,2,,,1,2,508,24,60,,44/83 (53%),4/15 (27%),56%,5,38/70 (54%),27/46 (59%),12/22 (55%),50%,16,1,49,18,,2,,,,,5
11488232,334,53537,SPECIAL_EVENT,GROUP,"EFL Trophy, Southern Group B",SUPER_CUP,4875,Crawley Town,Visita,1ST,10/10/2023,,0,70%,0.00,2,6,0,4,,319,6,5,1,,4,0,1,1,4,2,,2,,,1,1,269,10,33,,29/51 (57%),3/7 (43%),51%,3,15/31 (48%),10/18 (56%),4/8 (50%),50%,6,0,27,9,,0,,,,,3
11488232,334,53537,SPECIAL_EVENT,GROUP,"EFL Trophy, Southern Group B",SUPER_CUP,4875,Crawley Town,Visita,2ND,10/10/2023,,0,70%,0.00,0,8,2,5,,294,10,5,1,,2,1,3,3,4,4,,0,,,0,1,239,14,27,,15/32 (47%),1/8 (13%),60%,2,23/39 (59%),17/28 (61%),8/14 (57%),50%,10,1,22,9,,2,,,,,2
11369646,25,52368,NORMAL,REGULAR,Round 13,LEAGUE,84,Doncaster Rovers,Local,ALL,14/10/2023,13,4,64%,0.00,2,12,2,2,15,476,8,10,2,,5,1,3,4,11,1,2,0,1,,3,2,377,30,59,,33/79 (42%),6/15 (40%),39%,5,24/62 (39%),18/47 (38%),6/17 (35%),75%,8,14,74,27,,2,,,,,5
11369646,25,52368,NORMAL,REGULAR,Round 13,LEAGUE,84,Doncaster Rovers,Local,1ST,14/10/2023,13,1,68%,0.00,1,3,2,1,,259,6,8,0,,1,0,1,1,3,0,1,0,0,,3,2,215,13,29,,19/35 (54%),1/10 (10%),39%,2,19/40 (48%),6/24 (25%),5/13 (38%),67%,6,5,36,13,,2,,,,,3
11369646,25,52368,NORMAL,REGULAR,Round 13,LEAGUE,84,Doncaster Rovers,Local,2ND,14/10/2023,13,3,59%,0.00,1,9,0,1,,217,2,2,2,,4,1,2,3,8,1,1,0,1,,0,0,162,17,30,,14/44 (32%),5/5 (100%),38%,3,5/22 (23%),12/23 (52%),1/4 (25%),100%,2,9,38,14,,0,,,,,2
11369646,25,52368,NORMAL,REGULAR,Round 13,LEAGUE,6339,Sutton United,Visita,ALL,14/10/2023,13,1,36%,0.00,3,6,1,1,10,263,16,15,3,,3,0,3,0,6,0,1,2,0,,1,2,156,35,65,,33/71 (46%),4/17 (24%),61%,2,38/62 (61%),29/47 (62%),7/13 (54%),56%,16,3,60,14,,1,,,,,9
11369646,25,52368,NORMAL,REGULAR,Round 13,LEAGUE,6339,Sutton United,Visita,1ST,14/10/2023,13,0,32%,0.00,1,3,0,1,,117,10,7,2,,2,0,1,0,3,0,0,1,0,,0,0,66,14,32,,14/32 (44%),2/8 (25%),61%,0,21/40 (53%),18/24 (75%),4/10 (40%),60%,10,2,30,10,,0,,,,,5
11369646,25,52368,NORMAL,REGULAR,Round 13,LEAGUE,6339,Sutton United,Visita,2ND,14/10/2023,13,1,41%,0.00,2,3,1,0,,146,6,8,1,,1,0,2,0,3,0,1,1,0,,1,2,90,21,33,,19/39 (49%),2/9 (22%),62%,2,17/22 (77%),11/23 (48%),3/3 (100%),50%,6,1,30,4,,1,,,,,4
11369666,25,52368,NORMAL,REGULAR,Round 14,LEAGUE,6339,Sutton United,Local,ALL,21/10/2023,14,2,53%,0.00,2,19,3,11,7,292,15,11,1,,5,0,8,6,12,7,1,1,,,5,2,191,37,75,,31/74 (42%),15/32 (47%),51%,10,29/64 (45%),37/66 (56%),3/15 (20%),73%,15,8,65,16,,3,,,,,6
11369666,25,52368,NORMAL,REGULAR,Round 14,LEAGUE,6339,Sutton United,Local,1ST,21/10/2023,14,1,49%,0.00,2,9,1,5,,135,6,5,1,,3,0,4,2,5,4,1,1,,,2,0,81,19,34,,14/34 (41%),9/14 (64%),48%,5,12/34 (35%),19/30 (63%),1/9 (11%),67%,6,5,31,9,,1,,,,,4
11369666,25,52368,NORMAL,REGULAR,Round 14,LEAGUE,6339,Sutton United,Local,2ND,21/10/2023,14,1,57%,0.00,0,10,2,6,,157,9,6,0,,2,0,4,4,7,3,0,0,,,3,2,110,18,41,,17/40 (43%),6/18 (33%),53%,5,17/30 (57%),18/36 (50%),2/6 (33%),78%,9,3,34,7,,2,,,,,2
11369666,25,52368,NORMAL,REGULAR,Round 14,LEAGUE,81,Morecambe,Visita,ALL,21/10/2023,14,3,47%,0.00,2,9,4,4,12,265,22,7,2,,6,0,1,2,6,3,1,1,,,1,2,155,24,70,,22/76 (29%),4/18 (22%),49%,10,35/64 (55%),29/66 (44%),6/11 (55%),64%,22,7,71,43,,4,,,,,9
11369666,25,52368,NORMAL,REGULAR,Round 14,LEAGUE,81,Morecambe,Visita,1ST,21/10/2023,14,2,51%,0.00,2,4,3,2,,144,13,6,0,,3,0,1,0,4,0,1,1,,,1,1,91,11,34,,10/38 (26%),2/11 (18%),52%,3,22/34 (65%),11/30 (37%),3/6 (50%),62%,13,3,32,26,,3,,,,,5
11369666,25,52368,NORMAL,REGULAR,Round 14,LEAGUE,81,Morecambe,Visita,2ND,21/10/2023,14,1,43%,0.00,0,5,1,2,,121,9,1,2,,3,0,0,2,2,3,0,0,,,0,1,64,13,36,,12/38 (32%),2/7 (29%),47%,7,13/30 (43%),18/36 (50%),3/5 (60%),67%,9,4,39,17,,1,,,,,4
11369679,25,52368,NORMAL,REGULAR,Round 15,LEAGUE,64,Wrexham,Local,ALL,24/10/2023,15,2,69%,0.00,2,17,0,10,10,580,17,5,3,,5,1,5,7,9,8,0,2,,,0,1,464,23,74,,32/69 (46%),8/31 (26%),56%,4,26/49 (53%),33/56 (59%),5/9 (56%),71%,17,5,48,28,,0,,,,,9
11369679,25,52368,NORMAL,REGULAR,Round 15,LEAGUE,64,Wrexham,Local,1ST,24/10/2023,15,1,76%,0.00,2,8,0,2,,358,11,3,0,,3,0,3,2,5,3,0,2,,,0,0,300,9,43,,15/36 (42%),5/14 (36%),57%,1,17/30 (57%),12/21 (57%),3/6 (50%),82%,11,3,21,5,,0,,,,,5
11369679,25,52368,NORMAL,REGULAR,Round 15,LEAGUE,64,Wrexham,Local,2ND,24/10/2023,15,1,60%,0.00,0,9,0,8,,222,6,2,3,,2,1,2,5,4,5,0,0,,,0,1,164,14,31,,17/33 (52%),3/17 (18%),56%,3,9/19 (47%),21/35 (60%),2/3 (67%),50%,6,2,27,23,,0,,,,,4
11369679,25,52368,NORMAL,REGULAR,Round 15,LEAGUE,6339,Sutton United,Visita,ALL,24/10/2023,15,1,31%,0.00,1,12,2,2,6,268,8,10,0,,1,0,8,3,6,6,1,0,,,1,5,156,34,73,,15/64 (23%),2/8 (25%),44%,8,23/49 (47%),23/56 (41%),5/14 (36%),38%,8,7,54,37,,2,,,,,9
11369679,25,52368,NORMAL,REGULAR,Round 15,LEAGUE,6339,Sutton United,Visita,1ST,24/10/2023,15,0,24%,0.00,0,4,2,1,,115,4,5,0,,0,0,3,1,2,2,0,0,,,1,3,63,17,33,,7/30 (23%),1/2 (50%),43%,7,13/30 (43%),9/21 (43%),4/8 (50%),50%,4,5,27,13,,2,,,,,4
11369679,25,52368,NORMAL,REGULAR,Round 15,LEAGUE,6339,Sutton United,Visita,2ND,24/10/2023,15,1,40%,0.00,1,8,0,1,,153,4,5,0,,1,0,5,2,4,4,1,0,,,0,2,93,17,40,,8/34 (24%),1/6 (17%),44%,1,10/19 (53%),14/35 (40%),1/6 (17%),25%,4,2,27,24,,0,,,,,5
11369691,25,52368,NORMAL,REGULAR,Round 16,LEAGUE,6339,Sutton United,Local,ALL,28/10/2023,16,2,34%,0.00,1,11,,6,13,256,18,13,2,,2,0,4,5,10,1,1,,,,1,,155,32,59,,26/66 (39%),6/22 (27%),56%,13,35/67 (52%),37/61 (61%),3/5 (60%),56%,18,13,61,31,,,,,,,8
11369691,25,52368,NORMAL,REGULAR,Round 16,LEAGUE,6339,Sutton United,Local,1ST,28/10/2023,16,1,34%,0.00,1,5,,3,,132,8,7,0,,1,0,2,2,5,0,1,,,,0,,82,15,32,,14/33 (42%),2/12 (17%),64%,6,16/33 (48%),21/25 (84%),1/3 (33%),63%,8,7,33,16,,,,,,,2
11369691,25,52368,NORMAL,REGULAR,Round 16,LEAGUE,6339,Sutton United,Local,2ND,28/10/2023,16,1,35%,0.00,0,6,,3,,124,10,6,2,,1,0,2,3,5,1,0,,,,1,,73,17,27,,12/33 (36%),4/10 (40%),50%,7,19/34 (56%),16/36 (44%),2/2 (100%),50%,10,6,28,15,,,,,,,6
11369691,25,52368,NORMAL,REGULAR,Round 16,LEAGUE,22,Bradford City,Visita,ALL,28/10/2023,16,1,66%,0.00,0,9,,8,13,503,15,13,1,,1,1,5,3,6,3,0,,,,2,,386,28,78,,43/91 (47%),9/27 (33%),44%,8,32/67 (48%),24/61 (39%),4/15 (27%),67%,15,6,62,24,,,,,,,6
11369691,25,52368,NORMAL,REGULAR,Round 16,LEAGUE,22,Bradford City,Visita,1ST,28/10/2023,16,0,66%,0.00,0,2,,5,,268,8,6,0,,0,0,1,1,2,0,0,,,,0,,217,16,43,,25/46 (54%),4/14 (29%),36%,3,17/33 (52%),4/25 (16%),3/8 (38%),75%,8,4,31,11,,,,,,,5
11369691,25,52368,NORMAL,REGULAR,Round 16,LEAGUE,22,Bradford City,Visita,2ND,28/10/2023,16,1,65%,0.00,0,7,,3,,235,7,7,1,,1,1,4,2,4,3,0,,,,2,,169,12,35,,18/45 (40%),5/13 (38%),50%,5,15/34 (44%),20/36 (56%),1/7 (14%),57%,7,2,31,13,,,,,,,1
11369694,25,52368,NORMAL,REGULAR,Round 17,LEAGUE,66,Colchester United,Local,ALL,11/11/2023,17,1,60%,0.00,2,11,1,6,14,419,18,9,3,,4,0,4,3,4,7,1,1,1,,1,1,336,21,36,,24/65 (37%),1/19 (5%),47%,4,35/66 (53%),23/57 (40%),8/16 (50%),61%,18,9,48,31,,1,,,,,11
11369694,25,52368,NORMAL,REGULAR,Round 17,LEAGUE,66,Colchester United,Local,1ST,11/11/2023,17,0,64%,0.00,1,3,0,5,,237,10,4,0,,2,0,1,0,2,1,0,1,1,,1,1,201,11,21,,13/37 (35%),1/12 (8%),46%,1,17/30 (57%),9/26 (35%),3/7 (43%),60%,10,4,25,12,,0,,,,,5
11369694,25,52368,NORMAL,REGULAR,Round 17,LEAGUE,66,Colchester United,Local,2ND,11/11/2023,17,1,56%,0.00,1,8,1,1,,182,8,5,3,,2,0,3,3,2,6,1,0,0,,0,0,135,10,15,,11/28 (39%),0/7 (0%),48%,3,18/36 (50%),14/31 (45%),5/9 (56%),63%,8,5,23,19,,1,,,,,6
11369694,25,52368,NORMAL,REGULAR,Round 17,LEAGUE,6339,Sutton United,Visita,ALL,11/11/2023,17,1,40%,0.00,1,13,3,3,9,280,12,12,4,,3,0,6,4,9,4,1,0,0,,6,3,172,22,69,,22/67 (33%),4/17 (24%),53%,6,31/66 (47%),34/57 (60%),7/19 (37%),75%,12,10,52,14,,3,,,,,12
11369694,25,52368,NORMAL,REGULAR,Round 17,LEAGUE,6339,Sutton United,Visita,1ST,11/11/2023,17,0,36%,0.00,0,3,2,1,,137,5,5,3,,0,0,3,0,3,0,0,0,0,,2,1,91,12,32,,7/29 (24%),3/8 (38%),54%,3,13/30 (43%),17/26 (65%),3/10 (30%),80%,5,2,27,9,,2,,,,,5
11369694,25,52368,NORMAL,REGULAR,Round 17,LEAGUE,6339,Sutton United,Visita,2ND,11/11/2023,17,1,44%,0.00,1,10,1,2,,143,7,7,1,,3,0,3,4,6,4,1,0,0,,4,2,81,10,37,,15/38 (39%),1/9 (11%),52%,3,18/36 (50%),17/31 (55%),4/9 (44%),71%,7,8,25,5,,1,,,,,7
11369715,25,52368,NORMAL,REGULAR,Round 18,LEAGUE,6339,Sutton United,Local,ALL,18/11/2023,18,1,50%,0.00,,13,3,4,9,348,11,7,2,,2,1,6,5,8,5,,,1,,1,5,210,44,77,,37/84 (44%),6/18 (33%),53%,8,30/61 (49%),43/77 (56%),12/25 (48%),91%,11,9,68,13,,3,,,,,8
11369715,25,52368,NORMAL,REGULAR,Round 18,LEAGUE,6339,Sutton United,Local,1ST,18/11/2023,18,0,42%,0.00,,4,3,1,,140,3,4,1,,1,1,3,0,3,1,,,1,,0,4,79,19,34,,19/39 (49%),2/7 (29%),47%,3,13/28 (46%),17/36 (47%),6/12 (50%),100%,3,5,33,8,,3,,,,,1
11369715,25,52368,NORMAL,REGULAR,Round 18,LEAGUE,6339,Sutton United,Local,2ND,18/11/2023,18,1,57%,0.00,,9,0,3,,208,8,3,1,,1,0,3,5,5,4,,,0,,1,1,131,25,43,,18/45 (40%),4/11 (36%),58%,5,17/33 (52%),26/41 (63%),6/13 (46%),88%,8,4,35,5,,0,,,,,7
11369715,25,52368,NORMAL,REGULAR,Round 18,LEAGUE,51,Tranmere Rovers,Visita,ALL,18/11/2023,18,1,50%,0.00,,10,1,2,8,352,21,9,1,,3,1,3,4,2,8,,,0,,2,2,226,25,79,,28/91 (31%),1/10 (10%),47%,4,31/61 (51%),34/77 (44%),1/8 (13%),62%,21,8,63,50,,1,,,,,9
11369715,25,52368,NORMAL,REGULAR,Round 18,LEAGUE,51,Tranmere Rovers,Visita,1ST,18/11/2023,18,1,58%,0.00,,4,1,0,,196,9,6,0,,3,1,1,0,0,4,,,0,,1,2,135,13,38,,16/45 (36%),0/4 (0%),53%,3,15/28 (54%),19/36 (53%),0/0 (0%),44%,9,7,31,19,,1,,,,,4
11369715,25,52368,NORMAL,REGULAR,Round 18,LEAGUE,51,Tranmere Rovers,Visita,2ND,18/11/2023,18,0,43%,0.00,,6,0,2,,156,12,3,1,,0,0,2,4,2,4,,,0,,1,0,91,12,41,,12/46 (26%),1/6 (17%),42%,1,16/33 (48%),15/41 (37%),1/8 (13%),75%,12,1,32,31,,0,,,,,5
11812557,334,53537,SPECIAL_EVENT,GROUP,"EFL Trophy, Southern Group B",SUPER_CUP,47,Charlton Athletic,Local,ALL,21/11/2023,,3,67%,0.00,3,15,4,7,9,554,11,10,,,6,2,7,2,12,3,1,2,,,3,3,465,20,70,,31/61 (51%),3/15 (20%),54%,5,30/56 (54%),26/47 (55%),10/17 (59%),73%,11,6,53,21,,4,,,,,5
11812557,334,53537,SPECIAL_EVENT,GROUP,"EFL Trophy, Southern Group B",SUPER_CUP,47,Charlton Athletic,Local,1ST,21/11/2023,,1,62%,0.00,2,10,2,4,,235,7,5,,,2,2,7,1,8,2,0,2,,,3,1,188,11,23,,14/34 (41%),1/8 (13%),54%,2,17/26 (65%),14/31 (45%),5/6 (83%),71%,7,3,24,15,,2,,,,,3
11812557,334,53537,SPECIAL_EVENT,GROUP,"EFL Trophy, Southern Group B",SUPER_CUP,47,Charlton Athletic,Local,2ND,21/11/2023,,2,72%,0.00,1,5,2,3,,319,4,5,,,4,0,0,1,4,1,1,0,,,0,2,277,9,47,,17/27 (63%),2/7 (29%),54%,3,13/30 (43%),12/16 (75%),5/11 (45%),75%,4,3,29,6,,2,,,,,2
11812557,334,53537,SPECIAL_EVENT,GROUP,"EFL Trophy, Southern Group B",SUPER_CUP,6339,Sutton United,Visita,ALL,21/11/2023,,0,33%,0.00,0,13,3,5,10,264,12,9,,,4,0,5,4,6,7,0,0,,,4,2,165,21,44,,24/67 (36%),4/14 (29%),46%,6,26/56 (46%),21/47 (45%),5/10 (50%),92%,12,5,49,10,,3,,,,,11
11812557,334,53537,SPECIAL_EVENT,GROUP,"EFL Trophy, Southern Group B",SUPER_CUP,6339,Sutton United,Visita,1ST,21/11/2023,,0,38%,0.00,0,8,1,5,,141,3,3,,,2,0,3,3,4,4,0,0,,,0,1,89,11,26,,14/32 (44%),3/10 (30%),46%,3,9/26 (35%),17/31 (55%),3/7 (43%),100%,3,3,23,8,,1,,,,,7
11812557,334,53537,SPECIAL_EVENT,GROUP,"EFL Trophy, Southern Group B",SUPER_CUP,6339,Sutton United,Visita,2ND,21/11/2023,,0,28%,0.00,0,5,2,0,,123,9,6,,,2,0,2,1,2,3,0,0,,,4,1,76,10,18,,10/35 (29%),1/4 (25%),46%,3,17/30 (57%),4/16 (25%),2/3 (67%),89%,9,2,26,2,,2,,,,,4
11369721,25,52368,NORMAL,REGULAR,Round 19,LEAGUE,18,Grimsby Town,Local,ALL,25/11/2023,19,1,61%,0.00,3,13,1,8,9,417,15,5,,,4,0,3,6,9,4,1,2,,,0,3,291,33,61,,31/87 (36%),3/29 (10%),43%,3,24/45 (53%),22/61 (36%),4/11 (36%),53%,15,9,66,33,,1,,,,,8
11369721,25,52368,NORMAL,REGULAR,Round 19,LEAGUE,18,Grimsby Town,Local,1ST,25/11/2023,19,1,65%,0.00,2,9,0,1,,228,8,3,,,3,0,3,3,5,4,1,1,,,0,1,162,20,31,,13/45 (29%),2/14 (14%),50%,0,12/16 (75%),14/36 (39%),1/3 (33%),63%,8,3,35,18,,0,,,,,3
11369721,25,52368,NORMAL,REGULAR,Round 19,LEAGUE,18,Grimsby Town,Local,2ND,25/11/2023,19,0,58%,0.00,1,4,1,7,,189,7,2,,,1,0,0,3,4,0,0,1,,,0,2,129,13,30,,18/42 (43%),1/15 (7%),37%,3,12/29 (41%),8/25 (32%),3/8 (38%),43%,7,6,31,15,,1,,,,,5
11369721,25,52368,NORMAL,REGULAR,Round 19,LEAGUE,6339,Sutton United,Visita,ALL,25/11/2023,19,1,39%,0.00,2,13,3,4,5,264,10,8,,,2,0,7,4,9,4,0,2,,,1,2,136,30,63,,27/75 (36%),7/19 (37%),57%,6,21/45 (47%),39/61 (64%),3/12 (25%),90%,10,10,64,30,,3,,,,,7
11369721,25,52368,NORMAL,REGULAR,Round 19,LEAGUE,6339,Sutton United,Visita,1ST,25/11/2023,19,1,35%,0.00,0,7,2,4,,118,2,2,,,1,0,4,2,4,3,0,0,,,1,1,59,13,27,,13/37 (35%),4/13 (31%),50%,2,4/16 (25%),22/36 (61%),0/6 (0%),100%,2,4,31,13,,2,,,,,4
11369721,25,52368,NORMAL,REGULAR,Round 19,LEAGUE,6339,Sutton United,Visita,2ND,25/11/2023,19,0,42%,0.00,2,6,1,0,,146,8,6,,,1,0,3,2,5,1,0,2,,,0,1,77,17,36,,14/38 (37%),3/6 (50%),63%,4,17/29 (59%),17/25 (68%),3/6 (50%),88%,8,6,33,17,,1,,,,,3
11369739,25,52368,NORMAL,REGULAR,Round 20,LEAGUE,6339,Sutton United,Local,ALL,28/11/2023,20,1,36%,0.00,1,9,3,3,14,302,8,10,2,,3,2,4,2,7,2,1,0,0,,0,2,202,25,57,,33/78 (42%),5/16 (31%),54%,6,25/51 (49%),37/64 (58%),7/13 (54%),75%,8,7,53,40,,3,,,,,10
11369739,25,52368,NORMAL,REGULAR,Round 20,LEAGUE,6339,Sutton United,Local,1ST,28/11/2023,20,1,35%,0.00,1,3,2,2,,148,2,4,0,,2,1,0,1,2,1,1,0,0,,0,1,92,16,34,,19/43 (44%),2/7 (29%),54%,3,10/24 (42%),20/32 (63%),4/8 (50%),100%,2,3,28,14,,2,,,,,3
11369739,25,52368,NORMAL,REGULAR,Round 20,LEAGUE,6339,Sutton United,Local,2ND,28/11/2023,20,0,37%,0.00,0,6,1,1,,154,6,6,2,,1,1,4,1,5,1,0,0,0,,0,1,110,9,23,,14/35 (40%),3/9 (33%),54%,3,15/27 (56%),17/32 (53%),3/5 (60%),67%,6,4,25,26,,1,,,,,7
11369739,25,52368,NORMAL,REGULAR,Round 20,LEAGUE,19,Crewe Alexandra,Visita,ALL,28/11/2023,20,1,64%,0.00,3,22,2,9,10,520,12,12,1,,4,1,11,7,17,5,0,3,3,,1,0,433,20,69,,25/54 (46%),6/29 (21%),46%,5,26/51 (51%),27/64 (42%),2/5 (40%),58%,12,11,52,27,,2,,,,,5
11369739,25,52368,NORMAL,REGULAR,Round 20,LEAGUE,19,Crewe Alexandra,Visita,1ST,28/11/2023,20,1,65%,0.00,2,8,1,1,,269,7,6,1,,3,1,4,1,6,2,0,2,2,,0,0,224,10,40,,16/32 (50%),0/8 (0%),46%,2,14/24 (58%),12/32 (38%),1/1 (100%),71%,7,7,27,20,,1,,,,,1
11369739,25,52368,NORMAL,REGULAR,Round 20,LEAGUE,19,Crewe Alexandra,Visita,2ND,28/11/2023,20,0,63%,0.00,1,14,1,8,,251,5,6,0,,1,0,7,6,11,3,0,1,1,,1,0,209,10,29,,9/22 (41%),6/21 (29%),46%,3,12/27 (44%),15/32 (47%),1/4 (25%),40%,5,4,25,7,,1,,,,,4
11369760,25,52368,NORMAL,REGULAR,Round 22,LEAGUE,10,Stockport County,Local,ALL,16/12/2023,22,8,60%,0.00,8,19,1,5,12,511,12,8,0,,11,2,6,2,15,4,5,3,1,,2,3,403,16,62,,30/80 (38%),7/17 (41%),46%,4,24/50 (48%),24/54 (44%),5/8 (63%),100%,12,4,38,23,,1,,,,,8
11369760,25,52368,NORMAL,REGULAR,Round 22,LEAGUE,10,Stockport County,Local,1ST,16/12/2023,22,4,61%,0.00,3,10,0,4,,252,7,4,0,,6,0,3,1,9,1,2,1,0,,1,1,197,8,30,,20/41 (49%),5/14 (36%),50%,1,14/28 (50%),18/36 (50%),4/6 (67%),100%,7,2,22,12,,0,,,,,4
11369760,25,52368,NORMAL,REGULAR,Round 22,LEAGUE,10,Stockport County,Local,2ND,16/12/2023,22,4,58%,0.00,5,9,1,1,,259,5,4,0,,5,2,3,1,6,3,3,2,1,,1,2,206,8,32,,10/39 (26%),2/3 (67%),40%,3,10/22 (45%),6/18 (33%),1/2 (50%),100%,5,2,16,11,,1,,,,,4
11369760,25,52368,NORMAL,REGULAR,Round 22,LEAGUE,6339,Sutton United,Visita,ALL,16/12/2023,22,0,40%,0.00,1,7,3,1,10,350,7,12,1,,1,0,5,1,3,4,0,1,0,,2,1,247,30,78,,32/81 (40%),1/10 (10%),54%,5,26/50 (52%),30/54 (56%),8/15 (53%),86%,7,8,35,10,,3,,,,,6
11369760,25,52368,NORMAL,REGULAR,Round 22,LEAGUE,6339,Sutton United,Visita,1ST,16/12/2023,22,0,39%,0.00,0,2,2,0,,168,3,7,1,,0,0,2,0,1,1,0,0,0,,1,0,109,17,44,,12/43 (28%),0/4 (0%),50%,3,14/28 (50%),18/36 (50%),5/9 (56%),67%,3,4,18,8,,2,,,,,5
11369760,25,52368,NORMAL,REGULAR,Round 22,LEAGUE,6339,Sutton United,Visita,2ND,16/12/2023,22,0,42%,0.00,1,5,1,1,,182,4,5,0,,1,0,3,1,2,3,0,1,0,,1,1,138,13,34,,20/38 (53%),1/6 (17%),60%,2,12/22 (55%),12/18 (67%),3/6 (50%),100%,4,4,17,2,,1,,,,,1
11369773,25,52368,NORMAL,REGULAR,Round 23,LEAGUE,6339,Sutton United,Local,ALL,23/12/2023,23,0,42%,0.00,1,7,3,2,10,357,16,10,1,,1,1,3,3,7,0,0,1,0,,3,1,224,30,72,,36/91 (40%),3/9 (33%),50%,7,37/72 (51%),26/55 (47%),11/22 (50%),50%,16,11,48,33,,3,,,,,16
11369773,25,52368,NORMAL,REGULAR,Round 23,LEAGUE,6339,Sutton United,Local,1ST,23/12/2023,23,0,33%,0.00,1,2,1,1,,156,8,3,0,,1,1,0,1,2,0,0,1,0,,1,0,98,11,30,,16/39 (41%),2/3 (67%),53%,1,14/27 (52%),12/22 (55%),3/4 (75%),50%,8,5,21,21,,1,,,,,8
11369773,25,52368,NORMAL,REGULAR,Round 23,LEAGUE,6339,Sutton United,Local,2ND,23/12/2023,23,0,53%,0.00,0,5,2,1,,201,8,7,1,,0,0,3,2,5,0,0,0,0,,2,1,126,19,42,,20/52 (38%),1/6 (17%),47%,6,23/45 (51%),14/33 (42%),8/18 (44%),50%,8,6,27,12,,2,,,,,8
11369773,25,52368,NORMAL,REGULAR,Round 23,LEAGUE,70,Mansfield Town,Visita,ALL,23/12/2023,23,2,58%,0.00,3,17,2,5,10,461,18,7,1,,5,1,8,4,5,12,2,1,1,,3,1,335,27,65,,37/87 (43%),7/37 (19%),50%,6,35/72 (49%),29/55 (53%),10/20 (50%),50%,18,8,57,10,,2,,,,,10
11369773,25,52368,NORMAL,REGULAR,Round 23,LEAGUE,70,Mansfield Town,Visita,1ST,23/12/2023,23,1,67%,0.00,1,7,1,3,,291,2,3,0,,2,1,3,2,2,5,1,0,0,,1,1,234,12,37,,25/43 (58%),3/24 (13%),47%,5,13/27 (48%),10/22 (45%),8/11 (73%),50%,2,4,27,2,,1,,,,,5
11369773,25,52368,NORMAL,REGULAR,Round 23,LEAGUE,70,Mansfield Town,Visita,2ND,23/12/2023,23,1,47%,0.00,2,10,1,2,,170,16,4,1,,3,0,5,2,3,7,1,1,1,,2,0,101,15,28,,12/44 (27%),4/13 (31%),53%,1,22/45 (49%),19/33 (58%),2/9 (22%),50%,16,4,30,8,,1,,,,,5
11369776,25,52368,NORMAL,REGULAR,Round 24,LEAGUE,23957,AFC Wimbledon,Local,ALL,26/12/2023,24,0,55%,0.00,0,11,5,2,13,373,15,10,3,,5,0,2,4,8,3,0,0,0,,2,3,232,32,77,,33/98 (34%),3/15 (20%),49%,2,37/65 (57%),38/87 (44%),12/20 (60%),60%,15,10,53,26,,5,,,,,12
11369776,25,52368,NORMAL,REGULAR,Round 24,LEAGUE,23957,AFC Wimbledon,Local,1ST,26/12/2023,24,0,54%,0.00,0,4,2,1,,154,7,6,1,,2,0,1,1,2,2,0,0,0,,2,2,95,9,30,,11/40 (28%),2/7 (29%),50%,2,19/33 (58%),17/39 (44%),6/10 (60%),57%,7,2,25,19,,2,,,,,9
11369776,25,52368,NORMAL,REGULAR,Round 24,LEAGUE,23957,AFC Wimbledon,Local,2ND,26/12/2023,24,0,56%,0.00,0,7,3,1,,219,8,4,2,,3,0,1,3,6,1,0,0,0,,0,1,137,23,47,,22/58 (38%),1/8 (13%),49%,0,18/32 (56%),21/48 (44%),6/10 (60%),63%,8,8,28,7,,3,,,,,3
11369776,25,52368,NORMAL,REGULAR,Round 24,LEAGUE,6339,Sutton United,Visita,ALL,26/12/2023,24,1,45%,0.00,3,12,5,6,11,298,10,13,4,,6,0,3,3,10,2,1,2,1,,4,3,155,33,83,,26/85 (31%),3/18 (17%),51%,9,28/65 (43%),49/87 (56%),6/12 (50%),60%,10,8,57,23,,5,,,,,4
11369776,25,52368,NORMAL,REGULAR,Round 24,LEAGUE,6339,Sutton United,Visita,1ST,26/12/2023,24,0,46%,0.00,2,8,2,4,,127,6,5,1,,2,0,3,3,7,1,0,2,1,,2,2,67,15,35,,10/37 (27%),1/11 (9%),50%,3,14/33 (42%),22/39 (56%),3/7 (43%),67%,6,6,25,8,,2,,,,,3
11369776,25,52368,NORMAL,REGULAR,Round 24,LEAGUE,6339,Sutton United,Visita,2ND,26/12/2023,24,1,44%,0.00,1,4,3,2,,171,4,8,3,,4,0,0,0,3,1,1,0,0,,2,1,88,18,48,,16/48 (33%),2/7 (29%),51%,6,14/32 (44%),27/48 (56%),3/5 (60%),50%,4,2,32,15,,3,,,,,1
11372493,25,52368,NORMAL,REGULAR,Round 25,LEAGUE,20,Gillingham,Local,ALL,29/12/2023,25,1,72%,0.00,4,23,2,12,6,596,17,10,1,0,4,0,10,9,16,7,,4,,,2,3,492,29,79,,56/91 (62%),10/46 (22%),54%,11,35/62 (56%),23/45 (51%),8/18 (44%),65%,17,5,55,12,,2,,,,,2
11372493,25,52368,NORMAL,REGULAR,Round 25,LEAGUE,20,Gillingham,Local,1ST,29/12/2023,25,0,69%,0.00,2,13,1,5,,298,6,6,1,0,2,0,5,6,10,3,,2,,,2,2,247,11,39,,30/49 (61%),6/19 (32%),54%,7,18/30 (60%),11/24 (46%),6/9 (67%),67%,6,0,27,7,,1,,,,,2
11372493,25,52368,NORMAL,REGULAR,Round 25,LEAGUE,20,Gillingham,Local,2ND,29/12/2023,25,1,76%,0.00,2,10,1,7,,298,11,4,0,0,2,0,5,3,6,4,,2,,,0,1,245,18,40,,26/42 (62%),4/27 (15%),55%,4,17/32 (53%),12/21 (57%),2/9 (22%),64%,11,5,28,5,,1,,,,,0
11372493,25,52368,NORMAL,REGULAR,Round 25,LEAGUE,6339,Sutton United,Visita,ALL,29/12/2023,25,0,28%,0.00,0,4,3,0,10,247,21,6,3,1,2,0,0,2,2,2,,0,,,0,2,149,20,57,,16/66 (24%),1/3 (33%),46%,8,27/62 (44%),22/45 (49%),0/9 (0%),67%,21,10,51,40,,3,,,,,11
11372493,25,52368,NORMAL,REGULAR,Round 25,LEAGUE,6339,Sutton United,Visita,1ST,29/12/2023,25,0,31%,0.00,0,1,2,0,,144,10,2,1,1,1,0,0,0,1,0,,0,,,0,2,94,9,34,,9/32 (28%),1/3 (33%),46%,3,12/30 (40%),13/24 (54%),0/3 (0%),50%,10,2,28,21,,2,,,,,5
11372493,25,52368,NORMAL,REGULAR,Round 25,LEAGUE,6339,Sutton United,Visita,2ND,29/12/2023,25,0,24%,0.00,0,3,1,0,,103,11,4,2,0,1,0,0,2,1,2,,0,,,0,0,55,11,23,,7/34 (21%),0/0 (0%),45%,5,15/32 (47%),9/21 (43%),0/6 (0%),82%,11,8,23,19,,1,,,,,6
11372475,25,52368,NORMAL,REGULAR,Round 26,LEAGUE,6339,Sutton United,Local,ALL,01/01/2024,26,1,51%,0.00,1,14,1,3,8,361,12,5,1,,4,1,5,5,11,3,1,,,,1,2,233,32,96,,30/88 (34%),10/19 (53%),52%,8,30/61 (49%),36/66 (55%),13/22 (59%),75%,12,14,61,33,,1,,,,,9
11372475,25,52368,NORMAL,REGULAR,Round 26,LEAGUE,6339,Sutton United,Local,1ST,01/01/2024,26,0,49%,0.00,0,4,0,0,,161,10,4,1,,1,1,3,0,4,0,0,,,,1,0,100,17,42,,11/40 (28%),4/8 (50%),56%,5,19/34 (56%),20/36 (56%),5/8 (63%),90%,10,9,32,13,,0,,,,,4
11372475,25,52368,NORMAL,REGULAR,Round 26,LEAGUE,6339,Sutton United,Local,2ND,01/01/2024,26,1,53%,0.00,1,10,1,3,,200,2,1,0,,3,0,2,5,7,3,1,,,,0,2,133,15,54,,19/48 (40%),6/11 (55%),47%,3,11/27 (41%),16/30 (53%),8/14 (57%),0%,2,5,29,20,,1,,,,,5
11372475,25,52368,NORMAL,REGULAR,Round 26,LEAGUE,79,Newport County,Visita,ALL,01/01/2024,26,1,49%,0.00,1,10,3,7,5,340,17,8,0,,2,0,5,3,5,5,1,,,,1,3,192,39,80,,22/96 (23%),5/26 (19%),48%,4,31/61 (51%),30/66 (45%),6/14 (43%),76%,17,12,61,20,,3,,,,,8
11372475,25,52368,NORMAL,REGULAR,Round 26,LEAGUE,79,Newport County,Visita,1ST,01/01/2024,26,0,51%,0.00,0,4,1,3,,167,8,3,0,,0,0,2,2,3,1,0,,,,1,2,101,25,38,,10/46 (22%),3/12 (25%),44%,2,15/34 (44%),16/36 (44%),4/12 (33%),75%,8,7,30,11,,1,,,,,4
11372475,25,52368,NORMAL,REGULAR,Round 26,LEAGUE,79,Newport County,Visita,2ND,01/01/2024,26,1,47%,0.00,1,6,2,4,,173,9,5,0,,2,0,3,1,2,4,1,,,,0,1,91,14,42,,12/50 (24%),2/14 (14%),53%,2,16/27 (59%),14/30 (47%),2/2 (100%),78%,9,5,31,9,,2,,,,,4
11372451,25,52368,NORMAL,REGULAR,Round 28,LEAGUE,6339,Sutton United,Local,ALL,13/01/2024,28,2,57%,0.00,1,9,3,5,8,512,13,6,1,,4,0,2,3,6,3,1,,,,1,2,393,26,59,,42/98 (43%),4/19 (21%),50%,8,23/50 (46%),28/51 (55%),4/10 (40%),62%,13,9,65,29,,3,,,,,8
11372451,25,52368,NORMAL,REGULAR,Round 28,LEAGUE,6339,Sutton United,Local,1ST,13/01/2024,28,1,63%,0.00,0,3,3,1,,307,6,2,1,,1,0,1,1,2,1,0,,,,0,1,250,9,26,,27/56 (48%),1/3 (33%),61%,4,10/24 (42%),18/22 (82%),2/4 (50%),50%,6,4,32,5,,3,,,,,5
11372451,25,52368,NORMAL,REGULAR,Round 28,LEAGUE,6339,Sutton United,Local,2ND,13/01/2024,28,1,49%,0.00,1,6,0,4,,205,7,4,0,,3,0,1,2,4,2,1,,,,1,1,143,17,33,,15/42 (36%),3/16 (19%),42%,4,13/26 (50%),10/29 (34%),2/6 (33%),71%,7,5,33,24,,0,,,,,3
11372451,25,52368,NORMAL,REGULAR,Round 28,LEAGUE,97,Barrow AFC,Visita,ALL,13/01/2024,28,2,43%,0.00,1,16,2,5,7,389,14,8,1,,5,1,6,5,9,7,1,,,,1,1,275,37,88,,41/89 (46%),1/17 (6%),50%,6,27/50 (54%),23/51 (45%),5/12 (42%),43%,14,12,53,20,,2,,,,,5
11372451,25,52368,NORMAL,REGULAR,Round 28,LEAGUE,97,Barrow AFC,Visita,1ST,13/01/2024,28,1,37%,0.00,1,9,0,2,,177,6,7,0,,4,0,4,1,5,4,1,,,,1,1,121,17,41,,21/49 (43%),0/3 (0%),39%,3,14/24 (58%),4/22 (18%),1/4 (25%),33%,6,6,25,0,,0,,,,,2
11372451,25,52368,NORMAL,REGULAR,Round 28,LEAGUE,97,Barrow AFC,Visita,2ND,13/01/2024,28,1,51%,0.00,0,7,2,3,,212,8,1,1,,1,1,2,4,4,3,0,,,,0,0,154,20,47,,20/40 (50%),1/14 (7%),58%,3,13/26 (50%),19/29 (66%),4/8 (50%),50%,8,6,28,20,,2,,,,,3
11987184,25,52368,NORMAL,REGULAR,Round 29,LEAGUE,70,Mansfield Town,Local,ALL,23/01/2024,29,1,68%,0.00,2,18,0,13,8,429,18,13,2,,2,0,8,8,12,6,0,2,,,5,1,329,27,76,,27/67 (40%),10/35 (29%),54%,7,37/66 (56%),18/35 (51%),6/14 (43%),67%,18,7,44,27,,0,,,,,6
11987184,25,52368,NORMAL,REGULAR,Round 29,LEAGUE,70,Mansfield Town,Local,1ST,23/01/2024,29,1,69%,0.00,0,10,0,8,,209,7,8,2,,2,0,2,6,7,3,0,0,,,3,1,167,13,33,,13/29 (45%),5/21 (24%),54%,2,17/29 (59%),10/21 (48%),2/3 (67%),71%,7,3,16,17,,0,,,,,3
11987184,25,52368,NORMAL,REGULAR,Round 29,LEAGUE,70,Mansfield Town,Local,2ND,23/01/2024,29,0,67%,0.00,2,8,0,5,,220,11,5,0,,0,0,6,2,5,3,0,2,,,2,0,162,14,43,,14/38 (37%),5/14 (36%),55%,5,20/37 (54%),8/14 (57%),4/11 (36%),64%,11,4,28,10,,0,,,,,3
11987184,25,52368,NORMAL,REGULAR,Round 29,LEAGUE,6339,Sutton United,Visita,ALL,23/01/2024,29,1,32%,0.00,1,3,1,8,13,206,15,7,1,,1,0,1,1,3,0,1,0,,,3,0,123,37,56,,13/56 (23%),4/18 (22%),46%,6,29/66 (44%),17/35 (49%),7/19 (37%),40%,15,13,45,28,,1,,,,,10
11987184,25,52368,NORMAL,REGULAR,Round 29,LEAGUE,6339,Sutton United,Visita,1ST,23/01/2024,29,1,31%,0.00,1,3,1,5,,94,3,4,1,,1,0,1,1,3,0,1,0,,,3,0,57,15,28,,4/24 (17%),3/12 (25%),46%,2,12/29 (41%),11/21 (52%),5/10 (50%),67%,3,8,18,19,,1,,,,,1
11987184,25,52368,NORMAL,REGULAR,Round 29,LEAGUE,6339,Sutton United,Visita,2ND,23/01/2024,29,0,33%,0.00,0,0,0,3,,112,12,3,0,,0,0,0,0,0,0,0,0,,,0,0,66,22,28,,9/32 (28%),1/6 (17%),45%,4,17/37 (46%),6/14 (43%),2/9 (22%),33%,12,5,27,9,,0,,,,,9
11372426,25,52368,NORMAL,REGULAR,Round 30,LEAGUE,26,Walsall,Local,ALL,27/01/2024,30,1,50%,0.00,2,11,1,4,10,305,16,15,5,,4,0,3,4,7,4,,2,,,2,0,202,22,65,,30/82 (37%),4/24 (17%),49%,9,36/74 (49%),29/60 (48%),5/12 (42%),63%,16,8,53,34,,1,,,,,9
11372426,25,52368,NORMAL,REGULAR,Round 30,LEAGUE,26,Walsall,Local,1ST,27/01/2024,30,1,51%,0.00,1,4,1,0,,173,8,9,1,,2,0,1,1,4,0,,1,,,0,0,122,13,32,,16/43 (37%),0/6 (0%),56%,4,20/39 (51%),19/31 (61%),3/7 (43%),63%,8,5,23,20,,1,,,,,5
11372426,25,52368,NORMAL,REGULAR,Round 30,LEAGUE,26,Walsall,Local,2ND,27/01/2024,30,0,50%,0.00,1,7,0,4,,132,8,6,4,,2,0,2,3,3,4,,1,,,2,0,80,9,33,,14/39 (36%),4/18 (22%),41%,5,16/35 (46%),10/29 (34%),2/5 (40%),63%,8,3,30,14,,0,,,,,4
11372426,25,52368,NORMAL,REGULAR,Round 30,LEAGUE,6339,Sutton United,Visita,ALL,27/01/2024,30,1,50%,0.00,2,11,2,4,15,296,16,10,3,,2,0,4,5,6,5,,2,,,2,1,195,31,83,,18/68 (26%),6/30 (20%),51%,10,38/74 (51%),31/60 (52%),12/18 (67%),50%,16,8,58,31,,2,,,,,6
11372426,25,52368,NORMAL,REGULAR,Round 30,LEAGUE,6339,Sutton United,Visita,1ST,27/01/2024,30,1,49%,0.00,2,8,0,2,,158,8,5,2,,2,0,4,2,6,2,,2,,,1,0,109,16,42,,7/29 (24%),4/17 (24%),44%,5,19/39 (49%),12/31 (39%),6/9 (67%),25%,8,4,29,9,,0,,,,,1
11372426,25,52368,NORMAL,REGULAR,Round 30,LEAGUE,6339,Sutton United,Visita,2ND,27/01/2024,30,0,50%,0.00,0,3,2,2,,138,8,5,1,,0,0,0,3,0,3,,0,,,1,1,86,15,41,,11/39 (28%),2/13 (15%),59%,5,19/35 (54%),19/29 (66%),6/9 (67%),75%,8,4,29,22,,2,,,,,5
11913358,25,52368,NORMAL,REGULAR,Round 21,LEAGUE,6339,Sutton United,Local,ALL,30/01/2024,21,1,50%,0.00,1,18,1,10,11,368,27,5,1,,3,3,6,9,16,2,0,1,0,,2,0,249,26,103,,29/75 (39%),12/30 (40%),45%,9,39/80 (49%),28/68 (41%),7/23 (30%),52%,27,5,52,6,,1,,,,,8
11913358,25,52368,NORMAL,REGULAR,Round 21,LEAGUE,6339,Sutton United,Local,1ST,30/01/2024,21,0,46%,0.00,0,5,1,3,,183,12,1,0,,1,1,3,1,5,0,0,0,0,,1,0,123,16,49,,15/33 (45%),5/7 (71%),43%,2,16/31 (52%),13/37 (35%),3/10 (30%),67%,12,2,26,2,,1,,,,,6
11913358,25,52368,NORMAL,REGULAR,Round 21,LEAGUE,6339,Sutton United,Local,2ND,30/01/2024,21,1,55%,0.00,1,13,0,7,,185,15,4,1,,2,2,3,8,11,2,0,1,0,,1,0,126,10,54,,14/42 (33%),7/23 (30%),48%,7,23/49 (47%),15/31 (48%),4/13 (31%),40%,15,3,26,4,,0,,,,,2
11913358,25,52368,NORMAL,REGULAR,Round 21,LEAGUE,159,Harrogate Town,Visita,ALL,30/01/2024,21,2,50%,0.00,3,10,2,4,5,388,25,9,3,,3,0,4,3,7,3,2,1,1,,2,3,262,34,48,,26/85 (31%),3/4 (75%),55%,13,41/80 (51%),40/68 (59%),7/21 (33%),72%,25,11,55,40,,2,,,,,10
11913358,25,52368,NORMAL,REGULAR,Round 21,LEAGUE,159,Harrogate Town,Visita,1ST,30/01/2024,21,0,54%,0.00,0,7,1,3,,218,9,4,1,,1,0,3,3,4,3,0,0,0,,0,1,152,16,20,,16/44 (36%),2/3 (67%),57%,3,15/31 (48%),24/37 (65%),2/11 (18%),78%,9,6,31,9,,1,,,,,6
11913358,25,52368,NORMAL,REGULAR,Round 21,LEAGUE,159,Harrogate Town,Visita,2ND,30/01/2024,21,2,45%,0.00,3,3,1,1,,170,16,5,2,,2,0,1,0,3,0,2,1,1,,2,2,110,18,28,,10/41 (24%),1/1 (100%),52%,10,26/49 (53%),16/31 (52%),5/10 (50%),69%,16,5,24,31,,1,,,,,4
11372413,25,52368,NORMAL,REGULAR,Round 31,LEAGUE,6339,Sutton United,Local,ALL,03/02/2024,31,1,52%,0.00,1,15,0,1,13,282,7,19,2,,5,0,5,5,10,5,1,0,0,,3,4,179,36,80,,25/71 (35%),6/18 (33%),41%,14,35/74 (47%),26/73 (36%),9/18 (50%),86%,7,8,37,25,,0,,,,,8
11372413,25,52368,NORMAL,REGULAR,Round 31,LEAGUE,6339,Sutton United,Local,1ST,03/02/2024,31,0,58%,0.00,0,3,0,0,,158,4,7,1,,3,0,0,0,3,0,0,0,0,,1,2,103,25,41,,17/34 (50%),2/11 (18%),44%,9,17/37 (46%),14/34 (41%),6/10 (60%),100%,4,5,18,12,,0,,,,,4
11372413,25,52368,NORMAL,REGULAR,Round 31,LEAGUE,6339,Sutton United,Local,2ND,03/02/2024,31,1,47%,0.00,1,12,0,1,,124,3,12,1,,2,0,5,5,7,5,1,0,0,,2,2,76,11,39,,8/37 (22%),4/7 (57%),39%,5,18/37 (49%),12/39 (31%),3/8 (38%),67%,3,3,19,13,,0,,,,,4
11372413,25,52368,NORMAL,REGULAR,Round 31,LEAGUE,84,Doncaster Rovers,Visita,ALL,03/02/2024,31,1,48%,0.00,2,9,4,4,21,257,23,13,3,,1,0,5,3,6,3,1,1,1,,3,3,138,27,63,,33/83 (40%),2/14 (14%),59%,6,39/74 (53%),47/73 (64%),3/4 (75%),61%,23,7,40,38,,4,,,,,12
11372413,25,52368,NORMAL,REGULAR,Round 31,LEAGUE,84,Doncaster Rovers,Visita,1ST,03/02/2024,31,0,42%,0.00,0,5,3,2,,118,13,5,2,,0,0,2,3,2,3,0,0,0,,0,1,57,16,34,,13/37 (35%),0/3 (0%),56%,4,20/37 (54%),20/34 (59%),2/2 (100%),38%,13,2,25,27,,3,,,,,4
11372413,25,52368,NORMAL,REGULAR,Round 31,LEAGUE,84,Doncaster Rovers,Visita,2ND,03/02/2024,31,1,53%,0.00,2,4,1,2,,139,10,8,1,,1,0,3,0,4,0,1,1,1,,3,2,81,11,29,,20/46 (43%),2/11 (18%),61%,2,19/37 (51%),27/39 (69%),1/2 (50%),90%,10,5,15,11,,1,,,,,8
11372405,25,52368,NORMAL,REGULAR,Round 32,LEAGUE,81,Morecambe,Local,ALL,10/02/2024,32,1,43%,0.00,2,13,3,6,15,297,30,18,4,,4,0,5,4,7,6,1,1,1,,4,4,192,34,53,,13/58 (22%),3/15 (20%),45%,8,57/107 (53%),10/41 (24%),9/18 (50%),53%,30,6,58,24,,3,,,,,8
11372405,25,52368,NORMAL,REGULAR,Round 32,LEAGUE,81,Morecambe,Local,1ST,10/02/2024,32,1,36%,0.00,2,5,1,2,,123,19,8,2,,2,0,2,1,4,1,1,1,1,,0,2,67,20,21,,3/28 (11%),1/5 (20%),47%,4,28/54 (52%),7/21 (33%),1/4 (25%),47%,19,4,25,18,,1,,,,,5
11372405,25,52368,NORMAL,REGULAR,Round 32,LEAGUE,81,Morecambe,Local,2ND,10/02/2024,32,0,50%,0.00,0,8,2,4,,174,11,10,2,,2,0,3,3,3,5,0,0,0,,4,2,125,14,32,,10/30 (33%),2/10 (20%),44%,4,29/53 (55%),3/20 (15%),8/14 (57%),64%,11,2,33,6,,2,,,,,3
11372405,25,52368,NORMAL,REGULAR,Round 32,LEAGUE,6339,Sutton United,Visita,ALL,10/02/2024,32,0,57%,0.00,0,14,3,1,18,407,17,14,4,,3,0,3,8,7,7,0,0,0,,2,0,295,34,83,,33/71 (46%),2/13 (15%),55%,18,50/107 (47%),31/41 (76%),19/31 (61%),59%,17,13,54,16,,3,,,,,6
11372405,25,52368,NORMAL,REGULAR,Round 32,LEAGUE,6339,Sutton United,Visita,1ST,10/02/2024,32,0,64%,0.00,0,9,1,1,,224,7,7,2,,1,0,2,6,4,5,0,0,0,,2,0,163,19,47,,14/35 (40%),1/6 (17%),53%,11,26/54 (48%),14/21 (67%),12/20 (60%),43%,7,6,26,6,,1,,,,,2
11372405,25,52368,NORMAL,REGULAR,Round 32,LEAGUE,6339,Sutton United,Visita,2ND,10/02/2024,32,0,50%,0.00,0,5,2,0,,183,10,7,2,,2,0,1,2,3,2,0,0,0,,0,0,132,15,36,,19/36 (53%),1/7 (14%),56%,7,24/53 (45%),17/20 (85%),7/11 (64%),70%,10,7,28,10,,2,,,,,4
11368103,25,52368,NORMAL,REGULAR,Round 33,LEAGUE,6339,Sutton United,Local,ALL,13/02/2024,33,1,53%,0.00,1,11,2,10,7,335,8,9,3,,6,2,3,2,6,5,0,1,0,,3,0,211,45,82,,30/78 (38%),6/35 (17%),41%,4,25/52 (48%),26/72 (36%),8/18 (44%),63%,8,8,48,20,,2,,,,,6
11368103,25,52368,NORMAL,REGULAR,Round 33,LEAGUE,6339,Sutton United,Local,1ST,13/02/2024,33,0,48%,0.00,1,3,0,6,,155,2,4,1,,2,1,1,0,1,2,0,1,0,,1,0,93,21,43,,14/41 (34%),2/13 (15%),44%,2,12/28 (43%),15/34 (44%),6/13 (46%),50%,2,2,25,10,,0,,,,,1
11368103,25,52368,NORMAL,REGULAR,Round 33,LEAGUE,6339,Sutton United,Local,2ND,13/02/2024,33,1,57%,0.00,0,8,2,4,,180,6,5,2,,4,1,2,2,5,3,0,0,0,,2,0,118,24,39,,16/37 (43%),4/22 (18%),39%,2,13/24 (54%),11/38 (29%),2/5 (40%),67%,6,6,23,10,,2,,,,,5
11368103,25,52368,NORMAL,REGULAR,Round 33,LEAGUE,64,Wrexham,Visita,ALL,13/02/2024,33,2,47%,0.00,2,12,6,2,9,322,14,7,0,,4,1,3,5,8,4,1,1,1,,0,2,184,26,72,,24/82 (29%),3/11 (27%),59%,3,27/52 (52%),46/72 (64%),6/11 (55%),86%,14,6,53,47,,6,,,,,15
11368103,25,52368,NORMAL,REGULAR,Round 33,LEAGUE,64,Wrexham,Visita,1ST,13/02/2024,33,1,52%,0.00,1,4,2,1,,170,9,3,0,,1,0,1,2,3,1,1,0,1,,0,0,103,15,34,,17/50 (34%),1/7 (14%),56%,0,16/28 (57%),19/34 (56%),4/6 (67%),78%,9,1,26,19,,2,,,,,11
11368103,25,52368,NORMAL,REGULAR,Round 33,LEAGUE,64,Wrexham,Visita,2ND,13/02/2024,33,1,43%,0.00,1,8,4,1,,152,5,4,0,,3,1,2,3,5,3,0,1,0,,0,2,81,11,38,,7/32 (22%),2/4 (50%),61%,3,11/24 (46%),27/38 (71%),2/5 (40%),100%,5,5,27,28,,4,,,,,4
11368056,25,52368,NORMAL,REGULAR,Round 34,LEAGUE,22,Bradford City,Local,ALL,17/02/2024,34,1,42%,0.00,5,11,3,1,11,297,23,18,1,,7,0,3,1,7,4,1,4,1,25,2,2,166,26,79,73/130 (56%),34/88 (39%),6/21 (29%),60%,2,50/75 (67%),44/82 (54%),9/15 (60%),48%,23,14,51,45,,3,,1,4,,13
11368056,25,52368,NORMAL,REGULAR,Round 34,LEAGUE,22,Bradford City,Local,1ST,17/02/2024,34,0,43%,0.00,2,3,0,0,,135,6,12,1,,1,0,2,0,3,0,0,2,0,,1,0,75,17,42,,16/37 (43%),4/12 (33%),52%,2,23/42 (55%),20/41 (49%),5/9 (56%),67%,6,7,16,18,,0,,,,,8
11368056,25,52368,NORMAL,REGULAR,Round 34,LEAGUE,22,Bradford City,Local,2ND,17/02/2024,34,1,42%,0.00,3,8,3,1,,162,17,6,0,,6,0,1,1,4,4,1,2,1,,1,2,91,9,37,,18/51 (35%),2/9 (22%),69%,0,27/33 (82%),24/41 (59%),4/6 (67%),41%,17,7,35,27,,3,,,,,5
11368056,25,52368,NORMAL,REGULAR,Round 34,LEAGUE,6339,Sutton United,Visita,ALL,17/02/2024,34,0,58%,0.00,4,16,6,6,18,414,8,10,2,,3,1,8,5,9,7,0,4,0,29,2,2,270,43,98,93/165 (56%),39/101 (39%),5/25 (20%),40%,9,25/75 (33%),38/82 (46%),8/22 (36%),13%,8,7,65,24,,6,,2,2,,3
11368056,25,52368,NORMAL,REGULAR,Round 34,LEAGUE,6339,Sutton United,Visita,1ST,17/02/2024,34,0,57%,0.00,1,7,1,3,,188,6,9,1,,0,0,5,2,3,4,0,1,0,,1,0,125,15,39,,23/50 (46%),3/11 (27%),48%,1,19/42 (45%),21/41 (51%),5/10 (50%),17%,6,6,28,12,,1,,,,,1
11368056,25,52368,NORMAL,REGULAR,Round 34,LEAGUE,6339,Sutton United,Visita,2ND,17/02/2024,34,0,58%,0.00,3,9,5,3,,226,2,1,1,,3,1,3,3,6,3,0,3,0,,1,2,145,28,59,,16/51 (31%),2/14 (14%),31%,8,6/33 (18%),17/41 (41%),3/12 (25%),0%,2,1,37,12,,5,,,,,2
11368018,25,52368,NORMAL,REGULAR,Round 35,LEAGUE,6339,Sutton United,Local,ALL,24/02/2024,35,1,43%,0.00,3,16,3,5,15,245,27,11,2,,4,0,8,4,15,1,1,2,1,28,2,4,122,27,84,63/133 (47%),26/85 (31%),9/24 (38%),58%,8,47/78 (60%),44/78 (56%),9/16 (56%),70%,27,2,51,23,,3,,1,3,1,4
11368018,25,52368,NORMAL,REGULAR,Round 35,LEAGUE,6339,Sutton United,Local,1ST,24/02/2024,35,1,45%,0.00,2,10,3,1,,130,13,6,1,,2,0,5,3,10,0,1,1,1,,1,2,63,15,44,,10/45 (22%),5/9 (56%),64%,3,21/33 (64%),23/36 (64%),2/6 (33%),77%,13,1,21,10,,3,,,,,1
11368018,25,52368,NORMAL,REGULAR,Round 35,LEAGUE,6339,Sutton United,Local,2ND,24/02/2024,35,0,42%,0.00,1,6,0,4,,115,14,5,1,,2,0,3,1,5,1,0,1,0,,1,2,59,12,40,,16/40 (40%),4/15 (27%),54%,5,26/45 (58%),21/42 (50%),7/10 (70%),64%,14,1,30,13,,0,,,,,3
11368018,25,52368,NORMAL,REGULAR,Round 35,LEAGUE,66,Colchester United,Visita,ALL,24/02/2024,35,1,57%,0.00,3,11,2,5,12,333,15,15,3,,4,1,4,3,7,4,1,2,0,15,3,8,216,33,54,50/87 (57%),9/63 (14%),2/21 (10%),42%,15,31/78 (40%),34/78 (44%),2/14 (14%),47%,15,9,39,35,,2,,0,0,0,10
11368018,25,52368,NORMAL,REGULAR,Round 35,LEAGUE,66,Colchester United,Visita,1ST,24/02/2024,35,1,55%,0.00,2,6,0,1,,163,7,6,1,,4,1,1,1,3,3,1,1,0,,2,6,106,15,21,,3/29 (10%),0/7 (0%),36%,9,12/33 (36%),13/36 (36%),0/4 (0%),29%,7,4,16,19,,0,,,,,7
11368018,25,52368,NORMAL,REGULAR,Round 35,LEAGUE,66,Colchester United,Visita,2ND,24/02/2024,35,0,58%,0.00,1,5,2,4,,170,8,9,2,,0,0,3,2,4,1,0,1,0,,1,2,110,18,33,,6/34 (18%),2/14 (14%),46%,6,19/45 (42%),21/42 (50%),2/10 (20%),63%,8,5,23,16,,2,,,,,3
11965593,25,52368,NORMAL,REGULAR,Round 27,LEAGUE,56,Notts County,Local,ALL,27/02/2024,27,3,66%,0.00,4,13,2,4,7,515,10,12,1,,7,0,2,4,11,2,2,2,,28,1,2,424,20,49,101/134 (75%),24/66 (36%),7/28 (25%),56%,2,32/52 (62%),16/33 (48%),10/17 (59%),40%,10,5,43,33,,2,,,1,,10
11965593,25,52368,NORMAL,REGULAR,Round 27,LEAGUE,56,Notts County,Local,1ST,27/02/2024,27,2,75%,0.00,3,11,0,3,,315,2,8,0,,5,0,2,4,10,1,2,1,,,1,0,269,9,25,,14/32 (44%),6/21 (29%),53%,1,15/23 (65%),5/15 (33%),5/8 (63%),50%,2,3,19,12,,0,,,,,3
11965593,25,52368,NORMAL,REGULAR,Round 27,LEAGUE,56,Notts County,Local,2ND,27/02/2024,27,1,56%,0.00,1,2,2,1,,200,8,4,1,,2,0,0,0,1,1,0,1,,,0,2,155,11,24,,10/34 (29%),1/7 (14%),60%,1,17/29 (59%),11/18 (61%),5/9 (56%),38%,8,2,24,21,,2,,,,,7
11965593,25,52368,NORMAL,REGULAR,Round 27,LEAGUE,6339,Sutton United,Visita,ALL,27/02/2024,27,4,34%,0.00,5,18,4,9,13,252,9,7,5,,6,0,8,4,11,7,4,1,,24,1,4,166,23,64,77/128 (60%),23/67 (34%),7/26 (27%),44%,6,20/52 (38%),17/33 (52%),4/8 (50%),67%,9,5,46,16,,4,,,0,,9
11965593,25,52368,NORMAL,REGULAR,Round 27,LEAGUE,6339,Sutton United,Visita,1ST,27/02/2024,27,2,25%,0.00,2,4,3,2,,108,4,2,2,,2,0,2,0,3,1,2,0,,,0,2,65,10,30,,14/38 (37%),2/7 (29%),47%,0,8/23 (35%),10/15 (67%),2/4 (50%),50%,4,2,22,12,,3,,,,,4
11965593,25,52368,NORMAL,REGULAR,Round 27,LEAGUE,6339,Sutton United,Visita,2ND,27/02/2024,27,2,44%,0.00,3,14,1,7,,144,5,5,3,,4,0,6,4,8,6,2,1,,,1,2,101,13,34,,9/29 (31%),5/19 (26%),40%,6,12/29 (41%),7/18 (39%),2/4 (50%),80%,5,3,24,4,,1,,,,,5
11367986,25,52368,NORMAL,REGULAR,Round 36,LEAGUE,51,Tranmere Rovers,Local,ALL,02/03/2024,36,1,49%,0.00,3,24,5,9,4,316,21,11,3,,13,0,5,6,17,7,,3,2,32,2,4,190,30,67,63/120 (53%),31/78 (40%),5/20 (25%),49%,6,33/52 (63%),21/58 (36%),1/7 (14%),62%,21,6,46,37,,5,,0,1,0,13
11367986,25,52368,NORMAL,REGULAR,Round 36,LEAGUE,51,Tranmere Rovers,Local,1ST,02/03/2024,36,0,55%,0.00,1,10,2,4,,179,12,3,3,,5,0,2,3,8,2,,1,0,,0,4,114,18,32,,16/32 (50%),2/8 (25%),47%,1,15/23 (65%),9/28 (32%),0/3 (0%),58%,12,4,25,22,,2,,,,,4
11367986,25,52368,NORMAL,REGULAR,Round 36,LEAGUE,51,Tranmere Rovers,Local,2ND,02/03/2024,36,1,43%,0.00,2,14,3,5,,137,9,8,0,,8,0,3,3,9,5,,2,2,,2,0,76,12,35,,15/46 (33%),3/12 (25%),51%,5,18/29 (62%),12/30 (40%),1/4 (25%),67%,9,2,21,15,,3,,,,,9
11367986,25,52368,NORMAL,REGULAR,Round 36,LEAGUE,6339,Sutton United,Visita,ALL,02/03/2024,36,0,51%,0.00,2,18,11,8,13,337,12,4,3,,6,0,7,5,12,6,,2,0,34,1,1,212,28,98,110/192 (57%),29/85 (34%),3/25 (12%),51%,14,19/52 (37%),37/58 (64%),3/10 (30%),83%,12,7,52,27,,11,,2,1,1,7
11367986,25,52368,NORMAL,REGULAR,Round 36,LEAGUE,6339,Sutton United,Visita,1ST,02/03/2024,36,0,45%,0.00,1,5,4,4,,148,4,2,1,,2,0,2,1,3,2,,1,0,,1,0,80,15,51,,14/40 (35%),0/9 (0%),53%,10,8/23 (35%),19/28 (68%),2/4 (50%),100%,4,3,25,8,,4,,,,,3
11367986,25,52368,NORMAL,REGULAR,Round 36,LEAGUE,6339,Sutton United,Visita,2ND,02/03/2024,36,0,57%,0.00,1,13,7,4,,189,8,2,2,,4,0,5,4,9,4,,1,0,,0,1,132,13,47,,15/45 (33%),3/16 (19%),49%,4,11/29 (38%),18/30 (60%),1/6 (17%),75%,8,4,27,19,,7,,,,,4
11367932,25,52368,NORMAL,REGULAR,Round 37,LEAGUE,6339,Sutton United,Local,ALL,09/03/2024,37,1,53%,0.00,1,10,6,4,13,273,10,14,1,,1,0,3,6,7,3,1,0,,16,7,3,172,28,61,55/99 (56%),26/78 (33%),4/21 (19%),48%,8,30/56 (54%),36/81 (44%),6/9 (67%),20%,10,2,37,35,1,6,,1,2,1,11
11367932,25,52368,NORMAL,REGULAR,Round 37,LEAGUE,6339,Sutton United,Local,1ST,09/03/2024,37,0,45%,0.00,0,2,2,1,,125,4,6,0,,0,0,2,0,1,1,0,0,,,1,2,69,16,32,,10/38 (26%),2/8 (25%),41%,3,11/25 (44%),19/48 (40%),1/3 (33%),25%,4,2,20,11,,2,,,,,4
11367932,25,52368,NORMAL,REGULAR,Round 37,LEAGUE,6339,Sutton United,Local,2ND,09/03/2024,37,1,62%,0.00,1,8,4,3,,148,6,8,1,,1,0,1,6,6,2,1,0,,,6,1,103,12,29,,16/40 (40%),2/13 (15%),56%,5,19/31 (61%),17/33 (52%),5/6 (83%),17%,6,0,17,24,,4,,,,,7
11367932,25,52368,NORMAL,REGULAR,Round 37,LEAGUE,18,Grimsby Town,Visita,ALL,09/03/2024,37,1,47%,0.00,5,19,0,7,15,250,11,12,3,,8,1,6,5,12,7,0,5,,31,4,6,129,27,87,51/125 (41%),25/85 (29%),2/19 (11%),52%,7,26/56 (46%),45/81 (56%),3/6 (50%),55%,11,5,46,31,0,0,,0,4,0,8
11367932,25,52368,NORMAL,REGULAR,Round 37,LEAGUE,18,Grimsby Town,Visita,1ST,09/03/2024,37,1,55%,0.00,2,6,0,3,,157,5,9,0,,4,0,2,0,5,1,0,2,,,3,4,91,9,41,,19/54 (35%),1/10 (10%),59%,3,14/25 (56%),29/48 (60%),0/1 (0%),60%,5,2,25,14,,0,,,,,5
11367932,25,52368,NORMAL,REGULAR,Round 37,LEAGUE,18,Grimsby Town,Visita,2ND,09/03/2024,37,0,38%,0.00,3,13,0,4,,93,6,3,3,,4,1,4,5,7,6,0,3,,,1,2,38,18,46,,6/31 (19%),1/9 (11%),44%,4,12/31 (39%),16/33 (48%),3/5 (60%),50%,6,3,21,17,,0,,,,,3
11367919,25,52368,NORMAL,REGULAR,Round 38,LEAGUE,19,Crewe Alexandra,Local,ALL,12/03/2024,38,1,53%,0.00,2,7,2,5,13,313,12,10,1,,3,0,2,2,4,3,1,1,,8,0,2,195,27,55,43/84 (51%),30/84 (36%),0/14 (0%),45%,5,25/57 (44%),27/59 (46%),3/10 (30%),83%,12,5,39,24,0,2,,0,0,0,13
11367919,25,52368,NORMAL,REGULAR,Round 38,LEAGUE,19,Crewe Alexandra,Local,1ST,12/03/2024,38,0,51%,0.00,1,1,1,1,,163,6,5,0,,1,0,0,0,1,0,0,1,,,0,0,98,12,19,,11/41 (27%),0/4 (0%),46%,2,13/28 (46%),15/33 (45%),2/4 (50%),83%,6,2,18,16,,1,,,,,6
11367919,25,52368,NORMAL,REGULAR,Round 38,LEAGUE,19,Crewe Alexandra,Local,2ND,12/03/2024,38,1,55%,0.00,1,6,1,4,,150,6,5,1,,2,0,2,2,3,3,1,0,,,0,2,97,15,36,,19/43 (44%),0/10 (0%),44%,3,12/29 (41%),12/26 (46%),1/6 (17%),83%,6,3,21,8,,1,,,,,7
11367919,25,52368,NORMAL,REGULAR,Round 38,LEAGUE,6339,Sutton United,Visita,ALL,12/03/2024,38,0,47%,0.00,0,11,2,4,12,284,12,13,4,,2,0,7,2,5,6,0,0,,20,1,2,178,35,70,46/98 (47%),33/81 (41%),2/12 (17%),55%,8,32/57 (56%),32/59 (54%),7/11 (64%),42%,12,6,37,14,1,2,,1,1,1,6
11367919,25,52368,NORMAL,REGULAR,Round 38,LEAGUE,6339,Sutton United,Visita,1ST,12/03/2024,38,0,49%,0.00,0,5,1,2,,156,4,7,1,,1,0,3,1,1,4,0,0,,,0,1,99,22,34,,21/43 (49%),0/6 (0%),54%,3,15/28 (54%),18/33 (55%),4/7 (57%),0%,4,1,19,5,,1,,,,,2
11367919,25,52368,NORMAL,REGULAR,Round 38,LEAGUE,6339,Sutton United,Visita,2ND,12/03/2024,38,0,45%,0.00,0,6,1,2,,128,8,6,3,,1,0,4,1,4,2,0,0,,,1,1,79,13,36,,12/38 (32%),2/6 (33%),56%,5,17/29 (59%),14/26 (54%),3/4 (75%),63%,8,5,18,9,,1,,,,,4
11372388,25,52368,NORMAL,REGULAR,Round 39,LEAGUE,94,Forest Green Rovers,Local,ALL,16/03/2024,39,0,45%,0.00,1,5,1,1,10,316,21,8,1,,2,1,2,1,4,1,,1,,11,1,4,176,27,77,48/111 (43%),25/99 (25%),1/12 (8%),48%,10,35/68 (51%),31/70 (44%),6/14 (43%),81%,21,11,46,20,,1,,,2,,12
11372388,25,52368,NORMAL,REGULAR,Round 39,LEAGUE,94,Forest Green Rovers,Local,1ST,16/03/2024,39,0,40%,0.00,0,3,0,0,,148,11,4,0,,0,1,2,1,2,1,,0,,,1,3,78,15,37,,15/54 (28%),0/4 (0%),49%,4,18/38 (47%),17/33 (52%),3/8 (38%),73%,11,6,21,13,,0,,,,,5
11372388,25,52368,NORMAL,REGULAR,Round 39,LEAGUE,94,Forest Green Rovers,Local,2ND,16/03/2024,39,0,51%,0.00,1,2,1,1,,168,10,4,1,,2,0,0,0,2,0,,1,,,0,1,98,12,40,,10/45 (22%),1/8 (13%),46%,6,17/30 (57%),14/37 (38%),3/6 (50%),90%,10,5,25,7,,1,,,,,7
11372388,25,52368,NORMAL,REGULAR,Round 39,LEAGUE,6339,Sutton United,Visita,ALL,16/03/2024,39,1,55%,0.00,1,7,2,4,8,373,18,9,0,,2,2,5,0,4,3,,1,,16,3,4,240,31,85,84/149 (56%),28/81 (35%),6/24 (25%),52%,9,33/68 (49%),39/70 (56%),6/18 (33%),67%,18,3,54,22,,2,,,3,,5
11372388,25,52368,NORMAL,REGULAR,Round 39,LEAGUE,6339,Sutton United,Visita,1ST,16/03/2024,39,1,60%,0.00,1,5,0,1,,215,9,7,0,,1,2,4,0,3,2,,1,,,2,0,140,12,42,,14/43 (33%),2/9 (22%),51%,5,20/38 (53%),16/33 (48%),4/10 (40%),67%,9,2,23,11,,0,,,,,3
11372388,25,52368,NORMAL,REGULAR,Round 39,LEAGUE,6339,Sutton United,Visita,2ND,16/03/2024,39,0,49%,0.00,0,2,2,3,,158,9,2,0,,1,0,1,0,1,1,,0,,,1,4,100,19,43,,14/38 (37%),4/15 (27%),54%,4,13/30 (43%),23/37 (62%),2/8 (25%),67%,9,1,31,11,,2,,,,,2
11372373,25,52368,NORMAL,REGULAR,Round 40,LEAGUE,6339,Sutton United,Local,ALL,23/03/2024,40,3,43%,0.00,4,14,4,8,12,273,16,11,1,,10,0,3,1,11,3,2,2,1,26,2,4,127,32,90,53/125 (42%),29/97 (30%),8/19 (42%),50%,10,31/74 (42%),48/84 (57%),4/13 (31%),38%,16,9,44,24,,4,,0,0,,13
11372373,25,52368,NORMAL,REGULAR,Round 40,LEAGUE,6339,Sutton United,Local,1ST,23/03/2024,40,1,41%,0.00,2,6,3,3,,144,6,1,1,,3,0,2,1,6,0,1,1,1,,0,0,68,13,42,,18/55 (33%),2/8 (25%),46%,4,9/28 (32%),24/44 (55%),2/3 (67%),33%,6,7,25,16,,3,,,,,9
11372373,25,52368,NORMAL,REGULAR,Round 40,LEAGUE,6339,Sutton United,Local,2ND,23/03/2024,40,2,46%,0.00,2,8,1,5,,129,10,10,0,,7,0,1,0,5,3,1,1,0,,2,4,59,19,48,,11/42 (26%),6/11 (55%),53%,6,22/46 (48%),24/40 (60%),2/10 (20%),40%,10,2,19,8,,1,,,,,4
11372373,25,52368,NORMAL,REGULAR,Round 40,LEAGUE,187,Accrington Stanley,Visita,ALL,23/03/2024,40,1,57%,0.00,4,12,7,3,11,366,19,12,1,,5,2,5,2,7,5,1,3,1,15,1,3,225,34,58,53/105 (50%),23/81 (28%),2/9 (22%),50%,6,43/74 (58%),36/84 (43%),12/22 (55%),53%,19,1,55,27,,7,,2,3,,6
11372373,25,52368,NORMAL,REGULAR,Round 40,LEAGUE,187,Accrington Stanley,Visita,1ST,23/03/2024,40,0,59%,0.00,3,7,2,2,,211,5,7,0,,3,2,3,1,4,3,0,3,1,,1,1,133,25,34,,11/37 (30%),1/8 (13%),54%,3,19/28 (68%),20/44 (45%),7/10 (70%),40%,5,0,26,9,,2,,,,,3
11372373,25,52368,NORMAL,REGULAR,Round 40,LEAGUE,187,Accrington Stanley,Visita,2ND,23/03/2024,40,1,54%,0.00,1,5,5,1,,155,14,5,1,,2,0,2,1,3,2,1,0,0,,0,2,92,9,24,,12/44 (27%),1/1 (100%),47%,3,24/46 (52%),16/40 (40%),5/12 (42%),57%,14,1,29,18,,5,,,,,3
11372361,25,52368,NORMAL,REGULAR,Round 41,LEAGUE,37998,Salford City,Local,ALL,29/03/2024,41,1,53%,0.00,1,15,2,4,9,312,14,18,1,,6,0,5,4,8,7,0,1,,,4,1,185,23,90,,50/108 (46%),2/19 (11%),56%,4,40/60 (67%),29/64 (45%),8/10 (80%),71%,14,9,49,29,,2,,,,,6
11372361,25,52368,NORMAL,REGULAR,Round 41,LEAGUE,37998,Salford City,Local,1ST,29/03/2024,41,0,53%,0.00,1,8,1,3,,158,4,10,0,,3,0,1,4,4,4,0,1,,,3,0,104,8,47,,23/53 (43%),1/10 (10%),55%,1,17/27 (63%),16/33 (48%),3/3 (100%),50%,4,6,20,12,,1,,,,,1
11372361,25,52368,NORMAL,REGULAR,Round 41,LEAGUE,37998,Salford City,Local,2ND,29/03/2024,41,1,53%,0.00,0,7,1,1,,154,10,8,1,,3,0,4,0,4,3,0,0,,,1,1,81,15,43,,27/55 (49%),1/9 (11%),56%,3,23/33 (70%),13/31 (42%),5/7 (71%),80%,10,3,29,17,,1,,,,,5
11372361,25,52368,NORMAL,REGULAR,Round 41,LEAGUE,6339,Sutton United,Visita,ALL,29/03/2024,41,2,47%,0.00,1,8,5,4,18,263,6,8,4,,4,0,4,0,4,4,1,0,,,2,4,137,36,76,,26/84 (31%),2/25 (8%),44%,9,20/60 (33%),35/64 (55%),6/11 (55%),83%,6,4,48,28,,5,,,,,8
11372361,25,52368,NORMAL,REGULAR,Round 41,LEAGUE,6339,Sutton United,Visita,1ST,29/03/2024,41,1,47%,0.00,1,3,3,3,,128,1,5,1,,2,0,1,0,1,2,1,0,,,0,3,72,14,34,,13/41 (32%),1/16 (6%),45%,3,10/27 (37%),17/33 (52%),4/5 (80%),100%,1,1,23,15,,3,,,,,4
11372361,25,52368,NORMAL,REGULAR,Round 41,LEAGUE,6339,Sutton United,Visita,2ND,29/03/2024,41,1,47%,0.00,0,5,2,1,,135,5,3,3,,2,0,3,0,3,2,0,0,,,2,1,65,22,42,,13/43 (30%),1/9 (11%),44%,6,10/33 (30%),18/31 (58%),2/6 (33%),80%,5,3,25,13,,2,,,,,4
11368290,25,52368,NORMAL,REGULAR,Round 42,LEAGUE,6339,Sutton United,Local,ALL,01/04/2024,42,3,46%,0.00,5,20,3,8,14,271,17,7,2,,9,0,8,3,14,6,2,3,,,1,5,151,30,77,,26/80 (33%),10/30 (33%),49%,8,30/72 (42%),40/72 (56%),6/16 (38%),71%,17,6,49,17,,3,,,,,8
11368290,25,52368,NORMAL,REGULAR,Round 42,LEAGUE,6339,Sutton United,Local,1ST,01/04/2024,42,1,51%,0.00,3,10,0,6,,139,7,4,0,,3,0,6,1,7,3,1,2,,,1,4,77,17,46,,12/38 (32%),5/22 (23%),45%,3,13/29 (45%),16/35 (46%),2/5 (40%),71%,7,3,25,6,,0,,,,,3
11368290,25,52368,NORMAL,REGULAR,Round 42,LEAGUE,6339,Sutton United,Local,2ND,01/04/2024,42,2,41%,0.00,2,10,3,2,,132,10,3,2,,6,0,2,2,7,3,1,1,,,0,1,74,13,31,,14/42 (33%),5/8 (63%),51%,5,17/43 (40%),24/37 (65%),4/11 (36%),70%,10,3,24,11,,3,,,,,5
11368290,25,52368,NORMAL,REGULAR,Round 42,LEAGUE,53,Swindon Town,Visita,ALL,01/04/2024,42,1,54%,0.00,1,13,6,2,9,340,18,13,1,,4,0,5,4,6,7,0,1,,,4,4,220,25,44,,17/70 (24%),2/16 (13%),51%,10,42/72 (58%),32/72 (44%),11/18 (61%),78%,18,4,38,35,,6,,,,,15
11368290,25,52368,NORMAL,REGULAR,Round 42,LEAGUE,53,Swindon Town,Visita,1ST,01/04/2024,42,0,49%,0.00,1,3,2,0,,150,6,4,1,,0,0,3,0,2,1,0,1,,,0,2,86,11,16,,8/42 (19%),2/7 (29%),55%,6,16/29 (55%),19/35 (54%),6/7 (86%),83%,6,2,15,26,,2,,,,,13
11368290,25,52368,NORMAL,REGULAR,Round 42,LEAGUE,53,Swindon Town,Visita,2ND,01/04/2024,42,1,59%,0.00,0,10,4,2,,190,12,9,0,,4,0,2,4,4,6,0,0,,,4,2,134,14,28,,9/28 (32%),0/9 (0%),49%,4,26/43 (60%),13/37 (35%),5/11 (45%),75%,12,2,23,9,,4,,,,,2
11368246,25,52368,NORMAL,REGULAR,Round 43,LEAGUE,6339,Sutton United,Local,ALL,06/04/2024,43,1,48%,0.00,1,4,2,5,16,274,9,14,3,,2,0,2,0,2,2,1,0,1,,2,2,134,41,83,,18/83 (22%),3/13 (23%),49%,12,28/64 (44%),31/57 (54%),5/8 (63%),33%,9,4,32,33,,2,,,,,9
11368246,25,52368,NORMAL,REGULAR,Round 43,LEAGUE,6339,Sutton United,Local,1ST,06/04/2024,43,1,48%,0.00,1,2,1,1,,147,3,10,2,,2,0,0,0,1,1,1,0,1,,2,0,72,15,41,,12/48 (25%),2/7 (29%),52%,5,13/27 (48%),17/31 (55%),0/1 (0%),33%,3,2,12,24,,1,,,,,6
11368246,25,52368,NORMAL,REGULAR,Round 43,LEAGUE,6339,Sutton United,Local,2ND,06/04/2024,43,0,49%,0.00,0,2,1,4,,127,6,4,1,,0,0,2,0,1,1,0,0,0,,0,2,62,26,42,,6/35 (17%),1/6 (17%),46%,7,15/37 (41%),14/26 (54%),5/7 (71%),33%,6,2,20,9,,1,,,,,3
11368246,25,52368,NORMAL,REGULAR,Round 43,LEAGUE,10,Stockport County,Visita,ALL,06/04/2024,43,3,52%,0.00,5,14,1,2,14,296,15,16,3,,5,2,6,3,7,7,2,3,1,,4,7,169,28,73,,22/76 (29%),5/17 (29%),51%,6,36/64 (56%),26/57 (46%),5/8 (63%),33%,15,6,36,24,,1,,,,,9
11368246,25,52368,NORMAL,REGULAR,Round 43,LEAGUE,10,Stockport County,Visita,1ST,06/04/2024,43,3,52%,0.00,4,10,1,2,,157,6,5,2,,4,2,5,1,6,4,2,2,0,,0,4,90,16,41,,11/38 (29%),5/12 (42%),48%,2,14/27 (52%),14/31 (45%),3/4 (75%),33%,6,3,20,11,,1,,,,,2
11368246,25,52368,NORMAL,REGULAR,Round 43,LEAGUE,10,Stockport County,Visita,2ND,06/04/2024,43,0,51%,0.00,1,4,0,0,,139,9,11,1,,1,0,1,2,1,3,0,1,1,,4,3,79,12,32,,11/38 (29%),0/5 (0%),54%,4,22/37 (59%),12/26 (46%),2/4 (50%),33%,9,3,16,13,,0,,,,,7
11368197,25,52368,NORMAL,REGULAR,Round 44,LEAGUE,159,Harrogate Town,Local,ALL,13/04/2024,44,2,56%,0.00,0,8,3,1,10,423,15,14,1,,4,0,4,0,6,2,0,,0,,1,3,284,30,74,,33/102 (32%),3/11 (27%),48%,9,37/67 (55%),24/59 (41%),8/12 (67%),53%,15,10,52,39,,3,,,,,10
11368197,25,52368,NORMAL,REGULAR,Round 44,LEAGUE,159,Harrogate Town,Local,1ST,13/04/2024,44,0,52%,0.00,0,3,3,0,,191,8,7,1,,1,0,2,0,2,1,0,,0,,1,2,127,11,28,,11/48 (23%),2/5 (40%),47%,7,20/37 (54%),12/31 (39%),5/7 (71%),38%,8,7,23,22,,3,,,,,5
11368197,25,52368,NORMAL,REGULAR,Round 44,LEAGUE,159,Harrogate Town,Local,2ND,13/04/2024,44,2,60%,0.00,0,5,0,1,,232,7,7,0,,3,0,2,0,4,1,0,,0,,0,1,157,19,46,,22/54 (41%),1/6 (17%),50%,2,17/30 (57%),12/28 (43%),3/5 (60%),71%,7,3,29,17,,0,,,,,5
11368197,25,52368,NORMAL,REGULAR,Round 44,LEAGUE,6339,Sutton United,Visita,ALL,13/04/2024,44,2,44%,0.00,2,18,2,6,14,315,13,10,2,,5,0,7,6,9,9,2,,1,,1,2,180,26,94,,33/84 (39%),8/30 (27%),52%,5,30/67 (45%),35/59 (59%),7/17 (41%),69%,13,14,44,18,,2,,,,,14
11368197,25,52368,NORMAL,REGULAR,Round 44,LEAGUE,6339,Sutton United,Visita,1ST,13/04/2024,44,1,48%,0.00,1,11,1,4,,167,9,6,1,,4,0,2,5,4,7,1,,0,,1,1,103,12,48,,16/38 (42%),4/20 (20%),53%,3,17/37 (46%),19/31 (61%),2/7 (29%),78%,9,9,21,5,,1,,,,,4
11368197,25,52368,NORMAL,REGULAR,Round 44,LEAGUE,6339,Sutton United,Visita,2ND,13/04/2024,44,1,40%,0.00,1,7,1,2,,148,4,4,1,,1,0,5,1,5,2,1,,1,,0,1,77,14,46,,17/46 (37%),4/10 (40%),50%,2,13/30 (43%),16/28 (57%),5/10 (50%),50%,4,5,23,13,,1,,,,,10
11368166,25,52368,NORMAL,REGULAR,Round 45,LEAGUE,6339,Sutton United,Local,ALL,20/04/2024,45,2,41%,0.00,3,16,7,3,15,266,17,8,2,,7,0,5,4,8,8,1,2,0,,0,9,152,24,87,,34/74 (46%),4/17 (24%),54%,7,30/67 (45%),38/58 (66%),5/16 (31%),47%,17,7,54,30,,7,,,,,11
11368166,25,52368,NORMAL,REGULAR,Round 45,LEAGUE,6339,Sutton United,Local,1ST,20/04/2024,45,0,41%,0.00,2,10,4,0,,128,9,3,1,,3,0,4,3,5,5,0,2,0,,0,3,81,13,37,,18/33 (55%),3/10 (30%),57%,3,15/30 (50%),18/28 (64%),3/5 (60%),33%,9,2,26,16,,4,,,,,6
11368166,25,52368,NORMAL,REGULAR,Round 45,LEAGUE,6339,Sutton United,Local,2ND,20/04/2024,45,2,42%,0.00,1,6,3,3,,138,8,5,1,,4,0,1,1,3,3,1,0,0,,0,6,71,11,50,,16/41 (39%),1/7 (14%),52%,4,15/37 (41%),20/30 (67%),2/11 (18%),63%,8,5,28,14,,3,,,,,5
11368166,25,52368,NORMAL,REGULAR,Round 45,LEAGUE,4875,Crawley Town,Visita,ALL,20/04/2024,45,2,59%,0.00,6,20,5,7,10,383,18,15,1,,10,0,6,4,15,5,1,5,2,,1,4,249,30,77,,26/98 (27%),5/19 (26%),46%,8,37/67 (55%),20/58 (34%),4/13 (31%),50%,18,4,53,24,,5,,,,,9
11368166,25,52368,NORMAL,REGULAR,Round 45,LEAGUE,4875,Crawley Town,Visita,1ST,20/04/2024,45,1,59%,0.00,3,10,3,5,,188,5,8,0,,5,0,3,2,9,1,0,3,1,,0,1,124,12,37,,12/42 (29%),1/10 (10%),43%,2,15/30 (50%),10/28 (36%),2/9 (22%),60%,5,2,20,11,,3,,,,,6
11368166,25,52368,NORMAL,REGULAR,Round 45,LEAGUE,4875,Crawley Town,Visita,2ND,20/04/2024,45,1,58%,0.00,3,10,2,2,,195,13,7,1,,5,0,3,2,6,4,1,2,1,,1,3,125,18,40,,14/56 (25%),4/9 (44%),48%,6,22/37 (59%),10/30 (33%),2/4 (50%),46%,13,2,33,13,,2,,,,,3
11368117,25,52368,NORMAL,REGULAR,Round 46,LEAGUE,4,Milton Keynes Dons,Local,ALL,27/04/2024,46,4,63%,0.00,4,18,8,3,10,549,17,13,2,,8,1,4,6,13,5,3,1,1,,1,5,451,21,58,,19/63 (30%),3/9 (33%),53%,10,39/70 (56%),18/38 (47%),10/14 (71%),71%,17,4,48,21,,8,,,,,11
11368117,25,52368,NORMAL,REGULAR,Round 46,LEAGUE,4,Milton Keynes Dons,Local,1ST,27/04/2024,46,2,66%,0.00,2,9,4,3,,310,5,6,0,,5,0,2,2,7,2,1,1,0,,0,1,256,12,34,,10/33 (30%),3/8 (38%),50%,2,14/25 (56%),9/21 (43%),4/7 (57%),100%,5,1,20,8,,4,,,,,6
11368117,25,52368,NORMAL,REGULAR,Round 46,LEAGUE,4,Milton Keynes Dons,Local,2ND,27/04/2024,46,2,60%,0.00,2,9,4,0,,239,12,7,2,,3,1,2,4,6,3,2,0,1,,1,4,195,9,24,,9/30 (30%),0/1 (0%),55%,8,25/45 (56%),9/17 (53%),6/7 (86%),58%,12,3,28,13,,4,,,,,5
11368117,25,52368,NORMAL,REGULAR,Round 46,LEAGUE,6339,Sutton United,Visita,ALL,27/04/2024,46,4,37%,0.00,5,17,4,9,13,299,14,10,2,,12,0,3,2,14,3,1,4,0,,1,1,207,30,72,,25/62 (40%),10/25 (40%),47%,4,31/70 (44%),20/38 (53%),7/20 (35%),43%,14,8,48,11,,4,,,,,6
11368117,25,52368,NORMAL,REGULAR,Round 46,LEAGUE,6339,Sutton United,Visita,1ST,27/04/2024,46,0,34%,0.00,3,5,3,2,,159,5,4,0,,4,0,1,0,5,0,0,3,0,,0,0,115,13,37,,13/32 (41%),1/8 (13%),50%,3,11/25 (44%),12/21 (57%),2/4 (50%),40%,5,5,23,9,,3,,,,,3
11368117,25,52368,NORMAL,REGULAR,Round 46,LEAGUE,6339,Sutton United,Visita,2ND,27/04/2024,46,4,40%,0.00,2,12,1,7,,140,9,6,2,,8,0,2,2,9,3,1,1,0,,1,1,92,17,35,,12/30 (40%),9/17 (53%),45%,1,20/45 (44%),8/17 (47%),5/16 (31%),44%,9,3,25,2,,1,,,,,3
12526598,173,63807,NORMAL,REGULAR,Round 1,LEAGUE,102,Tamworth,Local,ALL,10/08/2024,1,1,42%,0.88,,11,2,3,15,199,6,5,3,0,5,0,4,2,5,6,,,1,10,,4,116,34,,23/54 (43%),24/64 (37%),0/7 (0%),36%,0,34/93 (37%),19/53 (36%),15/18 (83%),,6,22,,21,0,2,,,0,,13
12526598,173,63807,NORMAL,REGULAR,Round 1,LEAGUE,102,Tamworth,Local,1ST,10/08/2024,1,,,,,,,,,,,,,,,,,,,,,,,,,,,,,,,,,,,,,,,,,,,,,,,,
12526598,173,63807,NORMAL,REGULAR,Round 1,LEAGUE,102,Tamworth,Local,2ND,10/08/2024,1,,,,,,,,,,,,,,,,,,,,,,,,,,,,,,,,,,,,,,,,,,,,,,,,
12526598,173,63807,NORMAL,REGULAR,Round 1,LEAGUE,6339,Sutton United,Visita,ALL,10/08/2024,1,1,58%,0.64,,9,4,2,10,277,1,1,3,0,3,0,4,2,6,3,,,2,21,,2,184,28,,30/60 (50%),29/63 (46%),6/20 (30%),39%,7,27/101 (27%),45/81 (56%),15/20 (75%),,1,16,,13,3,4,,,1,,8
12526598,173,63807,NORMAL,REGULAR,Round 1,LEAGUE,6339,Sutton United,Visita,1ST,10/08/2024,1,,,,,,,,,,,,,,,,,,,,,,,,,,,,,,,,,,,,,,,,,,,,,,,,
12526598,173,63807,NORMAL,REGULAR,Round 1,LEAGUE,6339,Sutton United,Visita,2ND,10/08/2024,1,,,,,,,,,,,,,,,,,,,,,,,,,,,,,,,,,,,,,,,,,,,,,,,,
12526578,173,63807,NORMAL,REGULAR,Round 2,LEAGUE,6339,Sutton United,Local,ALL,17/08/2024,2,5,48%,2.09,,13,2,6,15,336,8,1,2,0,7,0,3,3,8,5,,,0,15,,2,271,30,,32/50 (64%),29/48 (60%),7/20 (35%),36%,9,45/126 (36%),16/43 (37%),14/17 (82%),,8,13,,3,0,2,,,,,5
12526578,173,63807,NORMAL,REGULAR,Round 2,LEAGUE,6339,Sutton United,Local,1ST,17/08/2024,2,,,,,,,,,,,,,,,,,,,,,,,,,,,,,,,,,,,,,,,,,,,,,,,,
12526578,173,63807,NORMAL,REGULAR,Round 2,LEAGUE,6339,Sutton United,Local,2ND,17/08/2024,2,,,,,,,,,,,,,,,,,,,,,,,,,,,,,,,,,,,,,,,,,,,,,,,,
12526578,173,63807,NORMAL,REGULAR,Round 2,LEAGUE,110,Altrincham FC,Visita,ALL,17/08/2024,2,0,52%,0.14,,4,2,0,8,341,3,2,0,0,2,0,1,1,1,3,,,2,5,,4,270,32,,19/48 (40%),26/59 (44%),2/6 (33%),30%,7,35/132 (27%),20/46 (43%),10/12 (83%),,3,13,,29,1,2,,,,,11
12526578,173,63807,NORMAL,REGULAR,Round 2,LEAGUE,110,Altrincham FC,Visita,1ST,17/08/2024,2,,,,,,,,,,,,,,,,,,,,,,,,,,,,,,,,,,,,,,,,,,,,,,,,
12526578,173,63807,NORMAL,REGULAR,Round 2,LEAGUE,110,Altrincham FC,Visita,2ND,17/08/2024,2,,,,,,,,,,,,,,,,,,,,,,,,,,,,,,,,,,,,,,,,,,,,,,,,
12526567,173,63807,NORMAL,REGULAR,Round 3,LEAGUE,238,Wealdstone,Local,ALL,20/08/2024,3,0,57%,1.72,,11,3,2,14,319,2,3,1,0,4,0,5,2,5,6,,,2,20,,3,217,31,,27/57 (47%),30/76 (39%),9/24 (37%),51%,7,75/161 (47%),34/51 (67%),34/47 (72%),,2,13,,28,3,3,,,,,7
12526567,173,63807,NORMAL,REGULAR,Round 3,LEAGUE,238,Wealdstone,Local,1ST,20/08/2024,3,,,,,,,,,,,,,,,,,,,,,,,,,,,,,,,,,,,,,,,,,,,,,,,,
12526567,173,63807,NORMAL,REGULAR,Round 3,LEAGUE,238,Wealdstone,Local,2ND,20/08/2024,3,,,,,,,,,,,,,,,,,,,,,,,,,,,,,,,,,,,,,,,,,,,,,,,,
12526567,173,63807,NORMAL,REGULAR,Round 3,LEAGUE,6339,Sutton United,Visita,ALL,20/08/2024,3,1,43%,0.30,,6,4,7,13,277,2,2,3,0,4,0,0,2,4,2,,,0,11,,2,193,32,,34/58 (59%),28/58 (48%),3/8 (37%),30%,6,38/125 (30%),13/44 (30%),15/24 (63%),,2,14,,19,1,4,,,,,8
12526567,173,63807,NORMAL,REGULAR,Round 3,LEAGUE,6339,Sutton United,Visita,1ST,20/08/2024,3,,,,,,,,,,,,,,,,,,,,,,,,,,,,,,,,,,,,,,,,,,,,,,,,
12526567,173,63807,NORMAL,REGULAR,Round 3,LEAGUE,6339,Sutton United,Visita,2ND,20/08/2024,3,,,,,,,,,,,,,,,,,,,,,,,,,,,,,,,,,,,,,,,,,,,,,,,,
12526548,173,63807,NORMAL,REGULAR,Round 4,LEAGUE,6339,Sutton United,Local,ALL,24/08/2024,4,2,39%,1.38,,10,1,9,13,289,6,2,0,0,3,0,4,3,8,2,,,1,13,,1,205,29,,22/49 (45%),18/38 (47%),5/16 (31%),26%,14,29/107 (27%),7/30 (23%),11/15 (73%),,6,15,,6,1,1,,,1,,5
12526548,173,63807,NORMAL,REGULAR,Round 4,LEAGUE,6339,Sutton United,Local,1ST,24/08/2024,4,,,,,,,,,,,,,,,,,,,,,,,,,,,,,,,,,,,,,,,,,,,,,,,,
12526548,173,63807,NORMAL,REGULAR,Round 4,LEAGUE,6339,Sutton United,Local,2ND,24/08/2024,4,,,,,,,,,,,,,,,,,,,,,,,,,,,,,,,,,,,,,,,,,,,,,,,,
12526548,173,63807,NORMAL,REGULAR,Round 4,LEAGUE,73,York City,Visita,ALL,24/08/2024,4,2,61%,1.41,,11,1,5,9,474,7,3,2,0,3,0,4,4,7,4,,,1,21,,7,382,16,,27/55 (49%),36/78 (46%),2/15 (13%),49%,4,43/105 (41%),24/31 (77%),15/19 (79%),,7,12,,15,2,1,,,0,,12
12526548,173,63807,NORMAL,REGULAR,Round 4,LEAGUE,73,York City,Visita,1ST,24/08/2024,4,,,,,,,,,,,,,,,,,,,,,,,,,,,,,,,,,,,,,,,,,,,,,,,,
12526548,173,63807,NORMAL,REGULAR,Round 4,LEAGUE,73,York City,Visita,2ND,24/08/2024,4,,,,,,,,,,,,,,,,,,,,,,,,,,,,,,,,,,,,,,,,,,,,,,,,
12526550,173,63807,NORMAL,REGULAR,Round 5,LEAGUE,6191,Eastleigh,Local,ALL,26/08/2024,5,1,38%,0.46,,4,4,5,14,214,5,1,3,0,3,0,1,0,4,0,,,1,6,,4,146,25,,11/29 (38%),21/47 (44%),3/12 (25%),31%,5,19/83 (23%),21/45 (47%),4/5 (80%),,5,16,,17,6,4,,,1,,12
12526550,173,63807,NORMAL,REGULAR,Round 5,LEAGUE,6191,Eastleigh,Local,1ST,26/08/2024,5,,,,,,,,,,,,,,,,,,,,,,,,,,,,,,,,,,,,,,,,,,,,,,,,
12526550,173,63807,NORMAL,REGULAR,Round 5,LEAGUE,6191,Eastleigh,Local,2ND,26/08/2024,5,,,,,,,,,,,,,,,,,,,,,,,,,,,,,,,,,,,,,,,,,,,,,,,,
12526550,173,63807,NORMAL,REGULAR,Round 5,LEAGUE,6339,Sutton United,Visita,ALL,26/08/2024,5,1,62%,3.39,,15,2,9,11,434,6,2,4,0,5,1,1,8,8,7,,,1,20,,0,362,25,,46/66 (70%),18/34 (52%),7/22 (31%),41%,4,31/86 (36%),25/50 (50%),7/10 (70%),,6,15,,13,2,2,,,1,,5
12526550,173,63807,NORMAL,REGULAR,Round 5,LEAGUE,6339,Sutton United,Visita,1ST,26/08/2024,5,,,,,,,,,,,,,,,,,,,,,,,,,,,,,,,,,,,,,,,,,,,,,,,,
12526550,173,63807,NORMAL,REGULAR,Round 5,LEAGUE,6339,Sutton United,Visita,2ND,26/08/2024,5,,,,,,,,,,,,,,,,,,,,,,,,,,,,,,,,,,,,,,,,,,,,,,,,
12526527,173,63807,NORMAL,REGULAR,Round 6,LEAGUE,6339,Sutton United,Local,ALL,31/08/2024,6,1,64%,0.38,,9,4,4,9,498,3,4,2,0,2,0,6,1,4,5,,,0,11,,0,417,32,,44/62 (71%),20/37 (54%),3/18 (16%),36%,8,44/121 (36%),14/36 (39%),22/28 (79%),,3,5,,9,2,4,,,,,5
12526527,173,63807,NORMAL,REGULAR,Round 6,LEAGUE,6339,Sutton United,Local,1ST,31/08/2024,6,,,,,,,,,,,,,,,,,,,,,,,,,,,,,,,,,,,,,,,,,,,,,,,,
12526527,173,63807,NORMAL,REGULAR,Round 6,LEAGUE,6339,Sutton United,Local,2ND,31/08/2024,6,,,,,,,,,,,,,,,,,,,,,,,,,,,,,,,,,,,,,,,,,,,,,,,,
12526527,173,63807,NORMAL,REGULAR,Round 6,LEAGUE,94,Forest Green Rovers,Visita,ALL,31/08/2024,6,2,36%,1.28,,10,1,4,14,204,3,1,2,0,6,0,3,1,5,5,,,0,13,,6,130,30,,9/35 (26%),11/38 (28%),3/12 (25%),39%,4,48/131 (37%),18/36 (50%),13/16 (81%),,3,16,,20,1,1,,,,,11
12526527,173,63807,NORMAL,REGULAR,Round 6,LEAGUE,94,Forest Green Rovers,Visita,1ST,31/08/2024,6,,,,,,,,,,,,,,,,,,,,,,,,,,,,,,,,,,,,,,,,,,,,,,,,
12526527,173,63807,NORMAL,REGULAR,Round 6,LEAGUE,94,Forest Green Rovers,Visita,2ND,31/08/2024,6,,,,,,,,,,,,,,,,,,,,,,,,,,,,,,,,,,,,,,,,,,,,,,,,
12526509,173,63807,NORMAL,REGULAR,Round 7,LEAGUE,6339,Sutton United,Local,ALL,07/09/2024,7,0,67%,1.27,,20,3,5,9,498,5,0,3,0,3,0,8,9,9,11,,,3,32,,3,380,38,,43/72 (60%),27/54 (50%),6/26 (23%),42%,5,46/113 (41%),15/31 (48%),24/27 (89%),,5,15,,17,0,3,,,1,,4
12526509,173,63807,NORMAL,REGULAR,Round 7,LEAGUE,6339,Sutton United,Local,1ST,07/09/2024,7,,,,,,,,,,,,,,,,,,,,,,,,,,,,,,,,,,,,,,,,,,,,,,,,
12526509,173,63807,NORMAL,REGULAR,Round 7,LEAGUE,6339,Sutton United,Local,2ND,07/09/2024,7,,,,,,,,,,,,,,,,,,,,,,,,,,,,,,,,,,,,,,,,,,,,,,,,
12526509,173,63807,NORMAL,REGULAR,Round 7,LEAGUE,124,Boston United,Visita,ALL,07/09/2024,7,3,33%,1.51,,8,3,5,11,209,3,2,2,0,6,0,1,1,7,1,,,2,13,,1,119,32,,16/43 (37%),13/52 (25%),2/11 (18%),32%,9,33/115 (29%),15/32 (47%),10/15 (67%),,3,22,,24,5,3,,,0,,14
12526509,173,63807,NORMAL,REGULAR,Round 7,LEAGUE,124,Boston United,Visita,1ST,07/09/2024,7,,,,,,,,,,,,,,,,,,,,,,,,,,,,,,,,,,,,,,,,,,,,,,,,
12526509,173,63807,NORMAL,REGULAR,Round 7,LEAGUE,124,Boston United,Visita,2ND,07/09/2024,7,,,,,,,,,,,,,,,,,,,,,,,,,,,,,,,,,,,,,,,,,,,,,,,,
12526507,173,63807,NORMAL,REGULAR,Round 8,LEAGUE,121,Dagenham & Redbridge,Local,ALL,10/09/2024,8,3,41%,2.90,,11,2,3,8,267,3,5,2,0,4,1,4,2,8,3,,,3,14,,5,184,28,,20/42 (48%),25/54 (46%),4/13 (30%),34%,5,40/130 (31%),18/38 (47%),12/16 (75%),,3,6,,16,3,2,,,,,9
12526507,173,63807,NORMAL,REGULAR,Round 8,LEAGUE,121,Dagenham & Redbridge,Local,1ST,10/09/2024,8,,,,,,,,,,,,,,,,,,,,,,,,,,,,,,,,,,,,,,,,,,,,,,,,
12526507,173,63807,NORMAL,REGULAR,Round 8,LEAGUE,121,Dagenham & Redbridge,Local,2ND,10/09/2024,8,,,,,,,,,,,,,,,,,,,,,,,,,,,,,,,,,,,,,,,,,,,,,,,,
12526507,173,63807,NORMAL,REGULAR,Round 8,LEAGUE,6339,Sutton United,Visita,ALL,10/09/2024,8,0,59%,1.09,,9,1,4,12,479,3,2,1,0,2,1,3,3,5,4,,,0,17,,2,375,28,,53/86 (62%),31/65 (47%),8/23 (34%),37%,3,44/125 (35%),14/31 (45%),25/34 (74%),,3,10,,7,2,1,,,,,9
12526507,173,63807,NORMAL,REGULAR,Round 8,LEAGUE,6339,Sutton United,Visita,1ST,10/09/2024,8,,,,,,,,,,,,,,,,,,,,,,,,,,,,,,,,,,,,,,,,,,,,,,,,
12526507,173,63807,NORMAL,REGULAR,Round 8,LEAGUE,6339,Sutton United,Visita,2ND,10/09/2024,8,,,,,,,,,,,,,,,,,,,,,,,,,,,,,,,,,,,,,,,,,,,,,,,,
12526490,173,63807,NORMAL,REGULAR,Round 9,LEAGUE,99,Southend United,Local,ALL,14/09/2024,9,1,61%,1.03,,16,1,7,7,410,4,3,2,0,10,0,3,3,9,7,,,0,20,,3,313,38,,57/82 (70%),29/56 (51%),9/20 (45%),37%,8,37/103 (36%),27/69 (39%),10/14 (71%),,4,5,,9,4,1,,,0,,8
12526490,173,63807,NORMAL,REGULAR,Round 9,LEAGUE,99,Southend United,Local,1ST,14/09/2024,9,,,,,,,,,,,,,,,,,,,,,,,,,,,,,,,,,,,,,,,,,,,,,,,,
12526490,173,63807,NORMAL,REGULAR,Round 9,LEAGUE,99,Southend United,Local,2ND,14/09/2024,9,,,,,,,,,,,,,,,,,,,,,,,,,,,,,,,,,,,,,,,,,,,,,,,,
12526490,173,63807,NORMAL,REGULAR,Round 9,LEAGUE,6339,Sutton United,Visita,ALL,14/09/2024,9,3,39%,1.31,,8,9,4,9,241,2,1,5,0,3,0,1,4,6,2,,,0,15,,2,146,27,,31/66 (47%),21/62 (33%),3/11 (27%),41%,9,32/116 (28%),44/68 (65%),8/15 (53%),,2,8,,23,7,9,,,1,,6
12526490,173,63807,NORMAL,REGULAR,Round 9,LEAGUE,6339,Sutton United,Visita,1ST,14/09/2024,9,,,,,,,,,,,,,,,,,,,,,,,,,,,,,,,,,,,,,,,,,,,,,,,,
12526490,173,63807,NORMAL,REGULAR,Round 9,LEAGUE,6339,Sutton United,Visita,2ND,14/09/2024,9,,,,,,,,,,,,,,,,,,,,,,,,,,,,,,,,,,,,,,,,,,,,,,,,
12526483,173,63807,NORMAL,REGULAR,Round 10,LEAGUE,6339,Sutton United,Local,ALL,21/09/2024,10,3,41%,1.13,,9,2,4,20,247,1,4,4,0,5,0,3,1,4,5,,,0,8,,0,169,29,,31/62 (50%),28/61 (45%),3/8 (37%),36%,4,39/114 (34%),23/55 (42%),8/15 (53%),,1,16,,15,2,2,,,,,13
12526483,173,63807,NORMAL,REGULAR,Round 10,LEAGUE,6339,Sutton United,Local,1ST,21/09/2024,10,,,,,,,,,,,,,,,,,,,,,,,,,,,,,,,,,,,,,,,,,,,,,,,,
12526483,173,63807,NORMAL,REGULAR,Round 10,LEAGUE,6339,Sutton United,Local,2ND,21/09/2024,10,,,,,,,,,,,,,,,,,,,,,,,,,,,,,,,,,,,,,,,,,,,,,,,,
12526483,173,63807,NORMAL,REGULAR,Round 10,LEAGUE,114,Ebbsfleet United,Visita,ALL,21/09/2024,10,2,59%,0.62,,10,2,3,13,373,8,5,2,0,4,0,4,2,4,6,,,2,17,,1,283,30,,28/61 (46%),29/65 (44%),3/14 (21%),43%,6,44/113 (39%),29/54 (54%),13/13 (100%),,8,10,,20,1,2,,,,,7
12526483,173,63807,NORMAL,REGULAR,Round 10,LEAGUE,114,Ebbsfleet United,Visita,1ST,21/09/2024,10,,,,,,,,,,,,,,,,,,,,,,,,,,,,,,,,,,,,,,,,,,,,,,,,
12526483,173,63807,NORMAL,REGULAR,Round 10,LEAGUE,114,Ebbsfleet United,Visita,2ND,21/09/2024,10,,,,,,,,,,,,,,,,,,,,,,,,,,,,,,,,,,,,,,,,,,,,,,,,
12526462,173,63807,NORMAL,REGULAR,Round 11,LEAGUE,6339,Sutton United,Local,ALL,24/09/2024,11,0,47%,0.81,,15,1,7,8,304,7,9,3,0,4,1,5,5,4,11,,,1,10,,2,218,33,,27/46 (59%),29/58 (50%),3/15 (20%),31%,8,36/136 (26%),24/53 (45%),19/25 (76%),,7,17,,26,1,1,,,0,,12
12526462,173,63807,NORMAL,REGULAR,Round 11,LEAGUE,6339,Sutton United,Local,1ST,24/09/2024,11,,,,,,,,,,,,,,,,,,,,,,,,,,,,,,,,,,,,,,,,,,,,,,,,
12526462,173,63807,NORMAL,REGULAR,Round 11,LEAGUE,6339,Sutton United,Local,2ND,24/09/2024,11,,,,,,,,,,,,,,,,,,,,,,,,,,,,,,,,,,,,,,,,,,,,,,,,
12526462,173,63807,NORMAL,REGULAR,Round 11,LEAGUE,131,Yeovil Town,Visita,ALL,24/09/2024,11,0,53%,0.32,,7,5,3,11,337,5,0,4,0,1,0,4,2,4,3,,,0,15,,2,245,31,,28/51 (55%),27/64 (42%),6/19 (31%),35%,10,45/138 (33%),25/60 (42%),18/19 (95%),,5,18,,10,1,5,,,1,,12
12526462,173,63807,NORMAL,REGULAR,Round 11,LEAGUE,131,Yeovil Town,Visita,1ST,24/09/2024,11,,,,,,,,,,,,,,,,,,,,,,,,,,,,,,,,,,,,,,,,,,,,,,,,
12526462,173,63807,NORMAL,REGULAR,Round 11,LEAGUE,131,Yeovil Town,Visita,2ND,24/09/2024,11,,,,,,,,,,,,,,,,,,,,,,,,,,,,,,,,,,,,,,,,,,,,,,,,
12526457,173,63807,NORMAL,REGULAR,Round 12,LEAGUE,128,Woking,Local,ALL,28/09/2024,12,1,62%,0.45,,8,0,2,16,404,8,6,4,0,2,0,6,0,3,5,,,4,5,,1,329,29,,44/79 (56%),30/72 (41%),3/7 (42%),35%,9,37/124 (30%),34/78 (44%),9/14 (64%),,8,8,,30,6,0,,,,,12
12526457,173,63807,NORMAL,REGULAR,Round 12,LEAGUE,128,Woking,Local,1ST,28/09/2024,12,,,,,,,,,,,,,,,,,,,,,,,,,,,,,,,,,,,,,,,,,,,,,,,,
12526457,173,63807,NORMAL,REGULAR,Round 12,LEAGUE,128,Woking,Local,2ND,28/09/2024,12,,,,,,,,,,,,,,,,,,,,,,,,,,,,,,,,,,,,,,,,,,,,,,,,
12526457,173,63807,NORMAL,REGULAR,Round 12,LEAGUE,6339,Sutton United,Visita,ALL,28/09/2024,12,2,38%,0.75,,13,1,6,20,218,3,4,4,0,2,0,4,7,4,9,,,1,11,,1,155,29,,27/46 (59%),19/45 (42%),6/16 (37%),42%,5,43/110 (39%),34/71 (48%),19/32 (59%),,3,6,,14,0,1,,,,,12
12526457,173,63807,NORMAL,REGULAR,Round 12,LEAGUE,6339,Sutton United,Visita,1ST,28/09/2024,12,,,,,,,,,,,,,,,,,,,,,,,,,,,,,,,,,,,,,,,,,,,,,,,,
12526457,173,63807,NORMAL,REGULAR,Round 12,LEAGUE,6339,Sutton United,Visita,2ND,28/09/2024,12,,,,,,,,,,,,,,,,,,,,,,,,,,,,,,,,,,,,,,,,,,,,,,,,
12526450,173,63807,NORMAL,REGULAR,Round 13,LEAGUE,101,Hartlepool United,Local,ALL,05/10/2024,13,4,48%,1.57,,12,0,6,13,249,2,6,3,0,6,0,3,3,7,5,,,0,18,,1,173,31,,35/59 (59%),26/56 (46%),6/16 (37%),39%,10,45/119 (38%),20/46 (43%),17/22 (77%),,2,6,,10,3,0,,,0,,16
12526450,173,63807,NORMAL,REGULAR,Round 13,LEAGUE,101,Hartlepool United,Local,1ST,05/10/2024,13,,,,,,,,,,,,,,,,,,,,,,,,,,,,,,,,,,,,,,,,,,,,,,,,
12526450,173,63807,NORMAL,REGULAR,Round 13,LEAGUE,101,Hartlepool United,Local,2ND,05/10/2024,13,,,,,,,,,,,,,,,,,,,,,,,,,,,,,,,,,,,,,,,,,,,,,,,,
12526450,173,63807,NORMAL,REGULAR,Round 13,LEAGUE,6339,Sutton United,Visita,ALL,05/10/2024,13,3,52%,1.71,,8,2,2,9,275,0,1,3,0,3,0,3,2,6,2,,,1,14,,3,188,28,,25/62 (40%),28/60 (46%),4/13 (30%),35%,9,39/132 (30%),26/49 (53%),13/26 (50%),,0,19,,16,4,2,,,2,,10
12526450,173,63807,NORMAL,REGULAR,Round 13,LEAGUE,6339,Sutton United,Visita,1ST,05/10/2024,13,,,,,,,,,,,,,,,,,,,,,,,,,,,,,,,,,,,,,,,,,,,,,,,,
12526450,173,63807,NORMAL,REGULAR,Round 13,LEAGUE,6339,Sutton United,Visita,2ND,05/10/2024,13,,,,,,,,,,,,,,,,,,,,,,,,,,,,,,,,,,,,,,,,,,,,,,,,
12526431,173,63807,NORMAL,REGULAR,Round 14,LEAGUE,6339,Sutton United,Local,ALL,19/10/2024,14,1,48%,0.86,,6,3,4,11,329,6,1,2,0,3,1,0,2,3,3,,,5,17,,1,230,34,,29/57 (51%),34/67 (50%),5/14 (35%),33%,13,37/142 (26%),36/74 (49%),11/22 (50%),,6,15,,31,9,3,,,1,,12
12526431,173,63807,NORMAL,REGULAR,Round 14,LEAGUE,6339,Sutton United,Local,1ST,19/10/2024,14,,,,,,,,,,,,,,,,,,,,,,,,,,,,,,,,,,,,,,,,,,,,,,,,
12526431,173,63807,NORMAL,REGULAR,Round 14,LEAGUE,6339,Sutton United,Local,2ND,19/10/2024,14,,,,,,,,,,,,,,,,,,,,,,,,,,,,,,,,,,,,,,,,,,,,,,,,
12526431,173,63807,NORMAL,REGULAR,Round 14,LEAGUE,65,Oldham Athletic,Visita,ALL,19/10/2024,14,3,52%,1.58,,15,2,7,13,288,0,2,2,0,6,0,7,2,9,6,,,2,24,,0,202,27,,40/69 (58%),18/51 (35%),11/21 (52%),44%,6,57/144 (40%),41/75 (55%),15/17 (88%),,0,10,,13,2,2,,,0,,11
12526431,173,63807,NORMAL,REGULAR,Round 14,LEAGUE,65,Oldham Athletic,Visita,1ST,19/10/2024,14,,,,,,,,,,,,,,,,,,,,,,,,,,,,,,,,,,,,,,,,,,,,,,,,
12526431,173,63807,NORMAL,REGULAR,Round 14,LEAGUE,65,Oldham Athletic,Visita,2ND,19/10/2024,14,,,,,,,,,,,,,,,,,,,,,,,,,,,,,,,,,,,,,,,,,,,,,,,,
12526438,173,63807,NORMAL,REGULAR,Round 15,LEAGUE,6339,Sutton United,Local,ALL,23/10/2024,15,0,39%,0.60,,6,0,6,11,317,5,3,3,0,2,0,1,3,3,3,,,2,10,,1,239,26,,20/42 (48%),25/56 (44%),4/14 (28%),38%,4,32/98 (33%),18/33 (55%),14/20 (70%),,5,11,,17,2,0,,,,,9
12526438,173,63807,NORMAL,REGULAR,Round 15,LEAGUE,6339,Sutton United,Local,1ST,23/10/2024,15,,,,,,,,,,,,,,,,,,,,,,,,,,,,,,,,,,,,,,,,,,,,,,,,
12526438,173,63807,NORMAL,REGULAR,Round 15,LEAGUE,6339,Sutton United,Local,2ND,23/10/2024,15,,,,,,,,,,,,,,,,,,,,,,,,,,,,,,,,,,,,,,,,,,,,,,,,
12526438,173,63807,NORMAL,REGULAR,Round 15,LEAGUE,157,Gateshead,Visita,ALL,23/10/2024,15,1,61%,0.88,,6,2,3,13,524,1,2,4,0,1,1,2,2,4,2,,,1,9,,4,445,29,,28/59 (47%),18/53 (33%),1/6 (16%),32%,5,28/100 (28%),15/32 (47%),5/11 (45%),,1,20,,10,1,2,,,,,3
12526438,173,63807,NORMAL,REGULAR,Round 15,LEAGUE,157,Gateshead,Visita,1ST,23/10/2024,15,,,,,,,,,,,,,,,,,,,,,,,,,,,,,,,,,,,,,,,,,,,,,,,,
12526438,173,63807,NORMAL,REGULAR,Round 15,LEAGUE,157,Gateshead,Visita,2ND,23/10/2024,15,,,,,,,,,,,,,,,,,,,,,,,,,,,,,,,,,,,,,,,,,,,,,,,,
12526419,173,63807,NORMAL,REGULAR,Round 16,LEAGUE,182,Braintree Town,Local,ALL,26/10/2024,16,0,56%,0.54,,7,2,5,11,388,2,4,1,0,0,0,4,3,5,2,,,0,9,,2,300,34,,46/75 (61%),46/78 (58%),6/23 (26%),33%,2,32/95 (34%),23/67 (34%),14/20 (70%),,2,14,,9,3,2,,,0,,6
12526419,173,63807,NORMAL,REGULAR,Round 16,LEAGUE,182,Braintree Town,Local,1ST,26/10/2024,16,,,,,,,,,,,,,,,,,,,,,,,,,,,,,,,,,,,,,,,,,,,,,,,,
12526419,173,63807,NORMAL,REGULAR,Round 16,LEAGUE,182,Braintree Town,Local,2ND,26/10/2024,16,,,,,,,,,,,,,,,,,,,,,,,,,,,,,,,,,,,,,,,,,,,,,,,,
12526419,173,63807,NORMAL,REGULAR,Round 16,LEAGUE,6339,Sutton United,Visita,ALL,26/10/2024,16,1,44%,1.12,,6,0,2,10,269,3,2,1,0,3,0,2,1,4,2,,,0,10,,1,191,19,,19/50 (38%),27/66 (40%),3/8 (37%),41%,6,25/92 (27%),42/69 (61%),11/16 (69%),,3,14,,34,1,0,,,1,,12
12526419,173,63807,NORMAL,REGULAR,Round 16,LEAGUE,6339,Sutton United,Visita,1ST,26/10/2024,16,,,,,,,,,,,,,,,,,,,,,,,,,,,,,,,,,,,,,,,,,,,,,,,,
12526419,173,63807,NORMAL,REGULAR,Round 16,LEAGUE,6339,Sutton United,Visita,2ND,26/10/2024,16,,,,,,,,,,,,,,,,,,,,,,,,,,,,,,,,,,,,,,,,,,,,,,,,
12988633,19,67958,NORMAL,PLAYOFF,Round 1,CUP,6339,Sutton United,Local,ALL,03/11/2024,1,0,25%,0.00,2,3,2,2,12,229,13,13,2,,0,0,2,1,1,2,,2,,6,0,3,133,16,45,22/56 (39%),27/81 (33%),1/5 (20%),48%,7,29/56 (52%),4/13 (31%),3/10 (30%),54%,13,15,54,32,,2,,,,,6
12988633,19,67958,NORMAL,PLAYOFF,Round 1,CUP,6339,Sutton United,Local,1ST,03/11/2024,1,0,19%,0.00,1,2,1,2,,89,5,6,1,,0,0,1,1,0,2,,1,,,0,2,50,3,20,,11/33 (33%),0/3 (0%),47%,5,13/28 (46%),2/4 (50%),2/3 (67%),40%,5,10,27,10,,1,,,,,3
12988633,19,67958,NORMAL,PLAYOFF,Round 1,CUP,6339,Sutton United,Local,2ND,03/11/2024,1,0,30%,0.00,1,1,1,0,,140,8,7,1,,0,0,1,0,1,0,,1,,,0,1,83,13,25,,16/48 (33%),1/2 (50%),49%,2,16/28 (57%),2/9 (22%),1/7 (14%),63%,8,5,27,22,,1,,,,,3
12988633,19,67958,NORMAL,PLAYOFF,Round 1,CUP,9,Birmingham City,Visita,ALL,03/11/2024,1,1,75%,0.00,0,13,0,10,13,694,14,12,4,,3,0,2,8,10,3,,0,,34,2,1,594,26,97,168/237 (71%),32/63 (51%),7/35 (20%),52%,9,27/56 (48%),9/13 (69%),1/5 (20%),29%,14,1,43,7,,0,,,,,5
12988633,19,67958,NORMAL,PLAYOFF,Round 1,CUP,9,Birmingham City,Visita,1ST,03/11/2024,1,1,81%,0.00,0,8,0,3,,383,6,9,1,,2,0,2,4,6,2,,0,,,1,1,337,8,57,,15/32 (47%),3/13 (23%),53%,5,15/28 (54%),2/4 (50%),0/0 (0%),50%,6,0,24,4,,0,,,,,2
12988633,19,67958,NORMAL,PLAYOFF,Round 1,CUP,9,Birmingham City,Visita,2ND,03/11/2024,1,0,70%,0.00,0,5,0,7,,311,8,3,3,,1,0,0,4,4,1,,0,,,1,0,257,18,40,,17/31 (55%),4/22 (18%),51%,4,12/28 (43%),7/9 (78%),1/5 (20%),13%,8,1,19,3,,0,,,,,3
12526398,173,63807,NORMAL,REGULAR,Round 17,LEAGUE,103,Rochdale,Local,ALL,09/11/2024,17,2,59%,0.66,,10,3,3,7,694,1,1,0,0,3,0,3,4,7,3,,,2,26,,0,614,27,,49/75 (65%),17/45 (37%),4/19 (21%),37%,3,35/88 (40%),5/19 (26%),19/23 (83%),,1,9,,8,2,3,,,,,5
12526398,173,63807,NORMAL,REGULAR,Round 17,LEAGUE,103,Rochdale,Local,1ST,09/11/2024,17,,,,,,,,,,,,,,,,,,,,,,,,,,,,,,,,,,,,,,,,,,,,,,,,
12526398,173,63807,NORMAL,REGULAR,Round 17,LEAGUE,103,Rochdale,Local,2ND,09/11/2024,17,,,,,,,,,,,,,,,,,,,,,,,,,,,,,,,,,,,,,,,,,,,,,,,,
12526398,173,63807,NORMAL,REGULAR,Round 17,LEAGUE,6339,Sutton United,Visita,ALL,09/11/2024,17,1,41%,1.01,,7,1,3,6,419,5,1,1,0,4,0,0,3,4,3,,,3,8,,2,343,20,,17/46 (37%),23/57 (40%),0/5 (0%),29%,4,19/89 (21%),13/19 (68%),5/9 (56%),,5,21,,14,0,1,,,,,8
12526398,173,63807,NORMAL,REGULAR,Round 17,LEAGUE,6339,Sutton United,Visita,1ST,09/11/2024,17,,,,,,,,,,,,,,,,,,,,,,,,,,,,,,,,,,,,,,,,,,,,,,,,
12526398,173,63807,NORMAL,REGULAR,Round 17,LEAGUE,6339,Sutton United,Visita,2ND,09/11/2024,17,,,,,,,,,,,,,,,,,,,,,,,,,,,,,,,,,,,,,,,,,,,,,,,,
12526396,173,63807,NORMAL,REGULAR,Round 18,LEAGUE,6339,Sutton United,Local,ALL,16/11/2024,18,1,62%,0.79,,7,0,3,7,453,2,2,0,0,4,0,2,1,5,2,,,2,12,,2,362,32,,51/91 (56%),26/53 (49%),5/13 (38%),40%,8,41/104 (39%),32/78 (41%),11/14 (79%),,2,19,,22,1,0,,,2,,3
12526396,173,63807,NORMAL,REGULAR,Round 18,LEAGUE,6339,Sutton United,Local,1ST,16/11/2024,18,,,,,,,,,,,,,,,,,,,,,,,,,,,,,,,,,,,,,,,,,,,,,,,,
12526396,173,63807,NORMAL,REGULAR,Round 18,LEAGUE,6339,Sutton United,Local,2ND,16/11/2024,18,,,,,,,,,,,,,,,,,,,,,,,,,,,,,,,,,,,,,,,,,,,,,,,,
12526396,173,63807,NORMAL,REGULAR,Round 18,LEAGUE,166,Maidenhead United,Visita,ALL,16/11/2024,18,0,38%,0.24,,3,4,5,11,246,1,2,1,0,0,0,2,1,0,3,,,0,6,,0,159,28,,29/57 (51%),35/66 (53%),5/13 (38%),33%,11,31/135 (23%),44/87 (51%),9/10 (90%),,1,16,,11,2,4,,,0,,7
12526396,173,63807,NORMAL,REGULAR,Round 18,LEAGUE,166,Maidenhead United,Visita,1ST,16/11/2024,18,,,,,,,,,,,,,,,,,,,,,,,,,,,,,,,,,,,,,,,,,,,,,,,,
12526396,173,63807,NORMAL,REGULAR,Round 18,LEAGUE,166,Maidenhead United,Visita,2ND,16/11/2024,18,,,,,,,,,,,,,,,,,,,,,,,,,,,,,,,,,,,,,,,,,,,,,,,,
12526363,173,63807,NORMAL,REGULAR,Round 20,LEAGUE,6339,Sutton United,Local,ALL,26/11/2024,20,1,45%,0.61,,7,2,3,9,309,6,3,3,0,3,0,1,3,3,4,,,0,7,,0,231,18,,28/48 (58%),27/41 (65%),4/15 (26%),35%,9,30/126 (24%),43/79 (54%),8/14 (57%),,6,16,,24,3,2,,,3,,9
12526363,173,63807,NORMAL,REGULAR,Round 20,LEAGUE,6339,Sutton United,Local,1ST,26/11/2024,20,,,,,,,,,,,,,,,,,,,,,,,,,,,,,,,,,,,,,,,,,,,,,,,,
12526363,173,63807,NORMAL,REGULAR,Round 20,LEAGUE,6339,Sutton United,Local,2ND,26/11/2024,20,,,,,,,,,,,,,,,,,,,,,,,,,,,,,,,,,,,,,,,,,,,,,,,,
12526363,173,63807,NORMAL,REGULAR,Round 20,LEAGUE,7942,Solihull Moors,Visita,ALL,26/11/2024,20,0,55%,0.48,,15,2,4,14,391,3,5,3,0,2,0,7,6,7,8,,,0,22,,2,318,35,,26/49 (53%),33/63 (52%),9/20 (45%),38%,3,40/124 (32%),36/72 (50%),9/10 (90%),,3,14,,11,1,2,,,1,,6
12526363,173,63807,NORMAL,REGULAR,Round 20,LEAGUE,7942,Solihull Moors,Visita,1ST,26/11/2024,20,,,,,,,,,,,,,,,,,,,,,,,,,,,,,,,,,,,,,,,,,,,,,,,,
12526363,173,63807,NORMAL,REGULAR,Round 20,LEAGUE,7942,Solihull Moors,Visita,2ND,26/11/2024,20,,,,,,,,,,,,,,,,,,,,,,,,,,,,,,,,,,,,,,,,,,,,,,,,
12526347,173,63807,NORMAL,REGULAR,Round 21,LEAGUE,6339,Sutton United,Local,ALL,30/11/2024,21,2,45%,1.94,,14,3,10,14,294,5,0,6,0,8,0,4,2,10,4,,,0,23,,5,219,27,,24/43 (56%),21/43 (48%),4/15 (26%),46%,11,55/119 (46%),21/44 (48%),12/28 (43%),,5,12,,12,3,3,,,,,8
12526347,173,63807,NORMAL,REGULAR,Round 21,LEAGUE,6339,Sutton United,Local,1ST,30/11/2024,21,,,,,,,,,,,,,,,,,,,,,,,,,,,,,,,,,,,,,,,,,,,,,,,,
12526347,173,63807,NORMAL,REGULAR,Round 21,LEAGUE,6339,Sutton United,Local,2ND,30/11/2024,21,,,,,,,,,,,,,,,,,,,,,,,,,,,,,,,,,,,,,,,,,,,,,,,,
12526347,173,63807,NORMAL,REGULAR,Round 21,LEAGUE,38739,AFC Fylde,Visita,ALL,30/11/2024,21,0,55%,1.99,,16,6,8,9,408,3,3,3,0,3,0,6,7,6,10,,,3,17,,0,342,22,,30/44 (68%),28/46 (60%),5/18 (27%),54%,4,75/129 (58%),17/41 (41%),13/26 (50%),,3,8,,20,1,6,,,,,13
12526347,173,63807,NORMAL,REGULAR,Round 21,LEAGUE,38739,AFC Fylde,Visita,1ST,30/11/2024,21,,,,,,,,,,,,,,,,,,,,,,,,,,,,,,,,,,,,,,,,,,,,,,,,
12526347,173,63807,NORMAL,REGULAR,Round 21,LEAGUE,38739,AFC Fylde,Visita,2ND,30/11/2024,21,,,,,,,,,,,,,,,,,,,,,,,,,,,,,,,,,,,,,,,,,,,,,,,,
13040368,24029,68371,NORMAL,GROUP,"England National League Cup, Group D",CUP,6339,Sutton United,Local,ALL,03/12/2024,3,3,,,,,,,,,,,1,0,,,,,,,,,,,,,,,,,,,,,,,,,,,,,,,,,,,
13040368,24029,68371,NORMAL,GROUP,"England National League Cup, Group D",CUP,6339,Sutton United,Local,1ST,03/12/2024,3,,,,,,,,,,,,,,,,,,,,,,,,,,,,,,,,,,,,,,,,,,,,,,,,
13040368,24029,68371,NORMAL,GROUP,"England National League Cup, Group D",CUP,6339,Sutton United,Local,2ND,03/12/2024,3,,,,,,,,,,,,,,,,,,,,,,,,,,,,,,,,,,,,,,,,,,,,,,,,
13040368,24029,68371,NORMAL,GROUP,"England National League Cup, Group D",CUP,77865,Tottenham U21,Visita,ALL,03/12/2024,3,0,,,,,,,,,,,0,0,,,,,,,,,,,,,,,,,,,,,,,,,,,,,,,,,,,
13040368,24029,68371,NORMAL,GROUP,"England National League Cup, Group D",CUP,77865,Tottenham U21,Visita,1ST,03/12/2024,3,,,,,,,,,,,,,,,,,,,,,,,,,,,,,,,,,,,,,,,,,,,,,,,,
13040368,24029,68371,NORMAL,GROUP,"England National League Cup, Group D",CUP,77865,Tottenham U21,Visita,2ND,03/12/2024,3,,,,,,,,,,,,,,,,,,,,,,,,,,,,,,,,,,,,,,,,,,,,,,,,
13188543,173,63807,NORMAL,REGULAR,Round 19,LEAGUE,87,FC Halifax Town,Local,ALL,10/12/2024,19,0,54%,0.20,,7,2,2,9,338,0,3,2,0,3,0,3,1,3,4,,,1,8,,3,257,28,,22/44 (50%),20/55 (36%),3/14 (21%),41%,4,32/101 (32%),32/52 (62%),10/14 (71%),,0,7,,26,1,2,,,,,8
13188543,173,63807,NORMAL,REGULAR,Round 19,LEAGUE,87,FC Halifax Town,Local,1ST,10/12/2024,19,,,,,,,,,,,,,,,,,,,,,,,,,,,,,,,,,,,,,,,,,,,,,,,,
13188543,173,63807,NORMAL,REGULAR,Round 19,LEAGUE,87,FC Halifax Town,Local,2ND,10/12/2024,19,,,,,,,,,,,,,,,,,,,,,,,,,,,,,,,,,,,,,,,,,,,,,,,,
13188543,173,63807,NORMAL,REGULAR,Round 19,LEAGUE,6339,Sutton United,Visita,ALL,10/12/2024,19,0,46%,0.50,,7,3,7,10,251,1,2,2,0,2,0,4,1,2,5,,,1,16,,2,183,45,,23/48 (48%),26/51 (50%),4/11 (36%),32%,4,34/95 (36%),13/49 (27%),13/23 (57%),,1,16,,23,2,3,,,,,8
13188543,173,63807,NORMAL,REGULAR,Round 19,LEAGUE,6339,Sutton United,Visita,1ST,10/12/2024,19,,,,,,,,,,,,,,,,,,,,,,,,,,,,,,,,,,,,,,,,,,,,,,,,
13188543,173,63807,NORMAL,REGULAR,Round 19,LEAGUE,6339,Sutton United,Visita,2ND,10/12/2024,19,,,,,,,,,,,,,,,,,,,,,,,,,,,,,,,,,,,,,,,,,,,,,,,,
12526343,173,63807,NORMAL,REGULAR,Round 22,LEAGUE,110,Altrincham FC,Local,ALL,14/12/2024,22,1,47%,0.95,,12,0,5,16,314,6,4,4,0,4,0,4,4,4,8,,,8,11,,0,231,19,,26/67 (39%),39/75 (52%),0/2 (0%),39%,13,47/146 (32%),33/58 (57%),6/15 (40%),,6,32,,15,2,0,,,1,,7
12526343,173,63807,NORMAL,REGULAR,Round 22,LEAGUE,110,Altrincham FC,Local,1ST,14/12/2024,22,,,,,,,,,,,,,,,,,,,,,,,,,,,,,,,,,,,,,,,,,,,,,,,,
12526343,173,63807,NORMAL,REGULAR,Round 22,LEAGUE,110,Altrincham FC,Local,2ND,14/12/2024,22,,,,,,,,,,,,,,,,,,,,,,,,,,,,,,,,,,,,,,,,,,,,,,,,
12526343,173,63807,NORMAL,REGULAR,Round 22,LEAGUE,6339,Sutton United,Visita,ALL,14/12/2024,22,0,53%,0.61,,10,3,3,14,387,3,9,2,0,0,0,3,7,4,6,,,4,15,,0,292,42,,31/52 (60%),23/47 (48%),5/19 (26%),37%,18,52/146 (36%),24/58 (41%),13/19 (68%),,3,2,,7,6,3,,,1,,8
12526343,173,63807,NORMAL,REGULAR,Round 22,LEAGUE,6339,Sutton United,Visita,1ST,14/12/2024,22,,,,,,,,,,,,,,,,,,,,,,,,,,,,,,,,,,,,,,,,,,,,,,,,
12526343,173,63807,NORMAL,REGULAR,Round 22,LEAGUE,6339,Sutton United,Visita,2ND,14/12/2024,22,,,,,,,,,,,,,,,,,,,,,,,,,,,,,,,,,,,,,,,,,,,,,,,,
13040256,24029,68371,NORMAL,GROUP,"England National League Cup, Group D",CUP,6339,Sutton United,Local,ALL,17/12/2024,1,0,,,,,,,,,,,0,0,,,,,,,,,,,,,,,,,,,,,,,,,,,,,,,,,,,
13040256,24029,68371,NORMAL,GROUP,"England National League Cup, Group D",CUP,6339,Sutton United,Local,1ST,17/12/2024,1,,,,,,,,,,,,,,,,,,,,,,,,,,,,,,,,,,,,,,,,,,,,,,,,
13040256,24029,68371,NORMAL,GROUP,"England National League Cup, Group D",CUP,6339,Sutton United,Local,2ND,17/12/2024,1,,,,,,,,,,,,,,,,,,,,,,,,,,,,,,,,,,,,,,,,,,,,,,,,
13040256,24029,68371,NORMAL,GROUP,"England National League Cup, Group D",CUP,36552,West Ham U21,Visita,ALL,17/12/2024,1,2,,,,,,,,,,,0,0,,,,,,,,,,,,,,,,,,,,,,,,,,,,,,,,,,,
13040256,24029,68371,NORMAL,GROUP,"England National League Cup, Group D",CUP,36552,West Ham U21,Visita,1ST,17/12/2024,1,,,,,,,,,,,,,,,,,,,,,,,,,,,,,,,,,,,,,,,,,,,,,,,,
13040256,24029,68371,NORMAL,GROUP,"England National League Cup, Group D",CUP,36552,West Ham U21,Visita,2ND,17/12/2024,1,,,,,,,,,,,,,,,,,,,,,,,,,,,,,,,,,,,,,,,,,,,,,,,,
12526324,173,63807,NORMAL,REGULAR,Round 23,LEAGUE,6339,Sutton United,Local,ALL,21/12/2024,23,1,61%,0.50,,9,1,2,11,415,2,2,4,0,2,0,6,1,7,2,,,3,12,,1,329,31,,46/67 (69%),28/56 (50%),5/18 (27%),43%,5,41/99 (41%),20/42 (48%),16/25 (64%),,2,7,,10,5,1,,,,,12
12526324,173,63807,NORMAL,REGULAR,Round 23,LEAGUE,6339,Sutton United,Local,1ST,21/12/2024,23,,,,,,,,,,,,,,,,,,,,,,,,,,,,,,,,,,,,,,,,,,,,,,,,
12526324,173,63807,NORMAL,REGULAR,Round 23,LEAGUE,6339,Sutton United,Local,2ND,21/12/2024,23,,,,,,,,,,,,,,,,,,,,,,,,,,,,,,,,,,,,,,,,,,,,,,,,
12526324,173,63807,NORMAL,REGULAR,Round 23,LEAGUE,102,Tamworth,Visita,ALL,21/12/2024,23,2,39%,0.50,,8,1,7,12,211,6,2,4,0,3,0,4,1,4,4,,,0,9,,0,137,27,,27/51 (53%),19/45 (42%),2/9 (22%),32%,11,29/103 (28%),18/41 (44%),12/22 (55%),,6,12,,12,1,1,,,,,17
12526324,173,63807,NORMAL,REGULAR,Round 23,LEAGUE,102,Tamworth,Visita,1ST,21/12/2024,23,,,,,,,,,,,,,,,,,,,,,,,,,,,,,,,,,,,,,,,,,,,,,,,,
12526324,173,63807,NORMAL,REGULAR,Round 23,LEAGUE,102,Tamworth,Visita,2ND,21/12/2024,23,,,,,,,,,,,,,,,,,,,,,,,,,,,,,,,,,,,,,,,,,,,,,,,,
12526323,173,63807,NORMAL,REGULAR,Round 24,LEAGUE,77,Barnet,Local,ALL,26/12/2024,24,3,67%,2.28,,16,1,9,8,642,2,5,0,0,8,1,5,2,11,5,,,0,27,,2,570,17,,58/77 (75%),29/60 (48%),7/19 (36%),36%,6,42/121 (35%),22/53 (42%),17/23 (74%),,2,9,,11,3,1,,,0,,7
12526323,173,63807,NORMAL,REGULAR,Round 24,LEAGUE,77,Barnet,Local,1ST,26/12/2024,24,,,,,,,,,,,,,,,,,,,,,,,,,,,,,,,,,,,,,,,,,,,,,,,,
12526323,173,63807,NORMAL,REGULAR,Round 24,LEAGUE,77,Barnet,Local,2ND,26/12/2024,24,,,,,,,,,,,,,,,,,,,,,,,,,,,,,,,,,,,,,,,,,,,,,,,,
12526323,173,63807,NORMAL,REGULAR,Round 24,LEAGUE,6339,Sutton United,Visita,ALL,26/12/2024,24,3,33%,1.15,,8,5,2,12,236,3,2,1,0,4,0,4,0,4,4,,,1,6,,0,177,23,,13/31 (42%),19/37 (51%),4/8 (50%),37%,1,32/109 (29%),28/49 (57%),11/14 (79%),,3,20,,31,1,5,,,1,,7
12526323,173,63807,NORMAL,REGULAR,Round 24,LEAGUE,6339,Sutton United,Visita,1ST,26/12/2024,24,,,,,,,,,,,,,,,,,,,,,,,,,,,,,,,,,,,,,,,,,,,,,,,,
12526323,173,63807,NORMAL,REGULAR,Round 24,LEAGUE,6339,Sutton United,Visita,2ND,26/12/2024,24,,,,,,,,,,,,,,,,,,,,,,,,,,,,,,,,,,,,,,,,,,,,,,,,
12526301,173,63807,NORMAL,REGULAR,Round 25,LEAGUE,6339,Sutton United,Local,ALL,01/01/2025,25,1,48%,1.31,,15,6,5,10,335,3,8,0,0,6,0,6,3,8,7,,,1,15,,0,273,26,,32/51 (63%),31/50 (62%),6/17 (35%),39%,9,34/114 (30%),39/69 (57%),16/23 (70%),,3,20,,21,6,6,,,2,,10
12526301,173,63807,NORMAL,REGULAR,Round 25,LEAGUE,6339,Sutton United,Local,1ST,01/01/2025,25,,,,,,,,,,,,,,,,,,,,,,,,,,,,,,,,,,,,,,,,,,,,,,,,
12526301,173,63807,NORMAL,REGULAR,Round 25,LEAGUE,6339,Sutton United,Local,2ND,01/01/2025,25,,,,,,,,,,,,,,,,,,,,,,,,,,,,,,,,,,,,,,,,,,,,,,,,
12526301,173,63807,NORMAL,REGULAR,Round 25,LEAGUE,75,Aldershot Town,Visita,ALL,01/01/2025,25,1,52%,1.26,,13,7,6,14,388,5,4,5,0,6,0,4,3,7,6,,,1,21,,3,297,27,,29/53 (55%),27/51 (52%),7/18 (38%),32%,4,36/119 (30%),21/58 (36%),17/27 (63%),,5,9,,21,6,7,,,1,,8
12526301,173,63807,NORMAL,REGULAR,Round 25,LEAGUE,75,Aldershot Town,Visita,1ST,01/01/2025,25,,,,,,,,,,,,,,,,,,,,,,,,,,,,,,,,,,,,,,,,,,,,,,,,
12526301,173,63807,NORMAL,REGULAR,Round 25,LEAGUE,75,Aldershot Town,Visita,2ND,01/01/2025,25,,,,,,,,,,,,,,,,,,,,,,,,,,,,,,,,,,,,,,,,,,,,,,,,
12526278,173,63807,NORMAL,REGULAR,Round 27,LEAGUE,6339,Sutton United,Local,ALL,15/01/2025,27,2,56%,0.55,,9,0,3,10,447,2,3,2,0,5,0,3,1,5,4,,,2,13,,2,367,23,,31/53 (58%),25/53 (47%),2/12 (16%),38%,10,34/123 (28%),35/57 (61%),13/21 (62%),,2,18,,20,2,0,,,1,,11
12526278,173,63807,NORMAL,REGULAR,Round 27,LEAGUE,6339,Sutton United,Local,1ST,15/01/2025,27,,,,,,,,,,,,,,,,,,,,,,,,,,,,,,,,,,,,,,,,,,,,,,,,
12526278,173,63807,NORMAL,REGULAR,Round 27,LEAGUE,6339,Sutton United,Local,2ND,15/01/2025,27,,,,,,,,,,,,,,,,,,,,,,,,,,,,,,,,,,,,,,,,,,,,,,,,
12526278,173,63807,NORMAL,REGULAR,Round 27,LEAGUE,238,Wealdstone,Visita,ALL,15/01/2025,27,2,44%,2.75,,12,3,4,8,290,2,4,3,0,2,1,3,6,9,3,,,1,27,,4,214,25,,32/51 (63%),26/52 (50%),13/24 (54%),38%,3,60/143 (42%),17/56 (30%),24/32 (75%),,2,20,,10,2,3,,,0,,9
12526278,173,63807,NORMAL,REGULAR,Round 27,LEAGUE,238,Wealdstone,Visita,1ST,15/01/2025,27,,,,,,,,,,,,,,,,,,,,,,,,,,,,,,,,,,,,,,,,,,,,,,,,
12526278,173,63807,NORMAL,REGULAR,Round 27,LEAGUE,238,Wealdstone,Visita,2ND,15/01/2025,27,,,,,,,,,,,,,,,,,,,,,,,,,,,,,,,,,,,,,,,,,,,,,,,,
12526259,173,63807,NORMAL,REGULAR,Round 28,LEAGUE,73,York City,Local,ALL,18/01/2025,28,1,70%,0.74,,11,1,9,10,599,4,3,4,0,4,0,2,5,3,8,,,0,10,,0,523,17,,59/89 (66%),29/59 (49%),4/10 (40%),33%,3,27/92 (29%),22/54 (41%),4/7 (57%),,4,8,,8,1,1,,,0,,9
12526259,173,63807,NORMAL,REGULAR,Round 28,LEAGUE,73,York City,Local,1ST,18/01/2025,28,,,,,,,,,,,,,,,,,,,,,,,,,,,,,,,,,,,,,,,,,,,,,,,,
12526259,173,63807,NORMAL,REGULAR,Round 28,LEAGUE,73,York City,Local,2ND,18/01/2025,28,,,,,,,,,,,,,,,,,,,,,,,,,,,,,,,,,,,,,,,,,,,,,,,,
12526259,173,63807,NORMAL,REGULAR,Round 28,LEAGUE,6339,Sutton United,Visita,ALL,18/01/2025,28,2,30%,1.45,,9,3,4,12,201,4,1,4,0,3,0,6,0,8,1,,,3,11,,3,142,16,,22/38 (58%),24/46 (52%),4/7 (57%),37%,4,31/94 (33%),27/59 (46%),8/12 (67%),,4,21,,23,0,3,,,2,,12
12526259,173,63807,NORMAL,REGULAR,Round 28,LEAGUE,6339,Sutton United,Visita,1ST,18/01/2025,28,,,,,,,,,,,,,,,,,,,,,,,,,,,,,,,,,,,,,,,,,,,,,,,,
12526259,173,63807,NORMAL,REGULAR,Round 28,LEAGUE,6339,Sutton United,Visita,2ND,18/01/2025,28,,,,,,,,,,,,,,,,,,,,,,,,,,,,,,,,,,,,,,,,,,,,,,,,
13040377,24029,68371,NORMAL,GROUP,"England National League Cup, Group D",CUP,6339,Sutton United,Local,ALL,21/01/2025,4,2,,,,,,,,,,,2,0,,,,,,,,,,,,,,,,,,,,,,,,,,,,,,,,,,,
13040377,24029,68371,NORMAL,GROUP,"England National League Cup, Group D",CUP,6339,Sutton United,Local,1ST,21/01/2025,4,,,,,,,,,,,,,,,,,,,,,,,,,,,,,,,,,,,,,,,,,,,,,,,,
13040377,24029,68371,NORMAL,GROUP,"England National League Cup, Group D",CUP,6339,Sutton United,Local,2ND,21/01/2025,4,,,,,,,,,,,,,,,,,,,,,,,,,,,,,,,,,,,,,,,,,,,,,,,,
13040377,24029,68371,NORMAL,GROUP,"England National League Cup, Group D",CUP,43510,West Bromwich Albion U21,Visita,ALL,21/01/2025,4,2,,,,,,,,,,,1,0,,,,,,,,,,,,,,,,,,,,,,,,,,,,,,,,,,,
13040377,24029,68371,NORMAL,GROUP,"England National League Cup, Group D",CUP,43510,West Bromwich Albion U21,Visita,1ST,21/01/2025,4,,,,,,,,,,,,,,,,,,,,,,,,,,,,,,,,,,,,,,,,,,,,,,,,
13040377,24029,68371,NORMAL,GROUP,"England National League Cup, Group D",CUP,43510,West Bromwich Albion U21,Visita,2ND,21/01/2025,4,,,,,,,,,,,,,,,,,,,,,,,,,,,,,,,,,,,,,,,,,,,,,,,,
12526252,173,63807,NORMAL,REGULAR,Round 29,LEAGUE,6339,Sutton United,Local,ALL,25/01/2025,29,1,54%,1.28,,9,1,3,15,340,2,3,2,0,2,1,3,3,5,4,,,1,14,,1,259,25,,36/57 (63%),19/42 (45%),2/10 (20%),43%,4,44/118 (37%),41/78 (53%),12/20 (60%),,2,12,,18,2,1,,,,,11
12526252,173,63807,NORMAL,REGULAR,Round 29,LEAGUE,6339,Sutton United,Local,1ST,25/01/2025,29,,,,,,,,,,,,,,,,,,,,,,,,,,,,,,,,,,,,,,,,,,,,,,,,
12526252,173,63807,NORMAL,REGULAR,Round 29,LEAGUE,6339,Sutton United,Local,2ND,25/01/2025,29,,,,,,,,,,,,,,,,,,,,,,,,,,,,,,,,,,,,,,,,,,,,,,,,
12526252,173,63807,NORMAL,REGULAR,Round 29,LEAGUE,6191,Eastleigh,Visita,ALL,25/01/2025,29,0,46%,1.82,,9,1,4,19,267,1,7,4,0,1,0,7,1,6,3,,,0,15,,1,181,26,,25/55 (45%),42/78 (53%),0/11 (0%),31%,9,31/118 (26%),32/79 (41%),8/12 (67%),,1,17,,7,3,1,,,,,8
12526252,173,63807,NORMAL,REGULAR,Round 29,LEAGUE,6191,Eastleigh,Visita,1ST,25/01/2025,29,,,,,,,,,,,,,,,,,,,,,,,,,,,,,,,,,,,,,,,,,,,,,,,,
12526252,173,63807,NORMAL,REGULAR,Round 29,LEAGUE,6191,Eastleigh,Visita,2ND,25/01/2025,29,,,,,,,,,,,,,,,,,,,,,,,,,,,,,,,,,,,,,,,,,,,,,,,,
13040363,24029,68371,NORMAL,GROUP,"England National League Cup, Group D",CUP,6339,Sutton United,Local,ALL,04/02/2025,2,3,,,,,,1,,,,,0,0,3,,3,,,,,,,,,,,,,,,,,,,,,,,,,,,,,,,,
13040363,24029,68371,NORMAL,GROUP,"England National League Cup, Group D",CUP,6339,Sutton United,Local,1ST,04/02/2025,2,,,,,,,,,,,,,,,,,,,,,,,,,,,,,,,,,,,,,,,,,,,,,,,,
13040363,24029,68371,NORMAL,GROUP,"England National League Cup, Group D",CUP,6339,Sutton United,Local,2ND,04/02/2025,2,,,,,,,,,,,,,,,,,,,,,,,,,,,,,,,,,,,,,,,,,,,,,,,,
13040363,24029,68371,NORMAL,GROUP,"England National League Cup, Group D",CUP,324738,Nottingham Forest U21,Visita,ALL,04/02/2025,2,2,,,,,,2,,,,,0,0,2,,3,,,,,,,,,,,,,,,,,,,,,,,,,,,,,,,,
13040363,24029,68371,NORMAL,GROUP,"England National League Cup, Group D",CUP,324738,Nottingham Forest U21,Visita,1ST,04/02/2025,2,,,,,,,,,,,,,,,,,,,,,,,,,,,,,,,,,,,,,,,,,,,,,,,,
13040363,24029,68371,NORMAL,GROUP,"England National League Cup, Group D",CUP,324738,Nottingham Forest U21,Visita,2ND,04/02/2025,2,,,,,,,,,,,,,,,,,,,,,,,,,,,,,,,,,,,,,,,,,,,,,,,,
12526228,173,63807,NORMAL,REGULAR,Round 31,LEAGUE,6339,Sutton United,Local,ALL,08/02/2025,31,1,47%,0.74,,8,6,3,8,279,1,3,1,0,6,0,1,1,5,3,,,0,13,,3,199,22,,26/55 (47%),21/51 (41%),4/16 (25%),36%,7,58/141 (41%),15/59 (25%),15/24 (63%),,1,18,,21,1,6,,,,,6
12526228,173,63807,NORMAL,REGULAR,Round 31,LEAGUE,6339,Sutton United,Local,1ST,08/02/2025,31,,,,,,,,,,,,,,,,,,,,,,,,,,,,,,,,,,,,,,,,,,,,,,,,
12526228,173,63807,NORMAL,REGULAR,Round 31,LEAGUE,6339,Sutton United,Local,2ND,08/02/2025,31,,,,,,,,,,,,,,,,,,,,,,,,,,,,,,,,,,,,,,,,,,,,,,,,
12526228,173,63807,NORMAL,REGULAR,Round 31,LEAGUE,101,Hartlepool United,Visita,ALL,08/02/2025,31,2,53%,2.28,,15,5,10,19,317,1,5,2,0,7,0,3,5,12,3,,,2,19,,3,216,29,,37/66 (56%),31/67 (46%),5/19 (26%),40%,9,40/145 (28%),44/61 (72%),18/25 (72%),,1,16,,15,4,5,,,,,5
12526228,173,63807,NORMAL,REGULAR,Round 31,LEAGUE,101,Hartlepool United,Visita,1ST,08/02/2025,31,,,,,,,,,,,,,,,,,,,,,,,,,,,,,,,,,,,,,,,,,,,,,,,,
12526228,173,63807,NORMAL,REGULAR,Round 31,LEAGUE,101,Hartlepool United,Visita,2ND,08/02/2025,31,,,,,,,,,,,,,,,,,,,,,,,,,,,,,,,,,,,,,,,,,,,,,,,,
12526219,173,63807,NORMAL,REGULAR,Round 32,LEAGUE,65,Oldham Athletic,Local,ALL,15/02/2025,32,0,49%,1.16,,7,4,0,13,362,5,4,2,0,0,0,7,0,6,1,,,2,15,,0,264,33,,39/72 (54%),37/68 (54%),8/19 (42%),38%,10,50/148 (34%),42/91 (46%),9/14 (64%),,5,16,,20,6,4,,,0,,8
12526219,173,63807,NORMAL,REGULAR,Round 32,LEAGUE,65,Oldham Athletic,Local,1ST,15/02/2025,32,,,,,,,,,,,,,,,,,,,,,,,,,,,,,,,,,,,,,,,,,,,,,,,,
12526219,173,63807,NORMAL,REGULAR,Round 32,LEAGUE,65,Oldham Athletic,Local,2ND,15/02/2025,32,,,,,,,,,,,,,,,,,,,,,,,,,,,,,,,,,,,,,,,,,,,,,,,,
12526219,173,63807,NORMAL,REGULAR,Round 32,LEAGUE,6339,Sutton United,Visita,ALL,15/02/2025,32,0,51%,1.43,,11,0,5,20,303,1,3,2,0,4,0,5,2,5,6,,,3,12,,1,214,24,,27/51 (53%),30/60 (50%),3/12 (25%),36%,12,44/139 (32%),40/92 (43%),16/26 (62%),,1,18,,25,3,0,,,2,,12
12526219,173,63807,NORMAL,REGULAR,Round 32,LEAGUE,6339,Sutton United,Visita,1ST,15/02/2025,32,,,,,,,,,,,,,,,,,,,,,,,,,,,,,,,,,,,,,,,,,,,,,,,,
12526219,173,63807,NORMAL,REGULAR,Round 32,LEAGUE,6339,Sutton United,Visita,2ND,15/02/2025,32,,,,,,,,,,,,,,,,,,,,,,,,,,,,,,,,,,,,,,,,,,,,,,,,
12526208,173,63807,NORMAL,REGULAR,Round 33,LEAGUE,157,Gateshead,Local,ALL,18/02/2025,33,4,66%,2.01,,16,3,7,10,544,5,1,1,0,8,0,3,5,9,7,,,3,29,,3,464,24,,50/80 (63%),30/66 (45%),3/17 (17%),38%,18,51/143 (36%),24/51 (47%),22/27 (81%),,5,12,,13,4,3,,,1,,9
12526208,173,63807,NORMAL,REGULAR,Round 33,LEAGUE,157,Gateshead,Local,1ST,18/02/2025,33,,,,,,,,,,,,,,,,,,,,,,,,,,,,,,,,,,,,,,,,,,,,,,,,
12526208,173,63807,NORMAL,REGULAR,Round 33,LEAGUE,157,Gateshead,Local,2ND,18/02/2025,33,,,,,,,,,,,,,,,,,,,,,,,,,,,,,,,,,,,,,,,,,,,,,,,,
12526208,173,63807,NORMAL,REGULAR,Round 33,LEAGUE,6339,Sutton United,Visita,ALL,18/02/2025,33,3,34%,1.28,,11,4,5,12,255,3,3,2,0,6,0,3,2,6,5,,,1,11,,1,184,20,,24/49 (49%),22/51 (43%),1/7 (14%),33%,8,42/146 (29%),23/49 (47%),13/24 (54%),,3,13,,13,2,4,,,0,,7
12526208,173,63807,NORMAL,REGULAR,Round 33,LEAGUE,6339,Sutton United,Visita,1ST,18/02/2025,33,,,,,,,,,,,,,,,,,,,,,,,,,,,,,,,,,,,,,,,,,,,,,,,,
12526208,173,63807,NORMAL,REGULAR,Round 33,LEAGUE,6339,Sutton United,Visita,2ND,18/02/2025,33,,,,,,,,,,,,,,,,,,,,,,,,,,,,,,,,,,,,,,,,,,,,,,,,
12526192,173,63807,NORMAL,REGULAR,Round 34,LEAGUE,6339,Sutton United,Local,ALL,22/02/2025,34,1,61%,0.39,,6,4,9,13,399,2,4,1,1,2,0,3,1,2,4,,,0,20,,1,310,26,,42/60 (70%),36/54 (66%),5/28 (17%),45%,9,51/124 (41%),26/46 (57%),21/29 (72%),,2,6,,18,0,4,,,1,,7
12526192,173,63807,NORMAL,REGULAR,Round 34,LEAGUE,6339,Sutton United,Local,1ST,22/02/2025,34,,,,,,,,,,,,,,,,,,,,,,,,,,,,,,,,,,,,,,,,,,,,,,,,
12526192,173,63807,NORMAL,REGULAR,Round 34,LEAGUE,6339,Sutton United,Local,2ND,22/02/2025,34,,,,,,,,,,,,,,,,,,,,,,,,,,,,,,,,,,,,,,,,,,,,,,,,
12526192,173,63807,NORMAL,REGULAR,Round 34,LEAGUE,182,Braintree Town,Visita,ALL,22/02/2025,34,1,39%,1.85,,9,1,4,15,257,4,3,1,0,5,0,2,2,8,1,,,6,16,,2,186,22,,23/45 (51%),29/51 (56%),7/16 (43%),33%,3,39/117 (33%),15/43 (35%),14/25 (56%),,4,19,,30,1,1,,,0,,7
12526192,173,63807,NORMAL,REGULAR,Round 34,LEAGUE,182,Braintree Town,Visita,1ST,22/02/2025,34,,,,,,,,,,,,,,,,,,,,,,,,,,,,,,,,,,,,,,,,,,,,,,,,
12526192,173,63807,NORMAL,REGULAR,Round 34,LEAGUE,182,Braintree Town,Visita,2ND,22/02/2025,34,,,,,,,,,,,,,,,,,,,,,,,,,,,,,,,,,,,,,,,,,,,,,,,,
13490568,24029,68371,NORMAL,PLAYOFF,Quarterfinals,CUP,6339,Sutton United,Local,ALL,25/02/2025,27,3,55%,,,,,2,,,,8,1,0,3,,1,,,,,,,,,1,,,,,,,,,,,,,,,,,,,,,,,
13490568,24029,68371,NORMAL,PLAYOFF,Quarterfinals,CUP,6339,Sutton United,Local,1ST,25/02/2025,27,,,,,,,,,,,,,,,,,,,,,,,,,,,,,,,,,,,,,,,,,,,,,,,,
13490568,24029,68371,NORMAL,PLAYOFF,Quarterfinals,CUP,6339,Sutton United,Local,2ND,25/02/2025,27,,,,,,,,,,,,,,,,,,,,,,,,,,,,,,,,,,,,,,,,,,,,,,,,
13490568,24029,68371,NORMAL,PLAYOFF,Quarterfinals,CUP,36380,Manchester United U21,Visita,ALL,25/02/2025,27,0,45%,,,,,0,,,,9,2,0,3,,4,,,,,,,,,0,,,,,,,,,,,,,,,,,,,,,,,
13490568,24029,68371,NORMAL,PLAYOFF,Quarterfinals,CUP,36380,Manchester United U21,Visita,1ST,25/02/2025,27,,,,,,,,,,,,,,,,,,,,,,,,,,,,,,,,,,,,,,,,,,,,,,,,
13490568,24029,68371,NORMAL,PLAYOFF,Quarterfinals,CUP,36380,Manchester United U21,Visita,2ND,25/02/2025,27,,,,,,,,,,,,,,,,,,,,,,,,,,,,,,,,,,,,,,,,,,,,,,,,
13424612,628,67771,SPECIAL_EVENT,REGULAR,Round 6,SUPER_CUP,6339,Sutton United,Local,ALL,01/03/2025,6,0,,,,,,,,,,,3,,3,,2,,,,,,,,,,,,,,,,,,,,,,,,,,,,,,,,
13424612,628,67771,SPECIAL_EVENT,REGULAR,Round 6,SUPER_CUP,6339,Sutton United,Local,1ST,01/03/2025,6,,,,,,,,,,,,,,,,,,,,,,,,,,,,,,,,,,,,,,,,,,,,,,,,
13424612,628,67771,SPECIAL_EVENT,REGULAR,Round 6,SUPER_CUP,6339,Sutton United,Local,2ND,01/03/2025,6,,,,,,,,,,,,,,,,,,,,,,,,,,,,,,,,,,,,,,,,,,,,,,,,
13424612,628,67771,SPECIAL_EVENT,REGULAR,Round 6,SUPER_CUP,171,Spennymoor Town,Visita,ALL,01/03/2025,6,2,,,,,,,,,,,1,,4,,5,,,,,,,,,,,,,,,,,,,,,,,,,,,,,,,,
13424612,628,67771,SPECIAL_EVENT,REGULAR,Round 6,SUPER_CUP,171,Spennymoor Town,Visita,1ST,01/03/2025,6,,,,,,,,,,,,,,,,,,,,,,,,,,,,,,,,,,,,,,,,,,,,,,,,
13424612,628,67771,SPECIAL_EVENT,REGULAR,Round 6,SUPER_CUP,171,Spennymoor Town,Visita,2ND,01/03/2025,6,,,,,,,,,,,,,,,,,,,,,,,,,,,,,,,,,,,,,,,,,,,,,,,,
12526167,173,63807,NORMAL,REGULAR,Round 36,LEAGUE,7942,Solihull Moors,Local,ALL,04/03/2025,36,1,31%,0.56,,6,7,2,19,195,3,5,1,0,3,0,2,1,3,3,,,0,5,,0,134,12,,20/45 (44%),28/55 (50%),1/3 (33%),28%,5,24/116 (21%),23/47 (49%),6/7 (86%),,3,12,,26,4,7,,,0,,14
12526167,173,63807,NORMAL,REGULAR,Round 36,LEAGUE,7942,Solihull Moors,Local,1ST,04/03/2025,36,,,,,,,,,,,,,,,,,,,,,,,,,,,,,,,,,,,,,,,,,,,,,,,,
12526167,173,63807,NORMAL,REGULAR,Round 36,LEAGUE,7942,Solihull Moors,Local,2ND,04/03/2025,36,,,,,,,,,,,,,,,,,,,,,,,,,,,,,,,,,,,,,,,,,,,,,,,,
12526167,173,63807,NORMAL,REGULAR,Round 36,LEAGUE,6339,Sutton United,Visita,ALL,04/03/2025,36,1,69%,2.36,,17,2,5,13,474,4,2,2,0,6,0,6,5,9,8,,,0,20,,0,376,36,,46/84 (55%),31/66 (46%),4/19 (21%),46%,1,61/140 (44%),37/69 (54%),28/42 (67%),,4,10,,8,1,2,,,1,,2
12526167,173,63807,NORMAL,REGULAR,Round 36,LEAGUE,6339,Sutton United,Visita,1ST,04/03/2025,36,,,,,,,,,,,,,,,,,,,,,,,,,,,,,,,,,,,,,,,,,,,,,,,,
12526167,173,63807,NORMAL,REGULAR,Round 36,LEAGUE,6339,Sutton United,Visita,2ND,04/03/2025,36,,,,,,,,,,,,,,,,,,,,,,,,,,,,,,,,,,,,,,,,,,,,,,,,
12526151,173,63807,NORMAL,REGULAR,Round 37,LEAGUE,166,Maidenhead United,Local,ALL,08/03/2025,37,0,52%,0.60,,5,1,3,14,292,2,4,1,0,1,0,3,1,3,2,,,0,13,,2,188,31,,38/68 (56%),27/65 (41%),4/22 (18%),38%,8,45/137 (33%),33/65 (51%),17/21 (81%),,2,10,,15,5,1,,,,,7
12526151,173,63807,NORMAL,REGULAR,Round 37,LEAGUE,166,Maidenhead United,Local,1ST,08/03/2025,37,,,,,,,,,,,,,,,,,,,,,,,,,,,,,,,,,,,,,,,,,,,,,,,,
12526151,173,63807,NORMAL,REGULAR,Round 37,LEAGUE,166,Maidenhead United,Local,2ND,08/03/2025,37,,,,,,,,,,,,,,,,,,,,,,,,,,,,,,,,,,,,,,,,,,,,,,,,
12526151,173,63807,NORMAL,REGULAR,Round 37,LEAGUE,6339,Sutton United,Visita,ALL,08/03/2025,37,1,48%,1.58,,10,1,5,15,277,2,1,1,0,2,0,4,4,6,4,,,2,16,,1,187,32,,26/49 (53%),24/59 (40%),6/15 (40%),32%,10,42/152 (28%),29/64 (45%),10/16 (63%),,2,19,,21,0,1,,,,,8
12526151,173,63807,NORMAL,REGULAR,Round 37,LEAGUE,6339,Sutton United,Visita,1ST,08/03/2025,37,,,,,,,,,,,,,,,,,,,,,,,,,,,,,,,,,,,,,,,,,,,,,,,,
12526151,173,63807,NORMAL,REGULAR,Round 37,LEAGUE,6339,Sutton United,Visita,2ND,08/03/2025,37,,,,,,,,,,,,,,,,,,,,,,,,,,,,,,,,,,,,,,,,,,,,,,,,
13364533,173,63807,NORMAL,REGULAR,Round 30,LEAGUE,94,Forest Green Rovers,Local,ALL,11/03/2025,30,2,38%,1.25,,9,2,3,13,317,3,1,2,0,8,0,1,0,5,4,,,1,13,,0,229,15,,25/53 (47%),20/51 (39%),4/8 (50%),32%,5,31/120 (26%),22/43 (51%),8/14 (57%),,3,23,,21,2,2,,,1,,14
13364533,173,63807,NORMAL,REGULAR,Round 30,LEAGUE,94,Forest Green Rovers,Local,1ST,11/03/2025,30,,,,,,,,,,,,,,,,,,,,,,,,,,,,,,,,,,,,,,,,,,,,,,,,
13364533,173,63807,NORMAL,REGULAR,Round 30,LEAGUE,94,Forest Green Rovers,Local,2ND,11/03/2025,30,,,,,,,,,,,,,,,,,,,,,,,,,,,,,,,,,,,,,,,,,,,,,,,,
13364533,173,63807,NORMAL,REGULAR,Round 30,LEAGUE,6339,Sutton United,Visita,ALL,11/03/2025,30,1,62%,0.85,,17,6,4,8,482,8,5,2,0,3,0,5,9,4,13,,,0,19,,0,387,35,,42/58 (72%),27/45 (60%),10/30 (33%),40%,10,52/122 (43%),15/42 (36%),24/27 (89%),,8,12,,11,1,6,,,0,,4
13364533,173,63807,NORMAL,REGULAR,Round 30,LEAGUE,6339,Sutton United,Visita,1ST,11/03/2025,30,,,,,,,,,,,,,,,,,,,,,,,,,,,,,,,,,,,,,,,,,,,,,,,,
13364533,173,63807,NORMAL,REGULAR,Round 30,LEAGUE,6339,Sutton United,Visita,2ND,11/03/2025,30,,,,,,,,,,,,,,,,,,,,,,,,,,,,,,,,,,,,,,,,,,,,,,,,
12526135,173,63807,NORMAL,REGULAR,Round 38,LEAGUE,6339,Sutton United,Local,ALL,15/03/2025,38,0,60%,0.78,,8,3,10,13,403,6,5,0,0,2,0,4,2,3,5,,,0,13,,3,310,42,,33/57 (58%),29/54 (53%),9/22 (40%),35%,10,49/160 (31%),29/62 (47%),22/29 (76%),,6,12,,11,2,3,,,,,9
12526135,173,63807,NORMAL,REGULAR,Round 38,LEAGUE,6339,Sutton United,Local,1ST,15/03/2025,38,,,,,,,,,,,,,,,,,,,,,,,,,,,,,,,,,,,,,,,,,,,,,,,,
12526135,173,63807,NORMAL,REGULAR,Round 38,LEAGUE,6339,Sutton United,Local,2ND,15/03/2025,38,,,,,,,,,,,,,,,,,,,,,,,,,,,,,,,,,,,,,,,,,,,,,,,,
12526135,173,63807,NORMAL,REGULAR,Round 38,LEAGUE,87,FC Halifax Town,Visita,ALL,15/03/2025,38,3,40%,0.69,,9,2,1,16,229,7,2,1,0,5,0,2,2,5,4,,,0,13,,1,142,29,,23/37 (62%),25/50 (50%),7/12 (58%),35%,2,49/162 (30%),31/65 (48%),19/26 (73%),,7,13,,25,2,2,,,,,9
12526135,173,63807,NORMAL,REGULAR,Round 38,LEAGUE,87,FC Halifax Town,Visita,1ST,15/03/2025,38,,,,,,,,,,,,,,,,,,,,,,,,,,,,,,,,,,,,,,,,,,,,,,,,
12526135,173,63807,NORMAL,REGULAR,Round 38,LEAGUE,87,FC Halifax Town,Visita,2ND,15/03/2025,38,,,,,,,,,,,,,,,,,,,,,,,,,,,,,,,,,,,,,,,,,,,,,,,,
13364528,173,63807,NORMAL,REGULAR,Round 26,LEAGUE,38739,AFC Fylde,Local,ALL,18/03/2025,26,1,34%,1.34,,8,4,3,12,242,8,0,2,0,3,0,2,3,5,3,,,1,10,,4,156,28,,23/52 (44%),27/67 (40%),3/10 (30%),51%,6,62/121 (51%),26/50 (52%),4/12 (33%),,8,17,,32,3,4,,,1,,11
13364528,173,63807,NORMAL,REGULAR,Round 26,LEAGUE,38739,AFC Fylde,Local,1ST,18/03/2025,26,,,,,,,,,,,,,,,,,,,,,,,,,,,,,,,,,,,,,,,,,,,,,,,,
13364528,173,63807,NORMAL,REGULAR,Round 26,LEAGUE,38739,AFC Fylde,Local,2ND,18/03/2025,26,,,,,,,,,,,,,,,,,,,,,,,,,,,,,,,,,,,,,,,,,,,,,,,,
13364528,173,63807,NORMAL,REGULAR,Round 26,LEAGUE,6339,Sutton United,Visita,ALL,18/03/2025,26,2,66%,1.92,,11,2,4,6,448,0,4,1,0,6,0,3,2,6,5,,,0,10,,1,356,41,,50/85 (59%),25/54 (46%),4/15 (26%),53%,5,58/102 (57%),22/47 (47%),17/25 (68%),,0,16,,12,2,2,,,0,,7
13364528,173,63807,NORMAL,REGULAR,Round 26,LEAGUE,6339,Sutton United,Visita,1ST,18/03/2025,26,,,,,,,,,,,,,,,,,,,,,,,,,,,,,,,,,,,,,,,,,,,,,,,,
13364528,173,63807,NORMAL,REGULAR,Round 26,LEAGUE,6339,Sutton United,Visita,2ND,18/03/2025,26,,,,,,,,,,,,,,,,,,,,,,,,,,,,,,,,,,,,,,,,,,,,,,,,
12526126,173,63807,NORMAL,REGULAR,Round 39,LEAGUE,6339,Sutton United,Local,ALL,22/03/2025,39,1,54%,0.76,,11,3,9,11,327,1,4,4,0,3,0,3,5,6,5,,,4,15,,3,230,34,,27/58 (47%),29/63 (46%),2/13 (15%),46%,10,35/89 (39%),44/80 (55%),9/10 (90%),,1,4,,17,4,3,,,1,,8
12526126,173,63807,NORMAL,REGULAR,Round 39,LEAGUE,6339,Sutton United,Local,1ST,22/03/2025,39,,,,,,,,,,,,,,,,,,,,,,,,,,,,,,,,,,,,,,,,,,,,,,,,
12526126,173,63807,NORMAL,REGULAR,Round 39,LEAGUE,6339,Sutton United,Local,2ND,22/03/2025,39,,,,,,,,,,,,,,,,,,,,,,,,,,,,,,,,,,,,,,,,,,,,,,,,
12526126,173,63807,NORMAL,REGULAR,Round 39,LEAGUE,121,Dagenham & Redbridge,Visita,ALL,22/03/2025,39,1,46%,1.06,,9,2,7,19,232,2,3,3,0,3,0,0,6,5,4,,,1,7,,2,157,23,,31/56 (55%),28/60 (46%),3/6 (50%),36%,14,35/111 (32%),30/68 (44%),13/16 (81%),,2,6,,29,0,2,,,0,,7
12526126,173,63807,NORMAL,REGULAR,Round 39,LEAGUE,121,Dagenham & Redbridge,Visita,1ST,22/03/2025,39,,,,,,,,,,,,,,,,,,,,,,,,,,,,,,,,,,,,,,,,,,,,,,,,
12526126,173,63807,NORMAL,REGULAR,Round 39,LEAGUE,121,Dagenham & Redbridge,Visita,2ND,22/03/2025,39,,,,,,,,,,,,,,,,,,,,,,,,,,,,,,,,,,,,,,,,,,,,,,,,
12526125,173,63807,NORMAL,REGULAR,Round 40,LEAGUE,124,Boston United,Local,ALL,29/03/2025,40,2,45%,0.58,,8,3,4,12,247,1,1,3,0,3,0,2,3,5,3,,,2,15,,1,163,34,,24/42 (57%),28/58 (48%),6/12 (50%),35%,2,27/105 (26%),40/84 (48%),10/15 (67%),,1,15,,25,7,3,,,0,,13
12526125,173,63807,NORMAL,REGULAR,Round 40,LEAGUE,124,Boston United,Local,1ST,29/03/2025,40,,,,,,,,,,,,,,,,,,,,,,,,,,,,,,,,,,,,,,,,,,,,,,,,
12526125,173,63807,NORMAL,REGULAR,Round 40,LEAGUE,124,Boston United,Local,2ND,29/03/2025,40,,,,,,,,,,,,,,,,,,,,,,,,,,,,,,,,,,,,,,,,,,,,,,,,
12526125,173,63807,NORMAL,REGULAR,Round 40,LEAGUE,6339,Sutton United,Visita,ALL,29/03/2025,40,1,55%,1.78,,13,1,4,8,301,3,4,4,0,4,0,4,5,8,5,,,5,23,,1,201,37,,37/55 (67%),34/61 (55%),3/10 (30%),37%,7,32/105 (30%),40/86 (47%),13/15 (87%),,3,13,,33,2,1,,,1,,10
12526125,173,63807,NORMAL,REGULAR,Round 40,LEAGUE,6339,Sutton United,Visita,1ST,29/03/2025,40,,,,,,,,,,,,,,,,,,,,,,,,,,,,,,,,,,,,,,,,,,,,,,,,
12526125,173,63807,NORMAL,REGULAR,Round 40,LEAGUE,6339,Sutton United,Visita,2ND,29/03/2025,40,,,,,,,,,,,,,,,,,,,,,,,,,,,,,,,,,,,,,,,,,,,,,,,,
13665933,24029,68371,NORMAL,PLAYOFF,Semifinals,CUP,182,Braintree Town,Local,ALL,01/04/2025,28,0,,,,,,5,,,,,1,0,2,,8,,,,,,,,,,,,,,,,,,,,,,,,,,,,,,,,
13665933,24029,68371,NORMAL,PLAYOFF,Semifinals,CUP,182,Braintree Town,Local,1ST,01/04/2025,28,,,,,,,,,,,,,,,,,,,,,,,,,,,,,,,,,,,,,,,,,,,,,,,,
13665933,24029,68371,NORMAL,PLAYOFF,Semifinals,CUP,182,Braintree Town,Local,2ND,01/04/2025,28,,,,,,,,,,,,,,,,,,,,,,,,,,,,,,,,,,,,,,,,,,,,,,,,
13665933,24029,68371,NORMAL,PLAYOFF,Semifinals,CUP,6339,Sutton United,Visita,ALL,01/04/2025,28,0,,,,,,3,,,,,0,0,4,,8,,,,,,,,,,,,,,,,,,,,,,,,,,,,,,,,
13665933,24029,68371,NORMAL,PLAYOFF,Semifinals,CUP,6339,Sutton United,Visita,1ST,01/04/2025,28,,,,,,,,,,,,,,,,,,,,,,,,,,,,,,,,,,,,,,,,,,,,,,,,
13665933,24029,68371,NORMAL,PLAYOFF,Semifinals,CUP,6339,Sutton United,Visita,2ND,01/04/2025,28,,,,,,,,,,,,,,,,,,,,,,,,,,,,,,,,,,,,,,,,,,,,,,,,
12526102,173,63807,NORMAL,REGULAR,Round 41,LEAGUE,6339,Sutton United,Local,ALL,05/04/2025,41,1,42%,0.96,,7,2,8,5,281,3,4,1,0,3,1,2,1,4,3,,,3,7,,1,206,30,,20/48 (42%),20/56 (35%),2/3 (66%),36%,7,29/83 (35%),17/44 (39%),8/10 (80%),,3,11,,23,2,2,,,,,4
12526102,173,63807,NORMAL,REGULAR,Round 41,LEAGUE,6339,Sutton United,Local,1ST,05/04/2025,41,,,,,,,,,,,,,,,,,,,,,,,,,,,,,,,,,,,,,,,,,,,,,,,,
12526102,173,63807,NORMAL,REGULAR,Round 41,LEAGUE,6339,Sutton United,Local,2ND,05/04/2025,41,,,,,,,,,,,,,,,,,,,,,,,,,,,,,,,,,,,,,,,,,,,,,,,,
12526102,173,63807,NORMAL,REGULAR,Round 41,LEAGUE,99,Southend United,Visita,ALL,05/04/2025,41,1,58%,1.11,,7,3,2,8,419,1,1,2,0,3,1,2,1,7,0,,,0,21,,3,337,29,,25/54 (46%),30/64 (46%),6/21 (28%),45%,8,34/99 (34%),36/55 (65%),11/12 (92%),,1,14,,29,2,3,,,,,8
12526102,173,63807,NORMAL,REGULAR,Round 41,LEAGUE,99,Southend United,Visita,1ST,05/04/2025,41,,,,,,,,,,,,,,,,,,,,,,,,,,,,,,,,,,,,,,,,,,,,,,,,
12526102,173,63807,NORMAL,REGULAR,Round 41,LEAGUE,99,Southend United,Visita,2ND,05/04/2025,41,,,,,,,,,,,,,,,,,,,,,,,,,,,,,,,,,,,,,,,,,,,,,,,,
13437807,173,63807,NORMAL,REGULAR,Round 35,LEAGUE,6339,Sutton United,Local,ALL,08/04/2025,35,1,49%,0.35,,5,2,3,12,357,2,0,0,0,1,0,2,2,3,2,,,0,7,,4,262,21,,25/55 (45%),27/70 (38%),5/16 (31%),40%,1,35/90 (39%),18/40 (45%),8/12 (67%),,2,9,,14,4,2,,,1,,10
13437807,173,63807,NORMAL,REGULAR,Round 35,LEAGUE,6339,Sutton United,Local,1ST,08/04/2025,35,,,,,,,,,,,,,,,,,,,,,,,,,,,,,,,,,,,,,,,,,,,,,,,,
13437807,173,63807,NORMAL,REGULAR,Round 35,LEAGUE,6339,Sutton United,Local,2ND,08/04/2025,35,,,,,,,,,,,,,,,,,,,,,,,,,,,,,,,,,,,,,,,,,,,,,,,,
13437807,173,63807,NORMAL,REGULAR,Round 35,LEAGUE,103,Rochdale,Visita,ALL,08/04/2025,35,0,51%,0.67,,9,1,3,10,395,0,3,0,0,2,0,4,3,6,3,,,0,18,,3,319,26,,35/64 (55%),36/66 (54%),2/6 (33%),32%,14,25/97 (26%),19/39 (49%),10/11 (91%),,0,17,,10,0,1,,,0,,11
13437807,173,63807,NORMAL,REGULAR,Round 35,LEAGUE,103,Rochdale,Visita,1ST,08/04/2025,35,,,,,,,,,,,,,,,,,,,,,,,,,,,,,,,,,,,,,,,,,,,,,,,,
13437807,173,63807,NORMAL,REGULAR,Round 35,LEAGUE,103,Rochdale,Visita,2ND,08/04/2025,35,,,,,,,,,,,,,,,,,,,,,,,,,,,,,,,,,,,,,,,,,,,,,,,,
12526097,173,63807,NORMAL,REGULAR,Round 42,LEAGUE,114,Ebbsfleet United,Local,ALL,12/04/2025,42,4,52%,2.29,,11,2,0,7,385,0,1,0,0,6,0,2,3,9,2,,,0,19,,1,302,24,,28/60 (47%),22/58 (37%),6/11 (54%),35%,9,41/113 (36%),18/51 (35%),13/14 (93%),,0,17,,4,2,2,,,,,14
12526097,173,63807,NORMAL,REGULAR,Round 42,LEAGUE,114,Ebbsfleet United,Local,1ST,12/04/2025,42,,,,,,,,,,,,,,,,,,,,,,,,,,,,,,,,,,,,,,,,,,,,,,,,
12526097,173,63807,NORMAL,REGULAR,Round 42,LEAGUE,114,Ebbsfleet United,Local,2ND,12/04/2025,42,,,,,,,,,,,,,,,,,,,,,,,,,,,,,,,,,,,,,,,,,,,,,,,,
12526097,173,63807,NORMAL,REGULAR,Round 42,LEAGUE,6339,Sutton United,Visita,ALL,12/04/2025,42,1,48%,0.74,,9,2,6,12,343,1,1,2,0,3,0,4,2,5,4,,,1,14,,1,256,21,,28/49 (57%),22/44 (50%),2/12 (16%),36%,8,37/110 (34%),21/48 (44%),17/19 (89%),,1,13,,14,2,2,,,,,10
12526097,173,63807,NORMAL,REGULAR,Round 42,LEAGUE,6339,Sutton United,Visita,1ST,12/04/2025,42,,,,,,,,,,,,,,,,,,,,,,,,,,,,,,,,,,,,,,,,,,,,,,,,
12526097,173,63807,NORMAL,REGULAR,Round 42,LEAGUE,6339,Sutton United,Visita,2ND,12/04/2025,42,,,,,,,,,,,,,,,,,,,,,,,,,,,,,,,,,,,,,,,,,,,,,,,,
12526096,173,63807,NORMAL,REGULAR,Round 43,LEAGUE,75,Aldershot Town,Local,ALL,18/04/2025,43,1,53%,1.67,,11,1,2,11,329,2,4,3,0,3,0,5,3,7,4,,,5,16,,2,243,25,,36/58 (62%),41/70 (58%),4/12 (33%),32%,2,29/93 (31%),17/49 (35%),12/16 (75%),,2,15,,13,4,1,,,1,,10
12526096,173,63807,NORMAL,REGULAR,Round 43,LEAGUE,75,Aldershot Town,Local,1ST,18/04/2025,43,,,,,,,,,,,,,,,,,,,,,,,,,,,,,,,,,,,,,,,,,,,,,,,,
12526096,173,63807,NORMAL,REGULAR,Round 43,LEAGUE,75,Aldershot Town,Local,2ND,18/04/2025,43,,,,,,,,,,,,,,,,,,,,,,,,,,,,,,,,,,,,,,,,,,,,,,,,
12526096,173,63807,NORMAL,REGULAR,Round 43,LEAGUE,6339,Sutton United,Visita,ALL,18/04/2025,43,1,47%,0.70,,12,2,7,15,247,5,6,3,0,2,0,5,5,4,8,,,1,13,,2,171,18,,29/53 (55%),15/37 (40%),3/12 (25%),34%,6,35/111 (32%),22/52 (42%),12/15 (80%),,5,18,,13,1,2,,,0,,17
12526096,173,63807,NORMAL,REGULAR,Round 43,LEAGUE,6339,Sutton United,Visita,1ST,18/04/2025,43,,,,,,,,,,,,,,,,,,,,,,,,,,,,,,,,,,,,,,,,,,,,,,,,
12526096,173,63807,NORMAL,REGULAR,Round 43,LEAGUE,6339,Sutton United,Visita,2ND,18/04/2025,43,,,,,,,,,,,,,,,,,,,,,,,,,,,,,,,,,,,,,,,,,,,,,,,,
12526082,173,63807,NORMAL,REGULAR,Round 44,LEAGUE,6339,Sutton United,Local,ALL,21/04/2025,44,1,49%,0.83,,7,1,5,11,274,5,3,1,1,2,0,2,3,2,5,,,2,5,,2,201,30,,25/48 (52%),25/57 (43%),1/5 (20%),35%,6,42/136 (31%),32/74 (43%),17/30 (57%),,5,10,,14,1,1,,,,,13
12526082,173,63807,NORMAL,REGULAR,Round 44,LEAGUE,6339,Sutton United,Local,1ST,21/04/2025,44,,,,,,,,,,,,,,,,,,,,,,,,,,,,,,,,,,,,,,,,,,,,,,,,
12526082,173,63807,NORMAL,REGULAR,Round 44,LEAGUE,6339,Sutton United,Local,2ND,21/04/2025,44,,,,,,,,,,,,,,,,,,,,,,,,,,,,,,,,,,,,,,,,,,,,,,,,
12526082,173,63807,NORMAL,REGULAR,Round 44,LEAGUE,77,Barnet,Visita,ALL,21/04/2025,44,3,51%,2.10,,9,1,4,13,256,2,2,5,0,4,0,3,2,9,0,,,5,24,,2,183,30,,21/43 (49%),24/48 (50%),6/14 (42%),46%,3,49/117 (42%),35/63 (56%),12/15 (80%),,2,13,,22,1,1,,,,,11
12526082,173,63807,NORMAL,REGULAR,Round 44,LEAGUE,77,Barnet,Visita,1ST,21/04/2025,44,,,,,,,,,,,,,,,,,,,,,,,,,,,,,,,,,,,,,,,,,,,,,,,,
12526082,173,63807,NORMAL,REGULAR,Round 44,LEAGUE,77,Barnet,Visita,2ND,21/04/2025,44,,,,,,,,,,,,,,,,,,,,,,,,,,,,,,,,,,,,,,,,,,,,,,,,
12526061,173,63807,NORMAL,REGULAR,Round 45,LEAGUE,131,Yeovil Town,Local,ALL,26/04/2025,45,1,44%,0.87,,7,3,3,15,272,8,0,3,0,3,1,0,3,5,2,,,1,9,,5,176,32,,20/44 (45%),25/53 (47%),4/8 (50%),34%,4,36/120 (30%),26/59 (44%),11/14 (79%),,8,9,,14,3,3,,,,,12
12526061,173,63807,NORMAL,REGULAR,Round 45,LEAGUE,131,Yeovil Town,Local,1ST,26/04/2025,45,,,,,,,,,,,,,,,,,,,,,,,,,,,,,,,,,,,,,,,,,,,,,,,,
12526061,173,63807,NORMAL,REGULAR,Round 45,LEAGUE,131,Yeovil Town,Local,2ND,26/04/2025,45,,,,,,,,,,,,,,,,,,,,,,,,,,,,,,,,,,,,,,,,,,,,,,,,
12526061,173,63807,NORMAL,REGULAR,Round 45,LEAGUE,6339,Sutton United,Visita,ALL,26/04/2025,45,2,56%,0.87,,11,3,5,10,328,3,5,1,0,5,0,2,4,5,6,,,2,14,,0,258,25,,39/68 (57%),26/46 (56%),2/11 (18%),41%,11,56/149 (38%),30/60 (50%),14/20 (70%),,3,11,,30,0,3,,,,,4
12526061,173,63807,NORMAL,REGULAR,Round 45,LEAGUE,6339,Sutton United,Visita,1ST,26/04/2025,45,,,,,,,,,,,,,,,,,,,,,,,,,,,,,,,,,,,,,,,,,,,,,,,,
12526061,173,63807,NORMAL,REGULAR,Round 45,LEAGUE,6339,Sutton United,Visita,2ND,26/04/2025,45,,,,,,,,,,,,,,,,,,,,,,,,,,,,,,,,,,,,,,,,,,,,,,,,
13764820,24029,68371,NORMAL,FINAL,Final,CUP,6339,Sutton United,Local,ALL,29/04/2025,29,1,64%,,,,,13,15,,,6,2,0,6,,8,,,,,,,,,0,,,,,,,,,,,,,,,,,,,,,,,
13764820,24029,68371,NORMAL,FINAL,Final,CUP,6339,Sutton United,Local,1ST,29/04/2025,29,,,,,,,,,,,,,,,,,,,,,,,,,,,,,,,,,,,,,,,,,,,,,,,,
13764820,24029,68371,NORMAL,FINAL,Final,CUP,6339,Sutton United,Local,2ND,29/04/2025,29,,,,,,,,,,,,,,,,,,,,,,,,,,,,,,,,,,,,,,,,,,,,,,,,
13764820,24029,68371,NORMAL,FINAL,Final,CUP,202954,Leeds United U21,Visita,ALL,29/04/2025,29,2,36%,,,,,8,6,,,15,3,0,4,,8,,,,,,,,,2,,,,,,,,,,,,,,,,,,,,,,,
13764820,24029,68371,NORMAL,FINAL,Final,CUP,202954,Leeds United U21,Visita,1ST,29/04/2025,29,,,,,,,,,,,,,,,,,,,,,,,,,,,,,,,,,,,,,,,,,,,,,,,,
13764820,24029,68371,NORMAL,FINAL,Final,CUP,202954,Leeds United U21,Visita,2ND,29/04/2025,29,,,,,,,,,,,,,,,,,,,,,,,,,,,,,,,,,,,,,,,,,,,,,,,,
12526051,173,63807,NORMAL,REGULAR,Round 46,LEAGUE,6339,Sutton United,Local,ALL,05/05/2025,46,1,48%,2.17,,16,3,7,14,333,5,3,3,0,6,1,7,2,9,7,,,2,17,,4,259,25,,28/49 (57%),14/38 (36%),4/15 (26%),30%,7,28/116 (24%),22/47 (47%),3/7 (43%),,5,14,,11,2,3,,,,,13
12526051,173,63807,NORMAL,REGULAR,Round 46,LEAGUE,6339,Sutton United,Local,1ST,05/05/2025,46,,,,,,,,,,,,,,,,,,,,,,,,,,,,,,,,,,,,,,,,,,,,,,,,
12526051,173,63807,NORMAL,REGULAR,Round 46,LEAGUE,6339,Sutton United,Local,2ND,05/05/2025,46,,,,,,,,,,,,,,,,,,,,,,,,,,,,,,,,,,,,,,,,,,,,,,,,
12526051,173,63807,NORMAL,REGULAR,Round 46,LEAGUE,128,Woking,Visita,ALL,05/05/2025,46,1,52%,1.48,,12,5,4,14,323,7,1,3,0,4,0,4,4,10,2,,,2,25,,3,265,27,,16/26 (62%),27/42 (64%),5/14 (35%),42%,4,53/122 (43%),17/42 (40%),17/24 (71%),,7,10,,20,4,5,,,,,17
12526051,173,63807,NORMAL,REGULAR,Round 46,LEAGUE,128,Woking,Visita,1ST,05/05/2025,46,,,,,,,,,,,,,,,,,,,,,,,,,,,,,,,,,,,,,,,,,,,,,,,,
12526051,173,63807,NORMAL,REGULAR,Round 46,LEAGUE,128,Woking,Visita,2ND,05/05/2025,46,,,,,,,,,,,,,,,,,,,,,,,,,,,,,,,,,,,,,,,,,,,,,,,,
14159935,173,78229,NORMAL,REGULAR,Round 1,LEAGUE,73,York City,Local,ALL,09/08/2025,1,2,68%,3.14,,20,2,6,10,547,3,3,1,0,5,1,7,7,10,10,,,1,21,,2,473,24,,54/76 (71%),33/59 (55%),4/18 (22%),54%,2,31/63 (49%),38/64 (59%),19/21 (90%),,3,10,,24,2,2,,,,,5
14159935,173,78229,NORMAL,REGULAR,Round 1,LEAGUE,73,York City,Local,1ST,09/08/2025,1,,,,,,,,,,,,,,,,,,,,,,,,,,,,,,,,,,,,,,,,,,,,,,,,
14159935,173,78229,NORMAL,REGULAR,Round 1,LEAGUE,73,York City,Local,2ND,09/08/2025,1,,,,,,,,,,,,,,,,,,,,,,,,,,,,,,,,,,,,,,,,,,,,,,,,
14159935,173,78229,NORMAL,REGULAR,Round 1,LEAGUE,6339,Sutton United,Visita,ALL,09/08/2025,1,2,32%,1.12,,6,3,4,13,238,2,1,1,0,4,0,1,1,4,2,,,2,14,,1,174,17,,20/41 (49%),29/57 (50%),3/9 (33%),26%,3,22/86 (26%),16/55 (29%),4/6 (67%),,2,12,,15,1,3,,,,,10
14159935,173,78229,NORMAL,REGULAR,Round 1,LEAGUE,6339,Sutton United,Visita,1ST,09/08/2025,1,,,,,,,,,,,,,,,,,,,,,,,,,,,,,,,,,,,,,,,,,,,,,,,,
14159935,173,78229,NORMAL,REGULAR,Round 1,LEAGUE,6339,Sutton United,Visita,2ND,09/08/2025,1,,,,,,,,,,,,,,,,,,,,,,,,,,,,,,,,,,,,,,,,,,,,,,,,
14394505,24029,80114,NORMAL,GROUP,"National League Cup, Group C",CUP,6339,Sutton United,Local,ALL,12/08/2025,1,0,51%,,,,,7,8,,,9,0,0,0,,10,,,,,,,,,2,,,,,,,,,,,,,,,,,,,,,,,
14394505,24029,80114,NORMAL,GROUP,"National League Cup, Group C",CUP,6339,Sutton United,Local,1ST,12/08/2025,1,,,,,,,,,,,,,,,,,,,,,,,,,,,,,,,,,,,,,,,,,,,,,,,,
14394505,24029,80114,NORMAL,GROUP,"National League Cup, Group C",CUP,6339,Sutton United,Local,2ND,12/08/2025,1,,,,,,,,,,,,,,,,,,,,,,,,,,,,,,,,,,,,,,,,,,,,,,,,
14394505,24029,80114,NORMAL,GROUP,"National League Cup, Group C",CUP,36548,Fulham U21,Visita,ALL,12/08/2025,1,7,49%,,,,,1,9,,,8,1,0,8,,6,,,,,,,,,3,,,,,,,,,,,,,,,,,,,,,,,
14394505,24029,80114,NORMAL,GROUP,"National League Cup, Group C",CUP,36548,Fulham U21,Visita,1ST,12/08/2025,1,,,,,,,,,,,,,,,,,,,,,,,,,,,,,,,,,,,,,,,,,,,,,,,,
14394505,24029,80114,NORMAL,GROUP,"National League Cup, Group C",CUP,36548,Fulham U21,Visita,2ND,12/08/2025,1,,,,,,,,,,,,,,,,,,,,,,,,,,,,,,,,,,,,,,,,,,,,,,,,
14159948,173,78229,NORMAL,REGULAR,Round 2,LEAGUE,6339,Sutton United,Local,ALL,16/08/2025,2,0,58%,0.97,,13,0,11,8,332,2,3,3,0,2,1,6,4,7,6,,,0,26,,2,242,28,,32/56 (57%),37/63 (58%),9/24 (37%),45%,4,36/81 (44%),48/105 (46%),21/26 (81%),,2,20,,22,2,0,,,3,,7
14159948,173,78229,NORMAL,REGULAR,Round 2,LEAGUE,6339,Sutton United,Local,1ST,16/08/2025,2,,,,,,,,,,,,,,,,,,,,,,,,,,,,,,,,,,,,,,,,,,,,,,,,
14159948,173,78229,NORMAL,REGULAR,Round 2,LEAGUE,6339,Sutton United,Local,2ND,16/08/2025,2,,,,,,,,,,,,,,,,,,,,,,,,,,,,,,,,,,,,,,,,,,,,,,,,
14159948,173,78229,NORMAL,REGULAR,Round 2,LEAGUE,7942,Solihull Moors,Visita,ALL,16/08/2025,2,0,42%,0.80,,9,3,5,11,244,1,2,3,0,0,0,3,6,5,4,,,1,11,,1,144,23,,27/58 (47%),27/60 (45%),1/10 (10%),39%,1,19/78 (24%),51/101 (50%),7/9 (78%),,1,11,,34,5,3,,,4,,12
14159948,173,78229,NORMAL,REGULAR,Round 2,LEAGUE,7942,Solihull Moors,Visita,1ST,16/08/2025,2,,,,,,,,,,,,,,,,,,,,,,,,,,,,,,,,,,,,,,,,,,,,,,,,
14159948,173,78229,NORMAL,REGULAR,Round 2,LEAGUE,7942,Solihull Moors,Visita,2ND,16/08/2025,2,,,,,,,,,,,,,,,,,,,,,,,,,,,,,,,,,,,,,,,,,,,,,,,,
14159955,173,78229,NORMAL,REGULAR,Round 3,LEAGUE,94,Forest Green Rovers,Local,ALL,20/08/2025,3,4,53%,3.08,,18,4,3,14,372,2,2,1,0,7,0,8,3,11,7,,,3,22,,3,277,24,,23/56 (41%),26/49 (53%),5/14 (35%),40%,10,40/101 (40%),18/43 (42%),8/14 (57%),,2,18,,19,0,4,,,1,,7
14159955,173,78229,NORMAL,REGULAR,Round 3,LEAGUE,94,Forest Green Rovers,Local,1ST,20/08/2025,3,,,,,,,,,,,,,,,,,,,,,,,,,,,,,,,,,,,,,,,,,,,,,,,,
14159955,173,78229,NORMAL,REGULAR,Round 3,LEAGUE,94,Forest Green Rovers,Local,2ND,20/08/2025,3,,,,,,,,,,,,,,,,,,,,,,,,,,,,,,,,,,,,,,,,,,,,,,,,
14159955,173,78229,NORMAL,REGULAR,Round 3,LEAGUE,6339,Sutton United,Visita,ALL,20/08/2025,3,0,47%,0.47,,5,3,1,18,390,4,3,3,0,3,0,1,1,4,1,,,1,7,,1,297,18,,28/50 (56%),25/62 (40%),3/11 (27%),38%,1,31/102 (30%),25/42 (60%),6/8 (75%),,4,15,,15,3,3,,,0,,12
14159955,173,78229,NORMAL,REGULAR,Round 3,LEAGUE,6339,Sutton United,Visita,1ST,20/08/2025,3,,,,,,,,,,,,,,,,,,,,,,,,,,,,,,,,,,,,,,,,,,,,,,,,
14159955,173,78229,NORMAL,REGULAR,Round 3,LEAGUE,6339,Sutton United,Visita,2ND,20/08/2025,3,,,,,,,,,,,,,,,,,,,,,,,,,,,,,,,,,,,,,,,,,,,,,,,,
14159969,173,78229,NORMAL,REGULAR,Round 4,LEAGUE,6339,Sutton United,Local,ALL,23/08/2025,4,2,52%,1.69,,13,4,5,12,357,3,3,1,1,5,0,6,2,5,8,,,0,21,,1,264,30,,25/45 (56%),32/62 (51%),6/15 (40%),34%,1,23/70 (33%),28/77 (36%),10/12 (83%),,3,10,,35,5,4,,,0,,10
14159969,173,78229,NORMAL,REGULAR,Round 4,LEAGUE,6339,Sutton United,Local,1ST,23/08/2025,4,,,,,,,,,,,,,,,,,,,,,,,,,,,,,,,,,,,,,,,,,,,,,,,,
14159969,173,78229,NORMAL,REGULAR,Round 4,LEAGUE,6339,Sutton United,Local,2ND,23/08/2025,4,,,,,,,,,,,,,,,,,,,,,,,,,,,,,,,,,,,,,,,,,,,,,,,,
14159969,173,78229,NORMAL,REGULAR,Round 4,LEAGUE,85,Scunthorpe United,Visita,ALL,23/08/2025,4,3,48%,2.11,,16,3,6,11,286,1,5,2,0,7,0,6,3,8,8,,,1,26,,2,192,28,,31/57 (54%),34/60 (56%),4/15 (26%),38%,7,20/72 (28%),45/98 (46%),18/24 (75%),,1,13,,15,3,3,,,1,,12
14159969,173,78229,NORMAL,REGULAR,Round 4,LEAGUE,85,Scunthorpe United,Visita,1ST,23/08/2025,4,,,,,,,,,,,,,,,,,,,,,,,,,,,,,,,,,,,,,,,,,,,,,,,,
14159969,173,78229,NORMAL,REGULAR,Round 4,LEAGUE,85,Scunthorpe United,Visita,2ND,23/08/2025,4,,,,,,,,,,,,,,,,,,,,,,,,,,,,,,,,,,,,,,,,,,,,,,,,
14159979,173,78229,NORMAL,REGULAR,Round 5,LEAGUE,103,Rochdale,Local,ALL,25/08/2025,5,1,61%,1.40,,11,3,6,12,447,0,0,1,0,2,0,6,3,9,2,,,0,27,,1,367,20,,41/63 (65%),19/50 (38%),8/19 (42%),42%,3,29/82 (35%),23/40 (57%),12/16 (75%),,0,13,,32,2,3,,,0,,6
14159979,173,78229,NORMAL,REGULAR,Round 5,LEAGUE,103,Rochdale,Local,1ST,25/08/2025,5,,,,,,,,,,,,,,,,,,,,,,,,,,,,,,,,,,,,,,,,,,,,,,,,
14159979,173,78229,NORMAL,REGULAR,Round 5,LEAGUE,103,Rochdale,Local,2ND,25/08/2025,5,,,,,,,,,,,,,,,,,,,,,,,,,,,,,,,,,,,,,,,,,,,,,,,,
14159979,173,78229,NORMAL,REGULAR,Round 5,LEAGUE,6339,Sutton United,Visita,ALL,25/08/2025,5,0,39%,0.68,,13,1,3,6,309,6,5,0,0,3,0,3,7,3,10,,,0,13,,3,229,25,,32/66 (48%),26/60 (43%),5/16 (31%),31%,4,22/81 (27%),16/40 (40%),9/15 (60%),,6,15,,12,2,1,,,1,,8
14159979,173,78229,NORMAL,REGULAR,Round 5,LEAGUE,6339,Sutton United,Visita,1ST,25/08/2025,5,,,,,,,,,,,,,,,,,,,,,,,,,,,,,,,,,,,,,,,,,,,,,,,,
14159979,173,78229,NORMAL,REGULAR,Round 5,LEAGUE,6339,Sutton United,Visita,2ND,25/08/2025,5,,,,,,,,,,,,,,,,,,,,,,,,,,,,,,,,,,,,,,,,,,,,,,,,
14159992,173,78229,NORMAL,REGULAR,Round 6,LEAGUE,6339,Sutton United,Local,ALL,30/08/2025,6,2,36%,1.68,,8,7,6,13,244,5,3,0,0,6,0,2,0,7,1,,,1,20,,4,125,32,,17/54 (31%),19/67 (28%),7/20 (35%),33%,6,27/96 (28%),28/68 (41%),7/15 (47%),,5,32,,26,4,7,,,1,,9
14159992,173,78229,NORMAL,REGULAR,Round 6,LEAGUE,6339,Sutton United,Local,1ST,30/08/2025,6,,,,,,,,,,,,,,,,,,,,,,,,,,,,,,,,,,,,,,,,,,,,,,,,
14159992,173,78229,NORMAL,REGULAR,Round 6,LEAGUE,6339,Sutton United,Local,2ND,30/08/2025,6,,,,,,,,,,,,,,,,,,,,,,,,,,,,,,,,,,,,,,,,,,,,,,,,
14159992,173,78229,NORMAL,REGULAR,Round 6,LEAGUE,78,Carlisle United,Visita,ALL,30/08/2025,6,1,64%,2.81,,22,4,4,11,443,1,3,1,0,8,0,10,4,13,9,,,3,35,,2,320,33,,29/65 (45%),33/78 (42%),12/23 (52%),50%,2,48/96 (50%),37/72 (51%),23/30 (77%),,1,15,,28,1,4,,,1,,6
14159992,173,78229,NORMAL,REGULAR,Round 6,LEAGUE,78,Carlisle United,Visita,1ST,30/08/2025,6,,,,,,,,,,,,,,,,,,,,,,,,,,,,,,,,,,,,,,,,,,,,,,,,
14159992,173,78229,NORMAL,REGULAR,Round 6,LEAGUE,78,Carlisle United,Visita,2ND,30/08/2025,6,,,,,,,,,,,,,,,,,,,,,,,,,,,,,,,,,,,,,,,,,,,,,,,,
14160003,173,78229,NORMAL,REGULAR,Round 7,LEAGUE,6339,Sutton United,Local,ALL,03/09/2025,7,3,33%,0.98,,12,1,4,13,301,5,5,2,0,5,0,5,2,3,9,,,1,10,,0,202,10,,35/68 (51%),23/55 (41%),4/16 (25%),31%,7,40/125 (32%),10/36 (28%),12/17 (71%),,5,17,,19,3,1,,,,,8
14160003,173,78229,NORMAL,REGULAR,Round 7,LEAGUE,6339,Sutton United,Local,1ST,03/09/2025,7,,,,,,,,,,,,,,,,,,,,,,,,,,,,,,,,,,,,,,,,,,,,,,,,
14160003,173,78229,NORMAL,REGULAR,Round 7,LEAGUE,6339,Sutton United,Local,2ND,03/09/2025,7,,,,,,,,,,,,,,,,,,,,,,,,,,,,,,,,,,,,,,,,,,,,,,,,
14160003,173,78229,NORMAL,REGULAR,Round 7,LEAGUE,36467,Boreham Wood,Visita,ALL,03/09/2025,7,4,67%,1.69,,11,2,5,10,514,0,1,2,0,5,1,2,3,9,2,,,1,23,,4,395,29,,31/66 (47%),24/70 (34%),2/14 (14%),52%,6,42/93 (45%),25/34 (74%),19/26 (73%),,0,14,,10,1,2,,,,,10
14160003,173,78229,NORMAL,REGULAR,Round 7,LEAGUE,36467,Boreham Wood,Visita,1ST,03/09/2025,7,,,,,,,,,,,,,,,,,,,,,,,,,,,,,,,,,,,,,,,,,,,,,,,,
14160003,173,78229,NORMAL,REGULAR,Round 7,LEAGUE,36467,Boreham Wood,Visita,2ND,03/09/2025,7,,,,,,,,,,,,,,,,,,,,,,,,,,,,,,,,,,,,,,,,,,,,,,,,
14160012,173,78229,NORMAL,REGULAR,Round 8,LEAGUE,110,Altrincham FC,Local,ALL,06/09/2025,8,2,60%,2.08,,13,3,6,12,473,7,3,0,0,7,0,0,6,10,3,,,1,27,,3,381,19,,38/62 (61%),31/62 (50%),10/26 (38%),39%,6,32/87 (37%),25/58 (43%),19/26 (73%),,7,22,,19,2,3,,,1,,8
14160012,173,78229,NORMAL,REGULAR,Round 8,LEAGUE,110,Altrincham FC,Local,1ST,06/09/2025,8,,,,,,,,,,,,,,,,,,,,,,,,,,,,,,,,,,,,,,,,,,,,,,,,
14160012,173,78229,NORMAL,REGULAR,Round 8,LEAGUE,110,Altrincham FC,Local,2ND,06/09/2025,8,,,,,,,,,,,,,,,,,,,,,,,,,,,,,,,,,,,,,,,,,,,,,,,,
14160012,173,78229,NORMAL,REGULAR,Round 8,LEAGUE,6339,Sutton United,Visita,ALL,06/09/2025,8,1,40%,0.99,,8,5,4,14,286,9,7,6,0,4,0,3,1,6,2,,,1,19,,1,214,13,,26/57 (46%),30/60 (50%),7/15 (46%),36%,4,30/87 (34%),23/59 (39%),9/12 (75%),,9,25,,27,0,5,,,1,,5
14160012,173,78229,NORMAL,REGULAR,Round 8,LEAGUE,6339,Sutton United,Visita,1ST,06/09/2025,8,,,,,,,,,,,,,,,,,,,,,,,,,,,,,,,,,,,,,,,,,,,,,,,,
14160012,173,78229,NORMAL,REGULAR,Round 8,LEAGUE,6339,Sutton United,Visita,2ND,06/09/2025,8,,,,,,,,,,,,,,,,,,,,,,,,,,,,,,,,,,,,,,,,,,,,,,,,
14391196,173,78229,NORMAL,REGULAR,Round 9,LEAGUE,6339,Sutton United,Local,ALL,13/09/2025,9,2,63%,1.62,,14,2,8,8,426,6,7,2,0,5,0,2,7,5,9,,,1,25,,1,336,34,,40/59 (68%),26/54 (48%),9/26 (34%),42%,7,41/100 (41%),29/63 (46%),18/20 (90%),,6,13,,10,1,2,,,1,,8
14391196,173,78229,NORMAL,REGULAR,Round 9,LEAGUE,6339,Sutton United,Local,1ST,13/09/2025,9,,,,,,,,,,,,,,,,,,,,,,,,,,,,,,,,,,,,,,,,,,,,,,,,
14391196,173,78229,NORMAL,REGULAR,Round 9,LEAGUE,6339,Sutton United,Local,2ND,13/09/2025,9,,,,,,,,,,,,,,,,,,,,,,,,,,,,,,,,,,,,,,,,,,,,,,,,
14391196,173,78229,NORMAL,REGULAR,Round 9,LEAGUE,102,Tamworth,Visita,ALL,13/09/2025,9,3,37%,1.36,,8,3,3,16,200,3,4,3,0,5,0,2,1,7,1,,,0,11,,1,128,21,,14/41 (34%),19/48 (39%),2/5 (40%),32%,8,21/91 (23%),29/62 (47%),3/6 (50%),,3,19,,31,3,3,,,0,,14
14391196,173,78229,NORMAL,REGULAR,Round 9,LEAGUE,102,Tamworth,Visita,1ST,13/09/2025,9,,,,,,,,,,,,,,,,,,,,,,,,,,,,,,,,,,,,,,,,,,,,,,,,
14391196,173,78229,NORMAL,REGULAR,Round 9,LEAGUE,102,Tamworth,Visita,2ND,13/09/2025,9,,,,,,,,,,,,,,,,,,,,,,,,,,,,,,,,,,,,,,,,,,,,,,,,
14395211,24029,80114,NORMAL,GROUP,"National League Cup, Group C",CUP,6339,Sutton United,Local,ALL,16/09/2025,2,1,38%,,,,,9,9,,,5,1,0,,,,,,,,,,,,1,,,,,,,,,,,,,,,,,,,,,,,
14395211,24029,80114,NORMAL,GROUP,"National League Cup, Group C",CUP,6339,Sutton United,Local,1ST,16/09/2025,2,,,,,,,,,,,,,,,,,,,,,,,,,,,,,,,,,,,,,,,,,,,,,,,,
14395211,24029,80114,NORMAL,GROUP,"National League Cup, Group C",CUP,6339,Sutton United,Local,2ND,16/09/2025,2,,,,,,,,,,,,,,,,,,,,,,,,,,,,,,,,,,,,,,,,,,,,,,,,
14395211,24029,80114,NORMAL,GROUP,"National League Cup, Group C",CUP,169150,Brighton & Hove Albion U21,Visita,ALL,16/09/2025,2,2,62%,,,,,3,5,,,10,2,0,,,,,,,,,,,,4,,,,,,,,,,,,,,,,,,,,,,,
14395211,24029,80114,NORMAL,GROUP,"National League Cup, Group C",CUP,169150,Brighton & Hove Albion U21,Visita,1ST,16/09/2025,2,,,,,,,,,,,,,,,,,,,,,,,,,,,,,,,,,,,,,,,,,,,,,,,,
14395211,24029,80114,NORMAL,GROUP,"National League Cup, Group C",CUP,169150,Brighton & Hove Albion U21,Visita,2ND,16/09/2025,2,,,,,,,,,,,,,,,,,,,,,,,,,,,,,,,,,,,,,,,,,,,,,,,,
14376814,173,78229,NORMAL,REGULAR,Round 10,LEAGUE,25935,Brackley Town,Local,ALL,20/09/2025,10,1,55%,0.51,,7,0,10,12,285,4,4,3,0,5,0,0,2,5,2,,,1,23,,0,225,25,,27/46 (59%),31/59 (52%),9/19 (47%),46%,4,40/110 (36%),53/89 (60%),11/14 (79%),,4,6,,20,0,0,,,1,,11
14376814,173,78229,NORMAL,REGULAR,Round 10,LEAGUE,25935,Brackley Town,Local,1ST,20/09/2025,10,,,,,,,,,,,,,,,,,,,,,,,,,,,,,,,,,,,,,,,,,,,,,,,,
14376814,173,78229,NORMAL,REGULAR,Round 10,LEAGUE,25935,Brackley Town,Local,2ND,20/09/2025,10,,,,,,,,,,,,,,,,,,,,,,,,,,,,,,,,,,,,,,,,,,,,,,,,
14376814,173,78229,NORMAL,REGULAR,Round 10,LEAGUE,6339,Sutton United,Visita,ALL,20/09/2025,10,0,45%,0.44,,7,4,5,14,291,0,6,2,0,0,0,3,4,3,4,,,0,11,,0,217,25,,29/52 (56%),25/54 (46%),2/13 (15%),30%,4,31/116 (27%),23/60 (38%),4/6 (67%),,0,7,,10,2,4,,,0,,4
14376814,173,78229,NORMAL,REGULAR,Round 10,LEAGUE,6339,Sutton United,Visita,1ST,20/09/2025,10,,,,,,,,,,,,,,,,,,,,,,,,,,,,,,,,,,,,,,,,,,,,,,,,
14376814,173,78229,NORMAL,REGULAR,Round 10,LEAGUE,6339,Sutton United,Visita,2ND,20/09/2025,10,,,,,,,,,,,,,,,,,,,,,,,,,,,,,,,,,,,,,,,,,,,,,,,,
14391213,173,78229,NORMAL,REGULAR,Round 11,LEAGUE,128,Woking,Local,ALL,23/09/2025,11,1,50%,1.72,,15,2,4,12,362,1,4,0,0,3,0,8,4,11,4,,,1,20,,1,269,27,,43/75 (57%),31/60 (51%),8/15 (53%),40%,7,30/94 (32%),46/92 (50%),9/12 (75%),,1,13,,17,4,2,,,2,,7
14391213,173,78229,NORMAL,REGULAR,Round 11,LEAGUE,128,Woking,Local,1ST,23/09/2025,11,,,,,,,,,,,,,,,,,,,,,,,,,,,,,,,,,,,,,,,,,,,,,,,,
14391213,173,78229,NORMAL,REGULAR,Round 11,LEAGUE,128,Woking,Local,2ND,23/09/2025,11,,,,,,,,,,,,,,,,,,,,,,,,,,,,,,,,,,,,,,,,,,,,,,,,
14391213,173,78229,NORMAL,REGULAR,Round 11,LEAGUE,6339,Sutton United,Visita,ALL,23/09/2025,11,1,50%,0.73,,8,3,2,10,259,5,4,2,0,2,0,4,2,3,5,,,3,5,,1,167,29,,22/43 (51%),27/59 (45%),6/14 (42%),38%,6,31/97 (32%),40/87 (46%),12/20 (60%),,5,22,,27,5,3,,,2,,12
14391213,173,78229,NORMAL,REGULAR,Round 11,LEAGUE,6339,Sutton United,Visita,1ST,23/09/2025,11,,,,,,,,,,,,,,,,,,,,,,,,,,,,,,,,,,,,,,,,,,,,,,,,
14391213,173,78229,NORMAL,REGULAR,Round 11,LEAGUE,6339,Sutton United,Visita,2ND,23/09/2025,11,,,,,,,,,,,,,,,,,,,,,,,,,,,,,,,,,,,,,,,,,,,,,,,,
14391227,173,78229,NORMAL,REGULAR,Round 12,LEAGUE,6339,Sutton United,Local,ALL,27/09/2025,12,1,71%,1.33,,12,1,5,16,523,3,3,5,0,4,1,3,4,5,7,,,1,18,,1,416,32,,45/77 (58%),42/72 (58%),11/29 (37%),39%,6,40/122 (33%),39/79 (49%),23/25 (92%),,3,13,,17,1,1,,,1,,8
14391227,173,78229,NORMAL,REGULAR,Round 12,LEAGUE,6339,Sutton United,Local,1ST,27/09/2025,12,,,,,,,,,,,,,,,,,,,,,,,,,,,,,,,,,,,,,,,,,,,,,,,,
14391227,173,78229,NORMAL,REGULAR,Round 12,LEAGUE,6339,Sutton United,Local,2ND,27/09/2025,12,,,,,,,,,,,,,,,,,,,,,,,,,,,,,,,,,,,,,,,,,,,,,,,,
14391227,173,78229,NORMAL,REGULAR,Round 12,LEAGUE,124,Boston United,Visita,ALL,27/09/2025,12,1,29%,0.74,,6,3,3,9,259,0,3,4,0,2,0,2,2,3,3,,,0,9,,0,180,18,,35/54 (65%),36/65 (55%),4/14 (28%),37%,9,34/104 (33%),33/75 (44%),10/11 (91%),,0,26,,22,1,3,,,1,,4
14391227,173,78229,NORMAL,REGULAR,Round 12,LEAGUE,124,Boston United,Visita,1ST,27/09/2025,12,,,,,,,,,,,,,,,,,,,,,,,,,,,,,,,,,,,,,,,,,,,,,,,,
14391227,173,78229,NORMAL,REGULAR,Round 12,LEAGUE,124,Boston United,Visita,2ND,27/09/2025,12,,,,,,,,,,,,,,,,,,,,,,,,,,,,,,,,,,,,,,,,,,,,,,,,
14391235,173,78229,NORMAL,REGULAR,Round 13,LEAGUE,6339,Sutton United,Local,ALL,30/09/2025,13,1,57%,1.47,,14,4,7,9,447,8,3,2,0,5,0,5,4,8,6,,,2,21,,1,374,23,,40/59 (68%),31/48 (64%),9/21 (42%),35%,8,44/138 (32%),19/42 (45%),14/19 (74%),,8,14,,14,3,4,,,,,8
14391235,173,78229,NORMAL,REGULAR,Round 13,LEAGUE,6339,Sutton United,Local,1ST,30/09/2025,13,,,,,,,,,,,,,,,,,,,,,,,,,,,,,,,,,,,,,,,,,,,,,,,,
14391235,173,78229,NORMAL,REGULAR,Round 13,LEAGUE,6339,Sutton United,Local,2ND,30/09/2025,13,,,,,,,,,,,,,,,,,,,,,,,,,,,,,,,,,,,,,,,,,,,,,,,,
14391235,173,78229,NORMAL,REGULAR,Round 13,LEAGUE,131,Yeovil Town,Visita,ALL,30/09/2025,13,2,43%,2.04,,16,4,8,9,303,6,3,2,0,6,1,7,2,10,6,,,1,22,,1,234,16,,30/42 (71%),25/45 (55%),5/22 (22%),44%,9,57/134 (43%),22/45 (49%),35/41 (85%),,6,22,,17,2,4,,,,,11
14391235,173,78229,NORMAL,REGULAR,Round 13,LEAGUE,131,Yeovil Town,Visita,1ST,30/09/2025,13,,,,,,,,,,,,,,,,,,,,,,,,,,,,,,,,,,,,,,,,,,,,,,,,
14391235,173,78229,NORMAL,REGULAR,Round 13,LEAGUE,131,Yeovil Town,Visita,2ND,30/09/2025,13,,,,,,,,,,,,,,,,,,,,,,,,,,,,,,,,,,,,,,,,,,,,,,,,
14391244,173,78229,NORMAL,REGULAR,Round 14,LEAGUE,182,Braintree Town,Local,ALL,04/10/2025,14,0,51%,1.93,,23,5,6,10,324,3,4,1,0,7,0,8,8,14,9,,,0,31,,1,235,42,,43/72 (60%),38/74 (51%),4/21 (19%),42%,8,98/217 (45%),23/68 (34%),29/42 (69%),,3,17,,15,4,5,,,,,9
14391244,173,78229,NORMAL,REGULAR,Round 14,LEAGUE,182,Braintree Town,Local,1ST,04/10/2025,14,,,,,,,,,,,,,,,,,,,,,,,,,,,,,,,,,,,,,,,,,,,,,,,,
14391244,173,78229,NORMAL,REGULAR,Round 14,LEAGUE,182,Braintree Town,Local,2ND,04/10/2025,14,,,,,,,,,,,,,,,,,,,,,,,,,,,,,,,,,,,,,,,,,,,,,,,,
14391244,173,78229,NORMAL,REGULAR,Round 14,LEAGUE,6339,Sutton United,Visita,ALL,04/10/2025,14,0,49%,0.72,,15,7,4,10,361,5,0,3,0,5,0,3,7,5,10,,,1,14,,1,268,24,,26/39 (67%),33/76 (43%),2/9 (22%),34%,15,46/158 (29%),29/59 (49%),11/15 (73%),,5,11,,18,10,7,,,,,12
14391244,173,78229,NORMAL,REGULAR,Round 14,LEAGUE,6339,Sutton United,Visita,1ST,04/10/2025,14,,,,,,,,,,,,,,,,,,,,,,,,,,,,,,,,,,,,,,,,,,,,,,,,
14391244,173,78229,NORMAL,REGULAR,Round 14,LEAGUE,6339,Sutton United,Visita,2ND,04/10/2025,14,,,,,,,,,,,,,,,,,,,,,,,,,,,,,,,,,,,,,,,,,,,,,,,,
14197283,173,78229,NORMAL,REGULAR,Round 15,LEAGUE,6339,Sutton United,Local,ALL,18/10/2025,15,3,56%,1.36,,10,4,4,12,536,3,1,3,0,6,0,3,1,5,5,,,0,11,,0,451,20,,37/56 (66%),36/71 (50%),5/12 (41%),33%,9,34/116 (29%),21/47 (45%),14/21 (67%),,3,22,,6,2,4,,,,,10
14197283,173,78229,NORMAL,REGULAR,Round 15,LEAGUE,6339,Sutton United,Local,1ST,18/10/2025,15,,,,,,,,,,,,,,,,,,,,,,,,,,,,,,,,,,,,,,,,,,,,,,,,
14197283,173,78229,NORMAL,REGULAR,Round 15,LEAGUE,6339,Sutton United,Local,2ND,18/10/2025,15,,,,,,,,,,,,,,,,,,,,,,,,,,,,,,,,,,,,,,,,,,,,,,,,
14197283,173,78229,NORMAL,REGULAR,Round 15,LEAGUE,101,Hartlepool United,Visita,ALL,18/10/2025,15,3,44%,1.31,,15,3,4,14,390,4,5,2,0,7,1,4,3,10,5,,,0,21,,1,305,15,,32/55 (58%),40/66 (60%),5/14 (35%),32%,9,31/114 (27%),20/43 (47%),7/8 (88%),,4,15,,14,2,3,,,,,9
14197283,173,78229,NORMAL,REGULAR,Round 15,LEAGUE,101,Hartlepool United,Visita,1ST,18/10/2025,15,,,,,,,,,,,,,,,,,,,,,,,,,,,,,,,,,,,,,,,,,,,,,,,,
14197283,173,78229,NORMAL,REGULAR,Round 15,LEAGUE,101,Hartlepool United,Visita,2ND,18/10/2025,15,,,,,,,,,,,,,,,,,,,,,,,,,,,,,,,,,,,,,,,,,,,,,,,,
14395222,24029,80114,NORMAL,GROUP,"National League Cup, Group C",CUP,6339,Sutton United,Local,ALL,21/10/2025,3,3,52%,,,,,0,18,,,10,2,0,4,,,,,,,,,,,0,,,,,,,,,,,,,,,,,,,,,,,
14395222,24029,80114,NORMAL,GROUP,"National League Cup, Group C",CUP,6339,Sutton United,Local,1ST,21/10/2025,3,,,,,,,,,,,,,,,,,,,,,,,,,,,,,,,,,,,,,,,,,,,,,,,,
14395222,24029,80114,NORMAL,GROUP,"National League Cup, Group C",CUP,6339,Sutton United,Local,2ND,21/10/2025,3,,,,,,,,,,,,,,,,,,,,,,,,,,,,,,,,,,,,,,,,,,,,,,,,
14395222,24029,80114,NORMAL,GROUP,"National League Cup, Group C",CUP,36552,West Ham U21,Visita,ALL,21/10/2025,3,3,48%,,,,,6,10,,,17,2,0,9,,,,,,,,,,,0,,,,,,,,,,,,,,,,,,,,,,,
14395222,24029,80114,NORMAL,GROUP,"National League Cup, Group C",CUP,36552,West Ham U21,Visita,1ST,21/10/2025,3,,,,,,,,,,,,,,,,,,,,,,,,,,,,,,,,,,,,,,,,,,,,,,,,
14395222,24029,80114,NORMAL,GROUP,"National League Cup, Group C",CUP,36552,West Ham U21,Visita,2ND,21/10/2025,3,,,,,,,,,,,,,,,,,,,,,,,,,,,,,,,,,,,,,,,,,,,,,,,,
14391260,173,78229,NORMAL,REGULAR,Round 16,LEAGUE,238,Wealdstone,Local,ALL,25/10/2025,16,4,53%,2.53,,14,6,9,14,382,8,7,3,0,6,0,3,5,11,3,,,1,34,,2,281,25,,25/51 (49%),32/61 (52%),5/18 (27%),43%,13,71/158 (45%),19/47 (40%),27/34 (79%),,8,16,,14,7,6,,,1,,6
14391260,173,78229,NORMAL,REGULAR,Round 16,LEAGUE,238,Wealdstone,Local,1ST,25/10/2025,16,,,,,,,,,,,,,,,,,,,,,,,,,,,,,,,,,,,,,,,,,,,,,,,,
14391260,173,78229,NORMAL,REGULAR,Round 16,LEAGUE,238,Wealdstone,Local,2ND,25/10/2025,16,,,,,,,,,,,,,,,,,,,,,,,,,,,,,,,,,,,,,,,,,,,,,,,,
14391260,173,78229,NORMAL,REGULAR,Round 16,LEAGUE,6339,Sutton United,Visita,ALL,25/10/2025,16,2,47%,1.65,,14,2,7,13,384,2,0,0,0,8,0,3,3,10,4,,,0,17,,1,276,18,,37/55 (67%),33/72 (45%),2/6 (33%),33%,7,38/130 (29%),21/48 (44%),12/21 (57%),,2,20,,14,4,2,,,0,,5
14391260,173,78229,NORMAL,REGULAR,Round 16,LEAGUE,6339,Sutton United,Visita,1ST,25/10/2025,16,,,,,,,,,,,,,,,,,,,,,,,,,,,,,,,,,,,,,,,,,,,,,,,,
14391260,173,78229,NORMAL,REGULAR,Round 16,LEAGUE,6339,Sutton United,Visita,2ND,25/10/2025,16,,,,,,,,,,,,,,,,,,,,,,,,,,,,,,,,,,,,,,,,,,,,,,,,
14391272,173,78229,NORMAL,REGULAR,Round 17,LEAGUE,6339,Sutton United,Local,ALL,05/11/2025,17,2,61%,1.21,,8,1,6,11,513,2,2,2,0,4,0,4,0,4,4,,,0,12,,4,424,28,,31/55 (56%),36/57 (63%),5/12 (41%),36%,6,39/132 (30%),35/71 (49%),17/27 (63%),,2,6,,19,8,1,,,2,,12
14391272,173,78229,NORMAL,REGULAR,Round 17,LEAGUE,6339,Sutton United,Local,1ST,05/11/2025,17,,,,,,,,,,,,,,,,,,,,,,,,,,,,,,,,,,,,,,,,,,,,,,,,
14391272,173,78229,NORMAL,REGULAR,Round 17,LEAGUE,6339,Sutton United,Local,2ND,05/11/2025,17,,,,,,,,,,,,,,,,,,,,,,,,,,,,,,,,,,,,,,,,,,,,,,,,
14391272,173,78229,NORMAL,REGULAR,Round 17,LEAGUE,6191,Eastleigh,Visita,ALL,05/11/2025,17,1,39%,1.70,,16,3,6,11,312,6,3,2,0,2,0,8,6,7,9,,,0,20,,2,222,33,,27/49 (55%),29/58 (50%),6/19 (31%),40%,1,50/133 (38%),32/71 (45%),20/27 (74%),,6,15,,15,2,3,,,0,,11
14391272,173,78229,NORMAL,REGULAR,Round 17,LEAGUE,6191,Eastleigh,Visita,1ST,05/11/2025,17,,,,,,,,,,,,,,,,,,,,,,,,,,,,,,,,,,,,,,,,,,,,,,,,
14391272,173,78229,NORMAL,REGULAR,Round 17,LEAGUE,6191,Eastleigh,Visita,2ND,05/11/2025,17,,,,,,,,,,,,,,,,,,,,,,,,,,,,,,,,,,,,,,,,,,,,,,,,
14391281,173,78229,NORMAL,REGULAR,Round 18,LEAGUE,81,Morecambe,Local,ALL,08/11/2025,18,2,37%,0.68,,11,2,12,9,277,6,3,1,0,4,0,2,5,3,8,,,2,10,,2,211,21,,29/45 (64%),17/40 (42%),5/15 (33%),36%,3,43/124 (35%),17/41 (41%),10/12 (83%),,6,17,,22,3,2,,,,,6
14391281,173,78229,NORMAL,REGULAR,Round 18,LEAGUE,81,Morecambe,Local,1ST,08/11/2025,18,,,,,,,,,,,,,,,,,,,,,,,,,,,,,,,,,,,,,,,,,,,,,,,,
14391281,173,78229,NORMAL,REGULAR,Round 18,LEAGUE,81,Morecambe,Local,2ND,08/11/2025,18,,,,,,,,,,,,,,,,,,,,,,,,,,,,,,,,,,,,,,,,,,,,,,,,
14391281,173,78229,NORMAL,REGULAR,Round 18,LEAGUE,6339,Sutton United,Visita,ALL,08/11/2025,18,2,63%,1.33,,12,3,5,17,575,1,1,1,0,3,0,5,4,7,5,,,1,23,,2,495,19,,35/51 (69%),32/54 (59%),11/21 (52%),38%,5,40/116 (34%),18/34 (53%),11/13 (85%),,1,14,,22,2,3,,,,,5
14391281,173,78229,NORMAL,REGULAR,Round 18,LEAGUE,6339,Sutton United,Visita,1ST,08/11/2025,18,,,,,,,,,,,,,,,,,,,,,,,,,,,,,,,,,,,,,,,,,,,,,,,,
14391281,173,78229,NORMAL,REGULAR,Round 18,LEAGUE,6339,Sutton United,Visita,2ND,08/11/2025,18,,,,,,,,,,,,,,,,,,,,,,,,,,,,,,,,,,,,,,,,,,,,,,,,
14391295,173,78229,NORMAL,REGULAR,Round 19,LEAGUE,6339,Sutton United,Local,ALL,15/11/2025,19,2,60%,2.11,,13,4,11,11,539,4,0,4,0,7,0,2,4,8,5,,,0,17,,2,441,29,,31/48 (65%),33/61 (54%),6/15 (40%),38%,7,44/128 (34%),29/61 (48%),12/15 (80%),,4,8,,6,0,4,,,2,,8
14391295,173,78229,NORMAL,REGULAR,Round 19,LEAGUE,6339,Sutton United,Local,1ST,15/11/2025,19,,,,,,,,,,,,,,,,,,,,,,,,,,,,,,,,,,,,,,,,,,,,,,,,
14391295,173,78229,NORMAL,REGULAR,Round 19,LEAGUE,6339,Sutton United,Local,2ND,15/11/2025,19,,,,,,,,,,,,,,,,,,,,,,,,,,,,,,,,,,,,,,,,,,,,,,,,
14391295,173,78229,NORMAL,REGULAR,Round 19,LEAGUE,87,FC Halifax Town,Visita,ALL,15/11/2025,19,0,40%,1.60,,10,5,4,11,284,5,3,2,0,4,0,3,3,7,3,,,1,18,,1,219,38,,28/45 (62%),26/46 (56%),4/13 (30%),35%,9,40/128 (31%),25/55 (45%),13/17 (76%),,5,21,,33,3,5,,,0,,6
14391295,173,78229,NORMAL,REGULAR,Round 19,LEAGUE,87,FC Halifax Town,Visita,1ST,15/11/2025,19,,,,,,,,,,,,,,,,,,,,,,,,,,,,,,,,,,,,,,,,,,,,,,,,
14391295,173,78229,NORMAL,REGULAR,Round 19,LEAGUE,87,FC Halifax Town,Visita,2ND,15/11/2025,19,,,,,,,,,,,,,,,,,,,,,,,,,,,,,,,,,,,,,,,,,,,,,,,,
14391309,173,78229,NORMAL,REGULAR,Round 20,LEAGUE,38001,Truro City,Local,ALL,22/11/2025,20,2,41%,0.56,,14,2,10,6,269,4,3,2,0,3,0,3,8,7,7,,,2,18,,2,196,31,,27/47 (57%),32/60 (53%),5/14 (35%),33%,6,35/116 (30%),26/66 (39%),8/11 (73%),,4,7,,19,5,2,,,0,,10
14391309,173,78229,NORMAL,REGULAR,Round 20,LEAGUE,38001,Truro City,Local,1ST,22/11/2025,20,,,,,,,,,,,,,,,,,,,,,,,,,,,,,,,,,,,,,,,,,,,,,,,,
14391309,173,78229,NORMAL,REGULAR,Round 20,LEAGUE,38001,Truro City,Local,2ND,22/11/2025,20,,,,,,,,,,,,,,,,,,,,,,,,,,,,,,,,,,,,,,,,,,,,,,,,
14391309,173,78229,NORMAL,REGULAR,Round 20,LEAGUE,6339,Sutton United,Visita,ALL,22/11/2025,20,3,59%,1.36,,13,1,6,12,405,1,1,0,0,5,0,5,3,8,5,,,0,18,,0,324,34,,10/36 (28%),27/54 (50%),3/8 (37%),40%,11,32/108 (30%),45/80 (56%),16/21 (76%),,1,9,,30,8,1,,,1,,12
14391309,173,78229,NORMAL,REGULAR,Round 20,LEAGUE,6339,Sutton United,Visita,1ST,22/11/2025,20,,,,,,,,,,,,,,,,,,,,,,,,,,,,,,,,,,,,,,,,,,,,,,,,
14391309,173,78229,NORMAL,REGULAR,Round 20,LEAGUE,6339,Sutton United,Visita,2ND,22/11/2025,20,,,,,,,,,,,,,,,,,,,,,,,,,,,,,,,,,,,,,,,,,,,,,,,,
14395231,24029,80114,NORMAL,GROUP,"National League Cup, Group C",CUP,6339,Sutton United,Local,ALL,25/11/2025,4,4,49%,,,,,4,21,,,9,3,0,,,,,,,,,,,,2,,,,,,,,,,,,,,,,,,,,,,,
14395231,24029,80114,NORMAL,GROUP,"National League Cup, Group C",CUP,6339,Sutton United,Local,1ST,25/11/2025,4,,,,,,,,,,,,,,,,,,,,,,,,,,,,,,,,,,,,,,,,,,,,,,,,
14395231,24029,80114,NORMAL,GROUP,"National League Cup, Group C",CUP,6339,Sutton United,Local,2ND,25/11/2025,4,,,,,,,,,,,,,,,,,,,,,,,,,,,,,,,,,,,,,,,,,,,,,,,,
14395231,24029,80114,NORMAL,GROUP,"National League Cup, Group C",CUP,77871,Southampton U21,Visita,ALL,25/11/2025,4,1,51%,,,,,0,9,,,21,0,0,,,,,,,,,,,,3,,,,,,,,,,,,,,,,,,,,,,,
14395231,24029,80114,NORMAL,GROUP,"National League Cup, Group C",CUP,77871,Southampton U21,Visita,1ST,25/11/2025,4,,,,,,,,,,,,,,,,,,,,,,,,,,,,,,,,,,,,,,,,,,,,,,,,
14395231,24029,80114,NORMAL,GROUP,"National League Cup, Group C",CUP,77871,Southampton U21,Visita,2ND,25/11/2025,4,,,,,,,,,,,,,,,,,,,,,,,,,,,,,,,,,,,,,,,,,,,,,,,,
14391319,173,78229,NORMAL,REGULAR,Round 21,LEAGUE,6339,Sutton United,Local,ALL,29/11/2025,21,4,63%,3.99,,24,1,12,9,532,2,0,2,0,15,0,3,7,17,7,,,0,33,,2,433,29,,50/67 (75%),21/39 (53%),4/19 (21%),38%,16,52/170 (31%),25/31 (81%),11/17 (65%),,2,21,,14,3,1,,,,,4
14391319,173,78229,NORMAL,REGULAR,Round 21,LEAGUE,6339,Sutton United,Local,1ST,29/11/2025,21,,,,,,,,,,,,,,,,,,,,,,,,,,,,,,,,,,,,,,,,,,,,,,,,
14391319,173,78229,NORMAL,REGULAR,Round 21,LEAGUE,6339,Sutton United,Local,2ND,29/11/2025,21,,,,,,,,,,,,,,,,,,,,,,,,,,,,,,,,,,,,,,,,,,,,,,,,
14391319,173,78229,NORMAL,REGULAR,Round 21,LEAGUE,157,Gateshead,Visita,ALL,29/11/2025,21,2,37%,1.04,,7,10,4,8,303,3,1,1,0,3,1,1,2,4,3,,,0,14,,1,221,29,,22/47 (47%),27/56 (48%),3/11 (27%),29%,14,52/170 (31%),7/32 (22%),12/20 (60%),,3,21,,22,7,10,,,,,7
14391319,173,78229,NORMAL,REGULAR,Round 21,LEAGUE,157,Gateshead,Visita,1ST,29/11/2025,21,,,,,,,,,,,,,,,,,,,,,,,,,,,,,,,,,,,,,,,,,,,,,,,,
14391319,173,78229,NORMAL,REGULAR,Round 21,LEAGUE,157,Gateshead,Visita,2ND,29/11/2025,21,,,,,,,,,,,,,,,,,,,,,,,,,,,,,,,,,,,,,,,,,,,,,,,,
15002174,19,82557,NORMAL,REGULAR,Round 2,CUP,6339,Sutton United,Local,ALL,06/12/2025,2,1,71%,0.00,1,15,6,13,15,838,14,18,6,2,3,2,7,5,3,12,0,1,1,27,7,5,702,36,89,103/180 (57%),48/91 (53%),4/20 (20%),46%,13,43/94 (46%),15/31 (48%),11/29 (38%),71%,14,11,62,17,,6,,1,,,8
15002174,19,82557,NORMAL,REGULAR,Round 2,CUP,6339,Sutton United,Local,1ST,06/12/2025,2,0,74%,0.00,0,3,0,5,5,376,2,8,3,0,0,1,2,1,1,2,0,0,0,,3,1,327,18,31,,16/33 (48%),1/7 (14%),52%,4,15/30 (50%),7/12 (58%),5/11 (45%),100%,2,5,23,3,,0,,,,,1
15002174,19,82557,NORMAL,REGULAR,Round 2,CUP,6339,Sutton United,Local,2ND,06/12/2025,2,1,63%,0.00,1,8,5,5,6,234,8,6,2,1,2,1,3,3,2,6,0,1,1,,2,2,177,10,29,,13/32 (41%),1/7 (14%),44%,6,18/40 (45%),6/14 (43%),4/12 (33%),63%,8,3,26,11,,5,,,,,6
15002174,19,82557,NORMAL,REGULAR,Round 2,CUP,82,Shrewsbury Town,Visita,ALL,06/12/2025,2,2,29%,0.00,4,24,3,4,18,339,30,15,5,1,8,2,12,4,19,5,1,3,0,38,5,4,213,33,72,52/111 (47%),26/92 (28%),6/12 (50%),54%,6,51/94 (54%),16/31 (52%),5/13 (38%),67%,30,17,65,48,,3,,0,,,13
15002174,19,82557,NORMAL,REGULAR,Round 2,CUP,82,Shrewsbury Town,Visita,1ST,06/12/2025,2,0,26%,0.00,0,0,1,0,8,134,10,5,1,0,0,0,0,0,0,0,0,0,0,,0,1,91,11,24,,7/32 (22%),0/3 (0%),48%,2,15/30 (50%),5/12 (42%),0/0 (0%),40%,10,8,24,19,,1,,,,,3
15002174,19,82557,NORMAL,REGULAR,Round 2,CUP,82,Shrewsbury Town,Visita,2ND,06/12/2025,2,1,37%,0.00,3,20,1,4,6,136,13,6,3,1,6,2,10,4,16,4,0,3,0,,1,0,83,12,31,,13/39 (33%),5/8 (63%),56%,3,22/40 (55%),8/14 (57%),2/7 (29%),77%,13,4,28,19,,1,,,,,5
14391341,173,78229,NORMAL,REGULAR,Round 23,LEAGUE,7942,Solihull Moors,Local,ALL,21/12/2025,23,4,43%,2.57,,20,4,6,10,377,6,3,2,0,12,0,3,5,12,8,,,0,26,,3,307,19,,33/49 (67%),24/43 (55%),8/19 (42%),41%,8,53/136 (39%),20/41 (49%),23/26 (88%),,6,19,,7,4,4,,,1,,10
14391341,173,78229,NORMAL,REGULAR,Round 23,LEAGUE,7942,Solihull Moors,Local,1ST,21/12/2025,23,,,,,,,,,,,,,,,,,,,,,,,,,,,,,,,,,,,,,,,,,,,,,,,,
14391341,173,78229,NORMAL,REGULAR,Round 23,LEAGUE,7942,Solihull Moors,Local,2ND,21/12/2025,23,,,,,,,,,,,,,,,,,,,,,,,,,,,,,,,,,,,,,,,,,,,,,,,,
14391341,173,78229,NORMAL,REGULAR,Round 23,LEAGUE,6339,Sutton United,Visita,ALL,21/12/2025,23,1,57%,2.09,,15,8,4,13,567,5,2,1,1,5,0,4,6,8,7,,,0,21,,3,474,20,,32/54 (59%),14/40 (35%),3/11 (27%),34%,9,40/136 (29%),20/37 (54%),17/26 (65%),,5,11,,15,9,8,,,0,,8
14391341,173,78229,NORMAL,REGULAR,Round 23,LEAGUE,6339,Sutton United,Visita,1ST,21/12/2025,23,,,,,,,,,,,,,,,,,,,,,,,,,,,,,,,,,,,,,,,,,,,,,,,,
14391341,173,78229,NORMAL,REGULAR,Round 23,LEAGUE,6339,Sutton United,Visita,2ND,21/12/2025,23,,,,,,,,,,,,,,,,,,,,,,,,,,,,,,,,,,,,,,,,,,,,,,,,
14391366,173,78229,NORMAL,REGULAR,Round 25,LEAGUE,99,Southend United,Local,ALL,30/12/2025,25,1,40%,3.01,,12,3,8,11,320,8,3,2,0,5,0,3,4,9,3,,,3,21,,1,233,25,,24/40 (60%),26/49 (53%),4/20 (20%),44%,4,53/119 (45%),17/37 (46%),11/18 (61%),,8,20,,10,1,3,,,,,8
14391366,173,78229,NORMAL,REGULAR,Round 25,LEAGUE,99,Southend United,Local,1ST,30/12/2025,25,,,,,,,,,,,,,,,,,,,,,,,,,,,,,,,,,,,,,,,,,,,,,,,,
14391366,173,78229,NORMAL,REGULAR,Round 25,LEAGUE,99,Southend United,Local,2ND,30/12/2025,25,,,,,,,,,,,,,,,,,,,,,,,,,,,,,,,,,,,,,,,,,,,,,,,,
14391366,173,78229,NORMAL,REGULAR,Round 25,LEAGUE,6339,Sutton United,Visita,ALL,30/12/2025,25,0,60%,1.42,,10,4,2,14,565,4,3,3,0,3,2,4,1,6,4,,,1,17,,0,473,31,,34/56 (61%),20/38 (52%),9/12 (75%),32%,5,32/110 (29%),17/39 (44%),8/13 (62%),,4,20,,15,2,4,,,,,6
14391366,173,78229,NORMAL,REGULAR,Round 25,LEAGUE,6339,Sutton United,Visita,1ST,30/12/2025,25,,,,,,,,,,,,,,,,,,,,,,,,,,,,,,,,,,,,,,,,,,,,,,,,
14391366,173,78229,NORMAL,REGULAR,Round 25,LEAGUE,6339,Sutton United,Visita,2ND,30/12/2025,25,,,,,,,,,,,,,,,,,,,,,,,,,,,,,,,,,,,,,,,,,,,,,,,,
15080370,173,78229,NORMAL,REGULAR,Round 22,LEAGUE,6339,Sutton United,Local,ALL,10/01/2026,22,1,39%,1.57,,16,4,6,16,364,4,0,4,0,4,0,4,8,14,2,,,0,24,,2,279,26,,26/46 (57%),21/39 (53%),1/12 (8%),35%,11,38/142 (27%),29/49 (59%),17/23 (74%),,4,20,,27,6,4,,,,,6
15080370,173,78229,NORMAL,REGULAR,Round 22,LEAGUE,6339,Sutton United,Local,1ST,10/01/2026,22,,,,,,,,,,,,,,,,,,,,,,,,,,,,,,,,,,,,,,,,,,,,,,,,
15080370,173,78229,NORMAL,REGULAR,Round 22,LEAGUE,6339,Sutton United,Local,2ND,10/01/2026,22,,,,,,,,,,,,,,,,,,,,,,,,,,,,,,,,,,,,,,,,,,,,,,,,
15080370,173,78229,NORMAL,REGULAR,Round 22,LEAGUE,73,York City,Visita,ALL,10/01/2026,22,2,61%,0.93,,15,3,2,5,528,5,3,1,0,6,1,4,4,9,6,,,1,20,,5,440,29,,21/40 (53%),34/64 (53%),7/16 (43%),36%,4,49/141 (35%),21/51 (41%),26/38 (68%),,5,20,,15,10,3,,,,,6
15080370,173,78229,NORMAL,REGULAR,Round 22,LEAGUE,73,York City,Visita,1ST,10/01/2026,22,,,,,,,,,,,,,,,,,,,,,,,,,,,,,,,,,,,,,,,,,,,,,,,,
15080370,173,78229,NORMAL,REGULAR,Round 22,LEAGUE,73,York City,Visita,2ND,10/01/2026,22,,,,,,,,,,,,,,,,,,,,,,,,,,,,,,,,,,,,,,,,,,,,,,,,
14391390,173,78229,NORMAL,REGULAR,Round 27,LEAGUE,6339,Sutton United,Local,ALL,17/01/2026,27,1,72%,0.70,,12,3,8,14,573,3,2,5,0,4,1,2,5,5,7,,,1,21,,1,476,27,,31/52 (60%),18/38 (47%),8/28 (28%),40%,10,41/113 (36%),19/37 (51%),18/25 (72%),,3,9,,10,2,3,,,,,8
14391390,173,78229,NORMAL,REGULAR,Round 27,LEAGUE,6339,Sutton United,Local,1ST,17/01/2026,27,,,,,,,,,,,,,,,,,,,,,,,,,,,,,,,,,,,,,,,,,,,,,,,,
14391390,173,78229,NORMAL,REGULAR,Round 27,LEAGUE,6339,Sutton United,Local,2ND,17/01/2026,27,,,,,,,,,,,,,,,,,,,,,,,,,,,,,,,,,,,,,,,,,,,,,,,,
14391390,173,78229,NORMAL,REGULAR,Round 27,LEAGUE,94,Forest Green Rovers,Visita,ALL,17/01/2026,27,1,28%,1.44,,14,3,3,14,150,6,2,3,1,4,0,6,4,8,6,,,0,11,,2,92,17,,12/29 (41%),15/41 (36%),3/9 (33%),36%,7,43/122 (35%),12/27 (44%),12/13 (92%),,6,14,,20,0,3,,,,,11
14391390,173,78229,NORMAL,REGULAR,Round 27,LEAGUE,94,Forest Green Rovers,Visita,1ST,17/01/2026,27,,,,,,,,,,,,,,,,,,,,,,,,,,,,,,,,,,,,,,,,,,,,,,,,
14391390,173,78229,NORMAL,REGULAR,Round 27,LEAGUE,94,Forest Green Rovers,Visita,2ND,17/01/2026,27,,,,,,,,,,,,,,,,,,,,,,,,,,,,,,,,,,,,,,,,,,,,,,,,
14391415,173,78229,NORMAL,REGULAR,Round 29,LEAGUE,102,Tamworth,Local,ALL,24/01/2026,29,0,35%,2.03,,14,2,6,17,200,3,6,5,0,4,1,4,5,10,4,,,0,25,,2,134,25,,23/45 (51%),23/45 (51%),11/23 (47%),39%,7,46/117 (39%),25/63 (40%),14/15 (93%),,3,7,,18,1,2,,,0,,5
14391415,173,78229,NORMAL,REGULAR,Round 29,LEAGUE,102,Tamworth,Local,1ST,24/01/2026,29,,,,,,,,,,,,,,,,,,,,,,,,,,,,,,,,,,,,,,,,,,,,,,,,
14391415,173,78229,NORMAL,REGULAR,Round 29,LEAGUE,102,Tamworth,Local,2ND,24/01/2026,29,,,,,,,,,,,,,,,,,,,,,,,,,,,,,,,,,,,,,,,,,,,,,,,,
14391415,173,78229,NORMAL,REGULAR,Round 29,LEAGUE,6339,Sutton United,Visita,ALL,24/01/2026,29,1,65%,1.36,,7,4,6,15,408,0,2,5,0,3,0,3,1,5,2,,,0,18,,3,332,19,,32/47 (68%),15/29 (51%),7/15 (46%),43%,2,43/105 (41%),34/71 (48%),16/19 (84%),,0,11,,46,5,4,,,1,,11
14391415,173,78229,NORMAL,REGULAR,Round 29,LEAGUE,6339,Sutton United,Visita,1ST,24/01/2026,29,,,,,,,,,,,,,,,,,,,,,,,,,,,,,,,,,,,,,,,,,,,,,,,,
14391415,173,78229,NORMAL,REGULAR,Round 29,LEAGUE,6339,Sutton United,Visita,2ND,24/01/2026,29,,,,,,,,,,,,,,,,,,,,,,,,,,,,,,,,,,,,,,,,,,,,,,,,
14391426,173,78229,NORMAL,REGULAR,Round 30,LEAGUE,6339,Sutton United,Local,ALL,31/01/2026,30,1,62%,1.77,,16,4,11,11,403,4,1,3,0,4,0,7,4,9,7,,,1,25,,0,324,21,,23/38 (61%),19/37 (51%),8/18 (44%),43%,5,32/95 (34%),30/49 (61%),15/21 (71%),,4,16,,36,4,4,,,,,9
14391426,173,78229,NORMAL,REGULAR,Round 30,LEAGUE,6339,Sutton United,Local,1ST,31/01/2026,30,,,,,,,,,,,,,,,,,,,,,,,,,,,,,,,,,,,,,,,,,,,,,,,,
14391426,173,78229,NORMAL,REGULAR,Round 30,LEAGUE,6339,Sutton United,Local,2ND,31/01/2026,30,,,,,,,,,,,,,,,,,,,,,,,,,,,,,,,,,,,,,,,,,,,,,,,,
14391426,173,78229,NORMAL,REGULAR,Round 30,LEAGUE,25935,Brackley Town,Visita,ALL,31/01/2026,30,1,38%,2.09,,13,5,6,13,214,2,5,2,0,5,1,3,4,12,1,,,0,35,,3,144,23,,20/38 (53%),18/40 (45%),9/29 (31%),35%,6,42/126 (33%),24/60 (40%),17/23 (74%),,2,14,,19,9,5,,,,,16
14391426,173,78229,NORMAL,REGULAR,Round 30,LEAGUE,25935,Brackley Town,Visita,1ST,31/01/2026,30,,,,,,,,,,,,,,,,,,,,,,,,,,,,,,,,,,,,,,,,,,,,,,,,
14391426,173,78229,NORMAL,REGULAR,Round 30,LEAGUE,25935,Brackley Town,Visita,2ND,31/01/2026,30,,,,,,,,,,,,,,,,,,,,,,,,,,,,,,,,,,,,,,,,,,,,,,,,
14391432,173,78229,NORMAL,REGULAR,Round 31,LEAGUE,124,Boston United,Local,ALL,07/02/2026,31,1,39%,0.44,,7,4,6,12,308,2,1,1,0,2,0,2,3,5,2,,,0,15,,2,221,30,,34/65 (52%),29/61 (47%),2/13 (15%),35%,6,46/135 (34%),26/70 (37%),10/15 (67%),,2,14,,16,1,4,,,0,,9
14391432,173,78229,NORMAL,REGULAR,Round 31,LEAGUE,124,Boston United,Local,1ST,07/02/2026,31,,,,,,,,,,,,,,,,,,,,,,,,,,,,,,,,,,,,,,,,,,,,,,,,
14391432,173,78229,NORMAL,REGULAR,Round 31,LEAGUE,124,Boston United,Local,2ND,07/02/2026,31,,,,,,,,,,,,,,,,,,,,,,,,,,,,,,,,,,,,,,,,,,,,,,,,
14391432,173,78229,NORMAL,REGULAR,Round 31,LEAGUE,6339,Sutton United,Visita,ALL,07/02/2026,31,0,61%,0.29,,7,1,7,10,474,6,2,2,0,4,1,2,0,4,3,,,0,12,,0,378,28,,30/66 (45%),31/67 (46%),6/17 (35%),39%,15,40/136 (29%),41/70 (59%),9/14 (64%),,6,11,,17,2,1,,,1,,6
14391432,173,78229,NORMAL,REGULAR,Round 31,LEAGUE,6339,Sutton United,Visita,1ST,07/02/2026,31,,,,,,,,,,,,,,,,,,,,,,,,,,,,,,,,,,,,,,,,,,,,,,,,
14391432,173,78229,NORMAL,REGULAR,Round 31,LEAGUE,6339,Sutton United,Visita,2ND,07/02/2026,31,,,,,,,,,,,,,,,,,,,,,,,,,,,,,,,,,,,,,,,,,,,,,,,,
14391452,173,78229,NORMAL,REGULAR,Round 32,LEAGUE,6339,Sutton United,Local,ALL,11/02/2026,32,1,66%,0.89,,11,5,9,16,517,1,4,4,1,6,0,2,3,5,6,,,1,17,,3,420,25,,36/66 (55%),24/51 (47%),5/23 (21%),36%,11,38/135 (28%),34/60 (57%),16/18 (89%),,1,9,,9,3,5,,,0,,12
14391452,173,78229,NORMAL,REGULAR,Round 32,LEAGUE,6339,Sutton United,Local,1ST,11/02/2026,32,,,,,,,,,,,,,,,,,,,,,,,,,,,,,,,,,,,,,,,,,,,,,,,,
14391452,173,78229,NORMAL,REGULAR,Round 32,LEAGUE,6339,Sutton United,Local,2ND,11/02/2026,32,,,,,,,,,,,,,,,,,,,,,,,,,,,,,,,,,,,,,,,,,,,,,,,,
14391452,173,78229,NORMAL,REGULAR,Round 32,LEAGUE,182,Braintree Town,Visita,ALL,11/02/2026,32,1,34%,1.32,,17,5,3,13,265,2,3,2,0,5,0,7,5,7,10,,,0,13,,6,190,20,,20/41 (49%),26/53 (49%),4/11 (36%),35%,6,45/147 (31%),29/62 (47%),12/13 (92%),,2,16,,25,3,5,,,3,,8
14391452,173,78229,NORMAL,REGULAR,Round 32,LEAGUE,182,Braintree Town,Visita,1ST,11/02/2026,32,,,,,,,,,,,,,,,,,,,,,,,,,,,,,,,,,,,,,,,,,,,,,,,,
14391452,173,78229,NORMAL,REGULAR,Round 32,LEAGUE,182,Braintree Town,Visita,2ND,11/02/2026,32,,,,,,,,,,,,,,,,,,,,,,,,,,,,,,,,,,,,,,,,,,,,,,,,
15381918,173,78229,NORMAL,REGULAR,Round 28,LEAGUE,6339,Sutton United,Local,ALL,17/02/2026,28,2,40%,2.90,,17,3,2,13,322,1,2,3,1,6,1,2,8,9,8,,,1,19,,1,245,18,,24/45 (53%),23/47 (48%),4/13 (30%),36%,6,37/114 (32%),31/70 (44%),14/18 (78%),,1,23,,34,2,3,,,1,,11
15381918,173,78229,NORMAL,REGULAR,Round 28,LEAGUE,6339,Sutton United,Local,1ST,17/02/2026,28,,,,,,,,,,,,,,,,,,,,,,,,,,,,,,,,,,,,,,,,,,,,,,,,
15381918,173,78229,NORMAL,REGULAR,Round 28,LEAGUE,6339,Sutton United,Local,2ND,17/02/2026,28,,,,,,,,,,,,,,,,,,,,,,,,,,,,,,,,,,,,,,,,,,,,,,,,
15381918,173,78229,NORMAL,REGULAR,Round 28,LEAGUE,128,Woking,Visita,ALL,17/02/2026,28,1,60%,1.37,,14,4,6,13,496,0,5,2,0,4,0,9,1,8,6,,,2,16,,3,400,36,,56/80 (70%),37/62 (59%),9/24 (37%),38%,9,35/114 (31%),30/53 (57%),17/23 (74%),,0,18,,10,11,4,,,0,,6
15381918,173,78229,NORMAL,REGULAR,Round 28,LEAGUE,128,Woking,Visita,1ST,17/02/2026,28,,,,,,,,,,,,,,,,,,,,,,,,,,,,,,,,,,,,,,,,,,,,,,,,
15381918,173,78229,NORMAL,REGULAR,Round 28,LEAGUE,128,Woking,Visita,2ND,17/02/2026,28,,,,,,,,,,,,,,,,,,,,,,,,,,,,,,,,,,,,,,,,,,,,,,,,
14391475,173,78229,NORMAL,REGULAR,Round 34,LEAGUE,6339,Sutton United,Local,ALL,21/02/2026,34,3,54%,1.84,,17,3,4,15,420,4,2,3,0,7,1,5,4,12,5,,,1,28,,2,330,25,,47/65 (72%),25/48 (52%),3/14 (21%),37%,13,59/180 (33%),26/44 (59%),17/25 (68%),,4,15,,18,1,3,,,1,,4
14391475,173,78229,NORMAL,REGULAR,Round 34,LEAGUE,6339,Sutton United,Local,1ST,21/02/2026,34,,,,,,,,,,,,,,,,,,,,,,,,,,,,,,,,,,,,,,,,,,,,,,,,
14391475,173,78229,NORMAL,REGULAR,Round 34,LEAGUE,6339,Sutton United,Local,2ND,21/02/2026,34,,,,,,,,,,,,,,,,,,,,,,,,,,,,,,,,,,,,,,,,,,,,,,,,
14391475,173,78229,NORMAL,REGULAR,Round 34,LEAGUE,238,Wealdstone,Visita,ALL,21/02/2026,34,0,46%,0.72,,8,5,4,13,331,2,5,0,0,3,0,3,2,5,3,,,1,13,,1,262,26,,23/42 (55%),34/55 (61%),3/9 (33%),35%,12,61/175 (35%),16/45 (36%),10/19 (53%),,2,24,,19,1,5,,,0,,14
14391475,173,78229,NORMAL,REGULAR,Round 34,LEAGUE,238,Wealdstone,Visita,1ST,21/02/2026,34,,,,,,,,,,,,,,,,,,,,,,,,,,,,,,,,,,,,,,,,,,,,,,,,
14391475,173,78229,NORMAL,REGULAR,Round 34,LEAGUE,238,Wealdstone,Visita,2ND,21/02/2026,34,,,,,,,,,,,,,,,,,,,,,,,,,,,,,,,,,,,,,,,,,,,,,,,,
14391489,173,78229,NORMAL,REGULAR,Round 35,LEAGUE,131,Yeovil Town,Local,ALL,25/02/2026,35,3,40%,4.06,,15,2,6,15,338,7,3,3,0,6,0,6,3,11,4,,,0,27,,1,262,29,,28/47 (60%),24/55 (43%),7/16 (43%),37%,6,34/116 (29%),34/64 (53%),12/15 (80%),,7,18,,17,3,2,,,3,,6
14391489,173,78229,NORMAL,REGULAR,Round 35,LEAGUE,131,Yeovil Town,Local,1ST,25/02/2026,35,,,,,,,,,,,,,,,,,,,,,,,,,,,,,,,,,,,,,,,,,,,,,,,,
14391489,173,78229,NORMAL,REGULAR,Round 35,LEAGUE,131,Yeovil Town,Local,2ND,25/02/2026,35,,,,,,,,,,,,,,,,,,,,,,,,,,,,,,,,,,,,,,,,,,,,,,,,
14391489,173,78229,NORMAL,REGULAR,Round 35,LEAGUE,6339,Sutton United,Visita,ALL,25/02/2026,35,2,60%,0.88,,10,4,8,8,431,6,4,5,0,4,0,3,3,7,3,,,1,11,,5,332,34,,37/74 (50%),25/64 (39%),3/13 (23%),41%,10,44/124 (35%),35/66 (53%),15/20 (75%),,6,10,,19,3,4,,,1,,10
14391489,173,78229,NORMAL,REGULAR,Round 35,LEAGUE,6339,Sutton United,Visita,1ST,25/02/2026,35,,,,,,,,,,,,,,,,,,,,,,,,,,,,,,,,,,,,,,,,,,,,,,,,
14391489,173,78229,NORMAL,REGULAR,Round 35,LEAGUE,6339,Sutton United,Visita,2ND,25/02/2026,35,,,,,,,,,,,,,,,,,,,,,,,,,,,,,,,,,,,,,,,,,,,,,,,,
14391494,173,78229,NORMAL,REGULAR,Round 36,LEAGUE,87,FC Halifax Town,Local,ALL,28/02/2026,36,2,44%,2.10,,11,6,1,6,466,4,0,1,0,5,1,3,2,8,3,,,5,14,,5,392,20,,40/51 (78%),25/45 (55%),8/17 (47%),23%,8,37/169 (22%),11/36 (31%),14/18 (78%),,4,26,,27,9,6,,,0,,3
14391494,173,78229,NORMAL,REGULAR,Round 36,LEAGUE,87,FC Halifax Town,Local,1ST,28/02/2026,36,,,,,,,,,,,,,,,,,,,,,,,,,,,,,,,,,,,,,,,,,,,,,,,,
14391494,173,78229,NORMAL,REGULAR,Round 36,LEAGUE,87,FC Halifax Town,Local,2ND,28/02/2026,36,,,,,,,,,,,,,,,,,,,,,,,,,,,,,,,,,,,,,,,,,,,,,,,,
14391494,173,78229,NORMAL,REGULAR,Round 36,LEAGUE,6339,Sutton United,Visita,ALL,28/02/2026,36,2,56%,1.18,,14,3,7,7,597,3,0,2,0,8,0,1,5,8,6,,,0,26,,0,516,22,,43/56 (77%),30/46 (65%),6/21 (28%),38%,7,54/157 (34%),20/35 (57%),25/32 (78%),,3,19,,13,1,3,,,1,,8
14391494,173,78229,NORMAL,REGULAR,Round 36,LEAGUE,6339,Sutton United,Visita,1ST,28/02/2026,36,,,,,,,,,,,,,,,,,,,,,,,,,,,,,,,,,,,,,,,,,,,,,,,,
14391494,173,78229,NORMAL,REGULAR,Round 36,LEAGUE,6339,Sutton United,Visita,2ND,28/02/2026,36,,,,,,,,,,,,,,,,,,,,,,,,,,,,,,,,,,,,,,,,,,,,,,,,
15578580,173,78229,NORMAL,REGULAR,Round 33,LEAGUE,101,Hartlepool United,Local,ALL,03/03/2026,33,0,43%,1.66,,16,5,2,14,405,4,4,0,0,2,0,6,8,7,9,,,0,16,,4,306,26,,36/57 (63%),37/63 (58%),4/18 (22%),34%,3,44/145 (30%),21/45 (47%),16/20 (80%),,4,18,,15,2,5,,,,,9
15578580,173,78229,NORMAL,REGULAR,Round 33,LEAGUE,101,Hartlepool United,Local,1ST,03/03/2026,33,,,,,,,,,,,,,,,,,,,,,,,,,,,,,,,,,,,,,,,,,,,,,,,,
15578580,173,78229,NORMAL,REGULAR,Round 33,LEAGUE,101,Hartlepool United,Local,2ND,03/03/2026,33,,,,,,,,,,,,,,,,,,,,,,,,,,,,,,,,,,,,,,,,,,,,,,,,
15578580,173,78229,NORMAL,REGULAR,Round 33,LEAGUE,6339,Sutton United,Visita,ALL,03/03/2026,33,2,57%,1.72,,16,2,6,9,494,3,1,0,0,6,0,4,6,11,5,,,0,23,,3,395,19,,39/51 (76%),25/56 (44%),4/14 (28%),39%,12,53/152 (35%),31/59 (53%),20/27 (74%),,3,27,,15,5,2,,,,,9
15578580,173,78229,NORMAL,REGULAR,Round 33,LEAGUE,6339,Sutton United,Visita,1ST,03/03/2026,33,,,,,,,,,,,,,,,,,,,,,,,,,,,,,,,,,,,,,,,,,,,,,,,,
15578580,173,78229,NORMAL,REGULAR,Round 33,LEAGUE,6339,Sutton United,Visita,2ND,03/03/2026,33,,,,,,,,,,,,,,,,,,,,,,,,,,,,,,,,,,,,,,,,,,,,,,,,
14391510,173,78229,NORMAL,REGULAR,Round 37,LEAGUE,6339,Sutton United,Local,ALL,07/03/2026,37,0,68%,0.64,,9,4,7,17,508,4,3,3,1,2,0,3,4,4,5,,,0,9,,2,427,24,,35/68 (51%),27/58 (46%),2/10 (20%),27%,5,39/134 (29%),9/38 (24%),20/26 (77%),,4,17,,12,3,4,,,0,,11
14391510,173,78229,NORMAL,REGULAR,Round 37,LEAGUE,6339,Sutton United,Local,1ST,07/03/2026,37,,,,,,,,,,,,,,,,,,,,,,,,,,,,,,,,,,,,,,,,,,,,,,,,
14391510,173,78229,NORMAL,REGULAR,Round 37,LEAGUE,6339,Sutton United,Local,2ND,07/03/2026,37,,,,,,,,,,,,,,,,,,,,,,,,,,,,,,,,,,,,,,,,,,,,,,,,
14391510,173,78229,NORMAL,REGULAR,Round 37,LEAGUE,81,Morecambe,Visita,ALL,07/03/2026,37,5,32%,1.85,,19,2,3,12,223,1,8,2,0,8,0,6,4,10,9,,,1,16,,6,149,20,,15/32 (47%),13/37 (35%),3/14 (21%),41%,6,45/136 (33%),29/43 (67%),21/24 (88%),,1,19,,16,1,2,,,1,,10
14391510,173,78229,NORMAL,REGULAR,Round 37,LEAGUE,81,Morecambe,Visita,1ST,07/03/2026,37,,,,,,,,,,,,,,,,,,,,,,,,,,,,,,,,,,,,,,,,,,,,,,,,
14391510,173,78229,NORMAL,REGULAR,Round 37,LEAGUE,81,Morecambe,Visita,2ND,07/03/2026,37,,,,,,,,,,,,,,,,,,,,,,,,,,,,,,,,,,,,,,,,,,,,,,,,
15410386,173,78229,NORMAL,REGULAR,Round 26,LEAGUE,85,Scunthorpe United,Local,ALL,10/03/2026,26,1,44%,2.14,,15,1,4,10,300,2,5,2,0,6,0,3,6,9,6,,,1,21,,4,202,32,,24/49 (49%),37/83 (44%),2/10 (20%),34%,4,47/146 (32%),23/57 (40%),14/24 (58%),,2,17,,20,3,1,,,,,8
15410386,173,78229,NORMAL,REGULAR,Round 26,LEAGUE,85,Scunthorpe United,Local,1ST,10/03/2026,26,,,,,,,,,,,,,,,,,,,,,,,,,,,,,,,,,,,,,,,,,,,,,,,,
15410386,173,78229,NORMAL,REGULAR,Round 26,LEAGUE,85,Scunthorpe United,Local,2ND,10/03/2026,26,,,,,,,,,,,,,,,,,,,,,,,,,,,,,,,,,,,,,,,,,,,,,,,,
15410386,173,78229,NORMAL,REGULAR,Round 26,LEAGUE,6339,Sutton United,Visita,ALL,10/03/2026,26,2,56%,1.12,,9,5,2,12,414,3,2,2,0,3,0,4,2,6,3,,,1,19,,8,301,23,,48/83 (58%),39/85 (45%),3/14 (21%),35%,7,41/136 (30%),28/57 (49%),11/17 (65%),,3,20,,25,4,5,,,,,6
15410386,173,78229,NORMAL,REGULAR,Round 26,LEAGUE,6339,Sutton United,Visita,1ST,10/03/2026,26,,,,,,,,,,,,,,,,,,,,,,,,,,,,,,,,,,,,,,,,,,,,,,,,
15410386,173,78229,NORMAL,REGULAR,Round 26,LEAGUE,6339,Sutton United,Visita,2ND,10/03/2026,26,,,,,,,,,,,,,,,,,,,,,,,,,,,,,,,,,,,,,,,,,,,,,,,,
14391519,173,78229,NORMAL,REGULAR,Round 38,LEAGUE,157,Gateshead,Local,ALL,14/03/2026,38,1,41%,0.43,,5,5,4,9,331,3,3,1,0,2,1,1,1,3,2,,,0,17,,4,269,19,,28/55 (51%),32/67 (47%),6/8 (75%),33%,9,50/152 (33%),20/56 (36%),5/6 (83%),,3,10,,12,1,5,,,,,7
14391519,173,78229,NORMAL,REGULAR,Round 38,LEAGUE,157,Gateshead,Local,1ST,14/03/2026,38,,,,,,,,,,,,,,,,,,,,,,,,,,,,,,,,,,,,,,,,,,,,,,,,
14391519,173,78229,NORMAL,REGULAR,Round 38,LEAGUE,157,Gateshead,Local,2ND,14/03/2026,38,,,,,,,,,,,,,,,,,,,,,,,,,,,,,,,,,,,,,,,,,,,,,,,,
14391519,173,78229,NORMAL,REGULAR,Round 38,LEAGUE,6339,Sutton United,Visita,ALL,14/03/2026,38,1,59%,1.29,,11,1,6,13,492,8,1,2,0,5,0,4,2,7,4,,,3,13,,3,419,26,,43/63 (68%),26/50 (52%),2/10 (20%),42%,11,53/143 (37%),27/44 (61%),22/29 (76%),,8,8,,16,2,1,,,,,12
14391519,173,78229,NORMAL,REGULAR,Round 38,LEAGUE,6339,Sutton United,Visita,1ST,14/03/2026,38,,,,,,,,,,,,,,,,,,,,,,,,,,,,,,,,,,,,,,,,,,,,,,,,
14391519,173,78229,NORMAL,REGULAR,Round 38,LEAGUE,6339,Sutton United,Visita,2ND,14/03/2026,38,,,,,,,,,,,,,,,,,,,,,,,,,,,,,,,,,,,,,,,,,,,,,,,,
14391534,173,78229,NORMAL,REGULAR,Round 39,LEAGUE,6339,Sutton United,Local,ALL,21/03/2026,39,0,68%,1.97,,13,3,6,15,572,6,0,3,0,2,0,7,4,8,5,,,3,25,,2,484,27,,51/78 (65%),38/67 (56%),9/16 (56%),41%,6,48/123 (39%),24/49 (49%),24/30 (80%),,6,18,,11,4,3,,,,,7
14391534,173,78229,NORMAL,REGULAR,Round 39,LEAGUE,6339,Sutton United,Local,1ST,21/03/2026,39,,,,,,,,,,,,,,,,,,,,,,,,,,,,,,,,,,,,,,,,,,,,,,,,
14391534,173,78229,NORMAL,REGULAR,Round 39,LEAGUE,6339,Sutton United,Local,2ND,21/03/2026,39,,,,,,,,,,,,,,,,,,,,,,,,,,,,,,,,,,,,,,,,,,,,,,,,
14391534,173,78229,NORMAL,REGULAR,Round 39,LEAGUE,38001,Truro City,Visita,ALL,21/03/2026,39,3,32%,3.05,,16,2,5,4,226,1,2,1,0,6,1,5,4,13,3,,,1,18,,3,155,18,,24/51 (47%),30/57 (52%),6/9 (66%),28%,6,32/137 (23%),21/51 (41%),5/10 (50%),,1,19,,20,2,2,,,,,14
14391534,173,78229,NORMAL,REGULAR,Round 39,LEAGUE,38001,Truro City,Visita,1ST,21/03/2026,39,,,,,,,,,,,,,,,,,,,,,,,,,,,,,,,,,,,,,,,,,,,,,,,,
14391534,173,78229,NORMAL,REGULAR,Round 39,LEAGUE,38001,Truro City,Visita,2ND,21/03/2026,39,,,,,,,,,,,,,,,,,,,,,,,,,,,,,,,,,,,,,,,,,,,,,,,,
14391541,173,78229,NORMAL,REGULAR,Round 40,LEAGUE,6191,Eastleigh,Local,ALL,24/03/2026,40,0,30%,0.07,,3,3,2,6,218,5,3,0,1,0,0,1,2,0,3,,,0,2,,2,145,25,,9/29 (31%),11/41 (26%),0/1 (0%),26%,2,33/123 (27%),11/40 (28%),6/10 (60%),,5,13,,13,3,3,,,,,20
14391541,173,78229,NORMAL,REGULAR,Round 40,LEAGUE,6191,Eastleigh,Local,1ST,24/03/2026,40,,,,,,,,,,,,,,,,,,,,,,,,,,,,,,,,,,,,,,,,,,,,,,,,
14391541,173,78229,NORMAL,REGULAR,Round 40,LEAGUE,6191,Eastleigh,Local,2ND,24/03/2026,40,,,,,,,,,,,,,,,,,,,,,,,,,,,,,,,,,,,,,,,,,,,,,,,,
14391541,173,78229,NORMAL,REGULAR,Round 40,LEAGUE,6339,Sutton United,Visita,ALL,24/03/2026,40,2,70%,1.86,,17,2,8,9,626,5,2,2,0,3,1,7,4,9,8,,,3,33,,1,555,19,,57/73 (78%),20/32 (62%),5/24 (20%),44%,9,44/111 (40%),22/38 (58%),24/32 (75%),,5,13,,14,0,2,,,,,2
14391541,173,78229,NORMAL,REGULAR,Round 40,LEAGUE,6339,Sutton United,Visita,1ST,24/03/2026,40,,,,,,,,,,,,,,,,,,,,,,,,,,,,,,,,,,,,,,,,,,,,,,,,
14391541,173,78229,NORMAL,REGULAR,Round 40,LEAGUE,6339,Sutton United,Visita,2ND,24/03/2026,40,,,,,,,,,,,,,,,,,,,,,,,,,,,,,,,,,,,,,,,,,,,,,,,,
14391558,173,78229,NORMAL,REGULAR,Round 41,LEAGUE,6339,Sutton United,Local,ALL,28/03/2026,41,1,58%,0.36,,9,1,3,18,688,2,1,3,0,2,0,3,4,3,6,,,2,10,,2,605,13,,35/67 (52%),14/39 (35%),0/8 (0%),35%,6,27/88 (31%),12/21 (57%),9/10 (90%),,2,21,,10,1,1,,,0,,6
14391558,173,78229,NORMAL,REGULAR,Round 41,LEAGUE,6339,Sutton United,Local,1ST,28/03/2026,41,,,,,,,,,,,,,,,,,,,,,,,,,,,,,,,,,,,,,,,,,,,,,,,,
14391558,173,78229,NORMAL,REGULAR,Round 41,LEAGUE,6339,Sutton United,Local,2ND,28/03/2026,41,,,,,,,,,,,,,,,,,,,,,,,,,,,,,,,,,,,,,,,,,,,,,,,,
14391558,173,78229,NORMAL,REGULAR,Round 41,LEAGUE,103,Rochdale,Visita,ALL,28/03/2026,41,2,42%,0.61,,7,1,1,7,467,1,2,2,0,3,0,4,0,5,2,,,5,9,,3,382,24,,24/40 (60%),41/72 (56%),9/15 (60%),41%,4,33/80 (41%),9/22 (41%),13/15 (87%),,1,11,,8,3,1,,,1,,7
14391558,173,78229,NORMAL,REGULAR,Round 41,LEAGUE,103,Rochdale,Visita,1ST,28/03/2026,41,,,,,,,,,,,,,,,,,,,,,,,,,,,,,,,,,,,,,,,,,,,,,,,,
14391558,173,78229,NORMAL,REGULAR,Round 41,LEAGUE,103,Rochdale,Visita,2ND,28/03/2026,41,,,,,,,,,,,,,,,,,,,,,,,,,,,,,,,,,,,,,,,,,,,,,,,,
14391562,173,78229,NORMAL,REGULAR,Round 42,LEAGUE,75,Aldershot Town,Local,ALL,03/04/2026,42,2,46%,2.30,,10,4,9,16,327,5,5,3,1,3,1,5,1,5,5,,,1,18,,1,240,29,,30/62 (48%),26/51 (50%),2/14 (14%),42%,4,54/128 (42%),19/45 (42%),13/18 (72%),,5,13,,13,3,4,,,1,,5
14391562,173,78229,NORMAL,REGULAR,Round 42,LEAGUE,75,Aldershot Town,Local,1ST,03/04/2026,42,,,,,,,,,,,,,,,,,,,,,,,,,,,,,,,,,,,,,,,,,,,,,,,,
14391562,173,78229,NORMAL,REGULAR,Round 42,LEAGUE,75,Aldershot Town,Local,2ND,03/04/2026,42,,,,,,,,,,,,,,,,,,,,,,,,,,,,,,,,,,,,,,,,,,,,,,,,
14391562,173,78229,NORMAL,REGULAR,Round 42,LEAGUE,6339,Sutton United,Visita,ALL,03/04/2026,42,2,54%,1.57,,7,1,2,19,408,0,2,4,1,6,0,1,0,7,0,,,1,8,,3,329,28,,20/37 (54%),19/50 (38%),3/6 (50%),35%,12,35/126 (28%),24/42 (57%),8/12 (67%),,0,21,,22,0,1,,,2,,12
14391562,173,78229,NORMAL,REGULAR,Round 42,LEAGUE,6339,Sutton United,Visita,1ST,03/04/2026,42,,,,,,,,,,,,,,,,,,,,,,,,,,,,,,,,,,,,,,,,,,,,,,,,
14391562,173,78229,NORMAL,REGULAR,Round 42,LEAGUE,6339,Sutton United,Visita,2ND,03/04/2026,42,,,,,,,,,,,,,,,,,,,,,,,,,,,,,,,,,,,,,,,,,,,,,,,,
14391578,173,78229,NORMAL,REGULAR,Round 43,LEAGUE,6339,Sutton United,Local,ALL,06/04/2026,43,0,51%,1.14,,8,5,5,8,406,3,2,2,0,1,0,3,4,4,4,,,0,8,,0,322,18,,16/35 (46%),24/51 (47%),2/7 (28%),35%,3,29/104 (28%),27/55 (49%),9/12 (75%),,3,10,,21,3,5,,,1,,12
14391578,173,78229,NORMAL,REGULAR,Round 43,LEAGUE,6339,Sutton United,Local,1ST,06/04/2026,43,,,,,,,,,,,,,,,,,,,,,,,,,,,,,,,,,,,,,,,,,,,,,,,,
14391578,173,78229,NORMAL,REGULAR,Round 43,LEAGUE,6339,Sutton United,Local,2ND,06/04/2026,43,,,,,,,,,,,,,,,,,,,,,,,,,,,,,,,,,,,,,,,,,,,,,,,,
14391578,173,78229,NORMAL,REGULAR,Round 43,LEAGUE,99,Southend United,Visita,ALL,06/04/2026,43,3,49%,1.92,,20,2,5,13,391,1,5,1,0,7,1,7,5,14,6,,,0,25,,2,318,33,,27/56 (48%),33/66 (50%),7/20 (35%),37%,6,35/107 (33%),25/51 (49%),15/17 (88%),,1,10,,6,2,2,,,0,,4
14391578,173,78229,NORMAL,REGULAR,Round 43,LEAGUE,99,Southend United,Visita,1ST,06/04/2026,43,,,,,,,,,,,,,,,,,,,,,,,,,,,,,,,,,,,,,,,,,,,,,,,,
14391578,173,78229,NORMAL,REGULAR,Round 43,LEAGUE,99,Southend United,Visita,2ND,06/04/2026,43,,,,,,,,,,,,,,,,,,,,,,,,,,,,,,,,,,,,,,,,,,,,,,,,
14391592,173,78229,NORMAL,REGULAR,Round 44,LEAGUE,78,Carlisle United,Local,ALL,11/04/2026,44,3,48%,2.83,,20,1,6,16,430,2,3,2,0,6,1,6,7,12,8,,,0,19,,3,332,17,,33/60 (55%),29/62 (46%),4/19 (21%),42%,6,54/129 (42%),17/39 (44%),21/23 (91%),,2,12,,6,1,1,,,,,14
14391592,173,78229,NORMAL,REGULAR,Round 44,LEAGUE,78,Carlisle United,Local,1ST,11/04/2026,44,,,,,,,,,,,,,,,,,,,,,,,,,,,,,,,,,,,,,,,,,,,,,,,,
14391592,173,78229,NORMAL,REGULAR,Round 44,LEAGUE,78,Carlisle United,Local,2ND,11/04/2026,44,,,,,,,,,,,,,,,,,,,,,,,,,,,,,,,,,,,,,,,,,,,,,,,,
14391592,173,78229,NORMAL,REGULAR,Round 44,LEAGUE,6339,Sutton United,Visita,ALL,11/04/2026,44,0,52%,0.80,,8,3,3,14,455,6,1,5,0,1,0,6,1,4,4,,,1,14,,1,368,12,,35/59 (59%),25/47 (53%),4/10 (40%),35%,5,34/116 (29%),19/35 (54%),12/17 (71%),,6,23,,13,3,3,,,,,11
14391592,173,78229,NORMAL,REGULAR,Round 44,LEAGUE,6339,Sutton United,Visita,1ST,11/04/2026,44,,,,,,,,,,,,,,,,,,,,,,,,,,,,,,,,,,,,,,,,,,,,,,,,
14391592,173,78229,NORMAL,REGULAR,Round 44,LEAGUE,6339,Sutton United,Visita,2ND,11/04/2026,44,,,,,,,,,,,,,,,,,,,,,,,,,,,,,,,,,,,,,,,,,,,,,,,,
14391601,173,78229,NORMAL,REGULAR,Round 45,LEAGUE,6339,Sutton United,Local,ALL,18/04/2026,45,1,48%,0.46,,13,3,2,24,386,4,5,1,0,5,0,4,4,4,9,,,1,9,,0,296,26,,35/60 (58%),22/53 (41%),0/5 (0%),37%,7,33/102 (32%),22/43 (51%),10/16 (63%),,4,16,,25,1,3,,,,,4
14391601,173,78229,NORMAL,REGULAR,Round 45,LEAGUE,6339,Sutton United,Local,1ST,18/04/2026,45,,,,,,,,,,,,,,,,,,,,,,,,,,,,,,,,,,,,,,,,,,,,,,,,
14391601,173,78229,NORMAL,REGULAR,Round 45,LEAGUE,6339,Sutton United,Local,2ND,18/04/2026,45,,,,,,,,,,,,,,,,,,,,,,,,,,,,,,,,,,,,,,,,,,,,,,,,
14391601,173,78229,NORMAL,REGULAR,Round 45,LEAGUE,110,Altrincham FC,Visita,ALL,18/04/2026,45,2,52%,0.78,,7,4,1,9,403,5,4,4,0,5,1,1,0,4,3,,,1,11,,4,317,30,,16/50 (32%),23/64 (35%),2/7 (28%),37%,10,40/102 (39%),15/43 (35%),10/11 (91%),,5,15,,19,4,4,,,,,9
14391601,173,78229,NORMAL,REGULAR,Round 45,LEAGUE,110,Altrincham FC,Visita,1ST,18/04/2026,45,,,,,,,,,,,,,,,,,,,,,,,,,,,,,,,,,,,,,,,,,,,,,,,,
14391601,173,78229,NORMAL,REGULAR,Round 45,LEAGUE,110,Altrincham FC,Visita,2ND,18/04/2026,45,,,,,,,,,,,,,,,,,,,,,,,,,,,,,,,,,,,,,,,,,,,,,,,,
14391619,173,78229,NORMAL,REGULAR,Round 46,LEAGUE,36467,Boreham Wood,Local,ALL,25/04/2026,46,1,53%,1.64,,13,2,5,13,512,3,2,2,0,2,1,5,5,9,4,,,1,25,,2,440,13,,31/51 (61%),35/55 (63%),2/10 (20%),37%,8,31/107 (29%),21/30 (70%),10/14 (71%),,3,16,,24,2,2,,,2,,7
14391619,173,78229,NORMAL,REGULAR,Round 46,LEAGUE,36467,Boreham Wood,Local,1ST,25/04/2026,46,,,,,,,,,,,,,,,,,,,,,,,,,,,,,,,,,,,,,,,,,,,,,,,,
14391619,173,78229,NORMAL,REGULAR,Round 46,LEAGUE,36467,Boreham Wood,Local,2ND,25/04/2026,46,,,,,,,,,,,,,,,,,,,,,,,,,,,,,,,,,,,,,,,,,,,,,,,,
14391619,173,78229,NORMAL,REGULAR,Round 46,LEAGUE,6339,Sutton United,Visita,ALL,25/04/2026,46,0,47%,0.36,,8,1,6,13,441,7,2,2,0,2,1,3,2,5,3,,,2,15,,0,380,29,,37/52 (71%),27/45 (60%),2/9 (22%),34%,7,46/126 (37%),9/35 (26%),19/27 (70%),,7,10,,11,2,1,,,0,,8
14391619,173,78229,NORMAL,REGULAR,Round 46,LEAGUE,6339,Sutton United,Visita,1ST,25/04/2026,46,,,,,,,,,,,,,,,,,,,,,,,,,,,,,,,,,,,,,,,,,,,,,,,,
14391619,173,78229,NORMAL,REGULAR,Round 46,LEAGUE,6339,Sutton United,Visita,2ND,25/04/2026,46,,,,,,,,,,,,,,,,,,,,,,,,,,,,,,,,,,,,,,,,,,,,,,,,
16494240,173,98160,NORMAL,REGULAR,Round 1,LEAGUE,128,Woking,Local,ALL,08/08/2026,1,0,65%,0.68,,9,4,5,9,421,2,9,1,0,1,0,6,2,5,4,,,0,25,,0,348,26,,36/53 (68%),17/36 (47%),2/14 (14%),54%,11,55/99 (56%),14/28 (50%),8/11 (73%),,2,6,,27,,4,,,0,,3
16494240,173,98160,NORMAL,REGULAR,Round 1,LEAGUE,128,Woking,Local,1ST,08/08/2026,1,,,,,,,,,,,,,,,,,,,,,,,,,,,,,,,,,,,,,,,,,,,,,,,,
16494240,173,98160,NORMAL,REGULAR,Round 1,LEAGUE,128,Woking,Local,2ND,08/08/2026,1,,,,,,,,,,,,,,,,,,,,,,,,,,,,,,,,,,,,,,,,,,,,,,,,
16494240,173,98160,NORMAL,REGULAR,Round 1,LEAGUE,6339,Sutton United,Visita,ALL,08/08/2026,1,3,35%,0.85,,10,1,1,25,194,4,3,4,0,7,0,1,2,5,5,,,0,7,,2,137,21,,12/34 (35%),4/24 (16%),0/2 (0%),45%,8,43/98 (44%),15/29 (52%),2/6 (33%),,4,18,,52,,1,,,1,,8
16494240,173,98160,NORMAL,REGULAR,Round 1,LEAGUE,6339,Sutton United,Visita,1ST,08/08/2026,1,,,,,,,,,,,,,,,,,,,,,,,,,,,,,,,,,,,,,,,,,,,,,,,,
16494240,173,98160,NORMAL,REGULAR,Round 1,LEAGUE,6339,Sutton United,Visita,2ND,08/08/2026,1,,,,,,,,,,,,,,,,,,,,,,,,,,,,,,,,,,,,,,,,,,,,,,,,