Event_ID,Competition_ID,Season_ID,Season_Format,Competition_Phase,Competition_Stage,Competition_Type,Team_ID,Equipo,Condicion,Tiempo,Fecha,Jornada,Goals,Ball possession,Expected goals,Big chances,Total shots,Goalkeeper saves,Corner kicks,Fouls,Passes,Tackles,Free kicks,Yellow cards,Red cards,Shots on target,Hit woodwork,Shots off target,Blocked shots,Shots inside box,Shots outside box,Big chances scored,Big chances missed,Through balls,Touches in penalty area,Fouled in final third,Offsides,Accurate passes,Throw-ins,Final third entries,Final third phase,Long balls,Crosses,Duels,Dispossessed,Ground duels,Aerial duels,Dribbles,Tackles won,Total tackles,Interceptions,Recoveries,Clearances,Errors lead to a shot,Total saves,Goals prevented,Big saves,High claims,Punches,Goal kicks
9590725,24,37155,NORMAL,REGULAR,Round 1,LEAGUE,63,Cambridge United,Local,ALL,07/08/2021,1,1,40%,0.00,1,9,1,3,7,283,17,12,1,,1,0,4,4,6,3,1,0,0,,4,1,161,35,80,,27/77 (35%),4/15 (27%),55%,12,32/58 (55%),34/62 (55%),5/6 (83%),47%,17,4,,26,,1,,,,,13
9590725,24,37155,NORMAL,REGULAR,Round 1,LEAGUE,63,Cambridge United,Local,1ST,07/08/2021,1,0,38%,0.00,0,5,1,1,,129,8,5,1,,0,0,2,3,3,2,0,0,0,,2,0,66,19,27,,9/36 (25%),3/7 (43%),47%,10,15/31 (48%),16/35 (46%),4/4 (100%),50%,8,1,,13,,1,,,,,9
9590725,24,37155,NORMAL,REGULAR,Round 1,LEAGUE,63,Cambridge United,Local,2ND,07/08/2021,1,1,41%,0.00,1,4,0,2,,154,9,7,0,,1,0,2,1,3,1,1,0,0,,2,1,95,16,53,,18/41 (44%),1/8 (13%),65%,2,17/27 (63%),18/27 (67%),1/2 (50%),44%,9,3,,13,,0,,,,,4
9590725,24,37155,NORMAL,REGULAR,Round 1,LEAGUE,95,Oxford United,Visita,ALL,07/08/2021,1,1,60%,0.00,1,11,0,4,12,419,13,7,2,,2,0,4,5,10,1,0,1,1,,1,1,308,25,69,,43/105 (41%),6/27 (22%),45%,12,26/58 (45%),28/62 (45%),6/11 (55%),69%,13,7,,13,,0,,,,,8
9590725,24,37155,NORMAL,REGULAR,Round 1,LEAGUE,95,Oxford United,Visita,1ST,07/08/2021,1,1,62%,0.00,0,6,0,3,,204,10,5,1,,2,0,2,2,6,0,0,0,1,,1,1,143,13,39,,23/53 (43%),4/14 (29%),53%,6,16/31 (52%),19/35 (54%),1/3 (33%),80%,10,3,,7,,0,,,,,3
9590725,24,37155,NORMAL,REGULAR,Round 1,LEAGUE,95,Oxford United,Visita,2ND,07/08/2021,1,0,59%,0.00,1,5,0,1,,215,3,2,1,,0,0,2,3,4,1,0,1,0,,0,0,165,12,30,,20/52 (38%),2/13 (15%),35%,6,10/27 (37%),9/27 (33%),5/8 (63%),33%,3,4,,6,,0,,,,,5
9602097,21,37177,NORMAL,PLAYOFF,Round 1,CUP,134,Burton Albion,Local,ALL,11/08/2021,7,1,41%,0.00,0,20,1,6,15,286,10,8,0,,3,1,12,5,13,7,0,,,,1,3,174,34,65,,22/69 (32%),6/21 (29%),41%,7,23/70 (33%),35/71 (49%),7/21 (33%),70%,10,12,,23,,1,,,,,8
9602097,21,37177,NORMAL,PLAYOFF,Round 1,CUP,134,Burton Albion,Local,1ST,11/08/2021,7,0,36%,0.00,0,12,1,3,,124,1,3,0,,0,1,8,4,8,4,0,,,,0,2,74,16,27,,10/32 (31%),4/10 (40%),34%,4,4/28 (14%),16/31 (52%),1/6 (17%),0%,1,4,,14,,1,,,,,4
9602097,21,37177,NORMAL,PLAYOFF,Round 1,CUP,134,Burton Albion,Local,2ND,11/08/2021,7,1,45%,0.00,0,8,0,3,,162,9,5,0,,3,0,4,1,5,3,0,,,,1,1,100,18,38,,12/37 (32%),2/11 (18%),46%,3,19/42 (45%),19/40 (48%),6/15 (40%),78%,9,8,,9,,0,,,,,4
9602097,21,37177,NORMAL,PLAYOFF,Round 1,CUP,95,Oxford United,Visita,ALL,11/08/2021,7,1,59%,0.00,1,12,2,4,8,409,21,13,1,,2,0,5,5,8,4,1,,,,3,1,300,25,66,,24/84 (29%),11/27 (41%),59%,4,47/70 (67%),36/71 (51%),13/19 (68%),43%,21,4,,33,,2,,,,,14
9602097,21,37177,NORMAL,PLAYOFF,Round 1,CUP,95,Oxford United,Visita,1ST,11/08/2021,7,0,64%,0.00,0,6,0,1,,211,9,10,0,,1,0,3,2,5,1,0,,,,3,1,165,11,30,,11/36 (31%),7/20 (35%),66%,0,24/28 (86%),15/31 (48%),5/6 (83%),67%,9,2,,20,,0,,,,,8
9602097,21,37177,NORMAL,PLAYOFF,Round 1,CUP,95,Oxford United,Visita,2ND,11/08/2021,7,1,55%,0.00,1,6,2,3,,198,12,3,1,,1,0,2,3,3,3,1,,,,0,0,135,14,36,,13/48 (27%),4/7 (57%),54%,4,23/42 (55%),21/40 (53%),8/13 (62%),25%,12,2,,13,,2,,,,,6
9592290,24,37155,NORMAL,REGULAR,Round 2,LEAGUE,95,Oxford United,Local,ALL,14/08/2021,2,2,48%,0.00,3,11,2,5,10,289,14,16,2,,5,0,4,2,7,4,2,1,1,,4,2,202,26,53,,18/60 (30%),6/26 (23%),44%,6,29/59 (49%),22/56 (39%),2/6 (33%),93%,14,5,,18,,2,,,,,7
9592290,24,37155,NORMAL,REGULAR,Round 2,LEAGUE,95,Oxford United,Local,1ST,14/08/2021,2,2,46%,0.00,2,5,1,2,,130,10,5,1,,4,0,1,0,3,2,2,0,0,,0,1,91,13,15,,7/25 (28%),2/12 (17%),39%,4,16/33 (48%),8/29 (28%),1/4 (25%),90%,10,4,,9,,1,,,,,4
9592290,24,37155,NORMAL,REGULAR,Round 2,LEAGUE,95,Oxford United,Local,2ND,14/08/2021,2,0,50%,0.00,1,6,1,3,,159,4,11,1,,1,0,3,2,4,2,0,1,1,,4,1,111,13,38,,11/35 (31%),4/14 (29%),51%,2,13/26 (50%),14/27 (52%),1/2 (50%),100%,4,1,,9,,1,,,,,3
9592290,24,37155,NORMAL,REGULAR,Round 2,LEAGUE,47,Charlton Athletic,Visita,ALL,14/08/2021,2,1,52%,0.00,2,10,3,6,16,318,10,9,2,,3,0,4,3,8,2,1,1,0,,3,0,231,31,75,,36/75 (48%),4/18 (22%),56%,6,30/59 (51%),34/56 (61%),11/19 (58%),70%,10,7,,22,,3,,,,,11
9592290,24,37155,NORMAL,REGULAR,Round 2,LEAGUE,47,Charlton Athletic,Visita,1ST,14/08/2021,2,1,54%,0.00,2,6,2,4,,161,7,5,0,,2,0,2,2,6,0,1,1,0,,2,0,110,21,39,,18/39 (46%),3/7 (43%),61%,5,17/33 (52%),21/29 (72%),5/10 (50%),71%,7,3,,10,,2,,,,,5
9592290,24,37155,NORMAL,REGULAR,Round 2,LEAGUE,47,Charlton Athletic,Visita,2ND,14/08/2021,2,0,50%,0.00,0,4,1,2,,157,3,4,2,,1,0,2,1,2,2,0,0,0,,1,0,121,10,36,,18/36 (50%),1/11 (9%),49%,1,13/26 (50%),13/27 (48%),6/9 (67%),67%,3,4,,12,,1,,,,,6
9592302,24,37155,NORMAL,REGULAR,Round 3,LEAGUE,95,Oxford United,Local,ALL,17/08/2021,3,1,49%,0.00,2,13,1,9,11,348,22,11,2,,1,0,8,4,9,4,1,1,,,3,0,244,23,61,,18/68 (26%),7/28 (25%),45%,15,38/82 (46%),20/47 (43%),5/14 (36%),82%,22,12,,21,,1,,,,,8
9592302,24,37155,NORMAL,REGULAR,Round 3,LEAGUE,95,Oxford United,Local,1ST,17/08/2021,3,1,56%,0.00,1,7,0,3,,213,13,6,0,,1,0,4,2,5,2,1,0,,,2,0,161,14,29,,10/33 (30%),3/14 (21%),48%,9,22/42 (52%),7/18 (39%),3/8 (38%),100%,13,7,,9,,0,,,,,4
9592302,24,37155,NORMAL,REGULAR,Round 3,LEAGUE,95,Oxford United,Local,2ND,17/08/2021,3,0,42%,0.00,1,6,1,6,,135,9,5,2,,0,0,4,2,4,2,0,1,,,1,0,83,9,32,,8/35 (23%),4/14 (29%),42%,6,16/40 (40%),13/29 (45%),2/6 (33%),56%,9,5,,12,,1,,,,,4
9592302,24,37155,NORMAL,REGULAR,Round 3,LEAGUE,19,Crewe Alexandra,Visita,ALL,17/08/2021,3,0,51%,0.00,2,7,0,3,12,372,24,11,3,,1,0,5,1,7,0,0,2,,,1,1,266,40,61,,22/63 (35%),3/14 (21%),55%,15,44/82 (54%),27/47 (57%),10/17 (59%),50%,24,9,,27,,0,,,,,17
9592302,24,37155,NORMAL,REGULAR,Round 3,LEAGUE,19,Crewe Alexandra,Visita,1ST,17/08/2021,3,0,44%,0.00,0,1,0,2,,176,14,4,0,,0,0,1,0,1,0,0,0,,,0,1,123,23,26,,9/35 (26%),1/5 (20%),52%,11,20/42 (48%),11/18 (61%),2/4 (50%),57%,14,5,,14,,0,,,,,6
9592302,24,37155,NORMAL,REGULAR,Round 3,LEAGUE,19,Crewe Alexandra,Visita,2ND,17/08/2021,3,0,58%,0.00,2,6,0,1,,196,10,7,3,,1,0,4,1,6,0,0,2,,,1,0,143,17,35,,13/28 (46%),2/9 (22%),58%,4,24/40 (60%),16/29 (55%),8/13 (62%),40%,10,4,,13,,0,,,,,11
9592307,24,37155,NORMAL,REGULAR,Round 4,LEAGUE,5,Bolton Wanderers,Local,ALL,21/08/2021,4,2,49%,0.00,1,14,6,7,7,376,11,15,0,,4,0,5,5,10,4,0,1,0,,7,1,292,29,52,,42/70 (60%),4/16 (25%),45%,7,35/65 (54%),13/41 (32%),9/17 (53%),45%,11,7,,27,,6,,,,,10
9592307,24,37155,NORMAL,REGULAR,Round 4,LEAGUE,5,Bolton Wanderers,Local,1ST,21/08/2021,4,1,55%,0.00,1,7,2,3,,211,9,7,0,,2,0,2,3,4,3,0,1,0,,3,1,168,12,29,,20/37 (54%),2/6 (33%),60%,1,22/32 (69%),9/20 (45%),6/9 (67%),33%,9,3,,8,,2,,,,,6
9592307,24,37155,NORMAL,REGULAR,Round 4,LEAGUE,5,Bolton Wanderers,Local,2ND,21/08/2021,4,1,43%,0.00,0,7,4,4,,165,2,8,0,,2,0,3,2,6,1,0,0,0,,4,0,124,17,23,,22/33 (67%),2/10 (20%),31%,6,13/33 (39%),4/21 (19%),3/8 (38%),100%,2,4,,19,,4,,,,,4
9592307,24,37155,NORMAL,REGULAR,Round 4,LEAGUE,95,Oxford United,Visita,ALL,21/08/2021,4,1,51%,0.00,3,13,2,6,17,400,15,7,3,,7,1,5,1,11,2,1,2,1,,1,2,307,22,58,,38/81 (47%),6/23 (26%),55%,7,30/65 (46%),28/41 (68%),8/12 (67%),80%,15,10,,26,,2,,,,,9
9592307,24,37155,NORMAL,REGULAR,Round 4,LEAGUE,95,Oxford United,Visita,1ST,21/08/2021,4,1,45%,0.00,2,5,1,1,,174,4,3,1,,3,1,2,0,5,0,1,1,0,,1,2,134,10,27,,17/37 (46%),2/8 (25%),40%,5,10/32 (31%),11/20 (55%),3/7 (43%),75%,4,6,,10,,1,,,,,6
9592307,24,37155,NORMAL,REGULAR,Round 4,LEAGUE,95,Oxford United,Visita,2ND,21/08/2021,4,0,57%,0.00,1,8,1,5,,226,11,4,2,,4,0,3,1,6,2,0,1,1,,0,0,173,12,31,,21/44 (48%),4/15 (27%),69%,2,20/33 (61%),17/21 (81%),5/5 (100%),82%,11,4,,16,,1,,,,,3
9714987,21,37177,NORMAL,REGULAR,Round 2,CUP,1,Queens Park Rangers,Local,ALL,24/08/2021,8,2,55%,0.00,3,16,1,8,6,536,16,12,1,,7,0,8,1,9,7,,3,2,,0,1,448,22,64,,25/52 (48%),5/23 (22%),55%,5,39/64 (61%),11/27 (41%),12/20 (60%),63%,16,9,,9,,1,,,,,13
9714987,21,37177,NORMAL,REGULAR,Round 2,CUP,1,Queens Park Rangers,Local,1ST,24/08/2021,8,2,56%,0.00,3,12,0,5,,278,10,5,0,,6,0,5,1,7,5,,3,2,,0,1,238,10,32,,15/28 (54%),5/16 (31%),53%,4,16/25 (64%),5/15 (33%),1/1 (100%),60%,10,4,,1,,0,,,,,6
9714987,21,37177,NORMAL,REGULAR,Round 2,CUP,1,Queens Park Rangers,Local,2ND,24/08/2021,8,0,53%,0.00,0,4,1,3,,258,6,7,1,,1,0,3,0,2,2,,0,0,,0,0,210,12,32,,10/24 (42%),0/7 (0%),57%,1,23/39 (59%),6/12 (50%),11/19 (58%),67%,6,5,,8,,1,,,,,7
9714987,21,37177,NORMAL,REGULAR,Round 2,CUP,95,Oxford United,Visita,ALL,24/08/2021,8,0,45%,0.00,1,9,6,4,12,446,13,6,2,,1,1,5,3,7,2,,1,1,,1,5,356,21,54,,38/74 (51%),6/15 (40%),45%,14,25/64 (39%),16/27 (59%),7/9 (78%),85%,13,14,,18,,6,,,,,8
9714987,21,37177,NORMAL,REGULAR,Round 2,CUP,95,Oxford United,Visita,1ST,24/08/2021,8,0,44%,0.00,1,5,5,2,,223,4,4,0,,0,1,3,2,3,2,,1,0,,1,3,173,8,25,,17/37 (46%),3/4 (75%),47%,9,9/25 (36%),10/15 (67%),2/3 (67%),75%,4,4,,12,,5,,,,,4
9714987,21,37177,NORMAL,REGULAR,Round 2,CUP,95,Oxford United,Visita,2ND,24/08/2021,8,0,47%,0.00,0,4,1,2,,223,9,2,2,,1,0,2,1,4,0,,0,1,,0,2,183,13,29,,21/37 (57%),3/11 (27%),43%,5,16/39 (41%),6/12 (50%),5/6 (83%),89%,9,10,,6,,1,,,,,4
9590861,24,37155,NORMAL,REGULAR,Round 5,LEAGUE,95,Oxford United,Local,ALL,28/08/2021,5,3,55%,0.00,1,12,4,2,8,545,13,10,0,,8,0,3,1,7,5,1,,2,,6,2,474,12,61,,37/73 (51%),2/12 (17%),49%,5,27/57 (47%),10/19 (53%),4/8 (50%),77%,13,8,,12,,4,,,,,9
9590861,24,37155,NORMAL,REGULAR,Round 5,LEAGUE,95,Oxford United,Local,1ST,28/08/2021,5,2,56%,0.00,0,9,0,1,,304,8,8,0,,5,0,3,1,5,4,0,,1,,4,2,273,4,31,,15/28 (54%),1/6 (17%),63%,2,18/29 (62%),4/6 (67%),2/5 (40%),63%,8,5,,2,,0,,,,,2
9590861,24,37155,NORMAL,REGULAR,Round 5,LEAGUE,95,Oxford United,Local,2ND,28/08/2021,5,1,53%,0.00,1,3,4,1,,241,5,2,0,,3,0,0,0,2,1,1,,1,,2,0,201,8,30,,22/45 (49%),1/6 (17%),37%,3,9/28 (32%),6/13 (46%),2/3 (67%),100%,5,3,,10,,4,,,,,7
9590861,24,37155,NORMAL,REGULAR,Round 5,LEAGUE,92,Lincoln City,Visita,ALL,28/08/2021,5,1,45%,0.00,1,14,5,8,10,442,9,8,1,,5,1,7,2,9,5,1,,0,,1,3,364,15,36,,20/39 (51%),5/16 (31%),51%,8,30/57 (53%),9/19 (47%),13/18 (72%),56%,9,5,,20,,5,,,,,8
9590861,24,37155,NORMAL,REGULAR,Round 5,LEAGUE,92,Lincoln City,Visita,1ST,28/08/2021,5,0,44%,0.00,0,1,3,2,,240,5,3,0,,0,1,1,0,1,0,0,,0,,0,0,204,5,14,,12/23 (52%),1/3 (33%),37%,5,11/29 (38%),2/6 (33%),3/6 (50%),20%,5,1,,11,,3,,,,,8
9590861,24,37155,NORMAL,REGULAR,Round 5,LEAGUE,92,Lincoln City,Visita,2ND,28/08/2021,5,1,47%,0.00,1,13,2,6,,202,4,5,1,,5,0,6,2,8,5,1,,0,,1,3,160,10,22,,8/16 (50%),4/13 (31%),63%,3,19/28 (68%),7/13 (54%),10/12 (83%),100%,4,4,,9,,2,,,,,0
9652203,334,37498,SPECIAL_EVENT,GROUP,"EFL Trophy, Southern Group H",SUPER_CUP,63,Cambridge United,Local,ALL,31/08/2021,,4,59%,0.00,5,31,5,8,6,535,25,16,1,0,12,1,12,7,21,10,2,3,,,2,2,463,19,45,,35/57 (61%),10/24 (42%),55%,21,51/93 (55%),15/27 (56%),10/16 (63%),72%,25,8,,9,,5,,,,,6
9652203,334,37498,SPECIAL_EVENT,GROUP,"EFL Trophy, Southern Group H",SUPER_CUP,63,Cambridge United,Local,1ST,31/08/2021,,2,55%,0.00,3,10,2,4,,248,16,9,0,0,2,1,4,4,6,4,1,2,,,2,1,208,12,21,,15/30 (50%),4/13 (31%),56%,14,30/53 (57%),5/9 (56%),5/9 (56%),63%,16,4,,3,,2,,,,,2
9652203,334,37498,SPECIAL_EVENT,GROUP,"EFL Trophy, Southern Group H",SUPER_CUP,63,Cambridge United,Local,2ND,31/08/2021,,2,63%,0.00,2,21,3,4,,287,9,7,1,0,10,0,8,3,15,6,1,1,,,0,1,255,7,24,,20/27 (74%),6/11 (55%),53%,7,21/40 (53%),10/18 (56%),5/7 (71%),89%,9,4,,6,,3,,,,,4
9652203,334,37498,SPECIAL_EVENT,GROUP,"EFL Trophy, Southern Group H",SUPER_CUP,95,Oxford United,Visita,ALL,31/08/2021,,1,41%,0.00,0,15,7,3,16,383,27,6,2,1,6,1,5,4,8,7,0,0,,,0,0,316,24,57,,28/60 (47%),2/8 (25%),45%,12,42/93 (45%),12/27 (44%),9/22 (41%),67%,27,16,,8,,7,,,,,14
9652203,334,37498,SPECIAL_EVENT,GROUP,"EFL Trophy, Southern Group H",SUPER_CUP,95,Oxford United,Visita,1ST,31/08/2021,,0,45%,0.00,0,7,0,0,,211,18,1,1,1,2,0,2,3,3,4,0,0,,,0,0,178,15,29,,17/33 (52%),0/2 (0%),44%,9,23/53 (43%),4/9 (44%),4/11 (36%),72%,18,10,,2,,0,,,,,5
9652203,334,37498,SPECIAL_EVENT,GROUP,"EFL Trophy, Southern Group H",SUPER_CUP,95,Oxford United,Visita,2ND,31/08/2021,,1,37%,0.00,0,8,7,3,,172,9,5,1,0,4,1,3,1,5,3,0,0,,,0,0,138,9,28,,11/27 (41%),2/6 (33%),47%,3,19/40 (48%),8/18 (44%),5/11 (45%),56%,9,6,,6,,7,,,,,9
9590842,24,37155,NORMAL,REGULAR,Round 6,LEAGUE,23957,AFC Wimbledon,Local,ALL,04/09/2021,6,3,45%,0.00,1,14,5,5,9,334,20,12,3,,8,0,4,2,11,3,1,0,0,,1,1,225,17,66,,25/67 (37%),5/19 (26%),56%,5,39/67 (58%),30/57 (53%),7/17 (41%),65%,20,13,,36,,5,,,,,12
9590842,24,37155,NORMAL,REGULAR,Round 6,LEAGUE,23957,AFC Wimbledon,Local,1ST,04/09/2021,6,0,44%,0.00,0,6,2,1,,168,13,6,1,,4,0,1,1,5,1,0,0,0,,1,0,112,9,34,,12/37 (32%),0/5 (0%),55%,3,22/37 (59%),11/23 (48%),3/7 (43%),62%,13,5,,11,,2,,,,,8
9590842,24,37155,NORMAL,REGULAR,Round 6,LEAGUE,23957,AFC Wimbledon,Local,2ND,04/09/2021,6,3,46%,0.00,1,8,3,4,,166,7,6,2,,4,0,3,1,6,2,1,0,0,,0,1,113,8,32,,13/30 (43%),5/14 (36%),56%,2,17/30 (57%),19/34 (56%),4/10 (40%),71%,7,8,,25,,3,,,,,4
9590842,24,37155,NORMAL,REGULAR,Round 6,LEAGUE,95,Oxford United,Visita,ALL,04/09/2021,6,1,55%,0.00,2,16,5,13,12,395,15,8,1,,6,1,7,3,10,6,1,1,2,,1,3,293,21,67,,32/73 (44%),6/36 (17%),44%,13,28/67 (42%),27/57 (47%),6/13 (46%),67%,15,11,,13,,5,,,,,9
9590842,24,37155,NORMAL,REGULAR,Round 6,LEAGUE,95,Oxford United,Visita,1ST,04/09/2021,6,1,56%,0.00,2,11,4,5,,202,7,4,1,,3,1,5,3,7,4,1,1,1,,1,3,156,10,34,,15/35 (43%),4/17 (24%),45%,9,15/37 (41%),12/23 (52%),4/8 (50%),57%,7,6,,7,,4,,,,,2
9590842,24,37155,NORMAL,REGULAR,Round 6,LEAGUE,95,Oxford United,Visita,2ND,04/09/2021,6,0,54%,0.00,0,5,1,8,,193,8,4,0,,3,0,2,0,3,2,0,0,1,,0,0,137,11,33,,17/38 (45%),2/19 (11%),44%,4,13/30 (43%),15/34 (44%),2/5 (40%),75%,8,5,,6,,1,,,,,7
9590781,24,37155,NORMAL,REGULAR,Round 7,LEAGUE,95,Oxford United,Local,ALL,11/09/2021,7,0,66%,0.00,,11,2,8,12,422,6,15,4,,4,0,4,3,6,5,,,2,,3,0,301,23,71,,31/94 (33%),4/23 (17%),55%,4,30/51 (59%),29/56 (52%),10/13 (77%),67%,6,4,,17,,2,,,,,8
9590781,24,37155,NORMAL,REGULAR,Round 7,LEAGUE,95,Oxford United,Local,1ST,11/09/2021,7,0,63%,0.00,,6,2,2,,185,2,10,0,,2,0,3,1,4,2,,,1,,2,0,128,7,28,,13/43 (30%),3/9 (33%),55%,1,15/23 (65%),13/28 (46%),4/4 (100%),50%,2,3,,11,,2,,,,,6
9590781,24,37155,NORMAL,REGULAR,Round 7,LEAGUE,95,Oxford United,Local,2ND,11/09/2021,7,0,69%,0.00,,5,0,6,,237,4,5,4,,2,0,1,2,2,3,,,1,,1,0,173,16,43,,18/51 (35%),1/14 (7%),55%,3,15/28 (54%),16/28 (57%),6/9 (67%),75%,4,1,,6,,0,,,,,2
9590781,24,37155,NORMAL,REGULAR,Round 7,LEAGUE,62,Wycombe Wanderers,Visita,ALL,11/09/2021,7,0,34%,0.00,,9,4,8,15,204,7,11,1,,2,0,1,6,8,1,,,0,,2,1,94,19,70,,19/71 (27%),3/26 (12%),45%,3,21/51 (41%),27/56 (48%),3/6 (50%),43%,7,8,,17,,4,,,,,10
9590781,24,37155,NORMAL,REGULAR,Round 7,LEAGUE,62,Wycombe Wanderers,Visita,1ST,11/09/2021,7,0,37%,0.00,,7,2,6,,99,1,5,0,,2,0,0,5,6,1,,,0,,1,1,44,12,38,,6/30 (20%),1/16 (6%),45%,1,8/23 (35%),15/28 (54%),2/3 (67%),100%,1,2,,3,,2,,,,,5
9590781,24,37155,NORMAL,REGULAR,Round 7,LEAGUE,62,Wycombe Wanderers,Visita,2ND,11/09/2021,7,0,31%,0.00,,2,2,2,,105,6,6,1,,0,0,1,1,2,0,,,0,,1,0,50,7,32,,13/41 (32%),2/10 (20%),45%,2,13/28 (46%),12/28 (43%),1/3 (33%),33%,6,6,,14,,2,,,,,5
9590754,24,37155,NORMAL,REGULAR,Round 8,LEAGUE,69,Cheltenham Town,Local,ALL,18/09/2021,8,1,48%,0.00,2,10,5,8,9,357,10,9,2,,1,0,6,3,8,2,1,1,,,3,4,246,27,54,,35/71 (49%),6/18 (33%),51%,8,21/46 (46%),26/47 (55%),2/7 (29%),80%,10,14,,27,,5,,,,,8
9590754,24,37155,NORMAL,REGULAR,Round 8,LEAGUE,69,Cheltenham Town,Local,1ST,18/09/2021,8,0,49%,0.00,0,2,5,3,,188,5,4,0,,0,0,1,1,1,1,0,0,,,1,2,136,12,21,,16/36 (44%),1/7 (14%),59%,4,10/21 (48%),13/18 (72%),1/2 (50%),60%,5,6,,18,,5,,,,,5
9590754,24,37155,NORMAL,REGULAR,Round 8,LEAGUE,69,Cheltenham Town,Local,2ND,18/09/2021,8,1,47%,0.00,2,8,0,5,,169,5,5,2,,1,0,5,2,7,1,1,1,,,2,2,110,15,33,,19/35 (54%),5/11 (45%),44%,4,11/25 (44%),13/29 (45%),1/5 (20%),100%,5,8,,9,,0,,,,,3
9590754,24,37155,NORMAL,REGULAR,Round 8,LEAGUE,95,Oxford United,Visita,ALL,18/09/2021,8,0,52%,0.00,1,11,0,10,11,380,13,8,1,,5,1,3,3,4,7,0,1,,,1,5,263,32,83,,34/86 (40%),6/31 (19%),49%,4,25/46 (54%),21/47 (45%),4/10 (40%),46%,13,9,,19,,0,,,,,8
9590754,24,37155,NORMAL,REGULAR,Round 8,LEAGUE,95,Oxford United,Visita,1ST,18/09/2021,8,0,51%,0.00,0,8,0,8,,186,5,3,0,,5,1,2,1,2,6,0,0,,,0,2,136,20,39,,14/38 (37%),5/23 (22%),41%,1,11/21 (52%),5/18 (28%),3/7 (43%),60%,5,3,,9,,0,,,,,2
9590754,24,37155,NORMAL,REGULAR,Round 8,LEAGUE,95,Oxford United,Visita,2ND,18/09/2021,8,0,53%,0.00,1,3,0,2,,194,8,5,1,,0,0,1,2,2,1,0,1,,,1,3,127,12,44,,20/48 (42%),1/8 (13%),56%,3,14/25 (56%),16/29 (55%),1/3 (33%),38%,8,6,,10,,0,,,,,6
9590766,24,37155,NORMAL,REGULAR,Round 9,LEAGUE,95,Oxford United,Local,ALL,25/09/2021,9,1,72%,0.00,4,23,3,12,7,582,16,8,0,,7,1,13,3,14,9,1,3,3,,1,2,485,24,86,,31/75 (41%),10/43 (23%),45%,6,25/47 (53%),21/55 (38%),2/5 (40%),63%,16,7,,11,,3,,,,,8
9590766,24,37155,NORMAL,REGULAR,Round 9,LEAGUE,95,Oxford United,Local,1ST,25/09/2021,9,1,69%,0.00,1,8,2,4,,282,7,3,0,,1,1,6,1,8,0,1,0,1,,1,2,221,15,44,,11/41 (27%),7/16 (44%),38%,2,10/23 (43%),10/30 (33%),0/1 (0%),86%,7,2,,2,,2,,,,,3
9590766,24,37155,NORMAL,REGULAR,Round 9,LEAGUE,95,Oxford United,Local,2ND,25/09/2021,9,0,75%,0.00,3,15,1,8,,300,9,5,0,,6,0,7,2,6,9,0,3,2,,0,0,264,9,42,,20/34 (59%),3/27 (11%),53%,4,15/24 (63%),11/25 (44%),2/4 (50%),44%,9,5,,9,,1,,,,,5
9590766,24,37155,NORMAL,REGULAR,Round 9,LEAGUE,20,Gillingham,Visita,ALL,25/09/2021,9,1,28%,0.00,1,7,6,2,11,230,9,7,2,,4,0,2,1,1,6,0,1,0,,1,2,126,18,62,,28/66 (42%),1/13 (8%),55%,12,22/47 (47%),34/55 (62%),6/10 (60%),56%,9,15,,35,,6,,,,,21
9590766,24,37155,NORMAL,REGULAR,Round 9,LEAGUE,20,Gillingham,Visita,1ST,25/09/2021,9,1,31%,0.00,1,4,0,0,,132,3,4,1,,3,0,1,0,1,3,0,1,0,,0,1,78,13,34,,12/30 (40%),0/4 (0%),62%,7,13/23 (57%),20/30 (67%),6/6 (100%),33%,3,7,,10,,0,,,,,10
9590766,24,37155,NORMAL,REGULAR,Round 9,LEAGUE,20,Gillingham,Visita,2ND,25/09/2021,9,0,25%,0.00,0,3,6,2,,98,6,3,1,,1,0,1,1,0,3,0,0,0,,1,1,48,5,28,,16/36 (44%),1/9 (11%),47%,5,9/24 (38%),14/25 (56%),0/4 (0%),67%,6,8,,25,,6,,,,,11
9591131,24,37155,NORMAL,REGULAR,Round 10,LEAGUE,95,Oxford United,Local,ALL,28/09/2021,10,5,51%,0.00,3,16,2,4,15,441,12,8,4,,10,0,1,5,14,2,3,,2,,0,1,331,24,60,,29/76 (38%),3/11 (27%),44%,7,28/66 (42%),16/34 (47%),8/17 (47%),67%,12,6,,20,,2,,,,,10
9591131,24,37155,NORMAL,REGULAR,Round 10,LEAGUE,95,Oxford United,Local,1ST,28/09/2021,10,2,55%,0.00,2,9,2,3,,270,5,4,0,,5,0,1,3,8,1,2,,2,,0,1,207,12,30,,24/51 (47%),3/7 (43%),42%,3,12/32 (38%),8/16 (50%),3/8 (38%),80%,5,6,,7,,2,,,,,5
9591131,24,37155,NORMAL,REGULAR,Round 10,LEAGUE,95,Oxford United,Local,2ND,28/09/2021,10,3,45%,0.00,1,7,0,1,,171,7,4,4,,5,0,0,2,6,1,1,,0,,0,0,124,12,30,,5/25 (20%),0/4 (0%),46%,4,16/34 (47%),8/18 (44%),5/9 (56%),57%,7,0,,13,,0,,,,,5
9591131,24,37155,NORMAL,REGULAR,Round 10,LEAGUE,187,Accrington Stanley,Visita,ALL,28/09/2021,10,1,49%,0.00,1,14,6,5,10,413,16,14,2,,3,1,8,3,6,8,1,,1,,2,3,314,19,76,,26/77 (34%),5/24 (21%),56%,7,38/66 (58%),18/34 (53%),8/13 (62%),75%,16,11,,14,,6,,,,,4
9591131,24,37155,NORMAL,REGULAR,Round 10,LEAGUE,187,Accrington Stanley,Visita,1ST,28/09/2021,10,0,45%,0.00,0,5,3,1,,217,8,5,1,,2,0,3,0,0,5,0,,1,,1,2,159,11,38,,9/34 (26%),2/8 (25%),58%,3,20/32 (63%),8/16 (50%),7/9 (78%),50%,8,5,,8,,3,,,,,1
9591131,24,37155,NORMAL,REGULAR,Round 10,LEAGUE,187,Accrington Stanley,Visita,2ND,28/09/2021,10,1,55%,0.00,1,9,3,4,,196,8,9,1,,1,1,5,3,6,3,1,,0,,1,1,155,8,38,,17/43 (40%),3/16 (19%),54%,4,18/34 (53%),10/18 (56%),1/4 (25%),100%,8,6,,6,,3,,,,,3
9591102,24,37155,NORMAL,REGULAR,Round 11,LEAGUE,12,Sheffield Wednesday,Local,ALL,02/10/2021,11,1,51%,0.00,1,14,2,3,10,351,15,14,2,,6,2,4,4,8,6,1,0,0,,2,0,220,29,88,,29/77 (38%),4/17 (24%),49%,17,34/71 (48%),23/46 (50%),6/10 (60%),80%,15,13,,22,,2,,,,,13
9591102,24,37155,NORMAL,REGULAR,Round 11,LEAGUE,12,Sheffield Wednesday,Local,1ST,02/10/2021,11,0,44%,0.00,0,5,0,2,,161,10,9,0,,2,0,1,2,3,2,0,0,0,,1,0,97,14,42,,11/31 (35%),0/8 (0%),51%,11,22/44 (50%),10/19 (53%),4/7 (57%),90%,10,9,,13,,0,,,,,6
9591102,24,37155,NORMAL,REGULAR,Round 11,LEAGUE,12,Sheffield Wednesday,Local,2ND,02/10/2021,11,1,58%,0.00,1,9,2,1,,190,5,5,2,,4,2,3,2,5,4,1,0,0,,1,0,123,15,46,,18/46 (39%),4/9 (44%),46%,6,12/27 (44%),13/27 (48%),2/3 (67%),60%,5,4,,9,,2,,,,,7
9591102,24,37155,NORMAL,REGULAR,Round 11,LEAGUE,95,Oxford United,Visita,ALL,02/10/2021,11,2,49%,0.00,2,15,5,10,14,341,21,10,2,,4,1,7,4,11,4,0,2,1,,2,1,212,36,73,,30/77 (39%),4/18 (22%),51%,11,37/71 (52%),23/46 (50%),6/10 (60%),57%,21,17,,11,,5,,,,,9
9591102,24,37155,NORMAL,REGULAR,Round 11,LEAGUE,95,Oxford United,Visita,1ST,02/10/2021,11,1,56%,0.00,0,5,2,5,,208,14,7,0,,1,1,2,2,4,1,0,0,1,,1,1,136,19,38,,17/43 (40%),0/8 (0%),49%,6,22/44 (50%),9/19 (47%),1/5 (20%),64%,14,8,,4,,2,,,,,2
9591102,24,37155,NORMAL,REGULAR,Round 11,LEAGUE,95,Oxford United,Visita,2ND,02/10/2021,11,1,42%,0.00,2,10,3,5,,133,7,3,2,,3,0,5,2,7,3,0,2,0,,1,0,76,17,35,,13/34 (38%),4/10 (40%),54%,5,15/27 (56%),14/27 (52%),5/5 (100%),43%,7,9,,7,,3,,,,,7
9652206,334,37498,SPECIAL_EVENT,GROUP,"EFL Trophy, Southern Group H",SUPER_CUP,95,Oxford United,Local,ALL,05/10/2021,,1,58%,0.00,4,19,4,5,7,583,18,3,1,,8,1,7,4,8,11,1,3,1,,2,0,487,17,72,,26/60 (43%),4/19 (21%),54%,5,31/60 (52%),14/23 (61%),10/19 (53%),39%,18,10,,12,,4,,,,,10
9652206,334,37498,SPECIAL_EVENT,GROUP,"EFL Trophy, Southern Group H",SUPER_CUP,95,Oxford United,Local,1ST,05/10/2021,,1,57%,0.00,3,11,4,1,,299,8,3,0,,4,1,4,3,7,4,1,2,0,,2,0,257,6,26,,7/21 (33%),3/6 (50%),52%,4,13/32 (41%),10/12 (83%),2/8 (25%),25%,8,4,,8,,4,,,,,6
9652206,334,37498,SPECIAL_EVENT,GROUP,"EFL Trophy, Southern Group H",SUPER_CUP,95,Oxford United,Local,2ND,05/10/2021,,0,59%,0.00,1,8,0,4,,284,10,0,1,,4,0,3,1,1,7,0,1,1,,0,0,230,11,46,,19/39 (49%),1/13 (8%),56%,1,18/28 (64%),4/11 (36%),8/11 (73%),50%,10,6,,4,,0,,,,,4
9652206,334,37498,SPECIAL_EVENT,GROUP,"EFL Trophy, Southern Group H",SUPER_CUP,133,Stevenage,Visita,ALL,05/10/2021,,2,42%,0.00,1,18,7,4,3,424,14,7,0,,6,0,6,6,9,9,0,1,1,,1,2,334,18,42,,26/63 (41%),2/11 (18%),46%,10,29/60 (48%),9/23 (39%),8/16 (50%),71%,14,16,,20,,7,,,,,15
9652206,334,37498,SPECIAL_EVENT,GROUP,"EFL Trophy, Southern Group H",SUPER_CUP,133,Stevenage,Visita,1ST,05/10/2021,,0,43%,0.00,1,9,3,2,,227,10,4,0,,4,0,3,2,5,4,0,1,1,,0,0,182,11,23,,11/33 (33%),0/5 (0%),48%,6,19/32 (59%),2/12 (17%),5/7 (71%),90%,10,7,,7,,3,,,,,7
9652206,334,37498,SPECIAL_EVENT,GROUP,"EFL Trophy, Southern Group H",SUPER_CUP,133,Stevenage,Visita,2ND,05/10/2021,,2,41%,0.00,0,9,4,2,,197,4,3,0,,2,0,3,4,4,5,0,0,0,,1,2,152,7,19,,15/30 (50%),2/6 (33%),44%,4,10/28 (36%),7/11 (64%),3/9 (33%),25%,4,9,,13,,4,,,,,8
9590915,24,37155,NORMAL,REGULAR,Round 13,LEAGUE,95,Oxford United,Local,ALL,16/10/2021,13,1,56%,0.00,2,14,2,7,13,494,11,6,0,,2,0,9,3,10,4,1,1,1,,2,1,377,18,77,,23/78 (29%),5/26 (19%),44%,7,26/59 (44%),23/52 (44%),10/18 (56%),91%,11,11,,14,,2,,,,,12
9590915,24,37155,NORMAL,REGULAR,Round 13,LEAGUE,95,Oxford United,Local,1ST,16/10/2021,13,1,50%,0.00,1,4,1,4,,223,4,3,0,,1,0,2,1,2,2,1,0,1,,1,0,170,6,38,,14/38 (37%),1/10 (10%),41%,4,13/32 (41%),7/17 (41%),6/10 (60%),100%,4,6,,6,,1,,,,,3
9590915,24,37155,NORMAL,REGULAR,Round 13,LEAGUE,95,Oxford United,Local,2ND,16/10/2021,13,0,62%,0.00,1,10,1,3,,271,7,3,0,,1,0,7,2,8,2,0,1,0,,1,1,207,12,39,,9/40 (23%),4/16 (25%),47%,3,13/27 (48%),16/35 (46%),4/8 (50%),86%,7,5,,8,,1,,,,,9
9590915,24,37155,NORMAL,REGULAR,Round 13,LEAGUE,71,Plymouth Argyle,Visita,ALL,16/10/2021,13,3,44%,0.00,1,12,1,1,6,392,15,12,1,,5,1,7,0,11,1,0,1,1,,1,3,260,31,63,,24/83 (29%),6/15 (40%),56%,7,33/59 (56%),29/52 (56%),9/13 (69%),87%,15,8,,17,,1,,,,,14
9590915,24,37155,NORMAL,REGULAR,Round 13,LEAGUE,71,Plymouth Argyle,Visita,1ST,16/10/2021,13,2,50%,0.00,0,5,0,0,,221,8,8,1,,3,1,2,0,5,0,0,0,1,,1,3,162,16,29,,16/41 (39%),4/9 (44%),59%,3,19/32 (59%),10/17 (59%),5/6 (83%),100%,8,4,,7,,0,,,,,6
9590915,24,37155,NORMAL,REGULAR,Round 13,LEAGUE,71,Plymouth Argyle,Visita,2ND,16/10/2021,13,1,38%,0.00,1,7,1,1,,171,7,4,0,,2,0,5,0,6,1,0,1,0,,0,0,98,15,34,,8/42 (19%),2/6 (33%),53%,4,14/27 (52%),19/35 (54%),4/7 (57%),71%,7,4,,10,,1,,,,,8
9590907,24,37155,NORMAL,REGULAR,Round 14,LEAGUE,95,Oxford United,Local,ALL,19/10/2021,14,2,63%,0.00,4,13,0,4,11,596,19,10,,,4,0,8,1,8,5,,4,1,,1,1,488,18,74,,38/74 (51%),3/19 (16%),59%,5,30/58 (52%),30/43 (70%),4/9 (44%),74%,19,16,,22,,0,,,,,9
9590907,24,37155,NORMAL,REGULAR,Round 14,LEAGUE,95,Oxford United,Local,1ST,19/10/2021,14,0,63%,0.00,3,7,0,3,,307,11,1,,,1,0,5,1,5,2,,3,0,,0,1,260,9,32,,16/26 (62%),2/14 (14%),58%,2,15/26 (58%),11/19 (58%),3/4 (75%),55%,11,12,,11,,0,,,,,5
9590907,24,37155,NORMAL,REGULAR,Round 14,LEAGUE,95,Oxford United,Local,2ND,19/10/2021,14,2,64%,0.00,1,6,0,1,,289,8,9,,,3,0,3,0,3,3,,1,1,,1,0,228,9,42,,22/48 (46%),1/5 (20%),61%,3,15/32 (47%),19/24 (79%),1/5 (20%),100%,8,4,,11,,0,,,,,4
9590907,24,37155,NORMAL,REGULAR,Round 14,LEAGUE,82,Shrewsbury Town,Visita,ALL,19/10/2021,14,0,37%,0.00,1,10,1,4,10,334,10,11,,,0,0,7,3,4,6,,1,0,,0,2,230,26,61,,22/63 (35%),5/22 (23%),41%,13,28/58 (48%),13/43 (30%),7/13 (54%),50%,10,15,,18,,1,,,,,11
9590907,24,37155,NORMAL,REGULAR,Round 14,LEAGUE,82,Shrewsbury Town,Visita,1ST,19/10/2021,14,0,37%,0.00,0,6,0,1,,183,3,5,,,0,0,4,2,3,3,,0,0,,0,1,131,12,33,,12/33 (36%),2/10 (20%),42%,8,11/26 (42%),8/19 (42%),3/6 (50%),0%,3,7,,10,,0,,,,,3
9590907,24,37155,NORMAL,REGULAR,Round 14,LEAGUE,82,Shrewsbury Town,Visita,2ND,19/10/2021,14,0,36%,0.00,1,4,1,3,,151,7,6,,,0,0,3,1,1,3,,1,0,,0,1,99,14,28,,10/30 (33%),3/12 (25%),39%,5,17/32 (53%),5/24 (21%),4/7 (57%),71%,7,8,,8,,1,,,,,8
9590993,24,37155,NORMAL,REGULAR,Round 15,LEAGUE,134,Burton Albion,Local,ALL,23/10/2021,15,1,40%,0.00,0,7,7,7,13,317,14,10,3,,1,0,3,3,3,4,0,0,0,,0,1,168,23,93,,34/88 (39%),2/14 (14%),49%,8,32/65 (49%),35/71 (49%),8/11 (73%),64%,14,12,,19,,7,,,,,6
9590993,24,37155,NORMAL,REGULAR,Round 15,LEAGUE,134,Burton Albion,Local,1ST,23/10/2021,15,0,40%,0.00,0,5,4,3,,156,4,4,1,,0,0,3,2,1,4,0,0,0,,0,1,89,13,48,,19/42 (45%),0/6 (0%),47%,3,10/22 (45%),17/35 (49%),2/3 (67%),100%,4,7,,10,,4,,,,,1
9590993,24,37155,NORMAL,REGULAR,Round 15,LEAGUE,134,Burton Albion,Local,2ND,23/10/2021,15,1,40%,0.00,0,2,3,4,,161,10,6,2,,1,0,0,1,2,0,0,0,0,,0,0,79,10,45,,15/46 (33%),2/8 (25%),51%,5,22/43 (51%),18/36 (50%),6/8 (75%),50%,10,5,,9,,3,,,,,5
9590993,24,37155,NORMAL,REGULAR,Round 15,LEAGUE,95,Oxford United,Visita,ALL,23/10/2021,15,3,60%,0.00,3,22,0,6,10,484,11,13,1,,8,1,6,8,15,7,2,1,3,,2,2,337,23,94,,32/96 (33%),5/14 (36%),51%,8,33/65 (51%),36/71 (51%),10/16 (63%),91%,11,10,,25,,0,,,,,6
9590993,24,37155,NORMAL,REGULAR,Round 15,LEAGUE,95,Oxford United,Visita,1ST,23/10/2021,15,2,60%,0.00,2,8,0,3,,234,4,6,0,,4,1,2,2,6,2,1,1,2,,1,1,163,9,39,,17/45 (38%),1/7 (14%),53%,4,12/22 (55%),18/35 (51%),2/2 (100%),75%,4,5,,12,,0,,,,,5
9590993,24,37155,NORMAL,REGULAR,Round 15,LEAGUE,95,Oxford United,Visita,2ND,23/10/2021,15,1,60%,0.00,1,14,0,3,,250,7,7,1,,4,0,4,6,9,5,1,0,1,,1,1,174,14,55,,15/51 (29%),4/7 (57%),49%,4,21/43 (49%),18/36 (50%),8/14 (57%),100%,7,5,,13,,0,,,,,1
9652207,334,37498,SPECIAL_EVENT,GROUP,"EFL Trophy, Southern Group H",SUPER_CUP,95,Oxford United,Local,ALL,26/10/2021,,3,42%,0.00,4,21,1,7,9,361,13,7,3,1,9,1,8,4,18,3,0,4,,,2,1,286,21,53,,28/70 (40%),5/19 (26%),49%,14,26/65 (40%),19/26 (73%),6/15 (40%),77%,13,16,,15,,1,,,,,6
9652207,334,37498,SPECIAL_EVENT,GROUP,"EFL Trophy, Southern Group H",SUPER_CUP,95,Oxford United,Local,1ST,26/10/2021,,2,43%,0.00,1,10,0,3,,195,6,6,2,0,6,0,1,3,9,1,0,1,,,1,1,158,8,30,,16/35 (46%),2/8 (25%),53%,6,14/33 (42%),9/10 (90%),2/5 (40%),67%,6,9,,10,,0,,,,,2
9652207,334,37498,SPECIAL_EVENT,GROUP,"EFL Trophy, Southern Group H",SUPER_CUP,95,Oxford United,Local,2ND,26/10/2021,,1,40%,0.00,3,11,1,4,,166,7,1,1,1,3,1,7,1,9,2,0,3,,,1,0,128,13,23,,12/35 (34%),3/11 (27%),46%,8,12/32 (38%),10/16 (63%),4/10 (40%),86%,7,7,,5,,1,,,,,4
9652207,334,37498,SPECIAL_EVENT,GROUP,"EFL Trophy, Southern Group H",SUPER_CUP,77865,Tottenham U21,Visita,ALL,26/10/2021,,2,58%,0.00,4,13,6,3,7,515,23,8,0,0,3,1,7,3,7,6,1,3,,,2,4,414,27,45,,23/57 (40%),2/10 (20%),51%,7,39/65 (60%),7/26 (27%),8/14 (57%),65%,23,7,,9,,6,,,,,12
9652207,334,37498,SPECIAL_EVENT,GROUP,"EFL Trophy, Southern Group H",SUPER_CUP,77865,Tottenham U21,Visita,1ST,26/10/2021,,1,57%,0.00,1,4,4,1,,260,9,4,0,0,1,0,2,1,1,3,1,0,,,2,4,217,16,23,,11/23 (48%),1/5 (20%),47%,3,19/33 (58%),1/10 (10%),6/9 (67%),89%,9,4,,6,,4,,,,,2
9652207,334,37498,SPECIAL_EVENT,GROUP,"EFL Trophy, Southern Group H",SUPER_CUP,77865,Tottenham U21,Visita,2ND,26/10/2021,,1,60%,0.00,3,9,2,2,,255,14,4,0,0,2,1,5,2,6,3,0,3,,,0,0,197,11,22,,12/34 (35%),1/5 (20%),54%,4,20/32 (63%),6/16 (38%),2/5 (40%),50%,14,3,,3,,2,,,,,10
9590963,24,37155,NORMAL,REGULAR,Round 16,LEAGUE,95,Oxford United,Local,ALL,30/10/2021,16,3,56%,0.00,3,15,3,6,7,450,20,6,0,,5,0,6,4,11,4,2,1,,,2,3,345,27,71,,31/78 (40%),3/12 (25%),52%,13,27/62 (44%),28/44 (64%),1/6 (17%),55%,20,15,,19,,3,,,,,12
9590963,24,37155,NORMAL,REGULAR,Round 16,LEAGUE,95,Oxford United,Local,1ST,30/10/2021,16,1,56%,0.00,1,7,3,4,,241,11,2,0,,2,0,2,3,6,1,1,0,,,1,3,189,14,35,,16/43 (37%),1/9 (11%),49%,5,14/29 (48%),10/20 (50%),1/3 (33%),45%,11,6,,6,,3,,,,,5
9590963,24,37155,NORMAL,REGULAR,Round 16,LEAGUE,95,Oxford United,Local,2ND,30/10/2021,16,2,55%,0.00,2,8,0,2,,209,9,4,0,,3,0,4,1,5,3,1,1,,,1,0,156,13,36,,15/35 (43%),2/3 (67%),54%,8,13/33 (39%),18/24 (75%),0/3 (0%),67%,9,9,,13,,0,,,,,7
9590963,24,37155,NORMAL,REGULAR,Round 16,LEAGUE,81,Morecambe,Visita,ALL,30/10/2021,16,1,44%,0.00,2,16,2,6,6,346,18,6,1,,4,0,7,5,8,8,0,2,,,3,2,238,20,88,,29/86 (34%),6/22 (27%),48%,13,35/62 (56%),16/44 (36%),11/18 (61%),56%,18,10,,10,,2,,,,,9
9590963,24,37155,NORMAL,REGULAR,Round 16,LEAGUE,81,Morecambe,Visita,1ST,30/10/2021,16,0,44%,0.00,0,9,1,4,,181,7,5,0,,3,0,3,3,4,5,0,0,,,2,1,133,5,43,,17/46 (37%),3/12 (25%),51%,7,15/29 (52%),10/20 (50%),3/7 (43%),71%,7,6,,8,,1,,,,,4
9590963,24,37155,NORMAL,REGULAR,Round 16,LEAGUE,81,Morecambe,Visita,2ND,30/10/2021,16,1,45%,0.00,2,7,1,2,,165,11,1,1,,1,0,4,2,4,3,0,2,,,1,1,105,15,45,,12/40 (30%),3/10 (30%),46%,6,20/33 (61%),6/24 (25%),8/11 (73%),45%,11,4,,2,,1,,,,,5
9914876,19,39384,NORMAL,PLAYOFF,Round 1,CUP,95,Oxford United,Local,ALL,07/11/2021,1,2,,,,,,5,,,,,1,0,,,,,,,,,,,,,,,,,,,,,,,,,,,,,,,,,,,
9914876,19,39384,NORMAL,PLAYOFF,Round 1,CUP,95,Oxford United,Local,1ST,07/11/2021,1,,,,,,,,,,,,,,,,,,,,,,,,,,,,,,,,,,,,,,,,,,,,,,,,
9914876,19,39384,NORMAL,PLAYOFF,Round 1,CUP,95,Oxford United,Local,2ND,07/11/2021,1,,,,,,,,,,,,,,,,,,,,,,,,,,,,,,,,,,,,,,,,,,,,,,,,
9914876,19,39384,NORMAL,PLAYOFF,Round 1,CUP,76,Bristol Rovers,Visita,ALL,07/11/2021,1,2,,,,,,7,,,,,2,0,,,,,,,,,,,,,,,,,,,,,,,,,,,,,,,,,,,
9914876,19,39384,NORMAL,PLAYOFF,Round 1,CUP,76,Bristol Rovers,Visita,1ST,07/11/2021,1,,,,,,,,,,,,,,,,,,,,,,,,,,,,,,,,,,,,,,,,,,,,,,,,
9914876,19,39384,NORMAL,PLAYOFF,Round 1,CUP,76,Bristol Rovers,Visita,2ND,07/11/2021,1,,,,,,,,,,,,,,,,,,,,,,,,,,,,,,,,,,,,,,,,,,,,,,,,
9591316,24,37155,NORMAL,REGULAR,Round 17,LEAGUE,32,Ipswich Town,Local,ALL,13/11/2021,17,0,55%,0.00,,8,3,5,13,413,7,9,2,,2,2,5,1,4,4,,,,,2,1,296,29,81,,33/81 (41%),3/16 (19%),44%,10,20/47 (43%),28/62 (45%),4/6 (67%),57%,7,9,,23,,3,,,,,7
9591316,24,37155,NORMAL,REGULAR,Round 17,LEAGUE,32,Ipswich Town,Local,1ST,13/11/2021,17,0,51%,0.00,,3,3,4,,197,5,4,0,,1,2,1,1,1,2,,,,,1,1,137,17,40,,13/37 (35%),1/9 (11%),43%,6,9/23 (39%),16/35 (46%),0/1 (0%),60%,5,5,,12,,3,,,,,4
9591316,24,37155,NORMAL,REGULAR,Round 17,LEAGUE,32,Ipswich Town,Local,2ND,13/11/2021,17,0,60%,0.00,,5,0,1,,216,2,5,2,,1,0,4,0,3,2,,,,,1,0,159,12,41,,20/44 (45%),2/7 (29%),45%,4,11/24 (46%),12/27 (44%),4/5 (80%),50%,2,4,,11,,0,,,,,3
9591316,24,37155,NORMAL,REGULAR,Round 17,LEAGUE,95,Oxford United,Visita,ALL,13/11/2021,17,0,45%,0.00,,11,2,5,9,326,12,13,1,,3,0,4,4,6,5,,,,,2,1,213,22,75,,23/68 (34%),0/19 (0%),56%,4,27/47 (57%),34/62 (55%),3/6 (50%),58%,12,19,,15,,2,,,,,11
9591316,24,37155,NORMAL,REGULAR,Round 17,LEAGUE,95,Oxford United,Visita,1ST,13/11/2021,17,0,49%,0.00,,8,1,1,,190,7,6,1,,3,0,3,2,5,3,,,,,1,1,134,15,41,,17/37 (46%),0/9 (0%),57%,3,14/23 (61%),19/35 (54%),2/4 (50%),57%,7,10,,10,,1,,,,,2
9591316,24,37155,NORMAL,REGULAR,Round 17,LEAGUE,95,Oxford United,Visita,2ND,13/11/2021,17,0,40%,0.00,,3,1,4,,136,5,7,0,,0,0,1,2,1,2,,,,,1,0,79,7,34,,6/31 (19%),0/10 (0%),55%,1,13/24 (54%),15/27 (56%),1/2 (50%),60%,5,9,,5,,1,,,,,9
9942543,19,39384,NORMAL,PLAYOFF,Round 1,CUP,76,Bristol Rovers,Local,ALL,16/11/2021,1,4,,,,,,1,,,,,2,0,,,,,,,,,,,,,,,,,,,,,,,,,,,,,,,,,,,
9942543,19,39384,NORMAL,PLAYOFF,Round 1,CUP,76,Bristol Rovers,Local,1ST,16/11/2021,1,,,,,,,,,,,,,,,,,,,,,,,,,,,,,,,,,,,,,,,,,,,,,,,,
9942543,19,39384,NORMAL,PLAYOFF,Round 1,CUP,76,Bristol Rovers,Local,2ND,16/11/2021,1,,,,,,,,,,,,,,,,,,,,,,,,,,,,,,,,,,,,,,,,,,,,,,,,
9942543,19,39384,NORMAL,PLAYOFF,Round 1,CUP,95,Oxford United,Visita,ALL,16/11/2021,1,3,,,,,,13,,,,,2,0,,,,,,,,,,,,,,,,,,,,,,,,,,,,,,,,,,,
9942543,19,39384,NORMAL,PLAYOFF,Round 1,CUP,95,Oxford United,Visita,1ST,16/11/2021,1,,,,,,,,,,,,,,,,,,,,,,,,,,,,,,,,,,,,,,,,,,,,,,,,
9942543,19,39384,NORMAL,PLAYOFF,Round 1,CUP,95,Oxford United,Visita,2ND,16/11/2021,1,,,,,,,,,,,,,,,,,,,,,,,,,,,,,,,,,,,,,,,,,,,,,,,,
9591288,24,37155,NORMAL,REGULAR,Round 19,LEAGUE,95,Oxford United,Local,ALL,23/11/2021,19,3,59%,0.00,,14,3,3,6,564,20,12,1,,4,0,5,5,11,3,,,,,0,,441,29,90,,29/76 (38%),3/10 (30%),55%,10,35/71 (49%),28/43 (65%),4/15 (27%),45%,20,9,,16,,3,,,,,4
9591288,24,37155,NORMAL,REGULAR,Round 19,LEAGUE,95,Oxford United,Local,1ST,23/11/2021,19,2,64%,0.00,,8,0,1,,328,9,2,0,,2,0,2,4,5,3,,,,,0,,258,15,50,,17/43 (40%),3/6 (50%),47%,5,14/33 (42%),14/27 (52%),3/10 (30%),67%,9,3,,4,,0,,,,,3
9591288,24,37155,NORMAL,REGULAR,Round 19,LEAGUE,95,Oxford United,Local,2ND,23/11/2021,19,1,53%,0.00,,6,3,2,,236,11,10,1,,2,0,3,1,6,0,,,,,0,,183,14,40,,12/33 (36%),0/4 (0%),65%,5,21/38 (55%),14/16 (88%),1/5 (20%),27%,11,6,,12,,3,,,,,1
9591288,24,37155,NORMAL,REGULAR,Round 19,LEAGUE,23959,Fleetwood Town,Visita,ALL,23/11/2021,19,1,41%,0.00,,9,1,3,12,388,21,6,3,,4,0,5,0,5,4,,,,,2,,275,18,75,,27/75 (36%),2/17 (12%),45%,14,36/71 (51%),15/43 (35%),9/15 (60%),57%,21,8,,27,,1,,,,,11
9591288,24,37155,NORMAL,REGULAR,Round 19,LEAGUE,23959,Fleetwood Town,Visita,1ST,23/11/2021,19,1,36%,0.00,,4,0,0,,183,12,2,0,,1,0,3,0,2,2,,,,,1,,121,8,38,,14/41 (34%),1/4 (25%),53%,5,19/33 (58%),13/27 (48%),5/9 (56%),42%,12,4,,19,,0,,,,,7
9591288,24,37155,NORMAL,REGULAR,Round 19,LEAGUE,23959,Fleetwood Town,Visita,2ND,23/11/2021,19,0,47%,0.00,,5,1,3,,205,9,4,3,,3,0,2,0,3,2,,,,,1,,154,10,37,,13/34 (38%),1/13 (8%),35%,9,17/38 (45%),2/16 (13%),4/6 (67%),78%,9,4,,8,,1,,,,,4
9591312,24,37155,NORMAL,REGULAR,Round 20,LEAGUE,95,Oxford United,Local,ALL,27/11/2021,20,0,44%,0.00,0,9,1,3,9,277,16,9,1,,5,0,2,2,2,7,,0,,,3,4,144,36,53,,15/68 (22%),3/12 (25%),49%,13,28/62 (45%),23/42 (55%),3/10 (30%),69%,16,13,,32,,1,,,,,10
9591312,24,37155,NORMAL,REGULAR,Round 20,LEAGUE,95,Oxford United,Local,1ST,27/11/2021,20,0,45%,0.00,0,1,1,1,,163,9,4,0,,0,0,1,0,0,1,,0,,,0,3,94,18,25,,7/37 (19%),0/4 (0%),50%,9,14/29 (48%),12/23 (52%),1/4 (25%),78%,9,5,,14,,1,,,,,6
9591312,24,37155,NORMAL,REGULAR,Round 20,LEAGUE,95,Oxford United,Local,2ND,27/11/2021,20,0,42%,0.00,0,8,0,2,,114,7,5,1,,5,0,1,2,2,6,,0,,,3,1,50,18,28,,8/31 (26%),3/8 (38%),48%,4,14/33 (42%),11/19 (58%),2/6 (33%),57%,7,8,,18,,0,,,,,4
9591312,24,37155,NORMAL,REGULAR,Round 20,LEAGUE,13,Rotherham United,Visita,ALL,27/11/2021,20,0,56%,0.00,2,16,5,9,11,333,20,9,5,,1,2,9,6,11,5,,2,,,0,2,196,31,85,,22/68 (32%),9/41 (22%),51%,12,34/62 (55%),19/42 (45%),5/9 (56%),55%,20,13,,21,,5,,,,,8
9591312,24,37155,NORMAL,REGULAR,Round 20,LEAGUE,13,Rotherham United,Visita,1ST,27/11/2021,20,0,55%,0.00,2,10,0,6,,183,12,1,1,,1,2,4,5,8,2,,2,,,0,1,116,16,44,,9/27 (33%),6/23 (26%),50%,7,15/29 (52%),11/23 (48%),2/4 (50%),50%,12,6,,9,,0,,,,,2
9591312,24,37155,NORMAL,REGULAR,Round 20,LEAGUE,13,Rotherham United,Visita,2ND,27/11/2021,20,0,58%,0.00,0,6,5,3,,150,8,8,4,,0,0,5,1,3,3,,0,,,0,1,80,15,41,,13/41 (32%),3/18 (17%),52%,5,19/33 (58%),8/19 (42%),3/5 (60%),63%,8,7,,12,,5,,,,,6
9970795,24,37155,NORMAL,REGULAR,Round 12,LEAGUE,41,Sunderland,Local,ALL,04/12/2021,12,1,49%,0.00,1,17,2,5,11,403,18,10,3,,3,2,8,6,12,5,,1,,,3,2,259,42,89,,37/84 (44%),5/21 (24%),57%,13,38/69 (55%),23/38 (61%),10/13 (77%),56%,18,7,,14,,2,,,,,5
9970795,24,37155,NORMAL,REGULAR,Round 12,LEAGUE,41,Sunderland,Local,1ST,04/12/2021,12,1,43%,0.00,0,3,1,1,,188,9,6,2,,1,0,0,2,2,1,,0,,,1,1,117,21,38,,22/47 (47%),0/6 (0%),55%,4,18/33 (55%),11/20 (55%),3/4 (75%),56%,9,3,,9,,1,,,,,3
9970795,24,37155,NORMAL,REGULAR,Round 12,LEAGUE,41,Sunderland,Local,2ND,04/12/2021,12,0,57%,0.00,1,14,1,4,,215,9,4,1,,2,2,8,4,10,4,,1,,,2,1,142,21,51,,15/37 (41%),5/15 (33%),59%,9,20/36 (56%),12/18 (67%),7/9 (78%),56%,9,4,,5,,1,,,,,2
9970795,24,37155,NORMAL,REGULAR,Round 12,LEAGUE,95,Oxford United,Visita,ALL,04/12/2021,12,1,51%,0.00,0,9,2,3,11,420,16,11,2,,3,0,1,5,4,5,,0,,,2,2,290,21,66,,35/84 (42%),1/15 (7%),43%,11,31/69 (45%),15/38 (39%),4/11 (36%),44%,16,12,,30,,2,,,,,11
9970795,24,37155,NORMAL,REGULAR,Round 12,LEAGUE,95,Oxford United,Visita,1ST,04/12/2021,12,1,57%,0.00,0,6,0,3,,250,5,8,2,,2,0,0,4,3,3,,0,,,0,1,186,10,47,,26/43 (60%),1/11 (9%),45%,3,15/33 (45%),9/20 (45%),2/8 (25%),40%,5,6,,5,,0,,,,,2
9970795,24,37155,NORMAL,REGULAR,Round 12,LEAGUE,95,Oxford United,Visita,2ND,04/12/2021,12,0,43%,0.00,0,3,2,0,,170,11,3,0,,1,0,1,1,1,2,,0,,,2,1,104,11,19,,9/41 (22%),0/4 (0%),41%,8,16/36 (44%),6/18 (33%),2/3 (67%),45%,11,6,,25,,2,,,,,9
9591358,24,37155,NORMAL,REGULAR,Round 21,LEAGUE,84,Doncaster Rovers,Local,ALL,07/12/2021,21,1,36%,0.00,0,10,2,3,14,302,23,8,3,,2,0,4,4,5,5,,0,,,0,2,186,17,77,,21/85 (25%),1/6 (17%),43%,10,35/72 (49%),15/44 (34%),4/8 (50%),57%,23,11,,22,,2,,,,,12
9591358,24,37155,NORMAL,REGULAR,Round 21,LEAGUE,84,Doncaster Rovers,Local,1ST,07/12/2021,21,0,28%,0.00,0,2,1,1,,120,9,3,1,,1,0,0,1,1,1,,0,,,0,2,77,5,29,,6/33 (18%),1/3 (33%),35%,7,13/35 (37%),3/11 (27%),1/3 (33%),56%,9,7,,9,,1,,,,,7
9591358,24,37155,NORMAL,REGULAR,Round 21,LEAGUE,84,Doncaster Rovers,Local,2ND,07/12/2021,21,1,44%,0.00,0,8,1,2,,182,14,5,2,,1,0,4,3,4,4,,0,,,0,0,109,12,48,,15/52 (29%),0/3 (0%),49%,3,22/37 (59%),12/33 (36%),3/5 (60%),57%,14,4,,13,,1,,,,,5
9591358,24,37155,NORMAL,REGULAR,Round 21,LEAGUE,95,Oxford United,Visita,ALL,07/12/2021,21,2,64%,0.00,3,12,1,4,8,540,14,13,0,,4,0,6,2,7,5,,3,,,2,8,415,29,102,,37/88 (42%),2/16 (13%),57%,17,37/72 (51%),29/44 (66%),10/16 (63%),64%,14,8,,8,,1,,,,,6
9591358,24,37155,NORMAL,REGULAR,Round 21,LEAGUE,95,Oxford United,Visita,1ST,07/12/2021,21,1,72%,0.00,0,6,1,1,,319,9,5,0,,2,0,3,1,4,2,,0,,,1,3,272,19,43,,24/38 (63%),0/7 (0%),65%,6,22/35 (63%),8/11 (73%),8/11 (73%),44%,9,2,,4,,1,,,,,1
9591358,24,37155,NORMAL,REGULAR,Round 21,LEAGUE,95,Oxford United,Visita,2ND,07/12/2021,21,1,56%,0.00,3,6,0,3,,221,5,8,0,,2,0,3,1,3,3,,3,,,1,5,143,10,59,,13/50 (26%),2/9 (22%),51%,11,15/37 (41%),21/33 (64%),2/5 (40%),100%,5,6,,4,,0,,,,,5
9591237,24,37155,NORMAL,REGULAR,Round 22,LEAGUE,4,Milton Keynes Dons,Local,ALL,11/12/2021,22,1,58%,0.00,1,12,2,3,10,524,18,14,1,0,4,0,3,5,9,3,0,1,1,,3,3,425,19,56,,34/56 (61%),4/8 (50%),53%,13,37/65 (57%),10/24 (42%),5/8 (63%),67%,18,18,,21,,2,,,,,7
9591237,24,37155,NORMAL,REGULAR,Round 22,LEAGUE,4,Milton Keynes Dons,Local,1ST,11/12/2021,22,1,62%,0.00,0,7,1,2,,314,7,6,0,0,2,0,1,4,5,2,0,0,1,,2,2,264,6,19,,20/30 (67%),1/4 (25%),50%,7,16/29 (55%),3/9 (33%),3/5 (60%),57%,7,11,,7,,1,,,,,4
9591237,24,37155,NORMAL,REGULAR,Round 22,LEAGUE,4,Milton Keynes Dons,Local,2ND,11/12/2021,22,0,52%,0.00,1,5,1,1,,210,11,8,1,0,2,0,2,1,4,1,0,1,0,,1,1,161,13,37,,14/26 (54%),3/4 (75%),55%,6,21/36 (58%),7/15 (47%),2/3 (67%),73%,11,7,,14,,1,,,,,3
9591237,24,37155,NORMAL,REGULAR,Round 22,LEAGUE,95,Oxford United,Visita,ALL,11/12/2021,22,2,42%,0.00,2,12,3,6,14,370,16,9,5,1,4,0,5,3,7,5,1,1,0,,3,2,270,18,71,,21/53 (40%),3/16 (19%),47%,12,28/65 (43%),14/24 (58%),3/9 (33%),56%,16,18,,9,,3,,,,,6
9591237,24,37155,NORMAL,REGULAR,Round 22,LEAGUE,95,Oxford United,Visita,1ST,11/12/2021,22,0,38%,0.00,0,6,1,0,,182,9,3,1,0,1,0,4,1,3,3,0,0,0,,1,2,139,7,36,,12/26 (46%),2/6 (33%),50%,3,13/29 (45%),6/9 (67%),1/5 (20%),44%,9,8,,6,,1,,,,,2
9591237,24,37155,NORMAL,REGULAR,Round 22,LEAGUE,95,Oxford United,Visita,2ND,11/12/2021,22,2,48%,0.00,2,6,2,6,,188,7,6,4,1,3,0,1,2,4,2,1,1,0,,2,0,131,11,35,,9/27 (33%),1/10 (10%),45%,9,15/36 (42%),8/15 (53%),2/4 (50%),71%,7,10,,3,,2,,,,,4
9591665,24,37155,NORMAL,REGULAR,Round 23,LEAGUE,95,Oxford United,Local,ALL,18/12/2021,23,2,58%,0.00,2,14,1,6,10,387,15,18,2,,2,1,6,6,10,4,1,1,1,,4,2,290,22,62,,25/62 (40%),5/23 (22%),53%,11,41/74 (55%),24/49 (49%),8/13 (62%),47%,15,10,,13,,1,,,,,5
9591665,24,37155,NORMAL,REGULAR,Round 23,LEAGUE,95,Oxford United,Local,1ST,18/12/2021,23,1,62%,0.00,1,6,0,3,,208,5,13,1,,1,1,3,2,5,1,0,1,1,,4,1,163,14,27,,7/23 (30%),3/13 (23%),56%,5,20/32 (63%),11/23 (48%),2/3 (67%),60%,5,5,,3,,0,,,,,4
9591665,24,37155,NORMAL,REGULAR,Round 23,LEAGUE,95,Oxford United,Local,2ND,18/12/2021,23,1,54%,0.00,1,8,1,3,,179,10,5,1,,1,0,3,4,5,3,1,0,0,,0,1,127,8,35,,18/39 (46%),2/10 (20%),50%,6,21/42 (50%),13/26 (50%),6/10 (60%),40%,10,5,,10,,1,,,,,1
9591665,24,37155,NORMAL,REGULAR,Round 23,LEAGUE,49,Wigan Athletic,Visita,ALL,18/12/2021,23,3,42%,0.00,3,8,0,7,19,288,16,10,5,,4,0,3,1,6,2,1,2,0,,4,2,194,14,55,,20/68 (29%),5/14 (36%),47%,13,33/74 (45%),25/49 (51%),7/9 (78%),56%,16,7,,25,,0,,,,,10
9591665,24,37155,NORMAL,REGULAR,Round 23,LEAGUE,49,Wigan Athletic,Visita,1ST,18/12/2021,23,2,38%,0.00,2,5,0,4,,129,6,4,3,,2,0,2,1,4,1,1,1,0,,2,1,92,4,26,,8/29 (28%),4/9 (44%),44%,5,12/32 (38%),12/23 (52%),2/2 (100%),33%,6,3,,16,,0,,,,,4
9591665,24,37155,NORMAL,REGULAR,Round 23,LEAGUE,49,Wigan Athletic,Visita,2ND,18/12/2021,23,1,46%,0.00,1,3,0,3,,159,10,6,2,,2,0,1,0,2,1,0,1,0,,2,1,102,10,29,,12/39 (31%),1/5 (20%),50%,8,21/42 (50%),13/26 (50%),5/7 (71%),70%,10,4,,9,,0,,,,,6
9591407,24,37155,NORMAL,REGULAR,Round 25,LEAGUE,95,Oxford United,Local,ALL,29/12/2021,25,3,63%,0.00,3,13,3,7,12,541,17,11,2,,7,0,3,3,8,5,2,1,3,,1,4,452,33,77,,48/76 (63%),5/23 (22%),52%,11,36/72 (50%),13/23 (57%),8/20 (40%),35%,17,8,,14,,3,,,,,5
9591407,24,37155,NORMAL,REGULAR,Round 25,LEAGUE,95,Oxford United,Local,1ST,29/12/2021,25,2,67%,0.00,2,10,0,4,,317,9,3,1,,4,0,3,3,7,3,1,1,3,,0,3,270,16,47,,23/40 (58%),3/12 (25%),52%,6,17/35 (49%),9/15 (60%),5/11 (45%),33%,9,1,,5,,0,,,,,1
9591407,24,37155,NORMAL,REGULAR,Round 25,LEAGUE,95,Oxford United,Local,2ND,29/12/2021,25,1,58%,0.00,1,3,3,3,,224,8,8,1,,3,0,0,0,1,2,1,0,0,,1,1,182,17,30,,25/36 (69%),2/11 (18%),51%,5,19/37 (51%),4/8 (50%),3/9 (33%),38%,8,7,,9,,3,,,,,4
9591407,24,37155,NORMAL,REGULAR,Round 25,LEAGUE,23957,AFC Wimbledon,Visita,ALL,29/12/2021,25,0,37%,0.00,0,5,4,1,11,316,23,12,3,,3,0,1,1,3,2,0,0,0,,0,1,215,17,58,,23/64 (36%),1/8 (13%),48%,8,36/72 (50%),10/23 (43%),1/10 (10%),78%,23,13,,17,,4,,,,,7
9591407,24,37155,NORMAL,REGULAR,Round 25,LEAGUE,23957,AFC Wimbledon,Visita,1ST,29/12/2021,25,0,33%,0.00,0,0,2,0,,157,12,5,0,,0,0,0,0,0,0,0,0,0,,0,0,103,10,29,,13/38 (34%),0/2 (0%),48%,5,18/35 (51%),6/15 (40%),1/5 (20%),58%,12,5,,11,,2,,,,,6
9591407,24,37155,NORMAL,REGULAR,Round 25,LEAGUE,23957,AFC Wimbledon,Visita,2ND,29/12/2021,25,0,42%,0.00,0,5,2,1,,159,11,7,3,,3,0,1,1,3,2,0,0,0,,0,1,112,7,29,,10/26 (38%),1/6 (17%),49%,3,18/37 (49%),4/8 (50%),0/5 (0%),100%,11,8,,6,,2,,,,,1
9591532,24,37155,NORMAL,REGULAR,Round 26,LEAGUE,95,Oxford United,Local,ALL,01/01/2022,26,1,64%,0.00,3,16,3,9,8,533,9,11,1,,4,0,10,2,8,8,1,2,,,2,3,412,31,75,,35/74 (47%),10/24 (42%),54%,7,27/52 (52%),19/33 (58%),7/12 (58%),78%,9,6,,13,,3,,,,,5
9591532,24,37155,NORMAL,REGULAR,Round 26,LEAGUE,95,Oxford United,Local,1ST,01/01/2022,26,0,61%,0.00,2,8,2,5,,274,4,4,1,,2,0,6,0,3,5,0,2,,,1,1,227,14,33,,18/34 (53%),5/11 (45%),49%,6,12/28 (43%),10/17 (59%),4/6 (67%),75%,4,3,,6,,2,,,,,2
9591532,24,37155,NORMAL,REGULAR,Round 26,LEAGUE,95,Oxford United,Local,2ND,01/01/2022,26,1,68%,0.00,1,8,1,4,,259,5,7,0,,2,0,4,2,5,3,1,0,,,1,2,185,17,42,,17/40 (43%),5/13 (38%),60%,1,15/24 (63%),9/16 (56%),3/6 (50%),80%,5,3,,7,,1,,,,,3
9591532,24,37155,NORMAL,REGULAR,Round 26,LEAGUE,69,Cheltenham Town,Visita,ALL,01/01/2022,26,1,36%,0.00,2,8,3,3,11,301,12,8,5,,4,0,2,2,5,3,1,1,,,1,0,184,18,67,,19/74 (26%),3/14 (21%),46%,2,25/52 (48%),14/33 (42%),5/12 (42%),50%,12,12,,27,,3,,,,,14
9591532,24,37155,NORMAL,REGULAR,Round 26,LEAGUE,69,Cheltenham Town,Visita,1ST,01/01/2022,26,0,39%,0.00,1,5,2,1,,178,8,5,1,,2,0,1,2,4,1,0,1,,,1,0,122,5,33,,9/38 (24%),2/7 (29%),51%,2,16/28 (57%),7/17 (41%),3/5 (60%),38%,8,5,,12,,2,,,,,9
9591532,24,37155,NORMAL,REGULAR,Round 26,LEAGUE,69,Cheltenham Town,Visita,2ND,01/01/2022,26,1,32%,0.00,1,3,1,2,,123,4,3,4,,2,0,1,0,1,2,1,0,,,0,0,62,13,34,,10/36 (28%),1/7 (14%),40%,0,9/24 (38%),7/16 (44%),2/7 (29%),75%,4,7,,15,,1,,,,,5
9591616,24,37155,NORMAL,REGULAR,Round 27,LEAGUE,92,Lincoln City,Local,ALL,08/01/2022,27,2,47%,0.00,,9,3,4,15,435,19,5,0,0,4,1,5,0,4,5,,,2,,0,2,323,31,58,,40/92 (43%),2/12 (17%),41%,12,31/71 (44%),10/29 (34%),7/15 (47%),42%,19,17,,13,,3,,,,,8
9591616,24,37155,NORMAL,REGULAR,Round 27,LEAGUE,92,Lincoln City,Local,1ST,08/01/2022,27,1,52%,0.00,,4,2,3,,257,8,0,0,0,2,1,2,0,2,2,,,1,,0,0,201,16,30,,22/46 (48%),2/10 (20%),46%,5,11/29 (38%),8/12 (67%),3/7 (43%),38%,8,7,,5,,2,,,,,4
9591616,24,37155,NORMAL,REGULAR,Round 27,LEAGUE,92,Lincoln City,Local,2ND,08/01/2022,27,1,41%,0.00,,5,1,1,,178,11,5,0,0,2,0,3,0,2,3,,,1,,0,2,122,15,28,,18/46 (39%),0/2 (0%),37%,7,20/42 (48%),2/17 (12%),4/8 (50%),45%,11,10,,8,,1,,,,,4
9591616,24,37155,NORMAL,REGULAR,Round 27,LEAGUE,95,Oxford United,Visita,ALL,08/01/2022,27,0,53%,0.00,,13,2,2,6,490,20,13,1,1,3,0,5,5,7,6,,,0,,4,2,375,24,85,,17/57 (30%),3/17 (18%),59%,16,40/71 (56%),19/29 (66%),7/10 (70%),60%,20,10,,15,,2,,,,,6
9591616,24,37155,NORMAL,REGULAR,Round 27,LEAGUE,95,Oxford United,Visita,1ST,08/01/2022,27,0,48%,0.00,,4,1,1,,239,9,6,0,0,2,0,2,0,1,3,,,0,,2,1,180,7,40,,7/33 (21%),0/3 (0%),54%,8,18/29 (62%),4/12 (33%),3/3 (100%),56%,9,4,,11,,1,,,,,3
9591616,24,37155,NORMAL,REGULAR,Round 27,LEAGUE,95,Oxford United,Visita,2ND,08/01/2022,27,0,59%,0.00,,9,1,1,,251,11,7,1,1,1,0,3,5,6,3,,,0,,2,1,195,17,45,,10/24 (42%),3/14 (21%),63%,8,22/42 (52%),15/17 (88%),4/7 (57%),64%,11,6,,4,,1,,,,,3
9591850,24,37155,NORMAL,REGULAR,Round 28,LEAGUE,62,Wycombe Wanderers,Local,ALL,15/01/2022,28,2,43%,0.00,3,9,6,2,9,316,17,8,2,,5,0,3,1,8,1,1,2,,,1,1,173,36,87,,26/80 (33%),3/9 (33%),52%,12,30/59 (51%),32/60 (53%),6/12 (50%),65%,17,10,,25,,6,,,,,12
9591850,24,37155,NORMAL,REGULAR,Round 28,LEAGUE,62,Wycombe Wanderers,Local,1ST,15/01/2022,28,1,50%,0.00,0,5,2,1,,168,7,6,0,,2,0,2,1,4,1,0,0,,,1,0,99,27,50,,16/41 (39%),3/7 (43%),54%,9,16/30 (53%),20/37 (54%),4/5 (80%),57%,7,4,,10,,2,,,,,5
9591850,24,37155,NORMAL,REGULAR,Round 28,LEAGUE,62,Wycombe Wanderers,Local,2ND,15/01/2022,28,1,37%,0.00,3,4,4,1,,148,10,2,2,,3,0,1,0,4,0,1,2,,,0,1,74,9,37,,10/39 (26%),0/2 (0%),50%,3,14/29 (48%),12/23 (52%),2/7 (29%),70%,10,6,,15,,4,,,,,7
9591850,24,37155,NORMAL,REGULAR,Round 28,LEAGUE,95,Oxford United,Visita,ALL,15/01/2022,28,0,57%,0.00,1,15,3,6,8,402,18,8,2,,7,0,4,4,8,7,0,1,,,3,0,252,38,83,,33/96 (34%),4/25 (16%),48%,11,29/59 (49%),28/60 (47%),3/9 (33%),50%,18,15,,12,,3,,,,,6
9591850,24,37155,NORMAL,REGULAR,Round 28,LEAGUE,95,Oxford United,Visita,1ST,15/01/2022,28,0,50%,0.00,1,3,1,2,,164,10,3,0,,3,0,0,0,2,1,0,1,,,1,0,86,17,41,,9/45 (20%),1/6 (17%),46%,5,14/30 (47%),17/37 (46%),1/3 (33%),60%,10,8,,9,,1,,,,,3
9591850,24,37155,NORMAL,REGULAR,Round 28,LEAGUE,95,Oxford United,Visita,2ND,15/01/2022,28,0,63%,0.00,0,12,2,4,,238,8,5,2,,4,0,4,4,6,6,0,0,,,2,0,166,21,42,,24/51 (47%),3/19 (16%),50%,6,15/29 (52%),11/23 (48%),2/6 (33%),38%,8,7,,3,,2,,,,,3
9591800,24,37155,NORMAL,REGULAR,Round 29,LEAGUE,95,Oxford United,Local,ALL,22/01/2022,29,3,51%,0.00,4,17,3,8,11,352,13,9,1,,8,0,5,4,10,7,3,1,,,2,3,237,27,65,,30/76 (39%),8/19 (42%),49%,12,26/58 (45%),26/48 (54%),4/9 (44%),85%,13,7,,18,,3,,,,,11
9591800,24,37155,NORMAL,REGULAR,Round 29,LEAGUE,95,Oxford United,Local,1ST,22/01/2022,29,1,56%,0.00,1,8,2,4,,188,7,6,1,,3,0,3,2,5,3,1,0,,,2,2,136,11,28,,16/37 (43%),6/12 (50%),48%,4,15/29 (52%),9/21 (43%),2/5 (40%),86%,7,4,,8,,2,,,,,7
9591800,24,37155,NORMAL,REGULAR,Round 29,LEAGUE,95,Oxford United,Local,2ND,22/01/2022,29,2,46%,0.00,3,9,1,4,,164,6,3,0,,5,0,2,2,5,4,2,1,,,0,1,101,16,37,,14/39 (36%),2/7 (29%),50%,8,11/29 (38%),17/27 (63%),2/4 (50%),83%,6,3,,10,,1,,,,,4
9591800,24,37155,NORMAL,REGULAR,Round 29,LEAGUE,12,Sheffield Wednesday,Visita,ALL,22/01/2022,29,2,49%,0.00,3,17,4,4,9,343,17,11,2,,5,0,8,4,11,6,0,3,,,1,2,241,24,64,,31/73 (42%),8/18 (44%),51%,4,32/58 (55%),22/48 (46%),5/14 (36%),47%,17,15,,15,,4,,,,,10
9591800,24,37155,NORMAL,REGULAR,Round 29,LEAGUE,12,Sheffield Wednesday,Visita,1ST,22/01/2022,29,1,44%,0.00,1,9,1,3,,153,7,6,1,,3,0,4,2,6,3,0,1,,,0,1,113,11,26,,16/34 (47%),4/11 (36%),52%,0,14/29 (48%),12/21 (57%),1/8 (13%),29%,7,7,,5,,1,,,,,4
9591800,24,37155,NORMAL,REGULAR,Round 29,LEAGUE,12,Sheffield Wednesday,Visita,2ND,22/01/2022,29,1,54%,0.00,2,8,3,1,,190,10,5,1,,2,0,4,2,5,3,0,2,,,1,1,128,13,38,,15/39 (38%),4/7 (57%),50%,4,18/29 (62%),10/27 (37%),4/6 (67%),60%,10,8,,10,,3,,,,,6
9591987,24,37155,NORMAL,REGULAR,Round 30,LEAGUE,20,Gillingham,Local,ALL,29/01/2022,30,2,40%,0.00,2,14,2,7,17,301,8,9,3,,8,0,4,2,6,8,2,0,,,2,1,193,24,62,,21/72 (29%),4/17 (24%),41%,14,28/66 (42%),10/26 (38%),11/15 (73%),63%,8,5,,13,,2,,,,,8
9591987,24,37155,NORMAL,REGULAR,Round 30,LEAGUE,20,Gillingham,Local,1ST,29/01/2022,30,0,34%,0.00,0,2,1,0,,138,4,6,2,,1,0,1,0,1,1,0,0,,,1,0,75,9,35,,11/43 (26%),1/3 (33%),43%,4,14/30 (47%),4/12 (33%),4/6 (67%),50%,4,3,,8,,1,,,,,7
9591987,24,37155,NORMAL,REGULAR,Round 30,LEAGUE,20,Gillingham,Local,2ND,29/01/2022,30,2,45%,0.00,2,12,1,7,,163,4,3,1,,7,0,3,2,5,7,2,0,,,1,1,118,15,27,,10/29 (34%),3/14 (21%),40%,10,14/36 (39%),6/14 (43%),7/9 (78%),75%,4,2,,5,,1,,,,,1
9591987,24,37155,NORMAL,REGULAR,Round 30,LEAGUE,95,Oxford United,Visita,ALL,29/01/2022,30,7,60%,0.00,9,15,6,1,10,474,18,16,0,,9,0,2,4,10,5,7,2,,,8,0,357,24,59,,25/75 (33%),1/8 (13%),59%,8,38/66 (58%),16/26 (62%),6/6 (100%),50%,18,3,,20,,6,,,,,6
9591987,24,37155,NORMAL,REGULAR,Round 30,LEAGUE,95,Oxford United,Visita,1ST,29/01/2022,30,3,66%,0.00,3,6,1,1,,263,6,7,0,,4,0,1,1,3,3,3,0,,,3,0,198,15,34,,15/42 (36%),1/6 (17%),57%,4,16/30 (53%),8/12 (67%),4/4 (100%),50%,6,1,,7,,1,,,,,2
9591987,24,37155,NORMAL,REGULAR,Round 30,LEAGUE,95,Oxford United,Visita,2ND,29/01/2022,30,4,55%,0.00,6,9,5,0,,211,12,9,0,,5,0,1,3,7,2,4,2,,,5,0,159,9,25,,10/33 (30%),0/2 (0%),60%,4,22/36 (61%),8/14 (57%),2/2 (100%),50%,12,2,,13,,5,,,,,4
10064608,24,37155,NORMAL,REGULAR,Round 18,LEAGUE,49,Wigan Athletic,Local,ALL,01/02/2022,18,1,53%,0.00,1,12,0,5,13,406,15,14,2,,3,1,6,3,9,3,0,1,,,3,3,285,28,75,,27/78 (35%),5/20 (25%),48%,7,34/67 (51%),16/38 (42%),5/14 (36%),60%,15,6,,8,,0,,,,,3
10064608,24,37155,NORMAL,REGULAR,Round 18,LEAGUE,49,Wigan Athletic,Local,1ST,01/02/2022,18,1,51%,0.00,1,6,0,1,,220,7,6,0,,1,1,2,3,4,2,0,1,,,1,1,162,11,41,,13/41 (32%),2/7 (29%),53%,2,16/29 (55%),7/14 (50%),3/6 (50%),43%,7,3,,4,,0,,,,,1
10064608,24,37155,NORMAL,REGULAR,Round 18,LEAGUE,49,Wigan Athletic,Local,2ND,01/02/2022,18,0,57%,0.00,0,6,0,4,,186,8,8,2,,2,0,4,0,5,1,0,0,,,2,2,123,17,34,,14/37 (38%),3/13 (23%),44%,5,18/38 (47%),9/24 (38%),2/8 (25%),75%,8,3,,4,,0,,,,,2
10064608,24,37155,NORMAL,REGULAR,Round 18,LEAGUE,95,Oxford United,Visita,ALL,01/02/2022,18,1,47%,0.00,1,5,2,1,14,365,16,13,4,,1,0,2,2,1,4,1,0,,,1,2,252,29,65,,25/72 (35%),3/9 (33%),52%,7,33/67 (49%),22/38 (58%),4/12 (33%),56%,16,13,,36,,2,,,,,8
10064608,24,37155,NORMAL,REGULAR,Round 18,LEAGUE,95,Oxford United,Visita,1ST,01/02/2022,18,1,49%,0.00,1,4,0,1,,215,5,6,2,,1,0,1,2,1,3,1,0,,,1,1,164,13,34,,15/37 (41%),2/7 (29%),47%,3,13/29 (45%),7/14 (50%),2/6 (33%),60%,5,3,,15,,0,,,,,4
10064608,24,37155,NORMAL,REGULAR,Round 18,LEAGUE,95,Oxford United,Visita,2ND,01/02/2022,18,0,43%,0.00,0,1,2,0,,150,11,7,2,,0,0,1,0,0,1,0,0,,,0,1,88,16,31,,10/35 (29%),1/2 (50%),56%,4,20/38 (53%),15/24 (63%),2/6 (33%),55%,11,10,,21,,2,,,,,4
9591793,24,37155,NORMAL,REGULAR,Round 31,LEAGUE,95,Oxford United,Local,ALL,05/02/2022,31,3,76%,0.00,2,28,1,14,12,570,9,13,4,0,10,0,12,6,18,10,1,1,1,,3,0,477,20,88,,31/53 (58%),11/30 (37%),57%,3,26/48 (54%),26/44 (59%),4/12 (33%),44%,9,1,,3,,1,,,,,3
9591793,24,37155,NORMAL,REGULAR,Round 31,LEAGUE,95,Oxford United,Local,1ST,05/02/2022,31,1,79%,0.00,2,14,1,8,,283,4,8,0,0,4,0,7,3,13,1,1,1,1,,2,0,239,6,40,,17/29 (59%),7/18 (39%),57%,2,12/22 (55%),12/20 (60%),0/4 (0%),50%,4,1,,2,,1,,,,,2
9591793,24,37155,NORMAL,REGULAR,Round 31,LEAGUE,95,Oxford United,Local,2ND,05/02/2022,31,2,74%,0.00,0,14,0,6,,287,5,5,4,0,6,0,5,3,5,9,0,0,0,,1,0,238,14,48,,14/24 (58%),4/12 (33%),56%,1,14/26 (54%),14/24 (58%),4/8 (50%),40%,5,0,,1,,0,,,,,1
9591793,24,37155,NORMAL,REGULAR,Round 31,LEAGUE,2,Portsmouth,Visita,ALL,05/02/2022,31,2,24%,0.00,3,3,7,2,14,183,11,11,7,1,3,0,0,0,3,0,2,1,0,,1,3,93,16,48,,21/65 (32%),0/3 (0%),43%,3,22/48 (46%),18/44 (41%),1/7 (14%),45%,11,13,,32,,7,,,,,16
9591793,24,37155,NORMAL,REGULAR,Round 31,LEAGUE,2,Portsmouth,Visita,1ST,05/02/2022,31,1,21%,0.00,2,2,3,1,,77,6,4,3,1,2,0,0,0,2,0,1,1,0,,0,2,40,6,22,,7/29 (24%),0/2 (0%),43%,2,10/22 (45%),8/20 (40%),0/2 (0%),33%,6,8,,22,,3,,,,,7
9591793,24,37155,NORMAL,REGULAR,Round 31,LEAGUE,2,Portsmouth,Visita,2ND,05/02/2022,31,1,26%,0.00,1,1,4,1,,106,5,7,4,0,1,0,0,0,1,0,1,0,0,,1,1,53,10,26,,14/36 (39%),0/1 (0%),44%,1,12/26 (46%),10/24 (42%),1/5 (20%),60%,5,5,,10,,4,,,,,9
9591907,24,37155,NORMAL,REGULAR,Round 32,LEAGUE,187,Accrington Stanley,Local,ALL,08/02/2022,32,2,42%,0.00,2,15,2,2,11,271,14,11,1,,7,0,8,0,10,5,,2,,,2,2,151,36,68,,18/60 (30%),7/19 (37%),48%,6,33/68 (49%),29/62 (47%),8/11 (73%),64%,14,2,,17,,2,,,,,7
9591907,24,37155,NORMAL,REGULAR,Round 32,LEAGUE,187,Accrington Stanley,Local,1ST,08/02/2022,32,1,42%,0.00,1,9,1,1,,128,6,4,0,,2,0,7,0,7,2,,1,,,2,1,74,17,34,,9/25 (36%),6/14 (43%),62%,2,13/22 (59%),20/31 (65%),3/3 (100%),50%,6,1,,10,,1,,,,,4
9591907,24,37155,NORMAL,REGULAR,Round 32,LEAGUE,187,Accrington Stanley,Local,2ND,08/02/2022,32,1,41%,0.00,1,6,1,1,,143,8,7,1,,5,0,1,0,3,3,,1,,,0,1,77,19,34,,9/35 (26%),1/5 (20%),38%,4,20/46 (43%),9/31 (29%),5/8 (63%),75%,8,1,,7,,1,,,,,3
9591907,24,37155,NORMAL,REGULAR,Round 32,LEAGUE,95,Oxford United,Visita,ALL,08/02/2022,32,0,58%,0.00,1,15,5,4,12,399,9,11,2,,3,0,7,5,11,4,,1,,,4,1,262,33,73,,19/77 (25%),5/14 (36%),52%,13,35/68 (51%),33/62 (53%),15/16 (94%),56%,9,12,,19,,5,,,,,13
9591907,24,37155,NORMAL,REGULAR,Round 32,LEAGUE,95,Oxford United,Visita,1ST,08/02/2022,32,0,58%,0.00,0,6,1,4,,195,2,4,0,,2,0,3,1,4,2,,0,,,2,1,131,15,32,,8/40 (20%),3/10 (30%),38%,5,9/22 (41%),11/31 (35%),3/4 (75%),0%,2,6,,10,,1,,,,,10
9591907,24,37155,NORMAL,REGULAR,Round 32,LEAGUE,95,Oxford United,Visita,2ND,08/02/2022,32,0,59%,0.00,1,9,4,0,,204,7,7,2,,1,0,4,4,7,2,,1,,,2,0,131,18,41,,11/37 (30%),2/4 (50%),62%,8,26/46 (57%),22/31 (71%),12/12 (100%),71%,7,6,,9,,4,,,,,3
9591673,24,37155,NORMAL,REGULAR,Round 33,LEAGUE,95,Oxford United,Local,ALL,12/02/2022,33,2,57%,0.00,1,13,2,10,9,417,10,10,3,,5,0,4,4,7,6,0,1,1,,3,1,277,36,71,,25/89 (28%),3/25 (12%),51%,8,24/46 (52%),31/62 (50%),4/8 (50%),70%,10,15,,10,,2,,,,,5
9591673,24,37155,NORMAL,REGULAR,Round 33,LEAGUE,95,Oxford United,Local,1ST,12/02/2022,33,2,51%,0.00,1,5,1,1,,212,5,3,1,,4,0,1,0,3,2,0,1,1,,1,1,140,16,37,,15/43 (35%),0/9 (0%),46%,4,9/22 (41%),15/30 (50%),1/3 (33%),80%,5,7,,8,,1,,,,,3
9591673,24,37155,NORMAL,REGULAR,Round 33,LEAGUE,95,Oxford United,Local,2ND,12/02/2022,33,0,65%,0.00,0,8,1,9,,205,5,7,2,,1,0,3,4,4,4,0,0,0,,2,0,137,20,34,,10/46 (22%),3/16 (19%),55%,4,15/24 (63%),16/32 (50%),3/5 (60%),60%,5,8,,2,,1,,,,,2
9591673,24,37155,NORMAL,REGULAR,Round 33,LEAGUE,5,Bolton Wanderers,Visita,ALL,12/02/2022,33,3,43%,0.00,2,6,3,1,10,325,12,8,1,,5,0,1,0,5,1,1,1,2,,1,2,207,26,72,,20/73 (27%),1/5 (20%),49%,3,22/46 (48%),31/62 (50%),3/10 (30%),75%,12,18,,27,,3,,,,,8
9591673,24,37155,NORMAL,REGULAR,Round 33,LEAGUE,5,Bolton Wanderers,Visita,1ST,12/02/2022,33,2,49%,0.00,1,4,2,1,,209,6,4,0,,3,0,1,0,4,0,0,1,1,,1,1,140,14,40,,8/35 (23%),0/2 (0%),54%,1,13/22 (59%),15/30 (50%),3/7 (43%),83%,6,10,,8,,2,,,,,2
9591673,24,37155,NORMAL,REGULAR,Round 33,LEAGUE,5,Bolton Wanderers,Visita,2ND,12/02/2022,33,1,35%,0.00,1,2,1,0,,116,6,4,1,,2,0,0,0,1,1,1,0,1,,0,1,67,12,32,,12/38 (32%),1/3 (33%),45%,2,9/24 (38%),16/32 (50%),0/3 (0%),67%,6,8,,19,,1,,,,,6
9591703,24,37155,NORMAL,REGULAR,Round 34,LEAGUE,47,Charlton Athletic,Local,ALL,19/02/2022,34,0,46%,0.00,0,6,3,4,8,345,11,14,6,1,2,0,3,1,5,1,,0,0,,3,1,268,25,56,,33/69 (48%),4/17 (24%),42%,15,29/70 (41%),10/23 (43%),5/19 (26%),64%,11,2,,20,,3,,,,,9
9591703,24,37155,NORMAL,REGULAR,Round 34,LEAGUE,47,Charlton Athletic,Local,1ST,19/02/2022,34,0,56%,0.00,0,1,1,2,,217,5,9,3,0,0,0,1,0,1,0,,0,0,,1,1,177,18,26,,21/40 (53%),1/9 (11%),45%,6,16/38 (42%),5/9 (56%),3/13 (23%),60%,5,2,,9,,1,,,,,4
9591703,24,37155,NORMAL,REGULAR,Round 34,LEAGUE,47,Charlton Athletic,Local,2ND,19/02/2022,34,0,35%,0.00,0,5,2,2,,128,6,5,3,1,2,0,2,1,4,1,,0,0,,2,0,91,7,30,,12/29 (41%),3/8 (38%),39%,9,13/32 (41%),5/14 (36%),2/6 (33%),67%,6,0,,11,,2,,,,,5
9591703,24,37155,NORMAL,REGULAR,Round 34,LEAGUE,95,Oxford United,Visita,ALL,19/02/2022,34,4,54%,0.00,1,12,2,8,14,416,29,8,4,0,7,1,5,0,5,7,,1,1,,2,1,342,17,61,,40/67 (60%),3/17 (18%),58%,7,41/70 (59%),13/23 (57%),5/9 (56%),69%,29,11,,17,,2,,,,,6
9591703,24,37155,NORMAL,REGULAR,Round 34,LEAGUE,95,Oxford United,Visita,1ST,19/02/2022,34,2,44%,0.00,1,6,0,3,,167,16,4,1,0,3,1,3,0,3,3,,1,1,,1,0,132,11,22,,21/37 (57%),1/7 (14%),55%,3,22/38 (58%),4/9 (44%),3/5 (60%),69%,16,9,,9,,0,,,,,2
9591703,24,37155,NORMAL,REGULAR,Round 34,LEAGUE,95,Oxford United,Visita,2ND,19/02/2022,34,2,65%,0.00,0,6,2,5,,249,13,4,3,0,4,0,2,0,2,4,,0,0,,1,1,210,6,39,,19/30 (63%),2/10 (20%),61%,4,19/32 (59%),9/14 (64%),2/4 (50%),69%,13,2,,8,,2,,,,,4
9591786,24,37155,NORMAL,REGULAR,Round 35,LEAGUE,19,Crewe Alexandra,Local,ALL,22/02/2022,35,0,53%,0.00,1,10,1,4,11,396,24,11,2,,1,1,6,3,9,1,0,1,,,0,0,279,18,61,,26/82 (32%),4/14 (29%),50%,18,44/90 (49%),25/48 (52%),11/15 (73%),71%,24,13,,15,,1,,,,,12
9591786,24,37155,NORMAL,REGULAR,Round 35,LEAGUE,19,Crewe Alexandra,Local,1ST,22/02/2022,35,0,44%,0.00,0,2,0,0,,165,12,5,0,,1,0,0,1,2,0,0,0,,,0,0,106,12,28,,16/45 (36%),0/3 (0%),47%,9,21/41 (51%),10/25 (40%),5/7 (71%),67%,12,8,,10,,0,,,,,8
9591786,24,37155,NORMAL,REGULAR,Round 35,LEAGUE,19,Crewe Alexandra,Local,2ND,22/02/2022,35,0,60%,0.00,1,8,1,4,,231,12,6,2,,0,1,6,2,7,1,0,1,,,0,0,173,6,33,,10/37 (27%),4/11 (36%),53%,9,23/49 (47%),15/23 (65%),6/8 (75%),75%,12,5,,5,,1,,,,,4
9591786,24,37155,NORMAL,REGULAR,Round 35,LEAGUE,95,Oxford United,Visita,ALL,22/02/2022,35,1,47%,0.00,2,20,1,8,11,358,22,11,2,,2,0,10,8,10,10,1,1,,,5,2,233,24,77,,26/75 (35%),6/16 (38%),50%,18,46/90 (51%),23/48 (48%),13/19 (68%),59%,22,10,,19,,1,,,,,10
9591786,24,37155,NORMAL,REGULAR,Round 35,LEAGUE,95,Oxford United,Visita,1ST,22/02/2022,35,0,56%,0.00,0,13,1,5,,203,11,5,0,,0,0,6,7,5,8,0,0,,,3,1,140,13,34,,14/35 (40%),3/10 (30%),53%,9,20/41 (49%),15/25 (60%),4/7 (57%),64%,11,6,,8,,1,,,,,5
9591786,24,37155,NORMAL,REGULAR,Round 35,LEAGUE,95,Oxford United,Visita,2ND,22/02/2022,35,1,40%,0.00,2,7,0,3,,155,11,6,2,,2,0,4,1,5,2,1,1,,,2,1,93,11,43,,12/40 (30%),3/6 (50%),47%,9,26/49 (53%),8/23 (35%),9/12 (75%),55%,11,4,,11,,0,,,,,5
9591988,24,37155,NORMAL,REGULAR,Round 36,LEAGUE,95,Oxford United,Local,ALL,26/02/2022,36,4,61%,0.00,4,17,2,7,10,500,14,9,2,,5,0,7,5,11,6,3,1,,,1,2,396,23,94,,43/82 (52%),4/23 (17%),52%,7,24/45 (53%),21/41 (51%),1/1 (100%),50%,14,6,,20,,2,,,,,5
9591988,24,37155,NORMAL,REGULAR,Round 36,LEAGUE,95,Oxford United,Local,1ST,26/02/2022,36,1,66%,0.00,2,10,1,4,,241,4,7,2,,1,0,4,5,4,6,1,1,,,1,1,189,8,41,,17/38 (45%),2/12 (17%),51%,3,12/23 (52%),11/22 (50%),1/1 (100%),0%,4,1,,11,,1,,,,,2
9591988,24,37155,NORMAL,REGULAR,Round 36,LEAGUE,95,Oxford United,Local,2ND,26/02/2022,36,3,56%,0.00,2,7,1,3,,259,10,2,0,,4,0,3,0,7,0,2,0,,,0,1,207,15,53,,26/44 (59%),2/11 (18%),54%,4,12/22 (55%),10/19 (53%),0/0 (0%),70%,10,5,,9,,1,,,,,3
9591988,24,37155,NORMAL,REGULAR,Round 36,LEAGUE,63,Cambridge United,Visita,ALL,26/02/2022,36,2,39%,0.00,2,8,1,1,9,335,7,10,3,,4,0,3,1,6,2,1,1,,,0,5,231,22,69,,30/72 (42%),2/9 (22%),48%,8,21/45 (47%),20/41 (49%),4/10 (40%),57%,7,4,,20,,1,,,,,16
9591988,24,37155,NORMAL,REGULAR,Round 36,LEAGUE,63,Cambridge United,Visita,1ST,26/02/2022,36,1,34%,0.00,1,5,0,1,,130,3,5,2,,2,0,2,1,3,2,1,0,,,0,1,82,9,32,,14/35 (40%),1/5 (20%),49%,3,11/23 (48%),11/22 (50%),3/4 (75%),33%,3,1,,9,,0,,,,,10
9591988,24,37155,NORMAL,REGULAR,Round 36,LEAGUE,63,Cambridge United,Visita,2ND,26/02/2022,36,1,44%,0.00,1,3,1,0,,205,4,5,1,,2,0,1,0,3,0,0,1,,,0,4,149,13,37,,16/37 (43%),1/4 (25%),46%,5,10/22 (45%),9/19 (47%),1/6 (17%),75%,4,3,,11,,1,,,,,6
10064627,24,37155,NORMAL,REGULAR,Round 24,LEAGUE,2,Portsmouth,Local,ALL,01/03/2022,24,3,43%,0.00,1,9,1,3,12,290,12,12,1,,5,0,3,1,5,4,0,1,,,4,,185,32,73,,26/71 (37%),6/17 (35%),52%,3,33/63 (52%),21/40 (53%),10/19 (53%),75%,12,8,,22,,1,,,,,12
10064627,24,37155,NORMAL,REGULAR,Round 24,LEAGUE,2,Portsmouth,Local,1ST,01/03/2022,24,2,59%,0.00,0,6,0,1,,180,10,8,0,,2,0,3,1,4,2,0,0,,,2,,127,20,35,,16/32 (50%),4/10 (40%),55%,1,24/42 (57%),12/23 (52%),6/13 (46%),80%,10,3,,7,,0,,,,,2
10064627,24,37155,NORMAL,REGULAR,Round 24,LEAGUE,2,Portsmouth,Local,2ND,01/03/2022,24,1,30%,0.00,1,3,1,2,,110,2,4,1,,3,0,0,0,1,2,0,1,,,2,,58,12,38,,10/39 (26%),2/7 (29%),47%,2,9/21 (43%),9/17 (53%),4/6 (67%),50%,2,5,,15,,1,,,,,10
10064627,24,37155,NORMAL,REGULAR,Round 24,LEAGUE,95,Oxford United,Visita,ALL,01/03/2022,24,2,57%,0.00,1,13,2,4,14,394,12,11,1,,3,0,5,5,8,5,1,0,,,1,,298,28,64,,28/67 (42%),3/17 (18%),48%,10,30/63 (48%),19/40 (48%),7/9 (78%),67%,12,9,,23,,2,,,,,7
10064627,24,37155,NORMAL,REGULAR,Round 24,LEAGUE,95,Oxford United,Visita,1ST,01/03/2022,24,1,41%,0.00,1,4,0,1,,134,8,7,0,,1,0,2,1,2,2,1,0,,,0,,91,14,25,,10/28 (36%),0/2 (0%),45%,8,18/42 (43%),11/23 (48%),3/5 (60%),63%,8,6,,15,,0,,,,,5
10064627,24,37155,NORMAL,REGULAR,Round 24,LEAGUE,95,Oxford United,Visita,2ND,01/03/2022,24,1,70%,0.00,0,9,2,3,,260,4,4,1,,2,0,3,4,6,3,0,0,,,1,,207,14,39,,18/39 (46%),3/15 (20%),53%,2,12/21 (57%),8/17 (47%),4/4 (100%),75%,4,3,,8,,2,,,,,2
9591763,24,37155,NORMAL,REGULAR,Round 37,LEAGUE,95,Oxford United,Local,ALL,05/03/2022,37,4,60%,0.00,2,26,6,10,7,428,17,8,0,,9,0,7,10,16,10,1,1,,,3,2,341,32,71,,34/74 (46%),11/27 (41%),50%,15,27/58 (47%),22/40 (55%),3/6 (50%),59%,17,9,,18,,6,,,,,8
9591763,24,37155,NORMAL,REGULAR,Round 37,LEAGUE,95,Oxford United,Local,1ST,05/03/2022,37,4,63%,0.00,1,20,2,7,,234,8,2,0,,5,0,5,10,11,9,1,0,,,1,1,188,15,34,,18/39 (46%),8/16 (50%),51%,4,11/22 (50%),11/21 (52%),1/3 (33%),63%,8,3,,6,,2,,,,,3
9591763,24,37155,NORMAL,REGULAR,Round 37,LEAGUE,95,Oxford United,Local,2ND,05/03/2022,37,0,57%,0.00,1,6,4,3,,194,9,6,0,,4,0,2,0,5,1,0,1,,,2,1,153,17,37,,16/35 (46%),3/11 (27%),49%,11,16/36 (44%),11/19 (58%),2/3 (67%),56%,9,6,,12,,4,,,,,5
9591763,24,37155,NORMAL,REGULAR,Round 37,LEAGUE,134,Burton Albion,Visita,ALL,05/03/2022,37,1,40%,0.00,1,17,5,7,9,288,18,7,1,,7,0,7,3,9,8,0,1,,,2,0,180,26,77,,20/63 (32%),4/16 (25%),50%,8,31/58 (53%),18/40 (45%),6/15 (40%),61%,18,8,,17,,5,,,,,5
9591763,24,37155,NORMAL,REGULAR,Round 37,LEAGUE,134,Burton Albion,Visita,1ST,05/03/2022,37,1,37%,0.00,0,9,1,3,,147,6,3,1,,3,0,3,3,7,2,0,0,,,2,0,93,9,41,,11/31 (35%),2/4 (50%),49%,4,11/22 (50%),10/21 (48%),2/6 (33%),67%,6,3,,9,,1,,,,,4
9591763,24,37155,NORMAL,REGULAR,Round 37,LEAGUE,134,Burton Albion,Visita,2ND,05/03/2022,37,0,43%,0.00,1,8,4,4,,141,12,4,0,,4,0,4,0,2,6,0,1,,,0,0,87,17,36,,9/32 (28%),2/12 (17%),51%,4,20/36 (56%),8/19 (42%),4/9 (44%),58%,12,5,,8,,4,,,,,1
9591839,24,37155,NORMAL,REGULAR,Round 38,LEAGUE,82,Shrewsbury Town,Local,ALL,12/03/2022,38,1,46%,0.00,4,13,1,8,12,381,14,3,1,,6,0,3,4,9,4,1,3,0,,1,0,260,30,70,,38/93 (41%),5/22 (23%),44%,5,18/45 (40%),18/36 (50%),1/6 (17%),64%,14,12,,7,,1,,,,,10
9591839,24,37155,NORMAL,REGULAR,Round 38,LEAGUE,82,Shrewsbury Town,Local,1ST,12/03/2022,38,0,41%,0.00,2,9,1,3,,188,8,2,0,,4,0,1,4,6,3,0,2,0,,1,0,134,12,30,,20/45 (44%),3/6 (50%),53%,3,10/24 (42%),11/16 (69%),0/3 (0%),50%,8,5,,7,,1,,,,,5
9591839,24,37155,NORMAL,REGULAR,Round 38,LEAGUE,82,Shrewsbury Town,Local,2ND,12/03/2022,38,1,52%,0.00,2,4,0,5,,193,6,1,1,,2,0,2,0,3,1,1,1,0,,0,0,126,18,40,,18/48 (38%),2/16 (13%),37%,2,8/21 (38%),7/20 (35%),1/3 (33%),83%,6,7,,0,,0,,,,,5
9591839,24,37155,NORMAL,REGULAR,Round 38,LEAGUE,95,Oxford United,Visita,ALL,12/03/2022,38,2,54%,0.00,3,8,5,0,3,456,10,12,1,,3,0,2,3,4,4,2,1,1,,1,2,346,25,65,,14/64 (22%),1/5 (20%),56%,7,27/45 (60%),18/36 (50%),5/12 (42%),70%,10,9,,28,,5,,,,,10
9591839,24,37155,NORMAL,REGULAR,Round 38,LEAGUE,95,Oxford United,Visita,1ST,12/03/2022,38,1,59%,0.00,2,6,4,0,,272,6,5,0,,2,0,1,3,2,4,1,1,1,,0,2,218,12,46,,7/29 (24%),0/1 (0%),47%,3,14/24 (58%),5/16 (31%),3/8 (38%),83%,6,3,,12,,4,,,,,4
9591839,24,37155,NORMAL,REGULAR,Round 38,LEAGUE,95,Oxford United,Visita,2ND,12/03/2022,38,1,48%,0.00,1,2,1,0,,184,4,7,1,,1,0,1,0,2,0,1,0,0,,1,0,128,13,19,,7/35 (20%),1/4 (25%),63%,4,13/21 (62%),13/20 (65%),2/4 (50%),50%,4,6,,16,,1,,,,,6
9591608,24,37155,NORMAL,REGULAR,Round 39,LEAGUE,95,Oxford United,Local,ALL,19/03/2022,39,1,52%,0.00,0,16,4,5,8,443,18,9,2,,4,0,2,10,9,7,0,,2,,0,0,311,27,81,,23/84 (27%),2/8 (25%),49%,12,35/70 (50%),15/32 (47%),8/17 (47%),72%,18,16,,20,,4,,,,,5
9591608,24,37155,NORMAL,REGULAR,Round 39,LEAGUE,95,Oxford United,Local,1ST,19/03/2022,39,0,52%,0.00,0,9,0,4,,232,9,2,0,,3,0,2,4,5,4,0,,2,,0,0,175,13,43,,7/31 (23%),1/6 (17%),51%,3,17/35 (49%),7/12 (58%),6/12 (50%),67%,9,9,,7,,0,,,,,4
9591608,24,37155,NORMAL,REGULAR,Round 39,LEAGUE,95,Oxford United,Local,2ND,19/03/2022,39,1,51%,0.00,0,7,4,1,,211,9,7,2,,1,0,0,6,4,3,0,,0,,0,0,136,14,38,,16/53 (30%),1/2 (50%),47%,9,18/35 (51%),8/20 (40%),2/5 (40%),78%,9,7,,13,,4,,,,,1
9591608,24,37155,NORMAL,REGULAR,Round 39,LEAGUE,32,Ipswich Town,Visita,ALL,19/03/2022,39,1,48%,0.00,1,12,3,4,10,408,21,8,2,,6,0,1,5,7,5,1,,1,,1,3,293,23,86,,28/68 (41%),5/17 (29%),51%,8,35/70 (50%),17/32 (53%),6/16 (38%),62%,21,17,,15,,3,,,,,8
9591608,24,37155,NORMAL,REGULAR,Round 39,LEAGUE,32,Ipswich Town,Visita,1ST,19/03/2022,39,0,48%,0.00,0,3,3,3,,212,9,3,0,,1,0,0,2,2,1,0,,0,,0,3,160,12,30,,16/37 (43%),2/7 (29%),49%,6,18/35 (51%),5/12 (42%),6/9 (67%),67%,9,8,,8,,3,,,,,7
9591608,24,37155,NORMAL,REGULAR,Round 39,LEAGUE,32,Ipswich Town,Visita,2ND,19/03/2022,39,1,49%,0.00,1,9,0,1,,196,12,5,2,,5,0,1,3,5,4,1,,1,,1,0,133,11,56,,12/31 (39%),3/10 (30%),53%,2,17/35 (49%),12/20 (60%),0/7 (0%),58%,12,9,,7,,0,,,,,1
9592337,24,37155,NORMAL,REGULAR,Round 41,LEAGUE,71,Plymouth Argyle,Local,ALL,02/04/2022,41,1,51%,0.00,0,11,2,1,11,429,15,12,1,,1,0,8,2,3,8,,0,,,4,0,319,29,86,,27/76 (36%),1/8 (13%),56%,9,28/51 (55%),17/29 (59%),2/3 (67%),73%,15,0,,6,,2,,,,,5
9592337,24,37155,NORMAL,REGULAR,Round 41,LEAGUE,71,Plymouth Argyle,Local,1ST,02/04/2022,41,0,55%,0.00,0,4,2,0,,210,9,6,0,,0,0,4,0,0,4,,0,,,2,0,154,13,34,,18/38 (47%),0/4 (0%),53%,4,14/25 (56%),6/13 (46%),0/0 (0%),78%,9,0,,4,,2,,,,,2
9592337,24,37155,NORMAL,REGULAR,Round 41,LEAGUE,71,Plymouth Argyle,Local,2ND,02/04/2022,41,1,47%,0.00,0,7,0,1,,219,6,6,1,,1,0,4,2,3,4,,0,,,2,0,165,16,52,,9/38 (24%),1/4 (25%),60%,5,14/26 (54%),11/16 (69%),2/3 (67%),67%,6,0,,2,,0,,,,,3
9592337,24,37155,NORMAL,REGULAR,Round 41,LEAGUE,95,Oxford United,Visita,ALL,02/04/2022,41,0,49%,0.00,2,8,0,3,14,423,10,11,3,,2,0,4,2,5,3,,2,,,2,5,336,25,44,,23/68 (34%),3/9 (33%),44%,9,23/51 (45%),12/29 (41%),2/8 (25%),50%,10,8,,20,,0,,,,,13
9592337,24,37155,NORMAL,REGULAR,Round 41,LEAGUE,95,Oxford United,Visita,1ST,02/04/2022,41,0,45%,0.00,2,5,0,2,,174,4,6,1,,2,0,2,1,4,1,,2,,,2,4,135,12,28,,9/31 (29%),2/6 (33%),47%,4,11/25 (44%),7/13 (54%),1/6 (17%),50%,4,5,,14,,0,,,,,6
9592337,24,37155,NORMAL,REGULAR,Round 41,LEAGUE,95,Oxford United,Visita,2ND,02/04/2022,41,0,53%,0.00,0,3,0,1,,249,6,5,2,,0,0,2,1,1,2,,0,,,0,1,201,13,16,,14/37 (38%),1/3 (33%),40%,5,12/26 (46%),5/16 (31%),1/2 (50%),50%,6,3,,6,,0,,,,,7
10214094,24,37155,NORMAL,REGULAR,Round 40,LEAGUE,81,Morecambe,Local,ALL,05/04/2022,40,2,29%,0.00,0,6,5,1,12,223,21,8,2,,3,0,3,0,4,2,0,0,0,,0,0,132,21,56,,23/72 (32%),2/12 (17%),48%,5,34/68 (50%),9/22 (41%),5/11 (45%),48%,21,15,,29,,5,,,,,17
10214094,24,37155,NORMAL,REGULAR,Round 40,LEAGUE,81,Morecambe,Local,1ST,05/04/2022,40,2,32%,0.00,0,4,1,0,,125,13,4,1,,2,0,2,0,3,1,0,0,0,,0,0,77,8,23,,16/42 (38%),2/8 (25%),52%,2,21/38 (55%),3/8 (38%),4/7 (57%),46%,13,10,,10,,1,,,,,10
10214094,24,37155,NORMAL,REGULAR,Round 40,LEAGUE,81,Morecambe,Local,2ND,05/04/2022,40,0,25%,0.00,0,2,4,1,,98,8,4,1,,1,0,1,0,1,1,0,0,0,,0,0,55,13,33,,7/30 (23%),0/4 (0%),43%,3,13/30 (43%),6/14 (43%),1/4 (25%),50%,8,5,,19,,4,,,,,7
10214094,24,37155,NORMAL,REGULAR,Round 40,LEAGUE,95,Oxford United,Visita,ALL,05/04/2022,40,1,71%,0.00,3,20,1,9,8,556,11,12,1,,6,0,6,8,14,6,1,2,1,,2,2,446,31,87,,30/57 (53%),7/25 (28%),52%,11,34/68 (50%),13/22 (59%),11/21 (52%),55%,11,6,,12,,1,,,,,7
10214094,24,37155,NORMAL,REGULAR,Round 40,LEAGUE,95,Oxford United,Visita,1ST,05/04/2022,40,1,68%,0.00,2,5,0,1,,277,5,6,1,,2,0,2,1,2,3,1,1,1,,0,1,223,17,43,,14/33 (42%),1/8 (13%),48%,7,17/38 (45%),5/8 (63%),6/12 (50%),40%,5,1,,7,,0,,,,,3
10214094,24,37155,NORMAL,REGULAR,Round 40,LEAGUE,95,Oxford United,Visita,2ND,05/04/2022,40,0,75%,0.00,1,15,1,8,,279,6,6,0,,4,0,4,7,12,3,0,1,0,,2,1,223,14,44,,16/24 (67%),6/17 (35%),57%,4,17/30 (57%),8/14 (57%),5/9 (56%),67%,6,5,,5,,1,,,,,4
9592351,24,37155,NORMAL,REGULAR,Round 42,LEAGUE,95,Oxford United,Local,ALL,09/04/2022,42,1,51%,0.00,1,20,3,5,9,394,23,14,0,,6,1,9,5,7,13,0,1,,,5,1,282,24,76,,32/64 (50%),3/15 (20%),58%,14,48/82 (59%),21/38 (55%),11/15 (73%),43%,23,4,,19,,3,,,,,5
9592351,24,37155,NORMAL,REGULAR,Round 42,LEAGUE,95,Oxford United,Local,1ST,09/04/2022,42,1,61%,0.00,0,10,0,2,,262,11,9,0,,3,0,3,4,5,5,0,0,,,3,1,200,11,51,,20/37 (54%),2/8 (25%),56%,8,25/41 (61%),12/25 (48%),5/8 (63%),36%,11,3,,3,,0,,,,,3
9592351,24,37155,NORMAL,REGULAR,Round 42,LEAGUE,95,Oxford United,Local,2ND,09/04/2022,42,0,38%,0.00,1,10,3,3,,132,12,5,0,,3,1,6,1,2,8,0,1,,,2,0,82,13,25,,12/27 (44%),1/7 (14%),59%,6,23/41 (56%),9/13 (69%),6/7 (86%),50%,12,1,,16,,3,,,,,2
9592351,24,37155,NORMAL,REGULAR,Round 42,LEAGUE,41,Sunderland,Visita,ALL,09/04/2022,42,2,49%,0.00,3,10,5,4,14,389,18,9,2,,6,0,2,2,5,5,1,2,,,1,3,283,19,55,,22/71 (31%),1/9 (11%),42%,16,34/82 (41%),17/38 (45%),7/14 (50%),61%,18,8,,35,,5,,,,,11
9592351,24,37155,NORMAL,REGULAR,Round 42,LEAGUE,41,Sunderland,Visita,1ST,09/04/2022,42,1,39%,0.00,1,5,2,0,,171,11,3,0,,2,0,2,1,3,2,0,1,,,1,1,115,8,30,,13/38 (34%),0/0 (0%),44%,6,16/41 (39%),13/25 (52%),2/7 (29%),45%,11,2,,14,,2,,,,,3
9592351,24,37155,NORMAL,REGULAR,Round 42,LEAGUE,41,Sunderland,Visita,2ND,09/04/2022,42,1,62%,0.00,2,5,3,4,,218,7,6,2,,4,0,0,1,2,3,1,1,,,0,2,168,11,25,,9/33 (27%),1/9 (11%),41%,10,18/41 (44%),4/13 (31%),5/7 (71%),86%,7,6,,21,,3,,,,,8
9592361,24,37155,NORMAL,REGULAR,Round 43,LEAGUE,23959,Fleetwood Town,Local,ALL,15/04/2022,43,2,52%,0.00,3,20,2,5,9,374,15,9,1,,6,1,8,6,14,6,2,1,,,3,3,207,39,84,,27/91 (30%),3/18 (17%),56%,10,34/58 (59%),35/66 (53%),10/16 (63%),73%,15,8,,11,,2,,,,,9
9592361,24,37155,NORMAL,REGULAR,Round 43,LEAGUE,23959,Fleetwood Town,Local,1ST,15/04/2022,43,1,50%,0.00,1,6,2,0,,197,10,6,0,,1,1,4,1,4,2,1,0,,,2,0,119,17,32,,15/44 (34%),0/4 (0%),64%,4,21/35 (60%),21/31 (68%),5/10 (50%),70%,10,5,,6,,2,,,,,3
9592361,24,37155,NORMAL,REGULAR,Round 43,LEAGUE,23959,Fleetwood Town,Local,2ND,15/04/2022,43,1,54%,0.00,2,14,0,5,,177,5,3,1,,5,0,4,5,10,4,1,1,,,1,3,88,22,52,,12/47 (26%),3/14 (21%),47%,6,13/23 (57%),14/35 (40%),5/6 (83%),80%,5,3,,5,,0,,,,,6
9592361,24,37155,NORMAL,REGULAR,Round 43,LEAGUE,95,Oxford United,Visita,ALL,15/04/2022,43,3,48%,0.00,1,11,3,0,10,352,16,6,2,,5,0,4,2,6,5,0,1,,,0,3,191,22,76,,25/100 (25%),3/7 (43%),44%,8,24/58 (41%),31/66 (47%),2/9 (22%),50%,16,19,,36,,3,,,,,11
9592361,24,37155,NORMAL,REGULAR,Round 43,LEAGUE,95,Oxford United,Visita,1ST,15/04/2022,43,3,50%,0.00,1,10,0,0,,195,9,3,0,,5,0,3,2,6,4,0,1,,,0,1,120,15,43,,17/49 (35%),3/5 (60%),36%,4,14/35 (40%),10/31 (32%),2/8 (25%),56%,9,10,,13,,0,,,,,3
9592361,24,37155,NORMAL,REGULAR,Round 43,LEAGUE,95,Oxford United,Visita,2ND,15/04/2022,43,0,46%,0.00,0,1,3,0,,157,7,3,2,,0,0,1,0,0,1,0,0,,,0,2,71,7,33,,8/51 (16%),0/2 (0%),53%,4,10/23 (43%),21/35 (60%),0/1 (0%),43%,7,9,,23,,3,,,,,8
9592370,24,37155,NORMAL,REGULAR,Round 44,LEAGUE,95,Oxford United,Local,ALL,19/04/2022,44,1,50%,0.00,1,7,2,8,10,434,11,6,4,,2,0,2,3,5,2,,1,,,2,4,334,19,53,,25/58 (43%),4/14 (29%),48%,11,18/50 (36%),23/36 (64%),1/8 (13%),64%,11,15,,10,,2,,,,,5
9592370,24,37155,NORMAL,REGULAR,Round 44,LEAGUE,95,Oxford United,Local,1ST,19/04/2022,44,0,40%,0.00,0,0,2,0,,180,4,3,1,,0,0,0,0,0,0,,0,,,1,2,141,10,18,,9/28 (32%),0/1 (0%),40%,5,7/25 (28%),9/15 (60%),0/4 (0%),50%,4,11,,6,,2,,,,,2
9592370,24,37155,NORMAL,REGULAR,Round 44,LEAGUE,95,Oxford United,Local,2ND,19/04/2022,44,1,60%,0.00,1,7,0,8,,254,7,3,3,,2,0,2,3,5,2,,1,,,1,2,193,9,35,,16/30 (53%),4/13 (31%),54%,6,11/25 (44%),14/21 (67%),1/4 (25%),71%,7,4,,4,,0,,,,,3
9592370,24,37155,NORMAL,REGULAR,Round 44,LEAGUE,4,Milton Keynes Dons,Visita,ALL,19/04/2022,44,0,50%,0.00,1,10,1,3,6,447,18,10,0,,3,0,4,3,4,6,,1,,,2,2,336,22,60,,24/68 (35%),2/7 (29%),52%,7,32/50 (64%),13/36 (36%),4/8 (50%),78%,18,5,,15,,1,,,,,6
9592370,24,37155,NORMAL,REGULAR,Round 44,LEAGUE,4,Milton Keynes Dons,Visita,1ST,19/04/2022,44,0,60%,0.00,1,5,0,2,,269,9,5,0,,3,0,1,1,2,3,,1,,,2,1,220,14,31,,18/34 (53%),1/4 (25%),60%,3,18/25 (72%),6/15 (40%),4/5 (80%),89%,9,2,,6,,0,,,,,2
9592370,24,37155,NORMAL,REGULAR,Round 44,LEAGUE,4,Milton Keynes Dons,Visita,2ND,19/04/2022,44,0,40%,0.00,0,5,1,1,,178,9,5,0,,0,0,3,2,2,3,,0,,,0,1,116,8,29,,6/34 (18%),1/3 (33%),46%,4,14/25 (56%),7/21 (33%),0/3 (0%),67%,9,3,,9,,1,,,,,4
10015201,24,37155,NORMAL,REGULAR,Round 45,LEAGUE,13,Rotherham United,Local,ALL,23/04/2022,45,2,54%,0.00,3,15,2,6,13,288,14,13,3,,5,0,6,4,11,4,1,2,1,,5,3,173,22,74,,34/85 (40%),8/23 (35%),53%,10,35/69 (51%),22/39 (56%),10/18 (56%),57%,14,7,,17,,2,,,,,12
10015201,24,37155,NORMAL,REGULAR,Round 45,LEAGUE,13,Rotherham United,Local,1ST,23/04/2022,45,1,53%,0.00,0,2,0,4,,143,9,7,1,,1,0,1,0,2,0,0,0,0,,3,1,83,10,32,,16/40 (40%),5/15 (33%),55%,4,19/35 (54%),9/16 (56%),4/7 (57%),56%,9,4,,6,,0,,,,,7
10015201,24,37155,NORMAL,REGULAR,Round 45,LEAGUE,13,Rotherham United,Local,2ND,23/04/2022,45,1,54%,0.00,3,13,2,2,,145,5,6,2,,4,0,5,4,9,4,1,2,1,,2,2,90,12,42,,18/45 (40%),3/8 (38%),51%,6,16/34 (47%),13/23 (57%),6/11 (55%),60%,5,3,,11,,2,,,,,5
10015201,24,37155,NORMAL,REGULAR,Round 45,LEAGUE,95,Oxford United,Visita,ALL,23/04/2022,45,1,46%,0.00,1,6,3,3,13,257,18,13,2,,2,0,3,1,4,2,0,1,1,,1,2,137,28,56,,25/74 (34%),4/8 (50%),47%,9,34/69 (49%),17/39 (44%),3/8 (38%),56%,18,14,,18,,3,,,,,13
10015201,24,37155,NORMAL,REGULAR,Round 45,LEAGUE,95,Oxford United,Visita,1ST,23/04/2022,45,1,47%,0.00,0,1,0,1,,132,7,7,2,,0,0,1,0,0,1,0,0,0,,0,1,79,16,29,,13/34 (38%),1/4 (25%),45%,6,16/35 (46%),7/16 (44%),2/5 (40%),71%,7,8,,10,,0,,,,,3
10015201,24,37155,NORMAL,REGULAR,Round 45,LEAGUE,95,Oxford United,Visita,2ND,23/04/2022,45,0,46%,0.00,1,5,3,2,,125,11,6,0,,2,0,2,1,4,1,0,1,1,,1,1,58,12,27,,12/40 (30%),3/4 (75%),49%,3,18/34 (53%),10/23 (43%),1/3 (33%),45%,11,6,,8,,3,,,,,10
10015213,24,37155,NORMAL,REGULAR,Round 46,LEAGUE,95,Oxford United,Local,ALL,30/04/2022,46,1,58%,0.00,2,15,2,5,12,483,15,14,0,,6,1,8,1,7,8,1,1,,,5,1,388,21,55,,28/60 (47%),3/20 (15%),58%,1,37/65 (57%),24/41 (59%),8/13 (62%),47%,15,9,,17,,2,,,,,4
10015213,24,37155,NORMAL,REGULAR,Round 46,LEAGUE,95,Oxford United,Local,1ST,30/04/2022,46,1,53%,0.00,2,7,1,1,,224,4,9,0,,2,1,5,0,4,3,1,1,,,2,1,173,9,23,,15/32 (47%),0/3 (0%),51%,0,13/29 (45%),12/20 (60%),0/3 (0%),25%,4,2,,11,,1,,,,,2
10015213,24,37155,NORMAL,REGULAR,Round 46,LEAGUE,95,Oxford United,Local,2ND,30/04/2022,46,0,64%,0.00,0,8,1,4,,259,11,5,0,,4,0,3,1,3,5,0,0,,,3,0,215,12,32,,13/28 (46%),3/17 (18%),63%,1,24/36 (67%),12/21 (57%),8/10 (80%),55%,11,7,,6,,1,,,,,2
10015213,24,37155,NORMAL,REGULAR,Round 46,LEAGUE,84,Doncaster Rovers,Visita,ALL,30/04/2022,46,1,42%,0.00,0,6,4,7,15,341,6,12,1,,2,0,3,1,2,4,0,0,,,2,0,248,21,69,,32/72 (44%),6/20 (30%),42%,11,28/65 (43%),17/41 (41%),10/14 (71%),50%,6,17,,17,,4,,,,,14
10015213,24,37155,NORMAL,REGULAR,Round 46,LEAGUE,84,Doncaster Rovers,Visita,1ST,30/04/2022,46,0,47%,0.00,0,2,1,6,,188,3,7,0,,0,0,2,0,0,2,0,0,,,0,0,140,8,36,,19/43 (44%),5/16 (31%),49%,3,16/29 (55%),8/20 (40%),6/7 (86%),33%,3,5,,4,,1,,,,,5
10015213,24,37155,NORMAL,REGULAR,Round 46,LEAGUE,84,Doncaster Rovers,Visita,2ND,30/04/2022,46,1,36%,0.00,0,4,3,1,,153,3,5,1,,2,0,1,1,2,2,0,0,,,2,0,108,13,33,,13/29 (45%),1/4 (25%),37%,8,12/36 (33%),9/21 (43%),4/7 (57%),67%,3,12,,13,,3,,,,,9
10405681,24,42402,NORMAL,REGULAR,Round 1,LEAGUE,27,Derby County,Local,ALL,30/07/2022,1,1,58%,0.00,1,13,2,7,13,516,6,12,4,,4,0,2,7,8,5,,1,1,,1,0,416,31,53,,13/51 (25%),4/17 (24%),50%,4,25/51 (49%),15/29 (52%),7/13 (54%),50%,6,13,,10,,2,,,,,7
10405681,24,42402,NORMAL,REGULAR,Round 1,LEAGUE,27,Derby County,Local,1ST,30/07/2022,1,0,60%,0.00,1,7,1,4,,285,5,5,0,,2,0,0,5,5,2,,1,0,,1,0,239,18,23,,5/21 (24%),2/11 (18%),59%,2,14/25 (56%),9/14 (64%),4/7 (57%),40%,5,5,,4,,1,,,,,5
10405681,24,42402,NORMAL,REGULAR,Round 1,LEAGUE,27,Derby County,Local,2ND,30/07/2022,1,1,55%,0.00,0,6,1,3,,231,1,7,4,,2,0,2,2,3,3,,0,1,,0,0,177,13,30,,8/30 (27%),2/6 (33%),41%,2,11/26 (42%),6/15 (40%),3/6 (50%),100%,1,8,,6,,1,,,,,2
10405681,24,42402,NORMAL,REGULAR,Round 1,LEAGUE,95,Oxford United,Visita,ALL,30/07/2022,1,0,42%,0.00,1,7,2,3,12,377,11,12,2,,2,1,3,2,5,2,,1,0,,1,4,279,24,56,,24/61 (39%),1/9 (11%),50%,3,27/52 (52%),14/29 (48%),5/8 (63%),45%,11,6,,21,,2,,,,,2
10405681,24,42402,NORMAL,REGULAR,Round 1,LEAGUE,95,Oxford United,Visita,1ST,30/07/2022,1,0,40%,0.00,1,4,2,1,,191,6,4,1,,1,0,2,1,3,1,,1,0,,0,2,149,13,29,,11/28 (39%),0/5 (0%),43%,3,12/26 (46%),5/14 (36%),2/4 (50%),33%,6,3,,14,,2,,,,,1
10405681,24,42402,NORMAL,REGULAR,Round 1,LEAGUE,95,Oxford United,Visita,2ND,30/07/2022,1,0,45%,0.00,0,3,0,2,,186,5,8,1,,1,1,1,1,2,1,,0,0,,1,2,130,11,27,,13/33 (39%),1/4 (25%),59%,0,15/26 (58%),9/15 (60%),3/4 (75%),60%,5,3,,7,,0,,,,,1
10405904,24,42402,NORMAL,REGULAR,Round 2,LEAGUE,95,Oxford United,Local,ALL,06/08/2022,2,1,56%,0.00,1,15,0,7,13,407,3,11,2,,6,0,4,5,8,7,,1,,,3,4,322,24,55,,23/62 (37%),7/21 (33%),50%,7,17/46 (37%),26/40 (65%),4/10 (40%),67%,3,6,,26,,0,,,,,11
10405904,24,42402,NORMAL,REGULAR,Round 2,LEAGUE,95,Oxford United,Local,1ST,06/08/2022,2,0,54%,0.00,0,5,0,1,,193,0,9,1,,2,0,1,2,2,3,,0,,,2,2,154,10,27,,12/30 (40%),0/5 (0%),52%,3,10/25 (40%),16/25 (64%),2/4 (50%),0%,0,4,,9,,0,,,,,5
10405904,24,42402,NORMAL,REGULAR,Round 2,LEAGUE,95,Oxford United,Local,2ND,06/08/2022,2,1,57%,0.00,1,10,0,6,,214,3,2,1,,4,0,3,3,6,4,,1,,,1,2,168,14,28,,11/32 (34%),7/16 (44%),47%,4,7/21 (33%),10/15 (67%),2/6 (33%),67%,3,2,,17,,0,,,,,6
10405904,24,42402,NORMAL,REGULAR,Round 2,LEAGUE,63,Cambridge United,Visita,ALL,06/08/2022,2,0,44%,0.00,1,9,5,3,11,323,13,13,1,,0,0,6,3,4,5,,1,,,3,2,237,24,57,,29/71 (41%),5/16 (31%),50%,2,29/46 (63%),14/40 (35%),3/4 (75%),62%,13,13,,22,,5,,,,,8
10405904,24,42402,NORMAL,REGULAR,Round 2,LEAGUE,63,Cambridge United,Visita,1ST,06/08/2022,2,0,46%,0.00,1,5,2,2,,158,5,7,1,,0,0,4,1,3,2,,1,,,2,1,111,11,28,,12/35 (34%),4/9 (44%),48%,0,15/25 (60%),9/25 (36%),3/3 (100%),60%,5,3,,9,,2,,,,,4
10405904,24,42402,NORMAL,REGULAR,Round 2,LEAGUE,63,Cambridge United,Visita,2ND,06/08/2022,2,0,43%,0.00,0,4,3,1,,165,8,6,0,,0,0,2,2,1,3,,0,,,1,1,126,13,29,,17/36 (47%),1/7 (14%),53%,2,14/21 (67%),5/15 (33%),0/1 (0%),63%,8,10,,13,,3,,,,,4
10437226,21,42443,NORMAL,PLAYOFF,Round 1,CUP,95,Oxford United,Local,ALL,09/08/2022,1,2,39%,0.00,2,10,3,2,9,342,10,9,2,,4,0,5,1,5,5,1,1,,,2,2,269,26,43,,21/43 (49%),4/15 (27%),50%,11,30/68 (44%),17/26 (65%),11/25 (44%),40%,10,10,,25,,3,,,,,9
10437226,21,42443,NORMAL,PLAYOFF,Round 1,CUP,95,Oxford United,Local,1ST,09/08/2022,1,0,34%,0.00,0,3,3,0,,154,5,4,1,,0,0,3,0,1,2,0,0,,,0,0,124,12,16,,10/18 (56%),0/3 (0%),50%,7,15/36 (42%),10/14 (71%),6/13 (46%),60%,5,7,,19,,3,,,,,3
10437226,21,42443,NORMAL,PLAYOFF,Round 1,CUP,95,Oxford United,Local,2ND,09/08/2022,1,2,44%,0.00,2,7,0,2,,188,5,5,1,,4,0,2,1,4,3,1,1,,,2,2,145,14,27,,11/25 (44%),4/12 (33%),50%,4,15/32 (47%),7/12 (58%),5/12 (42%),20%,5,3,,6,,0,,,,,6
10437226,21,42443,NORMAL,PLAYOFF,Round 1,CUP,74,Swansea City,Visita,ALL,09/08/2022,1,2,61%,0.00,1,10,2,4,9,540,25,8,2,,5,0,4,1,8,2,1,0,,,3,1,464,17,49,,26/60 (43%),4/16 (25%),50%,7,38/68 (56%),9/26 (35%),5/8 (63%),52%,25,9,,15,,2,,,,,6
10437226,21,42443,NORMAL,PLAYOFF,Round 1,CUP,74,Swansea City,Visita,1ST,09/08/2022,1,2,66%,0.00,1,7,0,3,,291,14,4,0,,5,0,1,1,6,1,1,0,,,3,1,255,9,32,,14/29 (48%),3/12 (25%),50%,3,21/36 (58%),4/14 (29%),3/5 (60%),64%,14,5,,4,,0,,,,,2
10437226,21,42443,NORMAL,PLAYOFF,Round 1,CUP,74,Swansea City,Visita,2ND,09/08/2022,1,0,56%,0.00,0,3,2,1,,249,11,4,2,,0,0,3,0,2,1,0,0,,,0,0,209,8,17,,12/31 (39%),1/4 (25%),50%,4,17/32 (53%),5/12 (42%),2/3 (67%),36%,11,4,,11,,2,,,,,4
10405805,24,42402,NORMAL,REGULAR,Round 3,LEAGUE,76,Bristol Rovers,Local,ALL,13/08/2022,3,1,45%,0.00,1,6,2,7,11,308,16,12,2,,3,0,2,1,3,3,1,0,,,0,4,208,22,76,,33/81 (41%),0/10 (0%),50%,12,30/63 (48%),16/29 (55%),3/7 (43%),81%,16,8,,21,,2,,,,,11
10405805,24,42402,NORMAL,REGULAR,Round 3,LEAGUE,76,Bristol Rovers,Local,1ST,13/08/2022,3,1,46%,0.00,1,3,1,2,,176,9,7,0,,2,0,0,1,2,1,1,0,,,0,2,130,12,35,,20/44 (45%),0/3 (0%),45%,7,16/33 (48%),4/11 (36%),0/3 (0%),89%,9,5,,11,,1,,,,,6
10405805,24,42402,NORMAL,REGULAR,Round 3,LEAGUE,76,Bristol Rovers,Local,2ND,13/08/2022,3,0,43%,0.00,0,3,1,5,,132,7,5,2,,1,0,2,0,1,2,0,0,,,0,2,78,10,41,,13/37 (35%),0/7 (0%),54%,5,14/30 (47%),12/18 (67%),3/4 (75%),71%,7,3,,10,,1,,,,,5
10405805,24,42402,NORMAL,REGULAR,Round 3,LEAGUE,95,Oxford United,Visita,ALL,13/08/2022,3,0,55%,0.00,1,7,2,4,12,368,16,11,3,,2,1,3,2,2,5,0,1,,,2,2,266,25,73,,24/68 (35%),6/27 (22%),50%,10,33/63 (52%),13/29 (45%),6/12 (50%),75%,16,8,,13,,2,,,,,8
10405805,24,42402,NORMAL,REGULAR,Round 3,LEAGUE,95,Oxford United,Visita,1ST,13/08/2022,3,0,54%,0.00,0,4,1,4,,195,10,4,2,,1,1,2,1,1,3,0,0,,,0,2,149,6,38,,10/28 (36%),2/15 (13%),55%,7,17/33 (52%),7/11 (64%),3/5 (60%),70%,10,3,,6,,1,,,,,2
10405805,24,42402,NORMAL,REGULAR,Round 3,LEAGUE,95,Oxford United,Visita,2ND,13/08/2022,3,0,57%,0.00,1,3,1,0,,173,6,7,1,,1,0,1,1,1,2,0,1,,,2,0,117,19,35,,14/40 (35%),4/12 (33%),46%,3,16/30 (53%),6/18 (33%),3/7 (43%),83%,6,5,,7,,1,,,,,6
10405901,24,42402,NORMAL,REGULAR,Round 4,LEAGUE,95,Oxford United,Local,ALL,16/08/2022,4,1,64%,0.00,2,16,1,10,14,461,13,15,2,,5,0,8,3,11,5,1,1,,,6,5,368,34,68,,45/84 (54%),13/33 (39%),58%,2,36/65 (55%),38/62 (61%),8/15 (53%),69%,13,6,,12,,1,,,,,3
10405901,24,42402,NORMAL,REGULAR,Round 4,LEAGUE,95,Oxford United,Local,1ST,16/08/2022,4,0,60%,0.00,0,4,1,2,,233,8,6,2,,1,0,2,1,3,1,0,0,,,2,3,195,10,21,,20/32 (63%),4/12 (33%),55%,2,20/35 (57%),12/23 (52%),6/8 (75%),75%,8,4,,6,,1,,,,,3
10405901,24,42402,NORMAL,REGULAR,Round 4,LEAGUE,95,Oxford United,Local,2ND,16/08/2022,4,1,69%,0.00,2,12,0,8,,228,5,9,0,,4,0,6,2,8,4,1,1,,,4,2,173,24,47,,25/52 (48%),9/21 (43%),61%,0,16/30 (53%),26/39 (67%),2/7 (29%),60%,5,2,,6,,0,,,,,0
10405901,24,42402,NORMAL,REGULAR,Round 4,LEAGUE,92,Lincoln City,Visita,ALL,16/08/2022,4,2,36%,0.00,1,5,4,2,16,269,9,14,3,,3,0,1,1,4,1,1,0,,,1,0,177,25,58,,28/71 (39%),1/9 (11%),42%,9,29/65 (45%),24/62 (39%),6/10 (60%),78%,9,17,,30,,4,,,,,12
10405901,24,42402,NORMAL,REGULAR,Round 4,LEAGUE,92,Lincoln City,Visita,1ST,16/08/2022,4,2,40%,0.00,1,5,1,1,,158,4,8,0,,3,0,1,1,4,1,1,0,,,1,0,118,13,28,,18/34 (53%),1/6 (17%),45%,4,15/35 (43%),11/23 (48%),3/7 (43%),75%,4,9,,6,,1,,,,,5
10405901,24,42402,NORMAL,REGULAR,Round 4,LEAGUE,92,Lincoln City,Visita,2ND,16/08/2022,4,0,31%,0.00,0,0,3,1,,111,5,6,3,,0,0,0,0,0,0,0,0,,,0,0,59,12,30,,10/37 (27%),0/3 (0%),39%,5,14/30 (47%),13/39 (33%),3/3 (100%),80%,5,8,,24,,3,,,,,7
10406059,24,42402,NORMAL,REGULAR,Round 5,LEAGUE,95,Oxford United,Local,ALL,20/08/2022,5,1,66%,0.00,1,27,0,8,12,539,5,18,2,,10,0,6,11,15,12,1,,,,2,0,428,35,119,,56/95 (59%),13/37 (35%),51%,4,28/52 (54%),30/62 (48%),6/9 (67%),80%,5,7,,6,,0,,,,,4
10406059,24,42402,NORMAL,REGULAR,Round 5,LEAGUE,95,Oxford United,Local,1ST,20/08/2022,5,0,64%,0.00,0,6,0,4,,282,4,6,0,,2,0,1,3,4,2,0,,,,1,0,223,19,57,,36/57 (63%),5/11 (45%),54%,2,13/25 (52%),14/25 (56%),3/5 (60%),75%,4,3,,1,,0,,,,,2
10406059,24,42402,NORMAL,REGULAR,Round 5,LEAGUE,95,Oxford United,Local,2ND,20/08/2022,5,1,68%,0.00,1,21,0,4,,257,1,12,2,,8,0,5,8,11,10,1,,,,1,0,205,16,62,,20/38 (53%),8/26 (31%),48%,2,15/27 (56%),16/37 (43%),3/4 (75%),100%,1,4,,5,,0,,,,,2
10406059,24,42402,NORMAL,REGULAR,Round 5,LEAGUE,81,Morecambe,Visita,ALL,20/08/2022,5,1,34%,0.00,0,3,9,0,18,288,7,12,4,,1,0,2,0,2,1,0,,,,1,1,175,19,63,,23/78 (29%),4/7 (57%),49%,4,24/52 (46%),32/62 (52%),5/6 (83%),71%,7,13,,41,,9,,,,,12
10406059,24,42402,NORMAL,REGULAR,Round 5,LEAGUE,81,Morecambe,Visita,1ST,20/08/2022,5,0,36%,0.00,0,1,2,0,,160,4,6,0,,0,0,1,0,1,0,0,,,,0,1,110,12,33,,11/36 (31%),1/3 (33%),46%,3,12/25 (48%),11/25 (44%),2/3 (67%),100%,4,5,,16,,2,,,,,3
10406059,24,42402,NORMAL,REGULAR,Round 5,LEAGUE,81,Morecambe,Visita,2ND,20/08/2022,5,1,32%,0.00,0,2,7,0,,128,3,6,4,,1,0,1,0,1,1,0,,,,1,0,65,7,30,,12/42 (29%),3/4 (75%),52%,1,12/27 (44%),21/37 (57%),3/3 (100%),33%,3,8,,25,,7,,,,,9
10570026,21,42443,NORMAL,REGULAR,Round 2,CUP,95,Oxford United,Local,ALL,23/08/2022,2,0,31%,0.00,0,5,2,0,24,244,23,7,5,,1,0,3,1,3,2,0,0,0,,2,0,158,30,70,,25/66 (38%),3/11 (27%),42%,6,32/77 (42%),18/43 (42%),3/10 (30%),61%,23,9,,14,,2,,,,,8
10570026,21,42443,NORMAL,REGULAR,Round 2,CUP,95,Oxford United,Local,1ST,23/08/2022,2,0,37%,0.00,0,4,0,0,,139,10,4,1,,1,0,2,1,2,2,0,0,0,,2,0,99,17,40,,13/32 (41%),2/8 (25%),37%,2,14/34 (41%),6/20 (30%),0/3 (0%),80%,10,5,,6,,0,,,,,4
10570026,21,42443,NORMAL,REGULAR,Round 2,CUP,95,Oxford United,Local,2ND,23/08/2022,2,0,25%,0.00,0,1,2,0,,105,13,3,4,,0,0,1,0,1,0,0,0,0,,0,0,59,13,30,,12/34 (35%),1/3 (33%),45%,4,18/43 (42%),12/23 (52%),3/7 (43%),46%,13,4,,8,,2,,,,,4
10570026,21,42443,NORMAL,REGULAR,Round 2,CUP,7,Crystal Palace,Visita,ALL,23/08/2022,2,2,69%,0.00,3,12,1,6,7,550,13,23,3,,4,0,5,3,9,3,2,1,1,,4,1,463,29,57,,35/64 (55%),7/17 (41%),58%,15,45/77 (58%),25/43 (58%),9/17 (53%),62%,13,5,,18,,1,,,,,7
10570026,21,42443,NORMAL,REGULAR,Round 2,CUP,7,Crystal Palace,Visita,1ST,23/08/2022,2,0,63%,0.00,1,4,1,3,,241,5,9,1,,0,0,2,2,4,0,0,1,0,,1,1,200,9,19,,21/35 (60%),3/9 (33%),63%,5,20/34 (59%),14/20 (70%),6/11 (55%),60%,5,3,,11,,1,,,,,4
10570026,21,42443,NORMAL,REGULAR,Round 2,CUP,7,Crystal Palace,Visita,2ND,23/08/2022,2,2,75%,0.00,2,8,0,3,,309,8,14,2,,4,0,3,1,5,3,2,0,1,,3,0,263,20,38,,14/29 (48%),4/8 (50%),55%,10,25/43 (58%),11/23 (48%),3/6 (50%),63%,8,2,,7,,0,,,,,3
10406042,24,42402,NORMAL,REGULAR,Round 6,LEAGUE,69,Cheltenham Town,Local,ALL,27/08/2022,6,1,39%,0.00,1,7,2,3,12,226,19,10,6,1,4,0,2,1,7,0,0,1,,,1,5,125,24,50,,18/74 (24%),1/7 (14%),55%,8,35/62 (56%),28/53 (53%),7/9 (78%),53%,19,10,,38,,2,,,,,13
10406042,24,42402,NORMAL,REGULAR,Round 6,LEAGUE,69,Cheltenham Town,Local,1ST,27/08/2022,6,0,36%,0.00,1,4,1,1,,115,11,2,1,0,2,0,1,1,4,0,0,1,,,0,4,62,12,20,,8/37 (22%),0/2 (0%),57%,4,16/27 (59%),15/27 (56%),4/4 (100%),55%,11,7,,30,,1,,,,,8
10406042,24,42402,NORMAL,REGULAR,Round 6,LEAGUE,69,Cheltenham Town,Local,2ND,27/08/2022,6,1,42%,0.00,0,3,1,2,,111,8,8,5,1,2,0,1,0,3,0,0,0,,,1,1,63,12,30,,10/37 (27%),1/5 (20%),52%,4,19/35 (54%),13/26 (50%),3/5 (60%),50%,8,3,,8,,1,,,,,5
10406042,24,42402,NORMAL,REGULAR,Round 6,LEAGUE,95,Oxford United,Visita,ALL,27/08/2022,6,2,61%,0.00,1,14,3,6,10,348,10,11,5,1,5,0,7,2,7,7,1,0,,,3,2,252,24,93,,27/76 (36%),1/17 (6%),45%,12,27/62 (44%),25/53 (47%),7/14 (50%),80%,10,8,,18,,3,,,,,3
10406042,24,42402,NORMAL,REGULAR,Round 6,LEAGUE,95,Oxford United,Visita,1ST,27/08/2022,6,0,64%,0.00,0,7,2,3,,197,4,4,0,0,2,0,3,2,3,4,0,0,,,0,2,148,17,51,,18/44 (41%),0/10 (0%),43%,7,11/27 (41%),12/27 (44%),3/7 (43%),75%,4,4,,7,,2,,,,,3
10406042,24,42402,NORMAL,REGULAR,Round 6,LEAGUE,95,Oxford United,Visita,2ND,27/08/2022,6,2,58%,0.00,1,7,1,3,,151,6,7,5,1,3,0,4,0,4,3,1,0,,,3,0,104,7,42,,9/32 (28%),1/7 (14%),48%,5,16/35 (46%),13/26 (50%),4/7 (57%),83%,6,4,,11,,1,,,,,0
10462581,334,42689,SPECIAL_EVENT,GROUP,"EFL Trophy, Southern Group G",SUPER_CUP,95,Oxford United,Local,ALL,30/08/2022,,5,53%,0.00,4,20,4,5,13,462,22,10,0,,9,0,6,5,15,5,3,1,,,1,3,383,15,58,,58/89 (65%),4/12 (33%),61%,8,38/65 (58%),21/31 (68%),6/10 (60%),82%,22,6,,18,,4,,,,,5
10462581,334,42689,SPECIAL_EVENT,GROUP,"EFL Trophy, Southern Group G",SUPER_CUP,95,Oxford United,Local,1ST,30/08/2022,,2,62%,0.00,2,9,2,0,,308,7,5,0,,4,0,4,1,5,4,1,1,,,1,2,272,10,35,,39/55 (71%),2/7 (29%),67%,3,16/25 (64%),12/17 (71%),4/7 (57%),57%,7,4,,7,,2,,,,,2
10462581,334,42689,SPECIAL_EVENT,GROUP,"EFL Trophy, Southern Group G",SUPER_CUP,95,Oxford United,Local,2ND,30/08/2022,,3,41%,0.00,2,11,2,5,,154,15,5,0,,5,0,2,4,10,1,2,0,,,0,1,111,5,23,,19/34 (56%),2/5 (40%),57%,5,22/40 (55%),9/14 (64%),2/3 (67%),93%,15,2,,11,,2,,,,,3
10462581,334,42689,SPECIAL_EVENT,GROUP,"EFL Trophy, Southern Group G",SUPER_CUP,83,Leyton Orient,Visita,ALL,30/08/2022,,0,47%,0.00,0,9,4,5,11,414,12,13,1,,4,0,3,2,8,1,0,0,,,0,0,331,19,55,,20/53 (38%),2/11 (18%),39%,14,27/65 (42%),10/31 (32%),3/11 (27%),83%,12,7,,11,,4,,,,,8
10462581,334,42689,SPECIAL_EVENT,GROUP,"EFL Trophy, Southern Group G",SUPER_CUP,83,Leyton Orient,Visita,1ST,30/08/2022,,0,38%,0.00,0,5,2,2,,187,6,4,0,,2,0,1,2,4,1,0,0,,,0,0,142,9,19,,10/30 (33%),1/2 (50%),33%,6,9/25 (36%),5/17 (29%),0/1 (0%),83%,6,3,,6,,2,,,,,6
10462581,334,42689,SPECIAL_EVENT,GROUP,"EFL Trophy, Southern Group G",SUPER_CUP,83,Leyton Orient,Visita,2ND,30/08/2022,,0,59%,0.00,0,4,2,3,,227,6,9,1,,2,0,2,0,4,0,0,0,,,0,0,189,10,36,,10/23 (43%),1/9 (11%),43%,8,18/40 (45%),5/14 (36%),3/10 (30%),83%,6,4,,5,,2,,,,,2
10406107,24,42402,NORMAL,REGULAR,Round 7,LEAGUE,95,Oxford United,Local,ALL,03/09/2022,7,2,53%,0.00,2,8,0,4,9,334,14,13,1,,4,1,1,3,5,3,2,,,,2,1,207,28,70,,37/89 (42%),5/15 (33%),62%,6,36/56 (64%),45/75 (60%),9/12 (75%),71%,14,7,,47,,0,,,,,10
10406107,24,42402,NORMAL,REGULAR,Round 7,LEAGUE,95,Oxford United,Local,1ST,03/09/2022,7,0,57%,0.00,0,5,0,3,,166,6,8,0,,2,0,1,2,3,2,0,,,,1,0,109,11,28,,21/44 (48%),4/10 (40%),69%,1,17/23 (74%),26/39 (67%),3/4 (75%),83%,6,3,,24,,0,,,,,4
10406107,24,42402,NORMAL,REGULAR,Round 7,LEAGUE,95,Oxford United,Local,2ND,03/09/2022,7,2,49%,0.00,2,3,0,1,,168,8,5,1,,2,1,0,1,2,1,2,,,,1,1,98,17,42,,16/45 (36%),1/5 (20%),55%,5,19/33 (58%),19/36 (53%),6/8 (75%),63%,8,4,,23,,0,,,,,6
10406107,24,42402,NORMAL,REGULAR,Round 7,LEAGUE,134,Burton Albion,Visita,ALL,03/09/2022,7,1,47%,0.00,0,9,3,6,13,291,9,9,2,,1,1,8,0,5,4,0,,,,2,0,162,37,93,,25/75 (33%),5/20 (25%),38%,11,20/56 (36%),30/75 (40%),2/5 (40%),89%,9,6,,21,,3,,,,,7
10406107,24,42402,NORMAL,REGULAR,Round 7,LEAGUE,134,Burton Albion,Visita,1ST,03/09/2022,7,0,43%,0.00,0,3,3,5,,123,2,4,0,,0,0,3,0,2,1,0,,,,0,0,71,22,42,,13/34 (38%),1/11 (9%),31%,3,6/23 (26%),13/39 (33%),0/3 (0%),50%,2,2,,17,,3,,,,,2
10406107,24,42402,NORMAL,REGULAR,Round 7,LEAGUE,134,Burton Albion,Visita,2ND,03/09/2022,7,1,51%,0.00,0,6,0,1,,168,7,5,2,,1,1,5,0,3,3,0,,,,2,0,91,15,51,,12/41 (29%),4/9 (44%),45%,8,14/33 (42%),17/36 (47%),2/2 (100%),100%,7,4,,4,,0,,,,,5
10406132,24,42402,NORMAL,REGULAR,Round 9,LEAGUE,71,Plymouth Argyle,Local,ALL,13/09/2022,9,1,56%,0.00,1,22,1,8,11,432,11,14,1,,5,0,12,5,13,9,,1,,,3,3,309,29,78,,30/73 (41%),1/15 (7%),55%,7,29/53 (55%),29/53 (55%),5/9 (56%),27%,11,16,,12,,1,,,,,12
10406132,24,42402,NORMAL,REGULAR,Round 9,LEAGUE,71,Plymouth Argyle,Local,1ST,13/09/2022,9,0,52%,0.00,0,10,0,4,,217,4,7,1,,1,0,7,2,5,5,,0,,,0,0,162,14,36,,19/42 (45%),1/9 (11%),53%,3,13/20 (65%),13/29 (45%),2/3 (67%),0%,4,10,,8,,0,,,,,8
10406132,24,42402,NORMAL,REGULAR,Round 9,LEAGUE,71,Plymouth Argyle,Local,2ND,13/09/2022,9,1,62%,0.00,1,12,1,4,,215,7,7,0,,4,0,5,3,8,4,,1,,,3,3,147,15,42,,11/31 (35%),0/6 (0%),56%,4,16/33 (48%),16/24 (67%),3/6 (50%),43%,7,6,,4,,1,,,,,4
10406132,24,42402,NORMAL,REGULAR,Round 9,LEAGUE,95,Oxford United,Visita,ALL,13/09/2022,9,0,44%,0.00,1,8,4,3,14,346,11,11,2,,1,1,6,1,4,4,,1,,,1,2,216,23,101,,29/93 (31%),1/8 (13%),45%,4,24/53 (45%),24/53 (45%),2/9 (22%),55%,11,15,,22,,4,,,,,18
10406132,24,42402,NORMAL,REGULAR,Round 9,LEAGUE,95,Oxford United,Visita,1ST,13/09/2022,9,0,48%,0.00,0,5,1,1,,210,4,2,0,,0,0,5,0,2,3,,0,,,0,1,144,8,57,,17/52 (33%),0/5 (0%),47%,1,7/20 (35%),16/29 (55%),1/4 (25%),50%,4,6,,11,,1,,,,,10
10406132,24,42402,NORMAL,REGULAR,Round 9,LEAGUE,95,Oxford United,Visita,2ND,13/09/2022,9,0,38%,0.00,1,3,3,2,,136,7,9,2,,1,1,1,1,2,1,,1,,,1,1,72,15,44,,12/41 (29%),1/3 (33%),44%,3,17/33 (52%),8/24 (33%),1/5 (20%),57%,7,9,,11,,3,,,,,8
10406382,24,42402,NORMAL,REGULAR,Round 10,LEAGUE,95,Oxford United,Local,ALL,17/09/2022,10,1,58%,0.00,4,19,2,5,11,479,17,9,0,,5,2,10,4,10,9,0,4,,,5,1,382,33,83,,43/77 (56%),9/19 (47%),47%,9,30/67 (45%),17/33 (52%),4/15 (27%),65%,17,11,,13,,2,,,,,7
10406382,24,42402,NORMAL,REGULAR,Round 10,LEAGUE,95,Oxford United,Local,1ST,17/09/2022,10,0,59%,0.00,3,7,1,1,,263,9,5,0,,1,2,5,1,5,2,0,3,,,2,1,209,20,41,,26/42 (62%),3/8 (38%),40%,4,15/34 (44%),6/18 (33%),1/6 (17%),67%,9,8,,6,,1,,,,,1
10406382,24,42402,NORMAL,REGULAR,Round 10,LEAGUE,95,Oxford United,Local,2ND,17/09/2022,10,1,58%,0.00,1,12,1,4,,216,8,4,0,,4,0,5,3,5,7,0,1,,,3,0,173,13,42,,17/35 (49%),6/11 (55%),54%,5,15/33 (45%),11/15 (73%),3/9 (33%),63%,8,3,,7,,1,,,,,6
10406382,24,42402,NORMAL,REGULAR,Round 10,LEAGUE,4,Milton Keynes Dons,Visita,ALL,17/09/2022,10,2,42%,0.00,1,6,4,2,10,349,20,11,1,,4,1,1,1,5,1,1,0,,,3,2,237,26,47,,11/48 (23%),2/9 (22%),53%,8,37/67 (55%),16/33 (48%),7/16 (44%),70%,20,10,,27,,4,,,,,12
10406382,24,42402,NORMAL,REGULAR,Round 10,LEAGUE,4,Milton Keynes Dons,Visita,1ST,17/09/2022,10,1,41%,0.00,0,2,1,0,,188,9,6,0,,2,0,0,0,1,1,0,0,,,1,1,126,11,21,,8/24 (33%),0/5 (0%),60%,3,19/34 (56%),12/18 (67%),5/11 (45%),100%,9,6,,12,,1,,,,,6
10406382,24,42402,NORMAL,REGULAR,Round 10,LEAGUE,4,Milton Keynes Dons,Visita,2ND,17/09/2022,10,1,42%,0.00,1,4,3,2,,161,11,5,1,,2,1,1,1,4,0,1,0,,,2,1,111,15,26,,3/24 (13%),2/4 (50%),46%,5,18/33 (55%),4/15 (27%),2/5 (40%),45%,11,4,,15,,3,,,,,6
10406754,24,42402,NORMAL,REGULAR,Round 12,LEAGUE,47,Charlton Athletic,Local,ALL,01/10/2022,12,1,54%,0.00,1,10,2,1,8,447,15,15,3,,4,1,4,2,7,3,,1,,,4,2,339,30,64,,17/58 (29%),2/13 (15%),52%,11,37/72 (51%),19/36 (53%),7/11 (64%),60%,15,11,,16,,2,,,,,8
10406754,24,42402,NORMAL,REGULAR,Round 12,LEAGUE,47,Charlton Athletic,Local,1ST,01/10/2022,12,0,57%,0.00,0,0,0,0,,243,4,8,2,,0,0,0,0,0,0,,0,,,4,0,194,17,28,,10/25 (40%),0/8 (0%),50%,4,15/28 (54%),7/16 (44%),3/6 (50%),50%,4,6,,6,,0,,,,,4
10406754,24,42402,NORMAL,REGULAR,Round 12,LEAGUE,47,Charlton Athletic,Local,2ND,01/10/2022,12,1,51%,0.00,1,10,2,1,,204,11,7,1,,4,1,4,2,7,3,,1,,,0,2,145,13,36,,7/33 (21%),2/5 (40%),53%,7,22/44 (50%),12/20 (60%),4/5 (80%),64%,11,5,,10,,2,,,,,4
10406754,24,42402,NORMAL,REGULAR,Round 12,LEAGUE,95,Oxford United,Visita,ALL,01/10/2022,12,1,46%,0.00,0,11,3,2,16,377,15,5,1,,3,0,5,3,4,7,,0,,,1,5,281,24,71,,25/66 (38%),4/13 (31%),48%,6,35/72 (49%),17/36 (47%),15/24 (63%),67%,15,8,,16,,3,,,,,13
10406754,24,42402,NORMAL,REGULAR,Round 12,LEAGUE,95,Oxford United,Visita,1ST,01/10/2022,12,1,43%,0.00,0,5,0,0,,187,7,1,0,,1,0,3,1,0,5,,0,,,0,3,145,15,24,,8/29 (28%),0/1 (0%),50%,3,13/28 (46%),9/16 (56%),5/6 (83%),57%,7,4,,12,,0,,,,,6
10406754,24,42402,NORMAL,REGULAR,Round 12,LEAGUE,95,Oxford United,Visita,2ND,01/10/2022,12,0,49%,0.00,0,6,3,2,,190,8,4,1,,2,0,2,2,4,2,,0,,,1,2,136,9,47,,17/37 (46%),4/12 (33%),47%,3,22/44 (50%),8/20 (40%),10/18 (56%),75%,8,4,,4,,3,,,,,7
10462604,334,42689,SPECIAL_EVENT,GROUP,"EFL Trophy, Southern Group G",SUPER_CUP,95,Oxford United,Local,ALL,04/10/2022,,1,61%,0.00,1,15,5,6,11,515,19,11,2,,6,0,3,6,8,7,0,1,,,2,0,406,32,62,,36/68 (53%),2/17 (12%),51%,9,41/78 (53%),17/36 (47%),11/22 (50%),63%,19,12,,13,,5,,,,,10
10462604,334,42689,SPECIAL_EVENT,GROUP,"EFL Trophy, Southern Group G",SUPER_CUP,95,Oxford United,Local,1ST,04/10/2022,,1,59%,0.00,0,5,2,1,,293,10,6,2,,1,0,2,2,3,2,0,0,,,1,0,243,15,29,,22/41 (54%),1/8 (13%),55%,5,21/36 (58%),10/20 (50%),5/7 (71%),80%,10,8,,11,,2,,,,,7
10462604,334,42689,SPECIAL_EVENT,GROUP,"EFL Trophy, Southern Group G",SUPER_CUP,95,Oxford United,Local,2ND,04/10/2022,,0,64%,0.00,1,10,3,5,,222,9,5,0,,5,0,1,4,5,5,0,1,,,1,0,163,17,33,,14/27 (52%),1/9 (11%),47%,4,20/42 (48%),7/16 (44%),6/15 (40%),44%,9,4,,2,,3,,,,,3
10462604,334,42689,SPECIAL_EVENT,GROUP,"EFL Trophy, Southern Group G",SUPER_CUP,36539,Chelsea U21,Visita,ALL,04/10/2022,,2,39%,0.00,3,13,5,6,12,326,20,11,2,,7,1,4,2,7,6,1,2,,,3,2,222,26,57,,26/67 (39%),2/11 (18%),49%,7,37/78 (47%),19/36 (53%),6/18 (33%),50%,20,15,,19,,5,,,,,8
10462604,334,42689,SPECIAL_EVENT,GROUP,"EFL Trophy, Southern Group G",SUPER_CUP,36539,Chelsea U21,Visita,1ST,04/10/2022,,0,41%,0.00,0,4,0,4,,197,7,6,0,,2,1,2,0,1,3,0,0,,,1,1,146,14,31,,17/35 (49%),1/10 (10%),45%,4,15/36 (42%),10/20 (50%),2/8 (25%),29%,7,8,,10,,0,,,,,3
10462604,334,42689,SPECIAL_EVENT,GROUP,"EFL Trophy, Southern Group G",SUPER_CUP,36539,Chelsea U21,Visita,2ND,04/10/2022,,2,36%,0.00,3,9,5,2,,129,13,5,2,,5,0,2,2,6,3,1,2,,,2,1,76,12,26,,9/32 (28%),1/1 (100%),53%,3,22/42 (52%),9/16 (56%),4/10 (40%),62%,13,7,,9,,5,,,,,5
10407503,24,42402,NORMAL,REGULAR,Round 13,LEAGUE,95,Oxford United,Local,ALL,08/10/2022,13,0,68%,0.00,2,30,1,11,10,458,7,11,2,,5,0,9,16,12,18,0,2,,,1,1,333,32,84,,29/60 (48%),6/29 (21%),47%,11,19/54 (35%),37/66 (56%),1/12 (8%),86%,7,8,,15,,1,,,,,5
10407503,24,42402,NORMAL,REGULAR,Round 13,LEAGUE,95,Oxford United,Local,1ST,08/10/2022,13,0,69%,0.00,2,10,1,4,,248,3,6,0,,3,0,0,7,6,4,0,2,,,1,0,193,14,46,,15/33 (45%),3/8 (38%),42%,7,10/28 (36%),16/34 (47%),1/6 (17%),100%,3,7,,9,,1,,,,,3
10407503,24,42402,NORMAL,REGULAR,Round 13,LEAGUE,95,Oxford United,Local,2ND,08/10/2022,13,0,68%,0.00,0,20,0,7,,210,4,5,2,,2,0,9,9,6,14,0,0,,,0,1,140,18,38,,14/27 (52%),3/21 (14%),52%,4,9/26 (35%),21/32 (66%),0/6 (0%),75%,4,1,,6,,0,,,,,2
10407503,24,42402,NORMAL,REGULAR,Round 13,LEAGUE,62,Wycombe Wanderers,Visita,ALL,08/10/2022,13,1,32%,0.00,1,6,5,3,11,214,22,10,3,,2,0,3,1,2,4,1,0,,,1,2,111,23,49,,22/72 (31%),2/14 (14%),53%,2,35/54 (65%),29/66 (44%),3/8 (38%),45%,22,7,,60,,5,,,,,10
10407503,24,42402,NORMAL,REGULAR,Round 13,LEAGUE,62,Wycombe Wanderers,Visita,1ST,08/10/2022,13,1,31%,0.00,1,4,3,3,,110,12,5,1,,2,0,2,0,1,3,1,0,,,0,1,54,13,22,,9/31 (29%),0/8 (0%),58%,2,18/28 (64%),18/34 (53%),1/2 (50%),33%,12,3,,21,,3,,,,,1
10407503,24,42402,NORMAL,REGULAR,Round 13,LEAGUE,62,Wycombe Wanderers,Visita,2ND,08/10/2022,13,0,32%,0.00,0,2,2,0,,104,10,5,2,,0,0,1,1,1,1,0,0,,,1,1,57,10,27,,13/41 (32%),2/6 (33%),48%,0,17/26 (65%),11/32 (34%),2/6 (33%),60%,10,4,,39,,2,,,,,9
10407832,24,42402,NORMAL,REGULAR,Round 14,LEAGUE,86,Exeter City,Local,ALL,15/10/2022,14,2,55%,0.00,1,11,5,5,10,370,18,10,3,,3,0,3,5,7,4,1,0,0,,2,2,252,25,79,,25/79 (32%),3/15 (20%),47%,17,31/62 (50%),16/37 (43%),3/5 (60%),28%,18,8,,7,,5,,,,,8
10407832,24,42402,NORMAL,REGULAR,Round 14,LEAGUE,86,Exeter City,Local,1ST,15/10/2022,14,0,52%,0.00,0,3,3,1,,164,7,6,2,,1,0,0,2,2,1,0,0,0,,2,0,100,15,43,,12/44 (27%),1/8 (13%),42%,9,14/30 (47%),7/20 (35%),1/1 (100%),29%,7,5,,5,,3,,,,,5
10407832,24,42402,NORMAL,REGULAR,Round 14,LEAGUE,86,Exeter City,Local,2ND,15/10/2022,14,2,58%,0.00,1,8,2,4,,206,11,4,1,,2,0,3,3,5,3,1,0,0,,0,2,152,10,36,,13/35 (37%),2/7 (29%),53%,8,17/32 (53%),9/17 (53%),2/4 (50%),27%,11,3,,2,,2,,,,,3
10407832,24,42402,NORMAL,REGULAR,Round 14,LEAGUE,95,Oxford United,Visita,ALL,15/10/2022,14,4,45%,0.00,4,19,1,4,12,307,19,10,1,,9,0,4,6,8,11,2,2,1,,3,3,196,28,70,,24/70 (34%),2/9 (22%),53%,6,31/62 (50%),21/37 (57%),2/14 (14%),53%,19,6,,9,,1,,,,,9
10407832,24,42402,NORMAL,REGULAR,Round 14,LEAGUE,95,Oxford United,Visita,1ST,15/10/2022,14,3,48%,0.00,2,12,1,3,,152,9,6,1,,6,0,3,3,5,7,1,1,1,,2,0,94,14,29,,8/30 (27%),2/4 (50%),58%,1,16/30 (53%),13/20 (65%),1/7 (14%),44%,9,3,,3,,1,,,,,3
10407832,24,42402,NORMAL,REGULAR,Round 14,LEAGUE,95,Oxford United,Visita,2ND,15/10/2022,14,1,42%,0.00,2,7,0,1,,155,10,4,0,,3,0,1,3,3,4,1,1,0,,1,3,102,14,41,,16/40 (40%),0/5 (0%),47%,5,15/32 (47%),8/17 (47%),1/7 (14%),60%,10,3,,6,,0,,,,,6
10462641,334,42689,SPECIAL_EVENT,GROUP,"EFL Trophy, Southern Group G",SUPER_CUP,6339,Sutton United,Local,ALL,18/10/2022,,2,31%,0.00,1,12,4,3,8,235,20,10,2,,4,0,6,2,5,7,1,0,0,,5,2,116,24,60,,16/75 (21%),4/11 (36%),54%,5,33/57 (58%),18/38 (47%),3/12 (25%),45%,20,11,,24,,4,,,,,10
10462641,334,42689,SPECIAL_EVENT,GROUP,"EFL Trophy, Southern Group G",SUPER_CUP,6339,Sutton United,Local,1ST,18/10/2022,,0,33%,0.00,0,6,0,1,,131,12,4,0,,1,0,4,1,1,5,0,0,0,,2,0,71,16,24,,13/40 (33%),1/6 (17%),54%,5,18/32 (56%),9/18 (50%),2/6 (33%),42%,12,6,,5,,0,,,,,6
10462641,334,42689,SPECIAL_EVENT,GROUP,"EFL Trophy, Southern Group G",SUPER_CUP,6339,Sutton United,Local,2ND,18/10/2022,,2,30%,0.00,1,6,4,2,,104,8,6,2,,3,0,2,1,4,2,1,0,0,,3,2,45,8,36,,3/35 (9%),3/5 (60%),53%,0,15/25 (60%),9/20 (45%),1/6 (17%),50%,8,5,,19,,4,,,,,4
10462641,334,42689,SPECIAL_EVENT,GROUP,"EFL Trophy, Southern Group G",SUPER_CUP,95,Oxford United,Visita,ALL,18/10/2022,,0,69%,0.00,2,14,2,2,11,512,14,8,0,,4,2,6,4,8,6,0,2,1,,1,3,397,33,79,,39/83 (47%),3/19 (16%),46%,9,24/57 (42%),20/38 (53%),2/13 (15%),57%,14,7,,12,,2,,,,,10
10462641,334,42689,SPECIAL_EVENT,GROUP,"EFL Trophy, Southern Group G",SUPER_CUP,95,Oxford United,Visita,1ST,18/10/2022,,0,67%,0.00,2,6,1,0,,276,9,3,0,,0,2,4,2,4,2,0,2,0,,0,2,216,15,41,,21/46 (46%),2/5 (40%),46%,4,14/32 (44%),9/18 (50%),2/10 (20%),44%,9,0,,5,,1,,,,,4
10462641,334,42689,SPECIAL_EVENT,GROUP,"EFL Trophy, Southern Group G",SUPER_CUP,95,Oxford United,Visita,2ND,18/10/2022,,0,70%,0.00,0,8,1,2,,236,5,5,0,,4,0,2,2,4,4,0,0,1,,1,1,181,18,38,,18/37 (49%),1/14 (7%),47%,5,10/25 (40%),11/20 (55%),0/3 (0%),80%,5,7,,7,,1,,,,,6
10407831,24,42402,NORMAL,REGULAR,Round 15,LEAGUE,95,Oxford United,Local,ALL,22/10/2022,15,1,54%,0.00,0,14,2,6,20,355,9,14,3,1,2,1,7,5,8,6,,0,1,,1,2,247,28,79,,36/80 (45%),5/17 (29%),48%,6,31/66 (47%),30/62 (48%),8/16 (50%),56%,9,11,,11,,2,,,,,4
10407831,24,42402,NORMAL,REGULAR,Round 15,LEAGUE,95,Oxford United,Local,1ST,22/10/2022,15,0,53%,0.00,0,6,1,3,,188,3,7,0,0,0,1,4,2,3,3,,0,1,,1,2,137,9,36,,17/32 (53%),1/8 (13%),46%,4,13/31 (42%),15/30 (50%),3/7 (43%),33%,3,6,,9,,1,,,,,1
10407831,24,42402,NORMAL,REGULAR,Round 15,LEAGUE,95,Oxford United,Local,2ND,22/10/2022,15,1,55%,0.00,0,8,1,3,,167,6,7,3,1,2,0,3,3,5,3,,0,0,,0,0,110,19,43,,19/48 (40%),4/9 (44%),49%,2,18/35 (51%),15/32 (47%),5/9 (56%),67%,6,5,,2,,1,,,,,3
10407831,24,42402,NORMAL,REGULAR,Round 15,LEAGUE,54,Peterborough United,Visita,ALL,22/10/2022,15,2,46%,0.00,1,9,0,4,16,310,14,19,3,0,4,0,4,1,5,4,,1,0,,3,3,207,18,54,,27/69 (39%),3/9 (33%),52%,7,35/66 (53%),32/62 (52%),3/5 (60%),71%,14,9,,31,,0,,,,,6
10407831,24,42402,NORMAL,REGULAR,Round 15,LEAGUE,54,Peterborough United,Visita,1ST,22/10/2022,15,2,47%,0.00,1,5,0,3,,165,8,9,1,0,3,0,2,0,3,2,,1,0,,1,2,120,10,26,,16/35 (46%),3/7 (43%),54%,2,18/31 (58%),15/30 (50%),1/2 (50%),50%,8,4,,14,,0,,,,,3
10407831,24,42402,NORMAL,REGULAR,Round 15,LEAGUE,54,Peterborough United,Visita,2ND,22/10/2022,15,0,45%,0.00,0,4,0,1,,145,6,10,2,0,1,0,2,1,2,2,,0,0,,2,1,87,8,28,,11/34 (32%),0/2 (0%),51%,5,17/35 (49%),17/32 (53%),2/3 (67%),100%,6,5,,17,,0,,,,,3
10407855,24,42402,NORMAL,REGULAR,Round 16,LEAGUE,2,Portsmouth,Local,ALL,25/10/2022,16,1,67%,0.00,1,19,1,6,9,471,18,21,1,0,4,0,5,10,12,7,1,,,,2,,364,34,85,,57/110 (52%),3/22 (14%),58%,11,44/74 (59%),25/44 (57%),5/10 (50%),67%,18,8,,13,,1,,,,,11
10407855,24,42402,NORMAL,REGULAR,Round 16,LEAGUE,2,Portsmouth,Local,1ST,25/10/2022,16,0,61%,0.00,0,4,1,3,,200,9,10,1,0,1,0,1,2,2,2,0,,,,1,,145,15,40,,21/54 (39%),1/5 (20%),52%,7,20/39 (51%),12/22 (55%),1/3 (33%),56%,9,6,,9,,1,,,,,7
10407855,24,42402,NORMAL,REGULAR,Round 16,LEAGUE,2,Portsmouth,Local,2ND,25/10/2022,16,1,73%,0.00,1,15,0,3,,271,9,11,0,0,3,0,4,8,10,5,1,,,,1,,219,19,45,,36/56 (64%),2/17 (12%),65%,4,24/35 (69%),13/22 (59%),4/7 (57%),78%,9,2,,4,,0,,,,,4
10407855,24,42402,NORMAL,REGULAR,Round 16,LEAGUE,95,Oxford United,Visita,ALL,25/10/2022,16,1,33%,0.00,0,10,3,5,21,232,16,9,5,1,2,0,6,2,3,7,0,,,,0,,133,20,67,,17/72 (24%),3/7 (43%),42%,8,30/74 (41%),19/44 (43%),6/16 (38%),69%,16,11,,34,,3,,,,,13
10407855,24,42402,NORMAL,REGULAR,Round 16,LEAGUE,95,Oxford United,Visita,1ST,25/10/2022,16,1,39%,0.00,0,8,1,3,,124,9,6,1,0,2,0,5,1,2,6,0,,,,0,,78,11,33,,13/37 (35%),3/6 (50%),48%,5,19/39 (49%),10/22 (45%),5/9 (56%),67%,9,3,,9,,1,,,,,5
10407855,24,42402,NORMAL,REGULAR,Round 16,LEAGUE,95,Oxford United,Visita,2ND,25/10/2022,16,0,27%,0.00,0,2,2,2,,108,7,3,4,1,0,0,1,1,1,1,0,,,,0,,55,9,34,,4/35 (11%),0/1 (0%),35%,3,11/35 (31%),9/22 (41%),1/7 (14%),71%,7,8,,25,,2,,,,,8
10407214,24,42402,NORMAL,REGULAR,Round 17,LEAGUE,5,Bolton Wanderers,Local,ALL,29/10/2022,17,1,60%,0.00,3,10,2,5,13,424,14,16,2,,3,0,4,3,6,4,1,2,1,,3,2,280,36,95,,28/80 (35%),6/21 (29%),47%,15,34/68 (50%),25/58 (43%),4/7 (57%),64%,14,13,,12,,2,,,,,7
10407214,24,42402,NORMAL,REGULAR,Round 17,LEAGUE,5,Bolton Wanderers,Local,1ST,29/10/2022,17,0,55%,0.00,2,3,1,2,,197,8,8,1,,1,0,1,1,2,1,0,2,0,,1,2,126,16,46,,13/45 (29%),3/10 (30%),48%,4,18/28 (64%),13/36 (36%),2/2 (100%),88%,8,6,,11,,1,,,,,5
10407214,24,42402,NORMAL,REGULAR,Round 17,LEAGUE,5,Bolton Wanderers,Local,2ND,29/10/2022,17,1,66%,0.00,1,7,1,3,,227,6,8,1,,2,0,3,2,4,3,1,0,1,,2,0,154,20,49,,15/35 (43%),3/11 (27%),45%,11,16/40 (40%),12/22 (55%),2/5 (40%),33%,6,7,,1,,1,,,,,2
10407214,24,42402,NORMAL,REGULAR,Round 17,LEAGUE,95,Oxford United,Visita,ALL,29/10/2022,17,3,40%,0.00,3,12,2,4,18,286,18,12,5,,5,0,4,3,10,2,2,1,0,,1,1,170,23,70,,21/71 (30%),3/9 (33%),53%,10,34/67 (51%),33/58 (57%),4/8 (50%),56%,18,20,,41,,2,,,,,7
10407214,24,42402,NORMAL,REGULAR,Round 17,LEAGUE,95,Oxford United,Visita,1ST,29/10/2022,17,1,45%,0.00,2,7,1,1,,163,4,5,3,,2,0,2,3,7,0,1,1,0,,1,0,100,14,34,,10/30 (33%),1/6 (17%),52%,7,10/27 (37%),23/36 (64%),1/2 (50%),50%,4,6,,20,,1,,,,,3
10407214,24,42402,NORMAL,REGULAR,Round 17,LEAGUE,95,Oxford United,Visita,2ND,29/10/2022,17,2,34%,0.00,1,5,1,3,,123,14,7,2,,3,0,2,0,3,2,1,0,0,,0,1,70,9,36,,11/41 (27%),2/3 (67%),55%,3,24/40 (60%),10/22 (45%),3/6 (50%),57%,14,14,,21,,1,,,,,4
10842066,24,42402,NORMAL,REGULAR,Round 11,LEAGUE,95,Oxford United,Local,ALL,01/11/2022,11,1,62%,0.00,3,23,5,7,12,481,15,8,3,,6,1,11,6,11,12,1,2,,,0,1,377,26,87,,34/71 (48%),7/23 (30%),42%,10,26/70 (37%),22/43 (51%),3/17 (18%),80%,15,7,,17,,5,,,,,5
10842066,24,42402,NORMAL,REGULAR,Round 11,LEAGUE,95,Oxford United,Local,1ST,01/11/2022,11,0,68%,0.00,0,4,4,3,,281,10,5,1,,1,0,2,1,1,3,0,0,,,0,0,235,16,46,,19/36 (53%),2/13 (15%),44%,6,15/36 (42%),8/16 (50%),0/8 (0%),80%,10,4,,8,,4,,,,,4
10842066,24,42402,NORMAL,REGULAR,Round 11,LEAGUE,95,Oxford United,Local,2ND,01/11/2022,11,1,56%,0.00,3,19,1,4,,200,5,3,2,,5,1,9,5,10,9,1,2,,,0,1,142,10,41,,15/35 (43%),5/10 (50%),41%,4,11/34 (32%),14/27 (52%),3/9 (33%),80%,5,3,,9,,1,,,,,1
10842066,24,42402,NORMAL,REGULAR,Round 11,LEAGUE,23959,Fleetwood Town,Visita,ALL,01/11/2022,11,1,38%,0.00,1,10,5,3,9,295,24,12,3,,6,1,2,2,8,2,0,1,,,3,3,181,28,47,,21/81 (26%),3/15 (20%),58%,7,44/70 (63%),21/43 (49%),8/16 (50%),58%,24,10,,16,,5,,,,,13
10842066,24,42402,NORMAL,REGULAR,Round 11,LEAGUE,23959,Fleetwood Town,Visita,1ST,01/11/2022,11,1,32%,0.00,0,6,1,2,,134,14,4,3,,5,0,1,0,4,2,0,0,,,0,1,86,15,21,,12/39 (31%),2/9 (22%),56%,5,21/36 (58%),8/16 (50%),3/8 (38%),57%,14,5,,12,,1,,,,,3
10842066,24,42402,NORMAL,REGULAR,Round 11,LEAGUE,23959,Fleetwood Town,Visita,2ND,01/11/2022,11,0,44%,0.00,1,4,4,1,,161,10,8,0,,1,1,1,2,4,0,0,1,,,3,2,95,13,26,,9/42 (21%),1/6 (17%),59%,2,23/34 (68%),13/27 (48%),5/8 (63%),60%,10,5,,4,,4,,,,,10
10842074,24,42402,NORMAL,REGULAR,Round 8,LEAGUE,82,Shrewsbury Town,Local,ALL,09/11/2022,8,1,54%,0.00,1,11,4,12,14,338,10,11,3,,5,0,5,1,11,0,1,,,,1,0,199,23,85,,38/93 (41%),7/29 (24%),46%,17,23/62 (37%),29/52 (56%),2/6 (33%),40%,10,7,,20,,4,,,,,8
10842074,24,42402,NORMAL,REGULAR,Round 8,LEAGUE,82,Shrewsbury Town,Local,1ST,09/11/2022,8,0,53%,0.00,0,4,0,3,,172,6,6,3,,1,0,2,1,4,0,0,,,,0,0,100,11,51,,22/48 (46%),2/13 (15%),43%,8,12/31 (39%),12/25 (48%),0/1 (0%),33%,6,4,,9,,0,,,,,4
10842074,24,42402,NORMAL,REGULAR,Round 8,LEAGUE,82,Shrewsbury Town,Local,2ND,09/11/2022,8,1,55%,0.00,1,7,4,9,,166,4,5,0,,4,0,3,0,7,0,1,,,,1,0,99,12,34,,16/45 (36%),5/16 (31%),48%,9,11/31 (35%),17/27 (63%),2/5 (40%),50%,4,3,,11,,4,,,,,4
10842074,24,42402,NORMAL,REGULAR,Round 8,LEAGUE,95,Oxford United,Visita,ALL,09/11/2022,8,1,46%,0.00,0,11,4,0,12,300,21,14,2,,5,0,4,2,7,4,0,,,,2,1,185,19,55,,26/72 (36%),0/12 (0%),54%,3,39/62 (63%),23/52 (44%),4/11 (36%),48%,21,12,,24,,4,,,,,13
10842074,24,42402,NORMAL,REGULAR,Round 8,LEAGUE,95,Oxford United,Visita,1ST,09/11/2022,8,1,47%,0.00,0,3,1,0,,155,9,8,1,,1,0,1,1,1,2,0,,,,1,1,92,7,21,,13/37 (35%),0/6 (0%),57%,1,19/31 (61%),13/25 (52%),2/7 (29%),33%,9,7,,10,,1,,,,,5
10842074,24,42402,NORMAL,REGULAR,Round 8,LEAGUE,95,Oxford United,Visita,2ND,09/11/2022,8,0,45%,0.00,0,8,3,0,,145,12,6,1,,4,0,3,1,6,2,0,,,,1,0,93,12,34,,13/35 (37%),0/6 (0%),52%,2,20/31 (65%),10/27 (37%),2/4 (50%),58%,12,5,,14,,3,,,,,8
10407339,24,42402,NORMAL,REGULAR,Round 18,LEAGUE,95,Oxford United,Local,ALL,12/11/2022,18,4,49%,0.00,4,21,1,3,17,342,22,10,1,,8,0,9,4,11,10,2,2,,,1,0,223,18,59,,14/62 (23%),3/12 (25%),47%,5,37/72 (51%),29/69 (42%),5/16 (31%),55%,22,9,,28,,1,,,,,16
10407339,24,42402,NORMAL,REGULAR,Round 18,LEAGUE,95,Oxford United,Local,1ST,12/11/2022,18,2,47%,0.00,2,9,1,1,,165,13,5,1,,3,0,4,2,4,5,2,0,,,0,0,112,14,28,,6/26 (23%),1/6 (17%),48%,1,21/39 (54%),14/34 (41%),3/9 (33%),46%,13,4,,13,,1,,,,,5
10407339,24,42402,NORMAL,REGULAR,Round 18,LEAGUE,95,Oxford United,Local,2ND,12/11/2022,18,2,51%,0.00,2,12,0,2,,177,9,5,0,,5,0,5,2,7,5,0,2,,,1,0,111,4,31,,8/36 (22%),2/6 (33%),46%,4,16/33 (48%),15/35 (43%),2/7 (29%),67%,9,5,,15,,0,,,,,11
10407339,24,42402,NORMAL,REGULAR,Round 18,LEAGUE,55,Port Vale,Visita,ALL,12/11/2022,18,0,51%,0.00,2,14,4,9,10,337,16,16,3,,1,1,10,3,9,5,0,2,,,2,2,221,32,80,,27/73 (37%),6/28 (21%),53%,15,35/72 (49%),40/69 (58%),3/10 (30%),56%,16,14,,16,,4,,,,,11
10407339,24,42402,NORMAL,REGULAR,Round 18,LEAGUE,55,Port Vale,Visita,1ST,12/11/2022,18,0,53%,0.00,1,7,1,2,,177,7,9,2,,1,1,3,3,4,3,0,1,,,2,1,116,17,41,,14/35 (40%),3/13 (23%),52%,9,18/39 (46%),20/34 (59%),2/6 (33%),29%,7,5,,10,,1,,,,,6
10407339,24,42402,NORMAL,REGULAR,Round 18,LEAGUE,55,Port Vale,Visita,2ND,12/11/2022,18,0,49%,0.00,1,7,3,7,,160,9,7,1,,0,0,7,0,5,2,0,1,,,0,1,105,15,39,,13/38 (34%),3/15 (20%),54%,6,17/33 (52%),20/35 (57%),1/4 (25%),78%,9,9,,6,,3,,,,,5
10872384,19,41913,NORMAL,PLAYOFF,Round 1,CUP,128,Woking,Local,ALL,16/11/2022,1,1,,,,1,,6,,,,,1,0,1,,,,,,,,,,,,,,,,,,,,,,,,,,,,,,,,,,
10872384,19,41913,NORMAL,PLAYOFF,Round 1,CUP,128,Woking,Local,1ST,16/11/2022,1,,,,,,,,,,,,,,,,,,,,,,,,,,,,,,,,,,,,,,,,,,,,,,,,
10872384,19,41913,NORMAL,PLAYOFF,Round 1,CUP,128,Woking,Local,2ND,16/11/2022,1,,,,,,,,,,,,,,,,,,,,,,,,,,,,,,,,,,,,,,,,,,,,,,,,
10872384,19,41913,NORMAL,PLAYOFF,Round 1,CUP,95,Oxford United,Visita,ALL,16/11/2022,1,2,,,,2,,1,,,,,2,0,2,,,,,,,,,,,,,,,,,,,,,,,,,,,,,,,,,,
10872384,19,41913,NORMAL,PLAYOFF,Round 1,CUP,95,Oxford United,Visita,1ST,16/11/2022,1,,,,,,,,,,,,,,,,,,,,,,,,,,,,,,,,,,,,,,,,,,,,,,,,
10872384,19,41913,NORMAL,PLAYOFF,Round 1,CUP,95,Oxford United,Visita,2ND,16/11/2022,1,,,,,,,,,,,,,,,,,,,,,,,,,,,,,,,,,,,,,,,,,,,,,,,,
10407236,24,42402,NORMAL,REGULAR,Round 19,LEAGUE,95,Oxford United,Local,ALL,19/11/2022,19,1,57%,0.00,2,19,4,5,9,456,16,12,1,,10,0,7,2,7,12,1,1,2,,4,1,357,24,82,,26/67 (39%),3/23 (13%),56%,7,36/65 (55%),19/33 (58%),8/21 (38%),56%,16,17,,24,,4,,,,,4
10407236,24,42402,NORMAL,REGULAR,Round 19,LEAGUE,95,Oxford United,Local,1ST,19/11/2022,19,1,60%,0.00,2,11,3,5,,234,5,5,1,,8,0,2,1,5,6,1,1,1,,3,1,185,12,40,,15/32 (47%),2/16 (13%),54%,3,14/26 (54%),6/11 (55%),4/9 (44%),80%,5,7,,9,,3,,,,,3
10407236,24,42402,NORMAL,REGULAR,Round 19,LEAGUE,95,Oxford United,Local,2ND,19/11/2022,19,0,54%,0.00,0,8,1,0,,222,11,7,0,,2,0,5,1,2,6,0,0,1,,1,0,172,12,42,,11/35 (31%),1/7 (14%),57%,4,22/39 (56%),13/22 (59%),4/12 (33%),45%,11,10,,15,,1,,,,,1
10407236,24,42402,NORMAL,REGULAR,Round 19,LEAGUE,94,Forest Green Rovers,Visita,ALL,19/11/2022,19,1,43%,0.00,4,12,9,8,12,334,20,8,6,,5,1,4,3,10,2,1,3,0,,4,2,196,28,61,,38/85 (45%),5/24 (21%),44%,8,29/62 (47%),14/33 (42%),1/9 (11%),55%,20,9,,27,,9,,,,,10
10407236,24,42402,NORMAL,REGULAR,Round 19,LEAGUE,94,Forest Green Rovers,Visita,1ST,19/11/2022,19,0,40%,0.00,1,7,7,3,,155,8,4,1,,3,0,2,2,5,2,0,1,0,,2,2,92,13,26,,17/41 (41%),2/9 (22%),46%,1,12/26 (46%),5/11 (45%),0/4 (0%),63%,8,6,,17,,7,,,,,3
10407236,24,42402,NORMAL,REGULAR,Round 19,LEAGUE,94,Forest Green Rovers,Visita,2ND,19/11/2022,19,1,46%,0.00,3,5,2,5,,179,12,4,5,,2,1,2,1,5,0,1,2,0,,2,0,104,15,35,,21/44 (48%),3/15 (20%),45%,7,17/36 (47%),9/22 (41%),1/5 (20%),50%,12,3,,10,,2,,,,,7
10889425,19,41913,NORMAL,REGULAR,Round 2,CUP,95,Oxford United,Local,ALL,26/11/2022,2,4,,,,10,1,6,9,,,12,2,0,5,,3,2,,,,,,,,2,,26,,,,,,,,,,,,,,,,1,,,,,9
10889425,19,41913,NORMAL,REGULAR,Round 2,CUP,95,Oxford United,Local,1ST,26/11/2022,2,,,,,,,,,,,,,,,,,,,,,,,,,,,,,,,,,,,,,,,,,,,,,,,,
10889425,19,41913,NORMAL,REGULAR,Round 2,CUP,95,Oxford United,Local,2ND,26/11/2022,2,,,,,,,,,,,,,,,,,,,,,,,,,,,,,,,,,,,,,,,,,,,,,,,,
10889425,19,41913,NORMAL,REGULAR,Round 2,CUP,86,Exeter City,Visita,ALL,26/11/2022,2,1,,,,5,1,7,11,,,11,3,0,2,,2,1,,,,,,,,1,,25,,,,,,,,,,,,,,,,1,,,,,5
10889425,19,41913,NORMAL,REGULAR,Round 2,CUP,86,Exeter City,Visita,1ST,26/11/2022,2,,,,,,,,,,,,,,,,,,,,,,,,,,,,,,,,,,,,,,,,,,,,,,,,
10889425,19,41913,NORMAL,REGULAR,Round 2,CUP,86,Exeter City,Visita,2ND,26/11/2022,2,,,,,,,,,,,,,,,,,,,,,,,,,,,,,,,,,,,,,,,,,,,,,,,,
10407439,24,42402,NORMAL,REGULAR,Round 20,LEAGUE,187,Accrington Stanley,Local,ALL,03/12/2022,20,1,47%,0.00,0,12,0,5,11,328,16,14,4,,4,0,3,5,5,7,0,0,,,5,2,191,33,88,,26/82 (32%),1/16 (6%),41%,9,35/66 (53%),18/62 (29%),5/14 (36%),75%,16,9,,17,,0,,,,,5
10407439,24,42402,NORMAL,REGULAR,Round 20,LEAGUE,187,Accrington Stanley,Local,1ST,03/12/2022,20,0,48%,0.00,0,4,0,2,,179,8,5,1,,1,0,1,2,2,2,0,0,,,2,0,107,16,37,,10/40 (25%),1/8 (13%),45%,4,13/25 (52%),9/24 (38%),0/2 (0%),63%,8,5,,9,,0,,,,,3
10407439,24,42402,NORMAL,REGULAR,Round 20,LEAGUE,187,Accrington Stanley,Local,2ND,03/12/2022,20,1,46%,0.00,0,8,0,3,,149,8,9,3,,3,0,2,3,3,5,0,0,,,3,2,84,17,51,,16/42 (38%),0/8 (0%),39%,5,22/41 (54%),9/38 (24%),5/12 (42%),88%,8,4,,8,,0,,,,,2
10407439,24,42402,NORMAL,REGULAR,Round 20,LEAGUE,95,Oxford United,Visita,ALL,03/12/2022,20,1,53%,0.00,2,7,3,2,14,375,18,11,2,,1,1,3,3,6,1,1,1,,,0,2,237,21,71,,27/82 (33%),1/7 (14%),59%,4,31/66 (47%),44/62 (71%),2/14 (14%),61%,18,12,,31,,3,,,,,9
10407439,24,42402,NORMAL,REGULAR,Round 20,LEAGUE,95,Oxford United,Visita,1ST,03/12/2022,20,0,52%,0.00,0,3,1,2,,198,6,4,0,,0,1,2,1,2,1,0,0,,,0,1,128,9,31,,10/39 (26%),0/4 (0%),55%,2,12/25 (48%),15/24 (63%),2/8 (25%),50%,6,7,,19,,1,,,,,4
10407439,24,42402,NORMAL,REGULAR,Round 20,LEAGUE,95,Oxford United,Visita,2ND,03/12/2022,20,1,54%,0.00,2,4,2,0,,177,12,7,2,,1,0,1,2,4,0,1,1,,,0,1,109,12,40,,17/43 (40%),1/3 (33%),61%,2,19/41 (46%),29/38 (76%),0/6 (0%),67%,12,5,,12,,2,,,,,5
10407300,24,42402,NORMAL,REGULAR,Round 22,LEAGUE,12,Sheffield Wednesday,Local,ALL,17/12/2022,22,0,47%,0.00,1,16,4,4,15,298,14,9,3,,2,0,9,5,14,2,,1,,,2,3,196,29,68,,37/71 (52%),5/19 (26%),50%,14,26/64 (41%),29/47 (62%),3/8 (38%),50%,14,8,,21,,4,,,,,8
10407300,24,42402,NORMAL,REGULAR,Round 22,LEAGUE,12,Sheffield Wednesday,Local,1ST,17/12/2022,22,0,40%,0.00,1,8,2,0,,148,6,5,2,,1,0,4,3,7,1,,1,,,1,2,91,16,29,,16/37 (43%),1/5 (20%),46%,5,12/30 (40%),13/24 (54%),1/2 (50%),50%,6,5,,8,,2,,,,,2
10407300,24,42402,NORMAL,REGULAR,Round 22,LEAGUE,12,Sheffield Wednesday,Local,2ND,17/12/2022,22,0,55%,0.00,0,8,2,4,,150,8,4,1,,1,0,5,2,7,1,,0,,,1,1,105,13,39,,21/34 (62%),4/14 (29%),53%,9,14/34 (41%),16/23 (70%),2/6 (33%),50%,8,3,,13,,2,,,,,6
10407300,24,42402,NORMAL,REGULAR,Round 22,LEAGUE,95,Oxford United,Visita,ALL,17/12/2022,22,0,53%,0.00,2,13,2,2,10,354,19,13,1,,5,0,5,3,8,5,,2,,,2,2,248,28,61,,30/76 (39%),2/14 (14%),50%,8,38/64 (59%),18/47 (38%),6/12 (50%),58%,19,7,,15,,2,,,,,14
10407300,24,42402,NORMAL,REGULAR,Round 22,LEAGUE,95,Oxford United,Visita,1ST,17/12/2022,22,0,60%,0.00,0,4,1,0,,224,6,9,1,,2,0,0,2,4,0,,0,,,1,1,167,9,37,,19/44 (43%),2/7 (29%),54%,3,18/30 (60%),11/24 (46%),3/6 (50%),67%,6,6,,2,,1,,,,,6
10407300,24,42402,NORMAL,REGULAR,Round 22,LEAGUE,95,Oxford United,Visita,2ND,17/12/2022,22,0,45%,0.00,2,9,1,2,,130,13,4,0,,3,0,5,1,4,5,,2,,,1,1,81,19,24,,11/32 (34%),0/7 (0%),47%,5,20/34 (59%),7/23 (30%),3/6 (50%),54%,13,1,,13,,1,,,,,8
10407231,24,42402,NORMAL,REGULAR,Round 23,LEAGUE,32,Ipswich Town,Local,ALL,26/12/2022,23,3,64%,0.00,2,18,3,13,7,502,14,8,1,,9,0,5,4,12,6,1,1,,,,5,386,18,90,,35/78 (45%),10/30 (33%),51%,8,30/61 (49%),18/34 (53%),8/14 (57%),79%,14,8,,7,,3,,,,,5
10407231,24,42402,NORMAL,REGULAR,Round 23,LEAGUE,32,Ipswich Town,Local,1ST,26/12/2022,23,2,68%,0.00,2,12,2,9,,255,6,4,0,,7,0,2,3,8,4,1,1,,,,0,200,8,42,,16/36 (44%),8/20 (40%),48%,4,14/30 (47%),9/18 (50%),4/6 (67%),83%,6,3,,6,,2,,,,,4
10407231,24,42402,NORMAL,REGULAR,Round 23,LEAGUE,32,Ipswich Town,Local,2ND,26/12/2022,23,1,60%,0.00,0,6,1,4,,247,8,4,1,,2,0,3,1,4,2,0,0,,,,5,186,10,48,,19/42 (45%),2/10 (20%),53%,4,16/31 (52%),9/16 (56%),4/8 (50%),75%,8,5,,1,,1,,,,,1
10407231,24,42402,NORMAL,REGULAR,Round 23,LEAGUE,95,Oxford United,Visita,ALL,26/12/2022,23,0,36%,0.00,0,9,6,4,8,290,14,7,2,,3,0,4,2,4,5,0,0,,,,2,176,17,53,,11/58 (19%),1/9 (11%),49%,10,31/61 (51%),16/34 (47%),10/14 (71%),64%,14,14,,27,,6,,,,,7
10407231,24,42402,NORMAL,REGULAR,Round 23,LEAGUE,95,Oxford United,Visita,1ST,26/12/2022,23,0,32%,0.00,0,6,5,2,,124,6,3,1,,2,0,3,1,2,4,0,0,,,,1,69,9,27,,5/30 (17%),1/5 (20%),52%,5,16/30 (53%),9/18 (50%),7/8 (88%),83%,6,7,,16,,5,,,,,2
10407231,24,42402,NORMAL,REGULAR,Round 23,LEAGUE,95,Oxford United,Visita,2ND,26/12/2022,23,0,40%,0.00,0,3,1,2,,166,8,4,1,,1,0,1,1,2,1,0,0,,,,1,107,8,26,,6/28 (21%),0/4 (0%),47%,5,15/31 (48%),7/16 (44%),3/6 (50%),50%,8,7,,11,,1,,,,,5
10405767,24,42402,NORMAL,REGULAR,Round 24,LEAGUE,95,Oxford United,Local,ALL,29/12/2022,24,3,53%,0.00,2,17,2,4,16,383,19,14,0,,5,1,7,5,8,9,2,0,,,4,2,289,23,65,,19/53 (36%),3/15 (20%),50%,15,42/85 (49%),21/42 (50%),9/16 (56%),84%,19,8,,27,,2,,,,,6
10405767,24,42402,NORMAL,REGULAR,Round 24,LEAGUE,95,Oxford United,Local,1ST,29/12/2022,24,2,57%,0.00,1,10,0,1,,215,7,9,0,,3,1,4,3,4,6,1,0,,,4,2,173,8,33,,7/21 (33%),2/12 (17%),53%,7,22/38 (58%),12/26 (46%),6/10 (60%),100%,7,3,,8,,0,,,,,3
10405767,24,42402,NORMAL,REGULAR,Round 24,LEAGUE,95,Oxford United,Local,2ND,29/12/2022,24,1,49%,0.00,1,7,2,3,,168,12,5,0,,2,0,3,2,4,3,1,0,,,0,0,116,15,32,,12/32 (38%),1/3 (33%),46%,8,20/47 (43%),9/16 (56%),3/6 (50%),75%,12,5,,19,,2,,,,,3
10405767,24,42402,NORMAL,REGULAR,Round 24,LEAGUE,47,Charlton Athletic,Visita,ALL,29/12/2022,24,1,47%,0.00,2,10,2,3,14,334,22,16,3,,3,0,5,2,10,0,1,1,,,1,3,223,25,72,,34/73 (47%),5/16 (31%),50%,12,43/85 (51%),21/42 (50%),5/12 (42%),68%,22,9,,24,,2,,,,,9
10405767,24,42402,NORMAL,REGULAR,Round 24,LEAGUE,47,Charlton Athletic,Visita,1ST,29/12/2022,24,0,43%,0.00,0,2,1,0,,164,11,4,1,,0,0,1,1,2,0,0,0,,,1,3,112,14,39,,19/40 (48%),1/5 (20%),47%,7,16/38 (42%),14/26 (54%),1/1 (100%),64%,11,4,,11,,1,,,,,5
10405767,24,42402,NORMAL,REGULAR,Round 24,LEAGUE,47,Charlton Athletic,Visita,2ND,29/12/2022,24,1,51%,0.00,2,8,1,3,,170,11,12,2,,3,0,4,1,8,0,1,1,,,0,0,111,11,33,,15/33 (45%),4/11 (36%),54%,5,27/47 (57%),7/16 (44%),4/11 (36%),73%,11,5,,13,,1,,,,,4
10406024,24,42402,NORMAL,REGULAR,Round 25,LEAGUE,95,Oxford United,Local,ALL,01/01/2023,25,0,65%,0.00,0,20,2,11,4,499,21,13,1,,5,1,5,10,10,10,0,0,,,6,2,392,35,84,,31/64 (48%),5/27 (19%),57%,11,39/68 (57%),20/35 (57%),5/14 (36%),62%,21,8,,15,,2,,,,,4
10406024,24,42402,NORMAL,REGULAR,Round 25,LEAGUE,95,Oxford United,Local,1ST,01/01/2023,25,0,70%,0.00,0,13,0,4,,283,7,6,0,,2,1,2,9,7,6,0,0,,,3,1,239,17,40,,19/26 (73%),1/13 (8%),55%,5,18/31 (58%),8/16 (50%),5/11 (45%),57%,7,3,,8,,0,,,,,2
10406024,24,42402,NORMAL,REGULAR,Round 25,LEAGUE,95,Oxford United,Local,2ND,01/01/2023,25,0,60%,0.00,0,7,2,7,,216,14,7,1,,3,0,3,1,3,4,0,0,,,3,1,153,18,44,,12/38 (32%),4/14 (29%),59%,6,21/37 (57%),12/19 (63%),0/3 (0%),64%,14,5,,7,,2,,,,,2
10406024,24,42402,NORMAL,REGULAR,Round 25,LEAGUE,86,Exeter City,Visita,ALL,01/01/2023,25,1,35%,0.00,3,9,5,4,15,270,20,4,4,,4,1,1,4,8,1,1,2,,,0,3,163,23,49,,15/62 (24%),1/9 (11%),43%,6,29/68 (43%),15/35 (43%),5/20 (25%),60%,20,7,,38,,5,,,,,9
10406024,24,42402,NORMAL,REGULAR,Round 25,LEAGUE,86,Exeter City,Visita,1ST,01/01/2023,25,0,30%,0.00,0,2,2,2,,122,11,0,0,,0,0,1,1,2,0,0,0,,,0,1,72,9,15,,3/29 (10%),0/3 (0%),45%,2,13/31 (42%),8/16 (50%),2/7 (29%),64%,11,2,,17,,2,,,,,4
10406024,24,42402,NORMAL,REGULAR,Round 25,LEAGUE,86,Exeter City,Visita,2ND,01/01/2023,25,1,40%,0.00,3,7,3,2,,148,9,4,4,,4,1,0,3,6,1,1,2,,,0,2,91,14,34,,12/33 (36%),1/6 (17%),41%,4,16/37 (43%),7/19 (37%),3/13 (23%),56%,9,5,,21,,3,,,,,5
10909919,19,41913,NORMAL,REGULAR,Round 3,CUP,95,Oxford United,Local,ALL,09/01/2023,3,0,36%,0.00,0,7,0,2,9,275,13,6,1,,3,0,1,3,4,3,0,,1,,1,4,195,19,41,,14/51 (27%),1/10 (10%),47%,7,25/52 (48%),17/38 (45%),6/13 (46%),69%,13,9,,24,,0,,,,,7
10909919,19,41913,NORMAL,REGULAR,Round 3,CUP,95,Oxford United,Local,1ST,09/01/2023,3,0,36%,0.00,0,2,0,0,,153,7,3,0,,0,0,0,2,1,1,0,,0,,0,4,110,7,22,,10/31 (32%),0/3 (0%),50%,1,12/22 (55%),11/24 (46%),2/5 (40%),57%,7,5,,17,,0,,,,,5
10909919,19,41913,NORMAL,REGULAR,Round 3,CUP,95,Oxford United,Local,2ND,09/01/2023,3,0,36%,0.00,0,5,0,2,,122,6,3,1,,3,0,1,1,3,2,0,,1,,1,0,85,12,19,,4/20 (20%),1/7 (14%),43%,6,13/30 (43%),6/14 (43%),4/8 (50%),83%,6,4,,7,,0,,,,,2
10909919,19,41913,NORMAL,REGULAR,Round 3,CUP,42,Arsenal,Visita,ALL,09/01/2023,3,3,64%,0.00,3,11,3,9,7,482,14,9,0,,4,0,3,4,9,2,3,,2,,1,2,397,21,47,,28/52 (54%),7/20 (35%),53%,4,27/52 (52%),21/38 (55%),4/13 (31%),50%,14,4,,13,,3,,,,,5
10909919,19,41913,NORMAL,REGULAR,Round 3,CUP,42,Arsenal,Visita,1ST,09/01/2023,3,0,64%,0.00,0,2,0,3,,266,4,4,0,,0,0,1,1,2,0,0,,0,,0,1,215,14,24,,14/28 (50%),3/11 (27%),50%,2,10/22 (45%),13/24 (54%),2/7 (29%),25%,4,2,,5,,0,,,,,1
10909919,19,41913,NORMAL,REGULAR,Round 3,CUP,42,Arsenal,Visita,2ND,09/01/2023,3,3,64%,0.00,3,9,3,6,,216,10,5,0,,4,0,2,3,7,2,3,,2,,1,1,182,7,23,,14/24 (58%),4/9 (44%),57%,2,17/30 (57%),8/14 (57%),2/6 (33%),60%,10,2,,8,,3,,,,,4
10406094,24,42402,NORMAL,REGULAR,Round 27,LEAGUE,23959,Fleetwood Town,Local,ALL,14/01/2023,27,1,45%,0.00,3,18,0,10,15,304,19,12,1,,5,0,6,7,13,5,0,3,1,,3,4,204,30,48,,27/69 (39%),9/20 (45%),51%,8,38/79 (48%),14/22 (64%),7/17 (41%),68%,19,8,,20,,0,,,,,10
10406094,24,42402,NORMAL,REGULAR,Round 27,LEAGUE,23959,Fleetwood Town,Local,1ST,14/01/2023,27,1,42%,0.00,2,14,0,4,,156,10,4,0,,4,0,5,5,9,5,0,2,0,,1,2,105,20,24,,10/34 (29%),6/12 (50%),56%,2,16/32 (50%),8/11 (73%),2/6 (33%),60%,10,3,,6,,0,,,,,3
10406094,24,42402,NORMAL,REGULAR,Round 27,LEAGUE,23959,Fleetwood Town,Local,2ND,14/01/2023,27,0,48%,0.00,1,4,0,6,,148,9,8,1,,1,0,1,2,4,0,0,1,1,,2,2,99,10,24,,17/35 (49%),3/8 (38%),48%,6,22/47 (47%),6/11 (55%),5/11 (45%),78%,9,5,,14,,0,,,,,7
10406094,24,42402,NORMAL,REGULAR,Round 27,LEAGUE,95,Oxford United,Visita,ALL,14/01/2023,27,2,55%,0.00,1,13,5,3,12,381,18,15,3,,2,0,3,8,8,5,1,0,0,,1,2,314,22,64,,23/54 (43%),2/13 (15%),49%,9,41/79 (52%),8/22 (36%),8/18 (44%),56%,18,4,,23,,5,,,,,8
10406094,24,42402,NORMAL,REGULAR,Round 27,LEAGUE,95,Oxford United,Visita,1ST,14/01/2023,27,0,58%,0.00,0,4,4,0,,221,6,7,0,,0,0,2,2,2,2,0,0,0,,0,2,184,10,36,,14/33 (42%),1/6 (17%),44%,3,16/32 (50%),3/11 (27%),3/10 (30%),33%,6,3,,6,,4,,,,,6
10406094,24,42402,NORMAL,REGULAR,Round 27,LEAGUE,95,Oxford United,Visita,2ND,14/01/2023,27,2,52%,0.00,1,9,1,3,,160,12,8,3,,2,0,1,6,6,3,1,0,0,,1,0,130,12,28,,9/21 (43%),1/7 (14%),52%,6,25/47 (53%),5/11 (45%),5/8 (63%),67%,12,1,,17,,1,,,,,2
10406277,24,42402,NORMAL,REGULAR,Round 28,LEAGUE,95,Oxford United,Local,ALL,21/01/2023,28,2,42%,0.00,1,13,5,3,9,267,15,20,0,,5,0,7,1,8,5,1,0,,,6,3,150,36,74,,26/77 (34%),3/14 (21%),51%,8,41/62 (66%),7/32 (22%),6/11 (55%),20%,15,5,,13,,5,,,,,10
10406277,24,42402,NORMAL,REGULAR,Round 28,LEAGUE,95,Oxford United,Local,1ST,21/01/2023,28,1,43%,0.00,1,7,3,0,,153,9,10,0,,3,0,4,0,5,2,1,0,,,3,1,94,20,39,,16/40 (40%),1/5 (20%),48%,5,21/33 (64%),5/21 (24%),2/5 (40%),22%,9,4,,5,,3,,,,,6
10406277,24,42402,NORMAL,REGULAR,Round 28,LEAGUE,95,Oxford United,Local,2ND,21/01/2023,28,1,40%,0.00,0,6,2,3,,114,6,10,0,,2,0,3,1,3,3,0,0,,,3,2,56,16,35,,10/37 (27%),2/9 (22%),55%,3,20/29 (69%),2/11 (18%),4/6 (67%),17%,6,1,,8,,2,,,,,4
10406277,24,42402,NORMAL,REGULAR,Round 28,LEAGUE,32,Ipswich Town,Visita,ALL,21/01/2023,28,1,58%,0.00,7,17,3,5,22,370,13,7,1,,6,2,7,4,15,2,1,6,,,1,1,247,20,60,,27/71 (38%),6/17 (35%),49%,9,21/62 (34%),25/32 (78%),1/7 (14%),69%,13,4,,18,,3,,,,,9
10406277,24,42402,NORMAL,REGULAR,Round 28,LEAGUE,32,Ipswich Town,Visita,1ST,21/01/2023,28,1,57%,0.00,3,7,2,2,,203,8,3,0,,4,1,2,1,6,1,1,2,,,0,1,139,7,29,,15/37 (41%),3/8 (38%),52%,4,12/33 (36%),16/21 (76%),1/6 (17%),63%,8,2,,10,,2,,,,,4
10406277,24,42402,NORMAL,REGULAR,Round 28,LEAGUE,32,Ipswich Town,Visita,2ND,21/01/2023,28,0,60%,0.00,4,10,1,3,,167,5,4,1,,2,1,5,3,9,1,0,4,,,1,0,108,13,31,,12/34 (35%),3/9 (33%),45%,5,9/29 (31%),9/11 (82%),0/1 (0%),80%,5,2,,8,,1,,,,,5
10406083,24,42402,NORMAL,REGULAR,Round 26,LEAGUE,62,Wycombe Wanderers,Local,ALL,24/01/2023,26,2,40%,0.00,1,11,2,2,15,309,20,9,2,,5,0,5,1,7,4,1,,0,,0,4,185,20,76,,30/93 (32%),4/14 (29%),44%,10,31/72 (43%),23/51 (45%),2/10 (20%),80%,20,19,,29,,2,,,,,11
10406083,24,42402,NORMAL,REGULAR,Round 26,LEAGUE,62,Wycombe Wanderers,Local,1ST,24/01/2023,26,2,41%,0.00,1,6,1,1,,160,10,4,0,,3,0,2,1,5,1,1,,0,,0,1,96,13,39,,14/38 (37%),3/9 (33%),38%,6,14/38 (37%),10/26 (38%),0/2 (0%),80%,10,5,,11,,1,,,,,3
10406083,24,42402,NORMAL,REGULAR,Round 26,LEAGUE,62,Wycombe Wanderers,Local,2ND,24/01/2023,26,0,40%,0.00,0,5,1,1,,149,10,5,2,,2,0,3,0,2,3,0,,0,,0,3,89,7,37,,16/55 (29%),1/5 (20%),51%,4,17/34 (50%),13/25 (52%),2/8 (25%),80%,10,14,,18,,1,,,,,8
10406083,24,42402,NORMAL,REGULAR,Round 26,LEAGUE,95,Oxford United,Visita,ALL,24/01/2023,26,0,60%,0.00,0,19,3,10,9,454,18,14,1,,2,0,7,10,15,4,0,,2,,3,2,333,36,70,,31/80 (39%),5/21 (24%),56%,13,41/72 (57%),28/51 (55%),9/16 (56%),56%,18,4,,14,,3,,,,,5
10406083,24,42402,NORMAL,REGULAR,Round 26,LEAGUE,95,Oxford United,Visita,1ST,24/01/2023,26,0,59%,0.00,0,8,1,5,,235,8,10,1,,1,0,3,4,6,2,0,,1,,2,1,175,15,34,,19/42 (45%),3/10 (30%),62%,7,24/38 (63%),16/26 (62%),6/9 (67%),63%,8,3,,8,,1,,,,,3
10406083,24,42402,NORMAL,REGULAR,Round 26,LEAGUE,95,Oxford United,Visita,2ND,24/01/2023,26,0,60%,0.00,0,11,2,5,,219,10,4,0,,1,0,4,6,9,2,0,,1,,1,1,158,21,36,,12/38 (32%),2/11 (18%),49%,6,17/34 (50%),12/25 (48%),3/7 (43%),50%,10,1,,6,,2,,,,,2
10406302,24,42402,NORMAL,REGULAR,Round 29,LEAGUE,134,Burton Albion,Local,ALL,28/01/2023,29,2,44%,0.00,2,14,3,5,9,310,15,13,0,,5,1,8,1,10,4,,2,,,2,1,165,23,77,,21/81 (26%),4/19 (21%),55%,4,34/66 (52%),52/90 (58%),7/17 (41%),47%,15,3,,36,,3,,,,,10
10406302,24,42402,NORMAL,REGULAR,Round 29,LEAGUE,134,Burton Albion,Local,1ST,28/01/2023,29,1,46%,0.00,2,7,1,2,,157,4,5,0,,3,1,4,0,5,2,,2,,,2,1,95,13,47,,13/39 (33%),2/11 (18%),52%,2,12/26 (46%),24/43 (56%),3/6 (50%),50%,4,1,,17,,1,,,,,4
10406302,24,42402,NORMAL,REGULAR,Round 29,LEAGUE,134,Burton Albion,Local,2ND,28/01/2023,29,1,42%,0.00,0,7,2,3,,153,11,8,0,,2,0,4,1,5,2,,0,,,0,0,70,10,30,,8/42 (19%),2/8 (25%),57%,2,22/40 (55%),28/47 (60%),4/11 (36%),45%,11,2,,19,,2,,,,,6
10406302,24,42402,NORMAL,REGULAR,Round 29,LEAGUE,95,Oxford United,Visita,ALL,28/01/2023,29,0,56%,0.00,2,13,4,8,13,385,14,8,1,,3,0,5,5,9,4,,2,,,2,0,233,31,85,,44/105 (42%),10/26 (38%),45%,7,32/66 (48%),38/90 (42%),10/18 (56%),71%,14,8,,12,,4,,,,,11
10406302,24,42402,NORMAL,REGULAR,Round 29,LEAGUE,95,Oxford United,Visita,1ST,28/01/2023,29,0,54%,0.00,1,6,3,4,,176,5,6,0,,1,0,2,3,6,0,,1,,,0,0,107,15,32,,20/50 (40%),6/14 (43%),48%,1,14/26 (54%),19/43 (44%),3/6 (50%),80%,5,6,,7,,3,,,,,5
10406302,24,42402,NORMAL,REGULAR,Round 29,LEAGUE,95,Oxford United,Visita,2ND,28/01/2023,29,0,58%,0.00,1,7,1,4,,209,9,2,1,,2,0,3,2,3,4,,1,,,2,0,126,16,53,,24/55 (44%),4/12 (33%),43%,6,18/40 (45%),19/47 (40%),7/12 (58%),67%,9,2,,5,,1,,,,,6
10961971,24,42402,NORMAL,REGULAR,Round 21,LEAGUE,95,Oxford United,Local,ALL,01/02/2023,21,1,53%,0.00,3,17,2,10,12,343,20,11,0,,2,1,8,7,10,7,1,2,,,2,2,203,34,84,,35/100 (35%),4/19 (21%),55%,9,39/69 (57%),26/49 (53%),8/16 (50%),65%,20,5,,22,,2,,,,,7
10961971,24,42402,NORMAL,REGULAR,Round 21,LEAGUE,95,Oxford United,Local,1ST,01/02/2023,21,0,54%,0.00,0,6,1,5,,176,11,5,0,,0,0,4,2,4,2,0,0,,,0,0,113,17,26,,16/47 (34%),0/7 (0%),57%,4,20/34 (59%),10/19 (53%),4/8 (50%),36%,11,1,,17,,1,,,,,5
10961971,24,42402,NORMAL,REGULAR,Round 21,LEAGUE,95,Oxford United,Local,2ND,01/02/2023,21,1,52%,0.00,3,11,1,5,,167,9,6,0,,2,1,4,5,6,5,1,2,,,2,2,90,17,58,,19/53 (36%),4/12 (33%),54%,5,19/35 (54%),16/30 (53%),4/8 (50%),100%,9,4,,5,,1,,,,,2
10961971,24,42402,NORMAL,REGULAR,Round 21,LEAGUE,23,Barnsley,Visita,ALL,01/02/2023,21,2,47%,0.00,2,9,1,5,11,314,17,12,4,,5,0,2,2,8,1,1,1,,,1,1,176,27,83,,16/84 (19%),4/16 (25%),45%,18,30/69 (43%),23/49 (47%),1/3 (33%),94%,17,9,,39,,1,,,,,13
10961971,24,42402,NORMAL,REGULAR,Round 21,LEAGUE,23,Barnsley,Visita,1ST,01/02/2023,21,1,46%,0.00,0,5,0,4,,151,8,5,0,,3,0,1,1,5,0,0,0,,,0,1,88,12,44,,9/37 (24%),2/12 (17%),43%,10,14/34 (41%),9/19 (47%),1/2 (50%),100%,8,7,,17,,0,,,,,5
10961971,24,42402,NORMAL,REGULAR,Round 21,LEAGUE,23,Barnsley,Visita,2ND,01/02/2023,21,1,48%,0.00,2,4,1,1,,163,9,7,4,,2,0,1,1,3,1,1,1,,,1,0,88,15,39,,7/47 (15%),2/4 (50%),46%,8,16/35 (46%),14/30 (47%),0/1 (0%),89%,9,2,,22,,1,,,,,8
10406314,24,42402,NORMAL,REGULAR,Round 30,LEAGUE,95,Oxford United,Local,ALL,04/02/2023,30,0,58%,0.00,0,19,2,8,13,379,16,15,2,,5,1,6,8,12,7,0,,,,4,2,233,26,77,,27/86 (31%),6/23 (26%),51%,10,41/77 (53%),34/70 (49%),10/19 (53%),56%,16,10,,14,,2,,,,,8
10406314,24,42402,NORMAL,REGULAR,Round 30,LEAGUE,95,Oxford United,Local,1ST,04/02/2023,30,0,57%,0.00,0,10,1,4,,173,7,9,0,,2,1,3,5,7,3,0,,,,2,1,99,12,37,,8/38 (21%),5/7 (71%),52%,5,21/39 (54%),19/38 (50%),5/10 (50%),43%,7,4,,7,,1,,,,,5
10406314,24,42402,NORMAL,REGULAR,Round 30,LEAGUE,95,Oxford United,Local,2ND,04/02/2023,30,0,58%,0.00,0,9,1,4,,206,9,6,2,,3,0,3,3,5,4,0,,,,2,1,134,14,40,,19/48 (40%),1/16 (6%),50%,5,20/38 (53%),15/32 (47%),5/9 (56%),67%,9,6,,7,,1,,,,,3
10406314,24,42402,NORMAL,REGULAR,Round 30,LEAGUE,82,Shrewsbury Town,Visita,ALL,04/02/2023,30,1,42%,0.00,1,9,5,1,17,292,19,13,3,,3,0,4,2,4,5,1,,,,3,0,152,27,68,,25/82 (30%),1/6 (17%),49%,14,36/77 (47%),36/70 (51%),5/7 (71%),68%,19,10,,42,,5,,,,,8
10406314,24,42402,NORMAL,REGULAR,Round 30,LEAGUE,82,Shrewsbury Town,Visita,1ST,04/02/2023,30,0,43%,0.00,0,3,2,0,,136,10,7,1,,1,0,2,0,1,2,0,,,,1,0,69,18,36,,12/41 (29%),0/1 (0%),48%,6,18/39 (46%),19/38 (50%),2/3 (67%),80%,10,6,,17,,2,,,,,3
10406314,24,42402,NORMAL,REGULAR,Round 30,LEAGUE,82,Shrewsbury Town,Visita,2ND,04/02/2023,30,1,42%,0.00,1,6,3,1,,156,9,6,2,,2,0,2,2,3,3,1,,,,2,0,83,9,32,,13/41 (32%),1/5 (20%),50%,8,18/38 (47%),17/32 (53%),3/4 (75%),56%,9,4,,25,,3,,,,,5
10407511,24,42402,NORMAL,REGULAR,Round 31,LEAGUE,4,Milton Keynes Dons,Local,ALL,11/02/2023,31,1,52%,0.00,1,9,4,1,6,450,19,10,1,,3,0,4,2,6,3,,1,,,0,1,321,27,67,,20/78 (26%),1/10 (10%),50%,8,42/73 (58%),13/38 (34%),13/19 (68%),68%,19,8,,19,,4,,,,,11
10407511,24,42402,NORMAL,REGULAR,Round 31,LEAGUE,4,Milton Keynes Dons,Local,1ST,11/02/2023,31,1,57%,0.00,1,7,1,0,,270,4,6,0,,2,0,3,2,5,2,,1,,,0,1,220,10,34,,13/38 (34%),0/5 (0%),47%,1,17/27 (63%),1/11 (9%),7/10 (70%),50%,4,4,,9,,1,,,,,5
10407511,24,42402,NORMAL,REGULAR,Round 31,LEAGUE,4,Milton Keynes Dons,Local,2ND,11/02/2023,31,0,46%,0.00,0,2,3,1,,180,15,4,1,,1,0,1,0,1,1,,0,,,0,0,101,17,33,,7/40 (18%),1/5 (20%),51%,7,25/46 (54%),12/27 (44%),6/9 (67%),73%,15,4,,10,,3,,,,,6
10407511,24,42402,NORMAL,REGULAR,Round 31,LEAGUE,95,Oxford United,Visita,ALL,11/02/2023,31,1,48%,0.00,0,15,2,6,10,399,14,5,2,,5,0,7,3,8,7,,0,,,2,1,272,20,75,,16/58 (28%),7/21 (33%),50%,13,31/73 (42%),25/38 (66%),12/18 (67%),43%,14,8,,12,,2,,,,,11
10407511,24,42402,NORMAL,REGULAR,Round 31,LEAGUE,95,Oxford United,Visita,1ST,11/02/2023,31,0,43%,0.00,0,4,1,2,,191,4,2,1,,1,0,1,2,2,2,,0,,,0,0,142,10,31,,6/24 (25%),3/11 (27%),53%,3,10/27 (37%),10/11 (91%),4/5 (80%),25%,4,2,,5,,1,,,,,8
10407511,24,42402,NORMAL,REGULAR,Round 31,LEAGUE,95,Oxford United,Visita,2ND,11/02/2023,31,1,54%,0.00,0,11,1,4,,208,10,3,1,,4,0,6,1,6,5,,0,,,2,1,130,10,44,,10/34 (29%),4/10 (40%),49%,10,21/46 (46%),15/27 (56%),8/13 (62%),50%,10,6,,7,,1,,,,,3
10406864,24,42402,NORMAL,REGULAR,Round 32,LEAGUE,95,Oxford United,Local,ALL,14/02/2023,32,1,46%,0.00,0,10,4,6,17,315,12,14,3,,4,0,4,2,7,3,0,0,0,,2,1,188,31,72,,29/74 (39%),4/14 (29%),45%,8,34/74 (46%),19/44 (43%),8/17 (47%),25%,12,10,,17,,4,,,,,5
10406864,24,42402,NORMAL,REGULAR,Round 32,LEAGUE,95,Oxford United,Local,1ST,14/02/2023,32,1,43%,0.00,0,6,3,2,,153,8,6,0,,3,0,1,2,4,2,0,0,0,,1,0,101,18,39,,16/31 (52%),2/5 (40%),44%,6,19/46 (41%),9/18 (50%),5/14 (36%),38%,8,4,,8,,3,,,,,4
10406864,24,42402,NORMAL,REGULAR,Round 32,LEAGUE,95,Oxford United,Local,2ND,14/02/2023,32,0,49%,0.00,0,4,1,4,,162,4,8,3,,1,0,3,0,3,1,0,0,0,,1,1,87,13,33,,13/43 (30%),2/9 (22%),46%,2,15/28 (54%),10/26 (38%),3/3 (100%),0%,4,6,,9,,1,,,,,1
10406864,24,42402,NORMAL,REGULAR,Round 32,LEAGUE,71,Plymouth Argyle,Visita,ALL,14/02/2023,32,3,54%,0.00,3,13,3,7,14,371,17,16,5,,6,0,4,3,10,3,2,1,1,,1,1,217,26,77,,22/83 (27%),3/13 (23%),55%,7,40/74 (54%),25/44 (57%),7/12 (58%),59%,17,11,,12,,3,,,,,8
10406864,24,42402,NORMAL,REGULAR,Round 32,LEAGUE,71,Plymouth Argyle,Visita,1ST,14/02/2023,32,1,57%,0.00,2,7,2,5,,201,15,8,2,,3,0,2,2,6,1,1,1,1,,0,0,126,10,36,,9/39 (23%),3/9 (33%),56%,4,27/46 (59%),9/18 (50%),4/8 (50%),60%,15,9,,6,,2,,,,,4
10406864,24,42402,NORMAL,REGULAR,Round 32,LEAGUE,71,Plymouth Argyle,Visita,2ND,14/02/2023,32,2,51%,0.00,1,6,1,2,,170,2,8,3,,3,0,2,1,4,2,1,0,0,,1,1,91,16,41,,13/44 (30%),0/4 (0%),54%,3,13/28 (46%),16/26 (62%),3/4 (75%),50%,2,2,,6,,1,,,,,4
10406807,24,42402,NORMAL,REGULAR,Round 33,LEAGUE,63,Cambridge United,Local,ALL,18/02/2023,33,1,42%,0.00,,7,3,6,14,300,16,12,3,,3,0,2,2,5,2,,,0,,2,1,178,29,83,,30/82 (37%),2/19 (11%),54%,10,33/69 (48%),31/50 (62%),5/11 (45%),63%,16,10,,28,,3,,,,,11
10406807,24,42402,NORMAL,REGULAR,Round 33,LEAGUE,63,Cambridge United,Local,1ST,18/02/2023,33,1,49%,0.00,,5,0,2,,192,7,6,0,,3,0,1,1,4,1,,,0,,2,1,123,16,49,,17/44 (39%),1/9 (11%),57%,7,17/36 (47%),17/24 (71%),4/7 (57%),57%,7,4,,9,,0,,,,,6
10406807,24,42402,NORMAL,REGULAR,Round 33,LEAGUE,63,Cambridge United,Local,2ND,18/02/2023,33,0,34%,0.00,,2,3,4,,108,9,6,3,,0,0,1,1,1,1,,,0,,0,0,55,13,34,,13/38 (34%),1/10 (10%),51%,3,16/33 (48%),14/26 (54%),1/4 (25%),67%,9,6,,19,,3,,,,,5
10406807,24,42402,NORMAL,REGULAR,Round 33,LEAGUE,95,Oxford United,Visita,ALL,18/02/2023,33,0,58%,0.00,,10,2,8,12,404,16,12,1,,3,0,2,5,1,9,,,1,,4,3,289,24,65,,27/70 (39%),3/27 (11%),46%,10,36/69 (52%),19/50 (38%),8/14 (57%),69%,16,9,,20,,2,,,,,10
10406807,24,42402,NORMAL,REGULAR,Round 33,LEAGUE,95,Oxford United,Visita,1ST,18/02/2023,33,0,51%,0.00,,1,2,1,,197,10,6,1,,0,0,0,1,0,1,,,0,,1,3,136,15,34,,12/39 (31%),0/10 (0%),43%,6,19/36 (53%),7/24 (29%),3/4 (75%),60%,10,5,,13,,2,,,,,2
10406807,24,42402,NORMAL,REGULAR,Round 33,LEAGUE,95,Oxford United,Visita,2ND,18/02/2023,33,0,66%,0.00,,9,0,7,,207,6,6,0,,3,0,2,4,1,8,,,1,,3,0,153,9,31,,15/31 (48%),3/17 (18%),49%,4,17/33 (52%),12/26 (46%),5/10 (50%),83%,6,4,,7,,0,,,,,8
10406939,24,42402,NORMAL,REGULAR,Round 34,LEAGUE,95,Oxford United,Local,ALL,25/02/2023,34,0,55%,0.00,1,14,1,6,16,363,20,10,2,,2,0,6,6,7,7,0,1,,,4,2,259,21,76,,19/58 (33%),3/23 (13%),50%,11,35/67 (52%),12/27 (44%),5/9 (56%),70%,20,8,,12,,1,,,,,5
10406939,24,42402,NORMAL,REGULAR,Round 34,LEAGUE,95,Oxford United,Local,1ST,25/02/2023,34,0,43%,0.00,1,3,1,4,,150,13,5,1,,1,0,2,0,2,1,0,1,,,2,2,96,7,38,,8/31 (26%),1/12 (8%),52%,5,20/35 (57%),6/15 (40%),2/2 (100%),62%,13,5,,6,,1,,,,,2
10406939,24,42402,NORMAL,REGULAR,Round 34,LEAGUE,95,Oxford United,Local,2ND,25/02/2023,34,0,68%,0.00,0,11,0,2,,213,7,5,1,,1,0,4,6,5,6,0,0,,,2,0,163,14,38,,11/27 (41%),2/11 (18%),48%,6,15/32 (47%),6/12 (50%),3/7 (43%),86%,7,3,,6,,0,,,,,3
10406939,24,42402,NORMAL,REGULAR,Round 34,LEAGUE,76,Bristol Rovers,Visita,ALL,25/02/2023,34,3,45%,0.00,2,5,2,5,11,307,15,16,2,,4,0,0,1,5,0,2,0,,,3,1,194,22,50,,16/60 (27%),2/10 (20%),50%,10,32/67 (48%),15/27 (56%),3/13 (23%),87%,15,7,,18,,2,,,,,12
10406939,24,42402,NORMAL,REGULAR,Round 34,LEAGUE,76,Bristol Rovers,Visita,1ST,25/02/2023,34,2,57%,0.00,2,4,1,1,,209,5,10,1,,3,0,0,1,4,0,2,0,,,2,0,148,15,32,,10/33 (30%),0/3 (0%),48%,7,15/35 (43%),9/15 (60%),1/7 (14%),80%,5,1,,4,,1,,,,,4
10406939,24,42402,NORMAL,REGULAR,Round 34,LEAGUE,76,Bristol Rovers,Visita,2ND,25/02/2023,34,1,32%,0.00,0,1,1,4,,98,10,6,1,,1,0,0,0,1,0,0,0,,,1,1,46,7,18,,6/27 (22%),2/7 (29%),52%,3,17/32 (53%),6/12 (50%),2/6 (33%),90%,10,6,,14,,1,,,,,8
10406922,24,42402,NORMAL,REGULAR,Round 35,LEAGUE,92,Lincoln City,Local,ALL,04/03/2023,35,1,35%,0.00,1,8,4,1,8,285,14,11,0,,4,0,2,2,4,4,1,0,,,2,2,173,21,63,,22/83 (27%),1/13 (8%),53%,6,30/57 (53%),25/47 (53%),6/8 (75%),71%,14,10,,33,,4,,,,,9
10406922,24,42402,NORMAL,REGULAR,Round 35,LEAGUE,92,Lincoln City,Local,1ST,04/03/2023,35,1,39%,0.00,1,6,0,1,,169,9,7,0,,3,0,2,1,4,2,1,0,,,1,2,107,11,36,,12/43 (28%),1/6 (17%),56%,4,20/33 (61%),14/28 (50%),5/5 (100%),78%,9,4,,12,,0,,,,,3
10406922,24,42402,NORMAL,REGULAR,Round 35,LEAGUE,92,Lincoln City,Local,2ND,04/03/2023,35,0,31%,0.00,0,2,4,0,,116,5,4,0,,1,0,0,1,0,2,0,0,,,1,0,66,10,27,,10/40 (25%),0/7 (0%),49%,2,10/24 (42%),11/19 (58%),1/3 (33%),60%,5,6,,21,,4,,,,,6
10406922,24,42402,NORMAL,REGULAR,Round 35,LEAGUE,95,Oxford United,Visita,ALL,04/03/2023,35,0,65%,0.00,1,18,3,15,11,515,8,7,2,,6,0,8,4,12,6,0,1,,,2,0,401,41,91,,35/79 (44%),9/40 (23%),47%,10,27/57 (47%),22/47 (47%),12/16 (75%),25%,8,9,,15,,3,,,,,2
10406922,24,42402,NORMAL,REGULAR,Round 35,LEAGUE,95,Oxford United,Visita,1ST,04/03/2023,35,0,61%,0.00,0,5,2,5,,260,4,2,1,,2,0,1,2,3,2,0,0,,,0,0,198,21,46,,16/41 (39%),2/15 (13%),44%,8,13/33 (39%),14/28 (50%),7/8 (88%),25%,4,3,,9,,2,,,,,2
10406922,24,42402,NORMAL,REGULAR,Round 35,LEAGUE,95,Oxford United,Visita,2ND,04/03/2023,35,0,69%,0.00,1,13,1,10,,255,4,5,1,,4,0,7,2,9,4,0,1,,,2,0,203,20,45,,19/38 (50%),7/25 (28%),51%,2,14/24 (58%),8/19 (42%),5/8 (63%),25%,4,6,,6,,1,,,,,0
10407029,24,42402,NORMAL,REGULAR,Round 36,LEAGUE,95,Oxford United,Local,ALL,11/03/2023,36,2,65%,0.00,3,13,2,11,11,447,17,11,2,,8,0,2,3,6,7,,3,,,7,0,320,37,86,,31/78 (40%),3/31 (10%),49%,14,34/71 (48%),23/46 (50%),8/18 (44%),76%,17,5,,19,,2,,,,,4
10407029,24,42402,NORMAL,REGULAR,Round 36,LEAGUE,95,Oxford United,Local,1ST,11/03/2023,36,1,57%,0.00,1,4,2,5,,170,8,5,2,,2,0,1,1,2,2,,1,,,3,0,109,21,33,,10/31 (32%),1/9 (11%),46%,8,15/37 (41%),14/26 (54%),3/8 (38%),75%,8,3,,11,,2,,,,,3
10407029,24,42402,NORMAL,REGULAR,Round 36,LEAGUE,95,Oxford United,Local,2ND,11/03/2023,36,1,71%,0.00,2,9,0,6,,277,9,6,0,,6,0,1,2,4,5,,2,,,4,0,211,16,53,,21/47 (45%),2/22 (9%),52%,6,19/34 (56%),9/20 (45%),5/10 (50%),78%,9,2,,8,,0,,,,,1
10407029,24,42402,NORMAL,REGULAR,Round 36,LEAGUE,27,Derby County,Visita,ALL,11/03/2023,36,3,35%,0.00,0,8,6,2,11,242,24,11,1,,4,0,3,1,5,3,,0,,,4,2,125,26,78,,18/72 (25%),4/17 (24%),51%,12,37/71 (52%),23/46 (50%),3/8 (38%),71%,24,6,,37,,6,,,,,4
10407029,24,42402,NORMAL,REGULAR,Round 36,LEAGUE,27,Derby County,Visita,1ST,11/03/2023,36,2,43%,0.00,0,7,1,1,,126,13,8,0,,4,0,2,1,4,3,,0,,,3,0,68,14,38,,7/31 (23%),3/10 (30%),54%,5,22/37 (59%),12/26 (46%),2/5 (40%),69%,13,2,,13,,1,,,,,2
10407029,24,42402,NORMAL,REGULAR,Round 36,LEAGUE,27,Derby County,Visita,2ND,11/03/2023,36,1,29%,0.00,0,1,5,1,,116,11,3,1,,0,0,1,0,1,0,,0,,,1,2,57,12,40,,11/41 (27%),1/7 (14%),48%,7,15/34 (44%),11/20 (55%),1/3 (33%),73%,11,4,,24,,5,,,,,2
10407034,24,42402,NORMAL,REGULAR,Round 37,LEAGUE,81,Morecambe,Local,ALL,18/03/2023,37,1,50%,0.00,0,5,3,1,13,412,20,13,3,,2,0,1,2,3,2,0,,,,1,3,287,33,93,,32/77 (42%),0/10 (0%),51%,15,37/70 (53%),22/45 (49%),4/7 (57%),65%,20,2,,8,,3,,,,,5
10407034,24,42402,NORMAL,REGULAR,Round 37,LEAGUE,81,Morecambe,Local,1ST,18/03/2023,37,0,42%,0.00,0,3,2,0,,182,13,7,1,,1,0,1,1,1,2,0,,,,1,2,132,16,30,,12/31 (39%),0/4 (0%),52%,9,20/37 (54%),7/15 (47%),0/1 (0%),62%,13,1,,5,,2,,,,,2
10407034,24,42402,NORMAL,REGULAR,Round 37,LEAGUE,81,Morecambe,Local,2ND,18/03/2023,37,1,59%,0.00,0,2,1,1,,230,7,6,2,,1,0,0,1,2,0,0,,,,0,1,155,17,63,,20/46 (43%),0/6 (0%),51%,6,17/33 (52%),15/30 (50%),4/6 (67%),71%,7,1,,3,,1,,,,,3
10407034,24,42402,NORMAL,REGULAR,Round 37,LEAGUE,95,Oxford United,Visita,ALL,18/03/2023,37,1,50%,0.00,1,9,1,1,14,412,18,13,1,,5,0,4,0,3,6,1,,,,2,0,303,35,61,,29/64 (45%),3/9 (33%),49%,14,33/70 (47%),23/45 (51%),3/9 (33%),56%,18,2,,12,,1,,,,,3
10407034,24,42402,NORMAL,REGULAR,Round 37,LEAGUE,95,Oxford United,Visita,1ST,18/03/2023,37,1,58%,0.00,1,6,1,1,,250,10,5,1,,4,0,2,0,2,4,1,,,,2,0,210,10,30,,14/26 (54%),2/5 (40%),48%,9,17/37 (46%),8/15 (53%),2/6 (33%),70%,10,1,,6,,1,,,,,2
10407034,24,42402,NORMAL,REGULAR,Round 37,LEAGUE,95,Oxford United,Visita,2ND,18/03/2023,37,0,41%,0.00,0,3,0,0,,162,8,8,0,,1,0,2,0,1,2,0,,,,0,0,93,25,31,,15/38 (39%),1/4 (25%),49%,5,16/33 (48%),15/30 (50%),1/3 (33%),38%,8,1,,6,,0,,,,,1
10406645,24,42402,NORMAL,REGULAR,Round 39,LEAGUE,54,Peterborough United,Local,ALL,01/04/2023,39,0,66%,0.00,0,10,1,7,11,553,16,10,0,,3,0,4,3,4,6,,0,,,2,3,452,38,65,,31/65 (48%),8/31 (26%),55%,6,41/71 (58%),20/40 (50%),15/23 (65%),50%,16,8,,4,,1,,,,,3
10406645,24,42402,NORMAL,REGULAR,Round 39,LEAGUE,54,Peterborough United,Local,1ST,01/04/2023,39,0,60%,0.00,0,6,1,2,,279,7,5,0,,2,0,2,2,3,3,,0,,,1,1,239,17,23,,16/31 (52%),4/9 (44%),57%,3,20/35 (57%),6/11 (55%),8/10 (80%),29%,7,5,,2,,1,,,,,3
10406645,24,42402,NORMAL,REGULAR,Round 39,LEAGUE,54,Peterborough United,Local,2ND,01/04/2023,39,0,73%,0.00,0,4,0,5,,274,9,5,0,,1,0,2,1,1,3,,0,,,1,2,213,21,42,,15/34 (44%),4/22 (18%),54%,3,21/36 (58%),14/29 (48%),7/13 (54%),67%,9,3,,2,,0,,,,,0
10406645,24,42402,NORMAL,REGULAR,Round 39,LEAGUE,95,Oxford United,Visita,ALL,01/04/2023,39,0,34%,0.00,1,3,3,1,11,285,14,10,1,,1,0,0,2,2,1,,1,,,1,2,193,26,53,,23/69 (33%),1/11 (9%),45%,6,30/71 (42%),20/40 (50%),6/16 (38%),64%,14,4,,37,,3,,,,,10
10406645,24,42402,NORMAL,REGULAR,Round 39,LEAGUE,95,Oxford United,Visita,1ST,01/04/2023,39,0,40%,0.00,1,2,2,0,,181,5,6,0,,1,0,0,1,1,1,,1,,,1,1,136,12,23,,14/34 (41%),1/7 (14%),43%,4,15/35 (43%),5/11 (45%),4/7 (57%),80%,5,3,,8,,2,,,,,5
10406645,24,42402,NORMAL,REGULAR,Round 39,LEAGUE,95,Oxford United,Visita,2ND,01/04/2023,39,0,27%,0.00,0,1,1,1,,104,9,4,1,,0,0,0,1,1,0,,0,,,0,1,57,14,30,,9/35 (26%),0/4 (0%),46%,2,15/36 (42%),15/29 (52%),2/9 (22%),56%,9,1,,29,,1,,,,,5
10405620,24,42402,NORMAL,REGULAR,Round 40,LEAGUE,95,Oxford United,Local,ALL,07/04/2023,40,1,60%,0.00,2,14,7,5,7,387,12,14,2,,7,0,4,3,9,5,1,1,1,,4,4,287,25,47,,21/67 (31%),3/15 (20%),50%,6,38/65 (58%),17/44 (39%),12/20 (60%),67%,12,7,,28,,7,,,,,4
10405620,24,42402,NORMAL,REGULAR,Round 40,LEAGUE,95,Oxford United,Local,1ST,07/04/2023,40,0,61%,0.00,1,3,4,2,,209,7,7,0,,2,0,1,0,2,1,0,1,0,,2,4,158,14,21,,7/32 (22%),1/6 (17%),52%,1,18/30 (60%),6/16 (38%),4/10 (40%),71%,7,5,,10,,4,,,,,2
10405620,24,42402,NORMAL,REGULAR,Round 40,LEAGUE,95,Oxford United,Local,2ND,07/04/2023,40,1,57%,0.00,1,11,3,3,,178,5,7,2,,5,0,3,3,7,4,1,0,1,,2,0,129,11,26,,14/35 (40%),2/9 (22%),49%,5,20/35 (57%),11/28 (39%),8/10 (80%),60%,5,2,,18,,3,,,,,2
10405620,24,42402,NORMAL,REGULAR,Round 40,LEAGUE,12,Sheffield Wednesday,Visita,ALL,07/04/2023,40,1,40%,0.00,1,11,6,6,14,248,14,7,2,,8,0,2,1,8,3,0,1,0,,0,3,152,29,61,,25/66 (38%),7/25 (28%),50%,5,27/65 (42%),27/44 (61%),7/14 (50%),43%,14,10,,15,,6,,,,,8
10405620,24,42402,NORMAL,REGULAR,Round 40,LEAGUE,12,Sheffield Wednesday,Visita,1ST,07/04/2023,40,1,39%,0.00,0,6,2,1,,127,7,4,2,,5,0,1,0,3,3,0,0,0,,0,2,78,13,31,,10/29 (34%),5/9 (56%),48%,3,12/30 (40%),10/16 (63%),2/6 (33%),57%,7,3,,6,,2,,,,,4
10405620,24,42402,NORMAL,REGULAR,Round 40,LEAGUE,12,Sheffield Wednesday,Visita,2ND,07/04/2023,40,0,43%,0.00,1,5,4,5,,121,7,3,0,,3,0,1,1,5,0,0,1,0,,0,1,74,16,30,,15/37 (41%),2/16 (13%),51%,2,15/35 (43%),17/28 (61%),5/8 (63%),29%,7,7,,9,,4,,,,,4
10405617,24,42402,NORMAL,REGULAR,Round 41,LEAGUE,55,Port Vale,Local,ALL,10/04/2023,41,0,43%,0.00,0,11,4,13,18,267,13,8,5,1,5,0,4,2,5,6,,0,,,1,0,167,23,70,,27/67 (40%),5/27 (19%),48%,4,25/59 (42%),33/63 (52%),4/13 (31%),54%,13,6,,22,,4,,,,,6
10405617,24,42402,NORMAL,REGULAR,Round 41,LEAGUE,55,Port Vale,Local,1ST,10/04/2023,41,0,37%,0.00,0,3,0,4,,117,4,3,3,0,0,0,1,2,2,1,,0,,,0,0,65,16,37,,8/30 (27%),1/9 (11%),42%,1,8/25 (32%),14/28 (50%),1/4 (25%),25%,4,4,,9,,0,,,,,2
10405617,24,42402,NORMAL,REGULAR,Round 41,LEAGUE,55,Port Vale,Local,2ND,10/04/2023,41,0,50%,0.00,0,8,4,9,,150,9,5,2,1,5,0,3,0,3,5,,0,,,1,0,102,7,33,,19/37 (51%),4/18 (22%),52%,3,17/34 (50%),19/35 (54%),3/9 (33%),67%,9,2,,13,,4,,,,,4
10405617,24,42402,NORMAL,REGULAR,Round 41,LEAGUE,95,Oxford United,Visita,ALL,10/04/2023,41,0,57%,0.00,1,10,5,7,8,360,13,17,2,0,4,1,2,4,5,5,,1,,,2,1,264,16,67,,21/60 (35%),4/23 (17%),52%,5,34/59 (58%),30/63 (48%),4/12 (33%),62%,13,7,,27,,5,,,,,11
10405617,24,42402,NORMAL,REGULAR,Round 41,LEAGUE,95,Oxford United,Visita,1ST,10/04/2023,41,0,63%,0.00,0,2,0,3,,205,4,11,0,0,0,0,1,1,1,1,,0,,,1,0,146,9,36,,9/34 (26%),1/8 (13%),58%,1,17/25 (68%),14/28 (50%),2/5 (40%),75%,4,2,,6,,0,,,,,6
10405617,24,42402,NORMAL,REGULAR,Round 41,LEAGUE,95,Oxford United,Visita,2ND,10/04/2023,41,0,50%,0.00,1,8,5,4,,155,9,6,2,0,4,1,1,3,4,4,,1,,,1,1,118,7,31,,12/26 (46%),3/15 (20%),48%,4,17/34 (50%),16/35 (46%),2/7 (29%),56%,9,5,,21,,5,,,,,5
10405954,24,42402,NORMAL,REGULAR,Round 42,LEAGUE,95,Oxford United,Local,ALL,15/04/2023,42,0,57%,0.00,1,24,1,7,13,483,9,13,2,,7,0,9,8,12,12,0,1,1,,6,0,392,21,68,,36/67 (54%),6/26 (23%),58%,4,29/56 (52%),17/23 (74%),7/16 (44%),44%,9,9,,5,,1,,,,,4
10405954,24,42402,NORMAL,REGULAR,Round 42,LEAGUE,95,Oxford United,Local,1ST,15/04/2023,42,0,46%,0.00,0,7,1,3,,187,6,6,1,,3,0,1,3,3,4,0,0,1,,4,0,135,11,23,,17/39 (44%),1/6 (17%),61%,3,14/26 (54%),11/15 (73%),2/4 (50%),33%,6,5,,5,,1,,,,,2
10405954,24,42402,NORMAL,REGULAR,Round 42,LEAGUE,95,Oxford United,Local,2ND,15/04/2023,42,0,65%,0.00,1,17,0,4,,296,3,7,1,,4,0,8,5,9,8,0,1,0,,2,0,257,10,45,,19/28 (68%),5/20 (25%),55%,1,15/30 (50%),6/8 (75%),5/12 (42%),67%,3,4,,0,,0,,,,,2
10405954,24,42402,NORMAL,REGULAR,Round 42,LEAGUE,5,Bolton Wanderers,Visita,ALL,15/04/2023,42,1,43%,0.00,1,4,7,0,13,381,13,12,5,,2,0,2,0,4,0,1,0,1,,0,2,280,18,55,,20/78 (26%),0/3 (0%),42%,4,27/56 (48%),6/23 (26%),2/7 (29%),62%,13,7,,16,,7,,,,,13
10405954,24,42402,NORMAL,REGULAR,Round 42,LEAGUE,5,Bolton Wanderers,Visita,1ST,15/04/2023,42,1,54%,0.00,1,3,3,0,,218,5,6,2,,2,0,1,0,3,0,1,0,0,,0,1,167,14,35,,13/40 (33%),0/3 (0%),39%,2,12/26 (46%),4/15 (27%),1/5 (20%),60%,5,4,,4,,3,,,,,4
10405954,24,42402,NORMAL,REGULAR,Round 42,LEAGUE,5,Bolton Wanderers,Visita,2ND,15/04/2023,42,0,35%,0.00,0,1,4,0,,163,8,6,3,,0,0,1,0,1,0,0,0,1,,0,1,113,4,20,,7/38 (18%),0/0 (0%),45%,2,15/30 (50%),2/8 (25%),1/2 (50%),63%,8,3,,12,,4,,,,,9
10405867,24,42402,NORMAL,REGULAR,Round 43,LEAGUE,95,Oxford United,Local,ALL,18/04/2023,43,1,40%,0.00,3,21,2,10,14,336,13,12,1,,4,0,10,7,15,6,,3,,,5,1,238,26,55,,18/55 (33%),9/21 (43%),51%,9,37/70 (53%),23/47 (49%),12/19 (63%),69%,13,5,,19,,2,,,,,4
10405867,24,42402,NORMAL,REGULAR,Round 43,LEAGUE,95,Oxford United,Local,1ST,18/04/2023,43,1,41%,0.00,1,9,1,3,,167,6,8,0,,2,0,3,4,4,5,,1,,,4,1,119,12,21,,11/32 (34%),3/8 (38%),46%,6,19/38 (50%),9/23 (39%),5/8 (63%),100%,6,3,,7,,1,,,,,2
10405867,24,42402,NORMAL,REGULAR,Round 43,LEAGUE,95,Oxford United,Local,2ND,18/04/2023,43,0,39%,0.00,2,12,1,7,,169,7,4,1,,2,0,7,3,11,1,,2,,,1,0,119,14,34,,7/23 (30%),6/13 (46%),57%,3,18/32 (56%),14/24 (58%),7/11 (64%),43%,7,2,,12,,1,,,,,2
10405867,24,42402,NORMAL,REGULAR,Round 43,LEAGUE,2,Portsmouth,Visita,ALL,18/04/2023,43,1,60%,0.00,1,7,3,4,13,527,16,14,6,,4,0,1,2,6,1,,1,,,2,0,418,16,72,,31/74 (42%),3/16 (19%),49%,8,33/70 (47%),24/47 (51%),3/8 (38%),50%,16,11,,16,,3,,,,,14
10405867,24,42402,NORMAL,REGULAR,Round 43,LEAGUE,2,Portsmouth,Visita,1ST,18/04/2023,43,1,59%,0.00,0,4,1,1,,254,9,9,4,,2,0,1,1,3,1,,0,,,1,0,197,8,25,,18/37 (49%),0/4 (0%),54%,4,19/38 (50%),14/23 (61%),1/3 (33%),33%,9,5,,5,,1,,,,,7
10405867,24,42402,NORMAL,REGULAR,Round 43,LEAGUE,2,Portsmouth,Visita,2ND,18/04/2023,43,0,61%,0.00,1,3,2,3,,273,7,5,2,,2,0,0,1,3,0,,1,,,1,0,221,8,47,,13/37 (35%),3/12 (25%),43%,4,14/32 (44%),10/24 (42%),2/5 (40%),71%,7,6,,11,,2,,,,,7
10406180,24,42402,NORMAL,REGULAR,Round 44,LEAGUE,23,Barnsley,Local,ALL,22/04/2023,44,2,47%,0.00,2,14,2,3,16,404,16,14,1,,6,0,6,2,11,3,,2,,,4,0,299,27,77,,18/60 (30%),5/15 (33%),43%,6,31/70 (44%),15/36 (42%),1/8 (13%),56%,16,9,,15,,2,,,,,6
10406180,24,42402,NORMAL,REGULAR,Round 44,LEAGUE,23,Barnsley,Local,1ST,22/04/2023,44,1,50%,0.00,2,5,1,1,,235,6,6,1,,2,0,2,1,4,1,,2,,,2,0,176,10,41,,8/27 (30%),2/8 (25%),41%,2,12/35 (34%),10/19 (53%),0/5 (0%),33%,6,4,,5,,1,,,,,2
10406180,24,42402,NORMAL,REGULAR,Round 44,LEAGUE,23,Barnsley,Local,2ND,22/04/2023,44,1,44%,0.00,0,9,1,2,,169,10,8,0,,4,0,4,1,7,2,,0,,,2,0,123,17,36,,10/33 (30%),3/7 (43%),46%,4,19/35 (54%),5/17 (29%),1/3 (33%),70%,10,5,,10,,1,,,,,4
10406180,24,42402,NORMAL,REGULAR,Round 44,LEAGUE,95,Oxford United,Visita,ALL,22/04/2023,44,0,53%,0.00,1,6,4,4,14,451,13,16,4,,3,0,3,0,5,1,,1,,,2,3,339,24,57,,32/83 (39%),2/10 (20%),57%,5,39/70 (56%),21/36 (58%),11/22 (50%),54%,13,13,,21,,4,,,,,13
10406180,24,42402,NORMAL,REGULAR,Round 44,LEAGUE,95,Oxford United,Visita,1ST,22/04/2023,44,0,50%,0.00,1,3,1,1,,236,7,11,1,,1,0,2,0,2,1,,1,,,1,1,173,11,29,,15/47 (32%),1/4 (25%),59%,2,23/35 (66%),9/19 (47%),5/9 (56%),71%,7,5,,8,,1,,,,,9
10406180,24,42402,NORMAL,REGULAR,Round 44,LEAGUE,95,Oxford United,Visita,2ND,22/04/2023,44,0,56%,0.00,0,3,3,3,,215,6,5,3,,2,0,1,0,3,0,,0,,,1,2,166,13,28,,17/36 (47%),1/6 (17%),54%,3,16/35 (46%),12/17 (71%),6/13 (46%),33%,6,8,,13,,3,,,,,4
11144286,24,42402,NORMAL,REGULAR,Round 38,LEAGUE,95,Oxford United,Local,ALL,25/04/2023,38,4,56%,0.00,3,13,4,3,12,414,14,12,0,,7,0,3,3,7,6,3,,,,2,3,309,32,59,,20/51 (39%),2/13 (15%),54%,4,33/63 (52%),26/46 (57%),7/13 (54%),64%,14,8,,20,,4,,,,,2
11144286,24,42402,NORMAL,REGULAR,Round 38,LEAGUE,95,Oxford United,Local,1ST,25/04/2023,38,1,54%,0.00,0,3,0,1,,197,3,5,0,,1,0,1,1,2,1,0,,,,1,2,141,18,27,,8/27 (30%),0/7 (0%),51%,3,10/23 (43%),15/26 (58%),2/4 (50%),67%,3,5,,14,,0,,,,,2
11144286,24,42402,NORMAL,REGULAR,Round 38,LEAGUE,95,Oxford United,Local,2ND,25/04/2023,38,3,58%,0.00,3,10,4,2,,217,11,7,0,,6,0,2,2,5,5,3,,,,1,1,168,14,32,,12/24 (50%),2/6 (33%),57%,1,23/40 (57%),11/20 (55%),5/9 (56%),64%,11,3,,6,,4,,,,,0
11144286,24,42402,NORMAL,REGULAR,Round 38,LEAGUE,69,Cheltenham Town,Visita,ALL,25/04/2023,38,0,44%,0.00,0,10,3,2,12,328,10,12,3,,4,0,2,4,4,6,0,,,,2,1,198,35,67,,19/73 (26%),1/9 (11%),46%,7,30/63 (48%),20/46 (43%),8/15 (53%),60%,10,8,,10,,3,,,,,10
11144286,24,42402,NORMAL,REGULAR,Round 38,LEAGUE,69,Cheltenham Town,Visita,1ST,25/04/2023,38,0,46%,0.00,0,2,0,1,,171,5,4,1,,0,0,1,1,0,2,0,,,,1,1,100,18,36,,10/38 (26%),0/4 (0%),49%,3,13/23 (57%),11/26 (42%),4/4 (100%),60%,5,5,,5,,0,,,,,5
11144286,24,42402,NORMAL,REGULAR,Round 38,LEAGUE,69,Cheltenham Town,Visita,2ND,25/04/2023,38,0,42%,0.00,0,8,3,1,,157,5,8,2,,4,0,1,3,4,4,0,,,,1,0,98,17,31,,9/35 (26%),1/5 (20%),43%,4,17/40 (43%),9/20 (45%),4/11 (36%),60%,5,3,,5,,3,,,,,5
10406100,24,42402,NORMAL,REGULAR,Round 45,LEAGUE,94,Forest Green Rovers,Local,ALL,29/04/2023,45,0,46%,0.00,1,3,3,1,5,471,12,7,,,1,0,1,1,2,1,,1,,,1,0,372,20,57,,23/74 (31%),0/6 (0%),52%,9,33/58 (57%),17/38 (45%),14/19 (74%),58%,12,10,,6,,3,,,,,14
10406100,24,42402,NORMAL,REGULAR,Round 45,LEAGUE,94,Forest Green Rovers,Local,1ST,29/04/2023,45,0,44%,0.00,0,1,1,0,,262,5,3,,,0,0,1,0,0,1,,0,,,1,0,210,11,33,,10/37 (27%),0/3 (0%),51%,2,14/24 (58%),9/21 (43%),6/9 (67%),60%,5,5,,1,,1,,,,,10
10406100,24,42402,NORMAL,REGULAR,Round 45,LEAGUE,94,Forest Green Rovers,Local,2ND,29/04/2023,45,0,47%,0.00,1,2,2,1,,209,7,4,,,1,0,0,1,2,0,,1,,,0,0,162,9,24,,13/37 (35%),0/3 (0%),53%,7,19/34 (56%),8/17 (47%),8/10 (80%),57%,7,5,,5,,2,,,,,4
10406100,24,42402,NORMAL,REGULAR,Round 45,LEAGUE,95,Oxford United,Visita,ALL,29/04/2023,45,3,54%,0.00,0,14,1,5,8,564,14,5,,,6,0,6,2,3,11,,0,,,0,1,456,23,82,,23/58 (40%),2/8 (25%),48%,7,25/58 (43%),21/38 (55%),6/11 (55%),86%,14,6,,7,,1,,,,,5
10406100,24,42402,NORMAL,REGULAR,Round 45,LEAGUE,95,Oxford United,Visita,1ST,29/04/2023,45,1,56%,0.00,0,7,0,1,,327,5,1,,,2,0,5,0,3,4,,0,,,0,1,271,10,48,,16/33 (48%),2/5 (40%),49%,3,10/24 (42%),12/21 (57%),4/6 (67%),80%,5,2,,4,,0,,,,,4
10406100,24,42402,NORMAL,REGULAR,Round 45,LEAGUE,95,Oxford United,Visita,2ND,29/04/2023,45,2,53%,0.00,0,7,1,4,,237,9,4,,,4,0,1,2,0,7,,0,,,0,0,185,13,34,,7/25 (28%),0/3 (0%),47%,4,15/34 (44%),9/17 (53%),2/5 (40%),89%,9,4,,3,,1,,,,,1
10405980,24,42402,NORMAL,REGULAR,Round 46,LEAGUE,95,Oxford United,Local,ALL,07/05/2023,46,1,66%,0.00,3,25,2,8,14,493,14,10,1,,6,0,8,11,20,5,1,2,2,,3,3,417,22,55,,34/72 (47%),5/11 (45%),49%,5,37/73 (51%),19/42 (45%),14/25 (56%),50%,14,1,,10,,2,,,,,9
10405980,24,42402,NORMAL,REGULAR,Round 46,LEAGUE,95,Oxford United,Local,1ST,07/05/2023,46,1,64%,0.00,3,14,2,1,,272,5,5,0,,5,0,3,6,12,2,1,2,2,,2,1,231,10,31,,23/43 (53%),1/2 (50%),48%,3,17/35 (49%),9/19 (47%),8/13 (62%),40%,5,1,,7,,2,,,,,7
10405980,24,42402,NORMAL,REGULAR,Round 46,LEAGUE,95,Oxford United,Local,2ND,07/05/2023,46,0,67%,0.00,0,11,0,7,,221,9,5,1,,1,0,5,5,8,3,0,0,0,,1,2,186,12,24,,11/29 (38%),4/9 (44%),49%,2,20/38 (53%),10/23 (43%),6/12 (50%),56%,9,0,,3,,0,,,,,2
10405980,24,42402,NORMAL,REGULAR,Round 46,LEAGUE,187,Accrington Stanley,Visita,ALL,07/05/2023,46,2,34%,0.00,2,9,5,3,11,253,16,14,2,,4,0,3,2,6,3,1,1,0,,2,1,171,20,54,,28/62 (45%),2/11 (18%),51%,11,36/73 (49%),23/42 (55%),6/9 (67%),69%,16,7,,7,,5,,,,,10
10405980,24,42402,NORMAL,REGULAR,Round 46,LEAGUE,187,Accrington Stanley,Visita,1ST,07/05/2023,46,0,36%,0.00,1,5,4,1,,151,8,6,0,,2,0,2,1,4,1,0,1,0,,0,0,101,11,34,,16/36 (44%),1/3 (33%),52%,3,18/35 (51%),10/19 (53%),4/6 (67%),63%,8,3,,2,,4,,,,,4
10405980,24,42402,NORMAL,REGULAR,Round 46,LEAGUE,187,Accrington Stanley,Visita,2ND,07/05/2023,46,2,33%,0.00,1,4,1,2,,102,8,8,2,,2,0,1,1,2,2,1,0,0,,2,1,70,9,20,,12/26 (46%),1/8 (13%),51%,8,18/38 (47%),13/23 (57%),2/3 (67%),75%,8,4,,5,,1,,,,,6
11371151,24,52370,NORMAL,REGULAR,Round 1,LEAGUE,63,Cambridge United,Local,ALL,05/08/2023,1,2,30%,0.00,2,10,3,2,9,289,23,10,4,,6,0,2,2,3,7,2,0,,,3,1,189,19,58,,35/89 (39%),4/15 (27%),52%,4,40/73 (55%),22/46 (48%),7/15 (47%),57%,23,7,53,22,,3,,,,,17
11371151,24,52370,NORMAL,REGULAR,Round 1,LEAGUE,63,Cambridge United,Local,1ST,05/08/2023,1,2,35%,0.00,2,6,2,1,,169,12,7,3,,3,0,1,2,2,4,2,0,,,1,0,119,9,30,,18/43 (42%),3/9 (33%),54%,1,21/35 (60%),11/24 (46%),2/5 (40%),50%,12,5,32,4,,2,,,,,4
11371151,24,52370,NORMAL,REGULAR,Round 1,LEAGUE,63,Cambridge United,Local,2ND,05/08/2023,1,0,26%,0.00,0,4,1,1,,120,11,3,1,,3,0,1,0,1,3,0,0,,,2,1,70,10,28,,17/46 (37%),1/6 (17%),50%,3,19/38 (50%),11/22 (50%),5/10 (50%),64%,11,2,21,18,,1,,,,,13
11371151,24,52370,NORMAL,REGULAR,Round 1,LEAGUE,95,Oxford United,Visita,ALL,05/08/2023,1,0,70%,0.00,1,10,4,10,10,677,12,9,1,,3,0,4,3,2,8,0,1,,,3,2,580,25,94,,30/61 (49%),2/18 (11%),48%,11,33/73 (45%),24/46 (52%),12/24 (50%),58%,12,5,60,10,,4,,,,,7
11371151,24,52370,NORMAL,REGULAR,Round 1,LEAGUE,95,Oxford United,Visita,1ST,05/08/2023,1,0,65%,0.00,0,4,1,3,,331,4,5,1,,2,0,2,0,0,4,0,0,,,2,2,279,9,44,,15/32 (47%),0/2 (0%),46%,7,14/35 (40%),13/24 (54%),5/10 (50%),100%,4,4,29,6,,1,,,,,5
11371151,24,52370,NORMAL,REGULAR,Round 1,LEAGUE,95,Oxford United,Visita,2ND,05/08/2023,1,0,74%,0.00,1,6,3,7,,346,8,4,0,,1,0,2,3,2,4,0,1,,,1,0,301,16,50,,15/29 (52%),2/16 (13%),50%,4,19/38 (50%),11/22 (50%),7/14 (50%),38%,8,1,31,4,,3,,,,,2
11373443,21,52393,NORMAL,PLAYOFF,Round 1,CUP,58,Bristol City,Local,ALL,09/08/2023,1,5,65%,0.00,6,15,2,5,8,762,10,8,2,,9,0,4,2,9,6,5,1,3,,3,3,680,19,83,,27/47 (57%),3/25 (12%),47%,8,23/51 (45%),11/21 (52%),5/10 (50%),80%,10,10,62,5,,2,,,,,4
11373443,21,52393,NORMAL,PLAYOFF,Round 1,CUP,58,Bristol City,Local,1ST,09/08/2023,1,2,70%,0.00,3,6,1,2,,417,6,7,0,,3,0,3,0,4,2,2,1,1,,1,1,372,14,49,,18/28 (64%),2/14 (14%),54%,5,16/29 (55%),6/12 (50%),3/5 (60%),83%,6,5,27,2,,1,,,,,4
11373443,21,52393,NORMAL,PLAYOFF,Round 1,CUP,58,Bristol City,Local,2ND,09/08/2023,1,3,59%,0.00,3,9,1,3,,345,4,1,2,,6,0,1,2,5,4,3,0,2,,2,2,308,5,34,,9/19 (47%),1/11 (9%),39%,3,7/22 (32%),5/9 (56%),2/5 (40%),75%,4,5,35,3,,1,,,,,0
11373443,21,52393,NORMAL,PLAYOFF,Round 1,CUP,95,Oxford United,Visita,ALL,09/08/2023,1,1,35%,0.00,2,13,4,1,9,422,13,8,3,,3,0,3,7,9,4,1,1,2,,0,0,344,16,34,,13/39 (33%),1/6 (17%),53%,7,28/51 (55%),10/21 (48%),7/10 (70%),46%,13,25,42,17,,4,,,,,12
11373443,21,52393,NORMAL,PLAYOFF,Round 1,CUP,95,Oxford United,Visita,1ST,09/08/2023,1,1,30%,0.00,1,9,1,0,,177,7,3,1,,2,0,3,4,7,2,1,0,2,,0,0,137,6,20,,8/23 (35%),1/3 (33%),46%,5,13/29 (45%),6/12 (50%),3/4 (75%),57%,7,16,22,8,,1,,,,,8
11373443,21,52393,NORMAL,PLAYOFF,Round 1,CUP,95,Oxford United,Visita,2ND,09/08/2023,1,0,41%,0.00,1,4,3,1,,245,6,5,2,,1,0,0,3,2,2,0,1,0,,0,0,207,10,14,,5/16 (31%),0/3 (0%),61%,2,15/22 (68%),4/9 (44%),4/6 (67%),33%,6,9,20,9,,3,,,,,4
11371167,24,52370,NORMAL,REGULAR,Round 2,LEAGUE,95,Oxford United,Local,ALL,12/08/2023,2,1,57%,0.00,1,14,0,5,9,488,17,17,2,,3,0,6,5,7,7,1,,,,7,4,348,24,72,,27/71 (38%),4/13 (31%),65%,6,53/80 (66%),38/60 (63%),19/28 (68%),76%,17,8,69,20,,0,,,,,11
11371167,24,52370,NORMAL,REGULAR,Round 2,LEAGUE,95,Oxford United,Local,1ST,12/08/2023,2,0,56%,0.00,0,4,0,1,,255,9,6,1,,1,0,0,3,1,3,0,,,,1,2,187,11,34,,14/35 (40%),3/6 (50%),68%,2,25/36 (69%),18/27 (67%),10/13 (77%),67%,9,6,35,12,,0,,,,,5
11371167,24,52370,NORMAL,REGULAR,Round 2,LEAGUE,95,Oxford United,Local,2ND,12/08/2023,2,1,58%,0.00,1,10,0,4,,233,8,11,1,,2,0,6,2,6,4,1,,,,6,2,161,13,38,,13/36 (36%),1/7 (14%),62%,4,28/44 (64%),20/33 (61%),9/15 (60%),88%,8,2,34,8,,0,,,,,6
11371167,24,52370,NORMAL,REGULAR,Round 2,LEAGUE,78,Carlisle United,Visita,ALL,12/08/2023,2,0,43%,0.00,0,7,2,4,17,364,15,9,5,,0,0,4,3,3,4,0,,,,2,1,238,30,91,,19/71 (27%),1/24 (4%),35%,4,27/80 (34%),22/60 (37%),3/16 (19%),73%,15,13,73,16,,2,,,,,11
11371167,24,52370,NORMAL,REGULAR,Round 2,LEAGUE,78,Carlisle United,Visita,1ST,12/08/2023,2,0,44%,0.00,0,4,1,2,,196,5,6,0,,0,0,1,3,1,3,0,,,,2,0,139,22,52,,7/33 (21%),0/15 (0%),32%,4,11/36 (31%),9/27 (33%),0/5 (0%),100%,5,6,36,8,,1,,,,,1
11371167,24,52370,NORMAL,REGULAR,Round 2,LEAGUE,78,Carlisle United,Visita,2ND,12/08/2023,2,0,42%,0.00,0,3,1,2,,168,10,3,5,,0,0,3,0,2,1,0,,,,0,1,99,8,39,,12/38 (32%),1/9 (11%),38%,0,16/44 (36%),13/33 (39%),3/11 (27%),60%,10,7,37,8,,1,,,,,10
11371175,24,52370,NORMAL,REGULAR,Round 3,LEAGUE,27,Derby County,Local,ALL,15/08/2023,3,1,56%,0.00,3,11,2,15,17,420,24,10,5,,3,0,4,4,10,1,,3,,,4,5,293,28,66,,28/66 (42%),9/34 (26%),50%,3,37/68 (54%),26/57 (46%),3/12 (25%),71%,24,5,61,9,,2,,,,,7
11371175,24,52370,NORMAL,REGULAR,Round 3,LEAGUE,27,Derby County,Local,1ST,15/08/2023,3,0,52%,0.00,1,5,1,8,,185,12,5,3,,1,0,1,3,5,0,,1,,,1,2,119,10,39,,15/40 (38%),4/15 (27%),52%,2,18/31 (58%),14/31 (45%),1/4 (25%),75%,12,2,31,4,,1,,,,,3
11371175,24,52370,NORMAL,REGULAR,Round 3,LEAGUE,27,Derby County,Local,2ND,15/08/2023,3,1,60%,0.00,2,6,1,7,,235,12,5,2,,2,0,3,1,5,1,,2,,,3,3,174,18,27,,13/26 (50%),5/19 (26%),49%,1,19/37 (51%),12/26 (46%),2/8 (25%),67%,12,3,30,5,,1,,,,,4
11371175,24,52370,NORMAL,REGULAR,Round 3,LEAGUE,95,Oxford United,Visita,ALL,15/08/2023,3,2,44%,0.00,0,13,2,4,13,357,12,17,2,,4,0,4,5,7,6,,0,,,2,2,262,28,77,,16/69 (23%),2/7 (29%),50%,13,31/68 (46%),31/57 (54%),4/15 (27%),50%,12,14,56,30,,2,,,,,5
11371175,24,52370,NORMAL,REGULAR,Round 3,LEAGUE,95,Oxford United,Visita,1ST,15/08/2023,3,1,48%,0.00,0,4,1,1,,188,5,8,0,,2,0,2,0,2,2,,0,,,1,2,130,17,43,,10/42 (24%),0/1 (0%),48%,8,13/31 (42%),17/31 (55%),2/6 (33%),20%,5,6,27,10,,1,,,,,3
11371175,24,52370,NORMAL,REGULAR,Round 3,LEAGUE,95,Oxford United,Visita,2ND,15/08/2023,3,1,40%,0.00,0,9,1,3,,169,7,9,2,,2,0,2,5,5,4,,0,,,1,0,132,11,34,,6/27 (22%),2/6 (33%),51%,5,18/37 (49%),14/26 (54%),2/9 (22%),71%,7,8,29,20,,1,,,,,2
11371184,24,52370,NORMAL,REGULAR,Round 4,LEAGUE,23,Barnsley,Local,ALL,19/08/2023,4,1,56%,0.00,1,13,6,9,10,474,13,5,3,,5,0,5,3,9,4,0,1,0,,3,0,372,24,77,,26/61 (43%),2/22 (9%),40%,10,23/53 (43%),10/29 (34%),5/12 (42%),46%,13,2,59,15,,6,,,,,7
11371184,24,52370,NORMAL,REGULAR,Round 4,LEAGUE,23,Barnsley,Local,1ST,19/08/2023,4,0,60%,0.00,0,7,2,4,,273,6,3,2,,3,0,4,0,4,3,0,0,0,,2,0,220,15,41,,13/32 (41%),1/10 (10%),47%,6,13/29 (45%),8/16 (50%),4/8 (50%),67%,6,0,30,6,,2,,,,,3
11371184,24,52370,NORMAL,REGULAR,Round 4,LEAGUE,23,Barnsley,Local,2ND,19/08/2023,4,1,53%,0.00,1,6,4,5,,201,7,2,1,,2,0,1,3,5,1,0,1,0,,1,0,152,9,36,,13/29 (45%),1/12 (8%),32%,4,10/24 (42%),2/13 (15%),1/4 (25%),29%,7,2,29,9,,4,,,,,4
11371184,24,52370,NORMAL,REGULAR,Round 4,LEAGUE,95,Oxford United,Visita,ALL,19/08/2023,4,3,44%,0.00,4,14,4,8,5,378,17,10,2,,8,0,5,1,12,2,2,2,1,,4,4,272,24,75,,19/64 (30%),4/14 (29%),60%,10,30/53 (57%),19/29 (66%),3/6 (50%),82%,17,11,64,18,,4,,,,,9
11371184,24,52370,NORMAL,REGULAR,Round 4,LEAGUE,95,Oxford United,Visita,1ST,19/08/2023,4,1,40%,0.00,2,5,3,2,,189,10,5,0,,3,0,2,0,5,0,1,1,0,,2,1,140,11,31,,9/31 (29%),2/3 (67%),53%,6,16/29 (55%),8/16 (50%),1/1 (100%),90%,10,6,30,10,,3,,,,,6
11371184,24,52370,NORMAL,REGULAR,Round 4,LEAGUE,95,Oxford United,Visita,2ND,19/08/2023,4,2,47%,0.00,2,9,1,6,,189,7,5,2,,5,0,3,1,7,2,1,1,1,,2,3,132,13,44,,10/33 (30%),2/11 (18%),68%,4,14/24 (58%),11/13 (85%),2/5 (40%),71%,7,5,34,8,,1,,,,,3
11371203,24,52370,NORMAL,REGULAR,Round 5,LEAGUE,95,Oxford United,Local,ALL,26/08/2023,5,2,47%,0.00,2,16,3,7,11,433,17,14,3,,5,0,6,5,10,6,1,1,1,,4,2,335,26,69,,14/52 (27%),7/17 (41%),48%,6,37/78 (47%),16/32 (50%),6/16 (38%),88%,17,11,64,15,,3,,,,,5
11371203,24,52370,NORMAL,REGULAR,Round 5,LEAGUE,95,Oxford United,Local,1ST,26/08/2023,5,1,56%,0.00,0,8,2,3,,279,12,9,0,,2,0,4,2,4,4,0,0,1,,2,1,224,17,36,,7/25 (28%),3/7 (43%),60%,3,25/37 (68%),6/15 (40%),4/8 (50%),92%,12,4,38,3,,2,,,,,1
11371203,24,52370,NORMAL,REGULAR,Round 5,LEAGUE,95,Oxford United,Local,2ND,26/08/2023,5,1,36%,0.00,2,8,1,4,,154,5,5,3,,3,0,2,3,6,2,1,1,0,,2,1,111,9,33,,7/27 (26%),4/10 (40%),38%,3,12/41 (29%),10/17 (59%),2/8 (25%),80%,5,7,26,12,,1,,,,,4
11371203,24,52370,NORMAL,REGULAR,Round 5,LEAGUE,47,Charlton Athletic,Visita,ALL,26/08/2023,5,1,53%,0.00,1,11,3,1,16,504,16,11,6,,4,0,2,5,7,4,0,1,0,,3,1,401,20,65,,28/76 (37%),1/9 (11%),52%,10,41/78 (53%),16/32 (50%),14/21 (67%),63%,16,9,67,19,,3,,,,,5
11371203,24,52370,NORMAL,REGULAR,Round 5,LEAGUE,47,Charlton Athletic,Visita,1ST,26/08/2023,5,0,44%,0.00,1,4,1,0,,221,7,3,3,,2,0,0,2,3,1,0,1,0,,1,0,167,9,23,,12/39 (31%),0/2 (0%),40%,7,12/37 (32%),9/15 (60%),2/7 (29%),57%,7,5,36,13,,1,,,,,4
11371203,24,52370,NORMAL,REGULAR,Round 5,LEAGUE,47,Charlton Athletic,Visita,2ND,26/08/2023,5,1,64%,0.00,0,7,2,1,,283,9,8,3,,2,0,2,3,4,3,0,0,0,,2,1,234,11,42,,16/37 (43%),1/7 (14%),62%,3,29/41 (71%),7/17 (41%),12/14 (86%),67%,9,4,31,6,,2,,,,,1
11371218,24,52370,NORMAL,REGULAR,Round 6,LEAGUE,95,Oxford United,Local,ALL,02/09/2023,6,1,60%,0.00,2,13,3,5,8,537,7,14,3,2,6,0,6,1,7,6,1,1,,,1,3,429,32,65,,27/70 (39%),7/17 (41%),62%,6,29/46 (63%),24/40 (60%),8/9 (89%),86%,7,7,59,8,,3,,,,,9
11371218,24,52370,NORMAL,REGULAR,Round 6,LEAGUE,95,Oxford United,Local,1ST,02/09/2023,6,0,69%,0.00,1,5,2,3,,316,3,10,1,0,3,0,1,1,3,2,0,1,,,1,0,263,13,37,,19/38 (50%),2/11 (18%),58%,4,14/24 (58%),11/19 (58%),1/2 (50%),100%,3,3,32,2,,2,,,,,3
11371218,24,52370,NORMAL,REGULAR,Round 6,LEAGUE,95,Oxford United,Local,2ND,02/09/2023,6,1,51%,0.00,1,8,1,2,,221,4,4,2,2,3,0,5,0,4,4,1,0,,,0,3,166,19,28,,8/32 (25%),5/6 (83%),65%,2,15/22 (68%),13/21 (62%),7/7 (100%),75%,4,4,27,6,,1,,,,,6
11371218,24,52370,NORMAL,REGULAR,Round 6,LEAGUE,55,Port Vale,Visita,ALL,02/09/2023,6,2,40%,0.00,1,8,4,3,14,355,7,8,2,0,5,0,2,1,6,2,1,0,,,4,0,236,19,88,,16/78 (21%),2/11 (18%),38%,6,17/46 (37%),16/40 (40%),2/3 (67%),43%,7,13,64,19,,4,,,,,15
11371218,24,52370,NORMAL,REGULAR,Round 6,LEAGUE,55,Port Vale,Visita,1ST,02/09/2023,6,0,31%,0.00,0,2,3,1,,143,5,3,1,0,2,0,0,0,1,1,0,0,,,0,0,87,11,33,,3/36 (8%),0/3 (0%),42%,2,10/24 (42%),8/19 (42%),2/3 (67%),40%,5,8,32,12,,3,,,,,8
11371218,24,52370,NORMAL,REGULAR,Round 6,LEAGUE,55,Port Vale,Visita,2ND,02/09/2023,6,2,49%,0.00,1,6,1,2,,212,2,5,1,0,3,0,2,1,5,1,1,0,,,4,0,149,8,55,,13/42 (31%),2/8 (25%),35%,4,7/22 (32%),8/21 (38%),0/0 (0%),50%,2,5,32,7,,1,,,,,7
11488185,334,53537,SPECIAL_EVENT,GROUP,"EFL Trophy, Southern Group F",SUPER_CUP,57,Northampton Town,Local,ALL,05/09/2023,,1,42%,0.00,1,9,5,0,15,399,12,5,2,1,3,0,4,2,7,2,1,0,1,,2,1,304,22,45,,19/60 (32%),3/9 (33%),46%,6,23/54 (43%),8/14 (57%),6/12 (50%),67%,12,13,57,12,,5,,,,,9
11488185,334,53537,SPECIAL_EVENT,GROUP,"EFL Trophy, Southern Group F",SUPER_CUP,57,Northampton Town,Local,1ST,05/09/2023,,1,45%,0.00,1,3,3,0,,229,8,4,1,0,1,0,2,0,3,0,1,0,0,,2,0,177,10,23,,9/32 (28%),2/4 (50%),52%,0,14/28 (50%),3/5 (60%),2/5 (40%),75%,8,5,29,8,,3,,,,,5
11488185,334,53537,SPECIAL_EVENT,GROUP,"EFL Trophy, Southern Group F",SUPER_CUP,57,Northampton Town,Local,2ND,05/09/2023,,0,39%,0.00,0,6,2,0,,170,4,1,1,1,2,0,2,2,4,2,0,0,1,,0,1,127,12,22,,10/28 (36%),1/5 (20%),40%,6,9/26 (35%),5/9 (56%),4/7 (57%),50%,4,8,28,4,,2,,,,,4
11488185,334,53537,SPECIAL_EVENT,GROUP,"EFL Trophy, Southern Group F",SUPER_CUP,95,Oxford United,Visita,ALL,05/09/2023,,3,58%,0.00,4,18,2,8,6,553,12,13,1,0,8,1,7,3,13,5,2,2,4,,2,4,470,15,75,,28/59 (47%),1/19 (5%),54%,8,31/54 (57%),6/14 (43%),7/11 (64%),50%,12,5,66,16,,2,,,,,8
11488185,334,53537,SPECIAL_EVENT,GROUP,"EFL Trophy, Southern Group F",SUPER_CUP,95,Oxford United,Visita,1ST,05/09/2023,,1,55%,0.00,1,9,0,4,,272,3,6,1,0,4,0,3,2,5,4,1,0,2,,2,1,234,9,45,,15/27 (56%),0/11 (0%),48%,6,14/28 (50%),2/5 (40%),5/7 (71%),33%,3,3,36,5,,0,,,,,3
11488185,334,53537,SPECIAL_EVENT,GROUP,"EFL Trophy, Southern Group F",SUPER_CUP,95,Oxford United,Visita,2ND,05/09/2023,,2,61%,0.00,3,9,2,4,,281,9,7,0,0,4,1,4,1,8,1,1,2,2,,0,3,236,6,30,,13/32 (41%),1/8 (13%),60%,2,17/26 (65%),4/9 (44%),2/4 (50%),56%,9,2,30,11,,2,,,,,5
11371235,24,52370,NORMAL,REGULAR,Round 8,LEAGUE,23959,Fleetwood Town,Local,ALL,16/09/2023,8,0,48%,0.00,2,11,2,9,12,496,19,7,2,,0,2,6,5,4,7,,2,1,,1,2,389,24,68,,32/72 (44%),2/26 (8%),50%,5,31/56 (55%),15/36 (42%),5/10 (50%),79%,19,6,60,20,,2,,,,,2
11371235,24,52370,NORMAL,REGULAR,Round 8,LEAGUE,23959,Fleetwood Town,Local,1ST,16/09/2023,8,0,47%,0.00,0,8,1,7,,223,8,4,1,,0,1,3,5,2,6,,0,0,,1,2,161,15,38,,12/35 (34%),2/14 (14%),50%,4,14/28 (50%),11/22 (50%),2/4 (50%),63%,8,2,29,16,,1,,,,,1
11371235,24,52370,NORMAL,REGULAR,Round 8,LEAGUE,23959,Fleetwood Town,Local,2ND,16/09/2023,8,0,48%,0.00,2,3,1,2,,273,11,3,1,,0,1,3,0,2,1,,2,1,,0,0,228,9,30,,20/37 (54%),0/12 (0%),50%,1,17/28 (61%),4/14 (29%),3/6 (50%),91%,11,4,31,4,,1,,,,,1
11371235,24,52370,NORMAL,REGULAR,Round 8,LEAGUE,95,Oxford United,Visita,ALL,16/09/2023,8,3,52%,0.00,0,10,0,4,7,563,10,12,0,,5,2,3,2,7,3,,0,0,,2,5,450,28,73,,23/64 (36%),6/12 (50%),50%,8,25/56 (45%),21/36 (58%),4/15 (27%),50%,10,11,57,17,,0,,,,,7
11371235,24,52370,NORMAL,REGULAR,Round 8,LEAGUE,95,Oxford United,Visita,1ST,16/09/2023,8,2,53%,0.00,0,5,0,1,,265,6,7,0,,3,1,2,0,3,2,,0,0,,2,1,198,18,36,,6/33 (18%),2/6 (33%),50%,4,14/28 (50%),11/22 (50%),1/5 (20%),67%,6,5,30,9,,0,,,,,1
11371235,24,52370,NORMAL,REGULAR,Round 8,LEAGUE,95,Oxford United,Visita,2ND,16/09/2023,8,1,52%,0.00,0,5,0,3,,298,4,5,0,,2,1,1,2,4,1,,0,0,,0,4,252,10,37,,17/31 (55%),4/6 (67%),50%,4,11/28 (39%),10/14 (71%),3/10 (30%),25%,4,6,27,8,,0,,,,,6
11488204,334,53537,SPECIAL_EVENT,GROUP,"EFL Trophy, Southern Group F",SUPER_CUP,95,Oxford United,Local,ALL,19/09/2023,,0,54%,0.00,1,9,6,1,10,539,18,13,1,,2,1,6,1,6,3,0,1,1,,2,1,401,27,67,,41/99 (41%),2/5 (40%),56%,5,40/67 (60%),10/23 (43%),9/19 (47%),83%,18,19,81,19,,6,,,,,7
11488204,334,53537,SPECIAL_EVENT,GROUP,"EFL Trophy, Southern Group F",SUPER_CUP,95,Oxford United,Local,1ST,19/09/2023,,0,55%,0.00,0,4,4,1,,269,9,6,0,,0,1,3,1,3,1,0,0,0,,2,0,207,17,27,,11/34 (32%),2/5 (40%),57%,4,19/30 (63%),6/14 (43%),4/9 (44%),89%,9,7,33,11,,4,,,,,4
11488204,334,53537,SPECIAL_EVENT,GROUP,"EFL Trophy, Southern Group F",SUPER_CUP,95,Oxford United,Local,2ND,19/09/2023,,0,53%,0.00,1,5,2,0,,270,9,7,1,,2,0,3,0,3,2,0,1,1,,0,1,194,10,40,,30/65 (46%),0/0 (0%),54%,1,21/37 (57%),4/9 (44%),5/10 (50%),78%,9,12,48,8,,2,,,,,3
11488204,334,53537,SPECIAL_EVENT,GROUP,"EFL Trophy, Southern Group F",SUPER_CUP,4,Milton Keynes Dons,Visita,ALL,19/09/2023,,1,46%,0.00,3,20,2,4,15,447,15,9,5,,7,0,5,8,15,5,1,2,0,,2,0,324,27,84,,32/78 (41%),5/23 (22%),44%,14,27/67 (40%),13/23 (57%),3/7 (43%),80%,15,16,79,6,,2,,,,,7
11488204,334,53537,SPECIAL_EVENT,GROUP,"EFL Trophy, Southern Group F",SUPER_CUP,4,Milton Keynes Dons,Visita,1ST,19/09/2023,,0,45%,0.00,2,10,0,3,,211,9,1,3,,4,0,4,2,8,2,0,2,0,,0,0,155,9,31,,14/29 (48%),3/14 (21%),43%,8,11/30 (37%),8/14 (57%),1/2 (50%),78%,9,6,31,3,,0,,,,,3
11488204,334,53537,SPECIAL_EVENT,GROUP,"EFL Trophy, Southern Group F",SUPER_CUP,4,Milton Keynes Dons,Visita,2ND,19/09/2023,,1,47%,0.00,1,10,2,1,,236,6,8,2,,3,0,1,6,7,3,1,0,0,,2,0,169,18,53,,18/49 (37%),2/9 (22%),46%,6,16/37 (43%),5/9 (56%),2/5 (40%),83%,6,10,48,3,,2,,,,,4
11371254,24,52370,NORMAL,REGULAR,Round 9,LEAGUE,95,Oxford United,Local,ALL,23/09/2023,9,3,37%,0.00,3,9,4,3,11,363,21,13,1,,5,1,4,0,8,1,3,0,0,,4,0,274,17,56,,13/52 (25%),3/5 (60%),54%,9,43/76 (57%),17/35 (49%),9/16 (56%),57%,21,12,71,23,,4,,,,,6
11371254,24,52370,NORMAL,REGULAR,Round 9,LEAGUE,95,Oxford United,Local,1ST,23/09/2023,9,1,48%,0.00,1,5,1,3,,226,10,3,0,,3,0,2,0,5,0,1,0,0,,2,0,185,12,29,,8/27 (30%),3/5 (60%),53%,5,16/29 (55%),10/20 (50%),3/7 (43%),50%,10,6,34,10,,1,,,,,5
11371254,24,52370,NORMAL,REGULAR,Round 9,LEAGUE,95,Oxford United,Local,2ND,23/09/2023,9,2,28%,0.00,2,4,3,0,,137,11,10,1,,2,1,2,0,3,1,2,0,0,,2,0,89,5,27,,5/25 (20%),0/0 (0%),55%,4,27/47 (57%),7/15 (47%),6/9 (67%),64%,11,6,37,13,,3,,,,,1
11371254,24,52370,NORMAL,REGULAR,Round 9,LEAGUE,86,Exeter City,Visita,ALL,23/09/2023,9,0,63%,0.00,2,14,1,4,13,594,16,10,1,,5,1,5,4,6,8,0,2,1,,3,1,507,32,66,,34/63 (54%),2/21 (10%),46%,9,33/76 (43%),18/35 (51%),7/19 (37%),69%,16,4,64,6,,1,,,,,7
11371254,24,52370,NORMAL,REGULAR,Round 9,LEAGUE,86,Exeter City,Visita,1ST,23/09/2023,9,0,52%,0.00,1,7,1,2,,250,9,2,0,,1,1,3,3,3,4,0,1,1,,1,1,213,13,25,,17/33 (52%),1/6 (17%),47%,3,13/29 (45%),10/20 (50%),2/9 (22%),89%,9,1,34,2,,1,,,,,3
11371254,24,52370,NORMAL,REGULAR,Round 9,LEAGUE,86,Exeter City,Visita,2ND,23/09/2023,9,0,72%,0.00,1,7,0,2,,344,7,8,1,,4,0,2,1,3,4,0,1,0,,2,0,294,19,41,,17/30 (57%),1/15 (7%),45%,6,20/47 (43%),8/15 (53%),5/10 (50%),43%,7,3,30,4,,0,,,,,4
11371265,24,52370,NORMAL,REGULAR,Round 10,LEAGUE,133,Stevenage,Local,ALL,30/09/2023,10,1,44%,0.00,2,11,1,9,10,336,16,9,1,,3,0,5,3,8,3,1,1,,,3,4,207,29,91,,29/83 (35%),6/30 (20%),50%,15,31/67 (46%),35/65 (54%),6/12 (50%),56%,16,3,59,17,,1,,,,,6
11371265,24,52370,NORMAL,REGULAR,Round 10,LEAGUE,133,Stevenage,Local,1ST,30/09/2023,10,1,41%,0.00,1,5,0,6,,138,9,5,0,,2,0,2,1,4,1,1,0,,,1,2,83,11,40,,18/42 (43%),2/17 (12%),49%,7,17/32 (53%),12/27 (44%),3/5 (60%),44%,9,1,28,8,,0,,,,,4
11371265,24,52370,NORMAL,REGULAR,Round 10,LEAGUE,133,Stevenage,Local,2ND,30/09/2023,10,0,46%,0.00,1,6,1,3,,198,7,4,1,,1,0,3,2,4,2,0,1,,,2,2,124,18,51,,11/41 (27%),4/13 (31%),51%,8,14/35 (40%),23/38 (61%),3/7 (43%),71%,7,2,31,9,,1,,,,,2
11371265,24,52370,NORMAL,REGULAR,Round 10,LEAGUE,95,Oxford United,Visita,ALL,30/09/2023,10,3,56%,0.00,4,15,1,8,9,449,21,9,2,,4,1,7,4,11,4,1,3,,,2,0,332,25,74,,25/85 (29%),7/16 (44%),50%,8,36/67 (54%),30/65 (46%),6/14 (43%),43%,21,7,59,41,,1,,,,,10
11371265,24,52370,NORMAL,REGULAR,Round 10,LEAGUE,95,Oxford United,Visita,1ST,30/09/2023,10,1,59%,0.00,3,9,0,4,,214,9,5,1,,1,1,5,3,7,2,1,2,,,2,0,163,15,32,,11/35 (31%),5/9 (56%),51%,4,15/32 (47%),15/27 (56%),1/6 (17%),44%,9,4,26,21,,0,,,,,4
11371265,24,52370,NORMAL,REGULAR,Round 10,LEAGUE,95,Oxford United,Visita,2ND,30/09/2023,10,2,54%,0.00,1,6,1,4,,235,12,4,1,,3,0,2,1,4,2,0,1,,,0,0,169,10,42,,14/50 (28%),2/7 (29%),49%,4,21/35 (60%),15/38 (39%),5/8 (63%),42%,12,3,33,20,,1,,,,,6
11371278,24,52370,NORMAL,REGULAR,Round 11,LEAGUE,95,Oxford United,Local,ALL,03/10/2023,11,3,71%,0.00,3,14,1,4,12,707,13,12,3,0,5,0,4,5,6,8,2,1,1,,5,,615,23,70,,30/58 (52%),5/12 (42%),49%,10,29/62 (47%),22/43 (51%),4/13 (31%),62%,13,5,60,22,,1,,,,,4
11371278,24,52370,NORMAL,REGULAR,Round 11,LEAGUE,95,Oxford United,Local,1ST,03/10/2023,11,1,72%,0.00,2,7,1,4,,361,5,5,0,0,2,0,2,3,3,4,1,1,1,,1,,312,14,42,,13/31 (42%),2/8 (25%),45%,7,13/26 (50%),9/23 (39%),3/5 (60%),40%,5,3,33,9,,1,,,,,2
11371278,24,52370,NORMAL,REGULAR,Round 11,LEAGUE,95,Oxford United,Local,2ND,03/10/2023,11,2,69%,0.00,1,7,0,0,,346,8,7,3,0,3,0,2,2,3,4,1,0,0,,4,,303,9,28,,17/27 (63%),3/4 (75%),52%,3,16/36 (44%),13/20 (65%),1/8 (13%),75%,8,2,27,13,,0,,,,,2
11371278,24,52370,NORMAL,REGULAR,Round 11,LEAGUE,82,Shrewsbury Town,Visita,ALL,03/10/2023,11,0,29%,0.00,0,4,2,4,12,280,19,11,2,1,1,0,3,0,2,2,0,0,1,,1,,187,30,62,,23/62 (37%),5/22 (23%),51%,7,33/62 (53%),21/43 (49%),3/9 (33%),63%,19,14,50,17,,2,,,,,5
11371278,24,52370,NORMAL,REGULAR,Round 11,LEAGUE,82,Shrewsbury Town,Visita,1ST,03/10/2023,11,0,28%,0.00,0,2,1,2,,134,9,3,0,0,1,0,1,0,1,1,0,0,1,,0,,87,12,29,,14/33 (42%),1/8 (13%),55%,3,13/26 (50%),14/23 (61%),1/3 (33%),56%,9,9,30,11,,1,,,,,3
11371278,24,52370,NORMAL,REGULAR,Round 11,LEAGUE,82,Shrewsbury Town,Visita,2ND,03/10/2023,11,0,31%,0.00,0,2,1,2,,146,10,8,2,1,0,0,2,0,1,1,0,0,0,,1,,100,18,33,,9/29 (31%),4/14 (29%),48%,4,20/36 (56%),7/20 (35%),2/6 (33%),70%,10,5,20,6,,1,,,,,2
11371287,24,52370,NORMAL,REGULAR,Round 12,LEAGUE,95,Oxford United,Local,ALL,07/10/2023,12,2,44%,0.00,2,17,6,8,12,402,18,11,4,2,6,0,5,6,14,3,1,1,1,,2,5,309,18,55,,20/57 (35%),5/16 (31%),50%,8,32/72 (44%),21/34 (62%),3/11 (27%),44%,18,11,62,27,,6,,,,,7
11371287,24,52370,NORMAL,REGULAR,Round 12,LEAGUE,95,Oxford United,Local,1ST,07/10/2023,12,1,41%,0.00,1,6,4,2,,217,12,5,1,0,2,0,1,3,6,0,1,0,0,,1,3,163,7,23,,8/27 (30%),2/8 (25%),57%,2,18/34 (53%),11/17 (65%),1/5 (20%),42%,12,8,32,16,,4,,,,,5
11371287,24,52370,NORMAL,REGULAR,Round 12,LEAGUE,95,Oxford United,Local,2ND,07/10/2023,12,1,48%,0.00,1,11,2,6,,185,6,6,3,2,4,0,4,3,8,3,0,1,1,,1,2,146,11,32,,12/30 (40%),3/8 (38%),44%,6,14/38 (37%),10/17 (59%),2/6 (33%),50%,6,3,30,11,,2,,,,,2
11371287,24,52370,NORMAL,REGULAR,Round 12,LEAGUE,76,Bristol Rovers,Visita,ALL,07/10/2023,12,1,56%,0.00,1,15,4,3,11,521,16,12,5,1,7,0,7,1,10,5,0,1,0,,1,3,412,24,53,,31/65 (48%),5/18 (28%),50%,11,40/72 (56%),13/34 (38%),12/19 (63%),69%,16,9,60,18,,4,,,,,7
11371287,24,52370,NORMAL,REGULAR,Round 12,LEAGUE,76,Bristol Rovers,Visita,1ST,07/10/2023,12,0,59%,0.00,1,10,1,1,,314,6,6,0,0,4,0,6,0,8,2,0,1,0,,1,1,258,11,26,,17/33 (52%),4/12 (33%),43%,9,16/34 (47%),6/17 (35%),4/7 (57%),83%,6,6,31,8,,1,,,,,1
11371287,24,52370,NORMAL,REGULAR,Round 12,LEAGUE,76,Bristol Rovers,Visita,2ND,07/10/2023,12,1,52%,0.00,0,5,3,2,,207,10,6,5,1,3,0,1,1,2,3,0,0,0,,0,2,154,13,27,,14/32 (44%),1/6 (17%),56%,2,24/38 (63%),7/17 (41%),8/12 (67%),60%,10,3,29,10,,3,,,,,6
11371311,24,52370,NORMAL,REGULAR,Round 14,LEAGUE,95,Oxford United,Local,ALL,21/10/2023,14,1,50%,0.00,2,4,2,1,8,509,11,14,0,,2,0,2,0,3,1,1,1,0,,3,2,400,24,78,,25/75 (33%),3/9 (33%),52%,10,31/62 (50%),26/48 (54%),6/14 (43%),64%,11,4,58,21,,2,,,,,10
11371311,24,52370,NORMAL,REGULAR,Round 14,LEAGUE,95,Oxford United,Local,1ST,21/10/2023,14,1,63%,0.00,2,3,0,1,,323,2,7,0,,2,0,1,0,3,0,1,1,0,,3,1,264,11,36,,11/35 (31%),2/5 (40%),56%,5,12/23 (52%),15/25 (60%),3/5 (60%),100%,2,2,33,6,,0,,,,,4
11371311,24,52370,NORMAL,REGULAR,Round 14,LEAGUE,95,Oxford United,Local,2ND,21/10/2023,14,0,37%,0.00,0,1,2,0,,186,9,7,0,,0,0,1,0,0,1,0,0,0,,0,1,136,13,42,,14/40 (35%),1/4 (25%),48%,5,19/39 (49%),11/23 (48%),3/9 (33%),56%,9,2,25,15,,2,,,,,6
11371311,24,52370,NORMAL,REGULAR,Round 14,LEAGUE,67,Blackpool,Visita,ALL,21/10/2023,14,1,50%,0.00,4,9,1,1,15,492,18,8,5,,3,0,5,1,7,2,1,3,2,,0,1,390,25,64,,29/70 (41%),4/21 (19%),48%,4,31/62 (50%),22/48 (46%),5/12 (42%),56%,18,3,57,12,,1,,,,,4
11371311,24,52370,NORMAL,REGULAR,Round 14,LEAGUE,67,Blackpool,Visita,1ST,21/10/2023,14,0,37%,0.00,0,0,1,0,,183,7,2,1,,0,0,0,0,0,0,0,0,0,,0,1,128,12,22,,9/34 (26%),1/5 (20%),44%,1,11/23 (48%),10/25 (40%),2/3 (67%),71%,7,1,28,8,,1,,,,,2
11371311,24,52370,NORMAL,REGULAR,Round 14,LEAGUE,67,Blackpool,Visita,2ND,21/10/2023,14,1,63%,0.00,4,9,0,1,,309,11,6,4,,3,0,5,1,7,2,1,3,2,,0,0,262,13,42,,20/36 (56%),3/16 (19%),52%,3,20/39 (51%),12/23 (52%),3/9 (33%),45%,11,2,29,4,,0,,,,,2
11371325,24,52370,NORMAL,REGULAR,Round 15,LEAGUE,49,Wigan Athletic,Local,ALL,24/10/2023,15,2,35%,0.00,,9,6,6,13,377,19,8,3,,6,1,2,1,8,1,,,1,,1,,294,13,37,,17/46 (37%),5/8 (63%),51%,10,29/59 (49%),12/21 (57%),2/3 (67%),89%,19,12,62,23,,6,,,,,7
11371325,24,52370,NORMAL,REGULAR,Round 15,LEAGUE,49,Wigan Athletic,Local,1ST,24/10/2023,15,1,31%,0.00,,1,3,1,,176,12,3,1,,1,0,0,0,1,0,,,1,,0,,138,5,18,,9/20 (45%),1/3 (33%),52%,5,16/32 (50%),6/10 (60%),1/2 (50%),92%,12,5,33,14,,3,,,,,2
11371325,24,52370,NORMAL,REGULAR,Round 15,LEAGUE,49,Wigan Athletic,Local,2ND,24/10/2023,15,1,39%,0.00,,8,3,5,,201,7,5,2,,5,1,2,1,7,1,,,0,,1,,156,8,19,,8/26 (31%),4/5 (80%),50%,5,13/27 (48%),6/11 (55%),1/1 (100%),86%,7,7,29,9,,3,,,,,5
11371325,24,52370,NORMAL,REGULAR,Round 15,LEAGUE,95,Oxford United,Visita,ALL,24/10/2023,15,0,65%,0.00,,11,4,9,9,718,11,13,2,,6,0,2,3,1,10,,,0,,2,,628,29,71,,36/59 (61%),1/21 (5%),49%,9,30/59 (51%),9/21 (43%),6/16 (38%),73%,11,6,60,3,,4,,,,,1
11371325,24,52370,NORMAL,REGULAR,Round 15,LEAGUE,95,Oxford United,Visita,1ST,24/10/2023,15,0,69%,0.00,,5,0,6,,396,6,6,0,,3,0,0,2,1,4,,,0,,0,,354,16,39,,11/25 (44%),1/14 (7%),48%,5,16/32 (50%),4/10 (40%),4/11 (36%),50%,6,4,33,2,,0,,,,,0
11371325,24,52370,NORMAL,REGULAR,Round 15,LEAGUE,95,Oxford United,Visita,2ND,24/10/2023,15,0,61%,0.00,,6,4,3,,322,5,7,2,,3,0,2,1,0,6,,,0,,2,,274,13,32,,25/34 (74%),0/7 (0%),50%,4,14/27 (52%),5/11 (45%),2/5 (40%),100%,5,2,27,1,,4,,,,,1
11371335,24,52370,NORMAL,REGULAR,Round 16,LEAGUE,95,Oxford United,Local,ALL,28/10/2023,16,2,55%,0.00,5,16,2,7,10,446,16,11,3,,5,0,10,1,14,2,2,3,1,,3,1,340,29,74,,14/54 (26%),7/18 (39%),56%,10,33/66 (50%),33/52 (63%),6/16 (38%),63%,16,5,49,24,,2,,,,,7
11371335,24,52370,NORMAL,REGULAR,Round 16,LEAGUE,95,Oxford United,Local,1ST,28/10/2023,16,1,52%,0.00,3,7,1,5,,186,7,4,1,,3,0,3,1,6,1,1,2,1,,1,1,144,13,29,,8/24 (33%),3/9 (33%),54%,6,15/33 (45%),18/28 (64%),4/9 (44%),43%,7,3,22,12,,1,,,,,4
11371335,24,52370,NORMAL,REGULAR,Round 16,LEAGUE,95,Oxford United,Local,2ND,28/10/2023,16,1,57%,0.00,2,9,1,2,,260,9,7,2,,2,0,7,0,8,1,1,1,0,,2,0,196,16,45,,6/30 (20%),4/9 (44%),58%,4,18/33 (55%),15/24 (63%),2/7 (29%),78%,9,2,27,12,,1,,,,,3
11371335,24,52370,NORMAL,REGULAR,Round 16,LEAGUE,62,Wycombe Wanderers,Visita,ALL,28/10/2023,16,2,45%,0.00,2,7,3,5,11,358,20,9,5,,4,0,3,0,5,2,2,0,0,,3,3,240,27,89,,19/87 (22%),3/24 (13%),44%,8,33/66 (50%),19/52 (37%),4/12 (33%),75%,20,12,59,11,,3,,,,,13
11371335,24,52370,NORMAL,REGULAR,Round 16,LEAGUE,62,Wycombe Wanderers,Visita,1ST,28/10/2023,16,0,48%,0.00,0,3,2,3,,165,11,4,2,,1,0,2,0,1,2,0,0,0,,0,2,117,16,40,,9/36 (25%),2/14 (14%),46%,5,18/33 (55%),10/28 (36%),3/5 (60%),73%,11,2,22,5,,2,,,,,7
11371335,24,52370,NORMAL,REGULAR,Round 16,LEAGUE,62,Wycombe Wanderers,Visita,2ND,28/10/2023,16,2,43%,0.00,2,4,1,2,,193,9,5,3,,3,0,1,0,4,0,2,0,0,,3,1,123,11,49,,10/51 (20%),1/10 (10%),42%,3,15/33 (45%),9/24 (38%),1/7 (14%),78%,9,10,37,6,,1,,,,,6
11696936,24,52370,NORMAL,REGULAR,Round 7,LEAGUE,92,Lincoln City,Local,ALL,31/10/2023,7,0,50%,0.00,0,8,7,6,6,477,15,8,0,,3,0,1,4,2,6,0,,0,,2,1,349,28,69,,20/73 (27%),2/19 (11%),54%,10,25/47 (53%),19/35 (54%),2/3 (67%),73%,15,6,50,20,,7,,,,,6
11696936,24,52370,NORMAL,REGULAR,Round 7,LEAGUE,92,Lincoln City,Local,1ST,31/10/2023,7,0,44%,0.00,0,4,3,3,,226,6,5,0,,1,0,0,3,1,3,0,,0,,1,1,175,11,34,,10/30 (33%),2/11 (18%),56%,4,13/21 (62%),6/13 (46%),2/2 (100%),83%,6,2,25,12,,3,,,,,2
11696936,24,52370,NORMAL,REGULAR,Round 7,LEAGUE,92,Lincoln City,Local,2ND,31/10/2023,7,0,58%,0.00,0,4,4,3,,251,9,3,0,,2,0,1,1,1,3,0,,0,,1,0,174,17,35,,10/43 (23%),0/8 (0%),52%,6,12/26 (46%),13/22 (59%),0/1 (0%),67%,9,4,25,8,,4,,,,,4
11696936,24,52370,NORMAL,REGULAR,Round 7,LEAGUE,95,Oxford United,Visita,ALL,31/10/2023,7,2,50%,0.00,1,17,3,9,8,487,11,6,2,,8,0,3,6,8,9,1,,2,,0,2,384,23,50,,20/60 (33%),4/14 (29%),46%,8,22/47 (47%),16/35 (46%),5/12 (42%),64%,11,7,62,25,,3,,,,,5
11696936,24,52370,NORMAL,REGULAR,Round 7,LEAGUE,95,Oxford United,Visita,1ST,31/10/2023,7,1,56%,0.00,1,8,1,7,,298,4,2,1,,4,0,2,2,4,4,1,,2,,0,1,259,9,25,,14/26 (54%),3/10 (30%),44%,3,8/21 (38%),7/13 (54%),2/5 (40%),50%,4,2,29,10,,1,,,,,1
11696936,24,52370,NORMAL,REGULAR,Round 7,LEAGUE,95,Oxford United,Visita,2ND,31/10/2023,7,1,42%,0.00,0,9,2,2,,189,7,4,1,,4,0,1,4,4,5,0,,0,,0,1,125,14,25,,6/34 (18%),1/4 (25%),48%,5,14/26 (54%),9/22 (41%),3/7 (43%),71%,7,5,33,15,,2,,,,,4
11488246,334,53537,SPECIAL_EVENT,GROUP,"EFL Trophy, Southern Group F",SUPER_CUP,95,Oxford United,Local,ALL,07/11/2023,,5,43%,0.00,5,22,0,13,6,455,15,5,1,,10,0,4,8,18,4,5,0,1,,0,2,385,13,53,,31/52 (60%),10/30 (33%),52%,8,30/60 (50%),8/13 (62%),10/19 (53%),47%,15,11,65,6,,0,,,,,8
11488246,334,53537,SPECIAL_EVENT,GROUP,"EFL Trophy, Southern Group F",SUPER_CUP,95,Oxford United,Local,1ST,07/11/2023,,2,37%,0.00,2,10,0,7,,199,8,3,0,,3,0,1,6,9,1,2,0,0,,0,0,167,7,26,,15/23 (65%),5/12 (42%),51%,4,16/31 (52%),4/8 (50%),5/10 (50%),25%,8,7,30,0,,0,,,,,3
11488246,334,53537,SPECIAL_EVENT,GROUP,"EFL Trophy, Southern Group F",SUPER_CUP,95,Oxford United,Local,2ND,07/11/2023,,3,49%,0.00,3,12,0,6,,256,7,2,1,,7,0,3,2,9,3,3,0,1,,0,2,218,6,27,,16/29 (55%),5/18 (28%),53%,4,14/29 (48%),4/5 (80%),5/9 (56%),71%,7,4,35,6,,0,,,,,5
11488246,334,53537,SPECIAL_EVENT,GROUP,"EFL Trophy, Southern Group F",SUPER_CUP,36539,Chelsea U21,Visita,ALL,07/11/2023,,0,57%,0.00,1,2,5,0,6,641,17,6,1,,1,0,1,0,2,0,0,1,1,,1,3,566,20,49,,23/55 (42%),0/7 (0%),48%,3,30/60 (50%),5/13 (38%),7/19 (37%),59%,17,6,62,19,,5,,,,,7
11488246,334,53537,SPECIAL_EVENT,GROUP,"EFL Trophy, Southern Group F",SUPER_CUP,36539,Chelsea U21,Visita,1ST,07/11/2023,,0,63%,0.00,1,1,1,0,,368,9,2,0,,1,0,0,0,1,0,0,1,1,,0,0,329,13,25,,15/33 (45%),0/0 (0%),49%,2,15/31 (48%),4/8 (50%),4/10 (40%),67%,9,1,27,7,,1,,,,,4
11488246,334,53537,SPECIAL_EVENT,GROUP,"EFL Trophy, Southern Group F",SUPER_CUP,36539,Chelsea U21,Visita,2ND,07/11/2023,,0,51%,0.00,0,1,4,0,,273,8,4,1,,0,0,1,0,1,0,0,0,0,,1,3,237,7,24,,8/22 (36%),0/7 (0%),47%,1,15/29 (52%),1/5 (20%),3/9 (33%),50%,8,5,35,12,,4,,,,,3
11371345,24,52370,NORMAL,REGULAR,Round 17,LEAGUE,83,Leyton Orient,Local,ALL,11/11/2023,17,2,52%,0.00,2,10,4,4,7,388,14,8,2,,1,1,8,1,7,3,1,1,0,,1,0,230,29,88,,39/104 (38%),6/21 (29%),54%,1,24/37 (65%),31/65 (48%),2/3 (67%),86%,14,6,43,21,,4,,,,,6
11371345,24,52370,NORMAL,REGULAR,Round 17,LEAGUE,83,Leyton Orient,Local,1ST,11/11/2023,17,0,53%,0.00,1,5,2,3,,200,9,3,0,,0,0,4,1,3,2,0,1,0,,0,0,128,16,41,,19/48 (40%),3/13 (23%),59%,0,13/18 (72%),19/36 (53%),1/2 (50%),89%,9,2,24,9,,2,,,,,2
11371345,24,52370,NORMAL,REGULAR,Round 17,LEAGUE,83,Leyton Orient,Local,2ND,11/11/2023,17,2,50%,0.00,1,5,2,1,,188,5,5,2,,1,1,4,0,4,1,1,0,0,,1,0,102,13,47,,20/56 (36%),3/8 (38%),48%,1,11/19 (58%),12/29 (41%),1/1 (100%),80%,5,4,19,12,,2,,,,,4
11371345,24,52370,NORMAL,REGULAR,Round 17,LEAGUE,95,Oxford United,Visita,ALL,11/11/2023,17,3,48%,0.00,6,13,0,4,8,371,2,6,2,,7,3,4,2,10,3,2,4,1,,1,5,233,33,59,,27/91 (30%),3/11 (27%),46%,1,13/37 (35%),34/65 (52%),5/18 (28%),50%,2,6,39,27,,0,,,,,15
11371345,24,52370,NORMAL,REGULAR,Round 17,LEAGUE,95,Oxford United,Visita,1ST,11/11/2023,17,2,47%,0.00,3,8,0,3,,186,1,2,0,,4,2,2,2,6,2,1,2,0,,0,2,130,11,23,,14/43 (33%),3/6 (50%),41%,1,5/18 (28%),17/36 (47%),2/10 (20%),0%,1,3,22,21,,0,,,,,7
11371345,24,52370,NORMAL,REGULAR,Round 17,LEAGUE,95,Oxford United,Visita,2ND,11/11/2023,17,1,50%,0.00,3,5,0,1,,185,1,4,2,,3,1,2,0,4,1,1,2,1,,1,3,103,22,36,,13/48 (27%),0/5 (0%),52%,0,8/19 (42%),17/29 (59%),3/8 (38%),100%,1,3,17,6,,0,,,,,8
11371366,24,52370,NORMAL,REGULAR,Round 19,LEAGUE,69,Cheltenham Town,Local,ALL,25/11/2023,19,2,33%,0.00,3,19,5,8,13,223,15,14,4,1,5,0,6,8,12,7,1,2,0,,5,6,119,23,70,,19/75 (25%),2/19 (11%),51%,7,34/58 (59%),22/51 (43%),6/10 (60%),60%,15,7,48,20,,5,,,,,10
11371366,24,52370,NORMAL,REGULAR,Round 19,LEAGUE,69,Cheltenham Town,Local,1ST,25/11/2023,19,1,45%,0.00,2,14,1,5,,147,7,7,0,1,3,0,4,7,8,6,0,2,0,,2,2,86,16,44,,12/40 (30%),1/13 (8%),51%,4,15/29 (52%),16/32 (50%),2/3 (67%),71%,7,4,26,6,,1,,,,,1
11371366,24,52370,NORMAL,REGULAR,Round 19,LEAGUE,69,Cheltenham Town,Local,2ND,25/11/2023,19,1,22%,0.00,1,5,4,3,,76,8,7,4,0,2,0,2,1,4,1,1,0,0,,3,4,33,7,26,,7/35 (20%),1/6 (17%),52%,3,19/29 (66%),6/19 (32%),4/7 (57%),50%,8,3,22,14,,4,,,,,9
11371366,24,52370,NORMAL,REGULAR,Round 19,LEAGUE,95,Oxford United,Visita,ALL,25/11/2023,19,0,67%,0.00,2,21,3,10,15,462,11,13,4,1,6,0,5,10,9,12,0,2,1,,2,0,367,26,57,,20/57 (35%),4/23 (17%),49%,7,24/58 (41%),29/51 (57%),1/9 (11%),55%,11,5,38,33,,3,,,,,5
11371366,24,52370,NORMAL,REGULAR,Round 19,LEAGUE,95,Oxford United,Visita,1ST,25/11/2023,19,0,55%,0.00,1,5,2,4,,189,5,9,1,0,2,0,0,3,2,3,0,1,0,,1,0,136,13,25,,10/36 (28%),1/6 (17%),49%,4,14/29 (48%),16/32 (50%),1/4 (25%),60%,5,4,19,23,,2,,,,,4
11371366,24,52370,NORMAL,REGULAR,Round 19,LEAGUE,95,Oxford United,Visita,2ND,25/11/2023,19,0,78%,0.00,1,16,1,6,,273,6,4,3,1,4,0,5,7,7,9,0,1,1,,1,0,231,13,32,,10/21 (48%),3/17 (18%),48%,3,10/29 (34%),13/19 (68%),0/5 (0%),50%,6,1,19,10,,1,,,,,1
11371383,24,52370,NORMAL,REGULAR,Round 20,LEAGUE,95,Oxford United,Local,ALL,28/11/2023,20,0,45%,0.00,1,7,3,5,9,442,11,13,2,,5,1,1,1,4,3,,1,,,2,2,356,15,49,,22/60 (37%),2/17 (12%),48%,11,30/69 (43%),15/24 (63%),6/12 (50%),82%,11,9,60,16,,3,,,,,2
11371383,24,52370,NORMAL,REGULAR,Round 20,LEAGUE,95,Oxford United,Local,1ST,28/11/2023,20,0,47%,0.00,1,4,0,4,,229,3,10,2,,3,1,1,0,2,2,,1,,,2,1,181,9,28,,9/31 (29%),1/10 (10%),50%,6,15/31 (48%),8/15 (53%),2/5 (40%),33%,3,4,32,7,,0,,,,,0
11371383,24,52370,NORMAL,REGULAR,Round 20,LEAGUE,95,Oxford United,Local,2ND,28/11/2023,20,0,42%,0.00,0,3,3,1,,213,8,3,0,,2,0,0,1,2,1,,0,,,0,1,175,6,21,,13/29 (45%),1/7 (14%),47%,5,15/38 (39%),7/9 (78%),4/7 (57%),100%,8,5,28,9,,3,,,,,2
11371383,24,52370,NORMAL,REGULAR,Round 20,LEAGUE,5,Bolton Wanderers,Visita,ALL,28/11/2023,20,0,55%,0.00,2,10,5,4,13,561,17,8,2,,3,0,2,5,9,1,,2,,,0,2,463,24,63,,24/60 (40%),1/13 (8%),52%,8,39/69 (57%),9/24 (38%),14/17 (82%),47%,17,4,60,12,,5,,,,,1
11371383,24,52370,NORMAL,REGULAR,Round 20,LEAGUE,5,Bolton Wanderers,Visita,1ST,28/11/2023,20,0,53%,0.00,0,0,3,2,,262,9,4,2,,0,0,0,0,0,0,,0,,,0,1,211,6,24,,12/35 (34%),0/5 (0%),50%,3,16/31 (52%),7/15 (47%),3/3 (100%),44%,9,3,33,6,,3,,,,,1
11371383,24,52370,NORMAL,REGULAR,Round 20,LEAGUE,5,Bolton Wanderers,Visita,2ND,28/11/2023,20,0,58%,0.00,2,10,2,2,,299,8,4,0,,3,0,2,5,9,1,,2,,,0,1,252,18,39,,12/25 (48%),1/8 (13%),53%,5,23/38 (61%),2/9 (22%),11/14 (79%),50%,8,1,27,6,,2,,,,,0
11861515,334,53537,SPECIAL_EVENT,PLAYOFF,Round 2,SUPER_CUP,94,Forest Green Rovers,Local,ALL,05/12/2023,2,0,51%,0.00,3,22,1,4,13,552,22,4,2,,4,0,10,8,15,7,,3,,,2,1,443,26,81,,29/73 (40%),4/12 (33%),50%,8,34/71 (48%),15/27 (56%),8/16 (50%),55%,22,12,61,18,,1,,,,,7
11861515,334,53537,SPECIAL_EVENT,PLAYOFF,Round 2,SUPER_CUP,94,Forest Green Rovers,Local,1ST,05/12/2023,2,0,48%,0.00,1,5,1,1,,285,15,3,2,,1,0,3,1,4,1,,1,,,0,0,235,15,38,,9/32 (28%),3/7 (43%),52%,6,22/45 (49%),10/16 (63%),4/9 (44%),47%,15,5,27,10,,1,,,,,3
11861515,334,53537,SPECIAL_EVENT,PLAYOFF,Round 2,SUPER_CUP,94,Forest Green Rovers,Local,2ND,05/12/2023,2,0,54%,0.00,2,17,0,3,,267,7,1,0,,3,0,7,7,11,6,,2,,,2,1,208,11,43,,20/41 (49%),1/5 (20%),46%,2,12/26 (46%),5/11 (45%),4/7 (57%),71%,7,7,34,8,,0,,,,,4
11861515,334,53537,SPECIAL_EVENT,PLAYOFF,Round 2,SUPER_CUP,95,Oxford United,Visita,ALL,05/12/2023,2,1,49%,0.00,1,8,3,3,7,523,16,12,2,,2,0,4,2,4,4,,1,,,2,2,430,26,50,,35/71 (49%),2/15 (13%),50%,11,37/71 (52%),12/27 (44%),9/20 (45%),75%,16,11,56,28,,3,,,,,9
11861515,334,53537,SPECIAL_EVENT,PLAYOFF,Round 2,SUPER_CUP,95,Oxford United,Visita,1ST,05/12/2023,2,0,52%,0.00,0,2,0,1,,304,11,7,0,,1,0,0,1,0,2,,0,,,1,0,260,12,30,,23/40 (58%),0/8 (0%),48%,10,23/45 (51%),6/16 (38%),5/10 (50%),64%,11,5,31,10,,0,,,,,3
11861515,334,53537,SPECIAL_EVENT,PLAYOFF,Round 2,SUPER_CUP,95,Oxford United,Visita,2ND,05/12/2023,2,1,46%,0.00,1,6,3,2,,219,5,5,2,,1,0,4,1,4,2,,1,,,1,2,170,14,20,,12/31 (39%),2/7 (29%),54%,1,14/26 (54%),6/11 (55%),4/10 (40%),100%,5,6,25,18,,3,,,,,6
11371395,24,52370,NORMAL,REGULAR,Round 21,LEAGUE,54,Peterborough United,Local,ALL,09/12/2023,21,3,49%,0.00,4,17,2,5,10,523,18,6,1,,9,0,6,2,11,6,3,1,1,,1,2,437,25,51,,29/61 (48%),1/11 (9%),51%,8,29/58 (50%),9/17 (53%),5/14 (36%),67%,18,12,54,20,,2,,,,,8
11371395,24,52370,NORMAL,REGULAR,Round 21,LEAGUE,54,Peterborough United,Local,1ST,09/12/2023,21,2,46%,0.00,3,9,0,3,,268,10,2,0,,6,0,2,1,6,3,2,1,1,,1,1,232,14,24,,16/28 (57%),0/6 (0%),50%,3,13/25 (52%),2/5 (40%),1/6 (17%),50%,10,5,21,6,,0,,,,,2
11371395,24,52370,NORMAL,REGULAR,Round 21,LEAGUE,54,Peterborough United,Local,2ND,09/12/2023,21,1,52%,0.00,1,8,2,2,,255,8,4,1,,3,0,4,1,5,3,1,0,0,,0,1,205,11,27,,13/33 (39%),1/5 (20%),51%,5,16/33 (48%),7/12 (58%),4/8 (50%),88%,8,7,33,14,,2,,,,,6
11371395,24,52370,NORMAL,REGULAR,Round 21,LEAGUE,95,Oxford United,Visita,ALL,09/12/2023,21,0,51%,0.00,1,11,6,4,6,544,17,9,1,,2,0,4,5,3,8,0,1,0,,1,4,460,19,51,,29/69 (42%),3/12 (25%),49%,3,29/58 (50%),8/17 (47%),3/18 (17%),53%,17,7,49,9,,6,,,,,11
11371395,24,52370,NORMAL,REGULAR,Round 21,LEAGUE,95,Oxford United,Visita,1ST,09/12/2023,21,0,54%,0.00,0,0,4,1,,309,8,3,0,,0,0,0,0,0,0,0,0,0,,0,3,268,10,18,,10/31 (32%),2/5 (40%),50%,2,12/25 (48%),3/5 (60%),1/9 (11%),38%,8,4,17,3,,4,,,,,7
11371395,24,52370,NORMAL,REGULAR,Round 21,LEAGUE,95,Oxford United,Visita,2ND,09/12/2023,21,0,48%,0.00,1,11,2,3,,235,9,6,1,,2,0,4,5,3,8,0,1,0,,1,1,192,9,33,,19/38 (50%),1/7 (14%),49%,1,17/33 (52%),5/12 (42%),2/9 (22%),67%,9,3,32,6,,2,,,,,4
11859249,24,52370,NORMAL,REGULAR,Round 13,LEAGUE,28,Reading,Local,ALL,12/12/2023,13,1,39%,0.00,2,7,0,4,14,352,16,6,2,,4,0,1,2,4,3,1,1,1,,1,0,243,25,63,,31/68 (46%),0/14 (0%),42%,13,28/66 (42%),18/44 (41%),6/13 (46%),38%,16,5,53,30,,0,,,,,4
11859249,24,52370,NORMAL,REGULAR,Round 13,LEAGUE,28,Reading,Local,1ST,12/12/2023,13,1,44%,0.00,2,5,0,3,,207,10,3,1,,2,0,1,2,4,1,1,1,1,,1,0,149,11,37,,19/40 (48%),0/9 (0%),50%,6,16/28 (57%),9/22 (41%),3/5 (60%),40%,10,2,29,17,,0,,,,,1
11859249,24,52370,NORMAL,REGULAR,Round 13,LEAGUE,28,Reading,Local,2ND,12/12/2023,13,0,34%,0.00,0,2,0,1,,145,6,3,1,,2,0,0,0,0,2,0,0,0,,0,0,94,14,26,,12/28 (43%),0/5 (0%),35%,7,12/38 (32%),9/22 (41%),3/8 (38%),33%,6,3,24,13,,0,,,,,3
11859249,24,52370,NORMAL,REGULAR,Round 13,LEAGUE,95,Oxford United,Visita,ALL,12/12/2023,13,1,61%,0.00,1,9,3,7,7,543,20,14,1,,1,0,4,4,7,2,1,0,1,,5,2,434,37,78,,37/78 (47%),4/28 (14%),58%,12,38/66 (58%),26/44 (59%),5/9 (56%),60%,20,7,46,15,,3,,,,,4
11859249,24,52370,NORMAL,REGULAR,Round 13,LEAGUE,95,Oxford United,Visita,1ST,12/12/2023,13,1,56%,0.00,1,2,1,3,,267,8,5,1,,1,0,0,1,1,1,1,0,0,,1,0,214,16,45,,18/41 (44%),2/12 (17%),50%,8,12/28 (43%),13/22 (59%),0/2 (0%),88%,8,3,22,8,,1,,,,,4
11859249,24,52370,NORMAL,REGULAR,Round 13,LEAGUE,95,Oxford United,Visita,2ND,12/12/2023,13,0,66%,0.00,0,7,2,4,,276,12,9,0,,0,0,4,3,6,1,0,0,1,,4,2,220,21,33,,19/37 (51%),2/16 (13%),65%,4,26/38 (68%),13/22 (59%),5/7 (71%),42%,12,4,24,7,,2,,,,,0
11371408,24,52370,NORMAL,REGULAR,Round 22,LEAGUE,95,Oxford United,Local,ALL,16/12/2023,22,3,58%,0.00,3,28,1,5,6,543,16,13,0,,14,1,5,9,21,7,,3,,,2,1,478,24,57,,40/63 (63%),8/28 (29%),54%,5,30/55 (55%),12/23 (52%),1/11 (9%),63%,16,10,42,17,,1,,,,,5
11371408,24,52370,NORMAL,REGULAR,Round 22,LEAGUE,95,Oxford United,Local,1ST,16/12/2023,22,1,56%,0.00,1,6,0,1,,281,6,7,0,,2,0,3,1,6,0,,1,,,1,0,246,12,27,,20/32 (63%),3/11 (27%),47%,2,13/26 (50%),5/12 (42%),0/4 (0%),33%,6,6,22,6,,0,,,,,2
11371408,24,52370,NORMAL,REGULAR,Round 22,LEAGUE,95,Oxford United,Local,2ND,16/12/2023,22,2,62%,0.00,2,22,1,4,,262,10,6,0,,12,1,2,8,15,7,,2,,,1,1,232,12,30,,20/31 (65%),5/17 (29%),60%,3,17/29 (59%),7/11 (64%),1/7 (14%),80%,10,4,20,11,,1,,,,,3
11371408,24,52370,NORMAL,REGULAR,Round 22,LEAGUE,134,Burton Albion,Visita,ALL,16/12/2023,22,0,42%,0.00,0,6,10,0,13,398,15,6,1,,1,0,4,1,3,3,,0,,,0,1,310,28,33,,34/75 (45%),0/7 (0%),46%,10,25/55 (45%),11/23 (48%),4/10 (40%),73%,15,7,38,18,,10,,,,,11
11371408,24,52370,NORMAL,REGULAR,Round 22,LEAGUE,134,Burton Albion,Visita,1ST,16/12/2023,22,0,44%,0.00,0,1,1,0,,233,6,4,0,,0,0,1,0,0,1,,0,,,0,1,180,12,15,,18/42 (43%),0/1 (0%),53%,5,13/26 (50%),7/12 (58%),3/4 (75%),83%,6,3,21,6,,1,,,,,8
11371408,24,52370,NORMAL,REGULAR,Round 22,LEAGUE,134,Burton Albion,Visita,2ND,16/12/2023,22,0,38%,0.00,0,5,9,0,,165,9,2,1,,1,0,3,1,3,2,,0,,,0,0,130,16,18,,16/33 (48%),0/6 (0%),40%,5,12/29 (41%),4/11 (36%),1/6 (17%),67%,9,4,17,12,,9,,,,,3
11372664,24,52370,NORMAL,REGULAR,Round 23,LEAGUE,57,Northampton Town,Local,ALL,23/12/2023,23,2,58%,0.00,3,12,2,5,15,556,18,11,2,,5,1,5,2,8,4,2,1,,,3,2,447,26,83,,36/88 (41%),5/23 (22%),45%,13,35/80 (44%),15/30 (50%),6/15 (40%),67%,18,11,57,14,,2,,,,,8
11372664,24,52370,NORMAL,REGULAR,Round 23,LEAGUE,57,Northampton Town,Local,1ST,23/12/2023,23,0,62%,0.00,0,4,2,2,,342,9,3,0,,2,0,2,0,3,1,0,0,,,0,1,286,14,42,,15/43 (35%),1/9 (11%),42%,5,14/31 (45%),4/12 (33%),2/4 (50%),56%,9,4,28,4,,2,,,,,5
11372664,24,52370,NORMAL,REGULAR,Round 23,LEAGUE,57,Northampton Town,Local,2ND,23/12/2023,23,2,54%,0.00,3,8,0,3,,214,9,8,2,,3,1,3,2,5,3,2,1,,,3,1,161,12,41,,21/45 (47%),4/14 (29%),48%,8,21/49 (43%),11/18 (61%),4/11 (36%),78%,9,7,29,10,,0,,,,,3
11372664,24,52370,NORMAL,REGULAR,Round 23,LEAGUE,95,Oxford United,Visita,ALL,23/12/2023,23,1,42%,0.00,3,9,3,1,11,399,22,15,1,,3,0,3,3,4,5,1,2,,,3,1,288,24,64,,17/66 (26%),1/12 (8%),55%,10,45/80 (56%),15/30 (50%),8/16 (50%),82%,22,15,47,20,,3,,,,,4
11372664,24,52370,NORMAL,REGULAR,Round 23,LEAGUE,95,Oxford United,Visita,1ST,23/12/2023,23,0,38%,0.00,2,3,2,1,,213,7,6,0,,2,0,1,0,2,1,0,2,,,0,0,161,12,31,,9/36 (25%),1/5 (20%),58%,7,17/31 (55%),8/12 (67%),4/6 (67%),71%,7,11,25,5,,2,,,,,2
11372664,24,52370,NORMAL,REGULAR,Round 23,LEAGUE,95,Oxford United,Visita,2ND,23/12/2023,23,1,46%,0.00,1,6,1,0,,186,15,9,1,,1,0,2,3,2,4,1,0,,,3,1,127,12,33,,8/30 (27%),0/7 (0%),52%,3,28/49 (57%),7/18 (39%),4/10 (40%),87%,15,4,22,15,,1,,,,,2
11372652,24,52370,NORMAL,REGULAR,Round 24,LEAGUE,95,Oxford United,Local,ALL,26/12/2023,24,2,59%,0.00,2,16,1,4,9,530,14,14,2,,9,0,4,3,9,7,1,1,0,,4,1,414,26,66,,30/79 (38%),3/17 (18%),50%,9,39/78 (50%),24/47 (51%),11/22 (50%),71%,14,8,45,29,,1,,,,,10
11372652,24,52370,NORMAL,REGULAR,Round 24,LEAGUE,95,Oxford United,Local,1ST,26/12/2023,24,0,58%,0.00,1,3,1,1,,280,6,6,1,,3,0,0,0,2,1,0,1,0,,0,0,225,16,28,,17/36 (47%),0/6 (0%),52%,6,18/35 (51%),7/13 (54%),6/13 (46%),100%,6,2,21,11,,1,,,,,8
11372652,24,52370,NORMAL,REGULAR,Round 24,LEAGUE,95,Oxford United,Local,2ND,26/12/2023,24,2,61%,0.00,1,13,0,3,,250,8,8,1,,6,0,4,3,7,6,1,0,0,,4,1,189,10,38,,13/43 (30%),3/11 (27%),49%,3,21/43 (49%),17/34 (50%),5/9 (56%),50%,8,6,24,18,,0,,,,,2
11372652,24,52370,NORMAL,REGULAR,Round 24,LEAGUE,63,Cambridge United,Visita,ALL,26/12/2023,24,1,41%,0.00,2,15,7,6,15,357,20,9,4,,2,0,8,5,9,6,0,2,2,,2,1,238,27,71,,23/80 (29%),2/20 (10%),50%,7,39/78 (50%),23/47 (49%),11/18 (61%),70%,20,4,61,19,,7,,,,,10
11372652,24,52370,NORMAL,REGULAR,Round 24,LEAGUE,63,Cambridge United,Visita,1ST,26/12/2023,24,1,42%,0.00,2,11,3,4,,201,13,3,0,,2,0,7,2,7,4,0,2,2,,0,0,150,10,37,,10/39 (26%),2/9 (22%),48%,2,17/35 (49%),6/13 (46%),1/5 (20%),69%,13,4,33,4,,3,,,,,4
11372652,24,52370,NORMAL,REGULAR,Round 24,LEAGUE,63,Cambridge United,Visita,2ND,26/12/2023,24,0,39%,0.00,0,4,4,2,,156,7,6,4,,0,0,1,3,2,2,0,0,0,,2,1,88,17,34,,13/41 (32%),0/11 (0%),51%,5,22/43 (51%),17/34 (50%),10/13 (77%),71%,7,0,28,15,,4,,,,,6
11372648,24,52370,NORMAL,REGULAR,Round 25,LEAGUE,95,Oxford United,Local,ALL,29/12/2023,25,2,34%,0.00,1,9,2,2,4,299,18,16,1,,6,0,2,1,5,4,1,0,0,,4,1,202,17,45,,19/67 (28%),1/6 (17%),53%,12,39/67 (58%),23/49 (47%),6/11 (55%),44%,18,11,41,41,,2,,,,,10
11372648,24,52370,NORMAL,REGULAR,Round 25,LEAGUE,95,Oxford United,Local,1ST,29/12/2023,25,2,33%,0.00,1,6,1,2,,142,13,9,0,,5,0,1,0,2,4,1,0,0,,3,1,99,10,26,,7/28 (25%),1/5 (20%),54%,4,23/36 (64%),8/21 (38%),2/3 (67%),46%,13,5,24,15,,1,,,,,2
11372648,24,52370,NORMAL,REGULAR,Round 25,LEAGUE,95,Oxford United,Local,2ND,29/12/2023,25,0,36%,0.00,0,3,1,0,,157,5,7,1,,1,0,1,1,3,0,0,0,0,,1,0,103,7,19,,12/39 (31%),0/1 (0%),53%,8,16/31 (52%),15/28 (54%),4/8 (50%),40%,5,6,17,26,,1,,,,,8
11372648,24,52370,NORMAL,REGULAR,Round 25,LEAGUE,27,Derby County,Visita,ALL,29/12/2023,25,3,66%,0.00,7,21,4,19,17,528,17,4,4,,5,1,8,8,17,4,3,4,1,,3,3,426,42,61,,26/49 (53%),17/53 (32%),47%,12,28/67 (42%),26/49 (53%),7/13 (54%),65%,17,5,54,11,,4,,,,,5
11372648,24,52370,NORMAL,REGULAR,Round 25,LEAGUE,27,Derby County,Visita,1ST,29/12/2023,25,1,67%,0.00,3,8,3,10,,282,5,2,2,,2,1,3,3,7,1,1,2,0,,1,2,233,18,26,,11/23 (48%),5/20 (25%),46%,8,13/36 (36%),13/21 (62%),6/11 (55%),60%,5,1,30,4,,3,,,,,2
11372648,24,52370,NORMAL,REGULAR,Round 25,LEAGUE,27,Derby County,Visita,2ND,29/12/2023,25,2,64%,0.00,4,13,1,9,,246,12,2,2,,3,0,5,5,10,3,2,2,1,,2,1,193,24,35,,15/26 (58%),12/33 (36%),47%,4,15/31 (48%),13/28 (46%),1/2 (50%),67%,12,4,24,7,,1,,,,,3
11372636,24,52370,NORMAL,REGULAR,Round 26,LEAGUE,47,Charlton Athletic,Local,ALL,01/01/2024,26,1,42%,0.00,3,11,2,9,11,436,13,8,2,,3,0,5,3,8,3,1,2,1,,,2,352,19,53,,21/48 (44%),2/18 (11%),56%,7,28/55 (51%),12/17 (71%),7/14 (50%),69%,13,10,50,16,,2,,,,,2
11372636,24,52370,NORMAL,REGULAR,Round 26,LEAGUE,47,Charlton Athletic,Local,1ST,01/01/2024,26,1,44%,0.00,2,8,1,5,,236,7,4,0,,2,0,3,3,6,2,1,1,0,,,0,200,6,31,,12/24 (50%),2/11 (18%),53%,2,15/26 (58%),2/6 (33%),4/7 (57%),100%,7,6,26,4,,1,,,,,0
11372636,24,52370,NORMAL,REGULAR,Round 26,LEAGUE,47,Charlton Athletic,Local,2ND,01/01/2024,26,0,39%,0.00,1,3,1,4,,200,6,4,2,,1,0,2,0,2,1,0,1,1,,,2,152,13,22,,9/24 (38%),0/7 (0%),58%,5,13/29 (45%),10/11 (91%),3/7 (43%),33%,6,4,24,12,,1,,,,,2
11372636,24,52370,NORMAL,REGULAR,Round 26,LEAGUE,95,Oxford United,Visita,ALL,01/01/2024,26,2,58%,0.00,2,12,2,3,10,625,14,10,2,,4,0,3,5,8,4,1,1,1,,,5,546,20,73,,54/88 (61%),5/13 (38%),44%,7,27/55 (49%),5/17 (29%),3/9 (33%),71%,14,15,42,14,,2,,,,,12
11372636,24,52370,NORMAL,REGULAR,Round 26,LEAGUE,95,Oxford United,Visita,1ST,01/01/2024,26,1,56%,0.00,2,5,1,1,,310,5,4,1,,2,0,0,3,4,1,1,1,0,,,3,271,13,27,,34/52 (65%),1/3 (33%),47%,4,11/26 (42%),4/6 (67%),2/5 (40%),60%,5,9,20,6,,1,,,,,6
11372636,24,52370,NORMAL,REGULAR,Round 26,LEAGUE,95,Oxford United,Visita,2ND,01/01/2024,26,1,61%,0.00,0,7,1,2,,315,9,6,1,,2,0,3,2,4,3,0,0,1,,,2,275,7,46,,20/36 (56%),4/10 (40%),42%,3,16/29 (55%),1/11 (9%),1/4 (25%),78%,9,6,22,8,,1,,,,,6
11908337,334,53537,SPECIAL_EVENT,PLAYOFF,Round 3,SUPER_CUP,23957,AFC Wimbledon,Local,ALL,09/01/2024,3,2,38%,0.00,0,15,7,0,8,444,10,7,2,0,7,0,4,4,9,6,,0,0,,3,2,345,14,59,,35/81 (43%),2/10 (20%),45%,5,21/47 (45%),13/28 (46%),4/11 (36%),60%,10,5,58,9,,7,,,,,12
11908337,334,53537,SPECIAL_EVENT,PLAYOFF,Round 3,SUPER_CUP,23957,AFC Wimbledon,Local,1ST,09/01/2024,3,1,41%,0.00,0,8,5,0,,244,5,2,0,0,3,0,3,2,5,3,,0,0,,0,2,186,6,30,,18/40 (45%),0/5 (0%),55%,1,8/13 (62%),8/16 (50%),1/3 (33%),60%,5,5,36,2,,5,,,,,5
11908337,334,53537,SPECIAL_EVENT,PLAYOFF,Round 3,SUPER_CUP,23957,AFC Wimbledon,Local,2ND,09/01/2024,3,1,36%,0.00,0,7,2,0,,200,5,5,2,0,4,0,1,2,4,3,,0,0,,3,0,159,8,29,,17/41 (41%),2/5 (40%),39%,4,13/34 (38%),5/12 (42%),3/8 (38%),60%,5,0,22,7,,2,,,,,7
11908337,334,53537,SPECIAL_EVENT,PLAYOFF,Round 3,SUPER_CUP,95,Oxford United,Visita,ALL,09/01/2024,3,0,62%,0.00,1,18,5,7,7,725,12,7,0,1,7,0,9,2,12,6,,1,1,,2,1,623,10,71,,39/72 (54%),1/12 (8%),55%,1,26/47 (55%),15/28 (54%),7/16 (44%),58%,12,7,49,12,,5,,,,,6
11908337,334,53537,SPECIAL_EVENT,PLAYOFF,Round 3,SUPER_CUP,95,Oxford United,Visita,1ST,09/01/2024,3,0,59%,0.00,1,10,2,5,,365,3,0,0,0,5,0,5,0,6,4,,1,1,,0,1,310,7,39,,22/44 (50%),1/8 (13%),45%,0,5/13 (38%),8/16 (50%),2/7 (29%),33%,3,4,31,8,,2,,,,,4
11908337,334,53537,SPECIAL_EVENT,PLAYOFF,Round 3,SUPER_CUP,95,Oxford United,Visita,2ND,09/01/2024,3,0,64%,0.00,0,8,3,2,,360,9,7,0,1,2,0,4,2,6,2,,0,0,,2,0,313,3,32,,17/28 (61%),0/4 (0%),61%,1,21/34 (62%),7/12 (58%),5/9 (56%),67%,9,3,18,4,,3,,,,,2
11372613,24,52370,NORMAL,REGULAR,Round 28,LEAGUE,78,Carlisle United,Local,ALL,13/01/2024,28,1,44%,0.00,1,17,4,3,7,424,13,4,4,,8,0,4,5,9,8,0,1,0,,1,7,289,23,89,,36/89 (40%),1/13 (8%),46%,4,22/46 (48%),25/56 (45%),5/12 (42%),69%,13,7,76,10,,4,,,,,6
11372613,24,52370,NORMAL,REGULAR,Round 28,LEAGUE,78,Carlisle United,Local,1ST,13/01/2024,28,0,40%,0.00,0,7,1,2,,201,5,0,3,,3,0,1,3,2,5,0,0,0,,0,2,136,14,41,,13/39 (33%),1/5 (20%),35%,2,7/20 (35%),8/23 (35%),2/7 (29%),80%,5,5,33,7,,1,,,,,4
11372613,24,52370,NORMAL,REGULAR,Round 28,LEAGUE,78,Carlisle United,Local,2ND,13/01/2024,28,1,47%,0.00,1,10,3,1,,223,8,4,1,,5,0,3,2,7,3,0,1,0,,1,5,153,9,48,,23/50 (46%),0/8 (0%),54%,2,15/26 (58%),17/33 (52%),3/5 (60%),63%,8,2,43,3,,3,,,,,2
11372613,24,52370,NORMAL,REGULAR,Round 28,LEAGUE,95,Oxford United,Visita,ALL,13/01/2024,28,3,56%,0.00,2,11,7,3,4,557,11,7,2,,7,0,3,1,6,5,2,0,2,,0,1,418,19,55,,33/82 (40%),1/9 (11%),54%,6,24/46 (52%),31/56 (55%),6/13 (46%),73%,11,6,77,12,,7,,,,,8
11372613,24,52370,NORMAL,REGULAR,Round 28,LEAGUE,95,Oxford United,Visita,1ST,13/01/2024,28,1,60%,0.00,1,5,3,2,,302,7,5,0,,2,0,2,1,3,2,1,0,1,,0,0,235,12,30,,16/35 (46%),1/5 (20%),65%,2,13/20 (65%),15/23 (65%),1/4 (25%),57%,7,5,38,5,,3,,,,,1
11372613,24,52370,NORMAL,REGULAR,Round 28,LEAGUE,95,Oxford United,Visita,2ND,13/01/2024,28,2,53%,0.00,1,6,4,1,,255,4,2,2,,5,0,1,0,3,3,1,0,1,,0,1,183,7,25,,17/47 (36%),0/4 (0%),46%,4,11/26 (42%),16/33 (48%),5/9 (56%),100%,4,1,39,7,,4,,,,,7
11916936,24,52370,NORMAL,REGULAR,Round 27,LEAGUE,95,Oxford United,Local,ALL,23/01/2024,27,0,59%,0.00,2,17,1,2,12,512,10,14,3,,4,1,10,3,6,11,,2,,,1,2,374,39,68,,36/89 (40%),2/6 (33%),53%,7,32/57 (56%),23/47 (49%),9/13 (69%),60%,10,3,46,16,,1,,,,,9
11916936,24,52370,NORMAL,REGULAR,Round 27,LEAGUE,95,Oxford United,Local,1ST,23/01/2024,27,0,50%,0.00,1,5,0,1,,228,4,4,0,,0,0,5,0,3,2,,1,,,0,0,148,17,21,,17/43 (40%),1/3 (33%),47%,3,8/18 (44%),14/29 (48%),1/2 (50%),50%,4,1,21,9,,0,,,,,7
11916936,24,52370,NORMAL,REGULAR,Round 27,LEAGUE,95,Oxford United,Local,2ND,23/01/2024,27,0,70%,0.00,1,12,1,1,,284,6,10,3,,4,1,5,3,3,9,,1,,,1,2,226,22,47,,19/46 (41%),1/3 (33%),58%,4,24/39 (62%),9/18 (50%),8/11 (73%),67%,6,2,25,7,,1,,,,,2
11916936,24,52370,NORMAL,REGULAR,Round 27,LEAGUE,23,Barnsley,Visita,ALL,23/01/2024,27,1,41%,0.00,0,8,4,4,14,340,11,11,4,,1,0,6,1,5,3,,0,,,2,4,195,35,94,,31/89 (35%),7/19 (37%),47%,5,25/57 (44%),24/47 (51%),4/9 (44%),64%,11,9,42,11,,4,,,,,11
11916936,24,52370,NORMAL,REGULAR,Round 27,LEAGUE,23,Barnsley,Visita,1ST,23/01/2024,27,1,50%,0.00,0,5,0,2,,224,4,4,1,,0,0,5,0,3,2,,0,,,1,3,143,18,57,,19/50 (38%),4/13 (31%),53%,2,10/18 (56%),15/29 (52%),3/5 (60%),75%,4,5,24,3,,0,,,,,4
11916936,24,52370,NORMAL,REGULAR,Round 27,LEAGUE,23,Barnsley,Visita,2ND,23/01/2024,27,0,30%,0.00,0,3,4,2,,116,7,7,3,,1,0,1,1,2,1,,0,,,1,1,52,17,37,,12/39 (31%),3/6 (50%),42%,3,15/39 (38%),9/18 (50%),1/4 (25%),57%,7,4,18,8,,4,,,,,7
11372591,24,52370,NORMAL,REGULAR,Round 30,LEAGUE,76,Bristol Rovers,Local,ALL,27/01/2024,30,3,42%,0.00,3,9,4,5,12,392,28,4,1,,6,0,1,2,5,4,2,1,4,,0,,258,22,92,,30/89 (34%),5/21 (24%),42%,9,36/77 (47%),8/29 (28%),4/11 (36%),54%,28,9,70,22,,4,,,,,6
11372591,24,52370,NORMAL,REGULAR,Round 30,LEAGUE,76,Bristol Rovers,Local,1ST,27/01/2024,30,2,50%,0.00,1,3,0,2,,229,10,3,1,,3,0,0,0,1,2,1,0,2,,0,,151,17,53,,21/54 (39%),2/12 (17%),42%,4,14/29 (48%),4/14 (29%),1/4 (25%),70%,10,1,28,5,,0,,,,,4
11372591,24,52370,NORMAL,REGULAR,Round 30,LEAGUE,76,Bristol Rovers,Local,2ND,27/01/2024,30,1,34%,0.00,2,6,4,3,,163,18,1,0,,3,0,1,2,4,2,1,1,2,,0,,107,5,39,,9/35 (26%),3/9 (33%),41%,5,22/48 (46%),4/15 (27%),3/7 (43%),44%,18,8,42,17,,4,,,,,2
11372591,24,52370,NORMAL,REGULAR,Round 30,LEAGUE,95,Oxford United,Visita,ALL,27/01/2024,30,1,58%,0.00,0,10,3,5,4,552,16,12,1,,5,0,1,4,6,4,0,0,1,,1,,424,26,79,,33/88 (38%),3/17 (18%),58%,17,41/77 (53%),21/29 (72%),13/24 (54%),50%,16,8,71,23,,3,,,,,3
11372591,24,52370,NORMAL,REGULAR,Round 30,LEAGUE,95,Oxford United,Visita,1ST,27/01/2024,30,0,50%,0.00,0,1,1,2,,235,7,6,1,,0,0,1,0,0,1,0,0,1,,0,,161,11,42,,11/48 (23%),0/3 (0%),58%,6,15/29 (52%),10/14 (71%),2/6 (33%),43%,7,5,32,13,,1,,,,,1
11372591,24,52370,NORMAL,REGULAR,Round 30,LEAGUE,95,Oxford United,Visita,2ND,27/01/2024,30,1,66%,0.00,0,9,2,3,,317,9,6,0,,5,0,0,4,6,3,0,0,0,,1,,263,15,37,,22/40 (55%),3/14 (21%),59%,11,26/48 (54%),11/15 (73%),11/18 (61%),56%,9,3,39,10,,2,,,,,2
11965853,24,52370,NORMAL,REGULAR,Round 18,LEAGUE,95,Oxford United,Local,ALL,30/01/2024,18,2,35%,0.00,1,13,3,6,8,300,14,11,0,,4,0,3,6,7,6,1,0,,,2,2,201,31,46,,25/77 (32%),1/17 (6%),50%,7,33/56 (59%),25/60 (42%),8/12 (67%),64%,14,5,61,28,,3,,,,,11
11965853,24,52370,NORMAL,REGULAR,Round 18,LEAGUE,95,Oxford United,Local,1ST,30/01/2024,18,1,32%,0.00,0,2,0,2,,147,5,3,0,,1,0,0,1,0,2,0,0,,,1,2,100,16,23,,12/37 (32%),0/7 (0%),47%,5,11/23 (48%),12/26 (46%),3/5 (60%),100%,5,3,28,14,,0,,,,,4
11965853,24,52370,NORMAL,REGULAR,Round 18,LEAGUE,95,Oxford United,Local,2ND,30/01/2024,18,1,39%,0.00,1,11,3,4,,153,9,8,0,,3,0,3,5,7,4,1,0,,,1,0,101,15,23,,13/40 (33%),1/10 (10%),52%,2,22/33 (67%),13/34 (38%),5/7 (71%),44%,9,2,33,14,,3,,,,,7
11965853,24,52370,NORMAL,REGULAR,Round 18,LEAGUE,2,Portsmouth,Visita,ALL,30/01/2024,18,2,65%,0.00,3,17,2,3,11,570,11,8,2,,6,0,7,4,11,6,1,2,,,0,0,444,32,70,,32/66 (48%),7/19 (37%),50%,9,23/56 (41%),35/60 (58%),5/10 (50%),82%,11,5,54,21,,2,,,,,7
11965853,24,52370,NORMAL,REGULAR,Round 18,LEAGUE,2,Portsmouth,Visita,1ST,30/01/2024,18,0,68%,0.00,0,5,0,0,,317,7,4,0,,0,0,3,2,2,3,0,0,,,0,0,260,18,27,,19/34 (56%),2/8 (25%),53%,4,12/23 (52%),14/26 (54%),1/2 (50%),86%,7,4,25,9,,0,,,,,2
11965853,24,52370,NORMAL,REGULAR,Round 18,LEAGUE,2,Portsmouth,Visita,2ND,30/01/2024,18,2,61%,0.00,3,12,2,3,,253,4,4,2,,6,0,4,2,9,3,1,2,,,0,0,184,14,43,,13/32 (41%),5/11 (45%),48%,5,11/33 (33%),21/34 (62%),4/8 (50%),75%,4,1,29,12,,2,,,,,5
11372574,24,52370,NORMAL,REGULAR,Round 31,LEAGUE,95,Oxford United,Local,ALL,03/02/2024,31,1,41%,0.00,1,9,1,5,12,322,20,13,1,,4,0,1,4,3,6,1,,,,2,4,196,37,70,,24/76 (32%),4/13 (31%),52%,18,44/86 (51%),25/47 (53%),11/18 (61%),65%,20,8,53,28,,1,,,,,9
11372574,24,52370,NORMAL,REGULAR,Round 31,LEAGUE,95,Oxford United,Local,1ST,03/02/2024,31,1,42%,0.00,1,3,0,1,,171,10,6,0,,2,0,0,1,2,1,1,,,,0,2,112,20,27,,18/44 (41%),1/7 (14%),56%,9,22/40 (55%),17/30 (57%),6/8 (75%),60%,10,2,29,8,,0,,,,,6
11372574,24,52370,NORMAL,REGULAR,Round 31,LEAGUE,95,Oxford United,Local,2ND,03/02/2024,31,0,41%,0.00,0,6,1,4,,151,10,7,1,,2,0,1,3,1,5,0,,,,2,2,84,17,43,,6/32 (19%),3/6 (50%),48%,9,22/46 (48%),8/17 (47%),5/10 (50%),70%,10,6,24,20,,1,,,,,3
11372574,24,52370,NORMAL,REGULAR,Round 31,LEAGUE,28,Reading,Visita,ALL,03/02/2024,31,1,59%,0.00,0,7,3,2,13,457,25,12,3,,1,0,3,3,3,4,0,,,,0,2,309,37,75,,32/87 (37%),3/17 (18%),48%,15,42/86 (49%),22/47 (47%),5/10 (50%),68%,25,8,62,16,,3,,,,,4
11372574,24,52370,NORMAL,REGULAR,Round 31,LEAGUE,28,Reading,Visita,1ST,03/02/2024,31,0,58%,0.00,0,3,1,0,,239,11,5,1,,0,0,1,2,1,2,0,,,,0,2,172,17,31,,17/43 (40%),1/7 (14%),44%,8,18/40 (45%),13/30 (43%),2/4 (50%),55%,11,5,35,4,,1,,,,,1
11372574,24,52370,NORMAL,REGULAR,Round 31,LEAGUE,28,Reading,Visita,2ND,03/02/2024,31,1,59%,0.00,0,4,2,2,,218,14,7,2,,1,0,2,1,2,2,0,,,,0,0,137,20,44,,15/44 (34%),2/10 (20%),52%,7,24/46 (52%),9/17 (53%),3/6 (50%),79%,14,3,27,12,,2,,,,,3
11372568,24,52370,NORMAL,REGULAR,Round 32,LEAGUE,67,Blackpool,Local,ALL,10/02/2024,32,1,54%,0.00,2,16,0,6,9,453,16,9,3,,6,0,3,7,11,5,1,1,0,,3,0,317,30,90,,37/108 (34%),6/28 (21%),49%,8,28/61 (46%),28/53 (53%),3/14 (21%),44%,16,7,67,8,,0,,,,,8
11372568,24,52370,NORMAL,REGULAR,Round 32,LEAGUE,67,Blackpool,Local,1ST,10/02/2024,32,1,55%,0.00,1,9,0,3,,235,6,3,1,,1,0,3,5,7,2,1,0,0,,2,0,170,11,42,,18/57 (32%),5/15 (33%),47%,6,10/26 (38%),17/31 (55%),1/4 (25%),33%,6,5,31,3,,0,,,,,5
11372568,24,52370,NORMAL,REGULAR,Round 32,LEAGUE,67,Blackpool,Local,2ND,10/02/2024,32,0,54%,0.00,1,7,0,3,,218,10,6,2,,5,0,0,2,4,3,0,1,0,,1,0,147,19,48,,19/51 (37%),1/13 (8%),51%,2,18/35 (51%),11/22 (50%),2/10 (20%),50%,10,2,36,5,,0,,,,,3
11372568,24,52370,NORMAL,REGULAR,Round 32,LEAGUE,95,Oxford United,Visita,ALL,10/02/2024,32,1,46%,0.00,2,8,5,5,9,389,19,9,1,,2,1,5,1,3,5,0,2,1,,1,2,239,26,62,,31/94 (33%),4/15 (27%),51%,11,33/61 (54%),25/53 (47%),5/10 (50%),79%,19,3,72,28,,5,,,,,7
11372568,24,52370,NORMAL,REGULAR,Round 32,LEAGUE,95,Oxford United,Visita,1ST,10/02/2024,32,1,45%,0.00,1,4,0,5,,196,9,3,0,,2,0,2,0,2,2,0,1,1,,0,1,125,12,27,,12/43 (28%),2/8 (25%),53%,3,16/26 (62%),14/31 (45%),4/7 (57%),89%,9,1,34,10,,0,,,,,4
11372568,24,52370,NORMAL,REGULAR,Round 32,LEAGUE,95,Oxford United,Visita,2ND,10/02/2024,32,0,46%,0.00,1,4,5,0,,193,10,6,1,,0,1,3,1,1,3,0,1,0,,1,1,114,14,35,,19/51 (37%),2/7 (29%),49%,8,17/35 (49%),11/22 (50%),1/3 (33%),70%,10,2,38,18,,5,,,,,3
11372550,24,52370,NORMAL,REGULAR,Round 33,LEAGUE,95,Oxford United,Local,ALL,13/02/2024,33,4,47%,0.00,1,15,3,2,21,361,13,8,3,,5,2,5,5,8,7,1,,,,3,1,271,37,65,,26/64 (41%),5/16 (31%),40%,6,25/65 (38%),13/30 (43%),4/11 (36%),69%,13,6,50,18,,3,,,,,11
11372550,24,52370,NORMAL,REGULAR,Round 33,LEAGUE,95,Oxford United,Local,1ST,13/02/2024,33,1,47%,0.00,0,5,1,1,,179,6,5,1,,1,1,3,1,4,1,0,,,,2,1,130,16,28,,14/33 (42%),4/9 (44%),52%,3,13/32 (41%),9/10 (90%),2/4 (50%),83%,6,3,27,1,,1,,,,,8
11372550,24,52370,NORMAL,REGULAR,Round 33,LEAGUE,95,Oxford United,Local,2ND,13/02/2024,33,3,47%,0.00,1,10,2,1,,182,7,3,2,,4,1,2,4,4,6,1,,,,1,0,141,21,37,,12/31 (39%),1/7 (14%),30%,3,12/33 (36%),4/20 (20%),2/7 (29%),57%,7,3,23,17,,2,,,,,3
11372550,24,52370,NORMAL,REGULAR,Round 33,LEAGUE,49,Wigan Athletic,Visita,ALL,13/02/2024,33,2,53%,0.00,1,11,1,5,8,411,13,20,4,,5,1,5,1,9,2,1,,,,5,2,315,30,59,,30/69 (43%),5/22 (23%),60%,8,40/65 (62%),17/30 (57%),8/13 (62%),69%,13,5,52,12,,1,,,,,3
11372550,24,52370,NORMAL,REGULAR,Round 33,LEAGUE,49,Wigan Athletic,Visita,1ST,13/02/2024,33,1,53%,0.00,0,6,0,1,,211,5,11,3,,2,0,3,1,4,2,0,,,,3,1,168,21,28,,20/36 (56%),1/7 (14%),48%,4,19/32 (59%),1/10 (10%),4/6 (67%),80%,5,5,26,7,,0,,,,,0
11372550,24,52370,NORMAL,REGULAR,Round 33,LEAGUE,49,Wigan Athletic,Visita,2ND,13/02/2024,33,1,53%,0.00,1,5,1,4,,200,8,9,1,,3,1,2,0,5,0,1,,,,2,1,147,9,31,,10/33 (30%),4/15 (27%),70%,4,21/33 (64%),16/20 (80%),4/7 (57%),63%,8,0,26,5,,1,,,,,3
11368057,24,52370,NORMAL,REGULAR,Round 34,LEAGUE,62,Wycombe Wanderers,Local,ALL,17/02/2024,34,0,46%,0.00,2,10,2,8,10,339,11,12,0,,4,0,5,1,9,1,,2,,,0,1,216,32,98,,22/89 (25%),7/25 (28%),45%,8,28/56 (50%),22/55 (40%),5/10 (50%),55%,11,3,59,13,,2,,,,,7
11368057,24,52370,NORMAL,REGULAR,Round 34,LEAGUE,62,Wycombe Wanderers,Local,1ST,17/02/2024,34,0,50%,0.00,2,8,0,6,,166,4,7,0,,4,0,3,1,7,1,,2,,,0,1,109,17,45,,10/44 (23%),3/14 (21%),41%,8,13/30 (43%),9/24 (38%),2/4 (50%),25%,4,1,24,7,,0,,,,,3
11368057,24,52370,NORMAL,REGULAR,Round 34,LEAGUE,62,Wycombe Wanderers,Local,2ND,17/02/2024,34,0,44%,0.00,0,2,2,2,,173,7,5,0,,0,0,2,0,2,0,,0,,,0,0,107,15,53,,12/45 (27%),4/11 (36%),49%,0,15/26 (58%),13/31 (42%),3/6 (50%),71%,7,2,35,6,,2,,,,,4
11368057,24,52370,NORMAL,REGULAR,Round 34,LEAGUE,95,Oxford United,Visita,ALL,17/02/2024,34,0,54%,0.00,1,9,4,3,13,404,13,10,3,,2,0,6,1,5,4,,1,,,1,0,284,20,48,,34/82 (41%),4/14 (29%),55%,4,28/56 (50%),33/55 (60%),6/13 (46%),46%,13,7,61,29,,4,,,,,12
11368057,24,52370,NORMAL,REGULAR,Round 34,LEAGUE,95,Oxford United,Visita,1ST,17/02/2024,34,0,50%,0.00,0,4,4,2,,178,10,4,1,,0,0,3,1,1,3,,0,,,0,0,113,13,21,,13/41 (32%),1/4 (25%),59%,1,17/30 (57%),15/24 (63%),3/6 (50%),50%,10,2,26,17,,4,,,,,7
11368057,24,52370,NORMAL,REGULAR,Round 34,LEAGUE,95,Oxford United,Visita,2ND,17/02/2024,34,0,56%,0.00,1,5,0,1,,226,3,6,2,,2,0,3,0,4,1,,1,,,1,0,171,7,27,,21/41 (51%),3/10 (30%),51%,3,11/26 (42%),18/31 (58%),3/7 (43%),33%,3,5,35,12,,0,,,,,5
12009066,24,52370,NORMAL,REGULAR,Round 29,LEAGUE,95,Oxford United,Local,ALL,20/02/2024,29,2,62%,0.00,2,18,0,7,5,559,7,11,1,,6,0,7,5,8,10,0,2,0,,2,2,472,25,77,,45/86 (52%),6/26 (23%),56%,6,26/47 (55%),12/21 (57%),8/14 (57%),29%,7,11,59,4,,0,,,,,3
12009066,24,52370,NORMAL,REGULAR,Round 29,LEAGUE,95,Oxford United,Local,1ST,20/02/2024,29,1,64%,0.00,0,6,0,2,,301,3,6,0,,3,0,0,3,1,5,0,0,0,,2,0,256,11,33,,27/54 (50%),2/13 (15%),58%,2,14/22 (64%),4/9 (44%),5/8 (63%),33%,3,5,31,2,,0,,,,,2
12009066,24,52370,NORMAL,REGULAR,Round 29,LEAGUE,95,Oxford United,Local,2ND,20/02/2024,29,1,61%,0.00,2,12,0,5,,258,4,5,1,,3,0,7,2,7,5,0,2,0,,0,2,216,14,44,,18/32 (56%),4/13 (31%),54%,4,12/25 (48%),8/12 (67%),3/6 (50%),25%,4,6,28,2,,0,,,,,1
12009066,24,52370,NORMAL,REGULAR,Round 29,LEAGUE,57,Northampton Town,Visita,ALL,20/02/2024,29,2,38%,0.00,1,6,4,0,11,345,12,4,4,,2,0,1,3,4,2,1,0,1,,0,0,235,19,53,,17/64 (27%),2/4 (50%),44%,5,21/47 (45%),9/21 (43%),5/7 (71%),67%,12,6,58,23,,4,,,,,13
12009066,24,52370,NORMAL,REGULAR,Round 29,LEAGUE,57,Northampton Town,Visita,1ST,20/02/2024,29,1,36%,0.00,1,2,2,0,,170,5,0,0,,1,0,0,1,2,0,1,0,1,,0,0,116,12,29,,12/34 (35%),1/3 (33%),42%,2,8/22 (36%),5/9 (56%),3/4 (75%),40%,5,4,32,13,,2,,,,,3
12009066,24,52370,NORMAL,REGULAR,Round 29,LEAGUE,57,Northampton Town,Visita,2ND,20/02/2024,29,1,39%,0.00,0,4,2,0,,175,7,4,4,,1,0,1,2,2,2,0,0,0,,0,0,119,7,24,,5/30 (17%),1/1 (100%),46%,3,13/25 (52%),4/12 (33%),2/3 (67%),86%,7,2,26,10,,2,,,,,10
11368031,24,52370,NORMAL,REGULAR,Round 35,LEAGUE,95,Oxford United,Local,ALL,24/02/2024,35,1,49%,0.00,0,12,5,5,7,420,13,18,2,,6,0,3,3,5,7,,0,,,2,0,295,30,60,,34/77 (44%),6/14 (43%),60%,7,36/62 (58%),31/49 (63%),6/14 (43%),46%,13,7,49,21,,5,,,,,7
11368031,24,52370,NORMAL,REGULAR,Round 35,LEAGUE,95,Oxford United,Local,1ST,24/02/2024,35,1,39%,0.00,0,2,4,0,,183,6,10,1,,2,0,0,0,1,1,,0,,,0,0,122,12,29,,15/41 (37%),0/0 (0%),59%,3,17/32 (53%),16/24 (67%),2/6 (33%),17%,6,3,19,13,,4,,,,,5
11368031,24,52370,NORMAL,REGULAR,Round 35,LEAGUE,95,Oxford United,Local,2ND,24/02/2024,35,0,60%,0.00,0,10,1,5,,237,7,8,1,,4,0,3,3,4,6,,0,,,2,0,173,18,31,,19/36 (53%),6/14 (43%),62%,4,19/30 (63%),15/25 (60%),4/8 (50%),71%,7,4,30,8,,1,,,,,2
11368031,24,52370,NORMAL,REGULAR,Round 35,LEAGUE,83,Leyton Orient,Visita,ALL,24/02/2024,35,2,51%,0.00,1,12,5,5,19,447,15,6,6,,7,0,1,4,8,4,,1,,,2,1,321,27,82,,24/79 (30%),4/10 (40%),40%,6,26/62 (42%),18/49 (37%),6/13 (46%),73%,15,8,49,21,,5,,,,,4
11368031,24,52370,NORMAL,REGULAR,Round 35,LEAGUE,83,Leyton Orient,Visita,1ST,24/02/2024,35,0,61%,0.00,1,7,1,2,,281,7,4,3,,4,0,1,2,4,3,,1,,,1,0,223,12,40,,19/42 (45%),2/7 (29%),41%,2,15/32 (47%),8/24 (33%),4/8 (50%),71%,7,4,21,4,,1,,,,,0
11368031,24,52370,NORMAL,REGULAR,Round 35,LEAGUE,83,Leyton Orient,Visita,2ND,24/02/2024,35,2,40%,0.00,0,5,4,3,,166,8,2,3,,3,0,0,2,4,1,,0,,,1,1,98,15,42,,5/37 (14%),2/3 (67%),38%,4,11/30 (37%),10/25 (40%),2/5 (40%),75%,8,4,28,17,,4,,,,,4
11367995,24,52370,NORMAL,REGULAR,Round 36,LEAGUE,2,Portsmouth,Local,ALL,02/03/2024,36,2,50%,0.00,0,11,3,5,19,377,12,16,4,,5,0,4,2,6,5,0,,1,,4,1,269,26,65,,20/58 (34%),4/16 (25%),50%,8,33/72 (46%),26/45 (58%),5/12 (42%),83%,12,7,44,21,,3,,,,,7
11367995,24,52370,NORMAL,REGULAR,Round 36,LEAGUE,2,Portsmouth,Local,1ST,02/03/2024,36,1,51%,0.00,0,9,2,4,,210,4,7,1,,4,0,3,2,6,3,0,,1,,2,0,154,12,36,,8/27 (30%),3/10 (30%),51%,4,14/31 (45%),13/22 (59%),3/6 (50%),75%,4,3,23,6,,2,,,,,4
11367995,24,52370,NORMAL,REGULAR,Round 36,LEAGUE,2,Portsmouth,Local,2ND,02/03/2024,36,1,47%,0.00,0,2,1,1,,167,8,9,3,,1,0,1,0,0,2,0,,0,,2,1,115,14,29,,12/31 (39%),1/6 (17%),50%,4,19/41 (46%),13/23 (57%),2/6 (33%),88%,8,4,21,15,,1,,,,,3
11367995,24,52370,NORMAL,REGULAR,Round 36,LEAGUE,95,Oxford United,Visita,ALL,02/03/2024,36,1,50%,0.00,1,18,3,7,16,376,15,19,3,,5,2,5,8,12,6,1,,0,,6,0,281,18,67,,19/69 (28%),3/22 (14%),50%,2,39/72 (54%),19/45 (42%),5/15 (33%),73%,15,12,55,16,,3,,,,,5
11367995,24,52370,NORMAL,REGULAR,Round 36,LEAGUE,95,Oxford United,Visita,1ST,02/03/2024,36,1,49%,0.00,1,7,3,2,,197,7,9,2,,3,1,3,1,4,3,1,,0,,3,0,148,7,33,,12/36 (33%),0/7 (0%),49%,0,17/31 (55%),9/22 (41%),1/5 (20%),86%,7,5,29,9,,3,,,,,2
11367995,24,52370,NORMAL,REGULAR,Round 36,LEAGUE,95,Oxford United,Visita,2ND,02/03/2024,36,0,53%,0.00,0,11,0,5,,179,8,10,1,,2,1,2,7,8,3,0,,0,,3,0,133,11,34,,7/33 (21%),3/15 (20%),50%,2,22/41 (54%),10/23 (43%),4/10 (40%),63%,8,7,26,7,,0,,,,,3
11367954,24,52370,NORMAL,REGULAR,Round 37,LEAGUE,95,Oxford United,Local,ALL,09/03/2024,37,2,55%,0.00,1,18,2,4,6,488,11,15,1,,8,0,4,6,6,12,1,,,,2,1,361,25,74,,35/90 (39%),5/20 (25%),63%,7,37/62 (60%),39/59 (66%),11/20 (55%),73%,11,11,53,21,,2,,,,,10
11367954,24,52370,NORMAL,REGULAR,Round 37,LEAGUE,95,Oxford United,Local,1ST,09/03/2024,37,1,60%,0.00,0,8,1,0,,255,8,8,0,,6,0,2,0,2,6,0,,,,2,0,195,12,38,,17/46 (37%),1/7 (14%),62%,4,21/34 (62%),18/29 (62%),5/10 (50%),75%,8,5,29,7,,1,,,,,3
11367954,24,52370,NORMAL,REGULAR,Round 37,LEAGUE,95,Oxford United,Local,2ND,09/03/2024,37,1,51%,0.00,1,10,1,4,,233,3,7,1,,2,0,2,6,4,6,1,,,,0,1,166,13,36,,18/44 (41%),4/13 (31%),64%,3,16/28 (57%),21/30 (70%),6/10 (60%),67%,3,6,24,14,,1,,,,,7
11367954,24,52370,NORMAL,REGULAR,Round 37,LEAGUE,69,Cheltenham Town,Visita,ALL,09/03/2024,37,1,45%,0.00,0,10,6,3,16,393,16,6,5,,3,0,2,5,3,7,0,,,,2,3,247,24,89,,27/96 (28%),3/20 (15%),37%,7,25/62 (40%),20/59 (34%),3/7 (43%),81%,16,8,63,19,,6,,,,,9
11367954,24,52370,NORMAL,REGULAR,Round 37,LEAGUE,69,Cheltenham Town,Visita,1ST,09/03/2024,37,0,40%,0.00,0,5,5,2,,169,9,2,2,,1,0,2,2,2,3,0,,,,0,2,96,12,41,,16/51 (31%),3/10 (30%),38%,7,13/34 (38%),11/29 (38%),2/3 (67%),78%,9,2,29,8,,5,,,,,8
11367954,24,52370,NORMAL,REGULAR,Round 37,LEAGUE,69,Cheltenham Town,Visita,2ND,09/03/2024,37,1,49%,0.00,0,5,1,1,,224,7,4,3,,2,0,0,3,1,4,0,,,,2,1,151,12,48,,11/45 (24%),0/10 (0%),36%,0,12/28 (43%),9/30 (30%),1/4 (25%),86%,7,6,34,11,,1,,,,,1
11367918,24,52370,NORMAL,REGULAR,Round 38,LEAGUE,5,Bolton Wanderers,Local,ALL,12/03/2024,38,5,64%,0.00,3,20,0,6,9,535,18,17,0,,8,0,6,6,11,9,2,1,1,,7,2,439,35,77,,30/63 (48%),7/22 (32%),55%,9,44/74 (59%),9/23 (39%),9/16 (56%),56%,18,5,52,5,,0,,,,,3
11367918,24,52370,NORMAL,REGULAR,Round 38,LEAGUE,5,Bolton Wanderers,Local,1ST,12/03/2024,38,2,67%,0.00,1,6,0,4,,298,7,8,0,,3,0,0,3,3,3,1,0,0,,1,2,246,14,39,,12/28 (43%),1/9 (11%),52%,5,19/38 (50%),6/10 (60%),4/7 (57%),57%,7,1,24,3,,0,,,,,1
11367918,24,52370,NORMAL,REGULAR,Round 38,LEAGUE,5,Bolton Wanderers,Local,2ND,12/03/2024,38,3,61%,0.00,2,14,0,2,,237,11,9,0,,5,0,6,3,8,6,1,1,1,,6,0,193,21,38,,18/35 (51%),6/13 (46%),57%,4,25/36 (69%),3/13 (23%),5/9 (56%),55%,11,4,28,2,,0,,,,,2
11367918,24,52370,NORMAL,REGULAR,Round 38,LEAGUE,95,Oxford United,Visita,ALL,12/03/2024,38,0,36%,0.00,0,4,3,1,17,307,16,9,3,,0,0,2,2,2,2,0,0,0,,3,0,216,21,44,,25/63 (40%),2/8 (25%),45%,9,30/74 (41%),14/23 (61%),5/14 (36%),56%,16,4,46,24,,3,,,,,14
11367918,24,52370,NORMAL,REGULAR,Round 38,LEAGUE,95,Oxford United,Visita,1ST,12/03/2024,38,0,33%,0.00,0,2,1,1,,147,8,8,0,,0,0,1,1,0,2,0,0,0,,3,0,105,10,17,,9/31 (29%),0/3 (0%),48%,3,19/38 (50%),4/10 (40%),3/7 (43%),50%,8,4,20,11,,1,,,,,5
11367918,24,52370,NORMAL,REGULAR,Round 38,LEAGUE,95,Oxford United,Visita,2ND,12/03/2024,38,0,39%,0.00,0,2,2,0,,160,8,1,3,,0,0,1,1,2,0,0,0,0,,0,0,111,11,27,,16/32 (50%),2/5 (40%),43%,6,11/36 (31%),10/13 (77%),2/7 (29%),63%,8,0,26,13,,2,,,,,9
11372541,24,52370,NORMAL,REGULAR,Round 39,LEAGUE,55,Port Vale,Local,ALL,16/03/2024,39,0,44%,0.00,0,8,4,3,14,370,9,12,2,,0,0,5,3,3,5,,0,,,1,1,269,22,76,,24/54 (44%),5/17 (29%),47%,4,30/65 (46%),15/30 (50%),9/21 (43%),78%,9,2,55,20,,4,,,,,9
11372541,24,52370,NORMAL,REGULAR,Round 39,LEAGUE,55,Port Vale,Local,1ST,16/03/2024,39,0,37%,0.00,0,3,3,2,,146,4,6,2,,0,0,2,1,1,2,,0,,,1,1,97,8,33,,7/27 (26%),3/7 (43%),50%,1,13/25 (52%),9/19 (47%),3/4 (75%),100%,4,2,25,14,,3,,,,,6
11372541,24,52370,NORMAL,REGULAR,Round 39,LEAGUE,55,Port Vale,Local,2ND,16/03/2024,39,0,51%,0.00,0,5,1,1,,224,5,6,0,,0,0,3,2,2,3,,0,,,0,0,172,14,43,,17/27 (63%),2/10 (20%),45%,3,17/40 (43%),6/11 (55%),6/17 (35%),60%,5,0,30,6,,1,,,,,3
11372541,24,52370,NORMAL,REGULAR,Round 39,LEAGUE,95,Oxford United,Visita,ALL,16/03/2024,39,2,56%,0.00,3,15,0,7,12,465,16,14,0,,6,0,7,2,14,1,,3,,,3,0,374,18,58,,29/77 (38%),8/21 (38%),53%,1,35/65 (54%),15/30 (50%),6/14 (43%),50%,16,6,54,23,,0,,,,,12
11372541,24,52370,NORMAL,REGULAR,Round 39,LEAGUE,95,Oxford United,Visita,1ST,16/03/2024,39,1,63%,0.00,1,10,0,4,,249,2,9,0,,4,0,4,2,9,1,,1,,,2,0,203,11,27,,17/39 (44%),5/16 (31%),50%,0,12/25 (48%),10/19 (53%),2/6 (33%),100%,2,2,19,5,,0,,,,,8
11372541,24,52370,NORMAL,REGULAR,Round 39,LEAGUE,95,Oxford United,Visita,2ND,16/03/2024,39,1,49%,0.00,2,5,0,3,,216,14,5,0,,2,0,3,0,5,0,,2,,,1,0,171,7,31,,12/38 (32%),3/5 (60%),55%,1,23/40 (57%),5/11 (45%),4/8 (50%),43%,14,4,35,18,,0,,,,,4
11372514,24,52370,NORMAL,REGULAR,Round 41,LEAGUE,82,Shrewsbury Town,Local,ALL,29/03/2024,41,1,42%,0.00,1,15,3,11,9,329,13,4,5,,3,1,9,3,7,8,0,1,,,0,2,228,27,51,,26/61 (43%),4/24 (17%),46%,12,24/56 (43%),14/26 (54%),7/12 (58%),54%,13,9,55,21,,3,,,,,9
11372514,24,52370,NORMAL,REGULAR,Round 41,LEAGUE,82,Shrewsbury Town,Local,1ST,29/03/2024,41,0,41%,0.00,1,9,2,6,,168,5,0,0,,2,0,6,1,4,5,0,1,,,0,1,115,15,29,,10/29 (34%),2/13 (15%),43%,2,6/19 (32%),7/11 (64%),1/3 (33%),40%,5,4,29,5,,2,,,,,3
11372514,24,52370,NORMAL,REGULAR,Round 41,LEAGUE,82,Shrewsbury Town,Local,2ND,29/03/2024,41,1,44%,0.00,0,6,1,5,,161,8,4,5,,1,1,3,2,3,3,0,0,,,0,1,113,12,22,,16/32 (50%),2/11 (18%),48%,10,18/37 (49%),7/15 (47%),6/9 (67%),63%,8,5,26,16,,1,,,,,6
11372514,24,52370,NORMAL,REGULAR,Round 41,LEAGUE,95,Oxford United,Visita,ALL,29/03/2024,41,1,58%,0.00,2,20,2,6,4,470,17,8,0,,5,0,7,8,13,7,1,1,,,5,1,372,28,67,,25/64 (39%),4/17 (24%),54%,4,32/56 (57%),12/26 (46%),7/16 (44%),59%,17,14,49,20,,2,,,,,8
11372514,24,52370,NORMAL,REGULAR,Round 41,LEAGUE,95,Oxford United,Visita,1ST,29/03/2024,41,0,59%,0.00,0,5,2,1,,259,4,5,0,,2,0,2,1,3,2,0,0,,,2,1,204,15,29,,15/37 (41%),3/8 (38%),57%,0,13/19 (68%),4/11 (36%),4/9 (44%),25%,4,5,27,10,,2,,,,,6
11372514,24,52370,NORMAL,REGULAR,Round 41,LEAGUE,95,Oxford United,Visita,2ND,29/03/2024,41,1,56%,0.00,2,15,0,5,,211,13,3,0,,3,0,5,7,10,5,1,1,,,3,0,168,13,38,,10/27 (37%),1/9 (11%),52%,4,19/37 (51%),8/15 (53%),3/7 (43%),69%,13,9,22,10,,0,,,,,2
11368285,24,52370,NORMAL,REGULAR,Round 42,LEAGUE,95,Oxford United,Local,ALL,01/04/2024,42,4,62%,0.00,5,21,3,7,10,580,10,9,0,,12,0,5,4,9,12,2,3,,,3,0,485,30,65,,34/77 (44%),6/19 (32%),46%,5,28/56 (50%),11/28 (39%),9/19 (47%),50%,10,7,54,14,,3,,,,,8
11368285,24,52370,NORMAL,REGULAR,Round 42,LEAGUE,95,Oxford United,Local,1ST,01/04/2024,42,3,65%,0.00,3,13,2,4,,285,5,5,0,,8,0,4,1,6,7,2,1,,,2,0,236,17,34,,15/30 (50%),5/11 (45%),59%,3,16/28 (57%),7/11 (64%),6/10 (60%),40%,5,5,27,6,,2,,,,,3
11368285,24,52370,NORMAL,REGULAR,Round 42,LEAGUE,95,Oxford United,Local,2ND,01/04/2024,42,1,60%,0.00,2,8,1,3,,295,5,4,0,,4,0,1,3,3,5,0,2,,,1,0,249,13,31,,19/47 (40%),1/8 (13%),36%,2,12/28 (43%),4/17 (24%),3/9 (33%),60%,5,2,27,8,,1,,,,,5
11368285,24,52370,NORMAL,REGULAR,Round 42,LEAGUE,23959,Fleetwood Town,Visita,ALL,01/04/2024,42,0,38%,0.00,2,11,8,3,9,345,15,9,2,,3,1,7,1,8,3,0,2,,,1,2,256,13,43,,22/56 (39%),4/16 (25%),54%,5,28/56 (50%),17/28 (61%),4/9 (44%),47%,15,11,55,17,,8,,,,,7
11368285,24,52370,NORMAL,REGULAR,Round 42,LEAGUE,23959,Fleetwood Town,Visita,1ST,01/04/2024,42,0,35%,0.00,1,6,5,1,,153,7,2,1,,2,1,4,0,3,3,0,1,,,1,1,107,7,16,,5/24 (21%),1/4 (25%),41%,3,12/28 (43%),4/11 (36%),3/5 (60%),43%,7,8,25,8,,5,,,,,6
11368285,24,52370,NORMAL,REGULAR,Round 42,LEAGUE,23959,Fleetwood Town,Visita,2ND,01/04/2024,42,0,40%,0.00,1,5,3,2,,192,8,7,1,,1,0,3,1,5,0,0,1,,,0,1,149,6,27,,17/32 (53%),3/12 (25%),64%,2,16/28 (57%),13/17 (76%),1/4 (25%),50%,8,3,30,9,,3,,,,,1
11368269,24,52370,NORMAL,REGULAR,Round 43,LEAGUE,134,Burton Albion,Local,ALL,06/04/2024,43,0,45%,0.00,0,9,4,6,16,342,16,7,2,,2,1,4,3,6,3,0,0,,,2,2,227,37,84,,27/78 (35%),4/32 (13%),38%,8,31/74 (42%),12/39 (31%),8/15 (53%),69%,16,4,49,14,,4,,,,,7
11368269,24,52370,NORMAL,REGULAR,Round 43,LEAGUE,134,Burton Albion,Local,1ST,06/04/2024,43,0,39%,0.00,0,1,1,3,,148,11,1,0,,0,0,0,1,1,0,0,0,,,0,2,80,23,52,,11/45 (24%),2/8 (25%),36%,4,14/38 (37%),5/15 (33%),2/5 (40%),73%,11,4,21,7,,1,,,,,3
11368269,24,52370,NORMAL,REGULAR,Round 43,LEAGUE,134,Burton Albion,Local,2ND,06/04/2024,43,0,50%,0.00,0,8,3,3,,194,5,6,2,,2,1,4,2,5,3,0,0,,,2,0,147,14,32,,16/33 (48%),2/24 (8%),40%,4,17/36 (47%),7/24 (29%),6/10 (60%),60%,5,0,28,7,,3,,,,,4
11368269,24,52370,NORMAL,REGULAR,Round 43,LEAGUE,95,Oxford United,Visita,ALL,06/04/2024,43,4,55%,0.00,8,18,2,2,7,444,15,16,0,,8,1,6,4,13,5,4,4,,,3,0,312,21,76,,32/84 (38%),2/17 (12%),62%,10,43/74 (58%),27/39 (69%),12/18 (67%),73%,15,6,61,29,,2,,,,,7
11368269,24,52370,NORMAL,REGULAR,Round 43,LEAGUE,95,Oxford United,Visita,1ST,06/04/2024,43,1,61%,0.00,1,8,0,2,,235,7,9,0,,2,0,3,3,5,3,1,0,,,3,0,153,12,39,,11/42 (26%),2/10 (20%),64%,6,24/38 (63%),10/15 (67%),8/13 (62%),86%,7,2,33,17,,0,,,,,1
11368269,24,52370,NORMAL,REGULAR,Round 43,LEAGUE,95,Oxford United,Visita,2ND,06/04/2024,43,3,50%,0.00,7,10,2,0,,209,8,7,0,,6,1,3,1,8,2,3,4,,,0,0,159,9,37,,21/42 (50%),0/7 (0%),60%,4,19/36 (53%),17/24 (71%),4/5 (80%),63%,8,4,28,12,,2,,,,,6
11368217,24,52370,NORMAL,REGULAR,Round 44,LEAGUE,95,Oxford United,Local,ALL,13/04/2024,44,5,30%,0.00,6,15,1,3,5,253,13,4,0,,6,2,6,3,13,2,3,3,,,2,1,192,17,45,,16/52 (31%),3/15 (20%),46%,2,27/53 (51%),5/17 (29%),10/21 (48%),77%,13,16,43,14,,1,,,,,11
11368217,24,52370,NORMAL,REGULAR,Round 44,LEAGUE,95,Oxford United,Local,1ST,13/04/2024,44,3,28%,0.00,3,7,1,1,,125,7,3,0,,3,1,3,1,6,1,2,1,,,2,1,95,10,17,,7/23 (30%),0/6 (0%),44%,1,14/28 (50%),2/8 (25%),4/11 (36%),86%,7,8,17,4,,1,,,,,8
11368217,24,52370,NORMAL,REGULAR,Round 44,LEAGUE,95,Oxford United,Local,2ND,13/04/2024,44,2,33%,0.00,3,8,0,2,,128,6,1,0,,3,1,3,2,7,1,1,2,,,0,0,97,7,28,,9/29 (31%),3/9 (33%),47%,1,13/25 (52%),3/9 (33%),6/10 (60%),67%,6,8,26,10,,0,,,,,3
11368217,24,52370,NORMAL,REGULAR,Round 44,LEAGUE,54,Peterborough United,Visita,ALL,13/04/2024,44,0,70%,0.00,2,15,1,6,5,585,13,5,1,,1,1,8,6,13,2,0,2,,,2,1,518,25,70,,41/57 (72%),10/32 (31%),54%,5,26/53 (49%),12/17 (71%),8/16 (50%),69%,13,7,44,6,,1,,,,,13
11368217,24,52370,NORMAL,REGULAR,Round 44,LEAGUE,54,Peterborough United,Visita,1ST,13/04/2024,44,0,72%,0.00,2,9,0,3,,327,8,4,1,,1,1,5,3,7,2,0,2,,,2,0,287,13,41,,23/34 (68%),4/12 (33%),56%,4,14/28 (50%),6/8 (75%),2/5 (40%),50%,8,3,22,3,,0,,,,,5
11368217,24,52370,NORMAL,REGULAR,Round 44,LEAGUE,54,Peterborough United,Visita,2ND,13/04/2024,44,0,67%,0.00,0,6,1,3,,258,5,1,0,,0,0,3,3,6,0,0,0,,,0,1,231,12,29,,18/23 (78%),6/20 (30%),53%,1,12/25 (48%),6/9 (67%),6/11 (55%),100%,5,4,22,3,,1,,,,,8
12160835,24,52370,NORMAL,REGULAR,Round 40,LEAGUE,95,Oxford United,Local,ALL,16/04/2024,40,0,66%,0.00,2,17,2,8,12,545,14,16,4,0,5,0,6,6,6,11,0,2,,,6,1,461,28,67,,42/68 (62%),3/28 (11%),54%,8,39/77 (51%),18/28 (64%),9/21 (43%),57%,14,7,42,9,,2,,,,,8
12160835,24,52370,NORMAL,REGULAR,Round 40,LEAGUE,95,Oxford United,Local,1ST,16/04/2024,40,0,61%,0.00,2,6,2,2,,259,6,6,0,0,3,0,2,1,3,3,0,2,,,3,0,218,17,33,,19/36 (53%),1/11 (9%),48%,3,17/39 (44%),10/17 (59%),5/12 (42%),67%,6,5,20,3,,2,,,,,3
12160835,24,52370,NORMAL,REGULAR,Round 40,LEAGUE,95,Oxford United,Local,2ND,16/04/2024,40,0,72%,0.00,0,11,0,6,,286,8,10,4,0,2,0,4,5,3,8,0,0,,,3,1,243,11,34,,23/32 (72%),2/17 (12%),61%,5,22/38 (58%),8/11 (73%),4/9 (44%),50%,8,2,22,6,,0,,,,,5
12160835,24,52370,NORMAL,REGULAR,Round 40,LEAGUE,92,Lincoln City,Visita,ALL,16/04/2024,40,1,34%,0.00,4,8,5,3,16,279,20,12,8,1,3,0,4,1,7,1,1,3,,,2,3,187,14,57,,25/76 (33%),4/12 (33%),46%,9,38/77 (49%),10/28 (36%),6/11 (55%),60%,20,15,53,25,,5,,,,,6
12160835,24,52370,NORMAL,REGULAR,Round 40,LEAGUE,92,Lincoln City,Visita,1ST,16/04/2024,40,0,39%,0.00,2,4,3,2,,166,10,7,2,0,2,0,2,0,3,1,0,2,,,0,2,120,6,27,,15/36 (42%),2/7 (29%),52%,4,22/39 (56%),7/17 (41%),5/7 (71%),60%,10,10,22,13,,3,,,,,2
12160835,24,52370,NORMAL,REGULAR,Round 40,LEAGUE,92,Lincoln City,Visita,2ND,16/04/2024,40,1,28%,0.00,2,4,2,1,,113,10,5,6,1,1,0,2,1,4,0,1,1,,,2,1,67,8,30,,10/40 (25%),2/5 (40%),39%,5,16/38 (42%),3/11 (27%),1/4 (25%),60%,10,5,31,12,,2,,,,,4
11368171,24,52370,NORMAL,REGULAR,Round 45,LEAGUE,95,Oxford United,Local,ALL,19/04/2024,45,1,65%,0.00,3,25,1,8,9,525,17,17,0,,6,0,12,7,13,12,1,2,1,,5,2,439,25,61,,44/73 (60%),9/27 (33%),60%,6,43/70 (61%),18/32 (56%),9/19 (47%),59%,17,9,64,22,,1,,,,,2
11368171,24,52370,NORMAL,REGULAR,Round 45,LEAGUE,95,Oxford United,Local,1ST,19/04/2024,45,0,67%,0.00,1,9,0,4,,277,7,8,0,,2,0,5,2,3,6,0,1,0,,2,1,234,10,33,,25/40 (63%),2/8 (25%),54%,4,18/34 (53%),9/16 (56%),3/8 (38%),43%,7,6,35,8,,0,,,,,0
11368171,24,52370,NORMAL,REGULAR,Round 45,LEAGUE,95,Oxford United,Local,2ND,19/04/2024,45,1,63%,0.00,2,16,1,4,,248,10,9,0,,4,0,7,5,10,6,1,1,1,,3,1,205,15,28,,19/33 (58%),7/19 (37%),65%,2,25/36 (69%),9/16 (56%),6/11 (55%),70%,10,3,29,14,,1,,,,,2
11368171,24,52370,NORMAL,REGULAR,Round 45,LEAGUE,133,Stevenage,Visita,ALL,19/04/2024,45,1,35%,0.00,0,2,5,5,17,288,15,9,3,,0,0,0,2,1,1,0,0,1,,0,1,184,22,63,,20/69 (29%),2/12 (17%),40%,10,27/70 (39%),14/32 (44%),2/9 (22%),67%,15,8,54,27,,5,,,,,13
11368171,24,52370,NORMAL,REGULAR,Round 45,LEAGUE,133,Stevenage,Visita,1ST,19/04/2024,45,1,33%,0.00,0,0,2,1,,133,8,6,1,,0,0,0,0,0,0,0,0,0,,0,1,84,8,31,,13/39 (33%),1/6 (17%),46%,3,16/34 (47%),7/16 (44%),1/5 (20%),63%,8,3,27,6,,2,,,,,6
11368171,24,52370,NORMAL,REGULAR,Round 45,LEAGUE,133,Stevenage,Visita,2ND,19/04/2024,45,0,37%,0.00,0,2,3,4,,155,7,3,2,,0,0,0,2,1,1,0,0,1,,0,0,100,14,32,,7/30 (23%),1/6 (17%),35%,7,11/36 (31%),7/16 (44%),1/4 (25%),71%,7,5,27,21,,3,,,,,7
11368116,24,52370,NORMAL,REGULAR,Round 46,LEAGUE,86,Exeter City,Local,ALL,27/04/2024,46,1,60%,0.00,0,10,3,8,20,554,18,8,2,,1,0,5,4,7,3,0,0,,,1,4,456,16,58,,20/50 (40%),3/15 (20%),44%,15,33/79 (42%),8/14 (57%),7/15 (47%),61%,18,4,64,5,,3,,,,,11
11368116,24,52370,NORMAL,REGULAR,Round 46,LEAGUE,86,Exeter City,Local,1ST,27/04/2024,46,0,56%,0.00,0,3,3,3,,280,8,4,1,,0,0,2,1,2,1,0,0,,,1,2,236,6,24,,7/25 (28%),0/6 (0%),37%,8,14/38 (37%),2/5 (40%),2/4 (50%),75%,8,4,30,2,,3,,,,,4
11368116,24,52370,NORMAL,REGULAR,Round 46,LEAGUE,86,Exeter City,Local,2ND,27/04/2024,46,1,64%,0.00,0,7,0,5,,274,10,4,1,,1,0,3,3,5,2,0,0,,,0,2,220,10,34,,13/25 (52%),3/9 (33%),50%,7,19/41 (46%),6/9 (67%),5/11 (45%),50%,10,0,34,3,,0,,,,,7
11368116,24,52370,NORMAL,REGULAR,Round 46,LEAGUE,95,Oxford United,Visita,ALL,27/04/2024,46,2,40%,0.00,3,15,0,2,9,375,23,20,2,,5,0,7,3,9,6,1,2,,,3,0,285,20,63,,30/70 (43%),4/11 (36%),56%,10,46/79 (58%),6/14 (43%),3/11 (27%),43%,23,14,55,16,,0,,,,,13
11368116,24,52370,NORMAL,REGULAR,Round 46,LEAGUE,95,Oxford United,Visita,1ST,27/04/2024,46,2,44%,0.00,3,9,0,1,,219,10,12,0,,5,0,4,0,5,4,1,2,,,2,0,172,9,34,,21/38 (55%),2/7 (29%),63%,5,24/38 (63%),3/5 (60%),2/5 (40%),70%,10,9,28,4,,0,,,,,5
11368116,24,52370,NORMAL,REGULAR,Round 46,LEAGUE,95,Oxford United,Visita,2ND,27/04/2024,46,0,36%,0.00,0,6,0,1,,156,13,8,2,,0,0,3,3,4,2,0,0,,,1,0,113,11,29,,9/32 (28%),2/4 (50%),50%,5,22/41 (54%),3/9 (33%),1/6 (17%),23%,13,5,27,12,,0,,,,,8
12286232,24,52370,NORMAL,PLAYOFF,Semifinals,LEAGUE,95,Oxford United,Local,ALL,04/05/2024,28,1,43%,0.00,1,8,5,4,7,418,18,17,2,,4,0,2,2,6,2,1,,,12,,,332,20,56,40/83 (48%),14/59 (24%),2/18 (11%),55%,10,37/66 (56%),13/25 (52%),2/9 (22%),50%,18,11,45,16,,5,,,0,0,6
12286232,24,52370,NORMAL,PLAYOFF,Semifinals,LEAGUE,95,Oxford United,Local,1ST,04/05/2024,28,0,56%,0.00,0,5,1,3,,273,9,9,2,,2,0,2,1,4,1,0,,,,,,227,14,30,,7/28 (25%),1/14 (7%),48%,8,19/38 (50%),5/12 (42%),1/6 (17%),44%,9,3,21,5,,1,,,,,3
12286232,24,52370,NORMAL,PLAYOFF,Semifinals,LEAGUE,95,Oxford United,Local,2ND,04/05/2024,28,1,30%,0.00,1,3,4,1,,145,9,8,0,,2,0,0,1,2,1,1,,,,,,105,6,26,,7/31 (23%),1/4 (25%),63%,2,18/28 (64%),8/13 (62%),1/3 (33%),56%,9,8,24,11,,4,,,,,3
12286232,24,52370,NORMAL,PLAYOFF,Semifinals,LEAGUE,54,Peterborough United,Visita,ALL,04/05/2024,28,0,57%,0.00,0,10,3,4,17,554,17,7,2,,5,0,2,3,7,3,0,,,17,,,471,24,51,83/113 (73%),17/49 (35%),3/17 (18%),45%,12,29/66 (44%),12/25 (48%),5/11 (45%),35%,17,4,59,15,,3,,,1,1,7
12286232,24,52370,NORMAL,PLAYOFF,Semifinals,LEAGUE,54,Peterborough United,Visita,1ST,04/05/2024,28,0,44%,0.00,0,1,2,1,,217,13,4,0,,1,0,0,0,1,0,0,,,,,,172,10,19,,7/27 (26%),0/5 (0%),52%,6,19/38 (50%),7/12 (58%),2/5 (40%),31%,13,1,31,14,,2,,,,,5
12286232,24,52370,NORMAL,PLAYOFF,Semifinals,LEAGUE,54,Peterborough United,Visita,2ND,04/05/2024,28,0,70%,0.00,0,9,1,3,,337,4,3,2,,4,0,2,3,6,3,0,,,,,,299,14,32,,10/22 (45%),3/12 (25%),37%,6,10/28 (36%),5/13 (38%),3/6 (50%),50%,4,3,28,1,,1,,,,,2
12287635,24,52370,NORMAL,PLAYOFF,Semifinals,LEAGUE,54,Peterborough United,Local,ALL,08/05/2024,28,1,70%,0.00,4,18,0,14,12,494,12,17,0,,8,0,5,5,14,4,1,3,,,4,2,419,38,56,,26/50 (52%),11/50 (22%),54%,7,37/67 (55%),14/27 (52%),8/16 (50%),58%,12,7,38,9,,0,,,,,4
12287635,24,52370,NORMAL,PLAYOFF,Semifinals,LEAGUE,54,Peterborough United,Local,1ST,08/05/2024,28,1,69%,0.00,2,6,0,9,,243,4,11,0,,4,0,1,1,5,1,1,1,,,2,2,209,16,25,,10/21 (48%),6/21 (29%),49%,6,17/34 (50%),3/7 (43%),2/4 (50%),75%,4,4,13,7,,0,,,,,2
12287635,24,52370,NORMAL,PLAYOFF,Semifinals,LEAGUE,54,Peterborough United,Local,2ND,08/05/2024,28,0,72%,0.00,2,12,0,5,,251,8,6,0,,4,0,4,4,9,3,0,2,,,2,0,210,22,31,,16/29 (55%),5/29 (17%),58%,1,20/33 (61%),11/20 (55%),6/12 (50%),50%,8,3,25,2,,0,,,,,2
12287635,24,52370,NORMAL,PLAYOFF,Semifinals,LEAGUE,95,Oxford United,Visita,ALL,08/05/2024,28,1,30%,0.00,1,5,7,5,19,221,15,11,3,,1,0,2,2,1,4,1,0,,,2,1,149,14,35,,11/53 (21%),2/11 (18%),46%,4,30/67 (45%),13/27 (48%),4/12 (33%),60%,15,11,42,37,,7,,,,,10
12287635,24,52370,NORMAL,PLAYOFF,Semifinals,LEAGUE,95,Oxford United,Visita,1ST,08/05/2024,28,1,31%,0.00,1,4,3,5,,113,8,5,2,,1,0,1,2,1,3,1,0,,,2,1,81,2,18,,6/25 (24%),2/9 (22%),51%,1,17/34 (50%),4/7 (57%),4/7 (57%),38%,8,7,18,13,,3,,,,,2
12287635,24,52370,NORMAL,PLAYOFF,Semifinals,LEAGUE,95,Oxford United,Visita,2ND,08/05/2024,28,0,28%,0.00,0,1,4,0,,108,7,6,1,,0,0,1,0,0,1,0,0,,,0,0,68,12,17,,5/28 (18%),0/2 (0%),42%,3,13/33 (39%),9/20 (45%),0/5 (0%),86%,7,4,24,24,,4,,,,,8
12320472,24,52370,NORMAL,FINAL,Final,LEAGUE,5,Bolton Wanderers,Local,ALL,18/05/2024,29,0,64%,0.00,0,5,3,7,12,511,12,12,4,,0,0,3,2,2,3,0,0,0,22,1,,408,21,62,81/131 (62%),21/59 (36%),4/25 (16%),48%,13,28/67 (42%),28/49 (57%),4/12 (33%),58%,12,4,43,5,,3,,1,,0,8
12320472,24,52370,NORMAL,FINAL,Final,LEAGUE,5,Bolton Wanderers,Local,1ST,18/05/2024,29,0,63%,0.00,0,3,1,2,,298,7,9,0,,0,0,1,2,1,2,0,0,0,,1,,247,8,24,,8/26 (31%),1/6 (17%),53%,5,19/36 (53%),8/15 (53%),3/8 (38%),43%,7,2,25,2,,1,,,,,1
12320472,24,52370,NORMAL,FINAL,Final,LEAGUE,5,Bolton Wanderers,Local,2ND,18/05/2024,29,0,65%,0.00,0,2,2,5,,213,5,3,4,,0,0,2,0,1,1,0,0,0,,0,,161,13,38,,13/33 (39%),3/19 (16%),45%,8,9/31 (29%),20/34 (59%),1/4 (25%),80%,5,2,18,3,,2,,,,,7
12320472,24,52370,NORMAL,FINAL,Final,LEAGUE,95,Oxford United,Visita,ALL,18/05/2024,29,2,36%,0.00,2,9,0,3,12,300,21,12,1,,5,0,4,0,5,4,1,1,1,10,2,,202,19,60,50/86 (58%),22/71 (31%),3/8 (38%),52%,4,39/67 (58%),21/49 (43%),6/14 (43%),52%,21,9,44,25,,0,,0,,1,13
12320472,24,52370,NORMAL,FINAL,Final,LEAGUE,95,Oxford United,Visita,1ST,18/05/2024,29,2,37%,0.00,1,4,0,1,,178,10,3,0,,3,0,1,0,1,3,1,0,1,,1,,130,10,27,,11/35 (31%),0/3 (0%),47%,2,17/36 (47%),7/15 (47%),4/9 (44%),30%,10,5,25,7,,0,,,,,5
12320472,24,52370,NORMAL,FINAL,Final,LEAGUE,95,Oxford United,Visita,2ND,18/05/2024,29,0,35%,0.00,1,5,0,2,,122,11,9,1,,2,0,3,0,4,1,0,1,0,,1,,72,9,33,,11/36 (31%),3/5 (60%),55%,2,22/31 (71%),14/34 (41%),2/5 (40%),73%,11,4,19,18,,0,,,,,8
12469697,18,61961,NORMAL,REGULAR,Round 1,LEAGUE,95,Oxford United,Local,ALL,10/08/2024,1,2,51%,0.91,3,12,2,5,4,501,17,14,1,,4,1,5,3,8,4,1,2,1,23,2,5,412,21,64,71/114 (62%),26/73 (36%),4/15 (27%),50%,13,32/61 (52%),9/21 (43%),2/8 (25%),71%,17,3,50,15,1,2,0.11,,1,,5
12469697,18,61961,NORMAL,REGULAR,Round 1,LEAGUE,95,Oxford United,Local,1ST,10/08/2024,1,1,55%,0.49,2,7,1,2,,263,8,7,0,,3,0,4,0,5,2,1,1,1,,1,1,221,12,31,,13/35 (37%),3/8 (38%),53%,5,15/27 (56%),6/13 (46%),1/6 (17%),63%,8,1,22,9,,1,,,,,4
12469697,18,61961,NORMAL,REGULAR,Round 1,LEAGUE,95,Oxford United,Local,2ND,10/08/2024,1,1,47%,0.42,1,5,1,3,,238,9,7,1,,1,1,1,3,3,2,0,1,0,,1,4,191,9,33,,13/38 (34%),1/7 (14%),48%,8,17/34 (50%),3/8 (38%),1/2 (50%),78%,9,2,28,6,,1,,,,,1
12469697,18,61961,NORMAL,REGULAR,Round 1,LEAGUE,263,Norwich City,Visita,ALL,10/08/2024,1,0,49%,0.83,0,10,2,5,14,485,19,4,3,,2,0,4,4,9,1,0,0,0,18,0,1,402,24,42,40/72 (56%),15/42 (36%),3/15 (20%),50%,8,29/61 (48%),12/21 (57%),7/16 (44%),63%,19,5,43,17,1,2,-0.90,,0,,6
12469697,18,61961,NORMAL,REGULAR,Round 1,LEAGUE,263,Norwich City,Visita,1ST,10/08/2024,1,0,45%,0.61,0,7,2,3,,218,10,0,1,,1,0,3,3,6,1,0,0,0,,0,0,176,13,20,,8/23 (35%),2/9 (22%),47%,3,12/27 (44%),7/13 (54%),2/7 (29%),60%,10,2,24,9,,2,,,,,3
12469697,18,61961,NORMAL,REGULAR,Round 1,LEAGUE,263,Norwich City,Visita,2ND,10/08/2024,1,0,53%,0.22,0,3,0,2,,267,9,4,2,,1,0,1,1,3,0,0,0,0,,0,1,226,11,22,,7/19 (37%),1/6 (17%),52%,5,17/34 (50%),5/8 (63%),5/9 (56%),67%,9,3,19,8,,0,,,,,3
12476421,21,62483,NORMAL,PLAYOFF,Round 1,CUP,95,Oxford United,Local,ALL,13/08/2024,1,2,54%,0.00,2,10,6,8,12,522,10,7,1,,7,0,1,2,9,1,2,0,0,28,2,,471,17,45,74/101 (73%),25/43 (58%),5/19 (26%),42%,11,24/60 (40%),6/11 (55%),7/10 (70%),90%,10,3,43,16,1,6,,1,,0,9
12476421,21,62483,NORMAL,PLAYOFF,Round 1,CUP,95,Oxford United,Local,1ST,13/08/2024,1,2,52%,0.00,2,6,3,3,,253,3,3,1,,4,0,0,2,5,1,2,0,0,,0,,233,6,19,,13/21 (62%),1/7 (14%),38%,5,9/26 (35%),3/6 (50%),3/5 (60%),67%,3,1,19,15,,3,,,,,5
12476421,21,62483,NORMAL,PLAYOFF,Round 1,CUP,95,Oxford United,Local,2ND,13/08/2024,1,0,55%,0.00,0,4,3,5,,269,7,4,0,,3,0,1,0,4,0,0,0,0,,2,,238,11,26,,12/22 (55%),4/12 (33%),46%,6,15/34 (44%),3/5 (60%),4/5 (80%),100%,7,2,24,1,,3,,,,,4
12476421,21,62483,NORMAL,PLAYOFF,Round 1,CUP,54,Peterborough United,Visita,ALL,13/08/2024,1,0,46%,0.00,2,11,4,6,7,454,14,12,1,,6,0,4,1,7,4,0,2,1,26,2,,407,23,40,55/74 (74%),25/41 (61%),5/17 (29%),58%,5,36/60 (60%),5/11 (45%),10/15 (67%),50%,14,4,34,15,1,4,,1,,1,3
12476421,21,62483,NORMAL,PLAYOFF,Round 1,CUP,54,Peterborough United,Visita,1ST,13/08/2024,1,0,48%,0.00,0,6,2,6,,218,7,6,0,,3,0,2,1,3,3,0,0,0,,2,,199,7,16,,13/18 (72%),4/15 (27%),62%,2,17/26 (65%),3/6 (50%),4/5 (80%),29%,7,4,13,6,,2,,,,,2
12476421,21,62483,NORMAL,PLAYOFF,Round 1,CUP,54,Peterborough United,Visita,2ND,13/08/2024,1,0,45%,0.00,2,5,2,0,,236,7,6,1,,3,0,2,0,4,1,0,2,1,,0,,208,16,24,,12/23 (52%),1/2 (50%),54%,3,19/34 (56%),2/5 (40%),6/10 (60%),71%,7,0,21,9,,2,,,,,1
12469053,18,61961,NORMAL,REGULAR,Round 2,LEAGUE,11,Coventry City,Local,ALL,16/08/2024,2,3,64%,2.95,6,26,0,13,9,537,15,7,0,,10,0,8,8,18,8,2,4,1,46,1,3,461,14,81,132/179 (74%),23/43 (53%),17/47 (36%),51%,11,27/57 (47%),23/41 (56%),5/13 (38%),47%,15,3,55,18,,0,-0.53,0,,0,4
12469053,18,61961,NORMAL,REGULAR,Round 2,LEAGUE,11,Coventry City,Local,1ST,16/08/2024,2,2,63%,1.12,3,11,0,4,,264,8,3,0,,4,0,3,4,7,4,1,2,1,,1,1,226,8,40,,10/21 (48%),7/15 (47%),49%,3,14/30 (47%),9/17 (53%),3/10 (30%),63%,8,1,24,9,,0,,,,,2
12469053,18,61961,NORMAL,REGULAR,Round 2,LEAGUE,11,Coventry City,Local,2ND,16/08/2024,2,1,64%,1.83,3,15,0,9,,273,7,4,0,,6,0,5,4,11,4,1,2,0,,0,2,235,6,41,,13/22 (59%),10/32 (31%),53%,8,13/27 (48%),14/24 (58%),2/3 (67%),29%,7,2,31,9,,0,,,,,2
12469053,18,61961,NORMAL,REGULAR,Round 2,LEAGUE,95,Oxford United,Visita,ALL,16/08/2024,2,2,36%,0.96,2,7,7,1,7,325,19,9,3,,2,0,2,3,7,0,1,1,0,12,0,1,260,15,46,28/57 (49%),18/51 (35%),2/10 (20%),49%,13,30/57 (53%),18/41 (44%),2/4 (50%),58%,19,15,44,40,,7,1.05,1,,1,12
12469053,18,61961,NORMAL,REGULAR,Round 2,LEAGUE,95,Oxford United,Visita,1ST,16/08/2024,2,1,37%,0.25,0,4,2,1,,158,10,6,1,,1,0,1,2,4,0,0,0,0,,0,0,128,7,27,,8/24 (33%),1/6 (17%),51%,8,16/30 (53%),8/17 (47%),0/0 (0%),60%,10,7,19,16,,2,,,,,5
12469053,18,61961,NORMAL,REGULAR,Round 2,LEAGUE,95,Oxford United,Visita,2ND,16/08/2024,2,1,36%,0.71,2,3,5,0,,167,9,3,2,,1,0,1,1,3,0,1,1,0,,0,1,132,8,19,,10/27 (37%),1/4 (25%),47%,5,14/27 (52%),10/24 (42%),2/4 (50%),56%,9,8,25,24,,5,,,,,7
12469040,18,61961,NORMAL,REGULAR,Round 3,LEAGUE,46,Blackburn Rovers,Local,ALL,24/08/2024,3,2,47%,0.82,0,18,2,7,14,441,16,8,2,,4,0,6,8,13,5,,0,,36,2,3,346,22,46,87/125 (70%),25/67 (37%),6/25 (24%),44%,10,33/72 (46%),16/40 (40%),9/18 (50%),44%,16,4,51,21,,2,-0.75,1,0,1,6
12469040,18,61961,NORMAL,REGULAR,Round 3,LEAGUE,46,Blackburn Rovers,Local,1ST,24/08/2024,3,1,44%,0.43,0,9,1,5,,220,7,0,1,,3,0,1,5,5,4,,0,,,0,2,172,10,22,,12/29 (41%),2/10 (20%),39%,5,12/35 (34%),8/16 (50%),5/11 (45%),57%,7,2,28,5,,1,,,,,3
12469040,18,61961,NORMAL,REGULAR,Round 3,LEAGUE,46,Blackburn Rovers,Local,2ND,24/08/2024,3,1,51%,0.39,0,9,1,2,,221,9,8,1,,1,0,5,3,8,1,,0,,,2,1,174,12,24,,13/38 (34%),4/15 (27%),48%,5,21/37 (57%),8/24 (33%),4/7 (57%),33%,9,2,23,16,,1,,,,,3
12469040,18,61961,NORMAL,REGULAR,Round 3,LEAGUE,95,Oxford United,Visita,ALL,24/08/2024,3,1,53%,0.86,1,12,2,5,8,509,19,14,1,,3,0,5,4,7,5,,1,,15,0,0,416,24,57,60/101 (59%),29/76 (38%),2/10 (20%),56%,6,39/72 (54%),24/40 (60%),7/17 (41%),58%,19,7,48,31,,2,-0.28,1,1,0,7
12469040,18,61961,NORMAL,REGULAR,Round 3,LEAGUE,95,Oxford United,Visita,1ST,24/08/2024,3,1,56%,0.68,1,7,2,0,,291,11,10,0,,2,0,3,2,5,2,,1,,,0,0,247,11,31,,15/39 (38%),2/2 (100%),61%,1,23/35 (66%),8/16 (50%),3/9 (33%),55%,11,4,25,18,,2,,,,,1
12469040,18,61961,NORMAL,REGULAR,Round 3,LEAGUE,95,Oxford United,Visita,2ND,24/08/2024,3,0,49%,0.18,0,5,0,5,,218,8,4,1,,1,0,2,2,2,3,,0,,,0,0,169,13,26,,14/37 (38%),0/8 (0%),52%,5,16/37 (43%),16/24 (67%),4/8 (50%),63%,8,3,23,13,,0,,,,,6
12694093,21,62483,NORMAL,REGULAR,Round 2,CUP,11,Coventry City,Local,ALL,27/08/2024,2,1,53%,0.00,1,17,0,9,8,493,16,14,,,5,1,7,5,7,10,,1,1,18,2,0,424,18,64,98/139 (71%),27/49 (55%),4/22 (18%),54%,13,36/64 (56%),7/15 (47%),6/9 (67%),56%,16,9,42,8,,0,,0,,0,5
12694093,21,62483,NORMAL,REGULAR,Round 2,CUP,11,Coventry City,Local,1ST,27/08/2024,2,0,53%,0.00,1,9,0,1,,267,10,7,,,1,1,6,2,4,5,,1,0,,0,0,241,9,30,,16/22 (73%),2/7 (29%),57%,9,21/38 (55%),3/4 (75%),4/5 (80%),50%,10,4,20,4,,0,,,,,3
12694093,21,62483,NORMAL,REGULAR,Round 2,CUP,11,Coventry City,Local,2ND,27/08/2024,2,1,52%,0.00,0,8,0,8,,226,6,7,,,4,0,1,3,3,5,,0,1,,2,0,183,9,34,,11/27 (41%),2/15 (13%),51%,4,15/26 (58%),4/11 (36%),2/4 (50%),67%,6,5,22,4,,0,,,,,2
12694093,21,62483,NORMAL,REGULAR,Round 2,CUP,95,Oxford United,Visita,ALL,27/08/2024,2,0,47%,0.00,0,8,4,2,14,450,16,7,,,0,0,6,2,7,1,,0,0,20,0,1,384,22,45,55/83 (66%),23/53 (43%),4/13 (31%),46%,8,28/64 (44%),8/15 (53%),5/13 (38%),44%,16,13,44,23,,4,,2,,1,11
12694093,21,62483,NORMAL,REGULAR,Round 2,CUP,95,Oxford United,Visita,1ST,27/08/2024,2,0,47%,0.00,0,3,1,1,,233,10,3,,,0,0,3,0,3,0,,0,0,,0,0,205,7,24,,12/25 (48%),2/6 (33%),43%,5,17/38 (45%),1/4 (25%),4/9 (44%),40%,10,8,23,7,,1,,,,,7
12694093,21,62483,NORMAL,REGULAR,Round 2,CUP,95,Oxford United,Visita,2ND,27/08/2024,2,0,48%,0.00,0,5,3,1,,217,6,4,,,0,0,3,2,4,1,,0,0,,0,1,179,15,21,,11/28 (39%),2/7 (29%),49%,3,11/26 (42%),7/11 (64%),1/4 (25%),50%,6,5,21,16,,3,,,,,4
12469020,18,61961,NORMAL,REGULAR,Round 4,LEAGUE,95,Oxford United,Local,ALL,31/08/2024,4,3,48%,1.95,3,10,4,2,8,426,13,21,2,0,5,0,3,2,8,2,2,1,,13,1,3,334,21,49,40/74 (54%),16/64 (25%),4/11 (36%),60%,4,38/58 (66%),16/32 (50%),5/9 (56%),46%,13,12,43,24,1,4,0.55,1,1,,7
12469020,18,61961,NORMAL,REGULAR,Round 4,LEAGUE,95,Oxford United,Local,1ST,31/08/2024,4,1,51%,0.76,2,4,3,2,,221,7,10,1,0,1,0,2,1,4,0,1,1,,,1,2,173,10,25,,7/28 (25%),2/4 (50%),60%,1,19/28 (68%),8/17 (47%),3/5 (60%),43%,7,5,22,8,,3,,,,,4
12469020,18,61961,NORMAL,REGULAR,Round 4,LEAGUE,95,Oxford United,Local,2ND,31/08/2024,4,2,45%,1.19,1,6,1,0,,205,6,11,1,0,4,0,1,1,4,2,1,0,,,0,1,161,11,24,,9/36 (25%),2/7 (29%),60%,3,19/30 (63%),8/15 (53%),2/4 (50%),50%,6,7,21,16,,1,,,,,3
12469020,18,61961,NORMAL,REGULAR,Round 4,LEAGUE,21,Preston North End,Visita,ALL,31/08/2024,4,1,52%,1.05,2,10,1,5,21,451,8,8,5,1,4,0,5,1,5,5,1,1,,15,2,1,367,15,55,55/96 (57%),26/49 (53%),4/23 (17%),40%,9,20/58 (34%),16/32 (50%),5/9 (56%),88%,8,13,47,7,0,1,-1.15,0,0,,7
12469020,18,61961,NORMAL,REGULAR,Round 4,LEAGUE,21,Preston North End,Visita,1ST,31/08/2024,4,1,49%,0.85,2,8,0,1,,208,3,4,1,0,3,0,4,1,3,5,1,1,,,1,1,170,10,20,,12/25 (48%),2/7 (29%),40%,5,9/28 (32%),9/17 (53%),3/5 (60%),100%,3,8,19,3,,0,,,,,5
12469020,18,61961,NORMAL,REGULAR,Round 4,LEAGUE,21,Preston North End,Visita,2ND,31/08/2024,4,0,55%,0.20,0,2,1,4,,243,5,4,4,1,1,0,1,0,2,0,0,0,,,1,0,197,5,35,,14/24 (58%),2/16 (13%),40%,4,11/30 (37%),7/15 (47%),2/4 (50%),80%,5,5,28,4,,1,,,,,2
12469010,18,61961,NORMAL,REGULAR,Round 5,LEAGUE,95,Oxford United,Local,ALL,14/09/2024,5,1,56%,1.21,3,14,1,4,5,450,18,6,0,,8,0,2,4,9,5,1,2,1,24,2,4,365,33,58,78/128 (61%),29/70 (41%),5/15 (33%),52%,9,29/52 (56%),7/17 (41%),5/12 (42%),44%,18,10,44,21,,1,0.04,,2,,12
12469010,18,61961,NORMAL,REGULAR,Round 5,LEAGUE,95,Oxford United,Local,1ST,14/09/2024,5,0,56%,0.09,0,4,1,1,,233,9,3,0,,3,0,0,1,0,4,0,0,0,,1,3,191,20,16,,14/34 (41%),2/5 (40%),59%,5,12/19 (63%),4/8 (50%),0/0 (0%),44%,9,4,24,10,,1,,,,,5
12469010,18,61961,NORMAL,REGULAR,Round 5,LEAGUE,95,Oxford United,Local,2ND,14/09/2024,5,1,56%,1.11,3,10,0,3,,217,9,3,0,,5,0,2,3,9,1,1,2,1,,1,1,174,13,42,,15/36 (42%),3/10 (30%),48%,4,17/33 (52%),3/9 (33%),5/12 (42%),44%,9,6,20,11,,0,,,,,7
12469010,18,61961,NORMAL,REGULAR,Round 5,LEAGUE,29,Stoke City,Visita,ALL,14/09/2024,5,0,44%,0.53,0,9,7,6,6,345,16,5,1,,1,0,3,5,5,4,0,0,0,20,2,1,257,31,43,52/88 (59%),19/49 (39%),0/17 (0%),48%,9,23/52 (44%),10/17 (59%),3/12 (25%),88%,16,6,36,20,,7,0.04,,0,,3
12469010,18,61961,NORMAL,REGULAR,Round 5,LEAGUE,29,Stoke City,Visita,1ST,14/09/2024,5,0,44%,0.28,0,6,3,4,,179,5,2,0,,1,0,1,4,3,3,0,0,0,,1,0,134,17,22,,11/27 (41%),0/8 (0%),41%,4,7/19 (37%),4/8 (50%),1/6 (17%),100%,5,2,18,5,,3,,,,,1
12469010,18,61961,NORMAL,REGULAR,Round 5,LEAGUE,29,Stoke City,Visita,2ND,14/09/2024,5,0,44%,0.25,0,3,4,2,,166,11,3,1,,0,0,2,1,2,1,0,0,0,,1,1,123,14,21,,8/22 (36%),0/9 (0%),52%,5,16/33 (48%),6/9 (67%),2/6 (33%),82%,11,4,18,15,,4,,,,,2
12469005,18,61961,NORMAL,REGULAR,Round 6,LEAGUE,58,Bristol City,Local,ALL,21/09/2024,6,2,56%,2.32,5,19,1,5,16,455,11,13,1,,6,0,8,5,14,5,2,3,1,23,4,1,385,19,65,75/111 (68%),18/43 (42%),10/27 (37%),45%,5,29/64 (45%),15/33 (45%),4/12 (33%),64%,11,5,41,18,0,1,-0.15,,2,,4
12469005,18,61961,NORMAL,REGULAR,Round 6,LEAGUE,58,Bristol City,Local,1ST,21/09/2024,6,0,56%,0.82,3,10,1,3,,230,2,5,1,,3,0,4,3,9,1,0,3,1,,1,1,199,8,21,,10/19 (53%),7/11 (64%),44%,1,8/24 (33%),10/17 (59%),1/4 (25%),50%,2,3,16,9,,1,,,,,2
12469005,18,61961,NORMAL,REGULAR,Round 6,LEAGUE,58,Bristol City,Local,2ND,21/09/2024,6,2,56%,1.49,2,9,0,2,,225,9,8,0,,3,0,4,2,5,4,2,0,0,,3,0,186,11,44,,8/24 (33%),3/16 (19%),46%,4,21/40 (53%),5/16 (31%),3/8 (38%),67%,9,2,25,9,,0,,,,,2
12469005,18,61961,NORMAL,REGULAR,Round 6,LEAGUE,95,Oxford United,Visita,ALL,21/09/2024,6,1,44%,1.74,3,7,4,1,14,368,13,16,4,,2,1,4,1,3,4,1,2,0,15,0,3,276,26,53,45/88 (51%),21/66 (32%),1/4 (25%),55%,3,35/64 (55%),18/33 (55%),8/16 (50%),23%,13,7,38,19,1,4,0.06,,1,,12
12469005,18,61961,NORMAL,REGULAR,Round 6,LEAGUE,95,Oxford United,Visita,1ST,21/09/2024,6,1,44%,0.76,2,4,3,0,,186,4,11,1,,2,1,2,0,2,2,1,1,0,,0,2,143,15,26,,11/34 (32%),1/1 (100%),56%,1,16/24 (67%),7/17 (41%),3/4 (75%),25%,4,4,16,6,,3,,,,,5
12469005,18,61961,NORMAL,REGULAR,Round 6,LEAGUE,95,Oxford United,Visita,2ND,21/09/2024,6,0,44%,0.98,1,3,1,1,,182,9,5,3,,0,0,2,1,1,2,0,1,0,,0,1,133,11,27,,10/32 (31%),0/3 (0%),54%,2,19/40 (48%),11/16 (69%),5/12 (42%),22%,9,3,22,13,,1,,,,,7
12468987,18,61961,NORMAL,REGULAR,Round 7,LEAGUE,95,Oxford United,Local,ALL,28/09/2024,7,0,30%,0.09,0,3,1,2,8,285,15,13,1,,1,0,1,1,2,1,,0,,10,0,4,221,17,32,31/59 (53%),17/47 (36%),1/7 (14%),50%,7,33/60 (55%),8/22 (36%),5/10 (50%),53%,15,17,35,30,,1,0.08,1,1,,10
12468987,18,61961,NORMAL,REGULAR,Round 7,LEAGUE,95,Oxford United,Local,1ST,28/09/2024,7,0,32%,0.00,0,0,0,0,,158,10,7,0,,0,0,0,0,0,0,,0,,,0,4,126,9,12,,9/25 (36%),0/0 (0%),49%,5,19/34 (56%),4/13 (31%),2/6 (33%),40%,10,8,18,11,,0,,,,,6
12468987,18,61961,NORMAL,REGULAR,Round 7,LEAGUE,95,Oxford United,Local,2ND,28/09/2024,7,0,28%,0.09,0,3,1,2,,127,5,6,1,,1,0,1,1,2,1,,0,,,0,0,95,8,20,,8/22 (36%),1/7 (14%),51%,2,14/26 (54%),4/9 (44%),3/4 (75%),80%,5,9,17,19,,1,,,,,4
12468987,18,61961,NORMAL,REGULAR,Round 7,LEAGUE,6,Burnley,Visita,ALL,28/09/2024,7,0,70%,1.54,1,14,1,6,13,648,12,8,2,,1,0,8,5,8,6,,1,,22,3,1,573,31,62,112/145 (77%),26/49 (53%),3/24 (13%),50%,9,27/60 (45%),14/22 (64%),7/13 (54%),58%,12,9,40,11,,1,0.02,0,0,,4
12468987,18,61961,NORMAL,REGULAR,Round 7,LEAGUE,6,Burnley,Visita,1ST,28/09/2024,7,0,68%,0.42,0,7,0,2,,328,9,3,0,,0,0,3,4,4,3,,0,,,2,0,290,16,25,,13/24 (54%),1/10 (10%),51%,6,15/34 (44%),9/13 (69%),3/7 (43%),56%,9,6,20,2,,0,,,,,0
12468987,18,61961,NORMAL,REGULAR,Round 7,LEAGUE,6,Burnley,Visita,2ND,28/09/2024,7,0,72%,1.12,1,7,1,4,,320,3,5,2,,1,0,5,1,4,3,,1,,,1,1,283,15,37,,13/25 (52%),2/14 (14%),49%,3,12/26 (46%),5/9 (56%),4/6 (67%),67%,3,3,20,9,,1,,,,,4
12468979,18,61961,NORMAL,REGULAR,Round 8,LEAGUE,72,Luton Town,Local,ALL,01/10/2024,8,2,40%,1.30,2,12,6,5,13,310,19,12,3,1,4,0,4,4,9,3,2,0,,20,2,1,217,16,66,59/111 (53%),16/69 (23%),4/20 (20%),50%,5,40/69 (58%),11/34 (32%),11/16 (69%),79%,19,7,54,21,,6,-0.21,1,,,9
12468979,18,61961,NORMAL,REGULAR,Round 8,LEAGUE,72,Luton Town,Local,1ST,01/10/2024,8,2,49%,1.19,2,8,2,1,,199,6,4,0,0,3,0,3,2,6,2,2,0,,,1,1,148,10,39,,11/40 (28%),2/7 (29%),40%,1,15/32 (47%),4/16 (25%),6/10 (60%),100%,6,5,27,10,,2,,,,,6
12468979,18,61961,NORMAL,REGULAR,Round 8,LEAGUE,72,Luton Town,Local,2ND,01/10/2024,8,0,30%,0.11,0,4,4,4,,111,13,8,3,1,1,0,1,2,3,1,0,0,,,1,0,69,6,27,,5/29 (17%),2/13 (15%),58%,4,25/37 (68%),7/18 (39%),5/6 (83%),69%,13,2,27,11,,4,,,,,3
12468979,18,61961,NORMAL,REGULAR,Round 8,LEAGUE,95,Oxford United,Visita,ALL,01/10/2024,8,2,60%,1.71,5,19,2,6,12,488,10,13,3,0,8,0,7,4,11,8,1,4,,22,1,0,393,27,65,72/117 (62%),36/79 (46%),2/11 (18%),50%,10,29/69 (42%),23/34 (68%),7/16 (44%),80%,10,7,49,25,,2,0.31,1,,,12
12468979,18,61961,NORMAL,REGULAR,Round 8,LEAGUE,95,Oxford United,Visita,1ST,01/10/2024,8,1,51%,0.57,2,8,1,3,,212,5,7,0,0,4,0,4,0,4,4,0,2,,,0,0,156,13,34,,17/44 (39%),1/2 (50%),60%,5,17/32 (53%),12/16 (75%),5/6 (83%),80%,5,5,24,15,,1,,,,,5
12468979,18,61961,NORMAL,REGULAR,Round 8,LEAGUE,95,Oxford United,Visita,2ND,01/10/2024,8,1,70%,1.13,3,11,1,3,,276,5,6,3,0,4,0,3,4,7,4,1,2,,,1,0,237,14,31,,19/35 (54%),1/9 (11%),42%,5,12/37 (32%),11/18 (61%),2/10 (20%),80%,5,2,25,10,,1,,,,,7
12468963,18,61961,NORMAL,REGULAR,Round 9,LEAGUE,2,Portsmouth,Local,ALL,05/10/2024,9,1,54%,2.04,3,21,2,11,11,415,17,9,0,,8,1,5,8,11,10,,3,1,35,1,4,278,25,81,84/165 (51%),20/84 (24%),10/29 (34%),51%,9,29/65 (45%),39/69 (57%),4/15 (27%),82%,17,7,67,12,1,2,-0.25,1,0,0,7
12468963,18,61961,NORMAL,REGULAR,Round 9,LEAGUE,2,Portsmouth,Local,1ST,05/10/2024,9,0,56%,1.03,1,9,2,7,,208,5,2,0,,2,0,2,5,4,5,,1,0,,1,1,144,11,35,,5/35 (14%),4/18 (22%),36%,3,11/28 (39%),9/27 (33%),4/11 (36%),80%,5,2,35,6,,2,,,,,5
12468963,18,61961,NORMAL,REGULAR,Round 9,LEAGUE,2,Portsmouth,Local,2ND,05/10/2024,9,1,53%,1.00,2,12,0,4,,207,12,7,0,,6,1,3,3,7,5,,2,1,,0,3,134,14,46,,15/49 (31%),6/11 (55%),61%,6,18/37 (49%),30/42 (71%),0/4 (0%),83%,12,5,32,6,,0,,,,,2
12468963,18,61961,NORMAL,REGULAR,Round 9,LEAGUE,95,Oxford United,Visita,ALL,05/10/2024,9,1,46%,1.90,1,13,7,4,10,358,20,11,1,,3,0,6,4,9,4,,1,0,19,2,1,229,22,58,41/91 (45%),19/93 (20%),4/13 (31%),49%,8,36/65 (55%),30/69 (43%),6/15 (40%),65%,20,13,52,35,0,7,1.34,1,1,2,13
12468963,18,61961,NORMAL,REGULAR,Round 9,LEAGUE,95,Oxford United,Visita,1ST,05/10/2024,9,0,44%,1.41,1,7,2,3,,170,10,6,0,,2,0,4,1,5,2,,1,0,,1,0,116,11,31,,10/42 (24%),4/11 (36%),64%,2,17/28 (61%),18/27 (67%),2/5 (40%),70%,10,9,27,21,,2,,,,,5
12468963,18,61961,NORMAL,REGULAR,Round 9,LEAGUE,95,Oxford United,Visita,2ND,05/10/2024,9,1,47%,0.49,0,6,5,1,,188,10,5,1,,1,0,2,3,4,2,,0,0,,1,1,113,11,27,,9/51 (18%),0/2 (0%),39%,6,19/37 (51%),12/42 (29%),4/10 (40%),60%,10,4,25,14,,5,,,,,8
12468947,18,61961,NORMAL,REGULAR,Round 10,LEAGUE,95,Oxford United,Local,ALL,19/10/2024,10,1,51%,0.87,1,12,2,5,16,487,10,10,3,,3,0,4,5,6,6,1,,1,16,1,3,397,17,62,83/121 (69%),27/67 (40%),4/17 (24%),41%,3,22/56 (39%),12/26 (46%),2/11 (18%),60%,10,4,48,28,,2,-0.78,,1,,6
12468947,18,61961,NORMAL,REGULAR,Round 10,LEAGUE,95,Oxford United,Local,1ST,19/10/2024,10,0,49%,0.43,0,7,1,2,,236,6,5,0,,2,0,2,3,4,3,0,,1,,1,2,191,10,20,,12/33 (36%),2/4 (50%),46%,1,12/26 (46%),5/11 (45%),1/2 (50%),50%,6,2,21,13,,1,,,,,4
12468947,18,61961,NORMAL,REGULAR,Round 10,LEAGUE,95,Oxford United,Local,2ND,19/10/2024,10,1,53%,0.44,1,5,1,3,,251,4,5,3,,1,0,2,2,2,3,1,,0,,0,1,206,7,42,,15/34 (44%),2/13 (15%),38%,2,10/30 (33%),7/15 (47%),1/9 (11%),75%,4,2,27,15,,1,,,,,2
12468947,18,61961,NORMAL,REGULAR,Round 10,LEAGUE,8,West Bromwich Albion,Visita,ALL,19/10/2024,10,1,49%,0.73,0,14,2,8,10,467,12,16,1,,3,0,7,4,6,8,0,,0,33,5,0,381,14,58,85/129 (66%),15/37 (41%),5/20 (25%),59%,2,34/56 (61%),14/26 (54%),8/16 (50%),42%,12,6,42,20,,2,0.25,,1,,7
12468947,18,61961,NORMAL,REGULAR,Round 10,LEAGUE,8,West Bromwich Albion,Visita,1ST,19/10/2024,10,1,51%,0.39,0,9,2,4,,240,2,8,0,,2,0,4,3,3,6,0,,0,,3,0,196,10,38,,10/21 (48%),4/11 (36%),54%,1,14/26 (54%),6/11 (55%),5/10 (50%),100%,2,3,18,4,,2,,,,,2
12468947,18,61961,NORMAL,REGULAR,Round 10,LEAGUE,8,West Bromwich Albion,Visita,2ND,19/10/2024,10,0,47%,0.34,0,5,0,4,,227,10,8,1,,1,0,3,1,3,2,0,,0,,2,0,185,4,20,,5/16 (31%),1/9 (11%),62%,1,20/30 (67%),8/15 (53%),3/6 (50%),30%,10,3,24,16,,0,,,,,5
12468935,18,61961,NORMAL,REGULAR,Round 11,LEAGUE,95,Oxford United,Local,ALL,22/10/2024,11,1,52%,0.46,,11,3,1,8,417,20,8,1,,3,0,3,5,5,6,,,,14,,0,317,27,41,60/89 (67%),28/64 (44%),2/7 (29%),52%,15,36/75 (48%),23/39 (59%),8/16 (50%),60%,20,15,47,22,,3,0.05,1,,0,11
12468935,18,61961,NORMAL,REGULAR,Round 11,LEAGUE,95,Oxford United,Local,1ST,22/10/2024,11,1,49%,0.34,,6,3,1,,202,13,4,1,,1,0,2,3,3,3,,,,,,0,160,13,23,,13/29 (45%),1/3 (33%),47%,10,20/43 (47%),8/17 (47%),3/7 (43%),62%,13,7,28,13,,3,,,,,4
12468935,18,61961,NORMAL,REGULAR,Round 11,LEAGUE,95,Oxford United,Local,2ND,22/10/2024,11,0,54%,0.12,,5,0,0,,215,7,4,0,,2,0,1,2,2,3,,,,,,0,157,14,18,,15/35 (43%),1/4 (25%),57%,5,16/32 (50%),15/22 (68%),5/9 (56%),57%,7,8,19,9,,0,,,,,7
12468935,18,61961,NORMAL,REGULAR,Round 11,LEAGUE,27,Derby County,Visita,ALL,22/10/2024,11,1,48%,1.15,,17,2,6,8,384,23,8,5,,4,0,8,5,13,4,,,,29,,1,279,32,49,48/92 (52%),21/57 (37%),5/15 (33%),48%,11,39/75 (52%),16/39 (41%),8/17 (47%),57%,23,10,51,10,,2,-0.11,0,,1,9
12468935,18,61961,NORMAL,REGULAR,Round 11,LEAGUE,27,Derby County,Visita,1ST,22/10/2024,11,0,51%,0.52,,7,0,2,,209,14,4,2,,3,0,2,2,6,1,,,,,,0,163,16,19,,10/28 (36%),2/5 (40%),53%,7,23/43 (53%),9/17 (53%),5/11 (45%),50%,14,3,30,3,,0,,,,,4
12468935,18,61961,NORMAL,REGULAR,Round 11,LEAGUE,27,Derby County,Visita,2ND,22/10/2024,11,1,46%,0.63,,10,2,4,,175,9,4,3,,1,0,6,3,7,3,,,,,,1,116,16,30,,11/29 (38%),3/10 (30%),43%,4,16/32 (50%),7/22 (32%),3/6 (50%),67%,9,7,21,7,,2,,,,,5
12468898,18,61961,NORMAL,REGULAR,Round 12,LEAGUE,41,Sunderland,Local,ALL,26/10/2024,12,2,64%,1.22,4,13,2,8,9,630,15,8,2,,6,1,4,3,7,6,1,3,1,21,3,1,566,17,58,89/123 (72%),33/57 (58%),4/17 (24%),49%,9,34/67 (51%),8/19 (42%),11/20 (55%),67%,15,5,59,8,,2,0.07,0,1,,1
12468898,18,61961,NORMAL,REGULAR,Round 12,LEAGUE,41,Sunderland,Local,1ST,26/10/2024,12,1,64%,0.83,2,8,1,6,,270,12,3,2,,4,0,2,2,6,2,0,2,1,,2,1,235,10,35,,19/29 (66%),3/13 (23%),58%,5,24/43 (56%),5/7 (71%),9/15 (60%),67%,12,3,30,3,,1,,,,,0
12468898,18,61961,NORMAL,REGULAR,Round 12,LEAGUE,41,Sunderland,Local,2ND,26/10/2024,12,1,65%,0.39,2,5,1,2,,360,3,5,0,,2,1,2,1,1,4,1,1,0,,1,0,331,7,23,,14/28 (50%),1/4 (25%),36%,4,10/24 (42%),3/12 (25%),2/5 (40%),67%,3,2,29,5,,1,,,,,1
12468898,18,61961,NORMAL,REGULAR,Round 12,LEAGUE,95,Oxford United,Visita,ALL,26/10/2024,12,0,36%,0.15,0,5,4,2,8,356,18,9,2,,2,0,0,3,2,3,0,0,0,8,1,0,271,17,37,25/55 (45%),19/61 (31%),0/3 (0%),51%,10,33/67 (49%),11/19 (58%),6/11 (55%),78%,18,14,47,12,,4,1.35,2,1,,7
12468898,18,61961,NORMAL,REGULAR,Round 12,LEAGUE,95,Oxford United,Visita,1ST,26/10/2024,12,0,36%,0.01,0,1,3,2,,157,11,5,0,,1,0,0,0,0,1,0,0,0,,0,0,113,8,17,,9/33 (27%),0/2 (0%),42%,8,19/43 (44%),2/7 (29%),3/7 (43%),82%,11,7,21,8,,3,,,,,3
12468898,18,61961,NORMAL,REGULAR,Round 12,LEAGUE,95,Oxford United,Visita,2ND,26/10/2024,12,0,35%,0.14,0,4,1,0,,199,7,4,2,,1,0,0,3,2,2,0,0,0,,1,0,158,9,20,,10/28 (36%),0/1 (0%),64%,2,14/24 (58%),9/12 (75%),3/4 (75%),71%,7,7,26,4,,1,,,,,4
12468872,18,61961,NORMAL,REGULAR,Round 13,LEAGUE,95,Oxford United,Local,ALL,02/11/2024,13,1,37%,1.41,3,9,3,1,15,314,14,8,1,,2,1,5,2,7,2,0,3,,11,1,5,227,20,35,29/56 (52%),19/56 (34%),3/7 (43%),47%,4,28/62 (45%),17/33 (52%),7/17 (41%),57%,14,7,45,20,,3,0.14,,3,,14
12468872,18,61961,NORMAL,REGULAR,Round 13,LEAGUE,95,Oxford United,Local,1ST,02/11/2024,13,0,32%,0.38,1,3,1,1,,147,8,2,1,,1,1,1,1,2,1,0,1,,,0,2,110,7,17,,11/25 (44%),1/3 (33%),46%,3,16/37 (43%),5/9 (56%),6/12 (50%),50%,8,6,25,7,,1,,,,,7
12468872,18,61961,NORMAL,REGULAR,Round 13,LEAGUE,95,Oxford United,Local,2ND,02/11/2024,13,1,42%,1.03,2,6,2,0,,167,6,6,0,,1,0,4,1,5,1,0,2,,,1,3,117,13,18,,8/31 (26%),2/4 (50%),49%,1,12/25 (48%),12/24 (50%),1/5 (20%),67%,6,1,20,13,,2,,,,,7
12468872,18,61961,NORMAL,REGULAR,Round 13,LEAGUE,74,Swansea City,Visita,ALL,02/11/2024,13,2,63%,2.57,4,16,1,8,8,543,14,15,1,,5,1,6,5,9,7,2,2,,20,4,1,461,31,52,72/111 (65%),20/53 (38%),3/25 (12%),53%,10,34/62 (55%),16/33 (48%),6/10 (60%),79%,14,9,48,6,,1,-0.70,,1,,5
12468872,18,61961,NORMAL,REGULAR,Round 13,LEAGUE,74,Swansea City,Visita,1ST,02/11/2024,13,1,68%,1.19,1,6,1,3,,309,9,7,0,,2,1,2,2,3,3,1,0,,,1,1,272,16,22,,9/24 (38%),2/13 (15%),54%,6,21/37 (57%),4/9 (44%),5/7 (71%),78%,9,5,24,2,,1,,,,,2
12468872,18,61961,NORMAL,REGULAR,Round 13,LEAGUE,74,Swansea City,Visita,2ND,02/11/2024,13,1,58%,1.37,3,10,0,5,,234,5,8,1,,3,0,4,3,6,4,1,2,,,3,0,189,15,30,,11/29 (38%),1/12 (8%),51%,4,13/25 (52%),12/24 (50%),1/3 (33%),80%,5,4,24,4,,0,,,,,3
12468856,18,61961,NORMAL,REGULAR,Round 14,LEAGUE,95,Oxford United,Local,ALL,05/11/2024,14,1,38%,0.60,2,4,2,2,8,378,20,10,2,,2,0,1,1,3,1,1,1,0,9,2,0,289,21,59,39/82 (48%),35/79 (44%),2/7 (29%),50%,11,35/72 (49%),15/29 (52%),5/16 (31%),60%,20,11,46,24,,2,0.63,,,,14
12468856,18,61961,NORMAL,REGULAR,Round 14,LEAGUE,95,Oxford United,Local,1ST,05/11/2024,14,0,36%,0.30,1,2,1,0,,197,8,3,0,,1,0,1,0,2,0,0,1,0,,0,0,154,14,20,,18/36 (50%),1/4 (25%),51%,5,11/26 (42%),10/15 (67%),0/4 (0%),88%,8,6,20,11,,1,,,,,6
12468856,18,61961,NORMAL,REGULAR,Round 14,LEAGUE,95,Oxford United,Local,2ND,05/11/2024,14,1,40%,0.30,1,2,1,2,,181,12,7,2,,1,0,0,1,1,1,1,0,0,,2,0,135,7,39,,17/43 (40%),1/3 (33%),48%,6,24/46 (52%),5/14 (36%),5/12 (42%),42%,12,5,26,13,,1,,,,,8
12468856,18,61961,NORMAL,REGULAR,Round 14,LEAGUE,96,Hull City,Visita,ALL,05/11/2024,14,0,62%,1.12,2,12,1,6,10,611,22,8,1,,2,1,8,2,9,3,0,2,1,19,1,3,530,24,57,98/136 (72%),20/45 (44%),4/24 (17%),50%,12,37/72 (51%),14/29 (48%),7/15 (47%),68%,22,8,58,8,,1,-0.25,,,,2
12468856,18,61961,NORMAL,REGULAR,Round 14,LEAGUE,96,Hull City,Visita,1ST,05/11/2024,14,0,64%,0.76,1,8,1,5,,346,9,3,0,,1,1,5,2,6,2,0,1,1,,0,2,311,11,21,,12/23 (52%),2/15 (13%),49%,4,15/26 (58%),5/15 (33%),3/7 (43%),89%,9,4,29,7,,1,,,,,0
12468856,18,61961,NORMAL,REGULAR,Round 14,LEAGUE,96,Hull City,Visita,2ND,05/11/2024,14,0,60%,0.36,1,4,0,1,,265,13,5,1,,1,0,3,0,3,1,0,1,0,,1,1,219,13,36,,8/22 (36%),2/9 (22%),52%,8,22/46 (48%),9/14 (64%),4/8 (50%),54%,13,4,29,1,,0,,,,,2
12468811,18,61961,NORMAL,REGULAR,Round 15,LEAGUE,24,Watford,Local,ALL,08/11/2024,15,1,60%,1.72,2,16,3,11,12,490,12,8,5,,8,0,5,3,8,8,1,1,2,31,0,1,404,17,46,58/95 (61%),25/55 (45%),3/27 (11%),44%,11,32/70 (46%),20/48 (42%),12/22 (55%),75%,12,7,44,21,1,3,0.40,1,0,0,8
12468811,18,61961,NORMAL,REGULAR,Round 15,LEAGUE,24,Watford,Local,1ST,08/11/2024,15,0,64%,0.23,0,4,0,3,,275,8,3,2,,1,0,1,2,1,3,0,0,0,,0,1,228,8,15,,11/25 (44%),0/13 (0%),44%,5,17/37 (46%),10/24 (42%),6/12 (50%),75%,8,5,25,11,,0,,,,,5
12468811,18,61961,NORMAL,REGULAR,Round 15,LEAGUE,24,Watford,Local,2ND,08/11/2024,15,1,56%,1.49,2,12,3,8,,215,4,5,3,,7,0,4,1,7,5,1,1,2,,0,0,176,9,31,,14/30 (47%),3/14 (21%),44%,6,15/33 (45%),10/24 (42%),6/10 (60%),75%,4,2,19,10,,3,,,,,3
12468811,18,61961,NORMAL,REGULAR,Round 15,LEAGUE,95,Oxford United,Visita,ALL,08/11/2024,15,0,40%,1.38,3,10,7,4,8,318,21,12,2,,3,0,5,2,6,4,0,3,0,12,1,2,226,24,48,50/87 (57%),22/57 (39%),7/19 (37%),56%,4,38/70 (54%),28/48 (58%),6/14 (43%),52%,21,9,48,37,0,7,1.76,1,2,1,6
12468811,18,61961,NORMAL,REGULAR,Round 15,LEAGUE,95,Oxford United,Visita,1ST,08/11/2024,15,0,36%,0.07,0,4,1,1,,156,11,5,1,,0,0,3,1,1,3,0,0,0,,0,1,101,16,25,,13/36 (36%),2/4 (50%),56%,4,20/37 (54%),14/24 (58%),5/9 (56%),55%,11,4,28,18,,1,,,,,2
12468811,18,61961,NORMAL,REGULAR,Round 15,LEAGUE,95,Oxford United,Visita,2ND,08/11/2024,15,0,44%,1.31,3,6,6,3,,162,10,7,1,,3,0,2,1,5,1,0,3,0,,1,1,125,8,23,,9/21 (43%),5/15 (33%),56%,0,18/33 (55%),14/24 (58%),1/5 (20%),50%,10,5,20,19,,6,,,,,4
12468799,18,61961,NORMAL,REGULAR,Round 16,LEAGUE,95,Oxford United,Local,ALL,23/11/2024,16,2,36%,0.58,1,11,6,6,9,331,7,8,1,,7,1,4,0,6,5,1,0,1,22,2,1,270,24,40,35/63 (56%),20/47 (43%),5/12 (42%),48%,7,18/44 (41%),11/17 (65%),3/9 (33%),29%,7,14,37,22,1,6,-1.13,2,0,,6
12468799,18,61961,NORMAL,REGULAR,Round 16,LEAGUE,95,Oxford United,Local,1ST,23/11/2024,16,1,36%,0.39,1,6,3,3,,151,6,4,1,,5,0,1,0,3,3,1,0,1,,1,0,118,15,18,,8/21 (38%),2/7 (29%),51%,3,11/25 (44%),7/10 (70%),1/6 (17%),17%,6,9,18,9,,3,,,,,2
12468799,18,61961,NORMAL,REGULAR,Round 16,LEAGUE,95,Oxford United,Local,2ND,23/11/2024,16,1,37%,0.19,0,5,3,3,,180,1,4,0,,2,1,3,0,3,2,0,0,0,,1,1,152,9,22,,12/26 (46%),3/5 (60%),42%,4,7/19 (37%),4/7 (57%),2/3 (67%),100%,1,5,19,13,,3,,,,,4
12468799,18,61961,NORMAL,REGULAR,Round 16,LEAGUE,36,Middlesbrough,Visita,ALL,23/11/2024,16,6,64%,2.89,4,16,5,9,8,582,13,8,3,,12,1,4,0,12,4,2,2,2,34,1,1,496,29,62,111/160 (69%),25/57 (44%),3/17 (18%),52%,4,26/44 (59%),6/17 (35%),4/7 (57%),77%,13,4,43,12,0,5,-0.66,3,1,,3
12468799,18,61961,NORMAL,REGULAR,Round 16,LEAGUE,36,Middlesbrough,Visita,1ST,23/11/2024,16,3,64%,2.02,3,7,4,4,,276,8,3,1,,6,0,1,0,7,0,2,1,2,,1,0,231,16,38,,13/31 (42%),2/8 (25%),49%,3,14/25 (56%),3/10 (30%),2/5 (40%),75%,8,3,25,5,,4,,,,,0
12468799,18,61961,NORMAL,REGULAR,Round 16,LEAGUE,36,Middlesbrough,Visita,2ND,23/11/2024,16,3,63%,0.87,1,9,1,5,,306,5,5,2,,6,1,3,0,5,4,0,1,0,,0,1,265,13,24,,12/26 (46%),1/9 (11%),58%,1,12/19 (63%),3/7 (43%),2/2 (100%),80%,5,1,18,7,,1,,,,,3
12468771,18,61961,NORMAL,REGULAR,Round 17,LEAGUE,15,Sheffield United,Local,ALL,26/11/2024,17,3,67%,3.56,4,14,3,7,8,792,11,7,1,,8,0,4,2,13,1,3,1,2,33,0,1,715,22,71,170/218 (78%),22/37 (59%),3/14 (21%),47%,7,29/65 (45%),6/10 (60%),11/26 (42%),64%,11,6,39,15,,3,0.51,1,3,0,9
12468771,18,61961,NORMAL,REGULAR,Round 17,LEAGUE,15,Sheffield United,Local,1ST,26/11/2024,17,2,70%,2.09,2,7,0,7,,390,5,3,0,,4,0,2,1,7,0,2,0,1,,0,0,348,10,36,,10/19 (53%),2/11 (18%),50%,3,16/33 (48%),5/9 (56%),8/14 (57%),40%,5,3,22,9,,0,,,,,4
12468771,18,61961,NORMAL,REGULAR,Round 17,LEAGUE,15,Sheffield United,Local,2ND,26/11/2024,17,1,65%,1.47,2,7,3,0,,402,6,4,1,,4,0,2,1,6,1,1,1,1,,0,1,367,12,35,,12/18 (67%),1/3 (33%),42%,4,13/32 (41%),1/1 (100%),3/12 (25%),83%,6,3,17,6,,3,,,,,5
12468771,18,61961,NORMAL,REGULAR,Round 17,LEAGUE,95,Oxford United,Visita,ALL,26/11/2024,17,0,33%,0.26,0,9,4,7,7,373,22,8,1,,3,0,4,2,3,6,0,0,0,7,1,2,303,14,38,60/82 (73%),29/54 (54%),2/18 (11%),53%,2,36/65 (55%),4/10 (40%),6/15 (40%),59%,22,15,49,27,,4,0.74,2,0,1,3
12468771,18,61961,NORMAL,REGULAR,Round 17,LEAGUE,95,Oxford United,Visita,1ST,26/11/2024,17,0,30%,0.06,0,3,2,2,,165,9,5,1,,0,0,2,1,1,2,0,0,0,,1,0,127,9,23,,18/33 (55%),1/9 (11%),50%,1,17/33 (52%),4/9 (44%),3/7 (43%),56%,9,11,23,13,,2,,,,,1
12468771,18,61961,NORMAL,REGULAR,Round 17,LEAGUE,95,Oxford United,Visita,2ND,26/11/2024,17,0,35%,0.21,0,6,2,5,,208,13,3,0,,3,0,2,1,2,4,0,0,0,,0,2,176,5,15,,11/21 (52%),1/9 (11%),58%,1,19/32 (59%),0/1 (0%),3/8 (38%),62%,13,4,26,14,,2,,,,,2
12468744,18,61961,NORMAL,REGULAR,Round 18,LEAGUE,95,Oxford United,Local,ALL,30/11/2024,18,1,52%,0.90,1,8,2,2,10,351,19,14,0,,3,0,2,3,4,4,0,1,,11,3,1,245,36,55,46/97 (47%),23/73 (32%),2/10 (20%),52%,10,37/70 (53%),31/61 (51%),4/12 (33%),53%,19,7,38,48,0,2,-0.08,0,0,,5
12468744,18,61961,NORMAL,REGULAR,Round 18,LEAGUE,95,Oxford United,Local,1ST,30/11/2024,18,0,36%,0.24,0,4,2,1,,104,10,4,0,,2,0,1,1,2,2,0,0,,,1,1,58,17,16,,7/31 (23%),2/3 (67%),49%,4,17/31 (55%),14/32 (44%),3/6 (50%),50%,10,4,13,29,,2,,,,,3
12468744,18,61961,NORMAL,REGULAR,Round 18,LEAGUE,95,Oxford United,Local,2ND,30/11/2024,18,1,62%,0.66,1,4,0,1,,247,9,10,0,,1,0,1,2,2,2,0,1,,,2,0,187,19,39,,16/42 (38%),0/7 (0%),54%,6,20/39 (51%),17/29 (59%),1/6 (17%),56%,9,3,25,19,,0,,,,,2
12468744,18,61961,NORMAL,REGULAR,Round 18,LEAGUE,25,Millwall,Visita,ALL,30/11/2024,18,1,48%,0.88,2,11,2,11,14,319,18,10,4,,3,1,1,7,10,1,1,1,,27,0,4,214,34,62,72/122 (59%),30/74 (41%),7/28 (25%),48%,12,33/70 (47%),30/61 (49%),5/12 (42%),61%,18,7,44,16,1,2,-0.03,1,1,,4
12468744,18,61961,NORMAL,REGULAR,Round 18,LEAGUE,25,Millwall,Visita,1ST,30/11/2024,18,1,64%,0.84,2,10,2,7,,176,7,5,1,,3,1,1,6,9,1,1,1,,,0,3,128,21,31,,19/36 (53%),4/15 (27%),51%,7,14/31 (45%),18/32 (56%),2/5 (40%),71%,7,3,19,3,,2,,,,,1
12468744,18,61961,NORMAL,REGULAR,Round 18,LEAGUE,25,Millwall,Visita,2ND,30/11/2024,18,0,38%,0.04,0,1,0,4,,143,11,5,3,,0,0,0,1,1,0,0,0,,,0,1,86,13,31,,11/38 (29%),3/13 (23%),46%,5,19/39 (49%),12/29 (41%),3/7 (43%),55%,11,4,25,13,,0,,,,,3
12468691,18,61961,NORMAL,REGULAR,Round 20,LEAGUE,1,Queens Park Rangers,Local,ALL,11/12/2024,20,2,40%,0.66,1,11,1,0,11,373,20,20,2,,4,0,7,0,7,4,1,,,20,7,,289,21,51,90/128 (70%),16/49 (33%),4/15 (27%),53%,12,45/85 (53%),22/42 (52%),8/20 (40%),65%,20,8,55,26,0,1,0.26,,,,7
12468691,18,61961,NORMAL,REGULAR,Round 20,LEAGUE,1,Queens Park Rangers,Local,1ST,11/12/2024,20,0,42%,0.17,0,4,1,0,,200,8,11,0,,1,0,3,0,4,0,0,,,,3,,155,16,24,,2/21 (10%),1/5 (20%),50%,8,21/42 (50%),12/24 (50%),3/6 (50%),75%,8,2,26,9,,1,,,,,4
12468691,18,61961,NORMAL,REGULAR,Round 20,LEAGUE,1,Queens Park Rangers,Local,2ND,11/12/2024,20,2,38%,0.49,1,7,0,0,,173,12,9,2,,3,0,4,0,3,4,1,,,,4,,134,5,27,,14/28 (50%),3/10 (30%),56%,4,24/43 (56%),10/18 (56%),5/14 (36%),58%,12,6,29,17,,0,,,,,3
12468691,18,61961,NORMAL,REGULAR,Round 20,LEAGUE,95,Oxford United,Visita,ALL,11/12/2024,20,0,60%,0.09,0,4,2,4,20,573,24,11,2,,1,0,2,1,1,3,0,,,13,0,,477,29,54,74/112 (66%),35/77 (45%),4/13 (31%),47%,7,40/85 (47%),20/42 (48%),6/19 (32%),50%,24,9,50,26,1,2,-0.82,,,,12
12468691,18,61961,NORMAL,REGULAR,Round 20,LEAGUE,95,Oxford United,Visita,1ST,11/12/2024,20,0,58%,0.07,0,3,1,2,,284,11,5,2,,1,0,1,1,1,2,0,,,,0,,237,11,26,,18/43 (42%),3/7 (43%),50%,3,21/42 (50%),12/24 (50%),5/10 (50%),64%,11,7,29,12,,1,,,,,5
12468691,18,61961,NORMAL,REGULAR,Round 20,LEAGUE,95,Oxford United,Visita,2ND,11/12/2024,20,0,62%,0.02,0,1,1,2,,289,13,6,0,,0,0,1,0,0,1,0,,,,0,,240,18,28,,17/34 (50%),1/6 (17%),44%,4,19/43 (44%),8/18 (44%),1/9 (11%),38%,13,2,21,14,,1,,,,,7
12468668,18,61961,NORMAL,REGULAR,Round 21,LEAGUE,95,Oxford United,Local,ALL,14/12/2024,21,1,51%,1.42,3,11,6,7,9,454,11,11,0,,5,0,1,5,5,6,1,2,,22,1,0,375,23,56,57/97 (59%),30/61 (49%),4/18 (22%),49%,4,28/56 (50%),13/27 (48%),7/14 (50%),55%,11,14,44,24,,6,-0.55,2,1,1,7
12468668,18,61961,NORMAL,REGULAR,Round 21,LEAGUE,95,Oxford United,Local,1ST,14/12/2024,21,1,43%,1.29,3,8,1,4,,189,4,4,0,,4,0,1,3,5,3,1,2,,,0,0,150,8,22,,10/23 (43%),3/7 (43%),41%,1,11/29 (38%),8/17 (47%),3/5 (60%),100%,4,8,19,16,,1,,,,,3
12468668,18,61961,NORMAL,REGULAR,Round 21,LEAGUE,95,Oxford United,Local,2ND,14/12/2024,21,0,59%,0.13,0,3,5,3,,265,7,7,0,,1,0,0,2,0,3,0,0,,,1,0,225,15,34,,20/38 (53%),1/11 (9%),59%,3,17/27 (63%),5/10 (50%),4/9 (44%),29%,7,6,25,8,,5,,,,,4
12468668,18,61961,NORMAL,REGULAR,Round 21,LEAGUE,12,Sheffield Wednesday,Visita,ALL,14/12/2024,21,3,49%,1.87,4,15,4,11,11,422,11,9,1,,9,0,4,2,11,4,2,2,,27,1,3,349,26,40,64/93 (69%),21/42 (50%),7/32 (22%),51%,10,28/56 (50%),14/27 (52%),8/9 (89%),55%,11,12,47,29,,4,0.71,0,2,0,3
12468668,18,61961,NORMAL,REGULAR,Round 21,LEAGUE,12,Sheffield Wednesday,Visita,1ST,14/12/2024,21,1,57%,0.45,1,3,3,5,,248,3,7,0,,2,0,1,0,3,0,1,0,,,1,3,205,15,23,,12/22 (55%),3/16 (19%),59%,4,18/29 (62%),9/17 (53%),8/8 (100%),67%,3,5,21,13,,3,,,,,0
12468668,18,61961,NORMAL,REGULAR,Round 21,LEAGUE,12,Sheffield Wednesday,Visita,2ND,14/12/2024,21,2,41%,1.42,3,12,1,6,,174,8,2,1,,7,0,3,2,8,4,1,2,,,0,0,144,11,17,,9/20 (45%),4/16 (25%),41%,6,10/27 (37%),5/10 (50%),0/1 (0%),50%,8,7,26,16,,1,,,,,3
12468650,18,61961,NORMAL,REGULAR,Round 22,LEAGUE,34,Leeds United,Local,ALL,21/12/2024,22,4,69%,2.98,5,23,0,5,7,606,19,7,0,,9,0,9,5,16,7,4,1,0,46,3,,535,22,77,172/218 (79%),19/36 (53%),5/21 (24%),59%,7,33/55 (60%),8/15 (53%),7/13 (54%),63%,19,7,47,8,,0,0.00,,,1,4
12468650,18,61961,NORMAL,REGULAR,Round 22,LEAGUE,34,Leeds United,Local,1ST,21/12/2024,22,1,69%,1.37,1,12,0,2,,303,9,6,0,,3,0,5,4,7,5,1,0,0,,3,,266,15,48,,11/18 (61%),2/10 (20%),60%,5,18/28 (64%),3/7 (43%),3/6 (50%),67%,9,3,20,5,,0,,,,,2
12468650,18,61961,NORMAL,REGULAR,Round 22,LEAGUE,34,Leeds United,Local,2ND,21/12/2024,22,3,68%,1.61,4,11,0,3,,303,10,1,0,,6,0,4,1,9,2,3,1,0,,0,,269,7,29,,8/18 (44%),3/11 (27%),57%,2,15/27 (56%),5/8 (63%),4/7 (57%),60%,10,4,27,3,,0,,,,,2
12468650,18,61961,NORMAL,REGULAR,Round 22,LEAGUE,95,Oxford United,Visita,ALL,21/12/2024,22,0,31%,0.88,1,6,5,0,7,279,13,7,1,,0,0,4,2,4,2,0,1,1,8,4,,214,17,26,19/40 (48%),27/58 (47%),4/5 (80%),41%,11,22/55 (40%),7/15 (47%),3/11 (27%),69%,13,9,37,33,,5,0.15,,,0,18
12468650,18,61961,NORMAL,REGULAR,Round 22,LEAGUE,95,Oxford United,Visita,1ST,21/12/2024,22,0,31%,0.70,1,3,2,0,,136,8,2,1,,0,0,2,1,3,0,0,1,1,,1,,102,8,9,,15/32 (47%),0/1 (0%),40%,6,10/28 (36%),4/7 (57%),0/3 (0%),75%,8,6,17,18,,2,,,,,11
12468650,18,61961,NORMAL,REGULAR,Round 22,LEAGUE,95,Oxford United,Visita,2ND,21/12/2024,22,0,32%,0.18,0,3,3,0,,143,5,5,0,,0,0,2,1,1,2,0,0,0,,3,,112,9,17,,12/26 (46%),4/4 (100%),43%,5,12/27 (44%),3/8 (38%),3/8 (38%),60%,5,3,20,15,,3,,,,,7
12468615,18,61961,NORMAL,REGULAR,Round 23,LEAGUE,95,Oxford United,Local,ALL,26/12/2024,23,3,41%,1.49,1,13,1,3,14,404,11,7,1,,5,0,6,2,5,8,1,0,1,10,0,2,314,12,56,65/104 (63%),28/65 (43%),3/15 (20%),42%,11,26/65 (40%),13/28 (46%),8/15 (53%),36%,11,10,59,27,0,1,-0.52,,3,,10
12468615,18,61961,NORMAL,REGULAR,Round 23,LEAGUE,95,Oxford United,Local,1ST,26/12/2024,23,1,47%,1.00,1,4,1,1,,236,5,3,0,,1,0,2,1,1,3,1,0,1,,0,2,189,6,25,,17/32 (53%),0/7 (0%),33%,9,11/34 (32%),6/17 (35%),3/6 (50%),40%,5,6,29,16,,1,,,,,3
12468615,18,61961,NORMAL,REGULAR,Round 23,LEAGUE,95,Oxford United,Local,2ND,26/12/2024,23,2,35%,0.49,0,9,0,2,,168,6,4,1,,4,0,4,1,4,5,0,0,0,,0,0,125,6,31,,11/33 (33%),3/8 (38%),52%,2,15/31 (48%),7/11 (64%),5/9 (56%),33%,6,4,30,11,,0,,,,,7
12468615,18,61961,NORMAL,REGULAR,Round 23,LEAGUE,61,Cardiff City,Visita,ALL,26/12/2024,23,2,59%,0.57,1,8,2,0,7,570,18,14,1,,3,1,2,3,6,2,0,1,0,26,2,1,477,22,73,127/166 (77%),21/54 (39%),4/27 (15%),58%,4,39/65 (60%),15/28 (54%),10/17 (59%),61%,18,8,47,14,1,2,-1.19,,0,,9
12468615,18,61961,NORMAL,REGULAR,Round 23,LEAGUE,61,Cardiff City,Visita,1ST,26/12/2024,23,0,53%,0.19,1,3,0,0,,263,12,8,0,,1,1,0,2,2,1,0,1,0,,1,1,206,11,38,,16/34 (47%),1/11 (9%),67%,2,23/34 (68%),11/17 (65%),5/8 (63%),75%,12,3,25,9,,0,,,,,3
12468615,18,61961,NORMAL,REGULAR,Round 23,LEAGUE,61,Cardiff City,Visita,2ND,26/12/2024,23,2,65%,0.37,0,5,2,0,,307,6,6,1,,2,0,2,1,4,1,0,0,0,,1,0,271,11,35,,5/20 (25%),3/16 (19%),48%,2,16/31 (52%),4/11 (36%),5/9 (56%),33%,6,5,22,5,,2,,,,,6
12468588,18,61961,NORMAL,REGULAR,Round 24,LEAGUE,95,Oxford United,Local,ALL,29/12/2024,24,2,51%,1.08,2,14,2,9,9,397,10,15,0,,5,1,2,7,11,3,,2,,22,1,6,327,32,56,75/109 (69%),31/60 (52%),8/25 (32%),54%,12,28/62 (45%),25/37 (68%),5/15 (33%),70%,10,9,46,30,1,2,0.28,0,1,,5
12468588,18,61961,NORMAL,REGULAR,Round 24,LEAGUE,95,Oxford United,Local,1ST,29/12/2024,24,1,60%,0.64,2,9,2,5,,237,2,4,0,,4,1,1,4,7,2,,2,,,0,2,198,20,24,,12/28 (43%),6/17 (35%),51%,6,9/21 (43%),11/18 (61%),3/6 (50%),100%,2,0,25,14,,2,,,,,2
12468588,18,61961,NORMAL,REGULAR,Round 24,LEAGUE,95,Oxford United,Local,2ND,29/12/2024,24,1,42%,0.45,0,5,0,4,,160,8,11,0,,1,0,1,3,4,1,,0,,,1,4,129,12,32,,19/32 (59%),2/8 (25%),55%,6,19/41 (46%),14/19 (74%),2/9 (22%),63%,8,9,21,16,,0,,,,,3
12468588,18,61961,NORMAL,REGULAR,Round 24,LEAGUE,71,Plymouth Argyle,Visita,ALL,29/12/2024,24,0,49%,0.42,0,11,3,6,15,396,22,9,2,,2,1,2,7,7,4,,0,,15,1,3,319,19,47,38/78 (49%),15/53 (28%),1/13 (8%),46%,5,34/62 (55%),12/37 (32%),3/8 (38%),77%,22,9,42,26,0,3,-0.63,1,1,,8
12468588,18,61961,NORMAL,REGULAR,Round 24,LEAGUE,71,Plymouth Argyle,Visita,1ST,29/12/2024,24,0,40%,0.02,0,3,3,3,,168,9,2,0,,2,1,0,1,2,1,,0,,,0,1,122,9,23,,10/32 (31%),1/5 (20%),49%,1,12/21 (57%),7/18 (39%),1/2 (50%),67%,9,3,24,14,,3,,,,,4
12468588,18,61961,NORMAL,REGULAR,Round 24,LEAGUE,71,Plymouth Argyle,Visita,2ND,29/12/2024,24,0,58%,0.40,0,8,0,3,,228,13,7,2,,0,0,2,6,5,3,,0,,,1,2,197,10,24,,5/21 (24%),0/8 (0%),45%,4,22/41 (54%),5/19 (26%),2/6 (33%),85%,13,6,18,12,,0,,,,,4
12468562,18,61961,NORMAL,REGULAR,Round 25,LEAGUE,25,Millwall,Local,ALL,01/01/2025,25,0,55%,0.86,1,15,1,3,15,442,17,11,0,,4,0,8,3,13,2,0,1,,27,3,0,353,24,68,91/141 (65%),12/56 (21%),8/25 (32%),48%,8,42/80 (53%),22/54 (41%),15/27 (56%),53%,17,10,48,30,,1,-0.03,,,,6
12468562,18,61961,NORMAL,REGULAR,Round 25,LEAGUE,25,Millwall,Local,1ST,01/01/2025,25,0,51%,0.38,1,7,1,0,,224,7,3,0,,3,0,3,1,7,0,0,1,,,1,0,182,13,32,,6/27 (22%),3/7 (43%),33%,4,13/31 (42%),5/23 (22%),3/7 (43%),29%,7,5,22,18,,1,,,,,4
12468562,18,61961,NORMAL,REGULAR,Round 25,LEAGUE,25,Millwall,Local,2ND,01/01/2025,25,0,60%,0.48,0,8,0,3,,218,10,8,0,,1,0,5,2,6,2,0,0,,,2,0,171,11,36,,6/29 (21%),5/18 (28%),57%,4,29/49 (59%),17/31 (55%),12/20 (60%),70%,10,5,26,12,,0,,,,,2
12468562,18,61961,NORMAL,REGULAR,Round 25,LEAGUE,95,Oxford United,Visita,ALL,01/01/2025,25,1,45%,0.65,2,8,4,4,11,371,20,15,1,,2,0,3,3,5,3,1,1,,14,1,1,271,14,53,48/85 (56%),28/70 (40%),3/12 (25%),52%,7,38/80 (48%),32/54 (59%),5/15 (33%),65%,20,3,45,39,,4,0.44,,,,13
12468562,18,61961,NORMAL,REGULAR,Round 25,LEAGUE,95,Oxford United,Visita,1ST,01/01/2025,25,0,49%,0.34,1,7,3,2,,217,8,9,0,,1,0,3,3,4,3,0,1,,,0,1,171,7,23,,13/30 (43%),1/7 (14%),67%,2,18/31 (58%),18/23 (78%),2/7 (29%),75%,8,2,23,16,,3,,,,,5
12468562,18,61961,NORMAL,REGULAR,Round 25,LEAGUE,95,Oxford United,Visita,2ND,01/01/2025,25,1,40%,0.30,1,1,1,2,,154,12,6,1,,1,0,0,0,1,0,1,0,,,1,0,100,7,30,,15/40 (38%),2/5 (40%),43%,5,20/49 (41%),14/31 (45%),3/8 (38%),58%,12,1,22,23,,1,,,,,8
12468544,18,61961,NORMAL,REGULAR,Round 26,LEAGUE,21,Preston North End,Local,ALL,04/01/2025,26,1,70%,2.20,2,19,2,4,12,640,8,13,3,,5,0,9,5,14,5,1,1,1,34,4,2,537,27,72,134/181 (74%),30/60 (50%),8/18 (44%),53%,4,26/61 (43%),37/59 (63%),5/17 (29%),88%,8,3,48,23,,2,-0.42,0,0,,2
12468544,18,61961,NORMAL,REGULAR,Round 26,LEAGUE,21,Preston North End,Local,1ST,04/01/2025,26,0,69%,1.11,1,13,0,3,,327,2,6,1,,4,0,5,4,10,3,0,1,1,,2,1,285,11,33,,16/26 (62%),7/12 (58%),61%,2,11/25 (44%),22/29 (76%),3/9 (33%),50%,2,2,23,5,,0,,,,,1
12468544,18,61961,NORMAL,REGULAR,Round 26,LEAGUE,21,Preston North End,Local,2ND,04/01/2025,26,1,71%,1.08,1,6,2,1,,313,6,7,2,,1,0,4,1,4,2,1,0,0,,2,1,252,16,39,,14/34 (41%),1/6 (17%),45%,2,15/36 (42%),15/30 (50%),2/8 (25%),100%,6,1,25,18,,2,,,,,1
12468544,18,61961,NORMAL,REGULAR,Round 26,LEAGUE,95,Oxford United,Visita,ALL,04/01/2025,26,1,30%,0.42,1,5,4,2,13,279,16,12,3,,3,0,0,2,2,3,1,0,0,8,2,3,173,14,42,27/64 (42%),12/73 (16%),0/8 (0%),47%,3,35/61 (57%),22/59 (37%),7/12 (58%),88%,16,8,48,35,,4,1.08,2,1,,16
12468544,18,61961,NORMAL,REGULAR,Round 26,LEAGUE,95,Oxford United,Visita,1ST,04/01/2025,26,1,31%,0.26,1,1,4,0,,153,8,4,1,,1,0,0,0,1,0,1,0,0,,0,1,104,8,17,,7/36 (19%),0/2 (0%),39%,0,14/25 (56%),7/29 (24%),2/4 (50%),75%,8,3,24,21,,4,,,,,7
12468544,18,61961,NORMAL,REGULAR,Round 26,LEAGUE,95,Oxford United,Visita,2ND,04/01/2025,26,0,29%,0.17,0,4,0,2,,126,8,8,2,,2,0,0,2,1,3,0,0,0,,2,2,69,6,25,,5/37 (14%),0/6 (0%),55%,3,21/36 (58%),15/30 (50%),5/8 (63%),100%,8,5,24,14,,0,,,,,9
13240711,18,61961,NORMAL,REGULAR,Round 19,LEAGUE,71,Plymouth Argyle,Local,ALL,14/01/2025,19,1,61%,0.62,1,11,2,6,8,447,24,10,1,,2,0,6,3,6,5,,1,0,9,3,0,364,25,33,57/80 (71%),17/48 (35%),3/17 (18%),47%,11,43/86 (50%),23/53 (43%),9/27 (33%),46%,24,13,47,58,,2,-0.43,2,1,2,6
13240711,18,61961,NORMAL,REGULAR,Round 19,LEAGUE,71,Plymouth Argyle,Local,1ST,14/01/2025,19,0,66%,0.42,1,8,0,2,,246,11,7,0,,1,0,5,2,4,4,,1,0,,2,0,207,16,13,,9/24 (38%),1/8 (13%),42%,6,21/40 (53%),5/22 (23%),3/12 (25%),45%,11,6,27,22,,0,,,,,3
13240711,18,61961,NORMAL,REGULAR,Round 19,LEAGUE,71,Plymouth Argyle,Local,2ND,14/01/2025,19,1,57%,0.20,0,3,2,4,,201,13,3,1,,1,0,1,1,2,1,,0,0,,1,0,157,9,20,,8/24 (33%),2/9 (22%),52%,5,22/46 (48%),18/31 (58%),6/15 (40%),46%,13,7,20,36,,2,,,,,3
13240711,18,61961,NORMAL,REGULAR,Round 19,LEAGUE,95,Oxford United,Visita,ALL,14/01/2025,19,1,39%,0.38,0,8,1,3,10,277,29,8,1,,3,0,2,3,4,4,,0,1,29,2,2,178,41,54,59/106 (56%),19/48 (40%),6/20 (30%),53%,11,43/86 (50%),30/53 (57%),6/19 (32%),66%,29,9,41,21,,1,-0.02,0,2,1,12
13240711,18,61961,NORMAL,REGULAR,Round 19,LEAGUE,95,Oxford United,Visita,1ST,14/01/2025,19,1,34%,0.12,0,4,1,2,,127,15,2,0,,1,0,1,2,1,3,,0,1,,1,1,85,18,18,,13/25 (52%),1/6 (17%),58%,4,19/40 (48%),17/22 (77%),2/9 (22%),53%,15,3,19,9,,1,,,,,9
13240711,18,61961,NORMAL,REGULAR,Round 19,LEAGUE,95,Oxford United,Visita,2ND,14/01/2025,19,0,43%,0.26,0,4,0,1,,150,14,6,1,,2,0,1,1,3,1,,0,0,,1,1,93,23,36,,6/23 (26%),5/14 (36%),48%,7,24/46 (52%),13/31 (42%),4/10 (40%),79%,14,6,22,12,,0,,,,,3
12468512,18,61961,NORMAL,REGULAR,Round 27,LEAGUE,95,Oxford United,Local,ALL,18/01/2025,27,1,55%,1.30,1,17,4,4,12,468,9,10,1,,7,0,6,4,12,5,,1,,36,2,1,389,20,46,58/89 (65%),30/58 (52%),6/17 (35%),43%,7,19/49 (39%),21/44 (48%),1/8 (13%),44%,9,5,48,31,0,4,0.58,0,,,6
12468512,18,61961,NORMAL,REGULAR,Round 27,LEAGUE,95,Oxford United,Local,1ST,18/01/2025,27,0,54%,0.57,0,8,2,0,,256,5,6,1,,4,0,1,3,7,1,,0,,,1,1,220,10,20,,21/35 (60%),1/6 (17%),46%,3,11/28 (39%),8/13 (62%),1/5 (20%),60%,5,4,25,11,,2,,,,,2
12468512,18,61961,NORMAL,REGULAR,Round 27,LEAGUE,95,Oxford United,Local,2ND,18/01/2025,27,1,56%,0.73,1,9,2,4,,212,4,4,0,,3,0,5,1,5,4,,1,,,1,0,169,10,26,,9/23 (39%),5/11 (45%),40%,4,8/21 (38%),13/31 (42%),0/3 (0%),25%,4,1,23,20,,2,,,,,4
12468512,18,61961,NORMAL,REGULAR,Round 27,LEAGUE,46,Blackburn Rovers,Visita,ALL,18/01/2025,27,0,45%,0.91,1,14,6,3,10,391,14,12,3,,4,0,5,5,7,7,,1,,19,2,2,304,16,47,47/82 (57%),27/61 (44%),2/11 (18%),57%,2,30/49 (61%),23/44 (52%),5/12 (42%),64%,14,8,39,32,1,6,0.27,1,,,12
12468512,18,61961,NORMAL,REGULAR,Round 27,LEAGUE,46,Blackburn Rovers,Visita,1ST,18/01/2025,27,0,46%,0.27,0,5,4,0,,224,7,7,1,,2,0,2,1,1,4,,0,,,2,0,183,3,26,,17/37 (46%),1/4 (25%),54%,0,17/28 (61%),5/13 (38%),3/8 (38%),57%,7,6,25,10,,4,,,,,6
12468512,18,61961,NORMAL,REGULAR,Round 27,LEAGUE,46,Blackburn Rovers,Visita,2ND,18/01/2025,27,0,44%,0.64,1,9,2,3,,167,7,5,2,,2,0,3,4,6,3,,1,,,0,2,121,13,21,,10/24 (42%),1/7 (14%),60%,2,13/21 (62%),18/31 (58%),2/4 (50%),71%,7,2,14,22,,2,,,,,6
12468496,18,61961,NORMAL,REGULAR,Round 28,LEAGUE,95,Oxford United,Local,ALL,21/01/2025,28,3,49%,0.90,2,11,1,6,11,383,18,17,3,,5,0,1,5,5,6,1,1,0,25,2,1,306,21,57,52/88 (59%),20/59 (34%),5/22 (23%),47%,8,38/75 (51%),18/45 (40%),8/17 (47%),67%,18,4,41,48,,1,-0.68,0,,1,3
12468496,18,61961,NORMAL,REGULAR,Round 28,LEAGUE,95,Oxford United,Local,1ST,21/01/2025,28,1,56%,0.15,0,4,1,3,,237,11,8,1,,2,0,0,2,1,3,0,0,0,,1,1,188,10,29,,6/30 (20%),3/13 (23%),55%,2,23/38 (61%),4/11 (36%),4/9 (44%),73%,11,2,26,16,,1,,,,,0
12468496,18,61961,NORMAL,REGULAR,Round 28,LEAGUE,95,Oxford United,Local,2ND,21/01/2025,28,2,41%,0.75,2,7,0,3,,146,7,9,2,,3,0,1,3,4,3,1,1,0,,1,0,118,11,28,,14/29 (48%),2/9 (22%),41%,6,15/37 (41%),14/34 (41%),4/8 (50%),57%,7,2,15,32,,0,,,,,3
12468496,18,61961,NORMAL,REGULAR,Round 28,LEAGUE,72,Luton Town,Visita,ALL,21/01/2025,28,2,51%,0.68,3,8,3,5,17,406,17,11,3,,3,0,1,4,5,3,1,2,1,25,1,3,321,24,77,77/130 (59%),26/59 (44%),7/20 (35%),53%,7,37/75 (49%),27/45 (60%),10/21 (48%),71%,17,7,50,45,,3,-1.10,1,,1,5
12468496,18,61961,NORMAL,REGULAR,Round 28,LEAGUE,72,Luton Town,Visita,1ST,21/01/2025,28,2,44%,0.58,3,4,2,2,,196,7,7,2,,3,0,0,1,4,0,1,2,1,,1,1,155,11,32,,12/29 (41%),2/6 (33%),45%,4,15/38 (39%),7/11 (64%),2/9 (22%),71%,7,4,25,24,,2,,,,,2
12468496,18,61961,NORMAL,REGULAR,Round 28,LEAGUE,72,Luton Town,Visita,2ND,21/01/2025,28,0,59%,0.11,0,4,1,3,,210,10,4,1,,0,0,1,3,1,3,0,0,0,,0,2,166,13,45,,14/30 (47%),5/14 (36%),59%,3,22/37 (59%),20/34 (59%),8/12 (67%),70%,10,3,25,21,,1,,,,,3
12468481,18,61961,NORMAL,REGULAR,Round 29,LEAGUE,29,Stoke City,Local,ALL,25/01/2025,29,0,48%,0.39,0,7,4,5,14,368,10,10,3,,4,0,3,0,7,0,,0,0,20,4,2,290,26,48,59/101 (58%),12/41 (29%),6/24 (25%),37%,7,22/61 (36%),16/41 (39%),2/13 (15%),90%,10,6,40,34,1,4,1.28,1,2,,6
12468481,18,61961,NORMAL,REGULAR,Round 29,LEAGUE,29,Stoke City,Local,1ST,25/01/2025,29,0,45%,0.18,0,4,2,2,,194,6,3,0,,2,0,2,0,4,0,,0,0,,2,0,157,12,23,,8/18 (44%),2/9 (22%),39%,2,10/27 (37%),8/19 (42%),1/7 (14%),83%,6,2,17,26,,2,,,,,3
12468481,18,61961,NORMAL,REGULAR,Round 29,LEAGUE,29,Stoke City,Local,2ND,25/01/2025,29,0,52%,0.20,0,3,2,3,,174,4,7,3,,2,0,1,0,3,0,,0,0,,2,2,133,14,25,,4/23 (17%),4/15 (27%),36%,5,12/34 (35%),8/22 (36%),1/6 (17%),100%,4,4,23,8,,2,,,,,3
12468481,18,61961,NORMAL,REGULAR,Round 29,LEAGUE,95,Oxford United,Visita,ALL,25/01/2025,29,0,52%,1.17,2,13,4,5,10,406,18,14,4,,4,2,5,4,5,8,,2,1,19,3,2,326,18,50,67/95 (71%),25/68 (37%),4/17 (24%),63%,3,39/61 (64%),25/41 (61%),8/15 (53%),50%,18,7,47,39,1,4,1.12,1,1,,7
12468481,18,61961,NORMAL,REGULAR,Round 29,LEAGUE,95,Oxford United,Visita,1ST,25/01/2025,29,0,55%,0.27,0,7,2,2,,238,8,6,2,,2,1,2,3,1,6,,0,0,,1,0,201,10,22,,13/34 (38%),1/10 (10%),61%,2,17/27 (63%),11/19 (58%),3/7 (43%),50%,8,5,24,18,,2,,,,,3
12468481,18,61961,NORMAL,REGULAR,Round 29,LEAGUE,95,Oxford United,Visita,2ND,25/01/2025,29,0,48%,0.90,2,6,2,3,,168,10,8,2,,2,1,3,1,4,2,,2,1,,2,2,125,8,28,,12/34 (35%),3/7 (43%),64%,1,22/34 (65%),14/22 (64%),5/8 (63%),50%,10,2,23,21,,2,,,,,4
12468470,18,61961,NORMAL,REGULAR,Round 30,LEAGUE,95,Oxford United,Local,ALL,01/02/2025,30,1,69%,1.01,1,20,1,5,9,524,18,14,4,0,4,0,4,12,10,10,,1,0,23,1,2,418,32,73,98/147 (67%),29/67 (43%),6/24 (25%),60%,10,39/70 (56%),31/47 (66%),7/14 (50%),67%,18,6,49,15,0,1,-0.18,1,2,,5
12468470,18,61961,NORMAL,REGULAR,Round 30,LEAGUE,95,Oxford United,Local,1ST,01/02/2025,30,0,59%,0.35,1,8,0,2,,239,9,9,2,0,2,0,2,4,3,5,,1,0,,0,1,183,14,25,,12/33 (36%),1/6 (17%),59%,5,23/39 (59%),13/22 (59%),5/8 (63%),56%,9,3,29,9,,0,,,,,1
12468470,18,61961,NORMAL,REGULAR,Round 30,LEAGUE,95,Oxford United,Local,2ND,01/02/2025,30,1,79%,0.66,0,12,1,3,,285,9,5,2,0,2,0,2,8,7,5,,0,0,,1,1,235,18,48,,17/34 (50%),5/18 (28%),61%,5,16/31 (52%),18/25 (72%),2/6 (33%),78%,9,3,20,6,,1,,,,,4
12468470,18,61961,NORMAL,REGULAR,Round 30,LEAGUE,58,Bristol City,Visita,ALL,01/02/2025,30,1,31%,0.58,1,7,3,3,14,240,17,9,4,2,2,0,2,3,4,3,,1,2,12,1,0,145,22,52,27/68 (40%),18/59 (31%),3/6 (50%),40%,8,31/70 (44%),16/47 (34%),5/15 (33%),47%,17,10,55,42,1,3,-0.59,0,3,,5
12468470,18,61961,NORMAL,REGULAR,Round 30,LEAGUE,58,Bristol City,Visita,1ST,01/02/2025,30,0,41%,0.23,1,2,2,2,,163,8,5,1,1,0,0,1,1,2,0,,1,2,,0,0,106,9,29,,8/32 (25%),2/4 (50%),41%,5,16/39 (41%),9/22 (41%),3/7 (43%),50%,8,6,33,8,,2,,,,,3
12468470,18,61961,NORMAL,REGULAR,Round 30,LEAGUE,58,Bristol City,Visita,2ND,01/02/2025,30,1,21%,0.35,0,5,1,1,,77,9,4,3,1,2,0,1,2,2,3,,0,0,,1,0,39,13,23,,10/27 (37%),1/2 (50%),39%,3,15/31 (48%),7/25 (28%),2/8 (25%),44%,9,4,22,34,,1,,,,,2
12468461,18,61961,NORMAL,REGULAR,Round 31,LEAGUE,6,Burnley,Local,ALL,04/02/2025,31,1,61%,1.60,4,15,0,12,10,589,17,11,2,,7,1,5,3,15,0,,4,,32,,1,507,20,63,100/141 (71%),27/53 (51%),5/18 (28%),47%,10,34/70 (49%),12/27 (44%),6/13 (46%),59%,17,4,49,15,0,0,0.00,0,,0,4
12468461,18,61961,NORMAL,REGULAR,Round 31,LEAGUE,6,Burnley,Local,1ST,04/02/2025,31,1,65%,0.92,3,7,0,6,,326,8,5,0,,2,1,4,1,7,0,,3,,,,1,291,5,36,,16/27 (59%),2/9 (22%),59%,5,17/28 (61%),9/16 (56%),4/5 (80%),38%,8,1,24,9,,0,,,,,3
12468461,18,61961,NORMAL,REGULAR,Round 31,LEAGUE,6,Burnley,Local,2ND,04/02/2025,31,0,57%,0.68,1,8,0,6,,263,9,6,2,,5,0,1,2,8,0,,1,,,,0,216,15,27,,11/26 (42%),3/9 (33%),38%,5,17/42 (40%),3/11 (27%),2/8 (25%),78%,9,3,25,6,,0,,,,,1
12468461,18,61961,NORMAL,REGULAR,Round 31,LEAGUE,95,Oxford United,Visita,ALL,04/02/2025,31,0,39%,0.25,0,7,6,3,11,374,17,10,2,,0,0,4,3,2,5,,0,,10,,1,299,12,43,41/71 (58%),25/66 (38%),2/7 (29%),53%,8,36/70 (51%),15/27 (56%),9/18 (50%),71%,17,6,45,26,1,6,-0.03,1,,1,8
12468461,18,61961,NORMAL,REGULAR,Round 31,LEAGUE,95,Oxford United,Visita,1ST,04/02/2025,31,0,35%,0.22,0,5,1,2,,176,6,3,1,,0,0,4,1,2,3,,0,,,,0,141,4,24,,10/31 (32%),2/4 (50%),41%,5,11/28 (39%),7/16 (44%),2/5 (40%),67%,6,4,16,9,,1,,,,,7
12468461,18,61961,NORMAL,REGULAR,Round 31,LEAGUE,95,Oxford United,Visita,2ND,04/02/2025,31,0,43%,0.04,0,2,5,1,,198,11,7,1,,0,0,0,2,0,2,,0,,,,1,158,8,19,,15/35 (43%),0/3 (0%),62%,3,25/42 (60%),8/11 (73%),7/13 (54%),73%,11,2,29,17,,5,,,,,1
12468451,18,61961,NORMAL,REGULAR,Round 32,LEAGUE,27,Derby County,Local,ALL,11/02/2025,32,0,58%,0.85,,14,1,3,11,480,23,4,1,,4,0,6,4,8,6,,,,17,0,2,392,33,48,49/84 (58%),29/55 (53%),6/23 (26%),47%,6,34/63 (54%),13/36 (36%),7/15 (47%),74%,23,6,47,18,,1,0.07,1,3,0,6
12468451,18,61961,NORMAL,REGULAR,Round 32,LEAGUE,27,Derby County,Local,1ST,11/02/2025,32,0,59%,0.54,,9,1,2,,268,9,2,0,,2,0,4,3,5,4,,,,,0,2,228,15,19,,15/24 (63%),1/10 (10%),57%,3,16/26 (62%),9/18 (50%),5/7 (71%),78%,9,3,20,7,,1,,,,,2
12468451,18,61961,NORMAL,REGULAR,Round 32,LEAGUE,27,Derby County,Local,2ND,11/02/2025,32,0,56%,0.31,,5,0,1,,212,14,2,1,,2,0,2,1,3,2,,,,,0,0,164,18,29,,14/31 (45%),5/13 (38%),40%,3,18/37 (49%),4/18 (22%),2/8 (25%),71%,14,3,27,11,,0,,,,,4
12468451,18,61961,NORMAL,REGULAR,Round 32,LEAGUE,95,Oxford United,Visita,ALL,11/02/2025,32,0,42%,0.25,,6,4,4,4,359,14,11,0,,1,0,2,3,3,3,,,,12,3,0,277,13,54,45/83 (54%),20/57 (35%),3/12 (25%),53%,12,29/63 (46%),23/36 (64%),5/16 (31%),57%,14,7,47,36,,4,0.43,1,0,1,9
12468451,18,61961,NORMAL,REGULAR,Round 32,LEAGUE,95,Oxford United,Visita,1ST,11/02/2025,32,0,41%,0.02,,1,2,2,,191,5,3,0,,1,0,0,0,0,1,,,,,1,0,151,6,25,,9/26 (35%),1/4 (25%),43%,5,10/26 (38%),9/18 (50%),2/6 (33%),40%,5,4,20,13,,2,,,,,4
12468451,18,61961,NORMAL,REGULAR,Round 32,LEAGUE,95,Oxford United,Visita,2ND,11/02/2025,32,0,44%,0.23,,5,2,2,,168,9,8,0,,0,0,2,3,3,2,,,,,2,0,126,7,29,,11/31 (35%),2/8 (25%),60%,7,19/37 (51%),14/18 (78%),3/10 (30%),67%,9,3,27,23,,2,,,,,5
12468435,18,61961,NORMAL,REGULAR,Round 33,LEAGUE,95,Oxford United,Local,ALL,15/02/2025,33,0,61%,1.42,3,10,2,4,8,472,11,12,0,,1,0,2,7,7,3,0,3,,20,0,3,346,23,64,60/106 (57%),28/83 (34%),5/25 (20%),58%,6,28/49 (57%),29/49 (59%),6/10 (60%),55%,11,5,58,48,2,2,-0.40,,,1,10
12468435,18,61961,NORMAL,REGULAR,Round 33,LEAGUE,95,Oxford United,Local,1ST,15/02/2025,33,0,50%,0.17,0,3,1,2,,184,4,6,0,,0,0,0,3,2,1,0,0,,,0,2,131,11,23,,14/39 (36%),1/7 (14%),50%,5,12/27 (44%),13/23 (57%),2/6 (33%),100%,4,4,28,22,,1,,,,,4
12468435,18,61961,NORMAL,REGULAR,Round 33,LEAGUE,95,Oxford United,Local,2ND,15/02/2025,33,0,71%,1.25,3,7,1,2,,288,7,6,0,,1,0,2,4,5,2,0,3,,,0,1,215,12,41,,14/44 (32%),4/18 (22%),67%,1,16/22 (73%),16/26 (62%),4/4 (100%),29%,7,1,30,26,,1,,,,,6
12468435,18,61961,NORMAL,REGULAR,Round 33,LEAGUE,2,Portsmouth,Visita,ALL,15/02/2025,33,2,39%,1.99,2,13,1,5,12,293,10,8,2,,4,0,5,4,8,5,2,0,,23,1,1,192,30,76,56/115 (49%),16/66 (24%),5/28 (18%),42%,4,21/49 (43%),20/49 (41%),4/11 (36%),40%,10,12,54,36,0,1,0.32,,,0,7
12468435,18,61961,NORMAL,REGULAR,Round 33,LEAGUE,2,Portsmouth,Visita,1ST,15/02/2025,33,0,50%,0.19,0,5,0,0,,187,9,5,1,,1,0,2,2,2,3,0,0,,,0,1,137,15,36,,10/35 (29%),3/10 (30%),50%,1,15/27 (56%),10/23 (43%),2/5 (40%),44%,9,4,29,12,,0,,,,,4
12468435,18,61961,NORMAL,REGULAR,Round 33,LEAGUE,2,Portsmouth,Visita,2ND,15/02/2025,33,2,29%,1.80,2,8,1,5,,106,1,3,1,,3,0,3,2,6,2,2,0,,,1,0,55,15,40,,6/31 (19%),2/18 (11%),33%,3,6/22 (27%),10/26 (38%),2/6 (33%),0%,1,8,25,24,,1,,,,,3
12468420,18,61961,NORMAL,REGULAR,Round 34,LEAGUE,8,West Bromwich Albion,Local,ALL,22/02/2025,34,2,60%,2.72,3,22,0,13,8,520,16,10,2,,5,0,10,7,13,9,2,1,1,32,3,3,458,19,55,130/165 (79%),26/41 (63%),7/34 (21%),58%,4,33/53 (62%),13/26 (50%),7/12 (58%),69%,16,7,41,16,,0,0.00,0,0,,4
12468420,18,61961,NORMAL,REGULAR,Round 34,LEAGUE,8,West Bromwich Albion,Local,1ST,22/02/2025,34,1,59%,1.23,1,13,0,9,,293,8,3,1,,3,0,4,6,9,4,1,0,1,,1,1,263,8,31,,18/27 (67%),5/26 (19%),49%,3,13/26 (50%),4/9 (44%),2/6 (33%),88%,8,5,23,1,,0,,,,,2
12468420,18,61961,NORMAL,REGULAR,Round 34,LEAGUE,8,West Bromwich Albion,Local,2ND,22/02/2025,34,1,63%,1.49,2,9,0,4,,227,8,7,1,,2,0,6,1,4,5,1,1,0,,2,2,195,11,24,,8/14 (57%),2/8 (25%),66%,1,20/27 (74%),9/17 (53%),5/6 (83%),50%,8,2,18,15,,0,,,,,2
12468420,18,61961,NORMAL,REGULAR,Round 34,LEAGUE,95,Oxford United,Visita,ALL,22/02/2025,34,0,40%,0.27,0,5,3,2,10,353,9,8,3,,0,0,2,3,2,3,0,0,0,10,1,2,279,19,48,39/73 (53%),23/66 (35%),1/12 (8%),42%,5,20/53 (38%),13/26 (50%),4/15 (27%),67%,9,10,31,37,,3,0.41,2,1,,17
12468420,18,61961,NORMAL,REGULAR,Round 34,LEAGUE,95,Oxford United,Visita,1ST,22/02/2025,34,0,41%,0.00,0,0,2,0,,220,7,3,0,,0,0,0,0,0,0,0,0,0,,0,0,178,5,25,,13/35 (37%),0/4 (0%),51%,3,13/26 (50%),5/9 (56%),3/8 (38%),71%,7,4,18,23,,2,,,,,8
12468420,18,61961,NORMAL,REGULAR,Round 34,LEAGUE,95,Oxford United,Visita,2ND,22/02/2025,34,0,37%,0.27,0,5,1,2,,133,2,5,3,,0,0,2,3,2,3,0,0,0,,1,2,101,14,23,,10/31 (32%),1/8 (13%),34%,2,7/27 (26%),8/17 (47%),1/7 (14%),50%,2,6,13,14,,1,,,,,9
12468409,18,61961,NORMAL,REGULAR,Round 35,LEAGUE,95,Oxford United,Local,ALL,01/03/2025,35,2,49%,1.09,2,10,3,3,14,343,10,10,3,,4,0,4,2,8,2,1,1,1,16,0,3,260,25,53,47/83 (57%),25/63 (40%),3/13 (23%),44%,4,28/57 (49%),13/37 (35%),8/12 (67%),90%,10,3,45,37,,3,0.07,0,1,1,8
12468409,18,61961,NORMAL,REGULAR,Round 35,LEAGUE,95,Oxford United,Local,1ST,01/03/2025,35,0,54%,0.19,0,4,1,0,,201,4,7,2,,0,0,2,2,2,2,0,0,0,,0,1,163,13,29,,14/34 (41%),0/5 (0%),43%,1,16/31 (52%),4/16 (25%),5/7 (71%),75%,4,1,25,21,,1,,,,,3
12468409,18,61961,NORMAL,REGULAR,Round 35,LEAGUE,95,Oxford United,Local,2ND,01/03/2025,35,2,43%,0.91,2,6,2,3,,142,6,3,1,,4,0,2,0,6,0,1,1,1,,0,2,97,12,24,,11/29 (38%),3/8 (38%),45%,3,12/26 (46%),9/21 (43%),3/5 (60%),100%,6,2,20,16,,2,,,,,5
12468409,18,61961,NORMAL,REGULAR,Round 35,LEAGUE,11,Coventry City,Visita,ALL,01/03/2025,35,3,51%,2.64,4,18,2,11,10,351,8,13,3,,6,1,5,7,16,2,2,2,0,41,3,2,276,24,53,65/110 (59%),25/56 (45%),8/28 (29%),56%,3,29/57 (51%),24/37 (65%),10/17 (59%),50%,8,7,40,24,,2,-0.34,1,0,0,6
12468409,18,61961,NORMAL,REGULAR,Round 35,LEAGUE,11,Coventry City,Visita,1ST,01/03/2025,35,1,46%,0.69,1,7,0,5,,163,3,9,1,,2,0,3,2,6,1,1,0,0,,2,0,128,11,27,,14/27 (52%),6/16 (38%),57%,2,15/31 (48%),12/16 (75%),5/7 (71%),33%,3,4,23,14,,0,,,,,3
12468409,18,61961,NORMAL,REGULAR,Round 35,LEAGUE,11,Coventry City,Visita,2ND,01/03/2025,35,2,57%,1.96,3,11,2,6,,188,5,4,2,,4,1,2,5,10,1,1,2,0,,1,2,148,13,26,,11/29 (38%),2/12 (17%),55%,1,14/26 (54%),12/21 (57%),5/10 (50%),60%,5,3,17,10,,2,,,,,3
12468399,18,61961,NORMAL,REGULAR,Round 36,LEAGUE,263,Norwich City,Local,ALL,07/03/2025,36,1,77%,1.69,2,15,1,12,7,756,9,11,0,,6,0,3,6,7,8,1,1,3,29,1,2,677,16,62,129/180 (72%),21/34 (62%),8/35 (23%),46%,15,31/68 (46%),12/26 (46%),12/24 (50%),67%,9,6,41,28,1,1,-0.54,0,,0,3
12468399,18,61961,NORMAL,REGULAR,Round 36,LEAGUE,263,Norwich City,Local,1ST,07/03/2025,36,1,73%,0.79,1,5,1,3,,389,7,5,0,,2,0,1,2,3,2,1,0,1,,0,1,353,9,25,,9/15 (60%),4/12 (33%),43%,9,16/34 (47%),1/6 (17%),4/10 (40%),71%,7,1,22,16,,1,,,,,1
12468399,18,61961,NORMAL,REGULAR,Round 36,LEAGUE,263,Norwich City,Local,2ND,07/03/2025,36,0,82%,0.90,1,10,0,9,,367,2,6,0,,4,0,2,4,4,6,0,1,2,,1,1,324,7,37,,12/19 (63%),4/23 (17%),48%,6,15/34 (44%),11/20 (55%),8/14 (57%),50%,2,5,19,12,,0,,,,,2
12468399,18,61961,NORMAL,REGULAR,Round 36,LEAGUE,95,Oxford United,Visita,ALL,07/03/2025,36,1,23%,0.40,2,3,5,1,11,227,27,7,2,,2,0,0,1,2,1,1,1,0,9,0,3,147,15,33,23/57 (40%),11/43 (26%),1/6 (17%),54%,7,37/68 (54%),14/26 (54%),4/6 (67%),41%,27,15,43,48,0,5,0.62,1,,1,8
12468399,18,61961,NORMAL,REGULAR,Round 36,LEAGUE,95,Oxford United,Visita,1ST,07/03/2025,36,1,27%,0.32,2,2,1,1,,144,15,2,0,,2,0,0,0,2,0,1,1,0,,0,2,107,8,19,,5/20 (25%),1/5 (20%),57%,5,18/34 (53%),5/6 (83%),1/3 (33%),40%,15,7,24,15,,1,,,,,3
12468399,18,61961,NORMAL,REGULAR,Round 36,LEAGUE,95,Oxford United,Visita,2ND,07/03/2025,36,0,18%,0.09,0,1,4,0,,83,12,5,2,,0,0,0,1,0,1,0,0,0,,0,1,40,7,14,,6/23 (26%),0/1 (0%),52%,2,19/34 (56%),9/20 (45%),3/3 (100%),42%,12,8,19,33,,4,,,,,5
12468387,18,61961,NORMAL,REGULAR,Round 37,LEAGUE,96,Hull City,Local,ALL,12/03/2025,37,2,55%,1.66,1,14,3,4,13,419,9,7,4,1,3,0,6,5,10,4,1,,1,21,1,3,324,29,67,71/113 (63%),16/53 (30%),2/23 (9%),49%,7,28/59 (47%),29/57 (51%),12/18 (67%),44%,9,11,52,49,1,3,-0.27,1,0,,5
12468387,18,61961,NORMAL,REGULAR,Round 37,LEAGUE,96,Hull City,Local,1ST,12/03/2025,37,0,58%,0.45,0,6,1,3,,238,5,2,1,0,1,0,3,2,3,3,0,,1,,0,3,185,16,32,,9/25 (36%),1/12 (8%),49%,4,14/30 (47%),16/31 (52%),7/12 (58%),60%,5,4,27,19,,1,,,,,3
12468387,18,61961,NORMAL,REGULAR,Round 37,LEAGUE,96,Hull City,Local,2ND,12/03/2025,37,2,51%,1.21,1,8,2,1,,181,4,5,3,1,2,0,3,3,7,1,1,,0,,1,0,139,13,35,,7/28 (25%),1/11 (9%),49%,3,14/29 (48%),13/26 (50%),5/6 (83%),25%,4,7,25,30,,2,,,,,2
12468387,18,61961,NORMAL,REGULAR,Round 37,LEAGUE,95,Oxford United,Visita,ALL,12/03/2025,37,1,45%,0.57,0,12,1,6,7,338,13,13,2,0,3,1,3,6,5,7,0,,0,17,3,1,239,19,68,54/107 (50%),23/71 (32%),3/21 (14%),51%,5,31/59 (53%),28/57 (49%),6/10 (60%),38%,13,12,51,33,0,1,-0.79,0,1,,10
12468387,18,61961,NORMAL,REGULAR,Round 37,LEAGUE,95,Oxford United,Visita,1ST,12/03/2025,37,0,42%,0.20,0,5,1,2,,170,9,4,1,0,1,0,1,3,2,3,0,,0,,2,1,117,10,29,,10/36 (28%),1/8 (13%),51%,4,16/30 (53%),15/31 (48%),3/4 (75%),22%,9,5,26,19,,1,,,,,6
12468387,18,61961,NORMAL,REGULAR,Round 37,LEAGUE,95,Oxford United,Visita,2ND,12/03/2025,37,1,49%,0.37,0,7,0,4,,168,4,9,1,0,2,1,2,3,3,4,0,,0,,1,0,122,9,39,,13/35 (37%),2/13 (15%),51%,1,15/29 (52%),13/26 (50%),3/6 (50%),75%,4,7,25,14,,0,,,,,4
12468376,18,61961,NORMAL,REGULAR,Round 38,LEAGUE,95,Oxford United,Local,ALL,15/03/2025,38,1,38%,0.49,2,8,4,4,11,251,19,8,2,0,3,0,4,1,3,5,,2,0,8,2,2,141,22,70,35/85 (41%),17/66 (26%),3/13 (23%),45%,7,27/60 (45%),22/48 (46%),1/11 (9%),26%,19,7,47,50,,4,1.03,,2,0,15
12468376,18,61961,NORMAL,REGULAR,Round 38,LEAGUE,95,Oxford United,Local,1ST,15/03/2025,38,0,38%,0.11,1,4,4,2,,135,6,5,0,0,1,0,3,0,1,3,,1,0,,1,0,83,10,33,,10/31 (32%),2/6 (33%),38%,5,12/30 (40%),11/30 (37%),1/8 (13%),17%,6,2,27,16,,4,,,,,6
12468376,18,61961,NORMAL,REGULAR,Round 38,LEAGUE,95,Oxford United,Local,2ND,15/03/2025,38,1,37%,0.37,1,4,0,2,,116,13,3,2,0,2,0,1,1,2,2,,1,0,,1,2,58,12,37,,7/35 (20%),1/7 (14%),54%,2,15/30 (50%),11/18 (61%),0/3 (0%),31%,13,5,20,34,,0,,,,,9
12468376,18,61961,NORMAL,REGULAR,Round 38,LEAGUE,24,Watford,Visita,ALL,15/03/2025,38,0,62%,1.33,2,16,2,5,8,427,17,11,3,1,4,0,9,3,8,8,,2,1,28,4,1,311,37,56,75/114 (66%),21/72 (29%),4/22 (18%),55%,12,33/60 (55%),26/48 (54%),7/14 (50%),65%,17,8,46,32,,2,-0.03,,0,1,11
12468376,18,61961,NORMAL,REGULAR,Round 38,LEAGUE,24,Watford,Visita,1ST,15/03/2025,38,0,62%,0.88,2,9,1,3,,227,12,5,0,0,4,0,3,2,5,4,,2,1,,2,1,176,19,19,,8/29 (28%),3/11 (27%),62%,3,18/30 (60%),19/30 (63%),3/6 (50%),67%,12,5,23,19,,1,,,,,5
12468376,18,61961,NORMAL,REGULAR,Round 38,LEAGUE,24,Watford,Visita,2ND,15/03/2025,38,0,63%,0.45,0,7,1,2,,200,5,6,3,1,0,0,6,1,3,4,,0,0,,2,0,135,18,37,,13/43 (30%),1/11 (9%),46%,9,15/30 (50%),7/18 (39%),4/8 (50%),60%,5,3,23,13,,1,,,,,6
12465123,18,61961,NORMAL,REGULAR,Round 39,LEAGUE,36,Middlesbrough,Local,ALL,29/03/2025,39,2,74%,2.40,3,24,2,11,5,612,15,11,0,,4,1,9,11,10,14,1,2,2,40,5,2,523,31,81,202/254 (80%),7/32 (22%),3/25 (12%),47%,9,31/62 (50%),11/27 (41%),5/20 (25%),73%,15,4,44,31,,2,-0.18,1,3,2,6
12465123,18,61961,NORMAL,REGULAR,Round 39,LEAGUE,36,Middlesbrough,Local,1ST,29/03/2025,39,0,72%,0.69,1,13,2,6,,312,5,6,0,,0,1,6,7,4,9,0,1,2,,2,1,270,15,34,,2/12 (17%),1/12 (8%),40%,2,11/25 (44%),3/10 (30%),0/7 (0%),80%,5,0,21,14,,2,,,,,2
12465123,18,61961,NORMAL,REGULAR,Round 39,LEAGUE,36,Middlesbrough,Local,2ND,29/03/2025,39,2,75%,1.71,2,11,0,5,,300,10,5,0,,4,0,3,4,6,5,1,1,0,,3,1,253,16,47,,5/20 (25%),2/13 (15%),52%,7,20/37 (54%),8/17 (47%),5/13 (38%),70%,10,4,23,17,,0,,,,,4
12465123,18,61961,NORMAL,REGULAR,Round 39,LEAGUE,95,Oxford United,Visita,ALL,29/03/2025,39,1,26%,1.45,2,9,2,5,11,216,24,5,2,,3,0,5,1,7,2,0,2,1,14,0,1,141,21,40,27/58 (47%),13/48 (27%),4/12 (33%),53%,9,31/62 (50%),16/27 (59%),2/8 (25%),54%,24,14,43,49,,2,0.08,0,1,0,12
12465123,18,61961,NORMAL,REGULAR,Round 39,LEAGUE,95,Oxford United,Visita,1ST,29/03/2025,39,1,28%,1.22,2,5,0,2,,121,9,4,0,,3,0,2,0,5,0,0,2,1,,0,1,82,9,21,,6/24 (25%),3/5 (60%),60%,3,14/25 (56%),7/10 (70%),1/3 (33%),67%,9,10,22,21,,0,,,,,6
12465123,18,61961,NORMAL,REGULAR,Round 39,LEAGUE,95,Oxford United,Visita,2ND,29/03/2025,39,0,25%,0.23,0,4,2,3,,95,15,1,2,,0,0,3,1,2,2,0,0,0,,0,0,59,12,19,,7/24 (29%),1/7 (14%),48%,6,17/37 (46%),9/17 (53%),1/5 (20%),47%,15,4,21,28,,2,,,,,6
12465089,18,61961,NORMAL,REGULAR,Round 40,LEAGUE,95,Oxford United,Local,ALL,05/04/2025,40,1,27%,1.09,1,9,4,2,6,177,15,8,2,,3,0,3,3,5,4,1,0,,16,0,1,98,32,63,33/76 (43%),16/61 (26%),4/11 (36%),47%,9,28/52 (54%),15/39 (38%),5/11 (45%),47%,15,7,37,57,,4,1.18,1,1,0,7
12465089,18,61961,NORMAL,REGULAR,Round 40,LEAGUE,95,Oxford United,Local,1ST,05/04/2025,40,1,32%,0.97,1,6,3,2,,104,5,3,0,,3,0,0,3,4,2,1,0,,,0,0,61,21,35,,7/32 (22%),2/8 (25%),50%,2,11/20 (55%),7/16 (44%),3/5 (60%),60%,5,4,17,17,,3,,,,,2
12465089,18,61961,NORMAL,REGULAR,Round 40,LEAGUE,95,Oxford United,Local,2ND,05/04/2025,40,0,21%,0.12,0,3,1,0,,73,10,5,2,,0,0,3,0,1,2,0,0,,,0,1,37,11,28,,9/29 (31%),2/3 (67%),45%,7,17/32 (53%),8/23 (35%),2/6 (33%),40%,10,3,20,40,,1,,,,,5
12465089,18,61961,NORMAL,REGULAR,Round 40,LEAGUE,15,Sheffield United,Visita,ALL,05/04/2025,40,0,73%,1.26,1,15,2,10,8,484,15,6,3,,4,0,3,8,12,3,0,1,,38,2,0,380,28,75,93/155 (60%),18/59 (31%),5/31 (16%),53%,6,24/52 (46%),24/39 (62%),4/13 (31%),73%,15,3,41,31,,2,0.17,0,2,1,5
12465089,18,61961,NORMAL,REGULAR,Round 40,LEAGUE,15,Sheffield United,Visita,1ST,05/04/2025,40,0,68%,0.21,0,5,2,5,,225,4,3,0,,3,0,0,2,4,1,0,0,,,0,0,175,8,28,,7/27 (26%),2/12 (17%),50%,2,9/20 (45%),9/16 (56%),2/5 (40%),100%,4,1,23,23,,2,,,,,1
12465089,18,61961,NORMAL,REGULAR,Round 40,LEAGUE,15,Sheffield United,Visita,2ND,05/04/2025,40,0,79%,1.05,1,10,0,5,,259,11,3,3,,1,0,3,6,8,2,0,1,,,2,0,205,20,47,,11/32 (34%),3/19 (16%),55%,4,15/32 (47%),15/23 (65%),2/8 (25%),64%,11,2,18,8,,0,,,,,4
12465059,18,61961,NORMAL,REGULAR,Round 41,LEAGUE,95,Oxford United,Local,ALL,09/04/2025,41,1,52%,0.60,0,12,4,7,14,402,22,11,2,,5,0,1,6,5,7,0,0,0,17,2,,304,36,63,61/109 (56%),27/71 (38%),4/26 (15%),48%,16,41/81 (51%),19/44 (43%),8/16 (50%),59%,22,8,42,33,,4,-0.86,1,1,,4
12465059,18,61961,NORMAL,REGULAR,Round 41,LEAGUE,95,Oxford United,Local,1ST,09/04/2025,41,0,38%,0.07,0,2,3,3,,160,7,3,0,,1,0,0,1,0,2,0,0,0,,1,,117,22,23,,7/26 (27%),0/5 (0%),42%,7,12/29 (41%),10/24 (42%),2/5 (40%),57%,7,6,16,19,,3,,,,,1
12465059,18,61961,NORMAL,REGULAR,Round 41,LEAGUE,95,Oxford United,Local,2ND,09/04/2025,41,1,66%,0.53,0,10,1,4,,242,15,8,2,,4,0,1,5,5,5,0,0,0,,1,,187,14,40,,20/45 (44%),4/21 (19%),53%,9,29/52 (56%),9/20 (45%),6/11 (55%),60%,15,2,26,14,,1,,,,,3
12465059,18,61961,NORMAL,REGULAR,Round 41,LEAGUE,1,Queens Park Rangers,Visita,ALL,09/04/2025,41,3,48%,1.42,3,11,4,7,11,385,24,14,3,,6,0,1,4,9,2,2,1,1,19,0,,290,15,56,59/110 (54%),16/57 (28%),4/15 (27%),52%,16,40/81 (49%),25/44 (57%),2/8 (25%),50%,24,4,46,50,,4,0.47,2,0,,7
12465059,18,61961,NORMAL,REGULAR,Round 41,LEAGUE,1,Queens Park Rangers,Visita,1ST,09/04/2025,41,2,62%,0.90,2,6,1,3,,256,10,5,0,,4,0,1,1,4,2,1,1,1,,0,,209,7,28,,6/28 (21%),3/9 (33%),58%,3,17/29 (59%),14/24 (58%),2/6 (33%),60%,10,3,21,22,,1,,,,,3
12465059,18,61961,NORMAL,REGULAR,Round 41,LEAGUE,1,Queens Park Rangers,Visita,2ND,09/04/2025,41,1,34%,0.51,1,5,3,4,,129,14,9,3,,2,0,0,3,5,0,1,0,0,,0,,81,8,28,,10/29 (34%),1/6 (17%),47%,13,23/52 (44%),11/20 (55%),0/2 (0%),43%,14,1,25,28,,3,,,,,4
12465074,18,61961,NORMAL,REGULAR,Round 42,LEAGUE,12,Sheffield Wednesday,Local,ALL,12/04/2025,42,0,64%,0.98,1,15,3,4,6,459,20,12,1,,2,0,8,5,8,7,0,1,,28,2,1,384,27,46,91/124 (73%),20/41 (49%),3/18 (17%),64%,6,40/64 (63%),25/38 (66%),8/16 (50%),50%,20,7,31,35,,3,0.91,,1,1,9
12465074,18,61961,NORMAL,REGULAR,Round 42,LEAGUE,12,Sheffield Wednesday,Local,1ST,12/04/2025,42,0,67%,0.81,1,10,2,2,,244,11,7,0,,2,0,5,3,5,5,0,1,,,2,0,206,12,27,,10/21 (48%),3/9 (33%),65%,3,22/34 (65%),14/21 (67%),4/7 (57%),45%,11,3,18,16,,2,,,,,6
12465074,18,61961,NORMAL,REGULAR,Round 42,LEAGUE,12,Sheffield Wednesday,Local,2ND,12/04/2025,42,0,61%,0.17,0,5,1,2,,215,9,5,1,,0,0,3,2,3,2,0,0,,,0,1,178,15,19,,10/20 (50%),0/9 (0%),62%,3,18/30 (60%),11/17 (65%),4/9 (44%),56%,9,4,13,19,,1,,,,,3
12465074,18,61961,NORMAL,REGULAR,Round 42,LEAGUE,95,Oxford United,Visita,ALL,12/04/2025,42,1,36%,1.11,2,13,2,5,12,255,14,6,2,,5,0,6,2,9,4,1,1,,15,1,1,175,23,52,42/79 (53%),19/67 (28%),3/14 (21%),36%,13,24/64 (38%),13/38 (34%),4/11 (36%),93%,14,2,36,21,,2,0.23,,0,1,19
12465074,18,61961,NORMAL,REGULAR,Round 42,LEAGUE,95,Oxford United,Visita,1ST,12/04/2025,42,0,33%,0.53,1,7,2,1,,121,6,3,0,,2,0,4,1,4,3,0,1,,,1,0,82,10,24,,10/35 (29%),2/5 (40%),35%,7,12/34 (35%),7/21 (33%),3/7 (43%),100%,6,2,19,11,,2,,,,,11
12465074,18,61961,NORMAL,REGULAR,Round 42,LEAGUE,95,Oxford United,Visita,2ND,12/04/2025,42,1,39%,0.58,1,6,0,4,,134,8,3,2,,3,0,2,1,5,1,1,0,,,0,1,93,13,28,,9/32 (28%),1/9 (11%),38%,6,12/30 (40%),6/17 (35%),1/4 (25%),88%,8,0,17,10,,0,,,,,8
12465270,18,61961,NORMAL,REGULAR,Round 43,LEAGUE,95,Oxford United,Local,ALL,18/04/2025,43,0,33%,0.44,0,9,3,2,16,290,20,6,4,,2,0,3,4,5,4,0,0,0,11,0,2,188,18,61,31/84 (37%),26/81 (32%),5/10 (50%),50%,1,34/62 (55%),23/52 (44%),8/18 (44%),65%,20,16,50,16,,3,1.35,2,1,1,11
12465270,18,61961,NORMAL,REGULAR,Round 43,LEAGUE,95,Oxford United,Local,1ST,18/04/2025,43,0,26%,0.23,0,5,1,2,,120,12,3,1,,2,0,1,2,2,3,0,0,0,,0,1,77,7,24,,13/39 (33%),2/4 (50%),53%,1,16/28 (57%),9/19 (47%),1/5 (20%),67%,12,11,27,8,,1,,,,,5
12465270,18,61961,NORMAL,REGULAR,Round 43,LEAGUE,95,Oxford United,Local,2ND,18/04/2025,43,0,40%,0.22,0,4,2,0,,170,8,3,3,,0,0,2,2,3,1,0,0,0,,0,1,111,11,37,,13/42 (31%),3/6 (50%),48%,0,18/34 (53%),14/33 (42%),7/13 (54%),63%,8,5,23,8,,2,,,,,6
12465270,18,61961,NORMAL,REGULAR,Round 43,LEAGUE,34,Leeds United,Visita,ALL,18/04/2025,43,1,67%,1.83,2,11,2,5,6,597,11,16,2,,4,1,3,4,6,5,1,1,1,22,3,1,505,23,68,106/152 (70%),20/51 (39%),3/11 (27%),50%,12,28/62 (45%),29/52 (56%),3/11 (27%),55%,11,7,44,30,,2,0.16,0,2,1,9
12465270,18,61961,NORMAL,REGULAR,Round 43,LEAGUE,34,Leeds United,Visita,1ST,18/04/2025,43,1,74%,1.24,2,4,2,3,,338,5,7,0,,2,0,0,2,3,1,1,1,1,,0,0,294,11,43,,9/23 (39%),2/8 (25%),47%,7,12/28 (43%),10/19 (53%),1/6 (17%),80%,5,2,21,10,,2,,,,,2
12465270,18,61961,NORMAL,REGULAR,Round 43,LEAGUE,34,Leeds United,Visita,2ND,18/04/2025,43,0,60%,0.59,0,7,0,2,,259,6,9,2,,2,1,3,2,3,4,0,0,0,,3,1,211,12,25,,11/28 (39%),1/3 (33%),52%,5,16/34 (47%),19/33 (58%),2/5 (40%),33%,6,5,23,20,,0,,,,,7
12465219,18,61961,NORMAL,REGULAR,Round 44,LEAGUE,61,Cardiff City,Local,ALL,21/04/2025,44,1,61%,0.99,1,12,0,4,14,462,12,17,1,,3,0,4,5,7,5,1,,,21,2,1,378,22,59,74/110 (67%),21/53 (40%),7/30 (23%),56%,9,36/70 (51%),34/56 (61%),10/21 (48%),67%,12,4,45,29,,0,-0.73,,1,,0
12465219,18,61961,NORMAL,REGULAR,Round 44,LEAGUE,61,Cardiff City,Local,1ST,21/04/2025,44,0,63%,0.62,0,5,0,1,,229,9,10,0,,0,0,4,1,3,2,0,,,,1,1,190,9,28,,9/27 (33%),3/11 (27%),57%,5,22/39 (56%),18/31 (58%),5/10 (50%),78%,9,2,19,18,,0,,,,,0
12465219,18,61961,NORMAL,REGULAR,Round 44,LEAGUE,61,Cardiff City,Local,2ND,21/04/2025,44,1,60%,0.36,1,7,0,3,,233,3,7,1,,3,0,0,4,4,3,1,,,,1,0,188,13,31,,12/26 (46%),4/19 (21%),54%,4,14/31 (45%),16/25 (64%),5/11 (45%),33%,3,2,26,11,,0,,,,,0
12465219,18,61961,NORMAL,REGULAR,Round 44,LEAGUE,95,Oxford United,Visita,ALL,21/04/2025,44,1,39%,0.07,0,2,2,0,17,304,20,14,3,,1,0,1,0,1,1,0,,,3,2,0,198,16,51,26/72 (36%),14/72 (19%),0/1 (0%),44%,5,34/70 (49%),22/56 (39%),1/8 (13%),55%,20,6,39,33,,2,-0.31,,2,,10
12465219,18,61961,NORMAL,REGULAR,Round 44,LEAGUE,95,Oxford United,Visita,1ST,21/04/2025,44,0,37%,0.06,0,1,0,0,,136,10,7,1,,0,0,1,0,1,0,0,,,,1,0,87,10,27,,6/34 (18%),0/1 (0%),43%,3,17/39 (44%),13/31 (42%),1/7 (14%),50%,10,3,14,12,,0,,,,,7
12465219,18,61961,NORMAL,REGULAR,Round 44,LEAGUE,95,Oxford United,Visita,2ND,21/04/2025,44,1,40%,0.01,0,1,2,0,,168,10,7,2,,1,0,0,0,0,1,0,,,,1,0,111,6,24,,8/38 (21%),0/0 (0%),46%,2,17/31 (55%),9/25 (36%),0/1 (0%),60%,10,3,25,21,,2,,,,,3
12465227,18,61961,NORMAL,REGULAR,Round 45,LEAGUE,95,Oxford United,Local,ALL,26/04/2025,45,2,31%,1.61,2,17,0,3,15,262,22,10,3,,4,0,7,6,8,9,1,1,,18,3,,170,15,55,55/99 (56%),13/65 (20%),2/11 (18%),50%,6,41/77 (53%),15/34 (44%),10/17 (59%),59%,22,8,51,28,,0,0.00,0,,,10
12465227,18,61961,NORMAL,REGULAR,Round 45,LEAGUE,95,Oxford United,Local,1ST,26/04/2025,45,1,41%,0.27,0,9,0,3,,169,11,6,2,,2,0,4,3,3,6,0,0,,,1,,124,7,26,,10/31 (32%),1/10 (10%),55%,2,25/42 (60%),8/18 (44%),8/13 (62%),55%,11,4,25,8,,0,,,,,5
12465227,18,61961,NORMAL,REGULAR,Round 45,LEAGUE,95,Oxford United,Local,2ND,26/04/2025,45,1,21%,1.34,2,8,0,0,,93,11,4,1,,2,0,3,3,5,3,1,1,,,2,,46,8,29,,3/34 (9%),1/1 (100%),45%,4,16/35 (46%),7/16 (44%),2/4 (50%),64%,11,4,26,20,,0,,,,,5
12465227,18,61961,NORMAL,REGULAR,Round 45,LEAGUE,41,Sunderland,Visita,ALL,26/04/2025,45,0,69%,0.59,0,10,2,6,10,571,13,15,1,,0,1,5,5,7,3,0,0,,19,3,,483,27,69,95/130 (73%),26/62 (42%),4/27 (15%),50%,16,36/77 (47%),19/34 (56%),9/15 (60%),69%,13,3,46,26,,2,-0.38,1,,,9
12465227,18,61961,NORMAL,REGULAR,Round 45,LEAGUE,41,Sunderland,Visita,1ST,26/04/2025,45,0,59%,0.40,0,4,1,2,,246,7,6,1,,0,0,2,2,2,2,0,0,,,2,,203,11,24,,16/37 (43%),0/7 (0%),45%,9,17/42 (40%),10/18 (56%),4/6 (67%),43%,7,1,27,23,,1,,,,,5
12465227,18,61961,NORMAL,REGULAR,Round 45,LEAGUE,41,Sunderland,Visita,2ND,26/04/2025,45,0,79%,0.19,0,6,1,4,,325,6,9,0,,0,1,3,3,5,1,0,0,,,1,,280,16,45,,10/25 (40%),4/20 (20%),55%,7,19/35 (54%),9/16 (56%),5/9 (56%),100%,6,2,19,3,,1,,,,,4
12465236,18,61961,NORMAL,REGULAR,Round 46,LEAGUE,74,Swansea City,Local,ALL,03/05/2025,46,3,60%,1.17,2,12,4,5,8,498,15,10,0,,5,0,5,2,8,4,2,0,1,20,5,4,405,21,59,96/136 (71%),12/46 (26%),6/25 (24%),50%,6,28/55 (51%),13/27 (48%),3/13 (23%),47%,15,11,51,7,,4,0.18,,2,,2
12465236,18,61961,NORMAL,REGULAR,Round 46,LEAGUE,74,Swansea City,Local,1ST,03/05/2025,46,1,65%,0.20,0,4,2,4,,268,10,4,0,,1,0,1,2,4,0,0,0,0,,2,2,227,13,24,,9/20 (45%),3/13 (23%),52%,3,14/31 (45%),9/13 (69%),0/9 (0%),40%,10,6,30,3,,2,,,,,0
12465236,18,61961,NORMAL,REGULAR,Round 46,LEAGUE,74,Swansea City,Local,2ND,03/05/2025,46,2,56%,0.97,2,8,2,1,,230,5,6,0,,4,0,4,0,4,4,2,0,1,,3,2,178,8,35,,3/26 (12%),3/12 (25%),47%,3,14/24 (58%),4/14 (29%),3/4 (75%),60%,5,5,21,4,,2,,,,,2
12465236,18,61961,NORMAL,REGULAR,Round 46,LEAGUE,95,Oxford United,Visita,ALL,03/05/2025,46,3,40%,1.92,4,10,2,4,10,329,16,8,2,,7,1,2,1,8,2,2,2,0,15,0,3,241,19,37,34/62 (55%),16/56 (29%),3/9 (33%),50%,14,27/55 (49%),14/27 (52%),3/4 (75%),69%,16,7,46,31,,2,-0.21,,0,,10
12465236,18,61961,NORMAL,REGULAR,Round 46,LEAGUE,95,Oxford United,Visita,1ST,03/05/2025,46,1,35%,0.78,2,5,0,2,,152,12,3,0,,3,1,1,1,4,1,0,2,0,,0,0,113,11,17,,8/26 (31%),0/3 (0%),48%,10,17/31 (55%),4/13 (31%),2/2 (100%),75%,12,4,24,17,,0,,,,,3
12465236,18,61961,NORMAL,REGULAR,Round 46,LEAGUE,95,Oxford United,Visita,2ND,03/05/2025,46,2,44%,1.14,2,5,2,2,,177,4,5,2,,4,0,1,0,4,1,2,0,0,,0,3,128,8,20,,8/30 (27%),3/6 (50%),53%,4,10/24 (42%),10/14 (71%),1/2 (50%),50%,4,3,22,14,,2,,,,,7
14059467,18,77347,NORMAL,REGULAR,Round 1,LEAGUE,95,Oxford United,Local,ALL,09/08/2025,1,0,49%,1.36,2,18,3,8,15,299,22,10,1,,4,0,3,11,13,5,,2,,33,0,3,201,35,65,49/91 (54%),23/67 (34%),5/23 (22%),51%,16,40/83 (48%),34/61 (56%),9/15 (60%),55%,22,6,40,27,,3,0.62,1,,0,11
14059467,18,77347,NORMAL,REGULAR,Round 1,LEAGUE,95,Oxford United,Local,1ST,09/08/2025,1,0,46%,0.87,2,7,3,2,,149,11,5,0,,3,0,0,4,5,2,,2,,,0,0,99,20,29,,10/30 (33%),1/5 (20%),50%,6,20/43 (47%),8/13 (62%),4/9 (44%),55%,11,3,24,13,,3,,,,,6
14059467,18,77347,NORMAL,REGULAR,Round 1,LEAGUE,95,Oxford United,Local,2ND,09/08/2025,1,0,52%,0.48,0,11,0,6,,150,11,5,1,,1,0,3,7,8,3,,0,,,0,3,102,15,36,,13/37 (35%),4/18 (22%),52%,10,20/40 (50%),26/48 (54%),5/6 (83%),55%,11,3,16,14,,0,,,,,5
14059467,18,77347,NORMAL,REGULAR,Round 1,LEAGUE,2,Portsmouth,Visita,ALL,09/08/2025,1,1,51%,1.21,2,9,4,4,10,323,22,15,2,,4,0,5,0,7,2,,2,,24,2,2,229,26,61,50/98 (51%),22/64 (34%),7/14 (50%),49%,14,43/83 (52%),27/61 (44%),6/14 (43%),55%,22,3,39,49,,4,1.78,2,,1,7
14059467,18,77347,NORMAL,REGULAR,Round 1,LEAGUE,2,Portsmouth,Visita,1ST,09/08/2025,1,1,54%,0.93,2,5,3,4,,171,11,8,1,,4,0,1,0,3,2,,2,,,0,0,128,12,29,,8/26 (31%),2/8 (25%),50%,7,23/43 (53%),5/13 (38%),4/8 (50%),73%,11,1,21,20,,3,,,,,1
14059467,18,77347,NORMAL,REGULAR,Round 1,LEAGUE,2,Portsmouth,Visita,2ND,09/08/2025,1,0,48%,0.28,0,4,1,0,,152,11,7,1,,0,0,4,0,4,0,,0,,,2,2,101,14,32,,14/38 (37%),5/6 (83%),48%,7,20/40 (50%),22/48 (46%),2/6 (33%),36%,11,2,18,29,,1,,,,,6
14073442,21,77500,NORMAL,PLAYOFF,Round 1,CUP,95,Oxford United,Local,ALL,12/08/2025,1,1,63%,0.74,,13,3,8,18,488,22,8,3,,6,0,4,3,6,7,,,,22,0,0,413,27,47,74/107 (69%),26/52 (50%),8/27 (30%),54%,7,43/80 (54%),16/30 (53%),13/19 (68%),59%,22,8,47,32,,3,,0,1,1,5
14073442,21,77500,NORMAL,PLAYOFF,Round 1,CUP,95,Oxford United,Local,1ST,12/08/2025,1,1,65%,0.00,,6,3,4,,292,7,5,0,,3,0,2,1,3,3,,,,,0,0,248,13,29,,14/32 (44%),3/13 (23%),47%,1,17/35 (49%),5/12 (42%),5/9 (56%),57%,7,3,25,7,,3,,,,,3
14073442,21,77500,NORMAL,PLAYOFF,Round 1,CUP,95,Oxford United,Local,2ND,12/08/2025,1,0,60%,0.00,,7,0,4,,196,15,3,3,,3,0,2,2,3,4,,,,,0,0,165,14,18,,12/20 (60%),5/14 (36%),59%,6,26/45 (58%),11/18 (61%),8/10 (80%),60%,15,5,22,25,,0,,,,,2
14073442,21,77500,NORMAL,PLAYOFF,Round 1,CUP,66,Colchester United,Visita,ALL,12/08/2025,1,0,37%,0.54,,14,4,5,8,283,13,18,3,,3,0,1,10,8,6,,,,20,3,5,217,24,58,40/79 (51%),21/54 (39%),1/15 (7%),46%,14,37/80 (46%),14/30 (47%),8/16 (50%),85%,13,8,44,27,,4,,2,2,0,6
14073442,21,77500,NORMAL,PLAYOFF,Round 1,CUP,66,Colchester United,Visita,1ST,12/08/2025,1,0,35%,0.00,,7,2,0,,159,5,7,0,,3,0,1,3,2,5,,,,,1,2,126,13,29,,9/28 (32%),0/2 (0%),53%,5,18/35 (51%),7/12 (58%),7/9 (78%),100%,5,4,24,13,,2,,,,,3
14073442,21,77500,NORMAL,PLAYOFF,Round 1,CUP,66,Colchester United,Visita,2ND,12/08/2025,1,0,40%,0.00,,7,2,5,,124,8,11,3,,0,0,0,7,6,1,,,,,2,3,91,11,29,,12/26 (46%),1/13 (8%),41%,9,19/45 (42%),7/18 (39%),1/7 (14%),75%,8,4,20,14,,2,,,,,3
14059477,18,77347,NORMAL,REGULAR,Round 2,LEAGUE,96,Hull City,Local,ALL,17/08/2025,2,3,75%,1.91,3,19,4,10,7,629,11,8,1,,7,0,2,10,11,8,1,2,1,39,2,2,554,19,71,105/150 (70%),37/56 (66%),8/26 (31%),46%,8,29/62 (47%),15/33 (45%),10/22 (45%),73%,11,6,47,42,1,4,-0.46,1,,0,5
14059477,18,77347,NORMAL,REGULAR,Round 2,LEAGUE,96,Hull City,Local,1ST,17/08/2025,2,2,75%,1.14,3,9,2,5,,306,2,4,1,,3,0,1,5,6,3,1,2,1,,1,2,273,10,38,,22/30 (73%),3/11 (27%),38%,5,11/30 (37%),7/17 (41%),5/11 (45%),50%,2,4,26,22,,2,,,,,2
14059477,18,77347,NORMAL,REGULAR,Round 2,LEAGUE,96,Hull City,Local,2ND,17/08/2025,2,1,75%,0.77,0,10,2,5,,323,9,4,0,,4,0,1,5,5,5,0,0,0,,1,0,281,9,33,,15/26 (58%),5/15 (33%),54%,3,18/32 (56%),8/16 (50%),5/11 (45%),78%,9,2,21,20,,2,,,,,3
14059477,18,77347,NORMAL,REGULAR,Round 2,LEAGUE,95,Oxford United,Visita,ALL,17/08/2025,2,2,25%,1.02,1,11,4,4,8,204,20,7,1,,6,0,3,2,7,4,0,1,0,15,0,2,131,20,50,34/73 (47%),16/50 (32%),2/14 (14%),54%,3,33/62 (53%),18/33 (55%),6/14 (43%),65%,20,9,51,42,0,4,-0.85,0,,2,5
14059477,18,77347,NORMAL,REGULAR,Round 2,LEAGUE,95,Oxford United,Visita,1ST,17/08/2025,2,2,25%,0.28,0,5,1,0,,104,11,5,1,,4,0,1,0,2,3,0,0,0,,0,0,66,14,19,,4/21 (19%),1/4 (25%),62%,0,19/30 (63%),10/17 (59%),3/5 (60%),73%,11,4,25,18,,1,,,,,1
14059477,18,77347,NORMAL,REGULAR,Round 2,LEAGUE,95,Oxford United,Visita,2ND,17/08/2025,2,0,25%,0.74,1,6,3,4,,100,9,2,0,,2,0,2,2,5,1,0,1,0,,0,2,65,6,31,,12/29 (41%),1/10 (10%),46%,3,14/32 (44%),8/16 (50%),3/9 (33%),56%,9,5,26,24,,3,,,,,4
14059499,18,77347,NORMAL,REGULAR,Round 3,LEAGUE,9,Birmingham City,Local,ALL,23/08/2025,3,1,66%,1.65,3,16,1,4,11,579,26,17,,,1,0,11,4,10,6,,3,1,21,6,2,508,33,78,128/172 (74%),22/43 (51%),6/23 (26%),54%,13,48/88 (55%),13/26 (50%),6/17 (35%),42%,26,5,31,26,,1,0.06,,0,0,5
14059499,18,77347,NORMAL,REGULAR,Round 3,LEAGUE,9,Birmingham City,Local,1ST,23/08/2025,3,1,64%,1.48,3,11,1,3,,279,14,9,,,1,0,8,2,7,4,,3,1,,2,1,245,17,29,,8/17 (47%),3/9 (33%),52%,4,23/42 (55%),3/8 (38%),1/9 (11%),43%,14,4,15,10,,1,,,,,2
14059499,18,77347,NORMAL,REGULAR,Round 3,LEAGUE,9,Birmingham City,Local,2ND,23/08/2025,3,0,68%,0.18,0,5,0,1,,300,12,8,,,0,0,3,2,3,2,,0,0,,4,1,263,16,49,,14/26 (54%),3/14 (21%),55%,9,25/46 (54%),10/18 (56%),5/8 (63%),42%,12,1,16,16,,0,,,,,3
14059499,18,77347,NORMAL,REGULAR,Round 3,LEAGUE,95,Oxford United,Visita,ALL,23/08/2025,3,0,34%,0.38,0,6,0,1,17,299,24,11,,,1,0,4,1,2,4,,0,0,5,1,5,214,23,45,25/59 (42%),20/57 (35%),1/8 (13%),46%,13,40/88 (45%),13/26 (50%),5/18 (28%),54%,24,17,38,33,,0,-0.53,,1,2,11
14059499,18,77347,NORMAL,REGULAR,Round 3,LEAGUE,95,Oxford United,Visita,1ST,23/08/2025,3,0,36%,0.05,0,2,0,0,,160,12,6,,,1,0,1,0,0,2,,0,0,,1,3,121,10,15,,10/30 (33%),0/1 (0%),48%,8,19/42 (45%),5/8 (63%),1/7 (14%),58%,12,9,18,19,,0,,,,,8
14059499,18,77347,NORMAL,REGULAR,Round 3,LEAGUE,95,Oxford United,Visita,2ND,23/08/2025,3,0,32%,0.33,0,4,0,1,,139,12,5,,,0,0,3,1,2,2,,0,0,,0,2,93,13,30,,10/27 (37%),1/7 (14%),45%,5,21/46 (46%),8/18 (44%),4/11 (36%),50%,12,8,20,14,,0,,,,,3
14425850,21,77500,NORMAL,REGULAR,Round 2,CUP,95,Oxford United,Local,ALL,27/08/2025,2,0,38%,2.28,1,19,3,7,7,292,15,8,1,,11,0,4,4,11,8,0,1,0,20,1,2,241,17,33,33/53 (62%),26/52 (50%),4/25 (16%),43%,5,26/60 (43%),7/16 (44%),4/14 (29%),67%,15,4,37,15,0,3,,1,,,4
14425850,21,77500,NORMAL,REGULAR,Round 2,CUP,95,Oxford United,Local,1ST,27/08/2025,2,0,39%,0.00,0,7,2,2,,193,7,6,1,,4,0,2,1,6,1,0,0,0,,0,1,163,8,19,,17/34 (50%),3/11 (27%),44%,4,13/30 (43%),3/6 (50%),1/6 (17%),86%,7,2,22,7,,2,,,,,2
14425850,21,77500,NORMAL,REGULAR,Round 2,CUP,95,Oxford United,Local,2ND,27/08/2025,2,0,36%,0.00,1,12,1,5,,99,8,2,0,,7,0,2,3,5,7,0,1,0,,1,1,78,9,14,,9/18 (50%),1/14 (7%),43%,1,13/30 (43%),4/10 (40%),3/8 (38%),50%,8,2,15,8,,1,,,,,2
14425850,21,77500,NORMAL,REGULAR,Round 2,CUP,30,Brighton & Hove Albion,Visita,ALL,27/08/2025,2,6,62%,1.98,4,19,10,5,8,508,15,7,0,,9,0,2,8,11,8,3,1,4,23,2,2,465,17,46,107/126 (85%),23/33 (70%),2/9 (22%),57%,5,34/60 (57%),9/16 (56%),12/22 (55%),67%,15,9,37,25,2,10,,2,,,5
14425850,21,77500,NORMAL,REGULAR,Round 2,CUP,30,Brighton & Hove Albion,Visita,1ST,27/08/2025,2,2,61%,0.00,2,8,4,2,,310,9,3,0,,4,0,1,3,4,4,1,1,4,,0,1,285,11,26,,10/14 (71%),1/6 (17%),56%,3,17/30 (57%),3/6 (50%),5/9 (56%),67%,9,7,22,8,,4,,,,,2
14425850,21,77500,NORMAL,REGULAR,Round 2,CUP,30,Brighton & Hove Albion,Visita,2ND,27/08/2025,2,4,64%,0.00,2,11,6,3,,198,6,4,0,,5,0,1,5,7,4,2,0,0,,2,1,180,6,20,,13/19 (68%),1/3 (33%),57%,2,17/30 (57%),6/10 (60%),7/13 (54%),67%,6,2,15,17,,6,,,,,3
14059498,18,77347,NORMAL,REGULAR,Round 4,LEAGUE,95,Oxford United,Local,ALL,30/08/2025,4,2,37%,1.04,2,14,4,0,13,286,15,10,1,,3,0,10,1,9,5,1,1,1,20,3,5,189,15,48,56/94 (60%),23/61 (38%),4/10 (40%),53%,3,32/64 (50%),17/28 (61%),8/11 (73%),73%,15,11,44,40,1,4,-0.45,,,,14
14059498,18,77347,NORMAL,REGULAR,Round 4,LEAGUE,95,Oxford United,Local,1ST,30/08/2025,4,1,35%,0.51,1,8,3,0,,131,5,4,0,,2,0,5,1,4,4,1,0,0,,2,4,93,5,25,,8/27 (30%),3/5 (60%),42%,2,10/29 (34%),6/9 (67%),2/3 (67%),40%,5,5,21,18,,3,,,,,7
14059498,18,77347,NORMAL,REGULAR,Round 4,LEAGUE,95,Oxford United,Local,2ND,30/08/2025,4,1,38%,0.54,1,6,1,0,,155,10,6,1,,1,0,5,0,5,1,0,1,1,,1,1,96,10,23,,15/34 (44%),1/5 (20%),61%,1,22/35 (63%),11/19 (58%),6/8 (75%),90%,10,6,23,22,,1,,,,,7
14059498,18,77347,NORMAL,REGULAR,Round 4,LEAGUE,11,Coventry City,Visita,ALL,30/08/2025,4,2,63%,1.74,4,15,1,5,10,495,6,13,2,,6,1,7,2,10,5,1,3,0,41,2,4,401,23,81,116/177 (66%),23/56 (41%),3/23 (13%),47%,7,32/64 (50%),11/28 (39%),13/21 (62%),83%,6,11,46,16,0,1,-0.98,,,,13
14059498,18,77347,NORMAL,REGULAR,Round 4,LEAGUE,11,Coventry City,Visita,1ST,30/08/2025,4,2,65%,1.32,3,10,1,2,,238,3,8,0,,5,0,5,0,7,3,1,2,0,,2,3,202,10,37,,15/29 (52%),2/14 (14%),58%,2,19/29 (66%),3/9 (33%),8/11 (73%),67%,3,5,24,6,,1,,,,,6
14059498,18,77347,NORMAL,REGULAR,Round 4,LEAGUE,11,Coventry City,Visita,2ND,30/08/2025,4,0,62%,0.42,1,5,0,3,,257,3,5,2,,1,1,2,2,3,2,0,1,0,,0,1,199,13,44,,8/27 (30%),1/9 (11%),39%,5,13/35 (37%),8/19 (42%),5/10 (50%),100%,3,6,22,10,,0,,,,,7
14059509,18,77347,NORMAL,REGULAR,Round 5,LEAGUE,95,Oxford United,Local,ALL,13/09/2025,5,2,55%,2.10,2,19,3,4,10,484,11,11,1,0,2,1,9,8,8,11,1,1,2,23,5,2,424,25,58,122/152 (80%),19/40 (48%),4/25 (16%),48%,7,31/71 (44%),11/17 (65%),9/18 (50%),91%,11,4,41,13,0,3,-0.36,,0,1,5
14059509,18,77347,NORMAL,REGULAR,Round 5,LEAGUE,95,Oxford United,Local,1ST,13/09/2025,5,2,62%,1.71,1,12,3,4,,266,7,7,0,0,2,1,4,6,4,8,1,0,2,,4,0,236,10,33,,11/19 (58%),1/15 (7%),49%,3,19/39 (49%),3/6 (50%),5/11 (45%),100%,7,1,23,5,,3,,,,,1
14059509,18,77347,NORMAL,REGULAR,Round 5,LEAGUE,95,Oxford United,Local,2ND,13/09/2025,5,0,48%,0.39,1,7,0,0,,218,4,4,1,0,0,0,5,2,4,3,0,1,0,,1,2,188,15,25,,8/21 (38%),3/10 (30%),47%,4,12/32 (38%),8/11 (73%),4/7 (57%),75%,4,3,18,8,,0,,,,,4
14059509,18,77347,NORMAL,REGULAR,Round 5,LEAGUE,31,Leicester City,Visita,ALL,13/09/2025,5,2,45%,0.84,1,8,1,4,11,410,16,10,2,1,5,0,2,1,7,1,1,0,1,14,1,4,346,16,34,40/69 (58%),12/42 (29%),1/10 (10%),52%,2,40/71 (56%),6/17 (35%),15/24 (63%),44%,16,7,42,31,1,1,-0.91,,2,0,10
14059509,18,77347,NORMAL,REGULAR,Round 5,LEAGUE,31,Leicester City,Visita,1ST,13/09/2025,5,1,38%,0.38,1,4,1,3,,165,9,4,1,1,4,0,0,0,4,0,1,0,0,,0,2,143,7,10,,6/17 (35%),0/5 (0%),51%,2,20/39 (51%),3/6 (50%),8/13 (62%),56%,9,5,22,14,,1,,,,,1
14059509,18,77347,NORMAL,REGULAR,Round 5,LEAGUE,31,Leicester City,Visita,2ND,13/09/2025,5,1,52%,0.46,0,4,0,1,,245,7,6,1,0,1,0,2,1,3,1,0,0,1,,1,2,203,9,24,,6/25 (24%),1/5 (20%),53%,0,20/32 (63%),3/11 (27%),7/11 (64%),29%,7,2,20,17,,0,,,,,9
14059517,18,77347,NORMAL,REGULAR,Round 6,LEAGUE,58,Bristol City,Local,ALL,21/09/2025,6,1,59%,1.18,2,12,3,8,15,420,12,14,4,,2,0,6,4,8,4,0,2,,24,5,5,329,23,63,71/111 (64%),19/46 (41%),7/25 (28%),48%,9,27/65 (42%),23/39 (59%),2/10 (20%),67%,12,7,48,27,1,3,-1.21,,1,0,6
14059517,18,77347,NORMAL,REGULAR,Round 6,LEAGUE,58,Bristol City,Local,1ST,21/09/2025,6,0,59%,0.89,2,5,2,3,,220,4,7,0,,0,0,4,1,5,0,0,2,,,2,3,169,8,30,,6/19 (32%),4/9 (44%),61%,2,12/25 (48%),15/19 (79%),1/2 (50%),75%,4,5,27,17,,2,,,,,5
14059517,18,77347,NORMAL,REGULAR,Round 6,LEAGUE,58,Bristol City,Local,2ND,21/09/2025,6,1,59%,0.29,0,7,1,5,,200,8,7,4,,2,0,2,3,3,4,0,0,,,3,2,160,15,33,,13/27 (48%),3/16 (19%),38%,7,15/40 (38%),8/20 (40%),1/8 (13%),63%,8,2,21,10,,1,,,,,1
14059517,18,77347,NORMAL,REGULAR,Round 6,LEAGUE,95,Oxford United,Visita,ALL,21/09/2025,6,3,41%,1.72,5,18,1,5,14,290,17,15,1,,6,1,7,5,13,5,2,3,,21,2,3,198,27,58,48/86 (56%),16/69 (23%),8/18 (44%),52%,11,38/65 (58%),16/39 (41%),6/7 (86%),76%,17,13,48,29,1,1,-0.77,,1,1,7
14059517,18,77347,NORMAL,REGULAR,Round 6,LEAGUE,95,Oxford United,Visita,1ST,21/09/2025,6,2,41%,0.92,3,8,0,2,,151,3,6,0,,4,0,3,1,6,2,1,2,,,1,1,104,13,28,,11/40 (28%),4/11 (36%),39%,3,13/25 (52%),4/19 (21%),4/5 (80%),100%,3,5,23,9,,0,,,,,5
14059517,18,77347,NORMAL,REGULAR,Round 6,LEAGUE,95,Oxford United,Visita,2ND,21/09/2025,6,1,41%,0.79,2,10,1,3,,139,14,9,1,,2,1,4,4,7,3,1,1,,,1,2,94,14,30,,5/29 (17%),4/7 (57%),62%,8,25/40 (63%),12/20 (60%),2/2 (100%),71%,14,8,25,20,,1,,,,,2
14059532,18,77347,NORMAL,REGULAR,Round 7,LEAGUE,95,Oxford United,Local,ALL,27/09/2025,7,0,56%,1.14,,14,1,3,10,445,24,13,1,,3,1,7,4,9,5,,,,36,2,1,332,32,87,99/162 (61%),21/78 (27%),4/24 (17%),57%,12,43/74 (58%),27/48 (56%),6/13 (46%),58%,24,5,57,28,,1,-0.10,,0,1,5
14059532,18,77347,NORMAL,REGULAR,Round 7,LEAGUE,95,Oxford United,Local,1ST,27/09/2025,7,0,60%,0.63,,10,0,1,,246,14,8,0,,3,0,3,4,6,4,,,,,1,1,191,14,42,,13/39 (33%),1/10 (10%),65%,5,27/41 (66%),15/24 (63%),5/10 (50%),57%,14,3,29,13,,0,,,,,3
14059532,18,77347,NORMAL,REGULAR,Round 7,LEAGUE,95,Oxford United,Local,2ND,27/09/2025,7,0,53%,0.51,,4,1,2,,199,10,5,1,,0,1,4,0,3,1,,,,,1,0,141,18,45,,8/39 (21%),3/14 (21%),49%,7,16/33 (48%),12/24 (50%),1/3 (33%),60%,10,2,28,15,,1,,,,,2
14059532,18,77347,NORMAL,REGULAR,Round 7,LEAGUE,15,Sheffield United,Visita,ALL,27/09/2025,7,1,44%,0.48,,6,3,5,13,352,19,10,1,,2,0,3,1,4,2,,,,23,0,1,232,18,73,69/137 (50%),12/71 (17%),4/17 (24%),43%,13,31/74 (42%),21/48 (44%),2/13 (15%),63%,19,7,56,55,,3,0.34,,4,0,10
14059532,18,77347,NORMAL,REGULAR,Round 7,LEAGUE,15,Sheffield United,Visita,1ST,27/09/2025,7,0,40%,0.15,,3,3,1,,167,10,3,0,,0,0,2,1,2,1,,,,,0,0,108,11,31,,6/32 (19%),0/7 (0%),35%,8,14/41 (34%),9/24 (38%),1/7 (14%),50%,10,2,30,24,,3,,,,,4
14059532,18,77347,NORMAL,REGULAR,Round 7,LEAGUE,15,Sheffield United,Visita,2ND,27/09/2025,7,1,47%,0.33,,3,0,4,,185,9,7,1,,2,0,1,0,2,1,,,,,0,1,124,7,42,,6/39 (15%),4/10 (40%),51%,5,17/33 (52%),12/24 (50%),1/6 (17%),78%,9,5,26,31,,0,,,,,6
14059550,18,77347,NORMAL,REGULAR,Round 8,LEAGUE,1,Queens Park Rangers,Local,ALL,01/10/2025,8,0,56%,0.77,,13,0,9,12,430,22,11,3,,1,0,9,3,9,4,,,2,26,1,4,338,27,55,71/112 (63%),26/57 (46%),8/26 (31%),54%,14,42/83 (51%),31/53 (58%),9/20 (45%),55%,22,11,45,29,,0,0.00,,0,0,9
14059550,18,77347,NORMAL,REGULAR,Round 8,LEAGUE,1,Queens Park Rangers,Local,1ST,01/10/2025,8,0,54%,0.17,,6,0,4,,245,14,4,0,,1,0,4,1,5,1,,,0,,0,3,194,11,25,,13/31 (42%),3/8 (38%),53%,11,21/44 (48%),16/26 (62%),3/7 (43%),50%,14,4,29,17,,0,,,,,3
14059550,18,77347,NORMAL,REGULAR,Round 8,LEAGUE,1,Queens Park Rangers,Local,2ND,01/10/2025,8,0,59%,0.60,,7,0,5,,185,8,7,3,,0,0,5,2,4,3,,,2,,1,1,144,16,30,,13/26 (50%),5/18 (28%),55%,3,21/39 (54%),15/27 (56%),6/13 (46%),63%,8,7,16,12,,0,,,,,6
14059550,18,77347,NORMAL,REGULAR,Round 8,LEAGUE,95,Oxford United,Visita,ALL,01/10/2025,8,0,44%,0.37,,9,1,1,11,343,25,12,1,,0,0,7,2,3,6,,,0,14,3,2,253,27,47,35/72 (49%),21/69 (30%),1/13 (8%),46%,13,41/83 (49%),22/53 (42%),4/13 (31%),56%,25,9,46,36,,1,0.04,,2,1,8
14059550,18,77347,NORMAL,REGULAR,Round 8,LEAGUE,95,Oxford United,Visita,1ST,01/10/2025,8,0,46%,0.04,,2,1,0,,207,15,5,0,,0,0,2,0,0,2,,,0,,1,0,156,15,26,,12/34 (35%),0/6 (0%),47%,8,23/44 (52%),10/26 (38%),3/9 (33%),60%,15,3,25,17,,1,,,,,2
14059550,18,77347,NORMAL,REGULAR,Round 8,LEAGUE,95,Oxford United,Visita,2ND,01/10/2025,8,0,41%,0.33,,7,0,1,,136,10,7,1,,0,0,5,2,3,4,,,0,,2,2,97,12,21,,9/35 (26%),1/7 (14%),45%,5,18/39 (46%),12/27 (44%),1/4 (25%),50%,10,6,21,19,,0,,,,,6
14059563,18,77347,NORMAL,REGULAR,Round 9,LEAGUE,24,Watford,Local,ALL,04/10/2025,9,2,57%,2.65,4,27,5,9,6,447,16,9,3,,10,0,12,5,15,12,1,3,0,29,3,1,367,20,70,95/139 (68%),20/52 (38%),3/17 (18%),55%,4,35/61 (57%),21/40 (53%),10/22 (45%),56%,16,13,45,32,0,5,0.61,0,0,0,11
14059563,18,77347,NORMAL,REGULAR,Round 9,LEAGUE,24,Watford,Local,1ST,04/10/2025,9,2,70%,1.63,3,16,1,5,,274,8,7,1,,4,0,7,5,9,7,1,2,0,,3,0,228,14,41,,10/20 (50%),3/13 (23%),58%,2,21/34 (62%),7/14 (50%),6/15 (40%),75%,8,3,21,8,,1,,,,,3
14059563,18,77347,NORMAL,REGULAR,Round 9,LEAGUE,24,Watford,Local,2ND,04/10/2025,9,0,43%,1.02,1,11,4,4,,173,8,2,2,,6,0,5,0,6,5,0,1,0,,0,1,139,6,29,,10/32 (31%),0/4 (0%),53%,2,14/27 (52%),14/26 (54%),4/7 (57%),38%,8,10,24,24,,4,,,,,8
14059563,18,77347,NORMAL,REGULAR,Round 9,LEAGUE,95,Oxford United,Visita,ALL,04/10/2025,9,1,43%,1.38,1,15,9,3,9,342,16,6,4,,5,0,6,4,7,8,0,1,1,20,1,0,268,19,64,75/113 (66%),23/48 (48%),2/12 (17%),45%,10,26/61 (43%),19/40 (48%),4/10 (40%),81%,16,7,44,35,2,9,1.69,3,1,2,14
14059563,18,77347,NORMAL,REGULAR,Round 9,LEAGUE,95,Oxford United,Visita,1ST,04/10/2025,9,1,30%,0.39,0,4,3,2,,114,11,1,3,,1,0,1,2,2,2,0,0,0,,1,0,83,4,19,,9/21 (43%),0/4 (0%),42%,5,13/34 (38%),7/14 (50%),1/4 (25%),73%,11,5,22,25,,3,,,,,7
14059563,18,77347,NORMAL,REGULAR,Round 9,LEAGUE,95,Oxford United,Visita,2ND,04/10/2025,9,0,57%,0.99,1,11,6,1,,228,5,5,1,,4,0,5,2,5,6,0,1,1,,0,0,185,15,45,,14/27 (52%),2/8 (25%),47%,5,13/27 (48%),12/26 (46%),3/6 (50%),100%,5,2,22,10,,6,,,,,7
14059573,18,77347,NORMAL,REGULAR,Round 10,LEAGUE,95,Oxford United,Local,ALL,18/10/2025,10,1,49%,2.17,4,19,1,4,9,341,13,12,4,,7,0,8,4,13,6,1,3,1,21,1,1,267,23,38,50/73 (68%),23/58 (40%),2/11 (18%),51%,7,30/60 (50%),23/43 (53%),5/14 (36%),54%,13,9,43,41,0,1,0.12,0,2,3,4
14059573,18,77347,NORMAL,REGULAR,Round 10,LEAGUE,95,Oxford United,Local,1ST,18/10/2025,10,1,50%,1.41,3,11,1,1,2,184,11,7,1,,5,0,4,2,9,2,1,2,1,,1,1,147,12,19,,9/29 (31%),0/4 (0%),56%,2,20/32 (63%),11/23 (48%),2/6 (33%),45%,11,4,22,16,,1,,,,,1
14059573,18,77347,NORMAL,REGULAR,Round 10,LEAGUE,95,Oxford United,Local,2ND,18/10/2025,10,0,48%,0.75,1,8,0,3,7,157,2,5,3,,2,0,4,2,4,4,0,1,0,,0,0,120,11,19,,14/29 (48%),2/7 (29%),46%,5,10/28 (36%),12/20 (60%),3/8 (38%),100%,2,5,21,25,,0,,,,,3
14059573,18,77347,NORMAL,REGULAR,Round 10,LEAGUE,27,Derby County,Visita,ALL,18/10/2025,10,0,51%,0.25,0,6,6,12,12,336,16,9,1,,1,0,2,3,4,2,0,0,0,17,2,3,250,21,61,51/96 (53%),28/61 (46%),3/31 (10%),49%,12,30/60 (50%),20/43 (47%),5/6 (83%),75%,16,6,42,19,2,6,0.92,2,0,1,10
14059573,18,77347,NORMAL,REGULAR,Round 10,LEAGUE,27,Derby County,Visita,1ST,18/10/2025,10,0,50%,0.12,0,3,4,3,7,180,6,2,0,,1,0,0,2,2,1,0,0,0,,0,2,137,12,28,,12/30 (40%),2/11 (18%),44%,11,12/32 (38%),12/23 (52%),4/4 (100%),67%,6,1,21,8,,4,,,,,6
14059573,18,77347,NORMAL,REGULAR,Round 10,LEAGUE,27,Derby County,Visita,2ND,18/10/2025,10,0,52%,0.13,0,3,2,9,5,156,10,7,1,,0,0,2,1,2,1,0,0,0,,2,1,113,9,33,,16/31 (52%),1/20 (5%),54%,1,18/28 (64%),8/20 (40%),1/2 (50%),80%,10,5,21,11,,2,,,,,4
14059591,18,77347,NORMAL,REGULAR,Round 11,LEAGUE,64,Wrexham,Local,ALL,22/10/2025,11,1,48%,0.77,1,11,2,6,12,386,10,12,3,1,6,1,2,3,11,0,,1,,28,3,1,304,22,55,76/118 (64%),21/52 (40%),4/18 (22%),45%,13,28/67 (42%),21/42 (50%),7/16 (44%),80%,10,6,44,34,,2,0.06,1,1,3,10
14059591,18,77347,NORMAL,REGULAR,Round 11,LEAGUE,64,Wrexham,Local,1ST,22/10/2025,11,1,59%,0.54,1,8,1,3,3,252,3,6,1,0,3,0,2,3,8,0,,1,,,2,0,221,11,32,,16/24 (67%),3/10 (30%),50%,6,13/31 (42%),11/17 (65%),5/12 (42%),100%,3,3,23,9,,1,,,,,2
14059591,18,77347,NORMAL,REGULAR,Round 11,LEAGUE,64,Wrexham,Local,2ND,22/10/2025,11,0,36%,0.23,0,3,1,3,9,134,7,6,2,1,3,1,0,0,3,0,,0,,,1,1,83,11,23,,5/28 (18%),1/8 (13%),41%,7,15/36 (42%),10/25 (40%),2/4 (50%),71%,7,3,21,25,,1,,,,,8
14059591,18,77347,NORMAL,REGULAR,Round 11,LEAGUE,95,Oxford United,Visita,ALL,22/10/2025,11,0,52%,0.15,0,6,5,3,12,414,22,12,1,0,2,0,3,1,1,5,,0,,12,2,1,339,22,49,52/87 (60%),28/58 (48%),0/19 (0%),55%,7,39/67 (58%),21/42 (50%),6/9 (67%),59%,22,7,47,36,,5,-0.30,1,0,0,3
14059591,18,77347,NORMAL,REGULAR,Round 11,LEAGUE,95,Oxford United,Visita,1ST,22/10/2025,11,0,41%,0.02,0,1,2,2,6,180,13,3,0,0,1,0,0,0,0,1,,0,,,0,0,145,13,16,,17/37 (46%),0/5 (0%),50%,2,18/31 (58%),6/17 (35%),2/3 (67%),62%,13,1,22,16,,2,,,,,2
14059591,18,77347,NORMAL,REGULAR,Round 11,LEAGUE,95,Oxford United,Visita,2ND,22/10/2025,11,0,64%,0.12,0,5,3,1,6,234,9,9,1,0,1,0,3,1,1,4,,0,,,2,1,194,9,33,,11/21 (52%),0/14 (0%),59%,5,21/36 (58%),15/25 (60%),4/6 (67%),56%,9,6,25,20,,3,,,,,1
14059601,18,77347,NORMAL,REGULAR,Round 12,LEAGUE,12,Sheffield Wednesday,Local,ALL,25/10/2025,12,1,67%,1.16,1,17,2,8,11,552,15,11,,,5,0,4,8,12,5,0,1,,34,,2,448,25,73,124/178 (70%),19/48 (40%),5/29 (17%),44%,14,35/72 (49%),11/32 (34%),9/17 (53%),73%,15,8,49,25,1,2,-0.30,1,0,0,9
14059601,18,77347,NORMAL,REGULAR,Round 12,LEAGUE,12,Sheffield Wednesday,Local,1ST,25/10/2025,12,0,62%,0.33,0,5,2,4,4,200,9,7,,,1,0,1,3,5,0,0,0,,,,1,157,11,25,,7/24 (29%),0/12 (0%),47%,7,20/40 (50%),7/18 (39%),4/11 (36%),78%,9,5,24,14,,2,,,,,5
14059601,18,77347,NORMAL,REGULAR,Round 12,LEAGUE,12,Sheffield Wednesday,Local,2ND,25/10/2025,12,1,71%,0.83,1,12,0,4,7,352,6,4,,,4,0,3,5,7,5,0,1,,,,1,291,14,48,,12/24 (50%),5/17 (29%),41%,7,15/32 (47%),4/14 (29%),5/6 (83%),67%,6,3,25,11,,0,,,,,4
14059601,18,77347,NORMAL,REGULAR,Round 12,LEAGUE,95,Oxford United,Visita,ALL,25/10/2025,12,2,33%,0.99,3,11,4,3,11,274,22,11,,,4,0,4,3,5,6,1,2,,23,,4,183,26,54,41/81 (51%),31/63 (49%),2/9 (22%),56%,6,37/72 (51%),21/32 (66%),4/13 (31%),73%,22,14,57,49,0,4,0.99,0,1,1,7
14059601,18,77347,NORMAL,REGULAR,Round 12,LEAGUE,95,Oxford United,Visita,1ST,25/10/2025,12,2,38%,0.53,1,7,1,3,7,123,14,4,,,4,0,0,3,3,4,1,0,,,,1,79,21,26,,16/27 (59%),2/7 (29%),53%,4,20/40 (50%),11/18 (61%),2/7 (29%),86%,14,5,24,19,,1,,,,,4
14059601,18,77347,NORMAL,REGULAR,Round 12,LEAGUE,95,Oxford United,Visita,2ND,25/10/2025,12,0,29%,0.45,2,4,3,0,4,151,8,7,,,0,0,4,0,2,2,0,2,,,,3,104,5,28,,15/36 (42%),0/2 (0%),59%,2,17/32 (53%),10/14 (71%),2/6 (33%),50%,8,9,33,30,,3,,,,,3
14059604,18,77347,NORMAL,REGULAR,Round 13,LEAGUE,95,Oxford United,Local,ALL,01/11/2025,13,2,49%,0.63,0,14,2,5,5,363,10,14,0,,6,0,5,3,4,10,0,0,,20,3,0,241,33,61,69/109 (63%),18/65 (28%),1/21 (5%),51%,9,27/53 (51%),36/71 (51%),5/10 (50%),70%,10,6,40,34,,2,0.06,1,1,,7
14059604,18,77347,NORMAL,REGULAR,Round 13,LEAGUE,95,Oxford United,Local,1ST,01/11/2025,13,1,47%,0.30,0,9,0,4,3,160,5,6,0,,3,0,3,3,1,8,0,0,,,2,0,110,16,26,,6/26 (23%),0/13 (0%),47%,2,13/26 (50%),14/32 (44%),2/6 (33%),60%,5,4,17,12,,0,,,,,4
14059604,18,77347,NORMAL,REGULAR,Round 13,LEAGUE,95,Oxford United,Local,2ND,01/11/2025,13,1,50%,0.33,0,5,2,1,2,203,5,8,0,,3,0,2,0,3,2,0,0,,,1,0,131,17,35,,12/39 (31%),1/8 (13%),55%,7,14/27 (52%),22/39 (56%),3/4 (75%),80%,5,2,23,22,,2,,,,,3
14059604,18,77347,NORMAL,REGULAR,Round 13,LEAGUE,25,Millwall,Visita,ALL,01/11/2025,13,2,51%,2.42,4,11,4,8,14,381,14,5,1,,4,1,5,2,8,3,2,2,,29,0,4,259,25,53,53/108 (49%),19/73 (26%),3/16 (19%),49%,5,26/53 (49%),35/71 (49%),7/12 (58%),50%,14,10,61,53,,4,-0.61,1,0,,8
14059604,18,77347,NORMAL,REGULAR,Round 13,LEAGUE,25,Millwall,Visita,1ST,01/11/2025,13,1,53%,0.55,2,5,2,4,6,180,6,3,0,,1,1,3,1,4,1,1,1,,,0,0,131,13,17,,11/30 (37%),2/7 (29%),53%,3,13/26 (50%),18/32 (56%),4/6 (67%),50%,6,4,24,30,,2,,,,,6
14059604,18,77347,NORMAL,REGULAR,Round 13,LEAGUE,25,Millwall,Visita,2ND,01/11/2025,13,1,50%,1.88,2,6,2,4,8,201,8,2,1,,3,0,2,1,4,2,1,1,,,0,4,128,12,36,,8/43 (19%),1/9 (11%),45%,2,13/27 (48%),17/39 (44%),3/6 (50%),50%,8,6,37,23,,2,,,,,2
14059618,18,77347,NORMAL,REGULAR,Round 14,LEAGUE,95,Oxford United,Local,ALL,04/11/2025,14,0,48%,1.76,2,16,3,10,6,346,14,13,1,,1,0,10,5,9,7,0,2,,28,0,3,263,19,63,68/108 (63%),22/58 (38%),9/37 (24%),54%,10,31/53 (58%),15/32 (47%),5/8 (63%),71%,14,16,42,17,0,3,0.14,1,,0,6
14059618,18,77347,NORMAL,REGULAR,Round 14,LEAGUE,95,Oxford United,Local,1ST,04/11/2025,14,0,50%,1.19,2,8,3,5,3,212,6,4,1,,0,0,6,2,6,2,0,2,,,0,1,168,9,35,,13/34 (38%),4/17 (24%),43%,5,10/20 (50%),6/17 (35%),1/2 (50%),83%,6,9,19,8,,3,,,,,2
14059618,18,77347,NORMAL,REGULAR,Round 14,LEAGUE,95,Oxford United,Local,2ND,04/11/2025,14,0,46%,0.57,0,8,0,5,3,134,8,9,0,,1,0,4,3,3,5,0,0,,,0,2,95,10,28,,9/24 (38%),5/20 (25%),63%,5,21/33 (64%),9/15 (60%),4/6 (67%),63%,8,7,23,9,,0,,,,,4
14059618,18,77347,NORMAL,REGULAR,Round 14,LEAGUE,29,Stoke City,Visita,ALL,04/11/2025,14,3,52%,1.97,4,14,1,7,13,391,13,6,3,,6,0,5,3,12,2,2,2,,30,1,3,307,21,41,54/86 (63%),31/73 (42%),5/19 (26%),46%,8,22/53 (42%),17/32 (53%),3/9 (33%),62%,13,7,39,45,2,1,0.11,0,,4,12
14059618,18,77347,NORMAL,REGULAR,Round 14,LEAGUE,29,Stoke City,Visita,1ST,04/11/2025,14,2,50%,1.25,2,6,0,5,4,220,6,3,0,,5,0,0,1,5,1,1,1,,,1,1,179,8,15,,14/34 (41%),3/10 (30%),57%,4,10/20 (50%),11/17 (65%),1/3 (33%),50%,6,4,20,19,,0,,,,,7
14059618,18,77347,NORMAL,REGULAR,Round 14,LEAGUE,29,Stoke City,Visita,2ND,04/11/2025,14,1,54%,0.72,2,8,1,2,9,171,7,3,3,,1,0,5,2,7,1,1,1,,,0,2,128,13,26,,17/39 (44%),2/9 (22%),37%,4,12/33 (36%),6/15 (40%),2/6 (33%),71%,7,3,19,26,,1,,,,,5
14059634,18,77347,NORMAL,REGULAR,Round 15,LEAGUE,8,West Bromwich Albion,Local,ALL,08/11/2025,15,2,62%,1.61,2,26,3,11,6,530,11,6,,,6,0,8,12,15,11,1,1,,35,,3,441,26,62,92/137 (67%),25/59 (42%),6/33 (18%),49%,5,27/51 (53%),24/54 (44%),10/20 (50%),82%,11,16,55,42,0,3,-0.54,3,0,0,8
14059634,18,77347,NORMAL,REGULAR,Round 15,LEAGUE,8,West Bromwich Albion,Local,1ST,08/11/2025,15,0,66%,0.75,1,15,1,9,2,245,5,4,,,1,0,5,9,7,8,0,1,,,,3,203,19,32,,12/29 (41%),4/21 (19%),46%,1,10/20 (50%),11/26 (42%),1/6 (17%),100%,5,6,25,14,,1,,,,,1
14059634,18,77347,NORMAL,REGULAR,Round 15,LEAGUE,8,West Bromwich Albion,Local,2ND,08/11/2025,15,2,59%,0.86,1,11,2,2,4,285,6,2,,,5,0,3,3,8,3,1,0,,,,0,238,7,30,,13/30 (43%),2/12 (17%),51%,4,17/31 (55%),13/28 (46%),9/14 (64%),67%,6,10,30,28,,2,,,,,7
14059634,18,77347,NORMAL,REGULAR,Round 15,LEAGUE,95,Oxford United,Visita,ALL,08/11/2025,15,1,38%,0.95,2,9,5,5,6,326,15,6,,,4,0,3,2,3,6,1,1,,20,,2,233,22,73,45/101 (45%),21/61 (34%),4/18 (22%),51%,8,24/51 (47%),30/54 (56%),3/6 (50%),53%,15,12,53,57,2,5,-0.61,1,1,1,7
14059634,18,77347,NORMAL,REGULAR,Round 15,LEAGUE,95,Oxford United,Visita,1ST,08/11/2025,15,0,34%,0.03,0,2,1,1,4,133,6,2,,,1,0,1,0,0,2,0,0,,,,0,89,11,37,,10/33 (30%),0/3 (0%),54%,4,10/20 (50%),15/26 (58%),2/3 (67%),50%,6,4,24,31,,1,,,,,5
14059634,18,77347,NORMAL,REGULAR,Round 15,LEAGUE,95,Oxford United,Visita,2ND,08/11/2025,15,1,41%,0.92,2,7,4,4,2,193,9,4,,,3,0,2,2,3,4,1,1,,,,2,144,11,36,,11/28 (39%),4/15 (27%),49%,4,14/31 (45%),15/28 (54%),1/3 (33%),56%,9,8,29,26,,4,,,,,2
14059643,18,77347,NORMAL,REGULAR,Round 16,LEAGUE,95,Oxford United,Local,ALL,22/11/2025,16,1,30%,0.53,0,9,2,1,16,259,18,12,3,,2,0,4,3,3,6,0,,,11,1,2,176,23,56,46/86 (53%),16/59 (27%),2/8 (25%),46%,7,34/75 (45%),7/15 (47%),6/11 (55%),50%,18,13,52,34,,2,-0.38,,,1,10
14059643,18,77347,NORMAL,REGULAR,Round 16,LEAGUE,95,Oxford United,Local,1ST,22/11/2025,16,1,28%,0.20,0,3,1,1,8,123,7,9,2,,1,0,1,1,2,1,0,,,,1,2,82,6,24,,9/31 (29%),0/1 (0%),49%,2,17/35 (49%),4/8 (50%),3/4 (75%),57%,7,4,29,17,,1,,,,,4
14059643,18,77347,NORMAL,REGULAR,Round 16,LEAGUE,95,Oxford United,Local,2ND,22/11/2025,16,0,32%,0.32,0,6,1,0,8,136,11,3,1,,1,0,3,2,1,5,0,,,,0,0,94,17,32,,7/28 (25%),2/7 (29%),43%,5,17/40 (43%),3/7 (43%),3/7 (43%),45%,11,9,23,17,,1,,,,,6
14059643,18,77347,NORMAL,REGULAR,Round 16,LEAGUE,36,Middlesbrough,Visita,ALL,22/11/2025,16,1,70%,1.06,1,19,1,8,12,578,12,16,3,,3,0,7,9,11,8,1,,,42,3,2,486,26,89,139/200 (70%),21/48 (44%),5/32 (16%),54%,8,41/75 (55%),8/15 (53%),13/23 (57%),83%,12,12,59,11,,1,-0.54,,,0,3
14059643,18,77347,NORMAL,REGULAR,Round 16,LEAGUE,36,Middlesbrough,Visita,1ST,22/11/2025,16,0,72%,0.65,0,13,0,3,9,300,3,8,1,,1,0,4,8,8,5,0,,,,1,0,262,14,36,,9/18 (50%),3/15 (20%),51%,2,18/35 (51%),4/8 (50%),7/12 (58%),67%,3,4,28,7,,0,,,,,1
14059643,18,77347,NORMAL,REGULAR,Round 16,LEAGUE,36,Middlesbrough,Visita,2ND,22/11/2025,16,1,68%,0.41,1,6,1,5,3,278,9,8,2,,2,0,3,1,3,3,1,,,,2,2,224,12,53,,12/30 (40%),2/17 (12%),57%,6,23/40 (57%),4/7 (57%),6/11 (55%),89%,9,8,31,4,,1,,,,,2
14059661,18,77347,NORMAL,REGULAR,Round 17,LEAGUE,263,Norwich City,Local,ALL,25/11/2025,17,1,51%,1.55,1,15,3,8,8,392,13,10,1,,6,0,3,6,11,4,0,1,2,27,1,2,303,17,73,81/124 (65%),23/63 (37%),5/19 (26%),55%,5,34/59 (58%),18/36 (50%),11/19 (58%),69%,13,8,50,16,0,3,0.35,2,1,1,13
14059661,18,77347,NORMAL,REGULAR,Round 17,LEAGUE,263,Norwich City,Local,1ST,25/11/2025,17,1,47%,0.49,0,7,2,4,3,194,3,3,0,,4,0,1,2,5,2,0,0,1,,0,1,151,10,34,,6/23 (26%),2/9 (22%),49%,3,9/20 (45%),9/17 (53%),3/6 (50%),33%,3,4,22,8,,2,,,,,7
14059661,18,77347,NORMAL,REGULAR,Round 17,LEAGUE,263,Norwich City,Local,2ND,25/11/2025,17,0,56%,1.06,1,8,1,4,5,198,10,7,1,,2,0,2,4,6,2,0,1,1,,1,1,152,7,39,,17/40 (43%),3/10 (30%),59%,2,25/39 (64%),9/19 (47%),8/13 (62%),80%,10,4,28,8,,1,,,,,6
14059661,18,77347,NORMAL,REGULAR,Round 17,LEAGUE,95,Oxford United,Visita,ALL,25/11/2025,17,1,49%,0.73,2,12,5,4,10,375,13,8,0,,4,1,5,3,6,6,1,1,0,20,2,2,286,28,45,53/93 (57%),23/54 (43%),4/18 (22%),45%,9,25/59 (42%),18/36 (50%),4/8 (50%),62%,13,12,55,35,1,5,0.17,2,0,1,6
14059661,18,77347,NORMAL,REGULAR,Round 17,LEAGUE,95,Oxford United,Visita,1ST,25/11/2025,17,0,53%,0.35,1,6,3,4,3,218,6,3,0,,2,1,3,1,4,2,0,1,0,,0,2,173,14,24,,12/28 (43%),3/11 (27%),51%,3,11/20 (55%),8/17 (47%),2/2 (100%),50%,6,5,30,15,,3,,,,,1
14059661,18,77347,NORMAL,REGULAR,Round 17,LEAGUE,95,Oxford United,Visita,2ND,25/11/2025,17,1,44%,0.38,1,6,2,0,7,157,7,5,0,,2,0,2,2,2,4,1,0,0,,2,0,113,14,21,,11/26 (42%),1/7 (14%),41%,6,14/39 (36%),10/19 (53%),2/6 (33%),71%,7,7,25,20,,2,,,,,5
14059668,18,77347,NORMAL,REGULAR,Round 18,LEAGUE,95,Oxford United,Local,ALL,28/11/2025,18,2,27%,1.18,3,13,6,3,13,212,21,5,,,8,0,4,1,6,7,1,2,0,13,0,0,121,18,54,30/78 (38%),12/68 (18%),1/10 (10%),47%,9,27/61 (44%),16/31 (52%),1/5 (20%),67%,21,9,43,35,0,6,1.15,1,3,,12
14059668,18,77347,NORMAL,REGULAR,Round 18,LEAGUE,95,Oxford United,Local,1ST,28/11/2025,18,1,24%,0.40,1,6,0,1,5,105,10,1,,,5,0,0,1,2,4,0,1,0,,0,0,63,9,28,,4/31 (13%),0/4 (0%),43%,6,12/32 (38%),9/17 (53%),1/4 (25%),50%,10,6,23,19,,0,,,,,7
14059668,18,77347,NORMAL,REGULAR,Round 18,LEAGUE,95,Oxford United,Local,2ND,28/11/2025,18,1,31%,0.79,2,7,6,2,8,107,11,4,,,3,0,4,0,4,3,1,1,0,,0,0,58,9,26,,8/37 (22%),1/6 (17%),51%,3,15/29 (52%),7/14 (50%),0/1 (0%),82%,11,3,20,16,,6,,,,,5
14059668,18,77347,NORMAL,REGULAR,Round 18,LEAGUE,32,Ipswich Town,Visita,ALL,28/11/2025,18,1,73%,1.73,3,17,6,6,5,573,13,13,,,7,1,4,6,9,8,0,3,1,31,3,3,489,26,84,92/135 (68%),36/60 (60%),3/26 (12%),53%,15,34/61 (56%),15/31 (48%),9/15 (60%),38%,13,4,44,18,1,6,0.18,0,0,,6
14059668,18,77347,NORMAL,REGULAR,Round 18,LEAGUE,32,Ipswich Town,Visita,1ST,28/11/2025,18,0,76%,0.51,0,6,4,2,1,328,9,5,,,0,1,3,3,4,2,0,0,0,,0,1,280,15,42,,23/33 (70%),1/14 (7%),57%,8,20/32 (63%),8/17 (47%),7/9 (78%),33%,9,0,24,8,,4,,,,,2
14059668,18,77347,NORMAL,REGULAR,Round 18,LEAGUE,32,Ipswich Town,Visita,2ND,28/11/2025,18,1,69%,1.23,3,11,2,4,4,245,4,8,,,7,0,1,3,5,6,0,3,1,,3,2,209,11,42,,13/27 (48%),2/12 (17%),49%,7,14/29 (48%),7/14 (50%),2/6 (33%),50%,4,4,20,10,,2,,,,,4
14059684,18,77347,NORMAL,REGULAR,Round 19,LEAGUE,74,Swansea City,Local,ALL,06/12/2025,19,2,51%,0.89,2,15,4,10,8,359,13,13,2,,4,0,8,3,9,6,1,1,1,22,4,4,265,31,57,59/105 (56%),22/66 (33%),6/21 (29%),52%,8,30/59 (51%),21/39 (54%),4/12 (33%),62%,13,12,35,34,1,4,1.25,1,0,,12
14059684,18,77347,NORMAL,REGULAR,Round 19,LEAGUE,74,Swansea City,Local,1ST,06/12/2025,19,2,66%,0.49,2,7,1,5,2,205,10,9,1,,3,0,4,0,5,2,1,1,1,,4,3,162,16,26,,11/33 (33%),5/16 (31%),65%,2,23/30 (77%),7/16 (44%),4/5 (80%),60%,10,5,14,12,,1,,,,,4
14059684,18,77347,NORMAL,REGULAR,Round 19,LEAGUE,74,Swansea City,Local,2ND,06/12/2025,19,0,39%,0.40,0,8,3,5,6,154,3,4,1,,1,0,4,3,4,4,0,0,0,,0,1,103,15,31,,11/33 (33%),1/5 (20%),40%,6,7/29 (24%),14/23 (61%),0/7 (0%),67%,3,7,21,22,,3,,,,,8
14059684,18,77347,NORMAL,REGULAR,Round 19,LEAGUE,95,Oxford United,Visita,ALL,06/12/2025,19,0,49%,1.41,1,12,2,2,13,348,16,8,4,,4,0,7,1,7,5,0,1,0,15,1,3,254,29,64,39/88 (44%),15/57 (26%),4/16 (25%),48%,6,29/59 (49%),18/39 (46%),5/12 (42%),56%,16,8,39,18,0,2,-0.97,0,1,,11
14059684,18,77347,NORMAL,REGULAR,Round 19,LEAGUE,95,Oxford United,Visita,1ST,06/12/2025,19,0,34%,0.24,0,3,1,2,9,106,3,2,2,,1,0,2,0,2,1,0,0,0,,0,1,67,11,29,,7/26 (27%),0/8 (0%),35%,4,7/30 (23%),9/16 (56%),2/8 (25%),100%,3,5,17,11,,1,,,,,5
14059684,18,77347,NORMAL,REGULAR,Round 19,LEAGUE,95,Oxford United,Visita,2ND,06/12/2025,19,0,61%,1.17,1,9,1,0,4,242,13,6,2,,3,0,5,1,5,4,0,1,0,,1,2,187,18,35,,8/31 (26%),4/8 (50%),60%,2,22/29 (76%),9/23 (39%),3/4 (75%),46%,13,3,22,7,,1,,,,,6
14059686,18,77347,NORMAL,REGULAR,Round 20,LEAGUE,46,Blackburn Rovers,Local,ALL,09/12/2025,20,1,55%,2.28,4,16,0,9,9,406,10,13,1,,5,0,9,2,12,4,1,3,,32,1,1,287,29,84,82/144 (57%),34/82 (41%),9/33 (27%),57%,9,30/58 (52%),36/57 (63%),9/15 (60%),30%,10,6,49,36,,0,-0.66,0,1,0,8
14059686,18,77347,NORMAL,REGULAR,Round 20,LEAGUE,46,Blackburn Rovers,Local,1ST,09/12/2025,20,0,49%,0.47,1,6,0,3,4,187,5,6,0,,1,0,5,0,5,1,0,1,,,0,0,131,9,42,,17/39 (44%),3/7 (43%),72%,0,13/22 (59%),15/17 (88%),4/8 (50%),20%,5,1,22,24,,0,,,,,6
14059686,18,77347,NORMAL,REGULAR,Round 20,LEAGUE,46,Blackburn Rovers,Local,2ND,09/12/2025,20,1,60%,1.82,3,10,0,6,5,219,5,7,1,,4,0,4,2,7,3,1,2,,,1,1,156,20,42,,17/43 (40%),6/26 (23%),50%,9,17/36 (47%),21/40 (53%),5/7 (71%),40%,5,5,27,12,,0,,,,,2
14059686,18,77347,NORMAL,REGULAR,Round 20,LEAGUE,95,Oxford United,Visita,ALL,09/12/2025,20,1,45%,0.29,0,6,3,3,14,353,15,9,2,,1,0,5,0,3,3,0,0,,9,1,3,230,17,68,59/116 (51%),26/86 (30%),0/14 (0%),43%,7,28/58 (48%),21/57 (37%),4/7 (57%),73%,15,18,53,37,,3,0.39,1,1,1,13
14059686,18,77347,NORMAL,REGULAR,Round 20,LEAGUE,95,Oxford United,Visita,1ST,09/12/2025,20,1,51%,0.26,0,5,1,2,6,192,4,4,1,,1,0,4,0,3,2,0,0,,,1,3,134,12,37,,14/46 (30%),0/10 (0%),28%,4,9/22 (41%),2/17 (12%),1/2 (50%),75%,4,8,25,9,,1,,,,,5
14059686,18,77347,NORMAL,REGULAR,Round 20,LEAGUE,95,Oxford United,Visita,2ND,09/12/2025,20,0,40%,0.03,0,1,2,1,8,161,11,5,1,,0,0,1,0,0,1,0,0,,,0,0,96,5,31,,12/40 (30%),0/4 (0%),50%,3,19/36 (53%),19/40 (48%),3/5 (60%),73%,11,10,28,28,,2,,,,,8
14059703,18,77347,NORMAL,REGULAR,Round 21,LEAGUE,95,Oxford United,Local,ALL,13/12/2025,21,1,54%,1.57,1,24,0,9,10,346,8,9,1,,8,1,6,10,16,8,,1,,34,3,5,260,32,62,65/104 (63%),22/54 (41%),8/33 (24%),55%,4,20/39 (51%),29/50 (58%),3/6 (50%),75%,8,9,37,23,,0,-1.29,0,1,0,9
14059703,18,77347,NORMAL,REGULAR,Round 21,LEAGUE,95,Oxford United,Local,1ST,13/12/2025,21,0,54%,0.93,0,14,0,5,6,176,6,4,1,,5,0,3,6,10,4,,0,,,1,3,141,11,26,,6/22 (27%),4/15 (27%),53%,1,11/22 (50%),9/16 (56%),1/3 (33%),67%,6,6,21,13,,0,,,,,7
14059703,18,77347,NORMAL,REGULAR,Round 21,LEAGUE,95,Oxford United,Local,2ND,13/12/2025,21,1,54%,0.64,1,10,0,4,4,170,2,5,0,,3,1,3,4,6,4,,1,,,2,2,119,21,36,,16/32 (50%),4/18 (22%),57%,3,9/17 (53%),20/34 (59%),2/3 (67%),100%,2,3,16,10,,0,,,,,2
14059703,18,77347,NORMAL,REGULAR,Round 21,LEAGUE,21,Preston North End,Visita,ALL,13/12/2025,21,2,46%,0.61,0,8,6,9,9,304,7,10,2,,2,0,4,2,5,3,,0,,17,2,2,207,20,55,52/102 (51%),16/60 (27%),5/20 (25%),45%,5,19/39 (49%),21/50 (42%),2/5 (40%),57%,7,8,44,46,,6,0.97,1,2,1,9
14059703,18,77347,NORMAL,REGULAR,Round 21,LEAGUE,21,Preston North End,Visita,1ST,13/12/2025,21,1,46%,0.43,0,5,4,6,4,152,3,6,0,,1,0,3,1,4,1,,0,,,0,0,110,10,20,,8/23 (35%),4/14 (29%),47%,4,11/22 (50%),7/16 (44%),2/4 (50%),33%,3,3,23,17,,4,,,,,3
14059703,18,77347,NORMAL,REGULAR,Round 21,LEAGUE,21,Preston North End,Visita,2ND,13/12/2025,21,1,46%,0.18,0,3,2,3,5,152,4,4,2,,1,0,1,1,1,2,,0,,,2,2,97,10,35,,8/37 (22%),1/6 (17%),43%,1,8/17 (47%),14/34 (41%),0/1 (0%),75%,4,5,21,29,,2,,,,,6
14059711,18,77347,NORMAL,REGULAR,Round 22,LEAGUE,47,Charlton Athletic,Local,ALL,20/12/2025,22,1,52%,0.77,2,13,1,5,15,339,15,7,2,,4,0,8,1,11,2,,2,,23,0,4,241,27,82,73/130 (56%),34/74 (46%),4/22 (18%),52%,9,26/56 (46%),39/68 (57%),4/7 (57%),60%,15,4,39,43,,1,0.02,0,,1,12
14059711,18,77347,NORMAL,REGULAR,Round 22,LEAGUE,47,Charlton Athletic,Local,1ST,20/12/2025,22,0,53%,0.58,2,7,1,3,5,181,7,7,0,,2,0,5,0,6,1,,2,,,0,3,129,13,38,,14/34 (41%),2/9 (22%),59%,3,18/30 (60%),22/38 (58%),4/6 (67%),71%,7,2,24,22,,1,,,,,4
14059711,18,77347,NORMAL,REGULAR,Round 22,LEAGUE,47,Charlton Athletic,Local,2ND,20/12/2025,22,1,50%,0.19,0,6,0,2,10,158,8,0,2,,2,0,3,1,5,1,,0,,,0,1,112,14,44,,20/40 (50%),2/13 (15%),45%,6,8/26 (31%),17/30 (57%),0/1 (0%),50%,8,2,15,21,,0,,,,,8
14059711,18,77347,NORMAL,REGULAR,Round 22,LEAGUE,95,Oxford United,Visita,ALL,20/12/2025,22,0,48%,0.61,0,12,3,6,7,315,12,15,1,,1,0,8,3,5,7,,0,,17,2,0,225,27,62,51/94 (54%),34/77 (44%),6/28 (21%),48%,7,30/56 (54%),29/68 (43%),3/11 (27%),58%,12,6,34,50,,3,0.63,1,,0,9
14059711,18,77347,NORMAL,REGULAR,Round 22,LEAGUE,95,Oxford United,Visita,1ST,20/12/2025,22,0,47%,0.06,0,3,2,3,7,159,5,5,1,,1,0,2,0,0,3,,0,,,0,0,118,12,29,,21/40 (53%),0/10 (0%),41%,2,12/30 (40%),16/38 (42%),2/7 (29%),60%,5,3,21,29,,2,,,,,5
14059711,18,77347,NORMAL,REGULAR,Round 22,LEAGUE,95,Oxford United,Visita,2ND,20/12/2025,22,0,50%,0.55,0,9,1,3,0,156,7,10,0,,0,0,6,3,5,4,,0,,,2,0,107,15,33,,13/37 (35%),6/18 (33%),55%,5,18/26 (69%),13/30 (43%),1/4 (25%),57%,7,3,13,21,,1,,,,,4
14059727,18,77347,NORMAL,REGULAR,Round 23,LEAGUE,95,Oxford United,Local,ALL,26/12/2025,23,2,30%,0.91,0,17,4,5,14,260,19,9,2,,6,0,8,3,7,10,0,0,,26,1,0,191,11,46,55/85 (65%),24/61 (39%),1/12 (8%),44%,9,33/71 (46%),9/25 (36%),5/11 (45%),47%,19,14,61,35,,4,0.63,2,,,10
14059727,18,77347,NORMAL,REGULAR,Round 23,LEAGUE,95,Oxford United,Local,1ST,26/12/2025,23,1,25%,0.28,0,8,1,2,8,120,5,4,1,,3,0,4,1,3,5,0,0,,,0,0,92,3,22,,14/26 (54%),0/5 (0%),40%,2,9/23 (39%),3/7 (43%),0/2 (0%),40%,5,7,26,14,,1,,,,,7
14059727,18,77347,NORMAL,REGULAR,Round 23,LEAGUE,95,Oxford United,Local,2ND,26/12/2025,23,1,35%,0.64,0,9,3,3,6,140,14,5,1,,3,0,4,2,4,5,0,0,,,1,0,99,8,24,,10/35 (29%),1/7 (14%),45%,7,24/48 (50%),6/18 (33%),5/9 (56%),50%,14,7,35,21,,3,,,,,3
14059727,18,77347,NORMAL,REGULAR,Round 23,LEAGUE,45,Southampton,Visita,ALL,26/12/2025,23,1,70%,1.44,2,19,4,7,9,622,15,14,1,,5,1,7,7,14,5,1,1,,38,3,2,536,14,71,99/141 (70%),28/57 (49%),6/24 (25%),56%,16,38/71 (54%),16/25 (64%),9/12 (75%),60%,15,7,54,20,,4,-1.31,1,,,12
14059727,18,77347,NORMAL,REGULAR,Round 23,LEAGUE,45,Southampton,Visita,1ST,26/12/2025,23,1,75%,0.47,1,7,2,1,4,365,4,8,1,,2,1,5,0,5,2,1,0,,,2,1,328,6,38,,19/30 (63%),3/12 (25%),60%,4,14/23 (61%),4/7 (57%),2/3 (67%),75%,4,3,25,10,,2,,,,,6
14059727,18,77347,NORMAL,REGULAR,Round 23,LEAGUE,45,Southampton,Visita,2ND,26/12/2025,23,0,65%,0.98,1,12,2,6,5,257,11,6,0,,3,0,2,7,9,3,0,1,,,1,1,208,8,33,,9/27 (33%),3/12 (25%),55%,12,24/48 (50%),12/18 (67%),7/9 (78%),55%,11,4,29,10,,2,,,,,6
14059738,18,77347,NORMAL,REGULAR,Round 24,LEAGUE,95,Oxford United,Local,ALL,29/12/2025,24,0,47%,0.48,0,11,4,1,13,391,14,11,2,,2,0,3,6,3,8,0,0,,10,2,1,264,31,64,43/91 (47%),21/75 (28%),2/8 (25%),44%,11,29/68 (43%),28/62 (45%),4/13 (31%),71%,14,13,55,26,,4,0.08,,,,11
14059738,18,77347,NORMAL,REGULAR,Round 24,LEAGUE,95,Oxford United,Local,1ST,29/12/2025,24,0,48%,0.31,0,6,1,0,6,221,8,5,1,,2,0,1,3,1,5,0,0,,,1,0,147,14,45,,10/43 (23%),1/5 (20%),48%,3,14/28 (50%),15/33 (45%),1/3 (33%),75%,8,6,27,8,,1,,,,,4
14059738,18,77347,NORMAL,REGULAR,Round 24,LEAGUE,95,Oxford United,Local,2ND,29/12/2025,24,0,46%,0.17,0,5,3,1,7,170,6,6,1,,0,0,2,3,2,3,0,0,,,1,1,117,17,19,,11/32 (34%),1/3 (33%),41%,8,15/40 (38%),13/29 (45%),3/10 (30%),67%,6,7,28,18,,3,,,,,7
14059738,18,77347,NORMAL,REGULAR,Round 24,LEAGUE,74,Swansea City,Visita,ALL,29/12/2025,24,1,53%,0.79,2,10,2,5,11,433,20,13,4,,5,0,3,2,9,1,1,1,,26,1,2,306,23,72,60/125 (48%),23/77 (30%),5/16 (31%),56%,6,39/68 (57%),34/62 (55%),7/15 (47%),65%,20,18,58,36,,2,0.20,,,,5
14059738,18,77347,NORMAL,REGULAR,Round 24,LEAGUE,74,Swansea City,Visita,1ST,29/12/2025,24,1,52%,0.27,1,4,2,1,5,236,5,6,1,,2,0,2,0,3,1,1,0,,,0,2,173,11,24,,8/34 (24%),1/4 (25%),52%,4,14/28 (50%),18/33 (55%),3/7 (43%),80%,5,9,32,22,,2,,,,,2
14059738,18,77347,NORMAL,REGULAR,Round 24,LEAGUE,74,Swansea City,Visita,2ND,29/12/2025,24,0,54%,0.51,1,6,0,4,6,197,15,7,3,,3,0,1,2,6,0,0,1,,,1,0,133,12,48,,15/43 (35%),4/12 (33%),59%,2,25/40 (63%),16/29 (55%),4/8 (50%),60%,15,9,26,14,,0,,,,,3
14059750,18,77347,NORMAL,REGULAR,Round 25,LEAGUE,32,Ipswich Town,Local,ALL,01/01/2026,25,2,64%,1.43,1,19,0,9,9,526,12,12,1,,6,0,6,7,10,9,0,1,1,32,1,1,452,20,64,112/144 (78%),14/41 (34%),6/20 (30%),45%,11,27/62 (44%),10/20 (50%),5/14 (36%),67%,12,8,43,17,,0,-0.54,0,0,0,6
14059750,18,77347,NORMAL,REGULAR,Round 25,LEAGUE,32,Ipswich Town,Local,1ST,01/01/2026,25,2,71%,1.00,1,11,0,3,5,303,7,6,0,,4,0,4,3,7,4,0,1,1,,0,1,263,10,39,,6/14 (43%),3/9 (33%),53%,4,15/30 (50%),5/8 (63%),2/3 (67%),71%,7,1,22,3,,0,,,,,2
14059750,18,77347,NORMAL,REGULAR,Round 25,LEAGUE,32,Ipswich Town,Local,2ND,01/01/2026,25,0,56%,0.43,0,8,0,6,4,223,5,6,1,,2,0,2,4,3,5,0,0,0,,1,0,189,10,25,,8/27 (30%),3/11 (27%),39%,7,12/32 (38%),5/12 (42%),3/11 (27%),60%,5,7,21,14,,0,,,,,4
14059750,18,77347,NORMAL,REGULAR,Round 25,LEAGUE,95,Oxford United,Visita,ALL,01/01/2026,25,1,36%,1.08,2,8,4,2,12,303,20,9,4,,1,0,4,3,6,2,1,1,0,10,0,1,234,19,36,21/49 (43%),15/48 (31%),3/8 (38%),55%,7,35/62 (56%),10/20 (50%),6/11 (55%),70%,20,6,43,35,,4,0.87,3,1,1,10
14059750,18,77347,NORMAL,REGULAR,Round 25,LEAGUE,95,Oxford United,Visita,1ST,01/01/2026,25,1,29%,0.41,1,3,2,1,6,124,5,5,1,,1,0,2,0,2,1,1,0,0,,0,0,87,9,19,,5/27 (19%),1/2 (50%),47%,3,15/30 (50%),3/8 (38%),5/9 (56%),60%,5,4,16,15,,2,,,,,7
14059750,18,77347,NORMAL,REGULAR,Round 25,LEAGUE,95,Oxford United,Visita,2ND,01/01/2026,25,0,44%,0.68,1,5,2,1,6,179,15,4,3,,0,0,2,3,4,1,0,1,0,,0,1,147,10,17,,10/21 (48%),2/6 (33%),61%,4,20/32 (63%),7/12 (58%),1/2 (50%),73%,15,2,27,20,,2,,,,,3
15197287,19,82557,NORMAL,REGULAR,Round 3,CUP,4,Milton Keynes Dons,Local,ALL,09/01/2026,3,1,39%,2.82,5,12,5,10,14,407,22,17,1,,7,0,3,2,11,1,1,4,2,27,1,3,289,28,69,71/130 (55%),19/78 (24%),5/24 (21%),55%,9,50/94 (53%),24/40 (60%),11/21 (52%),73%,22,7,70,62,0,5,,1,2,1,10
15197287,19,82557,NORMAL,REGULAR,Round 3,CUP,4,Milton Keynes Dons,Local,1ST,09/01/2026,3,1,42%,0.00,3,6,1,4,4,184,8,5,0,,4,0,1,1,5,1,1,2,0,,1,2,150,12,24,,4/19 (21%),4/7 (57%),54%,2,16/29 (55%),9/17 (53%),3/9 (33%),88%,8,3,27,22,,1,,,,,2
15197287,19,82557,NORMAL,REGULAR,Round 3,CUP,4,Milton Keynes Dons,Local,2ND,09/01/2026,3,0,40%,0.00,2,5,1,6,5,130,10,8,0,,3,0,1,1,5,0,0,2,2,,0,1,81,11,25,,8/32 (25%),1/16 (6%),57%,6,22/41 (54%),10/15 (67%),4/8 (50%),50%,10,3,19,21,,1,,,,,5
15197287,19,82557,NORMAL,REGULAR,Round 3,CUP,95,Oxford United,Visita,ALL,09/01/2026,3,1,61%,0.94,2,18,7,5,17,643,19,14,0,,6,0,6,6,10,8,1,1,0,29,0,3,538,34,83,143/195 (73%),29/68 (43%),4/41 (10%),45%,13,44/94 (47%),16/40 (40%),11/20 (55%),74%,19,8,65,28,1,7,,3,0,0,8
15197287,19,82557,NORMAL,REGULAR,Round 3,CUP,95,Oxford United,Visita,1ST,09/01/2026,3,0,58%,0.00,1,5,3,1,5,263,8,4,0,,1,0,3,1,3,2,0,1,0,,0,1,223,9,32,,9/26 (35%),1/9 (11%),46%,5,13/29 (45%),8/17 (47%),1/4 (25%),88%,8,2,26,11,,3,,,,,3
15197287,19,82557,NORMAL,REGULAR,Round 3,CUP,95,Oxford United,Visita,2ND,09/01/2026,3,1,60%,0.00,1,6,4,3,8,201,10,5,0,,2,0,2,2,5,1,1,0,0,,0,1,163,18,28,,11/22 (50%),1/15 (7%),43%,6,19/41 (46%),5/15 (33%),4/8 (50%),60%,10,2,17,13,,4,,,,,4
14059774,18,77347,NORMAL,REGULAR,Round 27,LEAGUE,95,Oxford United,Local,ALL,17/01/2026,27,0,47%,1.20,1,9,1,6,9,364,10,12,2,,3,0,1,5,5,4,,1,0,19,4,2,238,33,70,59/126 (47%),20/67 (30%),6/22 (27%),48%,4,27/50 (54%),21/50 (42%),6/10 (60%),80%,10,9,49,35,,1,0.03,,0,,7
14059774,18,77347,NORMAL,REGULAR,Round 27,LEAGUE,95,Oxford United,Local,1ST,17/01/2026,27,0,46%,0.00,0,0,1,3,5,177,4,7,2,,0,0,0,0,0,0,,0,0,,2,1,112,14,29,,10/31 (32%),1/8 (13%),49%,0,15/26 (58%),10/25 (40%),4/7 (57%),100%,4,4,21,18,,1,,,,,4
14059774,18,77347,NORMAL,REGULAR,Round 27,LEAGUE,95,Oxford United,Local,2ND,17/01/2026,27,0,47%,1.20,1,9,0,3,4,187,6,5,0,,3,0,1,5,5,4,,1,0,,2,1,126,19,41,,10/36 (28%),5/14 (36%),47%,4,12/24 (50%),11/25 (44%),2/3 (67%),67%,6,5,28,17,,0,,,,,3
14059774,18,77347,NORMAL,REGULAR,Round 27,LEAGUE,58,Bristol City,Visita,ALL,17/01/2026,27,0,53%,0.44,0,6,2,5,12,425,8,9,4,,1,0,3,2,4,2,,0,1,16,1,3,312,27,69,65/122 (53%),13/55 (24%),2/18 (11%),52%,8,23/50 (46%),29/50 (58%),6/8 (75%),50%,8,8,50,53,,2,0.29,,1,,8
14059774,18,77347,NORMAL,REGULAR,Round 27,LEAGUE,58,Bristol City,Visita,1ST,17/01/2026,27,0,54%,0.24,0,5,0,3,7,207,3,5,1,,1,0,2,2,3,2,,0,0,,1,1,148,11,37,,6/28 (21%),1/8 (13%),51%,3,11/26 (42%),15/25 (60%),3/4 (75%),33%,3,5,23,21,,0,,,,,4
14059774,18,77347,NORMAL,REGULAR,Round 27,LEAGUE,58,Bristol City,Visita,2ND,17/01/2026,27,0,53%,0.20,0,1,2,2,5,218,5,4,3,,0,0,1,0,1,0,,0,1,,1,2,164,16,32,,7/27 (26%),1/10 (10%),53%,5,12/24 (50%),14/25 (56%),3/4 (75%),60%,5,3,27,32,,2,,,,,4
14059783,18,77347,NORMAL,REGULAR,Round 28,LEAGUE,95,Oxford United,Local,ALL,20/01/2026,28,0,52%,0.80,1,9,2,2,13,385,14,11,1,,1,0,5,3,4,5,,1,,13,2,1,287,24,64,56/105 (53%),30/70 (43%),3/16 (19%),50%,7,27/57 (47%),28/52 (54%),2/11 (18%),71%,14,10,44,33,1,2,0.45,1,1,1,10
14059783,18,77347,NORMAL,REGULAR,Round 28,LEAGUE,95,Oxford United,Local,1ST,20/01/2026,28,0,49%,0.15,0,4,1,0,6,218,8,2,0,,0,0,3,1,1,3,,0,,,0,0,175,11,34,,13/31 (42%),0/1 (0%),51%,4,10/22 (45%),13/23 (57%),1/1 (100%),88%,8,5,23,21,,1,,,,,5
14059783,18,77347,NORMAL,REGULAR,Round 28,LEAGUE,95,Oxford United,Local,2ND,20/01/2026,28,0,56%,0.66,1,5,1,2,7,167,6,9,1,,1,0,2,2,3,2,,1,,,2,1,112,13,30,,17/39 (44%),3/15 (20%),50%,3,17/35 (49%),15/29 (52%),2/10 (20%),50%,6,5,21,12,,1,,,,,5
14059783,18,77347,NORMAL,REGULAR,Round 28,LEAGUE,1,Queens Park Rangers,Visita,ALL,20/01/2026,28,0,48%,0.63,0,14,1,6,11,349,16,13,2,,2,0,7,5,10,4,,0,,24,2,2,257,28,47,45/82 (55%),23/59 (39%),3/18 (17%),50%,8,30/57 (53%),24/52 (46%),2/8 (25%),63%,16,7,42,36,1,1,0.20,1,0,0,10
14059783,18,77347,NORMAL,REGULAR,Round 28,LEAGUE,1,Queens Park Rangers,Visita,1ST,20/01/2026,28,0,51%,0.36,0,7,0,4,2,212,5,6,0,,1,0,3,3,5,2,,0,,,0,1,172,13,19,,18/35 (51%),1/10 (10%),49%,5,12/22 (55%),10/23 (43%),1/4 (25%),60%,5,3,19,5,,0,,,,,8
14059783,18,77347,NORMAL,REGULAR,Round 28,LEAGUE,1,Queens Park Rangers,Visita,2ND,20/01/2026,28,0,44%,0.27,0,7,1,2,9,137,11,7,2,,1,0,4,2,5,2,,0,,,2,1,85,15,28,,5/24 (21%),2/8 (25%),50%,3,18/35 (51%),14/29 (48%),1/4 (25%),64%,11,4,23,31,,1,,,,,2
14059797,18,77347,NORMAL,REGULAR,Round 29,LEAGUE,31,Leicester City,Local,ALL,24/01/2026,29,1,77%,0.73,0,13,0,12,13,581,15,11,0,,4,0,6,3,6,7,0,,,16,3,2,489,30,78,117/162 (72%),18/53 (34%),5/30 (17%),42%,12,31/72 (43%),15/37 (41%),5/18 (28%),60%,15,6,43,29,,0,-0.29,,0,2,6
14059797,18,77347,NORMAL,REGULAR,Round 29,LEAGUE,31,Leicester City,Local,1ST,24/01/2026,29,0,77%,0.19,0,4,0,3,7,293,7,6,0,,1,0,3,0,1,4,0,,,,2,1,246,13,31,,6/24 (25%),2/7 (29%),42%,5,15/33 (45%),6/17 (35%),2/7 (29%),43%,7,4,22,15,,0,,,,,4
14059797,18,77347,NORMAL,REGULAR,Round 29,LEAGUE,31,Leicester City,Local,2ND,24/01/2026,29,1,77%,0.54,0,9,0,9,6,288,8,5,0,,3,0,3,3,6,3,0,,,,1,1,243,17,47,,12/29 (41%),3/23 (13%),42%,7,16/39 (41%),9/20 (45%),3/11 (27%),75%,8,2,21,14,,0,,,,,2
14059797,18,77347,NORMAL,REGULAR,Round 29,LEAGUE,95,Oxford United,Visita,ALL,24/01/2026,29,2,23%,1.90,2,8,3,4,11,174,25,13,3,,2,0,3,3,5,3,2,,,11,2,1,82,18,51,24/69 (35%),14/59 (24%),1/8 (13%),58%,8,41/72 (57%),22/37 (59%),4/11 (36%),56%,25,13,41,41,,3,-0.04,,1,2,8
14059797,18,77347,NORMAL,REGULAR,Round 29,LEAGUE,95,Oxford United,Visita,1ST,24/01/2026,29,1,23%,0.72,1,3,1,2,6,86,10,7,1,,1,0,1,1,1,2,1,,,,0,1,44,12,26,,6/25 (24%),1/4 (25%),58%,4,18/33 (55%),11/17 (65%),2/5 (40%),60%,10,10,20,13,,1,,,,,4
14059797,18,77347,NORMAL,REGULAR,Round 29,LEAGUE,95,Oxford United,Visita,2ND,24/01/2026,29,1,23%,1.18,1,5,2,2,5,88,15,6,2,,1,0,2,2,4,1,1,,,,2,0,38,6,25,,8/34 (24%),0/4 (0%),58%,4,23/39 (59%),11/20 (55%),2/6 (33%),53%,15,3,21,28,,2,,,,,4
14059812,18,77347,NORMAL,REGULAR,Round 30,LEAGUE,95,Oxford United,Local,ALL,31/01/2026,30,0,39%,0.47,1,10,1,4,7,341,16,12,2,,4,0,3,3,5,5,,1,,14,1,3,226,25,74,50/105 (48%),22/73 (30%),4/13 (31%),55%,5,32/58 (55%),17/31 (55%),4/11 (36%),81%,16,9,50,23,,1,-1.54,,1,,7
14059812,18,77347,NORMAL,REGULAR,Round 30,LEAGUE,95,Oxford United,Local,1ST,31/01/2026,30,0,32%,0.19,0,5,0,0,4,142,6,3,2,,2,0,2,1,2,3,,0,,,0,1,90,9,35,,8/34 (24%),1/3 (33%),53%,2,10/21 (48%),10/17 (59%),1/4 (25%),67%,6,6,20,12,,0,,,,,6
14059812,18,77347,NORMAL,REGULAR,Round 30,LEAGUE,95,Oxford United,Local,2ND,31/01/2026,30,0,47%,0.28,1,5,1,4,3,199,10,9,0,,2,0,1,2,3,2,,1,,,1,2,136,16,39,,14/39 (36%),3/10 (30%),57%,3,22/37 (59%),7/14 (50%),3/7 (43%),90%,10,3,30,11,,1,,,,,1
14059812,18,77347,NORMAL,REGULAR,Round 30,LEAGUE,9,Birmingham City,Visita,ALL,31/01/2026,30,2,61%,1.14,2,11,4,4,12,529,12,7,2,,2,1,4,5,8,3,,2,,20,1,4,429,23,63,53/103 (51%),28/73 (38%),2/14 (14%),45%,11,26/58 (45%),14/31 (45%),7/12 (58%),67%,12,10,57,23,,4,0.56,,2,,10
14059812,18,77347,NORMAL,REGULAR,Round 30,LEAGUE,9,Birmingham City,Visita,1ST,31/01/2026,30,1,68%,0.66,1,6,2,2,3,295,5,4,0,,0,0,3,3,4,2,,1,,,1,3,245,13,35,,16/39 (41%),1/10 (10%),47%,4,11/21 (52%),7/17 (41%),2/4 (50%),40%,5,3,25,9,,2,,,,,6
14059812,18,77347,NORMAL,REGULAR,Round 30,LEAGUE,9,Birmingham City,Visita,2ND,31/01/2026,30,1,53%,0.48,1,5,2,2,9,234,7,3,2,,2,1,1,2,4,1,,1,,,0,1,184,10,28,,12/34 (35%),1/4 (25%),43%,7,15/37 (41%),7/14 (50%),5/8 (63%),86%,7,7,32,14,,2,,,,,4
15376246,18,77347,NORMAL,REGULAR,Round 26,LEAGUE,15,Sheffield United,Local,ALL,03/02/2026,26,3,70%,1.18,1,11,1,10,9,552,12,12,3,,3,1,5,3,7,4,1,,2,31,1,4,455,27,79,108/173 (62%),35/64 (55%),3/22 (14%),50%,11,31/63 (49%),23/45 (51%),7/16 (44%),58%,12,9,55,26,,1,-0.17,,2,,7
15376246,18,77347,NORMAL,REGULAR,Round 26,LEAGUE,15,Sheffield United,Local,1ST,03/02/2026,26,1,77%,0.26,1,6,1,5,3,345,2,5,1,,1,1,4,1,3,3,0,,0,,0,3,298,10,45,,19/33 (58%),2/13 (15%),56%,2,10/17 (59%),13/24 (54%),3/5 (60%),50%,2,3,22,11,,1,,,,,4
15376246,18,77347,NORMAL,REGULAR,Round 26,LEAGUE,15,Sheffield United,Local,2ND,03/02/2026,26,2,60%,0.92,1,5,0,5,6,207,10,7,2,,2,0,1,2,4,1,1,,2,,1,1,157,17,34,,16/31 (52%),1/9 (11%),46%,9,21/46 (46%),10/21 (48%),4/11 (36%),60%,10,6,33,15,,0,,,,,3
15376246,18,77347,NORMAL,REGULAR,Round 26,LEAGUE,95,Oxford United,Visita,ALL,03/02/2026,26,1,30%,0.97,1,6,1,2,12,242,20,9,4,,2,0,3,1,2,4,1,,0,7,0,1,146,24,50,36/74 (49%),25/75 (33%),2/9 (22%),50%,8,32/63 (51%),22/45 (49%),4/8 (50%),70%,20,15,52,38,,1,-1.17,,1,,11
15376246,18,77347,NORMAL,REGULAR,Round 26,LEAGUE,95,Oxford United,Visita,1ST,03/02/2026,26,1,23%,0.74,1,4,1,1,5,104,4,3,1,,2,0,1,1,1,3,1,,0,,0,1,60,10,20,,10/30 (33%),1/2 (50%),44%,1,7/17 (41%),11/24 (46%),1/2 (50%),50%,4,8,23,21,,1,,,,,8
15376246,18,77347,NORMAL,REGULAR,Round 26,LEAGUE,95,Oxford United,Visita,2ND,03/02/2026,26,0,40%,0.24,0,2,0,1,7,138,16,6,3,,0,0,2,0,1,1,0,,0,,0,0,86,14,30,,15/45 (33%),1/7 (14%),54%,7,25/46 (54%),11/21 (52%),3/6 (50%),75%,16,7,29,17,,0,,,,,3
14059819,18,77347,NORMAL,REGULAR,Round 31,LEAGUE,11,Coventry City,Local,ALL,07/02/2026,31,0,74%,2.29,3,24,1,10,7,540,8,13,1,0,5,0,13,6,17,7,,3,1,53,9,4,460,22,110,153/210 (73%),20/48 (42%),10/37 (27%),45%,9,27/58 (47%),18/43 (42%),6/18 (33%),63%,8,5,40,20,0,1,0.03,0,0,0,4
14059819,18,77347,NORMAL,REGULAR,Round 31,LEAGUE,11,Coventry City,Local,1ST,07/02/2026,31,0,66%,1.03,1,9,1,5,4,270,5,4,1,0,3,0,5,1,6,3,,1,0,,2,1,227,6,50,,11/27 (41%),3/12 (25%),46%,5,12/27 (44%),12/25 (48%),3/7 (43%),40%,5,3,25,14,,1,,,,,3
14059819,18,77347,NORMAL,REGULAR,Round 31,LEAGUE,11,Coventry City,Local,2ND,07/02/2026,31,0,83%,1.26,2,15,0,5,3,270,3,9,0,0,2,0,8,5,11,4,,2,1,,7,3,233,16,60,,9/21 (43%),7/25 (28%),43%,4,15/31 (48%),6/18 (33%),3/11 (27%),100%,3,2,15,6,,0,,,,,1
14059819,18,77347,NORMAL,REGULAR,Round 31,LEAGUE,95,Oxford United,Visita,ALL,07/02/2026,31,0,26%,0.12,0,4,6,0,13,197,21,7,8,1,1,0,3,1,3,1,,0,0,7,2,3,115,20,54,24/67 (36%),12/57 (21%),3/7 (43%),55%,7,31/58 (53%),25/43 (58%),3/4 (75%),67%,21,7,30,56,3,6,1.20,1,2,2,13
14059819,18,77347,NORMAL,REGULAR,Round 31,LEAGUE,95,Oxford United,Visita,1ST,07/02/2026,31,0,34%,0.11,0,3,3,0,4,139,9,4,2,0,1,0,2,1,3,0,,0,0,,2,2,94,9,32,,7/30 (23%),3/5 (60%),54%,4,15/27 (56%),13/25 (52%),2/3 (67%),56%,9,4,20,14,,3,,,,,6
14059819,18,77347,NORMAL,REGULAR,Round 31,LEAGUE,95,Oxford United,Visita,2ND,07/02/2026,31,0,17%,0.00,0,1,3,0,9,58,12,3,6,1,0,0,1,0,0,1,,0,0,,0,1,21,11,22,,5/27 (19%),0/2 (0%),57%,3,16/31 (52%),12/18 (67%),1/1 (100%),75%,12,3,10,42,,3,,,,,7
14059835,18,77347,NORMAL,REGULAR,Round 32,LEAGUE,95,Oxford United,Local,ALL,10/02/2026,32,0,40%,0.45,1,7,1,2,8,322,19,12,1,,1,0,3,3,3,4,0,,,14,2,3,222,30,54,60/100 (60%),24/67 (36%),1/16 (6%),52%,13,30/64 (47%),29/50 (58%),2/10 (20%),74%,19,12,48,25,2,1,-0.32,1,,,6
14059835,18,77347,NORMAL,REGULAR,Round 32,LEAGUE,95,Oxford United,Local,1ST,10/02/2026,32,0,37%,0.01,0,1,1,1,6,152,9,6,0,,0,0,1,0,0,1,0,,,,1,1,103,15,23,,10/32 (31%),0/5 (0%),51%,8,13/34 (38%),17/25 (68%),0/5 (0%),56%,9,6,21,12,,1,,,,,4
14059835,18,77347,NORMAL,REGULAR,Round 32,LEAGUE,95,Oxford United,Local,2ND,10/02/2026,32,0,43%,0.43,1,6,0,1,2,170,10,6,1,,1,0,2,3,3,3,0,,,,1,2,119,15,31,,14/35 (40%),1/11 (9%),53%,5,17/30 (57%),12/25 (48%),2/5 (40%),90%,10,6,27,13,,0,,,,,2
14059835,18,77347,NORMAL,REGULAR,Round 32,LEAGUE,263,Norwich City,Visita,ALL,10/02/2026,32,3,60%,2.36,3,8,1,4,12,487,21,8,1,,4,0,3,1,6,2,3,,,19,0,4,385,23,53,72/115 (63%),21/69 (30%),4/17 (24%),48%,13,34/64 (53%),21/50 (42%),5/11 (45%),62%,21,12,51,27,0,1,0.01,0,,,6
14059835,18,77347,NORMAL,REGULAR,Round 32,LEAGUE,263,Norwich City,Visita,1ST,10/02/2026,32,2,63%,1.96,2,5,0,2,6,256,13,6,0,,3,0,2,0,3,2,2,,,,0,2,205,12,29,,12/38 (32%),3/8 (38%),49%,6,21/34 (62%),8/25 (32%),2/5 (40%),62%,13,5,24,14,,0,,,,,2
14059835,18,77347,NORMAL,REGULAR,Round 32,LEAGUE,263,Norwich City,Visita,2ND,10/02/2026,32,1,57%,0.40,1,3,1,2,6,231,8,2,1,,1,0,1,1,3,0,1,,,,0,2,180,11,24,,9/31 (29%),1/9 (11%),47%,7,13/30 (43%),13/25 (52%),3/6 (50%),63%,8,7,27,13,,1,,,,,4
15359738,19,82557,NORMAL,REGULAR,Round 4,CUP,95,Oxford United,Local,ALL,15/02/2026,4,0,46%,0.54,1,11,8,5,18,330,17,11,2,,3,0,4,4,7,4,0,1,,20,0,1,249,21,53,51/93 (55%),29/69 (42%),1/18 (6%),43%,6,32/81 (40%),17/33 (52%),4/11 (36%),65%,17,11,43,29,1,8,,5,0,,9
15359738,19,82557,NORMAL,REGULAR,Round 4,CUP,95,Oxford United,Local,1ST,15/02/2026,4,0,44%,0.00,1,5,1,2,10,162,8,6,1,,1,0,2,2,2,3,0,1,,,0,1,125,7,29,,16/35 (46%),1/10 (10%),38%,3,17/43 (40%),3/10 (30%),3/7 (43%),75%,8,8,19,11,,1,,,,,5
15359738,19,82557,NORMAL,REGULAR,Round 4,CUP,95,Oxford United,Local,2ND,15/02/2026,4,0,49%,0.00,0,6,7,3,8,168,9,5,1,,2,0,2,2,5,1,0,0,,,0,1,124,14,24,,13/34 (38%),0/8 (0%),48%,3,15/38 (39%),14/23 (61%),1/4 (25%),56%,9,3,24,18,,7,,,,,4
15359738,19,82557,NORMAL,REGULAR,Round 4,CUP,41,Sunderland,Visita,ALL,15/02/2026,4,1,54%,1.93,2,17,3,5,11,388,13,17,5,,9,0,6,2,9,8,1,1,,26,4,1,320,12,64,83/125 (66%),22/51 (43%),5/12 (42%),57%,7,49/81 (60%),16/33 (48%),18/28 (64%),62%,13,11,52,36,0,3,,0,4,,6
15359738,19,82557,NORMAL,REGULAR,Round 4,CUP,41,Sunderland,Visita,1ST,15/02/2026,4,1,56%,0.00,2,6,1,0,6,211,7,9,2,,2,0,4,0,4,2,1,1,,,2,1,176,7,30,,7/24 (29%),2/4 (50%),62%,4,26/43 (60%),7/10 (70%),9/13 (69%),43%,7,3,28,19,,1,,,,,2
15359738,19,82557,NORMAL,REGULAR,Round 4,CUP,41,Sunderland,Visita,2ND,15/02/2026,4,0,51%,0.00,1,11,2,5,5,177,6,8,3,,7,0,2,2,5,6,0,1,,,2,0,144,5,34,,15/27 (56%),3/8 (38%),52%,3,23/38 (61%),9/23 (39%),9/15 (60%),83%,6,8,24,17,,2,,,,,4
14059842,18,77347,NORMAL,REGULAR,Round 33,LEAGUE,36,Middlesbrough,Local,ALL,21/02/2026,33,0,75%,2.33,2,24,2,9,10,681,13,10,3,,7,0,7,10,14,10,,2,1,54,5,1,611,15,76,298/342 (87%),19/32 (59%),5/28 (18%),45%,5,29/60 (48%),11/29 (38%),6/17 (35%),46%,13,8,51,24,,2,0.06,0,0,1,2
14059842,18,77347,NORMAL,REGULAR,Round 33,LEAGUE,36,Middlesbrough,Local,1ST,21/02/2026,33,0,74%,0.71,0,8,1,3,3,386,8,4,1,,2,0,2,4,3,5,,0,0,,2,0,344,6,40,,7/15 (47%),2/10 (20%),42%,2,13/27 (48%),3/11 (27%),1/9 (11%),75%,8,6,30,6,,1,,,,,2
14059842,18,77347,NORMAL,REGULAR,Round 33,LEAGUE,36,Middlesbrough,Local,2ND,21/02/2026,33,0,75%,1.61,2,16,1,6,7,295,5,6,2,,5,0,5,6,11,5,,2,1,,3,1,267,9,36,,12/17 (71%),3/18 (17%),47%,3,16/33 (48%),8/18 (44%),5/8 (63%),0%,5,2,21,18,,1,,,,,0
14059842,18,77347,NORMAL,REGULAR,Round 33,LEAGUE,95,Oxford United,Visita,ALL,21/02/2026,33,0,25%,0.82,2,13,7,5,10,226,16,10,1,,2,2,4,7,5,8,,2,0,15,1,1,152,14,47,40/68 (59%),28/65 (43%),5/17 (29%),55%,10,31/60 (52%),18/29 (62%),6/9 (67%),56%,16,8,39,42,,7,1.56,1,1,0,14
14059842,18,77347,NORMAL,REGULAR,Round 33,LEAGUE,95,Oxford United,Visita,1ST,21/02/2026,33,0,26%,0.62,1,9,2,1,4,131,10,3,0,,1,2,4,4,4,5,,1,0,,0,0,93,7,23,,17/35 (49%),2/5 (40%),58%,7,14/27 (52%),8/11 (73%),2/3 (67%),50%,10,5,24,14,,2,,,,,8
14059842,18,77347,NORMAL,REGULAR,Round 33,LEAGUE,95,Oxford United,Visita,2ND,21/02/2026,33,0,25%,0.20,1,4,5,4,6,95,6,7,1,,1,0,1,3,1,3,,1,0,,1,1,59,7,24,,11/30 (37%),3/12 (25%),53%,3,17/33 (52%),10/18 (56%),4/6 (67%),67%,6,3,15,28,,5,,,,,6
14059855,18,77347,NORMAL,REGULAR,Round 34,LEAGUE,29,Stoke City,Local,ALL,25/02/2026,34,2,61%,2.10,3,21,1,8,11,462,11,5,2,,9,0,7,5,12,9,2,1,1,20,0,1,392,26,72,106/140 (76%),22/52 (42%),7/25 (28%),50%,10,29/63 (46%),23/40 (57%),13/22 (59%),55%,11,2,42,32,0,1,-0.03,,0,1,8
14059855,18,77347,NORMAL,REGULAR,Round 34,LEAGUE,29,Stoke City,Local,1ST,25/02/2026,34,1,65%,1.31,2,11,1,4,4,270,6,2,1,,5,0,4,2,5,6,1,1,0,,0,0,238,13,35,,12/25 (48%),3/14 (21%),44%,4,16/33 (48%),4/12 (33%),8/14 (57%),67%,6,2,20,11,,1,,,,,3
14059855,18,77347,NORMAL,REGULAR,Round 34,LEAGUE,29,Stoke City,Local,2ND,25/02/2026,34,1,56%,0.79,1,10,0,4,7,192,5,3,1,,4,0,3,3,7,3,1,0,1,,0,1,154,13,37,,10/27 (37%),4/11 (36%),55%,6,13/30 (43%),19/28 (68%),5/8 (63%),40%,5,2,22,21,,0,,,,,5
14059855,18,77347,NORMAL,REGULAR,Round 34,LEAGUE,95,Oxford United,Visita,ALL,25/02/2026,34,1,39%,1.46,2,9,6,7,5,279,19,11,1,,2,1,5,2,8,1,1,1,0,17,3,5,203,13,51,51/87 (59%),15/52 (29%),6/27 (22%),50%,8,34/63 (54%),17/40 (43%),6/9 (67%),68%,19,8,50,28,1,6,-0.02,,1,0,10
14059855,18,77347,NORMAL,REGULAR,Round 34,LEAGUE,95,Oxford United,Visita,1ST,25/02/2026,34,1,35%,0.55,1,5,4,4,2,139,10,4,0,,2,0,2,1,4,1,1,0,0,,1,2,106,6,25,,6/21 (29%),3/12 (25%),56%,5,17/33 (52%),8/12 (67%),4/5 (80%),80%,10,3,22,15,,4,,,,,4
14059855,18,77347,NORMAL,REGULAR,Round 34,LEAGUE,95,Oxford United,Visita,2ND,25/02/2026,34,0,44%,0.91,1,4,2,3,3,140,9,7,1,,0,1,3,1,4,0,0,1,0,,2,3,97,7,26,,9/31 (29%),3/15 (20%),45%,3,17/30 (57%),9/28 (32%),2/4 (50%),56%,9,5,28,13,,2,,,,,6
14059873,18,77347,NORMAL,REGULAR,Round 35,LEAGUE,95,Oxford United,Local,ALL,28/02/2026,35,2,31%,0.78,1,9,2,5,10,247,12,16,0,,3,0,3,3,4,5,1,0,,19,3,0,138,18,59,39/92 (42%),22/79 (28%),3/17 (18%),55%,3,30/56 (54%),32/57 (56%),2/9 (22%),58%,12,17,48,53,0,2,0.21,,1,,10
14059873,18,77347,NORMAL,REGULAR,Round 35,LEAGUE,95,Oxford United,Local,1ST,28/02/2026,35,2,29%,0.68,1,7,0,2,2,116,7,8,0,,2,0,2,3,3,4,1,0,,,2,0,64,9,17,,11/36 (31%),2/9 (22%),60%,1,16/24 (67%),17/31 (55%),1/4 (25%),43%,7,8,23,31,,0,,,,,6
14059873,18,77347,NORMAL,REGULAR,Round 35,LEAGUE,95,Oxford United,Local,2ND,28/02/2026,35,0,32%,0.11,0,2,2,3,8,131,5,8,0,,1,0,1,0,1,1,0,0,,,1,0,74,9,42,,11/43 (26%),1/8 (13%),50%,3,14/32 (44%),15/26 (58%),1/5 (20%),80%,5,9,25,22,,2,,,,,4
14059873,18,77347,NORMAL,REGULAR,Round 35,LEAGUE,8,West Bromwich Albion,Visita,ALL,28/02/2026,35,1,69%,1.25,2,16,1,6,16,551,10,10,2,,3,0,5,8,8,8,0,2,,23,4,1,448,21,99,128/175 (73%),38/79 (48%),3/36 (8%),45%,5,26/56 (46%),25/57 (44%),6/13 (46%),80%,10,8,52,24,1,1,-0.51,,1,,3
14059873,18,77347,NORMAL,REGULAR,Round 35,LEAGUE,8,West Bromwich Albion,Visita,1ST,28/02/2026,35,1,71%,0.20,0,8,0,5,8,284,3,2,1,,1,0,2,5,2,6,0,0,,,0,0,234,9,55,,21/41 (51%),1/17 (6%),40%,4,8/24 (33%),14/31 (45%),3/6 (50%),100%,3,6,25,12,,0,,,,,2
14059873,18,77347,NORMAL,REGULAR,Round 35,LEAGUE,8,West Bromwich Albion,Visita,2ND,28/02/2026,35,0,68%,1.05,2,8,1,1,8,267,7,8,1,,2,0,3,3,6,2,0,2,,,4,1,214,12,44,,17/38 (45%),2/19 (11%),50%,1,18/32 (56%),11/26 (42%),3/7 (43%),71%,7,2,27,12,,1,,,,,1
14059882,18,77347,NORMAL,REGULAR,Round 36,LEAGUE,21,Preston North End,Local,ALL,06/03/2026,36,1,70%,0.93,1,13,4,9,9,486,14,10,1,,4,0,5,4,9,4,1,0,,27,2,3,400,35,70,104/154 (68%),23/50 (46%),6/33 (18%),45%,14,30/70 (43%),20/41 (49%),7/22 (32%),50%,14,4,38,29,,4,-0.89,1,1,0,10
14059882,18,77347,NORMAL,REGULAR,Round 36,LEAGUE,21,Preston North End,Local,1ST,06/03/2026,36,1,72%,0.70,1,8,2,4,5,262,8,4,0,,3,0,1,4,5,3,1,0,,,1,2,223,22,30,,10/27 (37%),4/17 (24%),42%,7,16/35 (46%),6/18 (33%),4/11 (36%),50%,8,1,18,16,,2,,,,,5
14059882,18,77347,NORMAL,REGULAR,Round 36,LEAGUE,21,Preston North End,Local,2ND,06/03/2026,36,0,69%,0.23,0,5,2,5,4,224,6,6,1,,1,0,4,0,4,1,0,0,,,1,1,177,13,40,,13/23 (57%),2/16 (13%),48%,7,14/35 (40%),14/23 (61%),3/11 (27%),50%,6,3,20,13,,2,,,,,5
14059882,18,77347,NORMAL,REGULAR,Round 36,LEAGUE,95,Oxford United,Visita,ALL,06/03/2026,36,3,30%,1.97,4,15,3,5,10,208,29,9,1,,7,0,6,2,9,6,2,2,,20,1,0,135,18,59,45/85 (53%),14/58 (24%),1/11 (9%),55%,4,40/70 (57%),21/41 (51%),3/13 (23%),72%,29,14,43,69,,3,1.03,0,3,2,6
14059882,18,77347,NORMAL,REGULAR,Round 36,LEAGUE,95,Oxford United,Visita,1ST,06/03/2026,36,1,28%,1.05,3,9,2,1,4,108,14,5,1,,3,0,5,1,7,2,1,2,,,0,0,74,6,26,,8/30 (27%),1/3 (33%),58%,3,19/35 (54%),12/18 (67%),1/6 (17%),86%,14,6,21,33,,2,,,,,1
14059882,18,77347,NORMAL,REGULAR,Round 36,LEAGUE,95,Oxford United,Visita,2ND,06/03/2026,36,2,31%,0.92,1,6,1,4,6,100,15,4,0,,4,0,1,1,2,4,1,0,,,1,0,61,12,33,,6/28 (21%),0/8 (0%),52%,1,21/35 (60%),9/23 (39%),2/7 (29%),60%,15,8,22,36,,1,,,,,5
14059900,18,77347,NORMAL,REGULAR,Round 37,LEAGUE,95,Oxford United,Local,ALL,11/03/2026,37,1,31%,1.52,4,14,2,6,3,233,13,13,0,,7,0,5,2,8,6,1,3,,32,1,0,143,32,66,52/98 (53%),20/78 (26%),5/18 (28%),46%,9,33/63 (52%),24/62 (39%),8/17 (47%),62%,13,7,44,38,0,2,0.78,,,0,7
14059900,18,77347,NORMAL,REGULAR,Round 37,LEAGUE,95,Oxford United,Local,1ST,11/03/2026,37,1,34%,0.91,3,9,0,4,2,145,5,5,0,,5,0,2,2,6,3,1,2,,,1,0,94,16,29,,11/40 (28%),3/9 (33%),43%,6,13/31 (42%),10/23 (43%),4/9 (44%),80%,5,5,23,20,,0,,,,,4
14059900,18,77347,NORMAL,REGULAR,Round 37,LEAGUE,95,Oxford United,Local,2ND,11/03/2026,37,0,28%,0.61,1,5,2,2,1,88,8,8,0,,2,0,3,0,2,3,0,1,,,0,0,49,16,37,,9/38 (24%),2/9 (22%),48%,3,20/32 (63%),14/39 (36%),4/8 (50%),50%,8,2,21,18,,2,,,,,3
14059900,18,77347,NORMAL,REGULAR,Round 37,LEAGUE,46,Blackburn Rovers,Visita,ALL,11/03/2026,37,0,69%,0.76,1,10,6,4,13,520,18,3,2,,2,0,3,5,8,2,0,1,,30,0,4,424,24,71,79/129 (61%),22/65 (34%),5/23 (22%),54%,7,30/63 (48%),38/62 (61%),9/15 (60%),78%,18,6,51,60,3,6,-0.01,,,2,11
14059900,18,77347,NORMAL,REGULAR,Round 37,LEAGUE,46,Blackburn Rovers,Visita,1ST,11/03/2026,37,0,66%,0.10,0,2,4,1,5,286,11,2,1,,0,0,2,0,1,1,0,0,,,0,2,237,12,41,,14/40 (35%),0/9 (0%),57%,3,18/31 (58%),13/23 (57%),5/7 (71%),64%,11,4,23,22,,4,,,,,4
14059900,18,77347,NORMAL,REGULAR,Round 37,LEAGUE,46,Blackburn Rovers,Visita,2ND,11/03/2026,37,0,72%,0.66,1,8,2,3,8,234,7,1,1,,2,0,1,5,7,1,0,1,,,0,2,187,12,30,,8/25 (32%),5/14 (36%),52%,4,12/32 (38%),25/39 (64%),4/8 (50%),100%,7,2,28,38,,2,,,,,7
14059908,18,77347,NORMAL,REGULAR,Round 38,LEAGUE,95,Oxford United,Local,ALL,14/03/2026,38,1,38%,1.43,3,8,,3,14,245,23,16,3,,2,0,3,3,4,4,1,2,,13,5,,151,19,55,35/76 (46%),27/81 (33%),1/16 (6%),51%,6,41/74 (55%),25/55 (45%),1/4 (25%),48%,23,10,49,60,0,,-0.09,,1,0,5
14059908,18,77347,NORMAL,REGULAR,Round 38,LEAGUE,95,Oxford United,Local,1ST,14/03/2026,38,0,40%,0.04,0,1,,1,5,143,14,8,1,,0,0,1,0,0,1,0,0,,,2,,91,9,23,,14/43 (33%),0/4 (0%),51%,4,22/39 (56%),13/30 (43%),0/1 (0%),43%,14,5,28,19,,,,,,,3
14059908,18,77347,NORMAL,REGULAR,Round 38,LEAGUE,95,Oxford United,Local,2ND,14/03/2026,38,1,37%,1.39,3,7,,2,9,102,9,8,2,,2,0,2,3,4,3,1,2,,,3,,60,10,32,,13/38 (34%),1/12 (8%),52%,2,19/35 (54%),12/25 (48%),1/3 (33%),56%,9,5,21,41,,,,,,,2
14059908,18,77347,NORMAL,REGULAR,Round 38,LEAGUE,47,Charlton Athletic,Visita,ALL,14/03/2026,38,1,62%,0.93,1,5,,6,17,393,9,13,4,,1,0,1,3,3,2,1,0,,29,3,,280,37,67,61/132 (46%),25/70 (36%),4/24 (17%),49%,17,33/74 (45%),30/55 (55%),11/17 (65%),67%,9,4,41,27,1,,-0.08,,4,1,7
14059908,18,77347,NORMAL,REGULAR,Round 38,LEAGUE,47,Charlton Athletic,Visita,1ST,14/03/2026,38,0,60%,0.00,0,0,,4,8,218,5,5,1,,0,0,0,0,0,0,0,0,,,0,,164,23,29,,10/32 (31%),3/9 (33%),49%,9,17/39 (44%),17/30 (57%),8/13 (62%),80%,5,2,23,8,,,,,,,1
14059908,18,77347,NORMAL,REGULAR,Round 38,LEAGUE,47,Charlton Athletic,Visita,2ND,14/03/2026,38,1,63%,0.93,1,5,,2,9,175,4,8,3,,1,0,1,3,3,2,1,0,,,3,,116,14,38,,15/38 (39%),1/15 (7%),48%,8,16/35 (46%),13/25 (52%),3/4 (75%),50%,4,2,18,19,,,,,,,6
14059922,18,77347,NORMAL,REGULAR,Round 39,LEAGUE,45,Southampton,Local,ALL,21/03/2026,39,2,69%,1.84,3,20,1,6,9,650,6,12,0,,7,1,6,7,13,7,1,2,2,28,3,0,607,13,52,94/121 (78%),19/35 (54%),4/11 (36%),50%,9,22/47 (47%),12/21 (57%),4/9 (44%),67%,6,12,40,28,1,1,0.40,,,,8
14059922,18,77347,NORMAL,REGULAR,Round 39,LEAGUE,45,Southampton,Local,1ST,21/03/2026,39,2,69%,0.79,1,8,1,3,5,326,4,5,0,,2,0,2,4,6,2,1,0,1,,1,0,305,6,24,,9/18 (50%),3/8 (38%),52%,6,9/22 (41%),8/11 (73%),0/1 (0%),75%,4,1,17,15,,1,,,,,4
14059922,18,77347,NORMAL,REGULAR,Round 39,LEAGUE,45,Southampton,Local,2ND,21/03/2026,39,0,70%,1.05,2,12,0,3,4,324,2,7,0,,5,1,4,3,7,5,0,2,1,,2,0,302,7,28,,10/17 (59%),1/3 (33%),49%,3,13/25 (52%),4/10 (40%),4/8 (50%),50%,2,11,23,13,,0,,,,,4
14059922,18,77347,NORMAL,REGULAR,Round 39,LEAGUE,95,Oxford United,Visita,ALL,21/03/2026,39,0,31%,1.10,1,9,5,4,12,271,14,9,3,,1,0,5,3,6,3,0,1,0,16,0,1,210,16,49,54/90 (60%),20/51 (39%),3/23 (13%),50%,4,25/47 (53%),9/21 (43%),2/4 (50%),43%,14,4,41,20,0,5,-0.25,,,,6
14059922,18,77347,NORMAL,REGULAR,Round 39,LEAGUE,95,Oxford United,Visita,1ST,21/03/2026,39,0,31%,0.28,0,4,0,2,5,142,7,5,1,,1,0,3,0,3,1,0,0,0,,0,0,110,7,31,,11/31 (35%),3/10 (30%),48%,2,13/22 (59%),3/11 (27%),1/3 (33%),29%,7,2,15,9,,0,,,,,4
14059922,18,77347,NORMAL,REGULAR,Round 39,LEAGUE,95,Oxford United,Visita,2ND,21/03/2026,39,0,30%,0.81,1,5,5,2,7,129,7,4,2,,0,0,2,3,3,2,0,1,0,,0,1,100,9,18,,9/20 (45%),0/13 (0%),51%,2,12/25 (48%),6/10 (60%),1/1 (100%),57%,7,2,26,11,,5,,,,,2
14059931,18,77347,NORMAL,REGULAR,Round 40,LEAGUE,95,Oxford United,Local,ALL,03/04/2026,40,1,34%,3.30,5,16,1,1,10,267,18,9,0,,4,0,5,7,11,5,1,4,3,26,2,1,166,33,55,36/73 (49%),22/63 (35%),3/14 (21%),53%,6,33/61 (54%),13/26 (50%),5/14 (36%),50%,18,9,46,19,,1,0.21,1,1,1,9
14059931,18,77347,NORMAL,REGULAR,Round 40,LEAGUE,95,Oxford United,Local,1ST,03/04/2026,40,1,36%,1.80,3,6,1,0,5,164,10,2,0,,2,0,2,2,4,2,1,2,2,,1,1,107,13,23,,12/33 (36%),1/5 (20%),53%,1,16/30 (53%),7/13 (54%),3/8 (38%),40%,10,6,26,6,,1,,,,,4
14059931,18,77347,NORMAL,REGULAR,Round 40,LEAGUE,95,Oxford United,Local,2ND,03/04/2026,40,0,32%,1.50,2,10,0,1,5,103,8,7,0,,2,0,3,5,7,3,0,2,1,,1,0,59,20,32,,10/30 (33%),2/9 (22%),52%,5,17/31 (55%),6/13 (46%),2/6 (33%),63%,8,3,20,13,,0,,,,,5
14059931,18,77347,NORMAL,REGULAR,Round 40,LEAGUE,96,Hull City,Visita,ALL,03/04/2026,40,1,66%,0.82,1,9,3,5,10,515,14,10,1,,2,0,4,3,6,3,0,1,0,20,0,1,421,18,59,74/112 (66%),21/53 (40%),1/22 (5%),47%,10,28/61 (46%),13/26 (50%),4/12 (33%),79%,14,12,52,36,,3,0.46,2,1,1,7
14059931,18,77347,NORMAL,REGULAR,Round 40,LEAGUE,96,Hull City,Visita,1ST,03/04/2026,40,1,64%,0.38,1,4,1,1,3,292,6,5,1,,2,0,1,1,2,2,0,1,0,,0,0,242,7,29,,11/26 (42%),0/4 (0%),47%,5,14/30 (47%),6/13 (46%),3/8 (38%),83%,6,7,24,11,,1,,,,,3
14059931,18,77347,NORMAL,REGULAR,Round 40,LEAGUE,96,Hull City,Visita,2ND,03/04/2026,40,0,68%,0.44,0,5,2,4,7,223,8,5,0,,0,0,3,2,4,1,0,0,0,,0,1,179,11,30,,10/27 (37%),1/18 (6%),48%,5,14/31 (45%),7/13 (54%),1/4 (25%),75%,8,5,28,25,,2,,,,,4
14059942,18,77347,NORMAL,REGULAR,Round 41,LEAGUE,2,Portsmouth,Local,ALL,06/04/2026,41,2,44%,0.94,1,9,1,6,6,262,22,18,2,1,3,1,4,2,6,3,1,,,27,1,3,189,17,67,70/115 (61%),18/59 (31%),4/24 (17%),64%,6,48/71 (68%),12/23 (52%),8/18 (44%),36%,22,9,33,37,,1,-0.05,,0,1,8
14059942,18,77347,NORMAL,REGULAR,Round 41,LEAGUE,2,Portsmouth,Local,1ST,06/04/2026,41,1,45%,0.46,0,4,0,3,4,149,9,8,0,1,2,1,1,1,3,1,0,,,,0,1,116,7,36,,12/31 (39%),3/12 (25%),61%,3,21/32 (66%),7/14 (50%),4/9 (44%),44%,9,4,16,20,,0,,,,,5
14059942,18,77347,NORMAL,REGULAR,Round 41,LEAGUE,2,Portsmouth,Local,2ND,06/04/2026,41,1,43%,0.48,1,5,1,3,2,113,13,10,2,0,1,0,3,1,3,2,1,,,,1,2,73,10,31,,6/28 (21%),1/12 (8%),67%,3,27/39 (69%),5/9 (56%),4/9 (44%),31%,13,5,17,17,,1,,,,,3
14059942,18,77347,NORMAL,REGULAR,Round 41,LEAGUE,95,Oxford United,Visita,ALL,06/04/2026,41,2,56%,1.39,2,10,1,5,18,343,15,6,3,0,3,0,1,6,6,4,2,,,24,0,2,279,27,52,64/97 (66%),21/52 (40%),5/20 (25%),36%,10,23/71 (32%),11/23 (48%),2/14 (14%),53%,15,4,32,38,,1,-0.17,,1,0,9
14059942,18,77347,NORMAL,REGULAR,Round 41,LEAGUE,95,Oxford United,Visita,1ST,06/04/2026,41,0,55%,0.10,0,4,1,2,8,184,7,4,0,0,0,0,1,3,2,2,0,,,,0,1,153,17,30,,9/27 (33%),2/12 (17%),39%,5,11/32 (34%),7/14 (50%),0/4 (0%),57%,7,3,15,13,,1,,,,,5
14059942,18,77347,NORMAL,REGULAR,Round 41,LEAGUE,95,Oxford United,Visita,2ND,06/04/2026,41,2,57%,1.29,2,6,0,3,10,159,8,2,3,0,3,0,0,3,4,2,2,,,,0,1,126,10,22,,12/25 (48%),3/8 (38%),33%,5,12/39 (31%),4/9 (44%),2/10 (20%),50%,8,1,17,25,,0,,,,,4
14059957,18,77347,NORMAL,REGULAR,Round 42,LEAGUE,95,Oxford United,Local,ALL,11/04/2026,42,2,33%,1.86,2,15,3,10,8,211,17,11,1,,6,0,6,3,7,8,1,1,,25,4,1,126,20,52,45/84 (54%),20/58 (34%),6/21 (29%),50%,9,30/67 (45%),23/40 (57%),3/12 (25%),65%,17,19,42,38,0,3,0.35,0,1,,13
14059957,18,77347,NORMAL,REGULAR,Round 42,LEAGUE,95,Oxford United,Local,1ST,11/04/2026,42,1,30%,1.21,2,4,1,1,5,113,7,4,0,,1,0,3,0,3,1,1,1,,,2,1,71,13,20,,13/34 (38%),1/5 (20%),43%,4,12/32 (38%),11/22 (50%),1/7 (14%),57%,7,10,17,15,,1,,,,,10
14059957,18,77347,NORMAL,REGULAR,Round 42,LEAGUE,95,Oxford United,Local,2ND,11/04/2026,42,1,37%,0.65,0,11,2,9,3,98,10,7,1,,5,0,3,3,4,7,0,0,,,2,0,55,7,32,,7/24 (29%),5/16 (31%),57%,5,18/35 (51%),12/18 (67%),2/5 (40%),70%,10,9,25,23,,2,,,,,3
14059957,18,77347,NORMAL,REGULAR,Round 42,LEAGUE,24,Watford,Visita,ALL,11/04/2026,42,0,67%,0.81,3,12,4,5,11,448,18,8,2,,3,0,4,5,7,5,0,3,,20,1,2,356,22,53,71/106 (67%),22/59 (37%),3/12 (25%),50%,7,37/67 (55%),17/40 (43%),11/21 (52%),83%,18,6,51,29,1,4,-0.19,1,0,,7
14059957,18,77347,NORMAL,REGULAR,Round 42,LEAGUE,24,Watford,Visita,1ST,11/04/2026,42,0,70%,0.35,1,6,0,3,4,261,10,5,0,,1,0,1,4,4,2,0,1,,,1,0,213,14,36,,10/29 (34%),2/8 (25%),57%,4,20/32 (63%),11/22 (50%),5/8 (63%),90%,10,5,24,9,,0,,,,,1
14059957,18,77347,NORMAL,REGULAR,Round 42,LEAGUE,24,Watford,Visita,2ND,11/04/2026,42,0,63%,0.46,2,6,4,2,7,187,8,3,2,,2,0,3,1,3,3,0,2,,,0,2,143,8,17,,12/30 (40%),1/4 (25%),43%,3,17/35 (49%),6/18 (33%),6/13 (46%),75%,8,1,27,20,,4,,,,,6
14059972,18,77347,NORMAL,REGULAR,Round 43,LEAGUE,27,Derby County,Local,ALL,18/04/2026,43,1,67%,1.03,1,15,2,7,14,507,16,13,4,,2,0,5,8,8,7,,1,0,21,2,0,440,17,63,83/120 (69%),31/61 (51%),3/22 (14%),53%,9,39/76 (51%),16/27 (59%),10/17 (59%),69%,16,5,44,34,1,2,0.00,1,1,0,9
14059972,18,77347,NORMAL,REGULAR,Round 43,LEAGUE,27,Derby County,Local,1ST,18/04/2026,43,1,77%,0.54,0,8,0,2,5,308,8,9,1,,1,0,4,3,5,3,,0,0,,1,0,280,9,36,,13/24 (54%),3/10 (30%),56%,5,19/35 (54%),6/10 (60%),2/6 (33%),75%,8,4,21,8,,0,,,,,4
14059972,18,77347,NORMAL,REGULAR,Round 43,LEAGUE,27,Derby County,Local,2ND,18/04/2026,43,0,56%,0.49,1,7,2,5,9,199,8,4,3,,1,0,1,5,3,4,,1,0,,1,0,160,8,27,,18/37 (49%),0/12 (0%),52%,4,20/41 (49%),10/17 (59%),8/11 (73%),63%,8,1,23,26,,2,,,,,5
14059972,18,77347,NORMAL,REGULAR,Round 43,LEAGUE,95,Oxford United,Visita,ALL,18/04/2026,43,0,33%,0.67,1,11,1,3,13,247,16,14,2,,0,0,5,6,5,6,,1,1,14,0,2,180,15,47,41/76 (54%),21/60 (35%),1/18 (6%),47%,10,37/76 (49%),11/27 (41%),7/13 (54%),69%,16,9,47,23,0,1,-0.42,0,0,1,9
14059972,18,77347,NORMAL,REGULAR,Round 43,LEAGUE,95,Oxford United,Visita,1ST,18/04/2026,43,0,23%,0.21,0,5,0,1,9,94,9,5,1,,0,0,2,3,2,3,,0,0,,0,0,65,7,14,,8/25 (32%),1/4 (25%),44%,5,16/35 (46%),4/10 (40%),2/5 (40%),56%,9,5,23,13,,0,,,,,5
14059972,18,77347,NORMAL,REGULAR,Round 43,LEAGUE,95,Oxford United,Visita,2ND,18/04/2026,43,0,44%,0.47,1,6,1,2,4,153,7,9,2,,0,0,3,3,3,3,,1,1,,0,2,115,8,33,,13/35 (37%),0/14 (0%),48%,5,21/41 (51%),7/17 (41%),5/8 (63%),86%,7,4,24,10,,1,,,,,4
14059974,18,77347,NORMAL,REGULAR,Round 44,LEAGUE,95,Oxford United,Local,ALL,21/04/2026,44,0,45%,0.80,0,19,3,9,11,349,10,16,2,,4,0,7,8,13,6,,0,0,23,3,0,248,16,64,51/96 (53%),34/79 (43%),7/33 (21%),48%,6,31/57 (54%),25/59 (42%),6/9 (67%),70%,10,7,47,19,,3,0.05,1,2,0,7
14059974,18,77347,NORMAL,REGULAR,Round 44,LEAGUE,95,Oxford United,Local,1ST,21/04/2026,44,0,34%,0.15,0,2,1,2,5,158,8,8,0,,1,0,0,1,2,0,,0,0,,1,0,109,9,29,,16/39 (41%),1/7 (14%),43%,4,18/33 (55%),8/27 (30%),3/6 (50%),75%,8,4,23,9,,1,,,,,5
14059974,18,77347,NORMAL,REGULAR,Round 44,LEAGUE,95,Oxford United,Local,2ND,21/04/2026,44,0,59%,0.65,0,17,2,7,6,191,2,8,2,,3,0,7,7,11,6,,0,0,,2,0,139,7,35,,18/40 (45%),6/26 (23%),54%,2,13/24 (54%),17/32 (53%),3/3 (100%),50%,2,3,24,10,,2,,,,,2
14059974,18,77347,NORMAL,REGULAR,Round 44,LEAGUE,64,Wrexham,Visita,ALL,21/04/2026,44,1,55%,1.28,2,11,4,5,16,449,9,11,3,,4,0,4,3,7,4,,2,1,16,3,4,348,19,56,43/85 (51%),26/75 (35%),6/20 (30%),52%,5,26/57 (46%),34/59 (58%),7/12 (58%),78%,9,12,53,47,,4,0.58,0,3,1,9
14059974,18,77347,NORMAL,REGULAR,Round 44,LEAGUE,64,Wrexham,Visita,1ST,21/04/2026,44,1,66%,0.68,1,5,1,2,8,309,7,5,1,,2,0,3,0,3,2,,1,0,,0,1,255,10,29,,11/34 (32%),4/9 (44%),57%,4,15/33 (45%),19/27 (70%),3/7 (43%),71%,7,3,29,19,,1,,,,,2
14059974,18,77347,NORMAL,REGULAR,Round 44,LEAGUE,64,Wrexham,Visita,2ND,21/04/2026,44,0,41%,0.60,1,6,3,3,8,140,2,6,2,,2,0,1,3,4,2,,1,1,,3,3,93,9,27,,15/41 (37%),2/11 (18%),46%,1,11/24 (46%),15/32 (47%),4/5 (80%),100%,2,9,24,28,,3,,,,,7
14059992,18,77347,NORMAL,REGULAR,Round 45,LEAGUE,95,Oxford United,Local,ALL,25/04/2026,45,4,51%,2.28,3,20,2,5,14,389,19,13,1,,10,0,6,4,13,7,1,2,1,33,2,1,306,18,56,66/105 (63%),24/58 (41%),8/25 (32%),56%,3,42/71 (59%),9/20 (45%),10/16 (63%),74%,19,14,58,22,1,2,-0.04,0,0,1,7
14059992,18,77347,NORMAL,REGULAR,Round 45,LEAGUE,95,Oxford United,Local,1ST,25/04/2026,45,2,65%,1.83,3,15,2,4,6,224,5,7,0,,7,0,5,3,9,6,1,2,1,,2,1,187,12,24,,12/24 (50%),6/19 (32%),53%,2,19/35 (54%),6/12 (50%),7/11 (64%),80%,5,1,26,6,,2,,,,,3
14059992,18,77347,NORMAL,REGULAR,Round 45,LEAGUE,95,Oxford United,Local,2ND,25/04/2026,45,2,39%,0.45,0,5,0,1,8,165,14,6,1,,3,0,1,1,4,1,0,0,0,,0,0,119,6,32,,12/34 (35%),2/6 (33%),59%,1,23/36 (64%),3/8 (38%),3/5 (60%),71%,14,13,32,16,,0,,,,,4
14059992,18,77347,NORMAL,REGULAR,Round 45,LEAGUE,12,Sheffield Wednesday,Visita,ALL,25/04/2026,45,1,49%,0.97,0,10,5,3,13,384,9,14,0,,4,1,3,3,7,3,0,0,2,27,4,1,306,23,54,52/95 (55%),19/47 (40%),2/13 (15%),44%,12,29/71 (41%),11/20 (55%),8/15 (53%),44%,9,4,51,28,0,5,-1.63,1,1,0,9
14059992,18,77347,NORMAL,REGULAR,Round 45,LEAGUE,12,Sheffield Wednesday,Visita,1ST,25/04/2026,45,0,35%,0.34,0,3,4,0,7,129,6,6,0,,2,1,1,0,3,0,0,0,1,,0,0,100,9,18,,10/29 (34%),0/1 (0%),47%,3,16/35 (46%),6/12 (50%),5/7 (71%),50%,6,2,22,19,,4,,,,,6
14059992,18,77347,NORMAL,REGULAR,Round 45,LEAGUE,12,Sheffield Wednesday,Visita,2ND,25/04/2026,45,1,61%,0.63,0,7,1,3,6,255,3,8,0,,2,0,2,3,4,3,0,0,1,,4,1,206,14,36,,9/18 (50%),2/12 (17%),41%,9,13/36 (36%),5/8 (63%),3/8 (38%),33%,3,2,29,9,,1,,,,,3
14060004,18,77347,NORMAL,REGULAR,Round 46,LEAGUE,25,Millwall,Local,ALL,02/05/2026,46,2,67%,2.14,1,21,1,14,8,547,12,6,1,,8,1,7,6,15,6,,1,,47,1,2,469,24,81,149/197 (76%),33/58 (57%),13/47 (28%),50%,8,24/52 (46%),21/38 (55%),6/15 (40%),67%,12,7,52,7,,1,0.60,0,1,,3
14060004,18,77347,NORMAL,REGULAR,Round 46,LEAGUE,25,Millwall,Local,1ST,02/05/2026,46,1,66%,1.29,1,12,0,10,5,233,10,1,1,,4,1,3,5,9,3,,1,,,0,1,197,12,35,,12/18 (67%),11/37 (30%),53%,6,13/30 (43%),16/25 (64%),2/7 (29%),70%,10,5,30,3,,0,,,,,2
14060004,18,77347,NORMAL,REGULAR,Round 46,LEAGUE,25,Millwall,Local,2ND,02/05/2026,46,1,67%,0.86,0,9,1,4,3,314,2,5,0,,4,0,4,1,6,3,,0,,,1,1,272,12,46,,21/40 (53%),2/10 (20%),46%,2,11/22 (50%),5/13 (38%),4/8 (50%),50%,2,2,22,4,,1,,,,,1
14060004,18,77347,NORMAL,REGULAR,Round 46,LEAGUE,95,Oxford United,Visita,ALL,02/05/2026,46,0,33%,1.09,2,5,6,1,6,290,17,8,0,,1,0,3,1,4,1,,2,,8,0,0,207,14,37,20/47 (43%),17/57 (30%),2/6 (33%),50%,5,28/52 (54%),17/38 (45%),3/10 (30%),76%,17,10,43,32,,6,0.56,1,1,,16
14060004,18,77347,NORMAL,REGULAR,Round 46,LEAGUE,95,Oxford United,Visita,1ST,02/05/2026,46,0,34%,0.48,1,2,3,0,1,136,11,5,0,,0,0,1,1,1,1,,1,,,0,0,97,4,16,,10/25 (40%),1/4 (25%),47%,4,17/30 (57%),9/25 (36%),1/7 (14%),73%,11,3,27,23,,3,,,,,7
14060004,18,77347,NORMAL,REGULAR,Round 46,LEAGUE,95,Oxford United,Visita,2ND,02/05/2026,46,0,33%,0.60,1,3,3,1,5,154,6,3,0,,1,0,2,0,3,0,,1,,,0,0,110,10,21,,7/32 (22%),1/2 (50%),54%,1,11/22 (50%),8/13 (62%),2/3 (67%),83%,6,7,16,9,,3,,,,,9
16392900,21,96185,NORMAL,PLAYOFF,Round 1,CUP,83,Leyton Orient,Local,ALL,08/08/2026,1,2,51%,0.54,1,12,2,7,17,375,16,8,1,,3,0,5,4,8,4,1,,,20.0,4,2,283,35,84,73/128 (57%),18/70 (26%),8/27 (30%),41%,16,34/81 (42%),15/38 (39%),10/18 (56%),19%,16,6,58,15,,2,,,0.0,,3
16392900,21,96185,NORMAL,PLAYOFF,Round 1,CUP,83,Leyton Orient,Local,1ST,08/08/2026,1,0,52%,0.0,0,6,1,5,8,188,5,6,1,,0,0,2,4,3,3,0,,,,3,2,144,19,39,,9/33 (27%),5/16 (31%),46%,6,19/39 (49%),8/20 (40%),8/11 (73%),20%,5,3,25,8,,1,,,,,2
16392900,21,96185,NORMAL,PLAYOFF,Round 1,CUP,83,Leyton Orient,Local,2ND,08/08/2026,1,2,50%,0.0,1,6,1,2,9,187,11,2,0,,3,0,3,0,5,1,1,,,,1,0,139,16,45,,9/37 (24%),3/11 (27%),37%,10,15/42 (36%),7/18 (39%),2/7 (29%),18%,11,3,33,7,,1,,,,,1
16392900,21,96185,NORMAL,PLAYOFF,Round 1,CUP,95,Oxford United,Visita,ALL,08/08/2026,1,0,49%,0.37,0,6,1,2,8,377,24,17,1,,2,0,3,1,5,1,0,,,14.0,1,1,281,30,42,57/91 (63%),20/60 (33%),2/8 (25%),59%,7,47/81 (58%),23/38 (61%),6/15 (40%),67%,24,9,33,39,,1,,,3.0,,8
16392900,21,96185,NORMAL,PLAYOFF,Round 1,CUP,95,Oxford United,Visita,1ST,08/08/2026,1,0,48%,0.0,0,3,0,1,6,179,9,8,1,,1,0,2,0,2,1,0,,,,1,1,136,13,16,,10/32 (31%),2/5 (40%),54%,2,20/39 (51%),12/20 (60%),3/6 (50%),67%,9,3,12,18,,0,,,,,5
16392900,21,96185,NORMAL,PLAYOFF,Round 1,CUP,95,Oxford United,Visita,2ND,08/08/2026,1,0,50%,0.0,0,3,1,1,2,198,15,9,0,,1,0,1,1,3,0,0,,,,0,0,145,17,26,,10/28 (36%),0/3 (0%),63%,5,27/42 (64%),11/18 (61%),3/9 (33%),67%,15,6,21,21,,1,,,,,3
16395380,24,97077,NORMAL,REGULAR,Round 1,LEAGUE,95,Oxford United,Local,ALL,15/08/2026,1,2,63%,1.83,2,17,4,8,14,395,16,14,2,,4,0,3,10,10,7,2,0,,31,1,2,292,38,58,75/110 (68%),27/64 (42%),4/24 (17%),52%,13,41/83 (49%),26/45 (58%),11/23 (48%),50%,16,7,33,45,,4,-0.46,2,1,1,10
16395380,24,97077,NORMAL,REGULAR,Round 1,LEAGUE,95,Oxford United,Local,1ST,15/08/2026,1,1,59%,0.62,1,3,4,2,6,195,11,5,0,,2,0,0,1,1,2,1,0,,,0,0,137,25,21,,9/32 (28%),0/6 (0%),54%,6,22/43 (51%),10/16 (63%),6/14 (43%),64%,11,4,19,23,,4,,,,,3
16395380,24,97077,NORMAL,REGULAR,Round 1,LEAGUE,95,Oxford United,Local,2ND,15/08/2026,1,1,68%,1.21,1,14,0,6,8,200,5,9,2,,2,0,3,9,9,5,1,0,,,1,2,155,13,37,,18/32 (56%),4/18 (22%),51%,7,19/40 (48%),16/29 (55%),5/9 (56%),20%,5,3,14,22,,0,,,,,7
16395380,24,97077,NORMAL,REGULAR,Round 1,LEAGUE,4,Milton Keynes Dons,Visita,ALL,15/08/2026,1,2,37%,2.20,3,24,2,9,14,217,25,14,3,,6,1,11,7,17,7,1,2,,24,2,3,127,24,75,49/113 (43%),30/74 (41%),9/27 (33%),48%,10,42/83 (51%),19/45 (42%),4/10 (40%),64%,25,16,43,27,,2,0.25,0,2,0,5
16395380,24,97077,NORMAL,REGULAR,Round 1,LEAGUE,4,Milton Keynes Dons,Visita,1ST,15/08/2026,1,2,41%,1.18,1,13,1,5,5,126,14,6,0,,6,0,4,3,8,5,1,0,,,1,2,80,11,42,,19/42 (45%),6/14 (43%),46%,9,21/43 (49%),6/16 (38%),1/3 (33%),50%,14,11,25,8,,1,,,,,2
16395380,24,97077,NORMAL,REGULAR,Round 1,LEAGUE,4,Milton Keynes Dons,Visita,2ND,15/08/2026,1,0,32%,1.02,2,11,1,4,9,91,11,8,3,,0,1,7,4,9,2,0,2,,,1,1,47,13,33,,11/32 (34%),3/13 (23%),49%,1,21/40 (53%),13/29 (45%),3/7 (43%),82%,11,5,18,19,,1,,,,,3
16395389,24,97077,NORMAL,REGULAR,Round 2,LEAGUE,133,Stevenage,Local,ALL,22/08/2026,2,1,46%,1.12,3,14,3,6,21,282,20,22,1,,3,0,9,2,12,2,1,2,0,35,2,2,178,32,97,69/143 (48%),29/75 (39%),9/26 (35%),55%,12,45/84 (54%),31/55 (56%),4/7 (57%),80%,20,11,31,30,,3,-0.76,1,,,8
16395389,24,97077,NORMAL,REGULAR,Round 2,LEAGUE,133,Stevenage,Local,1ST,22/08/2026,2,0,44%,0.37,0,8,2,4,11,144,8,7,0,,1,0,5,2,7,1,0,0,0,,1,1,98,15,47,,11/32 (34%),6/16 (38%),47%,8,19/39 (49%),9/21 (43%),4/5 (80%),100%,8,6,22,15,,2,,,,,2
16395389,24,97077,NORMAL,REGULAR,Round 2,LEAGUE,133,Stevenage,Local,2ND,22/08/2026,2,1,49%,0.75,3,6,1,2,10,138,12,15,1,,2,0,4,0,5,1,1,2,0,,1,1,80,17,50,,18/43 (42%),3/10 (30%),61%,4,26/45 (58%),22/34 (65%),0/2 (0%),67%,12,5,9,15,,1,,,,,6
16395389,24,97077,NORMAL,REGULAR,Round 2,LEAGUE,95,Oxford United,Visita,ALL,22/08/2026,2,2,54%,1.36,1,12,1,6,22,346,15,20,4,,5,0,2,5,6,6,1,0,1,11,5,0,245,24,48,52/86 (60%),26/82 (32%),2/16 (13%),45%,12,39/84 (46%),24/55 (44%),7/15 (47%),80%,15,9,30,43,,1,0.07,0,,,14
16395389,24,97077,NORMAL,REGULAR,Round 2,LEAGUE,95,Oxford United,Visita,1ST,22/08/2026,2,0,56%,0.24,0,5,0,3,7,198,9,11,1,,2,0,0,3,2,3,0,0,1,,2,0,146,12,17,,13/40 (33%),0/7 (0%),53%,4,20/39 (51%),12/21 (57%),2/6 (33%),67%,9,4,15,18,,0,,,,,8
16395389,24,97077,NORMAL,REGULAR,Round 2,LEAGUE,95,Oxford United,Visita,2ND,22/08/2026,2,2,51%,1.12,1,7,1,3,15,148,6,9,3,,3,0,2,2,4,3,1,0,0,,3,0,99,12,31,,13/42 (31%),2/9 (22%),39%,8,19/45 (42%),12/34 (35%),5/9 (56%),100%,6,5,15,25,,1,,,,,6
16395396,24,97077,NORMAL,REGULAR,Round 4,LEAGUE,59,Huddersfield Town,Local,ALL,01/09/2026,4,3,38%,3.65,10,24,1,5,13,317,12,13,2,,11,,6,7,21,3,3,7,2,32,1,1,244,24,49,42/86 (49%),18/50 (36%),7/17 (41%),51%,4,30/63 (48%),15/25 (60%),7/12 (58%),33%,12,10,52,19,0,1,-0.01,0,0,0,3
16395396,24,97077,NORMAL,REGULAR,Round 4,LEAGUE,59,Huddersfield Town,Local,1ST,01/09/2026,4,0,41%,0.70,2,9,0,2,5,184,6,9,0,,4,,0,5,8,1,0,2,0,,0,0,142,15,25,,13/32 (41%),3/10 (30%),58%,1,16/27 (59%),6/11 (55%),2/3 (67%),67%,6,6,29,9,,0,,,,,1
16395396,24,97077,NORMAL,REGULAR,Round 4,LEAGUE,59,Huddersfield Town,Local,2ND,01/09/2026,4,3,34%,2.95,8,15,1,3,8,133,6,4,2,,7,,6,2,13,2,3,5,2,,1,1,102,9,24,,5/18 (28%),4/7 (57%),46%,3,14/36 (39%),9/14 (64%),5/9 (56%),0%,6,4,23,10,,1,,,,,2
16395396,24,97077,NORMAL,REGULAR,Round 4,LEAGUE,95,Oxford United,Visita,ALL,01/09/2026,4,1,62%,1.01,1,5,6,0,13,542,9,13,2,,2,,1,2,3,2,1,0,0,11,4,1,456,18,59,78/109 (72%),18/58 (31%),2/12 (17%),49%,6,33/63 (52%),10/25 (40%),11/17 (65%),67%,9,11,52,30,1,6,0.43,1,4,1,6
16395396,24,97077,NORMAL,REGULAR,Round 4,LEAGUE,95,Oxford United,Visita,1ST,01/09/2026,4,0,59%,0.10,0,1,4,0,9,274,2,5,1,,0,,1,1,1,0,0,0,0,,1,1,232,10,32,,10/32 (31%),1/5 (20%),42%,1,11/27 (41%),5/11 (45%),4/9 (44%),50%,2,7,29,22,,4,,,,,2
16395396,24,97077,NORMAL,REGULAR,Round 4,LEAGUE,95,Oxford United,Visita,2ND,01/09/2026,4,1,66%,0.91,1,4,2,0,4,268,7,8,1,,2,,0,2,2,2,1,0,0,,3,0,224,8,27,,8/26 (31%),1/7 (14%),54%,5,22/36 (61%),5/14 (36%),7/8 (88%),71%,7,4,23,8,,2,,,,,4